---- STARTING OMNI-PROCESSOR ----
-> Connected to Elasticsearch at http://localhost:9200 | Index: perf_20260923-233648_p2_c2_r2
-> Loading DistilBERT Model...
-> BERT Model Loaded successfully.
-> Benchmark log: F:\hate-speech-pipeline\reports\scaling\20260923-233648_p2_c2_r2\bench_WIX_1.csv | node WIX | group grp_20260923-233648_p2_c2_r2
------------------------------------------------------------------------------------------------------------------------
DOMAIN       | SOURCE   | PREDICTION   | CONF.  | LATENCY  | TEXT
------------------------------------------------------------------------------------------------------------------------
[NEWS/LIVE ] | YouTube  | [Normal]     | 95%    |  119.9ms | I mistyped because I have BIG hands lol...
[SELF-HELP/] | YouTube  | [Normal]     | 97%    |   53.4ms | I'm on a plane...
[GAMING/SUR] | YouTube  | [Normal]     | 96%    |   43.1ms | FIRST...
[NEWS/LIVE ] | YouTube  | [Normal]     | 94%    |   80.9ms | so the best thing is the worst? hmm:cat-...
[GAMING/SUR] | YouTube  | [Normal]     | 86%    |   54.8ms | Yo...
[GAMING/SUR] | YouTube  | [Normal]     | 93%    |   45.2ms | LETS GO!!!...
[GAMING/SUR] | YouTube  | [Normal]     | 96%    |   93.1ms | :thumbs_up::thumbs_up::thumbs_up::thumbs...
[GAMING/SUR] | YouTube  | [Normal]     | 90%    |   37.1ms | why are you all so early?...
[GAMING/SUR] | YouTube  | [Normal]     | 97%    |   41.6ms | Peanut Plays RUST. LETS GO!...
[MUSIC/CHIL] | YouTube  | [Normal]     | 97%    |   68.7ms | shivu apun k papa mujko wada ki h shivu ...
[GAMING/SUR] | YouTube  | [Normal]     | 93%    |  165.0ms | :elbowcough::elbowcough::elbowcough::elb...
[GAMING/SUR] | YouTube  | [Normal]     | 94%    |   54.7ms | eeeeeeeeeeeeeeeeeeeeeeeeeeeee...
[GAMING/SUR] | YouTube  | [Normal]     | 61%    |   52.5ms | lets goooooooooo chat!!!...
[SELF-HELP/] | YouTube  | [Normal]     | 94%    |   34.7ms | domestic flight ye...
[GAMING/SUR] | YouTube  | [Normal]     | 96%    |   75.9ms | EEEEEEEEEEE EEEEEEEEEEE EEEEEEEEEEE EEEE...
[GAMING/SUR] | YouTube  | [Normal]     | 96%    |   38.2ms | Happy birthday peanut...
[GAMING/SUR] | YouTube  | [HATE]       | 52%    |  112.6ms | PEANUTS STREAMINGGGGGG:face-fuchsia-tong...
[GAMING/SUR] | YouTube  | [Normal]     | 97%    |   38.2ms | Happy birthday Peanut!!!!...
[GAMING/SUR] | YouTube  | [Normal]     | 94%    |   68.5ms | :ok_hand::ok_hand::ok_hand::thumbs_up::t...
[GAMING/SUR] | YouTube  | [Normal]     | 98%    |   57.2ms | :peanuts::peanuts::peanuts::peanuts::pea...
[GAMING/SUR] | YouTube  | [Normal]     | 96%    |   35.8ms | Great song...
[NEWS/LIVE ] | YouTube  | [Normal]     | 90%    |   33.8ms | more like codes...
[PSYCHOLOGY] | YouTube  | [Normal]     | 88%    |   34.7ms | Woo...
[MUSIC/CHIL] | YouTube  | [Normal]     | 90%    |   51.7ms | Suz tell your halikan to stop overfeedin...
[MUSIC/CHIL] | YouTube  | [Normal]     | 98%    |   71.5ms | muje tu bhi kabhi kabhi lgta pgl ashiqq ...
[GAMING/SUR] | YouTube  | [Normal]     | 97%    |   55.0ms | :crown::crown: LONG LIVE THE KING PEANUT...
[GAMING/SUR] | YouTube  | [Normal]     | 58%    |   50.7ms | did you ask hutch bout his ass tattoo...
[GAMING/SUR] | YouTube  | [Normal]     | 98%    |   89.2ms | :face-blue-wide-eyes::face-blue-wide-eye...
[GAMING/SUR] | YouTube  | [Normal]     | 56%    |   43.4ms | ILl ALLoW IT...
[GAMING/SUR] | YouTube  | [Normal]     | 97%    |   47.5ms | Happy birthday Peanut!!!!...
[GAMING/SUR] | YouTube  | [Normal]     | 96%    |   50.4ms | Diarrhea live on the stream...
[GAMING/SUR] | YouTube  | [Normal]     | 93%    |   47.6ms | Gingy and Rouge did 20 Hours...
[GAMING/SUR] | YouTube  | [Normal]     | 97%    |   51.2ms | 19 hours...
[GAMING/SUR] | YouTube  | [Normal]     | 92%    |   47.3ms | got off an hr before u got on...
[GAMING/SUR] | YouTube  | [Normal]     | 96%    |   64.3ms | hi:_PeanutFire::_PeanutFire:an chat does...
[GAMING/SUR] | YouTube  | [Normal]     | 87%    |   47.6ms | Gingys built different...
[GAMING/SUR] | YouTube  | [OFFENSIVE]  | 82%    |   47.9ms | Hol up...
[GAMING/SUR] | YouTube  | [Normal]     | 94%    |   49.0ms | Rouge put in massive work...
[GAMING/SUR] | YouTube  | [Normal]     | 96%    |   46.7ms | CREAM OF SUM YOUNG GUY...
[NEWS/LIVE ] | YouTube  | [Normal]     | 43%    |   50.4ms | Ok how about the poor dig a hole or make...
[GAMING/SUR] | YouTube  | [OFFENSIVE]  | 79%    |   59.8ms | :_LetsGo::_LetsGo::_LetsGo::_LetsGo::_Le...
[MUSIC/CHIL] | YouTube  | [Normal]     | 98%    |   54.4ms | Manoj haan:smiling_face_with_tear:...
[MUSIC/CHIL] | YouTube  | [Normal]     | 97%    |   96.3ms | Ayeee :smiling_face_with_sunglasses:...
[MUSIC/CHIL] | YouTube  | [OFFENSIVE]  | 93%    |   75.7ms | Aha....Don't defame my name by taking my...
[MUSIC/CHIL] | YouTube  | [Normal]     | 94%    |   40.1ms | hi...
[GAMING/SUR] | YouTube  | [Normal]     | 91%    |   38.3ms | he closed it...
[GAMING/SUR] | YouTube  | [OFFENSIVE]  | 90%    |   45.1ms | fuckin delerious LOL...
[GAMING/SUR] | YouTube  | [Normal]     | 82%    |   49.5ms | Shut the door!!!!...
[GAMING/SUR] | YouTube  | [Normal]     | 91%    |   48.6ms | h2o no way...
[GAMING/SUR] | YouTube  | [Normal]     | 96%    |   44.7ms | WE WANT WELYN...
[GAMING/SUR] | YouTube  | [HATE]       | 64%    |   61.8ms | HES THE GOAT!!!!!!!...
[GAMING/SUR] | YouTube  | [OFFENSIVE]  | 35%    |   52.4ms | my OG GOAT GAMER H20!...
[MUSIC/CHIL] | YouTube  | [Normal]     | 97%    |   52.1ms | :hot_beverage::musical_notes::ok_hand:...
[GAMING/SUR] | YouTube  | [Normal]     | 97%    |   50.3ms | H20 is a YT O.G....
[GAMING/SUR] | YouTube  | [Normal]     | 91%    |   44.4ms | he is a fucking legend...
[GAMING/SUR] | YouTube  | [Normal]     | 96%    |   42.5ms | lol...
[GAMING/SUR] | YouTube  | [Normal]     | 84%    |   48.1ms | close the gate...
[GAMING/SUR] | YouTube  | [Normal]     | 95%    |   39.5ms | hit TAB...
[GAMING/SUR] | YouTube  | [Normal]     | 96%    |   51.7ms | BRUH THAT DOORFRAME BEEN TWIG FOR 24HRS...
[GAMING/SUR] | YouTube  | [Normal]     | 96%    |   46.6ms | HIT TAB AND LOOK TOP RIGHT...
[GAMING/SUR] | YouTube  | [Normal]     | 96%    |   43.7ms | !peanuts...
[GAMING/SUR] | YouTube  | [Normal]     | 96%    |   60.8ms | peanut how late did you stay up last nig...
[MUSIC/CHIL] | YouTube  | [OFFENSIVE]  | 95%    |   60.9ms | Aha...so How much do you charge for suck...
[GAMING/SUR] | YouTube  | [Normal]     | 81%    |   41.2ms | h20 my kinggg...
[MUSIC/CHIL] | YouTube  | [Normal]     | 96%    |   57.5ms | Padathi spelling correct ga chepara firs...
[MUSIC/CHIL] | YouTube  | [Normal]     | 98%    |  112.2ms | Manoj unko sambhalega kon tum:face_with_...
[MUSIC/CHIL] | YouTube  | [Normal]     | 89%    |  154.5ms | Aha  now don't say that you do everythin...
[NEWS/LIVE ] | YouTube  | [Normal]     | 80%    |   72.7ms | Pete doesnt care what God you support in...
[PSYCHOLOGY] | YouTube  | [Normal]     | 81%    |   48.7ms | JUNGIANS...
[MUSIC/CHIL] | YouTube  | [Normal]     | 95%    |   54.3ms | what so :briefs::duck:...
[GAMING/SUR] | YouTube  | [Normal]     | 76%    |   65.8ms | dont do o...
[GAMING/SUR] | YouTube  | [Normal]     | 89%    |   76.9ms | HUTCH HAS AN AIRSTRIKE...
[GAMING/SUR] | YouTube  | [Normal]     | 90%    |   79.0ms | if rust went on sale right now  id buy i...
[MUSIC/CHIL] | YouTube  | [Normal]     | 97%    |  135.9ms | D same dialogue cheppi force chesthe vac...
[NEWS/LIVE ] | YouTube  | [Normal]     | 89%    |  100.5ms | you know it's 2026 this world is like la...
[GAMING/SUR] | YouTube  | [Normal]     | 64%    |   74.1ms | Dubl’n up the zyn is sick...
[GAMING/SUR] | YouTube  | [Normal]     | 96%    |   79.2ms | Tim was doing the wheeel yesterday...
[GAMING/SUR] | YouTube  | [Normal]     | 93%    |   58.5ms | EAST SIDE...
[GAMING/SUR] | YouTube  | [Normal]     | 96%    |   52.1ms | ground floor I think...
[GAMING/SUR] | YouTube  | [Normal]     | 85%    |   49.3ms | KEEP GOING DOWN...
[GAMING/SUR] | YouTube  | [Normal]     | 97%    |   54.9ms | I LOVE RUST...
[GAMING/SUR] | YouTube  | [Normal]     | 69%    |   57.7ms | battleShits...
[GAMING/SUR] | YouTube  | [Normal]     | 95%    |   47.5ms | train car...
[GAMING/SUR] | YouTube  | [Normal]     | 91%    |   61.4ms | South...
[SELF-HELP/] | YouTube  | [Normal]     | 92%    |   59.8ms | oh no the bonk continues...
[NEWS/LIVE ] | YouTube  | [Normal]     | 49%    |   62.1ms | that's a yes to feminist:face-green-smil...
[GAMING/SUR] | YouTube  | [Normal]     | 97%    |   63.3ms | ground level...
[GAMING/SUR] | YouTube  | [Normal]     | 70%    |   56.1ms | It’s at bandit camp...
[MUSIC/CHIL] | YouTube  | [Normal]     | 97%    |   58.5ms | i feel you love to my...
[NEWS/LIVE ] | YouTube  | [Normal]     | 97%    |   54.9ms | :people_hugging: :hugging_face: :open_ha...
[GAMING/SUR] | YouTube  | [Normal]     | 96%    |   38.3ms | OG H2O...
[GAMING/SUR] | YouTube  | [Normal]     | 97%    |   38.3ms | 500 ON RED P~!!...
[GAMING/SUR] | YouTube  | [Normal]     | 93%    |   40.8ms | do 3...
[GAMING/SUR] | YouTube  | [Normal]     | 95%    |   43.6ms | H2O...
[GAMING/SUR] | YouTube  | [Normal]     | 94%    |   42.5ms | 5...
[GAMING/SUR] | YouTube  | [Normal]     | 95%    |   52.6ms | 10 OR 5 !!!...
[GAMING/SUR] | YouTube  | [Normal]     | 94%    |   45.6ms | 3...
[GAMING/ESP] | YouTube  | [Normal]     | 95%    |   47.3ms | :skull:...
[PSYCHOLOGY] | YouTube  | [Normal]     | 75%    |   70.1ms | low-key i think dr. k is helping a whole...
[MUSIC/CHIL] | YouTube  | [Normal]     | 96%    |   44.8ms | Vani kaise :thinking_face:...
[GAMING/SUR] | YouTube  | [Normal]     | 94%    |   44.0ms | 3...
[GAMING/SUR] | YouTube  | [Normal]     | 94%    |   51.3ms | no way h20 is there lmao...
[GAMING/SUR] | YouTube  | [Normal]     | 96%    |   44.9ms | lmqo...
[GAMING/SUR] | YouTube  | [Normal]     | 96%    |   62.9ms | bit.ly/EA_-The-ytlscb-na #ad...
[GAMING/SUR] | YouTube  | [Normal]     | 93%    |   41.8ms | clip it...
[GAMING/SUR] | YouTube  | [Normal]     | 94%    |   50.4ms | usual gambling scene continue!!...
[GAMING/SUR] | YouTube  | [Normal]     | 97%    |   55.3ms | :face-green-smiling::face-green-smiling:...
[GAMING/SUR] | YouTube  | [Normal]     | 96%    |   51.9ms | what's good peanut...
[GAMING/SUR] | YouTube  | [Normal]     | 76%    |   54.7ms | Can’t loot him it’s in a safe zone...
[MUSIC/CHIL] | YouTube  | [Normal]     | 93%    |   47.7ms | shikha basically i don't eat   certainly...
[MUSIC/CHIL] | YouTube  | [Normal]     | 96%    |   52.5ms | Daniki chevudu ela vinipisthadi...
[GAMING/SUR] | YouTube  | [Normal]     | 96%    |   41.0ms | Hello from Bosnia...
[MUSIC/CHIL] | YouTube  | [Normal]     | 97%    |   88.4ms | @Dreamon_888 hi   how are you ? :backhan...
[GAMING/SUR] | YouTube  | [Normal]     | 88%    |   46.6ms | blavkjack super rigged on rust...
[GAMING/SUR] | YouTube  | [Normal]     | 87%    |   63.0ms | that was you  not winning...
[GAMING/SUR] | YouTube  | [Normal]     | 94%    |   51.8ms | it was a 4 bro...
[GAMING/SUR] | YouTube  | [Normal]     | 96%    |   49.9ms | LMFAO...
[GAMING/SUR] | YouTube  | [Normal]     | 84%    |   41.6ms | rigged...
[GAMING/SUR] | YouTube  | [Normal]     | 88%    |   96.6ms | LMAOOOOOOOOOOOOO...
[GAMING/SUR] | YouTube  | [Normal]     | 96%    |   77.1ms | lol...
[GAMING/SUR] | YouTube  | [Normal]     | 84%    |   86.6ms | It’s rigged...
[GAMING/SUR] | YouTube  | [Normal]     | 79%    |   89.2ms | face punch is gooping u...
[MUSIC/CHIL] | YouTube  | [Normal]     | 96%    |   70.4ms | ha to question bhi to hone chahiye na...
[MUSIC/CHIL] | YouTube  | [Normal]     | 70%    |   53.9ms | she is asking do u eat wtf...
[GAMING/SUR] | YouTube  | [Normal]     | 95%    |   43.3ms | hit...
[GAMING/SUR] | YouTube  | [Normal]     | 94%    |   57.7ms | DO HALF SO YTOU CAN DUBL...
[GAMING/ESP] | YouTube  | [Normal]     | 94%    |   36.4ms | :moai:...
[GAMING/SUR] | YouTube  | [Normal]     | 95%    |   30.9ms | wow...
[MUSIC/CHIL] | YouTube  | [Normal]     | 87%    |  134.6ms | catu sis come on now you take care of yo...
[GAMING/SUR] | YouTube  | [Normal]     | 96%    |   43.7ms | Alll in...
[MUSIC/CHIL] | YouTube  | [Normal]     | 90%    |   42.1ms | sorry spoty net......
[GAMING/SUR] | YouTube  | [Normal]     | 96%    |   57.5ms | bit.ly/EA_-The-ytlscb-na #ad...
[GAMING/SUR] | YouTube  | [Normal]     | 71%    |   53.1ms | NOOOOOOOOOOOOOOOOOOOOOOOOOO...
[GAMING/SUR] | YouTube  | [Normal]     | 96%    |   45.0ms | lmao...
[GAMING/SUR] | YouTube  | [Normal]     | 95%    |   72.3ms | LMAO FFFFFFFFFFFFFFFFF...
[GAMING/SUR] | YouTube  | [Normal]     | 95%    |   79.6ms | Fun’s over lol...
[GAMING/SUR] | YouTube  | [Normal]     | 96%    |   40.1ms | Dealer always wins...
[GAMING/SUR] | YouTube  | [Normal]     | 94%    |   43.5ms | ON YOUR OWN SERVER...
[GAMING/SUR] | YouTube  | [Normal]     | 95%    |   58.1ms | back to oil rig!!!!!!!!!!!!...
[GAMING/SUR] | YouTube  | [Normal]     | 95%    |   75.8ms | :rolling_on_the_floor_laughing::rolling_...
[GAMING/SUR] | YouTube  | [Normal]     | 92%    |   47.8ms | Can we get the mortgage to bet on...
[MUSIC/CHIL] | YouTube  | [Normal]     | 96%    |   40.8ms | bnane chali gayi?...
[GAMING/SUR] | YouTube  | [Normal]     | 92%    |   29.0ms | Stay...
[GAMING/SUR] | YouTube  | [HATE]       | 48%    |   41.0ms | dumb AND poor...
[GAMING/SUR] | YouTube  | [Normal]     | 74%    |   36.7ms | you wouldve lost anyways...
[GAMING/SUR] | YouTube  | [Normal]     | 95%    |   43.8ms | i knew this would happen with these 2...
[SELF-HELP/] | YouTube  | [Normal]     | 95%    |   43.5ms | Hi Dr k:winking_face:...
[PSYCHOLOGY] | YouTube  | [Normal]     | 70%    |   92.3ms | i don't get the friendzone  because i ac...
[GAMING/SUR] | YouTube  | [Normal]     | 94%    |   40.4ms | 5...
[MUSIC/CHIL] | YouTube  | [Normal]     | 96%    |   40.7ms | .....
[GAMING/SUR] | YouTube  | [Normal]     | 97%    |   98.0ms | peanut needs some shoes...
[GAMING/SUR] | YouTube  | [Normal]     | 86%    |   96.8ms | going bust in rust...
[MUSIC/CHIL] | YouTube  | [Normal]     | 97%    |  136.2ms | Ida :face_with_tears_of_joy::face_with_t...
[GAMING/SUR] | YouTube  | [Normal]     | 94%    |   70.6ms | 1...
[PSYCHOLOGY] | YouTube  | [Normal]     | 94%    |  106.7ms | hello. Jung will never die...
[PSYCHOLOGY] | YouTube  | [Normal]     | 82%    |  115.0ms | dr k   can you do a stream with only acc...
[GAMING/SUR] | YouTube  | [Normal]     | 94%    |  104.2ms | that's Insane:rolling_on_the_floor_laugh...
[GAMING/SUR] | YouTube  | [Normal]     | 78%    |   73.8ms | And that is why you don't gamble kids. X...
[GAMING/SUR] | YouTube  | [Normal]     | 97%    |  111.7ms | Peanut & Starforge PC's are partnered! C...
[GAMING/SUR] | YouTube  | [Normal]     | 92%    |   57.7ms | gingy stayed up all night grinding for p...
[MUSIC/CHIL] | YouTube  | [OFFENSIVE]  | 80%    |   62.5ms | shish sing wclm bro :smiling_face_with_t...
[PSYCHOLOGY] | YouTube  | [Normal]     | 92%    |   47.9ms | ye...
[PSYCHOLOGY] | YouTube  | [Normal]     | 86%    |   37.9ms | wolfs...
[ENTERTAINM] | YouTube  | [Normal]     | 93%    |   33.7ms | here...
[GAMING/SUR] | YouTube  | [Normal]     | 88%    |   49.5ms | Rust can be a trivia game if you play it...
[ENTERTAINM] | YouTube  | [Normal]     | 95%    |   39.3ms | EYYYYY HELLO...
[GAMING/SUR] | YouTube  | [Normal]     | 92%    |   40.1ms | nah just gamble it all away...
[ENTERTAINM] | YouTube  | [Normal]     | 94%    |   26.6ms | hi...
[ENTERTAINM] | YouTube  | [Normal]     | 93%    |   31.7ms | OMG...
[GAMING/SUR] | YouTube  | [Normal]     | 93%    |   29.0ms | Probably a storage base...
[PSYCHOLOGY] | YouTube  | [Normal]     | 91%    |   33.6ms | but what do you mean by explain?...
[GAMING/SUR] | YouTube  | [Normal]     | 92%    |   29.1ms | ROB THE SCRAP NOW...
[ENTERTAINM] | YouTube  | [Normal]     | 95%    |   27.5ms | HELLOOOOO...
[ENTERTAINM] | YouTube  | [Normal]     | 94%    |   30.7ms | Hola...
[GAMING/GAM] | YouTube  | [Normal]     | 92%    |   59.5ms | this is gonna be so metal my lungs might...
[GAMING/SUR] | YouTube  | [Normal]     | 94%    |   70.8ms | JAMMMM...
[GAMING/SUR] | YouTube  | [OFFENSIVE]  | 52%    |   48.2ms | oh shit...
[ENTERTAINM] | YouTube  | [Normal]     | 95%    |   46.1ms | yooo...
[ENTERTAINM] | YouTube  | [Normal]     | 97%    |   65.6ms | mr beast gift 67 $ i from Russia:money_m...
[ENTERTAINM] | YouTube  | [Normal]     | 52%    |   56.7ms | Let’s goooo jimmy...
[GAMING/SUR] | YouTube  | [Normal]     | 95%    |  153.2ms | :rolling_on_the_floor_laughing::rolling_...
[ENTERTAINM] | YouTube  | [Normal]     | 83%    |   62.2ms | world record jimmmyy...
[GAMING/SUR] | YouTube  | [Normal]     | 92%    |   84.2ms | thaTS MIND FROM DIUNOS...
[ENTERTAINM] | YouTube  | [Normal]     | 95%    |   73.2ms | Congratulations...
[GAMING/GAM] | YouTube  | [Normal]     | 95%    |   88.4ms | HIII...
[GAMING/SUR] | YouTube  | [Normal]     | 63%    |   84.3ms | TAKE IT TO GAMBLEEEE...
[GAMING/SUR] | YouTube  | [OFFENSIVE]  | 93%    |   69.9ms | gimme dat shit lmaooooo...
[GAMING/SUR] | YouTube  | [Normal]     | 94%    |   65.4ms | @mikeeeee26 yea lol...
[ENTERTAINM] | YouTube  | [Normal]     | 94%    |   56.0ms | hi...
[MUSIC/CHIL] | YouTube  | [Normal]     | 95%    |   63.0ms | Good:cigarette::face_exhaling:...
[ENTERTAINM] | YouTube  | [Normal]     | 97%    |  196.8ms | 170k to go...
[GAMING/GAM] | YouTube  | [Normal]     | 93%    |   66.6ms | PEAKKKK...
[GAMING/GAM] | YouTube  | [Normal]     | 94%    |   64.8ms | Sup dude...
[ENTERTAINM] | YouTube  | [Normal]     | 95%    |   79.6ms | Здарова всем...
[GAMING/GAM] | YouTube  | [Normal]     | 96%    |   50.5ms | hi mark...
[ENTERTAINM] | YouTube  | [Normal]     | 93%    |   51.7ms | omg...
[ENTERTAINM] | YouTube  | [Normal]     | 97%    |   70.6ms | hi please give me an gift plz...
[GAMING/GAM] | YouTube  | [Normal]     | 94%    |   42.4ms | hi...
[ENTERTAINM] | YouTube  | [Normal]     | 94%    |   43.8ms | Hi...
[GAMING/GAM] | YouTube  | [Normal]     | 95%    |   56.0ms | MARK...
[GAMING/GAM] | YouTube  | [Normal]     | 96%    |   49.6ms | hi mark...
[MUSIC/CHIL] | YouTube  | [Normal]     | 97%    |   47.1ms | :smiling_face_with_halo:...
[GAMING/GAM] | YouTube  | [Normal]     | 95%    |   34.1ms | HIII...
[ENTERTAINM] | YouTube  | [Normal]     | 96%    |   37.7ms | I need $1 000...
[GAMING/GAM] | YouTube  | [Normal]     | 96%    |   39.2ms | MARK!!!!!...
[GAMING/GAM] | YouTube  | [Normal]     | 94%    |   40.9ms | #1...
[GAMING/GAM] | YouTube  | [Normal]     | 87%    |   40.1ms | WOOOOOOO...
[MUSIC/CHIL] | YouTube  | [Normal]     | 95%    |   47.2ms | Stranger my net is not slow...
[MUSIC/CHIL] | YouTube  | [Normal]     | 95%    |   48.2ms | Chi na brathuku...
[GAMING/GAM] | YouTube  | [Normal]     | 97%    |   45.1ms | Welcome New Member!...
[ENTERTAINM] | YouTube  | [Normal]     | 97%    |   42.9ms | Hello i from indonesia...
[ENTERTAINM] | YouTube  | [Normal]     | 97%    |   68.7ms | :red_heart::red_heart::red_heart::red_he...
[PSYCHOLOGY] | YouTube  | [Normal]     | 97%    |   43.7ms | Dr. K needs a NAS...
[GAMING/GAM] | YouTube  | [Normal]     | 97%    |   47.9ms | OMG MARK LIVE...
[ENTERTAINM] | YouTube  | [Normal]     | 98%    |   61.3ms | hola espero que te encuentres bien...
[GAMING/SUR] | YouTube  | [Normal]     | 64%    |   49.7ms | we need pirate ships...
[GAMING/SUR] | YouTube  | [Normal]     | 94%    |   50.7ms | Hello everybody...
[PSYCHOLOGY] | YouTube  | [Normal]     | 95%    |   54.9ms | a faaah moment from dr K...
[MUSIC/CHIL] | YouTube  | [Normal]     | 97%    |  112.3ms | mohit mujhe nii pata    friends Aapke he...
[ENTERTAINM] | YouTube  | [Normal]     | 96%    |   46.7ms | Jimmy  how does it feel to be rich...
[GAMING/GAM] | YouTube  | [Normal]     | 94%    |   36.8ms | SEEING IT AGAIN SATURDAY...
[ENTERTAINM] | YouTube  | [Normal]     | 81%    |   33.2ms | UwU...
[MUSIC/CHIL] | YouTube  | [Normal]     | 97%    |   43.6ms | :card-red-penalty:...
[GAMING/GAM] | YouTube  | [Normal]     | 97%    |   42.0ms | HIIIII...
[GAMING/GAM] | YouTube  | [Normal]     | 63%    |   47.2ms | GOING AGAIN THIS WEEKEND LES GOOOOO...
[ENTERTAINM] | YouTube  | [Normal]     | 93%    |   44.7ms | 와우...
[GAMING/GAM] | YouTube  | [Normal]     | 94%    |   78.1ms | is that a DJI gimbal in the background o...
[GAMING/GAM] | YouTube  | [Normal]     | 87%    |   54.3ms | WOOOOOOO...
[GAMING/GAM] | YouTube  | [Normal]     | 98%    |   50.7ms | please please please release on streamin...
[ENTERTAINM] | YouTube  | [Normal]     | 86%    |   40.9ms | Yo...
[ENTERTAINM] | YouTube  | [Normal]     | 95%    |   41.9ms | hellooooooo...
[GAMING/GAM] | YouTube  | [Normal]     | 98%    |   57.2ms | the Iron Lung star has a Youtube??:face-...
[GAMING/GAM] | YouTube  | [Normal]     | 95%    |   45.9ms | mark you are my idol...
[PSYCHOLOGY] | YouTube  | [Normal]     | 96%    |   45.9ms | nope only from the atlus game...
[GAMING/GAM] | YouTube  | [Normal]     | 98%    |   73.1ms | LFG MARKKKKK:cat-orange-whistling::cat-o...
[GAMING/SUR] | YouTube  | [Normal]     | 98%    |   66.7ms | mlb team for adam...
[GAMING/GAM] | YouTube  | [Normal]     | 95%    |   51.9ms | YAY...
[GAMING/GAM] | YouTube  | [Normal]     | 92%    |   49.0ms | YOOOOO...
[ENTERTAINM] | YouTube  | [Normal]     | 95%    |   42.3ms | give me 10k$ please...
[ENTERTAINM] | YouTube  | [Normal]     | 96%    |   44.3ms | I'm already subscribed...
[GAMING/GAM] | YouTube  | [Normal]     | 96%    |   49.3ms | hi mark!!!...
[GAMING/SUR] | YouTube  | [Normal]     | 96%    |   67.7ms | wow Rogue must have had an hours sleep l...
[MUSIC/CHIL] | YouTube  | [OFFENSIVE]  | 51%    |   59.5ms | sick:woozy_face:...
[ENTERTAINM] | YouTube  | [Normal]     | 94%    |   47.8ms | hi...
[ENTERTAINM] | YouTube  | [Normal]     | 92%    |   49.1ms | Mrbeast...
[GAMING/SUR] | YouTube  | [Normal]     | 97%    |   68.1ms | rogue slept for 20 minutes ll...
[ENTERTAINM] | YouTube  | [Normal]     | 92%    |   37.5ms | congratulations brooooooooooooooo...
[GAMING/GAM] | YouTube  | [Normal]     | 95%    |   33.4ms | HIIII...
[GAMING/GAM] | YouTube  | [Normal]     | 94%    |   39.6ms | MARKPLIERR IS LIVEVEE...
[MUSIC/CHIL] | YouTube  | [Normal]     | 95%    |   44.4ms | shish Singh me badhiya hu tum batao...
[ENTERTAINM] | YouTube  | [Normal]     | 93%    |   38.3ms | yeeeeyeeeeeee...
[ENTERTAINM] | YouTube  | [Normal]     | 94%    |   39.8ms | hi...
[GAMING/GAM] | YouTube  | [Normal]     | 94%    |   47.8ms | Hey Mark  hope you have a good day. Take...
[GAMING/GAM] | YouTube  | [Normal]     | 98%    |   50.8ms | will there be ever a digital copy? :smil...
[ENTERTAINM] | YouTube  | [Normal]     | 95%    |   44.9ms | give me only one ipad please sir...
[GAMING/GAM] | YouTube  | [Normal]     | 97%    |   40.7ms | Welcome to Member!...
[GAMING/GAM] | YouTube  | [Normal]     | 49%    |   53.0ms | YIPEEEEE...
[GAMING/SUR] | YouTube  | [Normal]     | 96%    |   44.9ms | WTF LMAO...
[GAMING/GAM] | YouTube  | [Normal]     | 96%    |   42.7ms | lmao...
[GAMING/GAM] | YouTube  | [Normal]     | 95%    |   44.5ms | hiii...
[SPORTS/FOO] | YouTube  | [Normal]     | 95%    |   47.1ms | 9 june...
[PSYCHOLOGY] | YouTube  | [Normal]     | 91%    |   54.2ms | sounds like a tongue twister...
[ENTERTAINM] | YouTube  | [Normal]     | 97%    |   41.8ms | Hiiiii...
[GAMING/GAM] | YouTube  | [Normal]     | 96%    |   47.2ms | 3 TIME CHAMPION!!!...
[NEWS/LIVE ] | YouTube  | [Normal]     | 96%    |   48.4ms | ...by the wolves :lion:...
[GAMING/GAM] | YouTube  | [Normal]     | 95%    |   48.5ms | I hope you bring more scp videos back!...
[MUSIC/CHIL] | YouTube  | [Normal]     | 98%    |   43.9ms | ha to batao.. kha...
[GAMING/GAM] | YouTube  | [Normal]     | 96%    |   38.7ms | hi mark...
[PSYCHOLOGY] | YouTube  | [Normal]     | 93%    |   41.0ms | Yes...
[GAMING/GAM] | YouTube  | [OFFENSIVE]  | 65%    |   42.8ms | congratssss...
[PSYCHOLOGY] | YouTube  | [Normal]     | 94%    |   43.3ms | forsen...
[GAMING/GAM] | YouTube  | [Normal]     | 91%    |   45.4ms | im telling everyone to see it...
[GAMING/GAM] | YouTube  | [Normal]     | 96%    |   31.5ms | WE WON...
[GAMING/GAM] | YouTube  | [Normal]     | 97%    |   33.5ms | love the movie  was amazing...
[ENTERTAINM] | YouTube  | [Normal]     | 82%    |   67.0ms | Please give me $200000 my loan will be a...
[ENTERTAINM] | YouTube  | [Normal]     | 98%    |   63.2ms | congratulations jimmy if this video gets...
[ENTERTAINM] | YouTube  | [Normal]     | 96%    |   49.0ms | hi jimmy please shout out kabir...
[GAMING/GAM] | YouTube  | [Normal]     | 98%    |   76.9ms | MARK I SAW IRON LUNG LAST WEEKEND!!!! IT...
[GAMING/SUR] | YouTube  | [Normal]     | 95%    |   60.5ms | :rolling_on_the_floor_laughing::rolling_...
[GAMING/SUR] | YouTube  | [Normal]     | 94%    |   38.8ms | MHM MHM...
[ENTERTAINM] | YouTube  | [Normal]     | 87%    |   35.3ms | no...
[PSYCHOLOGY] | YouTube  | [Normal]     | 96%    |   43.6ms | is INFJ an archetype ?...
[ENTERTAINM] | YouTube  | [Normal]     | 97%    |   43.4ms | play geometry dash please...
[GAMING/SUR] | YouTube  | [Normal]     | 86%    |   51.4ms | CLose the door...
[GAMING/GAM] | YouTube  | [Normal]     | 95%    |   43.6ms | Ranch!!!...
[GAMING/GAM] | YouTube  | [Normal]     | 95%    |   32.0ms | AIRPLANE...
[ENTERTAINM] | YouTube  | [Normal]     | 97%    |   38.3ms | Welcome New Member!...
[ENTERTAINM] | YouTube  | [Normal]     | 90%    |   35.0ms | w mrbeast...
[ENTERTAINM] | YouTube  | [Normal]     | 97%    |   88.8ms | :warning::warning::warning::warning::war...
[GAMING/GAM] | YouTube  | [Normal]     | 93%    |   38.9ms | lighthouse...
[ENTERTAINM] | YouTube  | [Normal]     | 95%    |   45.1ms | hiii beast...
[GAMING/SUR] | YouTube  | [Normal]     | 95%    |   66.3ms | Or find a mod for the server that rigs t...
[ENTERTAINM] | YouTube  | [Normal]     | 96%    |   48.3ms | faaaaaa...
[GAMING/SUR] | YouTube  | [Normal]     | 96%    |   64.3ms | not a fan of this game but the content i...
[GAMING/GAM] | YouTube  | [Normal]     | 93%    |   49.7ms | lighthouse...
[GAMING/GAM] | YouTube  | [Normal]     | 95%    |  122.1ms | airplane...
[GAMING/GAM] | YouTube  | [Normal]     | 95%    |   63.3ms | Airplanneeeee...
[GAMING/GAM] | YouTube  | [Normal]     | 95%    |   42.4ms | Ooh lighthouse sounds neat...
[GAMING/SUR] | YouTube  | [Normal]     | 96%    |   59.7ms | broo check the billboards yooo...
[PSYCHOLOGY] | YouTube  | [Normal]     | 51%    |   53.3ms | manosphere womanosphere...
[GAMING/GAM] | YouTube  | [Normal]     | 94%    |   62.9ms | Imagine 23 000 people trying to talk ove...
[GAMING/GAM] | YouTube  | [Normal]     | 93%    |   46.5ms | lighthouse...
[GAMING/GAM] | YouTube  | [Normal]     | 95%    |   56.7ms | Airplane...
[GAMING/GAM] | YouTube  | [Normal]     | 91%    |   44.9ms | people be voting...
[GAMING/GAM] | YouTube  | [Normal]     | 96%    |   41.4ms | WE LOVE YOU MARK <333...
[GAMING/GAM] | YouTube  | [Normal]     | 96%    |   58.6ms | Saw Iron Lung last night! IT WAS SO GOOD...
[ENTERTAINM] | YouTube  | [Normal]     | 96%    |   87.6ms | :yt::yt::yt::yt::yt::yt::yt::yt::yt:...
[ENTERTAINM] | YouTube  | [Normal]     | 95%    |   37.8ms | Congratulations...
[ENTERTAINM] | YouTube  | [Normal]     | 98%    |   61.4ms | :purple_heart::green_heart::purple_heart...
[GAMING/GAM] | YouTube  | [Normal]     | 93%    |   30.8ms | lighthouse...
[ENTERTAINM] | YouTube  | [Normal]     | 91%    |   34.3ms | mr beast...
[GAMING/SUR] | YouTube  | [Normal]     | 49%    |   36.6ms | You guys are terrible gamblers lol...
[ENTERTAINM] | YouTube  | [Normal]     | 95%    |   38.3ms | hiiiiiiiiiiiiiiiiiiiiiiiiiiiiiii...
[GAMING/GAM] | YouTube  | [Normal]     | 96%    |   34.0ms | doom dark ages?...
[GAMING/GAM] | YouTube  | [Normal]     | 75%    |   50.3ms | MMMMAAAARRKKKKKKKIIIBOOOOO...
[GAMING/GAM] | YouTube  | [Normal]     | 95%    |   37.9ms | Will you make another movie?...
[ENTERTAINM] | YouTube  | [Normal]     | 92%    |   35.1ms | hayyyy...
[GAMING/GAM] | YouTube  | [Normal]     | 93%    |   40.5ms | WHICH MAP DOES HUGE MAN APPEAR IN?...
[GAMING/GAM] | YouTube  | [Normal]     | 92%    |   34.6ms | haiiii...
[GAMING/GAM] | YouTube  | [Normal]     | 91%    |   43.5ms | when are you gonna be the king fnaf in U...
[MUSIC/CHIL] | YouTube  | [Normal]     | 96%    |   91.4ms | @szarek-c2u m doing good :backhand_index...
[ENTERTAINM] | YouTube  | [Normal]     | 98%    |   63.7ms | Elon about to hit $1 Trillion and Jimmy ...
[ENTERTAINM] | YouTube  | [Normal]     | 62%    |   34.8ms | The fact that he is almost at 500 mil...
[GAMING/GAM] | YouTube  | [Normal]     | 77%    |   39.8ms | SCOTLAAAAANDD FOREVEEEEEEEER...
[GAMING/GAM] | YouTube  | [Normal]     | 97%    |   43.7ms | I saw it yesterday  and it was awesome! ...
[ENTERTAINM] | YouTube  | [Normal]     | 94%    |   29.0ms | 1...
[ENTERTAINM] | YouTube  | [Normal]     | 94%    |   30.9ms | 1...
[SELF-HELP/] | YouTube  | [Normal]     | 69%    |   52.8ms | @VenaraEchoes im sure there are way our ...
[ENTERTAINM] | YouTube  | [Normal]     | 94%    |   30.7ms | 2...
[GAMING/GAM] | YouTube  | [Normal]     | 90%    |   99.8ms | i never thought that Iron Long would com...
[ENTERTAINM] | YouTube  | [Normal]     | 94%    |   32.6ms | 1...
[GAMING/SUR] | YouTube  | [Normal]     | 87%    |   32.8ms | NO...
[GAMING/GAM] | YouTube  | [Normal]     | 94%    |   30.5ms | japan?...
[ENTERTAINM] | YouTube  | [Normal]     | 94%    |   28.2ms | 1...
[GAMING/SUR] | YouTube  | [Normal]     | 84%    |   31.9ms | No stand...
[GAMING/GAM] | YouTube  | [Normal]     | 90%    |   38.3ms | MARK PLEASE PLAY AMNESIA REBIRTH YOU NEV...
[ENTERTAINM] | YouTube  | [Normal]     | 94%    |   30.5ms | 1...
[GAMING/SUR] | YouTube  | [Normal]     | 91%    |   36.1ms | split...
[GAMING/GAM] | YouTube  | [Normal]     | 93%    |   50.4ms | Will Iron Lungs only be on theater or wi...
[GAMING/GAM] | YouTube  | [Normal]     | 95%    |   47.2ms | Iron Lung is coming soon not that far aw...
[GAMING/GAM] | YouTube  | [Normal]     | 92%    |   39.7ms | AIIIIRRRRRPLAAAANNNEE...
[GAMING/GAM] | YouTube  | [Normal]     | 96%    |   42.9ms | Really excited for home media release  I...
[GAMING/GAM] | YouTube  | [Normal]     | 96%    |   36.4ms | i’m on observation duty movie next...
[GAMING/GAM] | YouTube  | [Normal]     | 95%    |   32.7ms | bcb...
[ENTERTAINM] | YouTube  | [Normal]     | 94%    |   34.3ms | 1...
[GAMING/GAM] | YouTube  | [Normal]     | 95%    |   33.9ms | Hello market pliers...
[GAMING/SUR] | YouTube  | [Normal]     | 93%    |   34.2ms | time to leave...
[GAMING/GAM] | YouTube  | [Normal]     | 97%    |   34.7ms | Welcome to Member!...
[ENTERTAINM] | YouTube  | [Normal]     | 91%    |   48.3ms | pakistan...
[GAMING/GAM] | YouTube  | [Normal]     | 89%    |   51.4ms | are you going to make a second movie...
[GAMING/GAM] | YouTube  | [Normal]     | 95%    |   62.0ms | you've come a long way mark:red_heart:...
[ENTERTAINM] | YouTube  | [Normal]     | 97%    |   47.5ms | :red_heart::red_heart::red_heart:...
[GAMING/GAM] | YouTube  | [Normal]     | 97%    |   36.8ms | Loved your Movie :red_heart:...
[ENTERTAINM] | YouTube  | [Normal]     | 94%    |   37.8ms | red with machine...
[ENTERTAINM] | YouTube  | [Normal]     | 92%    |   44.6ms | bro you think you can stream now to yo h...
[ENTERTAINM] | YouTube  | [Normal]     | 94%    |   32.2ms | hi...
[GAMING/SUR] | YouTube  | [Normal]     | 93%    |   32.8ms | push...
[NEWS/LIVE ] | YouTube  | [Normal]     | 48%    |   49.9ms | Weegee getting that italian sausage now...
[GAMING/GAM] | YouTube  | [Normal]     | 96%    |   52.4ms | I saw it in atmos  it was dope...
[MUSIC/CHIL] | YouTube  | [Normal]     | 97%    |   36.8ms | mohit tumhari gf h ??...
[GAMING/SUR] | YouTube  | [Normal]     | 94%    |   30.7ms | Double...
[ENTERTAINM] | YouTube  | [Normal]     | 96%    |   38.8ms | when does the stream end?...
[ENTERTAINM] | YouTube  | [Normal]     | 93%    |   37.3ms | :ok_hand:...
[GAMING/SUR] | YouTube  | [Normal]     | 95%    |   29.2ms | hit...
[ENTERTAINM] | YouTube  | [Normal]     | 93%    |   27.0ms | india...
[GAMING/SUR] | YouTube  | [Normal]     | 87%    |   29.6ms | you have to hit there...
[ENTERTAINM] | YouTube  | [Normal]     | 97%    |   40.0ms | :red_heart::red_heart::red_heart:...
[GAMING/SUR] | YouTube  | [Normal]     | 95%    |   29.2ms | 250...
[ENTERTAINM] | YouTube  | [Normal]     | 97%    |   40.1ms | Mauja mila...
[ENTERTAINM] | YouTube  | [Normal]     | 96%    |   31.6ms | هاي...
[GAMING/GAM] | YouTube  | [OFFENSIVE]  | 61%    |   33.7ms | THE HECK? A SHAM...
[GAMING/GAM] | YouTube  | [Normal]     | 97%    |   67.2ms | I must admit first time I saw it  audio ...
[ENTERTAINM] | YouTube  | [Normal]     | 94%    |   37.3ms | PLS GIVE ME SHOUTOUT JIMMY...
[GAMING/GAM] | YouTube  | [Normal]     | 96%    |   37.7ms | Hiii markkkk...
[GAMING/GAM] | YouTube  | [Normal]     | 94%    |   54.3ms | I LOVE IRON LUNG  MY FAVORITE MOVIEEE...
[GAMING/GAM] | YouTube  | [Normal]     | 97%    |   45.5ms | Its not over untill AIRPLANE WINS...
[GAMING/GAM] | YouTube  | [Normal]     | 97%    |   38.9ms | I loved the movie  thank you!...
[GAMING/SUR] | YouTube  | [Normal]     | 54%    |   35.2ms | loser bung...
[GAMING/GAM] | YouTube  | [Normal]     | 97%    |   31.0ms | 6-7...
[GAMING/SUR] | YouTube  | [Normal]     | 96%    |   28.2ms | Lol...
[ENTERTAINM] | YouTube  | [Normal]     | 81%    |   33.1ms | Taiwan...
[ENTERTAINM] | YouTube  | [Normal]     | 93%    |   34.0ms | india...
[GAMING/SUR] | YouTube  | [Normal]     | 96%    |   31.0ms | Maxxxx...
[GAMING/SUR] | YouTube  | [Normal]     | 90%    |   42.3ms | THIS IS SO RIGGED OH MY GOD...
[GAMING/GAM] | YouTube  | [Normal]     | 97%    |  123.5ms | can't lie  im glad to see mark back. I m...
[GAMING/SUR] | YouTube  | [Normal]     | 96%    |   32.7ms | Bombaclaaaaaaaaat...
[GAMING/SUR] | YouTube  | [Normal]     | 96%    |   32.9ms | MAXXX BEEEEET...
[GAMING/GAM] | YouTube  | [Normal]     | 92%    |   59.6ms | oh yeah penguinzoo said he couldn't unde...
[GAMING/GAM] | YouTube  | [Normal]     | 95%    |   37.7ms | lighthouse plss...
[ENTERTAINM] | YouTube  | [Normal]     | 94%    |   39.6ms | 𝘼𝙣𝙮𝙤𝙣𝙚 𝙛𝙧𝙤𝙢 𝙄𝙣𝙙𝙞𝙖???...
[ENTERTAINM] | YouTube  | [Normal]     | 98%    |   60.9ms | :face-blue-smiling::face-blue-smiling::f...
[GAMING/SUR] | YouTube  | [Normal]     | 94%    |   35.0ms | papa hutch...
[ENTERTAINM] | YouTube  | [Normal]     | 97%    |   33.4ms | Jimmy give me 1000$...
[ENTERTAINM] | YouTube  | [Normal]     | 95%    |   32.7ms | please help me...
[ENTERTAINM] | YouTube  | [Normal]     | 97%    |   41.8ms | hi Mr beast :smiling_face_with_halo:...
[GAMING/GAM] | YouTube  | [Normal]     | 94%    |   49.3ms | I struggled to hear a bit at odeon in th...
[GAMING/GAM] | YouTube  | [Normal]     | 97%    |   43.6ms | wow movie star and celebrity director Ma...
[GAMING/SUR] | YouTube  | [Normal]     | 94%    |   29.8ms | go Aul In...
[ENTERTAINM] | YouTube  | [Normal]     | 95%    |   31.2ms | Pls Shout Out...
[GAMING/SUR] | YouTube  | [Normal]     | 73%    |   36.2ms | GOOOOOOOOOD MORNING BUNGULATORS...
[GAMING/GAM] | YouTube  | [Normal]     | 98%    |   35.1ms | :face-turquoise-drinking-coffee:...
[GAMING/GAM] | YouTube  | [Normal]     | 72%    |   34.5ms | a conspiracy...
[GAMING/GAM] | YouTube  | [Normal]     | 95%    |   47.4ms | CLOAK IRON LUNG MERCH!!!???...
[GAMING/GAM] | YouTube  | [Normal]     | 95%    |   35.8ms | @Markiplier...
[GAMING/GAM] | YouTube  | [Normal]     | 93%    |   40.9ms | wait i just realized this is a live...
[GAMING/SUR] | YouTube  | [OFFENSIVE]  | 55%    |   35.0ms | ur screwed...
[GAMING/SUR] | YouTube  | [Normal]     | 54%    |   30.2ms | try bandit...
[ENTERTAINM] | YouTube  | [Normal]     | 96%    |   43.0ms | MrBeast how were you initially inspired ...
[MUSIC/CHIL] | YouTube  | [OFFENSIVE]  | 82%    |   63.1ms | tc too dearshish:waving_hand::waving_han...
[ENTERTAINM] | YouTube  | [Normal]     | 97%    |  173.7ms | bhai 500 milian subscriber hone wale Hai...
[GAMING/GAM] | YouTube  | [Normal]     | 93%    |   54.0ms | I could hear it but my mom couldn't.. bu...
[GAMING/GAM] | YouTube  | [Normal]     | 97%    |   32.6ms | Any plans on bringing the movie to Europ...
[ENTERTAINM] | YouTube  | [Normal]     | 98%    |   26.5ms | 100th video special...
[SELF-HELP/] | YouTube  | [Normal]     | 59%    |   36.2ms | Yah my biggest fear in life is proving t...
[GAMING/GAM] | YouTube  | [Normal]     | 97%    |   32.0ms | The sound was great at my theatre....
[ENTERTAINM] | YouTube  | [Normal]     | 94%    |   26.0ms | My om...
[SELF-HELP/] | YouTube  | [Normal]     | 70%    |   50.3ms | this is the Itachi way of life: "Do you ...
[GAMING/GAM] | YouTube  | [Normal]     | 94%    |   51.4ms | if the movie is environmentally telling ...
[ENTERTAINM] | YouTube  | [Normal]     | 97%    |   57.0ms | main aapka video roj dekhta hun like bhi...
[ENTERTAINM] | YouTube  | [Normal]     | 97%    |   42.6ms | Bangladesh :red_heart:...
[ENTERTAINM] | YouTube  | [Normal]     | 93%    |  110.4ms | :yt::yt::yt::yt::yt::stayhome::yt::yt::y...
[ENTERTAINM] | YouTube  | [Normal]     | 95%    |   34.6ms | 111...
[GAMING/GAM] | YouTube  | [Normal]     | 84%    |   60.7ms | my brother in law saw you in guam   he w...
[GAMING/SUR] | YouTube  | [Normal]     | 88%    |   53.8ms | LMFAOOOOOOOOOOOOO...
[GAMING/SUR] | YouTube  | [Normal]     | 94%    |   38.5ms | lmaoooo...
[GAMING/SUR] | YouTube  | [Normal]     | 96%    |   38.5ms | Peanut can never go to vegas lol...
[ENTERTAINM] | YouTube  | [Normal]     | 91%    |   42.1ms | W MRBEADY...
[GAMING/SUR] | YouTube  | [Normal]     | 95%    |   42.7ms | 100...
[GAMING/GAM] | YouTube  | [Normal]     | 94%    |   80.1ms | yeah we could not understand some parts ...
[ENTERTAINM] | YouTube  | [Normal]     | 97%    |   53.4ms | :pink_heart:...
[GAMING/SUR] | YouTube  | [Normal]     | 87%    |   44.7ms | do you know how BlackJack works Peanut?...
[GAMING/GAM] | YouTube  | [Normal]     | 90%    |   47.0ms | Yo the movie is not at my movie theater...
[GAMING/SUR] | YouTube  | [Normal]     | 96%    |   45.7ms | lmao...
[ENTERTAINM] | YouTube  | [Normal]     | 97%    |   54.6ms | Hi:red_heart:...
[GAMING/GAM] | YouTube  | [Normal]     | 88%    |   66.4ms | im just gonna buy the fricken movie mark...
[GAMING/SUR] | YouTube  | [Normal]     | 96%    |   39.8ms | Who stands at 14...
[GAMING/SUR] | YouTube  | [Normal]     | 93%    |   30.8ms | GG...
[GAMING/SUR] | YouTube  | [Normal]     | 94%    |   30.3ms | OOF...
[ENTERTAINM] | YouTube  | [Normal]     | 91%    |   30.0ms | pakistan...
[ENTERTAINM] | YouTube  | [Normal]     | 98%    |   69.4ms | Dominos :check_mark_button:...
[ENTERTAINM] | YouTube  | [Normal]     | 96%    |   35.0ms | wow  cool...
[GAMING/SUR] | YouTube  | [Normal]     | 93%    |   41.9ms | ruunn...
[GAMING/SUR] | YouTube  | [Normal]     | 97%    |   30.8ms | big goose eggs...
[GAMING/GAM] | YouTube  | [Normal]     | 95%    |   44.4ms | okay that makes sense why some of the vo...
[GAMING/SUR] | YouTube  | [Normal]     | 97%    |   38.0ms | theres 1000 scrap at the base...
[GAMING/GAM] | YouTube  | [Normal]     | 96%    |   43.0ms | I went to a AMC theater once and I liked...
[ENTERTAINM] | YouTube  | [Normal]     | 94%    |   33.9ms | Hi...
[MUSIC/CHIL] | YouTube  | [Normal]     | 95%    |   37.4ms | take me back to the La...
[GAMING/GAM] | YouTube  | [Normal]     | 96%    |   57.9ms | :dothefive:TITLE MISSPELT:dothefive:TITL...
[ENTERTAINM] | YouTube  | [Normal]     | 97%    |   46.5ms | 100k concurrent viewers whilst going for...
[GAMING/GAM] | YouTube  | [Normal]     | 97%    |   62.2ms | its my birthday today 25 :partying_face:...
[MUSIC/CHIL] | YouTube  | [Normal]     | 95%    |   28.9ms | am dude...
[ENTERTAINM] | YouTube  | [Normal]     | 94%    |   25.4ms | hi...
[ENTERTAINM] | YouTube  | [Normal]     | 95%    |   28.6ms | let's go...
[ENTERTAINM] | YouTube  | [Normal]     | 96%    |   51.0ms | ONE OUT OF 17.2 PEOPLE ALIVE ON EARTH RI...
[ENTERTAINM] | YouTube  | [Normal]     | 97%    |   75.9ms | :smiling_face_with_smiling_eyes::smiling...
[GAMING/GAM] | YouTube  | [Normal]     | 94%    |   38.3ms | hai warkiplier...
[GAMING/GAM] | YouTube  | [Normal]     | 95%    |   28.8ms | airplane...
[ENTERTAINM] | YouTube  | [Normal]     | 98%    |   41.9ms | big fan sri lanka fan:star_struck::fire:...
[ENTERTAINM] | YouTube  | [Normal]     | 97%    |   44.0ms | hello sir I am your big fan...I am from ...
[GAMING/GAM] | YouTube  | [Normal]     | 93%    |   34.0ms | Fiddling eh?...
[ENTERTAINM] | YouTube  | [Normal]     | 95%    |   27.3ms | what?...
[GAMING/GAM] | YouTube  | [Normal]     | 98%    |   26.9ms | :airplane:...
[ENTERTAINM] | YouTube  | [Normal]     | 94%    |   26.5ms | hi...
[GAMING/GAM] | YouTube  | [Normal]     | 96%    |   38.9ms | Pfffft  amateur hour...
[GAMING/GAM] | YouTube  | [Normal]     | 96%    |   67.7ms | My home setup is a lot better than the t...
[GAMING/GAM] | YouTube  | [Normal]     | 95%    |   39.1ms | AIRPLANE...
[GAMING/GAM] | YouTube  | [Normal]     | 97%    |   42.0ms | woah markimoo stream this early...
[GAMING/GAM] | YouTube  | [Normal]     | 96%    |   33.7ms | WE WIN...
[GAMING/GAM] | YouTube  | [Normal]     | 94%    |   38.0ms | You have a title typo  Observation is mi...
[ENTERTAINM] | YouTube  | [Normal]     | 97%    |   28.5ms | Hi Mr. Beast...
[GAMING/GAM] | YouTube  | [OFFENSIVE]  | 90%    |   33.3ms | hell yeeeeee...
[GAMING/GAM] | YouTube  | [Normal]     | 67%    |   34.7ms | NUMBER ONEEE! :party_popper:...
[GAMING/GAM] | YouTube  | [Normal]     | 95%    |   44.5ms | Just caught your movie last night  Mark ...
[GAMING/GAM] | YouTube  | [Normal]     | 96%    |   27.0ms | WE WIN...
[GAMING/GAM] | YouTube  | [Normal]     | 95%    |   30.1ms | Airplane...
[NEWS/LIVE ] | YouTube  | [Normal]     | 98%    |   34.4ms | Birds are singing o...
[PSYCHOLOGY] | YouTube  | [Normal]     | 94%    |   47.2ms | jung believes men had an anima and women...
[MUSIC/CHIL] | YouTube  | [Normal]     | 94%    |   29.6ms | ko*...
[ENTERTAINM] | YouTube  | [Normal]     | 95%    |   44.8ms | dayum you've grown so much...
[ENTERTAINM] | YouTube  | [Normal]     | 94%    |   32.9ms | Carl...
[MUSIC/CHIL] | YouTube  | [Normal]     | 98%    |   62.5ms | Jaitsii saccha pyar long time me hota h ...
[ENTERTAINM] | YouTube  | [Normal]     | 97%    |   62.8ms | :person-turqouise-waving::person-turqoui...
[GAMING/SUR] | YouTube  | [Normal]     | 85%    |   40.6ms | THAT GUY IS ZESTYYYYYY...
[GAMING/SUR] | YouTube  | [Normal]     | 96%    |   35.8ms | REAL H20...
[GAMING/GAM] | YouTube  | [Normal]     | 70%    |   46.9ms | YIPPIEEEEEE...
[GAMING/GAM] | YouTube  | [Normal]     | 96%    |   31.6ms | Hi mark...
[GAMING/SUR] | YouTube  | [Normal]     | 95%    |   32.2ms | H20000...
[GAMING/GAM] | YouTube  | [Normal]     | 96%    |   31.1ms | finally i can see chat...
[GAMING/GAM] | YouTube  | [Normal]     | 59%    |   32.4ms | At least they put you in Guam...
[ENTERTAINM] | YouTube  | [Normal]     | 98%    |   63.6ms | :medal-yellow-first-red::medal-yellow-fi...
[ENTERTAINM] | YouTube  | [Normal]     | 94%    |   28.6ms | ya des français ?...
[ENTERTAINM] | YouTube  | [Normal]     | 94%    |   29.2ms | Hi Mr Beast...
[GAMING/GAM] | YouTube  | [Normal]     | 97%    |   29.8ms | MARKY...
[ENTERTAINM] | YouTube  | [Normal]     | 97%    |   69.0ms | AKO RA ISA BISAYA??????????? AHAHAHAHHAH...
[ENTERTAINM] | YouTube  | [Normal]     | 94%    |   25.4ms | hi...
[ENTERTAINM] | YouTube  | [Normal]     | 92%    |  107.2ms | :stayhome::stayhome::stayhome::stayhome:...
[ENTERTAINM] | YouTube  | [Normal]     | 96%    |   61.7ms | Can you give me your @BeastReacts channe...
[ENTERTAINM] | YouTube  | [Normal]     | 93%    |   52.1ms | :buffering::buffering::buffering::buffer...
[ENTERTAINM] | YouTube  | [Normal]     | 97%    |   35.8ms | I love you mr best...
[ENTERTAINM] | YouTube  | [Normal]     | 97%    |   43.0ms | Super epic :smiling_face_with_heart_eyes...
[ENTERTAINM] | YouTube  | [Normal]     | 94%    |   34.9ms | Jimmy...
[ENTERTAINM] | YouTube  | [Normal]     | 95%    |   29.8ms | iH...
[ENTERTAINM] | YouTube  | [Normal]     | 96%    |   33.6ms | :red_heart:...
[GAMING/SUR] | YouTube  | [Normal]     | 96%    |   39.0ms | Omg :face_screaming_in_fear:...
[GAMING/SUR] | YouTube  | [Normal]     | 98%    |   68.3ms | :face-turquoise-drinking-coffee::face-tu...
[ENTERTAINM] | YouTube  | [Normal]     | 90%    |   38.5ms | give me PC broooooo...
[ENTERTAINM] | YouTube  | [Normal]     | 94%    |   41.1ms | hey jimmy congratulation for 500M subscr...
[GAMING/GAM] | YouTube  | [Normal]     | 97%    |   37.3ms | I'm going tomorrow night!!...
[GAMING/GAM] | YouTube  | [Normal]     | 94%    |   34.9ms | The OCEAN...
[ENTERTAINM] | YouTube  | [Normal]     | 96%    |   43.2ms | i still remember when he got 100 mil...
[GAMING/GAM] | YouTube  | [Normal]     | 97%    |   41.8ms | First time catching a Markiplier livestr...
[GAMING/GAM] | YouTube  | [Normal]     | 85%    |   32.9ms | NOOOOO...
[ENTERTAINM] | YouTube  | [Normal]     | 97%    |   31.0ms | I am from India...
[GAMING/GAM] | YouTube  | [Normal]     | 97%    |   35.0ms | 'obversation' duty...
[MUSIC/CHIL] | YouTube  | [Normal]     | 96%    |   37.7ms | tragi in stinga...
[ENTERTAINM] | YouTube  | [Normal]     | 94%    |   32.0ms | hi...
[GAMING/GAM] | YouTube  | [Normal]     | 97%    |   82.6ms | its my birthday today 25 :partying_face:...
[GAMING/GAM] | YouTube  | [Normal]     | 93%    |   37.3ms | gg...
[MUSIC/CHIL] | YouTube  | [Normal]     | 95%    |   44.9ms | ........
[GAMING/GAM] | YouTube  | [Normal]     | 95%    |   35.4ms | explain the game pls...
[GAMING/GAM] | YouTube  | [Normal]     | 92%    |   48.6ms | Mark did you hear they made a video game...
[GAMING/GAM] | YouTube  | [Normal]     | 90%    |   31.8ms | How is your day...
[GAMING/GAM] | YouTube  | [Normal]     | 87%    |   52.5ms | markiplier pls do a dvd release of iron ...
[GAMING/SUR] | YouTube  | [Normal]     | 81%    |   32.0ms | seeing Delirious on here is crazy...
[ENTERTAINM] | YouTube  | [Normal]     | 96%    |   30.1ms | :red_heart:...
[SPORTS/FOO] | YouTube  | [Normal]     | 92%    |   35.1ms | Japan is the winner...
[GAMING/GAM] | YouTube  | [Normal]     | 97%    |   35.5ms | Welcome to Member!...
[PSYCHOLOGY] | YouTube  | [Normal]     | 93%    |   40.1ms | manosphere?...
[ENTERTAINM] | YouTube  | [Normal]     | 94%    |   32.0ms | hi...
[GAMING/GAM] | YouTube  | [Normal]     | 95%    |   43.0ms | THERES A GUY IN THE TOP LEFT OF THE SCRE...
[ENTERTAINM] | YouTube  | [Normal]     | 94%    |   25.5ms | same...
[GAMING/GAM] | YouTube  | [Normal]     | 78%    |   40.1ms | why does some of it look like Resident E...
[SELF-HELP/] | YouTube  | [Normal]     | 85%    |   47.6ms | if a person succeeded in ways I can't i ...
[GAMING/SUR] | YouTube  | [Normal]     | 95%    |   51.0ms | :loudly_crying_face::loudly_crying_face:...
[ENTERTAINM] | YouTube  | [Normal]     | 98%    |   42.1ms | :hand-pink-waving::hand-pink-waving:...
[GAMING/GAM] | YouTube  | [Normal]     | 93%    |   56.0ms | Also theres a roblox game called Observa...
[GAMING/SUR] | YouTube  | [HATE]       | 75%    |   31.2ms | gambling is bad...
[ENTERTAINM] | YouTube  | [Normal]     | 96%    |   31.9ms | New member...
[GAMING/GAM] | YouTube  | [Normal]     | 95%    |   29.7ms | Lmaooo...
[GAMING/GAM] | YouTube  | [Normal]     | 90%    |   47.6ms | ohhhh at least it isn't blood...
[ENTERTAINM] | YouTube  | [Normal]     | 95%    |   37.4ms | hii...
[GAMING/GAM] | YouTube  | [Normal]     | 96%    |   47.0ms | That was fast lol...
[MUSIC/CHIL] | YouTube  | [Normal]     | 98%    |   54.1ms | ...:face-turquoise-music-note:...
[ENTERTAINM] | YouTube  | [Normal]     | 96%    |   42.9ms | New member...
[GAMING/GAM] | YouTube  | [Normal]     | 96%    |  104.5ms | chat. stop talking  you're distracting m...
[MUSIC/CHIL] | YouTube  | [Normal]     | 97%    |   57.6ms | okay aithe vasthundhile tension padaku :...
[GAMING/GAM] | YouTube  | [Normal]     | 97%    |   36.2ms | hiiiiiiii!!!...
[GAMING/GAM] | YouTube  | [Normal]     | 96%    |   34.2ms | Water cheese...
[ENTERTAINM] | YouTube  | [Normal]     | 95%    |   55.9ms | said hi...
[ENTERTAINM] | YouTube  | [Normal]     | 92%    |   44.8ms | Hhubu...
[ENTERTAINM] | YouTube  | [Normal]     | 83%    |   33.6ms | w beast...
[ENTERTAINM] | YouTube  | [Normal]     | 96%    |   33.7ms | iiiii...
[ENTERTAINM] | YouTube  | [Normal]     | 97%    |   33.3ms | Lots of love to you...
[GAMING/GAM] | YouTube  | [Normal]     | 95%    |   29.3ms | Obversation...
[ENTERTAINM] | YouTube  | [Normal]     | 91%    |   33.7ms | me...
[MUSIC/CHIL] | YouTube  | [Normal]     | 94%    |   35.6ms | ui oui...
[GAMING/GAM] | YouTube  | [Normal]     | 97%    |   47.4ms | omg lmao the real challenge isn't the ha...
[GAMING/GAM] | YouTube  | [Normal]     | 95%    |   37.6ms | obversation...
[GAMING/GAM] | YouTube  | [Normal]     | 95%    |   34.2ms | HI MARKKK...
[GAMING/SUR] | YouTube  | [Normal]     | 93%    |   39.5ms | UR SO BAD LMAOOO...
[GAMING/SUR] | YouTube  | [Normal]     | 96%    |   39.9ms | LOL...
[GAMING/SUR] | YouTube  | [Normal]     | 96%    |   50.8ms | 4 CARD 21????????????????????...
[ENTERTAINM] | YouTube  | [Normal]     | 91%    |   29.8ms | me...
[GAMING/SUR] | YouTube  | [Normal]     | 93%    |   35.9ms | Never seen colder tables...
[ENTERTAINM] | YouTube  | [Normal]     | 96%    |   38.4ms | i am happy for your 500 million YouTube ...
[ENTERTAINM] | YouTube  | [Normal]     | 95%    |   34.1ms | 67...
[ENTERTAINM] | YouTube  | [Normal]     | 95%    |   33.5ms | hii...
[GAMING/SUR] | YouTube  | [Normal]     | 80%    |   38.2ms | what is the discord...
[GAMING/GAM] | YouTube  | [Normal]     | 94%    |   34.7ms | hi...
[ENTERTAINM] | YouTube  | [Normal]     | 98%    |   94.1ms | :hand-purple-blue-peace::hand-purple-blu...
[ENTERTAINM] | YouTube  | [Normal]     | 96%    |   31.2ms | New member...
[GAMING/SUR] | YouTube  | [Normal]     | 75%    |   35.2ms | THATS IT SCRAP THE GUN...
[ENTERTAINM] | YouTube  | [Normal]     | 94%    |   32.3ms | 5...
[GAMING/GAM] | YouTube  | [Normal]     | 96%    |   41.8ms | is this a prerecorded video...
[ENTERTAINM] | YouTube  | [Normal]     | 98%    |  156.1ms | :face-blue-smiling::face-blue-smiling::f...
[GAMING/GAM] | YouTube  | [Normal]     | 95%    |   43.5ms | obversation duty...
[ENTERTAINM] | YouTube  | [Normal]     | 97%    |   42.7ms | today is my birthday...
[GAMING/GAM] | YouTube  | [Normal]     | 96%    |   35.2ms | Ob versation  Mark...
[GAMING/GAM] | YouTube  | [Normal]     | 97%    |   35.8ms | Obversation :loudly_crying_face:...
[GAMING/GAM] | YouTube  | [Normal]     | 94%    |   32.5ms | mark you spelled the title wrong...
[GAMING/GAM] | YouTube  | [Normal]     | 96%    |   41.7ms | I can't wait to see the singing siren...
[ENTERTAINM] | YouTube  | [Normal]     | 95%    |   34.2ms | Hello...
[GAMING/SUR] | YouTube  | [Normal]     | 82%    |   39.3ms | :person_facepalming:...
[GAMING/GAM] | YouTube  | [Normal]     | 95%    |   29.7ms | OBVERSATION...
[GAMING/SUR] | YouTube  | [Normal]     | 92%    |   40.2ms | have you considered not letting the deal...
[GAMING/GAM] | YouTube  | [Normal]     | 97%    |   38.4ms | Obversation LMAOO...
[GAMING/GAM] | YouTube  | [Normal]     | 85%    |   35.9ms | how will you go on...
[ENTERTAINM] | YouTube  | [Normal]     | 97%    |   38.0ms | i play baseball in Russia...
[GAMING/GAM] | YouTube  | [Normal]     | 68%    |   34.7ms | the drenched sarcasm...
[GAMING/SUR] | YouTube  | [Normal]     | 87%    |   38.2ms | LETS GO...
[GAMING/GAM] | YouTube  | [Normal]     | 98%    |   58.7ms | :cat_with_tears_of_joy::cat_with_tears_o...
[GAMING/GAM] | YouTube  | [Normal]     | 96%    |   30.1ms | lol lmao even...
[GAMING/SUR] | YouTube  | [Normal]     | 74%    |   32.2ms | does it say cheat on the screan...
[ENTERTAINM] | YouTube  | [Normal]     | 96%    |   34.6ms | im İran:saluting_face:...
[NEWS/LIVE ] | YouTube  | [Normal]     | 91%    |   38.1ms | HES WORKING ON IT?...
[GAMING/GAM] | YouTube  | [Normal]     | 97%    |   36.5ms | Welcome to Member!...
[GAMING/SUR] | YouTube  | [Normal]     | 95%    |   88.6ms | :rolling_on_the_floor_laughing::rolling_...
[ENTERTAINM] | YouTube  | [Normal]     | 97%    |   35.7ms | hey Mr Beast I love :sparkling_heart: I...
[ENTERTAINM] | YouTube  | [Normal]     | 94%    |   26.3ms | Hi...
[GAMING/GAM] | YouTube  | [Normal]     | 95%    |   32.6ms | He is very Obersational...
[GAMING/GAM] | YouTube  | [Normal]     | 96%    |   36.3ms | is it the capital o?...
[ENTERTAINM] | YouTube  | [Normal]     | 95%    |   40.4ms | hiii...
[GAMING/GAM] | YouTube  | [Normal]     | 84%    |   56.1ms | im surprised its an accidental mispellin...
[GAMING/GAM] | YouTube  | [Normal]     | 92%    |   37.1ms | thats the best part tho...
[ENTERTAINM] | YouTube  | [Normal]     | 85%    |   52.1ms | why u guys didnt pay even a winer from y...
[GAMING/GAM] | YouTube  | [Normal]     | 95%    |   32.0ms | LMAO SOMEONE SAID TITLE ANOMALY...
[ENTERTAINM] | YouTube  | [Normal]     | 90%    |   40.1ms | 500mmmmmmmmmmmmmmmmmmmmmmm...
[GAMING/GAM] | YouTube  | [Normal]     | 72%    |   39.1ms | that stupid AI summary keeps popping up ...
[GAMING/SUR] | YouTube  | [Normal]     | 96%    |   28.0ms | lmao...
[GAMING/SUR] | YouTube  | [Normal]     | 93%    |   34.8ms | casinos love to see you coming lol...
[GAMING/GAM] | YouTube  | [Normal]     | 88%    |   29.3ms | IT's an anomaly...
[GAMING/GAM] | YouTube  | [Normal]     | 96%    |   28.3ms | obsVERSTAPEN...
[GAMING/SUR] | YouTube  | [Normal]     | 92%    |   32.4ms | so were just throwing it away lol...
[ENTERTAINM] | YouTube  | [Normal]     | 92%    |   25.3ms | o...
[GAMING/SUR] | YouTube  | [Normal]     | 87%    |   33.3ms | Poor gingy and all her work...
[GAMING/GAM] | YouTube  | [Normal]     | 94%    |   31.2ms | I think it moved...
[GAMING/GAM] | YouTube  | [Normal]     | 95%    |   46.9ms | I thought i saw an anomaly  then realize...
[GAMING/SUR] | YouTube  | [Normal]     | 89%    |   32.8ms | should of played slots...
[GAMING/SUR] | YouTube  | [Normal]     | 93%    |   34.0ms | sheeeesh...
[ENTERTAINM] | YouTube  | [Normal]     | 97%    |   36.5ms | 130K Viewers...
[ENTERTAINM] | YouTube  | [Normal]     | 94%    |   30.3ms | hi...
[GAMING/GAM] | YouTube  | [Normal]     | 94%    |   29.0ms | THREE...
[GAMING/GAM] | YouTube  | [Normal]     | 97%    |   48.3ms | obversation...:rolling_on_the_floor_laug...
[GAMING/GAM] | YouTube  | [OFFENSIVE]  | 68%    |   35.5ms | Peamut bubber?...
[GAMING/SUR] | YouTube  | [Normal]     | 96%    |   31.1ms | LOL...
[GAMING/GAM] | YouTube  | [Normal]     | 95%    |   33.5ms | Haiii...
[ENTERTAINM] | YouTube  | [Normal]     | 95%    |   31.7ms | UYY PHILIPPINES...
[GAMING/GAM] | YouTube  | [Normal]     | 92%    |   30.7ms | Obversation Lung...
[GAMING/SUR] | YouTube  | [Normal]     | 90%    |   28.8ms | hahahaha...
[ENTERTAINM] | YouTube  | [Normal]     | 95%    |   27.7ms | hello...
[ENTERTAINM] | YouTube  | [Normal]     | 98%    |   58.7ms | WATCH UR FIRST VIDEO:hand-pink-waving::h...
[GAMING/GAM] | YouTube  | [Normal]     | 97%    |   55.7ms | XD the way half of chat probably didn't ...
[ENTERTAINM] | YouTube  | [Normal]     | 89%    |   42.8ms | Whats the time at your place rn?...
[GAMING/SUR] | YouTube  | [Normal]     | 94%    |   34.0ms | well...
[GAMING/GAM] | YouTube  | [Normal]     | 94%    |   33.8ms | Right there Mark...
[GAMING/SUR] | YouTube  | [Normal]     | 96%    |   40.4ms | YOU HAD 1000+ SCRAP WHEN YOU LOGGED IN...
[ENTERTAINM] | YouTube  | [Normal]     | 95%    |   41.0ms | ХПААААЙЙЙ...
[GAMING/SUR] | YouTube  | [Normal]     | 92%    |   37.9ms | Peanut needs to stay out of Vegas...
[GAMING/SUR] | YouTube  | [Normal]     | 95%    |   37.2ms | u have 1k in base...
[ENTERTAINM] | YouTube  | [Normal]     | 96%    |   54.1ms | :fearful_face::fearful_face::fearful_fac...
[GAMING/GAM] | YouTube  | [Normal]     | 94%    |   37.8ms | bro's killing it with the live streams r...
[GAMING/GAM] | YouTube  | [Normal]     | 83%    |   46.0ms | GO BACK TO THE BASEMENT...
[GAMING/SUR] | YouTube  | [Normal]     | 95%    |   45.0ms | hutch is just strolling around with 4k m...
[MUSIC/CHIL] | YouTube  | [Normal]     | 97%    |   37.4ms | :musical_notes::relieved_face:...
[ENTERTAINM] | YouTube  | [Normal]     | 96%    |   31.3ms | big fan...
[ENTERTAINM] | YouTube  | [Normal]     | 94%    |   38.0ms | HAHAHAHAHAHHA...
[GAMING/GAM] | YouTube  | [Normal]     | 96%    |   52.8ms | i'm so dyslexic i did not even notice th...
[GAMING/GAM] | YouTube  | [Normal]     | 79%    |   40.6ms | MOUSE TRAP...
[GAMING/GAM] | YouTube  | [Normal]     | 96%    |   39.6ms | CONGRATS ON THE MOVIE!!!...
[GAMING/GAM] | YouTube  | [Normal]     | 94%    |   33.4ms | John...
[GAMING/GAM] | YouTube  | [Normal]     | 95%    |   63.0ms | how did he get through there? intrude th...
[GAMING/GAM] | YouTube  | [Normal]     | 95%    |   33.2ms | HIIIII MARKKKKK...
[GAMING/GAM] | YouTube  | [Normal]     | 94%    |   36.7ms | intruder? how did he get in? intruder wi...
[MUSIC/CHIL] | YouTube  | [Normal]     | 97%    |   48.9ms | @kavya-c9c1j fir kya tumhe chris evans c...
[GAMING/GAM] | YouTube  | [Normal]     | 96%    |   30.2ms | LOL...
[GAMING/GAM] | YouTube  | [Normal]     | 95%    |   40.6ms | im curious about yall spelling ia it obs...
[GAMING/GAM] | YouTube  | [Normal]     | 89%    |   30.0ms | intuider...
[GAMING/GAM] | YouTube  | [Normal]     | 94%    |   30.5ms | true...
[ENTERTAINM] | YouTube  | [Normal]     | 94%    |   36.5ms | 5...
[GAMING/SUR] | YouTube  | [Normal]     | 49%    |   43.0ms | @YungDreadz_The_Artist shut up dummy...
[SPORTS/FOO] | YouTube  | [Normal]     | 94%    |   47.3ms | :police_car_light:豚の妖精:clown_face:危險注意~!...
[ENTERTAINM] | YouTube  | [Normal]     | 94%    |   26.1ms | 4...
[ENTERTAINM] | YouTube  | [Normal]     | 94%    |   52.2ms | 5...
[GAMING/SUR] | YouTube  | [Normal]     | 91%    |   41.0ms | gambling losses are much funnier when it...
[GAMING/GAM] | YouTube  | [Normal]     | 93%    |   63.2ms | MARK THE LIGHT IS ROTATING BUT NOT THE D...
[GAMING/GAM] | YouTube  | [Normal]     | 95%    |   43.6ms | #1 is Sam Raimi...
[ENTERTAINM] | YouTube  | [Normal]     | 95%    |   37.5ms | 6000...
[GAMING/GAM] | YouTube  | [Normal]     | 97%    |   53.9ms | OMG IVE NEVER MADE IT TO A LIVE BEFORE. ...
[ENTERTAINM] | YouTube  | [Normal]     | 94%    |   34.2ms | 3...
[GAMING/GAM] | YouTube  | [Normal]     | 92%    |   42.0ms | the stairs...
[GAMING/GAM] | YouTube  | [Normal]     | 91%    |   62.8ms | YEAH GUYS! HE DIRECTED IRNO LUNG!...
[GAMING/GAM] | YouTube  | [Normal]     | 94%    |   46.2ms | stairs were moving...
[GAMING/GAM] | YouTube  | [Normal]     | 97%    |   47.8ms | is this famous movie actor MARKIPLIER...
[GAMING/GAM] | YouTube  | [Normal]     | 96%    |   40.4ms | PLATNUM HEART...
[ENTERTAINM] | YouTube  | [Normal]     | 95%    |   40.9ms | wow...
[ENTERTAINM] | YouTube  | [Normal]     | 97%    |   97.9ms | FREE PALESTINE:flexed_biceps::flexed_bic...
[ENTERTAINM] | YouTube  | [Normal]     | 95%    |   36.7ms | Bangladesh...
[GAMING/GAM] | YouTube  | [Normal]     | 95%    |   44.4ms | #1 director in America...
[GAMING/GAM] | YouTube  | [Normal]     | 91%    |   57.6ms | Extremely loud incorrect buzzer...
[ENTERTAINM] | YouTube  | [Normal]     | 96%    |   36.8ms | hi @beluga1...
[GAMING/SUR] | YouTube  | [Normal]     | 84%    |   40.9ms | Who else is drinking some silly with me?...
[GAMING/GAM] | YouTube  | [Normal]     | 89%    |   38.8ms | you’re literally my reason for living...
[ENTERTAINM] | YouTube  | [Normal]     | 97%    |   37.1ms | I subbed :D...
[GAMING/GAM] | YouTube  | [Normal]     | 96%    |   33.3ms | BASEMENT STAIRS...
[GAMING/GAM] | YouTube  | [Normal]     | 93%    |   35.7ms | HELP HIM in the game...
[MUSIC/CHIL] | YouTube  | [Normal]     | 95%    |   41.6ms | mohit nope:body-green-covering-eyes:...
[GAMING/GAM] | YouTube  | [Normal]     | 95%    |   34.2ms | THE LIGHT!!!...
[ENTERTAINM] | YouTube  | [Normal]     | 94%    |   37.5ms | 3...
[GAMING/GAM] | YouTube  | [Normal]     | 96%    |   44.8ms | please still be live in an hour...
[ENTERTAINM] | YouTube  | [Normal]     | 96%    |   61.1ms | lol get a life when bro has gave out pro...
[ENTERTAINM] | YouTube  | [Normal]     | 85%    |   36.5ms | I don't sorry...
[GAMING/GAM] | YouTube  | [Normal]     | 96%    |   34.0ms | The jacket was always there...
[ENTERTAINM] | YouTube  | [Normal]     | 96%    |   35.6ms | ko:person_raising_hand:...
[GAMING/GAM] | YouTube  | [Normal]     | 94%    |   28.7ms | Hey mark...
[GAMING/GAM] | YouTube  | [Normal]     | 93%    |   35.1ms | GAHHHHH...
[ENTERTAINM] | YouTube  | [Normal]     | 97%    |  166.5ms | :red_heart::red_heart::red_heart::red_he...
[ENTERTAINM] | YouTube  | [Normal]     | 94%    |   39.2ms | holaa mr beasttt...
[ENTERTAINM] | YouTube  | [Normal]     | 94%    |   31.6ms | Nepal...
[GAMING/GAM] | YouTube  | [Normal]     | 96%    |   36.7ms | please mark the basement stairs...
[GAMING/SUR] | YouTube  | [Normal]     | 94%    |   39.6ms | rogue hid the extra 1k hahahah...
[ENTERTAINM] | YouTube  | [Normal]     | 94%    |   33.3ms | 2...
[PSYCHOLOGY] | YouTube  | [Normal]     | 52%    |   36.1ms | the stoics?...
[GAMING/GAM] | YouTube  | [Normal]     | 94%    |   37.2ms | THE STAIIIRS...
[ENTERTAINM] | YouTube  | [Normal]     | 96%    |   37.9ms | خیلی خفنی...
[PSYCHOLOGY] | YouTube  | [Normal]     | 97%    |   38.8ms | Disconnected  Analytical  Systems-focuse...
[ENTERTAINM] | YouTube  | [Normal]     | 96%    |   34.8ms | I'm poor...
[GAMING/GAM] | YouTube  | [Normal]     | 92%    |   33.5ms | UNDULATION...
[GAMING/GAM] | YouTube  | [Normal]     | 92%    |   45.4ms | I don't know. I wasn't paying attention...
[SELF-HELP/] | YouTube  | [Normal]     | 68%    |   55.1ms | all u guys do is complain .... how about...
[ENTERTAINM] | YouTube  | [Normal]     | 96%    |   33.1ms | 20k...
[GAMING/GAM] | YouTube  | [Normal]     | 96%    |   42.8ms | lol...
[ENTERTAINM] | YouTube  | [Normal]     | 94%    |   40.2ms | hi mr beast...
[ENTERTAINM] | YouTube  | [Normal]     | 96%    |   57.4ms | bro don't clap i am in the middle of my ...
[GAMING/GAM] | YouTube  | [Normal]     | 96%    |   34.7ms | wait- lighthouse and iron lung cross ove...
[ENTERTAINM] | YouTube  | [Normal]     | 90%    |   32.7ms | heyyyy...
[ENTERTAINM] | YouTube  | [Normal]     | 56%    |   44.2ms | I’ve watched since 3000 subs bro this is...
[GAMING/GAM] | YouTube  | [Normal]     | 96%    |   33.5ms | LANTERIN IN INTERIOR...
[GAMING/GAM] | YouTube  | [Normal]     | 97%    |   55.6ms | Hello Mark! I saw your movie  congrats o...
[GAMING/SUR] | YouTube  | [Normal]     | 95%    |   31.9ms | :mending_heart:...
[GAMING/GAM] | YouTube  | [Normal]     | 95%    |   50.6ms | I printed the popcorn bucket but the tee...
[ENTERTAINM] | YouTube  | [Normal]     | 92%    |   27.1ms | mrbeast...
[GAMING/GAM] | YouTube  | [Normal]     | 73%    |   45.5ms | is it just me or do markiplier and jacks...
[SELF-HELP/] | YouTube  | [Normal]     | 57%    |   39.8ms | nothing gets them madder than taking the...
[ENTERTAINM] | YouTube  | [Normal]     | 98%    |   75.3ms | :hand-pink-waving::hand-pink-waving::han...
[ENTERTAINM] | YouTube  | [Normal]     | 96%    |   39.2ms | :1st_place_medal:...
[GAMING/GAM] | YouTube  | [Normal]     | 97%    |   36.6ms | what did i miss?...
[GAMING/GAM] | YouTube  | [Normal]     | 97%    |   37.8ms | THE GREEN BOTTLE...
[ENTERTAINM] | YouTube  | [Normal]     | 96%    |   37.9ms | new member...
[GAMING/GAM] | YouTube  | [Normal]     | 97%    |   42.8ms | How does it feels to be number one still...
[ENTERTAINM] | YouTube  | [Normal]     | 95%    |   38.0ms | :goodvibes:...
[GAMING/GAM] | YouTube  | [Normal]     | 96%    |   40.7ms | Hi from 2am in South Africa!!!...
[ENTERTAINM] | YouTube  | [Normal]     | 92%    |   35.9ms | hey hai...
[GAMING/GAM] | YouTube  | [Normal]     | 97%    |   37.8ms | another mousetrap?...
[GAMING/GAM] | YouTube  | [Normal]     | 96%    |   40.5ms | Hi from Brazil  will your film be shown ...
[GAMING/GAM] | YouTube  | [Normal]     | 94%    |   43.9ms | hole near lighthouse light...
[ENTERTAINM] | YouTube  | [Normal]     | 97%    |   40.9ms | 500m...
[GAMING/GAM] | YouTube  | [Normal]     | 96%    |   44.1ms | Mark my dono said people want an Observa...
[ENTERTAINM] | YouTube  | [Normal]     | 96%    |   36.1ms | I was here...
[GAMING/GAM] | YouTube  | [Normal]     | 98%    |   47.4ms | I once ate deodorant and still doing it ...
[ENTERTAINM] | YouTube  | [Normal]     | 97%    |   36.2ms | I LOVE INDONESIA...
[ENTERTAINM] | YouTube  | [Normal]     | 97%    |   36.5ms | :yt:...
[GAMING/GAM] | YouTube  | [Normal]     | 92%    |   30.9ms | BED...
[GAMING/GAM] | YouTube  | [Normal]     | 91%    |   42.9ms | IM HEADING TO WATCH YOUR MOVIIIIEEE...
[ENTERTAINM] | YouTube  | [Normal]     | 96%    |   45.7ms | me.from Indonesia...
[GAMING/GAM] | YouTube  | [Normal]     | 97%    |   35.5ms | lantern moved in interior...
[GAMING/GAM] | YouTube  | [Normal]     | 95%    |   34.4ms | The blanket on the bed moved!!...
[GAMING/GAM] | YouTube  | [Normal]     | 92%    |   25.1ms | bed...
[GAMING/SUR] | YouTube  | [Normal]     | 82%    |   30.7ms | Put wood inside man its just 100...
[GAMING/GAM] | YouTube  | [Normal]     | 93%    |   36.9ms | theres three ropes hanging at the interi...
[GAMING/GAM] | YouTube  | [Normal]     | 90%    |   30.0ms | BOXESBOXES...
[GAMING/GAM] | YouTube  | [Normal]     | 92%    |   32.5ms | BED...
[ENTERTAINM] | YouTube  | [Normal]     | 94%    |   60.3ms | ভাই আমাকে একটা আইফোন দিবেন আমি সৌদি প্রব...
[ENTERTAINM] | YouTube  | [Normal]     | 97%    |   73.8ms | Hallo sir I am alok kumar and I am from ...
[ENTERTAINM] | YouTube  | [Normal]     | 96%    |   46.8ms | JIMMY PLEASE PLEASE I AM SO POOR CAN U G...
[GAMING/GAM] | YouTube  | [Normal]     | 87%    |   35.5ms | CHECK THE BED...
[ENTERTAINM] | YouTube  | [Normal]     | 95%    |   35.3ms | hii...
[GAMING/GAM] | YouTube  | [Normal]     | 92%    |   34.2ms | Under the bed?...
[GAMING/GAM] | YouTube  | [Normal]     | 92%    |   41.2ms | IN MOVIES FOR IRON LUNG RN...
[GAMING/GAM] | YouTube  | [Normal]     | 97%    |   35.4ms | Greeting form Poland  loved the movie...
[MUSIC/CHIL] | YouTube  | [Normal]     | 98%    |   42.4ms | :musical_notes::musical_note:...
[GAMING/GAM] | YouTube  | [Normal]     | 98%    |   38.3ms | extra item on the cabin night stand?...
[ENTERTAINM] | YouTube  | [Normal]     | 95%    |   48.1ms | Assalamu Alaikum sir  how are you?...
[ENTERTAINM] | YouTube  | [Normal]     | 95%    |   31.9ms | xd...
[GAMING/GAM] | YouTube  | [Normal]     | 96%    |   52.6ms | Just got done watching Iron Lung. Fantas...
[ENTERTAINM] | YouTube  | [Normal]     | 97%    |   44.4ms | :face-red-heart-shape:...
[ENTERTAINM] | YouTube  | [Normal]     | 88%    |   34.2ms | ،...
[GAMING/GAM] | YouTube  | [Normal]     | 91%    |   40.0ms | LOCK THE DOOR!!!!!!!...
[PSYCHOLOGY] | YouTube  | [Normal]     | 92%    |   29.8ms | huh...
[ENTERTAINM] | YouTube  | [Normal]     | 96%    |   39.8ms | im from israel i love this stream...
[GAMING/GAM] | YouTube  | [Normal]     | 95%    |   32.2ms | WATER IN THE PO...
[GAMING/GAM] | YouTube  | [Normal]     | 94%    |   27.5ms | 3...
[GAMING/GAM] | YouTube  | [Normal]     | 97%    |   30.0ms | Lantern ??...
[GAMING/GAM] | YouTube  | [Normal]     | 93%    |   26.2ms | yes...
[ENTERTAINM] | YouTube  | [Normal]     | 96%    |   66.3ms | :waving_hand::waving_hand::waving_hand:...
[GAMING/GAM] | YouTube  | [Normal]     | 97%    |   40.3ms | Welcome to Member!...
[GAMING/GAM] | YouTube  | [Normal]     | 90%    |   37.1ms | What about picture on the wall in the be...
[GAMING/SUR] | YouTube  | [Normal]     | 98%    |   36.4ms | Nectar of the gods....
[ENTERTAINM] | YouTube  | [Normal]     | 94%    |   35.3ms | mr queef!...
[GAMING/GAM] | YouTube  | [Normal]     | 97%    |   44.3ms | the hanging thing off the right balcony ...
[GAMING/GAM] | YouTube  | [Normal]     | 96%    |   38.3ms | hi mark :smirking_face:...
[PSYCHOLOGY] | YouTube  | [Normal]     | 97%    |   37.0ms | I'm aminus...
[GAMING/GAM] | YouTube  | [Normal]     | 74%    |   33.5ms | The hangy thing...
[ENTERTAINM] | YouTube  | [Normal]     | 95%    |   50.5ms | I have a question how is it possible tha...
[ENTERTAINM] | YouTube  | [Normal]     | 90%    |   68.8ms | :stayhome::stayhome::stayhome::stayhome:...
[ENTERTAINM] | YouTube  | [Normal]     | 96%    |   38.1ms | It’s 9 am here LOL...
[ENTERTAINM] | YouTube  | [Normal]     | 87%    |   36.2ms | you are so cute...
[SELF-HELP/] | YouTube  | [Normal]     | 63%    |   39.8ms | Can I hate jeffery Epstine...
[GAMING/GAM] | YouTube  | [Normal]     | 88%    |   41.7ms | Light anomaly light house...
[GAMING/GAM] | YouTube  | [Normal]     | 94%    |   41.0ms | I swear it wasnt spinning at the beginni...
[ENTERTAINM] | YouTube  | [Normal]     | 94%    |   30.7ms | 1...
[SPORTS/FOO] | YouTube  | [Normal]     | 97%    |   75.2ms | 일본이 독일을 이기는건가? 놀랍다...
[GAMING/GAM] | YouTube  | [Normal]     | 96%    |   75.1ms | Lol...
[GAMING/GAM] | YouTube  | [Normal]     | 96%    |  125.5ms | this is literally a dream come true i ha...
[GAMING/GAM] | YouTube  | [Normal]     | 97%    |   81.8ms | Iron Lung was AMAZING! Great movie!...
[GAMING/GAM] | YouTube  | [Normal]     | 91%    |   49.0ms | w...
[PSYCHOLOGY] | YouTube  | [Normal]     | 92%    |   67.2ms | literally me...
[GAMING/GAM] | YouTube  | [Normal]     | 51%    |   85.1ms | The one eyed man that runs the lighthous...
[LIFESTYLE/] | YouTube  | [Normal]     | 97%    |   95.3ms | These Summer months are going to fly by ...
[GAMING/SUR] | YouTube  | [Normal]     | 92%    |   63.1ms | Don’t matter...
[ENTERTAINM] | YouTube  | [Normal]     | 94%    |   38.3ms | 1...
[GAMING/GAM] | YouTube  | [Normal]     | 89%    |   41.5ms | MISSING...
[ENTERTAINM] | YouTube  | [Normal]     | 94%    |   61.1ms | 1111111111111111111111111111111111111111...
[ENTERTAINM] | YouTube  | [Normal]     | 94%    |   40.7ms | 1...
[ENTERTAINM] | YouTube  | [Normal]     | 95%    |   48.9ms | 1111111111111111111111...
[ENTERTAINM] | YouTube  | [Normal]     | 97%    |   43.3ms | What do you support in the 2026 World Cu...
[GAMING/SUR] | YouTube  | [Normal]     | 96%    |   37.9ms | HIGHER!...
[GAMING/GAM] | YouTube  | [Normal]     | 94%    |   55.8ms | WHAT THE GAME ABOUT? I CAME LATE:loudly_...
[GAMING/GAM] | YouTube  | [Normal]     | 97%    |   73.6ms | Hi Markiplier  my mom had taken my car o...
[GAMING/GAM] | YouTube  | [Normal]     | 80%    |   39.6ms | are we trying to scare him in chat...
[GAMING/GAM] | YouTube  | [Normal]     | 98%    |   44.8ms | :hand-orange-covering-eyes:...
[GAMING/GAM] | YouTube  | [Normal]     | 97%    |   41.2ms | Is there a extra light here also?...
[GAMING/GAM] | YouTube  | [Normal]     | 93%    |   46.9ms | I am in the theater waiting to see Iron ...
[ENTERTAINM] | YouTube  | [Normal]     | 97%    |   38.6ms | Jets go...
[ENTERTAINM] | YouTube  | [Normal]     | 94%    |   31.3ms | 6...
[ENTERTAINM] | YouTube  | [Normal]     | 95%    |   32.1ms | hii mr beast...
[PSYCHOLOGY] | YouTube  | [Normal]     | 96%    |   31.3ms | hmmm...
[ENTERTAINM] | YouTube  | [Normal]     | 94%    |   33.4ms | 1...
[GAMING/SUR] | YouTube  | [Normal]     | 84%    |   37.3ms | Can’t see...
[ENTERTAINM] | YouTube  | [Normal]     | 98%    |  125.3ms | congratulations for 500M:clapping_hands:...
[GAMING/GAM] | YouTube  | [Normal]     | 96%    |   56.3ms | Saw iron lung last night and I can’t sto...
[ENTERTAINM] | YouTube  | [Normal]     | 94%    |   26.1ms | 1...
[ENTERTAINM] | YouTube  | [Normal]     | 94%    |   28.2ms | 1...
[ENTERTAINM] | YouTube  | [Normal]     | 94%    |   28.2ms | 1...
[GAMING/SUR] | YouTube  | [Normal]     | 94%    |   35.9ms | more energy output if you build higher...
[GAMING/GAM] | YouTube  | [Normal]     | 94%    |   27.7ms | LAMP MARK...
[GAMING/SUR] | YouTube  | [Normal]     | 85%    |   33.1ms | Build up then place it...
[MUSIC/CHIL] | YouTube  | [Normal]     | 98%    |   37.7ms | Prasa :potable_water:...
[GAMING/SUR] | YouTube  | [Normal]     | 86%    |   33.8ms | NOOOOOOOOO...
[GAMING/GAM] | YouTube  | [Normal]     | 96%    |   34.1ms | LIGHT !!...
[GAMING/SUR] | YouTube  | [Normal]     | 95%    |   37.6ms | welyn help this man...
[PSYCHOLOGY] | YouTube  | [Normal]     | 97%    |   38.9ms | :text-green-game-over:...
[GAMING/GAM] | YouTube  | [Normal]     | 96%    |   37.7ms | It’s observation duty 8...
[ENTERTAINM] | YouTube  | [Normal]     | 97%    |   36.3ms | Yes... love from India...
[GAMING/GAM] | YouTube  | [Normal]     | 75%    |   44.9ms | I'M FAILING YOU  I'M SORRY :tired_face:...
[GAMING/GAM] | YouTube  | [Normal]     | 95%    |   35.7ms | Was the vent thing always there??...
[GAMING/GAM] | YouTube  | [Normal]     | 86%    |   34.3ms | KERFUKLED...
[GAMING/SUR] | YouTube  | [Normal]     | 93%    |   35.7ms | WEYLYN ASK HIMMMMM...
[GAMING/GAM] | YouTube  | [Normal]     | 92%    |   32.4ms | airplane airplane bathroom...
[GAMING/GAM] | YouTube  | [Normal]     | 94%    |   47.5ms | I watched the iron lung movie it’s the b...
[ENTERTAINM] | YouTube  | [Normal]     | 97%    |   32.5ms | Hi Mr. Beast...
[GAMING/SUR] | YouTube  | [Normal]     | 93%    |   31.3ms | Welyn discord...
[GAMING/GAM] | YouTube  | [Normal]     | 91%    |   39.9ms | There’s a mousetrap in the basement!...
[ENTERTAINM] | YouTube  | [Normal]     | 97%    |   55.6ms | Taiwan W:face-red-heart-shape::face-red-...
[ENTERTAINM] | YouTube  | [Normal]     | 94%    |   39.1ms | wait hv you seen the play button yet...
[GAMING/GAM] | YouTube  | [Normal]     | 94%    |   77.8ms | Hey Mark! Congratulations on the release...
[GAMING/GAM] | YouTube  | [Normal]     | 96%    |   29.4ms | hi mark...
[ENTERTAINM] | YouTube  | [Normal]     | 94%    |   24.9ms | 1...
[GAMING/GAM] | YouTube  | [Normal]     | 96%    |   28.6ms | OOP...
[GAMING/SUR] | YouTube  | [Normal]     | 98%    |   29.6ms | windmill will turn lol...
[GAMING/GAM] | YouTube  | [Normal]     | 85%    |   27.1ms | nooooo...
[GAMING/SUR] | YouTube  | [Normal]     | 97%    |   37.2ms | this mf got on 3 hours early and played ...
[GAMING/GAM] | YouTube  | [Normal]     | 94%    |   27.2ms | Aww...
[MUSIC/CHIL] | YouTube  | [Normal]     | 97%    |   34.9ms | :smiling_face_with_halo:...
[GAMING/GAM] | YouTube  | [Normal]     | 94%    |   34.6ms | Oops...
[GAMING/GAM] | YouTube  | [Normal]     | 82%    |   31.7ms | you're missing...
[ENTERTAINM] | YouTube  | [Normal]     | 97%    |   40.0ms | please help :loudly_crying_face::folded_...
[ENTERTAINM] | YouTube  | [Normal]     | 95%    |   26.9ms | 67...
[GAMING/GAM] | YouTube  | [Normal]     | 91%    |   38.4ms | camera malfunction means that the camera...
[ENTERTAINM] | YouTube  | [Normal]     | 96%    |   38.6ms | could I get some money?...
[GAMING/GAM] | YouTube  | [Normal]     | 93%    |   29.1ms | L...
[ENTERTAINM] | YouTube  | [Normal]     | 96%    |   60.5ms | @Bhavesh_Kalyankar @Bhavesh_Kalyankar @B...
[GAMING/GAM] | YouTube  | [Normal]     | 91%    |   31.6ms | NOOB...
[GAMING/SUR] | YouTube  | [Normal]     | 96%    |   27.1ms | well said...
[GAMING/GAM] | YouTube  | [Normal]     | 95%    |   25.7ms | NUMBER 1...
[GAMING/GAM] | YouTube  | [Normal]     | 51%    |   36.8ms | the title is fine mark  don't listen to ...
[GAMING/GAM] | YouTube  | [Normal]     | 85%    |   35.4ms | the lamp in interiorr moveddddd...
[PSYCHOLOGY] | YouTube  | [Normal]     | 97%    |   35.2ms | animus anima and anime...
[ENTERTAINM] | YouTube  | [Normal]     | 92%    |   40.5ms | if it gets 500 million will I get 20 gra...
[GAMING/GAM] | YouTube  | [Normal]     | 95%    |   34.0ms | so real...
[GAMING/SUR] | YouTube  | [Normal]     | 63%    |   33.7ms | tell him about your windmill...
[GAMING/SUR] | YouTube  | [Normal]     | 70%    |   39.6ms | HUTCH AND ROGUE GONNA HAVE TO KEEP PEANU...
[GAMING/GAM] | YouTube  | [Normal]     | 94%    |   38.1ms | Clearly title is purposeful misspelled...
[GAMING/GAM] | YouTube  | [Normal]     | 92%    |   36.7ms | opbject manipulation in tittle...
[GAMING/GAM] | YouTube  | [Normal]     | 96%    |   30.4ms | hiiiiiiiiii...
[GAMING/SUR] | YouTube  | [Normal]     | 91%    |   31.2ms | stoopid...
[ENTERTAINM] | YouTube  | [Normal]     | 97%    |   31.8ms | Love frome bangladesh...
[ENTERTAINM] | YouTube  | [Normal]     | 81%    |   32.6ms | let's goo...
[ENTERTAINM] | YouTube  | [Normal]     | 98%    |   40.5ms | :star_struck:...
[PSYCHOLOGY] | YouTube  | [Normal]     | 95%    |   64.6ms | maybe because the Philosopher field isnt...
[GAMING/GAM] | YouTube  | [Normal]     | 81%    |   29.8ms | crazy work...
[GAMING/GAM] | YouTube  | [Normal]     | 95%    |   32.4ms | LMAOO...
[ENTERTAINM] | YouTube  | [Normal]     | 84%    |   31.6ms | heyy jimi...
[GAMING/GAM] | YouTube  | [Normal]     | 95%    |   60.4ms | LOLLLLLL...
[ENTERTAINM] | YouTube  | [Normal]     | 93%    |   29.8ms | omg...
[GAMING/GAM] | YouTube  | [Normal]     | 95%    |   33.6ms | obserdution duty...
[GAMING/GAM] | YouTube  | [Normal]     | 82%    |   36.0ms | YOU SEE...
[GAMING/GAM] | YouTube  | [Normal]     | 92%    |   33.8ms | hes come around...
[ENTERTAINM] | YouTube  | [Normal]     | 96%    |   49.1ms | I have a exam:loudly_crying_face::loudly...
[GAMING/GAM] | YouTube  | [Normal]     | 95%    |   34.5ms | OBVERSATION...
[GAMING/GAM] | YouTube  | [Normal]     | 97%    |   45.0ms | I'm on obversation duty...
[GAMING/GAM] | YouTube  | [Normal]     | 90%    |   65.0ms | as a dyslexic guy  I couldn't see the di...
[GAMING/GAM] | YouTube  | [Normal]     | 96%    |   33.4ms | oh hi chat  hi Mark...
[SELF-HELP/] | YouTube  | [Normal]     | 96%    |   29.1ms | lol...
[GAMING/GAM] | YouTube  | [Normal]     | 93%    |   31.0ms | Meow...
[ENTERTAINM] | YouTube  | [Normal]     | 95%    |   34.7ms | thanks Mr beast...
[PSYCHOLOGY] | YouTube  | [Normal]     | 94%    |   41.1ms | @KilleRoy_NL Yes  it can be either or...
[PSYCHOLOGY] | YouTube  | [Normal]     | 96%    |   40.3ms | jungs domain expansion is teh sol...
[GAMING/GAM] | YouTube  | [Normal]     | 93%    |   32.3ms | e...
[GAMING/GAM] | YouTube  | [Normal]     | 95%    |   29.0ms | hello...
[SELF-HELP/] | YouTube  | [Normal]     | 94%    |   40.5ms | bro is saying that while i am smurfing r...
[ENTERTAINM] | YouTube  | [Normal]     | 98%    |  172.8ms | :face-blue-smiling::face-blue-smiling::f...
[ENTERTAINM] | YouTube  | [Normal]     | 95%    |   28.7ms | I Like your video bro...
[GAMING/GAM] | YouTube  | [Normal]     | 95%    |   27.3ms | Obversation...
[GAMING/GAM] | YouTube  | [Normal]     | 92%    |   34.3ms | camera malfunction is missing camera...
[MUSIC/CHIL] | YouTube  | [Normal]     | 96%    |   68.3ms | Vishuu cockroaches :face_with_tears_of_j...
[GAMING/GAM] | YouTube  | [Normal]     | 66%    |   34.0ms | because you lost the camera in the cabin...
[MUSIC/CHIL] | YouTube  | [Normal]     | 96%    |   32.2ms | tinnava ra...
[ENTERTAINM] | YouTube  | [Normal]     | 94%    |   58.9ms | idziesz ogladac moj ht3 fight na mctiers...
[GAMING/SUR] | YouTube  | [Normal]     | 90%    |   46.0ms | base is gonna get wrecked if yall arent ...
[GAMING/GAM] | YouTube  | [Normal]     | 94%    |   37.9ms | hi...
[GAMING/GAM] | YouTube  | [Normal]     | 93%    |   39.8ms | Might be the least practical game to rea...
[GAMING/GAM] | YouTube  | [Normal]     | 95%    |   38.0ms | Camera malfunction in GUAAAAAAM...
[ENTERTAINM] | YouTube  | [Normal]     | 97%    |   39.1ms | :smiling_face_with_heart_eyes:...
[MUSIC/CHIL] | YouTube  | [Normal]     | 94%    |   37.2ms | @syedsoul ky...
[GAMING/GAM] | YouTube  | [Normal]     | 94%    |   41.4ms | I want a word with who built those stair...
[ENTERTAINM] | YouTube  | [Normal]     | 97%    |   34.8ms | love from kerala...
[GAMING/GAM] | YouTube  | [Normal]     | 94%    |   33.9ms | yay!...
[PSYCHOLOGY] | YouTube  | [Normal]     | 97%    |   74.5ms | I've been grounding myself with the eart...
[ENTERTAINM] | YouTube  | [Normal]     | 94%    |   41.2ms | hi Mr beast...
[ENTERTAINM] | YouTube  | [Normal]     | 94%    |   53.6ms | WRITE 67 IN THE COMMENTS IF TOU WANT JIM...
[SELF-HELP/] | YouTube  | [Normal]     | 78%    |   51.4ms | @gelaiiiarts3028 then you fail trying....
[GAMING/GAM] | YouTube  | [Normal]     | 97%    |   58.0ms | does he know about new game plus..........
[GAMING/SUR] | YouTube  | [Normal]     | 94%    |   34.6ms | oh Boy...
[GAMING/GAM] | YouTube  | [Normal]     | 94%    |   36.5ms | Yeah!!...
[ENTERTAINM] | YouTube  | [Normal]     | 96%    |   46.0ms | I need money to buy camera :pleading_fac...
[GAMING/SUR] | YouTube  | [Normal]     | 84%    |   58.1ms | MY MAN @TheBurntPeanut Wakes up gets rai...
[GAMING/GAM] | YouTube  | [Normal]     | 95%    |   41.8ms | is that a figure in the fog?...
[PSYCHOLOGY] | YouTube  | [Normal]     | 79%    |   59.5ms | no sex. just gym for the rest of your li...
[GAMING/GAM] | YouTube  | [Normal]     | 95%    |   43.6ms | Extra bottle by the dock...
[GAMING/SUR] | YouTube  | [Normal]     | 94%    |   47.5ms | AHAHAHAHA...
[GAMING/GAM] | YouTube  | [Normal]     | 96%    |   47.7ms | bucket?...
[GAMING/GAM] | YouTube  | [Normal]     | 94%    |   44.2ms | last time the lamp in the interior moved...
[ENTERTAINM] | YouTube  | [Normal]     | 85%    |   43.8ms | guys mr beast dont have money he paid fo...
[GAMING/GAM] | YouTube  | [Normal]     | 96%    |   29.2ms | fire movie mark...
[GAMING/SUR] | YouTube  | [Normal]     | 96%    |   28.6ms | LOL...
[GAMING/SUR] | YouTube  | [OFFENSIVE]  | 80%    |   29.0ms | Oh fuck...
[GAMING/SUR] | YouTube  | [Normal]     | 96%    |   31.6ms | all over...
[GAMING/SUR] | YouTube  | [Normal]     | 98%    |   81.3ms | Keep On Bungulating LATE Into The Night ...
[ENTERTAINM] | YouTube  | [Normal]     | 95%    |   25.6ms | 67...
[SELF-HELP/] | YouTube  | [Normal]     | 93%    |   31.3ms | @V_Urizen more...
[ENTERTAINM] | YouTube  | [Normal]     | 95%    |   30.0ms | Mr Beast I love you from...
[ENTERTAINM] | YouTube  | [Normal]     | 98%    |  137.8ms | :face-red-heart-shape::face-red-heart-sh...
[NEWS/LIVE ] | YouTube  | [Normal]     | 59%    |   40.2ms | FREE KARMELO ANTHONY:: WHITE SUPREMACIST...
[GAMING/GAM] | YouTube  | [Normal]     | 96%    |   35.0ms | is window at the cabin frozen?...
[GAMING/GAM] | YouTube  | [Normal]     | 87%    |   37.1ms | i wanna watch iron lung SOOOOO bad icl...
[ENTERTAINM] | YouTube  | [Normal]     | 90%    |   31.8ms | mr bets...
[GAMING/GAM] | YouTube  | [Normal]     | 97%    |   28.9ms | Harness  Mark?...
[GAMING/SUR] | YouTube  | [HATE]       | 38%    |   34.2ms | THEIR BASE IS GONE...
[GAMING/GAM] | YouTube  | [Normal]     | 98%    |   35.6ms | :hand-pink-waving:...
[ENTERTAINM] | YouTube  | [Normal]     | 95%    |   37.4ms | halo adakah Indonesia nonton...
[GAMING/GAM] | YouTube  | [Normal]     | 98%    |  100.5ms | :eyes-pink-heart-shape::eyes-pink-heart-...
[ENTERTAINM] | YouTube  | [Normal]     | 96%    |   32.9ms | LeBron James...
[ENTERTAINM] | YouTube  | [Normal]     | 92%    |   36.7ms | i don't know...
[GAMING/GAM] | YouTube  | [Normal]     | 94%    |   44.5ms | BRO I WANNA BE AN ANAOMOLY!! YESS!!...
[GAMING/GAM] | YouTube  | [Normal]     | 95%    |   35.7ms | vote for anomaly's...
[GAMING/GAM] | YouTube  | [Normal]     | 94%    |   30.2ms | im here...
[ENTERTAINM] | YouTube  | [Normal]     | 95%    |   26.3ms | 2%...
[GAMING/GAM] | YouTube  | [Normal]     | 90%    |   30.8ms | and we can fix anomolies...
[GAMING/GAM] | YouTube  | [Normal]     | 97%    |   35.6ms | TY FOR THE MEMBERSHIP:_markiHEART:...
[ENTERTAINM] | YouTube  | [Normal]     | 56%    |   28.0ms | omggg...
[ENTERTAINM] | YouTube  | [Normal]     | 90%    |   29.1ms | 🄷🄴🄻🄻🄾🄾...
[ENTERTAINM] | YouTube  | [Normal]     | 97%    |   82.2ms | Hi MrBeast  Iam from the Philippines  Ia...
[ENTERTAINM] | YouTube  | [Normal]     | 94%    |   26.8ms | to old...
[GAMING/GAM] | YouTube  | [Normal]     | 81%    |   34.2ms | Look at him making up excuses...
[ENTERTAINM] | YouTube  | [Normal]     | 98%    |   39.0ms | It is my dream to receive a gift from yo...
[ENTERTAINM] | YouTube  | [Normal]     | 42%    |   31.7ms | you crazy...
[GAMING/SUR] | YouTube  | [Normal]     | 93%    |   40.9ms | owimaway owimbawe...
[GAMING/SUR] | YouTube  | [Normal]     | 87%    |   36.7ms | Let him help...
[GAMING/GAM] | YouTube  | [Normal]     | 93%    |   44.6ms | was there always a tv control thing in t...
[GAMING/GAM] | YouTube  | [Normal]     | 94%    |   32.7ms | #1 director...
[GAMING/GAM] | YouTube  | [Normal]     | 96%    |   31.9ms | I MADE IT...
[GAMING/GAM] | YouTube  | [Normal]     | 97%    |   37.3ms | thank youuuuu...
[GAMING/GAM] | YouTube  | [Normal]     | 96%    |   35.3ms | firework?...
[GAMING/GAM] | YouTube  | [Normal]     | 89%    |   29.6ms | Blind ahh...
[GAMING/GAM] | YouTube  | [Normal]     | 96%    |   31.3ms | flare???...
[GAMING/GAM] | YouTube  | [Normal]     | 93%    |   33.6ms | Still never got over clickolding...
[GAMING/SUR] | YouTube  | [Normal]     | 94%    |   35.7ms | that patrol heli got lucky this time...
[MUSIC/CHIL] | YouTube  | [Normal]     | 97%    |   41.6ms | :face_with_tears_of_joy:...
[GAMING/GAM] | YouTube  | [Normal]     | 95%    |   40.6ms | I am watching from my fingernail...
[ENTERTAINM] | YouTube  | [Normal]     | 97%    |   42.8ms | Mr beast Love You... I Love form Pakista...
[MUSIC/CHIL] | YouTube  | [Normal]     | 96%    |   35.1ms | mjak samjh aata h...
[ENTERTAINM] | YouTube  | [Normal]     | 94%    |   38.2ms | talk about someone I know...
[GAMING/GAM] | YouTube  | [Normal]     | 89%    |   33.5ms | THERES A MOUSE TRAP IN THE BASEMENT...
[GAMING/SUR] | YouTube  | [Normal]     | 90%    |   32.0ms | Best worst game ever...
[ENTERTAINM] | YouTube  | [Normal]     | 95%    |   38.6ms | уууууууурааааа...
[GAMING/GAM] | YouTube  | [Normal]     | 92%    |   33.2ms | one in the light house...
[ENTERTAINM] | YouTube  | [Normal]     | 96%    |   33.7ms | ive heard bout neistat...
[SPORTS/FOO] | YouTube  | [Normal]     | 90%    |   27.7ms | ยับ...
[GAMING/GAM] | YouTube  | [Normal]     | 96%    |   39.6ms | instructions unclear  I peeled my eyes n...
[GAMING/GAM] | YouTube  | [Normal]     | 95%    |   48.7ms | I'm on the toilet can bring a 20 inch mo...
[GAMING/GAM] | YouTube  | [Normal]     | 94%    |   30.5ms | i swear something was moving under the b...
[GAMING/SUR] | YouTube  | [Normal]     | 97%    |   36.8ms | :eyes-purple-crying::eyes-purple-crying:...
[PSYCHOLOGY] | YouTube  | [Normal]     | 94%    |   28.5ms | oof...
[GAMING/SUR] | YouTube  | [Normal]     | 92%    |   36.4ms | Welyn the ultimate optimist...
[GAMING/GAM] | YouTube  | [Normal]     | 96%    |   59.2ms | wow Mark that looks sooooo cool!...
[GAMING/GAM] | YouTube  | [Normal]     | 95%    |   49.7ms | extra mouse trap in cellar...
[ENTERTAINM] | YouTube  | [Normal]     | 93%    |   35.3ms | KPOP...
[ENTERTAINM] | YouTube  | [Normal]     | 94%    |   24.5ms | hi...
[ENTERTAINM] | YouTube  | [Normal]     | 97%    |   39.6ms | :red_heart::red_heart::red_heart:...
[ENTERTAINM] | YouTube  | [Normal]     | 95%    |   55.3ms | Mr beast can you help me pay for my coll...
[PSYCHOLOGY] | YouTube  | [Normal]     | 58%    |   42.2ms | What if I don’t want to have kids? (As a...
[ENTERTAINM] | YouTube  | [Normal]     | 91%    |   40.3ms | nahhhh idk who that is...
[ENTERTAINM] | YouTube  | [Normal]     | 92%    |   40.1ms | z...
[ENTERTAINM] | YouTube  | [Normal]     | 96%    |   27.5ms | Yuppp...
[GAMING/GAM] | YouTube  | [Normal]     | 97%    |   32.6ms | OMG I FINALLY CAUGHT A MARKIPLIER STREAM...
[ENTERTAINM] | YouTube  | [Normal]     | 96%    |   40.7ms | I’m a really big fan of your channel  an...
[ENTERTAINM] | YouTube  | [Normal]     | 98%    |   65.1ms | وتفاك وتفاك. ايلوف يوي. ياه مستر بيستو. ...
[GAMING/GAM] | YouTube  | [Normal]     | 91%    |   29.0ms | I SEE NASA PEEPO...
[ENTERTAINM] | YouTube  | [Normal]     | 94%    |   33.6ms | Mrbest hi...
[PSYCHOLOGY] | YouTube  | [Normal]     | 93%    |   40.7ms | tech...
[ENTERTAINM] | YouTube  | [Normal]     | 96%    |   29.9ms | lol...
[GAMING/SUR] | YouTube  | [Normal]     | 95%    |   30.2ms | 2000 SCRAP LATER...
[ENTERTAINM] | YouTube  | [Normal]     | 93%    |   40.1ms | YES THERE ARE A LOT OF INTERNATIONAL NOT...
[GAMING/GAM] | YouTube  | [Normal]     | 44%    |   37.9ms | you are going to lose...
[GAMING/GAM] | YouTube  | [Normal]     | 97%    |   40.3ms | What’s the lore of this game?...
[ENTERTAINM] | YouTube  | [Normal]     | 91%    |   39.2ms | Pakistan...
[GAMING/GAM] | YouTube  | [Normal]     | 93%    |   35.8ms | THE CHAIR...
[PSYCHOLOGY] | YouTube  | [HATE]       | 51%    |   53.0ms | So women get stuck in their own animus b...
[GAMING/GAM] | YouTube  | [Normal]     | 83%    |   30.7ms | Underneath the bed...
[ENTERTAINM] | YouTube  | [Normal]     | 84%    |   37.5ms | hi Mr beast i subscribe you now...
[GAMING/SUR] | YouTube  | [Normal]     | 95%    |   31.5ms | Repair armour...
[GAMING/GAM] | YouTube  | [Normal]     | 97%    |   34.9ms | what I miss?...
[MUSIC/CHIL] | YouTube  | [Normal]     | 98%    |   62.6ms | .:face-turquoise-music-note:...
[ENTERTAINM] | YouTube  | [Normal]     | 97%    |   71.6ms | ВСЕ ЦЕЛИ СВО БУДУТ ВЫПОЛНЕНЫ...
[ENTERTAINM] | YouTube  | [Normal]     | 94%    |   42.1ms | q...
[ENTERTAINM] | YouTube  | [Normal]     | 95%    |   33.2ms | Pls...
[SELF-HELP/] | YouTube  | [Normal]     | 94%    |   35.3ms | Oops...
[GAMING/GAM] | YouTube  | [Normal]     | 96%    |   68.4ms | :face_screaming_in_fear::police_car_ligh...
[ENTERTAINM] | YouTube  | [Normal]     | 97%    |   32.4ms | try tecnoblade...
[ENTERTAINM] | YouTube  | [Normal]     | 94%    |   28.7ms | Do speed...
[ENTERTAINM] | YouTube  | [Normal]     | 90%    |   33.5ms | we only know jimmy...
[ENTERTAINM] | YouTube  | [Normal]     | 95%    |   52.8ms | MR BEAST 6000 OOOOOOOOOOOOH...
[ENTERTAINM] | YouTube  | [Normal]     | 96%    |   34.2ms | w seed...
[ENTERTAINM] | YouTube  | [Normal]     | 97%    |   49.8ms | Dear Jimmy  could you please help me? I ...
[GAMING/GAM] | YouTube  | [Normal]     | 92%    |   26.0ms | ooh...
[GAMING/SUR] | YouTube  | [OFFENSIVE]  | 93%    |   37.0ms | Y’all fucked up big time. All because of...
[GAMING/GAM] | YouTube  | [Normal]     | 96%    |   27.9ms | basement mark...
[ENTERTAINM] | YouTube  | [Normal]     | 92%    |   25.2ms | indian...
[ENTERTAINM] | YouTube  | [Normal]     | 97%    |   78.8ms | Can I participate in your next video ple...
[ENTERTAINM] | YouTube  | [Normal]     | 96%    |   26.6ms | am from sweden...
[GAMING/GAM] | YouTube  | [Normal]     | 96%    |   69.3ms | :_markiHEART::_markiHEART::_markiHEART::...
[GAMING/GAM] | YouTube  | [Normal]     | 97%    |   36.2ms | pro fireworks...
[GAMING/GAM] | YouTube  | [Normal]     | 93%    |   34.3ms | FIREWOOD...
[GAMING/GAM] | YouTube  | [Normal]     | 49%    |   41.4ms | That’s creepy...
[ENTERTAINM] | YouTube  | [Normal]     | 98%    |   68.4ms | love you Jimmy. love from India...
[ENTERTAINM] | YouTube  | [Normal]     | 98%    |  117.3ms | "Congratulations M Best on reaching 500M...
[GAMING/GAM] | YouTube  | [Normal]     | 97%    |   44.1ms | Dentures Moved?...
[GAMING/GAM] | YouTube  | [Normal]     | 94%    |   40.2ms | Basement...
[SELF-HELP/] | YouTube  | [Normal]     | 92%    |   59.8ms | Piccolo: "Power comes in response to a n...
[ENTERTAINM] | YouTube  | [Normal]     | 97%    |   43.9ms | ХУУУУУУУУУУУЙ...
[MUSIC/CHIL] | YouTube  | [Normal]     | 98%    |   56.0ms | Cold coffee :hot_beverage::face_with_tea...
[GAMING/GAM] | YouTube  | [Normal]     | 93%    |   47.7ms | the mouse trap in basement mark  check i...
[GAMING/GAM] | YouTube  | [Normal]     | 94%    |   47.3ms | diddy-...
[ENTERTAINM] | YouTube  | [Normal]     | 69%    |   50.5ms | eggg...
[GAMING/GAM] | YouTube  | [Normal]     | 97%    |   50.8ms | Papers on the table in the cabin are mov...
[GAMING/GAM] | YouTube  | [Normal]     | 93%    |   39.6ms | W MARK STREAM  LOVE YOUR VIDS...
[GAMING/GAM] | YouTube  | [Normal]     | 90%    |   57.5ms | I swear those pipes besides the stairs l...
[PSYCHOLOGY] | YouTube  | [Normal]     | 96%    |   56.9ms | ngl  me building muscles has helped me a...
[GAMING/SUR] | YouTube  | [Normal]     | 92%    |   30.8ms | ONE GUYD...
[MUSIC/CHIL] | YouTube  | [Normal]     | 98%    |   30.0ms | look at :penguin:...
[MUSIC/CHIL] | YouTube  | [Normal]     | 97%    |   32.6ms | :face-blue-smiling:...
[PSYCHOLOGY] | YouTube  | [Normal]     | 93%    |   27.9ms | Inversion...
[ENTERTAINM] | YouTube  | [Normal]     | 94%    |   26.8ms | hi...
[ENTERTAINM] | YouTube  | [Normal]     | 94%    |   35.8ms | Mr beast Can you give me computer?...
[ENTERTAINM] | YouTube  | [Normal]     | 94%    |   28.4ms | HI BRO...
[GAMING/GAM] | YouTube  | [Normal]     | 97%    |   35.5ms | bootle at the pierrrü...
[SELF-HELP/] | YouTube  | [Normal]     | 94%    |   50.3ms | Oh. That's how I spent 8 years with a co...
[GAMING/GAM] | YouTube  | [Normal]     | 93%    |   32.4ms | yard is hunted for sure...
[GAMING/SUR] | YouTube  | [Normal]     | 97%    |   35.1ms | yt stream is fine!...
[GAMING/GAM] | YouTube  | [Normal]     | 97%    |   35.7ms | cross on the pier moving closer?...
[GAMING/GAM] | YouTube  | [Normal]     | 95%    |   36.5ms | moved railing...
[GAMING/SUR] | YouTube  | [Normal]     | 92%    |   35.6ms | left the door open...
[ENTERTAINM] | YouTube  | [Normal]     | 92%    |   30.0ms | @husain...
[GAMING/GAM] | YouTube  | [Normal]     | 95%    |   50.7ms | I’ve been a fan of your’s since your The...
[MUSIC/CHIL] | YouTube  | [Normal]     | 97%    |   41.5ms | :musical_note::tumbler_glass:...
[GAMING/GAM] | YouTube  | [Normal]     | 97%    |   36.2ms | wait is this markiplier?...
[GAMING/GAM] | YouTube  | [Normal]     | 97%    |   38.6ms | EXTRA OBJECTS NEXT TO THE SHAIR IN THE R...
[ENTERTAINM] | YouTube  | [Normal]     | 97%    |   46.1ms | siuuuuuuuuuuuu...
[GAMING/SUR] | YouTube  | [Normal]     | 90%    |   38.8ms | GATE IS OPEN YOU CASHEW...
[GAMING/GAM] | YouTube  | [Normal]     | 82%    |   48.0ms | just came out of IronLung!!!...
[NEWS/LIVE ] | YouTube  | [Normal]     | 90%    |   39.8ms | KARMELO IS DONE. BYE BYE DUMB LACK BOY....
[SPORTS/FOO] | YouTube  | [Normal]     | 61%    |   39.6ms | LETS SEE BRAZILL WILL LET YOU HAHAHA...
[GAMING/GAM] | YouTube  | [Normal]     | 94%    |   35.7ms | What about the void from Thunderbolts*...
[GAMING/SUR] | YouTube  | [Normal]     | 93%    |   33.0ms | the gate airlocks...
[GAMING/GAM] | YouTube  | [Normal]     | 89%    |   31.6ms | I'm not paranoid...
[GAMING/SUR] | YouTube  | [Normal]     | 87%    |   27.6ms | lock in...
[GAMING/GAM] | YouTube  | [Normal]     | 95%    |   31.0ms | bottle at the pier...
[ENTERTAINM] | YouTube  | [Normal]     | 97%    |   32.3ms | Hello    I am from India...
[GAMING/GAM] | YouTube  | [Normal]     | 96%    |   39.1ms | MAKE SURE TO DOUBLE CHECK CAMERAS MARK...
[ENTERTAINM] | YouTube  | [Normal]     | 94%    |   42.1ms | Mr beast can you give me a laptop i am f...
[GAMING/GAM] | YouTube  | [Normal]     | 90%    |   34.8ms | the fuse...
[GAMING/GAM] | YouTube  | [Normal]     | 97%    |   37.0ms | HANGING RED LIGHT MOVINGG...
[GAMING/GAM] | YouTube  | [Normal]     | 97%    |   34.6ms | PURPLE SCARF IS NOT AN ANOMALY...
[GAMING/GAM] | YouTube  | [OFFENSIVE]  | 53%    |   36.2ms | :face-fuchsia-tongue-out:...
[GAMING/GAM] | YouTube  | [Normal]     | 92%    |   29.6ms | Breaker box...
[GAMING/GAM] | YouTube  | [Normal]     | 88%    |   34.6ms | DOCK...
[NEWS/LIVE ] | YouTube  | [Normal]     | 92%    |   39.6ms | O Brother Where Tarp Thou...
[MUSIC/CHIL] | YouTube  | [Normal]     | 94%    |   33.1ms | blinkit block...
[ENTERTAINM] | YouTube  | [Normal]     | 88%    |   60.8ms | The old man of the chat here  51-year-ol...
[ENTERTAINM] | YouTube  | [Normal]     | 69%    |   31.6ms | when are you coming to Indonesia Mr beas...
[ENTERTAINM] | YouTube  | [Normal]     | 94%    |   27.0ms | sri lanka...
[ENTERTAINM] | YouTube  | [Normal]     | 95%    |   43.6ms | :person-turqouise-waving:...
[GAMING/SUR] | YouTube  | [Normal]     | 89%    |   27.7ms | whats the TC...
[MUSIC/CHIL] | YouTube  | [Normal]     | 40%    |   30.6ms | Raggy that's true bro...
[ENTERTAINM] | YouTube  | [Normal]     | 97%    |   30.9ms | hi :waving_hand:...
[MUSIC/CHIL] | YouTube  | [Normal]     | 96%    |   34.5ms | :moai::blue_heart:...
[GAMING/GAM] | YouTube  | [Normal]     | 95%    |   26.6ms | hello...
[ENTERTAINM] | YouTube  | [Normal]     | 95%    |   55.9ms | HIIII...
[GAMING/GAM] | YouTube  | [Normal]     | 96%    |   36.6ms | was that bucket always in the cabin ?...
[PSYCHOLOGY] | YouTube  | [Normal]     | 48%    |   56.0ms | But isn't that extremely ironic? because...
[GAMING/GAM] | YouTube  | [Normal]     | 95%    |   36.1ms | @markiplier looks like eyes in the TV...
[ENTERTAINM] | YouTube  | [Normal]     | 98%    |   56.0ms | please give me 10000 :heavy_dollar_sign:...
[SPORTS/FOO] | YouTube  | [Normal]     | 96%    |   46.4ms | YES　LIVE(ﾉ･ω･)ﾉ...
[GAMING/GAM] | YouTube  | [Normal]     | 96%    |   70.5ms | MARK THERES AN INTRUDER AT THE END OF TH...
[ENTERTAINM] | YouTube  | [Normal]     | 93%    |   40.2ms | yeeeeeeeeeeeeeees...
[GAMING/GAM] | YouTube  | [Normal]     | 94%    |   33.5ms | extra plank at the pier...
[GAMING/GAM] | YouTube  | [Normal]     | 97%    |   32.0ms | EXTRA SACK IN BASEMENT...
[ENTERTAINM] | YouTube  | [Normal]     | 97%    |   41.2ms | been watching since the intros!!!...
[ENTERTAINM] | YouTube  | [Normal]     | 96%    |   33.8ms | I was here...
[NEWS/LIVE ] | YouTube  | [Normal]     | 96%    |   35.0ms | All lives matter Michael...
[GAMING/GAM] | YouTube  | [Normal]     | 97%    |   32.8ms | Extra bottle by door on pier!!...
[ENTERTAINM] | YouTube  | [Normal]     | 97%    |   58.6ms | Can you give me some money so that I cou...
[GAMING/GAM] | YouTube  | [Normal]     | 96%    |   36.7ms | Would sending more anomalies be easier?...
[GAMING/GAM] | YouTube  | [Normal]     | 93%    |   35.6ms | EXTRA BOTTLE PIER...
[GAMING/GAM] | YouTube  | [Normal]     | 96%    |   37.7ms | it's the wind!...
[GAMING/GAM] | YouTube  | [Normal]     | 37%    |   42.5ms | your eyes are wibble wobbling...
[GAMING/GAM] | YouTube  | [Normal]     | 97%    |   33.4ms | light in yard??...
[GAMING/SUR] | YouTube  | [Normal]     | 95%    |   36.4ms | that game looks like gta mad max...
[ENTERTAINM] | YouTube  | [Normal]     | 97%    |   59.8ms | Hello from RUSSIA:fire::fire::fire::fire...
[GAMING/GAM] | YouTube  | [Normal]     | 96%    |   44.6ms | the light is changing a bit  but no anom...
[GAMING/GAM] | YouTube  | [Normal]     | 59%    |   45.3ms | fake blood can make you go blind :(...
[GAMING/GAM] | YouTube  | [Normal]     | 88%    |   35.5ms | cross on the dock...
[GAMING/GAM] | YouTube  | [Normal]     | 97%    |   39.7ms | bottle at the bottom of the screen on pi...
[ENTERTAINM] | YouTube  | [Normal]     | 98%    |  192.5ms | :face-blue-smiling::face-blue-smiling::f...
[ENTERTAINM] | YouTube  | [Normal]     | 89%    |   47.1ms | hkooooooooooooo...
[ENTERTAINM] | YouTube  | [Normal]     | 97%    |   28.0ms | please gift me...
[GAMING/GAM] | YouTube  | [Normal]     | 93%    |   31.4ms | WOOD...
[PSYCHOLOGY] | YouTube  | [Normal]     | 71%    |   30.7ms | wtf are ball busters...
[MUSIC/CHIL] | YouTube  | [Normal]     | 98%    |   59.3ms | Momo your wife have younger sister??! :f...
[GAMING/GAM] | YouTube  | [Normal]     | 87%    |   40.2ms | WE ALL BELIEVED IN YOU MARKKKK...
[PSYCHOLOGY] | YouTube  | [Normal]     | 96%    |   35.7ms | @Moonlight_dark-47 thank you bro...
[GAMING/GAM] | YouTube  | [Normal]     | 77%    |   30.6ms | haha too much wood...
[ENTERTAINM] | YouTube  | [Normal]     | 95%    |   26.0ms | Congratulations...
[ENTERTAINM] | YouTube  | [Normal]     | 96%    |   36.7ms | :lion:...
[GAMING/GAM] | YouTube  | [Normal]     | 97%    |   31.2ms | THE FUSE BOX...
[GAMING/GAM] | YouTube  | [Normal]     | 97%    |   40.2ms | THE SACKS BASEMENT MOVED!...
[SELF-HELP/] | YouTube  | [Normal]     | 93%    |   51.2ms | @TheBruceKeller sigma...
[GAMING/GAM] | YouTube  | [Normal]     | 96%    |   35.6ms | youtuber...
[GAMING/GAM] | YouTube  | [Normal]     | 94%    |   40.0ms | Why can’t I send super chats...
[ENTERTAINM] | YouTube  | [Normal]     | 90%    |   33.8ms | USA...
[ENTERTAINM] | YouTube  | [Normal]     | 94%    |   31.4ms | indonesia...
[ENTERTAINM] | YouTube  | [Normal]     | 95%    |   58.5ms | HIIIIIIIIIIIIIIIIIIIIIIIIIIIIIIIIIIIIIII...
[GAMING/SUR] | YouTube  | [Normal]     | 84%    |   37.6ms | let's go finally you on rust...
[GAMING/GAM] | YouTube  | [Normal]     | 87%    |   33.2ms | no...
[GAMING/GAM] | YouTube  | [Normal]     | 94%    |   36.9ms | smaller barrel basement=...
[ENTERTAINM] | YouTube  | [Normal]     | 93%    |   32.0ms | Ukraine...
[GAMING/SUR] | YouTube  | [Normal]     | 94%    |   35.5ms | Rust is 100...
[GAMING/GAM] | YouTube  | [Normal]     | 94%    |   45.4ms | henlo mr observation duty iplier...
[ENTERTAINM] | YouTube  | [Normal]     | 94%    |   33.6ms | Indonesia...
[ENTERTAINM] | YouTube  | [Normal]     | 93%    |   29.1ms | india...
[ENTERTAINM] | YouTube  | [Normal]     | 94%    |   30.6ms | Hi...
[PSYCHOLOGY] | YouTube  | [Normal]     | 92%    |   40.5ms | Dr Ks teachings have changed me. I freak...
[SELF-HELP/] | YouTube  | [Normal]     | 94%    |   41.0ms | @laffeybunn8557 bro just take the first ...
[ENTERTAINM] | YouTube  | [Normal]     | 92%    |   30.7ms | Russia...
[GAMING/SUR] | YouTube  | [Normal]     | 85%    |   38.1ms | its not good bots its good...
[GAMING/GAM] | YouTube  | [Normal]     | 86%    |   49.4ms | Every time I see Mark I think of "Where'...
[ENTERTAINM] | YouTube  | [Normal]     | 95%    |   36.6ms | said hi...
[GAMING/GAM] | YouTube  | [Normal]     | 96%    |   42.7ms | Did you take your meds?...
[GAMING/SUR] | YouTube  | [Normal]     | 95%    |   43.7ms | setup...
[GAMING/GAM] | YouTube  | [Normal]     | 95%    |   52.0ms | dock at the end of the peir...
[ENTERTAINM] | YouTube  | [Normal]     | 97%    |   67.9ms | i haven't receive my cookie yet i haven'...
[GAMING/SUR] | YouTube  | [Normal]     | 93%    |   45.8ms | Yes...
[GAMING/SUR] | YouTube  | [Normal]     | 97%    |   46.0ms | oil...
[GAMING/GAM] | YouTube  | [Normal]     | 93%    |   51.6ms | STEEEEAAAAAAMMMMMM...
[ENTERTAINM] | YouTube  | [Normal]     | 91%    |   36.8ms | Australia...
[GAMING/SUR] | YouTube  | [Normal]     | 93%    |   43.4ms | YES...
[GAMING/GAM] | YouTube  | [Normal]     | 87%    |   47.8ms | mark i think u need to get ur eyes check...
[GAMING/SUR] | YouTube  | [HATE]       | 48%    |   59.1ms | Go oil let them set up turrets...
[ENTERTAINM] | YouTube  | [Normal]     | 94%    |   51.6ms | 1...
[GAMING/SUR] | YouTube  | [Normal]     | 95%    |   58.2ms | stay for turrets...
[MUSIC/CHIL] | YouTube  | [Normal]     | 98%    |   83.5ms | Rich with neighbour wifi :face_with_tear...
[ENTERTAINM] | YouTube  | [Normal]     | 94%    |   36.2ms | 1...
[GAMING/GAM] | YouTube  | [Normal]     | 91%    |   62.0ms | camera malfunction means the camera does...
[ENTERTAINM] | YouTube  | [Normal]     | 94%    |   28.2ms | 1...
[GAMING/SUR] | YouTube  | [Normal]     | 87%    |   30.2ms | get turrets up...
[ENTERTAINM] | YouTube  | [Normal]     | 96%    |   27.9ms | from Indonesia...
[ENTERTAINM] | YouTube  | [Normal]     | 94%    |   31.8ms | 1...
[GAMING/SUR] | YouTube  | [Normal]     | 95%    |   28.5ms | Turrets...
[GAMING/GAM] | YouTube  | [Normal]     | 93%    |   32.6ms | Think that was there before...
[GAMING/GAM] | YouTube  | [Normal]     | 81%    |   30.7ms | Too many pillars in the stairwell...
[ENTERTAINM] | YouTube  | [Normal]     | 94%    |   26.9ms | 2...
[GAMING/SUR] | YouTube  | [Normal]     | 67%    |   36.1ms | hutch has all the oil and grease you nee...
[ENTERTAINM] | YouTube  | [Normal]     | 93%    |   29.7ms | India...
[GAMING/GAM] | YouTube  | [Normal]     | 90%    |   41.3ms | light anomaly in the yard good sir...
[GAMING/GAM] | YouTube  | [Normal]     | 96%    |   27.6ms | barrels in basement...
[GAMING/GAM] | YouTube  | [Normal]     | 92%    |   31.7ms | light anomaly in the yard!...
[GAMING/SUR] | YouTube  | [Normal]     | 88%    |   27.6ms | Go...
[GAMING/GAM] | YouTube  | [Normal]     | 97%    |   36.4ms | THE FUSE BOX IS OPEN!!!...
[GAMING/GAM] | YouTube  | [Normal]     | 97%    |   30.3ms | Light anomaly the Yard  Mark!...
[GAMING/GAM] | YouTube  | [Normal]     | 39%    |   26.7ms | Goon...
[ENTERTAINM] | YouTube  | [Normal]     | 94%    |   29.4ms | 1...
[GAMING/SUR] | YouTube  | [Normal]     | 96%    |   47.0ms | Dude I love welyn can’t wait to see his ...
[GAMING/GAM] | YouTube  | [Normal]     | 96%    |   30.4ms | Spinning pillar in stairwell...
[ENTERTAINM] | YouTube  | [Normal]     | 94%    |   28.7ms | 1...
[ENTERTAINM] | YouTube  | [Normal]     | 94%    |   29.0ms | 1...
[GAMING/GAM] | YouTube  | [Normal]     | 66%    |   32.0ms | Wiggling sandwich...
[MUSIC/CHIL] | YouTube  | [Normal]     | 91%    |   37.4ms | I think they show gold for 2 rupees...
[GAMING/GAM] | YouTube  | [Normal]     | 97%    |   36.7ms | The yard!!!...
[GAMING/GAM] | YouTube  | [Normal]     | 96%    |   36.0ms | pillar spinning in stairway...
[GAMING/GAM] | YouTube  | [Normal]     | 96%    |   42.8ms | HI mark...
[GAMING/GAM] | YouTube  | [Normal]     | 95%    |   32.9ms | movement...
[GAMING/GAM] | YouTube  | [Normal]     | 97%    |   37.0ms | radio. under the stairs...
[ENTERTAINM] | YouTube  | [Normal]     | 95%    |   34.6ms | Bangladesh...
[PSYCHOLOGY] | YouTube  | [Normal]     | 79%    |   32.5ms | Yeah guys stop messin round...
[GAMING/GAM] | YouTube  | [Normal]     | 94%    |   27.3ms | LIGHTHOUSE SPINNING OTHER WAY...
[GAMING/GAM] | YouTube  | [Normal]     | 78%    |   33.8ms | CRAWLY...
[GAMING/GAM] | YouTube  | [Normal]     | 89%    |   34.3ms | YOOOO...
[MUSIC/CHIL] | YouTube  | [Normal]     | 89%    |   41.7ms | raggy muje kyu bol rhe ho ye sb?...
[GAMING/GAM] | YouTube  | [Normal]     | 97%    |   34.5ms | Did the ladder move on the Lantern room...
[GAMING/GAM] | YouTube  | [Normal]     | 95%    |   32.1ms | EWW...
[GAMING/GAM] | YouTube  | [Normal]     | 97%    |   69.8ms | the ladder in the lantern room!...
[GAMING/GAM] | YouTube  | [Normal]     | 95%    |   36.0ms | featuring the creature...
[GAMING/SUR] | YouTube  | [Normal]     | 83%    |   40.9ms | @fatbongripz then leave...
[GAMING/GAM] | YouTube  | [Normal]     | 97%    |   46.2ms | the backpack hanging from the lantern ro...
[ENTERTAINM] | YouTube  | [Normal]     | 94%    |   30.8ms | tvk...
[GAMING/GAM] | YouTube  | [Normal]     | 97%    |   32.0ms | LOL well spotted...
[GAMING/GAM] | YouTube  | [Normal]     | 96%    |   38.4ms | Fuse box pl I beg...
[GAMING/GAM] | YouTube  | [Normal]     | 74%    |   36.2ms | he be crawlin...
[GAMING/SUR] | YouTube  | [Normal]     | 85%    |   34.1ms | Pythons or boltys I turrets...
[GAMING/GAM] | YouTube  | [Normal]     | 94%    |   28.7ms | THEY ROTATED THE BARRELS...
[GAMING/GAM] | YouTube  | [Normal]     | 53%    |   31.2ms | wonder what they do to "fix" it...
[GAMING/GAM] | YouTube  | [Normal]     | 96%    |   25.7ms | FUSE BOX...
[GAMING/GAM] | YouTube  | [Normal]     | 84%    |   33.7ms | movement on barrels they weren't facing ...
[GAMING/GAM] | YouTube  | [HATE]       | 36%    |   27.9ms | Youre crazy...
[MUSIC/CHIL] | YouTube  | [Normal]     | 98%    |   44.9ms | :cat-orange-whistling::cat-orange-whistl...
[ENTERTAINM] | YouTube  | [Normal]     | 94%    |   27.3ms | hi...
[GAMING/GAM] | YouTube  | [Normal]     | 90%    |   32.3ms | barrel!...
[GAMING/GAM] | YouTube  | [Normal]     | 94%    |   36.6ms | Fusebox?...
[GAMING/GAM] | YouTube  | [Normal]     | 82%    |   34.8ms | howdy...
[GAMING/GAM] | YouTube  | [Normal]     | 97%    |   30.1ms | object moved!...
[ENTERTAINM] | YouTube  | [Normal]     | 96%    |   44.2ms | iiiiiiiiiiiiiiiiiiiiiiiiiiiiiiiiiiiiiii...
[GAMING/GAM] | YouTube  | [Normal]     | 70%    |   40.4ms | WHAT IN THE FNAF HECK IS GOING ON HERE!?...
[GAMING/SUR] | YouTube  | [Normal]     | 92%    |   46.7ms | You had extra scrap SOMEWHERE...
[GAMING/GAM] | YouTube  | [Normal]     | 96%    |   38.7ms | The railing in the stairwell!...
[GAMING/GAM] | YouTube  | [Normal]     | 94%    |   35.6ms | grrrrr...
[GAMING/GAM] | YouTube  | [Normal]     | 91%    |   36.9ms | WE ARE TRYING...
[ENTERTAINM] | YouTube  | [Normal]     | 98%    |  102.2ms | sir please please help me sir please hel...
[GAMING/GAM] | YouTube  | [Normal]     | 85%    |   57.9ms | the window in the room   i think i saw a...
[GAMING/GAM] | YouTube  | [Normal]     | 96%    |   49.9ms | mark of pliers please listen to us this ...
[GAMING/SUR] | YouTube  | [Normal]     | 73%    |   47.9ms | rouge is hording scrap...
[GAMING/GAM] | YouTube  | [Normal]     | 96%    |   51.3ms | Hi Mark! I'm getting ready to go see Iro...
[MUSIC/CHIL] | YouTube  | [Normal]     | 97%    |  102.7ms | Vishu for u biryani booked I will keep i...
[PSYCHOLOGY] | YouTube  | [Normal]     | 95%    |   27.1ms | :(...
[GAMING/GAM] | YouTube  | [Normal]     | 96%    |   35.9ms | I just watched ur other vids on observat...
[GAMING/GAM] | YouTube  | [Normal]     | 93%    |   25.7ms | FUSEBOX...
[ENTERTAINM] | YouTube  | [Normal]     | 97%    |   30.6ms | hi :waving_hand:...
[MUSIC/CHIL] | YouTube  | [Normal]     | 98%    |   47.0ms | momo:face-blue-smiling::face-blue-smilin...
[GAMING/GAM] | YouTube  | [Normal]     | 95%    |   39.5ms | wasn't there 4 mousetraps in the basemen...
[GAMING/GAM] | YouTube  | [Normal]     | 93%    |   37.1ms | the pillar in the stairwell maybe...
[PSYCHOLOGY] | YouTube  | [Normal]     | 95%    |   38.2ms | dissregulation...
[GAMING/SUR] | YouTube  | [Normal]     | 88%    |   33.3ms | hear helo...
[ENTERTAINM] | YouTube  | [Normal]     | 97%    |   36.2ms | 🇧:sparkling_heart:...
[GAMING/GAM] | YouTube  | [Normal]     | 96%    |   33.7ms | Hi mark...
[ENTERTAINM] | YouTube  | [Normal]     | 97%    |   38.4ms | :pirate_flag:...
[MUSIC/CHIL] | YouTube  | [Normal]     | 97%    |   41.9ms | :face-turquoise-covering-eyes:...
[GAMING/GAM] | YouTube  | [Normal]     | 96%    |   35.8ms | MARK BARRELS...
[ENTERTAINM] | YouTube  | [Normal]     | 97%    |   36.5ms | kalau yb tauu...
[GAMING/GAM] | YouTube  | [Normal]     | 96%    |   36.8ms | Is the 4th mouse trap gone?...
[ENTERTAINM] | YouTube  | [Normal]     | 98%    |   48.7ms | :triangular_flag::triangular_flag::trian...
[GAMING/GAM] | YouTube  | [Normal]     | 95%    |   31.1ms | lumpy bags...
[ENTERTAINM] | YouTube  | [Normal]     | 91%    |   28.5ms | hiie...
[GAMING/GAM] | YouTube  | [Normal]     | 95%    |   36.8ms | this is bros next movie...
[SELF-HELP/] | YouTube  | [Normal]     | 96%    |   35.0ms | lmao...
[GAMING/GAM] | YouTube  | [Normal]     | 96%    |   46.3ms | Extra Mouse trap in Basement...
[GAMING/GAM] | YouTube  | [Normal]     | 95%    |   34.2ms | THE BARRELS...
[GAMING/GAM] | YouTube  | [Normal]     | 95%    |   40.7ms | At the lighthouse the object that hangin...
[MUSIC/CHIL] | YouTube  | [Normal]     | 96%    |   36.7ms | evaru jagrata?...
[ENTERTAINM] | YouTube  | [Normal]     | 91%    |   31.2ms | mr beast...
[ENTERTAINM] | YouTube  | [Normal]     | 95%    |   34.7ms | hii...
[ENTERTAINM] | YouTube  | [Normal]     | 96%    |   37.2ms | I live under a rock...
[ENTERTAINM] | YouTube  | [Normal]     | 93%    |   36.0ms | DDG...
[MUSIC/CHIL] | YouTube  | [Normal]     | 94%    |   34.7ms | marfă...
[GAMING/GAM] | YouTube  | [Normal]     | 97%    |   34.3ms | rotat...
[GAMING/GAM] | YouTube  | [Normal]     | 84%    |   36.4ms | DEAD BODY BOTTOM LEFT...
[MUSIC/CHIL] | YouTube  | [Normal]     | 96%    |   45.8ms | Rabbia i am good and you:red_heart:...
[ENTERTAINM] | YouTube  | [Normal]     | 98%    |  168.6ms | WATA FAK:face-blue-smiling::face-blue-sm...
[ENTERTAINM] | YouTube  | [Normal]     | 95%    |   27.3ms | hiii...
[PSYCHOLOGY] | YouTube  | [Normal]     | 78%    |   57.6ms | I heard the joke that when aliens will v...
[GAMING/GAM] | YouTube  | [Normal]     | 96%    |   32.1ms | shadow moved in bain...
[GAMING/GAM] | YouTube  | [Normal]     | 96%    |   33.8ms | extra bottle on the ground pier...
[ENTERTAINM] | YouTube  | [Normal]     | 97%    |   35.2ms | Welcome New Member!...
[SPORTS/FOO] | YouTube  | [Normal]     | 92%    |   33.2ms | 0...
[ENTERTAINM] | YouTube  | [Normal]     | 88%    |   47.5ms | you told us that you would give us cooki...
[GAMING/GAM] | YouTube  | [Normal]     | 98%    |   40.1ms | theres sparkling white light in the stai...
[GAMING/GAM] | YouTube  | [Normal]     | 93%    |   49.3ms | is iron lung going to be on a streaming ...
[GAMING/GAM] | YouTube  | [Normal]     | 95%    |   43.8ms | I WATCHED UR MOVIE YESTERDAY YESTERDAY I...
[ENTERTAINM] | YouTube  | [Normal]     | 94%    |   50.2ms | im a hugeeee fannnnnn from indonesiaaa s...
[GAMING/GAM] | YouTube  | [Normal]     | 83%    |   46.0ms | DUCK...
[SPORTS/FOO] | YouTube  | [Normal]     | 95%    |   43.5ms | ternate...
[GAMING/GAM] | YouTube  | [Normal]     | 96%    |   54.8ms | MUG MISSING FROM TOP OF LIGHTHOUSE TABLE...
[ENTERTAINM] | YouTube  | [Normal]     | 95%    |   44.3ms | holaaaaa...
[GAMING/GAM] | YouTube  | [Normal]     | 96%    |   49.7ms | Dor yar...
[GAMING/GAM] | YouTube  | [Normal]     | 97%    |   45.7ms | Extra object on table  top of light hous...
[GAMING/GAM] | YouTube  | [Normal]     | 97%    |   45.8ms | THE LAP MOVED...
[ENTERTAINM] | YouTube  | [Normal]     | 95%    |   43.5ms | Do virat kohli poll...
[GAMING/GAM] | YouTube  | [Normal]     | 95%    |   52.5ms | There's a bottle on the front crates in ...
[ENTERTAINM] | YouTube  | [Normal]     | 95%    |   29.2ms | congratulations...
[GAMING/SUR] | YouTube  | [Normal]     | 97%    |   31.6ms | PEANUT WORK ON THE BASE...
[GAMING/GAM] | YouTube  | [Normal]     | 96%    |   89.9ms | why does it look like there's a ghost ju...
[ENTERTAINM] | YouTube  | [Normal]     | 97%    |   70.1ms | :smiling_face_with_halo::smiling_face_wi...
[GAMING/GAM] | YouTube  | [Normal]     | 95%    |   37.0ms | Theres a light on the door in the yard!...
[PSYCHOLOGY] | YouTube  | [Normal]     | 94%    |   43.7ms | I can't remeber if anima or animus is ma...
[GAMING/GAM] | YouTube  | [Normal]     | 97%    |   30.2ms | Lantern on dresser interior...
[ENTERTAINM] | YouTube  | [Normal]     | 97%    |   53.7ms | thank you Jimmy for deciding to join the...
[GAMING/GAM] | YouTube  | [Normal]     | 96%    |   32.9ms | the light is mine...
[PSYCHOLOGY] | YouTube  | [HATE]       | 68%    |   39.6ms | They lack an internal locus of self....
[ENTERTAINM] | YouTube  | [Normal]     | 97%    |   28.1ms | Welcome New Member!...
[MUSIC/CHIL] | YouTube  | [Normal]     | 94%    |   31.4ms | kya...
[ENTERTAINM] | YouTube  | [Normal]     | 97%    |   31.7ms | :man_raising_hand:...
[ENTERTAINM] | YouTube  | [Normal]     | 92%    |   35.2ms | How do you feel right now...
[GAMING/SUR] | YouTube  | [Normal]     | 95%    |   34.9ms | FAT CONFIRMED LMAOOOO...
[GAMING/GAM] | YouTube  | [Normal]     | 92%    |   35.8ms | WOAH...
[GAMING/GAM] | YouTube  | [Normal]     | 93%    |   40.4ms | Missing rail bottom left stairwell...
[MUSIC/CHIL] | YouTube  | [Normal]     | 96%    |   33.0ms | .....
[GAMING/GAM] | YouTube  | [Normal]     | 94%    |   35.2ms | a siren...
[GAMING/GAM] | YouTube  | [Normal]     | 94%    |   32.4ms | nice lobster...
[GAMING/SUR] | YouTube  | [Normal]     | 88%    |   42.2ms | hey i have that ak skin...
[SELF-HELP/] | YouTube  | [Normal]     | 96%    |   47.2ms | playing games on the internet? whats tha...
[ENTERTAINM] | YouTube  | [Normal]     | 98%    |   70.6ms | :fog::fog::fog::neutral_face::neutral_fa...
[GAMING/GAM] | YouTube  | [Normal]     | 94%    |   29.5ms | Silver lounge...
[GAMING/GAM] | YouTube  | [Normal]     | 94%    |   35.7ms | but i said the windows!...
[GAMING/SUR] | YouTube  | [Normal]     | 97%    |   38.6ms | wow he does read youtube chat lol...
[GAMING/GAM] | YouTube  | [Normal]     | 94%    |   55.1ms | Goodness...
[MUSIC/CHIL] | YouTube  | [Normal]     | 92%    |   36.6ms | exit...
[SELF-HELP/] | YouTube  | [Normal]     | 95%    |   41.0ms | doing it right now ngl...
[GAMING/GAM] | YouTube  | [Normal]     | 94%    |   38.3ms | BROKEN RAIL ON LEFT MOVED IN STAIRWELL...
[ENTERTAINM] | YouTube  | [Normal]     | 98%    |  174.9ms | :revolving_hearts::revolving_hearts::rev...
[GAMING/GAM] | YouTube  | [Normal]     | 93%    |   32.9ms | Bad lead bad lead bad lead bad lead bad ...
[GAMING/GAM] | YouTube  | [Normal]     | 97%    |   34.8ms | ROTATING PILLAR IN STAIRWELL!!!!...
[GAMING/GAM] | YouTube  | [Normal]     | 97%    |   33.7ms | Do you enjoy Agatha Christie books?...
[ENTERTAINM] | YouTube  | [Normal]     | 96%    |   35.8ms | МИСТЕР БИСТ...
[GAMING/GAM] | YouTube  | [Normal]     | 95%    |   33.6ms | stair well railing moved...
[GAMING/GAM] | YouTube  | [Normal]     | 97%    |   31.5ms | thank you :3...
[GAMING/GAM] | YouTube  | [Normal]     | 96%    |   29.3ms | HIT PODCAST?!...
[GAMING/GAM] | YouTube  | [Normal]     | 96%    |   35.2ms | We watch distractible  man. Come on now....
[ENTERTAINM] | YouTube  | [Normal]     | 97%    |   31.0ms | Love from India...
[GAMING/SUR] | YouTube  | [Normal]     | 97%    |   39.4ms | big macs sound so good right now...
[ENTERTAINM] | YouTube  | [Normal]     | 93%    |   30.9ms | india...
[ENTERTAINM] | YouTube  | [Normal]     | 97%    |   36.0ms | I'm from Nigeria...
[GAMING/GAM] | YouTube  | [Normal]     | 96%    |   35.6ms | Extra potato bags...
[GAMING/GAM] | YouTube  | [Normal]     | 95%    |   36.3ms | PICTURE ABOVE BED...
[ENTERTAINM] | YouTube  | [Normal]     | 95%    |   35.8ms | hii mr beast...
[GAMING/GAM] | YouTube  | [Normal]     | 95%    |   38.6ms | THE OTHER BOTTLE ON THE PIER...
[GAMING/GAM] | YouTube  | [Normal]     | 97%    |   42.4ms | extra object basement  mousetrap?...
[GAMING/GAM] | YouTube  | [Normal]     | 83%    |   34.3ms | wrong bottle...
[ENTERTAINM] | YouTube  | [Normal]     | 95%    |   33.2ms | 10k LEFT...
[GAMING/GAM] | YouTube  | [Normal]     | 95%    |   37.2ms | RED BARREL IN THE BASEMENTTTTT...
[ENTERTAINM] | YouTube  | [Normal]     | 80%    |   38.2ms | jimmy what state are you from...
[ENTERTAINM] | YouTube  | [Normal]     | 95%    |   28.0ms | I need money for school fee Nepal...
[ENTERTAINM] | YouTube  | [Normal]     | 81%    |   36.7ms | Where are you from/are you...
[GAMING/GAM] | YouTube  | [Normal]     | 97%    |   52.9ms | Broken red railing in the spiral stairca...
[GAMING/SUR] | YouTube  | [Normal]     | 92%    |   37.8ms | hahahahaahaha...
[GAMING/GAM] | YouTube  | [Normal]     | 96%    |   28.7ms | WATER INTERIOR FLOOR...
[ENTERTAINM] | YouTube  | [Normal]     | 82%    |   68.3ms | dhoni x messi:goat::goat::goat::goat::go...
[ENTERTAINM] | YouTube  | [Normal]     | 92%    |   73.3ms | Ayyyyyyyyyyyyyyyyyyyyyyyyyyyyyyyyy...
[GAMING/GAM] | YouTube  | [Normal]     | 96%    |   34.8ms | stairWELL mark...
[GAMING/GAM] | YouTube  | [Normal]     | 90%    |   31.1ms | barrel fell...
[ENTERTAINM] | YouTube  | [Normal]     | 93%    |   32.1ms | india...
[GAMING/GAM] | YouTube  | [Normal]     | 74%    |   33.6ms | There is something wrong in the bed...
[GAMING/GAM] | YouTube  | [Normal]     | 94%    |   37.9ms | BigFoot is no longer in gaming limbo  an...
[GAMING/GAM] | YouTube  | [Normal]     | 91%    |   38.5ms | MARK THE GAS CAN MOVED IN THE YARD IM TE...
[ENTERTAINM] | YouTube  | [Normal]     | 84%    |   38.8ms | yoooooooooooooòoooooo...
[ENTERTAINM] | YouTube  | [Normal]     | 94%    |   33.0ms | congratulations brother...
[GAMING/SUR] | YouTube  | [Normal]     | 92%    |   39.9ms | the AI almost took it  realest shi ever...
[GAMING/SUR] | YouTube  | [Normal]     | 88%    |   44.2ms | Gotta get that demon hunter meal haha. T...
[SELF-HELP/] | YouTube  | [Normal]     | 94%    |   33.4ms | Hi...
[GAMING/GAM] | YouTube  | [Normal]     | 95%    |   38.0ms | MARK IN THE STAIRWELL ROOM...
[PSYCHOLOGY] | YouTube  | [Normal]     | 77%    |   43.9ms | Let him think...
[SELF-HELP/] | YouTube  | [Normal]     | 90%    |   46.0ms | have we reached the point where we have ...
[ENTERTAINM] | YouTube  | [Normal]     | 98%    |   91.9ms | :text-green-game-over::text-green-game-o...
[MUSIC/CHIL] | YouTube  | [Normal]     | 92%    |   50.2ms | it's against my morals to treat harshly ...
[GAMING/SUR] | YouTube  | [Normal]     | 92%    |   38.1ms | RIP Roe Jogan...
[MUSIC/CHIL] | YouTube  | [Normal]     | 96%    |   54.3ms | ab bs bhi karo...
[GAMING/GAM] | YouTube  | [Normal]     | 93%    |   36.3ms | LIGHT ANOMALY AT THE YARD...
[GAMING/GAM] | YouTube  | [Normal]     | 85%    |   37.6ms | is there a head in the stairwell?...
[ENTERTAINM] | YouTube  | [Normal]     | 98%    |   43.1ms | Historical live :rocket::rocket::rocket:...
[GAMING/GAM] | YouTube  | [Normal]     | 96%    |   36.0ms | down the spiral area...
[PSYCHOLOGY] | YouTube  | [Normal]     | 98%    |   36.3ms | chat am I cooked?...
[ENTERTAINM] | YouTube  | [Normal]     | 85%    |   42.1ms | UR THE BEST MR BEAST JIMMY IM FROM ALBAN...
[PSYCHOLOGY] | YouTube  | [Normal]     | 92%    |   44.8ms | @CallousedCallow grrr me thinks the same...
[ENTERTAINM] | YouTube  | [Normal]     | 97%    |   36.8ms | I need gaming computer  please....
[GAMING/GAM] | YouTube  | [Normal]     | 94%    |   37.7ms | intrudr end of pier...
[ENTERTAINM] | YouTube  | [Normal]     | 98%    |  100.8ms | wow :star_struck::star_struck::star_stru...
[ENTERTAINM] | YouTube  | [Normal]     | 98%    |   97.8ms | :face-blue-wide-eyes::face-blue-wide-eye...
[ENTERTAINM] | YouTube  | [Normal]     | 96%    |   32.3ms | hiiiiiiiiiiiii...
[GAMING/GAM] | YouTube  | [Normal]     | 88%    |   31.0ms | nooo there is one...
[GAMING/GAM] | YouTube  | [Normal]     | 93%    |   36.0ms | hi i just got off work how are we gaslig...
[ENTERTAINM] | YouTube  | [Normal]     | 97%    |   41.5ms | جيمييييييي...
[ENTERTAINM] | YouTube  | [Normal]     | 94%    |   37.5ms | pls say umar pls sir...
[ENTERTAINM] | YouTube  | [Normal]     | 97%    |   50.0ms | :text-green-game-over::text-green-game-o...
[MUSIC/CHIL] | YouTube  | [Normal]     | 98%    |   40.8ms | Lisa :smiling_face_with_halo::bouquet:...
[ENTERTAINM] | YouTube  | [Normal]     | 96%    |   35.3ms | legendary saga gamer subscribe...
[GAMING/GAM] | YouTube  | [OFFENSIVE]  | 80%    |   31.3ms | what dat...
[ENTERTAINM] | YouTube  | [Normal]     | 94%    |   35.6ms | WERE GETTING IT THERE 500 MILL...
[ENTERTAINM] | YouTube  | [Normal]     | 85%    |   31.0ms | INDONESIAN HERE...
[PSYCHOLOGY] | YouTube  | [Normal]     | 94%    |   46.1ms | Isn't animus the thing in Assassin's Cre...
[GAMING/GAM] | YouTube  | [Normal]     | 87%    |   26.7ms | NOW WE ARE DROWNING...
[GAMING/SUR] | YouTube  | [Normal]     | 95%    |   28.1ms | RIP JOE ROGAN...
[ENTERTAINM] | YouTube  | [Normal]     | 98%    |   37.1ms | :star:big fan Jimmy :star:...
[GAMING/GAM] | YouTube  | [Normal]     | 98%    |   36.6ms | purple on the railing of the lighthouse!...
[MUSIC/CHIL] | YouTube  | [Normal]     | 97%    |   35.9ms | los recogen rápido...
[PSYCHOLOGY] | YouTube  | [Normal]     | 98%    |   39.2ms | :eyes-pink-heart-shape:...
[GAMING/GAM] | YouTube  | [Normal]     | 91%    |   42.5ms | Turn...
[GAMING/GAM] | YouTube  | [Normal]     | 93%    |   38.5ms | ppl forget markiplier was studying engin...
[GAMING/GAM] | YouTube  | [Normal]     | 94%    |   43.8ms | left side of the hole railing was on the...
[ENTERTAINM] | YouTube  | [Normal]     | 98%    |   93.0ms | :whistle-red-blow::whistle-red-blow::whi...
[GAMING/GAM] | YouTube  | [Normal]     | 92%    |   36.5ms | No Mark tell us...
[GAMING/GAM] | YouTube  | [Normal]     | 75%    |   42.8ms | Mark soundin like an annoyed mom...
[GAMING/GAM] | YouTube  | [Normal]     | 95%    |   42.4ms | OBJECT MOVEMENT CANNISTER IN LIGHT...
[GAMING/GAM] | YouTube  | [Normal]     | 97%    |   58.6ms | the red bag was moving at the l!!...
[MUSIC/CHIL] | YouTube  | [Normal]     | 82%    |   83.2ms | KAVIII sry if i ahve overlooked a msg of...
[GAMING/GAM] | YouTube  | [Normal]     | 91%    |   39.9ms | TURN...
[GAMING/GAM] | YouTube  | [Normal]     | 64%    |   46.9ms | americans dont know this stuff xD...
[GAMING/GAM] | YouTube  | [Normal]     | 91%    |   51.1ms | The micee...
[ENTERTAINM] | YouTube  | [Normal]     | 89%    |   42.4ms | maybe both...
[GAMING/GAM] | YouTube  | [Normal]     | 86%    |   42.9ms | UNDER THE BED...
[GAMING/SUR] | YouTube  | [Normal]     | 90%    |   49.6ms | Make me laugh...
[ENTERTAINM] | YouTube  | [Normal]     | 95%    |   49.0ms | hello...
[ENTERTAINM] | YouTube  | [Normal]     | 98%    |   49.4ms | :hand-pink-waving:...
[GAMING/SUR] | YouTube  | [Normal]     | 95%    |   37.8ms | E BRANCH...
[GAMING/GAM] | YouTube  | [Normal]     | 89%    |   45.3ms | Bed  something above...
[PSYCHOLOGY] | YouTube  | [Normal]     | 95%    |   49.4ms | yay...
[GAMING/GAM] | YouTube  | [Normal]     | 96%    |   64.1ms | YOU'RE SO CLOSE TO THE STAIRWELL RAILING...
[GAMING/GAM] | YouTube  | [OFFENSIVE]  | 48%    |   38.9ms | WHO'S THE IDIOT NOW MARK...
[SELF-HELP/] | YouTube  | [Normal]     | 91%    |   36.3ms | no I was always autistic...
[GAMING/GAM] | YouTube  | [Normal]     | 97%    |   35.0ms | did the fuse box open?...
[ENTERTAINM] | YouTube  | [Normal]     | 94%    |   29.4ms | hi from...
[GAMING/GAM] | YouTube  | [Normal]     | 96%    |   29.5ms | LIGHT ANAMOLY OUTSIDE...
[GAMING/GAM] | YouTube  | [Normal]     | 92%    |   27.3ms | RAILING LEFT...
[GAMING/GAM] | YouTube  | [Normal]     | 96%    |   32.4ms | BROKEN RAIL STAIRWELL MOVED!...
[MUSIC/CHIL] | YouTube  | [Normal]     | 94%    |   32.9ms | 74...
[GAMING/GAM] | YouTube  | [Normal]     | 57%    |   38.8ms | If I could be a lighthouse keeper  I wou...
[GAMING/GAM] | YouTube  | [Normal]     | 91%    |   74.7ms | Mark! You should play Ena Dream BBQ  I t...
[GAMING/SUR] | YouTube  | [Normal]     | 96%    |   36.0ms | Play Marathon  it's a really good game t...
[GAMING/GAM] | YouTube  | [Normal]     | 96%    |   28.9ms | Missing object on interior...
[GAMING/SUR] | YouTube  | [Normal]     | 96%    |   29.7ms | Oh no. Wire everywhere incoming...
[ENTERTAINM] | YouTube  | [Normal]     | 94%    |   57.7ms | :thumbs_up::thumbs_up::thumbs_up::thumbs...
[GAMING/GAM] | YouTube  | [Normal]     | 96%    |   31.6ms | Hi mark...
[ENTERTAINM] | YouTube  | [Normal]     | 98%    |   72.1ms | :red_heart::red_heart::red_heart::red_he...
[GAMING/GAM] | YouTube  | [Normal]     | 88%    |   38.7ms | is something weird on top of the pallets...
[GAMING/GAM] | YouTube  | [OFFENSIVE]  | 47%    |   57.7ms | :face-fuchsia-tongue-out::face-fuchsia-t...
[GAMING/SUR] | YouTube  | [Normal]     | 90%    |   26.6ms | Root combiners...
[ENTERTAINM] | YouTube  | [Normal]     | 94%    |   24.0ms | Indonesia...
[GAMING/SUR] | YouTube  | [Normal]     | 95%    |   37.3ms | Awe… did Roe Jogan pass?...
[GAMING/GAM] | YouTube  | [Normal]     | 90%    |   53.9ms | You should make the movie adaptation of ...
[ENTERTAINM] | YouTube  | [Normal]     | 98%    |   36.4ms | 1 billion before GTA6?...
[GAMING/GAM] | YouTube  | [Normal]     | 96%    |   43.6ms | Will there ever be a Blu-ray release of ...
[GAMING/GAM] | YouTube  | [Normal]     | 93%    |   43.3ms | is iron lung going to be on a streaming ...
[MUSIC/CHIL] | YouTube  | [Normal]     | 98%    |   39.7ms | :green_heart::blue_heart:...
[ENTERTAINM] | YouTube  | [Normal]     | 95%    |   35.8ms | hello...
[ENTERTAINM] | YouTube  | [Normal]     | 94%    |   38.6ms | please give me iphone...
[GAMING/GAM] | YouTube  | [Normal]     | 59%    |   38.6ms | their are no anomalies...
[ENTERTAINM] | YouTube  | [Normal]     | 94%    |   28.7ms | hi...
[GAMING/SUR] | YouTube  | [Normal]     | 93%    |   34.9ms | ELEC BRANCH ONLY 10 POWER PER...
[GAMING/GAM] | YouTube  | [Normal]     | 97%    |   35.3ms | hello marki moo...
[NEWS/LIVE ] | YouTube  | [Normal]     | 87%    |   44.0ms | Boston is like the Cancer Capital of the...
[GAMING/GAM] | YouTube  | [Normal]     | 91%    |   34.3ms | top left...
[LIFESTYLE/] | YouTube  | [Normal]     | 90%    |   55.8ms | I wonder if this man on the road needs h...
[ENTERTAINM] | YouTube  | [Normal]     | 94%    |   30.1ms | hi...
[GAMING/GAM] | YouTube  | [Normal]     | 85%    |   54.1ms | you’re almost to the end!!!...
[ENTERTAINM] | YouTube  | [Normal]     | 94%    |   49.4ms | Philippines...
[ENTERTAINM] | YouTube  | [Normal]     | 90%    |   50.4ms | how much likes for new airpods...
[GAMING/GAM] | YouTube  | [Normal]     | 81%    |   51.7ms | Railing in the stairwell changed I'm not...
[GAMING/GAM] | YouTube  | [Normal]     | 97%    |   34.1ms | Red railing moved  stairwell...
[GAMING/SUR] | YouTube  | [Normal]     | 94%    |   35.0ms | What is he building ?...
[GAMING/GAM] | YouTube  | [Normal]     | 97%    |   37.6ms | lamp movement in interior?...
[GAMING/GAM] | YouTube  | [Normal]     | 96%    |   45.9ms | STAIRWELL: left side railing moved  you ...
[MUSIC/CHIL] | YouTube  | [Normal]     | 97%    |   39.2ms | :smiling_face_with_halo:🪏...
[GAMING/GAM] | YouTube  | [Normal]     | 97%    |   39.5ms | Missing item in interior! under the map!...
[GAMING/SUR] | YouTube  | [Normal]     | 92%    |   36.0ms | ayoooo...
[GAMING/GAM] | YouTube  | [Normal]     | 93%    |   34.3ms | THE BAGS...
[ENTERTAINM] | YouTube  | [Normal]     | 97%    |   38.5ms | salutations...
[PSYCHOLOGY] | YouTube  | [Normal]     | 93%    |   46.0ms | Feeling hit chat? me too lol...
[GAMING/SUR] | YouTube  | [Normal]     | 81%    |   35.5ms | You are doing it wrong!...
[GAMING/GAM] | YouTube  | [Normal]     | 91%    |   34.1ms | must have been the wind...
[ENTERTAINM] | YouTube  | [Normal]     | 72%    |   27.8ms | CONGRATSSS...
[MUSIC/CHIL] | YouTube  | [Normal]     | 91%    |   48.3ms | a zis de fapt amintești de mine sau cum ...
[GAMING/SUR] | YouTube  | [Normal]     | 94%    |   29.9ms | 10...
[ENTERTAINM] | YouTube  | [Normal]     | 94%    |   36.3ms | congrats...
[GAMING/SUR] | YouTube  | [Normal]     | 92%    |   39.8ms | NO!!! 10 on all...
[PSYCHOLOGY] | YouTube  | [Normal]     | 87%    |   48.2ms | omg i wanna hear her day " get in the ch...
[PSYCHOLOGY] | YouTube  | [Normal]     | 96%    |   33.6ms | :grinning_squinting_face:...
[GAMING/SUR] | YouTube  | [Normal]     | 96%    |   42.3ms | my adhd loves how the power boxes are pe...
[ENTERTAINM] | YouTube  | [Normal]     | 98%    |   52.5ms | :triangular_flag::triangular_flag::trian...
[GAMING/GAM] | YouTube  | [Normal]     | 96%    |   43.3ms | MARK THE RAILING HAS MOVED IN THE STAIRW...
[GAMING/GAM] | YouTube  | [Normal]     | 93%    |   38.3ms | I feel like this game is less scary...
[GAMING/GAM] | YouTube  | [Normal]     | 95%    |   35.7ms | MISSING OBJECT ON THE DESK IN INTERIOR...
[ENTERTAINM] | YouTube  | [Normal]     | 96%    |   30.0ms | New member...
[GAMING/GAM] | YouTube  | [Normal]     | 72%    |   43.3ms | Mark  that broken bit in the stairwell m...
[ENTERTAINM] | YouTube  | [Normal]     | 97%    |  188.0ms | :finger-red-number-one::finger-red-numbe...
[PSYCHOLOGY] | YouTube  | [Normal]     | 68%    |   29.4ms | Enough woman!...
[GAMING/GAM] | YouTube  | [Normal]     | 95%    |   32.2ms | there is a camera anomaly top left...
[GAMING/GAM] | YouTube  | [Normal]     | 97%    |   30.1ms | EXTRA SACK IN BASEMENT...
[ENTERTAINM] | YouTube  | [Normal]     | 93%    |  121.0ms | 70 000!!!!!!!!!!!!!!!!!!!!!!!!!!!!!!!!!!...
[GAMING/GAM] | YouTube  | [Normal]     | 94%    |   32.0ms | missing object  typewriter  desk  interi...
[GAMING/SUR] | YouTube  | [Normal]     | 94%    |   29.1ms | RIP...
[GAMING/GAM] | YouTube  | [Normal]     | 96%    |   39.8ms | STAIRWELL: left side railing moved  INTE...
[ENTERTAINM] | YouTube  | [Normal]     | 89%    |   44.0ms | don't say 67 that's make me uncomfortabl...
[SELF-HELP/] | YouTube  | [Normal]     | 92%    |   39.5ms | Dr K will you make addiction workshop yo...
[GAMING/GAM] | YouTube  | [Normal]     | 94%    |   24.0ms | AAA...
[GAMING/GAM] | YouTube  | [Normal]     | 87%    |   30.1ms | THE BROKEN RAIL IN STAIRWELL IS MOVED...
[ENTERTAINM] | YouTube  | [Normal]     | 97%    |   52.5ms | :red_heart::red_heart::red_heart::red_he...
[GAMING/GAM] | YouTube  | [Normal]     | 95%    |   62.1ms | :rolling_on_the_floor_laughing::rolling_...
[GAMING/GAM] | YouTube  | [Normal]     | 85%    |   34.2ms | DEMON...
[ENTERTAINM] | YouTube  | [Normal]     | 97%    |   39.3ms | Mr beast can I have a cookie...
[GAMING/GAM] | YouTube  | [Normal]     | 95%    |   38.2ms | AAAAAAAAAAA...
[GAMING/GAM] | YouTube  | [Normal]     | 87%    |   41.1ms | I think there's an intruder in the basem...
[GAMING/GAM] | YouTube  | [Normal]     | 94%    |   34.9ms | dear lord...
[NEWS/LIVE ] | YouTube  | [Normal]     | 98%    |   43.2ms | hello?:face-purple-smiling-tears:...
[GAMING/GAM] | YouTube  | [Normal]     | 93%    |   27.2ms | THAT GOT ME...
[PSYCHOLOGY] | YouTube  | [Normal]     | 83%    |   36.3ms | brother fantasy is all we inferior genet...
[MUSIC/CHIL] | YouTube  | [Normal]     | 96%    |   64.1ms | mai shadi karunga tab aogii aap ???:roll...
[GAMING/GAM] | YouTube  | [Normal]     | 96%    |   29.4ms | LMAO...
[ENTERTAINM] | YouTube  | [Normal]     | 98%    |   84.2ms | What country will u visit next :cat-oran...
[PSYCHOLOGY] | YouTube  | [OFFENSIVE]  | 57%    |   38.3ms | shitting on our copium...
[GAMING/GAM] | YouTube  | [Normal]     | 96%    |   38.2ms | I’m back what did I miss...
[PSYCHOLOGY] | YouTube  | [HATE]       | 49%    |   38.1ms | why would they not be?...
[GAMING/GAM] | YouTube  | [Normal]     | 89%    |   65.6ms | THE BBROKEN RAILING IN THE STAIRWELL MOV...
[GAMING/GAM] | YouTube  | [Normal]     | 92%    |   33.1ms | BROKEN RAIL OBJECT MOVEMENT IN STAIRWELL...
[GAMING/GAM] | YouTube  | [Normal]     | 85%    |   27.0ms | DEAD BODY ON CABIN...
[GAMING/GAM] | YouTube  | [Normal]     | 89%    |   62.3ms | long time fan. I have an Unus Annus hood...
[GAMING/GAM] | YouTube  | [Normal]     | 95%    |   32.7ms | smoke in yard...
[ENTERTAINM] | YouTube  | [Normal]     | 94%    |   28.1ms | hi me...
[ENTERTAINM] | YouTube  | [Normal]     | 93%    |   32.1ms | hi from Kurdistan...
[GAMING/SUR] | YouTube  | [Normal]     | 94%    |   38.7ms | @fomo_9386 everyone almost cares...
[EDUCATION/] | YouTube  | [Normal]     | 92%    |   41.2ms | Soundsoudnsidusosudshisjsbssi...
[SELF-HELP/] | YouTube  | [Normal]     | 94%    |   35.0ms | There's downsides...
[GAMING/GAM] | YouTube  | [Normal]     | 91%    |   43.8ms | JESUS THAT ASCARED ME...
[GAMING/GAM] | YouTube  | [Normal]     | 93%    |   43.8ms | desk missing object  interior...
[GAMING/GAM] | YouTube  | [Normal]     | 94%    |   38.2ms | IT DID...
[GAMING/GAM] | YouTube  | [Normal]     | 90%    |   47.6ms | 2 GAS CAN YARD...
[SELF-HELP/] | YouTube  | [OFFENSIVE]  | 35%    |   47.6ms | because intelligence bad...
[GAMING/GAM] | YouTube  | [Normal]     | 94%    |   39.7ms | 30 to go!...
[ENTERTAINM] | YouTube  | [Normal]     | 96%    |   59.7ms | What’s it like having the most subscribe...
[SELF-HELP/] | YouTube  | [HATE]       | 41%    |   58.5ms | because they try to copy others...
[GAMING/GAM] | YouTube  | [Normal]     | 97%    |   60.9ms | markiplier sipping a pina colada on a sh...
[SELF-HELP/] | YouTube  | [Normal]     | 94%    |   54.4ms | suffering that comes with it...
[ENTERTAINM] | YouTube  | [Normal]     | 95%    |   46.6ms | WE NEED GROCERY STORE PART 2...
[GAMING/GAM] | YouTube  | [Normal]     | 94%    |   60.9ms | SLOW DOWWNNN pls :<...
[SELF-HELP/] | YouTube  | [Normal]     | 53%    |   47.7ms | if everyone is a genius then no one is a...
[ENTERTAINM] | YouTube  | [Normal]     | 95%    |   35.6ms | please help...
[SELF-HELP/] | YouTube  | [Normal]     | 42%    |   57.3ms | too high iq is detrimental...
[ENTERTAINM] | YouTube  | [Normal]     | 92%    |   55.5ms | yooooo...
[GAMING/GAM] | YouTube  | [Normal]     | 96%    |   37.1ms | MISSING ITEM BY INTERIOR DESK...
[GAMING/GAM] | YouTube  | [Normal]     | 96%    |   27.9ms | RED HANGING THING MOVING...
[SELF-HELP/] | YouTube  | [Normal]     | 95%    |   48.0ms | 1) it's psuedonormalized to 100  2) iq i...
[GAMING/GAM] | YouTube  | [Normal]     | 95%    |   30.7ms | Railing moved a little...
[GAMING/GAM] | YouTube  | [Normal]     | 97%    |   84.5ms | PAPI HIIII :smiling_face_with_heart_eyes...
[SELF-HELP/] | YouTube  | [Normal]     | 95%    |   31.8ms | Idk...
[SELF-HELP/] | YouTube  | [Normal]     | 72%    |   43.7ms | Because that’s the average duhhh...
[ENTERTAINM] | YouTube  | [Normal]     | 97%    |   39.9ms | هل أنت مسلم...
[PSYCHOLOGY] | YouTube  | [Normal]     | 95%    |   33.7ms | no direct measurements...
[GAMING/GAM] | YouTube  | [Normal]     | 95%    |   34.8ms | the top of the lighthouse down right cor...
[ENTERTAINM] | YouTube  | [Normal]     | 95%    |   33.8ms | Zoybean Pod!!!!...
[GAMING/GAM] | YouTube  | [Normal]     | 96%    |   37.7ms | was the lantern in the interior not on ?...
[GAMING/GAM] | YouTube  | [Normal]     | 96%    |   42.5ms | :_markiSHUSH::_markiDEEP::_markiBRAIN:...
[GAMING/GAM] | YouTube  | [Normal]     | 92%    |   39.5ms | :brain::brain::brain::brain:...
[GAMING/GAM] | YouTube  | [OFFENSIVE]  | 83%    |   44.8ms | @Markiplier  i just watched Iron Lung  h...
[ENTERTAINM] | YouTube  | [Normal]     | 90%    |   32.5ms | ไง...
[GAMING/GAM] | YouTube  | [Normal]     | 91%    |   43.7ms | yeeeeeeeeaaaaaaasssssss...
[ENTERTAINM] | YouTube  | [Normal]     | 53%    |   38.8ms | wsp Jimmmyyy...
[MUSIC/CHIL] | YouTube  | [Normal]     | 96%    |   34.1ms | lovely what happened my crush...
[GAMING/GAM] | YouTube  | [Normal]     | 95%    |   48.2ms | 2Nd!!!!...
[GAMING/GAM] | YouTube  | [Normal]     | 96%    |   42.0ms | it makes me so happy to see mark wearing...
[GAMING/GAM] | YouTube  | [Normal]     | 93%    |   42.3ms | YOU"RE WELCOME...
[GAMING/GAM] | YouTube  | [Normal]     | 91%    |   34.4ms | Helped with the barrels technically too...
[ENTERTAINM] | YouTube  | [Normal]     | 97%    |   86.5ms | :face_screaming_in_fear::face_screaming_...
[GAMING/GAM] | YouTube  | [Normal]     | 92%    |   30.0ms | Woah...
[ENTERTAINM] | YouTube  | [Normal]     | 94%    |   34.6ms | hi...
[SELF-HELP/] | YouTube  | [Normal]     | 94%    |   49.8ms | being smart is stressful and depressing...
[GAMING/GAM] | YouTube  | [Normal]     | 94%    |   35.1ms | Uhhh...
[GAMING/GAM] | YouTube  | [Normal]     | 76%    |   38.8ms | Pig missing in the stairwell...
[ENTERTAINM] | YouTube  | [Normal]     | 93%    |   42.4ms | DANIEL MAU 1JT DOLAR BANG MISTER BIS...
[ENTERTAINM] | YouTube  | [Normal]     | 91%    |   32.5ms | Pakistan...
[GAMING/GAM] | YouTube  | [Normal]     | 92%    |   36.4ms | Did it just make you complete a captcha?...
[GAMING/GAM] | YouTube  | [Normal]     | 94%    |   33.7ms | gross...
[GAMING/SUR] | YouTube  | [Normal]     | 83%    |   44.2ms | omg PEANUT YOURE MAKING IT WAY TO DIFFIC...
[GAMING/SUR] | YouTube  | [Normal]     | 80%    |   37.1ms | half wall the back side...
[GAMING/GAM] | YouTube  | [Normal]     | 58%    |   41.5ms | I swear to shit there is something under...
[GAMING/GAM] | YouTube  | [Normal]     | 61%    |   38.5ms | damn they really did an ARE YOU A ROBOT ...
[ENTERTAINM] | YouTube  | [Normal]     | 91%    |   32.9ms | w...
[GAMING/GAM] | YouTube  | [Normal]     | 79%    |   35.2ms | So many intruders...
[GAMING/GAM] | YouTube  | [Normal]     | 87%    |   31.7ms | Broken rail movement...
[GAMING/GAM] | YouTube  | [Normal]     | 92%    |   53.6ms | Oooo... Don't die in the end... >-<...
[MUSIC/CHIL] | YouTube  | [Normal]     | 89%    |   45.7ms | not good kejtiii you also participate in...
[GAMING/GAM] | YouTube  | [Normal]     | 72%    |   39.5ms | They're throwing everything at you lol...
[GAMING/GAM] | YouTube  | [Normal]     | 91%    |   37.0ms | hey mark I found an anomaly behind you...
[GAMING/GAM] | YouTube  | [Normal]     | 95%    |   36.6ms | THE BAGS IN THE BASEMENT!!!...
[GAMING/GAM] | YouTube  | [Normal]     | 93%    |   33.1ms | The open door is now closed...
[GAMING/GAM] | YouTube  | [Normal]     | 60%    |   31.9ms | Yippeeeeeee...
[ENTERTAINM] | YouTube  | [Normal]     | 95%    |   29.5ms | Love you bro jimmy...
[GAMING/GAM] | YouTube  | [Normal]     | 96%    |   31.4ms | WE WON...
[ENTERTAINM] | YouTube  | [Normal]     | 96%    |   56.1ms | @MrBeast I been watching you since 2022 ...
[ENTERTAINM] | YouTube  | [Normal]     | 96%    |   29.2ms | превет...
[GAMING/GAM] | YouTube  | [Normal]     | 96%    |   32.3ms | this a vibe...
[ENTERTAINM] | YouTube  | [Normal]     | 96%    |   34.8ms | :finger-red-number-one:...
[ENTERTAINM] | YouTube  | [Normal]     | 98%    |   74.2ms | Winning a random person":coconut::coconu...
[ENTERTAINM] | YouTube  | [Normal]     | 91%    |   49.3ms | So  do you think that 1 Billion subs IS ...
[ENTERTAINM] | YouTube  | [Normal]     | 93%    |   30.1ms | hello mr beast...
[ENTERTAINM] | YouTube  | [Normal]     | 95%    |   30.0ms | Congratulations...
[ENTERTAINM] | YouTube  | [Normal]     | 97%    |   44.3ms | I'm 19 years old and I work in a Russian...
[GAMING/GAM] | YouTube  | [Normal]     | 91%    |   29.6ms | W...
[ENTERTAINM] | YouTube  | [Normal]     | 94%    |   35.4ms | :nauseated_face:...
[ENTERTAINM] | YouTube  | [HATE]       | 73%    |   31.3ms | Your the goat...
[GAMING/GAM] | YouTube  | [Normal]     | 83%    |   42.3ms | Dun dun dun dunnnn.. dun dun dun dun...
[SELF-HELP/] | YouTube  | [Normal]     | 98%    |   38.0ms | that a CDO reference?...
[SELF-HELP/] | YouTube  | [Normal]     | 74%    |   31.5ms | no taxes...
[ENTERTAINM] | YouTube  | [Normal]     | 97%    |   58.8ms | :face_with_tears_of_joy::face_with_tears...
[GAMING/GAM] | YouTube  | [Normal]     | 91%    |   31.7ms | W...
[GAMING/GAM] | YouTube  | [Normal]     | 95%    |   37.6ms | NUMBER 1 <3...
[GAMING/GAM] | YouTube  | [Normal]     | 95%    |   31.8ms | Airplane...
[PSYCHOLOGY] | YouTube  | [Normal]     | 50%    |   45.1ms | ok but they're still right about women...
[GAMING/GAM] | YouTube  | [Normal]     | 91%    |   44.0ms | from al the games  which anomaly is ur f...
[ENTERTAINM] | YouTube  | [Normal]     | 96%    |   46.7ms | :grinning_face_with_sweat:...
[GAMING/GAM] | YouTube  | [Normal]     | 93%    |   38.7ms | NO IM NOT A HUMAN MOVIE PLS...
[ENTERTAINM] | YouTube  | [Normal]     | 95%    |   31.9ms | XD...
[GAMING/GAM] | YouTube  | [Normal]     | 95%    |   35.8ms | wow...
[GAMING/GAM] | YouTube  | [Normal]     | 94%    |   44.2ms | I'm going to watch Iron Lung Tomorrow!!!...
[GAMING/GAM] | YouTube  | [Normal]     | 94%    |   31.9ms | COPYRIGHT...
[SELF-HELP/] | YouTube  | [Normal]     | 96%    |   28.1ms | michael burry?...
[GAMING/GAM] | YouTube  | [Normal]     | 96%    |   39.2ms | I just came back from watching Iron Lung...
[GAMING/GAM] | YouTube  | [Normal]     | 95%    |   28.0ms | yay...
[GAMING/GAM] | YouTube  | [Normal]     | 96%    |   35.3ms | when is it coming to BRAZIL?????...
[ENTERTAINM] | YouTube  | [Normal]     | 95%    |   26.3ms | hiiii...
[GAMING/GAM] | YouTube  | [Normal]     | 95%    |   44.1ms | can you do a fnaf live stream soon pleas...
[GAMING/GAM] | YouTube  | [Normal]     | 96%    |   41.1ms | Take it to Spain!!!!...
[ENTERTAINM] | YouTube  | [Normal]     | 94%    |   26.8ms | hi...
[GAMING/SUR] | YouTube  | [Normal]     | 89%    |   24.7ms | DO IT...
[ENTERTAINM] | YouTube  | [Normal]     | 92%    |   27.5ms | Hi mrbeast...
[SELF-HELP/] | YouTube  | [HATE]       | 69%    |   31.7ms | autistic traits lend to higher intellige...
[GAMING/GAM] | YouTube  | [Normal]     | 96%    |   56.1ms | Wait is this Iron Lung??? The #1 movie i...
[ENTERTAINM] | YouTube  | [Normal]     | 92%    |   25.2ms | portugall...
[ENTERTAINM] | YouTube  | [Normal]     | 98%    |   64.4ms | :red_heart::red_heart::red_heart::red_he...
[GAMING/GAM] | YouTube  | [Normal]     | 91%    |   38.4ms | SO MUCH fanart of you in that shirtless ...
[ENTERTAINM] | YouTube  | [Normal]     | 95%    |   36.1ms | ff...
[ENTERTAINM] | YouTube  | [Normal]     | 95%    |   40.1ms | HELLO...
[ENTERTAINM] | YouTube  | [Normal]     | 98%    |  170.2ms | :buffering::stayhome::dothefive::person-...
[GAMING/GAM] | YouTube  | [Normal]     | 97%    |   43.1ms | I saw it today!! I'm so excited it was w...
[GAMING/GAM] | YouTube  | [Normal]     | 96%    |   31.6ms | outer wilds time...
[GAMING/GAM] | YouTube  | [Normal]     | 42%    |   31.8ms | yippeeee!...
[GAMING/GAM] | YouTube  | [Normal]     | 76%    |   44.6ms | WILL YOU WEAR WIGS? WHEN WILL YOU WEAR W...
[GAMING/GAM] | YouTube  | [Normal]     | 97%    |   46.2ms | I enjoyed the movie in Indiana  can’t wa...
[GAMING/SUR] | YouTube  | [Normal]     | 77%    |   33.3ms | That guy is super annoying...
[GAMING/GAM] | YouTube  | [Normal]     | 95%    |   27.6ms | GOODNIGHT...
[GAMING/GAM] | YouTube  | [Normal]     | 61%    |   35.3ms | WE ARE WIENERS...
[GAMING/GAM] | YouTube  | [Normal]     | 95%    |   35.8ms | 1 1 1 1...
[GAMING/GAM] | YouTube  | [Normal]     | 96%    |   43.5ms | Mark I may have spilled some popcorn at ...
[GAMING/GAM] | YouTube  | [Normal]     | 97%    |   35.7ms | Marky moo I love you...
[ENTERTAINM] | YouTube  | [Normal]     | 91%    |   35.5ms | TECHNOBLADE...
[GAMING/SUR] | YouTube  | [Normal]     | 92%    |   40.2ms | oh no...
[GAMING/GAM] | YouTube  | [Normal]     | 93%    |   34.7ms | YAYYY...
[GAMING/GAM] | YouTube  | [Normal]     | 96%    |   49.2ms | :_markiHEART::_markiHEART::_markiHEART:...
[ENTERTAINM] | YouTube  | [Normal]     | 96%    |   40.5ms | New member...
[GAMING/GAM] | YouTube  | [Normal]     | 41%    |   42.9ms | yippee...
[GAMING/GAM] | YouTube  | [Normal]     | 97%    |   63.5ms | Excellent obversation sir :saluting_face...
[GAMING/GAM] | YouTube  | [Normal]     | 96%    |   71.0ms | is it showing in UK???...
[GAMING/GAM] | YouTube  | [Normal]     | 93%    |   40.2ms | iron lung was so good...
[GAMING/GAM] | YouTube  | [Normal]     | 91%    |   44.9ms | WHEN WHEN WHEN...
[GAMING/GAM] | YouTube  | [Normal]     | 86%    |   43.8ms | yeah  I can't leave the house...
[GAMING/SUR] | YouTube  | [Normal]     | 95%    |   49.3ms | Is officer going to join use?...
[MUSIC/CHIL] | YouTube  | [Normal]     | 95%    |   51.6ms | :candy:...
[GAMING/GAM] | YouTube  | [Normal]     | 94%    |   37.2ms | Booo...
[ENTERTAINM] | YouTube  | [Normal]     | 95%    |   47.5ms | Hello...
[MUSIC/CHIL] | YouTube  | [Normal]     | 98%    |   68.6ms | :face-blue-wide-eyes::face-blue-wide-eye...
[PSYCHOLOGY] | YouTube  | [Normal]     | 93%    |   47.5ms | f...
[MUSIC/CHIL] | YouTube  | [Normal]     | 98%    |   76.1ms | :face-blue-wide-eyes::face-blue-wide-eye...
[GAMING/GAM] | YouTube  | [Normal]     | 96%    |   42.4ms | Yeah the big game...
[ENTERTAINM] | YouTube  | [Normal]     | 82%    |   45.3ms | rei gooooooooo...
[ENTERTAINM] | YouTube  | [Normal]     | 94%    |   40.9ms | Hi...
[GAMING/GAM] | YouTube  | [Normal]     | 96%    |   33.7ms | YAY AIRPLANE...
[ENTERTAINM] | YouTube  | [Normal]     | 95%    |   37.7ms | KOSOVO  KOSOVO  KOSOVO  KOSOVO  KOSOVO  ...
[ENTERTAINM] | YouTube  | [Normal]     | 96%    |   36.5ms | sar please take my name my name is Umar...
[GAMING/GAM] | YouTube  | [Normal]     | 91%    |   34.1ms | John lung!...
[ENTERTAINM] | YouTube  | [Normal]     | 95%    |   36.0ms | 88888...
[GAMING/GAM] | YouTube  | [Normal]     | 92%    |   40.1ms | Iron Lung was so good  even though i don...
[ENTERTAINM] | YouTube  | [Normal]     | 97%    |   30.8ms | hiiiii...
[ENTERTAINM] | YouTube  | [HATE]       | 52%    |   49.0ms | @MrBeast You Are The Goat of Youtube:yt:...
[GAMING/SUR] | YouTube  | [Normal]     | 89%    |   40.0ms | WELYNS KNOW WE APPREACIATE YOU...
[GAMING/GAM] | YouTube  | [Normal]     | 97%    |   53.3ms | ah yes my favourite event "the incredibl...
[MUSIC/CHIL] | YouTube  | [Normal]     | 97%    |   43.4ms | lovely :smiling_face_with_heart_eyes:...
[ENTERTAINM] | YouTube  | [Normal]     | 95%    |   34.9ms | said hi...
[GAMING/GAM] | YouTube  | [Normal]     | 94%    |   51.2ms | hi dadaplier...
[GAMING/GAM] | YouTube  | [Normal]     | 92%    |   43.9ms | It’s nudie magazine day!...
[PSYCHOLOGY] | YouTube  | [Normal]     | 84%    |   42.4ms | bro sex is everywhere in US culture. non...
[GAMING/GAM] | YouTube  | [Normal]     | 95%    |   31.6ms | Hellooooo...
[GAMING/GAM] | YouTube  | [Normal]     | 96%    |   63.6ms | THIS IS SO INTERESTING HEARING YOUR THOU...
[GAMING/GAM] | YouTube  | [Normal]     | 96%    |   33.5ms | more or less...
[GAMING/GAM] | YouTube  | [Normal]     | 92%    |   35.2ms | Ye!...
[ENTERTAINM] | YouTube  | [Normal]     | 93%    |   33.8ms | hello Mr beast...
[GAMING/GAM] | YouTube  | [Normal]     | 94%    |   47.0ms | just watch ur movie it was great...
[GAMING/GAM] | YouTube  | [Normal]     | 92%    |   32.9ms | Yeah...
[GAMING/GAM] | YouTube  | [Normal]     | 87%    |   42.2ms | I have low blood sugar I can’t focus i s...
[ENTERTAINM] | YouTube  | [Normal]     | 92%    |   27.2ms | MR BEASTTTTT...
[ENTERTAINM] | YouTube  | [Normal]     | 94%    |   27.1ms | hi...
[GAMING/GAM] | YouTube  | [Normal]     | 98%    |   36.6ms | ONE EXTRA RED LIGHT IN COCKPIT TOP LEFT ...
[GAMING/GAM] | YouTube  | [Normal]     | 93%    |   35.4ms | I wasn’t looking...
[SELF-HELP/] | YouTube  | [Normal]     | 74%    |   34.9ms | you are but im not...
[GAMING/GAM] | YouTube  | [Normal]     | 94%    |   36.2ms | the stairwell railing on the stair broke...
[MUSIC/CHIL] | YouTube  | [Normal]     | 98%    |   31.7ms | hello:hand-pink-waving:...
[GAMING/GAM] | YouTube  | [Normal]     | 80%    |   31.2ms | WE’RE NOT DOGS...
[ENTERTAINM] | YouTube  | [Normal]     | 97%    |   40.0ms | Hello mrbeast I'm from Uzbekistan :blue_...
[MUSIC/CHIL] | YouTube  | [Normal]     | 95%    |   34.6ms | :thinking_face:...
[GAMING/SUR] | YouTube  | [Normal]     | 94%    |   48.3ms | This is differently not gonna be Maduro ...
[MUSIC/CHIL] | YouTube  | [Normal]     | 98%    |   38.9ms | B R B :comet:...
[GAMING/GAM] | YouTube  | [Normal]     | 96%    |   36.2ms | FREDDY!!!!!...
[GAMING/SUR] | YouTube  | [Normal]     | 83%    |   40.4ms | keep gettin it mr nut...
[GAMING/GAM] | YouTube  | [Normal]     | 90%    |   38.7ms | is there a hand by the plane entrance on...
[GAMING/GAM] | YouTube  | [Normal]     | 84%    |   39.7ms | plane says its on time  anomaly planes a...
[ENTERTAINM] | YouTube  | [Normal]     | 94%    |   33.4ms | congragulation...
[GAMING/GAM] | YouTube  | [Normal]     | 92%    |   32.7ms | bathroom floor...
[ENTERTAINM] | YouTube  | [Normal]     | 94%    |   31.5ms | hi...
[ENTERTAINM] | YouTube  | [Normal]     | 86%    |   34.0ms | helo mr beast...
[GAMING/GAM] | YouTube  | [Normal]     | 97%    |   36.9ms | Banana next to mug in the cockpit....
[GAMING/GAM] | YouTube  | [Normal]     | 89%    |   34.9ms | Someone was doing something in that bath...
[ENTERTAINM] | YouTube  | [Normal]     | 97%    |   61.7ms | :balloon::balloon::balloon::balloon::bal...
[GAMING/GAM] | YouTube  | [Normal]     | 93%    |   28.1ms | PERSON IN A SEAT...
[GAMING/GAM] | YouTube  | [Normal]     | 95%    |   36.3ms | Possible extra bottle by the sink in bat...
[GAMING/GAM] | YouTube  | [Normal]     | 92%    |   31.4ms | BATHROOM...
[ENTERTAINM] | YouTube  | [Normal]     | 95%    |   39.4ms | Congrats Jimmy...
[GAMING/GAM] | YouTube  | [Normal]     | 92%    |   46.2ms | mannnn he plays observation duty  but he...
[ENTERTAINM] | YouTube  | [Normal]     | 98%    |   86.0ms | :face-red-heart-shape::face-red-heart-sh...
[GAMING/GAM] | YouTube  | [Normal]     | 87%    |   41.9ms | slender man in gate...
[GAMING/SUR] | YouTube  | [Normal]     | 91%    |   33.0ms | !DISCORD...
[GAMING/GAM] | YouTube  | [Normal]     | 97%    |   37.5ms | I gotta run. have fun everyone. Bye Mark...
[ENTERTAINM] | YouTube  | [Normal]     | 93%    |   35.8ms | Oooo...
[GAMING/GAM] | YouTube  | [Normal]     | 89%    |   37.2ms | Of course there are tissues in the bathr...
[ENTERTAINM] | YouTube  | [Normal]     | 97%    |   36.2ms | everyone loves a good heros journey...
[SPORTS/FOO] | YouTube  | [Normal]     | 96%    |   65.8ms | 지금생방아니에요???...
[GAMING/GAM] | YouTube  | [Normal]     | 55%    |   38.4ms | ALIEN LOOKING THING IN THE BACK OF THE E...
[GAMING/GAM] | YouTube  | [Normal]     | 96%    |   44.4ms | Idk man I just started paying attention...
[GAMING/GAM] | YouTube  | [Normal]     | 93%    |   39.8ms | I may be crazy but banana moved?...
[GAMING/GAM] | YouTube  | [Normal]     | 97%    |   43.2ms | EXTRA PLANE PAINTING IN THE CLASS ON THE...
[ENTERTAINM] | YouTube  | [Normal]     | 95%    |   27.7ms | hello...
[GAMING/GAM] | YouTube  | [Normal]     | 87%    |   38.9ms | Woooooo...
[ENTERTAINM] | YouTube  | [Normal]     | 97%    |   35.2ms | 500M PUSH...
[GAMING/GAM] | YouTube  | [Normal]     | 96%    |   32.5ms | luggage compartment open...
[GAMING/GAM] | YouTube  | [Normal]     | 96%    |   31.2ms | MAY I get banned?...
[MUSIC/CHIL] | YouTube  | [Normal]     | 96%    |   30.8ms | ....
[GAMING/GAM] | YouTube  | [Normal]     | 95%    |   45.6ms | this round's gonna get a ton of bans lma...
[ENTERTAINM] | YouTube  | [Normal]     | 95%    |   56.6ms | JiMMY can I get a shout out pls? and wha...
[GAMING/GAM] | YouTube  | [Normal]     | 91%    |   32.6ms | NO CAMERA SIGN IN BATHROOM...
[PSYCHOLOGY] | YouTube  | [Normal]     | 71%    |   38.6ms | @HealthyGamerGG what about your yourself...
[ENTERTAINM] | YouTube  | [Normal]     | 97%    |   51.2ms | SHOUT OUT PLEASE ALL THE WAY FROM SOUTH ...
[ENTERTAINM] | YouTube  | [Normal]     | 95%    |   35.7ms | Mr beast can you please give me an ipad ...
[ENTERTAINM] | YouTube  | [Normal]     | 96%    |   33.0ms | XDXDXD...
[GAMING/GAM] | YouTube  | [Normal]     | 94%    |   33.2ms | BOX IN TOP LEFT LOOKS SUSPICIOUS...
[ENTERTAINM] | YouTube  | [Normal]     | 83%    |   34.3ms | Korea...
[GAMING/GAM] | YouTube  | [Normal]     | 93%    |   42.7ms | what has been your favorite horror game?...
[GAMING/GAM] | YouTube  | [HATE]       | 41%    |   30.9ms | what if they british? so social security...
[NEWS/LIVE ] | YouTube  | [Normal]     | 74%    |   30.1ms | STOP THE GENOCIDE...
[GAMING/GAM] | YouTube  | [OFFENSIVE]  | 87%    |   42.5ms | bro's stealing CaseOh's linesssss...
[GAMING/GAM] | YouTube  | [Normal]     | 91%    |   31.5ms | tuff...
[GAMING/SUR] | YouTube  | [Normal]     | 89%    |   38.6ms | @traviii420 such a bad game...
[ENTERTAINM] | YouTube  | [Normal]     | 96%    |   33.8ms | hii sir...
[PSYCHOLOGY] | YouTube  | [Normal]     | 96%    |   34.4ms | 20 milly!...
[ENTERTAINM] | YouTube  | [Normal]     | 97%    |   39.4ms | Video coming in the world cup topic?...
[NEWS/LIVE ] | YouTube  | [Normal]     | 96%    |   47.5ms | :saluting_face:...
[ENTERTAINM] | YouTube  | [Normal]     | 86%    |   37.0ms | YOOOO MRBEAST WSGG HOMIE...
[GAMING/GAM] | YouTube  | [Normal]     | 92%    |   30.8ms | EEYUCK...
[GAMING/GAM] | YouTube  | [Normal]     | 84%    |   28.7ms | BAN...
[GAMING/GAM] | YouTube  | [Normal]     | 95%    |   35.7ms | Extra bag economy class near exist...
[GAMING/GAM] | YouTube  | [Normal]     | 97%    |   36.3ms | coffee cup cockpit...
[GAMING/GAM] | YouTube  | [Normal]     | 95%    |   31.5ms | Paper in seat back...
[MUSIC/CHIL] | YouTube  | [Normal]     | 90%    |   44.2ms | oxigen :loudly_crying_face: yes u should...
[SELF-HELP/] | YouTube  | [Normal]     | 90%    |   38.3ms | how to solve rumination...
[ENTERTAINM] | YouTube  | [Normal]     | 96%    |   37.2ms | can you lower the cost of festable in in...
[ENTERTAINM] | YouTube  | [Normal]     | 97%    |   32.1ms | Love From India...
[ENTERTAINM] | YouTube  | [Normal]     | 83%    |   55.5ms | Your hard work really payoff mr beast...
[GAMING/GAM] | YouTube  | [Normal]     | 95%    |   53.9ms | window by the gate...
[MUSIC/CHIL] | YouTube  | [HATE]       | 62%    |   57.4ms | No fights no friend neutral Raggy today ...
[ENTERTAINM] | YouTube  | [Normal]     | 98%    |   58.7ms | :red_heart::red_heart::red_heart::red_he...
[ENTERTAINM] | YouTube  | [Normal]     | 96%    |   44.0ms | can you make more smaller videos like yo...
[GAMING/GAM] | YouTube  | [Normal]     | 97%    |   31.6ms | Gate entrance lights swapped I think?...
[GAMING/GAM] | YouTube  | [Normal]     | 91%    |   31.2ms | Mark is going mad with power...
[GAMING/GAM] | YouTube  | [Normal]     | 49%    |   48.8ms | Help  why did he ban the actual person f...
[GAMING/GAM] | YouTube  | [Normal]     | 97%    |   30.9ms | Extra bottle on table with donuts?...
[ENTERTAINM] | YouTube  | [Normal]     | 88%    |   31.8ms | BEAST ARE YOU COMING TO WATCH THE WORLD ...
[GAMING/GAM] | YouTube  | [Normal]     | 96%    |   34.8ms | BClass extra hatch open...
[GAMING/GAM] | YouTube  | [Normal]     | 88%    |   49.9ms | over head compartment is missing in busi...
[ENTERTAINM] | YouTube  | [Normal]     | 96%    |   37.4ms | 500 m subs congratulations...
[GAMING/GAM] | YouTube  | [Normal]     | 95%    |   36.9ms | Person in top window of gate?...
[GAMING/GAM] | YouTube  | [OFFENSIVE]  | 86%    |   43.0ms | helllooo...
[MUSIC/CHIL] | YouTube  | [Normal]     | 98%    |   62.3ms | :face-blue-wide-eyes::face-blue-wide-eye...
[GAMING/GAM] | YouTube  | [Normal]     | 97%    |   46.6ms | the second purse is missing??...
[GAMING/GAM] | YouTube  | [Normal]     | 97%    |   44.0ms | extra open storage b class...
[ENTERTAINM] | YouTube  | [Normal]     | 96%    |   40.5ms | 500 000 000 let's go...
[GAMING/GAM] | YouTube  | [Normal]     | 97%    |   47.7ms | EXTRA PLANE PAINTING IN THE CLASS ON THE...
[ENTERTAINM] | YouTube  | [Normal]     | 95%    |   33.1ms | 67...
[ENTERTAINM] | YouTube  | [Normal]     | 92%    |   47.6ms | Hii you are the best...
[SELF-HELP/] | YouTube  | [Normal]     | 97%    |   59.7ms | @crowserainance Dr K said 80% of his pro...
[ENTERTAINM] | YouTube  | [Normal]     | 86%    |   41.0ms | yo...
[GAMING/SUR] | YouTube  | [Normal]     | 72%    |   36.3ms | ChinaNo1...
[GAMING/GAM] | YouTube  | [Normal]     | 97%    |   37.1ms | COCKPIT FLOOR...
[ENTERTAINM] | YouTube  | [Normal]     | 97%    |  119.2ms | @MrBeast Congrats on the road to 500M su...
[GAMING/SUR] | YouTube  | [Normal]     | 92%    |   48.0ms | EAT...
[GAMING/GAM] | YouTube  | [Normal]     | 95%    |   40.6ms | POSTER NEXT TO RIGHT WINDOW BUSINESS CLA...
[GAMING/GAM] | YouTube  | [Normal]     | 97%    |   32.9ms | collectable?...
[GAMING/SUR] | YouTube  | [Normal]     | 97%    |   41.8ms | welyn is pretty strong in the gym....
[ENTERTAINM] | YouTube  | [OFFENSIVE]  | 86%    |   88.8ms | ive been here since 1mil this 500mil is ...
[GAMING/GAM] | YouTube  | [Normal]     | 97%    |   38.2ms | Light shining through the cockpit...
[GAMING/SUR] | YouTube  | [Normal]     | 92%    |   35.2ms | I wasnt looking...
[GAMING/GAM] | YouTube  | [Normal]     | 93%    |   31.6ms | toilet paper in restroom...
[MUSIC/CHIL] | YouTube  | [Normal]     | 98%    |   58.8ms | :musical_notes::rose::cloud:...
[GAMING/SUR] | YouTube  | [Normal]     | 91%    |   37.9ms | i saw a turrent...
[GAMING/GAM] | YouTube  | [Normal]     | 79%    |   40.2ms | spooky...
[MUSIC/CHIL] | YouTube  | [Normal]     | 96%    |   39.3ms | aunque sean del espacio...
[ENTERTAINM] | YouTube  | [Normal]     | 96%    |   26.4ms | Jeeez...
[ENTERTAINM] | YouTube  | [Normal]     | 98%    |   72.1ms | As you soon reach 500 million subscriber...
[PSYCHOLOGY] | YouTube  | [Normal]     | 96%    |   42.3ms | @VenaraEchoes monk-mode solitude and ref...
[ENTERTAINM] | YouTube  | [Normal]     | 51%    |   45.4ms | pls can you give me most expensive PUBG ...
[ENTERTAINM] | YouTube  | [Normal]     | 95%    |   40.9ms | @MrBeast ever faked video?...
[ENTERTAINM] | YouTube  | [Normal]     | 97%    |   41.0ms | I love you Madina:red_heart:...
[ENTERTAINM] | YouTube  | [Normal]     | 93%    |   39.8ms | ДРАСТІ...
[GAMING/GAM] | YouTube  | [Normal]     | 81%    |   33.7ms | TOILET...
[ENTERTAINM] | YouTube  | [Normal]     | 85%    |   35.3ms | wooooow...
[ENTERTAINM] | YouTube  | [Normal]     | 80%    |   57.2ms | 25K to goooooooooooooo!!!!!!!!!!!!!!!...
[ENTERTAINM] | YouTube  | [Normal]     | 95%    |   96.5ms | :thumbs_up::thumbs_up::thumbs_up::thumbs...
[ENTERTAINM] | YouTube  | [Normal]     | 95%    |   32.1ms | hellooo...
[GAMING/SUR] | YouTube  | [Normal]     | 73%    |   33.1ms | hutch scrap them...
[GAMING/GAM] | YouTube  | [Normal]     | 93%    |   34.9ms | the signs in the bathroom...
[MUSIC/CHIL] | YouTube  | [Normal]     | 97%    |   42.8ms | :beer_mug::beer_mug::person_kneeling:...
[ENTERTAINM] | YouTube  | [Normal]     | 95%    |   31.3ms | 67...
[ENTERTAINM] | YouTube  | [Normal]     | 96%    |   28.7ms | love you...
[GAMING/GAM] | YouTube  | [Normal]     | 98%    |   33.5ms | B CLASS GREEN LIGHTS...
[GAMING/GAM] | YouTube  | [Normal]     | 97%    |   26.2ms | cockpit blanket on floor...
[GAMING/SUR] | YouTube  | [Normal]     | 94%    |   25.5ms | code leaked...
[MUSIC/CHIL] | YouTube  | [Normal]     | 98%    |   44.1ms | lilu :face_with_tears_of_joy:pgl h thoda...
[GAMING/SUR] | YouTube  | [Normal]     | 85%    |   42.7ms | As long as it’s not the door codes too. ...
[GAMING/GAM] | YouTube  | [Normal]     | 92%    |   41.9ms | just got home from work glad to spend my...
[GAMING/SUR] | YouTube  | [Normal]     | 97%    |   36.5ms | Like Minecraft on Fent?...
[MUSIC/CHIL] | YouTube  | [Normal]     | 98%    |   48.3ms | SANA TC  Enjoy your evening :sparkles::c...
[ENTERTAINM] | YouTube  | [Normal]     | 96%    |   30.3ms | hi i am korean...
[ENTERTAINM] | YouTube  | [Normal]     | 96%    |   31.5ms | New member...
[GAMING/GAM] | YouTube  | [Normal]     | 94%    |   42.7ms | Economy class white cup...
[GAMING/GAM] | YouTube  | [Normal]     | 92%    |   38.8ms | THERES A MIRROR IN THE TOILET MARKIPLIER...
[GAMING/SUR] | YouTube  | [Normal]     | 73%    |   35.6ms | "FREE WORKER CAMP"...
[GAMING/GAM] | YouTube  | [Normal]     | 88%    |   35.2ms | Intruder top left...
[ENTERTAINM] | YouTube  | [Normal]     | 94%    |   42.6ms | all my accounts are subscribed now  just...
[GAMING/SUR] | YouTube  | [Normal]     | 90%    |   46.6ms | You aren't cooking literally enough. Bro...
[ENTERTAINM] | YouTube  | [Normal]     | 97%    |   32.1ms | hai am from Kerala...
[GAMING/GAM] | YouTube  | [Normal]     | 97%    |   36.5ms | CUP ON TRAY TABLE IN ECON CLASS...
[GAMING/SUR] | YouTube  | [Normal]     | 46%    |   33.3ms | WE WANT PRISONERS...
[GAMING/SUR] | YouTube  | [Normal]     | 95%    |   42.1ms | no big arch?...
[PSYCHOLOGY] | YouTube  | [Normal]     | 94%    |   35.3ms | oops...
[ENTERTAINM] | YouTube  | [Normal]     | 96%    |   48.7ms | :hundred_points::hundred_points::hundred...
[ENTERTAINM] | YouTube  | [Normal]     | 95%    |   30.0ms | done...
[GAMING/GAM] | YouTube  | [Normal]     | 98%    |   54.4ms | Were the boarding gate/termnials always ...
[ENTERTAINM] | YouTube  | [Normal]     | 90%    |   34.8ms | bro you cooked...
[SPORTS/FOO] | YouTube  | [Normal]     | 97%    |   55.1ms | تحيا مصر دااااائما وااااابدا...
[GAMING/GAM] | YouTube  | [Normal]     | 57%    |   37.3ms | lets goooooooooo...
[GAMING/SUR] | YouTube  | [Normal]     | 97%    |   37.9ms | I got my big macs!...
[ENTERTAINM] | YouTube  | [Normal]     | 93%    |   46.2ms | @MrBeast BEEN SUBBED SINCE 2019! LOVE U ...
[SELF-HELP/] | YouTube  | [Normal]     | 95%    |   32.1ms | hello...
[NEWS/LIVE ] | YouTube  | [Normal]     | 95%    |   40.0ms | I mistyped because I have BIG hands lol...
[NEWS/LIVE ] | YouTube  | [Normal]     | 97%    |   43.1ms | :people_hugging: :hugging_face: :open_ha...
[NEWS/LIVE ] | YouTube  | [Normal]     | 98%    |   38.6ms | lol exactly bro:hands-yellow-heart-red:...
[GAMING/SUR] | YouTube  | [Normal]     | 86%    |   36.1ms | yo...
[GAMING/SUR] | YouTube  | [Normal]     | 87%    |   49.1ms | LETSSS RIIIIDE!!!...
[GAMING/SUR] | YouTube  | [Normal]     | 98%    |  131.8ms | :face-blue-wide-eyes::face-blue-wide-eye...
[GAMING/SUR] | YouTube  | [Normal]     | 93%    |   36.0ms | USA USA USA...
[GAMING/SUR] | YouTube  | [Normal]     | 63%    |   32.2ms | Goop goop...
[MUSIC/CHIL] | YouTube  | [Normal]     | 96%    |   41.7ms | best thi pr wo...
[GAMING/SUR] | YouTube  | [Normal]     | 94%    |   34.5ms | Ride harder...
[MUSIC/CHIL] | YouTube  | [Normal]     | 97%    |   45.2ms | abe chal na :face_with_tears_of_joy:...
[SELF-HELP/] | YouTube  | [Normal]     | 97%    |   37.7ms | is it a domestic flight?...
[GAMING/SUR] | YouTube  | [Normal]     | 60%    |   34.1ms | Let’s goooooooooo...
[GAMING/SUR] | YouTube  | [OFFENSIVE]  | 68%    |   59.5ms | :_LetsGo::_LetsGo::_LetsGo::_LetsRide::_...
[GAMING/SUR] | YouTube  | [Normal]     | 93%    |   50.1ms | yeeeeeeeeeeeeeeeeee...
[GAMING/SUR] | YouTube  | [OFFENSIVE]  | 73%    |   35.6ms | LETSSS GOOOOOOOOOOOOOO...
[MUSIC/CHIL] | YouTube  | [Normal]     | 86%    |   32.9ms | ha leave it...
[GAMING/SUR] | YouTube  | [Normal]     | 88%    |   38.2ms | Thank god I don’t gotta watch hutch...
[GAMING/SUR] | YouTube  | [Normal]     | 86%    |   32.9ms | SLUR SATURDAY...
[GAMING/SUR] | YouTube  | [Normal]     | 94%    |   67.2ms | :fire::fire::fire::fire::fire::fire::fir...
[GAMING/SUR] | YouTube  | [Normal]     | 95%    |   45.8ms | Hopefully he isn’t half asleep still :fa...
[MUSIC/CHIL] | YouTube  | [Normal]     | 96%    |   34.7ms | Nikita hy...
[GAMING/SUR] | YouTube  | [OFFENSIVE]  | 50%    |   35.1ms | godll cut ya down...
[GAMING/SUR] | YouTube  | [Normal]     | 95%    |   45.2ms | WWWWWWWWWWWWWWWWWW...
[GAMING/SUR] | YouTube  | [Normal]     | 86%    |   36.8ms | bungus...
[MUSIC/CHIL] | YouTube  | [Normal]     | 96%    |   62.3ms | 300 € tamborilero...
[MUSIC/CHIL] | YouTube  | [Normal]     | 74%    |   37.8ms | abhy lol :woman_shrugging:...
[GAMING/SUR] | YouTube  | [OFFENSIVE]  | 58%    |   36.5ms | Where’s Gingy?...
[GAMING/SUR] | YouTube  | [Normal]     | 79%    |   37.5ms | What happened to your whiskey throat?...
[GAMING/SUR] | YouTube  | [Normal]     | 94%    |   31.8ms | W HUTCH...
[GAMING/SUR] | YouTube  | [Normal]     | 67%    |   36.4ms | Letssssss rideeeee...
[GAMING/SUR] | YouTube  | [Normal]     | 71%    |   34.0ms | Gingy and Rogue...
[GAMING/SUR] | YouTube  | [Normal]     | 90%    |   40.5ms | Gingy and rogue are the real mvps...
[GAMING/SUR] | YouTube  | [Normal]     | 93%    |   40.2ms | Gingy and rouge have done a lot of work...
[GAMING/SUR] | YouTube  | [Normal]     | 96%    |   33.4ms | lol...
[GAMING/SUR] | YouTube  | [Normal]     | 85%    |   36.7ms | yes she was rusted out...
[GAMING/SUR] | YouTube  | [Normal]     | 97%    |   39.9ms | I love rust so much lol...
[GAMING/SUR] | YouTube  | [Normal]     | 97%    |   46.2ms | :crown::crown: LONG LIVE THE KING PEANUT...
[GAMING/SUR] | YouTube  | [Normal]     | 94%    |   34.4ms | nice...
[PSYCHOLOGY] | YouTube  | [Normal]     | 96%    |   37.5ms | aaaaalrighty chat...
[GAMING/SUR] | YouTube  | [Normal]     | 87%    |   34.5ms | Hutch is focused to the bungus...
[GAMING/SUR] | YouTube  | [Normal]     | 92%    |   27.7ms | You left a door open...
[MUSIC/CHIL] | YouTube  | [Normal]     | 96%    |   62.0ms | sam ila matladte ninnu annaya :pensive_f...
[PSYCHOLOGY] | YouTube  | [Normal]     | 97%    |   56.4ms | StreamElements bot running :robot: - Lea...
[GAMING/SUR] | YouTube  | [Normal]     | 96%    |   33.2ms | WHEEL OF FORTUNE...
[GAMING/SUR] | YouTube  | [Normal]     | 92%    |   36.1ms | Just yesterday they had sticks and stone...
[GAMING/SUR] | YouTube  | [Normal]     | 95%    |   28.6ms | DELIRIOUS...
[MUSIC/CHIL] | YouTube  | [Normal]     | 97%    |   33.6ms | Shivani uttrakhand...
[MUSIC/CHIL] | YouTube  | [Normal]     | 98%    |   40.1ms | :musical_score:...
[GAMING/SUR] | YouTube  | [Normal]     | 91%    |   38.1ms | Door...
[GAMING/SUR] | YouTube  | [Normal]     | 92%    |   42.1ms | Gate...
[GAMING/SUR] | YouTube  | [OFFENSIVE]  | 98%    |   82.7ms | H20 STARTED THIS SHIT :face_with_tears_o...
[GAMING/SUR] | YouTube  | [Normal]     | 92%    |   68.2ms | Tim aint getting on tonight...
[MUSIC/CHIL] | YouTube  | [OFFENSIVE]  | 95%    |   88.9ms | Aha...so How much do you charge for suck...
[MUSIC/CHIL] | YouTube  | [Normal]     | 95%    |   42.8ms | hi fred...
[MUSIC/CHIL] | YouTube  | [Normal]     | 97%    |   61.2ms | evar calls anta ganam :alien_monster::fa...
[MUSIC/CHIL] | YouTube  | [Normal]     | 93%    |   35.1ms | hm...
[GAMING/SUR] | YouTube  | [Normal]     | 94%    |   38.3ms | I bet mfrs in that base...
[GAMING/SUR] | YouTube  | [Normal]     | 96%    |   73.5ms | :_Dance::_Dance::_Dance::_Dance::_Dance:...
[MUSIC/CHIL] | YouTube  | [Normal]     | 97%    |   67.1ms | pranam leni paddati kosam pranam una pra...
[MUSIC/CHIL] | YouTube  | [Normal]     | 96%    |   58.6ms | anyone known?...
[GAMING/SUR] | YouTube  | [Normal]     | 93%    |   43.4ms | ARC RAIDERS...
[GAMING/SUR] | YouTube  | [Normal]     | 90%    |   51.2ms | Hutch and gingy got a air strike...
[GAMING/SUR] | YouTube  | [Normal]     | 87%    |   49.4ms | HUTCH HAS A BOBCAT...
[SELF-HELP/] | YouTube  | [Normal]     | 88%    |   49.6ms | andddd something happened...
[GAMING/SUR] | YouTube  | [Normal]     | 95%    |   35.2ms | RIP JOE ROGAN :(...
[GAMING/SUR] | YouTube  | [Normal]     | 80%    |   47.7ms | Hutch is naked hahahahha lookin a little...
[GAMING/SUR] | YouTube  | [Normal]     | 94%    |   33.3ms | Bro built a city...
[GAMING/SUR] | YouTube  | [OFFENSIVE]  | 56%    |   38.8ms | no way were on already haha...
[GAMING/SUR] | YouTube  | [Normal]     | 95%    |   35.6ms | its in the train at the bottom...
[GAMING/SUR] | YouTube  | [Normal]     | 38%    |   31.6ms | Bandit camp...
[GAMING/SUR] | YouTube  | [Normal]     | 93%    |   38.8ms | Get stimpee in here...
[MUSIC/CHIL] | YouTube  | [Normal]     | 95%    |   45.0ms | yeah Halinkan nice pic :winking_face:...
[GAMING/SUR] | YouTube  | [Normal]     | 97%    |   55.7ms | :smiling_face_with_hearts::smiling_face_...
[PSYCHOLOGY] | YouTube  | [Normal]     | 87%    |   45.4ms | @Hanne908 Good for you ! And proud of yo...
[PSYCHOLOGY] | YouTube  | [Normal]     | 96%    |   35.1ms | hahah.. whoopsie :p...
[GAMING/SUR] | YouTube  | [Normal]     | 94%    |   32.3ms | On the ground...
[MUSIC/CHIL] | YouTube  | [Normal]     | 97%    |   43.0ms | Idi deeni musala bf chi nee amma...
[NEWS/LIVE ] | YouTube  | [Normal]     | 97%    |   37.6ms | wow it still works......
[GAMING/SUR] | YouTube  | [Normal]     | 97%    |   33.7ms | invite h20...
[GAMING/SUR] | YouTube  | [Normal]     | 93%    |   36.3ms | Lower level...
[GAMING/SUR] | YouTube  | [Normal]     | 97%    |   34.8ms | ground floor in the train...
[GAMING/SUR] | YouTube  | [Normal]     | 94%    |   47.6ms | diarrhea duo...
[GAMING/SUR] | YouTube  | [Normal]     | 97%    |   42.2ms | it's on the ground floor!!!!...
[GAMING/SUR] | YouTube  | [Normal]     | 93%    |   34.0ms | Southside...
[PSYCHOLOGY] | YouTube  | [Normal]     | 64%    |   34.6ms | Lets fkng gooooo...
[GAMING/SUR] | YouTube  | [Normal]     | 95%    |   30.1ms | delirious...
[NEWS/LIVE ] | YouTube  | [Normal]     | 95%    |   34.7ms | yeah we want Irish success stories...
[GAMING/SUR] | YouTube  | [Normal]     | 76%    |   36.2ms | These naked bodies crack me up...
[GAMING/SUR] | YouTube  | [Normal]     | 96%    |   35.2ms | oh its h20 lol...
[PSYCHOLOGY] | YouTube  | [Normal]     | 91%    |   34.0ms | lesgoo...
[GAMING/SUR] | YouTube  | [Normal]     | 96%    |   34.5ms | h20!!!...
[GAMING/SUR] | YouTube  | [Normal]     | 94%    |   40.1ms | No way that’s delirious LMAO...
[GAMING/SUR] | YouTube  | [Normal]     | 90%    |   37.9ms | you cant miss that voice...
[PSYCHOLOGY] | YouTube  | [Normal]     | 95%    |   38.8ms | :crying_face:...
[GAMING/SUR] | YouTube  | [Normal]     | 94%    |   32.4ms | 3...
[GAMING/SUR] | YouTube  | [Normal]     | 94%    |   30.6ms | 3...
[GAMING/SUR] | YouTube  | [Normal]     | 94%    |   27.2ms | 1...
[PSYCHOLOGY] | YouTube  | [Normal]     | 95%    |   34.5ms | Julieeeeee~...
[GAMING/SUR] | YouTube  | [Normal]     | 96%    |   37.5ms | is that the original h20 delerious?...
[MUSIC/CHIL] | YouTube  | [Normal]     | 95%    |   33.8ms | .......
[GAMING/SUR] | YouTube  | [Normal]     | 96%    |   31.8ms | lol...
[GAMING/SUR] | YouTube  | [Normal]     | 89%    |   39.9ms | LLOL THE IMMIDIATE GOOP REACTION...
[GAMING/SUR] | YouTube  | [Normal]     | 97%    |   43.6ms | :face-green-smiling::face-green-smiling:...
[GAMING/SUR] | YouTube  | [Normal]     | 93%    |   32.8ms | clip it...
[SELF-HELP/] | YouTube  | [Normal]     | 97%    |   38.1ms | when does the stream start again?...
[GAMING/SUR] | YouTube  | [Normal]     | 88%    |   27.4ms | Loot him...
[GAMING/SUR] | YouTube  | [Normal]     | 95%    |   31.7ms | Lmaooooo...
[GAMING/SUR] | YouTube  | [Normal]     | 94%    |   25.1ms | 1...
[MUSIC/CHIL] | YouTube  | [Normal]     | 94%    |   29.2ms | Suz*...
[GAMING/SUR] | YouTube  | [Normal]     | 94%    |   32.3ms | 10...
[MUSIC/CHIL] | YouTube  | [Normal]     | 98%    |   39.9ms | :rose::musical_notes::cloud:...
[PSYCHOLOGY] | YouTube  | [Normal]     | 93%    |   46.0ms | yo dr k im almost certain that im a lost...
[GAMING/SUR] | YouTube  | [Normal]     | 94%    |   37.3ms | lmfaooooo...
[GAMING/SUR] | YouTube  | [Normal]     | 90%    |   45.0ms | WHHHHHHHHHHHHHHHHHHHHAAAAAAAAAAAT...
[MUSIC/CHIL] | YouTube  | [Normal]     | 95%    |   31.9ms | Na brathuku...
[GAMING/SUR] | YouTube  | [OFFENSIVE]  | 49%    |   31.2ms | RIGGGGEDDDDDDD...
[GAMING/SUR] | YouTube  | [Normal]     | 84%    |   29.2ms | Go all innnnn...
[MUSIC/CHIL] | YouTube  | [Normal]     | 96%    |   42.4ms | Vani busy rhta hu :face_with_hand_over_m...
[GAMING/SUR] | YouTube  | [Normal]     | 95%    |   34.7ms | flap flap flap...
[PSYCHOLOGY] | YouTube  | [Normal]     | 96%    |   38.7ms | guide helped in pick up on cue to keep p...
[GAMING/SUR] | YouTube  | [Normal]     | 89%    |   33.2ms | chase it...
[GAMING/SUR] | YouTube  | [Normal]     | 95%    |   38.1ms | what are you clapping with?...
[GAMING/SUR] | YouTube  | [OFFENSIVE]  | 97%    |   50.7ms | @Leafy-o1n are you always a twat? i know...
[GAMING/SUR] | YouTube  | [Normal]     | 96%    |   32.1ms | I LOVE BLACK JACK...
[GAMING/SUR] | YouTube  | [Normal]     | 96%    |   28.5ms | AHAHAH...
[GAMING/SUR] | YouTube  | [Normal]     | 96%    |   33.3ms | lmao...
[GAMING/SUR] | YouTube  | [Normal]     | 87%    |   32.4ms | ooof...
[GAMING/SUR] | YouTube  | [Normal]     | 96%    |   31.1ms | lol...
[MUSIC/CHIL] | YouTube  | [Normal]     | 96%    |   37.9ms | :grinning_squinting_face:...
[GAMING/SUR] | YouTube  | [Normal]     | 93%    |   33.7ms | get rekt...
[GAMING/SUR] | YouTube  | [Normal]     | 97%    |   27.7ms | top tier!...
[SELF-HELP/] | YouTube  | [Normal]     | 96%    |   31.0ms | Hello dr.k...
[GAMING/SUR] | YouTube  | [Normal]     | 92%    |   30.3ms | hAHAHAHHAHAHA...
[GAMING/SUR] | YouTube  | [HATE]       | 48%    |   31.0ms | dumb and poor...
[PSYCHOLOGY] | YouTube  | [Normal]     | 96%    |   49.8ms | :robot::skull_and_crossbones::skull_and_...
[SELF-HELP/] | YouTube  | [Normal]     | 86%    |   28.0ms | YO...
[PSYCHOLOGY] | YouTube  | [Normal]     | 75%    |   39.7ms | How helpful is this for those who have p...
[GAMING/SUR] | YouTube  | [Normal]     | 95%    |   45.2ms | i knew this would happen with these 2...
[GAMING/SUR] | YouTube  | [Normal]     | 91%    |   54.9ms | W...
[GAMING/SUR] | YouTube  | [Normal]     | 96%    |   35.8ms | lol everyone gonna get on and there will...
[GAMING/SUR] | YouTube  | [Normal]     | 87%    |   28.8ms | Yesss...
[GAMING/SUR] | YouTube  | [HATE]       | 87%    |   24.8ms | CRACKHEAD...
[SELF-HELP/] | YouTube  | [Normal]     | 95%    |   29.0ms | o/...
[GAMING/SUR] | YouTube  | [Normal]     | 97%    |   42.4ms | This stream Brought to your by Kalshi...
[PSYCHOLOGY] | YouTube  | [Normal]     | 96%    |   33.2ms | which ones?...
[SELF-HELP/] | YouTube  | [Normal]     | 82%    |   37.2ms | How are you doing man on the internet...
[SELF-HELP/] | YouTube  | [Normal]     | 95%    |   37.0ms | hellooo...
[GAMING/SUR] | YouTube  | [Normal]     | 95%    |   51.9ms | Waiting for Peanut to tear down the cast...
[PSYCHOLOGY] | YouTube  | [Normal]     | 94%    |   53.3ms | @atomicaxioms which one of your testicle...
[SELF-HELP/] | YouTube  | [Normal]     | 90%    |   32.9ms | Im a sith...
[GAMING/SUR] | YouTube  | [OFFENSIVE]  | 47%    |   30.7ms | sadge nut...
[MUSIC/CHIL] | YouTube  | [Normal]     | 96%    |   34.6ms | Saransh ?...
[MUSIC/CHIL] | YouTube  | [Normal]     | 92%    |   39.6ms | whre u from shikha...
[SELF-HELP/] | YouTube  | [Normal]     | 95%    |   35.2ms | _/\_...
[GAMING/SUR] | YouTube  | [Normal]     | 72%    |   38.6ms | YOU BETTER WIN DUDE...
[GAMING/SUR] | YouTube  | [OFFENSIVE]  | 46%    |   34.6ms | IDIOTS...
[MUSIC/CHIL] | YouTube  | [Normal]     | 97%    |   37.0ms | :card-red-penalty:...
[GAMING/SUR] | YouTube  | [OFFENSIVE]  | 73%    |   34.9ms | HELL YEAH RIP THAT SHIT...
[GAMING/SUR] | YouTube  | [Normal]     | 93%    |   30.0ms | let it riiide...
[MUSIC/CHIL] | YouTube  | [Normal]     | 95%    |   36.0ms | Edaina moham paina adigeyi...
[GAMING/SUR] | YouTube  | [Normal]     | 79%    |   34.8ms | gambling away the family fortune...
[GAMING/SUR] | YouTube  | [Normal]     | 97%    |   32.6ms | Will be trading in there base at this ra...
[GAMING/SUR] | YouTube  | [Normal]     | 93%    |   27.3ms | rofl...
[ENTERTAINM] | YouTube  | [Normal]     | 95%    |   31.2ms | казакстан...
[MUSIC/CHIL] | YouTube  | [Normal]     | 96%    |   29.2ms | Adigeyi apaku...
[SELF-HELP/] | YouTube  | [Normal]     | 98%    |   30.7ms | I'll win the world cup...
[NEWS/LIVE ] | YouTube  | [Normal]     | 95%    |   52.2ms | Apparently IQ can drop twenty points due...
[SELF-HELP/] | YouTube  | [Normal]     | 74%    |   39.3ms | portugal lessgo...
[GAMING/SUR] | YouTube  | [Normal]     | 84%    |   54.4ms | Gambling is bad  okay? Don’t try this at...
[PSYCHOLOGY] | YouTube  | [Normal]     | 96%    |   35.7ms | Did he made these up...
[MUSIC/CHIL] | YouTube  | [Normal]     | 95%    |   31.6ms | Orini...
[GAMING/SUR] | YouTube  | [Normal]     | 88%    |   41.1ms | just go disintegrate a small 2x2...
[ENTERTAINM] | YouTube  | [Normal]     | 91%    |   31.6ms | yo jimmy...
[ENTERTAINM] | YouTube  | [Normal]     | 93%    |   27.9ms | late...
[PSYCHOLOGY] | YouTube  | [Normal]     | 90%    |   46.8ms | You have to be in a decent place mentall...
[GAMING/SUR] | YouTube  | [Normal]     | 45%    |   58.1ms | being sore losers literally ruined the s...
[ENTERTAINM] | YouTube  | [Normal]     | 92%    |   30.5ms | low audio...
[ENTERTAINM] | YouTube  | [OFFENSIVE]  | 47%    |   41.7ms | jimmmyyy...
[SELF-HELP/] | YouTube  | [Normal]     | 98%    |   62.4ms | white and black tantra?...
[SELF-HELP/] | YouTube  | [Normal]     | 96%    |   49.8ms | I'm a sith lord....
[GAMING/GAM] | YouTube  | [Normal]     | 76%    |   56.9ms | Never gonna give you up  never gonna let...
[ENTERTAINM] | YouTube  | [Normal]     | 93%    |   45.4ms | jimyy...
[ENTERTAINM] | YouTube  | [Normal]     | 95%    |   40.1ms | hii...
[GAMING/GAM] | YouTube  | [Normal]     | 88%    |   51.5ms | RAHHHHHHHHHHHHHHHHH...
[NEWS/LIVE ] | YouTube  | [Normal]     | 93%    |   45.3ms | nice try pal...
[ENTERTAINM] | YouTube  | [Normal]     | 95%    |   50.7ms | Portugal vam9s...
[GAMING/GAM] | YouTube  | [Normal]     | 94%    |   39.8ms | Maaark!...
[ENTERTAINM] | YouTube  | [Normal]     | 95%    |   48.8ms | SUBSCRIBEEEEEEEE...
[GAMING/GAM] | YouTube  | [Normal]     | 66%    |   99.8ms | for everyone who already saw iron lung  ...
[GAMING/SUR] | YouTube  | [Normal]     | 96%    |   52.5ms | NEGATIVE ON THAT BIG CHIEF...
[MUSIC/CHIL] | YouTube  | [Normal]     | 95%    |   41.8ms | g chepala...
[MUSIC/CHIL] | YouTube  | [Normal]     | 95%    |   32.6ms | Karma...
[GAMING/GAM] | YouTube  | [Normal]     | 96%    |   30.8ms | Hi Mark!...
[ENTERTAINM] | YouTube  | [Normal]     | 95%    |   43.7ms | hello Mr beast I am your big fan please...
[ENTERTAINM] | YouTube  | [Normal]     | 97%    |   27.8ms | 10k pls...
[ENTERTAINM] | YouTube  | [Normal]     | 95%    |   30.6ms | Congratulations...
[ENTERTAINM] | YouTube  | [Normal]     | 96%    |   33.1ms | YOOIIII...
[ENTERTAINM] | YouTube  | [Normal]     | 98%    |  180.5ms | :hand-pink-waving::hand-pink-waving::han...
[ENTERTAINM] | YouTube  | [Normal]     | 96%    |   31.3ms | Hiiiiii...
[GAMING/GAM] | YouTube  | [Normal]     | 91%    |   35.6ms | HEY...
[GAMING/SUR] | YouTube  | [Normal]     | 93%    |   34.4ms | LUT THE CLOTHES THING ON...
[MUSIC/CHIL] | YouTube  | [Normal]     | 95%    |   35.3ms | oye!!!...
[ENTERTAINM] | YouTube  | [Normal]     | 98%    |  102.8ms | :text-green-game-over::text-green-game-o...
[ENTERTAINM] | YouTube  | [Normal]     | 95%    |   50.6ms | Hello Джимми...
[SELF-HELP/] | YouTube  | [Normal]     | 96%    |   35.1ms | hmmm...
[GAMING/GAM] | YouTube  | [Normal]     | 95%    |   34.2ms | Hiiii...
[GAMING/GAM] | YouTube  | [Normal]     | 96%    |   35.8ms | Hiiiiii...
[GAMING/GAM] | YouTube  | [Normal]     | 96%    |   32.8ms | hi mark!!!...
[GAMING/SUR] | YouTube  | [Normal]     | 96%    |   40.4ms | poker night might be broadcast to the wh...
[GAMING/GAM] | YouTube  | [Normal]     | 96%    |   45.9ms | HIII MARK...
[ENTERTAINM] | YouTube  | [Normal]     | 93%    |   31.2ms | gg...
[GAMING/GAM] | YouTube  | [Normal]     | 97%    |   39.4ms | yay i love this game!!...
[ENTERTAINM] | YouTube  | [Normal]     | 94%    |   30.7ms | Hi...
[GAMING/GAM] | YouTube  | [Normal]     | 49%    |   35.2ms | yipeeeee...
[MUSIC/CHIL] | YouTube  | [Normal]     | 96%    |   43.5ms | andar pettandi req :hugging_face:1k foll...
[ENTERTAINM] | YouTube  | [Normal]     | 95%    |   32.6ms | Is this your first live...
[GAMING/GAM] | YouTube  | [Normal]     | 95%    |   39.6ms | alright im the best at this game...
[PSYCHOLOGY] | YouTube  | [Normal]     | 92%    |   36.8ms | storage is very expensive now...
[MUSIC/CHIL] | YouTube  | [Normal]     | 94%    |   45.0ms | reacg :face_with_tears_of_joy:...
[GAMING/GAM] | YouTube  | [Normal]     | 93%    |   29.2ms | W W W W W...
[ENTERTAINM] | YouTube  | [Normal]     | 95%    |   36.5ms | Wassuppppp...
[MUSIC/CHIL] | YouTube  | [Normal]     | 98%    |   50.7ms | okay halinkan tc bye :smiling_face_with_...
[GAMING/GAM] | YouTube  | [Normal]     | 96%    |   31.6ms | hi!...
[ENTERTAINM] | YouTube  | [Normal]     | 94%    |   33.9ms | hi...
[ENTERTAINM] | YouTube  | [Normal]     | 96%    |   35.2ms | hola desde Colombia...
[ENTERTAINM] | YouTube  | [Normal]     | 97%    |   35.1ms | hello jimmy :)...
[PSYCHOLOGY] | YouTube  | [Normal]     | 97%    |   37.8ms | Dr. K needs a NAS...
[GAMING/GAM] | YouTube  | [Normal]     | 95%    |   31.0ms | hello...
[ENTERTAINM] | YouTube  | [Normal]     | 91%    |   28.6ms | w...
[GAMING/GAM] | YouTube  | [Normal]     | 94%    |   35.2ms | Yay mark!!!!!!!...
[GAMING/GAM] | YouTube  | [Normal]     | 95%    |   43.2ms | Is that the creator of the number one mo...
[SELF-HELP/] | YouTube  | [Normal]     | 96%    |   27.5ms | achchha...
[PSYCHOLOGY] | YouTube  | [Normal]     | 93%    |   30.7ms | nah...
[ENTERTAINM] | YouTube  | [Normal]     | 93%    |   46.2ms | ineed a laptop...
[GAMING/GAM] | YouTube  | [Normal]     | 95%    |   38.7ms | Loved the movie! Damn good job Mark...
[ENTERTAINM] | YouTube  | [Normal]     | 96%    |   35.8ms | yayaya...
[GAMING/SUR] | YouTube  | [Normal]     | 94%    |   35.3ms | we need more doors...
[ENTERTAINM] | YouTube  | [Normal]     | 90%    |   29.8ms | มีคนไทยไหมม...
[ENTERTAINM] | YouTube  | [Normal]     | 91%    |   34.5ms | yooooooooooo...
[GAMING/GAM] | YouTube  | [Normal]     | 94%    |   33.2ms | L ads...
[ENTERTAINM] | YouTube  | [Normal]     | 96%    |   39.7ms | 500million congratulations brother...
[ENTERTAINM] | YouTube  | [Normal]     | 86%    |   24.2ms | Yo...
[ENTERTAINM] | YouTube  | [Normal]     | 96%    |   38.1ms | ЧЕЛ ГОВОРИ ПО РУССКИ...
[GAMING/GAM] | YouTube  | [Normal]     | 97%    |   35.7ms | i watched it TWICE in one week...
[ENTERTAINM] | YouTube  | [Normal]     | 96%    |   45.6ms | I think y'all do it....but I've been sub...
[GAMING/GAM] | YouTube  | [Normal]     | 91%    |   27.3ms | w...
[GAMING/GAM] | YouTube  | [Normal]     | 96%    |   26.3ms | hi br...
[GAMING/GAM] | YouTube  | [Normal]     | 91%    |   35.0ms | OHHHH YEAAAHHHHH...
[GAMING/GAM] | YouTube  | [Normal]     | 94%    |   32.9ms | YES!!!...
[ENTERTAINM] | YouTube  | [Normal]     | 94%    |   30.6ms | hi...
[ENTERTAINM] | YouTube  | [Normal]     | 96%    |   32.6ms | hello sirrrr...
[ENTERTAINM] | YouTube  | [Normal]     | 93%    |   51.6ms | yes...
[GAMING/GAM] | YouTube  | [Normal]     | 95%    |   36.5ms | congratulations!!!...
[ENTERTAINM] | YouTube  | [OFFENSIVE]  | 57%    |   31.1ms | letssss goooo...
[MUSIC/CHIL] | YouTube  | [Normal]     | 95%    |   67.8ms | @Tradexlav hi   how are you ? :backhand_...
[ENTERTAINM] | YouTube  | [Normal]     | 96%    |   36.4ms | aaaaaa...
[ENTERTAINM] | YouTube  | [Normal]     | 90%    |   35.5ms | india brother...
[GAMING/GAM] | YouTube  | [Normal]     | 97%    |   74.0ms | Mark  you are an incredible entertainer ...
[GAMING/GAM] | YouTube  | [Normal]     | 96%    |   45.7ms | im going to watch it for the 3rd time in...
[GAMING/SUR] | YouTube  | [Normal]     | 95%    |   49.4ms | Gingy is having a nightmare of this situ...
[GAMING/GAM] | YouTube  | [Normal]     | 94%    |   72.3ms | Mark  question  I know you just finished...
[GAMING/GAM] | YouTube  | [Normal]     | 96%    |   26.8ms | LOL...
[MUSIC/CHIL] | YouTube  | [Normal]     | 98%    |   31.5ms | :musical_notes:...
[GAMING/GAM] | YouTube  | [Normal]     | 96%    |   36.0ms | :_markiBING:...
[ENTERTAINM] | YouTube  | [Normal]     | 89%    |   34.4ms | Pinche prankedy...
[ENTERTAINM] | YouTube  | [Normal]     | 97%    |   33.8ms | Hiiiii...
[GAMING/GAM] | YouTube  | [Normal]     | 82%    |   40.2ms | Mr Lung...
[GAMING/SUR] | YouTube  | [Normal]     | 91%    |   40.5ms | Peanuts gonna make his whole team lose b...
[GAMING/GAM] | YouTube  | [Normal]     | 97%    |   41.2ms | I played the game today...
[GAMING/GAM] | YouTube  | [Normal]     | 94%    |   38.6ms | such a good movie...
[GAMING/GAM] | YouTube  | [Normal]     | 96%    |   33.0ms | iron lung was amazing...
[GAMING/GAM] | YouTube  | [Normal]     | 78%    |   41.6ms | MARKKKK!!!!! CONGRATS!!!...
[GAMING/SUR] | YouTube  | [Normal]     | 94%    |   38.3ms | For got to close!!!!!...
[GAMING/GAM] | YouTube  | [Normal]     | 93%    |   28.2ms | W MOVIE...
[GAMING/GAM] | YouTube  | [Normal]     | 97%    |   46.1ms | Great job  Markimoo! You deserve all the...
[GAMING/GAM] | YouTube  | [Normal]     | 96%    |   40.3ms | CONGRATS MARK!!...
[GAMING/GAM] | YouTube  | [Normal]     | 95%    |   37.4ms | Hello Mark from Bulgaria how is the day...
[GAMING/GAM] | YouTube  | [Normal]     | 93%    |   30.5ms | facts...
[NEWS/LIVE ] | YouTube  | [Normal]     | 77%    |   39.5ms | Shoutout to every American in the chat...
[GAMING/GAM] | YouTube  | [Normal]     | 97%    |   36.0ms | Welcome New Member!...
[GAMING/GAM] | YouTube  | [Normal]     | 87%    |   45.9ms | I wish I could see it  but I'm so proud ...
[ENTERTAINM] | YouTube  | [Normal]     | 94%    |   31.0ms | hi...
[MUSIC/CHIL] | YouTube  | [Normal]     | 62%    |   35.0ms | evadi deggeraaa...
[ENTERTAINM] | YouTube  | [Normal]     | 94%    |   33.5ms | m New subscriber...
[GAMING/GAM] | YouTube  | [Normal]     | 93%    |   28.6ms | lighthouse...
[GAMING/GAM] | YouTube  | [Normal]     | 95%    |   25.3ms | AIRPLANE...
[GAMING/GAM] | YouTube  | [Normal]     | 97%    |   26.2ms | airplane!!!...
[GAMING/GAM] | YouTube  | [Normal]     | 91%    |   26.0ms | airplanee...
[ENTERTAINM] | YouTube  | [Normal]     | 94%    |   27.7ms | Türkiye...
[GAMING/GAM] | YouTube  | [Normal]     | 93%    |   31.0ms | office...
[GAMING/GAM] | YouTube  | [Normal]     | 95%    |   31.1ms | Ranch...
[MUSIC/CHIL] | YouTube  | [Normal]     | 97%    |   48.9ms | great...mai isliye puchi ki yha sab le j...
[GAMING/GAM] | YouTube  | [Normal]     | 95%    |   48.6ms | airplane...
[GAMING/GAM] | YouTube  | [Normal]     | 93%    |   34.7ms | lighthouse...
[ENTERTAINM] | YouTube  | [Normal]     | 95%    |   24.7ms | beta...
[MUSIC/CHIL] | YouTube  | [Normal]     | 96%    |   38.9ms | Na deggara 10 rupees unnai mall ki vella...
[GAMING/GAM] | YouTube  | [Normal]     | 91%    |   29.0ms | AIRPLANEE...
[GAMING/SUR] | YouTube  | [Normal]     | 91%    |   28.1ms | poker...
[ENTERTAINM] | YouTube  | [Normal]     | 90%    |   45.6ms | HELLOOOOOOOOOOOOOOOOOOOO...
[GAMING/SUR] | YouTube  | [Normal]     | 81%    |   31.9ms | THEN QUIT...
[GAMING/SUR] | YouTube  | [Normal]     | 95%    |   34.2ms | SLOTS...
[SPORTS/PEN] | YouTube  | [Normal]     | 92%    |   33.8ms | bros thanking the entire population...
[GAMING/GAM] | YouTube  | [Normal]     | 94%    |   36.0ms | air PLANNEEEEEEE...
[PSYCHOLOGY] | YouTube  | [Normal]     | 84%    |   35.2ms | The world is animus possessed...
[ENTERTAINM] | YouTube  | [Normal]     | 95%    |   37.6ms | mr beast pls 1$...
[GAMING/SUR] | YouTube  | [Normal]     | 93%    |   38.4ms | DEALER Resets...
[PSYCHOLOGY] | YouTube  | [Normal]     | 93%    |   39.6ms | Back Pill is forever...
[GAMING/GAM] | YouTube  | [Normal]     | 93%    |   38.3ms | lighthouse...
[GAMING/GAM] | YouTube  | [Normal]     | 96%    |   40.2ms | there's only lighthouse in my chat mark...
[GAMING/SUR] | YouTube  | [Normal]     | 92%    |   38.8ms | PLAY THE WHEEL...
[GAMING/GAM] | YouTube  | [Normal]     | 95%    |   50.4ms | Markiplier there's a game that I would l...
[GAMING/GAM] | YouTube  | [Normal]     | 93%    |   31.4ms | LIGHTHOUSE...
[ENTERTAINM] | YouTube  | [Normal]     | 97%    |   73.7ms | Congratulation:growing_heart: for reachi...
[ENTERTAINM] | YouTube  | [Normal]     | 98%    |   85.5ms | :rocket-red-countdown-liftoff::rocket-re...
[GAMING/GAM] | YouTube  | [Normal]     | 89%    |   35.0ms | hell yeah light is winning...
[GAMING/GAM] | YouTube  | [Normal]     | 95%    |   35.7ms | Hi from Canada!...
[ENTERTAINM] | YouTube  | [Normal]     | 94%    |   29.4ms | Hi...
[ENTERTAINM] | YouTube  | [Normal]     | 94%    |   28.1ms | nice...
[ENTERTAINM] | YouTube  | [Normal]     | 96%    |   30.6ms | i love Mr beast...
[ENTERTAINM] | YouTube  | [Normal]     | 89%    |   35.5ms | what is your real name...
[GAMING/GAM] | YouTube  | [Normal]     | 96%    |   35.9ms | Hi Mark...
[GAMING/GAM] | YouTube  | [Normal]     | 91%    |   40.4ms | pLEAAASEE AAGGHHH AIRPLAAANNNUHHH...
[GAMING/GAM] | YouTube  | [Normal]     | 95%    |   34.8ms | Just saw Iron Lung in Czechia... genuine...
[ENTERTAINM] | YouTube  | [Normal]     | 91%    |   26.8ms | mr beast...
[ENTERTAINM] | YouTube  | [Normal]     | 94%    |   30.9ms | Cek...
[GAMING/SUR] | YouTube  | [Normal]     | 49%    |   34.0ms | You guys are terrible gamblers lol...
[ENTERTAINM] | YouTube  | [Normal]     | 91%    |   38.0ms | @andersondeoliveira2024 - SEGUE...
[GAMING/GAM] | YouTube  | [Normal]     | 95%    |   29.6ms | airplane...
[GAMING/GAM] | YouTube  | [Normal]     | 96%    |   39.6ms | its like watching your movie and ramis l...
[GAMING/GAM] | YouTube  | [Normal]     | 95%    |   30.5ms | hello...
[GAMING/GAM] | YouTube  | [Normal]     | 81%    |   35.6ms | ITS THE LUNG GUY...
[GAMING/GAM] | YouTube  | [Normal]     | 97%    |   42.4ms | MARK PLAY ON AIRPLNE AND MY LIFE IS YOUR...
[MUSIC/CHIL] | YouTube  | [Normal]     | 97%    |   43.9ms | trade dusri job dhundrii previous job ch...
[ENTERTAINM] | YouTube  | [Normal]     | 92%    |   39.8ms | THE:goat-turquoise-white-horns:...
[GAMING/GAM] | YouTube  | [Normal]     | 97%    |   32.5ms | Welcome to Member!...
[GAMING/GAM] | YouTube  | [Normal]     | 93%    |   35.1ms | BRAZIL PLEASE...
[ENTERTAINM] | YouTube  | [Normal]     | 92%    |   31.3ms | Paraguay...
[ENTERTAINM] | YouTube  | [Normal]     | 96%    |  130.1ms | bro please tell my name :loudly_crying_f...
[ENTERTAINM] | YouTube  | [Normal]     | 94%    |   41.3ms | everyone unsubscribe...
[ENTERTAINM] | YouTube  | [Normal]     | 93%    |   35.3ms | oh my god...
[GAMING/GAM] | YouTube  | [Normal]     | 94%    |   34.0ms | PORTUGALLLLL...
[GAMING/GAM] | YouTube  | [Normal]     | 95%    |   34.3ms | mark...
[ENTERTAINM] | YouTube  | [Normal]     | 96%    |   38.8ms | please reply me frome Bangladesh...
[GAMING/GAM] | YouTube  | [Normal]     | 97%    |   44.2ms | I saw it yesterday  and it was awesome! ...
[GAMING/GAM] | YouTube  | [Normal]     | 36%    |   69.5ms | If only there could be more of them in Q...
[GAMING/SUR] | YouTube  | [Normal]     | 87%    |   39.8ms | someone get this man a card...
[ENTERTAINM] | YouTube  | [Normal]     | 94%    |   26.1ms | 1...
[ENTERTAINM] | YouTube  | [Normal]     | 94%    |   29.0ms | 1...
[ENTERTAINM] | YouTube  | [Normal]     | 94%    |   30.3ms | 1...
[ENTERTAINM] | YouTube  | [Normal]     | 94%    |   32.4ms | 1...
[GAMING/GAM] | YouTube  | [Normal]     | 95%    |   54.6ms | Iron Lung was a 50 or more out of 10...
[GAMING/GAM] | YouTube  | [Normal]     | 95%    |   52.9ms | heyyyy mark...
[GAMING/SUR] | YouTube  | [Normal]     | 88%    |   41.6ms | BRO STOOD ON A 12 WTF HOW DOES PEANUT GA...
[GAMING/SUR] | YouTube  | [Normal]     | 87%    |   33.6ms | NO...
[GAMING/GAM] | YouTube  | [Normal]     | 89%    |   33.2ms | potato...
[GAMING/SUR] | YouTube  | [Normal]     | 62%    |   38.5ms | YOU WOULD BUST ON 18 THATS WHY...
[NEWS/LIVE ] | YouTube  | [Normal]     | 85%    |   45.3ms | Luigi we need you there are a lot of vil...
[GAMING/SUR] | YouTube  | [Normal]     | 87%    |   29.8ms | no...
[GAMING/GAM] | YouTube  | [Normal]     | 88%    |   31.1ms | YOOOOOOOOOOOOOOO...
[MUSIC/CHIL] | YouTube  | [Normal]     | 96%    |   63.6ms | @Dude-23zx m good thanks :backhand_index...
[GAMING/GAM] | YouTube  | [Normal]     | 98%    |   36.4ms | aeroplane :airplane_departure::airplane:...
[GAMING/SUR] | YouTube  | [Normal]     | 95%    |   29.7ms | Always hit...
[ENTERTAINM] | YouTube  | [Normal]     | 95%    |   31.9ms | Hii...
[ENTERTAINM] | YouTube  | [Normal]     | 95%    |   31.0ms | telugu...
[GAMING/GAM] | YouTube  | [Normal]     | 92%    |   45.7ms | Play Paranormal Inc and maybe collaborat...
[ENTERTAINM] | YouTube  | [Normal]     | 94%    |   34.4ms | 1...
[NEWS/LIVE ] | YouTube  | [Normal]     | 89%    |   35.8ms | No  Luigi is in jail lol...
[GAMING/GAM] | YouTube  | [Normal]     | 92%    |   58.9ms | LIXIAN CAN FINALLY SEE THE MOVIE...
[ENTERTAINM] | YouTube  | [Normal]     | 94%    |   27.9ms | 1...
[ENTERTAINM] | YouTube  | [Normal]     | 97%    |   35.8ms | :new_moon_face:...
[ENTERTAINM] | YouTube  | [Normal]     | 84%    |   33.1ms | yoooooooooooooooooooo...
[MUSIC/CHIL] | YouTube  | [Normal]     | 95%    |   33.4ms | ce mare a crescut I...
[GAMING/GAM] | YouTube  | [Normal]     | 95%    |   43.2ms | watched the movie twice! want to see it ...
[ENTERTAINM] | YouTube  | [Normal]     | 98%    |   75.3ms | :heart_with_ribbon::heart_with_ribbon::h...
[GAMING/GAM] | YouTube  | [Normal]     | 96%    |   28.7ms | yall vote airplane...
[MUSIC/CHIL] | YouTube  | [Normal]     | 92%    |   28.6ms | ha kyu...
[GAMING/GAM] | YouTube  | [Normal]     | 80%    |   29.5ms | too many big words...
[ENTERTAINM] | YouTube  | [Normal]     | 96%    |   35.1ms | New member...
[GAMING/SUR] | YouTube  | [Normal]     | 86%    |   35.3ms | looose...
[GAMING/SUR] | YouTube  | [Normal]     | 95%    |   29.3ms | HIT...
[GAMING/GAM] | YouTube  | [Normal]     | 94%    |   37.0ms | Italy no?:crying_face:...
[PSYCHOLOGY] | YouTube  | [Normal]     | 93%    |   34.0ms | ohhhhhh...
[GAMING/GAM] | YouTube  | [Normal]     | 95%    |   31.3ms | marklipleri...
[MUSIC/CHIL] | YouTube  | [Normal]     | 96%    |   30.6ms | Sab Mera hi gf hai...
[GAMING/GAM] | YouTube  | [Normal]     | 93%    |   36.8ms | I cant wait to see IRON LUNG!!! : D...
[GAMING/GAM] | YouTube  | [Normal]     | 94%    |   48.3ms | When I was watching the movie it buffere...
[ENTERTAINM] | YouTube  | [Normal]     | 94%    |   31.6ms | hi...
[ENTERTAINM] | YouTube  | [Normal]     | 96%    |   40.7ms | Mr beast can you see my chat?...
[GAMING/GAM] | YouTube  | [Normal]     | 89%    |   47.7ms | in my theater it sounded like it was com...
[GAMING/SUR] | YouTube  | [Normal]     | 95%    |   30.7ms | 500...
[GAMING/GAM] | YouTube  | [OFFENSIVE]  | 57%    |   41.5ms | THE FAULT LIES WITTH YOU  SEND HELP!!!...
[GAMING/GAM] | YouTube  | [Normal]     | 97%    |   38.1ms | when do we get the dates for portugal?...
[GAMING/SUR] | YouTube  | [Normal]     | 84%    |   31.7ms | rigged...
[GAMING/SUR] | YouTube  | [Normal]     | 96%    |   39.6ms | 500 on 1 on the wheel trust...
[GAMING/SUR] | YouTube  | [Normal]     | 96%    |   46.1ms | house always wins...
[GAMING/SUR] | YouTube  | [Normal]     | 64%    |   41.6ms | kids  don't gamble...
[GAMING/GAM] | YouTube  | [Normal]     | 96%    |   56.0ms | in my theatre I could hear whispers with...
[GAMING/GAM] | YouTube  | [Normal]     | 95%    |   34.5ms | lighthouse plss...
[GAMING/SUR] | YouTube  | [Normal]     | 96%    |   36.0ms | Max betttttt...
[GAMING/SUR] | YouTube  | [Normal]     | 92%    |   31.8ms | smaller bets...
[ENTERTAINM] | YouTube  | [Normal]     | 95%    |   34.8ms | pls give me a fortuner...
[NEWS/LIVE ] | YouTube  | [Normal]     | 75%    |   37.7ms | I won't go hungry i.ll start stealing...
[GAMING/GAM] | YouTube  | [Normal]     | 97%    |   35.1ms | Welcome New Member!...
[GAMING/GAM] | YouTube  | [Normal]     | 97%    |   37.6ms | how long been streaming?...
[GAMING/GAM] | YouTube  | [Normal]     | 96%    |   73.0ms | go to the movie  it is sooo good and is ...
[ENTERTAINM] | YouTube  | [Normal]     | 94%    |   25.5ms | hi...
[GAMING/SUR] | YouTube  | [Normal]     | 96%    |   29.9ms | mAXXXXXXXXX...
[GAMING/GAM] | YouTube  | [Normal]     | 94%    |   25.7ms | Hey Mark...
[GAMING/GAM] | YouTube  | [Normal]     | 97%    |   36.2ms | Iron Lung was amazing dude  great work m...
[ENTERTAINM] | YouTube  | [Normal]     | 94%    |   27.0ms | Ghana...
[GAMING/GAM] | YouTube  | [Normal]     | 88%    |   37.2ms | Mark stop being so sad when you make mov...
[GAMING/GAM] | YouTube  | [Normal]     | 96%    |   38.7ms | dude i accidentally stumbled upon this v...
[GAMING/GAM] | YouTube  | [Normal]     | 92%    |   64.9ms | I had the issue with the sound. :disappo...
[GAMING/GAM] | YouTube  | [Normal]     | 72%    |   34.9ms | THEIR IN THE WALLS...
[ENTERTAINM] | YouTube  | [Normal]     | 94%    |   33.6ms | ishowspeed...
[GAMING/GAM] | YouTube  | [Normal]     | 98%    |   42.5ms | :fish-orange-wide-eyes:...
[MUSIC/CHIL] | YouTube  | [Normal]     | 98%    |   51.6ms | :smiling_face_with_halo::green_heart::he...
[GAMING/SUR] | YouTube  | [Normal]     | 95%    |   45.3ms | did no neck Nick and toupee Tim uninstal...
[ENTERTAINM] | YouTube  | [Normal]     | 94%    |   32.1ms | me im from Bangladesh...
[GAMING/GAM] | YouTube  | [Normal]     | 94%    |   50.0ms | that makes a lot of sense; I was wonderi...
[ENTERTAINM] | YouTube  | [Normal]     | 96%    |   30.9ms | the first video...
[NEWS/LIVE ] | YouTube  | [Normal]     | 82%    |   31.4ms | Get out...
[GAMING/GAM] | YouTube  | [Normal]     | 52%    |   35.5ms | AIRPLANE GUYSSSSSS...
[GAMING/SUR] | YouTube  | [Normal]     | 95%    |   31.6ms | All in...
[GAMING/GAM] | YouTube  | [Normal]     | 94%    |   32.2ms | I think Lighthouse has won...
[GAMING/SUR] | YouTube  | [Normal]     | 82%    |   40.1ms | mean while back at base the doors where ...
[ENTERTAINM] | YouTube  | [Normal]     | 96%    |   28.3ms | subcribe!...
[GAMING/GAM] | YouTube  | [Normal]     | 95%    |   27.4ms | Come on please airplane...
[GAMING/GAM] | YouTube  | [Normal]     | 96%    |   42.0ms | Hey Mark :smiling_face_with_sunglasses::...
[GAMING/GAM] | YouTube  | [Normal]     | 96%    |   27.7ms | CLUTCH UP AIRPLANE...
[GAMING/GAM] | YouTube  | [Normal]     | 97%    |   52.3ms | We saw your movie last weekend! All the ...
[GAMING/GAM] | YouTube  | [Normal]     | 94%    |   39.5ms | dude that was literally by biggest criti...
[GAMING/GAM] | YouTube  | [Normal]     | 61%    |   38.3ms | that's such a shame...
[GAMING/GAM] | YouTube  | [Normal]     | 94%    |   58.2ms | :red_question_mark:will iron lung come t...
[GAMING/GAM] | YouTube  | [Normal]     | 80%    |   36.2ms | yas brad...
[GAMING/GAM] | YouTube  | [Normal]     | 97%    |   55.7ms | We should be getting the 7.1 version on ...
[ENTERTAINM] | YouTube  | [Normal]     | 92%    |   62.9ms | aaaəə mr beast iphone 15 plsssssss...
[ENTERTAINM] | YouTube  | [Normal]     | 93%    |   41.2ms | hello mr beast...
[ENTERTAINM] | YouTube  | [Normal]     | 93%    |   44.8ms | watch your 200M video🇧...
[ENTERTAINM] | YouTube  | [Normal]     | 97%    |  102.9ms | It all feels so much fun and I've been f...
[GAMING/GAM] | YouTube  | [Normal]     | 84%    |   55.8ms | Are you ever going to play the new "mine...
[GAMING/SUR] | YouTube  | [Normal]     | 89%    |   50.0ms | peanut you are no longer allowed to make...
[MUSIC/CHIL] | YouTube  | [Normal]     | 97%    |  105.5ms | mohit kon kehta hey being single is sad ...
[GAMING/GAM] | YouTube  | [Normal]     | 93%    |   38.6ms | bass boosted...
[ENTERTAINM] | YouTube  | [Normal]     | 96%    |   31.1ms | First video...
[GAMING/GAM] | YouTube  | [Normal]     | 94%    |   47.0ms | Saw iron lung Monday night it was the be...
[GAMING/SUR] | YouTube  | [Normal]     | 96%    |   33.0ms | masterclass...
[ENTERTAINM] | YouTube  | [Normal]     | 95%    |   34.4ms | this is my channel...
[GAMING/SUR] | YouTube  | [Normal]     | 96%    |   43.6ms | PLAY ARC...
[ENTERTAINM] | YouTube  | [Normal]     | 96%    |   32.9ms | Hello Jimmy...
[GAMING/GAM] | YouTube  | [OFFENSIVE]  | 44%    |   35.9ms | Airplane ganggggg...
[GAMING/SUR] | YouTube  | [Normal]     | 95%    |   32.7ms | well well well...
[GAMING/SUR] | YouTube  | [Normal]     | 94%    |   32.7ms | weeeeeeeeeelp...
[GAMING/GAM] | YouTube  | [Normal]     | 92%    |   39.2ms | PICK AIRPLAIN GUYS TIE IT UP TIE THE VOT...
[GAMING/SUR] | YouTube  | [Normal]     | 80%    |   35.8ms | its hard out here for a scrapper...
[ENTERTAINM] | YouTube  | [Normal]     | 95%    |   34.1ms | im form Indonesia...
[GAMING/SUR] | YouTube  | [Normal]     | 97%    |   35.3ms | RAHHHHH ARC ARC ARC...
[GAMING/GAM] | YouTube  | [Normal]     | 91%    |   28.8ms | LOCK IN AIRPLANE...
[PSYCHOLOGY] | YouTube  | [Normal]     | 93%    |   50.3ms | @majoraman6477 I wonder how much more he...
[ENTERTAINM] | YouTube  | [Normal]     | 97%    |   32.4ms | hi bro :hugging_face:...
[GAMING/SUR] | YouTube  | [Normal]     | 97%    |   35.5ms | LOL H2o is there!...
[MUSIC/CHIL] | YouTube  | [Normal]     | 98%    |  100.3ms | :person-turqouise-waving::person-turqoui...
[GAMING/SUR] | YouTube  | [Normal]     | 98%    |  125.5ms | :goat-turquoise-white-horns::hand-purple...
[ENTERTAINM] | YouTube  | [Normal]     | 89%    |   40.0ms | helo...
[ENTERTAINM] | YouTube  | [Normal]     | 97%    |   37.3ms | 69 hours live :loudly_crying_face:...
[GAMING/GAM] | YouTube  | [Normal]     | 57%    |   46.1ms | I hope i can see the movie sometime! it ...
[GAMING/GAM] | YouTube  | [Normal]     | 95%    |   27.9ms | Airplane...
[ENTERTAINM] | YouTube  | [Normal]     | 95%    |   28.5ms | mahahaha...
[GAMING/GAM] | YouTube  | [Normal]     | 96%    |   43.8ms | I think my theater had some issues with ...
[PSYCHOLOGY] | YouTube  | [Normal]     | 95%    |   29.9ms | 8008!...
[GAMING/SUR] | YouTube  | [Normal]     | 96%    |   29.0ms | arc...
[GAMING/GAM] | YouTube  | [Normal]     | 97%    |   78.8ms | Hey Mark  just wanted to share that your...
[GAMING/GAM] | YouTube  | [Normal]     | 95%    |   53.1ms | Hey guys let’s keep the comments on topi...
[GAMING/SUR] | YouTube  | [Normal]     | 94%    |   36.9ms | Ask h20 for it...
[NEWS/LIVE ] | YouTube  | [Normal]     | 43%    |   43.2ms | They want blood from us who aren't vaxxe...
[ENTERTAINM] | YouTube  | [Normal]     | 95%    |   38.1ms | dayum you've grown so much...
[ENTERTAINM] | YouTube  | [Normal]     | 95%    |   31.1ms | Hello...
[GAMING/GAM] | YouTube  | [Normal]     | 98%    |   41.2ms | :trophy-yellow-smiling:...
[ENTERTAINM] | YouTube  | [Normal]     | 96%    |   52.6ms | Giveaways please...
[ENTERTAINM] | YouTube  | [Normal]     | 97%    |   35.9ms | salam Azerbaycanli var?...
[ENTERTAINM] | YouTube  | [Normal]     | 95%    |   25.1ms | Hello...
[ENTERTAINM] | YouTube  | [Normal]     | 96%    |   42.2ms | 500 mil. that's...something!...
[ENTERTAINM] | YouTube  | [Normal]     | 74%    |   34.1ms | Gooo...
[ENTERTAINM] | YouTube  | [Normal]     | 96%    |   32.0ms | :mosque:...
[ENTERTAINM] | YouTube  | [Normal]     | 96%    |   37.2ms | l am Your big fan...
[ENTERTAINM] | YouTube  | [Normal]     | 94%    |   36.3ms | hi Mr beast...
[ENTERTAINM] | YouTube  | [Normal]     | 87%    |   32.2ms | smile or not haha...
[ENTERTAINM] | YouTube  | [Normal]     | 97%    |   37.0ms | Welcome New Member!...
[GAMING/SUR] | YouTube  | [Normal]     | 91%    |   40.7ms | by the gods!!!...
[GAMING/GAM] | YouTube  | [Normal]     | 94%    |   30.3ms | #1 #1 #1...
[ENTERTAINM] | YouTube  | [Normal]     | 94%    |   27.6ms | big fan mr beast...
[PSYCHOLOGY] | YouTube  | [Normal]     | 96%    |   35.3ms | :loudly_crying_face: gurus...
[GAMING/GAM] | YouTube  | [Normal]     | 93%    |   38.3ms | LIGHTHOUSE...
[ENTERTAINM] | YouTube  | [Normal]     | 86%    |   44.7ms | yo...
[ENTERTAINM] | YouTube  | [Normal]     | 94%    |   38.3ms | hey jimmy congratulation for 500M subscr...
[GAMING/GAM] | YouTube  | [Normal]     | 90%    |   29.6ms | YESSSS...
[GAMING/SUR] | YouTube  | [Normal]     | 95%    |   33.3ms | gotem...
[ENTERTAINM] | YouTube  | [Normal]     | 98%    |   74.6ms | :face-blue-smiling::face-blue-smiling::f...
[GAMING/GAM] | YouTube  | [Normal]     | 96%    |   44.3ms | :partying_face::partying_face::partying_...
[MUSIC/CHIL] | YouTube  | [Normal]     | 95%    |   30.4ms | ........
[GAMING/GAM] | YouTube  | [Normal]     | 94%    |   32.2ms | Rip...
[ENTERTAINM] | YouTube  | [Normal]     | 96%    |   95.1ms | :cowboy_hat_face::cowboy_hat_face::cowbo...
[GAMING/GAM] | YouTube  | [Normal]     | 83%    |   55.3ms | OMG Hi Mark I'm so exited to see Iron Lu...
[GAMING/GAM] | YouTube  | [Normal]     | 96%    |   36.1ms | GOOD LUCK!!!!!!!!...
[GAMING/GAM] | YouTube  | [Normal]     | 89%    |   33.7ms | chicken head Mark returns...
[GAMING/SUR] | YouTube  | [Normal]     | 94%    |   30.3ms | Dude...
[ENTERTAINM] | YouTube  | [Normal]     | 96%    |   46.2ms | чат остановись...
[GAMING/GAM] | YouTube  | [Normal]     | 96%    |   54.2ms | i cant help but to think how a movie wit...
[GAMING/GAM] | YouTube  | [Normal]     | 94%    |   36.1ms | EEEEEEEEEEEEEEEE...
[MUSIC/CHIL] | YouTube  | [Normal]     | 98%    |   41.3ms | :hand-pink-waving:I'l take leave nw  bye...
[SELF-HELP/] | YouTube  | [Normal]     | 86%    |   39.8ms | if they would try that the expect to get...
[ENTERTAINM] | YouTube  | [Normal]     | 93%    |   30.7ms | omg...
[GAMING/GAM] | YouTube  | [Normal]     | 79%    |   32.7ms | spooky...
[GAMING/GAM] | YouTube  | [Normal]     | 97%    |   36.1ms | Going to Tupelo!...
[ENTERTAINM] | YouTube  | [Normal]     | 97%    |   79.3ms | :orange_square::orange_square::orange_sq...
[ENTERTAINM] | YouTube  | [Normal]     | 97%    |   26.8ms | 10 000 dollar gift...
[GAMING/SUR] | YouTube  | [Normal]     | 95%    |   28.1ms | All in on green...
[ENTERTAINM] | YouTube  | [Normal]     | 89%    |   34.1ms | can you come to sri  lanka...
[GAMING/GAM] | YouTube  | [Normal]     | 87%    |   58.0ms | markiplier pls do a dvd release of iron ...
[GAMING/SUR] | YouTube  | [OFFENSIVE]  | 71%    |   29.5ms | best shit ive ever seen...
[MUSIC/CHIL] | YouTube  | [Normal]     | 98%    |   37.2ms | :face-turquoise-music-note:....
[GAMING/SUR] | YouTube  | [Normal]     | 94%    |   35.6ms | Any old scrap...
[MUSIC/CHIL] | YouTube  | [Normal]     | 87%    |   44.6ms | aaron fechter people holding butter knif...
[SPORTS/FOO] | YouTube  | [Normal]     | 92%    |   35.7ms | Japan is the winner...
[SELF-HELP/] | YouTube  | [Normal]     | 96%    |   39.4ms | It projection  it's always projection...
[GAMING/SUR] | YouTube  | [Normal]     | 95%    |   39.4ms | Patrick he loves gambling lol...
[GAMING/SUR] | YouTube  | [Normal]     | 73%    |   31.7ms | ADDICTION...
[GAMING/GAM] | YouTube  | [Normal]     | 94%    |   37.7ms | Sir please gloat you earned it...
[NEWS/LIVE ] | YouTube  | [Normal]     | 87%    |   40.7ms | who is not shutting down splc right now...
[ENTERTAINM] | YouTube  | [Normal]     | 96%    |   42.9ms | hlw...
[GAMING/GAM] | YouTube  | [Normal]     | 97%    |   58.7ms | oh he did misspell the title:face_with_t...
[GAMING/GAM] | YouTube  | [Normal]     | 94%    |   33.2ms | nice...
[ENTERTAINM] | YouTube  | [Normal]     | 94%    |   33.6ms | Carl...
[GAMING/SUR] | YouTube  | [Normal]     | 93%    |   37.4ms | rofl...
[ENTERTAINM] | YouTube  | [Normal]     | 95%    |   29.6ms | hello...
[GAMING/GAM] | YouTube  | [Normal]     | 96%    |   49.7ms | make Presentable Liberty the Movie. 2 ho...
[GAMING/GAM] | YouTube  | [Normal]     | 97%    |   26.2ms | ah....
[GAMING/GAM] | YouTube  | [OFFENSIVE]  | 52%    |   29.6ms | oh shit...
[GAMING/SUR] | YouTube  | [Normal]     | 69%    |   37.6ms | YOU'RE SO BAD LMAOOO...
[SELF-HELP/] | YouTube  | [Normal]     | 93%    |   38.2ms | He’s a grifter...
[GAMING/SUR] | YouTube  | [Normal]     | 97%    |   36.0ms | Recycle?...
[GAMING/SUR] | YouTube  | [Normal]     | 97%    |   46.5ms | H20  stackswapo and peanut will forever ...
[GAMING/GAM] | YouTube  | [Normal]     | 95%    |   36.2ms | oh good heavens...
[ENTERTAINM] | YouTube  | [Normal]     | 95%    |   30.7ms | hiii...
[GAMING/GAM] | YouTube  | [Normal]     | 95%    |   33.3ms | TITLE MISTAKE!!...
[ENTERTAINM] | YouTube  | [Normal]     | 93%    |   36.8ms | india...
[ENTERTAINM] | YouTube  | [Normal]     | 97%    |   33.4ms | Welcome New Member!...
[ENTERTAINM] | YouTube  | [Normal]     | 96%    |   35.8ms | I subscribed to you since 2020...
[GAMING/GAM] | YouTube  | [Normal]     | 97%    |   42.8ms | obversation lmao...
[ENTERTAINM] | YouTube  | [Normal]     | 91%    |   29.9ms | W...
[GAMING/GAM] | YouTube  | [Normal]     | 97%    |   44.2ms | I recommend White Bat Audios royalty fre...
[GAMING/SUR] | YouTube  | [Normal]     | 96%    |   35.8ms | Professional??...
[GAMING/GAM] | YouTube  | [Normal]     | 95%    |   41.7ms | MARK...
[GAMING/GAM] | YouTube  | [Normal]     | 47%    |   38.6ms | you goofed it mark...
[GAMING/GAM] | YouTube  | [Normal]     | 88%    |   36.9ms | ITS WRONG MARKK...
[ENTERTAINM] | YouTube  | [Normal]     | 95%    |   29.2ms | said hi...
[ENTERTAINM] | YouTube  | [Normal]     | 92%    |   41.1ms | Hhubu...
[PSYCHOLOGY] | YouTube  | [Normal]     | 81%    |   76.4ms | If the feeling is going to happen regard...
[GAMING/GAM] | YouTube  | [Normal]     | 83%    |   46.8ms | mark are you going to play mewgenics...
[ENTERTAINM] | YouTube  | [Normal]     | 95%    |   34.3ms | Bangladesh...
[ENTERTAINM] | YouTube  | [Normal]     | 97%    |   61.3ms | muja 1miloen ₹ do:dollar_banknote:...
[GAMING/GAM] | YouTube  | [Normal]     | 95%    |   33.7ms | obversation duty...
[ENTERTAINM] | YouTube  | [Normal]     | 93%    |   55.4ms | Hi from RUSSIA!!!!!!!!!!!!!!!!!!!...
[ENTERTAINM] | YouTube  | [Normal]     | 91%    |   29.6ms | Meee...
[ENTERTAINM] | YouTube  | [Normal]     | 95%    |   39.3ms | Bangladesh...
[GAMING/SUR] | YouTube  | [Normal]     | 95%    |   34.3ms | TF...
[GAMING/SUR] | YouTube  | [Normal]     | 84%    |   41.6ms | LMAOOOOOOOOOOOOOOOOO...
[GAMING/SUR] | YouTube  | [Normal]     | 96%    |   28.5ms | lol...
[ENTERTAINM] | YouTube  | [Normal]     | 91%    |   34.4ms | me...
[GAMING/SUR] | YouTube  | [Normal]     | 96%    |   51.9ms | 4 CARD 21????????????????????...
[GAMING/SUR] | YouTube  | [Normal]     | 97%    |   69.6ms | :face_with_tears_of_joy::face_with_tears...
[GAMING/GAM] | YouTube  | [Normal]     | 84%    |   33.1ms | IRON LUNG GO WATCH IT!...
[GAMING/SUR] | YouTube  | [Normal]     | 95%    |   33.8ms | Bruh stop lmao...
[GAMING/SUR] | YouTube  | [Normal]     | 92%    |   29.5ms | omg aint no way...
[GAMING/SUR] | YouTube  | [Normal]     | 79%    |   30.4ms | LEAVE AND NEVER COME BACK...
[GAMING/SUR] | YouTube  | [Normal]     | 90%    |   29.2ms | called it...
[ENTERTAINM] | YouTube  | [Normal]     | 91%    |   35.0ms | MEEE...
[GAMING/SUR] | YouTube  | [Normal]     | 86%    |   32.5ms | ITS SO RIGGED...
[ENTERTAINM] | YouTube  | [Normal]     | 96%    |   45.5ms | Mr Beast can I get a good camera I want ...
[ENTERTAINM] | YouTube  | [Normal]     | 98%    |   47.3ms | Love from Bangladesh MR :red_heart:...
[GAMING/GAM] | YouTube  | [Normal]     | 95%    |   46.2ms | Omg I didn’t even notice it’s obversatio...
[ENTERTAINM] | YouTube  | [Normal]     | 96%    |   38.5ms | hello friends...
[GAMING/SUR] | YouTube  | [Normal]     | 82%    |   39.6ms | They gambled so much away lmaoooo...
[ENTERTAINM] | YouTube  | [Normal]     | 96%    |   33.3ms | 500 million soon...
[GAMING/GAM] | YouTube  | [Normal]     | 91%    |   34.4ms | When is the observation duty movie...
[GAMING/SUR] | YouTube  | [Normal]     | 96%    |   29.1ms | LOL...
[GAMING/GAM] | YouTube  | [Normal]     | 95%    |   38.8ms | wait mark the title is misspelled...
[GAMING/GAM] | YouTube  | [Normal]     | 85%    |   34.1ms | THE TITLE IS WEIRD...
[GAMING/SUR] | YouTube  | [HATE]       | 84%    |   39.8ms | should have hit the slots...
[PSYCHOLOGY] | YouTube  | [Normal]     | 91%    |   31.7ms | animals...
[GAMING/GAM] | YouTube  | [Normal]     | 96%    |   38.7ms | im your biggest fan -jackson age 6...
[GAMING/GAM] | YouTube  | [Normal]     | 97%    |   37.5ms | was that door always open???...
[GAMING/SUR] | YouTube  | [Normal]     | 94%    |   38.1ms | It’s a different dealer everytime!!...
[GAMING/GAM] | YouTube  | [Normal]     | 74%    |   71.5ms | Went to see Iron Lung yesterday. Pretty ...
[GAMING/GAM] | YouTube  | [Normal]     | 85%    |   34.5ms | NOOOOO...
[GAMING/GAM] | YouTube  | [Normal]     | 95%    |   31.9ms | obversation...
[GAMING/GAM] | YouTube  | [Normal]     | 90%    |   34.4ms | HAHAHAAHHAHAHA...
[GAMING/GAM] | YouTube  | [Normal]     | 95%    |   32.7ms | Obversation...
[GAMING/SUR] | YouTube  | [Normal]     | 48%    |   43.2ms | the blackjack is a computer you will los...
[ENTERTAINM] | YouTube  | [Normal]     | 97%    |   40.7ms | sub since 10M. sup Jimmy...
[ENTERTAINM] | YouTube  | [Normal]     | 96%    |   38.6ms | im İran:saluting_face:...
[GAMING/GAM] | YouTube  | [Normal]     | 95%    |   37.2ms | NOT EXACT SPELLINGS!...
[ENTERTAINM] | YouTube  | [Normal]     | 94%    |   34.1ms | pr...
[GAMING/GAM] | YouTube  | [Normal]     | 97%    |   35.4ms | Image anomaly in the stairwell?...
[GAMING/GAM] | YouTube  | [Normal]     | 96%    |   50.1ms | just saw your movie it was a 10 out of 1...
[ENTERTAINM] | YouTube  | [Normal]     | 97%    |   61.7ms | :face-purple-crying::face-purple-crying:...
[GAMING/GAM] | YouTube  | [Normal]     | 84%    |   34.1ms | im surprised its an accidental mispellin...
[ENTERTAINM] | YouTube  | [Normal]     | 95%    |   26.0ms | 10 k bro...
[MUSIC/CHIL] | YouTube  | [Normal]     | 97%    |   31.0ms | :spoon:GL song...
[GAMING/GAM] | YouTube  | [Normal]     | 96%    |   36.8ms | I just got here what I miss...
[PSYCHOLOGY] | YouTube  | [OFFENSIVE]  | 54%    |   27.6ms | HOLY SHIT...
[NEWS/LIVE ] | YouTube  | [HATE]       | 44%    |   40.4ms | I see them being the law and we will hav...
[ENTERTAINM] | YouTube  | [Normal]     | 95%    |   36.9ms | sir mujhe dollar chahie...
[ENTERTAINM] | YouTube  | [Normal]     | 93%    |   33.3ms | hello mrbeast...
[GAMING/GAM] | YouTube  | [Normal]     | 96%    |   36.0ms | AYYYEEE...
[ENTERTAINM] | YouTube  | [Normal]     | 96%    |   35.5ms | :red_heart:...
[GAMING/SUR] | YouTube  | [Normal]     | 94%    |   27.2ms | 3...
[SELF-HELP/] | YouTube  | [Normal]     | 87%    |   31.2ms | how about just not caring?...
[GAMING/GAM] | YouTube  | [Normal]     | 86%    |   33.2ms | I don't like the look of this place...
[GAMING/SUR] | YouTube  | [OFFENSIVE]  | 59%    |   33.6ms | Peanut is a fiend!!!!...
[GAMING/GAM] | YouTube  | [Normal]     | 96%    |   29.1ms | obsVERSTAPEN...
[GAMING/GAM] | YouTube  | [Normal]     | 96%    |   44.4ms | mark its big brain time...
[GAMING/GAM] | YouTube  | [Normal]     | 96%    |   40.3ms | obvervation dutie is great...
[GAMING/GAM] | YouTube  | [Normal]     | 95%    |   33.0ms | ohohoho I win the lighthouse...
[GAMING/SUR] | YouTube  | [Normal]     | 91%    |   30.2ms | watch it happen...
[GAMING/GAM] | YouTube  | [Normal]     | 94%    |   34.5ms | extra!!!!!...
[MUSIC/CHIL] | YouTube  | [Normal]     | 89%    |   33.0ms | hoy sábado...
[GAMING/GAM] | YouTube  | [Normal]     | 97%    |   34.7ms | HIIIIII MARK...
[GAMING/GAM] | YouTube  | [Normal]     | 96%    |   36.1ms | chat is my pfp peak...
[GAMING/GAM] | YouTube  | [Normal]     | 90%    |   42.2ms | MARK IM SEEING IRON LUNG TMR (southwest ...
[ENTERTAINM] | YouTube  | [Normal]     | 93%    |   32.2ms | axuet...
[GAMING/GAM] | YouTube  | [Normal]     | 84%    |   45.8ms | luckily for him  i’m so damn dislexic i ...
[GAMING/SUR] | YouTube  | [Normal]     | 95%    |   30.0ms | SLOTS...
[GAMING/GAM] | YouTube  | [Normal]     | 95%    |   40.0ms | It's the bucket at the top of the lighth...
[GAMING/GAM] | YouTube  | [Normal]     | 97%    |   43.8ms | Observation xD...
[MUSIC/CHIL] | YouTube  | [Normal]     | 98%    |   56.3ms | :cross_mark::tiger:...
[GAMING/GAM] | YouTube  | [Normal]     | 90%    |   42.1ms | THIS IS THE GUY FROM IRON LUNG!...
[GAMING/SUR] | YouTube  | [Normal]     | 97%    |   98.1ms | :rolling_on_the_floor_laughing::rolling_...
[SELF-HELP/] | YouTube  | [Normal]     | 92%    |   46.9ms | I just feel happy for them  honestly. Bu...
[GAMING/GAM] | YouTube  | [Normal]     | 39%    |   45.1ms | no Mark. the world is ending because you...
[ENTERTAINM] | YouTube  | [Normal]     | 90%    |   39.6ms | you mr.beast i from Indonesian...
[GAMING/SUR] | YouTube  | [Normal]     | 96%    |   39.4ms | that was the fastest loss ever...
[SPORTS/PEN] | YouTube  | [Normal]     | 95%    |   31.6ms | ofc...
[GAMING/GAM] | YouTube  | [Normal]     | 97%    |   37.8ms | Welcome to Member!...
[ENTERTAINM] | YouTube  | [Normal]     | 96%    |   64.7ms | NAME AN ANIME CHARACTER FOR EDITOR...
[GAMING/GAM] | YouTube  | [Normal]     | 55%    |   32.8ms | it got briter...
[ENTERTAINM] | YouTube  | [Normal]     | 97%    |   43.7ms | :red_heart::red_heart:...
[GAMING/GAM] | YouTube  | [Normal]     | 92%    |   35.0ms | It’s fine I spell wrong too...
[ENTERTAINM] | YouTube  | [Normal]     | 95%    |   35.8ms | yooo...
[GAMING/SUR] | YouTube  | [OFFENSIVE]  | 94%    |   85.7ms | I’m about to shit myself because of how ...
[GAMING/SUR] | YouTube  | [Normal]     | 97%    |   32.0ms | :face-orange-raised-eyebrow:...
[ENTERTAINM] | YouTube  | [Normal]     | 96%    |   50.3ms | :fearful_face::fearful_face::fearful_fac...
[GAMING/GAM] | YouTube  | [Normal]     | 75%    |   29.1ms | is backseating allowed...
[GAMING/GAM] | YouTube  | [Normal]     | 95%    |   38.0ms | MARK I JUST WATCHED IRON LUNG AND I LOVE...
[ENTERTAINM] | YouTube  | [Normal]     | 95%    |   26.3ms | call speed...
[ENTERTAINM] | YouTube  | [Normal]     | 96%    |   30.9ms | 500 million...
[GAMING/GAM] | YouTube  | [HATE]       | 67%    |   30.4ms | should i go seee iron lung...
[GAMING/GAM] | YouTube  | [Normal]     | 97%    |   50.8ms | I saw the iron lung in theaters with sib...
[ENTERTAINM] | YouTube  | [Normal]     | 90%    |   30.9ms | hey mrbeast...
[ENTERTAINM] | YouTube  | [Normal]     | 95%    |   26.1ms | hiiii...
[ENTERTAINM] | YouTube  | [Normal]     | 97%    |  104.9ms | congratulations :party_popper::party_pop...
[GAMING/GAM] | YouTube  | [Normal]     | 95%    |   33.1ms | water anomaly on the top?...
[GAMING/SUR] | YouTube  | [Normal]     | 94%    |   46.9ms | you can take peanut out of the pirate ga...
[GAMING/GAM] | YouTube  | [Normal]     | 97%    |   27.5ms | mmm stream-...
[GAMING/GAM] | YouTube  | [Normal]     | 97%    |   34.5ms | Mark the stairs at the bottom!...
[ENTERTAINM] | YouTube  | [Normal]     | 92%    |   31.5ms | yes me...
[GAMING/SUR] | YouTube  | [Normal]     | 60%    |   33.5ms | Stealing the bathrobes...
[GAMING/SUR] | YouTube  | [Normal]     | 92%    |   36.3ms | Yes it does AYeeee...
[GAMING/GAM] | YouTube  | [Normal]     | 95%    |   31.8ms | NUMBER 1...
[ENTERTAINM] | YouTube  | [Normal]     | 98%    |  122.0ms | :yt::yt::yt::yt::stopwatch-blue-hand-tim...
[ENTERTAINM] | YouTube  | [Normal]     | 94%    |   31.6ms | 4...
[ENTERTAINM] | YouTube  | [Normal]     | 94%    |   36.9ms | 6...
[ENTERTAINM] | YouTube  | [Normal]     | 95%    |   31.2ms | 67...
[GAMING/GAM] | YouTube  | [Normal]     | 90%    |   38.2ms | ignore everyone in chat...
[GAMING/GAM] | YouTube  | [Normal]     | 97%    |   47.6ms | @markiplier there is a red objekt on the...
[ENTERTAINM] | YouTube  | [Normal]     | 94%    |   33.5ms | 3...
[GAMING/GAM] | YouTube  | [Normal]     | 97%    |   42.7ms | light at yard? by the lighthouse door?...
[GAMING/SUR] | YouTube  | [Normal]     | 97%    |   39.9ms | never thought I'd see the day...
[GAMING/GAM] | YouTube  | [Normal]     | 96%    |   52.2ms | Camera was pulsating in the basement im ...
[GAMING/GAM] | YouTube  | [Normal]     | 88%    |   42.0ms | THE STAIRCASEEEEE...
[GAMING/GAM] | YouTube  | [Normal]     | 92%    |   43.4ms | MISSING MOUSETRAPP...
[GAMING/GAM] | YouTube  | [Normal]     | 97%    |   41.0ms | IT'S BEEN THERE...
[ENTERTAINM] | YouTube  | [Normal]     | 96%    |   45.9ms | hi @beluga1...
[ENTERTAINM] | YouTube  | [Normal]     | 94%    |   39.0ms | 5...
[GAMING/GAM] | YouTube  | [Normal]     | 87%    |   53.2ms | Lock in...
[ENTERTAINM] | YouTube  | [Normal]     | 94%    |   38.6ms | 5...
[MUSIC/CHIL] | YouTube  | [Normal]     | 97%    |   50.1ms | mohini chai:hot_beverage:...
[ENTERTAINM] | YouTube  | [Normal]     | 98%    |   68.6ms | advanced congratulations on 500M :maple_...
[GAMING/GAM] | YouTube  | [OFFENSIVE]  | 70%    |   49.9ms | the bedddddddd...
[ENTERTAINM] | YouTube  | [Normal]     | 91%    |   49.7ms | beast your the best bro love you...
[ENTERTAINM] | YouTube  | [Normal]     | 94%    |   42.4ms | 2...
[MUSIC/CHIL] | YouTube  | [Normal]     | 96%    |   98.1ms | Jaitsii IPO to lagte hi n h mere to ek b...
[GAMING/GAM] | YouTube  | [OFFENSIVE]  | 55%    |   47.5ms | the stairsss...
[ENTERTAINM] | YouTube  | [Normal]     | 91%    |   46.0ms | rock...
[GAMING/GAM] | YouTube  | [Normal]     | 97%    |   29.1ms | GREEN STAIRS MARK...
[GAMING/GAM] | YouTube  | [Normal]     | 94%    |   29.4ms | BASEMENT...
[NEWS/LIVE ] | YouTube  | [Normal]     | 97%    |   45.5ms | eu torço pra Argentina mas esse ano nao ...
[ENTERTAINM] | YouTube  | [Normal]     | 94%    |   29.3ms | Nepal...
[ENTERTAINM] | YouTube  | [Normal]     | 54%    |   30.3ms | Free palestine...
[PSYCHOLOGY] | YouTube  | [Normal]     | 96%    |   36.2ms | i am the boss babe lmao...
[ENTERTAINM] | YouTube  | [Normal]     | 94%    |   27.0ms | 5...
[ENTERTAINM] | YouTube  | [Normal]     | 90%    |  135.4ms | :stayhome::stayhome::stayhome::stayhome:...
[GAMING/GAM] | YouTube  | [Normal]     | 97%    |   28.2ms | MARK THE BASEMENT STAIRS...
[GAMING/GAM] | YouTube  | [Normal]     | 89%    |   26.4ms | WE TOLD YOU...
[ENTERTAINM] | YouTube  | [Normal]     | 97%    |   79.6ms | Hello MrBeast  I’m Ahmed from Gaza. Work...
[MUSIC/CHIL] | YouTube  | [Normal]     | 98%    |   63.5ms | J :helicopter::dashing_away::dashing_awa...
[GAMING/GAM] | YouTube  | [Normal]     | 91%    |   34.5ms | With Eyes...
[ENTERTAINM] | YouTube  | [Normal]     | 97%    |   37.8ms | Hello from  INDIA...
[GAMING/GAM] | YouTube  | [Normal]     | 97%    |   32.2ms | Lantern moved...
[GAMING/GAM] | YouTube  | [Normal]     | 86%    |   37.9ms | The ominous stairs breathing...
[PSYCHOLOGY] | YouTube  | [Normal]     | 96%    |   52.1ms | i think i low-key used to lookmaxx b4 it...
[GAMING/GAM] | YouTube  | [Normal]     | 93%    |   64.2ms | I HAVEN'T SEEN THE MOVIE YET AND IM SAD ...
[GAMING/GAM] | YouTube  | [Normal]     | 93%    |   27.2ms | Oh my God...
[GAMING/GAM] | YouTube  | [Normal]     | 96%    |   32.8ms | wait- lighthouse and iron lung cross ove...
[GAMING/GAM] | YouTube  | [Normal]     | 86%    |   28.1ms | Undulating!...
[GAMING/GAM] | YouTube  | [Normal]     | 96%    |   26.2ms | hi!!...
[GAMING/GAM] | YouTube  | [Normal]     | 97%    |   35.0ms | I'M SEEING IRON LUNG FOR THE 5TH TIME TO...
[GAMING/GAM] | YouTube  | [Normal]     | 95%    |   44.3ms | Iron lung sounded perfect at our theater...
[GAMING/GAM] | YouTube  | [Normal]     | 90%    |   30.3ms | the title is an anamoly...
[GAMING/GAM] | YouTube  | [Normal]     | 95%    |   29.0ms | HIIII...
[SELF-HELP/] | YouTube  | [Normal]     | 96%    |   55.2ms | Luckily I don't think I've ever felt thi...
[ENTERTAINM] | YouTube  | [Normal]     | 95%    |   35.8ms | INDONESIA  INDONESIA...
[GAMING/GAM] | YouTube  | [Normal]     | 94%    |   37.2ms | Dam y’all good...
[GAMING/GAM] | YouTube  | [Normal]     | 94%    |   32.7ms | Hi...
[ENTERTAINM] | YouTube  | [Normal]     | 96%    |   40.3ms | :1st_place_medal:...
[ENTERTAINM] | YouTube  | [Normal]     | 96%    |   49.7ms | :pleading_face:...
[NEWS/LIVE ] | YouTube  | [Normal]     | 92%    |   33.0ms | Hey ENNOS bro...
[GAMING/SUR] | YouTube  | [Normal]     | 90%    |   35.9ms | playing rust let's goo...
[ENTERTAINM] | YouTube  | [Normal]     | 96%    |   40.7ms | Is this your first live stream...
[ENTERTAINM] | YouTube  | [Normal]     | 95%    |   38.7ms | yeaaaaaaaaaa...
[ENTERTAINM] | YouTube  | [Normal]     | 94%    |   33.4ms | hi...
[GAMING/GAM] | YouTube  | [Normal]     | 91%    |   42.8ms | BUCKET...
[GAMING/GAM] | YouTube  | [Normal]     | 96%    |   54.0ms | saw iron lung last night! love from east...
[ENTERTAINM] | YouTube  | [Normal]     | 98%    |  106.0ms | congratulations bro :clapping_hands::cla...
[PSYCHOLOGY] | YouTube  | [Normal]     | 90%    |   37.9ms | oh no  I'm animus obsessed!...
[ENTERTAINM] | YouTube  | [Normal]     | 95%    |   35.3ms | Olm anlamadım...
[ENTERTAINM] | YouTube  | [Normal]     | 97%    |   27.6ms | 500m...
[GAMING/GAM] | YouTube  | [Normal]     | 95%    |   35.9ms | Have the bed sheets in the bedroom moved...
[ENTERTAINM] | YouTube  | [Normal]     | 90%    |   26.3ms | 𝚑𝚘𝚕𝚊...
[GAMING/GAM] | YouTube  | [Normal]     | 95%    |   45.7ms | hiya mark jus wanted to say congrats on ...
[GAMING/GAM] | YouTube  | [Normal]     | 92%    |   27.1ms | bed...
[GAMING/GAM] | YouTube  | [Normal]     | 92%    |   27.0ms | BED...
[GAMING/GAM] | YouTube  | [Normal]     | 91%    |   35.2ms | IM HEADING TO WATCH YOUR MOVIIIIEEE...
[ENTERTAINM] | YouTube  | [Normal]     | 95%    |   26.0ms | Hello...
[GAMING/GAM] | YouTube  | [Normal]     | 97%    |   26.7ms | observation deck...
[GAMING/GAM] | YouTube  | [Normal]     | 97%    |   27.6ms | fuse box?...
[ENTERTAINM] | YouTube  | [Normal]     | 97%    |   57.6ms | :soccer_ball::cricket_game::soccer_ball:...
[GAMING/GAM] | YouTube  | [Normal]     | 98%    |   43.8ms | The colorful cones in the corner there w...
[GAMING/GAM] | YouTube  | [Normal]     | 96%    |   33.7ms | Suppp...
[GAMING/GAM] | YouTube  | [Normal]     | 97%    |   44.7ms | HI MARK this is my first stream...
[GAMING/GAM] | YouTube  | [Normal]     | 95%    |   29.6ms | PIER MISSING POLE RIGHT...
[ENTERTAINM] | YouTube  | [Normal]     | 94%    |   37.8ms | @MrBeast Mr. Beast  when are you coming ...
[ENTERTAINM] | YouTube  | [Normal]     | 97%    |   78.3ms | Hallo sir I am alok kumar and I am from ...
[GAMING/GAM] | YouTube  | [Normal]     | 96%    |   34.4ms | the railing?...
[PSYCHOLOGY] | YouTube  | [Normal]     | 96%    |   43.3ms | I daydream about having super powers tbh...
[ENTERTAINM] | YouTube  | [Normal]     | 95%    |   33.5ms | congratulations...
[ENTERTAINM] | YouTube  | [Normal]     | 98%    |   40.3ms | Thank you for uploading an interesting v...
[PSYCHOLOGY] | YouTube  | [Normal]     | 65%    |   39.0ms | too real...
[GAMING/GAM] | YouTube  | [Normal]     | 92%    |   35.4ms | anomaly in the top left...
[SELF-HELP/] | YouTube  | [Normal]     | 77%    |   36.2ms | I only hate myself though doctor....
[GAMING/GAM] | YouTube  | [Normal]     | 84%    |   33.5ms | NOOO...
[ENTERTAINM] | YouTube  | [Normal]     | 95%    |   34.2ms | jimmy hello...
[GAMING/GAM] | YouTube  | [Normal]     | 96%    |   38.9ms | yo mark the movie was awesome...
[GAMING/GAM] | YouTube  | [Normal]     | 94%    |   42.7ms | the gasp I gusped when I saw OD streamin...
[GAMING/GAM] | YouTube  | [Normal]     | 96%    |   35.4ms | There’s two bottles?...
[GAMING/GAM] | YouTube  | [Normal]     | 96%    |   34.5ms | Extra bottle outside...
[GAMING/GAM] | YouTube  | [Normal]     | 95%    |   67.1ms | Hey Mark! Congratulations on the movie m...
[ENTERTAINM] | YouTube  | [Normal]     | 97%    |   39.5ms | hello :waving_hand:...
[GAMING/GAM] | YouTube  | [Normal]     | 93%    |   47.7ms | mark are you a fan of that new movie  th...
[GAMING/GAM] | YouTube  | [Normal]     | 97%    |   45.0ms | the grate on the lighthouse at the top. ...
[GAMING/GAM] | YouTube  | [Normal]     | 94%    |   34.3ms | iron lung in romania?...
[ENTERTAINM] | YouTube  | [Normal]     | 95%    |   38.6ms | Hii...
[GAMING/GAM] | YouTube  | [Normal]     | 95%    |   32.2ms | WATER IN THE PO...
[GAMING/GAM] | YouTube  | [Normal]     | 97%    |   33.6ms | LIGHT INTERIOR...
[ENTERTAINM] | YouTube  | [Normal]     | 95%    |   43.3ms | bye mrbeast its 10 pm in here i lived in...
[GAMING/GAM] | YouTube  | [Normal]     | 85%    |   50.7ms | mark is too good  he doesnt need our hel...
[GAMING/SUR] | YouTube  | [Normal]     | 91%    |   33.5ms | welcome my goopa...
[MUSIC/CHIL] | YouTube  | [Normal]     | 94%    |   36.4ms | जिसने pucha usko...
[GAMING/GAM] | YouTube  | [Normal]     | 97%    |   40.4ms | Was the fuse box open in Interior???...
[ENTERTAINM] | YouTube  | [Normal]     | 93%    |   42.9ms | 돈줘 비스트형...
[MUSIC/CHIL] | YouTube  | [Normal]     | 95%    |   39.1ms | ai mușcat pe timpi...
[MUSIC/CHIL] | YouTube  | [Normal]     | 96%    |   39.3ms | kisne ??...
[PSYCHOLOGY] | YouTube  | [Normal]     | 93%    |   33.6ms | Holy coping...
[GAMING/SUR] | YouTube  | [Normal]     | 96%    |   41.3ms | FUEL IN THE BOXES IN FRONT HALL...
[ENTERTAINM] | YouTube  | [Normal]     | 96%    |   34.8ms | hello Jimmy...
[GAMING/GAM] | YouTube  | [Normal]     | 97%    |   45.2ms | mark do you allow fan animations??:red_h...
[NEWS/LIVE ] | YouTube  | [Normal]     | 86%    |   42.5ms | Argentina por favor jogue o melhor futeb...
[GAMING/GAM] | YouTube  | [Normal]     | 95%    |   30.3ms | the bottle...
[GAMING/SUR] | YouTube  | [Normal]     | 97%    |   30.6ms | alot...
[ENTERTAINM] | YouTube  | [Normal]     | 94%    |   29.8ms | hi...
[GAMING/GAM] | YouTube  | [Normal]     | 94%    |   35.1ms | yess...
[ENTERTAINM] | YouTube  | [Normal]     | 94%    |   33.2ms | 1...
[GAMING/GAM] | YouTube  | [Normal]     | 88%    |   37.2ms | Light anomaly light house...
[GAMING/GAM] | YouTube  | [Normal]     | 93%    |   34.6ms | daamn...
[GAMING/SUR] | YouTube  | [Normal]     | 90%    |   34.0ms | NO PEANUT...
[GAMING/GAM] | YouTube  | [Normal]     | 96%    |   37.0ms | cross in the distance of the porch?...
[SELF-HELP/] | YouTube  | [Normal]     | 97%    |   31.2ms | wow over grass?...
[GAMING/GAM] | YouTube  | [Normal]     | 91%    |   28.1ms | w...
[ENTERTAINM] | YouTube  | [Normal]     | 97%    |   33.0ms | wbu mrbeast...
[GAMING/GAM] | YouTube  | [Normal]     | 94%    |   29.4ms | The stairwell fence moved...
[ENTERTAINM] | YouTube  | [Normal]     | 94%    |   30.9ms | 1...
[ENTERTAINM] | YouTube  | [Normal]     | 94%    |   36.2ms | হাই...
[GAMING/GAM] | YouTube  | [Normal]     | 90%    |   33.6ms | YESSSS...
[GAMING/GAM] | YouTube  | [Normal]     | 96%    |   36.9ms | Cheese!...
[ENTERTAINM] | YouTube  | [Normal]     | 94%    |   40.7ms | 1...
[ENTERTAINM] | YouTube  | [Normal]     | 96%    |   44.8ms | where's ur crew???...
[GAMING/GAM] | YouTube  | [Normal]     | 90%    |   36.3ms | it's not clocking to you...
[ENTERTAINM] | YouTube  | [Normal]     | 94%    |   44.3ms | 1...
[GAMING/SUR] | YouTube  | [Normal]     | 95%    |   41.4ms | Higher...
[GAMING/GAM] | YouTube  | [Normal]     | 93%    |   46.8ms | I think you missed the ocean of blood!...
[ENTERTAINM] | YouTube  | [Normal]     | 94%    |   42.4ms | 2...
[ENTERTAINM] | YouTube  | [Normal]     | 93%    |   47.6ms | hiuiui...
[GAMING/SUR] | YouTube  | [Normal]     | 87%    |   36.7ms | No...
[GAMING/SUR] | YouTube  | [Normal]     | 96%    |   36.9ms | get wiljum on trust...
[GAMING/GAM] | YouTube  | [Normal]     | 96%    |   69.6ms | Saw iron lung last night and I can’t sto...
[ENTERTAINM] | YouTube  | [Normal]     | 97%    |   69.3ms | Hola saludos desde Venezuela :hugging_fa...
[GAMING/GAM] | YouTube  | [Normal]     | 97%    |   38.3ms | STAIRWELL RIGHTMOST RAILING MOVED...
[GAMING/GAM] | YouTube  | [Normal]     | 94%    |   35.0ms | missing room?...
[ENTERTAINM] | YouTube  | [Normal]     | 97%    |   63.8ms | bro i am sri lanaka...
[SELF-HELP/] | YouTube  | [Normal]     | 76%    |   54.2ms | but you level up...
[GAMING/SUR] | YouTube  | [Normal]     | 84%    |   31.0ms | north is only for solar...
[GAMING/SUR] | YouTube  | [Normal]     | 85%    |   27.4ms | nooooo...
[ENTERTAINM] | YouTube  | [Normal]     | 92%    |   26.8ms | MRBEAST...
[ENTERTAINM] | YouTube  | [Normal]     | 97%    |   30.7ms | can you sing a song?...
[GAMING/SUR] | YouTube  | [Normal]     | 86%    |   32.0ms | Higher but...
[ENTERTAINM] | YouTube  | [Normal]     | 95%    |   38.3ms | 111111111...
[GAMING/SUR] | YouTube  | [Normal]     | 95%    |   40.1ms | higher...
[ENTERTAINM] | YouTube  | [Normal]     | 95%    |   41.9ms | Congratulations...
[PSYCHOLOGY] | YouTube  | [Normal]     | 94%    |   47.6ms | It's interesting how Anima relates to Pu...
[GAMING/SUR] | YouTube  | [Normal]     | 87%    |   30.8ms | No...
[GAMING/SUR] | YouTube  | [Normal]     | 95%    |   31.0ms | 7 high...
[SELF-HELP/] | YouTube  | [Normal]     | 97%    |   26.1ms | i love your videos...
[GAMING/GAM] | YouTube  | [Normal]     | 94%    |   30.7ms | Mark you're good so far...
[GAMING/SUR] | YouTube  | [Normal]     | 96%    |   35.2ms | Higher is better. direction doesn’t matt...
[GAMING/GAM] | YouTube  | [Normal]     | 97%    |   35.4ms | Oh Mark!! Hii...
[GAMING/GAM] | YouTube  | [Normal]     | 97%    |   40.9ms | truly this is the observation of all tim...
[ENTERTAINM] | YouTube  | [Normal]     | 93%    |   46.0ms | *DAY 1 OF ASKING MR BEAST TO GIVE ME A S...
[ENTERTAINM] | YouTube  | [Normal]     | 86%    |   32.6ms | call Pewdiepie...
[GAMING/GAM] | YouTube  | [Normal]     | 98%    |   35.4ms | painting my nails red for the lungs...
[GAMING/SUR] | YouTube  | [Normal]     | 94%    |   31.2ms | rip...
[GAMING/GAM] | YouTube  | [Normal]     | 93%    |   34.7ms | extra railing...
[GAMING/SUR] | YouTube  | [Normal]     | 78%    |   46.9ms | u need it hihger omg...
[GAMING/GAM] | YouTube  | [Normal]     | 93%    |   39.3ms | YOURE SO COOL MARKKK...
[ENTERTAINM] | YouTube  | [Normal]     | 94%    |   30.9ms | 1...
[ENTERTAINM] | YouTube  | [OFFENSIVE]  | 47%    |   33.0ms | lets goooo...
[GAMING/GAM] | YouTube  | [Normal]     | 94%    |   28.0ms | Nice...
[GAMING/GAM] | YouTube  | [Normal]     | 97%    |   26.5ms | Dock farther??...
[GAMING/GAM] | YouTube  | [Normal]     | 92%    |   26.2ms | THE STAIRS...
[GAMING/GAM] | YouTube  | [Normal]     | 95%    |   47.4ms | IRON LUNG IS AN INSPIRATION TO MY NEXT S...
[GAMING/SUR] | YouTube  | [Normal]     | 97%    |   33.6ms | pumpkin...
[GAMING/GAM] | YouTube  | [Normal]     | 68%    |   27.8ms | you bad at this...
[ENTERTAINM] | YouTube  | [Normal]     | 92%    |   38.3ms | I CANT WAIT!!!!!!!!...
[ENTERTAINM] | YouTube  | [Normal]     | 95%    |   30.1ms | congratulations...
[ENTERTAINM] | YouTube  | [Normal]     | 97%    |   51.5ms | :eyes-purple-crying::eyes-purple-crying:...
[GAMING/GAM] | YouTube  | [Normal]     | 94%    |   35.4ms | Do hard mode...
[GAMING/SUR] | YouTube  | [Normal]     | 94%    |   34.7ms | now look at the windmill LOL...
[ENTERTAINM] | YouTube  | [Normal]     | 95%    |   37.0ms | you love Indonesia...
[GAMING/GAM] | YouTube  | [Normal]     | 95%    |   34.1ms | L NOOB...
[GAMING/SUR] | YouTube  | [Normal]     | 85%    |   31.7ms | lies...
[GAMING/GAM] | YouTube  | [Normal]     | 90%    |   28.6ms | yessss...
[GAMING/GAM] | YouTube  | [Normal]     | 91%    |   27.1ms | Noob...
[ENTERTAINM] | YouTube  | [Normal]     | 97%    |   38.5ms | please play sidhu moose wala song - mera...
[GAMING/GAM] | YouTube  | [Normal]     | 94%    |   29.1ms | W Mark...
[SELF-HELP/] | YouTube  | [Normal]     | 95%    |   41.7ms | Universe let my nervous system get shred...
[SELF-HELP/] | YouTube  | [Normal]     | 97%    |   42.5ms | Thank you Dr. K...
[GAMING/GAM] | YouTube  | [Normal]     | 97%    |   40.5ms | lantern moved  rail position moved lol...
[PSYCHOLOGY] | YouTube  | [Normal]     | 96%    |   44.0ms | Ani me!^^...
[GAMING/GAM] | YouTube  | [Normal]     | 95%    |   27.7ms | obversation...
[GAMING/GAM] | YouTube  | [Normal]     | 97%    |   31.7ms | it's perfectly fine...
[ENTERTAINM] | YouTube  | [Normal]     | 93%    |   28.5ms | chat is not honest...
[ENTERTAINM] | YouTube  | [Normal]     | 94%    |   26.2ms | hi...
[GAMING/GAM] | YouTube  | [Normal]     | 94%    |   37.5ms | chat  is he being real...
[GAMING/GAM] | YouTube  | [Normal]     | 37%    |   34.3ms | BAN THEM THEY ARE WRONG...
[ENTERTAINM] | YouTube  | [Normal]     | 94%    |   37.4ms | y...
[GAMING/GAM] | YouTube  | [Normal]     | 94%    |   27.5ms | ok...
[GAMING/GAM] | YouTube  | [Normal]     | 92%    |   36.2ms | opbject manipulation in tittle...
[GAMING/GAM] | YouTube  | [Normal]     | 96%    |   31.2ms | hiiiiiiiiii...
[GAMING/GAM] | YouTube  | [Normal]     | 95%    |   36.3ms | not a noob lol...
[GAMING/GAM] | YouTube  | [Normal]     | 95%    |   34.3ms | as a librarian I stand behind you lol...
[GAMING/GAM] | YouTube  | [Normal]     | 94%    |   30.0ms | noobbbbb...
[SELF-HELP/] | YouTube  | [Normal]     | 97%    |   39.1ms | ENERGYYYY. It's ALL energy!...
[ENTERTAINM] | YouTube  | [Normal]     | 95%    |   34.6ms | 67...
[ENTERTAINM] | YouTube  | [Normal]     | 97%    |   49.5ms | :heart_hands::heart_hands::heart_hands::...
[GAMING/GAM] | YouTube  | [Normal]     | 94%    |   30.7ms | HAHAHAA...
[ENTERTAINM] | YouTube  | [Normal]     | 95%    |   31.6ms | Hiii...
[ENTERTAINM] | YouTube  | [Normal]     | 96%    |   32.4ms | I was here...
[ENTERTAINM] | YouTube  | [Normal]     | 97%    |   34.7ms | vino ok...
[ENTERTAINM] | YouTube  | [Normal]     | 94%    |   31.8ms | hi...
[ENTERTAINM] | YouTube  | [Normal]     | 96%    |  125.6ms | :check_mark_button::check_mark_button::c...
[GAMING/GAM] | YouTube  | [Normal]     | 89%    |   32.9ms | Nah you right...
[GAMING/GAM] | YouTube  | [Normal]     | 93%    |   38.3ms | hello everybody my name is obversation...
[GAMING/GAM] | YouTube  | [Normal]     | 97%    |   52.9ms | OBVERSATION :loudly_crying_face::loudly_...
[GAMING/GAM] | YouTube  | [Normal]     | 97%    |   35.0ms | love the movie mark...
[ENTERTAINM] | YouTube  | [Normal]     | 94%    |   31.7ms | hi...
[MUSIC/CHIL] | YouTube  | [Normal]     | 87%    |   48.3ms | thnx sis...
[ENTERTAINM] | YouTube  | [Normal]     | 77%    |   37.0ms | yo beast whats good...
[GAMING/GAM] | YouTube  | [Normal]     | 95%    |   40.5ms | Swaooing the S and V xd...
[ENTERTAINM] | YouTube  | [Normal]     | 97%    |   35.8ms | please pay 1000$...
[GAMING/GAM] | YouTube  | [OFFENSIVE]  | 62%    |   43.3ms | Goofy goober yea :smiling_face_with_sung...
[PSYCHOLOGY] | YouTube  | [Normal]     | 96%    |   31.9ms | yea...
[GAMING/GAM] | YouTube  | [Normal]     | 90%    |   36.9ms | You fixed the title anomaly...
[GAMING/GAM] | YouTube  | [Normal]     | 94%    |   44.6ms | not sure if its just me  but Mark feels ...
[GAMING/GAM] | YouTube  | [Normal]     | 93%    |   48.0ms | Keep it Obversation duty and just say yo...
[ENTERTAINM] | YouTube  | [Normal]     | 92%    |   31.8ms | ww...
[ENTERTAINM] | YouTube  | [Normal]     | 97%    |   35.5ms | Love from Texas...
[GAMING/GAM] | YouTube  | [Normal]     | 94%    |   44.7ms | This makes you wonder how many type-o's ...
[ENTERTAINM] | YouTube  | [Normal]     | 95%    |   30.6ms | wow...
[GAMING/GAM] | YouTube  | [Normal]     | 97%    |   39.7ms | OBVERSATION DUTY :fire::fire::fire:...
[GAMING/GAM] | YouTube  | [Normal]     | 95%    |   32.5ms | Obversation...
[ENTERTAINM] | YouTube  | [Normal]     | 97%    |   47.9ms | Promoting another YT…:chart_increasing::...
[ENTERTAINM] | YouTube  | [Normal]     | 94%    |   30.6ms | sup jim...
[GAMING/GAM] | YouTube  | [Normal]     | 91%    |   37.5ms | lowkey kinda like Five Nights at JR's...
[GAMING/GAM] | YouTube  | [Normal]     | 80%    |   37.7ms | Camera malfunction means it was gone...
[ENTERTAINM] | YouTube  | [Normal]     | 94%    |   33.5ms | SO OLD BUT GOLD...
[ENTERTAINM] | YouTube  | [Normal]     | 97%    |   37.1ms | :smiling_face_with_heart_eyes:...
[ENTERTAINM] | YouTube  | [Normal]     | 74%    |   59.3ms | :party_popper::party_popper::party_poppe...
[GAMING/GAM] | YouTube  | [Normal]     | 91%    |   46.5ms | camera malfunction was when the game end...
[ENTERTAINM] | YouTube  | [Normal]     | 62%    |   34.8ms | les goooo...
[GAMING/GAM] | YouTube  | [Normal]     | 45%    |   36.1ms | YIPPEEE...
[GAMING/GAM] | YouTube  | [Normal]     | 90%    |   37.5ms | heck yeah !!!...
[GAMING/GAM] | YouTube  | [Normal]     | 97%    |   35.6ms | HOORAYY...
[GAMING/GAM] | YouTube  | [Normal]     | 52%    |   36.1ms | hell yeah...
[SELF-HELP/] | YouTube  | [Normal]     | 89%    |   48.0ms | How do I know it's not my adhd telling m...
[MUSIC/CHIL] | YouTube  | [Normal]     | 93%    |   39.8ms | buci...
[GAMING/GAM] | YouTube  | [Normal]     | 95%    |   59.2ms | yay...
[SELF-HELP/] | YouTube  | [Normal]     | 60%    |   60.0ms | I hate Putin  not cuz I envy him  cuz I ...
[GAMING/GAM] | YouTube  | [Normal]     | 95%    |   26.5ms | YAY...
[ENTERTAINM] | YouTube  | [Normal]     | 95%    |   28.8ms | gift me car...
[ENTERTAINM] | YouTube  | [Normal]     | 96%    |   35.9ms | jimmy i am subscribed you from 2020...
[PSYCHOLOGY] | YouTube  | [Normal]     | 97%    |   50.4ms | @corvulge lmfao i miss captions. i wish ...
[ENTERTAINM] | YouTube  | [Normal]     | 95%    |   92.2ms | Bro give A super bike like bmw 1000 RR :...
[PSYCHOLOGY] | YouTube  | [Normal]     | 92%    |   76.5ms | Too often I spend time internally  think...
[ENTERTAINM] | YouTube  | [Normal]     | 96%    |   56.4ms | кто из русских...
[PSYCHOLOGY] | YouTube  | [Normal]     | 96%    |   54.9ms | Makes sens...
[GAMING/SUR] | YouTube  | [Normal]     | 81%    |   46.8ms | so bad...
[GAMING/SUR] | YouTube  | [Normal]     | 89%    |   41.8ms | nice windmill haha...
[ENTERTAINM] | YouTube  | [Normal]     | 97%    |   48.3ms | :thanksdoc::yt:...
[GAMING/GAM] | YouTube  | [Normal]     | 97%    |   39.4ms | basement barrell...
[ENTERTAINM] | YouTube  | [Normal]     | 93%    |   44.6ms | :rolling_on_the_floor_laughing:...
[GAMING/GAM] | YouTube  | [Normal]     | 87%    |   38.2ms | lock the door...
[GAMING/SUR] | YouTube  | [Normal]     | 93%    |   41.5ms | oh my god...
[MUSIC/CHIL] | YouTube  | [Normal]     | 98%    |  130.9ms | BLOSS :bouquet::small_blue_diamond: Boll...
[GAMING/GAM] | YouTube  | [Normal]     | 96%    |   61.1ms | IRON LING FOR MOVER OF THE YEAR!!!!...
[GAMING/GAM] | YouTube  | [Normal]     | 82%    |   44.3ms | yes they did...
[ENTERTAINM] | YouTube  | [Normal]     | 95%    |   36.9ms | 667...
[ENTERTAINM] | YouTube  | [Normal]     | 91%    |   43.5ms | hey...
[ENTERTAINM] | YouTube  | [Normal]     | 96%    |   34.0ms | for my business brother pzz help me...
[ENTERTAINM] | YouTube  | [Normal]     | 95%    |   31.1ms | MR BEAST WORLD CUP...
[GAMING/GAM] | YouTube  | [Normal]     | 87%    |   42.4ms | i wanna watch iron lung SOOOOO bad icl...
[GAMING/GAM] | YouTube  | [Normal]     | 79%    |   41.6ms | There's a man in the top left corner...
[GAMING/GAM] | YouTube  | [Normal]     | 77%    |   37.5ms | You polling bro!?!...
[MUSIC/CHIL] | YouTube  | [Normal]     | 97%    |   45.6ms | Prasa hey bro :handshake: :clinking_beer...
[PSYCHOLOGY] | YouTube  | [Normal]     | 93%    |   34.2ms | is VPN a need...
[ENTERTAINM] | YouTube  | [Normal]     | 93%    |   30.6ms | hlo...
[GAMING/GAM] | YouTube  | [Normal]     | 95%    |   37.7ms | LIGHTHOUSE TOP HAS A WEIRD CIRCLE SYMBOL...
[GAMING/SUR] | YouTube  | [Normal]     | 77%    |   35.4ms | ACTUAL FOOLISHNESS...
[GAMING/GAM] | YouTube  | [Normal]     | 88%    |   43.0ms | IN THE THEATER BOUTA WATCH IRON LUNG...
[ENTERTAINM] | YouTube  | [Normal]     | 95%    |   37.8ms | Asalamualaikum...
[ENTERTAINM] | YouTube  | [Normal]     | 91%    |   42.1ms | Hey mr beast can u help me I’m from Indi...
[GAMING/GAM] | YouTube  | [Normal]     | 94%    |   53.3ms | this doesn't look like Silent Hill F :th...
[ENTERTAINM] | YouTube  | [Normal]     | 95%    |   37.1ms | hello...
[GAMING/GAM] | YouTube  | [Normal]     | 92%    |   85.2ms | I’m seeing iron lung in 2 hours. Mark yo...
[MUSIC/CHIL] | YouTube  | [Normal]     | 96%    |   47.2ms | Ohh :anguished_face: is she doc Prasa :l...
[SELF-HELP/] | YouTube  | [Normal]     | 97%    |   71.2ms | I could see this for people you don't kn...
[GAMING/GAM] | YouTube  | [Normal]     | 93%    |   33.8ms | L...
[GAMING/GAM] | YouTube  | [Normal]     | 74%    |   41.7ms | anyone else see a body like shape under ...
[GAMING/GAM] | YouTube  | [Normal]     | 88%    |   41.2ms | :woman_facepalming: we love you mark...
[MUSIC/CHIL] | YouTube  | [Normal]     | 97%    |   35.0ms | :green_heart::elephant:...
[SELF-HELP/] | YouTube  | [Normal]     | 60%    |   34.3ms | what does it mean when you hate yourself...
[GAMING/SUR] | YouTube  | [Normal]     | 87%    |   27.3ms | Let him help...
[GAMING/GAM] | YouTube  | [Normal]     | 96%    |   30.6ms | flare???...
[GAMING/GAM] | YouTube  | [Normal]     | 94%    |   34.7ms | Keep an eye on the map in the interior...
[ENTERTAINM] | YouTube  | [Normal]     | 96%    |   38.8ms | How do yall not know lol?...
[GAMING/GAM] | YouTube  | [Normal]     | 89%    |   25.8ms | PHONE ANOMALY...
[GAMING/GAM] | YouTube  | [Normal]     | 97%    |   31.9ms | Mark I’ve watched you for 10 years!...
[ENTERTAINM] | YouTube  | [Normal]     | 97%    |   30.7ms | from Pakistan :red_heart:...
[GAMING/GAM] | YouTube  | [Normal]     | 97%    |   36.0ms | Bye mark I need to go love you...
[PSYCHOLOGY] | YouTube  | [Normal]     | 82%    |   48.5ms | how u guys deal with conformity...
[GAMING/GAM] | YouTube  | [Normal]     | 91%    |   37.2ms | Hey...
[ENTERTAINM] | YouTube  | [Normal]     | 98%    |   60.2ms | FROM BANGLADESH :green_circle::red_circl...
[ENTERTAINM] | YouTube  | [Normal]     | 98%    |   87.1ms | siempre participamos con la esperanza de...
[GAMING/SUR] | YouTube  | [Normal]     | 83%    |   52.6ms | weiner is on fire...
[GAMING/GAM] | YouTube  | [Normal]     | 95%    |   37.0ms | It looks cool...
[GAMING/GAM] | YouTube  | [Normal]     | 97%    |   45.9ms | Watched Iron Lung today. Loved it  love ...
[ENTERTAINM] | YouTube  | [Normal]     | 97%    |   80.1ms | MrBeast  congrats on 500 million! As you...
[MUSIC/CHIL] | YouTube  | [Normal]     | 96%    |   32.3ms | son culpa de putin y maduro...
[ENTERTAINM] | YouTube  | [Normal]     | 96%    |   38.0ms | hi Mr. Beast! I wish you the best!...
[GAMING/SUR] | YouTube  | [OFFENSIVE]  | 86%    |   36.3ms | -2k scrap and base is fucked up...
[ENTERTAINM] | YouTube  | [Normal]     | 94%    |   33.6ms | kai cenet?...
[ENTERTAINM] | YouTube  | [Normal]     | 94%    |   32.3ms | hi...
[GAMING/SUR] | YouTube  | [Normal]     | 91%    |   39.5ms | and you lost all your money lol...
[PSYCHOLOGY] | YouTube  | [Normal]     | 58%    |   47.7ms | What if I don’t want to have kids? (As a...
[SELF-HELP/] | YouTube  | [Normal]     | 96%    |   32.8ms | lol pure...
[SELF-HELP/] | YouTube  | [Normal]     | 56%    |   37.3ms | they don't stay in the matrix...
[ENTERTAINM] | YouTube  | [Normal]     | 85%    |   45.9ms | you are the best !!!!!!¡...
[GAMING/SUR] | YouTube  | [Normal]     | 61%    |   47.3ms | gingy gonna wake up to this :rolling_on_...
[ENTERTAINM] | YouTube  | [Normal]     | 94%    |   32.3ms | Yeeeee...
[ENTERTAINM] | YouTube  | [Normal]     | 88%    |   34.7ms | give me money...
[ENTERTAINM] | YouTube  | [Normal]     | 90%    |   32.5ms | maybe...
[GAMING/GAM] | YouTube  | [Normal]     | 97%    |   42.2ms | I’m back. He fixed the name I see lol...
[GAMING/SUR] | YouTube  | [HATE]       | 42%    |   38.5ms | All i know is they suck...
[ENTERTAINM] | YouTube  | [Normal]     | 96%    |  102.3ms | :yt::yt::yt::yt::yt::yt::yt::yt::yt::tha...
[ENTERTAINM] | YouTube  | [Normal]     | 96%    |   35.5ms | U.S. and no clue lol...
[GAMING/GAM] | YouTube  | [Normal]     | 95%    |   41.0ms | I see iron lung on Thursday January 29th...
[PSYCHOLOGY] | YouTube  | [Normal]     | 97%    |   37.6ms | holy shii these are hard conversations...
[GAMING/GAM] | YouTube  | [Normal]     | 90%    |   40.5ms | don't see a face "yet"...
[GAMING/SUR] | YouTube  | [Normal]     | 66%    |   37.6ms | you need cloaksy RPG...
[GAMING/SUR] | YouTube  | [Normal]     | 80%    |   42.5ms | They changed the heli about a year ago a...
[MUSIC/CHIL] | YouTube  | [Normal]     | 96%    |   35.7ms | vizz raaledhe...
[ENTERTAINM] | YouTube  | [Normal]     | 97%    |   34.2ms | Congratulations And Celebrations...
[ENTERTAINM] | YouTube  | [Normal]     | 90%    |   36.5ms | But for real who is he...
[SELF-HELP/] | YouTube  | [Normal]     | 95%    |   34.9ms | Ws for chat...
[ENTERTAINM] | YouTube  | [Normal]     | 95%    |   33.3ms | hello...
[GAMING/GAM] | YouTube  | [Normal]     | 90%    |   34.2ms | Oh my GOD NO...
[GAMING/GAM] | YouTube  | [Normal]     | 97%    |   64.8ms | Hey Mark  I have been watching your cont...
[GAMING/GAM] | YouTube  | [Normal]     | 93%    |   30.7ms | MISSING CAMERA...
[ENTERTAINM] | YouTube  | [Normal]     | 96%    |   34.3ms | hi :thumbs_up:hi...
[GAMING/SUR] | YouTube  | [HATE]       | 66%    |   36.3ms | well at least the windmill should be gon...
[PSYCHOLOGY] | YouTube  | [Normal]     | 80%    |   61.5ms | @ginevraaa if you want more connection t...
[ENTERTAINM] | YouTube  | [Normal]     | 93%    |   28.9ms | Mr beast is best...
[ENTERTAINM] | YouTube  | [Normal]     | 94%    |   27.0ms | Ray...
[GAMING/GAM] | YouTube  | [Normal]     | 87%    |   38.6ms | You’re live whattt since when...
[GAMING/GAM] | YouTube  | [Normal]     | 97%    |   48.5ms | Would you ever play League Of Legends fo...
[GAMING/GAM] | YouTube  | [Normal]     | 95%    |   30.2ms | the stairs look oddly green...
[GAMING/GAM] | YouTube  | [Normal]     | 97%    |   28.7ms | FUSE BOX in Interior...
[ENTERTAINM] | YouTube  | [Normal]     | 93%    |   33.2ms | I LOVE YOU MR BEAST SIR...
[ENTERTAINM] | YouTube  | [Normal]     | 94%    |   29.8ms | Do speed...
[ENTERTAINM] | YouTube  | [Normal]     | 96%    |   29.7ms | big fan...
[GAMING/SUR] | YouTube  | [Normal]     | 90%    |   30.6ms | OMG OMG PANIC...
[NEWS/LIVE ] | YouTube  | [Normal]     | 92%    |   33.1ms | They rejected him from the press confere...
[ENTERTAINM] | YouTube  | [Normal]     | 91%    |   28.0ms | منم...
[GAMING/GAM] | YouTube  | [Normal]     | 95%    |   39.7ms | Iron Lung's director dude is playing gam...
[ENTERTAINM] | YouTube  | [Normal]     | 92%    |   44.8ms | do yall live in a rock how do yall not k...
[MUSIC/CHIL] | YouTube  | [Normal]     | 95%    |   32.7ms | :zzz:...
[GAMING/GAM] | YouTube  | [Normal]     | 93%    |   27.6ms | extra bottle pier...
[ENTERTAINM] | YouTube  | [Normal]     | 87%    |   26.0ms | a...
[GAMING/GAM] | YouTube  | [Normal]     | 95%    |   46.6ms | omg it's me...
[ENTERTAINM] | YouTube  | [Normal]     | 95%    |   40.2ms | হ্যালো মিস্টার বিস্ট...
[PSYCHOLOGY] | YouTube  | [Normal]     | 95%    |   32.0ms | Seems convinient tbh...
[GAMING/GAM] | YouTube  | [Normal]     | 85%    |   37.8ms | What if mark is the anomaly...
[GAMING/GAM] | YouTube  | [Normal]     | 96%    |   35.6ms | What time does stream start?...
[GAMING/GAM] | YouTube  | [Normal]     | 97%    |   36.5ms | THE RED ROPE MOVED BACK I SWEAR...
[GAMING/GAM] | YouTube  | [Normal]     | 90%    |   36.0ms | It's the lung!...
[ENTERTAINM] | YouTube  | [Normal]     | 96%    |   35.1ms | привет...
[GAMING/SUR] | YouTube  | [Normal]     | 86%    |   52.7ms | :_LockIn::_LockIn::_LockIn::_LockIn::_Lo...
[GAMING/GAM] | YouTube  | [Normal]     | 96%    |   59.5ms | camera is zoomed on lighthouse...
[GAMING/GAM] | YouTube  | [Normal]     | 97%    |   37.9ms | SECOND MOUSETRAP IN BASEMENT...
[ENTERTAINM] | YouTube  | [Normal]     | 96%    |   30.6ms | hi!...
[GAMING/SUR] | YouTube  | [Normal]     | 94%    |   33.9ms | it's about to go down...
[MUSIC/CHIL] | YouTube  | [Normal]     | 97%    |   34.0ms | Kavya face reveal...
[ENTERTAINM] | YouTube  | [Normal]     | 97%    |   35.2ms | Hello from Philippines...
[GAMING/GAM] | YouTube  | [Normal]     | 96%    |   32.3ms | Logs on floor in cabin...
[MUSIC/CHIL] | YouTube  | [Normal]     | 96%    |   50.5ms | e fain doar am zis din suflet că vreau s...
[ENTERTAINM] | YouTube  | [Normal]     | 94%    |   25.0ms | hi...
[ENTERTAINM] | YouTube  | [Normal]     | 97%    |   26.5ms | I love you...
[ENTERTAINM] | YouTube  | [Normal]     | 90%    |   26.9ms | หวัดดี มิสเตอร์บีย...
[GAMING/GAM] | YouTube  | [Normal]     | 93%    |   48.6ms | The keepers roam sounds like someone is ...
[PSYCHOLOGY] | YouTube  | [Normal]     | 95%    |   75.1ms | @mandalarine yeah it’s just a break but ...
[GAMING/GAM] | YouTube  | [Normal]     | 97%    |   54.5ms | THE FUSE BOX IS OPEN!!!!!!...
[MUSIC/CHIL] | YouTube  | [HATE]       | 84%    |   46.9ms | Raggy buy her a Barista machine...
[ENTERTAINM] | YouTube  | [Normal]     | 94%    |   40.8ms | Hi...
[GAMING/SUR] | YouTube  | [Normal]     | 74%    |   47.3ms | YOU NEED TO BE FASTER...
[SELF-HELP/] | YouTube  | [Normal]     | 84%    |   47.8ms | If one sees only 2 options the ego is ac...
[GAMING/GAM] | YouTube  | [Normal]     | 98%    |   31.8ms | Mark the pole...
[MUSIC/CHIL] | YouTube  | [Normal]     | 97%    |   38.3ms | R.... Malik...
[SPORTS/FOO] | YouTube  | [Normal]     | 96%    |   36.3ms | luar biasa...
[GAMING/GAM] | YouTube  | [Normal]     | 96%    |   38.4ms | hi Mark...
[GAMING/GAM] | YouTube  | [Normal]     | 97%    |   45.0ms | The hanging ropes in stairwell look bend...
[GAMING/SUR] | YouTube  | [Normal]     | 97%    |   36.4ms | yt stream is fine!...
[GAMING/GAM] | YouTube  | [Normal]     | 88%    |   49.4ms | i'm really waiting for a person to show ...
[ENTERTAINM] | YouTube  | [Normal]     | 96%    |   35.7ms | im from India...
[GAMING/GAM] | YouTube  | [Normal]     | 77%    |   43.9ms | no iron lung for Ukrainian?(((...
[MUSIC/CHIL] | YouTube  | [Normal]     | 96%    |   50.1ms | :soap::dog2::soap:...
[GAMING/GAM] | YouTube  | [Normal]     | 97%    |   59.8ms | The lantern moved interior...
[GAMING/GAM] | YouTube  | [Normal]     | 97%    |   40.3ms | the fuse box was open...
[GAMING/GAM] | YouTube  | [Normal]     | 92%    |   33.0ms | ANOMALY IN TOP LEFT...
[GAMING/GAM] | YouTube  | [Normal]     | 96%    |   25.3ms | mark the eyes...
[ENTERTAINM] | YouTube  | [Normal]     | 91%    |   39.3ms | HI MT BEAST  I'M FROM BRAZILIAM   SPEAK ...
[ENTERTAINM] | YouTube  | [Normal]     | 94%    |   27.1ms | 94...
[GAMING/GAM] | YouTube  | [Normal]     | 98%    |   34.7ms | extra box by the purple scarf lantern ro...
[ENTERTAINM] | YouTube  | [Normal]     | 96%    |   30.3ms | FROM UZBEKISTAN...
[PSYCHOLOGY] | YouTube  | [Normal]     | 95%    |   75.7ms | @guywithnohouse.6808 Yeah like  okay rec...
[SELF-HELP/] | YouTube  | [Normal]     | 66%    |   68.1ms | My actual question is  why do I look at ...
[GAMING/GAM] | YouTube  | [Normal]     | 91%    |   40.2ms | you need to cool it...
[ENTERTAINM] | YouTube  | [Normal]     | 97%    |   36.3ms | i am happy :relieved_face:...
[SELF-HELP/] | YouTube  | [Normal]     | 90%    |   35.4ms | WE SHOULD APPRECIATE THE TREVOR @Healthy...
[GAMING/SUR] | YouTube  | [Normal]     | 51%    |   37.8ms | Let’s gooooooo...
[GAMING/SUR] | YouTube  | [Normal]     | 95%    |   27.2ms | LFG...
[GAMING/SUR] | YouTube  | [Normal]     | 94%    |   31.4ms | YUH...
[GAMING/SUR] | YouTube  | [Normal]     | 96%    |   33.3ms | Yurrrrr...
[PSYCHOLOGY] | YouTube  | [Normal]     | 98%    |   37.6ms | :glasses-purple-yellow-diamond:...
[GAMING/SUR] | YouTube  | [Normal]     | 96%    |   34.7ms | First...
[GAMING/SUR] | YouTube  | [Normal]     | 92%    |   41.2ms | Wuuhuu...
[GAMING/SUR] | YouTube  | [Normal]     | 63%    |   53.5ms | the grind is real!!...
[NEWS/LIVE ] | YouTube  | [Normal]     | 50%    |   56.5ms | who have worked a certain amount of year...
[GAMING/SUR] | YouTube  | [Normal]     | 69%    |   27.6ms | Gooooop...
[GAMING/SUR] | YouTube  | [OFFENSIVE]  | 75%    |   38.8ms | letssss gooooooo let's a go...
[GAMING/SUR] | YouTube  | [Normal]     | 59%    |   33.8ms | LETS GOOOO MFFFF’sssss...
[GAMING/SUR] | YouTube  | [Normal]     | 69%    |   41.0ms | It’s gonna be a good day boys surely he ...
[GAMING/SUR] | YouTube  | [Normal]     | 95%    |   28.1ms | yyyeeer...
[GAMING/SUR] | YouTube  | [Normal]     | 52%    |   33.9ms | GOOP GOOP GOOP...
[GAMING/SUR] | YouTube  | [Normal]     | 86%    |   35.4ms | Camsoda is still using guns against play...
[GAMING/SUR] | YouTube  | [Normal]     | 87%    |   31.4ms | LOCK IN...
[GAMING/SUR] | YouTube  | [Normal]     | 61%    |   39.4ms | lets goooooooooo chat!!!...
[GAMING/SUR] | YouTube  | [Normal]     | 92%    |   42.0ms | Knights of the bungus!!!...
[GAMING/SUR] | YouTube  | [Normal]     | 88%    |   34.6ms | LOCK IN!...
[GAMING/SUR] | YouTube  | [Normal]     | 86%    |   33.7ms | Voodooooooo...
[GAMING/SUR] | YouTube  | [Normal]     | 95%    |   93.0ms | :exploding_head::exploding_head::explodi...
[MUSIC/CHIL] | YouTube  | [Normal]     | 97%    |  105.2ms | Mother and daughter having children toge...
[GAMING/SUR] | YouTube  | [Normal]     | 92%    |   28.6ms | like the stream...
[GAMING/SUR] | YouTube  | [Normal]     | 92%    |   41.5ms | The Myth  The peanut  The mf legend in d...
[GAMING/SUR] | YouTube  | [Normal]     | 82%    |   36.0ms | hutch is spending all your scrap!...
[GAMING/SUR] | YouTube  | [Normal]     | 98%    |   37.6ms | :rocket-red-countdown-liftoff:...
[GAMING/SUR] | YouTube  | [Normal]     | 95%    |   33.9ms | EEEEE...
[GAMING/SUR] | YouTube  | [Normal]     | 51%    |   34.9ms | Let’s gooooooo...
[GAMING/SUR] | YouTube  | [Normal]     | 95%    |   78.6ms | :thumbs_up::thumbs_up::thumbs_up::thumbs...
[GAMING/SUR] | YouTube  | [Normal]     | 95%    |   32.5ms | no  no. how are YOUUUU peanut...
[GAMING/SUR] | YouTube  | [Normal]     | 96%    |   26.7ms | HAPPY SATURDAY...
[GAMING/SUR] | YouTube  | [Normal]     | 38%    |   37.6ms | Am I buggin or is peanut the goat of str...
[GAMING/SUR] | YouTube  | [Normal]     | 94%    |   31.3ms | hes the commander now...
[GAMING/SUR] | YouTube  | [Normal]     | 92%    |   37.1ms | hes ;leaving...
[GAMING/SUR] | YouTube  | [Normal]     | 80%    |   40.8ms | NO SLEEP TILL BUNGLYN!!!!!!!!!!...
[GAMING/SUR] | YouTube  | [OFFENSIVE]  | 48%    |   40.6ms | Bro STFU about diarrhea all the time lmf...
[GAMING/SUR] | YouTube  | [OFFENSIVE]  | 58%    |   32.5ms | Where’s Gingy?...
[GAMING/SUR] | YouTube  | [Normal]     | 70%    |   34.5ms | May it be smooth and stinky...
[GAMING/SUR] | YouTube  | [Normal]     | 79%    |   34.2ms | What happened to your whiskey throat?...
[GAMING/SUR] | YouTube  | [Normal]     | 91%    |   32.1ms | yeahhhhhh...
[NEWS/LIVE ] | YouTube  | [Normal]     | 98%    |   37.7ms | Even animals and birds have their own ho...
[GAMING/SUR] | YouTube  | [Normal]     | 74%    |   36.0ms | hutch is going to gamble...
[GAMING/SUR] | YouTube  | [Normal]     | 93%    |   37.2ms | Gingy and Rouge did 20 Hours...
[GAMING/SUR] | YouTube  | [Normal]     | 54%    |   40.6ms | Hutch robbed you of your gun and armor...
[MUSIC/CHIL] | YouTube  | [Normal]     | 97%    |   54.3ms | serendi lechi podam ani chelli ekkadikel...
[GAMING/SUR] | YouTube  | [Normal]     | 97%    |   31.0ms | 19 hrs...
[GAMING/SUR] | YouTube  | [Normal]     | 87%    |   34.4ms | give gingy her flowers...
[NEWS/LIVE ] | YouTube  | [Normal]     | 96%    |   59.5ms | John Wayne type cheet "Coffin man prepar...
[GAMING/SUR] | YouTube  | [Normal]     | 78%    |   35.5ms | Gingy and Rogue need a promotion peanut...
[GAMING/SUR] | YouTube  | [Normal]     | 97%    |   26.9ms | 23 hours...
[MUSIC/CHIL] | YouTube  | [Normal]     | 96%    |   28.1ms | Ee piyya evaru...
[GAMING/SUR] | YouTube  | [Normal]     | 97%    |   29.3ms | Arc!!!!...
[GAMING/SUR] | YouTube  | [OFFENSIVE]  | 79%    |   48.9ms | :_LetsGo::_LetsGo::_LetsGo::_LetsGo::_Le...
[NEWS/LIVE ] | YouTube  | [Normal]     | 96%    |   40.1ms | Won won :backhand_index_pointing_left:...
[GAMING/SUR] | YouTube  | [Normal]     | 91%    |   48.5ms | ayyyeee. he's baccckkk...
[MUSIC/CHIL] | YouTube  | [Normal]     | 98%    |   44.6ms | serendi marchipoya :smiling_face_with_te...
[GAMING/SUR] | YouTube  | [Normal]     | 80%    |   34.2ms | They have slot machines as well haha...
[MUSIC/CHIL] | YouTube  | [Normal]     | 98%    |   36.2ms | :musical_score:...
[GAMING/SUR] | YouTube  | [Normal]     | 95%    |   37.0ms | GATE LEFT OPEN P...
[GAMING/SUR] | YouTube  | [Normal]     | 95%    |   34.1ms | H20...
[GAMING/SUR] | YouTube  | [Normal]     | 82%    |   38.2ms | Shut the door!!!!...
[GAMING/SUR] | YouTube  | [Normal]     | 95%    |   35.9ms | h2o...
[GAMING/SUR] | YouTube  | [Normal]     | 91%    |   34.4ms | Vanoss...
[GAMING/SUR] | YouTube  | [Normal]     | 68%    |   43.1ms | goop his body...
[GAMING/SUR] | YouTube  | [Normal]     | 92%    |   39.0ms | did you leave the door open...
[GAMING/SUR] | YouTube  | [Normal]     | 96%    |   32.0ms | !peanuts...
[NEWS/LIVE ] | YouTube  | [Normal]     | 93%    |   36.2ms | :buffering:...
[GAMING/SUR] | YouTube  | [Normal]     | 92%    |   33.6ms | it went away...
[GAMING/SUR] | YouTube  | [Normal]     | 93%    |   36.0ms | $UFD...
[GAMING/SUR] | YouTube  | [Normal]     | 98%    |   43.0ms | Peanut on a game I actually play????...
[GAMING/SUR] | YouTube  | [Normal]     | 97%    |   36.7ms | where is telaviv?...
[SELF-HELP/] | YouTube  | [Normal]     | 96%    |   54.4ms | hows it going chat?...
[NEWS/LIVE ] | YouTube  | [Normal]     | 94%    |   52.7ms | nobody wants to be commie:cat-orange-whi...
[GAMING/SUR] | YouTube  | [OFFENSIVE]  | 98%    |   47.0ms | is this loser still using Rust pros when...
[MUSIC/CHIL] | YouTube  | [Normal]     | 97%    |   52.7ms | pranam leni paddati kosam pranam una pra...
[MUSIC/CHIL] | YouTube  | [Normal]     | 98%    |   60.1ms | :face_with_tears_of_joy::cat_with_tears_...
[MUSIC/CHIL] | YouTube  | [Normal]     | 97%    |   44.9ms | G  :face_with_tears_of_joy:Bagunda corpo...
[PSYCHOLOGY] | YouTube  | [Normal]     | 96%    |   32.5ms | alrighty chattt...
[GAMING/SUR] | YouTube  | [Normal]     | 76%    |   46.0ms | Imagine the amount of low grade fuel you...
[GAMING/SUR] | YouTube  | [Normal]     | 95%    |   39.0ms | Lollll...
[GAMING/SUR] | YouTube  | [Normal]     | 81%    |   47.5ms | gingy owned butch the hutt :rolling_on_t...
[GAMING/SUR] | YouTube  | [Normal]     | 94%    |   31.2ms | below...
[PSYCHOLOGY] | YouTube  | [Normal]     | 97%    |   39.8ms | Hi Dr. K ! Hi team ! Hi chat !...
[GAMING/SUR] | YouTube  | [Normal]     | 95%    |   34.9ms | pure diesel...
[MUSIC/CHIL] | YouTube  | [Normal]     | 85%    |   49.7ms | If he says it's a lie  I'll never come h...
[GAMING/SUR] | YouTube  | [OFFENSIVE]  | 49%    |   38.2ms | GINGY KILLED CLOAKZY?!?!...
[GAMING/SUR] | YouTube  | [Normal]     | 94%    |   30.9ms | RAAAQAAAAAHHHH...
[MUSIC/CHIL] | YouTube  | [Normal]     | 95%    |   66.3ms | Suz I can’t cover my face anymore :face_...
[MUSIC/CHIL] | YouTube  | [Normal]     | 97%    |   43.3ms | Manoj kyu mana kr rhe isse Acha to mar j...
[MUSIC/CHIL] | YouTube  | [Normal]     | 95%    |   33.5ms | Shivani your pfp is giving those vibes...
[NEWS/LIVE ] | YouTube  | [Normal]     | 88%    |   43.0ms | as a former USA teacher  what went wrong...
[GAMING/SUR] | YouTube  | [Normal]     | 92%    |   46.7ms | HES ON EARLY HI MR NUT...
[GAMING/SUR] | YouTube  | [Normal]     | 78%    |   49.7ms | GINGYYYYY...
[GAMING/SUR] | YouTube  | [Normal]     | 81%    |   43.6ms | there is a wheel in the train...
[GAMING/SUR] | YouTube  | [Normal]     | 91%    |   40.5ms | its in the front...
[GAMING/SUR] | YouTube  | [Normal]     | 94%    |   42.1ms | ON the ground...
[GAMING/SUR] | YouTube  | [Normal]     | 96%    |   65.9ms | yay mR_P":saluting_face::saluting_face:...
[GAMING/SUR] | YouTube  | [Normal]     | 91%    |   40.1ms | South...
[PSYCHOLOGY] | YouTube  | [Normal]     | 93%    |   52.6ms | I’m chat-maxxing...
[GAMING/SUR] | YouTube  | [Normal]     | 92%    |   69.7ms | haahahahah...
[MUSIC/CHIL] | YouTube  | [Normal]     | 88%    |   43.1ms | Stranger net slow...
[MUSIC/CHIL] | YouTube  | [Normal]     | 96%    |   39.6ms | your love can you love my...
[GAMING/SUR] | YouTube  | [Normal]     | 96%    |   53.0ms | oh its h20 lol...
[GAMING/SUR] | YouTube  | [OFFENSIVE]  | 89%    |   41.2ms | DELIROOUSSSSS...
[GAMING/SUR] | YouTube  | [Normal]     | 94%    |   52.0ms | No way that’s delirious LMAO...
[GAMING/SUR] | YouTube  | [Normal]     | 91%    |   49.7ms | DO IT AND YOUR COOL...
[MUSIC/CHIL] | YouTube  | [Normal]     | 96%    |   36.4ms | i can be...
[GAMING/SUR] | YouTube  | [Normal]     | 92%    |   39.3ms | W GAMBLING :_PeanutJork:...
[GAMING/SUR] | YouTube  | [Normal]     | 90%    |   45.0ms | bro needs to put some clothes on...
[PSYCHOLOGY] | YouTube  | [Normal]     | 95%    |   40.5ms | @MochiM00n we saw him over twitch...
[GAMING/SUR] | YouTube  | [Normal]     | 94%    |   45.4ms | @titeacevedo7791 wahhhh wahhhh...
[GAMING/SUR] | YouTube  | [HATE]       | 61%    |   39.7ms | Goat :goat:...
[GAMING/SUR] | YouTube  | [Normal]     | 96%    |   34.3ms | Classic...
[MUSIC/CHIL] | YouTube  | [Normal]     | 95%    |   67.7ms | what so :rolling_on_the_floor_laughing::...
[GAMING/SUR] | YouTube  | [Normal]     | 94%    |   36.5ms | Take his shot...
[GAMING/SUR] | YouTube  | [Normal]     | 82%    |   46.7ms | why the hell is delerious here lmfao...
[GAMING/SUR] | YouTube  | [Normal]     | 95%    |   33.8ms | well that escalated quickly...
[PSYCHOLOGY] | YouTube  | [Normal]     | 97%    |   41.0ms | I rewatched the early modules...
[GAMING/SUR] | YouTube  | [Normal]     | 97%    |   54.2ms | :face-green-smiling::face-green-smiling:...
[GAMING/SUR] | YouTube  | [OFFENSIVE]  | 78%    |   57.9ms | :_LetsGo::_LetsGo::_LetsGo::_LetsGo:...
[GAMING/SUR] | YouTube  | [Normal]     | 94%    |   35.3ms | don't swing at people there  lol...
[GAMING/SUR] | YouTube  | [Normal]     | 76%    |   39.7ms | Can’t loot him it’s in a safe zone...
[GAMING/SUR] | YouTube  | [Normal]     | 97%    |   56.8ms | :face-green-smiling::face-green-smiling:...
[MUSIC/CHIL] | YouTube  | [Normal]     | 96%    |   43.9ms | so you love me :smiling_face_with_sungla...
[GAMING/SUR] | YouTube  | [Normal]     | 94%    |   33.1ms | 10...
[GAMING/SUR] | YouTube  | [Normal]     | 96%    |   38.6ms | Lmao...
[GAMING/SUR] | YouTube  | [Normal]     | 96%    |   36.8ms | LOL...
[GAMING/SUR] | YouTube  | [Normal]     | 92%    |   34.3ms | the mods have that quik draw Mcgraw...
[GAMING/SUR] | YouTube  | [Normal]     | 96%    |   37.7ms | LOL...
[GAMING/SUR] | YouTube  | [Normal]     | 92%    |   30.5ms | LMFAOOOOOOOOO...
[GAMING/SUR] | YouTube  | [Normal]     | 94%    |   37.5ms | Lmaoooooo...
[GAMING/SUR] | YouTube  | [Normal]     | 97%    |   61.0ms | :face_with_tears_of_joy::face_with_tears...
[MUSIC/CHIL] | YouTube  | [Normal]     | 97%    |   39.2ms | Vsaanu Anna:slightly_smiling_face:...
[GAMING/SUR] | YouTube  | [Normal]     | 92%    |   33.6ms | :_LetsRide:...
[PSYCHOLOGY] | YouTube  | [Normal]     | 92%    |   37.3ms | good news there are billions of humans!...
[SELF-HELP/] | YouTube  | [Normal]     | 92%    |   31.9ms | H...
[SELF-HELP/] | YouTube  | [Normal]     | 86%    |   31.6ms | yo...
[GAMING/SUR] | YouTube  | [Normal]     | 55%    |   45.4ms | lol how is this place a safe zone should...
[GAMING/SUR] | YouTube  | [Normal]     | 93%    |   37.2ms | AHHHHHHHH...
[GAMING/ESP] | YouTube  | [Normal]     | 94%    |   36.2ms | :moai:...
[PSYCHOLOGY] | YouTube  | [Normal]     | 97%    |   46.9ms | is he streaming on twitch too? is that t...
[PSYCHOLOGY] | YouTube  | [Normal]     | 95%    |   45.0ms | Hello everyone ! I hope all of you have ...
[GAMING/SUR] | YouTube  | [Normal]     | 95%    |   30.1ms | 6 7...
[GAMING/SUR] | YouTube  | [Normal]     | 73%    |   39.6ms | this turned into a bossmanjack stream...
[GAMING/SUR] | YouTube  | [Normal]     | 96%    |   31.3ms | yup...
[GAMING/SUR] | YouTube  | [Normal]     | 91%    |   26.1ms | W...
[GAMING/SUR] | YouTube  | [Normal]     | 95%    |   39.8ms | :fire::fire::fire::fire::fire:...
[GAMING/SUR] | YouTube  | [Normal]     | 92%    |   46.6ms | :_PeanutJork::_GOOP::_GOOP::_GOOP:...
[GAMING/SUR] | YouTube  | [Normal]     | 91%    |   32.8ms | Hahahahahahahaha...
[GAMING/SUR] | YouTube  | [Normal]     | 95%    |   29.6ms | lmaooo...
[GAMING/SUR] | YouTube  | [Normal]     | 93%    |   34.6ms | get rekt...
[GAMING/SUR] | YouTube  | [Normal]     | 96%    |   36.7ms | lmao righed...
[GAMING/SUR] | YouTube  | [Normal]     | 92%    |   38.1ms | he definintely busted...
[GAMING/SUR] | YouTube  | [Normal]     | 91%    |   40.0ms | don't gamble kids...
[GAMING/SUR] | YouTube  | [Normal]     | 94%    |   34.3ms | Haahahahahhaa...
[GAMING/SUR] | YouTube  | [OFFENSIVE]  | 56%    |   37.3ms | No wayyyy...
[GAMING/SUR] | YouTube  | [Normal]     | 69%    |   33.8ms | got too greedy...
[GAMING/SUR] | YouTube  | [Normal]     | 93%    |   42.1ms | That’s it I’m going to the casino...
[GAMING/SUR] | YouTube  | [Normal]     | 89%    |   46.0ms | There goes the house Mrs peanut...
[MUSIC/CHIL] | YouTube  | [Normal]     | 95%    |   30.1ms | ......
[GAMING/SUR] | YouTube  | [Normal]     | 91%    |   33.8ms | W...
[GAMING/SUR] | YouTube  | [Normal]     | 94%    |   39.7ms | you had 1000 scrap on you when you logge...
[GAMING/SUR] | YouTube  | [Normal]     | 98%    |   39.1ms | W PEANUT :fire::fire:...
[GAMING/SUR] | YouTube  | [Normal]     | 98%    |   40.7ms | I LOVE :smiling_face_with_hearts:...
[PSYCHOLOGY] | YouTube  | [Normal]     | 94%    |   52.7ms | @atomicaxioms which one of your testicle...
[SELF-HELP/] | YouTube  | [Normal]     | 83%    |   37.3ms | you do have some jedi mind tricks...
[MUSIC/CHIL] | YouTube  | [OFFENSIVE]  | 57%    |   35.8ms | mohit kaise ho...
[GAMING/SUR] | YouTube  | [OFFENSIVE]  | 47%    |   35.3ms | sadge nut...
[GAMING/SUR] | YouTube  | [Normal]     | 95%    |   35.7ms | 3 again...
[GAMING/SUR] | YouTube  | [Normal]     | 96%    |   33.9ms | lol...
[GAMING/SUR] | YouTube  | [Normal]     | 94%    |   31.2ms | 5...
[GAMING/SUR] | YouTube  | [Normal]     | 94%    |   37.6ms | 5...
[GAMING/SUR] | YouTube  | [Normal]     | 92%    |   37.3ms | bust...
[GAMING/SUR] | YouTube  | [Normal]     | 74%    |   33.1ms | This is Depressing...
[NEWS/LIVE ] | YouTube  | [Normal]     | 94%    |   56.4ms | SPENCER PRATT THIS WILL HELP YOU. KAREN ...
[ENTERTAINM] | YouTube  | [Normal]     | 97%    |   36.3ms | :yt:...
[ENTERTAINM] | YouTube  | [Normal]     | 96%    |   48.7ms | Let's Go 500M Subscribers!...
[SELF-HELP/] | YouTube  | [Normal]     | 94%    |   35.9ms | Jedi soccer...
[PSYCHOLOGY] | YouTube  | [Normal]     | 91%    |   37.1ms | Where does he finds these names...
[ENTERTAINM] | YouTube  | [Normal]     | 89%    |   34.4ms | yahh...
[ENTERTAINM] | YouTube  | [Normal]     | 96%    |   29.6ms | MR BEAST I LOVE YOUUUUUU...
[ENTERTAINM] | YouTube  | [Normal]     | 95%    |   33.4ms | yooo...
[ENTERTAINM] | YouTube  | [Normal]     | 88%    |   49.7ms | :stayhome::stayhome::stayhome::stayhome:...
[ENTERTAINM] | YouTube  | [Normal]     | 94%    |   56.2ms | Hi...
[ENTERTAINM] | YouTube  | [Normal]     | 96%    |   34.9ms | hy pls take my name...
[ENTERTAINM] | YouTube  | [Normal]     | 94%    |   31.2ms | unsubscribe...
[GAMING/SUR] | YouTube  | [Normal]     | 87%    |   26.6ms | no...
[GAMING/SUR] | YouTube  | [Normal]     | 94%    |   30.6ms | JAMMMM...
[MUSIC/CHIL] | YouTube  | [Normal]     | 95%    |   33.0ms | D icheyi Ra...
[ENTERTAINM] | YouTube  | [Normal]     | 94%    |   31.8ms | hi...
[GAMING/SUR] | YouTube  | [Normal]     | 95%    |   37.2ms | so fkin crazy lmao...
[GAMING/GAM] | YouTube  | [Normal]     | 84%    |   38.4ms | WHERE IS HE...
[MUSIC/CHIL] | YouTube  | [Normal]     | 95%    |   45.5ms | I hope I don't have to tell you all this...
[SELF-HELP/] | YouTube  | [Normal]     | 93%    |   29.0ms | YES...
[GAMING/GAM] | YouTube  | [Normal]     | 95%    |   40.2ms | hello...
[ENTERTAINM] | YouTube  | [Normal]     | 95%    |   38.2ms | hello Mr beast I am your big fan please...
[GAMING/SUR] | YouTube  | [Normal]     | 81%    |   43.2ms | aint nobody see that!?...
[GAMING/GAM] | YouTube  | [Normal]     | 93%    |   36.0ms | THERE HE IS...
[GAMING/GAM] | YouTube  | [Normal]     | 96%    |   29.6ms | hello!! I exist!!...
[GAMING/GAM] | YouTube  | [Normal]     | 96%    |   33.0ms | Hi Mark...
[GAMING/GAM] | YouTube  | [Normal]     | 96%    |   37.8ms | HELLO FROM Ireland!!...
[SELF-HELP/] | YouTube  | [Normal]     | 94%    |   50.5ms | I remember you talking about all kinds o...
[ENTERTAINM] | YouTube  | [Normal]     | 91%    |   39.2ms | congratulation mrbeast bro...
[GAMING/SUR] | YouTube  | [Normal]     | 94%    |   44.8ms | :loudly_crying_face::loudly_crying_face:...
[GAMING/GAM] | YouTube  | [Normal]     | 96%    |   35.3ms | AAHHH HI MARK HI CHAT...
[GAMING/GAM] | YouTube  | [Normal]     | 94%    |   41.0ms | Sup dude...
[GAMING/GAM] | YouTube  | [Normal]     | 96%    |   34.0ms | HIIIIIII...
[ENTERTAINM] | YouTube  | [Normal]     | 93%    |   32.7ms | omg...
[ENTERTAINM] | YouTube  | [Normal]     | 95%    |   27.6ms | hii...
[GAMING/SUR] | YouTube  | [Normal]     | 48%    |   33.6ms | you should play some rust tomorrow...
[GAMING/GAM] | YouTube  | [Normal]     | 96%    |   39.9ms | WOOOOO I finally caught a stream!!!...
[ENTERTAINM] | YouTube  | [Normal]     | 94%    |   42.4ms | hi...
[ENTERTAINM] | YouTube  | [Normal]     | 92%    |   42.8ms | mrgoatttt...
[GAMING/SUR] | YouTube  | [Normal]     | 96%    |   50.8ms | it's 5 o'clock time for a beer...
[ENTERTAINM] | YouTube  | [Normal]     | 96%    |   30.9ms | hindi bolo na re vinod...
[GAMING/GAM] | YouTube  | [Normal]     | 96%    |   29.6ms | Hi Mark!!!...
[GAMING/GAM] | YouTube  | [Normal]     | 94%    |   24.9ms | hi...
[GAMING/GAM] | YouTube  | [Normal]     | 95%    |   29.5ms | Whatsuuuup...
[GAMING/GAM] | YouTube  | [Normal]     | 94%    |   26.7ms | CHAMPIONNNN...
[GAMING/GAM] | YouTube  | [Normal]     | 97%    |   29.7ms | Welcome to Member!...
[GAMING/GAM] | YouTube  | [Normal]     | 94%    |   29.9ms | hi...
[GAMING/GAM] | YouTube  | [Normal]     | 97%    |   39.7ms | I'm gonna go see the movie today!!...
[GAMING/SUR] | YouTube  | [Normal]     | 64%    |   35.4ms | we need pirate ships...
[SPORTS/FOO] | YouTube  | [Normal]     | 96%    |   41.5ms | 지금?...
[MUSIC/CHIL] | YouTube  | [Normal]     | 97%    |   60.7ms | ai văzut vreo fantomă?:face_with_rolling...
[ENTERTAINM] | YouTube  | [Normal]     | 86%    |   38.2ms | YO...
[GAMING/GAM] | YouTube  | [Normal]     | 95%    |   60.9ms | Is that the creator of the number one mo...
[GAMING/SUR] | YouTube  | [Normal]     | 78%    |   59.4ms | i dont understand how you have so much e...
[GAMING/GAM] | YouTube  | [Normal]     | 94%    |   33.7ms | w!!!...
[GAMING/GAM] | YouTube  | [Normal]     | 96%    |   51.7ms | Hey Mark. It would mean a lot if you sai...
[GAMING/GAM] | YouTube  | [Normal]     | 96%    |   56.5ms | Proud to say i was one of those people :...
[MUSIC/CHIL] | YouTube  | [Normal]     | 97%    |   57.3ms | shikha I can see.......
[ENTERTAINM] | YouTube  | [Normal]     | 97%    |   66.1ms | ниче не понимаю:slightly_smiling_face:...
[ENTERTAINM] | YouTube  | [Normal]     | 96%    |   45.4ms | broo...
[ENTERTAINM] | YouTube  | [OFFENSIVE]  | 60%    |   53.6ms | let's goooo...
[PSYCHOLOGY] | YouTube  | [Normal]     | 96%    |   37.9ms | yeah more or less...
[ENTERTAINM] | YouTube  | [Normal]     | 97%    |   34.5ms | yoooo 0.5b subs...
[ENTERTAINM] | YouTube  | [Normal]     | 94%    |   25.2ms | IND...
[PSYCHOLOGY] | YouTube  | [Normal]     | 87%    |   24.7ms | no...
[PSYCHOLOGY] | YouTube  | [Normal]     | 97%    |   30.9ms | unconscious template sorta...
[GAMING/GAM] | YouTube  | [Normal]     | 91%    |   31.6ms | screaming and crying rn...
[ENTERTAINM] | YouTube  | [Normal]     | 96%    |   33.3ms | big fan...
[ENTERTAINM] | YouTube  | [Normal]     | 97%    |   42.5ms | Jimmy You Did It :trophy:...
[GAMING/GAM] | YouTube  | [Normal]     | 96%    |   37.7ms | digital when....
[GAMING/GAM] | YouTube  | [Normal]     | 97%    |   47.9ms | i saw it yesterday and i loved it!!!...
[GAMING/GAM] | YouTube  | [Normal]     | 91%    |   36.8ms | YEAHHHHHHH...
[ENTERTAINM] | YouTube  | [Normal]     | 96%    |   38.1ms | i am India super Jimmy...
[ENTERTAINM] | YouTube  | [Normal]     | 95%    |   27.7ms | hello...
[ENTERTAINM] | YouTube  | [Normal]     | 96%    |   30.4ms | hello sirrrr...
[GAMING/GAM] | YouTube  | [Normal]     | 91%    |   29.6ms | YEAHHHH...
[ENTERTAINM] | YouTube  | [Normal]     | 87%    |   29.0ms | you r happy...
[ENTERTAINM] | YouTube  | [Normal]     | 90%    |   29.9ms | india brother...
[ENTERTAINM] | YouTube  | [Normal]     | 91%    |   30.1ms | mr beast...
[GAMING/GAM] | YouTube  | [Normal]     | 88%    |   34.0ms | Who cares about dollars FR...
[GAMING/GAM] | YouTube  | [Normal]     | 97%    |   35.3ms | Does it help that I saw it multiple time...
[ENTERTAINM] | YouTube  | [Normal]     | 94%    |   29.7ms | pliz help me...
[GAMING/GAM] | YouTube  | [Normal]     | 91%    |   31.7ms | YEAHHHHHHH...
[GAMING/GAM] | YouTube  | [Normal]     | 97%    |   36.8ms | MARK MY BROTHER AND I LOVED YOUR MOVIE...
[GAMING/GAM] | YouTube  | [Normal]     | 83%    |   27.5ms | CONGRATSS...
[MUSIC/CHIL] | YouTube  | [Normal]     | 95%    |   27.4ms | :hydrate:...
[GAMING/GAM] | YouTube  | [Normal]     | 91%    |   37.3ms | Mark  you look shorter than usual  every...
[SELF-HELP/] | YouTube  | [Normal]     | 91%    |   27.3ms | Is he running...
[ENTERTAINM] | YouTube  | [Normal]     | 95%    |   24.6ms | CONGRATULATIONS...
[GAMING/GAM] | YouTube  | [Normal]     | 95%    |   34.8ms | I hope you bring more scp videos back!...
[GAMING/GAM] | YouTube  | [Normal]     | 96%    |   36.1ms | MARKIPLIERRRRRR...
[GAMING/GAM] | YouTube  | [Normal]     | 97%    |   36.1ms | Welcome New Member!...
[ENTERTAINM] | YouTube  | [Normal]     | 94%    |   32.3ms | Türkiye...
[ENTERTAINM] | YouTube  | [Normal]     | 97%    |   52.2ms | Hii MrBeast I Watching So Long Time Peri...
[GAMING/GAM] | YouTube  | [Normal]     | 97%    |   45.0ms | FINALLY GOT TICKETS TO SEE THE MOVIE ON ...
[GAMING/GAM] | YouTube  | [OFFENSIVE]  | 65%    |   32.7ms | congratssss...
[GAMING/GAM] | YouTube  | [Normal]     | 92%    |   35.9ms | Meowdy Mark Congrat!!!!...
[ENTERTAINM] | YouTube  | [Normal]     | 94%    |   29.3ms | Hi...
[GAMING/SUR] | YouTube  | [OFFENSIVE]  | 77%    |   62.0ms | what an asshole to come and take all the...
[GAMING/GAM] | YouTube  | [Normal]     | 97%    |   39.4ms | I need a physical copy as soon as it rel...
[GAMING/GAM] | YouTube  | [Normal]     | 97%    |   38.0ms | im seeing the movie tomorrow! very excit...
[SELF-HELP/] | YouTube  | [OFFENSIVE]  | 47%    |   38.2ms | this wall assumes the hate is correct  n...
[ENTERTAINM] | YouTube  | [Normal]     | 95%    |   38.6ms | MR BEAST I HAVE A QUESTION...
[ENTERTAINM] | YouTube  | [Normal]     | 97%    |   60.0ms | I love you bro :face_blowing_a_kiss:...
[ENTERTAINM] | YouTube  | [Normal]     | 96%    |   43.4ms | Oi...
[ENTERTAINM] | YouTube  | [Normal]     | 93%    |   34.9ms | j...
[GAMING/GAM] | YouTube  | [Normal]     | 96%    |   35.5ms | that's the FACTS...
[GAMING/SUR] | YouTube  | [Normal]     | 84%    |   34.2ms | Close the gate...
[GAMING/SUR] | YouTube  | [Normal]     | 97%    |   40.2ms | did rouge sleep?...
[ENTERTAINM] | YouTube  | [Normal]     | 94%    |   34.6ms | ggs...
[GAMING/GAM] | YouTube  | [Normal]     | 89%    |   58.2ms | I remember initially tuning in when Drun...
[GAMING/GAM] | YouTube  | [Normal]     | 94%    |   31.9ms | Lighthouse pretty pretty please...
[ENTERTAINM] | YouTube  | [Normal]     | 91%    |   30.4ms | oooooo...
[GAMING/SUR] | YouTube  | [Normal]     | 96%    |   36.0ms | he didn't close the gate...
[GAMING/GAM] | YouTube  | [Normal]     | 77%    |   47.1ms | liiiight houuuuse...
[ENTERTAINM] | YouTube  | [Normal]     | 94%    |   36.3ms | hi...
[GAMING/SUR] | YouTube  | [Normal]     | 81%    |   42.2ms | DONT BET MORE THAN HALF SO YOU CAN DOUBL...
[SELF-HELP/] | YouTube  | [Normal]     | 65%    |   43.7ms | David Goggins records hate comments and ...
[ENTERTAINM] | YouTube  | [Normal]     | 98%    |   80.6ms | :heart_on_fire::heart_on_fire::heart_on_...
[GAMING/GAM] | YouTube  | [Normal]     | 95%    |   28.7ms | POLL...
[GAMING/SUR] | YouTube  | [Normal]     | 81%    |   32.7ms | THEN QUIT...
[GAMING/SUR] | YouTube  | [Normal]     | 94%    |   28.6ms | who is doug buck...
[GAMING/SUR] | YouTube  | [Normal]     | 77%    |   28.8ms | They changed dealers...
[SELF-HELP/] | YouTube  | [Normal]     | 70%    |   43.8ms | if one hates the self isnt that part of ...
[GAMING/SUR] | YouTube  | [Normal]     | 52%    |   31.6ms | Hell yeah...
[SELF-HELP/] | YouTube  | [HATE]       | 93%    |   55.8ms | You should listen to them but not dwell ...
[GAMING/GAM] | YouTube  | [Normal]     | 93%    |   50.0ms | lighthouse...
[GAMING/GAM] | YouTube  | [Normal]     | 95%    |   35.1ms | this music is BUMPING...
[GAMING/GAM] | YouTube  | [Normal]     | 96%    |   30.0ms | tuning in...
[GAMING/SUR] | YouTube  | [Normal]     | 96%    |   30.3ms | roulette...
[GAMING/GAM] | YouTube  | [Normal]     | 97%    |   35.6ms | LIGHT PLANE...
[ENTERTAINM] | YouTube  | [Normal]     | 83%    |   33.9ms | they grow up so fast...
[ENTERTAINM] | YouTube  | [Normal]     | 94%    |   35.1ms | bro still looks the same...
[GAMING/SUR] | YouTube  | [Normal]     | 93%    |   39.3ms | PEANUT SOMEONE SPRAYED A PEEN ON YOUR BI...
[GAMING/GAM] | YouTube  | [Normal]     | 95%    |   36.6ms | lighthouse yeah!...
[ENTERTAINM] | YouTube  | [Normal]     | 97%    |   37.3ms | Wow imagine 2 million subscribers lmao...
[GAMING/GAM] | YouTube  | [Normal]     | 95%    |   32.0ms | Light house for sure...
[GAMING/GAM] | YouTube  | [Normal]     | 96%    |   32.6ms | :sanitizer:...
[GAMING/GAM] | YouTube  | [Normal]     | 90%    |   29.9ms | light house...
[GAMING/GAM] | YouTube  | [Normal]     | 96%    |   25.9ms | Hi Mark...
[ENTERTAINM] | YouTube  | [Normal]     | 96%    |   27.0ms | Holaaaa...
[GAMING/SUR] | YouTube  | [Normal]     | 94%    |   25.4ms | Dude...
[ENTERTAINM] | YouTube  | [Normal]     | 95%    |   89.9ms | :face-fuchsia-poop-shape::face-purple-wi...
[GAMING/GAM] | YouTube  | [Normal]     | 98%    |   41.1ms | HII MARK YOUR MOVIE WAS AMAZING I LOVED ...
[GAMING/GAM] | YouTube  | [Normal]     | 96%    |   60.2ms | :_markiHEART::_markiHEART::_markiHEART::...
[MUSIC/CHIL] | YouTube  | [Normal]     | 98%    |   35.0ms | :cloud_with_rain:...
[GAMING/GAM] | YouTube  | [OFFENSIVE]  | 61%    |   43.7ms | your movie was fuckin fire...
[ENTERTAINM] | YouTube  | [Normal]     | 90%    |   33.6ms | Wazzzzup...
[GAMING/GAM] | YouTube  | [Normal]     | 97%    |   43.5ms | MARK PLAY ON AIRPLNE AND MY LIFE IS YOUR...
[ENTERTAINM] | YouTube  | [Normal]     | 95%    |   48.2ms | OI MRBEAST!!!!!! SOU DO BRASIL!!!!...
[GAMING/SUR] | YouTube  | [Normal]     | 96%    |   32.7ms | lol...
[ENTERTAINM] | YouTube  | [Normal]     | 97%    |   32.3ms | 500 million today!...
[ENTERTAINM] | YouTube  | [Normal]     | 94%    |   48.0ms | hi...
[PSYCHOLOGY] | YouTube  | [HATE]       | 57%    |   47.2ms | Dr K Jungian mogs Clavicular...
[GAMING/GAM] | YouTube  | [Normal]     | 95%    |   36.1ms | Yes!...
[GAMING/GAM] | YouTube  | [Normal]     | 91%    |   29.8ms | yeahhhh...
[GAMING/GAM] | YouTube  | [Normal]     | 97%    |   28.6ms | First time watching mark live...
[ENTERTAINM] | YouTube  | [Normal]     | 92%    |   34.4ms | Paraguay...
[GAMING/GAM] | YouTube  | [Normal]     | 97%    |   30.6ms | Welcome to Member!...
[GAMING/GAM] | YouTube  | [Normal]     | 96%    |   34.6ms | was that the gun shot of 87?...
[ENTERTAINM] | YouTube  | [Normal]     | 98%    |   65.9ms | Elon about to hit $1 Trillion and Jimmy ...
[GAMING/GAM] | YouTube  | [Normal]     | 97%    |   37.7ms | SLOVENIA????...
[GAMING/GAM] | YouTube  | [Normal]     | 91%    |   34.8ms | PORTUGAL...
[MUSIC/CHIL] | YouTube  | [Normal]     | 98%    |   51.0ms | :musical_notes::wine_glass:...
[ENTERTAINM] | YouTube  | [Normal]     | 94%    |   30.8ms | nice...
[GAMING/GAM] | YouTube  | [Normal]     | 96%    |   44.5ms | MARK WE LOVE YOU!!!...
[PSYCHOLOGY] | YouTube  | [Normal]     | 97%    |   35.7ms | deep root themes...
[ENTERTAINM] | YouTube  | [Normal]     | 91%    |   34.2ms | mr beast...
[ENTERTAINM] | YouTube  | [Normal]     | 94%    |   33.8ms | 1...
[ENTERTAINM] | YouTube  | [Normal]     | 94%    |   32.7ms | 1...
[GAMING/SUR] | YouTube  | [Normal]     | 97%    |   38.5ms | Who tf stands on 23...
[GAMING/SUR] | YouTube  | [Normal]     | 40%    |   47.2ms | Peanut is the type to not be happy until...
[GAMING/SUR] | YouTube  | [Normal]     | 91%    |   41.2ms | no way:face_with_open_mouth:...
[GAMING/GAM] | YouTube  | [Normal]     | 96%    |   45.9ms | hello mark are you considering doing con...
[GAMING/SUR] | YouTube  | [Normal]     | 94%    |   40.4ms | Stand...
[GAMING/GAM] | YouTube  | [Normal]     | 87%    |   63.1ms | I hope it comes to Chile...
[GAMING/GAM] | YouTube  | [Normal]     | 88%    |   47.9ms | YOOOOOOOOOOOOOOO...
[ENTERTAINM] | YouTube  | [Normal]     | 95%    |  103.5ms | seeing you going from 40 million subscri...
[GAMING/SUR] | YouTube  | [Normal]     | 94%    |   47.9ms | larry Joseph barringer...
[ENTERTAINM] | YouTube  | [Normal]     | 96%    |   43.1ms | I was hereeee...
[ENTERTAINM] | YouTube  | [Normal]     | 94%    |   33.4ms | 1...
[GAMING/SUR] | YouTube  | [Normal]     | 89%    |   52.6ms | Im Busting...!!!!!!...
[GAMING/GAM] | YouTube  | [Normal]     | 95%    |   37.2ms | Fashion :loudly_crying_face:...
[GAMING/GAM] | YouTube  | [Normal]     | 94%    |   39.3ms | portugal!? MY PEOPLE...
[GAMING/GAM] | YouTube  | [Normal]     | 71%    |   44.4ms | who else lowkey hungry...
[GAMING/GAM] | YouTube  | [Normal]     | 95%    |   34.7ms | bcb...
[GAMING/GAM] | YouTube  | [Normal]     | 98%    |   39.2ms | I want airplane :airplane::airplane:...
[GAMING/SUR] | YouTube  | [Normal]     | 98%    |   35.7ms | :trophy-yellow-smiling:W...
[ENTERTAINM] | YouTube  | [Normal]     | 95%    |   27.9ms | Bangladesh...
[GAMING/GAM] | YouTube  | [Normal]     | 95%    |   48.5ms | So Lixian will be able to see it again?...
[GAMING/GAM] | YouTube  | [Normal]     | 94%    |   33.9ms | penid...
[ENTERTAINM] | YouTube  | [Normal]     | 95%    |   30.6ms | i'm here...
[GAMING/GAM] | YouTube  | [Normal]     | 77%    |   33.1ms | WHERE CAN I WATCH IRON LUNG...
[GAMING/GAM] | YouTube  | [Normal]     | 95%    |   79.3ms | :_markiLOVE::_markiLOVE::_markiLOVE::_ma...
[GAMING/SUR] | YouTube  | [Normal]     | 95%    |   33.6ms | DOUBLE DOUBLE...
[GAMING/GAM] | YouTube  | [Normal]     | 95%    |   47.7ms | i was just seen your video of dont starv...
[GAMING/SUR] | YouTube  | [Normal]     | 94%    |   44.2ms | DOUBLE...
[GAMING/GAM] | YouTube  | [Normal]     | 93%    |   40.0ms | Ohhhh...
[GAMING/GAM] | YouTube  | [Normal]     | 96%    |   47.0ms | I saw it in atmos  it was dope...
[GAMING/SUR] | YouTube  | [Normal]     | 95%    |   32.5ms | hit...
[GAMING/GAM] | YouTube  | [Normal]     | 95%    |   73.7ms | hey mark do you ever plan on playing doo...
[PSYCHOLOGY] | YouTube  | [Normal]     | 90%    |   32.0ms | yin and yang...
[GAMING/GAM] | YouTube  | [Normal]     | 92%    |   38.0ms | ohhhhh...
[GAMING/GAM] | YouTube  | [Normal]     | 95%    |   33.3ms | hellooo...
[MUSIC/CHIL] | YouTube  | [Normal]     | 95%    |   39.8ms | fred yes :(...
[GAMING/GAM] | YouTube  | [Normal]     | 48%    |   41.3ms | sound was fab for me in the UK :)...
[GAMING/GAM] | YouTube  | [Normal]     | 96%    |   66.3ms | Hey man good job with IROn LUNG..WE FUND...
[MUSIC/CHIL] | YouTube  | [Normal]     | 98%    |   87.2ms | EXITO:face-red-heart-shape::face-red-hea...
[GAMING/GAM] | YouTube  | [Normal]     | 97%    |   33.9ms | Will there be a physical release?...
[NEWS/LIVE ] | YouTube  | [Normal]     | 93%    |   37.7ms | for not taking covid shots...
[MUSIC/CHIL] | YouTube  | [Normal]     | 95%    |   46.9ms | lo que hagas entre semana da igual...
[SPORTS/FOO] | YouTube  | [Normal]     | 96%    |   53.3ms | :virtualhug:Oh no LIFE IS OVER~:sparkles...
[GAMING/GAM] | YouTube  | [Normal]     | 97%    |   32.8ms | te amo...
[GAMING/SUR] | YouTube  | [Normal]     | 95%    |   29.2ms | now bet 500...
[GAMING/SUR] | YouTube  | [Normal]     | 91%    |   36.6ms | Risking way to much...
[GAMING/GAM] | YouTube  | [Normal]     | 92%    |   58.5ms | I just assumed it was supposed to be a b...
[GAMING/SUR] | YouTube  | [Normal]     | 95%    |   26.6ms | 100...
[ENTERTAINM] | YouTube  | [Normal]     | 95%    |   45.8ms | what will you do if you get a billion su...
[GAMING/SUR] | YouTube  | [Normal]     | 86%    |   31.6ms | Just like the casino...
[GAMING/SUR] | YouTube  | [Normal]     | 96%    |   36.7ms | 500 on 1 on the wheel trust...
[MUSIC/CHIL] | YouTube  | [Normal]     | 91%    |   34.2ms | lelelei...
[ENTERTAINM] | YouTube  | [Normal]     | 94%    |   32.0ms | hi...
[MUSIC/CHIL] | YouTube  | [Normal]     | 97%    |   65.8ms | LoL  caută alta mai aproape de tine :fac...
[GAMING/GAM] | YouTube  | [Normal]     | 95%    |   34.6ms | AIRPLANE PLZZZ...
[ENTERTAINM] | YouTube  | [Normal]     | 96%    |   32.0ms | love india...
[GAMING/SUR] | YouTube  | [Normal]     | 73%    |   41.6ms | Glad they got the base back after GINGY ...
[MUSIC/CHIL] | YouTube  | [Normal]     | 96%    |   39.0ms | @Tradexlav tera to katgya bro...
[GAMING/SUR] | YouTube  | [Normal]     | 91%    |   37.4ms | do 50 scrap hands and build...
[GAMING/GAM] | YouTube  | [Normal]     | 79%    |   42.0ms | IM literally going to see Iron Lung RN I...
[GAMING/GAM] | YouTube  | [Normal]     | 97%    |   39.7ms | Release Iron Long IN ROMANIA!...
[SELF-HELP/] | YouTube  | [Normal]     | 42%    |   58.1ms | out of curiosity.... why waste time and ...
[ENTERTAINM] | YouTube  | [Normal]     | 94%    |   32.9ms | hi...
[GAMING/GAM] | YouTube  | [Normal]     | 96%    |   79.9ms | WE'RE GETTING IRON LUNG IN PORTUGAL :dou...
[ENTERTAINM] | YouTube  | [Normal]     | 93%    |   46.1ms | so proud of you sir...
[ENTERTAINM] | YouTube  | [Normal]     | 96%    |   35.6ms | I LOVE MR BEAST...
[GAMING/GAM] | YouTube  | [Normal]     | 95%    |   33.1ms | L3...
[ENTERTAINM] | YouTube  | [Normal]     | 95%    |   44.0ms | Bangladesh...
[ENTERTAINM] | YouTube  | [Normal]     | 97%    |   48.3ms | 100th...
[MUSIC/CHIL] | YouTube  | [Normal]     | 98%    |   77.6ms | mohit kata to sabka h kabhi n kabhi :fac...
[ENTERTAINM] | YouTube  | [Normal]     | 97%    |   44.4ms | let's go :beaming_face_with_smiling_eyes...
[GAMING/GAM] | YouTube  | [Normal]     | 52%    |   39.9ms | do a poll with just airplane and lightho...
[GAMING/GAM] | YouTube  | [Normal]     | 87%    |   48.1ms | it was problematic on an imax theater he...
[ENTERTAINM] | YouTube  | [Normal]     | 96%    |   33.4ms | aura aura aura aura aura aura aura aura...
[GAMING/GAM] | YouTube  | [Normal]     | 91%    |   32.1ms | Seein Iron Lung again tommorow...
[GAMING/GAM] | YouTube  | [Normal]     | 98%    |   37.0ms | AMAZING MOVIE MARK felt like in-was watc...
[GAMING/GAM] | YouTube  | [Normal]     | 75%    |   35.0ms | Iron Lung...
[PSYCHOLOGY] | YouTube  | [Normal]     | 97%    |   45.1ms | building versus sustaining??...
[GAMING/GAM] | YouTube  | [Normal]     | 97%    |   41.7ms | I loved Iron Lung! 8/10!...
[GAMING/GAM] | YouTube  | [Normal]     | 92%    |   35.7ms | AAAAHHHHHHH...
[GAMING/GAM] | YouTube  | [Normal]     | 96%    |   38.8ms | CLUTCH UP AIRPLANE...
[ENTERTAINM] | YouTube  | [Normal]     | 96%    |   33.5ms | YAY SO CLOSE...
[ENTERTAINM] | YouTube  | [Normal]     | 97%    |   35.2ms | I am indian...
[ENTERTAINM] | YouTube  | [Normal]     | 91%    |   34.2ms | mom...
[ENTERTAINM] | YouTube  | [Normal]     | 98%    |   44.8ms | :hand-pink-waving::hand-pink-waving:...
[GAMING/GAM] | YouTube  | [Normal]     | 97%    |   33.6ms | Congratulations on the film!...
[ENTERTAINM] | YouTube  | [Normal]     | 95%    |   35.1ms | mom found youtube channel...
[NEWS/LIVE ] | YouTube  | [Normal]     | 94%    |   31.6ms | buddy...
[ENTERTAINM] | YouTube  | [Normal]     | 94%    |   31.2ms | nurrlana...
[GAMING/SUR] | YouTube  | [Normal]     | 85%    |   45.1ms | After a win bet small jackass...
[GAMING/SUR] | YouTube  | [Normal]     | 90%    |   33.9ms | hahaha...
[GAMING/SUR] | YouTube  | [Normal]     | 96%    |   35.9ms | Just like real life...
[ENTERTAINM] | YouTube  | [Normal]     | 94%    |   33.1ms | Hi...
[ENTERTAINM] | YouTube  | [Normal]     | 94%    |   38.0ms | I love you Mrbeast...
[GAMING/GAM] | YouTube  | [Normal]     | 98%    |   39.3ms | Wait so there was an atmos file made?...
[ENTERTAINM] | YouTube  | [Normal]     | 95%    |   50.4ms | hiii...
[PSYCHOLOGY] | YouTube  | [Normal]     | 95%    |   64.6ms | The key is threading the needle in the w...
[GAMING/GAM] | YouTube  | [Normal]     | 95%    |   30.7ms | Sup...
[GAMING/GAM] | YouTube  | [Normal]     | 92%    |   46.1ms | im seeing the movie tomorrow im so excxi...
[GAMING/GAM] | YouTube  | [Normal]     | 95%    |   26.5ms | airplane...
[GAMING/SUR] | YouTube  | [Normal]     | 95%    |   31.2ms | HIT...
[GAMING/GAM] | YouTube  | [Normal]     | 93%    |   39.6ms | IM FINALLY WATCHING IRON LUNG LATER TODA...
[GAMING/GAM] | YouTube  | [Normal]     | 91%    |   33.0ms | RAM RANCH...
[PSYCHOLOGY] | YouTube  | [Normal]     | 96%    |   45.6ms | So the answer is nadi shuddhi yet again ...
[GAMING/GAM] | YouTube  | [Normal]     | 83%    |   41.8ms | Yeah the end bit was hella hard to hear ...
[GAMING/SUR] | YouTube  | [Normal]     | 96%    |   41.6ms | bro didnt hit on 14...
[GAMING/SUR] | YouTube  | [Normal]     | 96%    |   33.9ms | PLAY ARC...
[GAMING/GAM] | YouTube  | [Normal]     | 91%    |   34.5ms | Vote airplane everyone...
[GAMING/SUR] | YouTube  | [Normal]     | 95%    |   33.3ms | ATM time...
[ENTERTAINM] | YouTube  | [Normal]     | 94%    |   36.1ms | give me one laptop...
[MUSIC/CHIL] | YouTube  | [Normal]     | 95%    |   39.6ms | mujhe toh nhi yad...
[GAMING/SUR] | YouTube  | [Normal]     | 95%    |   30.1ms | well well well...
[GAMING/GAM] | YouTube  | [Normal]     | 93%    |   47.7ms | that explains why I couldn't hear some t...
[GAMING/GAM] | YouTube  | [Normal]     | 96%    |   29.0ms | HI MARKKKK...
[MUSIC/CHIL] | YouTube  | [Normal]     | 96%    |   75.9ms | Chameleon chameleon chameleon :backhand_...
[ENTERTAINM] | YouTube  | [Normal]     | 94%    |   35.1ms | Indonesia...
[ENTERTAINM] | YouTube  | [Normal]     | 96%    |   39.5ms | plz give me I :mobile_phone:...
[ENTERTAINM] | YouTube  | [Normal]     | 94%    |   36.0ms | 1...
[ENTERTAINM] | YouTube  | [Normal]     | 95%    |   32.4ms | hello...
[ENTERTAINM] | YouTube  | [Normal]     | 97%    |   52.3ms | :smiling_face_with_smiling_eyes:...
[GAMING/GAM] | YouTube  | [Normal]     | 97%    |   53.0ms | just watched iron lung. i really enjoyed...
[GAMING/SUR] | YouTube  | [Normal]     | 96%    |   46.2ms | rust streams are by far some of my favor...
[ENTERTAINM] | YouTube  | [Normal]     | 97%    |   40.7ms | Count to 100 000...
[MUSIC/CHIL] | YouTube  | [Normal]     | 93%    |   37.3ms | Leave me :palm_down_hand:...
[GAMING/GAM] | YouTube  | [Normal]     | 96%    |   44.3ms | atmos is dynamic because it's a 3d syste...
[GAMING/GAM] | YouTube  | [Normal]     | 94%    |   30.2ms | hai warkiplier...
[GAMING/GAM] | YouTube  | [Normal]     | 83%    |   45.0ms | man when its live i have to see the jump...
[SELF-HELP/] | YouTube  | [Normal]     | 94%    |   27.2ms | doc is this ok...
[GAMING/SUR] | YouTube  | [Normal]     | 96%    |   33.2ms | thats a shareable amount...
[ENTERTAINM] | YouTube  | [Normal]     | 94%    |   31.2ms | عرب...
[ENTERTAINM] | YouTube  | [Normal]     | 94%    |   38.3ms | hi...
[GAMING/SUR] | YouTube  | [Normal]     | 46%    |   50.1ms | go to the scapper...
[GAMING/SUR] | YouTube  | [Normal]     | 94%    |   41.9ms | 10...
[ENTERTAINM] | YouTube  | [Normal]     | 92%    |   44.8ms | congratulations brooo...
[ENTERTAINM] | YouTube  | [Normal]     | 96%    |   44.6ms | love you...
[ENTERTAINM] | YouTube  | [Normal]     | 94%    |   37.4ms | IM NOT NPC...
[GAMING/SUR] | YouTube  | [Normal]     | 92%    |   44.7ms | Peanut is itchy to gamble...
[GAMING/GAM] | YouTube  | [Normal]     | 95%    |   40.4ms | what's cracking mark  long time no see...
[GAMING/SUR] | YouTube  | [Normal]     | 96%    |   45.7ms | H20!!!!!!...
[GAMING/GAM] | YouTube  | [Normal]     | 95%    |   46.7ms | NUMBA ONEEEEEEEE...
[GAMING/GAM] | YouTube  | [OFFENSIVE]  | 81%    |   40.1ms | HELL YEAHHHHHHH...
[GAMING/GAM] | YouTube  | [Normal]     | 94%    |   48.2ms | airplane enclosed space like iron lung...
[PSYCHOLOGY] | YouTube  | [Normal]     | 94%    |   54.7ms | jung believes men had an anima and women...
[ENTERTAINM] | YouTube  | [Normal]     | 96%    |   36.2ms | New member...
[MUSIC/CHIL] | YouTube  | [Normal]     | 95%    |   46.0ms | :eyes:...
[ENTERTAINM] | YouTube  | [Normal]     | 87%    |   34.5ms | vamos beast...
[GAMING/GAM] | YouTube  | [Normal]     | 95%    |   51.1ms | I finally made it to a live but I’m work...
[GAMING/GAM] | YouTube  | [Normal]     | 97%    |   33.1ms | WE ARE THE CHAMPIONS...
[ENTERTAINM] | YouTube  | [Normal]     | 96%    |   37.0ms | come to Rajasthan india...
[SELF-HELP/] | YouTube  | [Normal]     | 95%    |   39.3ms | cuz they jele :pensive_face:...
[GAMING/GAM] | YouTube  | [Normal]     | 97%    |   63.1ms | its my birthday today 25 :partying_face:...
[GAMING/GAM] | YouTube  | [Normal]     | 94%    |   43.0ms | our audio was great (could feel the floo...
[ENTERTAINM] | YouTube  | [Normal]     | 93%    |   27.1ms | mushtariy...
[ENTERTAINM] | YouTube  | [Normal]     | 94%    |   32.6ms | oh my your voice changed so much...
[ENTERTAINM] | YouTube  | [Normal]     | 94%    |   28.2ms | Hi...
[ENTERTAINM] | YouTube  | [Normal]     | 96%    |   34.1ms | please Pro $10000...
[ENTERTAINM] | YouTube  | [Normal]     | 96%    |   34.7ms | 500 million subscriber...
[ENTERTAINM] | YouTube  | [Normal]     | 94%    |   37.0ms | Mr beast !!!...
[ENTERTAINM] | YouTube  | [Normal]     | 94%    |   34.9ms | hi...
[ENTERTAINM] | YouTube  | [Normal]     | 95%    |   31.4ms | Hello...
[MUSIC/CHIL] | YouTube  | [Normal]     | 92%    |   35.5ms | ai mușcat...
[ENTERTAINM] | YouTube  | [Normal]     | 94%    |   29.7ms | hi...
[ENTERTAINM] | YouTube  | [Normal]     | 71%    |   29.7ms | bro your moom ware...
[ENTERTAINM] | YouTube  | [Normal]     | 91%    |   25.8ms | hey...
[GAMING/GAM] | YouTube  | [Normal]     | 96%    |   37.7ms | gonna try to see it for a second time to...
[ENTERTAINM] | YouTube  | [Normal]     | 97%    |   32.5ms | 500M...
[GAMING/SUR] | YouTube  | [Normal]     | 96%    |   42.6ms | H2O???????????...
[PSYCHOLOGY] | YouTube  | [Normal]     | 88%    |   35.4ms | Gigachad vs normies...
[ENTERTAINM] | YouTube  | [OFFENSIVE]  | 99%    |   72.7ms | Jimmy ki jai ho:smiling_face_with_heart_...
[ENTERTAINM] | YouTube  | [Normal]     | 96%    |   28.2ms | hello jimmy...
[ENTERTAINM] | YouTube  | [Normal]     | 96%    |   32.9ms | :red_heart:...
[GAMING/SUR] | YouTube  | [Normal]     | 92%    |   47.5ms | Lmao H2O being broke hmmm all that yt mo...
[GAMING/SUR] | YouTube  | [Normal]     | 94%    |   26.6ms | 1...
[NEWS/LIVE ] | YouTube  | [Normal]     | 96%    |   32.2ms | 1984 on the way XD...
[GAMING/GAM] | YouTube  | [Normal]     | 97%    |   32.2ms | YAYY MARKIPLIER TIME...
[GAMING/SUR] | YouTube  | [Normal]     | 95%    |   34.6ms | h20...
[ENTERTAINM] | YouTube  | [Normal]     | 96%    |   37.7ms | 500m:saluting_face:...
[GAMING/GAM] | YouTube  | [Normal]     | 96%    |   42.4ms | how long you okay on streaming for sir?...
[GAMING/GAM] | YouTube  | [Normal]     | 83%    |   39.4ms | Does Iron lung come to poland pls...
[GAMING/SUR] | YouTube  | [Normal]     | 95%    |  117.9ms | :rolling_on_the_floor_laughing::rolling_...
[GAMING/SUR] | YouTube  | [Normal]     | 78%    |   30.2ms | no way...
[GAMING/GAM] | YouTube  | [Normal]     | 93%    |   63.9ms | AIIIIRRRPLLLAAAAANNNNNEEEEEE...
[ENTERTAINM] | YouTube  | [Normal]     | 88%    |   27.5ms | give money...
[GAMING/SUR] | YouTube  | [Normal]     | 96%    |   27.0ms | LOL...
[GAMING/GAM] | YouTube  | [Normal]     | 96%    |   31.5ms | HI MARK!...
[ENTERTAINM] | YouTube  | [Normal]     | 96%    |   29.7ms | New member...
[GAMING/GAM] | YouTube  | [Normal]     | 95%    |  179.5ms | :face-red-droopy-eyes::face-red-droopy-e...
[GAMING/SUR] | YouTube  | [Normal]     | 94%    |   29.4ms | AHAHAHAHA...
[GAMING/SUR] | YouTube  | [Normal]     | 91%    |   28.6ms | w...
[MUSIC/CHIL] | YouTube  | [Normal]     | 97%    |   52.6ms | por lo menos los de la puerta de la igle...
[GAMING/SUR] | YouTube  | [Normal]     | 78%    |   28.9ms | NO WAY...
[GAMING/SUR] | YouTube  | [Normal]     | 72%    |   35.1ms | whats the discord...
[GAMING/GAM] | YouTube  | [Normal]     | 93%    |   32.2ms | gg...
[PSYCHOLOGY] | YouTube  | [Normal]     | 94%    |   32.0ms | ben shapiro...
[GAMING/SUR] | YouTube  | [Normal]     | 69%    |   34.6ms | H2O HELL YEAH...
[MUSIC/CHIL] | YouTube  | [Normal]     | 95%    |   36.7ms | e șubred dudul...
[ENTERTAINM] | YouTube  | [Normal]     | 89%    |   50.9ms | I am your subscriber Mr beast I am be ha...
[GAMING/SUR] | YouTube  | [Normal]     | 97%    |   53.1ms | we got delirious on a peanut stream lol...
[GAMING/GAM] | YouTube  | [Normal]     | 94%    |   39.0ms | Hey mark  is Iron Lung a horror movie?...
[ENTERTAINM] | YouTube  | [Normal]     | 89%    |   29.5ms | can you come to sri  lanka...
[ENTERTAINM] | YouTube  | [Normal]     | 86%    |   35.6ms | like done :thumbs_up:...
[GAMING/GAM] | YouTube  | [Normal]     | 95%    |   31.1ms | honestly restarted the Garten of banban ...
[GAMING/GAM] | YouTube  | [Normal]     | 97%    |   26.4ms | i love this game...
[GAMING/SUR] | YouTube  | [Normal]     | 94%    |   48.6ms | ITS GONNA BE 5 FOR SURE...
[ENTERTAINM] | YouTube  | [Normal]     | 97%    |   36.4ms | hi :check_mark_button:...
[PSYCHOLOGY] | YouTube  | [Normal]     | 96%    |   34.5ms | LMAO...
[GAMING/GAM] | YouTube  | [Normal]     | 97%    |   29.3ms | Welcome to Member!...
[GAMING/SUR] | YouTube  | [Normal]     | 73%    |   31.7ms | ADDICTION...
[MUSIC/CHIL] | YouTube  | [Normal]     | 94%    |   62.9ms | mohit :face_with_tears_of_joy::face_with...
[SELF-HELP/] | YouTube  | [Normal]     | 90%    |   55.7ms | Which is maybe why he's calming down on ...
[PSYCHOLOGY] | YouTube  | [Normal]     | 96%    |   35.9ms | isn't that sadly partially true?...
[ENTERTAINM] | YouTube  | [Normal]     | 97%    |   34.1ms | love from keralaaaaaaaaaa...
[GAMING/SUR] | YouTube  | [Normal]     | 91%    |   37.6ms | hahahahaha...
[SELF-HELP/] | YouTube  | [Normal]     | 42%    |   47.8ms | there is also projection  for example to...
[GAMING/GAM] | YouTube  | [Normal]     | 95%    |   29.3ms | obversation...
[ENTERTAINM] | YouTube  | [Normal]     | 97%    |   31.6ms | :heart_suit:...
[GAMING/SUR] | YouTube  | [Normal]     | 95%    |   98.2ms | :rolling_on_the_floor_laughing::rolling_...
[GAMING/SUR] | YouTube  | [Normal]     | 93%    |   38.5ms | OMG...
[GAMING/SUR] | YouTube  | [Normal]     | 93%    |   36.2ms | deserved...
[ENTERTAINM] | YouTube  | [Normal]     | 96%    |   43.9ms | New member...
[GAMING/SUR] | YouTube  | [Normal]     | 96%    |   38.9ms | Nice Raid....
[ENTERTAINM] | YouTube  | [Normal]     | 97%    |  109.6ms | Jai jagannathJai jagannathJai jagannathJ...
[ENTERTAINM] | YouTube  | [Normal]     | 97%    |   58.5ms | :face-purple-crying::face-purple-crying:...
[ENTERTAINM] | YouTube  | [Normal]     | 94%    |   32.1ms | hi...
[ENTERTAINM] | YouTube  | [Normal]     | 97%    |   47.5ms | love :face_blowing_a_kiss::two_hearts: y...
[ENTERTAINM] | YouTube  | [Normal]     | 97%    |   37.8ms | saludos desde Perú carajo...
[GAMING/GAM] | YouTube  | [Normal]     | 96%    |   29.5ms | That was fast lol...
[GAMING/GAM] | YouTube  | [Normal]     | 97%    |   31.3ms | What is this game??...
[GAMING/GAM] | YouTube  | [Normal]     | 96%    |   30.0ms | Water cheese...
[ENTERTAINM] | YouTube  | [Normal]     | 66%    |   29.1ms | that is crazy...
[ENTERTAINM] | YouTube  | [Normal]     | 91%    |   27.1ms | W...
[ENTERTAINM] | YouTube  | [Normal]     | 98%    |   67.5ms | :hand-pink-waving::hand-pink-waving::han...
[ENTERTAINM] | YouTube  | [Normal]     | 69%    |   34.7ms | you can't see me...
[ENTERTAINM] | YouTube  | [Normal]     | 96%    |   42.3ms | yo  hi  Miso Beef!...
[GAMING/GAM] | YouTube  | [Normal]     | 97%    |   55.6ms | Typo :face_with_tears_of_joy::face_with_...
[PSYCHOLOGY] | YouTube  | [Normal]     | 96%    |   39.3ms | average fortune 500 ceo...
[GAMING/GAM] | YouTube  | [Normal]     | 96%    |   37.2ms | OBVERSATION MARK...
[GAMING/GAM] | YouTube  | [Normal]     | 96%    |   34.0ms | observation is spelt wrong...
[ENTERTAINM] | YouTube  | [Normal]     | 90%    |   35.4ms | meeeeeee...
[GAMING/SUR] | YouTube  | [Normal]     | 95%    |   29.7ms | TF...
[GAMING/SUR] | YouTube  | [Normal]     | 91%    |   44.2ms | hutch has the patience of of seahorse gi...
[GAMING/SUR] | YouTube  | [Normal]     | 84%    |   27.3ms | rigged...
[GAMING/GAM] | YouTube  | [Normal]     | 97%    |   41.1ms | Attendence for Markiplier!! SAY HERE!!!!...
[GAMING/GAM] | YouTube  | [Normal]     | 96%    |   30.7ms | boy i love obversating...
[ENTERTAINM] | YouTube  | [Normal]     | 91%    |   28.6ms | me...
[PSYCHOLOGY] | YouTube  | [Normal]     | 51%    |   35.4ms | People hate their moms...
[GAMING/SUR] | YouTube  | [Normal]     | 97%    |   40.7ms | :face_with_tears_of_joy:...
[ENTERTAINM] | YouTube  | [Normal]     | 91%    |   29.9ms | me...
[PSYCHOLOGY] | YouTube  | [Normal]     | 95%    |   43.2ms | Never done drugs i use 20 hours gaming s...
[ENTERTAINM] | YouTube  | [Normal]     | 91%    |   30.5ms | w...
[GAMING/GAM] | YouTube  | [Normal]     | 91%    |   34.4ms | Hes obversating...
[GAMING/SUR] | YouTube  | [Normal]     | 78%    |   36.9ms | no way...
[GAMING/SUR] | YouTube  | [Normal]     | 48%    |   44.7ms | No way no wayyyyyy...
[GAMING/GAM] | YouTube  | [Normal]     | 92%    |   62.3ms | mark i might go see your neww movie soon...
[GAMING/SUR] | YouTube  | [Normal]     | 92%    |   44.2ms | never come back here lmao...
[GAMING/GAM] | YouTube  | [Normal]     | 96%    |   47.1ms | This is a very white knuckle map...
[GAMING/SUR] | YouTube  | [Normal]     | 97%    |   43.7ms | 1K SCRAP IN A BOX AT BASE...
[ENTERTAINM] | YouTube  | [Normal]     | 90%    |   31.4ms | Usa...
[GAMING/SUR] | YouTube  | [Normal]     | 95%    |  127.8ms | :rolling_on_the_floor_laughing::rolling_...
[ENTERTAINM] | YouTube  | [Normal]     | 95%    |   35.7ms | 67...
[GAMING/GAM] | YouTube  | [Normal]     | 93%    |   51.4ms | LOCKIN MARK...
[PSYCHOLOGY] | YouTube  | [Normal]     | 91%    |   40.1ms | animals...
[GAMING/SUR] | YouTube  | [Normal]     | 96%    |   40.6ms | what a sweet treat...
[GAMING/GAM] | YouTube  | [Normal]     | 95%    |   70.4ms | Dude makes a good movie but doesn’t know...
[GAMING/GAM] | YouTube  | [Normal]     | 96%    |   51.6ms | I didn't notice Obversation XD...
[GAMING/SUR] | YouTube  | [Normal]     | 95%    |   51.1ms | started from the top now we here...
[GAMING/GAM] | YouTube  | [Normal]     | 97%    |   36.3ms | OBVERSATIUON...
[ENTERTAINM] | YouTube  | [Normal]     | 97%    |   33.0ms | Love from Bangladesh...
[SELF-HELP/] | YouTube  | [Normal]     | 93%    |   48.6ms | @exozl That's legitimate. Carbs = sugar....
[GAMING/GAM] | YouTube  | [Normal]     | 95%    |   33.7ms | W title...
[ENTERTAINM] | YouTube  | [Normal]     | 92%    |   34.1ms | Bro it looks like you drink champagne...
[GAMING/GAM] | YouTube  | [Normal]     | 83%    |   32.0ms | KEEP IT  FUNNY...
[ENTERTAINM] | YouTube  | [Normal]     | 94%    |   26.1ms | Hi...
[ENTERTAINM] | YouTube  | [Normal]     | 93%    |   29.3ms | Aurabeast...
[ENTERTAINM] | YouTube  | [Normal]     | 97%    |   27.1ms | Welcome New Member!...
[PSYCHOLOGY] | YouTube  | [OFFENSIVE]  | 54%    |   30.0ms | HOLY SHIT...
[ENTERTAINM] | YouTube  | [Normal]     | 93%    |   29.2ms | م...
[GAMING/SUR] | YouTube  | [Normal]     | 95%    |   30.0ms | peanut sick lol...
[ENTERTAINM] | YouTube  | [Normal]     | 95%    |   32.3ms | sir mujhe dollar chahie...
[GAMING/GAM] | YouTube  | [Normal]     | 97%    |   39.0ms | IS THERE AN UPDATE ON IT COMING TO BLUER...
[GAMING/SUR] | YouTube  | [Normal]     | 94%    |   41.5ms | nothing like being excited about being 1...
[ENTERTAINM] | YouTube  | [Normal]     | 97%    |   69.7ms | just add slowmode gang :broken_heart::br...
[GAMING/SUR] | YouTube  | [Normal]     | 83%    |   29.8ms | Who hungry...
[GAMING/GAM] | YouTube  | [Normal]     | 96%    |   29.1ms | extra object...
[GAMING/GAM] | YouTube  | [Normal]     | 94%    |   41.7ms | missing buoy in the yard?...
[GAMING/SUR] | YouTube  | [Normal]     | 95%    |   32.5ms | Hu20?...
[GAMING/GAM] | YouTube  | [OFFENSIVE]  | 90%    |   43.5ms | Damn it time zones it’s too late to watc...
[GAMING/SUR] | YouTube  | [Normal]     | 94%    |   36.3ms | 3...
[GAMING/SUR] | YouTube  | [Normal]     | 93%    |   37.2ms | casinos love to see you coming lol...
[GAMING/GAM] | YouTube  | [Normal]     | 96%    |   60.2ms | Iron lung was so peak :raising_hands::ra...
[GAMING/GAM] | YouTube  | [Normal]     | 91%    |   61.2ms | so unprofessonal not nowing how to spel ...
[GAMING/SUR] | YouTube  | [Normal]     | 89%    |   64.8ms | do it and you're cool...
[ENTERTAINM] | YouTube  | [Normal]     | 94%    |   29.9ms | hola...
[ENTERTAINM] | YouTube  | [Normal]     | 94%    |   28.6ms | hi...
[GAMING/SUR] | YouTube  | [Normal]     | 71%    |   27.8ms | stop...
[MUSIC/CHIL] | YouTube  | [Normal]     | 96%    |   32.8ms | mohit nahi...
[ENTERTAINM] | YouTube  | [Normal]     | 95%    |   34.1ms | hello...
[ENTERTAINM] | YouTube  | [Normal]     | 96%    |   39.2ms | hidup Jokowi!!!...
[GAMING/GAM] | YouTube  | [Normal]     | 96%    |   33.1ms | HI MARK...
[GAMING/GAM] | YouTube  | [Normal]     | 94%    |   41.3ms | There's an anomaly in the top left corne...
[GAMING/SUR] | YouTube  | [Normal]     | 91%    |   37.6ms | best anti-gambling stream EVER...
[GAMING/GAM] | YouTube  | [Normal]     | 96%    |   33.7ms | markin it...
[GAMING/GAM] | YouTube  | [Normal]     | 97%    |   49.0ms | obversation...:rolling_on_the_floor_laug...
[ENTERTAINM] | YouTube  | [Normal]     | 95%    |   34.8ms | WHERE'S MOM NOW?...
[ENTERTAINM] | YouTube  | [Normal]     | 96%    |   28.2ms | jsjsj...
[ENTERTAINM] | YouTube  | [Normal]     | 94%    |   40.1ms | Hi...
[MUSIC/CHIL] | YouTube  | [Normal]     | 94%    |   35.2ms | leagă - ma de leagăn...
[GAMING/GAM] | YouTube  | [Normal]     | 96%    |   69.2ms | Y'all  if you watch 'The distractible po...
[GAMING/GAM] | YouTube  | [Normal]     | 92%    |   25.7ms | over...
[MUSIC/CHIL] | YouTube  | [Normal]     | 98%    |   36.6ms | ...:face-turquoise-music-note:...
[GAMING/SUR] | YouTube  | [Normal]     | 90%    |   26.9ms | Hahahaha...
[GAMING/GAM] | YouTube  | [Normal]     | 95%    |   26.1ms | Obversation...
[GAMING/GAM] | YouTube  | [OFFENSIVE]  | 73%    |   32.2ms | Mark  ITS WRONGGGG...
[GAMING/SUR] | YouTube  | [Normal]     | 96%    |   30.1ms | lol...
[GAMING/GAM] | YouTube  | [Normal]     | 93%    |   34.9ms | no not that one...
[ENTERTAINM] | YouTube  | [Normal]     | 97%    |   47.1ms | Привет Мистер Бист!...
[GAMING/GAM] | YouTube  | [Normal]     | 93%    |   44.2ms | an observation duty movie would actually...
[GAMING/GAM] | YouTube  | [Normal]     | 91%    |   27.9ms | you got this Mark...
[SPORTS/PEN] | YouTube  | [Normal]     | 95%    |   40.2ms | ofc...
[GAMING/GAM] | YouTube  | [Normal]     | 78%    |   41.1ms | We on observation duty babyy...
[GAMING/GAM] | YouTube  | [Normal]     | 94%    |   39.2ms | Me too mark:skull: (spelling)...
[GAMING/GAM] | YouTube  | [Normal]     | 96%    |   43.5ms | :_markiHEART::_markiHEART::_markiHEART:...
[GAMING/GAM] | YouTube  | [Normal]     | 96%    |   29.6ms | missing beer bottle?...
[GAMING/GAM] | YouTube  | [Normal]     | 97%    |   33.0ms | Welcome to Member!...
[MUSIC/CHIL] | YouTube  | [Normal]     | 98%    |   42.2ms | ...:face-turquoise-music-note:...
[GAMING/GAM] | YouTube  | [Normal]     | 79%    |   31.6ms | THE BED...
[GAMING/GAM] | YouTube  | [Normal]     | 96%    |   45.2ms | I couldn't go watch your movie so I offe...
[ENTERTAINM] | YouTube  | [Normal]     | 97%    |   34.3ms | :lotus:...
[GAMING/GAM] | YouTube  | [Normal]     | 93%    |   32.3ms | talk tuah...
[GAMING/GAM] | YouTube  | [Normal]     | 95%    |   31.2ms | Hello father...
[GAMING/SUR] | YouTube  | [Normal]     | 80%    |   27.4ms | YOU CANT?...
[ENTERTAINM] | YouTube  | [Normal]     | 94%    |   27.3ms | heloooo...
[ENTERTAINM] | YouTube  | [Normal]     | 93%    |   38.1ms | I love how people usually donates but he...
[SELF-HELP/] | YouTube  | [Normal]     | 89%    |   33.0ms | I just land up feeling sorry for myself ...
[GAMING/SUR] | YouTube  | [Normal]     | 96%    |   26.7ms | house always win!...
[ENTERTAINM] | YouTube  | [Normal]     | 97%    |   43.6ms | love you mr beast :face_blowing_a_kiss::...
[PSYCHOLOGY] | YouTube  | [Normal]     | 75%    |   35.9ms | no idea who you could mean...
[GAMING/GAM] | YouTube  | [Normal]     | 96%    |   50.8ms | i'm so dyslexic i did not even notice th...
[GAMING/GAM] | YouTube  | [Normal]     | 87%    |   41.6ms | What about that T thing at the dock!!...
[GAMING/GAM] | YouTube  | [Normal]     | 96%    |   33.2ms | MARKIMOOOO...
[ENTERTAINM] | YouTube  | [Normal]     | 96%    |   47.4ms | BRO PLEZ GIVE ME PC FOR GAMING :melting_...
[NEWS/LIVE ] | YouTube  | [Normal]     | 97%    |   37.6ms | lol:face-green-smiling:...
[GAMING/GAM] | YouTube  | [Normal]     | 93%    |   27.5ms | yes...
[GAMING/GAM] | YouTube  | [Normal]     | 94%    |   35.7ms | intruder? how did he get in? intruder wi...
[GAMING/GAM] | YouTube  | [Normal]     | 92%    |   30.0ms | BED...
[GAMING/GAM] | YouTube  | [Normal]     | 96%    |   30.6ms | Hi Mark...
[ENTERTAINM] | YouTube  | [Normal]     | 96%    |   40.2ms | bro remember video replies...
[GAMING/GAM] | YouTube  | [Normal]     | 96%    |   25.8ms | poster!...
[ENTERTAINM] | YouTube  | [Normal]     | 97%    |   67.9ms | My biggest dream is to take my whole fam...
[GAMING/GAM] | YouTube  | [Normal]     | 93%    |   41.8ms | THIS IS A PRERECORDED VIDEO GUYS...
[GAMING/GAM] | YouTube  | [Normal]     | 79%    |   27.4ms | THE BED...
[GAMING/GAM] | YouTube  | [Normal]     | 96%    |   26.2ms | hi mark...
[ENTERTAINM] | YouTube  | [Normal]     | 94%    |   25.2ms | 5...
[ENTERTAINM] | YouTube  | [Normal]     | 94%    |   25.6ms | 4...
[GAMING/GAM] | YouTube  | [Normal]     | 96%    |   32.3ms | SO humble! Number 1 director in america!...
[ENTERTAINM] | YouTube  | [Normal]     | 94%    |   25.9ms | 5...
[ENTERTAINM] | YouTube  | [Normal]     | 95%    |   28.8ms | 67...
[ENTERTAINM] | YouTube  | [Normal]     | 94%    |   31.6ms | 5...
[GAMING/GAM] | YouTube  | [Normal]     | 83%    |   36.3ms | THE STAIRS IN THE BASEMENT ARE MOVING...
[GAMING/GAM] | YouTube  | [Normal]     | 95%    |   33.9ms | Staircase...
[GAMING/GAM] | YouTube  | [Normal]     | 88%    |   43.4ms | You're number one!...
[GAMING/GAM] | YouTube  | [Normal]     | 90%    |   36.1ms | ignore everyone in chat...
[ENTERTAINM] | YouTube  | [Normal]     | 94%    |   31.1ms | 5...
[ENTERTAINM] | YouTube  | [Normal]     | 94%    |   35.8ms | 5...
[GAMING/GAM] | YouTube  | [Normal]     | 97%    |   41.0ms | Thank you for being there for me...
[ENTERTAINM] | YouTube  | [Normal]     | 94%    |   40.3ms | 1...
[ENTERTAINM] | YouTube  | [Normal]     | 96%    |   40.9ms | Hi Jimmy my name is Caleb...
[GAMING/GAM] | YouTube  | [Normal]     | 94%    |   37.8ms | stairs are moving!!!!!...
[GAMING/SUR] | YouTube  | [Normal]     | 89%    |   36.0ms | HUTCH HAS AN AIRSTRIKE...
[GAMING/GAM] | YouTube  | [Normal]     | 83%    |   35.0ms | The stairs in the basement are moving...
[ENTERTAINM] | YouTube  | [Normal]     | 92%    |   35.1ms | @LEO7894Art...
[GAMING/GAM] | YouTube  | [Normal]     | 92%    |   74.5ms | Sooooo hyped to watch Iron Lung! Plannin...
[PSYCHOLOGY] | YouTube  | [HATE]       | 62%    |   46.6ms | @Danuxsy you will not find someone more ...
[ENTERTAINM] | YouTube  | [Normal]     | 94%    |   27.0ms | 5...
[ENTERTAINM] | YouTube  | [Normal]     | 88%    |   32.0ms | give me money...
[GAMING/GAM] | YouTube  | [Normal]     | 91%    |   43.9ms | Where’s your director hat? :clapper_boar...
[PSYCHOLOGY] | YouTube  | [Normal]     | 72%    |   32.9ms | thats where drugs come in huh...
[GAMING/GAM] | YouTube  | [Normal]     | 78%    |   43.5ms | “ I’m the number 1 director “ is crazy...
[ENTERTAINM] | YouTube  | [Normal]     | 98%    |   44.3ms | ....... ronaldo or messi...
[ENTERTAINM] | YouTube  | [Normal]     | 95%    |   39.0ms | 111...
[GAMING/GAM] | YouTube  | [Normal]     | 90%    |   55.3ms | Oh  I wasn't paying attention. My bad :_...
[ENTERTAINM] | YouTube  | [Normal]     | 96%    |   49.8ms | 1-1...
[GAMING/GAM] | YouTube  | [Normal]     | 97%    |   42.6ms | Lantern moved...
[NEWS/LIVE ] | YouTube  | [Normal]     | 93%    |   62.1ms | Flatulence is no laughing matter :grinni...
[GAMING/GAM] | YouTube  | [Normal]     | 89%    |   42.7ms | maybe the jacket is missing...
[ENTERTAINM] | YouTube  | [Normal]     | 96%    |   40.8ms | مرحبا...
[GAMING/GAM] | YouTube  | [Normal]     | 97%    |   48.2ms | I am on observation duty for the observe...
[GAMING/GAM] | YouTube  | [Normal]     | 90%    |   40.1ms | the basement stairs are moving...
[GAMING/GAM] | YouTube  | [Normal]     | 89%    |   68.3ms | MARK NVM I AM SO SORRY I LIED TO YOU...
[MUSIC/CHIL] | YouTube  | [Normal]     | 97%    |   45.0ms | :face_with_tears_of_joy:...
[SELF-HELP/] | YouTube  | [Normal]     | 93%    |   36.6ms | hm...
[ENTERTAINM] | YouTube  | [Normal]     | 95%    |   42.8ms | hlo bhaii...
[ENTERTAINM] | YouTube  | [Normal]     | 94%    |   40.5ms | 5...
[ENTERTAINM] | YouTube  | [Normal]     | 96%    |   32.3ms | op...
[GAMING/GAM] | YouTube  | [Normal]     | 98%    |   45.9ms | I love you Mark. Please Make more videos...
[MUSIC/CHIL] | YouTube  | [Normal]     | 97%    |   38.6ms | kuchh nhi......
[GAMING/GAM] | YouTube  | [Normal]     | 77%    |   42.4ms | WE WOULD NEVER LIE TO YOU...
[ENTERTAINM] | YouTube  | [Normal]     | 89%    |   34.2ms | yoooo...
[GAMING/GAM] | YouTube  | [OFFENSIVE]  | 44%    |   36.4ms | you're going crazy...
[SPORTS/FOO] | YouTube  | [Normal]     | 93%    |   31.9ms | semangat...
[PSYCHOLOGY] | YouTube  | [Normal]     | 93%    |   31.6ms | daydreaming...
[GAMING/GAM] | YouTube  | [Normal]     | 96%    |   32.3ms | we have a keen eye...
[ENTERTAINM] | YouTube  | [Normal]     | 96%    |   52.7ms | in you tube history 500 million subscrib...
[GAMING/GAM] | YouTube  | [Normal]     | 94%    |   30.8ms | gaslight anomoly...
[ENTERTAINM] | YouTube  | [Normal]     | 96%    |   56.2ms | bro don't clap i am in the middle of my ...
[GAMING/GAM] | YouTube  | [Normal]     | 93%    |   42.0ms | :rolling_on_the_floor_laughing:...
[GAMING/GAM] | YouTube  | [OFFENSIVE]  | 43%    |   73.6ms | That’s disgusting! What a obversation...
[GAMING/GAM] | YouTube  | [Normal]     | 93%    |   30.7ms | firewood...
[SELF-HELP/] | YouTube  | [Normal]     | 90%    |   68.8ms | I´ve joined now the stream  kinda late I...
[GAMING/SUR] | YouTube  | [Normal]     | 93%    |   36.4ms | you got one last night...
[ENTERTAINM] | YouTube  | [Normal]     | 95%    |   31.2ms | INDONESIA  INDONESIA...
[GAMING/GAM] | YouTube  | [Normal]     | 97%    |   28.2ms | two mousetraps in basement?...
[GAMING/GAM] | YouTube  | [Normal]     | 97%    |   41.9ms | R.I.P who ever needed help lol...
[GAMING/GAM] | YouTube  | [Normal]     | 95%    |   34.5ms | I got tickled...
[GAMING/GAM] | YouTube  | [Normal]     | 95%    |   52.4ms | I'm over here yelling at my computer scr...
[GAMING/GAM] | YouTube  | [Normal]     | 92%    |   33.8ms | GO MARK GO...
[ENTERTAINM] | YouTube  | [Normal]     | 97%    |   34.9ms | You're amazing  Mr. Beast...
[GAMING/GAM] | YouTube  | [Normal]     | 94%    |   30.2ms | PASSWORD1...
[ENTERTAINM] | YouTube  | [Normal]     | 94%    |   33.3ms | MR BEAST I’VE MET YOU BEFORE...
[GAMING/GAM] | YouTube  | [Normal]     | 95%    |   36.3ms | I finally got to see iron lung and I lov...
[GAMING/GAM] | YouTube  | [Normal]     | 89%    |   44.1ms | I dont rememver there being wood planks ...
[ENTERTAINM] | YouTube  | [Normal]     | 96%    |   30.9ms | Mr beast give me iPhone17 ultra pro max...
[ENTERTAINM] | YouTube  | [Normal]     | 95%    |   25.3ms | 67...
[GAMING/GAM] | YouTube  | [Normal]     | 94%    |   32.6ms | it's coming right for you Mark...
[GAMING/GAM] | YouTube  | [Normal]     | 96%    |   31.1ms | i feel so helpful...
[ENTERTAINM] | YouTube  | [Normal]     | 96%    |   32.7ms | king of yt...
[GAMING/GAM] | YouTube  | [Normal]     | 97%    |   35.5ms | INTERIOR: lantern movement!...
[GAMING/GAM] | YouTube  | [Normal]     | 97%    |   54.6ms | I love how Mark always pops up when I ne...
[ENTERTAINM] | YouTube  | [Normal]     | 78%    |   31.6ms | you are the best...
[GAMING/GAM] | YouTube  | [Normal]     | 82%    |   32.5ms | ßung...
[GAMING/GAM] | YouTube  | [Normal]     | 97%    |   34.6ms | THE GREEN BOTTLE...
[MUSIC/CHIL] | YouTube  | [Normal]     | 97%    |   36.9ms | ye pgla gya...
[GAMING/SUR] | YouTube  | [Normal]     | 80%    |   32.0ms | this is too funny...
[GAMING/GAM] | YouTube  | [Normal]     | 92%    |   34.3ms | bed...
[GAMING/GAM] | YouTube  | [Normal]     | 79%    |   34.7ms | the bed...
[GAMING/SUR] | YouTube  | [OFFENSIVE]  | 89%    |   47.6ms | damn son! we can tell!...
[PSYCHOLOGY] | YouTube  | [Normal]     | 91%    |   42.7ms | can you be double possessed??...
[ENTERTAINM] | YouTube  | [Normal]     | 94%    |   32.2ms | Hy...
[GAMING/GAM] | YouTube  | [Normal]     | 95%    |   32.2ms | PIER MISSING POLE RIGHT...
[MUSIC/CHIL] | YouTube  | [Normal]     | 97%    |   36.5ms | es lo único que podrás...
[SELF-HELP/] | YouTube  | [Normal]     | 52%    |   56.3ms | Should I tell my freind that he can’t do...
[GAMING/GAM] | YouTube  | [Normal]     | 97%    |   33.5ms | ladder?...
[ENTERTAINM] | YouTube  | [Normal]     | 97%    |   41.6ms | :thumbs_up: :clapping_hands:...
[ENTERTAINM] | YouTube  | [Normal]     | 92%    |   93.3ms | Hi Mr. Beast  I have a problem with aloa...
[GAMING/GAM] | YouTube  | [Normal]     | 95%    |   38.3ms | im going to see your movie tonight Mark!...
[GAMING/GAM] | YouTube  | [Normal]     | 86%    |   34.0ms | Not the bed...
[ENTERTAINM] | YouTube  | [Normal]     | 96%    |   43.7ms | please shoutout me :pleading_face::loudl...
[GAMING/GAM] | YouTube  | [Normal]     | 83%    |   38.1ms | Can you please finish Slient Hill...
[GAMING/GAM] | YouTube  | [Normal]     | 98%    |   30.1ms | light swinging on the lantern room....
[ENTERTAINM] | YouTube  | [Normal]     | 95%    |   40.3ms | вак...
[GAMING/GAM] | YouTube  | [Normal]     | 96%    |   48.3ms | Just got done watching Iron Lung. Fantas...
[GAMING/SUR] | YouTube  | [Normal]     | 94%    |   35.0ms | what is voodoo ranger???...
[GAMING/GAM] | YouTube  | [Normal]     | 94%    |   28.3ms | pardon?...
[GAMING/GAM] | YouTube  | [Normal]     | 96%    |   24.9ms | LANTERN...
[GAMING/GAM] | YouTube  | [Normal]     | 97%    |   30.8ms | Pfft lol...
[GAMING/GAM] | YouTube  | [Normal]     | 96%    |   48.0ms | I made spaghetti and now my nose is blee...
[MUSIC/CHIL] | YouTube  | [Normal]     | 97%    |   57.4ms | mujhe chhune k bahaane dhund ri kya...ma...
[ENTERTAINM] | YouTube  | [Normal]     | 94%    |   33.4ms | 1...
[GAMING/GAM] | YouTube  | [Normal]     | 88%    |   55.7ms | I love observation duty but does anyone ...
[ENTERTAINM] | YouTube  | [Normal]     | 90%    |   32.1ms | hay mr beast...
[GAMING/SUR] | YouTube  | [Normal]     | 62%    |   31.2ms | alcohol is poison...
[GAMING/GAM] | YouTube  | [Normal]     | 94%    |   26.5ms | w mark...
[MUSIC/CHIL] | YouTube  | [Normal]     | 97%    |   31.5ms | bandhiya lol...
[ENTERTAINM] | YouTube  | [Normal]     | 94%    |   26.3ms | hi...
[ENTERTAINM] | YouTube  | [Normal]     | 97%    |   45.8ms | Congratulations on reaching 500 million!...
[GAMING/GAM] | YouTube  | [Normal]     | 92%    |   36.0ms | There's an anomaly top left!!!!...
[GAMING/GAM] | YouTube  | [Normal]     | 94%    |   35.5ms | the thing swings bottom right of the lig...
[GAMING/GAM] | YouTube  | [Normal]     | 97%    |   40.3ms | Lantern on the dresser in interior...
[GAMING/GAM] | YouTube  | [Normal]     | 88%    |   37.6ms | THE DOOR...
[GAMING/SUR] | YouTube  | [Normal]     | 94%    |   33.5ms | 5...
[SELF-HELP/] | YouTube  | [Normal]     | 97%    |   40.4ms | Can I share this live or save it for lat...
[GAMING/SUR] | YouTube  | [Normal]     | 96%    |   43.3ms | Rogue is the MVP of this stream . no sle...
[GAMING/GAM] | YouTube  | [Normal]     | 96%    |   34.7ms | the railing moved in stairwell...
[GAMING/GAM] | YouTube  | [Normal]     | 92%    |   36.7ms | they need a baby mode specially for mark...
[ENTERTAINM] | YouTube  | [Normal]     | 95%    |   37.5ms | can you pay me 1000000 dollar...
[GAMING/GAM] | YouTube  | [Normal]     | 87%    |   40.7ms | youre tweaking stop thinking so much vro...
[GAMING/GAM] | YouTube  | [Normal]     | 96%    |   33.3ms | the railing??...
[ENTERTAINM] | YouTube  | [Normal]     | 94%    |   30.3ms | 1...
[GAMING/GAM] | YouTube  | [Normal]     | 89%    |   48.5ms | stealing my jokes Mark lol I invented th...
[ENTERTAINM] | YouTube  | [Normal]     | 94%    |   32.4ms | 2...
[GAMING/GAM] | YouTube  | [Normal]     | 90%    |   33.9ms | THE RAIL...
[ENTERTAINM] | YouTube  | [Normal]     | 94%    |   33.3ms | 1...
[GAMING/SUR] | YouTube  | [Normal]     | 95%    |   35.6ms | So tempted to play this...
[ENTERTAINM] | YouTube  | [Normal]     | 94%    |   32.5ms | 1...
[ENTERTAINM] | YouTube  | [Normal]     | 94%    |   31.0ms | 1...
[GAMING/SUR] | YouTube  | [Normal]     | 95%    |   40.7ms | looks great...
[ENTERTAINM] | YouTube  | [Normal]     | 81%    |   36.5ms | Uwu...
[ENTERTAINM] | YouTube  | [Normal]     | 94%    |   31.1ms | 1...
[ENTERTAINM] | YouTube  | [Normal]     | 95%    |   30.6ms | 111...
[GAMING/GAM] | YouTube  | [Normal]     | 93%    |   48.4ms | HEY MARK ME AND MY GIRLFRIEND LOVE YOU S...
[SELF-HELP/] | YouTube  | [Normal]     | 95%    |   58.1ms | Yea  no. Universe wants me to learn boun...
[ENTERTAINM] | YouTube  | [Normal]     | 95%    |   33.1ms | CAN U PLEASE TAKE MY NAME...
[ENTERTAINM] | YouTube  | [Normal]     | 94%    |   30.9ms | 1...
[GAMING/GAM] | YouTube  | [Normal]     | 96%    |   36.9ms | heyo Markiplier...
[ENTERTAINM] | YouTube  | [Normal]     | 94%    |   29.9ms | 1...
[MUSIC/CHIL] | YouTube  | [Normal]     | 92%    |   39.7ms | Aman you look like a puncture wala...
[GAMING/GAM] | YouTube  | [Normal]     | 87%    |   39.6ms | What if we were the anomalies all along...
[ENTERTAINM] | YouTube  | [Normal]     | 90%    |   33.4ms | 𝟐...
[GAMING/GAM] | YouTube  | [Normal]     | 90%    |   34.8ms | Missing cam...
[GAMING/GAM] | YouTube  | [Normal]     | 96%    |   58.0ms | Saw iron lung last night and I can’t sto...
[ENTERTAINM] | YouTube  | [Normal]     | 94%    |   31.7ms | 5...
[GAMING/GAM] | YouTube  | [Normal]     | 93%    |   31.0ms | fun...
[GAMING/GAM] | YouTube  | [Normal]     | 96%    |   29.2ms | CONE?...
[GAMING/GAM] | YouTube  | [Normal]     | 96%    |   34.6ms | INTERIOR LAMP MOVED...
[GAMING/GAM] | YouTube  | [Normal]     | 96%    |   32.7ms | HELLO MARK !!...
[GAMING/GAM] | YouTube  | [Normal]     | 97%    |   36.3ms | 3 mouse traps??...
[GAMING/GAM] | YouTube  | [OFFENSIVE]  | 96%    |   37.4ms | Ker'fuckle'd...
[PSYCHOLOGY] | YouTube  | [Normal]     | 96%    |   43.2ms | this dude is an angel sent by god...
[GAMING/SUR] | YouTube  | [Normal]     | 75%    |   41.8ms | height is only importance...
[ENTERTAINM] | YouTube  | [Normal]     | 94%    |   37.3ms | 1...
[GAMING/SUR] | YouTube  | [Normal]     | 87%    |   47.3ms | No...
[ENTERTAINM] | YouTube  | [Normal]     | 95%    |   47.6ms | 67...
[GAMING/SUR] | YouTube  | [Normal]     | 85%    |   38.7ms | nooooo...
[GAMING/GAM] | YouTube  | [Normal]     | 97%    |   49.2ms | Good morning...
[ENTERTAINM] | YouTube  | [Normal]     | 94%    |   43.8ms | 1...
[MUSIC/CHIL] | YouTube  | [Normal]     | 95%    |   55.6ms | abhisek pta ni meri yadasht kmjor h...
[GAMING/SUR] | YouTube  | [Normal]     | 68%    |   35.9ms | dont do it...
[GAMING/SUR] | YouTube  | [Normal]     | 91%    |   32.2ms | Build up p...
[GAMING/GAM] | YouTube  | [Normal]     | 96%    |   33.3ms | lamp in interior...
[GAMING/GAM] | YouTube  | [Normal]     | 94%    |   31.1ms | :shelterin:...
[ENTERTAINM] | YouTube  | [Normal]     | 94%    |   38.6ms | wait hv you seen the play button yet...
[GAMING/SUR] | YouTube  | [Normal]     | 82%    |   59.2ms | bro did Cloakzy ever attack their base? ...
[GAMING/GAM] | YouTube  | [Normal]     | 96%    |   43.1ms | fuse box...
[GAMING/GAM] | YouTube  | [Normal]     | 97%    |   51.4ms | oscar for best indie movie.... ? lol not...
[GAMING/SUR] | YouTube  | [Normal]     | 96%    |   33.9ms | North-ish...
[GAMING/GAM] | YouTube  | [Normal]     | 90%    |   34.8ms | Maybe...
[ENTERTAINM] | YouTube  | [Normal]     | 96%    |   39.3ms | plzz sent money sir :pleading_face:...
[SPORTS/FOO] | YouTube  | [Normal]     | 94%    |   37.7ms | よっしゃ(ﾉ･ω･)ﾉ...
[ENTERTAINM] | YouTube  | [Normal]     | 95%    |   32.3ms | aura...
[GAMING/GAM] | YouTube  | [Normal]     | 95%    |   38.3ms | THE RAIL BY THE ROPES MARK...
[ENTERTAINM] | YouTube  | [Normal]     | 97%    |   36.5ms | I want to see 500M play button...
[GAMING/GAM] | YouTube  | [Normal]     | 96%    |   40.7ms | mark it was over there...
[ENTERTAINM] | YouTube  | [Normal]     | 96%    |   43.1ms | please give me $10000...
[GAMING/GAM] | YouTube  | [Normal]     | 96%    |   33.5ms | i miss my ex...
[GAMING/GAM] | YouTube  | [Normal]     | 94%    |   35.7ms | The bedroom camera was missing...
[ENTERTAINM] | YouTube  | [Normal]     | 96%    |   33.4ms | 1111qq...
[MUSIC/CHIL] | YouTube  | [Normal]     | 95%    |   34.3ms | ......
[GAMING/GAM] | YouTube  | [Normal]     | 96%    |   38.8ms | LOLL hi guys hi mark...
[GAMING/GAM] | YouTube  | [Normal]     | 92%    |   34.6ms | oh no...
[ENTERTAINM] | YouTube  | [Normal]     | 95%    |   35.7ms | let's go...
[GAMING/GAM] | YouTube  | [Normal]     | 87%    |   43.5ms | I always been curious  what happens when...
[GAMING/GAM] | YouTube  | [Normal]     | 97%    |   37.2ms | 3 missed anomalies?!!...
[ENTERTAINM] | YouTube  | [Normal]     | 79%    |   29.0ms | whats going on...
[GAMING/GAM] | YouTube  | [Normal]     | 76%    |   34.1ms | LAME...
[ENTERTAINM] | YouTube  | [Normal]     | 98%    |   49.7ms | :face-blue-smiling::face-blue-smiling::f...
[MUSIC/CHIL] | YouTube  | [Normal]     | 97%    |   50.9ms | achcha:face-orange-raised-eyebrow::face-...
[GAMING/GAM] | YouTube  | [Normal]     | 46%    |   40.9ms | I don't know what obversation is  but yo...
[GAMING/GAM] | YouTube  | [Normal]     | 94%    |   27.8ms | Noob alert...
[GAMING/GAM] | YouTube  | [Normal]     | 93%    |   24.7ms | yes...
[ENTERTAINM] | YouTube  | [Normal]     | 97%    |   64.4ms | :chart_increasing::chart_increasing::cha...
[GAMING/SUR] | YouTube  | [Normal]     | 96%    |   41.5ms | Teamwork makes the dream work...
[ENTERTAINM] | YouTube  | [Normal]     | 98%    |   42.5ms | I am Indian :heart_suit::heart_suit::hea...
[GAMING/GAM] | YouTube  | [Normal]     | 81%    |   38.1ms | @TEUPAIOFICIAL im sorry i hope youre oka...
[GAMING/GAM] | YouTube  | [Normal]     | 95%    |   28.1ms | obversation...
[ENTERTAINM] | YouTube  | [Normal]     | 96%    |   29.2ms | :red_heart:...
[GAMING/GAM] | YouTube  | [Normal]     | 95%    |   27.0ms | WWWW...
[GAMING/GAM] | YouTube  | [Normal]     | 97%    |   35.3ms | YESSIR :salute:...
[GAMING/SUR] | YouTube  | [Normal]     | 89%    |   30.7ms | tell him about the scrap...
[GAMING/SUR] | YouTube  | [Normal]     | 83%    |   33.2ms | did they get raided...
[GAMING/GAM] | YouTube  | [OFFENSIVE]  | 90%    |   56.0ms | OR THEYS WRONG PERIODDDDDD:sparkles::nai...
[GAMING/GAM] | YouTube  | [Normal]     | 77%    |   69.1ms | MARK  YOU ARE AN AMAZING FIL MAKER. IRON...
[ENTERTAINM] | YouTube  | [Normal]     | 96%    |   57.7ms | :folded_hands::folded_hands::folded_hand...
[GAMING/GAM] | YouTube  | [Normal]     | 97%    |   38.6ms | Obversation LOLLL...
[GAMING/SUR] | YouTube  | [HATE]       | 49%    |   32.0ms | you are so dumb...
[GAMING/GAM] | YouTube  | [Normal]     | 95%    |   32.5ms | based...
[GAMING/GAM] | YouTube  | [Normal]     | 97%    |   32.0ms | TEXT ANOMALY: TITLE...
[ENTERTAINM] | YouTube  | [Normal]     | 95%    |   28.1ms | hiiii...
[ENTERTAINM] | YouTube  | [Normal]     | 93%    |   33.3ms | aa...
[MUSIC/CHIL] | YouTube  | [Normal]     | 97%    |   74.1ms | :beaming_face_with_smiling_eyes::rolling...
[GAMING/GAM] | YouTube  | [Normal]     | 93%    |   34.5ms | Title of the live is an anomaly...
[PSYCHOLOGY] | YouTube  | [Normal]     | 94%    |   41.3ms | @KilleRoy_NL Yes  it can be either or...
[GAMING/GAM] | YouTube  | [Normal]     | 92%    |   36.8ms | bed no crumpled...
[GAMING/GAM] | YouTube  | [Normal]     | 97%    |   35.1ms | I saw Iron Lung yesterday. It was SO GOO...
[ENTERTAINM] | YouTube  | [Normal]     | 89%    |   31.6ms | W Mr beast...
[ENTERTAINM] | YouTube  | [Normal]     | 96%    |   27.3ms | I was here...
[GAMING/GAM] | YouTube  | [Normal]     | 95%    |   28.9ms | change the title back...
[GAMING/GAM] | YouTube  | [Normal]     | 95%    |   25.3ms | hello...
[ENTERTAINM] | YouTube  | [Normal]     | 72%    |   27.1ms | mr pist...
[ENTERTAINM] | YouTube  | [Normal]     | 94%    |   24.9ms | Sri Lanka...
[ENTERTAINM] | YouTube  | [Normal]     | 94%    |   24.8ms | 1...
[GAMING/GAM] | YouTube  | [Normal]     | 88%    |   27.4ms | Oh the light you...
[ENTERTAINM] | YouTube  | [Normal]     | 97%    |   34.6ms | suuuuuuuuuu...
[GAMING/GAM] | YouTube  | [Normal]     | 91%    |   67.7ms | Dear Markiplier  I am very grateful that...
[ENTERTAINM] | YouTube  | [Normal]     | 98%    |   44.3ms | it's there a prize :trophy: for the 500k...
[GAMING/GAM] | YouTube  | [Normal]     | 93%    |   39.1ms | the windows in the keepers cabin can fro...
[ENTERTAINM] | YouTube  | [Normal]     | 94%    |   31.0ms | HI...
[GAMING/GAM] | YouTube  | [Normal]     | 90%    |   37.6ms | Maybe something was walking up the stair...
[ENTERTAINM] | YouTube  | [Normal]     | 97%    |  113.8ms | :face_with_tears_of_joy::face_with_tears...
[ENTERTAINM] | YouTube  | [Normal]     | 97%    |   36.1ms | love:red_heart:...
[ENTERTAINM] | YouTube  | [Normal]     | 94%    |   49.4ms | دروووووووووووووووووووووود...
[ENTERTAINM] | YouTube  | [Normal]     | 93%    |   26.9ms | JORDANNNNNNN...
[GAMING/GAM] | YouTube  | [HATE]       | 41%    |   31.2ms | Ranch better be the dressing and not a f...
[GAMING/GAM] | YouTube  | [Normal]     | 90%    |   38.8ms | I WISH I HAD A MEMBERSHIPPPPUHHH...
[SELF-HELP/] | YouTube  | [OFFENSIVE]  | 80%    |   29.5ms | Fuck "fuck ego"...
[ENTERTAINM] | YouTube  | [Normal]     | 89%    |   31.6ms | heyy...
[GAMING/GAM] | YouTube  | [Normal]     | 83%    |   32.8ms | GOOOD JOBBB...
[GAMING/GAM] | YouTube  | [Normal]     | 91%    |   29.8ms | W...
[ENTERTAINM] | YouTube  | [Normal]     | 94%    |   29.6ms | hi...
[SELF-HELP/] | YouTube  | [Normal]     | 89%    |   45.8ms | How do I know it's not my adhd telling m...
[ENTERTAINM] | YouTube  | [Normal]     | 87%    |   35.4ms | MR beast your the best youtuber ever...
[ENTERTAINM] | YouTube  | [Normal]     | 90%    |   27.3ms | yoo...
[GAMING/GAM] | YouTube  | [Normal]     | 94%    |   42.5ms | OMFGGGG OBSERVATION DUTY?!?!?!?!...
[SPORTS/FOO] | YouTube  | [Normal]     | 95%    |   41.1ms | You aer the best one:red_heart:...
[ENTERTAINM] | YouTube  | [Normal]     | 97%    |   56.8ms | Mr beast sir please help me  I am your b...
[ENTERTAINM] | YouTube  | [Normal]     | 82%    |   80.6ms | :party_popper::party_popper::party_poppe...
[GAMING/GAM] | YouTube  | [Normal]     | 93%    |   42.4ms | YOOOOOOOOOOOOO MARK LOVE YA DUDE!!!!...
[NEWS/LIVE ] | YouTube  | [Normal]     | 90%    |   45.2ms | also they brought potential black jurors...
[GAMING/GAM] | YouTube  | [Normal]     | 95%    |   36.2ms | stay on one camera longer!!!...
[ENTERTAINM] | YouTube  | [Normal]     | 97%    |   49.2ms | bro donate me 1000 dollars for iphone an...
[NEWS/LIVE ] | YouTube  | [Normal]     | 83%    |   46.1ms | BLACK BOY KARMELO IS IN CHAINS!! AS IT S...
[GAMING/GAM] | YouTube  | [Normal]     | 89%    |   43.3ms | i shall head to sleep and leave this on ...
[MUSIC/CHIL] | YouTube  | [OFFENSIVE]  | 96%    |   51.2ms | shish glad to know be grateful :grinning...
[SPORTS/FOO] | YouTube  | [Normal]     | 94%    |   41.3ms | 함께 가자 일본...
[GAMING/GAM] | YouTube  | [Normal]     | 94%    |   41.6ms | Basement...
[GAMING/GAM] | YouTube  | [Normal]     | 92%    |   40.6ms | yeah...
[ENTERTAINM] | YouTube  | [Normal]     | 87%    |   30.6ms | A...
[ENTERTAINM] | YouTube  | [Normal]     | 93%    |   28.8ms | trollcraft was peak...
[ENTERTAINM] | YouTube  | [Normal]     | 96%    |   26.0ms | lran...
[ENTERTAINM] | YouTube  | [Normal]     | 96%    |   35.1ms | it's not go 500M today...
[MUSIC/CHIL] | YouTube  | [Normal]     | 98%    |   37.6ms | :musical_score::hot_beverage:...
[GAMING/SUR] | YouTube  | [Normal]     | 93%    |   31.9ms | F...
[GAMING/GAM] | YouTube  | [Normal]     | 97%    |   33.3ms | this game looks amazing...
[ENTERTAINM] | YouTube  | [Normal]     | 97%    |   34.1ms | Love from nepal...
[GAMING/GAM] | YouTube  | [Normal]     | 67%    |   34.3ms | im SCARED...
[GAMING/GAM] | YouTube  | [Normal]     | 87%    |   40.4ms | i wanna watch iron lung SOOOOO bad icl...
[GAMING/GAM] | YouTube  | [Normal]     | 96%    |   36.1ms | extra bottle in pier?...
[GAMING/GAM] | YouTube  | [Normal]     | 93%    |   40.4ms | omg just saw iron lung its amazing...
[MUSIC/CHIL] | YouTube  | [Normal]     | 96%    |   38.9ms | :slightly_smiling_face:...
[ENTERTAINM] | YouTube  | [Normal]     | 94%    |   31.3ms | Hi...
[ENTERTAINM] | YouTube  | [Normal]     | 95%    |   39.8ms | 67...
[SELF-HELP/] | YouTube  | [Normal]     | 92%    |   44.4ms | what if we really break down???...
[GAMING/GAM] | YouTube  | [Normal]     | 96%    |   47.2ms | Was there always 2 bottles on the docks?...
[GAMING/GAM] | YouTube  | [Normal]     | 89%    |   62.4ms | aaaah the shadow changed!!!! at the dock...
[ENTERTAINM] | YouTube  | [Normal]     | 95%    |   42.5ms | RCB...
[SELF-HELP/] | YouTube  | [Normal]     | 97%    |  101.1ms | today is my final day at my job I've bee...
[GAMING/GAM] | YouTube  | [Normal]     | 91%    |   83.2ms | okay  so silent hill f is finished  what...
[GAMING/GAM] | YouTube  | [Normal]     | 93%    |   67.9ms | But you can’t spell jkjk...
[GAMING/GAM] | YouTube  | [Normal]     | 94%    |   65.0ms | What live action do you want to bring in...
[ENTERTAINM] | YouTube  | [Normal]     | 97%    |   86.9ms | Hi MrBeast  Iam from the Philippines  Ia...
[GAMING/GAM] | YouTube  | [Normal]     | 97%    |   78.7ms | I left mark in the kitchen on my iPad an...
[ENTERTAINM] | YouTube  | [Normal]     | 96%    |   44.6ms | Good luck on 500 million sub...
[GAMING/SUR] | YouTube  | [Normal]     | 88%    |   47.8ms | close the doors peanut...
[ENTERTAINM] | YouTube  | [Normal]     | 97%    |   39.4ms | Facebook Crashed :grimacing_face:...
[GAMING/GAM] | YouTube  | [Normal]     | 94%    |   49.9ms | hi hello  have a nice day/night everybod...
[ENTERTAINM] | YouTube  | [OFFENSIVE]  | 39%    |   60.8ms | :face-fuchsia-wide-eyes::face-fuchsia-wi...
[GAMING/SUR] | YouTube  | [Normal]     | 95%    |   28.0ms | Bbc...
[ENTERTAINM] | YouTube  | [Normal]     | 97%    |   33.3ms | i live in Brasil...
[ENTERTAINM] | YouTube  | [Normal]     | 97%    |   82.8ms | MrBeast  congrats on 500 million! As you...
[GAMING/GAM] | YouTube  | [Normal]     | 90%    |   35.9ms | squinten Tarantino...
[GAMING/GAM] | YouTube  | [Normal]     | 91%    |   42.6ms | I would not have the concentration for t...
[GAMING/GAM] | YouTube  | [Normal]     | 92%    |   34.1ms | Yord...
[ENTERTAINM] | YouTube  | [Normal]     | 94%    |   34.9ms | do an age poll...
[GAMING/GAM] | YouTube  | [Normal]     | 82%    |   40.4ms | hello markiplier and the iplier gang...
[ENTERTAINM] | YouTube  | [Normal]     | 96%    |   34.0ms | noted!...
[GAMING/GAM] | YouTube  | [Normal]     | 78%    |   64.0ms | yooooooooooooooooooooooooooooooooooooooo...
[ENTERTAINM] | YouTube  | [Normal]     | 95%    |   32.4ms | good...
[GAMING/GAM] | YouTube  | [Normal]     | 96%    |   38.4ms | I have good eyes...
[ENTERTAINM] | YouTube  | [Normal]     | 95%    |   36.9ms | Omg please shout out...
[ENTERTAINM] | YouTube  | [Normal]     | 98%    |   49.8ms | FROM BANGLADESH :green_circle::red_circl...
[ENTERTAINM] | YouTube  | [Normal]     | 95%    |   58.4ms | sir help me...
[ENTERTAINM] | YouTube  | [Normal]     | 96%    |   55.1ms | please say my name balaj...
[GAMING/GAM] | YouTube  | [Normal]     | 97%    |   53.2ms | This is my first video on my BRAND NEW L...
[GAMING/GAM] | YouTube  | [Normal]     | 78%    |   37.0ms | the hammer inside the boat...
[ENTERTAINM] | YouTube  | [Normal]     | 94%    |   39.6ms | 5억 드가자...
[ENTERTAINM] | YouTube  | [Normal]     | 88%    |   42.4ms | Jimmy I have no clue who any of these pe...
[PSYCHOLOGY] | YouTube  | [Normal]     | 96%    |   65.1ms | I thought our psychological drive was su...
[ENTERTAINM] | YouTube  | [Normal]     | 94%    |   27.1ms | 5...
[ENTERTAINM] | YouTube  | [Normal]     | 97%    |   31.4ms | Jimmy 500m...
[SPORTS/FOO] | YouTube  | [Normal]     | 97%    |   74.1ms | 현재 팀으로서 아시아 1황은 재팬이다. 부정 안한다....
[GAMING/SUR] | YouTube  | [Normal]     | 88%    |   27.3ms | RIP WINDMILL...
[GAMING/GAM] | YouTube  | [Normal]     | 97%    |   37.1ms | It looks cool :smiling_face_with_sunglas...
[GAMING/SUR] | YouTube  | [Normal]     | 96%    |   26.7ms | lol...
[GAMING/GAM] | YouTube  | [Normal]     | 97%    |   36.7ms | saw the movie on Tuesday  loved it. cong...
[GAMING/GAM] | YouTube  | [Normal]     | 97%    |   41.7ms | im not so sure it works in this scenario...
[ENTERTAINM] | YouTube  | [Normal]     | 93%    |   26.4ms | yes...
[GAMING/GAM] | YouTube  | [Normal]     | 95%    |   25.7ms | hii...
[ENTERTAINM] | YouTube  | [Normal]     | 98%    |  120.4ms | :hands-yellow-heart-red::hands-yellow-he...
[GAMING/GAM] | YouTube  | [Normal]     | 95%    |   33.1ms | mousetrap in stairwell...
[GAMING/GAM] | YouTube  | [Normal]     | 96%    |   29.7ms | hi mark...
[PSYCHOLOGY] | YouTube  | [Normal]     | 93%    |   40.0ms | avoiding is bad?...
[ENTERTAINM] | YouTube  | [Normal]     | 93%    |   35.1ms | Yes...
[ENTERTAINM] | YouTube  | [Normal]     | 93%    |   31.9ms | Yes...
[ENTERTAINM] | YouTube  | [Normal]     | 41%    |   35.3ms | its because they are 8 years old...
[ENTERTAINM] | YouTube  | [Normal]     | 96%    |   33.3ms | think I heard his name before...
[PSYCHOLOGY] | YouTube  | [Normal]     | 97%    |   32.1ms | holy shii these are hard conversations...
[GAMING/GAM] | YouTube  | [Normal]     | 88%    |   26.3ms | Dock...
[GAMING/GAM] | YouTube  | [Normal]     | 95%    |   36.8ms | ENTRANCE  light left side of door moved ...
[ENTERTAINM] | YouTube  | [Normal]     | 96%    |   30.1ms | i do...
[GAMING/GAM] | YouTube  | [Normal]     | 96%    |   31.2ms | Yeeei...
[GAMING/GAM] | YouTube  | [Normal]     | 87%    |   36.8ms | camera malfunction keep just in case...
[SPORTS/FOO] | YouTube  | [Normal]     | 94%    |   35.7ms | 인정하기 싫지만...
[ENTERTAINM] | YouTube  | [Normal]     | 86%    |   26.5ms | Yo...
[GAMING/GAM] | YouTube  | [Normal]     | 96%    |   70.1ms | Just watched the start of the stream - c...
[ENTERTAINM] | YouTube  | [Normal]     | 97%    |   39.3ms | سلام از ایران...
[GAMING/GAM] | YouTube  | [Normal]     | 91%    |   37.1ms | its 1am in switzerland wooooooo...
[GAMING/GAM] | YouTube  | [Normal]     | 97%    |   34.8ms | HIIIII MARK...
[ENTERTAINM] | YouTube  | [Normal]     | 97%    |   35.2ms | congratulations for 1 million...
[GAMING/GAM] | YouTube  | [Normal]     | 98%    |   48.4ms | i just finished silver stars of wisdom o...
[ENTERTAINM] | YouTube  | [Normal]     | 94%    |   57.7ms | bro u need to brake the usa bubble of wh...
[ENTERTAINM] | YouTube  | [Normal]     | 95%    |   39.8ms | hii...
[GAMING/GAM] | YouTube  | [Normal]     | 96%    |   58.0ms | :face_screaming_in_fear::police_car_ligh...
[ENTERTAINM] | YouTube  | [Normal]     | 97%    |   40.1ms | I want sony fx3 with some accessories :s...
[GAMING/GAM] | YouTube  | [Normal]     | 97%    |   39.6ms | was there always a fan tied to the rope ...
[ENTERTAINM] | YouTube  | [Normal]     | 96%    |   31.8ms | from india...
[GAMING/GAM] | YouTube  | [Normal]     | 97%    |   46.6ms | I can’t help but feel like one of the bu...
[GAMING/GAM] | YouTube  | [Normal]     | 95%    |   28.7ms | ITS FINE...
[GAMING/GAM] | YouTube  | [Normal]     | 87%    |   31.2ms | body...
[ENTERTAINM] | YouTube  | [Normal]     | 95%    |   33.3ms | :goodvibes:...
[SPORTS/FOO] | YouTube  | [Normal]     | 95%    |   33.2ms | 6_1...
[ENTERTAINM] | YouTube  | [Normal]     | 93%    |   30.3ms | ДА...
[GAMING/GAM] | YouTube  | [Normal]     | 69%    |   37.1ms | Far end of the dock is way round than be...
[ENTERTAINM] | YouTube  | [Normal]     | 83%    |   26.2ms | How do you do...
[GAMING/SUR] | YouTube  | [Normal]     | 68%    |   40.1ms | Cloak come to finish them off...
[GAMING/GAM] | YouTube  | [Normal]     | 96%    |   43.7ms | there's a cross...
[GAMING/GAM] | YouTube  | [Normal]     | 97%    |   33.6ms | trash moved in cabin...
[SELF-HELP/] | YouTube  | [Normal]     | 96%    |   29.8ms | huh lol...
[ENTERTAINM] | YouTube  | [Normal]     | 96%    |   49.2ms | the bottom corner of your green screen i...
[PSYCHOLOGY] | YouTube  | [Normal]     | 97%    |   36.9ms | wow...interesting...
[ENTERTAINM] | YouTube  | [Normal]     | 94%    |   41.7ms | Almost half a billion subs bro I have ha...
[GAMING/GAM] | YouTube  | [Normal]     | 91%    |   35.2ms | I THOUGHT THAT WAS A BIG SLUG...
[ENTERTAINM] | YouTube  | [Normal]     | 92%    |   33.2ms | yeah...
[GAMING/GAM] | YouTube  | [Normal]     | 89%    |   36.7ms | teeth cup moveeeeed...
[GAMING/GAM] | YouTube  | [Normal]     | 86%    |   34.0ms | under the bed...
[MUSIC/CHIL] | YouTube  | [Normal]     | 95%    |   42.0ms | Prasa :rolling_on_the_floor_laughing:...
[GAMING/GAM] | YouTube  | [Normal]     | 96%    |   37.7ms | white knuckle part 6 when?...
[MUSIC/CHIL] | YouTube  | [Normal]     | 96%    |   53.8ms | e fain doar am zis din suflet că vreau s...
[ENTERTAINM] | YouTube  | [Normal]     | 97%    |   32.0ms | 500m...
[GAMING/GAM] | YouTube  | [Normal]     | 97%    |   35.5ms | MARKIPLIER!...
[GAMING/GAM] | YouTube  | [Normal]     | 90%    |   31.1ms | abyssy...
[GAMING/GAM] | YouTube  | [Normal]     | 94%    |   34.8ms | diddy-...
[GAMING/GAM] | YouTube  | [Normal]     | 97%    |   45.0ms | strange broadcast? That's just Alastor f...
[GAMING/SUR] | YouTube  | [Normal]     | 84%    |   39.3ms | Cant defend locked in ckre without shoot...
[GAMING/GAM] | YouTube  | [Normal]     | 91%    |   37.2ms | oh no my God it's john wick...
[ENTERTAINM] | YouTube  | [Normal]     | 94%    |   39.1ms | hi...
[ENTERTAINM] | YouTube  | [Normal]     | 97%    |   57.7ms | :waving_hand::waving_hand::waving_hand::...
[ENTERTAINM] | YouTube  | [Normal]     | 92%    |   32.0ms | MRBEAST!...
[ENTERTAINM] | YouTube  | [Normal]     | 97%    |  133.7ms | :index_pointing_at_the_viewer::index_poi...
[ENTERTAINM] | YouTube  | [Normal]     | 93%    |   27.9ms | hey buddy...
[ENTERTAINM] | YouTube  | [Normal]     | 97%    |  103.4ms | :red_circle::weary_face::smiling_face_wi...
[GAMING/GAM] | YouTube  | [Normal]     | 95%    |   32.0ms | THERES AN EXTRA BOTTLE IN THE CRATE...
[ENTERTAINM] | YouTube  | [Normal]     | 94%    |   33.7ms | Hi...
[ENTERTAINM] | YouTube  | [Normal]     | 91%    |   30.6ms | yooooooooooo...
[GAMING/GAM] | YouTube  | [Normal]     | 97%    |   35.5ms | top of lighthouse  rope swinging bottom ...
[GAMING/GAM] | YouTube  | [Normal]     | 84%    |   39.2ms | WILL YOU PLAY RESIDENT EVIL 9 ON STREAM ...
[GAMING/GAM] | YouTube  | [Normal]     | 88%    |   65.7ms | iron lung twice gang :call_me_hand:...
[GAMING/GAM] | YouTube  | [Normal]     | 94%    |   37.4ms | what r we playing...
[ENTERTAINM] | YouTube  | [Normal]     | 96%    |   40.1ms | I can’t wait for the the video tomorrow ...
[GAMING/GAM] | YouTube  | [Normal]     | 96%    |   36.2ms | there's an extra bottle in the pier...
[GAMING/GAM] | YouTube  | [Normal]     | 96%    |   37.9ms | did he die yet lol...
[GAMING/SUR] | YouTube  | [Normal]     | 79%    |   36.9ms | Gingy probably would be freaking out rn...
[ENTERTAINM] | YouTube  | [Normal]     | 96%    |   38.2ms | hay mister Bisht I am fine...
[GAMING/GAM] | YouTube  | [Normal]     | 96%    |   37.9ms | was that light on in the yard top middle...
[ENTERTAINM] | YouTube  | [Normal]     | 91%    |   66.7ms | HI MT BEAST  I'M FROM BRAZILIAM   SPEAK ...
[ENTERTAINM] | YouTube  | [Normal]     | 97%    |   53.5ms | ليبيا...
[GAMING/GAM] | YouTube  | [Normal]     | 97%    |   45.2ms | THE FUSE BOX IN INTERIOR?...
[GAMING/GAM] | YouTube  | [Normal]     | 95%    |   36.1ms | bottle at the pier...
[GAMING/GAM] | YouTube  | [Normal]     | 97%    |   48.0ms | mark needs to put out more videos...
[GAMING/GAM] | YouTube  | [Normal]     | 96%    |   61.9ms | Vitor WixMix que que voce jogue o jogo d...
[ENTERTAINM] | YouTube  | [Normal]     | 96%    |   44.8ms | 5m $ please :pleading_face:...
[ENTERTAINM] | YouTube  | [Normal]     | 90%    |   39.8ms | Do lazer...
[MUSIC/CHIL] | YouTube  | [Normal]     | 97%    |   82.1ms | ZS any bf or still jawaan dilo ki dhadka...
[GAMING/GAM] | YouTube  | [Normal]     | 97%    |   43.3ms | Markiplier:gaslight simulator...
[GAMING/GAM] | YouTube  | [Normal]     | 87%    |   48.8ms | was the thing under the bed always there...
[GAMING/GAM] | YouTube  | [Normal]     | 96%    |   64.9ms | has there always been a fuel can in the ...
[GAMING/GAM] | YouTube  | [Normal]     | 97%    |   37.1ms | red box bottom left yard...
[GAMING/GAM] | YouTube  | [Normal]     | 97%    |   42.9ms | LANTERN. SHADOW INTERIOR¡!!!!!!!!!...
[GAMING/GAM] | YouTube  | [Normal]     | 97%    |   38.6ms | Was there always 2 bottles on the pier?...
[ENTERTAINM] | YouTube  | [Normal]     | 97%    |   39.6ms | saludos desde un Colombiano en España!...
[GAMING/GAM] | YouTube  | [Normal]     | 96%    |   51.1ms | WATCHING IRON LUNG AGAIN IN A FEW HOURS ...
[SPORTS/FOO] | YouTube  | [Normal]     | 94%    |   31.0ms | Congrats JAPAN WELL PLAYED...
[GAMING/GAM] | YouTube  | [Normal]     | 95%    |   35.0ms | hmmmm...
[ENTERTAINM] | YouTube  | [Normal]     | 90%    |   46.7ms | WHAT...
[ENTERTAINM] | YouTube  | [Normal]     | 92%    |   32.6ms | press no...
[ENTERTAINM] | YouTube  | [Normal]     | 91%    |   32.6ms | W...
[ENTERTAINM] | YouTube  | [Normal]     | 97%    |  105.6ms | :face_blowing_a_kiss::face_blowing_a_kis...
[PSYCHOLOGY] | YouTube  | [Normal]     | 92%    |   37.7ms | A LOT OF PEOPLE WONT GET THIS...
[MUSIC/CHIL] | YouTube  | [Normal]     | 97%    |   45.2ms | Iisus Hristos ba Iisus Hristos :hugging_...
[ENTERTAINM] | YouTube  | [Normal]     | 97%    |   89.4ms | :face_with_tears_of_joy::face_with_tears...
[GAMING/GAM] | YouTube  | [Normal]     | 97%    |   29.1ms | EXTRA BARRELS IN BASEMENT MARK!...
[GAMING/GAM] | YouTube  | [Normal]     | 97%    |   29.8ms | extra rope interior...
[ENTERTAINM] | YouTube  | [Normal]     | 94%    |   28.7ms | hi...
[MUSIC/CHIL] | YouTube  | [Normal]     | 98%    |   40.9ms | :black_heart::sleeping_face::bouquet:...
[GAMING/GAM] | YouTube  | [Normal]     | 95%    |   36.6ms | D O N G D O N G...
[SPORTS/FOO] | YouTube  | [Normal]     | 96%    |   27.9ms | thanks...
[GAMING/GAM] | YouTube  | [Normal]     | 84%    |   36.9ms | Why’d you spill yer beans  Tommy?...
[ENTERTAINM] | YouTube  | [Normal]     | 43%    |  180.6ms | do you people know who jimmy is :face-fu...
[GAMING/GAM] | YouTube  | [Normal]     | 95%    |   47.7ms | Why does the spiral staircase look like ...
[GAMING/GAM] | YouTube  | [Normal]     | 58%    |   41.9ms | MARK THE EVIL FUSE BOX!!!!...
[ENTERTAINM] | YouTube  | [Normal]     | 98%    |   72.2ms | :hand-pink-waving::hand-pink-waving::han...
[GAMING/SUR] | YouTube  | [Normal]     | 97%    |   38.6ms | Oh no here comes Nick mercs  lol....
[GAMING/GAM] | YouTube  | [Normal]     | 95%    |   70.4ms | Hey MArk  today i aw your movie and it w...
[ENTERTAINM] | YouTube  | [Normal]     | 96%    |   45.1ms | New member...
[GAMING/GAM] | YouTube  | [Normal]     | 90%    |   43.0ms | THERES A MISSING THING HANGING IN THE LI...
[GAMING/GAM] | YouTube  | [Normal]     | 85%    |   34.6ms | THE CAMERA IS DOING WEIRD...
[MUSIC/CHIL] | YouTube  | [Normal]     | 98%    |   43.7ms | :black_heart::sleeping_face::bouquet:...
[GAMING/SUR] | YouTube  | [Normal]     | 91%    |   34.7ms | DILLON DANIS IS NOT IN UFC...
[GAMING/SUR] | YouTube  | [Normal]     | 88%    |   26.7ms | pog aim...
[GAMING/GAM] | YouTube  | [Normal]     | 95%    |   32.2ms | The lights are moving...
[GAMING/GAM] | YouTube  | [Normal]     | 95%    |   49.6ms | IM GOING TO WATCH IRON LUNG IN A COUPLE ...
[ENTERTAINM] | YouTube  | [Normal]     | 97%    |   31.1ms | Today is my birthday...
[GAMING/SUR] | YouTube  | [Normal]     | 93%    |   30.0ms | i got em...
[ENTERTAINM] | YouTube  | [Normal]     | 96%    |   28.4ms | love it...
[GAMING/GAM] | YouTube  | [Normal]     | 97%    |   38.2ms | silent hill pt 11 please :folded_hands:...
[GAMING/GAM] | YouTube  | [Normal]     | 88%    |   27.9ms | Camera malfunction...
[GAMING/GAM] | YouTube  | [Normal]     | 94%    |   25.7ms | PICTURE...
[ENTERTAINM] | YouTube  | [Normal]     | 97%    |   33.7ms | Hi Jimmy I'm from Bangladesh...
[GAMING/GAM] | YouTube  | [Normal]     | 96%    |   38.2ms | object movement of bottle at the pier by...
[GAMING/GAM] | YouTube  | [Normal]     | 88%    |   32.5ms | phew...
[GAMING/GAM] | YouTube  | [OFFENSIVE]  | 44%    |   29.3ms | Goopy...
[GAMING/GAM] | YouTube  | [Normal]     | 92%    |   30.2ms | yard camera malfunction...
[GAMING/SUR] | YouTube  | [Normal]     | 46%    |   46.1ms | @TheBurntPeanut my daughter says you nee...
[MUSIC/CHIL] | YouTube  | [Normal]     | 95%    |   58.0ms | tre să ne supunem lui Dumnezeu la modul ...
[GAMING/GAM] | YouTube  | [Normal]     | 95%    |   37.1ms | Hey Mark!...
[ENTERTAINM] | YouTube  | [Normal]     | 81%    |   46.2ms | This is Asadullah from Pakistan wants to...
[ENTERTAINM] | YouTube  | [Normal]     | 96%    |   35.0ms | New member...
[ENTERTAINM] | YouTube  | [Normal]     | 78%    |   35.5ms | italyyyyyy...
[ENTERTAINM] | YouTube  | [Normal]     | 91%    |   34.1ms | UK...
[ENTERTAINM] | YouTube  | [Normal]     | 95%    |   33.2ms | Aus...
[ENTERTAINM] | YouTube  | [Normal]     | 93%    |   34.6ms | India...
[MUSIC/CHIL] | YouTube  | [Normal]     | 95%    |   40.1ms | .......
[GAMING/GAM] | YouTube  | [Normal]     | 92%    |   40.2ms | pretty sure the fusebox is supposed to b...
[MUSIC/CHIL] | YouTube  | [Normal]     | 95%    |   37.8ms | nu ma mai uit...
[GAMING/SUR] | YouTube  | [Normal]     | 94%    |   37.6ms | Rust is 100...
[GAMING/GAM] | YouTube  | [Normal]     | 96%    |   33.2ms | FUSE BOX...
[ENTERTAINM] | YouTube  | [Normal]     | 90%    |   28.7ms | USA...
[MUSIC/CHIL] | YouTube  | [Normal]     | 96%    |   29.7ms | suno na...
[NEWS/LIVE ] | YouTube  | [Normal]     | 95%    |   33.1ms | GOD BLESS MY WHITENESS. JOEY AGREES!!...
[ENTERTAINM] | YouTube  | [Normal]     | 96%    |   26.0ms | oiii philippines...
[ENTERTAINM] | YouTube  | [Normal]     | 95%    |   24.7ms | Bangladesh...
[NEWS/LIVE ] | YouTube  | [Normal]     | 91%    |   36.2ms | farm no one can see soon  lil kid...
[GAMING/GAM] | YouTube  | [Normal]     | 94%    |   35.1ms | he's starting to go crazy...
[ENTERTAINM] | YouTube  | [Normal]     | 98%    |   56.1ms | :face-blue-smiling::face-blue-smiling::f...
[ENTERTAINM] | YouTube  | [Normal]     | 91%    |   37.2ms | ALGERIA...
[GAMING/GAM] | YouTube  | [Normal]     | 92%    |   35.4ms | ANOMALY IN TOP LEFT...
[GAMING/SUR] | YouTube  | [Normal]     | 97%    |   35.7ms | oil...
[GAMING/GAM] | YouTube  | [Normal]     | 97%    |   38.3ms | extra ropes in the interior room!!!!...
[MUSIC/CHIL] | YouTube  | [Normal]     | 93%    |   33.4ms | suz sis hi...
[PSYCHOLOGY] | YouTube  | [Normal]     | 88%    |   34.2ms | More talking less bombing...
[GAMING/GAM] | YouTube  | [Normal]     | 94%    |   35.0ms | The pillow stack moved in the basement...
[MUSIC/CHIL] | YouTube  | [Normal]     | 94%    |   57.8ms | dokter kodok NU kotor kotor :zany_face::...
[GAMING/GAM] | YouTube  | [Normal]     | 91%    |   33.9ms | Marks going crazy...
[MUSIC/CHIL] | YouTube  | [Normal]     | 97%    |   43.5ms | Altair pedarast:smiling_face_with_tear:...
[MUSIC/CHIL] | YouTube  | [Normal]     | 96%    |   32.4ms | Kejti okay...
[GAMING/GAM] | YouTube  | [Normal]     | 97%    |   44.8ms | I thought there were only 4 sacks in tha...
[SELF-HELP/] | YouTube  | [Normal]     | 95%    |   52.3ms | I don't even care that I'm late I finall...
[GAMING/SUR] | YouTube  | [Normal]     | 50%    |   31.4ms | turents you need them...
[ENTERTAINM] | YouTube  | [Normal]     | 96%    |  102.0ms | :yt::yt::yt::yt::yt::yt::yt::yt::yt::yt:...
[GAMING/GAM] | YouTube  | [Normal]     | 93%    |   43.2ms | Mark are you having a stroke?...
[ENTERTAINM] | YouTube  | [Normal]     | 94%    |   23.8ms | 1...
[ENTERTAINM] | YouTube  | [Normal]     | 94%    |   27.5ms | 1...
[ENTERTAINM] | YouTube  | [Normal]     | 94%    |   33.4ms | 1...
[ENTERTAINM] | YouTube  | [Normal]     | 97%    |   40.8ms | :euro_banknote::euro_banknote:...
[GAMING/GAM] | YouTube  | [Normal]     | 94%    |   39.2ms | You need a lasik renewal LMAO...
[GAMING/GAM] | YouTube  | [Normal]     | 96%    |   34.8ms | BARRELS TURNED...
[GAMING/GAM] | YouTube  | [Normal]     | 97%    |   75.9ms | mark reading the ghost chat that agreeds...
[GAMING/SUR] | YouTube  | [Normal]     | 92%    |   35.5ms | how does yes answer anything...
[GAMING/SUR] | YouTube  | [Normal]     | 95%    |   30.3ms | turrets...
[GAMING/GAM] | YouTube  | [Normal]     | 92%    |   29.0ms | light anomaly...
[ENTERTAINM] | YouTube  | [Normal]     | 94%    |   32.0ms | 1...
[GAMING/SUR] | YouTube  | [Normal]     | 93%    |   43.3ms | YES STAY...
[GAMING/GAM] | YouTube  | [Normal]     | 96%    |   35.2ms | MARKKK FOG AT THE YARD...
[ENTERTAINM] | YouTube  | [Normal]     | 94%    |   33.6ms | :pinched_fingers:...
[GAMING/GAM] | YouTube  | [Normal]     | 83%    |   46.5ms | Fog or camera malfunction is the wibble ...
[GAMING/GAM] | YouTube  | [Normal]     | 88%    |   41.1ms | Look for the bear...
[ENTERTAINM] | YouTube  | [Normal]     | 96%    |   33.7ms | USA Minnesota capital Saint Paul...
[SELF-HELP/] | YouTube  | [Normal]     | 85%    |   49.6ms | What should I do when I’m trapped by my ...
[ENTERTAINM] | YouTube  | [Normal]     | 94%    |   35.5ms | 1...
[PSYCHOLOGY] | YouTube  | [Normal]     | 93%    |   31.3ms | the 3...
[GAMING/GAM] | YouTube  | [Normal]     | 92%    |   33.6ms | light anomaly in the yard!...
[GAMING/GAM] | YouTube  | [Normal]     | 80%    |   36.9ms | there's a strange man on the top left...
[ENTERTAINM] | YouTube  | [Normal]     | 94%    |   32.7ms | 1...
[GAMING/GAM] | YouTube  | [Normal]     | 85%    |   55.3ms | Colonel Mustard in the Stairwell with th...
[GAMING/GAM] | YouTube  | [Normal]     | 97%    |   37.0ms | LIGHT ON YARD...
[PSYCHOLOGY] | YouTube  | [Normal]     | 76%    |   43.5ms | exists in deez nuts...
[GAMING/GAM] | YouTube  | [Normal]     | 96%    |   41.6ms | fog in the yard...
[GAMING/GAM] | YouTube  | [Normal]     | 93%    |   53.3ms | FUSEBOX...
[GAMING/GAM] | YouTube  | [Normal]     | 92%    |   47.2ms | i think theres smth in your bed...
[GAMING/GAM] | YouTube  | [Normal]     | 95%    |   45.3ms | extra ropse in interior room...
[GAMING/SUR] | YouTube  | [Normal]     | 60%    |   39.8ms | nobody is farming...
[ENTERTAINM] | YouTube  | [Normal]     | 87%    |  176.9ms | helllooooooooo :fire::fire::fire::fire::...
[GAMING/GAM] | YouTube  | [Normal]     | 96%    |   49.8ms | the canisters in basement moved!!...
[GAMING/GAM] | YouTube  | [Normal]     | 97%    |   57.3ms | Keepers room  maybe the painting??...
[GAMING/GAM] | YouTube  | [Normal]     | 89%    |   31.1ms | YOOOO...
[ENTERTAINM] | YouTube  | [Normal]     | 94%    |   29.3ms | 1...
[GAMING/GAM] | YouTube  | [Normal]     | 95%    |   31.4ms | interior...
[GAMING/GAM] | YouTube  | [Normal]     | 93%    |   41.3ms | Fusebox...
[GAMING/GAM] | YouTube  | [Normal]     | 96%    |   35.1ms | EW EW EW...
[GAMING/GAM] | YouTube  | [Normal]     | 96%    |   36.0ms | spinning pillar is spinning the light i ...
[GAMING/GAM] | YouTube  | [Normal]     | 97%    |   32.7ms | MARK FUSE BOX...
[SPORTS/FOO] | YouTube  | [Normal]     | 90%    |   32.0ms | こんばんわ...
[GAMING/GAM] | YouTube  | [Normal]     | 94%    |   39.5ms | EWWIEE...
[GAMING/SUR] | YouTube  | [Normal]     | 78%    |   71.6ms | @TheBurntPeanut when you do the turrets ...
[ENTERTAINM] | YouTube  | [Normal]     | 93%    |   40.3ms | hello mr beast...
[PSYCHOLOGY] | YouTube  | [Normal]     | 96%    |   48.6ms | Dr. K to restaurant bro: So let's think ...
[ENTERTAINM] | YouTube  | [Normal]     | 94%    |   32.1ms | 1...
[ENTERTAINM] | YouTube  | [Normal]     | 97%    |   30.7ms | hi Mr.beast...
[PSYCHOLOGY] | YouTube  | [Normal]     | 52%    |   44.3ms | Is this why hook up culture become such ...
[GAMING/GAM] | YouTube  | [HATE]       | 81%    |   47.7ms | The googly moogly...
[GAMING/SUR] | YouTube  | [Normal]     | 93%    |   36.6ms | tur'dits...
[GAMING/GAM] | YouTube  | [Normal]     | 86%    |   32.6ms | You’re missing some Mark...
[GAMING/GAM] | YouTube  | [Normal]     | 96%    |   39.5ms | LAMP ON NIGHTSTAND @markiplier...
[PSYCHOLOGY] | YouTube  | [Normal]     | 97%    |   43.4ms | press f to pay respect...
[ENTERTAINM] | YouTube  | [Normal]     | 93%    |   31.3ms | hello mr beast...
[GAMING/GAM] | YouTube  | [HATE]       | 36%    |   27.7ms | Youre crazy...
[SELF-HELP/] | YouTube  | [Normal]     | 72%    |   30.6ms | dr k are you broken...
[ENTERTAINM] | YouTube  | [Normal]     | 97%    |   33.1ms | hola soy alexautos de ecuador...
[ENTERTAINM] | YouTube  | [Normal]     | 97%    |   32.2ms | abonnez vous :collision:...
[GAMING/GAM] | YouTube  | [Normal]     | 96%    |   25.2ms | FUSE BOX...
[GAMING/GAM] | YouTube  | [Normal]     | 97%    |   35.0ms | are the spiral stairs supposed to be che...
[ENTERTAINM] | YouTube  | [Normal]     | 95%    |   26.5ms | hii...
[GAMING/GAM] | YouTube  | [Normal]     | 96%    |   43.7ms | Um.... did those stairs always have that...
[GAMING/GAM] | YouTube  | [Normal]     | 83%    |   48.3ms | THEY MOVEDCAMERA MALFUNCTION IS FOR WHEN...
[GAMING/GAM] | YouTube  | [Normal]     | 96%    |   34.4ms | barrels moved...
[MUSIC/CHIL] | YouTube  | [Normal]     | 73%    |   44.3ms | Rabbia its okay sis calm down its okayyy...
[GAMING/GAM] | YouTube  | [Normal]     | 92%    |   36.2ms | person in the yard...
[GAMING/SUR] | YouTube  | [Normal]     | 88%    |   48.0ms | @Liteningflows who?...
[GAMING/GAM] | YouTube  | [Normal]     | 96%    |   35.7ms | PURPLE TOWEL IN LanTERN ROOM...
[GAMING/GAM] | YouTube  | [Normal]     | 96%    |   46.5ms | "I am going to saw through your bones!" ...
[SPORTS/FOO] | YouTube  | [Normal]     | 91%    |   33.6ms | ほん...
[ENTERTAINM] | YouTube  | [Normal]     | 95%    |   28.1ms | said hi...
[PSYCHOLOGY] | YouTube  | [Normal]     | 87%    |   25.7ms | A...
[ENTERTAINM] | YouTube  | [Normal]     | 92%    |   25.6ms | hey son...
[ENTERTAINM] | YouTube  | [Normal]     | 98%    |   61.5ms | :popcorn-yellow-striped-smile::popcorn-y...
[GAMING/GAM] | YouTube  | [Normal]     | 92%    |   30.0ms | RIGHT...
[NEWS/LIVE ] | YouTube  | [Normal]     | 98%    |   35.6ms | Oatmeal is...biracial...
[MUSIC/CHIL] | YouTube  | [Normal]     | 93%    |   56.2ms | RABIA we all have our flaws. dont be too...
[ENTERTAINM] | YouTube  | [Normal]     | 97%    |   37.9ms | Hello!!:hand-pink-waving:...
[ENTERTAINM] | YouTube  | [Normal]     | 96%    |   35.0ms | give 100 people 100 dollars...
[GAMING/GAM] | YouTube  | [Normal]     | 96%    |   32.5ms | THIS IS MY FAVORITE GAME...
[GAMING/GAM] | YouTube  | [Normal]     | 96%    |   34.0ms | FUSE BOX...
[GAMING/GAM] | YouTube  | [Normal]     | 83%    |   40.7ms | we are just too smart for the game...
[ENTERTAINM] | YouTube  | [Normal]     | 95%    |   36.1ms | Jimmy please bless me...
[ENTERTAINM] | YouTube  | [Normal]     | 93%    |   38.5ms | hey mrbeast come to india...
[GAMING/SUR] | YouTube  | [Normal]     | 71%    |   44.1ms | Peanut have Hutch and rogue do oil and y...
[GAMING/GAM] | YouTube  | [Normal]     | 98%    |   37.1ms | mouse traps - basement...
[ENTERTAINM] | YouTube  | [Normal]     | 95%    |   33.1ms | Vamos...
[MUSIC/CHIL] | YouTube  | [Normal]     | 97%    |   63.5ms | @syedsoul bye  :backhand_index_pointing_...
[ENTERTAINM] | YouTube  | [Normal]     | 94%    |   26.8ms | hi...
[GAMING/GAM] | YouTube  | [Normal]     | 93%    |   34.1ms | the pillar in the stairwell maybe...
[GAMING/GAM] | YouTube  | [Normal]     | 92%    |   33.1ms | The middle barrel is smaller!!...
[GAMING/GAM] | YouTube  | [Normal]     | 96%    |   34.1ms | Was the furnace smoking again???...
[GAMING/SUR] | YouTube  | [Normal]     | 85%    |   32.0ms | :peanuts: paranoid...
[ENTERTAINM] | YouTube  | [Normal]     | 95%    |   32.2ms | hello...
[GAMING/SUR] | YouTube  | [Normal]     | 96%    |   48.1ms | I TOLD YOU 20 MIN AGO TO GO DO RECYCLING...
[ENTERTAINM] | YouTube  | [Normal]     | 98%    |  205.2ms | :beaming_face_with_smiling_eyes::beaming...
[ENTERTAINM] | YouTube  | [Normal]     | 75%    |   40.5ms | Omg love ma beast ım from turkeyy...
[ENTERTAINM] | YouTube  | [Normal]     | 90%    |   38.0ms | heyyyy...
[GAMING/GAM] | YouTube  | [Normal]     | 97%    |   30.7ms | THE 4 BARRELS  TOP LEFT...
[GAMING/SUR] | YouTube  | [Normal]     | 83%    |   37.1ms | NOOOOO TO SLOW...
[GAMING/GAM] | YouTube  | [Normal]     | 95%    |   31.6ms | THE BARRELS...
[GAMING/SUR] | YouTube  | [Normal]     | 91%    |   41.3ms | when putting code in you can press R and...
[PSYCHOLOGY] | YouTube  | [Normal]     | 95%    |   31.6ms | ratchet?...
[GAMING/GAM] | YouTube  | [Normal]     | 94%    |   34.9ms | The beams on the stairway down looks wei...
[GAMING/GAM] | YouTube  | [Normal]     | 98%    |   38.6ms | was the light in the interior always tha...
[GAMING/GAM] | YouTube  | [Normal]     | 91%    |   47.4ms | CAMERA MALFUNCTION TOP LEFT...
[MUSIC/CHIL] | YouTube  | [Normal]     | 96%    |   37.5ms | :slightly_smiling_face:...
[ENTERTAINM] | YouTube  | [Normal]     | 93%    |   57.8ms | :goodvibes::goodvibes::goodvibes::goodvi...
[GAMING/GAM] | YouTube  | [Normal]     | 84%    |   38.7ms | their "eyes" faced each other's...
[GAMING/GAM] | YouTube  | [Normal]     | 94%    |   47.0ms | I'm not coordinated enough to play these...
[ENTERTAINM] | YouTube  | [Normal]     | 84%    |   28.2ms | America...
[GAMING/GAM] | YouTube  | [Normal]     | 76%    |   28.8ms | DUCKY...
[GAMING/GAM] | YouTube  | [Normal]     | 96%    |   30.6ms | STAIRWELL RAILING MOVED...
[GAMING/GAM] | YouTube  | [Normal]     | 96%    |   31.7ms | railing in the stairwell...
[GAMING/GAM] | YouTube  | [Normal]     | 97%    |   30.1ms | git gud Mark...
[GAMING/GAM] | YouTube  | [Normal]     | 92%    |   26.8ms | WHAT WAS THAT...
[MUSIC/CHIL] | YouTube  | [Normal]     | 98%    |   36.2ms | :black_heart::sleeping_face::bouquet:...
[GAMING/GAM] | YouTube  | [Normal]     | 95%    |   49.4ms | the raíl in stairwell rotated...
[GAMING/SUR] | YouTube  | [Normal]     | 82%    |   28.3ms | SHUT THE DOORS...
[MUSIC/CHIL] | YouTube  | [Normal]     | 98%    |   31.0ms | :text-yellow-goal:...
[GAMING/GAM] | YouTube  | [Normal]     | 91%    |   30.3ms | door yard...
[ENTERTAINM] | YouTube  | [Normal]     | 95%    |   51.8ms | @MrBeast I know u since my childhood I w...
[MUSIC/CHIL] | YouTube  | [Normal]     | 95%    |   31.8ms | kuchh khaya...
[SPORTS/FOO] | YouTube  | [Normal]     | 92%    |   31.9ms | boisss...
[ENTERTAINM] | YouTube  | [Normal]     | 95%    |   40.6ms | :elbowcough:...
[GAMING/GAM] | YouTube  | [Normal]     | 92%    |   36.2ms | isn't the railing in the wrong place?...
[SELF-HELP/] | YouTube  | [Normal]     | 93%    |   34.2ms | Never heard of it...
[GAMING/SUR] | YouTube  | [Normal]     | 95%    |   38.3ms | I found different power sources can some...
[GAMING/GAM] | YouTube  | [Normal]     | 83%    |   32.8ms | OH HELL NAH...
[GAMING/GAM] | YouTube  | [Normal]     | 96%    |   57.6ms | mark  ive been watching on my tv  and i ...
[MUSIC/CHIL] | YouTube  | [Normal]     | 92%    |   27.0ms | te cred...
[ENTERTAINM] | YouTube  | [Normal]     | 96%    |   29.6ms | Please PC I need this...
[ENTERTAINM] | YouTube  | [Normal]     | 97%    |   27.6ms | love from India...
[GAMING/SUR] | YouTube  | [Normal]     | 57%    |   29.5ms | train saving them from themselves...
[GAMING/SUR] | YouTube  | [Normal]     | 91%    |   30.7ms | DILLON DANIS IS NOT IN UFC...
[GAMING/GAM] | YouTube  | [Normal]     | 96%    |   30.1ms | siren! that's kinda cool...
[ENTERTAINM] | YouTube  | [Normal]     | 94%    |   24.2ms | Ny...
[GAMING/GAM] | YouTube  | [Normal]     | 62%    |   28.0ms | stairwall moving pillar...
[GAMING/GAM] | YouTube  | [Normal]     | 95%    |   26.3ms | Fence in stairwell...
[GAMING/GAM] | YouTube  | [Normal]     | 97%    |   39.1ms | the stairwell railing switched sides mar...
[ENTERTAINM] | YouTube  | [Normal]     | 97%    |   32.5ms | ariana grande singing...
[GAMING/GAM] | YouTube  | [Normal]     | 96%    |   28.9ms | SKIP SPONSOR...
[ENTERTAINM] | YouTube  | [Normal]     | 88%    |   24.3ms | Canada...
[ENTERTAINM] | YouTube  | [Normal]     | 97%    |   26.9ms | I am from Gotham...
[SELF-HELP/] | YouTube  | [Normal]     | 81%    |   27.9ms | I dont get it...
[GAMING/SUR] | YouTube  | [Normal]     | 96%    |   40.2ms | :grinning_face_with_sweat::grinning_face...
[GAMING/GAM] | YouTube  | [Normal]     | 91%    |   36.7ms | Interior foggy...
[GAMING/GAM] | YouTube  | [Normal]     | 97%    |   40.6ms | STAIRWELL: left side railing moved...
[ENTERTAINM] | YouTube  | [Normal]     | 95%    |   34.4ms | Only 10k...
[ENTERTAINM] | YouTube  | [Normal]     | 97%    |   39.7ms | Can I have an iPhone?...
[ENTERTAINM] | YouTube  | [Normal]     | 98%    |  135.0ms | :body-green-covering-eyes::body-green-co...
[GAMING/GAM] | YouTube  | [Normal]     | 97%    |   44.1ms | STAIRWELL: left side railing moved...
[GAMING/GAM] | YouTube  | [Normal]     | 98%    |   64.7ms | I work at barnes and noble and I just so...
[GAMING/SUR] | YouTube  | [Normal]     | 79%    |   56.4ms | Someone who locks boxes get kicked from ...
[ENTERTAINM] | YouTube  | [Normal]     | 93%    |   48.3ms | hello Mr beast can you give me an iPhone...
[ENTERTAINM] | YouTube  | [Normal]     | 92%    |   56.7ms | Hy Mr Beast...
[GAMING/GAM] | YouTube  | [Normal]     | 90%    |   48.1ms | You should read Project Hail Mary it wil...
[ENTERTAINM] | YouTube  | [Normal]     | 94%    |   40.7ms | yeh...
[GAMING/GAM] | YouTube  | [Normal]     | 94%    |   44.0ms | stairwell  slimy boxes...
[ENTERTAINM] | YouTube  | [Normal]     | 94%    |   57.8ms | Hi Mr Beast...
[GAMING/GAM] | YouTube  | [Normal]     | 96%    |   44.6ms | I LOVE YOU MARKIPLIER...
[GAMING/GAM] | YouTube  | [Normal]     | 90%    |   45.9ms | it might be if I ever watched podcast...
[ENTERTAINM] | YouTube  | [Normal]     | 93%    |   39.2ms | Europe...
[GAMING/GAM] | YouTube  | [Normal]     | 97%    |   60.7ms | mark! now that you've more free time  i'...
[GAMING/GAM] | YouTube  | [Normal]     | 96%    |   32.3ms | barrell fell over!!!...
[GAMING/GAM] | YouTube  | [Normal]     | 96%    |   32.9ms | Adjective noun...
[GAMING/GAM] | YouTube  | [Normal]     | 96%    |   54.4ms | BARRELL BASEMENT FELL...
[GAMING/GAM] | YouTube  | [Normal]     | 58%    |   36.4ms | mark your voice is too loud for my shitt...
[ENTERTAINM] | YouTube  | [Normal]     | 75%    |   29.0ms | do you know Pakistan...
[GAMING/GAM] | YouTube  | [Normal]     | 96%    |   35.2ms | RAIL NEAR PAINT CANS MOVED MARKKKKKKKK...
[GAMING/GAM] | YouTube  | [Normal]     | 93%    |   30.3ms | that was interior not stairwell...
[ENTERTAINM] | YouTube  | [Normal]     | 97%    |   61.3ms | :people_hugging::people_hugging::people_...
[GAMING/GAM] | YouTube  | [Normal]     | 97%    |   42.7ms | red railing left top of stairwell moveme...
[ENTERTAINM] | YouTube  | [Normal]     | 93%    |   31.0ms | indonesian...
[GAMING/GAM] | YouTube  | [Normal]     | 96%    |   40.9ms | stairwell!!!...
[MUSIC/CHIL] | YouTube  | [Normal]     | 97%    |  121.8ms | Syed :comet::small_blue_diamond:I don't ...
[GAMING/GAM] | YouTube  | [Normal]     | 92%    |   62.1ms | Congrats on the big success of Iron Lung...
[GAMING/GAM] | YouTube  | [Normal]     | 73%    |   30.2ms | LEFT OF THE SQAURE...
[GAMING/GAM] | YouTube  | [Normal]     | 62%    |   33.6ms | stairwall moving pillar...
[GAMING/SUR] | YouTube  | [OFFENSIVE]  | 81%    |   29.6ms | WE FUCK EM...
[ENTERTAINM] | YouTube  | [Normal]     | 97%    |   34.1ms | am i visible...
[GAMING/SUR] | YouTube  | [Normal]     | 96%    |   43.1ms | Ok 2 Big Mac = $20 :unamused_face:...
[ENTERTAINM] | YouTube  | [Normal]     | 96%    |   35.3ms | HELLO MRBEAST  I AM FROM...
[GAMING/GAM] | YouTube  | [Normal]     | 95%    |   75.7ms | THE GAS CAN MOVED!!!!THE GAS CAN MOVED!!...
[ENTERTAINM] | YouTube  | [Normal]     | 94%    |   36.6ms | হিইই...
[ENTERTAINM] | YouTube  | [Normal]     | 94%    |  120.0ms | :chillwdog::chillwdog::chillwdog::chillw...
[GAMING/GAM] | YouTube  | [Normal]     | 73%    |   52.1ms | Ya'll are confusing me too...
[ENTERTAINM] | YouTube  | [Normal]     | 65%    |   45.1ms | jimmy you should try being a youtuber...
[GAMING/GAM] | YouTube  | [Normal]     | 92%    |   35.1ms | its under there...
[GAMING/GAM] | YouTube  | [Normal]     | 91%    |   34.3ms | top left...
[GAMING/SUR] | YouTube  | [Normal]     | 97%    |   38.1ms | Whats your order Peanut?...
[ENTERTAINM] | YouTube  | [Normal]     | 95%    |   30.0ms | 67...
[GAMING/SUR] | YouTube  | [Normal]     | 88%    |   32.8ms | WHAT DID YOU ORDER PEANUT...
[GAMING/GAM] | YouTube  | [Normal]     | 90%    |   32.4ms | The broken one moved!...
[GAMING/GAM] | YouTube  | [Normal]     | 95%    |   37.4ms | THE BROKEN RAIL MOVED FOR THE LOVE OF AL...
[GAMING/SUR] | YouTube  | [Normal]     | 80%    |   38.1ms | :_PeanutJork::_BungusMac:...
[GAMING/GAM] | YouTube  | [Normal]     | 96%    |   38.4ms | Stairwell  Hole  missing pole on middle ...
[GAMING/GAM] | YouTube  | [Normal]     | 93%    |   35.8ms | Yard bottle...
[ENTERTAINM] | YouTube  | [Normal]     | 97%    |  146.8ms | Help me from Nepal :folded_hands::folded...
[GAMING/SUR] | YouTube  | [Normal]     | 94%    |   38.4ms | this base is painful to navigate lol...
[SELF-HELP/] | YouTube  | [Normal]     | 97%    |   29.7ms | The gram? Of insta?...
[GAMING/GAM] | YouTube  | [Normal]     | 79%    |   33.5ms | That nothing sneaks up on you...
[GAMING/GAM] | YouTube  | [Normal]     | 95%    |   60.9ms | Congrats on Iron Lung's success Mark!! A...
[GAMING/GAM] | YouTube  | [Normal]     | 85%    |   30.1ms | mmmm dirty water...
[GAMING/GAM] | YouTube  | [Normal]     | 87%    |   30.9ms | NOW WE ARE DROWNING...
[GAMING/GAM] | YouTube  | [Normal]     | 95%    |   38.1ms | mark have you seen iron lung?...
[ENTERTAINM] | YouTube  | [Normal]     | 96%    |   43.9ms | ALGUIEN QUE HABLE ESPAÑOL...
[ENTERTAINM] | YouTube  | [Normal]     | 98%    |   36.8ms | :star:big fan Jimmy :star:...
[GAMING/SUR] | YouTube  | [Normal]     | 89%    |   37.2ms | im a funny guy :eyes:...
[GAMING/GAM] | YouTube  | [Normal]     | 96%    |   34.0ms | ADJECTIVE NOUN...
[PSYCHOLOGY] | YouTube  | [Normal]     | 96%    |   40.2ms | Anima and Animus hmmm...
[MUSIC/CHIL] | YouTube  | [Normal]     | 94%    |   32.1ms | sach me...
[GAMING/GAM] | YouTube  | [Normal]     | 97%    |   39.7ms | Mark! The mice are in the box!...
[PSYCHOLOGY] | YouTube  | [Normal]     | 97%    |   36.2ms | And Inuyasha...
[ENTERTAINM] | YouTube  | [Normal]     | 96%    |   49.4ms | Всем Привет Всем Хаюхай...
[ENTERTAINM] | YouTube  | [Normal]     | 90%    |   38.8ms | Are u going to do any World Cup content...
[ENTERTAINM] | YouTube  | [Normal]     | 96%    |   46.3ms | классно сидим пацаны...
[GAMING/GAM] | YouTube  | [Normal]     | 97%    |   35.1ms | LEFT RAIL BY BOXES. STAIRWELL...
[GAMING/GAM] | YouTube  | [Normal]     | 96%    |   32.1ms | Missing bottle?...
[ENTERTAINM] | YouTube  | [Normal]     | 83%    |   33.6ms | Korea...
[GAMING/SUR] | YouTube  | [Normal]     | 97%    |   36.3ms | 12 turrets per grid...
[GAMING/GAM] | YouTube  | [Normal]     | 78%    |   47.4ms | aww look they spilled oil and tried clea...
[ENTERTAINM] | YouTube  | [Normal]     | 88%    |  102.8ms | nnnbnbnchj co to jest na nim zależy od t...
[ENTERTAINM] | YouTube  | [Normal]     | 97%    |   34.9ms | I love supporting small creators...
[ENTERTAINM] | YouTube  | [Normal]     | 73%    |   67.9ms | hhhhhhhhhhhhhhhhhhhhhhhhhhhhhhhhhhhhhhhh...
[ENTERTAINM] | YouTube  | [Normal]     | 96%    |   53.3ms | LES GOOOOOO!!!!!!!!!:face-blue-smiling::...
[GAMING/GAM] | YouTube  | [Normal]     | 84%    |   38.9ms | you should worry abt us tbh...
[ENTERTAINM] | YouTube  | [Normal]     | 94%    |   31.3ms | Hi...
[GAMING/GAM] | YouTube  | [Normal]     | 86%    |   53.5ms | UNDER THE BED...
[ENTERTAINM] | YouTube  | [Normal]     | 96%    |   46.6ms | According to MDM  you gain 17.1K subscri...
[GAMING/GAM] | YouTube  | [Normal]     | 47%    |   48.9ms | "I don't mean to mock you  mercilessly" ...
[ENTERTAINM] | YouTube  | [Normal]     | 95%    |   33.3ms | hello...
[ENTERTAINM] | YouTube  | [Normal]     | 94%    |   31.6ms | Hi...
[GAMING/GAM] | YouTube  | [Normal]     | 97%    |   37.8ms | painting in keepers quarters...
[GAMING/SUR] | YouTube  | [Normal]     | 96%    |   32.6ms | INCREDIBLE...
[MUSIC/CHIL] | YouTube  | [Normal]     | 96%    |   45.8ms | :face-blue-droopy-eyes:...
[GAMING/SUR] | YouTube  | [Normal]     | 77%    |   46.5ms | No he’s still kicking...
[GAMING/GAM] | YouTube  | [Normal]     | 87%    |   48.9ms | don't lump us all in with that guy I KNE...
[GAMING/SUR] | YouTube  | [Normal]     | 97%    |   44.6ms | lmfao. just a cord running thru the whol...
[ENTERTAINM] | YouTube  | [Normal]     | 98%    |   67.4ms | :face-blue-wide-eyes::face-green-smiling...
[ENTERTAINM] | YouTube  | [Normal]     | 93%    |   30.0ms | gg...
[GAMING/GAM] | YouTube  | [Normal]     | 75%    |   32.8ms | DESK BYY BED...
[ENTERTAINM] | YouTube  | [Normal]     | 85%    |   41.1ms | Some people just have no idea what they'...
[GAMING/SUR] | YouTube  | [Normal]     | 95%    |   31.3ms | welp...
[GAMING/GAM] | YouTube  | [Normal]     | 97%    |   32.0ms | mark the fireplace...
[GAMING/GAM] | YouTube  | [Normal]     | 94%    |   44.3ms | wait i think an object was missing in th...
[GAMING/GAM] | YouTube  | [Normal]     | 97%    |   34.1ms | fireplace?...
[ENTERTAINM] | YouTube  | [Normal]     | 95%    |   55.2ms | congratulations sirrrrrrrr i love you an...
[GAMING/SUR] | YouTube  | [Normal]     | 95%    |   32.5ms | ELECTRICAL BRANCH...
[GAMING/GAM] | YouTube  | [Normal]     | 79%    |   34.6ms | thats not polite...
[GAMING/GAM] | YouTube  | [Normal]     | 96%    |   39.8ms | MARK I WATCHED UR MOVIE LIKE 1 HOUR AGO...
[PSYCHOLOGY] | YouTube  | [Normal]     | 95%    |   33.3ms | Sense...
[ENTERTAINM] | YouTube  | [Normal]     | 94%    |   33.4ms | hi...
[ENTERTAINM] | YouTube  | [Normal]     | 96%    |   37.2ms | hiiiiiiiiiiiiiiiiiiiiiiiiii...
[GAMING/GAM] | YouTube  | [Normal]     | 95%    |   37.1ms | princess dounut aproves this game...
[GAMING/GAM] | YouTube  | [Normal]     | 93%    |   32.9ms | Extra bottle pier...
[GAMING/GAM] | YouTube  | [Normal]     | 93%    |   49.1ms | THE RAILING MOVED UP FROM BOTTOM LEFT MA...
[ENTERTAINM] | YouTube  | [Normal]     | 95%    |   53.5ms | jimmy are you going for the FIFA WORLD C...
[ENTERTAINM] | YouTube  | [Normal]     | 95%    |   25.9ms | HELLO...
[GAMING/SUR] | YouTube  | [Normal]     | 96%    |   33.4ms | take branch's to branch's...
[PSYCHOLOGY] | YouTube  | [Normal]     | 93%    |   32.1ms | this lady great...
[GAMING/GAM] | YouTube  | [Normal]     | 88%    |   31.7ms | Mark anomaly...
[PSYCHOLOGY] | YouTube  | [Normal]     | 91%    |   31.0ms | …...
[MUSIC/CHIL] | YouTube  | [Normal]     | 96%    |   50.8ms | ohh ok ok:grinning_face_with_sweat::grin...
[GAMING/GAM] | YouTube  | [Normal]     | 95%    |   36.2ms | WATER BENEATH DOOR INTERIOR...
[GAMING/GAM] | YouTube  | [HATE]       | 68%    |   43.1ms | Hey Mark  Saw lron Lung last night. Goat...
[ENTERTAINM] | YouTube  | [Normal]     | 76%    |   36.7ms | @MrBeast TURKEYYYYYY...
[MUSIC/CHIL] | YouTube  | [Normal]     | 97%    |   38.5ms | :person-turquoise-wizard-wand:...
[SELF-HELP/] | YouTube  | [Normal]     | 95%    |   42.5ms | i have subpowers...
[ENTERTAINM] | YouTube  | [Normal]     | 90%    |   52.4ms | how much likes for new airpods...
[GAMING/GAM] | YouTube  | [Normal]     | 97%    |   51.1ms | desk object movement interior....
[GAMING/GAM] | YouTube  | [Normal]     | 97%    |   52.4ms | The railing on the stairs moved!!!...
[ENTERTAINM] | YouTube  | [Normal]     | 98%    |   50.0ms | :hand-pink-waving:...
[SELF-HELP/] | YouTube  | [Normal]     | 90%    |   48.3ms | i m def not gifted...
[MUSIC/CHIL] | YouTube  | [Normal]     | 94%    |   60.4ms | y me quede con más hambre que la que lle...
[ENTERTAINM] | YouTube  | [Normal]     | 93%    |   68.3ms | CRAZY 5MIL WE R A BIG FAN MRBEAST...
[GAMING/SUR] | YouTube  | [Normal]     | 93%    |   55.8ms | GG...
[GAMING/GAM] | YouTube  | [Normal]     | 88%    |   43.9ms | back up movie boy...
[GAMING/GAM] | YouTube  | [Normal]     | 97%    |   61.5ms | marks an ASMR channel now lol...
[GAMING/GAM] | YouTube  | [Normal]     | 94%    |   46.7ms | i wish i was that microphone rn...
[GAMING/SUR] | YouTube  | [Normal]     | 93%    |   66.9ms | W WELYN - I CANT BELIEVE PEANUT AND WELY...
[GAMING/GAM] | YouTube  | [Normal]     | 96%    |   38.9ms | Stack under map missing in Interior...
[SELF-HELP/] | YouTube  | [Normal]     | 92%    |   41.9ms | @notreallyabird wait how?...
[GAMING/SUR] | YouTube  | [Normal]     | 94%    |   48.8ms | power out not branch out...
[GAMING/GAM] | YouTube  | [Normal]     | 92%    |   45.5ms | you were IN OUR EARHOLES!... lol...
[GAMING/GAM] | YouTube  | [Normal]     | 95%    |   30.2ms | Aaaaahh...
[GAMING/GAM] | YouTube  | [Normal]     | 98%    |   37.3ms | Fuse box open interior :red_exclamation_...
[MUSIC/CHIL] | YouTube  | [Normal]     | 97%    |   31.5ms | :face-blue-wide-eyes:...
[MUSIC/CHIL] | YouTube  | [Normal]     | 98%    |   32.6ms | :musical_notes:...
[ENTERTAINM] | YouTube  | [Normal]     | 87%    |   30.9ms | Genshin...
[GAMING/SUR] | YouTube  | [Normal]     | 71%    |   33.1ms | or you can do 30 to a spliter...
[ENTERTAINM] | YouTube  | [Normal]     | 94%    |   40.2ms | GAS PRICES COME DOWN WHEN MRBEAST HITS 5...
[GAMING/GAM] | YouTube  | [Normal]     | 93%    |   34.9ms | Oh god Mark why...
[GAMING/GAM] | YouTube  | [Normal]     | 96%    |   32.3ms | It's louder thanks!...
[GAMING/GAM] | YouTube  | [Normal]     | 97%    |   33.9ms | Extra bottle pier :folded_hands:...
[GAMING/GAM] | YouTube  | [Normal]     | 98%    |   27.3ms | frosted glass again...
[PSYCHOLOGY] | YouTube  | [Normal]     | 95%    |   30.9ms | She have such an aura...
[NEWS/LIVE ] | YouTube  | [Normal]     | 93%    |   29.9ms | :buffering:...
[GAMING/GAM] | YouTube  | [OFFENSIVE]  | 83%    |   35.0ms | you are missing the damn railing  MARK!!...
[GAMING/GAM] | YouTube  | [Normal]     | 97%    |   40.9ms | are there extra objects in the crate in ...
[SELF-HELP/] | YouTube  | [Normal]     | 49%    |   40.5ms | I hope i learn something else from this ...
[ENTERTAINM] | YouTube  | [Normal]     | 97%    |   28.1ms | Congratulations on 500 Million...
[GAMING/SUR] | YouTube  | [Normal]     | 60%    |   34.9ms | I’ve been waiting for you to play rust m...
[GAMING/SUR] | YouTube  | [Normal]     | 94%    |   36.3ms | POWER OUT TO POWER IN ON THE BRANCHES  b...
[GAMING/GAM] | YouTube  | [Normal]     | 96%    |   38.9ms | THE RAILING IN THE STAIRWAY THE RAILING ...
[GAMING/GAM] | YouTube  | [Normal]     | 92%    |   38.2ms | CHECK THE LEFT MOST ROPE...
[ENTERTAINM] | YouTube  | [Normal]     | 94%    |   29.2ms | Hi...
[GAMING/GAM] | YouTube  | [Normal]     | 92%    |   33.2ms | on the table! the eyeballs...
[ENTERTAINM] | YouTube  | [Normal]     | 94%    |   36.1ms | :mouth::mouth::mouth::mouth:...
[EDUCATION/] | YouTube  | [Normal]     | 79%    |   37.2ms | didn't know them islands were part of Al...
[GAMING/GAM] | YouTube  | [Normal]     | 95%    |   62.1ms | :rolling_on_the_floor_laughing::rolling_...
[GAMING/SUR] | YouTube  | [Normal]     | 73%    |   33.1ms | wrong...
[SELF-HELP/] | YouTube  | [Normal]     | 89%    |   32.0ms | niether...
[ENTERTAINM] | YouTube  | [Normal]     | 96%    |   59.9ms | :yt::yt::yt::yt::yt::yt::yt::yt:...
[PSYCHOLOGY] | YouTube  | [OFFENSIVE]  | 57%    |   35.5ms | shitting on our copium...
[GAMING/GAM] | YouTube  | [Normal]     | 89%    |   32.2ms | u jinx it...
[GAMING/GAM] | YouTube  | [Normal]     | 97%    |   34.9ms | Im on Observation Duty movie next?...
[SELF-HELP/] | YouTube  | [Normal]     | 50%    |   34.6ms | because high iq = high depression...
[GAMING/GAM] | YouTube  | [Normal]     | 97%    |   37.3ms | :face-red-heart-shape:...
[ENTERTAINM] | YouTube  | [Normal]     | 90%    |   30.8ms | 🇧...
[GAMING/GAM] | YouTube  | [Normal]     | 97%    |   33.7ms | My first mark stream!!! this is awesome...
[ENTERTAINM] | YouTube  | [Normal]     | 96%    |   27.0ms | New member...
[GAMING/GAM] | YouTube  | [Normal]     | 85%    |   28.3ms | DEAD BODY ON CABIN...
[GAMING/GAM] | YouTube  | [Normal]     | 94%    |   32.1ms | that hurt my chest omg.....
[GAMING/GAM] | YouTube  | [Normal]     | 95%    |   27.2ms | wtf XD...
[GAMING/GAM] | YouTube  | [Normal]     | 92%    |   38.1ms | HOW WAS IT SHOOTING IRON LUNG? HOW WAS T...
[GAMING/GAM] | YouTube  | [Normal]     | 94%    |   38.3ms | There’s stuff missing from the desk in t...
[ENTERTAINM] | YouTube  | [Normal]     | 97%    |   43.8ms | 500m subscribe to complit sir congratula...
[SELF-HELP/] | YouTube  | [Normal]     | 95%    |   37.9ms | by definition...
[GAMING/GAM] | YouTube  | [Normal]     | 91%    |   34.6ms | IT DID TOO...
[SPORTS/FOO] | YouTube  | [Normal]     | 89%    |   31.3ms | ㅋㅋㅋㅋ 그냥 그란투리스모나할까...
[ENTERTAINM] | YouTube  | [Normal]     | 96%    |   44.7ms | What’s it like having the most subscribe...
[GAMING/GAM] | YouTube  | [Normal]     | 96%    |   32.4ms | Mark!!!...
[SELF-HELP/] | YouTube  | [Normal]     | 96%    |   24.2ms | survival?...
[GAMING/GAM] | YouTube  | [Normal]     | 97%    |   30.0ms | MOVEMENT RAILING NEAR PAINT CANS !!!...
[SELF-HELP/] | YouTube  | [Normal]     | 92%    |   27.3ms | everyone is complex...
[SELF-HELP/] | YouTube  | [Normal]     | 95%    |   31.0ms | isn't that just measurement...
[GAMING/GAM] | YouTube  | [Normal]     | 96%    |   29.7ms | it did though......
[ENTERTAINM] | YouTube  | [Normal]     | 96%    |   41.8ms | Big fan from Pakistan . Supporting MrBea...
[SELF-HELP/] | YouTube  | [Normal]     | 96%    |   33.6ms | I SWEAR dude he's answered this before...
[ENTERTAINM] | YouTube  | [Normal]     | 95%    |   29.1ms | please help...
[ENTERTAINM] | YouTube  | [Normal]     | 95%    |   41.6ms | hiiiiiiiiiiiiiiiiiiiiiiiiiiiiiiiiiiiiiii...
[GAMING/SUR] | YouTube  | [Normal]     | 88%    |   37.9ms | @thelegendron why?...
[MUSIC/CHIL] | YouTube  | [Normal]     | 95%    |   61.5ms | raggy wali dikh rahi h mujhee...
[ENTERTAINM] | YouTube  | [Normal]     | 98%    |  118.2ms | :chequered_flag::chequered_flag::chequer...
[GAMING/GAM] | YouTube  | [Normal]     | 97%    |   36.0ms | literally rewound. it DID MOVE...
[GAMING/GAM] | YouTube  | [Normal]     | 97%    |   54.4ms | was that purple towel on the balcony alw...
[SELF-HELP/] | YouTube  | [Normal]     | 95%    |   39.3ms | It makes us disfunctional...
[GAMING/GAM] | YouTube  | [Normal]     | 95%    |   33.8ms | green stairs...
[GAMING/GAM] | YouTube  | [Normal]     | 97%    |   38.1ms | i swear the camera angle looks different...
[GAMING/GAM] | YouTube  | [Normal]     | 94%    |   45.1ms | it switched from towards the front of th...
[ENTERTAINM] | YouTube  | [Normal]     | 96%    |   46.4ms | WHERE IS THE ENERGY JIMMY!!!!...
[GAMING/GAM] | YouTube  | [Normal]     | 95%    |   34.1ms | THE LAMP WAS ON...
[GAMING/GAM] | YouTube  | [Normal]     | 91%    |   37.4ms | Just watched Iron Lung it was great!...
[ENTERTAINM] | YouTube  | [Normal]     | 86%    |   34.6ms | letsgooo 500mill...
[GAMING/GAM] | YouTube  | [Normal]     | 98%    |   43.7ms | :face-blue-smiling::face-blue-smiling:...
[SELF-HELP/] | YouTube  | [Normal]     | 84%    |   33.7ms | agrarianism...
[GAMING/GAM] | YouTube  | [Normal]     | 97%    |   37.5ms | Thank you were so smart and cool...
[ENTERTAINM] | YouTube  | [Normal]     | 98%    |   68.3ms | helloooooooooooooooooooooooo:star_struck...
[GAMING/GAM] | YouTube  | [Normal]     | 96%    |   33.7ms | Yay! x3...
[GAMING/GAM] | YouTube  | [Normal]     | 97%    |   30.3ms | YAYAYAYYAYA...
[GAMING/GAM] | YouTube  | [Normal]     | 96%    |   39.3ms | it makes me so happy to see mark wearing...
[GAMING/GAM] | YouTube  | [Normal]     | 96%    |   32.7ms | extra potato bag...
[PSYCHOLOGY] | YouTube  | [Normal]     | 64%    |   35.0ms | Goonian psychology...
[GAMING/GAM] | YouTube  | [Normal]     | 70%    |   36.6ms | Boo big scary baahh...
[GAMING/GAM] | YouTube  | [Normal]     | 95%    |   42.5ms | ........
[GAMING/GAM] | YouTube  | [Normal]     | 96%    |   39.3ms | F I R E P L A C E !...
[GAMING/SUR] | YouTube  | [Normal]     | 95%    |   36.7ms | is Rust Worth $55...
[ENTERTAINM] | YouTube  | [Normal]     | 98%    |   47.3ms | yeahhh:growing_heart::growing_heart::gro...
[ENTERTAINM] | YouTube  | [Normal]     | 97%    |   35.9ms | LOVE FROM CHARLOTTE  NORTH CAROLINA...
[GAMING/GAM] | YouTube  | [Normal]     | 96%    |   43.5ms | bed in the cabin?...
[GAMING/GAM] | YouTube  | [Normal]     | 95%    |   40.3ms | I saw that...
[ENTERTAINM] | YouTube  | [Normal]     | 96%    |   47.4ms | sir i want to buy a laptop but I can't b...
[ENTERTAINM] | YouTube  | [Normal]     | 93%    |   42.1ms | :grinning_face::grinning_face::grinning_...
[GAMING/GAM] | YouTube  | [Normal]     | 97%    |   36.3ms | the railing entrance moved @markiplier...
[GAMING/GAM] | YouTube  | [Normal]     | 95%    |   33.5ms | BRO I WAS TELLING...
[ENTERTAINM] | YouTube  | [Normal]     | 97%    |   32.6ms | hallo...
[ENTERTAINM] | YouTube  | [Normal]     | 98%    |   77.0ms | :red_heart::red_heart::red_heart::red_he...
[SELF-HELP/] | YouTube  | [Normal]     | 97%    |   34.7ms | It's 11:43 pm here....
[GAMING/GAM] | YouTube  | [Normal]     | 93%    |   38.8ms | Ya;ll the rail didn't move  he checked...
[ENTERTAINM] | YouTube  | [Normal]     | 96%    |   43.3ms | I've been watching you since 2020  I rem...
[GAMING/SUR] | YouTube  | [Normal]     | 95%    |   66.6ms | Viewers in the chat are saying that the ...
[GAMING/GAM] | YouTube  | [Normal]     | 95%    |   40.6ms | watched iron lung last night  loved it  ...
[GAMING/GAM] | YouTube  | [Normal]     | 96%    |   31.5ms | Youtuber...
[ENTERTAINM] | YouTube  | [Normal]     | 97%    |   42.2ms | I want to mobile phone...
[ENTERTAINM] | YouTube  | [Normal]     | 97%    |   41.4ms | Can I have a shoutout..it's my birthday...
[ENTERTAINM] | YouTube  | [Normal]     | 93%    |  138.5ms | :virtualhug::virtualhug::virtualhug::vir...
[ENTERTAINM] | YouTube  | [Normal]     | 85%    |   28.9ms | no no Mr beast...
[ENTERTAINM] | YouTube  | [Normal]     | 95%    |   27.2ms | jupi...
[ENTERTAINM] | YouTube  | [Normal]     | 96%    |   38.9ms | mr beast i am a unc i am 29...
[ENTERTAINM] | YouTube  | [Normal]     | 96%    |   40.6ms | :red_heart::partying_face:...
[ENTERTAINM] | YouTube  | [Normal]     | 96%    |   36.0ms | HAPPY 500 MILLION FOLLOWERS!!!...
[GAMING/GAM] | YouTube  | [Normal]     | 96%    |   29.3ms | this a vibe...
[GAMING/SUR] | YouTube  | [Normal]     | 88%    |   38.5ms | The other ones will cover other angles...
[GAMING/GAM] | YouTube  | [Normal]     | 88%    |   30.1ms | ggy...
[GAMING/GAM] | YouTube  | [Normal]     | 97%    |   35.1ms | stream achievment...
[ENTERTAINM] | YouTube  | [Normal]     | 74%    |   45.7ms | brooooo im fromm pakkbigg fann...
[ENTERTAINM] | YouTube  | [Normal]     | 94%    |   31.6ms | hi...
[ENTERTAINM] | YouTube  | [Normal]     | 94%    |   41.3ms | hi Mr beast...
[ENTERTAINM] | YouTube  | [Normal]     | 88%    |   47.1ms | bleeeehgghhhhhhh...
[ENTERTAINM] | YouTube  | [Normal]     | 98%    |  216.9ms | :hand-pink-waving::hand-pink-waving::han...
[SELF-HELP/] | YouTube  | [HATE]       | 79%    |   42.9ms | Elon musk is not smart...
[GAMING/SUR] | YouTube  | [Normal]     | 93%    |   38.3ms | your building12...
[ENTERTAINM] | YouTube  | [Normal]     | 80%    |   50.3ms | What would u do if u got to a billion su...
[GAMING/GAM] | YouTube  | [Normal]     | 76%    |   50.2ms | what a banger ost bro...
[ENTERTAINM] | YouTube  | [Normal]     | 95%    |   38.6ms | hii...
[GAMING/SUR] | YouTube  | [Normal]     | 92%    |   31.5ms | clean...
[ENTERTAINM] | YouTube  | [Normal]     | 89%    |   43.9ms | BROOOOOOOOOOOOOOOOOOOOO 500000000...
[ENTERTAINM] | YouTube  | [Normal]     | 85%    |   38.1ms | heyyyy mr beasstttttt...
[ENTERTAINM] | YouTube  | [Normal]     | 95%    |   24.7ms | hello...
[MUSIC/CHIL] | YouTube  | [Normal]     | 63%    |   51.8ms | Raggy yup :grinning_face_with_big_eyes:m...
[GAMING/GAM] | YouTube  | [Normal]     | 91%    |   26.4ms | W...
[ENTERTAINM] | YouTube  | [Normal]     | 97%    |  121.5ms | :triangular_flag::triangular_flag::trian...
[GAMING/GAM] | YouTube  | [Normal]     | 93%    |   26.3ms | Gg...
[GAMING/GAM] | YouTube  | [Normal]     | 96%    |   41.9ms | markiplier cotl playthrough when. please...
[MUSIC/CHIL] | YouTube  | [Normal]     | 96%    |   30.8ms | :chess_pawn:...
[ENTERTAINM] | YouTube  | [OFFENSIVE]  | 90%    |   34.0ms | Ilyyyy congratsss!...
[NEWS/LIVE ] | YouTube  | [HATE]       | 58%    |   48.6ms | even pope said ''if you want to come in ...
[ENTERTAINM] | YouTube  | [Normal]     | 95%    |   26.8ms | hellow sir...
[GAMING/GAM] | YouTube  | [Normal]     | 96%    |   37.4ms | Harness?????????????...
[GAMING/GAM] | YouTube  | [Normal]     | 92%    |   29.7ms | YESSSS #1...
[ENTERTAINM] | YouTube  | [Normal]     | 96%    |   32.5ms | @MrBeast SAY HELLO TO KAZAKHSTAN PLEASE...
[PSYCHOLOGY] | YouTube  | [Normal]     | 96%    |   27.4ms | hyper enema?...
[ENTERTAINM] | YouTube  | [Normal]     | 96%    |   49.5ms | :squinting_face_with_tongue::squinting_f...
[GAMING/GAM] | YouTube  | [Normal]     | 59%    |   52.1ms | This is great  but real-world issues mat...
[GAMING/GAM] | YouTube  | [Normal]     | 97%    |   43.7ms | It was an amazing movie!! I'm going to w...
[ENTERTAINM] | YouTube  | [Normal]     | 91%    |   38.9ms | GET ITTTTTTTTTTTTTTT...
[GAMING/GAM] | YouTube  | [Normal]     | 95%    |   43.8ms | Congrats!!!! It was really good!...
[MUSIC/CHIL] | YouTube  | [Normal]     | 95%    |   35.9ms | accha h...
[GAMING/GAM] | YouTube  | [Normal]     | 94%    |   47.3ms | THATS MY DIRECTOR...
[ENTERTAINM] | YouTube  | [Normal]     | 98%    |   50.7ms | :eagle:...
[ENTERTAINM] | YouTube  | [Normal]     | 98%    |  202.3ms | :cat-orange-whistling::cat-orange-whistl...
[LIFESTYLE/] | YouTube  | [Normal]     | 96%    |   41.3ms | :face_with_peeking_eye:...
[GAMING/GAM] | YouTube  | [Normal]     | 93%    |   60.1ms | :buffering::buffering::buffering::buffer...
[GAMING/SUR] | YouTube  | [Normal]     | 73%    |   39.8ms | WRONG...
[ENTERTAINM] | YouTube  | [Normal]     | 95%    |   38.8ms | Yooo...
[GAMING/SUR] | YouTube  | [Normal]     | 82%    |   37.2ms | not good...
[GAMING/GAM] | YouTube  | [OFFENSIVE]  | 50%    |   44.4ms | No fucking way...
[GAMING/GAM] | YouTube  | [Normal]     | 92%    |   40.4ms | Any plans for Germany...
[GAMING/GAM] | YouTube  | [Normal]     | 97%    |   40.6ms | Which platform is it going to be in?...
[GAMING/GAM] | YouTube  | [Normal]     | 97%    |   32.2ms | PERFECTION TAKES TIME...
[GAMING/GAM] | YouTube  | [Normal]     | 97%    |   36.9ms | I've seen some real cool fan art...
[MUSIC/CHIL] | YouTube  | [HATE]       | 63%    |   48.8ms | Raggy and??...
[GAMING/GAM] | YouTube  | [Normal]     | 97%    |   36.2ms | Which streaming services are you plannin...
[GAMING/GAM] | YouTube  | [Normal]     | 52%    |   56.2ms | THAAAAAAAAIIIILANDDDDDDDDDDDDDDDDDDDDDDD...
[GAMING/SUR] | YouTube  | [Normal]     | 92%    |   33.6ms | rogue always eating...
[GAMING/GAM] | YouTube  | [Normal]     | 95%    |   42.7ms | what about eastern europe? ;-; would rea...
[PSYCHOLOGY] | YouTube  | [Normal]     | 96%    |   33.7ms | Thanos was right...
[GAMING/SUR] | YouTube  | [Normal]     | 93%    |   32.8ms | right click...
[ENTERTAINM] | YouTube  | [Normal]     | 96%    |   34.0ms | 1000$...
[GAMING/GAM] | YouTube  | [Normal]     | 95%    |   57.6ms | title!!!...
[GAMING/GAM] | YouTube  | [Normal]     | 96%    |   60.2ms | HEY MARK  if you do the physical format ...
[ENTERTAINM] | YouTube  | [Normal]     | 98%    |   77.7ms | :face-blue-smiling::face-blue-smiling::f...
[GAMING/GAM] | YouTube  | [Normal]     | 97%    |   32.4ms | vhs release?...
[ENTERTAINM] | YouTube  | [Normal]     | 97%    |   36.5ms | Welcome New Member!...
[GAMING/GAM] | YouTube  | [Normal]     | 96%    |   37.7ms | 4K please!!...
[ENTERTAINM] | YouTube  | [Normal]     | 94%    |   33.6ms | come to Egypt...
[ENTERTAINM] | YouTube  | [Normal]     | 96%    |   36.7ms | Sols rng...
[ENTERTAINM] | YouTube  | [Normal]     | 97%    |  172.2ms | :finger-red-number-one::finger-red-numbe...
[SELF-HELP/] | YouTube  | [Normal]     | 94%    |   46.3ms | @notreallyabird NINJA loans was my "wtf"...
[GAMING/GAM] | YouTube  | [Normal]     | 92%    |   51.5ms | I wish I could see it in theaters but no...
[GAMING/GAM] | YouTube  | [Normal]     | 95%    |   35.7ms | olympics too! lol...
[ENTERTAINM] | YouTube  | [Normal]     | 97%    |   49.6ms | Hallo Evin du bist nd cool oke :face_wit...
[ENTERTAINM] | YouTube  | [Normal]     | 91%    |   38.1ms | Do you know who mickal jackson is...
[GAMING/GAM] | YouTube  | [Normal]     | 97%    |   42.4ms | mark where will we able to buy the dvd??...
[GAMING/SUR] | YouTube  | [Normal]     | 96%    |   35.6ms | LMAO...
[ENTERTAINM] | YouTube  | [Normal]     | 96%    |   30.7ms | New member...
[ENTERTAINM] | YouTube  | [Normal]     | 94%    |   24.0ms | IND...
[GAMING/GAM] | YouTube  | [Normal]     | 96%    |   44.5ms | garten of banban movie when ? u promised...
[GAMING/GAM] | YouTube  | [Normal]     | 94%    |   31.2ms | nice one...
[GAMING/GAM] | YouTube  | [Normal]     | 97%    |   49.0ms | :index_pointing_up::index_pointing_up::i...
[PSYCHOLOGY] | YouTube  | [Normal]     | 93%    |   73.0ms | tech will probs just keep getting worse ...
[ENTERTAINM] | YouTube  | [Normal]     | 91%    |   28.6ms | mr beast...
[GAMING/GAM] | YouTube  | [Normal]     | 90%    |   38.9ms | can I watch iron lung without knowing an...
[ENTERTAINM] | YouTube  | [Normal]     | 96%    |   48.8ms | :saluting_face:...
[ENTERTAINM] | YouTube  | [Normal]     | 96%    |   78.6ms | "500 MILLION SUBSCRIBERS! :exploding_hea...
[ENTERTAINM] | YouTube  | [Normal]     | 95%    |   37.0ms | member...
[ENTERTAINM] | YouTube  | [Normal]     | 97%    |   30.7ms | Welcome New Member!...
[PSYCHOLOGY] | YouTube  | [Normal]     | 94%    |   33.7ms | Was gonna be Goku for awhile...
[MUSIC/CHIL] | YouTube  | [Normal]     | 81%    |   40.1ms | what's on your mind:cigarette::thinking_...
[GAMING/GAM] | YouTube  | [Normal]     | 93%    |   32.1ms | iron lung merch?...
[GAMING/GAM] | YouTube  | [Normal]     | 96%    |   50.8ms | I know I'm gonna be missing the Big Game...
[GAMING/GAM] | YouTube  | [Normal]     | 97%    |   35.5ms | Love you mark I love yoooouuuu...
[GAMING/GAM] | YouTube  | [Normal]     | 93%    |   32.0ms | this is more OG  let's go...
[PSYCHOLOGY] | YouTube  | [Normal]     | 85%    |   36.5ms | Because real world doesn’t vibe as well ...
[GAMING/GAM] | YouTube  | [Normal]     | 95%    |   30.0ms | hellooo...
[GAMING/GAM] | YouTube  | [Normal]     | 97%    |   39.7ms | there's snakes on the plane!!...
[GAMING/GAM] | YouTube  | [Normal]     | 97%    |   34.2ms | Markiplier...
[GAMING/GAM] | YouTube  | [Normal]     | 92%    |   52.8ms | my favorite part in the movie was when M...
[GAMING/SUR] | YouTube  | [Normal]     | 89%    |   40.3ms | WELYNS KNOW WE APPREACIATE YOU...
[GAMING/GAM] | YouTube  | [Normal]     | 80%    |   34.3ms | thats funny...
[GAMING/SUR] | YouTube  | [Normal]     | 92%    |   35.7ms | a smart peanut...
[ENTERTAINM] | YouTube  | [Normal]     | 94%    |   39.7ms | :cold_face:...
[SELF-HELP/] | YouTube  | [Normal]     | 96%    |   37.6ms | or cooked...
[GAMING/GAM] | YouTube  | [Normal]     | 94%    |   46.7ms | Personal question mark do you think you’...
[GAMING/GAM] | YouTube  | [Normal]     | 88%    |   47.3ms | a big jumpscare anomaly in this are woul...
[GAMING/GAM] | YouTube  | [Normal]     | 96%    |   35.1ms | remember to look at the windows and refl...
[GAMING/GAM] | YouTube  | [Normal]     | 85%    |   36.3ms | broken railing...
[GAMING/GAM] | YouTube  | [Normal]     | 96%    |   49.3ms | It's funny  I came from watching 2019 Ma...
[GAMING/GAM] | YouTube  | [Normal]     | 92%    |   29.4ms | yeah...
[GAMING/GAM] | YouTube  | [Normal]     | 93%    |   34.1ms | market plier...
[GAMING/SUR] | YouTube  | [Normal]     | 95%    |   47.8ms | it was the squirrel's land first...
[GAMING/GAM] | YouTube  | [Normal]     | 97%    |   45.9ms | The cockpit's gonna be tough with all th...
[ENTERTAINM] | YouTube  | [Normal]     | 91%    |   31.3ms | Mr beast...
[GAMING/SUR] | YouTube  | [Normal]     | 93%    |   30.5ms | wsp...
[MUSIC/CHIL] | YouTube  | [Normal]     | 96%    |   57.6ms | Idiot :face_with_tears_of_joy::face_with...
[NEWS/LIVE ] | YouTube  | [Normal]     | 97%    |   32.7ms | sponges?:cat-orange-whistling:...
[ENTERTAINM] | YouTube  | [HATE]       | 56%    |   62.7ms | CONGRATSSSSSSS. IM SO PROUD OF U. YOU HA...
[ENTERTAINM] | YouTube  | [Normal]     | 96%    |   41.0ms | салам из Апатиты...
[MUSIC/CHIL] | YouTube  | [Normal]     | 98%    |   37.3ms | hello:hand-pink-waving:...
[GAMING/GAM] | YouTube  | [Normal]     | 95%    |   39.7ms | first anomaly usually shows up at 15 aft...
[GAMING/GAM] | YouTube  | [Normal]     | 97%    |   34.5ms | RED LIGHT TOP LEFT...
[SELF-HELP/] | YouTube  | [Normal]     | 96%    |   74.2ms | im not high iq but when i went to a prof...
[MUSIC/CHIL] | YouTube  | [Normal]     | 96%    |   41.4ms | achha...
[GAMING/GAM] | YouTube  | [Normal]     | 91%    |   48.3ms | TOP LEFT...
[GAMING/GAM] | YouTube  | [Normal]     | 97%    |   52.4ms | MARK ECONOMY CLASS IN THE OVERHEAD BIN!!...
[NEWS/LIVE ] | YouTube  | [Normal]     | 90%    |   72.3ms | Bone Spurs is not a good basketball name...
[GAMING/SUR] | YouTube  | [Normal]     | 95%    |   57.7ms | PEANUT...
[ENTERTAINM] | YouTube  | [Normal]     | 94%    |   75.8ms | 비스트햄!!!...
[GAMING/GAM] | YouTube  | [Normal]     | 97%    |   61.2ms | EXTRA PLANE PAINTING IN THE CLASS ON THE...
[GAMING/GAM] | YouTube  | [Normal]     | 91%    |   49.4ms | normal rn...
[GAMING/GAM] | YouTube  | [Normal]     | 95%    |   39.1ms | Hellooo...
[GAMING/GAM] | YouTube  | [Normal]     | 95%    |   52.8ms | Possible extra bottle by the sink in bat...
[ENTERTAINM] | YouTube  | [Normal]     | 95%    |   42.0ms | yooo hi...
[GAMING/GAM] | YouTube  | [Normal]     | 95%    |   50.5ms | the banana flip!...
[GAMING/GAM] | YouTube  | [Normal]     | 95%    |   40.0ms | CANERA...
[GAMING/GAM] | YouTube  | [Normal]     | 89%    |   54.5ms | why is there a camrea in the bathroom?!...
[MUSIC/CHIL] | YouTube  | [Normal]     | 96%    |   46.1ms | achha...
[ENTERTAINM] | YouTube  | [Normal]     | 96%    |   42.1ms | New member...
[SPORTS/FOO] | YouTube  | [Normal]     | 98%    |   48.1ms | :hand-pink-waving::hand-pink-waving:...
[GAMING/GAM] | YouTube  | [OFFENSIVE]  | 79%    |   64.3ms | I know you don't like these but thank yo...
[GAMING/GAM] | YouTube  | [Normal]     | 69%    |   27.5ms | unlucky...
[GAMING/GAM] | YouTube  | [Normal]     | 80%    |   36.2ms | NO DON’T...
[GAMING/SUR] | YouTube  | [Normal]     | 92%    |   36.2ms | lol hes good at that...
[ENTERTAINM] | YouTube  | [Normal]     | 96%    |   36.1ms | can i have $100...
[ENTERTAINM] | YouTube  | [Normal]     | 92%    |   34.7ms | yooooooooo...
[ENTERTAINM] | YouTube  | [Normal]     | 95%    |   33.0ms | Hiiii...
[GAMING/GAM] | YouTube  | [Normal]     | 96%    |   37.7ms | missing life vest??...
[GAMING/GAM] | YouTube  | [Normal]     | 67%    |   27.2ms | no head...
[GAMING/GAM] | YouTube  | [Normal]     | 97%    |   34.8ms | Shoes business class?...
[SELF-HELP/] | YouTube  | [Normal]     | 85%    |   33.0ms | @exozl no correlation...
[GAMING/GAM] | YouTube  | [Normal]     | 94%    |   30.5ms | exit lights maybe...
[GAMING/GAM] | YouTube  | [Normal]     | 94%    |   38.4ms | I'm so bad at these games...
[GAMING/GAM] | YouTube  | [Normal]     | 95%    |   38.0ms | was there a mirror in the toilet?...
[ENTERTAINM] | YouTube  | [Normal]     | 94%    |   39.1ms | арбуз...
[ENTERTAINM] | YouTube  | [Normal]     | 94%    |   42.8ms | Hi...
[SELF-HELP/] | YouTube  | [Normal]     | 95%    |   39.8ms | Oh god  didn't realize that is what's ha...
[GAMING/GAM] | YouTube  | [Normal]     | 93%    |   50.3ms | what has been your favorite horror game?...
[GAMING/GAM] | YouTube  | [Normal]     | 91%    |   92.2ms | There’s a moon in the toilet...
[GAMING/GAM] | YouTube  | [Normal]     | 93%    |  100.6ms | POOP IN TOILET...
[PSYCHOLOGY] | YouTube  | [Normal]     | 56%    |   54.6ms | they tell you everything...
[ENTERTAINM] | YouTube  | [Normal]     | 96%    |   76.8ms | New member...
[MUSIC/CHIL] | YouTube  | [Normal]     | 97%    |  113.7ms | These fakes love me :face_with_tears_of_...
[GAMING/GAM] | YouTube  | [Normal]     | 81%    |   32.1ms | In the toilet...
[GAMING/GAM] | YouTube  | [Normal]     | 89%    |   34.1ms | not the spleen...
[ENTERTAINM] | YouTube  | [Normal]     | 96%    |   33.2ms | New member...
[GAMING/GAM] | YouTube  | [Normal]     | 95%    |   36.6ms | EWWW...
[ENTERTAINM] | YouTube  | [Normal]     | 97%    |   95.2ms | It's been such a short time  I remember ...
[NEWS/LIVE ] | YouTube  | [Normal]     | 90%    |   39.7ms | BLACK FATIGUE EVEN HIS PARENTS...
[GAMING/GAM] | YouTube  | [Normal]     | 94%    |   33.3ms | banned by DNA FOR LIFE...
[ENTERTAINM] | YouTube  | [Normal]     | 96%    |   29.4ms | HIIIIIII...
[ENTERTAINM] | YouTube  | [Normal]     | 96%    |   44.5ms | Jimmyyyyyy i love you...
[ENTERTAINM] | YouTube  | [Normal]     | 97%    |   35.8ms | I subscribe to all channels great work...
[ENTERTAINM] | YouTube  | [Normal]     | 96%    |   52.9ms | 500 mil :partying_face::partying_face::p...
[GAMING/GAM] | YouTube  | [Normal]     | 93%    |   28.3ms | E...
[ENTERTAINM] | YouTube  | [Normal]     | 89%    |   36.7ms | Yoooo...
[GAMING/GAM] | YouTube  | [Normal]     | 93%    |   40.4ms | hey bud...
[ENTERTAINM] | YouTube  | [Normal]     | 93%    |   37.4ms | SON...
[ENTERTAINM] | YouTube  | [Normal]     | 92%    |   52.5ms | help me...
[PSYCHOLOGY] | YouTube  | [Normal]     | 95%    |   44.7ms | true crime investigation belgium...
[ENTERTAINM] | YouTube  | [Normal]     | 97%    |   31.6ms | tomorrow is my birthday :red_heart:...
[GAMING/GAM] | YouTube  | [Normal]     | 82%    |   37.9ms | what next  banning their lungs????...
[GAMING/GAM] | YouTube  | [Normal]     | 96%    |   55.4ms | PURSE IN BUSINESS IS DIFFERENT COLOR...
[ENTERTAINM] | YouTube  | [Normal]     | 97%    |   59.4ms | happy 500 million subscribers:elbowcough...
[ENTERTAINM] | YouTube  | [Normal]     | 93%    |   30.8ms | hhhh...
[ENTERTAINM] | YouTube  | [Normal]     | 97%    |   35.6ms | Greetings from Mongolia...
[GAMING/GAM] | YouTube  | [Normal]     | 97%    |  157.0ms | MARK  THERE'S A MAN IN THE TOP LEFT!! HE...
[GAMING/GAM] | YouTube  | [Normal]     | 96%    |   56.8ms | B CLASS EXTRA COMPARTMENT...
[ENTERTAINM] | YouTube  | [Normal]     | 94%    |   52.9ms | Congratulations !!!!!!!!!!...
[ENTERTAINM] | YouTube  | [Normal]     | 98%    |  103.4ms | :sports_medal::sports_medal::sports_meda...
[NEWS/LIVE ] | YouTube  | [Normal]     | 97%    |   62.6ms | :people_hugging:...
[ENTERTAINM] | YouTube  | [Normal]     | 98%    |  162.9ms | :red_heart::red_heart::red_heart::red_he...
[ENTERTAINM] | YouTube  | [Normal]     | 94%    |  170.1ms | hey beast how can I become a member...
[GAMING/SUR] | YouTube  | [Normal]     | 97%    |   43.0ms | Eat a FOODS...
[GAMING/GAM] | YouTube  | [Normal]     | 96%    |   34.6ms | wait extra donuts???...
[GAMING/GAM] | YouTube  | [Normal]     | 98%    |   71.9ms | Mark  I'm am such a big fan of your chan...
[PSYCHOLOGY] | YouTube  | [Normal]     | 87%    |   77.7ms | how do i embrace my feelings when my dar...
[ENTERTAINM] | YouTube  | [Normal]     | 91%    |   47.7ms | Peanut is insane when he streams  that g...
[GAMING/SUR] | YouTube  | [Normal]     | 93%    |   33.1ms | Front drop off box...
[MUSIC/CHIL] | YouTube  | [Normal]     | 97%    |   70.3ms | ha wo baat krega kis se or nazar rhega k...
[ENTERTAINM] | YouTube  | [Normal]     | 96%    |   33.7ms | kto z Polski...
[GAMING/GAM] | YouTube  | [Normal]     | 96%    |   43.5ms | Cup on business chair...
[ENTERTAINM] | YouTube  | [Normal]     | 95%    |   33.0ms | said hi...
[ENTERTAINM] | YouTube  | [Normal]     | 91%    |   41.2ms | @MrBeast how’s your day?...
[ENTERTAINM] | YouTube  | [Normal]     | 97%    |   62.9ms | I love you so much Mr Beast  I am From M...
[GAMING/GAM] | YouTube  | [Normal]     | 97%    |   37.5ms | PILOT CABIN SEATS...
[GAMING/GAM] | YouTube  | [Normal]     | 96%    |   33.7ms | Window ice?...
[ENTERTAINM] | YouTube  | [Normal]     | 96%    |   42.0ms | na he is getting a billion in the upcomi...
[ENTERTAINM] | YouTube  | [Normal]     | 97%    |   44.0ms | Jimmy  we need another beast games :hand...
[ENTERTAINM] | YouTube  | [Normal]     | 96%    |   65.2ms | @MrBeast Jimmy  my iPhone 8 is broken  b...
[GAMING/GAM] | YouTube  | [Normal]     | 86%    |   35.1ms | banana...
[GAMING/GAM] | YouTube  | [Normal]     | 97%    |   40.6ms | Lights on floor...
[MUSIC/CHIL] | YouTube  | [Normal]     | 97%    |   39.2ms | :face_exhaling::green_heart:...
[PSYCHOLOGY] | YouTube  | [Normal]     | 88%    |   32.3ms | sensitive...
[ENTERTAINM] | YouTube  | [Normal]     | 96%    |   34.8ms | New member...
[PSYCHOLOGY] | YouTube  | [Normal]     | 91%    |   45.1ms | Yeah it is relatable too xD...
[ENTERTAINM] | YouTube  | [Normal]     | 96%    |   34.4ms | What is your best video yet?...
[SELF-HELP/] | YouTube  | [Normal]     | 96%    |   60.5ms | How do u know if a problem u r thinking ...
[ENTERTAINM] | YouTube  | [Normal]     | 97%    |   50.3ms | :text-green-game-over::text-green-game-o...
[ENTERTAINM] | YouTube  | [Normal]     | 97%    |   27.0ms | love from Pakistan...
[ENTERTAINM] | YouTube  | [Normal]     | 90%    |   30.6ms | yoooooo...
[ENTERTAINM] | YouTube  | [Normal]     | 96%    |   38.9ms | I love you Jimmy from Thailand...
[GAMING/SUR] | YouTube  | [Normal]     | 95%    |   40.7ms | There’s one in your inventory...
[GAMING/SUR] | YouTube  | [Normal]     | 73%    |   34.7ms | hutch scrap them...
[SELF-HELP/] | YouTube  | [Normal]     | 97%    |   42.1ms | prioritizing helped me personally and fo...
[GAMING/GAM] | YouTube  | [Normal]     | 97%    |   42.8ms | bann the anomaly!! :magic_wand:...
[GAMING/GAM] | YouTube  | [Normal]     | 94%    |   38.0ms | How many Anas just got banned?...
[GAMING/GAM] | YouTube  | [Normal]     | 94%    |   32.5ms | Hi...
[GAMING/GAM] | YouTube  | [Normal]     | 98%    |   29.5ms | green light...
[PSYCHOLOGY] | YouTube  | [Normal]     | 63%    |   40.7ms | yes  and Belgium should make him the new...
[ENTERTAINM] | YouTube  | [Normal]     | 94%    |   46.8ms | Hey jimmy can you send me a 2000$ so i c...
[GAMING/SUR] | YouTube  | [Normal]     | 95%    |   33.8ms | HOLY COMPS...
[ENTERTAINM] | YouTube  | [Normal]     | 93%    |   38.3ms | here since the pewdiepiew vs tseries era...
[GAMING/GAM] | YouTube  | [Normal]     | 92%    |   41.8ms | Man in window at the gate...
[ENTERTAINM] | YouTube  | [Normal]     | 98%    |   40.8ms | :warning:Jake the Viking:warning:...
[GAMING/GAM] | YouTube  | [Normal]     | 87%    |   30.8ms | Banned...
[ENTERTAINM] | YouTube  | [Normal]     | 96%    |   32.1ms | 500million...
[GAMING/GAM] | YouTube  | [Normal]     | 92%    |   52.6ms | just got home from work glad to spend my...
[GAMING/GAM] | YouTube  | [Normal]     | 97%    |   43.5ms | MARK THE BANANAS OVER-RIPE...
[GAMING/GAM] | YouTube  | [Normal]     | 87%    |   42.5ms | banned...
[GAMING/GAM] | YouTube  | [Normal]     | 91%    |   51.6ms | was there always shoes beneath the seat ...
[GAMING/SUR] | YouTube  | [Normal]     | 69%    |   53.1ms | you can authorise them...
[GAMING/GAM] | YouTube  | [Normal]     | 82%    |   50.9ms | can't tell if im seeing things or if my ...
[GAMING/GAM] | YouTube  | [Normal]     | 91%    |   39.5ms | Noooo...
[ENTERTAINM] | YouTube  | [Normal]     | 97%    |   44.2ms | I was here!...
[GAMING/GAM] | YouTube  | [Normal]     | 96%    |   44.7ms | entrance: distorted camera maybe?...
[GAMING/GAM] | YouTube  | [Normal]     | 97%    |   46.0ms | was the floor light always green...
[GAMING/GAM] | YouTube  | [Normal]     | 93%    |   49.9ms | exit sign buisness...
[SELF-HELP/] | YouTube  | [Normal]     | 93%    |   47.7ms | @loban_88 yes...
[ENTERTAINM] | YouTube  | [Normal]     | 94%    |   82.3ms | Hlooooooooooooooooooooooooooooooooo........
[PSYCHOLOGY] | YouTube  | [Normal]     | 96%    |   43.5ms | Ezio blade that's not just men tbh...
[GAMING/GAM] | YouTube  | [Normal]     | 96%    |   52.1ms | #1 :finger-red-number-one:...
[ENTERTAINM] | YouTube  | [Normal]     | 87%    |   58.2ms | @MrBeast could you do an awsome video li...
[ENTERTAINM] | YouTube  | [Normal]     | 94%    |   39.7ms | love you from Bangladesh :white_heart::s...
[GAMING/GAM] | YouTube  | [Normal]     | 80%    |   31.3ms | “We got caseoh at home”...
[GAMING/ESP] | YouTube  | [Normal]     | 98%    |   40.0ms | :trophy-yellow-smiling::trophy-yellow-sm...
[GAMING/GAM] | YouTube  | [Normal]     | 97%    |   35.1ms | Was there a suitcase in the entryway? Th...
[SELF-HELP/] | YouTube  | [OFFENSIVE]  | 45%    |   38.8ms | So what happens  you morph into final fo...
[GAMING/SUR] | YouTube  | [Normal]     | 76%    |   33.2ms | never beating those fat allegations...
[GAMING/GAM] | YouTube  | [Normal]     | 86%    |   33.6ms | toilet changed...
[ENTERTAINM] | YouTube  | [Normal]     | 94%    |   37.7ms | W channel...
[PSYCHOLOGY] | YouTube  | [Normal]     | 96%    |   72.4ms | I practice by walking in the rain to get...
[GAMING/SUR] | YouTube  | [Normal]     | 51%    |   32.3ms | i think they ment thank you...
[GAMING/GAM] | YouTube  | [Normal]     | 95%    |   28.8ms | WHAT?...
[GAMING/GAM] | YouTube  | [Normal]     | 97%    |   32.9ms | THE AIRPORT CHARTS...
[GAMING/GAM] | YouTube  | [Normal]     | 96%    |   36.1ms | We can see the light!!!...
[ENTERTAINM] | YouTube  | [Normal]     | 85%    |   42.7ms | if you be 500million subscriber how do y...
[GAMING/GAM] | YouTube  | [Normal]     | 94%    |   37.5ms | The case on the hall thing...
[GAMING/GAM] | YouTube  | [Normal]     | 98%    |   48.7ms | ive said the calendar like three times...
[PSYCHOLOGY] | YouTube  | [Normal]     | 90%    |   39.5ms | hahaha  well im kinda vibing too myself...
[GAMING/TOU] | Twitch   | [Normal]     | 92%    |   52.3ms | Ricbor è l'amico che fa finta di essere ...
[GAMING/TOU] | Twitch   | [Normal]     | 95%    |   54.1ms | da 5 punti in 4 a 225 in 8 CRAZY...
[GAMING/TOU] | Twitch   | [Normal]     | 94%    |   60.2ms | @TroppoFlame16 è un problema che ha ahah...
[GAMING/TOU] | Twitch   | [Normal]     | 98%    |   34.8ms | 10k bits so tipo 100 euro...
[GAMING/TOU] | Twitch   | [Normal]     | 97%    |   37.7ms | @stasenzpensier1 bye bye...
[GAMING/TOU] | Twitch   | [Normal]     | 95%    |   29.3ms | pred in...
[VALORANT/G] | Twitch   | [Normal]     | 97%    |   52.3ms | VALORANT Masters London | Playoffs | BO3...
[VALORANT/G] | Twitch   | [Normal]     | 94%    |   26.7ms | !games...
[VALORANT/G] | Twitch   | [Normal]     | 96%    |   27.3ms | 50/50...
[VALORANT/G] | Twitch   | [Normal]     | 96%    |   29.4ms | jame time...
[VALORANT/G] | Twitch   | [Normal]     | 96%    |   33.3ms | Jame time...
[VALORANT/G] | Twitch   | [Normal]     | 96%    |   32.7ms | jame time...
[GAMING/DAR] | Twitch   | [Normal]     | 97%    |   92.0ms | dreamcast1992  You drag the traps out of...
[GAMING/DAR] | Twitch   | [Normal]     | 92%    |   46.3ms | Wait that's the wrong one...
[RELATIONSH] | Twitch   | [Normal]     | 94%    |   58.1ms | wake always goes all out in the skits. h...
[VALORANT/G] | Twitch   | [Normal]     | 95%    |   42.1ms | it’s just map 1...
[RELATIONSH] | Twitch   | [Normal]     | 80%    |   40.6ms | "objection the questions way too good" -...
[RELATIONSH] | Twitch   | [Normal]     | 96%    |   39.7ms | COPIUM...
[VALORANT/G] | Twitch   | [Normal]     | 96%    |   43.1ms | LOL...
[RELATIONSH] | Twitch   | [Normal]     | 94%    |   31.6ms | om...
[RELATIONSH] | Twitch   | [Normal]     | 92%    |   46.4ms | CAN WE GET A CINNA COLLAB...
[RELATIONSH] | Twitch   | [Normal]     | 93%    |   36.5ms | YEP...
[RELATIONSH] | Twitch   | [Normal]     | 92%    |   37.6ms | brother  we can see it...
[RELATIONSH] | Twitch   | [Normal]     | 96%    |   43.2ms | 35% off subs TREASURE TRAIN orophiALERT...
[VALORANT/G] | Twitch   | [OFFENSIVE]  | 79%    |   42.5ms | ez as fuck emea washed region right?...
[VALORANT/G] | Twitch   | [Normal]     | 95%    |   34.0ms | YUTEGOAT...
[RELATIONSH] | Twitch   | [Normal]     | 93%    |   31.5ms | OOOO...
[RELATIONSH] | Twitch   | [Normal]     | 96%    |   29.8ms | Cheers...
[RELATIONSH] | Twitch   | [Normal]     | 97%    |   31.1ms | gtr wrap?...
[VALORANT/G] | Twitch   | [Normal]     | 93%    |   50.0ms | EDG 加油！...
[RELATIONSH] | Twitch   | [Normal]     | 97%    |   51.4ms | ANY GIFTAS? TriHard FBCatch 🎁 IT'S 35% O...
[RELATIONSH] | Twitch   | [Normal]     | 96%    |   51.2ms | 35% off subs TREASURE TRAIN orophiALERT...
[RELATIONSH] | Twitch   | [Normal]     | 97%    |   30.7ms | ciurt cae...
[GAMING/DAR] | Twitch   | [Normal]     | 92%    |   25.5ms | Yeah...
[RELATIONSH] | Twitch   | [Normal]     | 92%    |   27.9ms | Amy gifters...
[RELATIONSH] | Twitch   | [Normal]     | 93%    |   27.1ms | OOOO...
[RELATIONSH] | Twitch   | [Normal]     | 93%    |   30.6ms | Jammies...
[RELATIONSH] | Twitch   | [Normal]     | 92%    |   30.7ms | WW...
[VALORANT/G] | Twitch   | [Normal]     | 94%    |   45.3ms | @mimi_gma nuh uh cwdevaActually...
[RELATIONSH] | Twitch   | [Normal]     | 82%    |   35.5ms | What a phisyq...
[RELATIONSH] | Twitch   | [Normal]     | 92%    |   31.7ms | jebiatedD...
[VALORANT/G] | Twitch   | [Normal]     | 94%    |   57.8ms | @rajasawit same guy broke the bo5 kill r...
[RELATIONSH] | Twitch   | [Normal]     | 92%    |   47.7ms | WW...
[RELATIONSH] | Twitch   | [Normal]     | 93%    |   47.2ms | hey nick @nmplol...
[RELATIONSH] | Twitch   | [Normal]     | 93%    |   29.1ms | OOOO...
[RELATIONSH] | Twitch   | [Normal]     | 64%    |   34.3ms | yes Sadge...
[RELATIONSH] | Twitch   | [Normal]     | 97%    |   40.7ms | any roadtrip stream soon? @Nmplol...
[RELATIONSH] | Twitch   | [Normal]     | 86%    |   33.7ms | yo...
[RELATIONSH] | Twitch   | [Normal]     | 96%    |   35.9ms | DANCE DANCE DANCE...
[RELATIONSH] | Twitch   | [Normal]     | 72%    |   34.5ms | He's gonna blow a gasket...
[RELATIONSH] | Twitch   | [Normal]     | 96%    |   30.5ms | we need a new dance...
[RELATIONSH] | Twitch   | [Normal]     | 96%    |   38.0ms | exemSturdy exemFloss exemSturdy...
[GAMING/DAR] | Twitch   | [Normal]     | 92%    |   27.2ms | Well yeah...
[RELATIONSH] | Twitch   | [Normal]     | 95%    |   36.9ms | TriHard FBCatch...
[RELATIONSH] | Twitch   | [Normal]     | 98%    |  114.0ms | TriHard FBCatch HolidayPresent ANY GIFTA...
[RELATIONSH] | Twitch   | [Normal]     | 98%    |  111.4ms | TriHard FBCatch HolidayPresent ANY GIFTA...
[RELATIONSH] | Twitch   | [Normal]     | 95%    |   38.5ms | Any gifters <3 HolidayPresent...
[RELATIONSH] | Twitch   | [Normal]     | 93%    |   29.7ms | mhm...
[RELATIONSH] | Twitch   | [Normal]     | 93%    |   29.8ms | 50 reasons ͏...
[RELATIONSH] | Twitch   | [Normal]     | 97%    |   36.5ms | s/o HENRY LOL LOL...
[RELATIONSH] | Twitch   | [Normal]     | 94%    |   35.3ms | OOF...
[RELATIONSH] | Twitch   | [Normal]     | 96%    |   34.3ms | LUL...
[RELATIONSH] | Twitch   | [Normal]     | 89%    |   45.0ms | nmpRiding nmpRiding nmpRiding...
[ENTERTAINM] | Twitch   | [Normal]     | 87%    |   35.6ms | NotLikeThis...
[RELATIONSH] | Twitch   | [Normal]     | 94%    |   36.0ms | om...
[RELATIONSH] | Twitch   | [Normal]     | 96%    |   36.6ms | Arther is cooked...
[RELATIONSH] | Twitch   | [Normal]     | 91%    |   31.6ms | CAUGHT...
[RELATIONSH] | Twitch   | [Normal]     | 94%    |   33.6ms | o7...
[ENTERTAINM] | Twitch   | [Normal]     | 95%    |   45.9ms | It's more a quizz than a riddle  so diff...
[RELATIONSH] | Twitch   | [Normal]     | 96%    |   33.6ms | monkaLaugh...
[RELATIONSH] | Twitch   | [Normal]     | 94%    |   34.8ms | o7...
[RELATIONSH] | Twitch   | [Normal]     | 95%    |   34.3ms | ICANT...
[RELATIONSH] | Twitch   | [Normal]     | 96%    |   41.8ms | davay in deutsch...
[RELATIONSH] | Twitch   | [Normal]     | 95%    |   42.4ms | its not saved LOL...
[RELATIONSH] | Twitch   | [Normal]     | 88%    |   33.9ms | keep digging...
[RELATIONSH] | Twitch   | [Normal]     | 95%    |   33.4ms | ??...
[RELATIONSH] | Twitch   | [Normal]     | 94%    |   35.4ms | om...
[RELATIONSH] | Twitch   | [Normal]     | 96%    |   41.2ms | OMEGALUL...
[ENTERTAINM] | Twitch   | [Normal]     | 96%    |   32.1ms | LUL...
[RELATIONSH] | Twitch   | [Normal]     | 97%    |   33.7ms | eyebrows LMAO...
[RELATIONSH] | Twitch   | [Normal]     | 89%    |   26.9ms | Sure confused...
[ENTERTAINM] | Twitch   | [Normal]     | 93%    |   28.7ms | CoolStoryBob...
[RELATIONSH] | Twitch   | [Normal]     | 97%    |   26.6ms | MONKA...
[ENTERTAINM] | Twitch   | [Normal]     | 54%    |   36.9ms | Tell her to speak in portuguese...
[RELATIONSH] | Twitch   | [Normal]     | 95%    |   34.6ms | AHAHAHA...
[RELATIONSH] | Twitch   | [Normal]     | 94%    |   32.7ms | o7...
[RELATIONSH] | Twitch   | [Normal]     | 96%    |   35.7ms | she used the voice gg...
[RELATIONSH] | Twitch   | [Normal]     | 93%    |   35.0ms | this is intense than the court...
[RELATIONSH] | Twitch   | [Normal]     | 94%    |   35.2ms | o7...
[ENTERTAINM] | Twitch   | [Normal]     | 89%    |   40.0ms | run...
[ENTERTAINM] | Twitch   | [Normal]     | 94%    |   34.7ms | Kappa...
[RELATIONSH] | Twitch   | [Normal]     | 94%    |   35.7ms | o7...
[RELATIONSH] | Twitch   | [Normal]     | 94%    |   34.9ms | o7...
[RELATIONSH] | Twitch   | [Normal]     | 86%    |   38.4ms | so awkward...
[RELATIONSH] | Twitch   | [Normal]     | 97%    |   39.2ms | MONKA...
[RELATIONSH] | Twitch   | [Normal]     | 79%    |   40.9ms | anal...
[RELATIONSH] | Twitch   | [Normal]     | 83%    |   38.9ms | Poor arthur...
[RELATIONSH] | Twitch   | [Normal]     | 95%    |   42.5ms | Yeah o7...
[RELATIONSH] | Twitch   | [Normal]     | 88%    |   37.4ms | !hide...
[RELATIONSH] | Twitch   | [Normal]     | 94%    |   37.2ms | o7...
[RELATIONSH] | Twitch   | [Normal]     | 94%    |   38.1ms | o7...
[ENTERTAINM] | Twitch   | [Normal]     | 83%    |   61.6ms | nobody knows what she is saying :(...
[RELATIONSH] | Twitch   | [Normal]     | 92%    |   51.5ms | HUH...
[RELATIONSH] | Twitch   | [Normal]     | 92%    |   46.9ms | HUH...
[RELATIONSH] | Twitch   | [Normal]     | 94%    |   54.7ms | MIGHT WANNA SAVE THIS...
[ENTERTAINM] | Twitch   | [Normal]     | 93%    |   38.1ms | YES...
[RELATIONSH] | Twitch   | [Normal]     | 92%    |   34.2ms | HUH...
[ENTERTAINM] | Twitch   | [Normal]     | 84%    |   43.5ms | let'd goo...
[RELATIONSH] | Twitch   | [Normal]     | 95%    |   47.8ms | nmpStop...
[RELATIONSH] | Twitch   | [Normal]     | 95%    |   38.8ms | Welcome back to the nice guys yamamoto18...
[RELATIONSH] | Twitch   | [Normal]     | 95%    |   24.7ms | DRAMA...
[RELATIONSH] | Twitch   | [Normal]     | 96%    |   29.7ms | ABORT MISSION...
[ENTERTAINM] | Twitch   | [Normal]     | 97%    |   27.3ms | soon? tonight?...
[RELATIONSH] | Twitch   | [Normal]     | 95%    |   75.5ms | monkaLaugh uh oh monkaLaugh uh oh monkaL...
[RELATIONSH] | Twitch   | [Normal]     | 94%    |   31.2ms | hesRight...
[RELATIONSH] | Twitch   | [Normal]     | 94%    |   25.9ms | o7...
[RELATIONSH] | Twitch   | [Normal]     | 94%    |   68.0ms | Nicks face LMAOOOOOOOOOO...
[RELATIONSH] | Twitch   | [Normal]     | 88%    |   34.9ms | peepoBlush girll...
[RELATIONSH] | Twitch   | [Normal]     | 95%    |   27.7ms | careful arther...
[RELATIONSH] | Twitch   | [Normal]     | 94%    |   26.1ms | o7...
[RELATIONSH] | Twitch   | [Normal]     | 70%    |   28.6ms | let her cook...
[RELATIONSH] | Twitch   | [Normal]     | 86%    |   34.9ms | maybe we need to stop this...
[RELATIONSH] | Twitch   | [Normal]     | 94%    |   28.7ms | o7...
[RELATIONSH] | Twitch   | [Normal]     | 93%    |   25.2ms | gg...
[RELATIONSH] | Twitch   | [Normal]     | 96%    |   36.4ms | exemClap exemClap exemClap...
[RELATIONSH] | Twitch   | [Normal]     | 94%    |   30.9ms | o7 ͏...
[ENTERTAINM] | Twitch   | [Normal]     | 97%    |   38.0ms | Slow cooking lol...
[RELATIONSH] | Twitch   | [Normal]     | 95%    |   33.9ms | so many cables...
[RELATIONSH] | Twitch   | [Normal]     | 93%    |   35.8ms | mhm...
[RELATIONSH] | Twitch   | [Normal]     | 96%    |   32.4ms | LUL...
[RELATIONSH] | Twitch   | [Normal]     | 94%    |   31.6ms | om...
[RELATIONSH] | Twitch   | [Normal]     | 96%    |   33.4ms | lmfao...
[RELATIONSH] | Twitch   | [Normal]     | 95%    |   36.2ms | OMEGALUL DEAN...
[RELATIONSH] | Twitch   | [Normal]     | 93%    |   34.7ms | mhm...
[RELATIONSH] | Twitch   | [Normal]     | 94%    |   33.7ms | om...
