---- STARTING OMNI-PROCESSOR ----
-> Connected to Elasticsearch at http://localhost:9200 | Index: perf_20260926-180952_p4_c4_cuda_r1
-> Loading model from F:\hate-speech-pipeline\src\../models\bert_final on cuda...
-> GPU: NVIDIA GeForce GTX 1650 with Max-Q Design
-> BERT Model Loaded successfully.
-> Benchmark log: F:\hate-speech-pipeline\reports\scaling\20260926-180952_p4_c4_cuda_r1\bench_WIX_4.csv | node WIX | group grp_20260926-180952_p4_c4_cuda_r1
------------------------------------------------------------------------------------------------------------------------
DOMAIN       | SOURCE   | PREDICTION   | CONF.  | LATENCY  | TEXT
------------------------------------------------------------------------------------------------------------------------
[GAMING/SUR] | YouTube  | [OFFENSIVE]  | 54%    |  810.7ms | Hellyeah...
[GAMING/SUR] | YouTube  | [Normal]     | 92%    |   24.0ms | Let’s rideee...
[GAMING/SUR] | YouTube  | [Normal]     | 82%    |   30.1ms | Bangaaaaaaa Bungus Bussss :bus:...
[GAMING/SUR] | YouTube  | [Normal]     | 95%    |   20.6ms | sing please...
[GAMING/SUR] | YouTube  | [Normal]     | 73%    |   12.0ms | The grind is real...
[MUSIC/CHIL] | YouTube  | [Normal]     | 96%    |   13.0ms | Annayyaa nen miss ayina nin ekkuvaa:loud...
[GAMING/SUR] | YouTube  | [Normal]     | 96%    |    7.4ms | new intro...
[GAMING/SUR] | YouTube  | [Normal]     | 94%    |    8.0ms | JOHNNY...
[GAMING/SUR] | YouTube  | [Normal]     | 95%    |    9.0ms | EEEEE...
[GAMING/SUR] | YouTube  | [OFFENSIVE]  | 57%    |   21.6ms | SHESSSSHHHH LETS GOOO EARLY AS HELL...
[GAMING/SUR] | YouTube  | [Normal]     | 95%    |    8.0ms | good to see ya P...
[GAMING/SUR] | YouTube  | [Normal]     | 86%    |   12.6ms | bungus...
[GAMING/SUR] | YouTube  | [Normal]     | 90%    |   17.4ms | hahaha...
[GAMING/SUR] | YouTube  | [Normal]     | 95%    |   18.6ms | :_PeanutJork::_PeanutJork::_PeanutJork:...
[GAMING/SUR] | YouTube  | [Normal]     | 95%    |   25.6ms | :thumbs_up::thumbs_up::thumbs_up::thumbs...
[MUSIC/CHIL] | YouTube  | [Normal]     | 97%    |   13.0ms | tu sach mei sanki to nhi ho gyaa:face_wi...
[MUSIC/CHIL] | YouTube  | [Normal]     | 95%    |   11.0ms | late sam...
[GAMING/SUR] | YouTube  | [Normal]     | 98%    |   10.0ms | HUTCH HAS MADE OFF WITH 1000 SCRAP...
[PSYCHOLOGY] | YouTube  | [Normal]     | 97%    |   20.0ms | wait did stream rest a little?...
[MUSIC/CHIL] | YouTube  | [Normal]     | 97%    |   18.1ms | G ey area lo park chesav ?:baseball-whit...
[GAMING/SUR] | YouTube  | [Normal]     | 89%    |   14.5ms | h2o coool...
[GAMING/SUR] | YouTube  | [Normal]     | 97%    |   19.0ms | H20 and Kyle have been getting fed all d...
[GAMING/SUR] | YouTube  | [Normal]     | 88%    |   16.6ms | rogue tries too hard...
[GAMING/SUR] | YouTube  | [Normal]     | 92%    |   14.1ms | Watch the zone...
[PSYCHOLOGY] | YouTube  | [Normal]     | 91%    |   15.8ms | must have been the wind...
[MUSIC/CHIL] | YouTube  | [Normal]     | 97%    |   16.0ms | se han cargado la fiesta...
[GAMING/SUR] | YouTube  | [Normal]     | 93%    |   22.9ms | never leave anything open...
[MUSIC/CHIL] | YouTube  | [Normal]     | 97%    |   23.8ms | Suz is rasem?...
[MUSIC/CHIL] | YouTube  | [Normal]     | 98%    |   17.5ms | dream sam na :face_with_tears_of_joy:...
[PSYCHOLOGY] | YouTube  | [Normal]     | 93%    |    9.5ms | jungee...
[NEWS/LIVE ] | YouTube  | [Normal]     | 95%    |    8.5ms | Rubio 2028 if we really being serious...
[GAMING/SUR] | YouTube  | [Normal]     | 95%    |    8.0ms | MOTION...
[GAMING/SUR] | YouTube  | [Normal]     | 83%    |   12.9ms | do real liars bar with clkzy...
[NEWS/LIVE ] | YouTube  | [Normal]     | 91%    |   12.8ms | that means trump goes to jail for his cr...
[NEWS/LIVE ] | YouTube  | [Normal]     | 97%    |   10.0ms | interesting:face-green-smiling:...
[PSYCHOLOGY] | YouTube  | [Normal]     | 93%    |    8.6ms | @snuffy4992 unfortunately a lot of publi...
[GAMING/SUR] | YouTube  | [Normal]     | 87%    |   15.6ms | omg hes addicted! I love it!...
[SELF-HELP/] | YouTube  | [Normal]     | 94%    |    8.0ms | :_DrKAOEBonk:...
[GAMING/SUR] | YouTube  | [Normal]     | 73%    |   11.0ms | @TheBurntPeanut The wheel is down by the...
[GAMING/SUR] | YouTube  | [Normal]     | 96%    |   12.5ms | mercs was on the wheel...
[GAMING/SUR] | YouTube  | [Normal]     | 93%    |   10.5ms | Lower level...
[GAMING/SUR] | YouTube  | [Normal]     | 73%    |   15.2ms | HUTCHS WEINER IS OUT...
[PSYCHOLOGY] | YouTube  | [Normal]     | 93%    |   21.2ms | Is it possible to have more than one ani...
[GAMING/SUR] | YouTube  | [Normal]     | 89%    |   18.0ms | No way H20...
[GAMING/SUR] | YouTube  | [Normal]     | 95%    |    9.0ms | lmfao it's delirious wtf...
[MUSIC/CHIL] | YouTube  | [Normal]     | 96%    |   12.5ms | Musalola gola...
[SELF-HELP/] | YouTube  | [Normal]     | 57%    |    7.5ms | no hate as motivation? what is this jedi...
[MUSIC/CHIL] | YouTube  | [Normal]     | 97%    |    8.5ms | Story competition challu hai kay...
[PSYCHOLOGY] | YouTube  | [Normal]     | 96%    |    8.6ms | lmfao...
[GAMING/SUR] | YouTube  | [Normal]     | 96%    |    9.5ms | WERE WINNING BIG THIS TIME...
[GAMING/SUR] | YouTube  | [Normal]     | 96%    |    8.0ms | Invite HJune...
[PSYCHOLOGY] | YouTube  | [Normal]     | 96%    |    7.5ms | @crowserainance ah thank you...
[GAMING/SUR] | YouTube  | [Normal]     | 96%    |   13.0ms | Lmao...
[GAMING/SUR] | YouTube  | [Normal]     | 93%    |    9.5ms | Misinput...
[PSYCHOLOGY] | YouTube  | [Normal]     | 92%    |   11.0ms | the meditation index is lowkey the best ...
[GAMING/SUR] | YouTube  | [Normal]     | 74%    |    8.0ms | noooooo Deliriousss...
[GAMING/SUR] | YouTube  | [Normal]     | 94%    |   13.4ms | Never thought I’d see H2O Delirious and ...
[GAMING/SUR] | YouTube  | [Normal]     | 96%    |   14.0ms | lol...
[GAMING/SUR] | YouTube  | [OFFENSIVE]  | 73%    |   11.5ms | shits rigged...
[GAMING/SUR] | YouTube  | [Normal]     | 90%    |   15.0ms | its called a miscalculation sir...
[MUSIC/CHIL] | YouTube  | [Normal]     | 96%    |    9.0ms | Vani busy rhta hu :face_with_hand_over_m...
[GAMING/SUR] | YouTube  | [Normal]     | 94%    |   10.5ms | CHASE...
[GAMING/SUR] | YouTube  | [Normal]     | 96%    |   11.0ms | lmfao...
[GAMING/SUR] | YouTube  | [Normal]     | 89%    |    7.0ms | Dude no way...
[GAMING/SUR] | YouTube  | [Normal]     | 96%    |   16.0ms | 9+10...
[GAMING/SUR] | YouTube  | [HATE]       | 42%    |    9.8ms | the machine is cheating...
[GAMING/SUR] | YouTube  | [Normal]     | 81%    |   10.6ms | better odds...
[SELF-HELP/] | YouTube  | [Normal]     | 95%    |    9.0ms | Hello...
[PSYCHOLOGY] | YouTube  | [Normal]     | 94%    |   16.6ms | !relationship \@Saurora6...
[SELF-HELP/] | YouTube  | [Normal]     | 83%    |    7.0ms | you do have some jedi mind tricks...
[SELF-HELP/] | YouTube  | [Normal]     | 81%    |    7.5ms | the dark arts!!!!!...
[GAMING/SUR] | YouTube  | [Normal]     | 91%    |    9.0ms | she spent so much time getting that scra...
[SELF-HELP/] | YouTube  | [Normal]     | 93%    |   22.1ms | oh snap i actually caught one of these l...
[GAMING/SUR] | YouTube  | [Normal]     | 94%    |   13.0ms | 1 INCOMING...
[NEWS/LIVE ] | YouTube  | [Normal]     | 94%    |    8.0ms | SPENCER PRATT THIS WILL HELP YOU. KAREN ...
[ENTERTAINM] | YouTube  | [Normal]     | 96%    |    8.6ms | let's start...
[ENTERTAINM] | YouTube  | [Normal]     | 94%    |   18.4ms | jimmy...
[MUSIC/CHIL] | YouTube  | [Normal]     | 97%    |   17.6ms | suz ok mari tinnava...
[ENTERTAINM] | YouTube  | [Normal]     | 91%    |    8.1ms | yeahhhh!!!...
[MUSIC/CHIL] | YouTube  | [Normal]     | 95%    |    9.0ms | Manoj jb free hoti...
[ENTERTAINM] | YouTube  | [Normal]     | 50%    |   12.2ms | you are late...
[SELF-HELP/] | YouTube  | [Normal]     | 94%    |   20.6ms | is there a limit to energy build up?...
[GAMING/GAM] | YouTube  | [Normal]     | 95%    |    7.0ms | 1 min...
[ENTERTAINM] | YouTube  | [Normal]     | 97%    |    9.0ms | MrBeast  please bless me with a gaming s...
[ENTERTAINM] | YouTube  | [Normal]     | 93%    |   21.6ms | heyy alreadyy gz gz JIMYY :party_popper:...
[ENTERTAINM] | YouTube  | [Normal]     | 95%    |    8.7ms | hii...
[GAMING/SUR] | YouTube  | [Normal]     | 87%    |   11.0ms | no...
[ENTERTAINM] | YouTube  | [Normal]     | 93%    |   10.1ms | yes...
[GAMING/GAM] | YouTube  | [Normal]     | 95%    |    7.5ms | hello...
[ENTERTAINM] | YouTube  | [Normal]     | 92%    |   13.0ms | yooooo...
[SELF-HELP/] | YouTube  | [Normal]     | 97%    |   13.5ms | nooo we love it. love to learn......
[GAMING/GAM] | YouTube  | [Normal]     | 97%    |   16.0ms | amazing refresh pull...
[GAMING/SUR] | YouTube  | [Normal]     | 96%    |    8.4ms | LOL...
[GAMING/GAM] | YouTube  | [Normal]     | 96%    |   23.5ms | hi!...
[GAMING/SUR] | YouTube  | [Normal]     | 85%    |   24.1ms | go get your own scrap and gamble that...
[NEWS/LIVE ] | YouTube  | [Normal]     | 84%    |   13.0ms | he's so stiff...
[MUSIC/CHIL] | YouTube  | [Normal]     | 96%    |   20.5ms | :lizard::person:‍:ballet_shoes::ram:...
[ENTERTAINM] | YouTube  | [Normal]     | 97%    |   28.0ms | jimmy give me 10000 dollar pls :pleading...
[MUSIC/CHIL] | YouTube  | [Normal]     | 98%    |   11.0ms | Anna edi okasari chelli ani piluvu :grin...
[NEWS/LIVE ] | YouTube  | [Normal]     | 96%    |    6.0ms | Huh? It’s literally a question...
[GAMING/SUR] | YouTube  | [Normal]     | 72%    |    8.0ms | how you gonna play a game worse than tar...
[GAMING/GAM] | YouTube  | [Normal]     | 96%    |    9.5ms | epic...
[ENTERTAINM] | YouTube  | [Normal]     | 94%    |   12.1ms | hi...
[ENTERTAINM] | YouTube  | [Normal]     | 97%    |   17.1ms | 500 complete done :thumbs_up::check_mark...
[PSYCHOLOGY] | YouTube  | [Normal]     | 94%    |   17.6ms | somewhat...
[ENTERTAINM] | YouTube  | [Normal]     | 95%    |   17.0ms | bro is staring at 200k in advance...
[GAMING/SUR] | YouTube  | [Normal]     | 96%    |   18.3ms | @FellowshipInGod he paid me 10 bucks for...
[GAMING/SUR] | YouTube  | [Normal]     | 95%    |   10.0ms | @Sharktooth17 brother this is the origin...
[PSYCHOLOGY] | YouTube  | [Normal]     | 98%    |    8.0ms | themes of fairytales...
[PSYCHOLOGY] | YouTube  | [Normal]     | 93%    |    8.6ms | yes...
[GAMING/GAM] | YouTube  | [Normal]     | 97%    |    8.0ms | Hello :waving_hand:...
[ENTERTAINM] | YouTube  | [Normal]     | 82%    |    7.0ms | we cant hear u that much...
[GAMING/GAM] | YouTube  | [Normal]     | 93%    |    6.0ms | NUMBER ONE BABY!!!...
[ENTERTAINM] | YouTube  | [Normal]     | 92%    |    8.6ms | Woah...
[GAMING/GAM] | YouTube  | [Normal]     | 93%    |   11.5ms | I sadly couldnt make it to see the movie...
[GAMING/GAM] | YouTube  | [Normal]     | 83%    |   16.0ms | Whooooooo!!!...
[NEWS/LIVE ] | YouTube  | [Normal]     | 94%    |    9.6ms | I know your not trying to fight but that...
[GAMING/SUR] | YouTube  | [Normal]     | 43%    |   12.0ms | stoo the rouge  they have a problem...
[NEWS/LIVE ] | YouTube  | [Normal]     | 95%    |    9.0ms | taught...
[GAMING/GAM] | YouTube  | [Normal]     | 96%    |   18.2ms | lmfao...
[ENTERTAINM] | YouTube  | [Normal]     | 94%    |   22.6ms | hi...
[ENTERTAINM] | YouTube  | [Normal]     | 98%    |   23.7ms | :triangular_flag::triangular_flag::trian...
[PSYCHOLOGY] | YouTube  | [Normal]     | 96%    |   17.1ms | Dr. K rocking linux? :O...
[MUSIC/CHIL] | YouTube  | [Normal]     | 97%    |   15.0ms | kavya me to daily aata hu tum notice n k...
[GAMING/GAM] | YouTube  | [Normal]     | 93%    |   15.6ms | YOOOOO HELLOOOOOOO...
[ENTERTAINM] | YouTube  | [Normal]     | 97%    |   11.1ms | Dattabayo Dattabayo...
[ENTERTAINM] | YouTube  | [Normal]     | 82%    |   12.6ms | half a billion subscribers is crazy...
[GAMING/GAM] | YouTube  | [Normal]     | 98%    |   16.1ms | WEEEEEEEEEEEEEEEEEE ARE THE CHAMPIONS :m...
[GAMING/SUR] | YouTube  | [Normal]     | 96%    |   10.0ms | My husband Michael loves you...
[GAMING/GAM] | YouTube  | [Normal]     | 98%    |   13.5ms | I just got back from my third viewing :r...
[SELF-HELP/] | YouTube  | [Normal]     | 81%    |   18.1ms | we dont get that sort of clarity about w...
[GAMING/GAM] | YouTube  | [Normal]     | 96%    |   11.0ms | FASHION!!...
[ENTERTAINM] | YouTube  | [Normal]     | 97%    |   20.6ms | Me and my fam have devoted our lives to ...
[GAMING/SUR] | YouTube  | [Normal]     | 90%    |   14.0ms | JACKHAMMER THE ROADSIGNS...
[ENTERTAINM] | YouTube  | [Normal]     | 90%    |    8.6ms | yoooooo...
[GAMING/GAM] | YouTube  | [Normal]     | 95%    |    7.0ms | The lighthouse!!...
[NEWS/LIVE ] | YouTube  | [Normal]     | 92%    |   11.6ms | :thumbs_up::call_me_hand:...
[GAMING/GAM] | YouTube  | [Normal]     | 93%    |   16.6ms | Lighthouse...
[ENTERTAINM] | YouTube  | [Normal]     | 95%    |   16.0ms | 54 bucks...
[ENTERTAINM] | YouTube  | [Normal]     | 96%    |   10.0ms | I'm from Philippines I sub...
[ENTERTAINM] | YouTube  | [Normal]     | 90%    |    8.6ms | ٠٠٠...
[GAMING/GAM] | YouTube  | [Normal]     | 93%    |    8.0ms | LIGHTHOUSE...
[ENTERTAINM] | YouTube  | [Normal]     | 67%    |   15.9ms | That is insane :exploding_head:...
[GAMING/GAM] | YouTube  | [Normal]     | 60%    |    8.0ms | LIGHTHOUSERS RISE UP...
[GAMING/SUR] | YouTube  | [Normal]     | 94%    |    7.2ms | When was the last time he played maratho...
[MUSIC/CHIL] | YouTube  | [Normal]     | 88%    |   10.0ms | waise v mai new hun...
[PSYCHOLOGY] | YouTube  | [Normal]     | 93%    |    9.8ms | Where you trot out statistics and treat ...
[GAMING/GAM] | YouTube  | [Normal]     | 86%    |   13.1ms | The plane sounds interesting  the lighth...
[GAMING/GAM] | YouTube  | [Normal]     | 93%    |   10.0ms | LOVE YOU MARK!!!! CONGRATS ON THE HUGE S...
[GAMING/GAM] | YouTube  | [Normal]     | 96%    |   15.1ms | congrats on the film!...
[GAMING/GAM] | YouTube  | [Normal]     | 94%    |   21.6ms | I vote fore prusa:rolling_on_the_floor_l...
[ENTERTAINM] | YouTube  | [Normal]     | 94%    |   15.4ms | jimmy...
[ENTERTAINM] | YouTube  | [Normal]     | 84%    |    6.0ms | حح...
[MUSIC/CHIL] | YouTube  | [OFFENSIVE]  | 93%    |    9.0ms | I'm awesome shish u say?...
[ENTERTAINM] | YouTube  | [Normal]     | 94%    |    7.5ms | Hi...
[GAMING/SUR] | YouTube  | [Normal]     | 95%    |    7.8ms | why didnt dealer draw on 18...
[GAMING/GAM] | YouTube  | [Normal]     | 95%    |    6.6ms | SOUTH AMERICA?...
[ENTERTAINM] | YouTube  | [Normal]     | 94%    |   15.0ms | 1...
[GAMING/GAM] | YouTube  | [Normal]     | 96%    |    8.6ms | Definitely watch it  it was 10/10 at lea...
[ENTERTAINM] | YouTube  | [Normal]     | 94%    |   11.0ms | 1...
[GAMING/SUR] | YouTube  | [Normal]     | 87%    |    9.0ms | no...
[GAMING/SUR] | YouTube  | [Normal]     | 87%    |    8.0ms | No...
[GAMING/SUR] | YouTube  | [Normal]     | 95%    |   13.0ms | Always hit...
[GAMING/GAM] | YouTube  | [Normal]     | 93%    |   16.6ms | Will there be IRON LUNG merch??...
[GAMING/GAM] | YouTube  | [Normal]     | 95%    |   11.0ms | IM LATE HELLO...
[ENTERTAINM] | YouTube  | [Normal]     | 95%    |   14.0ms | hello...
[GAMING/SUR] | YouTube  | [Normal]     | 92%    |    9.0ms | Tables are hot!!...
[GAMING/GAM] | YouTube  | [Normal]     | 98%    |   12.4ms | AIRPLANE YALLL VOTE AIRPLANE:airplane::a...
[ENTERTAINM] | YouTube  | [Normal]     | 96%    |    9.0ms | пригласите меня на шоу...
[GAMING/SUR] | YouTube  | [Normal]     | 94%    |    7.0ms | double...
[ENTERTAINM] | YouTube  | [Normal]     | 92%    |    6.0ms | h...
[ENTERTAINM] | YouTube  | [Normal]     | 98%    |    9.0ms | :heart_with_ribbon::heart_with_ribbon::h...
[GAMING/SUR] | YouTube  | [Normal]     | 94%    |    9.1ms | do itttttt...
[GAMING/GAM] | YouTube  | [Normal]     | 94%    |    8.0ms | hi...
[PSYCHOLOGY] | YouTube  | [Normal]     | 94%    |   11.1ms | Masculine/Outwards/Physical/Yang vs Femi...
[GAMING/GAM] | YouTube  | [Normal]     | 97%    |   17.1ms | Hey mark seen iron Lung last night while...
[ENTERTAINM] | YouTube  | [Normal]     | 90%    |   14.0ms | GGG...
[GAMING/SUR] | YouTube  | [Normal]     | 94%    |   14.2ms | GOOD MORNING BUNGULATOR...
[ENTERTAINM] | YouTube  | [Normal]     | 94%    |   17.0ms | hi...
[GAMING/SUR] | YouTube  | [Normal]     | 96%    |   17.7ms | Lmao good thought @morfius...
[ENTERTAINM] | YouTube  | [Normal]     | 94%    |   15.0ms | Hi...
[GAMING/GAM] | YouTube  | [Normal]     | 96%    |   23.0ms | MARKIMOOOOOO...
[ENTERTAINM] | YouTube  | [Normal]     | 95%    |   19.1ms | plz give me i phone in india...
[GAMING/GAM] | YouTube  | [Normal]     | 95%    |   17.0ms | I loved iron lung It was the best movie ...
[GAMING/GAM] | YouTube  | [Normal]     | 97%    |   12.2ms | Markiplier Im gon watch the movie today ...
[GAMING/SUR] | YouTube  | [Normal]     | 92%    |   11.6ms | smaller bets...
[PSYCHOLOGY] | YouTube  | [Normal]     | 95%    |   21.0ms | I keep hearing about "problems with the ...
[GAMING/GAM] | YouTube  | [Normal]     | 94%    |   14.9ms | me and my brother watched Iron Lung and ...
[MUSIC/CHIL] | YouTube  | [Normal]     | 94%    |   11.5ms | tc too dear fredox:waving_hand::waving_h...
[GAMING/SUR] | YouTube  | [Normal]     | 73%    |   13.0ms | People acting like pro gamblers when the...
[ENTERTAINM] | YouTube  | [Normal]     | 95%    |   12.0ms | hello...
[ENTERTAINM] | YouTube  | [Normal]     | 96%    |   16.8ms | New member...
[SPORTS/FOO] | YouTube  | [Normal]     | 95%    |    7.0ms | Love you Japan...
[GAMING/GAM] | YouTube  | [Normal]     | 87%    |    9.0ms | IRON LUNG TO ASIAAAAA...
[GAMING/GAM] | YouTube  | [Normal]     | 97%    |   10.8ms | My theater sounded fine from what i can ...
[ENTERTAINM] | YouTube  | [Normal]     | 95%    |    9.6ms | learn with speed...
[ENTERTAINM] | YouTube  | [Normal]     | 91%    |    8.0ms | mom...
[GAMING/GAM] | YouTube  | [Normal]     | 91%    |   11.0ms | I told my brother's girlfriend about wha...
[ENTERTAINM] | YouTube  | [Normal]     | 96%    |   13.0ms | 100 vidio...
[GAMING/GAM] | YouTube  | [Normal]     | 93%    |   13.0ms | my theater jacked it up...
[GAMING/GAM] | YouTube  | [Normal]     | 50%    |    8.2ms | At my place  I didn't have any issues wi...
[GAMING/SUR] | YouTube  | [Normal]     | 88%    |   11.1ms | ouch...
[GAMING/GAM] | YouTube  | [Normal]     | 90%    |   22.0ms | all the boxes in the movie theaters had ...
[GAMING/GAM] | YouTube  | [Normal]     | 93%    |   12.1ms | i don't know if that was the issue at my...
[GAMING/SUR] | YouTube  | [Normal]     | 84%    |    7.0ms | RIGGED...
[GAMING/GAM] | YouTube  | [Normal]     | 95%    |   16.6ms | MAGANDANG UMAGA LAPISPLAIS!!!...
[GAMING/GAM] | YouTube  | [Normal]     | 96%    |   16.0ms | 3 time #1 movie maker!?!?!...
[GAMING/SUR] | YouTube  | [Normal]     | 80%    |   13.0ms | its hard out here for a scrapper...
[GAMING/GAM] | YouTube  | [Normal]     | 94%    |    7.5ms | Hey Mark...
[GAMING/GAM] | YouTube  | [Normal]     | 96%    |    7.0ms | I love that I'm learning about the diffe...
[ENTERTAINM] | YouTube  | [Normal]     | 92%    |   11.1ms | hello los franços...
[NEWS/LIVE ] | YouTube  | [Normal]     | 91%    |   12.1ms | We all were having a nice morning chat…M...
[GAMING/GAM] | YouTube  | [Normal]     | 96%    |   13.8ms | :3c...
[GAMING/GAM] | YouTube  | [Normal]     | 95%    |   10.5ms | sup...
[GAMING/GAM] | YouTube  | [Normal]     | 91%    |   14.3ms | yeah i wasn't able to really hear anythi...
[ENTERTAINM] | YouTube  | [Normal]     | 97%    |   16.2ms | Hello Mr. Beast  I'm from Indonesia.:fac...
[GAMING/GAM] | YouTube  | [Normal]     | 95%    |   20.1ms | :_markiHEART::_markiHEART::_markiHEART::...
[GAMING/GAM] | YouTube  | [Normal]     | 97%    |   11.2ms | sup Markiplier:smiling_face_with_sunglas...
[GAMING/GAM] | YouTube  | [Normal]     | 97%    |   10.1ms | :text-green-game-over:...
[GAMING/GAM] | YouTube  | [Normal]     | 95%    |    9.9ms | Airplane...
[ENTERTAINM] | YouTube  | [Normal]     | 94%    |   14.0ms | hi...
[GAMING/GAM] | YouTube  | [OFFENSIVE]  | 72%    |    8.9ms | hELL YEA...
[GAMING/GAM] | YouTube  | [Normal]     | 93%    |   12.0ms | nooo my break is almost done:face-purple...
[GAMING/GAM] | YouTube  | [Normal]     | 95%    |   22.7ms | CMON MARK I BELIEVE IN YOU...
[GAMING/GAM] | YouTube  | [Normal]     | 95%    |   11.5ms | YEAAH...
[GAMING/SUR] | YouTube  | [Normal]     | 84%    |   13.9ms | rigged...
[GAMING/GAM] | YouTube  | [Normal]     | 96%    |   12.7ms | I love obs duty!...
[GAMING/GAM] | YouTube  | [Normal]     | 97%    |   17.8ms | just watched the movie 30 minutes ago an...
[ENTERTAINM] | YouTube  | [Normal]     | 95%    |   12.0ms | 500 milian subscribe...
[GAMING/GAM] | YouTube  | [Normal]     | 97%    |   27.6ms | :finger-red-number-one::finger-red-numbe...
[GAMING/GAM] | YouTube  | [Normal]     | 96%    |   13.5ms | :_markiSHUSH:...
[ENTERTAINM] | YouTube  | [Normal]     | 95%    |   15.6ms | please follow me...
[SPORTS/FOO] | YouTube  | [Normal]     | 98%    |   14.0ms | ok  thank you:red_heart::cat_with_tears_...
[ENTERTAINM] | YouTube  | [Normal]     | 94%    |   14.9ms | bahlillllllllllllllllllll...
[ENTERTAINM] | YouTube  | [Normal]     | 96%    |   19.8ms | dkvic...
[ENTERTAINM] | YouTube  | [Normal]     | 92%    |   12.7ms | I love you jimi...
[ENTERTAINM] | YouTube  | [Normal]     | 92%    |   10.5ms | Is Dobby freed when you hit 500m?...
[ENTERTAINM] | YouTube  | [Normal]     | 85%    |    6.5ms | buy me a new phone mr beast...
[GAMING/GAM] | YouTube  | [Normal]     | 95%    |    7.0ms | I'M BROKE...
[GAMING/GAM] | YouTube  | [Normal]     | 93%    |    7.1ms | #1ST...
[GAMING/GAM] | YouTube  | [Normal]     | 94%    |    9.0ms | YAAAAYYYYY...
[GAMING/GAM] | YouTube  | [Normal]     | 87%    |    6.0ms | <3...
[ENTERTAINM] | YouTube  | [Normal]     | 65%    |   10.0ms | Can you speak Vietnamese ?...
[GAMING/GAM] | YouTube  | [Normal]     | 93%    |   11.7ms | yayyy...
[GAMING/GAM] | YouTube  | [Normal]     | 97%    |   20.1ms | Hai Marikipliaer!!!!...
[ENTERTAINM] | YouTube  | [Normal]     | 96%    |   20.7ms | :cowboy_hat_face::cowboy_hat_face::cowbo...
[GAMING/GAM] | YouTube  | [Normal]     | 46%    |    6.0ms | LESS goooo...
[ENTERTAINM] | YouTube  | [Normal]     | 97%    |    9.5ms | :green_heart:...
[ENTERTAINM] | YouTube  | [Normal]     | 96%    |   17.0ms | heloooooooo! Mr. Beast...
[GAMING/SUR] | YouTube  | [Normal]     | 96%    |   10.0ms | Lmao...
[ENTERTAINM] | YouTube  | [Normal]     | 95%    |   21.0ms | আমাকে কিছু টাকা দিকে পারবেন প্লিজ প্লিজ ...
[GAMING/SUR] | YouTube  | [Normal]     | 79%    |   12.6ms | blackjack...
[ENTERTAINM] | YouTube  | [Normal]     | 91%    |   18.0ms | mrbeast you will soon get 1 billion...
[GAMING/GAM] | YouTube  | [Normal]     | 97%    |   29.9ms | Hi Mark! Just wanted to pop in and say g...
[GAMING/GAM] | YouTube  | [Normal]     | 96%    |   17.0ms | Wait  did you see that?...
[GAMING/GAM] | YouTube  | [Normal]     | 97%    |   14.7ms | Welcome to Member!...
[GAMING/GAM] | YouTube  | [Normal]     | 88%    |   11.0ms | what do you do in this game...
[SELF-HELP/] | YouTube  | [Normal]     | 63%    |   10.1ms | so they give the feedback they think the...
[ENTERTAINM] | YouTube  | [Normal]     | 94%    |    9.0ms | hi...
[GAMING/GAM] | YouTube  | [OFFENSIVE]  | 65%    |   10.6ms | oooh I don't like the creepy stairs...
[GAMING/GAM] | YouTube  | [Normal]     | 94%    |   15.8ms | markiplierr help me i need 9000000009 do...
[ENTERTAINM] | YouTube  | [Normal]     | 96%    |    7.0ms | give me 10000 dollars...
[GAMING/SUR] | YouTube  | [Normal]     | 94%    |   12.0ms | AYEEEEEEEEEEEEEEEEEEEEEEEEE...
[GAMING/GAM] | YouTube  | [Normal]     | 97%    |   14.0ms | markiplier i love you...
[ENTERTAINM] | YouTube  | [Normal]     | 94%    |   12.5ms | if you make it to 500 000 000 subscriber...
[GAMING/GAM] | YouTube  | [Normal]     | 95%    |   14.0ms | was the breaker always open?...
[ENTERTAINM] | YouTube  | [Normal]     | 93%    |   16.0ms | okkkklkkkkkkk...
[PSYCHOLOGY] | YouTube  | [Normal]     | 86%    |   11.0ms | "when the two become one"...
[ENTERTAINM] | YouTube  | [Normal]     | 97%    |   14.1ms | i love boss...
[GAMING/GAM] | YouTube  | [Normal]     | 97%    |   11.1ms | obversation lmao...
[GAMING/GAM] | YouTube  | [Normal]     | 96%    |    8.2ms | lol...
[GAMING/GAM] | YouTube  | [Normal]     | 96%    |    8.8ms | Observation is spelled wrong...
[PSYCHOLOGY] | YouTube  | [Normal]     | 97%    |   20.2ms | Dr. K's NEW Guide to Love  Sex  & Relati...
[ENTERTAINM] | YouTube  | [Normal]     | 96%    |    9.0ms | 0 5 billon subscriptions...
[SELF-HELP/] | YouTube  | [Normal]     | 95%    |   15.0ms | Ohhh my god sooo true...
[ENTERTAINM] | YouTube  | [Normal]     | 96%    |   15.0ms | I do...
[GAMING/GAM] | YouTube  | [Normal]     | 95%    |   17.6ms | obversation...
[PSYCHOLOGY] | YouTube  | [Normal]     | 94%    |    8.6ms | God bless you  Dr. K...
[NEWS/LIVE ] | YouTube  | [Normal]     | 94%    |    8.0ms | trend...
[ENTERTAINM] | YouTube  | [Normal]     | 97%    |    7.5ms | love form Bangladesh...
[ENTERTAINM] | YouTube  | [Normal]     | 91%    |    7.0ms | me...
[GAMING/GAM] | YouTube  | [Normal]     | 96%    |    8.1ms | OBVERSATION LMFAOO...
[GAMING/SUR] | YouTube  | [Normal]     | 96%    |   13.0ms | LMAO...
[MUSIC/CHIL] | YouTube  | [Normal]     | 94%    |   13.7ms | @kavya-c9c1j bs kuch saal aur fir workpl...
[MUSIC/CHIL] | YouTube  | [Normal]     | 86%    |   11.6ms | **hungry...
[ENTERTAINM] | YouTube  | [Normal]     | 94%    |   14.0ms | NEED TO CHANGE IT TO BILLION...
[ENTERTAINM] | YouTube  | [Normal]     | 97%    |   13.0ms | congestion mr beast:smiling_face_with_sm...
[SPORTS/FOO] | YouTube  | [Normal]     | 42%    |   13.0ms | yeeeeeeaaaaaah Germany gooooo...
[GAMING/GAM] | YouTube  | [Normal]     | 95%    |   14.6ms | This looks so good1...
[GAMING/SUR] | YouTube  | [Normal]     | 96%    |   14.0ms | I have literal tears in my eyes...
[GAMING/GAM] | YouTube  | [Normal]     | 92%    |    9.0ms | yeah...
[GAMING/SUR] | YouTube  | [Normal]     | 95%    |   19.2ms | :rolling_on_the_floor_laughing::rolling_...
[PSYCHOLOGY] | YouTube  | [Normal]     | 95%    |    7.0ms | Animus seed  oldschool runescape...
[GAMING/GAM] | YouTube  | [Normal]     | 93%    |    8.0ms | LMMAOOOOO...
[GAMING/GAM] | YouTube  | [HATE]       | 44%    |   11.0ms | theyre gonna scream and cry...
[MUSIC/CHIL] | YouTube  | [Normal]     | 98%    |   23.0ms | ...:face-turquoise-music-note:...
[ENTERTAINM] | YouTube  | [Normal]     | 98%    |   22.4ms | sir please visit chhattisgarh india for ...
[ENTERTAINM] | YouTube  | [Normal]     | 96%    |   18.2ms | мистер фури какашка...
[GAMING/SUR] | YouTube  | [Normal]     | 94%    |   15.0ms | 1...
[ENTERTAINM] | YouTube  | [Normal]     | 96%    |   13.6ms | New member...
[ENTERTAINM] | YouTube  | [Normal]     | 97%    |   30.0ms | what if you hit 500 millions  will you g...
[ENTERTAINM] | YouTube  | [Normal]     | 95%    |    8.0ms | 10$help...
[PSYCHOLOGY] | YouTube  | [Normal]     | 95%    |   18.7ms | well yeah it's a paradox and stuff....
[GAMING/SUR] | YouTube  | [Normal]     | 93%    |    9.6ms | bet green...
[GAMING/GAM] | YouTube  | [Normal]     | 95%    |   13.6ms | I just watched Iron Lung you truly did a...
[ENTERTAINM] | YouTube  | [Normal]     | 91%    |   10.0ms | Pakistan...
[GAMING/SUR] | YouTube  | [Normal]     | 90%    |   16.0ms | HAHAHAHA...
[ENTERTAINM] | YouTube  | [Normal]     | 95%    |   15.6ms | hz...
[MUSIC/CHIL] | YouTube  | [Normal]     | 98%    |   16.0ms | :dove:...
[ENTERTAINM] | YouTube  | [Normal]     | 90%    |   14.0ms | yoooooooooooooo9...
[MUSIC/CHIL] | YouTube  | [Normal]     | 98%    |   11.2ms | Dream dude :face_with_tears_of_joy: is S...
[GAMING/GAM] | YouTube  | [Normal]     | 96%    |   16.0ms | Hi all!! Hi Mark!...
[GAMING/GAM] | YouTube  | [Normal]     | 95%    |   15.0ms | obversation duty...
[ENTERTAINM] | YouTube  | [Normal]     | 94%    |   15.0ms | hi...
[SELF-HELP/] | YouTube  | [Normal]     | 73%    |   23.0ms | For me I'm just really confused by why t...
[ENTERTAINM] | YouTube  | [Normal]     | 97%    |   15.0ms | 100k...
[GAMING/GAM] | YouTube  | [Normal]     | 95%    |   15.0ms | Mark do You have Your Grade 11?...
[GAMING/GAM] | YouTube  | [Normal]     | 95%    |   16.0ms | mark the title is an anomaly...
[ENTERTAINM] | YouTube  | [Normal]     | 72%    |   11.7ms | WHERE ARE THE OTHER BEAST MEMBERS...
[GAMING/GAM] | YouTube  | [Normal]     | 94%    |   17.0ms | observation duty; schizophrenia mods...
[GAMING/GAM] | YouTube  | [Normal]     | 57%    |   16.0ms | we are doomed...
[ENTERTAINM] | YouTube  | [Normal]     | 96%    |   12.9ms | indiaaaa...
[GAMING/GAM] | YouTube  | [Normal]     | 92%    |    7.0ms | THE STAIRS...
[GAMING/GAM] | YouTube  | [Normal]     | 95%    |    7.0ms | light...
[GAMING/GAM] | YouTube  | [Normal]     | 94%    |    8.0ms | pier normal...
[ENTERTAINM] | YouTube  | [Normal]     | 94%    |    8.0ms | Indonesia...
[GAMING/GAM] | YouTube  | [Normal]     | 97%    |    6.7ms | rope moved in stairs!!!...
[ENTERTAINM] | YouTube  | [Normal]     | 97%    |    7.0ms | Lots of love from pakistan...
[GAMING/GAM] | YouTube  | [Normal]     | 97%    |   27.1ms | hi mark! longtime fan here and i have no...
[PSYCHOLOGY] | YouTube  | [Normal]     | 96%    |   11.0ms | Kanye...
[GAMING/GAM] | YouTube  | [Normal]     | 96%    |    8.0ms | lol...
[GAMING/GAM] | YouTube  | [Normal]     | 96%    |    8.0ms | hi mark...
[GAMING/GAM] | YouTube  | [Normal]     | 96%    |   11.0ms | Marks closet is creaking open......
[ENTERTAINM] | YouTube  | [Normal]     | 94%    |   18.6ms | 4...
[GAMING/GAM] | YouTube  | [Normal]     | 97%    |   20.0ms | I LOVE YOUR MOVIE...
[ENTERTAINM] | YouTube  | [Normal]     | 94%    |   19.6ms | hi...
[ENTERTAINM] | YouTube  | [Normal]     | 96%    |   16.6ms | New member...
[ENTERTAINM] | YouTube  | [Normal]     | 95%    |   17.0ms | mrbeast can you pls give me a ps5 and ip...
[ENTERTAINM] | YouTube  | [Normal]     | 97%    |   12.2ms | Hi Mr. Beast...
[GAMING/GAM] | YouTube  | [Normal]     | 97%    |    8.1ms | first time making a live...
[ENTERTAINM] | YouTube  | [Normal]     | 95%    |    9.0ms | Mr beast big fan please come india...
[GAMING/GAM] | YouTube  | [OFFENSIVE]  | 50%    |   10.0ms | Mark  I'm gonna cry. Iron Lung is not th...
[ENTERTAINM] | YouTube  | [Normal]     | 94%    |   10.5ms | 3...
[ENTERTAINM] | YouTube  | [Normal]     | 96%    |    9.0ms | 1-1...
[PSYCHOLOGY] | YouTube  | [Normal]     | 86%    |    9.0ms | Avoidant...
[ENTERTAINM] | YouTube  | [Normal]     | 96%    |    9.0ms | fede...
[ENTERTAINM] | YouTube  | [Normal]     | 94%    |    7.5ms | hi...
[ENTERTAINM] | YouTube  | [Normal]     | 94%    |    6.0ms | 6...
[ENTERTAINM] | YouTube  | [Normal]     | 96%    |    7.0ms | I love mr beast...
[GAMING/GAM] | YouTube  | [Normal]     | 96%    |   14.0ms | hello everybody my name is observiplier...
[ENTERTAINM] | YouTube  | [Normal]     | 97%    |   10.5ms | LOVE FROM PAKISTAN...
[GAMING/GAM] | YouTube  | [Normal]     | 91%    |   13.0ms | how dare that anomaly send a distress fl...
[ENTERTAINM] | YouTube  | [Normal]     | 83%    |   23.9ms | :face-blue-smiling::face-blue-smiling::f...
[GAMING/GAM] | YouTube  | [Normal]     | 94%    |    9.0ms | Dam y’all good...
[MUSIC/CHIL] | YouTube  | [Normal]     | 97%    |   12.0ms | thik hun mohit :monkey:...
[PSYCHOLOGY] | YouTube  | [Normal]     | 90%    |   12.6ms | oh no  I'm animus obsessed!...
[ENTERTAINM] | YouTube  | [Normal]     | 89%    |   14.5ms | CONGRATS! YOU DESERVE IT!...
[ENTERTAINM] | YouTube  | [Normal]     | 93%    |   12.0ms | inshallah you reach 500 millions...
[GAMING/GAM] | YouTube  | [Normal]     | 91%    |   11.5ms | bucket...
[ENTERTAINM] | YouTube  | [Normal]     | 78%    |    8.0ms | OGGG...
[GAMING/GAM] | YouTube  | [Normal]     | 96%    |   10.5ms | Extra Mouse Trap!...
[ENTERTAINM] | YouTube  | [Normal]     | 96%    |   16.0ms | :yt::yt::yt::yt::yt:...
[SELF-HELP/] | YouTube  | [Normal]     | 97%    |    8.7ms | abundance mindset seems important...
[GAMING/GAM] | YouTube  | [Normal]     | 94%    |    9.0ms | Hey mark...
[SPORTS/FOO] | YouTube  | [Normal]     | 67%    |    7.0ms | Germany are way to slow. it's like watch...
[GAMING/SUR] | YouTube  | [Normal]     | 80%    |    7.5ms | this is too funny...
[ENTERTAINM] | YouTube  | [HATE]       | 68%    |   10.0ms | ELON MUSK JUST CROSSED 1TRILLION DOLLARS...
[GAMING/GAM] | YouTube  | [Normal]     | 92%    |   10.5ms | bed...
[GAMING/SUR] | YouTube  | [OFFENSIVE]  | 88%    |    8.0ms | Bro.. close the fucking doors...
[ENTERTAINM] | YouTube  | [Normal]     | 96%    |    7.6ms | please give me a laptop for my college s...
[ENTERTAINM] | YouTube  | [Normal]     | 96%    |   16.1ms | New member...
[ENTERTAINM] | YouTube  | [Normal]     | 95%    |   18.0ms | Hello...
[MUSIC/CHIL] | YouTube  | [Normal]     | 97%    |   20.1ms | hay que criticar...
[GAMING/GAM] | YouTube  | [Normal]     | 95%    |   17.1ms | what game?...
[ENTERTAINM] | YouTube  | [Normal]     | 86%    |   12.0ms | absg...
[SELF-HELP/] | YouTube  | [Normal]     | 52%    |    9.6ms | Should I tell my freind that he can’t do...
[GAMING/GAM] | YouTube  | [Normal]     | 88%    |    7.0ms | the bed!!!...
[ENTERTAINM] | YouTube  | [Normal]     | 98%    |    9.5ms | :text-yellow-goal::text-yellow-goal::tex...
[GAMING/GAM] | YouTube  | [Normal]     | 93%    |    7.5ms | no but it's an option...
[GAMING/GAM] | YouTube  | [Normal]     | 97%    |   12.1ms | Marker plier look at the bed...
[GAMING/GAM] | YouTube  | [Normal]     | 97%    |   20.0ms | I'm watching Iron Lung tomorrow night wi...
[GAMING/SUR] | YouTube  | [Normal]     | 98%    |   23.0ms | :face-orange-frowning::medal-yellow-firs...
[ENTERTAINM] | YouTube  | [Normal]     | 94%    |   18.1ms | om om om om om om om om om om om om om o...
[ENTERTAINM] | YouTube  | [Normal]     | 96%    |   13.1ms | New member...
[ENTERTAINM] | YouTube  | [Normal]     | 93%    |   18.0ms | :elbowcough::elbowcough::elbowcough::elb...
[GAMING/GAM] | YouTube  | [Normal]     | 97%    |   14.5ms | Welcome to Member!...
[GAMING/GAM] | YouTube  | [Normal]     | 92%    |   22.9ms | you're right rail position moved...
[ENTERTAINM] | YouTube  | [Normal]     | 97%    |   17.0ms | love from Bangladesh...
[PSYCHOLOGY] | YouTube  | [OFFENSIVE]  | 80%    |   16.1ms | DAMN...
[MUSIC/CHIL] | YouTube  | [Normal]     | 95%    |   12.5ms | Ankit what?...
[GAMING/GAM] | YouTube  | [Normal]     | 94%    |   12.0ms | hey maybe its the lifesaver by the dock...
[GAMING/GAM] | YouTube  | [Normal]     | 96%    |   11.0ms | the railing??...
[ENTERTAINM] | YouTube  | [Normal]     | 94%    |   15.9ms | 1...
[GAMING/GAM] | YouTube  | [Normal]     | 94%    |   17.6ms | in the back of the pier !!!!!...
[ENTERTAINM] | YouTube  | [Normal]     | 94%    |   13.9ms | 1...
[GAMING/SUR] | YouTube  | [Normal]     | 95%    |   17.5ms | its based on height...
[ENTERTAINM] | YouTube  | [Normal]     | 94%    |    9.0ms | 2...
[GAMING/GAM] | YouTube  | [Normal]     | 88%    |   12.1ms | THERE IS A LEAK IN THE ROOM...
[GAMING/GAM] | YouTube  | [Normal]     | 93%    |   14.1ms | lantern is gone from interior...
[GAMING/GAM] | YouTube  | [Normal]     | 95%    |    9.0ms | the king of observation duty...
[MUSIC/CHIL] | YouTube  | [Normal]     | 97%    |   12.3ms | :hot_beverage:...
[ENTERTAINM] | YouTube  | [Normal]     | 94%    |   13.7ms | 1...
[GAMING/SUR] | YouTube  | [Normal]     | 87%    |   12.0ms | no...
[GAMING/SUR] | YouTube  | [Normal]     | 90%    |    9.6ms | WAIT...
[GAMING/SUR] | YouTube  | [Normal]     | 96%    |    8.5ms | Así welyn...
[GAMING/GAM] | YouTube  | [Normal]     | 95%    |   10.1ms | Why don't we ever see other blockbusting...
[GAMING/GAM] | YouTube  | [Normal]     | 97%    |   11.6ms | Good morning...
[GAMING/GAM] | YouTube  | [Normal]     | 93%    |   12.2ms | LAMPPPP...
[ENTERTAINM] | YouTube  | [Normal]     | 94%    |   11.7ms | 1...
[MUSIC/CHIL] | YouTube  | [Normal]     | 54%    |   15.1ms | shish that's fantastic...
[ENTERTAINM] | YouTube  | [Normal]     | 98%    |   25.5ms | :face-turquoise-covering-eyes::face-turq...
[GAMING/GAM] | YouTube  | [Normal]     | 96%    |   10.2ms | BASEMENT MOUSE TRAPS...
[ENTERTAINM] | YouTube  | [Normal]     | 97%    |   16.5ms | love from Maharashtra :red_heart:...
[GAMING/GAM] | YouTube  | [Normal]     | 95%    |   11.5ms | There's a shadow...
[SPORTS/FOO] | YouTube  | [Normal]     | 94%    |   20.0ms | よっしゃ(ﾉ･ω･)ﾉ...
[ENTERTAINM] | YouTube  | [Normal]     | 94%    |   16.5ms | r u gonna watch any world cup games...
[GAMING/SUR] | YouTube  | [Normal]     | 73%    |   22.4ms | doesn't matter wh8ch way...
[GAMING/GAM] | YouTube  | [Normal]     | 96%    |   22.7ms | :grinning_squinting_face::grinning_squin...
[GAMING/GAM] | YouTube  | [Normal]     | 93%    |   22.1ms | F...
[ENTERTAINM] | YouTube  | [Normal]     | 93%    |   20.0ms | yes...
[GAMING/SUR] | YouTube  | [Normal]     | 66%    |   20.1ms | practically radiating smug...
[GAMING/SUR] | YouTube  | [Normal]     | 73%    |   26.1ms | it's like abortion lol...
[ENTERTAINM] | YouTube  | [Normal]     | 98%    |   18.0ms | :face-blue-smiling::face-blue-smiling::f...
[ENTERTAINM] | YouTube  | [Normal]     | 96%    |   11.9ms | Ako ay pilipina...
[GAMING/GAM] | YouTube  | [Normal]     | 92%    |   18.5ms | yeah...
[GAMING/GAM] | YouTube  | [Normal]     | 91%    |   15.0ms | a new try...
[GAMING/GAM] | YouTube  | [Normal]     | 91%    |   18.5ms | noob...
[ENTERTAINM] | YouTube  | [Normal]     | 97%    |   23.6ms | please :pleading_face:...
[GAMING/GAM] | YouTube  | [Normal]     | 91%    |   12.0ms | Noob...
[ENTERTAINM] | YouTube  | [Normal]     | 96%    |   11.5ms | hello jimmy...
[GAMING/GAM] | YouTube  | [Normal]     | 73%    |   12.0ms | Nobo...
[GAMING/SUR] | YouTube  | [Normal]     | 97%    |   17.2ms | dude gave that speech more than once lol...
[GAMING/GAM] | YouTube  | [Normal]     | 37%    |   15.3ms | BAN THEM THEY ARE WRONG...
[GAMING/GAM] | YouTube  | [Normal]     | 97%    |   17.1ms | Actor of the year...
[GAMING/GAM] | YouTube  | [Normal]     | 95%    |   16.1ms | as a librarian I stand behind you lol...
[GAMING/GAM] | YouTube  | [Normal]     | 97%    |   16.2ms | Obversation Duty!!! Leave it. It’s coole...
[GAMING/GAM] | YouTube  | [Normal]     | 85%    |   10.1ms | YOU RIGHT...
[GAMING/GAM] | YouTube  | [Normal]     | 97%    |   10.7ms | STARIWELL RAILING IS MISSING???...
[ENTERTAINM] | YouTube  | [Normal]     | 72%    |    9.1ms | mr pist...
[ENTERTAINM] | YouTube  | [Normal]     | 94%    |    8.9ms | Sri Lanka...
[ENTERTAINM] | YouTube  | [Normal]     | 95%    |    7.5ms | we want to see play button...
[GAMING/GAM] | YouTube  | [Normal]     | 94%    |   10.0ms | THE DAMM BACKPACK...
[MUSIC/CHIL] | YouTube  | [Normal]     | 95%    |   11.0ms | Tutututu...
[GAMING/SUR] | YouTube  | [Normal]     | 97%    |    7.0ms | I wanna see rainbow Six Siege!...
[ENTERTAINM] | YouTube  | [Normal]     | 97%    |    9.5ms | suuuuuuuuuu...
[GAMING/GAM] | YouTube  | [Normal]     | 95%    |    8.0ms | it looks good so far...
[ENTERTAINM] | YouTube  | [Normal]     | 94%    |    7.5ms | SO OLD BUT GOLD...
[ENTERTAINM] | YouTube  | [Normal]     | 96%    |   10.0ms | Altaf...
[ENTERTAINM] | YouTube  | [Normal]     | 98%    |   14.7ms | shoutout please love from Darjeeling :pu...
[GAMING/GAM] | YouTube  | [OFFENSIVE]  | 93%    |   12.0ms | :_markiCHICA::_markiCHICA::_markiCHICA:...
[ENTERTAINM] | YouTube  | [Normal]     | 96%    |   11.6ms | New member...
[GAMING/GAM] | YouTube  | [Normal]     | 92%    |    7.5ms | camera malfunction just means the camera...
[NEWS/LIVE ] | YouTube  | [Normal]     | 86%    |   20.2ms | @mikebriganti2187 you are or arent into ...
[GAMING/GAM] | YouTube  | [Normal]     | 96%    |   24.1ms | This guy looks like the actor in iron lu...
[ENTERTAINM] | YouTube  | [Normal]     | 98%    |   20.3ms | I love watching your videos:smiling_face...
[MUSIC/CHIL] | YouTube  | [Normal]     | 96%    |    8.9ms | Where is your wife Prasa or r uh here fo...
[ENTERTAINM] | YouTube  | [Normal]     | 95%    |   10.6ms | I FROM...
[GAMING/GAM] | YouTube  | [Normal]     | 95%    |    9.9ms | yay...
[GAMING/GAM] | YouTube  | [Normal]     | 97%    |   14.0ms | I love that game. super bizarre tho...
[ENTERTAINM] | YouTube  | [Normal]     | 90%    |   11.5ms | yoo...
[GAMING/GAM] | YouTube  | [OFFENSIVE]  | 49%    |   13.0ms | camera messed up in yard?...
[ENTERTAINM] | YouTube  | [Normal]     | 97%    |    8.1ms | i wanted an iPhone...
[GAMING/GAM] | YouTube  | [Normal]     | 97%    |   15.7ms | Mark the Oscar is comming for you :sligh...
[GAMING/GAM] | YouTube  | [Normal]     | 91%    |    9.2ms | dang this level seems hard...
[GAMING/GAM] | YouTube  | [Normal]     | 95%    |   11.6ms | I hope I can get to the theater to see t...
[PSYCHOLOGY] | YouTube  | [Normal]     | 92%    |   18.1ms | Too often I spend time internally  think...
[GAMING/GAM] | YouTube  | [Normal]     | 95%    |   14.5ms | Hii...
[GAMING/GAM] | YouTube  | [Normal]     | 87%    |   15.0ms | ITS IN YOUR CUPBOARD...
[ENTERTAINM] | YouTube  | [Normal]     | 95%    |   10.6ms | Hii...
[SELF-HELP/] | YouTube  | [Normal]     | 95%    |   25.5ms | @goutham9604 do you feel the same way we...
[GAMING/GAM] | YouTube  | [Normal]     | 92%    |   11.0ms | i liked iron lung mrk good job...
[ENTERTAINM] | YouTube  | [Normal]     | 95%    |   12.8ms | i know...
[GAMING/GAM] | YouTube  | [Normal]     | 90%    |   14.6ms | Hopefully he can obverse these anomalies...
[ENTERTAINM] | YouTube  | [Normal]     | 97%    |   11.7ms | hello from Philippines...
[ENTERTAINM] | YouTube  | [Normal]     | 94%    |   13.5ms | hi...
[ENTERTAINM] | YouTube  | [Normal]     | 95%    |   10.0ms | hiiii...
[SELF-HELP/] | YouTube  | [Normal]     | 96%    |    7.5ms | All this is Love only...
[ENTERTAINM] | YouTube  | [Normal]     | 96%    |    7.0ms | :fire::fire::fire:...
[NEWS/LIVE ] | YouTube  | [Normal]     | 52%    |   10.0ms | WHITE IS THE BEST!!! KARMELO IS PRISON F...
[GAMING/GAM] | YouTube  | [Normal]     | 85%    |   13.0ms | It’s like spooky where’s waldo...
[ENTERTAINM] | YouTube  | [Normal]     | 96%    |   13.2ms | buy me a Car luv from India mrbeast :spa...
[GAMING/GAM] | YouTube  | [Normal]     | 96%    |   15.5ms | HI MARK!! MY BOYFRIEND LOVES YOUUU!!...
[GAMING/SUR] | YouTube  | [Normal]     | 97%    |    8.0ms | aim for the router!...
[GAMING/GAM] | YouTube  | [Normal]     | 91%    |   10.5ms | GUYS HELPPP HIM...
[ENTERTAINM] | YouTube  | [Normal]     | 98%    |   10.1ms | binod...
[GAMING/GAM] | YouTube  | [Normal]     | 96%    |   14.0ms | :red_heart:...
[ENTERTAINM] | YouTube  | [Normal]     | 88%    |   12.5ms | meta crashedd!!!!!!!!!...
[GAMING/GAM] | YouTube  | [Normal]     | 56%    |   13.0ms | yous a goofy boy...
[MUSIC/CHIL] | YouTube  | [Normal]     | 97%    |   11.5ms | bye tc...
[ENTERTAINM] | YouTube  | [Normal]     | 96%    |   13.6ms | Kai cenat?...
[GAMING/GAM] | YouTube  | [Normal]     | 95%    |   11.6ms | yalow mark...
[ENTERTAINM] | YouTube  | [Normal]     | 94%    |   10.5ms | Please...
[ENTERTAINM] | YouTube  | [Normal]     | 98%    |   10.0ms | FROM BANGLADESH :green_circle::red_circl...
[ENTERTAINM] | YouTube  | [Normal]     | 78%    |    8.0ms | ALMOST THETE...
[ENTERTAINM] | YouTube  | [Normal]     | 91%    |    8.0ms | Broooo...
[GAMING/GAM] | YouTube  | [Normal]     | 94%    |   12.5ms | something moved...
[GAMING/GAM] | YouTube  | [Normal]     | 97%    |    9.0ms | stairwell?...
[GAMING/GAM] | YouTube  | [Normal]     | 93%    |    9.7ms | e...
[ENTERTAINM] | YouTube  | [Normal]     | 96%    |   12.5ms | i love u Mr beast from Indonesia...
[ENTERTAINM] | YouTube  | [Normal]     | 95%    |    8.0ms | im 14 years old...
[GAMING/GAM] | YouTube  | [Normal]     | 96%    |    9.6ms | you look very cool mark...
[GAMING/SUR] | YouTube  | [Normal]     | 97%    |    7.0ms | learning experience that's the way to lo...
[ENTERTAINM] | YouTube  | [Normal]     | 93%    |    9.0ms | unsub...
[GAMING/GAM] | YouTube  | [Normal]     | 72%    |    7.0ms | I will rent out a movie theater and put ...
[GAMING/GAM] | YouTube  | [Normal]     | 91%    |    7.1ms | nothing in pit...
[GAMING/GAM] | YouTube  | [Normal]     | 91%    |    7.0ms | hey...
[GAMING/GAM] | YouTube  | [Normal]     | 66%    |   10.5ms | TOO LOUYD...
[GAMING/GAM] | YouTube  | [Normal]     | 97%    |   16.0ms | fog in yard?...
[ENTERTAINM] | YouTube  | [Normal]     | 94%    |   11.0ms | Jimmy...
[ENTERTAINM] | YouTube  | [Normal]     | 87%    |   10.0ms | No who is that?...
[ENTERTAINM] | YouTube  | [Normal]     | 94%    |   14.2ms | hi...
[GAMING/GAM] | YouTube  | [Normal]     | 95%    |   15.6ms | :O...
[GAMING/GAM] | YouTube  | [Normal]     | 95%    |   18.0ms | EXTRA MOUSE TRAP...
[GAMING/GAM] | YouTube  | [OFFENSIVE]  | 72%    |    8.1ms | Creepppyyy...
[GAMING/GAM] | YouTube  | [Normal]     | 97%    |    8.0ms | the bags mark...
[GAMING/SUR] | YouTube  | [Normal]     | 93%    |    9.0ms | sattle it up...
[GAMING/GAM] | YouTube  | [Normal]     | 97%    |   11.4ms | number one crate!...
[ENTERTAINM] | YouTube  | [Normal]     | 97%    |   12.0ms | congratulations for 1 million...
[GAMING/GAM] | YouTube  | [Normal]     | 96%    |   14.0ms | THR MOUSETRAP...
[ENTERTAINM] | YouTube  | [Normal]     | 94%    |    8.0ms | hi...
[ENTERTAINM] | YouTube  | [Normal]     | 93%    |   13.6ms | you watching the usa game today...
[GAMING/GAM] | YouTube  | [Normal]     | 95%    |   27.4ms | :_markiLOVE::_markiLOVE::_markiLOVE::_ma...
[GAMING/GAM] | YouTube  | [Normal]     | 97%    |   23.5ms | Watched Iron Lung last weekend! It was A...
[GAMING/GAM] | YouTube  | [Normal]     | 97%    |   12.0ms | FUSE BOX in Interior...
[PSYCHOLOGY] | YouTube  | [Normal]     | 96%    |   17.1ms | When will it equalize?...
[GAMING/GAM] | YouTube  | [Normal]     | 80%    |   16.0ms | MOUSETRAP IN BASEMENT THE MOST RIGHT ONE...
[ENTERTAINM] | YouTube  | [Normal]     | 97%    |   14.3ms | Suuuuuuiiiiii...
[GAMING/SUR] | YouTube  | [Normal]     | 97%    |   12.2ms | Lmfao this is great...
[GAMING/SUR] | YouTube  | [Normal]     | 97%    |    8.0ms | every door wide open lmao...
[ENTERTAINM] | YouTube  | [Normal]     | 95%    |    7.0ms | hi Mr Beast I love u...
[GAMING/GAM] | YouTube  | [Normal]     | 96%    |    9.6ms | Bottle change in basement?...
[GAMING/GAM] | YouTube  | [Normal]     | 97%    |   14.5ms | EXTRA MOUSETRAP IN BASEMENT...
[ENTERTAINM] | YouTube  | [Normal]     | 95%    |   20.0ms | :person-turqouise-waving:...
[GAMING/GAM] | YouTube  | [Normal]     | 94%    |   10.6ms | Lamp Post Cables...
[ENTERTAINM] | YouTube  | [Normal]     | 95%    |   19.2ms | Play Minecraft...
[GAMING/GAM] | YouTube  | [Normal]     | 95%    |   17.2ms | light...
[ENTERTAINM] | YouTube  | [Normal]     | 96%    |   17.1ms | I know everyone there...
[MUSIC/CHIL] | YouTube  | [Normal]     | 97%    |   21.7ms | :person-turquoise-wizard-wand:...
[GAMING/GAM] | YouTube  | [Normal]     | 97%    |   14.1ms | strange broadcast? That's just Alastor f...
[ENTERTAINM] | YouTube  | [Normal]     | 89%    |   16.6ms | yoooo...
[GAMING/GAM] | YouTube  | [Normal]     | 77%    |   15.6ms | spookyy...
[GAMING/GAM] | YouTube  | [Normal]     | 93%    |   18.0ms | The keepers roam sounds like someone is ...
[ENTERTAINM] | YouTube  | [Normal]     | 94%    |   13.5ms | hi...
[ENTERTAINM] | YouTube  | [Normal]     | 95%    |   15.3ms | hi mr beast i love you...
[ENTERTAINM] | YouTube  | [Normal]     | 97%    |   12.0ms | give 100k...
[GAMING/GAM] | YouTube  | [Normal]     | 89%    |   16.5ms | Resident evil 4 Remake...
[GAMING/GAM] | YouTube  | [Normal]     | 77%    |   17.1ms | THE PIER THING IS BENT...
[ENTERTAINM] | YouTube  | [Normal]     | 94%    |   13.0ms | Hi...
[ENTERTAINM] | YouTube  | [Normal]     | 93%    |   12.0ms | OMG...
[ENTERTAINM] | YouTube  | [Normal]     | 94%    |    9.0ms | HI...
[GAMING/GAM] | YouTube  | [Normal]     | 96%    |   12.5ms | lol...
[ENTERTAINM] | YouTube  | [Normal]     | 78%    |   14.0ms | YOU...
[MUSIC/CHIL] | YouTube  | [Normal]     | 96%    |   15.6ms | Vishuu u understand now...
[GAMING/SUR] | YouTube  | [Normal]     | 92%    |    8.0ms | CLOSE DOOR...
[GAMING/GAM] | YouTube  | [Normal]     | 96%    |   11.0ms | Has there always been a puddle in front ...
[GAMING/GAM] | YouTube  | [Normal]     | 97%    |    8.5ms | Welcome to Member!...
[GAMING/GAM] | YouTube  | [Normal]     | 96%    |   10.0ms | extra bottle pier?...
[ENTERTAINM] | YouTube  | [Normal]     | 78%    |   13.1ms | @mrbeast your the best...
[GAMING/GAM] | YouTube  | [Normal]     | 96%    |   13.0ms | ELEXTRIC BOX...
[GAMING/SUR] | YouTube  | [Normal]     | 92%    |   10.6ms | heli...
[GAMING/SUR] | YouTube  | [Normal]     | 89%    |   16.5ms | CLOSE THE GATE PEANUT...
[GAMING/GAM] | YouTube  | [Normal]     | 93%    |   13.0ms | WE ALL BELIEVED IN YOU MARK...
[GAMING/GAM] | YouTube  | [Normal]     | 69%    |    9.1ms | the ears...
[GAMING/GAM] | YouTube  | [Normal]     | 90%    |    7.0ms | yoo...
[ENTERTAINM] | YouTube  | [Normal]     | 95%    |    6.0ms | تاج راسك :thumbs_up:...
[GAMING/GAM] | YouTube  | [Normal]     | 92%    |    8.0ms | its right there...
[ENTERTAINM] | YouTube  | [Normal]     | 94%    |   10.6ms | hi...
[GAMING/GAM] | YouTube  | [Normal]     | 96%    |   12.0ms | extra bottle pier?...
[NEWS/LIVE ] | YouTube  | [Normal]     | 94%    |   15.0ms | Who killed who ..?...
[GAMING/GAM] | YouTube  | [Normal]     | 64%    |   11.1ms | What a large brain you have...
[ENTERTAINM] | YouTube  | [Normal]     | 92%    |   13.4ms | you give one i phone please...
[GAMING/GAM] | YouTube  | [Normal]     | 93%    |   15.0ms | 2 door knobs in Interior?...
[MUSIC/CHIL] | YouTube  | [Normal]     | 98%    |   15.5ms | ...:face-turquoise-music-note:...
[GAMING/GAM] | YouTube  | [OFFENSIVE]  | 38%    |   16.1ms | Intruder Top Left :face-fuchsia-tongue-o...
[ENTERTAINM] | YouTube  | [Normal]     | 94%    |    8.6ms | WW Aura Farm...
[ENTERTAINM] | YouTube  | [Normal]     | 95%    |    8.0ms | said hi...
[GAMING/GAM] | YouTube  | [Normal]     | 82%    |    7.4ms | Pretty sure I saw an Iron Lung out in th...
[PSYCHOLOGY] | YouTube  | [Normal]     | 96%    |    9.0ms | lol...
[ENTERTAINM] | YouTube  | [Normal]     | 93%    |    8.5ms | Yes...
[MUSIC/CHIL] | YouTube  | [Normal]     | 97%    |   13.6ms | yes good New my :spade_suit:...
[GAMING/GAM] | YouTube  | [Normal]     | 88%    |   11.1ms | wibble wobble...
[ENTERTAINM] | YouTube  | [Normal]     | 97%    |   13.2ms | Hi Mr.Beast...
[GAMING/GAM] | YouTube  | [Normal]     | 94%    |   12.6ms | Camera...
[GAMING/GAM] | YouTube  | [Normal]     | 85%    |   15.7ms | there was a wibble wobble!...
[GAMING/GAM] | YouTube  | [Normal]     | 96%    |   10.1ms | THE PILLAR AT THE STAIRWELL IS ROTATING...
[ENTERTAINM] | YouTube  | [Normal]     | 88%    |   13.3ms | @Mrbeast...
[GAMING/GAM] | YouTube  | [Normal]     | 94%    |   13.2ms | FOG...
[ENTERTAINM] | YouTube  | [Normal]     | 94%    |   24.2ms | :buffering::buffering::buffering::buffer...
[ENTERTAINM] | YouTube  | [Normal]     | 98%    |   11.3ms | :hand-pink-waving:...
[GAMING/GAM] | YouTube  | [Normal]     | 84%    |   13.2ms | the cross is missing from the end of the...
[GAMING/GAM] | YouTube  | [Normal]     | 95%    |    8.5ms | extra lamp...
[ENTERTAINM] | YouTube  | [Normal]     | 96%    |    9.0ms | привет...
[GAMING/GAM] | YouTube  | [Normal]     | 85%    |   10.0ms | DEAD BODY IN CABIN...
[ENTERTAINM] | YouTube  | [OFFENSIVE]  | 83%    |   13.6ms | Letsssss goooooooooo...
[PSYCHOLOGY] | YouTube  | [HATE]       | 87%    |   14.0ms | Cockblockers...
[GAMING/GAM] | YouTube  | [Normal]     | 97%    |   14.8ms | I had a dream of this...
[ENTERTAINM] | YouTube  | [Normal]     | 96%    |    8.0ms | Jimmy  do you think you can handle 600 m...
[ENTERTAINM] | YouTube  | [Normal]     | 94%    |   16.8ms | Indonesia...
[ENTERTAINM] | YouTube  | [Normal]     | 90%    |   14.3ms | USA...
[ENTERTAINM] | YouTube  | [Normal]     | 91%    |    8.1ms | DO for carry...
[ENTERTAINM] | YouTube  | [Normal]     | 90%    |    8.0ms | mexico...
[GAMING/GAM] | YouTube  | [Normal]     | 93%    |   12.8ms | blahblahblah im markiplier. 27 million r...
[GAMING/GAM] | YouTube  | [Normal]     | 90%    |    7.1ms | light anomaly in the light house...
[ENTERTAINM] | YouTube  | [Normal]     | 94%    |    6.6ms | hi...
[GAMING/GAM] | YouTube  | [Normal]     | 97%    |   14.0ms | PURPLE TOWEL IN LANTERN ROOM!!...
[GAMING/GAM] | YouTube  | [Normal]     | 90%    |   15.6ms | I’m just waiting for an intruder to pop ...
[NEWS/LIVE ] | YouTube  | [Normal]     | 95%    |   10.5ms | GOD BLESS MY WHITENESS. JOEY AGREES!!...
[ENTERTAINM] | YouTube  | [Normal]     | 97%    |   13.6ms | i love Hollywood horror movie's...
[ENTERTAINM] | YouTube  | [Normal]     | 94%    |   12.0ms | hi...
[ENTERTAINM] | YouTube  | [Normal]     | 91%    |   10.0ms | Portugal...
[GAMING/SUR] | YouTube  | [Normal]     | 79%    |   18.1ms | p you must start shutting doors and gate...
[MUSIC/CHIL] | YouTube  | [Normal]     | 94%    |    8.0ms | eu nu alerg după bogății...
[GAMING/GAM] | YouTube  | [Normal]     | 96%    |    7.0ms | :_markiJIM:...
[ENTERTAINM] | YouTube  | [Normal]     | 94%    |    7.0ms | 1...
[GAMING/GAM] | YouTube  | [Normal]     | 96%    |    7.1ms | BARRELS TURNED...
[PSYCHOLOGY] | YouTube  | [Normal]     | 89%    |    6.6ms | but it goes both for men and women...
[GAMING/GAM] | YouTube  | [Normal]     | 96%    |    7.0ms | BARREL ORIENTATION IN BASEMENT...
[ENTERTAINM] | YouTube  | [Normal]     | 90%    |    7.6ms | 𝙷𝚎𝚕𝚕𝚘...
[GAMING/GAM] | YouTube  | [Normal]     | 88%    |   21.5ms | There is a camera malfunction in basemen...
[ENTERTAINM] | YouTube  | [Normal]     | 94%    |   11.0ms | 1...
[GAMING/SUR] | YouTube  | [Normal]     | 96%    |   16.0ms | Oil let welyn do the turrets...
[GAMING/SUR] | YouTube  | [Normal]     | 91%    |   11.7ms | a welyn's work is never done...
[SELF-HELP/] | YouTube  | [Normal]     | 96%    |    8.0ms | :D...
[ENTERTAINM] | YouTube  | [Normal]     | 94%    |   15.0ms | 1...
[GAMING/GAM] | YouTube  | [Normal]     | 96%    |   14.0ms | lamp moved in interior...
[GAMING/SUR] | YouTube  | [Normal]     | 91%    |   15.1ms | DILLON DANIS IS NOT IN UFC...
[PSYCHOLOGY] | YouTube  | [Normal]     | 97%    |   14.1ms | a big part...
[GAMING/GAM] | YouTube  | [Normal]     | 88%    |    7.2ms | pluggin a movie with a few clicks is wil...
[GAMING/GAM] | YouTube  | [Normal]     | 97%    |    9.6ms | hiiii mark!!!!!...
[ENTERTAINM] | YouTube  | [Normal]     | 94%    |    8.0ms | Unsubscribed what...
[PSYCHOLOGY] | YouTube  | [Normal]     | 96%    |    7.5ms | Dr. K to restaurant bro: So let's think ...
[GAMING/GAM] | YouTube  | [Normal]     | 93%    |    8.0ms | Light not spinning...
[GAMING/GAM] | YouTube  | [Normal]     | 97%    |    5.6ms | PIER: extra bottle by shack...
[GAMING/GAM] | YouTube  | [Normal]     | 83%    |   10.0ms | Iron lung is peak fiction...
[GAMING/GAM] | YouTube  | [Normal]     | 96%    |   20.5ms | :anxious_face_with_sweat:...
[MUSIC/CHIL] | YouTube  | [Normal]     | 98%    |   15.6ms | Syed :comet::small_blue_diamond:me moral...
[ENTERTAINM] | YouTube  | [Normal]     | 93%    |   10.0ms | Mr beast can you pay my world cup ticket...
[GAMING/GAM] | YouTube  | [Normal]     | 94%    |   12.5ms | I saw that wobble!!...
[SELF-HELP/] | YouTube  | [Normal]     | 72%    |   10.0ms | dr k are you broken...
[GAMING/GAM] | YouTube  | [Normal]     | 88%    |   10.5ms | dock...
[PSYCHOLOGY] | YouTube  | [Normal]     | 92%    |   15.0ms | hih go dr k...
[ENTERTAINM] | YouTube  | [Normal]     | 94%    |    8.4ms | 1...
[GAMING/GAM] | YouTube  | [Normal]     | 96%    |   11.6ms | hi markkkk...
[GAMING/GAM] | YouTube  | [Normal]     | 97%    |   12.0ms | BARRELS MOVED DIRECTIONS IN BASEMENT...
[GAMING/SUR] | YouTube  | [Normal]     | 96%    |   15.1ms | he has the bp...
[GAMING/GAM] | YouTube  | [Normal]     | 92%    |   12.0ms | the ropes...
[GAMING/GAM] | YouTube  | [Normal]     | 68%    |   10.0ms | TOO MUCH LADDER...
[GAMING/GAM] | YouTube  | [Normal]     | 96%    |   14.7ms | EXTRA. BOTTLE. IN. THE. PEIR...
[ENTERTAINM] | YouTube  | [Normal]     | 98%    |   14.4ms | bro I want to participate in your challe...
[ENTERTAINM] | YouTube  | [Normal]     | 98%    |    9.5ms | :text-green-game-over::text-green-game-o...
[GAMING/GAM] | YouTube  | [Normal]     | 95%    |    7.8ms | The panel in front of the lighthouse lig...
[GAMING/GAM] | YouTube  | [Normal]     | 96%    |    7.5ms | try max payne 3 multiplayer...
[PSYCHOLOGY] | YouTube  | [Normal]     | 78%    |    7.1ms | A part of you opposite to identity...
[GAMING/GAM] | YouTube  | [Normal]     | 96%    |    7.0ms | hi mark...
[GAMING/GAM] | YouTube  | [Normal]     | 88%    |   12.7ms | THE BARREL IS SHORTER...
[MUSIC/CHIL] | YouTube  | [Normal]     | 97%    |   21.1ms | :moai::blue_heart::balloon:...
[GAMING/SUR] | YouTube  | [Normal]     | 93%    |   16.6ms | Gingy is a cool guy and excellent suppor...
[ENTERTAINM] | YouTube  | [Normal]     | 93%    |   11.0ms | wtf...
[GAMING/GAM] | YouTube  | [Normal]     | 93%    |   11.0ms | Stair rail moved...
[MUSIC/CHIL] | YouTube  | [Normal]     | 96%    |   11.6ms | :musical_note::man_in_steamy_room:...
[GAMING/SUR] | YouTube  | [Normal]     | 80%    |   12.0ms | YOU GOT IT...
[GAMING/GAM] | YouTube  | [Normal]     | 78%    |   21.5ms | INTRUDER TOP LEFT OMGGGG...
[GAMING/GAM] | YouTube  | [Normal]     | 97%    |   15.0ms | BARRELS ROTATED...
[GAMING/GAM] | YouTube  | [Normal]     | 78%    |   25.5ms | Just watched Iron Lung in Germany!...
[GAMING/GAM] | YouTube  | [Normal]     | 96%    |   19.2ms | There's extra bottles at the dock...
[GAMING/SUR] | YouTube  | [Normal]     | 96%    |   13.0ms | windmill to main battery...
[GAMING/GAM] | YouTube  | [Normal]     | 97%    |    9.0ms | green bucket is filled @markiplier...
[GAMING/GAM] | YouTube  | [Normal]     | 95%    |    8.0ms | We see the hairline mark...
[ENTERTAINM] | YouTube  | [Normal]     | 94%    |   12.6ms | :ok_hand::ok_hand::ok_hand::ok_hand::ok_...
[GAMING/GAM] | YouTube  | [Normal]     | 85%    |    7.0ms | foggy yard...
[GAMING/GAM] | YouTube  | [Normal]     | 94%    |    6.0ms | hi...
[ENTERTAINM] | YouTube  | [Normal]     | 93%    |    6.6ms | Who are you bro?...
[MUSIC/CHIL] | YouTube  | [Normal]     | 95%    |   10.0ms | my name is Ani adyhh sister...
[GAMING/GAM] | YouTube  | [OFFENSIVE]  | 50%    |   11.5ms | WHAT THE HELL...
[ENTERTAINM] | YouTube  | [Normal]     | 95%    |   10.0ms | Россия Россия Россия Россия...
[GAMING/SUR] | YouTube  | [Normal]     | 89%    |   14.1ms | wtf they capped the amount of turrets...
[GAMING/GAM] | YouTube  | [Normal]     | 90%    |   10.6ms | Sirens huh...
[ENTERTAINM] | YouTube  | [Normal]     | 92%    |   10.0ms | MrBeast...
[GAMING/GAM] | YouTube  | [Normal]     | 92%    |   10.5ms | Woah...
[GAMING/GAM] | YouTube  | [Normal]     | 93%    |   11.4ms | is iron lung going to be on a streaming ...
[GAMING/GAM] | YouTube  | [Normal]     | 96%    |    9.0ms | MARK PLEASE FIREPLACE...
[ENTERTAINM] | YouTube  | [Normal]     | 97%    |   24.0ms | kitabi rujhaan ask...
[GAMING/GAM] | YouTube  | [Normal]     | 97%    |   24.2ms | BACKPACK HANGING FROM LANTERN ROOM HAS A...
[GAMING/GAM] | YouTube  | [Normal]     | 88%    |   18.3ms | ypu telling me the crab lady counts as a...
[ENTERTAINM] | YouTube  | [Normal]     | 96%    |   19.7ms | New member...
[MUSIC/CHIL] | YouTube  | [Normal]     | 95%    |   32.2ms | nu te judeca dur nu te taxează vezi daca...
[GAMING/GAM] | YouTube  | [Normal]     | 97%    |   20.3ms | I saw that one but havent checked it out...
[ENTERTAINM] | YouTube  | [Normal]     | 91%    |   14.9ms | yo jimmy...
[GAMING/GAM] | YouTube  | [Normal]     | 95%    |   17.5ms | THE RAILING MARK THE RAILING...
[GAMING/SUR] | YouTube  | [Normal]     | 97%    |   24.6ms | Get a fajita-rrito...
[GAMING/GAM] | YouTube  | [Normal]     | 96%    |   25.8ms | whats that red thing on the lower left i...
[ENTERTAINM] | YouTube  | [Normal]     | 95%    |   16.9ms | yooo...
[GAMING/GAM] | YouTube  | [Normal]     | 95%    |   18.3ms | it seems fine I don't think anything cha...
[GAMING/GAM] | YouTube  | [Normal]     | 86%    |   10.0ms | Middle post in Yard is too long...
[GAMING/GAM] | YouTube  | [Normal]     | 92%    |    7.5ms | im on the last one...
[PSYCHOLOGY] | YouTube  | [Normal]     | 90%    |    9.7ms | It confusing when the words are almost t...
[MUSIC/CHIL] | YouTube  | [Normal]     | 95%    |    8.5ms | :frowning_face:...
[GAMING/SUR] | YouTube  | [Normal]     | 94%    |   10.1ms | RIP TRUMP...
[ENTERTAINM] | YouTube  | [Normal]     | 98%    |   12.4ms | :wilted_flower:...
[ENTERTAINM] | YouTube  | [Normal]     | 94%    |   11.3ms | follow...
[ENTERTAINM] | YouTube  | [Normal]     | 98%    |   18.0ms | :purple_heart::purple_heart::purple_hear...
[GAMING/GAM] | YouTube  | [Normal]     | 98%    |   29.6ms | Red light in the top left Red light in t...
[GAMING/GAM] | YouTube  | [Normal]     | 88%    |    8.0ms | intruder top left...
[GAMING/SUR] | YouTube  | [Normal]     | 86%    |   10.0ms | Im funny then...
[GAMING/GAM] | YouTube  | [Normal]     | 96%    |    8.0ms | it's BENT...
[GAMING/GAM] | YouTube  | [Normal]     | 85%    |    9.0ms | IT MOOOOOOVED...
[NEWS/LIVE ] | YouTube  | [Normal]     | 90%    |    8.0ms | No remorse...
[GAMING/GAM] | YouTube  | [Normal]     | 95%    |   13.5ms | RAILING MOVEMENT...
[SELF-HELP/] | YouTube  | [Normal]     | 81%    |   14.5ms | be special and weird  got it  ill try th...
[GAMING/GAM] | YouTube  | [Normal]     | 95%    |   17.5ms | THE BROKEN RAIL MOVED FOR THE LOVE OF AL...
[NEWS/LIVE ] | YouTube  | [Normal]     | 87%    |   18.5ms | WHAT HAPPENED TICKLETOES?? YOU SWITCHED ...
[GAMING/GAM] | YouTube  | [Normal]     | 93%    |   16.0ms | BROKEN ONE MOVED...
[GAMING/GAM] | YouTube  | [Normal]     | 94%    |   14.0ms | Wait go back i think i saw diamonds...
[ENTERTAINM] | YouTube  | [Normal]     | 95%    |   10.0ms | Paul from UGANDA...
[ENTERTAINM] | YouTube  | [Normal]     | 82%    |    9.5ms | :party_popper::party_popper::party_poppe...
[SELF-HELP/] | YouTube  | [Normal]     | 59%    |   12.6ms | twitch chat kicks our ass every single t...
[GAMING/GAM] | YouTube  | [Normal]     | 96%    |    9.0ms | gotteem...
[SELF-HELP/] | YouTube  | [Normal]     | 98%    |    7.7ms | I scored 9 / 10 on ACE. I'm special....
[ENTERTAINM] | YouTube  | [Normal]     | 90%    |    8.0ms | what is your favourite youtuber...
[ENTERTAINM] | YouTube  | [Normal]     | 97%    |    8.0ms | hello mr.beast...
[ENTERTAINM] | YouTube  | [Normal]     | 97%    |   12.0ms | ازيك يا مستر بيست...
[GAMING/SUR] | YouTube  | [Normal]     | 93%    |    8.6ms | it's a grid cap...
[SELF-HELP/] | YouTube  | [Normal]     | 94%    |   15.4ms | ish...
[ENTERTAINM] | YouTube  | [Normal]     | 94%    |   13.0ms | come to Ukraine friend...
[ENTERTAINM] | YouTube  | [Normal]     | 93%    |   13.0ms | лол...
[ENTERTAINM] | YouTube  | [Normal]     | 90%    |   42.2ms | :stayhome::stayhome::stayhome::stayhome:...
[ENTERTAINM] | YouTube  | [Normal]     | 97%    |   12.0ms | congratulations 500M...
[GAMING/GAM] | YouTube  | [Normal]     | 91%    |   22.1ms | MARK THE GAS CAN MOVED IN THE YARD IM TE...
[GAMING/GAM] | YouTube  | [Normal]     | 83%    |   17.5ms | THE RAIL IS BROKEN IS THE STAIRWELL...
[GAMING/GAM] | YouTube  | [Normal]     | 96%    |   16.0ms | 2 mark...
[GAMING/GAM] | YouTube  | [Normal]     | 96%    |   12.7ms | Hi mark...
[SELF-HELP/] | YouTube  | [Normal]     | 93%    |   17.1ms | As a child  I was put into an accelerati...
[GAMING/GAM] | YouTube  | [Normal]     | 60%    |   15.0ms | There's a devilishly handsome man in the...
[GAMING/GAM] | YouTube  | [Normal]     | 94%    |   12.0ms | The papers are missing from the desk in ...
[GAMING/GAM] | YouTube  | [Normal]     | 67%    |   15.5ms | THE LONGER ONEEEEEEEE MARK THE LONGER RO...
[GAMING/GAM] | YouTube  | [Normal]     | 86%    |   11.0ms | INTRUDER...
[GAMING/SUR] | YouTube  | [Normal]     | 94%    |   14.0ms | bro should've did some cable management...
[GAMING/GAM] | YouTube  | [Normal]     | 97%    |   15.4ms | extra box in the stairwell top left...
[ENTERTAINM] | YouTube  | [Normal]     | 96%    |   14.6ms | hiiiiiiiiiiiiiiiiiiiiiiiiii...
[ENTERTAINM] | YouTube  | [Normal]     | 93%    |    9.7ms | how to get XP...
[ENTERTAINM] | YouTube  | [Normal]     | 43%    |   12.6ms | leeeeetsssss gooo...
[ENTERTAINM] | YouTube  | [Normal]     | 95%    |   13.0ms | ff...
[GAMING/SUR] | YouTube  | [Normal]     | 71%    |   11.0ms | NOOOOOOOOOOOOOOOOOOOOOOOOOO...
[GAMING/SUR] | YouTube  | [Normal]     | 87%    |   15.1ms | No...
[ENTERTAINM] | YouTube  | [Normal]     | 93%    |   13.0ms | hlo...
[GAMING/GAM] | YouTube  | [Normal]     | 96%    |    8.0ms | STAIRWELL RAILING ROTATED LEFT OF THE SQ...
[ENTERTAINM] | YouTube  | [Normal]     | 77%    |    8.0ms | PUBG AND FREFIRE...
[GAMING/GAM] | YouTube  | [Normal]     | 96%    |    8.7ms | ARROW ANOMALIES ON UR SCREEN...
[GAMING/GAM] | YouTube  | [Normal]     | 92%    |    8.0ms | Intruder behind Makiplier...
[GAMING/GAM] | YouTube  | [Normal]     | 95%    |   20.0ms | THE STAIRWELL IS FINE...
[ENTERTAINM] | YouTube  | [Normal]     | 93%    |   15.2ms | mr beast im frommm the Philippines can y...
[ENTERTAINM] | YouTube  | [Normal]     | 96%    |   13.1ms | Mr beast vs chandler...
[GAMING/GAM] | YouTube  | [Normal]     | 97%    |   13.0ms | was the little red oil can always in the...
[ENTERTAINM] | YouTube  | [Normal]     | 95%    |   10.1ms | aaaaaaaaa...
[GAMING/GAM] | YouTube  | [Normal]     | 95%    |   13.0ms | Missing box in front of the map...
[PSYCHOLOGY] | YouTube  | [Normal]     | 97%    |   11.6ms | I FEEL SEEN lol...
[GAMING/SUR] | YouTube  | [Normal]     | 94%    |   12.0ms | 10...
[GAMING/GAM] | YouTube  | [Normal]     | 92%    |    7.6ms | Not the wind...
[GAMING/SUR] | YouTube  | [Normal]     | 93%    |   15.0ms | hahahahahhahah...
[ENTERTAINM] | YouTube  | [Normal]     | 94%    |    7.0ms | hi...
[GAMING/SUR] | YouTube  | [Normal]     | 94%    |   21.2ms | 10...
[GAMING/SUR] | YouTube  | [Normal]     | 94%    |   18.1ms | 10...
[GAMING/SUR] | YouTube  | [Normal]     | 95%    |   17.4ms | ?????...
[GAMING/GAM] | YouTube  | [Normal]     | 96%    |   17.1ms | HOLA PLAYER2...
[PSYCHOLOGY] | YouTube  | [Normal]     | 95%    |   17.0ms | INCEL...
[ENTERTAINM] | YouTube  | [Normal]     | 96%    |   20.5ms | 2k...
[PSYCHOLOGY] | YouTube  | [Normal]     | 96%    |   13.1ms | respect for being honest...
[GAMING/SUR] | YouTube  | [Normal]     | 94%    |   17.6ms | LOL ofc its still wrong...
[GAMING/GAM] | YouTube  | [Normal]     | 96%    |   13.3ms | when will that movie be in Europe?...
[GAMING/GAM] | YouTube  | [Normal]     | 86%    |   12.7ms | Under the bed...
[ENTERTAINM] | YouTube  | [Normal]     | 92%    |    9.1ms | Let’s go!!!!...
[GAMING/GAM] | YouTube  | [Normal]     | 95%    |   10.6ms | GASOLINE TANK...
[GAMING/GAM] | YouTube  | [Normal]     | 92%    |    9.5ms | uhoh...
[ENTERTAINM] | YouTube  | [Normal]     | 97%    |   14.5ms | love from Bangladesh :red_heart:...
[ENTERTAINM] | YouTube  | [Normal]     | 94%    |   11.9ms | 67k left...
[GAMING/GAM] | YouTube  | [Normal]     | 81%    |   12.0ms | Clearly the dead body that was called in...
[GAMING/GAM] | YouTube  | [Normal]     | 48%    |   14.8ms | WHAT DO YOU MEAN SHES PRETTY...
[GAMING/GAM] | YouTube  | [Normal]     | 72%    |   14.4ms | That might have been the guy they send t...
[GAMING/GAM] | YouTube  | [Normal]     | 93%    |   17.7ms | WWW...
[GAMING/GAM] | YouTube  | [Normal]     | 93%    |   13.4ms | pan under the bed...
[GAMING/GAM] | YouTube  | [Normal]     | 98%    |   13.0ms | purple cloth!! moved!!!...
[ENTERTAINM] | YouTube  | [Normal]     | 97%    |   19.4ms | Been subscribed since 7 million...
[GAMING/GAM] | YouTube  | [Normal]     | 80%    |   20.0ms | dead body under the sheets...
[ENTERTAINM] | YouTube  | [Normal]     | 95%    |   12.0ms | hii...
[ENTERTAINM] | YouTube  | [Normal]     | 95%    |   41.4ms | :nazar_amulet::nazar_amulet::nazar_amule...
[ENTERTAINM] | YouTube  | [Normal]     | 96%    |   17.9ms | Mr beast make your next Video a challeng...
[GAMING/GAM] | YouTube  | [Normal]     | 92%    |   18.0ms | HEY WSPPP...
[ENTERTAINM] | YouTube  | [Normal]     | 95%    |   15.0ms | bro please 1k please...
[ENTERTAINM] | YouTube  | [Normal]     | 93%    |   19.1ms | هههههههههه...
[ENTERTAINM] | YouTube  | [Normal]     | 98%    |   31.2ms | :chequered_flag::chequered_flag::chequer...
[ENTERTAINM] | YouTube  | [Normal]     | 97%    |   37.0ms | :face-purple-crying::face-purple-crying:...
[ENTERTAINM] | YouTube  | [Normal]     | 97%    |   11.6ms | love from nepal...
[GAMING/GAM] | YouTube  | [Normal]     | 96%    |   14.5ms | it’s faint but there’s a few extra rope ...
[ENTERTAINM] | YouTube  | [Normal]     | 93%    |   12.4ms | Man I remember when you used to do pewDi...
[GAMING/GAM] | YouTube  | [Normal]     | 96%    |    7.1ms | thanks...
[NEWS/LIVE ] | YouTube  | [Normal]     | 95%    |   10.0ms | My covid has AIDS...
[SELF-HELP/] | YouTube  | [Normal]     | 83%    |   10.0ms | There is a cost for IQ just as there is ...
[GAMING/GAM] | YouTube  | [Normal]     | 94%    |    8.3ms | uhhhh...
[ENTERTAINM] | YouTube  | [Normal]     | 96%    |   11.6ms | where is your outro song?...
[ENTERTAINM] | YouTube  | [Normal]     | 96%    |    7.6ms | базар жок...
[GAMING/GAM] | YouTube  | [Normal]     | 83%    |    8.0ms | THE RUMBLING...
[ENTERTAINM] | YouTube  | [Normal]     | 97%    |   25.5ms | :persevering_face::revolving_hearts::per...
[SELF-HELP/] | YouTube  | [Normal]     | 61%    |   16.1ms | higher Iq does not correlate with better...
[GAMING/SUR] | YouTube  | [Normal]     | 91%    |   17.0ms | I think u need wind turbine...
[GAMING/GAM] | YouTube  | [Normal]     | 96%    |   10.4ms | bed in the cabin?...
[GAMING/SUR] | YouTube  | [Normal]     | 80%    |   15.0ms | half wall the back side...
[ENTERTAINM] | YouTube  | [Normal]     | 94%    |    8.6ms | wooo...
[GAMING/GAM] | YouTube  | [HATE]       | 88%    |   13.0ms | Humans are way creepier than we give our...
[GAMING/GAM] | YouTube  | [Normal]     | 56%    |   13.0ms | LETSGOOO...
[ENTERTAINM] | YouTube  | [Normal]     | 93%    |   14.0ms | Ski...
[ENTERTAINM] | YouTube  | [Normal]     | 96%    |   12.6ms | الكفن505...
[GAMING/GAM] | YouTube  | [Normal]     | 91%    |   11.0ms | w...
[ENTERTAINM] | YouTube  | [Normal]     | 98%    |   20.1ms | رد مستر بيست :pensive_face::folded_hands...
[ENTERTAINM] | YouTube  | [Normal]     | 97%    |   21.0ms | Yo MrBeast! Watching the stream  you're ...
[GAMING/GAM] | YouTube  | [Normal]     | 88%    |   17.1ms | ggy...
[ENTERTAINM] | YouTube  | [Normal]     | 97%    |   25.6ms | Welcome to the final show...
[ENTERTAINM] | YouTube  | [Normal]     | 97%    |   27.6ms | cookies Mr beast don't forget...
[ENTERTAINM] | YouTube  | [Normal]     | 97%    |   17.0ms | hallo shabil...
[GAMING/SUR] | YouTube  | [Normal]     | 42%    |   19.1ms | put one wall on the right side of each t...
[ENTERTAINM] | YouTube  | [Normal]     | 97%    |   19.3ms | :text-green-game-over:...
[GAMING/GAM] | YouTube  | [Normal]     | 95%    |   19.0ms | yay...
[ENTERTAINM] | YouTube  | [Normal]     | 96%    |   19.5ms | I need new running shoes...
[GAMING/GAM] | YouTube  | [Normal]     | 97%    |   11.6ms | observation duty movie?!...
[GAMING/SUR] | YouTube  | [Normal]     | 54%    |    8.0ms | the proper question is "are we partaking...
[GAMING/GAM] | YouTube  | [Normal]     | 97%    |   10.1ms | thank you mark we love you mark...
[GAMING/SUR] | YouTube  | [Normal]     | 92%    |    6.0ms | you can do multiple clicks...
[GAMING/GAM] | YouTube  | [Normal]     | 96%    |   15.5ms | is it coming to Brazil ?...
[GAMING/GAM] | YouTube  | [Normal]     | 91%    |   15.1ms | UR SO ATTRACTIVE...
[GAMING/GAM] | YouTube  | [Normal]     | 80%    |   14.5ms | Hey mark  is it true to went on a date w...
[MUSIC/CHIL] | YouTube  | [Normal]     | 96%    |   13.5ms | :face_with_raised_eyebrow::face_with_rai...
[GAMING/GAM] | YouTube  | [Normal]     | 93%    |   13.0ms | NUMBER ONE BABY...
[GAMING/GAM] | YouTube  | [Normal]     | 92%    |   10.6ms | so no showing in Italy?...
[ENTERTAINM] | YouTube  | [Normal]     | 97%    |   21.0ms | Мистер Бист  я хочу пиццу...
[GAMING/GAM] | YouTube  | [Normal]     | 97%    |    9.0ms | Watched the movie last Tuesday and drew ...
[GAMING/SUR] | YouTube  | [Normal]     | 95%    |    7.7ms | Hello guys...
[ENTERTAINM] | YouTube  | [Normal]     | 98%    |   12.6ms | :face-blue-smiling::face-blue-smiling::f...
[GAMING/GAM] | YouTube  | [Normal]     | 98%    |    9.0ms | Blu-ray...
[ENTERTAINM] | YouTube  | [Normal]     | 94%    |    9.0ms | ok...
[ENTERTAINM] | YouTube  | [Normal]     | 97%    |    8.0ms | بعد ما توصل نص مليون هتعمل ايه يعني...
[ENTERTAINM] | YouTube  | [Normal]     | 97%    |    7.0ms | love from india...
[GAMING/GAM] | YouTube  | [Normal]     | 97%    |    7.0ms | I NEED THTA BLU-RAY...
[MUSIC/CHIL] | YouTube  | [Normal]     | 97%    |   18.8ms | :musical_notes::musical_notes::hot_bever...
[PSYCHOLOGY] | YouTube  | [Normal]     | 94%    |   13.0ms | The ideal is that we live in a society t...
[ENTERTAINM] | YouTube  | [Normal]     | 97%    |   19.1ms | Can you give me a free phone  Jimmy? I o...
[ENTERTAINM] | YouTube  | [Normal]     | 98%    |   28.2ms | :stopwatch-blue-hand-timer::stopwatch-bl...
[ENTERTAINM] | YouTube  | [Normal]     | 67%    |   19.0ms | les gooo...
[ENTERTAINM] | YouTube  | [Normal]     | 98%    |   37.6ms | :hand-pink-waving::hand-pink-waving::han...
[ENTERTAINM] | YouTube  | [Normal]     | 88%    |   14.9ms | @MrBeast...
[ENTERTAINM] | YouTube  | [Normal]     | 95%    |   15.0ms | 6 7...
[ENTERTAINM] | YouTube  | [Normal]     | 90%    |   10.0ms | What...
[PSYCHOLOGY] | YouTube  | [Normal]     | 51%    |    8.6ms | why has the facade of social justice all...
[GAMING/GAM] | YouTube  | [Normal]     | 96%    |   18.0ms | can't wait to buy the dvd!...
[ENTERTAINM] | YouTube  | [Normal]     | 93%    |   12.0ms | suomi...
[PSYCHOLOGY] | YouTube  | [Normal]     | 93%    |   15.4ms | ayo anime that I can get behind...
[GAMING/SUR] | YouTube  | [Normal]     | 94%    |   18.3ms | at this rate of electrical engineering w...
[GAMING/GAM] | YouTube  | [Normal]     | 96%    |   12.0ms | garten of banban movie when ? u promised...
[GAMING/GAM] | YouTube  | [Normal]     | 83%    |   15.2ms | The Iron Lung guy!...
[GAMING/GAM] | YouTube  | [Normal]     | 88%    |   15.5ms | I’ve never seen someone more deserving t...
[ENTERTAINM] | YouTube  | [Normal]     | 96%    |   10.7ms | New member...
[ENTERTAINM] | YouTube  | [Normal]     | 91%    |   11.5ms | yo jimmy...
[ENTERTAINM] | YouTube  | [Normal]     | 98%    |    7.4ms | :face-blue-smiling::face-blue-smiling::f...
[PSYCHOLOGY] | YouTube  | [Normal]     | 94%    |   13.7ms | Was gonna be Goku for awhile...
[ENTERTAINM] | YouTube  | [Normal]     | 96%    |   13.5ms | im your biggest fan from sri lanka...
[ENTERTAINM] | YouTube  | [Normal]     | 95%    |   12.2ms | Hello...
[GAMING/GAM] | YouTube  | [Normal]     | 97%    |   14.0ms | -------liquid vinyl for soundtrack?-----...
[GAMING/SUR] | YouTube  | [Normal]     | 91%    |   14.6ms | make the switch just for the turrets...
[GAMING/SUR] | YouTube  | [Normal]     | 92%    |    8.2ms | HAHAHHAHAHA...
[GAMING/GAM] | YouTube  | [Normal]     | 83%    |    9.0ms | There's an intruder in the top left corn...
[GAMING/GAM] | YouTube  | [Normal]     | 93%    |    6.5ms | mark dont miss the anomaly behind you...
[MUSIC/CHIL] | YouTube  | [Normal]     | 97%    |   16.0ms | Gibbs ft. Pezet - Karnawał [TARKA REMIX]...
[GAMING/SUR] | YouTube  | [Normal]     | 96%    |   15.0ms | let welyn do this for the love of god...
[ENTERTAINM] | YouTube  | [Normal]     | 96%    |    9.0ms | I was here...
[GAMING/SUR] | YouTube  | [OFFENSIVE]  | 63%    |   20.0ms | as a dayz player the base and building i...
[GAMING/GAM] | YouTube  | [Normal]     | 97%    |   18.1ms | the skeleton moved...
[ENTERTAINM] | YouTube  | [Normal]     | 97%    |   20.0ms | hy bro i am from pakistan...
[ENTERTAINM] | YouTube  | [Normal]     | 94%    |   15.0ms | 46212...
[ENTERTAINM] | YouTube  | [Normal]     | 98%    |   18.0ms | :hand-pink-waving::hand-pink-waving::han...
[ENTERTAINM] | YouTube  | [Normal]     | 90%    |   13.0ms | 快五億了...
[GAMING/GAM] | YouTube  | [Normal]     | 90%    |   12.3ms | Slender man looking figure in window of ...
[GAMING/SUR] | YouTube  | [Normal]     | 96%    |   11.2ms | lol...
[SELF-HELP/] | YouTube  | [Normal]     | 89%    |   11.0ms | unbearable amount to carry...
[GAMING/GAM] | YouTube  | [Normal]     | 89%    |   18.0ms | You're the anomaly (imagine this as rosa...
[ENTERTAINM] | YouTube  | [Normal]     | 97%    |   22.9ms | Who's winning the fifa world cup broda...
[ENTERTAINM] | YouTube  | [Normal]     | 96%    |   15.6ms | My name is Ahmad...
[GAMING/GAM] | YouTube  | [Normal]     | 96%    |   12.1ms | lol...
[MUSIC/CHIL] | YouTube  | [Normal]     | 96%    |   23.1ms | mn to nhi tha aane ka...
[GAMING/GAM] | YouTube  | [Normal]     | 97%    |   19.6ms | donuts?...
[ENTERTAINM] | YouTube  | [Normal]     | 71%    |   20.7ms | mister beast 500m ho gaya 10000$ dijiye ...
[MUSIC/CHIL] | YouTube  | [Normal]     | 92%    |   12.2ms | hey guys...
[GAMING/GAM] | YouTube  | [Normal]     | 93%    |   12.0ms | I know you will not see this but I have ...
[ENTERTAINM] | YouTube  | [Normal]     | 93%    |    8.5ms | HI FROM ARGENTINA  I’m a programmer! If ...
[PSYCHOLOGY] | YouTube  | [Normal]     | 81%    |   12.1ms | you*...
[GAMING/GAM] | YouTube  | [Normal]     | 88%    |   14.6ms | Something in Toilet as well...
[GAMING/GAM] | YouTube  | [Normal]     | 97%    |   14.0ms | light in pilot room?...
[ENTERTAINM] | YouTube  | [Normal]     | 93%    |   17.0ms | টাকা দেন ভাই...
[ENTERTAINM] | YouTube  | [Normal]     | 98%    |   19.0ms | give me money pls I need for study . I n...
[ENTERTAINM] | YouTube  | [Normal]     | 95%    |    9.5ms | w MR beast I sub like 5years ago:yt:...
[ENTERTAINM] | YouTube  | [Normal]     | 96%    |   20.1ms | Hi jimmy i have been watching ur video a...
[GAMING/GAM] | YouTube  | [Normal]     | 74%    |   17.2ms | NO SIGHT FOR YOU...
[GAMING/GAM] | YouTube  | [Normal]     | 96%    |   16.0ms | Exit sign at business NOT green???...
[GAMING/GAM] | YouTube  | [Normal]     | 94%    |   10.6ms | LIGHT ANOMALY IN THE TOP LEFT...
[GAMING/GAM] | YouTube  | [Normal]     | 96%    |   18.1ms | since when was there a suitcase in the h...
[GAMING/GAM] | YouTube  | [Normal]     | 86%    |   17.0ms | BANANA...
[PSYCHOLOGY] | YouTube  | [Normal]     | 95%    |   29.6ms | I once told a friend "I used to be a bet...
[PSYCHOLOGY] | YouTube  | [Normal]     | 96%    |   15.0ms | Spa with children and million dollars co...
[GAMING/GAM] | YouTube  | [Normal]     | 92%    |   17.0ms | can i get banned for fun...
[ENTERTAINM] | YouTube  | [Normal]     | 95%    |   18.6ms | :duck:...
[GAMING/GAM] | YouTube  | [Normal]     | 87%    |   22.1ms | they aren't strawberry - banned...
[SPORTS/FOO] | YouTube  | [Normal]     | 94%    |   12.9ms | 그래도 일본 잘하네...
[ENTERTAINM] | YouTube  | [Normal]     | 94%    |   12.1ms | hi...
[GAMING/SUR] | YouTube  | [Normal]     | 91%    |   10.1ms | nope...
[GAMING/GAM] | YouTube  | [Normal]     | 94%    |   10.0ms | Banban???...
[ENTERTAINM] | YouTube  | [Normal]     | 97%    |   13.6ms | l love ur all videos :red_heart::camera:...
[GAMING/GAM] | YouTube  | [Normal]     | 96%    |   12.0ms | was there always a suitcase in the hall...
[GAMING/GAM] | YouTube  | [Normal]     | 63%    |   14.0ms | buisness class floor dirty...
[ENTERTAINM] | YouTube  | [Normal]     | 97%    |   15.0ms | I AM 14 YEARS DOING A CHANNEL FOR 2 YEAR...
[GAMING/GAM] | YouTube  | [Normal]     | 78%    |   12.6ms | yo chat we should ban Mark for banning u...
[GAMING/GAM] | YouTube  | [Normal]     | 78%    |    7.0ms | working in pairs  the blindfolded partne...
[ENTERTAINM] | YouTube  | [Normal]     | 91%    |   10.0ms | hey...
[GAMING/GAM] | YouTube  | [Normal]     | 96%    |   11.0ms | oh i did this one not too long ago...
[GAMING/GAM] | YouTube  | [Normal]     | 87%    |   17.0ms | camera in bathroom is completely off...
[MUSIC/CHIL] | YouTube  | [Normal]     | 95%    |   16.0ms | LV who :face_with_hand_over_mouth::face_...
[GAMING/GAM] | YouTube  | [Normal]     | 90%    |   13.0ms | I TRUST THE OVERLORD...
[GAMING/GAM] | YouTube  | [Normal]     | 96%    |   13.1ms | ECONOMY CLASS CART -- EXTRA BOTTLES (onl...
[ENTERTAINM] | YouTube  | [Normal]     | 93%    |   14.4ms | bro...
[MUSIC/CHIL] | YouTube  | [Normal]     | 94%    |    8.3ms | HYPE...
[GAMING/GAM] | YouTube  | [Normal]     | 91%    |    9.6ms | Noooo...
[GAMING/SUR] | YouTube  | [Normal]     | 71%    |   11.5ms | He needs to build a boat base...
[MUSIC/CHIL] | YouTube  | [Normal]     | 94%    |    9.1ms | BR0D4 - Somebody...
[MUSIC/CHIL] | YouTube  | [Normal]     | 97%    |   20.6ms | LV miss ??...
[GAMING/GAM] | YouTube  | [OFFENSIVE]  | 94%    |   21.0ms | damn i missed the first hour of the stre...
[GAMING/GAM] | YouTube  | [Normal]     | 92%    |   13.6ms | GATE 2 Window person...
[GAMING/GAM] | YouTube  | [Normal]     | 80%    |    9.0ms | JUST GET OUT...
[GAMING/GAM] | YouTube  | [Normal]     | 97%    |    8.0ms | Hi MARK :D...
[GAMING/GAM] | YouTube  | [Normal]     | 84%    |    7.6ms | SLOW DOWN I CANT SEE...
[PSYCHOLOGY] | YouTube  | [Normal]     | 89%    |    8.0ms | sorry  i am tired  *facepalm...
[SELF-HELP/] | YouTube  | [Normal]     | 96%    |    8.5ms | needs a lot of mindfulness to help...
[SELF-HELP/] | YouTube  | [Normal]     | 95%    |    7.0ms | Yay!!! Transference...
[SELF-HELP/] | YouTube  | [Normal]     | 93%    |    9.1ms | hmm  isn't anxiety present in everyone? ...
[NEWS/LIVE ] | YouTube  | [Normal]     | 95%    |   11.0ms | ww2 isn't over...
[GAMING/SUR] | YouTube  | [Normal]     | 94%    |    9.8ms | 1...
[GAMING/SUR] | YouTube  | [Normal]     | 90%    |    7.1ms | YESSSSSS...
[GAMING/SUR] | YouTube  | [Normal]     | 94%    |   15.0ms | RUST STOLE MY SOUL...
[GAMING/SUR] | YouTube  | [Normal]     | 91%    |   10.3ms | :_Dance::_LetsGo::_BUNGULATE::_Stare::_G...
[GAMING/SUR] | YouTube  | [Normal]     | 73%    |   10.8ms | Gang...
[GAMING/SUR] | YouTube  | [Normal]     | 96%    |   14.5ms | King Peanut is awake...
[GAMING/SUR] | YouTube  | [Normal]     | 96%    |   11.5ms | Just finished his last one...
[GAMING/SUR] | YouTube  | [Normal]     | 94%    |   12.1ms | 2...
[GAMING/SUR] | YouTube  | [Normal]     | 96%    |   16.6ms | EEEEEEEEEEE EEEEEEEEEEE EEEEEEEEEEE EEEE...
[MUSIC/CHIL] | YouTube  | [Normal]     | 92%    |   15.2ms | leave it....
[GAMING/SUR] | YouTube  | [Normal]     | 96%    |   11.7ms | Happy birthday peanut...
[PSYCHOLOGY] | YouTube  | [Normal]     | 94%    |   18.0ms | its over we need new doc now rip...
[GAMING/SUR] | YouTube  | [Normal]     | 93%    |   14.4ms | holy...
[GAMING/SUR] | YouTube  | [Normal]     | 91%    |   10.0ms | Slur Saturday!!!!...
[NEWS/LIVE ] | YouTube  | [Normal]     | 82%    |    9.0ms | Weed is legal here and not a crime now...
[GAMING/SUR] | YouTube  | [OFFENSIVE]  | 57%    |    9.6ms | SHESSSSHHHH LETS GOOO EARLY AS HELL...
[GAMING/SUR] | YouTube  | [Normal]     | 96%    |   10.5ms | You ended the night with Jack in the Box...
[PSYCHOLOGY] | YouTube  | [Normal]     | 97%    |   13.2ms | we need the flutes back...
[GAMING/SUR] | YouTube  | [Normal]     | 95%    |   12.6ms | no twitch?...
[GAMING/SUR] | YouTube  | [Normal]     | 71%    |   15.2ms | a true rust gamer...
[GAMING/SUR] | YouTube  | [OFFENSIVE]  | 48%    |   12.4ms | Bro STFU about diarrhea all the time lmf...
[GAMING/SUR] | YouTube  | [Normal]     | 91%    |   11.7ms | yeahhhhhh...
[GAMING/SUR] | YouTube  | [OFFENSIVE]  | 54%    |   18.0ms | happy birthday nutter...
[GAMING/SUR] | YouTube  | [Normal]     | 74%    |    9.1ms | Hutch is going to gamble...
[MUSIC/CHIL] | YouTube  | [Normal]     | 96%    |   13.2ms | Ee piyya evaru...
[MUSIC/CHIL] | YouTube  | [Normal]     | 98%    |    8.1ms | serendi marchipoya :smiling_face_with_te...
[GAMING/SUR] | YouTube  | [Normal]     | 96%    |    9.5ms | :saluting_face::saluting_face::saluting_...
[GAMING/SUR] | YouTube  | [OFFENSIVE]  | 79%    |    8.0ms | :_LetsRide::_LetsGo::_LetsRide:...
[MUSIC/CHIL] | YouTube  | [Normal]     | 86%    |    7.6ms | kitni bar sorry bologe...
[GAMING/SUR] | YouTube  | [Normal]     | 96%    |   10.0ms | Delirious!...
[GAMING/SUR] | YouTube  | [Normal]     | 94%    |   12.9ms | H20 is OG...
[GAMING/SUR] | YouTube  | [Normal]     | 77%    |   10.5ms | hell yeah lets ride...
[GAMING/SUR] | YouTube  | [Normal]     | 91%    |   15.0ms | Bring up map it shows...
[NEWS/LIVE ] | YouTube  | [Normal]     | 95%    |   14.8ms | MAGA...
[SELF-HELP/] | YouTube  | [Normal]     | 97%    |   18.0ms | OMORI be like: waiting for something to ...
[GAMING/SUR] | YouTube  | [Normal]     | 84%    |   17.0ms | each of them will have users sneaking wi...
[MUSIC/CHIL] | YouTube  | [Normal]     | 37%    |   14.6ms | Raggy goes to another live channel and a...
[MUSIC/CHIL] | YouTube  | [Normal]     | 89%    |   17.5ms | Stranger how are you...
[MUSIC/CHIL] | YouTube  | [Normal]     | 81%    |   22.0ms | Bating I wonder how hot you could be...
[MUSIC/CHIL] | YouTube  | [Normal]     | 88%    |   20.0ms | then...
[GAMING/SUR] | YouTube  | [Normal]     | 93%    |   19.0ms | Helf is Welf...
[GAMING/SUR] | YouTube  | [Normal]     | 95%    |   18.0ms | H2O...
[PSYCHOLOGY] | YouTube  | [OFFENSIVE]  | 78%    |   17.0ms | HELLLOOOOOO...
[NEWS/LIVE ] | YouTube  | [OFFENSIVE]  | 41%    |   19.0ms | ron you coulda done this before trump :f...
[PSYCHOLOGY] | YouTube  | [Normal]     | 91%    |   19.1ms | :smirking_face:...
[GAMING/SUR] | YouTube  | [Normal]     | 96%    |   14.6ms | all in on 1...
[GAMING/SUR] | YouTube  | [Normal]     | 92%    |   15.5ms | Red...
[NEWS/LIVE ] | YouTube  | [Normal]     | 95%    |   13.0ms | DeSantis is the BenG of Florida...
[GAMING/SUR] | YouTube  | [Normal]     | 94%    |    8.7ms | 3...
[GAMING/SUR] | YouTube  | [Normal]     | 89%    |   22.1ms | HUTCH HAS AN AIRSTRIKE...
[MUSIC/CHIL] | YouTube  | [Normal]     | 97%    |   19.6ms | G hostel lo unava :smiling_face_with_tea...
[GAMING/SUR] | YouTube  | [Normal]     | 97%    |   19.0ms | :face_with_tears_of_joy::face_with_tears...
[GAMING/SUR] | YouTube  | [Normal]     | 95%    |   12.2ms | Green...
[GAMING/SUR] | YouTube  | [Normal]     | 96%    |   13.6ms | lol...
[GAMING/SUR] | YouTube  | [Normal]     | 94%    |   19.0ms | LMAOOOO...
[GAMING/SUR] | YouTube  | [Normal]     | 96%    |   13.7ms | lmao...
[GAMING/SUR] | YouTube  | [Normal]     | 95%    |   10.1ms | :rolling_on_the_floor_laughing::rolling_...
[GAMING/SUR] | YouTube  | [Normal]     | 97%    |   10.5ms | :face_with_tears_of_joy::face_with_tears...
[GAMING/SUR] | YouTube  | [Normal]     | 93%    |    6.9ms | PRO TIP ALWAYS ASSUME THE UNSEEN CARD IS...
[GAMING/SUR] | YouTube  | [Normal]     | 96%    |   11.0ms | lol...
[GAMING/SUR] | YouTube  | [Normal]     | 91%    |   12.0ms | THIS IS A PSA AGAINST GAMBLING HAHA...
[GAMING/SUR] | YouTube  | [Normal]     | 97%    |   12.0ms | :rat:...
[GAMING/SUR] | YouTube  | [Normal]     | 93%    |    9.0ms | EZZZZZZZZZ...
[PSYCHOLOGY] | YouTube  | [Normal]     | 95%    |   18.0ms | @whatifi-g2e best of luck!!!!!...
[SPORTS/FOO] | YouTube  | [Normal]     | 95%    |   16.7ms | Where toni kroos...
[GAMING/SUR] | YouTube  | [Normal]     | 94%    |   14.6ms | big oof...
[PSYCHOLOGY] | YouTube  | [Normal]     | 95%    |   21.0ms | dr k help me? or not...
[GAMING/SUR] | YouTube  | [Normal]     | 95%    |   14.1ms | Fun’s over lol...
[GAMING/SUR] | YouTube  | [OFFENSIVE]  | 56%    |   13.1ms | No wayyyy...
[PSYCHOLOGY] | YouTube  | [Normal]     | 89%    |   10.5ms | hot dr k...
[GAMING/SUR] | YouTube  | [Normal]     | 98%    |   15.8ms | I LOVE :smiling_face_with_hearts:...
[SELF-HELP/] | YouTube  | [Normal]     | 91%    |   18.6ms | @acetophenone820 not true...
[SELF-HELP/] | YouTube  | [Normal]     | 82%    |   16.0ms | How are you doing man on the internet...
[GAMING/SUR] | YouTube  | [Normal]     | 97%    |   13.0ms | she played for like 20.5 hours...
[GAMING/SUR] | YouTube  | [Normal]     | 47%    |    8.0ms | I THINK GOD HATES YOU...
[SELF-HELP/] | YouTube  | [Normal]     | 95%    |    7.0ms | Dark magic...
[GAMING/SUR] | YouTube  | [Normal]     | 93%    |   19.0ms | not even 30 minutes in and Peanut has lo...
[NEWS/LIVE ] | YouTube  | [Normal]     | 96%    |   13.1ms | Same here dove...
[GAMING/SUR] | YouTube  | [Normal]     | 92%    |    8.1ms | how do i join...
[GAMING/SUR] | YouTube  | [Normal]     | 89%    |    9.0ms | an this is how ppl loose their house car...
[MUSIC/CHIL] | YouTube  | [Normal]     | 95%    |    8.0ms | :backhand_index_pointing_left: :church::...
[PSYCHOLOGY] | YouTube  | [Normal]     | 94%    |    8.0ms | So excited to hear Dr K's take on these ...
[GAMING/SUR] | YouTube  | [Normal]     | 97%    |   17.6ms | All those gifted subs last night and I m...
[GAMING/SUR] | YouTube  | [Normal]     | 97%    |   22.0ms | fps streamer of the year  ladies and gen...
[GAMING/SUR] | YouTube  | [Normal]     | 98%    |   16.8ms | complimentary ball check?...
[NEWS/LIVE ] | YouTube  | [Normal]     | 97%    |   10.0ms | :face_savoring_food: cold brew..I’m actu...
[ENTERTAINM] | YouTube  | [Normal]     | 95%    |    9.0ms | Hii...
[GAMING/GAM] | YouTube  | [Normal]     | 95%    |   12.0ms | 1 min...
[ENTERTAINM] | YouTube  | [Normal]     | 95%    |    7.0ms | whaaaaat...
[ENTERTAINM] | YouTube  | [Normal]     | 87%    |   17.1ms | Yoooooooooooooo...
[GAMING/SUR] | YouTube  | [Normal]     | 96%    |   15.0ms | is that scotty?...
[GAMING/GAM] | YouTube  | [Normal]     | 97%    |   15.6ms | Yooo it’s 00:45 am...
[ENTERTAINM] | YouTube  | [Normal]     | 98%    |   13.5ms | :hand-pink-waving::hand-pink-waving:...
[ENTERTAINM] | YouTube  | [Normal]     | 96%    |   11.0ms | New member...
[ENTERTAINM] | YouTube  | [Normal]     | 91%    |   12.5ms | hey...
[ENTERTAINM] | YouTube  | [Normal]     | 96%    |   12.5ms | I am watching you glad to see you:face_h...
[GAMING/GAM] | YouTube  | [Normal]     | 94%    |   13.0ms | Sup dude...
[ENTERTAINM] | YouTube  | [Normal]     | 95%    |   10.0ms | )...
[GAMING/GAM] | YouTube  | [Normal]     | 96%    |   12.0ms | Hi mark...
[ENTERTAINM] | YouTube  | [Normal]     | 91%    |    9.6ms | mr beast...
[MUSIC/CHIL] | YouTube  | [Normal]     | 97%    |   23.0ms | shivu unke naam h shivani.. kaam h kahan...
[SELF-HELP/] | YouTube  | [Normal]     | 97%    |   10.1ms | Man Doc talking about tantra is first ti...
[GAMING/GAM] | YouTube  | [Normal]     | 96%    |   13.6ms | hello everyone my name is welcome...
[GAMING/SUR] | YouTube  | [Normal]     | 40%    |   17.0ms | WHY NOT TAKE A TRIPP TO THE SCRAPPER AND...
[PSYCHOLOGY] | YouTube  | [Normal]     | 90%    |   17.1ms | metaphor refantazio archetypes...
[GAMING/SUR] | YouTube  | [Normal]     | 82%    |   13.5ms | scrap the turrets and gamble them!...
[GAMING/GAM] | YouTube  | [Normal]     | 95%    |   12.0ms | Seeing it tomorrow!!...
[ENTERTAINM] | YouTube  | [Normal]     | 91%    |   14.5ms | NOOOO WAAYYYYYYY MRBEAST...
[GAMING/GAM] | YouTube  | [Normal]     | 96%    |   15.0ms | YAY MARKKK!! :red_heart::red_heart:...
[NEWS/LIVE ] | YouTube  | [Normal]     | 90%    |   13.5ms | thats all...
[PSYCHOLOGY] | YouTube  | [Normal]     | 87%    |   13.7ms | no...
[ENTERTAINM] | YouTube  | [Normal]     | 96%    |    8.0ms | 500 milyommm...
[GAMING/GAM] | YouTube  | [Normal]     | 49%    |   14.1ms | You da man...
[GAMING/GAM] | YouTube  | [Normal]     | 90%    |   16.0ms | YOOOOOOOOOO...
[ENTERTAINM] | YouTube  | [Normal]     | 90%    |   15.1ms | Yessss...
[MUSIC/CHIL] | YouTube  | [Normal]     | 97%    |   23.5ms | aaron fechter on the other stage Looney ...
[ENTERTAINM] | YouTube  | [Normal]     | 96%    |   14.0ms | yea...
[GAMING/GAM] | YouTube  | [Normal]     | 87%    |   22.6ms | what amazing timing! i just got home fro...
[MUSIC/CHIL] | YouTube  | [Normal]     | 63%    |   15.0ms | ce prostie era să zic :rolling_on_the_fl...
[GAMING/GAM] | YouTube  | [Normal]     | 94%    |   15.0ms | Hey Mark  hope you have a good day. Take...
[GAMING/GAM] | YouTube  | [Normal]     | 97%    |   14.0ms | I LOVE YOUUUU...
[ENTERTAINM] | YouTube  | [Normal]     | 96%    |   14.3ms | hiiiiii...
[GAMING/SUR] | YouTube  | [Normal]     | 96%    |    9.9ms | LOL...
[GAMING/GAM] | YouTube  | [Normal]     | 64%    |   13.0ms | NUMBER 50 LETSGOOO!!!...
[PSYCHOLOGY] | YouTube  | [HATE]       | 42%    |   11.2ms | latin is funny...
[GAMING/SUR] | YouTube  | [Normal]     | 95%    |   10.6ms | finally SoT stream...
[GAMING/GAM] | YouTube  | [Normal]     | 96%    |   12.0ms | YEAAA...
[GAMING/GAM] | YouTube  | [HATE]       | 36%    |   22.3ms | So they “won” by charging people more?...
[GAMING/GAM] | YouTube  | [Normal]     | 97%    |   19.7ms | I just watched it today! Such a good mov...
[NEWS/LIVE ] | YouTube  | [Normal]     | 77%    |   14.0ms | ya can't argue with something you agree ...
[GAMING/GAM] | YouTube  | [Normal]     | 97%    |    9.1ms | watching the movie tonight...
[ENTERTAINM] | YouTube  | [Normal]     | 96%    |    8.0ms | hi jimmy please shout out kabir...
[ENTERTAINM] | YouTube  | [Normal]     | 71%    |   10.0ms | whats up...
[GAMING/SUR] | YouTube  | [Normal]     | 94%    |    9.0ms | Play with H20 Delirious...
[ENTERTAINM] | YouTube  | [Normal]     | 94%    |   15.6ms | hi...
[ENTERTAINM] | YouTube  | [Normal]     | 96%    |   13.5ms | Oi...
[ENTERTAINM] | YouTube  | [Normal]     | 92%    |   13.0ms | hi mrbeast...
[ENTERTAINM] | YouTube  | [Normal]     | 93%    |    7.5ms | India...
[GAMING/GAM] | YouTube  | [Normal]     | 95%    |   12.0ms | lighthouse!...
[ENTERTAINM] | YouTube  | [Normal]     | 97%    |   20.0ms | 1000$ :folded_hands::folded_hands::folde...
[ENTERTAINM] | YouTube  | [Normal]     | 96%    |   19.1ms | i love mrbeast...
[LIFESTYLE/] | YouTube  | [Normal]     | 97%    |   15.0ms | Still cooler than usual here  but at lea...
[ENTERTAINM] | YouTube  | [Normal]     | 95%    |   11.0ms | Hello...
[GAMING/GAM] | YouTube  | [Normal]     | 95%    |    8.0ms | airplane...
[ENTERTAINM] | YouTube  | [Normal]     | 97%    |   29.0ms | hlo:slightly_smiling_face::slightly_smil...
[GAMING/GAM] | YouTube  | [Normal]     | 91%    |    9.0ms | heightlouse...
[GAMING/GAM] | YouTube  | [Normal]     | 67%    |    8.0ms | airplane would be so creepy and cool...
[ENTERTAINM] | YouTube  | [Normal]     | 94%    |    8.6ms | Hi...
[ENTERTAINM] | YouTube  | [Normal]     | 95%    |   11.3ms | yooo...
[GAMING/GAM] | YouTube  | [Normal]     | 95%    |    9.9ms | airplane...
[GAMING/GAM] | YouTube  | [Normal]     | 90%    |    7.0ms | AIR HOUSE...
[GAMING/GAM] | YouTube  | [Normal]     | 95%    |    8.0ms | lighthouse!!!...
[PSYCHOLOGY] | YouTube  | [HATE]       | 43%    |    9.3ms | humans are far too obsessed with gender ...
[GAMING/SUR] | YouTube  | [Normal]     | 81%    |    6.0ms | close your gate pnut...
[MUSIC/CHIL] | YouTube  | [Normal]     | 97%    |    6.0ms | D ni future naku kanipistundi:grinning_f...
[GAMING/GAM] | YouTube  | [Normal]     | 97%    |    8.0ms | HI MARKIPLIER I'VE WATCHED YOUR VIDEOS F...
[GAMING/GAM] | YouTube  | [Normal]     | 97%    |   14.6ms | Welcome New Member!...
[ENTERTAINM] | YouTube  | [Normal]     | 96%    |   13.0ms | hiiiiii...
[GAMING/GAM] | YouTube  | [Normal]     | 85%    |   11.5ms | Airplane guyysss...
[ENTERTAINM] | YouTube  | [Normal]     | 67%    |   14.7ms | That is insane :exploding_head:...
[ENTERTAINM] | YouTube  | [Normal]     | 96%    |   10.0ms | Love it...
[ENTERTAINM] | YouTube  | [Normal]     | 94%    |    8.5ms | hi...
[GAMING/GAM] | YouTube  | [Normal]     | 92%    |   14.5ms | MARK  IM FROM PORTUGAL  EXTEND THE FILM ...
[NEWS/LIVE ] | YouTube  | [Normal]     | 94%    |    9.0ms | fractional reserve banking allows banks ...
[ENTERTAINM] | YouTube  | [Normal]     | 95%    |    8.5ms | from phillipines...
[ENTERTAINM] | YouTube  | [Normal]     | 93%    |   11.0ms | marlon...
[GAMING/SUR] | YouTube  | [Normal]     | 95%    |    7.1ms | why didnt dealer draw on 18...
[GAMING/SUR] | YouTube  | [Normal]     | 97%    |   12.0ms | stand on 12 ?...
[GAMING/GAM] | YouTube  | [Normal]     | 95%    |   16.6ms | What about Greece???...
[MUSIC/CHIL] | YouTube  | [Normal]     | 95%    |   16.1ms | Catalina have u seen Mon?...
[GAMING/SUR] | YouTube  | [Normal]     | 97%    |   11.0ms | Stand on a 12?...
[GAMING/SUR] | YouTube  | [Normal]     | 97%    |   23.0ms | stand on 12 wtf?...
[GAMING/GAM] | YouTube  | [Normal]     | 94%    |   23.1ms | ya'll im at my bf basketball game lmaoo...
[GAMING/GAM] | YouTube  | [Normal]     | 96%    |   20.0ms | does fashion have mannequins? o.o...
[GAMING/GAM] | YouTube  | [Normal]     | 96%    |   11.5ms | how about the balkans??...
[GAMING/SUR] | YouTube  | [Normal]     | 89%    |   14.0ms | NNNNOOOOOO...
[ENTERTAINM] | YouTube  | [Normal]     | 94%    |    9.0ms | 1...
[ENTERTAINM] | YouTube  | [Normal]     | 94%    |   15.5ms | 1...
[GAMING/SUR] | YouTube  | [Normal]     | 93%    |   16.6ms | Time to leave!...
[GAMING/GAM] | YouTube  | [Normal]     | 93%    |   10.1ms | meow...
[ENTERTAINM] | YouTube  | [Normal]     | 95%    |   12.0ms | hiii...
[GAMING/GAM] | YouTube  | [Normal]     | 95%    |   27.6ms | :_markiLOVE::_markiLOVE::_markiLOVE::_ma...
[ENTERTAINM] | YouTube  | [Normal]     | 97%    |   15.1ms | Jimmy :face_holding_back_tears: hi have ...
[GAMING/GAM] | YouTube  | [Normal]     | 97%    |   18.0ms | when does the 2nd season of the edge of ...
[GAMING/GAM] | YouTube  | [Normal]     | 97%    |   15.5ms | I watched in an encore theater!...
[ENTERTAINM] | YouTube  | [Normal]     | 90%    |   14.5ms | yoo...
[GAMING/SUR] | YouTube  | [Normal]     | 95%    |   14.0ms | hit...
[GAMING/GAM] | YouTube  | [Normal]     | 98%    |   24.8ms | :red_heart::red_heart::red_heart::red_he...
[GAMING/SUR] | YouTube  | [OFFENSIVE]  | 45%    |   18.9ms | you don't really play rust  you end up l...
[GAMING/GAM] | YouTube  | [Normal]     | 93%    |   21.5ms | IRON LUNG WE LOVE IT...
[GAMING/SUR] | YouTube  | [Normal]     | 97%    |   15.6ms | on you p :smiling_face_with_hearts::hugg...
[GAMING/SUR] | YouTube  | [Normal]     | 96%    |   13.8ms | Lmao good thought @morfius...
[GAMING/GAM] | YouTube  | [Normal]     | 94%    |   12.5ms | Hi...
[GAMING/SUR] | YouTube  | [Normal]     | 95%    |   10.5ms | now bet 500...
[GAMING/GAM] | YouTube  | [Normal]     | 93%    |   15.7ms | y'all didn't pick the one with mannequin...
[ENTERTAINM] | YouTube  | [Normal]     | 96%    |   12.7ms | i form Bangladesh give me 500$ place sir...
[GAMING/GAM] | YouTube  | [Normal]     | 81%    |   20.1ms | A WHOLE SCAM...
[GAMING/GAM] | YouTube  | [Normal]     | 95%    |   17.3ms | @Markiplier...
[GAMING/GAM] | YouTube  | [Normal]     | 97%    |   13.6ms | 5.1 vs 7.1...
[GAMING/SUR] | YouTube  | [Normal]     | 84%    |   14.1ms | rigged...
[GAMING/SUR] | YouTube  | [Normal]     | 92%    |    9.6ms | lets leave...
[MUSIC/CHIL] | YouTube  | [Normal]     | 97%    |    9.1ms | kavya benne dose and filter coffee :face...
[SELF-HELP/] | YouTube  | [Normal]     | 86%    |    9.0ms | Imagine repurposing hate instead of just...
[GAMING/GAM] | YouTube  | [Normal]     | 92%    |   16.2ms | mark needs to build a theatre that only ...
[ENTERTAINM] | YouTube  | [Normal]     | 98%    |   11.5ms | IM FROM INDONESIA:hand-pink-waving::hand...
[GAMING/GAM] | YouTube  | [Normal]     | 96%    |   23.1ms | Did anyone else who saw the movie had a ...
[GAMING/GAM] | YouTube  | [Normal]     | 94%    |   15.6ms | IM SEENING THE ITON LUNG AGAIN WITH MY D...
[SELF-HELP/] | YouTube  | [Normal]     | 97%    |   15.1ms | happy anniversary Dr K :sparkling_heart:...
[GAMING/GAM] | YouTube  | [Normal]     | 94%    |   14.1ms | if the movie is environmentally telling ...
[ENTERTAINM] | YouTube  | [Normal]     | 97%    |   14.3ms | 100 vid spechel...
[SELF-HELP/] | YouTube  | [Normal]     | 96%    |    8.3ms | Harness the darkness...
[GAMING/SUR] | YouTube  | [Normal]     | 92%    |    7.6ms | oh nah...
[GAMING/SUR] | YouTube  | [OFFENSIVE]  | 39%    |   26.0ms | :face-fuchsia-tongue-out::face-fuchsia-t...
[GAMING/SUR] | YouTube  | [Normal]     | 90%    |   14.2ms | poooooor...
[GAMING/SUR] | YouTube  | [Normal]     | 61%    |   18.1ms | GINGY IS GOING TO MURDER YOU...
[GAMING/SUR] | YouTube  | [Normal]     | 96%    |    8.0ms | LOL...
[GAMING/SUR] | YouTube  | [Normal]     | 96%    |    9.5ms | Арахис  где яйцо?...
[GAMING/GAM] | YouTube  | [Normal]     | 97%    |   11.0ms | aeroplaaaaaane...
[GAMING/GAM] | YouTube  | [Normal]     | 79%    |   18.1ms | Sounds like excuses...
[ENTERTAINM] | YouTube  | [Normal]     | 95%    |   15.8ms | MR BEAST I LOVE YOU...
[GAMING/GAM] | YouTube  | [Normal]     | 93%    |   16.0ms | LIGHTHOUSE...
[ENTERTAINM] | YouTube  | [Normal]     | 97%    |   20.1ms | plz Jimmy :pensive_face::red_heart: just...
[GAMING/GAM] | YouTube  | [Normal]     | 95%    |   12.1ms | hello...
[GAMING/SUR] | YouTube  | [Normal]     | 94%    |    9.0ms | haaaaaaa...
[GAMING/GAM] | YouTube  | [Normal]     | 81%    |   10.6ms | IRON LUNG IRON LUNG...
[ENTERTAINM] | YouTube  | [Normal]     | 96%    |   10.0ms | thank you...
[GAMING/GAM] | YouTube  | [Normal]     | 80%    |   11.0ms | so youre saying i should rewatch it...
[GAMING/GAM] | YouTube  | [OFFENSIVE]  | 95%    |   17.0ms | Iron Lung didn't show in my town  Mark  ...
[GAMING/GAM] | YouTube  | [Normal]     | 93%    |   13.7ms | is iron lung movie going to be in louisi...
[ENTERTAINM] | YouTube  | [Normal]     | 93%    |   12.0ms | :stop_sign:...
[ENTERTAINM] | YouTube  | [Normal]     | 97%    |   13.6ms | hello from Indonesia...
[GAMING/GAM] | YouTube  | [Normal]     | 94%    |   15.5ms | yeah WE win...
[GAMING/GAM] | YouTube  | [Normal]     | 94%    |   17.0ms | lol start before airplane catches up...
[ENTERTAINM] | YouTube  | [Normal]     | 94%    |   14.0ms | hi...
[GAMING/GAM] | YouTube  | [Normal]     | 59%    |   17.6ms | At least they put you in Guam...
[GAMING/SUR] | YouTube  | [Normal]     | 47%    |   19.3ms | OH SHIT IT'S H2O AND DEAD SQUIRREL...
[ENTERTAINM] | YouTube  | [Normal]     | 91%    |   16.1ms | If you see my comment  can you do number...
[ENTERTAINM] | YouTube  | [Normal]     | 94%    |   19.6ms | i has subs But i unsub and sub again...
[ENTERTAINM] | YouTube  | [Normal]     | 94%    |    8.6ms | hi...
[GAMING/GAM] | YouTube  | [Normal]     | 96%    |    8.2ms | you have reignited my passion for film g...
[ENTERTAINM] | YouTube  | [Normal]     | 95%    |    7.0ms | saja...
[ENTERTAINM] | YouTube  | [Normal]     | 86%    |    7.7ms | @MrBeast Why do you sound so tired?...
[ENTERTAINM] | YouTube  | [Normal]     | 98%    |   16.0ms | :hand-pink-waving::hand-pink-waving::han...
[ENTERTAINM] | YouTube  | [OFFENSIVE]  | 50%    |    8.0ms | will u leaak a viddddddddddddddddddddd...
[ENTERTAINM] | YouTube  | [Normal]     | 89%    |    7.5ms | bro your voice was soo goofy lol luv u b...
[GAMING/SUR] | YouTube  | [Normal]     | 95%    |    7.0ms | Bahahahaha...
[GAMING/GAM] | YouTube  | [Normal]     | 87%    |    8.1ms | WOOOO...
[GAMING/SUR] | YouTube  | [Normal]     | 95%    |   10.0ms | I’m about to play rust again lol...
[GAMING/GAM] | YouTube  | [Normal]     | 96%    |   13.6ms | When is it going to be online?...
[GAMING/GAM] | YouTube  | [Normal]     | 96%    |   15.0ms | I literally started jumping and clapping...
[GAMING/SUR] | YouTube  | [Normal]     | 87%    |   12.0ms | BURPLE!...
[GAMING/GAM] | YouTube  | [Normal]     | 93%    |   15.5ms | AIIIIRRRPLLLAAAAANNNNNEEEEEE...
[ENTERTAINM] | YouTube  | [Normal]     | 88%    |   11.0ms | give money...
[GAMING/GAM] | YouTube  | [Normal]     | 90%    |   13.1ms | I REGRET LIGHTHOUSE...
[MUSIC/CHIL] | YouTube  | [Normal]     | 45%    |    8.0ms | Costly people...
[ENTERTAINM] | YouTube  | [Normal]     | 95%    |    9.0ms | MR BEAST CAN I GET A SHOUTOUT ITS MY BIR...
[GAMING/GAM] | YouTube  | [Normal]     | 49%    |   15.1ms | i have a fear of lighthouses...
[GAMING/SUR] | YouTube  | [Normal]     | 95%    |   17.1ms | :rolling_on_the_floor_laughing::rolling_...
[GAMING/SUR] | YouTube  | [Normal]     | 96%    |   10.0ms | lol...
[GAMING/GAM] | YouTube  | [Normal]     | 96%    |   13.6ms | I love showing up for a live in time for...
[SELF-HELP/] | YouTube  | [Normal]     | 37%    |   17.0ms | It makes them feel like they are not doi...
[ENTERTAINM] | YouTube  | [Normal]     | 95%    |   11.0ms | hello...
[GAMING/SUR] | YouTube  | [Normal]     | 96%    |    7.9ms | WTH is this lol...
[ENTERTAINM] | YouTube  | [Normal]     | 95%    |   12.4ms | lms...
[GAMING/GAM] | YouTube  | [Normal]     | 96%    |   10.5ms | cheese...
[ENTERTAINM] | YouTube  | [Normal]     | 94%    |    7.0ms | YouTube de Boss...
[GAMING/SUR] | YouTube  | [Normal]     | 91%    |    8.6ms | HAHAHAHAHA...
[ENTERTAINM] | YouTube  | [Normal]     | 96%    |    6.0ms | hello reply me...
[GAMING/GAM] | YouTube  | [Normal]     | 97%    |   15.0ms | stream can at the perfect time...
[GAMING/SUR] | YouTube  | [Normal]     | 97%    |   19.0ms | :face-green-smiling::face-green-smiling:...
[ENTERTAINM] | YouTube  | [Normal]     | 69%    |   24.9ms | now you are the biggest so you proved th...
[MUSIC/CHIL] | YouTube  | [Normal]     | 97%    |   12.8ms | jatsii soch ko bdlo...
[GAMING/GAM] | YouTube  | [Normal]     | 50%    |   12.4ms | The drowned man...
[GAMING/GAM] | YouTube  | [Normal]     | 98%    |   12.5ms | There's a great playlist of music that's...
[GAMING/SUR] | YouTube  | [OFFENSIVE]  | 82%    |    9.1ms | YOUFIEND...
[GAMING/GAM] | YouTube  | [Normal]     | 95%    |   11.0ms | obversation duty...
[ENTERTAINM] | YouTube  | [Normal]     | 95%    |    8.1ms | hello...
[GAMING/GAM] | YouTube  | [Normal]     | 92%    |    6.0ms | oh noooo...
[ENTERTAINM] | YouTube  | [Normal]     | 94%    |   19.5ms | 10 000 dollors please...
[GAMING/GAM] | YouTube  | [Normal]     | 95%    |   20.0ms | OBVERSATION INSTEAD OF OBSERVATION...
[ENTERTAINM] | YouTube  | [Normal]     | 91%    |   17.6ms | me...
[GAMING/GAM] | YouTube  | [Normal]     | 95%    |   15.6ms | Obversation...
[GAMING/GAM] | YouTube  | [Normal]     | 97%    |   16.0ms | obversation duty lol...
[GAMING/SUR] | YouTube  | [Normal]     | 79%    |   13.1ms | ITS RIGGED...
[GAMING/GAM] | YouTube  | [Normal]     | 93%    |   14.0ms | We know you learned a lot working on the...
[ENTERTAINM] | YouTube  | [Normal]     | 95%    |    7.5ms | Twitch...
[GAMING/GAM] | YouTube  | [Normal]     | 96%    |    7.5ms | Try Max Payne 3 multiplayer...
[GAMING/GAM] | YouTube  | [Normal]     | 97%    |   10.0ms | :grinning_squinting_face: Obversation...
[ENTERTAINM] | YouTube  | [Normal]     | 97%    |   11.0ms | :melting_face::melting_face::melting_fac...
[GAMING/GAM] | YouTube  | [Normal]     | 94%    |   13.0ms | bro obversating...
[GAMING/GAM] | YouTube  | [Normal]     | 89%    |    8.5ms | Pierre looks like there's a guy on it bu...
[GAMING/GAM] | YouTube  | [Normal]     | 96%    |    8.6ms | lol...
[GAMING/SUR] | YouTube  | [Normal]     | 90%    |   17.6ms | sir you have to have scrap to sit there...
[ENTERTAINM] | YouTube  | [Normal]     | 92%    |   16.5ms | wheres chandler...
[GAMING/GAM] | YouTube  | [Normal]     | 96%    |   24.0ms | Obversation!!!!...
[GAMING/GAM] | YouTube  | [Normal]     | 95%    |   13.0ms | obversation...
[PSYCHOLOGY] | YouTube  | [Normal]     | 94%    |   12.0ms | true...
[GAMING/SUR] | YouTube  | [Normal]     | 80%    |   11.0ms | got any eh that scarp man...
[GAMING/SUR] | YouTube  | [Normal]     | 87%    |   12.0ms | Haha...
[GAMING/SUR] | YouTube  | [Normal]     | 96%    |   14.0ms | will land on 1...
[ENTERTAINM] | YouTube  | [Normal]     | 94%    |   10.1ms | hi...
[GAMING/SUR] | YouTube  | [Normal]     | 87%    |   13.5ms | Poor gingy and all her work...
[GAMING/GAM] | YouTube  | [Normal]     | 97%    |   18.2ms | Ia there still a members discord for Mar...
[GAMING/GAM] | YouTube  | [Normal]     | 96%    |   10.1ms | HI MARK...
[SELF-HELP/] | YouTube  | [Normal]     | 90%    |    9.5ms | how could you believe in yourself...
[MUSIC/CHIL] | YouTube  | [Normal]     | 96%    |    9.5ms | :slightly_smiling_face:...
[GAMING/GAM] | YouTube  | [Normal]     | 94%    |    8.0ms | Will you try to get Iron Lung on blu-ray...
[GAMING/GAM] | YouTube  | [Normal]     | 91%    |   19.8ms | I wish eveyone would just wake up from t...
[GAMING/SUR] | YouTube  | [Normal]     | 96%    |    9.5ms | lmao...
[GAMING/SUR] | YouTube  | [Normal]     | 78%    |   16.0ms | Fight people...
[GAMING/GAM] | YouTube  | [Normal]     | 95%    |   18.0ms | This feels like dora the explorer and I ...
[GAMING/SUR] | YouTube  | [Normal]     | 88%    |   16.1ms | there goes the house...
[GAMING/SUR] | YouTube  | [Normal]     | 81%    |   17.0ms | SCRAP THE JACKHAMMER...
[GAMING/GAM] | YouTube  | [Normal]     | 95%    |   19.1ms | :_markiJIM::_markiJIM::_markiJIM:...
[GAMING/GAM] | YouTube  | [Normal]     | 87%    |   12.1ms | no...
[ENTERTAINM] | YouTube  | [Normal]     | 97%    |   18.5ms | I love you Mr Beast :red_heart:...
[SELF-HELP/] | YouTube  | [OFFENSIVE]  | 82%    |   12.6ms | Oooooh  so that's where those shitty fre...
[PSYCHOLOGY] | YouTube  | [Normal]     | 97%    |    7.2ms | the hound irl...
[GAMING/SUR] | YouTube  | [Normal]     | 96%    |   12.6ms | Still 1000 in base...
[GAMING/SUR] | YouTube  | [Normal]     | 94%    |   17.0ms | gingy stayed up alllllllll night...
[GAMING/GAM] | YouTube  | [Normal]     | 97%    |   13.7ms | DVD RELEASE WHEN???...
[GAMING/SUR] | YouTube  | [Normal]     | 96%    |   16.1ms | I can...
[SELF-HELP/] | YouTube  | [Normal]     | 63%    |   21.0ms | if they didnt do it they couldnt do it t...
[ENTERTAINM] | YouTube  | [Normal]     | 92%    |   10.6ms | how...
[GAMING/SUR] | YouTube  | [OFFENSIVE]  | 90%    |   17.7ms | Damn rouge took a power nap....
[GAMING/SUR] | YouTube  | [Normal]     | 97%    |   10.0ms | WE EARLY TODAY CHAT...
[ENTERTAINM] | YouTube  | [Normal]     | 78%    |    9.0ms | call ur frnds...
[ENTERTAINM] | YouTube  | [Normal]     | 88%    |   21.0ms | Leeeeeesgooooooo Juaaaaaaaan!!!!...
[GAMING/GAM] | YouTube  | [Normal]     | 96%    |   13.0ms | theres a cross on the dock?...
[GAMING/GAM] | YouTube  | [Normal]     | 96%    |   11.0ms | LOL...
[GAMING/GAM] | YouTube  | [Normal]     | 97%    |    7.1ms | rope moved in stairs!!!...
[ENTERTAINM] | YouTube  | [Normal]     | 95%    |   10.5ms | imagine 500M play button :skull_and_cros...
[ENTERTAINM] | YouTube  | [Normal]     | 95%    |   13.0ms | hiii...
[GAMING/GAM] | YouTube  | [Normal]     | 95%    |   17.8ms | LIGHT IN THE SPINNY LIGHT ROOM LOST ITS ...
[GAMING/GAM] | YouTube  | [Normal]     | 96%    |   11.0ms | STAIRS???...
[ENTERTAINM] | YouTube  | [Normal]     | 74%    |    8.1ms | In honest my English it’s not good..my l...
[ENTERTAINM] | YouTube  | [Normal]     | 94%    |    8.0ms | 5...
[GAMING/GAM] | YouTube  | [Normal]     | 90%    |    7.1ms | hi everyone im sick lol...
[ENTERTAINM] | YouTube  | [Normal]     | 95%    |    7.5ms | 6000...
[SELF-HELP/] | YouTube  | [Normal]     | 92%    |    9.0ms | thats in ur head we dont know what ppl r...
[GAMING/SUR] | YouTube  | [Normal]     | 93%    |   14.0ms | gingy was on 18 hours and you lost all h...
[GAMING/GAM] | YouTube  | [Normal]     | 78%    |   13.0ms | Where is lung of iron...
[ENTERTAINM] | YouTube  | [Normal]     | 87%    |   10.6ms | you r fabulous...
[GAMING/GAM] | YouTube  | [Normal]     | 94%    |    7.0ms | BASEMENT STAIRS ARE PULSING...
[GAMING/GAM] | YouTube  | [Normal]     | 96%    |   11.7ms | THE AIR IS DIFFERENT...
[GAMING/GAM] | YouTube  | [Normal]     | 95%    |   19.7ms | THE STAIR IN THE BASEMENT...
[ENTERTAINM] | YouTube  | [Normal]     | 94%    |   10.0ms | please...
[ENTERTAINM] | YouTube  | [Normal]     | 94%    |   13.2ms | hi...
[MUSIC/CHIL] | YouTube  | [Normal]     | 97%    |   10.0ms | :musical_notes::clinking_glasses:...
[ENTERTAINM] | YouTube  | [Normal]     | 89%    |    8.0ms | yoooo...
[GAMING/GAM] | YouTube  | [Normal]     | 97%    |   13.0ms | Rug in bedroom?...
[NEWS/LIVE ] | YouTube  | [Normal]     | 97%    |   12.6ms | biden got lost a stage...
[PSYCHOLOGY] | YouTube  | [Normal]     | 97%    |   17.1ms | My biggest issue......
[ENTERTAINM] | YouTube  | [Normal]     | 95%    |   20.0ms | Almost there!!...
[ENTERTAINM] | YouTube  | [Normal]     | 94%    |   14.0ms | 1...
[ENTERTAINM] | YouTube  | [Normal]     | 96%    |    7.0ms | massive???...
[ENTERTAINM] | YouTube  | [Normal]     | 96%    |    8.8ms | big fan...
[SPORTS/FOO] | YouTube  | [Normal]     | 97%    |   15.6ms | hi:open_mailbox_with_lowered_flag::posta...
[ENTERTAINM] | YouTube  | [Normal]     | 97%    |    7.0ms | hola me saludas por favor soy de México...
[ENTERTAINM] | YouTube  | [Normal]     | 95%    |    8.5ms | mrbeast give me money for my dream 1st h...
[GAMING/GAM] | YouTube  | [Normal]     | 96%    |   13.0ms | beeeeeeeeeeeeeeeeeeeeeeeeeeeeeeeeeeeeeee...
[GAMING/GAM] | YouTube  | [Normal]     | 95%    |   14.1ms | I finally got to see iron lung and I lov...
[MUSIC/CHIL] | YouTube  | [Normal]     | 96%    |   22.1ms | Come on baby my love oh na na na :backha...
[ENTERTAINM] | YouTube  | [Normal]     | 94%    |   15.5ms | MIIISTER BEEEAST SIX THOUUSAND...
[ENTERTAINM] | YouTube  | [Normal]     | 94%    |   18.5ms | hi...
[ENTERTAINM] | YouTube  | [Normal]     | 95%    |   20.0ms | .......
[ENTERTAINM] | YouTube  | [Normal]     | 93%    |   12.0ms | inshallah you reach 500 millions...
[GAMING/GAM] | YouTube  | [Normal]     | 96%    |   10.8ms | i feel so helpful...
[MUSIC/CHIL] | YouTube  | [Normal]     | 97%    |   13.6ms | RUSIA...
[GAMING/GAM] | YouTube  | [OFFENSIVE]  | 48%    |   11.5ms | the beddd...
[GAMING/GAM] | YouTube  | [Normal]     | 97%    |   14.0ms | extra mousetrap??...
[ENTERTAINM] | YouTube  | [Normal]     | 91%    |    9.6ms | w...
[GAMING/GAM] | YouTube  | [Normal]     | 93%    |    9.3ms | man standing in stair well!!!!!!!!!...
[GAMING/GAM] | YouTube  | [Normal]     | 97%    |   14.3ms | lighthouse lighting is different...
[GAMING/GAM] | YouTube  | [Normal]     | 92%    |   13.2ms | BED...
[GAMING/GAM] | YouTube  | [Normal]     | 92%    |   11.2ms | bed...
[GAMING/GAM] | YouTube  | [Normal]     | 96%    |   12.5ms | extra bottle in the pier...
[ENTERTAINM] | YouTube  | [Normal]     | 95%    |   14.6ms | noob lol...
[GAMING/GAM] | YouTube  | [Normal]     | 97%    |    9.6ms | THE LANTERN MOVED IN THE INTERIOR...
[GAMING/GAM] | YouTube  | [Normal]     | 95%    |   10.6ms | bed? :slightly_frowning_face:...
[MUSIC/CHIL] | YouTube  | [Normal]     | 97%    |   15.9ms | Good and thanks for asking having :clink...
[ENTERTAINM] | YouTube  | [Normal]     | 94%    |   13.5ms | hi...
[ENTERTAINM] | YouTube  | [Normal]     | 96%    |   15.6ms | give me 10k dollars  please :pleading_fa...
[MUSIC/CHIL] | YouTube  | [Normal]     | 97%    |   12.7ms | kisko boli ji nariyal pani ??...
[MUSIC/CHIL] | YouTube  | [Normal]     | 96%    |   17.2ms | lav profit share karega toh unko b lalac...
[ENTERTAINM] | YouTube  | [Normal]     | 93%    |   14.1ms | F...
[MUSIC/CHIL] | YouTube  | [Normal]     | 96%    |   17.0ms | jatsi means MORE...
[GAMING/GAM] | YouTube  | [Normal]     | 95%    |   13.1ms | loins...
[ENTERTAINM] | YouTube  | [Normal]     | 94%    |   19.1ms | nepal...
[GAMING/GAM] | YouTube  | [Normal]     | 88%    |   13.7ms | THE DOOR...
[GAMING/GAM] | YouTube  | [Normal]     | 93%    |   15.9ms | BOTTLE...
[ENTERTAINM] | YouTube  | [Normal]     | 95%    |   15.1ms | I have a question how is it possible tha...
[GAMING/SUR] | YouTube  | [Normal]     | 94%    |   16.8ms | 4...
[ENTERTAINM] | YouTube  | [Normal]     | 97%    |   36.5ms | :dollar_banknote::check_mark_button::che...
[PSYCHOLOGY] | YouTube  | [Normal]     | 95%    |   12.8ms | BOOM!...
[GAMING/GAM] | YouTube  | [Normal]     | 97%    |   17.7ms | Amazing movie mark I really loved watchi...
[GAMING/GAM] | YouTube  | [Normal]     | 95%    |   20.0ms | lights...
[GAMING/GAM] | YouTube  | [Normal]     | 95%    |   12.9ms | :elbowcough:...
[ENTERTAINM] | YouTube  | [Normal]     | 94%    |   16.6ms | 2...
[GAMING/GAM] | YouTube  | [Normal]     | 97%    |    8.6ms | RAILING NEAR PAINT CANS MOVED...
[GAMING/GAM] | YouTube  | [Normal]     | 93%    |   15.1ms | Mark isn't good at this :rolling_on_the_...
[ENTERTAINM] | YouTube  | [Normal]     | 95%    |   15.3ms | hi I watch your video...
[GAMING/GAM] | YouTube  | [Normal]     | 93%    |   16.6ms | 40k people are here mark I don't think w...
[GAMING/GAM] | YouTube  | [Normal]     | 87%    |   10.0ms | What if we were the anomalies all along...
[GAMING/SUR] | YouTube  | [Normal]     | 85%    |    6.0ms | NOOOOO...
[ENTERTAINM] | YouTube  | [Normal]     | 97%    |   10.5ms | 500 milin compete...
[GAMING/SUR] | YouTube  | [Normal]     | 95%    |   10.8ms | higher...
[GAMING/GAM] | YouTube  | [Normal]     | 94%    |   14.6ms | The ego is strong today...
[GAMING/GAM] | YouTube  | [Normal]     | 89%    |   13.5ms | Iron lung looked so amazing w a tched it...
[GAMING/SUR] | YouTube  | [Normal]     | 90%    |   10.0ms | WAIT...
[GAMING/SUR] | YouTube  | [Normal]     | 92%    |   17.0ms | Get welyn in the discord...
[MUSIC/CHIL] | YouTube  | [Normal]     | 90%    |   19.0ms | Hahaha...
[ENTERTAINM] | YouTube  | [Normal]     | 93%    |   19.6ms | Me please...
[GAMING/GAM] | YouTube  | [Normal]     | 96%    |   15.5ms | lamp in interior...
[ENTERTAINM] | YouTube  | [Normal]     | 94%    |   15.0ms | यह तो पागलपन है mrbeast...
[GAMING/GAM] | YouTube  | [Normal]     | 94%    |    8.0ms | fire wood...
[GAMING/GAM] | YouTube  | [Normal]     | 86%    |    9.6ms | intruder...
[GAMING/GAM] | YouTube  | [Normal]     | 88%    |    7.0ms | answer the people paying to speak mark...
[ENTERTAINM] | YouTube  | [Normal]     | 94%    |    7.0ms | wow that so closes...
[GAMING/SUR] | YouTube  | [Normal]     | 84%    |   16.0ms | Ya’ll were sayin that...
[ENTERTAINM] | YouTube  | [Normal]     | 97%    |    8.5ms | THE HISTORY...
[ENTERTAINM] | YouTube  | [Normal]     | 95%    |    9.0ms | 1111111111111111...
[GAMING/GAM] | YouTube  | [Normal]     | 76%    |    6.5ms | LAME...
[ENTERTAINM] | YouTube  | [Normal]     | 96%    |   19.6ms | Jimmy  can I have $1000 to pay off my de...
[ENTERTAINM] | YouTube  | [Normal]     | 93%    |   17.0ms | I subscribed but you never gave me the c...
[GAMING/GAM] | YouTube  | [Normal]     | 91%    |   10.1ms | noob...
[GAMING/SUR] | YouTube  | [Normal]     | 95%    |   13.0ms | Welyn....is the MAN...
[ENTERTAINM] | YouTube  | [Normal]     | 91%    |    8.0ms | I was thinking that you gave a biggest g...
[ENTERTAINM] | YouTube  | [Normal]     | 96%    |    7.6ms | since when did this happen...
[GAMING/GAM] | YouTube  | [Normal]     | 70%    |    9.5ms | Yeah it sucks...
[ENTERTAINM] | YouTube  | [Normal]     | 96%    |   15.1ms | :red_heart:...
[ENTERTAINM] | YouTube  | [Normal]     | 95%    |   10.0ms | come to venezuela...
[MUSIC/CHIL] | YouTube  | [Normal]     | 98%    |   16.1ms | :cat-orange-whistling::cat-orange-whistl...
[ENTERTAINM] | YouTube  | [Normal]     | 96%    |   15.2ms | youtuber please give me some money...
[GAMING/GAM] | YouTube  | [Normal]     | 95%    |   18.0ms | obserdution duty...
[ENTERTAINM] | YouTube  | [Normal]     | 93%    |   18.7ms | INDIA...
[ENTERTAINM] | YouTube  | [Normal]     | 92%    |   17.6ms | kook...
[GAMING/GAM] | YouTube  | [Normal]     | 95%    |   14.1ms | #1 director btw...
[GAMING/SUR] | YouTube  | [Normal]     | 80%    |    9.0ms | shut doors...
[ENTERTAINM] | YouTube  | [Normal]     | 94%    |    7.0ms | hi...
[MUSIC/CHIL] | YouTube  | [Normal]     | 96%    |    7.2ms | ledu...
[ENTERTAINM] | YouTube  | [Normal]     | 90%    |    8.0ms | 𝗵𝗲𝗹𝗹𝗼...
[ENTERTAINM] | YouTube  | [Normal]     | 96%    |   10.6ms | I LOVE YOU BRO...
[PSYCHOLOGY] | YouTube  | [Normal]     | 87%    |   23.0ms | @VenaraEchoes how about Dr Peterson and ...
[GAMING/GAM] | YouTube  | [Normal]     | 91%    |   23.6ms | the camera malfunction was the camera wa...
[ENTERTAINM] | YouTube  | [Normal]     | 94%    |   16.5ms | hi...
[ENTERTAINM] | YouTube  | [Normal]     | 94%    |   10.9ms | Hi...
[ENTERTAINM] | YouTube  | [Normal]     | 96%    |   17.8ms | please say my name...
[GAMING/GAM] | YouTube  | [Normal]     | 45%    |   12.0ms | Yippeee...
[ENTERTAINM] | YouTube  | [Normal]     | 96%    |    8.0ms | need 1 million Cash...
[GAMING/GAM] | YouTube  | [Normal]     | 52%    |    7.2ms | LETS GOOOOOOOO...
[GAMING/GAM] | YouTube  | [Normal]     | 91%    |    8.0ms | w...
[GAMING/GAM] | YouTube  | [Normal]     | 96%    |    6.0ms | loved your movie man...
[GAMING/GAM] | YouTube  | [Normal]     | 89%    |   22.9ms | You’re the best YouTuber ever mark...
[ENTERTAINM] | YouTube  | [Normal]     | 95%    |    9.0ms | 67...
[GAMING/GAM] | YouTube  | [Normal]     | 91%    |    9.0ms | looks cythulu like...
[ENTERTAINM] | YouTube  | [Normal]     | 95%    |   20.0ms | :folded_hands::folded_hands:...
[ENTERTAINM] | YouTube  | [Normal]     | 97%    |   16.0ms | i love you...
[GAMING/GAM] | YouTube  | [Normal]     | 97%    |   22.0ms | the depth......
[ENTERTAINM] | YouTube  | [Normal]     | 95%    |    9.6ms | Bangladesh...
[GAMING/GAM] | YouTube  | [Normal]     | 96%    |    6.8ms | Saw Iron Lung last night  I really liked...
[GAMING/GAM] | YouTube  | [Normal]     | 89%    |    9.0ms | aaaah the shadow changed!!!! at the dock...
[GAMING/GAM] | YouTube  | [Normal]     | 95%    |    8.0ms | extra gas can...
[ENTERTAINM] | YouTube  | [Normal]     | 98%    |    6.0ms | Hi Mr beast huge fan. Can I please have ...
[GAMING/GAM] | YouTube  | [Normal]     | 91%    |    7.0ms | hellavator...
[ENTERTAINM] | YouTube  | [Normal]     | 95%    |   38.5ms | :face-red-droopy-eyes::face-red-droopy-e...
[ENTERTAINM] | YouTube  | [Normal]     | 87%    |    9.0ms | A...
[ENTERTAINM] | YouTube  | [Normal]     | 96%    |   17.6ms | unsubscribe :grinning_squinting_face::gr...
[GAMING/GAM] | YouTube  | [Normal]     | 96%    |   11.4ms | was that poster always on the wall?...
[ENTERTAINM] | YouTube  | [Normal]     | 97%    |    9.4ms | :growing_heart::growing_heart::growing_h...
[GAMING/GAM] | YouTube  | [Normal]     | 97%    |   11.0ms | The red hanging thing lantern room is mo...
[GAMING/GAM] | YouTube  | [Normal]     | 96%    |    7.2ms | I just came back from watching Iron Lung...
[GAMING/GAM] | YouTube  | [Normal]     | 71%    |    7.0ms | what a professional you are...
[ENTERTAINM] | YouTube  | [Normal]     | 98%    |   15.0ms | :face-blue-smiling::face-blue-smiling::f...
[ENTERTAINM] | YouTube  | [Normal]     | 95%    |   12.6ms | I’m 9...
[ENTERTAINM] | YouTube  | [Normal]     | 94%    |   16.0ms | hey :waving_hand: how are you...
[GAMING/GAM] | YouTube  | [Normal]     | 96%    |   15.1ms | instructions unclear  I peeled my eyes n...
[ENTERTAINM] | YouTube  | [Normal]     | 98%    |   20.2ms | :person-turqouise-waving::face-blue-smil...
[ENTERTAINM] | YouTube  | [Normal]     | 95%    |   14.0ms | soy tu fan...
[SPORTS/FOO] | YouTube  | [Normal]     | 97%    |   27.1ms | 현재 팀으로서 아시아 1황은 재팬이다. 부정 안한다....
[GAMING/GAM] | YouTube  | [Normal]     | 88%    |   16.9ms | MARK THE THING HANGING FROM THE LIGHTHOU...
[GAMING/GAM] | YouTube  | [Normal]     | 47%    |   15.0ms | mark should i watch on tv and risk wakin...
[GAMING/SUR] | YouTube  | [Normal]     | 95%    |   11.5ms | 200...
[GAMING/GAM] | YouTube  | [Normal]     | 88%    |   13.2ms | Me and my brother seen Iron Lung the oth...
[ENTERTAINM] | YouTube  | [Normal]     | 96%    |   15.2ms | :yt::yt::yt::yt::yt::yt::yt:...
[GAMING/GAM] | YouTube  | [Normal]     | 96%    |   11.0ms | i watch stream on my gameboy sp thank yo...
[PSYCHOLOGY] | YouTube  | [Normal]     | 94%    |   17.0ms | That honestly sounds like a choice to pr...
[MUSIC/CHIL] | YouTube  | [Normal]     | 97%    |   16.0ms | I was about to ask thay bro :face_with_t...
[GAMING/GAM] | YouTube  | [Normal]     | 94%    |    7.0ms | Chair!!...
[ENTERTAINM] | YouTube  | [Normal]     | 96%    |   19.1ms | I’m a really big fan of your channel  an...
[GAMING/GAM] | YouTube  | [Normal]     | 97%    |   20.0ms | Make sure to give IRON LUNG A 10 ON IMDB...
[ENTERTAINM] | YouTube  | [Normal]     | 94%    |   10.0ms | Hi Mr Beast...
[GAMING/SUR] | YouTube  | [Normal]     | 94%    |   20.5ms | Guys guys guys PLEASE can someone tell a...
[ENTERTAINM] | YouTube  | [Normal]     | 95%    |   19.0ms | mrbeast can I have 20 dolla...
[ENTERTAINM] | YouTube  | [Normal]     | 96%    |   16.0ms | lol...
[ENTERTAINM] | YouTube  | [Normal]     | 94%    |   16.5ms | hi...
[GAMING/SUR] | YouTube  | [Normal]     | 53%    |   15.0ms | That dang ol stupid oil...
[GAMING/GAM] | YouTube  | [Normal]     | 89%    |    8.6ms | Resident evil 4 Remake...
[ENTERTAINM] | YouTube  | [Normal]     | 88%    |    8.0ms | I know who he is  but dont watch it...
[GAMING/GAM] | YouTube  | [Normal]     | 93%    |    8.0ms | in the older games I just screenshot the...
[ENTERTAINM] | YouTube  | [Normal]     | 97%    |    6.5ms | سلام منم تو ایران...
[MUSIC/CHIL] | YouTube  | [Normal]     | 96%    |   16.0ms | hiburan beee :face_with_tongue::face_wit...
[GAMING/GAM] | YouTube  | [Normal]     | 87%    |   10.0ms | body...
[ENTERTAINM] | YouTube  | [Normal]     | 96%    |    7.0ms | hi jimmy!!...
[GAMING/GAM] | YouTube  | [Normal]     | 94%    |    8.0ms | There's a dude in the top left corner...
[GAMING/GAM] | YouTube  | [Normal]     | 96%    |   17.6ms | EXTRA BOTTLES...
[ENTERTAINM] | YouTube  | [Normal]     | 97%    |   23.7ms | :full_moon_face:...
[ENTERTAINM] | YouTube  | [Normal]     | 93%    |   13.6ms | YEP...
[GAMING/GAM] | YouTube  | [Normal]     | 97%    |   18.9ms | top right of lantern room folded bit of ...
[MUSIC/CHIL] | YouTube  | [Normal]     | 97%    |   15.6ms | :bubbles::smiling_face_with_halo::bubble...
[ENTERTAINM] | YouTube  | [Normal]     | 92%    |    7.1ms | help me...
[GAMING/GAM] | YouTube  | [Normal]     | 97%    |    7.0ms | I made it!!!!!...
[ENTERTAINM] | YouTube  | [Normal]     | 89%    |    6.0ms | helo...
[ENTERTAINM] | YouTube  | [Normal]     | 94%    |   10.0ms | hi...
[ENTERTAINM] | YouTube  | [Normal]     | 93%    |   18.0ms | :alien::alien::alien:...
[ENTERTAINM] | YouTube  | [Normal]     | 97%    |   25.0ms | hi mr beast im new:face_holding_back_tea...
[ENTERTAINM] | YouTube  | [Normal]     | 94%    |   15.6ms | hi...
[ENTERTAINM] | YouTube  | [Normal]     | 96%    |   14.4ms | bro give me some money......
[GAMING/GAM] | YouTube  | [Normal]     | 97%    |   20.0ms | anomiplier........
[GAMING/GAM] | YouTube  | [Normal]     | 95%    |   16.1ms | FIREWOOD ON FLOOR...
[GAMING/GAM] | YouTube  | [Normal]     | 97%    |   12.0ms | LANTERN MARKYMO...
[ENTERTAINM] | YouTube  | [Normal]     | 78%    |   12.0ms | @mrbeast your the best...
[GAMING/GAM] | YouTube  | [Normal]     | 93%    |    9.4ms | circuit breaker!!!!...
[PSYCHOLOGY] | YouTube  | [Normal]     | 95%    |   22.0ms | lol jung v clavicular...
[GAMING/GAM] | YouTube  | [Normal]     | 93%    |   20.6ms | person on bed in cabin...
[GAMING/GAM] | YouTube  | [Normal]     | 82%    |   24.6ms | It’s the lung of iron...
[GAMING/SUR] | YouTube  | [Normal]     | 96%    |   22.0ms | c4 on a timer...
[GAMING/SUR] | YouTube  | [Normal]     | 87%    |   20.2ms | lock in...
[GAMING/GAM] | YouTube  | [Normal]     | 97%    |   18.4ms | The hanging ropes in stairwell look bend...
[ENTERTAINM] | YouTube  | [Normal]     | 85%    |   13.0ms | wooooow...
[PSYCHOLOGY] | YouTube  | [Normal]     | 94%    |   18.6ms | off topic but chat what should I get a d...
[NEWS/LIVE ] | YouTube  | [Normal]     | 51%    |   11.3ms | nothing objectionable about it but it sh...
[GAMING/SUR] | YouTube  | [Normal]     | 97%    |   13.0ms | Yuuuur...
[GAMING/SUR] | YouTube  | [Normal]     | 86%    |   21.1ms | Yo...
[GAMING/SUR] | YouTube  | [Normal]     | 95%    |   20.1ms | let's go...
[GAMING/SUR] | YouTube  | [Normal]     | 96%    |   13.0ms | finally my man...
[GAMING/SUR] | YouTube  | [Normal]     | 95%    |   15.5ms | sup...
[GAMING/SUR] | YouTube  | [Normal]     | 52%    |   14.0ms | GOOP GOOP GOOP...
[MUSIC/CHIL] | YouTube  | [Normal]     | 98%    |   11.6ms | bating lol:face_with_tears_of_joy::face_...
[MUSIC/CHIL] | YouTube  | [Normal]     | 93%    |   12.6ms | Emicheyatle free...
[GAMING/SUR] | YouTube  | [Normal]     | 96%    |   11.0ms | Mr cash thank you...
[GAMING/SUR] | YouTube  | [Normal]     | 93%    |   13.0ms | holy...
[GAMING/SUR] | YouTube  | [Normal]     | 67%    |   11.9ms | Johnny casssssh...
[GAMING/SUR] | YouTube  | [Normal]     | 95%    |    6.0ms | Lfg!!!!!!!...
[GAMING/SUR] | YouTube  | [Normal]     | 49%    |    8.0ms | Purnt Beanut...
[PSYCHOLOGY] | YouTube  | [Normal]     | 95%    |    9.0ms | dr k should discuss adler as well alongs...
[GAMING/SUR] | YouTube  | [Normal]     | 93%    |    7.2ms | yep...
[GAMING/SUR] | YouTube  | [Normal]     | 45%    |   10.0ms | LETS GOOOOOO...
[MUSIC/CHIL] | YouTube  | [Normal]     | 98%    |   14.5ms | serendi marchipoya :smiling_face_with_te...
[GAMING/SUR] | YouTube  | [Normal]     | 96%    |   20.0ms | :saluting_face::saluting_face::saluting_...
[GAMING/SUR] | YouTube  | [Normal]     | 91%    |   10.0ms | w...
[MUSIC/CHIL] | YouTube  | [Normal]     | 96%    |   19.5ms | Annaye kada na brathuku...
[GAMING/SUR] | YouTube  | [Normal]     | 95%    |   22.0ms | Good evening Mr Peanut and Bungulators!...
[PSYCHOLOGY] | YouTube  | [Normal]     | 94%    |   22.6ms | freud is gigachad and jung is gigachad...
[GAMING/SUR] | YouTube  | [Normal]     | 95%    |   14.5ms | 40s...
[NEWS/LIVE ] | YouTube  | [Normal]     | 95%    |   18.0ms | MAGA...
[PSYCHOLOGY] | YouTube  | [OFFENSIVE]  | 79%    |   17.1ms | @snuffy4992 you’re goddamn right  dr. K ...
[MUSIC/CHIL] | YouTube  | [OFFENSIVE]  | 50%    |   22.2ms | Shivani gen-z ko ap hi sahi rahh dikha s...
[GAMING/SUR] | YouTube  | [Normal]     | 97%    |   11.0ms | Need to work on research tree...
[MUSIC/CHIL] | YouTube  | [Normal]     | 93%    |   12.0ms | fred me ? :thinking_face:...
[SELF-HELP/] | YouTube  | [Normal]     | 88%    |    7.5ms | andddd something happened...
[GAMING/SUR] | YouTube  | [Normal]     | 82%    |    8.0ms | put some pants on...
[NEWS/LIVE ] | YouTube  | [Normal]     | 97%    |    8.9ms | :person-blue-holding-pencil:...
[GAMING/SUR] | YouTube  | [Normal]     | 95%    |   14.5ms | train...
[GAMING/SUR] | YouTube  | [Normal]     | 98%    |   10.8ms | peanut streaming earlier hrs now??...
[NEWS/LIVE ] | YouTube  | [OFFENSIVE]  | 38%    |    9.5ms | I believe the gov is invading .....
[GAMING/SUR] | YouTube  | [Normal]     | 96%    |   18.9ms | 9 milly velo better...
[GAMING/SUR] | YouTube  | [Normal]     | 96%    |   15.3ms | Is the base ok chat?...
[MUSIC/CHIL] | YouTube  | [Normal]     | 95%    |   13.1ms | Musali Munda musalodu...
[GAMING/SUR] | YouTube  | [Normal]     | 97%    |   16.5ms | the wheels on the car......
[GAMING/SUR] | YouTube  | [Normal]     | 95%    |   19.2ms | H2O...
[GAMING/SUR] | YouTube  | [Normal]     | 96%    |   17.1ms | Man I grew up watching H20 and vanoss. S...
[GAMING/SUR] | YouTube  | [Normal]     | 96%    |   15.0ms | ALL ON RED FN...
[GAMING/SUR] | YouTube  | [Normal]     | 83%    |   15.1ms | hutch goiiiiiiiiiiiiiing hard...
[GAMING/SUR] | YouTube  | [Normal]     | 96%    |   13.0ms | 10 on 20...
[NEWS/LIVE ] | YouTube  | [Normal]     | 93%    |   14.5ms | Pudding Fingers Ron...
[PSYCHOLOGY] | YouTube  | [Normal]     | 96%    |   15.5ms | :grinning_squinting_face:...
[GAMING/SUR] | YouTube  | [Normal]     | 94%    |    9.4ms | 10...
[GAMING/SUR] | YouTube  | [Normal]     | 96%    |   10.5ms | LMAO...
[GAMING/SUR] | YouTube  | [Normal]     | 95%    |   10.6ms | WELP...
[GAMING/SUR] | YouTube  | [Normal]     | 94%    |   12.6ms | LMAOOOO...
[GAMING/SUR] | YouTube  | [Normal]     | 92%    |   10.5ms | hahahhahahahahahaha...
[GAMING/SUR] | YouTube  | [Normal]     | 92%    |   12.2ms | normal...
[MUSIC/CHIL] | YouTube  | [Normal]     | 70%    |    9.5ms | she is asking do u eat wtf...
[GAMING/SUR] | YouTube  | [OFFENSIVE]  | 90%    |   11.7ms | HOLY SHITTTTT...
[GAMING/SUR] | YouTube  | [Normal]     | 94%    |   11.5ms | hi...
[GAMING/SUR] | YouTube  | [Normal]     | 91%    |   15.5ms | lmaooooooooo...
[GAMING/SUR] | YouTube  | [Normal]     | 94%    |   16.5ms | LMAOAOSKAOAOOAOA...
[GAMING/SUR] | YouTube  | [OFFENSIVE]  | 67%    |   12.0ms | XXXXXXXXXXXXXXDDDDDDDDDDDD...
[GAMING/SUR] | YouTube  | [Normal]     | 68%    |    9.5ms | Sorry...
[GAMING/SUR] | YouTube  | [Normal]     | 94%    |   13.0ms | still alive boys...
[SELF-HELP/] | YouTube  | [Normal]     | 94%    |   11.0ms | hi dr k...
[SELF-HELP/] | YouTube  | [Normal]     | 91%    |   10.0ms | hey...
[PSYCHOLOGY] | YouTube  | [Normal]     | 92%    |   11.6ms | Group was the only form of HG coaching t...
[PSYCHOLOGY] | YouTube  | [Normal]     | 95%    |    8.5ms | AND ANIME...
[SELF-HELP/] | YouTube  | [Normal]     | 91%    |   10.0ms | @acetophenone820 not true...
[MUSIC/CHIL] | YouTube  | [Normal]     | 98%    |    9.0ms | :bell::bell::bell:...
[PSYCHOLOGY] | YouTube  | [Normal]     | 93%    |   11.0ms | lets go anime crew...
[GAMING/SUR] | YouTube  | [Normal]     | 93%    |   11.5ms | not even 30 minutes in and Peanut has lo...
[GAMING/SUR] | YouTube  | [Normal]     | 74%    |    8.0ms | not worth...
[PSYCHOLOGY] | YouTube  | [Normal]     | 86%    |   11.1ms | mr beast can u give me 1 milion dolars...
[PSYCHOLOGY] | YouTube  | [HATE]       | 45%    |   13.0ms | Jung is the goat fr...
[GAMING/SUR] | YouTube  | [Normal]     | 92%    |   11.0ms | You Live And You Learn!...
[SELF-HELP/] | YouTube  | [Normal]     | 96%    |   17.5ms | Hey dr K.. love from Canada!...
[NEWS/LIVE ] | YouTube  | [Normal]     | 95%    |   11.0ms | Apparently IQ can drop twenty points due...
[ENTERTAINM] | YouTube  | [Normal]     | 92%    |    8.1ms | Jimmy start it...
[ENTERTAINM] | YouTube  | [Normal]     | 52%    |    9.0ms | Mr beast trolling...
[MUSIC/CHIL] | YouTube  | [Normal]     | 98%    |   11.6ms | :fish::bird:...
[ENTERTAINM] | YouTube  | [Normal]     | 94%    |   11.0ms | hello mr beast!!!!!...
[ENTERTAINM] | YouTube  | [Normal]     | 96%    |   11.0ms | hiiiiii...
[ENTERTAINM] | YouTube  | [Normal]     | 96%    |    9.0ms | witnessing...
[ENTERTAINM] | YouTube  | [Normal]     | 90%    |   10.0ms | hhi...
[ENTERTAINM] | YouTube  | [Normal]     | 91%    |    8.1ms | MR BEAST...
[GAMING/GAM] | YouTube  | [Normal]     | 94%    |    8.0ms | Maaark!...
[GAMING/GAM] | YouTube  | [Normal]     | 66%    |    9.0ms | for everyone who already saw iron lung  ...
[GAMING/GAM] | YouTube  | [OFFENSIVE]  | 80%    |   12.9ms | damn...
[PSYCHOLOGY] | YouTube  | [Normal]     | 97%    |    7.3ms | Dr. K's NEW Guide to Love  Sex  & Relati...
[ENTERTAINM] | YouTube  | [Normal]     | 92%    |    7.6ms | hai...
[ENTERTAINM] | YouTube  | [Normal]     | 95%    |    9.0ms | yooo...
[SELF-HELP/] | YouTube  | [Normal]     | 96%    |   12.1ms | Dr. K is it possible to have John Kiriak...
[GAMING/SUR] | YouTube  | [Normal]     | 92%    |   14.7ms | thaTS MIND FROM DIUNOS...
[ENTERTAINM] | YouTube  | [Normal]     | 92%    |   16.0ms | HELLO MRBEAST!!!...
[ENTERTAINM] | YouTube  | [Normal]     | 95%    |   13.0ms | Hiiii...
[NEWS/LIVE ] | YouTube  | [Normal]     | 57%    |   15.0ms | One them is going to drop out and push p...
[ENTERTAINM] | YouTube  | [Normal]     | 96%    |   11.5ms | Hiiiiii...
[GAMING/GAM] | YouTube  | [Normal]     | 96%    |   15.6ms | :fox:...
[ENTERTAINM] | YouTube  | [Normal]     | 96%    |   12.0ms | New member...
[GAMING/GAM] | YouTube  | [Normal]     | 96%    |    7.5ms | hi mark...
[ENTERTAINM] | YouTube  | [Normal]     | 98%    |   12.0ms | :hand-purple-blue-peace:...
[GAMING/GAM] | YouTube  | [Normal]     | 96%    |    9.6ms | hello!...
[GAMING/GAM] | YouTube  | [Normal]     | 95%    |   13.0ms | hello!!!!...
[GAMING/SUR] | YouTube  | [Normal]     | 80%    |   15.0ms | Doc is better than peanut boy...
[GAMING/GAM] | YouTube  | [Normal]     | 96%    |   12.9ms | HI MARK...
[ENTERTAINM] | YouTube  | [Normal]     | 96%    |    8.0ms | :heart_suit::loudly_crying_face:...
[GAMING/SUR] | YouTube  | [Normal]     | 97%    |    5.5ms | :face-green-smiling:...
[ENTERTAINM] | YouTube  | [Normal]     | 89%    |   12.0ms | selam mrbeast...
[ENTERTAINM] | YouTube  | [Normal]     | 95%    |   17.3ms | Bangladesh...
[ENTERTAINM] | YouTube  | [Normal]     | 97%    |   20.3ms | hallo...
[GAMING/GAM] | YouTube  | [Normal]     | 66%    |   26.1ms | WHOOO LET"S GO!!!...
[ENTERTAINM] | YouTube  | [Normal]     | 96%    |   14.0ms | عطيني مليون دولار :sleepy_face:...
[NEWS/LIVE ] | YouTube  | [Normal]     | 98%    |    8.1ms | :crown:KING TRUMP WINS AGAIN:crown:...
[GAMING/GAM] | YouTube  | [Normal]     | 94%    |   10.0ms | I still really want to see it  haven’t h...
[ENTERTAINM] | YouTube  | [Normal]     | 98%    |    9.0ms | congratulations in advance :beaming_face...
[GAMING/GAM] | YouTube  | [Normal]     | 95%    |   10.0ms | HIII...
[ENTERTAINM] | YouTube  | [Normal]     | 94%    |    7.6ms | Speak in Hindi...
[GAMING/GAM] | YouTube  | [Normal]     | 95%    |    6.7ms | I saw the Iron Lung on Wednesday!...
[ENTERTAINM] | YouTube  | [Normal]     | 98%    |   17.1ms | 500m :red_heart::blue_heart::green_heart...
[GAMING/GAM] | YouTube  | [Normal]     | 96%    |   15.0ms | saw it on Sunday!!!! loved it!!...
[GAMING/GAM] | YouTube  | [Normal]     | 87%    |    8.6ms | WOOOOOOOOO...
[GAMING/GAM] | YouTube  | [Normal]     | 97%    |   12.6ms | WE LOVE MATH!!!!...
[ENTERTAINM] | YouTube  | [OFFENSIVE]  | 57%    |   18.0ms | letssss goooo...
[ENTERTAINM] | YouTube  | [Normal]     | 96%    |   15.6ms | yea...
[GAMING/GAM] | YouTube  | [Normal]     | 98%    |   12.0ms | :face-blue-spam-shape::face-blue-spam-sh...
[PSYCHOLOGY] | YouTube  | [Normal]     | 97%    |   10.0ms | idealized representations of the roles h...
[GAMING/GAM] | YouTube  | [Normal]     | 89%    |   16.0ms | WOOOOOO!!!...
[GAMING/GAM] | YouTube  | [Normal]     | 96%    |   17.5ms | im seeing the movie this Sunday !!!! so ...
[ENTERTAINM] | YouTube  | [Normal]     | 92%    |   20.6ms | congratulations brooooooooooooooo...
[ENTERTAINM] | YouTube  | [Normal]     | 94%    |   16.5ms | great...
[MUSIC/CHIL] | YouTube  | [Normal]     | 93%    |   21.5ms | :rolling_on_the_floor_laughing:...
[GAMING/GAM] | YouTube  | [Normal]     | 95%    |   19.5ms | WHERE DO YOU FIND THAT STATISTIC????...
[MUSIC/CHIL] | YouTube  | [Normal]     | 94%    |   19.6ms | lo mismo hay cine gratis...
[GAMING/SUR] | YouTube  | [Normal]     | 97%    |   16.1ms | missed 1000 scrap...
[GAMING/GAM] | YouTube  | [Normal]     | 98%    |   19.8ms | hello everybody:hand-pink-waving:...
[ENTERTAINM] | YouTube  | [Normal]     | 94%    |   14.0ms | Tate...
[GAMING/GAM] | YouTube  | [Normal]     | 95%    |   11.0ms | hiiii...
[GAMING/GAM] | YouTube  | [Normal]     | 97%    |   11.6ms | Well done...
[ENTERTAINM] | YouTube  | [Normal]     | 96%    |   12.0ms | may play uzbekiston...
[GAMING/GAM] | YouTube  | [Normal]     | 71%    |   10.0ms | Why do you look more shorter than usual?...
[GAMING/GAM] | YouTube  | [Normal]     | 97%    |    8.6ms | NUMERO UNO!!...
[ENTERTAINM] | YouTube  | [Normal]     | 91%    |   11.0ms | W...
[GAMING/GAM] | YouTube  | [Normal]     | 94%    |    7.0ms | hi...
[PSYCHOLOGY] | YouTube  | [Normal]     | 94%    |    9.6ms | forsen...
[MUSIC/CHIL] | YouTube  | [Normal]     | 96%    |   15.2ms | shish badiya hu aap bataye?...
[GAMING/GAM] | YouTube  | [Normal]     | 92%    |   12.0ms | King fr fr...
[SPORTS/PEN] | YouTube  | [Normal]     | 95%    |   10.6ms | gvh...
[GAMING/GAM] | YouTube  | [Normal]     | 97%    |   12.6ms | Well deserved Mark...
[SELF-HELP/] | YouTube  | [Normal]     | 81%    |   17.0ms | we dont get that sort of clarity about w...
[GAMING/GAM] | YouTube  | [Normal]     | 89%    |    8.0ms | GLOAT WHOOOO?? US THATS WHOOO...
[GAMING/GAM] | YouTube  | [Normal]     | 97%    |    9.0ms | Your movie was amazing mark!!...
[GAMING/GAM] | YouTube  | [Normal]     | 79%    |    7.5ms | your you...
[GAMING/GAM] | YouTube  | [Normal]     | 81%    |   10.0ms | mark  I hope you see this  Ive been a hu...
[GAMING/SUR] | YouTube  | [Normal]     | 90%    |   11.6ms | someone walked in your base when you wal...
[GAMING/GAM] | YouTube  | [Normal]     | 97%    |   10.6ms | Welcome to Member!...
[GAMING/GAM] | YouTube  | [Normal]     | 93%    |   15.0ms | Lighthouse...
[MUSIC/CHIL] | YouTube  | [Normal]     | 95%    |   30.7ms | @szarek-c2u hi   how are you ? :backhand...
[GAMING/GAM] | YouTube  | [Normal]     | 93%    |   15.6ms | Light home...
[GAMING/GAM] | YouTube  | [Normal]     | 95%    |   13.0ms | airplane...
[GAMING/GAM] | YouTube  | [Normal]     | 91%    |   15.1ms | people be voting...
[ENTERTAINM] | YouTube  | [Normal]     | 89%    |   16.5ms | heyyy...
[ENTERTAINM] | YouTube  | [Normal]     | 93%    |   20.0ms | hello mrbeast!!...
[GAMING/GAM] | YouTube  | [Normal]     | 95%    |   18.8ms | I WATCHED IRON LUNG EARLIER THIS WEEK AN...
[GAMING/GAM] | YouTube  | [Normal]     | 97%    |   12.6ms | Mark please say hello to my son Wade...
[NEWS/LIVE ] | YouTube  | [Normal]     | 97%    |   12.2ms | Amen  D...
[ENTERTAINM] | YouTube  | [Normal]     | 93%    |   10.7ms | plzzzz...
[GAMING/GAM] | YouTube  | [Normal]     | 88%    |    7.0ms | no office?...
[MUSIC/CHIL] | YouTube  | [Normal]     | 96%    |   10.1ms | @Stranger1801 m good thanks :backhand_in...
[ENTERTAINM] | YouTube  | [Normal]     | 92%    |    8.6ms | hayyyy...
[GAMING/GAM] | YouTube  | [Normal]     | 98%    |   16.6ms | left a twitch live to watch you Mark! Lo...
[GAMING/GAM] | YouTube  | [Normal]     | 83%    |   17.0ms | LETS GOOO AIRPLANNNNEEEEE...
[GAMING/SUR] | YouTube  | [Normal]     | 95%    |   21.0ms | WWWWW...
[MUSIC/CHIL] | YouTube  | [Normal]     | 96%    |   29.1ms | @szarek-c2u m doing good :backhand_index...
[GAMING/GAM] | YouTube  | [Normal]     | 96%    |    8.0ms | WHEN DOES S2 OF EDGE OF SLEEP RELEASE?!?...
[ENTERTAINM] | YouTube  | [Normal]     | 94%    |   10.0ms | hi...
[GAMING/GAM] | YouTube  | [Normal]     | 91%    |   15.5ms | SERBIA PLSSSSS...
[MUSIC/CHIL] | YouTube  | [Normal]     | 93%    |   13.0ms | por no ir...
[GAMING/GAM] | YouTube  | [Normal]     | 95%    |   12.6ms | I LOVE YOUR VIDS...
[GAMING/SUR] | YouTube  | [Normal]     | 87%    |   13.0ms | No...
[GAMING/SUR] | YouTube  | [Normal]     | 87%    |   13.6ms | it laughed at you...
[GAMING/SUR] | YouTube  | [Normal]     | 75%    |   14.0ms | nooooooooooooooooooooooooo...
[GAMING/GAM] | YouTube  | [Normal]     | 96%    |   17.0ms | Love ya Mark! So proud of you!...
[GAMING/SUR] | YouTube  | [Normal]     | 91%    |   13.7ms | split...
[GAMING/GAM] | YouTube  | [Normal]     | 93%    |   13.0ms | OMG MARK!!! Ur my inspiration :astonishe...
[GAMING/GAM] | YouTube  | [Normal]     | 81%    |   17.0ms | Airplane and lighthouse fighting like ir...
[GAMING/GAM] | YouTube  | [Normal]     | 94%    |   11.0ms | i saw your movie tonight in the netherla...
[GAMING/GAM] | YouTube  | [Normal]     | 48%    |   13.0ms | airplane gang...
[GAMING/SUR] | YouTube  | [Normal]     | 94%    |   10.6ms | stand...
[ENTERTAINM] | YouTube  | [Normal]     | 97%    |   12.0ms | :smiling_face::smiling_face::smiling_fac...
[ENTERTAINM] | YouTube  | [Normal]     | 95%    |   13.6ms | :partying_face::partying_face:...
[ENTERTAINM] | YouTube  | [Normal]     | 94%    |   13.1ms | hi...
[ENTERTAINM] | YouTube  | [Normal]     | 93%    |   18.0ms | Mr beast The best...
[GAMING/GAM] | YouTube  | [Normal]     | 97%    |   20.0ms | Revote between airplane and lighthouse!...
[ENTERTAINM] | YouTube  | [Normal]     | 98%    |   12.7ms | Ronaldo...
[GAMING/GAM] | YouTube  | [Normal]     | 97%    |   10.0ms | MARKIPLIER ADRESS THE MAYONNAISE MUSTARD...
[PSYCHOLOGY] | YouTube  | [Normal]     | 97%    |    9.4ms | the sun and the moon...
[GAMING/GAM] | YouTube  | [Normal]     | 98%    |    9.0ms | Got tickets for my family to see the mov...
[GAMING/GAM] | YouTube  | [Normal]     | 95%    |    8.6ms | 67...
[GAMING/SUR] | YouTube  | [Normal]     | 95%    |    7.0ms | HIT...
[GAMING/GAM] | YouTube  | [Normal]     | 85%    |   13.0ms | very true- the Cinemark I went to gave u...
[NEWS/LIVE ] | YouTube  | [Normal]     | 97%    |   12.1ms | anyone know what the green flag is ?...
[ENTERTAINM] | YouTube  | [Normal]     | 97%    |   23.0ms | Mr. Twenty  I want an iPhone 17....
[ENTERTAINM] | YouTube  | [Normal]     | 97%    |   23.9ms | Please help me for complete my dream ple...
[ENTERTAINM] | YouTube  | [Normal]     | 98%    |    9.4ms | :hand-pink-waving:...
[ENTERTAINM] | YouTube  | [Normal]     | 97%    |   21.0ms | Speed Up Subscriber :high_voltage::high_...
[GAMING/GAM] | YouTube  | [Normal]     | 91%    |   14.1ms | What if you alternate maps whenever you ...
[GAMING/SUR] | YouTube  | [Normal]     | 94%    |   17.0ms | MAX...
[ENTERTAINM] | YouTube  | [Normal]     | 97%    |   15.0ms | love from Pakistan...
[MUSIC/CHIL] | YouTube  | [Normal]     | 98%    |    9.5ms | :dove:...
[GAMING/GAM] | YouTube  | [Normal]     | 98%    |   16.6ms | AMAZING MOVIE MARK 10/10...
[ENTERTAINM] | YouTube  | [Normal]     | 94%    |   15.8ms | 2...
[GAMING/SUR] | YouTube  | [Normal]     | 94%    |   14.0ms | STAND...
[GAMING/GAM] | YouTube  | [Normal]     | 96%    |   21.0ms | dude i accidentally stumbled upon this v...
[ENTERTAINM] | YouTube  | [Normal]     | 91%    |   17.0ms | MOM...
[GAMING/GAM] | YouTube  | [Normal]     | 86%    |   23.5ms | the numbers on this stream are crazy...
[GAMING/GAM] | YouTube  | [Normal]     | 96%    |   21.0ms | my showing this evening the audio was a ...
[ENTERTAINM] | YouTube  | [Normal]     | 95%    |   12.0ms | my mom found my channel...
[GAMING/GAM] | YouTube  | [Normal]     | 96%    |    9.9ms | MARKPLIERR PLAY THE NEW FNAF GAMEEE...
[GAMING/GAM] | YouTube  | [Normal]     | 98%    |   17.1ms | :popcorn-yellow-striped-smile:...
[GAMING/SUR] | YouTube  | [Normal]     | 94%    |    8.9ms | lmaoooo...
[ENTERTAINM] | YouTube  | [Normal]     | 97%    |    9.2ms | Bangladesh :red_heart:...
[GAMING/SUR] | YouTube  | [Normal]     | 96%    |   13.5ms | LOL...
[GAMING/GAM] | YouTube  | [Normal]     | 96%    |    9.9ms | what brand was the crayon in the movie??...
[GAMING/GAM] | YouTube  | [Normal]     | 95%    |   12.8ms | The poll is giving me a heartache :loudl...
[ENTERTAINM] | YouTube  | [Normal]     | 97%    |   15.4ms | i am from Bangladesh...
[GAMING/GAM] | YouTube  | [Normal]     | 82%    |   14.3ms | Shame on my theater then...
[GAMING/GAM] | YouTube  | [Normal]     | 96%    |   14.6ms | There was a bit that I struggled to hear...
[ENTERTAINM] | YouTube  | [Normal]     | 97%    |   20.1ms | haloo Indonesia...
[GAMING/GAM] | YouTube  | [Normal]     | 97%    |   16.5ms | VOTE AIRPLANEEEE :airplane::airplane::ai...
[GAMING/SUR] | YouTube  | [Normal]     | 89%    |   11.9ms | looooool...
[ENTERTAINM] | YouTube  | [Normal]     | 98%    |   17.3ms | :planet-orange-purple-ring:...
[ENTERTAINM] | YouTube  | [Normal]     | 95%    |   17.2ms | @itzsheeraluvs the samee samaalahhhh...
[GAMING/SUR] | YouTube  | [Normal]     | 94%    |   14.1ms | +rekt...
[GAMING/GAM] | YouTube  | [Normal]     | 96%    |   11.3ms | Is it an option to see it in the Xtreme ...
[GAMING/GAM] | YouTube  | [Normal]     | 97%    |   14.5ms | my place just didn't have the screen lin...
[GAMING/GAM] | YouTube  | [Normal]     | 66%    |   12.8ms | I thought airplane would be cooler becau...
[ENTERTAINM] | YouTube  | [Normal]     | 95%    |   12.1ms | always with you bro.keep going...
[GAMING/GAM] | YouTube  | [Normal]     | 48%    |   15.2ms | airplane gang...
[GAMING/GAM] | YouTube  | [Normal]     | 91%    |   11.4ms | llighthouse! lol...
[GAMING/GAM] | YouTube  | [Normal]     | 96%    |   14.1ms | HI MARK...
[ENTERTAINM] | YouTube  | [Normal]     | 91%    |   12.5ms | love you mr beast...
[GAMING/SUR] | YouTube  | [Normal]     | 97%    |   10.0ms | DELRIOUS...
[ENTERTAINM] | YouTube  | [Normal]     | 97%    |   11.5ms | hi bro :hugging_face:...
[GAMING/GAM] | YouTube  | [Normal]     | 78%    |   13.2ms | whats up guys...
[GAMING/SUR] | YouTube  | [Normal]     | 97%    |    9.8ms | LOL H2o is there!...
[ENTERTAINM] | YouTube  | [Normal]     | 95%    |   15.6ms | c'mon...
[ENTERTAINM] | YouTube  | [Normal]     | 87%    |    6.5ms | เย้...
[GAMING/SUR] | YouTube  | [Normal]     | 94%    |    8.0ms | Ask H2O...
[GAMING/GAM] | YouTube  | [Normal]     | 95%    |    7.0ms | I was bored thanks...
[SPORTS/FOO] | YouTube  | [Normal]     | 82%    |    6.0ms | notorious BAD BOY:penguin:...
[ENTERTAINM] | YouTube  | [Normal]     | 96%    |    7.4ms | big fan please...
[GAMING/SUR] | YouTube  | [Normal]     | 95%    |    8.0ms | H20...
[GAMING/SUR] | YouTube  | [Normal]     | 85%    |    8.0ms | THAT GUY IS ZESTYYYYYY...
[GAMING/GAM] | YouTube  | [Normal]     | 96%    |   11.0ms | MARK I LOVE YOU MAN CONGRATULATIONS TO E...
[ENTERTAINM] | YouTube  | [Normal]     | 95%    |    6.0ms | hello bro...
[ENTERTAINM] | YouTube  | [Normal]     | 95%    |   14.5ms | Love you mrbeast Love you mrbeastLove yo...
[ENTERTAINM] | YouTube  | [Normal]     | 91%    |   11.6ms | Is that really your voice? xD you sound ...
[GAMING/SUR] | YouTube  | [Normal]     | 96%    |   11.1ms | ALL ON BLAAAAAAAAAAAACK...
[ENTERTAINM] | YouTube  | [Normal]     | 94%    |   10.0ms | i has subs But i unsub and sub again...
[ENTERTAINM] | YouTube  | [Normal]     | 92%    |   17.5ms | :stayhome::stayhome::stayhome::stayhome:...
[ENTERTAINM] | YouTube  | [Normal]     | 96%    |    7.0ms | السلام عليكم...
[ENTERTAINM] | YouTube  | [Normal]     | 97%    |   23.1ms | поздравляю! Жаль не смогу досмотреть тво...
[ENTERTAINM] | YouTube  | [Normal]     | 97%    |   13.0ms | i bern on 2013...
[ENTERTAINM] | YouTube  | [Normal]     | 98%    |    9.0ms | pls say my name :folded_hands::folded_ha...
[ENTERTAINM] | YouTube  | [Normal]     | 88%    |   10.1ms | yooooooooóooloooo...
[SELF-HELP/] | YouTube  | [Normal]     | 64%    |   13.0ms | he has tangible evidence of the hate tho...
[ENTERTAINM] | YouTube  | [Normal]     | 96%    |   11.5ms | New member...
[GAMING/GAM] | YouTube  | [Normal]     | 97%    |   20.5ms | I'm seeing it in Scotland in Monday....
[ENTERTAINM] | YouTube  | [Normal]     | 93%    |   17.0ms | Аааааааа...
[GAMING/GAM] | YouTube  | [Normal]     | 95%    |   17.6ms | lighthouseeeeee...
[ENTERTAINM] | YouTube  | [Normal]     | 94%    |    9.0ms | gz...
[ENTERTAINM] | YouTube  | [Normal]     | 98%    |   26.6ms | :face-blue-smiling::face-blue-smiling::f...
[GAMING/GAM] | YouTube  | [Normal]     | 93%    |   21.5ms | when will you finish silent hill?...
[MUSIC/CHIL] | YouTube  | [Normal]     | 95%    |   17.0ms | ........
[GAMING/SUR] | YouTube  | [Normal]     | 96%    |   16.0ms | h20????...
[ENTERTAINM] | YouTube  | [Normal]     | 93%    |   18.3ms | yooo mr beast...
[GAMING/GAM] | YouTube  | [Normal]     | 90%    |   19.6ms | Hey it was a good fight us airplanes wil...
[ENTERTAINM] | YouTube  | [Normal]     | 95%    |   12.0ms | hello...
[PSYCHOLOGY] | YouTube  | [Normal]     | 96%    |   14.3ms | LOL...
[PSYCHOLOGY] | YouTube  | [Normal]     | 87%    |   14.8ms | Im not a PHD but you sre wrong...
[ENTERTAINM] | YouTube  | [Normal]     | 94%    |   10.1ms | rc...
[GAMING/GAM] | YouTube  | [Normal]     | 98%    |   13.0ms | Hi mark love movie....
[GAMING/GAM] | YouTube  | [Normal]     | 93%    |   12.1ms | Meow...
[ENTERTAINM] | YouTube  | [Normal]     | 95%    |   10.1ms | Bangladesh...
[GAMING/SUR] | YouTube  | [HATE]       | 52%    |   13.5ms | they are horrible at this...
[GAMING/SUR] | YouTube  | [Normal]     | 93%    |   13.5ms | :rolling_on_the_floor_laughing:...
[GAMING/SUR] | YouTube  | [Normal]     | 91%    |   13.0ms | H20 DELIRIOUS NO WAY...
[GAMING/GAM] | YouTube  | [Normal]     | 97%    |   10.0ms | will there be an iron lung CD for collec...
[GAMING/SUR] | YouTube  | [Normal]     | 94%    |    8.6ms | 3 5...
[GAMING/GAM] | YouTube  | [OFFENSIVE]  | 39%    |    8.0ms | yippieee light house...
[ENTERTAINM] | YouTube  | [Normal]     | 96%    |    9.0ms | gift me...
[GAMING/GAM] | YouTube  | [Normal]     | 91%    |   17.0ms | spoooky game...
[ENTERTAINM] | YouTube  | [Normal]     | 95%    |   11.6ms | 123k left...
[GAMING/SUR] | YouTube  | [Normal]     | 89%    |   10.5ms | black...
[ENTERTAINM] | YouTube  | [Normal]     | 96%    |   10.0ms | waw...
[GAMING/GAM] | YouTube  | [Normal]     | 85%    |    8.1ms | You got this...
[MUSIC/CHIL] | YouTube  | [Normal]     | 96%    |   12.0ms | :baseball-white-cap-out:...
[ENTERTAINM] | YouTube  | [Normal]     | 77%    |   13.7ms | what are you drinking jimmy?...
[ENTERTAINM] | YouTube  | [Normal]     | 98%    |    8.0ms | from Bangladesh  :heart_suit: :red_heart...
[GAMING/GAM] | YouTube  | [Normal]     | 95%    |    8.7ms | срууіу...
[GAMING/SUR] | YouTube  | [Normal]     | 96%    |   11.2ms | What do we need? Scrap. When do we need ...
[MUSIC/CHIL] | YouTube  | [Normal]     | 96%    |   11.0ms | kyuki tumne kbhi Apna naam nahi bataya k...
[SELF-HELP/] | YouTube  | [Normal]     | 85%    |   14.0ms | if a person succeeded in ways I can't i ...
[GAMING/SUR] | YouTube  | [Normal]     | 97%    |   30.5ms | :face_with_tears_of_joy::face_with_tears...
[ENTERTAINM] | YouTube  | [Normal]     | 93%    |   16.0ms | omg...
[GAMING/GAM] | YouTube  | [Normal]     | 95%    |   17.6ms | cool...
[GAMING/SUR] | YouTube  | [Normal]     | 61%    |   22.4ms | YOU ARE AN ENDLESS PIT OF LOST MONEY...
[GAMING/GAM] | YouTube  | [Normal]     | 95%    |   18.0ms | obversation duty...
[GAMING/GAM] | YouTube  | [Normal]     | 94%    |   16.1ms | "obversation"...
[ENTERTAINM] | YouTube  | [Normal]     | 97%    |   17.1ms | :face_with_tears_of_joy::face_with_tears...
[ENTERTAINM] | YouTube  | [Normal]     | 98%    |    8.0ms | :face-blue-smiling::face-blue-smiling::f...
[GAMING/GAM] | YouTube  | [Normal]     | 95%    |    8.6ms | lmao minor spelling mistake...
[ENTERTAINM] | YouTube  | [Normal]     | 97%    |   13.0ms | :face-orange-frowning::face-orange-frown...
[GAMING/GAM] | YouTube  | [Normal]     | 92%    |    7.0ms | Breaker is open...
[ENTERTAINM] | YouTube  | [Normal]     | 87%    |    8.6ms | no...
[ENTERTAINM] | YouTube  | [Normal]     | 97%    |   22.1ms | hello :waving_hand:...
[GAMING/GAM] | YouTube  | [Normal]     | 95%    |   16.6ms | obversation...
[GAMING/GAM] | YouTube  | [Normal]     | 91%    |   23.0ms | YOU SPELLED OBSERVATION WRONG MARK...
[ENTERTAINM] | YouTube  | [Normal]     | 97%    |   25.1ms | :red_heart::red_heart:...
[GAMING/SUR] | YouTube  | [Normal]     | 91%    |   16.2ms | hahahahahaha...
[GAMING/GAM] | YouTube  | [Normal]     | 95%    |   12.0ms | Obversation Duty...
[ENTERTAINM] | YouTube  | [Normal]     | 97%    |   15.1ms | 500M spacial video please...
[ENTERTAINM] | YouTube  | [Normal]     | 94%    |    9.5ms | never knew...
[GAMING/GAM] | YouTube  | [Normal]     | 94%    |   11.0ms | hi...
[ENTERTAINM] | YouTube  | [Normal]     | 98%    |   12.3ms | Love from Bangladesh MR :red_heart:...
[ENTERTAINM] | YouTube  | [Normal]     | 97%    |   13.0ms | MrBeast 3000:face-blue-wide-eyes:...
[GAMING/GAM] | YouTube  | [Normal]     | 96%    |   14.1ms | Typo mark in the title...
[GAMING/GAM] | YouTube  | [Normal]     | 95%    |    6.8ms | wait mark the title is misspelled...
[GAMING/SUR] | YouTube  | [Normal]     | 97%    |    6.0ms | Boiled peanut...
[GAMING/SUR] | YouTube  | [Normal]     | 84%    |    6.5ms | Whoooooooorayyyyyyy...
[GAMING/SUR] | YouTube  | [OFFENSIVE]  | 92%    |   15.9ms | ----------------------------------------...
[GAMING/GAM] | YouTube  | [Normal]     | 95%    |    7.5ms | OBVERSATION...
[GAMING/SUR] | YouTube  | [Normal]     | 97%    |    7.0ms | good thing peanut didn't see 1000 scrap ...
[GAMING/GAM] | YouTube  | [Normal]     | 95%    |    8.6ms | obversation...
[GAMING/GAM] | YouTube  | [OFFENSIVE]  | 54%    |   11.0ms | STUPIDplier...
[GAMING/SUR] | YouTube  | [Normal]     | 95%    |   32.2ms | THIS GSME TELL YOU TO GO PLAY ARC RAIDER...
[GAMING/GAM] | YouTube  | [Normal]     | 93%    |    7.5ms | the entire stream is ruined mark try aga...
[ENTERTAINM] | YouTube  | [Normal]     | 94%    |   11.0ms | HI...
[ENTERTAINM] | YouTube  | [Normal]     | 94%    |   17.1ms | hi...
[ENTERTAINM] | YouTube  | [Normal]     | 97%    |   20.1ms | :face_with_tears_of_joy::face_with_tears...
[GAMING/SUR] | YouTube  | [Normal]     | 97%    |   18.0ms | bye bye 40 scrap...
[GAMING/GAM] | YouTube  | [Normal]     | 97%    |   21.1ms | obversation lmao...
[GAMING/SUR] | YouTube  | [Normal]     | 94%    |   18.3ms | :_BUNGULATE:...
[ENTERTAINM] | YouTube  | [Normal]     | 94%    |   19.3ms | Can you give me $10 000...
[ENTERTAINM] | YouTube  | [Normal]     | 97%    |   15.0ms | i was here :double_exclamation_mark::dou...
[GAMING/GAM] | YouTube  | [Normal]     | 97%    |   17.0ms | HIIIIII MARK...
[ENTERTAINM] | YouTube  | [Normal]     | 74%    |   13.5ms | Funny...
[GAMING/SUR] | YouTube  | [Normal]     | 94%    |   11.5ms | I told you!!!!!! 3...
[GAMING/GAM] | YouTube  | [Normal]     | 93%    |    9.0ms | He's on obversation doodie...
[GAMING/GAM] | YouTube  | [Normal]     | 89%    |    9.0ms | I just watched iron lung good movie...
[GAMING/GAM] | YouTube  | [Normal]     | 95%    |   10.0ms | OBVERSATION DUTY IS COMING OUT MARK...
[GAMING/SUR] | YouTube  | [Normal]     | 94%    |    6.1ms | lolol...
[ENTERTAINM] | YouTube  | [Normal]     | 97%    |   14.0ms | pls reply...
[GAMING/GAM] | YouTube  | [Normal]     | 97%    |    9.5ms | MOST PPL DIDNT EVEN NOTICE...
[GAMING/GAM] | YouTube  | [Normal]     | 96%    |   19.1ms | Don't worry bout the title bruh...
[PSYCHOLOGY] | YouTube  | [HATE]       | 69%    |    6.5ms | A man has to permanently kill the b*tch ...
[GAMING/SUR] | YouTube  | [Normal]     | 90%    |    7.0ms | great bounty ayyyyy...
[GAMING/SUR] | YouTube  | [Normal]     | 94%    |   10.5ms | o7...
[PSYCHOLOGY] | YouTube  | [Normal]     | 95%    |   12.0ms | Time for my weekly HG dissection...
[GAMING/GAM] | YouTube  | [Normal]     | 92%    |   18.5ms | Do you still play Ultrakill?...
[GAMING/GAM] | YouTube  | [Normal]     | 95%    |   16.8ms | Hey Mark!!...
[GAMING/GAM] | YouTube  | [Normal]     | 91%    |   17.0ms | MARK FIX YOUR POSTURE...
[GAMING/GAM] | YouTube  | [Normal]     | 97%    |   19.5ms | Welcome New Member!...
[GAMING/GAM] | YouTube  | [Normal]     | 96%    |   19.0ms | Hi Mark  how have you been??...
[ENTERTAINM] | YouTube  | [Normal]     | 98%    |   15.2ms | :face-blue-smiling::face-blue-smiling:...
[ENTERTAINM] | YouTube  | [Normal]     | 94%    |   13.5ms | HAHAHAHAHAHHA...
[GAMING/GAM] | YouTube  | [Normal]     | 95%    |    9.0ms | the light...
[ENTERTAINM] | YouTube  | [Normal]     | 96%    |   10.0ms | :red_heart: From Colombia! Need help wit...
[GAMING/GAM] | YouTube  | [Normal]     | 92%    |    9.0ms | Are you planning to release iron lung ph...
[ENTERTAINM] | YouTube  | [Normal]     | 97%    |    7.6ms | 1k usd yooo...
[GAMING/SUR] | YouTube  | [Normal]     | 86%    |    7.0ms | Forty  second floor is hilarious...
[GAMING/GAM] | YouTube  | [Normal]     | 97%    |    9.4ms | mark is the first person I've joined as ...
[GAMING/GAM] | YouTube  | [Normal]     | 93%    |   10.8ms | bed looked funky but idk...
[ENTERTAINM] | YouTube  | [Normal]     | 94%    |   17.0ms | ggs...
[GAMING/GAM] | YouTube  | [Normal]     | 60%    |   19.5ms | Holy shit here he is...
[GAMING/GAM] | YouTube  | [Normal]     | 95%    |   21.6ms | joined just in time...
[GAMING/GAM] | YouTube  | [Normal]     | 88%    |   12.0ms | Howdy chat...
[ENTERTAINM] | YouTube  | [Normal]     | 95%    |   13.5ms | Please iphone jemmi...
[GAMING/GAM] | YouTube  | [Normal]     | 93%    |   16.0ms | his ego will never recover from this lma...
[ENTERTAINM] | YouTube  | [Normal]     | 94%    |   15.6ms | hi...
[GAMING/GAM] | YouTube  | [Normal]     | 95%    |   14.0ms | HE CLICKED ON THE STAIRS AND DIDNT REPOR...
[ENTERTAINM] | YouTube  | [HATE]       | 44%    |    8.0ms | whyd they remove it? sounds SICK...
[GAMING/GAM] | YouTube  | [Normal]     | 96%    |   10.3ms | LIGHT ON BEACH...
[GAMING/SUR] | YouTube  | [Normal]     | 77%    |    8.0ms | id be more scared to face gingy than the...
[GAMING/GAM] | YouTube  | [Normal]     | 86%    |    8.5ms | the bed!...
[GAMING/GAM] | YouTube  | [Normal]     | 85%    |   15.0ms | the bed?? i swear theres something on th...
[SPORTS/FOO] | YouTube  | [Normal]     | 88%    |    8.0ms | ？...
[GAMING/GAM] | YouTube  | [Normal]     | 79%    |   13.9ms | THE BED...
[GAMING/SUR] | YouTube  | [Normal]     | 97%    |   13.1ms | ayeeee I am...
[GAMING/GAM] | YouTube  | [Normal]     | 95%    |   10.5ms | stair moving basemnt...
[ENTERTAINM] | YouTube  | [Normal]     | 95%    |   27.5ms | :takeout::takeout::hydrate::chillwdog::c...
[GAMING/GAM] | YouTube  | [Normal]     | 94%    |   11.0ms | the staircase...
[GAMING/GAM] | YouTube  | [Normal]     | 94%    |   12.0ms | LMAOOOO...
[GAMING/GAM] | YouTube  | [Normal]     | 96%    |   23.0ms | weren't the lights off in the yard?...
[ENTERTAINM] | YouTube  | [Normal]     | 96%    |   21.0ms | hiiiiiiiiiiiiiiiiiiiiiiiiiiiiiiiiiiiiii ...
[ENTERTAINM] | YouTube  | [Normal]     | 93%    |   17.1ms | :buffering::buffering::buffering::buffer...
[GAMING/GAM] | YouTube  | [Normal]     | 91%    |   17.0ms | FINALLYYYY...
[ENTERTAINM] | YouTube  | [Normal]     | 95%    |   12.0ms | hello...
[PSYCHOLOGY] | YouTube  | [Normal]     | 97%    |    9.7ms | My biggest issue......
[GAMING/GAM] | YouTube  | [Normal]     | 96%    |   11.0ms | hello market place...
[MUSIC/CHIL] | YouTube  | [HATE]       | 78%    |   23.0ms | goat don't survive eid...
[ENTERTAINM] | YouTube  | [Normal]     | 96%    |   13.6ms | hiiiiiiiiiiiiiii...
[GAMING/GAM] | YouTube  | [Normal]     | 73%    |    9.9ms | is it just me or do markiplier and jacks...
[ENTERTAINM] | YouTube  | [Normal]     | 97%    |   12.0ms | hola me saludas por favor soy de México...
[GAMING/GAM] | YouTube  | [Normal]     | 49%    |    6.5ms | dont help him  hes too good at this...
[GAMING/GAM] | YouTube  | [Normal]     | 95%    |   10.0ms | what is this poll...
[GAMING/GAM] | YouTube  | [Normal]     | 94%    |   13.0ms | Hey mark...
[ENTERTAINM] | YouTube  | [Normal]     | 97%    |   11.6ms | :heart_suit::heart_suit::heart_suit:...
[GAMING/GAM] | YouTube  | [Normal]     | 97%    |   30.3ms | Hi mark! This is the first live I’ve cau...
[GAMING/SUR] | YouTube  | [Normal]     | 91%    |   14.8ms | get me in!...
[SELF-HELP/] | YouTube  | [Normal]     | 97%    |   18.4ms | abundance mindset seems important...
[GAMING/GAM] | YouTube  | [Normal]     | 97%    |   13.6ms | fuse box?...
[GAMING/GAM] | YouTube  | [Normal]     | 96%    |   12.0ms | the cone was always there...
[GAMING/GAM] | YouTube  | [Normal]     | 92%    |   16.3ms | BED BED BED BED BED BED BED BED...
[ENTERTAINM] | YouTube  | [Normal]     | 91%    |   15.3ms | Give me shout out guys...
[GAMING/GAM] | YouTube  | [Normal]     | 97%    |   12.9ms | VASE o. stairway...
[GAMING/GAM] | YouTube  | [Normal]     | 98%    |   17.6ms | I heard a bell. Is that supposed to sign...
[GAMING/GAM] | YouTube  | [Normal]     | 92%    |   15.6ms | bed...
[GAMING/GAM] | YouTube  | [Normal]     | 95%    |   21.6ms | The bed Mark  look there...
[GAMING/GAM] | YouTube  | [Normal]     | 96%    |   20.2ms | There’s two bottles?...
[GAMING/GAM] | YouTube  | [Normal]     | 93%    |   16.1ms | bro...
[GAMING/SUR] | YouTube  | [Normal]     | 94%    |   17.5ms | Welyn On...
[GAMING/GAM] | YouTube  | [OFFENSIVE]  | 49%    |   15.4ms | bag haggling on top lighthouse...
[GAMING/GAM] | YouTube  | [Normal]     | 93%    |   17.7ms | yes...
[GAMING/GAM] | YouTube  | [Normal]     | 97%    |   12.6ms | the lantern moved in the bottom of the s...
[SELF-HELP/] | YouTube  | [Normal]     | 63%    |    9.0ms | I’m so glad i don’t hate on anyone thank...
[ENTERTAINM] | YouTube  | [Normal]     | 96%    |    9.0ms | Jimmy can i get an iphone...
[ENTERTAINM] | YouTube  | [Normal]     | 96%    |    8.6ms | :saluting_face::saluting_face::saluting_...
[PSYCHOLOGY] | YouTube  | [Normal]     | 97%    |   11.0ms | I'm aminus...
[ENTERTAINM] | YouTube  | [Normal]     | 98%    |   38.9ms | :hand-pink-waving::person-turqouise-wavi...
[GAMING/GAM] | YouTube  | [Normal]     | 96%    |   20.1ms | hi mark   your a huge inspiration and ha...
[GAMING/SUR] | YouTube  | [Normal]     | 89%    |   18.0ms | Early stream?? Hell yeah bois...
[PSYCHOLOGY] | YouTube  | [Normal]     | 93%    |   17.0ms | Clocked me...
[GAMING/GAM] | YouTube  | [HATE]       | 79%    |   21.5ms | There should only be one bottle outside...
[ENTERTAINM] | YouTube  | [Normal]     | 78%    |   16.0ms | Mr beast you need your own car in forza...
[GAMING/GAM] | YouTube  | [Normal]     | 87%    |    9.0ms | No...
[GAMING/GAM] | YouTube  | [Normal]     | 82%    |    6.5ms | THE RAIL IS BROKE...
[GAMING/GAM] | YouTube  | [Normal]     | 94%    |    7.0ms | OVER THERE MARK...
[GAMING/GAM] | YouTube  | [Normal]     | 97%    |   12.1ms | Iron Lung was AMAZING! Great movie!...
[GAMING/GAM] | YouTube  | [Normal]     | 95%    |    8.0ms | basement left crate missing object...
[ENTERTAINM] | YouTube  | [Normal]     | 94%    |   10.2ms | 1...
[GAMING/SUR] | YouTube  | [Normal]     | 93%    |   12.4ms | go higher...
[GAMING/GAM] | YouTube  | [Normal]     | 93%    |   12.4ms | so white knuckle is the next movie right...
[ENTERTAINM] | YouTube  | [Normal]     | 94%    |   12.5ms | 1...
[ENTERTAINM] | YouTube  | [Normal]     | 94%    |   12.0ms | 1...
[ENTERTAINM] | YouTube  | [Normal]     | 97%    |   11.6ms | What do you support in the 2026 World Cu...
[GAMING/SUR] | YouTube  | [Normal]     | 87%    |   10.0ms | No...
[MUSIC/CHIL] | YouTube  | [Normal]     | 88%    |   12.1ms | fumez...
[MUSIC/CHIL] | YouTube  | [Normal]     | 97%    |   15.0ms | momo :billed_cap::beaming_face_with_smil...
[ENTERTAINM] | YouTube  | [Normal]     | 97%    |   12.0ms | Welcome New Member!...
[GAMING/GAM] | YouTube  | [Normal]     | 97%    |    9.5ms | INTERIOR: lantern movement! STAIRWELL: l...
[GAMING/GAM] | YouTube  | [Normal]     | 96%    |    7.0ms | THE ROPES ARE MOVING!!!...
[SELF-HELP/] | YouTube  | [Normal]     | 76%    |   10.0ms | but you level up...
[PSYCHOLOGY] | YouTube  | [HATE]       | 36%    |    9.0ms | I think the only reason it's equated to ...
[GAMING/ESP] | YouTube  | [Normal]     | 98%    |    6.0ms | :stopwatch-blue-hand-timer:...
[GAMING/GAM] | YouTube  | [Normal]     | 95%    |    8.0ms | Why don't we ever see other blockbusting...
[ENTERTAINM] | YouTube  | [Normal]     | 85%    |   14.0ms | Where are you in the world...
[GAMING/GAM] | YouTube  | [Normal]     | 97%    |   12.2ms | THERES 3 ROPES AT THE BOTTOM OF THE LIGH...
[ENTERTAINM] | YouTube  | [Normal]     | 96%    |   14.5ms | please give 1000000000000 dollar...
[GAMING/GAM] | YouTube  | [Normal]     | 98%    |   11.0ms | extra mouse trap in basement?...
[GAMING/SUR] | YouTube  | [Normal]     | 95%    |   20.0ms | it'll spin toward the wind...
[GAMING/GAM] | YouTube  | [Normal]     | 68%    |   16.5ms | a lighthouse huh...
[GAMING/GAM] | YouTube  | [Normal]     | 88%    |   14.5ms | answer the people paying to speak mark...
[ENTERTAINM] | YouTube  | [Normal]     | 96%    |   12.0ms | i from india...
[GAMING/GAM] | YouTube  | [Normal]     | 96%    |    8.1ms | Will there ever be a Blu-ray release of ...
[PSYCHOLOGY] | YouTube  | [Normal]     | 94%    |    7.0ms | Are there Ex-Somethings in the Anima wor...
[GAMING/GAM] | YouTube  | [Normal]     | 96%    |   10.6ms | :_markiRIP:...
[GAMING/GAM] | YouTube  | [Normal]     | 93%    |    8.1ms | Just got here...
[ENTERTAINM] | YouTube  | [Normal]     | 95%    |    8.0ms | 1111111111111111...
[GAMING/GAM] | YouTube  | [Normal]     | 94%    |    7.0ms | Do hard mode...
[ENTERTAINM] | YouTube  | [Normal]     | 94%    |   11.0ms | yess...
[PSYCHOLOGY] | YouTube  | [Normal]     | 95%    |   16.5ms | I am cold...
[GAMING/GAM] | YouTube  | [Normal]     | 93%    |   21.0ms | n00b hahaha...
[GAMING/GAM] | YouTube  | [Normal]     | 93%    |   19.2ms | L...
[GAMING/GAM] | YouTube  | [Normal]     | 94%    |   19.5ms | the ropes were moving in the basement bu...
[ENTERTAINM] | YouTube  | [Normal]     | 96%    |   14.0ms | pease give me shout out...
[GAMING/GAM] | YouTube  | [Normal]     | 74%    |   19.7ms | NOOOOOOOOOOOOOOOOB...
[GAMING/GAM] | YouTube  | [Normal]     | 95%    |   18.5ms | not a noob lol...
[GAMING/GAM] | YouTube  | [Normal]     | 75%    |   12.0ms | NUH UH...
[ENTERTAINM] | YouTube  | [Normal]     | 94%    |   13.1ms | hi...
[GAMING/GAM] | YouTube  | [Normal]     | 96%    |   10.5ms | see exactly lol...
[GAMING/GAM] | YouTube  | [Normal]     | 96%    |    9.0ms | bro definitely did it on purpose...
[MUSIC/CHIL] | YouTube  | [Normal]     | 97%    |   14.6ms | new job vacancy :face_with_hand_over_mou...
[GAMING/GAM] | YouTube  | [Normal]     | 87%    |   11.4ms | If I just don’t refresh then it’s fine...
[GAMING/GAM] | YouTube  | [Normal]     | 86%    |    8.8ms | “\ö”\...
[MUSIC/CHIL] | YouTube  | [Normal]     | 98%    |   15.5ms | ...:face-turquoise-music-note:...
[GAMING/SUR] | YouTube  | [Normal]     | 93%    |   16.0ms | watching peanut gamble scrap is peak bun...
[ENTERTAINM] | YouTube  | [Normal]     | 97%    |   12.2ms | j'aime tes vidéos...
[PSYCHOLOGY] | YouTube  | [Normal]     | 96%    |   16.0ms | yea...
[GAMING/GAM] | YouTube  | [Normal]     | 93%    |   11.1ms | Meow...
[GAMING/GAM] | YouTube  | [Normal]     | 95%    |   12.8ms | cam mal in cabin...
[ENTERTAINM] | YouTube  | [Normal]     | 97%    |   18.9ms | hi jimmy. I'm From Bangladesh...
[ENTERTAINM] | YouTube  | [Normal]     | 93%    |   21.6ms | congratulations Jimmy for 500M i know yo...
[GAMING/GAM] | YouTube  | [Normal]     | 92%    |   15.0ms | oddverpation moody...
[GAMING/SUR] | YouTube  | [Normal]     | 97%    |    7.2ms | Over 1000 scrap...
[GAMING/GAM] | YouTube  | [Normal]     | 91%    |    7.0ms | if it makes you feel any better  I didn'...
[ENTERTAINM] | YouTube  | [Normal]     | 96%    |    7.0ms | А кто ты такой???...
[ENTERTAINM] | YouTube  | [Normal]     | 96%    |   15.5ms | :partying_face::partying_face::partying_...
[ENTERTAINM] | YouTube  | [Normal]     | 97%    |    9.0ms | Коментарий на русском языке....
[MUSIC/CHIL] | YouTube  | [Normal]     | 97%    |   15.0ms | Vishu new id?...
[GAMING/GAM] | YouTube  | [Normal]     | 93%    |   14.0ms | osberving the dutee :saluting_face:...
[MUSIC/CHIL] | YouTube  | [Normal]     | 96%    |   10.0ms | :smiling_face_with_halo::alien:...
[ENTERTAINM] | YouTube  | [Normal]     | 96%    |   13.0ms | Jimmyyy...
[ENTERTAINM] | YouTube  | [Normal]     | 96%    |   19.0ms | from india...
[NEWS/LIVE ] | YouTube  | [Normal]     | 86%    |   24.6ms | @mikebriganti2187 you are or arent into ...
[ENTERTAINM] | YouTube  | [Normal]     | 93%    |   21.1ms | jimmy  try to watch technoblade vs dream...
[ENTERTAINM] | YouTube  | [Normal]     | 93%    |   15.8ms | muscles glasses...
[GAMING/GAM] | YouTube  | [Normal]     | 98%    |   24.1ms | :face-blue-wide-eyes::face-blue-wide-eye...
[ENTERTAINM] | YouTube  | [Normal]     | 93%    |   15.5ms | I subscribed but you never gave me the c...
[GAMING/SUR] | YouTube  | [Normal]     | 91%    |   24.1ms | use the A...
[GAMING/SUR] | YouTube  | [Normal]     | 93%    |   21.6ms | rip base...
[ENTERTAINM] | YouTube  | [Normal]     | 97%    |   35.6ms | congratulations 500m i wish u rich 1 bil...
[ENTERTAINM] | YouTube  | [Normal]     | 97%    |   23.4ms | Mr. Beast  I am very happy with your suc...
[GAMING/SUR] | YouTube  | [Normal]     | 93%    |   14.0ms | oh my god...
[GAMING/GAM] | YouTube  | [Normal]     | 93%    |   17.5ms | the anomaly were the friends we made alo...
[PSYCHOLOGY] | YouTube  | [Normal]     | 76%    |   11.9ms | what no you dont...
[GAMING/GAM] | YouTube  | [Normal]     | 93%    |   10.8ms | ooo...
[MUSIC/CHIL] | YouTube  | [Normal]     | 98%    |    6.2ms | Women has lot of house works :face_with_...
[ENTERTAINM] | YouTube  | [Normal]     | 95%    |    7.0ms | congratulations...
[ENTERTAINM] | YouTube  | [Normal]     | 95%    |   13.0ms | hiiii...
[GAMING/GAM] | YouTube  | [Normal]     | 97%    |   14.6ms | the map in interior can change...
[ENTERTAINM] | YouTube  | [Normal]     | 90%    |   11.6ms | mr bets...
[ENTERTAINM] | YouTube  | [Normal]     | 79%    |   10.0ms | do you like norway...
[GAMING/GAM] | YouTube  | [Normal]     | 97%    |   13.6ms | Harness  Mark?...
[GAMING/GAM] | YouTube  | [Normal]     | 96%    |   13.5ms | Hi mark...
[GAMING/GAM] | YouTube  | [Normal]     | 94%    |   13.0ms | in om o lee...
[GAMING/GAM] | YouTube  | [Normal]     | 95%    |    7.5ms | LIGHTHOUSE TOP HAS A WEIRD CIRCLE SYMBOL...
[MUSIC/CHIL] | YouTube  | [Normal]     | 95%    |    6.0ms | mohit Vo m sham ko jalati hu dhoop...
[GAMING/GAM] | YouTube  | [Normal]     | 74%    |    6.7ms | peir has a creepo...
[ENTERTAINM] | YouTube  | [Normal]     | 95%    |    7.5ms | halo adakah Indonesia nonton...
[ENTERTAINM] | YouTube  | [Normal]     | 96%    |    7.6ms | 2 680 000...
[MUSIC/CHIL] | YouTube  | [HATE]       | 57%    |   11.0ms | Raggy :clinking_glasses::backhand_index_...
[GAMING/GAM] | YouTube  | [Normal]     | 94%    |   10.0ms | this doesn't look like Silent Hill F :th...
[GAMING/GAM] | YouTube  | [Normal]     | 96%    |    8.6ms | Got to pass on my markiplier tour t shir...
[SPORTS/FOO] | YouTube  | [Normal]     | 94%    |    6.0ms | 일본 좋다~~^^...
[GAMING/GAM] | YouTube  | [Normal]     | 95%    |   10.0ms | mark giving himself eye strain...
[GAMING/GAM] | YouTube  | [Normal]     | 97%    |   15.5ms | CENTER POLE STAIRWELL...
[ENTERTAINM] | YouTube  | [Normal]     | 92%    |   11.9ms | hai...
[GAMING/SUR] | YouTube  | [Normal]     | 62%    |   22.6ms | stop using the mini gun and us AK or M24...
[GAMING/GAM] | YouTube  | [Normal]     | 98%    |   12.0ms | Watched the movie yesterday. it was lite...
[GAMING/GAM] | YouTube  | [Normal]     | 94%    |   13.3ms | Chair!!...
[ENTERTAINM] | YouTube  | [Normal]     | 97%    |   13.0ms | :face-green-smiling::face-green-smiling:...
[ENTERTAINM] | YouTube  | [Normal]     | 96%    |   12.0ms | I'm 13...
[GAMING/GAM] | YouTube  | [Normal]     | 94%    |   10.5ms | camera malfunction in keep?...
[GAMING/GAM] | YouTube  | [Normal]     | 96%    |   15.0ms | THERE'S AND EXTRA GAS CAN IN THE YARD...
[ENTERTAINM] | YouTube  | [Normal]     | 98%    |   24.4ms | siempre participamos con la esperanza de...
[GAMING/GAM] | YouTube  | [Normal]     | 91%    |   18.6ms | I SEE NASA PEEPO...
[GAMING/GAM] | YouTube  | [Normal]     | 94%    |   25.0ms | mark is SO skilled in obversation...
[GAMING/GAM] | YouTube  | [Normal]     | 96%    |    7.5ms | I feel called out...
[GAMING/SUR] | YouTube  | [Normal]     | 97%    |    9.0ms | that was amazing...
[ENTERTAINM] | YouTube  | [Normal]     | 96%    |   16.6ms | السلام عليكم...
[ENTERTAINM] | YouTube  | [Normal]     | 97%    |   12.5ms | i am from india its possible...
[ENTERTAINM] | YouTube  | [Normal]     | 95%    |    8.0ms | been subscribes since mr beast had 30m s...
[MUSIC/CHIL] | YouTube  | [Normal]     | 98%    |   10.5ms | prasa :comet::small_blue_diamond:I'm fin...
[GAMING/SUR] | YouTube  | [Normal]     | 95%    |    8.0ms | 200...
[GAMING/GAM] | YouTube  | [Normal]     | 96%    |    8.6ms | Water?...
[GAMING/GAM] | YouTube  | [Normal]     | 96%    |    8.0ms | hi Mark...
[GAMING/GAM] | YouTube  | [Normal]     | 94%    |   14.0ms | is there not a gltich above the map???...
[GAMING/GAM] | YouTube  | [Normal]     | 85%    |   13.5ms | HEEEEYYY...
[ENTERTAINM] | YouTube  | [Normal]     | 94%    |   11.0ms | Mr beasttttttttttttttttttttttt...
[GAMING/GAM] | YouTube  | [Normal]     | 96%    |   14.6ms | is the poster moved?...
[GAMING/GAM] | YouTube  | [Normal]     | 96%    |   22.5ms | can i have a membershipppppppppp...
[GAMING/GAM] | YouTube  | [Normal]     | 89%    |   19.0ms | MOUSE TRAP IN THE INTERIORRRR MARRKK...
[ENTERTAINM] | YouTube  | [Normal]     | 96%    |   10.6ms | From Bangladesh...
[MUSIC/CHIL] | YouTube  | [Normal]     | 96%    |   13.0ms | :sun_with_face:...
[ENTERTAINM] | YouTube  | [Normal]     | 96%    |   11.0ms | lol...
[PSYCHOLOGY] | YouTube  | [Normal]     | 95%    |    7.3ms | 67...
[GAMING/GAM] | YouTube  | [Normal]     | 97%    |    7.0ms | wasn't the door to the shack with the li...
[GAMING/GAM] | YouTube  | [Normal]     | 93%    |    6.0ms | missing dock pkst...
[ENTERTAINM] | YouTube  | [Normal]     | 94%    |   10.0ms | hi...
[GAMING/GAM] | YouTube  | [Normal]     | 97%    |   23.0ms | little guy by the big light!...
[GAMING/GAM] | YouTube  | [Normal]     | 89%    |   14.0ms | Resident evil 4 Remake...
[ENTERTAINM] | YouTube  | [Normal]     | 91%    |   16.0ms | Hi MrBeast im u fan!!!!!!!...
[ENTERTAINM] | YouTube  | [Normal]     | 88%    |   16.3ms | I know who he is  but dont watch it...
[SELF-HELP/] | YouTube  | [Normal]     | 96%    |   16.0ms | my ego isn't seeking validation  it's se...
[GAMING/GAM] | YouTube  | [Normal]     | 97%    |   16.6ms | Mark looks so cool doing his lifeguard t...
[GAMING/GAM] | YouTube  | [Normal]     | 97%    |   19.1ms | light anomoly in the lantern room...
[GAMING/GAM] | YouTube  | [Normal]     | 93%    |   11.0ms | in the older games I just screenshot the...
[ENTERTAINM] | YouTube  | [Normal]     | 96%    |    9.1ms | big goals...
[ENTERTAINM] | YouTube  | [Normal]     | 95%    |    7.0ms | Hello Jimmi...
[GAMING/GAM] | YouTube  | [Normal]     | 92%    |    9.4ms | :_markiSHAME::_markiSHAME::_markiSHAME::...
[GAMING/GAM] | YouTube  | [Normal]     | 94%    |    7.1ms | Basement...
[ENTERTAINM] | YouTube  | [Normal]     | 93%    |    9.6ms | AA...
[GAMING/ESP] | YouTube  | [Normal]     | 91%    |    8.1ms | Lgd lezzgaw...
[ENTERTAINM] | YouTube  | [Normal]     | 95%    |    7.5ms | hiii...
[ENTERTAINM] | YouTube  | [Normal]     | 97%    |   39.1ms | :beating_heart::beating_heart::beating_h...
[ENTERTAINM] | YouTube  | [Normal]     | 73%    |   16.1ms | 500mil is insane...
[GAMING/GAM] | YouTube  | [Normal]     | 90%    |   14.0ms | abyss...
[GAMING/SUR] | YouTube  | [Normal]     | 96%    |   13.6ms | PEANUT THE DOOR...
[ENTERTAINM] | YouTube  | [Normal]     | 98%    |   34.2ms | :face-red-heart-shape::face-red-heart-sh...
[GAMING/GAM] | YouTube  | [Normal]     | 93%    |   15.9ms | whimsy and JOY...
[PSYCHOLOGY] | YouTube  | [Normal]     | 97%    |   11.0ms | Amen...
[ENTERTAINM] | YouTube  | [Normal]     | 97%    |   22.8ms | MR BEAST:face-purple-crying::face-purple...
[ENTERTAINM] | YouTube  | [Normal]     | 96%    |   11.3ms | New member...
[MUSIC/CHIL] | YouTube  | [Normal]     | 96%    |   12.1ms | :soap::dog2::soap:...
[GAMING/GAM] | YouTube  | [Normal]     | 98%    |    9.0ms | MOVING RED LIGHT ROPE LIGHTHOUSE OUTSIDE...
[GAMING/GAM] | YouTube  | [Normal]     | 96%    |    7.1ms | extra bags...
[GAMING/GAM] | YouTube  | [Normal]     | 56%    |    9.4ms | THE MOST RIGHT ONE IS FAKE...
[ENTERTAINM] | YouTube  | [Normal]     | 94%    |   12.6ms | hi...
[GAMING/GAM] | YouTube  | [Normal]     | 66%    |    8.6ms | you're observing too hard...
[MUSIC/CHIL] | YouTube  | [Normal]     | 98%    |   12.5ms | :text-yellow-goal:...
[GAMING/GAM] | YouTube  | [Normal]     | 95%    |   14.5ms | a whole lot of eyes...
[PSYCHOLOGY] | YouTube  | [Normal]     | 87%    |   12.0ms | is int that good? like you reach to heig...
[GAMING/GAM] | YouTube  | [Normal]     | 90%    |    7.6ms | eye see you...
[SELF-HELP/] | YouTube  | [Normal]     | 66%    |   10.0ms | My actual question is  why do I look at ...
[ENTERTAINM] | YouTube  | [Normal]     | 95%    |    8.6ms | halo...
[GAMING/SUR] | YouTube  | [Normal]     | 95%    |   10.1ms | CHOPPER...
[GAMING/GAM] | YouTube  | [Normal]     | 94%    |   11.6ms | wow a lighthouse...
[ENTERTAINM] | YouTube  | [Normal]     | 95%    |    9.7ms | yooo...
[MUSIC/CHIL] | YouTube  | [Normal]     | 89%    |   10.2ms | milegi toh jealous hogi?...
[GAMING/GAM] | YouTube  | [Normal]     | 95%    |   13.1ms | :person-turqouise-waving:...
[MUSIC/CHIL] | YouTube  | [Normal]     | 97%    |   14.8ms | Malik :clinking_glasses::backhand_index_...
[GAMING/GAM] | YouTube  | [Normal]     | 96%    |   17.1ms | turned into Beetlejuice for a second the...
[GAMING/GAM] | YouTube  | [Normal]     | 93%    |    6.6ms | The fuse is open...
[ENTERTAINM] | YouTube  | [Normal]     | 94%    |    9.0ms | Hi...
[GAMING/GAM] | YouTube  | [Normal]     | 97%    |   18.1ms | I LOVE YOU I LOVE YOU I LOVE YOU I LOVE ...
[MUSIC/CHIL] | YouTube  | [Normal]     | 91%    |   15.0ms | heyh!...
[ENTERTAINM] | YouTube  | [Normal]     | 93%    |   12.6ms | E...
[MUSIC/CHIL] | YouTube  | [Normal]     | 98%    |    9.0ms | :musical_note::fire:...
[ENTERTAINM] | YouTube  | [Normal]     | 96%    |    9.0ms | Salam...
[GAMING/GAM] | YouTube  | [Normal]     | 94%    |   11.4ms | fog...
[GAMING/GAM] | YouTube  | [Normal]     | 94%    |   12.6ms | FOG...
[GAMING/GAM] | YouTube  | [Normal]     | 80%    |    8.6ms | THEY WERE COVERED...
[GAMING/GAM] | YouTube  | [Normal]     | 96%    |    9.0ms | LIGHT TURNED ON OUTSIDE...
[MUSIC/CHIL] | YouTube  | [Normal]     | 97%    |   13.0ms | Blinkittt ejjjjj...
[ENTERTAINM] | YouTube  | [Normal]     | 97%    |   12.2ms | hi bro Congratulations. Iam from Banglad...
[GAMING/GAM] | YouTube  | [Normal]     | 95%    |   11.0ms | In the stairs the red rail next to the r...
[GAMING/GAM] | YouTube  | [Normal]     | 96%    |   14.4ms | Yes play more bolatro...
[GAMING/SUR] | YouTube  | [Normal]     | 92%    |   12.1ms | Raid time...
[ENTERTAINM] | YouTube  | [Normal]     | 90%    |    8.0ms | yoooooo...
[ENTERTAINM] | YouTube  | [Normal]     | 97%    |   10.0ms | hello super Mrbeast  please  Help me buy...
[MUSIC/CHIL] | YouTube  | [Normal]     | 98%    |    7.0ms | :cat-orange-whistling:...
[GAMING/GAM] | YouTube  | [Normal]     | 96%    |    9.6ms | youtuber...
[ENTERTAINM] | YouTube  | [Normal]     | 93%    |    8.1ms | india...
[ENTERTAINM] | YouTube  | [Normal]     | 93%    |   11.0ms | India...
[GAMING/GAM] | YouTube  | [Normal]     | 85%    |   10.0ms | Look at the End of the Bridge...
[ENTERTAINM] | YouTube  | [Normal]     | 83%    |   21.3ms | dang...
[GAMING/GAM] | YouTube  | [Normal]     | 92%    |   24.8ms | Iron lung in Egypt??...
[GAMING/GAM] | YouTube  | [Normal]     | 93%    |   22.0ms | brother the bottle at the pier its by th...
[ENTERTAINM] | YouTube  | [Normal]     | 95%    |    9.1ms | bangladesh...
[SELF-HELP/] | YouTube  | [Normal]     | 94%    |   13.5ms | @laffeybunn8557 bro just take the first ...
[ENTERTAINM] | YouTube  | [Normal]     | 90%    |   14.0ms | England...
[MUSIC/CHIL] | YouTube  | [Normal]     | 79%    |   18.6ms | xit:front_facing_baby_chick:...
[ENTERTAINM] | YouTube  | [Normal]     | 95%    |    9.1ms | indea...
[ENTERTAINM] | YouTube  | [Normal]     | 92%    |   10.0ms | Russia...
[ENTERTAINM] | YouTube  | [Normal]     | 96%    |    9.0ms | Hi mr beast i subcrice for you . Im from...
[SELF-HELP/] | YouTube  | [Normal]     | 55%    |    8.0ms | the key is to be stubborn...
[ENTERTAINM] | YouTube  | [Normal]     | 97%    |   13.1ms | hi :...
[GAMING/SUR] | YouTube  | [Normal]     | 92%    |    8.0ms | Stay...
[ENTERTAINM] | YouTube  | [Normal]     | 94%    |   11.0ms | 1...
[GAMING/GAM] | YouTube  | [Normal]     | 84%    |   23.0ms | I think you might be trippin...
[ENTERTAINM] | YouTube  | [Normal]     | 94%    |    8.0ms | 1...
[ENTERTAINM] | YouTube  | [Normal]     | 96%    |   11.5ms | i am...
[GAMING/SUR] | YouTube  | [Normal]     | 96%    |   22.1ms | Dillon Danis is a black belt under Marce...
[GAMING/GAM] | YouTube  | [Normal]     | 89%    |   16.0ms | You swear ?...
[ENTERTAINM] | YouTube  | [Normal]     | 96%    |   12.6ms | from Indonesia...
[ENTERTAINM] | YouTube  | [Normal]     | 96%    |   18.8ms | :red_heart:...
[GAMING/GAM] | YouTube  | [Normal]     | 97%    |   16.1ms | ah next markiplier hospital trip...
[GAMING/GAM] | YouTube  | [Normal]     | 50%    |   17.5ms | Haha you kinda look like the guy from ir...
[GAMING/GAM] | YouTube  | [Normal]     | 96%    |   11.0ms | just a life preserver on a mountain...
[GAMING/SUR] | YouTube  | [Normal]     | 90%    |   12.7ms | you playing with welyn too broo this is ...
[GAMING/SUR] | YouTube  | [Normal]     | 93%    |   17.0ms | Quick sort...
[GAMING/GAM] | YouTube  | [Normal]     | 96%    |   23.0ms | MARK FOR ALL THATS HOLY FUSE BOX...
[GAMING/SUR] | YouTube  | [Normal]     | 88%    |   11.5ms | Go...
[GAMING/GAM] | YouTube  | [Normal]     | 88%    |    9.0ms | cam anomaly in the yard...
[SELF-HELP/] | YouTube  | [Normal]     | 43%    |    8.6ms | When is it healthy to listen to haters v...
[ENTERTAINM] | YouTube  | [Normal]     | 97%    |   20.0ms | Im from south africa and I love all your...
[GAMING/GAM] | YouTube  | [Normal]     | 91%    |   13.0ms | camera malfunction in the yard...
[GAMING/GAM] | YouTube  | [Normal]     | 93%    |   14.6ms | EXTRA BOTTLE PIER...
[GAMING/GAM] | YouTube  | [Normal]     | 96%    |    9.0ms | OPEN FUSE BOX...
[MUSIC/CHIL] | YouTube  | [Normal]     | 94%    |   14.0ms | kejtiii sis:downcast_face_with_sweat:...
[GAMING/GAM] | YouTube  | [Normal]     | 94%    |   17.3ms | INDTRUde...
[GAMING/GAM] | YouTube  | [Normal]     | 96%    |   20.0ms | lovely friend...
[GAMING/GAM] | YouTube  | [Normal]     | 96%    |   24.0ms | fuse box markimoooooooooooo...
[GAMING/GAM] | YouTube  | [Normal]     | 51%    |   22.1ms | No but they weren't facing each other...
[ENTERTAINM] | YouTube  | [Normal]     | 97%    |   14.0ms | 500 mili...
[GAMING/GAM] | YouTube  | [Normal]     | 94%    |   11.0ms | Light anomaly in the Yard Mark!...
[GAMING/SUR] | YouTube  | [Normal]     | 94%    |    8.0ms | this base designnn dudeee whoo builtt th...
[ENTERTAINM] | YouTube  | [Normal]     | 92%    |    8.0ms | hi mrbeast...
[GAMING/GAM] | YouTube  | [Normal]     | 90%    |    8.6ms | hey Mark  enjoyed Iron Lung! Now that yo...
[GAMING/GAM] | YouTube  | [Normal]     | 94%    |   10.0ms | I SAW IT...
[GAMING/GAM] | YouTube  | [Normal]     | 81%    |    9.0ms | I think malfunction is for when you can'...
[GAMING/GAM] | YouTube  | [Normal]     | 91%    |   21.0ms | CAMERA MALFUNCTION IS WHEN A CAMERA DOES...
[ENTERTAINM] | YouTube  | [Normal]     | 76%    |   16.0ms | :eyes-purple-crying::eyes-purple-crying:...
[MUSIC/CHIL] | YouTube  | [Normal]     | 96%    |   14.6ms | :crown::tropical_drink::moai:...
[ENTERTAINM] | YouTube  | [Normal]     | 97%    |   27.0ms | :red_heart::red_heart::red_heart::red_he...
[GAMING/GAM] | YouTube  | [Normal]     | 96%    |    8.5ms | FUSE BOX OPEN...
[ENTERTAINM] | YouTube  | [Normal]     | 96%    |   12.0ms | New member...
[SELF-HELP/] | YouTube  | [Normal]     | 96%    |   10.0ms | ... Itadori Yuji coded...
[ENTERTAINM] | YouTube  | [Normal]     | 98%    |   14.6ms | :red_heart::red_heart::red_heart::red_he...
[GAMING/GAM] | YouTube  | [Normal]     | 98%    |   18.0ms | HIIII MARKIPLIER :D...
[GAMING/GAM] | YouTube  | [Normal]     | 51%    |   16.1ms | your doomed...
[ENTERTAINM] | YouTube  | [Normal]     | 94%    |   18.6ms | বাংলাদেশ...
[ENTERTAINM] | YouTube  | [Normal]     | 96%    |   16.0ms | hello sir...
[GAMING/GAM] | YouTube  | [Normal]     | 92%    |   18.0ms | bars in starwell...
[ENTERTAINM] | YouTube  | [Normal]     | 96%    |   19.7ms | @MrBeast I LOVE YOU MY BEAST :red_heart:...
[GAMING/GAM] | YouTube  | [Normal]     | 97%    |   19.0ms | The railing moved on the stairs!!...
[GAMING/GAM] | YouTube  | [Normal]     | 97%    |   13.6ms | Hi mark :)...
[GAMING/GAM] | YouTube  | [Normal]     | 97%    |   19.0ms | mark please the fuse boxxx...
[GAMING/GAM] | YouTube  | [Normal]     | 95%    |   10.0ms | Barrels...
[GAMING/GAM] | YouTube  | [Normal]     | 95%    |   16.5ms | WE'RE TRYING OUR BEST :thinking_face:...
[ENTERTAINM] | YouTube  | [Normal]     | 90%    |   13.0ms | english or spanish...
[GAMING/GAM] | YouTube  | [Normal]     | 91%    |   14.0ms | THE GAS CAN IN THE YARD MOVED MARK IT MO...
[ENTERTAINM] | YouTube  | [Normal]     | 95%    |   10.0ms | ask who knows who i am...
[ENTERTAINM] | YouTube  | [Normal]     | 95%    |    9.0ms | en verdad solo sé un poco de English...
[GAMING/GAM] | YouTube  | [Normal]     | 96%    |   12.1ms | There's extra bottles at the dock...
[GAMING/GAM] | YouTube  | [Normal]     | 93%    |   12.0ms | ohhhhh i didnt see that...
[MUSIC/CHIL] | YouTube  | [Normal]     | 95%    |   10.5ms | kya bolu...
[GAMING/GAM] | YouTube  | [Normal]     | 91%    |   10.0ms | extra bottle dock...
[ENTERTAINM] | YouTube  | [Normal]     | 96%    |   14.0ms | всем привет...
[GAMING/GAM] | YouTube  | [Normal]     | 79%    |   15.5ms | YOU COULD TELL CAUSE OF THE HOLES ONTOP ...
[ENTERTAINM] | YouTube  | [Normal]     | 96%    |   10.0ms | New member...
[MUSIC/CHIL] | YouTube  | [Normal]     | 93%    |    9.0ms | Momo:face-turquoise-covering-eyes:chines...
[GAMING/GAM] | YouTube  | [Normal]     | 93%    |   15.0ms | is iron lung going to be on a streaming ...
[GAMING/GAM] | YouTube  | [Normal]     | 91%    |   11.6ms | DOOR YARD...
[GAMING/GAM] | YouTube  | [Normal]     | 91%    |   11.1ms | door yard...
[ENTERTAINM] | YouTube  | [Normal]     | 97%    |   11.0ms | I love you mr best :ok_hand:...
[SELF-HELP/] | YouTube  | [Normal]     | 93%    |   16.5ms | yep...
[GAMING/GAM] | YouTube  | [Normal]     | 93%    |   15.0ms | oh my god...
[ENTERTAINM] | YouTube  | [Normal]     | 97%    |   14.6ms | Ya casi los 500...
[ENTERTAINM] | YouTube  | [Normal]     | 98%    |   20.5ms | :fog::fog::fog::neutral_face::neutral_fa...
[GAMING/SUR] | YouTube  | [Normal]     | 97%    |   21.0ms | Peanut & Starforge PC's are partnered! C...
[GAMING/GAM] | YouTube  | [Normal]     | 97%    |   15.8ms | extra object in lantern !!!...
[ENTERTAINM] | YouTube  | [Normal]     | 94%    |   15.0ms | Mr beast can you give me 5 cents please ...
[GAMING/GAM] | YouTube  | [Normal]     | 93%    |   11.0ms | I saw you discussing it on Distractible!...
[MUSIC/CHIL] | YouTube  | [Normal]     | 97%    |   21.6ms | PRASA sry if i cant comment on that. tak...
[GAMING/SUR] | YouTube  | [Normal]     | 87%    |   10.0ms | :_PeanutJork::_BungusMac::_PeanutJork::_...
[MUSIC/CHIL] | YouTube  | [Normal]     | 95%    |    7.7ms | suz sis......
[ENTERTAINM] | YouTube  | [Normal]     | 91%    |    7.7ms | mr beast...
[ENTERTAINM] | YouTube  | [Normal]     | 97%    |   10.0ms | congratulations 500 million :party_poppe...
[GAMING/GAM] | YouTube  | [Normal]     | 97%    |    8.0ms | Small man top left :grinning_face_with_s...
[GAMING/GAM] | YouTube  | [Normal]     | 91%    |   15.2ms | Mark I missed your movie because of fina...
[ENTERTAINM] | YouTube  | [Normal]     | 96%    |   22.2ms | What is uour next video?...
[GAMING/GAM] | YouTube  | [Normal]     | 96%    |   22.0ms | Just got home from watching Iron Lung. R...
[ENTERTAINM] | YouTube  | [Normal]     | 97%    |   18.6ms | from asia east or west of asia...
[SELF-HELP/] | YouTube  | [Normal]     | 96%    |   10.1ms | lol...
[GAMING/GAM] | YouTube  | [Normal]     | 91%    |    9.0ms | noooo...
[ENTERTAINM] | YouTube  | [Normal]     | 97%    |   20.3ms | :fire: 500 000 000 SUBSCRIBERS!! HISTORY...
[GAMING/GAM] | YouTube  | [Normal]     | 95%    |   13.0ms | Idk chat just said stairwell...
[GAMING/GAM] | YouTube  | [Normal]     | 96%    |   10.0ms | down the spiral area...
[GAMING/GAM] | YouTube  | [Normal]     | 96%    |    8.0ms | WE LOVE YOU MARKK...
[SELF-HELP/] | YouTube  | [Normal]     | 95%    |   11.0ms | Yt better...
[GAMING/GAM] | YouTube  | [Normal]     | 95%    |   14.5ms | DID YOU WATCH SMILING FRIENDS TWIN...
[GAMING/GAM] | YouTube  | [Normal]     | 96%    |    8.4ms | have the stairs in the stairwell always ...
[GAMING/GAM] | YouTube  | [Normal]     | 87%    |   12.1ms | no...
[GAMING/GAM] | YouTube  | [Normal]     | 95%    |    6.5ms | ITS SPINNING...
[ENTERTAINM] | YouTube  | [Normal]     | 94%    |    7.0ms | hi...
[ENTERTAINM] | YouTube  | [Normal]     | 96%    |   11.4ms | FROM  INDIA... INDIA ... INDIA......
[ENTERTAINM] | YouTube  | [Normal]     | 96%    |   19.6ms | vah vah vah...
[MUSIC/CHIL] | YouTube  | [Normal]     | 94%    |   11.7ms | My hand pains now...
[ENTERTAINM] | YouTube  | [Normal]     | 97%    |    8.0ms | LOVE FROM MALAYSIA...
[GAMING/GAM] | YouTube  | [Normal]     | 97%    |   11.0ms | we're all anomalies mark...
[GAMING/GAM] | YouTube  | [Normal]     | 96%    |   13.0ms | the never ending story reference?...
[GAMING/SUR] | YouTube  | [Normal]     | 97%    |   13.0ms | HUTCH is DEEP STATE:card-red-penalty::ca...
[GAMING/SUR] | YouTube  | [HATE]       | 52%    |    9.0ms | RIP BLOW MELON...
[MUSIC/CHIL] | YouTube  | [Normal]     | 97%    |   13.5ms | :face-orange-raised-eyebrow:...
[GAMING/GAM] | YouTube  | [Normal]     | 98%    |   17.0ms | text on the box in interior has changed...
[SELF-HELP/] | YouTube  | [Normal]     | 62%    |   26.0ms | @laffeybunn8557 I'm taking that hate per...
[ENTERTAINM] | YouTube  | [Normal]     | 97%    |   57.1ms | :face-purple-wide-eyes::face-purple-wide...
[GAMING/GAM] | YouTube  | [Normal]     | 91%    |   10.0ms | turn...
[SELF-HELP/] | YouTube  | [Normal]     | 95%    |   19.0ms | we love u dr k...
[ENTERTAINM] | YouTube  | [Normal]     | 84%    |   24.0ms | I don’t have your number...
[GAMING/GAM] | YouTube  | [Normal]     | 94%    |   19.5ms | idk what this game is but have you gotte...
[ENTERTAINM] | YouTube  | [Normal]     | 97%    |   14.0ms | KING OF YOUTUBE...
[GAMING/GAM] | YouTube  | [Normal]     | 96%    |   20.0ms | :_markiSHUSH:...
[ENTERTAINM] | YouTube  | [Normal]     | 93%    |   14.9ms | Malawi...
[GAMING/GAM] | YouTube  | [Normal]     | 96%    |   14.8ms | Mr....
[ENTERTAINM] | YouTube  | [Normal]     | 95%    |   14.8ms | Yo bro big fan give me a grand...
[ENTERTAINM] | YouTube  | [Normal]     | 98%    |   23.0ms | :face-red-heart-shape::face-red-heart-sh...
[GAMING/GAM] | YouTube  | [Normal]     | 97%    |   11.3ms | bottom rope in stairwell moved...
[ENTERTAINM] | YouTube  | [Normal]     | 65%    |   39.1ms | :party_popper::party_popper::party_poppe...
[GAMING/GAM] | YouTube  | [Normal]     | 96%    |   15.9ms | mark please the red broken railing moved...
[ENTERTAINM] | YouTube  | [Normal]     | 96%    |   15.7ms | Where are my messages...
[GAMING/GAM] | YouTube  | [Normal]     | 94%    |   12.0ms | The anomalies are inside us?...
[ENTERTAINM] | YouTube  | [Normal]     | 96%    |   14.8ms | 500 million...
[SELF-HELP/] | YouTube  | [Normal]     | 83%    |   16.1ms | @laffeybunn8557 no man I'm actually curi...
[GAMING/GAM] | YouTube  | [Normal]     | 95%    |   12.9ms | it moved...
[GAMING/GAM] | YouTube  | [Normal]     | 89%    |   18.7ms | Did you get the worm yet?...
[GAMING/GAM] | YouTube  | [Normal]     | 93%    |   10.0ms | was the dust always in the stairwell...
[GAMING/GAM] | YouTube  | [Normal]     | 96%    |   11.4ms | MARK THE BROKEN BAR ON THE STAIR MOVED...
[GAMING/GAM] | YouTube  | [Normal]     | 93%    |   10.0ms | Actually I been inspired and my friend i...
[ENTERTAINM] | YouTube  | [Normal]     | 92%    |   10.8ms | mrbeast...
[ENTERTAINM] | YouTube  | [Normal]     | 91%    |   13.7ms | This will mean that over 6% of the globa...
[GAMING/GAM] | YouTube  | [Normal]     | 81%    |   15.5ms | Railing in the stairwell changed I'm not...
[ENTERTAINM] | YouTube  | [Normal]     | 91%    |   14.0ms | IMAGINE IF U REACH 1B SUBSCRIBERS...
[GAMING/GAM] | YouTube  | [Normal]     | 98%    |   10.1ms | frosted glass again...
[GAMING/SUR] | YouTube  | [Normal]     | 94%    |   14.4ms | Branch out to turrets...
[GAMING/GAM] | YouTube  | [Normal]     | 96%    |   12.5ms | MOVEMENT RAMP !!!!...
[ENTERTAINM] | YouTube  | [Normal]     | 98%    |   10.0ms | :mushroom::mushroom::mushroom::mushroom:...
[ENTERTAINM] | YouTube  | [Normal]     | 97%    |   42.1ms | :red_heart::red_heart::red_heart::red_he...
[GAMING/SUR] | YouTube  | [Normal]     | 75%    |   21.0ms | NOOOOOOOOOOOOOOOOOOOOOOOOOOOOOOO...
[GAMING/GAM] | YouTube  | [Normal]     | 96%    |   22.0ms | can we get more ASMR...
[GAMING/SUR] | YouTube  | [Normal]     | 95%    |   19.6ms | rip big joe rogan...
[ENTERTAINM] | YouTube  | [Normal]     | 98%    |   17.0ms | mine birthday :birthday_cake::birthday_c...
[ENTERTAINM] | YouTube  | [Normal]     | 96%    |   10.0ms | cheese...
[GAMING/GAM] | YouTube  | [Normal]     | 96%    |   20.7ms | its flicking :O...
[GAMING/GAM] | YouTube  | [Normal]     | 94%    |   22.6ms | Mark  the broken railing in stairwell MO...
[GAMING/SUR] | YouTube  | [Normal]     | 91%    |   20.0ms | AAAHHHHHHHHHHHHHH...
[GAMING/SUR] | YouTube  | [Normal]     | 94%    |   16.6ms | 10...
[ENTERTAINM] | YouTube  | [Normal]     | 96%    |   16.4ms | mr list mr list...
[GAMING/SUR] | YouTube  | [Normal]     | 96%    |   16.1ms | 10 on all...
[ENTERTAINM] | YouTube  | [Normal]     | 87%    |   17.3ms | help meeee...
[GAMING/GAM] | YouTube  | [Normal]     | 91%    |   21.7ms | MARK THE GAS CAN MOVED IN THE YARD IM TE...
[ENTERTAINM] | YouTube  | [Normal]     | 95%    |   10.0ms | call of duty...
[GAMING/SUR] | YouTube  | [Normal]     | 95%    |   11.1ms | one branch per turrets...
[ENTERTAINM] | YouTube  | [Normal]     | 94%    |   13.0ms | Are we living in a simulation or is this...
[GAMING/GAM] | YouTube  | [Normal]     | 96%    |    8.0ms | BUCKET OF SAND ON THE LIGHTHOUSE MARK MA...
[ENTERTAINM] | YouTube  | [Normal]     | 97%    |   31.7ms | :finger-red-number-one::finger-red-numbe...
[GAMING/SUR] | YouTube  | [Normal]     | 94%    |   20.0ms | No power out not branch out...
[GAMING/GAM] | YouTube  | [Normal]     | 93%    |   21.0ms | low key tripping  but the pier feels sho...
[GAMING/SUR] | YouTube  | [Normal]     | 95%    |   21.7ms | POWER OUT TO NEXT E BRANCH NOT BRANCH OU...
[SELF-HELP/] | YouTube  | [HATE]       | 80%    |   12.0ms | You're the goat  doc....
[ENTERTAINM] | YouTube  | [Normal]     | 95%    |   11.6ms | wow...
[ENTERTAINM] | YouTube  | [Normal]     | 97%    |   17.1ms | first live video :smiling_face_with_sung...
[PSYCHOLOGY] | YouTube  | [Normal]     | 94%    |   29.0ms | Is this an exposé about me?...
[SELF-HELP/] | YouTube  | [Normal]     | 89%    |   18.0ms | Both...
[GAMING/SUR] | YouTube  | [Normal]     | 89%    |   16.3ms | None of the games you`ve played recently...
[MUSIC/CHIL] | YouTube  | [Normal]     | 93%    |   18.3ms | I'm lovely not Lv :ogre:...
[GAMING/GAM] | YouTube  | [Normal]     | 92%    |   14.6ms | rahhhh...
[GAMING/GAM] | YouTube  | [Normal]     | 96%    |   17.3ms | omg a markimoo stream  go for it yooo  c...
[GAMING/GAM] | YouTube  | [Normal]     | 92%    |   15.6ms | I feel like something is missing on the ...
[ENTERTAINM] | YouTube  | [Normal]     | 94%    |   10.5ms | i love you mrbeast...
[GAMING/SUR] | YouTube  | [Normal]     | 77%    |   10.0ms | GINGY HAS PYTHON...
[ENTERTAINM] | YouTube  | [Normal]     | 96%    |   10.5ms | GIVE US 500 MILLION COOKIE FOR SUBSCRIBI...
[ENTERTAINM] | YouTube  | [Normal]     | 95%    |   12.0ms | Who do you think is going to win the nba...
[GAMING/GAM] | YouTube  | [Normal]     | 93%    |   16.8ms | buey in boat...
[GAMING/GAM] | YouTube  | [Normal]     | 94%    |   15.0ms | FOG YARD...
[GAMING/GAM] | YouTube  | [Normal]     | 91%    |   15.0ms | JESUS THAT ASCARED ME...
[SELF-HELP/] | YouTube  | [Normal]     | 95%    |   13.6ms | to reproduce more...
[SELF-HELP/] | YouTube  | [Normal]     | 46%    |   14.1ms | Because you have to split skill points w...
[GAMING/GAM] | YouTube  | [Normal]     | 97%    |   12.0ms | extra bottle by door on pier...
[ENTERTAINM] | YouTube  | [Normal]     | 98%    |   13.0ms | :hand-pink-waving::hand-pink-waving::han...
[SELF-HELP/] | YouTube  | [Normal]     | 81%    |   20.9ms | because it make us disfunctional...
[PSYCHOLOGY] | YouTube  | [Normal]     | 97%    |   12.0ms | yup lol...
[ENTERTAINM] | YouTube  | [Normal]     | 91%    |    9.3ms | W...
[ENTERTAINM] | YouTube  | [Normal]     | 96%    |   21.0ms | :soccer_ball::soccer_ball::soccer_ball::...
[GAMING/GAM] | YouTube  | [Normal]     | 98%    |   10.5ms | frosted glass again...
[GAMING/SUR] | YouTube  | [Normal]     | 96%    |   19.5ms | line of fire with the roof...
[ENTERTAINM] | YouTube  | [Normal]     | 97%    |   17.0ms | 5000 dollar help me :folded_hands::folde...
[PSYCHOLOGY] | YouTube  | [Normal]     | 93%    |   13.6ms | smart...
[ENTERTAINM] | YouTube  | [Normal]     | 97%    |   16.0ms | مستر بيست...
[ENTERTAINM] | YouTube  | [Normal]     | 94%    |   27.0ms | 66666666666666666...
[GAMING/SUR] | YouTube  | [Normal]     | 75%    |    8.0ms | ya...
[ENTERTAINM] | YouTube  | [Normal]     | 92%    |   10.0ms | how are you doing:elbowbump::elbowbump::...
[GAMING/GAM] | YouTube  | [Normal]     | 95%    |    8.0ms | smoke in yard by house mark!!!...
[GAMING/GAM] | YouTube  | [Normal]     | 97%    |    8.0ms | ATTACK ON TITAN...
[ENTERTAINM] | YouTube  | [Normal]     | 94%    |    9.3ms | hi...
[GAMING/GAM] | YouTube  | [Normal]     | 93%    |    7.5ms | THEY ADDED CAPTCHAS TO THE ANOMALY SERVI...
[GAMING/GAM] | YouTube  | [Normal]     | 64%    |    7.0ms | zombies...
[SELF-HELP/] | YouTube  | [Normal]     | 95%    |    7.1ms | like being left handed :0...
[GAMING/GAM] | YouTube  | [Normal]     | 78%    |   15.2ms | THE SAPCE ON THAT RAILING WAS UPPER SIDE...
[ENTERTAINM] | YouTube  | [Normal]     | 93%    |   19.6ms | HELLO MR BEAST...
[GAMING/GAM] | YouTube  | [Normal]     | 95%    |   26.6ms | I saw Iron Lung recently  amazing job  i...
[GAMING/GAM] | YouTube  | [Normal]     | 96%    |   25.5ms | THE RAILING MOVED!!!!!!!!!!!!!!!!!!...
[GAMING/GAM] | YouTube  | [Normal]     | 61%    |   18.6ms | theres a person on the bed!...
[GAMING/GAM] | YouTube  | [Normal]     | 83%    |   22.0ms | THE PICTURE ABOVE THE BED KEEPS GLITCHIN...
[MUSIC/CHIL] | YouTube  | [Normal]     | 83%    |   14.0ms | Itssa good protest...
[ENTERTAINM] | YouTube  | [Normal]     | 96%    |   17.7ms | love you...
[GAMING/GAM] | YouTube  | [Normal]     | 94%    |   17.0ms | YUHHH...
[GAMING/GAM] | YouTube  | [Normal]     | 93%    |    6.7ms | gg...
[ENTERTAINM] | YouTube  | [Normal]     | 86%    |    7.0ms | Yo...
[GAMING/GAM] | YouTube  | [Normal]     | 93%    |   12.0ms | YAYY...
[ENTERTAINM] | YouTube  | [Normal]     | 64%    |    7.6ms | I think your incoming subs are higher th...
[ENTERTAINM] | YouTube  | [Normal]     | 97%    |    8.0ms | I am from India...
[PSYCHOLOGY] | YouTube  | [Normal]     | 93%    |    8.0ms | LFG Jung talk!...
[NEWS/LIVE ] | YouTube  | [Normal]     | 95%    |   10.4ms | *Checks telegram* Yes :neutral_face:...
[ENTERTAINM] | YouTube  | [Normal]     | 97%    |   22.0ms | Congratulations MrBeast on almost reachi...
[PSYCHOLOGY] | YouTube  | [Normal]     | 69%    |   12.6ms | if i goon like some times and talk to gi...
[GAMING/GAM] | YouTube  | [Normal]     | 89%    |   16.1ms | IM GOING TO SEE IRON LUNG IN AN HOUR!!...
[GAMING/GAM] | YouTube  | [OFFENSIVE]  | 75%    |   13.0ms | lets goooo!!!...
[GAMING/GAM] | YouTube  | [Normal]     | 96%    |   13.0ms | when is it coming to BRAZIL?????...
[ENTERTAINM] | YouTube  | [Normal]     | 94%    |   14.0ms | congrats   well deserved...
[GAMING/GAM] | YouTube  | [Normal]     | 94%    |   11.0ms | YEAAAAHHHH...
[ENTERTAINM] | YouTube  | [Normal]     | 95%    |   12.0ms | :shushing_face:...
[ENTERTAINM] | YouTube  | [Normal]     | 96%    |    9.0ms | Hiiiiii...
[GAMING/SUR] | YouTube  | [Normal]     | 95%    |   11.5ms | Bro it’s day 2!!!!...
[SELF-HELP/] | YouTube  | [Normal]     | 41%    |   13.0ms | I've been told I have high emotional int...
[GAMING/GAM] | YouTube  | [Normal]     | 96%    |   15.9ms | I MADE FANART!...
[GAMING/GAM] | YouTube  | [Normal]     | 97%    |    7.1ms | is it going to be released on any stream...
[GAMING/GAM] | YouTube  | [Normal]     | 51%    |    6.6ms | SO glad you beat out that dumb Melania m...
[ENTERTAINM] | YouTube  | [Normal]     | 96%    |    7.0ms | New member...
[ENTERTAINM] | YouTube  | [Normal]     | 96%    |   10.0ms | BIG FAN...
[GAMING/GAM] | YouTube  | [Normal]     | 91%    |   12.9ms | hot topic has iron lung tshirts...
[ENTERTAINM] | YouTube  | [Normal]     | 91%    |   18.0ms | W...
[ENTERTAINM] | YouTube  | [Normal]     | 94%    |   14.5ms | hi bro...
[SELF-HELP/] | YouTube  | [Normal]     | 78%    |   18.0ms | 2 loans on a house and having 5 houses w...
[GAMING/GAM] | YouTube  | [Normal]     | 94%    |   16.0ms | IM WATCHING IT TOMORROW !!!!!!!...
[ENTERTAINM] | YouTube  | [Normal]     | 90%    |   17.5ms | yoooooo...
[GAMING/GAM] | YouTube  | [Normal]     | 92%    |   16.0ms | thank you for the portugal oones...
[ENTERTAINM] | YouTube  | [Normal]     | 97%    |   11.0ms | I love you MR.Beast...
[ENTERTAINM] | YouTube  | [Normal]     | 84%    |   13.0ms | BEAST IS IT POSSIBLE FOR YOU TO GIVE ME ...
[GAMING/GAM] | YouTube  | [Normal]     | 95%    |    8.0ms | watched it like an hour ago...
[PSYCHOLOGY] | YouTube  | [Normal]     | 80%    |    8.0ms | Dating is so overrated...
[GAMING/GAM] | YouTube  | [Normal]     | 98%    |   10.9ms | :popcorn-yellow-striped-smile:...
[GAMING/GAM] | YouTube  | [Normal]     | 97%    |    6.0ms | Welcome New Member!...
[ENTERTAINM] | YouTube  | [Normal]     | 90%    |   10.0ms | labdbdh...
[ENTERTAINM] | YouTube  | [Normal]     | 94%    |   18.0ms | Hi...
[ENTERTAINM] | YouTube  | [Normal]     | 94%    |   21.5ms | hi...
[GAMING/GAM] | YouTube  | [Normal]     | 90%    |   25.0ms | All the fan art is SOOO COOOOL...
[GAMING/SUR] | YouTube  | [Normal]     | 94%    |   22.6ms | at this rate of electrical engineering w...
[ENTERTAINM] | YouTube  | [Normal]     | 95%    |   16.0ms | you like Armeniaa???...
[ENTERTAINM] | YouTube  | [Normal]     | 98%    |   14.0ms | GOOD EVENING BRO :face_blowing_a_kiss::s...
[GAMING/GAM] | YouTube  | [Normal]     | 96%    |    7.0ms | lol...
[PSYCHOLOGY] | YouTube  | [Normal]     | 96%    |   13.0ms | harem arc...
[GAMING/GAM] | YouTube  | [Normal]     | 83%    |   12.0ms | The Iron Lung guy!...
[GAMING/GAM] | YouTube  | [Normal]     | 97%    |   18.3ms | Just watched The movie and it was based ...
[GAMING/SUR] | YouTube  | [Normal]     | 92%    |   15.0ms | WHY DIDNT HE JUST DISC IT LOL...
[ENTERTAINM] | YouTube  | [Normal]     | 97%    |   19.6ms | 500m special king been an og for an long...
[ENTERTAINM] | YouTube  | [Normal]     | 95%    |   10.1ms | hiiii...
[GAMING/SUR] | YouTube  | [Normal]     | 91%    |   10.0ms | :_Zing::_Zing::_Zing:...
[GAMING/GAM] | YouTube  | [Normal]     | 94%    |    9.0ms | Hey mark...
[GAMING/GAM] | YouTube  | [Normal]     | 97%    |   24.0ms | my friend and i are seeing it again toni...
[PSYCHOLOGY] | YouTube  | [Normal]     | 94%    |   14.0ms | reincarnation anime...
[ENTERTAINM] | YouTube  | [Normal]     | 96%    |    9.1ms | New member...
[GAMING/GAM] | YouTube  | [Normal]     | 94%    |    9.0ms | I hope we get merch! Though I love all t...
[ENTERTAINM] | YouTube  | [Normal]     | 93%    |    8.0ms | india...
[MUSIC/CHIL] | YouTube  | [Normal]     | 95%    |   10.0ms | Fact*...
[GAMING/SUR] | YouTube  | [Normal]     | 96%    |    7.7ms | LOL...
[ENTERTAINM] | YouTube  | [Normal]     | 94%    |    8.0ms | Salut Jimi...
[GAMING/GAM] | YouTube  | [Normal]     | 84%    |   12.0ms | Nooo...
[ENTERTAINM] | YouTube  | [Normal]     | 97%    |   11.3ms | shout-out...
[GAMING/GAM] | YouTube  | [Normal]     | 96%    |   12.7ms | Feet in business class oof!...
[PSYCHOLOGY] | YouTube  | [Normal]     | 97%    |   15.5ms | anime reconnects us to our anima?...
[GAMING/GAM] | YouTube  | [Normal]     | 98%    |   14.0ms | Terminal map from MW2...
[ENTERTAINM] | YouTube  | [Normal]     | 97%    |   17.1ms | My Kid is a HUGE FAN. He woke up just to...
[GAMING/GAM] | YouTube  | [Normal]     | 93%    |    7.6ms | I bet the schematics on the left in the ...
[GAMING/GAM] | YouTube  | [Normal]     | 80%    |    8.0ms | there's a guy in the top left who's look...
[GAMING/GAM] | YouTube  | [Normal]     | 96%    |   14.0ms | Theres one in the bottom corner its a pi...
[ENTERTAINM] | YouTube  | [Normal]     | 94%    |   10.0ms | Nintendo switch 2 plsssss...
[GAMING/SUR] | YouTube  | [Normal]     | 96%    |   13.7ms | lol!...
[GAMING/SUR] | YouTube  | [Normal]     | 90%    |    8.0ms | Hahaha...
[ENTERTAINM] | YouTube  | [Normal]     | 95%    |    8.0ms | Congrats Jimmy...
[ENTERTAINM] | YouTube  | [Normal]     | 97%    |   26.6ms | HI HI:face-purple-crying::face-purple-cr...
[GAMING/GAM] | YouTube  | [Normal]     | 90%    |   16.0ms | Look at the window for gate...
[GAMING/GAM] | YouTube  | [Normal]     | 96%    |    7.4ms | there's only 4 trays down on business cl...
[LIFESTYLE/] | YouTube  | [Normal]     | 97%    |   10.0ms | Parlez en Anglais  s'il vous plait  plea...
[ENTERTAINM] | YouTube  | [Normal]     | 96%    |    7.0ms | مشاء الله...
[GAMING/GAM] | YouTube  | [Normal]     | 97%    |    8.6ms | Hello mark great movie btw...
[ENTERTAINM] | YouTube  | [Normal]     | 95%    |    7.0ms | Bangladesh...
[GAMING/GAM] | YouTube  | [Normal]     | 86%    |   19.7ms | banana...
[ENTERTAINM] | YouTube  | [Normal]     | 95%    |    8.6ms | 67...
[GAMING/GAM] | YouTube  | [Normal]     | 97%    |   16.1ms | Plant at the gates?...
[GAMING/GAM] | YouTube  | [Normal]     | 88%    |   15.0ms | Something in Toilet as well...
[GAMING/GAM] | YouTube  | [Normal]     | 83%    |   12.0ms | There's an intruder in the top left corn...
[GAMING/GAM] | YouTube  | [Normal]     | 97%    |   11.6ms | jacket in cockpit...
[GAMING/GAM] | YouTube  | [Normal]     | 84%    |   11.0ms | Toilet!!!!...
[GAMING/GAM] | YouTube  | [Normal]     | 87%    |   12.0ms | BANNED...
[GAMING/SUR] | YouTube  | [Normal]     | 89%    |   17.8ms | @traviii420 such a bad game...
[SELF-HELP/] | YouTube  | [Normal]     | 95%    |   15.3ms | true this sounds like intp...
[GAMING/GAM] | YouTube  | [Normal]     | 97%    |   15.1ms | king mark!!!!...
[GAMING/SUR] | YouTube  | [Normal]     | 94%    |   11.5ms | need auto sort...
[ENTERTAINM] | YouTube  | [Normal]     | 92%    |   12.6ms | remove slow mode...
[GAMING/GAM] | YouTube  | [Normal]     | 96%    |   11.4ms | RED MUG IN COCKPIT...
[ENTERTAINM] | YouTube  | [Normal]     | 98%    |   11.0ms | :clapping_hands::clapping_hands::clappin...
[MUSIC/CHIL] | YouTube  | [HATE]       | 62%    |   15.1ms | No fights no friend neutral Raggy today ...
[ENTERTAINM] | YouTube  | [Normal]     | 93%    |   25.5ms | do you watch world cup...
[GAMING/GAM] | YouTube  | [Normal]     | 97%    |   14.0ms | Flight board...
[ENTERTAINM] | YouTube  | [Normal]     | 98%    |   27.6ms | :eyes-pink-heart-shape::eyes-pink-heart-...
[GAMING/GAM] | YouTube  | [Normal]     | 96%    |   10.1ms | object movement on food cart  bottle rot...
[GAMING/GAM] | YouTube  | [OFFENSIVE]  | 86%    |   16.5ms | helllooo...
[GAMING/SUR] | YouTube  | [Normal]     | 92%    |   15.9ms | EAT...
[GAMING/GAM] | YouTube  | [Normal]     | 93%    |   11.1ms | I feel you  Mark helps me with my autism...
[GAMING/GAM] | YouTube  | [Normal]     | 94%    |   12.7ms | the dude at the window just begging to b...
[GAMING/GAM] | YouTube  | [Normal]     | 84%    |   15.5ms | cabinet in economy is too wide...
[GAMING/GAM] | YouTube  | [Normal]     | 96%    |   11.2ms | LOL...
[GAMING/GAM] | YouTube  | [Normal]     | 97%    |   14.5ms | looks like extra object in cockpit??...
[ENTERTAINM] | YouTube  | [Normal]     | 86%    |   12.5ms | yo...
[GAMING/GAM] | YouTube  | [Normal]     | 83%    |   11.6ms | let's eat 'em just to be sure...
[MUSIC/CHIL] | YouTube  | [Normal]     | 92%    |   12.6ms | She is gem...
[GAMING/SUR] | YouTube  | [Normal]     | 93%    |    9.0ms | Check the entry room...
[ENTERTAINM] | YouTube  | [Normal]     | 96%    |   16.1ms | Can I promote you?:winking_face_with_ton...
[GAMING/SUR] | YouTube  | [Normal]     | 93%    |   18.6ms | Hes on his way back...
[GAMING/GAM] | YouTube  | [Normal]     | 97%    |    7.6ms | Welcome New Member!...
[GAMING/GAM] | YouTube  | [Normal]     | 97%    |   11.8ms | BANANA NEAR RED CUP...
[ENTERTAINM] | YouTube  | [Normal]     | 93%    |   14.0ms | :elbowcough::elbowcough::elbowcough::elb...
[GAMING/GAM] | YouTube  | [Normal]     | 85%    |    9.0ms | Lies...
[GAMING/GAM] | YouTube  | [Normal]     | 96%    |    6.0ms | doom?...
[GAMING/GAM] | YouTube  | [Normal]     | 98%    |    7.5ms | can I eat the banana and old coffee :fac...
[ENTERTAINM] | YouTube  | [Normal]     | 94%    |    8.0ms | can I get a shout pls...
[ENTERTAINM] | YouTube  | [Normal]     | 97%    |    8.0ms | My first video I ever saw was microwavin...
[ENTERTAINM] | YouTube  | [Normal]     | 96%    |    7.5ms | Jimmy your YouTube journey Is my Inspira...
[GAMING/GAM] | YouTube  | [Normal]     | 92%    |    9.1ms | NEVER SEEN A TOILET WITH A WINDOW! LOL...
[SELF-HELP/] | YouTube  | [Normal]     | 84%    |    9.6ms | dangit microslop!...
[GAMING/GAM] | YouTube  | [Normal]     | 96%    |    9.0ms | door opened in business...
[ENTERTAINM] | YouTube  | [Normal]     | 95%    |   14.6ms | say 500m times "subscribe"...
[GAMING/SUR] | YouTube  | [Normal]     | 85%    |   18.6ms | As long as it’s not the door codes too. ...
[GAMING/GAM] | YouTube  | [Normal]     | 88%    |   23.0ms | world renowned director on the top left...
[GAMING/GAM] | YouTube  | [Normal]     | 95%    |   17.2ms | was iron lung number one!@...
[GAMING/GAM] | YouTube  | [Normal]     | 96%    |   18.5ms | magazine cover change in the bathroom???...
[ENTERTAINM] | YouTube  | [Normal]     | 92%    |   20.0ms | Thinking that to him it’s ONLY 30 thousa...
[GAMING/GAM] | YouTube  | [Normal]     | 96%    |   14.5ms | RAT IN B CLASS...
[ENTERTAINM] | YouTube  | [Normal]     | 86%    |   21.0ms | let go mrbeast...
[GAMING/GAM] | YouTube  | [Normal]     | 98%    |   14.0ms | cockpit red cup...
[MUSIC/CHIL] | YouTube  | [Normal]     | 96%    |   11.0ms | aha Hello beta...
[GAMING/SUR] | YouTube  | [Normal]     | 95%    |    7.0ms | you got another burger the same day?...
[GAMING/GAM] | YouTube  | [Normal]     | 96%    |   12.6ms | Duplicate Departure Sign in Terminal...
[ENTERTAINM] | YouTube  | [Normal]     | 97%    |    6.1ms | next video topic?...
[ENTERTAINM] | YouTube  | [OFFENSIVE]  | 60%    |    6.9ms | LET'S GOOOO...
[ENTERTAINM] | YouTube  | [Normal]     | 97%    |   11.1ms | :soccer_ball::soccer_ball::soccer_ball::...
[GAMING/SUR] | YouTube  | [Normal]     | 91%    |   16.2ms | GIVE ME THE SECOND BUG MAC PEANUT...
[GAMING/GAM] | YouTube  | [Normal]     | 97%    |   14.5ms | overhead bin doors? were there always th...
[GAMING/SUR] | YouTube  | [Normal]     | 94%    |    9.0ms | 13...
[GAMING/SUR] | YouTube  | [Normal]     | 96%    |   14.0ms | Peanut *rolls to the door*...
[GAMING/GAM] | YouTube  | [Normal]     | 92%    |   13.0ms | I was gonna call the poster out in busin...
[GAMING/GAM] | YouTube  | [Normal]     | 97%    |    7.0ms | I have returned...
[GAMING/ESP] | YouTube  | [Normal]     | 95%    |    7.0ms | Meepo...
[GAMING/TOU] | Twitch   | [Normal]     | 97%    |   15.6ms | trulex x chic0 che duo...
[GAMING/TOU] | Twitch   | [Normal]     | 98%    |   25.5ms | 203 sono in?...
[GAMING/TOU] | Twitch   | [Normal]     | 96%    |   13.0ms | 183 è qual o stai scherzando @ù...
[VALORANT/G] | Twitch   | [Normal]     | 95%    |    7.0ms | !score...
[VALORANT/G] | Twitch   | [Normal]     | 92%    |   14.0ms | NICEEEEE...
[RELATIONSH] | Twitch   | [Normal]     | 92%    |   27.0ms | TwitchConHYPE TwitchConHYPE TwitchConHYP...
[VALORANT/G] | Twitch   | [Normal]     | 83%    |    8.0ms | DinoDance DinoDance...
[VALORANT/G] | Twitch   | [Normal]     | 89%    |    8.0ms | @brokenshep probably xd...
[RELATIONSH] | Twitch   | [OFFENSIVE]  | 79%    |   15.6ms | can't shit talk about tech it was good...
[VALORANT/G] | Twitch   | [Normal]     | 97%    |   16.9ms | at least I get zmjKK auto tmrw...
[RELATIONSH] | Twitch   | [Normal]     | 93%    |   12.6ms | YEP...
[RELATIONSH] | Twitch   | [Normal]     | 91%    |   21.2ms | a little bit yeah...
[RELATIONSH] | Twitch   | [Normal]     | 97%    |   29.7ms | TriHard  FBCatch HolidayPresent ANY GIFT...
[VALORANT/G] | Twitch   | [Normal]     | 94%    |    6.2ms | bruh...
[VALORANT/G] | Twitch   | [Normal]     | 92%    |   13.7ms | @arsboiz nah really bro?...
[RELATIONSH] | Twitch   | [Normal]     | 93%    |   12.5ms | OOOO...
[RELATIONSH] | Twitch   | [Normal]     | 72%    |   15.6ms | damn he still does the dance...
[RELATIONSH] | Twitch   | [Normal]     | 92%    |   12.5ms | TwitchConHYPE TwitchConHYPE TwitchConHYP...
[RELATIONSH] | Twitch   | [Normal]     | 93%    |   10.0ms | Jammies...
[RELATIONSH] | Twitch   | [Normal]     | 90%    |    6.0ms | 👀...
[RELATIONSH] | Twitch   | [Normal]     | 94%    |    7.0ms | om...
[RELATIONSH] | Twitch   | [Normal]     | 94%    |   18.3ms | PogO i know what Nick's thinking...
[RELATIONSH] | Twitch   | [Normal]     | 94%    |   12.5ms | om...
[RELATIONSH] | Twitch   | [Normal]     | 90%    |   12.0ms | W answer...
[RELATIONSH] | Twitch   | [Normal]     | 94%    |   12.0ms | o7...
[RELATIONSH] | Twitch   | [Normal]     | 95%    |    9.0ms | monkaLaugh uhoh...
[RELATIONSH] | Twitch   | [Normal]     | 91%    |   10.5ms | Caught...
[RELATIONSH] | Twitch   | [Normal]     | 96%    |   15.0ms | EZ saved...
[RELATIONSH] | Twitch   | [Normal]     | 97%    |   13.0ms | @blingximus I judge solely by Dean's sta...
[RELATIONSH] | Twitch   | [Normal]     | 90%    |    9.5ms | STAND ON TEN TOES AND TELL HER ARTHUR...
[RELATIONSH] | Twitch   | [Normal]     | 93%    |   11.6ms | GG BRO...
[ENTERTAINM] | Twitch   | [Normal]     | 90%    |   14.1ms | whahaha...
[RELATIONSH] | Twitch   | [Normal]     | 93%    |   13.6ms | OMG...
[RELATIONSH] | Twitch   | [Normal]     | 93%    |   11.0ms | LO...
[RELATIONSH] | Twitch   | [Normal]     | 96%    |   11.5ms | LMAO...
[ENTERTAINM] | Twitch   | [Normal]     | 96%    |   11.0ms | LUL...
[RELATIONSH] | Twitch   | [Normal]     | 92%    |    7.0ms | HAHAHAHAH...
[RELATIONSH] | Twitch   | [Normal]     | 94%    |   14.0ms | om...
[RELATIONSH] | Twitch   | [Normal]     | 95%    |   19.1ms | Saved...
[ENTERTAINM] | Twitch   | [Normal]     | 96%    |   15.6ms | +1 BEER = +aura...
[RELATIONSH] | Twitch   | [Normal]     | 57%    |   15.0ms | arthur is an idiot.. the questions had w...
[RELATIONSH] | Twitch   | [Normal]     | 94%    |   10.0ms | o7...
[RELATIONSH] | Twitch   | [Normal]     | 95%    |   13.4ms | drama...
[RELATIONSH] | Twitch   | [Normal]     | 83%    |   12.6ms | man child...
[RELATIONSH] | Twitch   | [Normal]     | 94%    |   14.0ms | SipTime...
[RELATIONSH] | Twitch   | [Normal]     | 94%    |   10.0ms | om ͏...
[RELATIONSH] | Twitch   | [Normal]     | 64%    |    8.5ms | Stop him!!!!!!...
[RELATIONSH] | Twitch   | [Normal]     | 93%    |   14.0ms | SAVE HIM...
[RELATIONSH] | Twitch   | [Normal]     | 97%    |   20.0ms | Classic BRO HASN'T LEARNED FROM LAST TIM...
[ENTERTAINM] | Twitch   | [Normal]     | 57%    |   14.8ms | lets gooo...
[RELATIONSH] | Twitch   | [Normal]     | 95%    |   11.0ms | BASED...
[LIFESTYLE/] | Twitch   | [Normal]     | 97%    |   14.0ms | @DraculaEST The inn  where Ruth Wakefiel...
[RELATIONSH] | Twitch   | [Normal]     | 97%    |    8.0ms | oop-...
[ENTERTAINM] | Twitch   | [Normal]     | 96%    |    9.6ms | Lying plus speaking different language i...
[RELATIONSH] | Twitch   | [Normal]     | 95%    |   19.2ms | o7 arthur...
[LEGO/UPDAT] | Twitch   | [Normal]     | 91%    |   18.0ms | HA...
[RELATIONSH] | Twitch   | [Normal]     | 92%    |    7.5ms | OH SHI...
[LEGO/UPDAT] | Twitch   | [Normal]     | 87%    |   13.1ms | kitchen is manky  other way...
[RELATIONSH] | Twitch   | [Normal]     | 93%    |   12.0ms | gg...
[RELATIONSH] | Twitch   | [Normal]     | 97%    |   12.9ms | o7 he's cooked...
[RELATIONSH] | Twitch   | [Normal]     | 94%    |   12.0ms | true...
