---- STARTING OMNI-PROCESSOR ----
-> Connected to Elasticsearch at http://localhost:9200 | Index: perf_20260926-180952_p4_c4_cuda_r1
-> Loading model from F:\hate-speech-pipeline\src\../models\bert_final on cuda...
-> GPU: NVIDIA GeForce GTX 1650 with Max-Q Design
-> BERT Model Loaded successfully.
-> Benchmark log: F:\hate-speech-pipeline\reports\scaling\20260926-180952_p4_c4_cuda_r1\bench_WIX_1.csv | node WIX | group grp_20260926-180952_p4_c4_cuda_r1
------------------------------------------------------------------------------------------------------------------------
DOMAIN       | SOURCE   | PREDICTION   | CONF.  | LATENCY  | TEXT
------------------------------------------------------------------------------------------------------------------------
[NEWS/LIVE ] | YouTube  | [Normal]     | 95%    |  794.7ms | just to get rich...
[PSYCHOLOGY] | YouTube  | [Normal]     | 94%    |   21.0ms | Hola...
[GAMING/SUR] | YouTube  | [OFFENSIVE]  | 68%    |   32.1ms | :collision::collision:LETSSSS RIDEEEEE1:...
[GAMING/SUR] | YouTube  | [Normal]     | 97%    |   25.0ms | finally playing a top game that has been...
[GAMING/SUR] | YouTube  | [Normal]     | 94%    |   13.0ms | Ride harder...
[GAMING/SUR] | YouTube  | [Normal]     | 91%    |   19.1ms | Hey...
[GAMING/SUR] | YouTube  | [Normal]     | 93%    |   24.0ms | ok this peanut has a lil season to him b...
[GAMING/SUR] | YouTube  | [Normal]     | 90%    |   18.0ms | NICE BROS !...
[GAMING/SUR] | YouTube  | [Normal]     | 96%    |   19.6ms | Happy birthday peanut...
[GAMING/SUR] | YouTube  | [Normal]     | 98%    |   13.0ms | Bro was up until sunrise :face_with_tear...
[GAMING/SUR] | YouTube  | [OFFENSIVE]  | 73%    |   13.5ms | thank fuck he's on  hutch is boring af...
[GAMING/SUR] | YouTube  | [Normal]     | 95%    |   16.5ms | THE KING HAS RETURNED...
[GAMING/SUR] | YouTube  | [Normal]     | 66%    |   12.6ms | LETS GOOOOOOOOOOOOOOOOOOOOOOOOOOOOOOOOOO...
[GAMING/SUR] | YouTube  | [Normal]     | 95%    |   17.0ms | no  no. how are YOUUUU peanut...
[GAMING/SUR] | YouTube  | [Normal]     | 97%    |   10.6ms | let's ride...
[GAMING/SUR] | YouTube  | [Normal]     | 73%    |   14.3ms | whats wrong with your eye...
[GAMING/SUR] | YouTube  | [Normal]     | 95%    |   15.0ms | We are so fkn back...
[GAMING/SUR] | YouTube  | [Normal]     | 74%    |   20.0ms | He and Gingy and Rogue have been grindin...
[MUSIC/CHIL] | YouTube  | [Normal]     | 95%    |   15.0ms | .......
[GAMING/SUR] | YouTube  | [Normal]     | 91%    |   13.5ms | About to go lose all y’all’s money at th...
[GAMING/SUR] | YouTube  | [Normal]     | 94%    |   13.0ms | GINGY DID 20 HOURS...
[MUSIC/CHIL] | YouTube  | [Normal]     | 95%    |    6.0ms | Suz :rolling_on_the_floor_laughing::roll...
[GAMING/SUR] | YouTube  | [Normal]     | 95%    |    8.4ms | Yes rust will do that to you I haven’t p...
[GAMING/SUR] | YouTube  | [Normal]     | 97%    |    7.5ms | hmmmm.hmmm.hmmmm...
[PSYCHOLOGY] | YouTube  | [Normal]     | 84%    |   11.5ms | jungian punch...
[SELF-HELP/] | YouTube  | [Normal]     | 94%    |   14.6ms | hi...
[GAMING/SUR] | YouTube  | [Normal]     | 52%    |   16.4ms | GOOP GOOP GOOP...
[GAMING/SUR] | YouTube  | [Normal]     | 92%    |   38.3ms | Oh my god he's already on :rolling_on_th...
[GAMING/SUR] | YouTube  | [Normal]     | 97%    |   20.4ms | H20 :red_heart:...
[GAMING/SUR] | YouTube  | [Normal]     | 95%    |   13.8ms | h2o...
[GAMING/SUR] | YouTube  | [Normal]     | 96%    |   16.1ms | LOL...
[GAMING/SUR] | YouTube  | [Normal]     | 96%    |   14.1ms | That’s everyone’s childhood...
[GAMING/SUR] | YouTube  | [Normal]     | 96%    |   13.5ms | Vanoss crew og member...
[GAMING/SUR] | YouTube  | [Normal]     | 96%    |   11.0ms | tab top right...
[GAMING/SUR] | YouTube  | [Normal]     | 89%    |   11.0ms | YOUR GATE IS OPEN THERE BUD...
[GAMING/SUR] | YouTube  | [Normal]     | 98%    |   15.3ms | Golfing in the rain in FL rn :saluting_f...
[NEWS/LIVE ] | YouTube  | [Normal]     | 95%    |    9.5ms | MAGA...
[NEWS/LIVE ] | YouTube  | [Normal]     | 92%    |    9.0ms | I only help American Citizens :star_stru...
[GAMING/SUR] | YouTube  | [Normal]     | 81%    |   13.3ms | WALL GATE...
[GAMING/SUR] | YouTube  | [Normal]     | 97%    |   13.1ms | Need to work on research tree...
[MUSIC/CHIL] | YouTube  | [Normal]     | 93%    |   13.3ms | :camel:...
[NEWS/LIVE ] | YouTube  | [Normal]     | 97%    |   15.5ms | DESANTIS 2028...
[MUSIC/CHIL] | YouTube  | [Normal]     | 93%    |   14.6ms | fred me ? :thinking_face:...
[GAMING/SUR] | YouTube  | [Normal]     | 90%    |   12.5ms | Hutch and gingy got a air strike...
[MUSIC/CHIL] | YouTube  | [Normal]     | 97%    |   13.9ms | suz saaanu peru sam :face_with_tears_of_...
[NEWS/LIVE ] | YouTube  | [Normal]     | 94%    |   14.2ms | I don't think you can work out even simp...
[GAMING/SUR] | YouTube  | [Normal]     | 92%    |   10.5ms | hello you are funny you pinaput...
[GAMING/SUR] | YouTube  | [Normal]     | 92%    |    9.5ms | crack in the box...
[PSYCHOLOGY] | YouTube  | [Normal]     | 96%    |   10.6ms | it's both :3...
[GAMING/SUR] | YouTube  | [Normal]     | 93%    |    9.8ms | Helf is Welf...
[SELF-HELP/] | YouTube  | [Normal]     | 85%    |    9.7ms | remember the bonk...
[GAMING/SUR] | YouTube  | [Normal]     | 98%    |   23.6ms | 2boys 1 cup:face-green-smiling::face-gre...
[PSYCHOLOGY] | YouTube  | [Normal]     | 96%    |    7.5ms | HAPPY TO BE HERE...
[GAMING/SUR] | YouTube  | [Normal]     | 76%    |    9.0ms | These naked bodies crack me up...
[PSYCHOLOGY] | YouTube  | [Normal]     | 96%    |   11.5ms | RAINBOW ROAD WOOT WOOT...
[GAMING/SUR] | YouTube  | [Normal]     | 94%    |    9.0ms | 5...
[GAMING/SUR] | YouTube  | [Normal]     | 97%    |    9.0ms | GRAB H20...
[GAMING/SUR] | YouTube  | [Normal]     | 94%    |    7.0ms | 10...
[PSYCHOLOGY] | YouTube  | [Normal]     | 92%    |    8.0ms | be careful of the spam  y'all we got our...
[GAMING/SUR] | YouTube  | [Normal]     | 89%    |   10.0ms | Yes it’s him...
[MUSIC/CHIL] | YouTube  | [Normal]     | 97%    |   16.0ms | Manoj puri Kahani Samajh aayi...
[MUSIC/CHIL] | YouTube  | [Normal]     | 95%    |   10.6ms | e amuzat Ai cu termenii...
[GAMING/SUR] | YouTube  | [Normal]     | 90%    |    9.0ms | HAHAHA...
[GAMING/SUR] | YouTube  | [Normal]     | 97%    |   32.0ms | :face_with_tears_of_joy::face_with_tears...
[GAMING/SUR] | YouTube  | [Normal]     | 96%    |   10.8ms | h20 ??...
[GAMING/SUR] | YouTube  | [Normal]     | 96%    |    9.0ms | LMAO...
[GAMING/SUR] | YouTube  | [Normal]     | 95%    |    8.0ms | HJune...
[GAMING/SUR] | YouTube  | [Normal]     | 94%    |   24.6ms | don't swing at people there  lol...
[GAMING/SUR] | YouTube  | [Normal]     | 97%    |   19.0ms | 1/3 have more spaces...
[PSYCHOLOGY] | YouTube  | [Normal]     | 96%    |   16.0ms | I am food...
[GAMING/SUR] | YouTube  | [Normal]     | 55%    |   21.1ms | Check the dead guys machine...
[GAMING/SUR] | YouTube  | [Normal]     | 96%    |   11.0ms | lmaaoo...
[SPORTS/FOO] | YouTube  | [Normal]     | 97%    |    7.6ms | this live?...
[GAMING/SUR] | YouTube  | [Normal]     | 90%    |   10.3ms | hahahaha...
[GAMING/SUR] | YouTube  | [Normal]     | 96%    |   18.1ms | :fire::fire:...
[GAMING/SUR] | YouTube  | [Normal]     | 89%    |   10.5ms | we are sooooooooooooooooo back...
[GAMING/SUR] | YouTube  | [Normal]     | 84%    |   11.5ms | gonna lose...
[MUSIC/CHIL] | YouTube  | [Normal]     | 97%    |    7.6ms | halinkan hindi :pouting_cat:...
[GAMING/SUR] | YouTube  | [Normal]     | 94%    |    9.3ms | Omg hahahahahaha...
[PSYCHOLOGY] | YouTube  | [Normal]     | 85%    |    8.7ms | called you out...
[GAMING/SUR] | YouTube  | [Normal]     | 95%    |    8.0ms | :fire::fire::fire::fire::fire:...
[GAMING/SUR] | YouTube  | [Normal]     | 96%    |    7.0ms | lol...
[GAMING/SUR] | YouTube  | [Normal]     | 72%    |    8.0ms | GET WREAKED...
[MUSIC/CHIL] | YouTube  | [Normal]     | 97%    |   14.0ms | Secret Puzzle Code:(8+0) (4×1) (4) (1+1)...
[SELF-HELP/] | YouTube  | [Normal]     | 96%    |   11.0ms | Hello dr.k...
[GAMING/SUR] | YouTube  | [Normal]     | 97%    |   15.0ms | :peanuts: loves gambling...
[GAMING/SUR] | YouTube  | [Normal]     | 95%    |   15.0ms | hit...
[GAMING/SUR] | YouTube  | [Normal]     | 95%    |    9.0ms | HIT...
[GAMING/SUR] | YouTube  | [OFFENSIVE]  | 60%    |   17.0ms | :_LetsGo:...
[PSYCHOLOGY] | YouTube  | [Normal]     | 97%    |   17.1ms | Cultivate the skills you need to overcom...
[SELF-HELP/] | YouTube  | [Normal]     | 96%    |   11.5ms | It certainly is a day today...
[SELF-HELP/] | YouTube  | [Normal]     | 93%    |    8.0ms | very gut thanks man...
[GAMING/SUR] | YouTube  | [Normal]     | 92%    |   22.5ms | how do i join...
[GAMING/SUR] | YouTube  | [OFFENSIVE]  | 41%    |   24.1ms | Yes he’s stupid....
[MUSIC/CHIL] | YouTube  | [Normal]     | 96%    |   13.0ms | haa...
[GAMING/SUR] | YouTube  | [Normal]     | 91%    |   20.6ms | I mean ur kinda trash at blackjack ngl l...
[GAMING/SUR] | YouTube  | [Normal]     | 94%    |   20.0ms | he wasnt up 500 he just got his scrap ba...
[GAMING/SUR] | YouTube  | [Normal]     | 96%    |   11.0ms | Praise god he has to leave his house to ...
[GAMING/SUR] | YouTube  | [Normal]     | 98%    |    7.0ms | complimentary ball check?...
[SELF-HELP/] | YouTube  | [Normal]     | 85%    |    8.0ms | Left handed people slander as usual :_Dr...
[GAMING/SUR] | YouTube  | [Normal]     | 45%    |   13.5ms | being sore losers literally ruined the s...
[ENTERTAINM] | YouTube  | [Normal]     | 95%    |   17.6ms | india opppp...
[NEWS/LIVE ] | YouTube  | [Normal]     | 88%    |   17.3ms | It was a joke really...
[ENTERTAINM] | YouTube  | [Normal]     | 91%    |   16.6ms | W...
[GAMING/GAM] | YouTube  | [Normal]     | 93%    |   17.7ms | E...
[GAMING/GAM] | YouTube  | [Normal]     | 96%    |   24.2ms | IRON LUNG 2 CONFIRMED?...
[ENTERTAINM] | YouTube  | [Normal]     | 94%    |   16.5ms | Hi...
[GAMING/GAM] | YouTube  | [Normal]     | 95%    |   15.1ms | hello...
[GAMING/GAM] | YouTube  | [Normal]     | 96%    |   16.6ms | hiiiiiii...
[GAMING/GAM] | YouTube  | [Normal]     | 94%    |   13.6ms | hi...
[GAMING/GAM] | YouTube  | [Normal]     | 94%    |   14.0ms | hi...
[GAMING/GAM] | YouTube  | [Normal]     | 95%    |   14.5ms | HIIIIIII MARLKKKKKK...
[ENTERTAINM] | YouTube  | [Normal]     | 89%    |   11.0ms | yoooo...
[ENTERTAINM] | YouTube  | [Normal]     | 97%    |   15.0ms | MR beast day by day :fire::red_heart:& C...
[PSYCHOLOGY] | YouTube  | [Normal]     | 96%    |    7.0ms | lmao...
[GAMING/GAM] | YouTube  | [Normal]     | 97%    |   12.0ms | More news? is it 4 TIMES? xD...
[ENTERTAINM] | YouTube  | [Normal]     | 95%    |    9.0ms | love ya bro...
[GAMING/GAM] | YouTube  | [OFFENSIVE]  | 82%    |   23.6ms | YOO CONGRATSSSSSS OMGGG...
[ENTERTAINM] | YouTube  | [Normal]     | 96%    |   20.6ms | 500M W...
[PSYCHOLOGY] | YouTube  | [Normal]     | 95%    |   13.7ms | bajs...
[ENTERTAINM] | YouTube  | [Normal]     | 94%    |   13.5ms | SAY MY NAME...
[ENTERTAINM] | YouTube  | [Normal]     | 95%    |   15.0ms | best plz give me a iphone plz...
[NEWS/LIVE ] | YouTube  | [Normal]     | 94%    |   16.0ms | I can't disagree with irresponsible:cat-...
[ENTERTAINM] | YouTube  | [Normal]     | 94%    |   13.0ms | Hi...
[GAMING/SUR] | YouTube  | [Normal]     | 96%    |   10.5ms | missed a k...
[ENTERTAINM] | YouTube  | [Normal]     | 96%    |   16.1ms | I think y'all do it....but I've been sub...
[GAMING/GAM] | YouTube  | [Normal]     | 94%    |   12.6ms | im going to see the movie tomorrow...
[GAMING/GAM] | YouTube  | [Normal]     | 96%    |    9.0ms | Ayeeeeeee...
[GAMING/SUR] | YouTube  | [Normal]     | 64%    |   16.0ms | CAPTAINSPIDEY HES BEEN PLAYING FOR HOURS...
[GAMING/GAM] | YouTube  | [Normal]     | 93%    |   10.5ms | OH YEAHHHH...
[GAMING/GAM] | YouTube  | [Normal]     | 48%    |    9.0ms | Da goat....
[GAMING/GAM] | YouTube  | [Normal]     | 96%    |   13.0ms | you know what my favorite scene was? THA...
[GAMING/GAM] | YouTube  | [Normal]     | 95%    |    8.9ms | WE ARE NUMBER ONE...
[ENTERTAINM] | YouTube  | [Normal]     | 95%    |   11.4ms | good...
[PSYCHOLOGY] | YouTube  | [Normal]     | 96%    |   13.1ms | oo...
[MUSIC/CHIL] | YouTube  | [Normal]     | 90%    |   17.4ms | D mall ki vellavaa ninna:woman_detective...
[ENTERTAINM] | YouTube  | [Normal]     | 97%    |    8.0ms | 500m...
[GAMING/GAM] | YouTube  | [Normal]     | 94%    |    8.0ms | CONGRATULATIONS ON TH3 MOVIE MARK I WAT ...
[GAMING/GAM] | YouTube  | [Normal]     | 97%    |    7.3ms | HIIIIIIIIIII...
[MUSIC/CHIL] | YouTube  | [Normal]     | 97%    |    7.6ms | vsannu:body-blue-raised-arms:...
[ENTERTAINM] | YouTube  | [Normal]     | 91%    |    7.0ms | W...
[GAMING/GAM] | YouTube  | [Normal]     | 96%    |   11.9ms | Epic...
[GAMING/GAM] | YouTube  | [Normal]     | 97%    |   10.0ms | Welcome New Member!...
[GAMING/GAM] | YouTube  | [OFFENSIVE]  | 92%    |   17.5ms | WOWOWOAHAGGAHAHA...
[PSYCHOLOGY] | YouTube  | [Normal]     | 96%    |   11.0ms | @Valt-142 it's a sort of yin/yang divine...
[GAMING/SUR] | YouTube  | [Normal]     | 94%    |   14.0ms | Play with H20 Delirious...
[ENTERTAINM] | YouTube  | [Normal]     | 96%    |   10.5ms | Hello from SC!...
[GAMING/GAM] | YouTube  | [HATE]       | 50%    |   12.0ms | fax...
[ENTERTAINM] | YouTube  | [Normal]     | 97%    |   23.1ms | :green_heart::green_heart::green_heart::...
[ENTERTAINM] | YouTube  | [Normal]     | 68%    |   18.3ms | it is lagging...
[GAMING/SUR] | YouTube  | [Normal]     | 79%    |    9.0ms | Blackjack...
[GAMING/GAM] | YouTube  | [Normal]     | 96%    |    8.5ms | AIRPLAIN...
[ENTERTAINM] | YouTube  | [Normal]     | 96%    |   10.0ms | hiiiiiiiiii...
[NEWS/LIVE ] | YouTube  | [Normal]     | 90%    |   17.1ms | Thanks shoutout to anyone international ...
[GAMING/SUR] | YouTube  | [Normal]     | 94%    |   11.0ms | Hutch literally has more hours in this g...
[GAMING/SUR] | YouTube  | [Normal]     | 93%    |   21.0ms | what is rogue on 30 hours...
[ENTERTAINM] | YouTube  | [Normal]     | 95%    |    9.0ms | Hiii...
[GAMING/GAM] | YouTube  | [Normal]     | 93%    |    8.0ms | lighthouse...
[GAMING/GAM] | YouTube  | [Normal]     | 93%    |   10.6ms | Lighthouse...
[GAMING/GAM] | YouTube  | [Normal]     | 96%    |    9.1ms | NUMBER ONE MOVIE...
[ENTERTAINM] | YouTube  | [Normal]     | 97%    |   14.0ms | :red_heart::red_heart::red_heart:...
[GAMING/GAM] | YouTube  | [Normal]     | 97%    |   11.5ms | HIIIII...
[GAMING/SUR] | YouTube  | [Normal]     | 92%    |    7.0ms | PLAY THE WHEEL...
[GAMING/GAM] | YouTube  | [Normal]     | 98%    |   30.1ms | :face-blue-smiling::face-blue-smiling::f...
[ENTERTAINM] | YouTube  | [Normal]     | 96%    |   11.0ms | hiiiiii...
[GAMING/GAM] | YouTube  | [Normal]     | 93%    |   12.0ms | Lighthouse...
[ENTERTAINM] | YouTube  | [Normal]     | 97%    |   13.5ms | :red_heart::red_heart::red_heart:...
[ENTERTAINM] | YouTube  | [Normal]     | 91%    |   13.0ms | helooo...
[GAMING/GAM] | YouTube  | [Normal]     | 96%    |   10.1ms | LIGHTHOUSEE...
[ENTERTAINM] | YouTube  | [Normal]     | 95%    |   15.1ms | Mr bean please give me a 10000 dollar...
[GAMING/GAM] | YouTube  | [Normal]     | 97%    |   14.0ms | mark I really love you...
[GAMING/GAM] | YouTube  | [Normal]     | 93%    |   12.2ms | DEMOCRACY!...
[ENTERTAINM] | YouTube  | [Normal]     | 94%    |   12.0ms | omg this was crazy 500mil...
[MUSIC/CHIL] | YouTube  | [Normal]     | 96%    |   13.6ms | Vadiki future ekadidi...
[ENTERTAINM] | YouTube  | [Normal]     | 95%    |   11.0ms | gw dari indo...
[GAMING/GAM] | YouTube  | [OFFENSIVE]  | 61%    |   13.0ms | your movie was fuckin fire...
[ENTERTAINM] | YouTube  | [Normal]     | 97%    |   15.5ms | congratulations :confetti_ball:...
[GAMING/GAM] | YouTube  | [Normal]     | 90%    |   14.0ms | When Iron Lung is out of theaters where ...
[GAMING/GAM] | YouTube  | [Normal]     | 96%    |   17.0ms | oo awesome!!!...
[GAMING/SUR] | YouTube  | [OFFENSIVE]  | 75%    |    9.1ms | LETS FUCKING GOOOOOOOOOO...
[GAMING/GAM] | YouTube  | [Normal]     | 98%    |   16.7ms | :hands-yellow-heart-red::hands-yellow-he...
[GAMING/SUR] | YouTube  | [Normal]     | 88%    |    7.6ms | lucky sob...
[ENTERTAINM] | YouTube  | [Normal]     | 95%    |    7.5ms | hiiiiiii!!!!!!!!!!!!!!...
[GAMING/GAM] | YouTube  | [Normal]     | 93%    |    7.5ms | LIGHT HOUSEEEEEEEEEEEEE...
[ENTERTAINM] | YouTube  | [Normal]     | 94%    |   16.0ms | 1...
[GAMING/SUR] | YouTube  | [Normal]     | 88%    |   14.9ms | BRO STOOD ON A 12 WTF HOW DOES PEANUT GA...
[GAMING/SUR] | YouTube  | [Normal]     | 96%    |    7.5ms | spilt...
[GAMING/SUR] | YouTube  | [Normal]     | 87%    |   14.0ms | it laughed at you...
[GAMING/GAM] | YouTube  | [Normal]     | 83%    |   13.6ms | waste...
[GAMING/GAM] | YouTube  | [Normal]     | 45%    |   18.0ms | ITALYYYY...
[ENTERTAINM] | YouTube  | [Normal]     | 94%    |   13.0ms | Hi...
[GAMING/SUR] | YouTube  | [Normal]     | 87%    |   10.7ms | NO...
[ENTERTAINM] | YouTube  | [Normal]     | 96%    |    8.5ms | mrbeast luv from india...
[ENTERTAINM] | YouTube  | [Normal]     | 95%    |    8.0ms | 1111111111...
[GAMING/GAM] | YouTube  | [Normal]     | 85%    |   10.0ms | what about africa...
[GAMING/GAM] | YouTube  | [Normal]     | 90%    |   15.0ms | Turkey when...
[GAMING/GAM] | YouTube  | [Normal]     | 94%    |   13.2ms | portugal!? MY PEOPLE...
[ENTERTAINM] | YouTube  | [Normal]     | 98%    |   18.0ms | iphone 16 pro max :wrapped_gift:...
[ENTERTAINM] | YouTube  | [Normal]     | 94%    |    8.6ms | 1...
[GAMING/ESP] | YouTube  | [Normal]     | 98%    |   12.6ms | lgd gonna be fly high :clapping_hands::c...
[GAMING/GAM] | YouTube  | [Normal]     | 96%    |   21.0ms | the sound on my second viewing was much ...
[GAMING/GAM] | YouTube  | [Normal]     | 97%    |   13.7ms | i made a review of your movie!!! i loved...
[GAMING/GAM] | YouTube  | [Normal]     | 97%    |   12.5ms | Welcome to Member!...
[GAMING/GAM] | YouTube  | [Normal]     | 97%    |   13.0ms | Welcome to Member!...
[ENTERTAINM] | YouTube  | [Normal]     | 96%    |   16.0ms | Hi in Türkiye...
[GAMING/GAM] | YouTube  | [Normal]     | 97%    |   18.0ms | When are we getting the Distractable tou...
[MUSIC/CHIL] | YouTube  | [Normal]     | 98%    |   11.5ms | EXITO:face-red-heart-shape::face-red-hea...
[ENTERTAINM] | YouTube  | [Normal]     | 96%    |   10.0ms | love you...
[GAMING/SUR] | YouTube  | [Normal]     | 93%    |    8.1ms | max bet...
[GAMING/GAM] | YouTube  | [Normal]     | 96%    |   16.1ms | I went to see Iron Lung in theaters with...
[GAMING/GAM] | YouTube  | [Normal]     | 96%    |    7.0ms | Watching this while doing my BioCalc...
[ENTERTAINM] | YouTube  | [Normal]     | 96%    |   11.0ms | I’m From Canada...
[MUSIC/CHIL] | YouTube  | [Normal]     | 96%    |   13.5ms | Rosa ??...
[GAMING/GAM] | YouTube  | [Normal]     | 96%    |   14.5ms | First...
[GAMING/SUR] | YouTube  | [Normal]     | 90%    |   21.6ms | Peanut shows that gambling doesn't pay i...
[GAMING/SUR] | YouTube  | [Normal]     | 94%    |   14.0ms | all in!...
[ENTERTAINM] | YouTube  | [Normal]     | 97%    |   17.6ms | LOVE FROM INDIA JIMMY:sparkles::bottle_w...
[GAMING/SUR] | YouTube  | [Normal]     | 92%    |   14.8ms | lower bet...
[GAMING/SUR] | YouTube  | [Normal]     | 94%    |   16.4ms | 500 before hutch is back...
[GAMING/GAM] | YouTube  | [Normal]     | 97%    |   15.7ms | Hi Mark!Love all the streams...
[GAMING/GAM] | YouTube  | [Normal]     | 96%    |   18.1ms | haven't seen it yet but I'm excited to e...
[GAMING/GAM] | YouTube  | [Normal]     | 95%    |    8.5ms | 6 7...
[GAMING/GAM] | YouTube  | [Normal]     | 96%    |   12.2ms | huh I learned something today...
[GAMING/GAM] | YouTube  | [Normal]     | 91%    |   14.4ms | Airplanee...
[GAMING/SUR] | YouTube  | [Normal]     | 96%    |   15.9ms | dude u can't bet so high every hand afte...
[GAMING/GAM] | YouTube  | [Normal]     | 97%    |   14.6ms | The surround sound was so good for my th...
[GAMING/SUR] | YouTube  | [Normal]     | 92%    |   10.5ms | Stay...
[GAMING/SUR] | YouTube  | [Normal]     | 57%    |    9.3ms | now let them win...
[GAMING/GAM] | YouTube  | [Normal]     | 95%    |    8.6ms | @celestialservicek9s498 omg stay strong ...
[ENTERTAINM] | YouTube  | [Normal]     | 95%    |   13.0ms | my my study...
[ENTERTAINM] | YouTube  | [Normal]     | 91%    |    9.2ms | w...
[SELF-HELP/] | YouTube  | [Normal]     | 97%    |   14.6ms | hello Alok.:waving_hand:...
[ENTERTAINM] | YouTube  | [Normal]     | 95%    |   19.7ms | Hello...
[ENTERTAINM] | YouTube  | [Normal]     | 96%    |    8.0ms | hellooou...
[GAMING/SUR] | YouTube  | [Normal]     | 97%    |    9.0ms | I just got MILKED and I feel so refreshe...
[GAMING/SUR] | YouTube  | [Normal]     | 89%    |   10.0ms | peanut you are no longer allowed to make...
[GAMING/SUR] | YouTube  | [Normal]     | 94%    |    9.0ms | 3 of a kind in blackjack???...
[GAMING/SUR] | YouTube  | [Normal]     | 93%    |    9.0ms | bro...
[ENTERTAINM] | YouTube  | [Normal]     | 93%    |    9.7ms | Molar...
[ENTERTAINM] | YouTube  | [Normal]     | 94%    |    9.0ms | :thumbs_up::thumbs_up::thumbs_up::thumbs...
[GAMING/GAM] | YouTube  | [Normal]     | 63%    |   10.7ms | AIRPLANE GANG RISE UPPP...
[ENTERTAINM] | YouTube  | [Normal]     | 97%    |    7.0ms | sar please help me :pleading_face::disap...
[GAMING/GAM] | YouTube  | [Normal]     | 90%    |    8.0ms | LIGHT HOUSE...
[GAMING/GAM] | YouTube  | [OFFENSIVE]  | 44%    |    9.0ms | Airplane ganggggg...
[GAMING/GAM] | YouTube  | [Normal]     | 93%    |    6.6ms | that explains why I couldn't hear some t...
[GAMING/GAM] | YouTube  | [Normal]     | 97%    |    6.0ms | Atmos is...
[GAMING/GAM] | YouTube  | [Normal]     | 96%    |   13.0ms | Hi mark...
[GAMING/GAM] | YouTube  | [Normal]     | 96%    |    9.5ms | airplne ok...
[GAMING/GAM] | YouTube  | [Normal]     | 97%    |   16.0ms | I saw it in two different theatres in di...
[GAMING/GAM] | YouTube  | [Normal]     | 92%    |   14.6ms | LIGHTHOUSE I WANNA SEE A GUY JORK IT LIK...
[GAMING/GAM] | YouTube  | [Normal]     | 92%    |   19.0ms | Loved Iron lung!!!!!! ugh best movie eve...
[ENTERTAINM] | YouTube  | [Normal]     | 91%    |   13.0ms | love you mr beast...
[ENTERTAINM] | YouTube  | [Normal]     | 92%    |   16.1ms | Yeah budy...
[ENTERTAINM] | YouTube  | [Normal]     | 96%    |    9.9ms | New member...
[ENTERTAINM] | YouTube  | [Normal]     | 96%    |    9.0ms | мистер бист...
[GAMING/SUR] | YouTube  | [Normal]     | 96%    |   13.9ms | lmao...
[GAMING/SUR] | YouTube  | [Normal]     | 89%    |    9.0ms | Big youtubers are in...
[ENTERTAINM] | YouTube  | [Normal]     | 83%    |    9.5ms | crinnnge...
[MUSIC/CHIL] | YouTube  | [Normal]     | 95%    |   10.6ms | .......
[ENTERTAINM] | YouTube  | [Normal]     | 95%    |    8.0ms | hello...
[ENTERTAINM] | YouTube  | [Normal]     | 93%    |    7.0ms | Mrbeast can you give me money please :pl...
[GAMING/GAM] | YouTube  | [Normal]     | 95%    |   13.0ms | I finally made it to a live but I’m work...
[GAMING/GAM] | YouTube  | [Normal]     | 96%    |    9.5ms | I just watched from Germany  very nice !...
[GAMING/SUR] | YouTube  | [Normal]     | 49%    |   18.0ms | gingy gonna be mad when she gets back on...
[ENTERTAINM] | YouTube  | [Normal]     | 94%    |   13.0ms | hi...
[ENTERTAINM] | YouTube  | [Normal]     | 80%    |   10.0ms | GREAT JOB MRBEAST YOUR THE BEST  LOOK JO...
[ENTERTAINM] | YouTube  | [Normal]     | 98%    |   11.4ms | Jimmy big fan :heart_suit: $100 please :...
[ENTERTAINM] | YouTube  | [HATE]       | 45%    |    7.0ms | Asian Sticker...
[ENTERTAINM] | YouTube  | [Normal]     | 96%    |    7.2ms | 500mmm...
[ENTERTAINM] | YouTube  | [Normal]     | 94%    |    8.6ms | Hi...
[ENTERTAINM] | YouTube  | [Normal]     | 81%    |   32.7ms | mr mrbeast!!!!!!!!!!!!!!!!!!!!!!!!!!!!!!...
[GAMING/GAM] | YouTube  | [Normal]     | 95%    |    8.0ms | airplane...
[GAMING/SUR] | YouTube  | [Normal]     | 96%    |   10.7ms | lmfaaaaaaaaaao...
[GAMING/GAM] | YouTube  | [Normal]     | 98%    |   21.0ms | Airplane. :airplane: second tower...
[ENTERTAINM] | YouTube  | [Normal]     | 98%    |   26.6ms | :blue_heart::blue_heart::blue_heart::blu...
[MUSIC/CHIL] | YouTube  | [Normal]     | 97%    |   19.0ms | @kavya-c9c1j apki shaadi kab hogi...
[SELF-HELP/] | YouTube  | [Normal]     | 75%    |   15.0ms | a life they want for themself...
[ENTERTAINM] | YouTube  | [Normal]     | 95%    |    9.5ms | hello...
[GAMING/SUR] | YouTube  | [Normal]     | 56%    |    9.6ms | omggg...
[ENTERTAINM] | YouTube  | [Normal]     | 95%    |    7.2ms | love feom pakistan...
[GAMING/GAM] | YouTube  | [Normal]     | 97%    |   10.6ms | I’m just happy to be watching you. My ne...
[GAMING/SUR] | YouTube  | [Normal]     | 48%    |    7.6ms | XDDDDDDDDDDDDDDDDDD...
[GAMING/GAM] | YouTube  | [Normal]     | 96%    |   10.5ms | I know it hasn't been a whole lot of tim...
[GAMING/GAM] | YouTube  | [Normal]     | 95%    |    7.0ms | ive never seen this game before but i kn...
[GAMING/GAM] | YouTube  | [Normal]     | 94%    |    9.0ms | hi...
[MUSIC/CHIL] | YouTube  | [Normal]     | 97%    |    7.1ms | Amul vasthundhi le tension Enduku :pouti...
[ENTERTAINM] | YouTube  | [Normal]     | 95%    |   22.4ms | mantap luar biasa 500Mmantap luar biasa ...
[GAMING/GAM] | YouTube  | [Normal]     | 96%    |   18.1ms | Hi Mark! Hope you're doing well. First o...
[GAMING/SUR] | YouTube  | [Normal]     | 95%    |    7.5ms | Happy Happy Happy...
[ENTERTAINM] | YouTube  | [Normal]     | 92%    |   13.0ms | help me...
[GAMING/SUR] | YouTube  | [Normal]     | 94%    |    7.0ms | 5...
[GAMING/GAM] | YouTube  | [Normal]     | 91%    |   11.0ms | WE ARE SO PROUD OF YOU...
[GAMING/GAM] | YouTube  | [Normal]     | 96%    |   13.3ms | holy peak...
[SPORTS/PEN] | YouTube  | [Normal]     | 94%    |   14.0ms | i didnt know there was a budget...
[GAMING/SUR] | YouTube  | [Normal]     | 83%    |   18.6ms | Rogue is gonna...
[ENTERTAINM] | YouTube  | [Normal]     | 98%    |   13.7ms | pls say my name :folded_hands::folded_ha...
[PSYCHOLOGY] | YouTube  | [Normal]     | 96%    |   17.0ms | isn't that sadly partially true?...
[GAMING/GAM] | YouTube  | [Normal]     | 94%    |   17.3ms | I just got back from my second viewing o...
[GAMING/SUR] | YouTube  | [Normal]     | 92%    |   19.9ms | no luck...
[ENTERTAINM] | YouTube  | [Normal]     | 95%    |   10.0ms | hello...
[GAMING/GAM] | YouTube  | [Normal]     | 89%    |   11.1ms | Stream anomaly...
[GAMING/GAM] | YouTube  | [Normal]     | 94%    |   15.5ms | imagine the light turns into a disco bal...
[MUSIC/CHIL] | YouTube  | [Normal]     | 91%    |    8.5ms | go poop...
[ENTERTAINM] | YouTube  | [Normal]     | 97%    |   12.0ms | love from india :red_heart:...
[GAMING/GAM] | YouTube  | [Normal]     | 95%    |   11.0ms | SPELLING...
[ENTERTAINM] | YouTube  | [Normal]     | 86%    |    8.5ms | Yo...
[ENTERTAINM] | YouTube  | [Normal]     | 97%    |    9.0ms | سلام...
[GAMING/GAM] | YouTube  | [Normal]     | 91%    |    8.6ms | Typo anomaly in the title...
[ENTERTAINM] | YouTube  | [Normal]     | 94%    |    9.0ms | tower of terror best tower...
[ENTERTAINM] | YouTube  | [Normal]     | 98%    |    7.0ms | my gift :wrapped_gift:...
[GAMING/GAM] | YouTube  | [Normal]     | 90%    |    6.0ms | u spelled wrong mark...
[GAMING/GAM] | YouTube  | [Normal]     | 94%    |   15.0ms | There's a typo...
[GAMING/SUR] | YouTube  | [Normal]     | 96%    |   13.6ms | lol...
[GAMING/SUR] | YouTube  | [Normal]     | 92%    |   18.0ms | LMFAOOOOOO...
[GAMING/GAM] | YouTube  | [Normal]     | 94%    |   13.8ms | hi...
[ENTERTAINM] | YouTube  | [Normal]     | 91%    |   14.2ms | MRBEEEEEEEEEEEEEEEAAAAAAAAAASSSSSSSSSST6...
[GAMING/SUR] | YouTube  | [Normal]     | 96%    |   16.0ms | YOU HAD 1000 SCRAP WHEN YOU LOGGED IN...
[GAMING/SUR] | YouTube  | [Normal]     | 90%    |   14.9ms | Where’s the scarp peanut...
[ENTERTAINM] | YouTube  | [Normal]     | 92%    |   18.1ms | I WASSS HEREEEEE :fire::fire::fire::fire...
[GAMING/SUR] | YouTube  | [Normal]     | 98%    |   27.0ms | Keep On Bungulating LATE Into The Night ...
[ENTERTAINM] | YouTube  | [Normal]     | 97%    |   24.4ms | I am your big fan bro and I subscribed y...
[ENTERTAINM] | YouTube  | [Normal]     | 94%    |    9.1ms | Ok...
[GAMING/GAM] | YouTube  | [Normal]     | 84%    |    9.0ms | TYPOOOOO...
[GAMING/GAM] | YouTube  | [Normal]     | 94%    |   21.3ms | im gonna have an obversation with my bes...
[ENTERTAINM] | YouTube  | [Normal]     | 95%    |   13.0ms | hi Jimmy...
[GAMING/SUR] | YouTube  | [Normal]     | 68%    |   16.9ms | YOU CANT COUNT CARDS AGAINST A CLANKA DU...
[ENTERTAINM] | YouTube  | [Normal]     | 97%    |   29.5ms | Jimmyyyyyyyyyyyyyy  I can not believe th...
[GAMING/GAM] | YouTube  | [Normal]     | 94%    |   12.0ms | THE TITLE IS MISSPELLED...
[GAMING/SUR] | YouTube  | [Normal]     | 96%    |   10.0ms | He’s never gonna stop lol :face_with_tea...
[GAMING/GAM] | YouTube  | [Normal]     | 95%    |    7.0ms | xD...
[SELF-HELP/] | YouTube  | [Normal]     | 97%    |   11.0ms | Sometimes I think  my partner used to mi...
[ENTERTAINM] | YouTube  | [Normal]     | 95%    |   17.0ms | call speed!!!...
[GAMING/GAM] | YouTube  | [Normal]     | 94%    |   16.0ms | ovbersation...
[GAMING/GAM] | YouTube  | [Normal]     | 80%    |   20.6ms | I will be of absolutely NO help  I have ...
[GAMING/GAM] | YouTube  | [Normal]     | 95%    |   14.6ms | obversation...
[GAMING/SUR] | YouTube  | [Normal]     | 98%    |   14.0ms | :text-yellow-goal:...
[GAMING/GAM] | YouTube  | [Normal]     | 89%    |   16.2ms | the way i didnt even see...
[ENTERTAINM] | YouTube  | [Normal]     | 91%    |   15.6ms | is it weird watching your old videos...
[MUSIC/CHIL] | YouTube  | [Normal]     | 96%    |   14.0ms | :gar:welcm...
[GAMING/SUR] | YouTube  | [Normal]     | 74%    |   15.6ms | Peanut is an addict!!! lol...
[GAMING/SUR] | YouTube  | [Normal]     | 61%    |    9.0ms | a true addict...
[ENTERTAINM] | YouTube  | [Normal]     | 95%    |   13.6ms | Yooo...
[GAMING/SUR] | YouTube  | [Normal]     | 94%    |   11.0ms | 5...
[ENTERTAINM] | YouTube  | [Normal]     | 91%    |   15.6ms | mr beast...
[GAMING/GAM] | YouTube  | [Normal]     | 96%    |   16.0ms | I almost missed the stream  due to the t...
[GAMING/GAM] | YouTube  | [Normal]     | 95%    |   15.0ms | does this game is like fred nights ?...
[ENTERTAINM] | YouTube  | [Normal]     | 94%    |    8.5ms | 1...
[ENTERTAINM] | YouTube  | [Normal]     | 95%    |    9.0ms | please big fan...
[ENTERTAINM] | YouTube  | [Normal]     | 96%    |    8.0ms | jsjsj...
[ENTERTAINM] | YouTube  | [Normal]     | 97%    |    8.6ms | Jimmy:person-turqouise-waving::person-tu...
[MUSIC/CHIL] | YouTube  | [Normal]     | 98%    |    7.6ms | ...:face-turquoise-music-note:...
[GAMING/GAM] | YouTube  | [Normal]     | 93%    |    6.5ms | mark you pick dr pepper or coke...
[GAMING/GAM] | YouTube  | [Normal]     | 95%    |    9.0ms | obversation...
[GAMING/GAM] | YouTube  | [Normal]     | 95%    |   10.6ms | Hiiii...
[GAMING/GAM] | YouTube  | [Normal]     | 96%    |   13.6ms | gotta love my dyslexic five time champio...
[GAMING/GAM] | YouTube  | [Normal]     | 92%    |   12.0ms | Do you still play Ultrakill?...
[GAMING/GAM] | YouTube  | [Normal]     | 97%    |   11.0ms | OBVERSATION DUTY THE MOVIE?!??!?!?!...
[GAMING/GAM] | YouTube  | [Normal]     | 91%    |   10.0ms | MARK FIX YOUR POSTURE...
[GAMING/GAM] | YouTube  | [Normal]     | 97%    |   10.0ms | the poll is still going...
[GAMING/SUR] | YouTube  | [Normal]     | 97%    |   13.0ms | They logged in with 2000 scrap and left ...
[GAMING/GAM] | YouTube  | [Normal]     | 98%    |   14.5ms | was there always light in that shed?...
[GAMING/GAM] | YouTube  | [Normal]     | 91%    |   13.0ms | Guys let him turn his brain off after ho...
[ENTERTAINM] | YouTube  | [Normal]     | 93%    |    9.0ms | Are you okay?...
[PSYCHOLOGY] | YouTube  | [Normal]     | 97%    |   10.4ms | That was personal lol...
[MUSIC/CHIL] | YouTube  | [Normal]     | 85%    |    9.1ms | GTA ohh jealous...
[GAMING/GAM] | YouTube  | [Normal]     | 96%    |    7.0ms | LOL...
[GAMING/GAM] | YouTube  | [Normal]     | 98%    |   10.0ms | Iron Lung is so amazing :red_heart::red_...
[ENTERTAINM] | YouTube  | [Normal]     | 98%    |    7.0ms | Watching all World Cup games for 50K?:th...
[GAMING/GAM] | YouTube  | [Normal]     | 65%    |    7.0ms | IM GOING TO WATCH IRON LUNG RN IN OHIO!!...
[ENTERTAINM] | YouTube  | [Normal]     | 94%    |   15.0ms | 5...
[GAMING/GAM] | YouTube  | [Normal]     | 96%    |   19.6ms | LOL...
[GAMING/GAM] | YouTube  | [Normal]     | 97%    |   22.1ms | mousetrap in interior?...
[GAMING/GAM] | YouTube  | [Normal]     | 73%    |   18.7ms | Absolutely loved Iron Lung  you and the ...
[ENTERTAINM] | YouTube  | [Normal]     | 95%    |   16.3ms | 129...
[GAMING/GAM] | YouTube  | [Normal]     | 92%    |   17.6ms | bed...
[ENTERTAINM] | YouTube  | [Normal]     | 92%    |   16.2ms | "MrBeast  I would like a computer  pleas...
[PSYCHOLOGY] | YouTube  | [Normal]     | 95%    |   17.1ms | oof it me but w workaholism  codepednecy...
[ENTERTAINM] | YouTube  | [Normal]     | 94%    |   21.1ms | 2...
[GAMING/GAM] | YouTube  | [Normal]     | 97%    |   20.0ms | that done been there...
[GAMING/GAM] | YouTube  | [Normal]     | 83%    |   14.6ms | why are you blue...
[ENTERTAINM] | YouTube  | [Normal]     | 94%    |   15.1ms | heloooo...
[GAMING/GAM] | YouTube  | [Normal]     | 96%    |   15.0ms | :_markiBRAIN:...
[GAMING/GAM] | YouTube  | [Normal]     | 97%    |   13.4ms | Welcome to Member!...
[GAMING/GAM] | YouTube  | [Normal]     | 96%    |   21.4ms | I printed the popcorn bucket but the tee...
[ENTERTAINM] | YouTube  | [Normal]     | 97%    |   18.9ms | Bro lot's of love from Nepal :red_heart:...
[ENTERTAINM] | YouTube  | [Normal]     | 91%    |   13.5ms | mrbeast give me money...
[ENTERTAINM] | YouTube  | [Normal]     | 85%    |   14.0ms | Mr beast I watch you everyday hope you s...
[GAMING/GAM] | YouTube  | [Normal]     | 86%    |   12.0ms | that's not good...
[GAMING/SUR] | YouTube  | [Normal]     | 96%    |   10.0ms | a box??...
[ENTERTAINM] | YouTube  | [Normal]     | 92%    |   16.2ms | hi MrBeast...
[GAMING/GAM] | YouTube  | [Normal]     | 96%    |   12.1ms | we have a keen eye...
[GAMING/GAM] | YouTube  | [Normal]     | 60%    |   15.0ms | LETS GOOOOOOOOOOOOOOOOOOOOOO...
[GAMING/GAM] | YouTube  | [Normal]     | 96%    |   11.2ms | hi!!...
[ENTERTAINM] | YouTube  | [Normal]     | 95%    |    9.6ms | 67...
[GAMING/GAM] | YouTube  | [Normal]     | 56%    |    8.1ms | MARK IM ABOUT TO GO SEE IORN LUNG YOU BE...
[ENTERTAINM] | YouTube  | [Normal]     | 95%    |    7.0ms | Mr best...
[MUSIC/CHIL] | YouTube  | [OFFENSIVE]  | 40%    |   12.0ms | Dream dude I can't tell if work is chasi...
[SELF-HELP/] | YouTube  | [Normal]     | 97%    |   11.0ms | I just been enlighten...
[GAMING/GAM] | YouTube  | [Normal]     | 88%    |   14.6ms | thank god I'm not on duty y'all got this...
[GAMING/GAM] | YouTube  | [Normal]     | 96%    |   14.7ms | my cat is watching very closely rn...
[ENTERTAINM] | YouTube  | [Normal]     | 96%    |   12.0ms | hiiiiiii...
[GAMING/GAM] | YouTube  | [Normal]     | 93%    |   12.0ms | man standing in stair well!!!!!!!!!...
[ENTERTAINM] | YouTube  | [OFFENSIVE]  | 56%    |   14.2ms | Funny shorts:rolling_on_the_floor_laughi...
[GAMING/GAM] | YouTube  | [Normal]     | 90%    |   12.7ms | BLINDIPLIER...
[GAMING/SUR] | YouTube  | [Normal]     | 97%    |   13.3ms | the tea is pretty solid...
[GAMING/GAM] | YouTube  | [Normal]     | 95%    |   11.4ms | Poster I’m stairwell...
[GAMING/GAM] | YouTube  | [Normal]     | 94%    |    9.8ms | Bed Mark...
[ENTERTAINM] | YouTube  | [Normal]     | 95%    |    7.7ms | noob lol...
[GAMING/GAM] | YouTube  | [Normal]     | 97%    |    8.5ms | markiplier...
[GAMING/GAM] | YouTube  | [Normal]     | 94%    |   11.6ms | Man on the dock?...
[MUSIC/CHIL] | YouTube  | [Normal]     | 98%    |   11.7ms | Dream vanakam:pillow-turquoise-hot-choco...
[ENTERTAINM] | YouTube  | [Normal]     | 88%    |    9.1ms | Your last concept are really cool ex on ...
[ENTERTAINM] | YouTube  | [Normal]     | 94%    |   16.0ms | Hi...
[GAMING/GAM] | YouTube  | [Normal]     | 88%    |   15.1ms | The door...
[GAMING/GAM] | YouTube  | [Normal]     | 97%    |   17.4ms | INTERIOR LANTERN MOVEMENT...
[GAMING/SUR] | YouTube  | [Normal]     | 97%    |   20.7ms | NGL I might play the dino game before I ...
[ENTERTAINM] | YouTube  | [Normal]     | 96%    |   22.8ms | I want money...
[GAMING/SUR] | YouTube  | [Normal]     | 80%    |   19.0ms | he needs to be rebagged...
[GAMING/GAM] | YouTube  | [Normal]     | 95%    |   15.5ms | Was the bottle always standing up? In th...
[ENTERTAINM] | YouTube  | [Normal]     | 98%    |   26.5ms | rajasthan:face-blue-smiling::face-blue-s...
[GAMING/SUR] | YouTube  | [Normal]     | 75%    |   10.0ms | is he not allowed to use guns though is ...
[GAMING/GAM] | YouTube  | [Normal]     | 94%    |    9.0ms | lanternnnn in interirorrrr...
[ENTERTAINM] | YouTube  | [Normal]     | 95%    |    8.0ms | hello...
[PSYCHOLOGY] | YouTube  | [Normal]     | 95%    |    7.0ms | EVERY REDDITOR...
[SELF-HELP/] | YouTube  | [Normal]     | 97%    |    7.0ms | Can I share this live or save it for lat...
[GAMING/GAM] | YouTube  | [Normal]     | 95%    |   10.6ms | RAILING MOVED...
[ENTERTAINM] | YouTube  | [Normal]     | 93%    |   22.2ms | l...
[GAMING/SUR] | YouTube  | [Normal]     | 96%    |   15.0ms | Wait for welyn...
[GAMING/GAM] | YouTube  | [Normal]     | 97%    |   14.0ms | 5 gallon bucket?...
[GAMING/SUR] | YouTube  | [Normal]     | 90%    |   14.7ms | No  that’s only solar...
[ENTERTAINM] | YouTube  | [Normal]     | 94%    |   14.4ms | 1...
[GAMING/GAM] | YouTube  | [Normal]     | 94%    |   14.6ms | FOG...
[GAMING/GAM] | YouTube  | [Normal]     | 93%    |   22.1ms | Just got back from the theater. Iron Lun...
[ENTERTAINM] | YouTube  | [Normal]     | 94%    |   10.8ms | 1...
[GAMING/GAM] | YouTube  | [Normal]     | 93%    |    7.0ms | Yes...
[GAMING/SUR] | YouTube  | [Normal]     | 87%    |    8.5ms | no...
[GAMING/GAM] | YouTube  | [Normal]     | 93%    |   14.5ms | HEY MARK ME AND MY GIRLFRIEND LOVE YOU S...
[ENTERTAINM] | YouTube  | [Normal]     | 92%    |   11.0ms | 1one...
[GAMING/SUR] | YouTube  | [Normal]     | 87%    |    8.5ms | no...
[GAMING/GAM] | YouTube  | [Normal]     | 93%    |    8.7ms | bedroom camera missing...
[GAMING/SUR] | YouTube  | [Normal]     | 79%    |   13.0ms | LET THE PRO DO IT...
[GAMING/GAM] | YouTube  | [Normal]     | 66%    |   18.0ms | YOUR CUPBOARD DOOR MIRK...
[ENTERTAINM] | YouTube  | [Normal]     | 94%    |    8.0ms | 2...
[ENTERTAINM] | YouTube  | [Normal]     | 52%    |   25.6ms | HAPPY FOR YOU :face-fuchsia-wide-eyes::f...
[GAMING/SUR] | YouTube  | [Normal]     | 96%    |    8.0ms | WAIT FOR WELYN...
[GAMING/SUR] | YouTube  | [Normal]     | 86%    |    9.6ms | Higher but...
[ENTERTAINM] | YouTube  | [Normal]     | 93%    |   12.0ms | Yes...
[ENTERTAINM] | YouTube  | [Normal]     | 97%    |   15.0ms | :heart_suit::heart_suit:...
[GAMING/GAM] | YouTube  | [Normal]     | 96%    |   14.1ms | Hold on have u been live for ahhhhh...
[GAMING/SUR] | YouTube  | [Normal]     | 84%    |   12.0ms | build it up...
[ENTERTAINM] | YouTube  | [Normal]     | 94%    |   15.1ms | 6...
[GAMING/SUR] | YouTube  | [Normal]     | 83%    |   16.1ms | Just wait...
[GAMING/SUR] | YouTube  | [Normal]     | 90%    |    9.8ms | wait...
[GAMING/SUR] | YouTube  | [Normal]     | 95%    |    9.0ms | ASKIN WEYLYN...
[ENTERTAINM] | YouTube  | [Normal]     | 96%    |    7.5ms | love u from Bangladesh...
[GAMING/GAM] | YouTube  | [Normal]     | 86%    |   10.0ms | intruder...
[GAMING/GAM] | YouTube  | [Normal]     | 87%    |   13.5ms | MARK YOUR LIVE DURING THE DAY HERE!!! YA...
[ENTERTAINM] | YouTube  | [Normal]     | 97%    |   15.0ms | nikooo???...
[GAMING/GAM] | YouTube  | [Normal]     | 94%    |    7.6ms | Rip...
[ENTERTAINM] | YouTube  | [Normal]     | 94%    |   11.5ms | Venezuela...
[GAMING/GAM] | YouTube  | [Normal]     | 93%    |   10.0ms | n00b hahaha...
[GAMING/GAM] | YouTube  | [Normal]     | 95%    |   10.9ms | oh hi Mark...
[GAMING/GAM] | YouTube  | [Normal]     | 90%    |    9.0ms | You nearly did it...
[GAMING/GAM] | YouTube  | [Normal]     | 91%    |   12.0ms | Noob...
[GAMING/GAM] | YouTube  | [Normal]     | 94%    |   11.0ms | his ego has consumed him...
[ENTERTAINM] | YouTube  | [Normal]     | 98%    |   11.0ms | I am big fan of your channel. I am from ...
[GAMING/GAM] | YouTube  | [Normal]     | 94%    |   10.1ms | ur my fav noob <3...
[ENTERTAINM] | YouTube  | [Normal]     | 95%    |    8.0ms | Beluga is in the chat...
[MUSIC/CHIL] | YouTube  | [Normal]     | 97%    |    9.0ms | :person-turquoise-writing-headphones::pe...
[GAMING/SUR] | YouTube  | [Normal]     | 87%    |    6.0ms | lets go...
[GAMING/GAM] | YouTube  | [Normal]     | 90%    |    6.0ms | We are the obversers  clearly....
[GAMING/SUR] | YouTube  | [Normal]     | 83%    |    9.0ms | Welyn too nice...
[GAMING/GAM] | YouTube  | [Normal]     | 95%    |   21.2ms | lmao i did notice that when i made the l...
[GAMING/GAM] | YouTube  | [Normal]     | 96%    |   13.7ms | see exactly lol...
[GAMING/GAM] | YouTube  | [Normal]     | 91%    |   18.0ms | Hahahah...
[MUSIC/CHIL] | YouTube  | [Normal]     | 97%    |   20.6ms | new job vacancy :face_with_hand_over_mou...
[GAMING/SUR] | YouTube  | [Normal]     | 95%    |   14.5ms | positive guy he is Welyb...
[ENTERTAINM] | YouTube  | [Normal]     | 96%    |    8.0ms | :folded_hands:...
[GAMING/GAM] | YouTube  | [Normal]     | 92%    |   10.1ms | camera malfunction in keeper cabin...
[ENTERTAINM] | YouTube  | [Normal]     | 97%    |   11.4ms | @Mrbeast your big fan please give me an ...
[ENTERTAINM] | YouTube  | [Normal]     | 97%    |    7.0ms | hallo...
[GAMING/GAM] | YouTube  | [Normal]     | 64%    |    8.3ms | Obversate better!...
[GAMING/SUR] | YouTube  | [Normal]     | 73%    |   14.1ms | this is what i mean.... peanut is the wo...
[ENTERTAINM] | YouTube  | [Normal]     | 98%    |   19.0ms | :red_heart::red_heart::red_heart::red_he...
[PSYCHOLOGY] | YouTube  | [Normal]     | 96%    |    9.0ms | I would've been a nun...
[PSYCHOLOGY] | YouTube  | [Normal]     | 87%    |    8.1ms | thinking you're getting canceled about u...
[ENTERTAINM] | YouTube  | [Normal]     | 96%    |   14.1ms | congratulations :party_popper::clapping_...
[GAMING/GAM] | YouTube  | [Normal]     | 91%    |   10.0ms | PERSON...
[GAMING/GAM] | YouTube  | [Normal]     | 96%    |   13.5ms | YEAAAAAHAHAHH...
[GAMING/GAM] | YouTube  | [Normal]     | 95%    |   11.0ms | YAY...
[GAMING/GAM] | YouTube  | [Normal]     | 45%    |   17.5ms | YIPPEEE...
[MUSIC/CHIL] | YouTube  | [Normal]     | 96%    |   15.0ms | @kavya-c9c1j ap kab kroge mooh dikhai...
[ENTERTAINM] | YouTube  | [Normal]     | 97%    |    7.5ms | I watched then and would totally watch t...
[GAMING/GAM] | YouTube  | [Normal]     | 94%    |    9.1ms | woot...
[ENTERTAINM] | YouTube  | [Normal]     | 98%    |   26.5ms | :text-yellow-goal::text-yellow-goal::tex...
[ENTERTAINM] | YouTube  | [Normal]     | 96%    |    8.1ms | oi...
[GAMING/GAM] | YouTube  | [Normal]     | 94%    |   12.0ms | OMFGGGG OBSERVATION DUTY?!?!?!?!...
[GAMING/GAM] | YouTube  | [Normal]     | 96%    |   10.0ms | mark does know that nothing appears unti...
[GAMING/GAM] | YouTube  | [Normal]     | 96%    |   12.0ms | what about mii side??...
[GAMING/GAM] | YouTube  | [Normal]     | 86%    |   10.6ms | THERES A PERSONNNNN...
[GAMING/GAM] | YouTube  | [Normal]     | 72%    |    7.0ms | are you gonna play the new resident evil...
[ENTERTAINM] | YouTube  | [Normal]     | 97%    |    8.0ms | :red_heart::red_heart:...
[ENTERTAINM] | YouTube  | [Normal]     | 96%    |   13.5ms | кто из русских...
[GAMING/GAM] | YouTube  | [Normal]     | 88%    |   14.0ms | mark behind you...
[GAMING/GAM] | YouTube  | [Normal]     | 91%    |   17.7ms | IRON MY LUNG MARK...
[ENTERTAINM] | YouTube  | [Normal]     | 95%    |   16.0ms | 67...
[ENTERTAINM] | YouTube  | [Normal]     | 93%    |   10.6ms | Hello Mr Beast...
[GAMING/GAM] | YouTube  | [Normal]     | 92%    |   10.0ms | WOOD FELL IN QUARTERS...
[MUSIC/CHIL] | YouTube  | [Normal]     | 95%    |   18.2ms | m bhi nhi krungi kbhi...
[GAMING/SUR] | YouTube  | [Normal]     | 96%    |   16.8ms | LMFAO...
[GAMING/SUR] | YouTube  | [Normal]     | 86%    |   13.0ms | oh nbooo...
[ENTERTAINM] | YouTube  | [Normal]     | 95%    |    8.0ms | hiiii...
[GAMING/GAM] | YouTube  | [Normal]     | 97%    |    8.6ms | 2 pipes next to each other in interior...
[GAMING/GAM] | YouTube  | [Normal]     | 98%    |   14.0ms | :face-blue-wide-eyes::face-blue-wide-eye...
[GAMING/GAM] | YouTube  | [Normal]     | 96%    |   14.3ms | its mark!!!...
[GAMING/GAM] | YouTube  | [Normal]     | 93%    |   12.0ms | IMSCARED...
[GAMING/SUR] | YouTube  | [Normal]     | 71%    |   15.6ms | It’s going to destroy your whole base...
[GAMING/GAM] | YouTube  | [Normal]     | 95%    |   11.0ms | you missed one...
[GAMING/GAM] | YouTube  | [Normal]     | 97%    |   16.4ms | did the oil lantern on the dresser at th...
[ENTERTAINM] | YouTube  | [Normal]     | 97%    |   20.4ms | Can I have a dollar?...
[ENTERTAINM] | YouTube  | [Normal]     | 94%    |   16.0ms | Minecraft...
[GAMING/GAM] | YouTube  | [Normal]     | 96%    |    8.2ms | WOOD ON FLOOR...
[ENTERTAINM] | YouTube  | [Normal]     | 94%    |    7.7ms | Now I remember it...
[MUSIC/CHIL] | YouTube  | [Normal]     | 91%    |    8.0ms | emkdhule...
[GAMING/GAM] | YouTube  | [Normal]     | 95%    |    8.6ms | 03o eyes peeled...
[ENTERTAINM] | YouTube  | [Normal]     | 97%    |   10.4ms | I'm playing Minecraft :beaming_face_with...
[ENTERTAINM] | YouTube  | [Normal]     | 96%    |   12.1ms | Hi  hi MrBeast  I am from Pakistan...
[ENTERTAINM] | YouTube  | [Normal]     | 98%    |   32.0ms | :hand-pink-waving::hand-pink-waving::han...
[GAMING/GAM] | YouTube  | [Normal]     | 95%    |    9.6ms | Why is the door open?...
[SELF-HELP/] | YouTube  | [Normal]     | 96%    |   13.5ms | 1 v Universe...
[GAMING/GAM] | YouTube  | [Normal]     | 78%    |   18.0ms | seeing is for the weak...
[ENTERTAINM] | YouTube  | [Normal]     | 95%    |   13.1ms | pin...
[ENTERTAINM] | YouTube  | [Normal]     | 95%    |   15.2ms | bro please say my name...
[GAMING/GAM] | YouTube  | [Normal]     | 95%    |   11.5ms | Was there something on the bed?...
[ENTERTAINM] | YouTube  | [Normal]     | 95%    |   10.5ms | please do something special on 500M subs...
[GAMING/GAM] | YouTube  | [Normal]     | 85%    |    8.2ms | SLIME IN THE ICE MACHINE...
[MUSIC/CHIL] | YouTube  | [HATE]       | 58%    |    7.0ms | Raggy how are u :clinking_glasses::backh...
[GAMING/GAM] | YouTube  | [Normal]     | 91%    |    8.0ms | ah yes  thats why we stopped the floodin...
[GAMING/GAM] | YouTube  | [Normal]     | 97%    |    7.0ms | i really like the new map designs...
[ENTERTAINM] | YouTube  | [Normal]     | 88%    |   13.5ms | nice :thumbs_up:...
[GAMING/GAM] | YouTube  | [Normal]     | 95%    |   15.0ms | it looks cool...
[ENTERTAINM] | YouTube  | [Normal]     | 97%    |   22.1ms | MrBeast  congrats on 500 million! As you...
[ENTERTAINM] | YouTube  | [Normal]     | 95%    |   13.7ms | been subscribes since mr beast had 30m s...
[MUSIC/CHIL] | YouTube  | [Normal]     | 98%    |   16.0ms | prasa :comet::small_blue_diamond:I'm fin...
[GAMING/GAM] | YouTube  | [Normal]     | 96%    |   17.1ms | hey mark! this is my first time catching...
[GAMING/GAM] | YouTube  | [Normal]     | 96%    |   19.1ms | @markiplier Congrats on the film man!!! ...
[GAMING/GAM] | YouTube  | [Normal]     | 91%    |   10.0ms | You’re so cool...
[GAMING/SUR] | YouTube  | [Normal]     | 89%    |    8.5ms | Consider Yourselves LUCKY...
[ENTERTAINM] | YouTube  | [Normal]     | 94%    |   14.0ms | hi Mr beast...
[ENTERTAINM] | YouTube  | [Normal]     | 96%    |   15.5ms | please give my dream phone iphone 17 Pro...
[ENTERTAINM] | YouTube  | [Normal]     | 96%    |   15.0ms | :)...
[GAMING/GAM] | YouTube  | [Normal]     | 95%    |   18.6ms | I see iron lung on Thursday January 29th...
[GAMING/GAM] | YouTube  | [Normal]     | 86%    |   13.5ms | THE FLOOR IS MISSING...
[GAMING/GAM] | YouTube  | [Normal]     | 92%    |   12.0ms | THE HANDLE IN THE INTERIOR...
[ENTERTAINM] | YouTube  | [Normal]     | 98%    |   13.8ms | help me my dream complete jimmy my dream...
[MUSIC/CHIL] | YouTube  | [Normal]     | 97%    |   10.5ms | :peach::smiling_face_with_halo::rose::al...
[GAMING/SUR] | YouTube  | [Normal]     | 96%    |    7.0ms | lol...
[GAMING/SUR] | YouTube  | [Normal]     | 92%    |    9.0ms | SHOW THE BASE...
[SELF-HELP/] | YouTube  | [Normal]     | 89%    |   11.0ms | omg dr k likes us...
[GAMING/SUR] | YouTube  | [Normal]     | 96%    |   18.1ms | M2 and ak for heli brother...
[GAMING/GAM] | YouTube  | [Normal]     | 91%    |   15.0ms | What’s under the bed??...
[GAMING/GAM] | YouTube  | [Normal]     | 96%    |   14.1ms | the second bottle is missing in the pier...
[PSYCHOLOGY] | YouTube  | [Normal]     | 66%    |   10.0ms | wasent their problem before femenism . i...
[GAMING/GAM] | YouTube  | [Normal]     | 97%    |   10.0ms | Mark looks so cool doing his lifeguard t...
[ENTERTAINM] | YouTube  | [Normal]     | 87%    |    7.6ms | heeeee...
[GAMING/GAM] | YouTube  | [Normal]     | 96%    |   13.0ms | Were the logs always on the floor?...
[ENTERTAINM] | YouTube  | [Normal]     | 98%    |   15.7ms | :hand-pink-waving::face-blue-smiling::fa...
[MUSIC/CHIL] | YouTube  | [Normal]     | 96%    |    9.0ms | emo vastadi repu ga puttey di ela vastdi...
[ENTERTAINM] | YouTube  | [Normal]     | 88%    |   11.4ms | if I could I would subscribe again :loud...
[ENTERTAINM] | YouTube  | [Normal]     | 94%    |    7.9ms | big fan of your...
[GAMING/GAM] | YouTube  | [Normal]     | 97%    |   14.4ms | Hey mark! I’m currently in the parking l...
[ENTERTAINM] | YouTube  | [Normal]     | 97%    |   10.6ms | я Армения живу в Абхазии:heart_suit::hea...
[ENTERTAINM] | YouTube  | [Normal]     | 94%    |   18.8ms | ishowspeed...
[ENTERTAINM] | YouTube  | [Normal]     | 93%    |   13.0ms | ДА...
[GAMING/GAM] | YouTube  | [Normal]     | 96%    |   11.5ms | Helloo!!!...
[GAMING/GAM] | YouTube  | [Normal]     | 63%    |   14.0ms | Le little mousetrap they say...
[ENTERTAINM] | YouTube  | [Normal]     | 70%    |   11.5ms | what is that Mr bean...
[ENTERTAINM] | YouTube  | [Normal]     | 74%    |   15.1ms | congratulation mr beast from Bangladesh...
[GAMING/GAM] | YouTube  | [OFFENSIVE]  | 82%    |   18.4ms | "I PISS IN THE YARD"...
[ENTERTAINM] | YouTube  | [Normal]     | 89%    |   11.1ms | Casey is og...
[ENTERTAINM] | YouTube  | [Normal]     | 96%    |   13.0ms | New member...
[GAMING/GAM] | YouTube  | [Normal]     | 96%    |   13.2ms | Stool  top of light house?...
[ENTERTAINM] | YouTube  | [Normal]     | 93%    |   11.1ms | gg...
[ENTERTAINM] | YouTube  | [Normal]     | 94%    |    9.4ms | hi...
[PSYCHOLOGY] | YouTube  | [Normal]     | 84%    |    9.5ms | don't have kids  anti-natalism....
[ENTERTAINM] | YouTube  | [Normal]     | 96%    |    9.5ms | tnx...
[ENTERTAINM] | YouTube  | [Normal]     | 94%    |    8.0ms | hi...
[GAMING/GAM] | YouTube  | [Normal]     | 97%    |   14.5ms | The lantern moved in the interior...
[GAMING/GAM] | YouTube  | [Normal]     | 93%    |    8.1ms | what is it like being back here playing ...
[MUSIC/CHIL] | YouTube  | [HATE]       | 84%    |    8.5ms | Raggy buy her a Barista machine...
[GAMING/GAM] | YouTube  | [Normal]     | 94%    |   11.5ms | room anomaly in middle of stairwell agai...
[ENTERTAINM] | YouTube  | [Normal]     | 97%    |   25.7ms | Translate my message. Здравствуйте я из ...
[GAMING/GAM] | YouTube  | [Normal]     | 97%    |   15.2ms | in before Markiplier nails this level...
[GAMING/SUR] | YouTube  | [Normal]     | 80%    |   14.6ms | Leroy Jenkins them...
[SELF-HELP/] | YouTube  | [Normal]     | 90%    |   13.5ms | Hey there! how are you. I have a questio...
[SPORTS/FOO] | YouTube  | [Normal]     | 96%    |   11.0ms | 일본 월요일 네덜란드랑 첫경기인걸로 아는데...
[GAMING/GAM] | YouTube  | [OFFENSIVE]  | 87%    |   11.4ms | How the fuck does he keep up with chat?...
[GAMING/GAM] | YouTube  | [Normal]     | 93%    |   13.8ms | circuit breaker!!!!...
[GAMING/GAM] | YouTube  | [Normal]     | 88%    |   11.2ms | I love observation duty but does anyone ...
[GAMING/GAM] | YouTube  | [Normal]     | 96%    |   13.6ms | fuse boxxx...
[GAMING/GAM] | YouTube  | [Normal]     | 97%    |    9.7ms | light anomoly in the lantern room...
[ENTERTAINM] | YouTube  | [Normal]     | 96%    |    7.0ms | :registered:...
[ENTERTAINM] | YouTube  | [Normal]     | 96%    |    8.0ms | Every one knows youuu:smiling_face_with_...
[ENTERTAINM] | YouTube  | [Normal]     | 96%    |    9.9ms | New member...
[ENTERTAINM] | YouTube  | [Normal]     | 94%    |    7.0ms | Hi...
[ENTERTAINM] | YouTube  | [Normal]     | 98%    |    6.5ms | :hand-pink-waving::hand-pink-waving::han...
[ENTERTAINM] | YouTube  | [Normal]     | 94%    |   10.9ms | Mr...
[ENTERTAINM] | YouTube  | [Normal]     | 95%    |   11.0ms | hii...
[GAMING/GAM] | YouTube  | [Normal]     | 96%    |   11.5ms | Pier background...
[ENTERTAINM] | YouTube  | [Normal]     | 98%    |   29.4ms | :cat-orange-whistling::cat-orange-whistl...
[GAMING/GAM] | YouTube  | [Normal]     | 94%    |    6.0ms | ITS BIG BRAIN TIME...
[ENTERTAINM] | YouTube  | [Normal]     | 98%    |   10.0ms | :hand-pink-waving::hand-pink-waving::han...
[GAMING/GAM] | YouTube  | [Normal]     | 96%    |    9.2ms | I’ve been distracted on instagram reels ...
[GAMING/GAM] | YouTube  | [Normal]     | 93%    |    7.0ms | nah mark i saw it too...
[ENTERTAINM] | YouTube  | [Normal]     | 96%    |    8.0ms | New member...
[GAMING/GAM] | YouTube  | [Normal]     | 97%    |    6.0ms | FUSE BOX in the Interior!!...
[GAMING/GAM] | YouTube  | [Normal]     | 95%    |    6.0ms | LIGHT...
[GAMING/GAM] | YouTube  | [Normal]     | 98%    |   18.5ms | :face-orange-biting-nails::face-orange-b...
[GAMING/GAM] | YouTube  | [Normal]     | 93%    |   15.0ms | WOOD...
[ENTERTAINM] | YouTube  | [Normal]     | 96%    |   11.1ms | New member...
[ENTERTAINM] | YouTube  | [Normal]     | 91%    |    7.6ms | Caseoh...
[PSYCHOLOGY] | YouTube  | [Normal]     | 92%    |   13.0ms | @SivTheScribe DO YOU REMEMBER ME...
[ENTERTAINM] | YouTube  | [Normal]     | 95%    |   21.0ms | kasimofficial94...
[ENTERTAINM] | YouTube  | [Normal]     | 95%    |   17.0ms | hello...
[ENTERTAINM] | YouTube  | [Normal]     | 96%    |   13.1ms | indiaaaa...
[MUSIC/CHIL] | YouTube  | [Normal]     | 97%    |   22.9ms | Some doctors here are guys with girls ac...
[GAMING/SUR] | YouTube  | [Normal]     | 94%    |   10.0ms | GAME NAME IS: DILLON DANIS IS NOT IN THE...
[NEWS/LIVE ] | YouTube  | [OFFENSIVE]  | 44%    |   11.5ms | You are a racist Oatmeal Toes...
[GAMING/GAM] | YouTube  | [Normal]     | 96%    |   13.7ms | mark pls...
[MUSIC/CHIL] | YouTube  | [Normal]     | 97%    |   13.2ms | Altair pedarast:smiling_face_with_tear:...
[ENTERTAINM] | YouTube  | [Normal]     | 96%    |    8.0ms | From Nepal...
[ENTERTAINM] | YouTube  | [Normal]     | 95%    |   18.0ms | shout out jimmy from Mindanao Philippine...
[GAMING/GAM] | YouTube  | [Normal]     | 96%    |   20.5ms | Mark  the FUSE BOX isn't supposed to be ...
[GAMING/SUR] | YouTube  | [Normal]     | 97%    |   13.5ms | oil...
[GAMING/SUR] | YouTube  | [Normal]     | 93%    |   10.0ms | Build...
[GAMING/SUR] | YouTube  | [Normal]     | 95%    |   11.5ms | TURRETS...
[PSYCHOLOGY] | YouTube  | [Normal]     | 91%    |   13.0ms | Gotta have a side piece...
[ENTERTAINM] | YouTube  | [Normal]     | 94%    |   12.5ms | 1...
[ENTERTAINM] | YouTube  | [Normal]     | 94%    |   13.0ms | 1...
[GAMING/SUR] | YouTube  | [Normal]     | 90%    |   10.1ms | Stay home...
[SELF-HELP/] | YouTube  | [Normal]     | 93%    |   14.5ms | DR K!!!!...
[GAMING/GAM] | YouTube  | [Normal]     | 93%    |   19.0ms | I saw it too when I played  it just happ...
[GAMING/GAM] | YouTube  | [Normal]     | 93%    |   12.7ms | YEEEE...
[GAMING/SUR] | YouTube  | [Normal]     | 67%    |   17.1ms | Rust is so lame...
[GAMING/GAM] | YouTube  | [Normal]     | 97%    |   17.3ms | Welcome New Member!...
[ENTERTAINM] | YouTube  | [Normal]     | 94%    |   14.0ms | 1...
[GAMING/SUR] | YouTube  | [Normal]     | 95%    |   14.6ms | turrets...
[MUSIC/CHIL] | YouTube  | [Normal]     | 97%    |   13.0ms | exit:smiling_face_with_tear:...
[ENTERTAINM] | YouTube  | [Normal]     | 96%    |   12.0ms | New member...
[GAMING/GAM] | YouTube  | [Normal]     | 96%    |   14.6ms | theres and extra symbol on the barrels!...
[GAMING/SUR] | YouTube  | [Normal]     | 94%    |   15.0ms | just let welyn do it...
[ENTERTAINM] | YouTube  | [Normal]     | 94%    |   18.1ms | 1...
[GAMING/SUR] | YouTube  | [Normal]     | 93%    |   15.0ms | need gun and ammo...
[ENTERTAINM] | YouTube  | [Normal]     | 94%    |    7.0ms | 1...
[GAMING/SUR] | YouTube  | [Normal]     | 87%    |   10.4ms | you've got plenty of loot for now  prepa...
[ENTERTAINM] | YouTube  | [Normal]     | 94%    |   11.0ms | Indonesia...
[GAMING/GAM] | YouTube  | [Normal]     | 89%    |   12.0ms | Yoooo...
[GAMING/GAM] | YouTube  | [Normal]     | 95%    |   14.0ms | can someone tell Mark that in the baseme...
[ENTERTAINM] | YouTube  | [Normal]     | 97%    |   22.5ms | :beaming_face_with_smiling_eyes:...
[GAMING/ESP] | YouTube  | [Normal]     | 97%    |   20.0ms | Lgd will ve a new king in dota 2!!...
[GAMING/SUR] | YouTube  | [Normal]     | 97%    |   21.0ms | Windmill gone?...
[PSYCHOLOGY] | YouTube  | [Normal]     | 78%    |   15.8ms | No way...
[ENTERTAINM] | YouTube  | [Normal]     | 93%    |   13.1ms | Lo...
[ENTERTAINM] | YouTube  | [Normal]     | 94%    |   15.0ms | MR BEAST GIVE ME 1$...
[GAMING/GAM] | YouTube  | [Normal]     | 79%    |   11.0ms | my eyes are hurting...
[PSYCHOLOGY] | YouTube  | [Normal]     | 95%    |   13.0ms | kitna bolega dr...
[GAMING/GAM] | YouTube  | [Normal]     | 96%    |   16.6ms | you have such good vibes!...
[GAMING/GAM] | YouTube  | [Normal]     | 92%    |    8.0ms | ROPE IS LOWER IN INTERIOR...
[ENTERTAINM] | YouTube  | [Normal]     | 97%    |   14.1ms | Hello :waving_hand: Mr. Beast...
[GAMING/GAM] | YouTube  | [Normal]     | 97%    |    9.6ms | lighthouse poster always there?...
[ENTERTAINM] | YouTube  | [Normal]     | 94%    |   11.0ms | hi...
[GAMING/SUR] | YouTube  | [Normal]     | 92%    |    8.1ms | u got the bp...
[GAMING/GAM] | YouTube  | [Normal]     | 96%    |   10.0ms | Fuse box is open...
[GAMING/GAM] | YouTube  | [Normal]     | 94%    |   11.6ms | extra barrel?...
[GAMING/GAM] | YouTube  | [Normal]     | 92%    |   15.1ms | interior lamp on the dresser is off...
[GAMING/GAM] | YouTube  | [Normal]     | 97%    |   13.4ms | mark what did I miss...
[MUSIC/CHIL] | YouTube  | [Normal]     | 95%    |   11.3ms | Now I wanna real beautiful girl like urs...
[MUSIC/CHIL] | YouTube  | [Normal]     | 93%    |   27.0ms | :person-blue-wheelchair-race:...
[GAMING/GAM] | YouTube  | [Normal]     | 94%    |   18.7ms | frozen window at cabin...
[GAMING/GAM] | YouTube  | [Normal]     | 98%    |   16.4ms | Is the little red oil can on the pier su...
[GAMING/GAM] | YouTube  | [Normal]     | 94%    |   21.9ms | there's a cloth missing from right next ...
[GAMING/GAM] | YouTube  | [Normal]     | 97%    |   13.7ms | I love this game...
[GAMING/GAM] | YouTube  | [Normal]     | 96%    |    7.1ms | lol...
[GAMING/GAM] | YouTube  | [Normal]     | 96%    |   14.2ms | lol...
[GAMING/GAM] | YouTube  | [Normal]     | 94%    |   10.0ms | It was my first time going to the movies...
[ENTERTAINM] | YouTube  | [Normal]     | 96%    |    9.9ms | LAST 100k!!!!!...
[GAMING/GAM] | YouTube  | [Normal]     | 97%    |   18.4ms | Extra bottle in the pier MARK PLEASE...
[SELF-HELP/] | YouTube  | [Normal]     | 71%    |   24.2ms | what's the healthy alternative to using ...
[GAMING/GAM] | YouTube  | [Normal]     | 96%    |   19.1ms | STAIRWELL RAILING MOVED...
[GAMING/GAM] | YouTube  | [Normal]     | 96%    |   19.4ms | fuse box has always been open...
[ENTERTAINM] | YouTube  | [Normal]     | 95%    |   12.5ms | wow...
[ENTERTAINM] | YouTube  | [Normal]     | 94%    |    7.0ms | Hi...
[SPORTS/FOO] | YouTube  | [Normal]     | 96%    |    8.8ms | hadir...
[GAMING/GAM] | YouTube  | [Normal]     | 97%    |   14.1ms | SRRY IM LATE I COULVE JOINED EARLIER BUT...
[GAMING/GAM] | YouTube  | [Normal]     | 95%    |   10.1ms | I think there’s extra ropes hanging inte...
[GAMING/GAM] | YouTube  | [Normal]     | 96%    |   11.6ms | THERE WAS...
[GAMING/GAM] | YouTube  | [Normal]     | 96%    |   10.6ms | stairwell pillar...
[GAMING/GAM] | YouTube  | [Normal]     | 96%    |   10.0ms | LIGHT IN THE YARD...
[ENTERTAINM] | YouTube  | [Normal]     | 98%    |   33.6ms | :face-blue-smiling::face-blue-smiling::f...
[ENTERTAINM] | YouTube  | [Normal]     | 96%    |    7.0ms | New member...
[GAMING/GAM] | YouTube  | [Normal]     | 97%    |   15.5ms | Railing behind ropes on the stairwell ca...
[GAMING/GAM] | YouTube  | [Normal]     | 94%    |   17.5ms | My goldfish brain could not...
[ENTERTAINM] | YouTube  | [Normal]     | 95%    |   12.5ms | I am carryminati...
[GAMING/GAM] | YouTube  | [Normal]     | 92%    |   11.0ms | WHAT WAS THAT...
[GAMING/GAM] | YouTube  | [Normal]     | 92%    |    8.0ms | Iron lung in Egypt??...
[ENTERTAINM] | YouTube  | [Normal]     | 95%    |    8.5ms | HIIII...
[GAMING/GAM] | YouTube  | [Normal]     | 97%    |    9.0ms | Did the bucket at the top left on the li...
[ENTERTAINM] | YouTube  | [Normal]     | 96%    |   12.0ms | yes.............
[ENTERTAINM] | YouTube  | [Normal]     | 96%    |   17.0ms | New member...
[GAMING/GAM] | YouTube  | [Normal]     | 97%    |   19.5ms | the pillar is spinning :loudly_crying_fa...
[ENTERTAINM] | YouTube  | [Normal]     | 96%    |   11.4ms | :red_heart:...
[GAMING/GAM] | YouTube  | [Normal]     | 91%    |   14.0ms | ooooh...
[ENTERTAINM] | YouTube  | [Normal]     | 89%    |    9.3ms | do you know Indonesia...
[ENTERTAINM] | YouTube  | [Normal]     | 95%    |    9.0ms | Bangladesh Please...
[MUSIC/CHIL] | YouTube  | [Normal]     | 97%    |    9.0ms | andrej bro hru:grinning_face_with_sweat:...
[GAMING/GAM] | YouTube  | [Normal]     | 49%    |   10.2ms | like a creature from Courage the Cowardl...
[ENTERTAINM] | YouTube  | [Normal]     | 95%    |    8.0ms | hello...
[MUSIC/CHIL] | YouTube  | [Normal]     | 98%    |   12.0ms | Tera chehra jb nazar aaye:face-turquoise...
[PSYCHOLOGY] | YouTube  | [Normal]     | 49%    |    9.0ms | i can thank my covert  communal  maligna...
[ENTERTAINM] | YouTube  | [Normal]     | 96%    |   15.2ms | :yt::yt::yt::yt::yt::yt::yt::yt::yt::yt:...
[ENTERTAINM] | YouTube  | [Normal]     | 97%    |    8.0ms | love from Pakistan...
[GAMING/GAM] | YouTube  | [Normal]     | 97%    |   18.6ms | the stairwell railing switched sides mar...
[GAMING/GAM] | YouTube  | [Normal]     | 98%    |   28.1ms | I miss Bob. Play a game with Bob!...
[SELF-HELP/] | YouTube  | [Normal]     | 90%    |   12.0ms | Jesus...
[GAMING/SUR] | YouTube  | [Normal]     | 55%    |   21.8ms | fix the base and go raid theirs take you...
[ENTERTAINM] | YouTube  | [Normal]     | 96%    |   19.1ms | mister best please give me gaming pc...
[GAMING/GAM] | YouTube  | [Normal]     | 95%    |   18.0ms | it moved...
[GAMING/GAM] | YouTube  | [Normal]     | 97%    |   11.7ms | 3 ropes interior...
[GAMING/GAM] | YouTube  | [Normal]     | 96%    |   11.5ms | stairwell railing moved...
[ENTERTAINM] | YouTube  | [Normal]     | 97%    |    9.0ms | PUERTO RICO EN LA CASAAAAAAAAAAAAAAAAA...
[ENTERTAINM] | YouTube  | [Normal]     | 91%    |    9.1ms | Pakistan...
[GAMING/SUR] | YouTube  | [Normal]     | 92%    |    9.6ms | RIP Roe Jogan...
[ENTERTAINM] | YouTube  | [Normal]     | 98%    |   12.2ms | :hand-pink-waving::hand-pink-waving::han...
[ENTERTAINM] | YouTube  | [Normal]     | 93%    |   13.0ms | Дай 5 тыс пж...
[GAMING/GAM] | YouTube  | [Normal]     | 80%    |    9.7ms | TOP LEFT INTRUDER...
[GAMING/GAM] | YouTube  | [Normal]     | 96%    |   10.1ms | SPINNING PILLAR IN STAIRWELL...
[GAMING/GAM] | YouTube  | [Normal]     | 94%    |   14.8ms | MARK THAT WASNT THE STAIRWELL...
[PSYCHOLOGY] | YouTube  | [Normal]     | 94%    |    8.0ms | @MuslimaxonAxrorxojayeva yep! it will im...
[ENTERTAINM] | YouTube  | [OFFENSIVE]  | 79%    |   10.6ms | Letssssss goooo Canessss...
[SELF-HELP/] | YouTube  | [Normal]     | 68%    |   17.1ms | @HealthyGamerGG how to deal with miss in...
[ENTERTAINM] | YouTube  | [Normal]     | 97%    |   20.0ms | :finger-red-number-one::finger-red-numbe...
[GAMING/GAM] | YouTube  | [Normal]     | 97%    |   11.5ms | THE MIDDLE POLE...
[ENTERTAINM] | YouTube  | [Normal]     | 95%    |   18.6ms | bro come to bangladesh...
[GAMING/GAM] | YouTube  | [Normal]     | 93%    |   11.0ms | ON THE RIGHT...
[GAMING/SUR] | YouTube  | [Normal]     | 94%    |   17.5ms | What’s peanuts McDonald’s order...
[MUSIC/CHIL] | YouTube  | [Normal]     | 98%    |   19.6ms | :face-blue-wide-eyes::face-blue-wide-eye...
[GAMING/GAM] | YouTube  | [Normal]     | 97%    |   25.0ms | Dear penthouse forum  Mark finally read ...
[ENTERTAINM] | YouTube  | [Normal]     | 95%    |   16.0ms | UUUUUUUSSSSSSSAAAAAAAAA...
[SELF-HELP/] | YouTube  | [Normal]     | 96%    |    9.5ms | science!...
[GAMING/GAM] | YouTube  | [Normal]     | 91%    |    7.0ms | top left...
[GAMING/SUR] | YouTube  | [Normal]     | 94%    |    8.0ms | DILLON DANIS BANNED FROM UFC...
[ENTERTAINM] | YouTube  | [Normal]     | 94%    |   12.6ms | HELLOOOOʻ...
[GAMING/GAM] | YouTube  | [Normal]     | 95%    |   18.7ms | Congrats on Iron Lung's success Mark!! A...
[GAMING/GAM] | YouTube  | [Normal]     | 98%    |   10.6ms | text on the box in interior has changed...
[GAMING/GAM] | YouTube  | [Normal]     | 93%    |    9.0ms | Carpetttttttt...
[GAMING/GAM] | YouTube  | [Normal]     | 97%    |   11.5ms | Fuse box open interior...
[GAMING/GAM] | YouTube  | [Normal]     | 95%    |   11.0ms | BROKEN RAILING MOVED HIGHER...
[GAMING/GAM] | YouTube  | [Normal]     | 86%    |   25.7ms | I saw the picture above the bed glitch...
[ENTERTAINM] | YouTube  | [Normal]     | 93%    |   18.1ms | Hello mr beast...
[GAMING/GAM] | YouTube  | [Normal]     | 97%    |   13.9ms | artic TURN...
[GAMING/GAM] | YouTube  | [Normal]     | 96%    |   17.1ms | WASSUP MARK...
[MUSIC/CHIL] | YouTube  | [Normal]     | 95%    |   15.0ms | prasa i was not but some people make me ...
[ENTERTAINM] | YouTube  | [Normal]     | 97%    |   15.9ms | congratulations on 500 million subscribe...
[SELF-HELP/] | YouTube  | [Normal]     | 97%    |    9.9ms | I loved the sunshine room...
[ENTERTAINM] | YouTube  | [Normal]     | 93%    |   16.8ms | :elbowcough::elbowcough::elbowcough::elb...
[NEWS/LIVE ] | YouTube  | [Normal]     | 97%    |   15.7ms | JOEY NEEDS 12 ACCOUNTS TO BEAT MAGA!!:sq...
[GAMING/GAM] | YouTube  | [Normal]     | 86%    |   11.4ms | THE spiral staircase is ominous...
[MUSIC/CHIL] | YouTube  | [Normal]     | 96%    |   14.0ms | para la residencia después...
[PSYCHOLOGY] | YouTube  | [Normal]     | 93%    |   16.1ms | when are we supposed to remind dr k abou...
[ENTERTAINM] | YouTube  | [Normal]     | 95%    |   16.1ms | HELLO GUYS...
[ENTERTAINM] | YouTube  | [Normal]     | 93%    |   12.8ms | Can someone send me some money to build ...
[ENTERTAINM] | YouTube  | [Normal]     | 93%    |   14.6ms | Malawi...
[GAMING/GAM] | YouTube  | [Normal]     | 94%    |    8.0ms | T U R N...
[MUSIC/CHIL] | YouTube  | [Normal]     | 97%    |   11.8ms | asa ho gya hai:face-green-smiling:...
[GAMING/GAM] | YouTube  | [Normal]     | 97%    |   11.9ms | The railing moved in stairwell!...
[GAMING/GAM] | YouTube  | [Normal]     | 97%    |   12.5ms | fireplace?...
[ENTERTAINM] | YouTube  | [Normal]     | 94%    |   13.6ms | hi...
[GAMING/GAM] | YouTube  | [Normal]     | 46%    |   13.5ms | DING DONG DING DONG...
[ENTERTAINM] | YouTube  | [Normal]     | 94%    |   21.4ms | 500 đi để trả lại mess...
[GAMING/GAM] | YouTube  | [Normal]     | 96%    |   20.6ms | for whom does the bell now toll...
[GAMING/GAM] | YouTube  | [Normal]     | 96%    |   22.1ms | MAP INTERIOR...
[GAMING/GAM] | YouTube  | [Normal]     | 95%    |   21.6ms | a... what...
[ENTERTAINM] | YouTube  | [Normal]     | 91%    |   14.9ms | mr beast...
[SELF-HELP/] | YouTube  | [Normal]     | 91%    |   21.6ms | @blångoesaurr just put some ribbon on yo...
[GAMING/GAM] | YouTube  | [Normal]     | 95%    |   11.0ms | WATER BENEATH DOOR INTERIOR...
[ENTERTAINM] | YouTube  | [Normal]     | 96%    |   10.5ms | New member...
[GAMING/SUR] | YouTube  | [Normal]     | 97%    |    8.0ms | 1 aelective output 2 remaining output...
[ENTERTAINM] | YouTube  | [Normal]     | 94%    |    8.1ms | CONGRATS...
[PSYCHOLOGY] | YouTube  | [Normal]     | 94%    |   18.0ms | WOAH WOAH WOAH...
[ENTERTAINM] | YouTube  | [Normal]     | 96%    |   14.1ms | Hey  i wonder  which video was the first...
[GAMING/GAM] | YouTube  | [Normal]     | 91%    |   16.5ms | MARK THE GAS CAN MOVED IN THE YARD IM TE...
[GAMING/GAM] | YouTube  | [Normal]     | 95%    |   15.1ms | Looked perfect for Kayaking  not an anom...
[GAMING/GAM] | YouTube  | [Normal]     | 90%    |   11.5ms | the broken rail in the stairwell moved...
[GAMING/GAM] | YouTube  | [Normal]     | 95%    |   12.0ms | Lav mic recommendations anyone??...
[GAMING/GAM] | YouTube  | [Normal]     | 97%    |   12.0ms | red railing on the left moved up in stai...
[PSYCHOLOGY] | YouTube  | [Normal]     | 89%    |    9.4ms | shes so cool...
[GAMING/GAM] | YouTube  | [Normal]     | 96%    |   12.6ms | Stairwell. left side railing that's brok...
[ENTERTAINM] | YouTube  | [Normal]     | 94%    |    8.5ms | cod...
[GAMING/GAM] | YouTube  | [Normal]     | 96%    |    9.0ms | RAIL MOVED MARK...
[ENTERTAINM] | YouTube  | [Normal]     | 95%    |   10.0ms | hope...
[PSYCHOLOGY] | YouTube  | [Normal]     | 97%    |    8.0ms | wild adventures...
[GAMING/GAM] | YouTube  | [Normal]     | 95%    |    8.6ms | oh  hi Mark...
[GAMING/GAM] | YouTube  | [Normal]     | 95%    |    6.0ms | Look Mark you caught one!...
[ENTERTAINM] | YouTube  | [Normal]     | 94%    |    8.5ms | gdgh...
[ENTERTAINM] | YouTube  | [Normal]     | 94%    |   19.6ms | Mr beast can I get a shoutout please...
[GAMING/SUR] | YouTube  | [Normal]     | 96%    |   13.0ms | PEANUT IS BASE BIXTCHIN...
[ENTERTAINM] | YouTube  | [Normal]     | 89%    |   13.5ms | heeeeeeeeeeeeeeeeeeeeellllllllllllllllll...
[ENTERTAINM] | YouTube  | [Normal]     | 95%    |   11.0ms | Congrats bro...
[ENTERTAINM] | YouTube  | [Normal]     | 96%    |   19.0ms | what we will have in 500 milon...
[GAMING/GAM] | YouTube  | [Normal]     | 96%    |   13.6ms | Missing object in front of map INTERIOR...
[GAMING/GAM] | YouTube  | [Normal]     | 94%    |   15.7ms | Didn't love that!...
[NEWS/LIVE ] | YouTube  | [Normal]     | 87%    |   16.6ms | lol how much time u al think u have in h...
[SELF-HELP/] | YouTube  | [Normal]     | 55%    |   14.0ms | Because only Dr. Eggman has that IQ...
[GAMING/GAM] | YouTube  | [Normal]     | 92%    |   20.1ms | Going to see Iron Lug tomorrow! So excit...
[GAMING/SUR] | YouTube  | [Normal]     | 97%    |   25.6ms | Welyn has 18k hrs who knows atp...
[GAMING/GAM] | YouTube  | [Normal]     | 97%    |   26.6ms | MOVEMENT RAILING NEAR PAINT CANS !!!...
[ENTERTAINM] | YouTube  | [Normal]     | 91%    |   16.0ms | free fire...
[GAMING/GAM] | YouTube  | [Normal]     | 95%    |   23.1ms | MISSING OBJECT ON THE RIGHT DESK IN INTE...
[GAMING/GAM] | YouTube  | [Normal]     | 94%    |   20.6ms | i saw someone at the top left of the scr...
[GAMING/GAM] | YouTube  | [Normal]     | 95%    |   23.0ms | IT USED TO BE ON THE BOTTOM...
[ENTERTAINM] | YouTube  | [Normal]     | 70%    |   24.1ms | Mr Beast say Kurdistan Iraq...
[GAMING/GAM] | YouTube  | [Normal]     | 92%    |   22.6ms | GAURD rail movedddd...
[ENTERTAINM] | YouTube  | [Normal]     | 98%    |   18.0ms | :palm_tree::palm_tree::sheaf_of_rice::sh...
[ENTERTAINM] | YouTube  | [Normal]     | 94%    |   20.0ms | WHAAAAAAAAAAT...
[GAMING/GAM] | YouTube  | [Normal]     | 77%    |   23.0ms | So have we already talked about how Iron...
[GAMING/GAM] | YouTube  | [Normal]     | 96%    |   13.0ms | Earthquake!...
[ENTERTAINM] | YouTube  | [Normal]     | 96%    |    8.0ms | hiiiiiiiiijans...
[SELF-HELP/] | YouTube  | [Normal]     | 92%    |    9.0ms | yt chat is superior...
[GAMING/GAM] | YouTube  | [Normal]     | 95%    |   11.6ms | smoke in yard by house mark!!!...
[ENTERTAINM] | YouTube  | [Normal]     | 94%    |   11.5ms | hi...
[GAMING/GAM] | YouTube  | [Normal]     | 96%    |   11.0ms | extra object light house top...
[ENTERTAINM] | YouTube  | [Normal]     | 94%    |    7.6ms | hhhii...
[ENTERTAINM] | YouTube  | [Normal]     | 93%    |    7.0ms | Im 10 pls notice mine Im from pakistan...
[GAMING/GAM] | YouTube  | [Normal]     | 87%    |   11.3ms | WOOOOOOO...
[SPORTS/FOO] | YouTube  | [Normal]     | 90%    |    9.0ms | ㅋㅋㅋㅋ...
[ENTERTAINM] | YouTube  | [Normal]     | 97%    |   17.0ms | Egor privet a Veronika dyra:red_heart:...
[ENTERTAINM] | YouTube  | [Normal]     | 96%    |    9.2ms | привет слава Україні...
[ENTERTAINM] | YouTube  | [Normal]     | 95%    |    9.0ms | acomerlaaaa!!!!!...
[ENTERTAINM] | YouTube  | [Normal]     | 92%    |   13.1ms | GIVE ME PC...
[ENTERTAINM] | YouTube  | [HATE]       | 46%    |   43.9ms | :face-fuchsia-wide-eyes::face-fuchsia-wi...
[ENTERTAINM] | YouTube  | [Normal]     | 93%    |    8.0ms | omg...
[ENTERTAINM] | YouTube  | [Normal]     | 94%    |   16.7ms | @MrBeast ur the best youtuber i really l...
[ENTERTAINM] | YouTube  | [Normal]     | 95%    |   12.0ms | Husnain...
[MUSIC/CHIL] | YouTube  | [Normal]     | 96%    |    8.0ms | :slightly_smiling_face:...
[ENTERTAINM] | YouTube  | [Normal]     | 90%    |    7.0ms | yooooo @MrBeast...
[GAMING/GAM] | YouTube  | [Normal]     | 95%    |   17.0ms | yooo...
[GAMING/GAM] | YouTube  | [Normal]     | 95%    |   14.3ms | Xd...
[GAMING/GAM] | YouTube  | [Normal]     | 98%    |   15.6ms | :medal-yellow-first-red:...
[ENTERTAINM] | YouTube  | [Normal]     | 92%    |   10.5ms | Now nobody can message me...
[GAMING/GAM] | YouTube  | [Normal]     | 91%    |   11.8ms | yeahhhhhhh...
[ENTERTAINM] | YouTube  | [Normal]     | 96%    |   12.0ms | betaaaa...
[ENTERTAINM] | YouTube  | [Normal]     | 97%    |   13.7ms | :triangular_flag::triangular_flag::trian...
[GAMING/GAM] | YouTube  | [Normal]     | 95%    |   13.7ms | airpain!...
[SELF-HELP/] | YouTube  | [Normal]     | 97%    |    7.5ms | The Big Short has been in my algorithm l...
[SELF-HELP/] | YouTube  | [Normal]     | 96%    |    7.5ms | good movie...
[GAMING/SUR] | YouTube  | [Normal]     | 86%    |    7.4ms | peanut asks the rust pro what he should ...
[GAMING/GAM] | YouTube  | [Normal]     | 94%    |    9.2ms | YAY LETS GO...
[GAMING/GAM] | YouTube  | [Normal]     | 93%    |   14.5ms | iron lung was so good...
[GAMING/GAM] | YouTube  | [Normal]     | 94%    |    9.5ms | okay thanks for catching me up on it...
[PSYCHOLOGY] | YouTube  | [Normal]     | 91%    |    9.5ms | @ArlichVomalites nice...
[GAMING/GAM] | YouTube  | [Normal]     | 95%    |    8.5ms | I haven't watched it because of snow :(...
[ENTERTAINM] | YouTube  | [Normal]     | 95%    |   12.7ms | u have 500 mil button?...
[GAMING/SUR] | YouTube  | [Normal]     | 87%    |   11.5ms | no...
[GAMING/GAM] | YouTube  | [Normal]     | 68%    |   14.2ms | anyone ever tell you  you look like the ...
[ENTERTAINM] | YouTube  | [Normal]     | 92%    |   13.0ms | congrulation...
[ENTERTAINM] | YouTube  | [Normal]     | 93%    |   13.6ms | hello mrbeast!...
[GAMING/GAM] | YouTube  | [Normal]     | 96%    |    9.0ms | I just came back from watching Iron Lung...
[SPORTS/FOO] | YouTube  | [Normal]     | 97%    |   10.0ms | BLUE LOCK! BLUE LOCK! BLUE LOCK! BLUE LO...
[GAMING/GAM] | YouTube  | [Normal]     | 96%    |    7.1ms | NIRAMI ANIMATED FANART OF IRON LUNG  I J...
[MUSIC/CHIL] | YouTube  | [Normal]     | 98%    |   25.0ms | Kejti :comet::small_blue_diamond: I'm no...
[GAMING/SUR] | YouTube  | [Normal]     | 93%    |   15.0ms | omg please fix please...
[GAMING/GAM] | YouTube  | [Normal]     | 97%    |   12.0ms | DVD mark ???...
[GAMING/GAM] | YouTube  | [Normal]     | 97%    |   24.5ms | I've seen some real cool fan art...
[MUSIC/CHIL] | YouTube  | [HATE]       | 63%    |   19.1ms | Raggy and??...
[GAMING/GAM] | YouTube  | [Normal]     | 94%    |   18.0ms | ARE THERE GOING TO BE DVDS...
[GAMING/SUR] | YouTube  | [Normal]     | 93%    |   17.0ms | right click...
[GAMING/GAM] | YouTube  | [Normal]     | 78%    |   18.0ms | can you get it to Mexico...
[ENTERTAINM] | YouTube  | [Normal]     | 95%    |   14.0ms | iii iii iii ISI not...
[GAMING/GAM] | YouTube  | [Normal]     | 95%    |   11.9ms | I love you mark!!!!!!!!!!!!!!!!...
[GAMING/GAM] | YouTube  | [Normal]     | 94%    |   12.2ms | I was going to see it with my girlfriend...
[GAMING/GAM] | YouTube  | [Normal]     | 97%    |   11.0ms | Watched it today… amazing experience...
[GAMING/GAM] | YouTube  | [Normal]     | 95%    |   20.1ms | Can I get it in the Mariana Trench?...
[SELF-HELP/] | YouTube  | [Normal]     | 97%    |   11.9ms | ignorance is bliss?...
[ENTERTAINM] | YouTube  | [Normal]     | 94%    |    8.0ms | hi...
[ENTERTAINM] | YouTube  | [Normal]     | 98%    |   23.5ms | :hand-pink-waving::hand-pink-waving::han...
[GAMING/GAM] | YouTube  | [Normal]     | 95%    |   20.1ms | olympics too! lol...
[GAMING/GAM] | YouTube  | [Normal]     | 95%    |   28.6ms | I can't wait to stream it :red_heart: I'...
[GAMING/GAM] | YouTube  | [Normal]     | 96%    |   17.7ms | game shmame...
[GAMING/GAM] | YouTube  | [Normal]     | 90%    |   16.2ms | mark do you like bad bunny?...
[GAMING/GAM] | YouTube  | [Normal]     | 88%    |   11.0ms | Ouch...
[GAMING/SUR] | YouTube  | [Normal]     | 47%    |    9.0ms | a leeever...
[ENTERTAINM] | YouTube  | [Normal]     | 94%    |   11.8ms | 50000 PEOPLE LEFT...
[GAMING/SUR] | YouTube  | [Normal]     | 95%    |   11.5ms | GOD BLESS WELYNS PATIENCE...
[GAMING/GAM] | YouTube  | [Normal]     | 96%    |    7.0ms | Airplane time...
[ENTERTAINM] | YouTube  | [Normal]     | 97%    |    7.0ms | :waving_hand:...
[GAMING/GAM] | YouTube  | [Normal]     | 65%    |    9.6ms | You cant legally talk about the bowl of ...
[GAMING/GAM] | YouTube  | [Normal]     | 97%    |    8.0ms | did you see the second cup?...
[PSYCHOLOGY] | YouTube  | [Normal]     | 85%    |    7.0ms | Actually what I realized is I really tru...
[ENTERTAINM] | YouTube  | [Normal]     | 97%    |   17.0ms | yoyoyoyo Mr. beastie...
[GAMING/GAM] | YouTube  | [Normal]     | 87%    |   16.4ms | gamma too low...
[ENTERTAINM] | YouTube  | [Normal]     | 95%    |   15.0ms | let's go...
[GAMING/GAM] | YouTube  | [Normal]     | 94%    |   12.0ms | Mark yell at me...
[ENTERTAINM] | YouTube  | [Normal]     | 77%    |   17.6ms | You are the Best YouTuber...
[GAMING/GAM] | YouTube  | [Normal]     | 94%    |   15.0ms | bottom right...
[GAMING/SUR] | YouTube  | [Normal]     | 95%    |   18.6ms | hello all...
[ENTERTAINM] | YouTube  | [Normal]     | 91%    |   14.7ms | congretchulation Mr beans...
[ENTERTAINM] | YouTube  | [Normal]     | 95%    |   17.0ms | :loudly_crying_face:...
[GAMING/SUR] | YouTube  | [Normal]     | 97%    |   20.5ms | Escape from Peanut Compound:face-blue-sm...
[GAMING/GAM] | YouTube  | [Normal]     | 94%    |   23.1ms | when does Iron Lung come to streaming?...
[ENTERTAINM] | YouTube  | [Normal]     | 97%    |   15.6ms | been here since 50 mil...
[ENTERTAINM] | YouTube  | [Normal]     | 97%    |   14.1ms | from Bangladesh mr best love you :heart_...
[ENTERTAINM] | YouTube  | [Normal]     | 95%    |   12.1ms | im your big fan sir...
[ENTERTAINM] | YouTube  | [Normal]     | 88%    |    8.0ms | do you watch soccer...
[GAMING/GAM] | YouTube  | [Normal]     | 89%    |   12.6ms | why is there a camrea in the bathroom?!...
[GAMING/SUR] | YouTube  | [Normal]     | 88%    |   12.0ms | NO NO NO NO WHY DID YOU REDEEM IT...
[ENTERTAINM] | YouTube  | [Normal]     | 96%    |   15.0ms | mr beast can you sponsor to build my hou...
[ENTERTAINM] | YouTube  | [Normal]     | 93%    |   12.0ms | when 1B subs...
[ENTERTAINM] | YouTube  | [Normal]     | 98%    |   12.5ms | :hand-pink-waving:...
[GAMING/GAM] | YouTube  | [Normal]     | 94%    |    7.6ms | OMG HES OUTSIDE THE WINDOW AT THE GATE. ...
[GAMING/GAM] | YouTube  | [Normal]     | 97%    |   15.0ms | image change!...
[PSYCHOLOGY] | YouTube  | [Normal]     | 97%    |   10.4ms | I know I have stuff I love in the world ...
[GAMING/GAM] | YouTube  | [Normal]     | 92%    |   13.0ms | carbage missing in wc...
[GAMING/GAM] | YouTube  | [Normal]     | 96%    |   16.0ms | were there always shoes under the seat?...
[GAMING/GAM] | YouTube  | [Normal]     | 90%    |   14.0ms | BANNED BY THE SOCIAL SECURITY NUMBER LMA...
[ENTERTAINM] | YouTube  | [Normal]     | 95%    |   11.1ms | hello...
[GAMING/SUR] | YouTube  | [Normal]     | 96%    |   15.0ms | You would absolutely love Ark Ascended P...
[ENTERTAINM] | YouTube  | [Normal]     | 96%    |    7.6ms | hi ive been subscribed since 300k...
[GAMING/GAM] | YouTube  | [Normal]     | 96%    |    7.5ms | poster on right in business class is ext...
[ENTERTAINM] | YouTube  | [Normal]     | 97%    |   17.1ms | please jimmy give me 10 milion dollar :f...
[GAMING/GAM] | YouTube  | [Normal]     | 93%    |    7.0ms | poop in toilet...
[GAMING/GAM] | YouTube  | [Normal]     | 87%    |   13.1ms | SOMEONE SHAT IN THE TOILET...
[NEWS/LIVE ] | YouTube  | [Normal]     | 90%    |   18.0ms | BLACK FATIGUE EVEN HIS PARENTS...
[ENTERTAINM] | YouTube  | [Normal]     | 93%    |   16.6ms | :buffering:...
[GAMING/GAM] | YouTube  | [Normal]     | 97%    |   17.0ms | Heart has been moved.... By you...
[GAMING/GAM] | YouTube  | [Normal]     | 93%    |   11.0ms | It was...
[ENTERTAINM] | YouTube  | [Normal]     | 95%    |   10.0ms | 67...
[ENTERTAINM] | YouTube  | [Normal]     | 94%    |   10.0ms | hi...
[ENTERTAINM] | YouTube  | [Normal]     | 96%    |   13.1ms | 10000$ please...
[GAMING/GAM] | YouTube  | [Normal]     | 96%    |   14.4ms | Longer catwalk!!...
[ENTERTAINM] | YouTube  | [Normal]     | 78%    |   11.0ms | you are the best...
[GAMING/GAM] | YouTube  | [Normal]     | 96%    |   10.5ms | B class pic on wall??...
[GAMING/GAM] | YouTube  | [Normal]     | 90%    |    8.8ms | i picked the wrong corner i guess...
[GAMING/SUR] | YouTube  | [Normal]     | 95%    |   15.8ms | check lobby boxes...
[ENTERTAINM] | YouTube  | [Normal]     | 97%    |   20.7ms | Can you sing us your favorite song :smil...
[ENTERTAINM] | YouTube  | [Normal]     | 97%    |   10.7ms | I LOVE NOLANS MOM...
[MUSIC/CHIL] | YouTube  | [Normal]     | 95%    |   10.6ms | sis kya kr rhi...
[GAMING/GAM] | YouTube  | [Normal]     | 89%    |   14.0ms | Resident evil 4 Remake...
[GAMING/GAM] | YouTube  | [Normal]     | 77%    |   13.9ms | DEAD SPACE MOVIE...
[GAMING/GAM] | YouTube  | [Normal]     | 91%    |   13.2ms | hey boss...
[GAMING/GAM] | YouTube  | [Normal]     | 93%    |   12.5ms | OH...
[PSYCHOLOGY] | YouTube  | [Normal]     | 97%    |   12.7ms | bro if we had livestreams like this with...
[GAMING/GAM] | YouTube  | [Normal]     | 96%    |    9.5ms | Secret item...
[GAMING/SUR] | YouTube  | [Normal]     | 96%    |    9.1ms | cameras up top 2nd box...
[MUSIC/CHIL] | YouTube  | [Normal]     | 98%    |   11.7ms | :face-blue-wide-eyes::face-blue-wide-eye...
[GAMING/GAM] | YouTube  | [Normal]     | 98%    |   12.2ms | The lights on the panal changed...
[GAMING/GAM] | YouTube  | [Normal]     | 87%    |    9.0ms | Ban Ban!...
[GAMING/GAM] | YouTube  | [Normal]     | 96%    |   10.9ms | door opened in business...
[GAMING/GAM] | YouTube  | [Normal]     | 96%    |   12.1ms | The lights in business...
[GAMING/SUR] | YouTube  | [Normal]     | 92%    |   16.0ms | I CAN'T FIND THE MINECRAFT MOD CALLED RU...
[PSYCHOLOGY] | YouTube  | [Normal]     | 93%    |    9.5ms | sometimes I feel like the small triggers...
[GAMING/GAM] | YouTube  | [Normal]     | 95%    |   15.6ms | There are extra donuts no?...
[GAMING/GAM] | YouTube  | [Normal]     | 89%    |    8.0ms | Camera malfunction in bathroom...
[GAMING/GAM] | YouTube  | [Normal]     | 98%    |   10.7ms | Flowers in vase...
[GAMING/GAM] | YouTube  | [Normal]     | 96%    |   16.5ms | what about the green lights in business ...
[SPORTS/FOO] | YouTube  | [Normal]     | 95%    |   15.2ms | 언제인지 모르고 평가전같음...
[ENTERTAINM] | YouTube  | [Normal]     | 97%    |   14.2ms | 30000 beast to come :partying_face::part...
[ENTERTAINM] | YouTube  | [Normal]     | 81%    |   11.0ms | IM QUIT...
[ENTERTAINM] | YouTube  | [Normal]     | 94%    |    8.6ms | Can you give us a hint on what ur doing ...
[GAMING/GAM] | YouTube  | [Normal]     | 88%    |   11.6ms | INTRUDER TOP LEFT...
[GAMING/GAM] | YouTube  | [Normal]     | 91%    |   12.0ms | oh no oH NO...
[ENTERTAINM] | YouTube  | [Normal]     | 94%    |   12.7ms | gvd...
[ENTERTAINM] | YouTube  | [Normal]     | 96%    |   12.6ms | New member...
[GAMING/GAM] | YouTube  | [OFFENSIVE]  | 95%    |   20.6ms | holy crap I made it to my first stream! ...
[MUSIC/CHIL] | YouTube  | [Normal]     | 98%    |   14.8ms | Prasa :cat_with_tears_of_joy::rolling_on...
[GAMING/GAM] | YouTube  | [Normal]     | 96%    |   14.5ms | whoa!!!...
[GAMING/GAM] | YouTube  | [Normal]     | 96%    |   10.0ms | Purse on seat...
[ENTERTAINM] | YouTube  | [Normal]     | 98%    |   16.1ms | :hand-green-crystal-ball::hand-green-cry...
[GAMING/GAM] | YouTube  | [Normal]     | 92%    |    6.6ms | the lights on the walkway at the gate wh...
[GAMING/GAM] | YouTube  | [Normal]     | 92%    |    7.0ms | I was gonna call the poster out in busin...
[NEWS/LIVE ] | YouTube  | [Normal]     | 43%    |   15.0ms | Its poor people robbing you...
[GAMING/SUR] | YouTube  | [Normal]     | 89%    |   20.0ms | Lesgi...
[GAMING/SUR] | YouTube  | [Normal]     | 95%    |   18.0ms | 1st...
[GAMING/SUR] | YouTube  | [Normal]     | 96%    |   21.2ms | 20 seconds is toe tickling ngl...
[GAMING/SUR] | YouTube  | [Normal]     | 69%    |   16.1ms | Like ya do...
[PSYCHOLOGY] | YouTube  | [HATE]       | 52%    |   19.0ms | streamers are never late...
[GAMING/SUR] | YouTube  | [Normal]     | 84%    |   22.1ms | Can u guys hear anything??????...
[GAMING/SUR] | YouTube  | [Normal]     | 94%    |   14.5ms | New into...
[GAMING/SUR] | YouTube  | [Normal]     | 97%    |   21.4ms | StreamElements bot running :robot: - Lea...
[GAMING/SUR] | YouTube  | [Normal]     | 94%    |   14.0ms | LOLOLOLOL...
[GAMING/SUR] | YouTube  | [Normal]     | 91%    |    9.6ms | LETS FKN GFOOOOOOOOO...
[GAMING/SUR] | YouTube  | [Normal]     | 90%    |   20.1ms | Sick intro Johnny cash...
[NEWS/LIVE ] | YouTube  | [Normal]     | 97%    |   19.1ms | a code of conduct...
[GAMING/SUR] | YouTube  | [Normal]     | 80%    |   15.9ms | NO SLEEP TILL BUNGLYN!!!!!!!!!!...
[GAMING/SUR] | YouTube  | [Normal]     | 86%    |   12.1ms | from a "6" pack of tacos? weak...
[GAMING/SUR] | YouTube  | [Normal]     | 86%    |   16.1ms | Yaehhhhhhh...
[NEWS/LIVE ] | YouTube  | [Normal]     | 98%    |   23.0ms | Even animals and birds have their own ho...
[MUSIC/CHIL] | YouTube  | [Normal]     | 97%    |   21.8ms | kya to phir kyu abhi purani batei soch r...
[GAMING/SUR] | YouTube  | [Normal]     | 90%    |   16.5ms | they did...
[GAMING/SUR] | YouTube  | [Normal]     | 94%    |   23.0ms | Yeah gingy did 20 hours on 30 minutes sl...
[SELF-HELP/] | YouTube  | [Normal]     | 97%    |   15.6ms | it's pretty quiet until stream starts...
[MUSIC/CHIL] | YouTube  | [Normal]     | 96%    |   13.0ms | Shivani hy...
[GAMING/SUR] | YouTube  | [Normal]     | 92%    |   10.0ms | gingy dropped 20 hours today...
[GAMING/SUR] | YouTube  | [Normal]     | 72%    |   16.0ms | Gingy is insane idk if I could stay up 2...
[MUSIC/CHIL] | YouTube  | [Normal]     | 97%    |   14.2ms | Ayeee :smiling_face_with_sunglasses:...
[MUSIC/CHIL] | YouTube  | [Normal]     | 97%    |   13.4ms | Bhaskar nenu mik telusaa sir :grinning_f...
[GAMING/SUR] | YouTube  | [Normal]     | 97%    |   10.0ms | H20 :red_heart:...
[GAMING/SUR] | YouTube  | [Normal]     | 95%    |    8.5ms | delirious...
[GAMING/SUR] | YouTube  | [Normal]     | 96%    |    8.0ms | Vanoss crew og member...
[NEWS/LIVE ] | YouTube  | [Normal]     | 96%    |   11.1ms | and you said IQ:face-green-smiling::body...
[NEWS/LIVE ] | YouTube  | [Normal]     | 96%    |   13.0ms | :oncoming_fist::beer_mug::left_facing_fi...
[GAMING/SUR] | YouTube  | [Normal]     | 87%    |   10.1ms | Is this called addiction on games?hahaha...
[NEWS/LIVE ] | YouTube  | [Normal]     | 94%    |   11.0ms | nobody wants to be commie:cat-orange-whi...
[GAMING/SUR] | YouTube  | [Normal]     | 47%    |   10.0ms | them furnaces gonna be empty...
[GAMING/SUR] | YouTube  | [Normal]     | 67%    |   13.1ms | Wheel is at Bandit Campt...
[GAMING/SUR] | YouTube  | [Normal]     | 94%    |   12.1ms | Yesssss POKERRRR NIGHTTTT :_PeanutJork::...
[MUSIC/CHIL] | YouTube  | [Normal]     | 97%    |   10.0ms | Suz is my fpf better now?:face_with_tear...
[NEWS/LIVE ] | YouTube  | [Normal]     | 96%    |   10.0ms | THE TANK IS CLEAN?...
[MUSIC/CHIL] | YouTube  | [Normal]     | 97%    |   15.6ms | murr who is he in dp :cat_with_tears_of_...
[MUSIC/CHIL] | YouTube  | [Normal]     | 91%    |   20.0ms | before now :zany_face:...
[GAMING/SUR] | YouTube  | [Normal]     | 54%    |   17.0ms | cracky has a bobcat...
[GAMING/SUR] | YouTube  | [Normal]     | 94%    |   14.5ms | On the ground...
[GAMING/SUR] | YouTube  | [HATE]       | 39%    |   22.2ms | you gonna be shittin and poopin and poop...
[GAMING/SUR] | YouTube  | [Normal]     | 94%    |   25.0ms | wheel is on ground floor in one of the c...
[GAMING/SUR] | YouTube  | [Normal]     | 96%    |   16.8ms | It’s ground level...
[GAMING/SUR] | YouTube  | [Normal]     | 78%    |    9.6ms | no way...
[MUSIC/CHIL] | YouTube  | [Normal]     | 97%    |   11.0ms | fir hero ki entry hogi fir hero bachayeg...
[MUSIC/CHIL] | YouTube  | [Normal]     | 88%    |    8.5ms | Stranger net slow...
[GAMING/SUR] | YouTube  | [Normal]     | 94%    |    9.0ms | PRG...
[PSYCHOLOGY] | YouTube  | [Normal]     | 96%    |   19.2ms | I loved your deep dive into psychoanalis...
[GAMING/SUR] | YouTube  | [Normal]     | 94%    |   18.0ms | PEANUT NUTS!...
[PSYCHOLOGY] | YouTube  | [Normal]     | 82%    |   16.6ms | What even is mental health...
[GAMING/SUR] | YouTube  | [Normal]     | 95%    |   12.5ms | 3  5  10...
[PSYCHOLOGY] | YouTube  | [Normal]     | 95%    |   10.0ms | When is the mobile app coming Dr K?...
[GAMING/SUR] | YouTube  | [Normal]     | 96%    |   12.1ms | WERE WINNING BIG THIS TIME...
[GAMING/SUR] | YouTube  | [Normal]     | 96%    |   10.5ms | Invite HJune...
[MUSIC/CHIL] | YouTube  | [Normal]     | 98%    |   11.0ms | I see now.. :face_with_tears_of_joy: tha...
[GAMING/SUR] | YouTube  | [Normal]     | 96%    |    9.0ms | another day in vegas...
[GAMING/SUR] | YouTube  | [Normal]     | 90%    |   13.0ms | :_LetsRide::_LetsRide::_LetsRide::_LetsR...
[MUSIC/CHIL] | YouTube  | [Normal]     | 98%    |    9.1ms | marriage :face_with_tears_of_joy:...
[GAMING/SUR] | YouTube  | [OFFENSIVE]  | 97%    |   17.0ms | Damn . i bet he hasnt even slept yet .. ...
[GAMING/SUR] | YouTube  | [Normal]     | 91%    |   11.1ms | w...
[PSYCHOLOGY] | YouTube  | [Normal]     | 96%    |   17.5ms | Ye  true love is hilarious. You can love...
[PSYCHOLOGY] | YouTube  | [Normal]     | 90%    |   21.0ms | Anima and animus  when they are represse...
[GAMING/SUR] | YouTube  | [Normal]     | 94%    |   18.1ms | Would you ever consider playing Tarkov a...
[GAMING/SUR] | YouTube  | [Normal]     | 95%    |   12.0ms | wow...
[GAMING/SUR] | YouTube  | [Normal]     | 65%    |   11.9ms | Lets goo...
[GAMING/SUR] | YouTube  | [Normal]     | 96%    |   12.5ms | lol...
[GAMING/SUR] | YouTube  | [Normal]     | 96%    |   16.0ms | I've seen that look at the casino...
[GAMING/SUR] | YouTube  | [Normal]     | 95%    |   13.9ms | Well that's gambling...
[GAMING/SUR] | YouTube  | [Normal]     | 91%    |   11.5ms | W...
[GAMING/SUR] | YouTube  | [Normal]     | 94%    |    9.1ms | RIP...
[GAMING/SUR] | YouTube  | [Normal]     | 94%    |   11.6ms | stand...
[PSYCHOLOGY] | YouTube  | [Normal]     | 94%    |   16.0ms | !relationship \@Saurora6...
[GAMING/SUR] | YouTube  | [Normal]     | 93%    |   15.1ms | Yes...
[SELF-HELP/] | YouTube  | [Normal]     | 84%    |   24.5ms | All hatred begins with Self-hatred!...
[GAMING/SUR] | YouTube  | [Normal]     | 92%    |   15.0ms | That’s like 00...
[NEWS/LIVE ] | YouTube  | [Normal]     | 92%    |   19.5ms | it's meant to be a party for beleiverss ...
[SELF-HELP/] | YouTube  | [Normal]     | 94%    |   14.0ms | LIKE THE STREAM BOIIIS!!...
[GAMING/SUR] | YouTube  | [Normal]     | 94%    |   12.0ms | 1 INCOMING...
[MUSIC/CHIL] | YouTube  | [Normal]     | 96%    |   17.0ms | shivu aaj spneme kl?...
[ENTERTAINM] | YouTube  | [Normal]     | 93%    |   10.3ms | Bro how...
[ENTERTAINM] | YouTube  | [Normal]     | 94%    |   11.4ms | jimmy...
[ENTERTAINM] | YouTube  | [Normal]     | 92%    |    9.0ms | h...
[MUSIC/CHIL] | YouTube  | [Normal]     | 97%    |    9.7ms | @kavya-c9c1j kis se kre baate kon h apna...
[ENTERTAINM] | YouTube  | [Normal]     | 88%    |   13.1ms | YOOOOOOOOOOOOOOO...
[MUSIC/CHIL] | YouTube  | [Normal]     | 96%    |   14.0ms | Vani vhi kab h :thinking_face:...
[ENTERTAINM] | YouTube  | [Normal]     | 95%    |   17.5ms | Emm......
[GAMING/SUR] | YouTube  | [Normal]     | 80%    |   12.0ms | Scrap the base and gamble that...
[GAMING/GAM] | YouTube  | [Normal]     | 96%    |    8.0ms | IRON LUNG 2 CONFIRMED?...
[GAMING/GAM] | YouTube  | [Normal]     | 96%    |    8.0ms | HIIIIIII...
[GAMING/GAM] | YouTube  | [Normal]     | 94%    |    9.0ms | guys its my birthday on the 12th and im ...
[ENTERTAINM] | YouTube  | [Normal]     | 95%    |   13.6ms | Hiii...
[GAMING/GAM] | YouTube  | [Normal]     | 93%    |   10.0ms | PEAKKKK...
[GAMING/SUR] | YouTube  | [Normal]     | 93%    |   15.1ms | he was lying y'all...
[GAMING/GAM] | YouTube  | [Normal]     | 88%    |   10.2ms | HEYYY GUYS...
[ENTERTAINM] | YouTube  | [Normal]     | 96%    |    9.0ms | мистэр бист...
[ENTERTAINM] | YouTube  | [Normal]     | 95%    |    7.5ms | ผมให้เงินเลย 100 000 บาท...
[GAMING/GAM] | YouTube  | [Normal]     | 95%    |    8.0ms | obversation...
[ENTERTAINM] | YouTube  | [Normal]     | 96%    |    7.6ms | lol...
[ENTERTAINM] | YouTube  | [Normal]     | 95%    |   11.1ms | hiii...
[GAMING/GAM] | YouTube  | [Normal]     | 97%    |    6.6ms | hiiiii marrkkkk...
[ENTERTAINM] | YouTube  | [Normal]     | 97%    |   12.5ms | :red_heart::red_heart::red_heart::red_he...
[GAMING/GAM] | YouTube  | [Normal]     | 95%    |   16.0ms | hello!!!!...
[GAMING/GAM] | YouTube  | [Normal]     | 87%    |   14.5ms | WOOOOOOO...
[ENTERTAINM] | YouTube  | [Normal]     | 98%    |   28.0ms | :hand-pink-waving::hand-pink-waving::han...
[ENTERTAINM] | YouTube  | [Normal]     | 90%    |   15.0ms | the beast king...
[ENTERTAINM] | YouTube  | [Normal]     | 95%    |   10.5ms | mister...
[LIFESTYLE/] | YouTube  | [Normal]     | 97%    |   14.8ms | ahh sounds good :beaming_face_with_smili...
[ENTERTAINM] | YouTube  | [Normal]     | 98%    |   13.2ms | :rocket-red-countdown-liftoff:...
[GAMING/GAM] | YouTube  | [Normal]     | 96%    |    7.6ms | What perfect timing is this XD...
[MUSIC/CHIL] | YouTube  | [Normal]     | 97%    |   10.5ms | ai văzut vreo fantomă?:face_with_rolling...
[PSYCHOLOGY] | YouTube  | [Normal]     | 93%    |   11.4ms | loosely...
[GAMING/GAM] | YouTube  | [Normal]     | 95%    |   12.0ms | hii markkkkk...
[GAMING/GAM] | YouTube  | [Normal]     | 94%    |    9.5ms | HI MARK!!!!!!! Congrats on your movie!!!...
[GAMING/GAM] | YouTube  | [Normal]     | 92%    |   10.0ms | its me...
[ENTERTAINM] | YouTube  | [Normal]     | 98%    |   21.1ms | :face-blue-wide-eyes::face-blue-wide-eye...
[GAMING/GAM] | YouTube  | [Normal]     | 97%    |   14.0ms | Welcome to Member!...
[ENTERTAINM] | YouTube  | [Normal]     | 95%    |    9.6ms | Mer...
[ENTERTAINM] | YouTube  | [Normal]     | 97%    |   18.7ms | congratulations :clapping_hands::party_p...
[GAMING/GAM] | YouTube  | [Normal]     | 95%    |    9.0ms | could you look into the game Casualties ...
[GAMING/GAM] | YouTube  | [Normal]     | 95%    |    7.0ms | hello mr plier...
[GAMING/GAM] | YouTube  | [Normal]     | 90%    |   15.1ms | WOOOOAAAHH...
[GAMING/GAM] | YouTube  | [Normal]     | 85%    |   16.0ms | YOU DO BE BETTER...
[PSYCHOLOGY] | YouTube  | [Normal]     | 94%    |   21.4ms | Thomas the tank engine characters are ar...
[ENTERTAINM] | YouTube  | [Normal]     | 95%    |   19.5ms | 67...
[ENTERTAINM] | YouTube  | [Normal]     | 95%    |   21.0ms | firdt streammmmm...
[ENTERTAINM] | YouTube  | [Normal]     | 96%    |   16.6ms | مرحبا...
[GAMING/SUR] | YouTube  | [HATE]       | 45%    |   16.1ms | stop them they are going to come back he...
[ENTERTAINM] | YouTube  | [Normal]     | 95%    |    8.0ms | hi is heim em casa e...
[GAMING/GAM] | YouTube  | [Normal]     | 97%    |   21.0ms | Markiplier Markiplier...
[ENTERTAINM] | YouTube  | [Normal]     | 97%    |   22.1ms | :red_heart::red_heart::red_heart::red_he...
[GAMING/GAM] | YouTube  | [Normal]     | 91%    |   17.0ms | HALOOOOO...
[GAMING/GAM] | YouTube  | [Normal]     | 94%    |   11.0ms | Hi...
[ENTERTAINM] | YouTube  | [Normal]     | 97%    |   12.0ms | can i have a job?...
[GAMING/GAM] | YouTube  | [Normal]     | 94%    |    8.6ms | so happy for you and the team!...
[MUSIC/CHIL] | YouTube  | [Normal]     | 97%    |   14.1ms | kavya me to daily aata hu tum notice n k...
[ENTERTAINM] | YouTube  | [Normal]     | 95%    |   13.0ms | 500 MILLIONS SUB!!!!!...
[GAMING/SUR] | YouTube  | [Normal]     | 98%    |    9.5ms | I worked for 17 hours last night  headin...
[GAMING/GAM] | YouTube  | [Normal]     | 93%    |   10.0ms | HI HI...
[ENTERTAINM] | YouTube  | [Normal]     | 96%    |   19.1ms | 500 000 000...
[MUSIC/CHIL] | YouTube  | [Normal]     | 94%    |   16.1ms | :hot_face:...
[MUSIC/CHIL] | YouTube  | [Normal]     | 98%    |   17.0ms | :musical_note::musical_notes:...
[ENTERTAINM] | YouTube  | [Normal]     | 94%    |   14.5ms | HI...
[ENTERTAINM] | YouTube  | [Normal]     | 98%    |   20.5ms | :heart_on_fire::heart_on_fire::heart_on_...
[MUSIC/CHIL] | YouTube  | [Normal]     | 98%    |   15.0ms | :smiling_face_with_halo::beaming_face_wi...
[ENTERTAINM] | YouTube  | [Normal]     | 94%    |   18.1ms | Rest...
[ENTERTAINM] | YouTube  | [Normal]     | 94%    |   17.4ms | hi...
[GAMING/GAM] | YouTube  | [Normal]     | 95%    |   22.5ms | Airplanneeeee...
[ENTERTAINM] | YouTube  | [Normal]     | 97%    |   23.2ms | :smiling_face_with_smiling_eyes::smiling...
[GAMING/GAM] | YouTube  | [Normal]     | 97%    |   11.5ms | I lost my membership bc I had no job. Bu...
[MUSIC/CHIL] | YouTube  | [Normal]     | 96%    |   11.5ms | paddati tc...
[ENTERTAINM] | YouTube  | [Normal]     | 92%    |   10.0ms | xichao...
[GAMING/GAM] | YouTube  | [Normal]     | 81%    |   14.1ms | let's goo...
[GAMING/GAM] | YouTube  | [Normal]     | 87%    |   22.4ms | How did send help win “money-wise” if it...
[PSYCHOLOGY] | YouTube  | [Normal]     | 76%    |   17.5ms | green pill...
[GAMING/GAM] | YouTube  | [Normal]     | 94%    |   18.4ms | fashion...
[GAMING/GAM] | YouTube  | [Normal]     | 97%    |   15.1ms | airplane come on!!!...
[ENTERTAINM] | YouTube  | [Normal]     | 96%    |   11.6ms | hiiiiiii...
[ENTERTAINM] | YouTube  | [Normal]     | 95%    |   12.6ms | HALO...
[GAMING/GAM] | YouTube  | [Normal]     | 93%    |   15.0ms | light houseeeeeeeeee...
[GAMING/GAM] | YouTube  | [Normal]     | 97%    |   19.0ms | airplane is gonna make a comeback....
[GAMING/GAM] | YouTube  | [Normal]     | 95%    |   13.2ms | Yes!...
[ENTERTAINM] | YouTube  | [Normal]     | 95%    |   23.7ms | please give me redeem codes :loudly_cryi...
[GAMING/GAM] | YouTube  | [Normal]     | 94%    |   18.6ms | I vote fore prusa:rolling_on_the_floor_l...
[ENTERTAINM] | YouTube  | [Normal]     | 94%    |   13.5ms | hi...
[ENTERTAINM] | YouTube  | [Normal]     | 94%    |   10.5ms | hi...
[GAMING/SUR] | YouTube  | [Normal]     | 82%    |   14.5ms | what you doing man...
[ENTERTAINM] | YouTube  | [Normal]     | 95%    |   13.7ms | 1q...
[GAMING/GAM] | YouTube  | [Normal]     | 96%    |   10.7ms | MARK THERES AN ANOMOLY ON THE WINDOW...
[GAMING/GAM] | YouTube  | [Normal]     | 96%    |   18.5ms | Could the film go to South Africa???...
[ENTERTAINM] | YouTube  | [Normal]     | 94%    |   14.6ms | 1...
[GAMING/SUR] | YouTube  | [Normal]     | 94%    |   10.5ms | yess...
[GAMING/GAM] | YouTube  | [Normal]     | 95%    |    7.0ms | Just saw Iron Lung 10/10...
[GAMING/GAM] | YouTube  | [Normal]     | 96%    |    7.0ms | PHILIPPINES???...
[GAMING/SUR] | YouTube  | [Normal]     | 94%    |    7.0ms | Double...
[GAMING/SUR] | YouTube  | [Normal]     | 90%    |    7.6ms | chill...
[ENTERTAINM] | YouTube  | [Normal]     | 95%    |    8.0ms | sup jimmy...
[GAMING/GAM] | YouTube  | [Normal]     | 93%    |    6.0ms | The Fashion Venue is also a good level  ...
[PSYCHOLOGY] | YouTube  | [Normal]     | 82%    |    8.0ms | unga bunga...
[MUSIC/CHIL] | YouTube  | [Normal]     | 98%    |   21.1ms | :musical_notes::musical_note:...
[MUSIC/CHIL] | YouTube  | [Normal]     | 63%    |   13.1ms | thik ho tm?...
[GAMING/GAM] | YouTube  | [Normal]     | 96%    |   10.0ms | IRON LUNG PHILIPPINES!!!! :face-red-hear...
[GAMING/GAM] | YouTube  | [Normal]     | 97%    |    9.5ms | MARKIPLIER  LET THE MOVIE BE IN ENGLAND ...
[ENTERTAINM] | YouTube  | [Normal]     | 96%    |   10.0ms | BRO PLEASE PLEASE GIVE MINECRAFT...
[ENTERTAINM] | YouTube  | [Normal]     | 96%    |   11.5ms | Pls let me compete in a Mr beast challen...
[ENTERTAINM] | YouTube  | [Normal]     | 95%    |   14.0ms | hello soy...
[GAMING/GAM] | YouTube  | [Normal]     | 95%    |   15.2ms | Hi markkk...
[GAMING/SUR] | YouTube  | [Normal]     | 84%    |   11.5ms | rigged...
[ENTERTAINM] | YouTube  | [Normal]     | 98%    |   11.1ms | :hand-pink-waving:...
[GAMING/GAM] | YouTube  | [Normal]     | 97%    |   14.5ms | ETA on online release?...
[GAMING/SUR] | YouTube  | [Normal]     | 95%    |   15.0ms | HIT...
[ENTERTAINM] | YouTube  | [Normal]     | 84%    |   12.6ms | You got 500 subs...
[ENTERTAINM] | YouTube  | [Normal]     | 96%    |   10.1ms | New member...
[ENTERTAINM] | YouTube  | [Normal]     | 94%    |   12.1ms | free palastina...
[ENTERTAINM] | YouTube  | [Normal]     | 95%    |    8.0ms | Hiiii...
[ENTERTAINM] | YouTube  | [Normal]     | 96%    |   10.0ms | Pls shoutout...
[GAMING/SUR] | YouTube  | [Normal]     | 70%    |   10.0ms | BRO ADDICTED...
[ENTERTAINM] | YouTube  | [Normal]     | 96%    |    7.0ms | :yt::yt::yt::yt::yt::yt::yt:...
[MUSIC/CHIL] | YouTube  | [Normal]     | 96%    |    6.5ms | :ice:...
[ENTERTAINM] | YouTube  | [Normal]     | 92%    |   10.6ms | Yooooo...
[GAMING/SUR] | YouTube  | [Normal]     | 95%    |   14.0ms | All in...
[ENTERTAINM] | YouTube  | [Normal]     | 94%    |   14.5ms | 𝘼𝙣𝙮𝙤𝙣𝙚 𝙛𝙧𝙤𝙢 𝙄𝙣𝙙𝙞𝙖???...
[GAMING/GAM] | YouTube  | [Normal]     | 96%    |   13.0ms | Just watched Iron Lung with a friend. We...
[ENTERTAINM] | YouTube  | [Normal]     | 97%    |   10.6ms | Hello Mr. Beast...
[GAMING/SUR] | YouTube  | [Normal]     | 73%    |   12.0ms | Glad they got the base back after GINGY ...
[GAMING/SUR] | YouTube  | [Normal]     | 92%    |   13.6ms | Bunguloser...
[ENTERTAINM] | YouTube  | [Normal]     | 98%    |   14.0ms | :hand-purple-blue-peace::hand-purple-blu...
[ENTERTAINM] | YouTube  | [Normal]     | 97%    |   15.0ms | :face-green-smiling::face-green-smiling:...
[GAMING/GAM] | YouTube  | [Normal]     | 96%    |   11.0ms | hi mark...
[SPORTS/FOO] | YouTube  | [Normal]     | 97%    |   11.1ms | :hand-pink-waving:WINNING GOD GO:face-re...
[GAMING/GAM] | YouTube  | [Normal]     | 94%    |   12.0ms | The chat’s moving so fast nobody knows I...
[GAMING/GAM] | YouTube  | [Normal]     | 96%    |    8.0ms | I literally JUST came from watching the ...
[GAMING/GAM] | YouTube  | [Normal]     | 85%    |    8.0ms | had a hard time hearing the whispers fro...
[ENTERTAINM] | YouTube  | [Normal]     | 80%    |    9.1ms | how wild...
[ENTERTAINM] | YouTube  | [Normal]     | 95%    |   10.0ms | my mom found my channel...
[GAMING/GAM] | YouTube  | [Normal]     | 87%    |   12.1ms | Do better how bout that...
[GAMING/GAM] | YouTube  | [Normal]     | 89%    |   19.1ms | The movie has random parts where you can...
[ENTERTAINM] | YouTube  | [Normal]     | 94%    |   12.0ms | please...
[GAMING/GAM] | YouTube  | [Normal]     | 91%    |   18.2ms | they mixed it right the second time I sa...
[ENTERTAINM] | YouTube  | [Normal]     | 95%    |   15.6ms | very courteous...
[GAMING/GAM] | YouTube  | [Normal]     | 97%    |   18.6ms | Hi Markiplier!...
[ENTERTAINM] | YouTube  | [Normal]     | 96%    |   14.6ms | my mom found my YouTube channel...
[GAMING/GAM] | YouTube  | [Normal]     | 97%    |   21.5ms | Your movie was amazing I love it a lot...
[SELF-HELP/] | YouTube  | [Normal]     | 97%    |   11.0ms | hello Alok.:waving_hand:...
[ENTERTAINM] | YouTube  | [Normal]     | 97%    |   10.0ms | i am from Bangladesh...
[GAMING/GAM] | YouTube  | [HATE]       | 68%    |   10.0ms | twas goated...
[ENTERTAINM] | YouTube  | [Normal]     | 95%    |   21.8ms | 500 MİLLİON SUBSCİRİBERRRRR...
[ENTERTAINM] | YouTube  | [Normal]     | 86%    |   21.0ms | Yo...
[ENTERTAINM] | YouTube  | [Normal]     | 91%    |   31.4ms | :money_bag: :money_bag: :money_bag::mone...
[GAMING/SUR] | YouTube  | [Normal]     | 95%    |   11.6ms | WEEEEELP...
[MUSIC/CHIL] | YouTube  | [Normal]     | 95%    |   11.8ms | mujhe toh nhi yad...
[SELF-HELP/] | YouTube  | [Normal]     | 95%    |   12.1ms | whoa doc  careful...
[GAMING/GAM] | YouTube  | [Normal]     | 96%    |    7.6ms | finally seeing iron lung tomorrow! i eve...
[ENTERTAINM] | YouTube  | [Normal]     | 92%    |    7.6ms | Türkler burdamı...
[GAMING/GAM] | YouTube  | [Normal]     | 96%    |   11.0ms | HI MARK...
[GAMING/GAM] | YouTube  | [Normal]     | 98%    |    9.6ms | I saw the movie on the 3rd! It was amazi...
[ENTERTAINM] | YouTube  | [Normal]     | 92%    |   20.5ms | no Manisha :loudly_crying_face::loudly_c...
[MUSIC/CHIL] | YouTube  | [Normal]     | 95%    |   15.0ms | kya chlra h thekedaar...
[GAMING/GAM] | YouTube  | [Normal]     | 94%    |    7.6ms | lighthouse seems like it would be most i...
[GAMING/GAM] | YouTube  | [Normal]     | 95%    |   10.0ms | Hiiii Mark!!! How’s Amy enjoying the new...
[ENTERTAINM] | YouTube  | [Normal]     | 96%    |    7.6ms | big fan please...
[GAMING/GAM] | YouTube  | [Normal]     | 87%    |    7.0ms | Mark I can't see it:[ I'm sick!...
[ENTERTAINM] | YouTube  | [Normal]     | 97%    |   17.0ms | کوردی لێیە؟:red_heart::sun::green_heart:...
[ENTERTAINM] | YouTube  | [Normal]     | 96%    |    7.8ms | lol...
[GAMING/GAM] | YouTube  | [Normal]     | 96%    |   12.5ms | im back mark my power went out...
[GAMING/SUR] | YouTube  | [Normal]     | 95%    |   10.6ms | H20...
[ENTERTAINM] | YouTube  | [Normal]     | 96%    |   14.4ms | Славяне пишите...
[ENTERTAINM] | YouTube  | [Normal]     | 98%    |   14.0ms | Jimmy big fan :heart_suit: $100 please :...
[ENTERTAINM] | YouTube  | [Normal]     | 96%    |   15.5ms | السلام عليكم...
[ENTERTAINM] | YouTube  | [Normal]     | 96%    |   14.0ms | Can you give me your @BeastReacts channe...
[ENTERTAINM] | YouTube  | [Normal]     | 95%    |   11.7ms | hi Jimmy...
[ENTERTAINM] | YouTube  | [Normal]     | 95%    |   14.0ms | hello...
[ENTERTAINM] | YouTube  | [Normal]     | 86%    |   25.0ms | This is beyond insane what this man has ...
[GAMING/GAM] | YouTube  | [Normal]     | 95%    |    7.5ms | MARK IM SEEING IRON LUNG TONIGHT!!! 9:35...
[GAMING/GAM] | YouTube  | [Normal]     | 91%    |    7.0ms | YEAHHHH...
[PSYCHOLOGY] | YouTube  | [Normal]     | 91%    |    8.1ms | Charlie is animus...
[GAMING/GAM] | YouTube  | [Normal]     | 96%    |   10.1ms | oooo and the vibes are vibing for sure...
[ENTERTAINM] | YouTube  | [Normal]     | 96%    |   19.0ms | :washhands::washhands::washhands::washha...
[GAMING/GAM] | YouTube  | [Normal]     | 94%    |   18.8ms | I just lay down to get some sleep  not a...
[PSYCHOLOGY] | YouTube  | [Normal]     | 96%    |   11.0ms | I feel called out...
[GAMING/SUR] | YouTube  | [Normal]     | 69%    |   11.6ms | H2O HELL YEAH...
[ENTERTAINM] | YouTube  | [Normal]     | 95%    |   12.0ms | Bangladesh...
[ENTERTAINM] | YouTube  | [HATE]       | 51%    |   12.0ms | HI JIMMY YOUR SO GOATED...
[GAMING/GAM] | YouTube  | [Normal]     | 96%    |   12.5ms | :_markiEEE:...
[PSYCHOLOGY] | YouTube  | [Normal]     | 97%    |   14.0ms | Gonna use emotional-focused coping....
[ENTERTAINM] | YouTube  | [Normal]     | 96%    |   12.7ms | Congratulations sir...
[GAMING/GAM] | YouTube  | [Normal]     | 90%    |    8.5ms | you could make a movie about this type o...
[MUSIC/CHIL] | YouTube  | [Normal]     | 96%    |   13.0ms | :baseball-white-cap-out:...
[GAMING/SUR] | YouTube  | [Normal]     | 96%    |   11.4ms | h2o got motion...
[ENTERTAINM] | YouTube  | [Normal]     | 94%    |    8.7ms | hi...
[ENTERTAINM] | YouTube  | [Normal]     | 94%    |   10.9ms | hi...
[PSYCHOLOGY] | YouTube  | [Normal]     | 95%    |    8.0ms | kekw...
[PSYCHOLOGY] | YouTube  | [Normal]     | 92%    |    9.1ms | ive concludes this is the only way some ...
[GAMING/GAM] | YouTube  | [Normal]     | 88%    |    8.9ms | do you want our help...
[GAMING/SUR] | YouTube  | [Normal]     | 97%    |   13.0ms | Go Back To Base & REFLECT....
[GAMING/GAM] | YouTube  | [Normal]     | 81%    |   12.5ms | AUSSIE HERE! MOOORNING MARK!...
[GAMING/GAM] | YouTube  | [Normal]     | 97%    |    8.0ms | What is this game??...
[ENTERTAINM] | YouTube  | [Normal]     | 97%    |    8.5ms | سلام...
[PSYCHOLOGY] | YouTube  | [Normal]     | 97%    |   14.0ms | suiiiii...
[ENTERTAINM] | YouTube  | [Normal]     | 92%    |   12.7ms | give me some money...
[GAMING/GAM] | YouTube  | [Normal]     | 98%    |   18.1ms | welcome to the game 3 came out.......
[GAMING/GAM] | YouTube  | [Normal]     | 96%    |   20.0ms | I loved how you included Sean in your mo...
[GAMING/GAM] | YouTube  | [Normal]     | 96%    |   10.6ms | Watch out for The Willem Dafoe - creatur...
[GAMING/GAM] | YouTube  | [Normal]     | 95%    |   13.7ms | obversation...
[GAMING/GAM] | YouTube  | [Normal]     | 89%    |    9.0ms | TITLE WEEWOOO...
[GAMING/GAM] | YouTube  | [Normal]     | 97%    |    9.5ms | Observation...
[GAMING/GAM] | YouTube  | [Normal]     | 95%    |   13.0ms | Obversation Duty...
[ENTERTAINM] | YouTube  | [Normal]     | 76%    |   15.1ms | me i was watching you wenn you were mrbe...
[GAMING/GAM] | YouTube  | [Normal]     | 95%    |   17.0ms | MinorSpellingMistake :pensive:...
[GAMING/GAM] | YouTube  | [Normal]     | 97%    |   17.5ms | Just got back from watching iron lung a ...
[GAMING/SUR] | YouTube  | [Normal]     | 92%    |   11.1ms | never come back here lmao...
[GAMING/SUR] | YouTube  | [Normal]     | 89%    |   10.0ms | You can’t have worse luck lol...
[GAMING/GAM] | YouTube  | [Normal]     | 88%    |   10.4ms | 1AM in Poland  working night shift  but ...
[ENTERTAINM] | YouTube  | [Normal]     | 92%    |   16.5ms | hai...
[GAMING/GAM] | YouTube  | [Normal]     | 92%    |   15.0ms | We got a misspelling anomaly in the titl...
[NEWS/LIVE ] | YouTube  | [Normal]     | 97%    |   12.7ms | lol Ben that's that one movie with the g...
[GAMING/SUR] | YouTube  | [Normal]     | 96%    |   13.0ms | with 4 cards...
[GAMING/SUR] | YouTube  | [Normal]     | 97%    |   14.6ms | I hope we've learned a lesson...
[PSYCHOLOGY] | YouTube  | [Normal]     | 92%    |   13.0ms | investment banking sounds unhinged lol...
[SELF-HELP/] | YouTube  | [Normal]     | 85%    |   13.0ms | Crabs in a bucket syndrome...
[GAMING/SUR] | YouTube  | [Normal]     | 49%    |    8.0ms | EVIL ROBOT LAUGH...
[ENTERTAINM] | YouTube  | [Normal]     | 97%    |   13.5ms | i already watched your all video...
[NEWS/LIVE ] | YouTube  | [Normal]     | 87%    |   15.3ms | Bangers in Texas form up with Treasury S...
[GAMING/GAM] | YouTube  | [Normal]     | 97%    |   12.7ms | "hello everybody my name is welcome":vic...
[ENTERTAINM] | YouTube  | [Normal]     | 95%    |   12.0ms | hello bro...
[PSYCHOLOGY] | YouTube  | [Normal]     | 93%    |   15.4ms | I often project and fantasize on women I...
[MUSIC/CHIL] | YouTube  | [Normal]     | 97%    |   11.0ms | @vsaanu:rat:...
[ENTERTAINM] | YouTube  | [Normal]     | 94%    |    9.0ms | 1...
[GAMING/GAM] | YouTube  | [Normal]     | 96%    |   17.0ms | @markiplier will you play umigari?...
[ENTERTAINM] | YouTube  | [Normal]     | 95%    |   12.0ms | hello...
[ENTERTAINM] | YouTube  | [Normal]     | 93%    |   14.6ms | smart...
[ENTERTAINM] | YouTube  | [Normal]     | 96%    |   34.0ms | 500m :grinning_face_with_big_eyes::grinn...
[GAMING/SUR] | YouTube  | [Normal]     | 92%    |   22.4ms | Bro is great at losing scrap...
[GAMING/SUR] | YouTube  | [HATE]       | 65%    |   17.5ms | you are a bad gambler...
[GAMING/GAM] | YouTube  | [Normal]     | 97%    |   14.0ms | :_markiBRAIN:obversation...
[GAMING/GAM] | YouTube  | [Normal]     | 93%    |    7.0ms | He's on obversation doodie...
[GAMING/SUR] | YouTube  | [Normal]     | 93%    |    8.0ms | congrats BP - teaching everyone gambling...
[SELF-HELP/] | YouTube  | [Normal]     | 92%    |   11.0ms | @VeneraEchos I know but I try to avoid t...
[GAMING/GAM] | YouTube  | [Normal]     | 97%    |    9.0ms | hiiiii...
[GAMING/GAM] | YouTube  | [Normal]     | 96%    |   10.0ms | Y'all  if you watch 'The distractible po...
[GAMING/GAM] | YouTube  | [Normal]     | 95%    |    9.0ms | :eye::mouth::eye:...
[GAMING/SUR] | YouTube  | [Normal]     | 90%    |   16.3ms | HAHAHAHA...
[GAMING/GAM] | YouTube  | [Normal]     | 96%    |   19.9ms | DVD RELEASE DATE...
[GAMING/GAM] | YouTube  | [Normal]     | 95%    |   19.8ms | obversation...
[ENTERTAINM] | YouTube  | [Normal]     | 94%    |   10.0ms | hi...
[GAMING/GAM] | YouTube  | [Normal]     | 93%    |   17.8ms | yes...
[ENTERTAINM] | YouTube  | [Normal]     | 94%    |    9.6ms | hi...
[ENTERTAINM] | YouTube  | [Normal]     | 84%    |    9.5ms | it is kinda crazy...
[ENTERTAINM] | YouTube  | [Normal]     | 91%    |   12.0ms | Love u beast...
[GAMING/SUR] | YouTube  | [Normal]     | 97%    |   11.6ms | better hit some barrels lol...
[GAMING/GAM] | YouTube  | [Normal]     | 91%    |   11.0ms | MARK FIX YOUR POSTURE...
[PSYCHOLOGY] | YouTube  | [Normal]     | 95%    |   11.0ms | ono andrew tate mentioned...
[GAMING/GAM] | YouTube  | [Normal]     | 95%    |    9.2ms | Hello father...
[GAMING/GAM] | YouTube  | [Normal]     | 89%    |   14.1ms | do the life guard scan! don't forget you...
[ENTERTAINM] | YouTube  | [Normal]     | 94%    |   12.1ms | HAHAHAHAHAHHA...
[GAMING/GAM] | YouTube  | [Normal]     | 79%    |    9.3ms | MOUSE TRAP...
[GAMING/GAM] | YouTube  | [Normal]     | 95%    |   10.2ms | hiii...
[SPORTS/FOO] | YouTube  | [Normal]     | 97%    |   16.7ms | may be Japan 3-1 :face_with_tears_of_joy...
[ENTERTAINM] | YouTube  | [Normal]     | 98%    |   19.0ms | :hand-purple-blue-peace::hand-purple-blu...
[ENTERTAINM] | YouTube  | [Normal]     | 97%    |   13.2ms | Please invite me to a video...
[GAMING/GAM] | YouTube  | [Normal]     | 97%    |   15.2ms | MARK THERES A GUY LIVESTREAMING IN THE T...
[ENTERTAINM] | YouTube  | [Normal]     | 90%    |   15.2ms | absolutely no one knows it i bet...
[GAMING/GAM] | YouTube  | [Normal]     | 95%    |   16.7ms | hi mark I wanted to tell you that your m...
[GAMING/GAM] | YouTube  | [Normal]     | 97%    |   18.6ms | hi mark! longtime fan here and i have no...
[ENTERTAINM] | YouTube  | [Normal]     | 89%    |   17.0ms | YOOOO...
[ENTERTAINM] | YouTube  | [Normal]     | 93%    |   12.0ms | OH YEAH...
[ENTERTAINM] | YouTube  | [Normal]     | 94%    |   15.1ms | 5...
[ENTERTAINM] | YouTube  | [Normal]     | 94%    |   15.2ms | 5...
[ENTERTAINM] | YouTube  | [Normal]     | 96%    |   13.7ms | brazill...
[GAMING/GAM] | YouTube  | [Normal]     | 96%    |   22.4ms | Was that small table always there?...
[PSYCHOLOGY] | YouTube  | [Normal]     | 92%    |   14.8ms | @andreicionescu pethatic excuse to desol...
[GAMING/GAM] | YouTube  | [HATE]       | 48%    |   22.6ms | Freddy Fazbear behind you...
[GAMING/GAM] | YouTube  | [Normal]     | 92%    |   10.8ms | the stairs...
[GAMING/GAM] | YouTube  | [Normal]     | 92%    |   10.7ms | I there is an anomaly...
[MUSIC/CHIL] | YouTube  | [Normal]     | 95%    |    8.6ms | pighal jaane ka khauf hai tumhe......
[GAMING/GAM] | YouTube  | [Normal]     | 97%    |    8.5ms | The movie was amazing...
[ENTERTAINM] | YouTube  | [Normal]     | 97%    |   11.1ms | From india  North East :beating_heart: c...
[GAMING/SUR] | YouTube  | [Normal]     | 98%    |   13.6ms | Peanut would you ever do this exact same...
[GAMING/GAM] | YouTube  | [Normal]     | 93%    |   11.5ms | Are you going to make a second movie?...
[GAMING/GAM] | YouTube  | [Normal]     | 95%    |   10.5ms | stair moving basemnt...
[PSYCHOLOGY] | YouTube  | [Normal]     | 81%    |   10.4ms | @andreicionescu What? There are many har...
[ENTERTAINM] | YouTube  | [Normal]     | 95%    |   16.4ms | hii...
[MUSIC/CHIL] | YouTube  | [Normal]     | 97%    |   11.0ms | morni or ki haal soniye:person-turqouise...
[NEWS/LIVE ] | YouTube  | [Normal]     | 77%    |    7.0ms | the tarp is no laughing matter either it...
[GAMING/GAM] | YouTube  | [Normal]     | 94%    |    7.1ms | OUR EYES...
[GAMING/GAM] | YouTube  | [Normal]     | 92%    |   11.9ms | WOAH...
[GAMING/GAM] | YouTube  | [Normal]     | 95%    |   18.6ms | I told you :rolling_on_the_floor_laughin...
[GAMING/GAM] | YouTube  | [Normal]     | 95%    |   11.5ms | HELLO...
[GAMING/GAM] | YouTube  | [Normal]     | 51%    |   13.0ms | i tihnk the bed is fook...
[GAMING/GAM] | YouTube  | [Normal]     | 97%    |   15.0ms | Welcome New Member!...
[GAMING/SUR] | YouTube  | [Normal]     | 74%    |   16.0ms | someone really needs to organize those d...
[ENTERTAINM] | YouTube  | [Normal]     | 96%    |   24.6ms | hello Mr beast I'm from Nepal and I subs...
[GAMING/SUR] | YouTube  | [Normal]     | 47%    |   29.1ms | @jgs4819 gooner jfc...
[GAMING/GAM] | YouTube  | [Normal]     | 95%    |   15.1ms | mark the bed...
[ENTERTAINM] | YouTube  | [Normal]     | 96%    |   10.0ms | hiiiiiii...
[GAMING/SUR] | YouTube  | [Normal]     | 84%    |   12.6ms | CLOSE THE DOORS...
[MUSIC/CHIL] | YouTube  | [Normal]     | 96%    |   10.0ms | Lasusi your gf is hot :rolling_on_the_fl...
[ENTERTAINM] | YouTube  | [Normal]     | 97%    |    8.5ms | love from india...
[ENTERTAINM] | YouTube  | [Normal]     | 96%    |    6.1ms | Show the video of you gifting your mom $...
[ENTERTAINM] | YouTube  | [Normal]     | 95%    |   10.0ms | :police_car_light::police_car_light::pol...
[GAMING/GAM] | YouTube  | [Normal]     | 92%    |    6.0ms | BED...
[ENTERTAINM] | YouTube  | [Normal]     | 95%    |    6.4ms | Mr best...
[ENTERTAINM] | YouTube  | [Normal]     | 98%    |   14.1ms | 1 iphon plis.....
[ENTERTAINM] | YouTube  | [Normal]     | 86%    |   14.0ms | Yo...
[GAMING/GAM] | YouTube  | [Normal]     | 81%    |   10.1ms | woah are you the guy from Iron Lung :D...
[ENTERTAINM] | YouTube  | [Normal]     | 98%    |   12.0ms | waiting for new video on Saturday waitin...
[GAMING/GAM] | YouTube  | [Normal]     | 53%    |    6.5ms | well damn...
[ENTERTAINM] | YouTube  | [Normal]     | 94%    |    7.0ms | bruh...
[GAMING/GAM] | YouTube  | [Normal]     | 98%    |    8.0ms | INTERIOR LANTERN :fish-orange-wide-eyes:...
[GAMING/GAM] | YouTube  | [Normal]     | 97%    |   11.0ms | MARK THE LANTERN...
[PSYCHOLOGY] | YouTube  | [Normal]     | 96%    |   11.0ms | Self actualization...
[GAMING/SUR] | YouTube  | [Normal]     | 64%    |   14.1ms | you can only have 12...
[GAMING/GAM] | YouTube  | [Normal]     | 92%    |   13.0ms | Hey mark could you get Iron to some sort...
[GAMING/GAM] | YouTube  | [Normal]     | 98%    |   19.0ms | mark ffs stay on a camera for more than ...
[GAMING/GAM] | YouTube  | [Normal]     | 96%    |   22.3ms | mark the rode is side ways lmao...
[ENTERTAINM] | YouTube  | [Normal]     | 94%    |   16.6ms | 1...
[GAMING/GAM] | YouTube  | [Normal]     | 87%    |   15.0ms | NO...
[ENTERTAINM] | YouTube  | [Normal]     | 98%    |   28.7ms | :hand-pink-waving::hand-pink-waving::han...
[GAMING/SUR] | YouTube  | [Normal]     | 94%    |    7.0ms | LOL CANT SEE SHII...
[ENTERTAINM] | YouTube  | [Normal]     | 94%    |   13.5ms | 1...
[GAMING/GAM] | YouTube  | [Normal]     | 92%    |   18.0ms | GONNA SEE IRON LUNG TMR!!...
[GAMING/SUR] | YouTube  | [Normal]     | 86%    |   26.0ms | Don’t be nuts  wait for Welyn...
[GAMING/GAM] | YouTube  | [Normal]     | 96%    |   14.7ms | :_markiBRAIN:...
[GAMING/GAM] | YouTube  | [Normal]     | 96%    |    9.0ms | STAIRWELL RIGHT RAILING MOVED...
[GAMING/GAM] | YouTube  | [Normal]     | 97%    |    8.6ms | The lantern moved in interior...
[GAMING/GAM] | YouTube  | [Normal]     | 97%    |    8.0ms | bottom right moving of lighthouse?...
[GAMING/SUR] | YouTube  | [Normal]     | 96%    |    8.0ms | Higher. Build up first...
[GAMING/SUR] | YouTube  | [Normal]     | 91%    |   15.5ms | Wait oh god...
[GAMING/SUR] | YouTube  | [Normal]     | 96%    |   13.0ms | Needs to be higher P...
[ENTERTAINM] | YouTube  | [Normal]     | 95%    |   17.2ms | I am a student and I need money...
[GAMING/GAM] | YouTube  | [Normal]     | 98%    |   17.0ms | red lights red lights red lights...
[GAMING/GAM] | YouTube  | [Normal]     | 98%    |   12.1ms | Was the red light at the top of the ligh...
[ENTERTAINM] | YouTube  | [Normal]     | 97%    |    7.6ms | please help :loudly_crying_face::folded_...
[ENTERTAINM] | YouTube  | [Normal]     | 96%    |    8.0ms | Speak in Bengali....
[GAMING/GAM] | YouTube  | [Normal]     | 92%    |   10.5ms | Oh no...
[ENTERTAINM] | YouTube  | [Normal]     | 94%    |    8.0ms | hi...
[GAMING/GAM] | YouTube  | [Normal]     | 93%    |    7.0ms | F...
[ENTERTAINM] | YouTube  | [Normal]     | 98%    |   22.5ms | Ronaldo and Messi...
[ENTERTAINM] | YouTube  | [Normal]     | 95%    |   21.0ms | :red_heart:U mr beast...
[GAMING/GAM] | YouTube  | [Normal]     | 93%    |   14.5ms | yes...
[GAMING/GAM] | YouTube  | [Normal]     | 96%    |   14.0ms | There was a spinning pillar in the stair...
[GAMING/GAM] | YouTube  | [Normal]     | 96%    |   11.6ms | lol...
[GAMING/GAM] | YouTube  | [Normal]     | 94%    |   10.6ms | Try Again...
[ENTERTAINM] | YouTube  | [Normal]     | 89%    |   12.0ms | BACON BACON BACON...
[GAMING/GAM] | YouTube  | [Normal]     | 89%    |    8.0ms | NOOOOOB...
[GAMING/GAM] | YouTube  | [Normal]     | 96%    |    9.0ms | :_markiLOL:...
[ENTERTAINM] | YouTube  | [Normal]     | 93%    |   13.6ms | congretchulation...
[PSYCHOLOGY] | YouTube  | [Normal]     | 96%    |   16.4ms | Anime? JJK? Jung Jung Kaisen?...
[GAMING/GAM] | YouTube  | [Normal]     | 86%    |   12.0ms | who just called the #1 director in Ameri...
[ENTERTAINM] | YouTube  | [Normal]     | 84%    |   14.5ms | please Mr beast im home less my mom is k...
[ENTERTAINM] | YouTube  | [Normal]     | 62%    |   15.5ms | let's goooo chatt...
[GAMING/SUR] | YouTube  | [Normal]     | 96%    |   11.6ms | lol peanut loves the glaze...
[ENTERTAINM] | YouTube  | [Normal]     | 96%    |   11.1ms | This stream is better than world cup liv...
[ENTERTAINM] | YouTube  | [Normal]     | 95%    |    7.0ms | let's go 500M guys. let's go 500M guys. ...
[GAMING/GAM] | YouTube  | [Normal]     | 87%    |    9.0ms | your mom...
[MUSIC/CHIL] | YouTube  | [Normal]     | 97%    |   22.0ms | :beaming_face_with_smiling_eyes::rolling...
[ENTERTAINM] | YouTube  | [Normal]     | 89%    |   23.0ms | You are close to 500 million  MrBeast....
[ENTERTAINM] | YouTube  | [Normal]     | 97%    |   24.8ms | :flexed_biceps::flexed_biceps::flexed_bi...
[ENTERTAINM] | YouTube  | [Normal]     | 95%    |   10.5ms | thanks Mr beast...
[GAMING/GAM] | YouTube  | [Normal]     | 83%    |    7.0ms | Remember there are THREE mousetraps in t...
[ENTERTAINM] | YouTube  | [Normal]     | 98%    |    9.6ms | :hand-pink-waving::hand-pink-waving::han...
[ENTERTAINM] | YouTube  | [Normal]     | 97%    |   10.6ms | congrats for 500M...
[ENTERTAINM] | YouTube  | [Normal]     | 94%    |   10.0ms | Congrats already Jimmy  from Madagascarr...
[ENTERTAINM] | YouTube  | [Normal]     | 97%    |   14.0ms | а Мистер Бист умеет по русски разговарив...
[GAMING/SUR] | YouTube  | [Normal]     | 97%    |    8.6ms | Over 1000 scrap...
[GAMING/GAM] | YouTube  | [Normal]     | 94%    |   12.0ms | peakiplier...
[GAMING/SUR] | YouTube  | [Normal]     | 97%    |   16.0ms | You're doing amazing work peanut...
[ENTERTAINM] | YouTube  | [Normal]     | 94%    |   15.5ms | 78...
[ENTERTAINM] | YouTube  | [Normal]     | 94%    |   11.0ms | hi...
[GAMING/GAM] | YouTube  | [Normal]     | 96%    |   13.6ms | railing in the stairway moved behind the...
[ENTERTAINM] | YouTube  | [Normal]     | 97%    |   30.0ms | :person-turquoise-crowd-surf::yt::yt::yt...
[ENTERTAINM] | YouTube  | [Normal]     | 93%    |   19.0ms | ii dont see that...
[GAMING/GAM] | YouTube  | [Normal]     | 93%    |   18.0ms | Might be the least practical game to rea...
[ENTERTAINM] | YouTube  | [Normal]     | 95%    |   18.5ms | xin cahaof...
[GAMING/GAM] | YouTube  | [Normal]     | 70%    |   20.0ms | u should play more among us they've chan...
[MUSIC/CHIL] | YouTube  | [Normal]     | 94%    |   17.0ms | bolo bhi...
[ENTERTAINM] | YouTube  | [Normal]     | 95%    |   19.1ms | ай красава...
[GAMING/GAM] | YouTube  | [Normal]     | 96%    |    7.5ms | This guy looks like the actor in iron lu...
[GAMING/GAM] | YouTube  | [Normal]     | 49%    |    7.0ms | YIPPEEEE...
[MUSIC/CHIL] | YouTube  | [Normal]     | 97%    |   13.0ms | deep koi news wala nhi hu b khud dekho...
[GAMING/GAM] | YouTube  | [Normal]     | 97%    |    8.6ms | Hello Mr. Mark Fischbach. Just watched y...
[GAMING/SUR] | YouTube  | [Normal]     | 96%    |   15.6ms | its napalm so a sec...
[SELF-HELP/] | YouTube  | [Normal]     | 95%    |   10.0ms | hmmmm...
[ENTERTAINM] | YouTube  | [Normal]     | 96%    |    8.6ms | Hello Jimmy...
[GAMING/GAM] | YouTube  | [Normal]     | 93%    |    8.0ms | Yay! Nice job...
[GAMING/GAM] | YouTube  | [Normal]     | 95%    |   10.7ms | THANK THE LORD FOR SILENT HILL F...
[GAMING/SUR] | YouTube  | [Normal]     | 84%    |   12.8ms | MY MAN @TheBurntPeanut Wakes up gets rai...
[NEWS/LIVE ] | YouTube  | [Normal]     | 83%    |   21.0ms | BLACK BOY KARMELO IS IN CHAINS!! AS IT S...
[GAMING/SUR] | YouTube  | [Normal]     | 72%    |   16.6ms | how dose one join this sever! there goes...
[GAMING/GAM] | YouTube  | [Normal]     | 95%    |   11.6ms | STAIRWELL@@@@@...
[MUSIC/CHIL] | YouTube  | [Normal]     | 87%    |    9.5ms | agarbatti to tum jalarhi ho...
[ENTERTAINM] | YouTube  | [Normal]     | 95%    |   10.6ms | i know...
[GAMING/SUR] | YouTube  | [Normal]     | 95%    |   28.0ms | :rolling_on_the_floor_laughing::rolling_...
[GAMING/GAM] | YouTube  | [Normal]     | 49%    |   12.8ms | Look up iron butt from SpongeBob...
[GAMING/GAM] | YouTube  | [Normal]     | 92%    |    9.2ms | MISSING ]...
[GAMING/GAM] | YouTube  | [Normal]     | 93%    |    9.0ms | BEDROOM...
[GAMING/SUR] | YouTube  | [Normal]     | 98%    |    7.6ms | PERFECT SONG FOR THE DOORS...
[MUSIC/CHIL] | YouTube  | [Normal]     | 95%    |    8.0ms | !....
[GAMING/SUR] | YouTube  | [HATE]       | 45%    |    9.2ms | Who’s attacking them?...
[GAMING/GAM] | YouTube  | [Normal]     | 96%    |    9.0ms | What’s your thoughts on John?...
[ENTERTAINM] | YouTube  | [Normal]     | 93%    |    7.1ms | yes yes yes...
[ENTERTAINM] | YouTube  | [Normal]     | 96%    |   11.0ms | hello Jimmy...
[ENTERTAINM] | YouTube  | [Normal]     | 94%    |   18.6ms | Minecraft...
[GAMING/GAM] | YouTube  | [Normal]     | 95%    |   25.6ms | MOUSETRAP IN BASEMENT...
[GAMING/GAM] | YouTube  | [Normal]     | 83%    |   21.0ms | sabotage...
[GAMING/GAM] | YouTube  | [Normal]     | 94%    |   20.2ms | Yess...
[MUSIC/CHIL] | YouTube  | [Normal]     | 95%    |   15.6ms | 11 baje...
[GAMING/GAM] | YouTube  | [Normal]     | 94%    |   15.0ms | BASEMENT...
[ENTERTAINM] | YouTube  | [Normal]     | 96%    |   20.6ms | Some of us are in our 40s...
[GAMING/GAM] | YouTube  | [Normal]     | 94%    |   13.9ms | self sabatoge...
[SPORTS/FOO] | YouTube  | [Normal]     | 96%    |   14.0ms | :flexed_biceps:...
[ENTERTAINM] | YouTube  | [Normal]     | 87%    |   15.1ms | yesss...
[GAMING/GAM] | YouTube  | [Normal]     | 67%    |   26.1ms | there is a body in the bed...
[ENTERTAINM] | YouTube  | [Normal]     | 98%    |   19.0ms | :face-pink-tears:...
[ENTERTAINM] | YouTube  | [Normal]     | 65%    |   12.1ms | crazy...
[MUSIC/CHIL] | YouTube  | [Normal]     | 96%    |   17.0ms | sry endhuku...
[GAMING/GAM] | YouTube  | [Normal]     | 96%    |   13.6ms | i got the phone and TV setup...
[ENTERTAINM] | YouTube  | [Normal]     | 94%    |   10.6ms | Please...
[GAMING/GAM] | YouTube  | [Normal]     | 94%    |   10.0ms | HEY MARKIPLIER YOUR NUMBER ONE...
[GAMING/GAM] | YouTube  | [Normal]     | 94%    |   11.4ms | what's up markiplier how are you ?...
[GAMING/GAM] | YouTube  | [Normal]     | 94%    |   18.1ms | STAIRS...
[GAMING/GAM] | YouTube  | [Normal]     | 96%    |    8.0ms | the lantern shadow in intwerior...
[GAMING/GAM] | YouTube  | [Normal]     | 95%    |    8.5ms | STAIRWAY...
[GAMING/GAM] | YouTube  | [Normal]     | 93%    |   10.0ms | nah...
[GAMING/GAM] | YouTube  | [Normal]     | 98%    |    6.6ms | the jacket changed colours...
[GAMING/GAM] | YouTube  | [Normal]     | 96%    |    7.0ms | it looks cool bud...
[GAMING/GAM] | YouTube  | [Normal]     | 72%    |    8.1ms | it looks dumb...
[GAMING/GAM] | YouTube  | [Normal]     | 96%    |   14.0ms | so cool...
[ENTERTAINM] | YouTube  | [Normal]     | 93%    |   11.6ms | haaa...
[GAMING/GAM] | YouTube  | [Normal]     | 96%    |   17.5ms | Water?...
[ENTERTAINM] | YouTube  | [Normal]     | 97%    |   20.0ms | I am from India please give me money :mo...
[ENTERTAINM] | YouTube  | [Normal]     | 96%    |   21.1ms | please give my dream phone iphone 17 Pro...
[GAMING/GAM] | YouTube  | [Normal]     | 94%    |   13.5ms | D O N G...
[GAMING/GAM] | YouTube  | [Normal]     | 96%    |   25.0ms | oh yeah there’s an intruder at the dock ...
[GAMING/SUR] | YouTube  | [Normal]     | 97%    |   22.6ms | Peanut pulled aggro and ran into the hea...
[GAMING/GAM] | YouTube  | [Normal]     | 81%    |   20.8ms | MARK IS AN ANOMALY...
[GAMING/GAM] | YouTube  | [Normal]     | 94%    |   15.0ms | Missing RAILING in stairwell!...
[GAMING/GAM] | YouTube  | [Normal]     | 95%    |   13.6ms | I’m just here for the vibes...
[GAMING/GAM] | YouTube  | [Normal]     | 81%    |   12.1ms | i think hes obversating the duty...
[ENTERTAINM] | YouTube  | [HATE]       | 68%    |   10.6ms | Greetings from Argentina (The country of...
[GAMING/GAM] | YouTube  | [Normal]     | 96%    |   11.5ms | MARK THE BASEMENT...
[PSYCHOLOGY] | YouTube  | [Normal]     | 95%    |   12.6ms | 67...
[GAMING/GAM] | YouTube  | [Normal]     | 96%    |   19.1ms | extra bottle by the shed thing...
[GAMING/GAM] | YouTube  | [Normal]     | 89%    |   20.1ms | noice...
[NEWS/LIVE ] | YouTube  | [Normal]     | 64%    |   19.0ms | vulnerable bloke from Ulster ... is in a...
[GAMING/SUR] | YouTube  | [Normal]     | 95%    |   16.2ms | Repair armour...
[ENTERTAINM] | YouTube  | [Normal]     | 97%    |   21.5ms | :rolling_on_the_floor_laughing::rolling_...
[GAMING/GAM] | YouTube  | [Normal]     | 95%    |   17.2ms | Hi markkk...
[GAMING/SUR] | YouTube  | [Normal]     | 91%    |   17.0ms | GET TO THE CHOPPA...
[GAMING/SUR] | YouTube  | [Normal]     | 95%    |   13.2ms | M249...
[GAMING/GAM] | YouTube  | [Normal]     | 97%    |    9.0ms | Watched Iron Lung last weekend! It was A...
[MUSIC/CHIL] | YouTube  | [Normal]     | 96%    |    8.0ms | :man_in_steamy_room:...
[ENTERTAINM] | YouTube  | [Normal]     | 90%    |   12.5ms | you can hit 500m just keep on going  I'm...
[MUSIC/CHIL] | YouTube  | [Normal]     | 97%    |   10.4ms | Kejti Bezti Ketli :face_with_hand_over_m...
[ENTERTAINM] | YouTube  | [Normal]     | 50%    |    7.8ms | People voting no are just trolling...
[MUSIC/CHIL] | YouTube  | [Normal]     | 97%    |    9.5ms | @kavya-c9c1j face reveal...
[GAMING/GAM] | YouTube  | [Normal]     | 93%    |   11.0ms | less mousetrap...
[GAMING/GAM] | YouTube  | [Normal]     | 97%    |   11.8ms | Loved the film!!!!!...
[GAMING/GAM] | YouTube  | [Normal]     | 95%    |   11.2ms | not an abyss in the yard! not again!!!...
[GAMING/GAM] | YouTube  | [Normal]     | 96%    |   13.6ms | what's hanging in the light room?...
[GAMING/GAM] | YouTube  | [Normal]     | 87%    |   13.5ms | END OF THE HARBOUR...
[MUSIC/CHIL] | YouTube  | [Normal]     | 96%    |   11.6ms | Kezti haram :banana::face_with_hand_over...
[ENTERTAINM] | YouTube  | [Normal]     | 97%    |   11.5ms | :face-orange-raised-eyebrow:...
[GAMING/GAM] | YouTube  | [Normal]     | 94%    |    8.5ms | mjhmhm...
[ENTERTAINM] | YouTube  | [Normal]     | 96%    |   10.1ms | I know everyone there...
[ENTERTAINM] | YouTube  | [Normal]     | 94%    |    8.0ms | india india...
[ENTERTAINM] | YouTube  | [Normal]     | 86%    |   14.0ms | do you think these kids know smosh...
[PSYCHOLOGY] | YouTube  | [Normal]     | 96%    |   10.9ms | agreed...
[GAMING/GAM] | YouTube  | [Normal]     | 97%    |   12.0ms | Box next to purple towel!!...
[MUSIC/CHIL] | YouTube  | [Normal]     | 93%    |   11.0ms | haaa...
[GAMING/SUR] | YouTube  | [Normal]     | 95%    |   14.9ms | get better internet lmao...
[ENTERTAINM] | YouTube  | [Normal]     | 96%    |   10.0ms | New member...
[GAMING/SUR] | YouTube  | [OFFENSIVE]  | 80%    |   14.5ms | NO LAGGG HERE...
[ENTERTAINM] | YouTube  | [Normal]     | 95%    |    9.0ms | hello...
[ENTERTAINM] | YouTube  | [Normal]     | 93%    |   12.1ms | india...
[ENTERTAINM] | YouTube  | [Normal]     | 91%    |   14.5ms | everybody knows him...
[GAMING/GAM] | YouTube  | [Normal]     | 97%    |   14.0ms | I don't think I have ever been in a live...
[GAMING/GAM] | YouTube  | [Normal]     | 94%    |   14.0ms | mark has ADHD demand avoidance lolol...
[GAMING/GAM] | YouTube  | [Normal]     | 97%    |   16.0ms | MARK IN THE LANTERN ROOM  WASN'T THE HAN...
[GAMING/GAM] | YouTube  | [Normal]     | 96%    |    9.6ms | DELIVERY GUY ON BASEMENT...
[GAMING/GAM] | YouTube  | [Normal]     | 92%    |    9.0ms | CABIN WALLS CRACKING...
[SELF-HELP/] | YouTube  | [Normal]     | 71%    |    8.0ms | Thats what my manager said to me  if we ...
[PSYCHOLOGY] | YouTube  | [Normal]     | 97%    |    8.1ms | member lecture is next tuesday i think?...
[GAMING/SUR] | YouTube  | [Normal]     | 87%    |    7.0ms | lets go...
[GAMING/SUR] | YouTube  | [OFFENSIVE]  | 68%    |    8.0ms | :collision::collision:LETSSSS RIDEEEEE1:...
[GAMING/SUR] | YouTube  | [Normal]     | 86%    |    8.0ms | this is a bomb song...
[GAMING/SUR] | YouTube  | [OFFENSIVE]  | 78%    |    8.5ms | :_LetsGo::_LetsGo::_LetsGo::_LetsGo:...
[MUSIC/CHIL] | YouTube  | [Normal]     | 95%    |   10.0ms | nu  ea e o "sfântă"  dar are tupeul jego...
[GAMING/SUR] | YouTube  | [Normal]     | 88%    |    7.6ms | LOCK IN!...
[GAMING/SUR] | YouTube  | [Normal]     | 96%    |   14.0ms | EEEEEEEEEEE EEEEEEEEEEE EEEEEEEEEEE EEEE...
[GAMING/SUR] | YouTube  | [Normal]     | 94%    |   11.6ms | New into...
[GAMING/SUR] | YouTube  | [Normal]     | 89%    |   11.5ms | :_LetsRide::_LetsRide::_LetsRide:...
[GAMING/SUR] | YouTube  | [Normal]     | 94%    |   10.0ms | W song...
[GAMING/SUR] | YouTube  | [OFFENSIVE]  | 94%    |   17.6ms | Holy shit Peanut is pregnant!?!?!?!?!?!...
[GAMING/SUR] | YouTube  | [Normal]     | 90%    |   11.4ms | slurzy Saturday!!!...
[GAMING/SUR] | YouTube  | [Normal]     | 82%    |   13.7ms | His voice is so cracked...
[NEWS/LIVE ] | YouTube  | [Normal]     | 92%    |    8.0ms | Will Smith slapped a guy and suffered no...
[MUSIC/CHIL] | YouTube  | [Normal]     | 98%    |   10.0ms | good evening :cityscape_at_dusk:...
[GAMING/SUR] | YouTube  | [OFFENSIVE]  | 76%    |   16.7ms | LETTTTTSSSS GOOOOOOO...
[GAMING/SUR] | YouTube  | [Normal]     | 96%    |   10.0ms | morning!!!!!...
[NEWS/LIVE ] | YouTube  | [Normal]     | 95%    |   14.6ms | I care for my fellow Americans  here...
[GAMING/SUR] | YouTube  | [Normal]     | 87%    |   14.0ms | get the poop bucket...
[GAMING/SUR] | YouTube  | [OFFENSIVE]  | 54%    |   12.0ms | happy birthday nutter...
[GAMING/SUR] | YouTube  | [Normal]     | 94%    |   17.0ms | W meth boy...
[GAMING/SUR] | YouTube  | [Normal]     | 96%    |   20.0ms | peanut thank you for making me laugh alr...
[GAMING/SUR] | YouTube  | [Normal]     | 97%    |   13.0ms | reminds me of when H1Z1 was at its peak....
[GAMING/SUR] | YouTube  | [OFFENSIVE]  | 60%    |   12.5ms | :_LetsGo:...
[SELF-HELP/] | YouTube  | [Normal]     | 89%    |   11.0ms | wroooom...
[GAMING/SUR] | YouTube  | [Normal]     | 90%    |   11.0ms | yessssss...
[GAMING/SUR] | YouTube  | [Normal]     | 91%    |   20.0ms | DOOR...
[GAMING/SUR] | YouTube  | [Normal]     | 95%    |   17.3ms | h2o...
[GAMING/SUR] | YouTube  | [OFFENSIVE]  | 82%    |   21.5ms | He’s a fucking LEGEND!!!!!...
[NEWS/LIVE ] | YouTube  | [Normal]     | 60%    |   20.0ms | Technically YOU  don't own your home the...
[GAMING/SUR] | YouTube  | [Normal]     | 96%    |   18.3ms | Welcome to Bungulator Board Member!...
[GAMING/SUR] | YouTube  | [Normal]     | 87%    |   20.3ms | he is a very hilarious youtuber...
[GAMING/SUR] | YouTube  | [Normal]     | 97%    |   30.1ms | :crown::crown: LONG LIVE THE KING PEANUT...
[GAMING/SUR] | YouTube  | [Normal]     | 95%    |   14.0ms | Doors open...
[GAMING/SUR] | YouTube  | [Normal]     | 91%    |   13.0ms | look at timer...
[GAMING/SUR] | YouTube  | [Normal]     | 92%    |   12.0ms | Gate...
[SELF-HELP/] | YouTube  | [Normal]     | 92%    |   17.1ms | have you seen the astral beings laffey...
[PSYCHOLOGY] | YouTube  | [Normal]     | 96%    |   13.0ms | i got lost listening to him...
[GAMING/SUR] | YouTube  | [Normal]     | 97%    |   21.7ms | was in the middle of a ranked match when...
[MUSIC/CHIL] | YouTube  | [Normal]     | 95%    |   20.1ms | How is your weekend so far @Cata...
[GAMING/SUR] | YouTube  | [Normal]     | 89%    |   16.0ms | woooooooooooah...
[GAMING/SUR] | YouTube  | [Normal]     | 96%    |   11.9ms | lmao...
[GAMING/SUR] | YouTube  | [Normal]     | 94%    |   14.1ms | On the ground...
[GAMING/SUR] | YouTube  | [Normal]     | 95%    |   21.0ms | what is a die-a-ria?...
[GAMING/SUR] | YouTube  | [Normal]     | 93%    |   15.0ms | Southside...
[GAMING/SUR] | YouTube  | [Normal]     | 78%    |   10.0ms | no way...
[GAMING/SUR] | YouTube  | [Normal]     | 96%    |   12.0ms | ITS H20!!!...
[GAMING/SUR] | YouTube  | [Normal]     | 96%    |   17.5ms | H2O and P...
[GAMING/SUR] | YouTube  | [Normal]     | 95%    |   19.0ms | Lmaooo...
[NEWS/LIVE ] | YouTube  | [Normal]     | 94%    |   22.9ms | we're not going back :back_arrow: we're ...
[GAMING/SUR] | YouTube  | [Normal]     | 95%    |   17.6ms | oooo my god h2o...
[NEWS/LIVE ] | YouTube  | [Normal]     | 84%    |   22.5ms | well it's time to stop succeding...
[GAMING/SUR] | YouTube  | [Normal]     | 96%    |   17.5ms | blue...
[GAMING/SUR] | YouTube  | [Normal]     | 94%    |   16.5ms | 10...
[GAMING/ESP] | YouTube  | [Normal]     | 95%    |   12.9ms | :skull:...
[PSYCHOLOGY] | YouTube  | [Normal]     | 78%    |    9.7ms | !sexy...
[GAMING/SUR] | YouTube  | [Normal]     | 96%    |    7.0ms | lmqo...
[PSYCHOLOGY] | YouTube  | [Normal]     | 93%    |   10.0ms | A video on maladaptive daydreaming might...
[PSYCHOLOGY] | YouTube  | [Normal]     | 96%    |    8.1ms | is doc reading the chat...
[GAMING/SUR] | YouTube  | [Normal]     | 97%    |    7.0ms | 1/3 have more spaces...
[GAMING/SUR] | YouTube  | [Normal]     | 45%    |    8.0ms | the wheel is not a good investment...
[GAMING/SUR] | YouTube  | [Normal]     | 96%    |   21.0ms | o7 for the scrap...
[GAMING/SUR] | YouTube  | [Normal]     | 49%    |   15.0ms | Standing at 14 is dumb af...
[GAMING/SUR] | YouTube  | [Normal]     | 82%    |   14.5ms | LMFAAAAAOOOOOOOOOOOOOOOOOOOOOOOOOOOO...
[PSYCHOLOGY] | YouTube  | [Normal]     | 96%    |   15.5ms | guide helped in pick up on cue to keep p...
[GAMING/SUR] | YouTube  | [Normal]     | 95%    |   13.5ms | :rolling_on_the_floor_laughing::rolling_...
[GAMING/SUR] | YouTube  | [Normal]     | 95%    |   10.0ms | hit...
[PSYCHOLOGY] | YouTube  | [Normal]     | 91%    |    7.1ms | it was hard to choose...
[GAMING/SUR] | YouTube  | [Normal]     | 95%    |   11.2ms | good push...
[PSYCHOLOGY] | YouTube  | [Normal]     | 98%    |   10.0ms | there are more surveys? i need to check ...
[GAMING/SUR] | YouTube  | [Normal]     | 97%    |    7.5ms | Brooooo peanut on rust again?! Back to b...
[GAMING/SUR] | YouTube  | [Normal]     | 96%    |    8.0ms | LMAO...
[GAMING/SUR] | YouTube  | [Normal]     | 96%    |    8.0ms | lmao...
[GAMING/SUR] | YouTube  | [Normal]     | 95%    |    6.0ms | Fun’s over lol...
[GAMING/SUR] | YouTube  | [Normal]     | 95%    |    7.0ms | LOLLLL...
[GAMING/SUR] | YouTube  | [Normal]     | 97%    |    7.0ms | someone please clip that from both Peanu...
[PSYCHOLOGY] | YouTube  | [Normal]     | 75%    |    7.0ms | How helpful is this for those who have p...
[GAMING/SUR] | YouTube  | [Normal]     | 97%    |   14.0ms | HARD WORK WORK...
[GAMING/SUR] | YouTube  | [Normal]     | 95%    |   23.0ms | its 1...
[GAMING/SUR] | YouTube  | [Normal]     | 97%    |   20.6ms | :crown::crown: LONG LIVE THE KING PEANUT...
[SPORTS/FOO] | YouTube  | [Normal]     | 82%    |   11.0ms | workd cup matchesdoes this channel broad...
[GAMING/SUR] | YouTube  | [Normal]     | 44%    |   14.6ms | you don’t fold in black jack idiot...
[GAMING/SUR] | YouTube  | [Normal]     | 96%    |   17.0ms | haa:rolling_on_the_floor_laughing::rolli...
[GAMING/SUR] | YouTube  | [Normal]     | 90%    |   16.2ms | Hahahaha...
[GAMING/SUR] | YouTube  | [Normal]     | 53%    |   17.0ms | stop gambling and go build the base wtf...
[MUSIC/CHIL] | YouTube  | [OFFENSIVE]  | 59%    |   16.9ms | ap kaise ho @kavya-c9c1j...
[GAMING/SUR] | YouTube  | [Normal]     | 87%    |   16.1ms | yer working backwards...
[GAMING/SUR] | YouTube  | [Normal]     | 79%    |    7.1ms | gambling away the family fortune...
[MUSIC/CHIL] | YouTube  | [Normal]     | 95%    |    6.5ms | :fountain::backhand_index_pointing_left:...
[MUSIC/CHIL] | YouTube  | [Normal]     | 97%    |    7.0ms | Pyar Kiya tho darna Kya :musical_notes:...
[ENTERTAINM] | YouTube  | [Normal]     | 94%    |    7.1ms | Oh a ad...
[ENTERTAINM] | YouTube  | [Normal]     | 95%    |   12.6ms | ураааа...
[ENTERTAINM] | YouTube  | [Normal]     | 95%    |   14.0ms | wow...
[ENTERTAINM] | YouTube  | [Normal]     | 91%    |   17.0ms | Yooooooooooo...
[ENTERTAINM] | YouTube  | [Normal]     | 82%    |   12.5ms | Yas...
[ENTERTAINM] | YouTube  | [Normal]     | 87%    |   11.1ms | yooow...
[PSYCHOLOGY] | YouTube  | [Normal]     | 91%    |   12.5ms | but what do you mean by explain?...
[GAMING/GAM] | YouTube  | [Normal]     | 95%    |   14.0ms | YAYYYYY JUST IN TIME FOR DINNER...
[ENTERTAINM] | YouTube  | [Normal]     | 93%    |   15.0ms | lolololo...
[ENTERTAINM] | YouTube  | [Normal]     | 95%    |   11.6ms | HELLOOOOO...
[GAMING/SUR] | YouTube  | [Normal]     | 87%    |   12.0ms | no music...
[GAMING/SUR] | YouTube  | [OFFENSIVE]  | 52%    |   11.7ms | oh shit...
[ENTERTAINM] | YouTube  | [Normal]     | 87%    |   10.0ms | UNFOL gues...
[MUSIC/CHIL] | YouTube  | [Normal]     | 97%    |   21.0ms | seren sare:smiling_face_with_tear:...
[ENTERTAINM] | YouTube  | [Normal]     | 97%    |   14.0ms | :smiling_face_with_heart_eyes:...
[ENTERTAINM] | YouTube  | [Normal]     | 97%    |    9.0ms | Love from New Zealand...
[GAMING/GAM] | YouTube  | [Normal]     | 97%    |   18.6ms | GREETINGS...
[SELF-HELP/] | YouTube  | [Normal]     | 44%    |   16.6ms | is the hate coming from outside or insid...
[MUSIC/CHIL] | YouTube  | [Normal]     | 95%    |   15.0ms | Good:cigarette::face_exhaling:...
[SELF-HELP/] | YouTube  | [Normal]     | 57%    |    8.2ms | Hate is ego...
[ENTERTAINM] | YouTube  | [Normal]     | 90%    |    8.0ms | yoooooo...
[ENTERTAINM] | YouTube  | [Normal]     | 65%    |    8.0ms | mr beast if ur channel was stocks i woul...
[PSYCHOLOGY] | YouTube  | [Normal]     | 94%    |    8.0ms | jung takover 21st century...
[GAMING/GAM] | YouTube  | [Normal]     | 96%    |    8.0ms | Hi Mark...
[ENTERTAINM] | YouTube  | [Normal]     | 97%    |    8.0ms | Faaaaa...
[MUSIC/CHIL] | YouTube  | [Normal]     | 95%    |   21.0ms | Vsannu ninnu kottina aa kukkani kottina ...
[PSYCHOLOGY] | YouTube  | [Normal]     | 94%    |   19.4ms | no not really...
[GAMING/GAM] | YouTube  | [Normal]     | 97%    |   18.0ms | Good afternoon Love your content  been w...
[GAMING/GAM] | YouTube  | [Normal]     | 96%    |   21.5ms | :_markiYAY::_markiLOVE::_markiYAY::_mark...
[PSYCHOLOGY] | YouTube  | [Normal]     | 96%    |   17.0ms | nope only from the atlus game...
[ENTERTAINM] | YouTube  | [Normal]     | 92%    |   12.0ms | yeah...
[GAMING/GAM] | YouTube  | [OFFENSIVE]  | 78%    |    7.5ms | Hell yeah!!...
[ENTERTAINM] | YouTube  | [Normal]     | 96%    |   17.2ms | I want help br beast I am an Indian...
[MUSIC/CHIL] | YouTube  | [Normal]     | 95%    |   26.0ms | shish Singh me badhiya hu tum batao...
[GAMING/GAM] | YouTube  | [Normal]     | 97%    |   18.9ms | we love you mark!...
[ENTERTAINM] | YouTube  | [Normal]     | 95%    |   16.2ms | so good...
[ENTERTAINM] | YouTube  | [Normal]     | 93%    |   19.0ms | Deam...
[ENTERTAINM] | YouTube  | [Normal]     | 95%    |   17.3ms | give me only one ipad please sir...
[SELF-HELP/] | YouTube  | [Normal]     | 92%    |   19.0ms | yo smash?...
[GAMING/GAM] | YouTube  | [Normal]     | 97%    |   16.0ms | best horror movie i've seen in a while...
[GAMING/GAM] | YouTube  | [Normal]     | 97%    |    9.0ms | I loved the movie <3...
[GAMING/GAM] | YouTube  | [Normal]     | 97%    |   18.0ms | Loved the movie! Great job! :clapping_ha...
[NEWS/LIVE ] | YouTube  | [Normal]     | 96%    |   17.0ms | ...by the wolves :lion:...
[GAMING/GAM] | YouTube  | [Normal]     | 96%    |   16.5ms | :_markiHEART:...
[GAMING/GAM] | YouTube  | [Normal]     | 89%    |   17.0ms | YAY IRON LUNG!!!!!...
[GAMING/GAM] | YouTube  | [Normal]     | 96%    |    9.6ms | YEAAA...
[ENTERTAINM] | YouTube  | [Normal]     | 97%    |   18.5ms | can i have a job?...
[MUSIC/CHIL] | YouTube  | [Normal]     | 97%    |   14.0ms | kavya me to daily aata hu tum notice n k...
[GAMING/GAM] | YouTube  | [Normal]     | 93%    |    9.1ms | LIGHT HOUSE!!...
[ENTERTAINM] | YouTube  | [Normal]     | 94%    |    8.1ms | hi...
[ENTERTAINM] | YouTube  | [Normal]     | 94%    |   10.7ms | Hi...
[PSYCHOLOGY] | YouTube  | [Normal]     | 96%    |   13.7ms | samskaras...
[ENTERTAINM] | YouTube  | [Normal]     | 94%    |   11.6ms | Rest...
[GAMING/GAM] | YouTube  | [Normal]     | 95%    |   20.3ms | Have you ever played Outer Wilds? seems ...
[GAMING/GAM] | YouTube  | [Normal]     | 95%    |   13.4ms | im currently driving (red light) home fr...
[ENTERTAINM] | YouTube  | [Normal]     | 78%    |   12.9ms | GG! you should get new special button...
[ENTERTAINM] | YouTube  | [Normal]     | 92%    |   15.3ms | from videos to milliones!...
[GAMING/GAM] | YouTube  | [Normal]     | 95%    |   13.7ms | Airplane...
[PSYCHOLOGY] | YouTube  | [Normal]     | 93%    |   14.3ms | TRUTH!!!...
[ENTERTAINM] | YouTube  | [Normal]     | 97%    |   15.5ms | :red_heart::red_heart::red_heart::red_he...
[GAMING/SUR] | YouTube  | [Normal]     | 97%    |   10.9ms | That billboard was :fire:...
[GAMING/GAM] | YouTube  | [Normal]     | 72%    |   14.3ms | AIRPLANE IS TOO EASY...
[GAMING/GAM] | YouTube  | [Normal]     | 96%    |    9.3ms | lighthouse sounds like a cool one...
[GAMING/GAM] | YouTube  | [Normal]     | 98%    |    9.1ms | AIRPLANE:face-blue-smiling::face-blue-sm...
[ENTERTAINM] | YouTube  | [OFFENSIVE]  | 67%    |   15.3ms | Congratssssss mr beasttt...
[GAMING/GAM] | YouTube  | [Normal]     | 94%    |   18.8ms | fashion...
[GAMING/GAM] | YouTube  | [Normal]     | 94%    |   14.0ms | Saw Iron Lung Yesterday and was absolute...
[ENTERTAINM] | YouTube  | [Normal]     | 94%    |   24.9ms | 한국인이다...
[GAMING/GAM] | YouTube  | [Normal]     | 97%    |   23.2ms | Markiplier fell down the stairs and star...
[ENTERTAINM] | YouTube  | [Normal]     | 94%    |   19.6ms | hi...
[ENTERTAINM] | YouTube  | [Normal]     | 97%    |   18.6ms | I FROM INDONESIA...
[MUSIC/CHIL] | YouTube  | [Normal]     | 93%    |   16.6ms | @GTALife--872...
[ENTERTAINM] | YouTube  | [Normal]     | 92%    |   13.7ms | Mr beats...
[GAMING/GAM] | YouTube  | [Normal]     | 91%    |    8.5ms | PORTUGAL...
[ENTERTAINM] | YouTube  | [Normal]     | 90%    |    7.5ms | Yoooooo...
[GAMING/GAM] | YouTube  | [Normal]     | 93%    |   14.0ms | Mark  I walked away from Iron Lung psych...
[GAMING/SUR] | YouTube  | [Normal]     | 93%    |    8.0ms | Expect to lose next so bet small...
[GAMING/SUR] | YouTube  | [Normal]     | 95%    |   17.6ms | why didnt dealer draw on 18...
[GAMING/GAM] | YouTube  | [Normal]     | 96%    |   13.6ms | This is my first Iive!...
[ENTERTAINM] | YouTube  | [Normal]     | 96%    |    7.6ms | please reply me frome Bangladesh...
[GAMING/SUR] | YouTube  | [Normal]     | 97%    |    6.0ms | stand on 12 ?...
[GAMING/SUR] | YouTube  | [Normal]     | 96%    |    9.0ms | It’s high cards now...
[GAMING/SUR] | YouTube  | [Normal]     | 90%    |   12.5ms | no problem...
[ENTERTAINM] | YouTube  | [Normal]     | 94%    |   14.0ms | 1...
[ENTERTAINM] | YouTube  | [Normal]     | 89%    |   10.5ms | YOOOOOOOOOOOO...
[ENTERTAINM] | YouTube  | [Normal]     | 94%    |   13.0ms | 2...
[ENTERTAINM] | YouTube  | [Normal]     | 94%    |   14.8ms | 1...
[GAMING/GAM] | YouTube  | [Normal]     | 86%    |   17.0ms | Airplane is really boring guys...
[GAMING/SUR] | YouTube  | [Normal]     | 89%    |   17.0ms | noooooo...
[GAMING/SUR] | YouTube  | [Normal]     | 91%    |    8.0ms | Split...
[GAMING/SUR] | YouTube  | [Normal]     | 87%    |    8.0ms | No...
[GAMING/SUR] | YouTube  | [Normal]     | 90%    |    7.5ms | stick...
[MUSIC/CHIL] | YouTube  | [Normal]     | 87%    |    7.0ms | deepzz hey...
[GAMING/GAM] | YouTube  | [Normal]     | 97%    |   14.6ms | Welcome to Member!...
[GAMING/GAM] | YouTube  | [Normal]     | 97%    |   14.0ms | airplane!!!!!!!!...
[MUSIC/CHIL] | YouTube  | [Normal]     | 96%    |    9.0ms | fred no I haven't seen her in  I think  ...
[GAMING/GAM] | YouTube  | [Normal]     | 93%    |    8.0ms | JUST SAW IRON LUNG WEDNESDAY IT WAS AMAZ...
[GAMING/GAM] | YouTube  | [Normal]     | 88%    |   11.0ms | I have a friend in Mexico who wants to s...
[GAMING/SUR] | YouTube  | [Normal]     | 97%    |   13.5ms | After this win be done lol...
[GAMING/GAM] | YouTube  | [Normal]     | 94%    |   15.0ms | hi...
[GAMING/GAM] | YouTube  | [Normal]     | 92%    |   14.0ms | I JUST SAW IRON LUNG AGAIN YAY YAY YAY...
[GAMING/GAM] | YouTube  | [Normal]     | 97%    |   14.0ms | I heard it fine :beaming_face_with_smili...
[GAMING/GAM] | YouTube  | [Normal]     | 95%    |   10.0ms | interesting...
[GAMING/SUR] | YouTube  | [Normal]     | 93%    |   10.0ms | Max bet...
[ENTERTAINM] | YouTube  | [OFFENSIVE]  | 50%    |    8.0ms | 500m Let's gooooo!!!...
[GAMING/GAM] | YouTube  | [Normal]     | 96%    |    9.0ms | First...
[GAMING/GAM] | YouTube  | [Normal]     | 97%    |    6.1ms | Woooooooo:hand-pink-waving:...
[GAMING/GAM] | YouTube  | [Normal]     | 96%    |   16.2ms | Hey Mark… I really really needed one of ...
[GAMING/SUR] | YouTube  | [Normal]     | 95%    |   14.7ms | :washhands::washhands::washhands:...
[GAMING/SUR] | YouTube  | [Normal]     | 97%    |   19.6ms | 1/3 of total every bet.. always split 10...
[SPORTS/FOO] | YouTube  | [Normal]     | 94%    |   16.0ms | Japan will win...
[GAMING/GAM] | YouTube  | [Normal]     | 98%    |   12.0ms | i had atmos!...
[ENTERTAINM] | YouTube  | [Normal]     | 96%    |   16.1ms | Going to Area 51...
[GAMING/SUR] | YouTube  | [Normal]     | 95%    |   10.1ms | hit...
[GAMING/SUR] | YouTube  | [Normal]     | 96%    |   15.0ms | HYUGE :kissing_face:...
[GAMING/GAM] | YouTube  | [Normal]     | 97%    |    9.5ms | hi mark :red_heart:...
[GAMING/GAM] | YouTube  | [Normal]     | 97%    |   10.1ms | Audio was fine in the theatre I went to ...
[GAMING/GAM] | YouTube  | [Normal]     | 95%    |   14.5ms | Mr.Lung had a YouTube Channel?...
[GAMING/SUR] | YouTube  | [Normal]     | 97%    |   12.5ms | PEANUT PLAY YOUR INTRO! Astro :fire::fir...
[GAMING/GAM] | YouTube  | [Normal]     | 97%    |   17.5ms | Saw the movie  was the only one in the t...
[GAMING/GAM] | YouTube  | [Normal]     | 95%    |   23.0ms | Mark isn't reading out messages. :(...
[ENTERTAINM] | YouTube  | [Normal]     | 96%    |   38.1ms | :yt::yt::yt::yt::yt::yt::yt::yt::yt::yt:...
[GAMING/GAM] | YouTube  | [Normal]     | 96%    |   16.1ms | the theater i went to had the 7...
[GAMING/GAM] | YouTube  | [Normal]     | 93%    |   23.0ms | Hey Mark just saw iron lung and i want t...
[MUSIC/CHIL] | YouTube  | [Normal]     | 96%    |   11.6ms | lol...
[ENTERTAINM] | YouTube  | [Normal]     | 96%    |   12.5ms | привет друн...
[SELF-HELP/] | YouTube  | [Normal]     | 72%    |   13.0ms | He's right. Consider being insulted in a...
[NEWS/LIVE ] | YouTube  | [Normal]     | 83%    |    8.0ms | no thats called tyranny...
[GAMING/SUR] | YouTube  | [Normal]     | 97%    |   12.0ms | :face-green-smiling::face-green-smiling:...
[ENTERTAINM] | YouTube  | [Normal]     | 96%    |   19.7ms | I'm from India hello I'm new in YouTube...
[GAMING/GAM] | YouTube  | [Normal]     | 97%    |   18.5ms | Did you set a timer for the poll?...
[PSYCHOLOGY] | YouTube  | [Normal]     | 96%    |   13.0ms | balance in all things...
[GAMING/GAM] | YouTube  | [Normal]     | 94%    |   11.5ms | AIRPLANE AIRPLANE...
[GAMING/GAM] | YouTube  | [Normal]     | 91%    |    8.0ms | IS IRON LING STILL IN THEATERS ??!?...
[ENTERTAINM] | YouTube  | [Normal]     | 94%    |   15.1ms | Hi...
[GAMING/GAM] | YouTube  | [Normal]     | 94%    |   21.5ms | hi dude...
[GAMING/GAM] | YouTube  | [Normal]     | 91%    |   17.0ms | If I was able to watch Iron Lung for the...
[ENTERTAINM] | YouTube  | [Normal]     | 97%    |   22.6ms | harás un vídeo celebrando tus 500millone...
[GAMING/SUR] | YouTube  | [Normal]     | 97%    |   23.0ms | Lend peanut 500 scrap...
[ENTERTAINM] | YouTube  | [Normal]     | 97%    |   21.0ms | i am from brasil...
[GAMING/GAM] | YouTube  | [Normal]     | 92%    |   20.7ms | Lighthouse for iron lung...
[ENTERTAINM] | YouTube  | [Normal]     | 98%    |   21.9ms | :stopwatch-blue-hand-timer::yt::yt::yt::...
[GAMING/GAM] | YouTube  | [Normal]     | 94%    |   18.3ms | partyfoulval take it back...
[GAMING/GAM] | YouTube  | [Normal]     | 94%    |   18.6ms | Airplaneeeeee...
[GAMING/SUR] | YouTube  | [Normal]     | 78%    |   19.6ms | Get Ninirust to finish your base. she is...
[GAMING/SUR] | YouTube  | [Normal]     | 96%    |    9.8ms | sooo much...
[ENTERTAINM] | YouTube  | [Normal]     | 94%    |   21.1ms | hi...
[GAMING/SUR] | YouTube  | [Normal]     | 56%    |   15.1ms | let him coook...
[GAMING/SUR] | YouTube  | [Normal]     | 84%    |   18.0ms | rigged...
[ENTERTAINM] | YouTube  | [Normal]     | 94%    |   12.1ms | congretchulation bro...
[GAMING/SUR] | YouTube  | [Normal]     | 67%    |    8.2ms | Gingy going to be pissed...
[GAMING/GAM] | YouTube  | [Normal]     | 96%    |    7.6ms | mark its observation not obversation...
[ENTERTAINM] | YouTube  | [Normal]     | 87%    |    8.0ms | raid...
[GAMING/GAM] | YouTube  | [Normal]     | 59%    |    7.0ms | At least they put you in Guam...
[GAMING/GAM] | YouTube  | [Normal]     | 76%    |    7.0ms | #NO.1 let's gooooooooooooooc...
[ENTERTAINM] | YouTube  | [Normal]     | 97%    |   31.0ms | invite me in live stream :folded_hands::...
[ENTERTAINM] | YouTube  | [Normal]     | 97%    |    6.6ms | I am from Brazil...
[ENTERTAINM] | YouTube  | [Normal]     | 97%    |   13.7ms | hello :waving_hand::hugging_face:...
[GAMING/GAM] | YouTube  | [Normal]     | 96%    |   17.4ms | The movie was so cool...
[ENTERTAINM] | YouTube  | [Normal]     | 92%    |   10.0ms | but you hit 13Million views...
[ENTERTAINM] | YouTube  | [Normal]     | 97%    |    9.0ms | I watch you 5 years please see that plea...
[GAMING/GAM] | YouTube  | [Normal]     | 87%    |    7.0ms | LOCK IN...
[GAMING/GAM] | YouTube  | [Normal]     | 96%    |   11.6ms | :_markiJIM:...
[ENTERTAINM] | YouTube  | [Normal]     | 93%    |   17.7ms | ༼ つ ◕_◕ ༽つ...
[GAMING/GAM] | YouTube  | [Normal]     | 94%    |   17.2ms | YAAAAYYYYY...
[GAMING/GAM] | YouTube  | [Normal]     | 98%    |   16.0ms | Airplane. :airplane: second tower...
[GAMING/GAM] | YouTube  | [Normal]     | 93%    |   20.2ms | Distractable herm merch...
[GAMING/GAM] | YouTube  | [Normal]     | 94%    |   11.3ms | The OCEAN...
[GAMING/GAM] | YouTube  | [Normal]     | 95%    |   16.0ms | I love your moive!...
[GAMING/GAM] | YouTube  | [Normal]     | 91%    |   16.1ms | the fog...
[GAMING/GAM] | YouTube  | [Normal]     | 95%    |   15.0ms | everyone at my local theater on Iron Lun...
[SELF-HELP/] | YouTube  | [HATE]       | 41%    |   21.0ms | because they're not trying in life...
[GAMING/SUR] | YouTube  | [Normal]     | 94%    |   13.0ms | Lost...
[SELF-HELP/] | YouTube  | [Normal]     | 62%    |   11.8ms | They tried once and it hurt them so now ...
[NEWS/LIVE ] | YouTube  | [Normal]     | 97%    |   10.0ms | Administration full of criminals demandi...
[GAMING/GAM] | YouTube  | [Normal]     | 92%    |   15.1ms | :virtualhug::virtualhug::virtualhug::vir...
[ENTERTAINM] | YouTube  | [Normal]     | 95%    |    8.0ms | hii...
[GAMING/SUR] | YouTube  | [Normal]     | 94%    |   11.4ms | No way h20 is playing lmao...
[ENTERTAINM] | YouTube  | [Normal]     | 93%    |    7.3ms | アメリカは何時ですか...
[MUSIC/CHIL] | YouTube  | [Normal]     | 97%    |    9.5ms | with my soul you play   with my heart yo...
[GAMING/GAM] | YouTube  | [Normal]     | 95%    |   15.0ms | I watched Iron lung it's really good...
[GAMING/GAM] | YouTube  | [Normal]     | 79%    |   16.0ms | I can't see it because it's rated r and ...
[SELF-HELP/] | YouTube  | [Normal]     | 37%    |   13.6ms | It makes them feel like they are not doi...
[ENTERTAINM] | YouTube  | [Normal]     | 94%    |   14.7ms | hi...
[GAMING/SUR] | YouTube  | [Normal]     | 95%    |   12.0ms | Happy Happy Happy...
[GAMING/SUR] | YouTube  | [Normal]     | 98%    |   15.0ms | BLUE BLUE...
[ENTERTAINM] | YouTube  | [Normal]     | 94%    |    7.6ms | hi...
[GAMING/GAM] | YouTube  | [Normal]     | 93%    |    7.0ms | meow...
[ENTERTAINM] | YouTube  | [Normal]     | 95%    |    8.0ms | give me ps5 from india...
[ENTERTAINM] | YouTube  | [Normal]     | 93%    |    8.6ms | W stream...
[PSYCHOLOGY] | YouTube  | [Normal]     | 93%    |    7.6ms | YEP...
[ENTERTAINM] | YouTube  | [Normal]     | 96%    |    7.6ms | give me 10000 dollars...
[ENTERTAINM] | YouTube  | [Normal]     | 97%    |   10.0ms | where's cookie...
[GAMING/SUR] | YouTube  | [Normal]     | 96%    |    8.6ms | LMAO...
[GAMING/SUR] | YouTube  | [OFFENSIVE]  | 55%    |   16.5ms | HOLY HELL HE SUCKS...
[GAMING/GAM] | YouTube  | [Normal]     | 91%    |   22.0ms | lol the title says Obversation Duty that...
[GAMING/GAM] | YouTube  | [Normal]     | 96%    |   15.7ms | save the cheese...
[GAMING/SUR] | YouTube  | [Normal]     | 84%    |   20.5ms | dont worry the come up is coming back ri...
[ENTERTAINM] | YouTube  | [Normal]     | 96%    |    8.0ms | اا...
[GAMING/GAM] | YouTube  | [Normal]     | 98%    |   11.6ms | Mark my words... Markiplier...
[GAMING/SUR] | YouTube  | [Normal]     | 98%    |   17.2ms | first purple box 1k in it...
[GAMING/GAM] | YouTube  | [Normal]     | 90%    |   11.0ms | 草...
[GAMING/GAM] | YouTube  | [Normal]     | 91%    |    9.0ms | GO BACK SOMETHING MOVED...
[GAMING/SUR] | YouTube  | [Normal]     | 96%    |    9.8ms | lol...
[ENTERTAINM] | YouTube  | [Normal]     | 97%    |    7.5ms | Welcome New Member!...
[MUSIC/CHIL] | YouTube  | [Normal]     | 97%    |   10.0ms | :woman_getting_massage::musical_notes:...
[ENTERTAINM] | YouTube  | [Normal]     | 92%    |   11.5ms | meeeeeeeeeeeeee...
[GAMING/SUR] | YouTube  | [Normal]     | 97%    |   26.3ms | :face_with_tears_of_joy::face_with_tears...
[GAMING/SUR] | YouTube  | [Normal]     | 86%    |   10.0ms | ITS SO RIGGED...
[GAMING/SUR] | YouTube  | [Normal]     | 97%    |   19.1ms | :face_with_tears_of_joy::face_with_tears...
[GAMING/GAM] | YouTube  | [Normal]     | 96%    |   18.0ms | BEST GAME TO FILM ADAPTATION TO DATE...
[GAMING/GAM] | YouTube  | [Normal]     | 54%    |   15.6ms | OBVERSALLY THE TITLE IS FUCKED UP...
[GAMING/GAM] | YouTube  | [Normal]     | 94%    |   12.6ms | TYPO...
[GAMING/GAM] | YouTube  | [Normal]     | 96%    |   12.0ms | I love obversing...
[GAMING/GAM] | YouTube  | [Normal]     | 92%    |   13.5ms | We got a misspelling anomaly in the titl...
[GAMING/GAM] | YouTube  | [Normal]     | 97%    |   14.0ms | Report: Typo anomaly in the title....
[ENTERTAINM] | YouTube  | [Normal]     | 97%    |   11.6ms | :face-purple-crying::face-purple-crying:...
[GAMING/GAM] | YouTube  | [Normal]     | 96%    |   15.7ms | im on onversation duty...
[ENTERTAINM] | YouTube  | [Normal]     | 91%    |    7.0ms | me...
[ENTERTAINM] | YouTube  | [Normal]     | 94%    |   20.2ms | Mr Beast Let you have not 500 million su...
[ENTERTAINM] | YouTube  | [Normal]     | 97%    |   26.8ms | Mr beast I'm your biggest fan :beating_h...
[GAMING/GAM] | YouTube  | [Normal]     | 90%    |    6.0ms | HAHAHAAHHAHAHA...
[GAMING/GAM] | YouTube  | [Normal]     | 95%    |   17.6ms | obversation...
[MUSIC/CHIL] | YouTube  | [Normal]     | 97%    |   19.0ms | cricket ground kaa pothunvaaa tv lo kdhu...
[GAMING/GAM] | YouTube  | [Normal]     | 96%    |    9.4ms | lol...
[MUSIC/CHIL] | YouTube  | [Normal]     | 96%    |   24.0ms | m dusro ka bhala hee sochti hu...
[ENTERTAINM] | YouTube  | [Normal]     | 95%    |   18.0ms | yay...
[GAMING/SUR] | YouTube  | [Normal]     | 95%    |   14.1ms | so good...
[GAMING/GAM] | YouTube  | [Normal]     | 95%    |   13.0ms | Please try Max Payne 3 multiplayer...
[GAMING/GAM] | YouTube  | [Normal]     | 92%    |    7.7ms | I like to Obversate as well...
[GAMING/SUR] | YouTube  | [Normal]     | 97%    |   11.1ms | gold gold gold...
[GAMING/SUR] | YouTube  | [Normal]     | 94%    |    9.0ms | 3...
[ENTERTAINM] | YouTube  | [Normal]     | 97%    |   27.0ms | what if you hit 500 millions  will you g...
[GAMING/GAM] | YouTube  | [Normal]     | 97%    |   19.5ms | Omg I just noticed the typo :face_with_t...
[ENTERTAINM] | YouTube  | [Normal]     | 92%    |   14.5ms | shout out Mr beast please...
[GAMING/GAM] | YouTube  | [Normal]     | 88%    |   17.4ms | love a good misspellling Always make the...
[MUSIC/CHIL] | YouTube  | [Normal]     | 95%    |    9.0ms | :sleeping_face:...
[GAMING/GAM] | YouTube  | [Normal]     | 83%    |    8.1ms | i can’t wait to watch iron lung in theat...
[GAMING/GAM] | YouTube  | [Normal]     | 95%    |   10.5ms | I'm obversing this live rn...
[SELF-HELP/] | YouTube  | [Normal]     | 63%    |    8.0ms | i disagree influencers are not human...
[GAMING/GAM] | YouTube  | [Normal]     | 96%    |   22.7ms | Time for me to sleep...
[GAMING/GAM] | YouTube  | [Normal]     | 98%    |   19.8ms | extra mouse traps in basement?...
[GAMING/SUR] | YouTube  | [Normal]     | 95%    |   17.3ms | Scrappers lives matter...
[ENTERTAINM] | YouTube  | [Normal]     | 96%    |   12.6ms | :sign_of_the_horns::victory_hand:...
[ENTERTAINM] | YouTube  | [Normal]     | 96%    |   11.6ms | Indiaaaaaaaaaaaaaaaaaaaa...
[GAMING/GAM] | YouTube  | [Normal]     | 96%    |   16.7ms | When is the next sprunki video mark...
[GAMING/GAM] | YouTube  | [Normal]     | 97%    |   11.5ms | Next movie idea? observation duty mm...
[GAMING/GAM] | YouTube  | [Normal]     | 91%    |   17.5ms | this is the first time i made it to a st...
[GAMING/GAM] | YouTube  | [Normal]     | 97%    |   15.6ms | observation duty movie by markiplier whe...
[GAMING/SUR] | YouTube  | [Normal]     | 96%    |   16.1ms | Still 1000 scarp in base...
[GAMING/GAM] | YouTube  | [Normal]     | 93%    |   19.6ms | YES...
[GAMING/SUR] | YouTube  | [Normal]     | 95%    |   18.7ms | hutch is just strolling around with 4k m...
[GAMING/GAM] | YouTube  | [Normal]     | 96%    |   19.1ms | light on beach...
[PSYCHOLOGY] | YouTube  | [Normal]     | 97%    |   20.5ms | narcissist?...
[ENTERTAINM] | YouTube  | [Normal]     | 94%    |   13.0ms | 5...
[ENTERTAINM] | YouTube  | [Normal]     | 94%    |   11.7ms | 5...
[ENTERTAINM] | YouTube  | [Normal]     | 94%    |   11.6ms | 5...
[ENTERTAINM] | YouTube  | [Normal]     | 95%    |    9.0ms | 129...
[GAMING/GAM] | YouTube  | [Normal]     | 96%    |   11.0ms | STAIRS???...
[GAMING/GAM] | YouTube  | [Normal]     | 92%    |    8.1ms | MARK THE STAIRS ARE UNDULATING...
[GAMING/GAM] | YouTube  | [Normal]     | 95%    |   13.0ms | BASEMENT STAIRS MOVING...
[MUSIC/CHIL] | YouTube  | [Normal]     | 98%    |   12.1ms | :helicopter::roll_of_paper::roll_of_pape...
[GAMING/GAM] | YouTube  | [Normal]     | 86%    |    7.0ms | the bed!...
[ENTERTAINM] | YouTube  | [Normal]     | 89%    |   10.0ms | :ok_hand::ok_hand::ok_hand:...
[GAMING/GAM] | YouTube  | [Normal]     | 94%    |    9.0ms | No way the number one director missed th...
[ENTERTAINM] | YouTube  | [Normal]     | 98%    |   15.0ms | :rock: :scroll: :scissors:...
[NEWS/LIVE ] | YouTube  | [Normal]     | 94%    |   19.5ms | Don’t cry for me Argentina :musical_note...
[GAMING/GAM] | YouTube  | [Normal]     | 95%    |   14.0ms | wow...
[ENTERTAINM] | YouTube  | [Normal]     | 96%    |   12.0ms | today will go down in history is being t...
[GAMING/GAM] | YouTube  | [Normal]     | 56%    |    6.1ms | MARK IM ABOUT TO GO SEE IORN LUNG YOU BE...
[ENTERTAINM] | YouTube  | [Normal]     | 94%    |    7.0ms | hi...
[GAMING/GAM] | YouTube  | [Normal]     | 97%    |   13.0ms | LANTERN MOVEMENT INTERIOR...
[GAMING/GAM] | YouTube  | [Normal]     | 93%    |   13.0ms | hey Mark are you gonna play White Knuckl...
[GAMING/GAM] | YouTube  | [Normal]     | 95%    |   10.6ms | HI MARKKKK CONGRATS ON YOUR MOVIE!!!!!!!...
[ENTERTAINM] | YouTube  | [Normal]     | 94%    |    8.7ms | hi...
[GAMING/GAM] | YouTube  | [Normal]     | 95%    |   12.0ms | Absolute Cinema...
[GAMING/GAM] | YouTube  | [Normal]     | 97%    |   12.5ms | OIL LAMP MOVED OIL LAMP MOVED OIL LAMP M...
[ENTERTAINM] | YouTube  | [Normal]     | 90%    |    7.1ms | 𝚑𝚘𝚕𝚊...
[GAMING/GAM] | YouTube  | [Normal]     | 96%    |   11.0ms | My 9 month old is captivated by your voi...
[GAMING/GAM] | YouTube  | [Normal]     | 91%    |    9.0ms | if we all scream about the same issue we...
[ENTERTAINM] | YouTube  | [Normal]     | 93%    |   14.1ms | yes...
[GAMING/GAM] | YouTube  | [OFFENSIVE]  | 56%    |   11.0ms | BBBEEEEEDDDDDDDDDDDDDDDDD...
[GAMING/GAM] | YouTube  | [Normal]     | 96%    |   16.0ms | Bench....
[ENTERTAINM] | YouTube  | [Normal]     | 91%    |   17.5ms | PAKISTAN...
[GAMING/GAM] | YouTube  | [Normal]     | 97%    |   15.0ms | Marker plier look at the bed...
[GAMING/GAM] | YouTube  | [Normal]     | 94%    |   10.6ms | MARKKK...
[ENTERTAINM] | YouTube  | [Normal]     | 93%    |    8.5ms | Mr Beast Can you give 100$ pls...
[MUSIC/CHIL] | YouTube  | [Normal]     | 98%    |    8.0ms | bye:washhands:...
[GAMING/GAM] | YouTube  | [Normal]     | 87%    |    7.6ms | THE BED MISTER...
[GAMING/GAM] | YouTube  | [Normal]     | 94%    |    7.0ms | Hi...
[GAMING/SUR] | YouTube  | [Normal]     | 96%    |    8.3ms | MTNBAY 11% VOODOO RANGER G FORCE IS BETT...
[GAMING/GAM] | YouTube  | [Normal]     | 97%    |    7.0ms | FUSE BOX!!!!...
[ENTERTAINM] | YouTube  | [Normal]     | 94%    |    7.0ms | hi...
[GAMING/GAM] | YouTube  | [Normal]     | 87%    |   17.0ms | There's something strange  in your neigh...
[NEWS/LIVE ] | YouTube  | [Normal]     | 86%    |   18.1ms | Argentina por favor jogue o melhor futeb...
[PSYCHOLOGY] | YouTube  | [Normal]     | 92%    |   18.5ms | what should i do if my therapist tells m...
[GAMING/SUR] | YouTube  | [Normal]     | 94%    |   18.0ms | 12...
[MUSIC/CHIL] | YouTube  | [Normal]     | 96%    |   18.0ms | :eyes-purple-crying:yehh I'd tumari shot...
[ENTERTAINM] | YouTube  | [Normal]     | 90%    |   19.5ms | :stayhome::stayhome::stayhome::stayhome:...
[GAMING/GAM] | YouTube  | [Normal]     | 86%    |    9.0ms | heck yeah...
[GAMING/GAM] | YouTube  | [Normal]     | 90%    |    8.1ms | LIGHT HOUSE...
[GAMING/GAM] | YouTube  | [Normal]     | 94%    |   13.0ms | The stairwell fence moved...
[ENTERTAINM] | YouTube  | [Normal]     | 94%    |   12.0ms | 1...
[ENTERTAINM] | YouTube  | [Normal]     | 94%    |   11.1ms | 1...
[GAMING/GAM] | YouTube  | [Normal]     | 96%    |   22.0ms | Cheese!...
[MUSIC/CHIL] | YouTube  | [Normal]     | 96%    |   17.1ms | rey...
[GAMING/GAM] | YouTube  | [Normal]     | 95%    |   12.5ms | yay...
[GAMING/SUR] | YouTube  | [Normal]     | 93%    |   11.0ms | go higher...
[GAMING/SUR] | YouTube  | [Normal]     | 87%    |   16.1ms | No...
[ENTERTAINM] | YouTube  | [Normal]     | 94%    |    9.6ms | 6...
[GAMING/GAM] | YouTube  | [Normal]     | 96%    |    7.0ms | CONGRATS ON THE MOVIE BRO!!!!!! :clapper...
[ENTERTAINM] | YouTube  | [Normal]     | 95%    |    8.0ms | 1111111...
[ENTERTAINM] | YouTube  | [Normal]     | 94%    |   13.0ms | 1...
[ENTERTAINM] | YouTube  | [Normal]     | 94%    |   14.1ms | 1...
[ENTERTAINM] | YouTube  | [Normal]     | 93%    |   13.9ms | omg...
[GAMING/GAM] | YouTube  | [Normal]     | 93%    |    9.5ms | extra railing...
[GAMING/SUR] | YouTube  | [Normal]     | 85%    |   13.1ms | nooooo...
[PSYCHOLOGY] | YouTube  | [Normal]     | 96%    |   14.0ms | What about the future?...
[GAMING/SUR] | YouTube  | [Normal]     | 93%    |   10.5ms | it doesnt matter...
[GAMING/GAM] | YouTube  | [Normal]     | 86%    |   14.3ms | KERFUKLED...
[GAMING/GAM] | YouTube  | [Normal]     | 95%    |   18.0ms | I’m working and my extra duty is observi...
[GAMING/GAM] | YouTube  | [Normal]     | 97%    |    8.0ms | Interior lantern...
[GAMING/SUR] | YouTube  | [Normal]     | 91%    |   14.5ms | Wait oh god...
[ENTERTAINM] | YouTube  | [Normal]     | 95%    |   18.0ms | please shout-out mr beast bro...
[ENTERTAINM] | YouTube  | [Normal]     | 94%    |   11.5ms | यह तो पागलपन है mrbeast...
[ENTERTAINM] | YouTube  | [Normal]     | 86%    |    8.0ms | call Pewdiepie...
[ENTERTAINM] | YouTube  | [Normal]     | 97%    |    7.0ms | i love Mr Best...
[ENTERTAINM] | YouTube  | [Normal]     | 97%    |   10.4ms | I am a sponsor...
[ENTERTAINM] | YouTube  | [Normal]     | 96%    |    6.0ms | love u from Bangladesh...
[GAMING/GAM] | YouTube  | [Normal]     | 96%    |   13.0ms | so far it seems like there aren't any ai...
[GAMING/GAM] | YouTube  | [Normal]     | 97%    |   15.6ms | IRON LUNG WAS AMAZING!!!!!...
[GAMING/SUR] | YouTube  | [Normal]     | 73%    |   26.3ms | doesn't matter wh8ch way...
[GAMING/GAM] | YouTube  | [Normal]     | 93%    |   10.0ms | F...
[GAMING/SUR] | YouTube  | [Normal]     | 85%    |   11.1ms | lies...
[GAMING/GAM] | YouTube  | [Normal]     | 96%    |   21.0ms | so mark when are we getting the observat...
[GAMING/GAM] | YouTube  | [Normal]     | 88%    |   23.0ms | ocean madness...
[ENTERTAINM] | YouTube  | [Normal]     | 94%    |   18.6ms | 1...
[GAMING/GAM] | YouTube  | [Normal]     | 96%    |   13.0ms | conversation duty...
[ENTERTAINM] | YouTube  | [Normal]     | 96%    |   12.0ms | 500 mln!!!...
[GAMING/GAM] | YouTube  | [Normal]     | 95%    |   13.0ms | as a librarian I stand behind you lol...
[GAMING/GAM] | YouTube  | [Normal]     | 97%    |   23.9ms | just watched Iron Lung. awesome work Mar...
[ENTERTAINM] | YouTube  | [Normal]     | 96%    |   26.5ms | This stream is better than world cup liv...
[GAMING/GAM] | YouTube  | [Normal]     | 94%    |   22.1ms | it's like some kind of observ...
[GAMING/GAM] | YouTube  | [Normal]     | 88%    |   27.0ms | I love observation duty but does anyone ...
[ENTERTAINM] | YouTube  | [Normal]     | 93%    |   20.0ms | omg...
[GAMING/GAM] | YouTube  | [Normal]     | 96%    |   18.0ms | bro missed the anomaly in the title...
[GAMING/GAM] | YouTube  | [Normal]     | 95%    |   16.5ms | obserdution duty...
[PSYCHOLOGY] | YouTube  | [Normal]     | 95%    |   12.6ms | Soooo interesting...
[MUSIC/CHIL] | YouTube  | [Normal]     | 90%    |   16.0ms | GTA really so You too...
[GAMING/GAM] | YouTube  | [Normal]     | 97%    |   11.0ms | My goldfish memory can’t handle this gam...
[GAMING/GAM] | YouTube  | [Normal]     | 91%    |   12.0ms | it's okay Mark  I would be trash at this...
[GAMING/GAM] | YouTube  | [Normal]     | 98%    |   12.0ms | Mark check for a flash on the camera in ...
[GAMING/GAM] | YouTube  | [Normal]     | 94%    |   11.6ms | I believe in you...
[GAMING/GAM] | YouTube  | [Normal]     | 88%    |   12.6ms | camera malfunction means you lost camera...
[ENTERTAINM] | YouTube  | [Normal]     | 94%    |    8.0ms | hi...
[GAMING/GAM] | YouTube  | [Normal]     | 95%    |   13.6ms | The railing changed in the stairwell las...
[ENTERTAINM] | YouTube  | [Normal]     | 94%    |   12.5ms | hi...
[GAMING/GAM] | YouTube  | [Normal]     | 90%    |   17.0ms | who up obversation they duty...
[ENTERTAINM] | YouTube  | [Normal]     | 96%    |   15.1ms | I gonna use these videos to study Englis...
[PSYCHOLOGY] | YouTube  | [Normal]     | 96%    |   14.0ms | 100% would've been a nun...
[GAMING/SUR] | YouTube  | [OFFENSIVE]  | 52%    |   10.0ms | oh shit...
[GAMING/GAM] | YouTube  | [Normal]     | 94%    |   15.9ms | yapee...
[GAMING/GAM] | YouTube  | [Normal]     | 97%    |   13.0ms | Hi mark  loved Iron Lung. Watched it wit...
[ENTERTAINM] | YouTube  | [Normal]     | 96%    |   12.1ms | Hello Jimmy...
[ENTERTAINM] | YouTube  | [Normal]     | 89%    |   13.5ms | Helooooooooo...
[ENTERTAINM] | YouTube  | [Normal]     | 94%    |   10.0ms | 1...
[ENTERTAINM] | YouTube  | [Normal]     | 94%    |   10.5ms | WA...
[GAMING/GAM] | YouTube  | [Normal]     | 94%    |   19.0ms | hey mark are you going to play thr fatal...
[GAMING/GAM] | YouTube  | [Normal]     | 89%    |   14.1ms | You’re the best YouTuber ever mark...
[GAMING/GAM] | YouTube  | [Normal]     | 77%    |   22.0ms | yessssssssssssssssss...
[PSYCHOLOGY] | YouTube  | [Normal]     | 76%    |   11.0ms | So  my animus is out of control because ...
[ENTERTAINM] | YouTube  | [Normal]     | 96%    |   12.5ms | Love from North Carolina...
[GAMING/GAM] | YouTube  | [Normal]     | 94%    |   12.0ms | maybe the anomaly was the friends we mad...
[GAMING/SUR] | YouTube  | [Normal]     | 93%    |    9.6ms | OMG!!!!!...
[GAMING/GAM] | YouTube  | [Normal]     | 92%    |    7.5ms | yeah...
[GAMING/SUR] | YouTube  | [Normal]     | 94%    |   14.0ms | LOLOLOL...
[ENTERTAINM] | YouTube  | [Normal]     | 94%    |   22.7ms | Mr Beast Hello from Russia...
[GAMING/GAM] | YouTube  | [Normal]     | 91%    |   17.6ms | Yes your fine...
[SELF-HELP/] | YouTube  | [Normal]     | 69%    |   34.0ms | How do you navigate the hate before it l...
[GAMING/SUR] | YouTube  | [OFFENSIVE]  | 95%    |   13.0ms | this is the worst heli take ive ever see...
[GAMING/SUR] | YouTube  | [Normal]     | 95%    |   11.1ms | let me just run down 9 floors to reload....
[GAMING/GAM] | YouTube  | [Normal]     | 98%    |   15.0ms | This lvl is in demo  we can play along f...
[ENTERTAINM] | YouTube  | [Normal]     | 83%    |   13.5ms | no dont...
[GAMING/GAM] | YouTube  | [Normal]     | 97%    |   12.0ms | extra mous3 trap?...
[ENTERTAINM] | YouTube  | [Normal]     | 90%    |   12.0ms | හලෝ...
[ENTERTAINM] | YouTube  | [Normal]     | 96%    |   10.0ms | I KNOW THE SONG...
[GAMING/SUR] | YouTube  | [Normal]     | 97%    |   15.0ms | 5 bullets out of 30...
[GAMING/GAM] | YouTube  | [Normal]     | 93%    |    9.0ms | Oooo...
[ENTERTAINM] | YouTube  | [Normal]     | 87%    |   10.0ms | A...
[ENTERTAINM] | YouTube  | [Normal]     | 96%    |   12.1ms | Some of us are in our 40s...
[GAMING/SUR] | YouTube  | [Normal]     | 90%    |   16.5ms | welyn having way too much fun...
[ENTERTAINM] | YouTube  | [Normal]     | 89%    |   12.0ms | nahhh i just aint playin minecraft...
[ENTERTAINM] | YouTube  | [Normal]     | 86%    |   14.5ms | yo...
[GAMING/GAM] | YouTube  | [Normal]     | 67%    |   20.0ms | there is a body in the bed...
[ENTERTAINM] | YouTube  | [Normal]     | 93%    |   16.6ms | idk why I'm cry...
[GAMING/SUR] | YouTube  | [Normal]     | 96%    |   11.0ms | thank you...
[GAMING/GAM] | YouTube  | [Normal]     | 40%    |   17.7ms | They’re trying to “send help”...
[GAMING/SUR] | YouTube  | [Normal]     | 94%    |   15.1ms | Shoulda hit it with rocks...
[ENTERTAINM] | YouTube  | [Normal]     | 97%    |   16.0ms | can you gift me a free pc?...
[ENTERTAINM] | YouTube  | [Normal]     | 97%    |   14.0ms | Close to 1 billion subscribers...
[ENTERTAINM] | YouTube  | [Normal]     | 98%    |   36.6ms | :hand-pink-waving::hand-pink-waving::han...
[GAMING/GAM] | YouTube  | [Normal]     | 96%    |   18.0ms | @markiplier Congrats on the film man!!! ...
[GAMING/GAM] | YouTube  | [Normal]     | 78%    |   16.0ms | you are an apex predator  on the prowl f...
[GAMING/GAM] | YouTube  | [Normal]     | 97%    |    9.5ms | Make sure to give IRON LUNG A 10 ON IMDB...
[ENTERTAINM] | YouTube  | [OFFENSIVE]  | 49%    |    7.0ms | 500 millions it's crazyy...
[ENTERTAINM] | YouTube  | [Normal]     | 96%    |   10.0ms | bro I I need I phone 17 pro maxxx...
[MUSIC/CHIL] | YouTube  | [Normal]     | 98%    |   11.0ms | Ask about ur tom and Jerry fight :face_w...
[GAMING/SUR] | YouTube  | [Normal]     | 47%    |    7.0ms | PUT ON SOME CLOTHES YOU FREAK LOL...
[MUSIC/CHIL] | YouTube  | [Normal]     | 98%    |    9.0ms | :musical_score::hot_beverage:...
[GAMING/SUR] | YouTube  | [Normal]     | 96%    |    8.5ms | shut the doors this time p:face_with_tea...
[SPORTS/FOO] | YouTube  | [Normal]     | 95%    |    8.5ms | 독일 왜그랴?...
[GAMING/GAM] | YouTube  | [Normal]     | 97%    |    8.7ms | i love this show...
[GAMING/SUR] | YouTube  | [Normal]     | 96%    |    6.5ms | What’s this walnut doing tonight?...
[GAMING/GAM] | YouTube  | [Normal]     | 97%    |    7.0ms | was there always boards or something on ...
[GAMING/GAM] | YouTube  | [Normal]     | 92%    |   10.3ms | I think there is extra mouse traps in th...
[GAMING/GAM] | YouTube  | [Normal]     | 95%    |   10.1ms | :_markiLOVE::_markiLOVE::_markiLOVE::_ma...
[GAMING/SUR] | YouTube  | [Normal]     | 86%    |   16.0ms | Go to the boat...
[ENTERTAINM] | YouTube  | [Normal]     | 97%    |   19.6ms | try tecnoblade...
[GAMING/GAM] | YouTube  | [Normal]     | 96%    |   10.5ms | hi from France !!...
[ENTERTAINM] | YouTube  | [Normal]     | 97%    |   14.6ms | я Армения живу в Абхазии:heart_suit::hea...
[ENTERTAINM] | YouTube  | [Normal]     | 90%    |   19.1ms | YOU DONT KNOW I SHOW SPEED...
[MUSIC/CHIL] | YouTube  | [Normal]     | 95%    |    8.9ms | :zzz:...
[ENTERTAINM] | YouTube  | [Normal]     | 40%    |   10.1ms | suiiiiiiiiii speeed...
[ENTERTAINM] | YouTube  | [Normal]     | 97%    |    9.0ms | awhat are we doing for 500k?...
[GAMING/GAM] | YouTube  | [Normal]     | 95%    |   11.1ms | :(...
[GAMING/GAM] | YouTube  | [Normal]     | 97%    |   10.5ms | 3 ROPES IN INTERIOR...
[MUSIC/CHIL] | YouTube  | [Normal]     | 95%    |   26.3ms | :rolling_on_the_floor_laughing::rolling_...
[GAMING/GAM] | YouTube  | [Normal]     | 97%    |   11.2ms | SECOND MOUSETRAP IN BASEMENT...
[ENTERTAINM] | YouTube  | [Normal]     | 92%    |    9.0ms | yooooo...
[SELF-HELP/] | YouTube  | [Normal]     | 86%    |   11.1ms | freudian slip...
[GAMING/GAM] | YouTube  | [Normal]     | 90%    |   10.0ms | The shadow in the carpet looks weird...
[GAMING/GAM] | YouTube  | [Normal]     | 77%    |   13.2ms | spookyy...
[GAMING/GAM] | YouTube  | [Normal]     | 90%    |   13.0ms | I swear those pipes besides the stairs l...
[GAMING/GAM] | YouTube  | [Normal]     | 97%    |   11.5ms | abosvertion duudi anomomaly 3...
[ENTERTAINM] | YouTube  | [Normal]     | 97%    |   15.4ms | Translate my message. Здравствуйте я из ...
[ENTERTAINM] | YouTube  | [Normal]     | 97%    |    8.5ms | :slightly_smiling_face::slightly_smiling...
[GAMING/SUR] | YouTube  | [OFFENSIVE]  | 80%    |    7.5ms | NO LAGGG HERE...
[ENTERTAINM] | YouTube  | [Normal]     | 97%    |    9.1ms | i was there...
[GAMING/GAM] | YouTube  | [Normal]     | 77%    |   14.6ms | no iron lung for Ukrainian?(((...
[GAMING/GAM] | YouTube  | [Normal]     | 97%    |    8.6ms | lantern in interior...
[MUSIC/CHIL] | YouTube  | [Normal]     | 98%    |   16.5ms | ...:face-turquoise-music-note:...
[GAMING/GAM] | YouTube  | [Normal]     | 97%    |   15.1ms | LANTERN movement bottom stair!...
[GAMING/GAM] | YouTube  | [OFFENSIVE]  | 87%    |   17.8ms | How the fuck does he keep up with chat?...
[ENTERTAINM] | YouTube  | [Normal]     | 97%    |   20.1ms | :grinning_face_with_smiling_eyes::grinni...
[ENTERTAINM] | YouTube  | [Normal]     | 95%    |    7.0ms | call speed...
[GAMING/GAM] | YouTube  | [Normal]     | 96%    |   10.0ms | Check the lighthouse light?...
[GAMING/SUR] | YouTube  | [Normal]     | 96%    |   13.0ms | wide open...
[GAMING/GAM] | YouTube  | [Normal]     | 85%    |   16.0ms | the eyes...
[ENTERTAINM] | YouTube  | [Normal]     | 97%    |   30.0ms | @MrBeast #MrBeast I’m Masud from Banglad...
[GAMING/SUR] | YouTube  | [Normal]     | 75%    |   10.0ms | GATE IS AN AIRLOCK STOP SAYING ITS OPEN ...
[MUSIC/CHIL] | YouTube  | [Normal]     | 95%    |   11.0ms | ab mujhe neend aari...
[GAMING/SUR] | YouTube  | [Normal]     | 94%    |    7.3ms | lock your external tcs peanut!...
[GAMING/GAM] | YouTube  | [Normal]     | 79%    |   17.0ms | there is a crazy man on the top left:chi...
[GAMING/GAM] | YouTube  | [Normal]     | 96%    |   19.0ms | MAKE SURE TO DOUBLE CHECK CAMERAS MARK...
[ENTERTAINM] | YouTube  | [Normal]     | 94%    |   10.5ms | jimmy ask them who knows Ronaldo...
[GAMING/SUR] | YouTube  | [Normal]     | 91%    |   14.0ms | why tf does bro live in whiterun...
[GAMING/SUR] | YouTube  | [Normal]     | 94%    |   14.5ms | CLOSE FIRST GATE...
[GAMING/SUR] | YouTube  | [Normal]     | 96%    |   17.5ms | Is AK spray good?...
[GAMING/GAM] | YouTube  | [Normal]     | 94%    |   12.8ms | intruder top left on all cams...
[ENTERTAINM] | YouTube  | [Normal]     | 97%    |   16.1ms | I'm big fan jimmy...
[ENTERTAINM] | YouTube  | [Normal]     | 94%    |   17.0ms | hola...
[SELF-HELP/] | YouTube  | [Normal]     | 95%    |   17.1ms | de-clare literally means to clarify thor...
[GAMING/GAM] | YouTube  | [Normal]     | 96%    |   19.5ms | fence in stairwell PLEASE:face-purple-cr...
[MUSIC/CHIL] | YouTube  | [Normal]     | 96%    |    7.0ms | Jiyaara dhak dhak karne laga :face_with_...
[GAMING/SUR] | YouTube  | [Normal]     | 87%    |    9.0ms | oh damn is that welyn...
[ENTERTAINM] | YouTube  | [Normal]     | 97%    |   15.0ms | Welcome New Member!...
[ENTERTAINM] | YouTube  | [Normal]     | 93%    |   30.8ms | amen you see this jimmy i really wanna b...
[ENTERTAINM] | YouTube  | [Normal]     | 94%    |   23.8ms | WW Aura Farm...
[GAMING/GAM] | YouTube  | [Normal]     | 97%    |   23.3ms | Extra fuel cans outside?...
[MUSIC/CHIL] | YouTube  | [Normal]     | 95%    |   13.0ms | :moai::knot:...
[GAMING/SUR] | YouTube  | [Normal]     | 83%    |   11.1ms | DOOR IS AN AIRLOCK...
[ENTERTAINM] | YouTube  | [Normal]     | 97%    |   19.0ms | :clock-turquoise-looking-up::clock-turqu...
[GAMING/GAM] | YouTube  | [Normal]     | 94%    |   24.0ms | feel like the furnace in the keeper's ho...
[GAMING/GAM] | YouTube  | [Normal]     | 92%    |   17.5ms | can't believe this guy made iron lung...
[GAMING/GAM] | YouTube  | [Normal]     | 97%    |   10.1ms | WOOD PILE IN CABIN??...
[GAMING/GAM] | YouTube  | [Normal]     | 82%    |   11.1ms | check the boat...
[ENTERTAINM] | YouTube  | [Normal]     | 96%    |   16.5ms | Hiiiii bro 500MMMM...
[ENTERTAINM] | YouTube  | [Normal]     | 94%    |   25.0ms | :buffering::buffering::buffering::buffer...
[MUSIC/CHIL] | YouTube  | [Normal]     | 50%    |   10.8ms | kejti sis he is disgusting:face_with_sym...
[PSYCHOLOGY] | YouTube  | [Normal]     | 90%    |   10.5ms | also extremely sexualised...
[GAMING/SUR] | YouTube  | [Normal]     | 89%    |    7.0ms | rust...
[GAMING/GAM] | YouTube  | [Normal]     | 92%    |   10.6ms | Love you  Mark. Can't wait to see Iron L...
[NEWS/LIVE ] | YouTube  | [Normal]     | 92%    |    7.9ms | Yeah I keep forgetting...
[GAMING/GAM] | YouTube  | [Normal]     | 97%    |    7.0ms | THE FUSE BOX...
[ENTERTAINM] | YouTube  | [Normal]     | 77%    |    7.0ms | broooooooooo9ooooooooooooo...
[GAMING/GAM] | YouTube  | [Normal]     | 97%    |   30.7ms | LANTERN SHADOW INTERIOR PLEASE :loudly_c...
[GAMING/GAM] | YouTube  | [Normal]     | 95%    |   23.2ms | There's no way you will see this. but yo...
[ENTERTAINM] | YouTube  | [Normal]     | 93%    |    7.5ms | India...
[ENTERTAINM] | YouTube  | [Normal]     | 92%    |    9.1ms | Zimbabwe...
[MUSIC/CHIL] | YouTube  | [Normal]     | 97%    |   18.0ms | Some doctors here are guys with girls ac...
[GAMING/GAM] | YouTube  | [Normal]     | 90%    |    6.8ms | Lightly anomalous...
[GAMING/GAM] | YouTube  | [Normal]     | 96%    |   14.0ms | THE LIGHT MARKKKK...
[ENTERTAINM] | YouTube  | [Normal]     | 95%    |   22.0ms | unsub?...
[GAMING/GAM] | YouTube  | [Normal]     | 94%    |   19.2ms | light malfunction in the yard for sure...
[GAMING/SUR] | YouTube  | [Normal]     | 97%    |   14.0ms | for its content...
[GAMING/GAM] | YouTube  | [Normal]     | 92%    |    8.0ms | Light anomaly in the yard...
[GAMING/SUR] | YouTube  | [Normal]     | 91%    |   12.6ms | STAY HOME!...
[GAMING/GAM] | YouTube  | [Normal]     | 96%    |   13.7ms | light anomaly?...
[GAMING/SUR] | YouTube  | [Normal]     | 95%    |   13.9ms | Turrets...
[GAMING/GAM] | YouTube  | [Normal]     | 97%    |   14.1ms | Welcome to the new members...
[GAMING/SUR] | YouTube  | [Normal]     | 91%    |   11.0ms | STAY HOME!...
[PSYCHOLOGY] | YouTube  | [Normal]     | 92%    |   20.3ms | nah bruh not a bot...
[ENTERTAINM] | YouTube  | [Normal]     | 94%    |   18.0ms | 1...
[GAMING/GAM] | YouTube  | [Normal]     | 96%    |   23.0ms | isn't one mouse trap missing?...
[GAMING/SUR] | YouTube  | [Normal]     | 96%    |   19.1ms | defense 1st...
[SELF-HELP/] | YouTube  | [Normal]     | 91%    |   20.5ms | jordan isnt the greatest example of ment...
[GAMING/GAM] | YouTube  | [Normal]     | 79%    |   21.0ms | the pole on the dock is bigger...
[GAMING/GAM] | YouTube  | [Normal]     | 88%    |   19.7ms | @markiplier the wobble s a distraction...
[GAMING/SUR] | YouTube  | [Normal]     | 97%    |   12.0ms | Oil...
[GAMING/GAM] | YouTube  | [Normal]     | 96%    |   12.0ms | barrels in the basement moved...
[ENTERTAINM] | YouTube  | [Normal]     | 94%    |   12.5ms | 1...
[GAMING/GAM] | YouTube  | [Normal]     | 97%    |   14.0ms | The yard!!!...
[ENTERTAINM] | YouTube  | [Normal]     | 94%    |   12.7ms | 1...
[GAMING/GAM] | YouTube  | [Normal]     | 69%    |   13.0ms | It’s the wibble wobble...
[GAMING/GAM] | YouTube  | [Normal]     | 95%    |   18.0ms | THE BUCKET WASNT FULL BEFORE. AT THE TOP...
[GAMING/GAM] | YouTube  | [Normal]     | 97%    |   12.6ms | was the object on a rope swinging before...
[ENTERTAINM] | YouTube  | [Normal]     | 88%    |   18.0ms | I don't want to lose my history!...
[GAMING/GAM] | YouTube  | [Normal]     | 93%    |    8.0ms | OMG...
[GAMING/GAM] | YouTube  | [Normal]     | 85%    |    9.0ms | DID U SEE THE NASA PEEPO...
[ENTERTAINM] | YouTube  | [Normal]     | 94%    |    7.6ms | 1...
[GAMING/GAM] | YouTube  | [Normal]     | 95%    |    7.5ms | wth was that!!!...
[ENTERTAINM] | YouTube  | [Normal]     | 97%    |    8.0ms | :face-purple-crying:...
[GAMING/SUR] | YouTube  | [Normal]     | 78%    |    9.0ms | They defo raided an external tc...
[ENTERTAINM] | YouTube  | [Normal]     | 94%    |   17.0ms | hi...
[GAMING/GAM] | YouTube  | [Normal]     | 96%    |   15.0ms | stairwell pillar movement...
[ENTERTAINM] | YouTube  | [Normal]     | 96%    |   15.2ms | love you jimmy...
[GAMING/GAM] | YouTube  | [Normal]     | 96%    |   17.0ms | hi markkkk...
[GAMING/GAM] | YouTube  | [Normal]     | 95%    |   18.2ms | Mark you are the best YouTuber on the pl...
[GAMING/GAM] | YouTube  | [Normal]     | 88%    |   17.5ms | THEY MOVED...
[ENTERTAINM] | YouTube  | [Normal]     | 96%    |   14.0ms | New member...
[GAMING/GAM] | YouTube  | [Normal]     | 95%    |   13.0ms | Watching group hysteria happen in real t...
[ENTERTAINM] | YouTube  | [Normal]     | 88%    |   19.0ms | @mrbeast...
[GAMING/GAM] | YouTube  | [Normal]     | 96%    |   16.6ms | tiny box tim...
[GAMING/GAM] | YouTube  | [Normal]     | 79%    |   18.5ms | im not paying attention tbh...
[GAMING/GAM] | YouTube  | [Normal]     | 97%    |   14.0ms | 'CMON MARK BARRELS...
[ENTERTAINM] | YouTube  | [Normal]     | 96%    |   24.2ms | :skull_and_crossbones::skull_and_crossbo...
[MUSIC/CHIL] | YouTube  | [Normal]     | 97%    |   10.0ms | hello:hot_beverage:...
[GAMING/GAM] | YouTube  | [Normal]     | 86%    |   11.0ms | ROPES TOO LONG HANGING...
[GAMING/GAM] | YouTube  | [Normal]     | 94%    |    8.6ms | ADDICTIONAL ITEMS MARK...
[ENTERTAINM] | YouTube  | [Normal]     | 96%    |   12.0ms | hiiiiii...
[SELF-HELP/] | YouTube  | [Normal]     | 81%    |    9.8ms | yah they're valid...
[GAMING/SUR] | YouTube  | [Normal]     | 94%    |   13.5ms | building on quicksand. Repair your base...
[MUSIC/CHIL] | YouTube  | [Normal]     | 87%    |   10.0ms | shish tc...
[ENTERTAINM] | YouTube  | [Normal]     | 97%    |   11.0ms | We love you...
[GAMING/SUR] | YouTube  | [OFFENSIVE]  | 92%    |   11.0ms | BRO IF I HEAR PEANUT SAY DANIS IS A UFC ...
[GAMING/GAM] | YouTube  | [Normal]     | 96%    |   13.0ms | STAIRWELL PILLAR...
[GAMING/SUR] | YouTube  | [Normal]     | 73%    |   15.5ms | TAKE THE GUN OFF HOTBAR...
[NEWS/LIVE ] | YouTube  | [Normal]     | 93%    |   15.0ms | :buffering:...
[GAMING/GAM] | YouTube  | [Normal]     | 95%    |    8.2ms | YES THE BARRELS ROTATED I KNEW IT...
[MUSIC/CHIL] | YouTube  | [Normal]     | 94%    |    7.0ms | @Dude-23zx btw  whts ur name?...
[MUSIC/CHIL] | YouTube  | [Normal]     | 98%    |    6.6ms | ..:face-turquoise-music-note:...
[ENTERTAINM] | YouTube  | [Normal]     | 94%    |    8.0ms | W jimmy...
[GAMING/GAM] | YouTube  | [Normal]     | 96%    |   16.6ms | Stairwell railing moved...
[GAMING/GAM] | YouTube  | [Normal]     | 95%    |   14.3ms | WINDOW IN CABIN...
[MUSIC/CHIL] | YouTube  | [Normal]     | 96%    |   15.0ms | campur gandul mentah men AKEH banyu susu...
[ENTERTAINM] | YouTube  | [Normal]     | 96%    |   39.1ms | :loudly_crying_face::face_with_rolling_e...
[GAMING/GAM] | YouTube  | [Normal]     | 97%    |   17.5ms | The railing moved on the stairs!!!...
[MUSIC/CHIL] | YouTube  | [Normal]     | 97%    |   15.0ms | nu jocul ăla mă ține să nu merg mai depa...
[ENTERTAINM] | YouTube  | [Normal]     | 94%    |   14.3ms | Omegle...
[SELF-HELP/] | YouTube  | [OFFENSIVE]  | 81%    |   17.0ms | damn  didn't know he'd be live...
[GAMING/GAM] | YouTube  | [Normal]     | 97%    |   17.2ms | movement at the fog????...
[GAMING/GAM] | YouTube  | [Normal]     | 94%    |   16.1ms | STAIRWELL!! THE BROKEN FENCE MOVED!!...
[ENTERTAINM] | YouTube  | [Normal]     | 96%    |    8.0ms | help meere :folded_hands::folded_hands::...
[GAMING/GAM] | YouTube  | [Normal]     | 97%    |    8.0ms | Hi nice to see you...:kiss::kiss::kiss:...
[GAMING/GAM] | YouTube  | [Normal]     | 91%    |   11.0ms | THE LEFT MORE IT MOVED UP...
[ENTERTAINM] | YouTube  | [Normal]     | 98%    |    7.1ms | :hand-pink-waving::hand-pink-waving:...
[SPORTS/FOO] | YouTube  | [Normal]     | 93%    |    8.0ms | ig dulu...
[GAMING/SUR] | YouTube  | [Normal]     | 68%    |   13.6ms | dont do it...
[GAMING/GAM] | YouTube  | [Normal]     | 95%    |   20.3ms | friend!!!!...
[GAMING/GAM] | YouTube  | [Normal]     | 92%    |   15.0ms | oh no...
[GAMING/GAM] | YouTube  | [OFFENSIVE]  | 50%    |   10.1ms | WHAT THE HELL...
[GAMING/GAM] | YouTube  | [Normal]     | 96%    |   13.0ms | aaaaaaaaaaaaaa...
[GAMING/SUR] | YouTube  | [OFFENSIVE]  | 83%    |   18.6ms | peanut is the guy who has his doctor tel...
[GAMING/GAM] | YouTube  | [Normal]     | 97%    |    7.0ms | I eat that for snacks...
[ENTERTAINM] | YouTube  | [Normal]     | 95%    |   11.2ms | kel...
[GAMING/GAM] | YouTube  | [Normal]     | 96%    |    7.0ms | fireflies in the stairwell...
[ENTERTAINM] | YouTube  | [Normal]     | 94%    |   20.6ms | Hay...
[GAMING/GAM] | YouTube  | [Normal]     | 96%    |   15.0ms | forgot for a second that I was watching ...
[GAMING/SUR] | YouTube  | [Normal]     | 96%    |    8.6ms | DIDN'T BRO JUST SAY HE ATE JAC IN THE BO...
[GAMING/GAM] | YouTube  | [Normal]     | 94%    |    9.0ms | YES ITS SO GOOD...
[GAMING/GAM] | YouTube  | [Normal]     | 81%    |    7.6ms | THE SWINGING THING ON THE LIGHTHOUSE...
[GAMING/GAM] | YouTube  | [Normal]     | 95%    |    7.0ms | LIGHT...
[GAMING/GAM] | YouTube  | [Normal]     | 95%    |    7.0ms | Yooo...
[GAMING/GAM] | YouTube  | [Normal]     | 95%    |    9.0ms | fuse box is nowopen...
[SELF-HELP/] | YouTube  | [Normal]     | 81%    |   10.0ms | dr k whats the difference between hate m...
[GAMING/GAM] | YouTube  | [Normal]     | 79%    |   15.8ms | DUNGEON CRAWLER CARL MENTIONED  POG...
[GAMING/SUR] | YouTube  | [Normal]     | 91%    |    9.0ms | RIP hulk hogan...
[ENTERTAINM] | YouTube  | [Normal]     | 98%    |   42.1ms | :hand-pink-waving::hand-pink-waving::han...
[GAMING/GAM] | YouTube  | [Normal]     | 78%    |   18.5ms | that do be strange...
[GAMING/GAM] | YouTube  | [Normal]     | 92%    |    6.6ms | Barrel knocked over...
[GAMING/GAM] | YouTube  | [Normal]     | 93%    |   13.0ms | cross at the end of the pier...
[GAMING/GAM] | YouTube  | [Normal]     | 97%    |   21.0ms | hello mark iplier i liked the movie :):)...
[GAMING/GAM] | YouTube  | [Normal]     | 89%    |   19.5ms | the bags look funny in basement...
[GAMING/GAM] | YouTube  | [Normal]     | 92%    |   14.0ms | YUMMY...
[GAMING/GAM] | YouTube  | [Normal]     | 97%    |   22.0ms | extra object in lantern !!!...
[ENTERTAINM] | YouTube  | [Normal]     | 92%    |   13.4ms | Virginia...
[ENTERTAINM] | YouTube  | [Normal]     | 94%    |   14.2ms | hi...
[GAMING/GAM] | YouTube  | [Normal]     | 91%    |   14.5ms | On the left...
[GAMING/GAM] | YouTube  | [Normal]     | 94%    |   17.7ms | Hi...
[GAMING/SUR] | YouTube  | [Normal]     | 79%    |   13.1ms | Turn gun bob off...
[GAMING/SUR] | YouTube  | [Normal]     | 93%    |   19.7ms | tehe...
[ENTERTAINM] | YouTube  | [Normal]     | 96%    |   18.5ms | Hi Mr beast :thumbs_up:...
[GAMING/GAM] | YouTube  | [Normal]     | 94%    |   14.5ms | broken stairwell railing moved...
[GAMING/SUR] | YouTube  | [Normal]     | 91%    |   16.0ms | me im a funny guy pick me...
[GAMING/GAM] | YouTube  | [Normal]     | 97%    |   14.8ms | Markiplier i love your videos!...
[ENTERTAINM] | YouTube  | [Normal]     | 95%    |   15.6ms | Imagine if speed joins the stream...
[ENTERTAINM] | YouTube  | [Normal]     | 96%    |   11.1ms | nepal flag...
[ENTERTAINM] | YouTube  | [Normal]     | 90%    |   15.4ms | How the 500 million button looks like?...
[GAMING/GAM] | YouTube  | [Normal]     | 83%    |   12.5ms | theres a dead body in interior...
[ENTERTAINM] | YouTube  | [Normal]     | 94%    |   13.4ms | Нормас...
[GAMING/GAM] | YouTube  | [Normal]     | 95%    |   12.0ms | Flood!...
[ENTERTAINM] | YouTube  | [Normal]     | 94%    |   15.3ms | yo beast can you throw me 100 buck am sa...
[ENTERTAINM] | YouTube  | [Normal]     | 91%    |   13.2ms | hey...
[GAMING/GAM] | YouTube  | [Normal]     | 95%    |   13.5ms | I love watching streamers play this game...
[SELF-HELP/] | YouTube  | [Normal]     | 98%    |   14.5ms | I scored 9 / 10 on ACE. I'm special....
[GAMING/GAM] | YouTube  | [Normal]     | 92%    |    8.5ms | BROKEN RAIL MOVED...
[ENTERTAINM] | YouTube  | [Normal]     | 94%    |   12.4ms | Hi beast...
[GAMING/GAM] | YouTube  | [Normal]     | 94%    |   15.0ms | I tried telling yall…...
[GAMING/SUR] | YouTube  | [Normal]     | 96%    |   10.0ms | Jethro Toe......
[SPORTS/FOO] | YouTube  | [Normal]     | 94%    |   31.1ms | 와 해딩으로...
[GAMING/SUR] | YouTube  | [Normal]     | 87%    |   23.5ms | @Justin-rockz telll me a joke...
[ENTERTAINM] | YouTube  | [Normal]     | 94%    |   16.0ms | jimmy...
[ENTERTAINM] | YouTube  | [Normal]     | 94%    |   18.6ms | Nooo:loudly_crying_face::loudly_crying_f...
[ENTERTAINM] | YouTube  | [Normal]     | 94%    |   10.6ms | nice...
[GAMING/GAM] | YouTube  | [Normal]     | 94%    |   13.0ms | really mark...
[GAMING/GAM] | YouTube  | [Normal]     | 94%    |   26.3ms | WHAT HAPPENED MR BIG BRAIN PERFECT EYES ...
[GAMING/GAM] | YouTube  | [Normal]     | 88%    |   22.6ms | Mark  sometimes we worry about you...
[SELF-HELP/] | YouTube  | [Normal]     | 87%    |   17.0ms | Quite the opposite...
[GAMING/GAM] | YouTube  | [Normal]     | 83%    |   20.1ms | mark watch out there's a intruder top le...
[PSYCHOLOGY] | YouTube  | [OFFENSIVE]  | 54%    |   23.8ms | you lost all that Shakti and now you're ...
[GAMING/GAM] | YouTube  | [Normal]     | 97%    |   21.3ms | Hi from Michigan :heart_hands:...
[ENTERTAINM] | YouTube  | [Normal]     | 95%    |   17.2ms | Bangladesh...
[ENTERTAINM] | YouTube  | [Normal]     | 97%    |   20.6ms | :red_square::white_large_square::green_s...
[ENTERTAINM] | YouTube  | [Normal]     | 91%    |    9.0ms | Free fire...
[GAMING/GAM] | YouTube  | [Normal]     | 94%    |   11.5ms | Can we talk about iron lung or did i mis...
[GAMING/GAM] | YouTube  | [Normal]     | 93%    |   15.0ms | every time I look away something happens...
[ENTERTAINM] | YouTube  | [Normal]     | 96%    |   12.0ms | Love you...
[GAMING/GAM] | YouTube  | [OFFENSIVE]  | 86%    |   20.7ms | THE BROKEN RAIL MOVEDDDD!!!!!!!...
[ENTERTAINM] | YouTube  | [Normal]     | 97%    |   21.0ms | :smiling_face_with_hearts:...
[GAMING/SUR] | YouTube  | [Normal]     | 90%    |   16.0ms | Neechi slang lol...
[ENTERTAINM] | YouTube  | [Normal]     | 95%    |   11.0ms | I am subscribed you...
[GAMING/GAM] | YouTube  | [Normal]     | 76%    |   15.0ms | whys he talking in our ears...
[MUSIC/CHIL] | YouTube  | [Normal]     | 95%    |   12.1ms | mai yhii huu...
[GAMING/GAM] | YouTube  | [Normal]     | 93%    |   15.0ms | I like my HyperX...
[ENTERTAINM] | YouTube  | [Normal]     | 84%    |   28.0ms | :man_facepalming::man_facepalming::man_f...
[ENTERTAINM] | YouTube  | [Normal]     | 96%    |    8.0ms | plz gift me some money for buying laptop...
[GAMING/GAM] | YouTube  | [Normal]     | 96%    |   10.0ms | The ropes on the barrels...
[ENTERTAINM] | YouTube  | [Normal]     | 96%    |   16.7ms | :hand-pink-waving::face-blue-smiling::fa...
[GAMING/SUR] | YouTube  | [Normal]     | 97%    |    9.0ms | 720p ahh game :grinning_squinting_face: ...
[GAMING/GAM] | YouTube  | [Normal]     | 71%    |    8.0ms | silly...
[GAMING/SUR] | YouTube  | [Normal]     | 90%    |   14.8ms | its literally all backwards...
[PSYCHOLOGY] | YouTube  | [Normal]     | 96%    |   13.6ms | :_DrKCopium:...
[GAMING/GAM] | YouTube  | [Normal]     | 91%    |   10.6ms | STUFF IS MISSING ON THE DESK...
[GAMING/GAM] | YouTube  | [Normal]     | 95%    |    9.0ms | Missing object in front of the map...
[GAMING/SUR] | YouTube  | [Normal]     | 96%    |    9.4ms | do deepsea :3...
[GAMING/GAM] | YouTube  | [Normal]     | 95%    |   10.5ms | THE GALLON CHANGE POSITION...
[PSYCHOLOGY] | YouTube  | [Normal]     | 95%    |   19.8ms | Hhhaaahaaa...
[ENTERTAINM] | YouTube  | [Normal]     | 97%    |   16.5ms | Hello Mr. Beast  I'm Artem...
[GAMING/GAM] | YouTube  | [Normal]     | 96%    |   14.0ms | Railing next to the hole on the stairwel...
[ENTERTAINM] | YouTube  | [Normal]     | 96%    |   14.6ms | 5000000000000000m...
[GAMING/GAM] | YouTube  | [Normal]     | 95%    |   12.1ms | :O...
[GAMING/GAM] | YouTube  | [Normal]     | 93%    |    9.0ms | Sus...
[GAMING/GAM] | YouTube  | [Normal]     | 90%    |   11.0ms | jesus...
[ENTERTAINM] | YouTube  | [Normal]     | 98%    |   19.8ms | hello! :hand-pink-waving:...
[GAMING/GAM] | YouTube  | [Normal]     | 96%    |    8.6ms | STAIRWELL: left side railing moved  INTE...
[PSYCHOLOGY] | YouTube  | [Normal]     | 83%    |    8.0ms | brother fantasy is all we inferior genet...
[ENTERTAINM] | YouTube  | [Normal]     | 95%    |    9.0ms | COME TO PHILIPPINES...
[SELF-HELP/] | YouTube  | [Normal]     | 95%    |   12.1ms | no i m def not gifted lol...
[ENTERTAINM] | YouTube  | [Normal]     | 98%    |   41.5ms | :face-red-droopy-eyes:hiiii:text-green-g...
[GAMING/SUR] | YouTube  | [Normal]     | 95%    |   18.0ms | No Fost  but I am...
[GAMING/GAM] | YouTube  | [Normal]     | 97%    |   19.5ms | Painting above the bed?...
[GAMING/SUR] | YouTube  | [Normal]     | 94%    |   23.0ms | @FostuRKid I was going to drink whiskey ...
[GAMING/GAM] | YouTube  | [Normal]     | 72%    |   27.0ms | That might have been the guy they send t...
[GAMING/GAM] | YouTube  | [Normal]     | 94%    |   20.1ms | serves me right for having my volume up ...
[ENTERTAINM] | YouTube  | [Normal]     | 94%    |   12.0ms | hi me...
[GAMING/GAM] | YouTube  | [Normal]     | 92%    |    9.0ms | Something weird about light in lantern r...
[GAMING/GAM] | YouTube  | [Normal]     | 97%    |    6.6ms | rotating pillar in STAIRWELL...
[GAMING/GAM] | YouTube  | [Normal]     | 96%    |    7.7ms | INTERIOR MISSING OBJECT NEAR MAP...
[GAMING/GAM] | YouTube  | [Normal]     | 97%    |    7.6ms | missing item under the map!!...
[GAMING/GAM] | YouTube  | [Normal]     | 94%    |   10.0ms | MISSING TYPEWRITER IN INTERIOR NEAR MAP...
[GAMING/GAM] | YouTube  | [Normal]     | 93%    |   10.1ms | desk missing object  interior...
[GAMING/GAM] | YouTube  | [Normal]     | 96%    |    9.0ms | Cross??...
[GAMING/GAM] | YouTube  | [Normal]     | 96%    |   14.1ms | Fog over the light house in the yard...
[MUSIC/CHIL] | YouTube  | [Normal]     | 98%    |   24.6ms | :face-blue-wide-eyes::face-blue-wide-eye...
[SELF-HELP/] | YouTube  | [Normal]     | 97%    |   22.5ms | Nurture v nature!!...
[GAMING/GAM] | YouTube  | [Normal]     | 91%    |   22.6ms | RADIO FACING WRONG WAY IN THE INTERIOR...
[GAMING/GAM] | YouTube  | [Normal]     | 94%    |   16.7ms | MISSING TYPEWRITER ON THE RIGHT INTERIOR...
[ENTERTAINM] | YouTube  | [Normal]     | 97%    |   10.0ms | :face-green-smiling:...
[ENTERTAINM] | YouTube  | [Normal]     | 93%    |   12.5ms | هههههههههه...
[ENTERTAINM] | YouTube  | [Normal]     | 94%    |    8.6ms | IM SO HAPPY YOUR ON THIS PLANET!!!! :glo...
[PSYCHOLOGY] | YouTube  | [HATE]       | 44%    |    8.6ms | goon gripped...
[GAMING/GAM] | YouTube  | [Normal]     | 96%    |    7.0ms | give me a kiss mark...
[GAMING/GAM] | YouTube  | [Normal]     | 96%    |    7.0ms | THE RAILING ON THE LEFT ON STAIRCASE DID...
[GAMING/GAM] | YouTube  | [Normal]     | 94%    |    6.0ms | yay!! we are smart!!!...
[GAMING/GAM] | YouTube  | [Normal]     | 73%    |   14.1ms | dead body...
[GAMING/GAM] | YouTube  | [Normal]     | 94%    |   14.0ms | THE BAGS IN THE BASEMENT...
[ENTERTAINM] | YouTube  | [Normal]     | 92%    |    7.0ms | heyyyyy...
[GAMING/GAM] | YouTube  | [Normal]     | 92%    |   10.5ms | :brain::brain::brain::brain:...
[GAMING/GAM] | YouTube  | [Normal]     | 96%    |   12.0ms | oneth...
[GAMING/SUR] | YouTube  | [Normal]     | 85%    |   21.0ms | Anyone experienced a deadly auntie befor...
[GAMING/SUR] | YouTube  | [Normal]     | 89%    |   16.1ms | JUST LISTEN TO HIM...
[ENTERTAINM] | YouTube  | [Normal]     | 93%    |   21.0ms | :call_me_hand::call_me_hand::call_me_han...
[SELF-HELP/] | YouTube  | [Normal]     | 71%    |   10.6ms | it sucks to be too smart...
[MUSIC/CHIL] | YouTube  | [Normal]     | 95%    |   14.5ms | :goodvibes:...
[GAMING/GAM] | YouTube  | [Normal]     | 97%    |    9.0ms | Lol aot...
[GAMING/GAM] | YouTube  | [Normal]     | 94%    |    8.0ms | we're the walls always cracked in the be...
[GAMING/GAM] | YouTube  | [Normal]     | 71%    |   14.0ms | no way they gotta captcha...
[GAMING/GAM] | YouTube  | [Normal]     | 92%    |   12.5ms | LOL THE CAPTCHA IS SO FUNNY...
[ENTERTAINM] | YouTube  | [Normal]     | 94%    |   12.0ms | jimmy...
[ENTERTAINM] | YouTube  | [Normal]     | 94%    |   16.6ms | hi...
[GAMING/GAM] | YouTube  | [Normal]     | 92%    |   17.6ms | the rail !...
[ENTERTAINM] | YouTube  | [Normal]     | 96%    |   15.0ms | brazil Argentina or portugal?...
[GAMING/GAM] | YouTube  | [Normal]     | 95%    |   27.1ms | STAIRWELL: left side railing moved  you ...
[GAMING/GAM] | YouTube  | [Normal]     | 97%    |   13.9ms | aot mentioned!!...
[GAMING/GAM] | YouTube  | [Normal]     | 95%    |   19.0ms | I ARRIVED LATE BUT HI MARK...
[ENTERTAINM] | YouTube  | [Normal]     | 98%    |   16.1ms | :hand-pink-waving::hand-pink-waving::han...
[GAMING/GAM] | YouTube  | [Normal]     | 87%    |   17.0ms | WOOOOOOO...
[ENTERTAINM] | YouTube  | [Normal]     | 82%    |   14.0ms | you best bloger...
[GAMING/GAM] | YouTube  | [Normal]     | 87%    |   16.0ms | WOOOOOO...
[ENTERTAINM] | YouTube  | [Normal]     | 98%    |   41.1ms | :cherry_blossom::cherry_blossom::cherry_...
[MUSIC/CHIL] | YouTube  | [Normal]     | 97%    |    7.0ms | ....:face-turquoise-music-note:...
[MUSIC/CHIL] | YouTube  | [Normal]     | 96%    |   10.0ms | :slightly_smiling_face:...
[GAMING/GAM] | YouTube  | [Normal]     | 91%    |   10.0ms | W...
[ENTERTAINM] | YouTube  | [Normal]     | 98%    |   19.2ms | :hand-pink-waving:...
[GAMING/GAM] | YouTube  | [Normal]     | 93%    |   13.9ms | gg...
[ENTERTAINM] | YouTube  | [Normal]     | 95%    |   16.0ms | hi hi hihi hi hi hi hi...
[ENTERTAINM] | YouTube  | [Normal]     | 96%    |   25.0ms | :rolling_on_the_floor_laughing::rolling_...
[GAMING/GAM] | YouTube  | [Normal]     | 98%    |   16.5ms | :face-blue-smiling::face-blue-smiling::f...
[GAMING/GAM] | YouTube  | [Normal]     | 96%    |   24.0ms | Lots of Tiktoks!...
[GAMING/GAM] | YouTube  | [Normal]     | 94%    |   15.6ms | I'm at a pep band game but I'm watching ...
[GAMING/GAM] | YouTube  | [Normal]     | 95%    |    9.0ms | CHECK STAIRS!!!!!! :folded_hands::folded...
[PSYCHOLOGY] | YouTube  | [Normal]     | 88%    |    7.0ms | @andreicionescu giggity giggity...
[GAMING/GAM] | YouTube  | [Normal]     | 90%    |    8.6ms | yesssss...
[PSYCHOLOGY] | YouTube  | [Normal]     | 78%    |    7.0ms | equalfuckupmaxxing...
[GAMING/GAM] | YouTube  | [Normal]     | 97%    |    7.0ms | i am SO ready for the home release...
[ENTERTAINM] | YouTube  | [Normal]     | 52%    |    7.0ms | you are the goted...
[PSYCHOLOGY] | YouTube  | [Normal]     | 93%    |   13.0ms | @yashnair4854 rip...
[GAMING/GAM] | YouTube  | [Normal]     | 94%    |   16.0ms | Just saw Iron Long with my gf in Germany...
[PSYCHOLOGY] | YouTube  | [Normal]     | 95%    |   14.6ms | Exactly !...
[GAMING/GAM] | YouTube  | [Normal]     | 96%    |   13.6ms | Would love to see a BTS documentary...
[GAMING/GAM] | YouTube  | [Normal]     | 93%    |   14.0ms | YAYYY...
[ENTERTAINM] | YouTube  | [Normal]     | 90%    |   10.0ms | ㅋㅋㅋㅋㅋ...
[GAMING/GAM] | YouTube  | [Normal]     | 97%    |   24.0ms | will it b available in Canada?...
[GAMING/GAM] | YouTube  | [Normal]     | 98%    |   23.0ms | :trophy-yellow-smiling::trophy-yellow-sm...
[ENTERTAINM] | YouTube  | [Normal]     | 94%    |   16.1ms | @আল্লাহ -আমার-রব...
[SELF-HELP/] | YouTube  | [Normal]     | 97%    |   13.0ms | like Dr. Strange lol...
[GAMING/GAM] | YouTube  | [Normal]     | 98%    |   18.6ms | The Superb Owl at last....
[GAMING/GAM] | YouTube  | [Normal]     | 94%    |   10.0ms | how you doing mark?...
[GAMING/GAM] | YouTube  | [Normal]     | 95%    |   14.0ms | Rules smules...
[ENTERTAINM] | YouTube  | [Normal]     | 96%    |   14.0ms | çuando llegue a 500 seguidores regalame ...
[ENTERTAINM] | YouTube  | [Normal]     | 93%    |    9.0ms | HELLO MRBEAST...
[GAMING/GAM] | YouTube  | [Normal]     | 96%    |    8.2ms | The soup bowl...
[PSYCHOLOGY] | YouTube  | [Normal]     | 95%    |    6.6ms | my brain probably has anime?...
[ENTERTAINM] | YouTube  | [Normal]     | 96%    |    7.0ms | :learning::learning::learning::learning:...
[ENTERTAINM] | YouTube  | [Normal]     | 93%    |    9.0ms | ааааааааааа...
[GAMING/GAM] | YouTube  | [Normal]     | 92%    |    9.6ms | It’s nudie magazine day!...
[ENTERTAINM] | YouTube  | [Normal]     | 96%    |   10.0ms | New member...
[GAMING/GAM] | YouTube  | [Normal]     | 96%    |   10.0ms | hello mark...
[GAMING/GAM] | YouTube  | [Normal]     | 92%    |   12.1ms | ye...
[GAMING/SUR] | YouTube  | [Normal]     | 95%    |   11.0ms | Fort Knox...
[GAMING/SUR] | YouTube  | [Normal]     | 66%    |   17.6ms | at least the only person hes got to worr...
[ENTERTAINM] | YouTube  | [Normal]     | 98%    |   24.5ms | :face-blue-smiling::face-blue-smiling::f...
[GAMING/SUR] | YouTube  | [Normal]     | 90%    |    9.0ms | Gingy FOUND A TURRET AND PUT IT SOMEWHER...
[MUSIC/CHIL] | YouTube  | [Normal]     | 94%    |   13.7ms | :cigarette::thinking_face:...
[GAMING/GAM] | YouTube  | [Normal]     | 91%    |   12.4ms | Corner...
[PSYCHOLOGY] | YouTube  | [Normal]     | 98%    |   11.3ms | on mets le patate...
[ENTERTAINM] | YouTube  | [Normal]     | 91%    |   12.5ms | w...
[ENTERTAINM] | YouTube  | [Normal]     | 94%    |   14.3ms | hi...
[GAMING/GAM] | YouTube  | [Normal]     | 97%    |   16.7ms | dont forget the flights hours at gate...
[ENTERTAINM] | YouTube  | [Normal]     | 94%    |   32.7ms | :thanksdoc::thanksdoc::thanksdoc::thanks...
[SELF-HELP/] | YouTube  | [Normal]     | 96%    |    7.0ms | slap on some adhd  double it  pass it on...
[GAMING/GAM] | YouTube  | [Normal]     | 96%    |   13.1ms | oop...
[MUSIC/CHIL] | YouTube  | [Normal]     | 96%    |   17.8ms | nu mai am rezistenta că când eram sănăto...
[GAMING/GAM] | YouTube  | [Normal]     | 94%    |    9.0ms | eyes in the windows...
[ENTERTAINM] | YouTube  | [Normal]     | 94%    |   14.5ms | :elbowcough::elbowcough::elbowcough::elb...
[GAMING/GAM] | YouTube  | [Normal]     | 98%    |    8.7ms | extra red cup next to banana in cockpit...
[GAMING/GAM] | YouTube  | [Normal]     | 93%    |    8.5ms | RAHHH...
[ENTERTAINM] | YouTube  | [Normal]     | 95%    |   14.1ms | :thinking_face:...
[GAMING/GAM] | YouTube  | [Normal]     | 91%    |   15.3ms | i just got back from walking my roommate...
[MUSIC/CHIL] | YouTube  | [Normal]     | 97%    |   15.7ms | SKOLIM & CLEO - Lubimy (Official Video) ...
[GAMING/GAM] | YouTube  | [Normal]     | 88%    |    9.6ms | Who said that? Everyone  GET EM!...
[GAMING/GAM] | YouTube  | [Normal]     | 96%    |   10.6ms | case in hall...
[ENTERTAINM] | YouTube  | [Normal]     | 95%    |   10.8ms | Mr beast you are such an amazing creator...
[GAMING/GAM] | YouTube  | [Normal]     | 91%    |   15.2ms | im hungryyy can we get McDonald's?...
[ENTERTAINM] | YouTube  | [Normal]     | 95%    |   13.1ms | hiii...
[GAMING/GAM] | YouTube  | [Normal]     | 86%    |   21.6ms | too much luggage in the open cabin stora...
[GAMING/GAM] | YouTube  | [Normal]     | 96%    |   14.5ms | NOOOOOO I was focused on the bag in chai...
[GAMING/SUR] | YouTube  | [Normal]     | 94%    |   13.0ms | try checking all the same boxes over and...
[GAMING/GAM] | YouTube  | [Normal]     | 87%    |   11.1ms | banned...
[GAMING/GAM] | YouTube  | [Normal]     | 97%    |    9.5ms | Extra luggage compartment open in busine...
[GAMING/SUR] | YouTube  | [Normal]     | 97%    |    9.6ms | cargo for cameras...
[GAMING/GAM] | YouTube  | [Normal]     | 89%    |    9.5ms | BUISNESS PILLOW...
[ENTERTAINM] | YouTube  | [Normal]     | 95%    |   11.2ms | ааааааааа аараиаиапап...
[ENTERTAINM] | YouTube  | [Normal]     | 70%    |   14.0ms | let's goooooo… 500 millliiii...
[GAMING/SUR] | YouTube  | [Normal]     | 86%    |    8.0ms | OUT BY FROUNT DOOR...
[GAMING/GAM] | YouTube  | [Normal]     | 87%    |    7.5ms | My tummy hurt bro...
[ENTERTAINM] | YouTube  | [Normal]     | 94%    |    8.0ms | Hi...
[GAMING/GAM] | YouTube  | [Normal]     | 95%    |   10.0ms | interesting...
[GAMING/GAM] | YouTube  | [Normal]     | 82%    |    7.0ms | if he ever sees someone mention the bana...
[GAMING/GAM] | YouTube  | [Normal]     | 95%    |    9.6ms | Your movie was absolutely amazing  btw a...
[ENTERTAINM] | YouTube  | [Normal]     | 95%    |    7.0ms | Hello...
[GAMING/GAM] | YouTube  | [Normal]     | 98%    |   14.5ms | Flight board at the gate...
[MUSIC/CHIL] | YouTube  | [Normal]     | 98%    |   16.4ms | sirina:face-red-heart-shape::face-red-he...
[GAMING/SUR] | YouTube  | [Normal]     | 94%    |   11.0ms | 1box has it...
[GAMING/SUR] | YouTube  | [Normal]     | 92%    |   11.0ms | Outside...
[ENTERTAINM] | YouTube  | [Normal]     | 95%    |   13.0ms | said hi...
[GAMING/GAM] | YouTube  | [HATE]       | 60%    |   23.1ms | Mark i beg you help a man with buying a ...
[MUSIC/CHIL] | YouTube  | [Normal]     | 74%    |   13.5ms | KEJTI because smart people will think ab...
[PSYCHOLOGY] | YouTube  | [Normal]     | 93%    |    7.0ms | That does seem VERY Puer to me yeah...
[GAMING/GAM] | YouTube  | [Normal]     | 97%    |   12.0ms | There’s an extra storage space open abov...
[SPORTS/FOO] | YouTube  | [Normal]     | 96%    |   13.0ms | 이거 어디 경기야? 혹시 캐나다?...
[GAMING/GAM] | YouTube  | [Normal]     | 95%    |   19.5ms | was there a suitcase always in top of ec...
[ENTERTAINM] | YouTube  | [Normal]     | 95%    |   18.4ms | yooo mr beasttttttt...
[GAMING/GAM] | YouTube  | [Normal]     | 91%    |   11.0ms | Bag left side Business...
[GAMING/GAM] | YouTube  | [Normal]     | 96%    |   15.5ms | hi chat  hi Mark...
[MUSIC/CHIL] | YouTube  | [OFFENSIVE]  | 77%    |   20.6ms | No time for u idiot bla bla bla :zany_fa...
[GAMING/GAM] | YouTube  | [Normal]     | 79%    |   16.0ms | heavenly toilet...
[GAMING/GAM] | YouTube  | [Normal]     | 93%    |    9.0ms | THE BROWN SUITCASE IN THE CAT WALK...
[GAMING/TOU] | Twitch   | [Normal]     | 94%    |    8.0ms | gas...
[GAMING/TOU] | Twitch   | [Normal]     | 96%    |    7.6ms | HO CAMBIATO IL MIO CODICE IN  *nezakfn* ...
[GAMING/TOU] | Twitch   | [Normal]     | 96%    |    8.0ms | cosi balla...
[VALORANT/G] | Twitch   | [Normal]     | 90%    |    8.6ms | 康神...
[VALORANT/G] | Twitch   | [Normal]     | 94%    |   24.0ms | @jeanguo conter strik...
[VALORANT/G] | Twitch   | [Normal]     | 92%    |   22.0ms | @caffeinediff LOL...
[RELATIONSH] | Twitch   | [Normal]     | 77%    |   17.5ms | was soooo goooood TwitchConHYPE...
[RELATIONSH] | Twitch   | [Normal]     | 96%    |   17.0ms | Wake has more improv experience (derogat...
[VALORANT/G] | Twitch   | [Normal]     | 96%    |   14.5ms | so I’m gonna see edg live tmrw?...
[VALORANT/G] | Twitch   | [Normal]     | 91%    |   12.6ms | @caffeinediff HAH maybe ask for help nex...
[VALORANT/G] | Twitch   | [Normal]     | 90%    |   16.0ms | not looking too strong...
[RELATIONSH] | Twitch   | [Normal]     | 95%    |   10.7ms | LOLL...
[VALORANT/G] | Twitch   | [Normal]     | 95%    |    9.0ms | @LifenUpT +1...
[VALORANT/G] | Twitch   | [Normal]     | 96%    |    8.6ms | @mavhawk64 Glaze in his chat then?...
[VALORANT/G] | Twitch   | [Normal]     | 90%    |    8.4ms | @caffeinediff the regions they play in m...
[RELATIONSH] | Twitch   | [Normal]     | 93%    |    9.0ms | nmpBuddy...
[RELATIONSH] | Twitch   | [Normal]     | 93%    |    8.0ms | Jammies...
[RELATIONSH] | Twitch   | [Normal]     | 93%    |   11.0ms | Jammies...
[VALORANT/G] | Twitch   | [Normal]     | 95%    |   13.5ms | GG KK...
[RELATIONSH] | Twitch   | [Normal]     | 98%    |   37.6ms | TriHard FBCatch HolidayPresent ANY GIFTA...
[RELATIONSH] | Twitch   | [Normal]     | 94%    |   12.0ms | MOVE...
[RELATIONSH] | Twitch   | [Normal]     | 93%    |    8.5ms | Jammies ͏...
[VALORANT/G] | Twitch   | [Normal]     | 95%    |   22.0ms | kk do something  i need this pls...
[RELATIONSH] | Twitch   | [Normal]     | 96%    |   38.0ms | H-HE SO F-I-I-I-NE 😩 😩 😍 💕 💕 💕 H-HE SO F...
[RELATIONSH] | Twitch   | [Normal]     | 87%    |    7.2ms | no...
[RELATIONSH] | Twitch   | [Normal]     | 87%    |   10.0ms | no...
[RELATIONSH] | Twitch   | [Normal]     | 94%    |   13.6ms | I am rich and have money but can someone...
[RELATIONSH] | Twitch   | [Normal]     | 96%    |   15.9ms | that’s the spirit...
[RELATIONSH] | Twitch   | [Normal]     | 95%    |   13.6ms | Only once per life...
[RELATIONSH] | Twitch   | [Normal]     | 97%    |   22.2ms | 1 in 6?...
[RELATIONSH] | Twitch   | [Normal]     | 96%    |   13.5ms | LUL...
[RELATIONSH] | Twitch   | [Normal]     | 71%    |   10.5ms | nick will say anal...
[RELATIONSH] | Twitch   | [Normal]     | 40%    |   11.0ms | PEGGERS...
[RELATIONSH] | Twitch   | [Normal]     | 93%    |   14.5ms | rofl...
[ENTERTAINM] | Twitch   | [Normal]     | 92%    |   10.5ms | HUH  ͏...
[RELATIONSH] | Twitch   | [Normal]     | 94%    |   13.0ms | o7...
[RELATIONSH] | Twitch   | [Normal]     | 94%    |    9.0ms | o7...
[RELATIONSH] | Twitch   | [Normal]     | 93%    |    8.1ms | o7 Arther is helping Julia complete a su...
[RELATIONSH] | Twitch   | [Normal]     | 95%    |   12.0ms | Saved...
[RELATIONSH] | Twitch   | [Normal]     | 94%    |   13.0ms | omgBruh...
[RELATIONSH] | Twitch   | [Normal]     | 95%    |   10.0ms | Saved...
[ENTERTAINM] | Twitch   | [Normal]     | 82%    |    9.5ms | HAH...
[RELATIONSH] | Twitch   | [Normal]     | 96%    |   11.0ms | Good save...
[RELATIONSH] | Twitch   | [Normal]     | 94%    |   10.0ms | ooo mg...
[RELATIONSH] | Twitch   | [Normal]     | 67%    |   12.0ms | Is he implying he wants kids?...
[RELATIONSH] | Twitch   | [Normal]     | 86%    |   10.0ms | @MISTERARTHER are you high?...
[RELATIONSH] | Twitch   | [Normal]     | 94%    |    9.1ms | o7...
[RELATIONSH] | Twitch   | [Normal]     | 97%    |   11.5ms | arthur single arc coming soon...
[ENTERTAINM] | Twitch   | [Normal]     | 95%    |   13.5ms | is that bulbasaur...
[RELATIONSH] | Twitch   | [OFFENSIVE]  | 52%    |   13.0ms | oh shit...
[RELATIONSH] | Twitch   | [Normal]     | 94%    |   11.3ms | Aww...
[ENTERTAINM] | Twitch   | [Normal]     | 70%    |    7.6ms | too long...
[RELATIONSH] | Twitch   | [Normal]     | 93%    |    8.0ms | o7 just act confused again...
[ENTERTAINM] | Twitch   | [Normal]     | 88%    |    8.0ms | child? your own body?  self-fertilizatio...
[LEGO/UPDAT] | Twitch   | [Normal]     | 72%    |    9.2ms | portugal coasts are nice...
[ENTERTAINM] | Twitch   | [Normal]     | 96%    |   12.0ms | qoqsikOO...
[RELATIONSH] | Twitch   | [Normal]     | 95%    |   12.5ms | what?...
[RELATIONSH] | Twitch   | [Normal]     | 96%    |    8.0ms | W Dr. Dean...
[RELATIONSH] | Twitch   | [Normal]     | 93%    |    7.6ms | hes cooked...
[RELATIONSH] | Twitch   | [Normal]     | 96%    |    8.0ms | FF arthur...
[RELATIONSH] | Twitch   | [Normal]     | 93%    |    9.0ms | It's a habit problem...
[RELATIONSH] | Twitch   | [Normal]     | 85%    |    9.6ms | This is fucking brilliant LMFAOOOO...
[RELATIONSH] | Twitch   | [Normal]     | 96%    |    8.0ms | I pray to god this is scripted...
[RELATIONSH] | Twitch   | [Normal]     | 92%    |   10.3ms | BRO ARTHER...
[RELATIONSH] | Twitch   | [Normal]     | 94%    |   11.0ms | hesRight...
[RELATIONSH] | Twitch   | [Normal]     | 92%    |    8.0ms | OOOOOOOOO...
[RELATIONSH] | Twitch   | [Normal]     | 93%    |   10.0ms | mhm...
[RELATIONSH] | Twitch   | [Normal]     | 94%    |   18.8ms | this conversation will be clipped bad lo...
[RELATIONSH] | Twitch   | [OFFENSIVE]  | 60%    |   16.9ms | Bullshit...
[RELATIONSH] | Twitch   | [Normal]     | 94%    |   11.6ms | om...
[RELATIONSH] | Twitch   | [Normal]     | 94%    |    9.0ms | om...
[ENTERTAINM] | Twitch   | [Normal]     | 88%    |    9.0ms | scam...
[GAMING/CO‑] | Twitch   | [Normal]     | 95%    |   10.6ms | Hi mama Lily...
[GAMING/CO‑] | Twitch   | [Normal]     | 89%    |   22.7ms | Lol the peeps are clipping like crazy lo...
[GAMING/CO‑] | Twitch   | [Normal]     | 89%    |   22.0ms | Do you have a gimp mask for him tho?...
