---- STARTING OMNI-PROCESSOR ----
-> Connected to Elasticsearch at http://localhost:9200 | Index: perf_20260926-180952_p4_c4_cuda_r1
-> Loading model from F:\hate-speech-pipeline\src\../models\bert_final on cuda...
-> GPU: NVIDIA GeForce GTX 1650 with Max-Q Design
-> BERT Model Loaded successfully.
-> Benchmark log: F:\hate-speech-pipeline\reports\scaling\20260926-180952_p4_c4_cuda_r1\bench_WIX_2.csv | node WIX | group grp_20260926-180952_p4_c4_cuda_r1
------------------------------------------------------------------------------------------------------------------------
DOMAIN       | SOURCE   | PREDICTION   | CONF.  | LATENCY  | TEXT
------------------------------------------------------------------------------------------------------------------------
[GAMING/SUR] | YouTube  | [Normal]     | 96%    |  844.7ms | FIRST...
[GAMING/SUR] | YouTube  | [Normal]     | 97%    |   24.1ms | Peanut Plays RUST. LETS GO!...
[GAMING/SUR] | YouTube  | [Normal]     | 94%    |   31.0ms | eeeeeeeeeeeeeeeeeeeeeeeeeeeee...
[GAMING/SUR] | YouTube  | [Normal]     | 61%    |   31.6ms | lets goooooooooo chat!!!...
[GAMING/SUR] | YouTube  | [Normal]     | 96%    |   21.6ms | EEEEEEEEEEE EEEEEEEEEEE EEEEEEEEEEE EEEE...
[NEWS/LIVE ] | YouTube  | [Normal]     | 90%    |   18.1ms | more like codes...
[MUSIC/CHIL] | YouTube  | [Normal]     | 90%    |   21.0ms | Suz tell your halikan to stop overfeedin...
[GAMING/SUR] | YouTube  | [Normal]     | 58%    |   17.5ms | did you ask hutch bout his ass tattoo...
[GAMING/SUR] | YouTube  | [Normal]     | 98%    |   26.6ms | :face-blue-wide-eyes::face-blue-wide-eye...
[GAMING/SUR] | YouTube  | [Normal]     | 96%    |   11.0ms | Diarrhea live on the stream...
[GAMING/SUR] | YouTube  | [Normal]     | 96%    |   15.5ms | hi:_PeanutFire::_PeanutFire:an chat does...
[GAMING/SUR] | YouTube  | [Normal]     | 87%    |   17.9ms | Gingys built different...
[GAMING/SUR] | YouTube  | [OFFENSIVE]  | 82%    |   14.6ms | Hol up...
[GAMING/SUR] | YouTube  | [Normal]     | 94%    |   17.0ms | Rouge put in massive work...
[GAMING/SUR] | YouTube  | [OFFENSIVE]  | 79%    |    9.8ms | :_LetsGo::_LetsGo::_LetsGo::_LetsGo::_Le...
[MUSIC/CHIL] | YouTube  | [Normal]     | 98%    |   14.3ms | Manoj haan:smiling_face_with_tear:...
[GAMING/SUR] | YouTube  | [Normal]     | 82%    |   16.0ms | Shut the door!!!!...
[GAMING/SUR] | YouTube  | [Normal]     | 96%    |    9.0ms | WE WANT WELYN...
[GAMING/SUR] | YouTube  | [HATE]       | 64%    |    8.6ms | HES THE GOAT!!!!!!!...
[GAMING/SUR] | YouTube  | [Normal]     | 97%    |    8.0ms | H20 is a YT O.G....
[GAMING/SUR] | YouTube  | [Normal]     | 96%    |    7.6ms | lol...
[GAMING/SUR] | YouTube  | [Normal]     | 95%    |   13.9ms | hit TAB...
[GAMING/SUR] | YouTube  | [Normal]     | 96%    |   15.1ms | BRUH THAT DOORFRAME BEEN TWIG FOR 24HRS...
[GAMING/SUR] | YouTube  | [Normal]     | 96%    |   16.1ms | HIT TAB AND LOOK TOP RIGHT...
[GAMING/SUR] | YouTube  | [Normal]     | 96%    |   15.8ms | peanut how late did you stay up last nig...
[MUSIC/CHIL] | YouTube  | [OFFENSIVE]  | 95%    |   17.5ms | Aha...so How much do you charge for suck...
[MUSIC/CHIL] | YouTube  | [Normal]     | 96%    |   17.9ms | Padathi spelling correct ga chepara firs...
[MUSIC/CHIL] | YouTube  | [Normal]     | 98%    |   34.3ms | Manoj unko sambhalega kon tum:face_with_...
[MUSIC/CHIL] | YouTube  | [Normal]     | 89%    |   20.1ms | Aha  now don't say that you do everythin...
[PSYCHOLOGY] | YouTube  | [Normal]     | 81%    |   17.8ms | JUNGIANS...
[GAMING/SUR] | YouTube  | [Normal]     | 76%    |   12.6ms | dont do o...
[GAMING/SUR] | YouTube  | [Normal]     | 89%    |   14.9ms | HUTCH HAS AN AIRSTRIKE...
[GAMING/SUR] | YouTube  | [Normal]     | 90%    |   13.6ms | if rust went on sale right now  id buy i...
[GAMING/SUR] | YouTube  | [Normal]     | 96%    |   13.1ms | Tim was doing the wheeel yesterday...
[GAMING/SUR] | YouTube  | [Normal]     | 93%    |   11.6ms | EAST SIDE...
[GAMING/SUR] | YouTube  | [Normal]     | 97%    |   12.6ms | I LOVE RUST...
[GAMING/SUR] | YouTube  | [Normal]     | 91%    |    8.0ms | South...
[GAMING/SUR] | YouTube  | [Normal]     | 97%    |   14.1ms | ground level...
[GAMING/SUR] | YouTube  | [Normal]     | 70%    |   12.0ms | It’s at bandit camp...
[MUSIC/CHIL] | YouTube  | [Normal]     | 97%    |   12.5ms | i feel you love to my...
[GAMING/SUR] | YouTube  | [Normal]     | 93%    |   13.6ms | do 3...
[GAMING/SUR] | YouTube  | [Normal]     | 95%    |   13.6ms | 10 OR 5 !!!...
[GAMING/SUR] | YouTube  | [Normal]     | 94%    |   10.0ms | 3...
[GAMING/ESP] | YouTube  | [Normal]     | 95%    |   10.7ms | :skull:...
[PSYCHOLOGY] | YouTube  | [Normal]     | 75%    |   13.1ms | low-key i think dr. k is helping a whole...
[MUSIC/CHIL] | YouTube  | [Normal]     | 96%    |    9.0ms | Vani kaise :thinking_face:...
[GAMING/SUR] | YouTube  | [Normal]     | 96%    |    9.3ms | lmqo...
[GAMING/SUR] | YouTube  | [Normal]     | 96%    |    8.4ms | bit.ly/EA_-The-ytlscb-na #ad...
[GAMING/SUR] | YouTube  | [Normal]     | 94%    |   14.1ms | usual gambling scene continue!!...
[GAMING/SUR] | YouTube  | [Normal]     | 97%    |   10.6ms | :face-green-smiling::face-green-smiling:...
[GAMING/SUR] | YouTube  | [Normal]     | 96%    |   12.0ms | what's good peanut...
[MUSIC/CHIL] | YouTube  | [Normal]     | 96%    |   17.0ms | Daniki chevudu ela vinipisthadi...
[GAMING/SUR] | YouTube  | [Normal]     | 96%    |   10.5ms | Hello from Bosnia...
[GAMING/SUR] | YouTube  | [Normal]     | 96%    |   11.0ms | LMFAO...
[GAMING/SUR] | YouTube  | [Normal]     | 84%    |    9.6ms | rigged...
[GAMING/SUR] | YouTube  | [Normal]     | 88%    |   17.7ms | LMAOOOOOOOOOOOOO...
[GAMING/SUR] | YouTube  | [Normal]     | 79%    |   16.0ms | face punch is gooping u...
[MUSIC/CHIL] | YouTube  | [Normal]     | 96%    |   12.6ms | ha to question bhi to hone chahiye na...
[GAMING/SUR] | YouTube  | [Normal]     | 95%    |   11.0ms | hit...
[GAMING/SUR] | YouTube  | [Normal]     | 94%    |   12.0ms | DO HALF SO YTOU CAN DUBL...
[GAMING/SUR] | YouTube  | [Normal]     | 95%    |   15.0ms | wow...
[MUSIC/CHIL] | YouTube  | [Normal]     | 87%    |   19.0ms | catu sis come on now you take care of yo...
[MUSIC/CHIL] | YouTube  | [Normal]     | 90%    |    7.1ms | sorry spoty net......
[GAMING/SUR] | YouTube  | [Normal]     | 96%    |   16.0ms | lmao...
[GAMING/SUR] | YouTube  | [Normal]     | 95%    |   11.4ms | Fun’s over lol...
[GAMING/SUR] | YouTube  | [Normal]     | 96%    |    8.3ms | Dealer always wins...
[GAMING/SUR] | YouTube  | [Normal]     | 94%    |   10.0ms | ON YOUR OWN SERVER...
[GAMING/SUR] | YouTube  | [Normal]     | 95%    |   30.6ms | :rolling_on_the_floor_laughing::rolling_...
[GAMING/SUR] | YouTube  | [Normal]     | 92%    |   19.0ms | Stay...
[GAMING/SUR] | YouTube  | [HATE]       | 48%    |   13.0ms | dumb AND poor...
[PSYCHOLOGY] | YouTube  | [Normal]     | 70%    |   16.5ms | i don't get the friendzone  because i ac...
[GAMING/SUR] | YouTube  | [Normal]     | 97%    |    9.0ms | peanut needs some shoes...
[PSYCHOLOGY] | YouTube  | [Normal]     | 82%    |    8.0ms | dr k   can you do a stream with only acc...
[GAMING/SUR] | YouTube  | [Normal]     | 94%    |   14.3ms | that's Insane:rolling_on_the_floor_laugh...
[GAMING/SUR] | YouTube  | [Normal]     | 78%    |   18.6ms | And that is why you don't gamble kids. X...
[GAMING/SUR] | YouTube  | [Normal]     | 92%    |   13.5ms | gingy stayed up all night grinding for p...
[PSYCHOLOGY] | YouTube  | [Normal]     | 92%    |    9.5ms | ye...
[PSYCHOLOGY] | YouTube  | [Normal]     | 86%    |    8.6ms | wolfs...
[ENTERTAINM] | YouTube  | [Normal]     | 93%    |    8.8ms | here...
[ENTERTAINM] | YouTube  | [Normal]     | 95%    |   14.6ms | EYYYYY HELLO...
[ENTERTAINM] | YouTube  | [Normal]     | 93%    |    8.8ms | OMG...
[GAMING/SUR] | YouTube  | [Normal]     | 93%    |    8.0ms | Probably a storage base...
[GAMING/SUR] | YouTube  | [Normal]     | 92%    |    9.0ms | ROB THE SCRAP NOW...
[ENTERTAINM] | YouTube  | [Normal]     | 94%    |    8.0ms | Hola...
[GAMING/SUR] | YouTube  | [Normal]     | 94%    |    9.0ms | JAMMMM...
[ENTERTAINM] | YouTube  | [Normal]     | 95%    |   11.0ms | yooo...
[ENTERTAINM] | YouTube  | [Normal]     | 97%    |   16.0ms | mr beast gift 67 $ i from Russia:money_m...
[ENTERTAINM] | YouTube  | [Normal]     | 52%    |   10.0ms | Let’s goooo jimmy...
[GAMING/SUR] | YouTube  | [Normal]     | 95%    |   22.0ms | :rolling_on_the_floor_laughing::rolling_...
[ENTERTAINM] | YouTube  | [Normal]     | 83%    |   13.5ms | world record jimmmyy...
[GAMING/GAM] | YouTube  | [Normal]     | 95%    |   14.0ms | HIII...
[GAMING/SUR] | YouTube  | [OFFENSIVE]  | 93%    |   15.0ms | gimme dat shit lmaooooo...
[GAMING/SUR] | YouTube  | [Normal]     | 94%    |   24.5ms | @mikeeeee26 yea lol...
[MUSIC/CHIL] | YouTube  | [Normal]     | 95%    |   24.1ms | Good:cigarette::face_exhaling:...
[ENTERTAINM] | YouTube  | [Normal]     | 97%    |   10.0ms | 170k to go...
[GAMING/GAM] | YouTube  | [Normal]     | 93%    |   17.5ms | PEAKKKK...
[GAMING/GAM] | YouTube  | [Normal]     | 94%    |   13.0ms | Sup dude...
[GAMING/GAM] | YouTube  | [Normal]     | 96%    |    7.0ms | hi mark...
[GAMING/GAM] | YouTube  | [Normal]     | 94%    |    8.0ms | hi...
[ENTERTAINM] | YouTube  | [Normal]     | 94%    |    8.0ms | Hi...
[MUSIC/CHIL] | YouTube  | [Normal]     | 97%    |   11.0ms | :smiling_face_with_halo:...
[ENTERTAINM] | YouTube  | [Normal]     | 96%    |    9.1ms | I need $1 000...
[GAMING/GAM] | YouTube  | [Normal]     | 96%    |    8.2ms | MARK!!!!!...
[GAMING/GAM] | YouTube  | [Normal]     | 87%    |    8.0ms | WOOOOOOO...
[ENTERTAINM] | YouTube  | [Normal]     | 97%    |    8.6ms | Hello i from indonesia...
[ENTERTAINM] | YouTube  | [Normal]     | 97%    |   10.7ms | :red_heart::red_heart::red_heart::red_he...
[GAMING/GAM] | YouTube  | [Normal]     | 97%    |   22.3ms | OMG MARK LIVE...
[GAMING/SUR] | YouTube  | [Normal]     | 64%    |   17.5ms | we need pirate ships...
[GAMING/GAM] | YouTube  | [Normal]     | 94%    |   14.1ms | SEEING IT AGAIN SATURDAY...
[MUSIC/CHIL] | YouTube  | [Normal]     | 97%    |   15.6ms | :card-red-penalty:...
[GAMING/GAM] | YouTube  | [Normal]     | 87%    |   11.1ms | WOOOOOOO...
[ENTERTAINM] | YouTube  | [Normal]     | 95%    |   10.0ms | hellooooooo...
[GAMING/GAM] | YouTube  | [Normal]     | 98%    |   11.5ms | the Iron Lung star has a Youtube??:face-...
[GAMING/GAM] | YouTube  | [Normal]     | 95%    |   10.0ms | mark you are my idol...
[GAMING/GAM] | YouTube  | [Normal]     | 95%    |    9.1ms | YAY...
[ENTERTAINM] | YouTube  | [Normal]     | 96%    |    7.0ms | I'm already subscribed...
[ENTERTAINM] | YouTube  | [Normal]     | 92%    |   13.0ms | Mrbeast...
[GAMING/GAM] | YouTube  | [Normal]     | 95%    |    9.0ms | HIIII...
[MUSIC/CHIL] | YouTube  | [Normal]     | 95%    |   25.3ms | shish Singh me badhiya hu tum batao...
[ENTERTAINM] | YouTube  | [Normal]     | 93%    |   24.6ms | yeeeeyeeeeeee...
[ENTERTAINM] | YouTube  | [Normal]     | 94%    |   19.7ms | hi...
[GAMING/GAM] | YouTube  | [Normal]     | 94%    |   14.6ms | Hey Mark  hope you have a good day. Take...
[GAMING/GAM] | YouTube  | [Normal]     | 49%    |   11.0ms | YIPEEEEE...
[GAMING/SUR] | YouTube  | [Normal]     | 96%    |   15.0ms | WTF LMAO...
[GAMING/GAM] | YouTube  | [Normal]     | 96%    |   13.0ms | lmao...
[SPORTS/FOO] | YouTube  | [Normal]     | 95%    |   10.0ms | 9 june...
[MUSIC/CHIL] | YouTube  | [Normal]     | 98%    |   13.0ms | ha to batao.. kha...
[GAMING/GAM] | YouTube  | [OFFENSIVE]  | 65%    |    8.6ms | congratssss...
[PSYCHOLOGY] | YouTube  | [Normal]     | 94%    |   10.0ms | forsen...
[GAMING/GAM] | YouTube  | [Normal]     | 97%    |   12.0ms | love the movie  was amazing...
[GAMING/GAM] | YouTube  | [Normal]     | 98%    |   15.0ms | MARK I SAW IRON LUNG LAST WEEKEND!!!! IT...
[GAMING/SUR] | YouTube  | [Normal]     | 95%    |   12.0ms | :rolling_on_the_floor_laughing::rolling_...
[GAMING/SUR] | YouTube  | [Normal]     | 94%    |   11.0ms | MHM MHM...
[ENTERTAINM] | YouTube  | [Normal]     | 87%    |   13.0ms | no...
[PSYCHOLOGY] | YouTube  | [Normal]     | 96%    |   11.7ms | is INFJ an archetype ?...
[ENTERTAINM] | YouTube  | [Normal]     | 97%    |   12.1ms | play geometry dash please...
[ENTERTAINM] | YouTube  | [Normal]     | 97%    |   29.1ms | :warning::warning::warning::warning::war...
[GAMING/SUR] | YouTube  | [Normal]     | 95%    |   20.0ms | Or find a mod for the server that rigs t...
[GAMING/GAM] | YouTube  | [Normal]     | 95%    |   13.0ms | Ooh lighthouse sounds neat...
[PSYCHOLOGY] | YouTube  | [Normal]     | 51%    |    9.5ms | manosphere womanosphere...
[GAMING/GAM] | YouTube  | [Normal]     | 93%    |   11.0ms | lighthouse...
[GAMING/GAM] | YouTube  | [Normal]     | 95%    |   11.4ms | Airplane...
[GAMING/GAM] | YouTube  | [Normal]     | 96%    |   15.0ms | WE LOVE YOU MARK <333...
[ENTERTAINM] | YouTube  | [Normal]     | 96%    |   22.1ms | :yt::yt::yt::yt::yt::yt::yt::yt::yt:...
[ENTERTAINM] | YouTube  | [Normal]     | 95%    |   11.0ms | Congratulations...
[ENTERTAINM] | YouTube  | [Normal]     | 91%    |   11.0ms | mr beast...
[ENTERTAINM] | YouTube  | [Normal]     | 95%    |   11.5ms | hiiiiiiiiiiiiiiiiiiiiiiiiiiiiiii...
[GAMING/GAM] | YouTube  | [Normal]     | 96%    |   11.0ms | doom dark ages?...
[GAMING/GAM] | YouTube  | [Normal]     | 75%    |   15.5ms | MMMMAAAARRKKKKKKKIIIBOOOOO...
[GAMING/GAM] | YouTube  | [Normal]     | 95%    |   20.4ms | Will you make another movie?...
[GAMING/GAM] | YouTube  | [Normal]     | 93%    |   13.8ms | WHICH MAP DOES HUGE MAN APPEAR IN?...
[GAMING/GAM] | YouTube  | [Normal]     | 92%    |    8.5ms | haiiii...
[GAMING/GAM] | YouTube  | [Normal]     | 91%    |   13.5ms | when are you gonna be the king fnaf in U...
[ENTERTAINM] | YouTube  | [Normal]     | 98%    |   23.6ms | Elon about to hit $1 Trillion and Jimmy ...
[ENTERTAINM] | YouTube  | [Normal]     | 94%    |   11.0ms | 2...
[GAMING/GAM] | YouTube  | [Normal]     | 90%    |   15.0ms | i never thought that Iron Long would com...
[ENTERTAINM] | YouTube  | [Normal]     | 94%    |    8.1ms | 1...
[GAMING/SUR] | YouTube  | [Normal]     | 84%    |    9.0ms | No stand...
[GAMING/GAM] | YouTube  | [Normal]     | 90%    |   11.2ms | MARK PLEASE PLAY AMNESIA REBIRTH YOU NEV...
[GAMING/SUR] | YouTube  | [Normal]     | 91%    |   12.1ms | split...
[GAMING/GAM] | YouTube  | [Normal]     | 93%    |   13.0ms | Will Iron Lungs only be on theater or wi...
[GAMING/GAM] | YouTube  | [Normal]     | 96%    |    9.0ms | Really excited for home media release  I...
[GAMING/GAM] | YouTube  | [Normal]     | 96%    |    9.0ms | i’m on observation duty movie next...
[GAMING/GAM] | YouTube  | [Normal]     | 95%    |    8.5ms | bcb...
[GAMING/GAM] | YouTube  | [Normal]     | 95%    |    8.5ms | Hello market pliers...
[GAMING/SUR] | YouTube  | [Normal]     | 93%    |   11.0ms | time to leave...
[ENTERTAINM] | YouTube  | [Normal]     | 94%    |    8.5ms | red with machine...
[ENTERTAINM] | YouTube  | [Normal]     | 92%    |   11.0ms | bro you think you can stream now to yo h...
[ENTERTAINM] | YouTube  | [Normal]     | 94%    |    8.0ms | hi...
[GAMING/GAM] | YouTube  | [Normal]     | 96%    |    7.0ms | I saw it in atmos  it was dope...
[ENTERTAINM] | YouTube  | [Normal]     | 93%    |    9.1ms | india...
[GAMING/SUR] | YouTube  | [Normal]     | 87%    |   10.0ms | you have to hit there...
[ENTERTAINM] | YouTube  | [Normal]     | 97%    |    9.0ms | :red_heart::red_heart::red_heart:...
[ENTERTAINM] | YouTube  | [Normal]     | 97%    |   14.1ms | Mauja mila...
[ENTERTAINM] | YouTube  | [Normal]     | 96%    |   15.0ms | هاي...
[GAMING/GAM] | YouTube  | [Normal]     | 96%    |   11.2ms | Hiii markkkk...
[GAMING/GAM] | YouTube  | [Normal]     | 97%    |   18.5ms | Its not over untill AIRPLANE WINS...
[GAMING/SUR] | YouTube  | [Normal]     | 54%    |   11.6ms | loser bung...
[GAMING/SUR] | YouTube  | [Normal]     | 96%    |   12.0ms | Lol...
[ENTERTAINM] | YouTube  | [Normal]     | 81%    |   21.0ms | Taiwan...
[GAMING/SUR] | YouTube  | [Normal]     | 96%    |   19.1ms | Bombaclaaaaaaaaat...
[GAMING/SUR] | YouTube  | [Normal]     | 96%    |   17.0ms | MAXXX BEEEEET...
[ENTERTAINM] | YouTube  | [Normal]     | 97%    |   13.2ms | Jimmy give me 1000$...
[ENTERTAINM] | YouTube  | [Normal]     | 95%    |   12.1ms | Pls Shout Out...
[GAMING/GAM] | YouTube  | [Normal]     | 98%    |   20.0ms | :face-turquoise-drinking-coffee:...
[GAMING/GAM] | YouTube  | [Normal]     | 72%    |    9.0ms | a conspiracy...
[GAMING/GAM] | YouTube  | [Normal]     | 95%    |    8.5ms | @Markiplier...
[GAMING/GAM] | YouTube  | [Normal]     | 93%    |   11.0ms | wait i just realized this is a live...
[ENTERTAINM] | YouTube  | [Normal]     | 96%    |   12.5ms | MrBeast how were you initially inspired ...
[GAMING/GAM] | YouTube  | [Normal]     | 93%    |   19.0ms | I could hear it but my mom couldn't.. bu...
[GAMING/GAM] | YouTube  | [Normal]     | 97%    |   16.0ms | Any plans on bringing the movie to Europ...
[ENTERTAINM] | YouTube  | [Normal]     | 98%    |   12.2ms | 100th video special...
[ENTERTAINM] | YouTube  | [Normal]     | 94%    |    8.5ms | My om...
[SELF-HELP/] | YouTube  | [Normal]     | 70%    |   10.0ms | this is the Itachi way of life: "Do you ...
[ENTERTAINM] | YouTube  | [Normal]     | 97%    |   11.0ms | main aapka video roj dekhta hun like bhi...
[ENTERTAINM] | YouTube  | [Normal]     | 93%    |   21.0ms | :yt::yt::yt::yt::yt::stayhome::yt::yt::y...
[ENTERTAINM] | YouTube  | [Normal]     | 95%    |   10.2ms | 111...
[GAMING/SUR] | YouTube  | [Normal]     | 88%    |   18.0ms | LMFAOOOOOOOOOOOOO...
[GAMING/SUR] | YouTube  | [Normal]     | 94%    |    8.0ms | lmaoooo...
[GAMING/SUR] | YouTube  | [Normal]     | 95%    |   13.6ms | 100...
[GAMING/GAM] | YouTube  | [Normal]     | 94%    |   23.0ms | yeah we could not understand some parts ...
[GAMING/SUR] | YouTube  | [Normal]     | 87%    |   15.2ms | do you know how BlackJack works Peanut?...
[GAMING/GAM] | YouTube  | [Normal]     | 90%    |   12.5ms | Yo the movie is not at my movie theater...
[GAMING/SUR] | YouTube  | [Normal]     | 96%    |   11.0ms | lmao...
[GAMING/GAM] | YouTube  | [Normal]     | 88%    |   15.0ms | im just gonna buy the fricken movie mark...
[ENTERTAINM] | YouTube  | [Normal]     | 96%    |   14.0ms | wow  cool...
[GAMING/SUR] | YouTube  | [Normal]     | 97%    |    9.5ms | big goose eggs...
[ENTERTAINM] | YouTube  | [Normal]     | 94%    |   15.0ms | Hi...
[GAMING/GAM] | YouTube  | [Normal]     | 96%    |   11.1ms | :dothefive:TITLE MISSPELT:dothefive:TITL...
[ENTERTAINM] | YouTube  | [Normal]     | 97%    |   11.1ms | 100k concurrent viewers whilst going for...
[MUSIC/CHIL] | YouTube  | [Normal]     | 95%    |    9.8ms | am dude...
[ENTERTAINM] | YouTube  | [Normal]     | 94%    |   14.5ms | hi...
[GAMING/GAM] | YouTube  | [Normal]     | 94%    |   14.5ms | hai warkiplier...
[GAMING/GAM] | YouTube  | [Normal]     | 95%    |   13.5ms | airplane...
[GAMING/GAM] | YouTube  | [Normal]     | 93%    |   17.6ms | Fiddling eh?...
[GAMING/GAM] | YouTube  | [Normal]     | 98%    |   13.0ms | :airplane:...
[GAMING/GAM] | YouTube  | [Normal]     | 96%    |   13.6ms | My home setup is a lot better than the t...
[GAMING/GAM] | YouTube  | [Normal]     | 94%    |   15.5ms | You have a title typo  Observation is mi...
[ENTERTAINM] | YouTube  | [Normal]     | 97%    |   11.9ms | Hi Mr. Beast...
[GAMING/GAM] | YouTube  | [OFFENSIVE]  | 90%    |   16.0ms | hell yeeeeee...
[GAMING/GAM] | YouTube  | [Normal]     | 95%    |   17.1ms | Airplane...
[PSYCHOLOGY] | YouTube  | [Normal]     | 94%    |   16.6ms | jung believes men had an anima and women...
[ENTERTAINM] | YouTube  | [Normal]     | 95%    |   17.4ms | dayum you've grown so much...
[ENTERTAINM] | YouTube  | [Normal]     | 94%    |   22.3ms | Carl...
[ENTERTAINM] | YouTube  | [Normal]     | 97%    |   16.8ms | :person-turqouise-waving::person-turqoui...
[GAMING/SUR] | YouTube  | [Normal]     | 95%    |   10.9ms | H20000...
[GAMING/GAM] | YouTube  | [Normal]     | 96%    |   16.0ms | finally i can see chat...
[GAMING/GAM] | YouTube  | [Normal]     | 59%    |   15.5ms | At least they put you in Guam...
[ENTERTAINM] | YouTube  | [Normal]     | 98%    |   18.6ms | :medal-yellow-first-red::medal-yellow-fi...
[GAMING/GAM] | YouTube  | [Normal]     | 97%    |   17.5ms | MARKY...
[ENTERTAINM] | YouTube  | [Normal]     | 94%    |   12.9ms | hi...
[ENTERTAINM] | YouTube  | [Normal]     | 93%    |   18.2ms | :buffering::buffering::buffering::buffer...
[ENTERTAINM] | YouTube  | [Normal]     | 97%    |   12.0ms | Super epic :smiling_face_with_heart_eyes...
[ENTERTAINM] | YouTube  | [Normal]     | 95%    |   12.6ms | iH...
[ENTERTAINM] | YouTube  | [Normal]     | 94%    |    6.6ms | hey jimmy congratulation for 500M subscr...
[GAMING/GAM] | YouTube  | [Normal]     | 97%    |    8.0ms | I'm going tomorrow night!!...
[GAMING/GAM] | YouTube  | [Normal]     | 97%    |    6.6ms | First time catching a Markiplier livestr...
[GAMING/GAM] | YouTube  | [Normal]     | 85%    |    7.0ms | NOOOOO...
[MUSIC/CHIL] | YouTube  | [Normal]     | 96%    |    9.5ms | tragi in stinga...
[ENTERTAINM] | YouTube  | [Normal]     | 94%    |   17.0ms | hi...
[GAMING/GAM] | YouTube  | [Normal]     | 93%    |   14.6ms | gg...
[GAMING/GAM] | YouTube  | [Normal]     | 95%    |   11.6ms | explain the game pls...
[GAMING/GAM] | YouTube  | [Normal]     | 90%    |   12.0ms | How is your day...
[GAMING/GAM] | YouTube  | [Normal]     | 87%    |    7.6ms | markiplier pls do a dvd release of iron ...
[ENTERTAINM] | YouTube  | [Normal]     | 96%    |    9.0ms | :red_heart:...
[PSYCHOLOGY] | YouTube  | [Normal]     | 93%    |    7.5ms | manosphere?...
[ENTERTAINM] | YouTube  | [Normal]     | 94%    |    7.0ms | hi...
[GAMING/GAM] | YouTube  | [Normal]     | 95%    |    8.0ms | THERES A GUY IN THE TOP LEFT OF THE SCRE...
[SELF-HELP/] | YouTube  | [Normal]     | 85%    |    7.2ms | if a person succeeded in ways I can't i ...
[GAMING/GAM] | YouTube  | [Normal]     | 93%    |   12.0ms | Also theres a roblox game called Observa...
[GAMING/SUR] | YouTube  | [HATE]       | 75%    |   16.0ms | gambling is bad...
[GAMING/GAM] | YouTube  | [Normal]     | 96%    |   18.0ms | That was fast lol...
[MUSIC/CHIL] | YouTube  | [Normal]     | 98%    |   17.0ms | ...:face-turquoise-music-note:...
[ENTERTAINM] | YouTube  | [Normal]     | 96%    |    8.0ms | New member...
[MUSIC/CHIL] | YouTube  | [Normal]     | 97%    |    8.0ms | okay aithe vasthundhile tension padaku :...
[ENTERTAINM] | YouTube  | [Normal]     | 92%    |   11.3ms | Hhubu...
[ENTERTAINM] | YouTube  | [Normal]     | 96%    |    9.0ms | iiiii...
[GAMING/GAM] | YouTube  | [Normal]     | 95%    |    9.0ms | Obversation...
[MUSIC/CHIL] | YouTube  | [Normal]     | 94%    |    9.0ms | ui oui...
[ENTERTAINM] | YouTube  | [Normal]     | 95%    |    8.6ms | 67...
[GAMING/GAM] | YouTube  | [Normal]     | 94%    |    8.0ms | hi...
[ENTERTAINM] | YouTube  | [Normal]     | 96%    |    9.0ms | New member...
[ENTERTAINM] | YouTube  | [Normal]     | 94%    |   12.0ms | 5...
[ENTERTAINM] | YouTube  | [Normal]     | 97%    |    7.0ms | today is my birthday...
[GAMING/GAM] | YouTube  | [Normal]     | 96%    |    7.2ms | Ob versation  Mark...
[GAMING/GAM] | YouTube  | [Normal]     | 97%    |    8.0ms | Obversation :loudly_crying_face:...
[GAMING/GAM] | YouTube  | [Normal]     | 94%    |    8.6ms | mark you spelled the title wrong...
[GAMING/GAM] | YouTube  | [Normal]     | 96%    |   12.4ms | I can't wait to see the singing siren...
[ENTERTAINM] | YouTube  | [Normal]     | 95%    |    6.7ms | Hello...
[GAMING/SUR] | YouTube  | [Normal]     | 92%    |    6.6ms | have you considered not letting the deal...
[GAMING/GAM] | YouTube  | [Normal]     | 97%    |    8.0ms | Obversation LMAOO...
[GAMING/GAM] | YouTube  | [Normal]     | 85%    |   18.6ms | how will you go on...
[ENTERTAINM] | YouTube  | [Normal]     | 97%    |    7.0ms | i play baseball in Russia...
[ENTERTAINM] | YouTube  | [Normal]     | 96%    |   17.2ms | im İran:saluting_face:...
[GAMING/GAM] | YouTube  | [Normal]     | 97%    |   18.0ms | Welcome to Member!...
[GAMING/SUR] | YouTube  | [Normal]     | 95%    |   31.6ms | :rolling_on_the_floor_laughing::rolling_...
[ENTERTAINM] | YouTube  | [Normal]     | 97%    |   19.0ms | hey Mr Beast I love :sparkling_heart: I...
[GAMING/GAM] | YouTube  | [Normal]     | 96%    |   17.0ms | is it the capital o?...
[GAMING/GAM] | YouTube  | [Normal]     | 84%    |   14.0ms | im surprised its an accidental mispellin...
[ENTERTAINM] | YouTube  | [Normal]     | 85%    |   16.1ms | why u guys didnt pay even a winer from y...
[ENTERTAINM] | YouTube  | [Normal]     | 90%    |   18.0ms | 500mmmmmmmmmmmmmmmmmmmmmmm...
[GAMING/GAM] | YouTube  | [Normal]     | 72%    |   15.7ms | that stupid AI summary keeps popping up ...
[GAMING/SUR] | YouTube  | [Normal]     | 93%    |   10.6ms | casinos love to see you coming lol...
[ENTERTAINM] | YouTube  | [Normal]     | 92%    |   10.0ms | o...
[GAMING/GAM] | YouTube  | [Normal]     | 94%    |   10.0ms | I think it moved...
[ENTERTAINM] | YouTube  | [Normal]     | 97%    |   10.0ms | 130K Viewers...
[ENTERTAINM] | YouTube  | [Normal]     | 94%    |   12.6ms | hi...
[GAMING/GAM] | YouTube  | [Normal]     | 97%    |   17.0ms | obversation...:rolling_on_the_floor_laug...
[GAMING/GAM] | YouTube  | [OFFENSIVE]  | 68%    |   12.0ms | Peamut bubber?...
[GAMING/GAM] | YouTube  | [Normal]     | 95%    |   12.7ms | Haiii...
[ENTERTAINM] | YouTube  | [Normal]     | 95%    |   11.0ms | UYY PHILIPPINES...
[ENTERTAINM] | YouTube  | [Normal]     | 95%    |    9.0ms | hello...
[GAMING/GAM] | YouTube  | [Normal]     | 97%    |   12.6ms | XD the way half of chat probably didn't ...
[ENTERTAINM] | YouTube  | [Normal]     | 89%    |   17.0ms | Whats the time at your place rn?...
[GAMING/GAM] | YouTube  | [Normal]     | 94%    |   12.8ms | Right there Mark...
[ENTERTAINM] | YouTube  | [Normal]     | 95%    |    8.8ms | ХПААААЙЙЙ...
[GAMING/SUR] | YouTube  | [Normal]     | 95%    |    7.5ms | u have 1k in base...
[ENTERTAINM] | YouTube  | [Normal]     | 96%    |   10.0ms | :fearful_face::fearful_face::fearful_fac...
[GAMING/GAM] | YouTube  | [Normal]     | 94%    |    7.0ms | bro's killing it with the live streams r...
[GAMING/GAM] | YouTube  | [Normal]     | 83%    |   20.2ms | GO BACK TO THE BASEMENT...
[ENTERTAINM] | YouTube  | [Normal]     | 96%    |    9.0ms | big fan...
[GAMING/GAM] | YouTube  | [Normal]     | 96%    |   17.7ms | i'm so dyslexic i did not even notice th...
[GAMING/GAM] | YouTube  | [Normal]     | 95%    |   12.5ms | HIIIII MARKKKKK...
[GAMING/GAM] | YouTube  | [Normal]     | 95%    |   11.5ms | im curious about yall spelling ia it obs...
[GAMING/GAM] | YouTube  | [Normal]     | 89%    |    7.5ms | intuider...
[GAMING/GAM] | YouTube  | [Normal]     | 94%    |   16.0ms | true...
[GAMING/SUR] | YouTube  | [Normal]     | 49%    |   16.6ms | @YungDreadz_The_Artist shut up dummy...
[SPORTS/FOO] | YouTube  | [Normal]     | 94%    |   18.0ms | :police_car_light:豚の妖精:clown_face:危險注意~!...
[ENTERTAINM] | YouTube  | [Normal]     | 94%    |   12.0ms | 5...
[GAMING/GAM] | YouTube  | [Normal]     | 93%    |   10.2ms | MARK THE LIGHT IS ROTATING BUT NOT THE D...
[GAMING/GAM] | YouTube  | [Normal]     | 95%    |   14.0ms | #1 is Sam Raimi...
[ENTERTAINM] | YouTube  | [Normal]     | 95%    |   17.0ms | 6000...
[GAMING/GAM] | YouTube  | [Normal]     | 97%    |   16.0ms | OMG IVE NEVER MADE IT TO A LIVE BEFORE. ...
[GAMING/GAM] | YouTube  | [Normal]     | 97%    |   20.0ms | is this famous movie actor MARKIPLIER...
[GAMING/GAM] | YouTube  | [Normal]     | 96%    |   14.5ms | PLATNUM HEART...
[ENTERTAINM] | YouTube  | [Normal]     | 95%    |   12.6ms | wow...
[ENTERTAINM] | YouTube  | [Normal]     | 97%    |   20.0ms | FREE PALESTINE:flexed_biceps::flexed_bic...
[ENTERTAINM] | YouTube  | [Normal]     | 95%    |   13.8ms | Bangladesh...
[GAMING/GAM] | YouTube  | [Normal]     | 91%    |   14.2ms | Extremely loud incorrect buzzer...
[ENTERTAINM] | YouTube  | [Normal]     | 96%    |    9.0ms | hi @beluga1...
[ENTERTAINM] | YouTube  | [Normal]     | 97%    |    8.1ms | I subbed :D...
[GAMING/GAM] | YouTube  | [Normal]     | 93%    |    6.0ms | HELP HIM in the game...
[MUSIC/CHIL] | YouTube  | [Normal]     | 95%    |    7.0ms | mohit nope:body-green-covering-eyes:...
[GAMING/GAM] | YouTube  | [Normal]     | 95%    |    7.0ms | THE LIGHT!!!...
[ENTERTAINM] | YouTube  | [Normal]     | 96%    |   17.0ms | lol get a life when bro has gave out pro...
[ENTERTAINM] | YouTube  | [Normal]     | 85%    |   15.0ms | I don't sorry...
[ENTERTAINM] | YouTube  | [Normal]     | 96%    |   14.8ms | ko:person_raising_hand:...
[GAMING/GAM] | YouTube  | [Normal]     | 93%    |   15.0ms | GAHHHHH...
[ENTERTAINM] | YouTube  | [Normal]     | 94%    |    8.0ms | holaa mr beasttt...
[GAMING/SUR] | YouTube  | [Normal]     | 94%    |    8.5ms | rogue hid the extra 1k hahahah...
[PSYCHOLOGY] | YouTube  | [Normal]     | 52%    |   10.1ms | the stoics?...
[ENTERTAINM] | YouTube  | [Normal]     | 96%    |   15.7ms | خیلی خفنی...
[PSYCHOLOGY] | YouTube  | [Normal]     | 97%    |   21.5ms | Disconnected  Analytical  Systems-focuse...
[GAMING/GAM] | YouTube  | [Normal]     | 92%    |   20.0ms | UNDULATION...
[SELF-HELP/] | YouTube  | [Normal]     | 68%    |   23.1ms | all u guys do is complain .... how about...
[ENTERTAINM] | YouTube  | [Normal]     | 94%    |   17.6ms | hi mr beast...
[GAMING/GAM] | YouTube  | [Normal]     | 96%    |   16.0ms | wait- lighthouse and iron lung cross ove...
[ENTERTAINM] | YouTube  | [Normal]     | 90%    |   14.7ms | heyyyy...
[GAMING/GAM] | YouTube  | [Normal]     | 96%    |   14.6ms | LANTERIN IN INTERIOR...
[GAMING/GAM] | YouTube  | [Normal]     | 97%    |   17.0ms | Hello Mark! I saw your movie  congrats o...
[SELF-HELP/] | YouTube  | [Normal]     | 57%    |   17.0ms | nothing gets them madder than taking the...
[GAMING/GAM] | YouTube  | [Normal]     | 97%    |   16.7ms | How does it feels to be number one still...
[ENTERTAINM] | YouTube  | [Normal]     | 95%    |   12.5ms | :goodvibes:...
[ENTERTAINM] | YouTube  | [Normal]     | 92%    |    8.5ms | hey hai...
[GAMING/GAM] | YouTube  | [Normal]     | 96%    |   15.0ms | Hi from Brazil  will your film be shown ...
[GAMING/GAM] | YouTube  | [Normal]     | 94%    |   12.5ms | hole near lighthouse light...
[GAMING/GAM] | YouTube  | [Normal]     | 96%    |   18.0ms | Mark my dono said people want an Observa...
[ENTERTAINM] | YouTube  | [Normal]     | 97%    |   13.6ms | :yt:...
[GAMING/GAM] | YouTube  | [Normal]     | 91%    |   17.5ms | IM HEADING TO WATCH YOUR MOVIIIIEEE...
[ENTERTAINM] | YouTube  | [Normal]     | 96%    |   11.0ms | me.from Indonesia...
[GAMING/GAM] | YouTube  | [Normal]     | 90%    |    9.6ms | BOXESBOXES...
[ENTERTAINM] | YouTube  | [Normal]     | 94%    |   10.5ms | ভাই আমাকে একটা আইফোন দিবেন আমি সৌদি প্রব...
[ENTERTAINM] | YouTube  | [Normal]     | 96%    |    9.0ms | JIMMY PLEASE PLEASE I AM SO POOR CAN U G...
[GAMING/GAM] | YouTube  | [Normal]     | 97%    |    9.0ms | Greeting form Poland  loved the movie...
[MUSIC/CHIL] | YouTube  | [Normal]     | 98%    |   12.0ms | :musical_notes::musical_note:...
[GAMING/GAM] | YouTube  | [Normal]     | 98%    |   11.5ms | extra item on the cabin night stand?...
[GAMING/GAM] | YouTube  | [Normal]     | 96%    |   14.0ms | Just got done watching Iron Lung. Fantas...
[GAMING/GAM] | YouTube  | [Normal]     | 91%    |   13.5ms | LOCK THE DOOR!!!!!!!...
[GAMING/GAM] | YouTube  | [Normal]     | 95%    |    9.0ms | WATER IN THE PO...
[GAMING/GAM] | YouTube  | [Normal]     | 94%    |    9.0ms | 3...
[ENTERTAINM] | YouTube  | [Normal]     | 96%    |   11.9ms | :waving_hand::waving_hand::waving_hand:...
[GAMING/GAM] | YouTube  | [Normal]     | 90%    |   13.2ms | What about picture on the wall in the be...
[GAMING/GAM] | YouTube  | [Normal]     | 96%    |   14.5ms | hi mark :smirking_face:...
[ENTERTAINM] | YouTube  | [Normal]     | 95%    |   15.0ms | I have a question how is it possible tha...
[ENTERTAINM] | YouTube  | [Normal]     | 90%    |   11.7ms | :stayhome::stayhome::stayhome::stayhome:...
[ENTERTAINM] | YouTube  | [Normal]     | 96%    |   12.0ms | It’s 9 am here LOL...
[ENTERTAINM] | YouTube  | [Normal]     | 87%    |   11.0ms | you are so cute...
[GAMING/GAM] | YouTube  | [Normal]     | 94%    |   13.0ms | I swear it wasnt spinning at the beginni...
[GAMING/GAM] | YouTube  | [Normal]     | 96%    |   14.5ms | Lol...
[GAMING/GAM] | YouTube  | [Normal]     | 97%    |   20.0ms | Iron Lung was AMAZING! Great movie!...
[PSYCHOLOGY] | YouTube  | [Normal]     | 92%    |   19.6ms | literally me...
[GAMING/SUR] | YouTube  | [Normal]     | 92%    |   20.6ms | Don’t matter...
[GAMING/GAM] | YouTube  | [Normal]     | 89%    |   16.7ms | MISSING...
[ENTERTAINM] | YouTube  | [Normal]     | 94%    |   17.3ms | 1111111111111111111111111111111111111111...
[ENTERTAINM] | YouTube  | [Normal]     | 95%    |   18.8ms | 1111111111111111111111...
[GAMING/SUR] | YouTube  | [Normal]     | 96%    |   11.0ms | HIGHER!...
[GAMING/GAM] | YouTube  | [Normal]     | 80%    |   17.6ms | are we trying to scare him in chat...
[GAMING/GAM] | YouTube  | [Normal]     | 93%    |   20.1ms | I am in the theater waiting to see Iron ...
[ENTERTAINM] | YouTube  | [Normal]     | 94%    |   12.0ms | 6...
[ENTERTAINM] | YouTube  | [Normal]     | 94%    |    7.5ms | 1...
[ENTERTAINM] | YouTube  | [Normal]     | 94%    |    8.0ms | 1...
[ENTERTAINM] | YouTube  | [Normal]     | 94%    |    7.2ms | 1...
[GAMING/SUR] | YouTube  | [Normal]     | 94%    |    6.0ms | more energy output if you build higher...
[GAMING/SUR] | YouTube  | [Normal]     | 85%    |   10.6ms | Build up then place it...
[GAMING/SUR] | YouTube  | [Normal]     | 95%    |   22.9ms | welyn help this man...
[PSYCHOLOGY] | YouTube  | [Normal]     | 97%    |   23.0ms | :text-green-game-over:...
[ENTERTAINM] | YouTube  | [Normal]     | 97%    |   19.1ms | Yes... love from India...
[GAMING/GAM] | YouTube  | [Normal]     | 95%    |   18.1ms | Was the vent thing always there??...
[GAMING/GAM] | YouTube  | [Normal]     | 86%    |    8.0ms | KERFUKLED...
[GAMING/GAM] | YouTube  | [Normal]     | 92%    |    9.0ms | airplane airplane bathroom...
[GAMING/SUR] | YouTube  | [Normal]     | 93%    |   17.5ms | Welyn discord...
[ENTERTAINM] | YouTube  | [Normal]     | 97%    |   15.1ms | Taiwan W:face-red-heart-shape::face-red-...
[ENTERTAINM] | YouTube  | [Normal]     | 94%    |   16.0ms | wait hv you seen the play button yet...
[GAMING/GAM] | YouTube  | [Normal]     | 94%    |   23.5ms | Hey Mark! Congratulations on the release...
[GAMING/GAM] | YouTube  | [Normal]     | 85%    |   10.5ms | nooooo...
[GAMING/SUR] | YouTube  | [Normal]     | 97%    |   12.5ms | this mf got on 3 hours early and played ...
[MUSIC/CHIL] | YouTube  | [Normal]     | 97%    |   13.1ms | :smiling_face_with_halo:...
[GAMING/GAM] | YouTube  | [Normal]     | 94%    |    8.8ms | Oops...
[GAMING/GAM] | YouTube  | [Normal]     | 82%    |   10.1ms | you're missing...
[ENTERTAINM] | YouTube  | [Normal]     | 97%    |   14.7ms | please help :loudly_crying_face::folded_...
[ENTERTAINM] | YouTube  | [Normal]     | 96%    |   15.7ms | could I get some money?...
[GAMING/GAM] | YouTube  | [Normal]     | 93%    |   17.8ms | L...
[GAMING/GAM] | YouTube  | [Normal]     | 95%    |   15.4ms | NUMBER 1...
[GAMING/GAM] | YouTube  | [Normal]     | 51%    |   10.6ms | the title is fine mark  don't listen to ...
[GAMING/GAM] | YouTube  | [Normal]     | 95%    |   10.7ms | so real...
[GAMING/SUR] | YouTube  | [Normal]     | 63%    |    9.6ms | tell him about your windmill...
[GAMING/GAM] | YouTube  | [Normal]     | 94%    |   12.1ms | Clearly title is purposeful misspelled...
[GAMING/GAM] | YouTube  | [Normal]     | 92%    |   18.5ms | opbject manipulation in tittle...
[GAMING/GAM] | YouTube  | [Normal]     | 96%    |   11.7ms | hiiiiiiiiii...
[ENTERTAINM] | YouTube  | [Normal]     | 98%    |   11.5ms | :star_struck:...
[PSYCHOLOGY] | YouTube  | [Normal]     | 95%    |   12.1ms | maybe because the Philosopher field isnt...
[GAMING/GAM] | YouTube  | [Normal]     | 95%    |    9.0ms | LMAOO...
[ENTERTAINM] | YouTube  | [Normal]     | 84%    |    8.1ms | heyy jimi...
[GAMING/GAM] | YouTube  | [Normal]     | 95%    |    7.1ms | LOLLLLLL...
[ENTERTAINM] | YouTube  | [Normal]     | 93%    |    9.5ms | omg...
[GAMING/GAM] | YouTube  | [Normal]     | 82%    |   16.7ms | YOU SEE...
[GAMING/GAM] | YouTube  | [Normal]     | 92%    |   23.1ms | hes come around...
[GAMING/GAM] | YouTube  | [Normal]     | 93%    |   20.0ms | Meow...
[ENTERTAINM] | YouTube  | [Normal]     | 95%    |   20.0ms | thanks Mr beast...
[PSYCHOLOGY] | YouTube  | [Normal]     | 94%    |   27.1ms | @KilleRoy_NL Yes  it can be either or...
[GAMING/GAM] | YouTube  | [Normal]     | 95%    |   15.0ms | hello...
[SELF-HELP/] | YouTube  | [Normal]     | 94%    |    8.5ms | bro is saying that while i am smurfing r...
[ENTERTAINM] | YouTube  | [Normal]     | 98%    |   32.5ms | :face-blue-smiling::face-blue-smiling::f...
[GAMING/GAM] | YouTube  | [Normal]     | 92%    |   16.0ms | camera malfunction is missing camera...
[MUSIC/CHIL] | YouTube  | [Normal]     | 96%    |   17.0ms | tinnava ra...
[ENTERTAINM] | YouTube  | [Normal]     | 94%    |   19.6ms | idziesz ogladac moj ht3 fight na mctiers...
[GAMING/SUR] | YouTube  | [Normal]     | 90%    |   10.0ms | base is gonna get wrecked if yall arent ...
[GAMING/GAM] | YouTube  | [Normal]     | 93%    |   14.5ms | Might be the least practical game to rea...
[GAMING/GAM] | YouTube  | [Normal]     | 95%    |   13.0ms | Camera malfunction in GUAAAAAAM...
[ENTERTAINM] | YouTube  | [Normal]     | 97%    |   17.8ms | :smiling_face_with_heart_eyes:...
[ENTERTAINM] | YouTube  | [Normal]     | 97%    |   14.8ms | love from kerala...
[PSYCHOLOGY] | YouTube  | [Normal]     | 97%    |   19.1ms | I've been grounding myself with the eart...
[ENTERTAINM] | YouTube  | [Normal]     | 94%    |   12.3ms | hi Mr beast...
[SELF-HELP/] | YouTube  | [Normal]     | 78%    |   17.2ms | @gelaiiiarts3028 then you fail trying....
[GAMING/SUR] | YouTube  | [Normal]     | 94%    |   10.6ms | oh Boy...
[GAMING/GAM] | YouTube  | [Normal]     | 94%    |   10.6ms | Yeah!!...
[ENTERTAINM] | YouTube  | [Normal]     | 96%    |   12.1ms | I need money to buy camera :pleading_fac...
[PSYCHOLOGY] | YouTube  | [Normal]     | 79%    |   10.7ms | no sex. just gym for the rest of your li...
[GAMING/GAM] | YouTube  | [Normal]     | 96%    |   13.3ms | bucket?...
[GAMING/GAM] | YouTube  | [Normal]     | 94%    |   17.0ms | last time the lamp in the interior moved...
[ENTERTAINM] | YouTube  | [Normal]     | 85%    |   15.5ms | guys mr beast dont have money he paid fo...
[GAMING/GAM] | YouTube  | [Normal]     | 96%    |    8.0ms | fire movie mark...
[GAMING/SUR] | YouTube  | [OFFENSIVE]  | 80%    |    7.5ms | Oh fuck...
[ENTERTAINM] | YouTube  | [Normal]     | 95%    |    6.0ms | 67...
[SELF-HELP/] | YouTube  | [Normal]     | 93%    |    6.6ms | @V_Urizen more...
[ENTERTAINM] | YouTube  | [Normal]     | 95%    |    9.4ms | Mr Beast I love you from...
[GAMING/GAM] | YouTube  | [Normal]     | 96%    |   13.8ms | is window at the cabin frozen?...
[GAMING/SUR] | YouTube  | [HATE]       | 38%    |   11.4ms | THEIR BASE IS GONE...
[GAMING/GAM] | YouTube  | [Normal]     | 98%    |   16.0ms | :eyes-pink-heart-shape::eyes-pink-heart-...
[GAMING/GAM] | YouTube  | [Normal]     | 94%    |    7.6ms | im here...
[ENTERTAINM] | YouTube  | [Normal]     | 95%    |   15.5ms | 2%...
[GAMING/GAM] | YouTube  | [Normal]     | 90%    |   24.1ms | and we can fix anomolies...
[ENTERTAINM] | YouTube  | [Normal]     | 97%    |   25.3ms | Hi MrBeast  Iam from the Philippines  Ia...
[ENTERTAINM] | YouTube  | [Normal]     | 42%    |    7.0ms | you crazy...
[GAMING/SUR] | YouTube  | [Normal]     | 93%    |   13.1ms | owimaway owimbawe...
[GAMING/SUR] | YouTube  | [Normal]     | 87%    |   10.9ms | Let him help...
[GAMING/GAM] | YouTube  | [Normal]     | 94%    |   12.0ms | #1 director...
[GAMING/GAM] | YouTube  | [Normal]     | 89%    |   10.5ms | Blind ahh...
[MUSIC/CHIL] | YouTube  | [Normal]     | 97%    |   14.0ms | :face_with_tears_of_joy:...
[GAMING/GAM] | YouTube  | [Normal]     | 95%    |    7.6ms | I am watching from my fingernail...
[ENTERTAINM] | YouTube  | [Normal]     | 97%    |   14.6ms | Mr beast Love You... I Love form Pakista...
[MUSIC/CHIL] | YouTube  | [Normal]     | 96%    |    8.0ms | mjak samjh aata h...
[ENTERTAINM] | YouTube  | [Normal]     | 94%    |    9.6ms | talk about someone I know...
[GAMING/SUR] | YouTube  | [Normal]     | 90%    |   14.1ms | Best worst game ever...
[GAMING/GAM] | YouTube  | [Normal]     | 92%    |   15.5ms | one in the light house...
[GAMING/GAM] | YouTube  | [Normal]     | 96%    |   16.1ms | instructions unclear  I peeled my eyes n...
[PSYCHOLOGY] | YouTube  | [Normal]     | 94%    |   12.1ms | oof...
[GAMING/GAM] | YouTube  | [Normal]     | 96%    |   21.5ms | wow Mark that looks sooooo cool!...
[ENTERTAINM] | YouTube  | [Normal]     | 94%    |    9.0ms | hi...
[ENTERTAINM] | YouTube  | [Normal]     | 95%    |   13.8ms | Mr beast can you help me pay for my coll...
[PSYCHOLOGY] | YouTube  | [Normal]     | 58%    |   16.6ms | What if I don’t want to have kids? (As a...
[ENTERTAINM] | YouTube  | [Normal]     | 91%    |   18.4ms | nahhhh idk who that is...
[GAMING/GAM] | YouTube  | [Normal]     | 97%    |   15.5ms | OMG I FINALLY CAUGHT A MARKIPLIER STREAM...
[ENTERTAINM] | YouTube  | [Normal]     | 98%    |   28.0ms | وتفاك وتفاك. ايلوف يوي. ياه مستر بيستو. ...
[ENTERTAINM] | YouTube  | [Normal]     | 93%    |   21.6ms | YES THERE ARE A LOT OF INTERNATIONAL NOT...
[GAMING/GAM] | YouTube  | [Normal]     | 44%    |   18.1ms | you are going to lose...
[ENTERTAINM] | YouTube  | [Normal]     | 91%    |   10.0ms | Pakistan...
[ENTERTAINM] | YouTube  | [Normal]     | 84%    |   12.4ms | hi Mr beast i subscribe you now...
[GAMING/GAM] | YouTube  | [Normal]     | 97%    |   10.5ms | what I miss?...
[ENTERTAINM] | YouTube  | [Normal]     | 97%    |    7.0ms | ВСЕ ЦЕЛИ СВО БУДУТ ВЫПОЛНЕНЫ...
[ENTERTAINM] | YouTube  | [Normal]     | 95%    |    6.7ms | Pls...
[SELF-HELP/] | YouTube  | [Normal]     | 94%    |    8.6ms | Oops...
[GAMING/GAM] | YouTube  | [Normal]     | 96%    |   17.5ms | :face_screaming_in_fear::police_car_ligh...
[ENTERTAINM] | YouTube  | [Normal]     | 94%    |    9.0ms | Do speed...
[ENTERTAINM] | YouTube  | [Normal]     | 96%    |    8.1ms | w seed...
[ENTERTAINM] | YouTube  | [Normal]     | 97%    |   15.1ms | Dear Jimmy  could you please help me? I ...
[GAMING/SUR] | YouTube  | [OFFENSIVE]  | 93%    |   10.0ms | Y’all fucked up big time. All because of...
[GAMING/GAM] | YouTube  | [Normal]     | 96%    |   10.5ms | basement mark...
[ENTERTAINM] | YouTube  | [Normal]     | 92%    |   12.0ms | indian...
[ENTERTAINM] | YouTube  | [Normal]     | 97%    |   24.5ms | Can I participate in your next video ple...
[GAMING/GAM] | YouTube  | [Normal]     | 96%    |   17.1ms | :_markiHEART::_markiHEART::_markiHEART::...
[GAMING/GAM] | YouTube  | [Normal]     | 93%    |    6.6ms | FIREWOOD...
[ENTERTAINM] | YouTube  | [Normal]     | 98%    |    9.7ms | "Congratulations M Best on reaching 500M...
[GAMING/GAM] | YouTube  | [Normal]     | 97%    |   13.5ms | Dentures Moved?...
[GAMING/GAM] | YouTube  | [Normal]     | 94%    |    9.0ms | Basement...
[GAMING/GAM] | YouTube  | [Normal]     | 94%    |   10.0ms | diddy-...
[ENTERTAINM] | YouTube  | [Normal]     | 69%    |   12.0ms | eggg...
[GAMING/GAM] | YouTube  | [Normal]     | 93%    |   11.3ms | W MARK STREAM  LOVE YOUR VIDS...
[GAMING/GAM] | YouTube  | [Normal]     | 90%    |    9.6ms | I swear those pipes besides the stairs l...
[PSYCHOLOGY] | YouTube  | [Normal]     | 96%    |   10.0ms | ngl  me building muscles has helped me a...
[GAMING/SUR] | YouTube  | [Normal]     | 92%    |    8.1ms | ONE GUYD...
[MUSIC/CHIL] | YouTube  | [Normal]     | 98%    |   12.5ms | look at :penguin:...
[ENTERTAINM] | YouTube  | [Normal]     | 94%    |   13.0ms | hi...
[ENTERTAINM] | YouTube  | [Normal]     | 94%    |   13.9ms | HI BRO...
[GAMING/SUR] | YouTube  | [Normal]     | 97%    |   17.0ms | yt stream is fine!...
[GAMING/GAM] | YouTube  | [Normal]     | 95%    |   13.0ms | moved railing...
[GAMING/SUR] | YouTube  | [Normal]     | 92%    |   12.0ms | left the door open...
[ENTERTAINM] | YouTube  | [Normal]     | 92%    |   12.6ms | @husain...
[GAMING/GAM] | YouTube  | [Normal]     | 95%    |   20.5ms | I’ve been a fan of your’s since your The...
[GAMING/GAM] | YouTube  | [Normal]     | 97%    |   21.0ms | EXTRA OBJECTS NEXT TO THE SHAIR IN THE R...
[GAMING/SUR] | YouTube  | [Normal]     | 90%    |   12.0ms | GATE IS OPEN YOU CASHEW...
[GAMING/GAM] | YouTube  | [Normal]     | 82%    |   13.5ms | just came out of IronLung!!!...
[GAMING/GAM] | YouTube  | [Normal]     | 94%    |   14.0ms | What about the void from Thunderbolts*...
[GAMING/GAM] | YouTube  | [Normal]     | 89%    |   13.7ms | I'm not paranoid...
[GAMING/SUR] | YouTube  | [Normal]     | 87%    |   10.6ms | lock in...
[GAMING/GAM] | YouTube  | [Normal]     | 95%    |    7.0ms | bottle at the pier...
[ENTERTAINM] | YouTube  | [Normal]     | 97%    |   14.7ms | Hello    I am from India...
[GAMING/GAM] | YouTube  | [Normal]     | 97%    |    9.0ms | HANGING RED LIGHT MOVINGG...
[GAMING/GAM] | YouTube  | [Normal]     | 88%    |   20.1ms | DOCK...
[NEWS/LIVE ] | YouTube  | [Normal]     | 92%    |   19.5ms | O Brother Where Tarp Thou...
[ENTERTAINM] | YouTube  | [Normal]     | 88%    |   16.0ms | The old man of the chat here  51-year-ol...
[ENTERTAINM] | YouTube  | [Normal]     | 94%    |   13.1ms | sri lanka...
[ENTERTAINM] | YouTube  | [Normal]     | 97%    |   14.0ms | hi :waving_hand:...
[PSYCHOLOGY] | YouTube  | [Normal]     | 48%    |   12.6ms | But isn't that extremely ironic? because...
[SPORTS/FOO] | YouTube  | [Normal]     | 96%    |   15.5ms | YES　LIVE(ﾉ･ω･)ﾉ...
[GAMING/GAM] | YouTube  | [Normal]     | 96%    |   28.0ms | MARK THERES AN INTRUDER AT THE END OF TH...
[ENTERTAINM] | YouTube  | [Normal]     | 96%    |   10.5ms | I was here...
[ENTERTAINM] | YouTube  | [Normal]     | 97%    |   16.5ms | Can you give me some money so that I cou...
[GAMING/GAM] | YouTube  | [Normal]     | 96%    |   16.0ms | Would sending more anomalies be easier?...
[GAMING/GAM] | YouTube  | [Normal]     | 37%    |   17.1ms | your eyes are wibble wobbling...
[ENTERTAINM] | YouTube  | [Normal]     | 97%    |   22.2ms | Hello from RUSSIA:fire::fire::fire::fire...
[GAMING/GAM] | YouTube  | [Normal]     | 59%    |   18.3ms | fake blood can make you go blind :(...
[GAMING/GAM] | YouTube  | [Normal]     | 97%    |   13.1ms | bottle at the bottom of the screen on pi...
[ENTERTAINM] | YouTube  | [Normal]     | 98%    |   28.4ms | :face-blue-smiling::face-blue-smiling::f...
[ENTERTAINM] | YouTube  | [Normal]     | 89%    |   12.1ms | hkooooooooooooo...
[GAMING/GAM] | YouTube  | [Normal]     | 93%    |   16.1ms | WOOD...
[PSYCHOLOGY] | YouTube  | [Normal]     | 71%    |   20.1ms | wtf are ball busters...
[MUSIC/CHIL] | YouTube  | [Normal]     | 98%    |   22.0ms | Momo your wife have younger sister??! :f...
[ENTERTAINM] | YouTube  | [Normal]     | 95%    |   15.1ms | Congratulations...
[ENTERTAINM] | YouTube  | [Normal]     | 96%    |   15.7ms | :lion:...
[GAMING/GAM] | YouTube  | [Normal]     | 97%    |   14.0ms | THE SACKS BASEMENT MOVED!...
[SELF-HELP/] | YouTube  | [Normal]     | 93%    |   22.7ms | @TheBruceKeller sigma...
[GAMING/GAM] | YouTube  | [Normal]     | 96%    |   15.1ms | youtuber...
[ENTERTAINM] | YouTube  | [Normal]     | 95%    |   12.0ms | HIIIIIIIIIIIIIIIIIIIIIIIIIIIIIIIIIIIIIII...
[GAMING/SUR] | YouTube  | [Normal]     | 84%    |   15.5ms | let's go finally you on rust...
[ENTERTAINM] | YouTube  | [Normal]     | 94%    |   12.0ms | Indonesia...
[ENTERTAINM] | YouTube  | [Normal]     | 93%    |   13.5ms | india...
[PSYCHOLOGY] | YouTube  | [Normal]     | 92%    |   20.0ms | Dr Ks teachings have changed me. I freak...
[GAMING/SUR] | YouTube  | [Normal]     | 85%    |   19.6ms | its not good bots its good...
[ENTERTAINM] | YouTube  | [Normal]     | 95%    |   10.5ms | said hi...
[GAMING/GAM] | YouTube  | [Normal]     | 96%    |   13.0ms | Did you take your meds?...
[GAMING/SUR] | YouTube  | [Normal]     | 95%    |   10.4ms | setup...
[GAMING/GAM] | YouTube  | [Normal]     | 95%    |   12.5ms | dock at the end of the peir...
[GAMING/SUR] | YouTube  | [Normal]     | 97%    |    9.0ms | oil...
[GAMING/GAM] | YouTube  | [Normal]     | 93%    |   14.0ms | STEEEEAAAAAAMMMMMM...
[GAMING/SUR] | YouTube  | [Normal]     | 93%    |   11.0ms | YES...
[GAMING/GAM] | YouTube  | [Normal]     | 87%    |   23.1ms | mark i think u need to get ur eyes check...
[ENTERTAINM] | YouTube  | [Normal]     | 94%    |   15.0ms | 1...
[GAMING/SUR] | YouTube  | [Normal]     | 95%    |   13.1ms | stay for turrets...
[ENTERTAINM] | YouTube  | [Normal]     | 94%    |    9.6ms | 1...
[ENTERTAINM] | YouTube  | [Normal]     | 94%    |   11.0ms | 1...
[ENTERTAINM] | YouTube  | [Normal]     | 96%    |   10.0ms | from Indonesia...
[GAMING/SUR] | YouTube  | [Normal]     | 95%    |   12.0ms | Turrets...
[ENTERTAINM] | YouTube  | [Normal]     | 94%    |   11.7ms | 2...
[GAMING/SUR] | YouTube  | [Normal]     | 67%    |   12.0ms | hutch has all the oil and grease you nee...
[GAMING/GAM] | YouTube  | [Normal]     | 92%    |   13.7ms | light anomaly in the yard!...
[GAMING/SUR] | YouTube  | [Normal]     | 88%    |    9.2ms | Go...
[GAMING/GAM] | YouTube  | [Normal]     | 97%    |   13.1ms | Light anomaly the Yard  Mark!...
[GAMING/GAM] | YouTube  | [Normal]     | 66%    |   12.0ms | Wiggling sandwich...
[MUSIC/CHIL] | YouTube  | [Normal]     | 91%    |   24.4ms | I think they show gold for 2 rupees...
[ENTERTAINM] | YouTube  | [Normal]     | 95%    |   10.0ms | Bangladesh...
[PSYCHOLOGY] | YouTube  | [Normal]     | 79%    |    8.0ms | Yeah guys stop messin round...
[GAMING/GAM] | YouTube  | [Normal]     | 78%    |    9.0ms | CRAWLY...
[MUSIC/CHIL] | YouTube  | [Normal]     | 89%    |    8.1ms | raggy muje kyu bol rhe ho ye sb?...
[GAMING/GAM] | YouTube  | [Normal]     | 97%    |    6.6ms | the ladder in the lantern room!...
[GAMING/SUR] | YouTube  | [Normal]     | 83%    |   10.9ms | @fatbongripz then leave...
[GAMING/GAM] | YouTube  | [Normal]     | 97%    |   11.7ms | the backpack hanging from the lantern ro...
[ENTERTAINM] | YouTube  | [Normal]     | 94%    |    9.5ms | tvk...
[GAMING/GAM] | YouTube  | [Normal]     | 97%    |   10.4ms | LOL well spotted...
[GAMING/SUR] | YouTube  | [Normal]     | 85%    |   12.6ms | Pythons or boltys I turrets...
[MUSIC/CHIL] | YouTube  | [Normal]     | 98%    |   12.7ms | :cat-orange-whistling::cat-orange-whistl...
[ENTERTAINM] | YouTube  | [Normal]     | 94%    |   10.6ms | hi...
[GAMING/GAM] | YouTube  | [Normal]     | 90%    |   11.1ms | barrel!...
[GAMING/GAM] | YouTube  | [Normal]     | 94%    |   14.2ms | Fusebox?...
[GAMING/GAM] | YouTube  | [Normal]     | 82%    |   13.0ms | howdy...
[GAMING/GAM] | YouTube  | [Normal]     | 97%    |   12.1ms | object moved!...
[GAMING/GAM] | YouTube  | [Normal]     | 70%    |    8.0ms | WHAT IN THE FNAF HECK IS GOING ON HERE!?...
[GAMING/GAM] | YouTube  | [Normal]     | 96%    |    7.6ms | The railing in the stairwell!...
[GAMING/GAM] | YouTube  | [Normal]     | 94%    |   13.1ms | grrrrr...
[GAMING/GAM] | YouTube  | [Normal]     | 85%    |   12.3ms | the window in the room   i think i saw a...
[GAMING/GAM] | YouTube  | [Normal]     | 96%    |   14.6ms | mark of pliers please listen to us this ...
[GAMING/SUR] | YouTube  | [Normal]     | 73%    |    9.6ms | rouge is hording scrap...
[GAMING/GAM] | YouTube  | [Normal]     | 96%    |    8.0ms | Hi Mark! I'm getting ready to go see Iro...
[MUSIC/CHIL] | YouTube  | [Normal]     | 97%    |   16.3ms | Vishu for u biryani booked I will keep i...
[GAMING/GAM] | YouTube  | [Normal]     | 93%    |   13.7ms | FUSEBOX...
[ENTERTAINM] | YouTube  | [Normal]     | 97%    |    9.0ms | 🇧:sparkling_heart:...
[GAMING/GAM] | YouTube  | [Normal]     | 96%    |    7.5ms | Hi mark...
[ENTERTAINM] | YouTube  | [Normal]     | 97%    |   13.1ms | kalau yb tauu...
[GAMING/GAM] | YouTube  | [Normal]     | 96%    |   14.7ms | Is the 4th mouse trap gone?...
[GAMING/GAM] | YouTube  | [Normal]     | 95%    |   13.1ms | lumpy bags...
[SELF-HELP/] | YouTube  | [Normal]     | 96%    |   15.3ms | lmao...
[GAMING/GAM] | YouTube  | [Normal]     | 96%    |   17.0ms | Extra Mouse trap in Basement...
[GAMING/GAM] | YouTube  | [Normal]     | 95%    |   10.5ms | THE BARRELS...
[ENTERTAINM] | YouTube  | [Normal]     | 91%    |    9.0ms | mr beast...
[ENTERTAINM] | YouTube  | [Normal]     | 96%    |   10.5ms | I live under a rock...
[ENTERTAINM] | YouTube  | [Normal]     | 93%    |   10.0ms | DDG...
[MUSIC/CHIL] | YouTube  | [Normal]     | 94%    |    9.4ms | marfă...
[GAMING/GAM] | YouTube  | [Normal]     | 84%    |   11.1ms | DEAD BODY BOTTOM LEFT...
[ENTERTAINM] | YouTube  | [Normal]     | 98%    |   23.0ms | WATA FAK:face-blue-smiling::face-blue-sm...
[GAMING/GAM] | YouTube  | [Normal]     | 96%    |    7.1ms | extra bottle on the ground pier...
[SPORTS/FOO] | YouTube  | [Normal]     | 92%    |    7.0ms | 0...
[ENTERTAINM] | YouTube  | [Normal]     | 88%    |    8.0ms | you told us that you would give us cooki...
[GAMING/GAM] | YouTube  | [Normal]     | 98%    |    8.0ms | theres sparkling white light in the stai...
[GAMING/GAM] | YouTube  | [Normal]     | 93%    |    9.5ms | is iron lung going to be on a streaming ...
[GAMING/GAM] | YouTube  | [Normal]     | 95%    |   21.7ms | I WATCHED UR MOVIE YESTERDAY YESTERDAY I...
[ENTERTAINM] | YouTube  | [Normal]     | 94%    |   18.0ms | im a hugeeee fannnnnn from indonesiaaa s...
[GAMING/GAM] | YouTube  | [Normal]     | 83%    |   15.0ms | DUCK...
[ENTERTAINM] | YouTube  | [Normal]     | 95%    |   10.6ms | holaaaaa...
[GAMING/GAM] | YouTube  | [Normal]     | 96%    |    7.0ms | Dor yar...
[GAMING/GAM] | YouTube  | [Normal]     | 97%    |   13.1ms | THE LAP MOVED...
[GAMING/SUR] | YouTube  | [Normal]     | 97%    |   17.0ms | PEANUT WORK ON THE BASE...
[GAMING/GAM] | YouTube  | [Normal]     | 96%    |   11.6ms | why does it look like there's a ghost ju...
[ENTERTAINM] | YouTube  | [Normal]     | 97%    |   24.8ms | :smiling_face_with_halo::smiling_face_wi...
[GAMING/GAM] | YouTube  | [Normal]     | 97%    |   11.6ms | Lantern on dresser interior...
[PSYCHOLOGY] | YouTube  | [HATE]       | 68%    |   13.0ms | They lack an internal locus of self....
[ENTERTAINM] | YouTube  | [Normal]     | 97%    |    9.3ms | Welcome New Member!...
[GAMING/SUR] | YouTube  | [Normal]     | 95%    |   10.5ms | FAT CONFIRMED LMAOOOO...
[GAMING/GAM] | YouTube  | [Normal]     | 92%    |    9.5ms | WOAH...
[GAMING/GAM] | YouTube  | [Normal]     | 93%    |   13.0ms | Missing rail bottom left stairwell...
[MUSIC/CHIL] | YouTube  | [Normal]     | 96%    |    8.0ms | .....
[GAMING/GAM] | YouTube  | [Normal]     | 94%    |    8.0ms | a siren...
[GAMING/GAM] | YouTube  | [Normal]     | 94%    |    9.5ms | nice lobster...
[SELF-HELP/] | YouTube  | [Normal]     | 96%    |    7.0ms | playing games on the internet? whats tha...
[GAMING/GAM] | YouTube  | [Normal]     | 94%    |    9.5ms | but i said the windows!...
[GAMING/GAM] | YouTube  | [Normal]     | 94%    |    6.0ms | Goodness...
[GAMING/GAM] | YouTube  | [Normal]     | 93%    |    7.6ms | Bad lead bad lead bad lead bad lead bad ...
[GAMING/GAM] | YouTube  | [Normal]     | 97%    |   11.0ms | Do you enjoy Agatha Christie books?...
[GAMING/GAM] | YouTube  | [Normal]     | 96%    |    8.6ms | HIT PODCAST?!...
[GAMING/SUR] | YouTube  | [Normal]     | 97%    |   16.5ms | big macs sound so good right now...
[ENTERTAINM] | YouTube  | [Normal]     | 97%    |   16.0ms | I'm from Nigeria...
[GAMING/GAM] | YouTube  | [Normal]     | 96%    |   12.7ms | Extra potato bags...
[GAMING/GAM] | YouTube  | [Normal]     | 97%    |   21.1ms | extra object basement  mousetrap?...
[ENTERTAINM] | YouTube  | [Normal]     | 80%    |   15.8ms | jimmy what state are you from...
[ENTERTAINM] | YouTube  | [Normal]     | 95%    |   12.8ms | I need money for school fee Nepal...
[GAMING/GAM] | YouTube  | [Normal]     | 96%    |   15.9ms | WATER INTERIOR FLOOR...
[ENTERTAINM] | YouTube  | [Normal]     | 92%    |   10.0ms | Ayyyyyyyyyyyyyyyyyyyyyyyyyyyyyyyyy...
[GAMING/GAM] | YouTube  | [Normal]     | 90%    |    7.0ms | barrel fell...
[ENTERTAINM] | YouTube  | [Normal]     | 93%    |    7.4ms | india...
[GAMING/GAM] | YouTube  | [Normal]     | 74%    |    7.0ms | There is something wrong in the bed...
[ENTERTAINM] | YouTube  | [Normal]     | 84%    |    7.0ms | yoooooooooooooòoooooo...
[ENTERTAINM] | YouTube  | [Normal]     | 94%    |    7.6ms | congratulations brother...
[GAMING/SUR] | YouTube  | [Normal]     | 92%    |   16.0ms | the AI almost took it  realest shi ever...
[GAMING/SUR] | YouTube  | [Normal]     | 88%    |   15.6ms | Gotta get that demon hunter meal haha. T...
[GAMING/GAM] | YouTube  | [Normal]     | 95%    |   11.0ms | MARK IN THE STAIRWELL ROOM...
[SELF-HELP/] | YouTube  | [Normal]     | 90%    |    9.3ms | have we reached the point where we have ...
[ENTERTAINM] | YouTube  | [Normal]     | 98%    |   14.6ms | :text-green-game-over::text-green-game-o...
[MUSIC/CHIL] | YouTube  | [Normal]     | 96%    |   10.0ms | ab bs bhi karo...
[GAMING/GAM] | YouTube  | [Normal]     | 85%    |   17.5ms | is there a head in the stairwell?...
[GAMING/GAM] | YouTube  | [Normal]     | 96%    |   14.0ms | down the spiral area...
[ENTERTAINM] | YouTube  | [Normal]     | 85%    |   24.6ms | UR THE BEST MR BEAST JIMMY IM FROM ALBAN...
[PSYCHOLOGY] | YouTube  | [Normal]     | 92%    |   16.8ms | @CallousedCallow grrr me thinks the same...
[ENTERTAINM] | YouTube  | [Normal]     | 97%    |   17.1ms | I need gaming computer  please....
[GAMING/GAM] | YouTube  | [Normal]     | 94%    |   15.0ms | intrudr end of pier...
[GAMING/GAM] | YouTube  | [Normal]     | 93%    |   13.0ms | hi i just got off work how are we gaslig...
[ENTERTAINM] | YouTube  | [Normal]     | 97%    |   11.0ms | جيمييييييي...
[ENTERTAINM] | YouTube  | [Normal]     | 96%    |   14.1ms | legendary saga gamer subscribe...
[GAMING/GAM] | YouTube  | [OFFENSIVE]  | 80%    |   10.0ms | what dat...
[PSYCHOLOGY] | YouTube  | [Normal]     | 94%    |   16.1ms | Isn't animus the thing in Assassin's Cre...
[GAMING/SUR] | YouTube  | [Normal]     | 95%    |   10.6ms | RIP JOE ROGAN...
[PSYCHOLOGY] | YouTube  | [Normal]     | 98%    |   12.0ms | :eyes-pink-heart-shape:...
[GAMING/GAM] | YouTube  | [Normal]     | 93%    |   11.1ms | ppl forget markiplier was studying engin...
[GAMING/GAM] | YouTube  | [Normal]     | 94%    |    9.0ms | left side of the hole railing was on the...
[GAMING/GAM] | YouTube  | [Normal]     | 97%    |   10.6ms | the red bag was moving at the l!!...
[MUSIC/CHIL] | YouTube  | [Normal]     | 82%    |   12.1ms | KAVIII sry if i ahve overlooked a msg of...
[GAMING/GAM] | YouTube  | [Normal]     | 91%    |   14.4ms | TURN...
[GAMING/GAM] | YouTube  | [Normal]     | 64%    |   13.1ms | americans dont know this stuff xD...
[GAMING/GAM] | YouTube  | [Normal]     | 91%    |   17.0ms | The micee...
[ENTERTAINM] | YouTube  | [Normal]     | 89%    |    9.0ms | maybe both...
[ENTERTAINM] | YouTube  | [Normal]     | 98%    |    7.5ms | :hand-pink-waving:...
[GAMING/GAM] | YouTube  | [Normal]     | 89%    |    7.6ms | Bed  something above...
[PSYCHOLOGY] | YouTube  | [Normal]     | 95%    |   18.6ms | yay...
[GAMING/GAM] | YouTube  | [Normal]     | 96%    |   24.3ms | YOU'RE SO CLOSE TO THE STAIRWELL RAILING...
[GAMING/GAM] | YouTube  | [OFFENSIVE]  | 48%    |   17.8ms | WHO'S THE IDIOT NOW MARK...
[SELF-HELP/] | YouTube  | [Normal]     | 91%    |   15.0ms | no I was always autistic...
[GAMING/GAM] | YouTube  | [Normal]     | 97%    |   17.0ms | did the fuse box open?...
[GAMING/GAM] | YouTube  | [Normal]     | 57%    |   22.1ms | If I could be a lighthouse keeper  I wou...
[ENTERTAINM] | YouTube  | [Normal]     | 94%    |   25.3ms | :thumbs_up::thumbs_up::thumbs_up::thumbs...
[ENTERTAINM] | YouTube  | [Normal]     | 98%    |   24.0ms | :red_heart::red_heart::red_heart::red_he...
[GAMING/GAM] | YouTube  | [Normal]     | 88%    |   23.6ms | is something weird on top of the pallets...
[GAMING/GAM] | YouTube  | [OFFENSIVE]  | 47%    |   21.7ms | :face-fuchsia-tongue-out::face-fuchsia-t...
[ENTERTAINM] | YouTube  | [Normal]     | 94%    |   10.4ms | Indonesia...
[GAMING/GAM] | YouTube  | [Normal]     | 96%    |   17.7ms | Will there ever be a Blu-ray release of ...
[MUSIC/CHIL] | YouTube  | [Normal]     | 98%    |   13.2ms | :green_heart::blue_heart:...
[GAMING/GAM] | YouTube  | [Normal]     | 59%    |   14.3ms | their are no anomalies...
[GAMING/GAM] | YouTube  | [Normal]     | 97%    |   15.1ms | hello marki moo...
[ENTERTAINM] | YouTube  | [Normal]     | 94%    |   13.7ms | Philippines...
[ENTERTAINM] | YouTube  | [Normal]     | 90%    |   12.5ms | how much likes for new airpods...
[GAMING/GAM] | YouTube  | [Normal]     | 97%    |    7.1ms | Red railing moved  stairwell...
[GAMING/SUR] | YouTube  | [Normal]     | 94%    |    6.0ms | What is he building ?...
[GAMING/GAM] | YouTube  | [Normal]     | 97%    |   11.5ms | lamp movement in interior?...
[MUSIC/CHIL] | YouTube  | [Normal]     | 97%    |   14.0ms | :smiling_face_with_halo:🪏...
[GAMING/SUR] | YouTube  | [Normal]     | 92%    |    9.5ms | ayoooo...
[GAMING/GAM] | YouTube  | [Normal]     | 93%    |    9.0ms | THE BAGS...
[ENTERTAINM] | YouTube  | [Normal]     | 97%    |    7.0ms | salutations...
[PSYCHOLOGY] | YouTube  | [Normal]     | 93%    |    8.0ms | Feeling hit chat? me too lol...
[GAMING/SUR] | YouTube  | [Normal]     | 81%    |   10.0ms | You are doing it wrong!...
[MUSIC/CHIL] | YouTube  | [Normal]     | 91%    |   18.5ms | a zis de fapt amintești de mine sau cum ...
[GAMING/SUR] | YouTube  | [Normal]     | 92%    |   18.0ms | NO!!! 10 on all...
[PSYCHOLOGY] | YouTube  | [Normal]     | 96%    |   19.5ms | :grinning_squinting_face:...
[GAMING/GAM] | YouTube  | [Normal]     | 93%    |   13.4ms | I feel like this game is less scary...
[GAMING/GAM] | YouTube  | [Normal]     | 72%    |   16.0ms | Mark  that broken bit in the stairwell m...
[PSYCHOLOGY] | YouTube  | [Normal]     | 68%    |   12.0ms | Enough woman!...
[ENTERTAINM] | YouTube  | [Normal]     | 93%    |   18.0ms | 70 000!!!!!!!!!!!!!!!!!!!!!!!!!!!!!!!!!!...
[GAMING/GAM] | YouTube  | [Normal]     | 96%    |    9.0ms | STAIRWELL: left side railing moved  INTE...
[ENTERTAINM] | YouTube  | [Normal]     | 89%    |   10.6ms | don't say 67 that's make me uncomfortabl...
[SELF-HELP/] | YouTube  | [Normal]     | 92%    |   14.0ms | Dr K will you make addiction workshop yo...
[GAMING/GAM] | YouTube  | [Normal]     | 87%    |   15.1ms | THE BROKEN RAIL IN STAIRWELL IS MOVED...
[GAMING/GAM] | YouTube  | [Normal]     | 95%    |   27.7ms | :rolling_on_the_floor_laughing::rolling_...
[GAMING/GAM] | YouTube  | [Normal]     | 95%    |   14.0ms | AAAAAAAAAAA...
[NEWS/LIVE ] | YouTube  | [Normal]     | 98%    |   21.7ms | hello?:face-purple-smiling-tears:...
[PSYCHOLOGY] | YouTube  | [Normal]     | 83%    |   26.1ms | brother fantasy is all we inferior genet...
[GAMING/GAM] | YouTube  | [Normal]     | 96%    |    8.0ms | LMAO...
[ENTERTAINM] | YouTube  | [Normal]     | 98%    |   20.8ms | What country will u visit next :cat-oran...
[PSYCHOLOGY] | YouTube  | [OFFENSIVE]  | 57%    |   15.6ms | shitting on our copium...
[GAMING/GAM] | YouTube  | [Normal]     | 96%    |    9.0ms | I’m back what did I miss...
[PSYCHOLOGY] | YouTube  | [HATE]       | 49%    |    8.5ms | why would they not be?...
[GAMING/GAM] | YouTube  | [Normal]     | 89%    |    9.0ms | long time fan. I have an Unus Annus hood...
[EDUCATION/] | YouTube  | [Normal]     | 92%    |    8.0ms | Soundsoudnsidusosudshisjsbssi...
[SELF-HELP/] | YouTube  | [Normal]     | 94%    |   11.0ms | There's downsides...
[GAMING/GAM] | YouTube  | [Normal]     | 91%    |   12.6ms | JESUS THAT ASCARED ME...
[GAMING/GAM] | YouTube  | [Normal]     | 90%    |    9.5ms | 2 GAS CAN YARD...
[SELF-HELP/] | YouTube  | [HATE]       | 41%    |   15.0ms | because they try to copy others...
[GAMING/GAM] | YouTube  | [Normal]     | 97%    |   12.0ms | markiplier sipping a pina colada on a sh...
[SELF-HELP/] | YouTube  | [Normal]     | 94%    |    8.1ms | suffering that comes with it...
[ENTERTAINM] | YouTube  | [Normal]     | 95%    |   12.8ms | WE NEED GROCERY STORE PART 2...
[GAMING/GAM] | YouTube  | [Normal]     | 94%    |    7.0ms | SLOW DOWWNNN pls :<...
[SELF-HELP/] | YouTube  | [Normal]     | 53%    |    9.6ms | if everyone is a genius then no one is a...
[ENTERTAINM] | YouTube  | [Normal]     | 92%    |   13.1ms | yooooo...
[GAMING/GAM] | YouTube  | [Normal]     | 96%    |   14.0ms | RED HANGING THING MOVING...
[SELF-HELP/] | YouTube  | [Normal]     | 95%    |   16.1ms | 1) it's psuedonormalized to 100  2) iq i...
[GAMING/GAM] | YouTube  | [Normal]     | 97%    |   26.2ms | PAPI HIIII :smiling_face_with_heart_eyes...
[ENTERTAINM] | YouTube  | [Normal]     | 97%    |   10.0ms | هل أنت مسلم...
[PSYCHOLOGY] | YouTube  | [Normal]     | 95%    |   15.5ms | no direct measurements...
[GAMING/GAM] | YouTube  | [Normal]     | 96%    |   20.6ms | was the lantern in the interior not on ?...
[GAMING/GAM] | YouTube  | [OFFENSIVE]  | 83%    |   23.0ms | @Markiplier  i just watched Iron Lung  h...
[MUSIC/CHIL] | YouTube  | [Normal]     | 96%    |   17.0ms | lovely what happened my crush...
[GAMING/GAM] | YouTube  | [Normal]     | 96%    |   16.6ms | it makes me so happy to see mark wearing...
[GAMING/GAM] | YouTube  | [Normal]     | 91%    |   12.0ms | Helped with the barrels technically too...
[GAMING/GAM] | YouTube  | [Normal]     | 92%    |   10.1ms | Woah...
[ENTERTAINM] | YouTube  | [Normal]     | 94%    |   13.0ms | hi...
[GAMING/GAM] | YouTube  | [Normal]     | 94%    |   11.6ms | Uhhh...
[GAMING/GAM] | YouTube  | [Normal]     | 76%    |   15.6ms | Pig missing in the stairwell...
[ENTERTAINM] | YouTube  | [Normal]     | 91%    |    8.6ms | Pakistan...
[GAMING/GAM] | YouTube  | [Normal]     | 92%    |   18.0ms | Did it just make you complete a captcha?...
[GAMING/GAM] | YouTube  | [Normal]     | 94%    |    9.0ms | gross...
[GAMING/GAM] | YouTube  | [Normal]     | 58%    |   23.2ms | I swear to shit there is something under...
[GAMING/GAM] | YouTube  | [Normal]     | 79%    |   18.1ms | So many intruders...
[MUSIC/CHIL] | YouTube  | [Normal]     | 89%    |   15.4ms | not good kejtiii you also participate in...
[GAMING/GAM] | YouTube  | [Normal]     | 72%    |   15.1ms | They're throwing everything at you lol...
[GAMING/GAM] | YouTube  | [Normal]     | 95%    |   18.0ms | THE BAGS IN THE BASEMENT!!!...
[GAMING/GAM] | YouTube  | [Normal]     | 93%    |   22.3ms | The open door is now closed...
[GAMING/GAM] | YouTube  | [Normal]     | 60%    |   14.1ms | Yippeeeeeee...
[ENTERTAINM] | YouTube  | [Normal]     | 95%    |   14.1ms | Love you bro jimmy...
[GAMING/GAM] | YouTube  | [Normal]     | 96%    |   14.1ms | this a vibe...
[ENTERTAINM] | YouTube  | [Normal]     | 96%    |   16.7ms | :finger-red-number-one:...
[ENTERTAINM] | YouTube  | [Normal]     | 94%    |   11.0ms | :nauseated_face:...
[ENTERTAINM] | YouTube  | [HATE]       | 73%    |   13.6ms | Your the goat...
[SELF-HELP/] | YouTube  | [Normal]     | 98%    |    9.5ms | that a CDO reference?...
[ENTERTAINM] | YouTube  | [Normal]     | 97%    |   11.5ms | :face_with_tears_of_joy::face_with_tears...
[GAMING/GAM] | YouTube  | [Normal]     | 91%    |   11.6ms | W...
[GAMING/GAM] | YouTube  | [Normal]     | 95%    |   13.0ms | Airplane...
[PSYCHOLOGY] | YouTube  | [Normal]     | 50%    |   10.1ms | ok but they're still right about women...
[GAMING/GAM] | YouTube  | [Normal]     | 91%    |   10.6ms | from al the games  which anomaly is ur f...
[ENTERTAINM] | YouTube  | [Normal]     | 96%    |   11.7ms | :grinning_face_with_sweat:...
[GAMING/GAM] | YouTube  | [Normal]     | 95%    |   11.6ms | wow...
[GAMING/GAM] | YouTube  | [Normal]     | 94%    |   14.6ms | I'm going to watch Iron Lung Tomorrow!!!...
[GAMING/GAM] | YouTube  | [Normal]     | 94%    |   14.0ms | COPYRIGHT...
[SELF-HELP/] | YouTube  | [Normal]     | 96%    |   17.0ms | michael burry?...
[GAMING/GAM] | YouTube  | [Normal]     | 96%    |   17.5ms | I just came back from watching Iron Lung...
[ENTERTAINM] | YouTube  | [Normal]     | 95%    |   15.5ms | hiiii...
[GAMING/GAM] | YouTube  | [Normal]     | 95%    |    8.8ms | can you do a fnaf live stream soon pleas...
[GAMING/GAM] | YouTube  | [Normal]     | 96%    |   10.5ms | Take it to Spain!!!!...
[ENTERTAINM] | YouTube  | [Normal]     | 92%    |    6.1ms | portugall...
[ENTERTAINM] | YouTube  | [Normal]     | 95%    |    6.0ms | ff...
[GAMING/GAM] | YouTube  | [Normal]     | 97%    |   17.1ms | I saw it today!! I'm so excited it was w...
[GAMING/GAM] | YouTube  | [Normal]     | 42%    |   22.2ms | yippeeee!...
[GAMING/GAM] | YouTube  | [Normal]     | 76%    |   21.0ms | WILL YOU WEAR WIGS? WHEN WILL YOU WEAR W...
[GAMING/GAM] | YouTube  | [Normal]     | 95%    |    6.7ms | 1 1 1 1...
[GAMING/GAM] | YouTube  | [Normal]     | 96%    |    9.0ms | Mark I may have spilled some popcorn at ...
[ENTERTAINM] | YouTube  | [Normal]     | 91%    |   10.7ms | TECHNOBLADE...
[GAMING/SUR] | YouTube  | [Normal]     | 92%    |   10.9ms | oh no...
[GAMING/GAM] | YouTube  | [Normal]     | 96%    |    9.6ms | :_markiHEART::_markiHEART::_markiHEART:...
[ENTERTAINM] | YouTube  | [Normal]     | 96%    |    9.0ms | New member...
[GAMING/GAM] | YouTube  | [Normal]     | 41%    |    7.1ms | yippee...
[GAMING/GAM] | YouTube  | [Normal]     | 97%    |    7.1ms | Excellent obversation sir :saluting_face...
[GAMING/GAM] | YouTube  | [Normal]     | 93%    |    9.0ms | iron lung was so good...
[GAMING/SUR] | YouTube  | [Normal]     | 95%    |   10.1ms | Is officer going to join use?...
[GAMING/GAM] | YouTube  | [Normal]     | 94%    |   11.0ms | Booo...
[ENTERTAINM] | YouTube  | [Normal]     | 95%    |   18.5ms | Hello...
[PSYCHOLOGY] | YouTube  | [Normal]     | 93%    |   14.1ms | f...
[MUSIC/CHIL] | YouTube  | [Normal]     | 98%    |   18.0ms | :face-blue-wide-eyes::face-blue-wide-eye...
[GAMING/GAM] | YouTube  | [Normal]     | 96%    |   13.9ms | Yeah the big game...
[ENTERTAINM] | YouTube  | [Normal]     | 82%    |   13.0ms | rei gooooooooo...
[GAMING/GAM] | YouTube  | [Normal]     | 96%    |   14.0ms | YAY AIRPLANE...
[ENTERTAINM] | YouTube  | [Normal]     | 95%    |   11.0ms | KOSOVO  KOSOVO  KOSOVO  KOSOVO  KOSOVO  ...
[ENTERTAINM] | YouTube  | [Normal]     | 96%    |   16.0ms | sar please take my name my name is Umar...
[GAMING/GAM] | YouTube  | [Normal]     | 91%    |   10.6ms | John lung!...
[GAMING/GAM] | YouTube  | [Normal]     | 92%    |   13.0ms | Iron Lung was so good  even though i don...
[ENTERTAINM] | YouTube  | [Normal]     | 97%    |   14.3ms | hiiiii...
[ENTERTAINM] | YouTube  | [HATE]       | 52%    |    7.0ms | @MrBeast You Are The Goat of Youtube:yt:...
[GAMING/GAM] | YouTube  | [Normal]     | 97%    |    8.0ms | ah yes my favourite event "the incredibl...
[ENTERTAINM] | YouTube  | [Normal]     | 95%    |    7.0ms | said hi...
[GAMING/GAM] | YouTube  | [Normal]     | 94%    |   13.6ms | hi dadaplier...
[GAMING/GAM] | YouTube  | [Normal]     | 92%    |   25.6ms | It’s nudie magazine day!...
[PSYCHOLOGY] | YouTube  | [Normal]     | 84%    |   27.6ms | bro sex is everywhere in US culture. non...
[GAMING/GAM] | YouTube  | [Normal]     | 95%    |   15.0ms | Hellooooo...
[GAMING/GAM] | YouTube  | [Normal]     | 96%    |   26.6ms | THIS IS SO INTERESTING HEARING YOUR THOU...
[GAMING/GAM] | YouTube  | [Normal]     | 96%    |   17.3ms | more or less...
[GAMING/GAM] | YouTube  | [Normal]     | 92%    |   20.0ms | Ye!...
[ENTERTAINM] | YouTube  | [Normal]     | 93%    |   22.1ms | hello Mr beast...
[GAMING/GAM] | YouTube  | [Normal]     | 94%    |   23.7ms | just watch ur movie it was great...
[ENTERTAINM] | YouTube  | [Normal]     | 92%    |   17.0ms | MR BEASTTTTT...
[ENTERTAINM] | YouTube  | [Normal]     | 97%    |   20.0ms | Hello mrbeast I'm from Uzbekistan :blue_...
[GAMING/SUR] | YouTube  | [Normal]     | 83%    |   22.4ms | keep gettin it mr nut...
[GAMING/GAM] | YouTube  | [Normal]     | 90%    |   18.1ms | is there a hand by the plane entrance on...
[GAMING/GAM] | YouTube  | [Normal]     | 92%    |   12.5ms | bathroom floor...
[ENTERTAINM] | YouTube  | [Normal]     | 86%    |   13.5ms | helo mr beast...
[ENTERTAINM] | YouTube  | [Normal]     | 97%    |   17.0ms | :balloon::balloon::balloon::balloon::bal...
[GAMING/GAM] | YouTube  | [Normal]     | 95%    |   10.6ms | Possible extra bottle by the sink in bat...
[GAMING/GAM] | YouTube  | [Normal]     | 92%    |   16.0ms | BATHROOM...
[ENTERTAINM] | YouTube  | [Normal]     | 98%    |   20.0ms | :face-red-heart-shape::face-red-heart-sh...
[GAMING/GAM] | YouTube  | [Normal]     | 87%    |   13.3ms | slender man in gate...
[ENTERTAINM] | YouTube  | [Normal]     | 93%    |   10.6ms | Oooo...
[GAMING/GAM] | YouTube  | [Normal]     | 89%    |   16.6ms | Of course there are tissues in the bathr...
[GAMING/GAM] | YouTube  | [Normal]     | 97%    |   14.7ms | EXTRA PLANE PAINTING IN THE CLASS ON THE...
[GAMING/GAM] | YouTube  | [Normal]     | 96%    |   13.0ms | luggage compartment open...
[MUSIC/CHIL] | YouTube  | [Normal]     | 96%    |   13.1ms | ....
[PSYCHOLOGY] | YouTube  | [Normal]     | 71%    |   22.6ms | @HealthyGamerGG what about your yourself...
[ENTERTAINM] | YouTube  | [Normal]     | 97%    |    8.0ms | SHOUT OUT PLEASE ALL THE WAY FROM SOUTH ...
[ENTERTAINM] | YouTube  | [Normal]     | 96%    |    7.5ms | XDXDXD...
[GAMING/GAM] | YouTube  | [Normal]     | 94%    |    7.0ms | BOX IN TOP LEFT LOOKS SUSPICIOUS...
[ENTERTAINM] | YouTube  | [Normal]     | 83%    |   18.1ms | Korea...
[GAMING/GAM] | YouTube  | [OFFENSIVE]  | 87%    |   24.2ms | bro's stealing CaseOh's linesssss...
[PSYCHOLOGY] | YouTube  | [Normal]     | 96%    |   19.0ms | 20 milly!...
[ENTERTAINM] | YouTube  | [Normal]     | 97%    |    8.5ms | Video coming in the world cup topic?...
[NEWS/LIVE ] | YouTube  | [Normal]     | 96%    |    8.2ms | :saluting_face:...
[ENTERTAINM] | YouTube  | [Normal]     | 86%    |    8.5ms | YOOOO MRBEAST WSGG HOMIE...
[GAMING/GAM] | YouTube  | [Normal]     | 92%    |    8.1ms | EEYUCK...
[GAMING/GAM] | YouTube  | [Normal]     | 84%    |    8.0ms | BAN...
[GAMING/GAM] | YouTube  | [Normal]     | 95%    |   11.0ms | Extra bag economy class near exist...
[GAMING/GAM] | YouTube  | [Normal]     | 97%    |   17.7ms | coffee cup cockpit...
[GAMING/GAM] | YouTube  | [Normal]     | 95%    |    9.1ms | Paper in seat back...
[ENTERTAINM] | YouTube  | [Normal]     | 97%    |   14.2ms | Love From India...
[ENTERTAINM] | YouTube  | [Normal]     | 83%    |   13.2ms | Your hard work really payoff mr beast...
[ENTERTAINM] | YouTube  | [Normal]     | 98%    |   16.7ms | :red_heart::red_heart::red_heart::red_he...
[ENTERTAINM] | YouTube  | [Normal]     | 96%    |    7.8ms | can you make more smaller videos like yo...
[GAMING/GAM] | YouTube  | [Normal]     | 49%    |    9.0ms | Help  why did he ban the actual person f...
[ENTERTAINM] | YouTube  | [Normal]     | 88%    |   11.0ms | BEAST ARE YOU COMING TO WATCH THE WORLD ...
[GAMING/GAM] | YouTube  | [Normal]     | 88%    |   11.4ms | over head compartment is missing in busi...
[ENTERTAINM] | YouTube  | [Normal]     | 96%    |   15.0ms | 500 m subs congratulations...
[GAMING/GAM] | YouTube  | [Normal]     | 95%    |   14.7ms | Person in top window of gate?...
[MUSIC/CHIL] | YouTube  | [Normal]     | 98%    |   14.6ms | :face-blue-wide-eyes::face-blue-wide-eye...
[GAMING/GAM] | YouTube  | [Normal]     | 97%    |   12.0ms | the second purse is missing??...
[GAMING/GAM] | YouTube  | [Normal]     | 97%    |    8.5ms | extra open storage b class...
[ENTERTAINM] | YouTube  | [Normal]     | 96%    |   18.1ms | 500 000 000 let's go...
[GAMING/GAM] | YouTube  | [Normal]     | 97%    |    8.0ms | EXTRA PLANE PAINTING IN THE CLASS ON THE...
[SELF-HELP/] | YouTube  | [Normal]     | 97%    |   11.0ms | @crowserainance Dr K said 80% of his pro...
[ENTERTAINM] | YouTube  | [Normal]     | 86%    |   12.0ms | yo...
[GAMING/SUR] | YouTube  | [Normal]     | 72%    |   11.1ms | ChinaNo1...
[ENTERTAINM] | YouTube  | [Normal]     | 97%    |   19.0ms | @MrBeast Congrats on the road to 500M su...
[GAMING/GAM] | YouTube  | [Normal]     | 95%    |   22.2ms | POSTER NEXT TO RIGHT WINDOW BUSINESS CLA...
[GAMING/GAM] | YouTube  | [Normal]     | 97%    |   18.1ms | collectable?...
[GAMING/SUR] | YouTube  | [Normal]     | 97%    |   18.0ms | welyn is pretty strong in the gym....
[ENTERTAINM] | YouTube  | [OFFENSIVE]  | 86%    |   20.0ms | ive been here since 1mil this 500mil is ...
[GAMING/SUR] | YouTube  | [Normal]     | 92%    |   14.0ms | I wasnt looking...
[GAMING/GAM] | YouTube  | [Normal]     | 93%    |   10.0ms | toilet paper in restroom...
[PSYCHOLOGY] | YouTube  | [Normal]     | 96%    |    8.1ms | @VenaraEchoes monk-mode solitude and ref...
[ENTERTAINM] | YouTube  | [Normal]     | 51%    |    7.0ms | pls can you give me most expensive PUBG ...
[ENTERTAINM] | YouTube  | [Normal]     | 95%    |    8.0ms | @MrBeast ever faked video?...
[ENTERTAINM] | YouTube  | [Normal]     | 97%    |    7.0ms | I love you Madina:red_heart:...
[ENTERTAINM] | YouTube  | [Normal]     | 93%    |    9.6ms | ДРАСТІ...
[ENTERTAINM] | YouTube  | [Normal]     | 80%    |   20.0ms | 25K to goooooooooooooo!!!!!!!!!!!!!!!...
[ENTERTAINM] | YouTube  | [Normal]     | 95%    |   19.9ms | :thumbs_up::thumbs_up::thumbs_up::thumbs...
[GAMING/SUR] | YouTube  | [Normal]     | 73%    |    9.6ms | hutch scrap them...
[GAMING/GAM] | YouTube  | [Normal]     | 93%    |   20.1ms | the signs in the bathroom...
[ENTERTAINM] | YouTube  | [Normal]     | 95%    |   17.0ms | 67...
[MUSIC/CHIL] | YouTube  | [Normal]     | 98%    |   14.5ms | lilu :face_with_tears_of_joy:pgl h thoda...
[GAMING/GAM] | YouTube  | [Normal]     | 92%    |   13.0ms | just got home from work glad to spend my...
[MUSIC/CHIL] | YouTube  | [Normal]     | 98%    |    8.0ms | SANA TC  Enjoy your evening :sparkles::c...
[GAMING/SUR] | YouTube  | [Normal]     | 73%    |    8.0ms | "FREE WORKER CAMP"...
[ENTERTAINM] | YouTube  | [Normal]     | 94%    |    8.0ms | all my accounts are subscribed now  just...
[ENTERTAINM] | YouTube  | [Normal]     | 97%    |    8.5ms | hai am from Kerala...
[GAMING/GAM] | YouTube  | [Normal]     | 97%    |   11.0ms | CUP ON TRAY TABLE IN ECON CLASS...
[GAMING/SUR] | YouTube  | [Normal]     | 46%    |    8.1ms | WE WANT PRISONERS...
[GAMING/SUR] | YouTube  | [Normal]     | 95%    |    9.1ms | no big arch?...
[PSYCHOLOGY] | YouTube  | [Normal]     | 94%    |    8.6ms | oops...
[ENTERTAINM] | YouTube  | [Normal]     | 95%    |    7.0ms | done...
[SPORTS/FOO] | YouTube  | [Normal]     | 97%    |   23.0ms | تحيا مصر دااااائما وااااابدا...
[GAMING/GAM] | YouTube  | [Normal]     | 57%    |   16.9ms | lets goooooooooo...
[GAMING/SUR] | YouTube  | [Normal]     | 97%    |   13.0ms | I got my big macs!...
[NEWS/LIVE ] | YouTube  | [Normal]     | 97%    |   10.6ms | :people_hugging: :hugging_face: :open_ha...
[GAMING/SUR] | YouTube  | [Normal]     | 86%    |   18.1ms | yo...
[GAMING/SUR] | YouTube  | [Normal]     | 63%    |   13.0ms | Goop goop...
[GAMING/SUR] | YouTube  | [Normal]     | 60%    |   16.5ms | Let’s goooooooooo...
[GAMING/SUR] | YouTube  | [Normal]     | 93%    |   13.1ms | yeeeeeeeeeeeeeeeeee...
[MUSIC/CHIL] | YouTube  | [Normal]     | 86%    |   13.0ms | ha leave it...
[GAMING/SUR] | YouTube  | [Normal]     | 94%    |   20.6ms | :fire::fire::fire::fire::fire::fire::fir...
[GAMING/SUR] | YouTube  | [Normal]     | 95%    |   14.5ms | WWWWWWWWWWWWWWWWWW...
[GAMING/SUR] | YouTube  | [Normal]     | 86%    |   10.3ms | bungus...
[GAMING/SUR] | YouTube  | [Normal]     | 94%    |    9.3ms | W HUTCH...
[GAMING/SUR] | YouTube  | [Normal]     | 67%    |    9.0ms | Letssssss rideeeee...
[GAMING/SUR] | YouTube  | [Normal]     | 71%    |   11.0ms | Gingy and Rogue...
[GAMING/SUR] | YouTube  | [Normal]     | 90%    |    9.0ms | Gingy and rogue are the real mvps...
[GAMING/SUR] | YouTube  | [Normal]     | 96%    |    8.0ms | lol...
[GAMING/SUR] | YouTube  | [Normal]     | 85%    |    9.1ms | yes she was rusted out...
[GAMING/SUR] | YouTube  | [Normal]     | 97%    |   13.0ms | I love rust so much lol...
[GAMING/SUR] | YouTube  | [Normal]     | 87%    |   14.6ms | Hutch is focused to the bungus...
[GAMING/SUR] | YouTube  | [Normal]     | 92%    |   12.5ms | You left a door open...
[GAMING/SUR] | YouTube  | [Normal]     | 92%    |   13.0ms | Just yesterday they had sticks and stone...
[MUSIC/CHIL] | YouTube  | [Normal]     | 97%    |   12.5ms | Shivani uttrakhand...
[MUSIC/CHIL] | YouTube  | [Normal]     | 98%    |   11.0ms | :musical_score:...
[GAMING/SUR] | YouTube  | [Normal]     | 92%    |    9.1ms | Gate...
[MUSIC/CHIL] | YouTube  | [Normal]     | 93%    |    8.0ms | hm...
[GAMING/SUR] | YouTube  | [Normal]     | 94%    |   11.1ms | I bet mfrs in that base...
[MUSIC/CHIL] | YouTube  | [Normal]     | 97%    |   16.5ms | pranam leni paddati kosam pranam una pra...
[MUSIC/CHIL] | YouTube  | [Normal]     | 96%    |   12.7ms | anyone known?...
[GAMING/SUR] | YouTube  | [Normal]     | 87%    |   11.9ms | HUTCH HAS A BOBCAT...
[SELF-HELP/] | YouTube  | [Normal]     | 88%    |   10.0ms | andddd something happened...
[GAMING/SUR] | YouTube  | [Normal]     | 95%    |   15.1ms | RIP JOE ROGAN :(...
[GAMING/SUR] | YouTube  | [Normal]     | 80%    |   21.6ms | Hutch is naked hahahahha lookin a little...
[GAMING/SUR] | YouTube  | [OFFENSIVE]  | 56%    |   21.0ms | no way were on already haha...
[GAMING/SUR] | YouTube  | [Normal]     | 93%    |   16.6ms | Get stimpee in here...
[PSYCHOLOGY] | YouTube  | [Normal]     | 87%    |   16.0ms | @Hanne908 Good for you ! And proud of yo...
[GAMING/SUR] | YouTube  | [Normal]     | 94%    |   11.0ms | On the ground...
[NEWS/LIVE ] | YouTube  | [Normal]     | 97%    |   11.0ms | wow it still works......
[GAMING/SUR] | YouTube  | [Normal]     | 97%    |    8.0ms | invite h20...
[GAMING/SUR] | YouTube  | [Normal]     | 97%    |    9.5ms | ground floor in the train...
[GAMING/SUR] | YouTube  | [Normal]     | 94%    |   12.0ms | diarrhea duo...
[GAMING/SUR] | YouTube  | [Normal]     | 97%    |   10.0ms | it's on the ground floor!!!!...
[PSYCHOLOGY] | YouTube  | [Normal]     | 64%    |    8.0ms | Lets fkng gooooo...
[NEWS/LIVE ] | YouTube  | [Normal]     | 95%    |    8.0ms | yeah we want Irish success stories...
[GAMING/SUR] | YouTube  | [Normal]     | 96%    |    8.0ms | h20!!!...
[GAMING/SUR] | YouTube  | [Normal]     | 94%    |   12.5ms | No way that’s delirious LMAO...
[GAMING/SUR] | YouTube  | [Normal]     | 90%    |   10.1ms | you cant miss that voice...
[GAMING/SUR] | YouTube  | [Normal]     | 94%    |   10.6ms | 3...
[GAMING/SUR] | YouTube  | [Normal]     | 94%    |   10.0ms | 1...
[PSYCHOLOGY] | YouTube  | [Normal]     | 95%    |   11.7ms | Julieeeeee~...
[GAMING/SUR] | YouTube  | [Normal]     | 96%    |   10.5ms | is that the original h20 delerious?...
[MUSIC/CHIL] | YouTube  | [Normal]     | 95%    |   12.2ms | .......
[GAMING/SUR] | YouTube  | [Normal]     | 97%    |   15.2ms | :face-green-smiling::face-green-smiling:...
[GAMING/SUR] | YouTube  | [Normal]     | 95%    |   13.8ms | Lmaooooo...
[GAMING/SUR] | YouTube  | [Normal]     | 94%    |   13.0ms | lmfaooooo...
[GAMING/SUR] | YouTube  | [Normal]     | 90%    |   23.4ms | WHHHHHHHHHHHHHHHHHHHHAAAAAAAAAAAT...
[GAMING/SUR] | YouTube  | [OFFENSIVE]  | 49%    |   15.1ms | RIGGGGEDDDDDDD...
[GAMING/SUR] | YouTube  | [Normal]     | 95%    |   11.4ms | flap flap flap...
[GAMING/SUR] | YouTube  | [Normal]     | 89%    |   12.1ms | chase it...
[GAMING/SUR] | YouTube  | [Normal]     | 95%    |   10.6ms | what are you clapping with?...
[GAMING/SUR] | YouTube  | [OFFENSIVE]  | 97%    |   15.5ms | @Leafy-o1n are you always a twat? i know...
[GAMING/SUR] | YouTube  | [Normal]     | 96%    |   11.1ms | lol...
[SELF-HELP/] | YouTube  | [Normal]     | 96%    |   12.0ms | Hello dr.k...
[GAMING/SUR] | YouTube  | [HATE]       | 48%    |    8.0ms | dumb and poor...
[SELF-HELP/] | YouTube  | [Normal]     | 86%    |   10.4ms | YO...
[PSYCHOLOGY] | YouTube  | [Normal]     | 75%    |   13.7ms | How helpful is this for those who have p...
[GAMING/SUR] | YouTube  | [Normal]     | 95%    |   16.2ms | i knew this would happen with these 2...
[GAMING/SUR] | YouTube  | [Normal]     | 97%    |   15.1ms | This stream Brought to your by Kalshi...
[PSYCHOLOGY] | YouTube  | [Normal]     | 96%    |    9.9ms | which ones?...
[PSYCHOLOGY] | YouTube  | [Normal]     | 94%    |    9.5ms | @atomicaxioms which one of your testicle...
[SELF-HELP/] | YouTube  | [Normal]     | 90%    |    8.7ms | Im a sith...
[GAMING/SUR] | YouTube  | [OFFENSIVE]  | 47%    |   12.0ms | sadge nut...
[MUSIC/CHIL] | YouTube  | [Normal]     | 97%    |   11.2ms | :card-red-penalty:...
[GAMING/SUR] | YouTube  | [OFFENSIVE]  | 73%    |   11.5ms | HELL YEAH RIP THAT SHIT...
[GAMING/SUR] | YouTube  | [Normal]     | 79%    |   15.6ms | gambling away the family fortune...
[MUSIC/CHIL] | YouTube  | [Normal]     | 96%    |   12.6ms | Adigeyi apaku...
[SELF-HELP/] | YouTube  | [Normal]     | 98%    |   14.9ms | I'll win the world cup...
[NEWS/LIVE ] | YouTube  | [Normal]     | 95%    |    7.0ms | Apparently IQ can drop twenty points due...
[PSYCHOLOGY] | YouTube  | [Normal]     | 96%    |    6.0ms | Did he made these up...
[GAMING/SUR] | YouTube  | [Normal]     | 88%    |    9.1ms | just go disintegrate a small 2x2...
[ENTERTAINM] | YouTube  | [Normal]     | 91%    |   13.5ms | yo jimmy...
[ENTERTAINM] | YouTube  | [Normal]     | 92%    |   20.0ms | low audio...
[ENTERTAINM] | YouTube  | [OFFENSIVE]  | 47%    |   20.0ms | jimmmyyy...
[ENTERTAINM] | YouTube  | [Normal]     | 95%    |   18.0ms | hii...
[NEWS/LIVE ] | YouTube  | [Normal]     | 93%    |   18.8ms | nice try pal...
[ENTERTAINM] | YouTube  | [Normal]     | 95%    |   14.0ms | Portugal vam9s...
[GAMING/GAM] | YouTube  | [Normal]     | 66%    |   18.6ms | for everyone who already saw iron lung  ...
[MUSIC/CHIL] | YouTube  | [Normal]     | 95%    |   14.5ms | g chepala...
[MUSIC/CHIL] | YouTube  | [Normal]     | 95%    |   16.0ms | Karma...
[ENTERTAINM] | YouTube  | [Normal]     | 97%    |   15.6ms | 10k pls...
[ENTERTAINM] | YouTube  | [Normal]     | 95%    |   12.0ms | Congratulations...
[ENTERTAINM] | YouTube  | [Normal]     | 96%    |    8.3ms | YOOIIII...
[ENTERTAINM] | YouTube  | [Normal]     | 98%    |   24.8ms | :hand-pink-waving::hand-pink-waving::han...
[ENTERTAINM] | YouTube  | [Normal]     | 96%    |    9.4ms | Hiiiiii...
[MUSIC/CHIL] | YouTube  | [Normal]     | 95%    |    7.0ms | oye!!!...
[ENTERTAINM] | YouTube  | [Normal]     | 95%    |    7.0ms | Hello Джимми...
[GAMING/GAM] | YouTube  | [Normal]     | 95%    |    7.0ms | Hiiii...
[GAMING/GAM] | YouTube  | [Normal]     | 96%    |    7.2ms | Hiiiiii...
[GAMING/GAM] | YouTube  | [Normal]     | 96%    |   18.0ms | hi mark!!!...
[GAMING/GAM] | YouTube  | [Normal]     | 97%    |   20.8ms | yay i love this game!!...
[ENTERTAINM] | YouTube  | [Normal]     | 94%    |   16.5ms | Hi...
[PSYCHOLOGY] | YouTube  | [Normal]     | 92%    |   23.5ms | storage is very expensive now...
[MUSIC/CHIL] | YouTube  | [Normal]     | 94%    |   20.3ms | reacg :face_with_tears_of_joy:...
[GAMING/GAM] | YouTube  | [Normal]     | 93%    |   10.6ms | W W W W W...
[MUSIC/CHIL] | YouTube  | [Normal]     | 98%    |    9.0ms | okay halinkan tc bye :smiling_face_with_...
[GAMING/GAM] | YouTube  | [Normal]     | 96%    |    8.0ms | hi!...
[PSYCHOLOGY] | YouTube  | [Normal]     | 97%    |   15.0ms | Dr. K needs a NAS...
[GAMING/GAM] | YouTube  | [Normal]     | 95%    |   13.6ms | hello...
[ENTERTAINM] | YouTube  | [Normal]     | 91%    |   14.6ms | w...
[GAMING/GAM] | YouTube  | [Normal]     | 94%    |   21.0ms | Yay mark!!!!!!!...
[GAMING/GAM] | YouTube  | [Normal]     | 95%    |   12.5ms | Is that the creator of the number one mo...
[ENTERTAINM] | YouTube  | [Normal]     | 93%    |   13.1ms | ineed a laptop...
[ENTERTAINM] | YouTube  | [Normal]     | 91%    |   13.5ms | yooooooooooo...
[ENTERTAINM] | YouTube  | [Normal]     | 96%    |   15.9ms | 500million congratulations brother...
[GAMING/GAM] | YouTube  | [Normal]     | 94%    |   13.6ms | YES!!!...
[ENTERTAINM] | YouTube  | [Normal]     | 93%    |   10.0ms | yes...
[ENTERTAINM] | YouTube  | [OFFENSIVE]  | 57%    |   14.0ms | letssss goooo...
[MUSIC/CHIL] | YouTube  | [Normal]     | 95%    |   10.0ms | @Tradexlav hi   how are you ? :backhand_...
[ENTERTAINM] | YouTube  | [Normal]     | 90%    |    8.5ms | india brother...
[GAMING/GAM] | YouTube  | [Normal]     | 97%    |   24.0ms | Mark  you are an incredible entertainer ...
[GAMING/GAM] | YouTube  | [Normal]     | 96%    |   23.4ms | im going to watch it for the 3rd time in...
[GAMING/GAM] | YouTube  | [Normal]     | 94%    |   24.0ms | Mark  question  I know you just finished...
[ENTERTAINM] | YouTube  | [Normal]     | 89%    |   14.0ms | Pinche prankedy...
[ENTERTAINM] | YouTube  | [Normal]     | 97%    |   14.5ms | Hiiiii...
[GAMING/GAM] | YouTube  | [Normal]     | 82%    |   16.5ms | Mr Lung...
[GAMING/SUR] | YouTube  | [Normal]     | 91%    |   25.0ms | Peanuts gonna make his whole team lose b...
[GAMING/GAM] | YouTube  | [Normal]     | 97%    |   12.8ms | I played the game today...
[GAMING/GAM] | YouTube  | [Normal]     | 96%    |    7.1ms | iron lung was amazing...
[GAMING/GAM] | YouTube  | [Normal]     | 78%    |    9.0ms | MARKKKK!!!!! CONGRATS!!!...
[GAMING/GAM] | YouTube  | [Normal]     | 93%    |    8.0ms | facts...
[GAMING/GAM] | YouTube  | [Normal]     | 87%    |   11.0ms | I wish I could see it  but I'm so proud ...
[ENTERTAINM] | YouTube  | [Normal]     | 94%    |   14.6ms | hi...
[MUSIC/CHIL] | YouTube  | [Normal]     | 62%    |   17.0ms | evadi deggeraaa...
[GAMING/GAM] | YouTube  | [Normal]     | 95%    |    9.5ms | AIRPLANE...
[GAMING/GAM] | YouTube  | [Normal]     | 97%    |    9.1ms | airplane!!!...
[GAMING/GAM] | YouTube  | [Normal]     | 91%    |   11.0ms | airplanee...
[GAMING/GAM] | YouTube  | [Normal]     | 93%    |   11.5ms | office...
[GAMING/GAM] | YouTube  | [Normal]     | 95%    |   10.0ms | Ranch...
[GAMING/GAM] | YouTube  | [Normal]     | 93%    |   10.0ms | lighthouse...
[ENTERTAINM] | YouTube  | [Normal]     | 95%    |   11.0ms | beta...
[MUSIC/CHIL] | YouTube  | [Normal]     | 96%    |   15.1ms | Na deggara 10 rupees unnai mall ki vella...
[ENTERTAINM] | YouTube  | [Normal]     | 90%    |   14.1ms | HELLOOOOOOOOOOOOOOOOOOOO...
[GAMING/SUR] | YouTube  | [Normal]     | 81%    |   12.0ms | THEN QUIT...
[GAMING/SUR] | YouTube  | [Normal]     | 95%    |   13.2ms | SLOTS...
[SPORTS/PEN] | YouTube  | [Normal]     | 92%    |   11.0ms | bros thanking the entire population...
[GAMING/GAM] | YouTube  | [Normal]     | 94%    |   13.0ms | air PLANNEEEEEEE...
[GAMING/GAM] | YouTube  | [Normal]     | 93%    |   10.0ms | lighthouse...
[GAMING/GAM] | YouTube  | [Normal]     | 96%    |   16.0ms | there's only lighthouse in my chat mark...
[ENTERTAINM] | YouTube  | [Normal]     | 97%    |   16.6ms | Congratulation:growing_heart: for reachi...
[ENTERTAINM] | YouTube  | [Normal]     | 98%    |   16.5ms | :rocket-red-countdown-liftoff::rocket-re...
[GAMING/GAM] | YouTube  | [Normal]     | 89%    |   10.0ms | hell yeah light is winning...
[GAMING/GAM] | YouTube  | [Normal]     | 95%    |   13.6ms | Hi from Canada!...
[ENTERTAINM] | YouTube  | [Normal]     | 94%    |   11.0ms | nice...
[ENTERTAINM] | YouTube  | [Normal]     | 96%    |   13.5ms | i love Mr beast...
[ENTERTAINM] | YouTube  | [Normal]     | 89%    |   12.5ms | what is your real name...
[GAMING/SUR] | YouTube  | [Normal]     | 49%    |   13.0ms | You guys are terrible gamblers lol...
[GAMING/GAM] | YouTube  | [Normal]     | 96%    |   15.5ms | its like watching your movie and ramis l...
[GAMING/GAM] | YouTube  | [Normal]     | 97%    |   18.0ms | MARK PLAY ON AIRPLNE AND MY LIFE IS YOUR...
[ENTERTAINM] | YouTube  | [Normal]     | 92%    |   10.0ms | THE:goat-turquoise-white-horns:...
[GAMING/GAM] | YouTube  | [Normal]     | 93%    |    8.0ms | BRAZIL PLEASE...
[ENTERTAINM] | YouTube  | [Normal]     | 93%    |    7.6ms | oh my god...
[GAMING/GAM] | YouTube  | [Normal]     | 97%    |    8.0ms | I saw it yesterday  and it was awesome! ...
[GAMING/SUR] | YouTube  | [Normal]     | 87%    |    9.0ms | someone get this man a card...
[ENTERTAINM] | YouTube  | [Normal]     | 94%    |   13.8ms | 1...
[GAMING/SUR] | YouTube  | [Normal]     | 88%    |   11.4ms | BRO STOOD ON A 12 WTF HOW DOES PEANUT GA...
[GAMING/SUR] | YouTube  | [Normal]     | 87%    |    9.0ms | NO...
[GAMING/SUR] | YouTube  | [Normal]     | 62%    |   19.0ms | YOU WOULD BUST ON 18 THATS WHY...
[NEWS/LIVE ] | YouTube  | [Normal]     | 85%    |   13.6ms | Luigi we need you there are a lot of vil...
[GAMING/GAM] | YouTube  | [Normal]     | 88%    |   15.1ms | YOOOOOOOOOOOOOOO...
[GAMING/GAM] | YouTube  | [Normal]     | 98%    |   10.0ms | aeroplane :airplane_departure::airplane:...
[ENTERTAINM] | YouTube  | [Normal]     | 95%    |   18.4ms | Hii...
[GAMING/GAM] | YouTube  | [Normal]     | 92%    |   16.7ms | Play Paranormal Inc and maybe collaborat...
[ENTERTAINM] | YouTube  | [Normal]     | 94%    |    9.0ms | 1...
[NEWS/LIVE ] | YouTube  | [Normal]     | 89%    |    7.0ms | No  Luigi is in jail lol...
[ENTERTAINM] | YouTube  | [Normal]     | 94%    |   10.0ms | 1...
[GAMING/GAM] | YouTube  | [Normal]     | 95%    |   11.1ms | watched the movie twice! want to see it ...
[GAMING/SUR] | YouTube  | [Normal]     | 95%    |    9.0ms | HIT...
[GAMING/GAM] | YouTube  | [Normal]     | 94%    |   19.1ms | Italy no?:crying_face:...
[MUSIC/CHIL] | YouTube  | [Normal]     | 96%    |   13.5ms | Sab Mera hi gf hai...
[GAMING/GAM] | YouTube  | [Normal]     | 93%    |   10.0ms | I cant wait to see IRON LUNG!!! : D...
[ENTERTAINM] | YouTube  | [Normal]     | 94%    |   11.5ms | hi...
[GAMING/SUR] | YouTube  | [Normal]     | 95%    |   12.0ms | 500...
[GAMING/GAM] | YouTube  | [OFFENSIVE]  | 57%    |   21.0ms | THE FAULT LIES WITTH YOU  SEND HELP!!!...
[GAMING/GAM] | YouTube  | [Normal]     | 97%    |   20.6ms | when do we get the dates for portugal?...
[GAMING/SUR] | YouTube  | [Normal]     | 84%    |   18.0ms | rigged...
[GAMING/SUR] | YouTube  | [Normal]     | 64%    |   16.0ms | kids  don't gamble...
[ENTERTAINM] | YouTube  | [Normal]     | 95%    |   10.0ms | pls give me a fortuner...
[GAMING/GAM] | YouTube  | [Normal]     | 96%    |   37.0ms | go to the movie  it is sooo good and is ...
[GAMING/SUR] | YouTube  | [Normal]     | 96%    |   15.0ms | mAXXXXXXXXX...
[GAMING/GAM] | YouTube  | [Normal]     | 94%    |   10.0ms | Hey Mark...
[GAMING/GAM] | YouTube  | [Normal]     | 97%    |   17.1ms | Iron Lung was amazing dude  great work m...
[ENTERTAINM] | YouTube  | [Normal]     | 94%    |   11.4ms | Ghana...
[GAMING/GAM] | YouTube  | [Normal]     | 92%    |    8.6ms | I had the issue with the sound. :disappo...
[GAMING/GAM] | YouTube  | [Normal]     | 98%    |   11.5ms | :fish-orange-wide-eyes:...
[MUSIC/CHIL] | YouTube  | [Normal]     | 98%    |   14.4ms | :smiling_face_with_halo::green_heart::he...
[GAMING/SUR] | YouTube  | [Normal]     | 95%    |   13.0ms | did no neck Nick and toupee Tim uninstal...
[ENTERTAINM] | YouTube  | [Normal]     | 94%    |    9.5ms | me im from Bangladesh...
[GAMING/GAM] | YouTube  | [Normal]     | 94%    |   11.0ms | that makes a lot of sense; I was wonderi...
[GAMING/GAM] | YouTube  | [Normal]     | 94%    |    9.5ms | I think Lighthouse has won...
[ENTERTAINM] | YouTube  | [Normal]     | 96%    |    6.0ms | subcribe!...
[GAMING/GAM] | YouTube  | [Normal]     | 97%    |    7.0ms | We saw your movie last weekend! All the ...
[GAMING/GAM] | YouTube  | [Normal]     | 80%    |    8.0ms | yas brad...
[GAMING/GAM] | YouTube  | [Normal]     | 97%    |   16.6ms | We should be getting the 7.1 version on ...
[ENTERTAINM] | YouTube  | [Normal]     | 93%    |   10.0ms | hello mr beast...
[ENTERTAINM] | YouTube  | [Normal]     | 93%    |    9.0ms | watch your 200M video🇧...
[GAMING/SUR] | YouTube  | [Normal]     | 89%    |   13.1ms | peanut you are no longer allowed to make...
[ENTERTAINM] | YouTube  | [Normal]     | 96%    |   13.0ms | First video...
[GAMING/GAM] | YouTube  | [OFFENSIVE]  | 44%    |   17.1ms | Airplane ganggggg...
[GAMING/GAM] | YouTube  | [Normal]     | 92%    |   21.5ms | PICK AIRPLAIN GUYS TIE IT UP TIE THE VOT...
[GAMING/SUR] | YouTube  | [Normal]     | 97%    |   16.0ms | RAHHHHH ARC ARC ARC...
[GAMING/GAM] | YouTube  | [Normal]     | 91%    |    9.0ms | LOCK IN AIRPLANE...
[ENTERTAINM] | YouTube  | [Normal]     | 97%    |   11.0ms | hi bro :hugging_face:...
[GAMING/SUR] | YouTube  | [Normal]     | 97%    |   11.0ms | LOL H2o is there!...
[MUSIC/CHIL] | YouTube  | [Normal]     | 98%    |   29.5ms | :person-turqouise-waving::person-turqoui...
[ENTERTAINM] | YouTube  | [Normal]     | 89%    |   18.0ms | helo...
[ENTERTAINM] | YouTube  | [Normal]     | 97%    |   19.0ms | 69 hours live :loudly_crying_face:...
[GAMING/GAM] | YouTube  | [Normal]     | 57%    |   10.5ms | I hope i can see the movie sometime! it ...
[GAMING/GAM] | YouTube  | [Normal]     | 95%    |    9.0ms | Airplane...
[ENTERTAINM] | YouTube  | [Normal]     | 95%    |    9.5ms | mahahaha...
[GAMING/GAM] | YouTube  | [Normal]     | 96%    |   18.0ms | I think my theater had some issues with ...
[GAMING/SUR] | YouTube  | [Normal]     | 96%    |    8.7ms | arc...
[GAMING/GAM] | YouTube  | [Normal]     | 95%    |   12.0ms | Hey guys let’s keep the comments on topi...
[GAMING/SUR] | YouTube  | [Normal]     | 94%    |   12.6ms | Ask h20 for it...
[NEWS/LIVE ] | YouTube  | [Normal]     | 43%    |   25.3ms | They want blood from us who aren't vaxxe...
[ENTERTAINM] | YouTube  | [Normal]     | 95%    |   15.1ms | Hello...
[GAMING/GAM] | YouTube  | [Normal]     | 98%    |   15.0ms | :trophy-yellow-smiling:...
[ENTERTAINM] | YouTube  | [Normal]     | 96%    |   11.5ms | Giveaways please...
[ENTERTAINM] | YouTube  | [Normal]     | 74%    |    9.0ms | Gooo...
[ENTERTAINM] | YouTube  | [Normal]     | 94%    |    8.6ms | hi Mr beast...
[ENTERTAINM] | YouTube  | [Normal]     | 97%    |    8.0ms | Welcome New Member!...
[GAMING/SUR] | YouTube  | [Normal]     | 91%    |    7.6ms | by the gods!!!...
[GAMING/GAM] | YouTube  | [Normal]     | 94%    |   15.0ms | #1 #1 #1...
[PSYCHOLOGY] | YouTube  | [Normal]     | 96%    |   17.5ms | :loudly_crying_face: gurus...
[GAMING/GAM] | YouTube  | [Normal]     | 93%    |   15.6ms | LIGHTHOUSE...
[ENTERTAINM] | YouTube  | [Normal]     | 94%    |   11.5ms | hey jimmy congratulation for 500M subscr...
[GAMING/GAM] | YouTube  | [Normal]     | 90%    |   12.3ms | YESSSS...
[GAMING/GAM] | YouTube  | [Normal]     | 94%    |   14.6ms | Rip...
[ENTERTAINM] | YouTube  | [Normal]     | 96%    |   32.5ms | :cowboy_hat_face::cowboy_hat_face::cowbo...
[GAMING/GAM] | YouTube  | [Normal]     | 96%    |   16.5ms | GOOD LUCK!!!!!!!!...
[GAMING/GAM] | YouTube  | [Normal]     | 89%    |   14.8ms | chicken head Mark returns...
[ENTERTAINM] | YouTube  | [Normal]     | 96%    |   18.7ms | чат остановись...
[GAMING/GAM] | YouTube  | [Normal]     | 96%    |   18.1ms | i cant help but to think how a movie wit...
[ENTERTAINM] | YouTube  | [Normal]     | 93%    |   11.6ms | omg...
[GAMING/GAM] | YouTube  | [Normal]     | 79%    |   13.1ms | spooky...
[GAMING/GAM] | YouTube  | [Normal]     | 97%    |   18.0ms | Going to Tupelo!...
[ENTERTAINM] | YouTube  | [Normal]     | 97%    |   28.7ms | :orange_square::orange_square::orange_sq...
[ENTERTAINM] | YouTube  | [Normal]     | 97%    |   12.6ms | 10 000 dollar gift...
[GAMING/GAM] | YouTube  | [Normal]     | 87%    |   19.6ms | markiplier pls do a dvd release of iron ...
[GAMING/SUR] | YouTube  | [OFFENSIVE]  | 71%    |   14.1ms | best shit ive ever seen...
[SPORTS/FOO] | YouTube  | [Normal]     | 92%    |   13.5ms | Japan is the winner...
[GAMING/SUR] | YouTube  | [Normal]     | 73%    |   12.6ms | ADDICTION...
[GAMING/GAM] | YouTube  | [Normal]     | 94%    |   15.5ms | Sir please gloat you earned it...
[NEWS/LIVE ] | YouTube  | [Normal]     | 87%    |   14.7ms | who is not shutting down splc right now...
[ENTERTAINM] | YouTube  | [Normal]     | 96%    |   11.1ms | hlw...
[GAMING/GAM] | YouTube  | [Normal]     | 97%    |    8.6ms | oh he did misspell the title:face_with_t...
[ENTERTAINM] | YouTube  | [Normal]     | 94%    |    8.4ms | Carl...
[GAMING/SUR] | YouTube  | [Normal]     | 93%    |    9.6ms | rofl...
[ENTERTAINM] | YouTube  | [Normal]     | 95%    |    6.5ms | hello...
[GAMING/GAM] | YouTube  | [Normal]     | 96%    |    6.0ms | make Presentable Liberty the Movie. 2 ho...
[GAMING/SUR] | YouTube  | [Normal]     | 69%    |    7.1ms | YOU'RE SO BAD LMAOOO...
[GAMING/SUR] | YouTube  | [Normal]     | 97%    |    7.0ms | Recycle?...
[GAMING/SUR] | YouTube  | [Normal]     | 97%    |   16.6ms | H20  stackswapo and peanut will forever ...
[ENTERTAINM] | YouTube  | [Normal]     | 97%    |   11.3ms | Welcome New Member!...
[ENTERTAINM] | YouTube  | [Normal]     | 96%    |   17.0ms | I subscribed to you since 2020...
[GAMING/GAM] | YouTube  | [Normal]     | 97%    |   18.1ms | obversation lmao...
[GAMING/GAM] | YouTube  | [Normal]     | 97%    |    8.0ms | I recommend White Bat Audios royalty fre...
[GAMING/SUR] | YouTube  | [Normal]     | 96%    |    8.5ms | Professional??...
[GAMING/GAM] | YouTube  | [Normal]     | 95%    |   10.5ms | MARK...
[GAMING/GAM] | YouTube  | [Normal]     | 47%    |    8.0ms | you goofed it mark...
[ENTERTAINM] | YouTube  | [Normal]     | 95%    |   10.5ms | said hi...
[ENTERTAINM] | YouTube  | [Normal]     | 92%    |    8.0ms | Hhubu...
[GAMING/GAM] | YouTube  | [Normal]     | 83%    |   12.8ms | mark are you going to play mewgenics...
[ENTERTAINM] | YouTube  | [Normal]     | 95%    |   10.0ms | Bangladesh...
[GAMING/GAM] | YouTube  | [Normal]     | 95%    |   10.2ms | obversation duty...
[GAMING/SUR] | YouTube  | [Normal]     | 96%    |    8.6ms | lol...
[ENTERTAINM] | YouTube  | [Normal]     | 91%    |    8.0ms | me...
[GAMING/SUR] | YouTube  | [Normal]     | 96%    |    8.0ms | 4 CARD 21????????????????????...
[GAMING/SUR] | YouTube  | [Normal]     | 97%    |    9.0ms | :face_with_tears_of_joy::face_with_tears...
[GAMING/GAM] | YouTube  | [Normal]     | 84%    |   11.0ms | IRON LUNG GO WATCH IT!...
[GAMING/SUR] | YouTube  | [Normal]     | 79%    |   20.0ms | LEAVE AND NEVER COME BACK...
[ENTERTAINM] | YouTube  | [Normal]     | 91%    |   16.6ms | MEEE...
[GAMING/SUR] | YouTube  | [Normal]     | 86%    |   16.6ms | ITS SO RIGGED...
[ENTERTAINM] | YouTube  | [Normal]     | 96%    |   12.0ms | 500 million soon...
[GAMING/GAM] | YouTube  | [Normal]     | 95%    |   13.5ms | wait mark the title is misspelled...
[GAMING/GAM] | YouTube  | [Normal]     | 85%    |   14.1ms | THE TITLE IS WEIRD...
[GAMING/SUR] | YouTube  | [HATE]       | 84%    |   18.0ms | should have hit the slots...
[PSYCHOLOGY] | YouTube  | [Normal]     | 91%    |   12.5ms | animals...
[GAMING/GAM] | YouTube  | [Normal]     | 96%    |   11.0ms | im your biggest fan -jackson age 6...
[GAMING/GAM] | YouTube  | [Normal]     | 97%    |    9.6ms | was that door always open???...
[GAMING/SUR] | YouTube  | [Normal]     | 94%    |   11.0ms | It’s a different dealer everytime!!...
[GAMING/GAM] | YouTube  | [Normal]     | 74%    |   14.6ms | Went to see Iron Lung yesterday. Pretty ...
[GAMING/GAM] | YouTube  | [Normal]     | 85%    |   14.0ms | NOOOOO...
[GAMING/GAM] | YouTube  | [Normal]     | 95%    |   14.0ms | Obversation...
[GAMING/GAM] | YouTube  | [Normal]     | 95%    |   13.0ms | NOT EXACT SPELLINGS!...
[GAMING/GAM] | YouTube  | [Normal]     | 97%    |    9.5ms | Image anomaly in the stairwell?...
[ENTERTAINM] | YouTube  | [Normal]     | 97%    |   16.0ms | :face-purple-crying::face-purple-crying:...
[GAMING/GAM] | YouTube  | [Normal]     | 84%    |   11.0ms | im surprised its an accidental mispellin...
[MUSIC/CHIL] | YouTube  | [Normal]     | 97%    |    9.0ms | :spoon:GL song...
[GAMING/GAM] | YouTube  | [Normal]     | 96%    |   12.0ms | I just got here what I miss...
[ENTERTAINM] | YouTube  | [Normal]     | 95%    |   19.6ms | sir mujhe dollar chahie...
[ENTERTAINM] | YouTube  | [Normal]     | 93%    |   18.1ms | hello mrbeast...
[ENTERTAINM] | YouTube  | [Normal]     | 96%    |    9.0ms | :red_heart:...
[GAMING/GAM] | YouTube  | [Normal]     | 86%    |   17.6ms | I don't like the look of this place...
[GAMING/SUR] | YouTube  | [OFFENSIVE]  | 59%    |   18.0ms | Peanut is a fiend!!!!...
[GAMING/GAM] | YouTube  | [Normal]     | 96%    |   17.6ms | obvervation dutie is great...
[GAMING/GAM] | YouTube  | [Normal]     | 95%    |   11.3ms | ohohoho I win the lighthouse...
[GAMING/SUR] | YouTube  | [Normal]     | 91%    |   15.8ms | watch it happen...
[GAMING/GAM] | YouTube  | [Normal]     | 94%    |    9.6ms | extra!!!!!...
[MUSIC/CHIL] | YouTube  | [Normal]     | 89%    |    8.0ms | hoy sábado...
[GAMING/GAM] | YouTube  | [Normal]     | 90%    |    7.6ms | MARK IM SEEING IRON LUNG TMR (southwest ...
[GAMING/GAM] | YouTube  | [Normal]     | 95%    |   19.8ms | It's the bucket at the top of the lighth...
[GAMING/GAM] | YouTube  | [Normal]     | 97%    |   13.0ms | Observation xD...
[SELF-HELP/] | YouTube  | [Normal]     | 92%    |    7.1ms | I just feel happy for them  honestly. Bu...
[GAMING/GAM] | YouTube  | [Normal]     | 97%    |    7.4ms | Welcome to Member!...
[ENTERTAINM] | YouTube  | [Normal]     | 96%    |    8.5ms | NAME AN ANIME CHARACTER FOR EDITOR...
[GAMING/GAM] | YouTube  | [Normal]     | 55%    |   13.0ms | it got briter...
[ENTERTAINM] | YouTube  | [Normal]     | 97%    |    9.6ms | :red_heart::red_heart:...
[GAMING/GAM] | YouTube  | [Normal]     | 92%    |   12.6ms | It’s fine I spell wrong too...
[ENTERTAINM] | YouTube  | [Normal]     | 95%    |    8.0ms | yooo...
[GAMING/SUR] | YouTube  | [OFFENSIVE]  | 94%    |    9.8ms | I’m about to shit myself because of how ...
[ENTERTAINM] | YouTube  | [Normal]     | 96%    |    7.0ms | 500 million...
[GAMING/GAM] | YouTube  | [Normal]     | 97%    |   13.5ms | I saw the iron lung in theaters with sib...
[ENTERTAINM] | YouTube  | [Normal]     | 90%    |   13.0ms | hey mrbeast...
[ENTERTAINM] | YouTube  | [Normal]     | 95%    |   17.6ms | hiiii...
[GAMING/GAM] | YouTube  | [Normal]     | 95%    |   16.6ms | water anomaly on the top?...
[GAMING/SUR] | YouTube  | [Normal]     | 94%    |   16.0ms | you can take peanut out of the pirate ga...
[GAMING/GAM] | YouTube  | [Normal]     | 97%    |   19.6ms | Mark the stairs at the bottom!...
[ENTERTAINM] | YouTube  | [Normal]     | 92%    |   11.8ms | yes me...
[GAMING/SUR] | YouTube  | [Normal]     | 60%    |   14.1ms | Stealing the bathrobes...
[GAMING/GAM] | YouTube  | [Normal]     | 95%    |   12.9ms | NUMBER 1...
[ENTERTAINM] | YouTube  | [Normal]     | 94%    |   12.9ms | 6...
[GAMING/GAM] | YouTube  | [Normal]     | 90%    |   13.0ms | ignore everyone in chat...
[GAMING/GAM] | YouTube  | [Normal]     | 97%    |   14.5ms | @markiplier there is a red objekt on the...
[GAMING/GAM] | YouTube  | [Normal]     | 92%    |   13.0ms | MISSING MOUSETRAPP...
[GAMING/GAM] | YouTube  | [Normal]     | 97%    |   16.7ms | IT'S BEEN THERE...
[ENTERTAINM] | YouTube  | [Normal]     | 94%    |   13.0ms | 5...
[GAMING/GAM] | YouTube  | [Normal]     | 87%    |   13.0ms | Lock in...
[GAMING/GAM] | YouTube  | [OFFENSIVE]  | 70%    |    8.0ms | the bedddddddd...
[ENTERTAINM] | YouTube  | [Normal]     | 94%    |    9.0ms | 2...
[MUSIC/CHIL] | YouTube  | [Normal]     | 96%    |   13.1ms | Jaitsii IPO to lagte hi n h mere to ek b...
[ENTERTAINM] | YouTube  | [Normal]     | 91%    |   10.7ms | rock...
[ENTERTAINM] | YouTube  | [Normal]     | 94%    |   13.0ms | Nepal...
[ENTERTAINM] | YouTube  | [Normal]     | 90%    |   28.4ms | :stayhome::stayhome::stayhome::stayhome:...
[GAMING/GAM] | YouTube  | [Normal]     | 97%    |    9.0ms | MARK THE BASEMENT STAIRS...
[GAMING/GAM] | YouTube  | [Normal]     | 89%    |    8.6ms | WE TOLD YOU...
[MUSIC/CHIL] | YouTube  | [Normal]     | 98%    |   14.0ms | J :helicopter::dashing_away::dashing_awa...
[GAMING/GAM] | YouTube  | [Normal]     | 91%    |   10.0ms | With Eyes...
[ENTERTAINM] | YouTube  | [Normal]     | 97%    |    9.5ms | Hello from  INDIA...
[GAMING/GAM] | YouTube  | [Normal]     | 97%    |   10.0ms | Lantern moved...
[PSYCHOLOGY] | YouTube  | [Normal]     | 96%    |   18.7ms | i think i low-key used to lookmaxx b4 it...
[GAMING/GAM] | YouTube  | [Normal]     | 93%    |    8.6ms | Oh my God...
[GAMING/GAM] | YouTube  | [Normal]     | 96%    |   17.0ms | wait- lighthouse and iron lung cross ove...
[GAMING/GAM] | YouTube  | [Normal]     | 95%    |   17.0ms | Iron lung sounded perfect at our theater...
[SELF-HELP/] | YouTube  | [Normal]     | 96%    |   17.0ms | Luckily I don't think I've ever felt thi...
[GAMING/GAM] | YouTube  | [Normal]     | 94%    |   19.0ms | Dam y’all good...
[ENTERTAINM] | YouTube  | [Normal]     | 96%    |   19.1ms | :pleading_face:...
[GAMING/SUR] | YouTube  | [Normal]     | 90%    |   13.2ms | playing rust let's goo...
[ENTERTAINM] | YouTube  | [Normal]     | 95%    |    9.3ms | yeaaaaaaaaaa...
[GAMING/GAM] | YouTube  | [Normal]     | 96%    |    9.0ms | saw iron lung last night! love from east...
[ENTERTAINM] | YouTube  | [Normal]     | 98%    |   13.0ms | congratulations bro :clapping_hands::cla...
[ENTERTAINM] | YouTube  | [Normal]     | 95%    |   15.6ms | Olm anlamadım...
[ENTERTAINM] | YouTube  | [Normal]     | 97%    |   10.0ms | 500m...
[GAMING/GAM] | YouTube  | [Normal]     | 92%    |   11.6ms | bed...
[GAMING/GAM] | YouTube  | [Normal]     | 97%    |    9.5ms | observation deck...
[ENTERTAINM] | YouTube  | [Normal]     | 97%    |   12.0ms | :soccer_ball::cricket_game::soccer_ball:...
[GAMING/GAM] | YouTube  | [Normal]     | 98%    |    7.5ms | The colorful cones in the corner there w...
[GAMING/GAM] | YouTube  | [Normal]     | 95%    |    9.0ms | PIER MISSING POLE RIGHT...
[ENTERTAINM] | YouTube  | [Normal]     | 94%    |   12.5ms | @MrBeast Mr. Beast  when are you coming ...
[ENTERTAINM] | YouTube  | [Normal]     | 97%    |   19.0ms | Hallo sir I am alok kumar and I am from ...
[GAMING/GAM] | YouTube  | [Normal]     | 96%    |   18.0ms | the railing?...
[ENTERTAINM] | YouTube  | [Normal]     | 95%    |   16.1ms | congratulations...
[SELF-HELP/] | YouTube  | [Normal]     | 77%    |   14.0ms | I only hate myself though doctor....
[GAMING/GAM] | YouTube  | [Normal]     | 84%    |   11.6ms | NOOO...
[GAMING/GAM] | YouTube  | [Normal]     | 96%    |   11.6ms | yo mark the movie was awesome...
[GAMING/GAM] | YouTube  | [Normal]     | 94%    |   10.0ms | the gasp I gusped when I saw OD streamin...
[GAMING/GAM] | YouTube  | [Normal]     | 96%    |   13.6ms | Extra bottle outside...
[ENTERTAINM] | YouTube  | [Normal]     | 97%    |   19.5ms | hello :waving_hand:...
[GAMING/GAM] | YouTube  | [Normal]     | 97%    |   16.0ms | the grate on the lighthouse at the top. ...
[GAMING/GAM] | YouTube  | [Normal]     | 94%    |   10.6ms | iron lung in romania?...
[GAMING/GAM] | YouTube  | [Normal]     | 95%    |   10.0ms | WATER IN THE PO...
[ENTERTAINM] | YouTube  | [Normal]     | 95%    |   15.6ms | bye mrbeast its 10 pm in here i lived in...
[PSYCHOLOGY] | YouTube  | [Normal]     | 93%    |   14.0ms | Holy coping...
[NEWS/LIVE ] | YouTube  | [Normal]     | 86%    |   15.6ms | Argentina por favor jogue o melhor futeb...
[GAMING/GAM] | YouTube  | [Normal]     | 94%    |   10.0ms | yess...
[GAMING/GAM] | YouTube  | [Normal]     | 93%    |   13.1ms | daamn...
[SELF-HELP/] | YouTube  | [Normal]     | 97%    |   11.5ms | wow over grass?...
[GAMING/GAM] | YouTube  | [Normal]     | 91%    |    8.0ms | w...
[ENTERTAINM] | YouTube  | [Normal]     | 97%    |    9.6ms | wbu mrbeast...
[ENTERTAINM] | YouTube  | [Normal]     | 94%    |    8.2ms | 1...
[ENTERTAINM] | YouTube  | [Normal]     | 94%    |    8.6ms | হাই...
[GAMING/GAM] | YouTube  | [Normal]     | 90%    |    7.0ms | it's not clocking to you...
[ENTERTAINM] | YouTube  | [Normal]     | 94%    |    9.0ms | 1...
[ENTERTAINM] | YouTube  | [Normal]     | 94%    |   10.1ms | 2...
[ENTERTAINM] | YouTube  | [Normal]     | 93%    |   10.0ms | hiuiui...
[GAMING/SUR] | YouTube  | [Normal]     | 87%    |    8.0ms | No...
[GAMING/SUR] | YouTube  | [Normal]     | 96%    |   24.0ms | get wiljum on trust...
[GAMING/GAM] | YouTube  | [Normal]     | 97%    |   20.4ms | STAIRWELL RIGHTMOST RAILING MOVED...
[GAMING/GAM] | YouTube  | [Normal]     | 94%    |   17.5ms | missing room?...
[GAMING/SUR] | YouTube  | [Normal]     | 84%    |   19.0ms | north is only for solar...
[GAMING/SUR] | YouTube  | [Normal]     | 85%    |    7.0ms | nooooo...
[ENTERTAINM] | YouTube  | [Normal]     | 95%    |   10.6ms | 111111111...
[GAMING/SUR] | YouTube  | [Normal]     | 95%    |   12.5ms | higher...
[GAMING/SUR] | YouTube  | [Normal]     | 87%    |   10.5ms | No...
[SELF-HELP/] | YouTube  | [Normal]     | 97%    |    8.0ms | i love your videos...
[GAMING/SUR] | YouTube  | [Normal]     | 96%    |    9.0ms | Higher is better. direction doesn’t matt...
[GAMING/GAM] | YouTube  | [Normal]     | 97%    |   11.5ms | Oh Mark!! Hii...
[GAMING/GAM] | YouTube  | [Normal]     | 97%    |   12.7ms | truly this is the observation of all tim...
[ENTERTAINM] | YouTube  | [Normal]     | 93%    |   18.9ms | *DAY 1 OF ASKING MR BEAST TO GIVE ME A S...
[GAMING/GAM] | YouTube  | [Normal]     | 93%    |    9.0ms | extra railing...
[GAMING/SUR] | YouTube  | [Normal]     | 78%    |   14.4ms | u need it hihger omg...
[ENTERTAINM] | YouTube  | [Normal]     | 94%    |   11.5ms | 1...
[ENTERTAINM] | YouTube  | [OFFENSIVE]  | 47%    |   11.6ms | lets goooo...
[GAMING/GAM] | YouTube  | [Normal]     | 92%    |   13.0ms | THE STAIRS...
[ENTERTAINM] | YouTube  | [Normal]     | 95%    |   10.0ms | congratulations...
[GAMING/GAM] | YouTube  | [Normal]     | 94%    |   13.0ms | Do hard mode...
[GAMING/SUR] | YouTube  | [Normal]     | 94%    |   16.2ms | now look at the windmill LOL...
[ENTERTAINM] | YouTube  | [Normal]     | 95%    |   11.5ms | you love Indonesia...
[GAMING/GAM] | YouTube  | [Normal]     | 95%    |   11.1ms | L NOOB...
[GAMING/GAM] | YouTube  | [Normal]     | 91%    |   11.0ms | Noob...
[SELF-HELP/] | YouTube  | [Normal]     | 95%    |   16.1ms | Universe let my nervous system get shred...
[GAMING/GAM] | YouTube  | [Normal]     | 97%    |   17.1ms | lantern moved  rail position moved lol...
[GAMING/GAM] | YouTube  | [Normal]     | 95%    |   14.2ms | obversation...
[GAMING/GAM] | YouTube  | [Normal]     | 97%    |   16.2ms | it's perfectly fine...
[ENTERTAINM] | YouTube  | [Normal]     | 93%    |   14.1ms | chat is not honest...
[ENTERTAINM] | YouTube  | [Normal]     | 94%    |   13.1ms | hi...
[GAMING/GAM] | YouTube  | [Normal]     | 94%    |   11.4ms | ok...
[GAMING/GAM] | YouTube  | [Normal]     | 92%    |   14.3ms | opbject manipulation in tittle...
[GAMING/GAM] | YouTube  | [Normal]     | 95%    |   10.5ms | as a librarian I stand behind you lol...
[SELF-HELP/] | YouTube  | [Normal]     | 97%    |   12.0ms | ENERGYYYY. It's ALL energy!...
[ENTERTAINM] | YouTube  | [Normal]     | 95%    |   13.4ms | Hiii...
[ENTERTAINM] | YouTube  | [Normal]     | 97%    |   17.6ms | vino ok...
[ENTERTAINM] | YouTube  | [Normal]     | 94%    |   12.5ms | hi...
[ENTERTAINM] | YouTube  | [Normal]     | 96%    |   23.6ms | :check_mark_button::check_mark_button::c...
[GAMING/GAM] | YouTube  | [Normal]     | 89%    |   13.1ms | Nah you right...
[GAMING/GAM] | YouTube  | [Normal]     | 93%    |   12.0ms | hello everybody my name is obversation...
[GAMING/GAM] | YouTube  | [Normal]     | 97%    |   24.1ms | love the movie mark...
[ENTERTAINM] | YouTube  | [Normal]     | 94%    |   14.4ms | hi...
[ENTERTAINM] | YouTube  | [Normal]     | 77%    |   15.7ms | yo beast whats good...
[GAMING/GAM] | YouTube  | [Normal]     | 95%    |   13.1ms | Swaooing the S and V xd...
[PSYCHOLOGY] | YouTube  | [Normal]     | 96%    |   13.8ms | yea...
[GAMING/GAM] | YouTube  | [Normal]     | 93%    |   15.9ms | Keep it Obversation duty and just say yo...
[ENTERTAINM] | YouTube  | [Normal]     | 97%    |   10.1ms | Love from Texas...
[GAMING/GAM] | YouTube  | [Normal]     | 94%    |   15.4ms | This makes you wonder how many type-o's ...
[ENTERTAINM] | YouTube  | [Normal]     | 95%    |   11.2ms | wow...
[GAMING/GAM] | YouTube  | [Normal]     | 97%    |   17.3ms | OBVERSATION DUTY :fire::fire::fire:...
[ENTERTAINM] | YouTube  | [Normal]     | 94%    |    7.8ms | SO OLD BUT GOLD...
[GAMING/GAM] | YouTube  | [Normal]     | 45%    |   14.0ms | YIPPEEE...
[GAMING/GAM] | YouTube  | [Normal]     | 90%    |   11.5ms | heck yeah !!!...
[GAMING/GAM] | YouTube  | [Normal]     | 97%    |    9.8ms | HOORAYY...
[GAMING/GAM] | YouTube  | [Normal]     | 52%    |    8.1ms | hell yeah...
[SELF-HELP/] | YouTube  | [Normal]     | 89%    |   10.7ms | How do I know it's not my adhd telling m...
[MUSIC/CHIL] | YouTube  | [Normal]     | 93%    |    6.0ms | buci...
[SELF-HELP/] | YouTube  | [Normal]     | 60%    |    9.5ms | I hate Putin  not cuz I envy him  cuz I ...
[GAMING/GAM] | YouTube  | [Normal]     | 95%    |   10.2ms | YAY...
[ENTERTAINM] | YouTube  | [Normal]     | 95%    |   17.0ms | gift me car...
[PSYCHOLOGY] | YouTube  | [Normal]     | 97%    |   24.6ms | @corvulge lmfao i miss captions. i wish ...
[ENTERTAINM] | YouTube  | [Normal]     | 96%    |   26.1ms | кто из русских...
[GAMING/SUR] | YouTube  | [Normal]     | 81%    |   15.0ms | so bad...
[GAMING/GAM] | YouTube  | [Normal]     | 97%    |   14.0ms | basement barrell...
[GAMING/GAM] | YouTube  | [Normal]     | 96%    |   14.8ms | IRON LING FOR MOVER OF THE YEAR!!!!...
[GAMING/GAM] | YouTube  | [Normal]     | 82%    |   12.0ms | yes they did...
[ENTERTAINM] | YouTube  | [Normal]     | 95%    |   13.0ms | 667...
[ENTERTAINM] | YouTube  | [Normal]     | 91%    |    8.6ms | hey...
[ENTERTAINM] | YouTube  | [Normal]     | 95%    |    8.0ms | MR BEAST WORLD CUP...
[GAMING/GAM] | YouTube  | [Normal]     | 87%    |    8.6ms | i wanna watch iron lung SOOOOO bad icl...
[GAMING/GAM] | YouTube  | [Normal]     | 77%    |   10.0ms | You polling bro!?!...
[PSYCHOLOGY] | YouTube  | [Normal]     | 93%    |    8.0ms | is VPN a need...
[GAMING/GAM] | YouTube  | [Normal]     | 95%    |   10.0ms | LIGHTHOUSE TOP HAS A WEIRD CIRCLE SYMBOL...
[ENTERTAINM] | YouTube  | [Normal]     | 91%    |    7.0ms | Hey mr beast can u help me I’m from Indi...
[GAMING/GAM] | YouTube  | [Normal]     | 94%    |   11.4ms | this doesn't look like Silent Hill F :th...
[ENTERTAINM] | YouTube  | [Normal]     | 95%    |    9.0ms | hello...
[GAMING/GAM] | YouTube  | [Normal]     | 92%    |   18.5ms | I’m seeing iron lung in 2 hours. Mark yo...
[MUSIC/CHIL] | YouTube  | [Normal]     | 96%    |   13.9ms | Ohh :anguished_face: is she doc Prasa :l...
[SELF-HELP/] | YouTube  | [Normal]     | 97%    |   10.0ms | I could see this for people you don't kn...
[GAMING/GAM] | YouTube  | [Normal]     | 74%    |    7.4ms | anyone else see a body like shape under ...
[GAMING/GAM] | YouTube  | [Normal]     | 88%    |    7.0ms | :woman_facepalming: we love you mark...
[SELF-HELP/] | YouTube  | [Normal]     | 60%    |    7.0ms | what does it mean when you hate yourself...
[ENTERTAINM] | YouTube  | [Normal]     | 96%    |    8.0ms | How do yall not know lol?...
[GAMING/GAM] | YouTube  | [Normal]     | 97%    |   19.8ms | Mark I’ve watched you for 10 years!...
[GAMING/GAM] | YouTube  | [Normal]     | 97%    |   17.6ms | Bye mark I need to go love you...
[ENTERTAINM] | YouTube  | [Normal]     | 98%    |   16.0ms | FROM BANGLADESH :green_circle::red_circl...
[GAMING/GAM] | YouTube  | [Normal]     | 95%    |   14.1ms | It looks cool...
[GAMING/GAM] | YouTube  | [Normal]     | 97%    |    7.9ms | Watched Iron Lung today. Loved it  love ...
[ENTERTAINM] | YouTube  | [Normal]     | 97%    |   18.1ms | MrBeast  congrats on 500 million! As you...
[MUSIC/CHIL] | YouTube  | [Normal]     | 96%    |   17.0ms | son culpa de putin y maduro...
[ENTERTAINM] | YouTube  | [Normal]     | 96%    |   25.0ms | hi Mr. Beast! I wish you the best!...
[GAMING/SUR] | YouTube  | [OFFENSIVE]  | 86%    |   23.7ms | -2k scrap and base is fucked up...
[ENTERTAINM] | YouTube  | [Normal]     | 94%    |   17.5ms | kai cenet?...
[SELF-HELP/] | YouTube  | [Normal]     | 96%    |   15.0ms | lol pure...
[SELF-HELP/] | YouTube  | [Normal]     | 56%    |   17.6ms | they don't stay in the matrix...
[GAMING/SUR] | YouTube  | [Normal]     | 61%    |   20.5ms | gingy gonna wake up to this :rolling_on_...
[ENTERTAINM] | YouTube  | [Normal]     | 90%    |   14.0ms | maybe...
[GAMING/GAM] | YouTube  | [Normal]     | 97%    |   17.2ms | I’m back. He fixed the name I see lol...
[GAMING/SUR] | YouTube  | [HATE]       | 42%    |   16.5ms | All i know is they suck...
[ENTERTAINM] | YouTube  | [Normal]     | 96%    |   34.0ms | :yt::yt::yt::yt::yt::yt::yt::yt::yt::tha...
[GAMING/GAM] | YouTube  | [Normal]     | 95%    |    9.0ms | I see iron lung on Thursday January 29th...
[PSYCHOLOGY] | YouTube  | [Normal]     | 97%    |    8.0ms | holy shii these are hard conversations...
[GAMING/SUR] | YouTube  | [Normal]     | 80%    |   17.0ms | They changed the heli about a year ago a...
[ENTERTAINM] | YouTube  | [Normal]     | 97%    |   15.2ms | Congratulations And Celebrations...
[ENTERTAINM] | YouTube  | [Normal]     | 96%    |   26.5ms | hi :thumbs_up:hi...
[PSYCHOLOGY] | YouTube  | [Normal]     | 80%    |   24.0ms | @ginevraaa if you want more connection t...
[ENTERTAINM] | YouTube  | [Normal]     | 94%    |    9.6ms | Ray...
[GAMING/GAM] | YouTube  | [Normal]     | 97%    |   12.0ms | Would you ever play League Of Legends fo...
[ENTERTAINM] | YouTube  | [Normal]     | 96%    |    8.6ms | big fan...
[GAMING/SUR] | YouTube  | [Normal]     | 90%    |   12.6ms | OMG OMG PANIC...
[GAMING/GAM] | YouTube  | [Normal]     | 95%    |   21.0ms | Iron Lung's director dude is playing gam...
[ENTERTAINM] | YouTube  | [Normal]     | 92%    |    6.3ms | do yall live in a rock how do yall not k...
[GAMING/GAM] | YouTube  | [Normal]     | 95%    |    8.0ms | omg it's me...
[PSYCHOLOGY] | YouTube  | [Normal]     | 95%    |   12.6ms | Seems convinient tbh...
[ENTERTAINM] | YouTube  | [Normal]     | 96%    |   14.8ms | привет...
[GAMING/SUR] | YouTube  | [Normal]     | 86%    |    9.0ms | :_LockIn::_LockIn::_LockIn::_LockIn::_Lo...
[ENTERTAINM] | YouTube  | [Normal]     | 96%    |   10.5ms | hi!...
[ENTERTAINM] | YouTube  | [Normal]     | 97%    |   12.5ms | Hello from Philippines...
[GAMING/GAM] | YouTube  | [Normal]     | 96%    |   15.0ms | Logs on floor in cabin...
[MUSIC/CHIL] | YouTube  | [Normal]     | 96%    |   14.1ms | e fain doar am zis din suflet că vreau s...
[PSYCHOLOGY] | YouTube  | [Normal]     | 95%    |    8.0ms | @mandalarine yeah it’s just a break but ...
[GAMING/GAM] | YouTube  | [Normal]     | 97%    |    8.7ms | THE FUSE BOX IS OPEN!!!!!!...
[SELF-HELP/] | YouTube  | [Normal]     | 84%    |   19.0ms | If one sees only 2 options the ego is ac...
[MUSIC/CHIL] | YouTube  | [Normal]     | 97%    |   19.0ms | R.... Malik...
[SPORTS/FOO] | YouTube  | [Normal]     | 96%    |   18.0ms | luar biasa...
[GAMING/GAM] | YouTube  | [Normal]     | 97%    |    8.1ms | The hanging ropes in stairwell look bend...
[GAMING/SUR] | YouTube  | [Normal]     | 97%    |    8.6ms | yt stream is fine!...
[ENTERTAINM] | YouTube  | [Normal]     | 96%    |   10.5ms | im from India...
[MUSIC/CHIL] | YouTube  | [Normal]     | 96%    |   11.6ms | :soap::dog2::soap:...
[GAMING/GAM] | YouTube  | [Normal]     | 92%    |   10.7ms | ANOMALY IN TOP LEFT...
[GAMING/GAM] | YouTube  | [Normal]     | 96%    |   11.0ms | mark the eyes...
[ENTERTAINM] | YouTube  | [Normal]     | 91%    |   12.6ms | HI MT BEAST  I'M FROM BRAZILIAM   SPEAK ...
[ENTERTAINM] | YouTube  | [Normal]     | 94%    |   12.0ms | 94...
[SELF-HELP/] | YouTube  | [Normal]     | 66%    |   18.0ms | My actual question is  why do I look at ...
[ENTERTAINM] | YouTube  | [Normal]     | 97%    |   17.6ms | i am happy :relieved_face:...
[SELF-HELP/] | YouTube  | [Normal]     | 90%    |    9.0ms | WE SHOULD APPRECIATE THE TREVOR @Healthy...
[GAMING/SUR] | YouTube  | [Normal]     | 95%    |   11.6ms | LFG...
[GAMING/SUR] | YouTube  | [Normal]     | 63%    |   16.5ms | the grind is real!!...
[NEWS/LIVE ] | YouTube  | [Normal]     | 50%    |   15.0ms | who have worked a certain amount of year...
[GAMING/SUR] | YouTube  | [OFFENSIVE]  | 75%    |    8.1ms | letssss gooooooo let's a go...
[GAMING/SUR] | YouTube  | [Normal]     | 59%    |    8.0ms | LETS GOOOO MFFFF’sssss...
[GAMING/SUR] | YouTube  | [Normal]     | 69%    |    7.6ms | It’s gonna be a good day boys surely he ...
[GAMING/SUR] | YouTube  | [Normal]     | 86%    |    8.0ms | Camsoda is still using guns against play...
[GAMING/SUR] | YouTube  | [Normal]     | 61%    |   21.0ms | lets goooooooooo chat!!!...
[GAMING/SUR] | YouTube  | [Normal]     | 88%    |   16.0ms | LOCK IN!...
[GAMING/SUR] | YouTube  | [Normal]     | 86%    |   12.0ms | Voodooooooo...
[GAMING/SUR] | YouTube  | [Normal]     | 95%    |   21.0ms | :exploding_head::exploding_head::explodi...
[GAMING/SUR] | YouTube  | [Normal]     | 92%    |    9.8ms | like the stream...
[GAMING/SUR] | YouTube  | [Normal]     | 82%    |    7.1ms | hutch is spending all your scrap!...
[GAMING/SUR] | YouTube  | [Normal]     | 98%    |   13.0ms | :rocket-red-countdown-liftoff:...
[GAMING/SUR] | YouTube  | [Normal]     | 51%    |   23.6ms | Let’s gooooooo...
[GAMING/SUR] | YouTube  | [Normal]     | 95%    |   22.7ms | no  no. how are YOUUUU peanut...
[GAMING/SUR] | YouTube  | [Normal]     | 38%    |   16.6ms | Am I buggin or is peanut the goat of str...
[GAMING/SUR] | YouTube  | [Normal]     | 94%    |   18.9ms | hes the commander now...
[GAMING/SUR] | YouTube  | [Normal]     | 80%    |   20.0ms | NO SLEEP TILL BUNGLYN!!!!!!!!!!...
[GAMING/SUR] | YouTube  | [OFFENSIVE]  | 48%    |   15.6ms | Bro STFU about diarrhea all the time lmf...
[GAMING/SUR] | YouTube  | [OFFENSIVE]  | 58%    |   13.6ms | Where’s Gingy?...
[GAMING/SUR] | YouTube  | [Normal]     | 70%    |   15.0ms | May it be smooth and stinky...
[GAMING/SUR] | YouTube  | [Normal]     | 79%    |   15.1ms | What happened to your whiskey throat?...
[NEWS/LIVE ] | YouTube  | [Normal]     | 98%    |   27.0ms | Even animals and birds have their own ho...
[GAMING/SUR] | YouTube  | [Normal]     | 97%    |   17.6ms | 19 hrs...
[NEWS/LIVE ] | YouTube  | [Normal]     | 96%    |   18.1ms | John Wayne type cheet "Coffin man prepar...
[GAMING/SUR] | YouTube  | [Normal]     | 97%    |   15.0ms | 23 hours...
[MUSIC/CHIL] | YouTube  | [Normal]     | 96%    |   16.1ms | Ee piyya evaru...
[GAMING/SUR] | YouTube  | [Normal]     | 97%    |   17.0ms | Arc!!!!...
[MUSIC/CHIL] | YouTube  | [Normal]     | 98%    |   14.0ms | :musical_score:...
[GAMING/SUR] | YouTube  | [Normal]     | 95%    |   11.0ms | H20...
[GAMING/SUR] | YouTube  | [Normal]     | 82%    |   23.0ms | Shut the door!!!!...
[GAMING/SUR] | YouTube  | [Normal]     | 95%    |   17.6ms | h2o...
[GAMING/SUR] | YouTube  | [Normal]     | 91%    |   21.6ms | Vanoss...
[GAMING/SUR] | YouTube  | [Normal]     | 92%    |   19.0ms | did you leave the door open...
[GAMING/SUR] | YouTube  | [Normal]     | 92%    |   15.2ms | it went away...
[GAMING/SUR] | YouTube  | [Normal]     | 76%    |    8.8ms | Imagine the amount of low grade fuel you...
[GAMING/SUR] | YouTube  | [Normal]     | 95%    |    6.0ms | Lollll...
[GAMING/SUR] | YouTube  | [Normal]     | 78%    |    7.0ms | GINGYYYYY...
[GAMING/SUR] | YouTube  | [Normal]     | 96%    |    8.8ms | yay mR_P":saluting_face::saluting_face:...
[PSYCHOLOGY] | YouTube  | [Normal]     | 93%    |   14.1ms | I’m chat-maxxing...
[MUSIC/CHIL] | YouTube  | [Normal]     | 96%    |   13.0ms | your love can you love my...
[GAMING/SUR] | YouTube  | [Normal]     | 94%    |   14.0ms | No way that’s delirious LMAO...
[PSYCHOLOGY] | YouTube  | [Normal]     | 95%    |   26.6ms | @MochiM00n we saw him over twitch...
[GAMING/SUR] | YouTube  | [Normal]     | 94%    |   15.0ms | Take his shot...
[PSYCHOLOGY] | YouTube  | [Normal]     | 97%    |   17.6ms | I rewatched the early modules...
[GAMING/SUR] | YouTube  | [Normal]     | 97%    |   18.5ms | :face-green-smiling::face-green-smiling:...
[GAMING/SUR] | YouTube  | [Normal]     | 94%    |   14.0ms | don't swing at people there  lol...
[GAMING/SUR] | YouTube  | [Normal]     | 76%    |   13.5ms | Can’t loot him it’s in a safe zone...
[GAMING/SUR] | YouTube  | [Normal]     | 97%    |   13.0ms | :face-green-smiling::face-green-smiling:...
[GAMING/SUR] | YouTube  | [Normal]     | 96%    |   11.0ms | Lmao...
[GAMING/SUR] | YouTube  | [Normal]     | 92%    |   19.9ms | the mods have that quik draw Mcgraw...
[GAMING/SUR] | YouTube  | [Normal]     | 92%    |   16.0ms | LMFAOOOOOOOOO...
[GAMING/SUR] | YouTube  | [Normal]     | 94%    |   14.1ms | Lmaoooooo...
[GAMING/SUR] | YouTube  | [Normal]     | 92%    |   11.9ms | :_LetsRide:...
[SELF-HELP/] | YouTube  | [Normal]     | 92%    |    7.0ms | H...
[GAMING/SUR] | YouTube  | [Normal]     | 55%    |    7.0ms | lol how is this place a safe zone should...
[GAMING/ESP] | YouTube  | [Normal]     | 94%    |   10.0ms | :moai:...
[PSYCHOLOGY] | YouTube  | [Normal]     | 95%    |    7.6ms | Hello everyone ! I hope all of you have ...
[GAMING/SUR] | YouTube  | [Normal]     | 73%    |   10.0ms | this turned into a bossmanjack stream...
[GAMING/SUR] | YouTube  | [Normal]     | 96%    |    8.0ms | yup...
[GAMING/SUR] | YouTube  | [Normal]     | 91%    |   18.0ms | W...
[GAMING/SUR] | YouTube  | [Normal]     | 91%    |   20.6ms | Hahahahahahahaha...
[GAMING/SUR] | YouTube  | [Normal]     | 95%    |   15.5ms | lmaooo...
[GAMING/SUR] | YouTube  | [Normal]     | 92%    |   22.0ms | he definintely busted...
[GAMING/SUR] | YouTube  | [Normal]     | 91%    |   18.6ms | don't gamble kids...
[GAMING/SUR] | YouTube  | [OFFENSIVE]  | 56%    |   21.8ms | No wayyyy...
[GAMING/SUR] | YouTube  | [Normal]     | 69%    |   14.0ms | got too greedy...
[GAMING/SUR] | YouTube  | [Normal]     | 93%    |   11.0ms | That’s it I’m going to the casino...
[MUSIC/CHIL] | YouTube  | [Normal]     | 95%    |   10.9ms | ......
[GAMING/SUR] | YouTube  | [Normal]     | 94%    |    8.0ms | you had 1000 scrap on you when you logge...
[GAMING/SUR] | YouTube  | [Normal]     | 98%    |    7.5ms | I LOVE :smiling_face_with_hearts:...
[SELF-HELP/] | YouTube  | [Normal]     | 83%    |   14.8ms | you do have some jedi mind tricks...
[GAMING/SUR] | YouTube  | [OFFENSIVE]  | 47%    |   11.5ms | sadge nut...
[GAMING/SUR] | YouTube  | [Normal]     | 94%    |    7.7ms | 5...
[ENTERTAINM] | YouTube  | [Normal]     | 97%    |   17.6ms | :yt:...
[ENTERTAINM] | YouTube  | [Normal]     | 89%    |   15.8ms | yahh...
[ENTERTAINM] | YouTube  | [Normal]     | 95%    |   16.1ms | yooo...
[ENTERTAINM] | YouTube  | [Normal]     | 94%    |   18.1ms | Hi...
[GAMING/SUR] | YouTube  | [Normal]     | 95%    |   16.8ms | so fkin crazy lmao...
[GAMING/GAM] | YouTube  | [Normal]     | 84%    |   16.0ms | WHERE IS HE...
[MUSIC/CHIL] | YouTube  | [Normal]     | 95%    |   17.5ms | I hope I don't have to tell you all this...
[SELF-HELP/] | YouTube  | [Normal]     | 93%    |   14.6ms | YES...
[ENTERTAINM] | YouTube  | [Normal]     | 95%    |   13.7ms | hello Mr beast I am your big fan please...
[GAMING/SUR] | YouTube  | [Normal]     | 81%    |   16.7ms | aint nobody see that!?...
[GAMING/GAM] | YouTube  | [Normal]     | 96%    |   12.2ms | Hi Mark...
[ENTERTAINM] | YouTube  | [Normal]     | 91%    |   12.2ms | congratulation mrbeast bro...
[GAMING/SUR] | YouTube  | [Normal]     | 94%    |    9.5ms | :loudly_crying_face::loudly_crying_face:...
[GAMING/GAM] | YouTube  | [Normal]     | 94%    |   10.5ms | Sup dude...
[ENTERTAINM] | YouTube  | [Normal]     | 94%    |   16.6ms | hi...
[ENTERTAINM] | YouTube  | [Normal]     | 92%    |   10.6ms | mrgoatttt...
[ENTERTAINM] | YouTube  | [Normal]     | 96%    |   13.5ms | hindi bolo na re vinod...
[GAMING/GAM] | YouTube  | [Normal]     | 94%    |   10.8ms | hi...
[GAMING/GAM] | YouTube  | [Normal]     | 95%    |   13.7ms | Whatsuuuup...
[GAMING/GAM] | YouTube  | [Normal]     | 94%    |    9.0ms | CHAMPIONNNN...
[GAMING/GAM] | YouTube  | [Normal]     | 97%    |   16.5ms | I'm gonna go see the movie today!!...
[GAMING/SUR] | YouTube  | [Normal]     | 64%    |   15.5ms | we need pirate ships...
[SPORTS/FOO] | YouTube  | [Normal]     | 96%    |   11.0ms | 지금?...
[GAMING/GAM] | YouTube  | [Normal]     | 95%    |   11.5ms | Is that the creator of the number one mo...
[GAMING/GAM] | YouTube  | [Normal]     | 96%    |   15.0ms | Proud to say i was one of those people :...
[ENTERTAINM] | YouTube  | [Normal]     | 96%    |    8.0ms | broo...
[ENTERTAINM] | YouTube  | [OFFENSIVE]  | 60%    |   10.0ms | let's goooo...
[PSYCHOLOGY] | YouTube  | [Normal]     | 96%    |   13.6ms | yeah more or less...
[ENTERTAINM] | YouTube  | [Normal]     | 97%    |   11.5ms | yoooo 0.5b subs...
[PSYCHOLOGY] | YouTube  | [Normal]     | 97%    |   11.0ms | unconscious template sorta...
[GAMING/GAM] | YouTube  | [Normal]     | 91%    |   10.0ms | screaming and crying rn...
[ENTERTAINM] | YouTube  | [Normal]     | 96%    |   12.0ms | big fan...
[ENTERTAINM] | YouTube  | [Normal]     | 97%    |   10.0ms | Jimmy You Did It :trophy:...
[GAMING/GAM] | YouTube  | [Normal]     | 96%    |   10.0ms | digital when....
[GAMING/GAM] | YouTube  | [Normal]     | 91%    |    9.6ms | YEAHHHHHHH...
[ENTERTAINM] | YouTube  | [Normal]     | 96%    |   16.0ms | i am India super Jimmy...
[ENTERTAINM] | YouTube  | [Normal]     | 95%    |   12.0ms | hello...
[GAMING/GAM] | YouTube  | [Normal]     | 91%    |   16.5ms | YEAHHHH...
[ENTERTAINM] | YouTube  | [Normal]     | 87%    |   13.0ms | you r happy...
[ENTERTAINM] | YouTube  | [Normal]     | 91%    |   10.1ms | mr beast...
[ENTERTAINM] | YouTube  | [Normal]     | 94%    |   12.0ms | pliz help me...
[GAMING/GAM] | YouTube  | [Normal]     | 83%    |   12.6ms | CONGRATSS...
[MUSIC/CHIL] | YouTube  | [Normal]     | 95%    |    8.0ms | :hydrate:...
[SELF-HELP/] | YouTube  | [Normal]     | 91%    |   11.0ms | Is he running...
[ENTERTAINM] | YouTube  | [Normal]     | 94%    |   10.0ms | Türkiye...
[ENTERTAINM] | YouTube  | [Normal]     | 97%    |   13.0ms | Hii MrBeast I Watching So Long Time Peri...
[GAMING/GAM] | YouTube  | [Normal]     | 92%    |   13.6ms | Meowdy Mark Congrat!!!!...
[ENTERTAINM] | YouTube  | [Normal]     | 94%    |    9.0ms | Hi...
[SELF-HELP/] | YouTube  | [OFFENSIVE]  | 47%    |    9.0ms | this wall assumes the hate is correct  n...
[GAMING/GAM] | YouTube  | [Normal]     | 96%    |   14.6ms | that's the FACTS...
[GAMING/SUR] | YouTube  | [Normal]     | 84%    |    7.7ms | Close the gate...
[ENTERTAINM] | YouTube  | [Normal]     | 94%    |    9.6ms | ggs...
[GAMING/GAM] | YouTube  | [Normal]     | 94%    |    7.0ms | Lighthouse pretty pretty please...
[ENTERTAINM] | YouTube  | [Normal]     | 91%    |    9.1ms | oooooo...
[ENTERTAINM] | YouTube  | [Normal]     | 94%    |   13.2ms | hi...
[GAMING/SUR] | YouTube  | [Normal]     | 81%    |   16.0ms | DONT BET MORE THAN HALF SO YOU CAN DOUBL...
[ENTERTAINM] | YouTube  | [Normal]     | 98%    |   19.0ms | :heart_on_fire::heart_on_fire::heart_on_...
[GAMING/GAM] | YouTube  | [Normal]     | 95%    |   12.0ms | POLL...
[GAMING/SUR] | YouTube  | [Normal]     | 77%    |   11.6ms | They changed dealers...
[GAMING/SUR] | YouTube  | [Normal]     | 52%    |   12.1ms | Hell yeah...
[GAMING/GAM] | YouTube  | [Normal]     | 96%    |    9.0ms | tuning in...
[GAMING/GAM] | YouTube  | [Normal]     | 95%    |    9.0ms | lighthouse yeah!...
[ENTERTAINM] | YouTube  | [Normal]     | 97%    |   13.0ms | Wow imagine 2 million subscribers lmao...
[GAMING/GAM] | YouTube  | [Normal]     | 90%    |   12.6ms | light house...
[ENTERTAINM] | YouTube  | [Normal]     | 96%    |   14.0ms | Holaaaa...
[ENTERTAINM] | YouTube  | [Normal]     | 95%    |   34.0ms | :face-fuchsia-poop-shape::face-purple-wi...
[ENTERTAINM] | YouTube  | [Normal]     | 97%    |   16.3ms | 500 million today!...
[PSYCHOLOGY] | YouTube  | [HATE]       | 57%    |   21.5ms | Dr K Jungian mogs Clavicular...
[GAMING/GAM] | YouTube  | [Normal]     | 95%    |   13.0ms | Yes!...
[GAMING/GAM] | YouTube  | [Normal]     | 91%    |   16.9ms | yeahhhh...
[GAMING/GAM] | YouTube  | [Normal]     | 97%    |   23.3ms | First time watching mark live...
[ENTERTAINM] | YouTube  | [Normal]     | 92%    |   17.0ms | Paraguay...
[GAMING/GAM] | YouTube  | [Normal]     | 97%    |    8.6ms | Welcome to Member!...
[GAMING/GAM] | YouTube  | [Normal]     | 96%    |    8.0ms | was that the gun shot of 87?...
[GAMING/GAM] | YouTube  | [Normal]     | 97%    |    8.6ms | SLOVENIA????...
[MUSIC/CHIL] | YouTube  | [Normal]     | 98%    |    7.5ms | :musical_notes::wine_glass:...
[GAMING/GAM] | YouTube  | [Normal]     | 96%    |    7.0ms | MARK WE LOVE YOU!!!...
[PSYCHOLOGY] | YouTube  | [Normal]     | 97%    |   10.7ms | deep root themes...
[ENTERTAINM] | YouTube  | [Normal]     | 94%    |   15.6ms | 1...
[GAMING/SUR] | YouTube  | [Normal]     | 97%    |   11.5ms | Who tf stands on 23...
[GAMING/SUR] | YouTube  | [Normal]     | 40%    |    8.0ms | Peanut is the type to not be happy until...
[GAMING/SUR] | YouTube  | [Normal]     | 94%    |   10.7ms | Stand...
[GAMING/GAM] | YouTube  | [Normal]     | 88%    |   17.0ms | YOOOOOOOOOOOOOOO...
[ENTERTAINM] | YouTube  | [Normal]     | 94%    |   15.0ms | 1...
[GAMING/GAM] | YouTube  | [Normal]     | 95%    |   11.7ms | Fashion :loudly_crying_face:...
[GAMING/GAM] | YouTube  | [Normal]     | 71%    |   11.0ms | who else lowkey hungry...
[GAMING/GAM] | YouTube  | [Normal]     | 95%    |   13.0ms | So Lixian will be able to see it again?...
[GAMING/GAM] | YouTube  | [Normal]     | 94%    |   16.0ms | penid...
[GAMING/GAM] | YouTube  | [Normal]     | 96%    |   23.0ms | I saw it in atmos  it was dope...
[GAMING/GAM] | YouTube  | [Normal]     | 92%    |   18.0ms | ohhhhh...
[MUSIC/CHIL] | YouTube  | [Normal]     | 95%    |   16.0ms | fred yes :(...
[GAMING/GAM] | YouTube  | [Normal]     | 96%    |   22.0ms | Hey man good job with IROn LUNG..WE FUND...
[GAMING/GAM] | YouTube  | [Normal]     | 97%    |   21.5ms | Will there be a physical release?...
[SPORTS/FOO] | YouTube  | [Normal]     | 96%    |   19.5ms | :virtualhug:Oh no LIFE IS OVER~:sparkles...
[GAMING/GAM] | YouTube  | [Normal]     | 97%    |   16.1ms | te amo...
[GAMING/SUR] | YouTube  | [Normal]     | 95%    |   18.9ms | now bet 500...
[GAMING/SUR] | YouTube  | [Normal]     | 95%    |   15.0ms | 100...
[ENTERTAINM] | YouTube  | [Normal]     | 95%    |   15.0ms | what will you do if you get a billion su...
[MUSIC/CHIL] | YouTube  | [Normal]     | 91%    |   14.6ms | lelelei...
[ENTERTAINM] | YouTube  | [Normal]     | 94%    |   12.5ms | hi...
[MUSIC/CHIL] | YouTube  | [Normal]     | 97%    |   28.0ms | LoL  caută alta mai aproape de tine :fac...
[ENTERTAINM] | YouTube  | [Normal]     | 96%    |   14.0ms | love india...
[GAMING/GAM] | YouTube  | [Normal]     | 79%    |   14.5ms | IM literally going to see Iron Lung RN I...
[ENTERTAINM] | YouTube  | [Normal]     | 96%    |   12.5ms | I LOVE MR BEAST...
[GAMING/GAM] | YouTube  | [Normal]     | 91%    |   16.2ms | Seein Iron Lung again tommorow...
[GAMING/GAM] | YouTube  | [Normal]     | 98%    |   16.0ms | AMAZING MOVIE MARK felt like in-was watc...
[GAMING/GAM] | YouTube  | [Normal]     | 75%    |    9.0ms | Iron Lung...
[PSYCHOLOGY] | YouTube  | [Normal]     | 97%    |   14.7ms | building versus sustaining??...
[GAMING/GAM] | YouTube  | [Normal]     | 97%    |   20.0ms | I loved Iron Lung! 8/10!...
[GAMING/GAM] | YouTube  | [Normal]     | 96%    |   10.0ms | CLUTCH UP AIRPLANE...
[ENTERTAINM] | YouTube  | [Normal]     | 97%    |   13.0ms | I am indian...
[ENTERTAINM] | YouTube  | [Normal]     | 91%    |    7.0ms | mom...
[ENTERTAINM] | YouTube  | [Normal]     | 98%    |    7.1ms | :hand-pink-waving::hand-pink-waving:...
[GAMING/GAM] | YouTube  | [Normal]     | 97%    |    9.6ms | Congratulations on the film!...
[ENTERTAINM] | YouTube  | [Normal]     | 95%    |    9.1ms | mom found youtube channel...
[GAMING/SUR] | YouTube  | [Normal]     | 85%    |   22.0ms | After a win bet small jackass...
[GAMING/SUR] | YouTube  | [Normal]     | 96%    |   26.2ms | Just like real life...
[ENTERTAINM] | YouTube  | [Normal]     | 94%    |   14.8ms | Hi...
[ENTERTAINM] | YouTube  | [Normal]     | 94%    |   15.0ms | I love you Mrbeast...
[GAMING/GAM] | YouTube  | [Normal]     | 98%    |   18.6ms | Wait so there was an atmos file made?...
[ENTERTAINM] | YouTube  | [Normal]     | 95%    |   14.5ms | hiii...
[GAMING/GAM] | YouTube  | [Normal]     | 95%    |   16.2ms | Sup...
[GAMING/SUR] | YouTube  | [Normal]     | 95%    |   17.4ms | HIT...
[GAMING/GAM] | YouTube  | [Normal]     | 93%    |   20.1ms | IM FINALLY WATCHING IRON LUNG LATER TODA...
[PSYCHOLOGY] | YouTube  | [Normal]     | 96%    |   17.8ms | So the answer is nadi shuddhi yet again ...
[GAMING/GAM] | YouTube  | [Normal]     | 83%    |   11.0ms | Yeah the end bit was hella hard to hear ...
[GAMING/SUR] | YouTube  | [Normal]     | 96%    |    9.1ms | bro didnt hit on 14...
[GAMING/SUR] | YouTube  | [Normal]     | 96%    |    9.0ms | PLAY ARC...
[GAMING/GAM] | YouTube  | [Normal]     | 91%    |    7.7ms | Vote airplane everyone...
[MUSIC/CHIL] | YouTube  | [Normal]     | 95%    |    7.0ms | mujhe toh nhi yad...
[GAMING/SUR] | YouTube  | [Normal]     | 95%    |   11.5ms | well well well...
[MUSIC/CHIL] | YouTube  | [Normal]     | 96%    |   21.0ms | Chameleon chameleon chameleon :backhand_...
[GAMING/GAM] | YouTube  | [Normal]     | 97%    |   21.1ms | just watched iron lung. i really enjoyed...
[ENTERTAINM] | YouTube  | [Normal]     | 97%    |    9.0ms | Count to 100 000...
[GAMING/GAM] | YouTube  | [Normal]     | 96%    |   12.6ms | atmos is dynamic because it's a 3d syste...
[GAMING/GAM] | YouTube  | [Normal]     | 83%    |   18.5ms | man when its live i have to see the jump...
[SELF-HELP/] | YouTube  | [Normal]     | 94%    |   12.0ms | doc is this ok...
[GAMING/SUR] | YouTube  | [Normal]     | 94%    |    9.0ms | 10...
[ENTERTAINM] | YouTube  | [Normal]     | 92%    |   11.0ms | congratulations brooo...
[ENTERTAINM] | YouTube  | [Normal]     | 96%    |   14.1ms | love you...
[GAMING/GAM] | YouTube  | [OFFENSIVE]  | 81%    |   15.0ms | HELL YEAHHHHHHH...
[PSYCHOLOGY] | YouTube  | [Normal]     | 94%    |   20.0ms | jung believes men had an anima and women...
[MUSIC/CHIL] | YouTube  | [Normal]     | 95%    |   12.7ms | :eyes:...
[ENTERTAINM] | YouTube  | [Normal]     | 87%    |   12.0ms | vamos beast...
[GAMING/GAM] | YouTube  | [Normal]     | 95%    |   17.0ms | I finally made it to a live but I’m work...
[GAMING/GAM] | YouTube  | [Normal]     | 97%    |   13.1ms | WE ARE THE CHAMPIONS...
[ENTERTAINM] | YouTube  | [Normal]     | 96%    |   15.0ms | please Pro $10000...
[ENTERTAINM] | YouTube  | [Normal]     | 96%    |   11.6ms | 500 million subscriber...
[ENTERTAINM] | YouTube  | [Normal]     | 94%    |   11.0ms | Mr beast !!!...
[ENTERTAINM] | YouTube  | [Normal]     | 91%    |   11.0ms | hey...
[GAMING/SUR] | YouTube  | [Normal]     | 96%    |   16.2ms | H2O???????????...
[ENTERTAINM] | YouTube  | [OFFENSIVE]  | 99%    |   27.0ms | Jimmy ki jai ho:smiling_face_with_heart_...
[GAMING/SUR] | YouTube  | [Normal]     | 92%    |   24.0ms | Lmao H2O being broke hmmm all that yt mo...
[GAMING/GAM] | YouTube  | [Normal]     | 97%    |   21.3ms | YAYY MARKIPLIER TIME...
[GAMING/SUR] | YouTube  | [Normal]     | 95%    |   16.0ms | h20...
[GAMING/GAM] | YouTube  | [Normal]     | 96%    |   21.0ms | how long you okay on streaming for sir?...
[GAMING/GAM] | YouTube  | [Normal]     | 83%    |   15.0ms | Does Iron lung come to poland pls...
[GAMING/SUR] | YouTube  | [Normal]     | 95%    |   18.1ms | :rolling_on_the_floor_laughing::rolling_...
[GAMING/GAM] | YouTube  | [Normal]     | 93%    |   14.0ms | AIIIIRRRPLLLAAAAANNNNNEEEEEE...
[ENTERTAINM] | YouTube  | [Normal]     | 88%    |   12.8ms | give money...
[GAMING/GAM] | YouTube  | [Normal]     | 96%    |   21.0ms | HI MARK!...
[ENTERTAINM] | YouTube  | [Normal]     | 96%    |   16.3ms | New member...
[GAMING/SUR] | YouTube  | [Normal]     | 94%    |   16.2ms | AHAHAHAHA...
[GAMING/SUR] | YouTube  | [Normal]     | 91%    |   19.0ms | w...
[GAMING/SUR] | YouTube  | [Normal]     | 78%    |   14.2ms | NO WAY...
[GAMING/SUR] | YouTube  | [Normal]     | 72%    |   10.0ms | whats the discord...
[PSYCHOLOGY] | YouTube  | [Normal]     | 94%    |    7.0ms | ben shapiro...
[GAMING/SUR] | YouTube  | [Normal]     | 69%    |    7.0ms | H2O HELL YEAH...
[GAMING/GAM] | YouTube  | [Normal]     | 94%    |    7.0ms | Hey mark  is Iron Lung a horror movie?...
[ENTERTAINM] | YouTube  | [Normal]     | 89%    |    6.0ms | can you come to sri  lanka...
[GAMING/GAM] | YouTube  | [Normal]     | 97%    |    9.9ms | i love this game...
[PSYCHOLOGY] | YouTube  | [Normal]     | 96%    |    9.1ms | LMAO...
[GAMING/GAM] | YouTube  | [Normal]     | 97%    |   19.0ms | Welcome to Member!...
[GAMING/SUR] | YouTube  | [Normal]     | 73%    |   12.0ms | ADDICTION...
[SELF-HELP/] | YouTube  | [Normal]     | 90%    |   20.5ms | Which is maybe why he's calming down on ...
[ENTERTAINM] | YouTube  | [Normal]     | 97%    |   21.0ms | love from keralaaaaaaaaaa...
[SELF-HELP/] | YouTube  | [Normal]     | 42%    |   18.0ms | there is also projection  for example to...
[GAMING/GAM] | YouTube  | [Normal]     | 95%    |   10.3ms | obversation...
[GAMING/SUR] | YouTube  | [Normal]     | 95%    |   38.5ms | :rolling_on_the_floor_laughing::rolling_...
[GAMING/SUR] | YouTube  | [Normal]     | 93%    |   12.2ms | OMG...
[GAMING/SUR] | YouTube  | [Normal]     | 96%    |   14.7ms | Nice Raid....
[ENTERTAINM] | YouTube  | [Normal]     | 97%    |   14.5ms | :face-purple-crying::face-purple-crying:...
[ENTERTAINM] | YouTube  | [Normal]     | 94%    |   16.7ms | hi...
[ENTERTAINM] | YouTube  | [Normal]     | 97%    |   13.8ms | saludos desde Perú carajo...
[GAMING/GAM] | YouTube  | [Normal]     | 96%    |   11.6ms | Water cheese...
[ENTERTAINM] | YouTube  | [Normal]     | 91%    |   19.0ms | W...
[ENTERTAINM] | YouTube  | [Normal]     | 98%    |   16.5ms | :hand-pink-waving::hand-pink-waving::han...
[ENTERTAINM] | YouTube  | [Normal]     | 96%    |   11.0ms | yo  hi  Miso Beef!...
[PSYCHOLOGY] | YouTube  | [Normal]     | 96%    |   12.2ms | average fortune 500 ceo...
[GAMING/GAM] | YouTube  | [Normal]     | 96%    |   12.7ms | OBVERSATION MARK...
[ENTERTAINM] | YouTube  | [Normal]     | 90%    |   10.4ms | meeeeeee...
[GAMING/SUR] | YouTube  | [Normal]     | 91%    |   14.6ms | hutch has the patience of of seahorse gi...
[GAMING/GAM] | YouTube  | [Normal]     | 97%    |   14.3ms | Attendence for Markiplier!! SAY HERE!!!!...
[GAMING/GAM] | YouTube  | [Normal]     | 96%    |   10.3ms | boy i love obversating...
[GAMING/SUR] | YouTube  | [Normal]     | 97%    |   16.7ms | :face_with_tears_of_joy:...
[ENTERTAINM] | YouTube  | [Normal]     | 91%    |   17.3ms | w...
[GAMING/GAM] | YouTube  | [Normal]     | 91%    |   16.5ms | Hes obversating...
[GAMING/SUR] | YouTube  | [Normal]     | 78%    |   15.7ms | no way...
[GAMING/SUR] | YouTube  | [Normal]     | 48%    |   18.2ms | No way no wayyyyyy...
[GAMING/GAM] | YouTube  | [Normal]     | 92%    |   20.2ms | mark i might go see your neww movie soon...
[GAMING/GAM] | YouTube  | [Normal]     | 96%    |    8.5ms | This is a very white knuckle map...
[GAMING/SUR] | YouTube  | [Normal]     | 97%    |   11.5ms | 1K SCRAP IN A BOX AT BASE...
[ENTERTAINM] | YouTube  | [Normal]     | 95%    |   11.9ms | 67...
[GAMING/GAM] | YouTube  | [Normal]     | 93%    |   12.9ms | LOCKIN MARK...
[GAMING/SUR] | YouTube  | [Normal]     | 96%    |   11.1ms | what a sweet treat...
[GAMING/GAM] | YouTube  | [Normal]     | 95%    |    7.0ms | Dude makes a good movie but doesn’t know...
[GAMING/GAM] | YouTube  | [Normal]     | 96%    |    7.0ms | I didn't notice Obversation XD...
[GAMING/SUR] | YouTube  | [Normal]     | 95%    |    6.6ms | started from the top now we here...
[GAMING/GAM] | YouTube  | [Normal]     | 97%    |   13.0ms | OBVERSATIUON...
[ENTERTAINM] | YouTube  | [Normal]     | 97%    |   11.8ms | Love from Bangladesh...
[ENTERTAINM] | YouTube  | [Normal]     | 92%    |   10.8ms | Bro it looks like you drink champagne...
[GAMING/GAM] | YouTube  | [Normal]     | 83%    |   12.0ms | KEEP IT  FUNNY...
[ENTERTAINM] | YouTube  | [Normal]     | 94%    |   14.6ms | Hi...
[ENTERTAINM] | YouTube  | [Normal]     | 93%    |   16.0ms | Aurabeast...
[GAMING/GAM] | YouTube  | [Normal]     | 97%    |   18.1ms | IS THERE AN UPDATE ON IT COMING TO BLUER...
[GAMING/SUR] | YouTube  | [Normal]     | 94%    |   13.0ms | nothing like being excited about being 1...
[GAMING/SUR] | YouTube  | [Normal]     | 83%    |    9.0ms | Who hungry...
[GAMING/GAM] | YouTube  | [Normal]     | 94%    |   12.5ms | missing buoy in the yard?...
[GAMING/SUR] | YouTube  | [Normal]     | 94%    |    7.0ms | 3...
[GAMING/GAM] | YouTube  | [Normal]     | 91%    |    7.0ms | so unprofessonal not nowing how to spel ...
[GAMING/SUR] | YouTube  | [Normal]     | 89%    |    8.0ms | do it and you're cool...
[ENTERTAINM] | YouTube  | [Normal]     | 94%    |    9.1ms | hola...
[ENTERTAINM] | YouTube  | [Normal]     | 94%    |    7.0ms | hi...
[GAMING/GAM] | YouTube  | [Normal]     | 94%    |    7.5ms | There's an anomaly in the top left corne...
[GAMING/SUR] | YouTube  | [Normal]     | 91%    |    7.0ms | best anti-gambling stream EVER...
[GAMING/GAM] | YouTube  | [Normal]     | 96%    |   10.1ms | markin it...
[ENTERTAINM] | YouTube  | [Normal]     | 96%    |   14.5ms | jsjsj...
[MUSIC/CHIL] | YouTube  | [Normal]     | 94%    |   17.0ms | leagă - ma de leagăn...
[GAMING/GAM] | YouTube  | [Normal]     | 92%    |   16.6ms | over...
[MUSIC/CHIL] | YouTube  | [Normal]     | 98%    |   12.0ms | ...:face-turquoise-music-note:...
[GAMING/SUR] | YouTube  | [Normal]     | 90%    |   18.0ms | Hahahaha...
[GAMING/GAM] | YouTube  | [Normal]     | 95%    |   16.5ms | Obversation...
[GAMING/GAM] | YouTube  | [OFFENSIVE]  | 73%    |   14.0ms | Mark  ITS WRONGGGG...
[GAMING/SUR] | YouTube  | [Normal]     | 96%    |   16.0ms | lol...
[GAMING/GAM] | YouTube  | [Normal]     | 93%    |   12.0ms | an observation duty movie would actually...
[SPORTS/PEN] | YouTube  | [Normal]     | 95%    |    7.0ms | ofc...
[GAMING/GAM] | YouTube  | [Normal]     | 96%    |    7.6ms | :_markiHEART::_markiHEART::_markiHEART:...
[GAMING/GAM] | YouTube  | [Normal]     | 96%    |    8.0ms | missing beer bottle?...
[GAMING/GAM] | YouTube  | [Normal]     | 97%    |   10.4ms | Welcome to Member!...
[ENTERTAINM] | YouTube  | [Normal]     | 97%    |   12.2ms | :lotus:...
[ENTERTAINM] | YouTube  | [Normal]     | 94%    |   13.0ms | heloooo...
[ENTERTAINM] | YouTube  | [Normal]     | 93%    |   19.0ms | I love how people usually donates but he...
[SELF-HELP/] | YouTube  | [Normal]     | 89%    |   13.0ms | I just land up feeling sorry for myself ...
[PSYCHOLOGY] | YouTube  | [Normal]     | 75%    |   11.5ms | no idea who you could mean...
[GAMING/GAM] | YouTube  | [Normal]     | 87%    |   11.2ms | What about that T thing at the dock!!...
[GAMING/GAM] | YouTube  | [Normal]     | 96%    |    9.5ms | MARKIMOOOO...
[ENTERTAINM] | YouTube  | [Normal]     | 96%    |   18.1ms | BRO PLEZ GIVE ME PC FOR GAMING :melting_...
[GAMING/GAM] | YouTube  | [Normal]     | 92%    |   17.0ms | BED...
[ENTERTAINM] | YouTube  | [Normal]     | 97%    |   34.1ms | My biggest dream is to take my whole fam...
[GAMING/GAM] | YouTube  | [Normal]     | 93%    |   17.7ms | THIS IS A PRERECORDED VIDEO GUYS...
[GAMING/GAM] | YouTube  | [Normal]     | 79%    |   13.0ms | THE BED...
[GAMING/GAM] | YouTube  | [Normal]     | 96%    |    7.0ms | hi mark...
[ENTERTAINM] | YouTube  | [Normal]     | 94%    |    7.0ms | 5...
[GAMING/GAM] | YouTube  | [Normal]     | 97%    |    6.0ms | Thank you for being there for me...
[ENTERTAINM] | YouTube  | [Normal]     | 96%    |    7.0ms | Hi Jimmy my name is Caleb...
[GAMING/SUR] | YouTube  | [Normal]     | 89%    |    6.7ms | HUTCH HAS AN AIRSTRIKE...
[GAMING/GAM] | YouTube  | [Normal]     | 83%    |    6.0ms | The stairs in the basement are moving...
[ENTERTAINM] | YouTube  | [Normal]     | 92%    |   11.0ms | @LEO7894Art...
[GAMING/GAM] | YouTube  | [Normal]     | 92%    |   17.6ms | Sooooo hyped to watch Iron Lung! Plannin...
[PSYCHOLOGY] | YouTube  | [HATE]       | 62%    |   11.0ms | @Danuxsy you will not find someone more ...
[GAMING/GAM] | YouTube  | [Normal]     | 91%    |   12.5ms | Where’s your director hat? :clapper_boar...
[GAMING/GAM] | YouTube  | [Normal]     | 78%    |    6.6ms | “ I’m the number 1 director “ is crazy...
[GAMING/GAM] | YouTube  | [Normal]     | 90%    |   10.0ms | Oh  I wasn't paying attention. My bad :_...
[ENTERTAINM] | YouTube  | [Normal]     | 96%    |   23.6ms | مرحبا...
[GAMING/GAM] | YouTube  | [Normal]     | 89%    |   21.0ms | MARK NVM I AM SO SORRY I LIED TO YOU...
[SELF-HELP/] | YouTube  | [Normal]     | 93%    |   19.1ms | hm...
[ENTERTAINM] | YouTube  | [Normal]     | 94%    |   23.0ms | 5...
[MUSIC/CHIL] | YouTube  | [Normal]     | 97%    |   23.0ms | kuchh nhi......
[GAMING/GAM] | YouTube  | [Normal]     | 77%    |   18.7ms | WE WOULD NEVER LIE TO YOU...
[SPORTS/FOO] | YouTube  | [Normal]     | 93%    |   17.0ms | semangat...
[ENTERTAINM] | YouTube  | [Normal]     | 96%    |   19.6ms | in you tube history 500 million subscrib...
[GAMING/GAM] | YouTube  | [Normal]     | 94%    |   18.6ms | gaslight anomoly...
[ENTERTAINM] | YouTube  | [Normal]     | 96%    |   19.6ms | bro don't clap i am in the middle of my ...
[GAMING/GAM] | YouTube  | [Normal]     | 93%    |    9.6ms | firewood...
[SELF-HELP/] | YouTube  | [Normal]     | 90%    |   31.1ms | I´ve joined now the stream  kinda late I...
[GAMING/SUR] | YouTube  | [Normal]     | 93%    |   14.1ms | you got one last night...
[ENTERTAINM] | YouTube  | [Normal]     | 95%    |   20.0ms | INDONESIA  INDONESIA...
[GAMING/GAM] | YouTube  | [Normal]     | 97%    |   24.1ms | two mousetraps in basement?...
[GAMING/GAM] | YouTube  | [Normal]     | 95%    |   16.2ms | I got tickled...
[GAMING/GAM] | YouTube  | [Normal]     | 92%    |   12.0ms | GO MARK GO...
[ENTERTAINM] | YouTube  | [Normal]     | 97%    |   16.1ms | You're amazing  Mr. Beast...
[GAMING/GAM] | YouTube  | [Normal]     | 94%    |   12.0ms | PASSWORD1...
[GAMING/GAM] | YouTube  | [Normal]     | 95%    |   14.0ms | I finally got to see iron lung and I lov...
[ENTERTAINM] | YouTube  | [Normal]     | 96%    |   13.3ms | Mr beast give me iPhone17 ultra pro max...
[ENTERTAINM] | YouTube  | [Normal]     | 95%    |   12.0ms | 67...
[ENTERTAINM] | YouTube  | [Normal]     | 96%    |   15.1ms | king of yt...
[ENTERTAINM] | YouTube  | [Normal]     | 78%    |    8.5ms | you are the best...
[GAMING/SUR] | YouTube  | [OFFENSIVE]  | 89%    |    6.0ms | damn son! we can tell!...
[PSYCHOLOGY] | YouTube  | [Normal]     | 91%    |    8.5ms | can you be double possessed??...
[GAMING/GAM] | YouTube  | [Normal]     | 95%    |    8.1ms | PIER MISSING POLE RIGHT...
[ENTERTAINM] | YouTube  | [Normal]     | 92%    |   10.5ms | Hi Mr. Beast  I have a problem with aloa...
[GAMING/GAM] | YouTube  | [Normal]     | 98%    |    7.0ms | light swinging on the lantern room....
[ENTERTAINM] | YouTube  | [Normal]     | 95%    |   11.5ms | вак...
[GAMING/GAM] | YouTube  | [Normal]     | 94%    |   13.0ms | pardon?...
[GAMING/GAM] | YouTube  | [Normal]     | 97%    |   21.2ms | Pfft lol...
[GAMING/GAM] | YouTube  | [Normal]     | 96%    |   11.9ms | I made spaghetti and now my nose is blee...
[ENTERTAINM] | YouTube  | [Normal]     | 94%    |   14.0ms | 1...
[GAMING/SUR] | YouTube  | [Normal]     | 62%    |   17.1ms | alcohol is poison...
[GAMING/GAM] | YouTube  | [Normal]     | 94%    |   16.1ms | w mark...
[ENTERTAINM] | YouTube  | [Normal]     | 94%    |   17.0ms | hi...
[ENTERTAINM] | YouTube  | [Normal]     | 97%    |   22.1ms | Congratulations on reaching 500 million!...
[GAMING/GAM] | YouTube  | [Normal]     | 92%    |   20.7ms | There's an anomaly top left!!!!...
[GAMING/SUR] | YouTube  | [Normal]     | 94%    |   18.4ms | 5...
[GAMING/SUR] | YouTube  | [Normal]     | 96%    |   16.5ms | Rogue is the MVP of this stream . no sle...
[GAMING/GAM] | YouTube  | [Normal]     | 96%    |   15.0ms | the railing moved in stairwell...
[GAMING/GAM] | YouTube  | [Normal]     | 96%    |   15.9ms | the railing??...
[ENTERTAINM] | YouTube  | [Normal]     | 94%    |   13.0ms | 1...
[ENTERTAINM] | YouTube  | [Normal]     | 94%    |   16.0ms | 2...
[GAMING/GAM] | YouTube  | [Normal]     | 90%    |   14.0ms | THE RAIL...
[GAMING/SUR] | YouTube  | [Normal]     | 95%    |   16.1ms | So tempted to play this...
[GAMING/SUR] | YouTube  | [Normal]     | 95%    |   14.8ms | looks great...
[ENTERTAINM] | YouTube  | [Normal]     | 95%    |   11.1ms | 111...
[GAMING/GAM] | YouTube  | [Normal]     | 93%    |   18.5ms | HEY MARK ME AND MY GIRLFRIEND LOVE YOU S...
[SELF-HELP/] | YouTube  | [Normal]     | 95%    |   14.0ms | Yea  no. Universe wants me to learn boun...
[ENTERTAINM] | YouTube  | [Normal]     | 94%    |    7.5ms | 1...
[GAMING/GAM] | YouTube  | [Normal]     | 96%    |    7.0ms | heyo Markiplier...
[ENTERTAINM] | YouTube  | [Normal]     | 90%    |    8.0ms | 𝟐...
[GAMING/GAM] | YouTube  | [Normal]     | 90%    |    8.0ms | Missing cam...
[GAMING/GAM] | YouTube  | [Normal]     | 96%    |   15.5ms | CONE?...
[GAMING/GAM] | YouTube  | [Normal]     | 96%    |   16.7ms | HELLO MARK !!...
[GAMING/GAM] | YouTube  | [OFFENSIVE]  | 96%    |   19.0ms | Ker'fuckle'd...
[ENTERTAINM] | YouTube  | [Normal]     | 94%    |   13.0ms | 1...
[GAMING/SUR] | YouTube  | [Normal]     | 87%    |   10.9ms | No...
[ENTERTAINM] | YouTube  | [Normal]     | 95%    |    8.7ms | 67...
[GAMING/SUR] | YouTube  | [Normal]     | 85%    |    8.0ms | nooooo...
[GAMING/GAM] | YouTube  | [Normal]     | 97%    |    7.0ms | Good morning...
[ENTERTAINM] | YouTube  | [Normal]     | 94%    |    8.0ms | 1...
[MUSIC/CHIL] | YouTube  | [Normal]     | 95%    |    8.0ms | abhisek pta ni meri yadasht kmjor h...
[GAMING/SUR] | YouTube  | [Normal]     | 68%    |   11.5ms | dont do it...
[GAMING/SUR] | YouTube  | [Normal]     | 91%    |   17.6ms | Build up p...
[GAMING/GAM] | YouTube  | [Normal]     | 96%    |   13.1ms | lamp in interior...
[ENTERTAINM] | YouTube  | [Normal]     | 94%    |   18.3ms | wait hv you seen the play button yet...
[GAMING/SUR] | YouTube  | [Normal]     | 82%    |   18.0ms | bro did Cloakzy ever attack their base? ...
[GAMING/SUR] | YouTube  | [Normal]     | 96%    |   18.5ms | North-ish...
[ENTERTAINM] | YouTube  | [Normal]     | 95%    |   17.1ms | aura...
[GAMING/GAM] | YouTube  | [Normal]     | 94%    |   11.0ms | The bedroom camera was missing...
[GAMING/GAM] | YouTube  | [Normal]     | 96%    |   15.5ms | LOLL hi guys hi mark...
[GAMING/GAM] | YouTube  | [Normal]     | 92%    |   15.0ms | oh no...
[GAMING/GAM] | YouTube  | [Normal]     | 87%    |   11.5ms | I always been curious  what happens when...
[ENTERTAINM] | YouTube  | [Normal]     | 79%    |    9.0ms | whats going on...
[GAMING/GAM] | YouTube  | [Normal]     | 76%    |    9.0ms | LAME...
[ENTERTAINM] | YouTube  | [Normal]     | 98%    |   11.3ms | :face-blue-smiling::face-blue-smiling::f...
[GAMING/GAM] | YouTube  | [Normal]     | 46%    |    9.0ms | I don't know what obversation is  but yo...
[GAMING/GAM] | YouTube  | [Normal]     | 93%    |    9.5ms | yes...
[ENTERTAINM] | YouTube  | [Normal]     | 97%    |   13.0ms | :chart_increasing::chart_increasing::cha...
[GAMING/GAM] | YouTube  | [Normal]     | 95%    |   10.0ms | obversation...
[ENTERTAINM] | YouTube  | [Normal]     | 96%    |   17.1ms | :red_heart:...
[GAMING/GAM] | YouTube  | [Normal]     | 97%    |   14.6ms | YESSIR :salute:...
[GAMING/SUR] | YouTube  | [Normal]     | 83%    |    8.5ms | did they get raided...
[GAMING/GAM] | YouTube  | [Normal]     | 77%    |   34.6ms | MARK  YOU ARE AN AMAZING FIL MAKER. IRON...
[GAMING/GAM] | YouTube  | [Normal]     | 97%    |   16.0ms | Obversation LOLLL...
[GAMING/GAM] | YouTube  | [Normal]     | 95%    |   11.4ms | based...
[MUSIC/CHIL] | YouTube  | [Normal]     | 97%    |   23.0ms | :beaming_face_with_smiling_eyes::rolling...
[GAMING/GAM] | YouTube  | [Normal]     | 93%    |   16.0ms | Title of the live is an anomaly...
[GAMING/GAM] | YouTube  | [Normal]     | 92%    |   12.1ms | bed no crumpled...
[GAMING/GAM] | YouTube  | [Normal]     | 97%    |   18.0ms | I saw Iron Lung yesterday. It was SO GOO...
[ENTERTAINM] | YouTube  | [Normal]     | 89%    |   12.0ms | W Mr beast...
[GAMING/GAM] | YouTube  | [Normal]     | 95%    |    7.5ms | change the title back...
[GAMING/GAM] | YouTube  | [Normal]     | 95%    |    8.0ms | hello...
[ENTERTAINM] | YouTube  | [Normal]     | 94%    |   19.5ms | 1...
[GAMING/GAM] | YouTube  | [Normal]     | 93%    |   19.5ms | the windows in the keepers cabin can fro...
[GAMING/GAM] | YouTube  | [Normal]     | 90%    |   14.5ms | Maybe something was walking up the stair...
[ENTERTAINM] | YouTube  | [Normal]     | 97%    |   29.9ms | :face_with_tears_of_joy::face_with_tears...
[GAMING/GAM] | YouTube  | [HATE]       | 41%    |   16.7ms | Ranch better be the dressing and not a f...
[ENTERTAINM] | YouTube  | [Normal]     | 89%    |   11.9ms | heyy...
[GAMING/GAM] | YouTube  | [Normal]     | 83%    |   12.7ms | GOOOD JOBBB...
[GAMING/GAM] | YouTube  | [Normal]     | 91%    |   18.4ms | W...
[ENTERTAINM] | YouTube  | [Normal]     | 94%    |    9.1ms | hi...
[SELF-HELP/] | YouTube  | [Normal]     | 89%    |   14.2ms | How do I know it's not my adhd telling m...
[ENTERTAINM] | YouTube  | [Normal]     | 87%    |   12.3ms | MR beast your the best youtuber ever...
[SPORTS/FOO] | YouTube  | [Normal]     | 95%    |    8.7ms | You aer the best one:red_heart:...
[GAMING/GAM] | YouTube  | [Normal]     | 93%    |    8.7ms | YOOOOOOOOOOOOO MARK LOVE YA DUDE!!!!...
[NEWS/LIVE ] | YouTube  | [Normal]     | 90%    |   12.1ms | also they brought potential black jurors...
[GAMING/GAM] | YouTube  | [Normal]     | 95%    |   15.3ms | stay on one camera longer!!!...
[ENTERTAINM] | YouTube  | [Normal]     | 97%    |   14.5ms | bro donate me 1000 dollars for iphone an...
[SPORTS/FOO] | YouTube  | [Normal]     | 94%    |   19.1ms | 함께 가자 일본...
[ENTERTAINM] | YouTube  | [Normal]     | 87%    |   15.6ms | A...
[ENTERTAINM] | YouTube  | [Normal]     | 93%    |   16.7ms | trollcraft was peak...
[ENTERTAINM] | YouTube  | [Normal]     | 96%    |    9.7ms | it's not go 500M today...
[GAMING/GAM] | YouTube  | [Normal]     | 67%    |    8.0ms | im SCARED...
[GAMING/GAM] | YouTube  | [Normal]     | 96%    |    8.0ms | extra bottle in pier?...
[ENTERTAINM] | YouTube  | [Normal]     | 95%    |    6.7ms | 67...
[GAMING/GAM] | YouTube  | [Normal]     | 96%    |    7.6ms | Was there always 2 bottles on the docks?...
[SELF-HELP/] | YouTube  | [Normal]     | 97%    |   16.6ms | today is my final day at my job I've bee...
[ENTERTAINM] | YouTube  | [Normal]     | 96%    |   13.0ms | Good luck on 500 million sub...
[ENTERTAINM] | YouTube  | [Normal]     | 97%    |   13.0ms | Facebook Crashed :grimacing_face:...
[ENTERTAINM] | YouTube  | [Normal]     | 97%    |    9.0ms | i live in Brasil...
[ENTERTAINM] | YouTube  | [Normal]     | 97%    |   18.0ms | MrBeast  congrats on 500 million! As you...
[GAMING/GAM] | YouTube  | [Normal]     | 90%    |    8.0ms | squinten Tarantino...
[GAMING/GAM] | YouTube  | [Normal]     | 91%    |   23.6ms | I would not have the concentration for t...
[GAMING/GAM] | YouTube  | [Normal]     | 92%    |   14.5ms | Yord...
[ENTERTAINM] | YouTube  | [Normal]     | 94%    |   15.0ms | do an age poll...
[GAMING/GAM] | YouTube  | [Normal]     | 82%    |   13.6ms | hello markiplier and the iplier gang...
[GAMING/GAM] | YouTube  | [Normal]     | 96%    |    8.1ms | I have good eyes...
[GAMING/GAM] | YouTube  | [Normal]     | 97%    |    8.0ms | This is my first video on my BRAND NEW L...
[GAMING/GAM] | YouTube  | [Normal]     | 78%    |   10.0ms | the hammer inside the boat...
[ENTERTAINM] | YouTube  | [Normal]     | 97%    |    7.5ms | Jimmy 500m...
[GAMING/SUR] | YouTube  | [Normal]     | 88%    |    6.6ms | RIP WINDMILL...
[GAMING/GAM] | YouTube  | [Normal]     | 97%    |    6.0ms | It looks cool :smiling_face_with_sunglas...
[ENTERTAINM] | YouTube  | [Normal]     | 93%    |    7.1ms | yes...
[GAMING/GAM] | YouTube  | [Normal]     | 95%    |   12.0ms | hii...
[GAMING/GAM] | YouTube  | [Normal]     | 95%    |   11.6ms | mousetrap in stairwell...
[PSYCHOLOGY] | YouTube  | [Normal]     | 93%    |   11.5ms | avoiding is bad?...
[ENTERTAINM] | YouTube  | [Normal]     | 93%    |   12.6ms | Yes...
[ENTERTAINM] | YouTube  | [Normal]     | 93%    |   13.3ms | Yes...
[ENTERTAINM] | YouTube  | [Normal]     | 41%    |    8.4ms | its because they are 8 years old...
[ENTERTAINM] | YouTube  | [Normal]     | 96%    |   11.8ms | think I heard his name before...
[GAMING/GAM] | YouTube  | [Normal]     | 88%    |    8.0ms | Dock...
[GAMING/GAM] | YouTube  | [Normal]     | 95%    |   18.1ms | ENTRANCE  light left side of door moved ...
[ENTERTAINM] | YouTube  | [Normal]     | 96%    |   12.0ms | i do...
[GAMING/GAM] | YouTube  | [Normal]     | 96%    |   16.0ms | Yeeei...
[GAMING/GAM] | YouTube  | [Normal]     | 87%    |   21.0ms | camera malfunction keep just in case...
[ENTERTAINM] | YouTube  | [Normal]     | 97%    |   13.0ms | سلام از ایران...
[GAMING/GAM] | YouTube  | [Normal]     | 91%    |   18.0ms | its 1am in switzerland wooooooo...
[ENTERTAINM] | YouTube  | [Normal]     | 97%    |   14.1ms | congratulations for 1 million...
[GAMING/GAM] | YouTube  | [Normal]     | 96%    |   10.0ms | :face_screaming_in_fear::police_car_ligh...
[GAMING/GAM] | YouTube  | [Normal]     | 97%    |   16.5ms | was there always a fan tied to the rope ...
[ENTERTAINM] | YouTube  | [Normal]     | 96%    |   13.2ms | from india...
[ENTERTAINM] | YouTube  | [Normal]     | 95%    |   15.5ms | :goodvibes:...
[SPORTS/FOO] | YouTube  | [Normal]     | 95%    |   12.5ms | 6_1...
[GAMING/GAM] | YouTube  | [Normal]     | 69%    |   21.0ms | Far end of the dock is way round than be...
[GAMING/SUR] | YouTube  | [Normal]     | 68%    |   18.1ms | Cloak come to finish them off...
[PSYCHOLOGY] | YouTube  | [Normal]     | 97%    |   17.5ms | wow...interesting...
[ENTERTAINM] | YouTube  | [Normal]     | 94%    |   23.0ms | Almost half a billion subs bro I have ha...
[GAMING/GAM] | YouTube  | [Normal]     | 86%    |   13.0ms | under the bed...
[GAMING/GAM] | YouTube  | [Normal]     | 96%    |    8.0ms | white knuckle part 6 when?...
[ENTERTAINM] | YouTube  | [Normal]     | 97%    |    7.0ms | 500m...
[GAMING/GAM] | YouTube  | [Normal]     | 90%    |    7.5ms | abyssy...
[GAMING/SUR] | YouTube  | [Normal]     | 84%    |    6.0ms | Cant defend locked in ckre without shoot...
[GAMING/GAM] | YouTube  | [Normal]     | 91%    |    6.6ms | oh no my God it's john wick...
[ENTERTAINM] | YouTube  | [Normal]     | 97%    |    8.0ms | :waving_hand::waving_hand::waving_hand::...
[ENTERTAINM] | YouTube  | [Normal]     | 92%    |   12.0ms | MRBEAST!...
[ENTERTAINM] | YouTube  | [Normal]     | 93%    |   20.0ms | hey buddy...
[ENTERTAINM] | YouTube  | [Normal]     | 97%    |   31.3ms | :red_circle::weary_face::smiling_face_wi...
[ENTERTAINM] | YouTube  | [Normal]     | 94%    |   14.5ms | Hi...
[GAMING/GAM] | YouTube  | [Normal]     | 94%    |   16.0ms | what r we playing...
[GAMING/GAM] | YouTube  | [Normal]     | 96%    |   15.7ms | there's an extra bottle in the pier...
[ENTERTAINM] | YouTube  | [Normal]     | 96%    |   18.5ms | hay mister Bisht I am fine...
[GAMING/GAM] | YouTube  | [Normal]     | 96%    |   13.0ms | was that light on in the yard top middle...
[ENTERTAINM] | YouTube  | [Normal]     | 91%    |   13.1ms | HI MT BEAST  I'M FROM BRAZILIAM   SPEAK ...
[ENTERTAINM] | YouTube  | [Normal]     | 97%    |   11.0ms | ليبيا...
[GAMING/GAM] | YouTube  | [Normal]     | 95%    |   10.0ms | bottle at the pier...
[GAMING/GAM] | YouTube  | [Normal]     | 97%    |   16.4ms | mark needs to put out more videos...
[GAMING/GAM] | YouTube  | [Normal]     | 96%    |   10.7ms | Vitor WixMix que que voce jogue o jogo d...
[ENTERTAINM] | YouTube  | [Normal]     | 96%    |   10.3ms | 5m $ please :pleading_face:...
[ENTERTAINM] | YouTube  | [Normal]     | 90%    |   18.0ms | Do lazer...
[MUSIC/CHIL] | YouTube  | [Normal]     | 97%    |   15.0ms | ZS any bf or still jawaan dilo ki dhadka...
[GAMING/GAM] | YouTube  | [Normal]     | 87%    |   10.6ms | was the thing under the bed always there...
[GAMING/GAM] | YouTube  | [Normal]     | 96%    |   17.0ms | WATCHING IRON LUNG AGAIN IN A FEW HOURS ...
[SPORTS/FOO] | YouTube  | [Normal]     | 94%    |   11.1ms | Congrats JAPAN WELL PLAYED...
[GAMING/GAM] | YouTube  | [Normal]     | 95%    |   12.6ms | hmmmm...
[ENTERTAINM] | YouTube  | [Normal]     | 90%    |   15.7ms | WHAT...
[ENTERTAINM] | YouTube  | [Normal]     | 91%    |   14.0ms | W...
[ENTERTAINM] | YouTube  | [Normal]     | 97%    |   24.0ms | :face_blowing_a_kiss::face_blowing_a_kis...
[PSYCHOLOGY] | YouTube  | [Normal]     | 92%    |   14.1ms | A LOT OF PEOPLE WONT GET THIS...
[MUSIC/CHIL] | YouTube  | [Normal]     | 97%    |   15.5ms | Iisus Hristos ba Iisus Hristos :hugging_...
[GAMING/GAM] | YouTube  | [Normal]     | 97%    |   15.0ms | EXTRA BARRELS IN BASEMENT MARK!...
[GAMING/GAM] | YouTube  | [Normal]     | 97%    |   15.6ms | extra rope interior...
[ENTERTAINM] | YouTube  | [Normal]     | 94%    |   18.5ms | hi...
[MUSIC/CHIL] | YouTube  | [Normal]     | 98%    |    8.0ms | :black_heart::sleeping_face::bouquet:...
[GAMING/GAM] | YouTube  | [Normal]     | 95%    |   13.1ms | D O N G D O N G...
[GAMING/GAM] | YouTube  | [Normal]     | 95%    |   16.0ms | Why does the spiral staircase look like ...
[ENTERTAINM] | YouTube  | [Normal]     | 98%    |   30.0ms | :hand-pink-waving::hand-pink-waving::han...
[GAMING/SUR] | YouTube  | [Normal]     | 97%    |   24.6ms | Oh no here comes Nick mercs  lol....
[GAMING/GAM] | YouTube  | [Normal]     | 95%    |   18.1ms | Hey MArk  today i aw your movie and it w...
[GAMING/GAM] | YouTube  | [Normal]     | 90%    |   15.2ms | THERES A MISSING THING HANGING IN THE LI...
[GAMING/SUR] | YouTube  | [Normal]     | 88%    |   14.6ms | pog aim...
[GAMING/GAM] | YouTube  | [Normal]     | 95%    |   20.0ms | The lights are moving...
[ENTERTAINM] | YouTube  | [Normal]     | 97%    |   24.1ms | Today is my birthday...
[GAMING/GAM] | YouTube  | [Normal]     | 97%    |   26.6ms | silent hill pt 11 please :folded_hands:...
[GAMING/GAM] | YouTube  | [Normal]     | 94%    |   22.5ms | PICTURE...
[ENTERTAINM] | YouTube  | [Normal]     | 97%    |   20.0ms | Hi Jimmy I'm from Bangladesh...
[GAMING/GAM] | YouTube  | [Normal]     | 96%    |   11.0ms | object movement of bottle at the pier by...
[GAMING/GAM] | YouTube  | [Normal]     | 88%    |   10.5ms | phew...
[GAMING/GAM] | YouTube  | [OFFENSIVE]  | 44%    |   11.0ms | Goopy...
[GAMING/GAM] | YouTube  | [Normal]     | 92%    |   14.2ms | yard camera malfunction...
[GAMING/SUR] | YouTube  | [Normal]     | 46%    |    7.0ms | @TheBurntPeanut my daughter says you nee...
[MUSIC/CHIL] | YouTube  | [Normal]     | 95%    |    6.5ms | tre să ne supunem lui Dumnezeu la modul ...
[ENTERTAINM] | YouTube  | [Normal]     | 81%    |    9.0ms | This is Asadullah from Pakistan wants to...
[ENTERTAINM] | YouTube  | [Normal]     | 78%    |    9.4ms | italyyyyyy...
[ENTERTAINM] | YouTube  | [Normal]     | 91%    |   10.6ms | UK...
[ENTERTAINM] | YouTube  | [Normal]     | 95%    |    6.0ms | Aus...
[MUSIC/CHIL] | YouTube  | [Normal]     | 95%    |    6.1ms | .......
[GAMING/GAM] | YouTube  | [Normal]     | 92%    |    8.0ms | pretty sure the fusebox is supposed to b...
[MUSIC/CHIL] | YouTube  | [Normal]     | 95%    |   11.0ms | nu ma mai uit...
[GAMING/GAM] | YouTube  | [Normal]     | 96%    |   15.0ms | FUSE BOX...
[ENTERTAINM] | YouTube  | [Normal]     | 90%    |   12.6ms | USA...
[ENTERTAINM] | YouTube  | [Normal]     | 95%    |   13.0ms | Bangladesh...
[NEWS/LIVE ] | YouTube  | [Normal]     | 91%    |    9.0ms | farm no one can see soon  lil kid...
[ENTERTAINM] | YouTube  | [Normal]     | 98%    |   13.3ms | :face-blue-smiling::face-blue-smiling::f...
[ENTERTAINM] | YouTube  | [Normal]     | 91%    |   12.0ms | ALGERIA...
[GAMING/GAM] | YouTube  | [Normal]     | 92%    |   11.1ms | ANOMALY IN TOP LEFT...
[GAMING/SUR] | YouTube  | [Normal]     | 97%    |   13.5ms | oil...
[MUSIC/CHIL] | YouTube  | [Normal]     | 93%    |    8.0ms | suz sis hi...
[PSYCHOLOGY] | YouTube  | [Normal]     | 88%    |    8.5ms | More talking less bombing...
[GAMING/GAM] | YouTube  | [Normal]     | 94%    |   18.0ms | The pillow stack moved in the basement...
[GAMING/GAM] | YouTube  | [Normal]     | 91%    |   13.1ms | Marks going crazy...
[MUSIC/CHIL] | YouTube  | [Normal]     | 97%    |   18.0ms | Altair pedarast:smiling_face_with_tear:...
[GAMING/SUR] | YouTube  | [Normal]     | 50%    |    9.0ms | turents you need them...
[ENTERTAINM] | YouTube  | [Normal]     | 96%    |   17.5ms | :yt::yt::yt::yt::yt::yt::yt::yt::yt::yt:...
[ENTERTAINM] | YouTube  | [Normal]     | 94%    |   14.0ms | 1...
[ENTERTAINM] | YouTube  | [Normal]     | 94%    |   11.4ms | 1...
[GAMING/SUR] | YouTube  | [Normal]     | 92%    |   11.5ms | how does yes answer anything...
[GAMING/GAM] | YouTube  | [Normal]     | 92%    |   16.0ms | light anomaly...
[ENTERTAINM] | YouTube  | [Normal]     | 94%    |   11.6ms | 1...
[GAMING/SUR] | YouTube  | [Normal]     | 93%    |    8.0ms | YES STAY...
[GAMING/GAM] | YouTube  | [Normal]     | 96%    |    6.5ms | MARKKK FOG AT THE YARD...
[GAMING/GAM] | YouTube  | [Normal]     | 83%    |   22.0ms | Fog or camera malfunction is the wibble ...
[ENTERTAINM] | YouTube  | [Normal]     | 94%    |    9.0ms | 1...
[PSYCHOLOGY] | YouTube  | [Normal]     | 93%    |   12.1ms | the 3...
[GAMING/GAM] | YouTube  | [Normal]     | 92%    |   14.0ms | light anomaly in the yard!...
[GAMING/GAM] | YouTube  | [Normal]     | 85%    |   15.5ms | Colonel Mustard in the Stairwell with th...
[GAMING/GAM] | YouTube  | [Normal]     | 97%    |    9.0ms | LIGHT ON YARD...
[PSYCHOLOGY] | YouTube  | [Normal]     | 76%    |   15.0ms | exists in deez nuts...
[GAMING/GAM] | YouTube  | [Normal]     | 93%    |    9.0ms | FUSEBOX...
[ENTERTAINM] | YouTube  | [Normal]     | 87%    |   23.0ms | helllooooooooo :fire::fire::fire::fire::...
[GAMING/GAM] | YouTube  | [Normal]     | 96%    |   10.6ms | the canisters in basement moved!!...
[ENTERTAINM] | YouTube  | [Normal]     | 94%    |    8.0ms | 1...
[GAMING/GAM] | YouTube  | [Normal]     | 93%    |    9.1ms | Fusebox...
[GAMING/GAM] | YouTube  | [Normal]     | 96%    |   14.5ms | EW EW EW...
[GAMING/GAM] | YouTube  | [Normal]     | 97%    |   14.0ms | MARK FUSE BOX...
[GAMING/GAM] | YouTube  | [Normal]     | 94%    |   17.5ms | EWWIEE...
[PSYCHOLOGY] | YouTube  | [Normal]     | 96%    |   21.0ms | Dr. K to restaurant bro: So let's think ...
[ENTERTAINM] | YouTube  | [Normal]     | 97%    |   13.6ms | hi Mr.beast...
[PSYCHOLOGY] | YouTube  | [Normal]     | 52%    |    7.5ms | Is this why hook up culture become such ...
[GAMING/GAM] | YouTube  | [HATE]       | 81%    |   16.0ms | The googly moogly...
[ENTERTAINM] | YouTube  | [Normal]     | 93%    |   11.1ms | hello mr beast...
[GAMING/GAM] | YouTube  | [HATE]       | 36%    |   16.0ms | Youre crazy...
[SELF-HELP/] | YouTube  | [Normal]     | 72%    |   14.0ms | dr k are you broken...
[ENTERTAINM] | YouTube  | [Normal]     | 97%    |   22.6ms | hola soy alexautos de ecuador...
[ENTERTAINM] | YouTube  | [Normal]     | 95%    |   10.0ms | hii...
[GAMING/GAM] | YouTube  | [Normal]     | 96%    |   10.9ms | Um.... did those stairs always have that...
[GAMING/GAM] | YouTube  | [Normal]     | 96%    |    7.0ms | barrels moved...
[GAMING/SUR] | YouTube  | [Normal]     | 88%    |    6.0ms | @Liteningflows who?...
[GAMING/GAM] | YouTube  | [Normal]     | 96%    |    8.0ms | PURPLE TOWEL IN LanTERN ROOM...
[ENTERTAINM] | YouTube  | [Normal]     | 92%    |   13.0ms | hey son...
[ENTERTAINM] | YouTube  | [Normal]     | 98%    |   22.1ms | :popcorn-yellow-striped-smile::popcorn-y...
[NEWS/LIVE ] | YouTube  | [Normal]     | 98%    |   11.0ms | Oatmeal is...biracial...
[ENTERTAINM] | YouTube  | [Normal]     | 97%    |    9.1ms | Hello!!:hand-pink-waving:...
[GAMING/GAM] | YouTube  | [Normal]     | 96%    |    7.0ms | THIS IS MY FAVORITE GAME...
[GAMING/GAM] | YouTube  | [Normal]     | 96%    |   11.2ms | FUSE BOX...
[GAMING/GAM] | YouTube  | [Normal]     | 83%    |    7.0ms | we are just too smart for the game...
[GAMING/GAM] | YouTube  | [Normal]     | 98%    |    9.0ms | mouse traps - basement...
[MUSIC/CHIL] | YouTube  | [Normal]     | 97%    |   10.0ms | @syedsoul bye  :backhand_index_pointing_...
[ENTERTAINM] | YouTube  | [Normal]     | 94%    |    8.0ms | hi...
[GAMING/GAM] | YouTube  | [Normal]     | 96%    |   20.4ms | Was the furnace smoking again???...
[GAMING/SUR] | YouTube  | [Normal]     | 85%    |   15.5ms | :peanuts: paranoid...
[GAMING/SUR] | YouTube  | [Normal]     | 96%    |   11.5ms | I TOLD YOU 20 MIN AGO TO GO DO RECYCLING...
[GAMING/SUR] | YouTube  | [Normal]     | 83%    |    7.5ms | NOOOOO TO SLOW...
[GAMING/GAM] | YouTube  | [Normal]     | 95%    |   11.6ms | THE BARRELS...
[GAMING/SUR] | YouTube  | [Normal]     | 91%    |   14.0ms | when putting code in you can press R and...
[GAMING/GAM] | YouTube  | [Normal]     | 94%    |   10.3ms | The beams on the stairway down looks wei...
[MUSIC/CHIL] | YouTube  | [Normal]     | 96%    |   13.6ms | :slightly_smiling_face:...
[ENTERTAINM] | YouTube  | [Normal]     | 93%    |   14.7ms | :goodvibes::goodvibes::goodvibes::goodvi...
[GAMING/GAM] | YouTube  | [Normal]     | 94%    |   13.1ms | I'm not coordinated enough to play these...
[ENTERTAINM] | YouTube  | [Normal]     | 84%    |   15.3ms | America...
[GAMING/GAM] | YouTube  | [Normal]     | 76%    |   13.6ms | DUCKY...
[GAMING/GAM] | YouTube  | [Normal]     | 96%    |   10.5ms | STAIRWELL RAILING MOVED...
[GAMING/GAM] | YouTube  | [Normal]     | 96%    |   11.9ms | railing in the stairwell...
[GAMING/GAM] | YouTube  | [Normal]     | 92%    |   13.9ms | WHAT WAS THAT...
[GAMING/GAM] | YouTube  | [Normal]     | 95%    |   12.5ms | the raíl in stairwell rotated...
[GAMING/GAM] | YouTube  | [Normal]     | 91%    |   14.8ms | door yard...
[ENTERTAINM] | YouTube  | [Normal]     | 95%    |   13.0ms | @MrBeast I know u since my childhood I w...
[SPORTS/FOO] | YouTube  | [Normal]     | 92%    |    8.5ms | boisss...
[ENTERTAINM] | YouTube  | [Normal]     | 95%    |    8.0ms | :elbowcough:...
[SELF-HELP/] | YouTube  | [Normal]     | 93%    |    8.5ms | Never heard of it...
[GAMING/GAM] | YouTube  | [Normal]     | 83%    |   12.9ms | OH HELL NAH...
[ENTERTAINM] | YouTube  | [Normal]     | 96%    |   13.9ms | Please PC I need this...
[ENTERTAINM] | YouTube  | [Normal]     | 97%    |   13.2ms | love from India...
[GAMING/SUR] | YouTube  | [Normal]     | 57%    |   12.0ms | train saving them from themselves...
[GAMING/SUR] | YouTube  | [Normal]     | 91%    |    5.7ms | DILLON DANIS IS NOT IN UFC...
[GAMING/GAM] | YouTube  | [Normal]     | 96%    |    8.0ms | siren! that's kinda cool...
[ENTERTAINM] | YouTube  | [Normal]     | 94%    |    8.5ms | Ny...
[GAMING/GAM] | YouTube  | [Normal]     | 95%    |    6.0ms | Fence in stairwell...
[GAMING/GAM] | YouTube  | [Normal]     | 97%    |    9.5ms | the stairwell railing switched sides mar...
[ENTERTAINM] | YouTube  | [Normal]     | 97%    |    6.0ms | ariana grande singing...
[ENTERTAINM] | YouTube  | [Normal]     | 88%    |    8.6ms | Canada...
[GAMING/SUR] | YouTube  | [Normal]     | 96%    |   18.5ms | :grinning_face_with_sweat::grinning_face...
[GAMING/GAM] | YouTube  | [Normal]     | 91%    |   18.0ms | Interior foggy...
[GAMING/GAM] | YouTube  | [Normal]     | 97%    |    8.2ms | STAIRWELL: left side railing moved...
[ENTERTAINM] | YouTube  | [Normal]     | 95%    |    8.0ms | Only 10k...
[ENTERTAINM] | YouTube  | [Normal]     | 97%    |   10.1ms | Can I have an iPhone?...
[GAMING/GAM] | YouTube  | [Normal]     | 97%    |   15.6ms | STAIRWELL: left side railing moved...
[GAMING/GAM] | YouTube  | [Normal]     | 98%    |   13.0ms | I work at barnes and noble and I just so...
[GAMING/SUR] | YouTube  | [Normal]     | 79%    |    8.1ms | Someone who locks boxes get kicked from ...
[ENTERTAINM] | YouTube  | [Normal]     | 94%    |   10.0ms | yeh...
[GAMING/GAM] | YouTube  | [Normal]     | 96%    |   15.0ms | I LOVE YOU MARKIPLIER...
[GAMING/GAM] | YouTube  | [Normal]     | 90%    |   20.0ms | it might be if I ever watched podcast...
[ENTERTAINM] | YouTube  | [Normal]     | 93%    |   15.7ms | Europe...
[GAMING/GAM] | YouTube  | [Normal]     | 97%    |   18.2ms | mark! now that you've more free time  i'...
[GAMING/GAM] | YouTube  | [Normal]     | 96%    |   18.0ms | barrell fell over!!!...
[GAMING/GAM] | YouTube  | [Normal]     | 96%    |    8.5ms | Adjective noun...
[GAMING/GAM] | YouTube  | [Normal]     | 58%    |   10.0ms | mark your voice is too loud for my shitt...
[ENTERTAINM] | YouTube  | [Normal]     | 97%    |    7.0ms | :people_hugging::people_hugging::people_...
[GAMING/GAM] | YouTube  | [Normal]     | 96%    |    8.1ms | stairwell!!!...
[GAMING/GAM] | YouTube  | [Normal]     | 92%    |   19.0ms | Congrats on the big success of Iron Lung...
[GAMING/SUR] | YouTube  | [OFFENSIVE]  | 81%    |   24.0ms | WE FUCK EM...
[ENTERTAINM] | YouTube  | [Normal]     | 94%    |   18.0ms | হিইই...
[ENTERTAINM] | YouTube  | [Normal]     | 94%    |   24.0ms | :chillwdog::chillwdog::chillwdog::chillw...
[ENTERTAINM] | YouTube  | [Normal]     | 95%    |    9.1ms | 67...
[GAMING/SUR] | YouTube  | [Normal]     | 88%    |   13.5ms | WHAT DID YOU ORDER PEANUT...
[GAMING/SUR] | YouTube  | [Normal]     | 80%    |   21.0ms | :_PeanutJork::_BungusMac:...
[GAMING/GAM] | YouTube  | [Normal]     | 96%    |   22.6ms | Stairwell  Hole  missing pole on middle ...
[GAMING/GAM] | YouTube  | [Normal]     | 93%    |    7.5ms | Yard bottle...
[ENTERTAINM] | YouTube  | [Normal]     | 97%    |   18.0ms | Help me from Nepal :folded_hands::folded...
[GAMING/SUR] | YouTube  | [Normal]     | 94%    |   11.1ms | this base is painful to navigate lol...
[GAMING/GAM] | YouTube  | [Normal]     | 95%    |   11.0ms | Congrats on Iron Lung's success Mark!! A...
[GAMING/GAM] | YouTube  | [Normal]     | 87%    |    9.6ms | NOW WE ARE DROWNING...
[GAMING/GAM] | YouTube  | [Normal]     | 96%    |    9.0ms | ADJECTIVE NOUN...
[MUSIC/CHIL] | YouTube  | [Normal]     | 94%    |   11.0ms | sach me...
[GAMING/GAM] | YouTube  | [Normal]     | 97%    |   22.0ms | Mark! The mice are in the box!...
[PSYCHOLOGY] | YouTube  | [Normal]     | 97%    |   10.0ms | And Inuyasha...
[GAMING/GAM] | YouTube  | [Normal]     | 97%    |    8.0ms | LEFT RAIL BY BOXES. STAIRWELL...
[GAMING/SUR] | YouTube  | [Normal]     | 97%    |   19.1ms | 12 turrets per grid...
[GAMING/GAM] | YouTube  | [Normal]     | 78%    |   19.0ms | aww look they spilled oil and tried clea...
[ENTERTAINM] | YouTube  | [Normal]     | 88%    |   39.0ms | nnnbnbnchj co to jest na nim zależy od t...
[ENTERTAINM] | YouTube  | [Normal]     | 96%    |   17.5ms | LES GOOOOOO!!!!!!!!!:face-blue-smiling::...
[GAMING/GAM] | YouTube  | [Normal]     | 86%    |    9.0ms | UNDER THE BED...
[ENTERTAINM] | YouTube  | [Normal]     | 96%    |   11.0ms | According to MDM  you gain 17.1K subscri...
[GAMING/GAM] | YouTube  | [Normal]     | 47%    |   17.0ms | "I don't mean to mock you  mercilessly" ...
[ENTERTAINM] | YouTube  | [Normal]     | 95%    |    7.8ms | hello...
[GAMING/GAM] | YouTube  | [Normal]     | 97%    |   18.0ms | painting in keepers quarters...
[MUSIC/CHIL] | YouTube  | [Normal]     | 96%    |   27.0ms | :face-blue-droopy-eyes:...
[ENTERTAINM] | YouTube  | [Normal]     | 93%    |   14.7ms | gg...
[ENTERTAINM] | YouTube  | [Normal]     | 85%    |   15.0ms | Some people just have no idea what they'...
[GAMING/SUR] | YouTube  | [Normal]     | 95%    |    9.0ms | welp...
[GAMING/GAM] | YouTube  | [Normal]     | 96%    |   15.1ms | MARK I WATCHED UR MOVIE LIKE 1 HOUR AGO...
[PSYCHOLOGY] | YouTube  | [Normal]     | 95%    |   13.6ms | Sense...
[ENTERTAINM] | YouTube  | [Normal]     | 94%    |   13.3ms | hi...
[GAMING/GAM] | YouTube  | [Normal]     | 95%    |   16.1ms | princess dounut aproves this game...
[GAMING/GAM] | YouTube  | [Normal]     | 93%    |    7.0ms | THE RAILING MOVED UP FROM BOTTOM LEFT MA...
[ENTERTAINM] | YouTube  | [Normal]     | 95%    |   19.0ms | jimmy are you going for the FIFA WORLD C...
[GAMING/GAM] | YouTube  | [HATE]       | 68%    |   20.0ms | Hey Mark  Saw lron Lung last night. Goat...
[ENTERTAINM] | YouTube  | [Normal]     | 76%    |   24.0ms | @MrBeast TURKEYYYYYY...
[MUSIC/CHIL] | YouTube  | [Normal]     | 97%    |   20.1ms | :person-turquoise-wizard-wand:...
[GAMING/GAM] | YouTube  | [Normal]     | 97%    |   19.5ms | desk object movement interior....
[MUSIC/CHIL] | YouTube  | [Normal]     | 94%    |   19.0ms | y me quede con más hambre que la que lle...
[GAMING/SUR] | YouTube  | [Normal]     | 93%    |   11.0ms | GG...
[GAMING/GAM] | YouTube  | [Normal]     | 88%    |    7.0ms | back up movie boy...
[GAMING/GAM] | YouTube  | [Normal]     | 94%    |    9.0ms | i wish i was that microphone rn...
[GAMING/SUR] | YouTube  | [Normal]     | 93%    |    7.0ms | W WELYN - I CANT BELIEVE PEANUT AND WELY...
[GAMING/GAM] | YouTube  | [Normal]     | 96%    |    6.5ms | Stack under map missing in Interior...
[SELF-HELP/] | YouTube  | [Normal]     | 92%    |   18.0ms | @notreallyabird wait how?...
[GAMING/SUR] | YouTube  | [Normal]     | 94%    |   14.0ms | power out not branch out...
[GAMING/GAM] | YouTube  | [Normal]     | 95%    |   16.6ms | Aaaaahh...
[GAMING/GAM] | YouTube  | [Normal]     | 98%    |   20.0ms | Fuse box open interior :red_exclamation_...
[MUSIC/CHIL] | YouTube  | [Normal]     | 97%    |    9.6ms | :face-blue-wide-eyes:...
[MUSIC/CHIL] | YouTube  | [Normal]     | 98%    |   18.0ms | :musical_notes:...
[ENTERTAINM] | YouTube  | [Normal]     | 87%    |   10.0ms | Genshin...
[GAMING/GAM] | YouTube  | [Normal]     | 96%    |   16.8ms | It's louder thanks!...
[GAMING/GAM] | YouTube  | [Normal]     | 97%    |   20.0ms | Extra bottle pier :folded_hands:...
[GAMING/GAM] | YouTube  | [OFFENSIVE]  | 83%    |   18.1ms | you are missing the damn railing  MARK!!...
[GAMING/GAM] | YouTube  | [Normal]     | 97%    |   18.1ms | are there extra objects in the crate in ...
[SELF-HELP/] | YouTube  | [Normal]     | 49%    |   24.0ms | I hope i learn something else from this ...
[ENTERTAINM] | YouTube  | [Normal]     | 97%    |   15.0ms | Congratulations on 500 Million...
[GAMING/SUR] | YouTube  | [Normal]     | 94%    |   14.5ms | POWER OUT TO POWER IN ON THE BRANCHES  b...
[GAMING/GAM] | YouTube  | [Normal]     | 92%    |   15.0ms | on the table! the eyeballs...
[ENTERTAINM] | YouTube  | [Normal]     | 94%    |   16.6ms | :mouth::mouth::mouth::mouth:...
[EDUCATION/] | YouTube  | [Normal]     | 79%    |   16.1ms | didn't know them islands were part of Al...
[GAMING/GAM] | YouTube  | [Normal]     | 95%    |   16.0ms | :rolling_on_the_floor_laughing::rolling_...
[SELF-HELP/] | YouTube  | [Normal]     | 89%    |    8.0ms | niether...
[ENTERTAINM] | YouTube  | [Normal]     | 96%    |   22.0ms | :yt::yt::yt::yt::yt::yt::yt::yt:...
[GAMING/GAM] | YouTube  | [Normal]     | 89%    |   12.0ms | u jinx it...
[SELF-HELP/] | YouTube  | [Normal]     | 50%    |   15.5ms | because high iq = high depression...
[GAMING/GAM] | YouTube  | [Normal]     | 97%    |   16.0ms | :face-red-heart-shape:...
[GAMING/GAM] | YouTube  | [Normal]     | 97%    |   18.6ms | My first mark stream!!! this is awesome...
[ENTERTAINM] | YouTube  | [Normal]     | 96%    |   12.0ms | New member...
[GAMING/GAM] | YouTube  | [Normal]     | 85%    |   11.0ms | DEAD BODY ON CABIN...
[GAMING/GAM] | YouTube  | [Normal]     | 95%    |   10.6ms | wtf XD...
[SPORTS/FOO] | YouTube  | [Normal]     | 89%    |   11.0ms | ㅋㅋㅋㅋ 그냥 그란투리스모나할까...
[SELF-HELP/] | YouTube  | [Normal]     | 96%    |   10.8ms | survival?...
[GAMING/GAM] | YouTube  | [Normal]     | 97%    |   16.5ms | MOVEMENT RAILING NEAR PAINT CANS !!!...
[SELF-HELP/] | YouTube  | [Normal]     | 95%    |   12.0ms | isn't that just measurement...
[ENTERTAINM] | YouTube  | [Normal]     | 95%    |   14.5ms | hiiiiiiiiiiiiiiiiiiiiiiiiiiiiiiiiiiiiiii...
[GAMING/SUR] | YouTube  | [Normal]     | 88%    |   13.0ms | @thelegendron why?...
[MUSIC/CHIL] | YouTube  | [Normal]     | 95%    |   11.6ms | raggy wali dikh rahi h mujhee...
[ENTERTAINM] | YouTube  | [Normal]     | 98%    |   16.5ms | :chequered_flag::chequered_flag::chequer...
[GAMING/GAM] | YouTube  | [Normal]     | 97%    |    9.0ms | was that purple towel on the balcony alw...
[SELF-HELP/] | YouTube  | [Normal]     | 95%    |    8.0ms | It makes us disfunctional...
[GAMING/GAM] | YouTube  | [Normal]     | 97%    |    8.0ms | i swear the camera angle looks different...
[ENTERTAINM] | YouTube  | [Normal]     | 96%    |    7.0ms | WHERE IS THE ENERGY JIMMY!!!!...
[GAMING/GAM] | YouTube  | [Normal]     | 95%    |   12.0ms | THE LAMP WAS ON...
[GAMING/GAM] | YouTube  | [Normal]     | 91%    |   17.6ms | Just watched Iron Lung it was great!...
[ENTERTAINM] | YouTube  | [Normal]     | 86%    |   13.3ms | letsgooo 500mill...
[SELF-HELP/] | YouTube  | [Normal]     | 84%    |   13.0ms | agrarianism...
[ENTERTAINM] | YouTube  | [Normal]     | 98%    |   35.1ms | helloooooooooooooooooooooooo:star_struck...
[GAMING/GAM] | YouTube  | [Normal]     | 96%    |   15.5ms | Yay! x3...
[GAMING/GAM] | YouTube  | [Normal]     | 97%    |   15.0ms | YAYAYAYYAYA...
[GAMING/GAM] | YouTube  | [Normal]     | 96%    |   14.3ms | it makes me so happy to see mark wearing...
[GAMING/GAM] | YouTube  | [Normal]     | 96%    |   12.0ms | extra potato bag...
[GAMING/GAM] | YouTube  | [Normal]     | 70%    |   16.5ms | Boo big scary baahh...
[GAMING/GAM] | YouTube  | [Normal]     | 95%    |   21.1ms | ........
[GAMING/GAM] | YouTube  | [Normal]     | 96%    |   23.0ms | F I R E P L A C E !...
[GAMING/SUR] | YouTube  | [Normal]     | 95%    |   18.0ms | is Rust Worth $55...
[ENTERTAINM] | YouTube  | [Normal]     | 97%    |   15.5ms | LOVE FROM CHARLOTTE  NORTH CAROLINA...
[GAMING/GAM] | YouTube  | [Normal]     | 96%    |    9.0ms | bed in the cabin?...
[GAMING/GAM] | YouTube  | [Normal]     | 95%    |   16.3ms | I saw that...
[ENTERTAINM] | YouTube  | [Normal]     | 93%    |   22.3ms | :grinning_face::grinning_face::grinning_...
[GAMING/GAM] | YouTube  | [Normal]     | 97%    |   15.0ms | the railing entrance moved @markiplier...
[GAMING/GAM] | YouTube  | [Normal]     | 95%    |    9.0ms | BRO I WAS TELLING...
[ENTERTAINM] | YouTube  | [Normal]     | 97%    |    7.0ms | hallo...
[ENTERTAINM] | YouTube  | [Normal]     | 98%    |   25.1ms | :red_heart::red_heart::red_heart::red_he...
[SELF-HELP/] | YouTube  | [Normal]     | 97%    |    7.1ms | It's 11:43 pm here....
[GAMING/GAM] | YouTube  | [Normal]     | 93%    |   11.6ms | Ya;ll the rail didn't move  he checked...
[ENTERTAINM] | YouTube  | [Normal]     | 96%    |   10.9ms | I've been watching you since 2020  I rem...
[GAMING/SUR] | YouTube  | [Normal]     | 95%    |   35.0ms | Viewers in the chat are saying that the ...
[GAMING/GAM] | YouTube  | [Normal]     | 95%    |   22.6ms | watched iron lung last night  loved it  ...
[GAMING/GAM] | YouTube  | [Normal]     | 96%    |    9.0ms | Youtuber...
[ENTERTAINM] | YouTube  | [Normal]     | 97%    |    9.0ms | I want to mobile phone...
[ENTERTAINM] | YouTube  | [Normal]     | 95%    |    8.0ms | jupi...
[ENTERTAINM] | YouTube  | [Normal]     | 96%    |    9.1ms | mr beast i am a unc i am 29...
[ENTERTAINM] | YouTube  | [Normal]     | 96%    |   11.0ms | :red_heart::partying_face:...
[GAMING/GAM] | YouTube  | [Normal]     | 96%    |   11.6ms | this a vibe...
[GAMING/SUR] | YouTube  | [Normal]     | 88%    |   12.8ms | The other ones will cover other angles...
[GAMING/GAM] | YouTube  | [Normal]     | 88%    |   10.0ms | ggy...
[ENTERTAINM] | YouTube  | [Normal]     | 74%    |   13.1ms | brooooo im fromm pakkbigg fann...
[ENTERTAINM] | YouTube  | [Normal]     | 94%    |    9.0ms | hi Mr beast...
[ENTERTAINM] | YouTube  | [Normal]     | 88%    |   25.6ms | bleeeehgghhhhhhh...
[SELF-HELP/] | YouTube  | [HATE]       | 79%    |   13.0ms | Elon musk is not smart...
[ENTERTAINM] | YouTube  | [Normal]     | 80%    |   17.0ms | What would u do if u got to a billion su...
[GAMING/GAM] | YouTube  | [Normal]     | 76%    |   23.0ms | what a banger ost bro...
[ENTERTAINM] | YouTube  | [Normal]     | 85%    |   18.5ms | heyyyy mr beasstttttt...
[ENTERTAINM] | YouTube  | [Normal]     | 95%    |   11.0ms | hello...
[MUSIC/CHIL] | YouTube  | [Normal]     | 63%    |   22.0ms | Raggy yup :grinning_face_with_big_eyes:m...
[GAMING/GAM] | YouTube  | [Normal]     | 91%    |   17.4ms | W...
[GAMING/GAM] | YouTube  | [Normal]     | 93%    |   14.2ms | Gg...
[GAMING/GAM] | YouTube  | [Normal]     | 96%    |   21.1ms | markiplier cotl playthrough when. please...
[MUSIC/CHIL] | YouTube  | [Normal]     | 96%    |   19.7ms | :chess_pawn:...
[ENTERTAINM] | YouTube  | [Normal]     | 95%    |   12.1ms | hellow sir...
[GAMING/GAM] | YouTube  | [Normal]     | 96%    |   15.1ms | Harness?????????????...
[GAMING/GAM] | YouTube  | [Normal]     | 92%    |   13.3ms | YESSSS #1...
[ENTERTAINM] | YouTube  | [Normal]     | 96%    |   13.8ms | @MrBeast SAY HELLO TO KAZAKHSTAN PLEASE...
[ENTERTAINM] | YouTube  | [Normal]     | 96%    |   11.5ms | :squinting_face_with_tongue::squinting_f...
[GAMING/GAM] | YouTube  | [Normal]     | 97%    |   12.9ms | It was an amazing movie!! I'm going to w...
[GAMING/GAM] | YouTube  | [Normal]     | 95%    |   13.2ms | Congrats!!!! It was really good!...
[GAMING/GAM] | YouTube  | [Normal]     | 94%    |   10.9ms | THATS MY DIRECTOR...
[ENTERTAINM] | YouTube  | [Normal]     | 98%    |   39.2ms | :cat-orange-whistling::cat-orange-whistl...
[GAMING/GAM] | YouTube  | [Normal]     | 93%    |   14.9ms | :buffering::buffering::buffering::buffer...
[GAMING/SUR] | YouTube  | [Normal]     | 73%    |   12.6ms | WRONG...
[GAMING/GAM] | YouTube  | [OFFENSIVE]  | 50%    |   11.6ms | No fucking way...
[GAMING/GAM] | YouTube  | [Normal]     | 97%    |    7.6ms | I've seen some real cool fan art...
[GAMING/GAM] | YouTube  | [Normal]     | 95%    |    9.4ms | what about eastern europe? ;-; would rea...
[PSYCHOLOGY] | YouTube  | [Normal]     | 96%    |   10.5ms | Thanos was right...
[GAMING/SUR] | YouTube  | [Normal]     | 93%    |   14.0ms | right click...
[ENTERTAINM] | YouTube  | [Normal]     | 96%    |    9.5ms | 1000$...
[GAMING/GAM] | YouTube  | [Normal]     | 96%    |   14.4ms | HEY MARK  if you do the physical format ...
[ENTERTAINM] | YouTube  | [Normal]     | 94%    |   13.0ms | come to Egypt...
[ENTERTAINM] | YouTube  | [Normal]     | 96%    |   11.0ms | Sols rng...
[SELF-HELP/] | YouTube  | [Normal]     | 94%    |   29.1ms | @notreallyabird NINJA loans was my "wtf"...
[GAMING/SUR] | YouTube  | [Normal]     | 96%    |   19.5ms | LMAO...
[ENTERTAINM] | YouTube  | [Normal]     | 96%    |   15.0ms | New member...
[ENTERTAINM] | YouTube  | [Normal]     | 94%    |   14.6ms | IND...
[GAMING/GAM] | YouTube  | [Normal]     | 94%    |   10.5ms | nice one...
[GAMING/GAM] | YouTube  | [Normal]     | 97%    |   12.0ms | :index_pointing_up::index_pointing_up::i...
[PSYCHOLOGY] | YouTube  | [Normal]     | 93%    |   32.0ms | tech will probs just keep getting worse ...
[ENTERTAINM] | YouTube  | [Normal]     | 91%    |   14.1ms | mr beast...
[GAMING/GAM] | YouTube  | [Normal]     | 90%    |   10.0ms | can I watch iron lung without knowing an...
[ENTERTAINM] | YouTube  | [Normal]     | 96%    |    8.6ms | :saluting_face:...
[ENTERTAINM] | YouTube  | [Normal]     | 95%    |    8.0ms | member...
[ENTERTAINM] | YouTube  | [Normal]     | 97%    |    6.9ms | Welcome New Member!...
[PSYCHOLOGY] | YouTube  | [Normal]     | 94%    |   19.3ms | Was gonna be Goku for awhile...
[GAMING/GAM] | YouTube  | [Normal]     | 93%    |   15.2ms | this is more OG  let's go...
[PSYCHOLOGY] | YouTube  | [Normal]     | 85%    |   18.6ms | Because real world doesn’t vibe as well ...
[GAMING/GAM] | YouTube  | [Normal]     | 97%    |   12.0ms | Markiplier...
[GAMING/GAM] | YouTube  | [Normal]     | 92%    |   14.1ms | my favorite part in the movie was when M...
[GAMING/GAM] | YouTube  | [Normal]     | 80%    |   15.0ms | thats funny...
[GAMING/SUR] | YouTube  | [Normal]     | 92%    |   13.0ms | a smart peanut...
[SELF-HELP/] | YouTube  | [Normal]     | 96%    |   19.1ms | or cooked...
[GAMING/GAM] | YouTube  | [Normal]     | 88%    |   22.0ms | a big jumpscare anomaly in this are woul...
[GAMING/GAM] | YouTube  | [Normal]     | 96%    |   20.0ms | It's funny  I came from watching 2019 Ma...
[GAMING/GAM] | YouTube  | [Normal]     | 92%    |   13.6ms | yeah...
[GAMING/SUR] | YouTube  | [Normal]     | 95%    |   10.0ms | it was the squirrel's land first...
[GAMING/GAM] | YouTube  | [Normal]     | 97%    |   11.2ms | The cockpit's gonna be tough with all th...
[ENTERTAINM] | YouTube  | [Normal]     | 91%    |   11.0ms | Mr beast...
[MUSIC/CHIL] | YouTube  | [Normal]     | 96%    |   39.0ms | Idiot :face_with_tears_of_joy::face_with...
[NEWS/LIVE ] | YouTube  | [Normal]     | 97%    |   19.6ms | sponges?:cat-orange-whistling:...
[ENTERTAINM] | YouTube  | [Normal]     | 96%    |   15.0ms | салам из Апатиты...
[MUSIC/CHIL] | YouTube  | [Normal]     | 98%    |   12.0ms | hello:hand-pink-waving:...
[GAMING/GAM] | YouTube  | [Normal]     | 95%    |   13.6ms | first anomaly usually shows up at 15 aft...
[MUSIC/CHIL] | YouTube  | [Normal]     | 96%    |   12.7ms | achha...
[GAMING/GAM] | YouTube  | [Normal]     | 91%    |   10.2ms | TOP LEFT...
[NEWS/LIVE ] | YouTube  | [Normal]     | 90%    |    6.1ms | Bone Spurs is not a good basketball name...
[GAMING/GAM] | YouTube  | [Normal]     | 95%    |    7.0ms | Possible extra bottle by the sink in bat...
[GAMING/GAM] | YouTube  | [Normal]     | 95%    |    8.6ms | CANERA...
[MUSIC/CHIL] | YouTube  | [Normal]     | 96%    |   12.0ms | achha...
[GAMING/GAM] | YouTube  | [OFFENSIVE]  | 79%    |   28.8ms | I know you don't like these but thank yo...
[GAMING/GAM] | YouTube  | [Normal]     | 69%    |   15.7ms | unlucky...
[ENTERTAINM] | YouTube  | [Normal]     | 96%    |   12.0ms | can i have $100...
[ENTERTAINM] | YouTube  | [Normal]     | 92%    |   10.1ms | yooooooooo...
[ENTERTAINM] | YouTube  | [Normal]     | 95%    |    8.0ms | Hiiii...
[GAMING/GAM] | YouTube  | [Normal]     | 67%    |    8.0ms | no head...
[GAMING/GAM] | YouTube  | [Normal]     | 97%    |    8.5ms | Shoes business class?...
[SELF-HELP/] | YouTube  | [Normal]     | 85%    |   14.5ms | @exozl no correlation...
[GAMING/GAM] | YouTube  | [Normal]     | 95%    |    8.5ms | was there a mirror in the toilet?...
[ENTERTAINM] | YouTube  | [Normal]     | 94%    |   10.0ms | Hi...
[GAMING/GAM] | YouTube  | [Normal]     | 93%    |   11.0ms | what has been your favorite horror game?...
[GAMING/GAM] | YouTube  | [Normal]     | 93%    |   12.1ms | POOP IN TOILET...
[PSYCHOLOGY] | YouTube  | [Normal]     | 56%    |   14.0ms | they tell you everything...
[ENTERTAINM] | YouTube  | [Normal]     | 96%    |    7.6ms | New member...
[ENTERTAINM] | YouTube  | [Normal]     | 96%    |    7.0ms | New member...
[GAMING/GAM] | YouTube  | [Normal]     | 95%    |   11.6ms | EWWW...
[NEWS/LIVE ] | YouTube  | [Normal]     | 90%    |   22.0ms | BLACK FATIGUE EVEN HIS PARENTS...
[ENTERTAINM] | YouTube  | [Normal]     | 96%    |   26.0ms | HIIIIIII...
[ENTERTAINM] | YouTube  | [Normal]     | 96%    |   19.1ms | Jimmyyyyyy i love you...
[ENTERTAINM] | YouTube  | [Normal]     | 97%    |   18.4ms | I subscribe to all channels great work...
[ENTERTAINM] | YouTube  | [Normal]     | 89%    |    9.0ms | Yoooo...
[GAMING/GAM] | YouTube  | [Normal]     | 93%    |   11.0ms | hey bud...
[PSYCHOLOGY] | YouTube  | [Normal]     | 95%    |    9.0ms | true crime investigation belgium...
[GAMING/GAM] | YouTube  | [Normal]     | 82%    |   12.5ms | what next  banning their lungs????...
[GAMING/GAM] | YouTube  | [Normal]     | 96%    |   13.0ms | PURSE IN BUSINESS IS DIFFERENT COLOR...
[ENTERTAINM] | YouTube  | [Normal]     | 94%    |   13.7ms | Congratulations !!!!!!!!!!...
[ENTERTAINM] | YouTube  | [Normal]     | 98%    |   25.7ms | :sports_medal::sports_medal::sports_meda...
[GAMING/GAM] | YouTube  | [Normal]     | 96%    |   19.5ms | wait extra donuts???...
[PSYCHOLOGY] | YouTube  | [Normal]     | 87%    |   14.0ms | how do i embrace my feelings when my dar...
[MUSIC/CHIL] | YouTube  | [Normal]     | 97%    |    9.5ms | ha wo baat krega kis se or nazar rhega k...
[GAMING/GAM] | YouTube  | [Normal]     | 96%    |    9.8ms | Cup on business chair...
[ENTERTAINM] | YouTube  | [Normal]     | 95%    |   10.6ms | said hi...
[GAMING/GAM] | YouTube  | [Normal]     | 97%    |   12.0ms | PILOT CABIN SEATS...
[ENTERTAINM] | YouTube  | [Normal]     | 96%    |   16.7ms | na he is getting a billion in the upcomi...
[ENTERTAINM] | YouTube  | [Normal]     | 96%    |   22.1ms | @MrBeast Jimmy  my iPhone 8 is broken  b...
[GAMING/GAM] | YouTube  | [Normal]     | 86%    |   10.1ms | banana...
[GAMING/GAM] | YouTube  | [Normal]     | 97%    |    8.6ms | Lights on floor...
[PSYCHOLOGY] | YouTube  | [Normal]     | 91%    |   11.0ms | Yeah it is relatable too xD...
[ENTERTAINM] | YouTube  | [Normal]     | 96%    |   12.5ms | What is your best video yet?...
[ENTERTAINM] | YouTube  | [Normal]     | 97%    |    8.5ms | love from Pakistan...
[ENTERTAINM] | YouTube  | [Normal]     | 96%    |    7.0ms | I love you Jimmy from Thailand...
[GAMING/SUR] | YouTube  | [Normal]     | 95%    |    8.6ms | There’s one in your inventory...
[GAMING/GAM] | YouTube  | [Normal]     | 94%    |   18.0ms | How many Anas just got banned?...
[GAMING/GAM] | YouTube  | [Normal]     | 98%    |   14.0ms | green light...
[PSYCHOLOGY] | YouTube  | [Normal]     | 63%    |   19.7ms | yes  and Belgium should make him the new...
[ENTERTAINM] | YouTube  | [Normal]     | 94%    |   14.0ms | Hey jimmy can you send me a 2000$ so i c...
[GAMING/SUR] | YouTube  | [Normal]     | 95%    |    9.0ms | HOLY COMPS...
[ENTERTAINM] | YouTube  | [Normal]     | 98%    |   14.0ms | :warning:Jake the Viking:warning:...
[GAMING/GAM] | YouTube  | [Normal]     | 87%    |    8.6ms | Banned...
[GAMING/GAM] | YouTube  | [Normal]     | 91%    |    9.0ms | Noooo...
[ENTERTAINM] | YouTube  | [Normal]     | 97%    |   12.0ms | I was here!...
[GAMING/GAM] | YouTube  | [Normal]     | 97%    |   11.1ms | was the floor light always green...
[GAMING/GAM] | YouTube  | [Normal]     | 93%    |   16.0ms | exit sign buisness...
[ENTERTAINM] | YouTube  | [Normal]     | 94%    |   28.9ms | Hlooooooooooooooooooooooooooooooooo........
[PSYCHOLOGY] | YouTube  | [Normal]     | 96%    |   18.6ms | Ezio blade that's not just men tbh...
[ENTERTAINM] | YouTube  | [Normal]     | 87%    |   13.0ms | @MrBeast could you do an awsome video li...
[GAMING/GAM] | YouTube  | [Normal]     | 80%    |   17.1ms | “We got caseoh at home”...
[GAMING/ESP] | YouTube  | [Normal]     | 98%    |   14.0ms | :trophy-yellow-smiling::trophy-yellow-sm...
[ENTERTAINM] | YouTube  | [Normal]     | 94%    |   14.0ms | W channel...
[GAMING/SUR] | YouTube  | [Normal]     | 51%    |   15.0ms | i think they ment thank you...
[GAMING/GAM] | YouTube  | [Normal]     | 95%    |    9.0ms | WHAT?...
[GAMING/GAM] | YouTube  | [Normal]     | 96%    |    7.3ms | We can see the light!!!...
[ENTERTAINM] | YouTube  | [Normal]     | 85%    |   11.0ms | if you be 500million subscriber how do y...
[GAMING/GAM] | YouTube  | [Normal]     | 94%    |    7.6ms | The case on the hall thing...
[GAMING/TOU] | Twitch   | [Normal]     | 94%    |   19.0ms | @TroppoFlame16 è un problema che ha ahah...
[GAMING/TOU] | Twitch   | [Normal]     | 97%    |    8.0ms | @stasenzpensier1 bye bye...
[VALORANT/G] | Twitch   | [Normal]     | 94%    |   10.4ms | !games...
[VALORANT/G] | Twitch   | [Normal]     | 96%    |   14.0ms | 50/50...
[VALORANT/G] | Twitch   | [Normal]     | 96%    |   13.1ms | jame time...
[GAMING/DAR] | Twitch   | [Normal]     | 97%    |    9.0ms | dreamcast1992  You drag the traps out of...
[GAMING/DAR] | Twitch   | [Normal]     | 92%    |    7.0ms | Wait that's the wrong one...
[RELATIONSH] | Twitch   | [Normal]     | 94%    |    7.0ms | wake always goes all out in the skits. h...
[RELATIONSH] | Twitch   | [Normal]     | 80%    |    7.0ms | "objection the questions way too good" -...
[RELATIONSH] | Twitch   | [Normal]     | 96%    |   18.5ms | COPIUM...
[VALORANT/G] | Twitch   | [Normal]     | 96%    |   21.0ms | LOL...
[RELATIONSH] | Twitch   | [Normal]     | 92%    |   21.6ms | CAN WE GET A CINNA COLLAB...
[RELATIONSH] | Twitch   | [Normal]     | 93%    |   13.5ms | YEP...
[RELATIONSH] | Twitch   | [Normal]     | 92%    |   13.0ms | brother  we can see it...
[RELATIONSH] | Twitch   | [Normal]     | 96%    |   11.1ms | 35% off subs TREASURE TRAIN orophiALERT...
[VALORANT/G] | Twitch   | [OFFENSIVE]  | 79%    |    8.0ms | ez as fuck emea washed region right?...
[RELATIONSH] | Twitch   | [Normal]     | 97%    |    9.6ms | gtr wrap?...
[RELATIONSH] | Twitch   | [Normal]     | 96%    |   12.3ms | 35% off subs TREASURE TRAIN orophiALERT...
[RELATIONSH] | Twitch   | [Normal]     | 97%    |    8.0ms | ciurt cae...
[RELATIONSH] | Twitch   | [Normal]     | 93%    |    8.0ms | OOOO...
[VALORANT/G] | Twitch   | [Normal]     | 94%    |    7.0ms | @mimi_gma nuh uh cwdevaActually...
[VALORANT/G] | Twitch   | [Normal]     | 94%    |    6.0ms | @rajasawit same guy broke the bo5 kill r...
[RELATIONSH] | Twitch   | [Normal]     | 92%    |    9.0ms | WW...
[RELATIONSH] | Twitch   | [Normal]     | 93%    |    8.0ms | hey nick @nmplol...
[RELATIONSH] | Twitch   | [Normal]     | 93%    |   20.0ms | OOOO...
[RELATIONSH] | Twitch   | [Normal]     | 97%    |   24.0ms | any roadtrip stream soon? @Nmplol...
[RELATIONSH] | Twitch   | [Normal]     | 86%    |   12.1ms | yo...
[RELATIONSH] | Twitch   | [Normal]     | 96%    |   11.0ms | DANCE DANCE DANCE...
[RELATIONSH] | Twitch   | [Normal]     | 72%    |   18.6ms | He's gonna blow a gasket...
[GAMING/DAR] | Twitch   | [Normal]     | 92%    |   12.5ms | Well yeah...
[RELATIONSH] | Twitch   | [Normal]     | 95%    |   16.0ms | TriHard FBCatch...
[RELATIONSH] | Twitch   | [Normal]     | 98%    |   26.0ms | TriHard FBCatch HolidayPresent ANY GIFTA...
[RELATIONSH] | Twitch   | [Normal]     | 95%    |   10.2ms | Any gifters <3 HolidayPresent...
[RELATIONSH] | Twitch   | [Normal]     | 93%    |   10.6ms | 50 reasons ͏...
[RELATIONSH] | Twitch   | [Normal]     | 97%    |   14.5ms | s/o HENRY LOL LOL...
[RELATIONSH] | Twitch   | [Normal]     | 96%    |   11.0ms | LUL...
[RELATIONSH] | Twitch   | [Normal]     | 89%    |   11.1ms | nmpRiding nmpRiding nmpRiding...
[RELATIONSH] | Twitch   | [Normal]     | 94%    |    7.6ms | om...
[RELATIONSH] | Twitch   | [Normal]     | 91%    |    8.0ms | CAUGHT...
[ENTERTAINM] | Twitch   | [Normal]     | 95%    |   10.0ms | It's more a quizz than a riddle  so diff...
[RELATIONSH] | Twitch   | [Normal]     | 95%    |   10.0ms | its not saved LOL...
[RELATIONSH] | Twitch   | [Normal]     | 88%    |   12.1ms | keep digging...
[RELATIONSH] | Twitch   | [Normal]     | 95%    |    9.0ms | ??...
[RELATIONSH] | Twitch   | [Normal]     | 94%    |   11.0ms | om...
[ENTERTAINM] | Twitch   | [Normal]     | 96%    |   12.5ms | LUL...
[ENTERTAINM] | Twitch   | [Normal]     | 93%    |   12.3ms | CoolStoryBob...
[ENTERTAINM] | Twitch   | [Normal]     | 54%    |    8.1ms | Tell her to speak in portuguese...
[RELATIONSH] | Twitch   | [Normal]     | 96%    |    8.0ms | she used the voice gg...
[ENTERTAINM] | Twitch   | [Normal]     | 89%    |    7.5ms | run...
[ENTERTAINM] | Twitch   | [Normal]     | 94%    |    7.0ms | Kappa...
[RELATIONSH] | Twitch   | [Normal]     | 94%    |   14.6ms | o7...
[RELATIONSH] | Twitch   | [Normal]     | 97%    |   19.7ms | MONKA...
[RELATIONSH] | Twitch   | [Normal]     | 95%    |    9.6ms | Yeah o7...
[RELATIONSH] | Twitch   | [Normal]     | 88%    |    9.0ms | !hide...
[RELATIONSH] | Twitch   | [Normal]     | 94%    |    9.0ms | o7...
[ENTERTAINM] | Twitch   | [Normal]     | 83%    |    9.3ms | nobody knows what she is saying :(...
[RELATIONSH] | Twitch   | [Normal]     | 94%    |    9.5ms | MIGHT WANNA SAVE THIS...
[ENTERTAINM] | Twitch   | [Normal]     | 93%    |   13.5ms | YES...
[RELATIONSH] | Twitch   | [Normal]     | 92%    |    8.5ms | HUH...
[RELATIONSH] | Twitch   | [Normal]     | 95%    |    8.5ms | nmpStop...
[RELATIONSH] | Twitch   | [Normal]     | 95%    |    8.0ms | Welcome back to the nice guys yamamoto18...
[RELATIONSH] | Twitch   | [Normal]     | 95%    |    8.0ms | DRAMA...
[RELATIONSH] | Twitch   | [Normal]     | 94%    |   14.1ms | o7...
[RELATIONSH] | Twitch   | [Normal]     | 88%    |   13.6ms | peepoBlush girll...
[RELATIONSH] | Twitch   | [Normal]     | 95%    |    9.0ms | careful arther...
[RELATIONSH] | Twitch   | [Normal]     | 94%    |   10.3ms | o7...
[RELATIONSH] | Twitch   | [Normal]     | 70%    |   11.0ms | let her cook...
[RELATIONSH] | Twitch   | [Normal]     | 86%    |   10.0ms | maybe we need to stop this...
[RELATIONSH] | Twitch   | [Normal]     | 96%    |   13.0ms | exemClap exemClap exemClap...
[ENTERTAINM] | Twitch   | [Normal]     | 97%    |   14.5ms | Slow cooking lol...
[RELATIONSH] | Twitch   | [Normal]     | 95%    |   15.6ms | so many cables...
[RELATIONSH] | Twitch   | [Normal]     | 94%    |   11.7ms | om...
[RELATIONSH] | Twitch   | [Normal]     | 96%    |   12.6ms | lmfao...
[RELATIONSH] | Twitch   | [Normal]     | 95%    |   15.2ms | OMEGALUL DEAN...
