node,pid,run_id,seq,topic,partition,offset,kafka_ts_ms,kafka_ts_type,t_recv_ms,infer_ms,es_ms,t_done_ms,label,confidence
rasp1,32895,20261002-152228_clu_vm14-vm24-rasp14-rasp24-rasp34_allfive_r3,1,perf_20261002-152228_clu_vm14-vm24-rasp14-rasp24-rasp34_allfive_r3,19,0,1790954557034,0,1790954642974.431,457.305,17.933,1790954643450.109,Normal,0.9452
rasp1,32895,20261002-152228_clu_vm14-vm24-rasp14-rasp24-rasp34_allfive_r3,7,perf_20261002-152228_clu_vm14-vm24-rasp14-rasp24-rasp34_allfive_r3,19,1,1790954557035,0,1790954643451.409,423.142,6.319,1790954643881.245,Normal,0.9439
rasp1,32895,20261002-152228_clu_vm14-vm24-rasp14-rasp24-rasp34_allfive_r3,44,perf_20261002-152228_clu_vm14-vm24-rasp14-rasp24-rasp34_allfive_r3,19,2,1790954557045,0,1790954643882.069,253.972,5.227,1790954644141.61,Normal,0.8797
rasp1,32895,20261002-152228_clu_vm14-vm24-rasp14-rasp24-rasp34_allfive_r3,64,perf_20261002-152228_clu_vm14-vm24-rasp14-rasp24-rasp34_allfive_r3,19,3,1790954557049,0,1790954644142.504,344.329,5.171,1790954644492.306,Normal,0.9683
rasp1,32895,20261002-152228_clu_vm14-vm24-rasp14-rasp24-rasp34_allfive_r3,71,perf_20261002-152228_clu_vm14-vm24-rasp14-rasp24-rasp34_allfive_r3,19,4,1790954557051,0,1790954644493.587,383.091,6.798,1790954644884.102,Normal,0.9162
rasp1,32895,20261002-152228_clu_vm14-vm24-rasp14-rasp24-rasp34_allfive_r3,92,perf_20261002-152228_clu_vm14-vm24-rasp14-rasp24-rasp34_allfive_r3,19,5,1790954557053,0,1790954644885.344,316.89,7.694,1790954645210.487,Normal,0.9115
rasp1,32895,20261002-152228_clu_vm14-vm24-rasp14-rasp24-rasp34_allfive_r3,108,perf_20261002-152228_clu_vm14-vm24-rasp14-rasp24-rasp34_allfive_r3,19,6,1790954557054,0,1790954645212.287,314.257,6.768,1790954645534.13,Normal,0.9137
rasp1,32895,20261002-152228_clu_vm14-vm24-rasp14-rasp24-rasp34_allfive_r3,159,perf_20261002-152228_clu_vm14-vm24-rasp14-rasp24-rasp34_allfive_r3,19,7,1790954557089,0,1790954645534.81,367.108,5.042,1790954645907.289,Normal,0.8903
rasp1,32895,20261002-152228_clu_vm14-vm24-rasp14-rasp24-rasp34_allfive_r3,166,perf_20261002-152228_clu_vm14-vm24-rasp14-rasp24-rasp34_allfive_r3,19,8,1790954557090,0,1790954645908.395,297.203,4.201,1790954646210.26,Normal,0.9626
rasp1,32895,20261002-152228_clu_vm14-vm24-rasp14-rasp24-rasp34_allfive_r3,177,perf_20261002-152228_clu_vm14-vm24-rasp14-rasp24-rasp34_allfive_r3,19,9,1790954557099,0,1790954646211.447,322.178,8.506,1790954646542.589,Normal,0.9156
rasp1,32895,20261002-152228_clu_vm14-vm24-rasp14-rasp24-rasp34_allfive_r3,193,perf_20261002-152228_clu_vm14-vm24-rasp14-rasp24-rasp34_allfive_r3,19,10,1790954557108,0,1790954646564.863,265.274,7.704,1790954646838.15,Normal,0.9526
rasp1,32895,20261002-152228_clu_vm14-vm24-rasp14-rasp24-rasp34_allfive_r3,211,perf_20261002-152228_clu_vm14-vm24-rasp14-rasp24-rasp34_allfive_r3,19,11,1790954557117,0,1790954646839.542,244.532,5.104,1790954647089.556,Normal,0.9386
rasp1,32895,20261002-152228_clu_vm14-vm24-rasp14-rasp24-rasp34_allfive_r3,252,perf_20261002-152228_clu_vm14-vm24-rasp14-rasp24-rasp34_allfive_r3,19,12,1790954557134,0,1790954647090.263,259.997,10.704,1790954647361.46,Normal,0.9608
rasp1,32895,20261002-152228_clu_vm14-vm24-rasp14-rasp24-rasp34_allfive_r3,275,perf_20261002-152228_clu_vm14-vm24-rasp14-rasp24-rasp34_allfive_r3,19,13,1790954557159,0,1790954647362.129,445.647,6.952,1790954647815.05,Normal,0.7101
rasp1,32895,20261002-152228_clu_vm14-vm24-rasp14-rasp24-rasp34_allfive_r3,309,perf_20261002-152228_clu_vm14-vm24-rasp14-rasp24-rasp34_allfive_r3,19,14,1790954557186,0,1790954647816.235,290.509,12.378,1790954648119.553,Normal,0.9401
rasp1,32895,20261002-152228_clu_vm14-vm24-rasp14-rasp24-rasp34_allfive_r3,317,perf_20261002-152228_clu_vm14-vm24-rasp14-rasp24-rasp34_allfive_r3,19,15,1790954557187,0,1790954648120.527,617.553,9.54,1790954648748.085,Normal,0.9744
rasp1,32895,20261002-152228_clu_vm14-vm24-rasp14-rasp24-rasp34_allfive_r3,341,perf_20261002-152228_clu_vm14-vm24-rasp14-rasp24-rasp34_allfive_r3,19,16,1790954557193,0,1790954648749.181,461.607,5.967,1790954649217.113,Normal,0.8806
rasp1,32895,20261002-152228_clu_vm14-vm24-rasp14-rasp24-rasp34_allfive_r3,346,perf_20261002-152228_clu_vm14-vm24-rasp14-rasp24-rasp34_allfive_r3,19,17,1790954557197,0,1790954649217.966,267.507,5.486,1790954649491.345,Normal,0.9375
rasp1,32895,20261002-152228_clu_vm14-vm24-rasp14-rasp24-rasp34_allfive_r3,358,perf_20261002-152228_clu_vm14-vm24-rasp14-rasp24-rasp34_allfive_r3,19,18,1790954557201,0,1790954649492.214,292.198,5.07,1790954649790.401,Normal,0.9483
rasp1,32895,20261002-152228_clu_vm14-vm24-rasp14-rasp24-rasp34_allfive_r3,391,perf_20261002-152228_clu_vm14-vm24-rasp14-rasp24-rasp34_allfive_r3,19,19,1790954557211,0,1790954649791.335,307.06,5.298,1790954650104.149,Normal,0.9375
rasp1,32895,20261002-152228_clu_vm14-vm24-rasp14-rasp24-rasp34_allfive_r3,403,perf_20261002-152228_clu_vm14-vm24-rasp14-rasp24-rasp34_allfive_r3,19,20,1790954557214,0,1790954650104.856,322.71,6.004,1790954650433.94,Normal,0.9309
rasp1,32895,20261002-152228_clu_vm14-vm24-rasp14-rasp24-rasp34_allfive_r3,422,perf_20261002-152228_clu_vm14-vm24-rasp14-rasp24-rasp34_allfive_r3,19,21,1790954557217,0,1790954650434.775,360.862,6.497,1790954650802.657,Normal,0.9527
rasp1,32895,20261002-152228_clu_vm14-vm24-rasp14-rasp24-rasp34_allfive_r3,424,perf_20261002-152228_clu_vm14-vm24-rasp14-rasp24-rasp34_allfive_r3,19,22,1790954557218,0,1790954650803.534,336.534,7.218,1790954651147.86,Normal,0.9695
rasp1,32895,20261002-152228_clu_vm14-vm24-rasp14-rasp24-rasp34_allfive_r3,431,perf_20261002-152228_clu_vm14-vm24-rasp14-rasp24-rasp34_allfive_r3,19,23,1790954557219,0,1790954651148.827,393.106,11.375,1790954651560.412,Normal,0.9759
rasp1,32895,20261002-152228_clu_vm14-vm24-rasp14-rasp24-rasp34_allfive_r3,440,perf_20261002-152228_clu_vm14-vm24-rasp14-rasp24-rasp34_allfive_r3,19,24,1790954557221,0,1790954651561.086,324.904,7.212,1790954651893.784,Normal,0.9599
rasp1,32895,20261002-152228_clu_vm14-vm24-rasp14-rasp24-rasp34_allfive_r3,461,perf_20261002-152228_clu_vm14-vm24-rasp14-rasp24-rasp34_allfive_r3,19,25,1790954557225,0,1790954651894.926,268.084,6.077,1790954652169.444,Normal,0.8636
rasp1,32895,20261002-152228_clu_vm14-vm24-rasp14-rasp24-rasp34_allfive_r3,486,perf_20261002-152228_clu_vm14-vm24-rasp14-rasp24-rasp34_allfive_r3,19,26,1790954557230,0,1790954652170.181,330.596,14.865,1790954652515.98,Normal,0.9601
rasp1,32895,20261002-152228_clu_vm14-vm24-rasp14-rasp24-rasp34_allfive_r3,487,perf_20261002-152228_clu_vm14-vm24-rasp14-rasp24-rasp34_allfive_r3,19,27,1790954557231,0,1790954652516.611,290.781,9.645,1790954652817.392,OFFENSIVE,0.5103
rasp1,32895,20261002-152228_clu_vm14-vm24-rasp14-rasp24-rasp34_allfive_r3,520,perf_20261002-152228_clu_vm14-vm24-rasp14-rasp24-rasp34_allfive_r3,19,28,1790954557234,0,1790954652818.035,278.946,7.268,1790954653104.561,Normal,0.9568
rasp1,32895,20261002-152228_clu_vm14-vm24-rasp14-rasp24-rasp34_allfive_r3,522,perf_20261002-152228_clu_vm14-vm24-rasp14-rasp24-rasp34_allfive_r3,19,29,1790954557234,0,1790954653105.213,311.301,5.304,1790954653422.209,Normal,0.963
rasp1,32895,20261002-152228_clu_vm14-vm24-rasp14-rasp24-rasp34_allfive_r3,540,perf_20261002-152228_clu_vm14-vm24-rasp14-rasp24-rasp34_allfive_r3,19,30,1790954557239,0,1790954653422.811,237.407,4.954,1790954653665.495,Normal,0.9606
rasp1,32895,20261002-152228_clu_vm14-vm24-rasp14-rasp24-rasp34_allfive_r3,543,perf_20261002-152228_clu_vm14-vm24-rasp14-rasp24-rasp34_allfive_r3,19,31,1790954557239,0,1790954653666.23,649.439,6.752,1790954654323.323,Normal,0.8165
rasp1,32895,20261002-152228_clu_vm14-vm24-rasp14-rasp24-rasp34_allfive_r3,573,perf_20261002-152228_clu_vm14-vm24-rasp14-rasp24-rasp34_allfive_r3,19,32,1790954557242,0,1790954654324.161,283.646,7.016,1790954654615.273,Normal,0.9494
rasp1,32895,20261002-152228_clu_vm14-vm24-rasp14-rasp24-rasp34_allfive_r3,575,perf_20261002-152228_clu_vm14-vm24-rasp14-rasp24-rasp34_allfive_r3,19,33,1790954557242,0,1790954654617.162,305.32,5.461,1790954654928.516,Normal,0.9695
rasp1,32895,20261002-152228_clu_vm14-vm24-rasp14-rasp24-rasp34_allfive_r3,582,perf_20261002-152228_clu_vm14-vm24-rasp14-rasp24-rasp34_allfive_r3,19,34,1790954557242,0,1790954654929.339,291.276,6.317,1790954655227.285,Normal,0.9474
rasp1,32895,20261002-152228_clu_vm14-vm24-rasp14-rasp24-rasp34_allfive_r3,592,perf_20261002-152228_clu_vm14-vm24-rasp14-rasp24-rasp34_allfive_r3,19,35,1790954557243,0,1790954655228.012,278.627,5.244,1790954655512.317,Normal,0.9494
rasp1,32895,20261002-152228_clu_vm14-vm24-rasp14-rasp24-rasp34_allfive_r3,610,perf_20261002-152228_clu_vm14-vm24-rasp14-rasp24-rasp34_allfive_r3,19,36,1790954557251,0,1790954655512.981,300.339,6.098,1790954655819.849,Normal,0.9107
rasp1,32895,20261002-152228_clu_vm14-vm24-rasp14-rasp24-rasp34_allfive_r3,660,perf_20261002-152228_clu_vm14-vm24-rasp14-rasp24-rasp34_allfive_r3,19,37,1790954557272,0,1790954655820.661,344.512,9.024,1790954656174.52,Normal,0.6213
rasp1,32895,20261002-152228_clu_vm14-vm24-rasp14-rasp24-rasp34_allfive_r3,663,perf_20261002-152228_clu_vm14-vm24-rasp14-rasp24-rasp34_allfive_r3,19,38,1790954557273,0,1790954656175.202,440.29,7.412,1790954656623.342,Normal,0.9672
rasp1,32895,20261002-152228_clu_vm14-vm24-rasp14-rasp24-rasp34_allfive_r3,667,perf_20261002-152228_clu_vm14-vm24-rasp14-rasp24-rasp34_allfive_r3,19,39,1790954557273,0,1790954656624.846,288.08,7.346,1790954656920.759,Normal,0.9423
rasp1,32895,20261002-152228_clu_vm14-vm24-rasp14-rasp24-rasp34_allfive_r3,699,perf_20261002-152228_clu_vm14-vm24-rasp14-rasp24-rasp34_allfive_r3,19,40,1790954557289,0,1790954656922.304,341.28,5.486,1790954657269.444,Normal,0.9202
rasp1,32895,20261002-152228_clu_vm14-vm24-rasp14-rasp24-rasp34_allfive_r3,712,perf_20261002-152228_clu_vm14-vm24-rasp14-rasp24-rasp34_allfive_r3,19,41,1790954557291,0,1790954657270.161,286.115,8.787,1790954657565.604,Normal,0.9728
rasp1,32895,20261002-152228_clu_vm14-vm24-rasp14-rasp24-rasp34_allfive_r3,736,perf_20261002-152228_clu_vm14-vm24-rasp14-rasp24-rasp34_allfive_r3,19,42,1790954557309,0,1790954657566.853,392.681,7.687,1790954657968.206,Normal,0.966
rasp1,32895,20261002-152228_clu_vm14-vm24-rasp14-rasp24-rasp34_allfive_r3,766,perf_20261002-152228_clu_vm14-vm24-rasp14-rasp24-rasp34_allfive_r3,19,43,1790954557320,0,1790954657968.861,347.426,11.04,1790954658327.668,Normal,0.9415
rasp1,32895,20261002-152228_clu_vm14-vm24-rasp14-rasp24-rasp34_allfive_r3,774,perf_20261002-152228_clu_vm14-vm24-rasp14-rasp24-rasp34_allfive_r3,19,44,1790954557346,0,1790954658328.406,287.517,6.22,1790954658622.622,Normal,0.9734
rasp1,32895,20261002-152228_clu_vm14-vm24-rasp14-rasp24-rasp34_allfive_r3,791,perf_20261002-152228_clu_vm14-vm24-rasp14-rasp24-rasp34_allfive_r3,19,45,1790954557368,0,1790954658624.061,657.143,4.809,1790954659286.404,Normal,0.9192
rasp1,32895,20261002-152228_clu_vm14-vm24-rasp14-rasp24-rasp34_allfive_r3,805,perf_20261002-152228_clu_vm14-vm24-rasp14-rasp24-rasp34_allfive_r3,19,46,1790954557378,0,1790954659287.271,505.881,6.001,1790954659799.826,Normal,0.9428
rasp1,32895,20261002-152228_clu_vm14-vm24-rasp14-rasp24-rasp34_allfive_r3,883,perf_20261002-152228_clu_vm14-vm24-rasp14-rasp24-rasp34_allfive_r3,19,47,1790954557418,0,1790954659800.48,231.908,4.893,1790954660037.643,Normal,0.9105
rasp1,32895,20261002-152228_clu_vm14-vm24-rasp14-rasp24-rasp34_allfive_r3,893,perf_20261002-152228_clu_vm14-vm24-rasp14-rasp24-rasp34_allfive_r3,19,48,1790954557420,0,1790954660038.294,251.685,6.093,1790954660296.381,Normal,0.9323
rasp1,32895,20261002-152228_clu_vm14-vm24-rasp14-rasp24-rasp34_allfive_r3,901,perf_20261002-152228_clu_vm14-vm24-rasp14-rasp24-rasp34_allfive_r3,19,49,1790954557421,0,1790954660297.097,301.059,4.503,1790954660602.987,Normal,0.974
rasp1,32895,20261002-152228_clu_vm14-vm24-rasp14-rasp24-rasp34_allfive_r3,903,perf_20261002-152228_clu_vm14-vm24-rasp14-rasp24-rasp34_allfive_r3,19,50,1790954557422,0,1790954660603.634,351.029,5.019,1790954660960.051,Normal,0.9632
rasp1,32895,20261002-152228_clu_vm14-vm24-rasp14-rasp24-rasp34_allfive_r3,940,perf_20261002-152228_clu_vm14-vm24-rasp14-rasp24-rasp34_allfive_r3,19,51,1790954557435,0,1790954660960.684,229.089,5.411,1790954661196.269,Normal,0.9375
rasp1,32895,20261002-152228_clu_vm14-vm24-rasp14-rasp24-rasp34_allfive_r3,1006,perf_20261002-152228_clu_vm14-vm24-rasp14-rasp24-rasp34_allfive_r3,19,52,1790954557471,0,1790954661196.929,275.261,5.476,1790954661477.983,Normal,0.9653
rasp1,32895,20261002-152228_clu_vm14-vm24-rasp14-rasp24-rasp34_allfive_r3,1008,perf_20261002-152228_clu_vm14-vm24-rasp14-rasp24-rasp34_allfive_r3,19,53,1790954557471,0,1790954661478.687,224.77,7.273,1790954661715.651,Normal,0.936
rasp1,32895,20261002-152228_clu_vm14-vm24-rasp14-rasp24-rasp34_allfive_r3,1017,perf_20261002-152228_clu_vm14-vm24-rasp14-rasp24-rasp34_allfive_r3,19,54,1790954557473,0,1790954661716.339,761.223,5.478,1790954662483.47,Normal,0.9781
rasp1,32895,20261002-152228_clu_vm14-vm24-rasp14-rasp24-rasp34_allfive_r3,1020,perf_20261002-152228_clu_vm14-vm24-rasp14-rasp24-rasp34_allfive_r3,19,55,1790954557473,0,1790954662484.74,351.511,5.944,1790954662842.515,Normal,0.8984
rasp1,32895,20261002-152228_clu_vm14-vm24-rasp14-rasp24-rasp34_allfive_r3,1027,perf_20261002-152228_clu_vm14-vm24-rasp14-rasp24-rasp34_allfive_r3,19,56,1790954557480,0,1790954662843.191,316.712,5.103,1790954663165.291,Normal,0.942
rasp1,32895,20261002-152228_clu_vm14-vm24-rasp14-rasp24-rasp34_allfive_r3,1033,perf_20261002-152228_clu_vm14-vm24-rasp14-rasp24-rasp34_allfive_r3,19,57,1790954557480,0,1790954663165.962,368.237,11.709,1790954663546.77,Normal,0.9584
rasp1,32895,20261002-152228_clu_vm14-vm24-rasp14-rasp24-rasp34_allfive_r3,1040,perf_20261002-152228_clu_vm14-vm24-rasp14-rasp24-rasp34_allfive_r3,19,58,1790954557481,0,1790954663547.478,278.882,6.355,1790954663833.049,Normal,0.971
rasp1,32895,20261002-152228_clu_vm14-vm24-rasp14-rasp24-rasp34_allfive_r3,1042,perf_20261002-152228_clu_vm14-vm24-rasp14-rasp24-rasp34_allfive_r3,19,59,1790954557481,0,1790954663834.824,313.35,6.994,1790954664155.542,Normal,0.9694
rasp1,32895,20261002-152228_clu_vm14-vm24-rasp14-rasp24-rasp34_allfive_r3,1053,perf_20261002-152228_clu_vm14-vm24-rasp14-rasp24-rasp34_allfive_r3,19,60,1790954557482,0,1790954664156.392,337.16,6.451,1790954664500.365,Normal,0.9517
rasp1,32895,20261002-152228_clu_vm14-vm24-rasp14-rasp24-rasp34_allfive_r3,1077,perf_20261002-152228_clu_vm14-vm24-rasp14-rasp24-rasp34_allfive_r3,19,61,1790954557507,0,1790954664501.368,375.966,16.542,1790954664894.356,Normal,0.8059
rasp1,32895,20261002-152228_clu_vm14-vm24-rasp14-rasp24-rasp34_allfive_r3,1100,perf_20261002-152228_clu_vm14-vm24-rasp14-rasp24-rasp34_allfive_r3,19,62,1790954557516,0,1790954664895.31,454.66,6.239,1790954665356.555,Normal,0.9779
rasp1,32895,20261002-152228_clu_vm14-vm24-rasp14-rasp24-rasp34_allfive_r3,1150,perf_20261002-152228_clu_vm14-vm24-rasp14-rasp24-rasp34_allfive_r3,19,63,1790954557547,0,1790954665357.403,486.253,5.266,1790954665849.321,Normal,0.9655
rasp1,32895,20261002-152228_clu_vm14-vm24-rasp14-rasp24-rasp34_allfive_r3,1179,perf_20261002-152228_clu_vm14-vm24-rasp14-rasp24-rasp34_allfive_r3,19,64,1790954557567,0,1790954665850.015,2111.901,5.295,1790954667967.578,Normal,0.979
rasp1,32895,20261002-152228_clu_vm14-vm24-rasp14-rasp24-rasp34_allfive_r3,1218,perf_20261002-152228_clu_vm14-vm24-rasp14-rasp24-rasp34_allfive_r3,19,65,1790954557571,0,1790954667968.309,351.939,5.752,1790954668326.358,Normal,0.7388
rasp1,32895,20261002-152228_clu_vm14-vm24-rasp14-rasp24-rasp34_allfive_r3,1261,perf_20261002-152228_clu_vm14-vm24-rasp14-rasp24-rasp34_allfive_r3,19,66,1790954557594,0,1790954668327.129,337.274,6.596,1790954668671.413,Normal,0.8683
rasp1,32895,20261002-152228_clu_vm14-vm24-rasp14-rasp24-rasp34_allfive_r3,1268,perf_20261002-152228_clu_vm14-vm24-rasp14-rasp24-rasp34_allfive_r3,19,67,1790954557595,0,1790954668672.47,296.352,5.385,1790954668974.591,Normal,0.8931
rasp1,32895,20261002-152228_clu_vm14-vm24-rasp14-rasp24-rasp34_allfive_r3,1273,perf_20261002-152228_clu_vm14-vm24-rasp14-rasp24-rasp34_allfive_r3,19,68,1790954557596,0,1790954668975.656,274.966,5.883,1790954669256.933,Normal,0.9441
rasp1,32895,20261002-152228_clu_vm14-vm24-rasp14-rasp24-rasp34_allfive_r3,1301,perf_20261002-152228_clu_vm14-vm24-rasp14-rasp24-rasp34_allfive_r3,19,69,1790954557603,0,1790954669257.803,284.872,6.349,1790954669549.559,Normal,0.943
rasp1,32895,20261002-152228_clu_vm14-vm24-rasp14-rasp24-rasp34_allfive_r3,1329,perf_20261002-152228_clu_vm14-vm24-rasp14-rasp24-rasp34_allfive_r3,19,70,1790954557608,0,1790954669550.258,456.471,6.554,1790954670013.614,Normal,0.9524
rasp1,32895,20261002-152228_clu_vm14-vm24-rasp14-rasp24-rasp34_allfive_r3,1331,perf_20261002-152228_clu_vm14-vm24-rasp14-rasp24-rasp34_allfive_r3,19,71,1790954557609,0,1790954670014.397,413.149,6.941,1790954670434.973,Normal,0.9722
rasp1,32895,20261002-152228_clu_vm14-vm24-rasp14-rasp24-rasp34_allfive_r3,1338,perf_20261002-152228_clu_vm14-vm24-rasp14-rasp24-rasp34_allfive_r3,19,72,1790954557610,0,1790954670435.887,280.378,6.498,1790954670723.19,Normal,0.9449
rasp1,32895,20261002-152228_clu_vm14-vm24-rasp14-rasp24-rasp34_allfive_r3,1343,perf_20261002-152228_clu_vm14-vm24-rasp14-rasp24-rasp34_allfive_r3,19,73,1790954557611,0,1790954670724.322,385.619,4.772,1790954671115.062,Normal,0.9445
rasp1,32895,20261002-152228_clu_vm14-vm24-rasp14-rasp24-rasp34_allfive_r3,1378,perf_20261002-152228_clu_vm14-vm24-rasp14-rasp24-rasp34_allfive_r3,19,74,1790954557615,0,1790954671115.755,340.492,5.312,1790954671461.919,Normal,0.9083
rasp1,32895,20261002-152228_clu_vm14-vm24-rasp14-rasp24-rasp34_allfive_r3,1423,perf_20261002-152228_clu_vm14-vm24-rasp14-rasp24-rasp34_allfive_r3,19,75,1790954557619,0,1790954671462.585,338.181,6.484,1790954671807.888,Normal,0.9611
rasp1,32895,20261002-152228_clu_vm14-vm24-rasp14-rasp24-rasp34_allfive_r3,1466,perf_20261002-152228_clu_vm14-vm24-rasp14-rasp24-rasp34_allfive_r3,19,76,1790954557623,0,1790954671808.772,620.852,6.752,1790954672436.955,Normal,0.9461
rasp1,32895,20261002-152228_clu_vm14-vm24-rasp14-rasp24-rasp34_allfive_r3,1482,perf_20261002-152228_clu_vm14-vm24-rasp14-rasp24-rasp34_allfive_r3,19,77,1790954557625,0,1790954672438.129,325.637,6.704,1790954672770.797,Normal,0.9556
rasp1,32895,20261002-152228_clu_vm14-vm24-rasp14-rasp24-rasp34_allfive_r3,1486,perf_20261002-152228_clu_vm14-vm24-rasp14-rasp24-rasp34_allfive_r3,19,78,1790954557625,0,1790954672771.82,407.124,5.865,1790954673185.153,Normal,0.9623
rasp1,32895,20261002-152228_clu_vm14-vm24-rasp14-rasp24-rasp34_allfive_r3,1501,perf_20261002-152228_clu_vm14-vm24-rasp14-rasp24-rasp34_allfive_r3,19,79,1790954557626,0,1790954673185.936,468.207,6.429,1790954673660.904,Normal,0.9758
rasp1,32895,20261002-152228_clu_vm14-vm24-rasp14-rasp24-rasp34_allfive_r3,1510,perf_20261002-152228_clu_vm14-vm24-rasp14-rasp24-rasp34_allfive_r3,19,80,1790954557627,0,1790954673661.637,276.59,4.982,1790954673943.562,Normal,0.9716
rasp1,32895,20261002-152228_clu_vm14-vm24-rasp14-rasp24-rasp34_allfive_r3,1528,perf_20261002-152228_clu_vm14-vm24-rasp14-rasp24-rasp34_allfive_r3,19,81,1790954557629,0,1790954673944.274,259.091,5.916,1790954674209.663,Normal,0.9173
rasp1,32895,20261002-152228_clu_vm14-vm24-rasp14-rasp24-rasp34_allfive_r3,1530,perf_20261002-152228_clu_vm14-vm24-rasp14-rasp24-rasp34_allfive_r3,19,82,1790954557629,0,1790954674210.413,435.607,5.936,1790954674652.32,Normal,0.9335
rasp1,32895,20261002-152228_clu_vm14-vm24-rasp14-rasp24-rasp34_allfive_r3,1565,perf_20261002-152228_clu_vm14-vm24-rasp14-rasp24-rasp34_allfive_r3,19,83,1790954557633,0,1790954674653.097,251.282,5.817,1790954674910.574,Normal,0.9176
rasp1,32895,20261002-152228_clu_vm14-vm24-rasp14-rasp24-rasp34_allfive_r3,1580,perf_20261002-152228_clu_vm14-vm24-rasp14-rasp24-rasp34_allfive_r3,19,84,1790954557634,0,1790954674911.361,268.156,5.549,1790954675185.445,Normal,0.9728
rasp1,32895,20261002-152228_clu_vm14-vm24-rasp14-rasp24-rasp34_allfive_r3,1586,perf_20261002-152228_clu_vm14-vm24-rasp14-rasp24-rasp34_allfive_r3,19,85,1790954557635,0,1790954675186.159,257.872,5.474,1790954675449.907,Normal,0.9401
rasp1,32895,20261002-152228_clu_vm14-vm24-rasp14-rasp24-rasp34_allfive_r3,1643,perf_20261002-152228_clu_vm14-vm24-rasp14-rasp24-rasp34_allfive_r3,19,86,1790954557640,0,1790954675450.569,410.42,5.613,1790954675866.965,Normal,0.9443
rasp1,32895,20261002-152228_clu_vm14-vm24-rasp14-rasp24-rasp34_allfive_r3,1652,perf_20261002-152228_clu_vm14-vm24-rasp14-rasp24-rasp34_allfive_r3,19,87,1790954557641,0,1790954675867.653,243.888,25.648,1790954676137.561,Normal,0.9662
rasp1,32895,20261002-152228_clu_vm14-vm24-rasp14-rasp24-rasp34_allfive_r3,1656,perf_20261002-152228_clu_vm14-vm24-rasp14-rasp24-rasp34_allfive_r3,19,88,1790954557641,0,1790954676138.292,270.775,9.229,1790954676419.003,Normal,0.9551
rasp1,32895,20261002-152228_clu_vm14-vm24-rasp14-rasp24-rasp34_allfive_r3,1661,perf_20261002-152228_clu_vm14-vm24-rasp14-rasp24-rasp34_allfive_r3,19,89,1790954557642,0,1790954676420.23,1646.601,10.597,1790954678077.809,Normal,0.9774
rasp1,32895,20261002-152228_clu_vm14-vm24-rasp14-rasp24-rasp34_allfive_r3,1672,perf_20261002-152228_clu_vm14-vm24-rasp14-rasp24-rasp34_allfive_r3,19,90,1790954557642,0,1790954678078.662,297.999,6.581,1790954678383.683,Normal,0.9432
rasp1,32895,20261002-152228_clu_vm14-vm24-rasp14-rasp24-rasp34_allfive_r3,1676,perf_20261002-152228_clu_vm14-vm24-rasp14-rasp24-rasp34_allfive_r3,19,91,1790954557643,0,1790954678384.522,372.546,6.204,1790954678763.696,Normal,0.9771
rasp1,32895,20261002-152228_clu_vm14-vm24-rasp14-rasp24-rasp34_allfive_r3,1677,perf_20261002-152228_clu_vm14-vm24-rasp14-rasp24-rasp34_allfive_r3,19,92,1790954557643,0,1790954678765.071,322.695,4.791,1790954679092.907,Normal,0.8616
rasp1,32895,20261002-152228_clu_vm14-vm24-rasp14-rasp24-rasp34_allfive_r3,1678,perf_20261002-152228_clu_vm14-vm24-rasp14-rasp24-rasp34_allfive_r3,19,93,1790954557643,0,1790954679093.558,277.827,5.674,1790954679377.469,Normal,0.9599
rasp1,32895,20261002-152228_clu_vm14-vm24-rasp14-rasp24-rasp34_allfive_r3,1708,perf_20261002-152228_clu_vm14-vm24-rasp14-rasp24-rasp34_allfive_r3,19,94,1790954557646,0,1790954679378.209,388.053,9.659,1790954679776.275,Normal,0.9101
rasp1,32895,20261002-152228_clu_vm14-vm24-rasp14-rasp24-rasp34_allfive_r3,1714,perf_20261002-152228_clu_vm14-vm24-rasp14-rasp24-rasp34_allfive_r3,19,95,1790954557647,0,1790954679777.038,250.331,5.224,1790954680032.969,Normal,0.9423
rasp1,32895,20261002-152228_clu_vm14-vm24-rasp14-rasp24-rasp34_allfive_r3,1724,perf_20261002-152228_clu_vm14-vm24-rasp14-rasp24-rasp34_allfive_r3,19,96,1790954557647,0,1790954680033.631,345.664,6.496,1790954680386.16,Normal,0.9396
rasp1,32895,20261002-152228_clu_vm14-vm24-rasp14-rasp24-rasp34_allfive_r3,1735,perf_20261002-152228_clu_vm14-vm24-rasp14-rasp24-rasp34_allfive_r3,19,97,1790954557649,0,1790954680386.829,444.755,6.568,1790954680838.531,Normal,0.9086
rasp1,32895,20261002-152228_clu_vm14-vm24-rasp14-rasp24-rasp34_allfive_r3,1740,perf_20261002-152228_clu_vm14-vm24-rasp14-rasp24-rasp34_allfive_r3,19,98,1790954557649,0,1790954680839.357,699.126,7.428,1790954681546.431,Normal,0.9559
rasp1,32895,20261002-152228_clu_vm14-vm24-rasp14-rasp24-rasp34_allfive_r3,1741,perf_20261002-152228_clu_vm14-vm24-rasp14-rasp24-rasp34_allfive_r3,19,99,1790954557649,0,1790954681548.333,303.463,8.014,1790954681860.684,Normal,0.9116
rasp1,32895,20261002-152228_clu_vm14-vm24-rasp14-rasp24-rasp34_allfive_r3,1753,perf_20261002-152228_clu_vm14-vm24-rasp14-rasp24-rasp34_allfive_r3,19,100,1790954557650,0,1790954681861.501,354.036,6.144,1790954682222.1,Normal,0.85
rasp1,32895,20261002-152228_clu_vm14-vm24-rasp14-rasp24-rasp34_allfive_r3,1763,perf_20261002-152228_clu_vm14-vm24-rasp14-rasp24-rasp34_allfive_r3,19,101,1790954557651,0,1790954682222.813,354.357,6.834,1790954682584.459,Normal,0.9664
rasp1,32895,20261002-152228_clu_vm14-vm24-rasp14-rasp24-rasp34_allfive_r3,1773,perf_20261002-152228_clu_vm14-vm24-rasp14-rasp24-rasp34_allfive_r3,19,102,1790954557652,0,1790954682585.634,469.593,6.278,1790954683061.914,Normal,0.6974
rasp1,32895,20261002-152228_clu_vm14-vm24-rasp14-rasp24-rasp34_allfive_r3,1825,perf_20261002-152228_clu_vm14-vm24-rasp14-rasp24-rasp34_allfive_r3,19,103,1790954557657,0,1790954683062.872,292.901,6.272,1790954683362.393,Normal,0.9473
rasp1,32895,20261002-152228_clu_vm14-vm24-rasp14-rasp24-rasp34_allfive_r3,1832,perf_20261002-152228_clu_vm14-vm24-rasp14-rasp24-rasp34_allfive_r3,19,104,1790954557657,0,1790954683363.157,859.136,7.783,1790954684230.605,Normal,0.9606
rasp1,32895,20261002-152228_clu_vm14-vm24-rasp14-rasp24-rasp34_allfive_r3,1906,perf_20261002-152228_clu_vm14-vm24-rasp14-rasp24-rasp34_allfive_r3,19,105,1790954557667,0,1790954684231.749,328.909,7.076,1790954684568.304,Normal,0.9445
rasp1,32895,20261002-152228_clu_vm14-vm24-rasp14-rasp24-rasp34_allfive_r3,1930,perf_20261002-152228_clu_vm14-vm24-rasp14-rasp24-rasp34_allfive_r3,19,106,1790954557673,0,1790954684569.444,433.527,5.544,1790954685008.902,Normal,0.8651
rasp1,32895,20261002-152228_clu_vm14-vm24-rasp14-rasp24-rasp34_allfive_r3,1931,perf_20261002-152228_clu_vm14-vm24-rasp14-rasp24-rasp34_allfive_r3,19,107,1790954557674,0,1790954685010.493,288.54,6.348,1790954685305.784,Normal,0.8996
rasp1,32895,20261002-152228_clu_vm14-vm24-rasp14-rasp24-rasp34_allfive_r3,1951,perf_20261002-152228_clu_vm14-vm24-rasp14-rasp24-rasp34_allfive_r3,19,108,1790954557675,0,1790954685306.478,298.436,6.553,1790954685611.783,Normal,0.965
rasp1,32895,20261002-152228_clu_vm14-vm24-rasp14-rasp24-rasp34_allfive_r3,1976,perf_20261002-152228_clu_vm14-vm24-rasp14-rasp24-rasp34_allfive_r3,19,109,1790954557678,0,1790954685612.39,307.198,7.165,1790954685927.123,Normal,0.944
rasp1,32895,20261002-152228_clu_vm14-vm24-rasp14-rasp24-rasp34_allfive_r3,1985,perf_20261002-152228_clu_vm14-vm24-rasp14-rasp24-rasp34_allfive_r3,19,110,1790954557679,0,1790954685928.077,264.915,25.734,1790954686219.074,Normal,0.9646
rasp1,32895,20261002-152228_clu_vm14-vm24-rasp14-rasp24-rasp34_allfive_r3,1990,perf_20261002-152228_clu_vm14-vm24-rasp14-rasp24-rasp34_allfive_r3,19,111,1790954557679,0,1790954686219.774,262.337,5.792,1790954686488.243,Normal,0.964
rasp1,32895,20261002-152228_clu_vm14-vm24-rasp14-rasp24-rasp34_allfive_r3,1997,perf_20261002-152228_clu_vm14-vm24-rasp14-rasp24-rasp34_allfive_r3,19,112,1790954557680,0,1790954686489.005,320.192,6.33,1790954686815.961,Normal,0.9289
rasp1,32895,20261002-152228_clu_vm14-vm24-rasp14-rasp24-rasp34_allfive_r3,2067,perf_20261002-152228_clu_vm14-vm24-rasp14-rasp24-rasp34_allfive_r3,19,113,1790954557687,0,1790954686816.884,332.53,5.06,1790954687154.881,Normal,0.9079
rasp1,32895,20261002-152228_clu_vm14-vm24-rasp14-rasp24-rasp34_allfive_r3,2072,perf_20261002-152228_clu_vm14-vm24-rasp14-rasp24-rasp34_allfive_r3,19,114,1790954557687,0,1790954687155.594,258.295,5.39,1790954687419.625,Normal,0.9335
rasp1,32895,20261002-152228_clu_vm14-vm24-rasp14-rasp24-rasp34_allfive_r3,2074,perf_20261002-152228_clu_vm14-vm24-rasp14-rasp24-rasp34_allfive_r3,19,115,1790954557688,0,1790954687420.38,277.377,6.143,1790954687704.542,Normal,0.9608
rasp1,32895,20261002-152228_clu_vm14-vm24-rasp14-rasp24-rasp34_allfive_r3,2079,perf_20261002-152228_clu_vm14-vm24-rasp14-rasp24-rasp34_allfive_r3,19,116,1790954557690,0,1790954687705.164,322.517,7.693,1790954688035.924,Normal,0.9502
rasp1,32895,20261002-152228_clu_vm14-vm24-rasp14-rasp24-rasp34_allfive_r3,2098,perf_20261002-152228_clu_vm14-vm24-rasp14-rasp24-rasp34_allfive_r3,19,117,1790954557692,0,1790954688036.52,574.102,6.944,1790954688617.978,HATE,0.5104
rasp1,32895,20261002-152228_clu_vm14-vm24-rasp14-rasp24-rasp34_allfive_r3,2099,perf_20261002-152228_clu_vm14-vm24-rasp14-rasp24-rasp34_allfive_r3,19,118,1790954557692,0,1790954688618.741,291.653,5.726,1790954688916.499,Normal,0.8308
rasp1,32895,20261002-152228_clu_vm14-vm24-rasp14-rasp24-rasp34_allfive_r3,2148,perf_20261002-152228_clu_vm14-vm24-rasp14-rasp24-rasp34_allfive_r3,19,119,1790954557703,0,1790954688917.889,342.78,5.427,1790954689266.541,Normal,0.9647
rasp1,32895,20261002-152228_clu_vm14-vm24-rasp14-rasp24-rasp34_allfive_r3,2165,perf_20261002-152228_clu_vm14-vm24-rasp14-rasp24-rasp34_allfive_r3,19,120,1790954557707,0,1790954689267.533,558.794,5.737,1790954689832.664,Normal,0.9186
rasp1,32895,20261002-152228_clu_vm14-vm24-rasp14-rasp24-rasp34_allfive_r3,2173,perf_20261002-152228_clu_vm14-vm24-rasp14-rasp24-rasp34_allfive_r3,19,121,1790954557708,0,1790954689834.08,464.82,7.879,1790954690307.677,Normal,0.9298
rasp1,32895,20261002-152228_clu_vm14-vm24-rasp14-rasp24-rasp34_allfive_r3,2194,perf_20261002-152228_clu_vm14-vm24-rasp14-rasp24-rasp34_allfive_r3,19,122,1790954557714,0,1790954690308.996,397.739,7.657,1790954690714.957,Normal,0.9747
rasp1,32895,20261002-152228_clu_vm14-vm24-rasp14-rasp24-rasp34_allfive_r3,2204,perf_20261002-152228_clu_vm14-vm24-rasp14-rasp24-rasp34_allfive_r3,19,123,1790954557715,0,1790954690716.214,694.098,6.851,1790954691417.625,Normal,0.9388
rasp1,32895,20261002-152228_clu_vm14-vm24-rasp14-rasp24-rasp34_allfive_r3,2209,perf_20261002-152228_clu_vm14-vm24-rasp14-rasp24-rasp34_allfive_r3,19,124,1790954557715,0,1790954691418.485,377.681,10.6,1790954691807.147,Normal,0.9298
rasp1,32895,20261002-152228_clu_vm14-vm24-rasp14-rasp24-rasp34_allfive_r3,2234,perf_20261002-152228_clu_vm14-vm24-rasp14-rasp24-rasp34_allfive_r3,19,125,1790954557717,0,1790954691807.927,431.27,7.674,1790954692247.354,Normal,0.9651
rasp1,32895,20261002-152228_clu_vm14-vm24-rasp14-rasp24-rasp34_allfive_r3,2245,perf_20261002-152228_clu_vm14-vm24-rasp14-rasp24-rasp34_allfive_r3,19,126,1790954557719,0,1790954692248.432,347.925,8.738,1790954692605.544,Normal,0.932
rasp1,32895,20261002-152228_clu_vm14-vm24-rasp14-rasp24-rasp34_allfive_r3,2254,perf_20261002-152228_clu_vm14-vm24-rasp14-rasp24-rasp34_allfive_r3,19,127,1790954557719,0,1790954692606.54,348.922,7.508,1790954692963.392,Normal,0.9601
rasp1,32895,20261002-152228_clu_vm14-vm24-rasp14-rasp24-rasp34_allfive_r3,2255,perf_20261002-152228_clu_vm14-vm24-rasp14-rasp24-rasp34_allfive_r3,19,128,1790954557719,0,1790954692964.556,501.503,7.132,1790954693473.651,Normal,0.9404
rasp1,32895,20261002-152228_clu_vm14-vm24-rasp14-rasp24-rasp34_allfive_r3,2273,perf_20261002-152228_clu_vm14-vm24-rasp14-rasp24-rasp34_allfive_r3,19,129,1790954557721,0,1790954693474.38,330.717,6.259,1790954693811.88,Normal,0.8862
rasp1,32895,20261002-152228_clu_vm14-vm24-rasp14-rasp24-rasp34_allfive_r3,2278,perf_20261002-152228_clu_vm14-vm24-rasp14-rasp24-rasp34_allfive_r3,19,130,1790954557721,0,1790954693812.863,390.266,7.715,1790954694211.229,Normal,0.9637
rasp1,32895,20261002-152228_clu_vm14-vm24-rasp14-rasp24-rasp34_allfive_r3,2289,perf_20261002-152228_clu_vm14-vm24-rasp14-rasp24-rasp34_allfive_r3,19,131,1790954557722,0,1790954694212.077,369.734,6.403,1790954694588.574,Normal,0.9455
rasp1,32895,20261002-152228_clu_vm14-vm24-rasp14-rasp24-rasp34_allfive_r3,2298,perf_20261002-152228_clu_vm14-vm24-rasp14-rasp24-rasp34_allfive_r3,19,132,1790954557723,0,1790954694589.332,379.324,6.384,1790954694975.437,Normal,0.9327
rasp1,32895,20261002-152228_clu_vm14-vm24-rasp14-rasp24-rasp34_allfive_r3,2327,perf_20261002-152228_clu_vm14-vm24-rasp14-rasp24-rasp34_allfive_r3,19,133,1790954557726,0,1790954694976.182,453.782,7.068,1790954695437.444,Normal,0.9515
rasp1,32895,20261002-152228_clu_vm14-vm24-rasp14-rasp24-rasp34_allfive_r3,2351,perf_20261002-152228_clu_vm14-vm24-rasp14-rasp24-rasp34_allfive_r3,19,134,1790954557728,0,1790954695438.938,340.971,7.28,1790954695787.544,Normal,0.8729
rasp1,32895,20261002-152228_clu_vm14-vm24-rasp14-rasp24-rasp34_allfive_r3,2366,perf_20261002-152228_clu_vm14-vm24-rasp14-rasp24-rasp34_allfive_r3,19,135,1790954557730,0,1790954695788.683,378.925,7.397,1790954696175.619,Normal,0.9408
rasp1,32895,20261002-152228_clu_vm14-vm24-rasp14-rasp24-rasp34_allfive_r3,2367,perf_20261002-152228_clu_vm14-vm24-rasp14-rasp24-rasp34_allfive_r3,19,136,1790954557730,0,1790954696176.693,301.532,6.811,1790954696485.427,Normal,0.8975
rasp1,32895,20261002-152228_clu_vm14-vm24-rasp14-rasp24-rasp34_allfive_r3,2371,perf_20261002-152228_clu_vm14-vm24-rasp14-rasp24-rasp34_allfive_r3,19,137,1790954557730,0,1790954696486.229,265.827,5.207,1790954696757.564,Normal,0.9447
rasp1,32895,20261002-152228_clu_vm14-vm24-rasp14-rasp24-rasp34_allfive_r3,2381,perf_20261002-152228_clu_vm14-vm24-rasp14-rasp24-rasp34_allfive_r3,19,138,1790954557731,0,1790954696758.857,348.606,7.159,1790954697115.014,Normal,0.9409
rasp1,32895,20261002-152228_clu_vm14-vm24-rasp14-rasp24-rasp34_allfive_r3,2412,perf_20261002-152228_clu_vm14-vm24-rasp14-rasp24-rasp34_allfive_r3,19,139,1790954557734,0,1790954697115.957,507.277,6.061,1790954697629.67,Normal,0.9735
rasp1,32895,20261002-152228_clu_vm14-vm24-rasp14-rasp24-rasp34_allfive_r3,2426,perf_20261002-152228_clu_vm14-vm24-rasp14-rasp24-rasp34_allfive_r3,19,140,1790954557735,0,1790954697630.344,409.874,6.552,1790954698047.129,HATE,0.4822
rasp1,32895,20261002-152228_clu_vm14-vm24-rasp14-rasp24-rasp34_allfive_r3,2439,perf_20261002-152228_clu_vm14-vm24-rasp14-rasp24-rasp34_allfive_r3,19,141,1790954557736,0,1790954698048.2,713.457,8.0,1790954698770.115,Normal,0.9059
rasp1,32895,20261002-152228_clu_vm14-vm24-rasp14-rasp24-rasp34_allfive_r3,2470,perf_20261002-152228_clu_vm14-vm24-rasp14-rasp24-rasp34_allfive_r3,19,142,1790954557739,0,1790954698770.939,323.659,5.662,1790954699100.677,Normal,0.391
rasp1,32895,20261002-152228_clu_vm14-vm24-rasp14-rasp24-rasp34_allfive_r3,2477,perf_20261002-152228_clu_vm14-vm24-rasp14-rasp24-rasp34_allfive_r3,19,143,1790954557739,0,1790954699101.812,319.409,6.708,1790954699428.367,Normal,0.9634
rasp1,32895,20261002-152228_clu_vm14-vm24-rasp14-rasp24-rasp34_allfive_r3,2478,perf_20261002-152228_clu_vm14-vm24-rasp14-rasp24-rasp34_allfive_r3,19,144,1790954557740,0,1790954699429.265,303.062,6.973,1790954699739.91,Normal,0.9423
rasp1,32895,20261002-152228_clu_vm14-vm24-rasp14-rasp24-rasp34_allfive_r3,2495,perf_20261002-152228_clu_vm14-vm24-rasp14-rasp24-rasp34_allfive_r3,19,145,1790954557741,0,1790954699741.078,321.512,6.729,1790954700069.758,Normal,0.9431
rasp1,32895,20261002-152228_clu_vm14-vm24-rasp14-rasp24-rasp34_allfive_r3,2552,perf_20261002-152228_clu_vm14-vm24-rasp14-rasp24-rasp34_allfive_r3,19,146,1790954557746,0,1790954700070.413,485.925,5.994,1790954700562.654,Normal,0.9552
rasp1,32895,20261002-152228_clu_vm14-vm24-rasp14-rasp24-rasp34_allfive_r3,2589,perf_20261002-152228_clu_vm14-vm24-rasp14-rasp24-rasp34_allfive_r3,19,147,1790954557750,0,1790954700563.762,619.989,7.923,1790954701192.094,Normal,0.9773
rasp1,32895,20261002-152228_clu_vm14-vm24-rasp14-rasp24-rasp34_allfive_r3,2635,perf_20261002-152228_clu_vm14-vm24-rasp14-rasp24-rasp34_allfive_r3,19,148,1790954557754,0,1790954701193.04,297.182,7.106,1790954701497.995,Normal,0.955
rasp1,32895,20261002-152228_clu_vm14-vm24-rasp14-rasp24-rasp34_allfive_r3,2654,perf_20261002-152228_clu_vm14-vm24-rasp14-rasp24-rasp34_allfive_r3,19,149,1790954557756,0,1790954701498.917,851.23,7.248,1790954702357.766,Normal,0.7837
rasp1,32895,20261002-152228_clu_vm14-vm24-rasp14-rasp24-rasp34_allfive_r3,2674,perf_20261002-152228_clu_vm14-vm24-rasp14-rasp24-rasp34_allfive_r3,19,150,1790954557758,0,1790954702358.85,392.731,6.898,1790954702758.923,Normal,0.9625
rasp1,32895,20261002-152228_clu_vm14-vm24-rasp14-rasp24-rasp34_allfive_r3,2686,perf_20261002-152228_clu_vm14-vm24-rasp14-rasp24-rasp34_allfive_r3,19,151,1790954557759,0,1790954702759.682,385.587,6.585,1790954703152.558,Normal,0.9484
rasp1,32895,20261002-152228_clu_vm14-vm24-rasp14-rasp24-rasp34_allfive_r3,2687,perf_20261002-152228_clu_vm14-vm24-rasp14-rasp24-rasp34_allfive_r3,19,152,1790954557759,0,1790954703153.353,576.375,5.385,1790954703735.432,Normal,0.9548
rasp1,32895,20261002-152228_clu_vm14-vm24-rasp14-rasp24-rasp34_allfive_r3,2704,perf_20261002-152228_clu_vm14-vm24-rasp14-rasp24-rasp34_allfive_r3,19,153,1790954557760,0,1790954703736.207,274.847,7.058,1790954704018.456,Normal,0.9434
rasp1,32895,20261002-152228_clu_vm14-vm24-rasp14-rasp24-rasp34_allfive_r3,2725,perf_20261002-152228_clu_vm14-vm24-rasp14-rasp24-rasp34_allfive_r3,19,154,1790954557762,0,1790954704019.322,1126.593,7.526,1790954705153.821,Normal,0.9761
rasp1,32895,20261002-152228_clu_vm14-vm24-rasp14-rasp24-rasp34_allfive_r3,2738,perf_20261002-152228_clu_vm14-vm24-rasp14-rasp24-rasp34_allfive_r3,19,155,1790954557763,0,1790954705154.539,426.583,8.103,1790954705589.591,Normal,0.9519
rasp1,32895,20261002-152228_clu_vm14-vm24-rasp14-rasp24-rasp34_allfive_r3,2745,perf_20261002-152228_clu_vm14-vm24-rasp14-rasp24-rasp34_allfive_r3,19,156,1790954557764,0,1790954705590.356,423.204,9.117,1790954706023.108,Normal,0.9666
rasp1,32895,20261002-152228_clu_vm14-vm24-rasp14-rasp24-rasp34_allfive_r3,2753,perf_20261002-152228_clu_vm14-vm24-rasp14-rasp24-rasp34_allfive_r3,19,157,1790954557765,0,1790954706024.614,328.003,5.78,1790954706358.789,Normal,0.9518
rasp1,32895,20261002-152228_clu_vm14-vm24-rasp14-rasp24-rasp34_allfive_r3,2756,perf_20261002-152228_clu_vm14-vm24-rasp14-rasp24-rasp34_allfive_r3,19,158,1790954557765,0,1790954706359.449,437.829,6.416,1790954706804.035,Normal,0.9606
rasp1,32895,20261002-152228_clu_vm14-vm24-rasp14-rasp24-rasp34_allfive_r3,2767,perf_20261002-152228_clu_vm14-vm24-rasp14-rasp24-rasp34_allfive_r3,19,159,1790954557770,0,1790954706804.783,304.037,5.875,1790954707115.045,Normal,0.9468
rasp1,32895,20261002-152228_clu_vm14-vm24-rasp14-rasp24-rasp34_allfive_r3,2768,perf_20261002-152228_clu_vm14-vm24-rasp14-rasp24-rasp34_allfive_r3,19,160,1790954557770,0,1790954707115.848,314.623,6.015,1790954707437.019,Normal,0.9514
rasp1,32895,20261002-152228_clu_vm14-vm24-rasp14-rasp24-rasp34_allfive_r3,2834,perf_20261002-152228_clu_vm14-vm24-rasp14-rasp24-rasp34_allfive_r3,19,161,1790954557776,0,1790954707437.697,427.751,6.574,1790954707872.46,Normal,0.9774
rasp1,32895,20261002-152228_clu_vm14-vm24-rasp14-rasp24-rasp34_allfive_r3,2841,perf_20261002-152228_clu_vm14-vm24-rasp14-rasp24-rasp34_allfive_r3,19,162,1790954557777,0,1790954707873.191,339.445,14.547,1790954708227.583,Normal,0.9785
rasp1,32895,20261002-152228_clu_vm14-vm24-rasp14-rasp24-rasp34_allfive_r3,2863,perf_20261002-152228_clu_vm14-vm24-rasp14-rasp24-rasp34_allfive_r3,19,163,1790954557779,0,1790954708228.678,365.024,6.022,1790954708600.143,Normal,0.9375
rasp1,32895,20261002-152228_clu_vm14-vm24-rasp14-rasp24-rasp34_allfive_r3,2882,perf_20261002-152228_clu_vm14-vm24-rasp14-rasp24-rasp34_allfive_r3,19,164,1790954557780,0,1790954708600.888,381.005,8.081,1790954708990.344,Normal,0.9768
rasp1,32895,20261002-152228_clu_vm14-vm24-rasp14-rasp24-rasp34_allfive_r3,2925,perf_20261002-152228_clu_vm14-vm24-rasp14-rasp24-rasp34_allfive_r3,19,165,1790954557784,0,1790954708992.061,287.615,7.487,1790954709287.615,Normal,0.8554
rasp1,32895,20261002-152228_clu_vm14-vm24-rasp14-rasp24-rasp34_allfive_r3,2947,perf_20261002-152228_clu_vm14-vm24-rasp14-rasp24-rasp34_allfive_r3,19,166,1790954557787,0,1790954709288.84,298.934,7.483,1790954709595.619,Normal,0.9228
rasp1,32895,20261002-152228_clu_vm14-vm24-rasp14-rasp24-rasp34_allfive_r3,2951,perf_20261002-152228_clu_vm14-vm24-rasp14-rasp24-rasp34_allfive_r3,19,167,1790954557787,0,1790954709596.919,582.677,8.263,1790954710188.343,Normal,0.9093
rasp1,32895,20261002-152228_clu_vm14-vm24-rasp14-rasp24-rasp34_allfive_r3,2964,perf_20261002-152228_clu_vm14-vm24-rasp14-rasp24-rasp34_allfive_r3,19,168,1790954557788,0,1790954710190.163,329.013,6.503,1790954710526.044,Normal,0.9049
rasp1,32895,20261002-152228_clu_vm14-vm24-rasp14-rasp24-rasp34_allfive_r3,2973,perf_20261002-152228_clu_vm14-vm24-rasp14-rasp24-rasp34_allfive_r3,19,169,1790954557789,0,1790954710526.762,437.356,7.231,1790954710971.761,Normal,0.9275
rasp1,32895,20261002-152228_clu_vm14-vm24-rasp14-rasp24-rasp34_allfive_r3,2977,perf_20261002-152228_clu_vm14-vm24-rasp14-rasp24-rasp34_allfive_r3,19,170,1790954557789,0,1790954710973.207,321.119,7.451,1790954711302.37,Normal,0.9475
rasp1,32895,20261002-152228_clu_vm14-vm24-rasp14-rasp24-rasp34_allfive_r3,2985,perf_20261002-152228_clu_vm14-vm24-rasp14-rasp24-rasp34_allfive_r3,19,171,1790954557790,0,1790954711303.311,372.784,9.172,1790954711685.779,Normal,0.934
rasp1,32895,20261002-152228_clu_vm14-vm24-rasp14-rasp24-rasp34_allfive_r3,3070,perf_20261002-152228_clu_vm14-vm24-rasp14-rasp24-rasp34_allfive_r3,19,172,1790954557798,0,1790954711686.879,337.902,7.245,1790954712032.432,Normal,0.9515
rasp1,32895,20261002-152228_clu_vm14-vm24-rasp14-rasp24-rasp34_allfive_r3,3089,perf_20261002-152228_clu_vm14-vm24-rasp14-rasp24-rasp34_allfive_r3,19,173,1790954557799,0,1790954712033.124,569.435,6.957,1790954712609.898,Normal,0.9742
rasp1,32895,20261002-152228_clu_vm14-vm24-rasp14-rasp24-rasp34_allfive_r3,3097,perf_20261002-152228_clu_vm14-vm24-rasp14-rasp24-rasp34_allfive_r3,19,174,1790954557800,0,1790954712610.553,387.016,6.995,1790954713005.128,Normal,0.8682
rasp1,32895,20261002-152228_clu_vm14-vm24-rasp14-rasp24-rasp34_allfive_r3,3113,perf_20261002-152228_clu_vm14-vm24-rasp14-rasp24-rasp34_allfive_r3,19,175,1790954557801,0,1790954713006.067,938.366,6.967,1790954713952.087,Normal,0.8909
rasp1,32895,20261002-152228_clu_vm14-vm24-rasp14-rasp24-rasp34_allfive_r3,3115,perf_20261002-152228_clu_vm14-vm24-rasp14-rasp24-rasp34_allfive_r3,19,176,1790954557801,0,1790954713953.377,460.112,7.695,1790954714421.579,Normal,0.9235
rasp1,32895,20261002-152228_clu_vm14-vm24-rasp14-rasp24-rasp34_allfive_r3,3137,perf_20261002-152228_clu_vm14-vm24-rasp14-rasp24-rasp34_allfive_r3,19,177,1790954557804,0,1790954714423.215,309.223,8.868,1790954714742.087,OFFENSIVE,0.3534
rasp1,32895,20261002-152228_clu_vm14-vm24-rasp14-rasp24-rasp34_allfive_r3,3170,perf_20261002-152228_clu_vm14-vm24-rasp14-rasp24-rasp34_allfive_r3,19,178,1790954557808,0,1790954714743.277,409.53,6.061,1790954715159.259,Normal,0.948
rasp1,32895,20261002-152228_clu_vm14-vm24-rasp14-rasp24-rasp34_allfive_r3,3179,perf_20261002-152228_clu_vm14-vm24-rasp14-rasp24-rasp34_allfive_r3,19,179,1790954557809,0,1790954715160.102,394.752,6.33,1790954715561.804,Normal,0.9468
rasp1,32895,20261002-152228_clu_vm14-vm24-rasp14-rasp24-rasp34_allfive_r3,3183,perf_20261002-152228_clu_vm14-vm24-rasp14-rasp24-rasp34_allfive_r3,19,180,1790954557809,0,1790954715562.456,529.207,7.499,1790954716099.811,Normal,0.9222
rasp1,32895,20261002-152228_clu_vm14-vm24-rasp14-rasp24-rasp34_allfive_r3,3193,perf_20261002-152228_clu_vm14-vm24-rasp14-rasp24-rasp34_allfive_r3,19,181,1790954557810,0,1790954716100.582,391.75,7.665,1790954716500.357,Normal,0.9505
rasp1,32895,20261002-152228_clu_vm14-vm24-rasp14-rasp24-rasp34_allfive_r3,3196,perf_20261002-152228_clu_vm14-vm24-rasp14-rasp24-rasp34_allfive_r3,19,182,1790954557810,0,1790954716501.458,298.205,6.315,1790954716806.387,Normal,0.9254
rasp1,32895,20261002-152228_clu_vm14-vm24-rasp14-rasp24-rasp34_allfive_r3,3211,perf_20261002-152228_clu_vm14-vm24-rasp14-rasp24-rasp34_allfive_r3,19,183,1790954557811,0,1790954716807.48,396.15,8.293,1790954717212.361,Normal,0.9393
rasp1,32895,20261002-152228_clu_vm14-vm24-rasp14-rasp24-rasp34_allfive_r3,3224,perf_20261002-152228_clu_vm14-vm24-rasp14-rasp24-rasp34_allfive_r3,19,184,1790954557813,0,1790954717213.149,393.642,8.192,1790954717615.311,Normal,0.6058
rasp1,32895,20261002-152228_clu_vm14-vm24-rasp14-rasp24-rasp34_allfive_r3,3246,perf_20261002-152228_clu_vm14-vm24-rasp14-rasp24-rasp34_allfive_r3,19,185,1790954557817,0,1790954717616.264,731.586,8.332,1790954718356.762,Normal,0.9564
rasp1,32895,20261002-152228_clu_vm14-vm24-rasp14-rasp24-rasp34_allfive_r3,3247,perf_20261002-152228_clu_vm14-vm24-rasp14-rasp24-rasp34_allfive_r3,19,186,1790954557817,0,1790954718358.051,431.911,6.877,1790954718797.386,Normal,0.957
rasp1,32895,20261002-152228_clu_vm14-vm24-rasp14-rasp24-rasp34_allfive_r3,3327,perf_20261002-152228_clu_vm14-vm24-rasp14-rasp24-rasp34_allfive_r3,19,187,1790954557825,0,1790954718798.308,286.772,6.881,1790954719092.347,Normal,0.9375
rasp1,32895,20261002-152228_clu_vm14-vm24-rasp14-rasp24-rasp34_allfive_r3,3357,perf_20261002-152228_clu_vm14-vm24-rasp14-rasp24-rasp34_allfive_r3,19,188,1790954557828,0,1790954719093.206,3410.978,7.451,1790954722512.335,Normal,0.9805
rasp1,32895,20261002-152228_clu_vm14-vm24-rasp14-rasp24-rasp34_allfive_r3,3371,perf_20261002-152228_clu_vm14-vm24-rasp14-rasp24-rasp34_allfive_r3,19,189,1790954557829,0,1790954722513.514,302.022,6.681,1790954722822.631,Normal,0.9474
rasp1,32895,20261002-152228_clu_vm14-vm24-rasp14-rasp24-rasp34_allfive_r3,3434,perf_20261002-152228_clu_vm14-vm24-rasp14-rasp24-rasp34_allfive_r3,19,190,1790954557835,0,1790954722823.41,337.032,8.45,1790954723169.566,Normal,0.9375
rasp1,32895,20261002-152228_clu_vm14-vm24-rasp14-rasp24-rasp34_allfive_r3,3477,perf_20261002-152228_clu_vm14-vm24-rasp14-rasp24-rasp34_allfive_r3,19,191,1790954557843,0,1790954723171.095,366.359,6.049,1790954723543.979,Normal,0.9375
rasp1,32895,20261002-152228_clu_vm14-vm24-rasp14-rasp24-rasp34_allfive_r3,3478,perf_20261002-152228_clu_vm14-vm24-rasp14-rasp24-rasp34_allfive_r3,19,192,1790954557843,0,1790954723544.81,419.736,6.627,1790954723971.59,Normal,0.9784
rasp1,32895,20261002-152228_clu_vm14-vm24-rasp14-rasp24-rasp34_allfive_r3,3482,perf_20261002-152228_clu_vm14-vm24-rasp14-rasp24-rasp34_allfive_r3,19,193,1790954557843,0,1790954723972.339,439.342,9.009,1790954724421.807,Normal,0.9265
rasp1,32895,20261002-152228_clu_vm14-vm24-rasp14-rasp24-rasp34_allfive_r3,3487,perf_20261002-152228_clu_vm14-vm24-rasp14-rasp24-rasp34_allfive_r3,19,194,1790954557844,0,1790954724423.531,494.198,8.734,1790954724927.069,Normal,0.9772
rasp1,32895,20261002-152228_clu_vm14-vm24-rasp14-rasp24-rasp34_allfive_r3,3494,perf_20261002-152228_clu_vm14-vm24-rasp14-rasp24-rasp34_allfive_r3,19,195,1790954557844,0,1790954724928.258,404.945,8.309,1790954725342.171,Normal,0.9636
rasp1,32895,20261002-152228_clu_vm14-vm24-rasp14-rasp24-rasp34_allfive_r3,3503,perf_20261002-152228_clu_vm14-vm24-rasp14-rasp24-rasp34_allfive_r3,19,196,1790954557845,0,1790954725343.591,499.886,5.462,1790954725849.358,Normal,0.843
rasp1,32895,20261002-152228_clu_vm14-vm24-rasp14-rasp24-rasp34_allfive_r3,3508,perf_20261002-152228_clu_vm14-vm24-rasp14-rasp24-rasp34_allfive_r3,19,197,1790954557845,0,1790954725850.083,259.881,7.809,1790954726118.294,Normal,0.9375
rasp1,32895,20261002-152228_clu_vm14-vm24-rasp14-rasp24-rasp34_allfive_r3,3518,perf_20261002-152228_clu_vm14-vm24-rasp14-rasp24-rasp34_allfive_r3,19,198,1790954557846,0,1790954726119.445,368.872,7.454,1790954726496.208,Normal,0.928
rasp1,32895,20261002-152228_clu_vm14-vm24-rasp14-rasp24-rasp34_allfive_r3,3533,perf_20261002-152228_clu_vm14-vm24-rasp14-rasp24-rasp34_allfive_r3,19,199,1790954557848,0,1790954726497.188,319.287,6.117,1790954726823.017,Normal,0.9063
rasp1,32895,20261002-152228_clu_vm14-vm24-rasp14-rasp24-rasp34_allfive_r3,3547,perf_20261002-152228_clu_vm14-vm24-rasp14-rasp24-rasp34_allfive_r3,19,200,1790954557849,0,1790954726823.769,648.609,7.019,1790954727479.982,Normal,0.9646
rasp1,32895,20261002-152228_clu_vm14-vm24-rasp14-rasp24-rasp34_allfive_r3,3561,perf_20261002-152228_clu_vm14-vm24-rasp14-rasp24-rasp34_allfive_r3,19,201,1790954557851,0,1790954727480.751,406.746,8.009,1790954727895.921,Normal,0.959
rasp1,32895,20261002-152228_clu_vm14-vm24-rasp14-rasp24-rasp34_allfive_r3,3578,perf_20261002-152228_clu_vm14-vm24-rasp14-rasp24-rasp34_allfive_r3,19,202,1790954557852,0,1790954727896.676,648.525,8.54,1790954728554.298,Normal,0.934
rasp1,32895,20261002-152228_clu_vm14-vm24-rasp14-rasp24-rasp34_allfive_r3,3625,perf_20261002-152228_clu_vm14-vm24-rasp14-rasp24-rasp34_allfive_r3,19,203,1790954557857,0,1790954728555.409,407.795,7.48,1790954728971.042,Normal,0.9719
rasp1,32895,20261002-152228_clu_vm14-vm24-rasp14-rasp24-rasp34_allfive_r3,3646,perf_20261002-152228_clu_vm14-vm24-rasp14-rasp24-rasp34_allfive_r3,19,204,1790954557859,0,1790954728971.762,285.866,7.414,1790954729265.422,Normal,0.9457
rasp1,32895,20261002-152228_clu_vm14-vm24-rasp14-rasp24-rasp34_allfive_r3,3680,perf_20261002-152228_clu_vm14-vm24-rasp14-rasp24-rasp34_allfive_r3,19,205,1790954557861,0,1790954729266.824,435.676,5.885,1790954729708.835,Normal,0.9626
rasp1,32895,20261002-152228_clu_vm14-vm24-rasp14-rasp24-rasp34_allfive_r3,3683,perf_20261002-152228_clu_vm14-vm24-rasp14-rasp24-rasp34_allfive_r3,19,206,1790954557862,0,1790954729709.602,1089.356,8.653,1790954730808.137,Normal,0.9789
rasp1,32895,20261002-152228_clu_vm14-vm24-rasp14-rasp24-rasp34_allfive_r3,3695,perf_20261002-152228_clu_vm14-vm24-rasp14-rasp24-rasp34_allfive_r3,19,207,1790954557863,0,1790954730809.417,338.761,7.775,1790954731156.373,Normal,0.8501
rasp1,32895,20261002-152228_clu_vm14-vm24-rasp14-rasp24-rasp34_allfive_r3,3732,perf_20261002-152228_clu_vm14-vm24-rasp14-rasp24-rasp34_allfive_r3,19,208,1790954557867,0,1790954731157.299,361.651,5.76,1790954731525.071,Normal,0.9567
rasp1,32895,20261002-152228_clu_vm14-vm24-rasp14-rasp24-rasp34_allfive_r3,3739,perf_20261002-152228_clu_vm14-vm24-rasp14-rasp24-rasp34_allfive_r3,19,209,1790954557867,0,1790954731525.806,439.972,7.62,1790954731973.92,Normal,0.9152
rasp1,32895,20261002-152228_clu_vm14-vm24-rasp14-rasp24-rasp34_allfive_r3,3742,perf_20261002-152228_clu_vm14-vm24-rasp14-rasp24-rasp34_allfive_r3,19,210,1790954557867,0,1790954731975.032,320.059,8.221,1790954732304.102,Normal,0.8767
rasp1,32895,20261002-152228_clu_vm14-vm24-rasp14-rasp24-rasp34_allfive_r3,3762,perf_20261002-152228_clu_vm14-vm24-rasp14-rasp24-rasp34_allfive_r3,19,211,1790954557870,0,1790954732304.904,728.241,8.559,1790954733042.326,Normal,0.9757
rasp1,32895,20261002-152228_clu_vm14-vm24-rasp14-rasp24-rasp34_allfive_r3,3814,perf_20261002-152228_clu_vm14-vm24-rasp14-rasp24-rasp34_allfive_r3,19,212,1790954557876,0,1790954733043.426,468.557,6.083,1790954733518.431,OFFENSIVE,0.7298
rasp1,32895,20261002-152228_clu_vm14-vm24-rasp14-rasp24-rasp34_allfive_r3,3824,perf_20261002-152228_clu_vm14-vm24-rasp14-rasp24-rasp34_allfive_r3,19,213,1790954557877,0,1790954733519.174,579.973,6.793,1790954734106.273,Normal,0.9516
rasp1,32895,20261002-152228_clu_vm14-vm24-rasp14-rasp24-rasp34_allfive_r3,3847,perf_20261002-152228_clu_vm14-vm24-rasp14-rasp24-rasp34_allfive_r3,19,214,1790954557879,0,1790954734107.378,383.454,8.01,1790954734499.372,OFFENSIVE,0.5809
rasp1,32895,20261002-152228_clu_vm14-vm24-rasp14-rasp24-rasp34_allfive_r3,3858,perf_20261002-152228_clu_vm14-vm24-rasp14-rasp24-rasp34_allfive_r3,19,215,1790954557880,0,1790954734500.815,388.145,7.798,1790954734897.402,Normal,0.931
rasp1,32895,20261002-152228_clu_vm14-vm24-rasp14-rasp24-rasp34_allfive_r3,3880,perf_20261002-152228_clu_vm14-vm24-rasp14-rasp24-rasp34_allfive_r3,19,216,1790954557882,0,1790954734898.467,311.474,6.743,1790954735217.275,Normal,0.9562
rasp1,32895,20261002-152228_clu_vm14-vm24-rasp14-rasp24-rasp34_allfive_r3,3929,perf_20261002-152228_clu_vm14-vm24-rasp14-rasp24-rasp34_allfive_r3,19,217,1790954557886,0,1790954735218.282,441.164,7.695,1790954735667.662,Normal,0.9543
rasp1,32895,20261002-152228_clu_vm14-vm24-rasp14-rasp24-rasp34_allfive_r3,3937,perf_20261002-152228_clu_vm14-vm24-rasp14-rasp24-rasp34_allfive_r3,19,218,1790954557887,0,1790954735669.051,709.93,7.459,1790954736386.84,Normal,0.9738
rasp1,32895,20261002-152228_clu_vm14-vm24-rasp14-rasp24-rasp34_allfive_r3,3962,perf_20261002-152228_clu_vm14-vm24-rasp14-rasp24-rasp34_allfive_r3,19,219,1790954557889,0,1790954736387.609,378.691,7.573,1790954736774.224,Normal,0.7583
rasp1,32895,20261002-152228_clu_vm14-vm24-rasp14-rasp24-rasp34_allfive_r3,3965,perf_20261002-152228_clu_vm14-vm24-rasp14-rasp24-rasp34_allfive_r3,19,220,1790954557889,0,1790954736775.607,416.666,7.727,1790954737200.57,Normal,0.9591
rasp1,32895,20261002-152228_clu_vm14-vm24-rasp14-rasp24-rasp34_allfive_r3,3993,perf_20261002-152228_clu_vm14-vm24-rasp14-rasp24-rasp34_allfive_r3,19,221,1790954557892,0,1790954737201.653,413.422,7.394,1790954737627.182,Normal,0.885
rasp1,32895,20261002-152228_clu_vm14-vm24-rasp14-rasp24-rasp34_allfive_r3,4006,perf_20261002-152228_clu_vm14-vm24-rasp14-rasp24-rasp34_allfive_r3,19,222,1790954557893,0,1790954737627.903,272.398,6.639,1790954737907.287,Normal,0.9431
rasp1,32895,20261002-152228_clu_vm14-vm24-rasp14-rasp24-rasp34_allfive_r3,4028,perf_20261002-152228_clu_vm14-vm24-rasp14-rasp24-rasp34_allfive_r3,19,223,1790954557895,0,1790954737908.218,538.174,7.458,1790954738454.256,Normal,0.961
rasp1,32895,20261002-152228_clu_vm14-vm24-rasp14-rasp24-rasp34_allfive_r3,4052,perf_20261002-152228_clu_vm14-vm24-rasp14-rasp24-rasp34_allfive_r3,19,224,1790954557900,0,1790954738455.477,324.573,7.121,1790954738787.689,Normal,0.9656
rasp1,32895,20261002-152228_clu_vm14-vm24-rasp14-rasp24-rasp34_allfive_r3,4057,perf_20261002-152228_clu_vm14-vm24-rasp14-rasp24-rasp34_allfive_r3,19,225,1790954557901,0,1790954738788.905,739.024,7.249,1790954739535.521,Normal,0.9614
rasp1,32895,20261002-152228_clu_vm14-vm24-rasp14-rasp24-rasp34_allfive_r3,4078,perf_20261002-152228_clu_vm14-vm24-rasp14-rasp24-rasp34_allfive_r3,19,226,1790954557903,0,1790954739536.356,522.227,5.077,1790954740064.078,Normal,0.9482
rasp1,32895,20261002-152228_clu_vm14-vm24-rasp14-rasp24-rasp34_allfive_r3,4089,perf_20261002-152228_clu_vm14-vm24-rasp14-rasp24-rasp34_allfive_r3,19,227,1790954557904,0,1790954740065.419,409.119,9.91,1790954740485.107,Normal,0.9185
rasp1,32895,20261002-152228_clu_vm14-vm24-rasp14-rasp24-rasp34_allfive_r3,4125,perf_20261002-152228_clu_vm14-vm24-rasp14-rasp24-rasp34_allfive_r3,19,228,1790954557937,0,1790954740486.395,289.097,7.932,1790954740783.85,Normal,0.9503
rasp1,32895,20261002-152228_clu_vm14-vm24-rasp14-rasp24-rasp34_allfive_r3,4132,perf_20261002-152228_clu_vm14-vm24-rasp14-rasp24-rasp34_allfive_r3,19,229,1790954557947,0,1790954740784.693,822.573,6.766,1790954741614.525,Normal,0.4517
rasp1,32895,20261002-152228_clu_vm14-vm24-rasp14-rasp24-rasp34_allfive_r3,4149,perf_20261002-152228_clu_vm14-vm24-rasp14-rasp24-rasp34_allfive_r3,19,230,1790954557958,0,1790954741615.315,332.48,7.916,1790954741956.056,Normal,0.9396
rasp1,32895,20261002-152228_clu_vm14-vm24-rasp14-rasp24-rasp34_allfive_r3,4161,perf_20261002-152228_clu_vm14-vm24-rasp14-rasp24-rasp34_allfive_r3,19,231,1790954557977,0,1790954741957.248,398.171,7.626,1790954742363.792,Normal,0.9485
rasp1,32895,20261002-152228_clu_vm14-vm24-rasp14-rasp24-rasp34_allfive_r3,4171,perf_20261002-152228_clu_vm14-vm24-rasp14-rasp24-rasp34_allfive_r3,19,232,1790954557997,0,1790954742364.502,364.285,6.381,1790954742735.568,Normal,0.9332
rasp1,32895,20261002-152228_clu_vm14-vm24-rasp14-rasp24-rasp34_allfive_r3,4203,perf_20261002-152228_clu_vm14-vm24-rasp14-rasp24-rasp34_allfive_r3,19,233,1790954558009,0,1790954742736.302,526.679,6.204,1790954743269.54,Normal,0.9629
rasp1,32895,20261002-152228_clu_vm14-vm24-rasp14-rasp24-rasp34_allfive_r3,4212,perf_20261002-152228_clu_vm14-vm24-rasp14-rasp24-rasp34_allfive_r3,19,234,1790954558022,0,1790954743270.256,314.978,5.764,1790954743591.344,Normal,0.9548
rasp1,32895,20261002-152228_clu_vm14-vm24-rasp14-rasp24-rasp34_allfive_r3,4267,perf_20261002-152228_clu_vm14-vm24-rasp14-rasp24-rasp34_allfive_r3,19,235,1790954558049,0,1790954743592.071,384.422,8.904,1790954743985.869,Normal,0.9058
rasp1,32895,20261002-152228_clu_vm14-vm24-rasp14-rasp24-rasp34_allfive_r3,4326,perf_20261002-152228_clu_vm14-vm24-rasp14-rasp24-rasp34_allfive_r3,19,236,1790954558091,0,1790954743987.303,618.642,6.794,1790954744613.104,Normal,0.973
rasp1,32895,20261002-152228_clu_vm14-vm24-rasp14-rasp24-rasp34_allfive_r3,4327,perf_20261002-152228_clu_vm14-vm24-rasp14-rasp24-rasp34_allfive_r3,19,237,1790954558092,0,1790954744613.939,324.087,7.581,1790954744946.023,Normal,0.9614
rasp1,32895,20261002-152228_clu_vm14-vm24-rasp14-rasp24-rasp34_allfive_r3,4344,perf_20261002-152228_clu_vm14-vm24-rasp14-rasp24-rasp34_allfive_r3,19,238,1790954558102,0,1790954744947.352,353.405,6.4,1790954745307.523,Normal,0.9411
rasp1,32895,20261002-152228_clu_vm14-vm24-rasp14-rasp24-rasp34_allfive_r3,4361,perf_20261002-152228_clu_vm14-vm24-rasp14-rasp24-rasp34_allfive_r3,19,239,1790954558114,0,1790954745309.401,671.978,7.433,1790954745989.271,Normal,0.9664
rasp1,32895,20261002-152228_clu_vm14-vm24-rasp14-rasp24-rasp34_allfive_r3,4410,perf_20261002-152228_clu_vm14-vm24-rasp14-rasp24-rasp34_allfive_r3,19,240,1790954558150,0,1790954745990.105,317.312,9.868,1790954746317.927,Normal,0.9375
rasp1,32895,20261002-152228_clu_vm14-vm24-rasp14-rasp24-rasp34_allfive_r3,4430,perf_20261002-152228_clu_vm14-vm24-rasp14-rasp24-rasp34_allfive_r3,19,241,1790954558155,0,1790954746319.196,282.735,6.916,1790954746609.335,Normal,0.9494
rasp1,32895,20261002-152228_clu_vm14-vm24-rasp14-rasp24-rasp34_allfive_r3,4444,perf_20261002-152228_clu_vm14-vm24-rasp14-rasp24-rasp34_allfive_r3,19,242,1790954558156,0,1790954746610.048,352.971,6.899,1790954746970.256,Normal,0.9728
rasp1,32895,20261002-152228_clu_vm14-vm24-rasp14-rasp24-rasp34_allfive_r3,4476,perf_20261002-152228_clu_vm14-vm24-rasp14-rasp24-rasp34_allfive_r3,19,243,1790954558161,0,1790954746970.974,390.561,6.517,1790954747368.437,Normal,0.9469
rasp1,32895,20261002-152228_clu_vm14-vm24-rasp14-rasp24-rasp34_allfive_r3,4481,perf_20261002-152228_clu_vm14-vm24-rasp14-rasp24-rasp34_allfive_r3,19,244,1790954558161,0,1790954747369.246,359.61,6.845,1790954747740.823,Normal,0.8932
rasp1,32895,20261002-152228_clu_vm14-vm24-rasp14-rasp24-rasp34_allfive_r3,4486,perf_20261002-152228_clu_vm14-vm24-rasp14-rasp24-rasp34_allfive_r3,19,245,1790954558162,0,1790954747742.133,330.939,6.846,1790954748080.269,Normal,0.8661
rasp1,32895,20261002-152228_clu_vm14-vm24-rasp14-rasp24-rasp34_allfive_r3,4515,perf_20261002-152228_clu_vm14-vm24-rasp14-rasp24-rasp34_allfive_r3,19,246,1790954558164,0,1790954748081.123,506.876,8.053,1790954748596.582,Normal,0.9499
rasp1,32895,20261002-152228_clu_vm14-vm24-rasp14-rasp24-rasp34_allfive_r3,4538,perf_20261002-152228_clu_vm14-vm24-rasp14-rasp24-rasp34_allfive_r3,19,247,1790954558166,0,1790954748597.776,313.839,6.329,1790954748918.352,Normal,0.9556
rasp1,32895,20261002-152228_clu_vm14-vm24-rasp14-rasp24-rasp34_allfive_r3,4545,perf_20261002-152228_clu_vm14-vm24-rasp14-rasp24-rasp34_allfive_r3,19,248,1790954558167,0,1790954748919.113,329.229,7.957,1790954749256.651,Normal,0.9256
rasp1,32895,20261002-152228_clu_vm14-vm24-rasp14-rasp24-rasp34_allfive_r3,4559,perf_20261002-152228_clu_vm14-vm24-rasp14-rasp24-rasp34_allfive_r3,19,249,1790954558168,0,1790954749257.417,414.351,7.594,1790954749679.917,Normal,0.9581
rasp1,32895,20261002-152228_clu_vm14-vm24-rasp14-rasp24-rasp34_allfive_r3,4590,perf_20261002-152228_clu_vm14-vm24-rasp14-rasp24-rasp34_allfive_r3,19,250,1790954558180,0,1790954749680.909,360.175,6.122,1790954750047.577,Normal,0.974
rasp1,32895,20261002-152228_clu_vm14-vm24-rasp14-rasp24-rasp34_allfive_r3,4621,perf_20261002-152228_clu_vm14-vm24-rasp14-rasp24-rasp34_allfive_r3,19,251,1790954558183,0,1790954750048.372,333.193,8.746,1790954750390.975,Normal,0.9602
rasp1,32895,20261002-152228_clu_vm14-vm24-rasp14-rasp24-rasp34_allfive_r3,4636,perf_20261002-152228_clu_vm14-vm24-rasp14-rasp24-rasp34_allfive_r3,19,252,1790954558184,0,1790954750391.64,419.668,7.216,1790954750819.175,Normal,0.9488
rasp1,32895,20261002-152228_clu_vm14-vm24-rasp14-rasp24-rasp34_allfive_r3,4637,perf_20261002-152228_clu_vm14-vm24-rasp14-rasp24-rasp34_allfive_r3,19,253,1790954558184,0,1790954750820.345,481.774,6.754,1790954751309.262,Normal,0.9642
rasp1,32895,20261002-152228_clu_vm14-vm24-rasp14-rasp24-rasp34_allfive_r3,4647,perf_20261002-152228_clu_vm14-vm24-rasp14-rasp24-rasp34_allfive_r3,19,254,1790954558185,0,1790954751310.042,762.794,7.648,1790954752080.843,Normal,0.9439
rasp1,32895,20261002-152228_clu_vm14-vm24-rasp14-rasp24-rasp34_allfive_r3,4652,perf_20261002-152228_clu_vm14-vm24-rasp14-rasp24-rasp34_allfive_r3,19,255,1790954558186,0,1790954752081.618,562.048,7.27,1790954752651.655,Normal,0.9244
rasp1,32895,20261002-152228_clu_vm14-vm24-rasp14-rasp24-rasp34_allfive_r3,4662,perf_20261002-152228_clu_vm14-vm24-rasp14-rasp24-rasp34_allfive_r3,19,256,1790954558186,0,1790954752652.614,565.043,5.986,1790954753224.036,Normal,0.8436
rasp1,32895,20261002-152228_clu_vm14-vm24-rasp14-rasp24-rasp34_allfive_r3,4671,perf_20261002-152228_clu_vm14-vm24-rasp14-rasp24-rasp34_allfive_r3,19,257,1790954558187,0,1790954753224.761,1386.277,8.719,1790954754620.312,Normal,0.9719
rasp1,32895,20261002-152228_clu_vm14-vm24-rasp14-rasp24-rasp34_allfive_r3,4686,perf_20261002-152228_clu_vm14-vm24-rasp14-rasp24-rasp34_allfive_r3,19,258,1790954558189,0,1790954754621.776,385.693,8.265,1790954755016.347,Normal,0.9395
rasp1,32895,20261002-152228_clu_vm14-vm24-rasp14-rasp24-rasp34_allfive_r3,4690,perf_20261002-152228_clu_vm14-vm24-rasp14-rasp24-rasp34_allfive_r3,19,259,1790954558189,0,1790954755017.827,334.826,7.323,1790954755360.529,Normal,0.9518
rasp1,32895,20261002-152228_clu_vm14-vm24-rasp14-rasp24-rasp34_allfive_r3,4707,perf_20261002-152228_clu_vm14-vm24-rasp14-rasp24-rasp34_allfive_r3,19,260,1790954558190,0,1790954755361.486,2070.019,7.72,1790954757439.83,Normal,0.9795
rasp1,32895,20261002-152228_clu_vm14-vm24-rasp14-rasp24-rasp34_allfive_r3,4744,perf_20261002-152228_clu_vm14-vm24-rasp14-rasp24-rasp34_allfive_r3,19,261,1790954558194,0,1790954757440.906,256.058,6.002,1790954757703.335,Normal,0.9475
rasp1,32895,20261002-152228_clu_vm14-vm24-rasp14-rasp24-rasp34_allfive_r3,4762,perf_20261002-152228_clu_vm14-vm24-rasp14-rasp24-rasp34_allfive_r3,19,262,1790954558195,0,1790954757704.112,305.12,6.194,1790954758015.779,Normal,0.9641
rasp1,32895,20261002-152228_clu_vm14-vm24-rasp14-rasp24-rasp34_allfive_r3,4767,perf_20261002-152228_clu_vm14-vm24-rasp14-rasp24-rasp34_allfive_r3,19,263,1790954558196,0,1790954758016.444,336.616,6.445,1790954758359.848,Normal,0.8653
rasp1,32895,20261002-152228_clu_vm14-vm24-rasp14-rasp24-rasp34_allfive_r3,4778,perf_20261002-152228_clu_vm14-vm24-rasp14-rasp24-rasp34_allfive_r3,19,264,1790954558197,0,1790954758360.602,327.79,7.078,1790954758696.048,Normal,0.8636
rasp1,32895,20261002-152228_clu_vm14-vm24-rasp14-rasp24-rasp34_allfive_r3,4830,perf_20261002-152228_clu_vm14-vm24-rasp14-rasp24-rasp34_allfive_r3,19,265,1790954558202,0,1790954758697.029,447.121,6.008,1790954759150.486,Normal,0.9784
rasp1,32895,20261002-152228_clu_vm14-vm24-rasp14-rasp24-rasp34_allfive_r3,4838,perf_20261002-152228_clu_vm14-vm24-rasp14-rasp24-rasp34_allfive_r3,19,266,1790954558203,0,1790954759151.668,496.771,6.199,1790954759655.069,Normal,0.9595
rasp1,32895,20261002-152228_clu_vm14-vm24-rasp14-rasp24-rasp34_allfive_r3,4908,perf_20261002-152228_clu_vm14-vm24-rasp14-rasp24-rasp34_allfive_r3,19,267,1790954558209,0,1790954759655.794,275.802,7.179,1790954759939.15,Normal,0.9052
rasp1,32895,20261002-152228_clu_vm14-vm24-rasp14-rasp24-rasp34_allfive_r3,4931,perf_20261002-152228_clu_vm14-vm24-rasp14-rasp24-rasp34_allfive_r3,19,268,1790954558211,0,1790954759939.878,375.662,6.811,1790954760323.019,Normal,0.9217
rasp1,32895,20261002-152228_clu_vm14-vm24-rasp14-rasp24-rasp34_allfive_r3,4949,perf_20261002-152228_clu_vm14-vm24-rasp14-rasp24-rasp34_allfive_r3,19,269,1790954558213,0,1790954760324.224,464.204,7.472,1790954760796.307,Normal,0.9064
rasp1,32895,20261002-152228_clu_vm14-vm24-rasp14-rasp24-rasp34_allfive_r3,4950,perf_20261002-152228_clu_vm14-vm24-rasp14-rasp24-rasp34_allfive_r3,19,270,1790954558213,0,1790954760797.24,310.741,6.534,1790954761114.863,Normal,0.9608
rasp1,32895,20261002-152228_clu_vm14-vm24-rasp14-rasp24-rasp34_allfive_r3,4980,perf_20261002-152228_clu_vm14-vm24-rasp14-rasp24-rasp34_allfive_r3,19,271,1790954558221,0,1790954761115.967,433.514,7.052,1790954761556.954,Normal,0.9643
rasp1,32895,20261002-152228_clu_vm14-vm24-rasp14-rasp24-rasp34_allfive_r3,4999,perf_20261002-152228_clu_vm14-vm24-rasp14-rasp24-rasp34_allfive_r3,19,272,1790954558223,0,1790954761557.679,368.947,6.431,1790954761933.557,Normal,0.9552
rasp1,32895,20261002-152228_clu_vm14-vm24-rasp14-rasp24-rasp34_allfive_r3,5035,perf_20261002-152228_clu_vm14-vm24-rasp14-rasp24-rasp34_allfive_r3,19,273,1790954558231,0,1790954761934.792,525.166,6.234,1790954762466.545,Normal,0.8441
rasp1,32895,20261002-152228_clu_vm14-vm24-rasp14-rasp24-rasp34_allfive_r3,5116,perf_20261002-152228_clu_vm14-vm24-rasp14-rasp24-rasp34_allfive_r3,19,274,1790954558277,0,1790954762467.271,339.396,7.094,1790954762814.142,Normal,0.9717
rasp1,32895,20261002-152228_clu_vm14-vm24-rasp14-rasp24-rasp34_allfive_r3,5135,perf_20261002-152228_clu_vm14-vm24-rasp14-rasp24-rasp34_allfive_r3,19,275,1790954558285,0,1790954762814.884,233.364,6.887,1790954763055.667,Normal,0.9427
rasp1,32895,20261002-152228_clu_vm14-vm24-rasp14-rasp24-rasp34_allfive_r3,5168,perf_20261002-152228_clu_vm14-vm24-rasp14-rasp24-rasp34_allfive_r3,19,276,1790954558316,0,1790954763056.405,421.678,8.783,1790954763487.627,Normal,0.9732
rasp1,32895,20261002-152228_clu_vm14-vm24-rasp14-rasp24-rasp34_allfive_r3,5170,perf_20261002-152228_clu_vm14-vm24-rasp14-rasp24-rasp34_allfive_r3,19,277,1790954558316,0,1790954763489.096,579.074,6.84,1790954764075.53,Normal,0.9802
rasp1,32895,20261002-152228_clu_vm14-vm24-rasp14-rasp24-rasp34_allfive_r3,5186,perf_20261002-152228_clu_vm14-vm24-rasp14-rasp24-rasp34_allfive_r3,19,278,1790954558318,0,1790954764077.136,304.386,7.186,1790954764389.109,Normal,0.9435
rasp1,32895,20261002-152228_clu_vm14-vm24-rasp14-rasp24-rasp34_allfive_r3,5187,perf_20261002-152228_clu_vm14-vm24-rasp14-rasp24-rasp34_allfive_r3,19,279,1790954558318,0,1790954764389.888,591.561,6.523,1790954764988.381,Normal,0.9661
rasp1,32895,20261002-152228_clu_vm14-vm24-rasp14-rasp24-rasp34_allfive_r3,5189,perf_20261002-152228_clu_vm14-vm24-rasp14-rasp24-rasp34_allfive_r3,19,280,1790954558318,0,1790954764989.227,342.408,7.664,1790954765339.853,Normal,0.5445
rasp1,32895,20261002-152228_clu_vm14-vm24-rasp14-rasp24-rasp34_allfive_r3,5209,perf_20261002-152228_clu_vm14-vm24-rasp14-rasp24-rasp34_allfive_r3,19,281,1790954558329,0,1790954765341.006,293.267,5.131,1790954765639.751,Normal,0.8575
rasp1,32895,20261002-152228_clu_vm14-vm24-rasp14-rasp24-rasp34_allfive_r3,5214,perf_20261002-152228_clu_vm14-vm24-rasp14-rasp24-rasp34_allfive_r3,19,282,1790954558329,0,1790954765640.489,1026.007,6.31,1790954766673.201,Normal,0.9269
rasp1,32895,20261002-152228_clu_vm14-vm24-rasp14-rasp24-rasp34_allfive_r3,5222,perf_20261002-152228_clu_vm14-vm24-rasp14-rasp24-rasp34_allfive_r3,19,283,1790954558330,0,1790954766674.345,418.773,7.027,1790954767100.582,Normal,0.8608
rasp1,32895,20261002-152228_clu_vm14-vm24-rasp14-rasp24-rasp34_allfive_r3,5245,perf_20261002-152228_clu_vm14-vm24-rasp14-rasp24-rasp34_allfive_r3,19,284,1790954558342,0,1790954767101.635,439.546,7.178,1790954767548.878,Normal,0.9583
rasp1,32895,20261002-152228_clu_vm14-vm24-rasp14-rasp24-rasp34_allfive_r3,5270,perf_20261002-152228_clu_vm14-vm24-rasp14-rasp24-rasp34_allfive_r3,19,285,1790954558345,0,1790954767549.566,535.611,7.811,1790954768093.608,Normal,0.9501
rasp1,32895,20261002-152228_clu_vm14-vm24-rasp14-rasp24-rasp34_allfive_r3,5276,perf_20261002-152228_clu_vm14-vm24-rasp14-rasp24-rasp34_allfive_r3,19,286,1790954558345,0,1790954768094.69,288.349,6.135,1790954768389.604,Normal,0.9173
rasp1,32895,20261002-152228_clu_vm14-vm24-rasp14-rasp24-rasp34_allfive_r3,5282,perf_20261002-152228_clu_vm14-vm24-rasp14-rasp24-rasp34_allfive_r3,19,287,1790954558346,0,1790954768390.386,356.859,7.802,1790954768755.681,Normal,0.9705
rasp1,32895,20261002-152228_clu_vm14-vm24-rasp14-rasp24-rasp34_allfive_r3,5316,perf_20261002-152228_clu_vm14-vm24-rasp14-rasp24-rasp34_allfive_r3,19,288,1790954558349,0,1790954768757.141,467.124,7.603,1790954769232.484,Normal,0.9641
rasp1,32895,20261002-152228_clu_vm14-vm24-rasp14-rasp24-rasp34_allfive_r3,5318,perf_20261002-152228_clu_vm14-vm24-rasp14-rasp24-rasp34_allfive_r3,19,289,1790954558349,0,1790954769234.055,988.997,7.771,1790954770231.378,Normal,0.9511
rasp1,32895,20261002-152228_clu_vm14-vm24-rasp14-rasp24-rasp34_allfive_r3,5333,perf_20261002-152228_clu_vm14-vm24-rasp14-rasp24-rasp34_allfive_r3,19,290,1790954558350,0,1790954770232.521,605.94,7.822,1790954770846.869,Normal,0.8477
rasp1,32895,20261002-152228_clu_vm14-vm24-rasp14-rasp24-rasp34_allfive_r3,5340,perf_20261002-152228_clu_vm14-vm24-rasp14-rasp24-rasp34_allfive_r3,19,291,1790954558351,0,1790954770848.347,590.833,7.157,1790954771446.768,Normal,0.9323
rasp1,32895,20261002-152228_clu_vm14-vm24-rasp14-rasp24-rasp34_allfive_r3,5341,perf_20261002-152228_clu_vm14-vm24-rasp14-rasp24-rasp34_allfive_r3,19,292,1790954558351,0,1790954771448.094,467.049,6.607,1790954771922.283,Normal,0.9457
rasp1,32895,20261002-152228_clu_vm14-vm24-rasp14-rasp24-rasp34_allfive_r3,5344,perf_20261002-152228_clu_vm14-vm24-rasp14-rasp24-rasp34_allfive_r3,19,293,1790954558353,0,1790954771923.152,394.036,7.968,1790954772325.666,Normal,0.9566
rasp1,32895,20261002-152228_clu_vm14-vm24-rasp14-rasp24-rasp34_allfive_r3,5347,perf_20261002-152228_clu_vm14-vm24-rasp14-rasp24-rasp34_allfive_r3,19,294,1790954558354,0,1790954772326.916,575.036,7.403,1790954772909.847,Normal,0.9719
rasp1,32895,20261002-152228_clu_vm14-vm24-rasp14-rasp24-rasp34_allfive_r3,5359,perf_20261002-152228_clu_vm14-vm24-rasp14-rasp24-rasp34_allfive_r3,19,295,1790954558355,0,1790954772910.831,298.948,6.726,1790954773221.976,Normal,0.9423
rasp1,32895,20261002-152228_clu_vm14-vm24-rasp14-rasp24-rasp34_allfive_r3,5378,perf_20261002-152228_clu_vm14-vm24-rasp14-rasp24-rasp34_allfive_r3,19,296,1790954558357,0,1790954773222.916,400.932,7.755,1790954773632.021,Normal,0.9435
rasp1,32895,20261002-152228_clu_vm14-vm24-rasp14-rasp24-rasp34_allfive_r3,5381,perf_20261002-152228_clu_vm14-vm24-rasp14-rasp24-rasp34_allfive_r3,19,297,1790954558357,0,1790954773633.384,395.43,12.695,1790954774042.371,Normal,0.8953
rasp1,32895,20261002-152228_clu_vm14-vm24-rasp14-rasp24-rasp34_allfive_r3,5385,perf_20261002-152228_clu_vm14-vm24-rasp14-rasp24-rasp34_allfive_r3,19,298,1790954558358,0,1790954774043.599,345.616,8.854,1790954774398.668,Normal,0.9423
rasp1,32895,20261002-152228_clu_vm14-vm24-rasp14-rasp24-rasp34_allfive_r3,5419,perf_20261002-152228_clu_vm14-vm24-rasp14-rasp24-rasp34_allfive_r3,19,299,1790954558362,0,1790954774399.942,298.212,7.62,1790954774706.131,Normal,0.8607
rasp1,32895,20261002-152228_clu_vm14-vm24-rasp14-rasp24-rasp34_allfive_r3,5447,perf_20261002-152228_clu_vm14-vm24-rasp14-rasp24-rasp34_allfive_r3,19,300,1790954558365,0,1790954774706.853,362.727,5.458,1790954775075.49,Normal,0.8607
rasp1,32895,20261002-152228_clu_vm14-vm24-rasp14-rasp24-rasp34_allfive_r3,5448,perf_20261002-152228_clu_vm14-vm24-rasp14-rasp24-rasp34_allfive_r3,19,301,1790954558365,0,1790954775076.691,423.77,7.148,1790954775508.196,Normal,0.9759
rasp1,32895,20261002-152228_clu_vm14-vm24-rasp14-rasp24-rasp34_allfive_r3,5453,perf_20261002-152228_clu_vm14-vm24-rasp14-rasp24-rasp34_allfive_r3,19,302,1790954558365,0,1790954775509.453,413.605,7.845,1790954775931.454,Normal,0.9279
rasp1,32895,20261002-152228_clu_vm14-vm24-rasp14-rasp24-rasp34_allfive_r3,5459,perf_20261002-152228_clu_vm14-vm24-rasp14-rasp24-rasp34_allfive_r3,19,303,1790954558366,0,1790954775932.608,353.371,7.551,1790954776293.904,Normal,0.9671
rasp1,32895,20261002-152228_clu_vm14-vm24-rasp14-rasp24-rasp34_allfive_r3,5465,perf_20261002-152228_clu_vm14-vm24-rasp14-rasp24-rasp34_allfive_r3,19,304,1790954558366,0,1790954776294.627,305.857,7.402,1790954776608.276,Normal,0.9704
rasp1,32895,20261002-152228_clu_vm14-vm24-rasp14-rasp24-rasp34_allfive_r3,5472,perf_20261002-152228_clu_vm14-vm24-rasp14-rasp24-rasp34_allfive_r3,19,305,1790954558367,0,1790954776609.105,521.049,8.282,1790954777138.866,Normal,0.9219
rasp1,32895,20261002-152228_clu_vm14-vm24-rasp14-rasp24-rasp34_allfive_r3,5488,perf_20261002-152228_clu_vm14-vm24-rasp14-rasp24-rasp34_allfive_r3,19,306,1790954558368,0,1790954777139.941,345.281,8.41,1790954777494.271,Normal,0.8953
rasp1,32895,20261002-152228_clu_vm14-vm24-rasp14-rasp24-rasp34_allfive_r3,5495,perf_20261002-152228_clu_vm14-vm24-rasp14-rasp24-rasp34_allfive_r3,19,307,1790954558369,0,1790954777495.893,490.093,5.911,1790954777992.237,Normal,0.9719
rasp1,32895,20261002-152228_clu_vm14-vm24-rasp14-rasp24-rasp34_allfive_r3,5520,perf_20261002-152228_clu_vm14-vm24-rasp14-rasp24-rasp34_allfive_r3,19,308,1790954558371,0,1790954777992.965,416.897,6.322,1790954778416.614,Normal,0.9464
rasp1,32895,20261002-152228_clu_vm14-vm24-rasp14-rasp24-rasp34_allfive_r3,5562,perf_20261002-152228_clu_vm14-vm24-rasp14-rasp24-rasp34_allfive_r3,19,309,1790954558375,0,1790954778418.036,445.007,6.89,1790954778870.293,Normal,0.9442
rasp1,32895,20261002-152228_clu_vm14-vm24-rasp14-rasp24-rasp34_allfive_r3,5565,perf_20261002-152228_clu_vm14-vm24-rasp14-rasp24-rasp34_allfive_r3,19,310,1790954558376,0,1790954778871.114,409.348,10.941,1790954779292.099,Normal,0.9211
rasp1,32895,20261002-152228_clu_vm14-vm24-rasp14-rasp24-rasp34_allfive_r3,5601,perf_20261002-152228_clu_vm14-vm24-rasp14-rasp24-rasp34_allfive_r3,19,311,1790954558379,0,1790954779293.32,770.288,8.689,1790954780072.927,Normal,0.9093
rasp1,32895,20261002-152228_clu_vm14-vm24-rasp14-rasp24-rasp34_allfive_r3,5642,perf_20261002-152228_clu_vm14-vm24-rasp14-rasp24-rasp34_allfive_r3,19,312,1790954558383,0,1790954780074.878,511.468,8.294,1790954780595.371,Normal,0.9695
rasp1,32895,20261002-152228_clu_vm14-vm24-rasp14-rasp24-rasp34_allfive_r3,5672,perf_20261002-152228_clu_vm14-vm24-rasp14-rasp24-rasp34_allfive_r3,19,313,1790954558385,0,1790954780596.539,617.694,8.348,1790954781223.399,Normal,0.7909
rasp1,32895,20261002-152228_clu_vm14-vm24-rasp14-rasp24-rasp34_allfive_r3,5680,perf_20261002-152228_clu_vm14-vm24-rasp14-rasp24-rasp34_allfive_r3,19,314,1790954558386,0,1790954781224.768,431.774,8.288,1790954781665.443,Normal,0.7672
rasp1,32895,20261002-152228_clu_vm14-vm24-rasp14-rasp24-rasp34_allfive_r3,5733,perf_20261002-152228_clu_vm14-vm24-rasp14-rasp24-rasp34_allfive_r3,19,315,1790954558391,0,1790954781666.811,450.408,6.212,1790954782123.784,Normal,0.8164
rasp1,32895,20261002-152228_clu_vm14-vm24-rasp14-rasp24-rasp34_allfive_r3,5775,perf_20261002-152228_clu_vm14-vm24-rasp14-rasp24-rasp34_allfive_r3,19,316,1790954558395,0,1790954782124.498,524.904,6.566,1790954782656.362,Normal,0.8535
rasp1,32895,20261002-152228_clu_vm14-vm24-rasp14-rasp24-rasp34_allfive_r3,5805,perf_20261002-152228_clu_vm14-vm24-rasp14-rasp24-rasp34_allfive_r3,19,317,1790954558402,0,1790954782658.136,412.983,6.795,1790954783078.331,Normal,0.663
rasp1,32895,20261002-152228_clu_vm14-vm24-rasp14-rasp24-rasp34_allfive_r3,5811,perf_20261002-152228_clu_vm14-vm24-rasp14-rasp24-rasp34_allfive_r3,19,318,1790954558402,0,1790954783079.171,440.768,5.859,1790954783526.124,Normal,0.8987
rasp1,32895,20261002-152228_clu_vm14-vm24-rasp14-rasp24-rasp34_allfive_r3,5816,perf_20261002-152228_clu_vm14-vm24-rasp14-rasp24-rasp34_allfive_r3,19,319,1790954558403,0,1790954783526.853,300.169,7.585,1790954783835.258,Normal,0.9475
rasp1,32895,20261002-152228_clu_vm14-vm24-rasp14-rasp24-rasp34_allfive_r3,5846,perf_20261002-152228_clu_vm14-vm24-rasp14-rasp24-rasp34_allfive_r3,19,320,1790954558406,0,1790954783836.329,291.165,8.898,1790954784136.795,Normal,0.9351
rasp1,32895,20261002-152228_clu_vm14-vm24-rasp14-rasp24-rasp34_allfive_r3,5865,perf_20261002-152228_clu_vm14-vm24-rasp14-rasp24-rasp34_allfive_r3,19,321,1790954558408,0,1790954784137.745,693.896,6.506,1790954784838.571,Normal,0.9493
rasp1,32895,20261002-152228_clu_vm14-vm24-rasp14-rasp24-rasp34_allfive_r3,5870,perf_20261002-152228_clu_vm14-vm24-rasp14-rasp24-rasp34_allfive_r3,19,322,1790954558408,0,1790954784839.351,374.87,7.836,1790954785222.652,Normal,0.9611
rasp1,32895,20261002-152228_clu_vm14-vm24-rasp14-rasp24-rasp34_allfive_r3,5872,perf_20261002-152228_clu_vm14-vm24-rasp14-rasp24-rasp34_allfive_r3,19,323,1790954558409,0,1790954785223.374,377.614,8.443,1790954785609.962,Normal,0.968
rasp1,32895,20261002-152228_clu_vm14-vm24-rasp14-rasp24-rasp34_allfive_r3,5886,perf_20261002-152228_clu_vm14-vm24-rasp14-rasp24-rasp34_allfive_r3,19,324,1790954558410,0,1790954785611.104,381.387,7.849,1790954786001.0,Normal,0.9438
rasp1,32895,20261002-152228_clu_vm14-vm24-rasp14-rasp24-rasp34_allfive_r3,5907,perf_20261002-152228_clu_vm14-vm24-rasp14-rasp24-rasp34_allfive_r3,19,325,1790954558412,0,1790954786001.984,297.45,6.989,1790954786307.083,Normal,0.9375
rasp1,32895,20261002-152228_clu_vm14-vm24-rasp14-rasp24-rasp34_allfive_r3,5918,perf_20261002-152228_clu_vm14-vm24-rasp14-rasp24-rasp34_allfive_r3,19,326,1790954558414,0,1790954786307.904,350.221,8.705,1790954786667.507,Normal,0.9572
rasp1,32895,20261002-152228_clu_vm14-vm24-rasp14-rasp24-rasp34_allfive_r3,5923,perf_20261002-152228_clu_vm14-vm24-rasp14-rasp24-rasp34_allfive_r3,19,327,1790954558414,0,1790954786668.929,563.124,6.5,1790954787238.947,Normal,0.8845
rasp1,32895,20261002-152228_clu_vm14-vm24-rasp14-rasp24-rasp34_allfive_r3,5927,perf_20261002-152228_clu_vm14-vm24-rasp14-rasp24-rasp34_allfive_r3,19,328,1790954558415,0,1790954787239.685,443.625,7.593,1790954787691.645,Normal,0.7652
rasp1,32895,20261002-152228_clu_vm14-vm24-rasp14-rasp24-rasp34_allfive_r3,5951,perf_20261002-152228_clu_vm14-vm24-rasp14-rasp24-rasp34_allfive_r3,19,329,1790954558417,0,1790954787692.427,343.193,8.721,1790954788045.019,Normal,0.9567
rasp1,32895,20261002-152228_clu_vm14-vm24-rasp14-rasp24-rasp34_allfive_r3,5966,perf_20261002-152228_clu_vm14-vm24-rasp14-rasp24-rasp34_allfive_r3,19,330,1790954558463,0,1790954788046.174,496.645,6.739,1790954788550.303,Normal,0.5107
rasp1,32895,20261002-152228_clu_vm14-vm24-rasp14-rasp24-rasp34_allfive_r3,5969,perf_20261002-152228_clu_vm14-vm24-rasp14-rasp24-rasp34_allfive_r3,19,331,1790954558463,0,1790954788551.888,352.866,7.193,1790954788912.319,Normal,0.944
rasp1,32895,20261002-152228_clu_vm14-vm24-rasp14-rasp24-rasp34_allfive_r3,5971,perf_20261002-152228_clu_vm14-vm24-rasp14-rasp24-rasp34_allfive_r3,19,332,1790954558463,0,1790954788913.098,472.172,7.475,1790954789393.161,Normal,0.9813
rasp1,32895,20261002-152228_clu_vm14-vm24-rasp14-rasp24-rasp34_allfive_r3,6020,perf_20261002-152228_clu_vm14-vm24-rasp14-rasp24-rasp34_allfive_r3,19,333,1790954558471,0,1790954789394.778,1001.061,8.25,1790954790404.535,Normal,0.9522
rasp1,32895,20261002-152228_clu_vm14-vm24-rasp14-rasp24-rasp34_allfive_r3,6025,perf_20261002-152228_clu_vm14-vm24-rasp14-rasp24-rasp34_allfive_r3,19,334,1790954558472,0,1790954790405.613,344.023,7.288,1790954790757.489,Normal,0.9606
rasp1,32895,20261002-152228_clu_vm14-vm24-rasp14-rasp24-rasp34_allfive_r3,6029,perf_20261002-152228_clu_vm14-vm24-rasp14-rasp24-rasp34_allfive_r3,19,335,1790954558473,0,1790954790758.381,385.667,8.051,1790954791152.95,Normal,0.9168
rasp1,32895,20261002-152228_clu_vm14-vm24-rasp14-rasp24-rasp34_allfive_r3,6042,perf_20261002-152228_clu_vm14-vm24-rasp14-rasp24-rasp34_allfive_r3,19,336,1790954558475,0,1790954791154.132,357.235,7.165,1790954791518.935,Normal,0.9297
rasp1,32895,20261002-152228_clu_vm14-vm24-rasp14-rasp24-rasp34_allfive_r3,6044,perf_20261002-152228_clu_vm14-vm24-rasp14-rasp24-rasp34_allfive_r3,19,337,1790954558476,0,1790954791519.629,553.291,6.709,1790954792080.041,Normal,0.5369
rasp1,32895,20261002-152228_clu_vm14-vm24-rasp14-rasp24-rasp34_allfive_r3,6062,perf_20261002-152228_clu_vm14-vm24-rasp14-rasp24-rasp34_allfive_r3,19,338,1790954558480,0,1790954792081.896,550.402,8.434,1790954792641.687,Normal,0.9629
rasp1,32895,20261002-152228_clu_vm14-vm24-rasp14-rasp24-rasp34_allfive_r3,6068,perf_20261002-152228_clu_vm14-vm24-rasp14-rasp24-rasp34_allfive_r3,19,339,1790954558481,0,1790954792644.623,649.346,8.969,1790954793303.614,Normal,0.9751
rasp1,32895,20261002-152228_clu_vm14-vm24-rasp14-rasp24-rasp34_allfive_r3,6073,perf_20261002-152228_clu_vm14-vm24-rasp14-rasp24-rasp34_allfive_r3,19,340,1790954558482,0,1790954793304.77,341.53,6.217,1790954793652.964,Normal,0.9509
rasp1,32895,20261002-152228_clu_vm14-vm24-rasp14-rasp24-rasp34_allfive_r3,6101,perf_20261002-152228_clu_vm14-vm24-rasp14-rasp24-rasp34_allfive_r3,19,341,1790954558487,0,1790954793653.665,390.911,8.484,1790954794053.458,Normal,0.9595
rasp1,32895,20261002-152228_clu_vm14-vm24-rasp14-rasp24-rasp34_allfive_r3,6104,perf_20261002-152228_clu_vm14-vm24-rasp14-rasp24-rasp34_allfive_r3,19,342,1790954558489,0,1790954794054.296,641.795,7.959,1790954794704.782,OFFENSIVE,0.9821
rasp1,32895,20261002-152228_clu_vm14-vm24-rasp14-rasp24-rasp34_allfive_r3,6118,perf_20261002-152228_clu_vm14-vm24-rasp14-rasp24-rasp34_allfive_r3,19,343,1790954558491,0,1790954794705.525,604.497,7.502,1790954795318.15,Normal,0.8125
rasp1,32895,20261002-152228_clu_vm14-vm24-rasp14-rasp24-rasp34_allfive_r3,6137,perf_20261002-152228_clu_vm14-vm24-rasp14-rasp24-rasp34_allfive_r3,19,344,1790954558493,0,1790954795318.948,422.075,8.9,1790954795750.493,Normal,0.8052
rasp1,32895,20261002-152228_clu_vm14-vm24-rasp14-rasp24-rasp34_allfive_r3,6155,perf_20261002-152228_clu_vm14-vm24-rasp14-rasp24-rasp34_allfive_r3,19,345,1790954558495,0,1790954795751.792,511.239,9.033,1790954796272.853,Normal,0.9591
rasp1,32895,20261002-152228_clu_vm14-vm24-rasp14-rasp24-rasp34_allfive_r3,6187,perf_20261002-152228_clu_vm14-vm24-rasp14-rasp24-rasp34_allfive_r3,19,346,1790954558498,0,1790954796274.097,616.543,8.888,1790954796900.198,Normal,0.8199
rasp1,32895,20261002-152228_clu_vm14-vm24-rasp14-rasp24-rasp34_allfive_r3,6206,perf_20261002-152228_clu_vm14-vm24-rasp14-rasp24-rasp34_allfive_r3,19,347,1790954558500,0,1790954796901.314,354.925,6.413,1790954797263.036,Normal,0.9608
rasp1,32895,20261002-152228_clu_vm14-vm24-rasp14-rasp24-rasp34_allfive_r3,6220,perf_20261002-152228_clu_vm14-vm24-rasp14-rasp24-rasp34_allfive_r3,19,348,1790954558501,0,1790954797263.86,399.734,8.352,1790954797672.924,Normal,0.8636
rasp1,32895,20261002-152228_clu_vm14-vm24-rasp14-rasp24-rasp34_allfive_r3,6225,perf_20261002-152228_clu_vm14-vm24-rasp14-rasp24-rasp34_allfive_r3,19,349,1790954558502,0,1790954797674.244,706.942,7.727,1790954798389.516,Normal,0.969
rasp1,32895,20261002-152228_clu_vm14-vm24-rasp14-rasp24-rasp34_allfive_r3,6235,perf_20261002-152228_clu_vm14-vm24-rasp14-rasp24-rasp34_allfive_r3,19,350,1790954558502,0,1790954798390.641,654.224,7.851,1790954799053.32,Normal,0.9494
rasp1,32895,20261002-152228_clu_vm14-vm24-rasp14-rasp24-rasp34_allfive_r3,6287,perf_20261002-152228_clu_vm14-vm24-rasp14-rasp24-rasp34_allfive_r3,19,351,1790954558507,0,1790954799054.546,346.027,7.769,1790954799408.917,Normal,0.9401
rasp1,32895,20261002-152228_clu_vm14-vm24-rasp14-rasp24-rasp34_allfive_r3,6291,perf_20261002-152228_clu_vm14-vm24-rasp14-rasp24-rasp34_allfive_r3,19,352,1790954558508,0,1790954799409.982,291.15,7.698,1790954799709.899,Normal,0.9157
rasp1,32895,20261002-152228_clu_vm14-vm24-rasp14-rasp24-rasp34_allfive_r3,6296,perf_20261002-152228_clu_vm14-vm24-rasp14-rasp24-rasp34_allfive_r3,19,353,1790954558508,0,1790954799711.196,448.057,7.996,1790954800167.618,Normal,0.7376
rasp1,32895,20261002-152228_clu_vm14-vm24-rasp14-rasp24-rasp34_allfive_r3,6308,perf_20261002-152228_clu_vm14-vm24-rasp14-rasp24-rasp34_allfive_r3,19,354,1790954558509,0,1790954800169.232,551.058,7.604,1790954800728.637,Normal,0.9084
rasp1,32895,20261002-152228_clu_vm14-vm24-rasp14-rasp24-rasp34_allfive_r3,6341,perf_20261002-152228_clu_vm14-vm24-rasp14-rasp24-rasp34_allfive_r3,19,355,1790954558512,0,1790954800729.75,497.564,7.803,1790954801235.697,Normal,0.9488
rasp1,32895,20261002-152228_clu_vm14-vm24-rasp14-rasp24-rasp34_allfive_r3,6371,perf_20261002-152228_clu_vm14-vm24-rasp14-rasp24-rasp34_allfive_r3,19,356,1790954558515,0,1790954801236.952,720.125,7.73,1790954801965.274,Normal,0.9415
rasp1,32895,20261002-152228_clu_vm14-vm24-rasp14-rasp24-rasp34_allfive_r3,6421,perf_20261002-152228_clu_vm14-vm24-rasp14-rasp24-rasp34_allfive_r3,19,357,1790954558522,0,1790954801967.173,573.205,6.736,1790954802547.603,Normal,0.9679
rasp1,32895,20261002-152228_clu_vm14-vm24-rasp14-rasp24-rasp34_allfive_r3,6507,perf_20261002-152228_clu_vm14-vm24-rasp14-rasp24-rasp34_allfive_r3,19,358,1790954558540,0,1790954802548.551,381.811,5.955,1790954802936.654,OFFENSIVE,0.6533
rasp1,32895,20261002-152228_clu_vm14-vm24-rasp14-rasp24-rasp34_allfive_r3,6516,perf_20261002-152228_clu_vm14-vm24-rasp14-rasp24-rasp34_allfive_r3,19,359,1790954558542,0,1790954802937.352,380.784,6.595,1790954803325.076,Normal,0.9696
rasp1,32895,20261002-152228_clu_vm14-vm24-rasp14-rasp24-rasp34_allfive_r3,6523,perf_20261002-152228_clu_vm14-vm24-rasp14-rasp24-rasp34_allfive_r3,19,360,1790954558542,0,1790954803325.776,491.734,6.159,1790954803824.052,Normal,0.9695
rasp1,32895,20261002-152228_clu_vm14-vm24-rasp14-rasp24-rasp34_allfive_r3,6529,perf_20261002-152228_clu_vm14-vm24-rasp14-rasp24-rasp34_allfive_r3,19,361,1790954558543,0,1790954803824.743,315.749,6.103,1790954804147.069,Normal,0.9676
rasp1,32895,20261002-152228_clu_vm14-vm24-rasp14-rasp24-rasp34_allfive_r3,6541,perf_20261002-152228_clu_vm14-vm24-rasp14-rasp24-rasp34_allfive_r3,19,362,1790954558549,0,1790954804147.838,404.163,6.299,1790954804558.651,Normal,0.9596
rasp1,32895,20261002-152228_clu_vm14-vm24-rasp14-rasp24-rasp34_allfive_r3,6555,perf_20261002-152228_clu_vm14-vm24-rasp14-rasp24-rasp34_allfive_r3,19,363,1790954558550,0,1790954804559.384,290.059,6.985,1790954804856.812,Normal,0.8059
rasp1,32895,20261002-152228_clu_vm14-vm24-rasp14-rasp24-rasp34_allfive_r3,6556,perf_20261002-152228_clu_vm14-vm24-rasp14-rasp24-rasp34_allfive_r3,19,364,1790954558550,0,1790954804857.501,306.794,6.127,1790954805170.759,Normal,0.9408
rasp1,32895,20261002-152228_clu_vm14-vm24-rasp14-rasp24-rasp34_allfive_r3,6573,perf_20261002-152228_clu_vm14-vm24-rasp14-rasp24-rasp34_allfive_r3,19,365,1790954558552,0,1790954805171.431,294.4,6.639,1790954805472.847,Normal,0.9642
rasp1,32895,20261002-152228_clu_vm14-vm24-rasp14-rasp24-rasp34_allfive_r3,6575,perf_20261002-152228_clu_vm14-vm24-rasp14-rasp24-rasp34_allfive_r3,19,366,1790954558552,0,1790954805473.529,296.634,7.416,1790954805778.463,Normal,0.9663
rasp1,32895,20261002-152228_clu_vm14-vm24-rasp14-rasp24-rasp34_allfive_r3,6607,perf_20261002-152228_clu_vm14-vm24-rasp14-rasp24-rasp34_allfive_r3,19,367,1790954558555,0,1790954805779.583,423.413,5.909,1790954806209.248,Normal,0.975
rasp1,32895,20261002-152228_clu_vm14-vm24-rasp14-rasp24-rasp34_allfive_r3,6615,perf_20261002-152228_clu_vm14-vm24-rasp14-rasp24-rasp34_allfive_r3,19,368,1790954558556,0,1790954806209.953,319.418,7.847,1790954806537.81,Normal,0.9608
rasp1,32895,20261002-152228_clu_vm14-vm24-rasp14-rasp24-rasp34_allfive_r3,6638,perf_20261002-152228_clu_vm14-vm24-rasp14-rasp24-rasp34_allfive_r3,19,369,1790954558557,0,1790954806539.003,357.633,8.545,1790954806905.865,Normal,0.9127
rasp1,32895,20261002-152228_clu_vm14-vm24-rasp14-rasp24-rasp34_allfive_r3,6662,perf_20261002-152228_clu_vm14-vm24-rasp14-rasp24-rasp34_allfive_r3,19,370,1790954558560,0,1790954806907.01,524.967,9.365,1790954807441.839,Normal,0.9055
rasp1,32895,20261002-152228_clu_vm14-vm24-rasp14-rasp24-rasp34_allfive_r3,6680,perf_20261002-152228_clu_vm14-vm24-rasp14-rasp24-rasp34_allfive_r3,19,371,1790954558562,0,1790954807443.0,331.405,8.121,1790954807783.097,Normal,0.942
rasp1,32895,20261002-152228_clu_vm14-vm24-rasp14-rasp24-rasp34_allfive_r3,6691,perf_20261002-152228_clu_vm14-vm24-rasp14-rasp24-rasp34_allfive_r3,19,372,1790954558563,0,1790954807784.175,365.803,5.759,1790954808156.072,Normal,0.9393
rasp1,32895,20261002-152228_clu_vm14-vm24-rasp14-rasp24-rasp34_allfive_r3,6695,perf_20261002-152228_clu_vm14-vm24-rasp14-rasp24-rasp34_allfive_r3,19,373,1790954558563,0,1790954808156.69,285.894,5.87,1790954808448.849,Normal,0.9514
rasp1,32895,20261002-152228_clu_vm14-vm24-rasp14-rasp24-rasp34_allfive_r3,6697,perf_20261002-152228_clu_vm14-vm24-rasp14-rasp24-rasp34_allfive_r3,19,374,1790954558563,0,1790954808449.488,480.788,7.574,1790954808938.388,Normal,0.979
rasp1,32895,20261002-152228_clu_vm14-vm24-rasp14-rasp24-rasp34_allfive_r3,6725,perf_20261002-152228_clu_vm14-vm24-rasp14-rasp24-rasp34_allfive_r3,19,375,1790954558570,0,1790954808939.456,334.133,7.81,1790954809281.965,Normal,0.9484
rasp1,32895,20261002-152228_clu_vm14-vm24-rasp14-rasp24-rasp34_allfive_r3,6741,perf_20261002-152228_clu_vm14-vm24-rasp14-rasp24-rasp34_allfive_r3,19,376,1790954558571,0,1790954809283.077,439.039,7.95,1790954809730.57,Normal,0.9528
rasp1,32895,20261002-152228_clu_vm14-vm24-rasp14-rasp24-rasp34_allfive_r3,6748,perf_20261002-152228_clu_vm14-vm24-rasp14-rasp24-rasp34_allfive_r3,19,377,1790954558572,0,1790954809731.622,898.577,8.183,1790954810638.778,Normal,0.9242
rasp1,32895,20261002-152228_clu_vm14-vm24-rasp14-rasp24-rasp34_allfive_r3,6796,perf_20261002-152228_clu_vm14-vm24-rasp14-rasp24-rasp34_allfive_r3,19,378,1790954558581,0,1790954810640.224,330.539,9.1,1790954810980.386,Normal,0.9655
rasp1,32895,20261002-152228_clu_vm14-vm24-rasp14-rasp24-rasp34_allfive_r3,6819,perf_20261002-152228_clu_vm14-vm24-rasp14-rasp24-rasp34_allfive_r3,19,379,1790954558588,0,1790954810981.634,343.4,7.826,1790954811333.22,Normal,0.9571
rasp1,32895,20261002-152228_clu_vm14-vm24-rasp14-rasp24-rasp34_allfive_r3,6844,perf_20261002-152228_clu_vm14-vm24-rasp14-rasp24-rasp34_allfive_r3,19,380,1790954558590,0,1790954811334.375,566.009,9.285,1790954811910.315,Normal,0.9242
rasp1,32895,20261002-152228_clu_vm14-vm24-rasp14-rasp24-rasp34_allfive_r3,6845,perf_20261002-152228_clu_vm14-vm24-rasp14-rasp24-rasp34_allfive_r3,19,381,1790954558591,0,1790954811911.773,318.887,8.896,1790954812240.04,Normal,0.9494
rasp1,32895,20261002-152228_clu_vm14-vm24-rasp14-rasp24-rasp34_allfive_r3,6872,perf_20261002-152228_clu_vm14-vm24-rasp14-rasp24-rasp34_allfive_r3,19,382,1790954558593,0,1790954812240.95,679.566,9.695,1790954812931.037,Normal,0.9301
rasp1,32895,20261002-152228_clu_vm14-vm24-rasp14-rasp24-rasp34_allfive_r3,6874,perf_20261002-152228_clu_vm14-vm24-rasp14-rasp24-rasp34_allfive_r3,19,383,1790954558593,0,1790954812931.812,387.102,7.999,1790954813327.818,Normal,0.9561
rasp1,32895,20261002-152228_clu_vm14-vm24-rasp14-rasp24-rasp34_allfive_r3,6889,perf_20261002-152228_clu_vm14-vm24-rasp14-rasp24-rasp34_allfive_r3,19,384,1790954558594,0,1790954813328.837,301.572,6.577,1790954813637.445,Normal,0.9475
rasp1,32895,20261002-152228_clu_vm14-vm24-rasp14-rasp24-rasp34_allfive_r3,6902,perf_20261002-152228_clu_vm14-vm24-rasp14-rasp24-rasp34_allfive_r3,19,385,1790954558596,0,1790954813638.916,437.575,7.408,1790954814084.446,Normal,0.9327
rasp1,32895,20261002-152228_clu_vm14-vm24-rasp14-rasp24-rasp34_allfive_r3,6908,perf_20261002-152228_clu_vm14-vm24-rasp14-rasp24-rasp34_allfive_r3,19,386,1790954558596,0,1790954814085.618,433.247,6.425,1790954814525.911,Normal,0.9374
rasp1,32895,20261002-152228_clu_vm14-vm24-rasp14-rasp24-rasp34_allfive_r3,6911,perf_20261002-152228_clu_vm14-vm24-rasp14-rasp24-rasp34_allfive_r3,19,387,1790954558596,0,1790954814526.59,411.345,8.044,1790954814946.474,Normal,0.9588
rasp1,32895,20261002-152228_clu_vm14-vm24-rasp14-rasp24-rasp34_allfive_r3,6914,perf_20261002-152228_clu_vm14-vm24-rasp14-rasp24-rasp34_allfive_r3,19,388,1790954558597,0,1790954814947.579,357.626,7.392,1790954815312.939,Normal,0.9446
rasp1,32895,20261002-152228_clu_vm14-vm24-rasp14-rasp24-rasp34_allfive_r3,6915,perf_20261002-152228_clu_vm14-vm24-rasp14-rasp24-rasp34_allfive_r3,19,389,1790954558597,0,1790954815314.274,329.113,8.833,1790954815652.785,Normal,0.9375
rasp1,32895,20261002-152228_clu_vm14-vm24-rasp14-rasp24-rasp34_allfive_r3,6930,perf_20261002-152228_clu_vm14-vm24-rasp14-rasp24-rasp34_allfive_r3,19,390,1790954558598,0,1790954815653.937,410.355,6.533,1790954816071.188,Normal,0.9248
rasp1,32895,20261002-152228_clu_vm14-vm24-rasp14-rasp24-rasp34_allfive_r3,6932,perf_20261002-152228_clu_vm14-vm24-rasp14-rasp24-rasp34_allfive_r3,19,391,1790954558598,0,1790954816071.959,439.457,7.183,1790954816519.169,Normal,0.9557
rasp1,32895,20261002-152228_clu_vm14-vm24-rasp14-rasp24-rasp34_allfive_r3,6961,perf_20261002-152228_clu_vm14-vm24-rasp14-rasp24-rasp34_allfive_r3,19,392,1790954558608,0,1790954816519.931,332.144,6.774,1790954816859.3,Normal,0.9375
rasp1,32895,20261002-152228_clu_vm14-vm24-rasp14-rasp24-rasp34_allfive_r3,6976,perf_20261002-152228_clu_vm14-vm24-rasp14-rasp24-rasp34_allfive_r3,19,393,1790954558620,0,1790954816860.678,352.621,7.403,1790954817221.338,Normal,0.9475
rasp1,32895,20261002-152228_clu_vm14-vm24-rasp14-rasp24-rasp34_allfive_r3,6992,perf_20261002-152228_clu_vm14-vm24-rasp14-rasp24-rasp34_allfive_r3,19,394,1790954558622,0,1790954817222.346,362.393,9.362,1790954817594.488,Normal,0.8803
rasp1,32895,20261002-152228_clu_vm14-vm24-rasp14-rasp24-rasp34_allfive_r3,6995,perf_20261002-152228_clu_vm14-vm24-rasp14-rasp24-rasp34_allfive_r3,19,395,1790954558622,0,1790954817595.503,329.112,6.173,1790954817931.189,Normal,0.9566
rasp1,32895,20261002-152228_clu_vm14-vm24-rasp14-rasp24-rasp34_allfive_r3,7086,perf_20261002-152228_clu_vm14-vm24-rasp14-rasp24-rasp34_allfive_r3,19,396,1790954558683,0,1790954817931.947,468.906,8.305,1790954818409.764,Normal,0.9695
rasp1,32895,20261002-152228_clu_vm14-vm24-rasp14-rasp24-rasp34_allfive_r3,7151,perf_20261002-152228_clu_vm14-vm24-rasp14-rasp24-rasp34_allfive_r3,19,397,1790954558733,0,1790954818411.135,301.204,6.604,1790954818719.254,Normal,0.9473
rasp1,32895,20261002-152228_clu_vm14-vm24-rasp14-rasp24-rasp34_allfive_r3,7196,perf_20261002-152228_clu_vm14-vm24-rasp14-rasp24-rasp34_allfive_r3,19,398,1790954558745,0,1790954818720.29,1837.36,6.786,1790954820564.853,Normal,0.9537
rasp1,32895,20261002-152228_clu_vm14-vm24-rasp14-rasp24-rasp34_allfive_r3,7222,perf_20261002-152228_clu_vm14-vm24-rasp14-rasp24-rasp34_allfive_r3,19,399,1790954558750,0,1790954820565.519,335.967,7.394,1790954820909.46,Normal,0.951
rasp1,32895,20261002-152228_clu_vm14-vm24-rasp14-rasp24-rasp34_allfive_r3,7239,perf_20261002-152228_clu_vm14-vm24-rasp14-rasp24-rasp34_allfive_r3,19,400,1790954558754,0,1790954820910.482,399.669,8.305,1790954821319.331,OFFENSIVE,0.5402
rasp1,32895,20261002-152228_clu_vm14-vm24-rasp14-rasp24-rasp34_allfive_r3,7247,perf_20261002-152228_clu_vm14-vm24-rasp14-rasp24-rasp34_allfive_r3,19,401,1790954558755,0,1790954821320.2,1041.366,7.537,1790954822369.685,Normal,0.9652
rasp1,32895,20261002-152228_clu_vm14-vm24-rasp14-rasp24-rasp34_allfive_r3,7334,perf_20261002-152228_clu_vm14-vm24-rasp14-rasp24-rasp34_allfive_r3,19,402,1790954558794,0,1790954822371.124,398.231,8.26,1790954822778.197,Normal,0.9329
rasp1,32895,20261002-152228_clu_vm14-vm24-rasp14-rasp24-rasp34_allfive_r3,7384,perf_20261002-152228_clu_vm14-vm24-rasp14-rasp24-rasp34_allfive_r3,19,403,1790954558827,0,1790954822779.426,339.415,6.143,1790954823125.35,Normal,0.9457
rasp1,32895,20261002-152228_clu_vm14-vm24-rasp14-rasp24-rasp34_allfive_r3,7387,perf_20261002-152228_clu_vm14-vm24-rasp14-rasp24-rasp34_allfive_r3,19,404,1790954558827,0,1790954823126.24,316.368,5.893,1790954823448.901,Normal,0.9459
rasp1,32895,20261002-152228_clu_vm14-vm24-rasp14-rasp24-rasp34_allfive_r3,7389,perf_20261002-152228_clu_vm14-vm24-rasp14-rasp24-rasp34_allfive_r3,19,405,1790954558827,0,1790954823449.64,433.551,7.496,1790954823891.175,Normal,0.8771
rasp1,32895,20261002-152228_clu_vm14-vm24-rasp14-rasp24-rasp34_allfive_r3,7397,perf_20261002-152228_clu_vm14-vm24-rasp14-rasp24-rasp34_allfive_r3,19,406,1790954558828,0,1790954823892.345,328.755,8.363,1790954824230.229,Normal,0.9423
rasp1,32895,20261002-152228_clu_vm14-vm24-rasp14-rasp24-rasp34_allfive_r3,7417,perf_20261002-152228_clu_vm14-vm24-rasp14-rasp24-rasp34_allfive_r3,19,407,1790954558849,0,1790954824231.351,445.809,16.405,1790954824693.984,Normal,0.7241
rasp1,32895,20261002-152228_clu_vm14-vm24-rasp14-rasp24-rasp34_allfive_r3,7438,perf_20261002-152228_clu_vm14-vm24-rasp14-rasp24-rasp34_allfive_r3,19,408,1790954558851,0,1790954824694.837,432.715,8.102,1790954825136.073,Normal,0.8999
rasp1,32895,20261002-152228_clu_vm14-vm24-rasp14-rasp24-rasp34_allfive_r3,7442,perf_20261002-152228_clu_vm14-vm24-rasp14-rasp24-rasp34_allfive_r3,19,409,1790954558851,0,1790954825136.79,697.339,8.978,1790954825843.662,Normal,0.973
rasp1,32895,20261002-152228_clu_vm14-vm24-rasp14-rasp24-rasp34_allfive_r3,7493,perf_20261002-152228_clu_vm14-vm24-rasp14-rasp24-rasp34_allfive_r3,19,410,1790954558864,0,1790954825844.933,555.292,8.317,1790954826409.238,Normal,0.9422
rasp1,32895,20261002-152228_clu_vm14-vm24-rasp14-rasp24-rasp34_allfive_r3,7497,perf_20261002-152228_clu_vm14-vm24-rasp14-rasp24-rasp34_allfive_r3,19,411,1790954558864,0,1790954826410.316,570.864,6.606,1790954826988.14,Normal,0.8922
rasp1,32895,20261002-152228_clu_vm14-vm24-rasp14-rasp24-rasp34_allfive_r3,7504,perf_20261002-152228_clu_vm14-vm24-rasp14-rasp24-rasp34_allfive_r3,19,412,1790954558865,0,1790954826988.855,359.057,6.306,1790954827354.557,Normal,0.9645
rasp1,32895,20261002-152228_clu_vm14-vm24-rasp14-rasp24-rasp34_allfive_r3,7510,perf_20261002-152228_clu_vm14-vm24-rasp14-rasp24-rasp34_allfive_r3,19,413,1790954558871,0,1790954827355.493,740.829,9.008,1790954828105.858,Normal,0.9663
rasp1,32895,20261002-152228_clu_vm14-vm24-rasp14-rasp24-rasp34_allfive_r3,7513,perf_20261002-152228_clu_vm14-vm24-rasp14-rasp24-rasp34_allfive_r3,19,414,1790954558871,0,1790954828107.187,336.922,7.765,1790954828452.23,Normal,0.824
rasp1,32895,20261002-152228_clu_vm14-vm24-rasp14-rasp24-rasp34_allfive_r3,7520,perf_20261002-152228_clu_vm14-vm24-rasp14-rasp24-rasp34_allfive_r3,19,415,1790954558871,0,1790954828453.141,408.289,6.444,1790954828868.388,Normal,0.7856
rasp1,32895,20261002-152228_clu_vm14-vm24-rasp14-rasp24-rasp34_allfive_r3,7545,perf_20261002-152228_clu_vm14-vm24-rasp14-rasp24-rasp34_allfive_r3,19,416,1790954558878,0,1790954828869.108,455.832,7.741,1790954829333.023,Normal,0.9509
rasp1,32895,20261002-152228_clu_vm14-vm24-rasp14-rasp24-rasp34_allfive_r3,7556,perf_20261002-152228_clu_vm14-vm24-rasp14-rasp24-rasp34_allfive_r3,19,417,1790954558879,0,1790954829334.327,446.16,8.574,1790954829789.834,Normal,0.9447
rasp1,32895,20261002-152228_clu_vm14-vm24-rasp14-rasp24-rasp34_allfive_r3,7584,perf_20261002-152228_clu_vm14-vm24-rasp14-rasp24-rasp34_allfive_r3,19,418,1790954558881,0,1790954829790.997,457.07,8.068,1790954830256.67,Normal,0.9423
rasp1,32895,20261002-152228_clu_vm14-vm24-rasp14-rasp24-rasp34_allfive_r3,7585,perf_20261002-152228_clu_vm14-vm24-rasp14-rasp24-rasp34_allfive_r3,19,419,1790954558881,0,1790954830257.966,437.312,8.317,1790954830704.18,Normal,0.9714
rasp1,32895,20261002-152228_clu_vm14-vm24-rasp14-rasp24-rasp34_allfive_r3,7632,perf_20261002-152228_clu_vm14-vm24-rasp14-rasp24-rasp34_allfive_r3,19,420,1790954558886,0,1790954830705.26,306.908,6.104,1790954831018.635,Normal,0.9423
rasp1,32895,20261002-152228_clu_vm14-vm24-rasp14-rasp24-rasp34_allfive_r3,7654,perf_20261002-152228_clu_vm14-vm24-rasp14-rasp24-rasp34_allfive_r3,19,421,1790954558889,0,1790954831019.38,776.253,6.535,1790954831802.613,Normal,0.9551
rasp1,32895,20261002-152228_clu_vm14-vm24-rasp14-rasp24-rasp34_allfive_r3,7672,perf_20261002-152228_clu_vm14-vm24-rasp14-rasp24-rasp34_allfive_r3,19,422,1790954558890,0,1790954831803.594,428.724,7.214,1790954832240.03,Normal,0.974
rasp1,32895,20261002-152228_clu_vm14-vm24-rasp14-rasp24-rasp34_allfive_r3,7675,perf_20261002-152228_clu_vm14-vm24-rasp14-rasp24-rasp34_allfive_r3,19,423,1790954558890,0,1790954832241.891,399.167,5.833,1790954832647.33,Normal,0.7473
rasp1,32895,20261002-152228_clu_vm14-vm24-rasp14-rasp24-rasp34_allfive_r3,7718,perf_20261002-152228_clu_vm14-vm24-rasp14-rasp24-rasp34_allfive_r3,19,424,1790954558894,0,1790954832648.509,503.342,6.853,1790954833159.089,Normal,0.9438
rasp1,32895,20261002-152228_clu_vm14-vm24-rasp14-rasp24-rasp34_allfive_r3,7722,perf_20261002-152228_clu_vm14-vm24-rasp14-rasp24-rasp34_allfive_r3,19,425,1790954558895,0,1790954833159.939,456.439,7.575,1790954833624.383,Normal,0.9686
rasp1,32895,20261002-152228_clu_vm14-vm24-rasp14-rasp24-rasp34_allfive_r3,7727,perf_20261002-152228_clu_vm14-vm24-rasp14-rasp24-rasp34_allfive_r3,19,426,1790954558895,0,1790954833626.283,462.531,8.196,1790954834097.56,Normal,0.962
rasp1,32895,20261002-152228_clu_vm14-vm24-rasp14-rasp24-rasp34_allfive_r3,7737,perf_20261002-152228_clu_vm14-vm24-rasp14-rasp24-rasp34_allfive_r3,19,427,1790954558896,0,1790954834099.206,400.167,6.151,1790954834505.922,Normal,0.9486
rasp1,32895,20261002-152228_clu_vm14-vm24-rasp14-rasp24-rasp34_allfive_r3,7798,perf_20261002-152228_clu_vm14-vm24-rasp14-rasp24-rasp34_allfive_r3,19,428,1790954558907,0,1790954834506.578,293.774,16.559,1790954834817.623,Normal,0.9303
rasp1,32895,20261002-152228_clu_vm14-vm24-rasp14-rasp24-rasp34_allfive_r3,7810,perf_20261002-152228_clu_vm14-vm24-rasp14-rasp24-rasp34_allfive_r3,19,429,1790954558909,0,1790954834818.885,338.681,7.128,1790954835165.082,Normal,0.9641
rasp1,32895,20261002-152228_clu_vm14-vm24-rasp14-rasp24-rasp34_allfive_r3,7828,perf_20261002-152228_clu_vm14-vm24-rasp14-rasp24-rasp34_allfive_r3,19,430,1790954558911,0,1790954835165.817,466.934,6.295,1790954835639.377,Normal,0.9765
rasp1,32895,20261002-152228_clu_vm14-vm24-rasp14-rasp24-rasp34_allfive_r3,7863,perf_20261002-152228_clu_vm14-vm24-rasp14-rasp24-rasp34_allfive_r3,19,431,1790954558916,0,1790954835640.053,305.543,7.396,1790954835953.369,Normal,0.903
rasp1,32895,20261002-152228_clu_vm14-vm24-rasp14-rasp24-rasp34_allfive_r3,7874,perf_20261002-152228_clu_vm14-vm24-rasp14-rasp24-rasp34_allfive_r3,19,432,1790954558920,0,1790954835954.074,1105.59,8.405,1790954837068.825,Normal,0.8151
rasp1,32895,20261002-152228_clu_vm14-vm24-rasp14-rasp24-rasp34_allfive_r3,7906,perf_20261002-152228_clu_vm14-vm24-rasp14-rasp24-rasp34_allfive_r3,19,433,1790954558927,0,1790954837069.972,353.482,7.947,1790954837431.976,Normal,0.9554
rasp1,32895,20261002-152228_clu_vm14-vm24-rasp14-rasp24-rasp34_allfive_r3,7932,perf_20261002-152228_clu_vm14-vm24-rasp14-rasp24-rasp34_allfive_r3,19,434,1790954558931,0,1790954837433.072,351.151,7.208,1790954837791.78,Normal,0.9375
rasp1,32895,20261002-152228_clu_vm14-vm24-rasp14-rasp24-rasp34_allfive_r3,7954,perf_20261002-152228_clu_vm14-vm24-rasp14-rasp24-rasp34_allfive_r3,19,435,1790954558938,0,1790954837792.448,1128.16,9.471,1790954838930.668,Normal,0.9713
rasp1,32895,20261002-152228_clu_vm14-vm24-rasp14-rasp24-rasp34_allfive_r3,7998,perf_20261002-152228_clu_vm14-vm24-rasp14-rasp24-rasp34_allfive_r3,19,436,1790954558942,0,1790954838932.145,769.042,7.273,1790954839709.129,Normal,0.9778
rasp1,32895,20261002-152228_clu_vm14-vm24-rasp14-rasp24-rasp34_allfive_r3,8014,perf_20261002-152228_clu_vm14-vm24-rasp14-rasp24-rasp34_allfive_r3,19,437,1790954558947,0,1790954839709.972,291.863,7.955,1790954840010.439,Normal,0.9401
rasp1,32895,20261002-152228_clu_vm14-vm24-rasp14-rasp24-rasp34_allfive_r3,8065,perf_20261002-152228_clu_vm14-vm24-rasp14-rasp24-rasp34_allfive_r3,19,438,1790954558952,0,1790954840011.618,583.439,5.816,1790954840601.28,Normal,0.9388
rasp1,32895,20261002-152228_clu_vm14-vm24-rasp14-rasp24-rasp34_allfive_r3,8115,perf_20261002-152228_clu_vm14-vm24-rasp14-rasp24-rasp34_allfive_r3,19,439,1790954558956,0,1790954840602.331,374.492,7.649,1790954840985.211,Normal,0.9565
rasp1,32895,20261002-152228_clu_vm14-vm24-rasp14-rasp24-rasp34_allfive_r3,8118,perf_20261002-152228_clu_vm14-vm24-rasp14-rasp24-rasp34_allfive_r3,19,440,1790954558958,0,1790954840986.572,756.008,8.996,1790954841752.572,Normal,0.9558
rasp1,32895,20261002-152228_clu_vm14-vm24-rasp14-rasp24-rasp34_allfive_r3,8137,perf_20261002-152228_clu_vm14-vm24-rasp14-rasp24-rasp34_allfive_r3,19,441,1790954558959,0,1790954841753.877,446.902,8.834,1790954842210.503,Normal,0.9718
rasp1,32895,20261002-152228_clu_vm14-vm24-rasp14-rasp24-rasp34_allfive_r3,8145,perf_20261002-152228_clu_vm14-vm24-rasp14-rasp24-rasp34_allfive_r3,19,442,1790954558960,0,1790954842211.429,400.697,8.363,1790954842621.129,Normal,0.9375
rasp1,32895,20261002-152228_clu_vm14-vm24-rasp14-rasp24-rasp34_allfive_r3,8166,perf_20261002-152228_clu_vm14-vm24-rasp14-rasp24-rasp34_allfive_r3,19,443,1790954558962,0,1790954842622.299,533.112,7.539,1790954843163.366,Normal,0.8442
rasp1,32895,20261002-152228_clu_vm14-vm24-rasp14-rasp24-rasp34_allfive_r3,8178,perf_20261002-152228_clu_vm14-vm24-rasp14-rasp24-rasp34_allfive_r3,19,444,1790954558964,0,1790954843164.91,558.283,6.513,1790954843730.098,Normal,0.9594
rasp1,32895,20261002-152228_clu_vm14-vm24-rasp14-rasp24-rasp34_allfive_r3,8186,perf_20261002-152228_clu_vm14-vm24-rasp14-rasp24-rasp34_allfive_r3,19,445,1790954558964,0,1790954843730.874,439.146,8.87,1790954844179.411,Normal,0.9595
rasp1,32895,20261002-152228_clu_vm14-vm24-rasp14-rasp24-rasp34_allfive_r3,8219,perf_20261002-152228_clu_vm14-vm24-rasp14-rasp24-rasp34_allfive_r3,19,446,1790954558967,0,1790954844180.669,504.726,6.488,1790954844692.319,Normal,0.9718
rasp1,32895,20261002-152228_clu_vm14-vm24-rasp14-rasp24-rasp34_allfive_r3,8223,perf_20261002-152228_clu_vm14-vm24-rasp14-rasp24-rasp34_allfive_r3,19,447,1790954558968,0,1790954844693.152,515.975,7.75,1790954845217.688,Normal,0.9702
rasp1,32895,20261002-152228_clu_vm14-vm24-rasp14-rasp24-rasp34_allfive_r3,8272,perf_20261002-152228_clu_vm14-vm24-rasp14-rasp24-rasp34_allfive_r3,19,448,1790954558976,0,1790954845218.842,573.41,7.696,1790954845800.593,Normal,0.8365
rasp1,32895,20261002-152228_clu_vm14-vm24-rasp14-rasp24-rasp34_allfive_r3,8285,perf_20261002-152228_clu_vm14-vm24-rasp14-rasp24-rasp34_allfive_r3,19,449,1790954558978,0,1790954845801.683,445.597,7.108,1790954846254.87,Normal,0.8474
rasp1,32895,20261002-152228_clu_vm14-vm24-rasp14-rasp24-rasp34_allfive_r3,8286,perf_20261002-152228_clu_vm14-vm24-rasp14-rasp24-rasp34_allfive_r3,19,450,1790954558978,0,1790954846255.531,567.086,6.607,1790954846829.622,Normal,0.9751
rasp1,32895,20261002-152228_clu_vm14-vm24-rasp14-rasp24-rasp34_allfive_r3,8297,perf_20261002-152228_clu_vm14-vm24-rasp14-rasp24-rasp34_allfive_r3,19,451,1790954558979,0,1790954846830.362,319.965,6.608,1790954847157.283,Normal,0.9277
rasp1,32895,20261002-152228_clu_vm14-vm24-rasp14-rasp24-rasp34_allfive_r3,8353,perf_20261002-152228_clu_vm14-vm24-rasp14-rasp24-rasp34_allfive_r3,19,452,1790954558984,0,1790954847158.003,489.944,8.039,1790954847656.536,Normal,0.9462
rasp1,32895,20261002-152228_clu_vm14-vm24-rasp14-rasp24-rasp34_allfive_r3,8437,perf_20261002-152228_clu_vm14-vm24-rasp14-rasp24-rasp34_allfive_r3,19,453,1790954558996,0,1790954847657.688,488.44,7.345,1790954848154.113,Normal,0.7989
rasp1,32895,20261002-152228_clu_vm14-vm24-rasp14-rasp24-rasp34_allfive_r3,8454,perf_20261002-152228_clu_vm14-vm24-rasp14-rasp24-rasp34_allfive_r3,19,454,1790954558998,0,1790954848155.234,351.612,7.2,1790954848514.397,Normal,0.919
rasp1,32895,20261002-152228_clu_vm14-vm24-rasp14-rasp24-rasp34_allfive_r3,8474,perf_20261002-152228_clu_vm14-vm24-rasp14-rasp24-rasp34_allfive_r3,19,455,1790954559005,0,1790954848515.499,409.826,6.646,1790954848932.325,Normal,0.9638
rasp1,32895,20261002-152228_clu_vm14-vm24-rasp14-rasp24-rasp34_allfive_r3,8476,perf_20261002-152228_clu_vm14-vm24-rasp14-rasp24-rasp34_allfive_r3,19,456,1790954559005,0,1790954848933.038,256.292,7.331,1790954849197.23,Normal,0.8992
rasp1,32895,20261002-152228_clu_vm14-vm24-rasp14-rasp24-rasp34_allfive_r3,8478,perf_20261002-152228_clu_vm14-vm24-rasp14-rasp24-rasp34_allfive_r3,19,457,1790954559005,0,1790954849198.603,1022.321,6.399,1790954850227.822,Normal,0.775
rasp1,32895,20261002-152228_clu_vm14-vm24-rasp14-rasp24-rasp34_allfive_r3,8529,perf_20261002-152228_clu_vm14-vm24-rasp14-rasp24-rasp34_allfive_r3,19,458,1790954559011,0,1790954850228.502,333.421,9.132,1790954850571.556,Normal,0.9499
rasp1,32895,20261002-152228_clu_vm14-vm24-rasp14-rasp24-rasp34_allfive_r3,8530,perf_20261002-152228_clu_vm14-vm24-rasp14-rasp24-rasp34_allfive_r3,19,459,1790954559011,0,1790954850572.658,307.885,7.888,1790954850888.979,Normal,0.8674
rasp1,32895,20261002-152228_clu_vm14-vm24-rasp14-rasp24-rasp34_allfive_r3,8553,perf_20261002-152228_clu_vm14-vm24-rasp14-rasp24-rasp34_allfive_r3,19,460,1790954559013,0,1790954850890.034,383.274,5.978,1790954851279.642,Normal,0.9342
rasp1,32895,20261002-152228_clu_vm14-vm24-rasp14-rasp24-rasp34_allfive_r3,8683,perf_20261002-152228_clu_vm14-vm24-rasp14-rasp24-rasp34_allfive_r3,19,461,1790954559025,0,1790954851280.407,377.711,7.478,1790954851665.989,Normal,0.6206
rasp1,32895,20261002-152228_clu_vm14-vm24-rasp14-rasp24-rasp34_allfive_r3,8689,perf_20261002-152228_clu_vm14-vm24-rasp14-rasp24-rasp34_allfive_r3,19,462,1790954559025,0,1790954851667.408,381.208,7.206,1790954852056.401,Normal,0.9626
rasp1,32895,20261002-152228_clu_vm14-vm24-rasp14-rasp24-rasp34_allfive_r3,8706,perf_20261002-152228_clu_vm14-vm24-rasp14-rasp24-rasp34_allfive_r3,19,463,1790954559027,0,1790954852057.635,2351.259,7.468,1790954854416.939,Normal,0.9778
rasp1,32895,20261002-152228_clu_vm14-vm24-rasp14-rasp24-rasp34_allfive_r3,8717,perf_20261002-152228_clu_vm14-vm24-rasp14-rasp24-rasp34_allfive_r3,19,464,1790954559028,0,1790954854417.644,351.292,5.856,1790954854775.157,Normal,0.9441
rasp1,32895,20261002-152228_clu_vm14-vm24-rasp14-rasp24-rasp34_allfive_r3,8791,perf_20261002-152228_clu_vm14-vm24-rasp14-rasp24-rasp34_allfive_r3,19,465,1790954559035,0,1790954854775.997,517.889,7.248,1790954855301.808,Normal,0.9471
rasp1,32895,20261002-152228_clu_vm14-vm24-rasp14-rasp24-rasp34_allfive_r3,8840,perf_20261002-152228_clu_vm14-vm24-rasp14-rasp24-rasp34_allfive_r3,19,466,1790954559039,0,1790954855302.552,398.016,5.999,1790954855706.97,Normal,0.9558
rasp1,32895,20261002-152228_clu_vm14-vm24-rasp14-rasp24-rasp34_allfive_r3,8843,perf_20261002-152228_clu_vm14-vm24-rasp14-rasp24-rasp34_allfive_r3,19,467,1790954559040,0,1790954855707.625,304.032,8.29,1790954856020.506,Normal,0.8296
rasp1,32895,20261002-152228_clu_vm14-vm24-rasp14-rasp24-rasp34_allfive_r3,8855,perf_20261002-152228_clu_vm14-vm24-rasp14-rasp24-rasp34_allfive_r3,19,468,1790954559041,0,1790954856021.968,1141.426,12.208,1790954857176.222,Normal,0.7309
rasp1,32895,20261002-152228_clu_vm14-vm24-rasp14-rasp24-rasp34_allfive_r3,8903,perf_20261002-152228_clu_vm14-vm24-rasp14-rasp24-rasp34_allfive_r3,19,469,1790954559045,0,1790954857182.67,322.217,8.551,1790954857514.041,Normal,0.9475
rasp1,32895,20261002-152228_clu_vm14-vm24-rasp14-rasp24-rasp34_allfive_r3,8915,perf_20261002-152228_clu_vm14-vm24-rasp14-rasp24-rasp34_allfive_r3,19,470,1790954559046,0,1790954857515.143,388.298,8.454,1790954857912.536,Normal,0.9271
rasp1,32895,20261002-152228_clu_vm14-vm24-rasp14-rasp24-rasp34_allfive_r3,8920,perf_20261002-152228_clu_vm14-vm24-rasp14-rasp24-rasp34_allfive_r3,19,471,1790954559047,0,1790954857913.759,533.838,7.914,1790954858456.116,Normal,0.9622
rasp1,32895,20261002-152228_clu_vm14-vm24-rasp14-rasp24-rasp34_allfive_r3,8935,perf_20261002-152228_clu_vm14-vm24-rasp14-rasp24-rasp34_allfive_r3,19,472,1790954559048,0,1790954858457.229,453.809,7.656,1790954858919.241,Normal,0.947
rasp1,32895,20261002-152228_clu_vm14-vm24-rasp14-rasp24-rasp34_allfive_r3,8964,perf_20261002-152228_clu_vm14-vm24-rasp14-rasp24-rasp34_allfive_r3,19,473,1790954559051,0,1790954858920.395,488.736,6.917,1790954859416.401,Normal,0.9651
rasp1,32895,20261002-152228_clu_vm14-vm24-rasp14-rasp24-rasp34_allfive_r3,9022,perf_20261002-152228_clu_vm14-vm24-rasp14-rasp24-rasp34_allfive_r3,19,474,1790954559056,0,1790954859417.135,395.435,7.093,1790954859820.22,Normal,0.9562
rasp1,32895,20261002-152228_clu_vm14-vm24-rasp14-rasp24-rasp34_allfive_r3,9030,perf_20261002-152228_clu_vm14-vm24-rasp14-rasp24-rasp34_allfive_r3,19,475,1790954559060,0,1790954859821.303,312.064,8.305,1790954860142.25,Normal,0.7342
rasp1,32895,20261002-152228_clu_vm14-vm24-rasp14-rasp24-rasp34_allfive_r3,9058,perf_20261002-152228_clu_vm14-vm24-rasp14-rasp24-rasp34_allfive_r3,19,476,1790954559063,0,1790954860143.334,427.572,6.253,1790954860581.414,Normal,0.9384
rasp1,32895,20261002-152228_clu_vm14-vm24-rasp14-rasp24-rasp34_allfive_r3,9086,perf_20261002-152228_clu_vm14-vm24-rasp14-rasp24-rasp34_allfive_r3,19,477,1790954559065,0,1790954860582.145,563.142,6.927,1790954861152.559,Normal,0.9587
rasp1,32895,20261002-152228_clu_vm14-vm24-rasp14-rasp24-rasp34_allfive_r3,9101,perf_20261002-152228_clu_vm14-vm24-rasp14-rasp24-rasp34_allfive_r3,19,478,1790954559067,0,1790954861153.599,436.921,7.425,1790954861598.548,Normal,0.963
rasp1,32895,20261002-152228_clu_vm14-vm24-rasp14-rasp24-rasp34_allfive_r3,9152,perf_20261002-152228_clu_vm14-vm24-rasp14-rasp24-rasp34_allfive_r3,19,479,1790954559072,0,1790954861599.792,423.001,7.159,1790954862030.507,Normal,0.6448
rasp1,32895,20261002-152228_clu_vm14-vm24-rasp14-rasp24-rasp34_allfive_r3,9227,perf_20261002-152228_clu_vm14-vm24-rasp14-rasp24-rasp34_allfive_r3,19,480,1790954559078,0,1790954862031.325,312.716,8.445,1790954862352.881,Normal,0.9375
rasp1,32895,20261002-152228_clu_vm14-vm24-rasp14-rasp24-rasp34_allfive_r3,9240,perf_20261002-152228_clu_vm14-vm24-rasp14-rasp24-rasp34_allfive_r3,19,481,1790954559079,0,1790954862354.24,648.242,8.878,1790954863012.055,Normal,0.8861
rasp1,32895,20261002-152228_clu_vm14-vm24-rasp14-rasp24-rasp34_allfive_r3,9254,perf_20261002-152228_clu_vm14-vm24-rasp14-rasp24-rasp34_allfive_r3,19,482,1790954559080,0,1790954863013.19,460.267,7.407,1790954863481.486,OFFENSIVE,0.8989
rasp1,32895,20261002-152228_clu_vm14-vm24-rasp14-rasp24-rasp34_allfive_r3,9273,perf_20261002-152228_clu_vm14-vm24-rasp14-rasp24-rasp34_allfive_r3,19,483,1790954559082,0,1790954863482.746,940.579,8.38,1790954864432.443,Normal,0.5852
rasp1,32895,20261002-152228_clu_vm14-vm24-rasp14-rasp24-rasp34_allfive_r3,9287,perf_20261002-152228_clu_vm14-vm24-rasp14-rasp24-rasp34_allfive_r3,19,484,1790954559084,0,1790954864433.569,340.043,8.237,1790954864782.759,Normal,0.979
rasp1,32895,20261002-152228_clu_vm14-vm24-rasp14-rasp24-rasp34_allfive_r3,9315,perf_20261002-152228_clu_vm14-vm24-rasp14-rasp24-rasp34_allfive_r3,19,485,1790954559087,0,1790954864783.49,468.456,8.082,1790954865260.542,Normal,0.9699
rasp1,32895,20261002-152228_clu_vm14-vm24-rasp14-rasp24-rasp34_allfive_r3,9349,perf_20261002-152228_clu_vm14-vm24-rasp14-rasp24-rasp34_allfive_r3,19,486,1790954559090,0,1790954865261.997,705.437,7.285,1790954865975.424,Normal,0.9235
rasp1,32895,20261002-152228_clu_vm14-vm24-rasp14-rasp24-rasp34_allfive_r3,9350,perf_20261002-152228_clu_vm14-vm24-rasp14-rasp24-rasp34_allfive_r3,19,487,1790954559090,0,1790954865976.233,417.284,5.949,1790954866399.9,Normal,0.9516
rasp1,32895,20261002-152228_clu_vm14-vm24-rasp14-rasp24-rasp34_allfive_r3,9376,perf_20261002-152228_clu_vm14-vm24-rasp14-rasp24-rasp34_allfive_r3,19,488,1790954559092,0,1790954866400.66,1141.934,6.203,1790954867549.202,Normal,0.9626
rasp1,32895,20261002-152228_clu_vm14-vm24-rasp14-rasp24-rasp34_allfive_r3,9390,perf_20261002-152228_clu_vm14-vm24-rasp14-rasp24-rasp34_allfive_r3,19,489,1790954559094,0,1790954867549.933,482.193,9.487,1790954868042.119,Normal,0.9712
rasp1,32895,20261002-152228_clu_vm14-vm24-rasp14-rasp24-rasp34_allfive_r3,9418,perf_20261002-152228_clu_vm14-vm24-rasp14-rasp24-rasp34_allfive_r3,19,490,1790954559096,0,1790954868043.233,659.31,8.205,1790954868711.395,Normal,0.9442
rasp1,32895,20261002-152228_clu_vm14-vm24-rasp14-rasp24-rasp34_allfive_r3,9449,perf_20261002-152228_clu_vm14-vm24-rasp14-rasp24-rasp34_allfive_r3,19,491,1790954559099,0,1790954868712.597,1173.801,8.21,1790954869895.238,Normal,0.9567
rasp1,32895,20261002-152228_clu_vm14-vm24-rasp14-rasp24-rasp34_allfive_r3,9471,perf_20261002-152228_clu_vm14-vm24-rasp14-rasp24-rasp34_allfive_r3,19,492,1790954559101,0,1790954869896.222,595.935,8.227,1790954870500.997,Normal,0.8936
rasp1,32895,20261002-152228_clu_vm14-vm24-rasp14-rasp24-rasp34_allfive_r3,9509,perf_20261002-152228_clu_vm14-vm24-rasp14-rasp24-rasp34_allfive_r3,19,493,1790954559104,0,1790954870502.118,597.752,7.095,1790954871107.346,Normal,0.9461
rasp1,32895,20261002-152228_clu_vm14-vm24-rasp14-rasp24-rasp34_allfive_r3,9566,perf_20261002-152228_clu_vm14-vm24-rasp14-rasp24-rasp34_allfive_r3,19,494,1790954559109,0,1790954871108.106,360.04,8.215,1790954871476.879,Normal,0.9329
rasp1,32895,20261002-152228_clu_vm14-vm24-rasp14-rasp24-rasp34_allfive_r3,9626,perf_20261002-152228_clu_vm14-vm24-rasp14-rasp24-rasp34_allfive_r3,19,495,1790954559114,0,1790954871477.973,324.444,7.834,1790954871810.65,Normal,0.8809
rasp1,32895,20261002-152228_clu_vm14-vm24-rasp14-rasp24-rasp34_allfive_r3,9631,perf_20261002-152228_clu_vm14-vm24-rasp14-rasp24-rasp34_allfive_r3,19,496,1790954559115,0,1790954871812.05,421.471,19.211,1790954872253.341,Normal,0.9556
rasp1,32895,20261002-152228_clu_vm14-vm24-rasp14-rasp24-rasp34_allfive_r3,9652,perf_20261002-152228_clu_vm14-vm24-rasp14-rasp24-rasp34_allfive_r3,19,497,1790954559117,0,1790954872254.662,668.161,8.783,1790954872932.27,Normal,0.9651
rasp1,32895,20261002-152228_clu_vm14-vm24-rasp14-rasp24-rasp34_allfive_r3,9670,perf_20261002-152228_clu_vm14-vm24-rasp14-rasp24-rasp34_allfive_r3,19,498,1790954559118,0,1790954872933.607,450.433,8.686,1790954873393.267,Normal,0.9603
rasp1,32895,20261002-152228_clu_vm14-vm24-rasp14-rasp24-rasp34_allfive_r3,9675,perf_20261002-152228_clu_vm14-vm24-rasp14-rasp24-rasp34_allfive_r3,19,499,1790954559119,0,1790954873394.444,350.547,6.665,1790954873752.038,Normal,0.8702
rasp1,32895,20261002-152228_clu_vm14-vm24-rasp14-rasp24-rasp34_allfive_r3,9685,perf_20261002-152228_clu_vm14-vm24-rasp14-rasp24-rasp34_allfive_r3,19,500,1790954559120,0,1790954873764.879,537.055,8.152,1790954874310.619,Normal,0.9649
rasp1,32895,20261002-152228_clu_vm14-vm24-rasp14-rasp24-rasp34_allfive_r3,9731,perf_20261002-152228_clu_vm14-vm24-rasp14-rasp24-rasp34_allfive_r3,19,501,1790954559124,0,1790954874311.907,669.53,9.235,1790954874991.3,Normal,0.9516
rasp1,32895,20261002-152228_clu_vm14-vm24-rasp14-rasp24-rasp34_allfive_r3,9741,perf_20261002-152228_clu_vm14-vm24-rasp14-rasp24-rasp34_allfive_r3,19,502,1790954559125,0,1790954874993.441,1027.008,9.227,1790954876030.565,Normal,0.9663
rasp1,32895,20261002-152228_clu_vm14-vm24-rasp14-rasp24-rasp34_allfive_r3,9747,perf_20261002-152228_clu_vm14-vm24-rasp14-rasp24-rasp34_allfive_r3,19,503,1790954559125,0,1790954876031.934,464.953,8.61,1790954876506.04,Normal,0.9627
rasp1,32895,20261002-152228_clu_vm14-vm24-rasp14-rasp24-rasp34_allfive_r3,9778,perf_20261002-152228_clu_vm14-vm24-rasp14-rasp24-rasp34_allfive_r3,19,504,1790954559128,0,1790954876507.232,441.066,8.401,1790954876957.398,Normal,0.95
rasp1,32895,20261002-152228_clu_vm14-vm24-rasp14-rasp24-rasp34_allfive_r3,9822,perf_20261002-152228_clu_vm14-vm24-rasp14-rasp24-rasp34_allfive_r3,19,505,1790954559132,0,1790954876958.779,816.278,8.243,1790954877784.052,Normal,0.957
rasp1,32895,20261002-152228_clu_vm14-vm24-rasp14-rasp24-rasp34_allfive_r3,9835,perf_20261002-152228_clu_vm14-vm24-rasp14-rasp24-rasp34_allfive_r3,19,506,1790954559133,0,1790954877785.28,428.794,8.3,1790954878222.908,Normal,0.9301
rasp1,32895,20261002-152228_clu_vm14-vm24-rasp14-rasp24-rasp34_allfive_r3,9839,perf_20261002-152228_clu_vm14-vm24-rasp14-rasp24-rasp34_allfive_r3,19,507,1790954559133,0,1790954878224.028,385.114,8.683,1790954878618.534,Normal,0.9414
rasp1,32895,20261002-152228_clu_vm14-vm24-rasp14-rasp24-rasp34_allfive_r3,9851,perf_20261002-152228_clu_vm14-vm24-rasp14-rasp24-rasp34_allfive_r3,19,508,1790954559137,0,1790954878619.775,368.566,8.552,1790954878997.459,Normal,0.8718
rasp1,32895,20261002-152228_clu_vm14-vm24-rasp14-rasp24-rasp34_allfive_r3,9869,perf_20261002-152228_clu_vm14-vm24-rasp14-rasp24-rasp34_allfive_r3,19,509,1790954559138,0,1790954878998.667,428.455,7.016,1790954879434.524,Normal,0.9582
rasp1,32895,20261002-152228_clu_vm14-vm24-rasp14-rasp24-rasp34_allfive_r3,9889,perf_20261002-152228_clu_vm14-vm24-rasp14-rasp24-rasp34_allfive_r3,19,510,1790954559140,0,1790954879435.331,394.138,8.255,1790954879838.321,Normal,0.9675
rasp1,32895,20261002-152228_clu_vm14-vm24-rasp14-rasp24-rasp34_allfive_r3,9907,perf_20261002-152228_clu_vm14-vm24-rasp14-rasp24-rasp34_allfive_r3,19,511,1790954559142,0,1790954879839.485,395.596,7.561,1790954880243.175,Normal,0.9424
rasp1,32895,20261002-152228_clu_vm14-vm24-rasp14-rasp24-rasp34_allfive_r3,9931,perf_20261002-152228_clu_vm14-vm24-rasp14-rasp24-rasp34_allfive_r3,19,512,1790954559144,0,1790954880244.333,301.941,6.96,1790954880553.575,Normal,0.9176
rasp1,32895,20261002-152228_clu_vm14-vm24-rasp14-rasp24-rasp34_allfive_r3,9932,perf_20261002-152228_clu_vm14-vm24-rasp14-rasp24-rasp34_allfive_r3,19,513,1790954559144,0,1790954880554.395,322.846,7.925,1790954880885.798,Normal,0.9176
rasp1,32895,20261002-152228_clu_vm14-vm24-rasp14-rasp24-rasp34_allfive_r3,9968,perf_20261002-152228_clu_vm14-vm24-rasp14-rasp24-rasp34_allfive_r3,19,514,1790954559147,0,1790954880886.928,331.048,7.827,1790954881226.181,Normal,0.9424
