---- STARTING OMNI-PROCESSOR ----
-> Connected to Elasticsearch at http://172.16.10.94:9200 | Index: perf_20261002-180256_clu_rasp24_pi8gb_r1
-> Loading model from /home/rasp2/hsp/src/../models/bert_final on cpu...
-> BERT Model Loaded successfully.
-> Benchmark log: /home/rasp2/hsp/reports/scaling/20261002-180256_clu_rasp24_pi8gb_r1/bench_rasp2_3.csv | node rasp2 | group g_20261002-180256_clu_rasp24_pi8gb_r1
------------------------------------------------------------------------------------------------------------------------
DOMAIN       | SOURCE   | PREDICTION   | CONF.  | LATENCY  | TEXT
------------------------------------------------------------------------------------------------------------------------
[NEWS/LIVE ] | YouTube  | [Normal]     | 95%    |  649.0ms | I mistyped because I have BIG hands lol...
[SELF-HELP/] | YouTube  | [Normal]     | 97%    |  553.4ms | I'm on a plane...
[NEWS/LIVE ] | YouTube  | [Normal]     | 94%    |  602.7ms | so the best thing is the worst? hmm:cat-...
[GAMING/SUR] | YouTube  | [Normal]     | 86%    |  480.7ms | Yo...
[GAMING/SUR] | YouTube  | [Normal]     | 93%    |  536.0ms | LETS GO!!!...
[GAMING/SUR] | YouTube  | [Normal]     | 96%    | 1420.3ms | :thumbs_up::thumbs_up::thumbs_up::thumbs...
[GAMING/SUR] | YouTube  | [Normal]     | 90%    |  586.6ms | why are you all so early?...
[MUSIC/CHIL] | YouTube  | [Normal]     | 97%    |  937.9ms | shivu apun k papa mujko wada ki h shivu ...
[GAMING/SUR] | YouTube  | [Normal]     | 93%    | 2517.4ms | :elbowcough::elbowcough::elbowcough::elb...
[SELF-HELP/] | YouTube  | [Normal]     | 94%    |  569.7ms | domestic flight ye...
[GAMING/SUR] | YouTube  | [Normal]     | 96%    |  598.3ms | Happy birthday peanut...
[GAMING/SUR] | YouTube  | [HATE]       | 52%    | 1826.3ms | PEANUTS STREAMINGGGGGG:face-fuchsia-tong...
[GAMING/SUR] | YouTube  | [Normal]     | 97%    |  634.7ms | Happy birthday Peanut!!!!...
[GAMING/SUR] | YouTube  | [Normal]     | 94%    | 1051.3ms | :ok_hand::ok_hand::ok_hand::thumbs_up::t...
[GAMING/SUR] | YouTube  | [Normal]     | 98%    |  915.5ms | :peanuts::peanuts::peanuts::peanuts::pea...
[GAMING/SUR] | YouTube  | [Normal]     | 96%    |  689.3ms | Great song...
[PSYCHOLOGY] | YouTube  | [Normal]     | 88%    |  574.7ms | Woo...
[MUSIC/CHIL] | YouTube  | [Normal]     | 98%    |  946.3ms | muje tu bhi kabhi kabhi lgta pgl ashiqq ...
[GAMING/SUR] | YouTube  | [Normal]     | 97%    |  631.9ms | :crown::crown: LONG LIVE THE KING PEANUT...
[GAMING/SUR] | YouTube  | [Normal]     | 56%    |  441.8ms | ILl ALLoW IT...
[GAMING/SUR] | YouTube  | [Normal]     | 97%    |  566.2ms | Happy birthday Peanut!!!!...
[GAMING/SUR] | YouTube  | [Normal]     | 93%    |  555.3ms | Gingy and Rouge did 20 Hours...
[GAMING/SUR] | YouTube  | [Normal]     | 97%    |  487.4ms | 19 hours...
[GAMING/SUR] | YouTube  | [Normal]     | 92%    |  561.0ms | got off an hr before u got on...
[GAMING/SUR] | YouTube  | [Normal]     | 96%    |  518.0ms | CREAM OF SUM YOUNG GUY...
[NEWS/LIVE ] | YouTube  | [Normal]     | 43%    |  665.9ms | Ok how about the poor dig a hole or make...
[MUSIC/CHIL] | YouTube  | [Normal]     | 97%    |  612.1ms | Ayeee :smiling_face_with_sunglasses:...
[MUSIC/CHIL] | YouTube  | [OFFENSIVE]  | 93%    |  899.8ms | Aha....Don't defame my name by taking my...
[MUSIC/CHIL] | YouTube  | [Normal]     | 94%    |  468.7ms | hi...
[GAMING/SUR] | YouTube  | [Normal]     | 91%    |  537.2ms | he closed it...
[GAMING/SUR] | YouTube  | [OFFENSIVE]  | 90%    |  570.0ms | fuckin delerious LOL...
[GAMING/SUR] | YouTube  | [Normal]     | 91%    |  579.6ms | h2o no way...
[GAMING/SUR] | YouTube  | [OFFENSIVE]  | 35%    |  597.3ms | my OG GOAT GAMER H20!...
[MUSIC/CHIL] | YouTube  | [Normal]     | 97%    |  705.6ms | :hot_beverage::musical_notes::ok_hand:...
[GAMING/SUR] | YouTube  | [Normal]     | 91%    |  622.5ms | he is a fucking legend...
[GAMING/SUR] | YouTube  | [Normal]     | 84%    |  610.1ms | close the gate...
[GAMING/SUR] | YouTube  | [Normal]     | 96%    |  557.6ms | !peanuts...
[GAMING/SUR] | YouTube  | [Normal]     | 81%    |  582.3ms | h20 my kinggg...
[NEWS/LIVE ] | YouTube  | [Normal]     | 80%    |  679.8ms | Pete doesnt care what God you support in...
[MUSIC/CHIL] | YouTube  | [Normal]     | 95%    |  562.9ms | what so :briefs::duck:...
[MUSIC/CHIL] | YouTube  | [Normal]     | 97%    | 1031.0ms | D same dialogue cheppi force chesthe vac...
[NEWS/LIVE ] | YouTube  | [Normal]     | 89%    |  639.7ms | you know it's 2026 this world is like la...
[GAMING/SUR] | YouTube  | [Normal]     | 64%    |  541.1ms | Dubl’n up the zyn is sick...
[GAMING/SUR] | YouTube  | [Normal]     | 96%    |  569.1ms | ground floor I think...
[GAMING/SUR] | YouTube  | [Normal]     | 85%    |  539.7ms | KEEP GOING DOWN...
[GAMING/SUR] | YouTube  | [Normal]     | 69%    |  550.6ms | battleShits...
[GAMING/SUR] | YouTube  | [Normal]     | 95%    |  550.6ms | train car...
[SELF-HELP/] | YouTube  | [Normal]     | 92%    |  588.1ms | oh no the bonk continues...
[NEWS/LIVE ] | YouTube  | [Normal]     | 49%    |  686.4ms | that's a yes to feminist:face-green-smil...
[NEWS/LIVE ] | YouTube  | [Normal]     | 97%    |  668.2ms | :people_hugging: :hugging_face: :open_ha...
[GAMING/SUR] | YouTube  | [Normal]     | 96%    |  541.7ms | OG H2O...
[GAMING/SUR] | YouTube  | [Normal]     | 97%    |  576.0ms | 500 ON RED P~!!...
[GAMING/SUR] | YouTube  | [Normal]     | 95%    |  483.5ms | H2O...
[GAMING/SUR] | YouTube  | [Normal]     | 94%    |  571.3ms | 5...
[GAMING/SUR] | YouTube  | [Normal]     | 94%    |  580.6ms | 3...
[GAMING/SUR] | YouTube  | [Normal]     | 94%    |  695.3ms | no way h20 is there lmao...
[GAMING/SUR] | YouTube  | [Normal]     | 93%    |  501.9ms | clip it...
[GAMING/SUR] | YouTube  | [Normal]     | 76%    |  577.0ms | Can’t loot him it’s in a safe zone...
[MUSIC/CHIL] | YouTube  | [Normal]     | 93%    |  558.0ms | shikha basically i don't eat   certainly...
[MUSIC/CHIL] | YouTube  | [Normal]     | 97%    | 1224.0ms | @Dreamon_888 hi   how are you ? :backhan...
[GAMING/SUR] | YouTube  | [Normal]     | 88%    |  587.5ms | blavkjack super rigged on rust...
[GAMING/SUR] | YouTube  | [Normal]     | 87%    |  532.3ms | that was you  not winning...
[GAMING/SUR] | YouTube  | [Normal]     | 94%    |  567.2ms | it was a 4 bro...
[GAMING/SUR] | YouTube  | [Normal]     | 96%    |  557.1ms | lol...
[GAMING/SUR] | YouTube  | [Normal]     | 84%    |  452.2ms | It’s rigged...
[MUSIC/CHIL] | YouTube  | [Normal]     | 70%    |  502.3ms | she is asking do u eat wtf...
[GAMING/ESP] | YouTube  | [Normal]     | 94%    |  575.9ms | :moai:...
[GAMING/SUR] | YouTube  | [Normal]     | 96%    |  582.8ms | Alll in...
[GAMING/SUR] | YouTube  | [Normal]     | 96%    |  682.6ms | bit.ly/EA_-The-ytlscb-na #ad...
[GAMING/SUR] | YouTube  | [Normal]     | 71%    |  618.4ms | NOOOOOOOOOOOOOOOOOOOOOOOOOO...
[GAMING/SUR] | YouTube  | [Normal]     | 95%    |  662.3ms | LMAO FFFFFFFFFFFFFFFFF...
[GAMING/SUR] | YouTube  | [Normal]     | 95%    |  650.5ms | back to oil rig!!!!!!!!!!!!...
[GAMING/SUR] | YouTube  | [Normal]     | 92%    |  545.4ms | Can we get the mortgage to bet on...
[MUSIC/CHIL] | YouTube  | [Normal]     | 96%    |  502.0ms | bnane chali gayi?...
[GAMING/SUR] | YouTube  | [Normal]     | 74%    |  531.7ms | you wouldve lost anyways...
[GAMING/SUR] | YouTube  | [Normal]     | 95%    |  717.8ms | i knew this would happen with these 2...
[SELF-HELP/] | YouTube  | [Normal]     | 95%    |  566.0ms | Hi Dr k:winking_face:...
[GAMING/SUR] | YouTube  | [Normal]     | 94%    |  570.3ms | 5...
[MUSIC/CHIL] | YouTube  | [Normal]     | 96%    |  537.0ms | .....
[GAMING/SUR] | YouTube  | [Normal]     | 86%    |  505.3ms | going bust in rust...
[MUSIC/CHIL] | YouTube  | [Normal]     | 97%    |  870.5ms | Ida :face_with_tears_of_joy::face_with_t...
[GAMING/SUR] | YouTube  | [Normal]     | 94%    |  507.0ms | 1...
[PSYCHOLOGY] | YouTube  | [Normal]     | 94%    |  618.3ms | hello. Jung will never die...
[GAMING/SUR] | YouTube  | [Normal]     | 97%    | 1142.7ms | Peanut & Starforge PC's are partnered! C...
[MUSIC/CHIL] | YouTube  | [OFFENSIVE]  | 80%    |  608.6ms | shish sing wclm bro :smiling_face_with_t...
[GAMING/SUR] | YouTube  | [Normal]     | 88%    |  669.2ms | Rust can be a trivia game if you play it...
[GAMING/SUR] | YouTube  | [Normal]     | 92%    |  490.8ms | nah just gamble it all away...
[ENTERTAINM] | YouTube  | [Normal]     | 94%    |  417.1ms | hi...
[PSYCHOLOGY] | YouTube  | [Normal]     | 91%    |  489.1ms | but what do you mean by explain?...
[ENTERTAINM] | YouTube  | [Normal]     | 95%    |  455.5ms | HELLOOOOO...
[GAMING/GAM] | YouTube  | [Normal]     | 92%    |  546.5ms | this is gonna be so metal my lungs might...
[GAMING/SUR] | YouTube  | [OFFENSIVE]  | 52%    |  523.2ms | oh shit...
[GAMING/SUR] | YouTube  | [Normal]     | 92%    |  539.6ms | thaTS MIND FROM DIUNOS...
[ENTERTAINM] | YouTube  | [Normal]     | 95%    |  503.5ms | Congratulations...
[GAMING/SUR] | YouTube  | [Normal]     | 63%    |  635.0ms | TAKE IT TO GAMBLEEEE...
[ENTERTAINM] | YouTube  | [Normal]     | 94%    |  498.1ms | hi...
[ENTERTAINM] | YouTube  | [Normal]     | 95%    |  689.3ms | Здарова всем...
[ENTERTAINM] | YouTube  | [Normal]     | 93%    |  628.5ms | omg...
[ENTERTAINM] | YouTube  | [Normal]     | 97%    |  616.0ms | hi please give me an gift plz...
[GAMING/GAM] | YouTube  | [Normal]     | 95%    |  524.4ms | MARK...
[GAMING/GAM] | YouTube  | [Normal]     | 96%    |  556.7ms | hi mark...
[GAMING/GAM] | YouTube  | [Normal]     | 95%    |  540.5ms | HIII...
[GAMING/GAM] | YouTube  | [Normal]     | 94%    |  552.7ms | #1...
[MUSIC/CHIL] | YouTube  | [Normal]     | 95%    |  615.5ms | Stranger my net is not slow...
[MUSIC/CHIL] | YouTube  | [Normal]     | 95%    |  588.6ms | Chi na brathuku...
[GAMING/GAM] | YouTube  | [Normal]     | 97%    |  566.7ms | Welcome New Member!...
[PSYCHOLOGY] | YouTube  | [Normal]     | 97%    |  583.1ms | Dr. K needs a NAS...
[ENTERTAINM] | YouTube  | [Normal]     | 98%    |  630.2ms | hola espero que te encuentres bien...
[GAMING/SUR] | YouTube  | [Normal]     | 94%    |  533.1ms | Hello everybody...
[PSYCHOLOGY] | YouTube  | [Normal]     | 95%    |  531.9ms | a faaah moment from dr K...
[MUSIC/CHIL] | YouTube  | [Normal]     | 97%    |  876.3ms | mohit mujhe nii pata    friends Aapke he...
[ENTERTAINM] | YouTube  | [Normal]     | 96%    |  604.3ms | Jimmy  how does it feel to be rich...
[ENTERTAINM] | YouTube  | [Normal]     | 81%    |  548.1ms | UwU...
[GAMING/GAM] | YouTube  | [Normal]     | 97%    |  528.7ms | HIIIII...
[GAMING/GAM] | YouTube  | [Normal]     | 63%    |  599.6ms | GOING AGAIN THIS WEEKEND LES GOOOOO...
[ENTERTAINM] | YouTube  | [Normal]     | 93%    |  614.3ms | 와우...
[GAMING/GAM] | YouTube  | [Normal]     | 94%    |  683.4ms | is that a DJI gimbal in the background o...
[GAMING/GAM] | YouTube  | [Normal]     | 98%    |  689.4ms | please please please release on streamin...
[ENTERTAINM] | YouTube  | [Normal]     | 86%    |  554.5ms | Yo...
[PSYCHOLOGY] | YouTube  | [Normal]     | 96%    |  496.4ms | nope only from the atlus game...
[GAMING/GAM] | YouTube  | [Normal]     | 98%    | 1394.6ms | LFG MARKKKKK:cat-orange-whistling::cat-o...
[GAMING/SUR] | YouTube  | [Normal]     | 98%    |  659.6ms | mlb team for adam...
[GAMING/GAM] | YouTube  | [Normal]     | 92%    |  577.4ms | YOOOOO...
[ENTERTAINM] | YouTube  | [Normal]     | 95%    |  748.6ms | give me 10k$ please...
[GAMING/GAM] | YouTube  | [Normal]     | 96%    |  598.2ms | hi mark!!!...
[GAMING/SUR] | YouTube  | [Normal]     | 96%    |  640.3ms | wow Rogue must have had an hours sleep l...
[MUSIC/CHIL] | YouTube  | [OFFENSIVE]  | 51%    |  492.0ms | sick:woozy_face:...
[ENTERTAINM] | YouTube  | [Normal]     | 94%    |  417.5ms | hi...
[GAMING/SUR] | YouTube  | [Normal]     | 97%    |  445.6ms | rogue slept for 20 minutes ll...
[ENTERTAINM] | YouTube  | [Normal]     | 92%    |  552.2ms | congratulations brooooooooooooooo...
[GAMING/GAM] | YouTube  | [Normal]     | 94%    |  575.3ms | MARKPLIERR IS LIVEVEE...
[GAMING/GAM] | YouTube  | [Normal]     | 98%    |  704.3ms | will there be ever a digital copy? :smil...
[ENTERTAINM] | YouTube  | [Normal]     | 95%    |  576.5ms | give me only one ipad please sir...
[GAMING/GAM] | YouTube  | [Normal]     | 97%    |  586.2ms | Welcome to Member!...
[GAMING/GAM] | YouTube  | [Normal]     | 95%    |  509.8ms | hiii...
[PSYCHOLOGY] | YouTube  | [Normal]     | 91%    |  598.0ms | sounds like a tongue twister...
[ENTERTAINM] | YouTube  | [Normal]     | 97%    |  506.6ms | Hiiiii...
[GAMING/GAM] | YouTube  | [Normal]     | 96%    |  547.6ms | 3 TIME CHAMPION!!!...
[NEWS/LIVE ] | YouTube  | [Normal]     | 96%    |  600.2ms | ...by the wolves :lion:...
[GAMING/GAM] | YouTube  | [Normal]     | 95%    |  594.3ms | I hope you bring more scp videos back!...
[GAMING/GAM] | YouTube  | [Normal]     | 96%    |  506.4ms | hi mark...
[PSYCHOLOGY] | YouTube  | [Normal]     | 93%    |  458.0ms | Yes...
[GAMING/GAM] | YouTube  | [Normal]     | 91%    |  508.3ms | im telling everyone to see it...
[GAMING/GAM] | YouTube  | [Normal]     | 96%    |  521.9ms | WE WON...
[ENTERTAINM] | YouTube  | [Normal]     | 82%    | 1103.6ms | Please give me $200000 my loan will be a...
[ENTERTAINM] | YouTube  | [Normal]     | 98%    |  835.9ms | congratulations jimmy if this video gets...
[ENTERTAINM] | YouTube  | [Normal]     | 96%    |  594.6ms | hi jimmy please shout out kabir...
[GAMING/SUR] | YouTube  | [Normal]     | 86%    |  559.1ms | CLose the door...
[GAMING/GAM] | YouTube  | [Normal]     | 95%    |  569.1ms | Ranch!!!...
[GAMING/GAM] | YouTube  | [Normal]     | 95%    |  504.5ms | AIRPLANE...
[ENTERTAINM] | YouTube  | [Normal]     | 97%    |  548.8ms | Welcome New Member!...
[ENTERTAINM] | YouTube  | [Normal]     | 90%    |  504.7ms | w mrbeast...
[GAMING/GAM] | YouTube  | [Normal]     | 93%    |  478.3ms | lighthouse...
[ENTERTAINM] | YouTube  | [Normal]     | 95%    |  547.0ms | hiii beast...
[ENTERTAINM] | YouTube  | [Normal]     | 96%    |  497.6ms | faaaaaa...
[GAMING/SUR] | YouTube  | [Normal]     | 96%    |  626.0ms | not a fan of this game but the content i...
[GAMING/GAM] | YouTube  | [Normal]     | 93%    |  507.9ms | lighthouse...
[GAMING/GAM] | YouTube  | [Normal]     | 95%    |  517.1ms | airplane...
[GAMING/GAM] | YouTube  | [Normal]     | 95%    |  582.5ms | Airplanneeeee...
[GAMING/SUR] | YouTube  | [Normal]     | 96%    |  520.8ms | broo check the billboards yooo...
[GAMING/GAM] | YouTube  | [Normal]     | 94%    |  707.1ms | Imagine 23 000 people trying to talk ove...
[GAMING/GAM] | YouTube  | [Normal]     | 91%    |  560.0ms | people be voting...
[GAMING/GAM] | YouTube  | [Normal]     | 96%    |  577.8ms | Saw Iron Lung last night! IT WAS SO GOOD...
[ENTERTAINM] | YouTube  | [Normal]     | 98%    |  821.8ms | :purple_heart::green_heart::purple_heart...
[GAMING/GAM] | YouTube  | [Normal]     | 93%    |  519.5ms | lighthouse...
[GAMING/SUR] | YouTube  | [Normal]     | 49%    |  609.9ms | You guys are terrible gamblers lol...
[ENTERTAINM] | YouTube  | [Normal]     | 92%    |  522.6ms | hayyyy...
[MUSIC/CHIL] | YouTube  | [Normal]     | 96%    | 1255.8ms | @szarek-c2u m doing good :backhand_index...
[ENTERTAINM] | YouTube  | [Normal]     | 62%    |  544.1ms | The fact that he is almost at 500 mil...
[GAMING/GAM] | YouTube  | [Normal]     | 77%    |  646.7ms | SCOTLAAAAANDD FOREVEEEEEEEER...
[GAMING/GAM] | YouTube  | [Normal]     | 97%    |  729.3ms | I saw it yesterday  and it was awesome! ...
[ENTERTAINM] | YouTube  | [Normal]     | 94%    |  472.1ms | 1...
[ENTERTAINM] | YouTube  | [Normal]     | 94%    |  501.4ms | 1...
[SELF-HELP/] | YouTube  | [Normal]     | 69%    |  749.9ms | @VenaraEchoes im sure there are way our ...
[ENTERTAINM] | YouTube  | [Normal]     | 94%    |  507.7ms | 1...
[GAMING/SUR] | YouTube  | [Normal]     | 87%    |  528.8ms | NO...
[GAMING/GAM] | YouTube  | [Normal]     | 94%    |  571.7ms | japan?...
[ENTERTAINM] | YouTube  | [Normal]     | 94%    |  508.4ms | 1...
[GAMING/GAM] | YouTube  | [Normal]     | 95%    |  829.0ms | Iron Lung is coming soon not that far aw...
[GAMING/GAM] | YouTube  | [Normal]     | 92%    |  654.9ms | AIIIIRRRRRPLAAAANNNEE...
[ENTERTAINM] | YouTube  | [Normal]     | 94%    |  517.2ms | 1...
[GAMING/GAM] | YouTube  | [Normal]     | 97%    |  469.3ms | Welcome to Member!...
[ENTERTAINM] | YouTube  | [Normal]     | 91%    |  435.9ms | pakistan...
[GAMING/GAM] | YouTube  | [Normal]     | 89%    |  621.4ms | are you going to make a second movie...
[GAMING/GAM] | YouTube  | [Normal]     | 95%    |  633.5ms | you've come a long way mark:red_heart:...
[ENTERTAINM] | YouTube  | [Normal]     | 97%    |  723.4ms | :red_heart::red_heart::red_heart:...
[GAMING/GAM] | YouTube  | [Normal]     | 97%    |  550.8ms | Loved your Movie :red_heart:...
[GAMING/SUR] | YouTube  | [Normal]     | 93%    |  480.8ms | push...
[NEWS/LIVE ] | YouTube  | [Normal]     | 48%    |  504.4ms | Weegee getting that italian sausage now...
[MUSIC/CHIL] | YouTube  | [Normal]     | 97%    |  546.7ms | mohit tumhari gf h ??...
[GAMING/SUR] | YouTube  | [Normal]     | 94%    |  505.6ms | Double...
[ENTERTAINM] | YouTube  | [Normal]     | 96%    |  539.0ms | when does the stream end?...
[ENTERTAINM] | YouTube  | [Normal]     | 93%    |  551.6ms | :ok_hand:...
[GAMING/SUR] | YouTube  | [Normal]     | 95%    |  523.7ms | hit...
[GAMING/SUR] | YouTube  | [Normal]     | 95%    |  521.2ms | 250...
[GAMING/GAM] | YouTube  | [OFFENSIVE]  | 61%    |  574.1ms | THE HECK? A SHAM...
[GAMING/GAM] | YouTube  | [Normal]     | 97%    | 1125.9ms | I must admit first time I saw it  audio ...
[ENTERTAINM] | YouTube  | [Normal]     | 94%    |  545.0ms | PLS GIVE ME SHOUTOUT JIMMY...
[GAMING/GAM] | YouTube  | [Normal]     | 94%    |  561.0ms | I LOVE IRON LUNG  MY FAVORITE MOVIEEE...
[GAMING/GAM] | YouTube  | [Normal]     | 97%    |  521.1ms | I loved the movie  thank you!...
[GAMING/GAM] | YouTube  | [Normal]     | 97%    |  585.1ms | 6-7...
[ENTERTAINM] | YouTube  | [Normal]     | 93%    |  520.4ms | india...
[GAMING/SUR] | YouTube  | [Normal]     | 96%    |  496.6ms | Maxxxx...
[GAMING/SUR] | YouTube  | [Normal]     | 90%    |  588.9ms | THIS IS SO RIGGED OH MY GOD...
[GAMING/GAM] | YouTube  | [Normal]     | 97%    | 1701.9ms | can't lie  im glad to see mark back. I m...
[GAMING/GAM] | YouTube  | [Normal]     | 92%    | 1049.7ms | oh yeah penguinzoo said he couldn't unde...
[GAMING/GAM] | YouTube  | [Normal]     | 95%    |  524.3ms | lighthouse plss...
[ENTERTAINM] | YouTube  | [Normal]     | 94%    |  519.6ms | 𝘼𝙣𝙮𝙤𝙣𝙚 𝙛𝙧𝙤𝙢 𝙄𝙣𝙙𝙞𝙖???...
[ENTERTAINM] | YouTube  | [Normal]     | 98%    |  901.3ms | :face-blue-smiling::face-blue-smiling::f...
[GAMING/SUR] | YouTube  | [Normal]     | 94%    |  460.0ms | papa hutch...
[ENTERTAINM] | YouTube  | [Normal]     | 95%    |  448.0ms | please help me...
[ENTERTAINM] | YouTube  | [Normal]     | 97%    |  610.1ms | hi Mr beast :smiling_face_with_halo:...
[GAMING/GAM] | YouTube  | [Normal]     | 94%    |  727.5ms | I struggled to hear a bit at odeon in th...
[GAMING/GAM] | YouTube  | [Normal]     | 97%    |  667.8ms | wow movie star and celebrity director Ma...
[GAMING/SUR] | YouTube  | [Normal]     | 94%    |  507.3ms | go Aul In...
[GAMING/SUR] | YouTube  | [Normal]     | 73%    |  583.5ms | GOOOOOOOOOD MORNING BUNGULATORS...
[GAMING/GAM] | YouTube  | [Normal]     | 95%    |  630.9ms | CLOAK IRON LUNG MERCH!!!???...
[GAMING/SUR] | YouTube  | [OFFENSIVE]  | 55%    |  493.2ms | ur screwed...
[GAMING/SUR] | YouTube  | [Normal]     | 54%    |  482.9ms | try bandit...
[MUSIC/CHIL] | YouTube  | [OFFENSIVE]  | 82%    |  945.6ms | tc too dearshish:waving_hand::waving_han...
[ENTERTAINM] | YouTube  | [Normal]     | 97%    | 3698.2ms | bhai 500 milian subscriber hone wale Hai...
[SELF-HELP/] | YouTube  | [Normal]     | 59%    |  629.0ms | Yah my biggest fear in life is proving t...
[GAMING/GAM] | YouTube  | [Normal]     | 97%    |  580.1ms | The sound was great at my theatre....
[GAMING/GAM] | YouTube  | [Normal]     | 94%    |  616.7ms | if the movie is environmentally telling ...
[ENTERTAINM] | YouTube  | [Normal]     | 97%    |  508.9ms | Bangladesh :red_heart:...
[GAMING/GAM] | YouTube  | [Normal]     | 84%    |  614.6ms | my brother in law saw you in guam   he w...
[GAMING/SUR] | YouTube  | [Normal]     | 96%    |  499.1ms | Peanut can never go to vegas lol...
[ENTERTAINM] | YouTube  | [Normal]     | 91%    |  564.5ms | W MRBEADY...
[ENTERTAINM] | YouTube  | [Normal]     | 97%    |  582.4ms | :pink_heart:...
[ENTERTAINM] | YouTube  | [Normal]     | 97%    |  499.9ms | Hi:red_heart:...
[GAMING/SUR] | YouTube  | [Normal]     | 96%    |  520.8ms | Who stands at 14...
[GAMING/SUR] | YouTube  | [Normal]     | 93%    |  543.4ms | GG...
[GAMING/SUR] | YouTube  | [Normal]     | 94%    |  503.7ms | OOF...
[ENTERTAINM] | YouTube  | [Normal]     | 91%    |  488.8ms | pakistan...
[ENTERTAINM] | YouTube  | [Normal]     | 98%    |  579.6ms | Dominos :check_mark_button:...
[GAMING/SUR] | YouTube  | [Normal]     | 93%    |  521.6ms | ruunn...
[GAMING/GAM] | YouTube  | [Normal]     | 95%    |  714.0ms | okay that makes sense why some of the vo...
[GAMING/SUR] | YouTube  | [Normal]     | 97%    |  580.0ms | theres 1000 scrap at the base...
[GAMING/GAM] | YouTube  | [Normal]     | 96%    |  653.3ms | I went to a AMC theater once and I liked...
[MUSIC/CHIL] | YouTube  | [Normal]     | 95%    |  646.2ms | take me back to the La...
[GAMING/GAM] | YouTube  | [Normal]     | 97%    | 1130.8ms | its my birthday today 25 :partying_face:...
[ENTERTAINM] | YouTube  | [Normal]     | 95%    |  562.2ms | let's go...
[ENTERTAINM] | YouTube  | [Normal]     | 96%    |  812.2ms | ONE OUT OF 17.2 PEOPLE ALIVE ON EARTH RI...
[ENTERTAINM] | YouTube  | [Normal]     | 97%    | 1237.9ms | :smiling_face_with_smiling_eyes::smiling...
[ENTERTAINM] | YouTube  | [Normal]     | 98%    |  600.5ms | big fan sri lanka fan:star_struck::fire:...
[ENTERTAINM] | YouTube  | [Normal]     | 97%    |  603.4ms | hello sir I am your big fan...I am from ...
[ENTERTAINM] | YouTube  | [Normal]     | 95%    |  480.0ms | what?...
[ENTERTAINM] | YouTube  | [Normal]     | 94%    |  471.3ms | hi...
[GAMING/GAM] | YouTube  | [Normal]     | 96%    |  524.5ms | Pfffft  amateur hour...
[GAMING/GAM] | YouTube  | [Normal]     | 95%    |  465.5ms | AIRPLANE...
[GAMING/GAM] | YouTube  | [Normal]     | 97%    |  613.5ms | woah markimoo stream this early...
[GAMING/GAM] | YouTube  | [Normal]     | 96%    |  498.9ms | WE WIN...
[GAMING/GAM] | YouTube  | [Normal]     | 67%    |  577.8ms | NUMBER ONEEE! :party_popper:...
[GAMING/GAM] | YouTube  | [Normal]     | 95%    |  678.6ms | Just caught your movie last night  Mark ...
[GAMING/GAM] | YouTube  | [Normal]     | 96%    |  551.0ms | WE WIN...
[NEWS/LIVE ] | YouTube  | [Normal]     | 98%    |  591.8ms | Birds are singing o...
[MUSIC/CHIL] | YouTube  | [Normal]     | 94%    |  534.5ms | ko*...
[MUSIC/CHIL] | YouTube  | [Normal]     | 98%    | 1172.8ms | Jaitsii saccha pyar long time me hota h ...
[GAMING/SUR] | YouTube  | [Normal]     | 85%    |  540.6ms | THAT GUY IS ZESTYYYYYY...
[GAMING/SUR] | YouTube  | [Normal]     | 96%    |  472.4ms | REAL H20...
[GAMING/GAM] | YouTube  | [Normal]     | 70%    |  825.4ms | YIPPIEEEEEE...
[GAMING/GAM] | YouTube  | [Normal]     | 96%    |  587.0ms | Hi mark...
[ENTERTAINM] | YouTube  | [Normal]     | 94%    |  542.6ms | ya des français ?...
[ENTERTAINM] | YouTube  | [Normal]     | 94%    |  520.5ms | Hi Mr Beast...
[ENTERTAINM] | YouTube  | [Normal]     | 97%    | 1285.6ms | AKO RA ISA BISAYA??????????? AHAHAHAHHAH...
[ENTERTAINM] | YouTube  | [Normal]     | 92%    | 1913.4ms | :stayhome::stayhome::stayhome::stayhome:...
[ENTERTAINM] | YouTube  | [Normal]     | 96%    |  814.4ms | Can you give me your @BeastReacts channe...
[ENTERTAINM] | YouTube  | [Normal]     | 97%    |  402.3ms | I love you mr best...
[ENTERTAINM] | YouTube  | [Normal]     | 94%    |  494.1ms | Jimmy...
[ENTERTAINM] | YouTube  | [Normal]     | 96%    |  570.4ms | :red_heart:...
[GAMING/SUR] | YouTube  | [Normal]     | 96%    |  649.4ms | Omg :face_screaming_in_fear:...
[GAMING/SUR] | YouTube  | [Normal]     | 98%    | 1102.9ms | :face-turquoise-drinking-coffee::face-tu...
[ENTERTAINM] | YouTube  | [Normal]     | 90%    |  577.4ms | give me PC broooooo...
[GAMING/GAM] | YouTube  | [Normal]     | 94%    |  549.6ms | The OCEAN...
[ENTERTAINM] | YouTube  | [Normal]     | 96%    |  652.3ms | i still remember when he got 100 mil...
[ENTERTAINM] | YouTube  | [Normal]     | 97%    |  546.9ms | I am from India...
[GAMING/GAM] | YouTube  | [Normal]     | 97%    |  637.2ms | 'obversation' duty...
[GAMING/GAM] | YouTube  | [Normal]     | 97%    | 1196.6ms | its my birthday today 25 :partying_face:...
[MUSIC/CHIL] | YouTube  | [Normal]     | 95%    |  558.0ms | ........
[GAMING/GAM] | YouTube  | [Normal]     | 92%    |  652.6ms | Mark did you hear they made a video game...
[GAMING/SUR] | YouTube  | [Normal]     | 81%    |  517.0ms | seeing Delirious on here is crazy...
[SPORTS/FOO] | YouTube  | [Normal]     | 92%    |  483.3ms | Japan is the winner...
[GAMING/GAM] | YouTube  | [Normal]     | 97%    |  484.0ms | Welcome to Member!...
[ENTERTAINM] | YouTube  | [Normal]     | 94%    |  507.8ms | same...
[GAMING/GAM] | YouTube  | [Normal]     | 78%    |  669.6ms | why does some of it look like Resident E...
[GAMING/SUR] | YouTube  | [Normal]     | 95%    |  656.9ms | :loudly_crying_face::loudly_crying_face:...
[ENTERTAINM] | YouTube  | [Normal]     | 98%    |  518.6ms | :hand-pink-waving::hand-pink-waving:...
[ENTERTAINM] | YouTube  | [Normal]     | 96%    |  365.7ms | New member...
[GAMING/GAM] | YouTube  | [Normal]     | 95%    |  407.8ms | Lmaooo...
[GAMING/GAM] | YouTube  | [Normal]     | 90%    |  499.7ms | ohhhh at least it isn't blood...
[ENTERTAINM] | YouTube  | [Normal]     | 95%    |  465.6ms | hii...
[GAMING/GAM] | YouTube  | [Normal]     | 96%    | 1442.6ms | chat. stop talking  you're distracting m...
[GAMING/GAM] | YouTube  | [Normal]     | 97%    |  559.5ms | hiiiiiiii!!!...
[GAMING/GAM] | YouTube  | [Normal]     | 96%    |  510.6ms | Water cheese...
[ENTERTAINM] | YouTube  | [Normal]     | 95%    |  539.1ms | said hi...
[ENTERTAINM] | YouTube  | [Normal]     | 83%    |  528.8ms | w beast...
[ENTERTAINM] | YouTube  | [Normal]     | 97%    |  594.4ms | Lots of love to you...
[ENTERTAINM] | YouTube  | [Normal]     | 91%    |  399.7ms | me...
[GAMING/GAM] | YouTube  | [Normal]     | 97%    |  802.7ms | omg lmao the real challenge isn't the ha...
[GAMING/GAM] | YouTube  | [Normal]     | 95%    |  501.4ms | obversation...
[GAMING/GAM] | YouTube  | [Normal]     | 95%    |  470.7ms | HI MARKKK...
[GAMING/SUR] | YouTube  | [Normal]     | 93%    |  574.5ms | UR SO BAD LMAOOO...
[GAMING/SUR] | YouTube  | [Normal]     | 96%    |  552.0ms | LOL...
[GAMING/SUR] | YouTube  | [Normal]     | 96%    |  865.7ms | 4 CARD 21????????????????????...
[ENTERTAINM] | YouTube  | [Normal]     | 91%    |  535.9ms | me...
[GAMING/SUR] | YouTube  | [Normal]     | 93%    |  635.1ms | Never seen colder tables...
[ENTERTAINM] | YouTube  | [Normal]     | 96%    |  596.6ms | i am happy for your 500 million YouTube ...
[ENTERTAINM] | YouTube  | [Normal]     | 95%    |  494.0ms | hii...
[GAMING/SUR] | YouTube  | [Normal]     | 80%    |  495.0ms | what is the discord...
[ENTERTAINM] | YouTube  | [Normal]     | 98%    | 1561.7ms | :hand-purple-blue-peace::hand-purple-blu...
[GAMING/SUR] | YouTube  | [Normal]     | 75%    |  551.7ms | THATS IT SCRAP THE GUN...
[GAMING/GAM] | YouTube  | [Normal]     | 96%    |  546.8ms | is this a prerecorded video...
[ENTERTAINM] | YouTube  | [Normal]     | 98%    | 2594.4ms | :face-blue-smiling::face-blue-smiling::f...
[GAMING/GAM] | YouTube  | [Normal]     | 95%    |  535.9ms | obversation duty...
[GAMING/SUR] | YouTube  | [Normal]     | 82%    |  583.7ms | :person_facepalming:...
[GAMING/GAM] | YouTube  | [Normal]     | 95%    |  584.1ms | OBVERSATION...
[GAMING/GAM] | YouTube  | [Normal]     | 68%    |  511.1ms | the drenched sarcasm...
[GAMING/SUR] | YouTube  | [Normal]     | 87%    |  574.9ms | LETS GO...
[GAMING/GAM] | YouTube  | [Normal]     | 98%    |  994.3ms | :cat_with_tears_of_joy::cat_with_tears_o...
[GAMING/GAM] | YouTube  | [Normal]     | 96%    |  501.4ms | lol lmao even...
[GAMING/SUR] | YouTube  | [Normal]     | 74%    |  570.1ms | does it say cheat on the screan...
[NEWS/LIVE ] | YouTube  | [Normal]     | 91%    |  501.6ms | HES WORKING ON IT?...
[ENTERTAINM] | YouTube  | [Normal]     | 94%    |  429.5ms | Hi...
[GAMING/GAM] | YouTube  | [Normal]     | 95%    |  563.7ms | He is very Obersational...
[ENTERTAINM] | YouTube  | [Normal]     | 95%    |  549.8ms | hiii...
[GAMING/GAM] | YouTube  | [Normal]     | 92%    |  572.1ms | thats the best part tho...
[GAMING/GAM] | YouTube  | [Normal]     | 95%    |  493.2ms | LMAO SOMEONE SAID TITLE ANOMALY...
[GAMING/SUR] | YouTube  | [Normal]     | 96%    |  427.2ms | lmao...
[GAMING/GAM] | YouTube  | [Normal]     | 88%    |  479.0ms | IT's an anomaly...
[GAMING/GAM] | YouTube  | [Normal]     | 96%    |  552.4ms | obsVERSTAPEN...
[GAMING/SUR] | YouTube  | [Normal]     | 92%    |  572.5ms | so were just throwing it away lol...
[GAMING/SUR] | YouTube  | [Normal]     | 87%    |  572.7ms | Poor gingy and all her work...
[GAMING/GAM] | YouTube  | [Normal]     | 95%    |  737.4ms | I thought i saw an anomaly  then realize...
[GAMING/SUR] | YouTube  | [Normal]     | 89%    |  514.9ms | should of played slots...
[GAMING/SUR] | YouTube  | [Normal]     | 93%    |  546.9ms | sheeeesh...
[GAMING/GAM] | YouTube  | [Normal]     | 94%    |  548.1ms | THREE...
[GAMING/SUR] | YouTube  | [Normal]     | 96%    |  478.6ms | LOL...
[GAMING/GAM] | YouTube  | [Normal]     | 92%    |  584.4ms | Obversation Lung...
[GAMING/SUR] | YouTube  | [Normal]     | 90%    |  664.2ms | hahahaha...
[ENTERTAINM] | YouTube  | [Normal]     | 98%    | 1095.6ms | WATCH UR FIRST VIDEO:hand-pink-waving::h...
[GAMING/SUR] | YouTube  | [Normal]     | 94%    |  481.9ms | well...
[GAMING/SUR] | YouTube  | [Normal]     | 96%    |  603.3ms | YOU HAD 1000+ SCRAP WHEN YOU LOGGED IN...
[GAMING/SUR] | YouTube  | [Normal]     | 92%    |  601.2ms | Peanut needs to stay out of Vegas...
[GAMING/SUR] | YouTube  | [Normal]     | 95%    |  702.3ms | hutch is just strolling around with 4k m...
[MUSIC/CHIL] | YouTube  | [Normal]     | 97%    |  638.8ms | :musical_notes::relieved_face:...
[ENTERTAINM] | YouTube  | [Normal]     | 94%    |  544.0ms | HAHAHAHAHAHHA...
[GAMING/GAM] | YouTube  | [Normal]     | 79%    |  439.7ms | MOUSE TRAP...
[GAMING/GAM] | YouTube  | [Normal]     | 96%    |  551.3ms | CONGRATS ON THE MOVIE!!!...
[GAMING/GAM] | YouTube  | [Normal]     | 94%    |  495.8ms | John...
[GAMING/GAM] | YouTube  | [Normal]     | 95%    |  798.0ms | how did he get through there? intrude th...
[GAMING/GAM] | YouTube  | [Normal]     | 94%    |  492.0ms | intruder? how did he get in? intruder wi...
[MUSIC/CHIL] | YouTube  | [Normal]     | 97%    |  820.7ms | @kavya-c9c1j fir kya tumhe chris evans c...
[GAMING/GAM] | YouTube  | [Normal]     | 96%    |  480.2ms | LOL...
[ENTERTAINM] | YouTube  | [Normal]     | 94%    |  477.5ms | 5...
[ENTERTAINM] | YouTube  | [Normal]     | 94%    |  465.8ms | 4...
[GAMING/SUR] | YouTube  | [Normal]     | 91%    |  570.6ms | gambling losses are much funnier when it...
[ENTERTAINM] | YouTube  | [Normal]     | 94%    |  551.6ms | 3...
[GAMING/GAM] | YouTube  | [Normal]     | 92%    |  566.3ms | the stairs...
[GAMING/GAM] | YouTube  | [Normal]     | 91%    |  678.9ms | YEAH GUYS! HE DIRECTED IRNO LUNG!...
[GAMING/GAM] | YouTube  | [Normal]     | 94%    |  637.3ms | stairs were moving...
[GAMING/GAM] | YouTube  | [Normal]     | 95%    |  533.2ms | #1 director in America...
[GAMING/SUR] | YouTube  | [Normal]     | 84%    |  659.9ms | Who else is drinking some silly with me?...
[GAMING/GAM] | YouTube  | [Normal]     | 89%    |  612.8ms | you’re literally my reason for living...
[GAMING/GAM] | YouTube  | [Normal]     | 96%    |  488.4ms | BASEMENT STAIRS...
[ENTERTAINM] | YouTube  | [Normal]     | 94%    |  472.8ms | 3...
[GAMING/GAM] | YouTube  | [Normal]     | 96%    |  545.6ms | please still be live in an hour...
[GAMING/GAM] | YouTube  | [Normal]     | 96%    |  537.0ms | The jacket was always there...
[GAMING/GAM] | YouTube  | [Normal]     | 94%    |  571.9ms | Hey mark...
[ENTERTAINM] | YouTube  | [Normal]     | 97%    | 3450.5ms | :red_heart::red_heart::red_heart::red_he...
[ENTERTAINM] | YouTube  | [Normal]     | 94%    |  497.5ms | Nepal...
[GAMING/GAM] | YouTube  | [Normal]     | 96%    |  518.6ms | please mark the basement stairs...
[ENTERTAINM] | YouTube  | [Normal]     | 94%    |  497.6ms | 2...
[GAMING/GAM] | YouTube  | [Normal]     | 94%    |  571.5ms | THE STAIIIRS...
[ENTERTAINM] | YouTube  | [Normal]     | 96%    |  482.2ms | I'm poor...
[GAMING/GAM] | YouTube  | [Normal]     | 92%    |  573.0ms | I don't know. I wasn't paying attention...
[ENTERTAINM] | YouTube  | [Normal]     | 96%    |  616.1ms | 20k...
[GAMING/GAM] | YouTube  | [Normal]     | 96%    |  575.6ms | lol...
[ENTERTAINM] | YouTube  | [Normal]     | 96%    | 1000.6ms | bro don't clap i am in the middle of my ...
[ENTERTAINM] | YouTube  | [Normal]     | 56%    |  695.5ms | I’ve watched since 3000 subs bro this is...
[GAMING/SUR] | YouTube  | [Normal]     | 95%    |  504.5ms | :mending_heart:...
[GAMING/GAM] | YouTube  | [Normal]     | 95%    |  758.9ms | I printed the popcorn bucket but the tee...
[ENTERTAINM] | YouTube  | [Normal]     | 92%    |  471.3ms | mrbeast...
[GAMING/GAM] | YouTube  | [Normal]     | 73%    |  772.6ms | is it just me or do markiplier and jacks...
[ENTERTAINM] | YouTube  | [Normal]     | 98%    | 1327.9ms | :hand-pink-waving::hand-pink-waving::han...
[ENTERTAINM] | YouTube  | [Normal]     | 96%    |  617.1ms | :1st_place_medal:...
[GAMING/GAM] | YouTube  | [Normal]     | 97%    |  553.6ms | what did i miss?...
[GAMING/GAM] | YouTube  | [Normal]     | 97%    |  574.0ms | THE GREEN BOTTLE...
[ENTERTAINM] | YouTube  | [Normal]     | 96%    |  564.0ms | new member...
[GAMING/GAM] | YouTube  | [Normal]     | 96%    |  636.3ms | Hi from 2am in South Africa!!!...
[GAMING/GAM] | YouTube  | [Normal]     | 97%    |  596.5ms | another mousetrap?...
[ENTERTAINM] | YouTube  | [Normal]     | 97%    |  536.3ms | 500m...
[ENTERTAINM] | YouTube  | [Normal]     | 96%    |  586.2ms | I was here...
[GAMING/GAM] | YouTube  | [Normal]     | 98%    |  713.3ms | I once ate deodorant and still doing it ...
[ENTERTAINM] | YouTube  | [Normal]     | 97%    |  498.3ms | I LOVE INDONESIA...
[GAMING/GAM] | YouTube  | [Normal]     | 92%    |  545.0ms | BED...
[GAMING/GAM] | YouTube  | [Normal]     | 97%    |  584.0ms | lantern moved in interior...
[GAMING/GAM] | YouTube  | [Normal]     | 95%    |  599.8ms | The blanket on the bed moved!!...
[GAMING/GAM] | YouTube  | [Normal]     | 92%    |  550.2ms | bed...
[GAMING/SUR] | YouTube  | [Normal]     | 82%    |  628.0ms | Put wood inside man its just 100...
[GAMING/GAM] | YouTube  | [Normal]     | 93%    |  631.8ms | theres three ropes hanging at the interi...
[GAMING/GAM] | YouTube  | [Normal]     | 92%    |  435.8ms | BED...
[ENTERTAINM] | YouTube  | [Normal]     | 97%    | 1482.8ms | Hallo sir I am alok kumar and I am from ...
[GAMING/GAM] | YouTube  | [Normal]     | 87%    |  557.5ms | CHECK THE BED...
[ENTERTAINM] | YouTube  | [Normal]     | 95%    |  502.8ms | hii...
[GAMING/GAM] | YouTube  | [Normal]     | 92%    |  488.3ms | Under the bed?...
[GAMING/GAM] | YouTube  | [Normal]     | 92%    |  554.6ms | IN MOVIES FOR IRON LUNG RN...
[ENTERTAINM] | YouTube  | [Normal]     | 95%    |  562.6ms | Assalamu Alaikum sir  how are you?...
[ENTERTAINM] | YouTube  | [Normal]     | 95%    |  444.6ms | xd...
[ENTERTAINM] | YouTube  | [Normal]     | 97%    |  551.0ms | :face-red-heart-shape:...
[ENTERTAINM] | YouTube  | [Normal]     | 88%    |  475.0ms | ،...
[PSYCHOLOGY] | YouTube  | [Normal]     | 92%    |  466.8ms | huh...
[ENTERTAINM] | YouTube  | [Normal]     | 96%    |  507.0ms | im from israel i love this stream...
[GAMING/GAM] | YouTube  | [Normal]     | 97%    |  425.0ms | Lantern ??...
[GAMING/GAM] | YouTube  | [Normal]     | 93%    |  435.9ms | yes...
[GAMING/GAM] | YouTube  | [Normal]     | 97%    |  472.7ms | Welcome to Member!...
[GAMING/SUR] | YouTube  | [Normal]     | 98%    |  510.4ms | Nectar of the gods....
[ENTERTAINM] | YouTube  | [Normal]     | 94%    |  590.2ms | mr queef!...
[GAMING/GAM] | YouTube  | [Normal]     | 97%    |  624.0ms | the hanging thing off the right balcony ...
[PSYCHOLOGY] | YouTube  | [Normal]     | 97%    |  495.8ms | I'm aminus...
[GAMING/GAM] | YouTube  | [Normal]     | 74%    |  519.3ms | The hangy thing...
[SELF-HELP/] | YouTube  | [Normal]     | 63%    |  514.3ms | Can I hate jeffery Epstine...
[GAMING/GAM] | YouTube  | [Normal]     | 88%    |  437.0ms | Light anomaly light house...
[ENTERTAINM] | YouTube  | [Normal]     | 94%    |  467.3ms | 1...
[SPORTS/FOO] | YouTube  | [Normal]     | 97%    | 1202.9ms | 일본이 독일을 이기는건가? 놀랍다...
[GAMING/GAM] | YouTube  | [Normal]     | 96%    |  884.9ms | this is literally a dream come true i ha...
[GAMING/GAM] | YouTube  | [Normal]     | 91%    |  530.5ms | w...
[GAMING/GAM] | YouTube  | [Normal]     | 51%    |  699.6ms | The one eyed man that runs the lighthous...
[LIFESTYLE/] | YouTube  | [Normal]     | 97%    |  841.3ms | These Summer months are going to fly by ...
[ENTERTAINM] | YouTube  | [Normal]     | 94%    |  510.1ms | 1...
[ENTERTAINM] | YouTube  | [Normal]     | 94%    |  529.0ms | 1...
[ENTERTAINM] | YouTube  | [Normal]     | 97%    |  661.4ms | What do you support in the 2026 World Cu...
[GAMING/GAM] | YouTube  | [Normal]     | 94%    |  711.0ms | WHAT THE GAME ABOUT? I CAME LATE:loudly_...
[GAMING/GAM] | YouTube  | [Normal]     | 97%    | 1182.0ms | Hi Markiplier  my mom had taken my car o...
[GAMING/GAM] | YouTube  | [Normal]     | 98%    |  621.3ms | :hand-orange-covering-eyes:...
[GAMING/GAM] | YouTube  | [Normal]     | 97%    |  718.2ms | Is there a extra light here also?...
[ENTERTAINM] | YouTube  | [Normal]     | 97%    |  594.8ms | Jets go...
[ENTERTAINM] | YouTube  | [Normal]     | 95%    |  542.7ms | hii mr beast...
[PSYCHOLOGY] | YouTube  | [Normal]     | 96%    |  636.3ms | hmmm...
[GAMING/SUR] | YouTube  | [Normal]     | 84%    |  535.7ms | Can’t see...
[ENTERTAINM] | YouTube  | [Normal]     | 98%    | 1769.2ms | congratulations for 500M:clapping_hands:...
[GAMING/GAM] | YouTube  | [Normal]     | 96%    |  800.9ms | Saw iron lung last night and I can’t sto...
[ENTERTAINM] | YouTube  | [Normal]     | 94%    |  364.5ms | 1...
[GAMING/GAM] | YouTube  | [Normal]     | 94%    |  383.7ms | LAMP MARK...
[MUSIC/CHIL] | YouTube  | [Normal]     | 98%    |  587.3ms | Prasa :potable_water:...
[GAMING/SUR] | YouTube  | [Normal]     | 86%    |  570.0ms | NOOOOOOOOO...
[GAMING/GAM] | YouTube  | [Normal]     | 96%    |  533.6ms | LIGHT !!...
[GAMING/GAM] | YouTube  | [Normal]     | 96%    |  548.8ms | It’s observation duty 8...
[GAMING/GAM] | YouTube  | [Normal]     | 75%    |  660.3ms | I'M FAILING YOU  I'M SORRY :tired_face:...
[GAMING/SUR] | YouTube  | [Normal]     | 93%    |  549.6ms | WEYLYN ASK HIMMMMM...
[GAMING/GAM] | YouTube  | [Normal]     | 94%    |  728.8ms | I watched the iron lung movie it’s the b...
[ENTERTAINM] | YouTube  | [Normal]     | 97%    |  538.2ms | Hi Mr. Beast...
[GAMING/GAM] | YouTube  | [Normal]     | 91%    |  661.3ms | There’s a mousetrap in the basement!...
[GAMING/GAM] | YouTube  | [Normal]     | 96%    |  535.6ms | hi mark...
[ENTERTAINM] | YouTube  | [Normal]     | 94%    |  548.2ms | 1...
[GAMING/GAM] | YouTube  | [Normal]     | 96%    |  565.0ms | OOP...
[GAMING/SUR] | YouTube  | [Normal]     | 98%    |  557.6ms | windmill will turn lol...
[GAMING/GAM] | YouTube  | [Normal]     | 94%    |  497.5ms | Aww...
[ENTERTAINM] | YouTube  | [Normal]     | 95%    |  552.9ms | 67...
[GAMING/GAM] | YouTube  | [Normal]     | 91%    |  728.3ms | camera malfunction means that the camera...
[ENTERTAINM] | YouTube  | [Normal]     | 96%    |  952.8ms | @Bhavesh_Kalyankar @Bhavesh_Kalyankar @B...
[GAMING/GAM] | YouTube  | [Normal]     | 91%    |  451.6ms | NOOB...
[GAMING/SUR] | YouTube  | [Normal]     | 96%    |  461.9ms | well said...
[GAMING/GAM] | YouTube  | [Normal]     | 85%    |  568.4ms | the lamp in interiorr moveddddd...
[PSYCHOLOGY] | YouTube  | [Normal]     | 97%    |  530.5ms | animus anima and anime...
[ENTERTAINM] | YouTube  | [Normal]     | 92%    |  585.0ms | if it gets 500 million will I get 20 gra...
[GAMING/SUR] | YouTube  | [Normal]     | 70%    |  529.3ms | HUTCH AND ROGUE GONNA HAVE TO KEEP PEANU...
[GAMING/SUR] | YouTube  | [Normal]     | 91%    |  398.6ms | stoopid...
[ENTERTAINM] | YouTube  | [Normal]     | 97%    |  470.9ms | Love frome bangladesh...
[ENTERTAINM] | YouTube  | [Normal]     | 81%    |  547.2ms | let's goo...
[GAMING/GAM] | YouTube  | [Normal]     | 81%    |  537.1ms | crazy work...
[GAMING/GAM] | YouTube  | [Normal]     | 95%    |  609.0ms | obserdution duty...
[ENTERTAINM] | YouTube  | [Normal]     | 96%    |  778.5ms | I have a exam:loudly_crying_face::loudly...
[GAMING/GAM] | YouTube  | [Normal]     | 95%    |  513.1ms | OBVERSATION...
[GAMING/GAM] | YouTube  | [Normal]     | 97%    |  596.4ms | I'm on obversation duty...
[GAMING/GAM] | YouTube  | [Normal]     | 90%    | 1088.8ms | as a dyslexic guy  I couldn't see the di...
[GAMING/GAM] | YouTube  | [Normal]     | 96%    |  489.3ms | oh hi chat  hi Mark...
[SELF-HELP/] | YouTube  | [Normal]     | 96%    |  563.6ms | lol...
[PSYCHOLOGY] | YouTube  | [Normal]     | 96%    |  563.2ms | jungs domain expansion is teh sol...
[GAMING/GAM] | YouTube  | [Normal]     | 93%    |  527.9ms | e...
[ENTERTAINM] | YouTube  | [Normal]     | 95%    |  540.7ms | I Like your video bro...
[GAMING/GAM] | YouTube  | [Normal]     | 95%    |  539.1ms | Obversation...
[MUSIC/CHIL] | YouTube  | [Normal]     | 96%    | 1176.9ms | Vishuu cockroaches :face_with_tears_of_j...
[GAMING/GAM] | YouTube  | [Normal]     | 66%    |  476.8ms | because you lost the camera in the cabin...
[GAMING/GAM] | YouTube  | [Normal]     | 94%    |  427.8ms | hi...
[MUSIC/CHIL] | YouTube  | [Normal]     | 94%    |  492.6ms | @syedsoul ky...
[GAMING/GAM] | YouTube  | [Normal]     | 94%    |  565.3ms | I want a word with who built those stair...
[GAMING/GAM] | YouTube  | [Normal]     | 94%    |  518.0ms | yay!...
[ENTERTAINM] | YouTube  | [Normal]     | 94%    |  559.8ms | WRITE 67 IN THE COMMENTS IF TOU WANT JIM...
[GAMING/GAM] | YouTube  | [Normal]     | 97%    |  651.1ms | does he know about new game plus..........
[GAMING/SUR] | YouTube  | [Normal]     | 84%    |  770.1ms | MY MAN @TheBurntPeanut Wakes up gets rai...
[GAMING/GAM] | YouTube  | [Normal]     | 95%    |  658.1ms | is that a figure in the fog?...
[GAMING/GAM] | YouTube  | [Normal]     | 95%    |  578.0ms | Extra bottle by the dock...
[GAMING/SUR] | YouTube  | [Normal]     | 94%    |  550.6ms | AHAHAHAHA...
[GAMING/SUR] | YouTube  | [Normal]     | 96%    |  550.2ms | LOL...
[GAMING/SUR] | YouTube  | [Normal]     | 96%    |  398.3ms | all over...
[GAMING/SUR] | YouTube  | [Normal]     | 98%    |  724.0ms | Keep On Bungulating LATE Into The Night ...
[ENTERTAINM] | YouTube  | [Normal]     | 98%    | 1549.2ms | :face-red-heart-shape::face-red-heart-sh...
[NEWS/LIVE ] | YouTube  | [Normal]     | 59%    |  365.0ms | FREE KARMELO ANTHONY:: WHITE SUPREMACIST...
[GAMING/GAM] | YouTube  | [Normal]     | 87%    |  527.2ms | i wanna watch iron lung SOOOOO bad icl...
[ENTERTAINM] | YouTube  | [Normal]     | 90%    |  419.8ms | mr bets...
[GAMING/GAM] | YouTube  | [Normal]     | 96%    |  586.2ms | you look very cool mark...
[GAMING/SUR] | YouTube  | [Normal]     | 97%    |  615.3ms | learning experience that's the way to lo...
[ENTERTAINM] | YouTube  | [Normal]     | 93%    |  522.9ms | unsub...
[GAMING/GAM] | YouTube  | [Normal]     | 72%    |  863.9ms | I will rent out a movie theater and put ...
[GAMING/GAM] | YouTube  | [Normal]     | 91%    |  596.1ms | nothing in pit...
[GAMING/GAM] | YouTube  | [Normal]     | 91%    |  453.9ms | hey...
[GAMING/GAM] | YouTube  | [Normal]     | 66%    |  545.7ms | TOO LOUYD...
[GAMING/GAM] | YouTube  | [Normal]     | 97%    |  546.1ms | fog in yard?...
[ENTERTAINM] | YouTube  | [Normal]     | 94%    |  490.5ms | Jimmy...
[ENTERTAINM] | YouTube  | [Normal]     | 87%    |  458.6ms | No who is that?...
[ENTERTAINM] | YouTube  | [Normal]     | 94%    |  439.9ms | hi...
[GAMING/GAM] | YouTube  | [Normal]     | 95%    |  473.9ms | :O...
[GAMING/GAM] | YouTube  | [Normal]     | 95%    |  437.8ms | EXTRA MOUSE TRAP...
[GAMING/GAM] | YouTube  | [OFFENSIVE]  | 72%    |  436.4ms | Creepppyyy...
[GAMING/GAM] | YouTube  | [Normal]     | 97%    |  472.9ms | the bags mark...
[GAMING/SUR] | YouTube  | [Normal]     | 93%    |  504.9ms | sattle it up...
[GAMING/GAM] | YouTube  | [Normal]     | 97%    |  535.0ms | number one crate!...
[ENTERTAINM] | YouTube  | [Normal]     | 97%    |  547.8ms | congratulations for 1 million...
[GAMING/GAM] | YouTube  | [Normal]     | 96%    |  547.4ms | THR MOUSETRAP...
[ENTERTAINM] | YouTube  | [Normal]     | 94%    |  482.5ms | hi...
[ENTERTAINM] | YouTube  | [Normal]     | 93%    |  522.3ms | you watching the usa game today...
[GAMING/GAM] | YouTube  | [Normal]     | 95%    | 1369.5ms | :_markiLOVE::_markiLOVE::_markiLOVE::_ma...
[GAMING/GAM] | YouTube  | [Normal]     | 97%    |  570.6ms | Watched Iron Lung last weekend! It was A...
[GAMING/GAM] | YouTube  | [Normal]     | 97%    |  436.5ms | FUSE BOX in Interior...
[PSYCHOLOGY] | YouTube  | [Normal]     | 96%    |  500.0ms | When will it equalize?...
[GAMING/GAM] | YouTube  | [Normal]     | 80%    |  770.4ms | MOUSETRAP IN BASEMENT THE MOST RIGHT ONE...
[ENTERTAINM] | YouTube  | [Normal]     | 97%    |  565.3ms | Suuuuuuiiiiii...
[GAMING/SUR] | YouTube  | [Normal]     | 97%    |  455.0ms | Lmfao this is great...
[GAMING/SUR] | YouTube  | [Normal]     | 97%    |  532.5ms | every door wide open lmao...
[ENTERTAINM] | YouTube  | [Normal]     | 95%    |  502.9ms | hi Mr Beast I love u...
[GAMING/GAM] | YouTube  | [Normal]     | 96%    |  583.2ms | Bottle change in basement?...
[GAMING/GAM] | YouTube  | [Normal]     | 97%    |  620.4ms | EXTRA MOUSETRAP IN BASEMENT...
[ENTERTAINM] | YouTube  | [Normal]     | 95%    |  669.7ms | :person-turqouise-waving:...
[GAMING/GAM] | YouTube  | [Normal]     | 94%    |  507.5ms | Lamp Post Cables...
[ENTERTAINM] | YouTube  | [Normal]     | 95%    |  525.0ms | Play Minecraft...
[GAMING/GAM] | YouTube  | [Normal]     | 95%    |  499.5ms | light...
[ENTERTAINM] | YouTube  | [Normal]     | 96%    |  480.9ms | I know everyone there...
[MUSIC/CHIL] | YouTube  | [Normal]     | 97%    |  486.0ms | :person-turquoise-wizard-wand:...
[GAMING/GAM] | YouTube  | [Normal]     | 97%    |  594.2ms | strange broadcast? That's just Alastor f...
[ENTERTAINM] | YouTube  | [Normal]     | 89%    |  391.2ms | yoooo...
[GAMING/GAM] | YouTube  | [Normal]     | 77%    |  536.5ms | spookyy...
[GAMING/GAM] | YouTube  | [Normal]     | 93%    |  619.2ms | The keepers roam sounds like someone is ...
[ENTERTAINM] | YouTube  | [Normal]     | 94%    |  464.8ms | hi...
[ENTERTAINM] | YouTube  | [Normal]     | 95%    |  569.1ms | hi mr beast i love you...
[ENTERTAINM] | YouTube  | [Normal]     | 97%    |  549.9ms | give 100k...
[GAMING/GAM] | YouTube  | [Normal]     | 89%    |  522.9ms | Resident evil 4 Remake...
[GAMING/GAM] | YouTube  | [Normal]     | 77%    |  478.6ms | THE PIER THING IS BENT...
[ENTERTAINM] | YouTube  | [Normal]     | 94%    |  428.5ms | Hi...
[ENTERTAINM] | YouTube  | [Normal]     | 93%    |  518.8ms | OMG...
[ENTERTAINM] | YouTube  | [Normal]     | 94%    |  514.4ms | HI...
[GAMING/GAM] | YouTube  | [Normal]     | 96%    |  607.5ms | lol...
[ENTERTAINM] | YouTube  | [Normal]     | 78%    |  523.8ms | YOU...
[MUSIC/CHIL] | YouTube  | [Normal]     | 96%    |  654.1ms | Vishuu u understand now...
[GAMING/SUR] | YouTube  | [Normal]     | 92%    |  559.3ms | CLOSE DOOR...
[GAMING/GAM] | YouTube  | [Normal]     | 96%    |  633.5ms | Has there always been a puddle in front ...
[GAMING/GAM] | YouTube  | [Normal]     | 97%    |  458.9ms | Welcome to Member!...
[GAMING/GAM] | YouTube  | [Normal]     | 96%    |  559.2ms | extra bottle pier?...
[ENTERTAINM] | YouTube  | [Normal]     | 78%    |  644.4ms | @mrbeast your the best...
[GAMING/GAM] | YouTube  | [Normal]     | 96%    |  554.2ms | ELEXTRIC BOX...
[GAMING/SUR] | YouTube  | [Normal]     | 92%    |  567.0ms | heli...
[GAMING/SUR] | YouTube  | [Normal]     | 89%    |  587.2ms | CLOSE THE GATE PEANUT...
[GAMING/GAM] | YouTube  | [Normal]     | 93%    |  599.9ms | WE ALL BELIEVED IN YOU MARK...
[GAMING/GAM] | YouTube  | [Normal]     | 69%    |  482.3ms | the ears...
[GAMING/GAM] | YouTube  | [Normal]     | 90%    |  450.0ms | yoo...
[ENTERTAINM] | YouTube  | [Normal]     | 95%    |  687.5ms | تاج راسك :thumbs_up:...
[GAMING/GAM] | YouTube  | [Normal]     | 92%    |  509.8ms | its right there...
[ENTERTAINM] | YouTube  | [Normal]     | 94%    |  528.5ms | hi...
[GAMING/GAM] | YouTube  | [Normal]     | 96%    |  586.7ms | extra bottle pier?...
[NEWS/LIVE ] | YouTube  | [Normal]     | 94%    |  587.7ms | Who killed who ..?...
[GAMING/GAM] | YouTube  | [Normal]     | 64%    |  546.6ms | What a large brain you have...
[ENTERTAINM] | YouTube  | [Normal]     | 92%    |  557.7ms | you give one i phone please...
[GAMING/GAM] | YouTube  | [Normal]     | 93%    |  620.4ms | 2 door knobs in Interior?...
[MUSIC/CHIL] | YouTube  | [Normal]     | 98%    |  792.9ms | ...:face-turquoise-music-note:...
[GAMING/GAM] | YouTube  | [OFFENSIVE]  | 38%    |  699.7ms | Intruder Top Left :face-fuchsia-tongue-o...
[ENTERTAINM] | YouTube  | [Normal]     | 94%    |  520.7ms | WW Aura Farm...
[ENTERTAINM] | YouTube  | [Normal]     | 95%    |  692.4ms | said hi...
[GAMING/GAM] | YouTube  | [Normal]     | 82%    |  685.3ms | Pretty sure I saw an Iron Lung out in th...
[PSYCHOLOGY] | YouTube  | [Normal]     | 96%    |  575.4ms | lol...
[ENTERTAINM] | YouTube  | [Normal]     | 93%    |  511.1ms | Yes...
[MUSIC/CHIL] | YouTube  | [Normal]     | 97%    |  715.9ms | yes good New my :spade_suit:...
[GAMING/GAM] | YouTube  | [Normal]     | 88%    |  691.6ms | wibble wobble...
[ENTERTAINM] | YouTube  | [Normal]     | 97%    |  608.9ms | Hi Mr.Beast...
[GAMING/GAM] | YouTube  | [Normal]     | 94%    |  542.4ms | Camera...
[GAMING/GAM] | YouTube  | [Normal]     | 85%    |  594.5ms | there was a wibble wobble!...
[GAMING/GAM] | YouTube  | [Normal]     | 96%    |  551.7ms | THE PILLAR AT THE STAIRWELL IS ROTATING...
[ENTERTAINM] | YouTube  | [Normal]     | 88%    |  510.5ms | @Mrbeast...
[GAMING/GAM] | YouTube  | [Normal]     | 94%    |  475.8ms | FOG...
[ENTERTAINM] | YouTube  | [Normal]     | 94%    | 2231.7ms | :buffering::buffering::buffering::buffer...
[ENTERTAINM] | YouTube  | [Normal]     | 98%    |  497.3ms | :hand-pink-waving:...
[GAMING/GAM] | YouTube  | [Normal]     | 84%    |  599.0ms | the cross is missing from the end of the...
[GAMING/GAM] | YouTube  | [Normal]     | 95%    |  524.3ms | extra lamp...
[ENTERTAINM] | YouTube  | [Normal]     | 96%    |  623.2ms | привет...
[GAMING/GAM] | YouTube  | [Normal]     | 85%    |  581.6ms | DEAD BODY IN CABIN...
[ENTERTAINM] | YouTube  | [OFFENSIVE]  | 83%    |  592.9ms | Letsssss goooooooooo...
[PSYCHOLOGY] | YouTube  | [HATE]       | 87%    |  516.9ms | Cockblockers...
[GAMING/GAM] | YouTube  | [Normal]     | 97%    |  615.8ms | I had a dream of this...
[ENTERTAINM] | YouTube  | [Normal]     | 96%    |  590.5ms | Jimmy  do you think you can handle 600 m...
[ENTERTAINM] | YouTube  | [Normal]     | 94%    |  445.0ms | Indonesia...
[ENTERTAINM] | YouTube  | [Normal]     | 90%    |  391.3ms | USA...
[ENTERTAINM] | YouTube  | [Normal]     | 91%    |  525.3ms | DO for carry...
[ENTERTAINM] | YouTube  | [Normal]     | 90%    |  508.7ms | mexico...
[GAMING/GAM] | YouTube  | [Normal]     | 93%    |  958.6ms | blahblahblah im markiplier. 27 million r...
[GAMING/GAM] | YouTube  | [Normal]     | 90%    |  557.3ms | light anomaly in the light house...
[ENTERTAINM] | YouTube  | [Normal]     | 94%    |  436.7ms | hi...
[GAMING/GAM] | YouTube  | [Normal]     | 97%    |  570.0ms | PURPLE TOWEL IN LANTERN ROOM!!...
[GAMING/GAM] | YouTube  | [Normal]     | 90%    |  681.8ms | I’m just waiting for an intruder to pop ...
[NEWS/LIVE ] | YouTube  | [Normal]     | 95%    |  658.9ms | GOD BLESS MY WHITENESS. JOEY AGREES!!...
[ENTERTAINM] | YouTube  | [Normal]     | 97%    |  582.6ms | i love Hollywood horror movie's...
[ENTERTAINM] | YouTube  | [Normal]     | 94%    |  488.3ms | hi...
[ENTERTAINM] | YouTube  | [Normal]     | 91%    |  477.2ms | Portugal...
[GAMING/SUR] | YouTube  | [Normal]     | 79%    |  633.7ms | p you must start shutting doors and gate...
[MUSIC/CHIL] | YouTube  | [Normal]     | 94%    |  623.8ms | eu nu alerg după bogății...
[GAMING/GAM] | YouTube  | [Normal]     | 96%    |  620.7ms | :_markiJIM:...
[ENTERTAINM] | YouTube  | [Normal]     | 94%    |  540.1ms | 1...
[GAMING/GAM] | YouTube  | [Normal]     | 96%    |  574.1ms | BARRELS TURNED...
[PSYCHOLOGY] | YouTube  | [Normal]     | 89%    |  676.4ms | but it goes both for men and women...
[GAMING/GAM] | YouTube  | [Normal]     | 96%    |  609.8ms | BARREL ORIENTATION IN BASEMENT...
[ENTERTAINM] | YouTube  | [Normal]     | 90%    |  500.2ms | 𝙷𝚎𝚕𝚕𝚘...
[GAMING/GAM] | YouTube  | [Normal]     | 88%    |  607.2ms | There is a camera malfunction in basemen...
[ENTERTAINM] | YouTube  | [Normal]     | 94%    |  585.1ms | 1...
[GAMING/SUR] | YouTube  | [Normal]     | 96%    |  736.0ms | Oil let welyn do the turrets...
[GAMING/SUR] | YouTube  | [Normal]     | 91%    |  491.0ms | a welyn's work is never done...
[SELF-HELP/] | YouTube  | [Normal]     | 96%    |  419.3ms | :D...
[ENTERTAINM] | YouTube  | [Normal]     | 94%    |  479.5ms | 1...
[GAMING/GAM] | YouTube  | [Normal]     | 96%    |  553.0ms | lamp moved in interior...
[GAMING/SUR] | YouTube  | [Normal]     | 91%    |  518.4ms | DILLON DANIS IS NOT IN UFC...
[PSYCHOLOGY] | YouTube  | [Normal]     | 97%    |  453.4ms | a big part...
[GAMING/GAM] | YouTube  | [Normal]     | 88%    |  602.3ms | pluggin a movie with a few clicks is wil...
[GAMING/GAM] | YouTube  | [Normal]     | 97%    |  604.8ms | hiiii mark!!!!!...
[ENTERTAINM] | YouTube  | [Normal]     | 94%    |  590.0ms | Unsubscribed what...
[PSYCHOLOGY] | YouTube  | [Normal]     | 96%    |  721.9ms | Dr. K to restaurant bro: So let's think ...
[GAMING/GAM] | YouTube  | [Normal]     | 93%    |  516.4ms | Light not spinning...
[GAMING/GAM] | YouTube  | [Normal]     | 97%    |  553.1ms | PIER: extra bottle by shack...
[GAMING/GAM] | YouTube  | [Normal]     | 83%    |  597.3ms | Iron lung is peak fiction...
[GAMING/GAM] | YouTube  | [Normal]     | 96%    |  609.5ms | :anxious_face_with_sweat:...
[MUSIC/CHIL] | YouTube  | [Normal]     | 98%    |  907.4ms | Syed :comet::small_blue_diamond:me moral...
[ENTERTAINM] | YouTube  | [Normal]     | 93%    |  520.7ms | Mr beast can you pay my world cup ticket...
[GAMING/GAM] | YouTube  | [Normal]     | 94%    |  515.0ms | I saw that wobble!!...
[SELF-HELP/] | YouTube  | [Normal]     | 72%    |  540.2ms | dr k are you broken...
[GAMING/GAM] | YouTube  | [Normal]     | 88%    |  605.2ms | dock...
[PSYCHOLOGY] | YouTube  | [Normal]     | 92%    |  600.3ms | hih go dr k...
[ENTERTAINM] | YouTube  | [Normal]     | 94%    |  451.7ms | 1...
[GAMING/GAM] | YouTube  | [Normal]     | 96%    |  610.2ms | hi markkkk...
[GAMING/GAM] | YouTube  | [Normal]     | 97%    |  622.0ms | BARRELS MOVED DIRECTIONS IN BASEMENT...
[GAMING/SUR] | YouTube  | [Normal]     | 96%    |  576.2ms | he has the bp...
[GAMING/GAM] | YouTube  | [Normal]     | 92%    |  536.0ms | the ropes...
[GAMING/GAM] | YouTube  | [Normal]     | 68%    |  522.2ms | TOO MUCH LADDER...
[GAMING/GAM] | YouTube  | [Normal]     | 96%    |  610.5ms | EXTRA. BOTTLE. IN. THE. PEIR...
[ENTERTAINM] | YouTube  | [Normal]     | 98%    |  891.8ms | bro I want to participate in your challe...
[ENTERTAINM] | YouTube  | [Normal]     | 98%    | 1171.0ms | :text-green-game-over::text-green-game-o...
[GAMING/GAM] | YouTube  | [Normal]     | 95%    |  728.4ms | The panel in front of the lighthouse lig...
[GAMING/GAM] | YouTube  | [Normal]     | 96%    |  581.5ms | try max payne 3 multiplayer...
[PSYCHOLOGY] | YouTube  | [Normal]     | 78%    |  548.4ms | A part of you opposite to identity...
[GAMING/GAM] | YouTube  | [Normal]     | 96%    |  470.9ms | hi mark...
[GAMING/GAM] | YouTube  | [Normal]     | 88%    |  532.5ms | THE BARREL IS SHORTER...
[MUSIC/CHIL] | YouTube  | [Normal]     | 97%    |  679.9ms | :moai::blue_heart::balloon:...
[GAMING/SUR] | YouTube  | [Normal]     | 93%    |  637.3ms | Gingy is a cool guy and excellent suppor...
[ENTERTAINM] | YouTube  | [Normal]     | 93%    |  496.3ms | wtf...
[GAMING/GAM] | YouTube  | [Normal]     | 93%    |  466.1ms | Stair rail moved...
[MUSIC/CHIL] | YouTube  | [Normal]     | 96%    |  596.9ms | :musical_note::man_in_steamy_room:...
[GAMING/SUR] | YouTube  | [Normal]     | 80%    |  637.0ms | YOU GOT IT...
[GAMING/GAM] | YouTube  | [Normal]     | 78%    |  595.0ms | INTRUDER TOP LEFT OMGGGG...
[GAMING/GAM] | YouTube  | [Normal]     | 97%    |  544.1ms | BARRELS ROTATED...
[GAMING/GAM] | YouTube  | [Normal]     | 78%    |  569.2ms | Just watched Iron Lung in Germany!...
[GAMING/GAM] | YouTube  | [Normal]     | 96%    |  631.0ms | There's extra bottles at the dock...
[GAMING/SUR] | YouTube  | [Normal]     | 96%    |  587.1ms | windmill to main battery...
[GAMING/GAM] | YouTube  | [Normal]     | 97%    |  619.4ms | green bucket is filled @markiplier...
[GAMING/GAM] | YouTube  | [Normal]     | 95%    |  615.7ms | We see the hairline mark...
[ENTERTAINM] | YouTube  | [Normal]     | 94%    | 1154.3ms | :ok_hand::ok_hand::ok_hand::ok_hand::ok_...
[GAMING/GAM] | YouTube  | [Normal]     | 85%    |  454.5ms | foggy yard...
[GAMING/GAM] | YouTube  | [Normal]     | 94%    |  491.8ms | hi...
[ENTERTAINM] | YouTube  | [Normal]     | 93%    |  537.0ms | Who are you bro?...
[MUSIC/CHIL] | YouTube  | [Normal]     | 95%    |  547.9ms | my name is Ani adyhh sister...
[GAMING/GAM] | YouTube  | [OFFENSIVE]  | 50%    |  474.5ms | WHAT THE HELL...
[ENTERTAINM] | YouTube  | [Normal]     | 95%    |  713.1ms | Россия Россия Россия Россия...
[GAMING/SUR] | YouTube  | [Normal]     | 89%    |  517.6ms | wtf they capped the amount of turrets...
[GAMING/GAM] | YouTube  | [Normal]     | 90%    |  429.5ms | Sirens huh...
[ENTERTAINM] | YouTube  | [Normal]     | 92%    |  429.6ms | MrBeast...
[GAMING/GAM] | YouTube  | [Normal]     | 92%    |  504.0ms | Woah...
[GAMING/GAM] | YouTube  | [Normal]     | 93%    |  725.2ms | is iron lung going to be on a streaming ...
[GAMING/GAM] | YouTube  | [Normal]     | 96%    |  502.4ms | MARK PLEASE FIREPLACE...
[ENTERTAINM] | YouTube  | [Normal]     | 97%    |  649.7ms | kitabi rujhaan ask...
[GAMING/GAM] | YouTube  | [Normal]     | 97%    |  687.7ms | BACKPACK HANGING FROM LANTERN ROOM HAS A...
[GAMING/GAM] | YouTube  | [Normal]     | 88%    |  882.3ms | ypu telling me the crab lady counts as a...
[ENTERTAINM] | YouTube  | [Normal]     | 96%    |  577.1ms | New member...
[MUSIC/CHIL] | YouTube  | [Normal]     | 95%    | 1648.6ms | nu te judeca dur nu te taxează vezi daca...
[GAMING/GAM] | YouTube  | [Normal]     | 97%    |  624.2ms | I saw that one but havent checked it out...
[ENTERTAINM] | YouTube  | [Normal]     | 91%    |  428.7ms | yo jimmy...
[GAMING/GAM] | YouTube  | [Normal]     | 95%    |  523.6ms | THE RAILING MARK THE RAILING...
[GAMING/SUR] | YouTube  | [Normal]     | 97%    |  628.9ms | Get a fajita-rrito...
[GAMING/GAM] | YouTube  | [Normal]     | 96%    |  691.6ms | whats that red thing on the lower left i...
[ENTERTAINM] | YouTube  | [Normal]     | 95%    |  478.1ms | yooo...
[GAMING/GAM] | YouTube  | [Normal]     | 95%    |  661.2ms | it seems fine I don't think anything cha...
[GAMING/GAM] | YouTube  | [Normal]     | 86%    |  534.5ms | Middle post in Yard is too long...
[GAMING/GAM] | YouTube  | [Normal]     | 92%    |  541.0ms | im on the last one...
[PSYCHOLOGY] | YouTube  | [Normal]     | 90%    |  522.0ms | It confusing when the words are almost t...
[MUSIC/CHIL] | YouTube  | [Normal]     | 95%    |  445.4ms | :frowning_face:...
[GAMING/SUR] | YouTube  | [Normal]     | 94%    |  501.4ms | RIP TRUMP...
[ENTERTAINM] | YouTube  | [Normal]     | 98%    |  522.2ms | :wilted_flower:...
[ENTERTAINM] | YouTube  | [Normal]     | 94%    |  456.8ms | follow...
[ENTERTAINM] | YouTube  | [Normal]     | 98%    | 1520.6ms | :purple_heart::purple_heart::purple_hear...
[GAMING/GAM] | YouTube  | [Normal]     | 98%    | 1257.8ms | Red light in the top left Red light in t...
[GAMING/GAM] | YouTube  | [Normal]     | 88%    |  532.9ms | intruder top left...
[GAMING/SUR] | YouTube  | [Normal]     | 86%    |  577.9ms | Im funny then...
[GAMING/GAM] | YouTube  | [Normal]     | 96%    |  547.9ms | it's BENT...
[GAMING/GAM] | YouTube  | [Normal]     | 85%    |  536.4ms | IT MOOOOOOVED...
[NEWS/LIVE ] | YouTube  | [Normal]     | 90%    |  493.6ms | No remorse...
[GAMING/GAM] | YouTube  | [Normal]     | 95%    |  495.4ms | RAILING MOVEMENT...
[SELF-HELP/] | YouTube  | [Normal]     | 81%    |  738.7ms | be special and weird  got it  ill try th...
[GAMING/GAM] | YouTube  | [Normal]     | 95%    |  645.5ms | THE BROKEN RAIL MOVED FOR THE LOVE OF AL...
[NEWS/LIVE ] | YouTube  | [Normal]     | 87%    |  757.2ms | WHAT HAPPENED TICKLETOES?? YOU SWITCHED ...
[GAMING/GAM] | YouTube  | [Normal]     | 93%    |  544.2ms | BROKEN ONE MOVED...
[GAMING/GAM] | YouTube  | [Normal]     | 94%    |  600.8ms | Wait go back i think i saw diamonds...
[ENTERTAINM] | YouTube  | [Normal]     | 95%    |  533.1ms | Paul from UGANDA...
[ENTERTAINM] | YouTube  | [Normal]     | 82%    | 1525.3ms | :party_popper::party_popper::party_poppe...
[SELF-HELP/] | YouTube  | [Normal]     | 59%    |  546.9ms | twitch chat kicks our ass every single t...
[GAMING/GAM] | YouTube  | [Normal]     | 96%    |  480.1ms | gotteem...
[SELF-HELP/] | YouTube  | [Normal]     | 98%    |  567.3ms | I scored 9 / 10 on ACE. I'm special....
[ENTERTAINM] | YouTube  | [Normal]     | 90%    |  491.9ms | what is your favourite youtuber...
[ENTERTAINM] | YouTube  | [Normal]     | 97%    |  510.0ms | hello mr.beast...
[ENTERTAINM] | YouTube  | [Normal]     | 97%    |  786.2ms | ازيك يا مستر بيست...
[GAMING/SUR] | YouTube  | [Normal]     | 93%    |  521.4ms | it's a grid cap...
[SELF-HELP/] | YouTube  | [Normal]     | 94%    |  593.8ms | ish...
[ENTERTAINM] | YouTube  | [Normal]     | 94%    |  640.4ms | come to Ukraine friend...
[ENTERTAINM] | YouTube  | [Normal]     | 93%    |  508.8ms | лол...
[ENTERTAINM] | YouTube  | [Normal]     | 90%    | 2518.5ms | :stayhome::stayhome::stayhome::stayhome:...
[ENTERTAINM] | YouTube  | [Normal]     | 97%    |  507.4ms | congratulations 500M...
[GAMING/GAM] | YouTube  | [Normal]     | 91%    |  650.4ms | MARK THE GAS CAN MOVED IN THE YARD IM TE...
[GAMING/GAM] | YouTube  | [Normal]     | 83%    |  519.0ms | THE RAIL IS BROKEN IS THE STAIRWELL...
[GAMING/GAM] | YouTube  | [Normal]     | 96%    |  464.0ms | 2 mark...
[GAMING/GAM] | YouTube  | [Normal]     | 96%    |  404.3ms | Hi mark...
[SELF-HELP/] | YouTube  | [Normal]     | 93%    |  730.1ms | As a child  I was put into an accelerati...
[GAMING/GAM] | YouTube  | [Normal]     | 60%    |  587.9ms | There's a devilishly handsome man in the...
[GAMING/GAM] | YouTube  | [Normal]     | 94%    |  485.9ms | The papers are missing from the desk in ...
[GAMING/GAM] | YouTube  | [Normal]     | 67%    |  581.4ms | THE LONGER ONEEEEEEEE MARK THE LONGER RO...
[GAMING/GAM] | YouTube  | [Normal]     | 86%    |  432.1ms | INTRUDER...
[GAMING/SUR] | YouTube  | [Normal]     | 94%    |  539.5ms | bro should've did some cable management...
[GAMING/GAM] | YouTube  | [Normal]     | 97%    |  488.3ms | extra box in the stairwell top left...
[ENTERTAINM] | YouTube  | [Normal]     | 96%    |  564.2ms | hiiiiiiiiiiiiiiiiiiiiiiiiii...
[ENTERTAINM] | YouTube  | [Normal]     | 93%    |  761.7ms | how to get XP...
[ENTERTAINM] | YouTube  | [Normal]     | 43%    |  677.4ms | leeeeetsssss gooo...
[ENTERTAINM] | YouTube  | [Normal]     | 95%    |  551.2ms | ff...
[GAMING/SUR] | YouTube  | [Normal]     | 71%    |  727.7ms | NOOOOOOOOOOOOOOOOOOOOOOOOOO...
[GAMING/SUR] | YouTube  | [Normal]     | 87%    |  490.1ms | No...
[ENTERTAINM] | YouTube  | [Normal]     | 93%    |  484.3ms | hlo...
[GAMING/GAM] | YouTube  | [Normal]     | 96%    |  574.8ms | STAIRWELL RAILING ROTATED LEFT OF THE SQ...
[ENTERTAINM] | YouTube  | [Normal]     | 77%    |  587.2ms | PUBG AND FREFIRE...
[GAMING/GAM] | YouTube  | [Normal]     | 96%    |  596.6ms | ARROW ANOMALIES ON UR SCREEN...
[GAMING/GAM] | YouTube  | [Normal]     | 92%    |  552.9ms | Intruder behind Makiplier...
[GAMING/GAM] | YouTube  | [Normal]     | 95%    |  502.9ms | THE STAIRWELL IS FINE...
[ENTERTAINM] | YouTube  | [Normal]     | 93%    |  765.9ms | mr beast im frommm the Philippines can y...
[ENTERTAINM] | YouTube  | [Normal]     | 96%    |  487.8ms | Mr beast vs chandler...
[GAMING/GAM] | YouTube  | [Normal]     | 97%    |  648.6ms | was the little red oil can always in the...
[ENTERTAINM] | YouTube  | [Normal]     | 95%    |  530.1ms | aaaaaaaaa...
[GAMING/GAM] | YouTube  | [Normal]     | 95%    |  505.5ms | Missing box in front of the map...
[PSYCHOLOGY] | YouTube  | [Normal]     | 97%    |  468.1ms | I FEEL SEEN lol...
[GAMING/SUR] | YouTube  | [Normal]     | 94%    |  405.6ms | 10...
[GAMING/GAM] | YouTube  | [Normal]     | 92%    |  398.4ms | Not the wind...
[GAMING/SUR] | YouTube  | [Normal]     | 93%    |  467.0ms | hahahahahhahah...
[ENTERTAINM] | YouTube  | [Normal]     | 94%    |  431.9ms | hi...
[GAMING/SUR] | YouTube  | [Normal]     | 94%    |  430.2ms | 10...
[GAMING/SUR] | YouTube  | [Normal]     | 94%    |  444.5ms | 10...
[GAMING/SUR] | YouTube  | [Normal]     | 95%    |  493.3ms | ?????...
[GAMING/GAM] | YouTube  | [Normal]     | 96%    |  559.9ms | HOLA PLAYER2...
[PSYCHOLOGY] | YouTube  | [Normal]     | 95%    |  652.0ms | INCEL...
[ENTERTAINM] | YouTube  | [Normal]     | 96%    |  632.1ms | 2k...
[PSYCHOLOGY] | YouTube  | [Normal]     | 96%    |  548.8ms | respect for being honest...
[GAMING/SUR] | YouTube  | [Normal]     | 94%    |  611.8ms | LOL ofc its still wrong...
[GAMING/GAM] | YouTube  | [Normal]     | 96%    |  641.8ms | when will that movie be in Europe?...
[GAMING/GAM] | YouTube  | [Normal]     | 86%    |  564.5ms | Under the bed...
[ENTERTAINM] | YouTube  | [Normal]     | 92%    |  606.6ms | Let’s go!!!!...
[GAMING/GAM] | YouTube  | [Normal]     | 95%    |  567.8ms | GASOLINE TANK...
[GAMING/GAM] | YouTube  | [Normal]     | 92%    |  469.4ms | uhoh...
[ENTERTAINM] | YouTube  | [Normal]     | 97%    |  556.0ms | love from Bangladesh :red_heart:...
[ENTERTAINM] | YouTube  | [Normal]     | 94%    |  524.8ms | 67k left...
[GAMING/GAM] | YouTube  | [Normal]     | 81%    |  695.8ms | Clearly the dead body that was called in...
[GAMING/GAM] | YouTube  | [Normal]     | 48%    |  507.8ms | WHAT DO YOU MEAN SHES PRETTY...
[GAMING/GAM] | YouTube  | [Normal]     | 72%    |  585.9ms | That might have been the guy they send t...
[GAMING/GAM] | YouTube  | [Normal]     | 93%    |  420.9ms | WWW...
[GAMING/GAM] | YouTube  | [Normal]     | 93%    |  507.6ms | pan under the bed...
[GAMING/GAM] | YouTube  | [Normal]     | 98%    |  595.0ms | purple cloth!! moved!!!...
[ENTERTAINM] | YouTube  | [Normal]     | 97%    |  609.4ms | Been subscribed since 7 million...
[GAMING/GAM] | YouTube  | [Normal]     | 80%    |  601.5ms | dead body under the sheets...
[ENTERTAINM] | YouTube  | [Normal]     | 95%    |  576.0ms | hii...
[ENTERTAINM] | YouTube  | [Normal]     | 95%    | 3185.8ms | :nazar_amulet::nazar_amulet::nazar_amule...
[ENTERTAINM] | YouTube  | [Normal]     | 96%    |  636.3ms | Mr beast make your next Video a challeng...
[GAMING/GAM] | YouTube  | [Normal]     | 92%    |  468.9ms | HEY WSPPP...
[ENTERTAINM] | YouTube  | [Normal]     | 95%    |  518.1ms | bro please 1k please...
[ENTERTAINM] | YouTube  | [Normal]     | 93%    |  605.4ms | هههههههههه...
[ENTERTAINM] | YouTube  | [Normal]     | 98%    | 1897.5ms | :chequered_flag::chequered_flag::chequer...
[ENTERTAINM] | YouTube  | [Normal]     | 97%    | 3244.5ms | :face-purple-crying::face-purple-crying:...
[ENTERTAINM] | YouTube  | [Normal]     | 97%    |  423.4ms | love from nepal...
[GAMING/GAM] | YouTube  | [Normal]     | 96%    |  618.1ms | it’s faint but there’s a few extra rope ...
[ENTERTAINM] | YouTube  | [Normal]     | 93%    |  917.6ms | Man I remember when you used to do pewDi...
[GAMING/GAM] | YouTube  | [Normal]     | 96%    |  570.1ms | thanks...
[NEWS/LIVE ] | YouTube  | [Normal]     | 95%    |  708.5ms | My covid has AIDS...
[SELF-HELP/] | YouTube  | [Normal]     | 83%    |  696.4ms | There is a cost for IQ just as there is ...
[GAMING/GAM] | YouTube  | [Normal]     | 94%    |  487.8ms | uhhhh...
[ENTERTAINM] | YouTube  | [Normal]     | 96%    |  501.9ms | where is your outro song?...
[ENTERTAINM] | YouTube  | [Normal]     | 96%    |  485.7ms | базар жок...
[GAMING/GAM] | YouTube  | [Normal]     | 83%    |  458.2ms | THE RUMBLING...
[ENTERTAINM] | YouTube  | [Normal]     | 97%    | 1218.5ms | :persevering_face::revolving_hearts::per...
[SELF-HELP/] | YouTube  | [Normal]     | 61%    |  705.8ms | higher Iq does not correlate with better...
[GAMING/SUR] | YouTube  | [Normal]     | 91%    |  526.9ms | I think u need wind turbine...
[GAMING/GAM] | YouTube  | [Normal]     | 96%    |  501.4ms | bed in the cabin?...
[GAMING/SUR] | YouTube  | [Normal]     | 80%    |  520.4ms | half wall the back side...
[ENTERTAINM] | YouTube  | [Normal]     | 94%    |  516.1ms | wooo...
[GAMING/GAM] | YouTube  | [HATE]       | 88%    |  622.4ms | Humans are way creepier than we give our...
[GAMING/GAM] | YouTube  | [Normal]     | 56%    |  524.2ms | LETSGOOO...
[ENTERTAINM] | YouTube  | [Normal]     | 93%    |  487.8ms | Ski...
[ENTERTAINM] | YouTube  | [Normal]     | 96%    |  562.1ms | الكفن505...
[GAMING/GAM] | YouTube  | [Normal]     | 91%    |  487.7ms | w...
[ENTERTAINM] | YouTube  | [Normal]     | 98%    | 3665.6ms | رد مستر بيست :pensive_face::folded_hands...
[ENTERTAINM] | YouTube  | [Normal]     | 97%    | 1402.3ms | Yo MrBeast! Watching the stream  you're ...
[GAMING/GAM] | YouTube  | [Normal]     | 88%    |  487.5ms | ggy...
[ENTERTAINM] | YouTube  | [Normal]     | 97%    |  583.9ms | Welcome to the final show...
[ENTERTAINM] | YouTube  | [Normal]     | 97%    |  617.5ms | cookies Mr beast don't forget...
[ENTERTAINM] | YouTube  | [Normal]     | 97%    |  517.2ms | hallo shabil...
[GAMING/SUR] | YouTube  | [Normal]     | 42%    |  632.2ms | put one wall on the right side of each t...
[ENTERTAINM] | YouTube  | [Normal]     | 97%    |  566.6ms | :text-green-game-over:...
[GAMING/GAM] | YouTube  | [Normal]     | 95%    |  494.2ms | yay...
[ENTERTAINM] | YouTube  | [Normal]     | 96%    |  517.0ms | I need new running shoes...
[GAMING/GAM] | YouTube  | [Normal]     | 97%    |  489.3ms | observation duty movie?!...
[GAMING/SUR] | YouTube  | [Normal]     | 54%    |  748.9ms | the proper question is "are we partaking...
[GAMING/GAM] | YouTube  | [Normal]     | 97%    |  449.9ms | thank you mark we love you mark...
[GAMING/SUR] | YouTube  | [Normal]     | 92%    |  386.8ms | you can do multiple clicks...
[GAMING/GAM] | YouTube  | [Normal]     | 96%    |  390.9ms | is it coming to Brazil ?...
[GAMING/GAM] | YouTube  | [Normal]     | 91%    |  434.8ms | UR SO ATTRACTIVE...
[GAMING/GAM] | YouTube  | [Normal]     | 80%    |  717.3ms | Hey mark  is it true to went on a date w...
[MUSIC/CHIL] | YouTube  | [Normal]     | 96%    |  638.1ms | :face_with_raised_eyebrow::face_with_rai...
[GAMING/GAM] | YouTube  | [Normal]     | 93%    |  544.5ms | NUMBER ONE BABY...
[GAMING/GAM] | YouTube  | [Normal]     | 92%    |  522.0ms | so no showing in Italy?...
[ENTERTAINM] | YouTube  | [Normal]     | 97%    |  931.2ms | Мистер Бист  я хочу пиццу...
[GAMING/GAM] | YouTube  | [Normal]     | 97%    |  884.7ms | Watched the movie last Tuesday and drew ...
[GAMING/SUR] | YouTube  | [Normal]     | 95%    |  468.5ms | Hello guys...
[ENTERTAINM] | YouTube  | [Normal]     | 98%    | 1744.5ms | :face-blue-smiling::face-blue-smiling::f...
[GAMING/GAM] | YouTube  | [Normal]     | 98%    |  458.4ms | Blu-ray...
[ENTERTAINM] | YouTube  | [Normal]     | 94%    |  519.9ms | ok...
[ENTERTAINM] | YouTube  | [Normal]     | 97%    |  910.6ms | بعد ما توصل نص مليون هتعمل ايه يعني...
[ENTERTAINM] | YouTube  | [Normal]     | 97%    |  540.3ms | love from india...
[GAMING/GAM] | YouTube  | [Normal]     | 97%    |  595.1ms | I NEED THTA BLU-RAY...
[MUSIC/CHIL] | YouTube  | [Normal]     | 97%    |  669.0ms | :musical_notes::musical_notes::hot_bever...
[PSYCHOLOGY] | YouTube  | [Normal]     | 94%    | 1123.5ms | The ideal is that we live in a society t...
[ENTERTAINM] | YouTube  | [Normal]     | 97%    | 1156.3ms | Can you give me a free phone  Jimmy? I o...
[ENTERTAINM] | YouTube  | [Normal]     | 98%    | 1230.0ms | :stopwatch-blue-hand-timer::stopwatch-bl...
[ENTERTAINM] | YouTube  | [Normal]     | 67%    |  565.6ms | les gooo...
[ENTERTAINM] | YouTube  | [Normal]     | 98%    | 1969.3ms | :hand-pink-waving::hand-pink-waving::han...
[ENTERTAINM] | YouTube  | [Normal]     | 88%    |  541.2ms | @MrBeast...
[ENTERTAINM] | YouTube  | [Normal]     | 95%    |  496.7ms | 6 7...
[ENTERTAINM] | YouTube  | [Normal]     | 90%    |  478.0ms | What...
[PSYCHOLOGY] | YouTube  | [Normal]     | 51%    |  767.3ms | why has the facade of social justice all...
[GAMING/GAM] | YouTube  | [Normal]     | 96%    |  573.7ms | can't wait to buy the dvd!...
[ENTERTAINM] | YouTube  | [Normal]     | 93%    |  499.5ms | suomi...
[PSYCHOLOGY] | YouTube  | [Normal]     | 93%    |  591.4ms | ayo anime that I can get behind...
[GAMING/SUR] | YouTube  | [Normal]     | 94%    |  645.0ms | at this rate of electrical engineering w...
[GAMING/GAM] | YouTube  | [Normal]     | 96%    |  622.3ms | garten of banban movie when ? u promised...
[GAMING/GAM] | YouTube  | [Normal]     | 83%    |  507.2ms | The Iron Lung guy!...
[GAMING/GAM] | YouTube  | [Normal]     | 88%    |  595.9ms | I’ve never seen someone more deserving t...
[ENTERTAINM] | YouTube  | [Normal]     | 96%    |  496.1ms | New member...
[ENTERTAINM] | YouTube  | [Normal]     | 91%    |  536.1ms | yo jimmy...
[ENTERTAINM] | YouTube  | [Normal]     | 98%    |  950.2ms | :face-blue-smiling::face-blue-smiling::f...
[PSYCHOLOGY] | YouTube  | [Normal]     | 94%    |  526.1ms | Was gonna be Goku for awhile...
[ENTERTAINM] | YouTube  | [Normal]     | 96%    |  512.6ms | im your biggest fan from sri lanka...
[ENTERTAINM] | YouTube  | [Normal]     | 95%    |  461.2ms | Hello...
[GAMING/GAM] | YouTube  | [Normal]     | 97%    |  803.0ms | -------liquid vinyl for soundtrack?-----...
[GAMING/SUR] | YouTube  | [Normal]     | 91%    |  650.2ms | make the switch just for the turrets...
[GAMING/SUR] | YouTube  | [Normal]     | 92%    |  698.3ms | HAHAHHAHAHA...
[GAMING/GAM] | YouTube  | [Normal]     | 83%    |  515.4ms | There's an intruder in the top left corn...
[GAMING/GAM] | YouTube  | [Normal]     | 93%    |  610.8ms | mark dont miss the anomaly behind you...
[MUSIC/CHIL] | YouTube  | [Normal]     | 97%    |  751.9ms | Gibbs ft. Pezet - Karnawał [TARKA REMIX]...
[GAMING/SUR] | YouTube  | [Normal]     | 96%    |  572.4ms | let welyn do this for the love of god...
[ENTERTAINM] | YouTube  | [Normal]     | 96%    |  521.8ms | I was here...
[GAMING/SUR] | YouTube  | [OFFENSIVE]  | 63%    |  698.4ms | as a dayz player the base and building i...
[GAMING/GAM] | YouTube  | [Normal]     | 97%    |  460.5ms | the skeleton moved...
[ENTERTAINM] | YouTube  | [Normal]     | 97%    |  496.9ms | hy bro i am from pakistan...
[ENTERTAINM] | YouTube  | [Normal]     | 94%    |  434.2ms | 46212...
[ENTERTAINM] | YouTube  | [Normal]     | 98%    |  699.6ms | :hand-pink-waving::hand-pink-waving::han...
[ENTERTAINM] | YouTube  | [Normal]     | 90%    |  425.9ms | 快五億了...
[GAMING/GAM] | YouTube  | [Normal]     | 90%    |  502.7ms | Slender man looking figure in window of ...
[GAMING/SUR] | YouTube  | [Normal]     | 96%    |  483.9ms | lol...
[SELF-HELP/] | YouTube  | [Normal]     | 89%    |  572.3ms | unbearable amount to carry...
[GAMING/GAM] | YouTube  | [Normal]     | 89%    |  730.8ms | You're the anomaly (imagine this as rosa...
[ENTERTAINM] | YouTube  | [Normal]     | 97%    |  588.4ms | Who's winning the fifa world cup broda...
[ENTERTAINM] | YouTube  | [Normal]     | 96%    |  516.9ms | My name is Ahmad...
[GAMING/GAM] | YouTube  | [Normal]     | 96%    |  526.2ms | lol...
[MUSIC/CHIL] | YouTube  | [Normal]     | 96%    |  499.6ms | mn to nhi tha aane ka...
[GAMING/GAM] | YouTube  | [Normal]     | 97%    |  476.5ms | donuts?...
[ENTERTAINM] | YouTube  | [Normal]     | 71%    | 1419.1ms | mister beast 500m ho gaya 10000$ dijiye ...
[MUSIC/CHIL] | YouTube  | [Normal]     | 92%    |  547.3ms | hey guys...
[GAMING/GAM] | YouTube  | [Normal]     | 93%    |  800.2ms | I know you will not see this but I have ...
[ENTERTAINM] | YouTube  | [Normal]     | 93%    |  809.6ms | HI FROM ARGENTINA  I’m a programmer! If ...
[PSYCHOLOGY] | YouTube  | [Normal]     | 81%    |  506.4ms | you*...
[GAMING/GAM] | YouTube  | [Normal]     | 88%    |  448.2ms | Something in Toilet as well...
[GAMING/GAM] | YouTube  | [Normal]     | 97%    |  494.1ms | light in pilot room?...
[ENTERTAINM] | YouTube  | [Normal]     | 93%    |  598.5ms | টাকা দেন ভাই...
[ENTERTAINM] | YouTube  | [Normal]     | 98%    | 2408.3ms | give me money pls I need for study . I n...
[ENTERTAINM] | YouTube  | [Normal]     | 95%    |  667.5ms | w MR beast I sub like 5years ago:yt:...
[ENTERTAINM] | YouTube  | [Normal]     | 96%    |  970.6ms | Hi jimmy i have been watching ur video a...
[GAMING/GAM] | YouTube  | [Normal]     | 74%    |  420.2ms | NO SIGHT FOR YOU...
[GAMING/GAM] | YouTube  | [Normal]     | 96%    |  545.4ms | Exit sign at business NOT green???...
[GAMING/GAM] | YouTube  | [Normal]     | 94%    |  568.6ms | LIGHT ANOMALY IN THE TOP LEFT...
[GAMING/GAM] | YouTube  | [Normal]     | 96%    |  680.0ms | since when was there a suitcase in the h...
[GAMING/GAM] | YouTube  | [Normal]     | 86%    |  513.0ms | BANANA...
[PSYCHOLOGY] | YouTube  | [Normal]     | 95%    |  952.4ms | I once told a friend "I used to be a bet...
[PSYCHOLOGY] | YouTube  | [Normal]     | 96%    |  767.4ms | Spa with children and million dollars co...
[GAMING/GAM] | YouTube  | [Normal]     | 92%    |  806.2ms | can i get banned for fun...
[ENTERTAINM] | YouTube  | [Normal]     | 95%    |  461.6ms | :duck:...
[GAMING/GAM] | YouTube  | [Normal]     | 87%    |  502.3ms | they aren't strawberry - banned...
[SPORTS/FOO] | YouTube  | [Normal]     | 94%    |  768.7ms | 그래도 일본 잘하네...
[ENTERTAINM] | YouTube  | [Normal]     | 94%    |  514.9ms | hi...
[GAMING/SUR] | YouTube  | [Normal]     | 91%    |  529.3ms | nope...
[GAMING/GAM] | YouTube  | [Normal]     | 94%    |  530.6ms | Banban???...
[ENTERTAINM] | YouTube  | [Normal]     | 97%    |  648.3ms | l love ur all videos :red_heart::camera:...
[GAMING/GAM] | YouTube  | [Normal]     | 96%    |  619.8ms | was there always a suitcase in the hall...
[GAMING/GAM] | YouTube  | [Normal]     | 63%    |  542.5ms | buisness class floor dirty...
[ENTERTAINM] | YouTube  | [Normal]     | 97%    |  616.1ms | I AM 14 YEARS DOING A CHANNEL FOR 2 YEAR...
[GAMING/GAM] | YouTube  | [Normal]     | 78%    |  613.7ms | yo chat we should ban Mark for banning u...
[GAMING/GAM] | YouTube  | [Normal]     | 78%    |  748.9ms | working in pairs  the blindfolded partne...
[ENTERTAINM] | YouTube  | [Normal]     | 91%    |  484.9ms | hey...
[GAMING/GAM] | YouTube  | [Normal]     | 96%    |  573.1ms | oh i did this one not too long ago...
[GAMING/GAM] | YouTube  | [Normal]     | 87%    |  542.6ms | camera in bathroom is completely off...
[MUSIC/CHIL] | YouTube  | [Normal]     | 95%    |  883.9ms | LV who :face_with_hand_over_mouth::face_...
[GAMING/GAM] | YouTube  | [Normal]     | 90%    |  533.9ms | I TRUST THE OVERLORD...
[GAMING/GAM] | YouTube  | [Normal]     | 96%    |  639.8ms | ECONOMY CLASS CART -- EXTRA BOTTLES (onl...
[ENTERTAINM] | YouTube  | [Normal]     | 93%    |  554.5ms | bro...
[MUSIC/CHIL] | YouTube  | [Normal]     | 94%    |  567.5ms | HYPE...
[GAMING/GAM] | YouTube  | [Normal]     | 91%    |  611.5ms | Noooo...
[GAMING/SUR] | YouTube  | [Normal]     | 71%    |  673.9ms | He needs to build a boat base...
[MUSIC/CHIL] | YouTube  | [Normal]     | 94%    |  549.3ms | BR0D4 - Somebody...
[MUSIC/CHIL] | YouTube  | [Normal]     | 97%    |  524.6ms | LV miss ??...
[GAMING/GAM] | YouTube  | [OFFENSIVE]  | 94%    |  596.5ms | damn i missed the first hour of the stre...
[GAMING/GAM] | YouTube  | [Normal]     | 92%    |  582.2ms | GATE 2 Window person...
[GAMING/GAM] | YouTube  | [Normal]     | 80%    |  548.3ms | JUST GET OUT...
[GAMING/GAM] | YouTube  | [Normal]     | 97%    |  493.5ms | Hi MARK :D...
[GAMING/GAM] | YouTube  | [Normal]     | 84%    |  493.9ms | SLOW DOWN I CANT SEE...
[PSYCHOLOGY] | YouTube  | [Normal]     | 89%    |  655.1ms | sorry  i am tired  *facepalm...
[SELF-HELP/] | YouTube  | [Normal]     | 96%    |  664.4ms | needs a lot of mindfulness to help...
[SELF-HELP/] | YouTube  | [Normal]     | 95%    |  582.4ms | Yay!!! Transference...
[SELF-HELP/] | YouTube  | [Normal]     | 93%    |  776.0ms | hmm  isn't anxiety present in everyone? ...
[NEWS/LIVE ] | YouTube  | [Normal]     | 95%    |  536.8ms | ww2 isn't over...
[GAMING/SUR] | YouTube  | [Normal]     | 94%    |  389.5ms | 1...
[GAMING/SUR] | YouTube  | [Normal]     | 90%    |  469.5ms | YESSSSSS...
[GAMING/SUR] | YouTube  | [Normal]     | 94%    |  489.1ms | RUST STOLE MY SOUL...
[GAMING/SUR] | YouTube  | [Normal]     | 91%    | 1021.6ms | :_Dance::_LetsGo::_BUNGULATE::_Stare::_G...
[GAMING/SUR] | YouTube  | [Normal]     | 73%    |  503.7ms | Gang...
[GAMING/SUR] | YouTube  | [Normal]     | 96%    |  563.4ms | King Peanut is awake...
[GAMING/SUR] | YouTube  | [Normal]     | 96%    |  670.9ms | Just finished his last one...
[GAMING/SUR] | YouTube  | [Normal]     | 94%    |  403.0ms | 2...
[GAMING/SUR] | YouTube  | [Normal]     | 96%    | 1135.1ms | EEEEEEEEEEE EEEEEEEEEEE EEEEEEEEEEE EEEE...
[MUSIC/CHIL] | YouTube  | [Normal]     | 92%    |  507.5ms | leave it....
[GAMING/SUR] | YouTube  | [Normal]     | 96%    |  547.7ms | Happy birthday peanut...
[PSYCHOLOGY] | YouTube  | [Normal]     | 94%    |  639.3ms | its over we need new doc now rip...
[GAMING/SUR] | YouTube  | [Normal]     | 93%    |  504.1ms | holy...
[GAMING/SUR] | YouTube  | [Normal]     | 91%    |  599.0ms | Slur Saturday!!!!...
[NEWS/LIVE ] | YouTube  | [Normal]     | 82%    |  624.0ms | Weed is legal here and not a crime now...
[GAMING/SUR] | YouTube  | [OFFENSIVE]  | 57%    |  655.0ms | SHESSSSHHHH LETS GOOO EARLY AS HELL...
[GAMING/SUR] | YouTube  | [Normal]     | 96%    |  606.8ms | You ended the night with Jack in the Box...
[PSYCHOLOGY] | YouTube  | [Normal]     | 97%    |  559.3ms | we need the flutes back...
[GAMING/SUR] | YouTube  | [Normal]     | 95%    |  536.3ms | no twitch?...
[GAMING/SUR] | YouTube  | [Normal]     | 71%    |  536.3ms | a true rust gamer...
[GAMING/SUR] | YouTube  | [OFFENSIVE]  | 48%    |  704.9ms | Bro STFU about diarrhea all the time lmf...
[GAMING/SUR] | YouTube  | [Normal]     | 91%    |  531.6ms | yeahhhhhh...
[GAMING/SUR] | YouTube  | [OFFENSIVE]  | 54%    |  567.3ms | happy birthday nutter...
[GAMING/SUR] | YouTube  | [Normal]     | 74%    |  600.0ms | Hutch is going to gamble...
[MUSIC/CHIL] | YouTube  | [Normal]     | 96%    |  595.8ms | Ee piyya evaru...
[MUSIC/CHIL] | YouTube  | [Normal]     | 98%    |  643.8ms | serendi marchipoya :smiling_face_with_te...
[GAMING/SUR] | YouTube  | [Normal]     | 96%    | 1424.6ms | :saluting_face::saluting_face::saluting_...
[GAMING/SUR] | YouTube  | [OFFENSIVE]  | 79%    |  671.6ms | :_LetsRide::_LetsGo::_LetsRide:...
[MUSIC/CHIL] | YouTube  | [Normal]     | 86%    |  548.1ms | kitni bar sorry bologe...
[GAMING/SUR] | YouTube  | [Normal]     | 96%    |  572.9ms | Delirious!...
[GAMING/SUR] | YouTube  | [Normal]     | 94%    |  550.0ms | H20 is OG...
[GAMING/SUR] | YouTube  | [Normal]     | 77%    |  506.2ms | hell yeah lets ride...
[GAMING/SUR] | YouTube  | [Normal]     | 91%    |  502.4ms | Bring up map it shows...
[NEWS/LIVE ] | YouTube  | [Normal]     | 95%    |  537.6ms | MAGA...
[SELF-HELP/] | YouTube  | [Normal]     | 97%    |  687.2ms | OMORI be like: waiting for something to ...
[GAMING/SUR] | YouTube  | [Normal]     | 84%    |  671.8ms | each of them will have users sneaking wi...
[MUSIC/CHIL] | YouTube  | [Normal]     | 37%    |  764.4ms | Raggy goes to another live channel and a...
[MUSIC/CHIL] | YouTube  | [Normal]     | 89%    |  482.9ms | Stranger how are you...
[MUSIC/CHIL] | YouTube  | [Normal]     | 81%    |  521.7ms | Bating I wonder how hot you could be...
[MUSIC/CHIL] | YouTube  | [Normal]     | 88%    |  368.9ms | then...
[GAMING/SUR] | YouTube  | [Normal]     | 93%    |  439.4ms | Helf is Welf...
[GAMING/SUR] | YouTube  | [Normal]     | 95%    |  492.7ms | H2O...
[PSYCHOLOGY] | YouTube  | [OFFENSIVE]  | 78%    |  487.7ms | HELLLOOOOOO...
[NEWS/LIVE ] | YouTube  | [OFFENSIVE]  | 41%    |  759.0ms | ron you coulda done this before trump :f...
[PSYCHOLOGY] | YouTube  | [Normal]     | 91%    |  499.3ms | :smirking_face:...
[GAMING/SUR] | YouTube  | [Normal]     | 96%    |  451.9ms | all in on 1...
[GAMING/SUR] | YouTube  | [Normal]     | 92%    |  493.9ms | Red...
[NEWS/LIVE ] | YouTube  | [Normal]     | 95%    |  832.3ms | DeSantis is the BenG of Florida...
[GAMING/SUR] | YouTube  | [Normal]     | 94%    |  543.6ms | 3...
[GAMING/SUR] | YouTube  | [Normal]     | 89%    |  577.3ms | HUTCH HAS AN AIRSTRIKE...
[MUSIC/CHIL] | YouTube  | [Normal]     | 97%    |  762.7ms | G hostel lo unava :smiling_face_with_tea...
[GAMING/SUR] | YouTube  | [Normal]     | 97%    | 1903.9ms | :face_with_tears_of_joy::face_with_tears...
[GAMING/SUR] | YouTube  | [Normal]     | 95%    |  390.0ms | Green...
[GAMING/SUR] | YouTube  | [Normal]     | 96%    |  347.0ms | lol...
[GAMING/SUR] | YouTube  | [Normal]     | 94%    |  314.0ms | LMAOOOO...
[GAMING/SUR] | YouTube  | [Normal]     | 96%    |  299.9ms | lmao...
[GAMING/SUR] | YouTube  | [Normal]     | 95%    | 1036.6ms | :rolling_on_the_floor_laughing::rolling_...
[GAMING/SUR] | YouTube  | [Normal]     | 97%    | 1472.2ms | :face_with_tears_of_joy::face_with_tears...
[GAMING/SUR] | YouTube  | [Normal]     | 93%    |  597.3ms | PRO TIP ALWAYS ASSUME THE UNSEEN CARD IS...
[GAMING/SUR] | YouTube  | [Normal]     | 96%    |  461.1ms | lol...
[GAMING/GAM] | YouTube  | [Normal]     | 96%    |  533.3ms | you look very cool mark...
[GAMING/SUR] | YouTube  | [Normal]     | 97%    |  651.0ms | learning experience that's the way to lo...
[ENTERTAINM] | YouTube  | [Normal]     | 93%    |  482.4ms | unsub...
[GAMING/GAM] | YouTube  | [Normal]     | 72%    |  762.5ms | I will rent out a movie theater and put ...
[GAMING/GAM] | YouTube  | [Normal]     | 91%    |  573.6ms | nothing in pit...
[GAMING/GAM] | YouTube  | [Normal]     | 91%    |  537.8ms | hey...
[GAMING/GAM] | YouTube  | [Normal]     | 66%    |  489.4ms | TOO LOUYD...
[GAMING/GAM] | YouTube  | [Normal]     | 97%    |  529.6ms | fog in yard?...
[ENTERTAINM] | YouTube  | [Normal]     | 94%    |  548.0ms | Jimmy...
[ENTERTAINM] | YouTube  | [Normal]     | 87%    |  537.9ms | No who is that?...
[ENTERTAINM] | YouTube  | [Normal]     | 94%    |  442.6ms | hi...
[GAMING/GAM] | YouTube  | [Normal]     | 95%    |  490.1ms | :O...
[GAMING/GAM] | YouTube  | [Normal]     | 95%    |  506.3ms | EXTRA MOUSE TRAP...
[GAMING/GAM] | YouTube  | [OFFENSIVE]  | 72%    |  408.8ms | Creepppyyy...
[GAMING/GAM] | YouTube  | [Normal]     | 97%    |  377.3ms | the bags mark...
[GAMING/SUR] | YouTube  | [Normal]     | 93%    |  418.3ms | sattle it up...
[GAMING/GAM] | YouTube  | [Normal]     | 97%    |  522.8ms | number one crate!...
[ENTERTAINM] | YouTube  | [Normal]     | 97%    |  443.0ms | congratulations for 1 million...
[GAMING/GAM] | YouTube  | [Normal]     | 96%    |  527.9ms | THR MOUSETRAP...
[ENTERTAINM] | YouTube  | [Normal]     | 94%    |  450.2ms | hi...
[ENTERTAINM] | YouTube  | [Normal]     | 93%    |  488.4ms | you watching the usa game today...
[GAMING/GAM] | YouTube  | [Normal]     | 95%    | 1382.1ms | :_markiLOVE::_markiLOVE::_markiLOVE::_ma...
[GAMING/GAM] | YouTube  | [Normal]     | 97%    |  570.6ms | Watched Iron Lung last weekend! It was A...
[GAMING/GAM] | YouTube  | [Normal]     | 97%    |  474.7ms | FUSE BOX in Interior...
[PSYCHOLOGY] | YouTube  | [Normal]     | 96%    |  504.3ms | When will it equalize?...
[GAMING/GAM] | YouTube  | [Normal]     | 80%    |  779.7ms | MOUSETRAP IN BASEMENT THE MOST RIGHT ONE...
[ENTERTAINM] | YouTube  | [Normal]     | 97%    |  647.5ms | Suuuuuuiiiiii...
[GAMING/SUR] | YouTube  | [Normal]     | 97%    |  493.5ms | Lmfao this is great...
[GAMING/SUR] | YouTube  | [Normal]     | 97%    |  532.7ms | every door wide open lmao...
[ENTERTAINM] | YouTube  | [Normal]     | 95%    |  650.6ms | hi Mr Beast I love u...
[GAMING/GAM] | YouTube  | [Normal]     | 96%    |  617.1ms | Bottle change in basement?...
[GAMING/GAM] | YouTube  | [Normal]     | 97%    |  600.5ms | EXTRA MOUSETRAP IN BASEMENT...
[ENTERTAINM] | YouTube  | [Normal]     | 95%    |  683.0ms | :person-turqouise-waving:...
[GAMING/GAM] | YouTube  | [Normal]     | 94%    |  563.8ms | Lamp Post Cables...
[ENTERTAINM] | YouTube  | [Normal]     | 95%    |  555.3ms | Play Minecraft...
[GAMING/GAM] | YouTube  | [Normal]     | 95%    |  530.9ms | light...
[ENTERTAINM] | YouTube  | [Normal]     | 96%    |  541.6ms | I know everyone there...
[MUSIC/CHIL] | YouTube  | [Normal]     | 97%    |  592.2ms | :person-turquoise-wizard-wand:...
[GAMING/GAM] | YouTube  | [Normal]     | 97%    |  597.9ms | strange broadcast? That's just Alastor f...
[ENTERTAINM] | YouTube  | [Normal]     | 89%    |  471.7ms | yoooo...
[GAMING/GAM] | YouTube  | [Normal]     | 77%    |  508.0ms | spookyy...
[GAMING/GAM] | YouTube  | [Normal]     | 93%    |  681.5ms | The keepers roam sounds like someone is ...
[ENTERTAINM] | YouTube  | [Normal]     | 94%    |  498.8ms | hi...
[ENTERTAINM] | YouTube  | [Normal]     | 95%    |  585.5ms | hi mr beast i love you...
[ENTERTAINM] | YouTube  | [Normal]     | 97%    |  555.7ms | give 100k...
[GAMING/GAM] | YouTube  | [Normal]     | 89%    |  514.8ms | Resident evil 4 Remake...
[GAMING/GAM] | YouTube  | [Normal]     | 77%    |  503.5ms | THE PIER THING IS BENT...
[ENTERTAINM] | YouTube  | [Normal]     | 94%    |  439.2ms | Hi...
[ENTERTAINM] | YouTube  | [Normal]     | 93%    |  449.4ms | OMG...
[ENTERTAINM] | YouTube  | [Normal]     | 94%    |  423.9ms | HI...
[GAMING/GAM] | YouTube  | [Normal]     | 96%    |  504.9ms | lol...
[ENTERTAINM] | YouTube  | [Normal]     | 78%    |  559.1ms | YOU...
[MUSIC/CHIL] | YouTube  | [Normal]     | 96%    |  609.5ms | Vishuu u understand now...
[GAMING/SUR] | YouTube  | [Normal]     | 92%    |  473.8ms | CLOSE DOOR...
[GAMING/GAM] | YouTube  | [Normal]     | 96%    |  671.6ms | Has there always been a puddle in front ...
[GAMING/GAM] | YouTube  | [Normal]     | 97%    |  577.0ms | Welcome to Member!...
[GAMING/GAM] | YouTube  | [Normal]     | 96%    |  595.1ms | extra bottle pier?...
[ENTERTAINM] | YouTube  | [Normal]     | 78%    |  622.9ms | @mrbeast your the best...
[GAMING/GAM] | YouTube  | [Normal]     | 96%    |  562.8ms | ELEXTRIC BOX...
[GAMING/SUR] | YouTube  | [Normal]     | 92%    |  539.8ms | heli...
[GAMING/SUR] | YouTube  | [Normal]     | 89%    |  543.1ms | CLOSE THE GATE PEANUT...
[GAMING/GAM] | YouTube  | [Normal]     | 93%    |  642.2ms | WE ALL BELIEVED IN YOU MARK...
[GAMING/GAM] | YouTube  | [Normal]     | 69%    |  566.9ms | the ears...
[GAMING/GAM] | YouTube  | [Normal]     | 90%    |  499.6ms | yoo...
[ENTERTAINM] | YouTube  | [Normal]     | 95%    |  635.9ms | تاج راسك :thumbs_up:...
[GAMING/GAM] | YouTube  | [Normal]     | 92%    |  489.3ms | its right there...
[ENTERTAINM] | YouTube  | [Normal]     | 94%    |  474.1ms | hi...
[GAMING/GAM] | YouTube  | [Normal]     | 96%    |  529.3ms | extra bottle pier?...
[NEWS/LIVE ] | YouTube  | [Normal]     | 94%    |  653.1ms | Who killed who ..?...
[GAMING/GAM] | YouTube  | [Normal]     | 64%    |  607.0ms | What a large brain you have...
[ENTERTAINM] | YouTube  | [Normal]     | 92%    |  576.8ms | you give one i phone please...
[GAMING/GAM] | YouTube  | [Normal]     | 93%    |  546.1ms | 2 door knobs in Interior?...
[MUSIC/CHIL] | YouTube  | [Normal]     | 98%    |  579.5ms | ...:face-turquoise-music-note:...
[GAMING/GAM] | YouTube  | [OFFENSIVE]  | 38%    |  604.6ms | Intruder Top Left :face-fuchsia-tongue-o...
[ENTERTAINM] | YouTube  | [Normal]     | 94%    |  415.8ms | WW Aura Farm...
[ENTERTAINM] | YouTube  | [Normal]     | 95%    |  500.1ms | said hi...
[GAMING/GAM] | YouTube  | [Normal]     | 82%    |  635.7ms | Pretty sure I saw an Iron Lung out in th...
[PSYCHOLOGY] | YouTube  | [Normal]     | 96%    |  544.8ms | lol...
[ENTERTAINM] | YouTube  | [Normal]     | 93%    |  505.0ms | Yes...
[MUSIC/CHIL] | YouTube  | [Normal]     | 97%    |  627.0ms | yes good New my :spade_suit:...
[GAMING/GAM] | YouTube  | [Normal]     | 88%    |  730.9ms | wibble wobble...
[ENTERTAINM] | YouTube  | [Normal]     | 97%    |  493.0ms | Hi Mr.Beast...
[GAMING/GAM] | YouTube  | [Normal]     | 94%    |  585.2ms | Camera...
[GAMING/GAM] | YouTube  | [Normal]     | 85%    |  676.4ms | there was a wibble wobble!...
[GAMING/GAM] | YouTube  | [Normal]     | 96%    |  576.3ms | THE PILLAR AT THE STAIRWELL IS ROTATING...
[ENTERTAINM] | YouTube  | [Normal]     | 88%    |  505.1ms | @Mrbeast...
[GAMING/GAM] | YouTube  | [Normal]     | 94%    |  484.9ms | FOG...
[ENTERTAINM] | YouTube  | [Normal]     | 94%    | 2172.2ms | :buffering::buffering::buffering::buffer...
[ENTERTAINM] | YouTube  | [Normal]     | 98%    |  561.8ms | :hand-pink-waving:...
[GAMING/GAM] | YouTube  | [Normal]     | 84%    |  621.1ms | the cross is missing from the end of the...
[GAMING/GAM] | YouTube  | [Normal]     | 95%    |  548.4ms | extra lamp...
[ENTERTAINM] | YouTube  | [Normal]     | 96%    |  596.7ms | привет...
[GAMING/GAM] | YouTube  | [Normal]     | 85%    |  465.1ms | DEAD BODY IN CABIN...
[ENTERTAINM] | YouTube  | [OFFENSIVE]  | 83%    |  502.6ms | Letsssss goooooooooo...
[PSYCHOLOGY] | YouTube  | [HATE]       | 87%    |  442.8ms | Cockblockers...
[GAMING/GAM] | YouTube  | [Normal]     | 97%    |  488.6ms | I had a dream of this...
[ENTERTAINM] | YouTube  | [Normal]     | 96%    |  676.2ms | Jimmy  do you think you can handle 600 m...
[ENTERTAINM] | YouTube  | [Normal]     | 94%    |  489.8ms | Indonesia...
[ENTERTAINM] | YouTube  | [Normal]     | 90%    |  499.6ms | USA...
[ENTERTAINM] | YouTube  | [Normal]     | 91%    |  514.9ms | DO for carry...
[ENTERTAINM] | YouTube  | [Normal]     | 90%    |  416.1ms | mexico...
[GAMING/GAM] | YouTube  | [Normal]     | 93%    |  888.3ms | blahblahblah im markiplier. 27 million r...
[GAMING/GAM] | YouTube  | [Normal]     | 90%    |  619.5ms | light anomaly in the light house...
[ENTERTAINM] | YouTube  | [Normal]     | 94%    |  556.6ms | hi...
[GAMING/GAM] | YouTube  | [Normal]     | 97%    |  598.2ms | PURPLE TOWEL IN LANTERN ROOM!!...
[GAMING/GAM] | YouTube  | [Normal]     | 90%    |  687.5ms | I’m just waiting for an intruder to pop ...
[NEWS/LIVE ] | YouTube  | [Normal]     | 95%    |  627.6ms | GOD BLESS MY WHITENESS. JOEY AGREES!!...
[ENTERTAINM] | YouTube  | [Normal]     | 97%    |  577.6ms | i love Hollywood horror movie's...
[ENTERTAINM] | YouTube  | [Normal]     | 94%    |  494.4ms | hi...
[ENTERTAINM] | YouTube  | [Normal]     | 91%    |  530.4ms | Portugal...
[GAMING/SUR] | YouTube  | [Normal]     | 79%    |  587.5ms | p you must start shutting doors and gate...
[MUSIC/CHIL] | YouTube  | [Normal]     | 94%    |  604.6ms | eu nu alerg după bogății...
[GAMING/GAM] | YouTube  | [Normal]     | 96%    |  545.0ms | :_markiJIM:...
[ENTERTAINM] | YouTube  | [Normal]     | 94%    |  479.8ms | 1...
[GAMING/GAM] | YouTube  | [Normal]     | 96%    |  509.2ms | BARRELS TURNED...
[PSYCHOLOGY] | YouTube  | [Normal]     | 89%    |  620.1ms | but it goes both for men and women...
[GAMING/GAM] | YouTube  | [Normal]     | 96%    |  515.3ms | BARREL ORIENTATION IN BASEMENT...
[ENTERTAINM] | YouTube  | [Normal]     | 90%    |  506.3ms | 𝙷𝚎𝚕𝚕𝚘...
[GAMING/GAM] | YouTube  | [Normal]     | 88%    |  580.1ms | There is a camera malfunction in basemen...
[ENTERTAINM] | YouTube  | [Normal]     | 94%    |  534.7ms | 1...
[GAMING/SUR] | YouTube  | [Normal]     | 96%    |  616.1ms | Oil let welyn do the turrets...
[GAMING/SUR] | YouTube  | [Normal]     | 91%    |  655.4ms | a welyn's work is never done...
[SELF-HELP/] | YouTube  | [Normal]     | 96%    |  713.9ms | :D...
[ENTERTAINM] | YouTube  | [Normal]     | 94%    |  640.9ms | 1...
[GAMING/GAM] | YouTube  | [Normal]     | 96%    |  552.9ms | lamp moved in interior...
[GAMING/SUR] | YouTube  | [Normal]     | 91%    |  534.0ms | DILLON DANIS IS NOT IN UFC...
[PSYCHOLOGY] | YouTube  | [Normal]     | 97%    |  436.8ms | a big part...
[GAMING/GAM] | YouTube  | [Normal]     | 88%    |  500.3ms | pluggin a movie with a few clicks is wil...
[GAMING/GAM] | YouTube  | [Normal]     | 97%    |  593.5ms | hiiii mark!!!!!...
[ENTERTAINM] | YouTube  | [Normal]     | 94%    |  567.7ms | Unsubscribed what...
[PSYCHOLOGY] | YouTube  | [Normal]     | 96%    |  756.6ms | Dr. K to restaurant bro: So let's think ...
[GAMING/GAM] | YouTube  | [Normal]     | 93%    |  543.7ms | Light not spinning...
[GAMING/GAM] | YouTube  | [Normal]     | 97%    |  586.0ms | PIER: extra bottle by shack...
[GAMING/GAM] | YouTube  | [Normal]     | 83%    |  560.0ms | Iron lung is peak fiction...
[GAMING/GAM] | YouTube  | [Normal]     | 96%    |  606.1ms | :anxious_face_with_sweat:...
[MUSIC/CHIL] | YouTube  | [Normal]     | 98%    | 1030.3ms | Syed :comet::small_blue_diamond:me moral...
[ENTERTAINM] | YouTube  | [Normal]     | 93%    |  562.5ms | Mr beast can you pay my world cup ticket...
[GAMING/GAM] | YouTube  | [Normal]     | 94%    |  544.8ms | I saw that wobble!!...
[SELF-HELP/] | YouTube  | [Normal]     | 72%    |  526.9ms | dr k are you broken...
[GAMING/GAM] | YouTube  | [Normal]     | 88%    |  510.1ms | dock...
[PSYCHOLOGY] | YouTube  | [Normal]     | 92%    |  589.0ms | hih go dr k...
[ENTERTAINM] | YouTube  | [Normal]     | 94%    |  429.8ms | 1...
[GAMING/GAM] | YouTube  | [Normal]     | 96%    |  467.6ms | hi markkkk...
[GAMING/GAM] | YouTube  | [Normal]     | 97%    |  583.6ms | BARRELS MOVED DIRECTIONS IN BASEMENT...
[GAMING/SUR] | YouTube  | [Normal]     | 96%    |  496.6ms | he has the bp...
[GAMING/GAM] | YouTube  | [Normal]     | 92%    |  488.6ms | the ropes...
[GAMING/GAM] | YouTube  | [Normal]     | 68%    |  508.3ms | TOO MUCH LADDER...
[GAMING/GAM] | YouTube  | [Normal]     | 96%    |  662.5ms | EXTRA. BOTTLE. IN. THE. PEIR...
[ENTERTAINM] | YouTube  | [Normal]     | 98%    |  883.3ms | bro I want to participate in your challe...
[ENTERTAINM] | YouTube  | [Normal]     | 98%    | 1119.9ms | :text-green-game-over::text-green-game-o...
[GAMING/GAM] | YouTube  | [Normal]     | 95%    |  678.5ms | The panel in front of the lighthouse lig...
[GAMING/GAM] | YouTube  | [Normal]     | 96%    |  513.7ms | try max payne 3 multiplayer...
[PSYCHOLOGY] | YouTube  | [Normal]     | 78%    |  514.3ms | A part of you opposite to identity...
[GAMING/GAM] | YouTube  | [Normal]     | 96%    |  498.7ms | hi mark...
[GAMING/GAM] | YouTube  | [Normal]     | 88%    |  564.2ms | THE BARREL IS SHORTER...
[MUSIC/CHIL] | YouTube  | [Normal]     | 97%    |  609.6ms | :moai::blue_heart::balloon:...
[GAMING/SUR] | YouTube  | [Normal]     | 93%    |  615.8ms | Gingy is a cool guy and excellent suppor...
[ENTERTAINM] | YouTube  | [Normal]     | 93%    |  496.4ms | wtf...
[GAMING/GAM] | YouTube  | [Normal]     | 93%    |  534.0ms | Stair rail moved...
[MUSIC/CHIL] | YouTube  | [Normal]     | 96%    |  659.1ms | :musical_note::man_in_steamy_room:...
[GAMING/SUR] | YouTube  | [Normal]     | 80%    |  494.3ms | YOU GOT IT...
[GAMING/GAM] | YouTube  | [Normal]     | 78%    |  518.0ms | INTRUDER TOP LEFT OMGGGG...
[GAMING/GAM] | YouTube  | [Normal]     | 97%    |  402.5ms | BARRELS ROTATED...
[GAMING/GAM] | YouTube  | [Normal]     | 78%    |  594.4ms | Just watched Iron Lung in Germany!...
[GAMING/GAM] | YouTube  | [Normal]     | 96%    |  701.4ms | There's extra bottles at the dock...
[GAMING/SUR] | YouTube  | [Normal]     | 96%    |  678.8ms | windmill to main battery...
[GAMING/GAM] | YouTube  | [Normal]     | 97%    |  611.2ms | green bucket is filled @markiplier...
[GAMING/GAM] | YouTube  | [Normal]     | 95%    |  569.0ms | We see the hairline mark...
[ENTERTAINM] | YouTube  | [Normal]     | 94%    | 1164.4ms | :ok_hand::ok_hand::ok_hand::ok_hand::ok_...
[GAMING/GAM] | YouTube  | [Normal]     | 85%    |  708.0ms | foggy yard...
[GAMING/GAM] | YouTube  | [Normal]     | 94%    |  653.3ms | hi...
[ENTERTAINM] | YouTube  | [Normal]     | 93%    |  589.0ms | Who are you bro?...
[MUSIC/CHIL] | YouTube  | [Normal]     | 95%    |  757.1ms | my name is Ani adyhh sister...
[GAMING/GAM] | YouTube  | [OFFENSIVE]  | 50%    |  512.0ms | WHAT THE HELL...
[ENTERTAINM] | YouTube  | [Normal]     | 95%    |  777.8ms | Россия Россия Россия Россия...
[GAMING/SUR] | YouTube  | [Normal]     | 89%    |  589.6ms | wtf they capped the amount of turrets...
[GAMING/GAM] | YouTube  | [Normal]     | 90%    |  526.8ms | Sirens huh...
[ENTERTAINM] | YouTube  | [Normal]     | 92%    |  476.9ms | MrBeast...
[GAMING/GAM] | YouTube  | [Normal]     | 92%    |  429.7ms | Woah...
[GAMING/GAM] | YouTube  | [Normal]     | 93%    |  552.2ms | is iron lung going to be on a streaming ...
[GAMING/GAM] | YouTube  | [Normal]     | 96%    |  505.7ms | MARK PLEASE FIREPLACE...
[ENTERTAINM] | YouTube  | [Normal]     | 97%    |  544.1ms | kitabi rujhaan ask...
[GAMING/GAM] | YouTube  | [Normal]     | 97%    |  633.0ms | BACKPACK HANGING FROM LANTERN ROOM HAS A...
[GAMING/GAM] | YouTube  | [Normal]     | 88%    |  660.1ms | ypu telling me the crab lady counts as a...
[ENTERTAINM] | YouTube  | [Normal]     | 96%    |  385.8ms | New member...
[MUSIC/CHIL] | YouTube  | [Normal]     | 95%    | 1555.0ms | nu te judeca dur nu te taxează vezi daca...
[GAMING/GAM] | YouTube  | [Normal]     | 97%    |  676.9ms | I saw that one but havent checked it out...
[ENTERTAINM] | YouTube  | [Normal]     | 91%    |  576.5ms | yo jimmy...
[GAMING/GAM] | YouTube  | [Normal]     | 95%    |  535.8ms | THE RAILING MARK THE RAILING...
[GAMING/SUR] | YouTube  | [Normal]     | 97%    |  793.5ms | Get a fajita-rrito...
[GAMING/GAM] | YouTube  | [Normal]     | 96%    |  759.0ms | whats that red thing on the lower left i...
[ENTERTAINM] | YouTube  | [Normal]     | 95%    |  638.8ms | yooo...
[GAMING/GAM] | YouTube  | [Normal]     | 95%    |  900.0ms | it seems fine I don't think anything cha...
[GAMING/GAM] | YouTube  | [Normal]     | 86%    |  542.4ms | Middle post in Yard is too long...
[GAMING/GAM] | YouTube  | [Normal]     | 92%    |  557.7ms | im on the last one...
[PSYCHOLOGY] | YouTube  | [Normal]     | 90%    |  598.9ms | It confusing when the words are almost t...
[MUSIC/CHIL] | YouTube  | [Normal]     | 95%    |  548.6ms | :frowning_face:...
[GAMING/SUR] | YouTube  | [Normal]     | 94%    |  482.7ms | RIP TRUMP...
[ENTERTAINM] | YouTube  | [Normal]     | 98%    |  500.5ms | :wilted_flower:...
[ENTERTAINM] | YouTube  | [Normal]     | 94%    |  424.1ms | follow...
[ENTERTAINM] | YouTube  | [Normal]     | 98%    | 1421.2ms | :purple_heart::purple_heart::purple_hear...
[GAMING/GAM] | YouTube  | [Normal]     | 98%    | 1121.1ms | Red light in the top left Red light in t...
[GAMING/GAM] | YouTube  | [Normal]     | 88%    |  553.4ms | intruder top left...
[GAMING/SUR] | YouTube  | [Normal]     | 86%    |  539.7ms | Im funny then...
[GAMING/GAM] | YouTube  | [Normal]     | 96%    |  536.3ms | it's BENT...
[GAMING/GAM] | YouTube  | [Normal]     | 85%    |  603.6ms | IT MOOOOOOVED...
[NEWS/LIVE ] | YouTube  | [Normal]     | 90%    |  553.4ms | No remorse...
[GAMING/GAM] | YouTube  | [Normal]     | 95%    |  514.1ms | RAILING MOVEMENT...
[SELF-HELP/] | YouTube  | [Normal]     | 81%    |  845.9ms | be special and weird  got it  ill try th...
[GAMING/GAM] | YouTube  | [Normal]     | 95%    |  686.2ms | THE BROKEN RAIL MOVED FOR THE LOVE OF AL...
[NEWS/LIVE ] | YouTube  | [Normal]     | 87%    |  850.6ms | WHAT HAPPENED TICKLETOES?? YOU SWITCHED ...
[GAMING/GAM] | YouTube  | [Normal]     | 93%    |  622.6ms | BROKEN ONE MOVED...
[GAMING/GAM] | YouTube  | [Normal]     | 94%    |  685.1ms | Wait go back i think i saw diamonds...
[ENTERTAINM] | YouTube  | [Normal]     | 95%    |  563.2ms | Paul from UGANDA...
[ENTERTAINM] | YouTube  | [Normal]     | 82%    | 1531.5ms | :party_popper::party_popper::party_poppe...
[SELF-HELP/] | YouTube  | [Normal]     | 59%    |  548.9ms | twitch chat kicks our ass every single t...
[GAMING/GAM] | YouTube  | [Normal]     | 96%    |  447.0ms | gotteem...
[SELF-HELP/] | YouTube  | [Normal]     | 98%    |  601.1ms | I scored 9 / 10 on ACE. I'm special....
[ENTERTAINM] | YouTube  | [Normal]     | 90%    |  619.8ms | what is your favourite youtuber...
[ENTERTAINM] | YouTube  | [Normal]     | 97%    |  494.4ms | hello mr.beast...
[ENTERTAINM] | YouTube  | [Normal]     | 97%    |  555.2ms | ازيك يا مستر بيست...
[GAMING/SUR] | YouTube  | [Normal]     | 93%    |  470.9ms | it's a grid cap...
[SELF-HELP/] | YouTube  | [Normal]     | 94%    |  474.5ms | ish...
[ENTERTAINM] | YouTube  | [Normal]     | 94%    |  427.2ms | come to Ukraine friend...
[ENTERTAINM] | YouTube  | [Normal]     | 93%    |  506.2ms | лол...
[ENTERTAINM] | YouTube  | [Normal]     | 90%    | 2817.7ms | :stayhome::stayhome::stayhome::stayhome:...
[ENTERTAINM] | YouTube  | [Normal]     | 97%    |  650.3ms | congratulations 500M...
[GAMING/GAM] | YouTube  | [Normal]     | 91%    |  799.0ms | MARK THE GAS CAN MOVED IN THE YARD IM TE...
[GAMING/GAM] | YouTube  | [Normal]     | 83%    |  619.9ms | THE RAIL IS BROKEN IS THE STAIRWELL...
[GAMING/GAM] | YouTube  | [Normal]     | 96%    |  420.0ms | 2 mark...
[GAMING/GAM] | YouTube  | [Normal]     | 96%    |  409.5ms | Hi mark...
[SELF-HELP/] | YouTube  | [Normal]     | 93%    |  812.5ms | As a child  I was put into an accelerati...
[GAMING/GAM] | YouTube  | [Normal]     | 60%    |  644.3ms | There's a devilishly handsome man in the...
[GAMING/GAM] | YouTube  | [Normal]     | 94%    |  563.7ms | The papers are missing from the desk in ...
[GAMING/GAM] | YouTube  | [Normal]     | 67%    |  628.2ms | THE LONGER ONEEEEEEEE MARK THE LONGER RO...
[GAMING/GAM] | YouTube  | [Normal]     | 86%    |  430.3ms | INTRUDER...
[GAMING/SUR] | YouTube  | [Normal]     | 94%    |  556.9ms | bro should've did some cable management...
[GAMING/GAM] | YouTube  | [Normal]     | 97%    |  581.5ms | extra box in the stairwell top left...
[ENTERTAINM] | YouTube  | [Normal]     | 96%    |  511.5ms | hiiiiiiiiiiiiiiiiiiiiiiiiii...
[ENTERTAINM] | YouTube  | [Normal]     | 93%    |  473.2ms | how to get XP...
[ENTERTAINM] | YouTube  | [Normal]     | 43%    |  525.3ms | leeeeetsssss gooo...
[ENTERTAINM] | YouTube  | [Normal]     | 95%    |  446.0ms | ff...
[GAMING/SUR] | YouTube  | [Normal]     | 71%    |  582.9ms | NOOOOOOOOOOOOOOOOOOOOOOOOOO...
[GAMING/SUR] | YouTube  | [Normal]     | 87%    |  537.0ms | No...
[ENTERTAINM] | YouTube  | [Normal]     | 93%    |  570.4ms | hlo...
[GAMING/GAM] | YouTube  | [Normal]     | 96%    |  565.9ms | STAIRWELL RAILING ROTATED LEFT OF THE SQ...
[ENTERTAINM] | YouTube  | [Normal]     | 77%    |  582.4ms | PUBG AND FREFIRE...
[GAMING/GAM] | YouTube  | [Normal]     | 96%    |  637.5ms | ARROW ANOMALIES ON UR SCREEN...
[GAMING/GAM] | YouTube  | [Normal]     | 92%    |  629.3ms | Intruder behind Makiplier...
[GAMING/GAM] | YouTube  | [Normal]     | 95%    |  532.9ms | THE STAIRWELL IS FINE...
[ENTERTAINM] | YouTube  | [Normal]     | 93%    |  712.9ms | mr beast im frommm the Philippines can y...
[ENTERTAINM] | YouTube  | [Normal]     | 96%    |  501.0ms | Mr beast vs chandler...
[GAMING/GAM] | YouTube  | [Normal]     | 97%    |  679.1ms | was the little red oil can always in the...
[ENTERTAINM] | YouTube  | [Normal]     | 95%    |  478.4ms | aaaaaaaaa...
[GAMING/GAM] | YouTube  | [Normal]     | 95%    |  504.3ms | Missing box in front of the map...
[PSYCHOLOGY] | YouTube  | [Normal]     | 97%    |  465.4ms | I FEEL SEEN lol...
[GAMING/SUR] | YouTube  | [Normal]     | 94%    |  381.8ms | 10...
[GAMING/GAM] | YouTube  | [Normal]     | 92%    |  535.5ms | Not the wind...
[GAMING/SUR] | YouTube  | [Normal]     | 93%    |  579.1ms | hahahahahhahah...
[ENTERTAINM] | YouTube  | [Normal]     | 94%    |  449.8ms | hi...
[GAMING/SUR] | YouTube  | [Normal]     | 94%    |  419.7ms | 10...
[GAMING/SUR] | YouTube  | [Normal]     | 94%    |  461.4ms | 10...
[GAMING/SUR] | YouTube  | [Normal]     | 95%    |  486.8ms | ?????...
[GAMING/GAM] | YouTube  | [Normal]     | 96%    |  477.2ms | HOLA PLAYER2...
[PSYCHOLOGY] | YouTube  | [Normal]     | 95%    |  423.2ms | INCEL...
[ENTERTAINM] | YouTube  | [Normal]     | 96%    |  423.1ms | 2k...
[PSYCHOLOGY] | YouTube  | [Normal]     | 96%    |  523.6ms | respect for being honest...
[GAMING/SUR] | YouTube  | [Normal]     | 94%    |  571.7ms | LOL ofc its still wrong...
[GAMING/GAM] | YouTube  | [Normal]     | 96%    |  625.5ms | when will that movie be in Europe?...
[GAMING/GAM] | YouTube  | [Normal]     | 86%    |  564.0ms | Under the bed...
[ENTERTAINM] | YouTube  | [Normal]     | 92%    |  535.2ms | Let’s go!!!!...
[GAMING/GAM] | YouTube  | [Normal]     | 95%    |  580.1ms | GASOLINE TANK...
[GAMING/GAM] | YouTube  | [Normal]     | 92%    |  541.6ms | uhoh...
[ENTERTAINM] | YouTube  | [Normal]     | 97%    |  533.1ms | love from Bangladesh :red_heart:...
[ENTERTAINM] | YouTube  | [Normal]     | 94%    |  561.8ms | 67k left...
[GAMING/GAM] | YouTube  | [Normal]     | 81%    |  683.7ms | Clearly the dead body that was called in...
[GAMING/GAM] | YouTube  | [Normal]     | 48%    |  570.4ms | WHAT DO YOU MEAN SHES PRETTY...
[GAMING/GAM] | YouTube  | [Normal]     | 72%    |  493.8ms | That might have been the guy they send t...
[GAMING/GAM] | YouTube  | [Normal]     | 93%    |  400.6ms | WWW...
[GAMING/GAM] | YouTube  | [Normal]     | 93%    |  501.0ms | pan under the bed...
[GAMING/GAM] | YouTube  | [Normal]     | 98%    |  596.5ms | purple cloth!! moved!!!...
[ENTERTAINM] | YouTube  | [Normal]     | 97%    |  562.0ms | Been subscribed since 7 million...
[GAMING/GAM] | YouTube  | [Normal]     | 80%    |  574.3ms | dead body under the sheets...
[ENTERTAINM] | YouTube  | [Normal]     | 95%    |  508.5ms | hii...
[ENTERTAINM] | YouTube  | [Normal]     | 95%    | 3152.7ms | :nazar_amulet::nazar_amulet::nazar_amule...
[ENTERTAINM] | YouTube  | [Normal]     | 96%    |  563.4ms | Mr beast make your next Video a challeng...
[GAMING/GAM] | YouTube  | [Normal]     | 92%    |  410.8ms | HEY WSPPP...
[ENTERTAINM] | YouTube  | [Normal]     | 95%    |  484.3ms | bro please 1k please...
[ENTERTAINM] | YouTube  | [Normal]     | 93%    |  799.1ms | هههههههههه...
[ENTERTAINM] | YouTube  | [Normal]     | 98%    | 2244.8ms | :chequered_flag::chequered_flag::chequer...
[ENTERTAINM] | YouTube  | [Normal]     | 97%    | 3387.5ms | :face-purple-crying::face-purple-crying:...
[ENTERTAINM] | YouTube  | [Normal]     | 97%    |  427.6ms | love from nepal...
[GAMING/GAM] | YouTube  | [Normal]     | 96%    |  634.0ms | it’s faint but there’s a few extra rope ...
[ENTERTAINM] | YouTube  | [Normal]     | 93%    |  800.5ms | Man I remember when you used to do pewDi...
[GAMING/GAM] | YouTube  | [Normal]     | 96%    |  483.8ms | thanks...
[NEWS/LIVE ] | YouTube  | [Normal]     | 95%    |  523.6ms | My covid has AIDS...
[SELF-HELP/] | YouTube  | [Normal]     | 83%    |  657.7ms | There is a cost for IQ just as there is ...
[GAMING/GAM] | YouTube  | [Normal]     | 94%    |  491.1ms | uhhhh...
[ENTERTAINM] | YouTube  | [Normal]     | 96%    |  544.5ms | where is your outro song?...
[ENTERTAINM] | YouTube  | [Normal]     | 96%    |  521.3ms | базар жок...
[GAMING/GAM] | YouTube  | [Normal]     | 83%    |  478.3ms | THE RUMBLING...
[ENTERTAINM] | YouTube  | [Normal]     | 97%    | 1204.8ms | :persevering_face::revolving_hearts::per...
[SELF-HELP/] | YouTube  | [Normal]     | 61%    |  724.3ms | higher Iq does not correlate with better...
[GAMING/SUR] | YouTube  | [Normal]     | 91%    |  692.4ms | I think u need wind turbine...
[GAMING/GAM] | YouTube  | [Normal]     | 96%    |  481.8ms | bed in the cabin?...
[GAMING/SUR] | YouTube  | [Normal]     | 80%    |  526.2ms | half wall the back side...
[ENTERTAINM] | YouTube  | [Normal]     | 94%    |  468.5ms | wooo...
[GAMING/GAM] | YouTube  | [HATE]       | 88%    |  639.3ms | Humans are way creepier than we give our...
[GAMING/GAM] | YouTube  | [Normal]     | 56%    |  548.7ms | LETSGOOO...
[ENTERTAINM] | YouTube  | [Normal]     | 93%    |  526.5ms | Ski...
[ENTERTAINM] | YouTube  | [Normal]     | 96%    |  615.5ms | الكفن505...
[GAMING/GAM] | YouTube  | [Normal]     | 91%    |  512.4ms | w...
[ENTERTAINM] | YouTube  | [Normal]     | 98%    | 3393.8ms | رد مستر بيست :pensive_face::folded_hands...
[ENTERTAINM] | YouTube  | [Normal]     | 97%    | 1357.1ms | Yo MrBeast! Watching the stream  you're ...
[GAMING/GAM] | YouTube  | [Normal]     | 88%    |  496.2ms | ggy...
[ENTERTAINM] | YouTube  | [Normal]     | 97%    |  498.4ms | Welcome to the final show...
[ENTERTAINM] | YouTube  | [Normal]     | 97%    |  609.8ms | cookies Mr beast don't forget...
[ENTERTAINM] | YouTube  | [Normal]     | 97%    |  603.8ms | hallo shabil...
[GAMING/SUR] | YouTube  | [Normal]     | 42%    |  688.9ms | put one wall on the right side of each t...
[ENTERTAINM] | YouTube  | [Normal]     | 97%    |  658.3ms | :text-green-game-over:...
[GAMING/GAM] | YouTube  | [Normal]     | 95%    |  560.5ms | yay...
[ENTERTAINM] | YouTube  | [Normal]     | 96%    |  545.3ms | I need new running shoes...
[GAMING/GAM] | YouTube  | [Normal]     | 97%    |  541.8ms | observation duty movie?!...
[GAMING/SUR] | YouTube  | [Normal]     | 54%    |  747.1ms | the proper question is "are we partaking...
[GAMING/GAM] | YouTube  | [Normal]     | 97%    |  483.6ms | thank you mark we love you mark...
[GAMING/SUR] | YouTube  | [Normal]     | 92%    |  531.4ms | you can do multiple clicks...
[GAMING/GAM] | YouTube  | [Normal]     | 96%    |  420.2ms | is it coming to Brazil ?...
[GAMING/GAM] | YouTube  | [Normal]     | 91%    |  437.8ms | UR SO ATTRACTIVE...
[GAMING/GAM] | YouTube  | [Normal]     | 80%    |  761.2ms | Hey mark  is it true to went on a date w...
[MUSIC/CHIL] | YouTube  | [Normal]     | 96%    |  744.2ms | :face_with_raised_eyebrow::face_with_rai...
[GAMING/GAM] | YouTube  | [Normal]     | 93%    |  515.5ms | NUMBER ONE BABY...
[GAMING/GAM] | YouTube  | [Normal]     | 92%    |  509.2ms | so no showing in Italy?...
[ENTERTAINM] | YouTube  | [Normal]     | 97%    |  673.7ms | Мистер Бист  я хочу пиццу...
[GAMING/GAM] | YouTube  | [Normal]     | 97%    |  664.3ms | Watched the movie last Tuesday and drew ...
[GAMING/SUR] | YouTube  | [Normal]     | 95%    |  508.3ms | Hello guys...
[ENTERTAINM] | YouTube  | [Normal]     | 98%    | 1824.6ms | :face-blue-smiling::face-blue-smiling::f...
[GAMING/GAM] | YouTube  | [Normal]     | 98%    |  509.2ms | Blu-ray...
[ENTERTAINM] | YouTube  | [Normal]     | 94%    |  389.5ms | ok...
[ENTERTAINM] | YouTube  | [Normal]     | 97%    |  985.3ms | بعد ما توصل نص مليون هتعمل ايه يعني...
[ENTERTAINM] | YouTube  | [Normal]     | 97%    |  510.6ms | love from india...
[GAMING/GAM] | YouTube  | [Normal]     | 97%    |  603.1ms | I NEED THTA BLU-RAY...
[MUSIC/CHIL] | YouTube  | [Normal]     | 97%    |  651.2ms | :musical_notes::musical_notes::hot_bever...
[PSYCHOLOGY] | YouTube  | [Normal]     | 94%    | 1146.8ms | The ideal is that we live in a society t...
[ENTERTAINM] | YouTube  | [Normal]     | 97%    | 1112.4ms | Can you give me a free phone  Jimmy? I o...
[ENTERTAINM] | YouTube  | [Normal]     | 98%    | 1260.7ms | :stopwatch-blue-hand-timer::stopwatch-bl...
[ENTERTAINM] | YouTube  | [Normal]     | 67%    |  531.3ms | les gooo...
[ENTERTAINM] | YouTube  | [Normal]     | 98%    | 1735.0ms | :hand-pink-waving::hand-pink-waving::han...
[ENTERTAINM] | YouTube  | [Normal]     | 88%    |  467.5ms | @MrBeast...
[ENTERTAINM] | YouTube  | [Normal]     | 95%    |  507.2ms | 6 7...
[ENTERTAINM] | YouTube  | [Normal]     | 90%    |  445.1ms | What...
[PSYCHOLOGY] | YouTube  | [Normal]     | 51%    |  756.5ms | why has the facade of social justice all...
[GAMING/GAM] | YouTube  | [Normal]     | 96%    |  548.7ms | can't wait to buy the dvd!...
[ENTERTAINM] | YouTube  | [Normal]     | 93%    |  499.0ms | suomi...
[PSYCHOLOGY] | YouTube  | [Normal]     | 93%    |  736.7ms | ayo anime that I can get behind...
[GAMING/SUR] | YouTube  | [Normal]     | 94%    |  766.2ms | at this rate of electrical engineering w...
[GAMING/GAM] | YouTube  | [Normal]     | 96%    |  673.8ms | garten of banban movie when ? u promised...
[GAMING/GAM] | YouTube  | [Normal]     | 83%    |  546.8ms | The Iron Lung guy!...
[GAMING/GAM] | YouTube  | [Normal]     | 88%    |  575.2ms | I’ve never seen someone more deserving t...
[ENTERTAINM] | YouTube  | [Normal]     | 96%    |  445.5ms | New member...
[ENTERTAINM] | YouTube  | [Normal]     | 91%    |  566.4ms | yo jimmy...
[ENTERTAINM] | YouTube  | [Normal]     | 98%    |  997.0ms | :face-blue-smiling::face-blue-smiling::f...
[PSYCHOLOGY] | YouTube  | [Normal]     | 94%    |  509.5ms | Was gonna be Goku for awhile...
[ENTERTAINM] | YouTube  | [Normal]     | 96%    |  548.4ms | im your biggest fan from sri lanka...
[ENTERTAINM] | YouTube  | [Normal]     | 95%    |  469.6ms | Hello...
[GAMING/GAM] | YouTube  | [Normal]     | 97%    |  796.9ms | -------liquid vinyl for soundtrack?-----...
[GAMING/SUR] | YouTube  | [Normal]     | 91%    |  573.0ms | make the switch just for the turrets...
[GAMING/SUR] | YouTube  | [Normal]     | 92%    |  544.3ms | HAHAHHAHAHA...
[GAMING/GAM] | YouTube  | [Normal]     | 83%    |  597.4ms | There's an intruder in the top left corn...
[GAMING/GAM] | YouTube  | [Normal]     | 93%    |  568.4ms | mark dont miss the anomaly behind you...
[MUSIC/CHIL] | YouTube  | [Normal]     | 97%    |  709.4ms | Gibbs ft. Pezet - Karnawał [TARKA REMIX]...
[GAMING/SUR] | YouTube  | [Normal]     | 96%    |  630.1ms | let welyn do this for the love of god...
[ENTERTAINM] | YouTube  | [Normal]     | 96%    |  537.0ms | I was here...
[GAMING/SUR] | YouTube  | [OFFENSIVE]  | 63%    |  659.9ms | as a dayz player the base and building i...
[GAMING/GAM] | YouTube  | [Normal]     | 97%    |  398.8ms | the skeleton moved...
[ENTERTAINM] | YouTube  | [Normal]     | 97%    |  406.3ms | hy bro i am from pakistan...
[ENTERTAINM] | YouTube  | [Normal]     | 94%    |  408.0ms | 46212...
[ENTERTAINM] | YouTube  | [Normal]     | 98%    |  981.5ms | :hand-pink-waving::hand-pink-waving::han...
[ENTERTAINM] | YouTube  | [Normal]     | 90%    |  572.6ms | 快五億了...
[GAMING/GAM] | YouTube  | [Normal]     | 90%    |  589.0ms | Slender man looking figure in window of ...
[GAMING/SUR] | YouTube  | [Normal]     | 96%    |  508.8ms | lol...
[SELF-HELP/] | YouTube  | [Normal]     | 89%    |  562.0ms | unbearable amount to carry...
[GAMING/GAM] | YouTube  | [Normal]     | 89%    |  705.0ms | You're the anomaly (imagine this as rosa...
[ENTERTAINM] | YouTube  | [Normal]     | 97%    |  559.9ms | Who's winning the fifa world cup broda...
[ENTERTAINM] | YouTube  | [Normal]     | 96%    |  505.1ms | My name is Ahmad...
[GAMING/GAM] | YouTube  | [Normal]     | 96%    |  496.1ms | lol...
[MUSIC/CHIL] | YouTube  | [Normal]     | 96%    |  638.9ms | mn to nhi tha aane ka...
[GAMING/GAM] | YouTube  | [Normal]     | 97%    |  523.3ms | donuts?...
[ENTERTAINM] | YouTube  | [Normal]     | 71%    | 1338.3ms | mister beast 500m ho gaya 10000$ dijiye ...
[MUSIC/CHIL] | YouTube  | [Normal]     | 92%    |  496.0ms | hey guys...
[GAMING/GAM] | YouTube  | [Normal]     | 93%    |  735.9ms | I know you will not see this but I have ...
[ENTERTAINM] | YouTube  | [Normal]     | 93%    |  757.9ms | HI FROM ARGENTINA  I’m a programmer! If ...
[PSYCHOLOGY] | YouTube  | [Normal]     | 81%    |  461.0ms | you*...
[GAMING/GAM] | YouTube  | [Normal]     | 88%    |  531.8ms | Something in Toilet as well...
[GAMING/GAM] | YouTube  | [Normal]     | 97%    |  550.1ms | light in pilot room?...
[ENTERTAINM] | YouTube  | [Normal]     | 93%    |  672.3ms | টাকা দেন ভাই...
[ENTERTAINM] | YouTube  | [Normal]     | 98%    | 2634.6ms | give me money pls I need for study . I n...
[ENTERTAINM] | YouTube  | [Normal]     | 95%    |  698.2ms | w MR beast I sub like 5years ago:yt:...
[ENTERTAINM] | YouTube  | [Normal]     | 96%    |  893.2ms | Hi jimmy i have been watching ur video a...
[GAMING/GAM] | YouTube  | [Normal]     | 74%    |  553.7ms | NO SIGHT FOR YOU...
[GAMING/GAM] | YouTube  | [Normal]     | 96%    |  619.5ms | Exit sign at business NOT green???...
[GAMING/GAM] | YouTube  | [Normal]     | 94%    |  551.1ms | LIGHT ANOMALY IN THE TOP LEFT...
[GAMING/GAM] | YouTube  | [Normal]     | 96%    |  699.9ms | since when was there a suitcase in the h...
[GAMING/GAM] | YouTube  | [Normal]     | 86%    |  488.6ms | BANANA...
[PSYCHOLOGY] | YouTube  | [Normal]     | 95%    |  968.8ms | I once told a friend "I used to be a bet...
[PSYCHOLOGY] | YouTube  | [Normal]     | 96%    |  552.7ms | Spa with children and million dollars co...
[GAMING/GAM] | YouTube  | [Normal]     | 92%    |  462.5ms | can i get banned for fun...
[ENTERTAINM] | YouTube  | [Normal]     | 95%    |  449.0ms | :duck:...
[GAMING/GAM] | YouTube  | [Normal]     | 87%    |  581.0ms | they aren't strawberry - banned...
[SPORTS/FOO] | YouTube  | [Normal]     | 94%    |  786.7ms | 그래도 일본 잘하네...
[ENTERTAINM] | YouTube  | [Normal]     | 94%    |  509.4ms | hi...
[GAMING/SUR] | YouTube  | [Normal]     | 91%    |  559.0ms | nope...
[GAMING/GAM] | YouTube  | [Normal]     | 94%    |  514.0ms | Banban???...
[ENTERTAINM] | YouTube  | [Normal]     | 97%    |  654.8ms | l love ur all videos :red_heart::camera:...
[GAMING/GAM] | YouTube  | [Normal]     | 96%    |  711.7ms | was there always a suitcase in the hall...
[GAMING/GAM] | YouTube  | [Normal]     | 63%    |  599.0ms | buisness class floor dirty...
[ENTERTAINM] | YouTube  | [Normal]     | 97%    |  659.9ms | I AM 14 YEARS DOING A CHANNEL FOR 2 YEAR...
[GAMING/GAM] | YouTube  | [Normal]     | 78%    |  609.9ms | yo chat we should ban Mark for banning u...
[GAMING/GAM] | YouTube  | [Normal]     | 78%    |  805.2ms | working in pairs  the blindfolded partne...
[ENTERTAINM] | YouTube  | [Normal]     | 91%    |  503.8ms | hey...
[GAMING/GAM] | YouTube  | [Normal]     | 96%    |  545.1ms | oh i did this one not too long ago...
[GAMING/GAM] | YouTube  | [Normal]     | 87%    |  447.1ms | camera in bathroom is completely off...
[MUSIC/CHIL] | YouTube  | [Normal]     | 95%    |  768.5ms | LV who :face_with_hand_over_mouth::face_...
[GAMING/GAM] | YouTube  | [Normal]     | 90%    |  524.0ms | I TRUST THE OVERLORD...
[GAMING/GAM] | YouTube  | [Normal]     | 96%    |  638.2ms | ECONOMY CLASS CART -- EXTRA BOTTLES (onl...
[ENTERTAINM] | YouTube  | [Normal]     | 93%    |  491.8ms | bro...
[MUSIC/CHIL] | YouTube  | [Normal]     | 94%    |  509.2ms | HYPE...
[GAMING/GAM] | YouTube  | [Normal]     | 91%    |  486.2ms | Noooo...
[GAMING/SUR] | YouTube  | [Normal]     | 71%    |  509.3ms | He needs to build a boat base...
[MUSIC/CHIL] | YouTube  | [Normal]     | 94%    |  522.1ms | BR0D4 - Somebody...
[MUSIC/CHIL] | YouTube  | [Normal]     | 97%    |  537.2ms | LV miss ??...
[GAMING/GAM] | YouTube  | [OFFENSIVE]  | 94%    |  651.5ms | damn i missed the first hour of the stre...
[GAMING/GAM] | YouTube  | [Normal]     | 92%    |  484.7ms | GATE 2 Window person...
[GAMING/GAM] | YouTube  | [Normal]     | 80%    |  612.7ms | JUST GET OUT...
[GAMING/GAM] | YouTube  | [Normal]     | 97%    |  613.7ms | Hi MARK :D...
[GAMING/GAM] | YouTube  | [Normal]     | 84%    |  659.0ms | SLOW DOWN I CANT SEE...
[PSYCHOLOGY] | YouTube  | [Normal]     | 89%    |  565.2ms | sorry  i am tired  *facepalm...
[SELF-HELP/] | YouTube  | [Normal]     | 96%    |  586.5ms | needs a lot of mindfulness to help...
[SELF-HELP/] | YouTube  | [Normal]     | 95%    |  511.5ms | Yay!!! Transference...
[SELF-HELP/] | YouTube  | [Normal]     | 93%    |  747.1ms | hmm  isn't anxiety present in everyone? ...
[NEWS/LIVE ] | YouTube  | [Normal]     | 95%    |  537.8ms | ww2 isn't over...
[GAMING/SUR] | YouTube  | [Normal]     | 94%    |  518.5ms | 1...
[GAMING/SUR] | YouTube  | [Normal]     | 90%    |  594.0ms | YESSSSSS...
[GAMING/SUR] | YouTube  | [Normal]     | 94%    |  572.5ms | RUST STOLE MY SOUL...
[GAMING/SUR] | YouTube  | [Normal]     | 91%    | 1165.0ms | :_Dance::_LetsGo::_BUNGULATE::_Stare::_G...
[GAMING/SUR] | YouTube  | [Normal]     | 73%    |  453.7ms | Gang...
[GAMING/SUR] | YouTube  | [Normal]     | 96%    |  448.0ms | King Peanut is awake...
[GAMING/SUR] | YouTube  | [Normal]     | 96%    |  436.6ms | Just finished his last one...
[GAMING/SUR] | YouTube  | [Normal]     | 94%    |  370.6ms | 2...
[GAMING/SUR] | YouTube  | [Normal]     | 96%    |  969.1ms | EEEEEEEEEEE EEEEEEEEEEE EEEEEEEEEEE EEEE...
[MUSIC/CHIL] | YouTube  | [Normal]     | 92%    |  473.7ms | leave it....
[GAMING/SUR] | YouTube  | [Normal]     | 96%    |  537.8ms | Happy birthday peanut...
[PSYCHOLOGY] | YouTube  | [Normal]     | 94%    |  603.0ms | its over we need new doc now rip...
[GAMING/SUR] | YouTube  | [Normal]     | 93%    |  498.8ms | holy...
[GAMING/SUR] | YouTube  | [Normal]     | 91%    |  517.8ms | Slur Saturday!!!!...
[NEWS/LIVE ] | YouTube  | [Normal]     | 82%    |  581.6ms | Weed is legal here and not a crime now...
[GAMING/SUR] | YouTube  | [OFFENSIVE]  | 57%    |  693.9ms | SHESSSSHHHH LETS GOOO EARLY AS HELL...
[GAMING/SUR] | YouTube  | [Normal]     | 96%    |  703.9ms | You ended the night with Jack in the Box...
[PSYCHOLOGY] | YouTube  | [Normal]     | 97%    |  535.4ms | we need the flutes back...
[GAMING/SUR] | YouTube  | [Normal]     | 95%    |  542.7ms | no twitch?...
[GAMING/SUR] | YouTube  | [Normal]     | 71%    |  550.1ms | a true rust gamer...
[GAMING/SUR] | YouTube  | [OFFENSIVE]  | 48%    |  657.9ms | Bro STFU about diarrhea all the time lmf...
[GAMING/SUR] | YouTube  | [Normal]     | 91%    |  584.1ms | yeahhhhhh...
[GAMING/SUR] | YouTube  | [OFFENSIVE]  | 54%    |  598.4ms | happy birthday nutter...
[GAMING/SUR] | YouTube  | [Normal]     | 74%    |  567.3ms | Hutch is going to gamble...
[MUSIC/CHIL] | YouTube  | [Normal]     | 96%    |  598.2ms | Ee piyya evaru...
[MUSIC/CHIL] | YouTube  | [Normal]     | 98%    |  779.3ms | serendi marchipoya :smiling_face_with_te...
[GAMING/SUR] | YouTube  | [Normal]     | 96%    | 1239.8ms | :saluting_face::saluting_face::saluting_...
[GAMING/SUR] | YouTube  | [OFFENSIVE]  | 79%    |  742.9ms | :_LetsRide::_LetsGo::_LetsRide:...
[MUSIC/CHIL] | YouTube  | [Normal]     | 86%    |  564.3ms | kitni bar sorry bologe...
[GAMING/SUR] | YouTube  | [Normal]     | 96%    |  523.3ms | Delirious!...
[GAMING/SUR] | YouTube  | [Normal]     | 94%    |  566.1ms | H20 is OG...
[GAMING/SUR] | YouTube  | [Normal]     | 77%    |  553.1ms | hell yeah lets ride...
[GAMING/SUR] | YouTube  | [Normal]     | 91%    |  497.5ms | Bring up map it shows...
[NEWS/LIVE ] | YouTube  | [Normal]     | 95%    |  540.7ms | MAGA...
[SELF-HELP/] | YouTube  | [Normal]     | 97%    |  707.0ms | OMORI be like: waiting for something to ...
[GAMING/SUR] | YouTube  | [Normal]     | 84%    |  698.3ms | each of them will have users sneaking wi...
[MUSIC/CHIL] | YouTube  | [Normal]     | 37%    |  791.8ms | Raggy goes to another live channel and a...
[MUSIC/CHIL] | YouTube  | [Normal]     | 89%    |  490.6ms | Stranger how are you...
[MUSIC/CHIL] | YouTube  | [Normal]     | 81%    |  579.5ms | Bating I wonder how hot you could be...
[MUSIC/CHIL] | YouTube  | [Normal]     | 88%    |  510.2ms | then...
[GAMING/SUR] | YouTube  | [Normal]     | 93%    |  530.2ms | Helf is Welf...
[GAMING/SUR] | YouTube  | [Normal]     | 95%    |  369.9ms | H2O...
[PSYCHOLOGY] | YouTube  | [OFFENSIVE]  | 78%    |  358.8ms | HELLLOOOOOO...
[NEWS/LIVE ] | YouTube  | [OFFENSIVE]  | 41%    |  663.9ms | ron you coulda done this before trump :f...
[PSYCHOLOGY] | YouTube  | [Normal]     | 91%    |  377.4ms | :smirking_face:...
[GAMING/SUR] | YouTube  | [Normal]     | 96%    |  334.6ms | all in on 1...
[GAMING/SUR] | YouTube  | [Normal]     | 92%    |  413.0ms | Red...
[NEWS/LIVE ] | YouTube  | [Normal]     | 95%    |  458.8ms | DeSantis is the BenG of Florida...
[GAMING/SUR] | YouTube  | [Normal]     | 94%    |  350.1ms | 3...
[GAMING/SUR] | YouTube  | [Normal]     | 89%    |  496.7ms | HUTCH HAS AN AIRSTRIKE...
[MUSIC/CHIL] | YouTube  | [Normal]     | 97%    |  603.3ms | G hostel lo unava :smiling_face_with_tea...
[GAMING/SUR] | YouTube  | [Normal]     | 97%    | 2108.1ms | :face_with_tears_of_joy::face_with_tears...
[GAMING/SUR] | YouTube  | [Normal]     | 95%    |  475.7ms | Green...
[GAMING/SUR] | YouTube  | [Normal]     | 96%    |  592.4ms | lol...
[GAMING/SUR] | YouTube  | [Normal]     | 94%    |  531.8ms | LMAOOOO...
[GAMING/SUR] | YouTube  | [Normal]     | 96%    |  480.2ms | lmao...
[GAMING/SUR] | YouTube  | [Normal]     | 95%    | 1567.7ms | :rolling_on_the_floor_laughing::rolling_...
[GAMING/SUR] | YouTube  | [Normal]     | 97%    | 1581.4ms | :face_with_tears_of_joy::face_with_tears...
[GAMING/SUR] | YouTube  | [Normal]     | 93%    |  523.0ms | PRO TIP ALWAYS ASSUME THE UNSEEN CARD IS...
[GAMING/SUR] | YouTube  | [Normal]     | 96%    |  411.3ms | lol...
[GAMING/GAM] | YouTube  | [Normal]     | 93%    |  529.1ms | W W W W W...
[MUSIC/CHIL] | YouTube  | [Normal]     | 98%    |  715.4ms | okay halinkan tc bye :smiling_face_with_...
[GAMING/GAM] | YouTube  | [Normal]     | 96%    |  539.1ms | hi!...
[PSYCHOLOGY] | YouTube  | [Normal]     | 97%    |  545.0ms | Dr. K needs a NAS...
[GAMING/GAM] | YouTube  | [Normal]     | 95%    |  442.5ms | hello...
[ENTERTAINM] | YouTube  | [Normal]     | 91%    |  490.9ms | w...
[GAMING/GAM] | YouTube  | [Normal]     | 94%    |  591.0ms | Yay mark!!!!!!!...
[GAMING/GAM] | YouTube  | [Normal]     | 95%    |  709.7ms | Is that the creator of the number one mo...
[ENTERTAINM] | YouTube  | [Normal]     | 93%    |  494.6ms | ineed a laptop...
[ENTERTAINM] | YouTube  | [Normal]     | 91%    |  529.9ms | yooooooooooo...
[ENTERTAINM] | YouTube  | [Normal]     | 96%    |  536.1ms | 500million congratulations brother...
[GAMING/GAM] | YouTube  | [Normal]     | 94%    |  507.0ms | YES!!!...
[ENTERTAINM] | YouTube  | [Normal]     | 93%    |  457.1ms | yes...
[ENTERTAINM] | YouTube  | [OFFENSIVE]  | 57%    |  486.8ms | letssss goooo...
[MUSIC/CHIL] | YouTube  | [Normal]     | 95%    | 1088.9ms | @Tradexlav hi   how are you ? :backhand_...
[ENTERTAINM] | YouTube  | [Normal]     | 90%    |  531.3ms | india brother...
[GAMING/GAM] | YouTube  | [Normal]     | 97%    | 1453.5ms | Mark  you are an incredible entertainer ...
[GAMING/GAM] | YouTube  | [Normal]     | 96%    |  741.6ms | im going to watch it for the 3rd time in...
[GAMING/GAM] | YouTube  | [Normal]     | 94%    | 1148.2ms | Mark  question  I know you just finished...
[ENTERTAINM] | YouTube  | [Normal]     | 89%    |  521.2ms | Pinche prankedy...
[ENTERTAINM] | YouTube  | [Normal]     | 97%    |  558.3ms | Hiiiii...
[GAMING/GAM] | YouTube  | [Normal]     | 82%    |  520.8ms | Mr Lung...
[GAMING/SUR] | YouTube  | [Normal]     | 91%    |  573.6ms | Peanuts gonna make his whole team lose b...
[GAMING/GAM] | YouTube  | [Normal]     | 97%    |  465.2ms | I played the game today...
[GAMING/GAM] | YouTube  | [Normal]     | 96%    |  499.5ms | iron lung was amazing...
[GAMING/GAM] | YouTube  | [Normal]     | 78%    |  622.9ms | MARKKKK!!!!! CONGRATS!!!...
[GAMING/GAM] | YouTube  | [Normal]     | 93%    |  451.7ms | facts...
[GAMING/GAM] | YouTube  | [Normal]     | 87%    |  691.7ms | I wish I could see it  but I'm so proud ...
[ENTERTAINM] | YouTube  | [Normal]     | 94%    |  491.1ms | hi...
[MUSIC/CHIL] | YouTube  | [Normal]     | 62%    |  580.3ms | evadi deggeraaa...
[GAMING/GAM] | YouTube  | [Normal]     | 95%    |  467.4ms | AIRPLANE...
[GAMING/GAM] | YouTube  | [Normal]     | 97%    |  506.8ms | airplane!!!...
[GAMING/GAM] | YouTube  | [Normal]     | 91%    |  585.3ms | airplanee...
[GAMING/GAM] | YouTube  | [Normal]     | 93%    |  593.2ms | office...
[GAMING/GAM] | YouTube  | [Normal]     | 95%    |  494.2ms | Ranch...
[GAMING/GAM] | YouTube  | [Normal]     | 93%    |  562.0ms | lighthouse...
[ENTERTAINM] | YouTube  | [Normal]     | 95%    |  555.0ms | beta...
[MUSIC/CHIL] | YouTube  | [Normal]     | 96%    |  665.6ms | Na deggara 10 rupees unnai mall ki vella...
[ENTERTAINM] | YouTube  | [Normal]     | 90%    |  622.1ms | HELLOOOOOOOOOOOOOOOOOOOO...
[GAMING/SUR] | YouTube  | [Normal]     | 81%    |  505.1ms | THEN QUIT...
[GAMING/SUR] | YouTube  | [Normal]     | 95%    |  457.4ms | SLOTS...
[SPORTS/PEN] | YouTube  | [Normal]     | 92%    |  593.8ms | bros thanking the entire population...
[GAMING/GAM] | YouTube  | [Normal]     | 94%    |  591.4ms | air PLANNEEEEEEE...
[GAMING/GAM] | YouTube  | [Normal]     | 93%    |  490.0ms | lighthouse...
[GAMING/GAM] | YouTube  | [Normal]     | 96%    |  557.6ms | there's only lighthouse in my chat mark...
[ENTERTAINM] | YouTube  | [Normal]     | 97%    |  961.1ms | Congratulation:growing_heart: for reachi...
[ENTERTAINM] | YouTube  | [Normal]     | 98%    | 1350.7ms | :rocket-red-countdown-liftoff::rocket-re...
[GAMING/GAM] | YouTube  | [Normal]     | 89%    |  520.2ms | hell yeah light is winning...
[GAMING/GAM] | YouTube  | [Normal]     | 95%    |  512.8ms | Hi from Canada!...
[ENTERTAINM] | YouTube  | [Normal]     | 94%    |  447.7ms | nice...
[ENTERTAINM] | YouTube  | [Normal]     | 96%    |  478.5ms | i love Mr beast...
[ENTERTAINM] | YouTube  | [Normal]     | 89%    |  589.3ms | what is your real name...
[GAMING/SUR] | YouTube  | [Normal]     | 49%    |  713.2ms | You guys are terrible gamblers lol...
[GAMING/GAM] | YouTube  | [Normal]     | 96%    |  587.5ms | its like watching your movie and ramis l...
[GAMING/GAM] | YouTube  | [Normal]     | 97%    |  619.8ms | MARK PLAY ON AIRPLNE AND MY LIFE IS YOUR...
[ENTERTAINM] | YouTube  | [Normal]     | 92%    |  647.9ms | THE:goat-turquoise-white-horns:...
[GAMING/GAM] | YouTube  | [Normal]     | 93%    |  562.2ms | BRAZIL PLEASE...
[ENTERTAINM] | YouTube  | [Normal]     | 93%    |  585.8ms | oh my god...
[GAMING/GAM] | YouTube  | [Normal]     | 97%    |  780.6ms | I saw it yesterday  and it was awesome! ...
[GAMING/SUR] | YouTube  | [Normal]     | 87%    |  796.1ms | someone get this man a card...
[ENTERTAINM] | YouTube  | [Normal]     | 94%    |  518.6ms | 1...
[GAMING/SUR] | YouTube  | [Normal]     | 88%    |  739.6ms | BRO STOOD ON A 12 WTF HOW DOES PEANUT GA...
[GAMING/SUR] | YouTube  | [Normal]     | 87%    |  554.3ms | NO...
[GAMING/SUR] | YouTube  | [Normal]     | 62%    |  621.7ms | YOU WOULD BUST ON 18 THATS WHY...
[NEWS/LIVE ] | YouTube  | [Normal]     | 85%    |  608.0ms | Luigi we need you there are a lot of vil...
[GAMING/GAM] | YouTube  | [Normal]     | 88%    |  542.3ms | YOOOOOOOOOOOOOOO...
[GAMING/GAM] | YouTube  | [Normal]     | 98%    |  531.9ms | aeroplane :airplane_departure::airplane:...
[ENTERTAINM] | YouTube  | [Normal]     | 95%    |  431.0ms | Hii...
[GAMING/GAM] | YouTube  | [Normal]     | 92%    |  652.8ms | Play Paranormal Inc and maybe collaborat...
[ENTERTAINM] | YouTube  | [Normal]     | 94%    |  485.4ms | 1...
[NEWS/LIVE ] | YouTube  | [Normal]     | 89%    |  609.9ms | No  Luigi is in jail lol...
[ENTERTAINM] | YouTube  | [Normal]     | 94%    |  507.5ms | 1...
[GAMING/GAM] | YouTube  | [Normal]     | 95%    |  586.4ms | watched the movie twice! want to see it ...
[GAMING/SUR] | YouTube  | [Normal]     | 95%    |  479.4ms | HIT...
[GAMING/GAM] | YouTube  | [Normal]     | 94%    |  572.2ms | Italy no?:crying_face:...
[MUSIC/CHIL] | YouTube  | [Normal]     | 96%    |  555.8ms | Sab Mera hi gf hai...
[GAMING/GAM] | YouTube  | [Normal]     | 93%    |  636.6ms | I cant wait to see IRON LUNG!!! : D...
[ENTERTAINM] | YouTube  | [Normal]     | 94%    |  488.0ms | hi...
[GAMING/SUR] | YouTube  | [Normal]     | 95%    |  432.5ms | 500...
[GAMING/GAM] | YouTube  | [OFFENSIVE]  | 57%    |  557.4ms | THE FAULT LIES WITTH YOU  SEND HELP!!!...
[GAMING/GAM] | YouTube  | [Normal]     | 97%    |  541.6ms | when do we get the dates for portugal?...
[GAMING/SUR] | YouTube  | [Normal]     | 84%    |  474.3ms | rigged...
[GAMING/SUR] | YouTube  | [Normal]     | 64%    |  591.9ms | kids  don't gamble...
[ENTERTAINM] | YouTube  | [Normal]     | 95%    |  513.4ms | pls give me a fortuner...
[GAMING/GAM] | YouTube  | [Normal]     | 96%    | 1451.6ms | go to the movie  it is sooo good and is ...
[GAMING/SUR] | YouTube  | [Normal]     | 96%    |  599.6ms | mAXXXXXXXXX...
[GAMING/GAM] | YouTube  | [Normal]     | 94%    |  540.5ms | Hey Mark...
[GAMING/GAM] | YouTube  | [Normal]     | 97%    |  578.4ms | Iron Lung was amazing dude  great work m...
[ENTERTAINM] | YouTube  | [Normal]     | 94%    |  501.4ms | Ghana...
[GAMING/GAM] | YouTube  | [Normal]     | 92%    | 1171.9ms | I had the issue with the sound. :disappo...
[GAMING/GAM] | YouTube  | [Normal]     | 98%    |  580.0ms | :fish-orange-wide-eyes:...
[MUSIC/CHIL] | YouTube  | [Normal]     | 98%    |  803.2ms | :smiling_face_with_halo::green_heart::he...
[GAMING/SUR] | YouTube  | [Normal]     | 95%    |  688.0ms | did no neck Nick and toupee Tim uninstal...
[ENTERTAINM] | YouTube  | [Normal]     | 94%    |  551.6ms | me im from Bangladesh...
[GAMING/GAM] | YouTube  | [Normal]     | 94%    |  810.7ms | that makes a lot of sense; I was wonderi...
[GAMING/GAM] | YouTube  | [Normal]     | 94%    |  511.6ms | I think Lighthouse has won...
[ENTERTAINM] | YouTube  | [Normal]     | 96%    |  497.7ms | subcribe!...
[GAMING/GAM] | YouTube  | [Normal]     | 97%    |  758.8ms | We saw your movie last weekend! All the ...
[GAMING/GAM] | YouTube  | [Normal]     | 80%    |  489.5ms | yas brad...
[GAMING/GAM] | YouTube  | [Normal]     | 97%    |  664.6ms | We should be getting the 7.1 version on ...
[ENTERTAINM] | YouTube  | [Normal]     | 93%    |  615.1ms | hello mr beast...
[ENTERTAINM] | YouTube  | [Normal]     | 93%    |  691.3ms | watch your 200M video🇧...
[GAMING/SUR] | YouTube  | [Normal]     | 89%    |  839.7ms | peanut you are no longer allowed to make...
[ENTERTAINM] | YouTube  | [Normal]     | 96%    |  490.4ms | First video...
[GAMING/GAM] | YouTube  | [OFFENSIVE]  | 44%    |  467.4ms | Airplane ganggggg...
[GAMING/GAM] | YouTube  | [Normal]     | 92%    |  668.3ms | PICK AIRPLAIN GUYS TIE IT UP TIE THE VOT...
[GAMING/SUR] | YouTube  | [Normal]     | 97%    |  549.7ms | RAHHHHH ARC ARC ARC...
[GAMING/GAM] | YouTube  | [Normal]     | 91%    |  529.6ms | LOCK IN AIRPLANE...
[ENTERTAINM] | YouTube  | [Normal]     | 97%    |  581.9ms | hi bro :hugging_face:...
[GAMING/SUR] | YouTube  | [Normal]     | 97%    |  599.4ms | LOL H2o is there!...
[MUSIC/CHIL] | YouTube  | [Normal]     | 98%    | 1828.9ms | :person-turqouise-waving::person-turqoui...
[ENTERTAINM] | YouTube  | [Normal]     | 89%    |  528.3ms | helo...
[ENTERTAINM] | YouTube  | [Normal]     | 97%    |  547.6ms | 69 hours live :loudly_crying_face:...
[GAMING/GAM] | YouTube  | [Normal]     | 57%    |  726.2ms | I hope i can see the movie sometime! it ...
[GAMING/GAM] | YouTube  | [Normal]     | 95%    |  510.5ms | Airplane...
[ENTERTAINM] | YouTube  | [Normal]     | 95%    |  510.6ms | mahahaha...
[GAMING/GAM] | YouTube  | [Normal]     | 96%    |  773.6ms | I think my theater had some issues with ...
[GAMING/SUR] | YouTube  | [Normal]     | 96%    |  497.7ms | arc...
[GAMING/GAM] | YouTube  | [Normal]     | 95%    |  769.9ms | Hey guys let’s keep the comments on topi...
[GAMING/SUR] | YouTube  | [Normal]     | 94%    |  445.7ms | Ask h20 for it...
[NEWS/LIVE ] | YouTube  | [Normal]     | 43%    |  611.7ms | They want blood from us who aren't vaxxe...
[ENTERTAINM] | YouTube  | [Normal]     | 95%    |  472.9ms | Hello...
[GAMING/GAM] | YouTube  | [Normal]     | 98%    |  701.0ms | :trophy-yellow-smiling:...
[ENTERTAINM] | YouTube  | [Normal]     | 96%    |  464.8ms | Giveaways please...
[ENTERTAINM] | YouTube  | [Normal]     | 74%    |  417.0ms | Gooo...
[ENTERTAINM] | YouTube  | [Normal]     | 94%    |  509.2ms | hi Mr beast...
[ENTERTAINM] | YouTube  | [Normal]     | 97%    |  459.2ms | Welcome New Member!...
[GAMING/SUR] | YouTube  | [Normal]     | 91%    |  484.5ms | by the gods!!!...
[GAMING/GAM] | YouTube  | [Normal]     | 94%    |  522.9ms | #1 #1 #1...
[PSYCHOLOGY] | YouTube  | [Normal]     | 96%    |  547.4ms | :loudly_crying_face: gurus...
[GAMING/GAM] | YouTube  | [Normal]     | 93%    |  473.8ms | LIGHTHOUSE...
[ENTERTAINM] | YouTube  | [Normal]     | 94%    |  683.9ms | hey jimmy congratulation for 500M subscr...
[GAMING/GAM] | YouTube  | [Normal]     | 90%    |  570.2ms | YESSSS...
[GAMING/GAM] | YouTube  | [Normal]     | 94%    |  518.1ms | Rip...
[ENTERTAINM] | YouTube  | [Normal]     | 96%    | 1827.4ms | :cowboy_hat_face::cowboy_hat_face::cowbo...
[GAMING/GAM] | YouTube  | [Normal]     | 96%    |  629.5ms | GOOD LUCK!!!!!!!!...
[GAMING/GAM] | YouTube  | [Normal]     | 89%    |  508.5ms | chicken head Mark returns...
[ENTERTAINM] | YouTube  | [Normal]     | 96%    |  591.0ms | чат остановись...
[GAMING/GAM] | YouTube  | [Normal]     | 96%    |  854.4ms | i cant help but to think how a movie wit...
[ENTERTAINM] | YouTube  | [Normal]     | 93%    |  469.2ms | omg...
[GAMING/GAM] | YouTube  | [Normal]     | 79%    |  473.1ms | spooky...
[GAMING/GAM] | YouTube  | [Normal]     | 97%    |  502.2ms | Going to Tupelo!...
[ENTERTAINM] | YouTube  | [Normal]     | 97%    | 1800.0ms | :orange_square::orange_square::orange_sq...
[ENTERTAINM] | YouTube  | [Normal]     | 97%    |  479.7ms | 10 000 dollar gift...
[GAMING/GAM] | YouTube  | [Normal]     | 87%    |  767.3ms | markiplier pls do a dvd release of iron ...
[GAMING/SUR] | YouTube  | [OFFENSIVE]  | 71%    |  555.1ms | best shit ive ever seen...
[SPORTS/FOO] | YouTube  | [Normal]     | 92%    |  540.8ms | Japan is the winner...
[GAMING/SUR] | YouTube  | [Normal]     | 73%    |  486.4ms | ADDICTION...
[GAMING/GAM] | YouTube  | [Normal]     | 94%    |  640.4ms | Sir please gloat you earned it...
[NEWS/LIVE ] | YouTube  | [Normal]     | 87%    |  664.8ms | who is not shutting down splc right now...
[ENTERTAINM] | YouTube  | [Normal]     | 96%    |  572.6ms | hlw...
[GAMING/GAM] | YouTube  | [Normal]     | 97%    |  805.4ms | oh he did misspell the title:face_with_t...
[ENTERTAINM] | YouTube  | [Normal]     | 94%    |  540.1ms | Carl...
[GAMING/SUR] | YouTube  | [Normal]     | 93%    |  568.4ms | rofl...
[ENTERTAINM] | YouTube  | [Normal]     | 95%    |  485.6ms | hello...
[GAMING/GAM] | YouTube  | [Normal]     | 96%    |  819.1ms | make Presentable Liberty the Movie. 2 ho...
[GAMING/SUR] | YouTube  | [Normal]     | 69%    |  571.5ms | YOU'RE SO BAD LMAOOO...
[GAMING/SUR] | YouTube  | [Normal]     | 97%    |  483.9ms | Recycle?...
[GAMING/SUR] | YouTube  | [Normal]     | 97%    |  698.0ms | H20  stackswapo and peanut will forever ...
[ENTERTAINM] | YouTube  | [Normal]     | 97%    |  542.9ms | Welcome New Member!...
[ENTERTAINM] | YouTube  | [Normal]     | 96%    |  594.1ms | I subscribed to you since 2020...
[GAMING/GAM] | YouTube  | [Normal]     | 97%    |  654.9ms | obversation lmao...
[GAMING/GAM] | YouTube  | [Normal]     | 97%    |  654.7ms | I recommend White Bat Audios royalty fre...
[GAMING/SUR] | YouTube  | [Normal]     | 96%    |  462.2ms | Professional??...
[GAMING/GAM] | YouTube  | [Normal]     | 95%    |  598.6ms | MARK...
[GAMING/GAM] | YouTube  | [Normal]     | 47%    |  657.4ms | you goofed it mark...
[ENTERTAINM] | YouTube  | [Normal]     | 95%    |  652.9ms | said hi...
[ENTERTAINM] | YouTube  | [Normal]     | 92%    |  617.8ms | Hhubu...
[GAMING/GAM] | YouTube  | [Normal]     | 83%    |  652.6ms | mark are you going to play mewgenics...
[ENTERTAINM] | YouTube  | [Normal]     | 95%    |  542.0ms | Bangladesh...
[GAMING/GAM] | YouTube  | [Normal]     | 95%    |  598.7ms | obversation duty...
[GAMING/SUR] | YouTube  | [Normal]     | 96%    |  451.1ms | lol...
[ENTERTAINM] | YouTube  | [Normal]     | 91%    |  454.6ms | me...
[GAMING/SUR] | YouTube  | [Normal]     | 96%    |  810.5ms | 4 CARD 21????????????????????...
[GAMING/SUR] | YouTube  | [Normal]     | 97%    | 1317.1ms | :face_with_tears_of_joy::face_with_tears...
[GAMING/GAM] | YouTube  | [Normal]     | 84%    |  541.3ms | IRON LUNG GO WATCH IT!...
[GAMING/SUR] | YouTube  | [Normal]     | 79%    |  547.9ms | LEAVE AND NEVER COME BACK...
[ENTERTAINM] | YouTube  | [Normal]     | 91%    |  482.3ms | MEEE...
[GAMING/SUR] | YouTube  | [Normal]     | 86%    |  522.7ms | ITS SO RIGGED...
[ENTERTAINM] | YouTube  | [Normal]     | 96%    |  537.6ms | 500 million soon...
[GAMING/GAM] | YouTube  | [Normal]     | 95%    |  611.7ms | wait mark the title is misspelled...
[GAMING/GAM] | YouTube  | [Normal]     | 85%    |  534.3ms | THE TITLE IS WEIRD...
[GAMING/SUR] | YouTube  | [HATE]       | 84%    |  582.7ms | should have hit the slots...
[PSYCHOLOGY] | YouTube  | [Normal]     | 91%    |  487.0ms | animals...
[GAMING/GAM] | YouTube  | [Normal]     | 96%    |  556.2ms | im your biggest fan -jackson age 6...
[GAMING/GAM] | YouTube  | [Normal]     | 97%    |  577.7ms | was that door always open???...
[GAMING/SUR] | YouTube  | [Normal]     | 94%    |  665.5ms | It’s a different dealer everytime!!...
[GAMING/GAM] | YouTube  | [Normal]     | 74%    |  681.4ms | Went to see Iron Lung yesterday. Pretty ...
[GAMING/GAM] | YouTube  | [Normal]     | 85%    |  661.6ms | NOOOOO...
[GAMING/GAM] | YouTube  | [Normal]     | 95%    |  523.5ms | Obversation...
[GAMING/GAM] | YouTube  | [Normal]     | 95%    |  614.8ms | NOT EXACT SPELLINGS!...
[GAMING/GAM] | YouTube  | [Normal]     | 97%    |  599.4ms | Image anomaly in the stairwell?...
[ENTERTAINM] | YouTube  | [Normal]     | 97%    | 1049.1ms | :face-purple-crying::face-purple-crying:...
[GAMING/GAM] | YouTube  | [Normal]     | 84%    |  549.6ms | im surprised its an accidental mispellin...
[MUSIC/CHIL] | YouTube  | [Normal]     | 97%    |  475.0ms | :spoon:GL song...
[GAMING/GAM] | YouTube  | [Normal]     | 96%    |  566.4ms | I just got here what I miss...
[ENTERTAINM] | YouTube  | [Normal]     | 95%    |  569.9ms | sir mujhe dollar chahie...
[ENTERTAINM] | YouTube  | [Normal]     | 93%    |  507.3ms | hello mrbeast...
[ENTERTAINM] | YouTube  | [Normal]     | 96%    |  572.0ms | :red_heart:...
[GAMING/GAM] | YouTube  | [Normal]     | 86%    |  650.0ms | I don't like the look of this place...
[GAMING/SUR] | YouTube  | [OFFENSIVE]  | 59%    |  572.8ms | Peanut is a fiend!!!!...
[GAMING/GAM] | YouTube  | [Normal]     | 96%    |  530.3ms | obvervation dutie is great...
[GAMING/GAM] | YouTube  | [Normal]     | 95%    |  565.1ms | ohohoho I win the lighthouse...
[GAMING/SUR] | YouTube  | [Normal]     | 91%    |  473.3ms | watch it happen...
[GAMING/GAM] | YouTube  | [Normal]     | 94%    |  531.6ms | extra!!!!!...
[MUSIC/CHIL] | YouTube  | [Normal]     | 89%    |  527.2ms | hoy sábado...
[GAMING/GAM] | YouTube  | [Normal]     | 90%    |  578.3ms | MARK IM SEEING IRON LUNG TMR (southwest ...
[GAMING/GAM] | YouTube  | [Normal]     | 95%    |  532.5ms | It's the bucket at the top of the lighth...
[GAMING/GAM] | YouTube  | [Normal]     | 97%    |  448.1ms | Observation xD...
[SELF-HELP/] | YouTube  | [Normal]     | 92%    |  698.4ms | I just feel happy for them  honestly. Bu...
[GAMING/GAM] | YouTube  | [Normal]     | 97%    |  510.7ms | Welcome to Member!...
[ENTERTAINM] | YouTube  | [Normal]     | 96%    |  626.5ms | NAME AN ANIME CHARACTER FOR EDITOR...
[GAMING/GAM] | YouTube  | [Normal]     | 55%    |  497.8ms | it got briter...
[ENTERTAINM] | YouTube  | [Normal]     | 97%    |  521.9ms | :red_heart::red_heart:...
[GAMING/GAM] | YouTube  | [Normal]     | 92%    |  498.3ms | It’s fine I spell wrong too...
[ENTERTAINM] | YouTube  | [Normal]     | 95%    |  443.2ms | yooo...
[GAMING/SUR] | YouTube  | [OFFENSIVE]  | 94%    | 1283.5ms | I’m about to shit myself because of how ...
[ENTERTAINM] | YouTube  | [Normal]     | 96%    |  532.6ms | 500 million...
[GAMING/GAM] | YouTube  | [Normal]     | 97%    |  889.7ms | I saw the iron lung in theaters with sib...
[ENTERTAINM] | YouTube  | [Normal]     | 90%    |  447.2ms | hey mrbeast...
[ENTERTAINM] | YouTube  | [Normal]     | 95%    |  432.6ms | hiiii...
[GAMING/GAM] | YouTube  | [Normal]     | 95%    |  467.1ms | water anomaly on the top?...
[GAMING/SUR] | YouTube  | [Normal]     | 94%    |  682.3ms | you can take peanut out of the pirate ga...
[GAMING/GAM] | YouTube  | [Normal]     | 97%    |  492.8ms | Mark the stairs at the bottom!...
[ENTERTAINM] | YouTube  | [Normal]     | 92%    |  447.1ms | yes me...
[GAMING/SUR] | YouTube  | [Normal]     | 60%    |  481.8ms | Stealing the bathrobes...
[GAMING/GAM] | YouTube  | [Normal]     | 95%    |  492.1ms | NUMBER 1...
[ENTERTAINM] | YouTube  | [Normal]     | 94%    |  468.5ms | 6...
[GAMING/GAM] | YouTube  | [Normal]     | 90%    |  510.0ms | ignore everyone in chat...
[GAMING/GAM] | YouTube  | [Normal]     | 97%    |  759.1ms | @markiplier there is a red objekt on the...
[GAMING/GAM] | YouTube  | [Normal]     | 92%    |  519.8ms | MISSING MOUSETRAPP...
[GAMING/GAM] | YouTube  | [Normal]     | 97%    |  683.9ms | IT'S BEEN THERE...
[ENTERTAINM] | YouTube  | [Normal]     | 94%    |  456.5ms | 5...
[GAMING/GAM] | YouTube  | [Normal]     | 87%    |  469.9ms | Lock in...
[GAMING/GAM] | YouTube  | [OFFENSIVE]  | 70%    |  608.7ms | the bedddddddd...
[ENTERTAINM] | YouTube  | [Normal]     | 94%    |  490.1ms | 2...
[MUSIC/CHIL] | YouTube  | [Normal]     | 96%    |  984.3ms | Jaitsii IPO to lagte hi n h mere to ek b...
[ENTERTAINM] | YouTube  | [Normal]     | 91%    |  479.3ms | rock...
[ENTERTAINM] | YouTube  | [Normal]     | 94%    |  472.9ms | Nepal...
[ENTERTAINM] | YouTube  | [Normal]     | 90%    | 2761.9ms | :stayhome::stayhome::stayhome::stayhome:...
[GAMING/GAM] | YouTube  | [Normal]     | 97%    |  521.4ms | MARK THE BASEMENT STAIRS...
[GAMING/GAM] | YouTube  | [Normal]     | 89%    |  513.3ms | WE TOLD YOU...
[MUSIC/CHIL] | YouTube  | [Normal]     | 98%    |  916.9ms | J :helicopter::dashing_away::dashing_awa...
[GAMING/GAM] | YouTube  | [Normal]     | 91%    |  476.0ms | With Eyes...
[ENTERTAINM] | YouTube  | [Normal]     | 97%    |  500.0ms | Hello from  INDIA...
[GAMING/GAM] | YouTube  | [Normal]     | 97%    |  493.5ms | Lantern moved...
[PSYCHOLOGY] | YouTube  | [Normal]     | 96%    |  782.9ms | i think i low-key used to lookmaxx b4 it...
[GAMING/GAM] | YouTube  | [Normal]     | 93%    |  495.0ms | Oh my God...
[GAMING/GAM] | YouTube  | [Normal]     | 96%    |  484.2ms | wait- lighthouse and iron lung cross ove...
[GAMING/GAM] | YouTube  | [Normal]     | 95%    |  824.0ms | Iron lung sounded perfect at our theater...
[SELF-HELP/] | YouTube  | [Normal]     | 96%    | 1008.7ms | Luckily I don't think I've ever felt thi...
[GAMING/GAM] | YouTube  | [Normal]     | 94%    |  629.0ms | Dam y’all good...
[ENTERTAINM] | YouTube  | [Normal]     | 96%    |  605.5ms | :pleading_face:...
[GAMING/SUR] | YouTube  | [Normal]     | 90%    |  616.4ms | playing rust let's goo...
[ENTERTAINM] | YouTube  | [Normal]     | 95%    |  576.7ms | yeaaaaaaaaaa...
[GAMING/GAM] | YouTube  | [Normal]     | 96%    |  644.1ms | saw iron lung last night! love from east...
[ENTERTAINM] | YouTube  | [Normal]     | 98%    | 1556.8ms | congratulations bro :clapping_hands::cla...
[ENTERTAINM] | YouTube  | [Normal]     | 95%    |  563.5ms | Olm anlamadım...
[ENTERTAINM] | YouTube  | [Normal]     | 97%    |  535.5ms | 500m...
[GAMING/GAM] | YouTube  | [Normal]     | 92%    |  458.5ms | bed...
[GAMING/GAM] | YouTube  | [Normal]     | 97%    |  506.0ms | observation deck...
[ENTERTAINM] | YouTube  | [Normal]     | 97%    |  971.4ms | :soccer_ball::cricket_game::soccer_ball:...
[GAMING/GAM] | YouTube  | [Normal]     | 98%    |  775.6ms | The colorful cones in the corner there w...
[GAMING/GAM] | YouTube  | [Normal]     | 95%    |  498.4ms | PIER MISSING POLE RIGHT...
[ENTERTAINM] | YouTube  | [Normal]     | 94%    |  719.4ms | @MrBeast Mr. Beast  when are you coming ...
[ENTERTAINM] | YouTube  | [Normal]     | 97%    | 1675.4ms | Hallo sir I am alok kumar and I am from ...
[GAMING/GAM] | YouTube  | [Normal]     | 96%    |  428.7ms | the railing?...
[ENTERTAINM] | YouTube  | [Normal]     | 95%    |  387.1ms | congratulations...
[SELF-HELP/] | YouTube  | [Normal]     | 77%    |  499.7ms | I only hate myself though doctor....
[GAMING/GAM] | YouTube  | [Normal]     | 84%    |  481.1ms | NOOO...
[GAMING/GAM] | YouTube  | [Normal]     | 96%    |  507.7ms | yo mark the movie was awesome...
[GAMING/GAM] | YouTube  | [Normal]     | 94%    |  565.7ms | the gasp I gusped when I saw OD streamin...
[GAMING/GAM] | YouTube  | [Normal]     | 96%    |  494.7ms | Extra bottle outside...
[ENTERTAINM] | YouTube  | [Normal]     | 97%    |  541.7ms | hello :waving_hand:...
[GAMING/GAM] | YouTube  | [Normal]     | 97%    |  661.1ms | the grate on the lighthouse at the top. ...
[GAMING/GAM] | YouTube  | [Normal]     | 94%    |  459.6ms | iron lung in romania?...
[GAMING/GAM] | YouTube  | [Normal]     | 95%    |  404.3ms | WATER IN THE PO...
[ENTERTAINM] | YouTube  | [Normal]     | 95%    |  623.3ms | bye mrbeast its 10 pm in here i lived in...
[PSYCHOLOGY] | YouTube  | [Normal]     | 93%    |  551.2ms | Holy coping...
[NEWS/LIVE ] | YouTube  | [Normal]     | 86%    |  665.0ms | Argentina por favor jogue o melhor futeb...
[GAMING/GAM] | YouTube  | [Normal]     | 94%    |  486.5ms | yess...
[GAMING/GAM] | YouTube  | [Normal]     | 93%    |  442.2ms | daamn...
[SELF-HELP/] | YouTube  | [Normal]     | 97%    |  363.1ms | wow over grass?...
[GAMING/GAM] | YouTube  | [Normal]     | 91%    |  351.2ms | w...
[ENTERTAINM] | YouTube  | [Normal]     | 97%    |  404.7ms | wbu mrbeast...
[ENTERTAINM] | YouTube  | [Normal]     | 94%    |  408.4ms | 1...
[ENTERTAINM] | YouTube  | [Normal]     | 94%    |  396.2ms | হাই...
[GAMING/GAM] | YouTube  | [Normal]     | 90%    |  487.0ms | it's not clocking to you...
[ENTERTAINM] | YouTube  | [Normal]     | 94%    |  384.9ms | 1...
[ENTERTAINM] | YouTube  | [Normal]     | 94%    |  550.7ms | 2...
[ENTERTAINM] | YouTube  | [Normal]     | 93%    |  534.9ms | hiuiui...
[GAMING/SUR] | YouTube  | [Normal]     | 87%    |  389.7ms | No...
[GAMING/SUR] | YouTube  | [Normal]     | 96%    |  511.2ms | get wiljum on trust...
[GAMING/GAM] | YouTube  | [Normal]     | 97%    |  496.8ms | STAIRWELL RIGHTMOST RAILING MOVED...
[GAMING/GAM] | YouTube  | [Normal]     | 94%    |  472.9ms | missing room?...
[GAMING/SUR] | YouTube  | [Normal]     | 84%    |  520.4ms | north is only for solar...
[GAMING/SUR] | YouTube  | [Normal]     | 85%    |  496.9ms | nooooo...
[ENTERTAINM] | YouTube  | [Normal]     | 95%    |  554.0ms | 111111111...
[GAMING/SUR] | YouTube  | [Normal]     | 95%    |  513.1ms | higher...
[GAMING/SUR] | YouTube  | [Normal]     | 87%    |  499.6ms | No...
[SELF-HELP/] | YouTube  | [Normal]     | 97%    |  448.8ms | i love your videos...
[GAMING/SUR] | YouTube  | [Normal]     | 96%    |  557.9ms | Higher is better. direction doesn’t matt...
[GAMING/GAM] | YouTube  | [Normal]     | 97%    |  531.6ms | Oh Mark!! Hii...
[GAMING/GAM] | YouTube  | [Normal]     | 97%    |  609.6ms | truly this is the observation of all tim...
[ENTERTAINM] | YouTube  | [Normal]     | 93%    |  734.5ms | *DAY 1 OF ASKING MR BEAST TO GIVE ME A S...
[GAMING/GAM] | YouTube  | [Normal]     | 93%    |  490.3ms | extra railing...
[GAMING/SUR] | YouTube  | [Normal]     | 78%    |  553.4ms | u need it hihger omg...
[ENTERTAINM] | YouTube  | [Normal]     | 94%    |  506.6ms | 1...
[ENTERTAINM] | YouTube  | [OFFENSIVE]  | 47%    |  511.5ms | lets goooo...
[GAMING/GAM] | YouTube  | [Normal]     | 92%    |  493.5ms | THE STAIRS...
[ENTERTAINM] | YouTube  | [Normal]     | 95%    |  499.9ms | congratulations...
[GAMING/GAM] | YouTube  | [Normal]     | 94%    |  478.3ms | Do hard mode...
[GAMING/SUR] | YouTube  | [Normal]     | 94%    |  772.4ms | now look at the windmill LOL...
[ENTERTAINM] | YouTube  | [Normal]     | 95%    |  614.8ms | you love Indonesia...
[GAMING/GAM] | YouTube  | [Normal]     | 95%    |  571.0ms | L NOOB...
[GAMING/GAM] | YouTube  | [Normal]     | 91%    |  549.2ms | Noob...
[SELF-HELP/] | YouTube  | [Normal]     | 95%    |  735.2ms | Universe let my nervous system get shred...
[GAMING/GAM] | YouTube  | [Normal]     | 97%    |  567.0ms | lantern moved  rail position moved lol...
[GAMING/GAM] | YouTube  | [Normal]     | 95%    |  494.2ms | obversation...
[GAMING/GAM] | YouTube  | [Normal]     | 97%    |  521.7ms | it's perfectly fine...
[ENTERTAINM] | YouTube  | [Normal]     | 93%    |  443.9ms | chat is not honest...
[ENTERTAINM] | YouTube  | [Normal]     | 94%    |  394.0ms | hi...
[GAMING/GAM] | YouTube  | [Normal]     | 94%    |  394.9ms | ok...
[GAMING/GAM] | YouTube  | [Normal]     | 92%    |  467.5ms | opbject manipulation in tittle...
[GAMING/GAM] | YouTube  | [Normal]     | 95%    |  524.5ms | as a librarian I stand behind you lol...
[SELF-HELP/] | YouTube  | [Normal]     | 97%    |  600.2ms | ENERGYYYY. It's ALL energy!...
[ENTERTAINM] | YouTube  | [Normal]     | 95%    |  439.7ms | Hiii...
[ENTERTAINM] | YouTube  | [Normal]     | 97%    |  473.0ms | vino ok...
[ENTERTAINM] | YouTube  | [Normal]     | 94%    |  468.0ms | hi...
[ENTERTAINM] | YouTube  | [Normal]     | 96%    | 2284.8ms | :check_mark_button::check_mark_button::c...
[GAMING/GAM] | YouTube  | [Normal]     | 89%    |  491.8ms | Nah you right...
[GAMING/GAM] | YouTube  | [Normal]     | 93%    |  542.1ms | hello everybody my name is obversation...
[GAMING/GAM] | YouTube  | [Normal]     | 97%    |  583.0ms | love the movie mark...
[ENTERTAINM] | YouTube  | [Normal]     | 94%    |  562.1ms | hi...
[ENTERTAINM] | YouTube  | [Normal]     | 77%    |  645.3ms | yo beast whats good...
[GAMING/GAM] | YouTube  | [Normal]     | 95%    |  675.3ms | Swaooing the S and V xd...
[PSYCHOLOGY] | YouTube  | [Normal]     | 96%    |  519.9ms | yea...
[GAMING/GAM] | YouTube  | [Normal]     | 93%    |  785.6ms | Keep it Obversation duty and just say yo...
[ENTERTAINM] | YouTube  | [Normal]     | 97%    |  472.4ms | Love from Texas...
[GAMING/GAM] | YouTube  | [Normal]     | 94%    |  748.7ms | This makes you wonder how many type-o's ...
[ENTERTAINM] | YouTube  | [Normal]     | 95%    |  467.0ms | wow...
[GAMING/GAM] | YouTube  | [Normal]     | 97%    |  696.1ms | OBVERSATION DUTY :fire::fire::fire:...
[ENTERTAINM] | YouTube  | [Normal]     | 94%    |  534.5ms | SO OLD BUT GOLD...
[GAMING/GAM] | YouTube  | [Normal]     | 45%    |  495.5ms | YIPPEEE...
[GAMING/GAM] | YouTube  | [Normal]     | 90%    |  505.1ms | heck yeah !!!...
[GAMING/GAM] | YouTube  | [Normal]     | 97%    |  510.8ms | HOORAYY...
[GAMING/GAM] | YouTube  | [Normal]     | 52%    |  521.5ms | hell yeah...
[SELF-HELP/] | YouTube  | [Normal]     | 89%    |  639.7ms | How do I know it's not my adhd telling m...
[MUSIC/CHIL] | YouTube  | [Normal]     | 93%    |  444.6ms | buci...
[SELF-HELP/] | YouTube  | [Normal]     | 60%    |  976.7ms | I hate Putin  not cuz I envy him  cuz I ...
[GAMING/GAM] | YouTube  | [Normal]     | 95%    |  522.6ms | YAY...
[ENTERTAINM] | YouTube  | [Normal]     | 95%    |  482.3ms | gift me car...
[PSYCHOLOGY] | YouTube  | [Normal]     | 97%    |  866.4ms | @corvulge lmfao i miss captions. i wish ...
[ENTERTAINM] | YouTube  | [Normal]     | 96%    |  659.8ms | кто из русских...
[GAMING/SUR] | YouTube  | [Normal]     | 81%    |  653.7ms | so bad...
[GAMING/GAM] | YouTube  | [Normal]     | 97%    |  496.0ms | basement barrell...
[GAMING/GAM] | YouTube  | [Normal]     | 96%    |  614.6ms | IRON LING FOR MOVER OF THE YEAR!!!!...
[GAMING/GAM] | YouTube  | [Normal]     | 82%    |  467.1ms | yes they did...
[ENTERTAINM] | YouTube  | [Normal]     | 95%    |  468.2ms | 667...
[ENTERTAINM] | YouTube  | [Normal]     | 91%    |  455.6ms | hey...
[ENTERTAINM] | YouTube  | [Normal]     | 95%    |  518.6ms | MR BEAST WORLD CUP...
[GAMING/GAM] | YouTube  | [Normal]     | 87%    |  556.4ms | i wanna watch iron lung SOOOOO bad icl...
[GAMING/GAM] | YouTube  | [Normal]     | 77%    |  551.9ms | You polling bro!?!...
[PSYCHOLOGY] | YouTube  | [Normal]     | 93%    |  442.2ms | is VPN a need...
[GAMING/GAM] | YouTube  | [Normal]     | 95%    |  471.3ms | LIGHTHOUSE TOP HAS A WEIRD CIRCLE SYMBOL...
[ENTERTAINM] | YouTube  | [Normal]     | 91%    |  542.2ms | Hey mr beast can u help me I’m from Indi...
[GAMING/GAM] | YouTube  | [Normal]     | 94%    |  512.2ms | this doesn't look like Silent Hill F :th...
[ENTERTAINM] | YouTube  | [Normal]     | 95%    |  454.1ms | hello...
[GAMING/GAM] | YouTube  | [Normal]     | 92%    | 1007.9ms | I’m seeing iron lung in 2 hours. Mark yo...
[MUSIC/CHIL] | YouTube  | [Normal]     | 96%    |  657.6ms | Ohh :anguished_face: is she doc Prasa :l...
[SELF-HELP/] | YouTube  | [Normal]     | 97%    | 1301.7ms | I could see this for people you don't kn...
[GAMING/GAM] | YouTube  | [Normal]     | 74%    |  614.3ms | anyone else see a body like shape under ...
[GAMING/GAM] | YouTube  | [Normal]     | 88%    |  637.1ms | :woman_facepalming: we love you mark...
[SELF-HELP/] | YouTube  | [Normal]     | 60%    |  577.3ms | what does it mean when you hate yourself...
[ENTERTAINM] | YouTube  | [Normal]     | 96%    |  777.5ms | How do yall not know lol?...
[GAMING/GAM] | YouTube  | [Normal]     | 97%    |  773.4ms | Mark I’ve watched you for 10 years!...
[GAMING/GAM] | YouTube  | [Normal]     | 97%    |  548.7ms | Bye mark I need to go love you...
[ENTERTAINM] | YouTube  | [Normal]     | 98%    |  781.2ms | FROM BANGLADESH :green_circle::red_circl...
[GAMING/GAM] | YouTube  | [Normal]     | 95%    |  549.9ms | It looks cool...
[GAMING/GAM] | YouTube  | [Normal]     | 97%    |  569.1ms | Watched Iron Lung today. Loved it  love ...
[ENTERTAINM] | YouTube  | [Normal]     | 97%    | 1298.5ms | MrBeast  congrats on 500 million! As you...
[MUSIC/CHIL] | YouTube  | [Normal]     | 96%    |  530.2ms | son culpa de putin y maduro...
[ENTERTAINM] | YouTube  | [Normal]     | 96%    |  616.3ms | hi Mr. Beast! I wish you the best!...
[GAMING/SUR] | YouTube  | [OFFENSIVE]  | 86%    |  646.0ms | -2k scrap and base is fucked up...
[ENTERTAINM] | YouTube  | [Normal]     | 94%    |  494.1ms | kai cenet?...
[SELF-HELP/] | YouTube  | [Normal]     | 96%    |  507.0ms | lol pure...
[SELF-HELP/] | YouTube  | [Normal]     | 56%    |  626.0ms | they don't stay in the matrix...
[GAMING/SUR] | YouTube  | [Normal]     | 61%    |  733.8ms | gingy gonna wake up to this :rolling_on_...
[ENTERTAINM] | YouTube  | [Normal]     | 90%    |  520.9ms | maybe...
[GAMING/GAM] | YouTube  | [Normal]     | 97%    |  652.4ms | I’m back. He fixed the name I see lol...
[GAMING/SUR] | YouTube  | [HATE]       | 42%    |  534.8ms | All i know is they suck...
[ENTERTAINM] | YouTube  | [Normal]     | 96%    | 2078.9ms | :yt::yt::yt::yt::yt::yt::yt::yt::yt::tha...
[GAMING/GAM] | YouTube  | [Normal]     | 95%    |  637.7ms | I see iron lung on Thursday January 29th...
[PSYCHOLOGY] | YouTube  | [Normal]     | 97%    |  547.4ms | holy shii these are hard conversations...
[GAMING/SUR] | YouTube  | [Normal]     | 80%    |  582.3ms | They changed the heli about a year ago a...
[ENTERTAINM] | YouTube  | [Normal]     | 97%    |  421.4ms | Congratulations And Celebrations...
[ENTERTAINM] | YouTube  | [Normal]     | 96%    |  494.8ms | hi :thumbs_up:hi...
[PSYCHOLOGY] | YouTube  | [Normal]     | 80%    | 1002.3ms | @ginevraaa if you want more connection t...
[ENTERTAINM] | YouTube  | [Normal]     | 94%    |  447.2ms | Ray...
[GAMING/GAM] | YouTube  | [Normal]     | 97%    |  601.9ms | Would you ever play League Of Legends fo...
[ENTERTAINM] | YouTube  | [Normal]     | 96%    |  465.0ms | big fan...
[GAMING/SUR] | YouTube  | [Normal]     | 90%    |  568.4ms | OMG OMG PANIC...
[GAMING/GAM] | YouTube  | [Normal]     | 95%    |  653.6ms | Iron Lung's director dude is playing gam...
[ENTERTAINM] | YouTube  | [Normal]     | 92%    |  708.6ms | do yall live in a rock how do yall not k...
[GAMING/GAM] | YouTube  | [Normal]     | 95%    |  554.8ms | omg it's me...
[PSYCHOLOGY] | YouTube  | [Normal]     | 95%    |  605.9ms | Seems convinient tbh...
[ENTERTAINM] | YouTube  | [Normal]     | 96%    |  566.6ms | привет...
[GAMING/SUR] | YouTube  | [Normal]     | 86%    |  825.4ms | :_LockIn::_LockIn::_LockIn::_LockIn::_Lo...
[ENTERTAINM] | YouTube  | [Normal]     | 96%    |  441.4ms | hi!...
[ENTERTAINM] | YouTube  | [Normal]     | 97%    |  470.4ms | Hello from Philippines...
[GAMING/GAM] | YouTube  | [Normal]     | 96%    |  487.1ms | Logs on floor in cabin...
[MUSIC/CHIL] | YouTube  | [Normal]     | 96%    |  720.8ms | e fain doar am zis din suflet că vreau s...
[PSYCHOLOGY] | YouTube  | [Normal]     | 95%    |  939.7ms | @mandalarine yeah it’s just a break but ...
[GAMING/GAM] | YouTube  | [Normal]     | 97%    |  752.9ms | THE FUSE BOX IS OPEN!!!!!!...
[SELF-HELP/] | YouTube  | [Normal]     | 84%    |  605.9ms | If one sees only 2 options the ego is ac...
[MUSIC/CHIL] | YouTube  | [Normal]     | 97%    |  525.2ms | R.... Malik...
[SPORTS/FOO] | YouTube  | [Normal]     | 96%    |  460.6ms | luar biasa...
[GAMING/GAM] | YouTube  | [Normal]     | 97%    |  600.6ms | The hanging ropes in stairwell look bend...
[GAMING/SUR] | YouTube  | [Normal]     | 97%    |  579.8ms | yt stream is fine!...
[ENTERTAINM] | YouTube  | [Normal]     | 96%    |  454.4ms | im from India...
[MUSIC/CHIL] | YouTube  | [Normal]     | 96%    |  525.6ms | :soap::dog2::soap:...
[GAMING/GAM] | YouTube  | [Normal]     | 92%    |  539.1ms | ANOMALY IN TOP LEFT...
[GAMING/GAM] | YouTube  | [Normal]     | 96%    |  568.2ms | mark the eyes...
[ENTERTAINM] | YouTube  | [Normal]     | 91%    |  717.1ms | HI MT BEAST  I'M FROM BRAZILIAM   SPEAK ...
[ENTERTAINM] | YouTube  | [Normal]     | 94%    |  529.7ms | 94...
[SELF-HELP/] | YouTube  | [Normal]     | 66%    | 1306.8ms | My actual question is  why do I look at ...
[ENTERTAINM] | YouTube  | [Normal]     | 97%    |  612.3ms | i am happy :relieved_face:...
[SELF-HELP/] | YouTube  | [Normal]     | 90%    |  596.8ms | WE SHOULD APPRECIATE THE TREVOR @Healthy...
[GAMING/SUR] | YouTube  | [Normal]     | 95%    |  508.7ms | LFG...
[GAMING/SUR] | YouTube  | [Normal]     | 63%    |  536.1ms | the grind is real!!...
[NEWS/LIVE ] | YouTube  | [Normal]     | 50%    |  810.2ms | who have worked a certain amount of year...
[GAMING/SUR] | YouTube  | [OFFENSIVE]  | 75%    |  640.9ms | letssss gooooooo let's a go...
[GAMING/SUR] | YouTube  | [Normal]     | 59%    |  591.0ms | LETS GOOOO MFFFF’sssss...
[GAMING/SUR] | YouTube  | [Normal]     | 69%    |  815.5ms | It’s gonna be a good day boys surely he ...
[GAMING/SUR] | YouTube  | [Normal]     | 86%    |  683.7ms | Camsoda is still using guns against play...
[GAMING/SUR] | YouTube  | [Normal]     | 61%    |  626.5ms | lets goooooooooo chat!!!...
[GAMING/SUR] | YouTube  | [Normal]     | 88%    |  484.5ms | LOCK IN!...
[GAMING/SUR] | YouTube  | [Normal]     | 86%    |  516.1ms | Voodooooooo...
[GAMING/SUR] | YouTube  | [Normal]     | 95%    | 1556.1ms | :exploding_head::exploding_head::explodi...
[GAMING/SUR] | YouTube  | [Normal]     | 92%    |  493.5ms | like the stream...
[GAMING/SUR] | YouTube  | [Normal]     | 82%    |  527.7ms | hutch is spending all your scrap!...
[GAMING/SUR] | YouTube  | [Normal]     | 98%    |  601.2ms | :rocket-red-countdown-liftoff:...
[GAMING/SUR] | YouTube  | [Normal]     | 51%    |  561.2ms | Let’s gooooooo...
[GAMING/SUR] | YouTube  | [Normal]     | 95%    |  618.8ms | no  no. how are YOUUUU peanut...
[GAMING/SUR] | YouTube  | [Normal]     | 38%    |  622.5ms | Am I buggin or is peanut the goat of str...
[GAMING/SUR] | YouTube  | [Normal]     | 94%    |  575.6ms | hes the commander now...
[GAMING/SUR] | YouTube  | [Normal]     | 80%    |  681.3ms | NO SLEEP TILL BUNGLYN!!!!!!!!!!...
[GAMING/SUR] | YouTube  | [OFFENSIVE]  | 48%    |  615.7ms | Bro STFU about diarrhea all the time lmf...
[GAMING/SUR] | YouTube  | [OFFENSIVE]  | 58%    |  485.1ms | Where’s Gingy?...
[GAMING/SUR] | YouTube  | [Normal]     | 70%    |  518.4ms | May it be smooth and stinky...
[GAMING/SUR] | YouTube  | [Normal]     | 79%    |  478.3ms | What happened to your whiskey throat?...
[NEWS/LIVE ] | YouTube  | [Normal]     | 98%    |  579.6ms | Even animals and birds have their own ho...
[GAMING/SUR] | YouTube  | [Normal]     | 97%    |  522.6ms | 19 hrs...
[NEWS/LIVE ] | YouTube  | [Normal]     | 96%    | 1050.8ms | John Wayne type cheet "Coffin man prepar...
[GAMING/SUR] | YouTube  | [Normal]     | 97%    |  634.1ms | 23 hours...
[MUSIC/CHIL] | YouTube  | [Normal]     | 96%    |  655.9ms | Ee piyya evaru...
[GAMING/SUR] | YouTube  | [Normal]     | 97%    |  490.9ms | Arc!!!!...
[MUSIC/CHIL] | YouTube  | [Normal]     | 98%    |  491.6ms | :musical_score:...
[GAMING/SUR] | YouTube  | [Normal]     | 95%    |  427.8ms | H20...
[GAMING/SUR] | YouTube  | [Normal]     | 82%    |  523.3ms | Shut the door!!!!...
[GAMING/SUR] | YouTube  | [Normal]     | 95%    |  504.0ms | h2o...
[GAMING/SUR] | YouTube  | [Normal]     | 91%    |  481.1ms | Vanoss...
[GAMING/SUR] | YouTube  | [Normal]     | 92%    |  569.9ms | did you leave the door open...
[GAMING/SUR] | YouTube  | [Normal]     | 92%    |  505.9ms | it went away...
[GAMING/SUR] | YouTube  | [Normal]     | 76%    |  709.6ms | Imagine the amount of low grade fuel you...
[GAMING/SUR] | YouTube  | [Normal]     | 95%    |  559.5ms | Lollll...
[GAMING/SUR] | YouTube  | [Normal]     | 78%    |  581.7ms | GINGYYYYY...
[GAMING/SUR] | YouTube  | [Normal]     | 96%    |  797.4ms | yay mR_P":saluting_face::saluting_face:...
[PSYCHOLOGY] | YouTube  | [Normal]     | 93%    |  563.4ms | I’m chat-maxxing...
[MUSIC/CHIL] | YouTube  | [Normal]     | 96%    |  527.5ms | your love can you love my...
[GAMING/SUR] | YouTube  | [Normal]     | 94%    |  651.9ms | No way that’s delirious LMAO...
[PSYCHOLOGY] | YouTube  | [Normal]     | 95%    |  649.6ms | @MochiM00n we saw him over twitch...
[GAMING/SUR] | YouTube  | [Normal]     | 94%    |  496.7ms | Take his shot...
[PSYCHOLOGY] | YouTube  | [Normal]     | 97%    |  655.8ms | I rewatched the early modules...
[GAMING/SUR] | YouTube  | [Normal]     | 97%    |  698.1ms | :face-green-smiling::face-green-smiling:...
[GAMING/SUR] | YouTube  | [Normal]     | 94%    |  704.9ms | don't swing at people there  lol...
[GAMING/SUR] | YouTube  | [Normal]     | 76%    |  758.3ms | Can’t loot him it’s in a safe zone...
[GAMING/SUR] | YouTube  | [Normal]     | 97%    |  989.7ms | :face-green-smiling::face-green-smiling:...
[GAMING/SUR] | YouTube  | [Normal]     | 96%    |  564.9ms | Lmao...
[GAMING/SUR] | YouTube  | [Normal]     | 92%    |  606.0ms | the mods have that quik draw Mcgraw...
[GAMING/SUR] | YouTube  | [Normal]     | 92%    |  532.0ms | LMFAOOOOOOOOO...
[GAMING/SUR] | YouTube  | [Normal]     | 94%    |  470.3ms | Lmaoooooo...
[GAMING/SUR] | YouTube  | [Normal]     | 92%    |  476.5ms | :_LetsRide:...
[SELF-HELP/] | YouTube  | [Normal]     | 92%    |  417.5ms | H...
[GAMING/SUR] | YouTube  | [Normal]     | 55%    |  727.0ms | lol how is this place a safe zone should...
[GAMING/ESP] | YouTube  | [Normal]     | 94%    |  570.3ms | :moai:...
[PSYCHOLOGY] | YouTube  | [Normal]     | 95%    |  717.0ms | Hello everyone ! I hope all of you have ...
[GAMING/SUR] | YouTube  | [Normal]     | 73%    |  638.8ms | this turned into a bossmanjack stream...
[GAMING/SUR] | YouTube  | [Normal]     | 96%    |  545.3ms | yup...
[GAMING/SUR] | YouTube  | [Normal]     | 91%    |  488.9ms | W...
[GAMING/SUR] | YouTube  | [Normal]     | 91%    |  516.6ms | Hahahahahahahaha...
[GAMING/SUR] | YouTube  | [Normal]     | 95%    |  465.5ms | lmaooo...
[GAMING/SUR] | YouTube  | [Normal]     | 92%    |  554.7ms | he definintely busted...
[GAMING/SUR] | YouTube  | [Normal]     | 91%    |  566.5ms | don't gamble kids...
[GAMING/SUR] | YouTube  | [OFFENSIVE]  | 56%    |  722.0ms | No wayyyy...
[GAMING/SUR] | YouTube  | [Normal]     | 69%    |  460.7ms | got too greedy...
[GAMING/SUR] | YouTube  | [Normal]     | 93%    |  730.3ms | That’s it I’m going to the casino...
[MUSIC/CHIL] | YouTube  | [Normal]     | 95%    |  517.7ms | ......
[GAMING/SUR] | YouTube  | [Normal]     | 94%    |  602.8ms | you had 1000 scrap on you when you logge...
[GAMING/SUR] | YouTube  | [Normal]     | 98%    |  552.6ms | I LOVE :smiling_face_with_hearts:...
[GAMING/GAM] | YouTube  | [Normal]     | 93%    |  486.4ms | W W W W W...
[MUSIC/CHIL] | YouTube  | [Normal]     | 98%    |  557.2ms | okay halinkan tc bye :smiling_face_with_...
[GAMING/GAM] | YouTube  | [Normal]     | 96%    |  358.6ms | hi!...
[PSYCHOLOGY] | YouTube  | [Normal]     | 97%    |  471.3ms | Dr. K needs a NAS...
[GAMING/GAM] | YouTube  | [Normal]     | 95%    |  452.6ms | hello...
[ENTERTAINM] | YouTube  | [Normal]     | 91%    |  458.2ms | w...
[GAMING/GAM] | YouTube  | [Normal]     | 94%    |  581.8ms | Yay mark!!!!!!!...
[GAMING/GAM] | YouTube  | [Normal]     | 95%    |  423.8ms | Is that the creator of the number one mo...
[ENTERTAINM] | YouTube  | [Normal]     | 93%    |  294.8ms | ineed a laptop...
[ENTERTAINM] | YouTube  | [Normal]     | 91%    |  323.9ms | yooooooooooo...
[ENTERTAINM] | YouTube  | [Normal]     | 96%    |  333.8ms | 500million congratulations brother...
[GAMING/GAM] | YouTube  | [Normal]     | 94%    |  324.3ms | YES!!!...
[ENTERTAINM] | YouTube  | [Normal]     | 93%    |  344.0ms | yes...
[ENTERTAINM] | YouTube  | [OFFENSIVE]  | 57%    |  431.2ms | letssss goooo...
[MUSIC/CHIL] | YouTube  | [Normal]     | 95%    | 1073.7ms | @Tradexlav hi   how are you ? :backhand_...
[ENTERTAINM] | YouTube  | [Normal]     | 90%    |  303.1ms | india brother...
[GAMING/GAM] | YouTube  | [Normal]     | 97%    |  869.2ms | Mark  you are an incredible entertainer ...
