node,pid,run_id,seq,topic,partition,offset,kafka_ts_ms,kafka_ts_type,t_recv_ms,infer_ms,es_ms,t_done_ms,label,confidence
rasp1,34773,20261002-152846_clu_rasp14_pi4gb_r1,5,perf_20261002-152846_clu_rasp14_pi4gb_r1,2,0,1790954929878,0,1790954974742.629,687.676,211.195,1790954975642.33,OFFENSIVE,0.5445
rasp1,34773,20261002-152846_clu_rasp14_pi4gb_r1,6,perf_20261002-152846_clu_rasp14_pi4gb_r1,2,1,1790954929878,0,1790954975643.624,755.448,10.682,1790954976410.748,Normal,0.9157
rasp1,34773,20261002-152846_clu_rasp14_pi4gb_r1,10,perf_20261002-152846_clu_rasp14_pi4gb_r1,2,2,1790954929879,0,1790954976412.406,940.686,9.508,1790954977363.51,Normal,0.8199
rasp1,34773,20261002-152846_clu_rasp14_pi4gb_r1,12,perf_20261002-152846_clu_rasp14_pi4gb_r1,2,3,1790954929879,0,1790954977365.192,582.735,11.073,1790954977960.066,Normal,0.9532
rasp1,34773,20261002-152846_clu_rasp14_pi4gb_r1,15,perf_20261002-152846_clu_rasp14_pi4gb_r1,2,4,1790954929880,0,1790954977962.014,613.349,10.854,1790954978587.004,Normal,0.7288
rasp1,34773,20261002-152846_clu_rasp14_pi4gb_r1,20,perf_20261002-152846_clu_rasp14_pi4gb_r1,2,5,1790954929881,0,1790954978590.139,1210.912,9.215,1790954979816.073,Normal,0.9603
rasp1,34773,20261002-152846_clu_rasp14_pi4gb_r1,34,perf_20261002-152846_clu_rasp14_pi4gb_r1,2,6,1790954929884,0,1790954979818.005,476.627,8.433,1790954980303.97,Normal,0.9605
rasp1,34773,20261002-152846_clu_rasp14_pi4gb_r1,36,perf_20261002-152846_clu_rasp14_pi4gb_r1,2,7,1790954929884,0,1790954980305.151,643.275,16.249,1790954980965.335,Normal,0.9351
rasp1,34773,20261002-152846_clu_rasp14_pi4gb_r1,37,perf_20261002-152846_clu_rasp14_pi4gb_r1,2,8,1790954929884,0,1790954980966.857,831.806,9.901,1790954981809.442,Normal,0.9503
rasp1,34773,20261002-152846_clu_rasp14_pi4gb_r1,43,perf_20261002-152846_clu_rasp14_pi4gb_r1,2,9,1790954929886,0,1790954981822.361,978.801,9.792,1790954982811.62,OFFENSIVE,0.5659
rasp1,34773,20261002-152846_clu_rasp14_pi4gb_r1,47,perf_20261002-152846_clu_rasp14_pi4gb_r1,2,10,1790954929886,0,1790954982814.401,674.73,12.258,1790954983501.937,Normal,0.9515
rasp1,34773,20261002-152846_clu_rasp14_pi4gb_r1,52,perf_20261002-152846_clu_rasp14_pi4gb_r1,2,11,1790954929887,0,1790954983504.422,507.195,8.658,1790954984021.032,Normal,0.8595
rasp1,34773,20261002-152846_clu_rasp14_pi4gb_r1,54,perf_20261002-152846_clu_rasp14_pi4gb_r1,2,12,1790954929888,0,1790954984022.64,580.87,10.882,1790954984615.301,Normal,0.8958
rasp1,34773,20261002-152846_clu_rasp14_pi4gb_r1,55,perf_20261002-152846_clu_rasp14_pi4gb_r1,2,13,1790954929888,0,1790954984616.604,1113.166,10.971,1790954985741.66,Normal,0.9547
rasp1,34773,20261002-152846_clu_rasp14_pi4gb_r1,56,perf_20261002-152846_clu_rasp14_pi4gb_r1,2,14,1790954929888,0,1790954985743.929,2038.124,10.51,1790954987793.364,Normal,0.9532
rasp1,34773,20261002-152846_clu_rasp14_pi4gb_r1,58,perf_20261002-152846_clu_rasp14_pi4gb_r1,2,15,1790954929888,0,1790954987794.774,1380.754,12.433,1790954989189.336,Normal,0.9703
rasp1,34773,20261002-152846_clu_rasp14_pi4gb_r1,61,perf_20261002-152846_clu_rasp14_pi4gb_r1,2,16,1790954929889,0,1790954989191.265,645.648,11.138,1790954989848.695,Normal,0.9489
rasp1,34773,20261002-152846_clu_rasp14_pi4gb_r1,72,perf_20261002-152846_clu_rasp14_pi4gb_r1,2,17,1790954929891,0,1790954989850.448,665.141,11.71,1790954990528.293,Normal,0.9761
rasp1,34773,20261002-152846_clu_rasp14_pi4gb_r1,74,perf_20261002-152846_clu_rasp14_pi4gb_r1,2,18,1790954929891,0,1790954990530.314,723.66,10.752,1790954991265.298,Normal,0.9719
rasp1,34773,20261002-152846_clu_rasp14_pi4gb_r1,83,perf_20261002-152846_clu_rasp14_pi4gb_r1,2,19,1790954929893,0,1790954991267.124,1146.369,10.486,1790954992425.016,Normal,0.9678
rasp1,34773,20261002-152846_clu_rasp14_pi4gb_r1,101,perf_20261002-152846_clu_rasp14_pi4gb_r1,2,20,1790954929894,0,1790954992426.471,746.37,11.416,1790954993185.031,Normal,0.8852
rasp1,34773,20261002-152846_clu_rasp14_pi4gb_r1,106,perf_20261002-152846_clu_rasp14_pi4gb_r1,2,21,1790954929895,0,1790954993187.336,956.223,11.047,1790954994155.393,Normal,0.9671
rasp1,34773,20261002-152846_clu_rasp14_pi4gb_r1,110,perf_20261002-152846_clu_rasp14_pi4gb_r1,2,22,1790954929895,0,1790954994159.805,787.627,12.551,1790954994960.656,Normal,0.8809
rasp1,34773,20261002-152846_clu_rasp14_pi4gb_r1,111,perf_20261002-152846_clu_rasp14_pi4gb_r1,2,23,1790954929895,0,1790954994965.226,799.437,10.929,1790954995776.955,Normal,0.9248
rasp1,34773,20261002-152846_clu_rasp14_pi4gb_r1,118,perf_20261002-152846_clu_rasp14_pi4gb_r1,2,24,1790954929896,0,1790954995778.462,917.733,12.447,1790954996709.349,Normal,0.9087
rasp1,34773,20261002-152846_clu_rasp14_pi4gb_r1,129,perf_20261002-152846_clu_rasp14_pi4gb_r1,2,25,1790954929897,0,1790954996717.003,866.274,10.882,1790954997595.079,Normal,0.9673
rasp1,34773,20261002-152846_clu_rasp14_pi4gb_r1,137,perf_20261002-152846_clu_rasp14_pi4gb_r1,2,26,1790954929897,0,1790954997597.432,711.828,13.891,1790954998324.069,Normal,0.9294
rasp1,34773,20261002-152846_clu_rasp14_pi4gb_r1,139,perf_20261002-152846_clu_rasp14_pi4gb_r1,2,27,1790954929898,0,1790954998326.14,678.123,9.994,1790954999014.976,Normal,0.9679
rasp1,34773,20261002-152846_clu_rasp14_pi4gb_r1,140,perf_20261002-152846_clu_rasp14_pi4gb_r1,2,28,1790954929898,0,1790954999016.305,987.301,9.356,1790955000013.646,Normal,0.9753
rasp1,34773,20261002-152846_clu_rasp14_pi4gb_r1,146,perf_20261002-152846_clu_rasp14_pi4gb_r1,2,29,1790954929898,0,1790955000015.022,563.955,10.731,1790955000596.605,Normal,0.931
rasp1,34773,20261002-152846_clu_rasp14_pi4gb_r1,147,perf_20261002-152846_clu_rasp14_pi4gb_r1,2,30,1790954929898,0,1790955000599.497,895.775,11.159,1790955001507.492,Normal,0.9475
rasp1,34773,20261002-152846_clu_rasp14_pi4gb_r1,148,perf_20261002-152846_clu_rasp14_pi4gb_r1,2,31,1790954929898,0,1790955001509.189,650.855,9.208,1790955002169.972,Normal,0.9539
rasp1,34773,20261002-152846_clu_rasp14_pi4gb_r1,150,perf_20261002-152846_clu_rasp14_pi4gb_r1,2,32,1790954929914,0,1790955002172.28,830.961,9.94,1790955003013.98,Normal,0.8267
rasp1,34773,20261002-152846_clu_rasp14_pi4gb_r1,151,perf_20261002-152846_clu_rasp14_pi4gb_r1,2,33,1790954929914,0,1790955003015.692,988.539,9.499,1790955004014.819,Normal,0.9057
rasp1,34773,20261002-152846_clu_rasp14_pi4gb_r1,152,perf_20261002-152846_clu_rasp14_pi4gb_r1,2,34,1790954929915,0,1790955004016.618,872.34,9.807,1790955004899.465,Normal,0.9745
rasp1,34773,20261002-152846_clu_rasp14_pi4gb_r1,161,perf_20261002-152846_clu_rasp14_pi4gb_r1,2,35,1790954929937,0,1790955004902.279,1489.982,9.122,1790955006402.116,Normal,0.9305
rasp1,34773,20261002-152846_clu_rasp14_pi4gb_r1,162,perf_20261002-152846_clu_rasp14_pi4gb_r1,2,36,1790954929937,0,1790955006403.461,871.805,14.354,1790955007290.512,Normal,0.87
rasp1,34773,20261002-152846_clu_rasp14_pi4gb_r1,165,perf_20261002-152846_clu_rasp14_pi4gb_r1,2,37,1790954929939,0,1790955007291.99,1133.237,9.057,1790955008434.932,Normal,0.9407
rasp1,34773,20261002-152846_clu_rasp14_pi4gb_r1,167,perf_20261002-152846_clu_rasp14_pi4gb_r1,2,38,1790954929940,0,1790955008441.362,1209.939,10.482,1790955009666.007,Normal,0.7275
rasp1,34773,20261002-152846_clu_rasp14_pi4gb_r1,171,perf_20261002-152846_clu_rasp14_pi4gb_r1,2,39,1790954929940,0,1790955009672.514,858.878,13.354,1790955010545.455,Normal,0.9574
rasp1,34773,20261002-152846_clu_rasp14_pi4gb_r1,175,perf_20261002-152846_clu_rasp14_pi4gb_r1,2,40,1790954929941,0,1790955010547.217,687.288,10.882,1790955011246.689,Normal,0.9314
rasp1,34773,20261002-152846_clu_rasp14_pi4gb_r1,176,perf_20261002-152846_clu_rasp14_pi4gb_r1,2,41,1790954929941,0,1790955011248.771,782.78,10.358,1790955012042.951,Normal,0.7281
rasp1,34773,20261002-152846_clu_rasp14_pi4gb_r1,185,perf_20261002-152846_clu_rasp14_pi4gb_r1,2,42,1790954929943,0,1790955012045.102,1978.159,9.386,1790955014033.392,Normal,0.9335
rasp1,34773,20261002-152846_clu_rasp14_pi4gb_r1,189,perf_20261002-152846_clu_rasp14_pi4gb_r1,2,43,1790954929944,0,1790955014035.152,619.118,8.733,1790955014663.693,Normal,0.8925
rasp1,34773,20261002-152846_clu_rasp14_pi4gb_r1,192,perf_20261002-152846_clu_rasp14_pi4gb_r1,2,44,1790954929944,0,1790955014665.316,987.529,11.405,1790955015665.096,Normal,0.9544
rasp1,34773,20261002-152846_clu_rasp14_pi4gb_r1,200,perf_20261002-152846_clu_rasp14_pi4gb_r1,2,45,1790954929946,0,1790955015667.365,767.951,9.331,1790955016445.332,Normal,0.9569
rasp1,34773,20261002-152846_clu_rasp14_pi4gb_r1,201,perf_20261002-152846_clu_rasp14_pi4gb_r1,2,46,1790954929946,0,1790955016447.264,940.598,9.12,1790955017397.811,Normal,0.567
rasp1,34773,20261002-152846_clu_rasp14_pi4gb_r1,202,perf_20261002-152846_clu_rasp14_pi4gb_r1,2,47,1790954929946,0,1790955017399.659,826.304,9.993,1790955018236.849,Normal,0.966
rasp1,34773,20261002-152846_clu_rasp14_pi4gb_r1,203,perf_20261002-152846_clu_rasp14_pi4gb_r1,2,48,1790954929946,0,1790955018238.301,617.888,9.22,1790955018866.079,Normal,0.9589
rasp1,34773,20261002-152846_clu_rasp14_pi4gb_r1,207,perf_20261002-152846_clu_rasp14_pi4gb_r1,2,49,1790954929947,0,1790955018867.539,736.767,9.633,1790955019614.763,Normal,0.9563
rasp1,34773,20261002-152846_clu_rasp14_pi4gb_r1,213,perf_20261002-152846_clu_rasp14_pi4gb_r1,2,50,1790954929948,0,1790955019616.159,629.335,10.631,1790955020257.069,Normal,0.9629
rasp1,34773,20261002-152846_clu_rasp14_pi4gb_r1,217,perf_20261002-152846_clu_rasp14_pi4gb_r1,2,51,1790954929964,0,1790955020259.062,768.157,11.407,1790955021039.431,Normal,0.9635
rasp1,34773,20261002-152846_clu_rasp14_pi4gb_r1,220,perf_20261002-152846_clu_rasp14_pi4gb_r1,2,52,1790954929965,0,1790955021043.492,616.258,8.667,1790955021668.998,Normal,0.9627
rasp1,34773,20261002-152846_clu_rasp14_pi4gb_r1,221,perf_20261002-152846_clu_rasp14_pi4gb_r1,2,53,1790954929965,0,1790955021672.603,777.504,17.919,1790955022469.089,Normal,0.9292
rasp1,34773,20261002-152846_clu_rasp14_pi4gb_r1,229,perf_20261002-152846_clu_rasp14_pi4gb_r1,2,54,1790954929982,0,1790955022470.765,954.764,14.799,1790955023441.01,Normal,0.9234
rasp1,34773,20261002-152846_clu_rasp14_pi4gb_r1,230,perf_20261002-152846_clu_rasp14_pi4gb_r1,2,55,1790954929983,0,1790955023448.687,859.081,10.894,1790955024319.274,Normal,0.7449
rasp1,34773,20261002-152846_clu_rasp14_pi4gb_r1,234,perf_20261002-152846_clu_rasp14_pi4gb_r1,2,56,1790954929983,0,1790955024326.103,1692.47,10.119,1790955026029.599,Normal,0.9447
rasp1,34773,20261002-152846_clu_rasp14_pi4gb_r1,241,perf_20261002-152846_clu_rasp14_pi4gb_r1,2,57,1790954929984,0,1790955026032.117,808.323,16.162,1790955026861.368,Normal,0.9608
rasp1,34773,20261002-152846_clu_rasp14_pi4gb_r1,244,perf_20261002-152846_clu_rasp14_pi4gb_r1,2,58,1790954929985,0,1790955026866.23,871.765,23.919,1790955027763.031,OFFENSIVE,0.7323
rasp1,34773,20261002-152846_clu_rasp14_pi4gb_r1,247,perf_20261002-152846_clu_rasp14_pi4gb_r1,2,59,1790954929986,0,1790955027764.882,946.471,12.659,1790955028725.019,Normal,0.8993
rasp1,34773,20261002-152846_clu_rasp14_pi4gb_r1,257,perf_20261002-152846_clu_rasp14_pi4gb_r1,2,60,1790954929987,0,1790955028732.573,1508.195,26.291,1790955030267.891,Normal,0.961
rasp1,34773,20261002-152846_clu_rasp14_pi4gb_r1,265,perf_20261002-152846_clu_rasp14_pi4gb_r1,2,61,1790954929989,0,1790955030275.335,589.111,9.287,1790955030880.075,Normal,0.9354
rasp1,34773,20261002-152846_clu_rasp14_pi4gb_r1,278,perf_20261002-152846_clu_rasp14_pi4gb_r1,2,62,1790954929991,0,1790955030881.689,651.536,9.22,1790955031543.437,Normal,0.9589
rasp1,34773,20261002-152846_clu_rasp14_pi4gb_r1,279,perf_20261002-152846_clu_rasp14_pi4gb_r1,2,63,1790954929992,0,1790955031544.918,635.175,10.485,1790955032191.461,Normal,0.8888
rasp1,34773,20261002-152846_clu_rasp14_pi4gb_r1,284,perf_20261002-152846_clu_rasp14_pi4gb_r1,2,64,1790954929992,0,1790955032193.016,781.164,9.974,1790955032985.091,Normal,0.9561
rasp1,34773,20261002-152846_clu_rasp14_pi4gb_r1,287,perf_20261002-152846_clu_rasp14_pi4gb_r1,2,65,1790954929994,0,1790955032986.665,657.401,10.275,1790955033655.294,HATE,0.4159
rasp1,34773,20261002-152846_clu_rasp14_pi4gb_r1,297,perf_20261002-152846_clu_rasp14_pi4gb_r1,2,66,1790954929996,0,1790955033657.347,640.615,10.53,1790955034309.499,Normal,0.8081
rasp1,34773,20261002-152846_clu_rasp14_pi4gb_r1,300,perf_20261002-152846_clu_rasp14_pi4gb_r1,2,67,1790954929996,0,1790955034311.463,542.412,9.788,1790955034864.302,Normal,0.9475
rasp1,34773,20261002-152846_clu_rasp14_pi4gb_r1,303,perf_20261002-152846_clu_rasp14_pi4gb_r1,2,68,1790954929997,0,1790955034866.612,773.961,10.618,1790955035651.983,Normal,0.9381
rasp1,34773,20261002-152846_clu_rasp14_pi4gb_r1,311,perf_20261002-152846_clu_rasp14_pi4gb_r1,2,69,1790954929998,0,1790955035654.217,753.557,9.105,1790955036417.799,Normal,0.8292
rasp1,34773,20261002-152846_clu_rasp14_pi4gb_r1,313,perf_20261002-152846_clu_rasp14_pi4gb_r1,2,70,1790954929999,0,1790955036419.396,705.912,8.723,1790955037134.832,Normal,0.8096
rasp1,34773,20261002-152846_clu_rasp14_pi4gb_r1,316,perf_20261002-152846_clu_rasp14_pi4gb_r1,2,71,1790954929999,0,1790955037136.144,1229.735,10.017,1790955038376.655,Normal,0.9072
rasp1,34773,20261002-152846_clu_rasp14_pi4gb_r1,318,perf_20261002-152846_clu_rasp14_pi4gb_r1,2,72,1790954930000,0,1790955038378.099,875.479,9.423,1790955039263.838,Normal,0.9281
rasp1,34773,20261002-152846_clu_rasp14_pi4gb_r1,321,perf_20261002-152846_clu_rasp14_pi4gb_r1,2,73,1790954930000,0,1790955039265.225,612.985,9.074,1790955039888.17,Normal,0.9384
rasp1,34773,20261002-152846_clu_rasp14_pi4gb_r1,332,perf_20261002-152846_clu_rasp14_pi4gb_r1,2,74,1790954930002,0,1790955039889.683,1816.81,24.498,1790955041732.151,Normal,0.9379
rasp1,34773,20261002-152846_clu_rasp14_pi4gb_r1,335,perf_20261002-152846_clu_rasp14_pi4gb_r1,2,75,1790954930003,0,1790955041733.556,824.883,9.215,1790955042568.461,Normal,0.9633
rasp1,34773,20261002-152846_clu_rasp14_pi4gb_r1,336,perf_20261002-152846_clu_rasp14_pi4gb_r1,2,76,1790954930003,0,1790955042576.185,743.438,14.012,1790955043335.167,Normal,0.936
rasp1,34773,20261002-152846_clu_rasp14_pi4gb_r1,337,perf_20261002-152846_clu_rasp14_pi4gb_r1,2,77,1790954930003,0,1790955043342.673,962.655,10.834,1790955044317.115,Normal,0.9677
rasp1,34773,20261002-152846_clu_rasp14_pi4gb_r1,343,perf_20261002-152846_clu_rasp14_pi4gb_r1,2,78,1790954930005,0,1790955044318.568,832.053,10.11,1790955045161.567,Normal,0.9102
rasp1,34773,20261002-152846_clu_rasp14_pi4gb_r1,345,perf_20261002-152846_clu_rasp14_pi4gb_r1,2,79,1790954930005,0,1790955045163.448,865.36,9.871,1790955046039.464,Normal,0.9451
rasp1,34773,20261002-152846_clu_rasp14_pi4gb_r1,347,perf_20261002-152846_clu_rasp14_pi4gb_r1,2,80,1790954930005,0,1790955046041.249,631.868,11.761,1790955046685.895,Normal,0.4981
rasp1,34773,20261002-152846_clu_rasp14_pi4gb_r1,352,perf_20261002-152846_clu_rasp14_pi4gb_r1,2,81,1790954930006,0,1790955046688.784,872.404,9.348,1790955047571.303,Normal,0.9434
rasp1,34773,20261002-152846_clu_rasp14_pi4gb_r1,355,perf_20261002-152846_clu_rasp14_pi4gb_r1,2,82,1790954930007,0,1790955047572.888,560.863,8.56,1790955048142.936,Normal,0.9533
rasp1,34773,20261002-152846_clu_rasp14_pi4gb_r1,357,perf_20261002-152846_clu_rasp14_pi4gb_r1,2,83,1790954930007,0,1790955048144.524,1363.038,11.938,1790955049520.52,Normal,0.9697
rasp1,34773,20261002-152846_clu_rasp14_pi4gb_r1,359,perf_20261002-152846_clu_rasp14_pi4gb_r1,2,84,1790954930008,0,1790955049521.959,2064.538,9.285,1790955051596.548,Normal,0.9315
rasp1,34773,20261002-152846_clu_rasp14_pi4gb_r1,361,perf_20261002-152846_clu_rasp14_pi4gb_r1,2,85,1790954930008,0,1790955051597.955,579.312,8.769,1790955052186.919,Normal,0.955
rasp1,34773,20261002-152846_clu_rasp14_pi4gb_r1,362,perf_20261002-152846_clu_rasp14_pi4gb_r1,2,86,1790954930008,0,1790955052188.434,528.785,11.326,1790955052729.646,Normal,0.8661
rasp1,34773,20261002-152846_clu_rasp14_pi4gb_r1,369,perf_20261002-152846_clu_rasp14_pi4gb_r1,2,87,1790954930010,0,1790955052731.136,541.187,10.327,1790955053283.585,Normal,0.931
rasp1,34773,20261002-152846_clu_rasp14_pi4gb_r1,380,perf_20261002-152846_clu_rasp14_pi4gb_r1,2,88,1790954930012,0,1790955053285.223,536.172,11.397,1790955053833.507,Normal,0.9475
rasp1,34773,20261002-152846_clu_rasp14_pi4gb_r1,381,perf_20261002-152846_clu_rasp14_pi4gb_r1,2,89,1790954930012,0,1790955053836.115,656.631,13.057,1790955054506.426,Normal,0.9162
rasp1,34773,20261002-152846_clu_rasp14_pi4gb_r1,383,perf_20261002-152846_clu_rasp14_pi4gb_r1,2,90,1790954930012,0,1790955054507.885,1135.054,21.815,1790955055666.169,Normal,0.9746
rasp1,34773,20261002-152846_clu_rasp14_pi4gb_r1,386,perf_20261002-152846_clu_rasp14_pi4gb_r1,2,91,1790954930013,0,1790955055667.934,878.878,14.542,1790955056562.062,Normal,0.9673
rasp1,34773,20261002-152846_clu_rasp14_pi4gb_r1,387,perf_20261002-152846_clu_rasp14_pi4gb_r1,2,92,1790954930013,0,1790955056570.254,849.168,10.623,1790955057430.867,Normal,0.9608
rasp1,34773,20261002-152846_clu_rasp14_pi4gb_r1,389,perf_20261002-152846_clu_rasp14_pi4gb_r1,2,93,1790954930013,0,1790955057433.307,767.91,10.873,1790955058212.971,Normal,0.958
rasp1,34773,20261002-152846_clu_rasp14_pi4gb_r1,390,perf_20261002-152846_clu_rasp14_pi4gb_r1,2,94,1790954930014,0,1790955058214.842,973.365,9.618,1790955059198.763,Normal,0.847
rasp1,34773,20261002-152846_clu_rasp14_pi4gb_r1,394,perf_20261002-152846_clu_rasp14_pi4gb_r1,2,95,1790954930014,0,1790955059200.858,818.086,10.956,1790955060030.651,Normal,0.8427
rasp1,34773,20261002-152846_clu_rasp14_pi4gb_r1,397,perf_20261002-152846_clu_rasp14_pi4gb_r1,2,96,1790954930014,0,1790955060033.044,1189.712,10.109,1790955061233.609,Normal,0.9649
rasp1,34773,20261002-152846_clu_rasp14_pi4gb_r1,402,perf_20261002-152846_clu_rasp14_pi4gb_r1,2,97,1790954930019,0,1790955061235.13,1884.182,11.295,1790955063131.548,Normal,0.9746
rasp1,34773,20261002-152846_clu_rasp14_pi4gb_r1,409,perf_20261002-152846_clu_rasp14_pi4gb_r1,2,98,1790954930020,0,1790955063133.386,2268.947,9.549,1790955065412.595,Normal,0.9773
rasp1,34773,20261002-152846_clu_rasp14_pi4gb_r1,410,perf_20261002-152846_clu_rasp14_pi4gb_r1,2,99,1790954930020,0,1790955065413.978,802.6,9.526,1790955066226.803,Normal,0.9553
rasp1,34773,20261002-152846_clu_rasp14_pi4gb_r1,415,perf_20261002-152846_clu_rasp14_pi4gb_r1,2,100,1790954930021,0,1790955066228.236,937.289,9.994,1790955067176.429,Normal,0.7213
rasp1,34773,20261002-152846_clu_rasp14_pi4gb_r1,423,perf_20261002-152846_clu_rasp14_pi4gb_r1,2,101,1790954930021,0,1790955067178.41,641.179,12.115,1790955067832.533,Normal,0.9592
rasp1,34773,20261002-152846_clu_rasp14_pi4gb_r1,428,perf_20261002-152846_clu_rasp14_pi4gb_r1,2,102,1790954930022,0,1790955067840.543,756.715,15.909,1790955068614.261,Normal,0.9375
rasp1,34773,20261002-152846_clu_rasp14_pi4gb_r1,446,perf_20261002-152846_clu_rasp14_pi4gb_r1,2,103,1790954930023,0,1790955068615.564,1395.974,8.413,1790955070023.596,Normal,0.9723
rasp1,34773,20261002-152846_clu_rasp14_pi4gb_r1,448,perf_20261002-152846_clu_rasp14_pi4gb_r1,2,104,1790954930024,0,1790955070025.156,657.252,13.618,1790955070697.796,Normal,0.9417
rasp1,34773,20261002-152846_clu_rasp14_pi4gb_r1,450,perf_20261002-152846_clu_rasp14_pi4gb_r1,2,105,1790954930024,0,1790955070699.205,884.844,10.023,1790955071594.695,Normal,0.9547
rasp1,34773,20261002-152846_clu_rasp14_pi4gb_r1,458,perf_20261002-152846_clu_rasp14_pi4gb_r1,2,106,1790954930025,0,1790955071596.861,1107.71,9.986,1790955072715.332,Normal,0.9563
rasp1,34773,20261002-152846_clu_rasp14_pi4gb_r1,459,perf_20261002-152846_clu_rasp14_pi4gb_r1,2,107,1790954930025,0,1790955072717.292,1218.498,10.805,1790955073947.355,Normal,0.9543
rasp1,34773,20261002-152846_clu_rasp14_pi4gb_r1,460,perf_20261002-152846_clu_rasp14_pi4gb_r1,2,108,1790954930025,0,1790955073949.066,852.031,12.093,1790955074814.047,Normal,0.9753
rasp1,34773,20261002-152846_clu_rasp14_pi4gb_r1,465,perf_20261002-152846_clu_rasp14_pi4gb_r1,2,109,1790954930025,0,1790955074816.024,690.828,9.506,1790955075517.066,Normal,0.931
rasp1,34773,20261002-152846_clu_rasp14_pi4gb_r1,466,perf_20261002-152846_clu_rasp14_pi4gb_r1,2,110,1790954930025,0,1790955075518.693,868.225,10.335,1790955076398.214,Normal,0.9689
rasp1,34773,20261002-152846_clu_rasp14_pi4gb_r1,471,perf_20261002-152846_clu_rasp14_pi4gb_r1,2,111,1790954930026,0,1790955076399.969,920.358,12.809,1790955077334.282,Normal,0.8189
rasp1,34773,20261002-152846_clu_rasp14_pi4gb_r1,474,perf_20261002-152846_clu_rasp14_pi4gb_r1,2,112,1790954930026,0,1790955077337.276,933.94,9.678,1790955078281.688,Normal,0.9303
rasp1,34773,20261002-152846_clu_rasp14_pi4gb_r1,476,perf_20261002-152846_clu_rasp14_pi4gb_r1,2,113,1790954930026,0,1790955078283.619,732.71,11.876,1790955079029.002,Normal,0.9239
rasp1,34773,20261002-152846_clu_rasp14_pi4gb_r1,482,perf_20261002-152846_clu_rasp14_pi4gb_r1,2,114,1790954930027,0,1790955079031.335,1372.103,9.85,1790955080414.225,Normal,0.9319
rasp1,34773,20261002-152846_clu_rasp14_pi4gb_r1,490,perf_20261002-152846_clu_rasp14_pi4gb_r1,2,115,1790954930027,0,1790955080415.693,926.656,13.117,1790955081356.498,Normal,0.8313
rasp1,34773,20261002-152846_clu_rasp14_pi4gb_r1,499,perf_20261002-152846_clu_rasp14_pi4gb_r1,2,116,1790954930028,0,1790955081364.22,1434.903,10.932,1790955082811.09,Normal,0.9378
rasp1,34773,20261002-152846_clu_rasp14_pi4gb_r1,504,perf_20261002-152846_clu_rasp14_pi4gb_r1,2,117,1790954930028,0,1790955082819.044,1030.72,14.705,1790955083865.152,Normal,0.4319
rasp1,34773,20261002-152846_clu_rasp14_pi4gb_r1,511,perf_20261002-152846_clu_rasp14_pi4gb_r1,2,118,1790954930029,0,1790955083879.651,730.547,10.825,1790955084622.049,Normal,0.9509
rasp1,34773,20261002-152846_clu_rasp14_pi4gb_r1,519,perf_20261002-152846_clu_rasp14_pi4gb_r1,2,119,1790954930034,0,1790955084624.164,699.87,10.584,1790955085335.542,Normal,0.9589
rasp1,34773,20261002-152846_clu_rasp14_pi4gb_r1,528,perf_20261002-152846_clu_rasp14_pi4gb_r1,2,120,1790954930035,0,1790955085338.366,572.764,11.135,1790955085923.257,Normal,0.9375
rasp1,34773,20261002-152846_clu_rasp14_pi4gb_r1,532,perf_20261002-152846_clu_rasp14_pi4gb_r1,2,121,1790954930035,0,1790955085925.298,1085.087,9.02,1790955087020.088,Normal,0.9772
rasp1,34773,20261002-152846_clu_rasp14_pi4gb_r1,533,perf_20261002-152846_clu_rasp14_pi4gb_r1,2,122,1790954930035,0,1790955087021.998,939.047,14.2,1790955087976.66,Normal,0.9612
rasp1,34773,20261002-152846_clu_rasp14_pi4gb_r1,537,perf_20261002-152846_clu_rasp14_pi4gb_r1,2,123,1790954930035,0,1790955087979.218,1428.275,9.363,1790955089417.668,Normal,0.9659
rasp1,34773,20261002-152846_clu_rasp14_pi4gb_r1,539,perf_20261002-152846_clu_rasp14_pi4gb_r1,2,124,1790954930036,0,1790955089419.946,871.602,10.677,1790955090303.123,Normal,0.9345
rasp1,34773,20261002-152846_clu_rasp14_pi4gb_r1,547,perf_20261002-152846_clu_rasp14_pi4gb_r1,2,125,1790954930036,0,1790955090304.678,846.568,8.926,1790955091160.908,Normal,0.9733
rasp1,34773,20261002-152846_clu_rasp14_pi4gb_r1,548,perf_20261002-152846_clu_rasp14_pi4gb_r1,2,126,1790954930036,0,1790955091162.23,807.786,10.201,1790955091981.081,Normal,0.8177
rasp1,34773,20261002-152846_clu_rasp14_pi4gb_r1,560,perf_20261002-152846_clu_rasp14_pi4gb_r1,2,127,1790954930037,0,1790955091982.512,1374.3,9.85,1790955093367.382,Normal,0.9751
rasp1,34773,20261002-152846_clu_rasp14_pi4gb_r1,562,perf_20261002-152846_clu_rasp14_pi4gb_r1,2,128,1790954930038,0,1790955093368.968,734.328,12.668,1790955094116.67,Normal,0.9601
rasp1,34773,20261002-152846_clu_rasp14_pi4gb_r1,564,perf_20261002-152846_clu_rasp14_pi4gb_r1,2,129,1790954930038,0,1790955094120.685,1689.402,9.792,1790955095820.684,Normal,0.9762
rasp1,34773,20261002-152846_clu_rasp14_pi4gb_r1,565,perf_20261002-152846_clu_rasp14_pi4gb_r1,2,130,1790954930038,0,1790955095822.111,1380.286,13.415,1790955097216.864,Normal,0.8109
rasp1,34773,20261002-152846_clu_rasp14_pi4gb_r1,567,perf_20261002-152846_clu_rasp14_pi4gb_r1,2,131,1790954930038,0,1790955097222.082,734.205,14.176,1790955097971.265,Normal,0.9597
rasp1,34773,20261002-152846_clu_rasp14_pi4gb_r1,568,perf_20261002-152846_clu_rasp14_pi4gb_r1,2,132,1790954930038,0,1790955097973.105,3046.766,9.508,1790955101030.647,Normal,0.9723
rasp1,34773,20261002-152846_clu_rasp14_pi4gb_r1,569,perf_20261002-152846_clu_rasp14_pi4gb_r1,2,133,1790954930038,0,1790955101032.251,824.038,9.563,1790955101866.594,Normal,0.8974
rasp1,34773,20261002-152846_clu_rasp14_pi4gb_r1,579,perf_20261002-152846_clu_rasp14_pi4gb_r1,2,134,1790954930040,0,1790955101868.429,675.65,9.479,1790955102554.308,Normal,0.8954
rasp1,34773,20261002-152846_clu_rasp14_pi4gb_r1,580,perf_20261002-152846_clu_rasp14_pi4gb_r1,2,135,1790954930040,0,1790955102555.889,671.484,10.201,1790955103238.819,Normal,0.9483
rasp1,34773,20261002-152846_clu_rasp14_pi4gb_r1,587,perf_20261002-152846_clu_rasp14_pi4gb_r1,2,136,1790954930041,0,1790955103240.463,1028.537,10.62,1790955104280.267,Normal,0.918
rasp1,34773,20261002-152846_clu_rasp14_pi4gb_r1,589,perf_20261002-152846_clu_rasp14_pi4gb_r1,2,137,1790954930041,0,1790955104281.915,640.184,11.397,1790955104934.352,Normal,0.9309
rasp1,34773,20261002-152846_clu_rasp14_pi4gb_r1,614,perf_20261002-152846_clu_rasp14_pi4gb_r1,2,138,1790954930043,0,1790955104936.293,621.05,9.054,1790955105567.264,Normal,0.9457
rasp1,34773,20261002-152846_clu_rasp14_pi4gb_r1,620,perf_20261002-152846_clu_rasp14_pi4gb_r1,2,139,1790954930043,0,1790955105568.596,831.768,11.67,1790955106413.144,Normal,0.9613
rasp1,34773,20261002-152846_clu_rasp14_pi4gb_r1,621,perf_20261002-152846_clu_rasp14_pi4gb_r1,2,140,1790954930043,0,1790955106415.011,626.163,8.399,1790955107050.328,Normal,0.8992
rasp1,34773,20261002-152846_clu_rasp14_pi4gb_r1,623,perf_20261002-152846_clu_rasp14_pi4gb_r1,2,141,1790954930044,0,1790955107051.785,597.855,8.94,1790955107659.626,Normal,0.9309
rasp1,34773,20261002-152846_clu_rasp14_pi4gb_r1,629,perf_20261002-152846_clu_rasp14_pi4gb_r1,2,142,1790954930044,0,1790955107661.452,950.776,10.854,1790955108623.82,Normal,0.6746
rasp1,34773,20261002-152846_clu_rasp14_pi4gb_r1,630,perf_20261002-152846_clu_rasp14_pi4gb_r1,2,143,1790954930044,0,1790955108629.104,742.022,15.544,1790955109388.041,Normal,0.6003
rasp1,34773,20261002-152846_clu_rasp14_pi4gb_r1,634,perf_20261002-152846_clu_rasp14_pi4gb_r1,2,144,1790954930044,0,1790955109389.448,908.628,21.354,1790955110320.0,Normal,0.9415
rasp1,34773,20261002-152846_clu_rasp14_pi4gb_r1,636,perf_20261002-152846_clu_rasp14_pi4gb_r1,2,145,1790954930061,0,1790955110321.313,1065.351,8.496,1790955111395.895,Normal,0.8753
rasp1,34773,20261002-152846_clu_rasp14_pi4gb_r1,638,perf_20261002-152846_clu_rasp14_pi4gb_r1,2,146,1790954930061,0,1790955111403.688,2011.369,12.061,1790955113428.23,Normal,0.932
rasp1,34773,20261002-152846_clu_rasp14_pi4gb_r1,643,perf_20261002-152846_clu_rasp14_pi4gb_r1,2,147,1790954930080,0,1790955113430.167,952.919,12.027,1790955114396.297,Normal,0.858
rasp1,34773,20261002-152846_clu_rasp14_pi4gb_r1,647,perf_20261002-152846_clu_rasp14_pi4gb_r1,2,148,1790954930081,0,1790955114398.436,1404.93,8.958,1790955115813.052,Normal,0.9262
rasp1,34773,20261002-152846_clu_rasp14_pi4gb_r1,648,perf_20261002-152846_clu_rasp14_pi4gb_r1,2,149,1790954930081,0,1790955115814.748,724.356,9.926,1790955116549.769,Normal,0.9608
rasp1,34773,20261002-152846_clu_rasp14_pi4gb_r1,650,perf_20261002-152846_clu_rasp14_pi4gb_r1,2,150,1790954930082,0,1790955116551.236,1229.616,9.792,1790955117791.384,Normal,0.9434
rasp1,34773,20261002-152846_clu_rasp14_pi4gb_r1,652,perf_20261002-152846_clu_rasp14_pi4gb_r1,2,151,1790954930082,0,1790955117793.248,598.674,9.591,1790955118402.893,Normal,0.936
rasp1,34773,20261002-152846_clu_rasp14_pi4gb_r1,655,perf_20261002-152846_clu_rasp14_pi4gb_r1,2,152,1790954930083,0,1790955118404.38,632.133,11.928,1790955119055.296,Normal,0.8426
rasp1,34773,20261002-152846_clu_rasp14_pi4gb_r1,657,perf_20261002-152846_clu_rasp14_pi4gb_r1,2,153,1790954930083,0,1790955119057.038,952.277,9.969,1790955120020.279,OFFENSIVE,0.926
rasp1,34773,20261002-152846_clu_rasp14_pi4gb_r1,658,perf_20261002-152846_clu_rasp14_pi4gb_r1,2,154,1790954930083,0,1790955120021.881,594.955,10.248,1790955120628.037,Normal,0.9375
rasp1,34773,20261002-152846_clu_rasp14_pi4gb_r1,659,perf_20261002-152846_clu_rasp14_pi4gb_r1,2,155,1790954930083,0,1790955120629.454,851.545,9.94,1790955121491.584,Normal,0.9521
rasp1,34773,20261002-152846_clu_rasp14_pi4gb_r1,661,perf_20261002-152846_clu_rasp14_pi4gb_r1,2,156,1790954930084,0,1790955121493.218,743.407,9.876,1790955122247.224,Normal,0.9544
rasp1,34773,20261002-152846_clu_rasp14_pi4gb_r1,666,perf_20261002-152846_clu_rasp14_pi4gb_r1,2,157,1790954930085,0,1790955122248.616,720.737,9.974,1790955122980.152,Normal,0.9423
rasp1,34773,20261002-152846_clu_rasp14_pi4gb_r1,674,perf_20261002-152846_clu_rasp14_pi4gb_r1,2,158,1790954930106,0,1790955122981.926,1228.616,14.143,1790955124225.461,Normal,0.965
rasp1,34773,20261002-152846_clu_rasp14_pi4gb_r1,680,perf_20261002-152846_clu_rasp14_pi4gb_r1,2,159,1790954930107,0,1790955124227.618,646.003,11.898,1790955124886.254,Normal,0.9423
rasp1,34773,20261002-152846_clu_rasp14_pi4gb_r1,682,perf_20261002-152846_clu_rasp14_pi4gb_r1,2,160,1790954930107,0,1790955124893.51,704.099,11.911,1790955125610.235,Normal,0.8661
rasp1,34773,20261002-152846_clu_rasp14_pi4gb_r1,687,perf_20261002-152846_clu_rasp14_pi4gb_r1,2,161,1790954930108,0,1790955125611.826,581.09,15.991,1790955126210.173,Normal,0.8661
rasp1,34773,20261002-152846_clu_rasp14_pi4gb_r1,695,perf_20261002-152846_clu_rasp14_pi4gb_r1,2,162,1790954930110,0,1790955126211.511,576.277,13.36,1790955126801.685,Normal,0.9465
rasp1,34773,20261002-152846_clu_rasp14_pi4gb_r1,697,perf_20261002-152846_clu_rasp14_pi4gb_r1,2,163,1790954930110,0,1790955126803.207,906.757,12.811,1790955127723.791,Normal,0.9333
rasp1,34773,20261002-152846_clu_rasp14_pi4gb_r1,701,perf_20261002-152846_clu_rasp14_pi4gb_r1,2,164,1790954930111,0,1790955127726.301,698.339,9.304,1790955128434.783,Normal,0.9504
rasp1,34773,20261002-152846_clu_rasp14_pi4gb_r1,703,perf_20261002-152846_clu_rasp14_pi4gb_r1,2,165,1790954930111,0,1790955128436.258,575.979,8.194,1790955129021.434,Normal,0.9475
rasp1,34773,20261002-152846_clu_rasp14_pi4gb_r1,709,perf_20261002-152846_clu_rasp14_pi4gb_r1,2,166,1790954930112,0,1790955129023.117,685.734,9.327,1790955129718.975,Normal,0.9246
rasp1,34773,20261002-152846_clu_rasp14_pi4gb_r1,714,perf_20261002-152846_clu_rasp14_pi4gb_r1,2,167,1790954930113,0,1790955129720.418,2357.022,10.144,1790955132088.329,Normal,0.9766
rasp1,34773,20261002-152846_clu_rasp14_pi4gb_r1,717,perf_20261002-152846_clu_rasp14_pi4gb_r1,2,168,1790954930114,0,1790955132089.871,1198.054,9.406,1790955133297.988,Normal,0.9559
rasp1,34773,20261002-152846_clu_rasp14_pi4gb_r1,719,perf_20261002-152846_clu_rasp14_pi4gb_r1,2,169,1790954930114,0,1790955133299.302,500.244,8.0,1790955133808.2,Normal,0.9364
rasp1,34773,20261002-152846_clu_rasp14_pi4gb_r1,721,perf_20261002-152846_clu_rasp14_pi4gb_r1,2,170,1790954930114,0,1790955133809.875,501.144,9.051,1790955134320.834,Normal,0.9224
rasp1,34773,20261002-152846_clu_rasp14_pi4gb_r1,724,perf_20261002-152846_clu_rasp14_pi4gb_r1,2,171,1790954930115,0,1790955134322.083,2942.647,10.808,1790955137276.249,Normal,0.9772
rasp1,34773,20261002-152846_clu_rasp14_pi4gb_r1,725,perf_20261002-152846_clu_rasp14_pi4gb_r1,2,172,1790954930115,0,1790955137283.069,938.278,10.257,1790955138232.418,Normal,0.9369
rasp1,34773,20261002-152846_clu_rasp14_pi4gb_r1,733,perf_20261002-152846_clu_rasp14_pi4gb_r1,2,173,1790954930118,0,1790955138237.978,652.42,12.704,1790955138903.835,Normal,0.9375
rasp1,34773,20261002-152846_clu_rasp14_pi4gb_r1,734,perf_20261002-152846_clu_rasp14_pi4gb_r1,2,174,1790954930118,0,1790955138908.526,1497.89,12.09,1790955140419.647,Normal,0.9378
rasp1,34773,20261002-152846_clu_rasp14_pi4gb_r1,747,perf_20261002-152846_clu_rasp14_pi4gb_r1,2,175,1790954930120,0,1790955140422.093,1852.162,13.17,1790955142288.515,Normal,0.9704
rasp1,34773,20261002-152846_clu_rasp14_pi4gb_r1,756,perf_20261002-152846_clu_rasp14_pi4gb_r1,2,176,1790954930122,0,1790955142290.577,656.206,9.679,1790955142957.24,Normal,0.9048
rasp1,34773,20261002-152846_clu_rasp14_pi4gb_r1,760,perf_20261002-152846_clu_rasp14_pi4gb_r1,2,177,1790954930123,0,1790955142958.951,764.555,9.824,1790955143734.429,Normal,0.942
rasp1,34773,20261002-152846_clu_rasp14_pi4gb_r1,762,perf_20261002-152846_clu_rasp14_pi4gb_r1,2,178,1790954930123,0,1790955143736.138,547.305,10.052,1790955144294.454,Normal,0.9375
rasp1,34773,20261002-152846_clu_rasp14_pi4gb_r1,764,perf_20261002-152846_clu_rasp14_pi4gb_r1,2,179,1790954930124,0,1790955144296.417,872.95,11.926,1790955145182.272,Normal,0.9611
rasp1,34773,20261002-152846_clu_rasp14_pi4gb_r1,773,perf_20261002-152846_clu_rasp14_pi4gb_r1,2,180,1790954930125,0,1790955145183.961,634.596,10.5,1790955145829.958,Normal,0.9375
rasp1,34773,20261002-152846_clu_rasp14_pi4gb_r1,778,perf_20261002-152846_clu_rasp14_pi4gb_r1,2,181,1790954930126,0,1790955145832.037,805.525,9.687,1790955146648.358,Normal,0.9591
rasp1,34773,20261002-152846_clu_rasp14_pi4gb_r1,782,perf_20261002-152846_clu_rasp14_pi4gb_r1,2,182,1790954930127,0,1790955146651.284,892.54,10.443,1790955147555.125,Normal,0.9525
rasp1,34773,20261002-152846_clu_rasp14_pi4gb_r1,790,perf_20261002-152846_clu_rasp14_pi4gb_r1,2,183,1790954930129,0,1790955147556.696,1308.752,9.218,1790955148875.771,Normal,0.9464
rasp1,34773,20261002-152846_clu_rasp14_pi4gb_r1,794,perf_20261002-152846_clu_rasp14_pi4gb_r1,2,184,1790954930130,0,1790955148877.158,1104.403,11.112,1790955149993.605,Normal,0.9711
rasp1,34773,20261002-152846_clu_rasp14_pi4gb_r1,797,perf_20261002-152846_clu_rasp14_pi4gb_r1,2,185,1790954930130,0,1790955149995.84,671.013,9.586,1790955150677.006,Normal,0.9192
rasp1,34773,20261002-152846_clu_rasp14_pi4gb_r1,803,perf_20261002-152846_clu_rasp14_pi4gb_r1,2,186,1790954930131,0,1790955150684.505,1444.29,9.969,1790955152139.521,Normal,0.9485
rasp1,34773,20261002-152846_clu_rasp14_pi4gb_r1,807,perf_20261002-152846_clu_rasp14_pi4gb_r1,2,187,1790954930132,0,1790955152147.302,1349.975,9.517,1790955153507.461,Normal,0.9427
rasp1,34773,20261002-152846_clu_rasp14_pi4gb_r1,812,perf_20261002-152846_clu_rasp14_pi4gb_r1,2,188,1790954930133,0,1790955153512.044,1681.338,10.583,1790955155204.851,Normal,0.94
rasp1,34773,20261002-152846_clu_rasp14_pi4gb_r1,813,perf_20261002-152846_clu_rasp14_pi4gb_r1,2,189,1790954930133,0,1790955155206.382,1408.677,10.887,1790955156627.385,Normal,0.7331
rasp1,34773,20261002-152846_clu_rasp14_pi4gb_r1,823,perf_20261002-152846_clu_rasp14_pi4gb_r1,2,190,1790954930134,0,1790955156628.854,564.218,9.429,1790955157203.317,Normal,0.9475
rasp1,34773,20261002-152846_clu_rasp14_pi4gb_r1,829,perf_20261002-152846_clu_rasp14_pi4gb_r1,2,191,1790954930135,0,1790955157204.777,591.144,9.415,1790955157806.092,Normal,0.9556
rasp1,34773,20261002-152846_clu_rasp14_pi4gb_r1,830,perf_20261002-152846_clu_rasp14_pi4gb_r1,2,192,1790954930135,0,1790955157807.891,617.376,10.373,1790955158436.354,Normal,0.9513
rasp1,34773,20261002-152846_clu_rasp14_pi4gb_r1,832,perf_20261002-152846_clu_rasp14_pi4gb_r1,2,193,1790954930135,0,1790955158437.679,874.463,11.542,1790955159325.072,Normal,0.8724
rasp1,34773,20261002-152846_clu_rasp14_pi4gb_r1,833,perf_20261002-152846_clu_rasp14_pi4gb_r1,2,194,1790954930135,0,1790955159326.91,979.186,12.387,1790955160319.5,Normal,0.9718
rasp1,34773,20261002-152846_clu_rasp14_pi4gb_r1,836,perf_20261002-152846_clu_rasp14_pi4gb_r1,2,195,1790954930135,0,1790955160340.097,690.453,9.962,1790955161041.273,Normal,0.9501
rasp1,34773,20261002-152846_clu_rasp14_pi4gb_r1,839,perf_20261002-152846_clu_rasp14_pi4gb_r1,2,196,1790954930135,0,1790955161043.141,653.657,12.455,1790955161710.008,Normal,0.9119
rasp1,34773,20261002-152846_clu_rasp14_pi4gb_r1,840,perf_20261002-152846_clu_rasp14_pi4gb_r1,2,197,1790954930136,0,1790955161712.987,1430.125,9.758,1790955163153.63,Normal,0.9144
rasp1,34773,20261002-152846_clu_rasp14_pi4gb_r1,841,perf_20261002-152846_clu_rasp14_pi4gb_r1,2,198,1790954930136,0,1790955163156.255,637.032,10.736,1790955163804.958,Normal,0.9643
rasp1,34773,20261002-152846_clu_rasp14_pi4gb_r1,842,perf_20261002-152846_clu_rasp14_pi4gb_r1,2,199,1790954930136,0,1790955163807.086,783.669,8.748,1790955164600.181,Normal,0.9313
rasp1,34773,20261002-152846_clu_rasp14_pi4gb_r1,845,perf_20261002-152846_clu_rasp14_pi4gb_r1,2,200,1790954930136,0,1790955164601.62,1162.819,9.108,1790955165776.496,Normal,0.4952
rasp1,34773,20261002-152846_clu_rasp14_pi4gb_r1,847,perf_20261002-152846_clu_rasp14_pi4gb_r1,2,201,1790954930136,0,1790955165780.606,778.853,10.067,1790955166570.461,Normal,0.8808
rasp1,34773,20261002-152846_clu_rasp14_pi4gb_r1,848,perf_20261002-152846_clu_rasp14_pi4gb_r1,2,202,1790954930136,0,1790955166579.065,1403.932,16.744,1790955168001.081,Normal,0.9009
rasp1,34773,20261002-152846_clu_rasp14_pi4gb_r1,874,perf_20261002-152846_clu_rasp14_pi4gb_r1,2,203,1790954930142,0,1790955168006.388,1929.832,11.013,1790955169948.188,Normal,0.9319
rasp1,34773,20261002-152846_clu_rasp14_pi4gb_r1,880,perf_20261002-152846_clu_rasp14_pi4gb_r1,2,204,1790954930142,0,1790955169950.293,625.849,9.418,1790955170586.58,Normal,0.8412
rasp1,34773,20261002-152846_clu_rasp14_pi4gb_r1,882,perf_20261002-152846_clu_rasp14_pi4gb_r1,2,205,1790954930143,0,1790955170588.197,975.044,8.882,1790955171572.798,Normal,0.946
rasp1,34773,20261002-152846_clu_rasp14_pi4gb_r1,886,perf_20261002-152846_clu_rasp14_pi4gb_r1,2,206,1790954930143,0,1790955171574.109,962.438,8.658,1790955172545.837,Normal,0.9649
rasp1,34773,20261002-152846_clu_rasp14_pi4gb_r1,894,perf_20261002-152846_clu_rasp14_pi4gb_r1,2,207,1790954930144,0,1790955172547.129,798.374,9.037,1790955173355.195,Normal,0.7975
rasp1,34773,20261002-152846_clu_rasp14_pi4gb_r1,897,perf_20261002-152846_clu_rasp14_pi4gb_r1,2,208,1790954930144,0,1790955173356.507,644.753,10.297,1790955174012.25,Normal,0.939
rasp1,34773,20261002-152846_clu_rasp14_pi4gb_r1,900,perf_20261002-152846_clu_rasp14_pi4gb_r1,2,209,1790954930144,0,1790955174014.271,1255.61,10.709,1790955175281.385,Normal,0.9649
rasp1,34773,20261002-152846_clu_rasp14_pi4gb_r1,910,perf_20261002-152846_clu_rasp14_pi4gb_r1,2,210,1790954930145,0,1790955175282.896,719.35,10.748,1790955176013.938,Normal,0.9224
rasp1,34773,20261002-152846_clu_rasp14_pi4gb_r1,912,perf_20261002-152846_clu_rasp14_pi4gb_r1,2,211,1790954930145,0,1790955176015.956,1157.805,9.715,1790955177184.249,Normal,0.9126
rasp1,34773,20261002-152846_clu_rasp14_pi4gb_r1,913,perf_20261002-152846_clu_rasp14_pi4gb_r1,2,212,1790954930145,0,1790955177185.964,583.52,9.209,1790955177779.675,Normal,0.9618
rasp1,34773,20261002-152846_clu_rasp14_pi4gb_r1,914,perf_20261002-152846_clu_rasp14_pi4gb_r1,2,213,1790954930145,0,1790955177780.988,542.645,8.529,1790955178332.831,Normal,0.9514
rasp1,34773,20261002-152846_clu_rasp14_pi4gb_r1,916,perf_20261002-152846_clu_rasp14_pi4gb_r1,2,214,1790954930145,0,1790955178334.074,1572.235,11.316,1790955179918.488,Normal,0.9117
rasp1,34773,20261002-152846_clu_rasp14_pi4gb_r1,921,perf_20261002-152846_clu_rasp14_pi4gb_r1,2,215,1790954930150,0,1790955179926.127,1989.231,8.353,1790955181924.468,Normal,0.9747
rasp1,34773,20261002-152846_clu_rasp14_pi4gb_r1,923,perf_20261002-152846_clu_rasp14_pi4gb_r1,2,216,1790954930150,0,1790955181926.08,1744.456,11.606,1790955183682.937,Normal,0.9544
rasp1,34773,20261002-152846_clu_rasp14_pi4gb_r1,924,perf_20261002-152846_clu_rasp14_pi4gb_r1,2,217,1790954930150,0,1790955183684.78,1336.867,10.436,1790955185032.903,Normal,0.9706
rasp1,34773,20261002-152846_clu_rasp14_pi4gb_r1,927,perf_20261002-152846_clu_rasp14_pi4gb_r1,2,218,1790954930150,0,1790955185034.573,855.551,9.413,1790955185900.225,Normal,0.974
rasp1,34773,20261002-152846_clu_rasp14_pi4gb_r1,935,perf_20261002-152846_clu_rasp14_pi4gb_r1,2,219,1790954930151,0,1790955185901.955,525.864,10.547,1790955186439.185,Normal,0.9494
rasp1,34773,20261002-152846_clu_rasp14_pi4gb_r1,939,perf_20261002-152846_clu_rasp14_pi4gb_r1,2,220,1790954930151,0,1790955186440.997,593.072,10.781,1790955187045.933,Normal,0.9375
rasp1,34773,20261002-152846_clu_rasp14_pi4gb_r1,946,perf_20261002-152846_clu_rasp14_pi4gb_r1,2,221,1790954930152,0,1790955187047.621,654.445,8.684,1790955187711.382,OFFENSIVE,0.7203
rasp1,34773,20261002-152846_clu_rasp14_pi4gb_r1,947,perf_20261002-152846_clu_rasp14_pi4gb_r1,2,222,1790954930152,0,1790955187713.082,1040.292,8.711,1790955188763.078,Normal,0.9314
rasp1,34773,20261002-152846_clu_rasp14_pi4gb_r1,948,perf_20261002-152846_clu_rasp14_pi4gb_r1,2,223,1790954930152,0,1790955188764.394,793.908,11.686,1790955189571.306,Normal,0.9546
rasp1,34773,20261002-152846_clu_rasp14_pi4gb_r1,950,perf_20261002-152846_clu_rasp14_pi4gb_r1,2,224,1790954930152,0,1790955189573.678,622.3,10.642,1790955190207.482,Normal,0.9541
rasp1,34773,20261002-152846_clu_rasp14_pi4gb_r1,960,perf_20261002-152846_clu_rasp14_pi4gb_r1,2,225,1790954930153,0,1790955190210.534,527.758,8.886,1790955190748.01,Normal,0.8412
rasp1,34773,20261002-152846_clu_rasp14_pi4gb_r1,965,perf_20261002-152846_clu_rasp14_pi4gb_r1,2,226,1790954930154,0,1790955190749.367,727.821,8.547,1790955191486.423,Normal,0.9563
rasp1,34773,20261002-152846_clu_rasp14_pi4gb_r1,966,perf_20261002-152846_clu_rasp14_pi4gb_r1,2,227,1790954930154,0,1790955191487.849,1296.589,11.904,1790955192797.185,Normal,0.971
rasp1,34773,20261002-152846_clu_rasp14_pi4gb_r1,976,perf_20261002-152846_clu_rasp14_pi4gb_r1,2,228,1790954930156,0,1790955192802.098,921.92,16.013,1790955193740.59,Normal,0.9522
rasp1,34773,20261002-152846_clu_rasp14_pi4gb_r1,978,perf_20261002-152846_clu_rasp14_pi4gb_r1,2,229,1790954930156,0,1790955193749.193,6034.58,10.215,1790955199795.237,Normal,0.9685
rasp1,34773,20261002-152846_clu_rasp14_pi4gb_r1,979,perf_20261002-152846_clu_rasp14_pi4gb_r1,2,230,1790954930156,0,1790955199797.02,904.614,10.442,1790955200712.967,Normal,0.9626
rasp1,34773,20261002-152846_clu_rasp14_pi4gb_r1,981,perf_20261002-152846_clu_rasp14_pi4gb_r1,2,231,1790954930157,0,1790955200714.488,630.311,9.079,1790955201354.524,Normal,0.9492
rasp1,34773,20261002-152846_clu_rasp14_pi4gb_r1,982,perf_20261002-152846_clu_rasp14_pi4gb_r1,2,232,1790954930157,0,1790955201355.966,1323.782,12.976,1790955202693.617,Normal,0.9784
rasp1,34773,20261002-152846_clu_rasp14_pi4gb_r1,986,perf_20261002-152846_clu_rasp14_pi4gb_r1,2,233,1790954930157,0,1790955202695.918,1109.833,8.978,1790955203815.354,Normal,0.9361
rasp1,34773,20261002-152846_clu_rasp14_pi4gb_r1,997,perf_20261002-152846_clu_rasp14_pi4gb_r1,2,234,1790954930158,0,1790955203816.805,620.18,12.269,1790955204450.141,Normal,0.9554
rasp1,34773,20261002-152846_clu_rasp14_pi4gb_r1,998,perf_20261002-152846_clu_rasp14_pi4gb_r1,2,235,1790954930158,0,1790955204452.002,658.223,11.801,1790955205123.029,Normal,0.9192
rasp1,34773,20261002-152846_clu_rasp14_pi4gb_r1,1000,perf_20261002-152846_clu_rasp14_pi4gb_r1,2,236,1790954930158,0,1790955205124.91,932.883,11.602,1790955206070.417,Normal,0.9164
rasp1,34773,20261002-152846_clu_rasp14_pi4gb_r1,1010,perf_20261002-152846_clu_rasp14_pi4gb_r1,2,237,1790954930159,0,1790955206073.992,1016.422,10.638,1790955207102.322,Normal,0.8504
rasp1,34773,20261002-152846_clu_rasp14_pi4gb_r1,1013,perf_20261002-152846_clu_rasp14_pi4gb_r1,2,238,1790954930159,0,1790955207105.269,804.08,8.815,1790955207918.905,Normal,0.9531
rasp1,34773,20261002-152846_clu_rasp14_pi4gb_r1,1018,perf_20261002-152846_clu_rasp14_pi4gb_r1,2,239,1790954930160,0,1790955207920.639,590.823,11.556,1790955208523.829,Normal,0.9345
rasp1,34773,20261002-152846_clu_rasp14_pi4gb_r1,1019,perf_20261002-152846_clu_rasp14_pi4gb_r1,2,240,1790954930160,0,1790955208532.306,1008.317,9.078,1790955209550.661,Normal,0.9352
rasp1,34773,20261002-152846_clu_rasp14_pi4gb_r1,1022,perf_20261002-152846_clu_rasp14_pi4gb_r1,2,241,1790954930160,0,1790955209554.431,687.185,14.017,1790955210256.379,Normal,0.8738
rasp1,34773,20261002-152846_clu_rasp14_pi4gb_r1,1028,perf_20261002-152846_clu_rasp14_pi4gb_r1,2,242,1790954930161,0,1790955210258.048,780.72,10.554,1790955211050.248,Normal,0.6456
rasp1,34773,20261002-152846_clu_rasp14_pi4gb_r1,1029,perf_20261002-152846_clu_rasp14_pi4gb_r1,2,243,1790954930161,0,1790955211052.525,642.006,9.823,1790955211705.151,Normal,0.9266
rasp1,34773,20261002-152846_clu_rasp14_pi4gb_r1,1030,perf_20261002-152846_clu_rasp14_pi4gb_r1,2,244,1790954930161,0,1790955211707.129,891.624,9.815,1790955212609.466,Normal,0.9665
rasp1,34773,20261002-152846_clu_rasp14_pi4gb_r1,1032,perf_20261002-152846_clu_rasp14_pi4gb_r1,2,245,1790954930161,0,1790955212610.895,3404.371,10.819,1790955216026.902,Normal,0.9601
rasp1,34773,20261002-152846_clu_rasp14_pi4gb_r1,1034,perf_20261002-152846_clu_rasp14_pi4gb_r1,2,246,1790954930161,0,1790955216028.221,605.006,10.248,1790955216644.213,Normal,0.4554
rasp1,34773,20261002-152846_clu_rasp14_pi4gb_r1,1037,perf_20261002-152846_clu_rasp14_pi4gb_r1,2,247,1790954930178,0,1790955216646.326,687.266,9.728,1790955217344.067,Normal,0.9658
rasp1,34773,20261002-152846_clu_rasp14_pi4gb_r1,1041,perf_20261002-152846_clu_rasp14_pi4gb_r1,2,248,1790954930189,0,1790955217345.499,817.92,9.558,1790955218174.003,Normal,0.9584
rasp1,34773,20261002-152846_clu_rasp14_pi4gb_r1,1048,perf_20261002-152846_clu_rasp14_pi4gb_r1,2,249,1790954930205,0,1790955218175.669,552.185,8.81,1790955218737.365,Normal,0.9627
rasp1,34773,20261002-152846_clu_rasp14_pi4gb_r1,1057,perf_20261002-152846_clu_rasp14_pi4gb_r1,2,250,1790954930220,0,1790955218739.177,2290.324,14.52,1790955221045.093,Normal,0.9466
rasp1,34773,20261002-152846_clu_rasp14_pi4gb_r1,1060,perf_20261002-152846_clu_rasp14_pi4gb_r1,2,251,1790954930221,0,1790955221050.132,741.425,22.282,1790955221818.23,Normal,0.7933
rasp1,34773,20261002-152846_clu_rasp14_pi4gb_r1,1065,perf_20261002-152846_clu_rasp14_pi4gb_r1,2,252,1790954930221,0,1790955221819.571,886.724,14.531,1790955222724.664,Normal,0.9084
rasp1,34773,20261002-152846_clu_rasp14_pi4gb_r1,1067,perf_20261002-152846_clu_rasp14_pi4gb_r1,2,253,1790954930222,0,1790955222726.679,2578.103,12.262,1790955225318.543,Normal,0.9724
rasp1,34773,20261002-152846_clu_rasp14_pi4gb_r1,1068,perf_20261002-152846_clu_rasp14_pi4gb_r1,2,254,1790954930222,0,1790955225321.526,941.953,11.101,1790955226275.418,Normal,0.9592
rasp1,34773,20261002-152846_clu_rasp14_pi4gb_r1,1070,perf_20261002-152846_clu_rasp14_pi4gb_r1,2,255,1790954930222,0,1790955226277.355,691.758,10.504,1790955226980.41,Normal,0.9728
rasp1,34773,20261002-152846_clu_rasp14_pi4gb_r1,1071,perf_20261002-152846_clu_rasp14_pi4gb_r1,2,256,1790954930223,0,1790955226982.463,890.973,11.097,1790955227885.386,Normal,0.881
rasp1,34773,20261002-152846_clu_rasp14_pi4gb_r1,1072,perf_20261002-152846_clu_rasp14_pi4gb_r1,2,257,1790954930223,0,1790955227887.556,926.264,9.56,1790955228824.155,Normal,0.6321
rasp1,34773,20261002-152846_clu_rasp14_pi4gb_r1,1073,perf_20261002-152846_clu_rasp14_pi4gb_r1,2,258,1790954930223,0,1790955228826.019,603.524,11.443,1790955229442.362,Normal,0.9375
rasp1,34773,20261002-152846_clu_rasp14_pi4gb_r1,1074,perf_20261002-152846_clu_rasp14_pi4gb_r1,2,259,1790954930223,0,1790955229444.371,1050.77,9.465,1790955230505.42,OFFENSIVE,0.6502
rasp1,34773,20261002-152846_clu_rasp14_pi4gb_r1,1081,perf_20261002-152846_clu_rasp14_pi4gb_r1,2,260,1790954930224,0,1790955230507.245,1189.945,11.286,1790955231709.451,Normal,0.9409
rasp1,34773,20261002-152846_clu_rasp14_pi4gb_r1,1083,perf_20261002-152846_clu_rasp14_pi4gb_r1,2,261,1790954930225,0,1790955231712.145,764.091,9.226,1790955232486.2,Normal,0.9575
rasp1,34773,20261002-152846_clu_rasp14_pi4gb_r1,1088,perf_20261002-152846_clu_rasp14_pi4gb_r1,2,262,1790954930226,0,1790955232487.583,1012.93,9.886,1790955233511.219,Normal,0.9424
rasp1,34773,20261002-152846_clu_rasp14_pi4gb_r1,1097,perf_20261002-152846_clu_rasp14_pi4gb_r1,2,263,1790954930227,0,1790955233512.553,772.987,9.662,1790955234295.917,Normal,0.9654
rasp1,34773,20261002-152846_clu_rasp14_pi4gb_r1,1099,perf_20261002-152846_clu_rasp14_pi4gb_r1,2,264,1790954930228,0,1790955234297.329,1546.42,15.87,1790955235860.675,Normal,0.9351
rasp1,34773,20261002-152846_clu_rasp14_pi4gb_r1,1105,perf_20261002-152846_clu_rasp14_pi4gb_r1,2,265,1790954930229,0,1790955235869.931,993.174,12.118,1790955236876.017,Normal,0.951
rasp1,34773,20261002-152846_clu_rasp14_pi4gb_r1,1109,perf_20261002-152846_clu_rasp14_pi4gb_r1,2,266,1790954930230,0,1790955236877.592,864.484,8.598,1790955237751.281,Normal,0.9257
rasp1,34773,20261002-152846_clu_rasp14_pi4gb_r1,1110,perf_20261002-152846_clu_rasp14_pi4gb_r1,2,267,1790954930230,0,1790955237758.177,917.698,10.067,1790955238686.769,Normal,0.8559
rasp1,34773,20261002-152846_clu_rasp14_pi4gb_r1,1113,perf_20261002-152846_clu_rasp14_pi4gb_r1,2,268,1790954930231,0,1790955238688.827,617.52,8.817,1790955239315.863,Normal,0.9694
rasp1,34773,20261002-152846_clu_rasp14_pi4gb_r1,1119,perf_20261002-152846_clu_rasp14_pi4gb_r1,2,269,1790954930232,0,1790955239317.121,688.29,9.289,1790955240015.416,Normal,0.9721
rasp1,34773,20261002-152846_clu_rasp14_pi4gb_r1,1120,perf_20261002-152846_clu_rasp14_pi4gb_r1,2,270,1790954930232,0,1790955240016.805,520.179,8.679,1790955240546.263,Normal,0.9608
rasp1,34773,20261002-152846_clu_rasp14_pi4gb_r1,1123,perf_20261002-152846_clu_rasp14_pi4gb_r1,2,271,1790954930233,0,1790955240547.491,570.453,9.524,1790955241128.308,Normal,0.957
rasp1,34773,20261002-152846_clu_rasp14_pi4gb_r1,1128,perf_20261002-152846_clu_rasp14_pi4gb_r1,2,272,1790954930234,0,1790955241129.813,1686.201,9.232,1790955242825.93,Normal,0.968
rasp1,34773,20261002-152846_clu_rasp14_pi4gb_r1,1132,perf_20261002-152846_clu_rasp14_pi4gb_r1,2,273,1790954930234,0,1790955242827.423,769.546,12.991,1790955243611.247,Normal,0.9555
rasp1,34773,20261002-152846_clu_rasp14_pi4gb_r1,1134,perf_20261002-152846_clu_rasp14_pi4gb_r1,2,274,1790954930235,0,1790955243614.405,818.517,8.579,1790955244442.366,Normal,0.9473
rasp1,34773,20261002-152846_clu_rasp14_pi4gb_r1,1136,perf_20261002-152846_clu_rasp14_pi4gb_r1,2,275,1790954930235,0,1790955244444.322,582.077,8.608,1790955245035.795,Normal,0.9561
rasp1,34773,20261002-152846_clu_rasp14_pi4gb_r1,1137,perf_20261002-152846_clu_rasp14_pi4gb_r1,2,276,1790954930236,0,1790955245037.475,579.693,8.736,1790955245626.566,Normal,0.9473
rasp1,34773,20261002-152846_clu_rasp14_pi4gb_r1,1138,perf_20261002-152846_clu_rasp14_pi4gb_r1,2,277,1790954930236,0,1790955245628.154,704.921,11.048,1790955246344.846,Normal,0.9413
rasp1,34773,20261002-152846_clu_rasp14_pi4gb_r1,1141,perf_20261002-152846_clu_rasp14_pi4gb_r1,2,278,1790954930236,0,1790955246346.53,505.129,10.824,1790955246863.285,Normal,0.9405
rasp1,34773,20261002-152846_clu_rasp14_pi4gb_r1,1145,perf_20261002-152846_clu_rasp14_pi4gb_r1,2,279,1790954930237,0,1790955246865.616,581.317,10.118,1790955247458.042,Normal,0.9711
rasp1,34773,20261002-152846_clu_rasp14_pi4gb_r1,1147,perf_20261002-152846_clu_rasp14_pi4gb_r1,2,280,1790954930237,0,1790955247459.614,577.556,9.858,1790955248047.798,Normal,0.9096
rasp1,34773,20261002-152846_clu_rasp14_pi4gb_r1,1152,perf_20261002-152846_clu_rasp14_pi4gb_r1,2,281,1790954930238,0,1790955248049.665,803.205,16.972,1790955248870.52,Normal,0.9568
rasp1,34773,20261002-152846_clu_rasp14_pi4gb_r1,1159,perf_20261002-152846_clu_rasp14_pi4gb_r1,2,282,1790954930240,0,1790955248871.943,768.02,15.923,1790955249657.137,Normal,0.9627
rasp1,34773,20261002-152846_clu_rasp14_pi4gb_r1,1162,perf_20261002-152846_clu_rasp14_pi4gb_r1,2,283,1790954930240,0,1790955249658.685,2352.402,12.773,1790955252024.995,Normal,0.9411
rasp1,34773,20261002-152846_clu_rasp14_pi4gb_r1,1172,perf_20261002-152846_clu_rasp14_pi4gb_r1,2,284,1790954930242,0,1790955252026.28,587.771,9.223,1790955252623.879,Normal,0.86
rasp1,34773,20261002-152846_clu_rasp14_pi4gb_r1,1174,perf_20261002-152846_clu_rasp14_pi4gb_r1,2,285,1790954930243,0,1790955252625.521,723.377,9.531,1790955253359.073,Normal,0.9368
rasp1,34773,20261002-152846_clu_rasp14_pi4gb_r1,1180,perf_20261002-152846_clu_rasp14_pi4gb_r1,2,286,1790954930244,0,1790955253360.655,1629.543,9.245,1790955255000.197,Normal,0.968
rasp1,34773,20261002-152846_clu_rasp14_pi4gb_r1,1183,perf_20261002-152846_clu_rasp14_pi4gb_r1,2,287,1790954930244,0,1790955255002.636,1084.337,10.822,1790955256098.444,Normal,0.4246
rasp1,34773,20261002-152846_clu_rasp14_pi4gb_r1,1184,perf_20261002-152846_clu_rasp14_pi4gb_r1,2,288,1790954930245,0,1790955256101.144,724.726,9.302,1790955256835.784,Normal,0.9507
rasp1,34773,20261002-152846_clu_rasp14_pi4gb_r1,1189,perf_20261002-152846_clu_rasp14_pi4gb_r1,2,289,1790954930245,0,1790955256837.095,746.548,8.454,1790955257592.875,Normal,0.9629
rasp1,34773,20261002-152846_clu_rasp14_pi4gb_r1,1193,perf_20261002-152846_clu_rasp14_pi4gb_r1,2,290,1790954930247,0,1790955257594.151,531.29,10.008,1790955258136.56,Normal,0.9171
rasp1,34773,20261002-152846_clu_rasp14_pi4gb_r1,1194,perf_20261002-152846_clu_rasp14_pi4gb_r1,2,291,1790954930247,0,1790955258138.153,4677.689,9.584,1790955262826.472,Normal,0.9511
rasp1,34773,20261002-152846_clu_rasp14_pi4gb_r1,1198,perf_20261002-152846_clu_rasp14_pi4gb_r1,2,292,1790954930248,0,1790955262833.23,1119.263,12.237,1790955263965.371,Normal,0.953
rasp1,34773,20261002-152846_clu_rasp14_pi4gb_r1,1222,perf_20261002-152846_clu_rasp14_pi4gb_r1,2,293,1790954930252,0,1790955263970.068,756.526,9.993,1790955264737.467,Normal,0.932
rasp1,34773,20261002-152846_clu_rasp14_pi4gb_r1,1224,perf_20261002-152846_clu_rasp14_pi4gb_r1,2,294,1790954930252,0,1790955264742.475,775.458,11.204,1790955265530.068,HATE,0.4387
rasp1,34773,20261002-152846_clu_rasp14_pi4gb_r1,1226,perf_20261002-152846_clu_rasp14_pi4gb_r1,2,295,1790954930253,0,1790955265532.451,1037.521,9.657,1790955266580.245,Normal,0.9765
rasp1,34773,20261002-152846_clu_rasp14_pi4gb_r1,1237,perf_20261002-152846_clu_rasp14_pi4gb_r1,2,296,1790954930254,0,1790955266581.796,965.23,9.077,1790955267556.861,Normal,0.9761
rasp1,34773,20261002-152846_clu_rasp14_pi4gb_r1,1244,perf_20261002-152846_clu_rasp14_pi4gb_r1,2,297,1790954930254,0,1790955267558.677,1227.018,8.415,1790955268794.851,Normal,0.9604
rasp1,34773,20261002-152846_clu_rasp14_pi4gb_r1,1248,perf_20261002-152846_clu_rasp14_pi4gb_r1,2,298,1790954930255,0,1790955268796.601,610.498,9.558,1790955269417.574,Normal,0.9423
rasp1,34773,20261002-152846_clu_rasp14_pi4gb_r1,1249,perf_20261002-152846_clu_rasp14_pi4gb_r1,2,299,1790954930255,0,1790955269419.311,683.903,11.661,1790955270116.016,Normal,0.9556
rasp1,34773,20261002-152846_clu_rasp14_pi4gb_r1,1254,perf_20261002-152846_clu_rasp14_pi4gb_r1,2,300,1790954930255,0,1790955270117.948,1979.262,8.033,1790955272105.973,Normal,0.9677
rasp1,34773,20261002-152846_clu_rasp14_pi4gb_r1,1260,perf_20261002-152846_clu_rasp14_pi4gb_r1,2,301,1790954930255,0,1790955272107.282,598.203,10.628,1790955272717.009,Normal,0.9453
rasp1,34773,20261002-152846_clu_rasp14_pi4gb_r1,1266,perf_20261002-152846_clu_rasp14_pi4gb_r1,2,302,1790954930256,0,1790955272718.587,862.997,10.116,1790955273592.596,Normal,0.9547
rasp1,34773,20261002-152846_clu_rasp14_pi4gb_r1,1270,perf_20261002-152846_clu_rasp14_pi4gb_r1,2,303,1790954930256,0,1790955273594.379,623.878,11.067,1790955274230.333,Normal,0.9274
rasp1,34773,20261002-152846_clu_rasp14_pi4gb_r1,1277,perf_20261002-152846_clu_rasp14_pi4gb_r1,2,304,1790954930260,0,1790955274232.331,1436.172,11.25,1790955275685.952,Normal,0.9497
rasp1,34773,20261002-152846_clu_rasp14_pi4gb_r1,1278,perf_20261002-152846_clu_rasp14_pi4gb_r1,2,305,1790954930260,0,1790955275687.938,565.44,14.271,1790955276268.296,Normal,0.9105
rasp1,34773,20261002-152846_clu_rasp14_pi4gb_r1,1284,perf_20261002-152846_clu_rasp14_pi4gb_r1,2,306,1790954930260,0,1790955276269.61,645.943,20.555,1790955276936.987,Normal,0.9008
rasp1,34773,20261002-152846_clu_rasp14_pi4gb_r1,1286,perf_20261002-152846_clu_rasp14_pi4gb_r1,2,307,1790954930261,0,1790955276938.644,783.72,11.181,1790955277734.237,Normal,0.9537
rasp1,34773,20261002-152846_clu_rasp14_pi4gb_r1,1291,perf_20261002-152846_clu_rasp14_pi4gb_r1,2,308,1790954930261,0,1790955277738.896,788.674,14.103,1790955278542.512,Normal,0.9788
rasp1,34773,20261002-152846_clu_rasp14_pi4gb_r1,1292,perf_20261002-152846_clu_rasp14_pi4gb_r1,2,309,1790954930261,0,1790955278550.394,1024.389,11.41,1790955279587.093,Normal,0.8965
rasp1,34773,20261002-152846_clu_rasp14_pi4gb_r1,1297,perf_20261002-152846_clu_rasp14_pi4gb_r1,2,310,1790954930261,0,1790955279589.81,1420.545,9.794,1790955281020.925,Normal,0.9775
rasp1,34773,20261002-152846_clu_rasp14_pi4gb_r1,1298,perf_20261002-152846_clu_rasp14_pi4gb_r1,2,311,1790954930262,0,1790955281022.415,808.447,10.214,1790955281841.871,Normal,0.9584
rasp1,34773,20261002-152846_clu_rasp14_pi4gb_r1,1305,perf_20261002-152846_clu_rasp14_pi4gb_r1,2,312,1790954930262,0,1790955281844.45,664.862,17.717,1790955282528.034,Normal,0.9475
rasp1,34773,20261002-152846_clu_rasp14_pi4gb_r1,1307,perf_20261002-152846_clu_rasp14_pi4gb_r1,2,313,1790954930262,0,1790955282530.211,591.178,10.302,1790955283132.58,Normal,0.9375
rasp1,34773,20261002-152846_clu_rasp14_pi4gb_r1,1308,perf_20261002-152846_clu_rasp14_pi4gb_r1,2,314,1790954930262,0,1790955283134.377,2603.197,9.833,1790955285753.885,Normal,0.7337
rasp1,34773,20261002-152846_clu_rasp14_pi4gb_r1,1309,perf_20261002-152846_clu_rasp14_pi4gb_r1,2,315,1790954930262,0,1790955285755.266,630.365,9.23,1790955286395.656,Normal,0.9694
rasp1,34773,20261002-152846_clu_rasp14_pi4gb_r1,1315,perf_20261002-152846_clu_rasp14_pi4gb_r1,2,316,1790954930263,0,1790955286397.231,869.974,11.374,1790955287279.797,Normal,0.9523
rasp1,34773,20261002-152846_clu_rasp14_pi4gb_r1,1318,perf_20261002-152846_clu_rasp14_pi4gb_r1,2,317,1790954930263,0,1790955287281.288,758.252,9.897,1790955288050.302,Normal,0.9479
rasp1,34773,20261002-152846_clu_rasp14_pi4gb_r1,1320,perf_20261002-152846_clu_rasp14_pi4gb_r1,2,318,1790954930263,0,1790955288051.881,751.133,9.356,1790955288813.217,Normal,0.7209
rasp1,34773,20261002-152846_clu_rasp14_pi4gb_r1,1323,perf_20261002-152846_clu_rasp14_pi4gb_r1,2,319,1790954930263,0,1790955288814.613,809.815,10.766,1790955289636.794,Normal,0.9394
rasp1,34773,20261002-152846_clu_rasp14_pi4gb_r1,1325,perf_20261002-152846_clu_rasp14_pi4gb_r1,2,320,1790954930264,0,1790955289638.481,754.696,10.401,1790955290404.298,Normal,0.567
rasp1,34773,20261002-152846_clu_rasp14_pi4gb_r1,1327,perf_20261002-152846_clu_rasp14_pi4gb_r1,2,321,1790954930264,0,1790955290408.131,855.72,11.015,1790955291278.949,Normal,0.958
rasp1,34773,20261002-152846_clu_rasp14_pi4gb_r1,1330,perf_20261002-152846_clu_rasp14_pi4gb_r1,2,322,1790954930264,0,1790955291287.34,777.663,10.428,1790955292076.54,Normal,0.9194
rasp1,34773,20261002-152846_clu_rasp14_pi4gb_r1,1339,perf_20261002-152846_clu_rasp14_pi4gb_r1,2,323,1790954930266,0,1790955292082.296,671.896,10.21,1790955292765.32,Normal,0.9479
rasp1,34773,20261002-152846_clu_rasp14_pi4gb_r1,1340,perf_20261002-152846_clu_rasp14_pi4gb_r1,2,324,1790954930266,0,1790955292766.868,625.05,11.57,1790955293404.109,Normal,0.9438
rasp1,34773,20261002-152846_clu_rasp14_pi4gb_r1,1345,perf_20261002-152846_clu_rasp14_pi4gb_r1,2,325,1790954930266,0,1790955293408.493,585.176,9.407,1790955294004.25,Normal,0.9447
rasp1,34773,20261002-152846_clu_rasp14_pi4gb_r1,1348,perf_20261002-152846_clu_rasp14_pi4gb_r1,2,326,1790954930267,0,1790955294006.014,756.923,10.3,1790955294774.13,Normal,0.9727
rasp1,34773,20261002-152846_clu_rasp14_pi4gb_r1,1353,perf_20261002-152846_clu_rasp14_pi4gb_r1,2,327,1790954930267,0,1790955294775.796,701.753,10.614,1790955295489.046,Normal,0.975
rasp1,34773,20261002-152846_clu_rasp14_pi4gb_r1,1355,perf_20261002-152846_clu_rasp14_pi4gb_r1,2,328,1790954930267,0,1790955295491.508,2353.841,10.109,1790955297856.193,Normal,0.9675
rasp1,34773,20261002-152846_clu_rasp14_pi4gb_r1,1356,perf_20261002-152846_clu_rasp14_pi4gb_r1,2,329,1790954930267,0,1790955297857.692,564.173,8.375,1790955298431.152,Normal,0.9569
rasp1,34773,20261002-152846_clu_rasp14_pi4gb_r1,1362,perf_20261002-152846_clu_rasp14_pi4gb_r1,2,330,1790954930268,0,1790955298432.872,634.122,9.333,1790955299076.996,Normal,0.9608
rasp1,34773,20261002-152846_clu_rasp14_pi4gb_r1,1363,perf_20261002-152846_clu_rasp14_pi4gb_r1,2,331,1790954930268,0,1790955299078.937,602.036,10.999,1790955299693.059,Normal,0.9572
rasp1,34773,20261002-152846_clu_rasp14_pi4gb_r1,1371,perf_20261002-152846_clu_rasp14_pi4gb_r1,2,332,1790954930268,0,1790955299694.678,1015.406,10.712,1790955300721.557,Normal,0.9634
rasp1,34773,20261002-152846_clu_rasp14_pi4gb_r1,1379,perf_20261002-152846_clu_rasp14_pi4gb_r1,2,333,1790954930269,0,1790955300723.171,627.614,13.063,1790955301370.215,Normal,0.9427
rasp1,34773,20261002-152846_clu_rasp14_pi4gb_r1,1385,perf_20261002-152846_clu_rasp14_pi4gb_r1,2,334,1790954930270,0,1790955301373.418,609.644,11.544,1790955301995.224,Normal,0.9694
rasp1,34773,20261002-152846_clu_rasp14_pi4gb_r1,1390,perf_20261002-152846_clu_rasp14_pi4gb_r1,2,335,1790954930270,0,1790955301996.578,529.07,10.186,1790955302536.846,Normal,0.9375
rasp1,34773,20261002-152846_clu_rasp14_pi4gb_r1,1396,perf_20261002-152846_clu_rasp14_pi4gb_r1,2,336,1790954930270,0,1790955302538.656,564.436,9.654,1790955303113.474,Normal,0.9556
rasp1,34773,20261002-152846_clu_rasp14_pi4gb_r1,1397,perf_20261002-152846_clu_rasp14_pi4gb_r1,2,337,1790954930270,0,1790955303114.901,1222.35,13.261,1790955304351.232,Normal,0.9481
rasp1,34773,20261002-152846_clu_rasp14_pi4gb_r1,1398,perf_20261002-152846_clu_rasp14_pi4gb_r1,2,338,1790954930275,0,1790955304352.977,643.804,12.206,1790955305009.589,Normal,0.9699
rasp1,34773,20261002-152846_clu_rasp14_pi4gb_r1,1399,perf_20261002-152846_clu_rasp14_pi4gb_r1,2,339,1790954930275,0,1790955305016.122,1020.43,15.658,1790955306053.254,Normal,0.9682
rasp1,34773,20261002-152846_clu_rasp14_pi4gb_r1,1402,perf_20261002-152846_clu_rasp14_pi4gb_r1,2,340,1790954930275,0,1790955306054.949,1125.689,10.324,1790955307191.917,Normal,0.9467
rasp1,34773,20261002-152846_clu_rasp14_pi4gb_r1,1404,perf_20261002-152846_clu_rasp14_pi4gb_r1,2,341,1790954930275,0,1790955307193.587,2188.327,10.695,1790955309393.656,OFFENSIVE,0.4954
rasp1,34773,20261002-152846_clu_rasp14_pi4gb_r1,1414,perf_20261002-152846_clu_rasp14_pi4gb_r1,2,342,1790954930276,0,1790955309396.567,611.928,10.202,1790955310019.554,Normal,0.9386
rasp1,34773,20261002-152846_clu_rasp14_pi4gb_r1,1419,perf_20261002-152846_clu_rasp14_pi4gb_r1,2,343,1790954930277,0,1790955310021.453,668.641,10.081,1790955310701.314,Normal,0.9629
rasp1,34773,20261002-152846_clu_rasp14_pi4gb_r1,1420,perf_20261002-152846_clu_rasp14_pi4gb_r1,2,344,1790954930277,0,1790955310703.067,609.58,9.546,1790955311322.933,Normal,0.8593
rasp1,34773,20261002-152846_clu_rasp14_pi4gb_r1,1422,perf_20261002-152846_clu_rasp14_pi4gb_r1,2,345,1790954930277,0,1790955311324.594,603.668,12.211,1790955311941.494,Normal,0.9597
rasp1,34773,20261002-152846_clu_rasp14_pi4gb_r1,1430,perf_20261002-152846_clu_rasp14_pi4gb_r1,2,346,1790954930277,0,1790955311944.029,621.135,11.892,1790955312578.139,Normal,0.9375
rasp1,34773,20261002-152846_clu_rasp14_pi4gb_r1,1446,perf_20261002-152846_clu_rasp14_pi4gb_r1,2,347,1790954930279,0,1790955312579.87,618.583,9.981,1790955313209.298,Normal,0.944
rasp1,34773,20261002-152846_clu_rasp14_pi4gb_r1,1454,perf_20261002-152846_clu_rasp14_pi4gb_r1,2,348,1790954930279,0,1790955313211.453,620.743,8.682,1790955313841.769,Normal,0.9577
rasp1,34773,20261002-152846_clu_rasp14_pi4gb_r1,1456,perf_20261002-152846_clu_rasp14_pi4gb_r1,2,349,1790954930280,0,1790955313843.263,847.036,9.506,1790955314700.531,Normal,0.9576
rasp1,34773,20261002-152846_clu_rasp14_pi4gb_r1,1457,perf_20261002-152846_clu_rasp14_pi4gb_r1,2,350,1790954930280,0,1790955314702.91,607.121,9.348,1790955315320.037,Normal,0.9667
rasp1,34773,20261002-152846_clu_rasp14_pi4gb_r1,1470,perf_20261002-152846_clu_rasp14_pi4gb_r1,2,351,1790954930299,0,1790955315321.411,830.936,11.61,1790955316164.836,Normal,0.9132
rasp1,34773,20261002-152846_clu_rasp14_pi4gb_r1,1471,perf_20261002-152846_clu_rasp14_pi4gb_r1,2,352,1790954930299,0,1790955316166.524,6740.718,12.454,1790955322920.678,Normal,0.8268
rasp1,34773,20261002-152846_clu_rasp14_pi4gb_r1,1473,perf_20261002-152846_clu_rasp14_pi4gb_r1,2,353,1790954930299,0,1790955322922.846,762.907,10.664,1790955323697.088,Normal,0.9424
rasp1,34773,20261002-152846_clu_rasp14_pi4gb_r1,1476,perf_20261002-152846_clu_rasp14_pi4gb_r1,2,354,1790954930310,0,1790955323698.913,929.024,9.808,1790955324638.473,Normal,0.9678
rasp1,34773,20261002-152846_clu_rasp14_pi4gb_r1,1481,perf_20261002-152846_clu_rasp14_pi4gb_r1,2,355,1790954930326,0,1790955324639.865,897.413,8.614,1790955325546.614,Normal,0.8978
rasp1,34773,20261002-152846_clu_rasp14_pi4gb_r1,1484,perf_20261002-152846_clu_rasp14_pi4gb_r1,2,356,1790954930340,0,1790955325548.258,803.236,11.837,1790955326364.257,Normal,0.89
rasp1,34773,20261002-152846_clu_rasp14_pi4gb_r1,1487,perf_20261002-152846_clu_rasp14_pi4gb_r1,2,357,1790954930340,0,1790955326366.074,776.197,9.784,1790955327152.908,Normal,0.9348
rasp1,34773,20261002-152846_clu_rasp14_pi4gb_r1,1488,perf_20261002-152846_clu_rasp14_pi4gb_r1,2,358,1790954930340,0,1790955327154.524,590.365,10.029,1790955327755.57,Normal,0.9148
rasp1,34773,20261002-152846_clu_rasp14_pi4gb_r1,1490,perf_20261002-152846_clu_rasp14_pi4gb_r1,2,359,1790954930341,0,1790955327758.505,592.508,9.463,1790955328361.163,Normal,0.7759
rasp1,34773,20261002-152846_clu_rasp14_pi4gb_r1,1494,perf_20261002-152846_clu_rasp14_pi4gb_r1,2,360,1790954930341,0,1790955328362.926,691.955,11.733,1790955329067.866,Normal,0.9649
rasp1,34773,20261002-152846_clu_rasp14_pi4gb_r1,1497,perf_20261002-152846_clu_rasp14_pi4gb_r1,2,361,1790954930342,0,1790955329069.518,1379.29,10.548,1790955330460.081,Normal,0.9631
rasp1,34773,20261002-152846_clu_rasp14_pi4gb_r1,1498,perf_20261002-152846_clu_rasp14_pi4gb_r1,2,362,1790954930342,0,1790955330461.921,757.452,11.36,1790955331231.597,Normal,0.9655
rasp1,34773,20261002-152846_clu_rasp14_pi4gb_r1,1503,perf_20261002-152846_clu_rasp14_pi4gb_r1,2,363,1790954930343,0,1790955331233.553,769.531,11.704,1790955332015.588,Normal,0.939
rasp1,34773,20261002-152846_clu_rasp14_pi4gb_r1,1504,perf_20261002-152846_clu_rasp14_pi4gb_r1,2,364,1790954930343,0,1790955332023.139,1594.695,20.363,1790955333638.927,Normal,0.6659
rasp1,34773,20261002-152846_clu_rasp14_pi4gb_r1,1505,perf_20261002-152846_clu_rasp14_pi4gb_r1,2,365,1790954930344,0,1790955333644.782,790.169,11.76,1790955334448.134,Normal,0.7958
rasp1,34773,20261002-152846_clu_rasp14_pi4gb_r1,1506,perf_20261002-152846_clu_rasp14_pi4gb_r1,2,366,1790954930344,0,1790955334453.102,2051.404,10.908,1790955336516.166,HATE,0.6767
rasp1,34773,20261002-152846_clu_rasp14_pi4gb_r1,1508,perf_20261002-152846_clu_rasp14_pi4gb_r1,2,367,1790954930344,0,1790955336517.641,580.542,9.766,1790955337108.685,Normal,0.9173
rasp1,34773,20261002-152846_clu_rasp14_pi4gb_r1,1512,perf_20261002-152846_clu_rasp14_pi4gb_r1,2,368,1790954930346,0,1790955337110.246,818.889,11.592,1790955337942.219,OFFENSIVE,0.8825
rasp1,34773,20261002-152846_clu_rasp14_pi4gb_r1,1515,perf_20261002-152846_clu_rasp14_pi4gb_r1,2,369,1790954930347,0,1790955337943.98,876.574,12.69,1790955338834.362,Normal,0.9642
rasp1,34773,20261002-152846_clu_rasp14_pi4gb_r1,1518,perf_20261002-152846_clu_rasp14_pi4gb_r1,2,370,1790954930347,0,1790955338836.642,678.231,9.364,1790955339524.943,Normal,0.9556
rasp1,34773,20261002-152846_clu_rasp14_pi4gb_r1,1519,perf_20261002-152846_clu_rasp14_pi4gb_r1,2,371,1790954930347,0,1790955339527.111,607.148,11.009,1790955340146.466,Normal,0.9475
rasp1,34773,20261002-152846_clu_rasp14_pi4gb_r1,1521,perf_20261002-152846_clu_rasp14_pi4gb_r1,2,372,1790954930348,0,1790955340148.921,669.649,9.495,1790955340828.846,Normal,0.9675
rasp1,34773,20261002-152846_clu_rasp14_pi4gb_r1,1525,perf_20261002-152846_clu_rasp14_pi4gb_r1,2,373,1790954930348,0,1790955340830.882,651.712,11.009,1790955341494.484,Normal,0.9545
rasp1,34773,20261002-152846_clu_rasp14_pi4gb_r1,1533,perf_20261002-152846_clu_rasp14_pi4gb_r1,2,374,1790954930350,0,1790955341497.97,614.321,13.35,1790955342126.602,Normal,0.8626
rasp1,34773,20261002-152846_clu_rasp14_pi4gb_r1,1535,perf_20261002-152846_clu_rasp14_pi4gb_r1,2,375,1790954930350,0,1790955342128.213,1749.211,9.61,1790955343888.141,Normal,0.5226
rasp1,34773,20261002-152846_clu_rasp14_pi4gb_r1,1537,perf_20261002-152846_clu_rasp14_pi4gb_r1,2,376,1790954930350,0,1790955343889.559,754.384,10.081,1790955344654.885,Normal,0.8772
rasp1,34773,20261002-152846_clu_rasp14_pi4gb_r1,1538,perf_20261002-152846_clu_rasp14_pi4gb_r1,2,377,1790954930351,0,1790955344656.936,2965.3,12.474,1790955347635.51,Normal,0.9766
rasp1,34773,20261002-152846_clu_rasp14_pi4gb_r1,1542,perf_20261002-152846_clu_rasp14_pi4gb_r1,2,378,1790954930352,0,1790955347643.073,927.161,11.858,1790955348583.001,Normal,0.9259
rasp1,34773,20261002-152846_clu_rasp14_pi4gb_r1,1543,perf_20261002-152846_clu_rasp14_pi4gb_r1,2,379,1790954930352,0,1790955348593.398,874.461,9.236,1790955349477.941,Normal,0.9708
rasp1,34773,20261002-152846_clu_rasp14_pi4gb_r1,1555,perf_20261002-152846_clu_rasp14_pi4gb_r1,2,380,1790954930354,0,1790955349479.417,1290.64,10.78,1790955350781.835,Normal,0.9674
rasp1,34773,20261002-152846_clu_rasp14_pi4gb_r1,1564,perf_20261002-152846_clu_rasp14_pi4gb_r1,2,381,1790954930356,0,1790955350783.839,1072.933,9.772,1790955351867.212,Normal,0.9806
rasp1,34773,20261002-152846_clu_rasp14_pi4gb_r1,1568,perf_20261002-152846_clu_rasp14_pi4gb_r1,2,382,1790954930357,0,1790955351868.949,1148.337,9.628,1790955353027.826,Normal,0.9441
rasp1,34773,20261002-152846_clu_rasp14_pi4gb_r1,1574,perf_20261002-152846_clu_rasp14_pi4gb_r1,2,383,1790954930358,0,1790955353029.468,633.188,10.364,1790955353673.917,Normal,0.9556
rasp1,34773,20261002-152846_clu_rasp14_pi4gb_r1,1576,perf_20261002-152846_clu_rasp14_pi4gb_r1,2,384,1790954930358,0,1790955353675.891,1413.552,9.496,1790955355099.664,Normal,0.9284
rasp1,34773,20261002-152846_clu_rasp14_pi4gb_r1,1585,perf_20261002-152846_clu_rasp14_pi4gb_r1,2,385,1790954930360,0,1790955355101.007,651.953,10.509,1790955355764.438,Normal,0.9728
rasp1,34773,20261002-152846_clu_rasp14_pi4gb_r1,1590,perf_20261002-152846_clu_rasp14_pi4gb_r1,2,386,1790954930361,0,1790955355766.823,782.918,11.077,1790955356561.509,Normal,0.9215
rasp1,34773,20261002-152846_clu_rasp14_pi4gb_r1,1595,perf_20261002-152846_clu_rasp14_pi4gb_r1,2,387,1790954930362,0,1790955356563.36,645.06,9.62,1790955357219.057,Normal,0.9715
rasp1,34773,20261002-152846_clu_rasp14_pi4gb_r1,1600,perf_20261002-152846_clu_rasp14_pi4gb_r1,2,388,1790954930363,0,1790955357221.088,613.552,10.432,1790955357845.94,OFFENSIVE,0.7953
rasp1,34773,20261002-152846_clu_rasp14_pi4gb_r1,1605,perf_20261002-152846_clu_rasp14_pi4gb_r1,2,389,1790954930364,0,1790955357847.844,649.024,9.516,1790955358507.11,Normal,0.9512
rasp1,34773,20261002-152846_clu_rasp14_pi4gb_r1,1610,perf_20261002-152846_clu_rasp14_pi4gb_r1,2,390,1790954930365,0,1790955358508.516,826.756,9.38,1790955359345.415,Normal,0.9385
rasp1,34773,20261002-152846_clu_rasp14_pi4gb_r1,1613,perf_20261002-152846_clu_rasp14_pi4gb_r1,2,391,1790954930365,0,1790955359352.923,755.271,12.241,1790955360121.087,Normal,0.9635
rasp1,34773,20261002-152846_clu_rasp14_pi4gb_r1,1615,perf_20261002-152846_clu_rasp14_pi4gb_r1,2,392,1790954930366,0,1790955360125.509,608.521,10.682,1790955360745.375,Normal,0.9423
rasp1,34773,20261002-152846_clu_rasp14_pi4gb_r1,1617,perf_20261002-152846_clu_rasp14_pi4gb_r1,2,393,1790954930366,0,1790955360750.126,1290.248,9.472,1790955362050.527,Normal,0.9353
rasp1,34773,20261002-152846_clu_rasp14_pi4gb_r1,1620,perf_20261002-152846_clu_rasp14_pi4gb_r1,2,394,1790954930367,0,1790955362052.333,624.86,17.963,1790955362696.463,Normal,0.9423
rasp1,34773,20261002-152846_clu_rasp14_pi4gb_r1,1625,perf_20261002-152846_clu_rasp14_pi4gb_r1,2,395,1790954930368,0,1790955362698.006,791.772,12.028,1790955363502.893,Normal,0.954
rasp1,34773,20261002-152846_clu_rasp14_pi4gb_r1,1626,perf_20261002-152846_clu_rasp14_pi4gb_r1,2,396,1790954930368,0,1790955363505.104,641.182,10.635,1790955364157.887,Normal,0.9373
rasp1,34773,20261002-152846_clu_rasp14_pi4gb_r1,1634,perf_20261002-152846_clu_rasp14_pi4gb_r1,2,397,1790954930370,0,1790955364160.049,869.595,12.182,1790955365042.633,Normal,0.8795
rasp1,34773,20261002-152846_clu_rasp14_pi4gb_r1,1635,perf_20261002-152846_clu_rasp14_pi4gb_r1,2,398,1790954930370,0,1790955365044.251,758.773,11.023,1790955365814.677,Normal,0.9324
rasp1,34773,20261002-152846_clu_rasp14_pi4gb_r1,1636,perf_20261002-152846_clu_rasp14_pi4gb_r1,2,399,1790954930370,0,1790955365816.875,777.904,9.835,1790955366605.67,Normal,0.9536
rasp1,34773,20261002-152846_clu_rasp14_pi4gb_r1,1651,perf_20261002-152846_clu_rasp14_pi4gb_r1,2,400,1790954930372,0,1790955366607.136,804.348,9.886,1790955367422.067,Normal,0.9724
rasp1,34773,20261002-152846_clu_rasp14_pi4gb_r1,1671,perf_20261002-152846_clu_rasp14_pi4gb_r1,2,401,1790954930375,0,1790955367423.691,589.184,10.642,1790955368024.198,Normal,0.9423
rasp1,34773,20261002-152846_clu_rasp14_pi4gb_r1,1675,perf_20261002-152846_clu_rasp14_pi4gb_r1,2,402,1790954930375,0,1790955368025.506,556.753,8.684,1790955368591.64,Normal,0.8661
rasp1,34773,20261002-152846_clu_rasp14_pi4gb_r1,1680,perf_20261002-152846_clu_rasp14_pi4gb_r1,2,403,1790954930376,0,1790955368593.034,593.517,10.517,1790955369197.938,Normal,0.8959
rasp1,34773,20261002-152846_clu_rasp14_pi4gb_r1,1682,perf_20261002-152846_clu_rasp14_pi4gb_r1,2,404,1790954930376,0,1790955369199.902,691.458,9.308,1790955369901.425,Normal,0.9592
rasp1,34773,20261002-152846_clu_rasp14_pi4gb_r1,1692,perf_20261002-152846_clu_rasp14_pi4gb_r1,2,405,1790954930377,0,1790955369902.904,1327.722,9.94,1790955371241.457,Normal,0.9544
rasp1,34773,20261002-152846_clu_rasp14_pi4gb_r1,1693,perf_20261002-152846_clu_rasp14_pi4gb_r1,2,406,1790954930377,0,1790955371243.226,657.774,10.414,1790955371912.087,Normal,0.9657
rasp1,34773,20261002-152846_clu_rasp14_pi4gb_r1,1697,perf_20261002-152846_clu_rasp14_pi4gb_r1,2,407,1790954930377,0,1790955371913.918,624.207,10.327,1790955372549.23,Normal,0.9319
rasp1,34773,20261002-152846_clu_rasp14_pi4gb_r1,1699,perf_20261002-152846_clu_rasp14_pi4gb_r1,2,408,1790954930377,0,1790955372551.129,576.352,11.636,1790955373139.891,Normal,0.9423
rasp1,34773,20261002-152846_clu_rasp14_pi4gb_r1,1701,perf_20261002-152846_clu_rasp14_pi4gb_r1,2,409,1790954930378,0,1790955373142.166,1079.168,15.374,1790955374238.184,Normal,0.5379
rasp1,34773,20261002-152846_clu_rasp14_pi4gb_r1,1704,perf_20261002-152846_clu_rasp14_pi4gb_r1,2,410,1790954930378,0,1790955374239.896,4373.839,12.752,1790955378627.63,Normal,0.9762
rasp1,34773,20261002-152846_clu_rasp14_pi4gb_r1,1709,perf_20261002-152846_clu_rasp14_pi4gb_r1,2,411,1790954930378,0,1790955378629.823,674.815,10.416,1790955379315.809,Normal,0.9565
rasp1,34773,20261002-152846_clu_rasp14_pi4gb_r1,1715,perf_20261002-152846_clu_rasp14_pi4gb_r1,2,412,1790954930380,0,1790955379318.066,943.35,11.056,1790955380273.314,Normal,0.9733
rasp1,34773,20261002-152846_clu_rasp14_pi4gb_r1,1716,perf_20261002-152846_clu_rasp14_pi4gb_r1,2,413,1790954930380,0,1790955380275.34,829.144,10.203,1790955381115.679,Normal,0.9519
rasp1,34773,20261002-152846_clu_rasp14_pi4gb_r1,1722,perf_20261002-152846_clu_rasp14_pi4gb_r1,2,414,1790954930380,0,1790955381117.112,848.303,10.825,1790955381977.16,Normal,0.9438
rasp1,34773,20261002-152846_clu_rasp14_pi4gb_r1,1725,perf_20261002-152846_clu_rasp14_pi4gb_r1,2,415,1790954930381,0,1790955381979.142,880.688,10.338,1790955382870.814,Normal,0.9377
rasp1,34773,20261002-152846_clu_rasp14_pi4gb_r1,1731,perf_20261002-152846_clu_rasp14_pi4gb_r1,2,416,1790954930381,0,1790955382872.619,812.949,9.127,1790955383695.411,Normal,0.7255
rasp1,34773,20261002-152846_clu_rasp14_pi4gb_r1,1732,perf_20261002-152846_clu_rasp14_pi4gb_r1,2,417,1790954930381,0,1790955383696.69,1321.129,10.46,1790955385029.25,Normal,0.9594
rasp1,34773,20261002-152846_clu_rasp14_pi4gb_r1,1733,perf_20261002-152846_clu_rasp14_pi4gb_r1,2,418,1790954930381,0,1790955385031.1,590.765,10.508,1790955385633.299,Normal,0.9262
rasp1,34773,20261002-152846_clu_rasp14_pi4gb_r1,1736,perf_20261002-152846_clu_rasp14_pi4gb_r1,2,419,1790954930382,0,1790955385636.048,616.961,10.992,1790955386264.95,Normal,0.931
rasp1,34773,20261002-152846_clu_rasp14_pi4gb_r1,1742,perf_20261002-152846_clu_rasp14_pi4gb_r1,2,420,1790954930382,0,1790955386266.541,662.279,9.066,1790955386938.586,Normal,0.6578
rasp1,34773,20261002-152846_clu_rasp14_pi4gb_r1,1744,perf_20261002-152846_clu_rasp14_pi4gb_r1,2,421,1790954930382,0,1790955386941.206,1022.317,12.431,1790955387979.841,Normal,0.7282
rasp1,34773,20261002-152846_clu_rasp14_pi4gb_r1,1749,perf_20261002-152846_clu_rasp14_pi4gb_r1,2,422,1790954930383,0,1790955387985.394,1658.732,16.769,1790955389662.045,Normal,0.9775
rasp1,34773,20261002-152846_clu_rasp14_pi4gb_r1,1750,perf_20261002-152846_clu_rasp14_pi4gb_r1,2,423,1790954930383,0,1790955389670.146,1016.131,12.281,1790955390699.411,Normal,0.9632
rasp1,34773,20261002-152846_clu_rasp14_pi4gb_r1,1755,perf_20261002-152846_clu_rasp14_pi4gb_r1,2,424,1790954930383,0,1790955390707.674,594.284,18.097,1790955391327.05,Normal,0.9171
rasp1,34773,20261002-152846_clu_rasp14_pi4gb_r1,1757,perf_20261002-152846_clu_rasp14_pi4gb_r1,2,425,1790954930383,0,1790955391328.929,632.017,11.189,1790955391973.074,Normal,0.9121
rasp1,34773,20261002-152846_clu_rasp14_pi4gb_r1,1758,perf_20261002-152846_clu_rasp14_pi4gb_r1,2,426,1790954930383,0,1790955391974.95,586.275,9.525,1790955392571.43,Normal,0.9116
rasp1,34773,20261002-152846_clu_rasp14_pi4gb_r1,1760,perf_20261002-152846_clu_rasp14_pi4gb_r1,2,427,1790954930383,0,1790955392574.232,842.86,10.603,1790955393428.622,Normal,0.9671
rasp1,34773,20261002-152846_clu_rasp14_pi4gb_r1,1762,perf_20261002-152846_clu_rasp14_pi4gb_r1,2,428,1790954930384,0,1790955393430.11,611.209,11.349,1790955394053.52,Normal,0.9116
rasp1,34773,20261002-152846_clu_rasp14_pi4gb_r1,1768,perf_20261002-152846_clu_rasp14_pi4gb_r1,2,429,1790954930384,0,1790955394055.954,605.217,10.229,1790955394672.062,Normal,0.9566
rasp1,34773,20261002-152846_clu_rasp14_pi4gb_r1,1769,perf_20261002-152846_clu_rasp14_pi4gb_r1,2,430,1790954930384,0,1790955394674.161,597.686,9.676,1790955395282.302,Normal,0.7276
rasp1,34773,20261002-152846_clu_rasp14_pi4gb_r1,1770,perf_20261002-152846_clu_rasp14_pi4gb_r1,2,431,1790954930384,0,1790955395284.129,894.095,11.566,1790955396190.483,Normal,0.9693
rasp1,34773,20261002-152846_clu_rasp14_pi4gb_r1,1771,perf_20261002-152846_clu_rasp14_pi4gb_r1,2,432,1790954930384,0,1790955396192.384,735.13,11.264,1790955396939.649,Normal,0.368
rasp1,34773,20261002-152846_clu_rasp14_pi4gb_r1,1779,perf_20261002-152846_clu_rasp14_pi4gb_r1,2,433,1790954930390,0,1790955396941.033,647.869,11.988,1790955397601.846,Normal,0.9685
rasp1,34773,20261002-152846_clu_rasp14_pi4gb_r1,1780,perf_20261002-152846_clu_rasp14_pi4gb_r1,2,434,1790954930390,0,1790955397603.464,910.71,11.74,1790955398526.697,Normal,0.9501
rasp1,34773,20261002-152846_clu_rasp14_pi4gb_r1,1802,perf_20261002-152846_clu_rasp14_pi4gb_r1,2,435,1790954930392,0,1790955398529.25,1194.637,11.715,1790955399736.539,Normal,0.967
rasp1,34773,20261002-152846_clu_rasp14_pi4gb_r1,1804,perf_20261002-152846_clu_rasp14_pi4gb_r1,2,436,1790954930392,0,1790955399738.594,668.731,12.445,1790955400420.583,Normal,0.8519
rasp1,34773,20261002-152846_clu_rasp14_pi4gb_r1,1812,perf_20261002-152846_clu_rasp14_pi4gb_r1,2,437,1790954930393,0,1790955400423.334,968.212,17.982,1790955401410.246,Normal,0.9681
rasp1,34773,20261002-152846_clu_rasp14_pi4gb_r1,1817,perf_20261002-152846_clu_rasp14_pi4gb_r1,2,438,1790954930393,0,1790955401417.051,705.039,18.101,1790955402141.37,Normal,0.7166
rasp1,34773,20261002-152846_clu_rasp14_pi4gb_r1,1818,perf_20261002-152846_clu_rasp14_pi4gb_r1,2,439,1790954930393,0,1790955402151.86,731.152,12.231,1790955402896.134,Normal,0.9449
rasp1,34773,20261002-152846_clu_rasp14_pi4gb_r1,1820,perf_20261002-152846_clu_rasp14_pi4gb_r1,2,440,1790954930393,0,1790955402900.635,897.97,16.125,1790955403815.399,Normal,0.9531
rasp1,34773,20261002-152846_clu_rasp14_pi4gb_r1,1822,perf_20261002-152846_clu_rasp14_pi4gb_r1,2,441,1790954930394,0,1790955403819.969,836.239,10.565,1790955404667.772,Normal,0.9402
rasp1,34773,20261002-152846_clu_rasp14_pi4gb_r1,1828,perf_20261002-152846_clu_rasp14_pi4gb_r1,2,442,1790954930394,0,1790955404669.616,657.271,9.862,1790955405337.927,Normal,0.9453
rasp1,34773,20261002-152846_clu_rasp14_pi4gb_r1,1830,perf_20261002-152846_clu_rasp14_pi4gb_r1,2,443,1790954930394,0,1790955405339.872,890.601,10.652,1790955406242.615,Normal,0.9713
rasp1,34773,20261002-152846_clu_rasp14_pi4gb_r1,1831,perf_20261002-152846_clu_rasp14_pi4gb_r1,2,444,1790954930394,0,1790955406244.392,976.171,11.509,1790955407233.383,Normal,0.9652
rasp1,34773,20261002-152846_clu_rasp14_pi4gb_r1,1834,perf_20261002-152846_clu_rasp14_pi4gb_r1,2,445,1790954930395,0,1790955407234.861,781.479,11.253,1790955408028.637,Normal,0.9464
rasp1,34773,20261002-152846_clu_rasp14_pi4gb_r1,1840,perf_20261002-152846_clu_rasp14_pi4gb_r1,2,446,1790954930414,0,1790955408030.319,672.538,11.989,1790955408715.666,Normal,0.9407
rasp1,34773,20261002-152846_clu_rasp14_pi4gb_r1,1842,perf_20261002-152846_clu_rasp14_pi4gb_r1,2,447,1790954930414,0,1790955408717.212,692.138,13.951,1790955409424.291,Normal,0.9645
rasp1,34773,20261002-152846_clu_rasp14_pi4gb_r1,1843,perf_20261002-152846_clu_rasp14_pi4gb_r1,2,448,1790954930414,0,1790955409426.647,1192.531,9.081,1790955410629.066,Normal,0.9752
rasp1,34773,20261002-152846_clu_rasp14_pi4gb_r1,1846,perf_20261002-152846_clu_rasp14_pi4gb_r1,2,449,1790954930415,0,1790955410631.222,1351.787,17.573,1790955412001.368,OFFENSIVE,0.9314
rasp1,34773,20261002-152846_clu_rasp14_pi4gb_r1,1848,perf_20261002-152846_clu_rasp14_pi4gb_r1,2,450,1790954930415,0,1790955412003.697,620.025,10.283,1790955412635.114,Normal,0.9556
rasp1,34773,20261002-152846_clu_rasp14_pi4gb_r1,1850,perf_20261002-152846_clu_rasp14_pi4gb_r1,2,451,1790954930415,0,1790955412637.193,793.203,8.07,1790955413439.158,Normal,0.9192
rasp1,34773,20261002-152846_clu_rasp14_pi4gb_r1,1856,perf_20261002-152846_clu_rasp14_pi4gb_r1,2,452,1790954930422,0,1790955413440.417,1239.218,10.582,1790955414690.921,Normal,0.8644
rasp1,34773,20261002-152846_clu_rasp14_pi4gb_r1,1857,perf_20261002-152846_clu_rasp14_pi4gb_r1,2,453,1790954930422,0,1790955414694.832,1488.992,10.583,1790955416195.064,Normal,0.9595
rasp1,34773,20261002-152846_clu_rasp14_pi4gb_r1,1858,perf_20261002-152846_clu_rasp14_pi4gb_r1,2,454,1790954930423,0,1790955416200.017,1202.559,11.523,1790955417414.999,Normal,0.9756
rasp1,34773,20261002-152846_clu_rasp14_pi4gb_r1,1862,perf_20261002-152846_clu_rasp14_pi4gb_r1,2,455,1790954930427,0,1790955417419.4,1895.636,8.995,1790955419324.669,Normal,0.9585
rasp1,34773,20261002-152846_clu_rasp14_pi4gb_r1,1865,perf_20261002-152846_clu_rasp14_pi4gb_r1,2,456,1790954930428,0,1790955419326.071,534.773,9.949,1790955419871.484,Normal,0.9503
rasp1,34773,20261002-152846_clu_rasp14_pi4gb_r1,1866,perf_20261002-152846_clu_rasp14_pi4gb_r1,2,457,1790954930428,0,1790955419872.938,612.207,10.913,1790955420497.274,Normal,0.9536
rasp1,34773,20261002-152846_clu_rasp14_pi4gb_r1,1869,perf_20261002-152846_clu_rasp14_pi4gb_r1,2,458,1790954930434,0,1790955420498.652,852.974,10.52,1790955421362.975,Normal,0.9733
rasp1,34773,20261002-152846_clu_rasp14_pi4gb_r1,1872,perf_20261002-152846_clu_rasp14_pi4gb_r1,2,459,1790954930435,0,1790955421364.481,567.67,8.605,1790955421941.506,Normal,0.903
rasp1,34773,20261002-152846_clu_rasp14_pi4gb_r1,1874,perf_20261002-152846_clu_rasp14_pi4gb_r1,2,460,1790954930435,0,1790955421943.246,759.049,9.953,1790955422713.026,OFFENSIVE,0.4948
rasp1,34773,20261002-152846_clu_rasp14_pi4gb_r1,1878,perf_20261002-152846_clu_rasp14_pi4gb_r1,2,461,1790954930445,0,1790955422714.646,643.532,11.231,1790955423370.119,Normal,0.9663
rasp1,34773,20261002-152846_clu_rasp14_pi4gb_r1,1882,perf_20261002-152846_clu_rasp14_pi4gb_r1,2,462,1790954930450,0,1790955423372.275,1414.829,12.303,1790955424800.443,Normal,0.9677
rasp1,34773,20261002-152846_clu_rasp14_pi4gb_r1,1885,perf_20261002-152846_clu_rasp14_pi4gb_r1,2,463,1790954930450,0,1790955424802.414,874.826,11.078,1790955425689.173,Normal,0.9102
rasp1,34773,20261002-152846_clu_rasp14_pi4gb_r1,1888,perf_20261002-152846_clu_rasp14_pi4gb_r1,2,464,1790954930452,0,1790955425691.22,1296.916,11.023,1790955426999.975,Normal,0.951
rasp1,34773,20261002-152846_clu_rasp14_pi4gb_r1,1891,perf_20261002-152846_clu_rasp14_pi4gb_r1,2,465,1790954930452,0,1790955427002.31,1802.533,12.823,1790955428818.918,Normal,0.9225
rasp1,34773,20261002-152846_clu_rasp14_pi4gb_r1,1894,perf_20261002-152846_clu_rasp14_pi4gb_r1,2,466,1790954930453,0,1790955428826.852,720.734,21.449,1790955429569.951,Normal,0.955
rasp1,34773,20261002-152846_clu_rasp14_pi4gb_r1,1896,perf_20261002-152846_clu_rasp14_pi4gb_r1,2,467,1790954930453,0,1790955429571.638,704.5,12.322,1790955430289.194,Normal,0.8701
rasp1,34773,20261002-152846_clu_rasp14_pi4gb_r1,1897,perf_20261002-152846_clu_rasp14_pi4gb_r1,2,468,1790954930453,0,1790955430290.79,885.315,14.488,1790955431194.565,Normal,0.955
rasp1,34773,20261002-152846_clu_rasp14_pi4gb_r1,1907,perf_20261002-152846_clu_rasp14_pi4gb_r1,2,469,1790954930455,0,1790955431202.44,2179.781,13.033,1790955433396.512,Normal,0.9476
rasp1,34773,20261002-152846_clu_rasp14_pi4gb_r1,1911,perf_20261002-152846_clu_rasp14_pi4gb_r1,2,470,1790954930456,0,1790955433398.082,859.476,12.829,1790955434271.447,Normal,0.9208
rasp1,34773,20261002-152846_clu_rasp14_pi4gb_r1,1919,perf_20261002-152846_clu_rasp14_pi4gb_r1,2,471,1790954930458,0,1790955434274.118,642.874,10.873,1790955434929.04,Normal,0.9546
rasp1,34773,20261002-152846_clu_rasp14_pi4gb_r1,1929,perf_20261002-152846_clu_rasp14_pi4gb_r1,2,472,1790954930459,0,1790955434930.483,1029.463,9.046,1790955435969.619,Normal,0.8965
rasp1,34773,20261002-152846_clu_rasp14_pi4gb_r1,1934,perf_20261002-152846_clu_rasp14_pi4gb_r1,2,473,1790954930460,0,1790955435972.272,637.113,9.283,1790955436619.51,Normal,0.9663
rasp1,34773,20261002-152846_clu_rasp14_pi4gb_r1,1940,perf_20261002-152846_clu_rasp14_pi4gb_r1,2,474,1790954930461,0,1790955436621.067,588.384,10.87,1790955437221.327,Normal,0.9375
rasp1,34773,20261002-152846_clu_rasp14_pi4gb_r1,1943,perf_20261002-152846_clu_rasp14_pi4gb_r1,2,475,1790954930463,0,1790955437224.116,659.724,11.154,1790955437895.773,Normal,0.9515
rasp1,34773,20261002-152846_clu_rasp14_pi4gb_r1,1944,perf_20261002-152846_clu_rasp14_pi4gb_r1,2,476,1790954930463,0,1790955437897.479,758.827,11.674,1790955438669.031,Normal,0.9604
rasp1,34773,20261002-152846_clu_rasp14_pi4gb_r1,1946,perf_20261002-152846_clu_rasp14_pi4gb_r1,2,477,1790954930463,0,1790955438671.197,799.898,9.202,1790955439480.896,Normal,0.9575
rasp1,34773,20261002-152846_clu_rasp14_pi4gb_r1,1949,perf_20261002-152846_clu_rasp14_pi4gb_r1,2,478,1790954930464,0,1790955439482.278,933.099,9.351,1790955440425.421,Normal,0.5208
rasp1,34773,20261002-152846_clu_rasp14_pi4gb_r1,1953,perf_20261002-152846_clu_rasp14_pi4gb_r1,2,479,1790954930464,0,1790955440426.986,1031.39,11.083,1790955441470.532,Normal,0.849
rasp1,34773,20261002-152846_clu_rasp14_pi4gb_r1,1963,perf_20261002-152846_clu_rasp14_pi4gb_r1,2,480,1790954930466,0,1790955441472.904,1437.207,10.992,1790955442921.938,Normal,0.9638
rasp1,34773,20261002-152846_clu_rasp14_pi4gb_r1,1964,perf_20261002-152846_clu_rasp14_pi4gb_r1,2,481,1790954930466,0,1790955442924.614,1165.57,12.895,1790955444103.956,Normal,0.9565
rasp1,34773,20261002-152846_clu_rasp14_pi4gb_r1,1970,perf_20261002-152846_clu_rasp14_pi4gb_r1,2,482,1790954930467,0,1790955444108.317,986.929,11.808,1790955445107.971,Normal,0.968
rasp1,34773,20261002-152846_clu_rasp14_pi4gb_r1,1972,perf_20261002-152846_clu_rasp14_pi4gb_r1,2,483,1790954930468,0,1790955445115.527,799.315,14.513,1790955445930.006,Normal,0.9089
rasp1,34773,20261002-152846_clu_rasp14_pi4gb_r1,1973,perf_20261002-152846_clu_rasp14_pi4gb_r1,2,484,1790954930468,0,1790955445931.904,694.475,16.957,1790955446644.038,Normal,0.9757
rasp1,34773,20261002-152846_clu_rasp14_pi4gb_r1,1975,perf_20261002-152846_clu_rasp14_pi4gb_r1,2,485,1790954930468,0,1790955446651.461,855.153,12.393,1790955447520.282,Normal,0.9639
rasp1,34773,20261002-152846_clu_rasp14_pi4gb_r1,1986,perf_20261002-152846_clu_rasp14_pi4gb_r1,2,486,1790954930470,0,1790955447523.001,1106.194,9.371,1790955448639.36,Normal,0.8788
rasp1,34773,20261002-152846_clu_rasp14_pi4gb_r1,1992,perf_20261002-152846_clu_rasp14_pi4gb_r1,2,487,1790954930472,0,1790955448640.836,769.06,10.802,1790955449421.349,Normal,0.5639
rasp1,34773,20261002-152846_clu_rasp14_pi4gb_r1,1995,perf_20261002-152846_clu_rasp14_pi4gb_r1,2,488,1790954930472,0,1790955449422.847,556.258,9.647,1790955449989.338,Normal,0.9664
rasp1,34773,20261002-152846_clu_rasp14_pi4gb_r1,1996,perf_20261002-152846_clu_rasp14_pi4gb_r1,2,489,1790954930472,0,1790955449991.114,616.981,11.881,1790955450621.117,Normal,0.9635
rasp1,34773,20261002-152846_clu_rasp14_pi4gb_r1,2010,perf_20261002-152846_clu_rasp14_pi4gb_r1,2,490,1790954930474,0,1790955450622.55,644.813,10.113,1790955451278.26,Normal,0.9452
rasp1,34773,20261002-152846_clu_rasp14_pi4gb_r1,2011,perf_20261002-152846_clu_rasp14_pi4gb_r1,2,491,1790954930474,0,1790955451280.148,572.765,12.118,1790955451866.119,Normal,0.9407
rasp1,34773,20261002-152846_clu_rasp14_pi4gb_r1,2014,perf_20261002-152846_clu_rasp14_pi4gb_r1,2,492,1790954930474,0,1790955451868.571,1384.657,9.465,1790955453263.404,Normal,0.9778
rasp1,34773,20261002-152846_clu_rasp14_pi4gb_r1,2018,perf_20261002-152846_clu_rasp14_pi4gb_r1,2,493,1790954930475,0,1790955453265.235,568.563,9.743,1790955453844.162,Normal,0.776
rasp1,34773,20261002-152846_clu_rasp14_pi4gb_r1,2020,perf_20261002-152846_clu_rasp14_pi4gb_r1,2,494,1790954930475,0,1790955453845.51,587.799,9.799,1790955454443.991,Normal,0.907
rasp1,34773,20261002-152846_clu_rasp14_pi4gb_r1,2021,perf_20261002-152846_clu_rasp14_pi4gb_r1,2,495,1790954930475,0,1790955454445.577,614.419,12.524,1790955455073.858,Normal,0.9357
rasp1,34773,20261002-152846_clu_rasp14_pi4gb_r1,2023,perf_20261002-152846_clu_rasp14_pi4gb_r1,2,496,1790954930475,0,1790955455075.594,606.243,10.265,1790955455692.815,Normal,0.965
rasp1,34773,20261002-152846_clu_rasp14_pi4gb_r1,2025,perf_20261002-152846_clu_rasp14_pi4gb_r1,2,497,1790954930475,0,1790955455694.44,538.336,11.386,1790955456244.826,Normal,0.9277
rasp1,34773,20261002-152846_clu_rasp14_pi4gb_r1,2030,perf_20261002-152846_clu_rasp14_pi4gb_r1,2,498,1790954930476,0,1790955456246.54,761.916,10.767,1790955457020.228,Normal,0.9562
rasp1,34773,20261002-152846_clu_rasp14_pi4gb_r1,2031,perf_20261002-152846_clu_rasp14_pi4gb_r1,2,499,1790954930476,0,1790955457022.313,679.95,10.095,1790955457713.315,Normal,0.949
rasp1,34773,20261002-152846_clu_rasp14_pi4gb_r1,5,perf_20261002-152846_clu_rasp14_pi4gb_r1,2,0,1790954929878,0,1790955461823.121,696.99,10.647,1790955462531.517,OFFENSIVE,0.5445
rasp1,34773,20261002-152846_clu_rasp14_pi4gb_r1,6,perf_20261002-152846_clu_rasp14_pi4gb_r1,2,1,1790954929878,0,1790955462533.102,704.988,9.489,1790955463248.481,Normal,0.9157
rasp1,34773,20261002-152846_clu_rasp14_pi4gb_r1,10,perf_20261002-152846_clu_rasp14_pi4gb_r1,2,2,1790954929879,0,1790955463249.981,1048.649,13.845,1790955464313.412,Normal,0.8199
rasp1,34773,20261002-152846_clu_rasp14_pi4gb_r1,12,perf_20261002-152846_clu_rasp14_pi4gb_r1,2,3,1790954929879,0,1790955464315.604,659.969,12.09,1790955464988.971,Normal,0.9532
rasp1,34773,20261002-152846_clu_rasp14_pi4gb_r1,15,perf_20261002-152846_clu_rasp14_pi4gb_r1,2,4,1790954929880,0,1790955464990.616,737.345,9.811,1790955465738.619,Normal,0.7288
rasp1,34773,20261002-152846_clu_rasp14_pi4gb_r1,20,perf_20261002-152846_clu_rasp14_pi4gb_r1,2,5,1790954929881,0,1790955465740.593,1313.821,8.771,1790955467063.931,Normal,0.9603
rasp1,34773,20261002-152846_clu_rasp14_pi4gb_r1,34,perf_20261002-152846_clu_rasp14_pi4gb_r1,2,6,1790954929884,0,1790955467065.303,548.107,8.475,1790955467622.766,Normal,0.9605
rasp1,34773,20261002-152846_clu_rasp14_pi4gb_r1,36,perf_20261002-152846_clu_rasp14_pi4gb_r1,2,7,1790954929884,0,1790955467624.167,507.859,9.249,1790955468141.901,Normal,0.9351
rasp1,34773,20261002-152846_clu_rasp14_pi4gb_r1,37,perf_20261002-152846_clu_rasp14_pi4gb_r1,2,8,1790954929884,0,1790955468143.245,567.225,9.804,1790955468720.973,Normal,0.9503
rasp1,34773,20261002-152846_clu_rasp14_pi4gb_r1,43,perf_20261002-152846_clu_rasp14_pi4gb_r1,2,9,1790954929886,0,1790955468723.252,850.902,9.864,1790955469584.664,OFFENSIVE,0.5659
rasp1,34773,20261002-152846_clu_rasp14_pi4gb_r1,47,perf_20261002-152846_clu_rasp14_pi4gb_r1,2,10,1790954929886,0,1790955469586.048,647.576,8.536,1790955470242.904,Normal,0.9515
rasp1,34773,20261002-152846_clu_rasp14_pi4gb_r1,52,perf_20261002-152846_clu_rasp14_pi4gb_r1,2,11,1790954929887,0,1790955470244.091,535.035,9.438,1790955470789.283,Normal,0.8595
rasp1,34773,20261002-152846_clu_rasp14_pi4gb_r1,54,perf_20261002-152846_clu_rasp14_pi4gb_r1,2,12,1790954929888,0,1790955470790.536,556.84,9.276,1790955471357.395,Normal,0.8958
rasp1,34773,20261002-152846_clu_rasp14_pi4gb_r1,55,perf_20261002-152846_clu_rasp14_pi4gb_r1,2,13,1790954929888,0,1790955471358.628,1069.679,9.217,1790955472444.428,Normal,0.9547
rasp1,34773,20261002-152846_clu_rasp14_pi4gb_r1,56,perf_20261002-152846_clu_rasp14_pi4gb_r1,2,14,1790954929888,0,1790955472445.636,1721.127,8.887,1790955474176.282,Normal,0.9532
rasp1,34773,20261002-152846_clu_rasp14_pi4gb_r1,58,perf_20261002-152846_clu_rasp14_pi4gb_r1,2,15,1790954929888,0,1790955474177.756,1140.191,7.785,1790955475326.363,Normal,0.9703
rasp1,34773,20261002-152846_clu_rasp14_pi4gb_r1,61,perf_20261002-152846_clu_rasp14_pi4gb_r1,2,16,1790954929889,0,1790955475327.633,388.598,8.115,1790955475724.901,Normal,0.9489
rasp1,34773,20261002-152846_clu_rasp14_pi4gb_r1,72,perf_20261002-152846_clu_rasp14_pi4gb_r1,2,17,1790954929891,0,1790955475726.003,544.371,7.562,1790955476278.579,Normal,0.9761
rasp1,34773,20261002-152846_clu_rasp14_pi4gb_r1,74,perf_20261002-152846_clu_rasp14_pi4gb_r1,2,18,1790954929891,0,1790955476279.851,521.462,7.337,1790955476809.201,Normal,0.9719
rasp1,34773,20261002-152846_clu_rasp14_pi4gb_r1,83,perf_20261002-152846_clu_rasp14_pi4gb_r1,2,19,1790954929893,0,1790955476810.287,871.607,7.802,1790955477690.211,Normal,0.9678
rasp1,34773,20261002-152846_clu_rasp14_pi4gb_r1,101,perf_20261002-152846_clu_rasp14_pi4gb_r1,2,20,1790954929894,0,1790955477691.301,498.62,8.645,1790955478199.191,Normal,0.8852
rasp1,34773,20261002-152846_clu_rasp14_pi4gb_r1,106,perf_20261002-152846_clu_rasp14_pi4gb_r1,2,21,1790954929895,0,1790955478200.31,614.498,8.061,1790955478823.391,Normal,0.9671
rasp1,34773,20261002-152846_clu_rasp14_pi4gb_r1,110,perf_20261002-152846_clu_rasp14_pi4gb_r1,2,22,1790954929895,0,1790955478824.572,472.527,7.287,1790955479304.854,Normal,0.8809
rasp1,34773,20261002-152846_clu_rasp14_pi4gb_r1,111,perf_20261002-152846_clu_rasp14_pi4gb_r1,2,23,1790954929895,0,1790955479306.058,392.703,8.141,1790955479707.379,Normal,0.9248
rasp1,34773,20261002-152846_clu_rasp14_pi4gb_r1,118,perf_20261002-152846_clu_rasp14_pi4gb_r1,2,24,1790954929896,0,1790955479708.346,456.706,7.814,1790955480173.338,Normal,0.9087
rasp1,34773,20261002-152846_clu_rasp14_pi4gb_r1,129,perf_20261002-152846_clu_rasp14_pi4gb_r1,2,25,1790954929897,0,1790955480174.318,490.5,8.062,1790955480673.354,Normal,0.9673
rasp1,34773,20261002-152846_clu_rasp14_pi4gb_r1,137,perf_20261002-152846_clu_rasp14_pi4gb_r1,2,26,1790954929897,0,1790955480674.352,405.581,7.843,1790955481088.243,Normal,0.9294
rasp1,34773,20261002-152846_clu_rasp14_pi4gb_r1,139,perf_20261002-152846_clu_rasp14_pi4gb_r1,2,27,1790954929898,0,1790955481089.221,471.569,8.352,1790955481569.613,Normal,0.9679
rasp1,34773,20261002-152846_clu_rasp14_pi4gb_r1,140,perf_20261002-152846_clu_rasp14_pi4gb_r1,2,28,1790954929898,0,1790955481570.595,671.312,7.698,1790955482250.085,Normal,0.9753
rasp1,34773,20261002-152846_clu_rasp14_pi4gb_r1,146,perf_20261002-152846_clu_rasp14_pi4gb_r1,2,29,1790954929898,0,1790955482251.062,366.506,7.573,1790955482625.659,Normal,0.931
rasp1,34773,20261002-152846_clu_rasp14_pi4gb_r1,147,perf_20261002-152846_clu_rasp14_pi4gb_r1,2,30,1790954929898,0,1790955482626.643,550.946,8.434,1790955483186.577,Normal,0.9475
rasp1,34773,20261002-152846_clu_rasp14_pi4gb_r1,148,perf_20261002-152846_clu_rasp14_pi4gb_r1,2,31,1790954929898,0,1790955483187.622,347.249,9.341,1790955483544.686,Normal,0.9539
rasp1,34773,20261002-152846_clu_rasp14_pi4gb_r1,150,perf_20261002-152846_clu_rasp14_pi4gb_r1,2,32,1790954929914,0,1790955483545.738,555.413,7.819,1790955484109.452,Normal,0.8267
rasp1,34773,20261002-152846_clu_rasp14_pi4gb_r1,151,perf_20261002-152846_clu_rasp14_pi4gb_r1,2,33,1790954929914,0,1790955484110.455,623.728,8.26,1790955484742.914,Normal,0.9057
rasp1,34773,20261002-152846_clu_rasp14_pi4gb_r1,152,perf_20261002-152846_clu_rasp14_pi4gb_r1,2,34,1790954929915,0,1790955484743.944,527.862,7.868,1790955485280.156,Normal,0.9745
rasp1,34773,20261002-152846_clu_rasp14_pi4gb_r1,161,perf_20261002-152846_clu_rasp14_pi4gb_r1,2,35,1790954929937,0,1790955485281.143,1095.101,8.764,1790955486385.54,Normal,0.9305
rasp1,34773,20261002-152846_clu_rasp14_pi4gb_r1,162,perf_20261002-152846_clu_rasp14_pi4gb_r1,2,36,1790954929937,0,1790955486386.656,572.654,8.084,1790955486967.928,Normal,0.87
rasp1,34773,20261002-152846_clu_rasp14_pi4gb_r1,165,perf_20261002-152846_clu_rasp14_pi4gb_r1,2,37,1790954929939,0,1790955486968.938,536.397,7.846,1790955487513.752,Normal,0.9407
rasp1,34773,20261002-152846_clu_rasp14_pi4gb_r1,167,perf_20261002-152846_clu_rasp14_pi4gb_r1,2,38,1790954929940,0,1790955487514.752,679.423,7.354,1790955488202.017,Normal,0.7275
rasp1,34773,20261002-152846_clu_rasp14_pi4gb_r1,171,perf_20261002-152846_clu_rasp14_pi4gb_r1,2,39,1790954929940,0,1790955488202.993,470.743,8.161,1790955488682.366,Normal,0.9574
rasp1,34773,20261002-152846_clu_rasp14_pi4gb_r1,175,perf_20261002-152846_clu_rasp14_pi4gb_r1,2,40,1790954929941,0,1790955488683.335,365.474,7.294,1790955489056.574,Normal,0.9314
rasp1,34773,20261002-152846_clu_rasp14_pi4gb_r1,176,perf_20261002-152846_clu_rasp14_pi4gb_r1,2,41,1790954929941,0,1790955489057.538,471.006,8.423,1790955489537.49,Normal,0.7281
rasp1,34773,20261002-152846_clu_rasp14_pi4gb_r1,185,perf_20261002-152846_clu_rasp14_pi4gb_r1,2,42,1790954929943,0,1790955489538.619,1128.793,7.615,1790955490675.572,Normal,0.9335
rasp1,34773,20261002-152846_clu_rasp14_pi4gb_r1,189,perf_20261002-152846_clu_rasp14_pi4gb_r1,2,43,1790954929944,0,1790955490676.754,403.804,7.609,1790955491088.682,Normal,0.8925
rasp1,34773,20261002-152846_clu_rasp14_pi4gb_r1,192,perf_20261002-152846_clu_rasp14_pi4gb_r1,2,44,1790954929944,0,1790955491089.638,627.706,7.367,1790955491725.227,Normal,0.9544
rasp1,34773,20261002-152846_clu_rasp14_pi4gb_r1,200,perf_20261002-152846_clu_rasp14_pi4gb_r1,2,45,1790954929946,0,1790955491726.29,454.025,7.511,1790955492188.345,Normal,0.9569
rasp1,34773,20261002-152846_clu_rasp14_pi4gb_r1,201,perf_20261002-152846_clu_rasp14_pi4gb_r1,2,46,1790954929946,0,1790955492189.325,558.565,7.724,1790955492756.084,Normal,0.567
rasp1,34773,20261002-152846_clu_rasp14_pi4gb_r1,202,perf_20261002-152846_clu_rasp14_pi4gb_r1,2,47,1790954929946,0,1790955492757.045,490.824,7.7,1790955493256.067,Normal,0.966
rasp1,34773,20261002-152846_clu_rasp14_pi4gb_r1,203,perf_20261002-152846_clu_rasp14_pi4gb_r1,2,48,1790954929946,0,1790955493257.062,403.681,7.822,1790955493669.042,Normal,0.9589
rasp1,34773,20261002-152846_clu_rasp14_pi4gb_r1,207,perf_20261002-152846_clu_rasp14_pi4gb_r1,2,49,1790954929947,0,1790955493670.002,452.475,7.948,1790955494130.946,Normal,0.9563
rasp1,34773,20261002-152846_clu_rasp14_pi4gb_r1,213,perf_20261002-152846_clu_rasp14_pi4gb_r1,2,50,1790954929948,0,1790955494131.904,404.067,8.313,1790955494544.754,Normal,0.9629
rasp1,34773,20261002-152846_clu_rasp14_pi4gb_r1,217,perf_20261002-152846_clu_rasp14_pi4gb_r1,2,51,1790954929964,0,1790955494545.667,475.069,7.908,1790955495029.118,Normal,0.9635
rasp1,34773,20261002-152846_clu_rasp14_pi4gb_r1,220,perf_20261002-152846_clu_rasp14_pi4gb_r1,2,52,1790954929965,0,1790955495030.078,387.918,7.591,1790955495426.053,Normal,0.9627
rasp1,34773,20261002-152846_clu_rasp14_pi4gb_r1,221,perf_20261002-152846_clu_rasp14_pi4gb_r1,2,53,1790954929965,0,1790955495427.022,388.005,7.669,1790955495823.163,Normal,0.9292
rasp1,34773,20261002-152846_clu_rasp14_pi4gb_r1,229,perf_20261002-152846_clu_rasp14_pi4gb_r1,2,54,1790954929982,0,1790955495824.123,478.025,5.992,1790955496308.453,Normal,0.9234
rasp1,34773,20261002-152846_clu_rasp14_pi4gb_r1,230,perf_20261002-152846_clu_rasp14_pi4gb_r1,2,55,1790954929983,0,1790955496309.048,511.905,7.521,1790955496828.985,Normal,0.7449
rasp1,34773,20261002-152846_clu_rasp14_pi4gb_r1,234,perf_20261002-152846_clu_rasp14_pi4gb_r1,2,56,1790954929983,0,1790955496829.973,831.008,7.814,1790955497669.308,Normal,0.9447
rasp1,34773,20261002-152846_clu_rasp14_pi4gb_r1,241,perf_20261002-152846_clu_rasp14_pi4gb_r1,2,57,1790954929984,0,1790955497670.292,366.076,7.359,1790955498044.279,Normal,0.9608
rasp1,34773,20261002-152846_clu_rasp14_pi4gb_r1,244,perf_20261002-152846_clu_rasp14_pi4gb_r1,2,58,1790954929985,0,1790955498045.248,397.996,9.336,1790955498458.193,OFFENSIVE,0.7323
rasp1,34773,20261002-152846_clu_rasp14_pi4gb_r1,247,perf_20261002-152846_clu_rasp14_pi4gb_r1,2,59,1790954929986,0,1790955498459.234,525.92,7.974,1790955498993.624,Normal,0.8993
rasp1,34773,20261002-152846_clu_rasp14_pi4gb_r1,257,perf_20261002-152846_clu_rasp14_pi4gb_r1,2,60,1790954929987,0,1790955498994.655,796.137,10.235,1790955499801.529,Normal,0.961
rasp1,34773,20261002-152846_clu_rasp14_pi4gb_r1,265,perf_20261002-152846_clu_rasp14_pi4gb_r1,2,61,1790954929989,0,1790955499803.863,337.705,7.277,1790955500149.451,Normal,0.9354
rasp1,34773,20261002-152846_clu_rasp14_pi4gb_r1,278,perf_20261002-152846_clu_rasp14_pi4gb_r1,2,62,1790954929991,0,1790955500150.468,404.46,8.134,1790955500563.533,Normal,0.9589
rasp1,34773,20261002-152846_clu_rasp14_pi4gb_r1,279,perf_20261002-152846_clu_rasp14_pi4gb_r1,2,63,1790954929992,0,1790955500564.512,388.15,7.395,1790955500960.572,Normal,0.8888
rasp1,34773,20261002-152846_clu_rasp14_pi4gb_r1,284,perf_20261002-152846_clu_rasp14_pi4gb_r1,2,64,1790954929992,0,1790955500961.54,387.827,7.109,1790955501357.016,Normal,0.9561
rasp1,34773,20261002-152846_clu_rasp14_pi4gb_r1,287,perf_20261002-152846_clu_rasp14_pi4gb_r1,2,65,1790954929994,0,1790955501357.988,405.343,7.068,1790955501770.903,HATE,0.4159
rasp1,34773,20261002-152846_clu_rasp14_pi4gb_r1,297,perf_20261002-152846_clu_rasp14_pi4gb_r1,2,66,1790954929996,0,1790955501771.88,367.568,7.585,1790955502147.565,Normal,0.8081
rasp1,34773,20261002-152846_clu_rasp14_pi4gb_r1,300,perf_20261002-152846_clu_rasp14_pi4gb_r1,2,67,1790954929996,0,1790955502148.75,337.258,7.713,1790955502494.186,Normal,0.9475
rasp1,34773,20261002-152846_clu_rasp14_pi4gb_r1,303,perf_20261002-152846_clu_rasp14_pi4gb_r1,2,68,1790954929997,0,1790955502495.428,513.722,7.59,1790955503017.209,Normal,0.9381
rasp1,34773,20261002-152846_clu_rasp14_pi4gb_r1,311,perf_20261002-152846_clu_rasp14_pi4gb_r1,2,69,1790954929998,0,1790955503017.909,484.961,7.934,1790955503511.288,Normal,0.8292
rasp1,34773,20261002-152846_clu_rasp14_pi4gb_r1,313,perf_20261002-152846_clu_rasp14_pi4gb_r1,2,70,1790954929999,0,1790955503512.273,514.312,8.198,1790955504035.306,Normal,0.8096
rasp1,34773,20261002-152846_clu_rasp14_pi4gb_r1,316,perf_20261002-152846_clu_rasp14_pi4gb_r1,2,71,1790954929999,0,1790955504036.449,680.335,8.332,1790955504725.592,Normal,0.9072
rasp1,34773,20261002-152846_clu_rasp14_pi4gb_r1,318,perf_20261002-152846_clu_rasp14_pi4gb_r1,2,72,1790954930000,0,1790955504726.266,516.951,8.087,1790955505251.763,Normal,0.9281
rasp1,34773,20261002-152846_clu_rasp14_pi4gb_r1,321,perf_20261002-152846_clu_rasp14_pi4gb_r1,2,73,1790954930000,0,1790955505252.807,300.746,7.167,1790955505561.237,Normal,0.9384
rasp1,34773,20261002-152846_clu_rasp14_pi4gb_r1,332,perf_20261002-152846_clu_rasp14_pi4gb_r1,2,74,1790954930002,0,1790955505562.22,853.73,7.961,1790955506424.393,Normal,0.9379
rasp1,34773,20261002-152846_clu_rasp14_pi4gb_r1,335,perf_20261002-152846_clu_rasp14_pi4gb_r1,2,75,1790954930003,0,1790955506425.364,371.051,8.09,1790955506805.035,Normal,0.9633
rasp1,34773,20261002-152846_clu_rasp14_pi4gb_r1,336,perf_20261002-152846_clu_rasp14_pi4gb_r1,2,76,1790954930003,0,1790955506806.018,336.218,7.542,1790955507150.245,Normal,0.936
rasp1,34773,20261002-152846_clu_rasp14_pi4gb_r1,337,perf_20261002-152846_clu_rasp14_pi4gb_r1,2,77,1790954930003,0,1790955507151.25,491.904,7.288,1790955507650.915,Normal,0.9677
rasp1,34773,20261002-152846_clu_rasp14_pi4gb_r1,343,perf_20261002-152846_clu_rasp14_pi4gb_r1,2,78,1790954930005,0,1790955507651.902,463.825,5.951,1790955508121.992,Normal,0.9102
rasp1,34773,20261002-152846_clu_rasp14_pi4gb_r1,345,perf_20261002-152846_clu_rasp14_pi4gb_r1,2,79,1790954930005,0,1790955508122.562,488.685,7.825,1790955508619.6,Normal,0.9451
rasp1,34773,20261002-152846_clu_rasp14_pi4gb_r1,347,perf_20261002-152846_clu_rasp14_pi4gb_r1,2,80,1790954930005,0,1790955508620.586,390.047,7.98,1790955509019.146,Normal,0.4981
rasp1,34773,20261002-152846_clu_rasp14_pi4gb_r1,352,perf_20261002-152846_clu_rasp14_pi4gb_r1,2,81,1790954930006,0,1790955509020.115,539.129,7.878,1790955509567.633,Normal,0.9434
rasp1,34773,20261002-152846_clu_rasp14_pi4gb_r1,355,perf_20261002-152846_clu_rasp14_pi4gb_r1,2,82,1790954930007,0,1790955509568.598,366.673,8.461,1790955509944.242,Normal,0.9533
rasp1,34773,20261002-152846_clu_rasp14_pi4gb_r1,357,perf_20261002-152846_clu_rasp14_pi4gb_r1,2,83,1790954930007,0,1790955509945.249,770.263,8.835,1790955510724.868,Normal,0.9697
rasp1,34773,20261002-152846_clu_rasp14_pi4gb_r1,359,perf_20261002-152846_clu_rasp14_pi4gb_r1,2,84,1790954930008,0,1790955510725.87,1201.108,8.915,1790955511936.38,Normal,0.9315
rasp1,34773,20261002-152846_clu_rasp14_pi4gb_r1,361,perf_20261002-152846_clu_rasp14_pi4gb_r1,2,85,1790954930008,0,1790955511937.378,300.021,7.523,1790955512245.465,Normal,0.955
rasp1,34773,20261002-152846_clu_rasp14_pi4gb_r1,362,perf_20261002-152846_clu_rasp14_pi4gb_r1,2,86,1790954930008,0,1790955512246.429,292.757,5.676,1790955512545.177,Normal,0.8661
rasp1,34773,20261002-152846_clu_rasp14_pi4gb_r1,369,perf_20261002-152846_clu_rasp14_pi4gb_r1,2,87,1790954930010,0,1790955512545.781,336.88,7.636,1790955512890.926,Normal,0.931
rasp1,34773,20261002-152846_clu_rasp14_pi4gb_r1,380,perf_20261002-152846_clu_rasp14_pi4gb_r1,2,88,1790954930012,0,1790955512891.901,337.758,8.034,1790955513238.206,Normal,0.9475
rasp1,34773,20261002-152846_clu_rasp14_pi4gb_r1,381,perf_20261002-152846_clu_rasp14_pi4gb_r1,2,89,1790954930012,0,1790955513239.19,298.444,7.792,1790955513546.072,Normal,0.9162
rasp1,34773,20261002-152846_clu_rasp14_pi4gb_r1,383,perf_20261002-152846_clu_rasp14_pi4gb_r1,2,90,1790954930012,0,1790955513547.045,542.029,7.649,1790955514097.215,Normal,0.9746
rasp1,34773,20261002-152846_clu_rasp14_pi4gb_r1,386,perf_20261002-152846_clu_rasp14_pi4gb_r1,2,91,1790954930013,0,1790955514098.469,404.37,7.553,1790955514510.857,Normal,0.9673
rasp1,34773,20261002-152846_clu_rasp14_pi4gb_r1,387,perf_20261002-152846_clu_rasp14_pi4gb_r1,2,92,1790954930013,0,1790955514511.434,286.242,7.961,1790955514806.144,Normal,0.9608
rasp1,34773,20261002-152846_clu_rasp14_pi4gb_r1,389,perf_20261002-152846_clu_rasp14_pi4gb_r1,2,93,1790954930013,0,1790955514807.123,368.987,8.099,1790955515184.676,Normal,0.958
rasp1,34773,20261002-152846_clu_rasp14_pi4gb_r1,390,perf_20261002-152846_clu_rasp14_pi4gb_r1,2,94,1790954930014,0,1790955515185.655,432.338,7.533,1790955515625.996,Normal,0.847
rasp1,34773,20261002-152846_clu_rasp14_pi4gb_r1,394,perf_20261002-152846_clu_rasp14_pi4gb_r1,2,95,1790954930014,0,1790955515626.991,374.656,7.115,1790955516009.28,Normal,0.8427
rasp1,34773,20261002-152846_clu_rasp14_pi4gb_r1,397,perf_20261002-152846_clu_rasp14_pi4gb_r1,2,96,1790954930014,0,1790955516010.245,670.587,7.275,1790955516688.59,Normal,0.9649
rasp1,34773,20261002-152846_clu_rasp14_pi4gb_r1,402,perf_20261002-152846_clu_rasp14_pi4gb_r1,2,97,1790954930019,0,1790955516689.57,1082.42,8.555,1790955517781.03,Normal,0.9746
rasp1,34773,20261002-152846_clu_rasp14_pi4gb_r1,409,perf_20261002-152846_clu_rasp14_pi4gb_r1,2,98,1790954930020,0,1790955517781.998,1188.902,7.594,1790955518978.82,Normal,0.9773
rasp1,34773,20261002-152846_clu_rasp14_pi4gb_r1,410,perf_20261002-152846_clu_rasp14_pi4gb_r1,2,99,1790954930020,0,1790955518979.416,433.627,7.607,1790955519421.153,Normal,0.9553
rasp1,34773,20261002-152846_clu_rasp14_pi4gb_r1,415,perf_20261002-152846_clu_rasp14_pi4gb_r1,2,100,1790954930021,0,1790955519422.178,473.058,8.135,1790955519903.887,Normal,0.7213
rasp1,34773,20261002-152846_clu_rasp14_pi4gb_r1,423,perf_20261002-152846_clu_rasp14_pi4gb_r1,2,101,1790954930021,0,1790955519904.859,337.213,7.369,1790955520249.909,Normal,0.9592
rasp1,34773,20261002-152846_clu_rasp14_pi4gb_r1,428,perf_20261002-152846_clu_rasp14_pi4gb_r1,2,102,1790954930022,0,1790955520250.935,337.196,7.209,1790955520595.805,Normal,0.9375
rasp1,34773,20261002-152846_clu_rasp14_pi4gb_r1,446,perf_20261002-152846_clu_rasp14_pi4gb_r1,2,103,1790954930023,0,1790955520596.773,524.201,9.11,1790955521130.563,Normal,0.9723
rasp1,34773,20261002-152846_clu_rasp14_pi4gb_r1,448,perf_20261002-152846_clu_rasp14_pi4gb_r1,2,104,1790954930024,0,1790955521131.536,338.854,7.942,1790955521478.869,Normal,0.9417
rasp1,34773,20261002-152846_clu_rasp14_pi4gb_r1,450,perf_20261002-152846_clu_rasp14_pi4gb_r1,2,105,1790954930024,0,1790955521479.878,441.772,8.586,1790955521930.802,Normal,0.9547
rasp1,34773,20261002-152846_clu_rasp14_pi4gb_r1,458,perf_20261002-152846_clu_rasp14_pi4gb_r1,2,106,1790954930025,0,1790955521931.855,498.206,6.857,1790955522437.269,Normal,0.9563
rasp1,34773,20261002-152846_clu_rasp14_pi4gb_r1,459,perf_20261002-152846_clu_rasp14_pi4gb_r1,2,107,1790954930025,0,1790955522437.981,634.316,8.819,1790955523081.666,Normal,0.9543
rasp1,34773,20261002-152846_clu_rasp14_pi4gb_r1,460,perf_20261002-152846_clu_rasp14_pi4gb_r1,2,108,1790954930025,0,1790955523082.83,382.969,8.007,1790955523474.365,Normal,0.9753
rasp1,34773,20261002-152846_clu_rasp14_pi4gb_r1,465,perf_20261002-152846_clu_rasp14_pi4gb_r1,2,109,1790954930025,0,1790955523475.345,337.993,10.659,1790955523824.615,Normal,0.931
rasp1,34773,20261002-152846_clu_rasp14_pi4gb_r1,466,perf_20261002-152846_clu_rasp14_pi4gb_r1,2,110,1790954930025,0,1790955523825.602,403.188,6.168,1790955524235.265,Normal,0.9689
rasp1,34773,20261002-152846_clu_rasp14_pi4gb_r1,471,perf_20261002-152846_clu_rasp14_pi4gb_r1,2,111,1790954930026,0,1790955524235.86,411.896,6.819,1790955524654.911,Normal,0.8189
rasp1,34773,20261002-152846_clu_rasp14_pi4gb_r1,474,perf_20261002-152846_clu_rasp14_pi4gb_r1,2,112,1790954930026,0,1790955524655.886,388.014,8.386,1790955525052.764,Normal,0.9303
rasp1,34773,20261002-152846_clu_rasp14_pi4gb_r1,476,perf_20261002-152846_clu_rasp14_pi4gb_r1,2,113,1790954930026,0,1790955525053.843,365.906,8.093,1790955525428.313,Normal,0.9239
rasp1,34773,20261002-152846_clu_rasp14_pi4gb_r1,482,perf_20261002-152846_clu_rasp14_pi4gb_r1,2,114,1790954930027,0,1790955525429.273,757.337,6.136,1790955526193.103,Normal,0.9319
rasp1,34773,20261002-152846_clu_rasp14_pi4gb_r1,490,perf_20261002-152846_clu_rasp14_pi4gb_r1,2,115,1790954930027,0,1790955526193.657,319.307,5.97,1790955526519.242,Normal,0.8313
rasp1,34773,20261002-152846_clu_rasp14_pi4gb_r1,499,perf_20261002-152846_clu_rasp14_pi4gb_r1,2,116,1790954930028,0,1790955526519.889,577.688,5.944,1790955527104.0,Normal,0.9378
rasp1,34773,20261002-152846_clu_rasp14_pi4gb_r1,504,perf_20261002-152846_clu_rasp14_pi4gb_r1,2,117,1790954930028,0,1790955527104.568,328.105,5.817,1790955527438.908,Normal,0.4319
rasp1,34773,20261002-152846_clu_rasp14_pi4gb_r1,511,perf_20261002-152846_clu_rasp14_pi4gb_r1,2,118,1790954930029,0,1790955527439.474,264.702,5.948,1790955527710.428,Normal,0.9509
rasp1,34773,20261002-152846_clu_rasp14_pi4gb_r1,519,perf_20261002-152846_clu_rasp14_pi4gb_r1,2,119,1790954930034,0,1790955527711.03,327.82,7.126,1790955528046.476,Normal,0.9589
rasp1,34773,20261002-152846_clu_rasp14_pi4gb_r1,528,perf_20261002-152846_clu_rasp14_pi4gb_r1,2,120,1790954930035,0,1790955528047.452,308.383,7.198,1790955528363.521,Normal,0.9375
rasp1,34773,20261002-152846_clu_rasp14_pi4gb_r1,532,perf_20261002-152846_clu_rasp14_pi4gb_r1,2,121,1790954930035,0,1790955528364.488,604.357,6.658,1790955528976.001,Normal,0.9772
rasp1,34773,20261002-152846_clu_rasp14_pi4gb_r1,533,perf_20261002-152846_clu_rasp14_pi4gb_r1,2,122,1790954930035,0,1790955528976.575,423.003,7.765,1790955529407.869,Normal,0.9612
rasp1,34773,20261002-152846_clu_rasp14_pi4gb_r1,537,perf_20261002-152846_clu_rasp14_pi4gb_r1,2,123,1790954930035,0,1790955529408.839,702.153,8.142,1790955530119.517,Normal,0.9659
rasp1,34773,20261002-152846_clu_rasp14_pi4gb_r1,539,perf_20261002-152846_clu_rasp14_pi4gb_r1,2,124,1790954930036,0,1790955530120.499,411.672,7.929,1790955530540.594,Normal,0.9345
rasp1,34773,20261002-152846_clu_rasp14_pi4gb_r1,547,perf_20261002-152846_clu_rasp14_pi4gb_r1,2,125,1790954930036,0,1790955530541.561,421.452,5.983,1790955530969.322,Normal,0.9733
rasp1,34773,20261002-152846_clu_rasp14_pi4gb_r1,548,perf_20261002-152846_clu_rasp14_pi4gb_r1,2,126,1790954930036,0,1790955530969.929,340.941,5.43,1790955531316.611,Normal,0.8177
rasp1,34773,20261002-152846_clu_rasp14_pi4gb_r1,560,perf_20261002-152846_clu_rasp14_pi4gb_r1,2,127,1790954930037,0,1790955531317.228,613.097,6.334,1790955531936.985,Normal,0.9751
rasp1,34773,20261002-152846_clu_rasp14_pi4gb_r1,562,perf_20261002-152846_clu_rasp14_pi4gb_r1,2,128,1790954930038,0,1790955531937.553,374.58,7.452,1790955532320.076,Normal,0.9601
rasp1,34773,20261002-152846_clu_rasp14_pi4gb_r1,564,perf_20261002-152846_clu_rasp14_pi4gb_r1,2,129,1790954930038,0,1790955532320.789,887.329,8.662,1790955533217.274,Normal,0.9762
rasp1,34773,20261002-152846_clu_rasp14_pi4gb_r1,565,perf_20261002-152846_clu_rasp14_pi4gb_r1,2,130,1790954930038,0,1790955533218.264,634.553,5.795,1790955533858.955,Normal,0.8109
rasp1,34773,20261002-152846_clu_rasp14_pi4gb_r1,567,perf_20261002-152846_clu_rasp14_pi4gb_r1,2,131,1790954930038,0,1790955533859.544,379.364,7.982,1790955534247.381,Normal,0.9597
rasp1,34773,20261002-152846_clu_rasp14_pi4gb_r1,568,perf_20261002-152846_clu_rasp14_pi4gb_r1,2,132,1790954930038,0,1790955534248.374,1630.054,8.619,1790955535887.635,Normal,0.9723
rasp1,34773,20261002-152846_clu_rasp14_pi4gb_r1,569,perf_20261002-152846_clu_rasp14_pi4gb_r1,2,133,1790954930038,0,1790955535888.634,374.588,7.444,1790955536271.195,Normal,0.8974
rasp1,34773,20261002-152846_clu_rasp14_pi4gb_r1,579,perf_20261002-152846_clu_rasp14_pi4gb_r1,2,134,1790954930040,0,1790955536272.165,317.383,7.743,1790955536597.834,Normal,0.8954
rasp1,34773,20261002-152846_clu_rasp14_pi4gb_r1,580,perf_20261002-152846_clu_rasp14_pi4gb_r1,2,135,1790954930040,0,1790955536598.508,273.828,5.454,1790955536878.107,Normal,0.9483
rasp1,34773,20261002-152846_clu_rasp14_pi4gb_r1,587,perf_20261002-152846_clu_rasp14_pi4gb_r1,2,136,1790954930041,0,1790955536878.773,502.961,5.491,1790955537387.547,Normal,0.918
rasp1,34773,20261002-152846_clu_rasp14_pi4gb_r1,589,perf_20261002-152846_clu_rasp14_pi4gb_r1,2,137,1790954930041,0,1790955537388.28,302.051,6.845,1790955537697.697,Normal,0.9309
rasp1,34773,20261002-152846_clu_rasp14_pi4gb_r1,614,perf_20261002-152846_clu_rasp14_pi4gb_r1,2,138,1790954930043,0,1790955537698.662,281.198,5.823,1790955537986.007,Normal,0.9457
rasp1,34773,20261002-152846_clu_rasp14_pi4gb_r1,620,perf_20261002-152846_clu_rasp14_pi4gb_r1,2,139,1790954930043,0,1790955537986.57,409.753,7.668,1790955538404.519,Normal,0.9613
rasp1,34773,20261002-152846_clu_rasp14_pi4gb_r1,621,perf_20261002-152846_clu_rasp14_pi4gb_r1,2,140,1790954930043,0,1790955538405.469,306.693,6.152,1790955538718.642,Normal,0.8992
rasp1,34773,20261002-152846_clu_rasp14_pi4gb_r1,623,perf_20261002-152846_clu_rasp14_pi4gb_r1,2,141,1790954930044,0,1790955538719.256,307.774,7.155,1790955539034.683,Normal,0.9309
rasp1,34773,20261002-152846_clu_rasp14_pi4gb_r1,629,perf_20261002-152846_clu_rasp14_pi4gb_r1,2,142,1790954930044,0,1790955539035.654,434.35,7.303,1790955539477.798,Normal,0.6746
rasp1,34773,20261002-152846_clu_rasp14_pi4gb_r1,630,perf_20261002-152846_clu_rasp14_pi4gb_r1,2,143,1790954930044,0,1790955539478.846,405.043,7.225,1790955539891.598,Normal,0.6003
rasp1,34773,20261002-152846_clu_rasp14_pi4gb_r1,634,perf_20261002-152846_clu_rasp14_pi4gb_r1,2,144,1790954930044,0,1790955539892.566,432.968,8.293,1790955540334.428,Normal,0.9415
rasp1,34773,20261002-152846_clu_rasp14_pi4gb_r1,636,perf_20261002-152846_clu_rasp14_pi4gb_r1,2,145,1790954930061,0,1790955540335.411,319.237,6.288,1790955540661.382,Normal,0.8753
rasp1,34773,20261002-152846_clu_rasp14_pi4gb_r1,638,perf_20261002-152846_clu_rasp14_pi4gb_r1,2,146,1790954930061,0,1790955540661.978,804.221,6.416,1790955541472.942,Normal,0.932
rasp1,34773,20261002-152846_clu_rasp14_pi4gb_r1,643,perf_20261002-152846_clu_rasp14_pi4gb_r1,2,147,1790954930080,0,1790955541473.549,469.23,6.557,1790955541949.66,Normal,0.858
rasp1,34773,20261002-152846_clu_rasp14_pi4gb_r1,647,perf_20261002-152846_clu_rasp14_pi4gb_r1,2,148,1790954930081,0,1790955541950.279,675.351,6.107,1790955542632.094,Normal,0.9262
rasp1,34773,20261002-152846_clu_rasp14_pi4gb_r1,648,perf_20261002-152846_clu_rasp14_pi4gb_r1,2,149,1790954930081,0,1790955542632.687,364.623,6.335,1790955543003.995,Normal,0.9608
rasp1,34773,20261002-152846_clu_rasp14_pi4gb_r1,650,perf_20261002-152846_clu_rasp14_pi4gb_r1,2,150,1790954930082,0,1790955543004.573,531.681,7.69,1790955543544.595,Normal,0.9434
rasp1,34773,20261002-152846_clu_rasp14_pi4gb_r1,652,perf_20261002-152846_clu_rasp14_pi4gb_r1,2,151,1790954930082,0,1790955543545.591,273.577,7.133,1790955543826.791,Normal,0.936
rasp1,34773,20261002-152846_clu_rasp14_pi4gb_r1,655,perf_20261002-152846_clu_rasp14_pi4gb_r1,2,152,1790954930083,0,1790955543827.771,296.972,7.584,1790955544132.826,Normal,0.8426
rasp1,34773,20261002-152846_clu_rasp14_pi4gb_r1,657,perf_20261002-152846_clu_rasp14_pi4gb_r1,2,153,1790954930083,0,1790955544133.425,437.067,5.782,1790955544576.64,OFFENSIVE,0.926
rasp1,34773,20261002-152846_clu_rasp14_pi4gb_r1,658,perf_20261002-152846_clu_rasp14_pi4gb_r1,2,154,1790954930083,0,1790955544577.246,226.305,7.76,1790955544811.959,Normal,0.9375
rasp1,34773,20261002-152846_clu_rasp14_pi4gb_r1,659,perf_20261002-152846_clu_rasp14_pi4gb_r1,2,155,1790954930083,0,1790955544812.952,380.013,6.058,1790955545199.35,Normal,0.9521
rasp1,34773,20261002-152846_clu_rasp14_pi4gb_r1,661,perf_20261002-152846_clu_rasp14_pi4gb_r1,2,156,1790954930084,0,1790955545199.96,332.124,8.223,1790955545540.889,Normal,0.9544
rasp1,34773,20261002-152846_clu_rasp14_pi4gb_r1,666,perf_20261002-152846_clu_rasp14_pi4gb_r1,2,157,1790954930085,0,1790955545541.87,287.72,7.031,1790955545837.136,Normal,0.9423
rasp1,34773,20261002-152846_clu_rasp14_pi4gb_r1,674,perf_20261002-152846_clu_rasp14_pi4gb_r1,2,158,1790954930106,0,1790955545838.142,562.037,7.524,1790955546408.195,Normal,0.965
rasp1,34773,20261002-152846_clu_rasp14_pi4gb_r1,680,perf_20261002-152846_clu_rasp14_pi4gb_r1,2,159,1790954930107,0,1790955546409.318,291.308,8.039,1790955546709.203,Normal,0.9423
rasp1,34773,20261002-152846_clu_rasp14_pi4gb_r1,682,perf_20261002-152846_clu_rasp14_pi4gb_r1,2,160,1790954930107,0,1790955546710.239,315.651,6.157,1790955547032.501,Normal,0.8661
rasp1,34773,20261002-152846_clu_rasp14_pi4gb_r1,687,perf_20261002-152846_clu_rasp14_pi4gb_r1,2,161,1790954930108,0,1790955547033.099,307.922,6.119,1790955547347.439,Normal,0.8661
rasp1,34773,20261002-152846_clu_rasp14_pi4gb_r1,695,perf_20261002-152846_clu_rasp14_pi4gb_r1,2,162,1790954930110,0,1790955547348.033,321.494,5.697,1790955547675.565,Normal,0.9465
rasp1,34773,20261002-152846_clu_rasp14_pi4gb_r1,697,perf_20261002-152846_clu_rasp14_pi4gb_r1,2,163,1790954930110,0,1790955547676.186,481.736,5.939,1790955548164.17,Normal,0.9333
rasp1,34773,20261002-152846_clu_rasp14_pi4gb_r1,701,perf_20261002-152846_clu_rasp14_pi4gb_r1,2,164,1790954930111,0,1790955548164.768,309.556,7.217,1790955548482.046,Normal,0.9504
rasp1,34773,20261002-152846_clu_rasp14_pi4gb_r1,703,perf_20261002-152846_clu_rasp14_pi4gb_r1,2,165,1790954930111,0,1790955548483.019,208.42,5.61,1790955548697.4,Normal,0.9475
rasp1,34773,20261002-152846_clu_rasp14_pi4gb_r1,709,perf_20261002-152846_clu_rasp14_pi4gb_r1,2,166,1790954930112,0,1790955548698.012,374.876,7.593,1790955549080.944,Normal,0.9246
rasp1,34773,20261002-152846_clu_rasp14_pi4gb_r1,714,perf_20261002-152846_clu_rasp14_pi4gb_r1,2,167,1790954930113,0,1790955549081.919,1020.532,7.363,1790955550110.384,Normal,0.9766
rasp1,34773,20261002-152846_clu_rasp14_pi4gb_r1,717,perf_20261002-152846_clu_rasp14_pi4gb_r1,2,168,1790954930114,0,1790955550110.985,580.626,7.211,1790955550699.242,Normal,0.9559
rasp1,34773,20261002-152846_clu_rasp14_pi4gb_r1,719,perf_20261002-152846_clu_rasp14_pi4gb_r1,2,169,1790954930114,0,1790955550699.875,303.308,7.296,1790955551010.957,Normal,0.9364
rasp1,34773,20261002-152846_clu_rasp14_pi4gb_r1,721,perf_20261002-152846_clu_rasp14_pi4gb_r1,2,170,1790954930114,0,1790955551011.63,242.911,6.605,1790955551261.502,Normal,0.9224
rasp1,34773,20261002-152846_clu_rasp14_pi4gb_r1,724,perf_20261002-152846_clu_rasp14_pi4gb_r1,2,171,1790954930115,0,1790955551262.113,1116.078,5.624,1790955552384.244,Normal,0.9772
rasp1,34773,20261002-152846_clu_rasp14_pi4gb_r1,725,perf_20261002-152846_clu_rasp14_pi4gb_r1,2,172,1790954930115,0,1790955552384.871,366.797,7.902,1790955552760.113,Normal,0.9369
rasp1,34773,20261002-152846_clu_rasp14_pi4gb_r1,733,perf_20261002-152846_clu_rasp14_pi4gb_r1,2,173,1790954930118,0,1790955552761.093,214.77,6.046,1790955552982.229,Normal,0.9375
rasp1,34773,20261002-152846_clu_rasp14_pi4gb_r1,734,perf_20261002-152846_clu_rasp14_pi4gb_r1,2,174,1790954930118,0,1790955552983.063,646.423,6.438,1790955553636.297,Normal,0.9378
rasp1,34773,20261002-152846_clu_rasp14_pi4gb_r1,747,perf_20261002-152846_clu_rasp14_pi4gb_r1,2,175,1790954930120,0,1790955553636.905,702.073,8.707,1790955554348.178,Normal,0.9704
rasp1,34773,20261002-152846_clu_rasp14_pi4gb_r1,756,perf_20261002-152846_clu_rasp14_pi4gb_r1,2,176,1790954930122,0,1790955554349.165,365.59,8.131,1790955554723.377,Normal,0.9048
rasp1,34773,20261002-152846_clu_rasp14_pi4gb_r1,760,perf_20261002-152846_clu_rasp14_pi4gb_r1,2,177,1790954930123,0,1790955554724.07,300.101,5.417,1790955555029.908,Normal,0.942
rasp1,34773,20261002-152846_clu_rasp14_pi4gb_r1,762,perf_20261002-152846_clu_rasp14_pi4gb_r1,2,178,1790954930123,0,1790955555030.54,270.429,8.066,1790955555309.514,Normal,0.9375
rasp1,34773,20261002-152846_clu_rasp14_pi4gb_r1,764,perf_20261002-152846_clu_rasp14_pi4gb_r1,2,179,1790954930124,0,1790955555310.484,369.83,7.763,1790955555688.634,Normal,0.9611
rasp1,34773,20261002-152846_clu_rasp14_pi4gb_r1,773,perf_20261002-152846_clu_rasp14_pi4gb_r1,2,180,1790954930125,0,1790955555689.607,270.395,7.6,1790955555968.109,Normal,0.9375
rasp1,34773,20261002-152846_clu_rasp14_pi4gb_r1,778,perf_20261002-152846_clu_rasp14_pi4gb_r1,2,181,1790954930126,0,1790955555968.805,256.282,6.349,1790955556231.753,Normal,0.9591
rasp1,34773,20261002-152846_clu_rasp14_pi4gb_r1,782,perf_20261002-152846_clu_rasp14_pi4gb_r1,2,182,1790954930127,0,1790955556232.384,512.156,6.042,1790955556751.085,Normal,0.9525
rasp1,34773,20261002-152846_clu_rasp14_pi4gb_r1,790,perf_20261002-152846_clu_rasp14_pi4gb_r1,2,183,1790954930129,0,1790955556751.647,514.638,8.698,1790955557275.531,Normal,0.9464
rasp1,34773,20261002-152846_clu_rasp14_pi4gb_r1,794,perf_20261002-152846_clu_rasp14_pi4gb_r1,2,184,1790954930130,0,1790955557276.538,644.591,7.454,1790955557929.088,Normal,0.9711
rasp1,34773,20261002-152846_clu_rasp14_pi4gb_r1,797,perf_20261002-152846_clu_rasp14_pi4gb_r1,2,185,1790954930130,0,1790955557930.126,306.931,7.861,1790955558245.408,Normal,0.9192
rasp1,34773,20261002-152846_clu_rasp14_pi4gb_r1,803,perf_20261002-152846_clu_rasp14_pi4gb_r1,2,186,1790954930131,0,1790955558246.382,770.99,6.767,1790955559024.516,Normal,0.9485
rasp1,34773,20261002-152846_clu_rasp14_pi4gb_r1,807,perf_20261002-152846_clu_rasp14_pi4gb_r1,2,187,1790954930132,0,1790955559025.289,584.534,8.861,1790955559619.182,Normal,0.9427
rasp1,34773,20261002-152846_clu_rasp14_pi4gb_r1,812,perf_20261002-152846_clu_rasp14_pi4gb_r1,2,188,1790954930133,0,1790955559620.528,860.835,7.332,1790955560489.075,Normal,0.94
rasp1,34773,20261002-152846_clu_rasp14_pi4gb_r1,813,perf_20261002-152846_clu_rasp14_pi4gb_r1,2,189,1790954930133,0,1790955560489.647,850.384,7.632,1790955561348.179,Normal,0.7331
rasp1,34773,20261002-152846_clu_rasp14_pi4gb_r1,823,perf_20261002-152846_clu_rasp14_pi4gb_r1,2,190,1790954930134,0,1790955561349.183,338.939,7.419,1790955561696.026,Normal,0.9475
rasp1,34773,20261002-152846_clu_rasp14_pi4gb_r1,829,perf_20261002-152846_clu_rasp14_pi4gb_r1,2,191,1790954930135,0,1790955561697.001,299.836,8.524,1790955562005.854,Normal,0.9556
rasp1,34773,20261002-152846_clu_rasp14_pi4gb_r1,830,perf_20261002-152846_clu_rasp14_pi4gb_r1,2,192,1790954930135,0,1790955562006.82,302.243,6.698,1790955562316.252,Normal,0.9513
rasp1,34773,20261002-152846_clu_rasp14_pi4gb_r1,832,perf_20261002-152846_clu_rasp14_pi4gb_r1,2,193,1790954930135,0,1790955562316.852,382.774,7.665,1790955562707.827,Normal,0.8724
rasp1,34773,20261002-152846_clu_rasp14_pi4gb_r1,833,perf_20261002-152846_clu_rasp14_pi4gb_r1,2,194,1790954930135,0,1790955562708.798,403.422,5.459,1790955563117.998,Normal,0.9718
rasp1,34773,20261002-152846_clu_rasp14_pi4gb_r1,836,perf_20261002-152846_clu_rasp14_pi4gb_r1,2,195,1790954930135,0,1790955563118.557,317.833,6.638,1790955563443.385,Normal,0.9501
rasp1,34773,20261002-152846_clu_rasp14_pi4gb_r1,839,perf_20261002-152846_clu_rasp14_pi4gb_r1,2,196,1790954930135,0,1790955563444.359,249.439,6.196,1790955563700.319,Normal,0.9119
rasp1,34773,20261002-152846_clu_rasp14_pi4gb_r1,840,perf_20261002-152846_clu_rasp14_pi4gb_r1,2,197,1790954930136,0,1790955563701.059,559.755,8.686,1790955564269.989,Normal,0.9144
rasp1,34773,20261002-152846_clu_rasp14_pi4gb_r1,841,perf_20261002-152846_clu_rasp14_pi4gb_r1,2,198,1790954930136,0,1790955564270.962,307.318,8.318,1790955564587.128,Normal,0.9643
rasp1,34773,20261002-152846_clu_rasp14_pi4gb_r1,842,perf_20261002-152846_clu_rasp14_pi4gb_r1,2,199,1790954930136,0,1790955564588.104,431.017,5.871,1790955565025.312,Normal,0.9313
rasp1,34773,20261002-152846_clu_rasp14_pi4gb_r1,845,perf_20261002-152846_clu_rasp14_pi4gb_r1,2,200,1790954930136,0,1790955565025.944,447.718,7.407,1790955565481.624,Normal,0.4952
rasp1,34773,20261002-152846_clu_rasp14_pi4gb_r1,847,perf_20261002-152846_clu_rasp14_pi4gb_r1,2,201,1790954930136,0,1790955565482.25,302.547,7.484,1790955565792.6,Normal,0.8808
rasp1,34773,20261002-152846_clu_rasp14_pi4gb_r1,848,perf_20261002-152846_clu_rasp14_pi4gb_r1,2,202,1790954930136,0,1790955565793.208,649.94,6.604,1790955566450.127,Normal,0.9009
rasp1,34773,20261002-152846_clu_rasp14_pi4gb_r1,874,perf_20261002-152846_clu_rasp14_pi4gb_r1,2,203,1790954930142,0,1790955566450.731,822.852,7.623,1790955567281.835,Normal,0.9319
rasp1,34773,20261002-152846_clu_rasp14_pi4gb_r1,880,perf_20261002-152846_clu_rasp14_pi4gb_r1,2,204,1790954930142,0,1790955567282.84,269.948,8.099,1790955567561.357,Normal,0.8412
rasp1,34773,20261002-152846_clu_rasp14_pi4gb_r1,882,perf_20261002-152846_clu_rasp14_pi4gb_r1,2,205,1790954930143,0,1790955567562.408,545.074,8.492,1790955568116.335,Normal,0.946
rasp1,34773,20261002-152846_clu_rasp14_pi4gb_r1,886,perf_20261002-152846_clu_rasp14_pi4gb_r1,2,206,1790954930143,0,1790955568116.944,525.096,8.12,1790955568650.631,Normal,0.9649
rasp1,34773,20261002-152846_clu_rasp14_pi4gb_r1,894,perf_20261002-152846_clu_rasp14_pi4gb_r1,2,207,1790954930144,0,1790955568651.316,377.712,7.887,1790955569037.378,Normal,0.7975
rasp1,34773,20261002-152846_clu_rasp14_pi4gb_r1,897,perf_20261002-152846_clu_rasp14_pi4gb_r1,2,208,1790954930144,0,1790955569038.337,299.676,8.856,1790955569347.334,Normal,0.939
rasp1,34773,20261002-152846_clu_rasp14_pi4gb_r1,900,perf_20261002-152846_clu_rasp14_pi4gb_r1,2,209,1790954930144,0,1790955569348.287,588.225,6.999,1790955569944.034,Normal,0.9649
rasp1,34773,20261002-152846_clu_rasp14_pi4gb_r1,910,perf_20261002-152846_clu_rasp14_pi4gb_r1,2,210,1790954930145,0,1790955569945.006,317.573,6.203,1790955570269.147,Normal,0.9224
rasp1,34773,20261002-152846_clu_rasp14_pi4gb_r1,912,perf_20261002-152846_clu_rasp14_pi4gb_r1,2,211,1790954930145,0,1790955570269.848,491.263,8.33,1790955570769.923,Normal,0.9126
rasp1,34773,20261002-152846_clu_rasp14_pi4gb_r1,913,perf_20261002-152846_clu_rasp14_pi4gb_r1,2,212,1790954930145,0,1790955570770.978,306.136,6.096,1790955571083.518,Normal,0.9618
rasp1,34773,20261002-152846_clu_rasp14_pi4gb_r1,914,perf_20261002-152846_clu_rasp14_pi4gb_r1,2,213,1790954930145,0,1790955571084.115,252.249,6.958,1790955571343.633,Normal,0.9514
rasp1,34773,20261002-152846_clu_rasp14_pi4gb_r1,916,perf_20261002-152846_clu_rasp14_pi4gb_r1,2,214,1790954930145,0,1790955571344.261,563.062,8.891,1790955571916.763,Normal,0.9117
rasp1,34773,20261002-152846_clu_rasp14_pi4gb_r1,921,perf_20261002-152846_clu_rasp14_pi4gb_r1,2,215,1790954930150,0,1790955571917.77,831.968,6.533,1790955572756.624,Normal,0.9747
rasp1,34773,20261002-152846_clu_rasp14_pi4gb_r1,923,perf_20261002-152846_clu_rasp14_pi4gb_r1,2,216,1790954930150,0,1790955572757.281,730.509,7.722,1790955573496.018,Normal,0.9544
rasp1,34773,20261002-152846_clu_rasp14_pi4gb_r1,924,perf_20261002-152846_clu_rasp14_pi4gb_r1,2,217,1790954930150,0,1790955573497.031,514.43,6.437,1790955574018.267,Normal,0.9706
rasp1,34773,20261002-152846_clu_rasp14_pi4gb_r1,927,perf_20261002-152846_clu_rasp14_pi4gb_r1,2,218,1790954930150,0,1790955574018.882,394.705,6.9,1790955574420.841,Normal,0.974
rasp1,34773,20261002-152846_clu_rasp14_pi4gb_r1,935,perf_20261002-152846_clu_rasp14_pi4gb_r1,2,219,1790954930151,0,1790955574422.0,283.25,8.142,1790955574713.924,Normal,0.9494
rasp1,34773,20261002-152846_clu_rasp14_pi4gb_r1,939,perf_20261002-152846_clu_rasp14_pi4gb_r1,2,220,1790954930151,0,1790955574714.903,272.076,7.106,1790955574994.572,Normal,0.9375
rasp1,34773,20261002-152846_clu_rasp14_pi4gb_r1,946,perf_20261002-152846_clu_rasp14_pi4gb_r1,2,221,1790954930152,0,1790955574995.557,279.834,5.609,1790955575281.356,OFFENSIVE,0.7203
rasp1,34773,20261002-152846_clu_rasp14_pi4gb_r1,947,perf_20261002-152846_clu_rasp14_pi4gb_r1,2,222,1790954930152,0,1790955575281.962,424.987,7.331,1790955575714.596,Normal,0.9314
rasp1,34773,20261002-152846_clu_rasp14_pi4gb_r1,948,perf_20261002-152846_clu_rasp14_pi4gb_r1,2,223,1790954930152,0,1790955575715.259,406.836,7.909,1790955576130.506,Normal,0.9546
rasp1,34773,20261002-152846_clu_rasp14_pi4gb_r1,950,perf_20261002-152846_clu_rasp14_pi4gb_r1,2,224,1790954930152,0,1790955576131.485,383.13,7.611,1790955576522.826,Normal,0.9541
rasp1,34773,20261002-152846_clu_rasp14_pi4gb_r1,960,perf_20261002-152846_clu_rasp14_pi4gb_r1,2,225,1790954930153,0,1790955576523.828,295.382,5.658,1790955576825.193,Normal,0.8412
rasp1,34773,20261002-152846_clu_rasp14_pi4gb_r1,965,perf_20261002-152846_clu_rasp14_pi4gb_r1,2,226,1790954930154,0,1790955576825.904,448.36,5.989,1790955577280.568,Normal,0.9563
rasp1,34773,20261002-152846_clu_rasp14_pi4gb_r1,966,perf_20261002-152846_clu_rasp14_pi4gb_r1,2,227,1790954930154,0,1790955577281.228,760.675,8.494,1790955578050.913,Normal,0.971
rasp1,34773,20261002-152846_clu_rasp14_pi4gb_r1,976,perf_20261002-152846_clu_rasp14_pi4gb_r1,2,228,1790954930156,0,1790955578051.767,297.036,7.337,1790955578356.456,Normal,0.9522
rasp1,34773,20261002-152846_clu_rasp14_pi4gb_r1,978,perf_20261002-152846_clu_rasp14_pi4gb_r1,2,229,1790954930156,0,1790955578357.301,2418.172,8.446,1790955580784.508,Normal,0.9685
rasp1,34773,20261002-152846_clu_rasp14_pi4gb_r1,979,perf_20261002-152846_clu_rasp14_pi4gb_r1,2,230,1790954930156,0,1790955580785.492,308.967,6.261,1790955581101.076,Normal,0.9626
rasp1,34773,20261002-152846_clu_rasp14_pi4gb_r1,981,perf_20261002-152846_clu_rasp14_pi4gb_r1,2,231,1790954930157,0,1790955581101.63,389.412,8.326,1790955581499.852,Normal,0.9492
rasp1,34773,20261002-152846_clu_rasp14_pi4gb_r1,982,perf_20261002-152846_clu_rasp14_pi4gb_r1,2,232,1790954930157,0,1790955581500.826,616.261,8.409,1790955582126.018,Normal,0.9784
rasp1,34773,20261002-152846_clu_rasp14_pi4gb_r1,986,perf_20261002-152846_clu_rasp14_pi4gb_r1,2,233,1790954930157,0,1790955582127.015,455.132,7.929,1790955582590.573,Normal,0.9361
rasp1,34773,20261002-152846_clu_rasp14_pi4gb_r1,997,perf_20261002-152846_clu_rasp14_pi4gb_r1,2,234,1790954930158,0,1790955582591.56,317.481,7.864,1790955582917.399,Normal,0.9554
rasp1,34773,20261002-152846_clu_rasp14_pi4gb_r1,998,perf_20261002-152846_clu_rasp14_pi4gb_r1,2,235,1790954930158,0,1790955582918.376,329.816,9.368,1790955583258.067,Normal,0.9192
rasp1,34773,20261002-152846_clu_rasp14_pi4gb_r1,1000,perf_20261002-152846_clu_rasp14_pi4gb_r1,2,236,1790954930158,0,1790955583258.794,367.863,6.409,1790955583633.471,Normal,0.9164
rasp1,34773,20261002-152846_clu_rasp14_pi4gb_r1,1010,perf_20261002-152846_clu_rasp14_pi4gb_r1,2,237,1790954930159,0,1790955583634.156,440.782,8.101,1790955584083.536,Normal,0.8504
rasp1,34773,20261002-152846_clu_rasp14_pi4gb_r1,1013,perf_20261002-152846_clu_rasp14_pi4gb_r1,2,238,1790954930159,0,1790955584084.611,405.127,7.127,1790955584497.237,Normal,0.9531
rasp1,34773,20261002-152846_clu_rasp14_pi4gb_r1,1018,perf_20261002-152846_clu_rasp14_pi4gb_r1,2,239,1790954930160,0,1790955584498.25,329.836,6.113,1790955584834.52,Normal,0.9345
rasp1,34773,20261002-152846_clu_rasp14_pi4gb_r1,1019,perf_20261002-152846_clu_rasp14_pi4gb_r1,2,240,1790954930160,0,1790955584835.357,334.529,6.145,1790955585176.351,Normal,0.9352
rasp1,34773,20261002-152846_clu_rasp14_pi4gb_r1,1022,perf_20261002-152846_clu_rasp14_pi4gb_r1,2,241,1790954930160,0,1790955585176.952,255.701,6.077,1790955585439.086,Normal,0.8738
rasp1,34773,20261002-152846_clu_rasp14_pi4gb_r1,1028,perf_20261002-152846_clu_rasp14_pi4gb_r1,2,242,1790954930161,0,1790955585439.693,322.719,6.788,1790955585769.785,Normal,0.6456
rasp1,34773,20261002-152846_clu_rasp14_pi4gb_r1,1029,perf_20261002-152846_clu_rasp14_pi4gb_r1,2,243,1790954930161,0,1790955585770.481,238.466,8.937,1790955586018.363,Normal,0.9266
rasp1,34773,20261002-152846_clu_rasp14_pi4gb_r1,1030,perf_20261002-152846_clu_rasp14_pi4gb_r1,2,244,1790954930161,0,1790955586019.062,396.77,6.455,1790955586422.606,Normal,0.9665
rasp1,34773,20261002-152846_clu_rasp14_pi4gb_r1,1032,perf_20261002-152846_clu_rasp14_pi4gb_r1,2,245,1790954930161,0,1790955586423.211,1243.907,5.998,1790955587677.313,Normal,0.9601
rasp1,34773,20261002-152846_clu_rasp14_pi4gb_r1,1034,perf_20261002-152846_clu_rasp14_pi4gb_r1,2,246,1790954930161,0,1790955587678.009,269.175,6.109,1790955587953.606,Normal,0.4554
rasp1,34773,20261002-152846_clu_rasp14_pi4gb_r1,1037,perf_20261002-152846_clu_rasp14_pi4gb_r1,2,247,1790954930178,0,1790955587954.231,255.425,6.012,1790955588216.027,Normal,0.9658
rasp1,34773,20261002-152846_clu_rasp14_pi4gb_r1,1041,perf_20261002-152846_clu_rasp14_pi4gb_r1,2,248,1790954930189,0,1790955588216.627,396.311,6.749,1790955588620.005,Normal,0.9584
rasp1,34773,20261002-152846_clu_rasp14_pi4gb_r1,1048,perf_20261002-152846_clu_rasp14_pi4gb_r1,2,249,1790954930205,0,1790955588620.602,272.815,6.451,1790955588900.246,Normal,0.9627
rasp1,34773,20261002-152846_clu_rasp14_pi4gb_r1,1057,perf_20261002-152846_clu_rasp14_pi4gb_r1,2,250,1790954930220,0,1790955588901.017,859.056,6.49,1790955589766.945,Normal,0.9466
rasp1,34773,20261002-152846_clu_rasp14_pi4gb_r1,1060,perf_20261002-152846_clu_rasp14_pi4gb_r1,2,251,1790954930221,0,1790955589767.505,261.531,6.245,1790955590035.584,Normal,0.7933
rasp1,34773,20261002-152846_clu_rasp14_pi4gb_r1,1065,perf_20261002-152846_clu_rasp14_pi4gb_r1,2,252,1790954930221,0,1790955590036.188,340.231,6.026,1790955590382.792,Normal,0.9084
rasp1,34773,20261002-152846_clu_rasp14_pi4gb_r1,1067,perf_20261002-152846_clu_rasp14_pi4gb_r1,2,253,1790954930222,0,1790955590383.361,787.517,7.655,1790955591179.108,Normal,0.9724
rasp1,34773,20261002-152846_clu_rasp14_pi4gb_r1,1068,perf_20261002-152846_clu_rasp14_pi4gb_r1,2,254,1790954930222,0,1790955591179.677,305.09,8.197,1790955591493.422,Normal,0.9592
rasp1,34773,20261002-152846_clu_rasp14_pi4gb_r1,1070,perf_20261002-152846_clu_rasp14_pi4gb_r1,2,255,1790954930222,0,1790955591494.538,276.405,5.574,1790955591776.82,Normal,0.9728
rasp1,34773,20261002-152846_clu_rasp14_pi4gb_r1,1071,perf_20261002-152846_clu_rasp14_pi4gb_r1,2,256,1790954930223,0,1790955591777.36,402.577,7.955,1790955592188.351,Normal,0.881
rasp1,34773,20261002-152846_clu_rasp14_pi4gb_r1,1072,perf_20261002-152846_clu_rasp14_pi4gb_r1,2,257,1790954930223,0,1790955592189.323,381.234,7.307,1790955592578.389,Normal,0.6321
rasp1,34773,20261002-152846_clu_rasp14_pi4gb_r1,1073,perf_20261002-152846_clu_rasp14_pi4gb_r1,2,258,1790954930223,0,1790955592579.343,245.736,6.279,1790955592831.684,Normal,0.9375
rasp1,34773,20261002-152846_clu_rasp14_pi4gb_r1,1074,perf_20261002-152846_clu_rasp14_pi4gb_r1,2,259,1790954930223,0,1790955592832.299,375.518,8.126,1790955593216.419,OFFENSIVE,0.6502
rasp1,34773,20261002-152846_clu_rasp14_pi4gb_r1,1081,perf_20261002-152846_clu_rasp14_pi4gb_r1,2,260,1790954930224,0,1790955593217.029,421.101,6.686,1790955593645.124,Normal,0.9409
rasp1,34773,20261002-152846_clu_rasp14_pi4gb_r1,1083,perf_20261002-152846_clu_rasp14_pi4gb_r1,2,261,1790954930225,0,1790955593645.93,350.182,5.193,1790955594001.618,Normal,0.9575
rasp1,34773,20261002-152846_clu_rasp14_pi4gb_r1,1088,perf_20261002-152846_clu_rasp14_pi4gb_r1,2,262,1790954930226,0,1790955594002.288,554.904,11.028,1790955594569.01,Normal,0.9424
rasp1,34773,20261002-152846_clu_rasp14_pi4gb_r1,1097,perf_20261002-152846_clu_rasp14_pi4gb_r1,2,263,1790954930227,0,1790955594570.016,341.194,5.802,1790955594917.345,Normal,0.9654
rasp1,34773,20261002-152846_clu_rasp14_pi4gb_r1,1099,perf_20261002-152846_clu_rasp14_pi4gb_r1,2,264,1790954930228,0,1790955594917.996,708.429,9.306,1790955595636.43,Normal,0.9351
rasp1,34773,20261002-152846_clu_rasp14_pi4gb_r1,1105,perf_20261002-152846_clu_rasp14_pi4gb_r1,2,265,1790954930229,0,1790955595637.607,410.503,8.512,1790955596057.126,Normal,0.951
rasp1,34773,20261002-152846_clu_rasp14_pi4gb_r1,1109,perf_20261002-152846_clu_rasp14_pi4gb_r1,2,266,1790954930230,0,1790955596058.235,425.588,7.294,1790955596491.611,Normal,0.9257
rasp1,34773,20261002-152846_clu_rasp14_pi4gb_r1,1110,perf_20261002-152846_clu_rasp14_pi4gb_r1,2,267,1790954930230,0,1790955596492.305,389.801,5.943,1790955596888.367,Normal,0.8559
rasp1,34773,20261002-152846_clu_rasp14_pi4gb_r1,1113,perf_20261002-152846_clu_rasp14_pi4gb_r1,2,268,1790954930231,0,1790955596889.18,318.15,7.444,1790955597215.317,Normal,0.9694
rasp1,34773,20261002-152846_clu_rasp14_pi4gb_r1,1119,perf_20261002-152846_clu_rasp14_pi4gb_r1,2,269,1790954930232,0,1790955597216.29,314.492,7.628,1790955597538.903,Normal,0.9721
rasp1,34773,20261002-152846_clu_rasp14_pi4gb_r1,1120,perf_20261002-152846_clu_rasp14_pi4gb_r1,2,270,1790954930232,0,1790955597539.584,350.633,5.715,1790955597897.769,Normal,0.9608
rasp1,34773,20261002-152846_clu_rasp14_pi4gb_r1,1123,perf_20261002-152846_clu_rasp14_pi4gb_r1,2,271,1790954930233,0,1790955597898.352,319.508,5.667,1790955598223.839,Normal,0.957
rasp1,34773,20261002-152846_clu_rasp14_pi4gb_r1,1128,perf_20261002-152846_clu_rasp14_pi4gb_r1,2,272,1790954930234,0,1790955598224.413,874.875,5.973,1790955599105.599,Normal,0.968
rasp1,34773,20261002-152846_clu_rasp14_pi4gb_r1,1132,perf_20261002-152846_clu_rasp14_pi4gb_r1,2,273,1790954930234,0,1790955599106.289,314.34,7.528,1790955599428.693,Normal,0.9555
rasp1,34773,20261002-152846_clu_rasp14_pi4gb_r1,1134,perf_20261002-152846_clu_rasp14_pi4gb_r1,2,274,1790954930235,0,1790955599429.66,364.923,6.491,1790955599801.446,Normal,0.9473
rasp1,34773,20261002-152846_clu_rasp14_pi4gb_r1,1136,perf_20261002-152846_clu_rasp14_pi4gb_r1,2,275,1790954930235,0,1790955599802.255,265.13,5.767,1790955600073.54,Normal,0.9561
rasp1,34773,20261002-152846_clu_rasp14_pi4gb_r1,1137,perf_20261002-152846_clu_rasp14_pi4gb_r1,2,276,1790954930236,0,1790955600074.417,228.225,5.946,1790955600308.953,Normal,0.9473
rasp1,34773,20261002-152846_clu_rasp14_pi4gb_r1,1138,perf_20261002-152846_clu_rasp14_pi4gb_r1,2,277,1790954930236,0,1790955600309.526,352.708,5.458,1790955600668.005,Normal,0.9413
rasp1,34773,20261002-152846_clu_rasp14_pi4gb_r1,1141,perf_20261002-152846_clu_rasp14_pi4gb_r1,2,278,1790954930236,0,1790955600668.579,249.56,6.547,1790955600924.999,Normal,0.9405
rasp1,34773,20261002-152846_clu_rasp14_pi4gb_r1,1145,perf_20261002-152846_clu_rasp14_pi4gb_r1,2,279,1790954930237,0,1790955600925.627,245.444,8.256,1790955601180.034,Normal,0.9711
rasp1,34773,20261002-152846_clu_rasp14_pi4gb_r1,1147,perf_20261002-152846_clu_rasp14_pi4gb_r1,2,280,1790954930237,0,1790955601181.127,265.245,5.734,1790955601452.428,Normal,0.9096
rasp1,34773,20261002-152846_clu_rasp14_pi4gb_r1,1152,perf_20261002-152846_clu_rasp14_pi4gb_r1,2,281,1790954930238,0,1790955601453.034,322.552,7.8,1790955601783.918,Normal,0.9568
rasp1,34773,20261002-152846_clu_rasp14_pi4gb_r1,1159,perf_20261002-152846_clu_rasp14_pi4gb_r1,2,282,1790954930240,0,1790955601784.599,274.909,6.485,1790955602066.363,Normal,0.9627
rasp1,34773,20261002-152846_clu_rasp14_pi4gb_r1,1162,perf_20261002-152846_clu_rasp14_pi4gb_r1,2,283,1790954930240,0,1790955602067.221,653.913,6.273,1790955602727.734,Normal,0.9411
rasp1,34773,20261002-152846_clu_rasp14_pi4gb_r1,1172,perf_20261002-152846_clu_rasp14_pi4gb_r1,2,284,1790954930242,0,1790955602728.305,358.86,7.057,1790955603101.898,Normal,0.86
rasp1,34773,20261002-152846_clu_rasp14_pi4gb_r1,1174,perf_20261002-152846_clu_rasp14_pi4gb_r1,2,285,1790954930243,0,1790955603102.903,286.277,6.113,1790955603395.619,Normal,0.9368
rasp1,34773,20261002-152846_clu_rasp14_pi4gb_r1,1180,perf_20261002-152846_clu_rasp14_pi4gb_r1,2,286,1790954930244,0,1790955603396.242,613.407,6.461,1790955604016.482,Normal,0.968
rasp1,34773,20261002-152846_clu_rasp14_pi4gb_r1,1183,perf_20261002-152846_clu_rasp14_pi4gb_r1,2,287,1790954930244,0,1790955604017.477,404.694,5.978,1790955604428.477,Normal,0.4246
rasp1,34773,20261002-152846_clu_rasp14_pi4gb_r1,1184,perf_20261002-152846_clu_rasp14_pi4gb_r1,2,288,1790954930245,0,1790955604429.095,361.0,8.311,1790955604798.887,Normal,0.9507
rasp1,34773,20261002-152846_clu_rasp14_pi4gb_r1,1189,perf_20261002-152846_clu_rasp14_pi4gb_r1,2,289,1790954930245,0,1790955604799.901,275.888,6.305,1790955605082.421,Normal,0.9629
rasp1,34773,20261002-152846_clu_rasp14_pi4gb_r1,1193,perf_20261002-152846_clu_rasp14_pi4gb_r1,2,290,1790954930247,0,1790955605083.04,287.191,7.466,1790955605378.015,Normal,0.9171
rasp1,34773,20261002-152846_clu_rasp14_pi4gb_r1,1194,perf_20261002-152846_clu_rasp14_pi4gb_r1,2,291,1790954930247,0,1790955605378.609,2080.818,8.66,1790955607468.757,Normal,0.9511
rasp1,34773,20261002-152846_clu_rasp14_pi4gb_r1,1198,perf_20261002-152846_clu_rasp14_pi4gb_r1,2,292,1790954930248,0,1790955607469.813,447.999,7.918,1790955607926.239,Normal,0.953
rasp1,34773,20261002-152846_clu_rasp14_pi4gb_r1,1222,perf_20261002-152846_clu_rasp14_pi4gb_r1,2,293,1790954930252,0,1790955607927.261,292.553,7.889,1790955608228.203,Normal,0.932
rasp1,34773,20261002-152846_clu_rasp14_pi4gb_r1,1224,perf_20261002-152846_clu_rasp14_pi4gb_r1,2,294,1790954930252,0,1790955608229.2,267.412,6.234,1790955608503.209,HATE,0.4387
rasp1,34773,20261002-152846_clu_rasp14_pi4gb_r1,1226,perf_20261002-152846_clu_rasp14_pi4gb_r1,2,295,1790954930253,0,1790955608503.811,437.596,7.556,1790955608949.502,Normal,0.9765
rasp1,34773,20261002-152846_clu_rasp14_pi4gb_r1,1237,perf_20261002-152846_clu_rasp14_pi4gb_r1,2,296,1790954930254,0,1790955608950.266,422.22,9.273,1790955609382.11,Normal,0.9761
rasp1,34773,20261002-152846_clu_rasp14_pi4gb_r1,1244,perf_20261002-152846_clu_rasp14_pi4gb_r1,2,297,1790954930254,0,1790955609382.661,374.9,6.08,1790955609764.071,Normal,0.9604
rasp1,34773,20261002-152846_clu_rasp14_pi4gb_r1,1248,perf_20261002-152846_clu_rasp14_pi4gb_r1,2,298,1790954930255,0,1790955609764.634,283.411,6.21,1790955610054.555,Normal,0.9423
rasp1,34773,20261002-152846_clu_rasp14_pi4gb_r1,1249,perf_20261002-152846_clu_rasp14_pi4gb_r1,2,299,1790954930255,0,1790955610055.154,297.475,5.824,1790955610358.78,Normal,0.9556
rasp1,34773,20261002-152846_clu_rasp14_pi4gb_r1,1254,perf_20261002-152846_clu_rasp14_pi4gb_r1,2,300,1790954930255,0,1790955610359.322,669.229,8.307,1790955611037.379,Normal,0.9677
rasp1,34773,20261002-152846_clu_rasp14_pi4gb_r1,1260,perf_20261002-152846_clu_rasp14_pi4gb_r1,2,301,1790954930255,0,1790955611038.391,332.547,6.681,1790955611377.939,Normal,0.9453
rasp1,34773,20261002-152846_clu_rasp14_pi4gb_r1,1266,perf_20261002-152846_clu_rasp14_pi4gb_r1,2,302,1790954930256,0,1790955611378.508,386.135,7.785,1790955611772.94,Normal,0.9547
rasp1,34773,20261002-152846_clu_rasp14_pi4gb_r1,1270,perf_20261002-152846_clu_rasp14_pi4gb_r1,2,303,1790954930256,0,1790955611773.91,286.893,7.137,1790955612068.409,Normal,0.9274
rasp1,34773,20261002-152846_clu_rasp14_pi4gb_r1,1277,perf_20261002-152846_clu_rasp14_pi4gb_r1,2,304,1790954930260,0,1790955612069.108,506.681,7.32,1790955612583.582,Normal,0.9497
rasp1,34773,20261002-152846_clu_rasp14_pi4gb_r1,1278,perf_20261002-152846_clu_rasp14_pi4gb_r1,2,305,1790954930260,0,1790955612584.574,216.868,6.058,1790955612807.876,Normal,0.9105
rasp1,34773,20261002-152846_clu_rasp14_pi4gb_r1,1284,perf_20261002-152846_clu_rasp14_pi4gb_r1,2,306,1790954930260,0,1790955612808.47,273.325,6.262,1790955613088.374,Normal,0.9008
rasp1,34773,20261002-152846_clu_rasp14_pi4gb_r1,1286,perf_20261002-152846_clu_rasp14_pi4gb_r1,2,307,1790954930261,0,1790955613089.004,253.392,7.654,1790955613350.589,Normal,0.9537
rasp1,34773,20261002-152846_clu_rasp14_pi4gb_r1,1291,perf_20261002-152846_clu_rasp14_pi4gb_r1,2,308,1790954930261,0,1790955613351.565,259.009,7.751,1790955613618.856,Normal,0.9788
rasp1,34773,20261002-152846_clu_rasp14_pi4gb_r1,1292,perf_20261002-152846_clu_rasp14_pi4gb_r1,2,309,1790954930261,0,1790955613619.535,345.111,7.147,1790955613972.454,Normal,0.8965
rasp1,34773,20261002-152846_clu_rasp14_pi4gb_r1,1297,perf_20261002-152846_clu_rasp14_pi4gb_r1,2,310,1790954930261,0,1790955613973.438,632.793,7.288,1790955614613.853,Normal,0.9775
rasp1,34773,20261002-152846_clu_rasp14_pi4gb_r1,1298,perf_20261002-152846_clu_rasp14_pi4gb_r1,2,311,1790954930262,0,1790955614614.431,390.679,8.732,1790955615014.328,Normal,0.9584
rasp1,34773,20261002-152846_clu_rasp14_pi4gb_r1,1305,perf_20261002-152846_clu_rasp14_pi4gb_r1,2,312,1790954930262,0,1790955615015.504,329.619,7.971,1790955615353.584,Normal,0.9475
rasp1,34773,20261002-152846_clu_rasp14_pi4gb_r1,1307,perf_20261002-152846_clu_rasp14_pi4gb_r1,2,313,1790954930262,0,1790955615354.566,337.744,7.767,1790955615700.606,Normal,0.9375
rasp1,34773,20261002-152846_clu_rasp14_pi4gb_r1,1308,perf_20261002-152846_clu_rasp14_pi4gb_r1,2,314,1790954930262,0,1790955615701.59,1160.25,8.202,1790955616870.553,Normal,0.7337
rasp1,34773,20261002-152846_clu_rasp14_pi4gb_r1,1309,perf_20261002-152846_clu_rasp14_pi4gb_r1,2,315,1790954930262,0,1790955616871.632,361.884,8.511,1790955617242.562,Normal,0.9694
rasp1,34773,20261002-152846_clu_rasp14_pi4gb_r1,1315,perf_20261002-152846_clu_rasp14_pi4gb_r1,2,316,1790954930263,0,1790955617243.757,343.014,7.368,1790955617594.468,Normal,0.9523
rasp1,34773,20261002-152846_clu_rasp14_pi4gb_r1,1318,perf_20261002-152846_clu_rasp14_pi4gb_r1,2,317,1790954930263,0,1790955617595.448,399.97,10.561,1790955618006.629,Normal,0.9479
rasp1,34773,20261002-152846_clu_rasp14_pi4gb_r1,1320,perf_20261002-152846_clu_rasp14_pi4gb_r1,2,318,1790954930263,0,1790955618007.804,358.744,6.91,1790955618373.837,Normal,0.7209
rasp1,34773,20261002-152846_clu_rasp14_pi4gb_r1,1323,perf_20261002-152846_clu_rasp14_pi4gb_r1,2,319,1790954930263,0,1790955618375.048,314.179,8.637,1790955618698.39,Normal,0.9394
rasp1,34773,20261002-152846_clu_rasp14_pi4gb_r1,1325,perf_20261002-152846_clu_rasp14_pi4gb_r1,2,320,1790954930264,0,1790955618699.346,339.076,8.032,1790955619047.027,Normal,0.567
rasp1,34773,20261002-152846_clu_rasp14_pi4gb_r1,1327,perf_20261002-152846_clu_rasp14_pi4gb_r1,2,321,1790954930264,0,1790955619048.065,346.679,7.483,1790955619402.555,Normal,0.958
rasp1,34773,20261002-152846_clu_rasp14_pi4gb_r1,1330,perf_20261002-152846_clu_rasp14_pi4gb_r1,2,322,1790954930264,0,1790955619403.195,297.465,7.642,1790955619708.952,Normal,0.9194
rasp1,34773,20261002-152846_clu_rasp14_pi4gb_r1,1339,perf_20261002-152846_clu_rasp14_pi4gb_r1,2,323,1790954930266,0,1790955619710.098,273.101,5.863,1790955619989.386,Normal,0.9479
rasp1,34773,20261002-152846_clu_rasp14_pi4gb_r1,1340,perf_20261002-152846_clu_rasp14_pi4gb_r1,2,324,1790954930266,0,1790955619990.099,235.433,7.329,1790955620233.224,Normal,0.9438
rasp1,34773,20261002-152846_clu_rasp14_pi4gb_r1,1345,perf_20261002-152846_clu_rasp14_pi4gb_r1,2,325,1790954930266,0,1790955620234.183,282.925,5.803,1790955620523.239,Normal,0.9447
rasp1,34773,20261002-152846_clu_rasp14_pi4gb_r1,1348,perf_20261002-152846_clu_rasp14_pi4gb_r1,2,326,1790954930267,0,1790955620523.841,408.733,7.633,1790955620940.736,Normal,0.9727
rasp1,34773,20261002-152846_clu_rasp14_pi4gb_r1,1353,perf_20261002-152846_clu_rasp14_pi4gb_r1,2,327,1790954930267,0,1790955620941.377,298.839,7.637,1790955621248.175,Normal,0.975
rasp1,34773,20261002-152846_clu_rasp14_pi4gb_r1,1355,perf_20261002-152846_clu_rasp14_pi4gb_r1,2,328,1790954930267,0,1790955621249.14,1132.301,8.429,1790955622390.431,Normal,0.9675
rasp1,34773,20261002-152846_clu_rasp14_pi4gb_r1,1356,perf_20261002-152846_clu_rasp14_pi4gb_r1,2,329,1790954930267,0,1790955622391.101,242.911,5.695,1790955622640.014,Normal,0.9569
rasp1,34773,20261002-152846_clu_rasp14_pi4gb_r1,1362,perf_20261002-152846_clu_rasp14_pi4gb_r1,2,330,1790954930268,0,1790955622640.568,351.614,7.579,1790955623012.646,Normal,0.9608
rasp1,34773,20261002-152846_clu_rasp14_pi4gb_r1,1363,perf_20261002-152846_clu_rasp14_pi4gb_r1,2,331,1790954930268,0,1790955623013.625,263.913,7.348,1790955623285.324,Normal,0.9572
rasp1,34773,20261002-152846_clu_rasp14_pi4gb_r1,1371,perf_20261002-152846_clu_rasp14_pi4gb_r1,2,332,1790954930268,0,1790955623286.285,401.47,7.806,1790955623696.081,Normal,0.9634
rasp1,34773,20261002-152846_clu_rasp14_pi4gb_r1,1379,perf_20261002-152846_clu_rasp14_pi4gb_r1,2,333,1790954930269,0,1790955623697.067,279.467,5.832,1790955623982.74,Normal,0.9427
rasp1,34773,20261002-152846_clu_rasp14_pi4gb_r1,1385,perf_20261002-152846_clu_rasp14_pi4gb_r1,2,334,1790954930270,0,1790955623983.345,316.995,5.488,1790955624306.149,Normal,0.9694
rasp1,34773,20261002-152846_clu_rasp14_pi4gb_r1,1390,perf_20261002-152846_clu_rasp14_pi4gb_r1,2,335,1790954930270,0,1790955624306.859,277.579,5.852,1790955624590.638,Normal,0.9375
rasp1,34773,20261002-152846_clu_rasp14_pi4gb_r1,1396,perf_20261002-152846_clu_rasp14_pi4gb_r1,2,336,1790954930270,0,1790955624591.247,262.622,7.111,1790955624861.298,Normal,0.9556
rasp1,34773,20261002-152846_clu_rasp14_pi4gb_r1,1397,perf_20261002-152846_clu_rasp14_pi4gb_r1,2,337,1790954930270,0,1790955624862.025,524.033,7.358,1790955625393.739,Normal,0.9481
rasp1,34773,20261002-152846_clu_rasp14_pi4gb_r1,1398,perf_20261002-152846_clu_rasp14_pi4gb_r1,2,338,1790954930275,0,1790955625394.328,243.615,7.663,1790955625646.084,Normal,0.9699
rasp1,34773,20261002-152846_clu_rasp14_pi4gb_r1,1399,perf_20261002-152846_clu_rasp14_pi4gb_r1,2,339,1790954930275,0,1790955625647.062,345.781,5.869,1790955625999.041,Normal,0.9682
rasp1,34773,20261002-152846_clu_rasp14_pi4gb_r1,1402,perf_20261002-152846_clu_rasp14_pi4gb_r1,2,340,1790954930275,0,1790955625999.616,402.407,7.982,1790955626410.489,Normal,0.9467
rasp1,34773,20261002-152846_clu_rasp14_pi4gb_r1,1404,perf_20261002-152846_clu_rasp14_pi4gb_r1,2,341,1790954930275,0,1790955626411.218,884.341,6.524,1790955627302.445,OFFENSIVE,0.4954
rasp1,34773,20261002-152846_clu_rasp14_pi4gb_r1,1414,perf_20261002-152846_clu_rasp14_pi4gb_r1,2,342,1790954930276,0,1790955627303.268,219.235,5.737,1790955627528.609,Normal,0.9386
rasp1,34773,20261002-152846_clu_rasp14_pi4gb_r1,1419,perf_20261002-152846_clu_rasp14_pi4gb_r1,2,343,1790954930277,0,1790955627529.224,304.865,7.729,1790955627842.297,Normal,0.9629
rasp1,34773,20261002-152846_clu_rasp14_pi4gb_r1,1420,perf_20261002-152846_clu_rasp14_pi4gb_r1,2,344,1790954930277,0,1790955627842.912,221.447,6.007,1790955628070.771,Normal,0.8593
rasp1,34773,20261002-152846_clu_rasp14_pi4gb_r1,1422,perf_20261002-152846_clu_rasp14_pi4gb_r1,2,345,1790954930277,0,1790955628071.356,306.392,6.14,1790955628384.206,Normal,0.9597
rasp1,34773,20261002-152846_clu_rasp14_pi4gb_r1,1430,perf_20261002-152846_clu_rasp14_pi4gb_r1,2,346,1790954930277,0,1790955628384.811,222.21,7.574,1790955628615.087,Normal,0.9375
rasp1,34773,20261002-152846_clu_rasp14_pi4gb_r1,1446,perf_20261002-152846_clu_rasp14_pi4gb_r1,2,347,1790954930279,0,1790955628616.058,241.94,7.396,1790955628865.956,Normal,0.944
rasp1,34773,20261002-152846_clu_rasp14_pi4gb_r1,1454,perf_20261002-152846_clu_rasp14_pi4gb_r1,2,348,1790954930279,0,1790955628866.994,229.77,5.948,1790955629103.012,Normal,0.9577
rasp1,34773,20261002-152846_clu_rasp14_pi4gb_r1,1456,perf_20261002-152846_clu_rasp14_pi4gb_r1,2,349,1790954930280,0,1790955629103.567,330.342,8.149,1790955629442.562,Normal,0.9576
rasp1,34773,20261002-152846_clu_rasp14_pi4gb_r1,1457,perf_20261002-152846_clu_rasp14_pi4gb_r1,2,350,1790954930280,0,1790955629443.69,234.786,6.184,1790955629685.075,Normal,0.9667
rasp1,34773,20261002-152846_clu_rasp14_pi4gb_r1,1470,perf_20261002-152846_clu_rasp14_pi4gb_r1,2,351,1790954930299,0,1790955629685.878,295.925,6.444,1790955629988.573,Normal,0.9132
rasp1,34773,20261002-152846_clu_rasp14_pi4gb_r1,1471,perf_20261002-152846_clu_rasp14_pi4gb_r1,2,352,1790954930299,0,1790955629989.582,2532.543,8.578,1790955632531.245,Normal,0.8268
rasp1,34773,20261002-152846_clu_rasp14_pi4gb_r1,1473,perf_20261002-152846_clu_rasp14_pi4gb_r1,2,353,1790954930299,0,1790955632531.973,394.827,8.162,1790955632935.468,Normal,0.9424
rasp1,34773,20261002-152846_clu_rasp14_pi4gb_r1,1476,perf_20261002-152846_clu_rasp14_pi4gb_r1,2,354,1790954930310,0,1790955632936.493,388.695,6.136,1790955633331.659,Normal,0.9678
rasp1,34773,20261002-152846_clu_rasp14_pi4gb_r1,1481,perf_20261002-152846_clu_rasp14_pi4gb_r1,2,355,1790954930326,0,1790955633332.312,349.205,6.167,1790955633688.058,Normal,0.8978
rasp1,34773,20261002-152846_clu_rasp14_pi4gb_r1,1484,perf_20261002-152846_clu_rasp14_pi4gb_r1,2,356,1790954930340,0,1790955633688.629,416.279,6.305,1790955634111.52,Normal,0.89
rasp1,34773,20261002-152846_clu_rasp14_pi4gb_r1,1487,perf_20261002-152846_clu_rasp14_pi4gb_r1,2,357,1790954930340,0,1790955634112.209,372.766,6.037,1790955634491.32,Normal,0.9348
rasp1,34773,20261002-152846_clu_rasp14_pi4gb_r1,1488,perf_20261002-152846_clu_rasp14_pi4gb_r1,2,358,1790954930340,0,1790955634491.948,210.201,6.145,1790955634708.62,Normal,0.9148
rasp1,34773,20261002-152846_clu_rasp14_pi4gb_r1,1490,perf_20261002-152846_clu_rasp14_pi4gb_r1,2,359,1790954930341,0,1790955634709.281,302.349,8.326,1790955635020.642,Normal,0.7759
rasp1,34773,20261002-152846_clu_rasp14_pi4gb_r1,1494,perf_20261002-152846_clu_rasp14_pi4gb_r1,2,360,1790954930341,0,1790955635021.63,362.944,6.272,1790955635391.208,Normal,0.9649
rasp1,34773,20261002-152846_clu_rasp14_pi4gb_r1,1497,perf_20261002-152846_clu_rasp14_pi4gb_r1,2,361,1790954930342,0,1790955635391.839,740.896,7.752,1790955636140.988,Normal,0.9631
rasp1,34773,20261002-152846_clu_rasp14_pi4gb_r1,1498,perf_20261002-152846_clu_rasp14_pi4gb_r1,2,362,1790954930342,0,1790955636142.072,259.39,6.173,1790955636408.0,Normal,0.9655
rasp1,34773,20261002-152846_clu_rasp14_pi4gb_r1,1503,perf_20261002-152846_clu_rasp14_pi4gb_r1,2,363,1790954930343,0,1790955636408.562,242.441,6.323,1790955636657.624,Normal,0.939
rasp1,34773,20261002-152846_clu_rasp14_pi4gb_r1,1504,perf_20261002-152846_clu_rasp14_pi4gb_r1,2,364,1790954930343,0,1790955636658.258,537.487,7.148,1790955637203.215,Normal,0.6659
rasp1,34773,20261002-152846_clu_rasp14_pi4gb_r1,1505,perf_20261002-152846_clu_rasp14_pi4gb_r1,2,365,1790954930344,0,1790955637203.816,256.289,7.647,1790955637468.232,Normal,0.7958
rasp1,34773,20261002-152846_clu_rasp14_pi4gb_r1,1506,perf_20261002-152846_clu_rasp14_pi4gb_r1,2,366,1790954930344,0,1790955637469.206,762.34,5.78,1790955638237.737,HATE,0.6767
rasp1,34773,20261002-152846_clu_rasp14_pi4gb_r1,1508,perf_20261002-152846_clu_rasp14_pi4gb_r1,2,367,1790954930344,0,1790955638238.313,285.694,7.499,1790955638531.877,Normal,0.9173
rasp1,34773,20261002-152846_clu_rasp14_pi4gb_r1,1512,perf_20261002-152846_clu_rasp14_pi4gb_r1,2,368,1790954930346,0,1790955638532.453,315.477,5.824,1790955638854.065,OFFENSIVE,0.8825
rasp1,34773,20261002-152846_clu_rasp14_pi4gb_r1,1515,perf_20261002-152846_clu_rasp14_pi4gb_r1,2,369,1790954930347,0,1790955638854.625,336.548,5.867,1790955639197.356,Normal,0.9642
rasp1,34773,20261002-152846_clu_rasp14_pi4gb_r1,1518,perf_20261002-152846_clu_rasp14_pi4gb_r1,2,370,1790954930347,0,1790955639197.95,262.114,5.801,1790955639466.177,Normal,0.9556
rasp1,34773,20261002-152846_clu_rasp14_pi4gb_r1,1519,perf_20261002-152846_clu_rasp14_pi4gb_r1,2,371,1790954930347,0,1790955639466.777,224.56,5.424,1790955639697.07,Normal,0.9475
rasp1,34773,20261002-152846_clu_rasp14_pi4gb_r1,1521,perf_20261002-152846_clu_rasp14_pi4gb_r1,2,372,1790954930348,0,1790955639697.623,289.615,6.564,1790955639994.113,Normal,0.9675
rasp1,34773,20261002-152846_clu_rasp14_pi4gb_r1,1525,perf_20261002-152846_clu_rasp14_pi4gb_r1,2,373,1790954930348,0,1790955639994.672,308.839,6.297,1790955640310.167,Normal,0.9545
rasp1,34773,20261002-152846_clu_rasp14_pi4gb_r1,1533,perf_20261002-152846_clu_rasp14_pi4gb_r1,2,374,1790954930350,0,1790955640311.142,282.693,6.502,1790955640600.843,Normal,0.8626
rasp1,34773,20261002-152846_clu_rasp14_pi4gb_r1,1535,perf_20261002-152846_clu_rasp14_pi4gb_r1,2,375,1790954930350,0,1790955640601.406,550.767,6.028,1790955641158.523,Normal,0.5226
rasp1,34773,20261002-152846_clu_rasp14_pi4gb_r1,1537,perf_20261002-152846_clu_rasp14_pi4gb_r1,2,376,1790954930350,0,1790955641159.142,336.104,6.967,1790955641502.531,Normal,0.8772
rasp1,34773,20261002-152846_clu_rasp14_pi4gb_r1,1538,perf_20261002-152846_clu_rasp14_pi4gb_r1,2,377,1790954930351,0,1790955641503.138,1018.765,6.054,1790955642528.287,Normal,0.9766
rasp1,34773,20261002-152846_clu_rasp14_pi4gb_r1,1542,perf_20261002-152846_clu_rasp14_pi4gb_r1,2,378,1790954930352,0,1790955642528.91,360.957,5.49,1790955642895.671,Normal,0.9259
rasp1,34773,20261002-152846_clu_rasp14_pi4gb_r1,1543,perf_20261002-152846_clu_rasp14_pi4gb_r1,2,379,1790954930352,0,1790955642896.291,349.301,8.582,1790955643254.758,Normal,0.9708
rasp1,34773,20261002-152846_clu_rasp14_pi4gb_r1,1555,perf_20261002-152846_clu_rasp14_pi4gb_r1,2,380,1790954930354,0,1790955643255.576,479.698,8.399,1790955643750.58,Normal,0.9674
rasp1,34773,20261002-152846_clu_rasp14_pi4gb_r1,1564,perf_20261002-152846_clu_rasp14_pi4gb_r1,2,381,1790954930356,0,1790955643751.612,568.796,6.563,1790955644327.346,Normal,0.9806
rasp1,34773,20261002-152846_clu_rasp14_pi4gb_r1,1568,perf_20261002-152846_clu_rasp14_pi4gb_r1,2,382,1790954930357,0,1790955644328.368,545.443,6.191,1790955644880.331,Normal,0.9441
rasp1,34773,20261002-152846_clu_rasp14_pi4gb_r1,1574,perf_20261002-152846_clu_rasp14_pi4gb_r1,2,383,1790954930358,0,1790955644881.208,264.543,7.024,1790955645153.101,Normal,0.9556
rasp1,34773,20261002-152846_clu_rasp14_pi4gb_r1,1576,perf_20261002-152846_clu_rasp14_pi4gb_r1,2,384,1790954930358,0,1790955645153.675,506.39,6.061,1790955645666.44,Normal,0.9284
rasp1,34773,20261002-152846_clu_rasp14_pi4gb_r1,1585,perf_20261002-152846_clu_rasp14_pi4gb_r1,2,385,1790954930360,0,1790955645667.07,302.869,6.339,1790955645976.6,Normal,0.9728
rasp1,34773,20261002-152846_clu_rasp14_pi4gb_r1,1590,perf_20261002-152846_clu_rasp14_pi4gb_r1,2,386,1790954930361,0,1790955645977.245,321.313,5.917,1790955646304.834,Normal,0.9215
rasp1,34773,20261002-152846_clu_rasp14_pi4gb_r1,1595,perf_20261002-152846_clu_rasp14_pi4gb_r1,2,387,1790954930362,0,1790955646305.385,311.594,8.115,1790955646625.575,Normal,0.9715
rasp1,34773,20261002-152846_clu_rasp14_pi4gb_r1,1600,perf_20261002-152846_clu_rasp14_pi4gb_r1,2,388,1790954930363,0,1790955646626.543,273.989,8.296,1790955646911.617,OFFENSIVE,0.7953
rasp1,34773,20261002-152846_clu_rasp14_pi4gb_r1,1605,perf_20261002-152846_clu_rasp14_pi4gb_r1,2,389,1790954930364,0,1790955646912.596,280.463,6.425,1790955647199.81,Normal,0.9512
rasp1,34773,20261002-152846_clu_rasp14_pi4gb_r1,1610,perf_20261002-152846_clu_rasp14_pi4gb_r1,2,390,1790954930365,0,1790955647200.4,392.586,6.731,1790955647600.208,Normal,0.9385
rasp1,34773,20261002-152846_clu_rasp14_pi4gb_r1,1613,perf_20261002-152846_clu_rasp14_pi4gb_r1,2,391,1790954930365,0,1790955647601.178,238.715,5.45,1790955647845.661,Normal,0.9635
rasp1,34773,20261002-152846_clu_rasp14_pi4gb_r1,1615,perf_20261002-152846_clu_rasp14_pi4gb_r1,2,392,1790954930366,0,1790955647846.261,203.143,5.866,1790955648055.614,Normal,0.9423
rasp1,34773,20261002-152846_clu_rasp14_pi4gb_r1,1617,perf_20261002-152846_clu_rasp14_pi4gb_r1,2,393,1790954930366,0,1790955648056.213,430.856,7.559,1790955648495.109,Normal,0.9353
rasp1,34773,20261002-152846_clu_rasp14_pi4gb_r1,1620,perf_20261002-152846_clu_rasp14_pi4gb_r1,2,394,1790954930367,0,1790955648496.084,224.965,7.557,1790955648729.167,Normal,0.9423
rasp1,34773,20261002-152846_clu_rasp14_pi4gb_r1,1625,perf_20261002-152846_clu_rasp14_pi4gb_r1,2,395,1790954930368,0,1790955648730.139,274.988,5.892,1790955649011.337,Normal,0.954
rasp1,34773,20261002-152846_clu_rasp14_pi4gb_r1,1626,perf_20261002-152846_clu_rasp14_pi4gb_r1,2,396,1790954930368,0,1790955649011.95,249.142,6.241,1790955649267.632,Normal,0.9373
rasp1,34773,20261002-152846_clu_rasp14_pi4gb_r1,1634,perf_20261002-152846_clu_rasp14_pi4gb_r1,2,397,1790954930370,0,1790955649268.248,359.877,6.123,1790955649634.546,Normal,0.8795
rasp1,34773,20261002-152846_clu_rasp14_pi4gb_r1,1635,perf_20261002-152846_clu_rasp14_pi4gb_r1,2,398,1790954930370,0,1790955649635.141,286.04,7.668,1790955649929.312,Normal,0.9324
rasp1,34773,20261002-152846_clu_rasp14_pi4gb_r1,1636,perf_20261002-152846_clu_rasp14_pi4gb_r1,2,399,1790954930370,0,1790955649930.467,252.779,5.958,1790955650189.521,Normal,0.9536
rasp1,34773,20261002-152846_clu_rasp14_pi4gb_r1,1651,perf_20261002-152846_clu_rasp14_pi4gb_r1,2,400,1790954930372,0,1790955650190.134,252.4,5.46,1790955650448.333,Normal,0.9724
rasp1,34773,20261002-152846_clu_rasp14_pi4gb_r1,1671,perf_20261002-152846_clu_rasp14_pi4gb_r1,2,401,1790954930375,0,1790955650448.923,245.024,5.72,1790955650699.971,Normal,0.9423
rasp1,34773,20261002-152846_clu_rasp14_pi4gb_r1,1675,perf_20261002-152846_clu_rasp14_pi4gb_r1,2,402,1790954930375,0,1790955650700.539,206.295,5.544,1790955650912.681,Normal,0.8661
rasp1,34773,20261002-152846_clu_rasp14_pi4gb_r1,1680,perf_20261002-152846_clu_rasp14_pi4gb_r1,2,403,1790954930376,0,1790955650913.291,242.066,6.152,1790955651161.812,Normal,0.8959
rasp1,34773,20261002-152846_clu_rasp14_pi4gb_r1,1682,perf_20261002-152846_clu_rasp14_pi4gb_r1,2,404,1790954930376,0,1790955651162.372,274.826,5.839,1790955651443.344,Normal,0.9592
rasp1,34773,20261002-152846_clu_rasp14_pi4gb_r1,1692,perf_20261002-152846_clu_rasp14_pi4gb_r1,2,405,1790954930377,0,1790955651443.964,542.867,8.096,1790955651995.438,Normal,0.9544
rasp1,34773,20261002-152846_clu_rasp14_pi4gb_r1,1693,perf_20261002-152846_clu_rasp14_pi4gb_r1,2,406,1790954930377,0,1790955651996.601,300.341,6.48,1790955652303.911,Normal,0.9657
rasp1,34773,20261002-152846_clu_rasp14_pi4gb_r1,1697,perf_20261002-152846_clu_rasp14_pi4gb_r1,2,407,1790954930377,0,1790955652304.474,267.673,5.977,1790955652578.436,Normal,0.9319
rasp1,34773,20261002-152846_clu_rasp14_pi4gb_r1,1699,perf_20261002-152846_clu_rasp14_pi4gb_r1,2,408,1790954930377,0,1790955652579.027,210.286,5.979,1790955652795.608,Normal,0.9423
rasp1,34773,20261002-152846_clu_rasp14_pi4gb_r1,1701,perf_20261002-152846_clu_rasp14_pi4gb_r1,2,409,1790954930378,0,1790955652796.293,355.178,7.111,1790955653159.121,Normal,0.5379
rasp1,34773,20261002-152846_clu_rasp14_pi4gb_r1,1704,perf_20261002-152846_clu_rasp14_pi4gb_r1,2,410,1790954930378,0,1790955653160.078,1633.192,7.934,1790955654801.561,Normal,0.9762
rasp1,34773,20261002-152846_clu_rasp14_pi4gb_r1,1709,perf_20261002-152846_clu_rasp14_pi4gb_r1,2,411,1790954930378,0,1790955654802.66,328.381,9.026,1790955655140.56,Normal,0.9565
rasp1,34773,20261002-152846_clu_rasp14_pi4gb_r1,1715,perf_20261002-152846_clu_rasp14_pi4gb_r1,2,412,1790954930380,0,1790955655141.511,445.893,7.237,1790955655594.986,Normal,0.9733
rasp1,34773,20261002-152846_clu_rasp14_pi4gb_r1,1716,perf_20261002-152846_clu_rasp14_pi4gb_r1,2,413,1790954930380,0,1790955655595.54,339.946,8.459,1790955655944.493,Normal,0.9519
rasp1,34773,20261002-152846_clu_rasp14_pi4gb_r1,1722,perf_20261002-152846_clu_rasp14_pi4gb_r1,2,414,1790954930380,0,1790955655945.477,425.877,6.719,1790955656378.405,Normal,0.9438
rasp1,34773,20261002-152846_clu_rasp14_pi4gb_r1,1725,perf_20261002-152846_clu_rasp14_pi4gb_r1,2,415,1790954930381,0,1790955656379.022,340.457,6.016,1790955656725.861,Normal,0.9377
rasp1,34773,20261002-152846_clu_rasp14_pi4gb_r1,1731,perf_20261002-152846_clu_rasp14_pi4gb_r1,2,416,1790954930381,0,1790955656726.413,390.234,6.616,1790955657123.624,Normal,0.7255
rasp1,34773,20261002-152846_clu_rasp14_pi4gb_r1,1732,perf_20261002-152846_clu_rasp14_pi4gb_r1,2,417,1790954930381,0,1790955657124.23,583.818,7.536,1790955657716.099,Normal,0.9594
rasp1,34773,20261002-152846_clu_rasp14_pi4gb_r1,1733,perf_20261002-152846_clu_rasp14_pi4gb_r1,2,418,1790954930381,0,1790955657717.098,204.381,7.898,1790955657929.797,Normal,0.9262
rasp1,34773,20261002-152846_clu_rasp14_pi4gb_r1,1736,perf_20261002-152846_clu_rasp14_pi4gb_r1,2,419,1790954930382,0,1790955657930.854,321.1,6.328,1790955658258.605,Normal,0.931
rasp1,34773,20261002-152846_clu_rasp14_pi4gb_r1,1742,perf_20261002-152846_clu_rasp14_pi4gb_r1,2,420,1790954930382,0,1790955658259.23,268.001,6.835,1790955658534.585,Normal,0.6578
rasp1,34773,20261002-152846_clu_rasp14_pi4gb_r1,1744,perf_20261002-152846_clu_rasp14_pi4gb_r1,2,421,1790954930382,0,1790955658535.182,267.365,5.871,1790955658808.768,Normal,0.7282
rasp1,34773,20261002-152846_clu_rasp14_pi4gb_r1,1749,perf_20261002-152846_clu_rasp14_pi4gb_r1,2,422,1790954930383,0,1790955658809.323,454.185,6.216,1790955659270.091,Normal,0.9775
rasp1,34773,20261002-152846_clu_rasp14_pi4gb_r1,1750,perf_20261002-152846_clu_rasp14_pi4gb_r1,2,423,1790954930383,0,1790955659270.747,279.012,6.035,1790955659556.123,Normal,0.9632
rasp1,34773,20261002-152846_clu_rasp14_pi4gb_r1,1755,perf_20261002-152846_clu_rasp14_pi4gb_r1,2,424,1790954930383,0,1790955659556.693,265.641,7.58,1790955659830.641,Normal,0.9171
rasp1,34773,20261002-152846_clu_rasp14_pi4gb_r1,1757,perf_20261002-152846_clu_rasp14_pi4gb_r1,2,425,1790954930383,0,1790955659831.633,268.852,6.023,1790955660106.865,Normal,0.9121
rasp1,34773,20261002-152846_clu_rasp14_pi4gb_r1,1758,perf_20261002-152846_clu_rasp14_pi4gb_r1,2,426,1790954930383,0,1790955660107.419,219.236,5.622,1790955660332.639,Normal,0.9116
rasp1,34773,20261002-152846_clu_rasp14_pi4gb_r1,1760,perf_20261002-152846_clu_rasp14_pi4gb_r1,2,427,1790954930383,0,1790955660333.262,304.616,6.004,1790955660644.2,Normal,0.9671
rasp1,34773,20261002-152846_clu_rasp14_pi4gb_r1,1762,perf_20261002-152846_clu_rasp14_pi4gb_r1,2,428,1790954930384,0,1790955660644.907,260.062,6.752,1790955660912.039,Normal,0.9116
rasp1,34773,20261002-152846_clu_rasp14_pi4gb_r1,1768,perf_20261002-152846_clu_rasp14_pi4gb_r1,2,429,1790954930384,0,1790955660912.616,260.034,6.093,1790955661179.096,Normal,0.9566
rasp1,34773,20261002-152846_clu_rasp14_pi4gb_r1,1769,perf_20261002-152846_clu_rasp14_pi4gb_r1,2,430,1790954930384,0,1790955661179.674,257.569,6.925,1790955661444.608,Normal,0.7276
rasp1,34773,20261002-152846_clu_rasp14_pi4gb_r1,1770,perf_20261002-152846_clu_rasp14_pi4gb_r1,2,431,1790954930384,0,1790955661445.216,355.14,7.576,1790955661808.464,Normal,0.9693
rasp1,34773,20261002-152846_clu_rasp14_pi4gb_r1,1771,perf_20261002-152846_clu_rasp14_pi4gb_r1,2,432,1790954930384,0,1790955661809.531,323.916,8.078,1790955662142.082,Normal,0.368
rasp1,34773,20261002-152846_clu_rasp14_pi4gb_r1,1779,perf_20261002-152846_clu_rasp14_pi4gb_r1,2,433,1790954930390,0,1790955662142.767,318.871,6.018,1790955662468.021,Normal,0.9685
rasp1,34773,20261002-152846_clu_rasp14_pi4gb_r1,1780,perf_20261002-152846_clu_rasp14_pi4gb_r1,2,434,1790954930390,0,1790955662468.588,368.262,8.065,1790955662845.401,Normal,0.9501
rasp1,34773,20261002-152846_clu_rasp14_pi4gb_r1,1802,perf_20261002-152846_clu_rasp14_pi4gb_r1,2,435,1790954930392,0,1790955662846.364,538.484,5.955,1790955663391.146,Normal,0.967
rasp1,34773,20261002-152846_clu_rasp14_pi4gb_r1,1804,perf_20261002-152846_clu_rasp14_pi4gb_r1,2,436,1790954930392,0,1790955663391.748,360.542,7.797,1790955663760.609,Normal,0.8519
rasp1,34773,20261002-152846_clu_rasp14_pi4gb_r1,1812,perf_20261002-152846_clu_rasp14_pi4gb_r1,2,437,1790954930393,0,1790955663761.582,363.77,6.158,1790955664131.838,Normal,0.9681
rasp1,34773,20261002-152846_clu_rasp14_pi4gb_r1,1817,perf_20261002-152846_clu_rasp14_pi4gb_r1,2,438,1790954930393,0,1790955664132.518,267.553,5.831,1790955664406.217,Normal,0.7166
rasp1,34773,20261002-152846_clu_rasp14_pi4gb_r1,1818,perf_20261002-152846_clu_rasp14_pi4gb_r1,2,439,1790954930393,0,1790955664406.835,224.418,6.987,1790955664638.768,Normal,0.9449
rasp1,34773,20261002-152846_clu_rasp14_pi4gb_r1,1820,perf_20261002-152846_clu_rasp14_pi4gb_r1,2,440,1790954930393,0,1790955664639.695,325.454,8.476,1790955664974.403,Normal,0.9531
rasp1,34773,20261002-152846_clu_rasp14_pi4gb_r1,1822,perf_20261002-152846_clu_rasp14_pi4gb_r1,2,441,1790954930394,0,1790955664975.414,386.864,6.759,1790955665369.364,Normal,0.9402
rasp1,34773,20261002-152846_clu_rasp14_pi4gb_r1,1828,perf_20261002-152846_clu_rasp14_pi4gb_r1,2,442,1790954930394,0,1790955665370.188,261.78,6.3,1790955665638.599,Normal,0.9453
rasp1,34773,20261002-152846_clu_rasp14_pi4gb_r1,1830,perf_20261002-152846_clu_rasp14_pi4gb_r1,2,443,1790954930394,0,1790955665639.218,399.464,7.125,1790955666046.424,Normal,0.9713
rasp1,34773,20261002-152846_clu_rasp14_pi4gb_r1,1831,perf_20261002-152846_clu_rasp14_pi4gb_r1,2,444,1790954930394,0,1790955666047.079,396.696,6.485,1790955666450.616,Normal,0.9652
rasp1,34773,20261002-152846_clu_rasp14_pi4gb_r1,1834,perf_20261002-152846_clu_rasp14_pi4gb_r1,2,445,1790954930395,0,1790955666451.232,318.716,8.336,1790955666778.745,Normal,0.9464
rasp1,34773,20261002-152846_clu_rasp14_pi4gb_r1,1840,perf_20261002-152846_clu_rasp14_pi4gb_r1,2,446,1790954930414,0,1790955666779.677,346.403,7.947,1790955667134.544,Normal,0.9407
rasp1,34773,20261002-152846_clu_rasp14_pi4gb_r1,1842,perf_20261002-152846_clu_rasp14_pi4gb_r1,2,447,1790954930414,0,1790955667135.598,330.517,8.703,1790955667475.332,Normal,0.9645
rasp1,34773,20261002-152846_clu_rasp14_pi4gb_r1,1843,perf_20261002-152846_clu_rasp14_pi4gb_r1,2,448,1790954930414,0,1790955667476.396,418.713,7.944,1790955667903.554,Normal,0.9752
rasp1,34773,20261002-152846_clu_rasp14_pi4gb_r1,1846,perf_20261002-152846_clu_rasp14_pi4gb_r1,2,449,1790954930415,0,1790955667904.546,587.045,5.959,1790955668498.0,OFFENSIVE,0.9314
rasp1,34773,20261002-152846_clu_rasp14_pi4gb_r1,1848,perf_20261002-152846_clu_rasp14_pi4gb_r1,2,450,1790954930415,0,1790955668498.579,258.25,6.35,1790955668763.488,Normal,0.9556
rasp1,34773,20261002-152846_clu_rasp14_pi4gb_r1,1850,perf_20261002-152846_clu_rasp14_pi4gb_r1,2,451,1790954930415,0,1790955668764.203,429.147,7.03,1790955669201.032,Normal,0.9192
rasp1,34773,20261002-152846_clu_rasp14_pi4gb_r1,1856,perf_20261002-152846_clu_rasp14_pi4gb_r1,2,452,1790954930422,0,1790955669201.598,499.665,6.408,1790955669707.997,Normal,0.8644
rasp1,34773,20261002-152846_clu_rasp14_pi4gb_r1,1857,perf_20261002-152846_clu_rasp14_pi4gb_r1,2,453,1790954930422,0,1790955669709.177,606.409,6.37,1790955670327.671,Normal,0.9595
rasp1,34773,20261002-152846_clu_rasp14_pi4gb_r1,1858,perf_20261002-152846_clu_rasp14_pi4gb_r1,2,454,1790954930423,0,1790955670328.366,570.006,7.657,1790955670906.578,Normal,0.9756
rasp1,34773,20261002-152846_clu_rasp14_pi4gb_r1,1862,perf_20261002-152846_clu_rasp14_pi4gb_r1,2,455,1790954930427,0,1790955670907.558,761.276,6.484,1790955671675.644,Normal,0.9585
rasp1,34773,20261002-152846_clu_rasp14_pi4gb_r1,1865,perf_20261002-152846_clu_rasp14_pi4gb_r1,2,456,1790954930428,0,1790955671676.341,246.718,6.796,1790955671930.179,Normal,0.9503
rasp1,34773,20261002-152846_clu_rasp14_pi4gb_r1,1866,perf_20261002-152846_clu_rasp14_pi4gb_r1,2,457,1790954930428,0,1790955671930.777,259.893,6.79,1790955672197.922,Normal,0.9536
rasp1,34773,20261002-152846_clu_rasp14_pi4gb_r1,1869,perf_20261002-152846_clu_rasp14_pi4gb_r1,2,458,1790954930434,0,1790955672198.562,349.154,6.527,1790955672554.761,Normal,0.9733
rasp1,34773,20261002-152846_clu_rasp14_pi4gb_r1,1872,perf_20261002-152846_clu_rasp14_pi4gb_r1,2,459,1790954930435,0,1790955672555.748,212.811,7.524,1790955672776.62,Normal,0.903
rasp1,34773,20261002-152846_clu_rasp14_pi4gb_r1,1874,perf_20261002-152846_clu_rasp14_pi4gb_r1,2,460,1790954930435,0,1790955672777.615,335.993,7.292,1790955673121.566,OFFENSIVE,0.4948
rasp1,34773,20261002-152846_clu_rasp14_pi4gb_r1,1878,perf_20261002-152846_clu_rasp14_pi4gb_r1,2,461,1790954930445,0,1790955673122.553,286.1,6.769,1790955673415.78,Normal,0.9663
rasp1,34773,20261002-152846_clu_rasp14_pi4gb_r1,1882,perf_20261002-152846_clu_rasp14_pi4gb_r1,2,462,1790954930450,0,1790955673416.338,551.227,6.432,1790955673974.36,Normal,0.9677
rasp1,34773,20261002-152846_clu_rasp14_pi4gb_r1,1885,perf_20261002-152846_clu_rasp14_pi4gb_r1,2,463,1790954930450,0,1790955673975.486,397.054,5.892,1790955674378.797,Normal,0.9102
rasp1,34773,20261002-152846_clu_rasp14_pi4gb_r1,1888,perf_20261002-152846_clu_rasp14_pi4gb_r1,2,464,1790954930452,0,1790955674379.381,502.609,5.903,1790955674888.214,Normal,0.951
rasp1,34773,20261002-152846_clu_rasp14_pi4gb_r1,1891,perf_20261002-152846_clu_rasp14_pi4gb_r1,2,465,1790954930452,0,1790955674888.828,721.366,6.967,1790955675617.539,Normal,0.9225
rasp1,34773,20261002-152846_clu_rasp14_pi4gb_r1,1894,perf_20261002-152846_clu_rasp14_pi4gb_r1,2,466,1790954930453,0,1790955675618.277,260.583,6.113,1790955675885.287,Normal,0.955
rasp1,34773,20261002-152846_clu_rasp14_pi4gb_r1,1896,perf_20261002-152846_clu_rasp14_pi4gb_r1,2,467,1790954930453,0,1790955675885.896,277.665,5.854,1790955676169.774,Normal,0.8701
rasp1,34773,20261002-152846_clu_rasp14_pi4gb_r1,1897,perf_20261002-152846_clu_rasp14_pi4gb_r1,2,468,1790954930453,0,1790955676170.354,274.664,6.078,1790955676451.409,Normal,0.955
rasp1,34773,20261002-152846_clu_rasp14_pi4gb_r1,1907,perf_20261002-152846_clu_rasp14_pi4gb_r1,2,469,1790954930455,0,1790955676452.236,795.412,7.815,1790955677256.04,Normal,0.9476
rasp1,34773,20261002-152846_clu_rasp14_pi4gb_r1,1911,perf_20261002-152846_clu_rasp14_pi4gb_r1,2,470,1790954930456,0,1790955677257.046,335.049,6.674,1790955677599.092,Normal,0.9208
rasp1,34773,20261002-152846_clu_rasp14_pi4gb_r1,1919,perf_20261002-152846_clu_rasp14_pi4gb_r1,2,471,1790954930458,0,1790955677599.659,298.878,7.7,1790955677906.763,Normal,0.9546
rasp1,34773,20261002-152846_clu_rasp14_pi4gb_r1,1929,perf_20261002-152846_clu_rasp14_pi4gb_r1,2,472,1790954930459,0,1790955677907.779,441.242,7.713,1790955678357.236,Normal,0.8965
rasp1,34773,20261002-152846_clu_rasp14_pi4gb_r1,1934,perf_20261002-152846_clu_rasp14_pi4gb_r1,2,473,1790954930460,0,1790955678358.363,333.634,7.54,1790955678700.036,Normal,0.9663
rasp1,34773,20261002-152846_clu_rasp14_pi4gb_r1,1940,perf_20261002-152846_clu_rasp14_pi4gb_r1,2,474,1790954930461,0,1790955678701.043,243.288,6.163,1790955678950.987,Normal,0.9375
rasp1,34773,20261002-152846_clu_rasp14_pi4gb_r1,1943,perf_20261002-152846_clu_rasp14_pi4gb_r1,2,475,1790954930463,0,1790955678952.094,380.898,8.478,1790955679341.978,Normal,0.9515
rasp1,34773,20261002-152846_clu_rasp14_pi4gb_r1,1944,perf_20261002-152846_clu_rasp14_pi4gb_r1,2,476,1790954930463,0,1790955679343.019,388.594,8.074,1790955679740.362,Normal,0.9604
rasp1,34773,20261002-152846_clu_rasp14_pi4gb_r1,1946,perf_20261002-152846_clu_rasp14_pi4gb_r1,2,477,1790954930463,0,1790955679741.429,441.649,6.735,1790955680190.131,Normal,0.9575
rasp1,34773,20261002-152846_clu_rasp14_pi4gb_r1,1949,perf_20261002-152846_clu_rasp14_pi4gb_r1,2,478,1790954930464,0,1790955680190.99,487.025,6.086,1790955680684.608,Normal,0.5208
rasp1,34773,20261002-152846_clu_rasp14_pi4gb_r1,1953,perf_20261002-152846_clu_rasp14_pi4gb_r1,2,479,1790954930464,0,1790955680685.232,321.958,6.028,1790955681013.544,Normal,0.849
rasp1,34773,20261002-152846_clu_rasp14_pi4gb_r1,1963,perf_20261002-152846_clu_rasp14_pi4gb_r1,2,480,1790954930466,0,1790955681014.166,527.419,5.982,1790955681547.927,Normal,0.9638
rasp1,34773,20261002-152846_clu_rasp14_pi4gb_r1,1964,perf_20261002-152846_clu_rasp14_pi4gb_r1,2,481,1790954930466,0,1790955681548.491,345.141,6.602,1790955681900.588,Normal,0.9565
rasp1,34773,20261002-152846_clu_rasp14_pi4gb_r1,1970,perf_20261002-152846_clu_rasp14_pi4gb_r1,2,482,1790954930467,0,1790955681901.196,261.807,6.692,1790955682170.006,Normal,0.968
rasp1,34773,20261002-152846_clu_rasp14_pi4gb_r1,1972,perf_20261002-152846_clu_rasp14_pi4gb_r1,2,483,1790954930468,0,1790955682170.588,287.16,6.112,1790955682464.189,Normal,0.9089
rasp1,34773,20261002-152846_clu_rasp14_pi4gb_r1,1973,perf_20261002-152846_clu_rasp14_pi4gb_r1,2,484,1790954930468,0,1790955682464.788,214.48,5.508,1790955682685.096,Normal,0.9757
rasp1,34773,20261002-152846_clu_rasp14_pi4gb_r1,1975,perf_20261002-152846_clu_rasp14_pi4gb_r1,2,485,1790954930468,0,1790955682685.674,298.81,5.642,1790955682990.488,Normal,0.9639
rasp1,34773,20261002-152846_clu_rasp14_pi4gb_r1,1986,perf_20261002-152846_clu_rasp14_pi4gb_r1,2,486,1790954930470,0,1790955682991.221,391.542,6.139,1790955683389.209,Normal,0.8788
rasp1,34773,20261002-152846_clu_rasp14_pi4gb_r1,1992,perf_20261002-152846_clu_rasp14_pi4gb_r1,2,487,1790954930472,0,1790955683389.791,273.533,7.114,1790955683671.078,Normal,0.5639
rasp1,34773,20261002-152846_clu_rasp14_pi4gb_r1,1995,perf_20261002-152846_clu_rasp14_pi4gb_r1,2,488,1790954930472,0,1790955683672.062,217.849,5.834,1790955683896.064,Normal,0.9664
rasp1,34773,20261002-152846_clu_rasp14_pi4gb_r1,1996,perf_20261002-152846_clu_rasp14_pi4gb_r1,2,489,1790954930472,0,1790955683896.639,306.37,7.054,1790955684210.546,Normal,0.9635
rasp1,34773,20261002-152846_clu_rasp14_pi4gb_r1,2010,perf_20261002-152846_clu_rasp14_pi4gb_r1,2,490,1790954930474,0,1790955684211.537,267.12,6.035,1790955684485.127,Normal,0.9452
rasp1,34773,20261002-152846_clu_rasp14_pi4gb_r1,2011,perf_20261002-152846_clu_rasp14_pi4gb_r1,2,491,1790954930474,0,1790955684485.692,205.066,5.366,1790955684696.455,Normal,0.9407
rasp1,34773,20261002-152846_clu_rasp14_pi4gb_r1,2014,perf_20261002-152846_clu_rasp14_pi4gb_r1,2,492,1790954930474,0,1790955684697.114,544.258,7.172,1790955685249.052,Normal,0.9778
rasp1,34773,20261002-152846_clu_rasp14_pi4gb_r1,2018,perf_20261002-152846_clu_rasp14_pi4gb_r1,2,493,1790954930475,0,1790955685249.606,261.549,6.96,1790955685518.419,Normal,0.776
rasp1,34773,20261002-152846_clu_rasp14_pi4gb_r1,2020,perf_20261002-152846_clu_rasp14_pi4gb_r1,2,494,1790954930475,0,1790955685519.024,290.159,7.512,1790955685817.187,Normal,0.907
rasp1,34773,20261002-152846_clu_rasp14_pi4gb_r1,2021,perf_20261002-152846_clu_rasp14_pi4gb_r1,2,495,1790954930475,0,1790955685818.18,274.368,5.458,1790955686098.358,Normal,0.9357
rasp1,34773,20261002-152846_clu_rasp14_pi4gb_r1,2023,perf_20261002-152846_clu_rasp14_pi4gb_r1,2,496,1790954930475,0,1790955686098.95,243.661,5.905,1790955686348.865,Normal,0.965
rasp1,34773,20261002-152846_clu_rasp14_pi4gb_r1,2025,perf_20261002-152846_clu_rasp14_pi4gb_r1,2,497,1790954930475,0,1790955686349.48,331.323,5.626,1790955686686.903,Normal,0.9277
rasp1,34773,20261002-152846_clu_rasp14_pi4gb_r1,2030,perf_20261002-152846_clu_rasp14_pi4gb_r1,2,498,1790954930476,0,1790955686687.46,423.63,7.596,1790955687119.147,Normal,0.9562
rasp1,34773,20261002-152846_clu_rasp14_pi4gb_r1,2031,perf_20261002-152846_clu_rasp14_pi4gb_r1,2,499,1790954930476,0,1790955687120.12,235.291,6.139,1790955687361.899,Normal,0.949
rasp1,34773,20261002-152846_clu_rasp14_pi4gb_r1,4,perf_20261002-152846_clu_rasp14_pi4gb_r1,1,0,1790954929878,0,1790955687725.434,306.435,7.931,1790955688040.318,Normal,0.9588
rasp1,34773,20261002-152846_clu_rasp14_pi4gb_r1,16,perf_20261002-152846_clu_rasp14_pi4gb_r1,1,1,1790954929880,0,1790955688041.336,729.66,10.87,1790955688782.957,Normal,0.9747
rasp1,34773,20261002-152846_clu_rasp14_pi4gb_r1,24,perf_20261002-152846_clu_rasp14_pi4gb_r1,1,2,1790954929882,0,1790955688784.322,1112.219,11.729,1790955689909.003,Normal,0.9411
rasp1,34773,20261002-152846_clu_rasp14_pi4gb_r1,25,perf_20261002-152846_clu_rasp14_pi4gb_r1,1,3,1790954929882,0,1790955689915.494,1091.983,14.582,1790955691030.39,Normal,0.6054
rasp1,34773,20261002-152846_clu_rasp14_pi4gb_r1,29,perf_20261002-152846_clu_rasp14_pi4gb_r1,1,4,1790954929883,0,1790955691035.021,2379.123,11.133,1790955693426.065,Normal,0.9553
rasp1,34773,20261002-152846_clu_rasp14_pi4gb_r1,40,perf_20261002-152846_clu_rasp14_pi4gb_r1,1,5,1790954929885,0,1790955693427.663,598.257,10.303,1790955694036.866,Normal,0.9018
rasp1,34773,20261002-152846_clu_rasp14_pi4gb_r1,46,perf_20261002-152846_clu_rasp14_pi4gb_r1,1,6,1790954929886,0,1790955694038.679,1339.814,9.773,1790955695389.339,Normal,0.8951
rasp1,34773,20261002-152846_clu_rasp14_pi4gb_r1,57,perf_20261002-152846_clu_rasp14_pi4gb_r1,1,7,1790954929888,0,1790955695391.058,822.322,10.612,1790955696225.191,Normal,0.5773
rasp1,34773,20261002-152846_clu_rasp14_pi4gb_r1,59,perf_20261002-152846_clu_rasp14_pi4gb_r1,1,8,1790954929888,0,1790955696226.633,2087.865,10.343,1790955698325.653,Normal,0.9787
rasp1,34773,20261002-152846_clu_rasp14_pi4gb_r1,65,perf_20261002-152846_clu_rasp14_pi4gb_r1,1,9,1790954929890,0,1790955698327.5,758.71,9.816,1790955699096.786,Normal,0.963
rasp1,34773,20261002-152846_clu_rasp14_pi4gb_r1,73,perf_20261002-152846_clu_rasp14_pi4gb_r1,1,10,1790954929891,0,1790955699098.545,1420.957,10.086,1790955700530.371,Normal,0.9591
rasp1,34773,20261002-152846_clu_rasp14_pi4gb_r1,75,perf_20261002-152846_clu_rasp14_pi4gb_r1,1,11,1790954929891,0,1790955700532.318,732.619,9.34,1790955701275.151,Normal,0.8729
rasp1,34773,20261002-152846_clu_rasp14_pi4gb_r1,77,perf_20261002-152846_clu_rasp14_pi4gb_r1,1,12,1790954929892,0,1790955701276.567,606.333,9.983,1790955701893.679,OFFENSIVE,0.8247
rasp1,34773,20261002-152846_clu_rasp14_pi4gb_r1,78,perf_20261002-152846_clu_rasp14_pi4gb_r1,1,13,1790954929892,0,1790955701895.425,742.152,11.121,1790955702649.523,Normal,0.9429
rasp1,34773,20261002-152846_clu_rasp14_pi4gb_r1,81,perf_20261002-152846_clu_rasp14_pi4gb_r1,1,14,1790954929892,0,1790955702652.189,1506.284,11.493,1790955704170.666,OFFENSIVE,0.7918
rasp1,34773,20261002-152846_clu_rasp14_pi4gb_r1,84,perf_20261002-152846_clu_rasp14_pi4gb_r1,1,15,1790954929893,0,1790955704174.225,1226.132,8.929,1790955705410.024,Normal,0.9755
rasp1,34773,20261002-152846_clu_rasp14_pi4gb_r1,97,perf_20261002-152846_clu_rasp14_pi4gb_r1,1,16,1790954929894,0,1790955705412.288,959.727,9.747,1790955706389.964,Normal,0.8164
rasp1,34773,20261002-152846_clu_rasp14_pi4gb_r1,100,perf_20261002-152846_clu_rasp14_pi4gb_r1,1,17,1790954929894,0,1790955706397.37,735.05,12.137,1790955707145.356,Normal,0.9603
rasp1,34773,20261002-152846_clu_rasp14_pi4gb_r1,102,perf_20261002-152846_clu_rasp14_pi4gb_r1,1,18,1790954929895,0,1790955707149.958,1200.501,12.173,1790955708363.383,HATE,0.6385
rasp1,34773,20261002-152846_clu_rasp14_pi4gb_r1,107,perf_20261002-152846_clu_rasp14_pi4gb_r1,1,19,1790954929895,0,1790955708372.071,1111.391,13.554,1790955709497.667,Normal,0.9703
rasp1,34773,20261002-152846_clu_rasp14_pi4gb_r1,109,perf_20261002-152846_clu_rasp14_pi4gb_r1,1,20,1790954929895,0,1790955709505.579,773.218,16.46,1790955710295.841,Normal,0.9608
rasp1,34773,20261002-152846_clu_rasp14_pi4gb_r1,114,perf_20261002-152846_clu_rasp14_pi4gb_r1,1,21,1790954929895,0,1790955710300.396,668.04,14.928,1790955710984.108,Normal,0.9496
rasp1,34773,20261002-152846_clu_rasp14_pi4gb_r1,115,perf_20261002-152846_clu_rasp14_pi4gb_r1,1,22,1790954929896,0,1790955710992.158,1001.196,13.199,1790955712007.426,Normal,0.9602
rasp1,34773,20261002-152846_clu_rasp14_pi4gb_r1,117,perf_20261002-152846_clu_rasp14_pi4gb_r1,1,23,1790954929896,0,1790955712009.924,752.955,11.101,1790955712774.781,Normal,0.9592
rasp1,34773,20261002-152846_clu_rasp14_pi4gb_r1,120,perf_20261002-152846_clu_rasp14_pi4gb_r1,1,24,1790954929896,0,1790955712777.237,1022.495,9.273,1790955713809.677,Normal,0.9646
rasp1,34773,20261002-152846_clu_rasp14_pi4gb_r1,123,perf_20261002-152846_clu_rasp14_pi4gb_r1,1,25,1790954929896,0,1790955713811.43,1312.598,11.312,1790955715136.155,OFFENSIVE,0.9503
rasp1,34773,20261002-152846_clu_rasp14_pi4gb_r1,127,perf_20261002-152846_clu_rasp14_pi4gb_r1,1,26,1790954929897,0,1790955715137.806,839.421,10.104,1790955715988.012,Normal,0.9559
rasp1,34773,20261002-152846_clu_rasp14_pi4gb_r1,128,perf_20261002-152846_clu_rasp14_pi4gb_r1,1,27,1790954929897,0,1790955715989.42,1965.969,9.868,1790955717966.209,Normal,0.9757
rasp1,34773,20261002-152846_clu_rasp14_pi4gb_r1,132,perf_20261002-152846_clu_rasp14_pi4gb_r1,1,28,1790954929897,0,1790955717967.999,2944.487,10.366,1790955720923.672,Normal,0.8913
rasp1,34773,20261002-152846_clu_rasp14_pi4gb_r1,141,perf_20261002-152846_clu_rasp14_pi4gb_r1,1,29,1790954929898,0,1790955720925.34,554.953,10.988,1790955721492.241,Normal,0.8146
rasp1,34773,20261002-152846_clu_rasp14_pi4gb_r1,143,perf_20261002-152846_clu_rasp14_pi4gb_r1,1,30,1790954929898,0,1790955721494.025,651.311,11.899,1790955722158.503,Normal,0.7611
rasp1,34773,20261002-152846_clu_rasp14_pi4gb_r1,153,perf_20261002-152846_clu_rasp14_pi4gb_r1,1,31,1790954929915,0,1790955722160.957,852.392,18.489,1790955723032.56,Normal,0.8867
rasp1,34773,20261002-152846_clu_rasp14_pi4gb_r1,155,perf_20261002-152846_clu_rasp14_pi4gb_r1,1,32,1790954929915,0,1790955723034.204,1123.55,9.343,1790955724167.785,Normal,0.9005
rasp1,34773,20261002-152846_clu_rasp14_pi4gb_r1,163,perf_20261002-152846_clu_rasp14_pi4gb_r1,1,33,1790954929938,0,1790955724170.564,929.626,9.936,1790955725111.119,Normal,0.9591
rasp1,34773,20261002-152846_clu_rasp14_pi4gb_r1,164,perf_20261002-152846_clu_rasp14_pi4gb_r1,1,34,1790954929939,0,1790955725117.666,700.718,11.194,1790955725830.461,Normal,0.9336
rasp1,34773,20261002-152846_clu_rasp14_pi4gb_r1,170,perf_20261002-152846_clu_rasp14_pi4gb_r1,1,35,1790954929940,0,1790955725833.651,666.744,13.134,1790955726514.569,Normal,0.9651
rasp1,34773,20261002-152846_clu_rasp14_pi4gb_r1,174,perf_20261002-152846_clu_rasp14_pi4gb_r1,1,36,1790954929941,0,1790955726517.523,599.006,10.153,1790955727127.906,Normal,0.9135
rasp1,34773,20261002-152846_clu_rasp14_pi4gb_r1,179,perf_20261002-152846_clu_rasp14_pi4gb_r1,1,37,1790954929942,0,1790955727129.842,599.96,11.777,1790955727742.473,Normal,0.9672
rasp1,34773,20261002-152846_clu_rasp14_pi4gb_r1,180,perf_20261002-152846_clu_rasp14_pi4gb_r1,1,38,1790954929942,0,1790955727743.982,762.115,9.77,1790955728516.647,Normal,0.6954
rasp1,34773,20261002-152846_clu_rasp14_pi4gb_r1,183,perf_20261002-152846_clu_rasp14_pi4gb_r1,1,39,1790954929942,0,1790955728518.368,825.609,10.818,1790955729355.763,Normal,0.9708
rasp1,34773,20261002-152846_clu_rasp14_pi4gb_r1,191,perf_20261002-152846_clu_rasp14_pi4gb_r1,1,40,1790954929944,0,1790955729357.537,665.393,10.396,1790955730034.207,Normal,0.9336
rasp1,34773,20261002-152846_clu_rasp14_pi4gb_r1,197,perf_20261002-152846_clu_rasp14_pi4gb_r1,1,41,1790954929945,0,1790955730035.668,796.594,9.699,1790955730842.849,Normal,0.954
rasp1,34773,20261002-152846_clu_rasp14_pi4gb_r1,206,perf_20261002-152846_clu_rasp14_pi4gb_r1,1,42,1790954929947,0,1790955730844.193,609.162,10.479,1790955731464.687,Normal,0.9386
rasp1,34773,20261002-152846_clu_rasp14_pi4gb_r1,208,perf_20261002-152846_clu_rasp14_pi4gb_r1,1,43,1790954929947,0,1790955731467.212,637.277,9.49,1790955732114.841,Normal,0.9463
rasp1,34773,20261002-152846_clu_rasp14_pi4gb_r1,209,perf_20261002-152846_clu_rasp14_pi4gb_r1,1,44,1790954929947,0,1790955732116.579,1809.665,10.061,1790955733937.439,Normal,0.745
rasp1,34773,20261002-152846_clu_rasp14_pi4gb_r1,210,perf_20261002-152846_clu_rasp14_pi4gb_r1,1,45,1790954929948,0,1790955733939.56,922.231,11.047,1790955734873.608,Normal,0.958
rasp1,34773,20261002-152846_clu_rasp14_pi4gb_r1,216,perf_20261002-152846_clu_rasp14_pi4gb_r1,1,46,1790954929954,0,1790955734876.887,702.61,11.295,1790955735594.836,Normal,0.9589
rasp1,34773,20261002-152846_clu_rasp14_pi4gb_r1,218,perf_20261002-152846_clu_rasp14_pi4gb_r1,1,47,1790954929964,0,1790955735596.555,1449.395,11.244,1790955737057.802,Normal,0.9626
rasp1,34773,20261002-152846_clu_rasp14_pi4gb_r1,224,perf_20261002-152846_clu_rasp14_pi4gb_r1,1,48,1790954929976,0,1790955737062.434,880.741,8.052,1790955737952.084,Normal,0.9371
rasp1,34773,20261002-152846_clu_rasp14_pi4gb_r1,225,perf_20261002-152846_clu_rasp14_pi4gb_r1,1,49,1790954929976,0,1790955737953.423,1125.545,12.492,1790955739092.083,Normal,0.9715
rasp1,34773,20261002-152846_clu_rasp14_pi4gb_r1,228,perf_20261002-152846_clu_rasp14_pi4gb_r1,1,50,1790954929982,0,1790955739096.519,777.685,10.8,1790955739886.021,Normal,0.9609
rasp1,34773,20261002-152846_clu_rasp14_pi4gb_r1,236,perf_20261002-152846_clu_rasp14_pi4gb_r1,1,51,1790954929984,0,1790955739887.631,1020.607,11.352,1790955740920.932,Normal,0.9608
rasp1,34773,20261002-152846_clu_rasp14_pi4gb_r1,238,perf_20261002-152846_clu_rasp14_pi4gb_r1,1,52,1790954929984,0,1790955740922.276,629.783,11.089,1790955741563.784,Normal,0.9618
rasp1,34773,20261002-152846_clu_rasp14_pi4gb_r1,249,perf_20261002-152846_clu_rasp14_pi4gb_r1,1,53,1790954929986,0,1790955741566.176,693.619,11.606,1790955742272.758,Normal,0.9589
rasp1,34773,20261002-152846_clu_rasp14_pi4gb_r1,250,perf_20261002-152846_clu_rasp14_pi4gb_r1,1,54,1790954929986,0,1790955742274.292,653.146,10.371,1790955742938.915,Normal,0.8412
rasp1,34773,20261002-152846_clu_rasp14_pi4gb_r1,251,perf_20261002-152846_clu_rasp14_pi4gb_r1,1,55,1790954929986,0,1790955742940.615,845.905,9.867,1790955743797.188,Normal,0.882
rasp1,34773,20261002-152846_clu_rasp14_pi4gb_r1,255,perf_20261002-152846_clu_rasp14_pi4gb_r1,1,56,1790954929987,0,1790955743798.975,774.229,9.428,1790955744583.347,Normal,0.7941
rasp1,34773,20261002-152846_clu_rasp14_pi4gb_r1,256,perf_20261002-152846_clu_rasp14_pi4gb_r1,1,57,1790954929987,0,1790955744585.429,1077.554,12.244,1790955745676.186,Normal,0.9593
rasp1,34773,20261002-152846_clu_rasp14_pi4gb_r1,263,perf_20261002-152846_clu_rasp14_pi4gb_r1,1,58,1790954929989,0,1790955745678.976,612.393,11.727,1790955746304.348,Normal,0.9468
rasp1,34773,20261002-152846_clu_rasp14_pi4gb_r1,264,perf_20261002-152846_clu_rasp14_pi4gb_r1,1,59,1790954929989,0,1790955746306.491,831.887,10.431,1790955747149.589,Normal,0.9393
rasp1,34773,20261002-152846_clu_rasp14_pi4gb_r1,268,perf_20261002-152846_clu_rasp14_pi4gb_r1,1,60,1790954929989,0,1790955747151.833,549.151,10.683,1790955747713.078,Normal,0.9547
rasp1,34773,20261002-152846_clu_rasp14_pi4gb_r1,270,perf_20261002-152846_clu_rasp14_pi4gb_r1,1,61,1790954929990,0,1790955747714.654,4157.15,15.644,1790955751888.081,Normal,0.8744
rasp1,34773,20261002-152846_clu_rasp14_pi4gb_r1,273,perf_20261002-152846_clu_rasp14_pi4gb_r1,1,62,1790954929991,0,1790955751889.99,928.207,10.925,1790955752829.915,Normal,0.9007
rasp1,34773,20261002-152846_clu_rasp14_pi4gb_r1,276,perf_20261002-152846_clu_rasp14_pi4gb_r1,1,63,1790954929991,0,1790955752832.237,668.51,15.39,1790955753516.809,Normal,0.9627
rasp1,34773,20261002-152846_clu_rasp14_pi4gb_r1,282,perf_20261002-152846_clu_rasp14_pi4gb_r1,1,64,1790954929992,0,1790955753517.954,816.051,13.445,1790955754348.102,Normal,0.9468
rasp1,34773,20261002-152846_clu_rasp14_pi4gb_r1,283,perf_20261002-152846_clu_rasp14_pi4gb_r1,1,65,1790954929992,0,1790955754350.453,697.392,13.637,1790955755062.447,Normal,0.9555
rasp1,34773,20261002-152846_clu_rasp14_pi4gb_r1,285,perf_20261002-152846_clu_rasp14_pi4gb_r1,1,66,1790954929993,0,1790955755064.577,689.804,10.372,1790955755765.993,Normal,0.9385
rasp1,34773,20261002-152846_clu_rasp14_pi4gb_r1,290,perf_20261002-152846_clu_rasp14_pi4gb_r1,1,67,1790954929994,0,1790955755768.555,1898.856,11.391,1790955757684.623,Normal,0.9541
rasp1,34773,20261002-152846_clu_rasp14_pi4gb_r1,296,perf_20261002-152846_clu_rasp14_pi4gb_r1,1,68,1790954929995,0,1790955757686.617,576.222,9.865,1790955758273.473,Normal,0.9181
rasp1,34773,20261002-152846_clu_rasp14_pi4gb_r1,299,perf_20261002-152846_clu_rasp14_pi4gb_r1,1,69,1790954929996,0,1790955758276.161,608.257,11.184,1790955758896.362,HATE,0.4772
rasp1,34773,20261002-152846_clu_rasp14_pi4gb_r1,307,perf_20261002-152846_clu_rasp14_pi4gb_r1,1,70,1790954929997,0,1790955758897.905,2271.107,9.499,1790955761179.43,Normal,0.7019
rasp1,34773,20261002-152846_clu_rasp14_pi4gb_r1,312,perf_20261002-152846_clu_rasp14_pi4gb_r1,1,71,1790954929998,0,1790955761180.954,605.253,10.911,1790955761798.054,Normal,0.97
rasp1,34773,20261002-152846_clu_rasp14_pi4gb_r1,324,perf_20261002-152846_clu_rasp14_pi4gb_r1,1,72,1790954930001,0,1790955761799.438,1053.029,21.098,1790955762874.406,Normal,0.8205
rasp1,34773,20261002-152846_clu_rasp14_pi4gb_r1,325,perf_20261002-152846_clu_rasp14_pi4gb_r1,1,73,1790954930001,0,1790955762877.112,2176.45,15.892,1790955765070.257,Normal,0.9369
rasp1,34773,20261002-152846_clu_rasp14_pi4gb_r1,327,perf_20261002-152846_clu_rasp14_pi4gb_r1,1,74,1790954930001,0,1790955765071.847,1213.409,12.537,1790955766298.851,Normal,0.7849
rasp1,34773,20261002-152846_clu_rasp14_pi4gb_r1,331,perf_20261002-152846_clu_rasp14_pi4gb_r1,1,75,1790954930002,0,1790955766303.484,1066.616,15.687,1790955767386.814,Normal,0.9246
rasp1,34773,20261002-152846_clu_rasp14_pi4gb_r1,338,perf_20261002-152846_clu_rasp14_pi4gb_r1,1,76,1790954930003,0,1790955767388.348,603.179,9.414,1790955768001.941,Normal,0.9247
rasp1,34773,20261002-152846_clu_rasp14_pi4gb_r1,339,perf_20261002-152846_clu_rasp14_pi4gb_r1,1,77,1790954930004,0,1790955768003.889,619.17,10.323,1790955768634.134,Normal,0.8636
rasp1,34773,20261002-152846_clu_rasp14_pi4gb_r1,340,perf_20261002-152846_clu_rasp14_pi4gb_r1,1,78,1790954930004,0,1790955768635.635,520.82,9.377,1790955769166.535,Normal,0.9273
rasp1,34773,20261002-152846_clu_rasp14_pi4gb_r1,342,perf_20261002-152846_clu_rasp14_pi4gb_r1,1,79,1790954930004,0,1790955769167.966,717.381,8.243,1790955769894.259,Normal,0.9492
rasp1,34773,20261002-152846_clu_rasp14_pi4gb_r1,349,perf_20261002-152846_clu_rasp14_pi4gb_r1,1,80,1790954930006,0,1790955769895.982,533.168,9.189,1790955770439.058,Normal,0.9309
rasp1,34773,20261002-152846_clu_rasp14_pi4gb_r1,351,perf_20261002-152846_clu_rasp14_pi4gb_r1,1,81,1790954930006,0,1790955770440.365,604.248,9.813,1790955771055.261,Normal,0.9297
rasp1,34773,20261002-152846_clu_rasp14_pi4gb_r1,356,perf_20261002-152846_clu_rasp14_pi4gb_r1,1,82,1790954930007,0,1790955771056.787,634.203,11.226,1790955771702.873,Normal,0.9157
rasp1,34773,20261002-152846_clu_rasp14_pi4gb_r1,363,perf_20261002-152846_clu_rasp14_pi4gb_r1,1,83,1790954930008,0,1790955771704.757,577.76,10.057,1790955772293.64,Normal,0.9403
rasp1,34773,20261002-152846_clu_rasp14_pi4gb_r1,365,perf_20261002-152846_clu_rasp14_pi4gb_r1,1,84,1790954930009,0,1790955772296.398,635.092,11.268,1790955772944.195,Normal,0.9371
rasp1,34773,20261002-152846_clu_rasp14_pi4gb_r1,370,perf_20261002-152846_clu_rasp14_pi4gb_r1,1,85,1790954930010,0,1790955772945.875,603.166,11.468,1790955773561.851,Normal,0.9512
rasp1,34773,20261002-152846_clu_rasp14_pi4gb_r1,371,perf_20261002-152846_clu_rasp14_pi4gb_r1,1,86,1790954930010,0,1790955773563.237,1066.247,9.814,1790955774640.375,Normal,0.9728
rasp1,34773,20261002-152846_clu_rasp14_pi4gb_r1,373,perf_20261002-152846_clu_rasp14_pi4gb_r1,1,87,1790954930011,0,1790955774642.114,764.983,10.682,1790955775418.55,Normal,0.5223
rasp1,34773,20261002-152846_clu_rasp14_pi4gb_r1,374,perf_20261002-152846_clu_rasp14_pi4gb_r1,1,88,1790954930011,0,1790955775420.592,3024.76,9.933,1790955778456.056,Normal,0.9543
rasp1,34773,20261002-152846_clu_rasp14_pi4gb_r1,377,perf_20261002-152846_clu_rasp14_pi4gb_r1,1,89,1790954930011,0,1790955778457.44,796.227,11.775,1790955779266.261,Normal,0.83
rasp1,34773,20261002-152846_clu_rasp14_pi4gb_r1,382,perf_20261002-152846_clu_rasp14_pi4gb_r1,1,90,1790954930012,0,1790955779271.822,807.976,11.948,1790955780092.612,Normal,0.9451
rasp1,34773,20261002-152846_clu_rasp14_pi4gb_r1,385,perf_20261002-152846_clu_rasp14_pi4gb_r1,1,91,1790954930013,0,1790955780100.268,1197.691,8.503,1790955781307.204,OFFENSIVE,0.9346
rasp1,34773,20261002-152846_clu_rasp14_pi4gb_r1,388,perf_20261002-152846_clu_rasp14_pi4gb_r1,1,92,1790954930013,0,1790955781308.486,1133.702,9.244,1790955782452.188,Normal,0.9424
rasp1,34773,20261002-152846_clu_rasp14_pi4gb_r1,392,perf_20261002-152846_clu_rasp14_pi4gb_r1,1,93,1790954930014,0,1790955782458.628,1091.614,11.263,1790955783562.092,Normal,0.9482
rasp1,34773,20261002-152846_clu_rasp14_pi4gb_r1,393,perf_20261002-152846_clu_rasp14_pi4gb_r1,1,94,1790954930014,0,1790955783569.99,845.521,9.103,1790955784425.26,Normal,0.9671
rasp1,34773,20261002-152846_clu_rasp14_pi4gb_r1,395,perf_20261002-152846_clu_rasp14_pi4gb_r1,1,95,1790954930014,0,1790955784427.972,632.957,10.61,1790955785072.437,Normal,0.9255
rasp1,34773,20261002-152846_clu_rasp14_pi4gb_r1,398,perf_20261002-152846_clu_rasp14_pi4gb_r1,1,96,1790954930014,0,1790955785074.5,646.905,9.177,1790955785731.223,Normal,0.9401
rasp1,34773,20261002-152846_clu_rasp14_pi4gb_r1,401,perf_20261002-152846_clu_rasp14_pi4gb_r1,1,97,1790954930019,0,1790955785732.531,664.734,9.744,1790955786407.99,Normal,0.9572
rasp1,34773,20261002-152846_clu_rasp14_pi4gb_r1,406,perf_20261002-152846_clu_rasp14_pi4gb_r1,1,98,1790954930020,0,1790955786416.898,642.696,11.807,1790955787072.18,Normal,0.9375
rasp1,34773,20261002-152846_clu_rasp14_pi4gb_r1,407,perf_20261002-152846_clu_rasp14_pi4gb_r1,1,99,1790954930020,0,1790955787073.976,607.897,11.544,1790955787694.569,Normal,0.9375
rasp1,34773,20261002-152846_clu_rasp14_pi4gb_r1,413,perf_20261002-152846_clu_rasp14_pi4gb_r1,1,100,1790954930020,0,1790955787695.931,870.459,9.857,1790955788577.298,Normal,0.9717
rasp1,34773,20261002-152846_clu_rasp14_pi4gb_r1,416,perf_20261002-152846_clu_rasp14_pi4gb_r1,1,101,1790954930021,0,1790955788579.345,717.937,10.036,1790955789308.525,Normal,0.9646
rasp1,34773,20261002-152846_clu_rasp14_pi4gb_r1,418,perf_20261002-152846_clu_rasp14_pi4gb_r1,1,102,1790954930021,0,1790955789310.425,757.938,9.862,1790955790078.967,Normal,0.9585
rasp1,34773,20261002-152846_clu_rasp14_pi4gb_r1,420,perf_20261002-152846_clu_rasp14_pi4gb_r1,1,103,1790954930021,0,1790955790081.118,614.164,10.608,1790955790706.607,Normal,0.8658
rasp1,34773,20261002-152846_clu_rasp14_pi4gb_r1,425,perf_20261002-152846_clu_rasp14_pi4gb_r1,1,104,1790954930022,0,1790955790708.665,682.351,8.79,1790955791400.616,Normal,0.97
rasp1,34773,20261002-152846_clu_rasp14_pi4gb_r1,426,perf_20261002-152846_clu_rasp14_pi4gb_r1,1,105,1790954930022,0,1790955791402.104,1406.825,11.997,1790955792822.173,Normal,0.9742
rasp1,34773,20261002-152846_clu_rasp14_pi4gb_r1,430,perf_20261002-152846_clu_rasp14_pi4gb_r1,1,106,1790954930022,0,1790955792823.873,717.963,10.153,1790955793553.021,Normal,0.9661
rasp1,34773,20261002-152846_clu_rasp14_pi4gb_r1,433,perf_20261002-152846_clu_rasp14_pi4gb_r1,1,107,1790954930022,0,1790955793554.424,696.154,9.797,1790955794261.106,Normal,0.6391
rasp1,34773,20261002-152846_clu_rasp14_pi4gb_r1,442,perf_20261002-152846_clu_rasp14_pi4gb_r1,1,108,1790954930023,0,1790955794263.14,676.417,9.797,1790955794950.28,Normal,0.9435
rasp1,34773,20261002-152846_clu_rasp14_pi4gb_r1,444,perf_20261002-152846_clu_rasp14_pi4gb_r1,1,109,1790954930023,0,1790955794952.303,863.881,12.293,1790955795829.209,Normal,0.9668
rasp1,34773,20261002-152846_clu_rasp14_pi4gb_r1,454,perf_20261002-152846_clu_rasp14_pi4gb_r1,1,110,1790954930024,0,1790955795831.212,656.898,16.269,1790955796505.474,Normal,0.8658
rasp1,34773,20261002-152846_clu_rasp14_pi4gb_r1,463,perf_20261002-152846_clu_rasp14_pi4gb_r1,1,111,1790954930025,0,1790955796507.38,678.931,10.893,1790955797198.033,Normal,0.9462
rasp1,34773,20261002-152846_clu_rasp14_pi4gb_r1,464,perf_20261002-152846_clu_rasp14_pi4gb_r1,1,112,1790954930025,0,1790955797200.32,1537.999,25.267,1790955798764.406,Normal,0.9753
rasp1,34773,20261002-152846_clu_rasp14_pi4gb_r1,468,perf_20261002-152846_clu_rasp14_pi4gb_r1,1,113,1790954930025,0,1790955798766.023,922.103,12.95,1790955799701.778,Normal,0.948
rasp1,34773,20261002-152846_clu_rasp14_pi4gb_r1,477,perf_20261002-152846_clu_rasp14_pi4gb_r1,1,114,1790954930026,0,1790955799709.356,716.236,8.648,1790955800434.905,Normal,0.9536
rasp1,34773,20261002-152846_clu_rasp14_pi4gb_r1,481,perf_20261002-152846_clu_rasp14_pi4gb_r1,1,115,1790954930026,0,1790955800436.536,884.337,18.364,1790955801340.024,Normal,0.963
rasp1,34773,20261002-152846_clu_rasp14_pi4gb_r1,489,perf_20261002-152846_clu_rasp14_pi4gb_r1,1,116,1790954930027,0,1790955801348.167,715.775,10.739,1790955802075.392,Normal,0.9201
rasp1,34773,20261002-152846_clu_rasp14_pi4gb_r1,495,perf_20261002-152846_clu_rasp14_pi4gb_r1,1,117,1790954930028,0,1790955802076.993,648.438,9.07,1790955802735.452,Normal,0.9515
rasp1,34773,20261002-152846_clu_rasp14_pi4gb_r1,498,perf_20261002-152846_clu_rasp14_pi4gb_r1,1,118,1790954930028,0,1790955802737.442,1019.478,10.454,1790955803778.965,Normal,0.9508
rasp1,34773,20261002-152846_clu_rasp14_pi4gb_r1,501,perf_20261002-152846_clu_rasp14_pi4gb_r1,1,119,1790954930028,0,1790955803780.579,750.501,9.876,1790955804541.841,Normal,0.9259
rasp1,34773,20261002-152846_clu_rasp14_pi4gb_r1,502,perf_20261002-152846_clu_rasp14_pi4gb_r1,1,120,1790954930028,0,1790955804543.278,577.853,12.633,1790955805134.913,Normal,0.9375
rasp1,34773,20261002-152846_clu_rasp14_pi4gb_r1,505,perf_20261002-152846_clu_rasp14_pi4gb_r1,1,121,1790954930028,0,1790955805137.251,1022.314,9.774,1790955806170.16,Normal,0.9435
rasp1,34773,20261002-152846_clu_rasp14_pi4gb_r1,509,perf_20261002-152846_clu_rasp14_pi4gb_r1,1,122,1790954930029,0,1790955806171.942,638.051,9.508,1790955806820.406,Normal,0.4947
rasp1,34773,20261002-152846_clu_rasp14_pi4gb_r1,510,perf_20261002-152846_clu_rasp14_pi4gb_r1,1,123,1790954930029,0,1790955806822.281,721.907,11.499,1790955807556.605,Normal,0.9581
rasp1,34773,20261002-152846_clu_rasp14_pi4gb_r1,513,perf_20261002-152846_clu_rasp14_pi4gb_r1,1,124,1790954930029,0,1790955807558.148,635.018,11.149,1790955808205.531,Normal,0.9627
rasp1,34773,20261002-152846_clu_rasp14_pi4gb_r1,516,perf_20261002-152846_clu_rasp14_pi4gb_r1,1,125,1790954930034,0,1790955808207.09,657.165,11.907,1790955808883.176,Normal,0.9529
rasp1,34773,20261002-152846_clu_rasp14_pi4gb_r1,524,perf_20261002-152846_clu_rasp14_pi4gb_r1,1,126,1790954930034,0,1790955808885.015,915.066,12.355,1790955809813.778,Normal,0.977
rasp1,34773,20261002-152846_clu_rasp14_pi4gb_r1,530,perf_20261002-152846_clu_rasp14_pi4gb_r1,1,127,1790954930035,0,1790955809815.356,724.012,7.321,1790955810547.356,OFFENSIVE,0.6533
rasp1,34773,20261002-152846_clu_rasp14_pi4gb_r1,536,perf_20261002-152846_clu_rasp14_pi4gb_r1,1,128,1790954930035,0,1790955810548.638,644.103,12.913,1790955811206.326,Normal,0.9394
rasp1,34773,20261002-152846_clu_rasp14_pi4gb_r1,542,perf_20261002-152846_clu_rasp14_pi4gb_r1,1,129,1790954930036,0,1790955811208.187,681.354,17.814,1790955811908.076,Normal,0.9717
rasp1,34773,20261002-152846_clu_rasp14_pi4gb_r1,551,perf_20261002-152846_clu_rasp14_pi4gb_r1,1,130,1790954930037,0,1790955811912.574,2479.065,10.132,1790955814402.545,Normal,0.9764
rasp1,34773,20261002-152846_clu_rasp14_pi4gb_r1,552,perf_20261002-152846_clu_rasp14_pi4gb_r1,1,131,1790954930037,0,1790955814407.257,1571.883,9.93,1790955815989.99,Normal,0.9501
rasp1,34773,20261002-152846_clu_rasp14_pi4gb_r1,555,perf_20261002-152846_clu_rasp14_pi4gb_r1,1,132,1790954930037,0,1790955815991.481,569.362,9.855,1790955816571.302,Normal,0.9387
rasp1,34773,20261002-152846_clu_rasp14_pi4gb_r1,556,perf_20261002-152846_clu_rasp14_pi4gb_r1,1,133,1790954930037,0,1790955816572.586,487.268,9.471,1790955817070.137,Normal,0.8661
rasp1,34773,20261002-152846_clu_rasp14_pi4gb_r1,557,perf_20261002-152846_clu_rasp14_pi4gb_r1,1,134,1790954930037,0,1790955817071.437,743.474,10.631,1790955817826.529,Normal,0.9607
rasp1,34773,20261002-152846_clu_rasp14_pi4gb_r1,559,perf_20261002-152846_clu_rasp14_pi4gb_r1,1,135,1790954930037,0,1790955817828.004,584.663,9.553,1790955818423.165,Normal,0.9652
rasp1,34773,20261002-152846_clu_rasp14_pi4gb_r1,577,perf_20261002-152846_clu_rasp14_pi4gb_r1,1,136,1790954930040,0,1790955818424.615,2054.402,8.873,1790955820488.65,Normal,0.9719
rasp1,34773,20261002-152846_clu_rasp14_pi4gb_r1,585,perf_20261002-152846_clu_rasp14_pi4gb_r1,1,137,1790954930040,0,1790955820491.155,1211.205,10.775,1790955821714.367,Normal,0.9524
rasp1,34773,20261002-152846_clu_rasp14_pi4gb_r1,595,perf_20261002-152846_clu_rasp14_pi4gb_r1,1,138,1790954930041,0,1790955821716.24,802.099,10.347,1790955822529.374,Normal,0.9467
rasp1,34773,20261002-152846_clu_rasp14_pi4gb_r1,601,perf_20261002-152846_clu_rasp14_pi4gb_r1,1,139,1790954930042,0,1790955822531.516,669.992,10.03,1790955823212.242,Normal,0.507
rasp1,34773,20261002-152846_clu_rasp14_pi4gb_r1,606,perf_20261002-152846_clu_rasp14_pi4gb_r1,1,140,1790954930042,0,1790955823213.851,534.598,9.359,1790955823758.53,Normal,0.9309
rasp1,34773,20261002-152846_clu_rasp14_pi4gb_r1,609,perf_20261002-152846_clu_rasp14_pi4gb_r1,1,141,1790954930043,0,1790955823760.433,559.219,10.427,1790955824330.782,Normal,0.9494
rasp1,34773,20261002-152846_clu_rasp14_pi4gb_r1,612,perf_20261002-152846_clu_rasp14_pi4gb_r1,1,142,1790954930043,0,1790955824332.532,738.549,9.514,1790955825081.294,Normal,0.9615
rasp1,34773,20261002-152846_clu_rasp14_pi4gb_r1,616,perf_20261002-152846_clu_rasp14_pi4gb_r1,1,143,1790954930043,0,1790955825082.682,2545.557,9.025,1790955827638.024,Normal,0.9635
rasp1,34773,20261002-152846_clu_rasp14_pi4gb_r1,618,perf_20261002-152846_clu_rasp14_pi4gb_r1,1,144,1790954930043,0,1790955827647.933,719.281,16.973,1790955828385.007,Normal,0.9525
rasp1,34773,20261002-152846_clu_rasp14_pi4gb_r1,624,perf_20261002-152846_clu_rasp14_pi4gb_r1,1,145,1790954930044,0,1790955828386.93,702.508,9.99,1790955829100.3,Normal,0.912
rasp1,34773,20261002-152846_clu_rasp14_pi4gb_r1,627,perf_20261002-152846_clu_rasp14_pi4gb_r1,1,146,1790954930044,0,1790955829106.015,1130.389,11.139,1790955830248.29,Normal,0.954
rasp1,34773,20261002-152846_clu_rasp14_pi4gb_r1,631,perf_20261002-152846_clu_rasp14_pi4gb_r1,1,147,1790954930044,0,1790955830250.346,646.817,9.586,1790955830907.539,Normal,0.9619
rasp1,34773,20261002-152846_clu_rasp14_pi4gb_r1,632,perf_20261002-152846_clu_rasp14_pi4gb_r1,1,148,1790954930044,0,1790955830909.246,1014.001,9.515,1790955831933.462,Normal,0.7526
rasp1,34773,20261002-152846_clu_rasp14_pi4gb_r1,637,perf_20261002-152846_clu_rasp14_pi4gb_r1,1,149,1790954930061,0,1790955831934.85,790.907,9.858,1790955832736.29,Normal,0.9534
rasp1,34773,20261002-152846_clu_rasp14_pi4gb_r1,645,perf_20261002-152846_clu_rasp14_pi4gb_r1,1,150,1790954930081,0,1790955832737.799,768.784,8.841,1790955833516.301,Normal,0.9333
rasp1,34773,20261002-152846_clu_rasp14_pi4gb_r1,651,perf_20261002-152846_clu_rasp14_pi4gb_r1,1,151,1790954930082,0,1790955833518.055,575.116,9.719,1790955834103.661,Normal,0.9172
rasp1,34773,20261002-152846_clu_rasp14_pi4gb_r1,653,perf_20261002-152846_clu_rasp14_pi4gb_r1,1,152,1790954930082,0,1790955834105.519,1080.217,9.95,1790955835196.384,Normal,0.9105
rasp1,34773,20261002-152846_clu_rasp14_pi4gb_r1,656,perf_20261002-152846_clu_rasp14_pi4gb_r1,1,153,1790954930083,0,1790955835198.039,2172.182,10.673,1790955837382.222,Normal,0.9752
rasp1,34773,20261002-152846_clu_rasp14_pi4gb_r1,671,perf_20261002-152846_clu_rasp14_pi4gb_r1,1,154,1790954930104,0,1790955837383.802,561.76,10.962,1790955837957.27,Normal,0.9373
rasp1,34773,20261002-152846_clu_rasp14_pi4gb_r1,672,perf_20261002-152846_clu_rasp14_pi4gb_r1,1,155,1790954930105,0,1790955837959.327,1498.71,9.48,1790955839468.349,Normal,0.9027
rasp1,34773,20261002-152846_clu_rasp14_pi4gb_r1,686,perf_20261002-152846_clu_rasp14_pi4gb_r1,1,156,1790954930108,0,1790955839469.658,765.166,14.516,1790955840250.443,Normal,0.9423
rasp1,34773,20261002-152846_clu_rasp14_pi4gb_r1,688,perf_20261002-152846_clu_rasp14_pi4gb_r1,1,157,1790954930108,0,1790955840252.376,779.02,12.017,1790955841044.087,Normal,0.8369
rasp1,34773,20261002-152846_clu_rasp14_pi4gb_r1,690,perf_20261002-152846_clu_rasp14_pi4gb_r1,1,158,1790954930109,0,1790955841045.578,1088.588,22.253,1790955842157.534,Normal,0.8982
rasp1,34773,20261002-152846_clu_rasp14_pi4gb_r1,693,perf_20261002-152846_clu_rasp14_pi4gb_r1,1,159,1790954930109,0,1790955842159.219,822.416,18.477,1790955843001.046,Normal,0.9075
rasp1,34773,20261002-152846_clu_rasp14_pi4gb_r1,694,perf_20261002-152846_clu_rasp14_pi4gb_r1,1,160,1790954930109,0,1790955843002.597,1499.784,11.975,1790955844515.406,Normal,0.932
rasp1,34773,20261002-152846_clu_rasp14_pi4gb_r1,700,perf_20261002-152846_clu_rasp14_pi4gb_r1,1,161,1790954930111,0,1790955844517.317,1180.635,9.608,1790955845708.217,Normal,0.9612
rasp1,34773,20261002-152846_clu_rasp14_pi4gb_r1,706,perf_20261002-152846_clu_rasp14_pi4gb_r1,1,162,1790954930112,0,1790955845710.235,882.331,10.211,1790955846603.599,Normal,0.9605
rasp1,34773,20261002-152846_clu_rasp14_pi4gb_r1,707,perf_20261002-152846_clu_rasp14_pi4gb_r1,1,163,1790954930112,0,1790955846605.64,571.935,8.575,1790955847186.823,Normal,0.9514
rasp1,34773,20261002-152846_clu_rasp14_pi4gb_r1,710,perf_20261002-152846_clu_rasp14_pi4gb_r1,1,164,1790954930112,0,1790955847188.2,614.314,9.884,1790955847813.163,Normal,0.9473
rasp1,34773,20261002-152846_clu_rasp14_pi4gb_r1,711,perf_20261002-152846_clu_rasp14_pi4gb_r1,1,165,1790954930113,0,1790955847814.657,632.366,10.003,1790955848458.004,Normal,0.9306
rasp1,34773,20261002-152846_clu_rasp14_pi4gb_r1,727,perf_20261002-152846_clu_rasp14_pi4gb_r1,1,166,1790954930117,0,1790955848459.496,620.91,9.284,1790955849090.846,Normal,0.9411
rasp1,34773,20261002-152846_clu_rasp14_pi4gb_r1,728,perf_20261002-152846_clu_rasp14_pi4gb_r1,1,167,1790954930117,0,1790955849092.18,1066.185,10.687,1790955850170.254,Normal,0.9173
rasp1,34773,20261002-152846_clu_rasp14_pi4gb_r1,730,perf_20261002-152846_clu_rasp14_pi4gb_r1,1,168,1790954930117,0,1790955850171.656,519.532,8.472,1790955850700.357,Normal,0.9375
rasp1,34773,20261002-152846_clu_rasp14_pi4gb_r1,735,perf_20261002-152846_clu_rasp14_pi4gb_r1,1,169,1790954930118,0,1790955850701.696,778.768,9.503,1790955851490.904,Normal,0.965
rasp1,34773,20261002-152846_clu_rasp14_pi4gb_r1,743,perf_20261002-152846_clu_rasp14_pi4gb_r1,1,170,1790954930120,0,1790955851492.098,549.19,10.15,1790955852052.379,Normal,0.9255
rasp1,34773,20261002-152846_clu_rasp14_pi4gb_r1,746,perf_20261002-152846_clu_rasp14_pi4gb_r1,1,171,1790954930120,0,1790955852054.182,665.424,10.269,1790955852730.645,Normal,0.8735
rasp1,34773,20261002-152846_clu_rasp14_pi4gb_r1,748,perf_20261002-152846_clu_rasp14_pi4gb_r1,1,172,1790954930120,0,1790955852732.02,1057.878,9.294,1790955853799.975,Normal,0.9716
rasp1,34773,20261002-152846_clu_rasp14_pi4gb_r1,752,perf_20261002-152846_clu_rasp14_pi4gb_r1,1,173,1790954930121,0,1790955853805.622,815.135,13.59,1790955854634.939,Normal,0.9727
rasp1,34773,20261002-152846_clu_rasp14_pi4gb_r1,754,perf_20261002-152846_clu_rasp14_pi4gb_r1,1,174,1790954930122,0,1790955854636.61,685.435,9.502,1790955855332.494,Normal,0.9639
rasp1,34773,20261002-152846_clu_rasp14_pi4gb_r1,763,perf_20261002-152846_clu_rasp14_pi4gb_r1,1,175,1790954930123,0,1790955855334.137,1124.979,9.919,1790955856469.996,Normal,0.9608
rasp1,34773,20261002-152846_clu_rasp14_pi4gb_r1,768,perf_20261002-152846_clu_rasp14_pi4gb_r1,1,176,1790954930124,0,1790955856474.97,917.639,10.911,1790955857404.373,Normal,0.9658
rasp1,34773,20261002-152846_clu_rasp14_pi4gb_r1,772,perf_20261002-152846_clu_rasp14_pi4gb_r1,1,177,1790954930125,0,1790955857406.945,634.478,9.852,1790955858051.972,Normal,0.5441
rasp1,34773,20261002-152846_clu_rasp14_pi4gb_r1,775,perf_20261002-152846_clu_rasp14_pi4gb_r1,1,178,1790954930126,0,1790955858053.33,595.161,10.489,1790955858659.96,Normal,0.9608
rasp1,34773,20261002-152846_clu_rasp14_pi4gb_r1,776,perf_20261002-152846_clu_rasp14_pi4gb_r1,1,179,1790954930126,0,1790955858661.645,625.497,11.808,1790955859300.112,Normal,0.806
rasp1,34773,20261002-152846_clu_rasp14_pi4gb_r1,786,perf_20261002-152846_clu_rasp14_pi4gb_r1,1,180,1790954930128,0,1790955859302.667,771.425,10.012,1790955860090.841,Normal,0.961
rasp1,34773,20261002-152846_clu_rasp14_pi4gb_r1,788,perf_20261002-152846_clu_rasp14_pi4gb_r1,1,181,1790954930128,0,1790955860092.641,738.674,10.489,1790955860842.786,Normal,0.9574
rasp1,34773,20261002-152846_clu_rasp14_pi4gb_r1,800,perf_20261002-152846_clu_rasp14_pi4gb_r1,1,182,1790954930131,0,1790955860844.332,764.877,10.511,1790955861620.619,Normal,0.9678
rasp1,34773,20261002-152846_clu_rasp14_pi4gb_r1,810,perf_20261002-152846_clu_rasp14_pi4gb_r1,1,183,1790954930133,0,1790955861622.355,665.414,11.022,1790955862299.869,Normal,0.9533
rasp1,34773,20261002-152846_clu_rasp14_pi4gb_r1,815,perf_20261002-152846_clu_rasp14_pi4gb_r1,1,184,1790954930134,0,1790955862301.335,826.511,11.562,1790955863140.04,Normal,0.9759
rasp1,34773,20261002-152846_clu_rasp14_pi4gb_r1,816,perf_20261002-152846_clu_rasp14_pi4gb_r1,1,185,1790954930134,0,1790955863141.69,620.229,9.314,1790955863771.953,Normal,0.7177
rasp1,34773,20261002-152846_clu_rasp14_pi4gb_r1,819,perf_20261002-152846_clu_rasp14_pi4gb_r1,1,186,1790954930134,0,1790955863774.208,723.445,11.012,1790955864509.858,Normal,0.9477
rasp1,34773,20261002-152846_clu_rasp14_pi4gb_r1,820,perf_20261002-152846_clu_rasp14_pi4gb_r1,1,187,1790954930134,0,1790955864511.479,861.958,9.272,1790955865383.359,Normal,0.9335
rasp1,34773,20261002-152846_clu_rasp14_pi4gb_r1,826,perf_20261002-152846_clu_rasp14_pi4gb_r1,1,188,1790954930134,0,1790955865385.495,977.733,10.213,1790955866374.368,Normal,0.9634
rasp1,34773,20261002-152846_clu_rasp14_pi4gb_r1,831,perf_20261002-152846_clu_rasp14_pi4gb_r1,1,189,1790954930135,0,1790955866376.016,1728.068,14.18,1790955868119.164,Normal,0.9283
rasp1,34773,20261002-152846_clu_rasp14_pi4gb_r1,835,perf_20261002-152846_clu_rasp14_pi4gb_r1,1,190,1790954930135,0,1790955868120.973,1061.566,8.745,1790955869191.999,Normal,0.969
rasp1,34773,20261002-152846_clu_rasp14_pi4gb_r1,837,perf_20261002-152846_clu_rasp14_pi4gb_r1,1,191,1790954930135,0,1790955869198.4,731.085,15.482,1790955869945.693,Normal,0.9757
rasp1,34773,20261002-152846_clu_rasp14_pi4gb_r1,844,perf_20261002-152846_clu_rasp14_pi4gb_r1,1,192,1790954930136,0,1790955869947.387,669.197,11.471,1790955870635.912,Normal,0.9442
rasp1,34773,20261002-152846_clu_rasp14_pi4gb_r1,846,perf_20261002-152846_clu_rasp14_pi4gb_r1,1,193,1790954930136,0,1790955870643.533,1529.022,10.394,1790955872183.934,Normal,0.702
rasp1,34773,20261002-152846_clu_rasp14_pi4gb_r1,851,perf_20261002-152846_clu_rasp14_pi4gb_r1,1,194,1790954930136,0,1790955872185.978,1376.942,9.446,1790955873573.09,Normal,0.967
rasp1,34773,20261002-152846_clu_rasp14_pi4gb_r1,853,perf_20261002-152846_clu_rasp14_pi4gb_r1,1,195,1790954930137,0,1790955873574.573,3188.919,9.086,1790955876773.395,Normal,0.9343
rasp1,34773,20261002-152846_clu_rasp14_pi4gb_r1,854,perf_20261002-152846_clu_rasp14_pi4gb_r1,1,196,1790954930137,0,1790955876781.746,595.084,9.911,1790955877387.346,Normal,0.9527
rasp1,34773,20261002-152846_clu_rasp14_pi4gb_r1,857,perf_20261002-152846_clu_rasp14_pi4gb_r1,1,197,1790954930137,0,1790955877388.803,890.552,9.504,1790955878289.579,Normal,0.8785
rasp1,34773,20261002-152846_clu_rasp14_pi4gb_r1,858,perf_20261002-152846_clu_rasp14_pi4gb_r1,1,198,1790954930137,0,1790955878291.257,652.687,10.755,1790955878955.436,Normal,0.944
rasp1,34773,20261002-152846_clu_rasp14_pi4gb_r1,861,perf_20261002-152846_clu_rasp14_pi4gb_r1,1,199,1790954930141,0,1790955878957.891,649.392,11.566,1790955879620.119,Normal,0.9539
rasp1,34773,20261002-152846_clu_rasp14_pi4gb_r1,862,perf_20261002-152846_clu_rasp14_pi4gb_r1,1,200,1790954930141,0,1790955879623.016,1215.225,9.968,1790955880849.215,Normal,0.9408
rasp1,34773,20261002-152846_clu_rasp14_pi4gb_r1,867,perf_20261002-152846_clu_rasp14_pi4gb_r1,1,201,1790954930141,0,1790955880850.919,909.482,14.995,1790955881779.378,Normal,0.8677
rasp1,34773,20261002-152846_clu_rasp14_pi4gb_r1,870,perf_20261002-152846_clu_rasp14_pi4gb_r1,1,202,1790954930142,0,1790955881784.556,958.641,14.91,1790955882758.858,Normal,0.8953
rasp1,34773,20261002-152846_clu_rasp14_pi4gb_r1,872,perf_20261002-152846_clu_rasp14_pi4gb_r1,1,203,1790954930142,0,1790955882760.435,753.863,9.727,1790955883524.958,Normal,0.9627
rasp1,34773,20261002-152846_clu_rasp14_pi4gb_r1,875,perf_20261002-152846_clu_rasp14_pi4gb_r1,1,204,1790954930142,0,1790955883527.062,1570.729,10.712,1790955885109.275,Normal,0.8758
rasp1,34773,20261002-152846_clu_rasp14_pi4gb_r1,891,perf_20261002-152846_clu_rasp14_pi4gb_r1,1,205,1790954930143,0,1790955885118.021,687.303,9.4,1790955885815.55,Normal,0.9629
rasp1,34773,20261002-152846_clu_rasp14_pi4gb_r1,898,perf_20261002-152846_clu_rasp14_pi4gb_r1,1,206,1790954930144,0,1790955885816.967,652.104,10.489,1790955886480.321,Normal,0.9656
rasp1,34773,20261002-152846_clu_rasp14_pi4gb_r1,905,perf_20261002-152846_clu_rasp14_pi4gb_r1,1,207,1790954930144,0,1790955886483.278,602.593,8.864,1790955887095.46,Normal,0.9375
rasp1,34773,20261002-152846_clu_rasp14_pi4gb_r1,907,perf_20261002-152846_clu_rasp14_pi4gb_r1,1,208,1790954930145,0,1790955887097.395,1578.02,10.184,1790955888686.504,Normal,0.9631
rasp1,34773,20261002-152846_clu_rasp14_pi4gb_r1,908,perf_20261002-152846_clu_rasp14_pi4gb_r1,1,209,1790954930145,0,1790955888688.495,1278.534,11.577,1790955889979.42,Normal,0.9725
rasp1,34773,20261002-152846_clu_rasp14_pi4gb_r1,915,perf_20261002-152846_clu_rasp14_pi4gb_r1,1,210,1790954930145,0,1790955889981.128,612.682,12.349,1790955890606.855,Normal,0.9455
rasp1,34773,20261002-152846_clu_rasp14_pi4gb_r1,919,perf_20261002-152846_clu_rasp14_pi4gb_r1,1,211,1790954930149,0,1790955890609.212,587.792,10.689,1790955891208.771,Normal,0.9375
rasp1,34773,20261002-152846_clu_rasp14_pi4gb_r1,929,perf_20261002-152846_clu_rasp14_pi4gb_r1,1,212,1790954930150,0,1790955891210.302,783.354,13.433,1790955892008.028,Normal,0.9374
rasp1,34773,20261002-152846_clu_rasp14_pi4gb_r1,930,perf_20261002-152846_clu_rasp14_pi4gb_r1,1,213,1790954930150,0,1790955892010.769,592.178,9.163,1790955892612.849,Normal,0.9494
rasp1,34773,20261002-152846_clu_rasp14_pi4gb_r1,934,perf_20261002-152846_clu_rasp14_pi4gb_r1,1,214,1790954930151,0,1790955892614.763,637.728,8.839,1790955893262.131,Normal,0.9304
rasp1,34773,20261002-152846_clu_rasp14_pi4gb_r1,938,perf_20261002-152846_clu_rasp14_pi4gb_r1,1,215,1790954930151,0,1790955893263.349,557.409,9.759,1790955893831.313,Normal,0.9751
rasp1,34773,20261002-152846_clu_rasp14_pi4gb_r1,942,perf_20261002-152846_clu_rasp14_pi4gb_r1,1,216,1790954930151,0,1790955893832.693,2377.434,10.517,1790955896221.58,Normal,0.9594
rasp1,34773,20261002-152846_clu_rasp14_pi4gb_r1,951,perf_20261002-152846_clu_rasp14_pi4gb_r1,1,217,1790954930152,0,1790955896226.056,1142.717,9.676,1790955897379.07,Normal,0.9438
rasp1,34773,20261002-152846_clu_rasp14_pi4gb_r1,952,perf_20261002-152846_clu_rasp14_pi4gb_r1,1,218,1790954930152,0,1790955897380.612,831.678,13.832,1790955898227.097,Normal,0.9699
rasp1,34773,20261002-152846_clu_rasp14_pi4gb_r1,953,perf_20261002-152846_clu_rasp14_pi4gb_r1,1,219,1790954930152,0,1790955898228.411,766.899,9.613,1790955899005.652,OFFENSIVE,0.9024
rasp1,34773,20261002-152846_clu_rasp14_pi4gb_r1,959,perf_20261002-152846_clu_rasp14_pi4gb_r1,1,220,1790954930153,0,1790955899007.241,589.055,8.95,1790955899606.136,Normal,0.9494
rasp1,34773,20261002-152846_clu_rasp14_pi4gb_r1,963,perf_20261002-152846_clu_rasp14_pi4gb_r1,1,221,1790954930153,0,1790955899607.461,1323.507,10.242,1790955900942.185,Normal,0.9444
rasp1,34773,20261002-152846_clu_rasp14_pi4gb_r1,967,perf_20261002-152846_clu_rasp14_pi4gb_r1,1,222,1790954930154,0,1790955900944.598,887.573,11.85,1790955901844.917,Normal,0.9507
rasp1,34773,20261002-152846_clu_rasp14_pi4gb_r1,969,perf_20261002-152846_clu_rasp14_pi4gb_r1,1,223,1790954930154,0,1790955901846.9,602.845,8.562,1790955902458.992,Normal,0.9387
rasp1,34773,20261002-152846_clu_rasp14_pi4gb_r1,971,perf_20261002-152846_clu_rasp14_pi4gb_r1,1,224,1790954930154,0,1790955902460.56,1866.35,9.712,1790955904337.277,Normal,0.9721
rasp1,34773,20261002-152846_clu_rasp14_pi4gb_r1,983,perf_20261002-152846_clu_rasp14_pi4gb_r1,1,225,1790954930157,0,1790955904339.891,601.655,9.396,1790955904951.825,Normal,0.9514
rasp1,34773,20261002-152846_clu_rasp14_pi4gb_r1,984,perf_20261002-152846_clu_rasp14_pi4gb_r1,1,226,1790954930157,0,1790955904953.566,686.396,9.961,1790955905650.624,Normal,0.9617
rasp1,34773,20261002-152846_clu_rasp14_pi4gb_r1,985,perf_20261002-152846_clu_rasp14_pi4gb_r1,1,227,1790954930157,0,1790955905652.778,729.707,9.16,1790955906392.853,Normal,0.5899
rasp1,34773,20261002-152846_clu_rasp14_pi4gb_r1,987,perf_20261002-152846_clu_rasp14_pi4gb_r1,1,228,1790954930157,0,1790955906394.362,2161.15,12.019,1790955908569.108,Normal,0.979
rasp1,34773,20261002-152846_clu_rasp14_pi4gb_r1,991,perf_20261002-152846_clu_rasp14_pi4gb_r1,1,229,1790954930157,0,1790955908570.792,640.677,8.571,1790955909220.784,Normal,0.9667
rasp1,34773,20261002-152846_clu_rasp14_pi4gb_r1,995,perf_20261002-152846_clu_rasp14_pi4gb_r1,1,230,1790954930158,0,1790955909222.133,651.912,11.01,1790955909888.967,Normal,0.9375
rasp1,34773,20261002-152846_clu_rasp14_pi4gb_r1,1003,perf_20261002-152846_clu_rasp14_pi4gb_r1,1,231,1790954930158,0,1790955909890.27,1443.733,11.316,1790955911346.146,Normal,0.9268
rasp1,34773,20261002-152846_clu_rasp14_pi4gb_r1,1007,perf_20261002-152846_clu_rasp14_pi4gb_r1,1,232,1790954930159,0,1790955911353.756,1155.841,14.589,1790955912524.916,Normal,0.972
rasp1,34773,20261002-152846_clu_rasp14_pi4gb_r1,1011,perf_20261002-152846_clu_rasp14_pi4gb_r1,1,233,1790954930159,0,1790955912529.421,765.527,17.689,1790955913313.251,Normal,0.9486
rasp1,34773,20261002-152846_clu_rasp14_pi4gb_r1,1024,perf_20261002-152846_clu_rasp14_pi4gb_r1,1,234,1790954930160,0,1790955913314.636,985.246,11.323,1790955914312.555,Normal,0.9411
rasp1,34773,20261002-152846_clu_rasp14_pi4gb_r1,1025,perf_20261002-152846_clu_rasp14_pi4gb_r1,1,235,1790954930160,0,1790955914314.611,835.876,9.278,1790955915160.526,Normal,0.9748
rasp1,34773,20261002-152846_clu_rasp14_pi4gb_r1,1035,perf_20261002-152846_clu_rasp14_pi4gb_r1,1,236,1790954930168,0,1790955915162.203,945.449,9.406,1790955916117.874,Normal,0.9719
rasp1,34773,20261002-152846_clu_rasp14_pi4gb_r1,1039,perf_20261002-152846_clu_rasp14_pi4gb_r1,1,237,1790954930178,0,1790955916119.277,587.249,8.889,1790955916716.13,Normal,0.8477
rasp1,34773,20261002-152846_clu_rasp14_pi4gb_r1,1043,perf_20261002-152846_clu_rasp14_pi4gb_r1,1,238,1790954930189,0,1790955916717.678,691.52,9.171,1790955917419.42,Normal,0.9614
rasp1,34773,20261002-152846_clu_rasp14_pi4gb_r1,1049,perf_20261002-152846_clu_rasp14_pi4gb_r1,1,239,1790954930205,0,1790955917420.851,543.715,9.399,1790955917974.678,Normal,0.9375
rasp1,34773,20261002-152846_clu_rasp14_pi4gb_r1,1052,perf_20261002-152846_clu_rasp14_pi4gb_r1,1,240,1790954930219,0,1790955917976.163,628.873,10.169,1790955918616.017,Normal,0.9302
rasp1,34773,20261002-152846_clu_rasp14_pi4gb_r1,1058,perf_20261002-152846_clu_rasp14_pi4gb_r1,1,241,1790954930220,0,1790955918617.939,763.56,9.947,1790955919392.154,Normal,0.9525
rasp1,34773,20261002-152846_clu_rasp14_pi4gb_r1,1061,perf_20261002-152846_clu_rasp14_pi4gb_r1,1,242,1790954930221,0,1790955919393.562,621.171,9.7,1790955920025.198,Normal,0.9022
rasp1,34773,20261002-152846_clu_rasp14_pi4gb_r1,1066,perf_20261002-152846_clu_rasp14_pi4gb_r1,1,243,1790954930222,0,1790955920026.777,1519.476,8.97,1790955921555.93,Normal,0.8687
rasp1,34773,20261002-152846_clu_rasp14_pi4gb_r1,1079,perf_20261002-152846_clu_rasp14_pi4gb_r1,1,244,1790954930224,0,1790955921557.681,800.267,9.023,1790955922367.665,Normal,0.9639
rasp1,34773,20261002-152846_clu_rasp14_pi4gb_r1,1085,perf_20261002-152846_clu_rasp14_pi4gb_r1,1,245,1790954930225,0,1790955922369.207,620.925,9.792,1790955923000.844,Normal,0.9312
rasp1,34773,20261002-152846_clu_rasp14_pi4gb_r1,1086,perf_20261002-152846_clu_rasp14_pi4gb_r1,1,246,1790954930225,0,1790955923002.56,692.962,10.722,1790955923707.104,Normal,0.9375
rasp1,34773,20261002-152846_clu_rasp14_pi4gb_r1,1087,perf_20261002-152846_clu_rasp14_pi4gb_r1,1,247,1790954930226,0,1790955923709.391,1371.528,18.433,1790955925100.239,Normal,0.9469
rasp1,34773,20261002-152846_clu_rasp14_pi4gb_r1,1094,perf_20261002-152846_clu_rasp14_pi4gb_r1,1,248,1790954930227,0,1790955925102.132,1621.21,14.06,1790955926738.138,Normal,0.8505
rasp1,34773,20261002-152846_clu_rasp14_pi4gb_r1,1101,perf_20261002-152846_clu_rasp14_pi4gb_r1,1,249,1790954930228,0,1790955926739.486,1790.892,12.428,1790955928543.586,Normal,0.9326
rasp1,34773,20261002-152846_clu_rasp14_pi4gb_r1,1102,perf_20261002-152846_clu_rasp14_pi4gb_r1,1,250,1790954930228,0,1790955928545.49,655.992,9.023,1790955929211.26,HATE,0.747
rasp1,34773,20261002-152846_clu_rasp14_pi4gb_r1,1114,perf_20261002-152846_clu_rasp14_pi4gb_r1,1,251,1790954930231,0,1790955929213.02,808.16,12.997,1790955930035.078,Normal,0.9647
rasp1,34773,20261002-152846_clu_rasp14_pi4gb_r1,1115,perf_20261002-152846_clu_rasp14_pi4gb_r1,1,252,1790954930231,0,1790955930037.312,1079.556,11.163,1790955931128.95,Normal,0.9765
rasp1,34773,20261002-152846_clu_rasp14_pi4gb_r1,1116,perf_20261002-152846_clu_rasp14_pi4gb_r1,1,253,1790954930231,0,1790955931130.909,672.893,13.396,1790955931818.385,Normal,0.9556
rasp1,34773,20261002-152846_clu_rasp14_pi4gb_r1,1121,perf_20261002-152846_clu_rasp14_pi4gb_r1,1,254,1790954930232,0,1790955931820.547,1311.785,9.078,1790955933142.368,Normal,0.9653
rasp1,34773,20261002-152846_clu_rasp14_pi4gb_r1,1131,perf_20261002-152846_clu_rasp14_pi4gb_r1,1,255,1790954930234,0,1790955933144.392,695.253,19.683,1790955933860.153,Normal,0.9208
rasp1,34773,20261002-152846_clu_rasp14_pi4gb_r1,1139,perf_20261002-152846_clu_rasp14_pi4gb_r1,1,256,1790954930236,0,1790955933865.509,658.379,9.959,1790955934534.788,Normal,0.9621
rasp1,34773,20261002-152846_clu_rasp14_pi4gb_r1,1144,perf_20261002-152846_clu_rasp14_pi4gb_r1,1,257,1790954930237,0,1790955934536.266,620.307,10.724,1790955935168.35,Normal,0.9473
rasp1,34773,20261002-152846_clu_rasp14_pi4gb_r1,1148,perf_20261002-152846_clu_rasp14_pi4gb_r1,1,258,1790954930238,0,1790955935169.815,617.852,8.859,1790955935797.26,Normal,0.9435
rasp1,34773,20261002-152846_clu_rasp14_pi4gb_r1,1165,perf_20261002-152846_clu_rasp14_pi4gb_r1,1,259,1790954930241,0,1790955935800.22,578.79,8.789,1790955936388.696,Normal,0.9457
rasp1,34773,20261002-152846_clu_rasp14_pi4gb_r1,1168,perf_20261002-152846_clu_rasp14_pi4gb_r1,1,260,1790954930241,0,1790955936390.29,579.292,8.535,1790955936978.805,Normal,0.9375
rasp1,34773,20261002-152846_clu_rasp14_pi4gb_r1,1170,perf_20261002-152846_clu_rasp14_pi4gb_r1,1,261,1790954930242,0,1790955936980.552,810.756,10.683,1790955937805.806,Normal,0.9556
rasp1,34773,20261002-152846_clu_rasp14_pi4gb_r1,1176,perf_20261002-152846_clu_rasp14_pi4gb_r1,1,262,1790954930243,0,1790955937810.169,618.759,8.694,1790955938438.51,Normal,0.9401
rasp1,34773,20261002-152846_clu_rasp14_pi4gb_r1,1185,perf_20261002-152846_clu_rasp14_pi4gb_r1,1,263,1790954930245,0,1790955938443.187,703.149,11.947,1790955939158.965,Normal,0.9715
rasp1,34773,20261002-152846_clu_rasp14_pi4gb_r1,1186,perf_20261002-152846_clu_rasp14_pi4gb_r1,1,264,1790954930245,0,1790955939167.571,886.506,10.138,1790955940064.834,Normal,0.9627
rasp1,34773,20261002-152846_clu_rasp14_pi4gb_r1,1187,perf_20261002-152846_clu_rasp14_pi4gb_r1,1,265,1790954930245,0,1790955940069.14,961.777,9.285,1790955941041.097,Normal,0.9709
rasp1,34773,20261002-152846_clu_rasp14_pi4gb_r1,1191,perf_20261002-152846_clu_rasp14_pi4gb_r1,1,266,1790954930246,0,1790955941042.755,726.432,9.696,1790955941779.828,Normal,0.9443
rasp1,34773,20261002-152846_clu_rasp14_pi4gb_r1,1192,perf_20261002-152846_clu_rasp14_pi4gb_r1,1,267,1790954930247,0,1790955941781.267,935.075,10.83,1790955942728.295,Normal,0.9618
rasp1,34773,20261002-152846_clu_rasp14_pi4gb_r1,1197,perf_20261002-152846_clu_rasp14_pi4gb_r1,1,268,1790954930247,0,1790955942730.513,610.568,9.821,1790955943351.858,Normal,0.9475
rasp1,34773,20261002-152846_clu_rasp14_pi4gb_r1,1203,perf_20261002-152846_clu_rasp14_pi4gb_r1,1,269,1790954930248,0,1790955943353.465,945.5,11.342,1790955944311.233,Normal,0.9154
rasp1,34773,20261002-152846_clu_rasp14_pi4gb_r1,1204,perf_20261002-152846_clu_rasp14_pi4gb_r1,1,270,1790954930249,0,1790955944313.758,800.668,10.058,1790955945125.436,Normal,0.9655
rasp1,34773,20261002-152846_clu_rasp14_pi4gb_r1,1205,perf_20261002-152846_clu_rasp14_pi4gb_r1,1,271,1790954930249,0,1790955945127.105,724.641,10.666,1790955945863.182,Normal,0.8517
rasp1,34773,20261002-152846_clu_rasp14_pi4gb_r1,1211,perf_20261002-152846_clu_rasp14_pi4gb_r1,1,272,1790954930250,0,1790955945864.532,824.687,11.105,1790955946701.656,Normal,0.969
rasp1,34773,20261002-152846_clu_rasp14_pi4gb_r1,1219,perf_20261002-152846_clu_rasp14_pi4gb_r1,1,273,1790954930251,0,1790955946703.659,863.359,11.09,1790955947579.038,Normal,0.9643
rasp1,34773,20261002-152846_clu_rasp14_pi4gb_r1,1223,perf_20261002-152846_clu_rasp14_pi4gb_r1,1,274,1790954930252,0,1790955947580.954,637.83,11.691,1790955948231.37,Normal,0.9728
rasp1,34773,20261002-152846_clu_rasp14_pi4gb_r1,1225,perf_20261002-152846_clu_rasp14_pi4gb_r1,1,275,1790954930253,0,1790955948234.186,2859.255,10.809,1790955951105.128,Normal,0.9543
rasp1,34773,20261002-152846_clu_rasp14_pi4gb_r1,1227,perf_20261002-152846_clu_rasp14_pi4gb_r1,1,276,1790954930253,0,1790955951112.615,1176.249,13.038,1790955952302.522,Normal,0.9715
rasp1,34773,20261002-152846_clu_rasp14_pi4gb_r1,1230,perf_20261002-152846_clu_rasp14_pi4gb_r1,1,277,1790954930253,0,1790955952307.134,935.229,12.342,1790955953255.468,Normal,0.9572
rasp1,34773,20261002-152846_clu_rasp14_pi4gb_r1,1235,perf_20261002-152846_clu_rasp14_pi4gb_r1,1,278,1790954930253,0,1790955953257.381,950.012,18.526,1790955954236.39,Normal,0.835
rasp1,34773,20261002-152846_clu_rasp14_pi4gb_r1,1240,perf_20261002-152846_clu_rasp14_pi4gb_r1,1,279,1790954930254,0,1790955954242.888,1249.3,11.191,1790955955504.418,Normal,0.8489
rasp1,34773,20261002-152846_clu_rasp14_pi4gb_r1,1242,perf_20261002-152846_clu_rasp14_pi4gb_r1,1,280,1790954930254,0,1790955955506.131,984.174,9.06,1790955956500.143,Normal,0.8981
rasp1,34773,20261002-152846_clu_rasp14_pi4gb_r1,1245,perf_20261002-152846_clu_rasp14_pi4gb_r1,1,281,1790954930254,0,1790955956501.475,1077.8,9.769,1790955957589.935,Normal,0.7222
rasp1,34773,20261002-152846_clu_rasp14_pi4gb_r1,1252,perf_20261002-152846_clu_rasp14_pi4gb_r1,1,282,1790954930255,0,1790955957591.521,773.414,10.089,1790955958375.769,Normal,0.9269
rasp1,34773,20261002-152846_clu_rasp14_pi4gb_r1,1259,perf_20261002-152846_clu_rasp14_pi4gb_r1,1,283,1790954930255,0,1790955958377.511,577.715,11.339,1790955958967.341,Normal,0.9196
rasp1,34773,20261002-152846_clu_rasp14_pi4gb_r1,1262,perf_20261002-152846_clu_rasp14_pi4gb_r1,1,284,1790954930256,0,1790955958969.207,619.587,9.604,1790955959599.194,Normal,0.9374
rasp1,34773,20261002-152846_clu_rasp14_pi4gb_r1,1271,perf_20261002-152846_clu_rasp14_pi4gb_r1,1,285,1790954930256,0,1790955959600.846,639.293,10.416,1790955960251.375,Normal,0.9657
rasp1,34773,20261002-152846_clu_rasp14_pi4gb_r1,1272,perf_20261002-152846_clu_rasp14_pi4gb_r1,1,286,1790954930256,0,1790955960253.257,578.93,8.748,1790955960841.614,Normal,0.9375
rasp1,34773,20261002-152846_clu_rasp14_pi4gb_r1,1275,perf_20261002-152846_clu_rasp14_pi4gb_r1,1,287,1790954930260,0,1790955960842.992,1072.074,10.932,1790955961926.954,Normal,0.9687
rasp1,34773,20261002-152846_clu_rasp14_pi4gb_r1,1276,perf_20261002-152846_clu_rasp14_pi4gb_r1,1,288,1790954930260,0,1790955961928.283,748.327,10.97,1790955962688.389,OFFENSIVE,0.6806
rasp1,34773,20261002-152846_clu_rasp14_pi4gb_r1,1282,perf_20261002-152846_clu_rasp14_pi4gb_r1,1,289,1790954930260,0,1790955962690.431,553.805,9.179,1790955963254.158,Normal,0.9503
rasp1,34773,20261002-152846_clu_rasp14_pi4gb_r1,1285,perf_20261002-152846_clu_rasp14_pi4gb_r1,1,290,1790954930260,0,1790955963255.558,590.691,9.367,1790955963856.403,Normal,0.951
rasp1,34773,20261002-152846_clu_rasp14_pi4gb_r1,1290,perf_20261002-152846_clu_rasp14_pi4gb_r1,1,291,1790954930261,0,1790955963857.876,520.653,7.747,1790955964386.936,Normal,0.9475
rasp1,34773,20261002-152846_clu_rasp14_pi4gb_r1,1296,perf_20261002-152846_clu_rasp14_pi4gb_r1,1,292,1790954930261,0,1790955964388.399,1222.613,12.046,1790955965623.869,Normal,0.966
rasp1,34773,20261002-152846_clu_rasp14_pi4gb_r1,1299,perf_20261002-152846_clu_rasp14_pi4gb_r1,1,293,1790954930262,0,1790955965628.285,874.744,12.565,1790955966516.187,Normal,0.8937
rasp1,34773,20261002-152846_clu_rasp14_pi4gb_r1,1302,perf_20261002-152846_clu_rasp14_pi4gb_r1,1,294,1790954930262,0,1790955966523.579,608.023,9.322,1790955967141.596,Normal,0.9353
rasp1,34773,20261002-152846_clu_rasp14_pi4gb_r1,1313,perf_20261002-152846_clu_rasp14_pi4gb_r1,1,295,1790954930263,0,1790955967148.09,908.904,12.513,1790955968070.879,Normal,0.951
rasp1,34773,20261002-152846_clu_rasp14_pi4gb_r1,1321,perf_20261002-152846_clu_rasp14_pi4gb_r1,1,296,1790954930263,0,1790955968076.428,948.314,11.618,1790955969037.223,Normal,0.9545
rasp1,34773,20261002-152846_clu_rasp14_pi4gb_r1,1322,perf_20261002-152846_clu_rasp14_pi4gb_r1,1,297,1790954930263,0,1790955969040.329,1831.841,10.053,1790955970883.094,Normal,0.9641
rasp1,34773,20261002-152846_clu_rasp14_pi4gb_r1,1326,perf_20261002-152846_clu_rasp14_pi4gb_r1,1,298,1790954930264,0,1790955970885.458,840.726,10.331,1790955971737.428,Normal,0.9437
rasp1,34773,20261002-152846_clu_rasp14_pi4gb_r1,1328,perf_20261002-152846_clu_rasp14_pi4gb_r1,1,299,1790954930264,0,1790955971739.341,737.153,9.594,1790955972486.859,Normal,0.8317
rasp1,34773,20261002-152846_clu_rasp14_pi4gb_r1,1332,perf_20261002-152846_clu_rasp14_pi4gb_r1,1,300,1790954930264,0,1790955972488.617,564.738,9.643,1790955973063.905,Normal,0.9555
rasp1,34773,20261002-152846_clu_rasp14_pi4gb_r1,1335,perf_20261002-152846_clu_rasp14_pi4gb_r1,1,301,1790954930265,0,1790955973065.233,1262.821,11.158,1790955974340.405,Normal,0.9555
rasp1,34773,20261002-152846_clu_rasp14_pi4gb_r1,1342,perf_20261002-152846_clu_rasp14_pi4gb_r1,1,302,1790954930266,0,1790955974342.295,751.099,9.258,1790955975103.443,Normal,0.9547
rasp1,34773,20261002-152846_clu_rasp14_pi4gb_r1,1350,perf_20261002-152846_clu_rasp14_pi4gb_r1,1,303,1790954930267,0,1790955975105.122,1076.937,10.873,1790955976193.583,Normal,0.9483
rasp1,34773,20261002-152846_clu_rasp14_pi4gb_r1,1352,perf_20261002-152846_clu_rasp14_pi4gb_r1,1,304,1790954930267,0,1790955976195.116,664.415,11.629,1790955976872.514,Normal,0.8935
rasp1,34773,20261002-152846_clu_rasp14_pi4gb_r1,1354,perf_20261002-152846_clu_rasp14_pi4gb_r1,1,305,1790954930267,0,1790955976874.301,522.213,11.196,1790955977408.456,Normal,0.9418
rasp1,34773,20261002-152846_clu_rasp14_pi4gb_r1,1361,perf_20261002-152846_clu_rasp14_pi4gb_r1,1,306,1790954930268,0,1790955977410.352,950.255,9.732,1790955978371.188,Normal,0.4861
rasp1,34773,20261002-152846_clu_rasp14_pi4gb_r1,1364,perf_20261002-152846_clu_rasp14_pi4gb_r1,1,307,1790954930268,0,1790955978372.571,1392.879,12.591,1790955979786.792,Normal,0.9358
rasp1,34773,20261002-152846_clu_rasp14_pi4gb_r1,1366,perf_20261002-152846_clu_rasp14_pi4gb_r1,1,308,1790954930268,0,1790955979791.17,564.974,8.975,1790955980365.775,Normal,0.9401
rasp1,34773,20261002-152846_clu_rasp14_pi4gb_r1,1370,perf_20261002-152846_clu_rasp14_pi4gb_r1,1,309,1790954930268,0,1790955980367.13,1814.918,10.209,1790955982193.107,Normal,0.9305
rasp1,34773,20261002-152846_clu_rasp14_pi4gb_r1,1372,perf_20261002-152846_clu_rasp14_pi4gb_r1,1,310,1790954930268,0,1790955982194.868,741.965,9.899,1790955982947.373,Normal,0.9482
rasp1,34773,20261002-152846_clu_rasp14_pi4gb_r1,1373,perf_20261002-152846_clu_rasp14_pi4gb_r1,1,311,1790954930268,0,1790955982948.817,603.475,10.595,1790955983563.607,Normal,0.954
rasp1,34773,20261002-152846_clu_rasp14_pi4gb_r1,1374,perf_20261002-152846_clu_rasp14_pi4gb_r1,1,312,1790954930269,0,1790955983565.414,1270.74,12.503,1790955984855.992,Normal,0.9695
rasp1,34773,20261002-152846_clu_rasp14_pi4gb_r1,1384,perf_20261002-152846_clu_rasp14_pi4gb_r1,1,313,1790954930269,0,1790955984857.545,893.071,14.194,1790955985766.563,Normal,0.9682
rasp1,34773,20261002-152846_clu_rasp14_pi4gb_r1,1386,perf_20261002-152846_clu_rasp14_pi4gb_r1,1,314,1790954930270,0,1790955985769.616,714.915,9.808,1790955986495.066,Normal,0.956
rasp1,34773,20261002-152846_clu_rasp14_pi4gb_r1,1387,perf_20261002-152846_clu_rasp14_pi4gb_r1,1,315,1790954930270,0,1790955986496.373,571.494,11.861,1790955987080.793,Normal,0.9547
rasp1,34773,20261002-152846_clu_rasp14_pi4gb_r1,1388,perf_20261002-152846_clu_rasp14_pi4gb_r1,1,316,1790954930270,0,1790955987082.531,2804.075,10.633,1790955989902.898,Normal,0.9747
rasp1,34773,20261002-152846_clu_rasp14_pi4gb_r1,1391,perf_20261002-152846_clu_rasp14_pi4gb_r1,1,317,1790954930270,0,1790955989904.859,656.145,10.48,1790955990572.404,Normal,0.9491
rasp1,34773,20261002-152846_clu_rasp14_pi4gb_r1,1393,perf_20261002-152846_clu_rasp14_pi4gb_r1,1,318,1790954930270,0,1790955990574.076,752.994,10.65,1790955991338.536,Normal,0.906
rasp1,34773,20261002-152846_clu_rasp14_pi4gb_r1,1395,perf_20261002-152846_clu_rasp14_pi4gb_r1,1,319,1790954930270,0,1790955991340.364,767.685,9.727,1790955992118.531,Normal,0.9607
rasp1,34773,20261002-152846_clu_rasp14_pi4gb_r1,1410,perf_20261002-152846_clu_rasp14_pi4gb_r1,1,320,1790954930276,0,1790955992119.972,827.528,11.006,1790955992959.251,Normal,0.9725
rasp1,34773,20261002-152846_clu_rasp14_pi4gb_r1,1412,perf_20261002-152846_clu_rasp14_pi4gb_r1,1,321,1790954930276,0,1790955992970.475,744.056,14.678,1790955993729.899,Normal,0.9324
rasp1,34773,20261002-152846_clu_rasp14_pi4gb_r1,1413,perf_20261002-152846_clu_rasp14_pi4gb_r1,1,322,1790954930276,0,1790955993731.374,1018.774,15.363,1790955994766.213,Normal,0.9482
rasp1,34773,20261002-152846_clu_rasp14_pi4gb_r1,1415,perf_20261002-152846_clu_rasp14_pi4gb_r1,1,323,1790954930276,0,1790955994776.615,1049.71,14.678,1790955995843.859,Normal,0.9545
rasp1,34773,20261002-152846_clu_rasp14_pi4gb_r1,1418,perf_20261002-152846_clu_rasp14_pi4gb_r1,1,324,1790954930276,0,1790955995851.473,1205.698,9.312,1790955997067.35,Normal,0.963
rasp1,34773,20261002-152846_clu_rasp14_pi4gb_r1,1421,perf_20261002-152846_clu_rasp14_pi4gb_r1,1,325,1790954930277,0,1790955997068.876,820.405,10.335,1790955997900.619,Normal,0.8543
rasp1,34773,20261002-152846_clu_rasp14_pi4gb_r1,1425,perf_20261002-152846_clu_rasp14_pi4gb_r1,1,326,1790954930277,0,1790955997903.115,988.366,11.17,1790955998903.422,Normal,0.9635
rasp1,34773,20261002-152846_clu_rasp14_pi4gb_r1,1427,perf_20261002-152846_clu_rasp14_pi4gb_r1,1,327,1790954930277,0,1790955998905.656,715.878,11.291,1790955999633.91,Normal,0.9296
rasp1,34773,20261002-152846_clu_rasp14_pi4gb_r1,1429,perf_20261002-152846_clu_rasp14_pi4gb_r1,1,328,1790954930277,0,1790955999636.84,832.61,11.44,1790956000482.132,Normal,0.9363
rasp1,34773,20261002-152846_clu_rasp14_pi4gb_r1,1434,perf_20261002-152846_clu_rasp14_pi4gb_r1,1,329,1790954930278,0,1790956000484.083,857.272,9.77,1790956001351.92,Normal,0.9394
rasp1,34773,20261002-152846_clu_rasp14_pi4gb_r1,1437,perf_20261002-152846_clu_rasp14_pi4gb_r1,1,330,1790954930278,0,1790956001353.796,735.742,10.028,1790956002100.483,Normal,0.5156
rasp1,34773,20261002-152846_clu_rasp14_pi4gb_r1,1439,perf_20261002-152846_clu_rasp14_pi4gb_r1,1,331,1790954930278,0,1790956002102.417,945.451,13.686,1790956003063.015,Normal,0.9634
rasp1,34773,20261002-152846_clu_rasp14_pi4gb_r1,1440,perf_20261002-152846_clu_rasp14_pi4gb_r1,1,332,1790954930278,0,1790956003064.918,997.82,9.577,1790956004073.126,Normal,0.973
rasp1,34773,20261002-152846_clu_rasp14_pi4gb_r1,1442,perf_20261002-152846_clu_rasp14_pi4gb_r1,1,333,1790954930278,0,1790956004074.783,673.059,8.816,1790956004757.48,Normal,0.92
rasp1,34773,20261002-152846_clu_rasp14_pi4gb_r1,1444,perf_20261002-152846_clu_rasp14_pi4gb_r1,1,334,1790954930279,0,1790956004759.4,1703.73,17.742,1790956006481.982,Normal,0.6834
rasp1,34773,20261002-152846_clu_rasp14_pi4gb_r1,1452,perf_20261002-152846_clu_rasp14_pi4gb_r1,1,335,1790954930279,0,1790956006483.238,845.729,9.906,1790956007339.511,Normal,0.9434
rasp1,34773,20261002-152846_clu_rasp14_pi4gb_r1,1455,perf_20261002-152846_clu_rasp14_pi4gb_r1,1,336,1790954930279,0,1790956007345.884,1132.239,14.529,1790956008493.448,Normal,0.9555
rasp1,34773,20261002-152846_clu_rasp14_pi4gb_r1,1460,perf_20261002-152846_clu_rasp14_pi4gb_r1,1,337,1790954930287,0,1790956008497.061,745.316,12.225,1790956009255.457,Normal,0.9025
rasp1,34773,20261002-152846_clu_rasp14_pi4gb_r1,1462,perf_20261002-152846_clu_rasp14_pi4gb_r1,1,338,1790954930287,0,1790956009260.936,1001.249,13.314,1790956010276.648,Normal,0.9616
rasp1,34773,20261002-152846_clu_rasp14_pi4gb_r1,1464,perf_20261002-152846_clu_rasp14_pi4gb_r1,1,339,1790954930288,0,1790956010279.068,1744.984,9.168,1790956012033.987,Normal,0.9673
rasp1,34773,20261002-152846_clu_rasp14_pi4gb_r1,1472,perf_20261002-152846_clu_rasp14_pi4gb_r1,1,340,1790954930299,0,1790956012035.884,1075.406,12.987,1790956013125.417,Normal,0.5727
rasp1,34773,20261002-152846_clu_rasp14_pi4gb_r1,1483,perf_20261002-152846_clu_rasp14_pi4gb_r1,1,341,1790954930339,0,1790956013128.202,1038.804,10.457,1790956014178.279,Normal,0.9652
rasp1,34773,20261002-152846_clu_rasp14_pi4gb_r1,1485,perf_20261002-152846_clu_rasp14_pi4gb_r1,1,342,1790954930340,0,1790956014180.852,715.638,9.285,1790956014906.673,Normal,0.9523
rasp1,34773,20261002-152846_clu_rasp14_pi4gb_r1,1489,perf_20261002-152846_clu_rasp14_pi4gb_r1,1,343,1790954930340,0,1790956014908.481,612.522,8.739,1790956015530.322,Normal,0.9178
rasp1,34773,20261002-152846_clu_rasp14_pi4gb_r1,1492,perf_20261002-152846_clu_rasp14_pi4gb_r1,1,344,1790954930341,0,1790956015531.795,818.753,9.665,1790956016361.151,Normal,0.9627
rasp1,34773,20261002-152846_clu_rasp14_pi4gb_r1,1495,perf_20261002-152846_clu_rasp14_pi4gb_r1,1,345,1790954930342,0,1790956016362.615,627.862,11.356,1790956017002.566,Normal,0.9365
rasp1,34773,20261002-152846_clu_rasp14_pi4gb_r1,1499,perf_20261002-152846_clu_rasp14_pi4gb_r1,1,346,1790954930342,0,1790956017005.343,1004.442,10.146,1790956018020.688,Normal,0.9625
rasp1,34773,20261002-152846_clu_rasp14_pi4gb_r1,1513,perf_20261002-152846_clu_rasp14_pi4gb_r1,1,347,1790954930346,0,1790956018022.286,569.922,9.398,1790956018602.255,Normal,0.9666
rasp1,34773,20261002-152846_clu_rasp14_pi4gb_r1,1517,perf_20261002-152846_clu_rasp14_pi4gb_r1,1,348,1790954930347,0,1790956018603.542,816.828,9.283,1790956019430.377,Normal,0.9078
rasp1,34773,20261002-152846_clu_rasp14_pi4gb_r1,1520,perf_20261002-152846_clu_rasp14_pi4gb_r1,1,349,1790954930347,0,1790956019431.812,605.667,8.532,1790956020046.854,Normal,0.9631
rasp1,34773,20261002-152846_clu_rasp14_pi4gb_r1,1532,perf_20261002-152846_clu_rasp14_pi4gb_r1,1,350,1790954930349,0,1790956020048.148,688.001,10.563,1790956020749.875,Normal,0.904
rasp1,34773,20261002-152846_clu_rasp14_pi4gb_r1,1539,perf_20261002-152846_clu_rasp14_pi4gb_r1,1,351,1790954930351,0,1790956020754.693,2158.472,16.031,1790956022930.323,Normal,0.9444
rasp1,34773,20261002-152846_clu_rasp14_pi4gb_r1,1541,perf_20261002-152846_clu_rasp14_pi4gb_r1,1,352,1790954930352,0,1790956022939.324,1233.783,20.413,1790956024194.213,Normal,0.9599
rasp1,34773,20261002-152846_clu_rasp14_pi4gb_r1,1550,perf_20261002-152846_clu_rasp14_pi4gb_r1,1,353,1790954930353,0,1790956024198.604,833.159,9.772,1790956025042.235,Normal,0.9654
rasp1,34773,20261002-152846_clu_rasp14_pi4gb_r1,1552,perf_20261002-152846_clu_rasp14_pi4gb_r1,1,354,1790954930354,0,1790956025043.603,815.552,9.727,1790956025869.503,Normal,0.976
rasp1,34773,20261002-152846_clu_rasp14_pi4gb_r1,1553,perf_20261002-152846_clu_rasp14_pi4gb_r1,1,355,1790954930354,0,1790956025871.278,759.256,9.762,1790956026641.062,Normal,0.977
rasp1,34773,20261002-152846_clu_rasp14_pi4gb_r1,1559,perf_20261002-152846_clu_rasp14_pi4gb_r1,1,356,1790954930355,0,1790956026642.519,1432.51,10.393,1790956028086.083,Normal,0.964
rasp1,34773,20261002-152846_clu_rasp14_pi4gb_r1,1563,perf_20261002-152846_clu_rasp14_pi4gb_r1,1,357,1790954930356,0,1790956028087.789,824.6,10.354,1790956028923.78,Normal,0.9065
rasp1,34773,20261002-152846_clu_rasp14_pi4gb_r1,1571,perf_20261002-152846_clu_rasp14_pi4gb_r1,1,358,1790954930357,0,1790956028925.33,709.807,9.974,1790956029646.202,Normal,0.9519
rasp1,34773,20261002-152846_clu_rasp14_pi4gb_r1,1572,perf_20261002-152846_clu_rasp14_pi4gb_r1,1,359,1790954930358,0,1790956029647.567,625.94,8.28,1790956030282.68,Normal,0.9386
rasp1,34773,20261002-152846_clu_rasp14_pi4gb_r1,1577,perf_20261002-152846_clu_rasp14_pi4gb_r1,1,360,1790954930359,0,1790956030284.357,1059.304,11.089,1790956031355.783,Normal,0.9606
rasp1,34773,20261002-152846_clu_rasp14_pi4gb_r1,1583,perf_20261002-152846_clu_rasp14_pi4gb_r1,1,361,1790954930360,0,1790956031357.827,824.664,12.643,1790956032196.114,Normal,0.9002
rasp1,34773,20261002-152846_clu_rasp14_pi4gb_r1,1588,perf_20261002-152846_clu_rasp14_pi4gb_r1,1,362,1790954930361,0,1790956032199.24,885.35,10.173,1790956033095.564,Normal,0.9606
rasp1,34773,20261002-152846_clu_rasp14_pi4gb_r1,1593,perf_20261002-152846_clu_rasp14_pi4gb_r1,1,363,1790954930361,0,1790956033097.593,1310.765,11.815,1790956034421.401,Normal,0.9529
rasp1,34773,20261002-152846_clu_rasp14_pi4gb_r1,1594,perf_20261002-152846_clu_rasp14_pi4gb_r1,1,364,1790954930362,0,1790956034423.917,2359.286,9.917,1790956036793.978,Normal,0.9035
rasp1,34773,20261002-152846_clu_rasp14_pi4gb_r1,1596,perf_20261002-152846_clu_rasp14_pi4gb_r1,1,365,1790954930362,0,1790956036802.392,1004.232,13.506,1790956037820.924,Normal,0.9556
rasp1,34773,20261002-152846_clu_rasp14_pi4gb_r1,1597,perf_20261002-152846_clu_rasp14_pi4gb_r1,1,366,1790954930362,0,1790956037828.486,707.427,10.482,1790956038547.345,Normal,0.8688
rasp1,34773,20261002-152846_clu_rasp14_pi4gb_r1,1604,perf_20261002-152846_clu_rasp14_pi4gb_r1,1,367,1790954930364,0,1790956038548.912,1025.527,11.083,1790956039586.574,Normal,0.9417
rasp1,34773,20261002-152846_clu_rasp14_pi4gb_r1,1612,perf_20261002-152846_clu_rasp14_pi4gb_r1,1,368,1790954930365,0,1790956039588.537,727.325,10.481,1790956040327.421,Normal,0.9608
rasp1,34773,20261002-152846_clu_rasp14_pi4gb_r1,1616,perf_20261002-152846_clu_rasp14_pi4gb_r1,1,369,1790954930366,0,1790956040328.905,955.636,10.407,1790956041296.072,Normal,0.9701
rasp1,34773,20261002-152846_clu_rasp14_pi4gb_r1,1622,perf_20261002-152846_clu_rasp14_pi4gb_r1,1,370,1790954930367,0,1790956041298.847,734.147,12.119,1790956042046.134,Normal,0.9167
rasp1,34773,20261002-152846_clu_rasp14_pi4gb_r1,1629,perf_20261002-152846_clu_rasp14_pi4gb_r1,1,371,1790954930369,0,1790956042048.532,643.325,8.183,1790956042700.652,Normal,0.9187
rasp1,34773,20261002-152846_clu_rasp14_pi4gb_r1,1633,perf_20261002-152846_clu_rasp14_pi4gb_r1,1,372,1790954930369,0,1790956042702.038,618.248,10.271,1790956043331.355,Normal,0.8935
rasp1,34773,20261002-152846_clu_rasp14_pi4gb_r1,1638,perf_20261002-152846_clu_rasp14_pi4gb_r1,1,373,1790954930370,0,1790956043333.439,1398.939,12.901,1790956044746.148,Normal,0.9443
rasp1,34773,20261002-152846_clu_rasp14_pi4gb_r1,1640,perf_20261002-152846_clu_rasp14_pi4gb_r1,1,374,1790954930371,0,1790956044748.866,1072.674,9.823,1790956045832.379,Normal,0.9473
rasp1,34773,20261002-152846_clu_rasp14_pi4gb_r1,1642,perf_20261002-152846_clu_rasp14_pi4gb_r1,1,375,1790954930371,0,1790956045833.861,654.388,10.65,1790956046499.559,Normal,0.9551
rasp1,34773,20261002-152846_clu_rasp14_pi4gb_r1,1645,perf_20261002-152846_clu_rasp14_pi4gb_r1,1,376,1790954930371,0,1790956046501.301,807.007,18.43,1790956047327.415,Normal,0.8036
rasp1,34773,20261002-152846_clu_rasp14_pi4gb_r1,1649,perf_20261002-152846_clu_rasp14_pi4gb_r1,1,377,1790954930372,0,1790956047328.775,1141.748,11.344,1790956048482.425,Normal,0.9297
rasp1,34773,20261002-152846_clu_rasp14_pi4gb_r1,1653,perf_20261002-152846_clu_rasp14_pi4gb_r1,1,378,1790954930374,0,1790956048487.544,657.395,13.094,1790956049158.9,Normal,0.944
rasp1,34773,20261002-152846_clu_rasp14_pi4gb_r1,1658,perf_20261002-152846_clu_rasp14_pi4gb_r1,1,379,1790954930374,0,1790956049166.513,654.372,9.447,1790956049831.067,Normal,0.9423
rasp1,34773,20261002-152846_clu_rasp14_pi4gb_r1,1663,perf_20261002-152846_clu_rasp14_pi4gb_r1,1,380,1790954930374,0,1790956049832.663,766.589,20.149,1790956050620.235,Normal,0.9423
rasp1,34773,20261002-152846_clu_rasp14_pi4gb_r1,1669,perf_20261002-152846_clu_rasp14_pi4gb_r1,1,381,1790954930375,0,1790956050625.612,898.467,20.966,1790956051546.329,Normal,0.9423
rasp1,34773,20261002-152846_clu_rasp14_pi4gb_r1,1670,perf_20261002-152846_clu_rasp14_pi4gb_r1,1,382,1790954930375,0,1790956051548.353,1147.175,10.306,1790956052706.812,Normal,0.9365
rasp1,34773,20261002-152846_clu_rasp14_pi4gb_r1,1673,perf_20261002-152846_clu_rasp14_pi4gb_r1,1,383,1790954930375,0,1790956052709.402,684.216,8.988,1790956053403.326,Normal,0.8492
rasp1,34773,20261002-152846_clu_rasp14_pi4gb_r1,1679,perf_20261002-152846_clu_rasp14_pi4gb_r1,1,384,1790954930376,0,1790956053409.31,712.204,14.782,1790956054137.472,Normal,0.9498
rasp1,34773,20261002-152846_clu_rasp14_pi4gb_r1,1681,perf_20261002-152846_clu_rasp14_pi4gb_r1,1,385,1790954930376,0,1790956054140.556,833.954,8.884,1790956054984.236,Normal,0.974
rasp1,34773,20261002-152846_clu_rasp14_pi4gb_r1,1685,perf_20261002-152846_clu_rasp14_pi4gb_r1,1,386,1790954930376,0,1790956054986.021,819.725,12.88,1790956055819.29,Normal,0.9725
rasp1,34773,20261002-152846_clu_rasp14_pi4gb_r1,1689,perf_20261002-152846_clu_rasp14_pi4gb_r1,1,387,1790954930377,0,1790956055820.928,816.932,8.401,1790956056646.974,Normal,0.9458
rasp1,34773,20261002-152846_clu_rasp14_pi4gb_r1,1690,perf_20261002-152846_clu_rasp14_pi4gb_r1,1,388,1790954930377,0,1790956056648.263,583.648,9.679,1790956057242.198,Normal,0.8625
rasp1,34773,20261002-152846_clu_rasp14_pi4gb_r1,1695,perf_20261002-152846_clu_rasp14_pi4gb_r1,1,389,1790954930377,0,1790956057243.636,558.685,9.709,1790956057812.778,Normal,0.9208
rasp1,34773,20261002-152846_clu_rasp14_pi4gb_r1,1707,perf_20261002-152846_clu_rasp14_pi4gb_r1,1,390,1790954930378,0,1790956057814.263,648.879,10.2,1790956058480.126,Normal,0.9304
rasp1,34773,20261002-152846_clu_rasp14_pi4gb_r1,1710,perf_20261002-152846_clu_rasp14_pi4gb_r1,1,391,1790954930378,0,1790956058481.783,1787.409,8.077,1790956060277.97,Normal,0.9713
rasp1,34773,20261002-152846_clu_rasp14_pi4gb_r1,1711,perf_20261002-152846_clu_rasp14_pi4gb_r1,1,392,1790954930378,0,1790956060279.282,929.216,10.104,1790956061219.44,Normal,0.9355
rasp1,34773,20261002-152846_clu_rasp14_pi4gb_r1,1712,perf_20261002-152846_clu_rasp14_pi4gb_r1,1,393,1790954930378,0,1790956061221.01,2875.845,16.866,1790956064114.439,Normal,0.9358
rasp1,34773,20261002-152846_clu_rasp14_pi4gb_r1,1720,perf_20261002-152846_clu_rasp14_pi4gb_r1,1,394,1790954930380,0,1790956064116.025,719.528,20.919,1790956064857.115,Normal,0.8477
rasp1,34773,20261002-152846_clu_rasp14_pi4gb_r1,1721,perf_20261002-152846_clu_rasp14_pi4gb_r1,1,395,1790954930380,0,1790956064858.366,1167.132,8.409,1790956066034.641,Normal,0.9742
rasp1,34773,20261002-152846_clu_rasp14_pi4gb_r1,1726,perf_20261002-152846_clu_rasp14_pi4gb_r1,1,396,1790954930381,0,1790956066036.173,1102.985,9.777,1790956067149.765,Normal,0.9717
rasp1,34773,20261002-152846_clu_rasp14_pi4gb_r1,1728,perf_20261002-152846_clu_rasp14_pi4gb_r1,1,397,1790954930381,0,1790956067151.516,617.733,9.74,1790956067779.903,Normal,0.9444
rasp1,34773,20261002-152846_clu_rasp14_pi4gb_r1,1729,perf_20261002-152846_clu_rasp14_pi4gb_r1,1,398,1790954930381,0,1790956067781.837,775.379,8.291,1790956068566.236,Normal,0.8198
rasp1,34773,20261002-152846_clu_rasp14_pi4gb_r1,1730,perf_20261002-152846_clu_rasp14_pi4gb_r1,1,399,1790954930381,0,1790956068567.813,1147.681,9.97,1790956069726.354,Normal,0.9667
rasp1,34773,20261002-152846_clu_rasp14_pi4gb_r1,1738,perf_20261002-152846_clu_rasp14_pi4gb_r1,1,400,1790954930382,0,1790956069728.271,788.858,9.35,1790956070527.255,Normal,0.9636
rasp1,34773,20261002-152846_clu_rasp14_pi4gb_r1,1739,perf_20261002-152846_clu_rasp14_pi4gb_r1,1,401,1790954930382,0,1790956070529.227,538.61,8.854,1790956071077.378,Normal,0.9346
rasp1,34773,20261002-152846_clu_rasp14_pi4gb_r1,1751,perf_20261002-152846_clu_rasp14_pi4gb_r1,1,402,1790954930383,0,1790956071078.839,542.956,8.77,1790956071631.211,Normal,0.9516
rasp1,34773,20261002-152846_clu_rasp14_pi4gb_r1,1752,perf_20261002-152846_clu_rasp14_pi4gb_r1,1,403,1790954930383,0,1790956071632.522,1053.97,10.827,1790956072698.394,Normal,0.5147
rasp1,34773,20261002-152846_clu_rasp14_pi4gb_r1,1766,perf_20261002-152846_clu_rasp14_pi4gb_r1,1,404,1790954930384,0,1790956072700.57,641.662,9.207,1790956073352.145,Normal,0.9452
rasp1,34773,20261002-152846_clu_rasp14_pi4gb_r1,1767,perf_20261002-152846_clu_rasp14_pi4gb_r1,1,405,1790954930384,0,1790956073353.838,708.331,9.256,1790956074072.137,Normal,0.6332
rasp1,34773,20261002-152846_clu_rasp14_pi4gb_r1,1774,perf_20261002-152846_clu_rasp14_pi4gb_r1,1,406,1790954930385,0,1790956074073.554,717.79,9.584,1790956074801.831,Normal,0.9428
rasp1,34773,20261002-152846_clu_rasp14_pi4gb_r1,1775,perf_20261002-152846_clu_rasp14_pi4gb_r1,1,407,1790954930385,0,1790956074803.336,751.413,9.077,1790956075564.488,Normal,0.925
rasp1,34773,20261002-152846_clu_rasp14_pi4gb_r1,1776,perf_20261002-152846_clu_rasp14_pi4gb_r1,1,408,1790954930390,0,1790956075567.144,611.741,10.748,1790956076190.449,Normal,0.9584
rasp1,34773,20261002-152846_clu_rasp14_pi4gb_r1,1783,perf_20261002-152846_clu_rasp14_pi4gb_r1,1,409,1790954930390,0,1790956076193.117,814.286,10.14,1790956077018.502,Normal,0.9771
rasp1,34773,20261002-152846_clu_rasp14_pi4gb_r1,1785,perf_20261002-152846_clu_rasp14_pi4gb_r1,1,410,1790954930391,0,1790956077031.897,2568.976,15.869,1790956079618.065,Normal,0.954
rasp1,34773,20261002-152846_clu_rasp14_pi4gb_r1,1787,perf_20261002-152846_clu_rasp14_pi4gb_r1,1,411,1790954930391,0,1790956079625.497,763.697,14.838,1790956080405.541,Normal,0.9511
rasp1,34773,20261002-152846_clu_rasp14_pi4gb_r1,1790,perf_20261002-152846_clu_rasp14_pi4gb_r1,1,412,1790954930391,0,1790956080407.309,737.518,9.795,1790956081155.281,Normal,0.8405
rasp1,34773,20261002-152846_clu_rasp14_pi4gb_r1,1792,perf_20261002-152846_clu_rasp14_pi4gb_r1,1,413,1790954930391,0,1790956081156.809,602.222,9.564,1790956081769.262,Normal,0.9523
rasp1,34773,20261002-152846_clu_rasp14_pi4gb_r1,1795,perf_20261002-152846_clu_rasp14_pi4gb_r1,1,414,1790954930391,0,1790956081770.771,651.567,9.258,1790956082432.352,Normal,0.9309
rasp1,34773,20261002-152846_clu_rasp14_pi4gb_r1,1797,perf_20261002-152846_clu_rasp14_pi4gb_r1,1,415,1790954930392,0,1790956082433.82,616.726,10.252,1790956083061.559,Normal,0.8218
rasp1,34773,20261002-152846_clu_rasp14_pi4gb_r1,1798,perf_20261002-152846_clu_rasp14_pi4gb_r1,1,416,1790954930392,0,1790956083064.181,731.804,11.005,1790956083807.949,Normal,0.915
rasp1,34773,20261002-152846_clu_rasp14_pi4gb_r1,1809,perf_20261002-152846_clu_rasp14_pi4gb_r1,1,417,1790954930393,0,1790956083809.977,624.618,11.262,1790956084451.973,Normal,0.9283
rasp1,34773,20261002-152846_clu_rasp14_pi4gb_r1,1810,perf_20261002-152846_clu_rasp14_pi4gb_r1,1,418,1790954930393,0,1790956084453.37,566.41,8.452,1790956085029.156,Normal,0.9481
rasp1,34773,20261002-152846_clu_rasp14_pi4gb_r1,1811,perf_20261002-152846_clu_rasp14_pi4gb_r1,1,419,1790954930393,0,1790956085030.95,1079.53,13.722,1790956086125.029,Normal,0.9398
rasp1,34773,20261002-152846_clu_rasp14_pi4gb_r1,1816,perf_20261002-152846_clu_rasp14_pi4gb_r1,1,420,1790954930393,0,1790956086127.609,641.67,8.869,1790956086778.917,Normal,0.9475
rasp1,34773,20261002-152846_clu_rasp14_pi4gb_r1,1821,perf_20261002-152846_clu_rasp14_pi4gb_r1,1,421,1790954930393,0,1790956086780.532,1071.473,15.243,1790956087869.402,Normal,0.9398
rasp1,34773,20261002-152846_clu_rasp14_pi4gb_r1,1823,perf_20261002-152846_clu_rasp14_pi4gb_r1,1,422,1790954930394,0,1790956087872.512,6874.802,9.786,1790956094757.951,Normal,0.9785
rasp1,34773,20261002-152846_clu_rasp14_pi4gb_r1,1829,perf_20261002-152846_clu_rasp14_pi4gb_r1,1,423,1790954930394,0,1790956094759.619,796.82,10.519,1790956095567.84,Normal,0.9239
rasp1,34773,20261002-152846_clu_rasp14_pi4gb_r1,1835,perf_20261002-152846_clu_rasp14_pi4gb_r1,1,424,1790954930395,0,1790956095569.533,630.577,10.227,1790956096211.193,Normal,0.9624
rasp1,34773,20261002-152846_clu_rasp14_pi4gb_r1,1836,perf_20261002-152846_clu_rasp14_pi4gb_r1,1,425,1790954930403,0,1790956096212.995,1278.203,9.803,1790956097501.829,Normal,0.9419
rasp1,34773,20261002-152846_clu_rasp14_pi4gb_r1,1837,perf_20261002-152846_clu_rasp14_pi4gb_r1,1,426,1790954930403,0,1790956097503.53,1067.509,10.643,1790956098582.537,Normal,0.8966
rasp1,34773,20261002-152846_clu_rasp14_pi4gb_r1,1841,perf_20261002-152846_clu_rasp14_pi4gb_r1,1,427,1790954930414,0,1790956098584.628,909.893,9.724,1790956099505.248,Normal,0.9281
rasp1,34773,20261002-152846_clu_rasp14_pi4gb_r1,1845,perf_20261002-152846_clu_rasp14_pi4gb_r1,1,428,1790954930414,0,1790956099507.187,886.768,10.092,1790956100410.148,Normal,0.9464
rasp1,34773,20261002-152846_clu_rasp14_pi4gb_r1,1847,perf_20261002-152846_clu_rasp14_pi4gb_r1,1,429,1790954930415,0,1790956100412.018,1118.962,11.559,1790956101543.614,Normal,0.9679
rasp1,34773,20261002-152846_clu_rasp14_pi4gb_r1,1861,perf_20261002-152846_clu_rasp14_pi4gb_r1,1,430,1790954930427,0,1790956101545.554,617.663,9.258,1790956102173.838,Normal,0.9723
rasp1,34773,20261002-152846_clu_rasp14_pi4gb_r1,1867,perf_20261002-152846_clu_rasp14_pi4gb_r1,1,431,1790954930428,0,1790956102176.398,2064.594,10.321,1790956104252.474,Normal,0.9714
rasp1,34773,20261002-152846_clu_rasp14_pi4gb_r1,1875,perf_20261002-152846_clu_rasp14_pi4gb_r1,1,432,1790954930435,0,1790956104254.382,661.349,15.537,1790956104932.312,Normal,0.9434
rasp1,34773,20261002-152846_clu_rasp14_pi4gb_r1,1879,perf_20261002-152846_clu_rasp14_pi4gb_r1,1,433,1790954930449,0,1790956104937.094,1303.489,12.766,1790956106254.288,Normal,0.7785
rasp1,34773,20261002-152846_clu_rasp14_pi4gb_r1,1886,perf_20261002-152846_clu_rasp14_pi4gb_r1,1,434,1790954930451,0,1790956106261.849,935.707,10.796,1790956107209.21,Normal,0.9396
rasp1,34773,20261002-152846_clu_rasp14_pi4gb_r1,1887,perf_20261002-152846_clu_rasp14_pi4gb_r1,1,435,1790954930452,0,1790956107213.908,831.578,9.144,1790956108055.292,Normal,0.9361
rasp1,34773,20261002-152846_clu_rasp14_pi4gb_r1,1892,perf_20261002-152846_clu_rasp14_pi4gb_r1,1,436,1790954930452,0,1790956108059.236,1066.812,10.278,1790956109137.1,Normal,0.9608
rasp1,34773,20261002-152846_clu_rasp14_pi4gb_r1,1900,perf_20261002-152846_clu_rasp14_pi4gb_r1,1,437,1790954930454,0,1790956109139.119,1155.155,10.453,1790956110305.626,Normal,0.791
rasp1,34773,20261002-152846_clu_rasp14_pi4gb_r1,1908,perf_20261002-152846_clu_rasp14_pi4gb_r1,1,438,1790954930455,0,1790956110307.906,693.62,11.202,1790956111013.47,Normal,0.9594
rasp1,34773,20261002-152846_clu_rasp14_pi4gb_r1,1909,perf_20261002-152846_clu_rasp14_pi4gb_r1,1,439,1790954930456,0,1790956111016.043,774.762,9.677,1790956111801.269,Normal,0.9417
rasp1,34773,20261002-152846_clu_rasp14_pi4gb_r1,1912,perf_20261002-152846_clu_rasp14_pi4gb_r1,1,440,1790954930456,0,1790956111803.064,1087.821,8.974,1790956112900.442,Normal,0.8466
rasp1,34773,20261002-152846_clu_rasp14_pi4gb_r1,1913,perf_20261002-152846_clu_rasp14_pi4gb_r1,1,441,1790954930456,0,1790956112902.055,699.462,10.464,1790956113612.868,Normal,0.9584
rasp1,34773,20261002-152846_clu_rasp14_pi4gb_r1,1917,perf_20261002-152846_clu_rasp14_pi4gb_r1,1,442,1790954930457,0,1790956113614.47,706.939,11.023,1790956114333.293,OFFENSIVE,0.7955
rasp1,34773,20261002-152846_clu_rasp14_pi4gb_r1,1921,perf_20261002-152846_clu_rasp14_pi4gb_r1,1,443,1790954930458,0,1790956114335.645,577.705,11.645,1790956114925.918,Normal,0.9457
rasp1,34773,20261002-152846_clu_rasp14_pi4gb_r1,1923,perf_20261002-152846_clu_rasp14_pi4gb_r1,1,444,1790954930458,0,1790956114927.578,789.854,15.743,1790956115734.393,Normal,0.9315
rasp1,34773,20261002-152846_clu_rasp14_pi4gb_r1,1925,perf_20261002-152846_clu_rasp14_pi4gb_r1,1,445,1790954930459,0,1790956115737.341,716.959,10.047,1790956116465.263,Normal,0.9496
rasp1,34773,20261002-152846_clu_rasp14_pi4gb_r1,1928,perf_20261002-152846_clu_rasp14_pi4gb_r1,1,446,1790954930459,0,1790956116467.105,797.623,9.442,1790956117275.016,Normal,0.9558
rasp1,34773,20261002-152846_clu_rasp14_pi4gb_r1,1933,perf_20261002-152846_clu_rasp14_pi4gb_r1,1,447,1790954930460,0,1790956117276.627,693.685,11.968,1790956117983.232,HATE,0.3814
rasp1,34773,20261002-152846_clu_rasp14_pi4gb_r1,1950,perf_20261002-152846_clu_rasp14_pi4gb_r1,1,448,1790954930464,0,1790956117985.371,3814.968,13.719,1790956121815.03,Normal,0.9801
rasp1,34773,20261002-152846_clu_rasp14_pi4gb_r1,1959,perf_20261002-152846_clu_rasp14_pi4gb_r1,1,449,1790954930465,0,1790956121816.695,813.52,16.219,1790956122648.344,Normal,0.9409
rasp1,34773,20261002-152846_clu_rasp14_pi4gb_r1,1961,perf_20261002-152846_clu_rasp14_pi4gb_r1,1,450,1790954930466,0,1790956122650.336,629.803,10.123,1790956123291.065,Normal,0.9495
rasp1,34773,20261002-152846_clu_rasp14_pi4gb_r1,1962,perf_20261002-152846_clu_rasp14_pi4gb_r1,1,451,1790954930466,0,1790956123293.86,816.923,11.724,1790956124123.362,Normal,0.9046
rasp1,34773,20261002-152846_clu_rasp14_pi4gb_r1,1969,perf_20261002-152846_clu_rasp14_pi4gb_r1,1,452,1790954930467,0,1790956124125.549,2758.894,12.958,1790956126898.936,Normal,0.9713
rasp1,34773,20261002-152846_clu_rasp14_pi4gb_r1,1979,perf_20261002-152846_clu_rasp14_pi4gb_r1,1,453,1790954930469,0,1790956126901.275,691.303,10.738,1790956127604.304,Normal,0.4188
rasp1,34773,20261002-152846_clu_rasp14_pi4gb_r1,1981,perf_20261002-152846_clu_rasp14_pi4gb_r1,1,454,1790954930470,0,1790956127607.299,940.678,12.406,1790956128561.072,Normal,0.9342
rasp1,34773,20261002-152846_clu_rasp14_pi4gb_r1,1982,perf_20261002-152846_clu_rasp14_pi4gb_r1,1,455,1790954930470,0,1790956128563.211,771.537,10.156,1790956129346.196,Normal,0.8701
rasp1,34773,20261002-152846_clu_rasp14_pi4gb_r1,1984,perf_20261002-152846_clu_rasp14_pi4gb_r1,1,456,1790954930470,0,1790956129347.915,657.704,8.73,1790956130015.222,Normal,0.9427
rasp1,34773,20261002-152846_clu_rasp14_pi4gb_r1,1991,perf_20261002-152846_clu_rasp14_pi4gb_r1,1,457,1790954930471,0,1790956130016.801,581.341,9.941,1790956130608.773,Normal,0.8897
rasp1,34773,20261002-152846_clu_rasp14_pi4gb_r1,2004,perf_20261002-152846_clu_rasp14_pi4gb_r1,1,458,1790954930474,0,1790956130610.499,1070.848,10.668,1790956131692.856,Normal,0.973
rasp1,34773,20261002-152846_clu_rasp14_pi4gb_r1,2005,perf_20261002-152846_clu_rasp14_pi4gb_r1,1,459,1790954930474,0,1790956131694.2,974.956,12.123,1790956132682.275,Normal,0.9526
rasp1,34773,20261002-152846_clu_rasp14_pi4gb_r1,2006,perf_20261002-152846_clu_rasp14_pi4gb_r1,1,460,1790954930474,0,1790956132683.958,1189.128,12.453,1790956133886.264,Normal,0.9731
rasp1,34773,20261002-152846_clu_rasp14_pi4gb_r1,2013,perf_20261002-152846_clu_rasp14_pi4gb_r1,1,461,1790954930474,0,1790956133894.167,1087.737,18.203,1790956135001.207,Normal,0.9629
rasp1,34773,20261002-152846_clu_rasp14_pi4gb_r1,2015,perf_20261002-152846_clu_rasp14_pi4gb_r1,1,462,1790954930474,0,1790956135006.607,842.455,9.257,1790956135859.095,Normal,0.9425
rasp1,34773,20261002-152846_clu_rasp14_pi4gb_r1,2017,perf_20261002-152846_clu_rasp14_pi4gb_r1,1,463,1790954930475,0,1790956135866.018,809.534,9.927,1790956136686.237,Normal,0.9022
rasp1,34773,20261002-152846_clu_rasp14_pi4gb_r1,2022,perf_20261002-152846_clu_rasp14_pi4gb_r1,1,464,1790954930475,0,1790956136687.681,753.242,9.292,1790956137451.172,Normal,0.9211
rasp1,34773,20261002-152846_clu_rasp14_pi4gb_r1,2027,perf_20261002-152846_clu_rasp14_pi4gb_r1,1,465,1790954930475,0,1790956137453.01,977.515,10.515,1790956138441.675,Normal,0.9604
rasp1,34773,20261002-152846_clu_rasp14_pi4gb_r1,2034,perf_20261002-152846_clu_rasp14_pi4gb_r1,1,466,1790954930476,0,1790956138443.845,683.955,16.183,1790956139145.537,Normal,0.9414
rasp1,34773,20261002-152846_clu_rasp14_pi4gb_r1,2039,perf_20261002-152846_clu_rasp14_pi4gb_r1,1,467,1790954930476,0,1790956139148.381,977.456,14.572,1790956140141.637,Normal,0.9615
rasp1,34773,20261002-152846_clu_rasp14_pi4gb_r1,2044,perf_20261002-152846_clu_rasp14_pi4gb_r1,1,468,1790954930477,0,1790956140144.29,580.742,9.742,1790956140735.543,Normal,0.9375
rasp1,34773,20261002-152846_clu_rasp14_pi4gb_r1,2048,perf_20261002-152846_clu_rasp14_pi4gb_r1,1,469,1790954930477,0,1790956140738.082,1536.975,9.541,1790956142285.241,Normal,0.9472
rasp1,34773,20261002-152846_clu_rasp14_pi4gb_r1,2052,perf_20261002-152846_clu_rasp14_pi4gb_r1,1,470,1790954930478,0,1790956142287.004,1216.381,9.557,1790956143513.63,Normal,0.5847
rasp1,34773,20261002-152846_clu_rasp14_pi4gb_r1,2053,perf_20261002-152846_clu_rasp14_pi4gb_r1,1,471,1790954930478,0,1790956143515.044,914.73,10.806,1790956144441.434,Normal,0.9054
rasp1,34773,20261002-152846_clu_rasp14_pi4gb_r1,2059,perf_20261002-152846_clu_rasp14_pi4gb_r1,1,472,1790954930479,0,1790956144443.247,1012.747,8.937,1790956145465.568,Normal,0.9691
rasp1,34773,20261002-152846_clu_rasp14_pi4gb_r1,2063,perf_20261002-152846_clu_rasp14_pi4gb_r1,1,473,1790954930480,0,1790956145467.015,2460.498,13.913,1790956147942.045,Normal,0.9751
rasp1,34773,20261002-152846_clu_rasp14_pi4gb_r1,2082,perf_20261002-152846_clu_rasp14_pi4gb_r1,1,474,1790954930482,0,1790956147943.817,1105.71,16.656,1790956149066.942,Normal,0.9265
rasp1,34773,20261002-152846_clu_rasp14_pi4gb_r1,2086,perf_20261002-152846_clu_rasp14_pi4gb_r1,1,475,1790954930482,0,1790956149068.397,813.988,12.775,1790956149895.82,Normal,0.4444
rasp1,34773,20261002-152846_clu_rasp14_pi4gb_r1,2094,perf_20261002-152846_clu_rasp14_pi4gb_r1,1,476,1790954930482,0,1790956149897.327,731.868,16.783,1790956150647.285,Normal,0.9105
rasp1,34773,20261002-152846_clu_rasp14_pi4gb_r1,2100,perf_20261002-152846_clu_rasp14_pi4gb_r1,1,477,1790954930483,0,1790956150652.057,956.422,10.039,1790956151619.29,Normal,0.8438
rasp1,34773,20261002-152846_clu_rasp14_pi4gb_r1,2106,perf_20261002-152846_clu_rasp14_pi4gb_r1,1,478,1790954930483,0,1790956151620.807,791.086,9.84,1790956152422.338,Normal,0.9701
rasp1,34773,20261002-152846_clu_rasp14_pi4gb_r1,2114,perf_20261002-152846_clu_rasp14_pi4gb_r1,1,479,1790954930484,0,1790956152424.198,1536.169,10.224,1790956153971.295,Normal,0.9653
rasp1,34773,20261002-152846_clu_rasp14_pi4gb_r1,2118,perf_20261002-152846_clu_rasp14_pi4gb_r1,1,480,1790954930490,0,1790956153972.955,594.064,10.107,1790956154577.808,Normal,0.9547
rasp1,34773,20261002-152846_clu_rasp14_pi4gb_r1,2119,perf_20261002-152846_clu_rasp14_pi4gb_r1,1,481,1790954930490,0,1790956154579.515,654.468,10.0,1790956155244.988,Normal,0.9444
rasp1,34773,20261002-152846_clu_rasp14_pi4gb_r1,2121,perf_20261002-152846_clu_rasp14_pi4gb_r1,1,482,1790954930490,0,1790956155246.836,1972.12,12.282,1790956157232.332,Normal,0.9607
rasp1,34773,20261002-152846_clu_rasp14_pi4gb_r1,2123,perf_20261002-152846_clu_rasp14_pi4gb_r1,1,483,1790954930490,0,1790956157234.559,722.507,11.444,1790956157969.607,Normal,0.9351
rasp1,34773,20261002-152846_clu_rasp14_pi4gb_r1,2127,perf_20261002-152846_clu_rasp14_pi4gb_r1,1,484,1790954930490,0,1790956157971.592,701.587,10.564,1790956158684.816,Normal,0.9578
rasp1,34773,20261002-152846_clu_rasp14_pi4gb_r1,2130,perf_20261002-152846_clu_rasp14_pi4gb_r1,1,485,1790954930491,0,1790956158686.274,1604.576,13.265,1790956160305.092,Normal,0.968
rasp1,34773,20261002-152846_clu_rasp14_pi4gb_r1,2137,perf_20261002-152846_clu_rasp14_pi4gb_r1,1,486,1790954930491,0,1790956160306.866,1234.602,12.483,1790956161554.853,OFFENSIVE,0.9296
rasp1,34773,20261002-152846_clu_rasp14_pi4gb_r1,2138,perf_20261002-152846_clu_rasp14_pi4gb_r1,1,487,1790954930491,0,1790956161557.094,644.91,16.318,1790956162219.243,Normal,0.9589
rasp1,34773,20261002-152846_clu_rasp14_pi4gb_r1,2140,perf_20261002-152846_clu_rasp14_pi4gb_r1,1,488,1790954930491,0,1790956162220.895,645.164,11.187,1790956162877.822,Normal,0.9198
rasp1,34773,20261002-152846_clu_rasp14_pi4gb_r1,2143,perf_20261002-152846_clu_rasp14_pi4gb_r1,1,489,1790954930492,0,1790956162882.278,3150.275,10.258,1790956166044.132,Normal,0.9684
rasp1,34773,20261002-152846_clu_rasp14_pi4gb_r1,2152,perf_20261002-152846_clu_rasp14_pi4gb_r1,1,490,1790954930492,0,1790956166045.645,2155.53,11.177,1790956168213.081,Normal,0.9555
rasp1,34773,20261002-152846_clu_rasp14_pi4gb_r1,2154,perf_20261002-152846_clu_rasp14_pi4gb_r1,1,491,1790954930492,0,1790956168215.18,739.975,11.75,1790956168968.332,Normal,0.9348
rasp1,34773,20261002-152846_clu_rasp14_pi4gb_r1,2158,perf_20261002-152846_clu_rasp14_pi4gb_r1,1,492,1790954930493,0,1790956168970.588,2713.353,9.673,1790956171694.472,Normal,0.9763
rasp1,34773,20261002-152846_clu_rasp14_pi4gb_r1,2163,perf_20261002-152846_clu_rasp14_pi4gb_r1,1,493,1790954930493,0,1790956171695.942,686.995,8.901,1790956172392.603,Normal,0.9681
rasp1,34773,20261002-152846_clu_rasp14_pi4gb_r1,2164,perf_20261002-152846_clu_rasp14_pi4gb_r1,1,494,1790954930493,0,1790956172395.115,666.355,9.866,1790956173072.178,Normal,0.9435
rasp1,34773,20261002-152846_clu_rasp14_pi4gb_r1,2176,perf_20261002-152846_clu_rasp14_pi4gb_r1,1,495,1790954930494,0,1790956173075.204,715.1,8.381,1790956173799.482,Normal,0.9391
rasp1,34773,20261002-152846_clu_rasp14_pi4gb_r1,2181,perf_20261002-152846_clu_rasp14_pi4gb_r1,1,496,1790954930498,0,1790956173801.078,585.358,10.525,1790956174397.65,Normal,0.6937
rasp1,34773,20261002-152846_clu_rasp14_pi4gb_r1,2184,perf_20261002-152846_clu_rasp14_pi4gb_r1,1,497,1790954930498,0,1790956174399.334,791.97,13.856,1790956175206.407,Normal,0.9269
rasp1,34773,20261002-152846_clu_rasp14_pi4gb_r1,2187,perf_20261002-152846_clu_rasp14_pi4gb_r1,1,498,1790954930498,0,1790956175209.122,1090.078,17.154,1790956176317.064,Normal,0.9045
rasp1,34773,20261002-152846_clu_rasp14_pi4gb_r1,2188,perf_20261002-152846_clu_rasp14_pi4gb_r1,1,499,1790954930498,0,1790956176322.015,1691.597,13.811,1790956178028.695,Normal,0.9643
rasp1,34773,20261002-152846_clu_rasp14_pi4gb_r1,1,perf_20261002-152846_clu_rasp14_pi4gb_r1,3,0,1790954929877,0,1790956181779.111,799.225,9.163,1790956182588.173,Normal,0.9452
rasp1,34773,20261002-152846_clu_rasp14_pi4gb_r1,3,perf_20261002-152846_clu_rasp14_pi4gb_r1,3,1,1790954929878,0,1790956182589.586,733.402,8.754,1790956183332.638,Normal,0.9685
rasp1,34773,20261002-152846_clu_rasp14_pi4gb_r1,7,perf_20261002-152846_clu_rasp14_pi4gb_r1,3,2,1790954929879,0,1790956183334.569,1279.794,9.216,1790956184624.597,Normal,0.9439
rasp1,34773,20261002-152846_clu_rasp14_pi4gb_r1,8,perf_20261002-152846_clu_rasp14_pi4gb_r1,3,3,1790954929879,0,1790956184625.797,602.022,10.185,1790956185238.841,Normal,0.8636
rasp1,34773,20261002-152846_clu_rasp14_pi4gb_r1,9,perf_20261002-152846_clu_rasp14_pi4gb_r1,3,4,1790954929879,0,1790956185240.24,803.744,9.411,1790956186054.316,Normal,0.9297
rasp1,34773,20261002-152846_clu_rasp14_pi4gb_r1,13,perf_20261002-152846_clu_rasp14_pi4gb_r1,3,5,1790954929880,0,1790956186055.802,3186.701,14.685,1790956189258.056,Normal,0.9557
rasp1,34773,20261002-152846_clu_rasp14_pi4gb_r1,14,perf_20261002-152846_clu_rasp14_pi4gb_r1,3,6,1790954929880,0,1790956189260.545,1048.308,13.089,1790956190322.542,Normal,0.9029
rasp1,34773,20261002-152846_clu_rasp14_pi4gb_r1,19,perf_20261002-152846_clu_rasp14_pi4gb_r1,3,7,1790954929881,0,1790956190330.404,2178.329,9.682,1790956192519.095,Normal,0.9675
rasp1,34773,20261002-152846_clu_rasp14_pi4gb_r1,22,perf_20261002-152846_clu_rasp14_pi4gb_r1,3,8,1790954929881,0,1790956192520.391,5371.213,9.949,1790956197902.356,Normal,0.9286
rasp1,34773,20261002-152846_clu_rasp14_pi4gb_r1,28,perf_20261002-152846_clu_rasp14_pi4gb_r1,3,9,1790954929883,0,1790956197903.833,587.658,10.134,1790956198507.991,Normal,0.9447
rasp1,34773,20261002-152846_clu_rasp14_pi4gb_r1,30,perf_20261002-152846_clu_rasp14_pi4gb_r1,3,10,1790954929883,0,1790956198509.384,637.638,18.811,1790956199166.969,Normal,0.9605
rasp1,34773,20261002-152846_clu_rasp14_pi4gb_r1,31,perf_20261002-152846_clu_rasp14_pi4gb_r1,3,11,1790954929883,0,1790956199169.182,3263.85,11.558,1790956202445.474,HATE,0.5241
rasp1,34773,20261002-152846_clu_rasp14_pi4gb_r1,32,perf_20261002-152846_clu_rasp14_pi4gb_r1,3,12,1790954929884,0,1790956202448.514,851.752,19.405,1790956203320.328,Normal,0.9683
rasp1,34773,20261002-152846_clu_rasp14_pi4gb_r1,33,perf_20261002-152846_clu_rasp14_pi4gb_r1,3,13,1790954929884,0,1790956203325.821,1985.106,8.712,1790956205320.37,Normal,0.9351
rasp1,34773,20261002-152846_clu_rasp14_pi4gb_r1,35,perf_20261002-152846_clu_rasp14_pi4gb_r1,3,14,1790954929884,0,1790956205321.939,1370.365,8.452,1790956206701.411,Normal,0.9791
rasp1,34773,20261002-152846_clu_rasp14_pi4gb_r1,39,perf_20261002-152846_clu_rasp14_pi4gb_r1,3,15,1790954929885,0,1790956206702.504,397.881,7.448,1790956207108.402,Normal,0.9641
rasp1,34773,20261002-152846_clu_rasp14_pi4gb_r1,44,perf_20261002-152846_clu_rasp14_pi4gb_r1,3,16,1790954929886,0,1790956207109.506,360.528,8.386,1790956207478.92,Normal,0.8797
rasp1,34773,20261002-152846_clu_rasp14_pi4gb_r1,50,perf_20261002-152846_clu_rasp14_pi4gb_r1,3,17,1790954929887,0,1790956207480.057,1168.669,9.269,1790956208658.544,Normal,0.9754
rasp1,34773,20261002-152846_clu_rasp14_pi4gb_r1,53,perf_20261002-152846_clu_rasp14_pi4gb_r1,3,18,1790954929887,0,1790956208659.639,809.956,8.94,1790956209479.113,Normal,0.9739
rasp1,34773,20261002-152846_clu_rasp14_pi4gb_r1,60,perf_20261002-152846_clu_rasp14_pi4gb_r1,3,19,1790954929889,0,1790956209480.192,415.887,7.935,1790956209904.545,Normal,0.5606
rasp1,34773,20261002-152846_clu_rasp14_pi4gb_r1,64,perf_20261002-152846_clu_rasp14_pi4gb_r1,3,20,1790954929889,0,1790956209905.629,522.262,8.527,1790956210436.921,Normal,0.9683
rasp1,34773,20261002-152846_clu_rasp14_pi4gb_r1,66,perf_20261002-152846_clu_rasp14_pi4gb_r1,3,21,1790954929890,0,1790956210438.015,530.21,8.674,1790956210977.466,Normal,0.9297
rasp1,34773,20261002-152846_clu_rasp14_pi4gb_r1,70,perf_20261002-152846_clu_rasp14_pi4gb_r1,3,22,1790954929890,0,1790956210978.67,407.099,8.132,1790956211394.417,Normal,0.9656
rasp1,34773,20261002-152846_clu_rasp14_pi4gb_r1,71,perf_20261002-152846_clu_rasp14_pi4gb_r1,3,23,1790954929891,0,1790956211395.515,575.672,8.158,1790956211979.856,Normal,0.9162
rasp1,34773,20261002-152846_clu_rasp14_pi4gb_r1,79,perf_20261002-152846_clu_rasp14_pi4gb_r1,3,24,1790954929892,0,1790956211980.937,517.162,9.134,1790956212507.929,Normal,0.9619
rasp1,34773,20261002-152846_clu_rasp14_pi4gb_r1,80,perf_20261002-152846_clu_rasp14_pi4gb_r1,3,25,1790954929892,0,1790956212509.034,797.941,7.909,1790956213315.366,Normal,0.4294
rasp1,34773,20261002-152846_clu_rasp14_pi4gb_r1,87,perf_20261002-152846_clu_rasp14_pi4gb_r1,3,26,1790954929893,0,1790956213316.461,613.811,8.087,1790956213938.92,Normal,0.9689
rasp1,34773,20261002-152846_clu_rasp14_pi4gb_r1,88,perf_20261002-152846_clu_rasp14_pi4gb_r1,3,27,1790954929893,0,1790956213939.88,1097.229,8.536,1790956215046.154,OFFENSIVE,0.9318
rasp1,34773,20261002-152846_clu_rasp14_pi4gb_r1,90,perf_20261002-152846_clu_rasp14_pi4gb_r1,3,28,1790954929894,0,1790956215047.143,339.987,8.39,1790956215395.994,Normal,0.9375
rasp1,34773,20261002-152846_clu_rasp14_pi4gb_r1,92,perf_20261002-152846_clu_rasp14_pi4gb_r1,3,29,1790954929894,0,1790956215396.998,390.157,7.669,1790956215795.289,Normal,0.9115
rasp1,34773,20261002-152846_clu_rasp14_pi4gb_r1,96,perf_20261002-152846_clu_rasp14_pi4gb_r1,3,30,1790954929894,0,1790956215796.243,490.701,8.123,1790956216295.535,OFFENSIVE,0.8992
rasp1,34773,20261002-152846_clu_rasp14_pi4gb_r1,99,perf_20261002-152846_clu_rasp14_pi4gb_r1,3,31,1790954929894,0,1790956216296.49,461.015,8.35,1790956216766.39,Normal,0.909
rasp1,34773,20261002-152846_clu_rasp14_pi4gb_r1,104,perf_20261002-152846_clu_rasp14_pi4gb_r1,3,32,1790954929895,0,1790956216767.422,504.669,8.384,1790956217280.949,OFFENSIVE,0.3516
rasp1,34773,20261002-152846_clu_rasp14_pi4gb_r1,105,perf_20261002-152846_clu_rasp14_pi4gb_r1,3,33,1790954929895,0,1790956217281.957,716.503,8.197,1790956218007.196,Normal,0.9736
rasp1,34773,20261002-152846_clu_rasp14_pi4gb_r1,108,perf_20261002-152846_clu_rasp14_pi4gb_r1,3,34,1790954929895,0,1790956218008.312,462.703,7.782,1790956218479.284,Normal,0.9137
rasp1,34773,20261002-152846_clu_rasp14_pi4gb_r1,112,perf_20261002-152846_clu_rasp14_pi4gb_r1,3,35,1790954929895,0,1790956218480.361,398.829,7.006,1790956218886.675,Normal,0.8386
rasp1,34773,20261002-152846_clu_rasp14_pi4gb_r1,119,perf_20261002-152846_clu_rasp14_pi4gb_r1,3,36,1790954929896,0,1790956218887.759,376.216,8.009,1790956219272.467,Normal,0.9569
rasp1,34773,20261002-152846_clu_rasp14_pi4gb_r1,126,perf_20261002-152846_clu_rasp14_pi4gb_r1,3,37,1790954929896,0,1790956219273.414,461.788,7.817,1790956219743.499,Normal,0.8098
rasp1,34773,20261002-152846_clu_rasp14_pi4gb_r1,133,perf_20261002-152846_clu_rasp14_pi4gb_r1,3,38,1790954929897,0,1790956219744.5,673.959,8.105,1790956220427.101,Normal,0.797
rasp1,34773,20261002-152846_clu_rasp14_pi4gb_r1,142,perf_20261002-152846_clu_rasp14_pi4gb_r1,3,39,1790954929898,0,1790956220428.067,529.453,9.32,1790956220967.361,Normal,0.9526
rasp1,34773,20261002-152846_clu_rasp14_pi4gb_r1,157,perf_20261002-152846_clu_rasp14_pi4gb_r1,3,40,1790954929926,0,1790956220968.367,1185.002,8.723,1790956222162.647,Normal,0.9679
rasp1,34773,20261002-152846_clu_rasp14_pi4gb_r1,159,perf_20261002-152846_clu_rasp14_pi4gb_r1,3,41,1790954929936,0,1790956222163.635,647.102,7.493,1790956222818.744,Normal,0.8903
rasp1,34773,20261002-152846_clu_rasp14_pi4gb_r1,160,perf_20261002-152846_clu_rasp14_pi4gb_r1,3,42,1790954929937,0,1790956222819.687,560.041,7.423,1790956223387.691,Normal,0.6424
rasp1,34773,20261002-152846_clu_rasp14_pi4gb_r1,166,perf_20261002-152846_clu_rasp14_pi4gb_r1,3,43,1790954929939,0,1790956223388.664,404.628,7.623,1790956223801.447,Normal,0.9626
rasp1,34773,20261002-152846_clu_rasp14_pi4gb_r1,168,perf_20261002-152846_clu_rasp14_pi4gb_r1,3,44,1790954929940,0,1790956223802.423,389.003,7.79,1790956224199.755,Normal,0.8523
rasp1,34773,20261002-152846_clu_rasp14_pi4gb_r1,172,perf_20261002-152846_clu_rasp14_pi4gb_r1,3,45,1790954929940,0,1790956224200.806,389.14,8.099,1790956224598.54,Normal,0.6914
rasp1,34773,20261002-152846_clu_rasp14_pi4gb_r1,173,perf_20261002-152846_clu_rasp14_pi4gb_r1,3,46,1790954929941,0,1790956224599.574,369.615,7.939,1790956224977.613,Normal,0.9493
rasp1,34773,20261002-152846_clu_rasp14_pi4gb_r1,177,perf_20261002-152846_clu_rasp14_pi4gb_r1,3,47,1790954929941,0,1790956224978.586,471.464,7.981,1790956225458.521,Normal,0.9156
rasp1,34773,20261002-152846_clu_rasp14_pi4gb_r1,178,perf_20261002-152846_clu_rasp14_pi4gb_r1,3,48,1790954929941,0,1790956225459.481,671.751,8.114,1790956226139.884,Normal,0.4923
rasp1,34773,20261002-152846_clu_rasp14_pi4gb_r1,184,perf_20261002-152846_clu_rasp14_pi4gb_r1,3,49,1790954929943,0,1790956226140.842,700.123,7.905,1790956226849.437,Normal,0.9685
rasp1,34773,20261002-152846_clu_rasp14_pi4gb_r1,187,perf_20261002-152846_clu_rasp14_pi4gb_r1,3,50,1790954929943,0,1790956226850.408,405.841,7.807,1790956227264.584,Normal,0.9594
rasp1,34773,20261002-152846_clu_rasp14_pi4gb_r1,188,perf_20261002-152846_clu_rasp14_pi4gb_r1,3,51,1790954929944,0,1790956227265.548,492.373,8.767,1790956227767.175,Normal,0.9731
rasp1,34773,20261002-152846_clu_rasp14_pi4gb_r1,193,perf_20261002-152846_clu_rasp14_pi4gb_r1,3,52,1790954929944,0,1790956227768.158,388.731,7.71,1790956228165.09,Normal,0.9526
rasp1,34773,20261002-152846_clu_rasp14_pi4gb_r1,194,perf_20261002-152846_clu_rasp14_pi4gb_r1,3,53,1790954929945,0,1790956228166.221,336.756,7.716,1790956228511.186,Normal,0.9401
rasp1,34773,20261002-152846_clu_rasp14_pi4gb_r1,211,perf_20261002-152846_clu_rasp14_pi4gb_r1,3,54,1790954929948,0,1790956228512.161,337.271,7.816,1790956228857.792,Normal,0.9386
rasp1,34773,20261002-152846_clu_rasp14_pi4gb_r1,212,perf_20261002-152846_clu_rasp14_pi4gb_r1,3,55,1790954929948,0,1790956228858.768,539.577,8.046,1790956229406.928,Normal,0.9407
rasp1,34773,20261002-152846_clu_rasp14_pi4gb_r1,223,perf_20261002-152846_clu_rasp14_pi4gb_r1,3,56,1790954929975,0,1790956229407.906,369.058,8.646,1790956229786.426,Normal,0.9303
rasp1,34773,20261002-152846_clu_rasp14_pi4gb_r1,232,perf_20261002-152846_clu_rasp14_pi4gb_r1,3,57,1790954929983,0,1790956229787.44,649.069,7.585,1790956230444.617,Normal,0.7608
rasp1,34773,20261002-152846_clu_rasp14_pi4gb_r1,233,perf_20261002-152846_clu_rasp14_pi4gb_r1,3,58,1790954929983,0,1790956230445.597,609.516,7.752,1790956231063.335,Normal,0.9321
rasp1,34773,20261002-152846_clu_rasp14_pi4gb_r1,240,perf_20261002-152846_clu_rasp14_pi4gb_r1,3,59,1790954929984,0,1790956231064.307,1439.505,8.375,1790956232512.68,Normal,0.9698
rasp1,34773,20261002-152846_clu_rasp14_pi4gb_r1,243,perf_20261002-152846_clu_rasp14_pi4gb_r1,3,60,1790954929985,0,1790956232513.78,532.883,9.599,1790956233056.961,Normal,0.8807
rasp1,34773,20261002-152846_clu_rasp14_pi4gb_r1,245,perf_20261002-152846_clu_rasp14_pi4gb_r1,3,61,1790954929985,0,1790956233058.231,465.307,7.795,1790956233531.859,Normal,0.872
rasp1,34773,20261002-152846_clu_rasp14_pi4gb_r1,246,perf_20261002-152846_clu_rasp14_pi4gb_r1,3,62,1790954929985,0,1790956233532.901,459.496,7.831,1790956234000.765,Normal,0.9352
rasp1,34773,20261002-152846_clu_rasp14_pi4gb_r1,252,perf_20261002-152846_clu_rasp14_pi4gb_r1,3,63,1790954929986,0,1790956234001.737,368.044,7.499,1790956234377.751,Normal,0.9608
rasp1,34773,20261002-152846_clu_rasp14_pi4gb_r1,253,perf_20261002-152846_clu_rasp14_pi4gb_r1,3,64,1790954929987,0,1790956234378.686,405.627,8.326,1790956234793.195,Normal,0.8428
rasp1,34773,20261002-152846_clu_rasp14_pi4gb_r1,261,perf_20261002-152846_clu_rasp14_pi4gb_r1,3,65,1790954929988,0,1790956234794.189,514.352,7.147,1790956235316.205,Normal,0.7016
rasp1,34773,20261002-152846_clu_rasp14_pi4gb_r1,267,perf_20261002-152846_clu_rasp14_pi4gb_r1,3,66,1790954929989,0,1790956235317.185,406.611,7.919,1790956235732.184,Normal,0.9382
rasp1,34773,20261002-152846_clu_rasp14_pi4gb_r1,271,perf_20261002-152846_clu_rasp14_pi4gb_r1,3,67,1790954929990,0,1790956235733.163,388.753,7.608,1790956236129.998,Normal,0.9563
rasp1,34773,20261002-152846_clu_rasp14_pi4gb_r1,274,perf_20261002-152846_clu_rasp14_pi4gb_r1,3,68,1790954929991,0,1790956236131.09,785.757,7.991,1790956236925.314,Normal,0.9626
rasp1,34773,20261002-152846_clu_rasp14_pi4gb_r1,275,perf_20261002-152846_clu_rasp14_pi4gb_r1,3,69,1790954929991,0,1790956236926.287,670.825,8.001,1790956237605.611,Normal,0.7101
rasp1,34773,20261002-152846_clu_rasp14_pi4gb_r1,277,perf_20261002-152846_clu_rasp14_pi4gb_r1,3,70,1790954929991,0,1790956237606.63,628.284,7.963,1790956238243.358,Normal,0.9512
rasp1,34773,20261002-152846_clu_rasp14_pi4gb_r1,289,perf_20261002-152846_clu_rasp14_pi4gb_r1,3,71,1790954929994,0,1790956238244.339,718.034,8.346,1790956238971.376,Normal,0.953
rasp1,34773,20261002-152846_clu_rasp14_pi4gb_r1,291,perf_20261002-152846_clu_rasp14_pi4gb_r1,3,72,1790954929994,0,1790956238972.353,515.536,7.21,1790956239495.565,Normal,0.9199
rasp1,34773,20261002-152846_clu_rasp14_pi4gb_r1,292,perf_20261002-152846_clu_rasp14_pi4gb_r1,3,73,1790954929995,0,1790956239496.534,491.228,7.955,1790956239996.192,Normal,0.963
rasp1,34773,20261002-152846_clu_rasp14_pi4gb_r1,301,perf_20261002-152846_clu_rasp14_pi4gb_r1,3,74,1790954929996,0,1790956239997.173,472.756,8.539,1790956240478.938,Normal,0.7405
rasp1,34773,20261002-152846_clu_rasp14_pi4gb_r1,302,perf_20261002-152846_clu_rasp14_pi4gb_r1,3,75,1790954929996,0,1790956240479.934,515.663,9.761,1790956241005.881,Normal,0.9519
rasp1,34773,20261002-152846_clu_rasp14_pi4gb_r1,306,perf_20261002-152846_clu_rasp14_pi4gb_r1,3,76,1790954929997,0,1790956241006.875,540.714,7.91,1790956241556.017,Normal,0.9521
rasp1,34773,20261002-152846_clu_rasp14_pi4gb_r1,309,perf_20261002-152846_clu_rasp14_pi4gb_r1,3,77,1790954929998,0,1790956241556.989,338.331,7.598,1790956241903.428,Normal,0.9401
rasp1,34773,20261002-152846_clu_rasp14_pi4gb_r1,310,perf_20261002-152846_clu_rasp14_pi4gb_r1,3,78,1790954929998,0,1790956241904.407,367.985,7.373,1790956242280.292,Normal,0.9552
rasp1,34773,20261002-152846_clu_rasp14_pi4gb_r1,315,perf_20261002-152846_clu_rasp14_pi4gb_r1,3,79,1790954929999,0,1790956242281.26,406.029,7.436,1790956242695.266,Normal,0.8624
rasp1,34773,20261002-152846_clu_rasp14_pi4gb_r1,317,perf_20261002-152846_clu_rasp14_pi4gb_r1,3,80,1790954930000,0,1790956242696.263,928.159,7.564,1790956243632.547,Normal,0.9744
rasp1,34773,20261002-152846_clu_rasp14_pi4gb_r1,320,perf_20261002-152846_clu_rasp14_pi4gb_r1,3,81,1790954930000,0,1790956243633.546,341.516,8.385,1790956243983.936,Normal,0.9423
rasp1,34773,20261002-152846_clu_rasp14_pi4gb_r1,322,perf_20261002-152846_clu_rasp14_pi4gb_r1,3,82,1790954930000,0,1790956243985.059,485.535,8.19,1790956244479.313,Normal,0.9425
rasp1,34773,20261002-152846_clu_rasp14_pi4gb_r1,330,perf_20261002-152846_clu_rasp14_pi4gb_r1,3,83,1790954930002,0,1790956244480.359,1311.287,8.397,1790956245800.586,Normal,0.9741
rasp1,34773,20261002-152846_clu_rasp14_pi4gb_r1,334,perf_20261002-152846_clu_rasp14_pi4gb_r1,3,84,1790954930003,0,1790956245801.575,700.059,8.02,1790956246510.303,OFFENSIVE,0.8015
rasp1,34773,20261002-152846_clu_rasp14_pi4gb_r1,341,perf_20261002-152846_clu_rasp14_pi4gb_r1,3,85,1790954930004,0,1790956246511.362,700.156,8.067,1790956247220.109,Normal,0.8806
rasp1,34773,20261002-152846_clu_rasp14_pi4gb_r1,344,perf_20261002-152846_clu_rasp14_pi4gb_r1,3,86,1790954930005,0,1790956247221.073,472.462,7.751,1790956247701.806,Normal,0.9232
rasp1,34773,20261002-152846_clu_rasp14_pi4gb_r1,346,perf_20261002-152846_clu_rasp14_pi4gb_r1,3,87,1790954930005,0,1790956247706.603,337.654,7.38,1790956248052.146,Normal,0.9375
rasp1,34773,20261002-152846_clu_rasp14_pi4gb_r1,354,perf_20261002-152846_clu_rasp14_pi4gb_r1,3,88,1790954930007,0,1790956248053.123,514.614,7.422,1790956248575.634,Normal,0.9122
rasp1,34773,20261002-152846_clu_rasp14_pi4gb_r1,358,perf_20261002-152846_clu_rasp14_pi4gb_r1,3,89,1790954930007,0,1790956248576.599,389.882,8.633,1790956248975.627,Normal,0.9483
rasp1,34773,20261002-152846_clu_rasp14_pi4gb_r1,364,perf_20261002-152846_clu_rasp14_pi4gb_r1,3,90,1790954930009,0,1790956248976.674,558.407,8.251,1790956249543.804,Normal,0.923
rasp1,34773,20261002-152846_clu_rasp14_pi4gb_r1,368,perf_20261002-152846_clu_rasp14_pi4gb_r1,3,91,1790954930010,0,1790956249544.939,365.949,8.281,1790956249919.639,OFFENSIVE,0.5247
rasp1,34773,20261002-152846_clu_rasp14_pi4gb_r1,378,perf_20261002-152846_clu_rasp14_pi4gb_r1,3,92,1790954930012,0,1790956249920.597,491.686,8.59,1790956250421.388,Normal,0.9224
rasp1,34773,20261002-152846_clu_rasp14_pi4gb_r1,379,perf_20261002-152846_clu_rasp14_pi4gb_r1,3,93,1790954930012,0,1790956250422.354,340.378,8.315,1790956250771.515,Normal,0.9525
rasp1,34773,20261002-152846_clu_rasp14_pi4gb_r1,384,perf_20261002-152846_clu_rasp14_pi4gb_r1,3,94,1790954930013,0,1790956250772.479,472.145,7.524,1790956251252.673,Normal,0.6311
rasp1,34773,20261002-152846_clu_rasp14_pi4gb_r1,391,perf_20261002-152846_clu_rasp14_pi4gb_r1,3,95,1790954930014,0,1790956251253.629,337.741,7.517,1790956251599.396,Normal,0.9375
rasp1,34773,20261002-152846_clu_rasp14_pi4gb_r1,400,perf_20261002-152846_clu_rasp14_pi4gb_r1,3,96,1790954930014,0,1790956251600.541,559.088,8.308,1790956252168.476,Normal,0.9525
rasp1,34773,20261002-152846_clu_rasp14_pi4gb_r1,403,perf_20261002-152846_clu_rasp14_pi4gb_r1,3,97,1790954930019,0,1790956252169.443,369.76,7.674,1790956252547.345,Normal,0.9309
rasp1,34773,20261002-152846_clu_rasp14_pi4gb_r1,404,perf_20261002-152846_clu_rasp14_pi4gb_r1,3,98,1790954930019,0,1790956252548.303,514.427,7.827,1790956253071.066,Normal,0.9655
rasp1,34773,20261002-152846_clu_rasp14_pi4gb_r1,408,perf_20261002-152846_clu_rasp14_pi4gb_r1,3,99,1790954930020,0,1790956253072.052,337.513,7.281,1790956253417.394,Normal,0.9486
rasp1,34773,20261002-152846_clu_rasp14_pi4gb_r1,411,perf_20261002-152846_clu_rasp14_pi4gb_r1,3,100,1790954930020,0,1790956253418.371,367.8,7.735,1790956253794.393,Normal,0.9572
rasp1,34773,20261002-152846_clu_rasp14_pi4gb_r1,414,perf_20261002-152846_clu_rasp14_pi4gb_r1,3,101,1790954930021,0,1790956253795.365,368.001,8.058,1790956254171.957,Normal,0.9451
rasp1,34773,20261002-152846_clu_rasp14_pi4gb_r1,419,perf_20261002-152846_clu_rasp14_pi4gb_r1,3,102,1790954930021,0,1790956254172.929,368.183,7.235,1790956254548.836,Normal,0.9364
rasp1,34773,20261002-152846_clu_rasp14_pi4gb_r1,421,perf_20261002-152846_clu_rasp14_pi4gb_r1,3,103,1790954930021,0,1790956254549.804,472.298,7.782,1790956255030.374,Normal,0.9502
rasp1,34773,20261002-152846_clu_rasp14_pi4gb_r1,422,perf_20261002-152846_clu_rasp14_pi4gb_r1,3,104,1790954930021,0,1790956255031.36,454.688,7.71,1790956255494.325,Normal,0.9527
rasp1,34773,20261002-152846_clu_rasp14_pi4gb_r1,424,perf_20261002-152846_clu_rasp14_pi4gb_r1,3,105,1790954930022,0,1790956255495.288,335.07,7.139,1790956255838.013,Normal,0.9695
rasp1,34773,20261002-152846_clu_rasp14_pi4gb_r1,427,perf_20261002-152846_clu_rasp14_pi4gb_r1,3,106,1790954930022,0,1790956255838.742,481.117,8.885,1790956256329.21,Normal,0.9717
rasp1,34773,20261002-152846_clu_rasp14_pi4gb_r1,431,perf_20261002-152846_clu_rasp14_pi4gb_r1,3,107,1790954930022,0,1790956256330.546,655.058,8.606,1790956256994.758,Normal,0.9759
rasp1,34773,20261002-152846_clu_rasp14_pi4gb_r1,434,perf_20261002-152846_clu_rasp14_pi4gb_r1,3,108,1790954930022,0,1790956256995.772,374.134,7.729,1790956257378.101,Normal,0.9447
rasp1,34773,20261002-152846_clu_rasp14_pi4gb_r1,435,perf_20261002-152846_clu_rasp14_pi4gb_r1,3,109,1790954930022,0,1790956257379.287,430.859,6.363,1790956257816.829,Normal,0.9503
rasp1,34773,20261002-152846_clu_rasp14_pi4gb_r1,436,perf_20261002-152846_clu_rasp14_pi4gb_r1,3,110,1790954930023,0,1790956257817.397,1012.86,7.689,1790956258838.468,Normal,0.9658
rasp1,34773,20261002-152846_clu_rasp14_pi4gb_r1,440,perf_20261002-152846_clu_rasp14_pi4gb_r1,3,111,1790954930023,0,1790956258839.472,513.436,6.776,1790956259360.0,Normal,0.9599
rasp1,34773,20261002-152846_clu_rasp14_pi4gb_r1,443,perf_20261002-152846_clu_rasp14_pi4gb_r1,3,112,1790954930023,0,1790956259360.574,311.516,7.618,1790956259680.164,Normal,0.8104
rasp1,34773,20261002-152846_clu_rasp14_pi4gb_r1,445,perf_20261002-152846_clu_rasp14_pi4gb_r1,3,113,1790954930023,0,1790956259681.229,391.314,8.322,1790956260081.385,Normal,0.9688
rasp1,34773,20261002-152846_clu_rasp14_pi4gb_r1,451,perf_20261002-152846_clu_rasp14_pi4gb_r1,3,114,1790954930024,0,1790956260082.392,514.767,7.798,1790956260605.438,Normal,0.6256
rasp1,34773,20261002-152846_clu_rasp14_pi4gb_r1,452,perf_20261002-152846_clu_rasp14_pi4gb_r1,3,115,1790954930024,0,1790956260606.593,407.17,7.59,1790956261021.83,Normal,0.9337
rasp1,34773,20261002-152846_clu_rasp14_pi4gb_r1,453,perf_20261002-152846_clu_rasp14_pi4gb_r1,3,116,1790954930024,0,1790956261022.827,671.625,8.219,1790956261703.209,Normal,0.9449
rasp1,34773,20261002-152846_clu_rasp14_pi4gb_r1,457,perf_20261002-152846_clu_rasp14_pi4gb_r1,3,117,1790954930025,0,1790956261704.183,560.597,8.097,1790956262273.354,Normal,0.9773
rasp1,34773,20261002-152846_clu_rasp14_pi4gb_r1,461,perf_20261002-152846_clu_rasp14_pi4gb_r1,3,118,1790954930025,0,1790956262274.334,338.738,7.891,1790956262621.43,Normal,0.8636
rasp1,34773,20261002-152846_clu_rasp14_pi4gb_r1,469,perf_20261002-152846_clu_rasp14_pi4gb_r1,3,119,1790954930026,0,1790956262622.401,492.821,7.528,1790956263123.227,Normal,0.9558
rasp1,34773,20261002-152846_clu_rasp14_pi4gb_r1,473,perf_20261002-152846_clu_rasp14_pi4gb_r1,3,120,1790954930026,0,1790956263124.223,1201.839,8.105,1790956264334.85,Normal,0.9809
rasp1,34773,20261002-152846_clu_rasp14_pi4gb_r1,475,perf_20261002-152846_clu_rasp14_pi4gb_r1,3,121,1790954930026,0,1790956264336.0,357.48,5.806,1790956264699.65,Normal,0.9786
rasp1,34773,20261002-152846_clu_rasp14_pi4gb_r1,478,perf_20261002-152846_clu_rasp14_pi4gb_r1,3,122,1790954930026,0,1790956264700.313,387.036,7.524,1790956265095.375,Normal,0.9162
rasp1,34773,20261002-152846_clu_rasp14_pi4gb_r1,480,perf_20261002-152846_clu_rasp14_pi4gb_r1,3,123,1790954930026,0,1790956265096.34,471.613,8.572,1790956265576.995,Normal,0.9512
rasp1,34773,20261002-152846_clu_rasp14_pi4gb_r1,484,perf_20261002-152846_clu_rasp14_pi4gb_r1,3,124,1790954930027,0,1790956265577.961,379.905,7.254,1790956265965.592,Normal,0.962
rasp1,34773,20261002-152846_clu_rasp14_pi4gb_r1,486,perf_20261002-152846_clu_rasp14_pi4gb_r1,3,125,1790954930027,0,1790956265966.567,496.003,7.251,1790956266470.341,Normal,0.9601
rasp1,34773,20261002-152846_clu_rasp14_pi4gb_r1,487,perf_20261002-152846_clu_rasp14_pi4gb_r1,3,126,1790954930027,0,1790956266471.484,446.73,6.87,1790956266925.4,OFFENSIVE,0.5103
rasp1,34773,20261002-152846_clu_rasp14_pi4gb_r1,488,perf_20261002-152846_clu_rasp14_pi4gb_r1,3,127,1790954930027,0,1790956266926.041,338.006,8.903,1790956267273.416,Normal,0.9375
rasp1,34773,20261002-152846_clu_rasp14_pi4gb_r1,492,perf_20261002-152846_clu_rasp14_pi4gb_r1,3,128,1790954930027,0,1790956267274.386,473.381,8.965,1790956267757.218,Normal,0.9707
rasp1,34773,20261002-152846_clu_rasp14_pi4gb_r1,494,perf_20261002-152846_clu_rasp14_pi4gb_r1,3,129,1790954930028,0,1790956267758.202,556.985,7.728,1790956268323.399,Normal,0.9205
rasp1,34773,20261002-152846_clu_rasp14_pi4gb_r1,497,perf_20261002-152846_clu_rasp14_pi4gb_r1,3,130,1790954930028,0,1790956268324.399,534.995,9.428,1790956268869.477,Normal,0.9381
rasp1,34773,20261002-152846_clu_rasp14_pi4gb_r1,506,perf_20261002-152846_clu_rasp14_pi4gb_r1,3,131,1790954930029,0,1790956268870.649,786.619,8.558,1790956269666.363,Normal,0.9766
rasp1,34773,20261002-152846_clu_rasp14_pi4gb_r1,507,perf_20261002-152846_clu_rasp14_pi4gb_r1,3,132,1790954930029,0,1790956269667.343,492.135,8.395,1790956270168.398,Normal,0.9539
rasp1,34773,20261002-152846_clu_rasp14_pi4gb_r1,508,perf_20261002-152846_clu_rasp14_pi4gb_r1,3,133,1790954930029,0,1790956270169.367,379.281,6.629,1790956270555.63,Normal,0.9728
rasp1,34773,20261002-152846_clu_rasp14_pi4gb_r1,515,perf_20261002-152846_clu_rasp14_pi4gb_r1,3,134,1790954930034,0,1790956270556.219,367.334,8.175,1790956270932.245,Normal,0.9451
rasp1,34773,20261002-152846_clu_rasp14_pi4gb_r1,517,perf_20261002-152846_clu_rasp14_pi4gb_r1,3,135,1790954930034,0,1790956270933.212,471.091,8.106,1790956271412.916,Normal,0.9051
rasp1,34773,20261002-152846_clu_rasp14_pi4gb_r1,518,perf_20261002-152846_clu_rasp14_pi4gb_r1,3,136,1790954930034,0,1790956271413.638,386.883,7.848,1790956271808.877,Normal,0.9688
rasp1,34773,20261002-152846_clu_rasp14_pi4gb_r1,520,perf_20261002-152846_clu_rasp14_pi4gb_r1,3,137,1790954930034,0,1790956271809.837,471.694,8.224,1790956272290.275,Normal,0.9568
rasp1,34773,20261002-152846_clu_rasp14_pi4gb_r1,522,perf_20261002-152846_clu_rasp14_pi4gb_r1,3,138,1790954930034,0,1790956272291.237,541.356,7.643,1790956272840.87,Normal,0.963
rasp1,34773,20261002-152846_clu_rasp14_pi4gb_r1,523,perf_20261002-152846_clu_rasp14_pi4gb_r1,3,139,1790954930034,0,1790956272841.823,539.089,6.386,1790956273387.618,Normal,0.9492
rasp1,34773,20261002-152846_clu_rasp14_pi4gb_r1,526,perf_20261002-152846_clu_rasp14_pi4gb_r1,3,140,1790954930034,0,1790956273388.257,368.301,7.735,1790956273764.931,Normal,0.9572
rasp1,34773,20261002-152846_clu_rasp14_pi4gb_r1,529,perf_20261002-152846_clu_rasp14_pi4gb_r1,3,141,1790954930035,0,1790956273765.882,283.941,6.17,1790956274056.306,Normal,0.931
rasp1,34773,20261002-152846_clu_rasp14_pi4gb_r1,538,perf_20261002-152846_clu_rasp14_pi4gb_r1,3,142,1790954930035,0,1790956274056.917,470.465,7.794,1790956274540.132,Normal,0.9103
rasp1,34773,20261002-152846_clu_rasp14_pi4gb_r1,540,perf_20261002-152846_clu_rasp14_pi4gb_r1,3,143,1790954930036,0,1790956274541.111,367.513,7.776,1790956274916.922,Normal,0.9606
rasp1,34773,20261002-152846_clu_rasp14_pi4gb_r1,543,perf_20261002-152846_clu_rasp14_pi4gb_r1,3,144,1790954930036,0,1790956274917.9,946.451,6.953,1790956275871.629,Normal,0.8165
rasp1,34773,20261002-152846_clu_rasp14_pi4gb_r1,544,perf_20261002-152846_clu_rasp14_pi4gb_r1,3,145,1790954930036,0,1790956275872.238,753.072,8.572,1790956276634.399,Normal,0.9761
rasp1,34773,20261002-152846_clu_rasp14_pi4gb_r1,545,perf_20261002-152846_clu_rasp14_pi4gb_r1,3,146,1790954930036,0,1790956276635.361,392.526,6.336,1790956277034.537,Normal,0.9552
rasp1,34773,20261002-152846_clu_rasp14_pi4gb_r1,561,perf_20261002-152846_clu_rasp14_pi4gb_r1,3,147,1790954930037,0,1790956277035.133,332.891,7.732,1790956277376.216,Normal,0.8556
rasp1,34773,20261002-152846_clu_rasp14_pi4gb_r1,571,perf_20261002-152846_clu_rasp14_pi4gb_r1,3,148,1790954930038,0,1790956277377.174,331.277,7.812,1790956277716.791,Normal,0.9531
rasp1,34773,20261002-152846_clu_rasp14_pi4gb_r1,573,perf_20261002-152846_clu_rasp14_pi4gb_r1,3,149,1790954930038,0,1790956277717.748,338.476,7.398,1790956278064.089,Normal,0.9494
rasp1,34773,20261002-152846_clu_rasp14_pi4gb_r1,575,perf_20261002-152846_clu_rasp14_pi4gb_r1,3,150,1790954930040,0,1790956278065.051,404.789,7.486,1790956278477.793,Normal,0.9695
rasp1,34773,20261002-152846_clu_rasp14_pi4gb_r1,576,perf_20261002-152846_clu_rasp14_pi4gb_r1,3,151,1790954930040,0,1790956278478.75,300.567,6.013,1790956278785.646,Normal,0.9026
rasp1,34773,20261002-152846_clu_rasp14_pi4gb_r1,578,perf_20261002-152846_clu_rasp14_pi4gb_r1,3,152,1790954930040,0,1790956278786.256,273.501,7.77,1790956279068.077,Normal,0.9309
rasp1,34773,20261002-152846_clu_rasp14_pi4gb_r1,582,perf_20261002-152846_clu_rasp14_pi4gb_r1,3,153,1790954930040,0,1790956279069.036,390.09,8.341,1790956279467.944,Normal,0.9474
rasp1,34773,20261002-152846_clu_rasp14_pi4gb_r1,586,perf_20261002-152846_clu_rasp14_pi4gb_r1,3,154,1790954930041,0,1790956279468.918,393.613,7.478,1790956279870.554,Normal,0.9572
rasp1,34773,20261002-152846_clu_rasp14_pi4gb_r1,590,perf_20261002-152846_clu_rasp14_pi4gb_r1,3,155,1790954930041,0,1790956279871.616,516.167,6.011,1790956280394.249,Normal,0.9565
rasp1,34773,20261002-152846_clu_rasp14_pi4gb_r1,591,perf_20261002-152846_clu_rasp14_pi4gb_r1,3,156,1790954930041,0,1790956280395.253,315.814,8.646,1790956280720.223,Normal,0.9309
rasp1,34773,20261002-152846_clu_rasp14_pi4gb_r1,592,perf_20261002-152846_clu_rasp14_pi4gb_r1,3,157,1790954930041,0,1790956280721.386,352.571,8.531,1790956281082.972,Normal,0.9494
rasp1,34773,20261002-152846_clu_rasp14_pi4gb_r1,594,perf_20261002-152846_clu_rasp14_pi4gb_r1,3,158,1790954930041,0,1790956281084.006,387.589,8.111,1790956281480.22,Normal,0.9452
rasp1,34773,20261002-152846_clu_rasp14_pi4gb_r1,597,perf_20261002-152846_clu_rasp14_pi4gb_r1,3,159,1790954930042,0,1790956281481.252,514.558,7.614,1790956282003.898,Normal,0.9604
rasp1,34773,20261002-152846_clu_rasp14_pi4gb_r1,605,perf_20261002-152846_clu_rasp14_pi4gb_r1,3,160,1790954930042,0,1790956282004.943,696.615,6.279,1790956282708.195,Normal,0.9378
rasp1,34773,20261002-152846_clu_rasp14_pi4gb_r1,610,perf_20261002-152846_clu_rasp14_pi4gb_r1,3,161,1790954930043,0,1790956282708.791,387.187,7.383,1790956283103.821,Normal,0.9107
rasp1,34773,20261002-152846_clu_rasp14_pi4gb_r1,613,perf_20261002-152846_clu_rasp14_pi4gb_r1,3,162,1790954930043,0,1790956283104.781,549.032,6.158,1790956283660.288,Normal,0.9582
rasp1,34773,20261002-152846_clu_rasp14_pi4gb_r1,619,perf_20261002-152846_clu_rasp14_pi4gb_r1,3,163,1790954930043,0,1790956283661.107,911.917,7.513,1790956284581.053,Normal,0.9782
rasp1,34773,20261002-152846_clu_rasp14_pi4gb_r1,622,perf_20261002-152846_clu_rasp14_pi4gb_r1,3,164,1790954930044,0,1790956284582.053,298.557,6.377,1790956284887.399,Normal,0.9309
rasp1,34773,20261002-152846_clu_rasp14_pi4gb_r1,626,perf_20261002-152846_clu_rasp14_pi4gb_r1,3,165,1790954930044,0,1790956284888.01,430.226,7.629,1790956285326.393,Normal,0.4948
rasp1,34773,20261002-152846_clu_rasp14_pi4gb_r1,639,perf_20261002-152846_clu_rasp14_pi4gb_r1,3,166,1790954930071,0,1790956285327.084,322.495,7.921,1790956285658.024,Normal,0.9238
rasp1,34773,20261002-152846_clu_rasp14_pi4gb_r1,654,perf_20261002-152846_clu_rasp14_pi4gb_r1,3,167,1790954930082,0,1790956285659.002,1173.391,8.066,1790956286841.149,Normal,0.9588
rasp1,34773,20261002-152846_clu_rasp14_pi4gb_r1,660,perf_20261002-152846_clu_rasp14_pi4gb_r1,3,168,1790954930083,0,1790956286842.125,460.241,7.717,1790956287310.635,Normal,0.6213
rasp1,34773,20261002-152846_clu_rasp14_pi4gb_r1,662,perf_20261002-152846_clu_rasp14_pi4gb_r1,3,169,1790954930084,0,1790956287311.636,543.092,7.875,1790956287863.103,Normal,0.7664
rasp1,34773,20261002-152846_clu_rasp14_pi4gb_r1,663,perf_20261002-152846_clu_rasp14_pi4gb_r1,3,170,1790954930084,0,1790956287864.073,526.76,7.75,1790956288399.078,Normal,0.9672
rasp1,34773,20261002-152846_clu_rasp14_pi4gb_r1,664,perf_20261002-152846_clu_rasp14_pi4gb_r1,3,171,1790954930084,0,1790956288400.058,338.161,7.299,1790956288746.058,Normal,0.9423
rasp1,34773,20261002-152846_clu_rasp14_pi4gb_r1,667,perf_20261002-152846_clu_rasp14_pi4gb_r1,3,172,1790954930085,0,1790956288747.189,316.442,7.856,1790956289072.028,Normal,0.9423
rasp1,34773,20261002-152846_clu_rasp14_pi4gb_r1,669,perf_20261002-152846_clu_rasp14_pi4gb_r1,3,173,1790954930100,0,1790956289073.015,555.27,5.717,1790956289634.333,Normal,0.6919
rasp1,34773,20261002-152846_clu_rasp14_pi4gb_r1,676,perf_20261002-152846_clu_rasp14_pi4gb_r1,3,174,1790954930106,0,1790956289635.083,293.449,8.07,1790956289937.185,Normal,0.9423
rasp1,34773,20261002-152846_clu_rasp14_pi4gb_r1,678,perf_20261002-152846_clu_rasp14_pi4gb_r1,3,175,1790954930106,0,1790956289938.194,337.553,7.189,1790956290283.431,Normal,0.8661
rasp1,34773,20261002-152846_clu_rasp14_pi4gb_r1,684,perf_20261002-152846_clu_rasp14_pi4gb_r1,3,176,1790954930107,0,1790956290284.412,283.859,8.129,1790956290576.925,Normal,0.9411
rasp1,34773,20261002-152846_clu_rasp14_pi4gb_r1,692,perf_20261002-152846_clu_rasp14_pi4gb_r1,3,177,1790954930109,0,1790956290578.072,338.542,7.421,1790956290924.575,Normal,0.9423
rasp1,34773,20261002-152846_clu_rasp14_pi4gb_r1,698,perf_20261002-152846_clu_rasp14_pi4gb_r1,3,178,1790954930110,0,1790956290925.777,692.103,8.727,1790956291627.127,Normal,0.9523
rasp1,34773,20261002-152846_clu_rasp14_pi4gb_r1,699,perf_20261002-152846_clu_rasp14_pi4gb_r1,3,179,1790954930110,0,1790956291628.182,554.955,7.86,1790956292191.498,Normal,0.9202
rasp1,34773,20261002-152846_clu_rasp14_pi4gb_r1,708,perf_20261002-152846_clu_rasp14_pi4gb_r1,3,180,1790954930112,0,1790956292192.522,348.676,7.672,1790956292549.448,Normal,0.9423
rasp1,34773,20261002-152846_clu_rasp14_pi4gb_r1,712,perf_20261002-152846_clu_rasp14_pi4gb_r1,3,181,1790954930113,0,1790956292550.448,415.747,8.524,1790956292975.222,Normal,0.9728
rasp1,34773,20261002-152846_clu_rasp14_pi4gb_r1,716,perf_20261002-152846_clu_rasp14_pi4gb_r1,3,182,1790954930114,0,1790956292976.301,345.903,7.872,1790956293330.566,Normal,0.9105
rasp1,34773,20261002-152846_clu_rasp14_pi4gb_r1,720,perf_20261002-152846_clu_rasp14_pi4gb_r1,3,183,1790954930114,0,1790956293331.542,527.194,7.979,1790956293867.215,Normal,0.8872
rasp1,34773,20261002-152846_clu_rasp14_pi4gb_r1,722,perf_20261002-152846_clu_rasp14_pi4gb_r1,3,184,1790954930115,0,1790956293868.241,662.786,8.147,1790956294539.691,Normal,0.9485
rasp1,34773,20261002-152846_clu_rasp14_pi4gb_r1,723,perf_20261002-152846_clu_rasp14_pi4gb_r1,3,185,1790954930115,0,1790956294540.738,675.265,7.471,1790956295223.979,Normal,0.9716
rasp1,34773,20261002-152846_clu_rasp14_pi4gb_r1,726,perf_20261002-152846_clu_rasp14_pi4gb_r1,3,186,1790954930115,0,1790956295225.118,458.527,7.978,1790956295691.994,Normal,0.9684
rasp1,34773,20261002-152846_clu_rasp14_pi4gb_r1,731,perf_20261002-152846_clu_rasp14_pi4gb_r1,3,187,1790954930117,0,1790956295692.611,357.595,7.963,1790956296058.663,Normal,0.9251
rasp1,34773,20261002-152846_clu_rasp14_pi4gb_r1,732,perf_20261002-152846_clu_rasp14_pi4gb_r1,3,188,1790954930118,0,1790956296059.682,503.819,8.023,1790956296572.102,Normal,0.4779
rasp1,34773,20261002-152846_clu_rasp14_pi4gb_r1,736,perf_20261002-152846_clu_rasp14_pi4gb_r1,3,189,1790954930118,0,1790956296573.081,558.731,7.553,1790956297139.855,Normal,0.966
rasp1,34773,20261002-152846_clu_rasp14_pi4gb_r1,738,perf_20261002-152846_clu_rasp14_pi4gb_r1,3,190,1790954930119,0,1790956297140.832,313.804,6.754,1790956297461.761,Normal,0.9364
rasp1,34773,20261002-152846_clu_rasp14_pi4gb_r1,739,perf_20261002-152846_clu_rasp14_pi4gb_r1,3,191,1790954930119,0,1790956297462.335,388.437,8.116,1790956297859.373,Normal,0.9601
rasp1,34773,20261002-152846_clu_rasp14_pi4gb_r1,741,perf_20261002-152846_clu_rasp14_pi4gb_r1,3,192,1790954930119,0,1790956297860.067,321.886,7.646,1790956298190.079,Normal,0.9332
rasp1,34773,20261002-152846_clu_rasp14_pi4gb_r1,742,perf_20261002-152846_clu_rasp14_pi4gb_r1,3,193,1790954930119,0,1790956298191.219,338.665,6.941,1790956298537.311,Normal,0.9468
rasp1,34773,20261002-152846_clu_rasp14_pi4gb_r1,751,perf_20261002-152846_clu_rasp14_pi4gb_r1,3,194,1790954930121,0,1790956298537.924,322.385,5.579,1790956298866.204,Normal,0.9495
rasp1,34773,20261002-152846_clu_rasp14_pi4gb_r1,755,perf_20261002-152846_clu_rasp14_pi4gb_r1,3,195,1790954930122,0,1790956298866.813,420.201,6.092,1790956299293.421,OFFENSIVE,0.6101
rasp1,34773,20261002-152846_clu_rasp14_pi4gb_r1,757,perf_20261002-152846_clu_rasp14_pi4gb_r1,3,196,1790954930122,0,1790956299294.083,1061.153,7.642,1790956300363.621,Normal,0.9724
rasp1,34773,20261002-152846_clu_rasp14_pi4gb_r1,758,perf_20261002-152846_clu_rasp14_pi4gb_r1,3,197,1790954930122,0,1790956300364.634,409.647,8.471,1790956300783.287,Normal,0.9438
rasp1,34773,20261002-152846_clu_rasp14_pi4gb_r1,766,perf_20261002-152846_clu_rasp14_pi4gb_r1,3,198,1790954930124,0,1790956300784.259,514.707,9.197,1790956301308.657,Normal,0.9415
rasp1,34773,20261002-152846_clu_rasp14_pi4gb_r1,769,perf_20261002-152846_clu_rasp14_pi4gb_r1,3,199,1790954930125,0,1790956301309.624,446.843,8.039,1790956301765.125,Normal,0.9713
rasp1,34773,20261002-152846_clu_rasp14_pi4gb_r1,774,perf_20261002-152846_clu_rasp14_pi4gb_r1,3,200,1790954930125,0,1790956301766.091,388.281,7.096,1790956302161.984,Normal,0.9734
rasp1,34773,20261002-152846_clu_rasp14_pi4gb_r1,777,perf_20261002-152846_clu_rasp14_pi4gb_r1,3,201,1790954930126,0,1790956302162.948,266.694,7.401,1790956302437.567,Normal,0.9255
rasp1,34773,20261002-152846_clu_rasp14_pi4gb_r1,779,perf_20261002-152846_clu_rasp14_pi4gb_r1,3,202,1790954930126,0,1790956302438.533,317.798,7.509,1790956302764.353,Normal,0.96
rasp1,34773,20261002-152846_clu_rasp14_pi4gb_r1,781,perf_20261002-152846_clu_rasp14_pi4gb_r1,3,203,1790954930127,0,1790956302765.471,492.734,6.84,1790956303265.514,Normal,0.9036
rasp1,34773,20261002-152846_clu_rasp14_pi4gb_r1,783,perf_20261002-152846_clu_rasp14_pi4gb_r1,3,204,1790954930127,0,1790956303266.556,1579.056,8.781,1790956304854.934,Normal,0.9689
rasp1,34773,20261002-152846_clu_rasp14_pi4gb_r1,791,perf_20261002-152846_clu_rasp14_pi4gb_r1,3,205,1790954930129,0,1790956304856.095,995.142,8.598,1790956305860.384,Normal,0.9192
rasp1,34773,20261002-152846_clu_rasp14_pi4gb_r1,792,perf_20261002-152846_clu_rasp14_pi4gb_r1,3,206,1790954930129,0,1790956305861.378,390.001,7.711,1790956306259.627,Normal,0.9474
rasp1,34773,20261002-152846_clu_rasp14_pi4gb_r1,793,perf_20261002-152846_clu_rasp14_pi4gb_r1,3,207,1790954930129,0,1790956306260.591,440.768,6.579,1790956306708.267,Normal,0.9447
rasp1,34773,20261002-152846_clu_rasp14_pi4gb_r1,796,perf_20261002-152846_clu_rasp14_pi4gb_r1,3,208,1790954930130,0,1790956306708.896,1061.598,9.932,1790956307781.08,Normal,0.9775
rasp1,34773,20261002-152846_clu_rasp14_pi4gb_r1,798,perf_20261002-152846_clu_rasp14_pi4gb_r1,3,209,1790954930130,0,1790956307782.373,401.487,8.097,1790956308192.439,Normal,0.94
rasp1,34773,20261002-152846_clu_rasp14_pi4gb_r1,801,perf_20261002-152846_clu_rasp14_pi4gb_r1,3,210,1790954930131,0,1790956308193.47,344.121,7.478,1790956308545.585,Normal,0.9509
rasp1,34773,20261002-152846_clu_rasp14_pi4gb_r1,802,perf_20261002-152846_clu_rasp14_pi4gb_r1,3,211,1790954930131,0,1790956308546.553,517.295,8.013,1790956309072.331,Normal,0.9708
rasp1,34773,20261002-152846_clu_rasp14_pi4gb_r1,805,perf_20261002-152846_clu_rasp14_pi4gb_r1,3,212,1790954930132,0,1790956309073.286,831.918,8.163,1790956309913.845,Normal,0.9428
rasp1,34773,20261002-152846_clu_rasp14_pi4gb_r1,808,perf_20261002-152846_clu_rasp14_pi4gb_r1,3,213,1790954930132,0,1790956309914.807,701.759,7.852,1790956310625.064,Normal,0.9731
rasp1,34773,20261002-152846_clu_rasp14_pi4gb_r1,809,perf_20261002-152846_clu_rasp14_pi4gb_r1,3,214,1790954930132,0,1790956310626.029,405.814,8.719,1790956311041.056,Normal,0.9444
rasp1,34773,20261002-152846_clu_rasp14_pi4gb_r1,814,perf_20261002-152846_clu_rasp14_pi4gb_r1,3,215,1790954930133,0,1790956311042.049,539.932,8.062,1790956311590.52,Normal,0.7325
rasp1,34773,20261002-152846_clu_rasp14_pi4gb_r1,817,perf_20261002-152846_clu_rasp14_pi4gb_r1,3,216,1790954930134,0,1790956311591.483,524.664,7.628,1790956312124.245,Normal,0.9498
rasp1,34773,20261002-152846_clu_rasp14_pi4gb_r1,822,perf_20261002-152846_clu_rasp14_pi4gb_r1,3,217,1790954930134,0,1790956312125.208,362.162,7.915,1790956312495.804,OFFENSIVE,0.5474
rasp1,34773,20261002-152846_clu_rasp14_pi4gb_r1,824,perf_20261002-152846_clu_rasp14_pi4gb_r1,3,218,1790954930134,0,1790956312496.774,303.371,8.032,1790956312808.647,Normal,0.5359
rasp1,34773,20261002-152846_clu_rasp14_pi4gb_r1,827,perf_20261002-152846_clu_rasp14_pi4gb_r1,3,219,1790954930135,0,1790956312809.613,932.358,6.057,1790956313748.353,OFFENSIVE,0.8225
rasp1,34773,20261002-152846_clu_rasp14_pi4gb_r1,828,perf_20261002-152846_clu_rasp14_pi4gb_r1,3,220,1790954930135,0,1790956313749.173,3089.9,9.16,1790956316849.007,Normal,0.9723
rasp1,34773,20261002-152846_clu_rasp14_pi4gb_r1,838,perf_20261002-152846_clu_rasp14_pi4gb_r1,3,221,1790954930135,0,1790956316850.032,648.835,7.561,1790956317506.925,Normal,0.5892
rasp1,34773,20261002-152846_clu_rasp14_pi4gb_r1,843,perf_20261002-152846_clu_rasp14_pi4gb_r1,3,222,1790954930136,0,1790956317508.057,514.131,7.383,1790956318030.063,Normal,0.9746
rasp1,34773,20261002-152846_clu_rasp14_pi4gb_r1,849,perf_20261002-152846_clu_rasp14_pi4gb_r1,3,223,1790954930136,0,1790956318030.692,471.853,6.118,1790956318509.055,Normal,0.9434
rasp1,34773,20261002-152846_clu_rasp14_pi4gb_r1,852,perf_20261002-152846_clu_rasp14_pi4gb_r1,3,224,1790954930137,0,1790956318509.66,484.319,7.78,1790956319002.247,Normal,0.973
rasp1,34773,20261002-152846_clu_rasp14_pi4gb_r1,855,perf_20261002-152846_clu_rasp14_pi4gb_r1,3,225,1790954930137,0,1790956319003.289,798.028,8.148,1790956319810.011,Normal,0.8357
rasp1,34773,20261002-152846_clu_rasp14_pi4gb_r1,859,perf_20261002-152846_clu_rasp14_pi4gb_r1,3,226,1790954930137,0,1790956319811.062,434.537,5.892,1790956320251.858,Normal,0.9588
rasp1,34773,20261002-152846_clu_rasp14_pi4gb_r1,860,perf_20261002-152846_clu_rasp14_pi4gb_r1,3,227,1790954930141,0,1790956320252.495,363.543,6.629,1790956320622.985,Normal,0.9128
rasp1,34773,20261002-152846_clu_rasp14_pi4gb_r1,865,perf_20261002-152846_clu_rasp14_pi4gb_r1,3,228,1790954930141,0,1790956320623.588,424.432,7.292,1790956321055.801,Normal,0.9684
rasp1,34773,20261002-152846_clu_rasp14_pi4gb_r1,873,perf_20261002-152846_clu_rasp14_pi4gb_r1,3,229,1790954930142,0,1790956321056.935,471.727,8.307,1790956321537.511,Normal,0.9707
rasp1,34773,20261002-152846_clu_rasp14_pi4gb_r1,877,perf_20261002-152846_clu_rasp14_pi4gb_r1,3,230,1790954930142,0,1790956321538.486,378.107,7.417,1790956321928.916,Normal,0.9594
rasp1,34773,20261002-152846_clu_rasp14_pi4gb_r1,879,perf_20261002-152846_clu_rasp14_pi4gb_r1,3,231,1790954930142,0,1790956321929.902,301.982,7.731,1790956322240.104,Normal,0.9302
rasp1,34773,20261002-152846_clu_rasp14_pi4gb_r1,881,perf_20261002-152846_clu_rasp14_pi4gb_r1,3,232,1790954930143,0,1790956322241.088,305.507,7.393,1790956322554.52,Normal,0.9414
rasp1,34773,20261002-152846_clu_rasp14_pi4gb_r1,883,perf_20261002-152846_clu_rasp14_pi4gb_r1,3,233,1790954930143,0,1790956322555.486,338.388,9.109,1790956322903.469,Normal,0.9105
rasp1,34773,20261002-152846_clu_rasp14_pi4gb_r1,889,perf_20261002-152846_clu_rasp14_pi4gb_r1,3,234,1790954930143,0,1790956322904.446,433.971,6.284,1790956323345.149,Normal,0.9771
rasp1,34773,20261002-152846_clu_rasp14_pi4gb_r1,893,perf_20261002-152846_clu_rasp14_pi4gb_r1,3,235,1790954930143,0,1790956323345.759,387.357,7.719,1790956323741.321,Normal,0.9323
rasp1,34773,20261002-152846_clu_rasp14_pi4gb_r1,899,perf_20261002-152846_clu_rasp14_pi4gb_r1,3,236,1790954930144,0,1790956323742.298,564.52,6.385,1790956324313.522,Normal,0.9464
rasp1,34773,20261002-152846_clu_rasp14_pi4gb_r1,901,perf_20261002-152846_clu_rasp14_pi4gb_r1,3,237,1790954930144,0,1790956324314.117,406.12,8.133,1790956324728.895,Normal,0.974
rasp1,34773,20261002-152846_clu_rasp14_pi4gb_r1,903,perf_20261002-152846_clu_rasp14_pi4gb_r1,3,238,1790954930144,0,1790956324729.876,527.677,8.205,1790956325266.301,Normal,0.9632
rasp1,34773,20261002-152846_clu_rasp14_pi4gb_r1,906,perf_20261002-152846_clu_rasp14_pi4gb_r1,3,239,1790954930145,0,1790956325266.921,295.338,5.985,1790956325568.563,Normal,0.947
rasp1,34773,20261002-152846_clu_rasp14_pi4gb_r1,911,perf_20261002-152846_clu_rasp14_pi4gb_r1,3,240,1790954930145,0,1790956325569.167,800.654,7.149,1790956326377.296,Normal,0.9722
rasp1,34773,20261002-152846_clu_rasp14_pi4gb_r1,922,perf_20261002-152846_clu_rasp14_pi4gb_r1,3,241,1790954930150,0,1790956326377.91,318.135,6.55,1790956326703.01,Normal,0.9486
rasp1,34773,20261002-152846_clu_rasp14_pi4gb_r1,925,perf_20261002-152846_clu_rasp14_pi4gb_r1,3,242,1790954930150,0,1790956326703.578,706.816,6.34,1790956327417.207,Normal,0.965
rasp1,34773,20261002-152846_clu_rasp14_pi4gb_r1,928,perf_20261002-152846_clu_rasp14_pi4gb_r1,3,243,1790954930150,0,1790956327417.929,912.423,7.649,1790956328338.544,Normal,0.9704
rasp1,34773,20261002-152846_clu_rasp14_pi4gb_r1,932,perf_20261002-152846_clu_rasp14_pi4gb_r1,3,244,1790954930150,0,1790956328339.512,457.836,7.406,1790956328805.083,Normal,0.9769
rasp1,34773,20261002-152846_clu_rasp14_pi4gb_r1,933,perf_20261002-152846_clu_rasp14_pi4gb_r1,3,245,1790954930151,0,1790956328805.659,505.139,6.495,1790956329317.657,Normal,0.9743
rasp1,34773,20261002-152846_clu_rasp14_pi4gb_r1,936,perf_20261002-152846_clu_rasp14_pi4gb_r1,3,246,1790954930151,0,1790956329318.262,354.31,7.882,1790956329680.957,Normal,0.9478
rasp1,34773,20261002-152846_clu_rasp14_pi4gb_r1,940,perf_20261002-152846_clu_rasp14_pi4gb_r1,3,247,1790954930151,0,1790956329681.928,252.669,8.113,1790956329943.223,Normal,0.9375
rasp1,34773,20261002-152846_clu_rasp14_pi4gb_r1,941,perf_20261002-152846_clu_rasp14_pi4gb_r1,3,248,1790954930151,0,1790956329944.197,472.096,8.148,1790956330424.958,Normal,0.9642
rasp1,34773,20261002-152846_clu_rasp14_pi4gb_r1,943,perf_20261002-152846_clu_rasp14_pi4gb_r1,3,249,1790954930151,0,1790956330425.965,349.439,8.117,1790956330784.187,Normal,0.9494
rasp1,34773,20261002-152846_clu_rasp14_pi4gb_r1,944,perf_20261002-152846_clu_rasp14_pi4gb_r1,3,250,1790954930151,0,1790956330785.311,442.239,8.495,1790956331236.562,Normal,0.9708
rasp1,34773,20261002-152846_clu_rasp14_pi4gb_r1,949,perf_20261002-152846_clu_rasp14_pi4gb_r1,3,251,1790954930152,0,1790956331237.547,336.773,9.08,1790956331584.063,Normal,0.9587
rasp1,34773,20261002-152846_clu_rasp14_pi4gb_r1,955,perf_20261002-152846_clu_rasp14_pi4gb_r1,3,252,1790954930152,0,1790956331585.232,573.987,7.989,1790956332167.681,Normal,0.6686
rasp1,34773,20261002-152846_clu_rasp14_pi4gb_r1,956,perf_20261002-152846_clu_rasp14_pi4gb_r1,3,253,1790954930152,0,1790956332168.66,603.781,7.416,1790956332780.219,Normal,0.9457
rasp1,34773,20261002-152846_clu_rasp14_pi4gb_r1,958,perf_20261002-152846_clu_rasp14_pi4gb_r1,3,254,1790954930152,0,1790956332781.06,266.431,5.576,1790956333053.427,Normal,0.9587
rasp1,34773,20261002-152846_clu_rasp14_pi4gb_r1,961,perf_20261002-152846_clu_rasp14_pi4gb_r1,3,255,1790954930153,0,1790956333054.037,320.237,6.497,1790956333381.078,Normal,0.9816
rasp1,34773,20261002-152846_clu_rasp14_pi4gb_r1,964,perf_20261002-152846_clu_rasp14_pi4gb_r1,3,256,1790954930153,0,1790956333381.655,366.657,8.259,1790956333757.073,Normal,0.9395
rasp1,34773,20261002-152846_clu_rasp14_pi4gb_r1,970,perf_20261002-152846_clu_rasp14_pi4gb_r1,3,257,1790954930154,0,1790956333758.059,812.334,6.383,1790956334577.137,Normal,0.9765
rasp1,34773,20261002-152846_clu_rasp14_pi4gb_r1,972,perf_20261002-152846_clu_rasp14_pi4gb_r1,3,258,1790954930154,0,1790956334577.795,444.749,5.51,1790956335028.404,Normal,0.853
rasp1,34773,20261002-152846_clu_rasp14_pi4gb_r1,973,perf_20261002-152846_clu_rasp14_pi4gb_r1,3,259,1790954930154,0,1790956335029.009,288.391,5.848,1790956335323.543,Normal,0.9609
rasp1,34773,20261002-152846_clu_rasp14_pi4gb_r1,977,perf_20261002-152846_clu_rasp14_pi4gb_r1,3,260,1790954930156,0,1790956335324.132,467.381,7.629,1790956335799.646,Normal,0.6954
rasp1,34773,20261002-152846_clu_rasp14_pi4gb_r1,980,perf_20261002-152846_clu_rasp14_pi4gb_r1,3,261,1790954930157,0,1790956335800.615,267.759,6.33,1790956336075.019,Normal,0.9572
rasp1,34773,20261002-152846_clu_rasp14_pi4gb_r1,988,perf_20261002-152846_clu_rasp14_pi4gb_r1,3,262,1790954930157,0,1790956336075.59,309.92,8.347,1790956336394.497,Normal,0.9402
rasp1,34773,20261002-152846_clu_rasp14_pi4gb_r1,989,perf_20261002-152846_clu_rasp14_pi4gb_r1,3,263,1790954930157,0,1790956336395.199,265.985,5.943,1790956336667.43,Normal,0.9434
rasp1,34773,20261002-152846_clu_rasp14_pi4gb_r1,994,perf_20261002-152846_clu_rasp14_pi4gb_r1,3,264,1790954930158,0,1790956336668.032,1035.843,6.536,1790956337710.748,Normal,0.9714
rasp1,34773,20261002-152846_clu_rasp14_pi4gb_r1,999,perf_20261002-152846_clu_rasp14_pi4gb_r1,3,265,1790954930158,0,1790956337711.337,1578.742,7.032,1790956339297.441,Normal,0.9178
rasp1,34773,20261002-152846_clu_rasp14_pi4gb_r1,1002,perf_20261002-152846_clu_rasp14_pi4gb_r1,3,266,1790954930158,0,1790956339298.172,795.156,8.719,1790956340102.564,Normal,0.9641
rasp1,34773,20261002-152846_clu_rasp14_pi4gb_r1,1006,perf_20261002-152846_clu_rasp14_pi4gb_r1,3,267,1790954930159,0,1790956340103.535,371.654,8.272,1790956340483.932,Normal,0.9653
rasp1,34773,20261002-152846_clu_rasp14_pi4gb_r1,1008,perf_20261002-152846_clu_rasp14_pi4gb_r1,3,268,1790954930159,0,1790956340484.899,210.903,5.394,1790956340701.511,Normal,0.936
rasp1,34773,20261002-152846_clu_rasp14_pi4gb_r1,1012,perf_20261002-152846_clu_rasp14_pi4gb_r1,3,269,1790954930159,0,1790956340702.122,309.133,8.467,1790956341020.215,Normal,0.9639
rasp1,34773,20261002-152846_clu_rasp14_pi4gb_r1,1014,perf_20261002-152846_clu_rasp14_pi4gb_r1,3,270,1790954930159,0,1790956341020.907,420.047,6.543,1790956341447.798,Normal,0.9567
rasp1,34773,20261002-152846_clu_rasp14_pi4gb_r1,1017,perf_20261002-152846_clu_rasp14_pi4gb_r1,3,271,1790954930160,0,1790956341448.355,748.035,7.823,1790956342204.569,Normal,0.9781
rasp1,34773,20261002-152846_clu_rasp14_pi4gb_r1,1020,perf_20261002-152846_clu_rasp14_pi4gb_r1,3,272,1790954930160,0,1790956342205.531,437.64,7.719,1790956342651.371,Normal,0.8984
rasp1,34773,20261002-152846_clu_rasp14_pi4gb_r1,1027,perf_20261002-152846_clu_rasp14_pi4gb_r1,3,273,1790954930160,0,1790956342652.42,332.675,6.56,1790956342991.979,Normal,0.942
rasp1,34773,20261002-152846_clu_rasp14_pi4gb_r1,1033,perf_20261002-152846_clu_rasp14_pi4gb_r1,3,274,1790954930161,0,1790956342992.609,478.669,7.073,1790956343478.657,Normal,0.9584
rasp1,34773,20261002-152846_clu_rasp14_pi4gb_r1,1040,perf_20261002-152846_clu_rasp14_pi4gb_r1,3,275,1790954930189,0,1790956343479.282,343.658,7.482,1790956343830.907,Normal,0.971
rasp1,34773,20261002-152846_clu_rasp14_pi4gb_r1,1042,perf_20261002-152846_clu_rasp14_pi4gb_r1,3,276,1790954930189,0,1790956343831.594,313.681,7.901,1790956344153.69,Normal,0.9694
rasp1,34773,20261002-152846_clu_rasp14_pi4gb_r1,1051,perf_20261002-152846_clu_rasp14_pi4gb_r1,3,277,1790954930214,0,1790956344154.67,1044.431,6.322,1790956345205.739,Normal,0.9722
rasp1,34773,20261002-152846_clu_rasp14_pi4gb_r1,1053,perf_20261002-152846_clu_rasp14_pi4gb_r1,3,278,1790954930219,0,1790956345206.299,363.733,5.767,1790956345576.11,Normal,0.9517
rasp1,34773,20261002-152846_clu_rasp14_pi4gb_r1,1059,perf_20261002-152846_clu_rasp14_pi4gb_r1,3,279,1790954930220,0,1790956345576.674,681.426,7.835,1790956346266.404,Normal,0.9193
rasp1,34773,20261002-152846_clu_rasp14_pi4gb_r1,1077,perf_20261002-152846_clu_rasp14_pi4gb_r1,3,280,1790954930224,0,1790956346267.111,357.847,8.715,1790956346634.13,Normal,0.8059
rasp1,34773,20261002-152846_clu_rasp14_pi4gb_r1,1082,perf_20261002-152846_clu_rasp14_pi4gb_r1,3,281,1790954930225,0,1790956346635.099,331.934,6.483,1790956346973.825,Normal,0.9197
rasp1,34773,20261002-152846_clu_rasp14_pi4gb_r1,1084,perf_20261002-152846_clu_rasp14_pi4gb_r1,3,282,1790954930225,0,1790956346974.808,265.692,8.216,1790956347249.232,Normal,0.9728
rasp1,34773,20261002-152846_clu_rasp14_pi4gb_r1,1090,perf_20261002-152846_clu_rasp14_pi4gb_r1,3,283,1790954930226,0,1790956347250.203,255.796,5.834,1790956347512.137,Normal,0.9354
rasp1,34773,20261002-152846_clu_rasp14_pi4gb_r1,1093,perf_20261002-152846_clu_rasp14_pi4gb_r1,3,284,1790954930227,0,1790956347512.694,475.191,7.518,1790956347995.944,Normal,0.7768
rasp1,34773,20261002-152846_clu_rasp14_pi4gb_r1,1098,perf_20261002-152846_clu_rasp14_pi4gb_r1,3,285,1790954930228,0,1790956347996.635,589.527,6.131,1790956348592.601,Normal,0.9476
rasp1,34773,20261002-152846_clu_rasp14_pi4gb_r1,1100,perf_20261002-152846_clu_rasp14_pi4gb_r1,3,286,1790954930228,0,1790956348593.18,491.342,7.94,1790956349092.97,Normal,0.9779
rasp1,34773,20261002-152846_clu_rasp14_pi4gb_r1,1103,perf_20261002-152846_clu_rasp14_pi4gb_r1,3,287,1790954930229,0,1790956349093.629,228.406,7.035,1790956349329.523,Normal,0.9556
rasp1,34773,20261002-152846_clu_rasp14_pi4gb_r1,1104,perf_20261002-152846_clu_rasp14_pi4gb_r1,3,288,1790954930229,0,1790956349330.492,277.248,7.264,1790956349615.469,Normal,0.9536
rasp1,34773,20261002-152846_clu_rasp14_pi4gb_r1,1106,perf_20261002-152846_clu_rasp14_pi4gb_r1,3,289,1790954930229,0,1790956349616.065,464.609,7.287,1790956350088.598,Normal,0.905
rasp1,34773,20261002-152846_clu_rasp14_pi4gb_r1,1107,perf_20261002-152846_clu_rasp14_pi4gb_r1,3,290,1790954930229,0,1790956350089.646,304.691,6.648,1790956350401.303,Normal,0.955
rasp1,34773,20261002-152846_clu_rasp14_pi4gb_r1,1117,perf_20261002-152846_clu_rasp14_pi4gb_r1,3,291,1790954930232,0,1790956350402.271,909.663,7.487,1790956351319.774,Normal,0.9579
rasp1,34773,20261002-152846_clu_rasp14_pi4gb_r1,1122,perf_20261002-152846_clu_rasp14_pi4gb_r1,3,292,1790954930233,0,1790956351320.367,409.11,6.422,1790956351736.316,Normal,0.9684
rasp1,34773,20261002-152846_clu_rasp14_pi4gb_r1,1125,perf_20261002-152846_clu_rasp14_pi4gb_r1,3,293,1790954930233,0,1790956351736.931,294.268,7.669,1790956352039.327,Normal,0.9557
rasp1,34773,20261002-152846_clu_rasp14_pi4gb_r1,1129,perf_20261002-152846_clu_rasp14_pi4gb_r1,3,294,1790954930234,0,1790956352040.351,299.582,7.212,1790956352347.613,Normal,0.9499
rasp1,34773,20261002-152846_clu_rasp14_pi4gb_r1,1135,perf_20261002-152846_clu_rasp14_pi4gb_r1,3,295,1790954930235,0,1790956352348.599,346.297,5.807,1790956352701.013,Normal,0.8289
rasp1,34773,20261002-152846_clu_rasp14_pi4gb_r1,1143,perf_20261002-152846_clu_rasp14_pi4gb_r1,3,296,1790954930237,0,1790956352701.651,408.416,7.794,1790956353118.345,Normal,0.9728
rasp1,34773,20261002-152846_clu_rasp14_pi4gb_r1,1146,perf_20261002-152846_clu_rasp14_pi4gb_r1,3,297,1790954930237,0,1790956353119.519,339.017,8.086,1790956353467.264,Normal,0.9096
rasp1,34773,20261002-152846_clu_rasp14_pi4gb_r1,1150,perf_20261002-152846_clu_rasp14_pi4gb_r1,3,298,1790954930238,0,1790956353468.236,539.013,6.442,1790956354014.006,Normal,0.9655
rasp1,34773,20261002-152846_clu_rasp14_pi4gb_r1,1154,perf_20261002-152846_clu_rasp14_pi4gb_r1,3,299,1790954930239,0,1790956354014.59,395.469,7.886,1790956354418.447,Normal,0.9473
rasp1,34773,20261002-152846_clu_rasp14_pi4gb_r1,1156,perf_20261002-152846_clu_rasp14_pi4gb_r1,3,300,1790954930239,0,1790956354419.427,332.698,8.249,1790956354760.879,Normal,0.9485
rasp1,34773,20261002-152846_clu_rasp14_pi4gb_r1,1157,perf_20261002-152846_clu_rasp14_pi4gb_r1,3,301,1790954930239,0,1790956354761.858,513.324,7.888,1790956355283.556,Normal,0.9254
rasp1,34773,20261002-152846_clu_rasp14_pi4gb_r1,1158,perf_20261002-152846_clu_rasp14_pi4gb_r1,3,302,1790954930239,0,1790956355284.591,375.661,7.603,1790956355668.366,Normal,0.9608
rasp1,34773,20261002-152846_clu_rasp14_pi4gb_r1,1160,perf_20261002-152846_clu_rasp14_pi4gb_r1,3,303,1790954930240,0,1790956355669.382,811.742,8.426,1790956356490.027,Normal,0.9602
rasp1,34773,20261002-152846_clu_rasp14_pi4gb_r1,1161,perf_20261002-152846_clu_rasp14_pi4gb_r1,3,304,1790954930240,0,1790956356490.695,320.207,8.168,1790956356819.55,Normal,0.9096
rasp1,34773,20261002-152846_clu_rasp14_pi4gb_r1,1163,perf_20261002-152846_clu_rasp14_pi4gb_r1,3,305,1790954930240,0,1790956356820.239,250.819,7.561,1790956357079.078,Normal,0.927
rasp1,34773,20261002-152846_clu_rasp14_pi4gb_r1,1164,perf_20261002-152846_clu_rasp14_pi4gb_r1,3,306,1790954930241,0,1790956357080.044,481.825,8.017,1790956357570.201,Normal,0.9594
rasp1,34773,20261002-152846_clu_rasp14_pi4gb_r1,1166,perf_20261002-152846_clu_rasp14_pi4gb_r1,3,307,1790954930241,0,1790956357571.174,302.213,7.761,1790956357881.671,Normal,0.955
rasp1,34773,20261002-152846_clu_rasp14_pi4gb_r1,1167,perf_20261002-152846_clu_rasp14_pi4gb_r1,3,308,1790954930241,0,1790956357882.637,454.037,7.416,1790956358344.636,Normal,0.7957
rasp1,34773,20261002-152846_clu_rasp14_pi4gb_r1,1169,perf_20261002-152846_clu_rasp14_pi4gb_r1,3,309,1790954930242,0,1790956358345.639,1352.258,8.429,1790956359706.832,Normal,0.9813
rasp1,34773,20261002-152846_clu_rasp14_pi4gb_r1,1175,perf_20261002-152846_clu_rasp14_pi4gb_r1,3,310,1790954930243,0,1790956359707.805,388.041,8.423,1790956360104.743,Normal,0.7464
rasp1,34773,20261002-152846_clu_rasp14_pi4gb_r1,1177,perf_20261002-152846_clu_rasp14_pi4gb_r1,3,311,1790954930243,0,1790956360105.682,382.384,5.638,1790956360494.055,Normal,0.9609
rasp1,34773,20261002-152846_clu_rasp14_pi4gb_r1,1179,perf_20261002-152846_clu_rasp14_pi4gb_r1,3,312,1790954930244,0,1790956360494.644,1854.002,8.615,1790956362357.808,Normal,0.979
rasp1,34773,20261002-152846_clu_rasp14_pi4gb_r1,1182,perf_20261002-152846_clu_rasp14_pi4gb_r1,3,313,1790954930244,0,1790956362358.799,339.417,7.345,1790956362705.869,Normal,0.9475
rasp1,34773,20261002-152846_clu_rasp14_pi4gb_r1,1199,perf_20261002-152846_clu_rasp14_pi4gb_r1,3,314,1790954930248,0,1790956362706.436,273.374,6.171,1790956362986.284,Normal,0.8191
rasp1,34773,20261002-152846_clu_rasp14_pi4gb_r1,1202,perf_20261002-152846_clu_rasp14_pi4gb_r1,3,315,1790954930248,0,1790956362986.899,278.196,6.976,1790956363272.474,Normal,0.9473
rasp1,34773,20261002-152846_clu_rasp14_pi4gb_r1,1213,perf_20261002-152846_clu_rasp14_pi4gb_r1,3,316,1790954930250,0,1790956363273.325,271.298,6.356,1790956363551.351,Normal,0.6755
rasp1,34773,20261002-152846_clu_rasp14_pi4gb_r1,1214,perf_20261002-152846_clu_rasp14_pi4gb_r1,3,317,1790954930250,0,1790956363551.972,282.827,6.28,1790956363841.389,Normal,0.8716
rasp1,34773,20261002-152846_clu_rasp14_pi4gb_r1,1215,perf_20261002-152846_clu_rasp14_pi4gb_r1,3,318,1790954930250,0,1790956363842.084,712.403,7.149,1790956364562.001,Normal,0.9778
rasp1,34773,20261002-152846_clu_rasp14_pi4gb_r1,1216,perf_20261002-152846_clu_rasp14_pi4gb_r1,3,319,1790954930251,0,1790956364562.621,296.493,7.051,1790956364866.471,Normal,0.963
rasp1,34773,20261002-152846_clu_rasp14_pi4gb_r1,1218,perf_20261002-152846_clu_rasp14_pi4gb_r1,3,320,1790954930251,0,1790956364867.077,371.253,8.217,1790956365247.053,Normal,0.7388
rasp1,34773,20261002-152846_clu_rasp14_pi4gb_r1,1220,perf_20261002-152846_clu_rasp14_pi4gb_r1,3,321,1790954930252,0,1790956365248.051,391.033,7.865,1790956365647.424,Normal,0.9149
rasp1,34773,20261002-152846_clu_rasp14_pi4gb_r1,1228,perf_20261002-152846_clu_rasp14_pi4gb_r1,3,322,1790954930253,0,1790956365648.417,207.924,5.857,1790956365862.505,Normal,0.9375
rasp1,34773,20261002-152846_clu_rasp14_pi4gb_r1,1229,perf_20261002-152846_clu_rasp14_pi4gb_r1,3,323,1790954930253,0,1790956365863.117,417.817,6.859,1790956366288.104,Normal,0.9543
rasp1,34773,20261002-152846_clu_rasp14_pi4gb_r1,1233,perf_20261002-152846_clu_rasp14_pi4gb_r1,3,324,1790954930253,0,1790956366288.697,325.907,8.106,1790956366623.27,Normal,0.9451
rasp1,34773,20261002-152846_clu_rasp14_pi4gb_r1,1239,perf_20261002-152846_clu_rasp14_pi4gb_r1,3,325,1790954930254,0,1790956366624.347,411.674,8.718,1790956367045.2,Normal,0.9212
rasp1,34773,20261002-152846_clu_rasp14_pi4gb_r1,1241,perf_20261002-152846_clu_rasp14_pi4gb_r1,3,326,1790954930254,0,1790956367046.254,389.465,6.167,1790956367442.2,Normal,0.9475
rasp1,34773,20261002-152846_clu_rasp14_pi4gb_r1,1246,perf_20261002-152846_clu_rasp14_pi4gb_r1,3,327,1790954930254,0,1790956367442.867,359.406,6.095,1790956367808.682,Normal,0.9627
rasp1,34773,20261002-152846_clu_rasp14_pi4gb_r1,1253,perf_20261002-152846_clu_rasp14_pi4gb_r1,3,328,1790954930255,0,1790956367809.374,403.301,8.221,1790956368221.418,Normal,0.8754
rasp1,34773,20261002-152846_clu_rasp14_pi4gb_r1,1255,perf_20261002-152846_clu_rasp14_pi4gb_r1,3,329,1790954930255,0,1790956368222.423,317.594,8.07,1790956368548.569,Normal,0.9559
rasp1,34773,20261002-152846_clu_rasp14_pi4gb_r1,1258,perf_20261002-152846_clu_rasp14_pi4gb_r1,3,330,1790954930255,0,1790956368549.602,487.35,8.515,1790956369045.999,Normal,0.9159
rasp1,34773,20261002-152846_clu_rasp14_pi4gb_r1,1261,perf_20261002-152846_clu_rasp14_pi4gb_r1,3,331,1790954930256,0,1790956369047.202,365.096,5.769,1790956369418.419,Normal,0.8683
rasp1,34773,20261002-152846_clu_rasp14_pi4gb_r1,1265,perf_20261002-152846_clu_rasp14_pi4gb_r1,3,332,1790954930256,0,1790956369419.079,650.025,6.753,1790956370076.191,Normal,0.9539
rasp1,34773,20261002-152846_clu_rasp14_pi4gb_r1,1268,perf_20261002-152846_clu_rasp14_pi4gb_r1,3,333,1790954930256,0,1790956370076.856,413.051,7.924,1790956370498.295,Normal,0.8931
rasp1,34773,20261002-152846_clu_rasp14_pi4gb_r1,1269,perf_20261002-152846_clu_rasp14_pi4gb_r1,3,334,1790954930256,0,1790956370499.281,310.484,6.687,1790956370816.751,Normal,0.9255
rasp1,34773,20261002-152846_clu_rasp14_pi4gb_r1,1273,perf_20261002-152846_clu_rasp14_pi4gb_r1,3,335,1790954930256,0,1790956370817.305,254.608,6.188,1790956371078.402,Normal,0.9441
rasp1,34773,20261002-152846_clu_rasp14_pi4gb_r1,1280,perf_20261002-152846_clu_rasp14_pi4gb_r1,3,336,1790954930260,0,1790956371079.01,283.568,6.003,1790956371368.925,Normal,0.9608
rasp1,34773,20261002-152846_clu_rasp14_pi4gb_r1,1288,perf_20261002-152846_clu_rasp14_pi4gb_r1,3,337,1790954930261,0,1790956371369.493,325.059,8.293,1790956371703.348,Normal,0.9246
rasp1,34773,20261002-152846_clu_rasp14_pi4gb_r1,1289,perf_20261002-152846_clu_rasp14_pi4gb_r1,3,338,1790954930261,0,1790956371703.96,323.67,7.957,1790956372036.103,Normal,0.9008
rasp1,34773,20261002-152846_clu_rasp14_pi4gb_r1,1294,perf_20261002-152846_clu_rasp14_pi4gb_r1,3,339,1790954930261,0,1790956372037.059,1050.476,6.775,1790956373094.674,Normal,0.9796
rasp1,34773,20261002-152846_clu_rasp14_pi4gb_r1,1301,perf_20261002-152846_clu_rasp14_pi4gb_r1,3,340,1790954930262,0,1790956373095.293,278.138,7.01,1790956373380.797,Normal,0.943
rasp1,34773,20261002-152846_clu_rasp14_pi4gb_r1,1306,perf_20261002-152846_clu_rasp14_pi4gb_r1,3,341,1790954930262,0,1790956373381.835,459.269,7.77,1790956373849.431,Normal,0.9555
rasp1,34773,20261002-152846_clu_rasp14_pi4gb_r1,1314,perf_20261002-152846_clu_rasp14_pi4gb_r1,3,342,1790954930263,0,1790956373850.541,469.384,5.941,1790956374326.186,Normal,0.9227
rasp1,34773,20261002-152846_clu_rasp14_pi4gb_r1,1329,perf_20261002-152846_clu_rasp14_pi4gb_r1,3,343,1790954930264,0,1790956374326.912,628.544,8.29,1790956374964.283,Normal,0.9524
rasp1,34773,20261002-152846_clu_rasp14_pi4gb_r1,1331,perf_20261002-152846_clu_rasp14_pi4gb_r1,3,344,1790954930264,0,1790956374965.249,412.604,7.293,1790956375385.465,Normal,0.9722
rasp1,34773,20261002-152846_clu_rasp14_pi4gb_r1,1333,perf_20261002-152846_clu_rasp14_pi4gb_r1,3,345,1790954930264,0,1790956375386.065,409.675,7.951,1790956375804.156,Normal,0.9371
rasp1,34773,20261002-152846_clu_rasp14_pi4gb_r1,1336,perf_20261002-152846_clu_rasp14_pi4gb_r1,3,346,1790954930266,0,1790956375805.12,299.819,8.058,1790956376113.467,Normal,0.7884
rasp1,34773,20261002-152846_clu_rasp14_pi4gb_r1,1337,perf_20261002-152846_clu_rasp14_pi4gb_r1,3,347,1790954930266,0,1790956376114.423,435.637,6.531,1790956376556.9,Normal,0.9603
rasp1,34773,20261002-152846_clu_rasp14_pi4gb_r1,1338,perf_20261002-152846_clu_rasp14_pi4gb_r1,3,348,1790954930266,0,1790956376560.356,275.714,7.793,1790956376844.328,Normal,0.9449
rasp1,34773,20261002-152846_clu_rasp14_pi4gb_r1,1341,perf_20261002-152846_clu_rasp14_pi4gb_r1,3,349,1790954930266,0,1790956376845.282,836.263,7.125,1790956377689.029,Normal,0.9457
rasp1,34773,20261002-152846_clu_rasp14_pi4gb_r1,1343,perf_20261002-152846_clu_rasp14_pi4gb_r1,3,350,1790954930266,0,1790956377689.594,511.496,6.393,1790956378207.784,Normal,0.9445
rasp1,34773,20261002-152846_clu_rasp14_pi4gb_r1,1344,perf_20261002-152846_clu_rasp14_pi4gb_r1,3,351,1790954930266,0,1790956378208.339,700.996,6.832,1790956378916.48,Normal,0.9668
rasp1,34773,20261002-152846_clu_rasp14_pi4gb_r1,1349,perf_20261002-152846_clu_rasp14_pi4gb_r1,3,352,1790954930267,0,1790956378917.129,293.096,7.604,1790956379218.492,Normal,0.9608
rasp1,34773,20261002-152846_clu_rasp14_pi4gb_r1,1360,perf_20261002-152846_clu_rasp14_pi4gb_r1,3,353,1790954930267,0,1790956379219.45,268.018,7.298,1790956379495.348,Normal,0.9401
rasp1,34773,20261002-152846_clu_rasp14_pi4gb_r1,1365,perf_20261002-152846_clu_rasp14_pi4gb_r1,3,354,1790954930268,0,1790956379496.323,276.511,6.929,1790956379780.069,Normal,0.9427
rasp1,34773,20261002-152846_clu_rasp14_pi4gb_r1,1368,perf_20261002-152846_clu_rasp14_pi4gb_r1,3,355,1790954930268,0,1790956379780.757,481.407,5.197,1790956380267.671,Normal,0.9103
rasp1,34773,20261002-152846_clu_rasp14_pi4gb_r1,1375,perf_20261002-152846_clu_rasp14_pi4gb_r1,3,356,1790954930269,0,1790956380268.28,291.815,6.935,1790956380567.328,Normal,0.9386
rasp1,34773,20261002-152846_clu_rasp14_pi4gb_r1,1376,perf_20261002-152846_clu_rasp14_pi4gb_r1,3,357,1790954930269,0,1790956380568.293,319.481,5.965,1790956380894.05,Normal,0.9194
rasp1,34773,20261002-152846_clu_rasp14_pi4gb_r1,1378,perf_20261002-152846_clu_rasp14_pi4gb_r1,3,358,1790954930269,0,1790956380894.616,487.807,6.255,1790956381389.013,Normal,0.9083
rasp1,34773,20261002-152846_clu_rasp14_pi4gb_r1,1380,perf_20261002-152846_clu_rasp14_pi4gb_r1,3,359,1790954930269,0,1790956381389.632,398.376,9.473,1790956381797.946,Normal,0.9404
rasp1,34773,20261002-152846_clu_rasp14_pi4gb_r1,1392,perf_20261002-152846_clu_rasp14_pi4gb_r1,3,360,1790954930270,0,1790956381798.978,391.434,8.549,1790956382199.494,Normal,0.9467
rasp1,34773,20261002-152846_clu_rasp14_pi4gb_r1,1401,perf_20261002-152846_clu_rasp14_pi4gb_r1,3,361,1790954930275,0,1790956382200.628,385.207,5.888,1790956382592.053,Normal,0.8389
rasp1,34773,20261002-152846_clu_rasp14_pi4gb_r1,1406,perf_20261002-152846_clu_rasp14_pi4gb_r1,3,362,1790954930275,0,1790956382592.963,388.953,7.16,1790956382989.405,Normal,0.8872
rasp1,34773,20261002-152846_clu_rasp14_pi4gb_r1,1411,perf_20261002-152846_clu_rasp14_pi4gb_r1,3,363,1790954930276,0,1790956382990.175,313.007,6.05,1790956383309.548,Normal,0.9571
rasp1,34773,20261002-152846_clu_rasp14_pi4gb_r1,1416,perf_20261002-152846_clu_rasp14_pi4gb_r1,3,364,1790954930276,0,1790956383310.208,337.327,7.783,1790956383655.846,Normal,0.9386
rasp1,34773,20261002-152846_clu_rasp14_pi4gb_r1,1417,perf_20261002-152846_clu_rasp14_pi4gb_r1,3,365,1790954930276,0,1790956383656.509,348.1,7.749,1790956384012.895,Normal,0.9581
rasp1,34773,20261002-152846_clu_rasp14_pi4gb_r1,1423,perf_20261002-152846_clu_rasp14_pi4gb_r1,3,366,1790954930277,0,1790956384013.568,354.756,7.375,1790956384376.223,Normal,0.9611
rasp1,34773,20261002-152846_clu_rasp14_pi4gb_r1,1426,perf_20261002-152846_clu_rasp14_pi4gb_r1,3,367,1790954930277,0,1790956384376.915,294.227,6.984,1790956384678.682,Normal,0.939
rasp1,34773,20261002-152846_clu_rasp14_pi4gb_r1,1428,perf_20261002-152846_clu_rasp14_pi4gb_r1,3,368,1790954930277,0,1790956384679.69,2989.05,8.031,1790956387677.399,Normal,0.9723
rasp1,34773,20261002-152846_clu_rasp14_pi4gb_r1,1432,perf_20261002-152846_clu_rasp14_pi4gb_r1,3,369,1790954930278,0,1790956387678.378,289.262,6.138,1790956387974.144,Normal,0.943
rasp1,34773,20261002-152846_clu_rasp14_pi4gb_r1,1433,perf_20261002-152846_clu_rasp14_pi4gb_r1,3,370,1790954930278,0,1790956387974.753,312.877,6.224,1790956388294.192,Normal,0.965
rasp1,34773,20261002-152846_clu_rasp14_pi4gb_r1,1435,perf_20261002-152846_clu_rasp14_pi4gb_r1,3,371,1790954930278,0,1790956388294.788,248.999,5.759,1790956388549.863,Normal,0.9373
rasp1,34773,20261002-152846_clu_rasp14_pi4gb_r1,1438,perf_20261002-152846_clu_rasp14_pi4gb_r1,3,372,1790954930278,0,1790956388550.44,278.142,6.036,1790956388834.984,Normal,0.9384
rasp1,34773,20261002-152846_clu_rasp14_pi4gb_r1,1441,perf_20261002-152846_clu_rasp14_pi4gb_r1,3,373,1790954930278,0,1790956388835.554,278.579,6.411,1790956389120.855,Normal,0.9602
rasp1,34773,20261002-152846_clu_rasp14_pi4gb_r1,1443,perf_20261002-152846_clu_rasp14_pi4gb_r1,3,374,1790954930278,0,1790956389121.468,386.105,6.608,1790956389514.539,Normal,0.9183
rasp1,34773,20261002-152846_clu_rasp14_pi4gb_r1,1447,perf_20261002-152846_clu_rasp14_pi4gb_r1,3,375,1790954930279,0,1790956389515.131,224.635,8.192,1790956389752.407,Normal,0.9633
rasp1,34773,20261002-152846_clu_rasp14_pi4gb_r1,1448,perf_20261002-152846_clu_rasp14_pi4gb_r1,3,376,1790954930279,0,1790956389753.033,221.963,6.023,1790956389981.333,Normal,0.9608
rasp1,34773,20261002-152846_clu_rasp14_pi4gb_r1,1453,perf_20261002-152846_clu_rasp14_pi4gb_r1,3,377,1790954930279,0,1790956389981.966,726.89,7.387,1790956390716.731,Normal,0.9551
rasp1,34773,20261002-152846_clu_rasp14_pi4gb_r1,1461,perf_20261002-152846_clu_rasp14_pi4gb_r1,3,378,1790954930287,0,1790956390717.305,381.487,7.247,1790956391106.536,Normal,0.5618
rasp1,34773,20261002-152846_clu_rasp14_pi4gb_r1,1465,perf_20261002-152846_clu_rasp14_pi4gb_r1,3,379,1790954930288,0,1790956391107.506,356.794,5.976,1790956391470.605,Normal,0.9512
rasp1,34773,20261002-152846_clu_rasp14_pi4gb_r1,1466,perf_20261002-152846_clu_rasp14_pi4gb_r1,3,380,1790954930288,0,1790956391471.275,656.095,8.478,1790956392136.449,Normal,0.9461
rasp1,34773,20261002-152846_clu_rasp14_pi4gb_r1,1467,perf_20261002-152846_clu_rasp14_pi4gb_r1,3,381,1790954930288,0,1790956392137.407,325.33,6.943,1790956392470.039,Normal,0.9201
rasp1,34773,20261002-152846_clu_rasp14_pi4gb_r1,1468,perf_20261002-152846_clu_rasp14_pi4gb_r1,3,382,1790954930288,0,1790956392470.61,680.068,7.528,1790956393158.744,Normal,0.7301
rasp1,34773,20261002-152846_clu_rasp14_pi4gb_r1,1474,perf_20261002-152846_clu_rasp14_pi4gb_r1,3,383,1790954930309,0,1790956393159.667,1066.805,7.622,1790956394234.477,Normal,0.9799
rasp1,34773,20261002-152846_clu_rasp14_pi4gb_r1,1475,perf_20261002-152846_clu_rasp14_pi4gb_r1,3,384,1790954930310,0,1790956394235.449,318.395,7.582,1790956394561.919,Normal,0.9615
rasp1,34773,20261002-152846_clu_rasp14_pi4gb_r1,1477,perf_20261002-152846_clu_rasp14_pi4gb_r1,3,385,1790954930311,0,1790956394563.058,344.567,6.804,1790956394919.012,Normal,0.9718
rasp1,34773,20261002-152846_clu_rasp14_pi4gb_r1,1478,perf_20261002-152846_clu_rasp14_pi4gb_r1,3,386,1790954930311,0,1790956394919.646,312.36,6.303,1790956395238.625,Normal,0.9702
rasp1,34773,20261002-152846_clu_rasp14_pi4gb_r1,1482,perf_20261002-152846_clu_rasp14_pi4gb_r1,3,387,1790954930335,0,1790956395239.269,263.857,6.003,1790956395509.449,Normal,0.9556
rasp1,34773,20261002-152846_clu_rasp14_pi4gb_r1,1486,perf_20261002-152846_clu_rasp14_pi4gb_r1,3,388,1790954930340,0,1790956395510.037,468.079,7.289,1790956395985.886,Normal,0.9623
rasp1,34773,20261002-152846_clu_rasp14_pi4gb_r1,1491,perf_20261002-152846_clu_rasp14_pi4gb_r1,3,389,1790954930341,0,1790956395986.458,422.093,7.117,1790956396416.388,Normal,0.9681
rasp1,34773,20261002-152846_clu_rasp14_pi4gb_r1,1496,perf_20261002-152846_clu_rasp14_pi4gb_r1,3,390,1790954930342,0,1790956396417.349,287.454,7.543,1790956396712.814,Normal,0.968
rasp1,34773,20261002-152846_clu_rasp14_pi4gb_r1,1500,perf_20261002-152846_clu_rasp14_pi4gb_r1,3,391,1790954930343,0,1790956396713.776,304.79,8.743,1790956397027.823,Normal,0.9641
rasp1,34773,20261002-152846_clu_rasp14_pi4gb_r1,1501,perf_20261002-152846_clu_rasp14_pi4gb_r1,3,392,1790954930343,0,1790956397028.485,578.659,7.632,1790956397615.241,Normal,0.9758
rasp1,34773,20261002-152846_clu_rasp14_pi4gb_r1,1510,perf_20261002-152846_clu_rasp14_pi4gb_r1,3,393,1790954930344,0,1790956397616.207,291.852,7.52,1790956397916.048,Normal,0.9716
rasp1,34773,20261002-152846_clu_rasp14_pi4gb_r1,1516,perf_20261002-152846_clu_rasp14_pi4gb_r1,3,394,1790954930347,0,1790956397917.022,275.126,7.472,1790956398200.089,Normal,0.9173
rasp1,34773,20261002-152846_clu_rasp14_pi4gb_r1,1523,perf_20261002-152846_clu_rasp14_pi4gb_r1,3,395,1790954930348,0,1790956398201.055,345.571,6.729,1790956398553.786,Normal,0.9731
rasp1,34773,20261002-152846_clu_rasp14_pi4gb_r1,1526,perf_20261002-152846_clu_rasp14_pi4gb_r1,3,396,1790954930348,0,1790956398554.351,426.649,7.976,1790956398989.437,Normal,0.95
rasp1,34773,20261002-152846_clu_rasp14_pi4gb_r1,1528,perf_20261002-152846_clu_rasp14_pi4gb_r1,3,397,1790954930349,0,1790956398990.173,284.248,8.111,1790956399283.055,Normal,0.9173
rasp1,34773,20261002-152846_clu_rasp14_pi4gb_r1,1529,perf_20261002-152846_clu_rasp14_pi4gb_r1,3,398,1790954930349,0,1790956399284.024,405.708,6.16,1790956399696.203,Normal,0.8239
rasp1,34773,20261002-152846_clu_rasp14_pi4gb_r1,1530,perf_20261002-152846_clu_rasp14_pi4gb_r1,3,399,1790954930349,0,1790956399696.798,461.617,7.253,1790956400166.031,Normal,0.9335
rasp1,34773,20261002-152846_clu_rasp14_pi4gb_r1,1536,perf_20261002-152846_clu_rasp14_pi4gb_r1,3,400,1790954930350,0,1790956400166.872,296.334,6.357,1790956400469.881,Normal,0.9173
rasp1,34773,20261002-152846_clu_rasp14_pi4gb_r1,1540,perf_20261002-152846_clu_rasp14_pi4gb_r1,3,401,1790954930351,0,1790956400470.444,1174.754,8.77,1790956401654.445,Normal,0.9675
rasp1,34773,20261002-152846_clu_rasp14_pi4gb_r1,1544,perf_20261002-152846_clu_rasp14_pi4gb_r1,3,402,1790954930352,0,1790956401655.419,287.677,6.764,1790956401950.166,Normal,0.8669
rasp1,34773,20261002-152846_clu_rasp14_pi4gb_r1,1547,perf_20261002-152846_clu_rasp14_pi4gb_r1,3,403,1790954930353,0,1790956401950.773,247.052,7.022,1790956402205.154,Normal,0.955
rasp1,34773,20261002-152846_clu_rasp14_pi4gb_r1,1548,perf_20261002-152846_clu_rasp14_pi4gb_r1,3,404,1790954930353,0,1790956402205.737,280.927,6.472,1790956402493.489,Normal,0.9202
rasp1,34773,20261002-152846_clu_rasp14_pi4gb_r1,1549,perf_20261002-152846_clu_rasp14_pi4gb_r1,3,405,1790954930353,0,1790956402494.091,324.72,5.964,1790956402825.082,Normal,0.9191
rasp1,34773,20261002-152846_clu_rasp14_pi4gb_r1,1556,perf_20261002-152846_clu_rasp14_pi4gb_r1,3,406,1790954930354,0,1790956402825.683,434.731,7.856,1790956403268.984,Normal,0.9456
rasp1,34773,20261002-152846_clu_rasp14_pi4gb_r1,1557,perf_20261002-152846_clu_rasp14_pi4gb_r1,3,407,1790954930355,0,1790956403269.948,297.015,8.055,1790956403575.483,Normal,0.9538
rasp1,34773,20261002-152846_clu_rasp14_pi4gb_r1,1560,perf_20261002-152846_clu_rasp14_pi4gb_r1,3,408,1790954930355,0,1790956403576.593,407.508,7.899,1790956403992.481,Normal,0.9691
rasp1,34773,20261002-152846_clu_rasp14_pi4gb_r1,1561,perf_20261002-152846_clu_rasp14_pi4gb_r1,3,409,1790954930355,0,1790956403993.513,240.891,6.004,1790956404240.762,Normal,0.8787
rasp1,34773,20261002-152846_clu_rasp14_pi4gb_r1,1565,perf_20261002-152846_clu_rasp14_pi4gb_r1,3,410,1790954930356,0,1790956404241.35,338.101,7.416,1790956404587.389,Normal,0.9176
rasp1,34773,20261002-152846_clu_rasp14_pi4gb_r1,1567,perf_20261002-152846_clu_rasp14_pi4gb_r1,3,411,1790954930356,0,1790956404588.442,445.433,8.085,1790956405042.455,Normal,0.9616
rasp1,34773,20261002-152846_clu_rasp14_pi4gb_r1,1573,perf_20261002-152846_clu_rasp14_pi4gb_r1,3,412,1790954930358,0,1790956405043.483,331.454,8.141,1790956405383.572,Normal,0.9702
rasp1,34773,20261002-152846_clu_rasp14_pi4gb_r1,1575,perf_20261002-152846_clu_rasp14_pi4gb_r1,3,413,1790954930358,0,1790956405384.582,255.159,5.95,1790956405646.012,Normal,0.931
rasp1,34773,20261002-152846_clu_rasp14_pi4gb_r1,1580,perf_20261002-152846_clu_rasp14_pi4gb_r1,3,414,1790954930359,0,1790956405646.57,331.712,7.015,1790956405985.61,Normal,0.9728
rasp1,34773,20261002-152846_clu_rasp14_pi4gb_r1,1584,perf_20261002-152846_clu_rasp14_pi4gb_r1,3,415,1790954930360,0,1790956405986.568,391.555,7.761,1790956406386.35,Normal,0.9795
rasp1,34773,20261002-152846_clu_rasp14_pi4gb_r1,1586,perf_20261002-152846_clu_rasp14_pi4gb_r1,3,416,1790954930360,0,1790956406387.308,327.536,7.598,1790956406722.908,Normal,0.9401
rasp1,34773,20261002-152846_clu_rasp14_pi4gb_r1,1587,perf_20261002-152846_clu_rasp14_pi4gb_r1,3,417,1790954930360,0,1790956406723.876,627.083,8.99,1790956407360.423,Normal,0.9741
rasp1,34773,20261002-152846_clu_rasp14_pi4gb_r1,1589,perf_20261002-152846_clu_rasp14_pi4gb_r1,3,418,1790954930361,0,1790956407361.579,345.023,7.378,1790956407714.337,Normal,0.974
rasp1,34773,20261002-152846_clu_rasp14_pi4gb_r1,1591,perf_20261002-152846_clu_rasp14_pi4gb_r1,3,419,1790954930361,0,1790956407715.298,330.188,7.606,1790956408053.605,Normal,0.7433
rasp1,34773,20261002-152846_clu_rasp14_pi4gb_r1,1601,perf_20261002-152846_clu_rasp14_pi4gb_r1,3,420,1790954930363,0,1790956408054.783,446.187,8.106,1790956408509.547,Normal,0.6309
rasp1,34773,20261002-152846_clu_rasp14_pi4gb_r1,1602,perf_20261002-152846_clu_rasp14_pi4gb_r1,3,421,1790954930363,0,1790956408510.503,278.395,6.412,1790956408795.623,Normal,0.8803
rasp1,34773,20261002-152846_clu_rasp14_pi4gb_r1,1607,perf_20261002-152846_clu_rasp14_pi4gb_r1,3,422,1790954930364,0,1790956408796.335,213.49,6.116,1790956409016.25,Normal,0.9423
rasp1,34773,20261002-152846_clu_rasp14_pi4gb_r1,1609,perf_20261002-152846_clu_rasp14_pi4gb_r1,3,423,1790954930365,0,1790956409016.949,764.864,5.908,1790956409788.037,Normal,0.9656
rasp1,34773,20261002-152846_clu_rasp14_pi4gb_r1,1614,perf_20261002-152846_clu_rasp14_pi4gb_r1,3,424,1790954930366,0,1790956409788.599,592.28,6.422,1790956410387.604,Normal,0.9558
rasp1,34773,20261002-152846_clu_rasp14_pi4gb_r1,1618,perf_20261002-152846_clu_rasp14_pi4gb_r1,3,425,1790954930366,0,1790956410392.108,259.989,7.55,1790956410660.116,Normal,0.9119
rasp1,34773,20261002-152846_clu_rasp14_pi4gb_r1,1624,perf_20261002-152846_clu_rasp14_pi4gb_r1,3,426,1790954930368,0,1790956410661.087,374.962,6.284,1790956411042.644,Normal,0.5058
rasp1,34773,20261002-152846_clu_rasp14_pi4gb_r1,1628,perf_20261002-152846_clu_rasp14_pi4gb_r1,3,427,1790954930368,0,1790956411043.24,599.79,6.788,1790956411650.115,Normal,0.972
rasp1,34773,20261002-152846_clu_rasp14_pi4gb_r1,1630,perf_20261002-152846_clu_rasp14_pi4gb_r1,3,428,1790954930369,0,1790956411650.661,204.742,6.627,1790956411862.374,Normal,0.9423
rasp1,34773,20261002-152846_clu_rasp14_pi4gb_r1,1639,perf_20261002-152846_clu_rasp14_pi4gb_r1,3,429,1790954930370,0,1790956411863.002,267.995,8.584,1790956412140.044,Normal,0.9423
rasp1,34773,20261002-152846_clu_rasp14_pi4gb_r1,1641,perf_20261002-152846_clu_rasp14_pi4gb_r1,3,430,1790954930371,0,1790956412141.013,427.6,6.394,1790956412575.357,Normal,0.9691
rasp1,34773,20261002-152846_clu_rasp14_pi4gb_r1,1643,perf_20261002-152846_clu_rasp14_pi4gb_r1,3,431,1790954930371,0,1790956412575.948,534.926,8.618,1790956413119.955,Normal,0.9443
rasp1,34773,20261002-152846_clu_rasp14_pi4gb_r1,1644,perf_20261002-152846_clu_rasp14_pi4gb_r1,3,432,1790954930371,0,1790956413120.692,725.808,7.147,1790956413854.054,Normal,0.9668
rasp1,34773,20261002-152846_clu_rasp14_pi4gb_r1,1647,perf_20261002-152846_clu_rasp14_pi4gb_r1,3,433,1790954930372,0,1790956413854.649,361.606,6.294,1790956414222.876,Normal,0.9781
rasp1,34773,20261002-152846_clu_rasp14_pi4gb_r1,1648,perf_20261002-152846_clu_rasp14_pi4gb_r1,3,434,1790954930372,0,1790956414223.455,353.104,7.689,1790956414584.781,Normal,0.9697
rasp1,34773,20261002-152846_clu_rasp14_pi4gb_r1,1652,perf_20261002-152846_clu_rasp14_pi4gb_r1,3,435,1790954930374,0,1790956414585.963,263.122,6.148,1790956414855.556,Normal,0.9662
rasp1,34773,20261002-152846_clu_rasp14_pi4gb_r1,1654,perf_20261002-152846_clu_rasp14_pi4gb_r1,3,436,1790954930374,0,1790956414856.172,403.078,7.605,1790956415267.384,Normal,0.9514
rasp1,34773,20261002-152846_clu_rasp14_pi4gb_r1,1656,perf_20261002-152846_clu_rasp14_pi4gb_r1,3,437,1790954930374,0,1790956415268.369,248.776,6.13,1790956415523.688,Normal,0.9551
rasp1,34773,20261002-152846_clu_rasp14_pi4gb_r1,1660,perf_20261002-152846_clu_rasp14_pi4gb_r1,3,438,1790954930374,0,1790956415524.335,284.55,6.471,1790956415815.683,Normal,0.8388
rasp1,34773,20261002-152846_clu_rasp14_pi4gb_r1,1661,perf_20261002-152846_clu_rasp14_pi4gb_r1,3,439,1790954930374,0,1790956415816.35,1657.103,7.196,1790956417481.013,Normal,0.9774
rasp1,34773,20261002-152846_clu_rasp14_pi4gb_r1,1662,perf_20261002-152846_clu_rasp14_pi4gb_r1,3,440,1790954930374,0,1790956417481.59,658.283,6.632,1790956418146.818,Normal,0.9551
rasp1,34773,20261002-152846_clu_rasp14_pi4gb_r1,1665,perf_20261002-152846_clu_rasp14_pi4gb_r1,3,441,1790954930375,0,1790956418147.395,255.47,5.616,1790956418408.781,Normal,0.9423
rasp1,34773,20261002-152846_clu_rasp14_pi4gb_r1,1672,perf_20261002-152846_clu_rasp14_pi4gb_r1,3,442,1790954930375,0,1790956418409.349,251.055,8.228,1790956418669.152,Normal,0.9432
rasp1,34773,20261002-152846_clu_rasp14_pi4gb_r1,1676,perf_20261002-152846_clu_rasp14_pi4gb_r1,3,443,1790954930376,0,1790956418670.281,331.835,6.78,1790956419009.205,Normal,0.9771
rasp1,34773,20261002-152846_clu_rasp14_pi4gb_r1,1677,perf_20261002-152846_clu_rasp14_pi4gb_r1,3,444,1790954930376,0,1790956419009.804,319.573,7.611,1790956419337.68,Normal,0.8616
rasp1,34773,20261002-152846_clu_rasp14_pi4gb_r1,1678,perf_20261002-152846_clu_rasp14_pi4gb_r1,3,445,1790954930376,0,1790956419338.68,270.124,5.736,1790956419614.902,Normal,0.9599
rasp1,34773,20261002-152846_clu_rasp14_pi4gb_r1,1684,perf_20261002-152846_clu_rasp14_pi4gb_r1,3,446,1790954930376,0,1790956419615.478,309.424,6.359,1790956419931.573,Normal,0.9584
rasp1,34773,20261002-152846_clu_rasp14_pi4gb_r1,1688,perf_20261002-152846_clu_rasp14_pi4gb_r1,3,447,1790954930376,0,1790956419932.178,527.317,7.48,1790956420467.631,Normal,0.7545
rasp1,34773,20261002-152846_clu_rasp14_pi4gb_r1,1694,perf_20261002-152846_clu_rasp14_pi4gb_r1,3,448,1790954930377,0,1790956420468.613,383.586,7.508,1790956420860.297,Normal,0.9328
rasp1,34773,20261002-152846_clu_rasp14_pi4gb_r1,1700,perf_20261002-152846_clu_rasp14_pi4gb_r1,3,449,1790954930377,0,1790956420861.291,608.202,7.984,1790956421478.033,Normal,0.9398
rasp1,34773,20261002-152846_clu_rasp14_pi4gb_r1,1706,perf_20261002-152846_clu_rasp14_pi4gb_r1,3,450,1790954930378,0,1790956421479.059,331.808,7.613,1790956421818.973,Normal,0.9699
rasp1,34773,20261002-152846_clu_rasp14_pi4gb_r1,1708,perf_20261002-152846_clu_rasp14_pi4gb_r1,3,451,1790954930378,0,1790956421819.959,428.644,7.08,1790956422256.136,Normal,0.9101
rasp1,34773,20261002-152846_clu_rasp14_pi4gb_r1,1713,perf_20261002-152846_clu_rasp14_pi4gb_r1,3,452,1790954930379,0,1790956422256.753,298.615,8.571,1790956422564.463,Normal,0.9572
rasp1,34773,20261002-152846_clu_rasp14_pi4gb_r1,1714,perf_20261002-152846_clu_rasp14_pi4gb_r1,3,453,1790954930380,0,1790956422565.441,263.714,9.258,1790956422838.902,Normal,0.9423
rasp1,34773,20261002-152846_clu_rasp14_pi4gb_r1,1718,perf_20261002-152846_clu_rasp14_pi4gb_r1,3,454,1790954930380,0,1790956422839.97,303.043,6.352,1790956423149.691,Normal,0.96
rasp1,34773,20261002-152846_clu_rasp14_pi4gb_r1,1719,perf_20261002-152846_clu_rasp14_pi4gb_r1,3,455,1790954930380,0,1790956423150.298,299.172,6.763,1790956423456.582,Normal,0.9761
rasp1,34773,20261002-152846_clu_rasp14_pi4gb_r1,1724,perf_20261002-152846_clu_rasp14_pi4gb_r1,3,456,1790954930381,0,1790956423457.192,257.895,6.065,1790956423721.474,Normal,0.9396
rasp1,34773,20261002-152846_clu_rasp14_pi4gb_r1,1734,perf_20261002-152846_clu_rasp14_pi4gb_r1,3,457,1790954930381,0,1790956423722.086,277.184,7.595,1790956424007.4,Normal,0.9457
rasp1,34773,20261002-152846_clu_rasp14_pi4gb_r1,1735,perf_20261002-152846_clu_rasp14_pi4gb_r1,3,458,1790954930381,0,1790956424008.357,348.484,6.742,1790956424363.898,Normal,0.9086
rasp1,34773,20261002-152846_clu_rasp14_pi4gb_r1,1740,perf_20261002-152846_clu_rasp14_pi4gb_r1,3,459,1790954930382,0,1790956424364.46,824.371,8.544,1790956425197.892,Normal,0.9559
rasp1,34773,20261002-152846_clu_rasp14_pi4gb_r1,1741,perf_20261002-152846_clu_rasp14_pi4gb_r1,3,460,1790954930382,0,1790956425198.899,299.868,8.131,1790956425507.386,Normal,0.9116
rasp1,34773,20261002-152846_clu_rasp14_pi4gb_r1,1747,perf_20261002-152846_clu_rasp14_pi4gb_r1,3,461,1790954930382,0,1790956425508.368,260.216,5.824,1790956425774.774,Normal,0.9604
rasp1,34773,20261002-152846_clu_rasp14_pi4gb_r1,1753,perf_20261002-152846_clu_rasp14_pi4gb_r1,3,462,1790954930383,0,1790956425775.357,322.694,7.108,1790956426109.508,Normal,0.85
rasp1,34773,20261002-152846_clu_rasp14_pi4gb_r1,1763,perf_20261002-152846_clu_rasp14_pi4gb_r1,3,463,1790954930384,0,1790956426110.507,307.36,5.682,1790956426423.87,Normal,0.9664
rasp1,34773,20261002-152846_clu_rasp14_pi4gb_r1,1764,perf_20261002-152846_clu_rasp14_pi4gb_r1,3,464,1790954930384,0,1790956426424.451,313.682,7.064,1790956426745.684,Normal,0.9204
rasp1,34773,20261002-152846_clu_rasp14_pi4gb_r1,1773,perf_20261002-152846_clu_rasp14_pi4gb_r1,3,465,1790954930384,0,1790956426746.665,469.629,6.337,1790956427223.165,Normal,0.6974
rasp1,34773,20261002-152846_clu_rasp14_pi4gb_r1,1777,perf_20261002-152846_clu_rasp14_pi4gb_r1,3,466,1790954930390,0,1790956427223.821,281.464,7.441,1790956427513.064,Normal,0.9141
rasp1,34773,20261002-152846_clu_rasp14_pi4gb_r1,1781,perf_20261002-152846_clu_rasp14_pi4gb_r1,3,467,1790954930390,0,1790956427513.833,331.511,5.999,1790956427851.665,Normal,0.9711
rasp1,34773,20261002-152846_clu_rasp14_pi4gb_r1,1782,perf_20261002-152846_clu_rasp14_pi4gb_r1,3,468,1790954930390,0,1790956427852.32,371.936,7.954,1790956428232.741,Normal,0.8099
rasp1,34773,20261002-152846_clu_rasp14_pi4gb_r1,1786,perf_20261002-152846_clu_rasp14_pi4gb_r1,3,469,1790954930391,0,1790956428233.387,311.53,7.427,1790956428552.825,Normal,0.8093
rasp1,34773,20261002-152846_clu_rasp14_pi4gb_r1,1796,perf_20261002-152846_clu_rasp14_pi4gb_r1,3,470,1790954930391,0,1790956428553.794,341.594,6.342,1790956428902.098,Normal,0.9485
rasp1,34773,20261002-152846_clu_rasp14_pi4gb_r1,1799,perf_20261002-152846_clu_rasp14_pi4gb_r1,3,471,1790954930392,0,1790956428902.668,562.422,6.131,1790956429471.661,Normal,0.9617
rasp1,34773,20261002-152846_clu_rasp14_pi4gb_r1,1801,perf_20261002-152846_clu_rasp14_pi4gb_r1,3,472,1790954930392,0,1790956429472.265,312.129,5.892,1790956429790.639,Normal,0.9473
rasp1,34773,20261002-152846_clu_rasp14_pi4gb_r1,1805,perf_20261002-152846_clu_rasp14_pi4gb_r1,3,473,1790954930392,0,1790956429791.258,336.588,6.158,1790956430134.321,Normal,0.9678
rasp1,34773,20261002-152846_clu_rasp14_pi4gb_r1,1806,perf_20261002-152846_clu_rasp14_pi4gb_r1,3,474,1790954930392,0,1790956430134.93,749.101,5.978,1790956430890.349,Normal,0.8995
rasp1,34773,20261002-152846_clu_rasp14_pi4gb_r1,1807,perf_20261002-152846_clu_rasp14_pi4gb_r1,3,475,1790954930392,0,1790956430891.094,254.699,6.123,1790956431156.92,Normal,0.9589
rasp1,34773,20261002-152846_clu_rasp14_pi4gb_r1,1808,perf_20261002-152846_clu_rasp14_pi4gb_r1,3,476,1790954930392,0,1790956431157.516,304.605,5.655,1790956431468.093,Normal,0.9608
rasp1,34773,20261002-152846_clu_rasp14_pi4gb_r1,1813,perf_20261002-152846_clu_rasp14_pi4gb_r1,3,477,1790954930393,0,1790956431468.757,280.909,6.286,1790956431756.318,Normal,0.9607
rasp1,34773,20261002-152846_clu_rasp14_pi4gb_r1,1815,perf_20261002-152846_clu_rasp14_pi4gb_r1,3,478,1790954930393,0,1790956431756.926,244.595,5.916,1790956432007.797,Normal,0.9277
rasp1,34773,20261002-152846_clu_rasp14_pi4gb_r1,1824,perf_20261002-152846_clu_rasp14_pi4gb_r1,3,479,1790954930394,0,1790956432008.36,296.283,7.185,1790956432312.186,Normal,0.9468
rasp1,34773,20261002-152846_clu_rasp14_pi4gb_r1,1825,perf_20261002-152846_clu_rasp14_pi4gb_r1,3,480,1790954930394,0,1790956432312.786,309.43,6.937,1790956432629.463,Normal,0.9473
rasp1,34773,20261002-152846_clu_rasp14_pi4gb_r1,1832,perf_20261002-152846_clu_rasp14_pi4gb_r1,3,481,1790954930394,0,1790956432630.059,797.995,8.202,1790956433436.752,Normal,0.9606
rasp1,34773,20261002-152846_clu_rasp14_pi4gb_r1,1833,perf_20261002-152846_clu_rasp14_pi4gb_r1,3,482,1790954930394,0,1790956433437.693,320.103,6.266,1790956433764.419,Normal,0.6623
rasp1,34773,20261002-152846_clu_rasp14_pi4gb_r1,1839,perf_20261002-152846_clu_rasp14_pi4gb_r1,3,483,1790954930403,0,1790956433765.02,263.006,7.908,1790956434036.413,Normal,0.9375
rasp1,34773,20261002-152846_clu_rasp14_pi4gb_r1,1853,perf_20261002-152846_clu_rasp14_pi4gb_r1,3,484,1790954930422,0,1790956434037.362,344.397,6.034,1790956434388.109,Normal,0.9402
rasp1,34773,20261002-152846_clu_rasp14_pi4gb_r1,1855,perf_20261002-152846_clu_rasp14_pi4gb_r1,3,485,1790954930422,0,1790956434388.68,293.55,6.262,1790956434688.863,Normal,0.9417
rasp1,34773,20261002-152846_clu_rasp14_pi4gb_r1,1863,perf_20261002-152846_clu_rasp14_pi4gb_r1,3,486,1790954930427,0,1790956434689.475,239.247,6.324,1790956434935.509,Normal,0.9402
rasp1,34773,20261002-152846_clu_rasp14_pi4gb_r1,1877,perf_20261002-152846_clu_rasp14_pi4gb_r1,3,487,1790954930445,0,1790956434936.089,424.748,7.02,1790956435368.161,Normal,0.943
rasp1,34773,20261002-152846_clu_rasp14_pi4gb_r1,1881,perf_20261002-152846_clu_rasp14_pi4gb_r1,3,488,1790954930450,0,1790956435368.755,358.613,6.519,1790956435734.195,Normal,0.9657
rasp1,34773,20261002-152846_clu_rasp14_pi4gb_r1,1898,perf_20261002-152846_clu_rasp14_pi4gb_r1,3,489,1790954930454,0,1790956435734.788,561.872,7.386,1790956436304.537,Normal,0.8384
rasp1,34773,20261002-152846_clu_rasp14_pi4gb_r1,1899,perf_20261002-152846_clu_rasp14_pi4gb_r1,3,490,1790954930454,0,1790956436305.168,329.87,6.752,1790956436642.107,Normal,0.9457
rasp1,34773,20261002-152846_clu_rasp14_pi4gb_r1,1903,perf_20261002-152846_clu_rasp14_pi4gb_r1,3,491,1790954930454,0,1790956436642.687,307.137,5.731,1790956436956.0,Normal,0.9535
rasp1,34773,20261002-152846_clu_rasp14_pi4gb_r1,1906,perf_20261002-152846_clu_rasp14_pi4gb_r1,3,492,1790954930455,0,1790956436956.578,325.361,8.178,1790956437290.595,Normal,0.9445
rasp1,34773,20261002-152846_clu_rasp14_pi4gb_r1,1915,perf_20261002-152846_clu_rasp14_pi4gb_r1,3,493,1790954930457,0,1790956437291.293,260.547,7.117,1790956437559.264,Normal,0.9608
rasp1,34773,20261002-152846_clu_rasp14_pi4gb_r1,1918,perf_20261002-152846_clu_rasp14_pi4gb_r1,3,494,1790954930458,0,1790956437559.859,263.102,7.426,1790956437830.738,Normal,0.959
rasp1,34773,20261002-152846_clu_rasp14_pi4gb_r1,1920,perf_20261002-152846_clu_rasp14_pi4gb_r1,3,495,1790954930458,0,1790956437831.317,837.991,6.603,1790956438676.233,Normal,0.9758
rasp1,34773,20261002-152846_clu_rasp14_pi4gb_r1,1926,perf_20261002-152846_clu_rasp14_pi4gb_r1,3,496,1790954930459,0,1790956438676.984,2534.984,7.88,1790956441220.369,Normal,0.977
rasp1,34773,20261002-152846_clu_rasp14_pi4gb_r1,1927,perf_20261002-152846_clu_rasp14_pi4gb_r1,3,497,1790954930459,0,1790956441221.337,674.695,7.711,1790956441904.272,Normal,0.5939
rasp1,34773,20261002-152846_clu_rasp14_pi4gb_r1,1930,perf_20261002-152846_clu_rasp14_pi4gb_r1,3,498,1790954930460,0,1790956441905.339,536.051,9.778,1790956442451.879,Normal,0.8651
rasp1,34773,20261002-152846_clu_rasp14_pi4gb_r1,1931,perf_20261002-152846_clu_rasp14_pi4gb_r1,3,499,1790954930460,0,1790956442453.05,353.735,9.341,1790956442816.622,Normal,0.8996
rasp1,34773,20261002-152846_clu_rasp14_pi4gb_r1,4,perf_20261002-152846_clu_rasp14_pi4gb_r1,1,0,1790954929878,0,1790956443492.09,578.346,12.06,1790956444083.667,Normal,0.9588
rasp1,34773,20261002-152846_clu_rasp14_pi4gb_r1,16,perf_20261002-152846_clu_rasp14_pi4gb_r1,1,1,1790954929880,0,1790956444086.236,881.048,11.985,1790956444980.208,Normal,0.9747
rasp1,34773,20261002-152846_clu_rasp14_pi4gb_r1,24,perf_20261002-152846_clu_rasp14_pi4gb_r1,1,2,1790954929882,0,1790956444983.169,1159.203,10.287,1790956446153.64,Normal,0.9411
rasp1,34773,20261002-152846_clu_rasp14_pi4gb_r1,25,perf_20261002-152846_clu_rasp14_pi4gb_r1,1,3,1790954929882,0,1790956446155.826,908.12,9.865,1790956447074.662,Normal,0.6054
rasp1,34773,20261002-152846_clu_rasp14_pi4gb_r1,29,perf_20261002-152846_clu_rasp14_pi4gb_r1,1,4,1790954929883,0,1790956447076.059,2334.99,11.585,1790956449424.09,Normal,0.9553
rasp1,34773,20261002-152846_clu_rasp14_pi4gb_r1,40,perf_20261002-152846_clu_rasp14_pi4gb_r1,1,5,1790954929885,0,1790956449426.04,664.306,10.779,1790956450101.999,Normal,0.9018
rasp1,34773,20261002-152846_clu_rasp14_pi4gb_r1,46,perf_20261002-152846_clu_rasp14_pi4gb_r1,1,6,1790954929886,0,1790956450104.366,1576.699,10.561,1790956451692.907,Normal,0.8951
rasp1,34773,20261002-152846_clu_rasp14_pi4gb_r1,57,perf_20261002-152846_clu_rasp14_pi4gb_r1,1,7,1790954929888,0,1790956451694.584,958.285,11.402,1790956452665.542,Normal,0.5773
rasp1,34773,20261002-152846_clu_rasp14_pi4gb_r1,59,perf_20261002-152846_clu_rasp14_pi4gb_r1,1,8,1790954929888,0,1790956452666.918,2578.834,8.926,1790956455255.411,Normal,0.9787
rasp1,34773,20261002-152846_clu_rasp14_pi4gb_r1,65,perf_20261002-152846_clu_rasp14_pi4gb_r1,1,9,1790954929890,0,1790956455264.313,903.861,8.012,1790956456176.946,Normal,0.963
rasp1,34773,20261002-152846_clu_rasp14_pi4gb_r1,73,perf_20261002-152846_clu_rasp14_pi4gb_r1,1,10,1790954929891,0,1790956456179.287,1655.656,12.658,1790956457849.158,Normal,0.9591
rasp1,34773,20261002-152846_clu_rasp14_pi4gb_r1,75,perf_20261002-152846_clu_rasp14_pi4gb_r1,1,11,1790954929891,0,1790956457852.125,859.179,14.022,1790956458726.645,Normal,0.8729
rasp1,34773,20261002-152846_clu_rasp14_pi4gb_r1,77,perf_20261002-152846_clu_rasp14_pi4gb_r1,1,12,1790954929892,0,1790956458728.443,660.679,9.492,1790956459399.381,OFFENSIVE,0.8247
rasp1,34773,20261002-152846_clu_rasp14_pi4gb_r1,78,perf_20261002-152846_clu_rasp14_pi4gb_r1,1,13,1790954929892,0,1790956459401.026,746.953,11.612,1790956460160.498,Normal,0.9429
rasp1,34773,20261002-152846_clu_rasp14_pi4gb_r1,81,perf_20261002-152846_clu_rasp14_pi4gb_r1,1,14,1790954929892,0,1790956460162.675,1568.504,10.277,1790956461742.308,OFFENSIVE,0.7918
rasp1,34773,20261002-152846_clu_rasp14_pi4gb_r1,84,perf_20261002-152846_clu_rasp14_pi4gb_r1,1,15,1790954929893,0,1790956461743.667,1049.721,8.378,1790956462804.79,Normal,0.9755
rasp1,34773,20261002-152846_clu_rasp14_pi4gb_r1,97,perf_20261002-152846_clu_rasp14_pi4gb_r1,1,16,1790954929894,0,1790956462806.068,855.026,10.22,1790956463672.548,Normal,0.8164
rasp1,34773,20261002-152846_clu_rasp14_pi4gb_r1,100,perf_20261002-152846_clu_rasp14_pi4gb_r1,1,17,1790954929894,0,1790956463674.088,644.327,9.2,1790956464328.329,Normal,0.9603
rasp1,34773,20261002-152846_clu_rasp14_pi4gb_r1,102,perf_20261002-152846_clu_rasp14_pi4gb_r1,1,18,1790954929895,0,1790956464329.758,947.42,10.622,1790956465288.647,HATE,0.6385
rasp1,34773,20261002-152846_clu_rasp14_pi4gb_r1,107,perf_20261002-152846_clu_rasp14_pi4gb_r1,1,19,1790954929895,0,1790956465290.623,877.014,12.235,1790956466180.879,Normal,0.9703
rasp1,34773,20261002-152846_clu_rasp14_pi4gb_r1,109,perf_20261002-152846_clu_rasp14_pi4gb_r1,1,20,1790954929895,0,1790956466182.876,604.637,9.678,1790956466797.915,Normal,0.9608
rasp1,34773,20261002-152846_clu_rasp14_pi4gb_r1,114,perf_20261002-152846_clu_rasp14_pi4gb_r1,1,21,1790954929895,0,1790956466799.417,762.017,20.662,1790956467586.021,Normal,0.9496
rasp1,34773,20261002-152846_clu_rasp14_pi4gb_r1,115,perf_20261002-152846_clu_rasp14_pi4gb_r1,1,22,1790954929896,0,1790956467587.474,1289.364,12.855,1790956468890.447,Normal,0.9602
rasp1,34773,20261002-152846_clu_rasp14_pi4gb_r1,117,perf_20261002-152846_clu_rasp14_pi4gb_r1,1,23,1790954929896,0,1790956468895.465,1072.67,16.127,1790956469985.018,Normal,0.9592
rasp1,34773,20261002-152846_clu_rasp14_pi4gb_r1,120,perf_20261002-152846_clu_rasp14_pi4gb_r1,1,24,1790954929896,0,1790956469986.301,1187.904,11.289,1790956471186.781,Normal,0.9646
rasp1,34773,20261002-152846_clu_rasp14_pi4gb_r1,123,perf_20261002-152846_clu_rasp14_pi4gb_r1,1,25,1790954929896,0,1790956471188.275,1448.727,10.629,1790956472648.572,OFFENSIVE,0.9503
rasp1,34773,20261002-152846_clu_rasp14_pi4gb_r1,127,perf_20261002-152846_clu_rasp14_pi4gb_r1,1,26,1790954929897,0,1790956472650.417,945.649,12.243,1790956473609.545,Normal,0.9559
rasp1,34773,20261002-152846_clu_rasp14_pi4gb_r1,128,perf_20261002-152846_clu_rasp14_pi4gb_r1,1,27,1790954929897,0,1790956473611.234,2298.676,10.45,1790956475921.466,Normal,0.9757
rasp1,34773,20261002-152846_clu_rasp14_pi4gb_r1,132,perf_20261002-152846_clu_rasp14_pi4gb_r1,1,28,1790954929897,0,1790956475923.425,3107.169,8.701,1790956479040.068,Normal,0.8913
rasp1,34773,20261002-152846_clu_rasp14_pi4gb_r1,141,perf_20261002-152846_clu_rasp14_pi4gb_r1,1,29,1790954929898,0,1790956479041.936,647.568,12.157,1790956479702.508,Normal,0.8146
rasp1,34773,20261002-152846_clu_rasp14_pi4gb_r1,143,perf_20261002-152846_clu_rasp14_pi4gb_r1,1,30,1790954929898,0,1790956479704.575,716.781,20.375,1790956480442.872,Normal,0.7611
rasp1,34773,20261002-152846_clu_rasp14_pi4gb_r1,153,perf_20261002-152846_clu_rasp14_pi4gb_r1,1,31,1790954929915,0,1790956480444.248,1018.497,24.138,1790956481487.843,Normal,0.8867
rasp1,34773,20261002-152846_clu_rasp14_pi4gb_r1,155,perf_20261002-152846_clu_rasp14_pi4gb_r1,1,32,1790954929915,0,1790956481489.217,1278.384,17.941,1790956482786.324,Normal,0.9005
rasp1,34773,20261002-152846_clu_rasp14_pi4gb_r1,163,perf_20261002-152846_clu_rasp14_pi4gb_r1,1,33,1790954929938,0,1790956482788.247,974.281,16.758,1790956483780.084,Normal,0.9591
rasp1,34773,20261002-152846_clu_rasp14_pi4gb_r1,164,perf_20261002-152846_clu_rasp14_pi4gb_r1,1,34,1790954929939,0,1790956483782.026,797.217,10.008,1790956484590.21,Normal,0.9336
rasp1,34773,20261002-152846_clu_rasp14_pi4gb_r1,170,perf_20261002-152846_clu_rasp14_pi4gb_r1,1,35,1790954929940,0,1790956484592.378,679.437,10.549,1790956485283.169,Normal,0.9651
rasp1,34773,20261002-152846_clu_rasp14_pi4gb_r1,174,perf_20261002-152846_clu_rasp14_pi4gb_r1,1,36,1790954929941,0,1790956485285.276,645.854,9.044,1790956485940.901,Normal,0.9135
rasp1,34773,20261002-152846_clu_rasp14_pi4gb_r1,179,perf_20261002-152846_clu_rasp14_pi4gb_r1,1,37,1790954929942,0,1790956485942.52,682.024,10.035,1790956486635.373,Normal,0.9672
rasp1,34773,20261002-152846_clu_rasp14_pi4gb_r1,180,perf_20261002-152846_clu_rasp14_pi4gb_r1,1,38,1790954929942,0,1790956486637.424,836.865,9.281,1790956487484.606,Normal,0.6954
rasp1,34773,20261002-152846_clu_rasp14_pi4gb_r1,183,perf_20261002-152846_clu_rasp14_pi4gb_r1,1,39,1790954929942,0,1790956487485.874,844.354,10.694,1790956488342.064,Normal,0.9708
rasp1,34773,20261002-152846_clu_rasp14_pi4gb_r1,191,perf_20261002-152846_clu_rasp14_pi4gb_r1,1,40,1790954929944,0,1790956488344.251,620.739,8.92,1790956488974.55,Normal,0.9336
rasp1,34773,20261002-152846_clu_rasp14_pi4gb_r1,197,perf_20261002-152846_clu_rasp14_pi4gb_r1,1,41,1790954929945,0,1790956488975.896,803.281,11.669,1790956489791.978,Normal,0.954
rasp1,34773,20261002-152846_clu_rasp14_pi4gb_r1,206,perf_20261002-152846_clu_rasp14_pi4gb_r1,1,42,1790954929947,0,1790956489794.201,616.07,11.532,1790956490422.876,Normal,0.9386
rasp1,34773,20261002-152846_clu_rasp14_pi4gb_r1,208,perf_20261002-152846_clu_rasp14_pi4gb_r1,1,43,1790954929947,0,1790956490425.415,663.288,10.362,1790956491099.696,Normal,0.9463
rasp1,34773,20261002-152846_clu_rasp14_pi4gb_r1,209,perf_20261002-152846_clu_rasp14_pi4gb_r1,1,44,1790954929947,0,1790956491101.483,1951.732,11.312,1790956493065.342,Normal,0.745
rasp1,34773,20261002-152846_clu_rasp14_pi4gb_r1,210,perf_20261002-152846_clu_rasp14_pi4gb_r1,1,45,1790954929948,0,1790956493068.325,880.002,9.758,1790956493959.062,Normal,0.958
rasp1,34773,20261002-152846_clu_rasp14_pi4gb_r1,216,perf_20261002-152846_clu_rasp14_pi4gb_r1,1,46,1790954929954,0,1790956493961.196,706.321,11.346,1790956494680.0,Normal,0.9589
rasp1,34773,20261002-152846_clu_rasp14_pi4gb_r1,218,perf_20261002-152846_clu_rasp14_pi4gb_r1,1,47,1790954929964,0,1790956494682.933,1494.837,12.228,1790956496190.619,Normal,0.9626
rasp1,34773,20261002-152846_clu_rasp14_pi4gb_r1,224,perf_20261002-152846_clu_rasp14_pi4gb_r1,1,48,1790954929976,0,1790956496198.435,924.621,11.018,1790956497134.874,Normal,0.9371
rasp1,34773,20261002-152846_clu_rasp14_pi4gb_r1,225,perf_20261002-152846_clu_rasp14_pi4gb_r1,1,49,1790954929976,0,1790956497142.777,1338.393,11.867,1790956498493.839,Normal,0.9715
rasp1,34773,20261002-152846_clu_rasp14_pi4gb_r1,228,perf_20261002-152846_clu_rasp14_pi4gb_r1,1,50,1790954929982,0,1790956498495.424,779.811,9.801,1790956499286.244,Normal,0.9609
rasp1,34773,20261002-152846_clu_rasp14_pi4gb_r1,236,perf_20261002-152846_clu_rasp14_pi4gb_r1,1,51,1790954929984,0,1790956499287.637,983.589,10.45,1790956500282.637,Normal,0.9608
rasp1,34773,20261002-152846_clu_rasp14_pi4gb_r1,238,perf_20261002-152846_clu_rasp14_pi4gb_r1,1,52,1790954929984,0,1790956500284.638,612.454,11.349,1790956500909.466,Normal,0.9618
rasp1,34773,20261002-152846_clu_rasp14_pi4gb_r1,249,perf_20261002-152846_clu_rasp14_pi4gb_r1,1,53,1790954929986,0,1790956500911.241,704.678,9.879,1790956501626.552,Normal,0.9589
rasp1,34773,20261002-152846_clu_rasp14_pi4gb_r1,250,perf_20261002-152846_clu_rasp14_pi4gb_r1,1,54,1790954929986,0,1790956501628.003,598.613,9.806,1790956502237.217,Normal,0.8412
rasp1,34773,20261002-152846_clu_rasp14_pi4gb_r1,251,perf_20261002-152846_clu_rasp14_pi4gb_r1,1,55,1790954929986,0,1790956502239.208,875.592,9.403,1790956503124.86,Normal,0.882
rasp1,34773,20261002-152846_clu_rasp14_pi4gb_r1,255,perf_20261002-152846_clu_rasp14_pi4gb_r1,1,56,1790954929987,0,1790956503126.427,784.126,10.675,1790956503922.208,Normal,0.7941
rasp1,34773,20261002-152846_clu_rasp14_pi4gb_r1,256,perf_20261002-152846_clu_rasp14_pi4gb_r1,1,57,1790954929987,0,1790956503923.804,1030.572,10.01,1790956504965.238,Normal,0.9593
rasp1,34773,20261002-152846_clu_rasp14_pi4gb_r1,263,perf_20261002-152846_clu_rasp14_pi4gb_r1,1,58,1790954929989,0,1790956504966.836,581.084,9.207,1790956505557.824,Normal,0.9468
rasp1,34773,20261002-152846_clu_rasp14_pi4gb_r1,264,perf_20261002-152846_clu_rasp14_pi4gb_r1,1,59,1790954929989,0,1790956505559.271,829.696,11.105,1790956506401.243,Normal,0.9393
rasp1,34773,20261002-152846_clu_rasp14_pi4gb_r1,268,perf_20261002-152846_clu_rasp14_pi4gb_r1,1,60,1790954929989,0,1790956506402.646,559.711,10.567,1790956506973.801,Normal,0.9547
rasp1,34773,20261002-152846_clu_rasp14_pi4gb_r1,270,perf_20261002-152846_clu_rasp14_pi4gb_r1,1,61,1790954929990,0,1790956506975.622,4897.805,15.075,1790956511894.365,Normal,0.8744
rasp1,34773,20261002-152846_clu_rasp14_pi4gb_r1,273,perf_20261002-152846_clu_rasp14_pi4gb_r1,1,62,1790954929991,0,1790956511902.161,928.641,11.905,1790956512843.31,Normal,0.9007
rasp1,34773,20261002-152846_clu_rasp14_pi4gb_r1,276,perf_20261002-152846_clu_rasp14_pi4gb_r1,1,63,1790954929991,0,1790956512851.181,920.596,16.366,1790956513793.925,Normal,0.9627
rasp1,34773,20261002-152846_clu_rasp14_pi4gb_r1,282,perf_20261002-152846_clu_rasp14_pi4gb_r1,1,64,1790954929992,0,1790956513796.177,1061.147,17.815,1790956514876.598,Normal,0.9468
rasp1,34773,20261002-152846_clu_rasp14_pi4gb_r1,283,perf_20261002-152846_clu_rasp14_pi4gb_r1,1,65,1790954929992,0,1790956514878.479,743.599,8.868,1790956515631.776,Normal,0.9555
rasp1,34773,20261002-152846_clu_rasp14_pi4gb_r1,285,perf_20261002-152846_clu_rasp14_pi4gb_r1,1,66,1790954929993,0,1790956515633.163,729.675,10.124,1790956516373.949,Normal,0.9385
rasp1,34773,20261002-152846_clu_rasp14_pi4gb_r1,290,perf_20261002-152846_clu_rasp14_pi4gb_r1,1,67,1790954929994,0,1790956516382.252,2171.942,10.064,1790956518565.228,Normal,0.9541
rasp1,34773,20261002-152846_clu_rasp14_pi4gb_r1,296,perf_20261002-152846_clu_rasp14_pi4gb_r1,1,68,1790954929995,0,1790956518566.851,560.779,10.215,1790956519138.875,Normal,0.9181
rasp1,34773,20261002-152846_clu_rasp14_pi4gb_r1,299,perf_20261002-152846_clu_rasp14_pi4gb_r1,1,69,1790954929996,0,1790956519140.282,644.894,10.145,1790956519796.019,HATE,0.4772
rasp1,34773,20261002-152846_clu_rasp14_pi4gb_r1,307,perf_20261002-152846_clu_rasp14_pi4gb_r1,1,70,1790954929997,0,1790956519797.996,2583.066,12.514,1790956522394.232,Normal,0.7019
rasp1,34773,20261002-152846_clu_rasp14_pi4gb_r1,312,perf_20261002-152846_clu_rasp14_pi4gb_r1,1,71,1790954929998,0,1790956522396.57,640.825,10.691,1790956523049.01,Normal,0.97
rasp1,34773,20261002-152846_clu_rasp14_pi4gb_r1,324,perf_20261002-152846_clu_rasp14_pi4gb_r1,1,72,1790954930001,0,1790956523050.425,1149.737,10.192,1790956524211.105,Normal,0.8205
rasp1,34773,20261002-152846_clu_rasp14_pi4gb_r1,325,perf_20261002-152846_clu_rasp14_pi4gb_r1,1,73,1790954930001,0,1790956524213.923,2173.404,8.819,1790956526396.894,Normal,0.9369
rasp1,34773,20261002-152846_clu_rasp14_pi4gb_r1,327,perf_20261002-152846_clu_rasp14_pi4gb_r1,1,74,1790954930001,0,1790956526398.584,1060.351,9.792,1790956527469.413,Normal,0.7849
rasp1,34773,20261002-152846_clu_rasp14_pi4gb_r1,331,perf_20261002-152846_clu_rasp14_pi4gb_r1,1,75,1790954930002,0,1790956527471.106,1180.026,11.057,1790956528664.976,Normal,0.9246
rasp1,34773,20261002-152846_clu_rasp14_pi4gb_r1,338,perf_20261002-152846_clu_rasp14_pi4gb_r1,1,76,1790954930003,0,1790956528672.474,659.182,9.591,1790956529342.185,Normal,0.9247
rasp1,34773,20261002-152846_clu_rasp14_pi4gb_r1,339,perf_20261002-152846_clu_rasp14_pi4gb_r1,1,77,1790954930004,0,1790956529343.61,769.224,16.828,1790956530130.286,Normal,0.8636
rasp1,34773,20261002-152846_clu_rasp14_pi4gb_r1,340,perf_20261002-152846_clu_rasp14_pi4gb_r1,1,78,1790954930004,0,1790956530134.994,803.319,23.478,1790956530965.993,Normal,0.9273
rasp1,34773,20261002-152846_clu_rasp14_pi4gb_r1,342,perf_20261002-152846_clu_rasp14_pi4gb_r1,1,79,1790954930004,0,1790956530967.609,782.382,13.3,1790956531763.931,Normal,0.9492
rasp1,34773,20261002-152846_clu_rasp14_pi4gb_r1,349,perf_20261002-152846_clu_rasp14_pi4gb_r1,1,80,1790954930006,0,1790956531765.338,614.837,9.566,1790956532390.517,Normal,0.9309
rasp1,34773,20261002-152846_clu_rasp14_pi4gb_r1,351,perf_20261002-152846_clu_rasp14_pi4gb_r1,1,81,1790954930006,0,1790956532391.922,636.269,8.504,1790956533037.473,Normal,0.9297
rasp1,34773,20261002-152846_clu_rasp14_pi4gb_r1,356,perf_20261002-152846_clu_rasp14_pi4gb_r1,1,82,1790954930007,0,1790956533039.397,673.185,10.404,1790956533723.965,Normal,0.9157
rasp1,34773,20261002-152846_clu_rasp14_pi4gb_r1,363,perf_20261002-152846_clu_rasp14_pi4gb_r1,1,83,1790954930008,0,1790956533726.056,602.193,10.094,1790956534339.344,Normal,0.9403
rasp1,34773,20261002-152846_clu_rasp14_pi4gb_r1,365,perf_20261002-152846_clu_rasp14_pi4gb_r1,1,84,1790954930009,0,1790956534341.121,634.894,10.168,1790956534987.088,Normal,0.9371
rasp1,34773,20261002-152846_clu_rasp14_pi4gb_r1,370,perf_20261002-152846_clu_rasp14_pi4gb_r1,1,85,1790954930010,0,1790956534988.527,612.408,12.188,1790956535614.404,Normal,0.9512
rasp1,34773,20261002-152846_clu_rasp14_pi4gb_r1,371,perf_20261002-152846_clu_rasp14_pi4gb_r1,1,86,1790954930010,0,1790956535615.87,1163.669,9.758,1790956536790.105,Normal,0.9728
rasp1,34773,20261002-152846_clu_rasp14_pi4gb_r1,373,perf_20261002-152846_clu_rasp14_pi4gb_r1,1,87,1790954930011,0,1790956536791.933,841.189,10.886,1790956537645.13,Normal,0.5223
rasp1,34773,20261002-152846_clu_rasp14_pi4gb_r1,374,perf_20261002-152846_clu_rasp14_pi4gb_r1,1,88,1790954930011,0,1790956537647.423,3199.711,9.794,1790956540858.38,Normal,0.9543
rasp1,34773,20261002-152846_clu_rasp14_pi4gb_r1,377,perf_20261002-152846_clu_rasp14_pi4gb_r1,1,89,1790954930011,0,1790956540860.018,822.945,11.93,1790956541695.857,Normal,0.83
rasp1,34773,20261002-152846_clu_rasp14_pi4gb_r1,382,perf_20261002-152846_clu_rasp14_pi4gb_r1,1,90,1790954930012,0,1790956541697.605,798.384,16.424,1790956542513.077,Normal,0.9451
rasp1,34773,20261002-152846_clu_rasp14_pi4gb_r1,385,perf_20261002-152846_clu_rasp14_pi4gb_r1,1,91,1790954930013,0,1790956542515.556,1006.482,13.613,1790956543536.486,OFFENSIVE,0.9346
rasp1,34773,20261002-152846_clu_rasp14_pi4gb_r1,388,perf_20261002-152846_clu_rasp14_pi4gb_r1,1,92,1790954930013,0,1790956543544.176,1001.184,12.485,1790956544558.525,Normal,0.9424
rasp1,34773,20261002-152846_clu_rasp14_pi4gb_r1,392,perf_20261002-152846_clu_rasp14_pi4gb_r1,1,93,1790954930014,0,1790956544560.01,1030.576,11.656,1790956545602.988,Normal,0.9482
rasp1,34773,20261002-152846_clu_rasp14_pi4gb_r1,393,perf_20261002-152846_clu_rasp14_pi4gb_r1,1,94,1790954930014,0,1790956545605.319,692.634,10.53,1790956546309.224,Normal,0.9671
rasp1,34773,20261002-152846_clu_rasp14_pi4gb_r1,395,perf_20261002-152846_clu_rasp14_pi4gb_r1,1,95,1790954930014,0,1790956546310.591,687.692,11.557,1790956547010.933,Normal,0.9255
rasp1,34773,20261002-152846_clu_rasp14_pi4gb_r1,398,perf_20261002-152846_clu_rasp14_pi4gb_r1,1,96,1790954930014,0,1790956547012.655,662.173,10.958,1790956547686.636,Normal,0.9401
rasp1,34773,20261002-152846_clu_rasp14_pi4gb_r1,401,perf_20261002-152846_clu_rasp14_pi4gb_r1,1,97,1790954930019,0,1790956547688.506,662.663,10.951,1790956548363.099,Normal,0.9572
rasp1,34773,20261002-152846_clu_rasp14_pi4gb_r1,406,perf_20261002-152846_clu_rasp14_pi4gb_r1,1,98,1790954930020,0,1790956548364.907,634.726,10.931,1790956549011.58,Normal,0.9375
rasp1,34773,20261002-152846_clu_rasp14_pi4gb_r1,407,perf_20261002-152846_clu_rasp14_pi4gb_r1,1,99,1790954930020,0,1790956549014.536,695.997,12.388,1790956549724.011,Normal,0.9375
rasp1,34773,20261002-152846_clu_rasp14_pi4gb_r1,413,perf_20261002-152846_clu_rasp14_pi4gb_r1,1,100,1790954930020,0,1790956549725.829,1029.38,10.478,1790956550766.8,Normal,0.9717
rasp1,34773,20261002-152846_clu_rasp14_pi4gb_r1,416,perf_20261002-152846_clu_rasp14_pi4gb_r1,1,101,1790954930021,0,1790956550768.419,802.561,9.344,1790956551581.209,Normal,0.9646
rasp1,34773,20261002-152846_clu_rasp14_pi4gb_r1,418,perf_20261002-152846_clu_rasp14_pi4gb_r1,1,102,1790954930021,0,1790956551582.843,860.814,11.366,1790956552456.532,Normal,0.9585
rasp1,34773,20261002-152846_clu_rasp14_pi4gb_r1,420,perf_20261002-152846_clu_rasp14_pi4gb_r1,1,103,1790954930021,0,1790956552458.441,654.634,9.477,1790956553123.301,Normal,0.8658
rasp1,34773,20261002-152846_clu_rasp14_pi4gb_r1,425,perf_20261002-152846_clu_rasp14_pi4gb_r1,1,104,1790954930022,0,1790956553125.185,652.577,10.459,1790956553793.684,Normal,0.97
rasp1,34773,20261002-152846_clu_rasp14_pi4gb_r1,426,perf_20261002-152846_clu_rasp14_pi4gb_r1,1,105,1790954930022,0,1790956553796.674,1337.363,9.504,1790956555144.673,Normal,0.9742
rasp1,34773,20261002-152846_clu_rasp14_pi4gb_r1,430,perf_20261002-152846_clu_rasp14_pi4gb_r1,1,106,1790954930022,0,1790956555146.286,678.703,17.775,1790956555846.89,Normal,0.9661
rasp1,34773,20261002-152846_clu_rasp14_pi4gb_r1,433,perf_20261002-152846_clu_rasp14_pi4gb_r1,1,107,1790954930022,0,1790956555851.431,850.789,14.421,1790956556717.337,Normal,0.6391
rasp1,34773,20261002-152846_clu_rasp14_pi4gb_r1,442,perf_20261002-152846_clu_rasp14_pi4gb_r1,1,108,1790954930023,0,1790956556722.34,707.015,19.489,1790956557449.691,Normal,0.9435
rasp1,34773,20261002-152846_clu_rasp14_pi4gb_r1,444,perf_20261002-152846_clu_rasp14_pi4gb_r1,1,109,1790954930023,0,1790956557458.262,920.522,13.883,1790956558393.685,Normal,0.9668
rasp1,34773,20261002-152846_clu_rasp14_pi4gb_r1,454,perf_20261002-152846_clu_rasp14_pi4gb_r1,1,110,1790954930024,0,1790956558408.51,861.877,15.845,1790956559286.961,Normal,0.8658
rasp1,34773,20261002-152846_clu_rasp14_pi4gb_r1,463,perf_20261002-152846_clu_rasp14_pi4gb_r1,1,111,1790954930025,0,1790956559292.893,692.102,10.155,1790956559996.184,Normal,0.9462
rasp1,34773,20261002-152846_clu_rasp14_pi4gb_r1,464,perf_20261002-152846_clu_rasp14_pi4gb_r1,1,112,1790954930025,0,1790956559998.816,1340.294,12.649,1790956561352.8,Normal,0.9753
rasp1,34773,20261002-152846_clu_rasp14_pi4gb_r1,468,perf_20261002-152846_clu_rasp14_pi4gb_r1,1,113,1790954930025,0,1790956561355.67,807.75,10.154,1790956562174.949,Normal,0.948
rasp1,34773,20261002-152846_clu_rasp14_pi4gb_r1,477,perf_20261002-152846_clu_rasp14_pi4gb_r1,1,114,1790954930026,0,1790956562176.479,608.469,9.362,1790956562795.155,Normal,0.9536
rasp1,34773,20261002-152846_clu_rasp14_pi4gb_r1,481,perf_20261002-152846_clu_rasp14_pi4gb_r1,1,115,1790954930026,0,1790956562796.796,775.674,10.07,1790956563583.266,Normal,0.963
rasp1,34773,20261002-152846_clu_rasp14_pi4gb_r1,489,perf_20261002-152846_clu_rasp14_pi4gb_r1,1,116,1790954930027,0,1790956563585.161,648.418,13.414,1790956564248.646,Normal,0.9201
rasp1,34773,20261002-152846_clu_rasp14_pi4gb_r1,495,perf_20261002-152846_clu_rasp14_pi4gb_r1,1,117,1790954930028,0,1790956564250.872,722.868,11.449,1790956564986.368,Normal,0.9515
rasp1,34773,20261002-152846_clu_rasp14_pi4gb_r1,498,perf_20261002-152846_clu_rasp14_pi4gb_r1,1,118,1790954930028,0,1790956564988.848,1150.735,10.539,1790956566150.896,Normal,0.9508
rasp1,34773,20261002-152846_clu_rasp14_pi4gb_r1,501,perf_20261002-152846_clu_rasp14_pi4gb_r1,1,119,1790954930028,0,1790956566152.872,836.198,10.53,1790956567000.483,Normal,0.9259
rasp1,34773,20261002-152846_clu_rasp14_pi4gb_r1,502,perf_20261002-152846_clu_rasp14_pi4gb_r1,1,120,1790954930028,0,1790956567002.351,645.874,13.269,1790956567662.919,Normal,0.9375
rasp1,34773,20261002-152846_clu_rasp14_pi4gb_r1,505,perf_20261002-152846_clu_rasp14_pi4gb_r1,1,121,1790954930028,0,1790956567665.003,1171.527,9.47,1790956568847.084,Normal,0.9435
rasp1,34773,20261002-152846_clu_rasp14_pi4gb_r1,509,perf_20261002-152846_clu_rasp14_pi4gb_r1,1,122,1790954930029,0,1790956568848.525,678.036,12.141,1790956569539.43,Normal,0.4947
rasp1,34773,20261002-152846_clu_rasp14_pi4gb_r1,510,perf_20261002-152846_clu_rasp14_pi4gb_r1,1,123,1790954930029,0,1790956569541.696,943.298,17.46,1790956570503.261,Normal,0.9581
rasp1,34773,20261002-152846_clu_rasp14_pi4gb_r1,513,perf_20261002-152846_clu_rasp14_pi4gb_r1,1,124,1790954930029,0,1790956570504.927,759.838,20.135,1790956571286.204,Normal,0.9627
rasp1,34773,20261002-152846_clu_rasp14_pi4gb_r1,516,perf_20261002-152846_clu_rasp14_pi4gb_r1,1,125,1790954930034,0,1790956571287.787,841.999,10.59,1790956572141.882,Normal,0.9529
rasp1,34773,20261002-152846_clu_rasp14_pi4gb_r1,524,perf_20261002-152846_clu_rasp14_pi4gb_r1,1,126,1790954930034,0,1790956572147.557,894.821,10.592,1790956573054.187,Normal,0.977
rasp1,34773,20261002-152846_clu_rasp14_pi4gb_r1,530,perf_20261002-152846_clu_rasp14_pi4gb_r1,1,127,1790954930035,0,1790956573055.808,643.344,9.977,1790956573710.088,OFFENSIVE,0.6533
rasp1,34773,20261002-152846_clu_rasp14_pi4gb_r1,536,perf_20261002-152846_clu_rasp14_pi4gb_r1,1,128,1790954930035,0,1790956573711.49,585.047,9.623,1790956574306.925,Normal,0.9394
rasp1,34773,20261002-152846_clu_rasp14_pi4gb_r1,542,perf_20261002-152846_clu_rasp14_pi4gb_r1,1,129,1790954930036,0,1790956574308.443,793.293,14.771,1790956575117.813,Normal,0.9717
rasp1,34773,20261002-152846_clu_rasp14_pi4gb_r1,551,perf_20261002-152846_clu_rasp14_pi4gb_r1,1,130,1790954930037,0,1790956575123.582,2260.002,9.831,1790956577394.294,Normal,0.9764
rasp1,34773,20261002-152846_clu_rasp14_pi4gb_r1,552,perf_20261002-152846_clu_rasp14_pi4gb_r1,1,131,1790954930037,0,1790956577395.821,1516.792,15.746,1790956578931.086,Normal,0.9501
rasp1,34773,20261002-152846_clu_rasp14_pi4gb_r1,555,perf_20261002-152846_clu_rasp14_pi4gb_r1,1,132,1790954930037,0,1790956578932.444,726.703,10.63,1790956579670.564,Normal,0.9387
rasp1,34773,20261002-152846_clu_rasp14_pi4gb_r1,556,perf_20261002-152846_clu_rasp14_pi4gb_r1,1,133,1790954930037,0,1790956579672.308,627.834,11.917,1790956580313.333,Normal,0.8661
rasp1,34773,20261002-152846_clu_rasp14_pi4gb_r1,557,perf_20261002-152846_clu_rasp14_pi4gb_r1,1,134,1790954930037,0,1790956580315.847,911.409,10.92,1790956581239.162,Normal,0.9607
rasp1,34773,20261002-152846_clu_rasp14_pi4gb_r1,559,perf_20261002-152846_clu_rasp14_pi4gb_r1,1,135,1790954930037,0,1790956581240.563,683.908,10.53,1790956581935.861,Normal,0.9652
rasp1,34773,20261002-152846_clu_rasp14_pi4gb_r1,577,perf_20261002-152846_clu_rasp14_pi4gb_r1,1,136,1790954930040,0,1790956581937.488,2245.325,17.848,1790956584201.312,Normal,0.9719
rasp1,34773,20261002-152846_clu_rasp14_pi4gb_r1,585,perf_20261002-152846_clu_rasp14_pi4gb_r1,1,137,1790954930040,0,1790956584202.694,1463.094,9.254,1790956585675.794,Normal,0.9524
rasp1,34773,20261002-152846_clu_rasp14_pi4gb_r1,595,perf_20261002-152846_clu_rasp14_pi4gb_r1,1,138,1790954930041,0,1790956585677.098,922.494,21.579,1790956586622.013,Normal,0.9467
rasp1,34773,20261002-152846_clu_rasp14_pi4gb_r1,601,perf_20261002-152846_clu_rasp14_pi4gb_r1,1,139,1790954930042,0,1790956586627.295,852.667,18.184,1790956587499.048,Normal,0.507
rasp1,34773,20261002-152846_clu_rasp14_pi4gb_r1,606,perf_20261002-152846_clu_rasp14_pi4gb_r1,1,140,1790954930042,0,1790956587509.619,691.969,14.019,1790956588219.52,Normal,0.9309
rasp1,34773,20261002-152846_clu_rasp14_pi4gb_r1,609,perf_20261002-152846_clu_rasp14_pi4gb_r1,1,141,1790954930043,0,1790956588228.027,548.354,12.842,1790956588790.038,Normal,0.9494
rasp1,34773,20261002-152846_clu_rasp14_pi4gb_r1,612,perf_20261002-152846_clu_rasp14_pi4gb_r1,1,142,1790954930043,0,1790956588791.401,804.379,15.876,1790956589612.39,Normal,0.9615
rasp1,34773,20261002-152846_clu_rasp14_pi4gb_r1,616,perf_20261002-152846_clu_rasp14_pi4gb_r1,1,143,1790954930043,0,1790956589613.926,2689.077,12.721,1790956592317.136,Normal,0.9635
rasp1,34773,20261002-152846_clu_rasp14_pi4gb_r1,618,perf_20261002-152846_clu_rasp14_pi4gb_r1,1,144,1790954930043,0,1790956592321.639,669.478,12.93,1790956593005.246,Normal,0.9525
rasp1,34773,20261002-152846_clu_rasp14_pi4gb_r1,624,perf_20261002-152846_clu_rasp14_pi4gb_r1,1,145,1790954930044,0,1790956593007.324,648.281,10.545,1790956593666.953,Normal,0.912
rasp1,34773,20261002-152846_clu_rasp14_pi4gb_r1,627,perf_20261002-152846_clu_rasp14_pi4gb_r1,1,146,1790954930044,0,1790956593668.904,1028.197,9.748,1790956594707.593,Normal,0.954
rasp1,34773,20261002-152846_clu_rasp14_pi4gb_r1,631,perf_20261002-152846_clu_rasp14_pi4gb_r1,1,147,1790954930044,0,1790956594709.326,662.037,10.694,1790956595390.531,Normal,0.9619
rasp1,34773,20261002-152846_clu_rasp14_pi4gb_r1,632,perf_20261002-152846_clu_rasp14_pi4gb_r1,1,148,1790954930044,0,1790956595392.188,1116.572,8.639,1790956596518.091,Normal,0.7526
rasp1,34773,20261002-152846_clu_rasp14_pi4gb_r1,637,perf_20261002-152846_clu_rasp14_pi4gb_r1,1,149,1790954930061,0,1790956596519.478,818.944,10.326,1790956597349.532,Normal,0.9534
rasp1,34773,20261002-152846_clu_rasp14_pi4gb_r1,645,perf_20261002-152846_clu_rasp14_pi4gb_r1,1,150,1790954930081,0,1790956597351.389,984.53,11.818,1790956598348.859,Normal,0.9333
rasp1,34773,20261002-152846_clu_rasp14_pi4gb_r1,651,perf_20261002-152846_clu_rasp14_pi4gb_r1,1,151,1790954930082,0,1790956598351.576,658.854,11.925,1790956599023.253,Normal,0.9172
rasp1,34773,20261002-152846_clu_rasp14_pi4gb_r1,653,perf_20261002-152846_clu_rasp14_pi4gb_r1,1,152,1790954930082,0,1790956599025.344,1074.216,10.642,1790956600110.944,Normal,0.9105
rasp1,34773,20261002-152846_clu_rasp14_pi4gb_r1,656,perf_20261002-152846_clu_rasp14_pi4gb_r1,1,153,1790954930083,0,1790956600112.352,2553.216,9.473,1790956602676.029,Normal,0.9752
rasp1,34773,20261002-152846_clu_rasp14_pi4gb_r1,671,perf_20261002-152846_clu_rasp14_pi4gb_r1,1,154,1790954930104,0,1790956602678.557,740.885,11.494,1790956603431.596,Normal,0.9373
rasp1,34773,20261002-152846_clu_rasp14_pi4gb_r1,672,perf_20261002-152846_clu_rasp14_pi4gb_r1,1,155,1790954930105,0,1790956603433.148,1914.993,10.686,1790956605359.642,Normal,0.9027
rasp1,34773,20261002-152846_clu_rasp14_pi4gb_r1,686,perf_20261002-152846_clu_rasp14_pi4gb_r1,1,156,1790954930108,0,1790956605366.194,572.577,13.918,1790956605958.779,Normal,0.9423
rasp1,34773,20261002-152846_clu_rasp14_pi4gb_r1,688,perf_20261002-152846_clu_rasp14_pi4gb_r1,1,157,1790954930108,0,1790956605960.157,660.184,9.03,1790956606630.092,Normal,0.8369
rasp1,34773,20261002-152846_clu_rasp14_pi4gb_r1,690,perf_20261002-152846_clu_rasp14_pi4gb_r1,1,158,1790954930109,0,1790956606631.479,879.448,9.227,1790956607521.044,Normal,0.8982
rasp1,34773,20261002-152846_clu_rasp14_pi4gb_r1,693,perf_20261002-152846_clu_rasp14_pi4gb_r1,1,159,1790954930109,0,1790956607522.771,613.835,10.859,1790956608148.378,Normal,0.9075
rasp1,34773,20261002-152846_clu_rasp14_pi4gb_r1,694,perf_20261002-152846_clu_rasp14_pi4gb_r1,1,160,1790954930109,0,1790956608150.173,1474.66,10.71,1790956609636.278,Normal,0.932
rasp1,34773,20261002-152846_clu_rasp14_pi4gb_r1,700,perf_20261002-152846_clu_rasp14_pi4gb_r1,1,161,1790954930111,0,1790956609637.655,1048.352,9.052,1790956610695.915,Normal,0.9612
rasp1,34773,20261002-152846_clu_rasp14_pi4gb_r1,706,perf_20261002-152846_clu_rasp14_pi4gb_r1,1,162,1790954930112,0,1790956610697.469,854.274,9.681,1790956611562.23,Normal,0.9605
rasp1,34773,20261002-152846_clu_rasp14_pi4gb_r1,707,perf_20261002-152846_clu_rasp14_pi4gb_r1,1,163,1790954930112,0,1790956611563.566,625.875,9.691,1790956612199.892,Normal,0.9514
rasp1,34773,20261002-152846_clu_rasp14_pi4gb_r1,710,perf_20261002-152846_clu_rasp14_pi4gb_r1,1,164,1790954930112,0,1790956612201.523,686.889,9.772,1790956612898.964,Normal,0.9473
rasp1,34773,20261002-152846_clu_rasp14_pi4gb_r1,711,perf_20261002-152846_clu_rasp14_pi4gb_r1,1,165,1790954930113,0,1790956612900.543,718.023,10.209,1790956613629.591,Normal,0.9306
rasp1,34773,20261002-152846_clu_rasp14_pi4gb_r1,727,perf_20261002-152846_clu_rasp14_pi4gb_r1,1,166,1790954930117,0,1790956613631.539,683.433,11.782,1790956614328.064,Normal,0.9411
rasp1,34773,20261002-152846_clu_rasp14_pi4gb_r1,728,perf_20261002-152846_clu_rasp14_pi4gb_r1,1,167,1790954930117,0,1790956614329.855,1177.047,9.296,1790956615516.877,Normal,0.9173
rasp1,34773,20261002-152846_clu_rasp14_pi4gb_r1,730,perf_20261002-152846_clu_rasp14_pi4gb_r1,1,168,1790954930117,0,1790956615518.251,572.649,9.485,1790956616101.653,Normal,0.9375
rasp1,34773,20261002-152846_clu_rasp14_pi4gb_r1,735,perf_20261002-152846_clu_rasp14_pi4gb_r1,1,169,1790954930118,0,1790956616103.598,1111.834,16.255,1790956617232.381,Normal,0.965
rasp1,34773,20261002-152846_clu_rasp14_pi4gb_r1,743,perf_20261002-152846_clu_rasp14_pi4gb_r1,1,170,1790954930120,0,1790956617241.948,697.881,12.08,1790956617952.53,Normal,0.9255
rasp1,34773,20261002-152846_clu_rasp14_pi4gb_r1,746,perf_20261002-152846_clu_rasp14_pi4gb_r1,1,171,1790954930120,0,1790956617957.067,1036.42,12.039,1790956619006.352,Normal,0.8735
rasp1,34773,20261002-152846_clu_rasp14_pi4gb_r1,748,perf_20261002-152846_clu_rasp14_pi4gb_r1,1,172,1790954930120,0,1790956619013.96,1389.069,12.793,1790956620416.865,Normal,0.9716
rasp1,34773,20261002-152846_clu_rasp14_pi4gb_r1,752,perf_20261002-152846_clu_rasp14_pi4gb_r1,1,173,1790954930121,0,1790956620418.33,787.934,10.349,1790956621217.396,Normal,0.9727
rasp1,34773,20261002-152846_clu_rasp14_pi4gb_r1,754,perf_20261002-152846_clu_rasp14_pi4gb_r1,1,174,1790954930122,0,1790956621219.455,646.731,9.863,1790956621876.797,Normal,0.9639
rasp1,34773,20261002-152846_clu_rasp14_pi4gb_r1,763,perf_20261002-152846_clu_rasp14_pi4gb_r1,1,175,1790954930123,0,1790956621878.459,730.549,9.706,1790956622619.347,Normal,0.9608
rasp1,34773,20261002-152846_clu_rasp14_pi4gb_r1,768,perf_20261002-152846_clu_rasp14_pi4gb_r1,1,176,1790954930124,0,1790956622620.967,774.163,10.883,1790956623406.862,Normal,0.9658
rasp1,34773,20261002-152846_clu_rasp14_pi4gb_r1,772,perf_20261002-152846_clu_rasp14_pi4gb_r1,1,177,1790954930125,0,1790956623408.42,588.567,9.84,1790956624007.432,Normal,0.5441
rasp1,34773,20261002-152846_clu_rasp14_pi4gb_r1,775,perf_20261002-152846_clu_rasp14_pi4gb_r1,1,178,1790954930126,0,1790956624008.862,577.026,9.434,1790956624595.914,Normal,0.9608
rasp1,34773,20261002-152846_clu_rasp14_pi4gb_r1,776,perf_20261002-152846_clu_rasp14_pi4gb_r1,1,179,1790954930126,0,1790956624597.218,538.632,11.654,1790956625148.207,Normal,0.806
rasp1,34773,20261002-152846_clu_rasp14_pi4gb_r1,786,perf_20261002-152846_clu_rasp14_pi4gb_r1,1,180,1790954930128,0,1790956625150.548,780.536,9.912,1790956625941.609,Normal,0.961
rasp1,34773,20261002-152846_clu_rasp14_pi4gb_r1,788,perf_20261002-152846_clu_rasp14_pi4gb_r1,1,181,1790954930128,0,1790956625943.42,788.725,9.458,1790956626742.313,Normal,0.9574
rasp1,34773,20261002-152846_clu_rasp14_pi4gb_r1,800,perf_20261002-152846_clu_rasp14_pi4gb_r1,1,182,1790954930131,0,1790956626743.909,722.752,9.031,1790956627476.646,Normal,0.9678
rasp1,34773,20261002-152846_clu_rasp14_pi4gb_r1,810,perf_20261002-152846_clu_rasp14_pi4gb_r1,1,183,1790954930133,0,1790956627478.602,631.442,11.325,1790956628122.035,Normal,0.9533
rasp1,34773,20261002-152846_clu_rasp14_pi4gb_r1,815,perf_20261002-152846_clu_rasp14_pi4gb_r1,1,184,1790954930134,0,1790956628123.442,839.698,9.229,1790956628973.26,Normal,0.9759
rasp1,34773,20261002-152846_clu_rasp14_pi4gb_r1,816,perf_20261002-152846_clu_rasp14_pi4gb_r1,1,185,1790954930134,0,1790956628974.798,624.65,10.92,1790956629611.093,Normal,0.7177
rasp1,34773,20261002-152846_clu_rasp14_pi4gb_r1,819,perf_20261002-152846_clu_rasp14_pi4gb_r1,1,186,1790954930134,0,1790956629612.539,786.576,15.125,1790956630415.061,Normal,0.9477
rasp1,34773,20261002-152846_clu_rasp14_pi4gb_r1,820,perf_20261002-152846_clu_rasp14_pi4gb_r1,1,187,1790954930134,0,1790956630417.202,1001.837,15.853,1790956631435.674,Normal,0.9335
rasp1,34773,20261002-152846_clu_rasp14_pi4gb_r1,826,perf_20261002-152846_clu_rasp14_pi4gb_r1,1,188,1790954930134,0,1790956631442.449,1200.915,14.391,1790956632661.681,Normal,0.9634
rasp1,34773,20261002-152846_clu_rasp14_pi4gb_r1,831,perf_20261002-152846_clu_rasp14_pi4gb_r1,1,189,1790954930135,0,1790956632669.353,1897.636,11.106,1790956634579.022,Normal,0.9283
rasp1,34773,20261002-152846_clu_rasp14_pi4gb_r1,835,perf_20261002-152846_clu_rasp14_pi4gb_r1,1,190,1790954930135,0,1790956634581.214,886.782,12.059,1790956635480.964,Normal,0.969
rasp1,34773,20261002-152846_clu_rasp14_pi4gb_r1,837,perf_20261002-152846_clu_rasp14_pi4gb_r1,1,191,1790954930135,0,1790956635483.027,686.156,11.561,1790956636181.625,Normal,0.9757
rasp1,34773,20261002-152846_clu_rasp14_pi4gb_r1,844,perf_20261002-152846_clu_rasp14_pi4gb_r1,1,192,1790954930136,0,1790956636183.937,679.153,9.96,1790956636873.776,Normal,0.9442
rasp1,34773,20261002-152846_clu_rasp14_pi4gb_r1,846,perf_20261002-152846_clu_rasp14_pi4gb_r1,1,193,1790954930136,0,1790956636875.094,1692.162,19.313,1790956638587.504,Normal,0.702
rasp1,34773,20261002-152846_clu_rasp14_pi4gb_r1,851,perf_20261002-152846_clu_rasp14_pi4gb_r1,1,194,1790954930136,0,1790956638589.481,1521.665,8.518,1790956640120.583,Normal,0.967
rasp1,34773,20261002-152846_clu_rasp14_pi4gb_r1,853,perf_20261002-152846_clu_rasp14_pi4gb_r1,1,195,1790954930137,0,1790956640122.092,3488.688,18.846,1790956643631.912,Normal,0.9343
rasp1,34773,20261002-152846_clu_rasp14_pi4gb_r1,854,perf_20261002-152846_clu_rasp14_pi4gb_r1,1,196,1790954930137,0,1790956643636.398,713.933,12.17,1790956644363.289,Normal,0.9527
rasp1,34773,20261002-152846_clu_rasp14_pi4gb_r1,857,perf_20261002-152846_clu_rasp14_pi4gb_r1,1,197,1790954930137,0,1790956644370.82,1189.628,14.555,1790956645575.805,Normal,0.8785
rasp1,34773,20261002-152846_clu_rasp14_pi4gb_r1,858,perf_20261002-152846_clu_rasp14_pi4gb_r1,1,198,1790954930137,0,1790956645581.069,753.033,11.374,1790956646346.475,Normal,0.944
rasp1,34773,20261002-152846_clu_rasp14_pi4gb_r1,861,perf_20261002-152846_clu_rasp14_pi4gb_r1,1,199,1790954930141,0,1790956646350.983,724.256,10.981,1790956647087.002,Normal,0.9539
rasp1,34773,20261002-152846_clu_rasp14_pi4gb_r1,862,perf_20261002-152846_clu_rasp14_pi4gb_r1,1,200,1790954930141,0,1790956647089.47,1292.827,9.949,1790956648393.139,Normal,0.9408
rasp1,34773,20261002-152846_clu_rasp14_pi4gb_r1,867,perf_20261002-152846_clu_rasp14_pi4gb_r1,1,201,1790954930141,0,1790956648394.518,874.957,11.62,1790956649282.239,Normal,0.8677
rasp1,34773,20261002-152846_clu_rasp14_pi4gb_r1,870,perf_20261002-152846_clu_rasp14_pi4gb_r1,1,202,1790954930142,0,1790956649283.585,909.033,11.6,1790956650205.091,Normal,0.8953
rasp1,34773,20261002-152846_clu_rasp14_pi4gb_r1,872,perf_20261002-152846_clu_rasp14_pi4gb_r1,1,203,1790954930142,0,1790956650206.983,691.103,9.048,1790956650907.95,Normal,0.9627
rasp1,34773,20261002-152846_clu_rasp14_pi4gb_r1,875,perf_20261002-152846_clu_rasp14_pi4gb_r1,1,204,1790954930142,0,1790956650909.26,1460.595,9.283,1790956652380.229,Normal,0.8758
rasp1,34773,20261002-152846_clu_rasp14_pi4gb_r1,891,perf_20261002-152846_clu_rasp14_pi4gb_r1,1,205,1790954930143,0,1790956652382.135,619.04,9.803,1790956653011.892,Normal,0.9629
rasp1,34773,20261002-152846_clu_rasp14_pi4gb_r1,898,perf_20261002-152846_clu_rasp14_pi4gb_r1,1,206,1790954930144,0,1790956653014.036,641.123,12.718,1790956653669.073,Normal,0.9656
rasp1,34773,20261002-152846_clu_rasp14_pi4gb_r1,905,perf_20261002-152846_clu_rasp14_pi4gb_r1,1,207,1790954930144,0,1790956653670.483,556.292,9.214,1790956654236.604,Normal,0.9375
rasp1,34773,20261002-152846_clu_rasp14_pi4gb_r1,907,perf_20261002-152846_clu_rasp14_pi4gb_r1,1,208,1790954930145,0,1790956654237.975,1693.399,11.75,1790956655943.9,Normal,0.9631
rasp1,34773,20261002-152846_clu_rasp14_pi4gb_r1,908,perf_20261002-152846_clu_rasp14_pi4gb_r1,1,209,1790954930145,0,1790956655945.686,1300.967,9.66,1790956657257.101,Normal,0.9725
rasp1,34773,20261002-152846_clu_rasp14_pi4gb_r1,915,perf_20261002-152846_clu_rasp14_pi4gb_r1,1,210,1790954930145,0,1790956657258.954,637.128,22.164,1790956657919.139,Normal,0.9455
rasp1,34773,20261002-152846_clu_rasp14_pi4gb_r1,919,perf_20261002-152846_clu_rasp14_pi4gb_r1,1,211,1790954930149,0,1790956657927.241,752.692,20.582,1790956658705.059,Normal,0.9375
rasp1,34773,20261002-152846_clu_rasp14_pi4gb_r1,929,perf_20261002-152846_clu_rasp14_pi4gb_r1,1,212,1790954930150,0,1790956658706.763,889.619,10.736,1790956659607.781,Normal,0.9374
rasp1,34773,20261002-152846_clu_rasp14_pi4gb_r1,930,perf_20261002-152846_clu_rasp14_pi4gb_r1,1,213,1790954930150,0,1790956659615.175,612.881,11.146,1790956660240.12,Normal,0.9494
rasp1,34773,20261002-152846_clu_rasp14_pi4gb_r1,934,perf_20261002-152846_clu_rasp14_pi4gb_r1,1,214,1790954930151,0,1790956660245.047,746.33,11.406,1790956661003.523,Normal,0.9304
rasp1,34773,20261002-152846_clu_rasp14_pi4gb_r1,938,perf_20261002-152846_clu_rasp14_pi4gb_r1,1,215,1790954930151,0,1790956661005.524,638.697,10.234,1790956661655.295,Normal,0.9751
rasp1,34773,20261002-152846_clu_rasp14_pi4gb_r1,942,perf_20261002-152846_clu_rasp14_pi4gb_r1,1,216,1790954930151,0,1790956661657.384,2565.53,10.351,1790956664234.265,Normal,0.9594
rasp1,34773,20261002-152846_clu_rasp14_pi4gb_r1,951,perf_20261002-152846_clu_rasp14_pi4gb_r1,1,217,1790954930152,0,1790956664235.849,1028.039,9.601,1790956665274.16,Normal,0.9438
rasp1,34773,20261002-152846_clu_rasp14_pi4gb_r1,952,perf_20261002-152846_clu_rasp14_pi4gb_r1,1,218,1790954930152,0,1790956665275.586,652.241,10.725,1790956665939.184,Normal,0.9699
rasp1,34773,20261002-152846_clu_rasp14_pi4gb_r1,953,perf_20261002-152846_clu_rasp14_pi4gb_r1,1,219,1790954930152,0,1790956665940.667,833.872,9.594,1790956666784.818,OFFENSIVE,0.9024
rasp1,34773,20261002-152846_clu_rasp14_pi4gb_r1,959,perf_20261002-152846_clu_rasp14_pi4gb_r1,1,220,1790954930153,0,1790956666786.947,569.962,9.615,1790956667367.465,Normal,0.9494
rasp1,34773,20261002-152846_clu_rasp14_pi4gb_r1,963,perf_20261002-152846_clu_rasp14_pi4gb_r1,1,221,1790954930153,0,1790956667370.222,1430.545,9.774,1790956668811.276,Normal,0.9444
rasp1,34773,20261002-152846_clu_rasp14_pi4gb_r1,967,perf_20261002-152846_clu_rasp14_pi4gb_r1,1,222,1790954930154,0,1790956668813.028,955.596,10.56,1790956669780.486,Normal,0.9507
rasp1,34773,20261002-152846_clu_rasp14_pi4gb_r1,969,perf_20261002-152846_clu_rasp14_pi4gb_r1,1,223,1790954930154,0,1790956669782.121,613.491,9.834,1790956670406.459,Normal,0.9387
rasp1,34773,20261002-152846_clu_rasp14_pi4gb_r1,971,perf_20261002-152846_clu_rasp14_pi4gb_r1,1,224,1790954930154,0,1790956670408.359,2267.234,12.912,1790956672689.419,Normal,0.9721
rasp1,34773,20261002-152846_clu_rasp14_pi4gb_r1,983,perf_20261002-152846_clu_rasp14_pi4gb_r1,1,225,1790954930157,0,1790956672691.51,937.995,10.048,1790956673640.322,Normal,0.9514
rasp1,34773,20261002-152846_clu_rasp14_pi4gb_r1,984,perf_20261002-152846_clu_rasp14_pi4gb_r1,1,226,1790954930157,0,1790956673641.813,1076.976,11.172,1790956674730.579,Normal,0.9617
rasp1,34773,20261002-152846_clu_rasp14_pi4gb_r1,985,perf_20261002-152846_clu_rasp14_pi4gb_r1,1,227,1790954930157,0,1790956674732.366,991.17,15.129,1790956675739.451,Normal,0.5899
rasp1,34773,20261002-152846_clu_rasp14_pi4gb_r1,987,perf_20261002-152846_clu_rasp14_pi4gb_r1,1,228,1790954930157,0,1790956675745.198,2422.6,11.833,1790956678180.405,Normal,0.979
rasp1,34773,20261002-152846_clu_rasp14_pi4gb_r1,991,perf_20261002-152846_clu_rasp14_pi4gb_r1,1,229,1790954930157,0,1790956678183.198,607.786,10.051,1790956678801.99,Normal,0.9667
rasp1,34773,20261002-152846_clu_rasp14_pi4gb_r1,995,perf_20261002-152846_clu_rasp14_pi4gb_r1,1,230,1790954930158,0,1790956678803.943,658.573,9.593,1790956679472.906,Normal,0.9375
rasp1,34773,20261002-152846_clu_rasp14_pi4gb_r1,1003,perf_20261002-152846_clu_rasp14_pi4gb_r1,1,231,1790954930158,0,1790956679474.368,1381.26,8.839,1790956680865.188,Normal,0.9268
rasp1,34773,20261002-152846_clu_rasp14_pi4gb_r1,1007,perf_20261002-152846_clu_rasp14_pi4gb_r1,1,232,1790954930159,0,1790956680866.545,1089.438,11.369,1790956681968.396,Normal,0.972
rasp1,34773,20261002-152846_clu_rasp14_pi4gb_r1,1011,perf_20261002-152846_clu_rasp14_pi4gb_r1,1,233,1790954930159,0,1790956681970.432,673.435,10.082,1790956682654.683,Normal,0.9486
rasp1,34773,20261002-152846_clu_rasp14_pi4gb_r1,1024,perf_20261002-152846_clu_rasp14_pi4gb_r1,1,234,1790954930160,0,1790956682656.874,1080.626,10.921,1790956683749.227,Normal,0.9411
rasp1,34773,20261002-152846_clu_rasp14_pi4gb_r1,1025,perf_20261002-152846_clu_rasp14_pi4gb_r1,1,235,1790954930160,0,1790956683751.158,1000.463,12.615,1790956684765.451,Normal,0.9748
rasp1,34773,20261002-152846_clu_rasp14_pi4gb_r1,1035,perf_20261002-152846_clu_rasp14_pi4gb_r1,1,236,1790954930168,0,1790956684768.37,1030.54,10.822,1790956685810.395,Normal,0.9719
rasp1,34773,20261002-152846_clu_rasp14_pi4gb_r1,1039,perf_20261002-152846_clu_rasp14_pi4gb_r1,1,237,1790954930178,0,1790956685812.147,685.214,11.348,1790956686509.646,Normal,0.8477
rasp1,34773,20261002-152846_clu_rasp14_pi4gb_r1,1043,perf_20261002-152846_clu_rasp14_pi4gb_r1,1,238,1790954930189,0,1790956686519.563,948.842,19.417,1790956687488.9,Normal,0.9614
rasp1,34773,20261002-152846_clu_rasp14_pi4gb_r1,1049,perf_20261002-152846_clu_rasp14_pi4gb_r1,1,239,1790954930205,0,1790956687490.765,980.175,17.538,1790956688489.158,Normal,0.9375
rasp1,34773,20261002-152846_clu_rasp14_pi4gb_r1,1052,perf_20261002-152846_clu_rasp14_pi4gb_r1,1,240,1790954930219,0,1790956688491.166,990.477,14.137,1790956689497.824,Normal,0.9302
rasp1,34773,20261002-152846_clu_rasp14_pi4gb_r1,1058,perf_20261002-152846_clu_rasp14_pi4gb_r1,1,241,1790954930220,0,1790956689499.455,832.123,16.731,1790956690349.046,Normal,0.9525
rasp1,34773,20261002-152846_clu_rasp14_pi4gb_r1,1061,perf_20261002-152846_clu_rasp14_pi4gb_r1,1,242,1790954930221,0,1790956690354.34,784.819,12.063,1790956691152.212,Normal,0.9022
rasp1,34773,20261002-152846_clu_rasp14_pi4gb_r1,1066,perf_20261002-152846_clu_rasp14_pi4gb_r1,1,243,1790954930222,0,1790956691154.041,1561.124,9.179,1790956692725.061,Normal,0.8687
rasp1,34773,20261002-152846_clu_rasp14_pi4gb_r1,1079,perf_20261002-152846_clu_rasp14_pi4gb_r1,1,244,1790954930224,0,1790956692726.404,776.009,10.613,1790956693513.948,Normal,0.9639
rasp1,34773,20261002-152846_clu_rasp14_pi4gb_r1,1085,perf_20261002-152846_clu_rasp14_pi4gb_r1,1,245,1790954930225,0,1790956693516.011,681.982,8.521,1790956694207.367,Normal,0.9312
rasp1,34773,20261002-152846_clu_rasp14_pi4gb_r1,1086,perf_20261002-152846_clu_rasp14_pi4gb_r1,1,246,1790954930225,0,1790956694209.404,626.212,12.368,1790956694848.884,Normal,0.9375
rasp1,34773,20261002-152846_clu_rasp14_pi4gb_r1,1087,perf_20261002-152846_clu_rasp14_pi4gb_r1,1,247,1790954930226,0,1790956694851.561,1523.795,13.054,1790956696389.685,Normal,0.9469
rasp1,34773,20261002-152846_clu_rasp14_pi4gb_r1,1094,perf_20261002-152846_clu_rasp14_pi4gb_r1,1,248,1790954930227,0,1790956696391.677,1431.555,10.47,1790956697834.796,Normal,0.8505
rasp1,34773,20261002-152846_clu_rasp14_pi4gb_r1,1101,perf_20261002-152846_clu_rasp14_pi4gb_r1,1,249,1790954930228,0,1790956697836.181,1806.391,11.619,1790956699655.119,Normal,0.9326
rasp1,34773,20261002-152846_clu_rasp14_pi4gb_r1,1102,perf_20261002-152846_clu_rasp14_pi4gb_r1,1,250,1790954930228,0,1790956699657.928,678.669,10.921,1790956700348.764,HATE,0.747
rasp1,34773,20261002-152846_clu_rasp14_pi4gb_r1,1114,perf_20261002-152846_clu_rasp14_pi4gb_r1,1,251,1790954930231,0,1790956700350.175,922.25,10.771,1790956701283.86,Normal,0.9647
rasp1,34773,20261002-152846_clu_rasp14_pi4gb_r1,1115,perf_20261002-152846_clu_rasp14_pi4gb_r1,1,252,1790954930231,0,1790956701291.297,1270.064,12.389,1790956702574.513,Normal,0.9765
rasp1,34773,20261002-152846_clu_rasp14_pi4gb_r1,1116,perf_20261002-152846_clu_rasp14_pi4gb_r1,1,253,1790954930231,0,1790956702582.429,830.626,19.242,1790956703433.125,Normal,0.9556
rasp1,34773,20261002-152846_clu_rasp14_pi4gb_r1,1121,perf_20261002-152846_clu_rasp14_pi4gb_r1,1,254,1790954930232,0,1790956703434.986,1674.549,9.324,1790956705119.589,Normal,0.9653
rasp1,34773,20261002-152846_clu_rasp14_pi4gb_r1,1131,perf_20261002-152846_clu_rasp14_pi4gb_r1,1,255,1790954930234,0,1790956705121.205,752.329,12.15,1790956705886.773,Normal,0.9208
rasp1,34773,20261002-152846_clu_rasp14_pi4gb_r1,1139,perf_20261002-152846_clu_rasp14_pi4gb_r1,1,256,1790954930236,0,1790956705889.582,670.122,9.359,1790956706569.771,Normal,0.9621
rasp1,34773,20261002-152846_clu_rasp14_pi4gb_r1,1144,perf_20261002-152846_clu_rasp14_pi4gb_r1,1,257,1790954930237,0,1790956706571.084,636.202,10.212,1790956707218.16,Normal,0.9473
rasp1,34773,20261002-152846_clu_rasp14_pi4gb_r1,1148,perf_20261002-152846_clu_rasp14_pi4gb_r1,1,258,1790954930238,0,1790956707220.031,612.846,9.363,1790956707843.175,Normal,0.9435
rasp1,34773,20261002-152846_clu_rasp14_pi4gb_r1,1165,perf_20261002-152846_clu_rasp14_pi4gb_r1,1,259,1790954930241,0,1790956707844.488,608.131,15.429,1790956708469.574,Normal,0.9457
rasp1,34773,20261002-152846_clu_rasp14_pi4gb_r1,1168,perf_20261002-152846_clu_rasp14_pi4gb_r1,1,260,1790954930241,0,1790956708472.506,587.041,9.776,1790956709070.056,Normal,0.9375
rasp1,34773,20261002-152846_clu_rasp14_pi4gb_r1,1170,perf_20261002-152846_clu_rasp14_pi4gb_r1,1,261,1790954930242,0,1790956709071.901,621.336,8.759,1790956709702.775,Normal,0.9556
rasp1,34773,20261002-152846_clu_rasp14_pi4gb_r1,1176,perf_20261002-152846_clu_rasp14_pi4gb_r1,1,262,1790954930243,0,1790956709704.36,626.864,8.659,1790956710340.55,Normal,0.9401
rasp1,34773,20261002-152846_clu_rasp14_pi4gb_r1,1185,perf_20261002-152846_clu_rasp14_pi4gb_r1,1,263,1790954930245,0,1790956710341.961,644.674,9.261,1790956710996.591,Normal,0.9715
rasp1,34773,20261002-152846_clu_rasp14_pi4gb_r1,1186,perf_20261002-152846_clu_rasp14_pi4gb_r1,1,264,1790954930245,0,1790956710998.265,689.081,8.881,1790956711696.961,Normal,0.9627
rasp1,34773,20261002-152846_clu_rasp14_pi4gb_r1,1187,perf_20261002-152846_clu_rasp14_pi4gb_r1,1,265,1790954930245,0,1790956711698.318,924.848,9.545,1790956712633.423,Normal,0.9709
rasp1,34773,20261002-152846_clu_rasp14_pi4gb_r1,1191,perf_20261002-152846_clu_rasp14_pi4gb_r1,1,266,1790954930246,0,1790956712634.853,719.297,9.433,1790956713364.33,Normal,0.9443
rasp1,34773,20261002-152846_clu_rasp14_pi4gb_r1,1192,perf_20261002-152846_clu_rasp14_pi4gb_r1,1,267,1790954930247,0,1790956713365.821,858.205,10.214,1790956714235.448,Normal,0.9618
rasp1,34773,20261002-152846_clu_rasp14_pi4gb_r1,1197,perf_20261002-152846_clu_rasp14_pi4gb_r1,1,268,1790954930247,0,1790956714236.927,598.094,18.516,1790956714860.816,Normal,0.9475
rasp1,34773,20261002-152846_clu_rasp14_pi4gb_r1,1203,perf_20261002-152846_clu_rasp14_pi4gb_r1,1,269,1790954930248,0,1790956714864.938,1034.328,12.879,1790956715913.178,Normal,0.9154
rasp1,34773,20261002-152846_clu_rasp14_pi4gb_r1,1204,perf_20261002-152846_clu_rasp14_pi4gb_r1,1,270,1790954930249,0,1790956715917.885,910.574,16.541,1790956716845.923,Normal,0.9655
rasp1,34773,20261002-152846_clu_rasp14_pi4gb_r1,1205,perf_20261002-152846_clu_rasp14_pi4gb_r1,1,271,1790954930249,0,1790956716853.519,837.543,12.564,1790956717704.522,Normal,0.8517
rasp1,34773,20261002-152846_clu_rasp14_pi4gb_r1,1211,perf_20261002-152846_clu_rasp14_pi4gb_r1,1,272,1790954930250,0,1790956717706.222,1092.969,9.592,1790956718809.668,Normal,0.969
rasp1,34773,20261002-152846_clu_rasp14_pi4gb_r1,1219,perf_20261002-152846_clu_rasp14_pi4gb_r1,1,273,1790954930251,0,1790956718811.07,926.455,10.011,1790956719748.244,Normal,0.9643
rasp1,34773,20261002-152846_clu_rasp14_pi4gb_r1,1223,perf_20261002-152846_clu_rasp14_pi4gb_r1,1,274,1790954930252,0,1790956719749.578,667.074,16.818,1790956720434.243,Normal,0.9728
rasp1,34773,20261002-152846_clu_rasp14_pi4gb_r1,1225,perf_20261002-152846_clu_rasp14_pi4gb_r1,1,275,1790954930253,0,1790956720436.582,2973.228,9.644,1790956723420.189,Normal,0.9543
rasp1,34773,20261002-152846_clu_rasp14_pi4gb_r1,1227,perf_20261002-152846_clu_rasp14_pi4gb_r1,1,276,1790954930253,0,1790956723421.816,1090.277,9.263,1790956724522.165,Normal,0.9715
rasp1,34773,20261002-152846_clu_rasp14_pi4gb_r1,1230,perf_20261002-152846_clu_rasp14_pi4gb_r1,1,277,1790954930253,0,1790956724523.962,722.48,9.469,1790956725256.583,Normal,0.9572
rasp1,34773,20261002-152846_clu_rasp14_pi4gb_r1,1235,perf_20261002-152846_clu_rasp14_pi4gb_r1,1,278,1790954930253,0,1790956725257.971,877.496,9.954,1790956726146.116,Normal,0.835
rasp1,34773,20261002-152846_clu_rasp14_pi4gb_r1,1240,perf_20261002-152846_clu_rasp14_pi4gb_r1,1,279,1790954930254,0,1790956726148.003,992.222,9.306,1790956727150.256,Normal,0.8489
rasp1,34773,20261002-152846_clu_rasp14_pi4gb_r1,1242,perf_20261002-152846_clu_rasp14_pi4gb_r1,1,280,1790954930254,0,1790956727151.592,995.993,9.077,1790956728157.4,Normal,0.8981
rasp1,34773,20261002-152846_clu_rasp14_pi4gb_r1,1245,perf_20261002-152846_clu_rasp14_pi4gb_r1,1,281,1790954930254,0,1790956728158.846,1203.008,14.541,1790956729377.11,Normal,0.7222
rasp1,34773,20261002-152846_clu_rasp14_pi4gb_r1,1252,perf_20261002-152846_clu_rasp14_pi4gb_r1,1,282,1790954930255,0,1790956729383.674,1063.44,12.778,1790956730460.649,Normal,0.9269
rasp1,34773,20261002-152846_clu_rasp14_pi4gb_r1,1259,perf_20261002-152846_clu_rasp14_pi4gb_r1,1,283,1790954930255,0,1790956730462.219,725.219,11.384,1790956731199.488,Normal,0.9196
rasp1,34773,20261002-152846_clu_rasp14_pi4gb_r1,1262,perf_20261002-152846_clu_rasp14_pi4gb_r1,1,284,1790954930256,0,1790956731207.083,818.191,11.133,1790956732037.117,Normal,0.9374
rasp1,34773,20261002-152846_clu_rasp14_pi4gb_r1,1271,perf_20261002-152846_clu_rasp14_pi4gb_r1,1,285,1790954930256,0,1790956732041.923,640.914,9.95,1790956732693.516,Normal,0.9657
rasp1,34773,20261002-152846_clu_rasp14_pi4gb_r1,1272,perf_20261002-152846_clu_rasp14_pi4gb_r1,1,286,1790954930256,0,1790956732700.686,646.715,11.657,1790956733360.365,Normal,0.9375
rasp1,34773,20261002-152846_clu_rasp14_pi4gb_r1,1275,perf_20261002-152846_clu_rasp14_pi4gb_r1,1,287,1790954930260,0,1790956733362.494,1359.059,9.074,1790956734731.39,Normal,0.9687
rasp1,34773,20261002-152846_clu_rasp14_pi4gb_r1,1276,perf_20261002-152846_clu_rasp14_pi4gb_r1,1,288,1790954930260,0,1790956734732.983,787.092,9.6,1790956735535.52,OFFENSIVE,0.6806
rasp1,34773,20261002-152846_clu_rasp14_pi4gb_r1,1282,perf_20261002-152846_clu_rasp14_pi4gb_r1,1,289,1790954930260,0,1790956735537.356,712.897,11.921,1790956736263.203,Normal,0.9503
rasp1,34773,20261002-152846_clu_rasp14_pi4gb_r1,1285,perf_20261002-152846_clu_rasp14_pi4gb_r1,1,290,1790954930260,0,1790956736265.044,649.447,10.669,1790956736925.922,Normal,0.951
rasp1,34773,20261002-152846_clu_rasp14_pi4gb_r1,1290,perf_20261002-152846_clu_rasp14_pi4gb_r1,1,291,1790954930261,0,1790956736927.44,569.693,9.271,1790956737507.153,Normal,0.9475
rasp1,34773,20261002-152846_clu_rasp14_pi4gb_r1,1296,perf_20261002-152846_clu_rasp14_pi4gb_r1,1,292,1790954930261,0,1790956737508.564,1358.357,9.571,1790956738877.35,Normal,0.966
rasp1,34773,20261002-152846_clu_rasp14_pi4gb_r1,1299,perf_20261002-152846_clu_rasp14_pi4gb_r1,1,293,1790954930262,0,1790956738879.012,764.39,10.26,1790956739654.559,Normal,0.8937
rasp1,34773,20261002-152846_clu_rasp14_pi4gb_r1,1302,perf_20261002-152846_clu_rasp14_pi4gb_r1,1,294,1790954930262,0,1790956739655.949,592.99,8.495,1790956740258.079,Normal,0.9353
rasp1,34773,20261002-152846_clu_rasp14_pi4gb_r1,1313,perf_20261002-152846_clu_rasp14_pi4gb_r1,1,295,1790954930263,0,1790956740259.506,741.79,10.007,1790956741012.071,Normal,0.951
rasp1,34773,20261002-152846_clu_rasp14_pi4gb_r1,1321,perf_20261002-152846_clu_rasp14_pi4gb_r1,1,296,1790954930263,0,1790956741013.535,699.13,10.061,1790956741723.413,Normal,0.9545
rasp1,34773,20261002-152846_clu_rasp14_pi4gb_r1,1322,perf_20261002-152846_clu_rasp14_pi4gb_r1,1,297,1790954930263,0,1790956741724.848,1596.248,10.16,1790956743332.119,Normal,0.9641
rasp1,34773,20261002-152846_clu_rasp14_pi4gb_r1,1326,perf_20261002-152846_clu_rasp14_pi4gb_r1,1,298,1790954930264,0,1790956743333.835,1346.341,10.731,1790956744691.917,Normal,0.9437
rasp1,34773,20261002-152846_clu_rasp14_pi4gb_r1,1328,perf_20261002-152846_clu_rasp14_pi4gb_r1,1,299,1790954930264,0,1790956744693.81,1193.189,29.861,1790956745917.883,Normal,0.8317
rasp1,34773,20261002-152846_clu_rasp14_pi4gb_r1,1332,perf_20261002-152846_clu_rasp14_pi4gb_r1,1,300,1790954930264,0,1790956745926.0,759.084,16.396,1790956746702.314,Normal,0.9555
rasp1,34773,20261002-152846_clu_rasp14_pi4gb_r1,1335,perf_20261002-152846_clu_rasp14_pi4gb_r1,1,301,1790954930265,0,1790956746704.155,1729.804,9.415,1790956748444.096,Normal,0.9555
rasp1,34773,20261002-152846_clu_rasp14_pi4gb_r1,1342,perf_20261002-152846_clu_rasp14_pi4gb_r1,1,302,1790954930266,0,1790956748446.832,933.18,12.026,1790956749393.059,Normal,0.9547
rasp1,34773,20261002-152846_clu_rasp14_pi4gb_r1,1350,perf_20261002-152846_clu_rasp14_pi4gb_r1,1,303,1790954930267,0,1790956749395.674,1117.613,10.001,1790956750524.46,Normal,0.9483
rasp1,34773,20261002-152846_clu_rasp14_pi4gb_r1,1352,perf_20261002-152846_clu_rasp14_pi4gb_r1,1,304,1790954930267,0,1790956750525.999,735.461,11.068,1790956751279.11,Normal,0.8935
rasp1,34773,20261002-152846_clu_rasp14_pi4gb_r1,1354,perf_20261002-152846_clu_rasp14_pi4gb_r1,1,305,1790954930267,0,1790956751281.073,605.3,10.649,1790956751897.847,Normal,0.9418
rasp1,34773,20261002-152846_clu_rasp14_pi4gb_r1,1361,perf_20261002-152846_clu_rasp14_pi4gb_r1,1,306,1790954930268,0,1790956751899.529,997.881,10.468,1790956752908.687,Normal,0.4861
rasp1,34773,20261002-152846_clu_rasp14_pi4gb_r1,1364,perf_20261002-152846_clu_rasp14_pi4gb_r1,1,307,1790954930268,0,1790956752910.515,1561.838,11.464,1790956754484.99,Normal,0.9358
rasp1,34773,20261002-152846_clu_rasp14_pi4gb_r1,1366,perf_20261002-152846_clu_rasp14_pi4gb_r1,1,308,1790954930268,0,1790956754487.007,638.306,9.692,1790956755135.953,Normal,0.9401
rasp1,34773,20261002-152846_clu_rasp14_pi4gb_r1,1370,perf_20261002-152846_clu_rasp14_pi4gb_r1,1,309,1790954930268,0,1790956755137.805,1844.625,10.711,1790956756993.969,Normal,0.9305
rasp1,34773,20261002-152846_clu_rasp14_pi4gb_r1,1372,perf_20261002-152846_clu_rasp14_pi4gb_r1,1,310,1790954930268,0,1790956756995.981,1034.83,9.936,1790956758041.583,Normal,0.9482
rasp1,34773,20261002-152846_clu_rasp14_pi4gb_r1,1373,perf_20261002-152846_clu_rasp14_pi4gb_r1,1,311,1790954930268,0,1790956758043.097,641.341,13.696,1790956758698.931,Normal,0.954
rasp1,34773,20261002-152846_clu_rasp14_pi4gb_r1,1374,perf_20261002-152846_clu_rasp14_pi4gb_r1,1,312,1790954930269,0,1790956758700.854,1667.532,13.351,1790956760382.697,Normal,0.9695
rasp1,34773,20261002-152846_clu_rasp14_pi4gb_r1,1384,perf_20261002-152846_clu_rasp14_pi4gb_r1,1,313,1790954930269,0,1790956760384.296,997.805,19.96,1790956761403.047,Normal,0.9682
rasp1,34773,20261002-152846_clu_rasp14_pi4gb_r1,1386,perf_20261002-152846_clu_rasp14_pi4gb_r1,1,314,1790954930270,0,1790956761404.806,695.172,12.954,1790956762114.05,Normal,0.956
rasp1,34773,20261002-152846_clu_rasp14_pi4gb_r1,1387,perf_20261002-152846_clu_rasp14_pi4gb_r1,1,315,1790954930270,0,1790956762116.358,710.054,9.803,1790956762836.918,Normal,0.9547
rasp1,34773,20261002-152846_clu_rasp14_pi4gb_r1,1388,perf_20261002-152846_clu_rasp14_pi4gb_r1,1,316,1790954930270,0,1790956762839.261,3216.309,9.644,1790956766066.23,Normal,0.9747
rasp1,34773,20261002-152846_clu_rasp14_pi4gb_r1,1391,perf_20261002-152846_clu_rasp14_pi4gb_r1,1,317,1790954930270,0,1790956766067.917,605.683,18.506,1790956766698.529,Normal,0.9491
rasp1,34773,20261002-152846_clu_rasp14_pi4gb_r1,1393,perf_20261002-152846_clu_rasp14_pi4gb_r1,1,318,1790954930270,0,1790956766700.522,761.501,10.345,1790956767473.193,Normal,0.906
rasp1,34773,20261002-152846_clu_rasp14_pi4gb_r1,1395,perf_20261002-152846_clu_rasp14_pi4gb_r1,1,319,1790954930270,0,1790956767474.536,764.958,8.931,1790956768249.133,Normal,0.9607
rasp1,34773,20261002-152846_clu_rasp14_pi4gb_r1,1410,perf_20261002-152846_clu_rasp14_pi4gb_r1,1,320,1790954930276,0,1790956768250.453,829.895,16.507,1790956769098.621,Normal,0.9725
rasp1,34773,20261002-152846_clu_rasp14_pi4gb_r1,1412,perf_20261002-152846_clu_rasp14_pi4gb_r1,1,321,1790954930276,0,1790956769101.558,756.742,9.621,1790956769868.696,Normal,0.9324
rasp1,34773,20261002-152846_clu_rasp14_pi4gb_r1,1413,perf_20261002-152846_clu_rasp14_pi4gb_r1,1,322,1790954930276,0,1790956769870.591,1227.633,11.781,1790956771111.248,Normal,0.9482
rasp1,34773,20261002-152846_clu_rasp14_pi4gb_r1,1415,perf_20261002-152846_clu_rasp14_pi4gb_r1,1,323,1790954930276,0,1790956771113.183,1174.138,17.998,1790956772306.034,Normal,0.9545
rasp1,34773,20261002-152846_clu_rasp14_pi4gb_r1,1418,perf_20261002-152846_clu_rasp14_pi4gb_r1,1,324,1790954930276,0,1790956772307.272,1608.577,14.927,1790956773931.42,Normal,0.963
rasp1,34773,20261002-152846_clu_rasp14_pi4gb_r1,1421,perf_20261002-152846_clu_rasp14_pi4gb_r1,1,325,1790954930277,0,1790956773938.888,878.181,10.934,1790956774828.931,Normal,0.8543
rasp1,34773,20261002-152846_clu_rasp14_pi4gb_r1,1425,perf_20261002-152846_clu_rasp14_pi4gb_r1,1,326,1790954930277,0,1790956774831.05,1073.499,12.441,1790956775918.476,Normal,0.9635
rasp1,34773,20261002-152846_clu_rasp14_pi4gb_r1,1427,perf_20261002-152846_clu_rasp14_pi4gb_r1,1,327,1790954930277,0,1790956775920.486,773.736,9.69,1790956776709.969,Normal,0.9296
rasp1,34773,20261002-152846_clu_rasp14_pi4gb_r1,1429,perf_20261002-152846_clu_rasp14_pi4gb_r1,1,328,1790954930277,0,1790956776711.372,759.233,18.705,1790956777490.012,Normal,0.9363
rasp1,34773,20261002-152846_clu_rasp14_pi4gb_r1,1434,perf_20261002-152846_clu_rasp14_pi4gb_r1,1,329,1790954930278,0,1790956777491.332,982.43,10.848,1790956778485.625,Normal,0.9394
rasp1,34773,20261002-152846_clu_rasp14_pi4gb_r1,1437,perf_20261002-152846_clu_rasp14_pi4gb_r1,1,330,1790954930278,0,1790956778487.304,796.033,10.887,1790956779295.006,Normal,0.5156
rasp1,34773,20261002-152846_clu_rasp14_pi4gb_r1,1439,perf_20261002-152846_clu_rasp14_pi4gb_r1,1,331,1790954930278,0,1790956779296.372,937.83,9.155,1790956780244.073,Normal,0.9634
rasp1,34773,20261002-152846_clu_rasp14_pi4gb_r1,1440,perf_20261002-152846_clu_rasp14_pi4gb_r1,1,332,1790954930278,0,1790956780245.389,820.757,9.317,1790956781076.143,Normal,0.973
rasp1,34773,20261002-152846_clu_rasp14_pi4gb_r1,1442,perf_20261002-152846_clu_rasp14_pi4gb_r1,1,333,1790954930278,0,1790956781077.483,678.941,9.875,1790956781767.145,Normal,0.92
rasp1,34773,20261002-152846_clu_rasp14_pi4gb_r1,1444,perf_20261002-152846_clu_rasp14_pi4gb_r1,1,334,1790954930279,0,1790956781800.188,1597.807,10.382,1790956783409.047,Normal,0.6834
rasp1,34773,20261002-152846_clu_rasp14_pi4gb_r1,1452,perf_20261002-152846_clu_rasp14_pi4gb_r1,1,335,1790954930279,0,1790956783410.446,607.477,9.92,1790956784028.547,Normal,0.9434
rasp1,34773,20261002-152846_clu_rasp14_pi4gb_r1,1455,perf_20261002-152846_clu_rasp14_pi4gb_r1,1,336,1790954930279,0,1790956784030.085,915.545,12.078,1790956784958.364,Normal,0.9555
rasp1,34773,20261002-152846_clu_rasp14_pi4gb_r1,1460,perf_20261002-152846_clu_rasp14_pi4gb_r1,1,337,1790954930287,0,1790956784965.856,741.898,12.579,1790956785721.16,Normal,0.9025
rasp1,34773,20261002-152846_clu_rasp14_pi4gb_r1,1462,perf_20261002-152846_clu_rasp14_pi4gb_r1,1,338,1790954930287,0,1790956785722.574,845.697,12.132,1790956786581.23,Normal,0.9616
rasp1,34773,20261002-152846_clu_rasp14_pi4gb_r1,1464,perf_20261002-152846_clu_rasp14_pi4gb_r1,1,339,1790954930288,0,1790956786586.579,2542.583,11.933,1790956789142.471,Normal,0.9673
rasp1,34773,20261002-152846_clu_rasp14_pi4gb_r1,1472,perf_20261002-152846_clu_rasp14_pi4gb_r1,1,340,1790954930299,0,1790956789144.845,1231.713,9.202,1790956790386.479,Normal,0.5727
rasp1,34773,20261002-152846_clu_rasp14_pi4gb_r1,1483,perf_20261002-152846_clu_rasp14_pi4gb_r1,1,341,1790954930339,0,1790956790387.905,1170.604,11.719,1790956791571.019,Normal,0.9652
rasp1,34773,20261002-152846_clu_rasp14_pi4gb_r1,1485,perf_20261002-152846_clu_rasp14_pi4gb_r1,1,342,1790954930340,0,1790956791573.007,862.032,10.4,1790956792446.488,Normal,0.9523
rasp1,34773,20261002-152846_clu_rasp14_pi4gb_r1,1489,perf_20261002-152846_clu_rasp14_pi4gb_r1,1,343,1790954930340,0,1790956792448.474,689.77,10.104,1790956793149.229,Normal,0.9178
rasp1,34773,20261002-152846_clu_rasp14_pi4gb_r1,1492,perf_20261002-152846_clu_rasp14_pi4gb_r1,1,344,1790954930341,0,1790956793150.691,930.886,9.454,1790956794091.892,Normal,0.9627
rasp1,34773,20261002-152846_clu_rasp14_pi4gb_r1,1495,perf_20261002-152846_clu_rasp14_pi4gb_r1,1,345,1790954930342,0,1790956794093.257,782.263,9.38,1790956794885.664,Normal,0.9365
rasp1,34773,20261002-152846_clu_rasp14_pi4gb_r1,1499,perf_20261002-152846_clu_rasp14_pi4gb_r1,1,346,1790954930342,0,1790956794887.199,1039.961,10.586,1790956795938.677,Normal,0.9625
rasp1,34773,20261002-152846_clu_rasp14_pi4gb_r1,1513,perf_20261002-152846_clu_rasp14_pi4gb_r1,1,347,1790954930346,0,1790956795941.348,751.073,10.596,1790956796704.165,Normal,0.9666
rasp1,34773,20261002-152846_clu_rasp14_pi4gb_r1,1517,perf_20261002-152846_clu_rasp14_pi4gb_r1,1,348,1790954930347,0,1790956796705.651,964.111,13.443,1790956797684.304,Normal,0.9078
rasp1,34773,20261002-152846_clu_rasp14_pi4gb_r1,1520,perf_20261002-152846_clu_rasp14_pi4gb_r1,1,349,1790954930347,0,1790956797687.3,748.974,10.775,1790956798448.0,Normal,0.9631
rasp1,34773,20261002-152846_clu_rasp14_pi4gb_r1,1532,perf_20261002-152846_clu_rasp14_pi4gb_r1,1,350,1790954930349,0,1790956798449.77,678.322,13.006,1790956799142.237,Normal,0.904
rasp1,34773,20261002-152846_clu_rasp14_pi4gb_r1,1539,perf_20261002-152846_clu_rasp14_pi4gb_r1,1,351,1790954930351,0,1790956799144.606,2504.772,33.961,1790956801684.045,Normal,0.9444
rasp1,34773,20261002-152846_clu_rasp14_pi4gb_r1,1541,perf_20261002-152846_clu_rasp14_pi4gb_r1,1,352,1790954930352,0,1790956801691.656,1280.724,10.725,1790956802984.11,Normal,0.9599
rasp1,34773,20261002-152846_clu_rasp14_pi4gb_r1,1550,perf_20261002-152846_clu_rasp14_pi4gb_r1,1,353,1790954930353,0,1790956802985.947,871.564,17.316,1790956803876.512,Normal,0.9654
rasp1,34773,20261002-152846_clu_rasp14_pi4gb_r1,1552,perf_20261002-152846_clu_rasp14_pi4gb_r1,1,354,1790954930354,0,1790956803879.386,1021.526,8.139,1790956804909.819,Normal,0.976
rasp1,34773,20261002-152846_clu_rasp14_pi4gb_r1,1553,perf_20261002-152846_clu_rasp14_pi4gb_r1,1,355,1790954930354,0,1790956804911.333,897.095,10.857,1790956805820.238,Normal,0.977
rasp1,34773,20261002-152846_clu_rasp14_pi4gb_r1,1559,perf_20261002-152846_clu_rasp14_pi4gb_r1,1,356,1790954930355,0,1790956805822.148,1582.137,10.135,1790956807415.498,Normal,0.964
rasp1,34773,20261002-152846_clu_rasp14_pi4gb_r1,1563,perf_20261002-152846_clu_rasp14_pi4gb_r1,1,357,1790954930356,0,1790956807416.906,955.734,9.938,1790956808383.313,Normal,0.9065
rasp1,34773,20261002-152846_clu_rasp14_pi4gb_r1,1571,perf_20261002-152846_clu_rasp14_pi4gb_r1,1,358,1790954930357,0,1790956808384.783,702.769,14.292,1790956809103.431,Normal,0.9519
rasp1,34773,20261002-152846_clu_rasp14_pi4gb_r1,1572,perf_20261002-152846_clu_rasp14_pi4gb_r1,1,359,1790954930358,0,1790956809106.189,595.315,9.042,1790956809711.297,Normal,0.9386
rasp1,34773,20261002-152846_clu_rasp14_pi4gb_r1,1577,perf_20261002-152846_clu_rasp14_pi4gb_r1,1,360,1790954930359,0,1790956809712.655,1090.225,10.207,1790956810813.846,Normal,0.9606
rasp1,34773,20261002-152846_clu_rasp14_pi4gb_r1,1583,perf_20261002-152846_clu_rasp14_pi4gb_r1,1,361,1790954930360,0,1790956810816.221,993.976,9.371,1790956811820.29,Normal,0.9002
rasp1,34773,20261002-152846_clu_rasp14_pi4gb_r1,1588,perf_20261002-152846_clu_rasp14_pi4gb_r1,1,362,1790954930361,0,1790956811822.007,855.24,26.962,1790956812705.464,Normal,0.9606
rasp1,34773,20261002-152846_clu_rasp14_pi4gb_r1,1593,perf_20261002-152846_clu_rasp14_pi4gb_r1,1,363,1790954930361,0,1790956812714.61,1610.184,11.072,1790956814336.762,Normal,0.9529
rasp1,34773,20261002-152846_clu_rasp14_pi4gb_r1,1594,perf_20261002-152846_clu_rasp14_pi4gb_r1,1,364,1790954930362,0,1790956814347.241,2733.074,9.49,1790956817090.66,Normal,0.9035
rasp1,34773,20261002-152846_clu_rasp14_pi4gb_r1,1596,perf_20261002-152846_clu_rasp14_pi4gb_r1,1,365,1790954930362,0,1790956817092.649,1005.732,21.472,1790956818120.847,Normal,0.9556
rasp1,34773,20261002-152846_clu_rasp14_pi4gb_r1,1597,perf_20261002-152846_clu_rasp14_pi4gb_r1,1,366,1790954930362,0,1790956818123.258,749.723,12.614,1790956818886.28,Normal,0.8688
rasp1,34773,20261002-152846_clu_rasp14_pi4gb_r1,1604,perf_20261002-152846_clu_rasp14_pi4gb_r1,1,367,1790954930364,0,1790956818888.398,984.385,10.501,1790956819884.047,Normal,0.9417
rasp1,34773,20261002-152846_clu_rasp14_pi4gb_r1,1612,perf_20261002-152846_clu_rasp14_pi4gb_r1,1,368,1790954930365,0,1790956819885.318,639.991,10.87,1790956820536.926,Normal,0.9608
rasp1,34773,20261002-152846_clu_rasp14_pi4gb_r1,1616,perf_20261002-152846_clu_rasp14_pi4gb_r1,1,369,1790954930366,0,1790956820539.2,942.556,9.984,1790956821493.026,Normal,0.9701
rasp1,34773,20261002-152846_clu_rasp14_pi4gb_r1,1622,perf_20261002-152846_clu_rasp14_pi4gb_r1,1,370,1790954930367,0,1790956821494.448,711.69,10.162,1790956822217.189,Normal,0.9167
rasp1,34773,20261002-152846_clu_rasp14_pi4gb_r1,1629,perf_20261002-152846_clu_rasp14_pi4gb_r1,1,371,1790954930369,0,1790956822218.986,675.314,9.873,1790956822905.119,Normal,0.9187
rasp1,34773,20261002-152846_clu_rasp14_pi4gb_r1,1633,perf_20261002-152846_clu_rasp14_pi4gb_r1,1,372,1790954930369,0,1790956822906.532,595.904,11.859,1790956823515.283,Normal,0.8935
rasp1,34773,20261002-152846_clu_rasp14_pi4gb_r1,1638,perf_20261002-152846_clu_rasp14_pi4gb_r1,1,373,1790954930370,0,1790956823517.562,1463.839,11.769,1790956824994.121,Normal,0.9443
rasp1,34773,20261002-152846_clu_rasp14_pi4gb_r1,1640,perf_20261002-152846_clu_rasp14_pi4gb_r1,1,374,1790954930371,0,1790956824996.109,1182.291,17.19,1790956826196.462,Normal,0.9473
rasp1,34773,20261002-152846_clu_rasp14_pi4gb_r1,1642,perf_20261002-152846_clu_rasp14_pi4gb_r1,1,375,1790954930371,0,1790956826198.317,632.075,16.849,1790956826851.294,Normal,0.9551
rasp1,34773,20261002-152846_clu_rasp14_pi4gb_r1,1645,perf_20261002-152846_clu_rasp14_pi4gb_r1,1,376,1790954930371,0,1790956826853.024,1038.94,9.58,1790956827902.162,Normal,0.8036
rasp1,34773,20261002-152846_clu_rasp14_pi4gb_r1,1649,perf_20261002-152846_clu_rasp14_pi4gb_r1,1,377,1790954930372,0,1790956827910.608,1517.407,9.575,1790956829438.531,Normal,0.9297
rasp1,34773,20261002-152846_clu_rasp14_pi4gb_r1,1653,perf_20261002-152846_clu_rasp14_pi4gb_r1,1,378,1790954930374,0,1790956829444.548,787.428,10.396,1790956830243.075,Normal,0.944
rasp1,34773,20261002-152846_clu_rasp14_pi4gb_r1,1658,perf_20261002-152846_clu_rasp14_pi4gb_r1,1,379,1790954930374,0,1790956830244.576,587.29,10.466,1790956830843.276,Normal,0.9423
rasp1,34773,20261002-152846_clu_rasp14_pi4gb_r1,1663,perf_20261002-152846_clu_rasp14_pi4gb_r1,1,380,1790954930374,0,1790956830845.592,564.654,10.282,1790956831421.26,Normal,0.9423
rasp1,34773,20261002-152846_clu_rasp14_pi4gb_r1,1669,perf_20261002-152846_clu_rasp14_pi4gb_r1,1,381,1790954930375,0,1790956831422.69,552.464,10.053,1790956831986.305,Normal,0.9423
rasp1,34773,20261002-152846_clu_rasp14_pi4gb_r1,1670,perf_20261002-152846_clu_rasp14_pi4gb_r1,1,382,1790954930375,0,1790956831987.83,846.692,11.631,1790956832846.993,Normal,0.9365
rasp1,34773,20261002-152846_clu_rasp14_pi4gb_r1,1673,perf_20261002-152846_clu_rasp14_pi4gb_r1,1,383,1790954930375,0,1790956832849.203,917.791,12.699,1790956833780.576,Normal,0.8492
rasp1,34773,20261002-152846_clu_rasp14_pi4gb_r1,1679,perf_20261002-152846_clu_rasp14_pi4gb_r1,1,384,1790954930376,0,1790956833782.533,894.508,14.496,1790956834692.886,Normal,0.9498
rasp1,34773,20261002-152846_clu_rasp14_pi4gb_r1,1681,perf_20261002-152846_clu_rasp14_pi4gb_r1,1,385,1790954930376,0,1790956834694.965,974.586,9.276,1790956835679.66,Normal,0.974
rasp1,34773,20261002-152846_clu_rasp14_pi4gb_r1,1685,perf_20261002-152846_clu_rasp14_pi4gb_r1,1,386,1790954930376,0,1790956835681.254,902.93,13.516,1790956836598.951,Normal,0.9725
rasp1,34773,20261002-152846_clu_rasp14_pi4gb_r1,1689,perf_20261002-152846_clu_rasp14_pi4gb_r1,1,387,1790954930377,0,1790956836601.784,870.014,10.552,1790956837483.229,Normal,0.9458
rasp1,34773,20261002-152846_clu_rasp14_pi4gb_r1,1690,perf_20261002-152846_clu_rasp14_pi4gb_r1,1,388,1790954930377,0,1790956837485.207,683.605,11.949,1790956838181.883,Normal,0.8625
rasp1,34773,20261002-152846_clu_rasp14_pi4gb_r1,1695,perf_20261002-152846_clu_rasp14_pi4gb_r1,1,389,1790954930377,0,1790956838183.45,719.385,17.049,1790956838921.605,Normal,0.9208
rasp1,34773,20261002-152846_clu_rasp14_pi4gb_r1,1707,perf_20261002-152846_clu_rasp14_pi4gb_r1,1,390,1790954930378,0,1790956838924.936,684.27,11.401,1790956839621.597,Normal,0.9304
rasp1,34773,20261002-152846_clu_rasp14_pi4gb_r1,1710,perf_20261002-152846_clu_rasp14_pi4gb_r1,1,391,1790954930378,0,1790956839623.29,2367.977,12.91,1790956842005.045,Normal,0.9713
rasp1,34773,20261002-152846_clu_rasp14_pi4gb_r1,1711,perf_20261002-152846_clu_rasp14_pi4gb_r1,1,392,1790954930378,0,1790956842013.194,1212.928,13.14,1790956843240.172,Normal,0.9355
rasp1,34773,20261002-152846_clu_rasp14_pi4gb_r1,1712,perf_20261002-152846_clu_rasp14_pi4gb_r1,1,393,1790954930378,0,1790956843244.903,2961.31,11.471,1790956846218.687,Normal,0.9358
rasp1,34773,20261002-152846_clu_rasp14_pi4gb_r1,1720,perf_20261002-152846_clu_rasp14_pi4gb_r1,1,394,1790954930380,0,1790956846220.486,656.772,14.204,1790956846892.469,Normal,0.8477
rasp1,34773,20261002-152846_clu_rasp14_pi4gb_r1,1721,perf_20261002-152846_clu_rasp14_pi4gb_r1,1,395,1790954930380,0,1790956846895.572,1177.554,11.337,1790956848085.313,Normal,0.9742
rasp1,34773,20261002-152846_clu_rasp14_pi4gb_r1,1726,perf_20261002-152846_clu_rasp14_pi4gb_r1,1,396,1790954930381,0,1790956848087.172,952.068,11.315,1790956849051.598,Normal,0.9717
rasp1,34773,20261002-152846_clu_rasp14_pi4gb_r1,1728,perf_20261002-152846_clu_rasp14_pi4gb_r1,1,397,1790954930381,0,1790956849054.189,676.261,9.646,1790956849740.83,Normal,0.9444
rasp1,34773,20261002-152846_clu_rasp14_pi4gb_r1,1729,perf_20261002-152846_clu_rasp14_pi4gb_r1,1,398,1790954930381,0,1790956849742.235,678.174,9.068,1790956850430.16,Normal,0.8198
rasp1,34773,20261002-152846_clu_rasp14_pi4gb_r1,1730,perf_20261002-152846_clu_rasp14_pi4gb_r1,1,399,1790954930381,0,1790956850431.54,1127.705,9.686,1790956851569.868,Normal,0.9667
rasp1,34773,20261002-152846_clu_rasp14_pi4gb_r1,1738,perf_20261002-152846_clu_rasp14_pi4gb_r1,1,400,1790954930382,0,1790956851571.779,852.95,9.587,1790956852435.525,Normal,0.9636
rasp1,34773,20261002-152846_clu_rasp14_pi4gb_r1,1739,perf_20261002-152846_clu_rasp14_pi4gb_r1,1,401,1790954930382,0,1790956852437.312,629.765,9.035,1790956853076.927,Normal,0.9346
rasp1,34773,20261002-152846_clu_rasp14_pi4gb_r1,1751,perf_20261002-152846_clu_rasp14_pi4gb_r1,1,402,1790954930383,0,1790956853078.108,614.689,12.723,1790956853706.093,Normal,0.9516
rasp1,34773,20261002-152846_clu_rasp14_pi4gb_r1,1752,perf_20261002-152846_clu_rasp14_pi4gb_r1,1,403,1790954930383,0,1790956853710.559,1377.194,11.744,1790956855100.405,Normal,0.5147
rasp1,34773,20261002-152846_clu_rasp14_pi4gb_r1,1766,perf_20261002-152846_clu_rasp14_pi4gb_r1,1,404,1790954930384,0,1790956855107.992,853.343,18.876,1790956855980.968,Normal,0.9452
rasp1,34773,20261002-152846_clu_rasp14_pi4gb_r1,1767,perf_20261002-152846_clu_rasp14_pi4gb_r1,1,405,1790954930384,0,1790956855982.246,873.378,8.859,1790956856865.151,Normal,0.6332
rasp1,34773,20261002-152846_clu_rasp14_pi4gb_r1,1774,perf_20261002-152846_clu_rasp14_pi4gb_r1,1,406,1790954930385,0,1790956856874.559,848.083,9.18,1790956857732.54,Normal,0.9428
rasp1,34773,20261002-152846_clu_rasp14_pi4gb_r1,1775,perf_20261002-152846_clu_rasp14_pi4gb_r1,1,407,1790954930385,0,1790956857733.893,832.685,10.092,1790956858577.421,Normal,0.925
rasp1,34773,20261002-152846_clu_rasp14_pi4gb_r1,1776,perf_20261002-152846_clu_rasp14_pi4gb_r1,1,408,1790954930390,0,1790956858579.338,611.065,8.942,1790956859200.07,Normal,0.9584
rasp1,34773,20261002-152846_clu_rasp14_pi4gb_r1,1783,perf_20261002-152846_clu_rasp14_pi4gb_r1,1,409,1790954930390,0,1790956859201.399,697.919,9.147,1790956859909.149,Normal,0.9771
rasp1,34773,20261002-152846_clu_rasp14_pi4gb_r1,1785,perf_20261002-152846_clu_rasp14_pi4gb_r1,1,410,1790954930391,0,1790956859910.495,2510.978,11.638,1790956862433.962,Normal,0.954
rasp1,34773,20261002-152846_clu_rasp14_pi4gb_r1,1787,perf_20261002-152846_clu_rasp14_pi4gb_r1,1,411,1790954930391,0,1790956862436.812,664.822,18.975,1790956863121.491,Normal,0.9511
rasp1,34773,20261002-152846_clu_rasp14_pi4gb_r1,1790,perf_20261002-152846_clu_rasp14_pi4gb_r1,1,412,1790954930391,0,1790956863123.577,654.892,9.106,1790956863788.267,Normal,0.8405
rasp1,34773,20261002-152846_clu_rasp14_pi4gb_r1,1792,perf_20261002-152846_clu_rasp14_pi4gb_r1,1,413,1790954930391,0,1790956863789.798,765.779,9.268,1790956864565.764,Normal,0.9523
rasp1,34773,20261002-152846_clu_rasp14_pi4gb_r1,1795,perf_20261002-152846_clu_rasp14_pi4gb_r1,1,414,1790954930391,0,1790956864567.516,643.559,9.503,1790956865221.337,Normal,0.9309
rasp1,34773,20261002-152846_clu_rasp14_pi4gb_r1,1797,perf_20261002-152846_clu_rasp14_pi4gb_r1,1,415,1790954930392,0,1790956865223.054,608.465,10.379,1790956865842.916,Normal,0.8218
rasp1,34773,20261002-152846_clu_rasp14_pi4gb_r1,1798,perf_20261002-152846_clu_rasp14_pi4gb_r1,1,416,1790954930392,0,1790956865844.423,755.171,12.316,1790956866613.2,Normal,0.915
rasp1,34773,20261002-152846_clu_rasp14_pi4gb_r1,1809,perf_20261002-152846_clu_rasp14_pi4gb_r1,1,417,1790954930393,0,1790956866615.213,678.897,10.112,1790956867305.017,Normal,0.9283
rasp1,34773,20261002-152846_clu_rasp14_pi4gb_r1,1810,perf_20261002-152846_clu_rasp14_pi4gb_r1,1,418,1790954930393,0,1790956867307.045,809.036,9.673,1790956868126.5,Normal,0.9481
rasp1,34773,20261002-152846_clu_rasp14_pi4gb_r1,1811,perf_20261002-152846_clu_rasp14_pi4gb_r1,1,419,1790954930393,0,1790956868131.336,1113.296,17.753,1790956869263.563,Normal,0.9398
rasp1,34773,20261002-152846_clu_rasp14_pi4gb_r1,1816,perf_20261002-152846_clu_rasp14_pi4gb_r1,1,420,1790954930393,0,1790956869269.467,803.104,21.137,1790956870094.812,Normal,0.9475
rasp1,34773,20261002-152846_clu_rasp14_pi4gb_r1,1821,perf_20261002-152846_clu_rasp14_pi4gb_r1,1,421,1790954930393,0,1790956870100.553,1174.331,14.497,1790956871290.09,Normal,0.9398
rasp1,34773,20261002-152846_clu_rasp14_pi4gb_r1,1823,perf_20261002-152846_clu_rasp14_pi4gb_r1,1,422,1790954930394,0,1790956871297.583,7328.766,16.265,1790956878644.548,Normal,0.9785
rasp1,34773,20261002-152846_clu_rasp14_pi4gb_r1,1829,perf_20261002-152846_clu_rasp14_pi4gb_r1,1,423,1790954930394,0,1790956878647.487,1009.933,10.833,1790956879669.336,Normal,0.9239
rasp1,34773,20261002-152846_clu_rasp14_pi4gb_r1,1835,perf_20261002-152846_clu_rasp14_pi4gb_r1,1,424,1790954930395,0,1790956879670.841,788.589,9.337,1790956880469.425,Normal,0.9624
rasp1,34773,20261002-152846_clu_rasp14_pi4gb_r1,1836,perf_20261002-152846_clu_rasp14_pi4gb_r1,1,425,1790954930403,0,1790956880471.12,1366.899,12.511,1790956881851.531,Normal,0.9419
rasp1,34773,20261002-152846_clu_rasp14_pi4gb_r1,1837,perf_20261002-152846_clu_rasp14_pi4gb_r1,1,426,1790954930403,0,1790956881853.19,1205.73,15.653,1790956883075.427,Normal,0.8966
rasp1,34773,20261002-152846_clu_rasp14_pi4gb_r1,1841,perf_20261002-152846_clu_rasp14_pi4gb_r1,1,427,1790954930414,0,1790956883077.253,1305.408,14.355,1790956884397.928,Normal,0.9281
rasp1,34773,20261002-152846_clu_rasp14_pi4gb_r1,1845,perf_20261002-152846_clu_rasp14_pi4gb_r1,1,428,1790954930414,0,1790956884404.069,1089.328,12.081,1790956885506.322,Normal,0.9464
rasp1,34773,20261002-152846_clu_rasp14_pi4gb_r1,1847,perf_20261002-152846_clu_rasp14_pi4gb_r1,1,429,1790954930415,0,1790956885511.322,1261.81,15.935,1790956886791.485,Normal,0.9679
rasp1,34773,20261002-152846_clu_rasp14_pi4gb_r1,1861,perf_20261002-152846_clu_rasp14_pi4gb_r1,1,430,1790954930427,0,1790956886802.232,742.377,9.93,1790956887555.25,Normal,0.9723
rasp1,34773,20261002-152846_clu_rasp14_pi4gb_r1,1867,perf_20261002-152846_clu_rasp14_pi4gb_r1,1,431,1790954930428,0,1790956887556.827,2126.336,9.155,1790956889693.158,Normal,0.9714
rasp1,34773,20261002-152846_clu_rasp14_pi4gb_r1,1875,perf_20261002-152846_clu_rasp14_pi4gb_r1,1,432,1790954930435,0,1790956889694.981,691.56,11.678,1790956890399.105,Normal,0.9434
rasp1,34773,20261002-152846_clu_rasp14_pi4gb_r1,1879,perf_20261002-152846_clu_rasp14_pi4gb_r1,1,433,1790954930449,0,1790956890401.164,1378.255,17.366,1790956891798.839,Normal,0.7785
rasp1,34773,20261002-152846_clu_rasp14_pi4gb_r1,1886,perf_20261002-152846_clu_rasp14_pi4gb_r1,1,434,1790954930451,0,1790956891807.326,696.867,9.549,1790956892514.677,Normal,0.9396
rasp1,34773,20261002-152846_clu_rasp14_pi4gb_r1,1887,perf_20261002-152846_clu_rasp14_pi4gb_r1,1,435,1790954930452,0,1790956892516.212,710.825,11.824,1790956893240.282,Normal,0.9361
rasp1,34773,20261002-152846_clu_rasp14_pi4gb_r1,1892,perf_20261002-152846_clu_rasp14_pi4gb_r1,1,436,1790954930452,0,1790956893242.083,1179.434,10.316,1790956894432.605,Normal,0.9608
rasp1,34773,20261002-152846_clu_rasp14_pi4gb_r1,1900,perf_20261002-152846_clu_rasp14_pi4gb_r1,1,437,1790954930454,0,1790956894434.306,1134.541,11.42,1790956895581.005,Normal,0.791
rasp1,34773,20261002-152846_clu_rasp14_pi4gb_r1,1908,perf_20261002-152846_clu_rasp14_pi4gb_r1,1,438,1790954930455,0,1790956895584.826,737.022,13.6,1790956896336.228,Normal,0.9594
rasp1,34773,20261002-152846_clu_rasp14_pi4gb_r1,1909,perf_20261002-152846_clu_rasp14_pi4gb_r1,1,439,1790954930456,0,1790956896343.822,1039.41,15.471,1790956897399.419,Normal,0.9417
rasp1,34773,20261002-152846_clu_rasp14_pi4gb_r1,1912,perf_20261002-152846_clu_rasp14_pi4gb_r1,1,440,1790954930456,0,1790956897403.158,1393.134,17.925,1790956898818.113,Normal,0.8466
rasp1,34773,20261002-152846_clu_rasp14_pi4gb_r1,1913,perf_20261002-152846_clu_rasp14_pi4gb_r1,1,441,1790954930456,0,1790956898826.068,724.05,17.562,1790956899569.087,Normal,0.9584
rasp1,34773,20261002-152846_clu_rasp14_pi4gb_r1,1917,perf_20261002-152846_clu_rasp14_pi4gb_r1,1,442,1790954930457,0,1790956899571.881,657.679,10.71,1790956900241.612,OFFENSIVE,0.7955
rasp1,34773,20261002-152846_clu_rasp14_pi4gb_r1,1921,perf_20261002-152846_clu_rasp14_pi4gb_r1,1,443,1790954930458,0,1790956900243.363,598.249,10.534,1790956900853.097,Normal,0.9457
rasp1,34773,20261002-152846_clu_rasp14_pi4gb_r1,1923,perf_20261002-152846_clu_rasp14_pi4gb_r1,1,444,1790954930458,0,1790956900855.27,846.741,9.522,1790956901712.175,Normal,0.9315
rasp1,34773,20261002-152846_clu_rasp14_pi4gb_r1,1925,perf_20261002-152846_clu_rasp14_pi4gb_r1,1,445,1790954930459,0,1790956901713.45,730.198,10.071,1790956902460.97,Normal,0.9496
rasp1,34773,20261002-152846_clu_rasp14_pi4gb_r1,1928,perf_20261002-152846_clu_rasp14_pi4gb_r1,1,446,1790954930459,0,1790956902462.437,798.123,11.105,1790956903272.528,Normal,0.9558
rasp1,34773,20261002-152846_clu_rasp14_pi4gb_r1,1933,perf_20261002-152846_clu_rasp14_pi4gb_r1,1,447,1790954930460,0,1790956903274.86,713.937,11.795,1790956904001.412,HATE,0.3814
rasp1,34773,20261002-152846_clu_rasp14_pi4gb_r1,1950,perf_20261002-152846_clu_rasp14_pi4gb_r1,1,448,1790954930464,0,1790956904003.057,3421.557,11.271,1790956907436.635,Normal,0.9801
rasp1,34773,20261002-152846_clu_rasp14_pi4gb_r1,1959,perf_20261002-152846_clu_rasp14_pi4gb_r1,1,449,1790954930465,0,1790956907438.372,626.831,11.093,1790956908077.326,Normal,0.9409
rasp1,34773,20261002-152846_clu_rasp14_pi4gb_r1,1961,perf_20261002-152846_clu_rasp14_pi4gb_r1,1,450,1790954930466,0,1790956908079.115,698.529,12.481,1790956908790.986,Normal,0.9495
rasp1,34773,20261002-152846_clu_rasp14_pi4gb_r1,1962,perf_20261002-152846_clu_rasp14_pi4gb_r1,1,451,1790954930466,0,1790956908793.222,892.09,8.415,1790956909694.437,Normal,0.9046
rasp1,34773,20261002-152846_clu_rasp14_pi4gb_r1,1969,perf_20261002-152846_clu_rasp14_pi4gb_r1,1,452,1790954930467,0,1790956909695.801,3155.746,14.069,1790956912866.486,Normal,0.9713
rasp1,34773,20261002-152846_clu_rasp14_pi4gb_r1,1979,perf_20261002-152846_clu_rasp14_pi4gb_r1,1,453,1790954930469,0,1790956912868.573,684.963,11.571,1790956913566.065,Normal,0.4188
rasp1,34773,20261002-152846_clu_rasp14_pi4gb_r1,1981,perf_20261002-152846_clu_rasp14_pi4gb_r1,1,454,1790954930470,0,1790956913568.089,1101.278,11.072,1790956914681.375,Normal,0.9342
rasp1,34773,20261002-152846_clu_rasp14_pi4gb_r1,1982,perf_20261002-152846_clu_rasp14_pi4gb_r1,1,455,1790954930470,0,1790956914683.903,699.265,10.698,1790956915394.933,Normal,0.8701
rasp1,34773,20261002-152846_clu_rasp14_pi4gb_r1,1984,perf_20261002-152846_clu_rasp14_pi4gb_r1,1,456,1790954930470,0,1790956915396.612,755.226,11.14,1790956916163.696,Normal,0.9427
rasp1,34773,20261002-152846_clu_rasp14_pi4gb_r1,1991,perf_20261002-152846_clu_rasp14_pi4gb_r1,1,457,1790954930471,0,1790956916165.678,712.232,11.294,1790956916890.493,Normal,0.8897
rasp1,34773,20261002-152846_clu_rasp14_pi4gb_r1,2004,perf_20261002-152846_clu_rasp14_pi4gb_r1,1,458,1790954930474,0,1790956916892.268,1206.152,9.257,1790956918108.526,Normal,0.973
rasp1,34773,20261002-152846_clu_rasp14_pi4gb_r1,2005,perf_20261002-152846_clu_rasp14_pi4gb_r1,1,459,1790954930474,0,1790956918111.149,980.34,10.446,1790956919102.588,Normal,0.9526
rasp1,34773,20261002-152846_clu_rasp14_pi4gb_r1,2006,perf_20261002-152846_clu_rasp14_pi4gb_r1,1,460,1790954930474,0,1790956919104.027,1074.384,10.223,1790956920189.349,Normal,0.9731
rasp1,34773,20261002-152846_clu_rasp14_pi4gb_r1,2013,perf_20261002-152846_clu_rasp14_pi4gb_r1,1,461,1790954930474,0,1790956920191.274,947.788,9.254,1790956921148.925,Normal,0.9629
rasp1,34773,20261002-152846_clu_rasp14_pi4gb_r1,2015,perf_20261002-152846_clu_rasp14_pi4gb_r1,1,462,1790954930474,0,1790956921150.66,828.922,13.747,1790956921994.647,Normal,0.9425
rasp1,34773,20261002-152846_clu_rasp14_pi4gb_r1,2017,perf_20261002-152846_clu_rasp14_pi4gb_r1,1,463,1790954930475,0,1790956921996.154,739.174,11.093,1790956922747.342,Normal,0.9022
rasp1,34773,20261002-152846_clu_rasp14_pi4gb_r1,2022,perf_20261002-152846_clu_rasp14_pi4gb_r1,1,464,1790954930475,0,1790956922749.37,875.889,8.415,1790956923634.29,Normal,0.9211
rasp1,34773,20261002-152846_clu_rasp14_pi4gb_r1,2027,perf_20261002-152846_clu_rasp14_pi4gb_r1,1,465,1790954930475,0,1790956923635.593,975.496,13.112,1790956924624.789,Normal,0.9604
rasp1,34773,20261002-152846_clu_rasp14_pi4gb_r1,2034,perf_20261002-152846_clu_rasp14_pi4gb_r1,1,466,1790954930476,0,1790956924627.1,600.993,9.571,1790956925238.557,Normal,0.9414
rasp1,34773,20261002-152846_clu_rasp14_pi4gb_r1,2039,perf_20261002-152846_clu_rasp14_pi4gb_r1,1,467,1790954930476,0,1790956925240.563,1086.299,25.083,1790956926352.613,Normal,0.9615
rasp1,34773,20261002-152846_clu_rasp14_pi4gb_r1,2044,perf_20261002-152846_clu_rasp14_pi4gb_r1,1,468,1790954930477,0,1790956926354.53,724.707,22.092,1790956927102.662,Normal,0.9375
rasp1,34773,20261002-152846_clu_rasp14_pi4gb_r1,2048,perf_20261002-152846_clu_rasp14_pi4gb_r1,1,469,1790954930477,0,1790956927108.521,2085.108,10.035,1790956929204.395,Normal,0.9472
rasp1,34773,20261002-152846_clu_rasp14_pi4gb_r1,2052,perf_20261002-152846_clu_rasp14_pi4gb_r1,1,470,1790954930478,0,1790956929205.935,1394.376,11.153,1790956930612.855,Normal,0.5847
rasp1,34773,20261002-152846_clu_rasp14_pi4gb_r1,2053,perf_20261002-152846_clu_rasp14_pi4gb_r1,1,471,1790954930478,0,1790956930614.32,978.332,11.341,1790956931605.12,Normal,0.9054
rasp1,34773,20261002-152846_clu_rasp14_pi4gb_r1,2059,perf_20261002-152846_clu_rasp14_pi4gb_r1,1,472,1790954930479,0,1790956931606.479,969.921,10.544,1790956932587.655,Normal,0.9691
rasp1,34773,20261002-152846_clu_rasp14_pi4gb_r1,2063,perf_20261002-152846_clu_rasp14_pi4gb_r1,1,473,1790954930480,0,1790956932589.143,2395.369,11.324,1790956934996.557,Normal,0.9751
rasp1,34773,20261002-152846_clu_rasp14_pi4gb_r1,2082,perf_20261002-152846_clu_rasp14_pi4gb_r1,1,474,1790954930482,0,1790956934998.52,998.682,10.329,1790956936008.459,Normal,0.9265
rasp1,34773,20261002-152846_clu_rasp14_pi4gb_r1,2086,perf_20261002-152846_clu_rasp14_pi4gb_r1,1,475,1790954930482,0,1790956936009.902,759.615,10.794,1790956936781.061,Normal,0.4444
rasp1,34773,20261002-152846_clu_rasp14_pi4gb_r1,2094,perf_20261002-152846_clu_rasp14_pi4gb_r1,1,476,1790954930482,0,1790956936783.689,592.188,11.459,1790956937388.052,Normal,0.9105
rasp1,34773,20261002-152846_clu_rasp14_pi4gb_r1,2100,perf_20261002-152846_clu_rasp14_pi4gb_r1,1,477,1790954930483,0,1790956937390.773,1009.533,11.67,1790956938412.837,Normal,0.8438
rasp1,34773,20261002-152846_clu_rasp14_pi4gb_r1,2106,perf_20261002-152846_clu_rasp14_pi4gb_r1,1,478,1790954930483,0,1790956938415.368,714.149,8.573,1790956939138.834,Normal,0.9701
rasp1,34773,20261002-152846_clu_rasp14_pi4gb_r1,2114,perf_20261002-152846_clu_rasp14_pi4gb_r1,1,479,1790954930484,0,1790956939140.229,2203.92,11.907,1790956941356.614,Normal,0.9653
rasp1,34773,20261002-152846_clu_rasp14_pi4gb_r1,2118,perf_20261002-152846_clu_rasp14_pi4gb_r1,1,480,1790954930490,0,1790956941362.093,693.004,15.678,1790956942071.641,Normal,0.9547
rasp1,34773,20261002-152846_clu_rasp14_pi4gb_r1,2119,perf_20261002-152846_clu_rasp14_pi4gb_r1,1,481,1790954930490,0,1790956942074.164,762.073,10.338,1790956942847.282,Normal,0.9444
rasp1,34773,20261002-152846_clu_rasp14_pi4gb_r1,2121,perf_20261002-152846_clu_rasp14_pi4gb_r1,1,482,1790954930490,0,1790956942848.689,1871.779,10.644,1790956944732.572,Normal,0.9607
rasp1,34773,20261002-152846_clu_rasp14_pi4gb_r1,2123,perf_20261002-152846_clu_rasp14_pi4gb_r1,1,483,1790954930490,0,1790956944734.265,711.371,10.235,1790956945456.643,Normal,0.9351
rasp1,34773,20261002-152846_clu_rasp14_pi4gb_r1,2127,perf_20261002-152846_clu_rasp14_pi4gb_r1,1,484,1790954930490,0,1790956945458.448,650.146,11.754,1790956946121.25,Normal,0.9578
rasp1,34773,20261002-152846_clu_rasp14_pi4gb_r1,2130,perf_20261002-152846_clu_rasp14_pi4gb_r1,1,485,1790954930491,0,1790956946123.86,1672.132,11.265,1790956947808.608,Normal,0.968
rasp1,34773,20261002-152846_clu_rasp14_pi4gb_r1,2137,perf_20261002-152846_clu_rasp14_pi4gb_r1,1,486,1790954930491,0,1790956947810.098,1206.659,8.97,1790956949026.419,OFFENSIVE,0.9296
rasp1,34773,20261002-152846_clu_rasp14_pi4gb_r1,2138,perf_20261002-152846_clu_rasp14_pi4gb_r1,1,487,1790954930491,0,1790956949028.089,652.21,8.725,1790956949689.792,Normal,0.9589
rasp1,34773,20261002-152846_clu_rasp14_pi4gb_r1,2140,perf_20261002-152846_clu_rasp14_pi4gb_r1,1,488,1790954930491,0,1790956949691.439,578.794,9.179,1790956950280.145,Normal,0.9198
rasp1,34773,20261002-152846_clu_rasp14_pi4gb_r1,2143,perf_20261002-152846_clu_rasp14_pi4gb_r1,1,489,1790954930492,0,1790956950281.889,3032.868,12.497,1790956953327.974,Normal,0.9684
rasp1,34773,20261002-152846_clu_rasp14_pi4gb_r1,2152,perf_20261002-152846_clu_rasp14_pi4gb_r1,1,490,1790954930492,0,1790956953329.853,2637.168,8.569,1790956955976.208,Normal,0.9555
rasp1,34773,20261002-152846_clu_rasp14_pi4gb_r1,2154,perf_20261002-152846_clu_rasp14_pi4gb_r1,1,491,1790954930492,0,1790956955981.0,576.277,12.271,1790956956570.586,Normal,0.9348
rasp1,34773,20261002-152846_clu_rasp14_pi4gb_r1,2158,perf_20261002-152846_clu_rasp14_pi4gb_r1,1,492,1790954930493,0,1790956956571.834,1995.386,9.075,1790956958576.957,Normal,0.9763
rasp1,34773,20261002-152846_clu_rasp14_pi4gb_r1,2163,perf_20261002-152846_clu_rasp14_pi4gb_r1,1,493,1790954930493,0,1790956958578.177,536.686,20.888,1790956959136.436,Normal,0.9681
rasp1,34773,20261002-152846_clu_rasp14_pi4gb_r1,2164,perf_20261002-152846_clu_rasp14_pi4gb_r1,1,494,1790954930493,0,1790956959138.024,628.857,10.334,1790956959777.959,Normal,0.9435
rasp1,34773,20261002-152846_clu_rasp14_pi4gb_r1,2176,perf_20261002-152846_clu_rasp14_pi4gb_r1,1,495,1790954930494,0,1790956959780.027,658.266,10.96,1790956960450.291,Normal,0.9391
rasp1,34773,20261002-152846_clu_rasp14_pi4gb_r1,2181,perf_20261002-152846_clu_rasp14_pi4gb_r1,1,496,1790954930498,0,1790956960452.672,705.806,9.124,1790956961168.483,Normal,0.6937
rasp1,34773,20261002-152846_clu_rasp14_pi4gb_r1,2184,perf_20261002-152846_clu_rasp14_pi4gb_r1,1,497,1790954930498,0,1790956961169.945,849.246,10.273,1790956962030.391,Normal,0.9269
rasp1,34773,20261002-152846_clu_rasp14_pi4gb_r1,2187,perf_20261002-152846_clu_rasp14_pi4gb_r1,1,498,1790954930498,0,1790956962032.538,1221.485,15.653,1790956963271.105,Normal,0.9045
rasp1,34773,20261002-152846_clu_rasp14_pi4gb_r1,2188,perf_20261002-152846_clu_rasp14_pi4gb_r1,1,499,1790954930498,0,1790956963273.112,1371.023,11.272,1790956964656.284,Normal,0.9643
rasp1,34773,20261002-152846_clu_rasp14_pi4gb_r1,0,perf_20261002-152846_clu_rasp14_pi4gb_r1,0,0,1790954929877,0,1790957203490.047,759.83,13.192,1790957204264.183,Normal,0.9501
rasp1,34773,20261002-152846_clu_rasp14_pi4gb_r1,2,perf_20261002-152846_clu_rasp14_pi4gb_r1,0,1,1790954929878,0,1790957204272.058,787.059,9.43,1790957205069.352,Normal,0.9403
rasp1,34773,20261002-152846_clu_rasp14_pi4gb_r1,11,perf_20261002-152846_clu_rasp14_pi4gb_r1,0,2,1790954929879,0,1790957205077.431,1580.721,16.056,1790957206675.223,OFFENSIVE,0.6827
rasp1,34773,20261002-152846_clu_rasp14_pi4gb_r1,17,perf_20261002-152846_clu_rasp14_pi4gb_r1,0,3,1790954929880,0,1790957206677.462,1321.102,13.412,1790957208013.025,Normal,0.9669
rasp1,34773,20261002-152846_clu_rasp14_pi4gb_r1,18,perf_20261002-152846_clu_rasp14_pi4gb_r1,0,4,1790954929880,0,1790957208020.91,681.081,12.135,1790957208714.839,Normal,0.9406
rasp1,34773,20261002-152846_clu_rasp14_pi4gb_r1,21,perf_20261002-152846_clu_rasp14_pi4gb_r1,0,5,1790954929881,0,1790957208725.223,654.532,11.582,1790957209392.198,Normal,0.9126
rasp1,34773,20261002-152846_clu_rasp14_pi4gb_r1,23,perf_20261002-152846_clu_rasp14_pi4gb_r1,0,6,1790954929881,0,1790957209394.142,1032.23,11.111,1790957210438.46,Normal,0.9264
rasp1,34773,20261002-152846_clu_rasp14_pi4gb_r1,26,perf_20261002-152846_clu_rasp14_pi4gb_r1,0,7,1790954929882,0,1790957210440.578,697.259,8.939,1790957211147.53,Normal,0.8983
rasp1,34773,20261002-152846_clu_rasp14_pi4gb_r1,27,perf_20261002-152846_clu_rasp14_pi4gb_r1,0,8,1790954929882,0,1790957211149.098,638.03,8.664,1790957211796.375,Normal,0.9605
rasp1,34773,20261002-152846_clu_rasp14_pi4gb_r1,38,perf_20261002-152846_clu_rasp14_pi4gb_r1,0,9,1790954929885,0,1790957211797.823,1268.572,10.132,1790957213077.476,Normal,0.9759
rasp1,34773,20261002-152846_clu_rasp14_pi4gb_r1,41,perf_20261002-152846_clu_rasp14_pi4gb_r1,0,10,1790954929885,0,1790957213079.372,1077.699,11.792,1790957214169.962,OFFENSIVE,0.7321
rasp1,34773,20261002-152846_clu_rasp14_pi4gb_r1,42,perf_20261002-152846_clu_rasp14_pi4gb_r1,0,11,1790954929885,0,1790957214172.363,685.424,9.285,1790957214867.829,Normal,0.9516
rasp1,34773,20261002-152846_clu_rasp14_pi4gb_r1,45,perf_20261002-152846_clu_rasp14_pi4gb_r1,0,12,1790954929886,0,1790957214869.279,1489.959,10.362,1790957216370.497,Normal,0.6606
rasp1,34773,20261002-152846_clu_rasp14_pi4gb_r1,48,perf_20261002-152846_clu_rasp14_pi4gb_r1,0,13,1790954929887,0,1790957216372.036,961.681,9.947,1790957217344.487,Normal,0.9513
rasp1,34773,20261002-152846_clu_rasp14_pi4gb_r1,49,perf_20261002-152846_clu_rasp14_pi4gb_r1,0,14,1790954929887,0,1790957217346.358,713.444,11.183,1790957218072.222,Normal,0.9705
rasp1,34773,20261002-152846_clu_rasp14_pi4gb_r1,51,perf_20261002-152846_clu_rasp14_pi4gb_r1,0,15,1790954929887,0,1790957218073.613,824.419,10.658,1790957218909.535,Normal,0.7349
rasp1,34773,20261002-152846_clu_rasp14_pi4gb_r1,62,perf_20261002-152846_clu_rasp14_pi4gb_r1,0,16,1790954929889,0,1790957218911.42,954.836,12.059,1790957219879.248,Normal,0.9533
rasp1,34773,20261002-152846_clu_rasp14_pi4gb_r1,63,perf_20261002-152846_clu_rasp14_pi4gb_r1,0,17,1790954929889,0,1790957219887.131,968.812,13.311,1790957220869.858,Normal,0.7402
rasp1,34773,20261002-152846_clu_rasp14_pi4gb_r1,67,perf_20261002-152846_clu_rasp14_pi4gb_r1,0,18,1790954929890,0,1790957220877.305,965.077,12.46,1790957221855.91,Normal,0.9526
rasp1,34773,20261002-152846_clu_rasp14_pi4gb_r1,68,perf_20261002-152846_clu_rasp14_pi4gb_r1,0,19,1790954929890,0,1790957221857.671,1086.047,11.884,1790957222956.795,Normal,0.9052
rasp1,34773,20261002-152846_clu_rasp14_pi4gb_r1,69,perf_20261002-152846_clu_rasp14_pi4gb_r1,0,20,1790954929890,0,1790957222959.223,774.536,11.461,1790957223745.885,Normal,0.9362
rasp1,34773,20261002-152846_clu_rasp14_pi4gb_r1,76,perf_20261002-152846_clu_rasp14_pi4gb_r1,0,21,1790954929891,0,1790957223747.89,1615.541,11.189,1790957225375.403,Normal,0.9494
rasp1,34773,20261002-152846_clu_rasp14_pi4gb_r1,82,perf_20261002-152846_clu_rasp14_pi4gb_r1,0,22,1790954929892,0,1790957225377.622,1393.526,10.321,1790957226787.325,Normal,0.9547
rasp1,34773,20261002-152846_clu_rasp14_pi4gb_r1,85,perf_20261002-152846_clu_rasp14_pi4gb_r1,0,23,1790954929893,0,1790957226789.17,886.682,11.863,1790957227688.531,Normal,0.9656
rasp1,34773,20261002-152846_clu_rasp14_pi4gb_r1,86,perf_20261002-152846_clu_rasp14_pi4gb_r1,0,24,1790954929893,0,1790957227691.479,650.353,10.768,1790957228353.456,Normal,0.8367
rasp1,34773,20261002-152846_clu_rasp14_pi4gb_r1,89,perf_20261002-152846_clu_rasp14_pi4gb_r1,0,25,1790954929893,0,1790957228355.442,577.147,11.42,1790957228944.815,Normal,0.9375
rasp1,34773,20261002-152846_clu_rasp14_pi4gb_r1,91,perf_20261002-152846_clu_rasp14_pi4gb_r1,0,26,1790954929894,0,1790957228946.628,844.77,10.932,1790957229803.202,Normal,0.5178
rasp1,34773,20261002-152846_clu_rasp14_pi4gb_r1,93,perf_20261002-152846_clu_rasp14_pi4gb_r1,0,27,1790954929894,0,1790957229804.82,2569.061,10.704,1790957232385.381,Normal,0.9203
rasp1,34773,20261002-152846_clu_rasp14_pi4gb_r1,94,perf_20261002-152846_clu_rasp14_pi4gb_r1,0,28,1790954929894,0,1790957232393.046,1048.172,16.239,1790957233458.36,Normal,0.9667
rasp1,34773,20261002-152846_clu_rasp14_pi4gb_r1,95,perf_20261002-152846_clu_rasp14_pi4gb_r1,0,29,1790954929894,0,1790957233463.072,857.319,15.279,1790957234336.48,Normal,0.9526
rasp1,34773,20261002-152846_clu_rasp14_pi4gb_r1,98,perf_20261002-152846_clu_rasp14_pi4gb_r1,0,30,1790954929894,0,1790957234338.041,770.039,16.808,1790957235125.868,Normal,0.9608
rasp1,34773,20261002-152846_clu_rasp14_pi4gb_r1,103,perf_20261002-152846_clu_rasp14_pi4gb_r1,0,31,1790954929895,0,1790957235127.605,820.357,9.727,1790957235958.636,Normal,0.9584
rasp1,34773,20261002-152846_clu_rasp14_pi4gb_r1,113,perf_20261002-152846_clu_rasp14_pi4gb_r1,0,32,1790954929895,0,1790957235963.143,764.188,10.535,1790957236738.954,Normal,0.9553
rasp1,34773,20261002-152846_clu_rasp14_pi4gb_r1,116,perf_20261002-152846_clu_rasp14_pi4gb_r1,0,33,1790954929896,0,1790957236740.806,632.939,9.059,1790957237383.475,Normal,0.9618
rasp1,34773,20261002-152846_clu_rasp14_pi4gb_r1,121,perf_20261002-152846_clu_rasp14_pi4gb_r1,0,34,1790954929896,0,1790957237385.229,725.963,8.523,1790957238120.543,Normal,0.8871
rasp1,34773,20261002-152846_clu_rasp14_pi4gb_r1,122,perf_20261002-152846_clu_rasp14_pi4gb_r1,0,35,1790954929896,0,1790957238122.0,1677.556,11.569,1790957239812.171,Normal,0.9763
rasp1,34773,20261002-152846_clu_rasp14_pi4gb_r1,124,perf_20261002-152846_clu_rasp14_pi4gb_r1,0,36,1790954929896,0,1790957239815.006,630.565,10.917,1790957240457.283,Normal,0.9474
rasp1,34773,20261002-152846_clu_rasp14_pi4gb_r1,125,perf_20261002-152846_clu_rasp14_pi4gb_r1,0,37,1790954929896,0,1790957240459.215,1207.619,9.854,1790957241677.421,Normal,0.9226
rasp1,34773,20261002-152846_clu_rasp14_pi4gb_r1,130,perf_20261002-152846_clu_rasp14_pi4gb_r1,0,38,1790954929897,0,1790957241678.965,606.678,11.593,1790957242298.069,Normal,0.8125
rasp1,34773,20261002-152846_clu_rasp14_pi4gb_r1,131,perf_20261002-152846_clu_rasp14_pi4gb_r1,0,39,1790954929897,0,1790957242299.399,835.91,12.126,1790957243148.558,Normal,0.9665
rasp1,34773,20261002-152846_clu_rasp14_pi4gb_r1,134,perf_20261002-152846_clu_rasp14_pi4gb_r1,0,40,1790954929897,0,1790957243151.556,675.256,14.905,1790957243842.477,Normal,0.9298
rasp1,34773,20261002-152846_clu_rasp14_pi4gb_r1,135,perf_20261002-152846_clu_rasp14_pi4gb_r1,0,41,1790954929897,0,1790957243845.26,861.79,12.989,1790957244721.095,Normal,0.968
rasp1,34773,20261002-152846_clu_rasp14_pi4gb_r1,136,perf_20261002-152846_clu_rasp14_pi4gb_r1,0,42,1790954929897,0,1790957244723.466,963.834,11.712,1790957245700.06,Normal,0.9343
rasp1,34773,20261002-152846_clu_rasp14_pi4gb_r1,138,perf_20261002-152846_clu_rasp14_pi4gb_r1,0,43,1790954929897,0,1790957245702.762,1015.626,11.592,1790957246731.017,Normal,0.899
rasp1,34773,20261002-152846_clu_rasp14_pi4gb_r1,144,perf_20261002-152846_clu_rasp14_pi4gb_r1,0,44,1790954929898,0,1790957246733.624,1844.767,9.208,1790957248588.333,Normal,0.9733
rasp1,34773,20261002-152846_clu_rasp14_pi4gb_r1,145,perf_20261002-152846_clu_rasp14_pi4gb_r1,0,45,1790954929898,0,1790957248595.937,1289.05,11.639,1790957249897.258,Normal,0.9424
rasp1,34773,20261002-152846_clu_rasp14_pi4gb_r1,149,perf_20261002-152846_clu_rasp14_pi4gb_r1,0,46,1790954929898,0,1790957249902.685,980.328,10.354,1790957250894.363,Normal,0.9224
rasp1,34773,20261002-152846_clu_rasp14_pi4gb_r1,154,perf_20261002-152846_clu_rasp14_pi4gb_r1,0,47,1790954929915,0,1790957250896.371,743.225,10.155,1790957251651.042,Normal,0.9163
rasp1,34773,20261002-152846_clu_rasp14_pi4gb_r1,156,perf_20261002-152846_clu_rasp14_pi4gb_r1,0,48,1790954929915,0,1790957251652.551,772.83,9.773,1790957252436.113,Normal,0.9631
rasp1,34773,20261002-152846_clu_rasp14_pi4gb_r1,158,perf_20261002-152846_clu_rasp14_pi4gb_r1,0,49,1790954929936,0,1790957252437.867,775.22,11.505,1790957253225.569,Normal,0.9327
rasp1,34773,20261002-152846_clu_rasp14_pi4gb_r1,169,perf_20261002-152846_clu_rasp14_pi4gb_r1,0,50,1790954929940,0,1790957253227.9,727.471,12.755,1790957253969.898,Normal,0.8485
rasp1,34773,20261002-152846_clu_rasp14_pi4gb_r1,181,perf_20261002-152846_clu_rasp14_pi4gb_r1,0,51,1790954929942,0,1790957253971.511,1972.882,11.204,1790957255956.538,Normal,0.9797
rasp1,34773,20261002-152846_clu_rasp14_pi4gb_r1,182,perf_20261002-152846_clu_rasp14_pi4gb_r1,0,52,1790954929942,0,1790957255958.245,663.55,18.614,1790957256641.684,Normal,0.9597
rasp1,34773,20261002-152846_clu_rasp14_pi4gb_r1,186,perf_20261002-152846_clu_rasp14_pi4gb_r1,0,53,1790954929943,0,1790957256649.103,740.23,10.008,1790957257400.079,Normal,0.7583
rasp1,34773,20261002-152846_clu_rasp14_pi4gb_r1,190,perf_20261002-152846_clu_rasp14_pi4gb_r1,0,54,1790954929944,0,1790957257401.432,784.504,11.837,1790957258198.864,Normal,0.9582
rasp1,34773,20261002-152846_clu_rasp14_pi4gb_r1,195,perf_20261002-152846_clu_rasp14_pi4gb_r1,0,55,1790954929945,0,1790957258201.013,603.15,11.568,1790957258817.036,Normal,0.9401
rasp1,34773,20261002-152846_clu_rasp14_pi4gb_r1,196,perf_20261002-152846_clu_rasp14_pi4gb_r1,0,56,1790954929945,0,1790957258819.205,650.602,9.551,1790957259480.08,Normal,0.968
rasp1,34773,20261002-152846_clu_rasp14_pi4gb_r1,198,perf_20261002-152846_clu_rasp14_pi4gb_r1,0,57,1790954929946,0,1790957259481.473,544.635,12.299,1790957260039.113,Normal,0.9431
rasp1,34773,20261002-152846_clu_rasp14_pi4gb_r1,199,perf_20261002-152846_clu_rasp14_pi4gb_r1,0,58,1790954929946,0,1790957260041.034,2242.059,12.009,1790957262296.312,Normal,0.924
rasp1,34773,20261002-152846_clu_rasp14_pi4gb_r1,204,perf_20261002-152846_clu_rasp14_pi4gb_r1,0,59,1790954929947,0,1790957262305.118,976.655,16.301,1790957263298.849,Normal,0.8864
rasp1,34773,20261002-152846_clu_rasp14_pi4gb_r1,205,perf_20261002-152846_clu_rasp14_pi4gb_r1,0,60,1790954929947,0,1790957263301.186,1098.568,14.178,1790957264414.648,Normal,0.9654
rasp1,34773,20261002-152846_clu_rasp14_pi4gb_r1,214,perf_20261002-152846_clu_rasp14_pi4gb_r1,0,61,1790954929954,0,1790957264419.41,967.359,9.025,1790957265396.47,Normal,0.9527
rasp1,34773,20261002-152846_clu_rasp14_pi4gb_r1,215,perf_20261002-152846_clu_rasp14_pi4gb_r1,0,62,1790954929954,0,1790957265397.93,690.416,10.306,1790957266099.386,Normal,0.8958
rasp1,34773,20261002-152846_clu_rasp14_pi4gb_r1,219,perf_20261002-152846_clu_rasp14_pi4gb_r1,0,63,1790954929965,0,1790957266101.598,4204.864,11.279,1790957270318.789,Normal,0.9736
rasp1,34773,20261002-152846_clu_rasp14_pi4gb_r1,222,perf_20261002-152846_clu_rasp14_pi4gb_r1,0,64,1790954929965,0,1790957270320.432,615.47,11.31,1790957270947.924,Normal,0.9603
rasp1,34773,20261002-152846_clu_rasp14_pi4gb_r1,226,perf_20261002-152846_clu_rasp14_pi4gb_r1,0,65,1790954929980,0,1790957270949.643,633.341,11.496,1790957271595.161,Normal,0.9627
rasp1,34773,20261002-152846_clu_rasp14_pi4gb_r1,227,perf_20261002-152846_clu_rasp14_pi4gb_r1,0,66,1790954929982,0,1790957271597.113,660.533,11.704,1790957272270.361,Normal,0.9515
rasp1,34773,20261002-152846_clu_rasp14_pi4gb_r1,231,perf_20261002-152846_clu_rasp14_pi4gb_r1,0,67,1790954929983,0,1790957272272.996,929.741,10.962,1790957273214.551,Normal,0.9381
rasp1,34773,20261002-152846_clu_rasp14_pi4gb_r1,235,perf_20261002-152846_clu_rasp14_pi4gb_r1,0,68,1790954929983,0,1790957273216.554,862.367,10.189,1790957274089.864,Normal,0.9691
rasp1,34773,20261002-152846_clu_rasp14_pi4gb_r1,237,perf_20261002-152846_clu_rasp14_pi4gb_r1,0,69,1790954929984,0,1790957274091.493,782.466,17.014,1790957274891.881,Normal,0.9615
rasp1,34773,20261002-152846_clu_rasp14_pi4gb_r1,239,perf_20261002-152846_clu_rasp14_pi4gb_r1,0,70,1790954929984,0,1790957274894.165,850.316,13.064,1790957275758.258,Normal,0.5543
rasp1,34773,20261002-152846_clu_rasp14_pi4gb_r1,242,perf_20261002-152846_clu_rasp14_pi4gb_r1,0,71,1790954929985,0,1790957275762.679,759.346,9.76,1790957276532.674,Normal,0.9572
rasp1,34773,20261002-152846_clu_rasp14_pi4gb_r1,248,perf_20261002-152846_clu_rasp14_pi4gb_r1,0,72,1790954929986,0,1790957276540.224,763.07,13.231,1790957277317.193,Normal,0.9722
rasp1,34773,20261002-152846_clu_rasp14_pi4gb_r1,254,perf_20261002-152846_clu_rasp14_pi4gb_r1,0,73,1790954929987,0,1790957277322.545,750.032,15.981,1790957278096.025,Normal,0.9008
rasp1,34773,20261002-152846_clu_rasp14_pi4gb_r1,258,perf_20261002-152846_clu_rasp14_pi4gb_r1,0,74,1790954929988,0,1790957278101.048,896.962,9.556,1790957279008.855,Normal,0.9614
rasp1,34773,20261002-152846_clu_rasp14_pi4gb_r1,259,perf_20261002-152846_clu_rasp14_pi4gb_r1,0,75,1790954929988,0,1790957279010.849,1042.199,14.118,1790957280067.921,Normal,0.8939
rasp1,34773,20261002-152846_clu_rasp14_pi4gb_r1,260,perf_20261002-152846_clu_rasp14_pi4gb_r1,0,76,1790954929988,0,1790957280069.912,761.343,12.894,1790957280845.33,Normal,0.8408
rasp1,34773,20261002-152846_clu_rasp14_pi4gb_r1,262,perf_20261002-152846_clu_rasp14_pi4gb_r1,0,77,1790954929988,0,1790957280847.197,1096.303,12.312,1790957281959.666,Normal,0.9674
rasp1,34773,20261002-152846_clu_rasp14_pi4gb_r1,266,perf_20261002-152846_clu_rasp14_pi4gb_r1,0,78,1790954929989,0,1790957281961.395,1298.465,17.813,1790957283278.417,Normal,0.9441
rasp1,34773,20261002-152846_clu_rasp14_pi4gb_r1,269,perf_20261002-152846_clu_rasp14_pi4gb_r1,0,79,1790954929990,0,1790957283283.361,703.653,13.775,1790957284001.467,Normal,0.8515
rasp1,34773,20261002-152846_clu_rasp14_pi4gb_r1,272,perf_20261002-152846_clu_rasp14_pi4gb_r1,0,80,1790954929990,0,1790957284003.6,1172.386,9.625,1790957285186.303,Normal,0.9494
rasp1,34773,20261002-152846_clu_rasp14_pi4gb_r1,280,perf_20261002-152846_clu_rasp14_pi4gb_r1,0,81,1790954929992,0,1790957285188.402,670.986,11.408,1790957285871.764,Normal,0.9608
rasp1,34773,20261002-152846_clu_rasp14_pi4gb_r1,281,perf_20261002-152846_clu_rasp14_pi4gb_r1,0,82,1790954929992,0,1790957285873.902,691.865,11.66,1790957286578.588,Normal,0.7225
rasp1,34773,20261002-152846_clu_rasp14_pi4gb_r1,286,perf_20261002-152846_clu_rasp14_pi4gb_r1,0,83,1790954929994,0,1790957286580.537,4212.589,12.327,1790957290806.341,Normal,0.9702
rasp1,34773,20261002-152846_clu_rasp14_pi4gb_r1,288,perf_20261002-152846_clu_rasp14_pi4gb_r1,0,84,1790954929994,0,1790957290808.18,698.453,10.899,1790957291518.569,Normal,0.9633
rasp1,34773,20261002-152846_clu_rasp14_pi4gb_r1,293,perf_20261002-152846_clu_rasp14_pi4gb_r1,0,85,1790954929995,0,1790957291520.604,822.424,11.647,1790957292355.485,Normal,0.9719
rasp1,34773,20261002-152846_clu_rasp14_pi4gb_r1,294,perf_20261002-152846_clu_rasp14_pi4gb_r1,0,86,1790954929995,0,1790957292357.48,656.779,13.255,1790957293028.487,Normal,0.9468
rasp1,34773,20261002-152846_clu_rasp14_pi4gb_r1,295,perf_20261002-152846_clu_rasp14_pi4gb_r1,0,87,1790954929995,0,1790957293030.433,664.548,13.083,1790957293709.296,Normal,0.9468
rasp1,34773,20261002-152846_clu_rasp14_pi4gb_r1,298,perf_20261002-152846_clu_rasp14_pi4gb_r1,0,88,1790954929996,0,1790957293712.239,812.003,22.58,1790957294547.598,OFFENSIVE,0.603
rasp1,34773,20261002-152846_clu_rasp14_pi4gb_r1,304,perf_20261002-152846_clu_rasp14_pi4gb_r1,0,89,1790954929997,0,1790957294549.163,2375.359,14.968,1790957296940.383,Normal,0.9652
rasp1,34773,20261002-152846_clu_rasp14_pi4gb_r1,305,perf_20261002-152846_clu_rasp14_pi4gb_r1,0,90,1790954929997,0,1790957296942.019,877.529,11.704,1790957297832.195,Normal,0.9629
rasp1,34773,20261002-152846_clu_rasp14_pi4gb_r1,308,perf_20261002-152846_clu_rasp14_pi4gb_r1,0,91,1790954929997,0,1790957297840.364,792.932,10.456,1790957298644.651,Normal,0.9277
rasp1,34773,20261002-152846_clu_rasp14_pi4gb_r1,314,perf_20261002-152846_clu_rasp14_pi4gb_r1,0,92,1790954929999,0,1790957298646.87,683.506,11.158,1790957299342.53,Normal,0.9203
rasp1,34773,20261002-152846_clu_rasp14_pi4gb_r1,319,perf_20261002-152846_clu_rasp14_pi4gb_r1,0,93,1790954930000,0,1790957299344.401,776.03,10.21,1790957300131.578,OFFENSIVE,0.4147
rasp1,34773,20261002-152846_clu_rasp14_pi4gb_r1,323,perf_20261002-152846_clu_rasp14_pi4gb_r1,0,94,1790954930001,0,1790957300133.358,603.213,12.063,1790957300749.579,Normal,0.962
rasp1,34773,20261002-152846_clu_rasp14_pi4gb_r1,326,perf_20261002-152846_clu_rasp14_pi4gb_r1,0,95,1790954930001,0,1790957300751.899,1069.73,9.947,1790957301832.601,Normal,0.9126
rasp1,34773,20261002-152846_clu_rasp14_pi4gb_r1,328,perf_20261002-152846_clu_rasp14_pi4gb_r1,0,96,1790954930002,0,1790957301834.369,1068.448,9.917,1790957302913.522,Normal,0.945
rasp1,34773,20261002-152846_clu_rasp14_pi4gb_r1,329,perf_20261002-152846_clu_rasp14_pi4gb_r1,0,97,1790954930002,0,1790957302915.496,1195.871,10.17,1790957304122.222,Normal,0.9573
rasp1,34773,20261002-152846_clu_rasp14_pi4gb_r1,333,perf_20261002-152846_clu_rasp14_pi4gb_r1,0,98,1790954930002,0,1790957304123.904,824.042,11.136,1790957304959.799,Normal,0.9775
rasp1,34773,20261002-152846_clu_rasp14_pi4gb_r1,348,perf_20261002-152846_clu_rasp14_pi4gb_r1,0,99,1790954930006,0,1790957304961.927,1188.987,11.863,1790957306163.648,Normal,0.8482
rasp1,34773,20261002-152846_clu_rasp14_pi4gb_r1,350,perf_20261002-152846_clu_rasp14_pi4gb_r1,0,100,1790954930006,0,1790957306167.133,2042.729,19.304,1790957308230.081,Normal,0.4517
rasp1,34773,20261002-152846_clu_rasp14_pi4gb_r1,353,perf_20261002-152846_clu_rasp14_pi4gb_r1,0,101,1790954930007,0,1790957308231.864,929.352,10.98,1790957309173.405,Normal,0.9509
rasp1,34773,20261002-152846_clu_rasp14_pi4gb_r1,360,perf_20261002-152846_clu_rasp14_pi4gb_r1,0,102,1790954930008,0,1790957309181.112,873.871,18.473,1790957310074.327,Normal,0.878
rasp1,34773,20261002-152846_clu_rasp14_pi4gb_r1,366,perf_20261002-152846_clu_rasp14_pi4gb_r1,0,103,1790954930009,0,1790957310082.252,748.779,17.211,1790957310849.335,Normal,0.9119
rasp1,34773,20261002-152846_clu_rasp14_pi4gb_r1,367,perf_20261002-152846_clu_rasp14_pi4gb_r1,0,104,1790954930010,0,1790957310851.344,725.216,14.96,1790957311592.431,Normal,0.9277
rasp1,34773,20261002-152846_clu_rasp14_pi4gb_r1,372,perf_20261002-152846_clu_rasp14_pi4gb_r1,0,105,1790954930010,0,1790957311594.473,834.731,11.325,1790957312441.518,Normal,0.9565
rasp1,34773,20261002-152846_clu_rasp14_pi4gb_r1,375,perf_20261002-152846_clu_rasp14_pi4gb_r1,0,106,1790954930011,0,1790957312443.607,611.306,9.9,1790957313065.763,Normal,0.9375
rasp1,34773,20261002-152846_clu_rasp14_pi4gb_r1,376,perf_20261002-152846_clu_rasp14_pi4gb_r1,0,107,1790954930011,0,1790957313067.432,597.692,11.273,1790957313677.685,Normal,0.9475
rasp1,34773,20261002-152846_clu_rasp14_pi4gb_r1,396,perf_20261002-152846_clu_rasp14_pi4gb_r1,0,108,1790954930014,0,1790957313679.327,701.29,10.089,1790957314392.044,Normal,0.9577
rasp1,34773,20261002-152846_clu_rasp14_pi4gb_r1,399,perf_20261002-152846_clu_rasp14_pi4gb_r1,0,109,1790954930014,0,1790957314394.083,597.655,10.193,1790957315003.08,Normal,0.9375
rasp1,34773,20261002-152846_clu_rasp14_pi4gb_r1,405,perf_20261002-152846_clu_rasp14_pi4gb_r1,0,110,1790954930019,0,1790957315004.537,581.82,10.254,1790957315597.372,Normal,0.9375
rasp1,34773,20261002-152846_clu_rasp14_pi4gb_r1,412,perf_20261002-152846_clu_rasp14_pi4gb_r1,0,111,1790954930020,0,1790957315599.575,862.343,10.546,1790957316473.16,Normal,0.952
rasp1,34773,20261002-152846_clu_rasp14_pi4gb_r1,417,perf_20261002-152846_clu_rasp14_pi4gb_r1,0,112,1790954930021,0,1790957316474.806,620.24,11.773,1790957317107.961,Normal,0.8853
rasp1,34773,20261002-152846_clu_rasp14_pi4gb_r1,429,perf_20261002-152846_clu_rasp14_pi4gb_r1,0,113,1790954930022,0,1790957317110.559,2081.724,10.808,1790957319204.085,Normal,0.9687
rasp1,34773,20261002-152846_clu_rasp14_pi4gb_r1,432,perf_20261002-152846_clu_rasp14_pi4gb_r1,0,114,1790954930022,0,1790957319206.201,673.35,10.637,1790957319890.964,Normal,0.9627
rasp1,34773,20261002-152846_clu_rasp14_pi4gb_r1,437,perf_20261002-152846_clu_rasp14_pi4gb_r1,0,115,1790954930023,0,1790957319892.34,872.935,10.604,1790957320776.625,Normal,0.974
rasp1,34773,20261002-152846_clu_rasp14_pi4gb_r1,438,perf_20261002-152846_clu_rasp14_pi4gb_r1,0,116,1790954930023,0,1790957320778.6,614.983,10.6,1790957321405.105,Normal,0.949
rasp1,34773,20261002-152846_clu_rasp14_pi4gb_r1,439,perf_20261002-152846_clu_rasp14_pi4gb_r1,0,117,1790954930023,0,1790957321407.221,944.649,12.051,1790957322364.562,OFFENSIVE,0.8204
rasp1,34773,20261002-152846_clu_rasp14_pi4gb_r1,441,perf_20261002-152846_clu_rasp14_pi4gb_r1,0,118,1790954930023,0,1790957322366.547,787.461,16.254,1790957323171.154,Normal,0.9638
rasp1,34773,20261002-152846_clu_rasp14_pi4gb_r1,447,perf_20261002-152846_clu_rasp14_pi4gb_r1,0,119,1790954930023,0,1790957323184.077,690.219,21.756,1790957323902.09,Normal,0.9534
rasp1,34773,20261002-152846_clu_rasp14_pi4gb_r1,449,perf_20261002-152846_clu_rasp14_pi4gb_r1,0,120,1790954930024,0,1790957323906.825,955.083,18.524,1790957324882.052,Normal,0.945
rasp1,34773,20261002-152846_clu_rasp14_pi4gb_r1,455,perf_20261002-152846_clu_rasp14_pi4gb_r1,0,121,1790954930024,0,1790957324883.62,1083.637,14.796,1790957325983.327,Normal,0.951
rasp1,34773,20261002-152846_clu_rasp14_pi4gb_r1,456,perf_20261002-152846_clu_rasp14_pi4gb_r1,0,122,1790954930024,0,1790957325984.656,1314.65,24.571,1790957327324.838,Normal,0.9378
rasp1,34773,20261002-152846_clu_rasp14_pi4gb_r1,462,perf_20261002-152846_clu_rasp14_pi4gb_r1,0,123,1790954930025,0,1790957327326.552,657.489,12.977,1790957327998.034,Normal,0.9375
rasp1,34773,20261002-152846_clu_rasp14_pi4gb_r1,467,perf_20261002-152846_clu_rasp14_pi4gb_r1,0,124,1790954930025,0,1790957328000.787,707.683,9.63,1790957328718.923,Normal,0.9551
rasp1,34773,20261002-152846_clu_rasp14_pi4gb_r1,470,perf_20261002-152846_clu_rasp14_pi4gb_r1,0,125,1790954930026,0,1790957328720.832,1432.901,10.291,1790957330164.954,Normal,0.9582
rasp1,34773,20261002-152846_clu_rasp14_pi4gb_r1,472,perf_20261002-152846_clu_rasp14_pi4gb_r1,0,126,1790954930026,0,1790957330166.517,835.355,14.41,1790957331017.008,Normal,0.9431
rasp1,34773,20261002-152846_clu_rasp14_pi4gb_r1,479,perf_20261002-152846_clu_rasp14_pi4gb_r1,0,127,1790954930026,0,1790957331018.549,650.897,10.056,1790957331680.412,Normal,0.9557
rasp1,34773,20261002-152846_clu_rasp14_pi4gb_r1,483,perf_20261002-152846_clu_rasp14_pi4gb_r1,0,128,1790954930027,0,1790957331681.952,987.451,10.041,1790957332680.147,Normal,0.6444
rasp1,34773,20261002-152846_clu_rasp14_pi4gb_r1,485,perf_20261002-152846_clu_rasp14_pi4gb_r1,0,129,1790954930027,0,1790957332681.884,612.378,10.391,1790957333305.443,Normal,0.9253
rasp1,34773,20261002-152846_clu_rasp14_pi4gb_r1,491,perf_20261002-152846_clu_rasp14_pi4gb_r1,0,130,1790954930027,0,1790957333307.31,627.467,11.883,1790957333955.282,Normal,0.479
rasp1,34773,20261002-152846_clu_rasp14_pi4gb_r1,493,perf_20261002-152846_clu_rasp14_pi4gb_r1,0,131,1790954930027,0,1790957333956.985,2552.323,12.472,1790957336522.888,Normal,0.96
rasp1,34773,20261002-152846_clu_rasp14_pi4gb_r1,496,perf_20261002-152846_clu_rasp14_pi4gb_r1,0,132,1790954930028,0,1790957336526.381,614.572,8.813,1790957337150.466,Normal,0.9536
rasp1,34773,20261002-152846_clu_rasp14_pi4gb_r1,500,perf_20261002-152846_clu_rasp14_pi4gb_r1,0,133,1790954930028,0,1790957337159.147,570.45,14.944,1790957337745.211,Normal,0.9509
rasp1,34773,20261002-152846_clu_rasp14_pi4gb_r1,503,perf_20261002-152846_clu_rasp14_pi4gb_r1,0,134,1790954930028,0,1790957337746.541,772.649,19.931,1790957338540.002,Normal,0.9601
rasp1,34773,20261002-152846_clu_rasp14_pi4gb_r1,512,perf_20261002-152846_clu_rasp14_pi4gb_r1,0,135,1790954930029,0,1790957338548.918,1242.387,17.44,1790957339810.033,Normal,0.9021
rasp1,34773,20261002-152846_clu_rasp14_pi4gb_r1,514,perf_20261002-152846_clu_rasp14_pi4gb_r1,0,136,1790954930033,0,1790957339814.76,695.329,10.758,1790957340521.787,Normal,0.968
rasp1,34773,20261002-152846_clu_rasp14_pi4gb_r1,521,perf_20261002-152846_clu_rasp14_pi4gb_r1,0,137,1790954930034,0,1790957340523.848,1097.273,9.959,1790957341631.884,Normal,0.9443
rasp1,34773,20261002-152846_clu_rasp14_pi4gb_r1,525,perf_20261002-152846_clu_rasp14_pi4gb_r1,0,138,1790954930034,0,1790957341633.62,837.715,11.892,1790957342484.163,Normal,0.966
rasp1,34773,20261002-152846_clu_rasp14_pi4gb_r1,527,perf_20261002-152846_clu_rasp14_pi4gb_r1,0,139,1790954930035,0,1790957342485.838,1019.658,10.361,1790957343516.614,Normal,0.9741
rasp1,34773,20261002-152846_clu_rasp14_pi4gb_r1,531,perf_20261002-152846_clu_rasp14_pi4gb_r1,0,140,1790954930035,0,1790957343518.311,522.26,10.74,1790957344052.292,Normal,0.9119
rasp1,34773,20261002-152846_clu_rasp14_pi4gb_r1,534,perf_20261002-152846_clu_rasp14_pi4gb_r1,0,141,1790954930035,0,1790957344058.981,500.193,9.862,1790957344569.767,Normal,0.9592
rasp1,34773,20261002-152846_clu_rasp14_pi4gb_r1,535,perf_20261002-152846_clu_rasp14_pi4gb_r1,0,142,1790954930035,0,1790957344571.619,614.002,10.47,1790957345196.991,Normal,0.9695
rasp1,34773,20261002-152846_clu_rasp14_pi4gb_r1,541,perf_20261002-152846_clu_rasp14_pi4gb_r1,0,143,1790954930036,0,1790957345198.765,850.403,10.645,1790957346060.847,OFFENSIVE,0.924
rasp1,34773,20261002-152846_clu_rasp14_pi4gb_r1,546,perf_20261002-152846_clu_rasp14_pi4gb_r1,0,144,1790954930036,0,1790957346063.345,1875.688,13.49,1790957347953.497,Normal,0.9645
rasp1,34773,20261002-152846_clu_rasp14_pi4gb_r1,549,perf_20261002-152846_clu_rasp14_pi4gb_r1,0,145,1790954930036,0,1790957347955.353,852.763,12.036,1790957348821.01,Normal,0.9439
rasp1,34773,20261002-152846_clu_rasp14_pi4gb_r1,550,perf_20261002-152846_clu_rasp14_pi4gb_r1,0,146,1790954930036,0,1790957348823.893,696.858,11.598,1790957349533.69,Normal,0.957
rasp1,34773,20261002-152846_clu_rasp14_pi4gb_r1,553,perf_20261002-152846_clu_rasp14_pi4gb_r1,0,147,1790954930037,0,1790957349535.488,586.413,10.584,1790957350133.367,HATE,0.4958
rasp1,34773,20261002-152846_clu_rasp14_pi4gb_r1,554,perf_20261002-152846_clu_rasp14_pi4gb_r1,0,148,1790954930037,0,1790957350135.131,1659.344,17.596,1790957351812.846,Normal,0.9743
rasp1,34773,20261002-152846_clu_rasp14_pi4gb_r1,558,perf_20261002-152846_clu_rasp14_pi4gb_r1,0,149,1790954930037,0,1790957351817.541,739.03,10.157,1790957352567.507,Normal,0.6794
rasp1,34773,20261002-152846_clu_rasp14_pi4gb_r1,563,perf_20261002-152846_clu_rasp14_pi4gb_r1,0,150,1790954930038,0,1790957352569.188,779.395,18.576,1790957353370.959,Normal,0.7933
rasp1,34773,20261002-152846_clu_rasp14_pi4gb_r1,566,perf_20261002-152846_clu_rasp14_pi4gb_r1,0,151,1790954930038,0,1790957353378.635,718.949,14.03,1790957354112.898,Normal,0.9622
rasp1,34773,20261002-152846_clu_rasp14_pi4gb_r1,570,perf_20261002-152846_clu_rasp14_pi4gb_r1,0,152,1790954930038,0,1790957354114.373,873.409,9.515,1790957354998.076,Normal,0.9584
rasp1,34773,20261002-152846_clu_rasp14_pi4gb_r1,572,perf_20261002-152846_clu_rasp14_pi4gb_r1,0,153,1790954930038,0,1790957354999.846,842.589,10.23,1790957355853.355,Normal,0.8979
rasp1,34773,20261002-152846_clu_rasp14_pi4gb_r1,574,perf_20261002-152846_clu_rasp14_pi4gb_r1,0,154,1790954930039,0,1790957355855.696,1953.504,10.457,1790957357820.477,Normal,0.9433
rasp1,34773,20261002-152846_clu_rasp14_pi4gb_r1,581,perf_20261002-152846_clu_rasp14_pi4gb_r1,0,155,1790954930040,0,1790957357822.256,750.271,9.991,1790957358583.193,Normal,0.9318
rasp1,34773,20261002-152846_clu_rasp14_pi4gb_r1,583,perf_20261002-152846_clu_rasp14_pi4gb_r1,0,156,1790954930040,0,1790957358584.768,555.986,8.765,1790957359150.134,Normal,0.9451
rasp1,34773,20261002-152846_clu_rasp14_pi4gb_r1,584,perf_20261002-152846_clu_rasp14_pi4gb_r1,0,157,1790954930040,0,1790957359151.464,528.584,9.693,1790957359702.951,Normal,0.9309
rasp1,34773,20261002-152846_clu_rasp14_pi4gb_r1,588,perf_20261002-152846_clu_rasp14_pi4gb_r1,0,158,1790954930041,0,1790957359704.471,595.083,9.729,1790957360310.11,Normal,0.9309
rasp1,34773,20261002-152846_clu_rasp14_pi4gb_r1,593,perf_20261002-152846_clu_rasp14_pi4gb_r1,0,159,1790954930041,0,1790957360311.509,617.3,10.526,1790957360939.993,Normal,0.9603
rasp1,34773,20261002-152846_clu_rasp14_pi4gb_r1,596,perf_20261002-152846_clu_rasp14_pi4gb_r1,0,160,1790954930041,0,1790957360941.574,1096.86,10.716,1790957362050.106,Normal,0.9716
rasp1,34773,20261002-152846_clu_rasp14_pi4gb_r1,598,perf_20261002-152846_clu_rasp14_pi4gb_r1,0,161,1790954930042,0,1790957362051.647,664.527,9.445,1790957362726.562,Normal,0.9688
rasp1,34773,20261002-152846_clu_rasp14_pi4gb_r1,599,perf_20261002-152846_clu_rasp14_pi4gb_r1,0,162,1790954930042,0,1790957362728.087,693.797,9.938,1790957363432.492,Normal,0.925
rasp1,34773,20261002-152846_clu_rasp14_pi4gb_r1,600,perf_20261002-152846_clu_rasp14_pi4gb_r1,0,163,1790954930042,0,1790957363434.004,6978.657,9.745,1790957370423.213,Normal,0.9785
rasp1,34773,20261002-152846_clu_rasp14_pi4gb_r1,602,perf_20261002-152846_clu_rasp14_pi4gb_r1,0,164,1790954930042,0,1790957370424.69,679.376,10.439,1790957371115.337,Normal,0.9622
rasp1,34773,20261002-152846_clu_rasp14_pi4gb_r1,603,perf_20261002-152846_clu_rasp14_pi4gb_r1,0,165,1790954930042,0,1790957371117.149,534.24,8.912,1790957371661.151,Normal,0.9309
rasp1,34773,20261002-152846_clu_rasp14_pi4gb_r1,604,perf_20261002-152846_clu_rasp14_pi4gb_r1,0,166,1790954930042,0,1790957371662.985,1122.949,13.188,1790957372800.476,Normal,0.9716
rasp1,34773,20261002-152846_clu_rasp14_pi4gb_r1,607,perf_20261002-152846_clu_rasp14_pi4gb_r1,0,167,1790954930042,0,1790957372802.896,701.627,11.797,1790957373517.67,Normal,0.91
rasp1,34773,20261002-152846_clu_rasp14_pi4gb_r1,608,perf_20261002-152846_clu_rasp14_pi4gb_r1,0,168,1790954930042,0,1790957373519.899,670.527,10.104,1790957374201.413,Normal,0.9577
rasp1,34773,20261002-152846_clu_rasp14_pi4gb_r1,611,perf_20261002-152846_clu_rasp14_pi4gb_r1,0,169,1790954930043,0,1790957374203.124,878.076,11.416,1790957375093.452,Normal,0.9485
rasp1,34773,20261002-152846_clu_rasp14_pi4gb_r1,615,perf_20261002-152846_clu_rasp14_pi4gb_r1,0,170,1790954930043,0,1790957375095.614,776.905,11.667,1790957375885.035,Normal,0.968
rasp1,34773,20261002-152846_clu_rasp14_pi4gb_r1,617,perf_20261002-152846_clu_rasp14_pi4gb_r1,0,171,1790954930043,0,1790957375887.845,615.108,10.289,1790957376514.237,Normal,0.9299
rasp1,34773,20261002-152846_clu_rasp14_pi4gb_r1,625,perf_20261002-152846_clu_rasp14_pi4gb_r1,0,172,1790954930044,0,1790957376516.208,916.831,10.813,1790957377444.857,Normal,0.9415
rasp1,34773,20261002-152846_clu_rasp14_pi4gb_r1,628,perf_20261002-152846_clu_rasp14_pi4gb_r1,0,173,1790954930044,0,1790957377446.203,905.08,11.318,1790957378363.285,Normal,0.96
rasp1,34773,20261002-152846_clu_rasp14_pi4gb_r1,633,perf_20261002-152846_clu_rasp14_pi4gb_r1,0,174,1790954930044,0,1790957378371.327,872.892,11.829,1790957379256.878,Normal,0.9468
rasp1,34773,20261002-152846_clu_rasp14_pi4gb_r1,635,perf_20261002-152846_clu_rasp14_pi4gb_r1,0,175,1790954930045,0,1790957379261.449,1253.117,11.601,1790957380527.064,OFFENSIVE,0.6056
rasp1,34773,20261002-152846_clu_rasp14_pi4gb_r1,640,perf_20261002-152846_clu_rasp14_pi4gb_r1,0,176,1790954930079,0,1790957380534.782,984.267,11.92,1790957381531.939,Normal,0.9715
rasp1,34773,20261002-152846_clu_rasp14_pi4gb_r1,641,perf_20261002-152846_clu_rasp14_pi4gb_r1,0,177,1790954930080,0,1790957381536.771,1130.04,9.732,1790957382677.256,Normal,0.9002
rasp1,34773,20261002-152846_clu_rasp14_pi4gb_r1,642,perf_20261002-152846_clu_rasp14_pi4gb_r1,0,178,1790954930080,0,1790957382679.043,810.359,9.952,1790957383500.308,Normal,0.965
rasp1,34773,20261002-152846_clu_rasp14_pi4gb_r1,644,perf_20261002-152846_clu_rasp14_pi4gb_r1,0,179,1790954930080,0,1790957383501.824,828.451,12.036,1790957384343.181,OFFENSIVE,0.7481
rasp1,34773,20261002-152846_clu_rasp14_pi4gb_r1,646,perf_20261002-152846_clu_rasp14_pi4gb_r1,0,180,1790954930081,0,1790957384345.647,6462.624,9.777,1790957390819.181,Normal,0.9812
rasp1,34773,20261002-152846_clu_rasp14_pi4gb_r1,649,perf_20261002-152846_clu_rasp14_pi4gb_r1,0,181,1790954930082,0,1790957390821.05,596.582,9.608,1790957391427.929,Normal,0.8781
rasp1,34773,20261002-152846_clu_rasp14_pi4gb_r1,665,perf_20261002-152846_clu_rasp14_pi4gb_r1,0,182,1790954930084,0,1790957391429.593,1534.649,12.265,1790957392977.47,Normal,0.9482
rasp1,34773,20261002-152846_clu_rasp14_pi4gb_r1,668,perf_20261002-152846_clu_rasp14_pi4gb_r1,0,183,1790954930091,0,1790957392979.366,1003.963,30.496,1790957394014.959,Normal,0.9348
rasp1,34773,20261002-152846_clu_rasp14_pi4gb_r1,670,perf_20261002-152846_clu_rasp14_pi4gb_r1,0,184,1790954930100,0,1790957394024.197,929.888,16.023,1790957394970.884,Normal,0.9423
rasp1,34773,20261002-152846_clu_rasp14_pi4gb_r1,673,perf_20261002-152846_clu_rasp14_pi4gb_r1,0,185,1790954930105,0,1790957394978.826,1285.375,10.233,1790957396275.16,Normal,0.8782
rasp1,34773,20261002-152846_clu_rasp14_pi4gb_r1,675,perf_20261002-152846_clu_rasp14_pi4gb_r1,0,186,1790954930106,0,1790957396282.67,722.672,10.259,1790957397016.505,Normal,0.9635
rasp1,34773,20261002-152846_clu_rasp14_pi4gb_r1,677,perf_20261002-152846_clu_rasp14_pi4gb_r1,0,187,1790954930106,0,1790957397018.257,639.045,9.851,1790957397668.228,Normal,0.873
rasp1,34773,20261002-152846_clu_rasp14_pi4gb_r1,679,perf_20261002-152846_clu_rasp14_pi4gb_r1,0,188,1790954930106,0,1790957397669.8,549.862,9.92,1790957398230.314,Normal,0.8328
rasp1,34773,20261002-152846_clu_rasp14_pi4gb_r1,681,perf_20261002-152846_clu_rasp14_pi4gb_r1,0,189,1790954930107,0,1790957398232.06,622.203,11.149,1790957398866.182,Normal,0.4505
rasp1,34773,20261002-152846_clu_rasp14_pi4gb_r1,683,perf_20261002-152846_clu_rasp14_pi4gb_r1,0,190,1790954930107,0,1790957398867.679,578.332,9.058,1790957399455.964,Normal,0.9375
rasp1,34773,20261002-152846_clu_rasp14_pi4gb_r1,685,perf_20261002-152846_clu_rasp14_pi4gb_r1,0,191,1790954930108,0,1790957399457.502,638.317,12.403,1790957400108.993,Normal,0.8661
rasp1,34773,20261002-152846_clu_rasp14_pi4gb_r1,689,perf_20261002-152846_clu_rasp14_pi4gb_r1,0,192,1790954930108,0,1790957400110.774,826.269,8.612,1790957400946.525,Normal,0.9648
rasp1,34773,20261002-152846_clu_rasp14_pi4gb_r1,691,perf_20261002-152846_clu_rasp14_pi4gb_r1,0,193,1790954930109,0,1790957400948.011,665.485,12.747,1790957401626.897,Normal,0.9507
rasp1,34773,20261002-152846_clu_rasp14_pi4gb_r1,696,perf_20261002-152846_clu_rasp14_pi4gb_r1,0,194,1790954930110,0,1790957401628.477,550.536,9.952,1790957402189.606,Normal,0.8469
rasp1,34773,20261002-152846_clu_rasp14_pi4gb_r1,702,perf_20261002-152846_clu_rasp14_pi4gb_r1,0,195,1790954930111,0,1790957402191.002,621.415,10.416,1790957402823.766,Normal,0.9045
rasp1,34773,20261002-152846_clu_rasp14_pi4gb_r1,704,perf_20261002-152846_clu_rasp14_pi4gb_r1,0,196,1790954930111,0,1790957402825.236,684.637,11.894,1790957403522.495,Normal,0.9393
rasp1,34773,20261002-152846_clu_rasp14_pi4gb_r1,705,perf_20261002-152846_clu_rasp14_pi4gb_r1,0,197,1790954930111,0,1790957403524.358,864.449,15.981,1790957404406.146,Normal,0.9779
rasp1,34773,20261002-152846_clu_rasp14_pi4gb_r1,713,perf_20261002-152846_clu_rasp14_pi4gb_r1,0,198,1790954930113,0,1790957404408.99,556.855,10.52,1790957404977.342,Normal,0.9423
rasp1,34773,20261002-152846_clu_rasp14_pi4gb_r1,715,perf_20261002-152846_clu_rasp14_pi4gb_r1,0,199,1790954930113,0,1790957404979.3,1312.199,10.533,1790957406302.756,Normal,0.9775
rasp1,34773,20261002-152846_clu_rasp14_pi4gb_r1,718,perf_20261002-152846_clu_rasp14_pi4gb_r1,0,200,1790954930114,0,1790957406304.044,861.488,8.438,1790957407174.609,Normal,0.9615
rasp1,34773,20261002-152846_clu_rasp14_pi4gb_r1,729,perf_20261002-152846_clu_rasp14_pi4gb_r1,0,201,1790954930117,0,1790957407181.187,1560.308,8.885,1790957408751.012,Normal,0.9701
rasp1,34773,20261002-152846_clu_rasp14_pi4gb_r1,737,perf_20261002-152846_clu_rasp14_pi4gb_r1,0,202,1790954930119,0,1790957408755.462,799.051,18.474,1790957409574.103,Normal,0.9728
rasp1,34773,20261002-152846_clu_rasp14_pi4gb_r1,740,perf_20261002-152846_clu_rasp14_pi4gb_r1,0,203,1790954930119,0,1790957409575.819,905.277,10.407,1790957410492.096,Normal,0.9728
rasp1,34773,20261002-152846_clu_rasp14_pi4gb_r1,744,perf_20261002-152846_clu_rasp14_pi4gb_r1,0,204,1790954930120,0,1790957410493.64,766.162,9.339,1790957411269.81,Normal,0.9621
rasp1,34773,20261002-152846_clu_rasp14_pi4gb_r1,745,perf_20261002-152846_clu_rasp14_pi4gb_r1,0,205,1790954930120,0,1790957411271.957,1056.098,12.198,1790957412341.123,Normal,0.9735
rasp1,34773,20261002-152846_clu_rasp14_pi4gb_r1,749,perf_20261002-152846_clu_rasp14_pi4gb_r1,0,206,1790954930121,0,1790957412342.472,2799.377,9.357,1790957415151.857,Normal,0.9792
rasp1,34773,20261002-152846_clu_rasp14_pi4gb_r1,750,perf_20261002-152846_clu_rasp14_pi4gb_r1,0,207,1790954930121,0,1790957415153.627,618.143,10.44,1790957415782.832,Normal,0.9561
rasp1,34773,20261002-152846_clu_rasp14_pi4gb_r1,753,perf_20261002-152846_clu_rasp14_pi4gb_r1,0,208,1790954930121,0,1790957415784.538,620.639,11.297,1790957416417.224,Normal,0.9302
rasp1,34773,20261002-152846_clu_rasp14_pi4gb_r1,759,perf_20261002-152846_clu_rasp14_pi4gb_r1,0,209,1790954930123,0,1790957416419.698,1761.667,9.631,1790957418191.948,Normal,0.9634
rasp1,34773,20261002-152846_clu_rasp14_pi4gb_r1,761,perf_20261002-152846_clu_rasp14_pi4gb_r1,0,210,1790954930123,0,1790957418193.364,914.212,9.156,1790957419117.402,Normal,0.9607
rasp1,34773,20261002-152846_clu_rasp14_pi4gb_r1,765,perf_20261002-152846_clu_rasp14_pi4gb_r1,0,211,1790954930124,0,1790957419119.078,752.029,12.041,1790957419884.143,Normal,0.9566
rasp1,34773,20261002-152846_clu_rasp14_pi4gb_r1,767,perf_20261002-152846_clu_rasp14_pi4gb_r1,0,212,1790954930124,0,1790957419885.879,620.53,10.291,1790957420517.406,Normal,0.9574
rasp1,34773,20261002-152846_clu_rasp14_pi4gb_r1,770,perf_20261002-152846_clu_rasp14_pi4gb_r1,0,213,1790954930125,0,1790957420519.251,510.985,9.858,1790957421040.874,Normal,0.9588
rasp1,34773,20261002-152846_clu_rasp14_pi4gb_r1,771,perf_20261002-152846_clu_rasp14_pi4gb_r1,0,214,1790954930125,0,1790957421042.117,1200.288,9.241,1790957422252.332,Normal,0.9038
rasp1,34773,20261002-152846_clu_rasp14_pi4gb_r1,780,perf_20261002-152846_clu_rasp14_pi4gb_r1,0,215,1790954930127,0,1790957422253.806,672.658,13.776,1790957422940.882,Normal,0.943
rasp1,34773,20261002-152846_clu_rasp14_pi4gb_r1,784,perf_20261002-152846_clu_rasp14_pi4gb_r1,0,216,1790954930128,0,1790957422945.302,1740.466,10.474,1790957424697.819,Normal,0.9723
rasp1,34773,20261002-152846_clu_rasp14_pi4gb_r1,785,perf_20261002-152846_clu_rasp14_pi4gb_r1,0,217,1790954930128,0,1790957424699.578,609.957,12.377,1790957425323.893,Normal,0.9153
rasp1,34773,20261002-152846_clu_rasp14_pi4gb_r1,787,perf_20261002-152846_clu_rasp14_pi4gb_r1,0,218,1790954930128,0,1790957425325.357,821.286,13.632,1790957426161.341,Normal,0.9403
rasp1,34773,20261002-152846_clu_rasp14_pi4gb_r1,789,perf_20261002-152846_clu_rasp14_pi4gb_r1,0,219,1790954930129,0,1790957426165.379,884.377,11.65,1790957427062.124,Normal,0.9749
rasp1,34773,20261002-152846_clu_rasp14_pi4gb_r1,795,perf_20261002-152846_clu_rasp14_pi4gb_r1,0,220,1790954930130,0,1790957427063.878,1049.644,9.309,1790957428123.793,Normal,0.9597
rasp1,34773,20261002-152846_clu_rasp14_pi4gb_r1,799,perf_20261002-152846_clu_rasp14_pi4gb_r1,0,221,1790954930130,0,1790957428125.842,651.378,16.993,1790957428837.671,Normal,0.9473
rasp1,34773,20261002-152846_clu_rasp14_pi4gb_r1,804,perf_20261002-152846_clu_rasp14_pi4gb_r1,0,222,1790954930131,0,1790957428841.065,806.364,10.791,1790957429659.094,Normal,0.9588
rasp1,34773,20261002-152846_clu_rasp14_pi4gb_r1,806,perf_20261002-152846_clu_rasp14_pi4gb_r1,0,223,1790954930132,0,1790957429660.45,605.016,11.426,1790957430277.695,Normal,0.9058
rasp1,34773,20261002-152846_clu_rasp14_pi4gb_r1,811,perf_20261002-152846_clu_rasp14_pi4gb_r1,0,224,1790954930133,0,1790957430280.398,1698.495,11.787,1790957431991.68,Normal,0.9595
rasp1,34773,20261002-152846_clu_rasp14_pi4gb_r1,818,perf_20261002-152846_clu_rasp14_pi4gb_r1,0,225,1790954930134,0,1790957431993.398,996.437,9.656,1790957433000.156,Normal,0.9659
rasp1,34773,20261002-152846_clu_rasp14_pi4gb_r1,821,perf_20261002-152846_clu_rasp14_pi4gb_r1,0,226,1790954930134,0,1790957433001.885,647.447,13.668,1790957433664.254,Normal,0.9181
rasp1,34773,20261002-152846_clu_rasp14_pi4gb_r1,825,perf_20261002-152846_clu_rasp14_pi4gb_r1,0,227,1790954930134,0,1790957433665.638,695.201,10.595,1790957434372.044,Normal,0.5716
rasp1,34773,20261002-152846_clu_rasp14_pi4gb_r1,834,perf_20261002-152846_clu_rasp14_pi4gb_r1,0,228,1790954930135,0,1790957434373.414,1822.186,19.832,1790957436216.103,Normal,0.9455
rasp1,34773,20261002-152846_clu_rasp14_pi4gb_r1,850,perf_20261002-152846_clu_rasp14_pi4gb_r1,0,229,1790954930136,0,1790957436218.355,858.534,16.913,1790957437094.977,Normal,0.952
rasp1,34773,20261002-152846_clu_rasp14_pi4gb_r1,856,perf_20261002-152846_clu_rasp14_pi4gb_r1,0,230,1790954930137,0,1790957437096.623,757.921,10.887,1790957437866.14,Normal,0.9119
rasp1,34773,20261002-152846_clu_rasp14_pi4gb_r1,863,perf_20261002-152846_clu_rasp14_pi4gb_r1,0,231,1790954930141,0,1790957437873.801,1007.307,10.57,1790957438892.555,Normal,0.9717
rasp1,34773,20261002-152846_clu_rasp14_pi4gb_r1,864,perf_20261002-152846_clu_rasp14_pi4gb_r1,0,232,1790954930141,0,1790957438894.028,586.889,12.233,1790957439494.558,Normal,0.9475
rasp1,34773,20261002-152846_clu_rasp14_pi4gb_r1,866,perf_20261002-152846_clu_rasp14_pi4gb_r1,0,233,1790954930141,0,1790957439496.182,683.69,11.638,1790957440192.202,Normal,0.9618
rasp1,34773,20261002-152846_clu_rasp14_pi4gb_r1,868,perf_20261002-152846_clu_rasp14_pi4gb_r1,0,234,1790954930141,0,1790957440194.839,1092.085,11.424,1790957441299.876,Normal,0.9662
rasp1,34773,20261002-152846_clu_rasp14_pi4gb_r1,869,perf_20261002-152846_clu_rasp14_pi4gb_r1,0,235,1790954930142,0,1790957441301.371,1095.492,11.518,1790957442409.497,Normal,0.8865
rasp1,34773,20261002-152846_clu_rasp14_pi4gb_r1,871,perf_20261002-152846_clu_rasp14_pi4gb_r1,0,236,1790954930142,0,1790957442412.059,970.585,11.651,1790957443395.47,Normal,0.9409
rasp1,34773,20261002-152846_clu_rasp14_pi4gb_r1,876,perf_20261002-152846_clu_rasp14_pi4gb_r1,0,237,1790954930142,0,1790957443397.406,573.765,10.052,1790957443981.928,Normal,0.933
rasp1,34773,20261002-152846_clu_rasp14_pi4gb_r1,878,perf_20261002-152846_clu_rasp14_pi4gb_r1,0,238,1790954930142,0,1790957443983.494,608.894,9.231,1790957444602.459,Normal,0.9284
rasp1,34773,20261002-152846_clu_rasp14_pi4gb_r1,884,perf_20261002-152846_clu_rasp14_pi4gb_r1,0,239,1790954930143,0,1790957444604.008,1498.435,11.011,1790957446114.305,Normal,0.9359
rasp1,34773,20261002-152846_clu_rasp14_pi4gb_r1,885,perf_20261002-152846_clu_rasp14_pi4gb_r1,0,240,1790954930143,0,1790957446117.142,855.801,11.423,1790957446985.455,Normal,0.6276
rasp1,34773,20261002-152846_clu_rasp14_pi4gb_r1,887,perf_20261002-152846_clu_rasp14_pi4gb_r1,0,241,1790954930143,0,1790957446988.135,1195.21,16.438,1790957448203.928,Normal,0.9665
rasp1,34773,20261002-152846_clu_rasp14_pi4gb_r1,888,perf_20261002-152846_clu_rasp14_pi4gb_r1,0,242,1790954930143,0,1790957448205.557,829.432,12.472,1790957449051.436,Normal,0.9025
rasp1,34773,20261002-152846_clu_rasp14_pi4gb_r1,890,perf_20261002-152846_clu_rasp14_pi4gb_r1,0,243,1790954930143,0,1790957449057.878,821.316,9.363,1790957449889.32,OFFENSIVE,0.4388
rasp1,34773,20261002-152846_clu_rasp14_pi4gb_r1,892,perf_20261002-152846_clu_rasp14_pi4gb_r1,0,244,1790954930143,0,1790957449896.266,1761.833,10.998,1790957451670.0,Normal,0.9301
rasp1,34773,20261002-152846_clu_rasp14_pi4gb_r1,895,perf_20261002-152846_clu_rasp14_pi4gb_r1,0,245,1790954930144,0,1790957451675.682,714.439,10.469,1790957452401.624,Normal,0.973
rasp1,34773,20261002-152846_clu_rasp14_pi4gb_r1,896,perf_20261002-152846_clu_rasp14_pi4gb_r1,0,246,1790954930144,0,1790957452403.601,820.516,10.799,1790957453235.803,Normal,0.9572
rasp1,34773,20261002-152846_clu_rasp14_pi4gb_r1,902,perf_20261002-152846_clu_rasp14_pi4gb_r1,0,247,1790954930144,0,1790957453238.025,701.225,9.097,1790957453949.285,Normal,0.9594
rasp1,34773,20261002-152846_clu_rasp14_pi4gb_r1,904,perf_20261002-152846_clu_rasp14_pi4gb_r1,0,248,1790954930144,0,1790957453951.109,1292.332,13.131,1790957455257.307,Normal,0.9663
rasp1,34773,20261002-152846_clu_rasp14_pi4gb_r1,909,perf_20261002-152846_clu_rasp14_pi4gb_r1,0,249,1790954930145,0,1790957455260.144,1001.832,9.332,1790957456272.174,Normal,0.9232
rasp1,34773,20261002-152846_clu_rasp14_pi4gb_r1,917,perf_20261002-152846_clu_rasp14_pi4gb_r1,0,250,1790954930146,0,1790957456274.019,1474.823,10.802,1790957457760.375,Normal,0.9173
rasp1,34773,20261002-152846_clu_rasp14_pi4gb_r1,918,perf_20261002-152846_clu_rasp14_pi4gb_r1,0,251,1790954930149,0,1790957457762.024,734.845,9.63,1790957458507.488,Normal,0.9121
rasp1,34773,20261002-152846_clu_rasp14_pi4gb_r1,920,perf_20261002-152846_clu_rasp14_pi4gb_r1,0,252,1790954930149,0,1790957458509.269,747.574,10.695,1790957459268.162,Normal,0.9175
rasp1,34773,20261002-152846_clu_rasp14_pi4gb_r1,926,perf_20261002-152846_clu_rasp14_pi4gb_r1,0,253,1790954930150,0,1790957459270.612,700.037,11.491,1790957459983.196,Normal,0.9556
rasp1,34773,20261002-152846_clu_rasp14_pi4gb_r1,931,perf_20261002-152846_clu_rasp14_pi4gb_r1,0,254,1790954930150,0,1790957459986.235,1033.299,12.901,1790957461034.048,Normal,0.9641
rasp1,34773,20261002-152846_clu_rasp14_pi4gb_r1,937,perf_20261002-152846_clu_rasp14_pi4gb_r1,0,255,1790954930151,0,1790957461035.473,671.864,9.372,1790957461717.575,Normal,0.9627
rasp1,34773,20261002-152846_clu_rasp14_pi4gb_r1,945,perf_20261002-152846_clu_rasp14_pi4gb_r1,0,256,1790954930151,0,1790957461719.156,788.993,10.517,1790957462519.364,Normal,0.8866
rasp1,34773,20261002-152846_clu_rasp14_pi4gb_r1,954,perf_20261002-152846_clu_rasp14_pi4gb_r1,0,257,1790954930152,0,1790957462520.84,791.348,18.424,1790957463334.425,Normal,0.8312
rasp1,34773,20261002-152846_clu_rasp14_pi4gb_r1,957,perf_20261002-152846_clu_rasp14_pi4gb_r1,0,258,1790954930152,0,1790957463343.416,700.786,17.855,1790957464070.042,Normal,0.9526
rasp1,34773,20261002-152846_clu_rasp14_pi4gb_r1,962,perf_20261002-152846_clu_rasp14_pi4gb_r1,0,259,1790954930153,0,1790957464071.855,727.277,22.509,1790957464822.64,Normal,0.9475
rasp1,34773,20261002-152846_clu_rasp14_pi4gb_r1,968,perf_20261002-152846_clu_rasp14_pi4gb_r1,0,260,1790954930154,0,1790957464832.456,1334.818,14.41,1790957466182.597,Normal,0.9252
rasp1,34773,20261002-152846_clu_rasp14_pi4gb_r1,974,perf_20261002-152846_clu_rasp14_pi4gb_r1,0,261,1790954930156,0,1790957466184.421,1620.238,13.312,1790957467819.097,Normal,0.9451
rasp1,34773,20261002-152846_clu_rasp14_pi4gb_r1,975,perf_20261002-152846_clu_rasp14_pi4gb_r1,0,262,1790954930156,0,1790957467821.946,1005.106,11.958,1790957468839.824,Normal,0.959
rasp1,34773,20261002-152846_clu_rasp14_pi4gb_r1,990,perf_20261002-152846_clu_rasp14_pi4gb_r1,0,263,1790954930157,0,1790957468841.679,1560.597,9.761,1790957470413.301,Normal,0.4942
rasp1,34773,20261002-152846_clu_rasp14_pi4gb_r1,992,perf_20261002-152846_clu_rasp14_pi4gb_r1,0,264,1790954930158,0,1790957470414.673,596.394,13.319,1790957471025.3,Normal,0.9375
rasp1,34773,20261002-152846_clu_rasp14_pi4gb_r1,993,perf_20261002-152846_clu_rasp14_pi4gb_r1,0,265,1790954930158,0,1790957471027.387,1429.996,11.691,1790957472470.007,Normal,0.7998
rasp1,34773,20261002-152846_clu_rasp14_pi4gb_r1,996,perf_20261002-152846_clu_rasp14_pi4gb_r1,0,266,1790954930158,0,1790957472471.917,1262.902,19.044,1790957473754.565,Normal,0.9779
rasp1,34773,20261002-152846_clu_rasp14_pi4gb_r1,1001,perf_20261002-152846_clu_rasp14_pi4gb_r1,0,267,1790954930158,0,1790957473756.354,644.945,11.939,1790957474420.078,HATE,0.4494
rasp1,34773,20261002-152846_clu_rasp14_pi4gb_r1,1004,perf_20261002-152846_clu_rasp14_pi4gb_r1,0,268,1790954930159,0,1790957474421.838,714.978,9.392,1790957475146.867,Normal,0.9589
rasp1,34773,20261002-152846_clu_rasp14_pi4gb_r1,1005,perf_20261002-152846_clu_rasp14_pi4gb_r1,0,269,1790954930159,0,1790957475148.512,567.91,10.466,1790957475727.911,Normal,0.9375
rasp1,34773,20261002-152846_clu_rasp14_pi4gb_r1,1009,perf_20261002-152846_clu_rasp14_pi4gb_r1,0,270,1790954930159,0,1790957475729.659,7253.728,10.092,1790957482994.382,Normal,0.8075
rasp1,34773,20261002-152846_clu_rasp14_pi4gb_r1,1015,perf_20261002-152846_clu_rasp14_pi4gb_r1,0,271,1790954930159,0,1790957482996.104,595.493,10.848,1790957483603.308,Normal,0.9494
rasp1,34773,20261002-152846_clu_rasp14_pi4gb_r1,1016,perf_20261002-152846_clu_rasp14_pi4gb_r1,0,272,1790954930160,0,1790957483605.362,803.092,11.326,1790957484420.626,Normal,0.9551
rasp1,34773,20261002-152846_clu_rasp14_pi4gb_r1,1021,perf_20261002-152846_clu_rasp14_pi4gb_r1,0,273,1790954930160,0,1790957484422.816,876.986,9.684,1790957485310.181,Normal,0.9812
rasp1,34773,20261002-152846_clu_rasp14_pi4gb_r1,1023,perf_20261002-152846_clu_rasp14_pi4gb_r1,0,274,1790954930160,0,1790957485311.863,1700.699,9.996,1790957487023.235,Normal,0.9778
rasp1,34773,20261002-152846_clu_rasp14_pi4gb_r1,1026,perf_20261002-152846_clu_rasp14_pi4gb_r1,0,275,1790954930160,0,1790957487024.463,1345.034,13.369,1790957488384.078,Normal,0.973
rasp1,34773,20261002-152846_clu_rasp14_pi4gb_r1,1031,perf_20261002-152846_clu_rasp14_pi4gb_r1,0,276,1790954930161,0,1790957488386.396,887.561,14.277,1790957489289.358,Normal,0.7532
rasp1,34773,20261002-152846_clu_rasp14_pi4gb_r1,1036,perf_20261002-152846_clu_rasp14_pi4gb_r1,0,277,1790954930168,0,1790957489292.227,653.906,11.807,1790957489965.076,Normal,0.9475
rasp1,34773,20261002-152846_clu_rasp14_pi4gb_r1,1038,perf_20261002-152846_clu_rasp14_pi4gb_r1,0,278,1790954930178,0,1790957489967.209,653.401,11.87,1790957490633.427,Normal,0.56
rasp1,34773,20261002-152846_clu_rasp14_pi4gb_r1,1044,perf_20261002-152846_clu_rasp14_pi4gb_r1,0,279,1790954930198,0,1790957490636.419,808.404,11.335,1790957491456.829,Normal,0.9524
rasp1,34773,20261002-152846_clu_rasp14_pi4gb_r1,1045,perf_20261002-152846_clu_rasp14_pi4gb_r1,0,280,1790954930199,0,1790957491458.287,3436.105,9.93,1790957494905.047,Normal,0.9742
rasp1,34773,20261002-152846_clu_rasp14_pi4gb_r1,1046,perf_20261002-152846_clu_rasp14_pi4gb_r1,0,281,1790954930204,0,1790957494906.605,900.329,9.934,1790957495817.636,Normal,0.4838
rasp1,34773,20261002-152846_clu_rasp14_pi4gb_r1,1047,perf_20261002-152846_clu_rasp14_pi4gb_r1,0,282,1790954930205,0,1790957495819.377,2358.125,16.691,1790957498196.003,Normal,0.9595
rasp1,34773,20261002-152846_clu_rasp14_pi4gb_r1,1050,perf_20261002-152846_clu_rasp14_pi4gb_r1,0,283,1790954930205,0,1790957498198.582,1521.561,10.726,1790957499731.648,Normal,0.9462
rasp1,34773,20261002-152846_clu_rasp14_pi4gb_r1,1054,perf_20261002-152846_clu_rasp14_pi4gb_r1,0,284,1790954930219,0,1790957499733.616,615.564,9.677,1790957500359.68,Normal,0.9375
rasp1,34773,20261002-152846_clu_rasp14_pi4gb_r1,1055,perf_20261002-152846_clu_rasp14_pi4gb_r1,0,285,1790954930220,0,1790957500361.903,1260.163,9.926,1790957501632.909,Normal,0.9676
rasp1,34773,20261002-152846_clu_rasp14_pi4gb_r1,1056,perf_20261002-152846_clu_rasp14_pi4gb_r1,0,286,1790954930220,0,1790957501634.459,4290.887,11.521,1790957505938.025,Normal,0.9478
rasp1,34773,20261002-152846_clu_rasp14_pi4gb_r1,1062,perf_20261002-152846_clu_rasp14_pi4gb_r1,0,287,1790954930221,0,1790957505939.444,3850.687,11.669,1790957509802.948,Normal,0.9595
rasp1,34773,20261002-152846_clu_rasp14_pi4gb_r1,1063,perf_20261002-152846_clu_rasp14_pi4gb_r1,0,288,1790954930221,0,1790957509805.03,754.876,20.764,1790957510581.548,Normal,0.9541
rasp1,34773,20261002-152846_clu_rasp14_pi4gb_r1,1064,perf_20261002-152846_clu_rasp14_pi4gb_r1,0,289,1790954930221,0,1790957510584.373,647.451,11.426,1790957511244.204,Normal,0.9151
rasp1,34773,20261002-152846_clu_rasp14_pi4gb_r1,1069,perf_20261002-152846_clu_rasp14_pi4gb_r1,0,290,1790954930222,0,1790957511247.058,627.016,9.664,1790957511884.488,Normal,0.9401
rasp1,34773,20261002-152846_clu_rasp14_pi4gb_r1,1075,perf_20261002-152846_clu_rasp14_pi4gb_r1,0,291,1790954930223,0,1790957511886.993,854.394,11.492,1790957512753.877,Normal,0.9061
rasp1,34773,20261002-152846_clu_rasp14_pi4gb_r1,1076,perf_20261002-152846_clu_rasp14_pi4gb_r1,0,292,1790954930223,0,1790957512755.599,612.774,10.39,1790957513379.578,Normal,0.96
rasp1,34773,20261002-152846_clu_rasp14_pi4gb_r1,1078,perf_20261002-152846_clu_rasp14_pi4gb_r1,0,293,1790954930224,0,1790957513381.398,991.148,10.997,1790957514384.229,Normal,0.9425
rasp1,34773,20261002-152846_clu_rasp14_pi4gb_r1,1080,perf_20261002-152846_clu_rasp14_pi4gb_r1,0,294,1790954930224,0,1790957514386.036,675.623,9.917,1790957515072.241,Normal,0.8295
rasp1,34773,20261002-152846_clu_rasp14_pi4gb_r1,1089,perf_20261002-152846_clu_rasp14_pi4gb_r1,0,295,1790954930226,0,1790957515073.533,1581.483,10.98,1790957516667.123,Normal,0.976
rasp1,34773,20261002-152846_clu_rasp14_pi4gb_r1,1091,perf_20261002-152846_clu_rasp14_pi4gb_r1,0,296,1790954930226,0,1790957516669.573,883.784,10.917,1790957517565.384,Normal,0.9569
rasp1,34773,20261002-152846_clu_rasp14_pi4gb_r1,1092,perf_20261002-152846_clu_rasp14_pi4gb_r1,0,297,1790954930226,0,1790957517566.825,1448.531,10.087,1790957519026.224,Normal,0.9417
rasp1,34773,20261002-152846_clu_rasp14_pi4gb_r1,1095,perf_20261002-152846_clu_rasp14_pi4gb_r1,0,298,1790954930227,0,1790957519028.064,566.102,13.923,1790957519608.759,Normal,0.917
rasp1,34773,20261002-152846_clu_rasp14_pi4gb_r1,1096,perf_20261002-152846_clu_rasp14_pi4gb_r1,0,299,1790954930227,0,1790957519615.278,803.093,9.319,1790957520428.662,Normal,0.9475
rasp1,34773,20261002-152846_clu_rasp14_pi4gb_r1,1108,perf_20261002-152846_clu_rasp14_pi4gb_r1,0,300,1790954930230,0,1790957520430.263,925.177,12.609,1790957521368.931,Normal,0.8943
rasp1,34773,20261002-152846_clu_rasp14_pi4gb_r1,1111,perf_20261002-152846_clu_rasp14_pi4gb_r1,0,301,1790954930231,0,1790957521373.43,1053.745,15.922,1790957522443.804,Normal,0.9416
rasp1,34773,20261002-152846_clu_rasp14_pi4gb_r1,1112,perf_20261002-152846_clu_rasp14_pi4gb_r1,0,302,1790954930231,0,1790957522448.227,809.915,19.956,1790957523279.255,Normal,0.9089
rasp1,34773,20261002-152846_clu_rasp14_pi4gb_r1,1118,perf_20261002-152846_clu_rasp14_pi4gb_r1,0,303,1790954930232,0,1790957523284.671,983.757,11.285,1790957524280.695,Normal,0.9728
rasp1,34773,20261002-152846_clu_rasp14_pi4gb_r1,1124,perf_20261002-152846_clu_rasp14_pi4gb_r1,0,304,1790954930233,0,1790957524283.322,640.421,11.653,1790957524936.133,Normal,0.9459
rasp1,34773,20261002-152846_clu_rasp14_pi4gb_r1,1126,perf_20261002-152846_clu_rasp14_pi4gb_r1,0,305,1790954930233,0,1790957524938.319,634.876,8.998,1790957525582.915,Normal,0.8636
rasp1,34773,20261002-152846_clu_rasp14_pi4gb_r1,1127,perf_20261002-152846_clu_rasp14_pi4gb_r1,0,306,1790954930233,0,1790957525585.005,670.467,10.956,1790957526267.23,Normal,0.9704
rasp1,34773,20261002-152846_clu_rasp14_pi4gb_r1,1130,perf_20261002-152846_clu_rasp14_pi4gb_r1,0,307,1790954930234,0,1790957526269.088,772.839,9.712,1790957527052.291,Normal,0.9108
rasp1,34773,20261002-152846_clu_rasp14_pi4gb_r1,1133,perf_20261002-152846_clu_rasp14_pi4gb_r1,0,308,1790954930235,0,1790957527053.663,839.864,12.093,1790957527906.505,Normal,0.9385
rasp1,34773,20261002-152846_clu_rasp14_pi4gb_r1,1140,perf_20261002-152846_clu_rasp14_pi4gb_r1,0,309,1790954930236,0,1790957527908.52,1018.462,10.845,1790957528938.774,Normal,0.9784
rasp1,34773,20261002-152846_clu_rasp14_pi4gb_r1,1142,perf_20261002-152846_clu_rasp14_pi4gb_r1,0,310,1790954930236,0,1790957528941.602,705.882,11.113,1790957529659.427,Normal,0.9014
rasp1,34773,20261002-152846_clu_rasp14_pi4gb_r1,1149,perf_20261002-152846_clu_rasp14_pi4gb_r1,0,311,1790954930238,0,1790957529662.025,915.58,10.641,1790957530589.186,Normal,0.9445
rasp1,34773,20261002-152846_clu_rasp14_pi4gb_r1,1151,perf_20261002-152846_clu_rasp14_pi4gb_r1,0,312,1790954930238,0,1790957530590.814,697.96,11.07,1790957531301.136,Normal,0.9608
rasp1,34773,20261002-152846_clu_rasp14_pi4gb_r1,1153,perf_20261002-152846_clu_rasp14_pi4gb_r1,0,313,1790954930239,0,1790957531302.578,808.412,12.331,1790957532124.216,Normal,0.9249
rasp1,34773,20261002-152846_clu_rasp14_pi4gb_r1,1155,perf_20261002-152846_clu_rasp14_pi4gb_r1,0,314,1790954930239,0,1790957532125.945,662.509,12.031,1790957532801.358,Normal,0.9375
rasp1,34773,20261002-152846_clu_rasp14_pi4gb_r1,1171,perf_20261002-152846_clu_rasp14_pi4gb_r1,0,315,1790954930242,0,1790957532803.613,1737.221,11.268,1790957534552.841,Normal,0.9086
rasp1,34773,20261002-152846_clu_rasp14_pi4gb_r1,1173,perf_20261002-152846_clu_rasp14_pi4gb_r1,0,316,1790954930242,0,1790957534554.322,966.313,19.978,1790957535541.42,Normal,0.9606
rasp1,34773,20261002-152846_clu_rasp14_pi4gb_r1,1178,perf_20261002-152846_clu_rasp14_pi4gb_r1,0,317,1790954930243,0,1790957535543.338,1009.899,21.844,1790957536583.217,Normal,0.8998
rasp1,34773,20261002-152846_clu_rasp14_pi4gb_r1,1181,perf_20261002-152846_clu_rasp14_pi4gb_r1,0,318,1790954930244,0,1790957536588.97,1572.325,9.864,1790957538171.894,Normal,0.922
rasp1,34773,20261002-152846_clu_rasp14_pi4gb_r1,1188,perf_20261002-152846_clu_rasp14_pi4gb_r1,0,319,1790954930245,0,1790957538173.916,2754.276,9.423,1790957540938.49,Normal,0.9758
rasp1,34773,20261002-152846_clu_rasp14_pi4gb_r1,1190,perf_20261002-152846_clu_rasp14_pi4gb_r1,0,320,1790954930246,0,1790957540939.858,2085.465,10.2,1790957543036.258,Normal,0.9706
rasp1,34773,20261002-152846_clu_rasp14_pi4gb_r1,1195,perf_20261002-152846_clu_rasp14_pi4gb_r1,0,321,1790954930247,0,1790957543037.968,593.862,10.412,1790957543642.932,Normal,0.9427
rasp1,34773,20261002-152846_clu_rasp14_pi4gb_r1,1196,perf_20261002-152846_clu_rasp14_pi4gb_r1,0,322,1790954930247,0,1790957543644.295,804.324,11.158,1790957544460.841,Normal,0.8421
rasp1,34773,20261002-152846_clu_rasp14_pi4gb_r1,1200,perf_20261002-152846_clu_rasp14_pi4gb_r1,0,323,1790954930248,0,1790957544462.601,1109.315,11.206,1790957545584.043,Normal,0.9424
rasp1,34773,20261002-152846_clu_rasp14_pi4gb_r1,1201,perf_20261002-152846_clu_rasp14_pi4gb_r1,0,324,1790954930248,0,1790957545586.216,567.103,9.907,1790957546164.057,Normal,0.9526
rasp1,34773,20261002-152846_clu_rasp14_pi4gb_r1,1206,perf_20261002-152846_clu_rasp14_pi4gb_r1,0,325,1790954930249,0,1790957546165.492,864.986,9.502,1790957547040.689,Normal,0.6751
rasp1,34773,20261002-152846_clu_rasp14_pi4gb_r1,1207,perf_20261002-152846_clu_rasp14_pi4gb_r1,0,326,1790954930249,0,1790957547043.284,3310.036,18.404,1790957550372.456,Normal,0.9709
rasp1,34773,20261002-152846_clu_rasp14_pi4gb_r1,1208,perf_20261002-152846_clu_rasp14_pi4gb_r1,0,327,1790954930249,0,1790957550374.076,1026.388,17.02,1790957551418.414,Normal,0.9392
rasp1,34773,20261002-152846_clu_rasp14_pi4gb_r1,1209,perf_20261002-152846_clu_rasp14_pi4gb_r1,0,328,1790954930249,0,1790957551420.259,1500.996,9.43,1790957552931.511,Normal,0.9593
rasp1,34773,20261002-152846_clu_rasp14_pi4gb_r1,1210,perf_20261002-152846_clu_rasp14_pi4gb_r1,0,329,1790954930250,0,1790957552933.289,616.29,11.972,1790957553562.343,Normal,0.9538
rasp1,34773,20261002-152846_clu_rasp14_pi4gb_r1,1212,perf_20261002-152846_clu_rasp14_pi4gb_r1,0,330,1790954930250,0,1790957553564.438,1707.422,9.348,1790957555281.892,Normal,0.9687
rasp1,34773,20261002-152846_clu_rasp14_pi4gb_r1,1217,perf_20261002-152846_clu_rasp14_pi4gb_r1,0,331,1790954930251,0,1790957555283.32,847.271,10.594,1790957556141.96,Normal,0.9531
rasp1,34773,20261002-152846_clu_rasp14_pi4gb_r1,1221,perf_20261002-152846_clu_rasp14_pi4gb_r1,0,332,1790954930252,0,1790957556143.48,707.063,10.955,1790957556862.396,Normal,0.9441
rasp1,34773,20261002-152846_clu_rasp14_pi4gb_r1,1231,perf_20261002-152846_clu_rasp14_pi4gb_r1,0,333,1790954930253,0,1790957556864.602,1047.938,10.458,1790957557923.774,Normal,0.8017
rasp1,34773,20261002-152846_clu_rasp14_pi4gb_r1,1232,perf_20261002-152846_clu_rasp14_pi4gb_r1,0,334,1790954930253,0,1790957557925.213,645.018,10.782,1790957558581.935,Normal,0.9473
rasp1,34773,20261002-152846_clu_rasp14_pi4gb_r1,1234,perf_20261002-152846_clu_rasp14_pi4gb_r1,0,335,1790954930253,0,1790957558583.415,888.904,10.343,1790957559483.772,Normal,0.9755
rasp1,34773,20261002-152846_clu_rasp14_pi4gb_r1,1236,perf_20261002-152846_clu_rasp14_pi4gb_r1,0,336,1790954930254,0,1790957559485.166,809.084,10.093,1790957560305.334,Normal,0.8886
rasp1,34773,20261002-152846_clu_rasp14_pi4gb_r1,1238,perf_20261002-152846_clu_rasp14_pi4gb_r1,0,337,1790954930254,0,1790957560308.31,785.57,9.599,1790957561104.182,Normal,0.9062
rasp1,34773,20261002-152846_clu_rasp14_pi4gb_r1,1243,perf_20261002-152846_clu_rasp14_pi4gb_r1,0,338,1790954930254,0,1790957561106.182,999.791,9.097,1790957562115.643,Normal,0.9609
rasp1,34773,20261002-152846_clu_rasp14_pi4gb_r1,1247,perf_20261002-152846_clu_rasp14_pi4gb_r1,0,339,1790954930254,0,1790957562117.299,1047.755,12.455,1790957563178.669,Normal,0.7392
rasp1,34773,20261002-152846_clu_rasp14_pi4gb_r1,1250,perf_20261002-152846_clu_rasp14_pi4gb_r1,0,340,1790954930255,0,1790957563183.375,766.234,18.766,1790957563969.188,Normal,0.61
rasp1,34773,20261002-152846_clu_rasp14_pi4gb_r1,1251,perf_20261002-152846_clu_rasp14_pi4gb_r1,0,341,1790954930255,0,1790957563977.991,900.54,12.744,1790957564892.409,Normal,0.9512
rasp1,34773,20261002-152846_clu_rasp14_pi4gb_r1,1256,perf_20261002-152846_clu_rasp14_pi4gb_r1,0,342,1790954930255,0,1790957564897.132,804.012,10.38,1790957565712.451,Normal,0.9401
rasp1,34773,20261002-152846_clu_rasp14_pi4gb_r1,1257,perf_20261002-152846_clu_rasp14_pi4gb_r1,0,343,1790954930255,0,1790957565722.027,746.009,10.933,1790957566479.952,Normal,0.912
rasp1,34773,20261002-152846_clu_rasp14_pi4gb_r1,1263,perf_20261002-152846_clu_rasp14_pi4gb_r1,0,344,1790954930256,0,1790957566481.387,1068.627,10.214,1790957567561.031,Normal,0.9622
rasp1,34773,20261002-152846_clu_rasp14_pi4gb_r1,1264,perf_20261002-152846_clu_rasp14_pi4gb_r1,0,345,1790954930256,0,1790957567562.22,945.666,11.479,1790957568520.561,Normal,0.9542
rasp1,34773,20261002-152846_clu_rasp14_pi4gb_r1,1267,perf_20261002-152846_clu_rasp14_pi4gb_r1,0,346,1790954930256,0,1790957568522.643,756.824,12.41,1790957569292.999,Normal,0.9423
rasp1,34773,20261002-152846_clu_rasp14_pi4gb_r1,1274,perf_20261002-152846_clu_rasp14_pi4gb_r1,0,347,1790954930259,0,1790957569294.631,707.644,10.776,1790957570013.95,Normal,0.9527
rasp1,34773,20261002-152846_clu_rasp14_pi4gb_r1,1279,perf_20261002-152846_clu_rasp14_pi4gb_r1,0,348,1790954930260,0,1790957570016.011,700.223,11.091,1790957570728.006,Normal,0.962
rasp1,34773,20261002-152846_clu_rasp14_pi4gb_r1,1281,perf_20261002-152846_clu_rasp14_pi4gb_r1,0,349,1790954930260,0,1790957570729.51,1722.616,22.329,1790957572481.634,Normal,0.9691
rasp1,34773,20261002-152846_clu_rasp14_pi4gb_r1,1283,perf_20261002-152846_clu_rasp14_pi4gb_r1,0,350,1790954930260,0,1790957572483.93,1052.925,10.912,1790957573548.41,Normal,0.9765
rasp1,34773,20261002-152846_clu_rasp14_pi4gb_r1,1287,perf_20261002-152846_clu_rasp14_pi4gb_r1,0,351,1790954930261,0,1790957573549.905,789.164,9.351,1790957574349.021,Normal,0.9319
rasp1,34773,20261002-152846_clu_rasp14_pi4gb_r1,1293,perf_20261002-152846_clu_rasp14_pi4gb_r1,0,352,1790954930261,0,1790957574350.345,640.686,9.33,1790957575000.987,Normal,0.9473
rasp1,34773,20261002-152846_clu_rasp14_pi4gb_r1,1295,perf_20261002-152846_clu_rasp14_pi4gb_r1,0,353,1790954930261,0,1790957575002.377,667.393,11.039,1790957575681.588,Normal,0.9515
rasp1,34773,20261002-152846_clu_rasp14_pi4gb_r1,1300,perf_20261002-152846_clu_rasp14_pi4gb_r1,0,354,1790954930262,0,1790957575683.507,1478.988,12.171,1790957577176.486,Normal,0.9589
rasp1,34773,20261002-152846_clu_rasp14_pi4gb_r1,1303,perf_20261002-152846_clu_rasp14_pi4gb_r1,0,355,1790954930262,0,1790957577180.636,1017.47,9.596,1790957578208.403,Normal,0.9177
rasp1,34773,20261002-152846_clu_rasp14_pi4gb_r1,1304,perf_20261002-152846_clu_rasp14_pi4gb_r1,0,356,1790954930262,0,1790957578210.013,1360.101,12.136,1790957579583.118,Normal,0.9663
rasp1,34773,20261002-152846_clu_rasp14_pi4gb_r1,1310,perf_20261002-152846_clu_rasp14_pi4gb_r1,0,357,1790954930262,0,1790957579584.608,862.295,12.753,1790957580460.42,Normal,0.9073
rasp1,34773,20261002-152846_clu_rasp14_pi4gb_r1,1311,perf_20261002-152846_clu_rasp14_pi4gb_r1,0,358,1790954930263,0,1790957580465.357,817.799,8.629,1790957581292.454,Normal,0.9662
rasp1,34773,20261002-152846_clu_rasp14_pi4gb_r1,1312,perf_20261002-152846_clu_rasp14_pi4gb_r1,0,359,1790954930263,0,1790957581293.865,1022.528,10.836,1790957582328.128,Normal,0.9676
rasp1,34773,20261002-152846_clu_rasp14_pi4gb_r1,1316,perf_20261002-152846_clu_rasp14_pi4gb_r1,0,360,1790954930263,0,1790957582330.008,936.367,11.062,1790957583278.201,Normal,0.9751
rasp1,34773,20261002-152846_clu_rasp14_pi4gb_r1,1317,perf_20261002-152846_clu_rasp14_pi4gb_r1,0,361,1790954930263,0,1790957583281.271,1512.813,10.859,1790957584806.267,Normal,0.9099
rasp1,34773,20261002-152846_clu_rasp14_pi4gb_r1,1319,perf_20261002-152846_clu_rasp14_pi4gb_r1,0,362,1790954930263,0,1790957584808.018,755.063,14.708,1790957585578.987,Normal,0.9273
rasp1,34773,20261002-152846_clu_rasp14_pi4gb_r1,1324,perf_20261002-152846_clu_rasp14_pi4gb_r1,0,363,1790954930264,0,1790957585581.934,829.705,9.279,1790957586422.148,Normal,0.9679
rasp1,34773,20261002-152846_clu_rasp14_pi4gb_r1,1334,perf_20261002-152846_clu_rasp14_pi4gb_r1,0,364,1790954930264,0,1790957586424.087,943.199,11.727,1790957587380.15,Normal,0.851
rasp1,34773,20261002-152846_clu_rasp14_pi4gb_r1,1346,perf_20261002-152846_clu_rasp14_pi4gb_r1,0,365,1790954930266,0,1790957587382.89,730.394,13.955,1790957588128.184,Normal,0.9608
rasp1,34773,20261002-152846_clu_rasp14_pi4gb_r1,1347,perf_20261002-152846_clu_rasp14_pi4gb_r1,0,366,1790954930266,0,1790957588130.392,2496.03,15.86,1790957590643.435,Normal,0.9779
rasp1,34773,20261002-152846_clu_rasp14_pi4gb_r1,1351,perf_20261002-152846_clu_rasp14_pi4gb_r1,0,367,1790954930267,0,1790957590649.03,1425.315,12.451,1790957592087.601,Normal,0.9763
rasp1,34773,20261002-152846_clu_rasp14_pi4gb_r1,1357,perf_20261002-152846_clu_rasp14_pi4gb_r1,0,368,1790954930267,0,1790957592092.238,1728.905,15.3,1790957593837.355,Normal,0.6517
rasp1,34773,20261002-152846_clu_rasp14_pi4gb_r1,1358,perf_20261002-152846_clu_rasp14_pi4gb_r1,0,369,1790954930267,0,1790957593839.07,670.683,17.226,1790957594527.831,Normal,0.9401
rasp1,34773,20261002-152846_clu_rasp14_pi4gb_r1,1359,perf_20261002-152846_clu_rasp14_pi4gb_r1,0,370,1790954930267,0,1790957594529.136,595.12,9.878,1790957595134.787,Normal,0.9608
rasp1,34773,20261002-152846_clu_rasp14_pi4gb_r1,1367,perf_20261002-152846_clu_rasp14_pi4gb_r1,0,371,1790954930268,0,1790957595138.439,960.173,9.729,1790957596109.379,Normal,0.9676
rasp1,34773,20261002-152846_clu_rasp14_pi4gb_r1,1369,perf_20261002-152846_clu_rasp14_pi4gb_r1,0,372,1790954930268,0,1790957596111.213,1160.944,11.885,1790957597285.029,Normal,0.7311
rasp1,34773,20261002-152846_clu_rasp14_pi4gb_r1,1377,perf_20261002-152846_clu_rasp14_pi4gb_r1,0,373,1790954930269,0,1790957597287.172,647.789,23.077,1790957597966.464,Normal,0.9545
rasp1,34773,20261002-152846_clu_rasp14_pi4gb_r1,1381,perf_20261002-152846_clu_rasp14_pi4gb_r1,0,374,1790954930269,0,1790957597967.859,525.37,10.121,1790957598504.339,Normal,0.9173
rasp1,34773,20261002-152846_clu_rasp14_pi4gb_r1,1382,perf_20261002-152846_clu_rasp14_pi4gb_r1,0,375,1790954930269,0,1790957598505.81,983.829,10.364,1790957599500.946,Normal,0.9234
rasp1,34773,20261002-152846_clu_rasp14_pi4gb_r1,1383,perf_20261002-152846_clu_rasp14_pi4gb_r1,0,376,1790954930269,0,1790957599502.544,1820.501,11.023,1790957601335.462,Normal,0.9501
rasp1,34773,20261002-152846_clu_rasp14_pi4gb_r1,1389,perf_20261002-152846_clu_rasp14_pi4gb_r1,0,377,1790954930270,0,1790957601337.05,608.799,11.07,1790957601957.606,Normal,0.9373
rasp1,34773,20261002-152846_clu_rasp14_pi4gb_r1,1394,perf_20261002-152846_clu_rasp14_pi4gb_r1,0,378,1790954930270,0,1790957601959.653,643.126,10.008,1790957602613.467,Normal,0.9657
rasp1,34773,20261002-152846_clu_rasp14_pi4gb_r1,1400,perf_20261002-152846_clu_rasp14_pi4gb_r1,0,379,1790954930275,0,1790957602614.93,671.305,10.167,1790957603297.128,Normal,0.8294
rasp1,34773,20261002-152846_clu_rasp14_pi4gb_r1,1403,perf_20261002-152846_clu_rasp14_pi4gb_r1,0,380,1790954930275,0,1790957603298.825,664.545,11.424,1790957603975.586,Normal,0.9427
rasp1,34773,20261002-152846_clu_rasp14_pi4gb_r1,1405,perf_20261002-152846_clu_rasp14_pi4gb_r1,0,381,1790954930275,0,1790957603977.467,803.52,10.167,1790957604792.081,Normal,0.959
rasp1,34773,20261002-152846_clu_rasp14_pi4gb_r1,1407,perf_20261002-152846_clu_rasp14_pi4gb_r1,0,382,1790954930276,0,1790957604793.54,824.92,16.325,1790957605636.171,Normal,0.9728
rasp1,34773,20261002-152846_clu_rasp14_pi4gb_r1,1408,perf_20261002-152846_clu_rasp14_pi4gb_r1,0,383,1790954930276,0,1790957605639.485,2061.099,16.11,1790957607717.549,Normal,0.9603
rasp1,34773,20261002-152846_clu_rasp14_pi4gb_r1,1409,perf_20261002-152846_clu_rasp14_pi4gb_r1,0,384,1790954930276,0,1790957607723.505,1199.643,10.692,1790957608934.885,Normal,0.9745
rasp1,34773,20261002-152846_clu_rasp14_pi4gb_r1,1424,perf_20261002-152846_clu_rasp14_pi4gb_r1,0,385,1790954930277,0,1790957608936.611,945.622,9.825,1790957609892.865,Normal,0.91
rasp1,34773,20261002-152846_clu_rasp14_pi4gb_r1,1431,perf_20261002-152846_clu_rasp14_pi4gb_r1,0,386,1790954930278,0,1790957609894.568,1035.908,11.41,1790957610942.859,Normal,0.8495
rasp1,34773,20261002-152846_clu_rasp14_pi4gb_r1,1436,perf_20261002-152846_clu_rasp14_pi4gb_r1,0,387,1790954930278,0,1790957610944.391,924.42,10.464,1790957611880.031,Normal,0.8609
rasp1,34773,20261002-152846_clu_rasp14_pi4gb_r1,1445,perf_20261002-152846_clu_rasp14_pi4gb_r1,0,388,1790954930279,0,1790957611882.126,718.522,9.937,1790957612611.432,Normal,0.9648
rasp1,34773,20261002-152846_clu_rasp14_pi4gb_r1,1449,perf_20261002-152846_clu_rasp14_pi4gb_r1,0,389,1790954930279,0,1790957612612.905,685.593,10.05,1790957613309.4,Normal,0.9232
rasp1,34773,20261002-152846_clu_rasp14_pi4gb_r1,1450,perf_20261002-152846_clu_rasp14_pi4gb_r1,0,390,1790954930279,0,1790957613311.347,917.028,12.346,1790957614241.499,Normal,0.9642
rasp1,34773,20261002-152846_clu_rasp14_pi4gb_r1,1451,perf_20261002-152846_clu_rasp14_pi4gb_r1,0,391,1790954930279,0,1790957614243.427,1119.192,11.242,1790957615374.58,Normal,0.6042
rasp1,34773,20261002-152846_clu_rasp14_pi4gb_r1,1458,perf_20261002-152846_clu_rasp14_pi4gb_r1,0,392,1790954930280,0,1790957615377.259,710.942,10.687,1790957616100.31,Normal,0.9576
rasp1,34773,20261002-152846_clu_rasp14_pi4gb_r1,1459,perf_20261002-152846_clu_rasp14_pi4gb_r1,0,393,1790954930280,0,1790957616102.005,724.118,11.946,1790957616839.375,Normal,0.9457
rasp1,34773,20261002-152846_clu_rasp14_pi4gb_r1,1463,perf_20261002-152846_clu_rasp14_pi4gb_r1,0,394,1790954930288,0,1790957616841.484,1164.867,9.501,1790957618016.607,Normal,0.5605
rasp1,34773,20261002-152846_clu_rasp14_pi4gb_r1,1469,perf_20261002-152846_clu_rasp14_pi4gb_r1,0,395,1790954930288,0,1790957618017.911,699.474,10.573,1790957618728.69,Normal,0.9521
rasp1,34773,20261002-152846_clu_rasp14_pi4gb_r1,1479,perf_20261002-152846_clu_rasp14_pi4gb_r1,0,396,1790954930319,0,1790957618730.256,2029.246,20.288,1790957620781.108,OFFENSIVE,0.3967
rasp1,34773,20261002-152846_clu_rasp14_pi4gb_r1,1480,perf_20261002-152846_clu_rasp14_pi4gb_r1,0,397,1790954930320,0,1790957620789.921,884.631,17.31,1790957621693.0,Normal,0.9661
rasp1,34773,20261002-152846_clu_rasp14_pi4gb_r1,1493,perf_20261002-152846_clu_rasp14_pi4gb_r1,0,398,1790954930341,0,1790957621700.903,1302.939,12.886,1790957623018.092,Normal,0.8774
rasp1,34773,20261002-152846_clu_rasp14_pi4gb_r1,1502,perf_20261002-152846_clu_rasp14_pi4gb_r1,0,399,1790954930343,0,1790957623025.89,972.645,13.861,1790957624013.844,Normal,0.9648
rasp1,34773,20261002-152846_clu_rasp14_pi4gb_r1,1507,perf_20261002-152846_clu_rasp14_pi4gb_r1,0,400,1790954930344,0,1790957624017.159,735.297,10.98,1790957624764.239,Normal,0.9577
rasp1,34773,20261002-152846_clu_rasp14_pi4gb_r1,1509,perf_20261002-152846_clu_rasp14_pi4gb_r1,0,401,1790954930344,0,1790957624766.363,1325.236,9.308,1790957626101.67,Normal,0.9347
rasp1,34773,20261002-152846_clu_rasp14_pi4gb_r1,1511,perf_20261002-152846_clu_rasp14_pi4gb_r1,0,402,1790954930346,0,1790957626103.287,1997.217,16.683,1790957628118.651,OFFENSIVE,0.5584
rasp1,34773,20261002-152846_clu_rasp14_pi4gb_r1,1514,perf_20261002-152846_clu_rasp14_pi4gb_r1,0,403,1790954930346,0,1790957628120.343,606.252,11.027,1790957628738.353,Normal,0.9004
rasp1,34773,20261002-152846_clu_rasp14_pi4gb_r1,1522,perf_20261002-152846_clu_rasp14_pi4gb_r1,0,404,1790954930348,0,1790957628739.968,767.749,9.902,1790957629518.329,Normal,0.9698
rasp1,34773,20261002-152846_clu_rasp14_pi4gb_r1,1524,perf_20261002-152846_clu_rasp14_pi4gb_r1,0,405,1790954930348,0,1790957629519.761,796.336,10.329,1790957630327.148,Normal,0.9489
rasp1,34773,20261002-152846_clu_rasp14_pi4gb_r1,1527,perf_20261002-152846_clu_rasp14_pi4gb_r1,0,406,1790954930349,0,1790957630328.5,588.62,9.448,1790957630927.259,Normal,0.9388
rasp1,34773,20261002-152846_clu_rasp14_pi4gb_r1,1531,perf_20261002-152846_clu_rasp14_pi4gb_r1,0,407,1790954930349,0,1790957630928.759,674.281,8.718,1790957631612.412,Normal,0.9549
rasp1,34773,20261002-152846_clu_rasp14_pi4gb_r1,1534,perf_20261002-152846_clu_rasp14_pi4gb_r1,0,408,1790954930350,0,1790957631613.807,733.624,10.078,1790957632358.192,Normal,0.968
rasp1,34773,20261002-152846_clu_rasp14_pi4gb_r1,1545,perf_20261002-152846_clu_rasp14_pi4gb_r1,0,409,1790954930352,0,1790957632359.647,714.013,9.934,1790957633084.574,Normal,0.937
rasp1,34773,20261002-152846_clu_rasp14_pi4gb_r1,1546,perf_20261002-152846_clu_rasp14_pi4gb_r1,0,410,1790954930353,0,1790957633087.065,984.991,14.633,1790957634094.83,Normal,0.9793
rasp1,34773,20261002-152846_clu_rasp14_pi4gb_r1,1551,perf_20261002-152846_clu_rasp14_pi4gb_r1,0,411,1790954930353,0,1790957634102.258,875.148,16.558,1790957634994.656,Normal,0.8785
rasp1,34773,20261002-152846_clu_rasp14_pi4gb_r1,1554,perf_20261002-152846_clu_rasp14_pi4gb_r1,0,412,1790954930354,0,1790957635003.37,846.89,13.757,1790957635867.831,Normal,0.9375
rasp1,34773,20261002-152846_clu_rasp14_pi4gb_r1,1558,perf_20261002-152846_clu_rasp14_pi4gb_r1,0,413,1790954930355,0,1790957635872.461,781.804,10.474,1790957636665.461,Normal,0.8827
rasp1,34773,20261002-152846_clu_rasp14_pi4gb_r1,1562,perf_20261002-152846_clu_rasp14_pi4gb_r1,0,414,1790954930355,0,1790957636667.567,800.233,9.895,1790957637478.691,Normal,0.9712
rasp1,34773,20261002-152846_clu_rasp14_pi4gb_r1,1566,perf_20261002-152846_clu_rasp14_pi4gb_r1,0,415,1790954930356,0,1790957637480.319,1675.53,14.101,1790957639179.208,Normal,0.9662
rasp1,34773,20261002-152846_clu_rasp14_pi4gb_r1,1569,perf_20261002-152846_clu_rasp14_pi4gb_r1,0,416,1790954930357,0,1790957639181.839,770.116,10.386,1790957639963.325,Normal,0.9617
rasp1,34773,20261002-152846_clu_rasp14_pi4gb_r1,1570,perf_20261002-152846_clu_rasp14_pi4gb_r1,0,417,1790954930357,0,1790957639965.356,886.808,10.882,1790957640863.839,Normal,0.7964
rasp1,34773,20261002-152846_clu_rasp14_pi4gb_r1,1578,perf_20261002-152846_clu_rasp14_pi4gb_r1,0,418,1790954930359,0,1790957640866.08,1011.503,9.621,1790957641887.969,Normal,0.9478
rasp1,34773,20261002-152846_clu_rasp14_pi4gb_r1,1579,perf_20261002-152846_clu_rasp14_pi4gb_r1,0,419,1790954930359,0,1790957641889.391,3865.238,9.126,1790957645764.525,Normal,0.9808
rasp1,34773,20261002-152846_clu_rasp14_pi4gb_r1,1581,perf_20261002-152846_clu_rasp14_pi4gb_r1,0,420,1790954930359,0,1790957645765.979,1436.581,13.192,1790957647216.481,Normal,0.7478
rasp1,34773,20261002-152846_clu_rasp14_pi4gb_r1,1582,perf_20261002-152846_clu_rasp14_pi4gb_r1,0,421,1790954930359,0,1790957647221.279,1131.949,15.639,1790957648369.595,Normal,0.942
rasp1,34773,20261002-152846_clu_rasp14_pi4gb_r1,1592,perf_20261002-152846_clu_rasp14_pi4gb_r1,0,422,1790954930361,0,1790957648374.22,886.791,14.633,1790957649276.61,Normal,0.9475
rasp1,34773,20261002-152846_clu_rasp14_pi4gb_r1,1598,perf_20261002-152846_clu_rasp14_pi4gb_r1,0,423,1790954930363,0,1790957649278.681,871.682,13.506,1790957650166.133,Normal,0.9531
rasp1,34773,20261002-152846_clu_rasp14_pi4gb_r1,1599,perf_20261002-152846_clu_rasp14_pi4gb_r1,0,424,1790954930363,0,1790957650174.098,1080.184,12.019,1790957651267.179,Normal,0.9668
rasp1,34773,20261002-152846_clu_rasp14_pi4gb_r1,1603,perf_20261002-152846_clu_rasp14_pi4gb_r1,0,425,1790954930364,0,1790957651268.592,682.74,9.86,1790957651962.117,Normal,0.9492
rasp1,34773,20261002-152846_clu_rasp14_pi4gb_r1,1606,perf_20261002-152846_clu_rasp14_pi4gb_r1,0,426,1790954930364,0,1790957651964.076,667.968,10.518,1790957652643.499,Normal,0.9346
rasp1,34773,20261002-152846_clu_rasp14_pi4gb_r1,1608,perf_20261002-152846_clu_rasp14_pi4gb_r1,0,427,1790954930364,0,1790957652645.012,768.013,11.208,1790957653425.456,Normal,0.9553
rasp1,34773,20261002-152846_clu_rasp14_pi4gb_r1,1611,perf_20261002-152846_clu_rasp14_pi4gb_r1,0,428,1790954930365,0,1790957653426.96,710.229,10.47,1790957654148.572,Normal,0.965
rasp1,34773,20261002-152846_clu_rasp14_pi4gb_r1,1619,perf_20261002-152846_clu_rasp14_pi4gb_r1,0,429,1790954930367,0,1790957654150.408,904.948,11.64,1790957655067.865,Normal,0.9031
rasp1,34773,20261002-152846_clu_rasp14_pi4gb_r1,1621,perf_20261002-152846_clu_rasp14_pi4gb_r1,0,430,1790954930367,0,1790957655070.641,610.894,10.247,1790957655692.499,Normal,0.9423
rasp1,34773,20261002-152846_clu_rasp14_pi4gb_r1,1623,perf_20261002-152846_clu_rasp14_pi4gb_r1,0,431,1790954930368,0,1790957655694.289,700.192,10.101,1790957656405.369,Normal,0.9389
rasp1,34773,20261002-152846_clu_rasp14_pi4gb_r1,1627,perf_20261002-152846_clu_rasp14_pi4gb_r1,0,432,1790954930368,0,1790957656407.003,1112.759,12.709,1790957657533.56,Normal,0.9257
rasp1,34773,20261002-152846_clu_rasp14_pi4gb_r1,1631,perf_20261002-152846_clu_rasp14_pi4gb_r1,0,433,1790954930369,0,1790957657537.253,563.053,16.022,1790957658118.125,Normal,0.9423
rasp1,34773,20261002-152846_clu_rasp14_pi4gb_r1,1632,perf_20261002-152846_clu_rasp14_pi4gb_r1,0,434,1790954930369,0,1790957658119.95,606.957,11.794,1790957658739.621,Normal,0.931
rasp1,34773,20261002-152846_clu_rasp14_pi4gb_r1,1637,perf_20261002-152846_clu_rasp14_pi4gb_r1,0,435,1790954930370,0,1790957658741.48,677.298,10.235,1790957659429.691,Normal,0.8661
rasp1,34773,20261002-152846_clu_rasp14_pi4gb_r1,1646,perf_20261002-152846_clu_rasp14_pi4gb_r1,0,436,1790954930372,0,1790957659431.445,1601.854,12.566,1790957661046.624,Normal,0.9309
rasp1,34773,20261002-152846_clu_rasp14_pi4gb_r1,1650,perf_20261002-152846_clu_rasp14_pi4gb_r1,0,437,1790954930372,0,1790957661052.312,630.527,8.647,1790957661692.099,Normal,0.9186
rasp1,34773,20261002-152846_clu_rasp14_pi4gb_r1,1655,perf_20261002-152846_clu_rasp14_pi4gb_r1,0,438,1790954930374,0,1790957661697.768,715.002,22.269,1790957662436.315,Normal,0.8661
rasp1,34773,20261002-152846_clu_rasp14_pi4gb_r1,1657,perf_20261002-152846_clu_rasp14_pi4gb_r1,0,439,1790954930374,0,1790957662445.157,828.851,12.328,1790957663286.918,Normal,0.9287
rasp1,34773,20261002-152846_clu_rasp14_pi4gb_r1,1659,perf_20261002-152846_clu_rasp14_pi4gb_r1,0,440,1790954930374,0,1790957663291.485,1000.733,17.104,1790957664309.973,Normal,0.7903
rasp1,34773,20261002-152846_clu_rasp14_pi4gb_r1,1664,perf_20261002-152846_clu_rasp14_pi4gb_r1,0,441,1790954930375,0,1790957664314.514,904.44,9.563,1790957665229.366,Normal,0.6574
rasp1,34773,20261002-152846_clu_rasp14_pi4gb_r1,1666,perf_20261002-152846_clu_rasp14_pi4gb_r1,0,442,1790954930375,0,1790957665230.916,670.901,11.324,1790957665913.811,Normal,0.9373
rasp1,34773,20261002-152846_clu_rasp14_pi4gb_r1,1667,perf_20261002-152846_clu_rasp14_pi4gb_r1,0,443,1790954930375,0,1790957665915.686,7202.689,11.523,1790957673131.146,Normal,0.5167
rasp1,34773,20261002-152846_clu_rasp14_pi4gb_r1,1668,perf_20261002-152846_clu_rasp14_pi4gb_r1,0,444,1790954930375,0,1790957673133.197,607.1,10.091,1790957673751.238,Normal,0.9553
rasp1,34773,20261002-152846_clu_rasp14_pi4gb_r1,1674,perf_20261002-152846_clu_rasp14_pi4gb_r1,0,445,1790954930375,0,1790957673752.629,643.825,9.099,1790957674406.211,Normal,0.8607
rasp1,34773,20261002-152846_clu_rasp14_pi4gb_r1,1683,perf_20261002-152846_clu_rasp14_pi4gb_r1,0,446,1790954930376,0,1790957674407.528,547.662,13.663,1790957674969.473,Normal,0.931
rasp1,34773,20261002-152846_clu_rasp14_pi4gb_r1,1686,perf_20261002-152846_clu_rasp14_pi4gb_r1,0,447,1790954930376,0,1790957674980.045,1153.142,18.178,1790957676152.776,Normal,0.9683
rasp1,34773,20261002-152846_clu_rasp14_pi4gb_r1,1687,perf_20261002-152846_clu_rasp14_pi4gb_r1,0,448,1790954930376,0,1790957676158.362,1178.936,11.094,1790957677349.19,Normal,0.9573
rasp1,34773,20261002-152846_clu_rasp14_pi4gb_r1,1691,perf_20261002-152846_clu_rasp14_pi4gb_r1,0,449,1790954930377,0,1790957677350.969,691.978,24.087,1790957678068.377,Normal,0.8363
rasp1,34773,20261002-152846_clu_rasp14_pi4gb_r1,1696,perf_20261002-152846_clu_rasp14_pi4gb_r1,0,450,1790954930377,0,1790957678071.558,815.336,19.933,1790957678908.355,Normal,0.944
rasp1,34773,20261002-152846_clu_rasp14_pi4gb_r1,1698,perf_20261002-152846_clu_rasp14_pi4gb_r1,0,451,1790954930377,0,1790957678914.149,659.523,10.615,1790957679585.404,Normal,0.8288
rasp1,34773,20261002-152846_clu_rasp14_pi4gb_r1,1702,perf_20261002-152846_clu_rasp14_pi4gb_r1,0,452,1790954930378,0,1790957679587.154,673.351,11.329,1790957680272.54,Normal,0.8959
rasp1,34773,20261002-152846_clu_rasp14_pi4gb_r1,1703,perf_20261002-152846_clu_rasp14_pi4gb_r1,0,453,1790954930378,0,1790957680275.477,914.276,10.048,1790957681200.584,Normal,0.9528
rasp1,34773,20261002-152846_clu_rasp14_pi4gb_r1,1705,perf_20261002-152846_clu_rasp14_pi4gb_r1,0,454,1790954930378,0,1790957681202.214,745.217,11.484,1790957681960.11,Normal,0.9649
rasp1,34773,20261002-152846_clu_rasp14_pi4gb_r1,1717,perf_20261002-152846_clu_rasp14_pi4gb_r1,0,455,1790954930380,0,1790957681961.9,726.676,12.261,1790957682701.904,Normal,0.8575
rasp1,34773,20261002-152846_clu_rasp14_pi4gb_r1,1723,perf_20261002-152846_clu_rasp14_pi4gb_r1,0,456,1790954930380,0,1790957682703.928,1143.228,13.281,1790957683861.369,Normal,0.8675
rasp1,34773,20261002-152846_clu_rasp14_pi4gb_r1,1727,perf_20261002-152846_clu_rasp14_pi4gb_r1,0,457,1790954930381,0,1790957683863.072,928.065,11.41,1790957684803.656,Normal,0.9707
rasp1,34773,20261002-152846_clu_rasp14_pi4gb_r1,1737,perf_20261002-152846_clu_rasp14_pi4gb_r1,0,458,1790954930382,0,1790957684805.194,665.112,12.968,1790957685485.329,Normal,0.9419
rasp1,34773,20261002-152846_clu_rasp14_pi4gb_r1,1743,perf_20261002-152846_clu_rasp14_pi4gb_r1,0,459,1790954930382,0,1790957685486.645,663.879,12.23,1790957686163.625,Normal,0.9357
rasp1,34773,20261002-152846_clu_rasp14_pi4gb_r1,1745,perf_20261002-152846_clu_rasp14_pi4gb_r1,0,460,1790954930382,0,1790957686167.062,775.928,12.455,1790957686956.079,Normal,0.9262
rasp1,34773,20261002-152846_clu_rasp14_pi4gb_r1,1746,perf_20261002-152846_clu_rasp14_pi4gb_r1,0,461,1790954930382,0,1790957686957.776,657.295,15.218,1790957687631.599,Normal,0.9539
rasp1,34773,20261002-152846_clu_rasp14_pi4gb_r1,1748,perf_20261002-152846_clu_rasp14_pi4gb_r1,0,462,1790954930383,0,1790957687634.079,654.812,11.642,1790957688301.435,Normal,0.9037
rasp1,34773,20261002-152846_clu_rasp14_pi4gb_r1,1754,perf_20261002-152846_clu_rasp14_pi4gb_r1,0,463,1790954930383,0,1790957688303.487,612.113,14.567,1790957688931.599,Normal,0.9116
rasp1,34773,20261002-152846_clu_rasp14_pi4gb_r1,1756,perf_20261002-152846_clu_rasp14_pi4gb_r1,0,464,1790954930383,0,1790957688934.809,1083.489,9.902,1790957690029.089,Normal,0.9404
rasp1,34773,20261002-152846_clu_rasp14_pi4gb_r1,1759,perf_20261002-152846_clu_rasp14_pi4gb_r1,0,465,1790954930383,0,1790957690030.507,1515.28,10.792,1790957691557.173,Normal,0.9765
rasp1,34773,20261002-152846_clu_rasp14_pi4gb_r1,1761,perf_20261002-152846_clu_rasp14_pi4gb_r1,0,466,1790954930384,0,1790957691559.921,885.986,11.8,1790957692458.317,Normal,0.9406
rasp1,34773,20261002-152846_clu_rasp14_pi4gb_r1,1765,perf_20261002-152846_clu_rasp14_pi4gb_r1,0,467,1790954930384,0,1790957692460.559,713.497,18.672,1790957693193.498,Normal,0.9531
rasp1,34773,20261002-152846_clu_rasp14_pi4gb_r1,1772,perf_20261002-152846_clu_rasp14_pi4gb_r1,0,468,1790954930384,0,1790957693194.924,2003.834,13.247,1790957695213.049,Normal,0.9744
rasp1,34773,20261002-152846_clu_rasp14_pi4gb_r1,1778,perf_20261002-152846_clu_rasp14_pi4gb_r1,0,469,1790954930390,0,1790957695215.137,614.14,11.921,1790957695842.382,Normal,0.8716
rasp1,34773,20261002-152846_clu_rasp14_pi4gb_r1,1784,perf_20261002-152846_clu_rasp14_pi4gb_r1,0,470,1790954930390,0,1790957695844.232,888.705,10.166,1790957696743.948,Normal,0.8971
rasp1,34773,20261002-152846_clu_rasp14_pi4gb_r1,1788,perf_20261002-152846_clu_rasp14_pi4gb_r1,0,471,1790954930391,0,1790957696745.833,651.488,13.233,1790957697411.697,Normal,0.8315
rasp1,34773,20261002-152846_clu_rasp14_pi4gb_r1,1789,perf_20261002-152846_clu_rasp14_pi4gb_r1,0,472,1790954930391,0,1790957697414.271,1167.515,10.562,1790957698593.016,Normal,0.9467
rasp1,34773,20261002-152846_clu_rasp14_pi4gb_r1,1791,perf_20261002-152846_clu_rasp14_pi4gb_r1,0,473,1790954930391,0,1790957698594.518,677.52,18.407,1790957699291.271,Normal,0.9585
rasp1,34773,20261002-152846_clu_rasp14_pi4gb_r1,1793,perf_20261002-152846_clu_rasp14_pi4gb_r1,0,474,1790954930391,0,1790957699293.248,575.379,9.151,1790957699878.495,Normal,0.9068
rasp1,34773,20261002-152846_clu_rasp14_pi4gb_r1,1794,perf_20261002-152846_clu_rasp14_pi4gb_r1,0,475,1790954930391,0,1790957699879.864,1140.568,9.928,1790957701031.118,Normal,0.9684
rasp1,34773,20261002-152846_clu_rasp14_pi4gb_r1,1800,perf_20261002-152846_clu_rasp14_pi4gb_r1,0,476,1790954930392,0,1790957701033.065,1048.904,11.167,1790957702094.032,Normal,0.9498
rasp1,34773,20261002-152846_clu_rasp14_pi4gb_r1,1803,perf_20261002-152846_clu_rasp14_pi4gb_r1,0,477,1790954930392,0,1790957702096.198,963.291,16.642,1790957703076.964,Normal,0.9573
rasp1,34773,20261002-152846_clu_rasp14_pi4gb_r1,1814,perf_20261002-152846_clu_rasp14_pi4gb_r1,0,478,1790954930393,0,1790957703081.415,1091.126,21.192,1790957704195.34,Normal,0.9205
rasp1,34773,20261002-152846_clu_rasp14_pi4gb_r1,1819,perf_20261002-152846_clu_rasp14_pi4gb_r1,0,479,1790954930393,0,1790957704203.894,2578.851,12.76,1790957706796.382,Normal,0.9654
rasp1,34773,20261002-152846_clu_rasp14_pi4gb_r1,1826,perf_20261002-152846_clu_rasp14_pi4gb_r1,0,480,1790954930394,0,1790957706798.217,701.247,9.971,1790957707510.313,Normal,0.9714
rasp1,34773,20261002-152846_clu_rasp14_pi4gb_r1,1827,perf_20261002-152846_clu_rasp14_pi4gb_r1,0,481,1790954930394,0,1790957707511.846,788.409,9.93,1790957708311.209,Normal,0.6358
rasp1,34773,20261002-152846_clu_rasp14_pi4gb_r1,1838,perf_20261002-152846_clu_rasp14_pi4gb_r1,0,482,1790954930403,0,1790957708312.948,1489.908,8.883,1790957709812.409,Normal,0.7298
rasp1,34773,20261002-152846_clu_rasp14_pi4gb_r1,1844,perf_20261002-152846_clu_rasp14_pi4gb_r1,0,483,1790954930414,0,1790957709813.965,2721.58,11.563,1790957712548.491,Normal,0.976
rasp1,34773,20261002-152846_clu_rasp14_pi4gb_r1,1849,perf_20261002-152846_clu_rasp14_pi4gb_r1,0,484,1790954930415,0,1790957712551.535,1013.745,10.034,1790957713576.207,Normal,0.963
rasp1,34773,20261002-152846_clu_rasp14_pi4gb_r1,1851,perf_20261002-152846_clu_rasp14_pi4gb_r1,0,485,1790954930415,0,1790957713578.133,1590.19,12.46,1790957715181.88,Normal,0.8687
rasp1,34773,20261002-152846_clu_rasp14_pi4gb_r1,1852,perf_20261002-152846_clu_rasp14_pi4gb_r1,0,486,1790954930415,0,1790957715183.474,1055.896,15.1,1790957716255.261,Normal,0.9648
rasp1,34773,20261002-152846_clu_rasp14_pi4gb_r1,1854,perf_20261002-152846_clu_rasp14_pi4gb_r1,0,487,1790954930422,0,1790957716256.954,801.215,10.857,1790957717069.696,Normal,0.9076
rasp1,34773,20261002-152846_clu_rasp14_pi4gb_r1,1859,perf_20261002-152846_clu_rasp14_pi4gb_r1,0,488,1790954930423,0,1790957717078.282,1071.036,10.671,1790957718160.824,Normal,0.9552
rasp1,34773,20261002-152846_clu_rasp14_pi4gb_r1,1860,perf_20261002-152846_clu_rasp14_pi4gb_r1,0,489,1790954930423,0,1790957718162.647,689.816,23.703,1790957718876.963,Normal,0.9536
rasp1,34773,20261002-152846_clu_rasp14_pi4gb_r1,1864,perf_20261002-152846_clu_rasp14_pi4gb_r1,0,490,1790954930427,0,1790957718885.217,864.941,15.958,1790957719767.062,Normal,0.4452
rasp1,34773,20261002-152846_clu_rasp14_pi4gb_r1,1868,perf_20261002-152846_clu_rasp14_pi4gb_r1,0,491,1790954930434,0,1790957719768.378,1745.669,10.235,1790957721525.297,Normal,0.9634
rasp1,34773,20261002-152846_clu_rasp14_pi4gb_r1,1870,perf_20261002-152846_clu_rasp14_pi4gb_r1,0,492,1790954930435,0,1790957721527.638,1002.079,10.575,1790957722541.024,Normal,0.9672
rasp1,34773,20261002-152846_clu_rasp14_pi4gb_r1,1871,perf_20261002-152846_clu_rasp14_pi4gb_r1,0,493,1790954930435,0,1790957722542.99,661.192,15.039,1790957723220.463,Normal,0.9396
rasp1,34773,20261002-152846_clu_rasp14_pi4gb_r1,1873,perf_20261002-152846_clu_rasp14_pi4gb_r1,0,494,1790954930435,0,1790957723223.4,5918.883,9.396,1790957729152.572,Normal,0.9784
rasp1,34773,20261002-152846_clu_rasp14_pi4gb_r1,1876,perf_20261002-152846_clu_rasp14_pi4gb_r1,0,495,1790954930436,0,1790957729154.027,510.88,8.657,1790957729674.154,Normal,0.9566
rasp1,34773,20261002-152846_clu_rasp14_pi4gb_r1,1880,perf_20261002-152846_clu_rasp14_pi4gb_r1,0,496,1790954930449,0,1790957729675.336,944.01,9.088,1790957730629.225,Normal,0.944
rasp1,34773,20261002-152846_clu_rasp14_pi4gb_r1,1883,perf_20261002-152846_clu_rasp14_pi4gb_r1,0,497,1790954930450,0,1790957730630.622,911.274,9.844,1790957731552.531,Normal,0.9603
rasp1,34773,20261002-152846_clu_rasp14_pi4gb_r1,1884,perf_20261002-152846_clu_rasp14_pi4gb_r1,0,498,1790954930450,0,1790957731553.938,819.079,9.62,1790957732383.278,Normal,0.9628
rasp1,34773,20261002-152846_clu_rasp14_pi4gb_r1,1889,perf_20261002-152846_clu_rasp14_pi4gb_r1,0,499,1790954930452,0,1790957732384.561,687.329,10.789,1790957733083.278,Normal,0.855
rasp1,34773,20261002-152846_clu_rasp14_pi4gb_r1,2037,perf_20261002-152846_clu_rasp14_pi4gb_r1,2,500,1790954930476,0,1790957947847.306,797.888,12.114,1790957948658.377,Normal,0.9601
rasp1,34773,20261002-152846_clu_rasp14_pi4gb_r1,2038,perf_20261002-152846_clu_rasp14_pi4gb_r1,2,501,1790954930476,0,1790957948660.573,969.183,9.451,1790957949639.888,Normal,0.966
rasp1,34773,20261002-152846_clu_rasp14_pi4gb_r1,2046,perf_20261002-152846_clu_rasp14_pi4gb_r1,2,502,1790954930477,0,1790957949641.581,632.311,10.656,1790957950285.476,Normal,0.9267
rasp1,34773,20261002-152846_clu_rasp14_pi4gb_r1,2055,perf_20261002-152846_clu_rasp14_pi4gb_r1,2,503,1790954930478,0,1790957950287.473,1250.876,9.742,1790957951548.883,Normal,0.7212
rasp1,34773,20261002-152846_clu_rasp14_pi4gb_r1,2061,perf_20261002-152846_clu_rasp14_pi4gb_r1,2,504,1790954930479,0,1790957951550.369,649.53,11.516,1790957952212.371,Normal,0.9105
rasp1,34773,20261002-152846_clu_rasp14_pi4gb_r1,2064,perf_20261002-152846_clu_rasp14_pi4gb_r1,2,505,1790954930480,0,1790957952214.505,617.934,11.885,1790957952845.86,Normal,0.9126
rasp1,34773,20261002-152846_clu_rasp14_pi4gb_r1,2070,perf_20261002-152846_clu_rasp14_pi4gb_r1,2,506,1790954930481,0,1790957952848.554,698.883,9.689,1790957953558.123,Normal,0.6564
rasp1,34773,20261002-152846_clu_rasp14_pi4gb_r1,2076,perf_20261002-152846_clu_rasp14_pi4gb_r1,2,507,1790954930481,0,1790957953559.686,669.192,12.567,1790957954248.571,Normal,0.9698
rasp1,34773,20261002-152846_clu_rasp14_pi4gb_r1,2077,perf_20261002-152846_clu_rasp14_pi4gb_r1,2,508,1790954930481,0,1790957954250.939,592.849,9.85,1790957954854.249,Normal,0.936
rasp1,34773,20261002-152846_clu_rasp14_pi4gb_r1,2078,perf_20261002-152846_clu_rasp14_pi4gb_r1,2,509,1790954930481,0,1790957954856.984,844.831,18.361,1790957955721.364,Normal,0.8663
rasp1,34773,20261002-152846_clu_rasp14_pi4gb_r1,2080,perf_20261002-152846_clu_rasp14_pi4gb_r1,2,510,1790954930481,0,1790957955729.963,660.531,20.228,1790957956411.425,Normal,0.9375
rasp1,34773,20261002-152846_clu_rasp14_pi4gb_r1,2081,perf_20261002-152846_clu_rasp14_pi4gb_r1,2,511,1790954930481,0,1790957956417.151,635.414,14.611,1790957957068.248,Normal,0.9498
rasp1,34773,20261002-152846_clu_rasp14_pi4gb_r1,2084,perf_20261002-152846_clu_rasp14_pi4gb_r1,2,512,1790954930482,0,1790957957070.039,956.854,14.394,1790957958041.981,Normal,0.9469
rasp1,34773,20261002-152846_clu_rasp14_pi4gb_r1,2090,perf_20261002-152846_clu_rasp14_pi4gb_r1,2,513,1790954930482,0,1790957958049.606,890.467,13.421,1790957958954.242,OFFENSIVE,0.724
rasp1,34773,20261002-152846_clu_rasp14_pi4gb_r1,2091,perf_20261002-152846_clu_rasp14_pi4gb_r1,2,514,1790954930482,0,1790957958955.676,736.753,13.433,1790957959713.021,Normal,0.9661
rasp1,34773,20261002-152846_clu_rasp14_pi4gb_r1,2096,perf_20261002-152846_clu_rasp14_pi4gb_r1,2,515,1790954930483,0,1790957959717.665,722.559,12.933,1790957960453.933,Normal,0.9285
rasp1,34773,20261002-152846_clu_rasp14_pi4gb_r1,2097,perf_20261002-152846_clu_rasp14_pi4gb_r1,2,516,1790954930483,0,1790957960461.433,783.697,18.874,1790957961264.857,Normal,0.966
rasp1,34773,20261002-152846_clu_rasp14_pi4gb_r1,2103,perf_20261002-152846_clu_rasp14_pi4gb_r1,2,517,1790954930483,0,1790957961266.635,815.77,14.05,1790957962097.316,Normal,0.9684
rasp1,34773,20261002-152846_clu_rasp14_pi4gb_r1,2111,perf_20261002-152846_clu_rasp14_pi4gb_r1,2,518,1790954930484,0,1790957962098.569,981.722,16.391,1790957963097.508,Normal,0.963
rasp1,34773,20261002-152846_clu_rasp14_pi4gb_r1,2112,perf_20261002-152846_clu_rasp14_pi4gb_r1,2,519,1790954930484,0,1790957963103.692,595.764,15.567,1790957963716.153,Normal,0.9375
rasp1,34773,20261002-152846_clu_rasp14_pi4gb_r1,2113,perf_20261002-152846_clu_rasp14_pi4gb_r1,2,520,1790954930484,0,1790957963717.55,813.108,18.433,1790957964549.996,Normal,0.9277
rasp1,34773,20261002-152846_clu_rasp14_pi4gb_r1,2115,perf_20261002-152846_clu_rasp14_pi4gb_r1,2,521,1790954930484,0,1790957964552.41,3507.711,18.393,1790957968079.466,Normal,0.9495
