node,pid,run_id,seq,topic,partition,offset,kafka_ts_ms,kafka_ts_type,t_recv_ms,infer_ms,es_ms,t_done_ms,label,confidence
vm2,147742,20261005-094315_clu_vm24_rate20_lat1node_r3,5,perf_20261005-094315_clu_vm24_rate20_lat1node_r3,2,0,1791193411995,0,1791193412002.694,92.058,79.701,1791193412174.66,OFFENSIVE,0.5445
vm2,147742,20261005-094315_clu_vm24_rate20_lat1node_r3,6,perf_20261005-094315_clu_vm24_rate20_lat1node_r3,2,1,1791193412046,0,1791193412178.688,89.665,4.774,1791193412273.328,Normal,0.9157
vm2,147742,20261005-094315_clu_vm24_rate20_lat1node_r3,10,perf_20261005-094315_clu_vm24_rate20_lat1node_r3,2,2,1791193412245,0,1791193412275.992,101.163,4.421,1791193412381.854,Normal,0.8199
vm2,147742,20261005-094315_clu_vm24_rate20_lat1node_r3,12,perf_20261005-094315_clu_vm24_rate20_lat1node_r3,2,3,1791193412345,0,1791193412384.539,69.274,5.37,1791193412459.367,Normal,0.9532
vm2,147742,20261005-094315_clu_vm24_rate20_lat1node_r3,15,perf_20261005-094315_clu_vm24_rate20_lat1node_r3,2,4,1791193412495,0,1791193412500.238,84.226,5.332,1791193412589.989,Normal,0.7288
vm2,147742,20261005-094315_clu_vm24_rate20_lat1node_r3,20,perf_20261005-094315_clu_vm24_rate20_lat1node_r3,2,5,1791193412745,0,1791193412750.35,134.385,4.615,1791193412889.551,Normal,0.9603
vm2,147742,20261005-094315_clu_vm24_rate20_lat1node_r3,34,perf_20261005-094315_clu_vm24_rate20_lat1node_r3,2,6,1791193413445,0,1791193413451.068,70.581,5.885,1791193413527.727,Normal,0.9605
vm2,147742,20261005-094315_clu_vm24_rate20_lat1node_r3,36,perf_20261005-094315_clu_vm24_rate20_lat1node_r3,2,7,1791193413545,0,1791193413550.478,81.362,5.423,1791193413637.459,Normal,0.9351
vm2,147742,20261005-094315_clu_vm24_rate20_lat1node_r3,37,perf_20261005-094315_clu_vm24_rate20_lat1node_r3,2,8,1791193413595,0,1791193413640.104,75.036,6.495,1791193413721.821,Normal,0.9503
vm2,147742,20261005-094315_clu_vm24_rate20_lat1node_r3,43,perf_20261005-094315_clu_vm24_rate20_lat1node_r3,2,9,1791193413895,0,1791193413902.883,103.224,4.765,1791193414011.069,OFFENSIVE,0.5659
vm2,147742,20261005-094315_clu_vm24_rate20_lat1node_r3,47,perf_20261005-094315_clu_vm24_rate20_lat1node_r3,2,10,1791193414095,0,1791193414101.263,88.999,4.977,1791193414195.435,Normal,0.9515
vm2,147742,20261005-094315_clu_vm24_rate20_lat1node_r3,52,perf_20261005-094315_clu_vm24_rate20_lat1node_r3,2,11,1791193414345,0,1791193414350.076,68.713,3.611,1791193414422.583,Normal,0.8595
vm2,147742,20261005-094315_clu_vm24_rate20_lat1node_r3,54,perf_20261005-094315_clu_vm24_rate20_lat1node_r3,2,12,1791193414445,0,1791193414452.068,82.978,4.538,1791193414539.784,Normal,0.8958
vm2,147742,20261005-094315_clu_vm24_rate20_lat1node_r3,55,perf_20261005-094315_clu_vm24_rate20_lat1node_r3,2,13,1791193414495,0,1791193414542.559,104.887,5.645,1791193414653.282,Normal,0.9547
vm2,147742,20261005-094315_clu_vm24_rate20_lat1node_r3,56,perf_20261005-094315_clu_vm24_rate20_lat1node_r3,2,14,1791193414546,0,1791193414656.32,166.173,4.708,1791193414827.4,Normal,0.9532
vm2,147742,20261005-094315_clu_vm24_rate20_lat1node_r3,58,perf_20261005-094315_clu_vm24_rate20_lat1node_r3,2,15,1791193414645,0,1791193414827.639,124.712,5.227,1791193414957.771,Normal,0.9703
vm2,147742,20261005-094315_clu_vm24_rate20_lat1node_r3,61,perf_20261005-094315_clu_vm24_rate20_lat1node_r3,2,16,1791193414795,0,1791193414960.628,70.335,5.676,1791193415036.822,Normal,0.9489
vm2,147742,20261005-094315_clu_vm24_rate20_lat1node_r3,72,perf_20261005-094315_clu_vm24_rate20_lat1node_r3,2,17,1791193415345,0,1791193415350.775,95.361,5.811,1791193415452.14,Normal,0.9761
vm2,147742,20261005-094315_clu_vm24_rate20_lat1node_r3,74,perf_20261005-094315_clu_vm24_rate20_lat1node_r3,2,18,1791193415445,0,1791193415455.072,83.593,4.142,1791193415542.986,Normal,0.9719
vm2,147742,20261005-094315_clu_vm24_rate20_lat1node_r3,83,perf_20261005-094315_clu_vm24_rate20_lat1node_r3,2,19,1791193415895,0,1791193415900.427,121.269,5.009,1791193416026.902,Normal,0.9678
vm2,147742,20261005-094315_clu_vm24_rate20_lat1node_r3,101,perf_20261005-094315_clu_vm24_rate20_lat1node_r3,2,20,1791193416795,0,1791193416800.732,87.557,5.878,1791193416894.371,Normal,0.8852
vm2,147742,20261005-094315_clu_vm24_rate20_lat1node_r3,106,perf_20261005-094315_clu_vm24_rate20_lat1node_r3,2,21,1791193417045,0,1791193417050.368,92.454,7.822,1791193417150.836,Normal,0.9671
vm2,147742,20261005-094315_clu_vm24_rate20_lat1node_r3,110,perf_20261005-094315_clu_vm24_rate20_lat1node_r3,2,22,1791193417245,0,1791193417250.106,73.753,5.499,1791193417329.574,Normal,0.8809
vm2,147742,20261005-094315_clu_vm24_rate20_lat1node_r3,111,perf_20261005-094315_clu_vm24_rate20_lat1node_r3,2,23,1791193417295,0,1791193417332.725,71.97,4.746,1791193417409.628,Normal,0.9248
vm2,147742,20261005-094315_clu_vm24_rate20_lat1node_r3,118,perf_20261005-094315_clu_vm24_rate20_lat1node_r3,2,24,1791193417646,0,1791193417651.113,82.775,5.25,1791193417739.333,Normal,0.9087
vm2,147742,20261005-094315_clu_vm24_rate20_lat1node_r3,129,perf_20261005-094315_clu_vm24_rate20_lat1node_r3,2,25,1791193418195,0,1791193418200.97,94.286,6.014,1791193418301.469,Normal,0.9673
vm2,147742,20261005-094315_clu_vm24_rate20_lat1node_r3,137,perf_20261005-094315_clu_vm24_rate20_lat1node_r3,2,26,1791193418595,0,1791193418601.095,83.332,5.327,1791193418689.95,Normal,0.9294
vm2,147742,20261005-094315_clu_vm24_rate20_lat1node_r3,139,perf_20261005-094315_clu_vm24_rate20_lat1node_r3,2,27,1791193418695,0,1791193418699.498,80.29,5.135,1791193418785.112,Normal,0.9679
vm2,147742,20261005-094315_clu_vm24_rate20_lat1node_r3,140,perf_20261005-094315_clu_vm24_rate20_lat1node_r3,2,28,1791193418745,0,1791193418787.916,98.163,4.975,1791193418891.244,Normal,0.9753
vm2,147742,20261005-094315_clu_vm24_rate20_lat1node_r3,146,perf_20261005-094315_clu_vm24_rate20_lat1node_r3,2,29,1791193419045,0,1791193419050.492,78.274,5.666,1791193419134.629,Normal,0.931
vm2,147742,20261005-094315_clu_vm24_rate20_lat1node_r3,147,perf_20261005-094315_clu_vm24_rate20_lat1node_r3,2,30,1791193419095,0,1791193419137.429,86.895,6.353,1791193419230.867,Normal,0.9475
vm2,147742,20261005-094315_clu_vm24_rate20_lat1node_r3,148,perf_20261005-094315_clu_vm24_rate20_lat1node_r3,2,31,1791193419145,0,1791193419233.607,74.541,5.584,1791193419313.926,Normal,0.9539
vm2,147742,20261005-094315_clu_vm24_rate20_lat1node_r3,150,perf_20261005-094315_clu_vm24_rate20_lat1node_r3,2,32,1791193419245,0,1791193419316.822,86.184,5.462,1791193419408.65,Normal,0.8267
vm2,147742,20261005-094315_clu_vm24_rate20_lat1node_r3,151,perf_20261005-094315_clu_vm24_rate20_lat1node_r3,2,33,1791193419295,0,1791193419408.885,93.302,4.8,1791193419507.185,Normal,0.9057
vm2,147742,20261005-094315_clu_vm24_rate20_lat1node_r3,152,perf_20261005-094315_clu_vm24_rate20_lat1node_r3,2,34,1791193419345,0,1791193419509.958,98.32,5.827,1791193419614.294,Normal,0.9745
vm2,147742,20261005-094315_clu_vm24_rate20_lat1node_r3,161,perf_20261005-094315_clu_vm24_rate20_lat1node_r3,2,35,1791193419795,0,1791193419800.867,146.216,5.518,1791193419952.801,Normal,0.9305
vm2,147742,20261005-094315_clu_vm24_rate20_lat1node_r3,162,perf_20261005-094315_clu_vm24_rate20_lat1node_r3,2,36,1791193419845,0,1791193419955.575,88.373,4.529,1791193420048.669,Normal,0.87
vm2,147742,20261005-094315_clu_vm24_rate20_lat1node_r3,165,perf_20261005-094315_clu_vm24_rate20_lat1node_r3,2,37,1791193419995,0,1791193420051.372,87.437,5.503,1791193420144.5,Normal,0.9407
vm2,147742,20261005-094315_clu_vm24_rate20_lat1node_r3,167,perf_20261005-094315_clu_vm24_rate20_lat1node_r3,2,38,1791193420095,0,1791193420147.435,98.928,5.973,1791193420252.564,Normal,0.7275
vm2,147742,20261005-094315_clu_vm24_rate20_lat1node_r3,171,perf_20261005-094315_clu_vm24_rate20_lat1node_r3,2,39,1791193420295,0,1791193420300.949,85.305,5.805,1791193420392.253,Normal,0.9574
vm2,147742,20261005-094315_clu_vm24_rate20_lat1node_r3,175,perf_20261005-094315_clu_vm24_rate20_lat1node_r3,2,40,1791193420495,0,1791193420500.384,73.407,5.352,1791193420579.334,Normal,0.9314
vm2,147742,20261005-094315_clu_vm24_rate20_lat1node_r3,176,perf_20261005-094315_clu_vm24_rate20_lat1node_r3,2,41,1791193420545,0,1791193420582.269,77.333,5.068,1791193420664.857,Normal,0.7281
vm2,147742,20261005-094315_clu_vm24_rate20_lat1node_r3,185,perf_20261005-094315_clu_vm24_rate20_lat1node_r3,2,42,1791193420995,0,1791193421001.075,153.743,4.932,1791193421159.947,Normal,0.9335
vm2,147742,20261005-094315_clu_vm24_rate20_lat1node_r3,189,perf_20261005-094315_clu_vm24_rate20_lat1node_r3,2,43,1791193421195,0,1791193421200.254,82.743,5.463,1791193421288.654,Normal,0.8925
vm2,147742,20261005-094315_clu_vm24_rate20_lat1node_r3,192,perf_20261005-094315_clu_vm24_rate20_lat1node_r3,2,44,1791193421345,0,1791193421350.528,96.974,5.785,1791193421453.484,Normal,0.9544
vm2,147742,20261005-094315_clu_vm24_rate20_lat1node_r3,200,perf_20261005-094315_clu_vm24_rate20_lat1node_r3,2,45,1791193421746,0,1791193421752.58,90.721,4.686,1791193421848.178,Normal,0.9569
vm2,147742,20261005-094315_clu_vm24_rate20_lat1node_r3,201,perf_20261005-094315_clu_vm24_rate20_lat1node_r3,2,46,1791193421795,0,1791193421851.16,84.206,5.383,1791193421940.935,Normal,0.567
vm2,147742,20261005-094315_clu_vm24_rate20_lat1node_r3,202,perf_20261005-094315_clu_vm24_rate20_lat1node_r3,2,47,1791193421845,0,1791193421941.169,82.636,4.854,1791193422028.849,Normal,0.966
vm2,147742,20261005-094315_clu_vm24_rate20_lat1node_r3,203,perf_20261005-094315_clu_vm24_rate20_lat1node_r3,2,48,1791193421895,0,1791193422031.776,79.479,5.332,1791193422116.774,Normal,0.9589
vm2,147742,20261005-094315_clu_vm24_rate20_lat1node_r3,207,perf_20261005-094315_clu_vm24_rate20_lat1node_r3,2,49,1791193422095,0,1791193422119.739,79.301,6.101,1791193422205.327,Normal,0.9563
vm2,147742,20261005-094315_clu_vm24_rate20_lat1node_r3,213,perf_20261005-094315_clu_vm24_rate20_lat1node_r3,2,50,1791193422395,0,1791193422400.912,82.053,5.509,1791193422488.663,Normal,0.9629
vm2,147742,20261005-094315_clu_vm24_rate20_lat1node_r3,217,perf_20261005-094315_clu_vm24_rate20_lat1node_r3,2,51,1791193422595,0,1791193422600.458,91.286,4.855,1791193422696.808,Normal,0.9635
vm2,147742,20261005-094315_clu_vm24_rate20_lat1node_r3,220,perf_20261005-094315_clu_vm24_rate20_lat1node_r3,2,52,1791193422745,0,1791193422750.369,64.208,4.93,1791193422819.692,Normal,0.9627
vm2,147742,20261005-094315_clu_vm24_rate20_lat1node_r3,221,perf_20261005-094315_clu_vm24_rate20_lat1node_r3,2,53,1791193422795,0,1791193422822.163,58.229,5.091,1791193422885.667,Normal,0.9292
vm2,147742,20261005-094315_clu_vm24_rate20_lat1node_r3,229,perf_20261005-094315_clu_vm24_rate20_lat1node_r3,2,54,1791193423195,0,1791193423201.095,96.983,6.7,1791193423304.975,Normal,0.9234
vm2,147742,20261005-094315_clu_vm24_rate20_lat1node_r3,230,perf_20261005-094315_clu_vm24_rate20_lat1node_r3,2,55,1791193423245,0,1791193423308.301,92.515,7.033,1791193423408.042,Normal,0.7449
vm2,147742,20261005-094315_clu_vm24_rate20_lat1node_r3,234,perf_20261005-094315_clu_vm24_rate20_lat1node_r3,2,56,1791193423445,0,1791193423450.743,121.266,4.667,1791193423576.877,Normal,0.9447
vm2,147742,20261005-094315_clu_vm24_rate20_lat1node_r3,241,perf_20261005-094315_clu_vm24_rate20_lat1node_r3,2,57,1791193423796,0,1791193423801.817,76.087,4.689,1791193423882.79,Normal,0.9608
vm2,147742,20261005-094315_clu_vm24_rate20_lat1node_r3,244,perf_20261005-094315_clu_vm24_rate20_lat1node_r3,2,58,1791193423945,0,1791193423950.821,76.421,5.136,1791193424032.57,OFFENSIVE,0.7323
vm2,147742,20261005-094315_clu_vm24_rate20_lat1node_r3,247,perf_20261005-094315_clu_vm24_rate20_lat1node_r3,2,59,1791193424095,0,1791193424100.264,91.842,5.441,1791193424197.772,Normal,0.8993
vm2,147742,20261005-094315_clu_vm24_rate20_lat1node_r3,257,perf_20261005-094315_clu_vm24_rate20_lat1node_r3,2,60,1791193424595,0,1791193424600.542,117.349,4.92,1791193424723.017,Normal,0.961
vm2,147742,20261005-094315_clu_vm24_rate20_lat1node_r3,265,perf_20261005-094315_clu_vm24_rate20_lat1node_r3,2,61,1791193424995,0,1791193425000.559,81.49,5.087,1791193425087.339,Normal,0.9354
vm2,147742,20261005-094315_clu_vm24_rate20_lat1node_r3,278,perf_20261005-094315_clu_vm24_rate20_lat1node_r3,2,62,1791193425645,0,1791193425650.99,85.981,5.35,1791193425742.525,Normal,0.9589
vm2,147742,20261005-094315_clu_vm24_rate20_lat1node_r3,279,perf_20261005-094315_clu_vm24_rate20_lat1node_r3,2,63,1791193425695,0,1791193425745.517,73.781,6.019,1791193425825.507,Normal,0.8888
vm2,147742,20261005-094315_clu_vm24_rate20_lat1node_r3,284,perf_20261005-094315_clu_vm24_rate20_lat1node_r3,2,64,1791193425945,0,1791193425950.796,83.788,5.005,1791193426039.781,Normal,0.9561
vm2,147742,20261005-094315_clu_vm24_rate20_lat1node_r3,287,perf_20261005-094315_clu_vm24_rate20_lat1node_r3,2,65,1791193426095,0,1791193426100.439,81.909,5.221,1791193426187.76,HATE,0.4159
vm2,147742,20261005-094315_clu_vm24_rate20_lat1node_r3,297,perf_20261005-094315_clu_vm24_rate20_lat1node_r3,2,66,1791193426595,0,1791193426600.078,75.286,5.364,1791193426680.918,Normal,0.8081
vm2,147742,20261005-094315_clu_vm24_rate20_lat1node_r3,300,perf_20261005-094315_clu_vm24_rate20_lat1node_r3,2,67,1791193426745,0,1791193426750.681,77.612,5.032,1791193426833.521,Normal,0.9475
vm2,147742,20261005-094315_clu_vm24_rate20_lat1node_r3,303,perf_20261005-094315_clu_vm24_rate20_lat1node_r3,2,68,1791193426895,0,1791193426900.498,91.275,5.008,1791193426996.979,Normal,0.9381
vm2,147742,20261005-094315_clu_vm24_rate20_lat1node_r3,311,perf_20261005-094315_clu_vm24_rate20_lat1node_r3,2,69,1791193427295,0,1791193427300.873,91.818,6.19,1791193427399.082,Normal,0.8292
vm2,147742,20261005-094315_clu_vm24_rate20_lat1node_r3,313,perf_20261005-094315_clu_vm24_rate20_lat1node_r3,2,70,1791193427395,0,1791193427401.916,82.273,6.185,1791193427490.554,Normal,0.8096
vm2,147742,20261005-094315_clu_vm24_rate20_lat1node_r3,316,perf_20261005-094315_clu_vm24_rate20_lat1node_r3,2,71,1791193427545,0,1791193427550.537,122.479,4.925,1791193427678.214,Normal,0.9072
vm2,147742,20261005-094315_clu_vm24_rate20_lat1node_r3,318,perf_20261005-094315_clu_vm24_rate20_lat1node_r3,2,72,1791193427645,0,1791193427680.81,88.921,5.707,1791193427775.65,Normal,0.9281
vm2,147742,20261005-094315_clu_vm24_rate20_lat1node_r3,321,perf_20261005-094315_clu_vm24_rate20_lat1node_r3,2,73,1791193427795,0,1791193427799.698,72.565,5.088,1791193427877.572,Normal,0.9384
vm2,147742,20261005-094315_clu_vm24_rate20_lat1node_r3,332,perf_20261005-094315_clu_vm24_rate20_lat1node_r3,2,74,1791193428345,0,1791193428351.618,127.33,5.643,1791193428484.783,Normal,0.9379
vm2,147742,20261005-094315_clu_vm24_rate20_lat1node_r3,335,perf_20261005-094315_clu_vm24_rate20_lat1node_r3,2,75,1791193428495,0,1791193428500.508,70.558,4.674,1791193428575.915,Normal,0.9633
vm2,147742,20261005-094315_clu_vm24_rate20_lat1node_r3,336,perf_20261005-094315_clu_vm24_rate20_lat1node_r3,2,76,1791193428545,0,1791193428578.361,51.157,5.398,1791193428635.09,Normal,0.936
vm2,147742,20261005-094315_clu_vm24_rate20_lat1node_r3,337,perf_20261005-094315_clu_vm24_rate20_lat1node_r3,2,77,1791193428595,0,1791193428637.506,67.571,5.425,1791193428710.76,Normal,0.9677
vm2,147742,20261005-094315_clu_vm24_rate20_lat1node_r3,343,perf_20261005-094315_clu_vm24_rate20_lat1node_r3,2,78,1791193428895,0,1791193428901.783,71.023,5.756,1791193428978.755,Normal,0.9102
vm2,147742,20261005-094315_clu_vm24_rate20_lat1node_r3,345,perf_20261005-094315_clu_vm24_rate20_lat1node_r3,2,79,1791193428995,0,1791193428999.999,80.291,6.059,1791193429086.553,Normal,0.9451
vm2,147742,20261005-094315_clu_vm24_rate20_lat1node_r3,347,perf_20261005-094315_clu_vm24_rate20_lat1node_r3,2,80,1791193429095,0,1791193429100.397,65.596,4.949,1791193429171.118,Normal,0.4981
vm2,147742,20261005-094315_clu_vm24_rate20_lat1node_r3,352,perf_20261005-094315_clu_vm24_rate20_lat1node_r3,2,81,1791193429345,0,1791193429350.153,77.037,5.008,1791193429432.373,Normal,0.9434
vm2,147742,20261005-094315_clu_vm24_rate20_lat1node_r3,355,perf_20261005-094315_clu_vm24_rate20_lat1node_r3,2,82,1791193429495,0,1791193429500.201,64.602,5.47,1791193429570.46,Normal,0.9533
vm2,147742,20261005-094315_clu_vm24_rate20_lat1node_r3,357,perf_20261005-094315_clu_vm24_rate20_lat1node_r3,2,83,1791193429595,0,1791193429600.536,113.941,5.465,1791193429720.133,Normal,0.9697
vm2,147742,20261005-094315_clu_vm24_rate20_lat1node_r3,359,perf_20261005-094315_clu_vm24_rate20_lat1node_r3,2,84,1791193429695,0,1791193429723.041,141.328,5.279,1791193429869.824,Normal,0.9315
vm2,147742,20261005-094315_clu_vm24_rate20_lat1node_r3,361,perf_20261005-094315_clu_vm24_rate20_lat1node_r3,2,85,1791193429795,0,1791193429872.698,51.304,4.949,1791193429929.121,Normal,0.955
vm2,147742,20261005-094315_clu_vm24_rate20_lat1node_r3,362,perf_20261005-094315_clu_vm24_rate20_lat1node_r3,2,86,1791193429845,0,1791193429929.347,55.99,4.801,1791193429990.348,Normal,0.8661
vm2,147742,20261005-094315_clu_vm24_rate20_lat1node_r3,369,perf_20261005-094315_clu_vm24_rate20_lat1node_r3,2,87,1791193430195,0,1791193430201.17,80.914,6.323,1791193430288.608,Normal,0.931
vm2,147742,20261005-094315_clu_vm24_rate20_lat1node_r3,380,perf_20261005-094315_clu_vm24_rate20_lat1node_r3,2,88,1791193430745,0,1791193430750.447,79.785,4.887,1791193430835.306,Normal,0.9475
vm2,147742,20261005-094315_clu_vm24_rate20_lat1node_r3,381,perf_20261005-094315_clu_vm24_rate20_lat1node_r3,2,89,1791193430795,0,1791193430837.94,72.07,5.058,1791193430915.251,Normal,0.9162
vm2,147742,20261005-094315_clu_vm24_rate20_lat1node_r3,383,perf_20261005-094315_clu_vm24_rate20_lat1node_r3,2,90,1791193430895,0,1791193430917.96,92.338,4.711,1791193431015.193,Normal,0.9746
vm2,147742,20261005-094315_clu_vm24_rate20_lat1node_r3,386,perf_20261005-094315_clu_vm24_rate20_lat1node_r3,2,91,1791193431045,0,1791193431050.12,77.542,4.682,1791193431132.539,Normal,0.9673
vm2,147742,20261005-094315_clu_vm24_rate20_lat1node_r3,387,perf_20261005-094315_clu_vm24_rate20_lat1node_r3,2,92,1791193431095,0,1791193431135.292,66.508,5.239,1791193431207.229,Normal,0.9608
vm2,147742,20261005-094315_clu_vm24_rate20_lat1node_r3,389,perf_20261005-094315_clu_vm24_rate20_lat1node_r3,2,93,1791193431195,0,1791193431210.046,65.838,4.719,1791193431280.79,Normal,0.958
vm2,147742,20261005-094315_clu_vm24_rate20_lat1node_r3,390,perf_20261005-094315_clu_vm24_rate20_lat1node_r3,2,94,1791193431245,0,1791193431283.677,87.209,4.879,1791193431375.955,Normal,0.847
vm2,147742,20261005-094315_clu_vm24_rate20_lat1node_r3,394,perf_20261005-094315_clu_vm24_rate20_lat1node_r3,2,95,1791193431445,0,1791193431450.278,84.573,5.018,1791193431540.063,Normal,0.8427
vm2,147742,20261005-094315_clu_vm24_rate20_lat1node_r3,397,perf_20261005-094315_clu_vm24_rate20_lat1node_r3,2,96,1791193431595,0,1791193431600.346,106.549,5.337,1791193431712.432,Normal,0.9649
vm2,147742,20261005-094315_clu_vm24_rate20_lat1node_r3,402,perf_20261005-094315_clu_vm24_rate20_lat1node_r3,2,97,1791193431845,0,1791193431850.904,164.223,5.111,1791193432020.44,Normal,0.9746
vm2,147742,20261005-094315_clu_vm24_rate20_lat1node_r3,409,perf_20261005-094315_clu_vm24_rate20_lat1node_r3,2,98,1791193432195,0,1791193432200.307,162.294,4.948,1791193432367.748,Normal,0.9773
vm2,147742,20261005-094315_clu_vm24_rate20_lat1node_r3,410,perf_20261005-094315_clu_vm24_rate20_lat1node_r3,2,99,1791193432245,0,1791193432370.74,85.38,5.239,1791193432461.553,Normal,0.9553
vm2,147742,20261005-094315_clu_vm24_rate20_lat1node_r3,415,perf_20261005-094315_clu_vm24_rate20_lat1node_r3,2,100,1791193432495,0,1791193432528.271,92.849,7.367,1791193432628.768,Normal,0.7213
vm2,147742,20261005-094315_clu_vm24_rate20_lat1node_r3,423,perf_20261005-094315_clu_vm24_rate20_lat1node_r3,2,101,1791193432895,0,1791193432900.36,80.163,5.241,1791193432985.983,Normal,0.9592
vm2,147742,20261005-094315_clu_vm24_rate20_lat1node_r3,428,perf_20261005-094315_clu_vm24_rate20_lat1node_r3,2,102,1791193433145,0,1791193433150.135,81.008,5.653,1791193433236.99,Normal,0.9375
vm2,147742,20261005-094315_clu_vm24_rate20_lat1node_r3,446,perf_20261005-094315_clu_vm24_rate20_lat1node_r3,2,103,1791193434045,0,1791193434050.45,116.117,4.605,1791193434171.379,Normal,0.9723
vm2,147742,20261005-094315_clu_vm24_rate20_lat1node_r3,448,perf_20261005-094315_clu_vm24_rate20_lat1node_r3,2,104,1791193434145,0,1791193434174.196,74.07,6.13,1791193434254.587,Normal,0.9417
vm2,147742,20261005-094315_clu_vm24_rate20_lat1node_r3,450,perf_20261005-094315_clu_vm24_rate20_lat1node_r3,2,105,1791193434245,0,1791193434257.474,81.77,5.024,1791193434344.456,Normal,0.9547
vm2,147742,20261005-094315_clu_vm24_rate20_lat1node_r3,458,perf_20261005-094315_clu_vm24_rate20_lat1node_r3,2,106,1791193434645,0,1791193434650.743,110.995,5.336,1791193434767.269,Normal,0.9563
vm2,147742,20261005-094315_clu_vm24_rate20_lat1node_r3,459,perf_20261005-094315_clu_vm24_rate20_lat1node_r3,2,107,1791193434695,0,1791193434770.119,98.755,5.104,1791193434874.17,Normal,0.9543
vm2,147742,20261005-094315_clu_vm24_rate20_lat1node_r3,460,perf_20261005-094315_clu_vm24_rate20_lat1node_r3,2,108,1791193434745,0,1791193434874.423,81.8,5.459,1791193434961.862,Normal,0.9753
vm2,147742,20261005-094315_clu_vm24_rate20_lat1node_r3,465,perf_20261005-094315_clu_vm24_rate20_lat1node_r3,2,109,1791193434995,0,1791193435000.086,80.44,4.887,1791193435085.612,Normal,0.931
vm2,147742,20261005-094315_clu_vm24_rate20_lat1node_r3,466,perf_20261005-094315_clu_vm24_rate20_lat1node_r3,2,110,1791193435045,0,1791193435088.116,77.085,5.082,1791193435170.561,Normal,0.9689
vm2,147742,20261005-094315_clu_vm24_rate20_lat1node_r3,471,perf_20261005-094315_clu_vm24_rate20_lat1node_r3,2,111,1791193435295,0,1791193435300.209,92.837,4.999,1791193435398.329,Normal,0.8189
vm2,147742,20261005-094315_clu_vm24_rate20_lat1node_r3,474,perf_20261005-094315_clu_vm24_rate20_lat1node_r3,2,112,1791193435445,0,1791193435450.035,81.791,6.813,1791193435538.884,Normal,0.9303
vm2,147742,20261005-094315_clu_vm24_rate20_lat1node_r3,476,perf_20261005-094315_clu_vm24_rate20_lat1node_r3,2,113,1791193435546,0,1791193435550.88,76.252,4.592,1791193435631.911,Normal,0.9239
vm2,147742,20261005-094315_clu_vm24_rate20_lat1node_r3,482,perf_20261005-094315_clu_vm24_rate20_lat1node_r3,2,114,1791193435845,0,1791193435850.369,122.169,5.352,1791193435978.085,Normal,0.9319
vm2,147742,20261005-094315_clu_vm24_rate20_lat1node_r3,490,perf_20261005-094315_clu_vm24_rate20_lat1node_r3,2,115,1791193436245,0,1791193436250.939,95.263,6.25,1791193436352.648,Normal,0.8313
vm2,147742,20261005-094315_clu_vm24_rate20_lat1node_r3,499,perf_20261005-094315_clu_vm24_rate20_lat1node_r3,2,116,1791193436695,0,1791193436700.902,106.561,5.523,1791193436813.18,Normal,0.9378
vm2,147742,20261005-094315_clu_vm24_rate20_lat1node_r3,504,perf_20261005-094315_clu_vm24_rate20_lat1node_r3,2,117,1791193436945,0,1791193436950.119,87.012,5.165,1791193437042.574,Normal,0.4319
vm2,147742,20261005-094315_clu_vm24_rate20_lat1node_r3,511,perf_20261005-094315_clu_vm24_rate20_lat1node_r3,2,118,1791193437295,0,1791193437301.828,80.145,5.758,1791193437387.928,Normal,0.9509
vm2,147742,20261005-094315_clu_vm24_rate20_lat1node_r3,519,perf_20261005-094315_clu_vm24_rate20_lat1node_r3,2,119,1791193437695,0,1791193437700.515,81.626,4.574,1791193437786.911,Normal,0.9589
vm2,147742,20261005-094315_clu_vm24_rate20_lat1node_r3,528,perf_20261005-094315_clu_vm24_rate20_lat1node_r3,2,120,1791193438145,0,1791193438151.057,83.431,5.118,1791193438239.816,Normal,0.9375
vm2,147742,20261005-094315_clu_vm24_rate20_lat1node_r3,532,perf_20261005-094315_clu_vm24_rate20_lat1node_r3,2,121,1791193438345,0,1791193438350.412,115.563,5.163,1791193438471.337,Normal,0.9772
vm2,147742,20261005-094315_clu_vm24_rate20_lat1node_r3,533,perf_20261005-094315_clu_vm24_rate20_lat1node_r3,2,122,1791193438395,0,1791193438474.675,84.103,4.562,1791193438563.53,Normal,0.9612
vm2,147742,20261005-094315_clu_vm24_rate20_lat1node_r3,537,perf_20261005-094315_clu_vm24_rate20_lat1node_r3,2,123,1791193438595,0,1791193438599.682,116.652,6.114,1791193438722.642,Normal,0.9659
vm2,147742,20261005-094315_clu_vm24_rate20_lat1node_r3,539,perf_20261005-094315_clu_vm24_rate20_lat1node_r3,2,124,1791193438695,0,1791193438725.138,83.274,5.37,1791193438813.967,Normal,0.9345
vm2,147742,20261005-094315_clu_vm24_rate20_lat1node_r3,547,perf_20261005-094315_clu_vm24_rate20_lat1node_r3,2,125,1791193439095,0,1791193439100.604,78.186,5.312,1791193439184.282,Normal,0.9733
vm2,147742,20261005-094315_clu_vm24_rate20_lat1node_r3,548,perf_20261005-094315_clu_vm24_rate20_lat1node_r3,2,126,1791193439145,0,1791193439187.254,64.711,5.689,1791193439257.828,Normal,0.8177
vm2,147742,20261005-094315_clu_vm24_rate20_lat1node_r3,560,perf_20261005-094315_clu_vm24_rate20_lat1node_r3,2,127,1791193439745,0,1791193439750.565,116.063,5.021,1791193439871.829,Normal,0.9751
vm2,147742,20261005-094315_clu_vm24_rate20_lat1node_r3,562,perf_20261005-094315_clu_vm24_rate20_lat1node_r3,2,128,1791193439845,0,1791193439874.561,62.629,5.338,1791193439942.755,Normal,0.9601
vm2,147742,20261005-094315_clu_vm24_rate20_lat1node_r3,564,perf_20261005-094315_clu_vm24_rate20_lat1node_r3,2,129,1791193439945,0,1791193439949.366,103.956,4.82,1791193440058.316,Normal,0.9762
vm2,147742,20261005-094315_clu_vm24_rate20_lat1node_r3,565,perf_20261005-094315_clu_vm24_rate20_lat1node_r3,2,130,1791193439995,0,1791193440060.826,79.273,4.864,1791193440145.135,Normal,0.8109
vm2,147742,20261005-094315_clu_vm24_rate20_lat1node_r3,567,perf_20261005-094315_clu_vm24_rate20_lat1node_r3,2,131,1791193440095,0,1791193440147.855,56.209,5.42,1791193440209.651,Normal,0.9597
vm2,147742,20261005-094315_clu_vm24_rate20_lat1node_r3,568,perf_20261005-094315_clu_vm24_rate20_lat1node_r3,2,132,1791193440145,0,1791193440212.487,175.5,15.191,1791193440403.378,Normal,0.9723
vm2,147742,20261005-094315_clu_vm24_rate20_lat1node_r3,569,perf_20261005-094315_clu_vm24_rate20_lat1node_r3,2,133,1791193440195,0,1791193440403.596,77.11,5.097,1791193440485.972,Normal,0.8974
vm2,147742,20261005-094315_clu_vm24_rate20_lat1node_r3,579,perf_20261005-094315_clu_vm24_rate20_lat1node_r3,2,134,1791193440695,0,1791193440700.943,71.599,4.7,1791193440777.413,Normal,0.8954
vm2,147742,20261005-094315_clu_vm24_rate20_lat1node_r3,580,perf_20261005-094315_clu_vm24_rate20_lat1node_r3,2,135,1791193440745,0,1791193440780.059,57.601,4.916,1791193440842.745,Normal,0.9483
vm2,147742,20261005-094315_clu_vm24_rate20_lat1node_r3,587,perf_20261005-094315_clu_vm24_rate20_lat1node_r3,2,136,1791193441095,0,1791193441101.027,77.718,5.631,1791193441184.555,Normal,0.918
vm2,147742,20261005-094315_clu_vm24_rate20_lat1node_r3,589,perf_20261005-094315_clu_vm24_rate20_lat1node_r3,2,137,1791193441195,0,1791193441199.642,56.901,5.172,1791193441261.888,Normal,0.9309
vm2,147742,20261005-094315_clu_vm24_rate20_lat1node_r3,614,perf_20261005-094315_clu_vm24_rate20_lat1node_r3,2,138,1791193442445,0,1791193442451.035,72.134,5.515,1791193442528.866,Normal,0.9457
vm2,147742,20261005-094315_clu_vm24_rate20_lat1node_r3,620,perf_20261005-094315_clu_vm24_rate20_lat1node_r3,2,139,1791193442745,0,1791193442751.468,81.576,5.124,1791193442838.491,Normal,0.9613
vm2,147742,20261005-094315_clu_vm24_rate20_lat1node_r3,621,perf_20261005-094315_clu_vm24_rate20_lat1node_r3,2,140,1791193442795,0,1791193442840.99,54.773,4.744,1791193442900.686,Normal,0.8992
vm2,147742,20261005-094315_clu_vm24_rate20_lat1node_r3,623,perf_20261005-094315_clu_vm24_rate20_lat1node_r3,2,141,1791193442895,0,1791193442903.203,54.314,5.283,1791193442962.972,Normal,0.9309
vm2,147742,20261005-094315_clu_vm24_rate20_lat1node_r3,629,perf_20261005-094315_clu_vm24_rate20_lat1node_r3,2,142,1791193443195,0,1791193443201.16,90.853,5.573,1791193443297.783,Normal,0.6746
vm2,147742,20261005-094315_clu_vm24_rate20_lat1node_r3,630,perf_20261005-094315_clu_vm24_rate20_lat1node_r3,2,143,1791193443245,0,1791193443300.803,80.336,5.559,1791193443386.99,Normal,0.6003
vm2,147742,20261005-094315_clu_vm24_rate20_lat1node_r3,634,perf_20261005-094315_clu_vm24_rate20_lat1node_r3,2,144,1791193443445,0,1791193443450.449,95.746,5.47,1791193443551.855,Normal,0.9415
vm2,147742,20261005-094315_clu_vm24_rate20_lat1node_r3,636,perf_20261005-094315_clu_vm24_rate20_lat1node_r3,2,145,1791193443545,0,1791193443554.677,81.388,5.092,1791193443641.344,Normal,0.8753
vm2,147742,20261005-094315_clu_vm24_rate20_lat1node_r3,638,perf_20261005-094315_clu_vm24_rate20_lat1node_r3,2,146,1791193443645,0,1791193443649.17,141.61,5.002,1791193443795.975,Normal,0.932
vm2,147742,20261005-094315_clu_vm24_rate20_lat1node_r3,643,perf_20261005-094315_clu_vm24_rate20_lat1node_r3,2,147,1791193443895,0,1791193443900.29,94.984,4.282,1791193443999.751,Normal,0.858
vm2,147742,20261005-094315_clu_vm24_rate20_lat1node_r3,647,perf_20261005-094315_clu_vm24_rate20_lat1node_r3,2,148,1791193444095,0,1791193444100.216,126.434,5.533,1791193444232.377,Normal,0.9262
vm2,147742,20261005-094315_clu_vm24_rate20_lat1node_r3,648,perf_20261005-094315_clu_vm24_rate20_lat1node_r3,2,149,1791193444145,0,1791193444235.425,81.973,5.087,1791193444322.665,Normal,0.9608
vm2,147742,20261005-094315_clu_vm24_rate20_lat1node_r3,650,perf_20261005-094315_clu_vm24_rate20_lat1node_r3,2,150,1791193444245,0,1791193444325.329,103.406,4.957,1791193444433.884,Normal,0.9434
vm2,147742,20261005-094315_clu_vm24_rate20_lat1node_r3,652,perf_20261005-094315_clu_vm24_rate20_lat1node_r3,2,151,1791193444345,0,1791193444436.725,82.625,4.493,1791193444524.029,Normal,0.936
vm2,147742,20261005-094315_clu_vm24_rate20_lat1node_r3,655,perf_20261005-094315_clu_vm24_rate20_lat1node_r3,2,152,1791193444495,0,1791193444526.661,67.575,7.398,1791193444601.825,Normal,0.8426
vm2,147742,20261005-094315_clu_vm24_rate20_lat1node_r3,657,perf_20261005-094315_clu_vm24_rate20_lat1node_r3,2,153,1791193444597,0,1791193444605.047,89.108,6.046,1791193444700.398,OFFENSIVE,0.926
vm2,147742,20261005-094315_clu_vm24_rate20_lat1node_r3,658,perf_20261005-094315_clu_vm24_rate20_lat1node_r3,2,154,1791193444645,0,1791193444703.697,73.221,5.292,1791193444782.402,Normal,0.9375
vm2,147742,20261005-094315_clu_vm24_rate20_lat1node_r3,659,perf_20261005-094315_clu_vm24_rate20_lat1node_r3,2,155,1791193444695,0,1791193444782.643,82.061,4.9,1791193444869.795,Normal,0.9521
vm2,147742,20261005-094315_clu_vm24_rate20_lat1node_r3,661,perf_20261005-094315_clu_vm24_rate20_lat1node_r3,2,156,1791193444795,0,1791193444872.375,71.957,5.538,1791193444950.055,Normal,0.9544
vm2,147742,20261005-094315_clu_vm24_rate20_lat1node_r3,666,perf_20261005-094315_clu_vm24_rate20_lat1node_r3,2,157,1791193445045,0,1791193445050.411,85.226,4.573,1791193445140.41,Normal,0.9423
vm2,147742,20261005-094315_clu_vm24_rate20_lat1node_r3,674,perf_20261005-094315_clu_vm24_rate20_lat1node_r3,2,158,1791193445445,0,1791193445450.363,118.662,4.838,1791193445574.146,Normal,0.965
vm2,147742,20261005-094315_clu_vm24_rate20_lat1node_r3,680,perf_20261005-094315_clu_vm24_rate20_lat1node_r3,2,159,1791193445745,0,1791193445750.51,81.319,5.328,1791193445837.351,Normal,0.9423
vm2,147742,20261005-094315_clu_vm24_rate20_lat1node_r3,682,perf_20261005-094315_clu_vm24_rate20_lat1node_r3,2,160,1791193445845,0,1791193445849.163,74.172,5.127,1791193445928.652,Normal,0.8661
vm2,147742,20261005-094315_clu_vm24_rate20_lat1node_r3,687,perf_20261005-094315_clu_vm24_rate20_lat1node_r3,2,161,1791193446095,0,1791193446100.502,59.432,4.803,1791193446164.915,Normal,0.8661
vm2,147742,20261005-094315_clu_vm24_rate20_lat1node_r3,695,perf_20261005-094315_clu_vm24_rate20_lat1node_r3,2,162,1791193446495,0,1791193446501.318,63.204,5.755,1791193446570.459,Normal,0.9465
vm2,147742,20261005-094315_clu_vm24_rate20_lat1node_r3,697,perf_20261005-094315_clu_vm24_rate20_lat1node_r3,2,163,1791193446595,0,1791193446600.404,83.478,11.758,1791193446695.832,Normal,0.9333
vm2,147742,20261005-094315_clu_vm24_rate20_lat1node_r3,701,perf_20261005-094315_clu_vm24_rate20_lat1node_r3,2,164,1791193446795,0,1791193446800.518,75.93,4.347,1791193446880.972,Normal,0.9504
vm2,147742,20261005-094315_clu_vm24_rate20_lat1node_r3,703,perf_20261005-094315_clu_vm24_rate20_lat1node_r3,2,165,1791193446895,0,1791193446899.804,56.884,5.226,1791193446962.09,Normal,0.9475
vm2,147742,20261005-094315_clu_vm24_rate20_lat1node_r3,709,perf_20261005-094315_clu_vm24_rate20_lat1node_r3,2,166,1791193447195,0,1791193447201.446,71.813,5.192,1791193447278.629,Normal,0.9246
vm2,147742,20261005-094315_clu_vm24_rate20_lat1node_r3,714,perf_20261005-094315_clu_vm24_rate20_lat1node_r3,2,167,1791193447445,0,1791193447449.775,159.763,5.239,1791193447614.98,Normal,0.9766
vm2,147742,20261005-094315_clu_vm24_rate20_lat1node_r3,717,perf_20261005-094315_clu_vm24_rate20_lat1node_r3,2,168,1791193447595,0,1791193447617.815,94.139,5.768,1791193447717.9,Normal,0.9559
vm2,147742,20261005-094315_clu_vm24_rate20_lat1node_r3,719,perf_20261005-094315_clu_vm24_rate20_lat1node_r3,2,169,1791193447695,0,1791193447720.395,53.86,4.98,1791193447779.414,Normal,0.9364
vm2,147742,20261005-094315_clu_vm24_rate20_lat1node_r3,721,perf_20261005-094315_clu_vm24_rate20_lat1node_r3,2,170,1791193447795,0,1791193447799.867,60.559,5.902,1791193447866.535,Normal,0.9224
vm2,147742,20261005-094315_clu_vm24_rate20_lat1node_r3,724,perf_20261005-094315_clu_vm24_rate20_lat1node_r3,2,171,1791193447945,0,1791193447950.692,191.208,5.196,1791193448147.278,Normal,0.9772
vm2,147742,20261005-094315_clu_vm24_rate20_lat1node_r3,725,perf_20261005-094315_clu_vm24_rate20_lat1node_r3,2,172,1791193447995,0,1791193448149.729,62.96,5.347,1791193448218.213,Normal,0.9369
vm2,147742,20261005-094315_clu_vm24_rate20_lat1node_r3,733,perf_20261005-094315_clu_vm24_rate20_lat1node_r3,2,173,1791193448395,0,1791193448400.445,63.553,4.63,1791193448468.811,Normal,0.9375
vm2,147742,20261005-094315_clu_vm24_rate20_lat1node_r3,734,perf_20261005-094315_clu_vm24_rate20_lat1node_r3,2,174,1791193448445,0,1791193448471.176,92.203,5.6,1791193448569.173,Normal,0.9378
vm2,147742,20261005-094315_clu_vm24_rate20_lat1node_r3,747,perf_20261005-094315_clu_vm24_rate20_lat1node_r3,2,175,1791193449095,0,1791193449100.492,131.286,5.576,1791193449237.544,Normal,0.9704
vm2,147742,20261005-094315_clu_vm24_rate20_lat1node_r3,756,perf_20261005-094315_clu_vm24_rate20_lat1node_r3,2,176,1791193449545,0,1791193449550.823,57.8,5.122,1791193449613.972,Normal,0.9048
vm2,147742,20261005-094315_clu_vm24_rate20_lat1node_r3,760,perf_20261005-094315_clu_vm24_rate20_lat1node_r3,2,177,1791193449745,0,1791193449751.057,76.024,7.997,1791193449835.195,Normal,0.942
vm2,147742,20261005-094315_clu_vm24_rate20_lat1node_r3,762,perf_20261005-094315_clu_vm24_rate20_lat1node_r3,2,178,1791193449846,0,1791193449851.07,56.093,5.634,1791193449912.973,Normal,0.9375
vm2,147742,20261005-094315_clu_vm24_rate20_lat1node_r3,764,perf_20261005-094315_clu_vm24_rate20_lat1node_r3,2,179,1791193449945,0,1791193449950.578,77.203,5.34,1791193450033.296,Normal,0.9611
vm2,147742,20261005-094315_clu_vm24_rate20_lat1node_r3,773,perf_20261005-094315_clu_vm24_rate20_lat1node_r3,2,180,1791193450395,0,1791193450400.075,59.364,5.181,1791193450464.824,Normal,0.9375
vm2,147742,20261005-094315_clu_vm24_rate20_lat1node_r3,778,perf_20261005-094315_clu_vm24_rate20_lat1node_r3,2,181,1791193450645,0,1791193450651.268,73.003,6.004,1791193450730.494,Normal,0.9591
vm2,147742,20261005-094315_clu_vm24_rate20_lat1node_r3,782,perf_20261005-094315_clu_vm24_rate20_lat1node_r3,2,182,1791193450846,0,1791193450856.332,79.386,5.094,1791193450940.994,Normal,0.9525
vm2,147742,20261005-094315_clu_vm24_rate20_lat1node_r3,790,perf_20261005-094315_clu_vm24_rate20_lat1node_r3,2,183,1791193451245,0,1791193451252.061,99.726,5.211,1791193451357.188,Normal,0.9464
vm2,147742,20261005-094315_clu_vm24_rate20_lat1node_r3,794,perf_20261005-094315_clu_vm24_rate20_lat1node_r3,2,184,1791193451445,0,1791193451451.774,112.347,5.787,1791193451570.098,Normal,0.9711
vm2,147742,20261005-094315_clu_vm24_rate20_lat1node_r3,797,perf_20261005-094315_clu_vm24_rate20_lat1node_r3,2,185,1791193451595,0,1791193451600.951,63.359,5.354,1791193451669.847,Normal,0.9192
vm2,147742,20261005-094315_clu_vm24_rate20_lat1node_r3,803,perf_20261005-094315_clu_vm24_rate20_lat1node_r3,2,186,1791193451895,0,1791193451900.372,104.248,5.291,1791193452010.093,Normal,0.9485
vm2,147742,20261005-094315_clu_vm24_rate20_lat1node_r3,807,perf_20261005-094315_clu_vm24_rate20_lat1node_r3,2,187,1791193452095,0,1791193452100.753,98.708,6.325,1791193452205.988,Normal,0.9427
vm2,147742,20261005-094315_clu_vm24_rate20_lat1node_r3,812,perf_20261005-094315_clu_vm24_rate20_lat1node_r3,2,188,1791193452345,0,1791193452350.709,128.388,5.388,1791193452484.674,Normal,0.94
vm2,147742,20261005-094315_clu_vm24_rate20_lat1node_r3,813,perf_20261005-094315_clu_vm24_rate20_lat1node_r3,2,189,1791193452395,0,1791193452487.771,103.159,5.699,1791193452596.806,Normal,0.7331
vm2,147742,20261005-094315_clu_vm24_rate20_lat1node_r3,823,perf_20261005-094315_clu_vm24_rate20_lat1node_r3,2,190,1791193452895,0,1791193452900.124,58.842,4.973,1791193452964.14,Normal,0.9475
vm2,147742,20261005-094315_clu_vm24_rate20_lat1node_r3,829,perf_20261005-094315_clu_vm24_rate20_lat1node_r3,2,191,1791193453195,0,1791193453200.948,61.541,5.45,1791193453268.12,Normal,0.9556
vm2,147742,20261005-094315_clu_vm24_rate20_lat1node_r3,830,perf_20261005-094315_clu_vm24_rate20_lat1node_r3,2,192,1791193453245,0,1791193453270.818,58.488,5.982,1791193453335.464,Normal,0.9513
vm2,147742,20261005-094315_clu_vm24_rate20_lat1node_r3,832,perf_20261005-094315_clu_vm24_rate20_lat1node_r3,2,193,1791193453345,0,1791193453350.51,75.531,5.475,1791193453431.694,Normal,0.8724
vm2,147742,20261005-094315_clu_vm24_rate20_lat1node_r3,833,perf_20261005-094315_clu_vm24_rate20_lat1node_r3,2,194,1791193453395,0,1791193453434.777,75.087,5.382,1791193453515.423,Normal,0.9718
vm2,147742,20261005-094315_clu_vm24_rate20_lat1node_r3,836,perf_20261005-094315_clu_vm24_rate20_lat1node_r3,2,195,1791193453545,0,1791193453549.991,65.236,5.145,1791193453620.554,Normal,0.9501
vm2,147742,20261005-094315_clu_vm24_rate20_lat1node_r3,839,perf_20261005-094315_clu_vm24_rate20_lat1node_r3,2,196,1791193453695,0,1791193453700.535,59.512,5.169,1791193453765.401,Normal,0.9119
vm2,147742,20261005-094315_clu_vm24_rate20_lat1node_r3,840,perf_20261005-094315_clu_vm24_rate20_lat1node_r3,2,197,1791193453745,0,1791193453768.026,95.081,5.599,1791193453868.886,Normal,0.9144
vm2,147742,20261005-094315_clu_vm24_rate20_lat1node_r3,841,perf_20261005-094315_clu_vm24_rate20_lat1node_r3,2,198,1791193453795,0,1791193453871.649,59.785,5.113,1791193453936.72,Normal,0.9643
vm2,147742,20261005-094315_clu_vm24_rate20_lat1node_r3,842,perf_20261005-094315_clu_vm24_rate20_lat1node_r3,2,199,1791193453845,0,1791193453937.021,67.667,5.067,1791193454009.912,Normal,0.9313
vm2,147742,20261005-094315_clu_vm24_rate20_lat1node_r3,845,perf_20261005-094315_clu_vm24_rate20_lat1node_r3,2,200,1791193453995,0,1791193454012.665,81.522,4.819,1791193454099.174,Normal,0.4952
vm2,147742,20261005-094315_clu_vm24_rate20_lat1node_r3,847,perf_20261005-094315_clu_vm24_rate20_lat1node_r3,2,201,1791193454095,0,1791193454101.608,52.87,5.183,1791193454159.826,Normal,0.8808
vm2,147742,20261005-094315_clu_vm24_rate20_lat1node_r3,848,perf_20261005-094315_clu_vm24_rate20_lat1node_r3,2,202,1791193454145,0,1791193454162.531,88.868,5.473,1791193454257.049,Normal,0.9009
vm2,147742,20261005-094315_clu_vm24_rate20_lat1node_r3,874,perf_20261005-094315_clu_vm24_rate20_lat1node_r3,2,203,1791193455445,0,1791193455450.74,120.442,5.016,1791193455576.383,Normal,0.9319
vm2,147742,20261005-094315_clu_vm24_rate20_lat1node_r3,880,perf_20261005-094315_clu_vm24_rate20_lat1node_r3,2,204,1791193455745,0,1791193455750.673,60.017,5.279,1791193455816.173,Normal,0.8412
vm2,147742,20261005-094315_clu_vm24_rate20_lat1node_r3,882,perf_20261005-094315_clu_vm24_rate20_lat1node_r3,2,205,1791193455845,0,1791193455850.529,87.008,5.509,1791193455943.23,Normal,0.946
vm2,147742,20261005-094315_clu_vm24_rate20_lat1node_r3,886,perf_20261005-094315_clu_vm24_rate20_lat1node_r3,2,206,1791193456045,0,1791193456050.55,83.984,4.501,1791193456139.213,Normal,0.9649
vm2,147742,20261005-094315_clu_vm24_rate20_lat1node_r3,894,perf_20261005-094315_clu_vm24_rate20_lat1node_r3,2,207,1791193456445,0,1791193456450.543,81.143,5.06,1791193456536.928,Normal,0.7975
vm2,147742,20261005-094315_clu_vm24_rate20_lat1node_r3,897,perf_20261005-094315_clu_vm24_rate20_lat1node_r3,2,208,1791193456595,0,1791193456600.26,52.334,4.864,1791193456657.64,Normal,0.939
vm2,147742,20261005-094315_clu_vm24_rate20_lat1node_r3,900,perf_20261005-094315_clu_vm24_rate20_lat1node_r3,2,209,1791193456745,0,1791193456751.035,104.68,5.157,1791193456861.072,Normal,0.9649
vm2,147742,20261005-094315_clu_vm24_rate20_lat1node_r3,910,perf_20261005-094315_clu_vm24_rate20_lat1node_r3,2,210,1791193457246,0,1791193457251.012,75.928,5.631,1791193457332.764,Normal,0.9224
vm2,147742,20261005-094315_clu_vm24_rate20_lat1node_r3,912,perf_20261005-094315_clu_vm24_rate20_lat1node_r3,2,211,1791193457345,0,1791193457350.616,95.178,6.005,1791193457451.989,Normal,0.9126
vm2,147742,20261005-094315_clu_vm24_rate20_lat1node_r3,913,perf_20261005-094315_clu_vm24_rate20_lat1node_r3,2,212,1791193457395,0,1791193457455.165,56.067,4.775,1791193457516.178,Normal,0.9618
vm2,147742,20261005-094315_clu_vm24_rate20_lat1node_r3,914,perf_20261005-094315_clu_vm24_rate20_lat1node_r3,2,213,1791193457445,0,1791193457516.38,55.902,5.022,1791193457577.516,Normal,0.9514
vm2,147742,20261005-094315_clu_vm24_rate20_lat1node_r3,916,perf_20261005-094315_clu_vm24_rate20_lat1node_r3,2,214,1791193457545,0,1791193457580.218,95.422,4.99,1791193457680.796,Normal,0.9117
vm2,147742,20261005-094315_clu_vm24_rate20_lat1node_r3,921,perf_20261005-094315_clu_vm24_rate20_lat1node_r3,2,215,1791193457795,0,1791193457800.928,124.661,5.08,1791193457930.85,Normal,0.9747
vm2,147742,20261005-094315_clu_vm24_rate20_lat1node_r3,923,perf_20261005-094315_clu_vm24_rate20_lat1node_r3,2,216,1791193457895,0,1791193457933.402,114.414,5.005,1791193458052.997,Normal,0.9544
vm2,147742,20261005-094315_clu_vm24_rate20_lat1node_r3,924,perf_20261005-094315_clu_vm24_rate20_lat1node_r3,2,217,1791193457945,0,1791193458055.469,97.1,5.212,1791193458157.957,Normal,0.9706
vm2,147742,20261005-094315_clu_vm24_rate20_lat1node_r3,927,perf_20261005-094315_clu_vm24_rate20_lat1node_r3,2,218,1791193458095,0,1791193458160.262,71.397,6.021,1791193458237.854,Normal,0.974
vm2,147742,20261005-094315_clu_vm24_rate20_lat1node_r3,935,perf_20261005-094315_clu_vm24_rate20_lat1node_r3,2,219,1791193458495,0,1791193458501.381,61.437,5.001,1791193458568.004,Normal,0.9494
vm2,147742,20261005-094315_clu_vm24_rate20_lat1node_r3,939,perf_20261005-094315_clu_vm24_rate20_lat1node_r3,2,220,1791193458695,0,1791193458700.631,57.579,4.89,1791193458763.29,Normal,0.9375
vm2,147742,20261005-094315_clu_vm24_rate20_lat1node_r3,946,perf_20261005-094315_clu_vm24_rate20_lat1node_r3,2,221,1791193459045,0,1791193459050.862,70.231,5.042,1791193459126.398,OFFENSIVE,0.7203
vm2,147742,20261005-094315_clu_vm24_rate20_lat1node_r3,947,perf_20261005-094315_clu_vm24_rate20_lat1node_r3,2,222,1791193459095,0,1791193459128.989,78.724,5.94,1791193459213.824,Normal,0.9314
vm2,147742,20261005-094315_clu_vm24_rate20_lat1node_r3,948,perf_20261005-094315_clu_vm24_rate20_lat1node_r3,2,223,1791193459147,0,1791193459216.261,66.242,5.039,1791193459287.713,Normal,0.9546
vm2,147742,20261005-094315_clu_vm24_rate20_lat1node_r3,950,perf_20261005-094315_clu_vm24_rate20_lat1node_r3,2,224,1791193459245,0,1791193459290.123,61.507,5.03,1791193459356.843,Normal,0.9541
vm2,147742,20261005-094315_clu_vm24_rate20_lat1node_r3,960,perf_20261005-094315_clu_vm24_rate20_lat1node_r3,2,225,1791193459745,0,1791193459750.991,57.409,4.607,1791193459813.19,Normal,0.8412
vm2,147742,20261005-094315_clu_vm24_rate20_lat1node_r3,965,perf_20261005-094315_clu_vm24_rate20_lat1node_r3,2,226,1791193459995,0,1791193460000.625,69.155,4.921,1791193460074.885,Normal,0.9563
vm2,147742,20261005-094315_clu_vm24_rate20_lat1node_r3,966,perf_20261005-094315_clu_vm24_rate20_lat1node_r3,2,227,1791193460045,0,1791193460077.312,105.299,5.417,1791193460188.235,Normal,0.971
vm2,147742,20261005-094315_clu_vm24_rate20_lat1node_r3,976,perf_20261005-094315_clu_vm24_rate20_lat1node_r3,2,228,1791193460546,0,1791193460551.436,69.654,5.088,1791193460626.403,Normal,0.9522
vm2,147742,20261005-094315_clu_vm24_rate20_lat1node_r3,978,perf_20261005-094315_clu_vm24_rate20_lat1node_r3,2,229,1791193460646,0,1791193460651.456,334.749,5.497,1791193460991.913,Normal,0.9685
vm2,147742,20261005-094315_clu_vm24_rate20_lat1node_r3,979,perf_20261005-094315_clu_vm24_rate20_lat1node_r3,2,230,1791193460695,0,1791193460995.436,68.733,5.038,1791193461069.397,Normal,0.9626
vm2,147742,20261005-094315_clu_vm24_rate20_lat1node_r3,981,perf_20261005-094315_clu_vm24_rate20_lat1node_r3,2,231,1791193460795,0,1791193461069.706,64.806,4.303,1791193461138.981,Normal,0.9492
vm2,147742,20261005-094315_clu_vm24_rate20_lat1node_r3,982,perf_20261005-094315_clu_vm24_rate20_lat1node_r3,2,232,1791193460845,0,1791193461139.153,109.447,4.283,1791193461253.071,Normal,0.9784
vm2,147742,20261005-094315_clu_vm24_rate20_lat1node_r3,986,perf_20261005-094315_clu_vm24_rate20_lat1node_r3,2,233,1791193461045,0,1791193461256.019,88.788,10.657,1791193461355.69,Normal,0.9361
vm2,147742,20261005-094315_clu_vm24_rate20_lat1node_r3,997,perf_20261005-094315_clu_vm24_rate20_lat1node_r3,2,234,1791193461595,0,1791193461600.937,65.83,4.985,1791193461671.935,Normal,0.9554
vm2,147742,20261005-094315_clu_vm24_rate20_lat1node_r3,998,perf_20261005-094315_clu_vm24_rate20_lat1node_r3,2,235,1791193461645,0,1791193461674.34,57.141,5.271,1791193461736.921,Normal,0.9192
vm2,147742,20261005-094315_clu_vm24_rate20_lat1node_r3,1000,perf_20261005-094315_clu_vm24_rate20_lat1node_r3,2,236,1791193461745,0,1791193461749.207,70.849,5.157,1791193461825.385,Normal,0.9164
vm2,147742,20261005-094315_clu_vm24_rate20_lat1node_r3,1010,perf_20261005-094315_clu_vm24_rate20_lat1node_r3,2,237,1791193462246,0,1791193462252.636,83.161,5.012,1791193462341.003,Normal,0.8504
vm2,147742,20261005-094315_clu_vm24_rate20_lat1node_r3,1013,perf_20261005-094315_clu_vm24_rate20_lat1node_r3,2,238,1791193462395,0,1791193462401.158,75.512,4.24,1791193462481.106,Normal,0.9531
vm2,147742,20261005-094315_clu_vm24_rate20_lat1node_r3,1018,perf_20261005-094315_clu_vm24_rate20_lat1node_r3,2,239,1791193462645,0,1791193462650.521,73.819,5.118,1791193462729.65,Normal,0.9345
vm2,147742,20261005-094315_clu_vm24_rate20_lat1node_r3,1019,perf_20261005-094315_clu_vm24_rate20_lat1node_r3,2,240,1791193462695,0,1791193462732.602,83.647,5.044,1791193462821.476,Normal,0.9352
vm2,147742,20261005-094315_clu_vm24_rate20_lat1node_r3,1022,perf_20261005-094315_clu_vm24_rate20_lat1node_r3,2,241,1791193462845,0,1791193462849.963,77.79,5.525,1791193462933.47,Normal,0.8738
vm2,147742,20261005-094315_clu_vm24_rate20_lat1node_r3,1028,perf_20261005-094315_clu_vm24_rate20_lat1node_r3,2,242,1791193463145,0,1791193463152.848,75.717,5.061,1791193463233.806,Normal,0.6456
vm2,147742,20261005-094315_clu_vm24_rate20_lat1node_r3,1029,perf_20261005-094315_clu_vm24_rate20_lat1node_r3,2,243,1791193463195,0,1791193463236.089,56.978,12.121,1791193463305.42,Normal,0.9266
vm2,147742,20261005-094315_clu_vm24_rate20_lat1node_r3,1030,perf_20261005-094315_clu_vm24_rate20_lat1node_r3,2,244,1791193463245,0,1791193463307.91,72.821,5.492,1791193463386.398,Normal,0.9665
vm2,147742,20261005-094315_clu_vm24_rate20_lat1node_r3,1032,perf_20261005-094315_clu_vm24_rate20_lat1node_r3,2,245,1791193463345,0,1791193463389.274,211.011,4.861,1791193463605.332,Normal,0.9601
vm2,147742,20261005-094315_clu_vm24_rate20_lat1node_r3,1034,perf_20261005-094315_clu_vm24_rate20_lat1node_r3,2,246,1791193463445,0,1791193463608.524,56.165,6.346,1791193463671.203,Normal,0.4554
vm2,147742,20261005-094315_clu_vm24_rate20_lat1node_r3,1037,perf_20261005-094315_clu_vm24_rate20_lat1node_r3,2,247,1791193463595,0,1791193463671.429,67.671,4.88,1791193463744.155,Normal,0.9658
vm2,147742,20261005-094315_clu_vm24_rate20_lat1node_r3,1041,perf_20261005-094315_clu_vm24_rate20_lat1node_r3,2,248,1791193463795,0,1791193463800.423,81.367,4.877,1791193463886.857,Normal,0.9584
vm2,147742,20261005-094315_clu_vm24_rate20_lat1node_r3,1048,perf_20261005-094315_clu_vm24_rate20_lat1node_r3,2,249,1791193464145,0,1791193464150.792,73.872,5.362,1791193464230.227,Normal,0.9627
vm2,147742,20261005-094315_clu_vm24_rate20_lat1node_r3,1057,perf_20261005-094315_clu_vm24_rate20_lat1node_r3,2,250,1791193464595,0,1791193464601.508,156.079,4.983,1791193464762.759,Normal,0.9466
vm2,147742,20261005-094315_clu_vm24_rate20_lat1node_r3,1060,perf_20261005-094315_clu_vm24_rate20_lat1node_r3,2,251,1791193464745,0,1791193464765.135,56.525,6.357,1791193464828.198,Normal,0.7933
vm2,147742,20261005-094315_clu_vm24_rate20_lat1node_r3,1065,perf_20261005-094315_clu_vm24_rate20_lat1node_r3,2,252,1791193464995,0,1791193465000.631,75.25,7.309,1791193465083.375,Normal,0.9084
vm2,147742,20261005-094315_clu_vm24_rate20_lat1node_r3,1067,perf_20261005-094315_clu_vm24_rate20_lat1node_r3,2,253,1791193465095,0,1791193465100.008,151.565,5.043,1791193465256.805,Normal,0.9724
vm2,147742,20261005-094315_clu_vm24_rate20_lat1node_r3,1068,perf_20261005-094315_clu_vm24_rate20_lat1node_r3,2,254,1791193465145,0,1791193465259.896,61.168,5.677,1791193465326.976,Normal,0.9592
vm2,147742,20261005-094315_clu_vm24_rate20_lat1node_r3,1070,perf_20261005-094315_clu_vm24_rate20_lat1node_r3,2,255,1791193465246,0,1791193465327.187,57.038,5.003,1791193465389.398,Normal,0.9728
vm2,147742,20261005-094315_clu_vm24_rate20_lat1node_r3,1071,perf_20261005-094315_clu_vm24_rate20_lat1node_r3,2,256,1791193465295,0,1791193465391.98,66.188,5.933,1791193465464.266,Normal,0.881
vm2,147742,20261005-094315_clu_vm24_rate20_lat1node_r3,1072,perf_20261005-094315_clu_vm24_rate20_lat1node_r3,2,257,1791193465345,0,1791193465464.477,70.15,5.174,1791193465539.978,Normal,0.6321
vm2,147742,20261005-094315_clu_vm24_rate20_lat1node_r3,1073,perf_20261005-094315_clu_vm24_rate20_lat1node_r3,2,258,1791193465396,0,1791193465542.966,54.031,5.048,1791193465602.224,Normal,0.9375
vm2,147742,20261005-094315_clu_vm24_rate20_lat1node_r3,1074,perf_20261005-094315_clu_vm24_rate20_lat1node_r3,2,259,1791193465445,0,1791193465602.467,79.368,5.021,1791193465686.995,OFFENSIVE,0.6502
vm2,147742,20261005-094315_clu_vm24_rate20_lat1node_r3,1081,perf_20261005-094315_clu_vm24_rate20_lat1node_r3,2,260,1791193465795,0,1791193465800.19,90.709,5.996,1791193465897.092,Normal,0.9409
vm2,147742,20261005-094315_clu_vm24_rate20_lat1node_r3,1083,perf_20261005-094315_clu_vm24_rate20_lat1node_r3,2,261,1791193465895,0,1791193465900.077,67.173,5.245,1791193465972.761,Normal,0.9575
vm2,147742,20261005-094315_clu_vm24_rate20_lat1node_r3,1088,perf_20261005-094315_clu_vm24_rate20_lat1node_r3,2,262,1791193466145,0,1791193466150.371,103.566,5.043,1791193466259.174,Normal,0.9424
vm2,147742,20261005-094315_clu_vm24_rate20_lat1node_r3,1097,perf_20261005-094315_clu_vm24_rate20_lat1node_r3,2,263,1791193466595,0,1791193466599.81,84.674,5.039,1791193466689.718,Normal,0.9654
vm2,147742,20261005-094315_clu_vm24_rate20_lat1node_r3,1099,perf_20261005-094315_clu_vm24_rate20_lat1node_r3,2,264,1791193466695,0,1791193466699.536,122.773,5.3,1791193466827.814,Normal,0.9351
vm2,147742,20261005-094315_clu_vm24_rate20_lat1node_r3,1105,perf_20261005-094315_clu_vm24_rate20_lat1node_r3,2,265,1791193466995,0,1791193467000.205,86.116,5.371,1791193467091.882,Normal,0.951
vm2,147742,20261005-094315_clu_vm24_rate20_lat1node_r3,1109,perf_20261005-094315_clu_vm24_rate20_lat1node_r3,2,266,1791193467195,0,1791193467200.214,91.158,5.609,1791193467297.177,Normal,0.9257
vm2,147742,20261005-094315_clu_vm24_rate20_lat1node_r3,1110,perf_20261005-094315_clu_vm24_rate20_lat1node_r3,2,267,1791193467245,0,1791193467300.009,86.795,4.977,1791193467391.968,Normal,0.8559
vm2,147742,20261005-094315_clu_vm24_rate20_lat1node_r3,1113,perf_20261005-094315_clu_vm24_rate20_lat1node_r3,2,268,1791193467395,0,1791193467399.786,72.065,5.539,1791193467477.574,Normal,0.9694
vm2,147742,20261005-094315_clu_vm24_rate20_lat1node_r3,1119,perf_20261005-094315_clu_vm24_rate20_lat1node_r3,2,269,1791193467695,0,1791193467700.25,85.482,4.057,1791193467789.979,Normal,0.9721
vm2,147742,20261005-094315_clu_vm24_rate20_lat1node_r3,1120,perf_20261005-094315_clu_vm24_rate20_lat1node_r3,2,270,1791193467745,0,1791193467792.597,67.251,5.574,1791193467865.61,Normal,0.9608
vm2,147742,20261005-094315_clu_vm24_rate20_lat1node_r3,1123,perf_20261005-094315_clu_vm24_rate20_lat1node_r3,2,271,1791193467895,0,1791193467900.855,82.663,5.293,1791193467989.004,Normal,0.957
vm2,147742,20261005-094315_clu_vm24_rate20_lat1node_r3,1128,perf_20261005-094315_clu_vm24_rate20_lat1node_r3,2,272,1791193468145,0,1791193468150.731,151.488,5.318,1791193468307.741,Normal,0.968
vm2,147742,20261005-094315_clu_vm24_rate20_lat1node_r3,1132,perf_20261005-094315_clu_vm24_rate20_lat1node_r3,2,273,1791193468345,0,1791193468350.502,88.117,5.332,1791193468444.202,Normal,0.9555
vm2,147742,20261005-094315_clu_vm24_rate20_lat1node_r3,1134,perf_20261005-094315_clu_vm24_rate20_lat1node_r3,2,274,1791193468445,0,1791193468449.382,83.263,4.934,1791193468537.768,Normal,0.9473
vm2,147742,20261005-094315_clu_vm24_rate20_lat1node_r3,1136,perf_20261005-094315_clu_vm24_rate20_lat1node_r3,2,275,1791193468545,0,1791193468549.537,65.313,5.245,1791193468620.277,Normal,0.9561
vm2,147742,20261005-094315_clu_vm24_rate20_lat1node_r3,1137,perf_20261005-094315_clu_vm24_rate20_lat1node_r3,2,276,1791193468595,0,1791193468623.585,70.113,5.378,1791193468699.254,Normal,0.9473
vm2,147742,20261005-094315_clu_vm24_rate20_lat1node_r3,1138,perf_20261005-094315_clu_vm24_rate20_lat1node_r3,2,277,1791193468645,0,1791193468701.859,82.452,5.15,1791193468789.647,Normal,0.9413
vm2,147742,20261005-094315_clu_vm24_rate20_lat1node_r3,1141,perf_20261005-094315_clu_vm24_rate20_lat1node_r3,2,278,1791193468795,0,1791193468800.156,75.801,4.651,1791193468880.916,Normal,0.9405
vm2,147742,20261005-094315_clu_vm24_rate20_lat1node_r3,1145,perf_20261005-094315_clu_vm24_rate20_lat1node_r3,2,279,1791193468995,0,1791193469000.551,66.381,5.653,1791193469072.767,Normal,0.9711
vm2,147742,20261005-094315_clu_vm24_rate20_lat1node_r3,1147,perf_20261005-094315_clu_vm24_rate20_lat1node_r3,2,280,1791193469095,0,1791193469100.416,58.225,4.846,1791193469163.669,Normal,0.9096
vm2,147742,20261005-094315_clu_vm24_rate20_lat1node_r3,1152,perf_20261005-094315_clu_vm24_rate20_lat1node_r3,2,281,1791193469345,0,1791193469350.789,86.723,5.16,1791193469442.864,Normal,0.9568
vm2,147742,20261005-094315_clu_vm24_rate20_lat1node_r3,1159,perf_20261005-094315_clu_vm24_rate20_lat1node_r3,2,282,1791193469695,0,1791193469700.092,80.632,4.656,1791193469785.574,Normal,0.9627
vm2,147742,20261005-094315_clu_vm24_rate20_lat1node_r3,1162,perf_20261005-094315_clu_vm24_rate20_lat1node_r3,2,283,1791193469845,0,1791193469850.199,142.128,5.298,1791193469997.823,Normal,0.9411
vm2,147742,20261005-094315_clu_vm24_rate20_lat1node_r3,1172,perf_20261005-094315_clu_vm24_rate20_lat1node_r3,2,284,1791193470346,0,1791193470351.318,84.078,5.144,1791193470440.732,Normal,0.86
vm2,147742,20261005-094315_clu_vm24_rate20_lat1node_r3,1174,perf_20261005-094315_clu_vm24_rate20_lat1node_r3,2,285,1791193470445,0,1791193470450.399,76.496,5.085,1791193470532.166,Normal,0.9368
vm2,147742,20261005-094315_clu_vm24_rate20_lat1node_r3,1180,perf_20261005-094315_clu_vm24_rate20_lat1node_r3,2,286,1791193470746,0,1791193470751.249,137.389,5.569,1791193470894.411,Normal,0.968
vm2,147742,20261005-094315_clu_vm24_rate20_lat1node_r3,1183,perf_20261005-094315_clu_vm24_rate20_lat1node_r3,2,287,1791193470895,0,1791193470899.796,90.537,5.315,1791193470995.834,Normal,0.4246
vm2,147742,20261005-094315_clu_vm24_rate20_lat1node_r3,1184,perf_20261005-094315_clu_vm24_rate20_lat1node_r3,2,288,1791193470945,0,1791193470998.662,91.219,4.897,1791193471095.042,Normal,0.9507
vm2,147742,20261005-094315_clu_vm24_rate20_lat1node_r3,1189,perf_20261005-094315_clu_vm24_rate20_lat1node_r3,2,289,1791193471195,0,1791193471199.951,92.849,6.315,1791193471299.309,Normal,0.9629
vm2,147742,20261005-094315_clu_vm24_rate20_lat1node_r3,1193,perf_20261005-094315_clu_vm24_rate20_lat1node_r3,2,290,1791193471395,0,1791193471400.443,82.674,5.142,1791193471488.464,Normal,0.9171
vm2,147742,20261005-094315_clu_vm24_rate20_lat1node_r3,1194,perf_20261005-094315_clu_vm24_rate20_lat1node_r3,2,291,1791193471445,0,1791193471491.553,285.428,5.585,1791193471782.77,Normal,0.9511
vm2,147742,20261005-094315_clu_vm24_rate20_lat1node_r3,1198,perf_20261005-094315_clu_vm24_rate20_lat1node_r3,2,292,1791193471646,0,1791193471785.553,84.907,4.766,1791193471875.418,Normal,0.953
vm2,147742,20261005-094315_clu_vm24_rate20_lat1node_r3,1222,perf_20261005-094315_clu_vm24_rate20_lat1node_r3,2,293,1791193472845,0,1791193472850.445,91.604,6.62,1791193472948.861,Normal,0.932
vm2,147742,20261005-094315_clu_vm24_rate20_lat1node_r3,1224,perf_20261005-094315_clu_vm24_rate20_lat1node_r3,2,294,1791193472945,0,1791193472951.926,75.505,5.326,1791193473032.941,HATE,0.4387
vm2,147742,20261005-094315_clu_vm24_rate20_lat1node_r3,1226,perf_20261005-094315_clu_vm24_rate20_lat1node_r3,2,295,1791193473045,0,1791193473049.805,100.694,5.3,1791193473155.988,Normal,0.9765
vm2,147742,20261005-094315_clu_vm24_rate20_lat1node_r3,1237,perf_20261005-094315_clu_vm24_rate20_lat1node_r3,2,296,1791193473595,0,1791193473600.485,101.516,4.987,1791193473707.177,Normal,0.9761
vm2,147742,20261005-094315_clu_vm24_rate20_lat1node_r3,1244,perf_20261005-094315_clu_vm24_rate20_lat1node_r3,2,297,1791193473945,0,1791193473950.258,106.798,5.862,1791193474063.199,Normal,0.9604
vm2,147742,20261005-094315_clu_vm24_rate20_lat1node_r3,1248,perf_20261005-094315_clu_vm24_rate20_lat1node_r3,2,298,1791193474145,0,1791193474150.623,81.194,4.54,1791193474236.556,Normal,0.9423
vm2,147742,20261005-094315_clu_vm24_rate20_lat1node_r3,1249,perf_20261005-094315_clu_vm24_rate20_lat1node_r3,2,299,1791193474195,0,1791193474239.159,67.085,5.701,1791193474312.15,Normal,0.9556
vm2,147742,20261005-094315_clu_vm24_rate20_lat1node_r3,1254,perf_20261005-094315_clu_vm24_rate20_lat1node_r3,2,300,1791193474445,0,1791193474450.862,159.287,4.49,1791193474614.841,Normal,0.9677
vm2,147742,20261005-094315_clu_vm24_rate20_lat1node_r3,1260,perf_20261005-094315_clu_vm24_rate20_lat1node_r3,2,301,1791193474745,0,1791193474751.636,82.341,4.897,1791193474839.063,Normal,0.9453
vm2,147742,20261005-094315_clu_vm24_rate20_lat1node_r3,1266,perf_20261005-094315_clu_vm24_rate20_lat1node_r3,2,302,1791193475045,0,1791193475051.735,100.843,5.198,1791193475158.003,Normal,0.9547
vm2,147742,20261005-094315_clu_vm24_rate20_lat1node_r3,1270,perf_20261005-094315_clu_vm24_rate20_lat1node_r3,2,303,1791193475245,0,1791193475251.15,69.993,5.1,1791193475326.511,Normal,0.9274
vm2,147742,20261005-094315_clu_vm24_rate20_lat1node_r3,1277,perf_20261005-094315_clu_vm24_rate20_lat1node_r3,2,304,1791193475595,0,1791193475600.617,111.936,5.338,1791193475718.11,Normal,0.9497
vm2,147742,20261005-094315_clu_vm24_rate20_lat1node_r3,1278,perf_20261005-094315_clu_vm24_rate20_lat1node_r3,2,305,1791193475645,0,1791193475720.853,76.462,4.593,1791193475802.094,Normal,0.9105
vm2,147742,20261005-094315_clu_vm24_rate20_lat1node_r3,1284,perf_20261005-094315_clu_vm24_rate20_lat1node_r3,2,306,1791193475945,0,1791193475950.535,86.122,5.069,1791193476041.919,Normal,0.9008
vm2,147742,20261005-094315_clu_vm24_rate20_lat1node_r3,1286,perf_20261005-094315_clu_vm24_rate20_lat1node_r3,2,307,1791193476045,0,1791193476049.768,74.371,5.045,1791193476129.374,Normal,0.9537
vm2,147742,20261005-094315_clu_vm24_rate20_lat1node_r3,1291,perf_20261005-094315_clu_vm24_rate20_lat1node_r3,2,308,1791193476295,0,1791193476300.155,80.113,4.7,1791193476385.159,Normal,0.9788
vm2,147742,20261005-094315_clu_vm24_rate20_lat1node_r3,1292,perf_20261005-094315_clu_vm24_rate20_lat1node_r3,2,309,1791193476345,0,1791193476388.308,84.682,5.055,1791193476478.229,Normal,0.8965
vm2,147742,20261005-094315_clu_vm24_rate20_lat1node_r3,1297,perf_20261005-094315_clu_vm24_rate20_lat1node_r3,2,310,1791193476595,0,1791193476600.372,124.067,4.862,1791193476729.499,Normal,0.9775
vm2,147742,20261005-094315_clu_vm24_rate20_lat1node_r3,1298,perf_20261005-094315_clu_vm24_rate20_lat1node_r3,2,311,1791193476645,0,1791193476732.176,83.569,5.115,1791193476821.051,Normal,0.9584
vm2,147742,20261005-094315_clu_vm24_rate20_lat1node_r3,1305,perf_20261005-094315_clu_vm24_rate20_lat1node_r3,2,312,1791193476995,0,1791193477000.205,82.65,5.037,1791193477088.079,Normal,0.9475
vm2,147742,20261005-094315_clu_vm24_rate20_lat1node_r3,1307,perf_20261005-094315_clu_vm24_rate20_lat1node_r3,2,313,1791193477095,0,1791193477099.622,75.987,4.663,1791193477180.461,Normal,0.9375
vm2,147742,20261005-094315_clu_vm24_rate20_lat1node_r3,1308,perf_20261005-094315_clu_vm24_rate20_lat1node_r3,2,314,1791193477145,0,1791193477183.3,171.323,5.294,1791193477360.113,Normal,0.7337
vm2,147742,20261005-094315_clu_vm24_rate20_lat1node_r3,1309,perf_20261005-094315_clu_vm24_rate20_lat1node_r3,2,315,1791193477195,0,1791193477362.883,67.899,5.027,1791193477435.996,Normal,0.9694
vm2,147742,20261005-094315_clu_vm24_rate20_lat1node_r3,1315,perf_20261005-094315_clu_vm24_rate20_lat1node_r3,2,316,1791193477495,0,1791193477500.063,92.106,5.004,1791193477597.365,Normal,0.9523
vm2,147742,20261005-094315_clu_vm24_rate20_lat1node_r3,1318,perf_20261005-094315_clu_vm24_rate20_lat1node_r3,2,317,1791193477645,0,1791193477650.241,88.649,5.07,1791193477744.153,Normal,0.9479
vm2,147742,20261005-094315_clu_vm24_rate20_lat1node_r3,1320,perf_20261005-094315_clu_vm24_rate20_lat1node_r3,2,318,1791193477745,0,1791193477749.796,76.478,5.314,1791193477831.775,Normal,0.7209
vm2,147742,20261005-094315_clu_vm24_rate20_lat1node_r3,1323,perf_20261005-094315_clu_vm24_rate20_lat1node_r3,2,319,1791193477895,0,1791193477899.779,87.697,5.752,1791193477993.422,Normal,0.9394
vm2,147742,20261005-094315_clu_vm24_rate20_lat1node_r3,1325,perf_20261005-094315_clu_vm24_rate20_lat1node_r3,2,320,1791193477995,0,1791193478000.602,71.995,5.342,1791193478078.131,Normal,0.567
vm2,147742,20261005-094315_clu_vm24_rate20_lat1node_r3,1327,perf_20261005-094315_clu_vm24_rate20_lat1node_r3,2,321,1791193478095,0,1791193478100.035,79.314,4.724,1791193478184.301,Normal,0.958
vm2,147742,20261005-094315_clu_vm24_rate20_lat1node_r3,1330,perf_20261005-094315_clu_vm24_rate20_lat1node_r3,2,322,1791193478245,0,1791193478250.378,77.581,5.036,1791193478333.19,Normal,0.9194
vm2,147742,20261005-094315_clu_vm24_rate20_lat1node_r3,1339,perf_20261005-094315_clu_vm24_rate20_lat1node_r3,2,323,1791193478695,0,1791193478701.025,82.372,4.754,1791193478788.352,Normal,0.9479
vm2,147742,20261005-094315_clu_vm24_rate20_lat1node_r3,1340,perf_20261005-094315_clu_vm24_rate20_lat1node_r3,2,324,1791193478745,0,1791193478791.439,66.092,5.133,1791193478862.845,Normal,0.9438
vm2,147742,20261005-094315_clu_vm24_rate20_lat1node_r3,1345,perf_20261005-094315_clu_vm24_rate20_lat1node_r3,2,325,1791193478995,0,1791193479000.434,81.206,5.384,1791193479087.228,Normal,0.9447
vm2,147742,20261005-094315_clu_vm24_rate20_lat1node_r3,1348,perf_20261005-094315_clu_vm24_rate20_lat1node_r3,2,326,1791193479145,0,1791193479150.16,89.487,5.437,1791193479245.283,Normal,0.9727
vm2,147742,20261005-094315_clu_vm24_rate20_lat1node_r3,1353,perf_20261005-094315_clu_vm24_rate20_lat1node_r3,2,327,1791193479395,0,1791193479400.428,73.563,4.886,1791193479479.059,Normal,0.975
vm2,147742,20261005-094315_clu_vm24_rate20_lat1node_r3,1355,perf_20261005-094315_clu_vm24_rate20_lat1node_r3,2,328,1791193479495,0,1791193479499.294,175.185,5.786,1791193479680.464,Normal,0.9675
vm2,147742,20261005-094315_clu_vm24_rate20_lat1node_r3,1356,perf_20261005-094315_clu_vm24_rate20_lat1node_r3,2,329,1791193479545,0,1791193479683.435,62.506,5.243,1791193479751.373,Normal,0.9569
vm2,147742,20261005-094315_clu_vm24_rate20_lat1node_r3,1362,perf_20261005-094315_clu_vm24_rate20_lat1node_r3,2,330,1791193479845,0,1791193479850.349,65.595,12.861,1791193479928.986,Normal,0.9608
vm2,147742,20261005-094315_clu_vm24_rate20_lat1node_r3,1363,perf_20261005-094315_clu_vm24_rate20_lat1node_r3,2,331,1791193479896,0,1791193479931.734,51.875,5.351,1791193479989.127,Normal,0.9572
vm2,147742,20261005-094315_clu_vm24_rate20_lat1node_r3,1371,perf_20261005-094315_clu_vm24_rate20_lat1node_r3,2,332,1791193480295,0,1791193480300.34,81.361,5.238,1791193480387.118,Normal,0.9634
vm2,147742,20261005-094315_clu_vm24_rate20_lat1node_r3,1379,perf_20261005-094315_clu_vm24_rate20_lat1node_r3,2,333,1791193480695,0,1791193480699.634,59.189,6.015,1791193480765.045,Normal,0.9427
vm2,147742,20261005-094315_clu_vm24_rate20_lat1node_r3,1385,perf_20261005-094315_clu_vm24_rate20_lat1node_r3,2,334,1791193480995,0,1791193481000.615,64.415,4.763,1791193481070.026,Normal,0.9694
vm2,147742,20261005-094315_clu_vm24_rate20_lat1node_r3,1390,perf_20261005-094315_clu_vm24_rate20_lat1node_r3,2,335,1791193481245,0,1791193481250.31,55.849,5.175,1791193481311.512,Normal,0.9375
vm2,147742,20261005-094315_clu_vm24_rate20_lat1node_r3,1396,perf_20261005-094315_clu_vm24_rate20_lat1node_r3,2,336,1791193481545,0,1791193481550.907,56.55,4.755,1791193481612.397,Normal,0.9556
vm2,147742,20261005-094315_clu_vm24_rate20_lat1node_r3,1397,perf_20261005-094315_clu_vm24_rate20_lat1node_r3,2,337,1791193481595,0,1791193481614.986,91.617,5.428,1791193481712.203,Normal,0.9481
vm2,147742,20261005-094315_clu_vm24_rate20_lat1node_r3,1398,perf_20261005-094315_clu_vm24_rate20_lat1node_r3,2,338,1791193481645,0,1791193481714.955,56.778,4.981,1791193481776.88,Normal,0.9699
vm2,147742,20261005-094315_clu_vm24_rate20_lat1node_r3,1399,perf_20261005-094315_clu_vm24_rate20_lat1node_r3,2,339,1791193481695,0,1791193481777.084,68.0,5.08,1791193481850.43,Normal,0.9682
vm2,147742,20261005-094315_clu_vm24_rate20_lat1node_r3,1402,perf_20261005-094315_clu_vm24_rate20_lat1node_r3,2,340,1791193481845,0,1791193481853.761,70.675,5.353,1791193481929.965,Normal,0.9467
vm2,147742,20261005-094315_clu_vm24_rate20_lat1node_r3,1404,perf_20261005-094315_clu_vm24_rate20_lat1node_r3,2,341,1791193481945,0,1791193481950.542,155.454,5.645,1791193482111.834,OFFENSIVE,0.4954
vm2,147742,20261005-094315_clu_vm24_rate20_lat1node_r3,1414,perf_20261005-094315_clu_vm24_rate20_lat1node_r3,2,342,1791193482445,0,1791193482451.002,60.501,4.737,1791193482516.424,Normal,0.9386
vm2,147742,20261005-094315_clu_vm24_rate20_lat1node_r3,1419,perf_20261005-094315_clu_vm24_rate20_lat1node_r3,2,343,1791193482695,0,1791193482701.102,65.678,4.503,1791193482771.463,Normal,0.9629
vm2,147742,20261005-094315_clu_vm24_rate20_lat1node_r3,1420,perf_20261005-094315_clu_vm24_rate20_lat1node_r3,2,344,1791193482745,0,1791193482774.021,51.085,5.148,1791193482830.512,Normal,0.8593
vm2,147742,20261005-094315_clu_vm24_rate20_lat1node_r3,1422,perf_20261005-094315_clu_vm24_rate20_lat1node_r3,2,345,1791193482845,0,1791193482850.291,67.155,5.076,1791193482922.701,Normal,0.9597
vm2,147742,20261005-094315_clu_vm24_rate20_lat1node_r3,1430,perf_20261005-094315_clu_vm24_rate20_lat1node_r3,2,346,1791193483245,0,1791193483250.695,62.316,5.69,1791193483318.891,Normal,0.9375
vm2,147742,20261005-094315_clu_vm24_rate20_lat1node_r3,1446,perf_20261005-094315_clu_vm24_rate20_lat1node_r3,2,347,1791193484045,0,1791193484050.161,61.095,6.371,1791193484117.821,Normal,0.944
vm2,147742,20261005-094315_clu_vm24_rate20_lat1node_r3,1454,perf_20261005-094315_clu_vm24_rate20_lat1node_r3,2,348,1791193484445,0,1791193484450.468,74.239,5.49,1791193484530.377,Normal,0.9577
vm2,147742,20261005-094315_clu_vm24_rate20_lat1node_r3,1456,perf_20261005-094315_clu_vm24_rate20_lat1node_r3,2,349,1791193484545,0,1791193484550.212,85.673,4.084,1791193484640.164,Normal,0.9576
vm2,147742,20261005-094315_clu_vm24_rate20_lat1node_r3,1457,perf_20261005-094315_clu_vm24_rate20_lat1node_r3,2,350,1791193484595,0,1791193484642.611,58.035,5.001,1791193484705.823,Normal,0.9667
vm2,147742,20261005-094315_clu_vm24_rate20_lat1node_r3,1470,perf_20261005-094315_clu_vm24_rate20_lat1node_r3,2,351,1791193485245,0,1791193485250.435,82.513,5.231,1791193485338.365,Normal,0.9132
vm2,147742,20261005-094315_clu_vm24_rate20_lat1node_r3,1471,perf_20261005-094315_clu_vm24_rate20_lat1node_r3,2,352,1791193485295,0,1791193485340.881,319.976,5.526,1791193485666.587,Normal,0.8268
vm2,147742,20261005-094315_clu_vm24_rate20_lat1node_r3,1473,perf_20261005-094315_clu_vm24_rate20_lat1node_r3,2,353,1791193485395,0,1791193485669.349,65.351,4.817,1791193485739.698,Normal,0.9424
vm2,147742,20261005-094315_clu_vm24_rate20_lat1node_r3,1476,perf_20261005-094315_clu_vm24_rate20_lat1node_r3,2,354,1791193485545,0,1791193485739.91,75.563,4.925,1791193485820.635,Normal,0.9678
vm2,147742,20261005-094315_clu_vm24_rate20_lat1node_r3,1481,perf_20261005-094315_clu_vm24_rate20_lat1node_r3,2,355,1791193485795,0,1791193485823.263,74.739,4.884,1791193485903.064,Normal,0.8978
vm2,147742,20261005-094315_clu_vm24_rate20_lat1node_r3,1484,perf_20261005-094315_clu_vm24_rate20_lat1node_r3,2,356,1791193485945,0,1791193485950.406,73.942,4.884,1791193486029.425,Normal,0.89
vm2,147742,20261005-094315_clu_vm24_rate20_lat1node_r3,1487,perf_20261005-094315_clu_vm24_rate20_lat1node_r3,2,357,1791193486097,0,1791193486112.88,79.359,10.214,1791193486202.641,Normal,0.9348
vm2,147742,20261005-094315_clu_vm24_rate20_lat1node_r3,1488,perf_20261005-094315_clu_vm24_rate20_lat1node_r3,2,358,1791193486146,0,1791193486205.07,54.398,4.451,1791193486264.103,Normal,0.9148
vm2,147742,20261005-094315_clu_vm24_rate20_lat1node_r3,1490,perf_20261005-094315_clu_vm24_rate20_lat1node_r3,2,359,1791193486245,0,1791193486266.569,52.342,4.667,1791193486323.755,Normal,0.7759
vm2,147742,20261005-094315_clu_vm24_rate20_lat1node_r3,1494,perf_20261005-094315_clu_vm24_rate20_lat1node_r3,2,360,1791193486446,0,1791193486451.634,64.213,4.941,1791193486520.968,Normal,0.9649
vm2,147742,20261005-094315_clu_vm24_rate20_lat1node_r3,1497,perf_20261005-094315_clu_vm24_rate20_lat1node_r3,2,361,1791193486595,0,1791193486600.317,97.161,5.694,1791193486703.365,Normal,0.9631
vm2,147742,20261005-094315_clu_vm24_rate20_lat1node_r3,1498,perf_20261005-094315_clu_vm24_rate20_lat1node_r3,2,362,1791193486645,0,1791193486707.446,75.879,4.429,1791193486787.934,Normal,0.9655
vm2,147742,20261005-094315_clu_vm24_rate20_lat1node_r3,1503,perf_20261005-094315_clu_vm24_rate20_lat1node_r3,2,363,1791193486895,0,1791193486904.993,58.697,5.085,1791193486968.953,Normal,0.939
vm2,147742,20261005-094315_clu_vm24_rate20_lat1node_r3,1504,perf_20261005-094315_clu_vm24_rate20_lat1node_r3,2,364,1791193486945,0,1791193486971.798,99.604,6.001,1791193487077.582,Normal,0.6659
vm2,147742,20261005-094315_clu_vm24_rate20_lat1node_r3,1505,perf_20261005-094315_clu_vm24_rate20_lat1node_r3,2,365,1791193486995,0,1791193487080.317,62.866,8.368,1791193487151.727,Normal,0.7958
vm2,147742,20261005-094315_clu_vm24_rate20_lat1node_r3,1506,perf_20261005-094315_clu_vm24_rate20_lat1node_r3,2,366,1791193487045,0,1791193487152.018,132.883,5.247,1791193487290.329,HATE,0.6767
vm2,147742,20261005-094315_clu_vm24_rate20_lat1node_r3,1508,perf_20261005-094315_clu_vm24_rate20_lat1node_r3,2,367,1791193487145,0,1791193487292.918,56.978,5.0,1791193487355.077,Normal,0.9173
vm2,147742,20261005-094315_clu_vm24_rate20_lat1node_r3,1512,perf_20261005-094315_clu_vm24_rate20_lat1node_r3,2,368,1791193487345,0,1791193487357.886,73.075,5.639,1791193487436.8,OFFENSIVE,0.8825
vm2,147742,20261005-094315_clu_vm24_rate20_lat1node_r3,1515,perf_20261005-094315_clu_vm24_rate20_lat1node_r3,2,369,1791193487495,0,1791193487501.03,82.41,5.466,1791193487589.083,Normal,0.9642
vm2,147742,20261005-094315_clu_vm24_rate20_lat1node_r3,1518,perf_20261005-094315_clu_vm24_rate20_lat1node_r3,2,370,1791193487645,0,1791193487651.479,56.161,5.019,1791193487712.858,Normal,0.9556
vm2,147742,20261005-094315_clu_vm24_rate20_lat1node_r3,1519,perf_20261005-094315_clu_vm24_rate20_lat1node_r3,2,371,1791193487695,0,1791193487715.518,50.889,5.284,1791193487771.864,Normal,0.9475
vm2,147742,20261005-094315_clu_vm24_rate20_lat1node_r3,1521,perf_20261005-094315_clu_vm24_rate20_lat1node_r3,2,372,1791193487795,0,1791193487800.216,68.918,5.415,1791193487874.805,Normal,0.9675
vm2,147742,20261005-094315_clu_vm24_rate20_lat1node_r3,1525,perf_20261005-094315_clu_vm24_rate20_lat1node_r3,2,373,1791193487995,0,1791193488000.188,66.132,5.472,1791193488071.972,Normal,0.9545
vm2,147742,20261005-094315_clu_vm24_rate20_lat1node_r3,1533,perf_20261005-094315_clu_vm24_rate20_lat1node_r3,2,374,1791193488395,0,1791193488402.148,59.788,5.049,1791193488467.188,Normal,0.8626
vm2,147742,20261005-094315_clu_vm24_rate20_lat1node_r3,1535,perf_20261005-094315_clu_vm24_rate20_lat1node_r3,2,375,1791193488495,0,1791193488500.982,121.145,4.991,1791193488627.304,Normal,0.5226
vm2,147742,20261005-094315_clu_vm24_rate20_lat1node_r3,1537,perf_20261005-094315_clu_vm24_rate20_lat1node_r3,2,376,1791193488595,0,1791193488630.226,62.368,5.193,1791193488698.0,Normal,0.8772
vm2,147742,20261005-094315_clu_vm24_rate20_lat1node_r3,1538,perf_20261005-094315_clu_vm24_rate20_lat1node_r3,2,377,1791193488645,0,1791193488700.415,171.255,4.757,1791193488876.603,Normal,0.9766
vm2,147742,20261005-094315_clu_vm24_rate20_lat1node_r3,1542,perf_20261005-094315_clu_vm24_rate20_lat1node_r3,2,378,1791193488845,0,1791193488879.697,70.431,4.912,1791193488955.205,Normal,0.9259
vm2,147742,20261005-094315_clu_vm24_rate20_lat1node_r3,1543,perf_20261005-094315_clu_vm24_rate20_lat1node_r3,2,379,1791193488895,0,1791193488957.534,68.327,4.699,1791193489030.735,Normal,0.9708
vm2,147742,20261005-094315_clu_vm24_rate20_lat1node_r3,1555,perf_20261005-094315_clu_vm24_rate20_lat1node_r3,2,380,1791193489495,0,1791193489501.013,102.799,5.263,1791193489609.258,Normal,0.9674
vm2,147742,20261005-094315_clu_vm24_rate20_lat1node_r3,1564,perf_20261005-094315_clu_vm24_rate20_lat1node_r3,2,381,1791193489945,0,1791193489950.819,102.176,5.418,1791193490058.605,Normal,0.9806
vm2,147742,20261005-094315_clu_vm24_rate20_lat1node_r3,1568,perf_20261005-094315_clu_vm24_rate20_lat1node_r3,2,382,1791193490145,0,1791193490150.633,103.05,5.983,1791193490259.851,Normal,0.9441
vm2,147742,20261005-094315_clu_vm24_rate20_lat1node_r3,1574,perf_20261005-094315_clu_vm24_rate20_lat1node_r3,2,383,1791193490445,0,1791193490450.71,56.281,4.873,1791193490512.044,Normal,0.9556
vm2,147742,20261005-094315_clu_vm24_rate20_lat1node_r3,1576,perf_20261005-094315_clu_vm24_rate20_lat1node_r3,2,384,1791193490545,0,1791193490550.643,111.629,5.585,1791193490668.052,Normal,0.9284
vm2,147742,20261005-094315_clu_vm24_rate20_lat1node_r3,1585,perf_20261005-094315_clu_vm24_rate20_lat1node_r3,2,385,1791193490995,0,1791193491000.647,73.496,5.286,1791193491079.625,Normal,0.9728
vm2,147742,20261005-094315_clu_vm24_rate20_lat1node_r3,1590,perf_20261005-094315_clu_vm24_rate20_lat1node_r3,2,386,1791193491245,0,1791193491250.659,71.315,5.024,1791193491327.181,Normal,0.9215
vm2,147742,20261005-094315_clu_vm24_rate20_lat1node_r3,1595,perf_20261005-094315_clu_vm24_rate20_lat1node_r3,2,387,1791193491495,0,1791193491500.357,57.851,5.252,1791193491563.644,Normal,0.9715
vm2,147742,20261005-094315_clu_vm24_rate20_lat1node_r3,1600,perf_20261005-094315_clu_vm24_rate20_lat1node_r3,2,388,1791193491745,0,1791193491750.465,64.089,4.714,1791193491819.45,OFFENSIVE,0.7953
vm2,147742,20261005-094315_clu_vm24_rate20_lat1node_r3,1605,perf_20261005-094315_clu_vm24_rate20_lat1node_r3,2,389,1791193491995,0,1791193492001.016,60.614,4.963,1791193492066.786,Normal,0.9512
vm2,147742,20261005-094315_clu_vm24_rate20_lat1node_r3,1610,perf_20261005-094315_clu_vm24_rate20_lat1node_r3,2,390,1791193492245,0,1791193492250.332,78.441,5.823,1791193492334.784,Normal,0.9385
vm2,147742,20261005-094315_clu_vm24_rate20_lat1node_r3,1613,perf_20261005-094315_clu_vm24_rate20_lat1node_r3,2,391,1791193492395,0,1791193492401.261,66.757,5.378,1791193492473.574,Normal,0.9635
vm2,147742,20261005-094315_clu_vm24_rate20_lat1node_r3,1615,perf_20261005-094315_clu_vm24_rate20_lat1node_r3,2,392,1791193492495,0,1791193492500.098,58.854,5.366,1791193492564.512,Normal,0.9423
vm2,147742,20261005-094315_clu_vm24_rate20_lat1node_r3,1617,perf_20261005-094315_clu_vm24_rate20_lat1node_r3,2,393,1791193492595,0,1791193492600.57,85.808,5.337,1791193492691.895,Normal,0.9353
vm2,147742,20261005-094315_clu_vm24_rate20_lat1node_r3,1620,perf_20261005-094315_clu_vm24_rate20_lat1node_r3,2,394,1791193492745,0,1791193492751.109,57.493,5.077,1791193492813.889,Normal,0.9423
vm2,147742,20261005-094315_clu_vm24_rate20_lat1node_r3,1625,perf_20261005-094315_clu_vm24_rate20_lat1node_r3,2,395,1791193492995,0,1791193493000.318,67.078,5.366,1791193493072.936,Normal,0.954
vm2,147742,20261005-094315_clu_vm24_rate20_lat1node_r3,1626,perf_20261005-094315_clu_vm24_rate20_lat1node_r3,2,396,1791193493045,0,1791193493075.343,55.06,5.122,1791193493135.708,Normal,0.9373
vm2,147742,20261005-094315_clu_vm24_rate20_lat1node_r3,1634,perf_20261005-094315_clu_vm24_rate20_lat1node_r3,2,397,1791193493445,0,1791193493450.506,71.698,5.121,1791193493527.506,Normal,0.8795
vm2,147742,20261005-094315_clu_vm24_rate20_lat1node_r3,1635,perf_20261005-094315_clu_vm24_rate20_lat1node_r3,2,398,1791193493495,0,1791193493530.113,61.99,4.69,1791193493596.97,Normal,0.9324
vm2,147742,20261005-094315_clu_vm24_rate20_lat1node_r3,1636,perf_20261005-094315_clu_vm24_rate20_lat1node_r3,2,399,1791193493545,0,1791193493599.388,72.695,4.569,1791193493676.817,Normal,0.9536
vm2,147742,20261005-094315_clu_vm24_rate20_lat1node_r3,1651,perf_20261005-094315_clu_vm24_rate20_lat1node_r3,2,400,1791193494295,0,1791193494300.624,74.199,5.463,1791193494380.464,Normal,0.9724
vm2,147742,20261005-094315_clu_vm24_rate20_lat1node_r3,1671,perf_20261005-094315_clu_vm24_rate20_lat1node_r3,2,401,1791193495295,0,1791193495300.339,70.617,5.415,1791193495376.56,Normal,0.9423
vm2,147742,20261005-094315_clu_vm24_rate20_lat1node_r3,1675,perf_20261005-094315_clu_vm24_rate20_lat1node_r3,2,402,1791193495495,0,1791193495501.644,63.907,5.88,1791193495571.631,Normal,0.8661
vm2,147742,20261005-094315_clu_vm24_rate20_lat1node_r3,1680,perf_20261005-094315_clu_vm24_rate20_lat1node_r3,2,403,1791193495745,0,1791193495750.521,62.222,4.932,1791193495817.856,Normal,0.8959
vm2,147742,20261005-094315_clu_vm24_rate20_lat1node_r3,1682,perf_20261005-094315_clu_vm24_rate20_lat1node_r3,2,404,1791193495845,0,1791193495849.382,65.475,5.407,1791193495920.51,Normal,0.9592
vm2,147742,20261005-094315_clu_vm24_rate20_lat1node_r3,1692,perf_20261005-094315_clu_vm24_rate20_lat1node_r3,2,405,1791193496345,0,1791193496351.064,102.31,4.844,1791193496458.401,Normal,0.9544
vm2,147742,20261005-094315_clu_vm24_rate20_lat1node_r3,1693,perf_20261005-094315_clu_vm24_rate20_lat1node_r3,2,406,1791193496395,0,1791193496460.64,52.714,4.531,1791193496518.05,Normal,0.9657
vm2,147742,20261005-094315_clu_vm24_rate20_lat1node_r3,1697,perf_20261005-094315_clu_vm24_rate20_lat1node_r3,2,407,1791193496595,0,1791193496600.842,68.16,5.053,1791193496674.241,Normal,0.9319
vm2,147742,20261005-094315_clu_vm24_rate20_lat1node_r3,1699,perf_20261005-094315_clu_vm24_rate20_lat1node_r3,2,408,1791193496695,0,1791193496700.512,57.472,5.141,1791193496763.301,Normal,0.9423
vm2,147742,20261005-094315_clu_vm24_rate20_lat1node_r3,1701,perf_20261005-094315_clu_vm24_rate20_lat1node_r3,2,409,1791193496795,0,1791193496801.021,73.942,5.489,1791193496880.636,Normal,0.5379
vm2,147742,20261005-094315_clu_vm24_rate20_lat1node_r3,1704,perf_20261005-094315_clu_vm24_rate20_lat1node_r3,2,410,1791193496945,0,1791193496950.969,247.47,4.676,1791193497203.306,Normal,0.9762
vm2,147742,20261005-094315_clu_vm24_rate20_lat1node_r3,1709,perf_20261005-094315_clu_vm24_rate20_lat1node_r3,2,411,1791193497195,0,1791193497205.672,56.438,4.907,1791193497267.186,Normal,0.9565
vm2,147742,20261005-094315_clu_vm24_rate20_lat1node_r3,1715,perf_20261005-094315_clu_vm24_rate20_lat1node_r3,2,412,1791193497495,0,1791193497500.315,76.653,4.818,1791193497581.948,Normal,0.9733
vm2,147742,20261005-094315_clu_vm24_rate20_lat1node_r3,1716,perf_20261005-094315_clu_vm24_rate20_lat1node_r3,2,413,1791193497545,0,1791193497584.216,76.799,6.052,1791193497667.252,Normal,0.9519
vm2,147742,20261005-094315_clu_vm24_rate20_lat1node_r3,1722,perf_20261005-094315_clu_vm24_rate20_lat1node_r3,2,414,1791193497845,0,1791193497850.602,77.901,5.763,1791193497934.469,Normal,0.9438
vm2,147742,20261005-094315_clu_vm24_rate20_lat1node_r3,1725,perf_20261005-094315_clu_vm24_rate20_lat1node_r3,2,415,1791193497995,0,1791193498000.564,75.406,5.435,1791193498081.592,Normal,0.9377
vm2,147742,20261005-094315_clu_vm24_rate20_lat1node_r3,1731,perf_20261005-094315_clu_vm24_rate20_lat1node_r3,2,416,1791193498295,0,1791193498302.193,81.426,5.311,1791193498389.112,Normal,0.7255
vm2,147742,20261005-094315_clu_vm24_rate20_lat1node_r3,1732,perf_20261005-094315_clu_vm24_rate20_lat1node_r3,2,417,1791193498345,0,1791193498391.586,100.644,8.098,1791193498500.5,Normal,0.9594
vm2,147742,20261005-094315_clu_vm24_rate20_lat1node_r3,1733,perf_20261005-094315_clu_vm24_rate20_lat1node_r3,2,418,1791193498395,0,1791193498502.999,51.764,3.911,1791193498558.867,Normal,0.9262
vm2,147742,20261005-094315_clu_vm24_rate20_lat1node_r3,1736,perf_20261005-094315_clu_vm24_rate20_lat1node_r3,2,419,1791193498545,0,1791193498561.418,52.785,7.401,1791193498621.794,Normal,0.931
vm2,147742,20261005-094315_clu_vm24_rate20_lat1node_r3,1742,perf_20261005-094315_clu_vm24_rate20_lat1node_r3,2,420,1791193498845,0,1791193498851.668,63.223,4.959,1791193498920.094,Normal,0.6578
vm2,147742,20261005-094315_clu_vm24_rate20_lat1node_r3,1744,perf_20261005-094315_clu_vm24_rate20_lat1node_r3,2,421,1791193498945,0,1791193498952.159,82.432,5.152,1791193499039.932,Normal,0.7282
vm2,147742,20261005-094315_clu_vm24_rate20_lat1node_r3,1749,perf_20261005-094315_clu_vm24_rate20_lat1node_r3,2,422,1791193499195,0,1791193499201.518,109.771,5.203,1791193499316.671,Normal,0.9775
vm2,147742,20261005-094315_clu_vm24_rate20_lat1node_r3,1750,perf_20261005-094315_clu_vm24_rate20_lat1node_r3,2,423,1791193499245,0,1791193499319.364,66.378,4.785,1791193499390.695,Normal,0.9632
vm2,147742,20261005-094315_clu_vm24_rate20_lat1node_r3,1755,perf_20261005-094315_clu_vm24_rate20_lat1node_r3,2,424,1791193499495,0,1791193499502.131,57.803,5.756,1791193499565.928,Normal,0.9171
vm2,147742,20261005-094315_clu_vm24_rate20_lat1node_r3,1757,perf_20261005-094315_clu_vm24_rate20_lat1node_r3,2,425,1791193499595,0,1791193499601.948,66.795,5.312,1791193499674.234,Normal,0.9121
vm2,147742,20261005-094315_clu_vm24_rate20_lat1node_r3,1758,perf_20261005-094315_clu_vm24_rate20_lat1node_r3,2,426,1791193499645,0,1791193499676.593,52.399,5.286,1791193499734.459,Normal,0.9116
vm2,147742,20261005-094315_clu_vm24_rate20_lat1node_r3,1760,perf_20261005-094315_clu_vm24_rate20_lat1node_r3,2,427,1791193499745,0,1791193499750.805,75.64,4.269,1791193499830.903,Normal,0.9671
vm2,147742,20261005-094315_clu_vm24_rate20_lat1node_r3,1762,perf_20261005-094315_clu_vm24_rate20_lat1node_r3,2,428,1791193499845,0,1791193499850.218,65.891,5.568,1791193499921.858,Normal,0.9116
vm2,147742,20261005-094315_clu_vm24_rate20_lat1node_r3,1768,perf_20261005-094315_clu_vm24_rate20_lat1node_r3,2,429,1791193500145,0,1791193500150.599,65.764,5.589,1791193500222.144,Normal,0.9566
vm2,147742,20261005-094315_clu_vm24_rate20_lat1node_r3,1769,perf_20261005-094315_clu_vm24_rate20_lat1node_r3,2,430,1791193500196,0,1791193500224.866,52.273,4.91,1791193500282.323,Normal,0.7276
vm2,147742,20261005-094315_clu_vm24_rate20_lat1node_r3,1770,perf_20261005-094315_clu_vm24_rate20_lat1node_r3,2,431,1791193500245,0,1791193500284.658,72.685,5.691,1791193500363.207,Normal,0.9693
vm2,147742,20261005-094315_clu_vm24_rate20_lat1node_r3,1771,perf_20261005-094315_clu_vm24_rate20_lat1node_r3,2,432,1791193500295,0,1791193500365.913,65.002,5.781,1791193500436.883,Normal,0.368
vm2,147742,20261005-094315_clu_vm24_rate20_lat1node_r3,1779,perf_20261005-094315_clu_vm24_rate20_lat1node_r3,2,433,1791193500695,0,1791193500700.318,67.938,5.938,1791193500774.381,Normal,0.9685
vm2,147742,20261005-094315_clu_vm24_rate20_lat1node_r3,1780,perf_20261005-094315_clu_vm24_rate20_lat1node_r3,2,434,1791193500746,0,1791193500777.3,73.165,5.178,1791193500855.862,Normal,0.9501
vm2,147742,20261005-094315_clu_vm24_rate20_lat1node_r3,1802,perf_20261005-094315_clu_vm24_rate20_lat1node_r3,2,435,1791193501845,0,1791193501850.603,101.039,5.474,1791193501957.317,Normal,0.967
vm2,147742,20261005-094315_clu_vm24_rate20_lat1node_r3,1804,perf_20261005-094315_clu_vm24_rate20_lat1node_r3,2,436,1791193501945,0,1791193501959.875,65.297,4.841,1791193502030.266,Normal,0.8519
vm2,147742,20261005-094315_clu_vm24_rate20_lat1node_r3,1812,perf_20261005-094315_clu_vm24_rate20_lat1node_r3,2,437,1791193502345,0,1791193502349.892,80.747,5.868,1791193502436.704,Normal,0.9681
vm2,147742,20261005-094315_clu_vm24_rate20_lat1node_r3,1817,perf_20261005-094315_clu_vm24_rate20_lat1node_r3,2,438,1791193502595,0,1791193502600.525,65.166,4.977,1791193502670.844,Normal,0.7166
vm2,147742,20261005-094315_clu_vm24_rate20_lat1node_r3,1818,perf_20261005-094315_clu_vm24_rate20_lat1node_r3,2,439,1791193502645,0,1791193502673.302,50.738,5.382,1791193502729.603,Normal,0.9449
vm2,147742,20261005-094315_clu_vm24_rate20_lat1node_r3,1820,perf_20261005-094315_clu_vm24_rate20_lat1node_r3,2,440,1791193502745,0,1791193502749.876,68.928,5.318,1791193502824.302,Normal,0.9531
vm2,147742,20261005-094315_clu_vm24_rate20_lat1node_r3,1822,perf_20261005-094315_clu_vm24_rate20_lat1node_r3,2,441,1791193502845,0,1791193502850.728,71.523,9.933,1791193502932.362,Normal,0.9402
vm2,147742,20261005-094315_clu_vm24_rate20_lat1node_r3,1828,perf_20261005-094315_clu_vm24_rate20_lat1node_r3,2,442,1791193503145,0,1791193503150.63,73.973,4.736,1791193503229.519,Normal,0.9453
vm2,147742,20261005-094315_clu_vm24_rate20_lat1node_r3,1830,perf_20261005-094315_clu_vm24_rate20_lat1node_r3,2,443,1791193503245,0,1791193503250.146,72.24,5.362,1791193503327.922,Normal,0.9713
vm2,147742,20261005-094315_clu_vm24_rate20_lat1node_r3,1831,perf_20261005-094315_clu_vm24_rate20_lat1node_r3,2,444,1791193503295,0,1791193503330.486,72.505,6.542,1791193503409.708,Normal,0.9652
vm2,147742,20261005-094315_clu_vm24_rate20_lat1node_r3,1834,perf_20261005-094315_clu_vm24_rate20_lat1node_r3,2,445,1791193503445,0,1791193503451.368,79.387,5.329,1791193503536.251,Normal,0.9464
vm2,147742,20261005-094315_clu_vm24_rate20_lat1node_r3,1840,perf_20261005-094315_clu_vm24_rate20_lat1node_r3,2,446,1791193503745,0,1791193503750.676,68.031,4.22,1791193503823.104,Normal,0.9407
vm2,147742,20261005-094315_clu_vm24_rate20_lat1node_r3,1842,perf_20261005-094315_clu_vm24_rate20_lat1node_r3,2,447,1791193503845,0,1791193503849.063,57.266,5.369,1791193503911.868,Normal,0.9645
vm2,147742,20261005-094315_clu_vm24_rate20_lat1node_r3,1843,perf_20261005-094315_clu_vm24_rate20_lat1node_r3,2,448,1791193503895,0,1791193503914.492,81.037,5.681,1791193504001.385,Normal,0.9752
vm2,147742,20261005-094315_clu_vm24_rate20_lat1node_r3,1846,perf_20261005-094315_clu_vm24_rate20_lat1node_r3,2,449,1791193504045,0,1791193504050.327,106.255,4.745,1791193504161.508,OFFENSIVE,0.9314
vm2,147742,20261005-094315_clu_vm24_rate20_lat1node_r3,1848,perf_20261005-094315_clu_vm24_rate20_lat1node_r3,2,450,1791193504145,0,1791193504163.908,51.146,5.36,1791193504220.581,Normal,0.9556
vm2,147742,20261005-094315_clu_vm24_rate20_lat1node_r3,1850,perf_20261005-094315_clu_vm24_rate20_lat1node_r3,2,451,1791193504245,0,1791193504250.273,86.571,5.419,1791193504342.439,Normal,0.9192
vm2,147742,20261005-094315_clu_vm24_rate20_lat1node_r3,1856,perf_20261005-094315_clu_vm24_rate20_lat1node_r3,2,452,1791193504545,0,1791193504551.051,116.987,5.027,1791193504673.253,Normal,0.8644
vm2,147742,20261005-094315_clu_vm24_rate20_lat1node_r3,1857,perf_20261005-094315_clu_vm24_rate20_lat1node_r3,2,453,1791193504595,0,1791193504676.083,89.511,5.338,1791193504771.103,Normal,0.9595
vm2,147742,20261005-094315_clu_vm24_rate20_lat1node_r3,1858,perf_20261005-094315_clu_vm24_rate20_lat1node_r3,2,454,1791193504645,0,1791193504771.311,81.157,5.268,1791193504857.903,Normal,0.9756
vm2,147742,20261005-094315_clu_vm24_rate20_lat1node_r3,1862,perf_20261005-094315_clu_vm24_rate20_lat1node_r3,2,455,1791193504845,0,1791193504860.515,127.016,4.871,1791193504992.575,Normal,0.9585
vm2,147742,20261005-094315_clu_vm24_rate20_lat1node_r3,1865,perf_20261005-094315_clu_vm24_rate20_lat1node_r3,2,456,1791193504995,0,1791193504999.358,51.839,4.977,1791193505056.342,Normal,0.9503
vm2,147742,20261005-094315_clu_vm24_rate20_lat1node_r3,1866,perf_20261005-094315_clu_vm24_rate20_lat1node_r3,2,457,1791193505045,0,1791193505058.776,51.415,5.824,1791193505116.186,Normal,0.9536
vm2,147742,20261005-094315_clu_vm24_rate20_lat1node_r3,1869,perf_20261005-094315_clu_vm24_rate20_lat1node_r3,2,458,1791193505195,0,1791193505200.638,78.066,5.469,1791193505284.353,Normal,0.9733
vm2,147742,20261005-094315_clu_vm24_rate20_lat1node_r3,1872,perf_20261005-094315_clu_vm24_rate20_lat1node_r3,2,459,1791193505345,0,1791193505350.076,55.629,5.486,1791193505411.368,Normal,0.903
vm2,147742,20261005-094315_clu_vm24_rate20_lat1node_r3,1874,perf_20261005-094315_clu_vm24_rate20_lat1node_r3,2,460,1791193505445,0,1791193505450.033,65.603,4.98,1791193505520.791,OFFENSIVE,0.4948
vm2,147742,20261005-094315_clu_vm24_rate20_lat1node_r3,1878,perf_20261005-094315_clu_vm24_rate20_lat1node_r3,2,461,1791193505645,0,1791193505650.977,67.98,5.264,1791193505724.401,Normal,0.9663
vm2,147742,20261005-094315_clu_vm24_rate20_lat1node_r3,1882,perf_20261005-094315_clu_vm24_rate20_lat1node_r3,2,462,1791193505845,0,1791193505851.412,122.635,5.239,1791193505979.474,Normal,0.9677
vm2,147742,20261005-094315_clu_vm24_rate20_lat1node_r3,1885,perf_20261005-094315_clu_vm24_rate20_lat1node_r3,2,463,1791193505995,0,1791193505999.241,66.014,4.764,1791193506070.187,Normal,0.9102
vm2,147742,20261005-094315_clu_vm24_rate20_lat1node_r3,1888,perf_20261005-094315_clu_vm24_rate20_lat1node_r3,2,464,1791193506145,0,1791193506150.371,97.127,5.371,1791193506253.05,Normal,0.951
vm2,147742,20261005-094315_clu_vm24_rate20_lat1node_r3,1891,perf_20261005-094315_clu_vm24_rate20_lat1node_r3,2,465,1791193506295,0,1791193506300.21,126.131,5.724,1791193506432.274,Normal,0.9225
vm2,147742,20261005-094315_clu_vm24_rate20_lat1node_r3,1894,perf_20261005-094315_clu_vm24_rate20_lat1node_r3,2,466,1791193506446,0,1791193506450.953,64.734,5.072,1791193506520.938,Normal,0.955
vm2,147742,20261005-094315_clu_vm24_rate20_lat1node_r3,1896,perf_20261005-094315_clu_vm24_rate20_lat1node_r3,2,467,1791193506546,0,1791193506550.721,71.448,5.113,1791193506627.455,Normal,0.8701
vm2,147742,20261005-094315_clu_vm24_rate20_lat1node_r3,1897,perf_20261005-094315_clu_vm24_rate20_lat1node_r3,2,468,1791193506595,0,1791193506630.052,53.948,5.476,1791193506689.662,Normal,0.955
vm2,147742,20261005-094315_clu_vm24_rate20_lat1node_r3,1907,perf_20261005-094315_clu_vm24_rate20_lat1node_r3,2,469,1791193507095,0,1791193507101.428,140.402,5.153,1791193507247.172,Normal,0.9476
vm2,147742,20261005-094315_clu_vm24_rate20_lat1node_r3,1911,perf_20261005-094315_clu_vm24_rate20_lat1node_r3,2,470,1791193507295,0,1791193507300.06,76.667,5.157,1791193507382.066,Normal,0.9208
vm2,147742,20261005-094315_clu_vm24_rate20_lat1node_r3,1919,perf_20261005-094315_clu_vm24_rate20_lat1node_r3,2,471,1791193507695,0,1791193507700.692,53.46,4.765,1791193507759.096,Normal,0.9546
vm2,147742,20261005-094315_clu_vm24_rate20_lat1node_r3,1929,perf_20261005-094315_clu_vm24_rate20_lat1node_r3,2,472,1791193508195,0,1791193508200.692,88.724,5.591,1791193508295.188,Normal,0.8965
vm2,147742,20261005-094315_clu_vm24_rate20_lat1node_r3,1934,perf_20261005-094315_clu_vm24_rate20_lat1node_r3,2,473,1791193508445,0,1791193508451.735,74.734,6.453,1791193508533.114,Normal,0.9663
vm2,147742,20261005-094315_clu_vm24_rate20_lat1node_r3,1940,perf_20261005-094315_clu_vm24_rate20_lat1node_r3,2,474,1791193508745,0,1791193508750.403,54.444,5.241,1791193508810.275,Normal,0.9375
vm2,147742,20261005-094315_clu_vm24_rate20_lat1node_r3,1943,perf_20261005-094315_clu_vm24_rate20_lat1node_r3,2,475,1791193508895,0,1791193508901.051,56.764,5.389,1791193508963.381,Normal,0.9515
vm2,147742,20261005-094315_clu_vm24_rate20_lat1node_r3,1944,perf_20261005-094315_clu_vm24_rate20_lat1node_r3,2,476,1791193508945,0,1791193508966.093,64.641,4.952,1791193509035.854,Normal,0.9604
vm2,147742,20261005-094315_clu_vm24_rate20_lat1node_r3,1946,perf_20261005-094315_clu_vm24_rate20_lat1node_r3,2,477,1791193509046,0,1791193509053.86,82.619,6.117,1791193509142.78,Normal,0.9575
vm2,147742,20261005-094315_clu_vm24_rate20_lat1node_r3,1949,perf_20261005-094315_clu_vm24_rate20_lat1node_r3,2,478,1791193509195,0,1791193509200.975,91.936,5.904,1791193509298.995,Normal,0.5208
vm2,147742,20261005-094315_clu_vm24_rate20_lat1node_r3,1953,perf_20261005-094315_clu_vm24_rate20_lat1node_r3,2,479,1791193509395,0,1791193509401.031,91.158,5.037,1791193509497.455,Normal,0.849
vm2,147742,20261005-094315_clu_vm24_rate20_lat1node_r3,1963,perf_20261005-094315_clu_vm24_rate20_lat1node_r3,2,480,1791193509895,0,1791193509900.728,105.989,4.966,1791193510011.864,Normal,0.9638
vm2,147742,20261005-094315_clu_vm24_rate20_lat1node_r3,1964,perf_20261005-094315_clu_vm24_rate20_lat1node_r3,2,481,1791193509945,0,1791193510014.41,80.043,6.215,1791193510100.838,Normal,0.9565
vm2,147742,20261005-094315_clu_vm24_rate20_lat1node_r3,1970,perf_20261005-094315_clu_vm24_rate20_lat1node_r3,2,482,1791193510245,0,1791193510251.948,77.523,5.94,1791193510335.589,Normal,0.968
vm2,147742,20261005-094315_clu_vm24_rate20_lat1node_r3,1972,perf_20261005-094315_clu_vm24_rate20_lat1node_r3,2,483,1791193510345,0,1791193510350.548,65.961,4.604,1791193510421.288,Normal,0.9089
vm2,147742,20261005-094315_clu_vm24_rate20_lat1node_r3,1973,perf_20261005-094315_clu_vm24_rate20_lat1node_r3,2,484,1791193510395,0,1791193510423.796,50.952,4.971,1791193510479.891,Normal,0.9757
vm2,147742,20261005-094315_clu_vm24_rate20_lat1node_r3,1975,perf_20261005-094315_clu_vm24_rate20_lat1node_r3,2,485,1791193510496,0,1791193510500.213,73.296,6.407,1791193510580.096,Normal,0.9639
vm2,147742,20261005-094315_clu_vm24_rate20_lat1node_r3,1986,perf_20261005-094315_clu_vm24_rate20_lat1node_r3,2,486,1791193511045,0,1791193511050.491,81.605,6.6,1791193511138.88,Normal,0.8788
vm2,147742,20261005-094315_clu_vm24_rate20_lat1node_r3,1992,perf_20261005-094315_clu_vm24_rate20_lat1node_r3,2,487,1791193511345,0,1791193511350.776,79.583,5.217,1791193511435.761,Normal,0.5639
vm2,147742,20261005-094315_clu_vm24_rate20_lat1node_r3,1995,perf_20261005-094315_clu_vm24_rate20_lat1node_r3,2,488,1791193511495,0,1791193511500.004,73.824,5.197,1791193511579.21,Normal,0.9664
vm2,147742,20261005-094315_clu_vm24_rate20_lat1node_r3,1996,perf_20261005-094315_clu_vm24_rate20_lat1node_r3,2,489,1791193511545,0,1791193511581.863,73.93,5.744,1791193511661.731,Normal,0.9635
vm2,147742,20261005-094315_clu_vm24_rate20_lat1node_r3,2010,perf_20261005-094315_clu_vm24_rate20_lat1node_r3,2,490,1791193512246,0,1791193512251.172,70.268,5.141,1791193512326.762,Normal,0.9452
vm2,147742,20261005-094315_clu_vm24_rate20_lat1node_r3,2011,perf_20261005-094315_clu_vm24_rate20_lat1node_r3,2,491,1791193512295,0,1791193512329.463,51.999,4.698,1791193512386.333,Normal,0.9407
vm2,147742,20261005-094315_clu_vm24_rate20_lat1node_r3,2014,perf_20261005-094315_clu_vm24_rate20_lat1node_r3,2,492,1791193512446,0,1791193512451.763,114.823,6.07,1791193512572.846,Normal,0.9778
vm2,147742,20261005-094315_clu_vm24_rate20_lat1node_r3,2018,perf_20261005-094315_clu_vm24_rate20_lat1node_r3,2,493,1791193512645,0,1791193512650.329,61.55,5.202,1791193512717.271,Normal,0.776
vm2,147742,20261005-094315_clu_vm24_rate20_lat1node_r3,2020,perf_20261005-094315_clu_vm24_rate20_lat1node_r3,2,494,1791193512745,0,1791193512750.845,65.147,4.528,1791193512820.696,Normal,0.907
vm2,147742,20261005-094315_clu_vm24_rate20_lat1node_r3,2021,perf_20261005-094315_clu_vm24_rate20_lat1node_r3,2,495,1791193512795,0,1791193512823.158,50.669,6.162,1791193512880.158,Normal,0.9357
vm2,147742,20261005-094315_clu_vm24_rate20_lat1node_r3,2023,perf_20261005-094315_clu_vm24_rate20_lat1node_r3,2,496,1791193512895,0,1791193512899.538,60.399,4.888,1791193512965.017,Normal,0.965
vm2,147742,20261005-094315_clu_vm24_rate20_lat1node_r3,2025,perf_20261005-094315_clu_vm24_rate20_lat1node_r3,2,497,1791193512995,0,1791193513000.478,62.657,5.142,1791193513068.488,Normal,0.9277
vm2,147742,20261005-094315_clu_vm24_rate20_lat1node_r3,2030,perf_20261005-094315_clu_vm24_rate20_lat1node_r3,2,498,1791193513246,0,1791193513251.6,78.848,4.956,1791193513335.536,Normal,0.9562
vm2,147742,20261005-094315_clu_vm24_rate20_lat1node_r3,2031,perf_20261005-094315_clu_vm24_rate20_lat1node_r3,2,499,1791193513295,0,1791193513337.987,61.119,5.084,1791193513404.363,Normal,0.949
vm2,147742,20261005-094315_clu_vm24_rate20_lat1node_r3,2037,perf_20261005-094315_clu_vm24_rate20_lat1node_r3,2,500,1791193513595,0,1791193513601.933,72.951,5.381,1791193513680.446,Normal,0.9601
vm2,147742,20261005-094315_clu_vm24_rate20_lat1node_r3,2038,perf_20261005-094315_clu_vm24_rate20_lat1node_r3,2,501,1791193513645,0,1791193513682.884,75.992,5.391,1791193513764.446,Normal,0.966
vm2,147742,20261005-094315_clu_vm24_rate20_lat1node_r3,2046,perf_20261005-094315_clu_vm24_rate20_lat1node_r3,2,502,1791193514045,0,1791193514049.44,58.517,5.655,1791193514113.788,Normal,0.9267
vm2,147742,20261005-094315_clu_vm24_rate20_lat1node_r3,2055,perf_20261005-094315_clu_vm24_rate20_lat1node_r3,2,503,1791193514495,0,1791193514501.157,104.681,5.127,1791193514611.141,Normal,0.7212
vm2,147742,20261005-094315_clu_vm24_rate20_lat1node_r3,2061,perf_20261005-094315_clu_vm24_rate20_lat1node_r3,2,504,1791193514795,0,1791193514800.517,65.777,4.868,1791193514871.345,Normal,0.9105
vm2,147742,20261005-094315_clu_vm24_rate20_lat1node_r3,2064,perf_20261005-094315_clu_vm24_rate20_lat1node_r3,2,505,1791193514945,0,1791193514950.609,59.188,5.538,1791193515015.517,Normal,0.9126
vm2,147742,20261005-094315_clu_vm24_rate20_lat1node_r3,2070,perf_20261005-094315_clu_vm24_rate20_lat1node_r3,2,506,1791193515245,0,1791193515250.953,70.521,5.529,1791193515327.171,Normal,0.6564
vm2,147742,20261005-094315_clu_vm24_rate20_lat1node_r3,2076,perf_20261005-094315_clu_vm24_rate20_lat1node_r3,2,507,1791193515545,0,1791193515550.492,71.613,4.807,1791193515627.097,Normal,0.9698
vm2,147742,20261005-094315_clu_vm24_rate20_lat1node_r3,2077,perf_20261005-094315_clu_vm24_rate20_lat1node_r3,2,508,1791193515595,0,1791193515629.55,51.212,4.869,1791193515685.812,Normal,0.936
vm2,147742,20261005-094315_clu_vm24_rate20_lat1node_r3,2078,perf_20261005-094315_clu_vm24_rate20_lat1node_r3,2,509,1791193515646,0,1791193515688.482,63.373,5.026,1791193515757.052,Normal,0.8663
vm2,147742,20261005-094315_clu_vm24_rate20_lat1node_r3,2080,perf_20261005-094315_clu_vm24_rate20_lat1node_r3,2,510,1791193515745,0,1791193515759.744,51.726,4.973,1791193515816.619,Normal,0.9375
vm2,147742,20261005-094315_clu_vm24_rate20_lat1node_r3,2081,perf_20261005-094315_clu_vm24_rate20_lat1node_r3,2,511,1791193515795,0,1791193515819.57,53.174,5.59,1791193515878.533,Normal,0.9498
vm2,147742,20261005-094315_clu_vm24_rate20_lat1node_r3,2084,perf_20261005-094315_clu_vm24_rate20_lat1node_r3,2,512,1791193515945,0,1791193515950.348,61.205,4.76,1791193516016.491,Normal,0.9469
vm2,147742,20261005-094315_clu_vm24_rate20_lat1node_r3,2090,perf_20261005-094315_clu_vm24_rate20_lat1node_r3,2,513,1791193516245,0,1791193516250.621,72.121,5.091,1791193516328.049,OFFENSIVE,0.724
vm2,147742,20261005-094315_clu_vm24_rate20_lat1node_r3,2091,perf_20261005-094315_clu_vm24_rate20_lat1node_r3,2,514,1791193516295,0,1791193516330.364,56.903,5.186,1791193516392.623,Normal,0.9661
vm2,147742,20261005-094315_clu_vm24_rate20_lat1node_r3,2096,perf_20261005-094315_clu_vm24_rate20_lat1node_r3,2,515,1791193516545,0,1791193516551.003,61.801,5.419,1791193516618.428,Normal,0.9285
vm2,147742,20261005-094315_clu_vm24_rate20_lat1node_r3,2097,perf_20261005-094315_clu_vm24_rate20_lat1node_r3,2,516,1791193516595,0,1791193516620.775,57.298,4.844,1791193516683.114,Normal,0.966
vm2,147742,20261005-094315_clu_vm24_rate20_lat1node_r3,2103,perf_20261005-094315_clu_vm24_rate20_lat1node_r3,2,517,1791193516895,0,1791193516900.665,68.679,5.222,1791193516974.746,Normal,0.9684
vm2,147742,20261005-094315_clu_vm24_rate20_lat1node_r3,2111,perf_20261005-094315_clu_vm24_rate20_lat1node_r3,2,518,1791193517295,0,1791193517299.997,64.374,5.813,1791193517370.364,Normal,0.963
vm2,147742,20261005-094315_clu_vm24_rate20_lat1node_r3,2112,perf_20261005-094315_clu_vm24_rate20_lat1node_r3,2,519,1791193517345,0,1791193517373.282,53.138,6.092,1791193517432.686,Normal,0.9375
vm2,147742,20261005-094315_clu_vm24_rate20_lat1node_r3,2113,perf_20261005-094315_clu_vm24_rate20_lat1node_r3,2,520,1791193517395,0,1791193517435.719,67.927,5.831,1791193517509.659,Normal,0.9277
vm2,147742,20261005-094315_clu_vm24_rate20_lat1node_r3,2115,perf_20261005-094315_clu_vm24_rate20_lat1node_r3,2,521,1791193517495,0,1791193517512.834,188.804,5.202,1791193517707.038,Normal,0.9495
vm2,147742,20261005-094315_clu_vm24_rate20_lat1node_r3,2116,perf_20261005-094315_clu_vm24_rate20_lat1node_r3,2,522,1791193517545,0,1791193517710.481,85.564,4.784,1791193517800.999,Normal,0.9658
vm2,147742,20261005-094315_clu_vm24_rate20_lat1node_r3,2120,perf_20261005-094315_clu_vm24_rate20_lat1node_r3,2,523,1791193517745,0,1791193517803.764,62.965,4.767,1791193517871.679,Normal,0.9694
vm2,147742,20261005-094315_clu_vm24_rate20_lat1node_r3,2133,perf_20261005-094315_clu_vm24_rate20_lat1node_r3,2,524,1791193518396,0,1791193518401.121,71.388,5.244,1791193518477.932,Normal,0.9568
vm2,147742,20261005-094315_clu_vm24_rate20_lat1node_r3,2135,perf_20261005-094315_clu_vm24_rate20_lat1node_r3,2,525,1791193518495,0,1791193518499.604,101.1,5.218,1791193518606.079,Normal,0.8014
vm2,147742,20261005-094315_clu_vm24_rate20_lat1node_r3,2141,perf_20261005-094315_clu_vm24_rate20_lat1node_r3,2,526,1791193518795,0,1791193518800.809,78.112,4.95,1791193518884.051,Normal,0.9682
vm2,147742,20261005-094315_clu_vm24_rate20_lat1node_r3,2145,perf_20261005-094315_clu_vm24_rate20_lat1node_r3,2,527,1791193518995,0,1791193519000.582,79.834,5.579,1791193519086.164,Normal,0.9665
vm2,147742,20261005-094315_clu_vm24_rate20_lat1node_r3,2146,perf_20261005-094315_clu_vm24_rate20_lat1node_r3,2,528,1791193519045,0,1791193519088.893,66.522,4.977,1791193519160.566,Normal,0.9678
vm2,147742,20261005-094315_clu_vm24_rate20_lat1node_r3,2149,perf_20261005-094315_clu_vm24_rate20_lat1node_r3,2,529,1791193519195,0,1791193519201.258,69.944,5.364,1791193519276.741,Normal,0.9514
vm2,147742,20261005-094315_clu_vm24_rate20_lat1node_r3,2150,perf_20261005-094315_clu_vm24_rate20_lat1node_r3,2,530,1791193519245,0,1791193519279.291,62.718,5.514,1791193519347.693,Normal,0.9577
vm2,147742,20261005-094315_clu_vm24_rate20_lat1node_r3,2155,perf_20261005-094315_clu_vm24_rate20_lat1node_r3,2,531,1791193519495,0,1791193519500.384,77.803,4.728,1791193519583.086,Normal,0.9692
vm2,147742,20261005-094315_clu_vm24_rate20_lat1node_r3,2160,perf_20261005-094315_clu_vm24_rate20_lat1node_r3,2,532,1791193519745,0,1791193519751.241,85.344,4.254,1791193519841.025,Normal,0.9521
vm2,147742,20261005-094315_clu_vm24_rate20_lat1node_r3,2161,perf_20261005-094315_clu_vm24_rate20_lat1node_r3,2,533,1791193519795,0,1791193519843.535,55.857,4.817,1791193519904.371,Normal,0.943
vm2,147742,20261005-094315_clu_vm24_rate20_lat1node_r3,2162,perf_20261005-094315_clu_vm24_rate20_lat1node_r3,2,534,1791193519845,0,1791193519907.48,65.44,4.52,1791193519977.612,Normal,0.9516
vm2,147742,20261005-094315_clu_vm24_rate20_lat1node_r3,2168,perf_20261005-094315_clu_vm24_rate20_lat1node_r3,2,535,1791193520145,0,1791193520151.021,64.015,5.399,1791193520220.614,Normal,0.9479
vm2,147742,20261005-094315_clu_vm24_rate20_lat1node_r3,2171,perf_20261005-094315_clu_vm24_rate20_lat1node_r3,2,536,1791193520295,0,1791193520300.701,67.814,4.775,1791193520373.466,Normal,0.9595
vm2,147742,20261005-094315_clu_vm24_rate20_lat1node_r3,2175,perf_20261005-094315_clu_vm24_rate20_lat1node_r3,2,537,1791193520495,0,1791193520500.248,85.734,5.724,1791193520591.891,Normal,0.9716
vm2,147742,20261005-094315_clu_vm24_rate20_lat1node_r3,2178,perf_20261005-094315_clu_vm24_rate20_lat1node_r3,2,538,1791193520645,0,1791193520650.885,90.313,5.301,1791193520746.777,Normal,0.9709
vm2,147742,20261005-094315_clu_vm24_rate20_lat1node_r3,2179,perf_20261005-094315_clu_vm24_rate20_lat1node_r3,2,539,1791193520695,0,1791193520749.09,53.019,5.713,1791193520807.982,Normal,0.8853
vm2,147742,20261005-094315_clu_vm24_rate20_lat1node_r3,2183,perf_20261005-094315_clu_vm24_rate20_lat1node_r3,2,540,1791193520895,0,1791193520900.346,59.153,5.762,1791193520965.528,Normal,0.7715
vm2,147742,20261005-094315_clu_vm24_rate20_lat1node_r3,2185,perf_20261005-094315_clu_vm24_rate20_lat1node_r3,2,541,1791193520995,0,1791193521000.668,86.96,4.964,1791193521092.777,Normal,0.9306
vm2,147742,20261005-094315_clu_vm24_rate20_lat1node_r3,2191,perf_20261005-094315_clu_vm24_rate20_lat1node_r3,2,542,1791193521295,0,1791193521301.08,57.443,5.815,1791193521364.519,Normal,0.9375
vm2,147742,20261005-094315_clu_vm24_rate20_lat1node_r3,2195,perf_20261005-094315_clu_vm24_rate20_lat1node_r3,2,543,1791193521495,0,1791193521500.458,70.477,6.787,1791193521577.905,Normal,0.9502
vm2,147742,20261005-094315_clu_vm24_rate20_lat1node_r3,2199,perf_20261005-094315_clu_vm24_rate20_lat1node_r3,2,544,1791193521696,0,1791193521701.547,65.738,5.636,1791193521773.098,Normal,0.9655
vm2,147742,20261005-094315_clu_vm24_rate20_lat1node_r3,2205,perf_20261005-094315_clu_vm24_rate20_lat1node_r3,2,545,1791193521995,0,1791193522000.758,69.761,5.34,1791193522076.037,Normal,0.8885
vm2,147742,20261005-094315_clu_vm24_rate20_lat1node_r3,2208,perf_20261005-094315_clu_vm24_rate20_lat1node_r3,2,546,1791193522145,0,1791193522150.478,93.178,8.321,1791193522252.15,Normal,0.767
vm2,147742,20261005-094315_clu_vm24_rate20_lat1node_r3,2210,perf_20261005-094315_clu_vm24_rate20_lat1node_r3,2,547,1791193522245,0,1791193522255.011,51.598,5.71,1791193522312.491,Normal,0.9375
vm2,147742,20261005-094315_clu_vm24_rate20_lat1node_r3,2211,perf_20261005-094315_clu_vm24_rate20_lat1node_r3,2,548,1791193522296,0,1791193522315.207,52.826,6.134,1791193522374.352,Normal,0.9309
vm2,147742,20261005-094315_clu_vm24_rate20_lat1node_r3,2213,perf_20261005-094315_clu_vm24_rate20_lat1node_r3,2,549,1791193522395,0,1791193522401.656,57.458,5.162,1791193522464.459,Normal,0.9375
vm2,147742,20261005-094315_clu_vm24_rate20_lat1node_r3,2217,perf_20261005-094315_clu_vm24_rate20_lat1node_r3,2,550,1791193522595,0,1791193522600.643,62.925,4.995,1791193522668.752,Normal,0.9608
vm2,147742,20261005-094315_clu_vm24_rate20_lat1node_r3,2219,perf_20261005-094315_clu_vm24_rate20_lat1node_r3,2,551,1791193522695,0,1791193522702.108,62.721,4.544,1791193522769.567,Normal,0.7799
vm2,147742,20261005-094315_clu_vm24_rate20_lat1node_r3,2221,perf_20261005-094315_clu_vm24_rate20_lat1node_r3,2,552,1791193522795,0,1791193522800.438,73.177,4.455,1791193522878.266,Normal,0.958
vm2,147742,20261005-094315_clu_vm24_rate20_lat1node_r3,2225,perf_20261005-094315_clu_vm24_rate20_lat1node_r3,2,553,1791193522995,0,1791193523000.219,61.359,4.908,1791193523066.666,Normal,0.9243
vm2,147742,20261005-094315_clu_vm24_rate20_lat1node_r3,2227,perf_20261005-094315_clu_vm24_rate20_lat1node_r3,2,554,1791193523095,0,1791193523100.148,96.119,6.199,1791193523202.65,Normal,0.9618
vm2,147742,20261005-094315_clu_vm24_rate20_lat1node_r3,2229,perf_20261005-094315_clu_vm24_rate20_lat1node_r3,2,555,1791193523195,0,1791193523205.079,57.363,5.219,1791193523267.833,Normal,0.9728
vm2,147742,20261005-094315_clu_vm24_rate20_lat1node_r3,2230,perf_20261005-094315_clu_vm24_rate20_lat1node_r3,2,556,1791193523245,0,1791193523270.408,57.95,5.672,1791193523334.207,Normal,0.9606
vm2,147742,20261005-094315_clu_vm24_rate20_lat1node_r3,2231,perf_20261005-094315_clu_vm24_rate20_lat1node_r3,2,557,1791193523295,0,1791193523336.882,71.495,5.668,1791193523414.229,Normal,0.7756
vm2,147742,20261005-094315_clu_vm24_rate20_lat1node_r3,2235,perf_20261005-094315_clu_vm24_rate20_lat1node_r3,2,558,1791193523495,0,1791193523500.241,67.208,6.848,1791193523574.48,Normal,0.956
vm2,147742,20261005-094315_clu_vm24_rate20_lat1node_r3,2236,perf_20261005-094315_clu_vm24_rate20_lat1node_r3,2,559,1791193523545,0,1791193523579.404,50.286,4.804,1791193523634.668,Normal,0.9189
vm2,147742,20261005-094315_clu_vm24_rate20_lat1node_r3,2237,perf_20261005-094315_clu_vm24_rate20_lat1node_r3,2,560,1791193523595,0,1791193523638.113,56.338,5.79,1791193523700.408,Normal,0.892
vm2,147742,20261005-094315_clu_vm24_rate20_lat1node_r3,2238,perf_20261005-094315_clu_vm24_rate20_lat1node_r3,2,561,1791193523650,0,1791193523702.734,69.124,6.541,1791193523778.581,Normal,0.9303
vm2,147742,20261005-094315_clu_vm24_rate20_lat1node_r3,2251,perf_20261005-094315_clu_vm24_rate20_lat1node_r3,2,562,1791193524295,0,1791193524300.898,59.441,5.08,1791193524365.592,Normal,0.6873
vm2,147742,20261005-094315_clu_vm24_rate20_lat1node_r3,2252,perf_20261005-094315_clu_vm24_rate20_lat1node_r3,2,563,1791193524345,0,1791193524368.296,50.942,5.42,1791193524424.835,Normal,0.903
vm2,147742,20261005-094315_clu_vm24_rate20_lat1node_r3,2253,perf_20261005-094315_clu_vm24_rate20_lat1node_r3,2,564,1791193524395,0,1791193524427.556,76.463,4.773,1791193524508.974,Normal,0.9498
vm2,147742,20261005-094315_clu_vm24_rate20_lat1node_r3,2265,perf_20261005-094315_clu_vm24_rate20_lat1node_r3,2,565,1791193524995,0,1791193525000.198,66.37,4.849,1791193525071.622,Normal,0.9204
vm2,147742,20261005-094315_clu_vm24_rate20_lat1node_r3,2267,perf_20261005-094315_clu_vm24_rate20_lat1node_r3,2,566,1791193525095,0,1791193525100.192,58.648,4.617,1791193525163.637,Normal,0.9375
vm2,147742,20261005-094315_clu_vm24_rate20_lat1node_r3,2275,perf_20261005-094315_clu_vm24_rate20_lat1node_r3,2,567,1791193525495,0,1791193525500.335,67.291,5.138,1791193525572.945,Normal,0.9606
vm2,147742,20261005-094315_clu_vm24_rate20_lat1node_r3,2276,perf_20261005-094315_clu_vm24_rate20_lat1node_r3,2,568,1791193525545,0,1791193525575.562,64.548,5.327,1791193525645.638,Normal,0.9422
vm2,147742,20261005-094315_clu_vm24_rate20_lat1node_r3,2281,perf_20261005-094315_clu_vm24_rate20_lat1node_r3,2,569,1791193525795,0,1791193525800.479,71.269,5.371,1791193525877.311,Normal,0.6375
vm2,147742,20261005-094315_clu_vm24_rate20_lat1node_r3,2282,perf_20261005-094315_clu_vm24_rate20_lat1node_r3,2,570,1791193525845,0,1791193525879.896,60.436,5.383,1791193525945.885,Normal,0.9228
vm2,147742,20261005-094315_clu_vm24_rate20_lat1node_r3,2283,perf_20261005-094315_clu_vm24_rate20_lat1node_r3,2,571,1791193525895,0,1791193525948.582,66.73,5.168,1791193526020.719,Normal,0.9342
vm2,147742,20261005-094315_clu_vm24_rate20_lat1node_r3,2285,perf_20261005-094315_clu_vm24_rate20_lat1node_r3,2,572,1791193525995,0,1791193526023.321,75.797,4.93,1791193526104.212,Normal,0.9765
vm2,147742,20261005-094315_clu_vm24_rate20_lat1node_r3,2286,perf_20261005-094315_clu_vm24_rate20_lat1node_r3,2,573,1791193526045,0,1791193526107.128,87.435,5.152,1791193526199.896,OFFENSIVE,0.3833
vm2,147742,20261005-094315_clu_vm24_rate20_lat1node_r3,2291,perf_20261005-094315_clu_vm24_rate20_lat1node_r3,2,574,1791193526295,0,1791193526300.314,69.978,4.67,1791193526375.149,Normal,0.9427
vm2,147742,20261005-094315_clu_vm24_rate20_lat1node_r3,2292,perf_20261005-094315_clu_vm24_rate20_lat1node_r3,2,575,1791193526345,0,1791193526377.782,54.268,5.33,1791193526437.559,Normal,0.9499
vm2,147742,20261005-094315_clu_vm24_rate20_lat1node_r3,2295,perf_20261005-094315_clu_vm24_rate20_lat1node_r3,2,576,1791193526495,0,1791193526500.41,85.467,5.261,1791193526591.32,Normal,0.8185
vm2,147742,20261005-094315_clu_vm24_rate20_lat1node_r3,2296,perf_20261005-094315_clu_vm24_rate20_lat1node_r3,2,577,1791193526545,0,1791193526593.679,54.187,5.105,1791193526653.146,Normal,0.9608
vm2,147742,20261005-094315_clu_vm24_rate20_lat1node_r3,2300,perf_20261005-094315_clu_vm24_rate20_lat1node_r3,2,578,1791193526745,0,1791193526750.731,61.448,4.827,1791193526817.198,Normal,0.931
vm2,147742,20261005-094315_clu_vm24_rate20_lat1node_r3,2302,perf_20261005-094315_clu_vm24_rate20_lat1node_r3,2,579,1791193526845,0,1791193526849.632,78.36,4.911,1791193526933.073,Normal,0.9682
vm2,147742,20261005-094315_clu_vm24_rate20_lat1node_r3,2304,perf_20261005-094315_clu_vm24_rate20_lat1node_r3,2,580,1791193526945,0,1791193526949.699,60.894,4.702,1791193527015.468,Normal,0.8791
vm2,147742,20261005-094315_clu_vm24_rate20_lat1node_r3,2312,perf_20261005-094315_clu_vm24_rate20_lat1node_r3,2,581,1791193527345,0,1791193527351.706,71.7,5.194,1791193527428.784,Normal,0.9699
vm2,147742,20261005-094315_clu_vm24_rate20_lat1node_r3,2320,perf_20261005-094315_clu_vm24_rate20_lat1node_r3,2,582,1791193527745,0,1791193527751.641,62.579,4.679,1791193527819.08,Normal,0.9424
vm2,147742,20261005-094315_clu_vm24_rate20_lat1node_r3,2325,perf_20261005-094315_clu_vm24_rate20_lat1node_r3,2,583,1791193527995,0,1791193528000.657,78.477,5.107,1791193528084.426,Normal,0.8525
vm2,147742,20261005-094315_clu_vm24_rate20_lat1node_r3,2329,perf_20261005-094315_clu_vm24_rate20_lat1node_r3,2,584,1791193528195,0,1791193528201.357,80.758,4.673,1791193528286.962,Normal,0.9552
vm2,147742,20261005-094315_clu_vm24_rate20_lat1node_r3,2336,perf_20261005-094315_clu_vm24_rate20_lat1node_r3,2,585,1791193528545,0,1791193528550.894,72.61,5.353,1791193528629.048,Normal,0.881
vm2,147742,20261005-094315_clu_vm24_rate20_lat1node_r3,2337,perf_20261005-094315_clu_vm24_rate20_lat1node_r3,2,586,1791193528595,0,1791193528631.676,53.512,5.275,1791193528690.698,Normal,0.9389
vm2,147742,20261005-094315_clu_vm24_rate20_lat1node_r3,2341,perf_20261005-094315_clu_vm24_rate20_lat1node_r3,2,587,1791193528795,0,1791193528800.449,264.066,5.028,1791193529069.706,Normal,0.9407
vm2,147742,20261005-094315_clu_vm24_rate20_lat1node_r3,2344,perf_20261005-094315_clu_vm24_rate20_lat1node_r3,2,588,1791193528945,0,1791193529072.835,63.243,5.562,1791193529141.801,Normal,0.9768
vm2,147742,20261005-094315_clu_vm24_rate20_lat1node_r3,2346,perf_20261005-094315_clu_vm24_rate20_lat1node_r3,2,589,1791193529045,0,1791193529141.971,75.095,6.151,1791193529223.476,Normal,0.8414
vm2,147742,20261005-094315_clu_vm24_rate20_lat1node_r3,2347,perf_20261005-094315_clu_vm24_rate20_lat1node_r3,2,590,1791193529095,0,1791193529227.185,57.117,6.155,1791193529290.651,Normal,0.9454
vm2,147742,20261005-094315_clu_vm24_rate20_lat1node_r3,2349,perf_20261005-094315_clu_vm24_rate20_lat1node_r3,2,591,1791193529195,0,1791193529290.969,62.645,4.712,1791193529358.501,Normal,0.9584
vm2,147742,20261005-094315_clu_vm24_rate20_lat1node_r3,2352,perf_20261005-094315_clu_vm24_rate20_lat1node_r3,2,592,1791193529345,0,1791193529361.294,58.037,4.585,1791193529424.088,Normal,0.8532
vm2,147742,20261005-094315_clu_vm24_rate20_lat1node_r3,2361,perf_20261005-094315_clu_vm24_rate20_lat1node_r3,2,593,1791193529795,0,1791193529799.565,90.115,5.887,1791193529895.754,OFFENSIVE,0.832
vm2,147742,20261005-094315_clu_vm24_rate20_lat1node_r3,2363,perf_20261005-094315_clu_vm24_rate20_lat1node_r3,2,594,1791193529895,0,1791193529900.243,70.054,5.827,1791193529976.397,HATE,0.872
vm2,147742,20261005-094315_clu_vm24_rate20_lat1node_r3,2364,perf_20261005-094315_clu_vm24_rate20_lat1node_r3,2,595,1791193529945,0,1791193529979.218,76.987,5.303,1791193530061.699,Normal,0.9725
vm2,147742,20261005-094315_clu_vm24_rate20_lat1node_r3,2368,perf_20261005-094315_clu_vm24_rate20_lat1node_r3,2,596,1791193530145,0,1791193530150.422,112.098,5.082,1791193530267.797,Normal,0.9632
vm2,147742,20261005-094315_clu_vm24_rate20_lat1node_r3,2370,perf_20261005-094315_clu_vm24_rate20_lat1node_r3,2,597,1791193530245,0,1791193530270.453,76.156,5.34,1791193530352.136,Normal,0.9447
vm2,147742,20261005-094315_clu_vm24_rate20_lat1node_r3,2372,perf_20261005-094315_clu_vm24_rate20_lat1node_r3,2,598,1791193530345,0,1791193530355.238,75.047,5.583,1791193530436.058,Normal,0.8975
vm2,147742,20261005-094315_clu_vm24_rate20_lat1node_r3,2374,perf_20261005-094315_clu_vm24_rate20_lat1node_r3,2,599,1791193530445,0,1791193530450.074,70.366,5.165,1791193530525.797,Normal,0.9135
vm2,147742,20261005-094315_clu_vm24_rate20_lat1node_r3,2375,perf_20261005-094315_clu_vm24_rate20_lat1node_r3,2,600,1791193530495,0,1791193530528.63,74.495,5.031,1791193530608.337,Normal,0.8999
vm2,147742,20261005-094315_clu_vm24_rate20_lat1node_r3,2376,perf_20261005-094315_clu_vm24_rate20_lat1node_r3,2,601,1791193530545,0,1791193530611.01,135.358,5.359,1791193530751.92,Normal,0.9272
vm2,147742,20261005-094315_clu_vm24_rate20_lat1node_r3,2386,perf_20261005-094315_clu_vm24_rate20_lat1node_r3,2,602,1791193531045,0,1791193531050.32,91.248,6.026,1791193531147.824,Normal,0.898
vm2,147742,20261005-094315_clu_vm24_rate20_lat1node_r3,2389,perf_20261005-094315_clu_vm24_rate20_lat1node_r3,2,603,1791193531195,0,1791193531200.52,80.201,7.384,1791193531288.301,Normal,0.9375
vm2,147742,20261005-094315_clu_vm24_rate20_lat1node_r3,2390,perf_20261005-094315_clu_vm24_rate20_lat1node_r3,2,604,1791193531245,0,1791193531290.936,81.14,6.403,1791193531378.671,Normal,0.9669
vm2,147742,20261005-094315_clu_vm24_rate20_lat1node_r3,2391,perf_20261005-094315_clu_vm24_rate20_lat1node_r3,2,605,1791193531295,0,1791193531381.526,96.344,5.249,1791193531483.314,Normal,0.902
vm2,147742,20261005-094315_clu_vm24_rate20_lat1node_r3,2394,perf_20261005-094315_clu_vm24_rate20_lat1node_r3,2,606,1791193531445,0,1791193531485.978,89.962,4.651,1791193531580.78,Normal,0.9462
vm2,147742,20261005-094315_clu_vm24_rate20_lat1node_r3,2396,perf_20261005-094315_clu_vm24_rate20_lat1node_r3,2,607,1791193531545,0,1791193531583.438,80.584,5.152,1791193531669.365,Normal,0.9708
vm2,147742,20261005-094315_clu_vm24_rate20_lat1node_r3,2397,perf_20261005-094315_clu_vm24_rate20_lat1node_r3,2,608,1791193531595,0,1791193531672.18,74.401,4.678,1791193531751.449,Normal,0.9375
vm2,147742,20261005-094315_clu_vm24_rate20_lat1node_r3,2400,perf_20261005-094315_clu_vm24_rate20_lat1node_r3,2,609,1791193531745,0,1791193531753.969,73.414,5.104,1791193531832.675,Normal,0.9127
vm2,147742,20261005-094315_clu_vm24_rate20_lat1node_r3,2401,perf_20261005-094315_clu_vm24_rate20_lat1node_r3,2,610,1791193531795,0,1791193531835.35,83.54,5.306,1791193531924.403,Normal,0.7874
vm2,147742,20261005-094315_clu_vm24_rate20_lat1node_r3,2406,perf_20261005-094315_clu_vm24_rate20_lat1node_r3,2,611,1791193532046,0,1791193532051.044,91.959,5.126,1791193532148.328,Normal,0.9401
vm2,147742,20261005-094315_clu_vm24_rate20_lat1node_r3,2413,perf_20261005-094315_clu_vm24_rate20_lat1node_r3,2,612,1791193532395,0,1791193532399.485,79.73,4.873,1791193532484.289,Normal,0.9553
vm2,147742,20261005-094315_clu_vm24_rate20_lat1node_r3,2431,perf_20261005-094315_clu_vm24_rate20_lat1node_r3,2,613,1791193533295,0,1791193533301.023,80.056,5.037,1791193533386.426,Normal,0.9423
vm2,147742,20261005-094315_clu_vm24_rate20_lat1node_r3,2432,perf_20261005-094315_clu_vm24_rate20_lat1node_r3,2,614,1791193533346,0,1791193533389.126,70.322,5.312,1791193533464.946,Normal,0.9638
vm2,147742,20261005-094315_clu_vm24_rate20_lat1node_r3,2438,perf_20261005-094315_clu_vm24_rate20_lat1node_r3,2,615,1791193533645,0,1791193533650.408,94.591,5.825,1791193533751.036,Normal,0.8891
vm2,147742,20261005-094315_clu_vm24_rate20_lat1node_r3,2442,perf_20261005-094315_clu_vm24_rate20_lat1node_r3,2,616,1791193533845,0,1791193533850.638,85.39,5.178,1791193533941.401,Normal,0.9571
vm2,147742,20261005-094315_clu_vm24_rate20_lat1node_r3,2451,perf_20261005-094315_clu_vm24_rate20_lat1node_r3,2,617,1791193534295,0,1791193534302.228,79.88,5.884,1791193534388.191,Normal,0.8992
vm2,147742,20261005-094315_clu_vm24_rate20_lat1node_r3,2456,perf_20261005-094315_clu_vm24_rate20_lat1node_r3,2,618,1791193534545,0,1791193534550.423,101.336,5.211,1791193534657.164,Normal,0.8845
vm2,147742,20261005-094315_clu_vm24_rate20_lat1node_r3,2458,perf_20261005-094315_clu_vm24_rate20_lat1node_r3,2,619,1791193534645,0,1791193534659.747,74.541,5.558,1791193534740.029,Normal,0.9423
vm2,147742,20261005-094315_clu_vm24_rate20_lat1node_r3,2462,perf_20261005-094315_clu_vm24_rate20_lat1node_r3,2,620,1791193534845,0,1791193534850.634,94.957,5.687,1791193534951.48,Normal,0.9566
vm2,147742,20261005-094315_clu_vm24_rate20_lat1node_r3,2465,perf_20261005-094315_clu_vm24_rate20_lat1node_r3,2,621,1791193534995,0,1791193535000.405,98.305,5.1,1791193535104.011,Normal,0.9149
vm2,147742,20261005-094315_clu_vm24_rate20_lat1node_r3,2467,perf_20261005-094315_clu_vm24_rate20_lat1node_r3,2,622,1791193535095,0,1791193535106.503,65.975,4.807,1791193535177.472,Normal,0.9552
vm2,147742,20261005-094315_clu_vm24_rate20_lat1node_r3,2482,perf_20261005-094315_clu_vm24_rate20_lat1node_r3,2,623,1791193535845,0,1791193535850.677,82.931,4.557,1791193535938.363,Normal,0.9423
vm2,147742,20261005-094315_clu_vm24_rate20_lat1node_r3,2489,perf_20261005-094315_clu_vm24_rate20_lat1node_r3,2,624,1791193536196,0,1791193536201.307,80.832,5.287,1791193536287.623,Normal,0.9641
vm2,147742,20261005-094315_clu_vm24_rate20_lat1node_r3,2491,perf_20261005-094315_clu_vm24_rate20_lat1node_r3,2,625,1791193536295,0,1791193536299.58,90.67,5.079,1791193536395.514,Normal,0.9144
vm2,147742,20261005-094315_clu_vm24_rate20_lat1node_r3,2496,perf_20261005-094315_clu_vm24_rate20_lat1node_r3,2,626,1791193536545,0,1791193536550.735,75.69,4.989,1791193536631.607,Normal,0.9657
vm2,147742,20261005-094315_clu_vm24_rate20_lat1node_r3,2501,perf_20261005-094315_clu_vm24_rate20_lat1node_r3,2,627,1791193536795,0,1791193536800.285,86.737,5.372,1791193536892.585,Normal,0.8787
vm2,147742,20261005-094315_clu_vm24_rate20_lat1node_r3,2504,perf_20261005-094315_clu_vm24_rate20_lat1node_r3,2,628,1791193536945,0,1791193536950.365,87.253,4.642,1791193537042.467,Normal,0.9652
vm2,147742,20261005-094315_clu_vm24_rate20_lat1node_r3,2506,perf_20261005-094315_clu_vm24_rate20_lat1node_r3,2,629,1791193537045,0,1791193537049.261,81.52,5.809,1791193537136.773,Normal,0.9445
vm2,147742,20261005-094315_clu_vm24_rate20_lat1node_r3,2512,perf_20261005-094315_clu_vm24_rate20_lat1node_r3,2,630,1791193537345,0,1791193537350.943,121.51,5.348,1791193537478.002,Normal,0.9611
vm2,147742,20261005-094315_clu_vm24_rate20_lat1node_r3,2514,perf_20261005-094315_clu_vm24_rate20_lat1node_r3,2,631,1791193537445,0,1791193537480.721,72.04,5.333,1791193537558.306,Normal,0.9261
vm2,147742,20261005-094315_clu_vm24_rate20_lat1node_r3,2516,perf_20261005-094315_clu_vm24_rate20_lat1node_r3,2,632,1791193537545,0,1791193537560.883,75.869,5.389,1791193537642.333,Normal,0.9712
vm2,147742,20261005-094315_clu_vm24_rate20_lat1node_r3,2517,perf_20261005-094315_clu_vm24_rate20_lat1node_r3,2,633,1791193537595,0,1791193537644.846,78.349,4.966,1791193537728.353,Normal,0.8281
vm2,147742,20261005-094315_clu_vm24_rate20_lat1node_r3,2521,perf_20261005-094315_clu_vm24_rate20_lat1node_r3,2,634,1791193537795,0,1791193537800.134,97.19,4.921,1791193537902.437,Normal,0.9581
vm2,147742,20261005-094315_clu_vm24_rate20_lat1node_r3,2522,perf_20261005-094315_clu_vm24_rate20_lat1node_r3,2,635,1791193537845,0,1791193537905.031,143.836,4.662,1791193538053.72,Normal,0.976
vm2,147742,20261005-094315_clu_vm24_rate20_lat1node_r3,2527,perf_20261005-094315_clu_vm24_rate20_lat1node_r3,2,636,1791193538095,0,1791193538100.418,98.114,6.232,1791193538204.958,Normal,0.9291
vm2,147742,20261005-094315_clu_vm24_rate20_lat1node_r3,2529,perf_20261005-094315_clu_vm24_rate20_lat1node_r3,2,637,1791193538196,0,1791193538208.11,80.642,5.309,1791193538294.251,Normal,0.9423
vm2,147742,20261005-094315_clu_vm24_rate20_lat1node_r3,2533,perf_20261005-094315_clu_vm24_rate20_lat1node_r3,2,638,1791193538395,0,1791193538400.4,88.863,4.884,1791193538494.338,Normal,0.72
vm2,147742,20261005-094315_clu_vm24_rate20_lat1node_r3,2540,perf_20261005-094315_clu_vm24_rate20_lat1node_r3,2,639,1791193538745,0,1791193538750.175,77.13,5.169,1791193538832.676,Normal,0.8813
vm2,147742,20261005-094315_clu_vm24_rate20_lat1node_r3,2541,perf_20261005-094315_clu_vm24_rate20_lat1node_r3,2,640,1791193538795,0,1791193538835.425,82.273,4.777,1791193538922.657,Normal,0.9247
vm2,147742,20261005-094315_clu_vm24_rate20_lat1node_r3,2545,perf_20261005-094315_clu_vm24_rate20_lat1node_r3,2,641,1791193538995,0,1791193539000.763,79.409,5.699,1791193539086.075,Normal,0.9423
vm2,147742,20261005-094315_clu_vm24_rate20_lat1node_r3,2546,perf_20261005-094315_clu_vm24_rate20_lat1node_r3,2,642,1791193539045,0,1791193539089.022,74.948,5.34,1791193539169.501,Normal,0.9561
vm2,147742,20261005-094315_clu_vm24_rate20_lat1node_r3,2550,perf_20261005-094315_clu_vm24_rate20_lat1node_r3,2,643,1791193539245,0,1791193539250.482,91.676,5.187,1791193539347.546,Normal,0.9677
vm2,147742,20261005-094315_clu_vm24_rate20_lat1node_r3,2553,perf_20261005-094315_clu_vm24_rate20_lat1node_r3,2,644,1791193539395,0,1791193539399.831,82.335,5.079,1791193539487.443,Normal,0.9633
vm2,147742,20261005-094315_clu_vm24_rate20_lat1node_r3,2560,perf_20261005-094315_clu_vm24_rate20_lat1node_r3,2,645,1791193539745,0,1791193539750.223,77.446,5.217,1791193539833.081,Normal,0.9195
vm2,147742,20261005-094315_clu_vm24_rate20_lat1node_r3,2562,perf_20261005-094315_clu_vm24_rate20_lat1node_r3,2,646,1791193539845,0,1791193539849.664,74.355,5.397,1791193539929.613,Normal,0.6822
vm2,147742,20261005-094315_clu_vm24_rate20_lat1node_r3,2566,perf_20261005-094315_clu_vm24_rate20_lat1node_r3,2,647,1791193540045,0,1791193540050.938,99.286,5.541,1791193540155.957,Normal,0.964
vm2,147742,20261005-094315_clu_vm24_rate20_lat1node_r3,2567,perf_20261005-094315_clu_vm24_rate20_lat1node_r3,2,648,1791193540095,0,1791193540158.839,131.714,5.579,1791193540296.322,Normal,0.9813
vm2,147742,20261005-094315_clu_vm24_rate20_lat1node_r3,2571,perf_20261005-094315_clu_vm24_rate20_lat1node_r3,2,649,1791193540295,0,1791193540299.974,155.22,6.042,1791193540461.427,Normal,0.9757
vm2,147742,20261005-094315_clu_vm24_rate20_lat1node_r3,2577,perf_20261005-094315_clu_vm24_rate20_lat1node_r3,2,650,1791193540595,0,1791193540600.064,97.102,5.211,1791193540702.585,Normal,0.9539
vm2,147742,20261005-094315_clu_vm24_rate20_lat1node_r3,2581,perf_20261005-094315_clu_vm24_rate20_lat1node_r3,2,651,1791193540795,0,1791193540799.872,74.061,5.306,1791193540879.424,Normal,0.956
vm2,147742,20261005-094315_clu_vm24_rate20_lat1node_r3,2584,perf_20261005-094315_clu_vm24_rate20_lat1node_r3,2,652,1791193540945,0,1791193540950.05,72.823,4.509,1791193541027.601,Normal,0.781
vm2,147742,20261005-094315_clu_vm24_rate20_lat1node_r3,2585,perf_20261005-094315_clu_vm24_rate20_lat1node_r3,2,653,1791193540995,0,1791193541030.174,52.428,4.951,1791193541087.73,Normal,0.9572
vm2,147742,20261005-094315_clu_vm24_rate20_lat1node_r3,2590,perf_20261005-094315_clu_vm24_rate20_lat1node_r3,2,654,1791193541245,0,1791193541250.225,64.979,6.32,1791193541321.714,Normal,0.8772
vm2,147742,20261005-094315_clu_vm24_rate20_lat1node_r3,2592,perf_20261005-094315_clu_vm24_rate20_lat1node_r3,2,655,1791193541345,0,1791193541349.818,83.792,5.367,1791193541439.163,Normal,0.9673
vm2,147742,20261005-094315_clu_vm24_rate20_lat1node_r3,2595,perf_20261005-094315_clu_vm24_rate20_lat1node_r3,2,656,1791193541495,0,1791193541500.072,73.56,4.705,1791193541578.527,Normal,0.9304
vm2,147742,20261005-094315_clu_vm24_rate20_lat1node_r3,2604,perf_20261005-094315_clu_vm24_rate20_lat1node_r3,2,657,1791193541945,0,1791193541950.076,58.548,5.318,1791193542014.13,Normal,0.9256
vm2,147742,20261005-094315_clu_vm24_rate20_lat1node_r3,2616,perf_20261005-094315_clu_vm24_rate20_lat1node_r3,2,658,1791193542545,0,1791193542550.046,63.307,4.9,1791193542618.455,Normal,0.9324
vm2,147742,20261005-094315_clu_vm24_rate20_lat1node_r3,2617,perf_20261005-094315_clu_vm24_rate20_lat1node_r3,2,659,1791193542595,0,1791193542620.947,86.245,5.221,1791193542712.6,Normal,0.9616
vm2,147742,20261005-094315_clu_vm24_rate20_lat1node_r3,2623,perf_20261005-094315_clu_vm24_rate20_lat1node_r3,2,660,1791193542895,0,1791193542900.024,66.978,5.487,1791193542972.706,Normal,0.8008
vm2,147742,20261005-094315_clu_vm24_rate20_lat1node_r3,2624,perf_20261005-094315_clu_vm24_rate20_lat1node_r3,2,661,1791193542945,0,1791193542975.222,62.063,5.745,1791193543043.215,Normal,0.7771
vm2,147742,20261005-094315_clu_vm24_rate20_lat1node_r3,2627,perf_20261005-094315_clu_vm24_rate20_lat1node_r3,2,662,1791193543095,0,1791193543100.106,54.057,5.024,1791193543159.372,Normal,0.9704
vm2,147742,20261005-094315_clu_vm24_rate20_lat1node_r3,2638,perf_20261005-094315_clu_vm24_rate20_lat1node_r3,2,663,1791193543645,0,1791193543650.433,73.605,4.957,1791193543729.191,Normal,0.7809
vm2,147742,20261005-094315_clu_vm24_rate20_lat1node_r3,2641,perf_20261005-094315_clu_vm24_rate20_lat1node_r3,2,664,1791193543795,0,1791193543800.252,69.975,5.788,1791193543876.201,Normal,0.962
vm2,147742,20261005-094315_clu_vm24_rate20_lat1node_r3,2652,perf_20261005-094315_clu_vm24_rate20_lat1node_r3,2,665,1791193544345,0,1791193544350.599,74.047,4.936,1791193544429.769,Normal,0.9647
vm2,147742,20261005-094315_clu_vm24_rate20_lat1node_r3,2653,perf_20261005-094315_clu_vm24_rate20_lat1node_r3,2,666,1791193544395,0,1791193544432.188,69.854,6.294,1791193544508.744,Normal,0.9718
vm2,147742,20261005-094315_clu_vm24_rate20_lat1node_r3,2659,perf_20261005-094315_clu_vm24_rate20_lat1node_r3,2,667,1791193544695,0,1791193544700.221,74.977,4.344,1791193544779.729,Normal,0.9466
vm2,147742,20261005-094315_clu_vm24_rate20_lat1node_r3,2661,perf_20261005-094315_clu_vm24_rate20_lat1node_r3,2,668,1791193544795,0,1791193544799.167,147.748,5.024,1791193544952.118,Normal,0.9446
vm2,147742,20261005-094315_clu_vm24_rate20_lat1node_r3,2678,perf_20261005-094315_clu_vm24_rate20_lat1node_r3,2,669,1791193545645,0,1791193545650.492,64.337,4.663,1791193545719.681,Normal,0.8525
vm2,147742,20261005-094315_clu_vm24_rate20_lat1node_r3,2680,perf_20261005-094315_clu_vm24_rate20_lat1node_r3,2,670,1791193545745,0,1791193545749.36,56.924,4.455,1791193545810.922,Normal,0.9375
vm2,147742,20261005-094315_clu_vm24_rate20_lat1node_r3,2683,perf_20261005-094315_clu_vm24_rate20_lat1node_r3,2,671,1791193545895,0,1791193545900.12,73.898,5.308,1791193545979.51,Normal,0.9276
vm2,147742,20261005-094315_clu_vm24_rate20_lat1node_r3,2684,perf_20261005-094315_clu_vm24_rate20_lat1node_r3,2,672,1791193545945,0,1791193545981.829,73.208,5.451,1791193546060.669,Normal,0.9515
vm2,147742,20261005-094315_clu_vm24_rate20_lat1node_r3,2703,perf_20261005-094315_clu_vm24_rate20_lat1node_r3,2,673,1791193546895,0,1791193546900.139,66.98,5.017,1791193546972.326,OFFENSIVE,0.4995
vm2,147742,20261005-094315_clu_vm24_rate20_lat1node_r3,2707,perf_20261005-094315_clu_vm24_rate20_lat1node_r3,2,674,1791193547095,0,1791193547100.068,107.48,5.625,1791193547213.374,Normal,0.9543
vm2,147742,20261005-094315_clu_vm24_rate20_lat1node_r3,2714,perf_20261005-094315_clu_vm24_rate20_lat1node_r3,2,675,1791193547445,0,1791193547451.086,74.796,4.7,1791193547530.77,Normal,0.8908
vm2,147742,20261005-094315_clu_vm24_rate20_lat1node_r3,2715,perf_20261005-094315_clu_vm24_rate20_lat1node_r3,2,676,1791193547495,0,1791193547533.381,52.899,4.821,1791193547591.276,Normal,0.9047
vm2,147742,20261005-094315_clu_vm24_rate20_lat1node_r3,2718,perf_20261005-094315_clu_vm24_rate20_lat1node_r3,2,677,1791193547645,0,1791193547650.575,61.827,5.195,1791193547717.776,Normal,0.9201
vm2,147742,20261005-094315_clu_vm24_rate20_lat1node_r3,2721,perf_20261005-094315_clu_vm24_rate20_lat1node_r3,2,678,1791193547795,0,1791193547801.124,59.754,4.345,1791193547865.414,Normal,0.9239
vm2,147742,20261005-094315_clu_vm24_rate20_lat1node_r3,2722,perf_20261005-094315_clu_vm24_rate20_lat1node_r3,2,679,1791193547845,0,1791193547868.712,74.782,5.824,1791193547949.489,Normal,0.9275
vm2,147742,20261005-094315_clu_vm24_rate20_lat1node_r3,2726,perf_20261005-094315_clu_vm24_rate20_lat1node_r3,2,680,1791193548045,0,1791193548050.747,73.325,5.882,1791193548130.149,Normal,0.963
vm2,147742,20261005-094315_clu_vm24_rate20_lat1node_r3,2730,perf_20261005-094315_clu_vm24_rate20_lat1node_r3,2,681,1791193548245,0,1791193548251.029,80.204,4.702,1791193548336.117,Normal,0.9656
vm2,147742,20261005-094315_clu_vm24_rate20_lat1node_r3,2733,perf_20261005-094315_clu_vm24_rate20_lat1node_r3,2,682,1791193548395,0,1791193548401.903,92.55,5.334,1791193548499.966,Normal,0.9662
vm2,147742,20261005-094315_clu_vm24_rate20_lat1node_r3,2739,perf_20261005-094315_clu_vm24_rate20_lat1node_r3,2,683,1791193548695,0,1791193548700.628,103.811,5.5,1791193548810.122,Normal,0.8766
vm2,147742,20261005-094315_clu_vm24_rate20_lat1node_r3,2746,perf_20261005-094315_clu_vm24_rate20_lat1node_r3,2,684,1791193549045,0,1791193549050.842,61.241,6.129,1791193549118.401,Normal,0.9556
vm2,147742,20261005-094315_clu_vm24_rate20_lat1node_r3,2747,perf_20261005-094315_clu_vm24_rate20_lat1node_r3,2,685,1791193549095,0,1791193549121.545,196.687,5.801,1791193549324.242,Normal,0.9482
vm2,147742,20261005-094315_clu_vm24_rate20_lat1node_r3,2748,perf_20261005-094315_clu_vm24_rate20_lat1node_r3,2,686,1791193549145,0,1791193549327.885,87.345,5.403,1791193549420.822,Normal,0.9668
vm2,147742,20261005-094315_clu_vm24_rate20_lat1node_r3,2749,perf_20261005-094315_clu_vm24_rate20_lat1node_r3,2,687,1791193549195,0,1791193549421.126,57.922,5.711,1791193549484.964,Normal,0.9094
vm2,147742,20261005-094315_clu_vm24_rate20_lat1node_r3,2763,perf_20261005-094315_clu_vm24_rate20_lat1node_r3,2,688,1791193549895,0,1791193549900.78,72.572,5.09,1791193549978.625,Normal,0.9544
vm2,147742,20261005-094315_clu_vm24_rate20_lat1node_r3,2764,perf_20261005-094315_clu_vm24_rate20_lat1node_r3,2,689,1791193549945,0,1791193549980.911,67.343,5.156,1791193550053.607,Normal,0.9717
vm2,147742,20261005-094315_clu_vm24_rate20_lat1node_r3,2770,perf_20261005-094315_clu_vm24_rate20_lat1node_r3,2,690,1791193550245,0,1791193550250.138,88.58,5.188,1791193550344.104,Normal,0.9632
vm2,147742,20261005-094315_clu_vm24_rate20_lat1node_r3,2781,perf_20261005-094315_clu_vm24_rate20_lat1node_r3,2,691,1791193550795,0,1791193550799.567,54.533,5.462,1791193550859.741,Normal,0.9512
vm2,147742,20261005-094315_clu_vm24_rate20_lat1node_r3,2789,perf_20261005-094315_clu_vm24_rate20_lat1node_r3,2,692,1791193551195,0,1791193551200.014,98.576,5.028,1791193551303.835,Normal,0.9465
vm2,147742,20261005-094315_clu_vm24_rate20_lat1node_r3,2795,perf_20261005-094315_clu_vm24_rate20_lat1node_r3,2,693,1791193551495,0,1791193551501.021,77.159,5.041,1791193551583.409,Normal,0.8574
vm2,147742,20261005-094315_clu_vm24_rate20_lat1node_r3,2799,perf_20261005-094315_clu_vm24_rate20_lat1node_r3,2,694,1791193551695,0,1791193551700.994,66.043,5.419,1791193551772.646,Normal,0.9221
vm2,147742,20261005-094315_clu_vm24_rate20_lat1node_r3,2810,perf_20261005-094315_clu_vm24_rate20_lat1node_r3,2,695,1791193552245,0,1791193552250.449,80.716,5.288,1791193552336.658,Normal,0.8985
vm2,147742,20261005-094315_clu_vm24_rate20_lat1node_r3,2814,perf_20261005-094315_clu_vm24_rate20_lat1node_r3,2,696,1791193552445,0,1791193552450.411,69.94,4.974,1791193552525.513,Normal,0.9483
vm2,147742,20261005-094315_clu_vm24_rate20_lat1node_r3,2816,perf_20261005-094315_clu_vm24_rate20_lat1node_r3,2,697,1791193552545,0,1791193552549.932,58.176,4.452,1791193552612.75,Normal,0.9358
vm2,147742,20261005-094315_clu_vm24_rate20_lat1node_r3,2819,perf_20261005-094315_clu_vm24_rate20_lat1node_r3,2,698,1791193552695,0,1791193552701.374,74.931,3.902,1791193552780.4,Normal,0.9772
vm2,147742,20261005-094315_clu_vm24_rate20_lat1node_r3,2825,perf_20261005-094315_clu_vm24_rate20_lat1node_r3,2,699,1791193552995,0,1791193553000.225,61.203,4.937,1791193553066.564,Normal,0.9428
vm2,147742,20261005-094315_clu_vm24_rate20_lat1node_r3,2827,perf_20261005-094315_clu_vm24_rate20_lat1node_r3,2,700,1791193553095,0,1791193553100.606,193.42,5.136,1791193553299.352,Normal,0.9789
vm2,147742,20261005-094315_clu_vm24_rate20_lat1node_r3,2828,perf_20261005-094315_clu_vm24_rate20_lat1node_r3,2,701,1791193553145,0,1791193553302.256,139.859,4.984,1791193553447.282,Normal,0.9757
vm2,147742,20261005-094315_clu_vm24_rate20_lat1node_r3,2836,perf_20261005-094315_clu_vm24_rate20_lat1node_r3,2,702,1791193553545,0,1791193553550.769,71.577,4.956,1791193553627.488,Normal,0.8767
vm2,147742,20261005-094315_clu_vm24_rate20_lat1node_r3,2838,perf_20261005-094315_clu_vm24_rate20_lat1node_r3,2,703,1791193553645,0,1791193553650.985,70.982,4.75,1791193553726.906,Normal,0.8573
vm2,147742,20261005-094315_clu_vm24_rate20_lat1node_r3,2839,perf_20261005-094315_clu_vm24_rate20_lat1node_r3,2,704,1791193553695,0,1791193553729.744,58.85,5.903,1791193553794.711,Normal,0.9591
vm2,147742,20261005-094315_clu_vm24_rate20_lat1node_r3,2844,perf_20261005-094315_clu_vm24_rate20_lat1node_r3,2,705,1791193553945,0,1791193553950.936,74.997,5.32,1791193554031.443,Normal,0.847
vm2,147742,20261005-094315_clu_vm24_rate20_lat1node_r3,2847,perf_20261005-094315_clu_vm24_rate20_lat1node_r3,2,706,1791193554095,0,1791193554101.09,64.059,5.201,1791193554170.64,Normal,0.9043
vm2,147742,20261005-094315_clu_vm24_rate20_lat1node_r3,2849,perf_20261005-094315_clu_vm24_rate20_lat1node_r3,2,707,1791193554195,0,1791193554201.785,59.732,5.865,1791193554267.558,Normal,0.9487
vm2,147742,20261005-094315_clu_vm24_rate20_lat1node_r3,2851,perf_20261005-094315_clu_vm24_rate20_lat1node_r3,2,708,1791193554295,0,1791193554300.627,108.563,6.062,1791193554415.466,Normal,0.8052
vm2,147742,20261005-094315_clu_vm24_rate20_lat1node_r3,2853,perf_20261005-094315_clu_vm24_rate20_lat1node_r3,2,709,1791193554395,0,1791193554418.398,80.806,5.585,1791193554505.02,Normal,0.9471
vm2,147742,20261005-094315_clu_vm24_rate20_lat1node_r3,2856,perf_20261005-094315_clu_vm24_rate20_lat1node_r3,2,710,1791193554545,0,1791193554550.885,97.394,5.521,1791193554653.986,Normal,0.8748
vm2,147742,20261005-094315_clu_vm24_rate20_lat1node_r3,2858,perf_20261005-094315_clu_vm24_rate20_lat1node_r3,2,711,1791193554645,0,1791193554656.842,56.816,5.291,1791193554719.114,Normal,0.9344
vm2,147742,20261005-094315_clu_vm24_rate20_lat1node_r3,2867,perf_20261005-094315_clu_vm24_rate20_lat1node_r3,2,712,1791193555095,0,1791193555100.893,83.86,4.948,1791193555189.902,Normal,0.9439
vm2,147742,20261005-094315_clu_vm24_rate20_lat1node_r3,2868,perf_20261005-094315_clu_vm24_rate20_lat1node_r3,2,713,1791193555145,0,1791193555192.834,63.878,5.076,1791193555261.973,Normal,0.9529
vm2,147742,20261005-094315_clu_vm24_rate20_lat1node_r3,2871,perf_20261005-094315_clu_vm24_rate20_lat1node_r3,2,714,1791193555295,0,1791193555301.155,205.719,5.281,1791193555512.371,Normal,0.8248
vm2,147742,20261005-094315_clu_vm24_rate20_lat1node_r3,2873,perf_20261005-094315_clu_vm24_rate20_lat1node_r3,2,715,1791193555396,0,1791193555515.622,78.173,5.383,1791193555599.368,Normal,0.5852
vm2,147742,20261005-094315_clu_vm24_rate20_lat1node_r3,2878,perf_20261005-094315_clu_vm24_rate20_lat1node_r3,2,716,1791193555645,0,1791193555650.975,61.386,5.115,1791193555717.663,Normal,0.9555
vm2,147742,20261005-094315_clu_vm24_rate20_lat1node_r3,2879,perf_20261005-094315_clu_vm24_rate20_lat1node_r3,2,717,1791193555695,0,1791193555720.111,87.245,5.762,1791193555813.3,Normal,0.9786
vm2,147742,20261005-094315_clu_vm24_rate20_lat1node_r3,2887,perf_20261005-094315_clu_vm24_rate20_lat1node_r3,2,718,1791193556095,0,1791193556101.081,71.208,4.985,1791193556177.457,Normal,0.8961
vm2,147742,20261005-094315_clu_vm24_rate20_lat1node_r3,2889,perf_20261005-094315_clu_vm24_rate20_lat1node_r3,2,719,1791193556195,0,1791193556199.384,65.682,4.895,1791193556270.174,Normal,0.9662
vm2,147742,20261005-094315_clu_vm24_rate20_lat1node_r3,2894,perf_20261005-094315_clu_vm24_rate20_lat1node_r3,2,720,1791193556445,0,1791193556450.811,84.855,4.704,1791193556540.553,Normal,0.9699
vm2,147742,20261005-094315_clu_vm24_rate20_lat1node_r3,2897,perf_20261005-094315_clu_vm24_rate20_lat1node_r3,2,721,1791193556595,0,1791193556600.329,73.72,5.284,1791193556679.518,Normal,0.9289
vm2,147742,20261005-094315_clu_vm24_rate20_lat1node_r3,2916,perf_20261005-094315_clu_vm24_rate20_lat1node_r3,2,722,1791193557545,0,1791193557550.285,56.888,5.572,1791193557612.929,Normal,0.9392
vm2,147742,20261005-094315_clu_vm24_rate20_lat1node_r3,2918,perf_20261005-094315_clu_vm24_rate20_lat1node_r3,2,723,1791193557645,0,1791193557650.337,71.817,5.284,1791193557727.616,Normal,0.9414
vm2,147742,20261005-094315_clu_vm24_rate20_lat1node_r3,2919,perf_20261005-094315_clu_vm24_rate20_lat1node_r3,2,724,1791193557695,0,1791193557730.406,56.426,4.838,1791193557791.847,Normal,0.9338
vm2,147742,20261005-094315_clu_vm24_rate20_lat1node_r3,2921,perf_20261005-094315_clu_vm24_rate20_lat1node_r3,2,725,1791193557795,0,1791193557799.453,299.14,13.266,1791193558112.063,Normal,0.9035
vm2,147742,20261005-094315_clu_vm24_rate20_lat1node_r3,2926,perf_20261005-094315_clu_vm24_rate20_lat1node_r3,2,726,1791193558045,0,1791193558114.629,61.84,5.413,1791193558182.061,Normal,0.9683
vm2,147742,20261005-094315_clu_vm24_rate20_lat1node_r3,2929,perf_20261005-094315_clu_vm24_rate20_lat1node_r3,2,727,1791193558195,0,1791193558200.057,107.757,5.289,1791193558313.299,Normal,0.9144
vm2,147742,20261005-094315_clu_vm24_rate20_lat1node_r3,2931,perf_20261005-094315_clu_vm24_rate20_lat1node_r3,2,728,1791193558295,0,1791193558316.84,71.925,4.648,1791193558393.592,Normal,0.8293
vm2,147742,20261005-094315_clu_vm24_rate20_lat1node_r3,2933,perf_20261005-094315_clu_vm24_rate20_lat1node_r3,2,729,1791193558395,0,1791193558399.865,54.272,5.235,1791193558459.546,Normal,0.9629
vm2,147742,20261005-094315_clu_vm24_rate20_lat1node_r3,2934,perf_20261005-094315_clu_vm24_rate20_lat1node_r3,2,730,1791193558445,0,1791193558462.583,54.738,5.332,1791193558522.832,Normal,0.9572
vm2,147742,20261005-094315_clu_vm24_rate20_lat1node_r3,2936,perf_20261005-094315_clu_vm24_rate20_lat1node_r3,2,731,1791193558545,0,1791193558551.62,127.815,4.224,1791193558683.834,Normal,0.9275
vm2,147742,20261005-094315_clu_vm24_rate20_lat1node_r3,2939,perf_20261005-094315_clu_vm24_rate20_lat1node_r3,2,732,1791193558695,0,1791193558699.247,87.603,4.487,1791193558791.507,Normal,0.6014
vm2,147742,20261005-094315_clu_vm24_rate20_lat1node_r3,2961,perf_20261005-094315_clu_vm24_rate20_lat1node_r3,2,733,1791193559795,0,1791193559803.444,81.582,4.966,1791193559890.217,Normal,0.9374
vm2,147742,20261005-094315_clu_vm24_rate20_lat1node_r3,2968,perf_20261005-094315_clu_vm24_rate20_lat1node_r3,2,734,1791193560145,0,1791193560151.003,92.855,5.648,1791193560249.698,Normal,0.6727
vm2,147742,20261005-094315_clu_vm24_rate20_lat1node_r3,2974,perf_20261005-094315_clu_vm24_rate20_lat1node_r3,2,735,1791193560445,0,1791193560451.128,60.53,5.357,1791193560517.201,Normal,0.8575
vm2,147742,20261005-094315_clu_vm24_rate20_lat1node_r3,2976,perf_20261005-094315_clu_vm24_rate20_lat1node_r3,2,736,1791193560545,0,1791193560550.849,86.29,5.484,1791193560642.92,Normal,0.9448
vm2,147742,20261005-094315_clu_vm24_rate20_lat1node_r3,2979,perf_20261005-094315_clu_vm24_rate20_lat1node_r3,2,737,1791193560695,0,1791193560700.697,78.211,4.902,1791193560783.989,Normal,0.9658
vm2,147742,20261005-094315_clu_vm24_rate20_lat1node_r3,2984,perf_20261005-094315_clu_vm24_rate20_lat1node_r3,2,738,1791193560945,0,1791193560951.045,77.711,5.915,1791193561034.869,Normal,0.9574
vm2,147742,20261005-094315_clu_vm24_rate20_lat1node_r3,2986,perf_20261005-094315_clu_vm24_rate20_lat1node_r3,2,739,1791193561045,0,1791193561049.841,68.779,4.789,1791193561123.581,Normal,0.9342
vm2,147742,20261005-094315_clu_vm24_rate20_lat1node_r3,2993,perf_20261005-094315_clu_vm24_rate20_lat1node_r3,2,740,1791193561395,0,1791193561400.947,73.162,5.925,1791193561480.218,Normal,0.4327
vm2,147742,20261005-094315_clu_vm24_rate20_lat1node_r3,2998,perf_20261005-094315_clu_vm24_rate20_lat1node_r3,2,741,1791193561645,0,1791193561651.261,57.834,5.082,1791193561714.412,Normal,0.9511
vm2,147742,20261005-094315_clu_vm24_rate20_lat1node_r3,3001,perf_20261005-094315_clu_vm24_rate20_lat1node_r3,2,742,1791193561795,0,1791193561800.36,88.062,4.565,1791193561893.191,Normal,0.7101
vm2,147742,20261005-094315_clu_vm24_rate20_lat1node_r3,3008,perf_20261005-094315_clu_vm24_rate20_lat1node_r3,2,743,1791193562145,0,1791193562150.724,75.154,5.207,1791193562231.286,Normal,0.8661
vm2,147742,20261005-094315_clu_vm24_rate20_lat1node_r3,3009,perf_20261005-094315_clu_vm24_rate20_lat1node_r3,2,744,1791193562195,0,1791193562234.012,65.986,4.86,1791193562305.042,Normal,0.9272
vm2,147742,20261005-094315_clu_vm24_rate20_lat1node_r3,3011,perf_20261005-094315_clu_vm24_rate20_lat1node_r3,2,745,1791193562295,0,1791193562307.878,80.861,5.032,1791193562393.96,Normal,0.9642
vm2,147742,20261005-094315_clu_vm24_rate20_lat1node_r3,3012,perf_20261005-094315_clu_vm24_rate20_lat1node_r3,2,746,1791193562345,0,1791193562396.758,74.683,5.39,1791193562477.018,Normal,0.7723
vm2,147742,20261005-094315_clu_vm24_rate20_lat1node_r3,3013,perf_20261005-094315_clu_vm24_rate20_lat1node_r3,2,747,1791193562396,0,1791193562479.792,82.908,5.731,1791193562568.62,Normal,0.9618
vm2,147742,20261005-094315_clu_vm24_rate20_lat1node_r3,3014,perf_20261005-094315_clu_vm24_rate20_lat1node_r3,2,748,1791193562445,0,1791193562568.866,78.295,4.869,1791193562652.216,Normal,0.924
vm2,147742,20261005-094315_clu_vm24_rate20_lat1node_r3,3018,perf_20261005-094315_clu_vm24_rate20_lat1node_r3,2,749,1791193562645,0,1791193562654.963,72.493,5.059,1791193562732.706,Normal,0.9499
vm2,147742,20261005-094315_clu_vm24_rate20_lat1node_r3,3019,perf_20261005-094315_clu_vm24_rate20_lat1node_r3,2,750,1791193562695,0,1791193562735.582,110.171,5.489,1791193562851.427,Normal,0.9306
vm2,147742,20261005-094315_clu_vm24_rate20_lat1node_r3,3020,perf_20261005-094315_clu_vm24_rate20_lat1node_r3,2,751,1791193562746,0,1791193562854.169,74.764,4.935,1791193562934.054,Normal,0.9553
vm2,147742,20261005-094315_clu_vm24_rate20_lat1node_r3,3023,perf_20261005-094315_clu_vm24_rate20_lat1node_r3,2,752,1791193562895,0,1791193562936.882,91.894,5.194,1791193563034.202,Normal,0.9725
vm2,147742,20261005-094315_clu_vm24_rate20_lat1node_r3,3025,perf_20261005-094315_clu_vm24_rate20_lat1node_r3,2,753,1791193562995,0,1791193563037.918,75.768,6.903,1791193563120.777,Normal,0.9498
vm2,147742,20261005-094315_clu_vm24_rate20_lat1node_r3,3030,perf_20261005-094315_clu_vm24_rate20_lat1node_r3,2,754,1791193563245,0,1791193563250.416,95.108,5.118,1791193563350.827,Normal,0.9533
vm2,147742,20261005-094315_clu_vm24_rate20_lat1node_r3,3034,perf_20261005-094315_clu_vm24_rate20_lat1node_r3,2,755,1791193563445,0,1791193563449.937,64.644,5.093,1791193563519.855,Normal,0.9707
vm2,147742,20261005-094315_clu_vm24_rate20_lat1node_r3,3035,perf_20261005-094315_clu_vm24_rate20_lat1node_r3,2,756,1791193563495,0,1791193563522.311,52.72,4.698,1791193563579.901,Normal,0.9431
vm2,147742,20261005-094315_clu_vm24_rate20_lat1node_r3,3036,perf_20261005-094315_clu_vm24_rate20_lat1node_r3,2,757,1791193563545,0,1791193563582.362,59.21,4.633,1791193563646.383,Normal,0.9182
vm2,147742,20261005-094315_clu_vm24_rate20_lat1node_r3,3040,perf_20261005-094315_clu_vm24_rate20_lat1node_r3,2,758,1791193563745,0,1791193563750.482,72.683,4.893,1791193563828.233,Normal,0.9316
vm2,147742,20261005-094315_clu_vm24_rate20_lat1node_r3,3041,perf_20261005-094315_clu_vm24_rate20_lat1node_r3,2,759,1791193563795,0,1791193563830.724,52.168,5.266,1791193563888.369,Normal,0.9375
vm2,147742,20261005-094315_clu_vm24_rate20_lat1node_r3,3043,perf_20261005-094315_clu_vm24_rate20_lat1node_r3,2,760,1791193563896,0,1791193563899.837,56.898,5.079,1791193563961.995,Normal,0.9431
vm2,147742,20261005-094315_clu_vm24_rate20_lat1node_r3,3046,perf_20261005-094315_clu_vm24_rate20_lat1node_r3,2,761,1791193564045,0,1791193564050.733,62.539,5.156,1791193564118.61,Normal,0.9431
vm2,147742,20261005-094315_clu_vm24_rate20_lat1node_r3,3047,perf_20261005-094315_clu_vm24_rate20_lat1node_r3,2,762,1791193564095,0,1791193564121.157,62.993,5.268,1791193564189.589,Normal,0.9474
vm2,147742,20261005-094315_clu_vm24_rate20_lat1node_r3,3050,perf_20261005-094315_clu_vm24_rate20_lat1node_r3,2,763,1791193564245,0,1791193564251.411,65.274,6.613,1791193564323.476,Normal,0.9578
vm2,147742,20261005-094315_clu_vm24_rate20_lat1node_r3,3052,perf_20261005-094315_clu_vm24_rate20_lat1node_r3,2,764,1791193564345,0,1791193564350.213,58.824,5.049,1791193564414.263,Normal,0.9545
vm2,147742,20261005-094315_clu_vm24_rate20_lat1node_r3,3059,perf_20261005-094315_clu_vm24_rate20_lat1node_r3,2,765,1791193564695,0,1791193564700.283,66.164,5.189,1791193564771.824,Normal,0.9564
vm2,147742,20261005-094315_clu_vm24_rate20_lat1node_r3,3062,perf_20261005-094315_clu_vm24_rate20_lat1node_r3,2,766,1791193564845,0,1791193564850.487,62.386,4.766,1791193564917.818,Normal,0.9572
vm2,147742,20261005-094315_clu_vm24_rate20_lat1node_r3,3066,perf_20261005-094315_clu_vm24_rate20_lat1node_r3,2,767,1791193565045,0,1791193565051.144,72.094,5.248,1791193565128.667,Normal,0.9383
vm2,147742,20261005-094315_clu_vm24_rate20_lat1node_r3,3072,perf_20261005-094315_clu_vm24_rate20_lat1node_r3,2,768,1791193565345,0,1791193565350.81,85.11,5.85,1791193565441.965,Normal,0.9602
vm2,147742,20261005-094315_clu_vm24_rate20_lat1node_r3,3076,perf_20261005-094315_clu_vm24_rate20_lat1node_r3,2,769,1791193565545,0,1791193565550.691,65.302,4.565,1791193565620.735,Normal,0.8554
vm2,147742,20261005-094315_clu_vm24_rate20_lat1node_r3,3078,perf_20261005-094315_clu_vm24_rate20_lat1node_r3,2,770,1791193565645,0,1791193565650.148,84.689,4.414,1791193565739.431,Normal,0.9161
vm2,147742,20261005-094315_clu_vm24_rate20_lat1node_r3,3084,perf_20261005-094315_clu_vm24_rate20_lat1node_r3,2,771,1791193565945,0,1791193565949.849,62.056,5.358,1791193566017.492,Normal,0.9451
vm2,147742,20261005-094315_clu_vm24_rate20_lat1node_r3,3090,perf_20261005-094315_clu_vm24_rate20_lat1node_r3,2,772,1791193566245,0,1791193566251.119,66.509,6.401,1791193566324.214,Normal,0.9192
vm2,147742,20261005-094315_clu_vm24_rate20_lat1node_r3,3109,perf_20261005-094315_clu_vm24_rate20_lat1node_r3,2,773,1791193567195,0,1791193567200.432,82.887,6.49,1791193567289.986,Normal,0.9748
vm2,147742,20261005-094315_clu_vm24_rate20_lat1node_r3,3114,perf_20261005-094315_clu_vm24_rate20_lat1node_r3,2,774,1791193567445,0,1791193567450.329,73.803,4.781,1791193567529.093,Normal,0.9427
vm2,147742,20261005-094315_clu_vm24_rate20_lat1node_r3,3118,perf_20261005-094315_clu_vm24_rate20_lat1node_r3,2,775,1791193567645,0,1791193567650.427,102.022,5.023,1791193567757.667,Normal,0.8086
vm2,147742,20261005-094315_clu_vm24_rate20_lat1node_r3,3121,perf_20261005-094315_clu_vm24_rate20_lat1node_r3,2,776,1791193567795,0,1791193567800.579,78.175,5.323,1791193567884.251,Normal,0.4843
vm2,147742,20261005-094315_clu_vm24_rate20_lat1node_r3,3122,perf_20261005-094315_clu_vm24_rate20_lat1node_r3,2,777,1791193567845,0,1791193567886.515,75.764,6.187,1791193567968.639,Normal,0.7173
vm2,147742,20261005-094315_clu_vm24_rate20_lat1node_r3,3124,perf_20261005-094315_clu_vm24_rate20_lat1node_r3,2,778,1791193567945,0,1791193567971.199,51.454,4.811,1791193568027.64,Normal,0.929
vm2,147742,20261005-094315_clu_vm24_rate20_lat1node_r3,3127,perf_20261005-094315_clu_vm24_rate20_lat1node_r3,2,779,1791193568095,0,1791193568099.998,68.609,5.471,1791193568174.25,Normal,0.9313
vm2,147742,20261005-094315_clu_vm24_rate20_lat1node_r3,3129,perf_20261005-094315_clu_vm24_rate20_lat1node_r3,2,780,1791193568195,0,1791193568200.441,76.332,5.225,1791193568282.17,Normal,0.9761
vm2,147742,20261005-094315_clu_vm24_rate20_lat1node_r3,3141,perf_20261005-094315_clu_vm24_rate20_lat1node_r3,2,781,1791193568795,0,1791193568800.419,79.291,4.943,1791193568884.852,Normal,0.9669
vm2,147742,20261005-094315_clu_vm24_rate20_lat1node_r3,3144,perf_20261005-094315_clu_vm24_rate20_lat1node_r3,2,782,1791193568945,0,1791193568950.498,72.315,5.461,1791193569028.483,Normal,0.7989
vm2,147742,20261005-094315_clu_vm24_rate20_lat1node_r3,3149,perf_20261005-094315_clu_vm24_rate20_lat1node_r3,2,783,1791193569196,0,1791193569201.647,59.711,5.008,1791193569266.551,Normal,0.955
vm2,147742,20261005-094315_clu_vm24_rate20_lat1node_r3,3153,perf_20261005-094315_clu_vm24_rate20_lat1node_r3,2,784,1791193569396,0,1791193569401.07,362.469,4.933,1791193569768.695,Normal,0.9509
vm2,147742,20261005-094315_clu_vm24_rate20_lat1node_r3,3155,perf_20261005-094315_clu_vm24_rate20_lat1node_r3,2,785,1791193569495,0,1791193569772.619,94.602,5.696,1791193569873.1,Normal,0.9597
vm2,147742,20261005-094315_clu_vm24_rate20_lat1node_r3,3157,perf_20261005-094315_clu_vm24_rate20_lat1node_r3,2,786,1791193569595,0,1791193569873.46,67.931,5.575,1791193569947.144,Normal,0.9184
vm2,147742,20261005-094315_clu_vm24_rate20_lat1node_r3,3159,perf_20261005-094315_clu_vm24_rate20_lat1node_r3,2,787,1791193569695,0,1791193569947.434,73.362,5.573,1791193570026.544,Normal,0.9484
vm2,147742,20261005-094315_clu_vm24_rate20_lat1node_r3,3160,perf_20261005-094315_clu_vm24_rate20_lat1node_r3,2,788,1791193569745,0,1791193570026.852,73.373,5.076,1791193570105.479,Normal,0.9333
vm2,147742,20261005-094315_clu_vm24_rate20_lat1node_r3,3168,perf_20261005-094315_clu_vm24_rate20_lat1node_r3,2,789,1791193570145,0,1791193570150.434,231.098,5.5,1791193570387.22,Normal,0.9769
vm2,147742,20261005-094315_clu_vm24_rate20_lat1node_r3,3169,perf_20261005-094315_clu_vm24_rate20_lat1node_r3,2,790,1791193570195,0,1791193570390.205,368.304,5.68,1791193570764.417,Normal,0.9656
vm2,147742,20261005-094315_clu_vm24_rate20_lat1node_r3,3182,perf_20261005-094315_clu_vm24_rate20_lat1node_r3,2,791,1791193570846,0,1791193570851.389,70.537,4.822,1791193570926.921,Normal,0.9711
vm2,147742,20261005-094315_clu_vm24_rate20_lat1node_r3,3184,perf_20261005-094315_clu_vm24_rate20_lat1node_r3,2,792,1791193570945,0,1791193570950.18,90.695,5.307,1791193571046.365,Normal,0.9554
vm2,147742,20261005-094315_clu_vm24_rate20_lat1node_r3,3186,perf_20261005-094315_clu_vm24_rate20_lat1node_r3,2,793,1791193571045,0,1791193571049.166,105.958,4.798,1791193571160.107,Normal,0.9271
vm2,147742,20261005-094315_clu_vm24_rate20_lat1node_r3,3189,perf_20261005-094315_clu_vm24_rate20_lat1node_r3,2,794,1791193571195,0,1791193571201.415,61.924,4.992,1791193571268.52,Normal,0.9593
vm2,147742,20261005-094315_clu_vm24_rate20_lat1node_r3,3194,perf_20261005-094315_clu_vm24_rate20_lat1node_r3,2,795,1791193571445,0,1791193571457.297,73.903,5.595,1791193571536.986,Normal,0.9483
vm2,147742,20261005-094315_clu_vm24_rate20_lat1node_r3,3197,perf_20261005-094315_clu_vm24_rate20_lat1node_r3,2,796,1791193571595,0,1791193571602.018,102.078,5.85,1791193571710.134,Normal,0.8326
vm2,147742,20261005-094315_clu_vm24_rate20_lat1node_r3,3201,perf_20261005-094315_clu_vm24_rate20_lat1node_r3,2,797,1791193571795,0,1791193571800.043,58.547,5.895,1791193571864.665,Normal,0.9417
vm2,147742,20261005-094315_clu_vm24_rate20_lat1node_r3,3204,perf_20261005-094315_clu_vm24_rate20_lat1node_r3,2,798,1791193571945,0,1791193571951.467,72.6,4.995,1791193572029.25,Normal,0.9618
vm2,147742,20261005-094315_clu_vm24_rate20_lat1node_r3,3205,perf_20261005-094315_clu_vm24_rate20_lat1node_r3,2,799,1791193571995,0,1791193572032.042,66.033,5.5,1791193572103.753,Normal,0.9561
vm2,147742,20261005-094315_clu_vm24_rate20_lat1node_r3,3206,perf_20261005-094315_clu_vm24_rate20_lat1node_r3,2,800,1791193572045,0,1791193572106.533,57.966,5.041,1791193572169.742,Normal,0.8276
vm2,147742,20261005-094315_clu_vm24_rate20_lat1node_r3,3209,perf_20261005-094315_clu_vm24_rate20_lat1node_r3,2,801,1791193572195,0,1791193572200.035,153.98,5.647,1791193572359.847,Normal,0.9742
vm2,147742,20261005-094315_clu_vm24_rate20_lat1node_r3,3210,perf_20261005-094315_clu_vm24_rate20_lat1node_r3,2,802,1791193572245,0,1791193572362.894,75.202,6.603,1791193572444.87,Normal,0.6087
vm2,147742,20261005-094315_clu_vm24_rate20_lat1node_r3,3212,perf_20261005-094315_clu_vm24_rate20_lat1node_r3,2,803,1791193572345,0,1791193572445.074,68.198,5.647,1791193572519.1,Normal,0.9139
vm2,147742,20261005-094315_clu_vm24_rate20_lat1node_r3,3218,perf_20261005-094315_clu_vm24_rate20_lat1node_r3,2,804,1791193572645,0,1791193572650.633,69.167,5.947,1791193572725.919,Normal,0.9555
vm2,147742,20261005-094315_clu_vm24_rate20_lat1node_r3,3228,perf_20261005-094315_clu_vm24_rate20_lat1node_r3,2,805,1791193573145,0,1791193573150.229,83.619,4.983,1791193573239.02,Normal,0.8016
vm2,147742,20261005-094315_clu_vm24_rate20_lat1node_r3,3230,perf_20261005-094315_clu_vm24_rate20_lat1node_r3,2,806,1791193573245,0,1791193573249.304,65.655,5.106,1791193573320.251,Normal,0.9372
vm2,147742,20261005-094315_clu_vm24_rate20_lat1node_r3,3234,perf_20261005-094315_clu_vm24_rate20_lat1node_r3,2,807,1791193573445,0,1791193573450.106,98.704,5.005,1791193573554.013,HATE,0.8798
vm2,147742,20261005-094315_clu_vm24_rate20_lat1node_r3,3240,perf_20261005-094315_clu_vm24_rate20_lat1node_r3,2,808,1791193573745,0,1791193573750.103,76.3,5.04,1791193573831.631,Normal,0.5649
vm2,147742,20261005-094315_clu_vm24_rate20_lat1node_r3,3252,perf_20261005-094315_clu_vm24_rate20_lat1node_r3,2,809,1791193574345,0,1791193574350.3,62.535,4.708,1791193574417.725,Normal,0.9289
vm2,147742,20261005-094315_clu_vm24_rate20_lat1node_r3,3254,perf_20261005-094315_clu_vm24_rate20_lat1node_r3,2,810,1791193574445,0,1791193574450.259,71.898,5.223,1791193574527.554,Normal,0.9623
vm2,147742,20261005-094315_clu_vm24_rate20_lat1node_r3,3255,perf_20261005-094315_clu_vm24_rate20_lat1node_r3,2,811,1791193574495,0,1791193574530.004,51.184,5.962,1791193574587.401,Normal,0.9119
vm2,147742,20261005-094315_clu_vm24_rate20_lat1node_r3,3256,perf_20261005-094315_clu_vm24_rate20_lat1node_r3,2,812,1791193574545,0,1791193574590.133,359.172,5.56,1791193574955.118,Normal,0.9766
vm2,147742,20261005-094315_clu_vm24_rate20_lat1node_r3,3259,perf_20261005-094315_clu_vm24_rate20_lat1node_r3,2,813,1791193574695,0,1791193574958.351,162.95,5.274,1791193575126.764,Normal,0.9698
vm2,147742,20261005-094315_clu_vm24_rate20_lat1node_r3,3261,perf_20261005-094315_clu_vm24_rate20_lat1node_r3,2,814,1791193574795,0,1791193575126.989,55.15,4.642,1791193575186.964,Normal,0.8843
vm2,147742,20261005-094315_clu_vm24_rate20_lat1node_r3,3268,perf_20261005-094315_clu_vm24_rate20_lat1node_r3,2,815,1791193575145,0,1791193575189.582,70.682,4.946,1791193575265.398,Normal,0.9731
vm2,147742,20261005-094315_clu_vm24_rate20_lat1node_r3,3274,perf_20261005-094315_clu_vm24_rate20_lat1node_r3,2,816,1791193575445,0,1791193575451.101,88.265,4.763,1791193575544.314,Normal,0.9716
vm2,147742,20261005-094315_clu_vm24_rate20_lat1node_r3,3279,perf_20261005-094315_clu_vm24_rate20_lat1node_r3,2,817,1791193575695,0,1791193575700.788,69.874,4.626,1791193575775.48,Normal,0.9692
vm2,147742,20261005-094315_clu_vm24_rate20_lat1node_r3,3282,perf_20261005-094315_clu_vm24_rate20_lat1node_r3,2,818,1791193575845,0,1791193575850.132,86.422,5.403,1791193575942.141,Normal,0.4222
vm2,147742,20261005-094315_clu_vm24_rate20_lat1node_r3,3284,perf_20261005-094315_clu_vm24_rate20_lat1node_r3,2,819,1791193575945,0,1791193575949.295,73.294,5.279,1791193576028.051,Normal,0.974
vm2,147742,20261005-094315_clu_vm24_rate20_lat1node_r3,3285,perf_20261005-094315_clu_vm24_rate20_lat1node_r3,2,820,1791193575995,0,1791193576030.452,52.087,4.988,1791193576087.707,Normal,0.9536
vm2,147742,20261005-094315_clu_vm24_rate20_lat1node_r3,3286,perf_20261005-094315_clu_vm24_rate20_lat1node_r3,2,821,1791193576045,0,1791193576090.144,63.951,5.12,1791193576159.392,Normal,0.9609
vm2,147742,20261005-094315_clu_vm24_rate20_lat1node_r3,3287,perf_20261005-094315_clu_vm24_rate20_lat1node_r3,2,822,1791193576095,0,1791193576161.984,75.135,6.028,1791193576243.389,Normal,0.9683
vm2,147742,20261005-094315_clu_vm24_rate20_lat1node_r3,3298,perf_20261005-094315_clu_vm24_rate20_lat1node_r3,2,823,1791193576645,0,1791193576651.226,109.704,5.994,1791193576767.12,Normal,0.5354
vm2,147742,20261005-094315_clu_vm24_rate20_lat1node_r3,3309,perf_20261005-094315_clu_vm24_rate20_lat1node_r3,2,824,1791193577195,0,1791193577200.177,77.884,5.44,1791193577283.689,Normal,0.9675
vm2,147742,20261005-094315_clu_vm24_rate20_lat1node_r3,3310,perf_20261005-094315_clu_vm24_rate20_lat1node_r3,2,825,1791193577245,0,1791193577286.287,64.368,5.114,1791193577355.947,Normal,0.9186
vm2,147742,20261005-094315_clu_vm24_rate20_lat1node_r3,3321,perf_20261005-094315_clu_vm24_rate20_lat1node_r3,2,826,1791193577795,0,1791193577799.948,62.645,4.382,1791193577867.153,Normal,0.9635
vm2,147742,20261005-094315_clu_vm24_rate20_lat1node_r3,3322,perf_20261005-094315_clu_vm24_rate20_lat1node_r3,2,827,1791193577845,0,1791193577869.605,56.208,5.693,1791193577931.678,Normal,0.9095
vm2,147742,20261005-094315_clu_vm24_rate20_lat1node_r3,3326,perf_20261005-094315_clu_vm24_rate20_lat1node_r3,2,828,1791193578045,0,1791193578049.626,117.072,4.951,1791193578171.847,Normal,0.8044
vm2,147742,20261005-094315_clu_vm24_rate20_lat1node_r3,3335,perf_20261005-094315_clu_vm24_rate20_lat1node_r3,2,829,1791193578495,0,1791193578500.452,115.104,5.573,1791193578621.334,Normal,0.959
vm2,147742,20261005-094315_clu_vm24_rate20_lat1node_r3,3339,perf_20261005-094315_clu_vm24_rate20_lat1node_r3,2,830,1791193578695,0,1791193578700.256,81.929,5.744,1791193578788.12,Normal,0.9346
vm2,147742,20261005-094315_clu_vm24_rate20_lat1node_r3,3341,perf_20261005-094315_clu_vm24_rate20_lat1node_r3,2,831,1791193578795,0,1791193578799.636,83.321,5.339,1791193578888.513,Normal,0.9203
vm2,147742,20261005-094315_clu_vm24_rate20_lat1node_r3,3344,perf_20261005-094315_clu_vm24_rate20_lat1node_r3,2,832,1791193578945,0,1791193578950.167,114.262,5.294,1791193579069.931,Normal,0.9656
vm2,147742,20261005-094315_clu_vm24_rate20_lat1node_r3,3346,perf_20261005-094315_clu_vm24_rate20_lat1node_r3,2,833,1791193579045,0,1791193579072.707,115.749,4.868,1791193579193.517,Normal,0.9673
vm2,147742,20261005-094315_clu_vm24_rate20_lat1node_r3,3347,perf_20261005-094315_clu_vm24_rate20_lat1node_r3,2,834,1791193579095,0,1791193579196.209,67.811,4.577,1791193579268.784,Normal,0.9535
vm2,147742,20261005-094315_clu_vm24_rate20_lat1node_r3,3353,perf_20261005-094315_clu_vm24_rate20_lat1node_r3,2,835,1791193579395,0,1791193579400.797,236.572,5.429,1791193579643.022,Normal,0.9796
vm2,147742,20261005-094315_clu_vm24_rate20_lat1node_r3,3355,perf_20261005-094315_clu_vm24_rate20_lat1node_r3,2,836,1791193579495,0,1791193579645.955,72.267,5.747,1791193579724.159,Normal,0.977
vm2,147742,20261005-094315_clu_vm24_rate20_lat1node_r3,3356,perf_20261005-094315_clu_vm24_rate20_lat1node_r3,2,837,1791193579545,0,1791193579724.398,74.255,5.526,1791193579804.363,Normal,0.9427
vm2,147742,20261005-094315_clu_vm24_rate20_lat1node_r3,3359,perf_20261005-094315_clu_vm24_rate20_lat1node_r3,2,838,1791193579695,0,1791193579806.97,135.891,5.426,1791193579948.495,Normal,0.9672
vm2,147742,20261005-094315_clu_vm24_rate20_lat1node_r3,3364,perf_20261005-094315_clu_vm24_rate20_lat1node_r3,2,839,1791193579945,0,1791193579951.444,73.556,5.088,1791193580030.282,Normal,0.9707
vm2,147742,20261005-094315_clu_vm24_rate20_lat1node_r3,3366,perf_20261005-094315_clu_vm24_rate20_lat1node_r3,2,840,1791193580045,0,1791193580050.449,95.5,4.814,1791193580150.955,Normal,0.9748
vm2,147742,20261005-094315_clu_vm24_rate20_lat1node_r3,3369,perf_20261005-094315_clu_vm24_rate20_lat1node_r3,2,841,1791193580195,0,1791193580200.486,111.1,5.099,1791193580316.882,Normal,0.9719
vm2,147742,20261005-094315_clu_vm24_rate20_lat1node_r3,3380,perf_20261005-094315_clu_vm24_rate20_lat1node_r3,2,842,1791193580745,0,1791193580751.159,173.484,5.345,1791193580930.198,Normal,0.9399
vm2,147742,20261005-094315_clu_vm24_rate20_lat1node_r3,3382,perf_20261005-094315_clu_vm24_rate20_lat1node_r3,2,843,1791193580845,0,1791193580932.839,154.459,4.602,1791193581092.102,Normal,0.9724
vm2,147742,20261005-094315_clu_vm24_rate20_lat1node_r3,3385,perf_20261005-094315_clu_vm24_rate20_lat1node_r3,2,844,1791193580995,0,1791193581095.37,162.745,5.537,1791193581263.849,Normal,0.9794
vm2,147742,20261005-094315_clu_vm24_rate20_lat1node_r3,3386,perf_20261005-094315_clu_vm24_rate20_lat1node_r3,2,845,1791193581045,0,1791193581264.094,75.754,5.061,1791193581345.099,Normal,0.6675
vm2,147742,20261005-094315_clu_vm24_rate20_lat1node_r3,3387,perf_20261005-094315_clu_vm24_rate20_lat1node_r3,2,846,1791193581095,0,1791193581348.372,223.804,5.071,1791193581577.487,Normal,0.9805
vm2,147742,20261005-094315_clu_vm24_rate20_lat1node_r3,3389,perf_20261005-094315_clu_vm24_rate20_lat1node_r3,2,847,1791193581195,0,1791193581577.721,74.876,4.885,1791193581657.675,Normal,0.881
vm2,147742,20261005-094315_clu_vm24_rate20_lat1node_r3,3395,perf_20261005-094315_clu_vm24_rate20_lat1node_r3,2,848,1791193581495,0,1791193581660.65,67.282,5.886,1791193581734.015,Normal,0.9473
vm2,147742,20261005-094315_clu_vm24_rate20_lat1node_r3,3396,perf_20261005-094315_clu_vm24_rate20_lat1node_r3,2,849,1791193581546,0,1791193581734.258,79.222,4.842,1791193581818.509,Normal,0.901
vm2,147742,20261005-094315_clu_vm24_rate20_lat1node_r3,3402,perf_20261005-094315_clu_vm24_rate20_lat1node_r3,2,850,1791193581845,0,1791193581849.823,132.656,4.989,1791193581987.665,Normal,0.5131
vm2,147742,20261005-094315_clu_vm24_rate20_lat1node_r3,3404,perf_20261005-094315_clu_vm24_rate20_lat1node_r3,2,851,1791193581945,0,1791193581990.228,90.8,5.453,1791193582086.746,Normal,0.9624
vm2,147742,20261005-094315_clu_vm24_rate20_lat1node_r3,3413,perf_20261005-094315_clu_vm24_rate20_lat1node_r3,2,852,1791193582395,0,1791193582400.399,87.275,6.826,1791193582494.695,Normal,0.9331
vm2,147742,20261005-094315_clu_vm24_rate20_lat1node_r3,3414,perf_20261005-094315_clu_vm24_rate20_lat1node_r3,2,853,1791193582445,0,1791193582497.561,83.856,5.996,1791193582587.6,Normal,0.9311
vm2,147742,20261005-094315_clu_vm24_rate20_lat1node_r3,3415,perf_20261005-094315_clu_vm24_rate20_lat1node_r3,2,854,1791193582495,0,1791193582590.44,109.758,5.573,1791193582705.959,Normal,0.9398
vm2,147742,20261005-094315_clu_vm24_rate20_lat1node_r3,3420,perf_20261005-094315_clu_vm24_rate20_lat1node_r3,2,855,1791193582745,0,1791193582750.19,106.311,5.615,1791193582862.319,Normal,0.9643
vm2,147742,20261005-094315_clu_vm24_rate20_lat1node_r3,3422,perf_20261005-094315_clu_vm24_rate20_lat1node_r3,2,856,1791193582845,0,1791193582865.186,77.281,5.892,1791193582948.542,Normal,0.8297
vm2,147742,20261005-094315_clu_vm24_rate20_lat1node_r3,3423,perf_20261005-094315_clu_vm24_rate20_lat1node_r3,2,857,1791193582895,0,1791193582951.253,93.588,7.175,1791193583052.209,Normal,0.8806
vm2,147742,20261005-094315_clu_vm24_rate20_lat1node_r3,3425,perf_20261005-094315_clu_vm24_rate20_lat1node_r3,2,858,1791193582995,0,1791193583055.218,65.768,4.231,1791193583125.405,Normal,0.9556
vm2,147742,20261005-094315_clu_vm24_rate20_lat1node_r3,3426,perf_20261005-094315_clu_vm24_rate20_lat1node_r3,2,859,1791193583046,0,1791193583125.668,72.977,5.81,1791193583204.642,Normal,0.9094
vm2,147742,20261005-094315_clu_vm24_rate20_lat1node_r3,3431,perf_20261005-094315_clu_vm24_rate20_lat1node_r3,2,860,1791193583295,0,1791193583301.005,143.195,7.696,1791193583452.096,Normal,0.9775
vm2,147742,20261005-094315_clu_vm24_rate20_lat1node_r3,3439,perf_20261005-094315_clu_vm24_rate20_lat1node_r3,2,861,1791193583695,0,1791193583701.179,82.621,4.642,1791193583788.628,Normal,0.9361
vm2,147742,20261005-094315_clu_vm24_rate20_lat1node_r3,3446,perf_20261005-094315_clu_vm24_rate20_lat1node_r3,2,862,1791193584045,0,1791193584050.959,79.066,6.04,1791193584136.259,Normal,0.9616
vm2,147742,20261005-094315_clu_vm24_rate20_lat1node_r3,3457,perf_20261005-094315_clu_vm24_rate20_lat1node_r3,2,863,1791193584595,0,1791193584600.942,62.337,5.592,1791193584669.042,Normal,0.9475
vm2,147742,20261005-094315_clu_vm24_rate20_lat1node_r3,3459,perf_20261005-094315_clu_vm24_rate20_lat1node_r3,2,864,1791193584695,0,1791193584701.144,116.388,4.835,1791193584822.552,Normal,0.9718
vm2,147742,20261005-094315_clu_vm24_rate20_lat1node_r3,3465,perf_20261005-094315_clu_vm24_rate20_lat1node_r3,2,865,1791193584995,0,1791193585001.459,81.718,4.966,1791193585088.342,Normal,0.9085
vm2,147742,20261005-094315_clu_vm24_rate20_lat1node_r3,3468,perf_20261005-094315_clu_vm24_rate20_lat1node_r3,2,866,1791193585145,0,1791193585151.001,69.849,5.118,1791193585226.156,Normal,0.9179
vm2,147742,20261005-094315_clu_vm24_rate20_lat1node_r3,3471,perf_20261005-094315_clu_vm24_rate20_lat1node_r3,2,867,1791193585295,0,1791193585300.802,95.917,5.362,1791193585402.303,Normal,0.8296
vm2,147742,20261005-094315_clu_vm24_rate20_lat1node_r3,3473,perf_20261005-094315_clu_vm24_rate20_lat1node_r3,2,868,1791193585395,0,1791193585404.882,81.388,5.67,1791193585492.13,Normal,0.933
vm2,147742,20261005-094315_clu_vm24_rate20_lat1node_r3,3474,perf_20261005-094315_clu_vm24_rate20_lat1node_r3,2,869,1791193585445,0,1791193585494.852,105.781,5.271,1791193585606.104,Normal,0.9712
vm2,147742,20261005-094315_clu_vm24_rate20_lat1node_r3,3481,perf_20261005-094315_clu_vm24_rate20_lat1node_r3,2,870,1791193585795,0,1791193585800.706,95.353,4.692,1791193585900.95,Normal,0.9622
vm2,147742,20261005-094315_clu_vm24_rate20_lat1node_r3,3484,perf_20261005-094315_clu_vm24_rate20_lat1node_r3,2,871,1791193585945,0,1791193585950.801,84.378,4.737,1791193586040.108,Normal,0.9641
vm2,147742,20261005-094315_clu_vm24_rate20_lat1node_r3,3496,perf_20261005-094315_clu_vm24_rate20_lat1node_r3,2,872,1791193586545,0,1791193586549.976,122.849,5.134,1791193586678.155,OFFENSIVE,0.6317
vm2,147742,20261005-094315_clu_vm24_rate20_lat1node_r3,3498,perf_20261005-094315_clu_vm24_rate20_lat1node_r3,2,873,1791193586645,0,1791193586681.143,71.755,4.793,1791193586757.885,Normal,0.9716
vm2,147742,20261005-094315_clu_vm24_rate20_lat1node_r3,3499,perf_20261005-094315_clu_vm24_rate20_lat1node_r3,2,874,1791193586695,0,1791193586760.437,84.521,4.553,1791193586849.69,Normal,0.9653
vm2,147742,20261005-094315_clu_vm24_rate20_lat1node_r3,3504,perf_20261005-094315_clu_vm24_rate20_lat1node_r3,2,875,1791193586945,0,1791193586950.247,76.82,5.106,1791193587032.364,Normal,0.9379
vm2,147742,20261005-094315_clu_vm24_rate20_lat1node_r3,3513,perf_20261005-094315_clu_vm24_rate20_lat1node_r3,2,876,1791193587395,0,1791193587400.413,127.175,5.029,1791193587532.824,Normal,0.979
vm2,147742,20261005-094315_clu_vm24_rate20_lat1node_r3,3515,perf_20261005-094315_clu_vm24_rate20_lat1node_r3,2,877,1791193587495,0,1791193587535.381,73.962,4.139,1791193587613.672,Normal,0.8972
vm2,147742,20261005-094315_clu_vm24_rate20_lat1node_r3,3516,perf_20261005-094315_clu_vm24_rate20_lat1node_r3,2,878,1791193587545,0,1791193587616.355,82.628,4.56,1791193587703.726,Normal,0.9039
vm2,147742,20261005-094315_clu_vm24_rate20_lat1node_r3,3517,perf_20261005-094315_clu_vm24_rate20_lat1node_r3,2,879,1791193587595,0,1791193587703.961,67.442,5.052,1791193587776.638,Normal,0.9608
vm2,147742,20261005-094315_clu_vm24_rate20_lat1node_r3,3522,perf_20261005-094315_clu_vm24_rate20_lat1node_r3,2,880,1791193587845,0,1791193587850.249,77.383,4.831,1791193587932.657,Normal,0.8943
vm2,147742,20261005-094315_clu_vm24_rate20_lat1node_r3,3524,perf_20261005-094315_clu_vm24_rate20_lat1node_r3,2,881,1791193587945,0,1791193587949.668,104.531,6.171,1791193588060.557,Normal,0.8876
vm2,147742,20261005-094315_clu_vm24_rate20_lat1node_r3,3531,perf_20261005-094315_clu_vm24_rate20_lat1node_r3,2,882,1791193588295,0,1791193588301.02,81.195,5.583,1791193588387.986,Normal,0.9701
vm2,147742,20261005-094315_clu_vm24_rate20_lat1node_r3,3532,perf_20261005-094315_clu_vm24_rate20_lat1node_r3,2,883,1791193588345,0,1791193588390.336,66.978,5.108,1791193588462.594,Normal,0.9561
vm2,147742,20261005-094315_clu_vm24_rate20_lat1node_r3,3536,perf_20261005-094315_clu_vm24_rate20_lat1node_r3,2,884,1791193588545,0,1791193588550.76,60.153,4.951,1791193588616.04,Normal,0.9608
vm2,147742,20261005-094315_clu_vm24_rate20_lat1node_r3,3542,perf_20261005-094315_clu_vm24_rate20_lat1node_r3,2,885,1791193588845,0,1791193588850.218,72.935,5.004,1791193588928.369,Normal,0.9589
vm2,147742,20261005-094315_clu_vm24_rate20_lat1node_r3,3543,perf_20261005-094315_clu_vm24_rate20_lat1node_r3,2,886,1791193588895,0,1791193588930.839,61.831,5.871,1791193588998.723,Normal,0.9673
vm2,147742,20261005-094315_clu_vm24_rate20_lat1node_r3,3546,perf_20261005-094315_clu_vm24_rate20_lat1node_r3,2,887,1791193589045,0,1791193589050.719,177.847,5.028,1791193589233.799,Normal,0.7104
vm2,147742,20261005-094315_clu_vm24_rate20_lat1node_r3,3553,perf_20261005-094315_clu_vm24_rate20_lat1node_r3,2,888,1791193589395,0,1791193589400.34,66.095,4.838,1791193589471.447,Normal,0.9231
vm2,147742,20261005-094315_clu_vm24_rate20_lat1node_r3,3555,perf_20261005-094315_clu_vm24_rate20_lat1node_r3,2,889,1791193589495,0,1791193589500.169,116.769,6.371,1791193589623.495,Normal,0.9321
vm2,147742,20261005-094315_clu_vm24_rate20_lat1node_r3,3564,perf_20261005-094315_clu_vm24_rate20_lat1node_r3,2,890,1791193589945,0,1791193589951.45,107.456,5.199,1791193590064.304,Normal,0.9306
vm2,147742,20261005-094315_clu_vm24_rate20_lat1node_r3,3575,perf_20261005-094315_clu_vm24_rate20_lat1node_r3,2,891,1791193590495,0,1791193590500.748,65.309,6.105,1791193590572.365,Normal,0.8088
vm2,147742,20261005-094315_clu_vm24_rate20_lat1node_r3,3581,perf_20261005-094315_clu_vm24_rate20_lat1node_r3,2,892,1791193590795,0,1791193590800.662,73.921,5.952,1791193590880.725,Normal,0.8787
vm2,147742,20261005-094315_clu_vm24_rate20_lat1node_r3,3591,perf_20261005-094315_clu_vm24_rate20_lat1node_r3,2,893,1791193591295,0,1791193591300.544,78.909,5.674,1791193591385.31,Normal,0.9744
vm2,147742,20261005-094315_clu_vm24_rate20_lat1node_r3,3592,perf_20261005-094315_clu_vm24_rate20_lat1node_r3,2,894,1791193591345,0,1791193591387.85,71.222,4.901,1791193591464.15,Normal,0.9281
vm2,147742,20261005-094315_clu_vm24_rate20_lat1node_r3,3595,perf_20261005-094315_clu_vm24_rate20_lat1node_r3,2,895,1791193591495,0,1791193591500.544,274.75,6.37,1791193591781.862,Normal,0.9799
vm2,147742,20261005-094315_clu_vm24_rate20_lat1node_r3,3597,perf_20261005-094315_clu_vm24_rate20_lat1node_r3,2,896,1791193591595,0,1791193591784.862,96.301,5.721,1791193591887.084,Normal,0.9545
vm2,147742,20261005-094315_clu_vm24_rate20_lat1node_r3,3601,perf_20261005-094315_clu_vm24_rate20_lat1node_r3,2,897,1791193591796,0,1791193591889.78,122.804,5.038,1791193592017.802,Normal,0.9583
vm2,147742,20261005-094315_clu_vm24_rate20_lat1node_r3,3607,perf_20261005-094315_clu_vm24_rate20_lat1node_r3,2,898,1791193592095,0,1791193592100.331,69.31,5.234,1791193592175.061,Normal,0.742
vm2,147742,20261005-094315_clu_vm24_rate20_lat1node_r3,3610,perf_20261005-094315_clu_vm24_rate20_lat1node_r3,2,899,1791193592245,0,1791193592251.089,86.535,4.663,1791193592342.461,Normal,0.9571
vm2,147742,20261005-094315_clu_vm24_rate20_lat1node_r3,3614,perf_20261005-094315_clu_vm24_rate20_lat1node_r3,2,900,1791193592445,0,1791193592450.238,75.243,5.138,1791193592530.789,Normal,0.9411
vm2,147742,20261005-094315_clu_vm24_rate20_lat1node_r3,3633,perf_20261005-094315_clu_vm24_rate20_lat1node_r3,2,901,1791193593395,0,1791193593401.002,108.294,5.733,1791193593515.237,Normal,0.9559
vm2,147742,20261005-094315_clu_vm24_rate20_lat1node_r3,3636,perf_20261005-094315_clu_vm24_rate20_lat1node_r3,2,902,1791193593545,0,1791193593550.161,81.514,5.126,1791193593636.997,Normal,0.8617
vm2,147742,20261005-094315_clu_vm24_rate20_lat1node_r3,3639,perf_20261005-094315_clu_vm24_rate20_lat1node_r3,2,903,1791193593695,0,1791193593700.329,145.279,4.863,1791193593850.663,Normal,0.9543
vm2,147742,20261005-094315_clu_vm24_rate20_lat1node_r3,3649,perf_20261005-094315_clu_vm24_rate20_lat1node_r3,2,904,1791193594195,0,1791193594200.808,100.117,5.474,1791193594306.595,Normal,0.9628
vm2,147742,20261005-094315_clu_vm24_rate20_lat1node_r3,3650,perf_20261005-094315_clu_vm24_rate20_lat1node_r3,2,905,1791193594245,0,1791193594309.127,80.179,5.748,1791193594395.235,Normal,0.9194
vm2,147742,20261005-094315_clu_vm24_rate20_lat1node_r3,3653,perf_20261005-094315_clu_vm24_rate20_lat1node_r3,2,906,1791193594395,0,1791193594399.801,71.685,5.053,1791193594476.728,Normal,0.9512
vm2,147742,20261005-094315_clu_vm24_rate20_lat1node_r3,3657,perf_20261005-094315_clu_vm24_rate20_lat1node_r3,2,907,1791193594595,0,1791193594600.229,91.974,5.437,1791193594697.927,Normal,0.8733
vm2,147742,20261005-094315_clu_vm24_rate20_lat1node_r3,3668,perf_20261005-094315_clu_vm24_rate20_lat1node_r3,2,908,1791193595145,0,1791193595150.964,126.108,5.248,1791193595282.614,Normal,0.9425
vm2,147742,20261005-094315_clu_vm24_rate20_lat1node_r3,3671,perf_20261005-094315_clu_vm24_rate20_lat1node_r3,2,909,1791193595295,0,1791193595299.098,80.042,4.402,1791193595383.734,Normal,0.9375
vm2,147742,20261005-094315_clu_vm24_rate20_lat1node_r3,3682,perf_20261005-094315_clu_vm24_rate20_lat1node_r3,2,910,1791193595845,0,1791193595850.396,78.031,5.062,1791193595933.701,Normal,0.9141
vm2,147742,20261005-094315_clu_vm24_rate20_lat1node_r3,3691,perf_20261005-094315_clu_vm24_rate20_lat1node_r3,2,911,1791193596295,0,1791193596300.496,88.131,4.892,1791193596393.737,Normal,0.9398
vm2,147742,20261005-094315_clu_vm24_rate20_lat1node_r3,3692,perf_20261005-094315_clu_vm24_rate20_lat1node_r3,2,912,1791193596345,0,1791193596396.176,101.15,5.097,1791193596502.627,Normal,0.9739
vm2,147742,20261005-094315_clu_vm24_rate20_lat1node_r3,3696,perf_20261005-094315_clu_vm24_rate20_lat1node_r3,2,913,1791193596545,0,1791193596550.928,86.957,5.289,1791193596643.367,Normal,0.9553
vm2,147742,20261005-094315_clu_vm24_rate20_lat1node_r3,3698,perf_20261005-094315_clu_vm24_rate20_lat1node_r3,2,914,1791193596645,0,1791193596649.44,76.759,4.732,1791193596731.116,Normal,0.6258
vm2,147742,20261005-094315_clu_vm24_rate20_lat1node_r3,3704,perf_20261005-094315_clu_vm24_rate20_lat1node_r3,2,915,1791193596945,0,1791193596950.313,112.9,4.898,1791193597068.316,Normal,0.9677
vm2,147742,20261005-094315_clu_vm24_rate20_lat1node_r3,3715,perf_20261005-094315_clu_vm24_rate20_lat1node_r3,2,916,1791193597495,0,1791193597500.17,92.891,5.163,1791193597598.506,Normal,0.7753
vm2,147742,20261005-094315_clu_vm24_rate20_lat1node_r3,3717,perf_20261005-094315_clu_vm24_rate20_lat1node_r3,2,917,1791193597595,0,1791193597600.977,112.883,5.981,1791193597720.029,Normal,0.7756
vm2,147742,20261005-094315_clu_vm24_rate20_lat1node_r3,3719,perf_20261005-094315_clu_vm24_rate20_lat1node_r3,2,918,1791193597695,0,1791193597722.66,74.786,4.741,1791193597802.375,Normal,0.9126
vm2,147742,20261005-094315_clu_vm24_rate20_lat1node_r3,3726,perf_20261005-094315_clu_vm24_rate20_lat1node_r3,2,919,1791193598045,0,1791193598050.284,93.617,5.075,1791193598149.179,Normal,0.9569
vm2,147742,20261005-094315_clu_vm24_rate20_lat1node_r3,3727,perf_20261005-094315_clu_vm24_rate20_lat1node_r3,2,920,1791193598095,0,1791193598151.823,76.323,5.678,1791193598234.01,Normal,0.8716
vm2,147742,20261005-094315_clu_vm24_rate20_lat1node_r3,3729,perf_20261005-094315_clu_vm24_rate20_lat1node_r3,2,921,1791193598195,0,1791193598236.709,126.523,4.961,1791193598368.399,Normal,0.9533
vm2,147742,20261005-094315_clu_vm24_rate20_lat1node_r3,3730,perf_20261005-094315_clu_vm24_rate20_lat1node_r3,2,922,1791193598245,0,1791193598371.343,78.703,4.57,1791193598454.801,Normal,0.9025
vm2,147742,20261005-094315_clu_vm24_rate20_lat1node_r3,3731,perf_20261005-094315_clu_vm24_rate20_lat1node_r3,2,923,1791193598295,0,1791193598455.041,95.034,5.085,1791193598555.342,Normal,0.9641
vm2,147742,20261005-094315_clu_vm24_rate20_lat1node_r3,3733,perf_20261005-094315_clu_vm24_rate20_lat1node_r3,2,924,1791193598395,0,1791193598558.469,74.222,5.399,1791193598638.286,Normal,0.933
vm2,147742,20261005-094315_clu_vm24_rate20_lat1node_r3,3735,perf_20261005-094315_clu_vm24_rate20_lat1node_r3,2,925,1791193598495,0,1791193598638.528,68.022,4.687,1791193598711.476,Normal,0.9444
vm2,147742,20261005-094315_clu_vm24_rate20_lat1node_r3,3740,perf_20261005-094315_clu_vm24_rate20_lat1node_r3,2,926,1791193598745,0,1791193598750.069,77.429,4.637,1791193598832.326,Normal,0.9117
vm2,147742,20261005-094315_clu_vm24_rate20_lat1node_r3,3748,perf_20261005-094315_clu_vm24_rate20_lat1node_r3,2,927,1791193599145,0,1791193599150.505,72.875,5.354,1791193599228.929,Normal,0.7143
vm2,147742,20261005-094315_clu_vm24_rate20_lat1node_r3,3749,perf_20261005-094315_clu_vm24_rate20_lat1node_r3,2,928,1791193599195,0,1791193599231.506,61.937,5.003,1791193599298.626,Normal,0.9428
vm2,147742,20261005-094315_clu_vm24_rate20_lat1node_r3,3757,perf_20261005-094315_clu_vm24_rate20_lat1node_r3,2,929,1791193599595,0,1791193599600.696,77.622,5.443,1791193599683.946,Normal,0.9677
vm2,147742,20261005-094315_clu_vm24_rate20_lat1node_r3,3760,perf_20261005-094315_clu_vm24_rate20_lat1node_r3,2,930,1791193599746,0,1791193599750.964,86.713,5.754,1791193599843.62,OFFENSIVE,0.9422
vm2,147742,20261005-094315_clu_vm24_rate20_lat1node_r3,3764,perf_20261005-094315_clu_vm24_rate20_lat1node_r3,2,931,1791193599945,0,1791193599950.633,64.527,4.842,1791193600020.188,Normal,0.9173
vm2,147742,20261005-094315_clu_vm24_rate20_lat1node_r3,3766,perf_20261005-094315_clu_vm24_rate20_lat1node_r3,2,932,1791193600045,0,1791193600050.117,62.708,5.214,1791193600118.222,Normal,0.7998
vm2,147742,20261005-094315_clu_vm24_rate20_lat1node_r3,3775,perf_20261005-094315_clu_vm24_rate20_lat1node_r3,2,933,1791193600495,0,1791193600500.587,69.356,4.748,1791193600574.879,Normal,0.9747
vm2,147742,20261005-094315_clu_vm24_rate20_lat1node_r3,3776,perf_20261005-094315_clu_vm24_rate20_lat1node_r3,2,934,1791193600546,0,1791193600577.415,63.308,5.595,1791193600646.502,Normal,0.8424
vm2,147742,20261005-094315_clu_vm24_rate20_lat1node_r3,3777,perf_20261005-094315_clu_vm24_rate20_lat1node_r3,2,935,1791193600595,0,1791193600649.145,67.95,5.026,1791193600722.381,Normal,0.8866
vm2,147742,20261005-094315_clu_vm24_rate20_lat1node_r3,3778,perf_20261005-094315_clu_vm24_rate20_lat1node_r3,2,936,1791193600645,0,1791193600724.994,70.73,4.633,1791193600800.541,Normal,0.9633
vm2,147742,20261005-094315_clu_vm24_rate20_lat1node_r3,3780,perf_20261005-094315_clu_vm24_rate20_lat1node_r3,2,937,1791193600745,0,1791193600803.371,67.065,4.805,1791193600875.444,Normal,0.9546
vm2,147742,20261005-094315_clu_vm24_rate20_lat1node_r3,3781,perf_20261005-094315_clu_vm24_rate20_lat1node_r3,2,938,1791193600795,0,1791193600875.657,100.472,5.516,1791193600981.828,Normal,0.9302
vm2,147742,20261005-094315_clu_vm24_rate20_lat1node_r3,3782,perf_20261005-094315_clu_vm24_rate20_lat1node_r3,2,939,1791193600845,0,1791193600984.578,74.522,5.265,1791193601064.567,Normal,0.9484
vm2,147742,20261005-094315_clu_vm24_rate20_lat1node_r3,3787,perf_20261005-094315_clu_vm24_rate20_lat1node_r3,2,940,1791193601095,0,1791193601100.329,60.413,5.352,1791193601166.286,Normal,0.9423
vm2,147742,20261005-094315_clu_vm24_rate20_lat1node_r3,3788,perf_20261005-094315_clu_vm24_rate20_lat1node_r3,2,941,1791193601145,0,1791193601168.735,59.071,5.038,1791193601233.056,Normal,0.8992
vm2,147742,20261005-094315_clu_vm24_rate20_lat1node_r3,3792,perf_20261005-094315_clu_vm24_rate20_lat1node_r3,2,942,1791193601345,0,1791193601350.303,63.968,5.424,1791193601419.88,Normal,0.9436
vm2,147742,20261005-094315_clu_vm24_rate20_lat1node_r3,3794,perf_20261005-094315_clu_vm24_rate20_lat1node_r3,2,943,1791193601445,0,1791193601450.205,139.952,5.09,1791193601595.45,Normal,0.9053
vm2,147742,20261005-094315_clu_vm24_rate20_lat1node_r3,3796,perf_20261005-094315_clu_vm24_rate20_lat1node_r3,2,944,1791193601546,0,1791193601598.073,54.273,5.146,1791193601657.679,Normal,0.7337
vm2,147742,20261005-094315_clu_vm24_rate20_lat1node_r3,3798,perf_20261005-094315_clu_vm24_rate20_lat1node_r3,2,945,1791193601645,0,1791193601660.249,59.144,5.172,1791193601724.76,Normal,0.9551
vm2,147742,20261005-094315_clu_vm24_rate20_lat1node_r3,3802,perf_20261005-094315_clu_vm24_rate20_lat1node_r3,2,946,1791193601845,0,1791193601850.278,70.165,5.448,1791193601926.071,Normal,0.9639
vm2,147742,20261005-094315_clu_vm24_rate20_lat1node_r3,3808,perf_20261005-094315_clu_vm24_rate20_lat1node_r3,2,947,1791193602145,0,1791193602150.107,56.877,5.278,1791193602212.459,Normal,0.9373
vm2,147742,20261005-094315_clu_vm24_rate20_lat1node_r3,3809,perf_20261005-094315_clu_vm24_rate20_lat1node_r3,2,948,1791193602195,0,1791193602214.836,136.027,6.279,1791193602357.329,Normal,0.9553
vm2,147742,20261005-094315_clu_vm24_rate20_lat1node_r3,3811,perf_20261005-094315_clu_vm24_rate20_lat1node_r3,2,949,1791193602295,0,1791193602359.9,59.671,5.718,1791193602425.472,Normal,0.9193
vm2,147742,20261005-094315_clu_vm24_rate20_lat1node_r3,3816,perf_20261005-094315_clu_vm24_rate20_lat1node_r3,2,950,1791193602545,0,1791193602555.019,69.231,5.411,1791193602629.848,Normal,0.9605
vm2,147742,20261005-094315_clu_vm24_rate20_lat1node_r3,3820,perf_20261005-094315_clu_vm24_rate20_lat1node_r3,2,951,1791193602745,0,1791193602750.37,73.684,5.285,1791193602829.522,Normal,0.9356
vm2,147742,20261005-094315_clu_vm24_rate20_lat1node_r3,3825,perf_20261005-094315_clu_vm24_rate20_lat1node_r3,2,952,1791193602995,0,1791193603000.264,62.075,4.914,1791193603067.443,Normal,0.9261
vm2,147742,20261005-094315_clu_vm24_rate20_lat1node_r3,3829,perf_20261005-094315_clu_vm24_rate20_lat1node_r3,2,953,1791193603195,0,1791193603201.125,78.16,5.307,1791193603284.778,Normal,0.9098
vm2,147742,20261005-094315_clu_vm24_rate20_lat1node_r3,3831,perf_20261005-094315_clu_vm24_rate20_lat1node_r3,2,954,1791193603295,0,1791193603299.319,78.494,4.921,1791193603382.914,Normal,0.818
vm2,147742,20261005-094315_clu_vm24_rate20_lat1node_r3,3833,perf_20261005-094315_clu_vm24_rate20_lat1node_r3,2,955,1791193603395,0,1791193603399.185,85.503,5.32,1791193603490.192,OFFENSIVE,0.5659
vm2,147742,20261005-094315_clu_vm24_rate20_lat1node_r3,3836,perf_20261005-094315_clu_vm24_rate20_lat1node_r3,2,956,1791193603545,0,1791193603550.041,88.58,5.924,1791193603644.729,Normal,0.9623
vm2,147742,20261005-094315_clu_vm24_rate20_lat1node_r3,3837,perf_20261005-094315_clu_vm24_rate20_lat1node_r3,2,957,1791193603595,0,1791193603647.481,64.894,5.641,1791193603718.197,Normal,0.9651
vm2,147742,20261005-094315_clu_vm24_rate20_lat1node_r3,3840,perf_20261005-094315_clu_vm24_rate20_lat1node_r3,2,958,1791193603745,0,1791193603749.722,63.809,5.358,1791193603819.07,Normal,0.9471
vm2,147742,20261005-094315_clu_vm24_rate20_lat1node_r3,3842,perf_20261005-094315_clu_vm24_rate20_lat1node_r3,2,959,1791193603845,0,1791193603850.277,72.832,5.559,1791193603928.876,Normal,0.7132
vm2,147742,20261005-094315_clu_vm24_rate20_lat1node_r3,3846,perf_20261005-094315_clu_vm24_rate20_lat1node_r3,2,960,1791193604045,0,1791193604050.582,86.712,5.655,1791193604143.132,OFFENSIVE,0.4752
vm2,147742,20261005-094315_clu_vm24_rate20_lat1node_r3,3849,perf_20261005-094315_clu_vm24_rate20_lat1node_r3,2,961,1791193604195,0,1791193604200.219,61.051,4.688,1791193604266.144,Normal,0.9078
vm2,147742,20261005-094315_clu_vm24_rate20_lat1node_r3,3850,perf_20261005-094315_clu_vm24_rate20_lat1node_r3,2,962,1791193604245,0,1791193604268.554,58.925,5.449,1791193604333.109,OFFENSIVE,0.545
vm2,147742,20261005-094315_clu_vm24_rate20_lat1node_r3,3853,perf_20261005-094315_clu_vm24_rate20_lat1node_r3,2,963,1791193604395,0,1791193604400.196,71.76,5.646,1791193604477.787,Normal,0.7401
vm2,147742,20261005-094315_clu_vm24_rate20_lat1node_r3,3865,perf_20261005-094315_clu_vm24_rate20_lat1node_r3,2,964,1791193604995,0,1791193605000.926,74.943,5.59,1791193605081.648,Normal,0.9559
vm2,147742,20261005-094315_clu_vm24_rate20_lat1node_r3,3868,perf_20261005-094315_clu_vm24_rate20_lat1node_r3,2,965,1791193605145,0,1791193605150.016,92.449,5.299,1791193605247.954,Normal,0.9751
vm2,147742,20261005-094315_clu_vm24_rate20_lat1node_r3,3873,perf_20261005-094315_clu_vm24_rate20_lat1node_r3,2,966,1791193605395,0,1791193605400.842,150.424,5.409,1791193605556.878,Normal,0.9641
vm2,147742,20261005-094315_clu_vm24_rate20_lat1node_r3,3876,perf_20261005-094315_clu_vm24_rate20_lat1node_r3,2,967,1791193605545,0,1791193605559.47,87.464,5.14,1791193605652.256,OFFENSIVE,0.7875
vm2,147742,20261005-094315_clu_vm24_rate20_lat1node_r3,3882,perf_20261005-094315_clu_vm24_rate20_lat1node_r3,2,968,1791193605845,0,1791193605850.455,75.513,5.362,1791193605931.515,Normal,0.8586
vm2,147742,20261005-094315_clu_vm24_rate20_lat1node_r3,3886,perf_20261005-094315_clu_vm24_rate20_lat1node_r3,2,969,1791193606045,0,1791193606050.41,66.375,5.39,1791193606122.369,Normal,0.9618
vm2,147742,20261005-094315_clu_vm24_rate20_lat1node_r3,3889,perf_20261005-094315_clu_vm24_rate20_lat1node_r3,2,970,1791193606195,0,1791193606200.399,60.715,4.845,1791193606266.25,Normal,0.9384
vm2,147742,20261005-094315_clu_vm24_rate20_lat1node_r3,3890,perf_20261005-094315_clu_vm24_rate20_lat1node_r3,2,971,1791193606245,0,1791193606268.756,59.014,5.052,1791193606333.042,Normal,0.767
vm2,147742,20261005-094315_clu_vm24_rate20_lat1node_r3,3895,perf_20261005-094315_clu_vm24_rate20_lat1node_r3,2,972,1791193606495,0,1791193606500.265,74.344,5.044,1791193606579.839,Normal,0.9094
vm2,147742,20261005-094315_clu_vm24_rate20_lat1node_r3,3900,perf_20261005-094315_clu_vm24_rate20_lat1node_r3,2,973,1791193606745,0,1791193606749.984,67.384,5.05,1791193606822.603,Normal,0.9474
vm2,147742,20261005-094315_clu_vm24_rate20_lat1node_r3,3907,perf_20261005-094315_clu_vm24_rate20_lat1node_r3,2,974,1791193607095,0,1791193607100.909,99.244,7.186,1791193607207.525,Normal,0.9656
vm2,147742,20261005-094315_clu_vm24_rate20_lat1node_r3,3916,perf_20261005-094315_clu_vm24_rate20_lat1node_r3,2,975,1791193607545,0,1791193607551.835,83.177,5.228,1791193607640.427,Normal,0.844
vm2,147742,20261005-094315_clu_vm24_rate20_lat1node_r3,3917,perf_20261005-094315_clu_vm24_rate20_lat1node_r3,2,976,1791193607595,0,1791193607647.725,97.333,7.149,1791193607752.449,Normal,0.3739
vm2,147742,20261005-094315_clu_vm24_rate20_lat1node_r3,3921,perf_20261005-094315_clu_vm24_rate20_lat1node_r3,2,977,1791193607795,0,1791193607803.503,69.311,5.313,1791193607878.314,Normal,0.8936
vm2,147742,20261005-094315_clu_vm24_rate20_lat1node_r3,3922,perf_20261005-094315_clu_vm24_rate20_lat1node_r3,2,978,1791193607845,0,1791193607880.927,74.654,5.326,1791193607961.092,Normal,0.8096
vm2,147742,20261005-094315_clu_vm24_rate20_lat1node_r3,3925,perf_20261005-094315_clu_vm24_rate20_lat1node_r3,2,979,1791193607995,0,1791193608000.061,61.441,5.231,1791193608066.922,Normal,0.8827
vm2,147742,20261005-094315_clu_vm24_rate20_lat1node_r3,3934,perf_20261005-094315_clu_vm24_rate20_lat1node_r3,2,980,1791193608445,0,1791193608455.195,67.031,4.41,1791193608526.818,Normal,0.9327
vm2,147742,20261005-094315_clu_vm24_rate20_lat1node_r3,3954,perf_20261005-094315_clu_vm24_rate20_lat1node_r3,2,981,1791193609445,0,1791193609450.786,63.59,5.578,1791193609520.14,Normal,0.9526
vm2,147742,20261005-094315_clu_vm24_rate20_lat1node_r3,3956,perf_20261005-094315_clu_vm24_rate20_lat1node_r3,2,982,1791193609545,0,1791193609550.101,69.626,5.152,1791193609625.06,OFFENSIVE,0.7763
vm2,147742,20261005-094315_clu_vm24_rate20_lat1node_r3,3961,perf_20261005-094315_clu_vm24_rate20_lat1node_r3,2,983,1791193609795,0,1791193609800.487,127.175,6.129,1791193609933.986,OFFENSIVE,0.4084
vm2,147742,20261005-094315_clu_vm24_rate20_lat1node_r3,3972,perf_20261005-094315_clu_vm24_rate20_lat1node_r3,2,984,1791193610345,0,1791193610350.205,68.167,4.745,1791193610423.338,Normal,0.9108
vm2,147742,20261005-094315_clu_vm24_rate20_lat1node_r3,3973,perf_20261005-094315_clu_vm24_rate20_lat1node_r3,2,985,1791193610395,0,1791193610426.054,58.429,4.735,1791193610489.396,Normal,0.9584
vm2,147742,20261005-094315_clu_vm24_rate20_lat1node_r3,3974,perf_20261005-094315_clu_vm24_rate20_lat1node_r3,2,986,1791193610445,0,1791193610491.862,53.858,5.204,1791193610551.102,Normal,0.9203
vm2,147742,20261005-094315_clu_vm24_rate20_lat1node_r3,3977,perf_20261005-094315_clu_vm24_rate20_lat1node_r3,2,987,1791193610595,0,1791193610600.423,74.693,5.229,1791193610680.533,Normal,0.9474
vm2,147742,20261005-094315_clu_vm24_rate20_lat1node_r3,3980,perf_20261005-094315_clu_vm24_rate20_lat1node_r3,2,988,1791193610745,0,1791193610750.092,57.637,5.213,1791193610813.133,Normal,0.9386
vm2,147742,20261005-094315_clu_vm24_rate20_lat1node_r3,3986,perf_20261005-094315_clu_vm24_rate20_lat1node_r3,2,989,1791193611045,0,1791193611050.422,72.95,5.174,1791193611128.76,Normal,0.8867
vm2,147742,20261005-094315_clu_vm24_rate20_lat1node_r3,3987,perf_20261005-094315_clu_vm24_rate20_lat1node_r3,2,990,1791193611095,0,1791193611131.414,92.736,5.231,1791193611229.563,Normal,0.9721
vm2,147742,20261005-094315_clu_vm24_rate20_lat1node_r3,3994,perf_20261005-094315_clu_vm24_rate20_lat1node_r3,2,991,1791193611445,0,1791193611450.911,249.263,5.481,1791193611705.887,Normal,0.9736
vm2,147742,20261005-094315_clu_vm24_rate20_lat1node_r3,3996,perf_20261005-094315_clu_vm24_rate20_lat1node_r3,2,992,1791193611545,0,1791193611708.493,54.296,5.374,1791193611768.346,Normal,0.9466
vm2,147742,20261005-094315_clu_vm24_rate20_lat1node_r3,4009,perf_20261005-094315_clu_vm24_rate20_lat1node_r3,2,993,1791193612195,0,1791193612201.016,69.277,4.966,1791193612275.436,Normal,0.9608
vm2,147742,20261005-094315_clu_vm24_rate20_lat1node_r3,4010,perf_20261005-094315_clu_vm24_rate20_lat1node_r3,2,994,1791193612245,0,1791193612277.938,57.272,5.494,1791193612340.877,Normal,0.944
vm2,147742,20261005-094315_clu_vm24_rate20_lat1node_r3,4011,perf_20261005-094315_clu_vm24_rate20_lat1node_r3,2,995,1791193612295,0,1791193612343.52,67.207,5.965,1791193612416.885,Normal,0.9627
vm2,147742,20261005-094315_clu_vm24_rate20_lat1node_r3,4013,perf_20261005-094315_clu_vm24_rate20_lat1node_r3,2,996,1791193612395,0,1791193612419.946,186.423,4.97,1791193612611.518,Normal,0.9543
vm2,147742,20261005-094315_clu_vm24_rate20_lat1node_r3,4017,perf_20261005-094315_clu_vm24_rate20_lat1node_r3,2,997,1791193612595,0,1791193612614.178,186.185,5.213,1791193612805.759,Normal,0.9741
vm2,147742,20261005-094315_clu_vm24_rate20_lat1node_r3,4021,perf_20261005-094315_clu_vm24_rate20_lat1node_r3,2,998,1791193612795,0,1791193612808.245,70.548,5.016,1791193612883.988,Normal,0.9346
vm2,147742,20261005-094315_clu_vm24_rate20_lat1node_r3,4022,perf_20261005-094315_clu_vm24_rate20_lat1node_r3,2,999,1791193612845,0,1791193612886.387,51.088,4.845,1791193612942.491,Normal,0.9608
vm2,147742,20261005-094315_clu_vm24_rate20_lat1node_r3,4023,perf_20261005-094315_clu_vm24_rate20_lat1node_r3,2,1000,1791193612895,0,1791193612944.842,78.457,5.905,1791193613029.412,Normal,0.9065
vm2,147742,20261005-094315_clu_vm24_rate20_lat1node_r3,4025,perf_20261005-094315_clu_vm24_rate20_lat1node_r3,2,1001,1791193612995,0,1791193613032.425,61.046,5.641,1791193613099.3,Normal,0.9691
vm2,147742,20261005-094315_clu_vm24_rate20_lat1node_r3,4027,perf_20261005-094315_clu_vm24_rate20_lat1node_r3,2,1002,1791193613096,0,1791193613102.13,66.545,5.485,1791193613174.342,Normal,0.9292
vm2,147742,20261005-094315_clu_vm24_rate20_lat1node_r3,4029,perf_20261005-094315_clu_vm24_rate20_lat1node_r3,2,1003,1791193613195,0,1791193613200.158,97.761,5.016,1791193613303.118,Normal,0.9503
vm2,147742,20261005-094315_clu_vm24_rate20_lat1node_r3,4032,perf_20261005-094315_clu_vm24_rate20_lat1node_r3,2,1004,1791193613345,0,1791193613350.449,70.861,5.42,1791193613426.909,Normal,0.9502
vm2,147742,20261005-094315_clu_vm24_rate20_lat1node_r3,4033,perf_20261005-094315_clu_vm24_rate20_lat1node_r3,2,1005,1791193613395,0,1791193613429.351,56.101,5.394,1791193613491.016,Normal,0.943
vm2,147742,20261005-094315_clu_vm24_rate20_lat1node_r3,4038,perf_20261005-094315_clu_vm24_rate20_lat1node_r3,2,1006,1791193613645,0,1791193613650.274,72.13,4.583,1791193613727.174,Normal,0.945
vm2,147742,20261005-094315_clu_vm24_rate20_lat1node_r3,4051,perf_20261005-094315_clu_vm24_rate20_lat1node_r3,2,1007,1791193614295,0,1791193614300.283,76.649,5.549,1791193614382.66,Normal,0.9468
vm2,147742,20261005-094315_clu_vm24_rate20_lat1node_r3,4056,perf_20261005-094315_clu_vm24_rate20_lat1node_r3,2,1008,1791193614545,0,1791193614550.365,77.201,5.439,1791193614633.186,OFFENSIVE,0.5584
vm2,147742,20261005-094315_clu_vm24_rate20_lat1node_r3,4072,perf_20261005-094315_clu_vm24_rate20_lat1node_r3,2,1009,1791193615345,0,1791193615350.587,63.464,4.504,1791193615418.735,Normal,0.8936
vm2,147742,20261005-094315_clu_vm24_rate20_lat1node_r3,4073,perf_20261005-094315_clu_vm24_rate20_lat1node_r3,2,1010,1791193615395,0,1791193615421.255,75.726,5.891,1791193615503.048,Normal,0.9754
vm2,147742,20261005-094315_clu_vm24_rate20_lat1node_r3,4079,perf_20261005-094315_clu_vm24_rate20_lat1node_r3,2,1011,1791193615695,0,1791193615700.416,84.212,5.812,1791193615790.624,Normal,0.9074
vm2,147742,20261005-094315_clu_vm24_rate20_lat1node_r3,4083,perf_20261005-094315_clu_vm24_rate20_lat1node_r3,2,1012,1791193615895,0,1791193615900.103,75.952,5.221,1791193615981.459,Normal,0.8194
vm2,147742,20261005-094315_clu_vm24_rate20_lat1node_r3,4085,perf_20261005-094315_clu_vm24_rate20_lat1node_r3,2,1013,1791193615995,0,1791193615999.201,74.886,5.711,1791193616079.964,Normal,0.9722
vm2,147742,20261005-094315_clu_vm24_rate20_lat1node_r3,4087,perf_20261005-094315_clu_vm24_rate20_lat1node_r3,2,1014,1791193616095,0,1791193616099.394,71.688,5.78,1791193616177.04,Normal,0.4718
vm2,147742,20261005-094315_clu_vm24_rate20_lat1node_r3,4090,perf_20261005-094315_clu_vm24_rate20_lat1node_r3,2,1015,1791193616245,0,1791193616250.639,64.692,4.71,1791193616320.222,Normal,0.9472
vm2,147742,20261005-094315_clu_vm24_rate20_lat1node_r3,4091,perf_20261005-094315_clu_vm24_rate20_lat1node_r3,2,1016,1791193616295,0,1791193616322.6,89.326,5.217,1791193616417.318,Normal,0.9343
vm2,147742,20261005-094315_clu_vm24_rate20_lat1node_r3,4095,perf_20261005-094315_clu_vm24_rate20_lat1node_r3,2,1017,1791193616495,0,1791193616500.066,66.779,4.718,1791193616571.743,Normal,0.9623
vm2,147742,20261005-094315_clu_vm24_rate20_lat1node_r3,4102,perf_20261005-094315_clu_vm24_rate20_lat1node_r3,2,1018,1791193616845,0,1791193616850.34,63.662,4.923,1791193616919.11,Normal,0.9203
vm2,147742,20261005-094315_clu_vm24_rate20_lat1node_r3,4103,perf_20261005-094315_clu_vm24_rate20_lat1node_r3,2,1019,1791193616895,0,1791193616921.688,94.381,5.084,1791193617021.329,Normal,0.8871
vm2,147742,20261005-094315_clu_vm24_rate20_lat1node_r3,4104,perf_20261005-094315_clu_vm24_rate20_lat1node_r3,2,1020,1791193616945,0,1791193617024.073,109.871,6.737,1791193617140.857,Normal,0.9459
vm2,147742,20261005-094315_clu_vm24_rate20_lat1node_r3,4105,perf_20261005-094315_clu_vm24_rate20_lat1node_r3,2,1021,1791193616995,0,1791193617141.059,79.355,4.881,1791193617225.471,Normal,0.9361
vm2,147742,20261005-094315_clu_vm24_rate20_lat1node_r3,4111,perf_20261005-094315_clu_vm24_rate20_lat1node_r3,2,1022,1791193617295,0,1791193617300.773,98.161,5.219,1791193617404.335,Normal,0.9672
vm2,147742,20261005-094315_clu_vm24_rate20_lat1node_r3,4112,perf_20261005-094315_clu_vm24_rate20_lat1node_r3,2,1023,1791193617346,0,1791193617406.987,108.41,6.711,1791193617522.297,Normal,0.9668
vm2,147742,20261005-094315_clu_vm24_rate20_lat1node_r3,4113,perf_20261005-094315_clu_vm24_rate20_lat1node_r3,2,1024,1791193617395,0,1791193617522.645,75.138,5.732,1791193617603.698,Normal,0.9775
vm2,147742,20261005-094315_clu_vm24_rate20_lat1node_r3,4117,perf_20261005-094315_clu_vm24_rate20_lat1node_r3,2,1025,1791193617595,0,1791193617606.119,110.173,5.55,1791193617722.041,Normal,0.9687
vm2,147742,20261005-094315_clu_vm24_rate20_lat1node_r3,4124,perf_20261005-094315_clu_vm24_rate20_lat1node_r3,2,1026,1791193617945,0,1791193617949.644,52.711,5.357,1791193618007.892,Normal,0.955
vm2,147742,20261005-094315_clu_vm24_rate20_lat1node_r3,4135,perf_20261005-094315_clu_vm24_rate20_lat1node_r3,2,1027,1791193618495,0,1791193618500.58,64.273,5.82,1791193618570.861,Normal,0.9533
vm2,147742,20261005-094315_clu_vm24_rate20_lat1node_r3,4136,perf_20261005-094315_clu_vm24_rate20_lat1node_r3,2,1028,1791193618545,0,1791193618573.446,64.229,5.505,1791193618643.359,Normal,0.9476
vm2,147742,20261005-094315_clu_vm24_rate20_lat1node_r3,4137,perf_20261005-094315_clu_vm24_rate20_lat1node_r3,2,1029,1791193618595,0,1791193618645.806,70.092,5.104,1791193618721.183,Normal,0.8747
vm2,147742,20261005-094315_clu_vm24_rate20_lat1node_r3,4146,perf_20261005-094315_clu_vm24_rate20_lat1node_r3,2,1030,1791193619046,0,1791193619051.118,70.676,5.202,1791193619127.184,Normal,0.9622
vm2,147742,20261005-094315_clu_vm24_rate20_lat1node_r3,4155,perf_20261005-094315_clu_vm24_rate20_lat1node_r3,2,1031,1791193619495,0,1791193619500.804,83.694,4.309,1791193619589.029,Normal,0.9653
vm2,147742,20261005-094315_clu_vm24_rate20_lat1node_r3,4162,perf_20261005-094315_clu_vm24_rate20_lat1node_r3,2,1032,1791193619845,0,1791193619850.147,87.88,5.151,1791193619943.365,Normal,0.9779
vm2,147742,20261005-094315_clu_vm24_rate20_lat1node_r3,4168,perf_20261005-094315_clu_vm24_rate20_lat1node_r3,2,1033,1791193620145,0,1791193620150.484,65.561,5.049,1791193620221.282,Normal,0.9556
vm2,147742,20261005-094315_clu_vm24_rate20_lat1node_r3,4174,perf_20261005-094315_clu_vm24_rate20_lat1node_r3,2,1034,1791193620446,0,1791193620452.465,57.038,4.951,1791193620514.654,Normal,0.9126
vm2,147742,20261005-094315_clu_vm24_rate20_lat1node_r3,4175,perf_20261005-094315_clu_vm24_rate20_lat1node_r3,2,1035,1791193620496,0,1791193620517.63,93.147,4.95,1791193620615.913,Normal,0.9644
vm2,147742,20261005-094315_clu_vm24_rate20_lat1node_r3,4183,perf_20261005-094315_clu_vm24_rate20_lat1node_r3,2,1036,1791193620895,0,1791193620900.152,67.243,4.899,1791193620972.481,Normal,0.9401
vm2,147742,20261005-094315_clu_vm24_rate20_lat1node_r3,4184,perf_20261005-094315_clu_vm24_rate20_lat1node_r3,2,1037,1791193620945,0,1791193620975.163,52.612,5.343,1791193621033.304,Normal,0.9536
vm2,147742,20261005-094315_clu_vm24_rate20_lat1node_r3,4192,perf_20261005-094315_clu_vm24_rate20_lat1node_r3,2,1038,1791193621345,0,1791193621350.826,59.574,5.619,1791193621416.21,Normal,0.9572
vm2,147742,20261005-094315_clu_vm24_rate20_lat1node_r3,4193,perf_20261005-094315_clu_vm24_rate20_lat1node_r3,2,1039,1791193621395,0,1791193621418.503,52.839,4.92,1791193621476.444,Normal,0.912
vm2,147742,20261005-094315_clu_vm24_rate20_lat1node_r3,4195,perf_20261005-094315_clu_vm24_rate20_lat1node_r3,2,1040,1791193621495,0,1791193621499.029,137.424,5.295,1791193621641.939,Normal,0.9688
vm2,147742,20261005-094315_clu_vm24_rate20_lat1node_r3,4202,perf_20261005-094315_clu_vm24_rate20_lat1node_r3,2,1041,1791193621845,0,1791193621850.368,119.355,4.879,1791193621974.792,Normal,0.969
vm2,147742,20261005-094315_clu_vm24_rate20_lat1node_r3,4207,perf_20261005-094315_clu_vm24_rate20_lat1node_r3,2,1042,1791193622095,0,1791193622100.809,63.851,5.593,1791193622170.45,Normal,0.9633
vm2,147742,20261005-094315_clu_vm24_rate20_lat1node_r3,4219,perf_20261005-094315_clu_vm24_rate20_lat1node_r3,2,1043,1791193622695,0,1791193622700.079,118.263,5.177,1791193622823.713,Normal,0.3969
vm2,147742,20261005-094315_clu_vm24_rate20_lat1node_r3,4221,perf_20261005-094315_clu_vm24_rate20_lat1node_r3,2,1044,1791193622795,0,1791193622826.276,70.359,5.072,1791193622901.888,Normal,0.9047
vm2,147742,20261005-094315_clu_vm24_rate20_lat1node_r3,4234,perf_20261005-094315_clu_vm24_rate20_lat1node_r3,2,1045,1791193623445,0,1791193623450.943,80.48,5.573,1791193623537.176,Normal,0.8231
vm2,147742,20261005-094315_clu_vm24_rate20_lat1node_r3,4235,perf_20261005-094315_clu_vm24_rate20_lat1node_r3,2,1046,1791193623495,0,1791193623539.789,64.119,5.565,1791193623609.651,Normal,0.9508
vm2,147742,20261005-094315_clu_vm24_rate20_lat1node_r3,4239,perf_20261005-094315_clu_vm24_rate20_lat1node_r3,2,1047,1791193623695,0,1791193623700.01,90.655,5.248,1791193623796.103,Normal,0.907
vm2,147742,20261005-094315_clu_vm24_rate20_lat1node_r3,4246,perf_20261005-094315_clu_vm24_rate20_lat1node_r3,2,1048,1791193624045,0,1791193624050.354,98.173,5.18,1791193624153.906,Normal,0.9637
vm2,147742,20261005-094315_clu_vm24_rate20_lat1node_r3,4249,perf_20261005-094315_clu_vm24_rate20_lat1node_r3,2,1049,1791193624195,0,1791193624200.442,65.647,4.787,1791193624271.061,Normal,0.8994
vm2,147742,20261005-094315_clu_vm24_rate20_lat1node_r3,4250,perf_20261005-094315_clu_vm24_rate20_lat1node_r3,2,1050,1791193624245,0,1791193624273.467,53.596,5.713,1791193624332.963,Normal,0.8661
vm2,147742,20261005-094315_clu_vm24_rate20_lat1node_r3,4259,perf_20261005-094315_clu_vm24_rate20_lat1node_r3,2,1051,1791193624695,0,1791193624700.554,75.068,13.178,1791193624788.986,Normal,0.9643
vm2,147742,20261005-094315_clu_vm24_rate20_lat1node_r3,4265,perf_20261005-094315_clu_vm24_rate20_lat1node_r3,2,1052,1791193624995,0,1791193625000.158,58.197,5.354,1791193625063.895,Normal,0.4857
vm2,147742,20261005-094315_clu_vm24_rate20_lat1node_r3,4266,perf_20261005-094315_clu_vm24_rate20_lat1node_r3,2,1053,1791193625045,0,1791193625066.346,64.214,5.614,1791193625136.346,Normal,0.901
vm2,147742,20261005-094315_clu_vm24_rate20_lat1node_r3,4270,perf_20261005-094315_clu_vm24_rate20_lat1node_r3,2,1054,1791193625245,0,1791193625250.858,73.479,5.428,1791193625329.949,Normal,0.8953
vm2,147742,20261005-094315_clu_vm24_rate20_lat1node_r3,4277,perf_20261005-094315_clu_vm24_rate20_lat1node_r3,2,1055,1791193625595,0,1791193625600.654,110.113,5.411,1791193625716.366,Normal,0.9747
vm2,147742,20261005-094315_clu_vm24_rate20_lat1node_r3,4280,perf_20261005-094315_clu_vm24_rate20_lat1node_r3,2,1056,1791193625745,0,1791193625750.341,60.472,5.199,1791193625816.196,Normal,0.9633
vm2,147742,20261005-094315_clu_vm24_rate20_lat1node_r3,4282,perf_20261005-094315_clu_vm24_rate20_lat1node_r3,2,1057,1791193625845,0,1791193625850.679,145.259,5.225,1791193626001.358,Normal,0.8676
vm2,147742,20261005-094315_clu_vm24_rate20_lat1node_r3,4285,perf_20261005-094315_clu_vm24_rate20_lat1node_r3,2,1058,1791193625995,0,1791193626004.278,101.856,5.772,1791193626112.096,Normal,0.6294
vm2,147742,20261005-094315_clu_vm24_rate20_lat1node_r3,4286,perf_20261005-094315_clu_vm24_rate20_lat1node_r3,2,1059,1791193626045,0,1791193626114.804,88.971,5.172,1791193626209.156,Normal,0.9435
vm2,147742,20261005-094315_clu_vm24_rate20_lat1node_r3,4288,perf_20261005-094315_clu_vm24_rate20_lat1node_r3,2,1060,1791193626145,0,1791193626211.938,66.931,5.327,1791193626284.37,Normal,0.9679
vm2,147742,20261005-094315_clu_vm24_rate20_lat1node_r3,4292,perf_20261005-094315_clu_vm24_rate20_lat1node_r3,2,1061,1791193626345,0,1791193626351.051,64.324,6.193,1791193626421.76,Normal,0.9622
vm2,147742,20261005-094315_clu_vm24_rate20_lat1node_r3,4293,perf_20261005-094315_clu_vm24_rate20_lat1node_r3,2,1062,1791193626395,0,1791193626424.541,55.703,4.979,1791193626485.406,Normal,0.9608
vm2,147742,20261005-094315_clu_vm24_rate20_lat1node_r3,4296,perf_20261005-094315_clu_vm24_rate20_lat1node_r3,2,1063,1791193626545,0,1791193626550.577,81.358,4.969,1791193626637.084,Normal,0.6352
vm2,147742,20261005-094315_clu_vm24_rate20_lat1node_r3,4299,perf_20261005-094315_clu_vm24_rate20_lat1node_r3,2,1064,1791193626695,0,1791193626700.55,65.737,5.167,1791193626771.665,HATE,0.4246
vm2,147742,20261005-094315_clu_vm24_rate20_lat1node_r3,4302,perf_20261005-094315_clu_vm24_rate20_lat1node_r3,2,1065,1791193626845,0,1791193626850.489,75.44,4.85,1791193626930.964,Normal,0.9493
vm2,147742,20261005-094315_clu_vm24_rate20_lat1node_r3,4309,perf_20261005-094315_clu_vm24_rate20_lat1node_r3,2,1066,1791193627195,0,1791193627200.569,70.85,4.774,1791193627276.379,Normal,0.9585
vm2,147742,20261005-094315_clu_vm24_rate20_lat1node_r3,4318,perf_20261005-094315_clu_vm24_rate20_lat1node_r3,2,1067,1791193627645,0,1791193627651.202,77.797,6.335,1791193627735.538,HATE,0.359
vm2,147742,20261005-094315_clu_vm24_rate20_lat1node_r3,4320,perf_20261005-094315_clu_vm24_rate20_lat1node_r3,2,1068,1791193627745,0,1791193627750.393,89.472,5.015,1791193627845.058,Normal,0.9695
vm2,147742,20261005-094315_clu_vm24_rate20_lat1node_r3,4321,perf_20261005-094315_clu_vm24_rate20_lat1node_r3,2,1069,1791193627795,0,1791193627847.585,84.392,5.225,1791193627937.389,Normal,0.7666
vm2,147742,20261005-094315_clu_vm24_rate20_lat1node_r3,4322,perf_20261005-094315_clu_vm24_rate20_lat1node_r3,2,1070,1791193627845,0,1791193627939.915,64.111,5.067,1791193628009.276,Normal,0.9674
vm2,147742,20261005-094315_clu_vm24_rate20_lat1node_r3,4329,perf_20261005-094315_clu_vm24_rate20_lat1node_r3,2,1071,1791193628196,0,1791193628201.288,82.205,5.404,1791193628289.102,Normal,0.9552
vm2,147742,20261005-094315_clu_vm24_rate20_lat1node_r3,4331,perf_20261005-094315_clu_vm24_rate20_lat1node_r3,2,1072,1791193628295,0,1791193628299.922,65.435,5.031,1791193628370.561,Normal,0.7086
vm2,147742,20261005-094315_clu_vm24_rate20_lat1node_r3,4332,perf_20261005-094315_clu_vm24_rate20_lat1node_r3,2,1073,1791193628345,0,1791193628372.906,66.625,5.319,1791193628445.025,Normal,0.9439
vm2,147742,20261005-094315_clu_vm24_rate20_lat1node_r3,4337,perf_20261005-094315_clu_vm24_rate20_lat1node_r3,2,1074,1791193628595,0,1791193628601.341,59.762,5.684,1791193628667.042,Normal,0.9375
vm2,147742,20261005-094315_clu_vm24_rate20_lat1node_r3,4339,perf_20261005-094315_clu_vm24_rate20_lat1node_r3,2,1075,1791193628695,0,1791193628699.911,54.689,5.172,1791193628759.957,Normal,0.9566
vm2,147742,20261005-094315_clu_vm24_rate20_lat1node_r3,4345,perf_20261005-094315_clu_vm24_rate20_lat1node_r3,2,1076,1791193628995,0,1791193629000.151,68.984,5.246,1791193629074.636,Normal,0.9232
vm2,147742,20261005-094315_clu_vm24_rate20_lat1node_r3,4346,perf_20261005-094315_clu_vm24_rate20_lat1node_r3,2,1077,1791193629045,0,1791193629077.115,53.21,5.249,1791193629135.753,Normal,0.9255
vm2,147742,20261005-094315_clu_vm24_rate20_lat1node_r3,4351,perf_20261005-094315_clu_vm24_rate20_lat1node_r3,2,1078,1791193629295,0,1791193629300.398,54.178,5.416,1791193629360.186,Normal,0.951
vm2,147742,20261005-094315_clu_vm24_rate20_lat1node_r3,4352,perf_20261005-094315_clu_vm24_rate20_lat1node_r3,2,1079,1791193629345,0,1791193629362.897,92.051,5.414,1791193629460.571,Normal,0.9658
vm2,147742,20261005-094315_clu_vm24_rate20_lat1node_r3,4359,perf_20261005-094315_clu_vm24_rate20_lat1node_r3,2,1080,1791193629695,0,1791193629700.331,74.971,5.197,1791193629780.691,Normal,0.9599
vm2,147742,20261005-094315_clu_vm24_rate20_lat1node_r3,4360,perf_20261005-094315_clu_vm24_rate20_lat1node_r3,2,1081,1791193629745,0,1791193629783.378,91.945,5.026,1791193629880.531,Normal,0.9687
vm2,147742,20261005-094315_clu_vm24_rate20_lat1node_r3,4362,perf_20261005-094315_clu_vm24_rate20_lat1node_r3,2,1082,1791193629845,0,1791193629883.865,53.959,5.112,1791193629943.121,Normal,0.9475
vm2,147742,20261005-094315_clu_vm24_rate20_lat1node_r3,4371,perf_20261005-094315_clu_vm24_rate20_lat1node_r3,2,1083,1791193630295,0,1791193630300.146,59.721,5.441,1791193630365.499,Normal,0.9494
vm2,147742,20261005-094315_clu_vm24_rate20_lat1node_r3,4378,perf_20261005-094315_clu_vm24_rate20_lat1node_r3,2,1084,1791193630645,0,1791193630650.865,207.625,5.537,1791193630864.234,Normal,0.9704
vm2,147742,20261005-094315_clu_vm24_rate20_lat1node_r3,4385,perf_20261005-094315_clu_vm24_rate20_lat1node_r3,2,1085,1791193630995,0,1791193631001.332,60.885,6.505,1791193631068.908,Normal,0.9148
vm2,147742,20261005-094315_clu_vm24_rate20_lat1node_r3,4388,perf_20261005-094315_clu_vm24_rate20_lat1node_r3,2,1086,1791193631145,0,1791193631150.808,72.826,6.486,1791193631230.305,Normal,0.6735
vm2,147742,20261005-094315_clu_vm24_rate20_lat1node_r3,4392,perf_20261005-094315_clu_vm24_rate20_lat1node_r3,2,1087,1791193631345,0,1791193631350.25,56.629,5.186,1791193631412.253,Normal,0.9375
vm2,147742,20261005-094315_clu_vm24_rate20_lat1node_r3,4394,perf_20261005-094315_clu_vm24_rate20_lat1node_r3,2,1088,1791193631445,0,1791193631451.229,57.455,5.251,1791193631514.124,Normal,0.9512
vm2,147742,20261005-094315_clu_vm24_rate20_lat1node_r3,4395,perf_20261005-094315_clu_vm24_rate20_lat1node_r3,2,1089,1791193631495,0,1791193631516.762,53.149,4.609,1791193631574.706,Normal,0.9494
vm2,147742,20261005-094315_clu_vm24_rate20_lat1node_r3,4396,perf_20261005-094315_clu_vm24_rate20_lat1node_r3,2,1090,1791193631545,0,1791193631576.816,51.767,4.949,1791193631633.713,Normal,0.8952
vm2,147742,20261005-094315_clu_vm24_rate20_lat1node_r3,4397,perf_20261005-094315_clu_vm24_rate20_lat1node_r3,2,1091,1791193631595,0,1791193631636.041,58.877,6.632,1791193631701.726,Normal,0.9541
vm2,147742,20261005-094315_clu_vm24_rate20_lat1node_r3,4399,perf_20261005-094315_clu_vm24_rate20_lat1node_r3,2,1092,1791193631695,0,1791193631704.267,147.113,5.779,1791193631857.347,HATE,0.4258
vm2,147742,20261005-094315_clu_vm24_rate20_lat1node_r3,4407,perf_20261005-094315_clu_vm24_rate20_lat1node_r3,2,1093,1791193632095,0,1791193632101.629,75.744,9.316,1791193632186.886,Normal,0.8135
vm2,147742,20261005-094315_clu_vm24_rate20_lat1node_r3,4411,perf_20261005-094315_clu_vm24_rate20_lat1node_r3,2,1094,1791193632295,0,1791193632300.01,147.017,4.222,1791193632451.447,Normal,0.9684
vm2,147742,20261005-094315_clu_vm24_rate20_lat1node_r3,4417,perf_20261005-094315_clu_vm24_rate20_lat1node_r3,2,1095,1791193632595,0,1791193632601.12,104.539,7.573,1791193632713.429,Normal,0.9712
vm2,147742,20261005-094315_clu_vm24_rate20_lat1node_r3,4419,perf_20261005-094315_clu_vm24_rate20_lat1node_r3,2,1096,1791193632695,0,1791193632717.442,74.032,5.931,1791193632797.588,Normal,0.9695
vm2,147742,20261005-094315_clu_vm24_rate20_lat1node_r3,4421,perf_20261005-094315_clu_vm24_rate20_lat1node_r3,2,1097,1791193632795,0,1791193632800.464,71.183,5.362,1791193632877.192,Normal,0.9622
vm2,147742,20261005-094315_clu_vm24_rate20_lat1node_r3,4423,perf_20261005-094315_clu_vm24_rate20_lat1node_r3,2,1098,1791193632895,0,1791193632899.366,80.75,4.908,1791193632985.211,Normal,0.8502
vm2,147742,20261005-094315_clu_vm24_rate20_lat1node_r3,4428,perf_20261005-094315_clu_vm24_rate20_lat1node_r3,2,1099,1791193633146,0,1791193633150.568,87.174,5.09,1791193633243.023,Normal,0.6746
vm2,147742,20261005-094315_clu_vm24_rate20_lat1node_r3,4437,perf_20261005-094315_clu_vm24_rate20_lat1node_r3,2,1100,1791193633595,0,1791193633600.023,73.693,5.151,1791193633679.061,Normal,0.9567
vm2,147742,20261005-094315_clu_vm24_rate20_lat1node_r3,4438,perf_20261005-094315_clu_vm24_rate20_lat1node_r3,2,1101,1791193633645,0,1791193633681.584,75.0,6.406,1791193633763.182,Normal,0.9375
vm2,147742,20261005-094315_clu_vm24_rate20_lat1node_r3,4443,perf_20261005-094315_clu_vm24_rate20_lat1node_r3,2,1102,1791193633895,0,1791193633900.042,112.162,5.228,1791193634017.629,Normal,0.9199
vm2,147742,20261005-094315_clu_vm24_rate20_lat1node_r3,4446,perf_20261005-094315_clu_vm24_rate20_lat1node_r3,2,1103,1791193634045,0,1791193634049.103,97.241,5.165,1791193634151.702,Normal,0.9374
vm2,147742,20261005-094315_clu_vm24_rate20_lat1node_r3,4450,perf_20261005-094315_clu_vm24_rate20_lat1node_r3,2,1104,1791193634245,0,1791193634250.882,75.902,5.151,1791193634332.136,Normal,0.9511
vm2,147742,20261005-094315_clu_vm24_rate20_lat1node_r3,4454,perf_20261005-094315_clu_vm24_rate20_lat1node_r3,2,1105,1791193634445,0,1791193634450.239,81.792,4.97,1791193634537.196,Normal,0.9336
vm2,147742,20261005-094315_clu_vm24_rate20_lat1node_r3,4457,perf_20261005-094315_clu_vm24_rate20_lat1node_r3,2,1106,1791193634595,0,1791193634600.236,92.432,5.537,1791193634698.405,Normal,0.9521
vm2,147742,20261005-094315_clu_vm24_rate20_lat1node_r3,4460,perf_20261005-094315_clu_vm24_rate20_lat1node_r3,2,1107,1791193634745,0,1791193634750.136,88.238,4.507,1791193634843.081,Normal,0.9711
vm2,147742,20261005-094315_clu_vm24_rate20_lat1node_r3,4463,perf_20261005-094315_clu_vm24_rate20_lat1node_r3,2,1108,1791193634895,0,1791193634899.87,86.083,5.453,1791193634991.603,Normal,0.9497
vm2,147742,20261005-094315_clu_vm24_rate20_lat1node_r3,4465,perf_20261005-094315_clu_vm24_rate20_lat1node_r3,2,1109,1791193634995,0,1791193634999.131,76.109,4.69,1791193635080.113,Normal,0.9451
vm2,147742,20261005-094315_clu_vm24_rate20_lat1node_r3,4467,perf_20261005-094315_clu_vm24_rate20_lat1node_r3,2,1110,1791193635095,0,1791193635099.257,87.723,4.705,1791193635191.869,Normal,0.9678
vm2,147742,20261005-094315_clu_vm24_rate20_lat1node_r3,4475,perf_20261005-094315_clu_vm24_rate20_lat1node_r3,2,1111,1791193635495,0,1791193635500.84,87.002,5.252,1791193635593.299,Normal,0.9733
vm2,147742,20261005-094315_clu_vm24_rate20_lat1node_r3,4479,perf_20261005-094315_clu_vm24_rate20_lat1node_r3,2,1112,1791193635695,0,1791193635699.901,103.243,6.32,1791193635809.68,Normal,0.9359
vm2,147742,20261005-094315_clu_vm24_rate20_lat1node_r3,4484,perf_20261005-094315_clu_vm24_rate20_lat1node_r3,2,1113,1791193635945,0,1791193635950.109,97.325,5.635,1791193636053.264,Normal,0.9636
vm2,147742,20261005-094315_clu_vm24_rate20_lat1node_r3,4492,perf_20261005-094315_clu_vm24_rate20_lat1node_r3,2,1114,1791193636345,0,1791193636350.53,85.806,5.189,1791193636441.721,Normal,0.9593
vm2,147742,20261005-094315_clu_vm24_rate20_lat1node_r3,4494,perf_20261005-094315_clu_vm24_rate20_lat1node_r3,2,1115,1791193636445,0,1791193636449.269,75.773,4.815,1791193636530.145,Normal,0.89
vm2,147742,20261005-094315_clu_vm24_rate20_lat1node_r3,4496,perf_20261005-094315_clu_vm24_rate20_lat1node_r3,2,1116,1791193636545,0,1791193636549.926,81.485,5.4,1791193636637.014,Normal,0.9423
vm2,147742,20261005-094315_clu_vm24_rate20_lat1node_r3,4497,perf_20261005-094315_clu_vm24_rate20_lat1node_r3,2,1117,1791193636595,0,1791193636639.567,74.398,6.689,1791193636720.842,Normal,0.9423
vm2,147742,20261005-094315_clu_vm24_rate20_lat1node_r3,4499,perf_20261005-094315_clu_vm24_rate20_lat1node_r3,2,1118,1791193636695,0,1791193636724.776,67.294,5.399,1791193636798.597,Normal,0.9302
vm2,147742,20261005-094315_clu_vm24_rate20_lat1node_r3,4516,perf_20261005-094315_clu_vm24_rate20_lat1node_r3,2,1119,1791193637545,0,1791193637550.823,81.684,4.995,1791193637637.707,Normal,0.9283
vm2,147742,20261005-094315_clu_vm24_rate20_lat1node_r3,4519,perf_20261005-094315_clu_vm24_rate20_lat1node_r3,2,1120,1791193637695,0,1791193637700.0,76.094,5.69,1791193637781.977,Normal,0.9451
vm2,147742,20261005-094315_clu_vm24_rate20_lat1node_r3,4521,perf_20261005-094315_clu_vm24_rate20_lat1node_r3,2,1121,1791193637795,0,1791193637799.046,189.288,6.416,1791193637994.948,Normal,0.9489
vm2,147742,20261005-094315_clu_vm24_rate20_lat1node_r3,4524,perf_20261005-094315_clu_vm24_rate20_lat1node_r3,2,1122,1791193637945,0,1791193637997.786,103.818,10.982,1791193638112.83,Normal,0.969
vm2,147742,20261005-094315_clu_vm24_rate20_lat1node_r3,4530,perf_20261005-094315_clu_vm24_rate20_lat1node_r3,2,1123,1791193638245,0,1791193638250.638,113.823,5.26,1791193638369.918,Normal,0.9664
vm2,147742,20261005-094315_clu_vm24_rate20_lat1node_r3,4533,perf_20261005-094315_clu_vm24_rate20_lat1node_r3,2,1124,1791193638395,0,1791193638400.766,94.925,4.748,1791193638500.631,Normal,0.9749
vm2,147742,20261005-094315_clu_vm24_rate20_lat1node_r3,4537,perf_20261005-094315_clu_vm24_rate20_lat1node_r3,2,1125,1791193638595,0,1791193638600.171,80.173,5.708,1791193638686.254,Normal,0.903
vm2,147742,20261005-094315_clu_vm24_rate20_lat1node_r3,4539,perf_20261005-094315_clu_vm24_rate20_lat1node_r3,2,1126,1791193638695,0,1791193638699.267,75.557,5.899,1791193638780.91,Normal,0.9468
vm2,147742,20261005-094315_clu_vm24_rate20_lat1node_r3,4548,perf_20261005-094315_clu_vm24_rate20_lat1node_r3,2,1127,1791193639145,0,1791193639150.146,156.657,5.414,1791193639312.419,Normal,0.9757
vm2,147742,20261005-094315_clu_vm24_rate20_lat1node_r3,4549,perf_20261005-094315_clu_vm24_rate20_lat1node_r3,2,1128,1791193639195,0,1791193639315.112,112.895,4.676,1791193639432.914,OFFENSIVE,0.4537
vm2,147742,20261005-094315_clu_vm24_rate20_lat1node_r3,4553,perf_20261005-094315_clu_vm24_rate20_lat1node_r3,2,1129,1791193639395,0,1791193639435.717,79.104,5.066,1791193639520.074,Normal,0.9324
vm2,147742,20261005-094315_clu_vm24_rate20_lat1node_r3,4555,perf_20261005-094315_clu_vm24_rate20_lat1node_r3,2,1130,1791193639495,0,1791193639522.805,106.841,5.371,1791193639635.204,Normal,0.9704
vm2,147742,20261005-094315_clu_vm24_rate20_lat1node_r3,4556,perf_20261005-094315_clu_vm24_rate20_lat1node_r3,2,1131,1791193639545,0,1791193639638.017,95.913,3.918,1791193639738.032,Normal,0.9611
vm2,147742,20261005-094315_clu_vm24_rate20_lat1node_r3,4561,perf_20261005-094315_clu_vm24_rate20_lat1node_r3,2,1132,1791193639795,0,1791193639800.139,79.09,4.857,1791193639884.282,Normal,0.9375
vm2,147742,20261005-094315_clu_vm24_rate20_lat1node_r3,4562,perf_20261005-094315_clu_vm24_rate20_lat1node_r3,2,1133,1791193639845,0,1791193639886.661,71.61,8.491,1791193639967.01,Normal,0.9535
vm2,147742,20261005-094315_clu_vm24_rate20_lat1node_r3,4569,perf_20261005-094315_clu_vm24_rate20_lat1node_r3,2,1134,1791193640195,0,1791193640200.21,133.577,5.432,1791193640339.409,Normal,0.9349
vm2,147742,20261005-094315_clu_vm24_rate20_lat1node_r3,4586,perf_20261005-094315_clu_vm24_rate20_lat1node_r3,2,1135,1791193641045,0,1791193641050.419,106.679,5.256,1791193641162.633,Normal,0.9607
vm2,147742,20261005-094315_clu_vm24_rate20_lat1node_r3,4602,perf_20261005-094315_clu_vm24_rate20_lat1node_r3,2,1136,1791193641845,0,1791193641850.244,86.063,5.198,1791193641941.713,Normal,0.8121
vm2,147742,20261005-094315_clu_vm24_rate20_lat1node_r3,4606,perf_20261005-094315_clu_vm24_rate20_lat1node_r3,2,1137,1791193642046,0,1791193642050.936,85.713,5.693,1791193642142.542,Normal,0.9477
vm2,147742,20261005-094315_clu_vm24_rate20_lat1node_r3,4607,perf_20261005-094315_clu_vm24_rate20_lat1node_r3,2,1138,1791193642095,0,1791193642145.509,82.295,5.637,1791193642233.631,Normal,0.9658
vm2,147742,20261005-094315_clu_vm24_rate20_lat1node_r3,4625,perf_20261005-094315_clu_vm24_rate20_lat1node_r3,2,1139,1791193642995,0,1791193642999.88,79.514,5.132,1791193643084.727,Normal,0.8412
vm2,147742,20261005-094315_clu_vm24_rate20_lat1node_r3,4626,perf_20261005-094315_clu_vm24_rate20_lat1node_r3,2,1140,1791193643045,0,1791193643087.249,67.06,5.328,1791193643159.827,Normal,0.9217
vm2,147742,20261005-094315_clu_vm24_rate20_lat1node_r3,4630,perf_20261005-094315_clu_vm24_rate20_lat1node_r3,2,1141,1791193643245,0,1791193643251.034,157.203,5.695,1791193643414.133,Normal,0.975
vm2,147742,20261005-094315_clu_vm24_rate20_lat1node_r3,4632,perf_20261005-094315_clu_vm24_rate20_lat1node_r3,2,1142,1791193643345,0,1791193643416.834,105.164,4.956,1791193643527.138,Normal,0.8636
vm2,147742,20261005-094315_clu_vm24_rate20_lat1node_r3,4634,perf_20261005-094315_clu_vm24_rate20_lat1node_r3,2,1143,1791193643446,0,1791193643529.887,103.263,4.22,1791193643637.639,Normal,0.919
vm2,147742,20261005-094315_clu_vm24_rate20_lat1node_r3,4639,perf_20261005-094315_clu_vm24_rate20_lat1node_r3,2,1144,1791193643695,0,1791193643700.335,118.187,4.291,1791193643823.027,Normal,0.9789
vm2,147742,20261005-094315_clu_vm24_rate20_lat1node_r3,4643,perf_20261005-094315_clu_vm24_rate20_lat1node_r3,2,1145,1791193643895,0,1791193643900.0,103.116,4.819,1791193644008.133,Normal,0.956
vm2,147742,20261005-094315_clu_vm24_rate20_lat1node_r3,4645,perf_20261005-094315_clu_vm24_rate20_lat1node_r3,2,1146,1791193643995,0,1791193644010.616,95.497,5.104,1791193644111.403,Normal,0.9386
vm2,147742,20261005-094315_clu_vm24_rate20_lat1node_r3,4648,perf_20261005-094315_clu_vm24_rate20_lat1node_r3,2,1147,1791193644149,0,1791193644152.927,101.705,4.69,1791193644259.513,Normal,0.9725
vm2,147742,20261005-094315_clu_vm24_rate20_lat1node_r3,4650,perf_20261005-094315_clu_vm24_rate20_lat1node_r3,2,1148,1791193644246,0,1791193644262.313,101.266,4.958,1791193644368.727,Normal,0.9434
vm2,147742,20261005-094315_clu_vm24_rate20_lat1node_r3,4655,perf_20261005-094315_clu_vm24_rate20_lat1node_r3,2,1149,1791193644495,0,1791193644503.295,87.066,5.645,1791193644596.206,Normal,0.9668
vm2,147742,20261005-094315_clu_vm24_rate20_lat1node_r3,4656,perf_20261005-094315_clu_vm24_rate20_lat1node_r3,2,1150,1791193644545,0,1791193644599.219,70.193,4.811,1791193644674.405,Normal,0.9645
vm2,147742,20261005-094315_clu_vm24_rate20_lat1node_r3,4657,perf_20261005-094315_clu_vm24_rate20_lat1node_r3,2,1151,1791193644595,0,1791193644677.175,68.168,5.505,1791193644751.031,Normal,0.9241
vm2,147742,20261005-094315_clu_vm24_rate20_lat1node_r3,4663,perf_20261005-094315_clu_vm24_rate20_lat1node_r3,2,1152,1791193644895,0,1791193644900.228,212.684,5.509,1791193645118.625,OFFENSIVE,0.3854
vm2,147742,20261005-094315_clu_vm24_rate20_lat1node_r3,4664,perf_20261005-094315_clu_vm24_rate20_lat1node_r3,2,1153,1791193644945,0,1791193645121.737,74.12,5.747,1791193645201.789,Normal,0.9048
vm2,147742,20261005-094315_clu_vm24_rate20_lat1node_r3,4665,perf_20261005-094315_clu_vm24_rate20_lat1node_r3,2,1154,1791193644995,0,1791193645202.021,80.892,5.487,1791193645288.591,Normal,0.6064
vm2,147742,20261005-094315_clu_vm24_rate20_lat1node_r3,4668,perf_20261005-094315_clu_vm24_rate20_lat1node_r3,2,1155,1791193645145,0,1791193645291.992,66.181,5.273,1791193645363.633,Normal,0.9608
vm2,147742,20261005-094315_clu_vm24_rate20_lat1node_r3,4669,perf_20261005-094315_clu_vm24_rate20_lat1node_r3,2,1156,1791193645195,0,1791193645363.874,98.36,5.922,1791193645468.345,Normal,0.9646
vm2,147742,20261005-094315_clu_vm24_rate20_lat1node_r3,4681,perf_20261005-094315_clu_vm24_rate20_lat1node_r3,2,1157,1791193645795,0,1791193645800.079,88.767,5.315,1791193645894.369,Normal,0.9711
vm2,147742,20261005-094315_clu_vm24_rate20_lat1node_r3,4687,perf_20261005-094315_clu_vm24_rate20_lat1node_r3,2,1158,1791193646095,0,1791193646099.92,80.898,5.189,1791193646186.205,Normal,0.7883
vm2,147742,20261005-094315_clu_vm24_rate20_lat1node_r3,4692,perf_20261005-094315_clu_vm24_rate20_lat1node_r3,2,1159,1791193646346,0,1791193646350.773,91.337,5.55,1791193646447.857,Normal,0.9468
vm2,147742,20261005-094315_clu_vm24_rate20_lat1node_r3,4696,perf_20261005-094315_clu_vm24_rate20_lat1node_r3,2,1160,1791193646545,0,1791193646550.22,81.37,5.529,1791193646637.315,Normal,0.9309
vm2,147742,20261005-094315_clu_vm24_rate20_lat1node_r3,4697,perf_20261005-094315_clu_vm24_rate20_lat1node_r3,2,1161,1791193646595,0,1791193646640.076,108.602,5.704,1791193646754.572,Normal,0.9681
vm2,147742,20261005-094315_clu_vm24_rate20_lat1node_r3,4705,perf_20261005-094315_clu_vm24_rate20_lat1node_r3,2,1162,1791193646995,0,1791193647000.388,79.046,4.801,1791193647084.432,Normal,0.9475
vm2,147742,20261005-094315_clu_vm24_rate20_lat1node_r3,4711,perf_20261005-094315_clu_vm24_rate20_lat1node_r3,2,1163,1791193647295,0,1791193647300.148,84.499,5.061,1791193647389.903,Normal,0.9412
vm2,147742,20261005-094315_clu_vm24_rate20_lat1node_r3,4716,perf_20261005-094315_clu_vm24_rate20_lat1node_r3,2,1164,1791193647545,0,1791193647550.6,78.494,4.539,1791193647633.93,Normal,0.8095
vm2,147742,20261005-094315_clu_vm24_rate20_lat1node_r3,4717,perf_20261005-094315_clu_vm24_rate20_lat1node_r3,2,1165,1791193647595,0,1791193647636.736,67.036,4.512,1791193647708.476,Normal,0.9557
vm2,147742,20261005-094315_clu_vm24_rate20_lat1node_r3,4723,perf_20261005-094315_clu_vm24_rate20_lat1node_r3,2,1166,1791193647895,0,1791193647900.438,98.661,5.208,1791193648004.496,Normal,0.8039
vm2,147742,20261005-094315_clu_vm24_rate20_lat1node_r3,4727,perf_20261005-094315_clu_vm24_rate20_lat1node_r3,2,1167,1791193648095,0,1791193648100.17,167.512,5.411,1791193648273.298,OFFENSIVE,0.9518
vm2,147742,20261005-094315_clu_vm24_rate20_lat1node_r3,4728,perf_20261005-094315_clu_vm24_rate20_lat1node_r3,2,1168,1791193648145,0,1791193648275.994,105.784,5.554,1791193648387.518,Normal,0.929
vm2,147742,20261005-094315_clu_vm24_rate20_lat1node_r3,4729,perf_20261005-094315_clu_vm24_rate20_lat1node_r3,2,1169,1791193648195,0,1791193648387.757,77.429,5.832,1791193648471.286,Normal,0.9285
vm2,147742,20261005-094315_clu_vm24_rate20_lat1node_r3,4731,perf_20261005-094315_clu_vm24_rate20_lat1node_r3,2,1170,1791193648295,0,1791193648476.542,66.72,4.813,1791193648548.292,Normal,0.9718
vm2,147742,20261005-094315_clu_vm24_rate20_lat1node_r3,4732,perf_20261005-094315_clu_vm24_rate20_lat1node_r3,2,1171,1791193648345,0,1791193648548.585,64.512,4.848,1791193648618.165,Normal,0.942
vm2,147742,20261005-094315_clu_vm24_rate20_lat1node_r3,4733,perf_20261005-094315_clu_vm24_rate20_lat1node_r3,2,1172,1791193648395,0,1791193648618.365,66.685,4.719,1791193648689.993,Normal,0.9442
vm2,147742,20261005-094315_clu_vm24_rate20_lat1node_r3,4738,perf_20261005-094315_clu_vm24_rate20_lat1node_r3,2,1173,1791193648645,0,1791193648692.925,53.06,4.459,1791193648750.625,Normal,0.9375
vm2,147742,20261005-094315_clu_vm24_rate20_lat1node_r3,4742,perf_20261005-094315_clu_vm24_rate20_lat1node_r3,2,1174,1791193648845,0,1791193648850.372,84.002,5.042,1791193648939.619,Normal,0.5899
vm2,147742,20261005-094315_clu_vm24_rate20_lat1node_r3,4743,perf_20261005-094315_clu_vm24_rate20_lat1node_r3,2,1175,1791193648895,0,1791193648942.14,79.72,5.054,1791193649027.087,Normal,0.4662
vm2,147742,20261005-094315_clu_vm24_rate20_lat1node_r3,4745,perf_20261005-094315_clu_vm24_rate20_lat1node_r3,2,1176,1791193648995,0,1791193649029.662,76.602,5.547,1791193649111.99,Normal,0.9068
vm2,147742,20261005-094315_clu_vm24_rate20_lat1node_r3,4752,perf_20261005-094315_clu_vm24_rate20_lat1node_r3,2,1177,1791193649345,0,1791193649351.553,98.159,5.617,1791193649455.495,Normal,0.9388
vm2,147742,20261005-094315_clu_vm24_rate20_lat1node_r3,4754,perf_20261005-094315_clu_vm24_rate20_lat1node_r3,2,1178,1791193649446,0,1791193649458.4,58.023,5.962,1791193649522.575,Normal,0.9375
vm2,147742,20261005-094315_clu_vm24_rate20_lat1node_r3,4755,perf_20261005-094315_clu_vm24_rate20_lat1node_r3,2,1179,1791193649495,0,1791193649525.616,78.286,5.716,1791193649609.802,Normal,0.9571
vm2,147742,20261005-094315_clu_vm24_rate20_lat1node_r3,4758,perf_20261005-094315_clu_vm24_rate20_lat1node_r3,2,1180,1791193649645,0,1791193649650.361,60.599,5.529,1791193649716.671,Normal,0.9469
vm2,147742,20261005-094315_clu_vm24_rate20_lat1node_r3,4759,perf_20261005-094315_clu_vm24_rate20_lat1node_r3,2,1181,1791193649695,0,1791193649719.644,81.936,5.776,1791193649807.546,Normal,0.8566
vm2,147742,20261005-094315_clu_vm24_rate20_lat1node_r3,4761,perf_20261005-094315_clu_vm24_rate20_lat1node_r3,2,1182,1791193649795,0,1791193649810.628,376.222,4.549,1791193650191.617,Normal,0.98
vm2,147742,20261005-094315_clu_vm24_rate20_lat1node_r3,4768,perf_20261005-094315_clu_vm24_rate20_lat1node_r3,2,1183,1791193650145,0,1791193650194.044,99.587,5.034,1791193650298.844,OFFENSIVE,0.4995
vm2,147742,20261005-094315_clu_vm24_rate20_lat1node_r3,4771,perf_20261005-094315_clu_vm24_rate20_lat1node_r3,2,1184,1791193650295,0,1791193650302.229,89.702,5.744,1791193650397.908,Normal,0.8892
vm2,147742,20261005-094315_clu_vm24_rate20_lat1node_r3,4774,perf_20261005-094315_clu_vm24_rate20_lat1node_r3,2,1185,1791193650445,0,1791193650450.404,65.615,5.486,1791193650521.682,Normal,0.9498
vm2,147742,20261005-094315_clu_vm24_rate20_lat1node_r3,4784,perf_20261005-094315_clu_vm24_rate20_lat1node_r3,2,1186,1791193650945,0,1791193650950.547,56.569,5.36,1791193651012.657,Normal,0.8658
vm2,147742,20261005-094315_clu_vm24_rate20_lat1node_r3,4791,perf_20261005-094315_clu_vm24_rate20_lat1node_r3,2,1187,1791193651295,0,1791193651300.561,83.286,4.636,1791193651388.669,Normal,0.951
vm2,147742,20261005-094315_clu_vm24_rate20_lat1node_r3,4792,perf_20261005-094315_clu_vm24_rate20_lat1node_r3,2,1188,1791193651345,0,1791193651391.142,69.903,5.308,1791193651466.573,Normal,0.9561
vm2,147742,20261005-094315_clu_vm24_rate20_lat1node_r3,4793,perf_20261005-094315_clu_vm24_rate20_lat1node_r3,2,1189,1791193651395,0,1791193651469.179,82.519,5.61,1791193651557.483,Normal,0.9629
vm2,147742,20261005-094315_clu_vm24_rate20_lat1node_r3,4794,perf_20261005-094315_clu_vm24_rate20_lat1node_r3,2,1190,1791193651445,0,1791193651557.687,60.53,5.59,1791193651623.976,Normal,0.8735
vm2,147742,20261005-094315_clu_vm24_rate20_lat1node_r3,4796,perf_20261005-094315_clu_vm24_rate20_lat1node_r3,2,1191,1791193651545,0,1791193651626.835,89.363,5.196,1791193651721.573,Normal,0.9255
vm2,147742,20261005-094315_clu_vm24_rate20_lat1node_r3,4798,perf_20261005-094315_clu_vm24_rate20_lat1node_r3,2,1192,1791193651645,0,1791193651724.31,51.718,6.411,1791193651782.61,Normal,0.8842
vm2,147742,20261005-094315_clu_vm24_rate20_lat1node_r3,4799,perf_20261005-094315_clu_vm24_rate20_lat1node_r3,2,1193,1791193651695,0,1791193651782.91,59.912,5.58,1791193651848.653,Normal,0.9023
vm2,147742,20261005-094315_clu_vm24_rate20_lat1node_r3,4801,perf_20261005-094315_clu_vm24_rate20_lat1node_r3,2,1194,1791193651795,0,1791193651851.677,54.819,6.114,1791193651912.793,Normal,0.4513
vm2,147742,20261005-094315_clu_vm24_rate20_lat1node_r3,4802,perf_20261005-094315_clu_vm24_rate20_lat1node_r3,2,1195,1791193651846,0,1791193651913.1,84.39,4.846,1791193652002.511,Normal,0.9497
vm2,147742,20261005-094315_clu_vm24_rate20_lat1node_r3,4807,perf_20261005-094315_clu_vm24_rate20_lat1node_r3,2,1196,1791193652095,0,1791193652101.024,80.093,4.813,1791193652186.192,Normal,0.4863
vm2,147742,20261005-094315_clu_vm24_rate20_lat1node_r3,4814,perf_20261005-094315_clu_vm24_rate20_lat1node_r3,2,1197,1791193652445,0,1791193652450.384,139.568,5.263,1791193652595.399,Normal,0.9541
vm2,147742,20261005-094315_clu_vm24_rate20_lat1node_r3,4816,perf_20261005-094315_clu_vm24_rate20_lat1node_r3,2,1198,1791193652546,0,1791193652597.928,52.355,5.363,1791193652655.81,Normal,0.9608
vm2,147742,20261005-094315_clu_vm24_rate20_lat1node_r3,4821,perf_20261005-094315_clu_vm24_rate20_lat1node_r3,2,1199,1791193652795,0,1791193652800.74,101.535,4.953,1791193652907.423,Normal,0.963
vm2,147742,20261005-094315_clu_vm24_rate20_lat1node_r3,4825,perf_20261005-094315_clu_vm24_rate20_lat1node_r3,2,1200,1791193652995,0,1791193653000.448,82.735,5.105,1791193653088.467,Normal,0.3707
vm2,147742,20261005-094315_clu_vm24_rate20_lat1node_r3,4831,perf_20261005-094315_clu_vm24_rate20_lat1node_r3,2,1201,1791193653295,0,1791193653300.336,62.714,5.11,1791193653368.347,Normal,0.9475
vm2,147742,20261005-094315_clu_vm24_rate20_lat1node_r3,4832,perf_20261005-094315_clu_vm24_rate20_lat1node_r3,2,1202,1791193653346,0,1791193653383.235,76.821,5.502,1791193653465.737,Normal,0.9593
vm2,147742,20261005-094315_clu_vm24_rate20_lat1node_r3,4835,perf_20261005-094315_clu_vm24_rate20_lat1node_r3,2,1203,1791193653495,0,1791193653502.161,60.168,4.978,1791193653567.484,Normal,0.9504
vm2,147742,20261005-094315_clu_vm24_rate20_lat1node_r3,4845,perf_20261005-094315_clu_vm24_rate20_lat1node_r3,2,1204,1791193653995,0,1791193654000.276,62.728,4.726,1791193654067.913,Normal,0.9567
vm2,147742,20261005-094315_clu_vm24_rate20_lat1node_r3,4847,perf_20261005-094315_clu_vm24_rate20_lat1node_r3,2,1205,1791193654095,0,1791193654099.014,59.381,4.38,1791193654162.952,Normal,0.9384
vm2,147742,20261005-094315_clu_vm24_rate20_lat1node_r3,4851,perf_20261005-094315_clu_vm24_rate20_lat1node_r3,2,1206,1791193654295,0,1791193654299.98,77.759,5.909,1791193654383.858,Normal,0.9097
vm2,147742,20261005-094315_clu_vm24_rate20_lat1node_r3,4860,perf_20261005-094315_clu_vm24_rate20_lat1node_r3,2,1207,1791193654745,0,1791193654750.585,63.499,5.764,1791193654820.028,Normal,0.9584
vm2,147742,20261005-094315_clu_vm24_rate20_lat1node_r3,4864,perf_20261005-094315_clu_vm24_rate20_lat1node_r3,2,1208,1791193654945,0,1791193654950.451,70.87,4.778,1791193655026.281,Normal,0.9711
vm2,147742,20261005-094315_clu_vm24_rate20_lat1node_r3,4865,perf_20261005-094315_clu_vm24_rate20_lat1node_r3,2,1209,1791193654995,0,1791193655028.744,79.775,6.029,1791193655114.735,Normal,0.9715
vm2,147742,20261005-094315_clu_vm24_rate20_lat1node_r3,4868,perf_20261005-094315_clu_vm24_rate20_lat1node_r3,2,1210,1791193655146,0,1791193655152.238,75.618,5.873,1791193655233.908,Normal,0.6944
vm2,147742,20261005-094315_clu_vm24_rate20_lat1node_r3,4871,perf_20261005-094315_clu_vm24_rate20_lat1node_r3,2,1211,1791193655295,0,1791193655300.606,84.203,5.908,1791193655390.905,Normal,0.9723
vm2,147742,20261005-094315_clu_vm24_rate20_lat1node_r3,4872,perf_20261005-094315_clu_vm24_rate20_lat1node_r3,2,1212,1791193655345,0,1791193655393.802,56.342,5.048,1791193655455.358,Normal,0.5047
vm2,147742,20261005-094315_clu_vm24_rate20_lat1node_r3,4873,perf_20261005-094315_clu_vm24_rate20_lat1node_r3,2,1213,1791193655395,0,1791193655457.797,108.733,5.064,1791193655571.776,Normal,0.9766
vm2,147742,20261005-094315_clu_vm24_rate20_lat1node_r3,4876,perf_20261005-094315_clu_vm24_rate20_lat1node_r3,2,1214,1791193655545,0,1791193655574.673,57.743,5.11,1791193655637.699,OFFENSIVE,0.8193
vm2,147742,20261005-094315_clu_vm24_rate20_lat1node_r3,4894,perf_20261005-094315_clu_vm24_rate20_lat1node_r3,2,1215,1791193656445,0,1791193656450.744,73.745,4.901,1791193656529.573,Normal,0.9475
vm2,147742,20261005-094315_clu_vm24_rate20_lat1node_r3,4896,perf_20261005-094315_clu_vm24_rate20_lat1node_r3,2,1216,1791193656545,0,1791193656551.754,63.502,5.615,1791193656621.047,Normal,0.9475
vm2,147742,20261005-094315_clu_vm24_rate20_lat1node_r3,4900,perf_20261005-094315_clu_vm24_rate20_lat1node_r3,2,1217,1791193656745,0,1791193656751.289,64.586,4.238,1791193656820.293,Normal,0.9233
vm2,147742,20261005-094315_clu_vm24_rate20_lat1node_r3,4902,perf_20261005-094315_clu_vm24_rate20_lat1node_r3,2,1218,1791193656845,0,1791193656852.177,68.493,5.538,1791193656926.383,Normal,0.943
vm2,147742,20261005-094315_clu_vm24_rate20_lat1node_r3,4907,perf_20261005-094315_clu_vm24_rate20_lat1node_r3,2,1219,1791193657095,0,1791193657100.268,71.951,4.495,1791193657176.9,Normal,0.9473
vm2,147742,20261005-094315_clu_vm24_rate20_lat1node_r3,4909,perf_20261005-094315_clu_vm24_rate20_lat1node_r3,2,1220,1791193657195,0,1791193657199.323,57.374,5.32,1791193657262.2,Normal,0.9096
vm2,147742,20261005-094315_clu_vm24_rate20_lat1node_r3,4917,perf_20261005-094315_clu_vm24_rate20_lat1node_r3,2,1221,1791193657595,0,1791193657600.572,66.579,5.136,1791193657672.494,Normal,0.9473
vm2,147742,20261005-094315_clu_vm24_rate20_lat1node_r3,4918,perf_20261005-094315_clu_vm24_rate20_lat1node_r3,2,1222,1791193657645,0,1791193657675.048,60.825,6.842,1791193657742.889,Normal,0.971
vm2,147742,20261005-094315_clu_vm24_rate20_lat1node_r3,4923,perf_20261005-094315_clu_vm24_rate20_lat1node_r3,2,1223,1791193657895,0,1791193657900.614,65.025,6.092,1791193657971.919,Normal,0.7874
vm2,147742,20261005-094315_clu_vm24_rate20_lat1node_r3,4925,perf_20261005-094315_clu_vm24_rate20_lat1node_r3,2,1224,1791193657995,0,1791193658001.995,131.96,5.395,1791193658139.557,Normal,0.934
vm2,147742,20261005-094315_clu_vm24_rate20_lat1node_r3,4943,perf_20261005-094315_clu_vm24_rate20_lat1node_r3,2,1225,1791193658895,0,1791193658900.087,59.707,5.391,1791193658965.364,Normal,0.9509
vm2,147742,20261005-094315_clu_vm24_rate20_lat1node_r3,4946,perf_20261005-094315_clu_vm24_rate20_lat1node_r3,2,1226,1791193659045,0,1791193659050.673,79.64,4.869,1791193659135.366,Normal,0.956
vm2,147742,20261005-094315_clu_vm24_rate20_lat1node_r3,4952,perf_20261005-094315_clu_vm24_rate20_lat1node_r3,2,1227,1791193659345,0,1791193659351.006,85.388,5.605,1791193659442.185,Normal,0.9653
vm2,147742,20261005-094315_clu_vm24_rate20_lat1node_r3,4957,perf_20261005-094315_clu_vm24_rate20_lat1node_r3,2,1228,1791193659595,0,1791193659600.508,92.55,5.212,1791193659698.525,Normal,0.9659
vm2,147742,20261005-094315_clu_vm24_rate20_lat1node_r3,4961,perf_20261005-094315_clu_vm24_rate20_lat1node_r3,2,1229,1791193659795,0,1791193659800.32,70.194,5.213,1791193659875.919,Normal,0.9385
vm2,147742,20261005-094315_clu_vm24_rate20_lat1node_r3,4964,perf_20261005-094315_clu_vm24_rate20_lat1node_r3,2,1230,1791193659945,0,1791193659950.343,94.939,5.242,1791193660050.72,Normal,0.8887
vm2,147742,20261005-094315_clu_vm24_rate20_lat1node_r3,4970,perf_20261005-094315_clu_vm24_rate20_lat1node_r3,2,1231,1791193660245,0,1791193660250.983,70.827,5.132,1791193660327.121,Normal,0.9608
vm2,147742,20261005-094315_clu_vm24_rate20_lat1node_r3,4971,perf_20261005-094315_clu_vm24_rate20_lat1node_r3,2,1232,1791193660295,0,1791193660330.3,71.384,4.964,1791193660406.822,Normal,0.8973
vm2,147742,20261005-094315_clu_vm24_rate20_lat1node_r3,4972,perf_20261005-094315_clu_vm24_rate20_lat1node_r3,2,1233,1791193660345,0,1791193660409.618,64.209,4.663,1791193660478.657,Normal,0.9198
vm2,147742,20261005-094315_clu_vm24_rate20_lat1node_r3,4977,perf_20261005-094315_clu_vm24_rate20_lat1node_r3,2,1234,1791193660595,0,1791193660600.691,76.552,5.419,1791193660682.853,Normal,0.9629
vm2,147742,20261005-094315_clu_vm24_rate20_lat1node_r3,4979,perf_20261005-094315_clu_vm24_rate20_lat1node_r3,2,1235,1791193660695,0,1791193660699.392,64.294,4.514,1791193660768.373,Normal,0.9473
vm2,147742,20261005-094315_clu_vm24_rate20_lat1node_r3,4994,perf_20261005-094315_clu_vm24_rate20_lat1node_r3,2,1236,1791193661445,0,1791193661450.583,61.825,5.689,1791193661518.294,Normal,0.9418
vm2,147742,20261005-094315_clu_vm24_rate20_lat1node_r3,5002,perf_20261005-094315_clu_vm24_rate20_lat1node_r3,2,1237,1791193661845,0,1791193661851.625,71.951,5.024,1791193661928.802,Normal,0.7995
vm2,147742,20261005-094315_clu_vm24_rate20_lat1node_r3,5005,perf_20261005-094315_clu_vm24_rate20_lat1node_r3,2,1238,1791193661995,0,1791193662000.83,52.881,5.061,1791193662058.948,Normal,0.8695
vm2,147742,20261005-094315_clu_vm24_rate20_lat1node_r3,5007,perf_20261005-094315_clu_vm24_rate20_lat1node_r3,2,1239,1791193662095,0,1791193662100.407,72.723,4.663,1791193662178.07,Normal,0.9625
vm2,147742,20261005-094315_clu_vm24_rate20_lat1node_r3,5010,perf_20261005-094315_clu_vm24_rate20_lat1node_r3,2,1240,1791193662245,0,1791193662250.819,55.662,5.766,1791193662312.426,Normal,0.9375
vm2,147742,20261005-094315_clu_vm24_rate20_lat1node_r3,5015,perf_20261005-094315_clu_vm24_rate20_lat1node_r3,2,1241,1791193662495,0,1791193662501.817,82.139,5.766,1791193662589.944,Normal,0.8683
vm2,147742,20261005-094315_clu_vm24_rate20_lat1node_r3,5029,perf_20261005-094315_clu_vm24_rate20_lat1node_r3,2,1242,1791193663195,0,1791193663200.463,91.822,4.943,1791193663297.398,Normal,0.9703
vm2,147742,20261005-094315_clu_vm24_rate20_lat1node_r3,5031,perf_20261005-094315_clu_vm24_rate20_lat1node_r3,2,1243,1791193663295,0,1791193663299.962,51.439,4.983,1791193663356.556,Normal,0.9572
vm2,147742,20261005-094315_clu_vm24_rate20_lat1node_r3,5033,perf_20261005-094315_clu_vm24_rate20_lat1node_r3,2,1244,1791193663395,0,1791193663400.115,62.579,4.689,1791193663467.557,Normal,0.8966
vm2,147742,20261005-094315_clu_vm24_rate20_lat1node_r3,5034,perf_20261005-094315_clu_vm24_rate20_lat1node_r3,2,1245,1791193663445,0,1791193663470.144,65.604,4.664,1791193663540.586,Normal,0.9642
vm2,147742,20261005-094315_clu_vm24_rate20_lat1node_r3,5036,perf_20261005-094315_clu_vm24_rate20_lat1node_r3,2,1246,1791193663545,0,1791193663549.179,89.646,4.58,1791193663643.592,Normal,0.9441
vm2,147742,20261005-094315_clu_vm24_rate20_lat1node_r3,5047,perf_20261005-094315_clu_vm24_rate20_lat1node_r3,2,1247,1791193664095,0,1791193664100.591,86.741,5.816,1791193664193.345,Normal,0.9104
vm2,147742,20261005-094315_clu_vm24_rate20_lat1node_r3,5049,perf_20261005-094315_clu_vm24_rate20_lat1node_r3,2,1248,1791193664195,0,1791193664200.029,61.33,5.126,1791193664266.668,Normal,0.9627
vm2,147742,20261005-094315_clu_vm24_rate20_lat1node_r3,5053,perf_20261005-094315_clu_vm24_rate20_lat1node_r3,2,1249,1791193664395,0,1791193664400.601,59.412,5.757,1791193664465.957,Normal,0.7826
vm2,147742,20261005-094315_clu_vm24_rate20_lat1node_r3,5055,perf_20261005-094315_clu_vm24_rate20_lat1node_r3,2,1250,1791193664495,0,1791193664500.518,114.391,5.094,1791193664620.19,Normal,0.9473
vm2,147742,20261005-094315_clu_vm24_rate20_lat1node_r3,5056,perf_20261005-094315_clu_vm24_rate20_lat1node_r3,2,1251,1791193664545,0,1791193664622.804,65.381,4.535,1791193664692.891,Normal,0.878
vm2,147742,20261005-094315_clu_vm24_rate20_lat1node_r3,5058,perf_20261005-094315_clu_vm24_rate20_lat1node_r3,2,1252,1791193664645,0,1791193664695.545,56.601,5.163,1791193664757.473,Normal,0.8052
vm2,147742,20261005-094315_clu_vm24_rate20_lat1node_r3,5059,perf_20261005-094315_clu_vm24_rate20_lat1node_r3,2,1253,1791193664695,0,1791193664760.18,98.765,5.381,1791193664864.521,Normal,0.9527
vm2,147742,20261005-094315_clu_vm24_rate20_lat1node_r3,5065,perf_20261005-094315_clu_vm24_rate20_lat1node_r3,2,1254,1791193664995,0,1791193665002.799,57.457,5.358,1791193665065.799,Normal,0.8661
vm2,147742,20261005-094315_clu_vm24_rate20_lat1node_r3,5067,perf_20261005-094315_clu_vm24_rate20_lat1node_r3,2,1255,1791193665095,0,1791193665100.128,81.045,4.699,1791193665186.104,Normal,0.9686
vm2,147742,20261005-094315_clu_vm24_rate20_lat1node_r3,5074,perf_20261005-094315_clu_vm24_rate20_lat1node_r3,2,1256,1791193665445,0,1791193665451.012,110.045,6.083,1791193665567.418,OFFENSIVE,0.8184
vm2,147742,20261005-094315_clu_vm24_rate20_lat1node_r3,5077,perf_20261005-094315_clu_vm24_rate20_lat1node_r3,2,1257,1791193665595,0,1791193665599.891,60.971,5.276,1791193665666.328,Normal,0.9672
vm2,147742,20261005-094315_clu_vm24_rate20_lat1node_r3,5083,perf_20261005-094315_clu_vm24_rate20_lat1node_r3,2,1258,1791193665895,0,1791193665901.16,67.929,4.806,1791193665974.121,Normal,0.9604
vm2,147742,20261005-094315_clu_vm24_rate20_lat1node_r3,5085,perf_20261005-094315_clu_vm24_rate20_lat1node_r3,2,1259,1791193665995,0,1791193665999.924,79.422,5.486,1791193666085.011,Normal,0.9444
vm2,147742,20261005-094315_clu_vm24_rate20_lat1node_r3,5086,perf_20261005-094315_clu_vm24_rate20_lat1node_r3,2,1260,1791193666045,0,1791193666087.745,60.647,5.431,1791193666154.001,Normal,0.9679
vm2,147742,20261005-094315_clu_vm24_rate20_lat1node_r3,5089,perf_20261005-094315_clu_vm24_rate20_lat1node_r3,2,1261,1791193666195,0,1791193666200.747,60.814,5.905,1791193666267.671,Normal,0.9593
vm2,147742,20261005-094315_clu_vm24_rate20_lat1node_r3,5091,perf_20261005-094315_clu_vm24_rate20_lat1node_r3,2,1262,1791193666295,0,1791193666300.329,89.384,5.357,1791193666395.25,Normal,0.6308
vm2,147742,20261005-094315_clu_vm24_rate20_lat1node_r3,5094,perf_20261005-094315_clu_vm24_rate20_lat1node_r3,2,1263,1791193666445,0,1791193666450.379,55.141,5.546,1791193666511.246,Normal,0.9219
vm2,147742,20261005-094315_clu_vm24_rate20_lat1node_r3,5095,perf_20261005-094315_clu_vm24_rate20_lat1node_r3,2,1264,1791193666495,0,1791193666513.622,66.937,6.351,1791193666587.082,OFFENSIVE,0.9006
vm2,147742,20261005-094315_clu_vm24_rate20_lat1node_r3,5097,perf_20261005-094315_clu_vm24_rate20_lat1node_r3,2,1265,1791193666595,0,1791193666599.378,65.143,5.555,1791193666670.252,Normal,0.9669
vm2,147742,20261005-094315_clu_vm24_rate20_lat1node_r3,5103,perf_20261005-094315_clu_vm24_rate20_lat1node_r3,2,1266,1791193666895,0,1791193666900.37,70.7,5.683,1791193666976.94,Normal,0.7772
vm2,147742,20261005-094315_clu_vm24_rate20_lat1node_r3,5107,perf_20261005-094315_clu_vm24_rate20_lat1node_r3,2,1267,1791193667095,0,1791193667100.783,99.952,5.625,1791193667206.556,Normal,0.8844
vm2,147742,20261005-094315_clu_vm24_rate20_lat1node_r3,5114,perf_20261005-094315_clu_vm24_rate20_lat1node_r3,2,1268,1791193667445,0,1791193667450.753,85.376,5.578,1791193667541.926,Normal,0.9566
vm2,147742,20261005-094315_clu_vm24_rate20_lat1node_r3,5119,perf_20261005-094315_clu_vm24_rate20_lat1node_r3,2,1269,1791193667695,0,1791193667700.497,62.372,4.972,1791193667768.027,Normal,0.9608
vm2,147742,20261005-094315_clu_vm24_rate20_lat1node_r3,5122,perf_20261005-094315_clu_vm24_rate20_lat1node_r3,2,1270,1791193667845,0,1791193667851.224,72.559,4.659,1791193667928.634,Normal,0.9727
vm2,147742,20261005-094315_clu_vm24_rate20_lat1node_r3,5125,perf_20261005-094315_clu_vm24_rate20_lat1node_r3,2,1271,1791193667995,0,1791193668000.503,91.84,7.099,1791193668099.629,Normal,0.9483
vm2,147742,20261005-094315_clu_vm24_rate20_lat1node_r3,5128,perf_20261005-094315_clu_vm24_rate20_lat1node_r3,2,1272,1791193668145,0,1791193668155.629,64.189,5.688,1791193668225.696,Normal,0.9451
vm2,147742,20261005-094315_clu_vm24_rate20_lat1node_r3,5147,perf_20261005-094315_clu_vm24_rate20_lat1node_r3,2,1273,1791193669096,0,1791193669100.889,87.525,5.53,1791193669194.146,Normal,0.9521
vm2,147742,20261005-094315_clu_vm24_rate20_lat1node_r3,5150,perf_20261005-094315_clu_vm24_rate20_lat1node_r3,2,1274,1791193669245,0,1791193669253.584,77.399,5.257,1791193669336.432,Normal,0.9616
vm2,147742,20261005-094315_clu_vm24_rate20_lat1node_r3,5151,perf_20261005-094315_clu_vm24_rate20_lat1node_r3,2,1275,1791193669295,0,1791193669339.134,105.722,4.975,1791193669450.024,Normal,0.7381
vm2,147742,20261005-094315_clu_vm24_rate20_lat1node_r3,5152,perf_20261005-094315_clu_vm24_rate20_lat1node_r3,2,1276,1791193669345,0,1791193669452.598,55.098,5.179,1791193669513.061,Normal,0.9401
vm2,147742,20261005-094315_clu_vm24_rate20_lat1node_r3,5157,perf_20261005-094315_clu_vm24_rate20_lat1node_r3,2,1277,1791193669595,0,1791193669600.033,72.427,4.815,1791193669677.458,Normal,0.9026
vm2,147742,20261005-094315_clu_vm24_rate20_lat1node_r3,5160,perf_20261005-094315_clu_vm24_rate20_lat1node_r3,2,1278,1791193669745,0,1791193669750.734,63.335,4.958,1791193669819.211,Normal,0.954
vm2,147742,20261005-094315_clu_vm24_rate20_lat1node_r3,5162,perf_20261005-094315_clu_vm24_rate20_lat1node_r3,2,1279,1791193669845,0,1791193669849.064,87.637,4.986,1791193669941.871,Normal,0.9206
vm2,147742,20261005-094315_clu_vm24_rate20_lat1node_r3,5164,perf_20261005-094315_clu_vm24_rate20_lat1node_r3,2,1280,1791193669945,0,1791193669949.099,90.397,5.373,1791193670045.051,Normal,0.9266
vm2,147742,20261005-094315_clu_vm24_rate20_lat1node_r3,5167,perf_20261005-094315_clu_vm24_rate20_lat1node_r3,2,1281,1791193670095,0,1791193670100.039,75.272,5.41,1791193670180.904,Normal,0.7848
vm2,147742,20261005-094315_clu_vm24_rate20_lat1node_r3,5169,perf_20261005-094315_clu_vm24_rate20_lat1node_r3,2,1282,1791193670195,0,1791193670200.212,65.994,5.55,1791193670271.936,Normal,0.8657
vm2,147742,20261005-094315_clu_vm24_rate20_lat1node_r3,5177,perf_20261005-094315_clu_vm24_rate20_lat1node_r3,2,1283,1791193670595,0,1791193670599.855,68.473,5.206,1791193670673.721,Normal,0.9389
vm2,147742,20261005-094315_clu_vm24_rate20_lat1node_r3,5178,perf_20261005-094315_clu_vm24_rate20_lat1node_r3,2,1284,1791193670645,0,1791193670676.096,59.951,5.14,1791193670741.368,Normal,0.9608
vm2,147742,20261005-094315_clu_vm24_rate20_lat1node_r3,5185,perf_20261005-094315_clu_vm24_rate20_lat1node_r3,2,1285,1791193670995,0,1791193671000.277,72.686,5.074,1791193671078.222,Normal,0.9544
vm2,147742,20261005-094315_clu_vm24_rate20_lat1node_r3,5198,perf_20261005-094315_clu_vm24_rate20_lat1node_r3,2,1286,1791193671645,0,1791193671650.391,59.872,5.275,1791193671715.736,Normal,0.9407
vm2,147742,20261005-094315_clu_vm24_rate20_lat1node_r3,5199,perf_20261005-094315_clu_vm24_rate20_lat1node_r3,2,1287,1791193671695,0,1791193671718.708,53.14,5.287,1791193671777.316,Normal,0.9375
vm2,147742,20261005-094315_clu_vm24_rate20_lat1node_r3,5200,perf_20261005-094315_clu_vm24_rate20_lat1node_r3,2,1288,1791193671745,0,1791193671780.071,78.648,4.971,1791193671863.873,Normal,0.9662
vm2,147742,20261005-094315_clu_vm24_rate20_lat1node_r3,5206,perf_20261005-094315_clu_vm24_rate20_lat1node_r3,2,1289,1791193672045,0,1791193672050.594,66.152,5.407,1791193672122.341,Normal,0.8853
vm2,147742,20261005-094315_clu_vm24_rate20_lat1node_r3,5211,perf_20261005-094315_clu_vm24_rate20_lat1node_r3,2,1290,1791193672295,0,1791193672300.217,69.373,5.878,1791193672375.657,Normal,0.9655
vm2,147742,20261005-094315_clu_vm24_rate20_lat1node_r3,5216,perf_20261005-094315_clu_vm24_rate20_lat1node_r3,2,1291,1791193672545,0,1791193672552.235,78.223,5.517,1791193672636.162,Normal,0.9688
vm2,147742,20261005-094315_clu_vm24_rate20_lat1node_r3,5217,perf_20261005-094315_clu_vm24_rate20_lat1node_r3,2,1292,1791193672595,0,1791193672638.783,61.818,5.214,1791193672705.99,Normal,0.9702
vm2,147742,20261005-094315_clu_vm24_rate20_lat1node_r3,5218,perf_20261005-094315_clu_vm24_rate20_lat1node_r3,2,1293,1791193672645,0,1791193672708.616,61.016,4.668,1791193672774.476,Normal,0.9476
vm2,147742,20261005-094315_clu_vm24_rate20_lat1node_r3,5221,perf_20261005-094315_clu_vm24_rate20_lat1node_r3,2,1294,1791193672795,0,1791193672799.851,59.508,4.662,1791193672864.207,Normal,0.9423
vm2,147742,20261005-094315_clu_vm24_rate20_lat1node_r3,5225,perf_20261005-094315_clu_vm24_rate20_lat1node_r3,2,1295,1791193672995,0,1791193673000.394,69.677,5.223,1791193673075.48,Normal,0.9631
vm2,147742,20261005-094315_clu_vm24_rate20_lat1node_r3,5228,perf_20261005-094315_clu_vm24_rate20_lat1node_r3,2,1296,1791193673145,0,1791193673150.548,58.642,5.198,1791193673214.639,Normal,0.9555
vm2,147742,20261005-094315_clu_vm24_rate20_lat1node_r3,5232,perf_20261005-094315_clu_vm24_rate20_lat1node_r3,2,1297,1791193673345,0,1791193673350.807,371.414,5.481,1791193673727.931,Normal,0.974
vm2,147742,20261005-094315_clu_vm24_rate20_lat1node_r3,5234,perf_20261005-094315_clu_vm24_rate20_lat1node_r3,2,1298,1791193673445,0,1791193673730.774,78.666,4.506,1791193673814.128,Normal,0.9668
vm2,147742,20261005-094315_clu_vm24_rate20_lat1node_r3,5237,perf_20261005-094315_clu_vm24_rate20_lat1node_r3,2,1299,1791193673595,0,1791193673814.342,79.957,4.472,1791193673898.946,Normal,0.9494
vm2,147742,20261005-094315_clu_vm24_rate20_lat1node_r3,5246,perf_20261005-094315_clu_vm24_rate20_lat1node_r3,2,1300,1791193674045,0,1791193674050.343,125.236,5.011,1791193674180.787,Normal,0.9578
vm2,147742,20261005-094315_clu_vm24_rate20_lat1node_r3,5247,perf_20261005-094315_clu_vm24_rate20_lat1node_r3,2,1301,1791193674095,0,1791193674183.429,79.227,5.493,1791193674268.328,Normal,0.9505
vm2,147742,20261005-094315_clu_vm24_rate20_lat1node_r3,5252,perf_20261005-094315_clu_vm24_rate20_lat1node_r3,2,1302,1791193674345,0,1791193674351.051,162.618,4.892,1791193674518.77,Normal,0.9641
vm2,147742,20261005-094315_clu_vm24_rate20_lat1node_r3,5255,perf_20261005-094315_clu_vm24_rate20_lat1node_r3,2,1303,1791193674495,0,1791193674521.274,72.65,4.454,1791193674598.558,Normal,0.9425
vm2,147742,20261005-094315_clu_vm24_rate20_lat1node_r3,5256,perf_20261005-094315_clu_vm24_rate20_lat1node_r3,2,1304,1791193674545,0,1791193674601.024,53.809,5.284,1791193674660.303,Normal,0.9375
vm2,147742,20261005-094315_clu_vm24_rate20_lat1node_r3,5259,perf_20261005-094315_clu_vm24_rate20_lat1node_r3,2,1305,1791193674695,0,1791193674699.916,69.448,5.089,1791193674774.64,Normal,0.9526
vm2,147742,20261005-094315_clu_vm24_rate20_lat1node_r3,5260,perf_20261005-094315_clu_vm24_rate20_lat1node_r3,2,1306,1791193674745,0,1791193674777.332,66.632,5.152,1791193674849.302,Normal,0.9348
vm2,147742,20261005-094315_clu_vm24_rate20_lat1node_r3,5261,perf_20261005-094315_clu_vm24_rate20_lat1node_r3,2,1307,1791193674795,0,1791193674851.875,58.139,5.918,1791193674916.111,Normal,0.9645
vm2,147742,20261005-094315_clu_vm24_rate20_lat1node_r3,5262,perf_20261005-094315_clu_vm24_rate20_lat1node_r3,2,1308,1791193674845,0,1791193674916.321,52.19,5.296,1791193674973.984,Normal,0.9725
vm2,147742,20261005-094315_clu_vm24_rate20_lat1node_r3,5263,perf_20261005-094315_clu_vm24_rate20_lat1node_r3,2,1309,1791193674895,0,1791193674976.339,58.37,4.737,1791193675039.621,OFFENSIVE,0.4827
vm2,147742,20261005-094315_clu_vm24_rate20_lat1node_r3,5266,perf_20261005-094315_clu_vm24_rate20_lat1node_r3,2,1310,1791193675045,0,1791193675049.209,62.294,4.714,1791193675116.427,Normal,0.9677
vm2,147742,20261005-094315_clu_vm24_rate20_lat1node_r3,5268,perf_20261005-094315_clu_vm24_rate20_lat1node_r3,2,1311,1791193675145,0,1791193675149.522,56.673,5.22,1791193675211.601,Normal,0.9119
vm2,147742,20261005-094315_clu_vm24_rate20_lat1node_r3,5273,perf_20261005-094315_clu_vm24_rate20_lat1node_r3,2,1312,1791193675395,0,1791193675400.753,90.739,4.893,1791193675496.573,Normal,0.9347
vm2,147742,20261005-094315_clu_vm24_rate20_lat1node_r3,5274,perf_20261005-094315_clu_vm24_rate20_lat1node_r3,2,1313,1791193675445,0,1791193675499.544,59.663,4.994,1791193675564.383,Normal,0.9677
vm2,147742,20261005-094315_clu_vm24_rate20_lat1node_r3,5283,perf_20261005-094315_clu_vm24_rate20_lat1node_r3,2,1314,1791193675895,0,1791193675900.953,59.896,5.853,1791193675966.895,Normal,0.9173
vm2,147742,20261005-094315_clu_vm24_rate20_lat1node_r3,5286,perf_20261005-094315_clu_vm24_rate20_lat1node_r3,2,1315,1791193676045,0,1791193676050.216,58.68,5.082,1791193676114.169,Normal,0.9173
vm2,147742,20261005-094315_clu_vm24_rate20_lat1node_r3,5287,perf_20261005-094315_clu_vm24_rate20_lat1node_r3,2,1316,1791193676095,0,1791193676116.598,63.906,5.679,1791193676186.392,Normal,0.9604
vm2,147742,20261005-094315_clu_vm24_rate20_lat1node_r3,5290,perf_20261005-094315_clu_vm24_rate20_lat1node_r3,2,1317,1791193676245,0,1791193676250.461,73.87,4.866,1791193676329.378,Normal,0.9549
vm2,147742,20261005-094315_clu_vm24_rate20_lat1node_r3,5295,perf_20261005-094315_clu_vm24_rate20_lat1node_r3,2,1318,1791193676495,0,1791193676499.847,74.006,4.392,1791193676578.429,Normal,0.9746
vm2,147742,20261005-094315_clu_vm24_rate20_lat1node_r3,5297,perf_20261005-094315_clu_vm24_rate20_lat1node_r3,2,1319,1791193676595,0,1791193676600.598,90.298,5.533,1791193676696.644,Normal,0.9549
vm2,147742,20261005-094315_clu_vm24_rate20_lat1node_r3,5298,perf_20261005-094315_clu_vm24_rate20_lat1node_r3,2,1320,1791193676645,0,1791193676699.615,117.42,4.587,1791193676821.885,Normal,0.9718
vm2,147742,20261005-094315_clu_vm24_rate20_lat1node_r3,5309,perf_20261005-094315_clu_vm24_rate20_lat1node_r3,2,1321,1791193677195,0,1791193677200.119,83.063,5.994,1791193677289.426,Normal,0.9375
vm2,147742,20261005-094315_clu_vm24_rate20_lat1node_r3,5311,perf_20261005-094315_clu_vm24_rate20_lat1node_r3,2,1322,1791193677295,0,1791193677299.387,123.391,10.191,1791193677433.162,Normal,0.9614
vm2,147742,20261005-094315_clu_vm24_rate20_lat1node_r3,5314,perf_20261005-094315_clu_vm24_rate20_lat1node_r3,2,1323,1791193677445,0,1791193677449.843,106.171,6.341,1791193677562.555,Normal,0.9663
vm2,147742,20261005-094315_clu_vm24_rate20_lat1node_r3,5324,perf_20261005-094315_clu_vm24_rate20_lat1node_r3,2,1324,1791193677945,0,1791193677950.21,123.53,4.372,1791193678078.311,Normal,0.9626
vm2,147742,20261005-094315_clu_vm24_rate20_lat1node_r3,5330,perf_20261005-094315_clu_vm24_rate20_lat1node_r3,2,1325,1791193678245,0,1791193678250.606,87.711,4.947,1791193678343.477,Normal,0.9262
vm2,147742,20261005-094315_clu_vm24_rate20_lat1node_r3,5337,perf_20261005-094315_clu_vm24_rate20_lat1node_r3,2,1326,1791193678595,0,1791193678600.293,88.002,5.434,1791193678693.935,Normal,0.9616
vm2,147742,20261005-094315_clu_vm24_rate20_lat1node_r3,5338,perf_20261005-094315_clu_vm24_rate20_lat1node_r3,2,1327,1791193678645,0,1791193678696.501,66.634,5.274,1791193678768.601,Normal,0.95
vm2,147742,20261005-094315_clu_vm24_rate20_lat1node_r3,5345,perf_20261005-094315_clu_vm24_rate20_lat1node_r3,2,1328,1791193678995,0,1791193679001.06,76.873,5.146,1791193679083.282,Normal,0.943
vm2,147742,20261005-094315_clu_vm24_rate20_lat1node_r3,5351,perf_20261005-094315_clu_vm24_rate20_lat1node_r3,2,1329,1791193679295,0,1791193679301.392,60.505,5.456,1791193679367.533,Normal,0.8827
vm2,147742,20261005-094315_clu_vm24_rate20_lat1node_r3,5353,perf_20261005-094315_clu_vm24_rate20_lat1node_r3,2,1330,1791193679395,0,1791193679400.632,58.876,5.846,1791193679465.555,Normal,0.9313
vm2,147742,20261005-094315_clu_vm24_rate20_lat1node_r3,5356,perf_20261005-094315_clu_vm24_rate20_lat1node_r3,2,1331,1791193679545,0,1791193679551.005,111.035,6.008,1791193679668.247,Normal,0.9529
vm2,147742,20261005-094315_clu_vm24_rate20_lat1node_r3,5358,perf_20261005-094315_clu_vm24_rate20_lat1node_r3,2,1332,1791193679645,0,1791193679670.85,51.872,5.425,1791193679728.325,Normal,0.9427
vm2,147742,20261005-094315_clu_vm24_rate20_lat1node_r3,5360,perf_20261005-094315_clu_vm24_rate20_lat1node_r3,2,1333,1791193679745,0,1791193679749.691,138.593,4.14,1791193679892.609,Normal,0.9714
vm2,147742,20261005-094315_clu_vm24_rate20_lat1node_r3,5363,perf_20261005-094315_clu_vm24_rate20_lat1node_r3,2,1334,1791193679895,0,1791193679898.716,56.756,4.909,1791193679960.567,Normal,0.9469
vm2,147742,20261005-094315_clu_vm24_rate20_lat1node_r3,5366,perf_20261005-094315_clu_vm24_rate20_lat1node_r3,2,1335,1791193680045,0,1791193680050.15,82.19,4.041,1791193680136.575,Normal,0.9727
vm2,147742,20261005-094315_clu_vm24_rate20_lat1node_r3,5377,perf_20261005-094315_clu_vm24_rate20_lat1node_r3,2,1336,1791193680595,0,1791193680600.999,57.017,5.398,1791193680663.597,Normal,0.9509
vm2,147742,20261005-094315_clu_vm24_rate20_lat1node_r3,5382,perf_20261005-094315_clu_vm24_rate20_lat1node_r3,2,1337,1791193680845,0,1791193680850.413,64.465,5.162,1791193680920.221,Normal,0.9478
vm2,147742,20261005-094315_clu_vm24_rate20_lat1node_r3,5384,perf_20261005-094315_clu_vm24_rate20_lat1node_r3,2,1338,1791193680945,0,1791193680949.984,61.884,4.666,1791193681016.729,Normal,0.9373
vm2,147742,20261005-094315_clu_vm24_rate20_lat1node_r3,5386,perf_20261005-094315_clu_vm24_rate20_lat1node_r3,2,1339,1791193681045,0,1791193681049.665,68.99,5.596,1791193681124.429,Normal,0.9701
vm2,147742,20261005-094315_clu_vm24_rate20_lat1node_r3,5388,perf_20261005-094315_clu_vm24_rate20_lat1node_r3,2,1340,1791193681145,0,1791193681150.577,112.231,4.809,1791193681267.827,Normal,0.9324
vm2,147742,20261005-094315_clu_vm24_rate20_lat1node_r3,5395,perf_20261005-094315_clu_vm24_rate20_lat1node_r3,2,1341,1791193681495,0,1791193681500.623,77.806,6.274,1791193681584.924,Normal,0.9495
vm2,147742,20261005-094315_clu_vm24_rate20_lat1node_r3,5397,perf_20261005-094315_clu_vm24_rate20_lat1node_r3,2,1342,1791193681595,0,1791193681601.848,94.81,5.899,1791193681702.734,Normal,0.9331
vm2,147742,20261005-094315_clu_vm24_rate20_lat1node_r3,5399,perf_20261005-094315_clu_vm24_rate20_lat1node_r3,2,1343,1791193681696,0,1791193681705.252,73.358,5.993,1791193681784.806,Normal,0.8726
vm2,147742,20261005-094315_clu_vm24_rate20_lat1node_r3,5404,perf_20261005-094315_clu_vm24_rate20_lat1node_r3,2,1344,1791193681945,0,1791193681950.208,62.807,5.196,1791193682018.393,Normal,0.8477
vm2,147742,20261005-094315_clu_vm24_rate20_lat1node_r3,5408,perf_20261005-094315_clu_vm24_rate20_lat1node_r3,2,1345,1791193682145,0,1791193682150.616,91.735,4.727,1791193682247.256,Normal,0.9667
vm2,147742,20261005-094315_clu_vm24_rate20_lat1node_r3,5409,perf_20261005-094315_clu_vm24_rate20_lat1node_r3,2,1346,1791193682195,0,1791193682250.166,52.268,5.325,1791193682307.97,Normal,0.9455
vm2,147742,20261005-094315_clu_vm24_rate20_lat1node_r3,5412,perf_20261005-094315_clu_vm24_rate20_lat1node_r3,2,1347,1791193682345,0,1791193682350.05,69.735,4.809,1791193682424.773,Normal,0.942
vm2,147742,20261005-094315_clu_vm24_rate20_lat1node_r3,5420,perf_20261005-094315_clu_vm24_rate20_lat1node_r3,2,1348,1791193682745,0,1791193682750.682,126.555,5.43,1791193682882.848,Normal,0.8948
vm2,147742,20261005-094315_clu_vm24_rate20_lat1node_r3,5423,perf_20261005-094315_clu_vm24_rate20_lat1node_r3,2,1349,1791193682895,0,1791193682899.622,62.355,5.115,1791193682967.273,Normal,0.8959
vm2,147742,20261005-094315_clu_vm24_rate20_lat1node_r3,5430,perf_20261005-094315_clu_vm24_rate20_lat1node_r3,2,1350,1791193683245,0,1791193683250.727,73.038,5.219,1791193683329.168,Normal,0.9166
vm2,147742,20261005-094315_clu_vm24_rate20_lat1node_r3,5431,perf_20261005-094315_clu_vm24_rate20_lat1node_r3,2,1351,1791193683295,0,1791193683331.688,56.556,6.112,1791193683394.524,Normal,0.8958
vm2,147742,20261005-094315_clu_vm24_rate20_lat1node_r3,5440,perf_20261005-094315_clu_vm24_rate20_lat1node_r3,2,1352,1791193683745,0,1791193683750.686,63.873,4.513,1791193683819.249,Normal,0.9308
vm2,147742,20261005-094315_clu_vm24_rate20_lat1node_r3,5443,perf_20261005-094315_clu_vm24_rate20_lat1node_r3,2,1353,1791193683895,0,1791193683899.741,61.177,5.191,1791193683966.295,Normal,0.9626
vm2,147742,20261005-094315_clu_vm24_rate20_lat1node_r3,5444,perf_20261005-094315_clu_vm24_rate20_lat1node_r3,2,1354,1791193683945,0,1791193683968.965,85.365,5.249,1791193684059.76,Normal,0.9435
vm2,147742,20261005-094315_clu_vm24_rate20_lat1node_r3,5457,perf_20261005-094315_clu_vm24_rate20_lat1node_r3,2,1355,1791193684595,0,1791193684600.366,53.051,4.909,1791193684658.51,Normal,0.9439
vm2,147742,20261005-094315_clu_vm24_rate20_lat1node_r3,5461,perf_20261005-094315_clu_vm24_rate20_lat1node_r3,2,1356,1791193684795,0,1791193684800.679,57.114,5.171,1791193684863.151,Normal,0.8575
vm2,147742,20261005-094315_clu_vm24_rate20_lat1node_r3,5462,perf_20261005-094315_clu_vm24_rate20_lat1node_r3,2,1357,1791193684845,0,1791193684865.699,65.725,5.365,1791193684936.966,Normal,0.8813
vm2,147742,20261005-094315_clu_vm24_rate20_lat1node_r3,5463,perf_20261005-094315_clu_vm24_rate20_lat1node_r3,2,1358,1791193684895,0,1791193684939.591,57.49,5.321,1791193685002.635,Normal,0.9375
vm2,147742,20261005-094315_clu_vm24_rate20_lat1node_r3,5471,perf_20261005-094315_clu_vm24_rate20_lat1node_r3,2,1359,1791193685295,0,1791193685300.399,79.787,5.92,1791193685386.289,Normal,0.8445
vm2,147742,20261005-094315_clu_vm24_rate20_lat1node_r3,5476,perf_20261005-094315_clu_vm24_rate20_lat1node_r3,2,1360,1791193685545,0,1791193685550.159,58.113,5.115,1791193685613.569,Normal,0.9725
vm2,147742,20261005-094315_clu_vm24_rate20_lat1node_r3,5477,perf_20261005-094315_clu_vm24_rate20_lat1node_r3,2,1361,1791193685595,0,1791193685616.007,70.748,6.128,1791193685693.068,Normal,0.9501
vm2,147742,20261005-094315_clu_vm24_rate20_lat1node_r3,5480,perf_20261005-094315_clu_vm24_rate20_lat1node_r3,2,1362,1791193685745,0,1791193685750.28,62.89,5.275,1791193685818.755,Normal,0.7648
vm2,147742,20261005-094315_clu_vm24_rate20_lat1node_r3,5482,perf_20261005-094315_clu_vm24_rate20_lat1node_r3,2,1363,1791193685845,0,1791193685850.227,84.046,5.347,1791193685939.806,Normal,0.9638
vm2,147742,20261005-094315_clu_vm24_rate20_lat1node_r3,5493,perf_20261005-094315_clu_vm24_rate20_lat1node_r3,2,1364,1791193686395,0,1791193686401.482,106.629,4.855,1791193686513.172,Normal,0.9279
vm2,147742,20261005-094315_clu_vm24_rate20_lat1node_r3,5500,perf_20261005-094315_clu_vm24_rate20_lat1node_r3,2,1365,1791193686745,0,1791193686750.577,56.778,6.188,1791193686813.726,Normal,0.9116
vm2,147742,20261005-094315_clu_vm24_rate20_lat1node_r3,5502,perf_20261005-094315_clu_vm24_rate20_lat1node_r3,2,1366,1791193686845,0,1791193686850.686,86.939,5.626,1791193686943.435,Normal,0.9506
vm2,147742,20261005-094315_clu_vm24_rate20_lat1node_r3,5515,perf_20261005-094315_clu_vm24_rate20_lat1node_r3,2,1367,1791193687495,0,1791193687500.886,109.371,5.875,1791193687616.333,Normal,0.908
vm2,147742,20261005-094315_clu_vm24_rate20_lat1node_r3,5517,perf_20261005-094315_clu_vm24_rate20_lat1node_r3,2,1368,1791193687595,0,1791193687619.348,64.943,5.075,1791193687689.542,Normal,0.9569
vm2,147742,20261005-094315_clu_vm24_rate20_lat1node_r3,5524,perf_20261005-094315_clu_vm24_rate20_lat1node_r3,2,1369,1791193687945,0,1791193687950.391,63.98,4.795,1791193688019.345,Normal,0.6987
vm2,147742,20261005-094315_clu_vm24_rate20_lat1node_r3,5526,perf_20261005-094315_clu_vm24_rate20_lat1node_r3,2,1370,1791193688045,0,1791193688049.956,79.171,4.866,1791193688134.216,Normal,0.9639
vm2,147742,20261005-094315_clu_vm24_rate20_lat1node_r3,5530,perf_20261005-094315_clu_vm24_rate20_lat1node_r3,2,1371,1791193688245,0,1791193688249.965,62.852,5.049,1791193688318.042,Normal,0.9484
vm2,147742,20261005-094315_clu_vm24_rate20_lat1node_r3,5540,perf_20261005-094315_clu_vm24_rate20_lat1node_r3,2,1372,1791193688745,0,1791193688750.541,113.396,5.276,1791193688869.403,Normal,0.9802
vm2,147742,20261005-094315_clu_vm24_rate20_lat1node_r3,5542,perf_20261005-094315_clu_vm24_rate20_lat1node_r3,2,1373,1791193688845,0,1791193688871.931,69.656,5.162,1791193688946.911,Normal,0.9561
vm2,147742,20261005-094315_clu_vm24_rate20_lat1node_r3,5544,perf_20261005-094315_clu_vm24_rate20_lat1node_r3,2,1374,1791193688945,0,1791193688950.22,76.249,4.39,1791193689031.052,Normal,0.9485
vm2,147742,20261005-094315_clu_vm24_rate20_lat1node_r3,5546,perf_20261005-094315_clu_vm24_rate20_lat1node_r3,2,1375,1791193689045,0,1791193689050.297,62.34,5.064,1791193689117.909,Normal,0.9255
vm2,147742,20261005-094315_clu_vm24_rate20_lat1node_r3,5550,perf_20261005-094315_clu_vm24_rate20_lat1node_r3,2,1376,1791193689245,0,1791193689250.471,62.074,4.819,1791193689317.541,Normal,0.9173
vm2,147742,20261005-094315_clu_vm24_rate20_lat1node_r3,5567,perf_20261005-094315_clu_vm24_rate20_lat1node_r3,2,1377,1791193690095,0,1791193690101.736,74.924,5.284,1791193690182.131,Normal,0.949
vm2,147742,20261005-094315_clu_vm24_rate20_lat1node_r3,5572,perf_20261005-094315_clu_vm24_rate20_lat1node_r3,2,1378,1791193690345,0,1791193690350.393,61.618,5.631,1791193690417.823,Normal,0.8029
vm2,147742,20261005-094315_clu_vm24_rate20_lat1node_r3,5574,perf_20261005-094315_clu_vm24_rate20_lat1node_r3,2,1379,1791193690445,0,1791193690450.066,63.425,4.502,1791193690518.174,Normal,0.9375
vm2,147742,20261005-094315_clu_vm24_rate20_lat1node_r3,5575,perf_20261005-094315_clu_vm24_rate20_lat1node_r3,2,1380,1791193690495,0,1791193690521.112,51.022,5.233,1791193690577.546,Normal,0.9639
vm2,147742,20261005-094315_clu_vm24_rate20_lat1node_r3,5582,perf_20261005-094315_clu_vm24_rate20_lat1node_r3,2,1381,1791193690845,0,1791193690850.528,59.392,5.144,1791193690915.256,Normal,0.8992
vm2,147742,20261005-094315_clu_vm24_rate20_lat1node_r3,5588,perf_20261005-094315_clu_vm24_rate20_lat1node_r3,2,1382,1791193691145,0,1791193691150.251,65.519,4.564,1791193691220.513,Normal,0.9633
vm2,147742,20261005-094315_clu_vm24_rate20_lat1node_r3,5595,perf_20261005-094315_clu_vm24_rate20_lat1node_r3,2,1383,1791193691495,0,1791193691501.152,90.273,5.28,1791193691596.889,Normal,0.872
vm2,147742,20261005-094315_clu_vm24_rate20_lat1node_r3,5603,perf_20261005-094315_clu_vm24_rate20_lat1node_r3,2,1384,1791193691895,0,1791193691900.575,94.646,5.492,1791193692000.893,Normal,0.9099
vm2,147742,20261005-094315_clu_vm24_rate20_lat1node_r3,5608,perf_20261005-094315_clu_vm24_rate20_lat1node_r3,2,1385,1791193692145,0,1791193692151.531,59.262,4.612,1791193692215.599,Normal,0.9375
vm2,147742,20261005-094315_clu_vm24_rate20_lat1node_r3,5612,perf_20261005-094315_clu_vm24_rate20_lat1node_r3,2,1386,1791193692345,0,1791193692351.084,69.878,6.066,1791193692427.223,Normal,0.9375
vm2,147742,20261005-094315_clu_vm24_rate20_lat1node_r3,5615,perf_20261005-094315_clu_vm24_rate20_lat1node_r3,2,1387,1791193692495,0,1791193692501.072,73.574,4.055,1791193692578.868,Normal,0.9559
vm2,147742,20261005-094315_clu_vm24_rate20_lat1node_r3,5621,perf_20261005-094315_clu_vm24_rate20_lat1node_r3,2,1388,1791193692795,0,1791193692800.593,68.222,5.997,1791193692874.999,Normal,0.4452
vm2,147742,20261005-094315_clu_vm24_rate20_lat1node_r3,5627,perf_20261005-094315_clu_vm24_rate20_lat1node_r3,2,1389,1791193693095,0,1791193693099.873,64.087,5.176,1791193693169.309,Normal,0.9583
vm2,147742,20261005-094315_clu_vm24_rate20_lat1node_r3,5628,perf_20261005-094315_clu_vm24_rate20_lat1node_r3,2,1390,1791193693145,0,1791193693171.94,63.265,5.147,1791193693240.524,Normal,0.5207
vm2,147742,20261005-094315_clu_vm24_rate20_lat1node_r3,5630,perf_20261005-094315_clu_vm24_rate20_lat1node_r3,2,1391,1791193693245,0,1791193693249.725,51.372,5.011,1791193693306.332,Normal,0.9119
vm2,147742,20261005-094315_clu_vm24_rate20_lat1node_r3,5631,perf_20261005-094315_clu_vm24_rate20_lat1node_r3,2,1392,1791193693295,0,1791193693308.799,58.905,6.083,1791193693373.985,Normal,0.9589
vm2,147742,20261005-094315_clu_vm24_rate20_lat1node_r3,5636,perf_20261005-094315_clu_vm24_rate20_lat1node_r3,2,1393,1791193693545,0,1791193693550.549,80.781,5.066,1791193693636.6,Normal,0.8877
vm2,147742,20261005-094315_clu_vm24_rate20_lat1node_r3,5643,perf_20261005-094315_clu_vm24_rate20_lat1node_r3,2,1394,1791193693895,0,1791193693900.464,60.659,5.987,1791193693967.384,Normal,0.9457
vm2,147742,20261005-094315_clu_vm24_rate20_lat1node_r3,5645,perf_20261005-094315_clu_vm24_rate20_lat1node_r3,2,1395,1791193693996,0,1791193694001.428,73.577,4.79,1791193694079.977,Normal,0.9117
vm2,147742,20261005-094315_clu_vm24_rate20_lat1node_r3,5652,perf_20261005-094315_clu_vm24_rate20_lat1node_r3,2,1396,1791193694345,0,1791193694350.234,76.566,5.048,1791193694432.02,Normal,0.9529
vm2,147742,20261005-094315_clu_vm24_rate20_lat1node_r3,5662,perf_20261005-094315_clu_vm24_rate20_lat1node_r3,2,1397,1791193694845,0,1791193694850.392,63.42,5.412,1791193694919.407,Normal,0.9683
vm2,147742,20261005-094315_clu_vm24_rate20_lat1node_r3,5665,perf_20261005-094315_clu_vm24_rate20_lat1node_r3,2,1398,1791193694995,0,1791193695000.36,77.495,4.942,1791193695082.994,Normal,0.9722
vm2,147742,20261005-094315_clu_vm24_rate20_lat1node_r3,5670,perf_20261005-094315_clu_vm24_rate20_lat1node_r3,2,1399,1791193695245,0,1791193695250.821,57.07,5.419,1791193695313.502,Normal,0.9491
vm2,147742,20261005-094315_clu_vm24_rate20_lat1node_r3,5671,perf_20261005-094315_clu_vm24_rate20_lat1node_r3,2,1400,1791193695295,0,1791193695315.957,95.999,4.938,1791193695417.09,Normal,0.9574
vm2,147742,20261005-094315_clu_vm24_rate20_lat1node_r3,5687,perf_20261005-094315_clu_vm24_rate20_lat1node_r3,2,1401,1791193696095,0,1791193696100.071,110.739,5.531,1791193696216.539,Normal,0.8908
vm2,147742,20261005-094315_clu_vm24_rate20_lat1node_r3,5689,perf_20261005-094315_clu_vm24_rate20_lat1node_r3,2,1402,1791193696195,0,1791193696219.804,66.317,3.882,1791193696290.153,Normal,0.9527
vm2,147742,20261005-094315_clu_vm24_rate20_lat1node_r3,5691,perf_20261005-094315_clu_vm24_rate20_lat1node_r3,2,1403,1791193696295,0,1791193696299.616,111.677,4.323,1791193696415.785,Normal,0.9779
vm2,147742,20261005-094315_clu_vm24_rate20_lat1node_r3,5693,perf_20261005-094315_clu_vm24_rate20_lat1node_r3,2,1404,1791193696395,0,1791193696418.255,55.748,5.432,1791193696479.607,Normal,0.9083
vm2,147742,20261005-094315_clu_vm24_rate20_lat1node_r3,5695,perf_20261005-094315_clu_vm24_rate20_lat1node_r3,2,1405,1791193696495,0,1791193696499.79,361.415,5.073,1791193696866.549,Normal,0.9534
vm2,147742,20261005-094315_clu_vm24_rate20_lat1node_r3,5704,perf_20261005-094315_clu_vm24_rate20_lat1node_r3,2,1406,1791193696945,0,1791193696950.484,60.036,5.19,1791193697015.891,Normal,0.8674
vm2,147742,20261005-094315_clu_vm24_rate20_lat1node_r3,5711,perf_20261005-094315_clu_vm24_rate20_lat1node_r3,2,1407,1791193697295,0,1791193697301.043,149.111,5.977,1791193697456.335,Normal,0.9608
vm2,147742,20261005-094315_clu_vm24_rate20_lat1node_r3,5714,perf_20261005-094315_clu_vm24_rate20_lat1node_r3,2,1408,1791193697445,0,1791193697459.194,68.928,5.281,1791193697533.578,Normal,0.9598
vm2,147742,20261005-094315_clu_vm24_rate20_lat1node_r3,5717,perf_20261005-094315_clu_vm24_rate20_lat1node_r3,2,1409,1791193697595,0,1791193697600.314,87.065,4.957,1791193697692.524,Normal,0.973
vm2,147742,20261005-094315_clu_vm24_rate20_lat1node_r3,5718,perf_20261005-094315_clu_vm24_rate20_lat1node_r3,2,1410,1791193697645,0,1791193697695.072,146.494,5.166,1791193697846.883,Normal,0.9736
vm2,147742,20261005-094315_clu_vm24_rate20_lat1node_r3,5720,perf_20261005-094315_clu_vm24_rate20_lat1node_r3,2,1411,1791193697745,0,1791193697849.804,91.834,4.97,1791193697946.746,Normal,0.9626
vm2,147742,20261005-094315_clu_vm24_rate20_lat1node_r3,5721,perf_20261005-094315_clu_vm24_rate20_lat1node_r3,2,1412,1791193697795,0,1791193697946.935,63.998,4.957,1791193698016.082,Normal,0.7072
vm2,147742,20261005-094315_clu_vm24_rate20_lat1node_r3,5725,perf_20261005-094315_clu_vm24_rate20_lat1node_r3,2,1413,1791193697995,0,1791193698018.818,113.633,4.703,1791193698137.333,Normal,0.9766
vm2,147742,20261005-094315_clu_vm24_rate20_lat1node_r3,5738,perf_20261005-094315_clu_vm24_rate20_lat1node_r3,2,1414,1791193698645,0,1791193698650.524,75.463,5.975,1791193698732.154,Normal,0.9537
vm2,147742,20261005-094315_clu_vm24_rate20_lat1node_r3,5744,perf_20261005-094315_clu_vm24_rate20_lat1node_r3,2,1415,1791193698945,0,1791193698950.599,78.852,5.353,1791193699034.994,Normal,0.9357
vm2,147742,20261005-094315_clu_vm24_rate20_lat1node_r3,5746,perf_20261005-094315_clu_vm24_rate20_lat1node_r3,2,1416,1791193699045,0,1791193699050.053,89.455,6.175,1791193699145.87,Normal,0.9604
vm2,147742,20261005-094315_clu_vm24_rate20_lat1node_r3,5749,perf_20261005-094315_clu_vm24_rate20_lat1node_r3,2,1417,1791193699195,0,1791193699200.336,205.074,5.151,1791193699410.75,Normal,0.9795
vm2,147742,20261005-094315_clu_vm24_rate20_lat1node_r3,5751,perf_20261005-094315_clu_vm24_rate20_lat1node_r3,2,1418,1791193699296,0,1791193699413.326,64.37,5.776,1791193699483.652,Normal,0.9459
vm2,147742,20261005-094315_clu_vm24_rate20_lat1node_r3,5760,perf_20261005-094315_clu_vm24_rate20_lat1node_r3,2,1419,1791193699745,0,1791193699750.86,178.209,5.722,1791193699935.043,Normal,0.9664
vm2,147742,20261005-094315_clu_vm24_rate20_lat1node_r3,5761,perf_20261005-094315_clu_vm24_rate20_lat1node_r3,2,1420,1791193699795,0,1791193699937.681,80.363,4.682,1791193700022.859,Normal,0.8835
vm2,147742,20261005-094315_clu_vm24_rate20_lat1node_r3,5763,perf_20261005-094315_clu_vm24_rate20_lat1node_r3,2,1421,1791193699895,0,1791193700023.025,85.362,5.512,1791193700114.085,Normal,0.4703
vm2,147742,20261005-094315_clu_vm24_rate20_lat1node_r3,5765,perf_20261005-094315_clu_vm24_rate20_lat1node_r3,2,1422,1791193699995,0,1791193700116.838,57.558,4.899,1791193700179.476,Normal,0.9514
vm2,147742,20261005-094315_clu_vm24_rate20_lat1node_r3,5771,perf_20261005-094315_clu_vm24_rate20_lat1node_r3,2,1423,1791193700295,0,1791193700301.631,94.049,5.733,1791193700401.605,Normal,0.8783
vm2,147742,20261005-094315_clu_vm24_rate20_lat1node_r3,5772,perf_20261005-094315_clu_vm24_rate20_lat1node_r3,2,1424,1791193700345,0,1791193700404.227,118.021,5.692,1791193700528.125,Normal,0.9622
vm2,147742,20261005-094315_clu_vm24_rate20_lat1node_r3,5776,perf_20261005-094315_clu_vm24_rate20_lat1node_r3,2,1425,1791193700545,0,1791193700550.476,85.433,5.17,1791193700641.261,Normal,0.9631
vm2,147742,20261005-094315_clu_vm24_rate20_lat1node_r3,5784,perf_20261005-094315_clu_vm24_rate20_lat1node_r3,2,1426,1791193700945,0,1791193700950.364,87.523,5.926,1791193701043.991,Normal,0.9412
vm2,147742,20261005-094315_clu_vm24_rate20_lat1node_r3,5786,perf_20261005-094315_clu_vm24_rate20_lat1node_r3,2,1427,1791193701045,0,1791193701049.341,158.469,5.793,1791193701213.796,Normal,0.9667
vm2,147742,20261005-094315_clu_vm24_rate20_lat1node_r3,5787,perf_20261005-094315_clu_vm24_rate20_lat1node_r3,2,1428,1791193701095,0,1791193701216.859,60.791,4.632,1791193701282.466,Normal,0.9361
vm2,147742,20261005-094315_clu_vm24_rate20_lat1node_r3,5789,perf_20261005-094315_clu_vm24_rate20_lat1node_r3,2,1429,1791193701195,0,1791193701282.789,105.926,5.189,1791193701394.091,Normal,0.9562
vm2,147742,20261005-094315_clu_vm24_rate20_lat1node_r3,5792,perf_20261005-094315_clu_vm24_rate20_lat1node_r3,2,1430,1791193701345,0,1791193701396.807,173.518,5.161,1791193701575.671,Normal,0.9651
vm2,147742,20261005-094315_clu_vm24_rate20_lat1node_r3,5795,perf_20261005-094315_clu_vm24_rate20_lat1node_r3,2,1431,1791193701495,0,1791193701578.295,56.92,4.841,1791193701640.228,Normal,0.9434
vm2,147742,20261005-094315_clu_vm24_rate20_lat1node_r3,5801,perf_20261005-094315_clu_vm24_rate20_lat1node_r3,2,1432,1791193701795,0,1791193701800.579,102.806,6.326,1791193701909.908,Normal,0.9408
vm2,147742,20261005-094315_clu_vm24_rate20_lat1node_r3,5802,perf_20261005-094315_clu_vm24_rate20_lat1node_r3,2,1433,1791193701845,0,1791193701912.653,84.055,6.06,1791193702002.94,Normal,0.9522
vm2,147742,20261005-094315_clu_vm24_rate20_lat1node_r3,5809,perf_20261005-094315_clu_vm24_rate20_lat1node_r3,2,1434,1791193702195,0,1791193702200.882,60.017,5.034,1791193702266.121,Normal,0.9608
vm2,147742,20261005-094315_clu_vm24_rate20_lat1node_r3,5812,perf_20261005-094315_clu_vm24_rate20_lat1node_r3,2,1435,1791193702347,0,1791193702352.574,56.091,5.597,1791193702414.445,Normal,0.9375
vm2,147742,20261005-094315_clu_vm24_rate20_lat1node_r3,5814,perf_20261005-094315_clu_vm24_rate20_lat1node_r3,2,1436,1791193702445,0,1791193702450.485,69.357,5.57,1791193702525.603,Normal,0.5254
vm2,147742,20261005-094315_clu_vm24_rate20_lat1node_r3,5819,perf_20261005-094315_clu_vm24_rate20_lat1node_r3,2,1437,1791193702695,0,1791193702700.229,67.531,5.39,1791193702773.355,Normal,0.8885
vm2,147742,20261005-094315_clu_vm24_rate20_lat1node_r3,5823,perf_20261005-094315_clu_vm24_rate20_lat1node_r3,2,1438,1791193702895,0,1791193702901.079,88.922,4.858,1791193702995.049,Normal,0.8831
vm2,147742,20261005-094315_clu_vm24_rate20_lat1node_r3,5837,perf_20261005-094315_clu_vm24_rate20_lat1node_r3,2,1439,1791193703596,0,1791193703600.703,112.653,6.029,1791193703719.569,Normal,0.9268
vm2,147742,20261005-094315_clu_vm24_rate20_lat1node_r3,5841,perf_20261005-094315_clu_vm24_rate20_lat1node_r3,2,1440,1791193703795,0,1791193703801.135,86.391,4.281,1791193703892.002,Normal,0.9651
vm2,147742,20261005-094315_clu_vm24_rate20_lat1node_r3,5844,perf_20261005-094315_clu_vm24_rate20_lat1node_r3,2,1441,1791193703945,0,1791193703950.929,160.622,4.839,1791193704116.596,Normal,0.9648
vm2,147742,20261005-094315_clu_vm24_rate20_lat1node_r3,5852,perf_20261005-094315_clu_vm24_rate20_lat1node_r3,2,1442,1791193704345,0,1791193704356.019,61.355,8.029,1791193704425.58,Normal,0.873
vm2,147742,20261005-094315_clu_vm24_rate20_lat1node_r3,5853,perf_20261005-094315_clu_vm24_rate20_lat1node_r3,2,1443,1791193704395,0,1791193704428.281,57.43,4.964,1791193704490.846,Normal,0.9647
vm2,147742,20261005-094315_clu_vm24_rate20_lat1node_r3,5854,perf_20261005-094315_clu_vm24_rate20_lat1node_r3,2,1444,1791193704445,0,1791193704493.159,70.353,6.01,1791193704569.708,Normal,0.9388
vm2,147742,20261005-094315_clu_vm24_rate20_lat1node_r3,5857,perf_20261005-094315_clu_vm24_rate20_lat1node_r3,2,1445,1791193704595,0,1791193704600.337,62.37,5.217,1791193704668.101,Normal,0.9563
vm2,147742,20261005-094315_clu_vm24_rate20_lat1node_r3,5860,perf_20261005-094315_clu_vm24_rate20_lat1node_r3,2,1446,1791193704745,0,1791193704752.363,83.582,6.031,1791193704842.184,Normal,0.9711
vm2,147742,20261005-094315_clu_vm24_rate20_lat1node_r3,5862,perf_20261005-094315_clu_vm24_rate20_lat1node_r3,2,1447,1791193704845,0,1791193704850.143,54.585,5.105,1791193704910.027,Normal,0.9264
vm2,147742,20261005-094315_clu_vm24_rate20_lat1node_r3,5879,perf_20261005-094315_clu_vm24_rate20_lat1node_r3,2,1448,1791193705695,0,1791193705700.678,102.495,6.02,1791193705809.391,Normal,0.9681
vm2,147742,20261005-094315_clu_vm24_rate20_lat1node_r3,5883,perf_20261005-094315_clu_vm24_rate20_lat1node_r3,2,1449,1791193705895,0,1791193705900.399,99.873,6.096,1791193706006.548,Normal,0.9679
vm2,147742,20261005-094315_clu_vm24_rate20_lat1node_r3,5885,perf_20261005-094315_clu_vm24_rate20_lat1node_r3,2,1450,1791193705995,0,1791193706008.985,52.658,5.294,1791193706067.126,Normal,0.9151
vm2,147742,20261005-094315_clu_vm24_rate20_lat1node_r3,5888,perf_20261005-094315_clu_vm24_rate20_lat1node_r3,2,1451,1791193706145,0,1791193706150.647,79.185,5.094,1791193706235.104,Normal,0.9691
vm2,147742,20261005-094315_clu_vm24_rate20_lat1node_r3,5890,perf_20261005-094315_clu_vm24_rate20_lat1node_r3,2,1452,1791193706245,0,1791193706251.156,59.476,5.428,1791193706316.232,Normal,0.8909
vm2,147742,20261005-094315_clu_vm24_rate20_lat1node_r3,5900,perf_20261005-094315_clu_vm24_rate20_lat1node_r3,2,1453,1791193706745,0,1791193706751.017,57.453,5.877,1791193706814.546,Normal,0.9375
vm2,147742,20261005-094315_clu_vm24_rate20_lat1node_r3,5904,perf_20261005-094315_clu_vm24_rate20_lat1node_r3,2,1454,1791193706945,0,1791193706950.506,77.978,5.479,1791193707034.142,Normal,0.9336
vm2,147742,20261005-094315_clu_vm24_rate20_lat1node_r3,5905,perf_20261005-094315_clu_vm24_rate20_lat1node_r3,2,1455,1791193706995,0,1791193707036.708,116.306,5.534,1791193707158.746,Normal,0.9683
vm2,147742,20261005-094315_clu_vm24_rate20_lat1node_r3,5925,perf_20261005-094315_clu_vm24_rate20_lat1node_r3,2,1456,1791193707995,0,1791193708000.728,56.943,5.029,1791193708062.882,Normal,0.9375
vm2,147742,20261005-094315_clu_vm24_rate20_lat1node_r3,5931,perf_20261005-094315_clu_vm24_rate20_lat1node_r3,2,1457,1791193708295,0,1791193708300.695,69.108,5.419,1791193708375.429,Normal,0.9615
vm2,147742,20261005-094315_clu_vm24_rate20_lat1node_r3,5932,perf_20261005-094315_clu_vm24_rate20_lat1node_r3,2,1458,1791193708345,0,1791193708377.738,78.618,5.701,1791193708462.238,Normal,0.9665
vm2,147742,20261005-094315_clu_vm24_rate20_lat1node_r3,5935,perf_20261005-094315_clu_vm24_rate20_lat1node_r3,2,1459,1791193708495,0,1791193708500.096,67.343,4.982,1791193708572.6,Normal,0.9455
vm2,147742,20261005-094315_clu_vm24_rate20_lat1node_r3,5936,perf_20261005-094315_clu_vm24_rate20_lat1node_r3,2,1460,1791193708545,0,1791193708575.119,57.121,6.51,1791193708638.922,Normal,0.9706
vm2,147742,20261005-094315_clu_vm24_rate20_lat1node_r3,5938,perf_20261005-094315_clu_vm24_rate20_lat1node_r3,2,1461,1791193708645,0,1791193708649.839,66.267,4.822,1791193708721.104,Normal,0.7756
vm2,147742,20261005-094315_clu_vm24_rate20_lat1node_r3,5939,perf_20261005-094315_clu_vm24_rate20_lat1node_r3,2,1462,1791193708695,0,1791193708723.535,59.856,4.945,1791193708788.517,Normal,0.9303
vm2,147742,20261005-094315_clu_vm24_rate20_lat1node_r3,5940,perf_20261005-094315_clu_vm24_rate20_lat1node_r3,2,1463,1791193708745,0,1791193708791.146,65.743,5.718,1791193708862.779,Normal,0.9473
vm2,147742,20261005-094315_clu_vm24_rate20_lat1node_r3,5944,perf_20261005-094315_clu_vm24_rate20_lat1node_r3,2,1464,1791193708945,0,1791193708950.323,71.021,5.304,1791193709026.82,Normal,0.9304
vm2,147742,20261005-094315_clu_vm24_rate20_lat1node_r3,5948,perf_20261005-094315_clu_vm24_rate20_lat1node_r3,2,1465,1791193709145,0,1791193709150.798,71.487,4.852,1791193709227.325,Normal,0.8184
vm2,147742,20261005-094315_clu_vm24_rate20_lat1node_r3,5955,perf_20261005-094315_clu_vm24_rate20_lat1node_r3,2,1466,1791193709495,0,1791193709500.345,77.894,4.753,1791193709583.139,Normal,0.9621
vm2,147742,20261005-094315_clu_vm24_rate20_lat1node_r3,5956,perf_20261005-094315_clu_vm24_rate20_lat1node_r3,2,1467,1791193709545,0,1791193709585.417,55.456,4.969,1791193709646.028,Normal,0.8717
vm2,147742,20261005-094315_clu_vm24_rate20_lat1node_r3,5958,perf_20261005-094315_clu_vm24_rate20_lat1node_r3,2,1468,1791193709645,0,1791193709649.695,79.698,5.134,1791193709734.706,Normal,0.965
vm2,147742,20261005-094315_clu_vm24_rate20_lat1node_r3,5961,perf_20261005-094315_clu_vm24_rate20_lat1node_r3,2,1469,1791193709795,0,1791193709800.173,67.828,5.077,1791193709873.251,Normal,0.8501
vm2,147742,20261005-094315_clu_vm24_rate20_lat1node_r3,5963,perf_20261005-094315_clu_vm24_rate20_lat1node_r3,2,1470,1791193709895,0,1791193709900.26,86.793,4.849,1791193709992.083,Normal,0.9371
vm2,147742,20261005-094315_clu_vm24_rate20_lat1node_r3,5965,perf_20261005-094315_clu_vm24_rate20_lat1node_r3,2,1471,1791193709995,0,1791193709999.385,78.406,5.097,1791193710083.064,Normal,0.5119
vm2,147742,20261005-094315_clu_vm24_rate20_lat1node_r3,5967,perf_20261005-094315_clu_vm24_rate20_lat1node_r3,2,1472,1791193710095,0,1791193710099.446,67.222,4.758,1791193710171.604,Normal,0.9719
vm2,147742,20261005-094315_clu_vm24_rate20_lat1node_r3,5975,perf_20261005-094315_clu_vm24_rate20_lat1node_r3,2,1473,1791193710495,0,1791193710501.743,62.905,4.886,1791193710569.727,Normal,0.8636
vm2,147742,20261005-094315_clu_vm24_rate20_lat1node_r3,5982,perf_20261005-094315_clu_vm24_rate20_lat1node_r3,2,1474,1791193710845,0,1791193710850.279,64.628,5.735,1791193710920.825,Normal,0.9486
vm2,147742,20261005-094315_clu_vm24_rate20_lat1node_r3,5985,perf_20261005-094315_clu_vm24_rate20_lat1node_r3,2,1475,1791193710995,0,1791193711000.72,68.289,6.22,1791193711075.409,Normal,0.9557
vm2,147742,20261005-094315_clu_vm24_rate20_lat1node_r3,5986,perf_20261005-094315_clu_vm24_rate20_lat1node_r3,2,1476,1791193711045,0,1791193711077.911,51.664,5.23,1791193711134.982,Normal,0.9514
vm2,147742,20261005-094315_clu_vm24_rate20_lat1node_r3,5991,perf_20261005-094315_clu_vm24_rate20_lat1node_r3,2,1477,1791193711295,0,1791193711300.736,73.057,6.148,1791193711380.141,Normal,0.5178
vm2,147742,20261005-094315_clu_vm24_rate20_lat1node_r3,5993,perf_20261005-094315_clu_vm24_rate20_lat1node_r3,2,1478,1791193711395,0,1791193711400.276,126.413,4.687,1791193711531.552,Normal,0.976
vm2,147742,20261005-094315_clu_vm24_rate20_lat1node_r3,6000,perf_20261005-094315_clu_vm24_rate20_lat1node_r3,2,1479,1791193711746,0,1791193711750.719,77.038,5.689,1791193711833.63,Normal,0.9263
vm2,147742,20261005-094315_clu_vm24_rate20_lat1node_r3,6012,perf_20261005-094315_clu_vm24_rate20_lat1node_r3,2,1480,1791193712346,0,1791193712350.753,62.972,4.619,1791193712418.55,Normal,0.9595
vm2,147742,20261005-094315_clu_vm24_rate20_lat1node_r3,6013,perf_20261005-094315_clu_vm24_rate20_lat1node_r3,2,1481,1791193712395,0,1791193712420.899,52.912,5.402,1791193712479.423,Normal,0.9261
vm2,147742,20261005-094315_clu_vm24_rate20_lat1node_r3,6015,perf_20261005-094315_clu_vm24_rate20_lat1node_r3,2,1482,1791193712495,0,1791193712499.924,71.348,4.529,1791193712575.973,Normal,0.6733
vm2,147742,20261005-094315_clu_vm24_rate20_lat1node_r3,6018,perf_20261005-094315_clu_vm24_rate20_lat1node_r3,2,1483,1791193712645,0,1791193712650.497,81.854,7.704,1791193712740.239,Normal,0.9478
vm2,147742,20261005-094315_clu_vm24_rate20_lat1node_r3,6045,perf_20261005-094315_clu_vm24_rate20_lat1node_r3,2,1484,1791193713995,0,1791193714001.375,71.82,4.958,1791193714078.412,Normal,0.4923
vm2,147742,20261005-094315_clu_vm24_rate20_lat1node_r3,6048,perf_20261005-094315_clu_vm24_rate20_lat1node_r3,2,1485,1791193714145,0,1791193714150.288,78.482,4.841,1791193714233.794,Normal,0.9479
vm2,147742,20261005-094315_clu_vm24_rate20_lat1node_r3,6049,perf_20261005-094315_clu_vm24_rate20_lat1node_r3,2,1486,1791193714195,0,1791193714236.11,51.83,5.378,1791193714293.496,Normal,0.9264
vm2,147742,20261005-094315_clu_vm24_rate20_lat1node_r3,6054,perf_20261005-094315_clu_vm24_rate20_lat1node_r3,2,1487,1791193714445,0,1791193714449.416,59.58,4.725,1791193714513.895,Normal,0.4538
vm2,147742,20261005-094315_clu_vm24_rate20_lat1node_r3,6057,perf_20261005-094315_clu_vm24_rate20_lat1node_r3,2,1488,1791193714595,0,1791193714600.714,99.37,5.289,1791193714705.561,Normal,0.9751
vm2,147742,20261005-094315_clu_vm24_rate20_lat1node_r3,6060,perf_20261005-094315_clu_vm24_rate20_lat1node_r3,2,1489,1791193714745,0,1791193714750.368,167.334,5.079,1791193714922.972,Normal,0.9641
vm2,147742,20261005-094315_clu_vm24_rate20_lat1node_r3,6066,perf_20261005-094315_clu_vm24_rate20_lat1node_r3,2,1490,1791193715045,0,1791193715050.42,61.316,4.435,1791193715116.355,Normal,0.9119
vm2,147742,20261005-094315_clu_vm24_rate20_lat1node_r3,6067,perf_20261005-094315_clu_vm24_rate20_lat1node_r3,2,1491,1791193715095,0,1791193715118.647,67.029,5.23,1791193715191.079,Normal,0.9572
vm2,147742,20261005-094315_clu_vm24_rate20_lat1node_r3,6071,perf_20261005-094315_clu_vm24_rate20_lat1node_r3,2,1492,1791193715295,0,1791193715300.718,82.768,4.99,1791193715388.657,Normal,0.9547
vm2,147742,20261005-094315_clu_vm24_rate20_lat1node_r3,6082,perf_20261005-094315_clu_vm24_rate20_lat1node_r3,2,1493,1791193715845,0,1791193715851.596,82.459,5.462,1791193715939.705,Normal,0.9408
vm2,147742,20261005-094315_clu_vm24_rate20_lat1node_r3,6087,perf_20261005-094315_clu_vm24_rate20_lat1node_r3,2,1494,1791193716095,0,1791193716100.475,62.162,5.044,1791193716167.868,Normal,0.9528
vm2,147742,20261005-094315_clu_vm24_rate20_lat1node_r3,6095,perf_20261005-094315_clu_vm24_rate20_lat1node_r3,2,1495,1791193716495,0,1791193716502.357,58.95,4.52,1791193716566.001,Normal,0.9474
vm2,147742,20261005-094315_clu_vm24_rate20_lat1node_r3,6096,perf_20261005-094315_clu_vm24_rate20_lat1node_r3,2,1496,1791193716545,0,1791193716568.229,123.771,5.347,1791193716697.542,OFFENSIVE,0.7868
vm2,147742,20261005-094315_clu_vm24_rate20_lat1node_r3,6098,perf_20261005-094315_clu_vm24_rate20_lat1node_r3,2,1497,1791193716645,0,1791193716699.978,159.554,5.949,1791193716865.696,OFFENSIVE,0.5033
vm2,147742,20261005-094315_clu_vm24_rate20_lat1node_r3,6103,perf_20261005-094315_clu_vm24_rate20_lat1node_r3,2,1498,1791193716895,0,1791193716909.998,72.385,5.83,1791193716988.398,Normal,0.9665
vm2,147742,20261005-094315_clu_vm24_rate20_lat1node_r3,6107,perf_20261005-094315_clu_vm24_rate20_lat1node_r3,2,1499,1791193717095,0,1791193717102.318,80.878,5.89,1791193717189.281,Normal,0.9343
vm2,147742,20261005-094315_clu_vm24_rate20_lat1node_r3,6112,perf_20261005-094315_clu_vm24_rate20_lat1node_r3,2,1500,1791193717345,0,1791193717351.182,76.247,5.003,1791193717432.629,Normal,0.8803
vm2,147742,20261005-094315_clu_vm24_rate20_lat1node_r3,6115,perf_20261005-094315_clu_vm24_rate20_lat1node_r3,2,1501,1791193717495,0,1791193717500.741,79.033,5.393,1791193717585.356,Normal,0.8156
vm2,147742,20261005-094315_clu_vm24_rate20_lat1node_r3,6119,perf_20261005-094315_clu_vm24_rate20_lat1node_r3,2,1502,1791193717695,0,1791193717700.722,90.883,6.224,1791193717798.024,Normal,0.9696
vm2,147742,20261005-094315_clu_vm24_rate20_lat1node_r3,6124,perf_20261005-094315_clu_vm24_rate20_lat1node_r3,2,1503,1791193717945,0,1791193717951.054,60.557,5.273,1791193718017.074,Normal,0.9503
vm2,147742,20261005-094315_clu_vm24_rate20_lat1node_r3,6130,perf_20261005-094315_clu_vm24_rate20_lat1node_r3,2,1504,1791193718245,0,1791193718250.921,84.705,5.548,1791193718341.374,Normal,0.9777
vm2,147742,20261005-094315_clu_vm24_rate20_lat1node_r3,6131,perf_20261005-094315_clu_vm24_rate20_lat1node_r3,2,1505,1791193718295,0,1791193718344.121,71.914,5.163,1791193718421.4,OFFENSIVE,0.3814
vm2,147742,20261005-094315_clu_vm24_rate20_lat1node_r3,6135,perf_20261005-094315_clu_vm24_rate20_lat1node_r3,2,1506,1791193718495,0,1791193718500.167,69.12,5.35,1791193718574.823,Normal,0.9583
vm2,147742,20261005-094315_clu_vm24_rate20_lat1node_r3,6138,perf_20261005-094315_clu_vm24_rate20_lat1node_r3,2,1507,1791193718645,0,1791193718650.708,72.619,5.189,1791193718728.721,Normal,0.9561
vm2,147742,20261005-094315_clu_vm24_rate20_lat1node_r3,6144,perf_20261005-094315_clu_vm24_rate20_lat1node_r3,2,1508,1791193718945,0,1791193718951.142,91.717,5.772,1791193719048.824,Normal,0.9537
vm2,147742,20261005-094315_clu_vm24_rate20_lat1node_r3,6146,perf_20261005-094315_clu_vm24_rate20_lat1node_r3,2,1509,1791193719045,0,1791193719052.106,67.121,4.761,1791193719124.165,Normal,0.9676
vm2,147742,20261005-094315_clu_vm24_rate20_lat1node_r3,6163,perf_20261005-094315_clu_vm24_rate20_lat1node_r3,2,1510,1791193719895,0,1791193719900.635,70.04,5.284,1791193719976.138,Normal,0.9526
vm2,147742,20261005-094315_clu_vm24_rate20_lat1node_r3,6164,perf_20261005-094315_clu_vm24_rate20_lat1node_r3,2,1511,1791193719945,0,1791193719978.675,101.044,6.162,1791193720086.055,Normal,0.9594
vm2,147742,20261005-094315_clu_vm24_rate20_lat1node_r3,6166,perf_20261005-094315_clu_vm24_rate20_lat1node_r3,2,1512,1791193720045,0,1791193720088.869,63.06,5.073,1791193720157.175,Normal,0.9623
vm2,147742,20261005-094315_clu_vm24_rate20_lat1node_r3,6167,perf_20261005-094315_clu_vm24_rate20_lat1node_r3,2,1513,1791193720095,0,1791193720159.949,70.173,5.441,1791193720235.742,Normal,0.8287
vm2,147742,20261005-094315_clu_vm24_rate20_lat1node_r3,6168,perf_20261005-094315_clu_vm24_rate20_lat1node_r3,2,1514,1791193720145,0,1791193720235.932,64.371,5.084,1791193720305.568,Normal,0.9623
vm2,147742,20261005-094315_clu_vm24_rate20_lat1node_r3,6171,perf_20261005-094315_clu_vm24_rate20_lat1node_r3,2,1515,1791193720295,0,1791193720308.507,59.33,4.681,1791193720372.692,Normal,0.9337
vm2,147742,20261005-094315_clu_vm24_rate20_lat1node_r3,6172,perf_20261005-094315_clu_vm24_rate20_lat1node_r3,2,1516,1791193720345,0,1791193720375.354,66.392,5.642,1791193720447.557,Normal,0.9569
vm2,147742,20261005-094315_clu_vm24_rate20_lat1node_r3,6175,perf_20261005-094315_clu_vm24_rate20_lat1node_r3,2,1517,1791193720495,0,1791193720499.174,66.402,5.606,1791193720571.368,Normal,0.9431
vm2,147742,20261005-094315_clu_vm24_rate20_lat1node_r3,6180,perf_20261005-094315_clu_vm24_rate20_lat1node_r3,2,1518,1791193720745,0,1791193720750.771,70.515,5.306,1791193720826.769,Normal,0.9627
vm2,147742,20261005-094315_clu_vm24_rate20_lat1node_r3,6201,perf_20261005-094315_clu_vm24_rate20_lat1node_r3,2,1519,1791193721795,0,1791193721800.223,62.299,5.425,1791193721868.135,Normal,0.9452
vm2,147742,20261005-094315_clu_vm24_rate20_lat1node_r3,6204,perf_20261005-094315_clu_vm24_rate20_lat1node_r3,2,1520,1791193721945,0,1791193721950.717,72.161,5.071,1791193722028.131,Normal,0.944
vm2,147742,20261005-094315_clu_vm24_rate20_lat1node_r3,6209,perf_20261005-094315_clu_vm24_rate20_lat1node_r3,2,1521,1791193722196,0,1791193722201.317,82.369,5.154,1791193722289.036,Normal,0.9199
vm2,147742,20261005-094315_clu_vm24_rate20_lat1node_r3,6213,perf_20261005-094315_clu_vm24_rate20_lat1node_r3,2,1522,1791193722395,0,1791193722400.907,61.119,5.742,1791193722467.958,Normal,0.9159
vm2,147742,20261005-094315_clu_vm24_rate20_lat1node_r3,6217,perf_20261005-094315_clu_vm24_rate20_lat1node_r3,2,1523,1791193722595,0,1791193722600.543,84.533,5.256,1791193722690.549,Normal,0.7016
vm2,147742,20261005-094315_clu_vm24_rate20_lat1node_r3,6233,perf_20261005-094315_clu_vm24_rate20_lat1node_r3,2,1524,1791193723395,0,1791193723400.469,67.556,4.89,1791193723473.096,OFFENSIVE,0.904
vm2,147742,20261005-094315_clu_vm24_rate20_lat1node_r3,6237,perf_20261005-094315_clu_vm24_rate20_lat1node_r3,2,1525,1791193723595,0,1791193723599.994,59.194,5.619,1791193723665.0,Normal,0.9375
vm2,147742,20261005-094315_clu_vm24_rate20_lat1node_r3,6241,perf_20261005-094315_clu_vm24_rate20_lat1node_r3,2,1526,1791193723795,0,1791193723800.189,77.648,5.266,1791193723883.286,Normal,0.9093
vm2,147742,20261005-094315_clu_vm24_rate20_lat1node_r3,6245,perf_20261005-094315_clu_vm24_rate20_lat1node_r3,2,1527,1791193723995,0,1791193723999.912,83.193,4.841,1791193724088.14,Normal,0.9378
vm2,147742,20261005-094315_clu_vm24_rate20_lat1node_r3,6249,perf_20261005-094315_clu_vm24_rate20_lat1node_r3,2,1528,1791193724195,0,1791193724200.684,91.879,4.776,1791193724297.519,OFFENSIVE,0.6673
vm2,147742,20261005-094315_clu_vm24_rate20_lat1node_r3,6251,perf_20261005-094315_clu_vm24_rate20_lat1node_r3,2,1529,1791193724295,0,1791193724299.967,52.832,5.058,1791193724358.032,Normal,0.6819
vm2,147742,20261005-094315_clu_vm24_rate20_lat1node_r3,6257,perf_20261005-094315_clu_vm24_rate20_lat1node_r3,2,1530,1791193724595,0,1791193724600.473,65.887,4.753,1791193724671.29,Normal,0.9412
vm2,147742,20261005-094315_clu_vm24_rate20_lat1node_r3,6262,perf_20261005-094315_clu_vm24_rate20_lat1node_r3,2,1531,1791193724845,0,1791193724850.233,63.166,5.207,1791193724918.79,Normal,0.9416
vm2,147742,20261005-094315_clu_vm24_rate20_lat1node_r3,6264,perf_20261005-094315_clu_vm24_rate20_lat1node_r3,2,1532,1791193724945,0,1791193724949.137,55.774,5.338,1791193725010.44,Normal,0.9126
vm2,147742,20261005-094315_clu_vm24_rate20_lat1node_r3,6265,perf_20261005-094315_clu_vm24_rate20_lat1node_r3,2,1533,1791193724995,0,1791193725012.776,95.521,5.126,1791193725113.632,Normal,0.925
vm2,147742,20261005-094315_clu_vm24_rate20_lat1node_r3,6268,perf_20261005-094315_clu_vm24_rate20_lat1node_r3,2,1534,1791193725145,0,1791193725149.829,65.85,6.07,1791193725221.937,Normal,0.9535
vm2,147742,20261005-094315_clu_vm24_rate20_lat1node_r3,6274,perf_20261005-094315_clu_vm24_rate20_lat1node_r3,2,1535,1791193725445,0,1791193725450.356,80.915,5.38,1791193725536.838,Normal,0.9074
vm2,147742,20261005-094315_clu_vm24_rate20_lat1node_r3,6278,perf_20261005-094315_clu_vm24_rate20_lat1node_r3,2,1536,1791193725645,0,1791193725650.335,80.465,4.527,1791193725735.509,Normal,0.9768
vm2,147742,20261005-094315_clu_vm24_rate20_lat1node_r3,6279,perf_20261005-094315_clu_vm24_rate20_lat1node_r3,2,1537,1791193725695,0,1791193725737.914,57.859,5.358,1791193725801.3,Normal,0.9285
vm2,147742,20261005-094315_clu_vm24_rate20_lat1node_r3,6283,perf_20261005-094315_clu_vm24_rate20_lat1node_r3,2,1538,1791193725895,0,1791193725900.376,107.798,5.448,1791193726013.821,Normal,0.9343
vm2,147742,20261005-094315_clu_vm24_rate20_lat1node_r3,6286,perf_20261005-094315_clu_vm24_rate20_lat1node_r3,2,1539,1791193726045,0,1791193726050.525,60.842,5.373,1791193726117.003,Normal,0.7409
vm2,147742,20261005-094315_clu_vm24_rate20_lat1node_r3,6288,perf_20261005-094315_clu_vm24_rate20_lat1node_r3,2,1540,1791193726145,0,1791193726150.573,81.306,5.02,1791193726237.081,Normal,0.856
vm2,147742,20261005-094315_clu_vm24_rate20_lat1node_r3,6294,perf_20261005-094315_clu_vm24_rate20_lat1node_r3,2,1541,1791193726445,0,1791193726451.239,78.316,6.783,1791193726536.528,HATE,0.4481
vm2,147742,20261005-094315_clu_vm24_rate20_lat1node_r3,6299,perf_20261005-094315_clu_vm24_rate20_lat1node_r3,2,1542,1791193726695,0,1791193726699.574,74.364,5.378,1791193726779.53,Normal,0.922
vm2,147742,20261005-094315_clu_vm24_rate20_lat1node_r3,6305,perf_20261005-094315_clu_vm24_rate20_lat1node_r3,2,1543,1791193726995,0,1791193727000.507,84.038,5.321,1791193727090.06,Normal,0.9622
vm2,147742,20261005-094315_clu_vm24_rate20_lat1node_r3,6306,perf_20261005-094315_clu_vm24_rate20_lat1node_r3,2,1544,1791193727045,0,1791193727092.497,93.652,5.314,1791193727191.649,Normal,0.9456
vm2,147742,20261005-094315_clu_vm24_rate20_lat1node_r3,6310,perf_20261005-094315_clu_vm24_rate20_lat1node_r3,2,1545,1791193727245,0,1791193727251.763,83.194,4.916,1791193727340.079,Normal,0.9199
vm2,147742,20261005-094315_clu_vm24_rate20_lat1node_r3,6319,perf_20261005-094315_clu_vm24_rate20_lat1node_r3,2,1546,1791193727695,0,1791193727701.935,71.877,4.834,1791193727778.864,Normal,0.5162
vm2,147742,20261005-094315_clu_vm24_rate20_lat1node_r3,6322,perf_20261005-094315_clu_vm24_rate20_lat1node_r3,2,1547,1791193727845,0,1791193727851.545,67.308,5.288,1791193727924.327,Normal,0.9837
vm2,147742,20261005-094315_clu_vm24_rate20_lat1node_r3,6324,perf_20261005-094315_clu_vm24_rate20_lat1node_r3,2,1548,1791193727945,0,1791193727950.081,77.488,4.951,1791193728032.708,Normal,0.9433
vm2,147742,20261005-094315_clu_vm24_rate20_lat1node_r3,6328,perf_20261005-094315_clu_vm24_rate20_lat1node_r3,2,1549,1791193728145,0,1791193728151.48,76.793,4.946,1791193728233.407,Normal,0.9622
vm2,147742,20261005-094315_clu_vm24_rate20_lat1node_r3,6329,perf_20261005-094315_clu_vm24_rate20_lat1node_r3,2,1550,1791193728195,0,1791193728235.835,55.903,5.763,1791193728297.687,Normal,0.9599
vm2,147742,20261005-094315_clu_vm24_rate20_lat1node_r3,6332,perf_20261005-094315_clu_vm24_rate20_lat1node_r3,2,1551,1791193728345,0,1791193728349.968,79.046,4.57,1791193728433.779,Normal,0.9012
vm2,147742,20261005-094315_clu_vm24_rate20_lat1node_r3,6334,perf_20261005-094315_clu_vm24_rate20_lat1node_r3,2,1552,1791193728445,0,1791193728450.328,71.372,5.302,1791193728527.193,Normal,0.912
vm2,147742,20261005-094315_clu_vm24_rate20_lat1node_r3,6335,perf_20261005-094315_clu_vm24_rate20_lat1node_r3,2,1553,1791193728495,0,1791193728530.129,71.934,5.514,1791193728607.758,Normal,0.9396
vm2,147742,20261005-094315_clu_vm24_rate20_lat1node_r3,6336,perf_20261005-094315_clu_vm24_rate20_lat1node_r3,2,1554,1791193728545,0,1791193728610.732,106.947,5.748,1791193728723.613,Normal,0.6582
vm2,147742,20261005-094315_clu_vm24_rate20_lat1node_r3,6338,perf_20261005-094315_clu_vm24_rate20_lat1node_r3,2,1555,1791193728645,0,1791193728726.257,74.316,5.021,1791193728805.816,OFFENSIVE,0.7953
vm2,147742,20261005-094315_clu_vm24_rate20_lat1node_r3,6340,perf_20261005-094315_clu_vm24_rate20_lat1node_r3,2,1556,1791193728745,0,1791193728808.368,135.242,5.483,1791193728949.287,Normal,0.968
vm2,147742,20261005-094315_clu_vm24_rate20_lat1node_r3,6342,perf_20261005-094315_clu_vm24_rate20_lat1node_r3,2,1557,1791193728845,0,1791193728951.96,79.602,4.806,1791193729036.559,Normal,0.9154
vm2,147742,20261005-094315_clu_vm24_rate20_lat1node_r3,6345,perf_20261005-094315_clu_vm24_rate20_lat1node_r3,2,1558,1791193728995,0,1791193729039.219,65.459,4.544,1791193729109.415,Normal,0.9512
vm2,147742,20261005-094315_clu_vm24_rate20_lat1node_r3,6346,perf_20261005-094315_clu_vm24_rate20_lat1node_r3,2,1559,1791193729045,0,1791193729112.128,107.235,5.551,1791193729225.105,Normal,0.9637
vm2,147742,20261005-094315_clu_vm24_rate20_lat1node_r3,6354,perf_20261005-094315_clu_vm24_rate20_lat1node_r3,2,1560,1791193729445,0,1791193729450.479,87.355,5.839,1791193729543.866,Normal,0.9224
vm2,147742,20261005-094315_clu_vm24_rate20_lat1node_r3,6358,perf_20261005-094315_clu_vm24_rate20_lat1node_r3,2,1561,1791193729645,0,1791193729650.03,95.039,5.009,1791193729750.384,Normal,0.9212
vm2,147742,20261005-094315_clu_vm24_rate20_lat1node_r3,6359,perf_20261005-094315_clu_vm24_rate20_lat1node_r3,2,1562,1791193729695,0,1791193729753.615,65.216,5.55,1791193729824.564,Normal,0.9515
vm2,147742,20261005-094315_clu_vm24_rate20_lat1node_r3,6360,perf_20261005-094315_clu_vm24_rate20_lat1node_r3,2,1563,1791193729745,0,1791193729824.798,104.074,4.889,1791193729933.95,Normal,0.5679
vm2,147742,20261005-094315_clu_vm24_rate20_lat1node_r3,6361,perf_20261005-094315_clu_vm24_rate20_lat1node_r3,2,1564,1791193729795,0,1791193729936.391,73.538,4.837,1791193730014.955,Normal,0.9622
vm2,147742,20261005-094315_clu_vm24_rate20_lat1node_r3,6366,perf_20261005-094315_clu_vm24_rate20_lat1node_r3,2,1565,1791193730045,0,1791193730049.918,84.846,5.328,1791193730140.291,Normal,0.9635
vm2,147742,20261005-094315_clu_vm24_rate20_lat1node_r3,6376,perf_20261005-094315_clu_vm24_rate20_lat1node_r3,2,1566,1791193730545,0,1791193730550.346,66.224,5.541,1791193730622.307,Normal,0.9556
vm2,147742,20261005-094315_clu_vm24_rate20_lat1node_r3,6379,perf_20261005-094315_clu_vm24_rate20_lat1node_r3,2,1567,1791193730695,0,1791193730700.254,74.326,5.239,1791193730780.016,Normal,0.9572
vm2,147742,20261005-094315_clu_vm24_rate20_lat1node_r3,6381,perf_20261005-094315_clu_vm24_rate20_lat1node_r3,2,1568,1791193730795,0,1791193730798.886,92.226,4.956,1791193730896.254,Normal,0.9798
vm2,147742,20261005-094315_clu_vm24_rate20_lat1node_r3,6385,perf_20261005-094315_clu_vm24_rate20_lat1node_r3,2,1569,1791193730995,0,1791193731000.309,65.564,5.139,1791193731071.216,Normal,0.957
vm2,147742,20261005-094315_clu_vm24_rate20_lat1node_r3,6391,perf_20261005-094315_clu_vm24_rate20_lat1node_r3,2,1570,1791193731295,0,1791193731300.381,76.921,6.259,1791193731383.754,Normal,0.9535
vm2,147742,20261005-094315_clu_vm24_rate20_lat1node_r3,6395,perf_20261005-094315_clu_vm24_rate20_lat1node_r3,2,1571,1791193731496,0,1791193731500.784,60.861,5.511,1791193731567.332,Normal,0.7973
vm2,147742,20261005-094315_clu_vm24_rate20_lat1node_r3,6396,perf_20261005-094315_clu_vm24_rate20_lat1node_r3,2,1572,1791193731546,0,1791193731569.905,50.474,6.095,1791193731626.646,Normal,0.9572
vm2,147742,20261005-094315_clu_vm24_rate20_lat1node_r3,6397,perf_20261005-094315_clu_vm24_rate20_lat1node_r3,2,1573,1791193731595,0,1791193731629.291,82.714,6.235,1791193731718.432,Normal,0.9636
vm2,147742,20261005-094315_clu_vm24_rate20_lat1node_r3,6405,perf_20261005-094315_clu_vm24_rate20_lat1node_r3,2,1574,1791193731995,0,1791193732000.921,72.486,5.06,1791193732078.653,Normal,0.9723
vm2,147742,20261005-094315_clu_vm24_rate20_lat1node_r3,6407,perf_20261005-094315_clu_vm24_rate20_lat1node_r3,2,1575,1791193732095,0,1791193732099.104,72.408,4.642,1791193732176.329,Normal,0.8945
vm2,147742,20261005-094315_clu_vm24_rate20_lat1node_r3,6414,perf_20261005-094315_clu_vm24_rate20_lat1node_r3,2,1576,1791193732445,0,1791193732450.73,59.885,4.978,1791193732515.789,Normal,0.9491
vm2,147742,20261005-094315_clu_vm24_rate20_lat1node_r3,6417,perf_20261005-094315_clu_vm24_rate20_lat1node_r3,2,1577,1791193732595,0,1791193732600.428,87.205,5.153,1791193732692.999,Normal,0.9714
vm2,147742,20261005-094315_clu_vm24_rate20_lat1node_r3,6425,perf_20261005-094315_clu_vm24_rate20_lat1node_r3,2,1578,1791193732995,0,1791193733000.51,88.432,6.233,1791193733095.374,Normal,0.6607
vm2,147742,20261005-094315_clu_vm24_rate20_lat1node_r3,6427,perf_20261005-094315_clu_vm24_rate20_lat1node_r3,2,1579,1791193733095,0,1791193733099.912,97.469,5.225,1791193733202.788,Normal,0.9562
vm2,147742,20261005-094315_clu_vm24_rate20_lat1node_r3,6431,perf_20261005-094315_clu_vm24_rate20_lat1node_r3,2,1580,1791193733295,0,1791193733300.509,86.256,5.755,1791193733392.713,Normal,0.977
vm2,147742,20261005-094315_clu_vm24_rate20_lat1node_r3,6433,perf_20261005-094315_clu_vm24_rate20_lat1node_r3,2,1581,1791193733395,0,1791193733399.719,102.061,6.341,1791193733508.314,Normal,0.9419
vm2,147742,20261005-094315_clu_vm24_rate20_lat1node_r3,6435,perf_20261005-094315_clu_vm24_rate20_lat1node_r3,2,1582,1791193733495,0,1791193733511.04,80.056,6.014,1791193733597.295,Normal,0.9758
vm2,147742,20261005-094315_clu_vm24_rate20_lat1node_r3,6436,perf_20261005-094315_clu_vm24_rate20_lat1node_r3,2,1583,1791193733545,0,1791193733599.9,53.196,5.167,1791193733658.525,Normal,0.9451
vm2,147742,20261005-094315_clu_vm24_rate20_lat1node_r3,6438,perf_20261005-094315_clu_vm24_rate20_lat1node_r3,2,1584,1791193733645,0,1791193733660.949,58.293,4.915,1791193733724.34,Normal,0.9396
vm2,147742,20261005-094315_clu_vm24_rate20_lat1node_r3,6442,perf_20261005-094315_clu_vm24_rate20_lat1node_r3,2,1585,1791193733845,0,1791193733850.372,73.932,5.095,1791193733929.583,Normal,0.9455
vm2,147742,20261005-094315_clu_vm24_rate20_lat1node_r3,6445,perf_20261005-094315_clu_vm24_rate20_lat1node_r3,2,1586,1791193733995,0,1791193734000.025,126.844,5.277,1791193734132.338,Normal,0.9803
vm2,147742,20261005-094315_clu_vm24_rate20_lat1node_r3,6446,perf_20261005-094315_clu_vm24_rate20_lat1node_r3,2,1587,1791193734045,0,1791193734134.755,79.421,4.858,1791193734219.234,Normal,0.9576
vm2,147742,20261005-094315_clu_vm24_rate20_lat1node_r3,6449,perf_20261005-094315_clu_vm24_rate20_lat1node_r3,2,1588,1791193734195,0,1791193734221.732,64.188,5.135,1791193734291.234,Normal,0.8732
vm2,147742,20261005-094315_clu_vm24_rate20_lat1node_r3,6453,perf_20261005-094315_clu_vm24_rate20_lat1node_r3,2,1589,1791193734395,0,1791193734400.711,77.93,6.232,1791193734485.058,Normal,0.9684
vm2,147742,20261005-094315_clu_vm24_rate20_lat1node_r3,6455,perf_20261005-094315_clu_vm24_rate20_lat1node_r3,2,1590,1791193734495,0,1791193734499.334,69.404,4.773,1791193734573.695,OFFENSIVE,0.572
vm2,147742,20261005-094315_clu_vm24_rate20_lat1node_r3,6459,perf_20261005-094315_clu_vm24_rate20_lat1node_r3,2,1591,1791193734695,0,1791193734700.23,61.638,5.122,1791193734767.173,Normal,0.9633
vm2,147742,20261005-094315_clu_vm24_rate20_lat1node_r3,6461,perf_20261005-094315_clu_vm24_rate20_lat1node_r3,2,1592,1791193734795,0,1791193734799.498,120.65,5.723,1791193734926.06,Normal,0.9766
vm2,147742,20261005-094315_clu_vm24_rate20_lat1node_r3,6463,perf_20261005-094315_clu_vm24_rate20_lat1node_r3,2,1593,1791193734895,0,1791193734928.779,67.937,5.044,1791193735001.947,Normal,0.9683
vm2,147742,20261005-094315_clu_vm24_rate20_lat1node_r3,6465,perf_20261005-094315_clu_vm24_rate20_lat1node_r3,2,1594,1791193734995,0,1791193735004.39,61.895,5.234,1791193735071.702,Normal,0.8947
vm2,147742,20261005-094315_clu_vm24_rate20_lat1node_r3,6466,perf_20261005-094315_clu_vm24_rate20_lat1node_r3,2,1595,1791193735045,0,1791193735074.483,92.392,5.742,1791193735172.808,Normal,0.9558
vm2,147742,20261005-094315_clu_vm24_rate20_lat1node_r3,6469,perf_20261005-094315_clu_vm24_rate20_lat1node_r3,2,1596,1791193735195,0,1791193735200.119,83.844,5.505,1791193735289.672,Normal,0.9205
vm2,147742,20261005-094315_clu_vm24_rate20_lat1node_r3,6473,perf_20261005-094315_clu_vm24_rate20_lat1node_r3,2,1597,1791193735395,0,1791193735400.115,59.855,5.108,1791193735465.27,Normal,0.9422
vm2,147742,20261005-094315_clu_vm24_rate20_lat1node_r3,6475,perf_20261005-094315_clu_vm24_rate20_lat1node_r3,2,1598,1791193735495,0,1791193735500.099,87.064,5.598,1791193735592.948,Normal,0.9303
vm2,147742,20261005-094315_clu_vm24_rate20_lat1node_r3,6476,perf_20261005-094315_clu_vm24_rate20_lat1node_r3,2,1599,1791193735545,0,1791193735595.391,79.504,5.296,1791193735680.368,Normal,0.9534
vm2,147742,20261005-094315_clu_vm24_rate20_lat1node_r3,6480,perf_20261005-094315_clu_vm24_rate20_lat1node_r3,2,1600,1791193735745,0,1791193735749.483,75.376,5.142,1791193735830.185,Normal,0.9438
vm2,147742,20261005-094315_clu_vm24_rate20_lat1node_r3,6485,perf_20261005-094315_clu_vm24_rate20_lat1node_r3,2,1601,1791193735995,0,1791193736000.24,60.126,5.079,1791193736065.639,Normal,0.9736
vm2,147742,20261005-094315_clu_vm24_rate20_lat1node_r3,6488,perf_20261005-094315_clu_vm24_rate20_lat1node_r3,2,1602,1791193736145,0,1791193736150.328,79.426,4.353,1791193736234.295,Normal,0.9756
vm2,147742,20261005-094315_clu_vm24_rate20_lat1node_r3,6493,perf_20261005-094315_clu_vm24_rate20_lat1node_r3,2,1603,1791193736395,0,1791193736400.511,59.824,4.786,1791193736465.34,Normal,0.9409
vm2,147742,20261005-094315_clu_vm24_rate20_lat1node_r3,6496,perf_20261005-094315_clu_vm24_rate20_lat1node_r3,2,1604,1791193736545,0,1791193736550.095,58.148,4.758,1791193736613.193,Normal,0.9515
vm2,147742,20261005-094315_clu_vm24_rate20_lat1node_r3,6505,perf_20261005-094315_clu_vm24_rate20_lat1node_r3,2,1605,1791193736995,0,1791193737000.227,62.74,4.655,1791193737067.808,Normal,0.9668
vm2,147742,20261005-094315_clu_vm24_rate20_lat1node_r3,6506,perf_20261005-094315_clu_vm24_rate20_lat1node_r3,2,1606,1791193737045,0,1791193737070.33,61.894,4.77,1791193737137.177,Normal,0.9631
vm2,147742,20261005-094315_clu_vm24_rate20_lat1node_r3,6509,perf_20261005-094315_clu_vm24_rate20_lat1node_r3,2,1607,1791193737195,0,1791193737200.381,82.308,5.092,1791193737287.966,Normal,0.7125
vm2,147742,20261005-094315_clu_vm24_rate20_lat1node_r3,6510,perf_20261005-094315_clu_vm24_rate20_lat1node_r3,2,1608,1791193737245,0,1791193737290.458,59.603,5.124,1791193737355.353,Normal,0.9663
vm2,147742,20261005-094315_clu_vm24_rate20_lat1node_r3,6511,perf_20261005-094315_clu_vm24_rate20_lat1node_r3,2,1609,1791193737295,0,1791193737358.171,58.433,5.631,1791193737422.424,Normal,0.9119
vm2,147742,20261005-094315_clu_vm24_rate20_lat1node_r3,6517,perf_20261005-094315_clu_vm24_rate20_lat1node_r3,2,1610,1791193737595,0,1791193737600.006,79.5,5.797,1791193737685.5,Normal,0.9375
vm2,147742,20261005-094315_clu_vm24_rate20_lat1node_r3,6521,perf_20261005-094315_clu_vm24_rate20_lat1node_r3,2,1611,1791193737795,0,1791193737800.456,63.564,6.557,1791193737870.765,Normal,0.9394
vm2,147742,20261005-094315_clu_vm24_rate20_lat1node_r3,6522,perf_20261005-094315_clu_vm24_rate20_lat1node_r3,2,1612,1791193737845,0,1791193737873.259,77.329,5.279,1791193737956.048,Normal,0.963
vm2,147742,20261005-094315_clu_vm24_rate20_lat1node_r3,6524,perf_20261005-094315_clu_vm24_rate20_lat1node_r3,2,1613,1791193737945,0,1791193737958.729,58.176,4.693,1791193738021.781,Normal,0.9182
vm2,147742,20261005-094315_clu_vm24_rate20_lat1node_r3,6530,perf_20261005-094315_clu_vm24_rate20_lat1node_r3,2,1614,1791193738245,0,1791193738250.638,63.915,4.833,1791193738319.569,Normal,0.9542
vm2,147742,20261005-094315_clu_vm24_rate20_lat1node_r3,6531,perf_20261005-094315_clu_vm24_rate20_lat1node_r3,2,1615,1791193738295,0,1791193738322.426,56.98,5.126,1791193738384.717,Normal,0.9671
vm2,147742,20261005-094315_clu_vm24_rate20_lat1node_r3,6532,perf_20261005-094315_clu_vm24_rate20_lat1node_r3,2,1616,1791193738345,0,1791193738387.243,79.957,4.864,1791193738472.248,Normal,0.8109
vm2,147742,20261005-094315_clu_vm24_rate20_lat1node_r3,6533,perf_20261005-094315_clu_vm24_rate20_lat1node_r3,2,1617,1791193738395,0,1791193738474.781,82.725,5.309,1791193738562.994,Normal,0.8869
vm2,147742,20261005-094315_clu_vm24_rate20_lat1node_r3,6535,perf_20261005-094315_clu_vm24_rate20_lat1node_r3,2,1618,1791193738495,0,1791193738565.865,67.087,5.25,1791193738638.385,Normal,0.9691
vm2,147742,20261005-094315_clu_vm24_rate20_lat1node_r3,6536,perf_20261005-094315_clu_vm24_rate20_lat1node_r3,2,1619,1791193738545,0,1791193738638.616,53.513,4.792,1791193738697.102,Normal,0.7856
vm2,147742,20261005-094315_clu_vm24_rate20_lat1node_r3,6543,perf_20261005-094315_clu_vm24_rate20_lat1node_r3,2,1620,1791193738895,0,1791193738900.301,173.959,5.279,1791193739079.737,Normal,0.8083
vm2,147742,20261005-094315_clu_vm24_rate20_lat1node_r3,6544,perf_20261005-094315_clu_vm24_rate20_lat1node_r3,2,1621,1791193738945,0,1791193739082.422,75.021,4.854,1791193739162.483,Normal,0.9023
vm2,147742,20261005-094315_clu_vm24_rate20_lat1node_r3,6550,perf_20261005-094315_clu_vm24_rate20_lat1node_r3,2,1622,1791193739245,0,1791193739249.952,64.72,5.112,1791193739319.967,Normal,0.9728
vm2,147742,20261005-094315_clu_vm24_rate20_lat1node_r3,6554,perf_20261005-094315_clu_vm24_rate20_lat1node_r3,2,1623,1791193739445,0,1791193739451.263,58.048,6.123,1791193739515.628,Normal,0.9309
vm2,147742,20261005-094315_clu_vm24_rate20_lat1node_r3,6563,perf_20261005-094315_clu_vm24_rate20_lat1node_r3,2,1624,1791193739895,0,1791193739900.106,160.713,5.032,1791193740066.058,Normal,0.9543
vm2,147742,20261005-094315_clu_vm24_rate20_lat1node_r3,6564,perf_20261005-094315_clu_vm24_rate20_lat1node_r3,2,1625,1791193739945,0,1791193740068.39,53.062,4.482,1791193740126.113,Normal,0.9266
vm2,147742,20261005-094315_clu_vm24_rate20_lat1node_r3,6569,perf_20261005-094315_clu_vm24_rate20_lat1node_r3,2,1626,1791193740195,0,1791193740200.002,60.745,4.716,1791193740265.656,Normal,0.9494
vm2,147742,20261005-094315_clu_vm24_rate20_lat1node_r3,6583,perf_20261005-094315_clu_vm24_rate20_lat1node_r3,2,1627,1791193740895,0,1791193740901.632,67.216,5.79,1791193740974.828,Normal,0.9107
vm2,147742,20261005-094315_clu_vm24_rate20_lat1node_r3,6584,perf_20261005-094315_clu_vm24_rate20_lat1node_r3,2,1628,1791193740946,0,1791193740977.401,56.98,5.443,1791193741040.001,Normal,0.8941
vm2,147742,20261005-094315_clu_vm24_rate20_lat1node_r3,6585,perf_20261005-094315_clu_vm24_rate20_lat1node_r3,2,1629,1791193740995,0,1791193741042.812,62.187,6.158,1791193741111.339,Normal,0.9263
vm2,147742,20261005-094315_clu_vm24_rate20_lat1node_r3,6587,perf_20261005-094315_clu_vm24_rate20_lat1node_r3,2,1630,1791193741095,0,1791193741114.197,77.849,8.423,1791193741200.654,Normal,0.9517
vm2,147742,20261005-094315_clu_vm24_rate20_lat1node_r3,6589,perf_20261005-094315_clu_vm24_rate20_lat1node_r3,2,1631,1791193741196,0,1791193741203.456,67.88,5.464,1791193741276.982,Normal,0.9696
vm2,147742,20261005-094315_clu_vm24_rate20_lat1node_r3,6593,perf_20261005-094315_clu_vm24_rate20_lat1node_r3,2,1632,1791193741395,0,1791193741400.058,67.659,5.095,1791193741473.001,Normal,0.9689
vm2,147742,20261005-094315_clu_vm24_rate20_lat1node_r3,6594,perf_20261005-094315_clu_vm24_rate20_lat1node_r3,2,1633,1791193741445,0,1791193741475.552,58.052,5.227,1791193741539.005,Normal,0.9332
vm2,147742,20261005-094315_clu_vm24_rate20_lat1node_r3,6599,perf_20261005-094315_clu_vm24_rate20_lat1node_r3,2,1634,1791193741695,0,1791193741700.458,69.195,6.089,1791193741775.928,Normal,0.8838
vm2,147742,20261005-094315_clu_vm24_rate20_lat1node_r3,6605,perf_20261005-094315_clu_vm24_rate20_lat1node_r3,2,1635,1791193741995,0,1791193742000.598,152.33,5.559,1791193742158.682,Normal,0.9642
vm2,147742,20261005-094315_clu_vm24_rate20_lat1node_r3,6612,perf_20261005-094315_clu_vm24_rate20_lat1node_r3,2,1636,1791193742345,0,1791193742349.982,65.515,4.925,1791193742420.608,Normal,0.9238
vm2,147742,20261005-094315_clu_vm24_rate20_lat1node_r3,6618,perf_20261005-094315_clu_vm24_rate20_lat1node_r3,2,1637,1791193742645,0,1791193742650.62,151.164,5.052,1791193742807.034,Normal,0.9756
vm2,147742,20261005-094315_clu_vm24_rate20_lat1node_r3,6626,perf_20261005-094315_clu_vm24_rate20_lat1node_r3,2,1638,1791193743046,0,1791193743050.685,80.492,4.599,1791193743135.968,Normal,0.8341
vm2,147742,20261005-094315_clu_vm24_rate20_lat1node_r3,6630,perf_20261005-094315_clu_vm24_rate20_lat1node_r3,2,1639,1791193743246,0,1791193743251.226,64.392,6.187,1791193743322.028,Normal,0.9512
vm2,147742,20261005-094315_clu_vm24_rate20_lat1node_r3,6631,perf_20261005-094315_clu_vm24_rate20_lat1node_r3,2,1640,1791193743296,0,1791193743324.731,149.67,5.301,1791193743479.89,Normal,0.9588
vm2,147742,20261005-094315_clu_vm24_rate20_lat1node_r3,6644,perf_20261005-094315_clu_vm24_rate20_lat1node_r3,2,1641,1791193743945,0,1791193743949.856,113.019,5.39,1791193744068.458,Normal,0.9609
vm2,147742,20261005-094315_clu_vm24_rate20_lat1node_r3,6650,perf_20261005-094315_clu_vm24_rate20_lat1node_r3,2,1642,1791193744245,0,1791193744250.982,62.445,5.126,1791193744318.745,Normal,0.9375
vm2,147742,20261005-094315_clu_vm24_rate20_lat1node_r3,6654,perf_20261005-094315_clu_vm24_rate20_lat1node_r3,2,1643,1791193744445,0,1791193744450.013,78.477,4.87,1791193744533.558,Normal,0.9081
vm2,147742,20261005-094315_clu_vm24_rate20_lat1node_r3,6655,perf_20261005-094315_clu_vm24_rate20_lat1node_r3,2,1644,1791193744495,0,1791193744535.906,57.096,5.071,1791193744598.25,Normal,0.9291
vm2,147742,20261005-094315_clu_vm24_rate20_lat1node_r3,6656,perf_20261005-094315_clu_vm24_rate20_lat1node_r3,2,1645,1791193744545,0,1791193744600.739,67.193,5.819,1791193744673.935,Normal,0.9477
vm2,147742,20261005-094315_clu_vm24_rate20_lat1node_r3,6663,perf_20261005-094315_clu_vm24_rate20_lat1node_r3,2,1646,1791193744895,0,1791193744899.99,59.576,5.968,1791193744965.738,Normal,0.8661
vm2,147742,20261005-094315_clu_vm24_rate20_lat1node_r3,6667,perf_20261005-094315_clu_vm24_rate20_lat1node_r3,2,1647,1791193745095,0,1791193745100.166,69.701,4.93,1791193745174.99,Normal,0.873
vm2,147742,20261005-094315_clu_vm24_rate20_lat1node_r3,6671,perf_20261005-094315_clu_vm24_rate20_lat1node_r3,2,1648,1791193745295,0,1791193745300.673,86.457,4.976,1791193745392.297,Normal,0.7521
vm2,147742,20261005-094315_clu_vm24_rate20_lat1node_r3,6673,perf_20261005-094315_clu_vm24_rate20_lat1node_r3,2,1649,1791193745395,0,1791193745399.291,73.676,4.751,1791193745477.9,Normal,0.9584
vm2,147742,20261005-094315_clu_vm24_rate20_lat1node_r3,6676,perf_20261005-094315_clu_vm24_rate20_lat1node_r3,2,1650,1791193745545,0,1791193745550.384,57.772,6.02,1791193745614.37,Normal,0.9075
vm2,147742,20261005-094315_clu_vm24_rate20_lat1node_r3,6683,perf_20261005-094315_clu_vm24_rate20_lat1node_r3,2,1651,1791193745895,0,1791193745900.198,93.551,6.303,1791193746000.281,Normal,0.9304
vm2,147742,20261005-094315_clu_vm24_rate20_lat1node_r3,6687,perf_20261005-094315_clu_vm24_rate20_lat1node_r3,2,1652,1791193746095,0,1791193746100.449,82.511,5.207,1791193746188.358,Normal,0.8142
vm2,147742,20261005-094315_clu_vm24_rate20_lat1node_r3,6688,perf_20261005-094315_clu_vm24_rate20_lat1node_r3,2,1653,1791193746145,0,1791193746190.769,94.42,6.077,1791193746291.52,Normal,0.9441
vm2,147742,20261005-094315_clu_vm24_rate20_lat1node_r3,6693,perf_20261005-094315_clu_vm24_rate20_lat1node_r3,2,1654,1791193746395,0,1791193746400.737,61.52,5.347,1791193746467.796,Normal,0.4778
vm2,147742,20261005-094315_clu_vm24_rate20_lat1node_r3,6694,perf_20261005-094315_clu_vm24_rate20_lat1node_r3,2,1655,1791193746445,0,1791193746470.391,53.627,5.426,1791193746529.647,Normal,0.9441
vm2,147742,20261005-094315_clu_vm24_rate20_lat1node_r3,6704,perf_20261005-094315_clu_vm24_rate20_lat1node_r3,2,1656,1791193746945,0,1791193746950.813,126.544,5.565,1791193747083.119,Normal,0.9674
vm2,147742,20261005-094315_clu_vm24_rate20_lat1node_r3,6710,perf_20261005-094315_clu_vm24_rate20_lat1node_r3,2,1657,1791193747245,0,1791193747250.455,84.035,5.783,1791193747340.468,Normal,0.9533
vm2,147742,20261005-094315_clu_vm24_rate20_lat1node_r3,6713,perf_20261005-094315_clu_vm24_rate20_lat1node_r3,2,1658,1791193747395,0,1791193747400.255,56.186,4.888,1791193747461.518,Normal,0.9375
vm2,147742,20261005-094315_clu_vm24_rate20_lat1node_r3,6716,perf_20261005-094315_clu_vm24_rate20_lat1node_r3,2,1659,1791193747545,0,1791193747550.348,67.81,5.077,1791193747623.423,Normal,0.9313
vm2,147742,20261005-094315_clu_vm24_rate20_lat1node_r3,6719,perf_20261005-094315_clu_vm24_rate20_lat1node_r3,2,1660,1791193747696,0,1791193747700.813,77.956,5.323,1791193747784.281,Normal,0.9661
vm2,147742,20261005-094315_clu_vm24_rate20_lat1node_r3,6727,perf_20261005-094315_clu_vm24_rate20_lat1node_r3,2,1661,1791193748096,0,1791193748099.638,58.406,5.203,1791193748163.427,Normal,0.975
vm2,147742,20261005-094315_clu_vm24_rate20_lat1node_r3,6728,perf_20261005-094315_clu_vm24_rate20_lat1node_r3,2,1662,1791193748146,0,1791193748166.359,83.307,4.925,1791193748254.776,Normal,0.9695
vm2,147742,20261005-094315_clu_vm24_rate20_lat1node_r3,6733,perf_20261005-094315_clu_vm24_rate20_lat1node_r3,2,1663,1791193748395,0,1791193748400.169,76.662,5.399,1791193748482.419,Normal,0.9746
vm2,147742,20261005-094315_clu_vm24_rate20_lat1node_r3,6737,perf_20261005-094315_clu_vm24_rate20_lat1node_r3,2,1664,1791193748595,0,1791193748600.126,97.976,5.063,1791193748703.35,Normal,0.9774
vm2,147742,20261005-094315_clu_vm24_rate20_lat1node_r3,6738,perf_20261005-094315_clu_vm24_rate20_lat1node_r3,2,1665,1791193748645,0,1791193748706.047,52.134,4.885,1791193748763.244,Normal,0.9457
vm2,147742,20261005-094315_clu_vm24_rate20_lat1node_r3,6739,perf_20261005-094315_clu_vm24_rate20_lat1node_r3,2,1666,1791193748695,0,1791193748763.461,61.715,4.9,1791193748830.349,Normal,0.9468
vm2,147742,20261005-094315_clu_vm24_rate20_lat1node_r3,6743,perf_20261005-094315_clu_vm24_rate20_lat1node_r3,2,1667,1791193748895,0,1791193748900.541,109.572,5.171,1791193749015.477,Normal,0.8458
vm2,147742,20261005-094315_clu_vm24_rate20_lat1node_r3,6749,perf_20261005-094315_clu_vm24_rate20_lat1node_r3,2,1668,1791193749195,0,1791193749200.351,79.182,5.073,1791193749284.797,Normal,0.9738
vm2,147742,20261005-094315_clu_vm24_rate20_lat1node_r3,6750,perf_20261005-094315_clu_vm24_rate20_lat1node_r3,2,1669,1791193749245,0,1791193749287.393,76.235,5.106,1791193749368.911,Normal,0.9718
vm2,147742,20261005-094315_clu_vm24_rate20_lat1node_r3,6755,perf_20261005-094315_clu_vm24_rate20_lat1node_r3,2,1670,1791193749495,0,1791193749500.216,309.16,6.039,1791193749815.62,Normal,0.9738
vm2,147742,20261005-094315_clu_vm24_rate20_lat1node_r3,6759,perf_20261005-094315_clu_vm24_rate20_lat1node_r3,2,1671,1791193749695,0,1791193749818.264,67.924,5.014,1791193749891.395,Normal,0.9768
vm2,147742,20261005-094315_clu_vm24_rate20_lat1node_r3,6761,perf_20261005-094315_clu_vm24_rate20_lat1node_r3,2,1672,1791193749795,0,1791193749891.609,163.948,4.93,1791193750060.673,Normal,0.9729
vm2,147742,20261005-094315_clu_vm24_rate20_lat1node_r3,6765,perf_20261005-094315_clu_vm24_rate20_lat1node_r3,2,1673,1791193749995,0,1791193750063.267,77.523,12.219,1791193750153.194,Normal,0.9141
vm2,147742,20261005-094315_clu_vm24_rate20_lat1node_r3,6775,perf_20261005-094315_clu_vm24_rate20_lat1node_r3,2,1674,1791193750496,0,1791193750501.179,68.106,5.164,1791193750574.638,Normal,0.9421
vm2,147742,20261005-094315_clu_vm24_rate20_lat1node_r3,6777,perf_20261005-094315_clu_vm24_rate20_lat1node_r3,2,1675,1791193750595,0,1791193750599.873,69.544,5.726,1791193750675.328,Normal,0.9667
vm2,147742,20261005-094315_clu_vm24_rate20_lat1node_r3,6781,perf_20261005-094315_clu_vm24_rate20_lat1node_r3,2,1676,1791193750795,0,1791193750800.524,68.355,5.871,1791193750874.934,Normal,0.9788
vm2,147742,20261005-094315_clu_vm24_rate20_lat1node_r3,6782,perf_20261005-094315_clu_vm24_rate20_lat1node_r3,2,1677,1791193750845,0,1791193750877.407,64.538,5.187,1791193750947.308,Normal,0.9777
vm2,147742,20261005-094315_clu_vm24_rate20_lat1node_r3,6785,perf_20261005-094315_clu_vm24_rate20_lat1node_r3,2,1678,1791193750995,0,1791193751000.302,61.897,5.452,1791193751067.84,Normal,0.9373
vm2,147742,20261005-094315_clu_vm24_rate20_lat1node_r3,6786,perf_20261005-094315_clu_vm24_rate20_lat1node_r3,2,1679,1791193751045,0,1791193751070.152,52.542,4.735,1791193751127.621,Normal,0.9441
vm2,147742,20261005-094315_clu_vm24_rate20_lat1node_r3,6787,perf_20261005-094315_clu_vm24_rate20_lat1node_r3,2,1680,1791193751095,0,1791193751130.18,86.643,4.951,1791193751221.961,Normal,0.9595
vm2,147742,20261005-094315_clu_vm24_rate20_lat1node_r3,6791,perf_20261005-094315_clu_vm24_rate20_lat1node_r3,2,1681,1791193751295,0,1791193751300.758,62.886,4.904,1791193751368.741,Normal,0.9119
vm2,147742,20261005-094315_clu_vm24_rate20_lat1node_r3,6793,perf_20261005-094315_clu_vm24_rate20_lat1node_r3,2,1682,1791193751395,0,1791193751400.055,77.746,5.147,1791193751483.131,Normal,0.8599
vm2,147742,20261005-094315_clu_vm24_rate20_lat1node_r3,6800,perf_20261005-094315_clu_vm24_rate20_lat1node_r3,2,1683,1791193751745,0,1791193751751.235,121.503,5.442,1791193751878.369,Normal,0.9561
vm2,147742,20261005-094315_clu_vm24_rate20_lat1node_r3,6811,perf_20261005-094315_clu_vm24_rate20_lat1node_r3,2,1684,1791193752295,0,1791193752300.216,89.774,5.162,1791193752395.364,Normal,0.9535
vm2,147742,20261005-094315_clu_vm24_rate20_lat1node_r3,6814,perf_20261005-094315_clu_vm24_rate20_lat1node_r3,2,1685,1791193752445,0,1791193752449.583,97.92,6.35,1791193752554.052,Normal,0.9592
vm2,147742,20261005-094315_clu_vm24_rate20_lat1node_r3,6818,perf_20261005-094315_clu_vm24_rate20_lat1node_r3,2,1686,1791193752646,0,1791193752652.439,98.8,4.912,1791193752756.346,Normal,0.9815
vm2,147742,20261005-094315_clu_vm24_rate20_lat1node_r3,6824,perf_20261005-094315_clu_vm24_rate20_lat1node_r3,2,1687,1791193752945,0,1791193752950.706,79.125,14.229,1791193753044.251,Normal,0.944
vm2,147742,20261005-094315_clu_vm24_rate20_lat1node_r3,6825,perf_20261005-094315_clu_vm24_rate20_lat1node_r3,2,1688,1791193752995,0,1791193753047.299,84.091,3.605,1791193753135.184,Normal,0.973
vm2,147742,20261005-094315_clu_vm24_rate20_lat1node_r3,6829,perf_20261005-094315_clu_vm24_rate20_lat1node_r3,2,1689,1791193753195,0,1791193753201.311,74.944,5.411,1791193753281.863,Normal,0.9608
vm2,147742,20261005-094315_clu_vm24_rate20_lat1node_r3,6834,perf_20261005-094315_clu_vm24_rate20_lat1node_r3,2,1690,1791193753445,0,1791193753450.313,108.358,5.583,1791193753564.448,Normal,0.9644
vm2,147742,20261005-094315_clu_vm24_rate20_lat1node_r3,6836,perf_20261005-094315_clu_vm24_rate20_lat1node_r3,2,1691,1791193753545,0,1791193753567.535,99.52,5.204,1791193753672.448,Normal,0.951
vm2,147742,20261005-094315_clu_vm24_rate20_lat1node_r3,6837,perf_20261005-094315_clu_vm24_rate20_lat1node_r3,2,1692,1791193753595,0,1791193753675.179,74.968,4.923,1791193753755.25,Normal,0.9708
vm2,147742,20261005-094315_clu_vm24_rate20_lat1node_r3,6848,perf_20261005-094315_clu_vm24_rate20_lat1node_r3,2,1693,1791193754145,0,1791193754150.507,68.27,4.428,1791193754223.385,Normal,0.82
vm2,147742,20261005-094315_clu_vm24_rate20_lat1node_r3,6849,perf_20261005-094315_clu_vm24_rate20_lat1node_r3,2,1694,1791193754195,0,1791193754226.097,112.688,9.385,1791193754348.346,Normal,0.9597
vm2,147742,20261005-094315_clu_vm24_rate20_lat1node_r3,6850,perf_20261005-094315_clu_vm24_rate20_lat1node_r3,2,1695,1791193754245,0,1791193754351.288,57.424,5.664,1791193754414.57,Normal,0.9685
vm2,147742,20261005-094315_clu_vm24_rate20_lat1node_r3,6851,perf_20261005-094315_clu_vm24_rate20_lat1node_r3,2,1696,1791193754295,0,1791193754414.878,103.837,4.75,1791193754523.645,Normal,0.9736
vm2,147742,20261005-094315_clu_vm24_rate20_lat1node_r3,6859,perf_20261005-094315_clu_vm24_rate20_lat1node_r3,2,1697,1791193754695,0,1791193754700.108,68.324,5.116,1791193754773.75,Normal,0.8883
vm2,147742,20261005-094315_clu_vm24_rate20_lat1node_r3,6860,perf_20261005-094315_clu_vm24_rate20_lat1node_r3,2,1698,1791193754745,0,1791193754776.209,71.378,5.189,1791193754852.957,Normal,0.9798
vm2,147742,20261005-094315_clu_vm24_rate20_lat1node_r3,6863,perf_20261005-094315_clu_vm24_rate20_lat1node_r3,2,1699,1791193754895,0,1791193754900.155,96.528,5.195,1791193755002.061,Normal,0.9545
vm2,147742,20261005-094315_clu_vm24_rate20_lat1node_r3,6866,perf_20261005-094315_clu_vm24_rate20_lat1node_r3,2,1700,1791193755045,0,1791193755050.33,61.751,4.689,1791193755116.958,Normal,0.9394
vm2,147742,20261005-094315_clu_vm24_rate20_lat1node_r3,6867,perf_20261005-094315_clu_vm24_rate20_lat1node_r3,2,1701,1791193755095,0,1791193755119.612,103.022,5.311,1791193755228.138,Normal,0.9562
vm2,147742,20261005-094315_clu_vm24_rate20_lat1node_r3,6873,perf_20261005-094315_clu_vm24_rate20_lat1node_r3,2,1702,1791193755396,0,1791193755401.785,104.4,6.064,1791193755512.443,Normal,0.9657
vm2,147742,20261005-094315_clu_vm24_rate20_lat1node_r3,6883,perf_20261005-094315_clu_vm24_rate20_lat1node_r3,2,1703,1791193755895,0,1791193755900.525,101.825,5.046,1791193756007.581,Normal,0.6613
vm2,147742,20261005-094315_clu_vm24_rate20_lat1node_r3,6884,perf_20261005-094315_clu_vm24_rate20_lat1node_r3,2,1704,1791193755945,0,1791193756010.413,65.079,5.244,1791193756080.91,Normal,0.9531
vm2,147742,20261005-094315_clu_vm24_rate20_lat1node_r3,6885,perf_20261005-094315_clu_vm24_rate20_lat1node_r3,2,1705,1791193755995,0,1791193756081.113,51.953,4.926,1791193756138.242,Normal,0.4778
vm2,147742,20261005-094315_clu_vm24_rate20_lat1node_r3,6886,perf_20261005-094315_clu_vm24_rate20_lat1node_r3,2,1706,1791193756045,0,1791193756140.786,62.076,5.24,1791193756208.275,Normal,0.9128
vm2,147742,20261005-094315_clu_vm24_rate20_lat1node_r3,6895,perf_20261005-094315_clu_vm24_rate20_lat1node_r3,2,1707,1791193756495,0,1791193756500.392,61.225,5.09,1791193756566.89,Normal,0.9572
vm2,147742,20261005-094315_clu_vm24_rate20_lat1node_r3,6896,perf_20261005-094315_clu_vm24_rate20_lat1node_r3,2,1708,1791193756546,0,1791193756569.348,57.52,5.839,1791193756632.879,Normal,0.9121
vm2,147742,20261005-094315_clu_vm24_rate20_lat1node_r3,6898,perf_20261005-094315_clu_vm24_rate20_lat1node_r3,2,1709,1791193756645,0,1791193756649.951,63.103,5.043,1791193756718.376,Normal,0.9739
vm2,147742,20261005-094315_clu_vm24_rate20_lat1node_r3,6901,perf_20261005-094315_clu_vm24_rate20_lat1node_r3,2,1710,1791193756795,0,1791193756800.185,84.228,5.063,1791193756889.662,Normal,0.9673
vm2,147742,20261005-094315_clu_vm24_rate20_lat1node_r3,6903,perf_20261005-094315_clu_vm24_rate20_lat1node_r3,2,1711,1791193756895,0,1791193756899.46,62.168,5.68,1791193756967.481,Normal,0.7835
vm2,147742,20261005-094315_clu_vm24_rate20_lat1node_r3,6904,perf_20261005-094315_clu_vm24_rate20_lat1node_r3,2,1712,1791193756945,0,1791193756969.7,65.751,6.045,1791193757041.67,Normal,0.9693
vm2,147742,20261005-094315_clu_vm24_rate20_lat1node_r3,6905,perf_20261005-094315_clu_vm24_rate20_lat1node_r3,2,1713,1791193756995,0,1791193757044.305,55.757,5.462,1791193757105.694,Normal,0.9546
vm2,147742,20261005-094315_clu_vm24_rate20_lat1node_r3,6906,perf_20261005-094315_clu_vm24_rate20_lat1node_r3,2,1714,1791193757045,0,1791193757107.968,54.245,5.694,1791193757168.097,Normal,0.8708
vm2,147742,20261005-094315_clu_vm24_rate20_lat1node_r3,6920,perf_20261005-094315_clu_vm24_rate20_lat1node_r3,2,1715,1791193757745,0,1791193757750.045,63.15,4.803,1791193757818.224,Normal,0.9434
vm2,147742,20261005-094315_clu_vm24_rate20_lat1node_r3,6924,perf_20261005-094315_clu_vm24_rate20_lat1node_r3,2,1716,1791193757945,0,1791193757950.567,64.224,5.252,1791193758020.218,Normal,0.9527
vm2,147742,20261005-094315_clu_vm24_rate20_lat1node_r3,6929,perf_20261005-094315_clu_vm24_rate20_lat1node_r3,2,1717,1791193758195,0,1791193758200.477,73.617,5.202,1791193758279.527,Normal,0.8243
vm2,147742,20261005-094315_clu_vm24_rate20_lat1node_r3,6934,perf_20261005-094315_clu_vm24_rate20_lat1node_r3,2,1718,1791193758445,0,1791193758451.406,67.23,5.53,1791193758524.368,Normal,0.9586
vm2,147742,20261005-094315_clu_vm24_rate20_lat1node_r3,6940,perf_20261005-094315_clu_vm24_rate20_lat1node_r3,2,1719,1791193758745,0,1791193758750.354,57.566,5.179,1791193758813.296,Normal,0.9519
vm2,147742,20261005-094315_clu_vm24_rate20_lat1node_r3,6944,perf_20261005-094315_clu_vm24_rate20_lat1node_r3,2,1720,1791193758945,0,1791193758950.699,75.535,5.278,1791193759031.695,Normal,0.853
vm2,147742,20261005-094315_clu_vm24_rate20_lat1node_r3,6947,perf_20261005-094315_clu_vm24_rate20_lat1node_r3,2,1721,1791193759095,0,1791193759100.255,76.304,5.585,1791193759182.327,Normal,0.9622
vm2,147742,20261005-094315_clu_vm24_rate20_lat1node_r3,6956,perf_20261005-094315_clu_vm24_rate20_lat1node_r3,2,1722,1791193759545,0,1791193759550.863,69.023,5.513,1791193759625.585,Normal,0.9496
vm2,147742,20261005-094315_clu_vm24_rate20_lat1node_r3,6959,perf_20261005-094315_clu_vm24_rate20_lat1node_r3,2,1723,1791193759695,0,1791193759700.817,230.011,4.961,1791193759935.977,Normal,0.9518
vm2,147742,20261005-094315_clu_vm24_rate20_lat1node_r3,6960,perf_20261005-094315_clu_vm24_rate20_lat1node_r3,2,1724,1791193759745,0,1791193759938.317,76.608,5.472,1791193760020.569,Normal,0.9137
vm2,147742,20261005-094315_clu_vm24_rate20_lat1node_r3,6965,perf_20261005-094315_clu_vm24_rate20_lat1node_r3,2,1725,1791193759995,0,1791193760022.987,69.913,4.947,1791193760098.019,Normal,0.9616
vm2,147742,20261005-094315_clu_vm24_rate20_lat1node_r3,6970,perf_20261005-094315_clu_vm24_rate20_lat1node_r3,2,1726,1791193760245,0,1791193760249.449,76.751,6.065,1791193760332.439,Normal,0.9388
vm2,147742,20261005-094315_clu_vm24_rate20_lat1node_r3,6971,perf_20261005-094315_clu_vm24_rate20_lat1node_r3,2,1727,1791193760295,0,1791193760335.162,235.525,4.477,1791193760575.331,Normal,0.9178
vm2,147742,20261005-094315_clu_vm24_rate20_lat1node_r3,6973,perf_20261005-094315_clu_vm24_rate20_lat1node_r3,2,1728,1791193760395,0,1791193760578.688,90.714,5.517,1791193760675.127,Normal,0.9592
vm2,147742,20261005-094315_clu_vm24_rate20_lat1node_r3,6974,perf_20261005-094315_clu_vm24_rate20_lat1node_r3,2,1729,1791193760445,0,1791193760675.427,261.248,5.659,1791193760942.529,Normal,0.9687
vm2,147742,20261005-094315_clu_vm24_rate20_lat1node_r3,6984,perf_20261005-094315_clu_vm24_rate20_lat1node_r3,2,1730,1791193760945,0,1791193760949.472,69.698,5.597,1791193761024.945,Normal,0.9653
vm2,147742,20261005-094315_clu_vm24_rate20_lat1node_r3,6985,perf_20261005-094315_clu_vm24_rate20_lat1node_r3,2,1731,1791193760995,0,1791193761027.695,117.041,6.701,1791193761151.629,Normal,0.976
vm2,147742,20261005-094315_clu_vm24_rate20_lat1node_r3,6988,perf_20261005-094315_clu_vm24_rate20_lat1node_r3,2,1732,1791193761145,0,1791193761154.392,75.347,5.122,1791193761235.063,Normal,0.8778
vm2,147742,20261005-094315_clu_vm24_rate20_lat1node_r3,6991,perf_20261005-094315_clu_vm24_rate20_lat1node_r3,2,1733,1791193761295,0,1791193761300.353,119.449,5.984,1791193761425.983,Normal,0.6353
vm2,147742,20261005-094315_clu_vm24_rate20_lat1node_r3,6993,perf_20261005-094315_clu_vm24_rate20_lat1node_r3,2,1734,1791193761395,0,1791193761429.011,50.88,5.366,1791193761485.44,Normal,0.9556
vm2,147742,20261005-094315_clu_vm24_rate20_lat1node_r3,6996,perf_20261005-094315_clu_vm24_rate20_lat1node_r3,2,1735,1791193761545,0,1791193761550.542,76.753,5.959,1791193761633.441,Normal,0.973
vm2,147742,20261005-094315_clu_vm24_rate20_lat1node_r3,7001,perf_20261005-094315_clu_vm24_rate20_lat1node_r3,2,1736,1791193761795,0,1791193761800.495,77.452,5.34,1791193761883.479,Normal,0.9305
vm2,147742,20261005-094315_clu_vm24_rate20_lat1node_r3,7004,perf_20261005-094315_clu_vm24_rate20_lat1node_r3,2,1737,1791193761945,0,1791193761950.937,79.683,6.316,1791193762037.114,Normal,0.9521
vm2,147742,20261005-094315_clu_vm24_rate20_lat1node_r3,7005,perf_20261005-094315_clu_vm24_rate20_lat1node_r3,2,1738,1791193761995,0,1791193762039.797,61.507,6.04,1791193762107.541,Normal,0.9441
vm2,147742,20261005-094315_clu_vm24_rate20_lat1node_r3,7009,perf_20261005-094315_clu_vm24_rate20_lat1node_r3,2,1739,1791193762195,0,1791193762200.615,179.677,5.104,1791193762385.592,Normal,0.9793
vm2,147742,20261005-094315_clu_vm24_rate20_lat1node_r3,7010,perf_20261005-094315_clu_vm24_rate20_lat1node_r3,2,1740,1791193762245,0,1791193762388.364,67.111,5.509,1791193762461.158,Normal,0.9332
vm2,147742,20261005-094315_clu_vm24_rate20_lat1node_r3,7012,perf_20261005-094315_clu_vm24_rate20_lat1node_r3,2,1741,1791193762345,0,1791193762461.391,62.78,4.94,1791193762529.282,Normal,0.9517
vm2,147742,20261005-094315_clu_vm24_rate20_lat1node_r3,7014,perf_20261005-094315_clu_vm24_rate20_lat1node_r3,2,1742,1791193762445,0,1791193762531.801,61.285,4.589,1791193762597.928,Normal,0.9617
vm2,147742,20261005-094315_clu_vm24_rate20_lat1node_r3,7016,perf_20261005-094315_clu_vm24_rate20_lat1node_r3,2,1743,1791193762545,0,1791193762600.398,58.062,5.927,1791193762664.604,Normal,0.9339
vm2,147742,20261005-094315_clu_vm24_rate20_lat1node_r3,7032,perf_20261005-094315_clu_vm24_rate20_lat1node_r3,2,1744,1791193763345,0,1791193763351.045,93.536,5.703,1791193763450.491,Normal,0.9031
vm2,147742,20261005-094315_clu_vm24_rate20_lat1node_r3,7035,perf_20261005-094315_clu_vm24_rate20_lat1node_r3,2,1745,1791193763495,0,1791193763500.833,66.626,5.019,1791193763572.663,Normal,0.9475
vm2,147742,20261005-094315_clu_vm24_rate20_lat1node_r3,7038,perf_20261005-094315_clu_vm24_rate20_lat1node_r3,2,1746,1791193763645,0,1791193763650.799,57.255,4.547,1791193763712.781,Normal,0.9608
vm2,147742,20261005-094315_clu_vm24_rate20_lat1node_r3,7045,perf_20261005-094315_clu_vm24_rate20_lat1node_r3,2,1747,1791193763995,0,1791193764002.145,86.81,4.738,1791193764093.894,Normal,0.8683
vm2,147742,20261005-094315_clu_vm24_rate20_lat1node_r3,7047,perf_20261005-094315_clu_vm24_rate20_lat1node_r3,2,1748,1791193764095,0,1791193764098.966,58.379,5.311,1791193764162.837,Normal,0.9369
vm2,147742,20261005-094315_clu_vm24_rate20_lat1node_r3,7049,perf_20261005-094315_clu_vm24_rate20_lat1node_r3,2,1749,1791193764196,0,1791193764202.546,71.327,5.056,1791193764279.11,Normal,0.9784
vm2,147742,20261005-094315_clu_vm24_rate20_lat1node_r3,7050,perf_20261005-094315_clu_vm24_rate20_lat1node_r3,2,1750,1791193764245,0,1791193764281.596,50.652,6.404,1791193764338.822,Normal,0.9283
vm2,147742,20261005-094315_clu_vm24_rate20_lat1node_r3,7055,perf_20261005-094315_clu_vm24_rate20_lat1node_r3,2,1751,1791193764495,0,1791193764500.469,52.727,5.102,1791193764558.568,Normal,0.9491
vm2,147742,20261005-094315_clu_vm24_rate20_lat1node_r3,7056,perf_20261005-094315_clu_vm24_rate20_lat1node_r3,2,1752,1791193764545,0,1791193764560.793,65.758,5.399,1791193764632.126,HATE,0.5177
vm2,147742,20261005-094315_clu_vm24_rate20_lat1node_r3,7064,perf_20261005-094315_clu_vm24_rate20_lat1node_r3,2,1753,1791193764945,0,1791193764951.021,90.821,4.679,1791193765046.703,Normal,0.9303
vm2,147742,20261005-094315_clu_vm24_rate20_lat1node_r3,7065,perf_20261005-094315_clu_vm24_rate20_lat1node_r3,2,1754,1791193764995,0,1791193765049.155,67.656,4.61,1791193765121.598,Normal,0.9139
vm2,147742,20261005-094315_clu_vm24_rate20_lat1node_r3,7066,perf_20261005-094315_clu_vm24_rate20_lat1node_r3,2,1755,1791193765045,0,1791193765123.834,81.224,4.993,1791193765210.269,Normal,0.9731
vm2,147742,20261005-094315_clu_vm24_rate20_lat1node_r3,7073,perf_20261005-094315_clu_vm24_rate20_lat1node_r3,2,1756,1791193765396,0,1791193765400.334,62.684,5.218,1791193765468.415,Normal,0.9417
vm2,147742,20261005-094315_clu_vm24_rate20_lat1node_r3,7075,perf_20261005-094315_clu_vm24_rate20_lat1node_r3,2,1757,1791193765495,0,1791193765500.803,73.236,5.369,1791193765579.609,OFFENSIVE,0.389
vm2,147742,20261005-094315_clu_vm24_rate20_lat1node_r3,7078,perf_20261005-094315_clu_vm24_rate20_lat1node_r3,2,1758,1791193765646,0,1791193765650.219,56.708,5.365,1791193765712.47,Normal,0.9583
vm2,147742,20261005-094315_clu_vm24_rate20_lat1node_r3,7079,perf_20261005-094315_clu_vm24_rate20_lat1node_r3,2,1759,1791193765695,0,1791193765714.818,62.504,6.254,1791193765783.749,Normal,0.913
vm2,147742,20261005-094315_clu_vm24_rate20_lat1node_r3,7080,perf_20261005-094315_clu_vm24_rate20_lat1node_r3,2,1760,1791193765745,0,1791193765786.626,63.264,5.664,1791193765855.733,Normal,0.9491
vm2,147742,20261005-094315_clu_vm24_rate20_lat1node_r3,7083,perf_20261005-094315_clu_vm24_rate20_lat1node_r3,2,1761,1791193765895,0,1791193765901.168,58.581,5.017,1791193765964.948,Normal,0.8944
vm2,147742,20261005-094315_clu_vm24_rate20_lat1node_r3,7088,perf_20261005-094315_clu_vm24_rate20_lat1node_r3,2,1762,1791193766145,0,1791193766150.639,56.366,4.4,1791193766211.589,Normal,0.9574
vm2,147742,20261005-094315_clu_vm24_rate20_lat1node_r3,7090,perf_20261005-094315_clu_vm24_rate20_lat1node_r3,2,1763,1791193766245,0,1791193766250.172,62.906,4.955,1791193766318.294,Normal,0.8511
vm2,147742,20261005-094315_clu_vm24_rate20_lat1node_r3,7091,perf_20261005-094315_clu_vm24_rate20_lat1node_r3,2,1764,1791193766295,0,1791193766321.061,72.256,5.384,1791193766398.879,Normal,0.9619
vm2,147742,20261005-094315_clu_vm24_rate20_lat1node_r3,7093,perf_20261005-094315_clu_vm24_rate20_lat1node_r3,2,1765,1791193766396,0,1791193766401.278,60.638,5.733,1791193766467.832,Normal,0.7727
vm2,147742,20261005-094315_clu_vm24_rate20_lat1node_r3,7094,perf_20261005-094315_clu_vm24_rate20_lat1node_r3,2,1766,1791193766445,0,1791193766470.586,115.437,5.816,1791193766592.022,Normal,0.9783
vm2,147742,20261005-094315_clu_vm24_rate20_lat1node_r3,7096,perf_20261005-094315_clu_vm24_rate20_lat1node_r3,2,1767,1791193766545,0,1791193766595.18,64.093,5.244,1791193766664.698,Normal,0.9481
vm2,147742,20261005-094315_clu_vm24_rate20_lat1node_r3,7097,perf_20261005-094315_clu_vm24_rate20_lat1node_r3,2,1768,1791193766595,0,1791193766667.282,91.104,5.279,1791193766763.847,Normal,0.9588
vm2,147742,20261005-094315_clu_vm24_rate20_lat1node_r3,7102,perf_20261005-094315_clu_vm24_rate20_lat1node_r3,2,1769,1791193766845,0,1791193766851.3,122.158,5.021,1791193766978.67,Normal,0.963
vm2,147742,20261005-094315_clu_vm24_rate20_lat1node_r3,7109,perf_20261005-094315_clu_vm24_rate20_lat1node_r3,2,1770,1791193767195,0,1791193767200.666,102.676,6.018,1791193767309.552,Normal,0.8505
vm2,147742,20261005-094315_clu_vm24_rate20_lat1node_r3,7111,perf_20261005-094315_clu_vm24_rate20_lat1node_r3,2,1771,1791193767295,0,1791193767312.043,141.396,5.679,1791193767459.334,Normal,0.9748
vm2,147742,20261005-094315_clu_vm24_rate20_lat1node_r3,7115,perf_20261005-094315_clu_vm24_rate20_lat1node_r3,2,1772,1791193767495,0,1791193767499.81,55.616,6.837,1791193767562.448,Normal,0.9309
vm2,147742,20261005-094315_clu_vm24_rate20_lat1node_r3,7119,perf_20261005-094315_clu_vm24_rate20_lat1node_r3,2,1773,1791193767695,0,1791193767700.18,60.114,5.733,1791193767766.22,Normal,0.9475
vm2,147742,20261005-094315_clu_vm24_rate20_lat1node_r3,7122,perf_20261005-094315_clu_vm24_rate20_lat1node_r3,2,1774,1791193767845,0,1791193767850.518,77.044,4.979,1791193767932.727,Normal,0.6094
vm2,147742,20261005-094315_clu_vm24_rate20_lat1node_r3,7128,perf_20261005-094315_clu_vm24_rate20_lat1node_r3,2,1775,1791193768145,0,1791193768150.641,68.314,5.57,1791193768224.724,Normal,0.9475
vm2,147742,20261005-094315_clu_vm24_rate20_lat1node_r3,7132,perf_20261005-094315_clu_vm24_rate20_lat1node_r3,2,1776,1791193768346,0,1791193768351.156,77.38,5.718,1791193768434.435,Normal,0.9387
vm2,147742,20261005-094315_clu_vm24_rate20_lat1node_r3,7137,perf_20261005-094315_clu_vm24_rate20_lat1node_r3,2,1777,1791193768595,0,1791193768600.296,155.697,5.911,1791193768762.101,Normal,0.9671
vm2,147742,20261005-094315_clu_vm24_rate20_lat1node_r3,7140,perf_20261005-094315_clu_vm24_rate20_lat1node_r3,2,1778,1791193768745,0,1791193768764.941,101.881,8.205,1791193768875.21,Normal,0.9775
vm2,147742,20261005-094315_clu_vm24_rate20_lat1node_r3,7141,perf_20261005-094315_clu_vm24_rate20_lat1node_r3,2,1779,1791193768795,0,1791193768878.162,61.049,4.434,1791193768943.823,Normal,0.9491
vm2,147742,20261005-094315_clu_vm24_rate20_lat1node_r3,7144,perf_20261005-094315_clu_vm24_rate20_lat1node_r3,2,1780,1791193768945,0,1791193768949.201,282.554,4.967,1791193769236.92,Normal,0.9743
vm2,147742,20261005-094315_clu_vm24_rate20_lat1node_r3,7148,perf_20261005-094315_clu_vm24_rate20_lat1node_r3,2,1781,1791193769145,0,1791193769239.521,57.364,4.808,1791193769301.865,Normal,0.9166
vm2,147742,20261005-094315_clu_vm24_rate20_lat1node_r3,7150,perf_20261005-094315_clu_vm24_rate20_lat1node_r3,2,1782,1791193769245,0,1791193769304.686,60.626,5.613,1791193769371.12,Normal,0.8661
vm2,147742,20261005-094315_clu_vm24_rate20_lat1node_r3,7153,perf_20261005-094315_clu_vm24_rate20_lat1node_r3,2,1783,1791193769395,0,1791193769400.136,71.794,5.211,1791193769477.319,Normal,0.9689
vm2,147742,20261005-094315_clu_vm24_rate20_lat1node_r3,7156,perf_20261005-094315_clu_vm24_rate20_lat1node_r3,2,1784,1791193769545,0,1791193769550.471,62.021,4.731,1791193769617.404,Normal,0.9473
vm2,147742,20261005-094315_clu_vm24_rate20_lat1node_r3,7161,perf_20261005-094315_clu_vm24_rate20_lat1node_r3,2,1785,1791193769795,0,1791193769801.812,74.323,5.381,1791193769881.711,Normal,0.913
vm2,147742,20261005-094315_clu_vm24_rate20_lat1node_r3,7163,perf_20261005-094315_clu_vm24_rate20_lat1node_r3,2,1786,1791193769895,0,1791193769900.051,79.677,5.555,1791193769985.468,Normal,0.9694
vm2,147742,20261005-094315_clu_vm24_rate20_lat1node_r3,7165,perf_20261005-094315_clu_vm24_rate20_lat1node_r3,2,1787,1791193769995,0,1791193769999.665,68.295,5.327,1791193770073.46,Normal,0.913
vm2,147742,20261005-094315_clu_vm24_rate20_lat1node_r3,7169,perf_20261005-094315_clu_vm24_rate20_lat1node_r3,2,1788,1791193770195,0,1791193770200.249,67.587,5.141,1791193770273.16,Normal,0.9475
vm2,147742,20261005-094315_clu_vm24_rate20_lat1node_r3,7174,perf_20261005-094315_clu_vm24_rate20_lat1node_r3,2,1789,1791193770445,0,1791193770451.943,74.899,6.423,1791193770533.455,Normal,0.9686
vm2,147742,20261005-094315_clu_vm24_rate20_lat1node_r3,7176,perf_20261005-094315_clu_vm24_rate20_lat1node_r3,2,1790,1791193770545,0,1791193770550.705,65.444,5.56,1791193770621.887,Normal,0.9384
vm2,147742,20261005-094315_clu_vm24_rate20_lat1node_r3,7184,perf_20261005-094315_clu_vm24_rate20_lat1node_r3,2,1791,1791193770945,0,1791193770950.302,55.366,5.259,1791193771011.116,Normal,0.9375
vm2,147742,20261005-094315_clu_vm24_rate20_lat1node_r3,7186,perf_20261005-094315_clu_vm24_rate20_lat1node_r3,2,1792,1791193771045,0,1791193771050.08,78.895,5.345,1791193771134.522,Normal,0.9752
vm2,147742,20261005-094315_clu_vm24_rate20_lat1node_r3,7189,perf_20261005-094315_clu_vm24_rate20_lat1node_r3,2,1793,1791193771195,0,1791193771200.5,93.035,5.179,1791193771298.892,Normal,0.9738
vm2,147742,20261005-094315_clu_vm24_rate20_lat1node_r3,7191,perf_20261005-094315_clu_vm24_rate20_lat1node_r3,2,1794,1791193771295,0,1791193771301.182,64.583,5.612,1791193771371.552,Normal,0.9637
vm2,147742,20261005-094315_clu_vm24_rate20_lat1node_r3,7194,perf_20261005-094315_clu_vm24_rate20_lat1node_r3,2,1795,1791193771446,0,1791193771450.698,72.983,5.207,1791193771529.076,Normal,0.9545
vm2,147742,20261005-094315_clu_vm24_rate20_lat1node_r3,7208,perf_20261005-094315_clu_vm24_rate20_lat1node_r3,2,1796,1791193772145,0,1791193772150.929,73.041,5.76,1791193772229.936,Normal,0.9718
vm2,147742,20261005-094315_clu_vm24_rate20_lat1node_r3,7211,perf_20261005-094315_clu_vm24_rate20_lat1node_r3,2,1797,1791193772295,0,1791193772300.115,77.574,6.08,1791193772383.944,Normal,0.8386
vm2,147742,20261005-094315_clu_vm24_rate20_lat1node_r3,7212,perf_20261005-094315_clu_vm24_rate20_lat1node_r3,2,1798,1791193772345,0,1791193772386.717,368.553,5.05,1791193772760.545,OFFENSIVE,0.9248
vm2,147742,20261005-094315_clu_vm24_rate20_lat1node_r3,7216,perf_20261005-094315_clu_vm24_rate20_lat1node_r3,2,1799,1791193772545,0,1791193772763.739,58.915,5.412,1791193772828.247,Normal,0.9473
vm2,147742,20261005-094315_clu_vm24_rate20_lat1node_r3,7217,perf_20261005-094315_clu_vm24_rate20_lat1node_r3,2,1800,1791193772595,0,1791193772828.542,86.515,4.859,1791193772920.109,Normal,0.971
vm2,147742,20261005-094315_clu_vm24_rate20_lat1node_r3,7219,perf_20261005-094315_clu_vm24_rate20_lat1node_r3,2,1801,1791193772695,0,1791193772920.418,75.01,7.096,1791193773002.701,Normal,0.9473
vm2,147742,20261005-094315_clu_vm24_rate20_lat1node_r3,7226,perf_20261005-094315_clu_vm24_rate20_lat1node_r3,2,1802,1791193773045,0,1791193773050.324,62.548,4.04,1791193773117.092,OFFENSIVE,0.5369
vm2,147742,20261005-094315_clu_vm24_rate20_lat1node_r3,7229,perf_20261005-094315_clu_vm24_rate20_lat1node_r3,2,1803,1791193773195,0,1791193773200.949,344.348,5.787,1791193773551.275,Normal,0.9503
vm2,147742,20261005-094315_clu_vm24_rate20_lat1node_r3,7233,perf_20261005-094315_clu_vm24_rate20_lat1node_r3,2,1804,1791193773395,0,1791193773554.172,71.651,4.89,1791193773630.876,Normal,0.9259
vm2,147742,20261005-094315_clu_vm24_rate20_lat1node_r3,7235,perf_20261005-094315_clu_vm24_rate20_lat1node_r3,2,1805,1791193773496,0,1791193773631.039,50.398,4.691,1791193773686.302,Normal,0.9375
vm2,147742,20261005-094315_clu_vm24_rate20_lat1node_r3,7237,perf_20261005-094315_clu_vm24_rate20_lat1node_r3,2,1806,1791193773595,0,1791193773689.005,56.847,5.64,1791193773751.686,Normal,0.9375
vm2,147742,20261005-094315_clu_vm24_rate20_lat1node_r3,7238,perf_20261005-094315_clu_vm24_rate20_lat1node_r3,2,1807,1791193773645,0,1791193773751.998,115.284,4.832,1791193773872.307,Normal,0.9741
vm2,147742,20261005-094315_clu_vm24_rate20_lat1node_r3,7244,perf_20261005-094315_clu_vm24_rate20_lat1node_r3,2,1808,1791193773945,0,1791193773951.012,71.291,4.554,1791193774027.037,Normal,0.9717
vm2,147742,20261005-094315_clu_vm24_rate20_lat1node_r3,7249,perf_20261005-094315_clu_vm24_rate20_lat1node_r3,2,1809,1791193774195,0,1791193774200.787,74.262,5.161,1791193774280.391,Normal,0.9721
vm2,147742,20261005-094315_clu_vm24_rate20_lat1node_r3,7264,perf_20261005-094315_clu_vm24_rate20_lat1node_r3,2,1810,1791193774945,0,1791193774950.675,68.256,4.875,1791193775023.998,Normal,0.9356
vm2,147742,20261005-094315_clu_vm24_rate20_lat1node_r3,7266,perf_20261005-094315_clu_vm24_rate20_lat1node_r3,2,1811,1791193775045,0,1791193775049.366,75.266,5.609,1791193775130.426,Normal,0.941
vm2,147742,20261005-094315_clu_vm24_rate20_lat1node_r3,7272,perf_20261005-094315_clu_vm24_rate20_lat1node_r3,2,1812,1791193775345,0,1791193775350.085,113.045,5.851,1791193775469.172,Normal,0.971
vm2,147742,20261005-094315_clu_vm24_rate20_lat1node_r3,7274,perf_20261005-094315_clu_vm24_rate20_lat1node_r3,2,1813,1791193775445,0,1791193775471.875,59.468,5.285,1791193775536.813,Normal,0.9688
vm2,147742,20261005-094315_clu_vm24_rate20_lat1node_r3,7276,perf_20261005-094315_clu_vm24_rate20_lat1node_r3,2,1814,1791193775545,0,1791193775549.372,54.075,4.58,1791193775608.205,Normal,0.7394
vm2,147742,20261005-094315_clu_vm24_rate20_lat1node_r3,7282,perf_20261005-094315_clu_vm24_rate20_lat1node_r3,2,1815,1791193775845,0,1791193775850.343,78.025,5.332,1791193775933.89,Normal,0.9357
vm2,147742,20261005-094315_clu_vm24_rate20_lat1node_r3,7285,perf_20261005-094315_clu_vm24_rate20_lat1node_r3,2,1816,1791193775995,0,1791193776001.344,85.517,5.545,1791193776092.596,Normal,0.9338
vm2,147742,20261005-094315_clu_vm24_rate20_lat1node_r3,7288,perf_20261005-094315_clu_vm24_rate20_lat1node_r3,2,1817,1791193776145,0,1791193776149.853,73.387,5.373,1791193776228.8,Normal,0.8926
vm2,147742,20261005-094315_clu_vm24_rate20_lat1node_r3,7290,perf_20261005-094315_clu_vm24_rate20_lat1node_r3,2,1818,1791193776246,0,1791193776250.368,74.03,4.99,1791193776329.577,Normal,0.9524
vm2,147742,20261005-094315_clu_vm24_rate20_lat1node_r3,7294,perf_20261005-094315_clu_vm24_rate20_lat1node_r3,2,1819,1791193776445,0,1791193776449.52,64.261,5.012,1791193776518.983,Normal,0.9425
vm2,147742,20261005-094315_clu_vm24_rate20_lat1node_r3,7295,perf_20261005-094315_clu_vm24_rate20_lat1node_r3,2,1820,1791193776495,0,1791193776521.34,57.868,4.844,1791193776584.241,Normal,0.9661
vm2,147742,20261005-094315_clu_vm24_rate20_lat1node_r3,7299,perf_20261005-094315_clu_vm24_rate20_lat1node_r3,2,1821,1791193776695,0,1791193776700.278,77.049,4.949,1791193776782.47,Normal,0.967
vm2,147742,20261005-094315_clu_vm24_rate20_lat1node_r3,7300,perf_20261005-094315_clu_vm24_rate20_lat1node_r3,2,1822,1791193776746,0,1791193776785.09,71.809,5.742,1791193776862.819,Normal,0.956
vm2,147742,20261005-094315_clu_vm24_rate20_lat1node_r3,7306,perf_20261005-094315_clu_vm24_rate20_lat1node_r3,2,1823,1791193777045,0,1791193777050.975,110.886,5.209,1791193777167.275,HATE,0.6851
vm2,147742,20261005-094315_clu_vm24_rate20_lat1node_r3,7307,perf_20261005-094315_clu_vm24_rate20_lat1node_r3,2,1824,1791193777095,0,1791193777171.11,82.517,4.744,1791193777258.555,Normal,0.8977
vm2,147742,20261005-094315_clu_vm24_rate20_lat1node_r3,7309,perf_20261005-094315_clu_vm24_rate20_lat1node_r3,2,1825,1791193777195,0,1791193777261.31,65.158,5.102,1791193777331.751,Normal,0.9424
vm2,147742,20261005-094315_clu_vm24_rate20_lat1node_r3,7310,perf_20261005-094315_clu_vm24_rate20_lat1node_r3,2,1826,1791193777245,0,1791193777331.983,89.509,5.461,1791193777427.137,Normal,0.9519
vm2,147742,20261005-094315_clu_vm24_rate20_lat1node_r3,7318,perf_20261005-094315_clu_vm24_rate20_lat1node_r3,2,1827,1791193777645,0,1791193777650.559,94.983,6.251,1791193777752.024,Normal,0.9177
vm2,147742,20261005-094315_clu_vm24_rate20_lat1node_r3,7323,perf_20261005-094315_clu_vm24_rate20_lat1node_r3,2,1828,1791193777895,0,1791193777900.104,83.303,5.095,1791193777988.702,Normal,0.9507
vm2,147742,20261005-094315_clu_vm24_rate20_lat1node_r3,7326,perf_20261005-094315_clu_vm24_rate20_lat1node_r3,2,1829,1791193778045,0,1791193778050.563,78.153,5.222,1791193778134.134,Normal,0.9073
vm2,147742,20261005-094315_clu_vm24_rate20_lat1node_r3,7328,perf_20261005-094315_clu_vm24_rate20_lat1node_r3,2,1830,1791193778145,0,1791193778149.449,80.209,5.023,1791193778234.861,Normal,0.9695
vm2,147742,20261005-094315_clu_vm24_rate20_lat1node_r3,7336,perf_20261005-094315_clu_vm24_rate20_lat1node_r3,2,1831,1791193778545,0,1791193778550.083,90.176,4.966,1791193778645.427,Normal,0.9644
vm2,147742,20261005-094315_clu_vm24_rate20_lat1node_r3,7340,perf_20261005-094315_clu_vm24_rate20_lat1node_r3,2,1832,1791193778745,0,1791193778750.454,110.623,5.093,1791193778866.455,Normal,0.9757
vm2,147742,20261005-094315_clu_vm24_rate20_lat1node_r3,7348,perf_20261005-094315_clu_vm24_rate20_lat1node_r3,2,1833,1791193779145,0,1791193779150.367,95.061,5.458,1791193779251.079,Normal,0.9371
vm2,147742,20261005-094315_clu_vm24_rate20_lat1node_r3,7352,perf_20261005-094315_clu_vm24_rate20_lat1node_r3,2,1834,1791193779345,0,1791193779350.971,77.587,5.75,1791193779434.503,Normal,0.9471
vm2,147742,20261005-094315_clu_vm24_rate20_lat1node_r3,7354,perf_20261005-094315_clu_vm24_rate20_lat1node_r3,2,1835,1791193779445,0,1791193779449.582,180.533,4.791,1791193779635.102,Normal,0.9629
vm2,147742,20261005-094315_clu_vm24_rate20_lat1node_r3,7355,perf_20261005-094315_clu_vm24_rate20_lat1node_r3,2,1836,1791193779495,0,1791193779638.35,104.819,4.671,1791193779748.03,Normal,0.9221
vm2,147742,20261005-094315_clu_vm24_rate20_lat1node_r3,7356,perf_20261005-094315_clu_vm24_rate20_lat1node_r3,2,1837,1791193779546,0,1791193779748.266,80.627,5.012,1791193779834.286,Normal,0.9673
vm2,147742,20261005-094315_clu_vm24_rate20_lat1node_r3,7357,perf_20261005-094315_clu_vm24_rate20_lat1node_r3,2,1838,1791193779595,0,1791193779834.519,83.417,4.777,1791193779922.894,Normal,0.859
vm2,147742,20261005-094315_clu_vm24_rate20_lat1node_r3,7363,perf_20261005-094315_clu_vm24_rate20_lat1node_r3,2,1839,1791193779895,0,1791193779925.514,99.148,4.59,1791193780029.485,Normal,0.9696
vm2,147742,20261005-094315_clu_vm24_rate20_lat1node_r3,7371,perf_20261005-094315_clu_vm24_rate20_lat1node_r3,2,1840,1791193780295,0,1791193780300.188,87.347,5.047,1791193780392.776,Normal,0.9349
vm2,147742,20261005-094315_clu_vm24_rate20_lat1node_r3,7373,perf_20261005-094315_clu_vm24_rate20_lat1node_r3,2,1841,1791193780395,0,1791193780399.098,68.11,5.41,1791193780472.802,Normal,0.9422
vm2,147742,20261005-094315_clu_vm24_rate20_lat1node_r3,7374,perf_20261005-094315_clu_vm24_rate20_lat1node_r3,2,1842,1791193780445,0,1791193780475.668,80.981,4.978,1791193780561.817,Normal,0.6048
vm2,147742,20261005-094315_clu_vm24_rate20_lat1node_r3,7382,perf_20261005-094315_clu_vm24_rate20_lat1node_r3,2,1843,1791193780845,0,1791193780850.419,86.753,4.946,1791193780942.403,Normal,0.9514
vm2,147742,20261005-094315_clu_vm24_rate20_lat1node_r3,7390,perf_20261005-094315_clu_vm24_rate20_lat1node_r3,2,1844,1791193781245,0,1791193781250.059,76.442,5.148,1791193781331.847,Normal,0.8787
vm2,147742,20261005-094315_clu_vm24_rate20_lat1node_r3,7392,perf_20261005-094315_clu_vm24_rate20_lat1node_r3,2,1845,1791193781346,0,1791193781351.593,87.167,5.193,1791193781444.146,Normal,0.9529
vm2,147742,20261005-094315_clu_vm24_rate20_lat1node_r3,7395,perf_20261005-094315_clu_vm24_rate20_lat1node_r3,2,1846,1791193781495,0,1791193781500.219,95.637,5.338,1791193781601.397,Normal,0.9275
vm2,147742,20261005-094315_clu_vm24_rate20_lat1node_r3,7401,perf_20261005-094315_clu_vm24_rate20_lat1node_r3,2,1847,1791193781795,0,1791193781800.109,76.183,4.903,1791193781881.397,Normal,0.9375
vm2,147742,20261005-094315_clu_vm24_rate20_lat1node_r3,7404,perf_20261005-094315_clu_vm24_rate20_lat1node_r3,2,1848,1791193781945,0,1791193781950.022,98.806,5.02,1791193782054.042,Normal,0.9469
vm2,147742,20261005-094315_clu_vm24_rate20_lat1node_r3,7406,perf_20261005-094315_clu_vm24_rate20_lat1node_r3,2,1849,1791193782045,0,1791193782056.68,82.416,5.001,1791193782144.282,HATE,0.4362
vm2,147742,20261005-094315_clu_vm24_rate20_lat1node_r3,7411,perf_20261005-094315_clu_vm24_rate20_lat1node_r3,2,1850,1791193782295,0,1791193782300.83,85.284,5.064,1791193782391.372,Normal,0.9629
vm2,147742,20261005-094315_clu_vm24_rate20_lat1node_r3,7420,perf_20261005-094315_clu_vm24_rate20_lat1node_r3,2,1851,1791193782745,0,1791193782750.462,118.5,5.014,1791193782874.177,Normal,0.7693
vm2,147742,20261005-094315_clu_vm24_rate20_lat1node_r3,7423,perf_20261005-094315_clu_vm24_rate20_lat1node_r3,2,1852,1791193782895,0,1791193782899.826,66.66,5.506,1791193782972.223,Normal,0.8615
vm2,147742,20261005-094315_clu_vm24_rate20_lat1node_r3,7425,perf_20261005-094315_clu_vm24_rate20_lat1node_r3,2,1853,1791193782995,0,1791193783000.45,89.473,4.806,1791193783094.923,Normal,0.8459
vm2,147742,20261005-094315_clu_vm24_rate20_lat1node_r3,7426,perf_20261005-094315_clu_vm24_rate20_lat1node_r3,2,1854,1791193783045,0,1791193783097.561,50.75,5.349,1791193783153.845,Normal,0.8751
vm2,147742,20261005-094315_clu_vm24_rate20_lat1node_r3,7427,perf_20261005-094315_clu_vm24_rate20_lat1node_r3,2,1855,1791193783095,0,1791193783156.226,53.606,5.856,1791193783215.876,Normal,0.7856
vm2,147742,20261005-094315_clu_vm24_rate20_lat1node_r3,7432,perf_20261005-094315_clu_vm24_rate20_lat1node_r3,2,1856,1791193783345,0,1791193783350.908,73.692,6.28,1791193783431.066,Normal,0.9665
vm2,147742,20261005-094315_clu_vm24_rate20_lat1node_r3,7434,perf_20261005-094315_clu_vm24_rate20_lat1node_r3,2,1857,1791193783445,0,1791193783450.52,74.985,5.579,1791193783531.262,Normal,0.9505
vm2,147742,20261005-094315_clu_vm24_rate20_lat1node_r3,7440,perf_20261005-094315_clu_vm24_rate20_lat1node_r3,2,1858,1791193783745,0,1791193783750.788,133.744,5.629,1791193783890.364,Normal,0.9474
vm2,147742,20261005-094315_clu_vm24_rate20_lat1node_r3,7441,perf_20261005-094315_clu_vm24_rate20_lat1node_r3,2,1859,1791193783795,0,1791193783893.421,60.668,5.091,1791193783959.37,Normal,0.9444
vm2,147742,20261005-094315_clu_vm24_rate20_lat1node_r3,7448,perf_20261005-094315_clu_vm24_rate20_lat1node_r3,2,1860,1791193784145,0,1791193784150.47,64.489,5.596,1791193784220.741,Normal,0.944
vm2,147742,20261005-094315_clu_vm24_rate20_lat1node_r3,7455,perf_20261005-094315_clu_vm24_rate20_lat1node_r3,2,1861,1791193784495,0,1791193784499.642,74.89,5.463,1791193784580.185,Normal,0.9599
vm2,147742,20261005-094315_clu_vm24_rate20_lat1node_r3,7459,perf_20261005-094315_clu_vm24_rate20_lat1node_r3,2,1862,1791193784695,0,1791193784700.529,111.679,5.286,1791193784817.693,Normal,0.9568
vm2,147742,20261005-094315_clu_vm24_rate20_lat1node_r3,7461,perf_20261005-094315_clu_vm24_rate20_lat1node_r3,2,1863,1791193784795,0,1791193784820.625,95.31,5.598,1791193784921.719,Normal,0.9268
vm2,147742,20261005-094315_clu_vm24_rate20_lat1node_r3,7462,perf_20261005-094315_clu_vm24_rate20_lat1node_r3,2,1864,1791193784845,0,1791193784924.211,58.836,5.072,1791193784988.296,Normal,0.9075
vm2,147742,20261005-094315_clu_vm24_rate20_lat1node_r3,7464,perf_20261005-094315_clu_vm24_rate20_lat1node_r3,2,1865,1791193784945,0,1791193784990.645,54.205,5.262,1791193785050.294,Normal,0.9475
vm2,147742,20261005-094315_clu_vm24_rate20_lat1node_r3,7467,perf_20261005-094315_clu_vm24_rate20_lat1node_r3,2,1866,1791193785095,0,1791193785100.421,71.421,4.782,1791193785176.811,Normal,0.9702
vm2,147742,20261005-094315_clu_vm24_rate20_lat1node_r3,7475,perf_20261005-094315_clu_vm24_rate20_lat1node_r3,2,1867,1791193785495,0,1791193785500.123,60.879,5.053,1791193785566.237,Normal,0.959
vm2,147742,20261005-094315_clu_vm24_rate20_lat1node_r3,7477,perf_20261005-094315_clu_vm24_rate20_lat1node_r3,2,1868,1791193785596,0,1791193785601.866,78.281,5.406,1791193785685.732,HATE,0.7838
vm2,147742,20261005-094315_clu_vm24_rate20_lat1node_r3,7479,perf_20261005-094315_clu_vm24_rate20_lat1node_r3,2,1869,1791193785695,0,1791193785699.366,65.75,4.634,1791193785769.991,Normal,0.958
vm2,147742,20261005-094315_clu_vm24_rate20_lat1node_r3,7480,perf_20261005-094315_clu_vm24_rate20_lat1node_r3,2,1870,1791193785745,0,1791193785772.313,95.736,5.137,1791193785873.365,Normal,0.7301
vm2,147742,20261005-094315_clu_vm24_rate20_lat1node_r3,7485,perf_20261005-094315_clu_vm24_rate20_lat1node_r3,2,1871,1791193785995,0,1791193786000.339,86.388,5.019,1791193786091.93,Normal,0.9668
vm2,147742,20261005-094315_clu_vm24_rate20_lat1node_r3,7486,perf_20261005-094315_clu_vm24_rate20_lat1node_r3,2,1872,1791193786045,0,1791193786094.385,71.145,6.052,1791193786171.782,Normal,0.4851
vm2,147742,20261005-094315_clu_vm24_rate20_lat1node_r3,7492,perf_20261005-094315_clu_vm24_rate20_lat1node_r3,2,1873,1791193786345,0,1791193786350.542,65.159,5.454,1791193786421.348,Normal,0.9519
vm2,147742,20261005-094315_clu_vm24_rate20_lat1node_r3,7496,perf_20261005-094315_clu_vm24_rate20_lat1node_r3,2,1874,1791193786545,0,1791193786550.892,61.94,7.328,1791193786620.354,Normal,0.939
vm2,147742,20261005-094315_clu_vm24_rate20_lat1node_r3,7501,perf_20261005-094315_clu_vm24_rate20_lat1node_r3,2,1875,1791193786795,0,1791193786800.688,95.337,4.938,1791193786901.155,Normal,0.9677
vm2,147742,20261005-094315_clu_vm24_rate20_lat1node_r3,7503,perf_20261005-094315_clu_vm24_rate20_lat1node_r3,2,1876,1791193786895,0,1791193786903.582,140.082,5.138,1791193787048.996,Normal,0.9721
vm2,147742,20261005-094315_clu_vm24_rate20_lat1node_r3,7506,perf_20261005-094315_clu_vm24_rate20_lat1node_r3,2,1877,1791193787045,0,1791193787051.58,57.964,5.254,1791193787114.985,Normal,0.9095
vm2,147742,20261005-094315_clu_vm24_rate20_lat1node_r3,7509,perf_20261005-094315_clu_vm24_rate20_lat1node_r3,2,1878,1791193787195,0,1791193787200.244,73.322,5.444,1791193787279.195,Normal,0.9655
vm2,147742,20261005-094315_clu_vm24_rate20_lat1node_r3,7521,perf_20261005-094315_clu_vm24_rate20_lat1node_r3,2,1879,1791193787795,0,1791193787800.023,70.349,5.507,1791193787876.083,Normal,0.9705
vm2,147742,20261005-094315_clu_vm24_rate20_lat1node_r3,7523,perf_20261005-094315_clu_vm24_rate20_lat1node_r3,2,1880,1791193787895,0,1791193787900.208,79.884,5.662,1791193787985.938,Normal,0.9608
vm2,147742,20261005-094315_clu_vm24_rate20_lat1node_r3,7528,perf_20261005-094315_clu_vm24_rate20_lat1node_r3,2,1881,1791193788145,0,1791193788151.211,81.235,5.602,1791193788238.232,Normal,0.9245
vm2,147742,20261005-094315_clu_vm24_rate20_lat1node_r3,7529,perf_20261005-094315_clu_vm24_rate20_lat1node_r3,2,1882,1791193788195,0,1791193788240.792,71.348,4.782,1791193788317.103,Normal,0.9144
vm2,147742,20261005-094315_clu_vm24_rate20_lat1node_r3,7533,perf_20261005-094315_clu_vm24_rate20_lat1node_r3,2,1883,1791193788395,0,1791193788400.827,68.727,5.131,1791193788474.886,Normal,0.9743
vm2,147742,20261005-094315_clu_vm24_rate20_lat1node_r3,7538,perf_20261005-094315_clu_vm24_rate20_lat1node_r3,2,1884,1791193788645,0,1791193788650.37,100.836,6.135,1791193788757.517,Normal,0.9751
vm2,147742,20261005-094315_clu_vm24_rate20_lat1node_r3,7542,perf_20261005-094315_clu_vm24_rate20_lat1node_r3,2,1885,1791193788845,0,1791193788849.763,54.816,5.231,1791193788909.999,Normal,0.9173
vm2,147742,20261005-094315_clu_vm24_rate20_lat1node_r3,7546,perf_20261005-094315_clu_vm24_rate20_lat1node_r3,2,1886,1791193789045,0,1791193789051.154,76.854,5.582,1791193789133.796,Normal,0.9474
vm2,147742,20261005-094315_clu_vm24_rate20_lat1node_r3,7553,perf_20261005-094315_clu_vm24_rate20_lat1node_r3,2,1887,1791193789395,0,1791193789401.4,70.137,5.636,1791193789477.361,Normal,0.9641
vm2,147742,20261005-094315_clu_vm24_rate20_lat1node_r3,7557,perf_20261005-094315_clu_vm24_rate20_lat1node_r3,2,1888,1791193789595,0,1791193789600.911,63.079,4.988,1791193789669.205,Normal,0.933
vm2,147742,20261005-094315_clu_vm24_rate20_lat1node_r3,7558,perf_20261005-094315_clu_vm24_rate20_lat1node_r3,2,1889,1791193789645,0,1791193789674.012,59.718,4.231,1791193789738.14,Normal,0.9397
vm2,147742,20261005-094315_clu_vm24_rate20_lat1node_r3,7565,perf_20261005-094315_clu_vm24_rate20_lat1node_r3,2,1890,1791193789995,0,1791193790000.162,77.762,5.164,1791193790083.275,OFFENSIVE,0.4865
vm2,147742,20261005-094315_clu_vm24_rate20_lat1node_r3,7567,perf_20261005-094315_clu_vm24_rate20_lat1node_r3,2,1891,1791193790095,0,1791193790099.473,60.246,6.139,1791193790166.043,Normal,0.931
vm2,147742,20261005-094315_clu_vm24_rate20_lat1node_r3,7569,perf_20261005-094315_clu_vm24_rate20_lat1node_r3,2,1892,1791193790195,0,1791193790200.584,98.315,5.402,1791193790304.488,Normal,0.9739
vm2,147742,20261005-094315_clu_vm24_rate20_lat1node_r3,7577,perf_20261005-094315_clu_vm24_rate20_lat1node_r3,2,1893,1791193790595,0,1791193790599.403,83.509,5.507,1791193790688.614,Normal,0.6278
vm2,147742,20261005-094315_clu_vm24_rate20_lat1node_r3,7578,perf_20261005-094315_clu_vm24_rate20_lat1node_r3,2,1894,1791193790645,0,1791193790691.263,60.076,5.343,1791193790756.861,Normal,0.9569
vm2,147742,20261005-094315_clu_vm24_rate20_lat1node_r3,7579,perf_20261005-094315_clu_vm24_rate20_lat1node_r3,2,1895,1791193790695,0,1791193790759.691,120.632,5.503,1791193790886.012,Normal,0.9612
vm2,147742,20261005-094315_clu_vm24_rate20_lat1node_r3,7580,perf_20261005-094315_clu_vm24_rate20_lat1node_r3,2,1896,1791193790745,0,1791193790886.216,65.483,6.078,1791193790957.949,Normal,0.974
vm2,147742,20261005-094315_clu_vm24_rate20_lat1node_r3,7587,perf_20261005-094315_clu_vm24_rate20_lat1node_r3,2,1897,1791193791095,0,1791193791100.226,371.612,5.109,1791193791477.171,Normal,0.9798
vm2,147742,20261005-094315_clu_vm24_rate20_lat1node_r3,7592,perf_20261005-094315_clu_vm24_rate20_lat1node_r3,2,1898,1791193791345,0,1791193791479.814,154.739,5.627,1791193791640.379,Normal,0.9613
vm2,147742,20261005-094315_clu_vm24_rate20_lat1node_r3,7597,perf_20261005-094315_clu_vm24_rate20_lat1node_r3,2,1899,1791193791596,0,1791193791643.396,67.161,4.908,1791193791715.643,Normal,0.8889
vm2,147742,20261005-094315_clu_vm24_rate20_lat1node_r3,7599,perf_20261005-094315_clu_vm24_rate20_lat1node_r3,2,1900,1791193791695,0,1791193791717.978,56.682,4.719,1791193791779.55,Normal,0.9336
vm2,147742,20261005-094315_clu_vm24_rate20_lat1node_r3,7600,perf_20261005-094315_clu_vm24_rate20_lat1node_r3,2,1901,1791193791745,0,1791193791782.034,66.051,5.986,1791193791854.246,HATE,0.788
vm2,147742,20261005-094315_clu_vm24_rate20_lat1node_r3,7602,perf_20261005-094315_clu_vm24_rate20_lat1node_r3,2,1902,1791193791845,0,1791193791857.048,69.816,5.039,1791193791932.075,Normal,0.7752
vm2,147742,20261005-094315_clu_vm24_rate20_lat1node_r3,7603,perf_20261005-094315_clu_vm24_rate20_lat1node_r3,2,1903,1791193791895,0,1791193791934.627,56.074,5.45,1791193791996.352,Normal,0.8661
vm2,147742,20261005-094315_clu_vm24_rate20_lat1node_r3,7609,perf_20261005-094315_clu_vm24_rate20_lat1node_r3,2,1904,1791193792195,0,1791193792200.881,66.352,4.769,1791193792272.18,Normal,0.8196
vm2,147742,20261005-094315_clu_vm24_rate20_lat1node_r3,7614,perf_20261005-094315_clu_vm24_rate20_lat1node_r3,2,1905,1791193792445,0,1791193792451.584,70.311,5.378,1791193792527.459,Normal,0.9372
vm2,147742,20261005-094315_clu_vm24_rate20_lat1node_r3,7615,perf_20261005-094315_clu_vm24_rate20_lat1node_r3,2,1906,1791193792495,0,1791193792530.001,66.261,5.454,1791193792601.893,Normal,0.9701
vm2,147742,20261005-094315_clu_vm24_rate20_lat1node_r3,7616,perf_20261005-094315_clu_vm24_rate20_lat1node_r3,2,1907,1791193792545,0,1791193792604.68,67.824,4.988,1791193792677.668,Normal,0.9493
vm2,147742,20261005-094315_clu_vm24_rate20_lat1node_r3,7618,perf_20261005-094315_clu_vm24_rate20_lat1node_r3,2,1908,1791193792645,0,1791193792680.043,54.543,5.543,1791193792740.315,Normal,0.9423
vm2,147742,20261005-094315_clu_vm24_rate20_lat1node_r3,7624,perf_20261005-094315_clu_vm24_rate20_lat1node_r3,2,1909,1791193792945,0,1791193792951.006,56.917,5.023,1791193793013.127,Normal,0.9288
vm2,147742,20261005-094315_clu_vm24_rate20_lat1node_r3,7627,perf_20261005-094315_clu_vm24_rate20_lat1node_r3,2,1910,1791193793095,0,1791193793100.169,86.861,5.188,1791193793192.399,Normal,0.9262
vm2,147742,20261005-094315_clu_vm24_rate20_lat1node_r3,7628,perf_20261005-094315_clu_vm24_rate20_lat1node_r3,2,1911,1791193793145,0,1791193793194.918,52.511,4.922,1791193793252.529,Normal,0.9423
vm2,147742,20261005-094315_clu_vm24_rate20_lat1node_r3,7633,perf_20261005-094315_clu_vm24_rate20_lat1node_r3,2,1912,1791193793395,0,1791193793400.409,56.638,4.817,1791193793462.108,Normal,0.9423
vm2,147742,20261005-094315_clu_vm24_rate20_lat1node_r3,7635,perf_20261005-094315_clu_vm24_rate20_lat1node_r3,2,1913,1791193793495,0,1791193793499.109,83.315,5.191,1791193793587.807,Normal,0.9691
vm2,147742,20261005-094315_clu_vm24_rate20_lat1node_r3,7647,perf_20261005-094315_clu_vm24_rate20_lat1node_r3,2,1914,1791193794095,0,1791193794100.446,73.272,5.425,1791193794179.353,Normal,0.8661
vm2,147742,20261005-094315_clu_vm24_rate20_lat1node_r3,7651,perf_20261005-094315_clu_vm24_rate20_lat1node_r3,2,1915,1791193794295,0,1791193794300.552,65.101,5.295,1791193794371.125,Normal,0.8833
vm2,147742,20261005-094315_clu_vm24_rate20_lat1node_r3,7657,perf_20261005-094315_clu_vm24_rate20_lat1node_r3,2,1916,1791193794595,0,1791193794600.377,113.268,6.817,1791193794720.639,Normal,0.9749
vm2,147742,20261005-094315_clu_vm24_rate20_lat1node_r3,7660,perf_20261005-094315_clu_vm24_rate20_lat1node_r3,2,1917,1791193794745,0,1791193794750.157,63.85,5.176,1791193794819.368,Normal,0.9695
vm2,147742,20261005-094315_clu_vm24_rate20_lat1node_r3,7661,perf_20261005-094315_clu_vm24_rate20_lat1node_r3,2,1918,1791193794795,0,1791193794821.834,75.372,5.342,1791193794902.814,Normal,0.9738
vm2,147742,20261005-094315_clu_vm24_rate20_lat1node_r3,7662,perf_20261005-094315_clu_vm24_rate20_lat1node_r3,2,1919,1791193794845,0,1791193794905.034,86.509,6.393,1791193794998.114,Normal,0.9619
vm2,147742,20261005-094315_clu_vm24_rate20_lat1node_r3,7664,perf_20261005-094315_clu_vm24_rate20_lat1node_r3,2,1920,1791193794946,0,1791193795000.871,79.597,4.796,1791193795085.443,Normal,0.7626
vm2,147742,20261005-094315_clu_vm24_rate20_lat1node_r3,7671,perf_20261005-094315_clu_vm24_rate20_lat1node_r3,2,1921,1791193795295,0,1791193795300.749,157.619,5.959,1791193795464.52,HATE,0.3612
vm2,147742,20261005-094315_clu_vm24_rate20_lat1node_r3,7677,perf_20261005-094315_clu_vm24_rate20_lat1node_r3,2,1922,1791193795595,0,1791193795600.123,81.697,5.347,1791193795687.354,Normal,0.9765
vm2,147742,20261005-094315_clu_vm24_rate20_lat1node_r3,7684,perf_20261005-094315_clu_vm24_rate20_lat1node_r3,2,1923,1791193795945,0,1791193795950.169,101.648,5.128,1791193796057.131,Normal,0.9544
vm2,147742,20261005-094315_clu_vm24_rate20_lat1node_r3,7687,perf_20261005-094315_clu_vm24_rate20_lat1node_r3,2,1924,1791193796095,0,1791193796100.029,72.201,4.137,1791193796176.552,Normal,0.8472
vm2,147742,20261005-094315_clu_vm24_rate20_lat1node_r3,7701,perf_20261005-094315_clu_vm24_rate20_lat1node_r3,2,1925,1791193796795,0,1791193796800.295,100.278,5.074,1791193796905.823,Normal,0.9688
vm2,147742,20261005-094315_clu_vm24_rate20_lat1node_r3,7702,perf_20261005-094315_clu_vm24_rate20_lat1node_r3,2,1926,1791193796845,0,1791193796908.582,77.672,7.291,1791193796993.738,Normal,0.9613
vm2,147742,20261005-094315_clu_vm24_rate20_lat1node_r3,7703,perf_20261005-094315_clu_vm24_rate20_lat1node_r3,2,1927,1791193796895,0,1791193796994.042,64.682,4.89,1791193797063.787,Normal,0.9765
vm2,147742,20261005-094315_clu_vm24_rate20_lat1node_r3,7707,perf_20261005-094315_clu_vm24_rate20_lat1node_r3,2,1928,1791193797095,0,1791193797099.244,67.257,4.602,1791193797171.28,Normal,0.9532
vm2,147742,20261005-094315_clu_vm24_rate20_lat1node_r3,7710,perf_20261005-094315_clu_vm24_rate20_lat1node_r3,2,1929,1791193797245,0,1791193797250.243,64.07,4.512,1791193797319.011,Normal,0.6793
vm2,147742,20261005-094315_clu_vm24_rate20_lat1node_r3,7714,perf_20261005-094315_clu_vm24_rate20_lat1node_r3,2,1930,1791193797445,0,1791193797450.82,75.889,6.706,1791193797533.604,Normal,0.8813
vm2,147742,20261005-094315_clu_vm24_rate20_lat1node_r3,7716,perf_20261005-094315_clu_vm24_rate20_lat1node_r3,2,1931,1791193797546,0,1791193797552.522,72.082,6.349,1791193797631.139,Normal,0.9643
vm2,147742,20261005-094315_clu_vm24_rate20_lat1node_r3,7719,perf_20261005-094315_clu_vm24_rate20_lat1node_r3,2,1932,1791193797695,0,1791193797700.27,98.469,5.155,1791193797804.115,Normal,0.9645
vm2,147742,20261005-094315_clu_vm24_rate20_lat1node_r3,7723,perf_20261005-094315_clu_vm24_rate20_lat1node_r3,2,1933,1791193797895,0,1791193797900.349,95.841,6.463,1791193798002.847,Normal,0.9422
vm2,147742,20261005-094315_clu_vm24_rate20_lat1node_r3,7725,perf_20261005-094315_clu_vm24_rate20_lat1node_r3,2,1934,1791193797995,0,1791193798005.853,63.7,4.837,1791193798074.56,Normal,0.9566
vm2,147742,20261005-094315_clu_vm24_rate20_lat1node_r3,7732,perf_20261005-094315_clu_vm24_rate20_lat1node_r3,2,1935,1791193798345,0,1791193798350.75,62.767,5.115,1791193798418.81,Normal,0.9306
vm2,147742,20261005-094315_clu_vm24_rate20_lat1node_r3,7738,perf_20261005-094315_clu_vm24_rate20_lat1node_r3,2,1936,1791193798645,0,1791193798650.471,73.189,4.993,1791193798728.838,Normal,0.9501
vm2,147742,20261005-094315_clu_vm24_rate20_lat1node_r3,7742,perf_20261005-094315_clu_vm24_rate20_lat1node_r3,2,1937,1791193798845,0,1791193798850.26,62.067,4.933,1791193798917.45,Normal,0.9395
vm2,147742,20261005-094315_clu_vm24_rate20_lat1node_r3,7743,perf_20261005-094315_clu_vm24_rate20_lat1node_r3,2,1938,1791193798895,0,1791193798920.077,51.446,4.844,1791193798976.546,Normal,0.9409
vm2,147742,20261005-094315_clu_vm24_rate20_lat1node_r3,7745,perf_20261005-094315_clu_vm24_rate20_lat1node_r3,2,1939,1791193798995,0,1791193798999.11,65.138,4.632,1791193799069.077,Normal,0.9496
vm2,147742,20261005-094315_clu_vm24_rate20_lat1node_r3,7746,perf_20261005-094315_clu_vm24_rate20_lat1node_r3,2,1940,1791193799045,0,1791193799071.613,60.652,5.408,1791193799137.846,Normal,0.9262
vm2,147742,20261005-094315_clu_vm24_rate20_lat1node_r3,7748,perf_20261005-094315_clu_vm24_rate20_lat1node_r3,2,1941,1791193799145,0,1791193799149.395,54.706,4.739,1791193799209.073,Normal,0.9346
vm2,147742,20261005-094315_clu_vm24_rate20_lat1node_r3,7750,perf_20261005-094315_clu_vm24_rate20_lat1node_r3,2,1942,1791193799245,0,1791193799250.129,90.486,5.324,1791193799346.139,Normal,0.9415
vm2,147742,20261005-094315_clu_vm24_rate20_lat1node_r3,7757,perf_20261005-094315_clu_vm24_rate20_lat1node_r3,2,1943,1791193799595,0,1791193799600.583,64.381,5.602,1791193799670.769,Normal,0.96
vm2,147742,20261005-094315_clu_vm24_rate20_lat1node_r3,7766,perf_20261005-094315_clu_vm24_rate20_lat1node_r3,2,1944,1791193800045,0,1791193800050.431,77.637,5.538,1791193800133.79,Normal,0.7436
vm2,147742,20261005-094315_clu_vm24_rate20_lat1node_r3,7768,perf_20261005-094315_clu_vm24_rate20_lat1node_r3,2,1945,1791193800145,0,1791193800149.941,66.363,5.586,1791193800222.066,Normal,0.9464
vm2,147742,20261005-094315_clu_vm24_rate20_lat1node_r3,7775,perf_20261005-094315_clu_vm24_rate20_lat1node_r3,2,1946,1791193800495,0,1791193800500.72,67.705,4.993,1791193800573.599,Normal,0.7545
vm2,147742,20261005-094315_clu_vm24_rate20_lat1node_r3,7780,perf_20261005-094315_clu_vm24_rate20_lat1node_r3,2,1947,1791193800745,0,1791193800749.721,56.512,4.534,1791193800810.951,Normal,0.9375
vm2,147742,20261005-094315_clu_vm24_rate20_lat1node_r3,7781,perf_20261005-094315_clu_vm24_rate20_lat1node_r3,2,1948,1791193800795,0,1791193800813.279,59.201,5.295,1791193800877.996,Normal,0.9585
vm2,147742,20261005-094315_clu_vm24_rate20_lat1node_r3,7784,perf_20261005-094315_clu_vm24_rate20_lat1node_r3,2,1949,1791193800945,0,1791193800950.393,67.324,4.59,1791193801022.485,Normal,0.961
vm2,147742,20261005-094315_clu_vm24_rate20_lat1node_r3,7788,perf_20261005-094315_clu_vm24_rate20_lat1node_r3,2,1950,1791193801145,0,1791193801151.444,85.475,4.904,1791193801242.008,Normal,0.9684
vm2,147742,20261005-094315_clu_vm24_rate20_lat1node_r3,7792,perf_20261005-094315_clu_vm24_rate20_lat1node_r3,2,1951,1791193801346,0,1791193801351.578,93.244,5.693,1791193801450.722,Normal,0.8739
vm2,147742,20261005-094315_clu_vm24_rate20_lat1node_r3,7794,perf_20261005-094315_clu_vm24_rate20_lat1node_r3,2,1952,1791193801445,0,1791193801453.761,68.076,4.908,1791193801526.925,Normal,0.8639
vm2,147742,20261005-094315_clu_vm24_rate20_lat1node_r3,7795,perf_20261005-094315_clu_vm24_rate20_lat1node_r3,2,1953,1791193801495,0,1791193801529.5,75.655,5.258,1791193801610.664,Normal,0.9765
vm2,147742,20261005-094315_clu_vm24_rate20_lat1node_r3,7796,perf_20261005-094315_clu_vm24_rate20_lat1node_r3,2,1954,1791193801545,0,1791193801613.524,77.892,5.049,1791193801696.667,Normal,0.9268
vm2,147742,20261005-094315_clu_vm24_rate20_lat1node_r3,7797,perf_20261005-094315_clu_vm24_rate20_lat1node_r3,2,1955,1791193801595,0,1791193801696.978,70.101,5.007,1791193801772.275,Normal,0.9709
vm2,147742,20261005-094315_clu_vm24_rate20_lat1node_r3,7801,perf_20261005-094315_clu_vm24_rate20_lat1node_r3,2,1956,1791193801795,0,1791193801799.918,62.277,4.667,1791193801867.043,Normal,0.9633
vm2,147742,20261005-094315_clu_vm24_rate20_lat1node_r3,7803,perf_20261005-094315_clu_vm24_rate20_lat1node_r3,2,1957,1791193801895,0,1791193801900.98,63.343,5.942,1791193801970.468,Normal,0.9283
vm2,147742,20261005-094315_clu_vm24_rate20_lat1node_r3,7815,perf_20261005-094315_clu_vm24_rate20_lat1node_r3,2,1958,1791193802495,0,1791193802500.412,63.387,5.288,1791193802569.285,Normal,0.951
vm2,147742,20261005-094315_clu_vm24_rate20_lat1node_r3,7817,perf_20261005-094315_clu_vm24_rate20_lat1node_r3,2,1959,1791193802595,0,1791193802600.953,76.34,5.804,1791193802683.279,Normal,0.974
vm2,147742,20261005-094315_clu_vm24_rate20_lat1node_r3,7818,perf_20261005-094315_clu_vm24_rate20_lat1node_r3,2,1960,1791193802645,0,1791193802685.875,153.302,5.927,1791193802845.284,Normal,0.9326
vm2,147742,20261005-094315_clu_vm24_rate20_lat1node_r3,7819,perf_20261005-094315_clu_vm24_rate20_lat1node_r3,2,1961,1791193802695,0,1791193802848.115,71.964,5.367,1791193802925.628,Normal,0.9241
vm2,147742,20261005-094315_clu_vm24_rate20_lat1node_r3,7820,perf_20261005-094315_clu_vm24_rate20_lat1node_r3,2,1962,1791193802745,0,1791193802925.844,62.383,5.305,1791193802993.813,Normal,0.9679
vm2,147742,20261005-094315_clu_vm24_rate20_lat1node_r3,7826,perf_20261005-094315_clu_vm24_rate20_lat1node_r3,2,1963,1791193803045,0,1791193803050.324,134.359,4.592,1791193803189.477,Normal,0.9146
vm2,147742,20261005-094315_clu_vm24_rate20_lat1node_r3,7830,perf_20261005-094315_clu_vm24_rate20_lat1node_r3,2,1964,1791193803245,0,1791193803250.823,88.17,5.296,1791193803344.479,Normal,0.963
vm2,147742,20261005-094315_clu_vm24_rate20_lat1node_r3,7834,perf_20261005-094315_clu_vm24_rate20_lat1node_r3,2,1965,1791193803445,0,1791193803450.803,364.05,5.734,1791193803820.815,Normal,0.9568
vm2,147742,20261005-094315_clu_vm24_rate20_lat1node_r3,7836,perf_20261005-094315_clu_vm24_rate20_lat1node_r3,2,1966,1791193803545,0,1791193803824.238,112.911,5.912,1791193803943.314,Normal,0.9694
vm2,147742,20261005-094315_clu_vm24_rate20_lat1node_r3,7839,perf_20261005-094315_clu_vm24_rate20_lat1node_r3,2,1967,1791193803695,0,1791193803943.621,67.31,5.073,1791193804016.171,Normal,0.9667
vm2,147742,20261005-094315_clu_vm24_rate20_lat1node_r3,7840,perf_20261005-094315_clu_vm24_rate20_lat1node_r3,2,1968,1791193803745,0,1791193804016.373,77.156,5.081,1791193804098.786,Normal,0.9264
vm2,147742,20261005-094315_clu_vm24_rate20_lat1node_r3,7841,perf_20261005-094315_clu_vm24_rate20_lat1node_r3,2,1969,1791193803795,0,1791193804098.972,80.372,4.835,1791193804184.351,Normal,0.9634
vm2,147742,20261005-094315_clu_vm24_rate20_lat1node_r3,7843,perf_20261005-094315_clu_vm24_rate20_lat1node_r3,2,1970,1791193803895,0,1791193804187.025,62.139,5.696,1791193804255.078,Normal,0.9561
vm2,147742,20261005-094315_clu_vm24_rate20_lat1node_r3,7845,perf_20261005-094315_clu_vm24_rate20_lat1node_r3,2,1971,1791193803995,0,1791193804255.28,51.699,5.449,1791193804312.599,Normal,0.9551
vm2,147742,20261005-094315_clu_vm24_rate20_lat1node_r3,7853,perf_20261005-094315_clu_vm24_rate20_lat1node_r3,2,1972,1791193804395,0,1791193804400.208,120.712,5.815,1791193804526.927,Normal,0.8644
vm2,147742,20261005-094315_clu_vm24_rate20_lat1node_r3,7864,perf_20261005-094315_clu_vm24_rate20_lat1node_r3,2,1973,1791193804945,0,1791193804950.417,78.545,4.812,1791193805033.972,Normal,0.9325
vm2,147742,20261005-094315_clu_vm24_rate20_lat1node_r3,7866,perf_20261005-094315_clu_vm24_rate20_lat1node_r3,2,1974,1791193805045,0,1791193805050.325,63.755,4.84,1791193805119.094,Normal,0.9339
vm2,147742,20261005-094315_clu_vm24_rate20_lat1node_r3,7873,perf_20261005-094315_clu_vm24_rate20_lat1node_r3,2,1975,1791193805395,0,1791193805400.955,232.612,5.45,1791193805639.248,Normal,0.9794
vm2,147742,20261005-094315_clu_vm24_rate20_lat1node_r3,7879,perf_20261005-094315_clu_vm24_rate20_lat1node_r3,2,1976,1791193805695,0,1791193805700.533,116.479,5.409,1791193805822.612,Normal,0.9279
vm2,147742,20261005-094315_clu_vm24_rate20_lat1node_r3,7881,perf_20261005-094315_clu_vm24_rate20_lat1node_r3,2,1977,1791193805795,0,1791193805825.559,56.386,4.736,1791193805886.856,Normal,0.9147
vm2,147742,20261005-094315_clu_vm24_rate20_lat1node_r3,7886,perf_20261005-094315_clu_vm24_rate20_lat1node_r3,2,1978,1791193806045,0,1791193806050.042,59.69,4.207,1791193806114.149,Normal,0.9287
vm2,147742,20261005-094315_clu_vm24_rate20_lat1node_r3,7889,perf_20261005-094315_clu_vm24_rate20_lat1node_r3,2,1979,1791193806195,0,1791193806201.015,252.876,4.995,1791193806459.086,Normal,0.9721
vm2,147742,20261005-094315_clu_vm24_rate20_lat1node_r3,7894,perf_20261005-094315_clu_vm24_rate20_lat1node_r3,2,1980,1791193806445,0,1791193806462.345,135.235,5.469,1791193806603.228,Normal,0.975
vm2,147742,20261005-094315_clu_vm24_rate20_lat1node_r3,7896,perf_20261005-094315_clu_vm24_rate20_lat1node_r3,2,1981,1791193806546,0,1791193806606.202,68.269,4.423,1791193806679.071,Normal,0.933
vm2,147742,20261005-094315_clu_vm24_rate20_lat1node_r3,7902,perf_20261005-094315_clu_vm24_rate20_lat1node_r3,2,1982,1791193806846,0,1791193806851.04,76.036,5.095,1791193806932.351,Normal,0.9257
vm2,147742,20261005-094315_clu_vm24_rate20_lat1node_r3,7905,perf_20261005-094315_clu_vm24_rate20_lat1node_r3,2,1983,1791193806995,0,1791193807000.432,73.853,4.822,1791193807079.312,Normal,0.7551
vm2,147742,20261005-094315_clu_vm24_rate20_lat1node_r3,7909,perf_20261005-094315_clu_vm24_rate20_lat1node_r3,2,1984,1791193807195,0,1791193807200.043,61.687,5.384,1791193807267.307,Normal,0.9313
vm2,147742,20261005-094315_clu_vm24_rate20_lat1node_r3,7911,perf_20261005-094315_clu_vm24_rate20_lat1node_r3,2,1985,1791193807295,0,1791193807300.772,128.916,5.182,1791193807435.051,Normal,0.9762
vm2,147742,20261005-094315_clu_vm24_rate20_lat1node_r3,7914,perf_20261005-094315_clu_vm24_rate20_lat1node_r3,2,1986,1791193807446,0,1791193807450.409,55.851,5.374,1791193807511.815,Normal,0.9525
vm2,147742,20261005-094315_clu_vm24_rate20_lat1node_r3,7915,perf_20261005-094315_clu_vm24_rate20_lat1node_r3,2,1987,1791193807495,0,1791193807514.278,50.425,4.586,1791193807569.458,Normal,0.9515
vm2,147742,20261005-094315_clu_vm24_rate20_lat1node_r3,7919,perf_20261005-094315_clu_vm24_rate20_lat1node_r3,2,1988,1791193807696,0,1791193807701.8,72.261,5.143,1791193807779.397,Normal,0.9707
vm2,147742,20261005-094315_clu_vm24_rate20_lat1node_r3,7923,perf_20261005-094315_clu_vm24_rate20_lat1node_r3,2,1989,1791193807895,0,1791193807900.83,76.573,4.989,1791193807982.588,Normal,0.8996
vm2,147742,20261005-094315_clu_vm24_rate20_lat1node_r3,7924,perf_20261005-094315_clu_vm24_rate20_lat1node_r3,2,1990,1791193807945,0,1791193807985.208,73.598,4.888,1791193808063.927,Normal,0.7898
vm2,147742,20261005-094315_clu_vm24_rate20_lat1node_r3,7925,perf_20261005-094315_clu_vm24_rate20_lat1node_r3,2,1991,1791193807995,0,1791193808066.687,72.834,5.079,1791193808144.788,Normal,0.9691
vm2,147742,20261005-094315_clu_vm24_rate20_lat1node_r3,7928,perf_20261005-094315_clu_vm24_rate20_lat1node_r3,2,1992,1791193808145,0,1791193808149.936,66.744,5.139,1791193808222.0,Normal,0.9572
vm2,147742,20261005-094315_clu_vm24_rate20_lat1node_r3,7929,perf_20261005-094315_clu_vm24_rate20_lat1node_r3,2,1993,1791193808195,0,1791193808224.72,72.821,5.235,1791193808302.962,Normal,0.9417
vm2,147742,20261005-094315_clu_vm24_rate20_lat1node_r3,7936,perf_20261005-094315_clu_vm24_rate20_lat1node_r3,2,1994,1791193808545,0,1791193808550.51,95.808,4.807,1791193808651.33,Normal,0.9542
vm2,147742,20261005-094315_clu_vm24_rate20_lat1node_r3,7938,perf_20261005-094315_clu_vm24_rate20_lat1node_r3,2,1995,1791193808645,0,1791193808654.04,90.927,5.274,1791193808750.438,Normal,0.9531
vm2,147742,20261005-094315_clu_vm24_rate20_lat1node_r3,7939,perf_20261005-094315_clu_vm24_rate20_lat1node_r3,2,1996,1791193808695,0,1791193808753.27,75.629,5.506,1791193808834.594,Normal,0.7436
vm2,147742,20261005-094315_clu_vm24_rate20_lat1node_r3,7940,perf_20261005-094315_clu_vm24_rate20_lat1node_r3,2,1997,1791193808745,0,1791193808834.828,81.618,4.718,1791193808921.348,Normal,0.9472
vm2,147742,20261005-094315_clu_vm24_rate20_lat1node_r3,7942,perf_20261005-094315_clu_vm24_rate20_lat1node_r3,2,1998,1791193808845,0,1791193808924.182,79.213,4.96,1791193809008.535,Normal,0.9572
vm2,147742,20261005-094315_clu_vm24_rate20_lat1node_r3,7950,perf_20261005-094315_clu_vm24_rate20_lat1node_r3,2,1999,1791193809245,0,1791193809250.646,103.874,5.673,1791193809360.387,HATE,0.5672
vm2,147742,20261005-094315_clu_vm24_rate20_lat1node_r3,7952,perf_20261005-094315_clu_vm24_rate20_lat1node_r3,2,2000,1791193809345,0,1791193809363.066,84.424,5.348,1791193809453.034,Normal,0.939
vm2,147742,20261005-094315_clu_vm24_rate20_lat1node_r3,7964,perf_20261005-094315_clu_vm24_rate20_lat1node_r3,2,2001,1791193809945,0,1791193809950.62,132.173,4.815,1791193810087.801,Normal,0.9611
vm2,147742,20261005-094315_clu_vm24_rate20_lat1node_r3,7970,perf_20261005-094315_clu_vm24_rate20_lat1node_r3,2,2002,1791193810245,0,1791193810250.53,89.489,5.705,1791193810345.925,Normal,0.9434
vm2,147742,20261005-094315_clu_vm24_rate20_lat1node_r3,7972,perf_20261005-094315_clu_vm24_rate20_lat1node_r3,2,2003,1791193810345,0,1791193810349.792,66.837,5.059,1791193810421.863,Normal,0.9526
vm2,147742,20261005-094315_clu_vm24_rate20_lat1node_r3,7977,perf_20261005-094315_clu_vm24_rate20_lat1node_r3,2,2004,1791193810595,0,1791193810600.039,76.153,6.154,1791193810682.532,Normal,0.9672
vm2,147742,20261005-094315_clu_vm24_rate20_lat1node_r3,7980,perf_20261005-094315_clu_vm24_rate20_lat1node_r3,2,2005,1791193810745,0,1791193810750.47,57.987,6.254,1791193810814.94,Normal,0.9154
vm2,147742,20261005-094315_clu_vm24_rate20_lat1node_r3,7984,perf_20261005-094315_clu_vm24_rate20_lat1node_r3,2,2006,1791193810945,0,1791193810950.434,97.652,5.194,1791193811053.476,Normal,0.6229
vm2,147742,20261005-094315_clu_vm24_rate20_lat1node_r3,7993,perf_20261005-094315_clu_vm24_rate20_lat1node_r3,2,2007,1791193811395,0,1791193811400.565,130.735,5.177,1791193811536.665,Normal,0.975
vm2,147742,20261005-094315_clu_vm24_rate20_lat1node_r3,7994,perf_20261005-094315_clu_vm24_rate20_lat1node_r3,2,2008,1791193811445,0,1791193811539.444,56.377,5.3,1791193811601.358,Normal,0.9361
vm2,147742,20261005-094315_clu_vm24_rate20_lat1node_r3,7995,perf_20261005-094315_clu_vm24_rate20_lat1node_r3,2,2009,1791193811496,0,1791193811601.566,100.625,5.315,1791193811707.688,Normal,0.9743
vm2,147742,20261005-094315_clu_vm24_rate20_lat1node_r3,7996,perf_20261005-094315_clu_vm24_rate20_lat1node_r3,2,2010,1791193811545,0,1791193811710.648,57.715,5.045,1791193811773.582,Normal,0.9632
vm2,147742,20261005-094315_clu_vm24_rate20_lat1node_r3,7997,perf_20261005-094315_clu_vm24_rate20_lat1node_r3,2,2011,1791193811595,0,1791193811773.782,65.956,4.949,1791193811844.861,Normal,0.9388
vm2,147742,20261005-094315_clu_vm24_rate20_lat1node_r3,7999,perf_20261005-094315_clu_vm24_rate20_lat1node_r3,2,2012,1791193811695,0,1791193811845.063,70.158,4.858,1791193811920.25,Normal,0.9566
vm2,147742,20261005-094315_clu_vm24_rate20_lat1node_r3,8000,perf_20261005-094315_clu_vm24_rate20_lat1node_r3,2,2013,1791193811745,0,1791193811923.225,188.913,5.29,1791193812117.616,Normal,0.9785
vm2,147742,20261005-094315_clu_vm24_rate20_lat1node_r3,8001,perf_20261005-094315_clu_vm24_rate20_lat1node_r3,2,2014,1791193811795,0,1791193812117.892,68.825,5.296,1791193812192.213,Normal,0.9079
vm2,147742,20261005-094315_clu_vm24_rate20_lat1node_r3,8002,perf_20261005-094315_clu_vm24_rate20_lat1node_r3,2,2015,1791193811845,0,1791193812192.494,74.536,4.614,1791193812271.821,Normal,0.9419
vm2,147742,20261005-094315_clu_vm24_rate20_lat1node_r3,8009,perf_20261005-094315_clu_vm24_rate20_lat1node_r3,2,2016,1791193812195,0,1791193812274.707,60.655,6.317,1791193812341.886,Normal,0.9596
vm2,147742,20261005-094315_clu_vm24_rate20_lat1node_r3,8010,perf_20261005-094315_clu_vm24_rate20_lat1node_r3,2,2017,1791193812245,0,1791193812342.177,58.524,4.436,1791193812405.402,Normal,0.9689
vm2,147742,20261005-094315_clu_vm24_rate20_lat1node_r3,8012,perf_20261005-094315_clu_vm24_rate20_lat1node_r3,2,2018,1791193812346,0,1791193812407.792,75.048,5.02,1791193812488.034,Normal,0.9592
vm2,147742,20261005-094315_clu_vm24_rate20_lat1node_r3,8015,perf_20261005-094315_clu_vm24_rate20_lat1node_r3,2,2019,1791193812495,0,1791193812498.802,60.831,5.105,1791193812564.91,Normal,0.9691
vm2,147742,20261005-094315_clu_vm24_rate20_lat1node_r3,8019,perf_20261005-094315_clu_vm24_rate20_lat1node_r3,2,2020,1791193812695,0,1791193812701.583,87.099,5.473,1791193812794.327,Normal,0.9514
vm2,147742,20261005-094315_clu_vm24_rate20_lat1node_r3,8020,perf_20261005-094315_clu_vm24_rate20_lat1node_r3,2,2021,1791193812745,0,1791193812796.649,161.411,5.073,1791193812963.325,Normal,0.9821
vm2,147742,20261005-094315_clu_vm24_rate20_lat1node_r3,8022,perf_20261005-094315_clu_vm24_rate20_lat1node_r3,2,2022,1791193812845,0,1791193812965.89,60.941,4.374,1791193813031.399,Normal,0.9514
vm2,147742,20261005-094315_clu_vm24_rate20_lat1node_r3,8026,perf_20261005-094315_clu_vm24_rate20_lat1node_r3,2,2023,1791193813045,0,1791193813049.607,62.725,5.373,1791193813117.9,Normal,0.9576
vm2,147742,20261005-094315_clu_vm24_rate20_lat1node_r3,8030,perf_20261005-094315_clu_vm24_rate20_lat1node_r3,2,2024,1791193813245,0,1791193813251.039,72.151,4.76,1791193813328.13,Normal,0.9572
vm2,147742,20261005-094315_clu_vm24_rate20_lat1node_r3,8032,perf_20261005-094315_clu_vm24_rate20_lat1node_r3,2,2025,1791193813345,0,1791193813351.658,96.68,5.788,1791193813454.34,Normal,0.9363
vm2,147742,20261005-094315_clu_vm24_rate20_lat1node_r3,8033,perf_20261005-094315_clu_vm24_rate20_lat1node_r3,2,2026,1791193813395,0,1791193813456.705,62.62,5.369,1791193813524.868,Normal,0.8456
vm2,147742,20261005-094315_clu_vm24_rate20_lat1node_r3,8036,perf_20261005-094315_clu_vm24_rate20_lat1node_r3,2,2027,1791193813545,0,1791193813549.691,88.733,5.286,1791193813643.887,Normal,0.9417
vm2,147742,20261005-094315_clu_vm24_rate20_lat1node_r3,8037,perf_20261005-094315_clu_vm24_rate20_lat1node_r3,2,2028,1791193813595,0,1791193813646.447,63.631,4.766,1791193813715.035,Normal,0.9579
vm2,147742,20261005-094315_clu_vm24_rate20_lat1node_r3,8045,perf_20261005-094315_clu_vm24_rate20_lat1node_r3,2,2029,1791193813995,0,1791193814000.73,97.108,5.255,1791193814103.293,Normal,0.9639
vm2,147742,20261005-094315_clu_vm24_rate20_lat1node_r3,8047,perf_20261005-094315_clu_vm24_rate20_lat1node_r3,2,2030,1791193814095,0,1791193814106.132,85.895,4.842,1791193814197.061,Normal,0.8898
vm2,147742,20261005-094315_clu_vm24_rate20_lat1node_r3,8049,perf_20261005-094315_clu_vm24_rate20_lat1node_r3,2,2031,1791193814195,0,1791193814200.236,67.319,4.852,1791193814272.593,Normal,0.9565
vm2,147742,20261005-094315_clu_vm24_rate20_lat1node_r3,8051,perf_20261005-094315_clu_vm24_rate20_lat1node_r3,2,2032,1791193814295,0,1791193814299.84,92.619,5.941,1791193814398.594,Normal,0.9558
vm2,147742,20261005-094315_clu_vm24_rate20_lat1node_r3,8054,perf_20261005-094315_clu_vm24_rate20_lat1node_r3,2,2033,1791193814446,0,1791193814450.373,70.948,5.568,1791193814527.077,Normal,0.9608
vm2,147742,20261005-094315_clu_vm24_rate20_lat1node_r3,8059,perf_20261005-094315_clu_vm24_rate20_lat1node_r3,2,2034,1791193814695,0,1791193814699.643,80.722,5.187,1791193814785.75,Normal,0.9457
vm2,147742,20261005-094315_clu_vm24_rate20_lat1node_r3,8060,perf_20261005-094315_clu_vm24_rate20_lat1node_r3,2,2035,1791193814745,0,1791193814788.653,103.834,4.875,1791193814897.555,Normal,0.9696
vm2,147742,20261005-094315_clu_vm24_rate20_lat1node_r3,8062,perf_20261005-094315_clu_vm24_rate20_lat1node_r3,2,2036,1791193814845,0,1791193814900.11,86.51,5.279,1791193814992.088,Normal,0.9289
vm2,147742,20261005-094315_clu_vm24_rate20_lat1node_r3,8064,perf_20261005-094315_clu_vm24_rate20_lat1node_r3,2,2037,1791193814945,0,1791193814994.866,72.643,5.111,1791193815072.813,Normal,0.9375
vm2,147742,20261005-094315_clu_vm24_rate20_lat1node_r3,8068,perf_20261005-094315_clu_vm24_rate20_lat1node_r3,2,2038,1791193815145,0,1791193815150.24,89.128,4.655,1791193815244.216,Normal,0.9663
vm2,147742,20261005-094315_clu_vm24_rate20_lat1node_r3,8072,perf_20261005-094315_clu_vm24_rate20_lat1node_r3,2,2039,1791193815345,0,1791193815350.545,78.415,5.214,1791193815434.371,Normal,0.8885
vm2,147742,20261005-094315_clu_vm24_rate20_lat1node_r3,8073,perf_20261005-094315_clu_vm24_rate20_lat1node_r3,2,2040,1791193815395,0,1791193815437.106,94.46,5.35,1791193815537.099,Normal,0.9142
vm2,147742,20261005-094315_clu_vm24_rate20_lat1node_r3,8074,perf_20261005-094315_clu_vm24_rate20_lat1node_r3,2,2041,1791193815445,0,1791193815539.816,86.196,4.973,1791193815631.17,Normal,0.8831
vm2,147742,20261005-094315_clu_vm24_rate20_lat1node_r3,8077,perf_20261005-094315_clu_vm24_rate20_lat1node_r3,2,2042,1791193815595,0,1791193815633.989,97.003,4.793,1791193815735.978,Normal,0.9579
vm2,147742,20261005-094315_clu_vm24_rate20_lat1node_r3,8079,perf_20261005-094315_clu_vm24_rate20_lat1node_r3,2,2043,1791193815695,0,1791193815738.803,99.613,4.964,1791193815843.567,Normal,0.9663
vm2,147742,20261005-094315_clu_vm24_rate20_lat1node_r3,8085,perf_20261005-094315_clu_vm24_rate20_lat1node_r3,2,2044,1791193815995,0,1791193816000.6,94.368,4.578,1791193816099.739,Normal,0.9652
vm2,147742,20261005-094315_clu_vm24_rate20_lat1node_r3,8089,perf_20261005-094315_clu_vm24_rate20_lat1node_r3,2,2045,1791193816195,0,1791193816200.097,129.328,6.081,1791193816335.718,Normal,0.9268
vm2,147742,20261005-094315_clu_vm24_rate20_lat1node_r3,8095,perf_20261005-094315_clu_vm24_rate20_lat1node_r3,2,2046,1791193816495,0,1791193816500.464,75.366,4.817,1791193816580.842,Normal,0.9644
vm2,147742,20261005-094315_clu_vm24_rate20_lat1node_r3,8104,perf_20261005-094315_clu_vm24_rate20_lat1node_r3,2,2047,1791193816945,0,1791193816950.509,79.526,5.536,1791193817035.774,Normal,0.9474
vm2,147742,20261005-094315_clu_vm24_rate20_lat1node_r3,8119,perf_20261005-094315_clu_vm24_rate20_lat1node_r3,2,2048,1791193817695,0,1791193817699.989,177.87,5.825,1791193817883.898,Normal,0.9203
vm2,147742,20261005-094315_clu_vm24_rate20_lat1node_r3,8131,perf_20261005-094315_clu_vm24_rate20_lat1node_r3,2,2049,1791193818295,0,1791193818299.62,59.475,4.965,1791193818364.243,Normal,0.9435
vm2,147742,20261005-094315_clu_vm24_rate20_lat1node_r3,8132,perf_20261005-094315_clu_vm24_rate20_lat1node_r3,2,2050,1791193818346,0,1791193818366.938,53.644,5.565,1791193818426.335,Normal,0.9303
vm2,147742,20261005-094315_clu_vm24_rate20_lat1node_r3,8141,perf_20261005-094315_clu_vm24_rate20_lat1node_r3,2,2051,1791193818795,0,1791193818801.282,83.365,5.906,1791193818890.752,Normal,0.9093
vm2,147742,20261005-094315_clu_vm24_rate20_lat1node_r3,8143,perf_20261005-094315_clu_vm24_rate20_lat1node_r3,2,2052,1791193818895,0,1791193818899.935,62.972,4.233,1791193818967.323,Normal,0.9451
vm2,147742,20261005-094315_clu_vm24_rate20_lat1node_r3,8150,perf_20261005-094315_clu_vm24_rate20_lat1node_r3,2,2053,1791193819245,0,1791193819251.668,358.047,5.552,1791193819615.503,Normal,0.9729
vm2,147742,20261005-094315_clu_vm24_rate20_lat1node_r3,8152,perf_20261005-094315_clu_vm24_rate20_lat1node_r3,2,2054,1791193819345,0,1791193819618.236,68.988,4.629,1791193819692.034,Normal,0.7301
vm2,147742,20261005-094315_clu_vm24_rate20_lat1node_r3,8155,perf_20261005-094315_clu_vm24_rate20_lat1node_r3,2,2055,1791193819495,0,1791193819692.256,56.79,5.164,1791193819754.469,Normal,0.9001
vm2,147742,20261005-094315_clu_vm24_rate20_lat1node_r3,8160,perf_20261005-094315_clu_vm24_rate20_lat1node_r3,2,2056,1791193819745,0,1791193819757.107,61.173,4.618,1791193819823.079,Normal,0.9567
vm2,147742,20261005-094315_clu_vm24_rate20_lat1node_r3,8164,perf_20261005-094315_clu_vm24_rate20_lat1node_r3,2,2057,1791193819945,0,1791193819951.269,300.592,4.779,1791193820256.84,Normal,0.977
vm2,147742,20261005-094315_clu_vm24_rate20_lat1node_r3,8167,perf_20261005-094315_clu_vm24_rate20_lat1node_r3,2,2058,1791193820095,0,1791193820259.635,67.389,5.377,1791193820332.581,Normal,0.9267
vm2,147742,20261005-094315_clu_vm24_rate20_lat1node_r3,8169,perf_20261005-094315_clu_vm24_rate20_lat1node_r3,2,2059,1791193820195,0,1791193820332.791,52.954,5.356,1791193820391.278,Normal,0.9661
vm2,147742,20261005-094315_clu_vm24_rate20_lat1node_r3,8171,perf_20261005-094315_clu_vm24_rate20_lat1node_r3,2,2060,1791193820295,0,1791193820393.738,256.05,4.544,1791193820654.527,Normal,0.9729
vm2,147742,20261005-094315_clu_vm24_rate20_lat1node_r3,8175,perf_20261005-094315_clu_vm24_rate20_lat1node_r3,2,2061,1791193820495,0,1791193820657.036,54.482,4.888,1791193820716.594,Normal,0.9556
vm2,147742,20261005-094315_clu_vm24_rate20_lat1node_r3,8177,perf_20261005-094315_clu_vm24_rate20_lat1node_r3,2,2062,1791193820595,0,1791193820716.806,73.66,4.093,1791193820794.739,Normal,0.9606
vm2,147742,20261005-094315_clu_vm24_rate20_lat1node_r3,8181,perf_20261005-094315_clu_vm24_rate20_lat1node_r3,2,2063,1791193820795,0,1791193820799.218,183.862,6.163,1791193820989.442,Normal,0.9791
vm2,147742,20261005-094315_clu_vm24_rate20_lat1node_r3,8182,perf_20261005-094315_clu_vm24_rate20_lat1node_r3,2,2064,1791193820845,0,1791193820992.469,53.053,5.061,1791193821050.769,Normal,0.962
vm2,147742,20261005-094315_clu_vm24_rate20_lat1node_r3,8183,perf_20261005-094315_clu_vm24_rate20_lat1node_r3,2,2065,1791193820895,0,1791193821050.978,63.33,5.199,1791193821119.712,Normal,0.5607
vm2,147742,20261005-094315_clu_vm24_rate20_lat1node_r3,8184,perf_20261005-094315_clu_vm24_rate20_lat1node_r3,2,2066,1791193820946,0,1791193821119.928,54.264,4.775,1791193821179.154,Normal,0.9375
vm2,147742,20261005-094315_clu_vm24_rate20_lat1node_r3,8187,perf_20261005-094315_clu_vm24_rate20_lat1node_r3,2,2067,1791193821095,0,1791193821181.914,62.97,5.325,1791193821250.393,Normal,0.6558
vm2,147742,20261005-094315_clu_vm24_rate20_lat1node_r3,8192,perf_20261005-094315_clu_vm24_rate20_lat1node_r3,2,2068,1791193821345,0,1791193821350.189,73.867,5.389,1791193821429.638,Normal,0.9755
vm2,147742,20261005-094315_clu_vm24_rate20_lat1node_r3,8193,perf_20261005-094315_clu_vm24_rate20_lat1node_r3,2,2069,1791193821395,0,1791193821432.148,74.119,6.971,1791193821513.424,Normal,0.9488
vm2,147742,20261005-094315_clu_vm24_rate20_lat1node_r3,8199,perf_20261005-094315_clu_vm24_rate20_lat1node_r3,2,2070,1791193821695,0,1791193821700.682,129.253,4.638,1791193821834.765,Normal,0.8696
vm2,147742,20261005-094315_clu_vm24_rate20_lat1node_r3,8202,perf_20261005-094315_clu_vm24_rate20_lat1node_r3,2,2071,1791193821845,0,1791193821849.723,62.022,4.671,1791193821916.604,Normal,0.9047
vm2,147742,20261005-094315_clu_vm24_rate20_lat1node_r3,8204,perf_20261005-094315_clu_vm24_rate20_lat1node_r3,2,2072,1791193821945,0,1791193821949.186,162.994,5.734,1791193822118.135,Normal,0.656
vm2,147742,20261005-094315_clu_vm24_rate20_lat1node_r3,8211,perf_20261005-094315_clu_vm24_rate20_lat1node_r3,2,2073,1791193822295,0,1791193822300.35,64.837,5.414,1791193822370.846,Normal,0.9471
vm2,147742,20261005-094315_clu_vm24_rate20_lat1node_r3,8212,perf_20261005-094315_clu_vm24_rate20_lat1node_r3,2,2074,1791193822345,0,1791193822373.961,53.11,4.655,1791193822431.907,Normal,0.9538
vm2,147742,20261005-094315_clu_vm24_rate20_lat1node_r3,8218,perf_20261005-094315_clu_vm24_rate20_lat1node_r3,2,2075,1791193822645,0,1791193822650.321,67.498,5.248,1791193822723.252,Normal,0.9409
vm2,147742,20261005-094315_clu_vm24_rate20_lat1node_r3,8234,perf_20261005-094315_clu_vm24_rate20_lat1node_r3,2,2076,1791193823445,0,1791193823450.514,66.043,5.318,1791193823522.059,Normal,0.9512
vm2,147742,20261005-094315_clu_vm24_rate20_lat1node_r3,8236,perf_20261005-094315_clu_vm24_rate20_lat1node_r3,2,2077,1791193823545,0,1791193823550.707,86.643,5.371,1791193823642.907,Normal,0.8864
vm2,147742,20261005-094315_clu_vm24_rate20_lat1node_r3,8238,perf_20261005-094315_clu_vm24_rate20_lat1node_r3,2,2078,1791193823645,0,1791193823650.217,78.067,4.908,1791193823733.368,Normal,0.9521
vm2,147742,20261005-094315_clu_vm24_rate20_lat1node_r3,8245,perf_20261005-094315_clu_vm24_rate20_lat1node_r3,2,2079,1791193823996,0,1791193824000.989,107.419,5.701,1791193824114.308,Normal,0.9663
vm2,147742,20261005-094315_clu_vm24_rate20_lat1node_r3,8253,perf_20261005-094315_clu_vm24_rate20_lat1node_r3,2,2080,1791193824395,0,1791193824401.585,83.535,4.437,1791193824489.776,Normal,0.965
vm2,147742,20261005-094315_clu_vm24_rate20_lat1node_r3,8254,perf_20261005-094315_clu_vm24_rate20_lat1node_r3,2,2081,1791193824446,0,1791193824492.228,64.281,5.184,1791193824561.872,Normal,0.9311
vm2,147742,20261005-094315_clu_vm24_rate20_lat1node_r3,8257,perf_20261005-094315_clu_vm24_rate20_lat1node_r3,2,2082,1791193824595,0,1791193824600.411,57.55,5.909,1791193824664.048,Normal,0.9375
vm2,147742,20261005-094315_clu_vm24_rate20_lat1node_r3,8260,perf_20261005-094315_clu_vm24_rate20_lat1node_r3,2,2083,1791193824745,0,1791193824749.93,191.415,4.554,1791193824946.084,Normal,0.9687
vm2,147742,20261005-094315_clu_vm24_rate20_lat1node_r3,8263,perf_20261005-094315_clu_vm24_rate20_lat1node_r3,2,2084,1791193824895,0,1791193824949.576,75.725,6.325,1791193825031.812,Normal,0.9072
vm2,147742,20261005-094315_clu_vm24_rate20_lat1node_r3,8270,perf_20261005-094315_clu_vm24_rate20_lat1node_r3,2,2085,1791193825245,0,1791193825251.228,55.891,5.464,1791193825312.772,Normal,0.9277
vm2,147742,20261005-094315_clu_vm24_rate20_lat1node_r3,8278,perf_20261005-094315_clu_vm24_rate20_lat1node_r3,2,2086,1791193825645,0,1791193825650.781,83.375,5.914,1791193825740.255,Normal,0.9759
vm2,147742,20261005-094315_clu_vm24_rate20_lat1node_r3,8284,perf_20261005-094315_clu_vm24_rate20_lat1node_r3,2,2087,1791193825945,0,1791193825952.34,69.844,5.411,1791193826027.792,Normal,0.9608
vm2,147742,20261005-094315_clu_vm24_rate20_lat1node_r3,8289,perf_20261005-094315_clu_vm24_rate20_lat1node_r3,2,2088,1791193826195,0,1791193826200.244,60.213,5.162,1791193826265.804,Normal,0.9389
vm2,147742,20261005-094315_clu_vm24_rate20_lat1node_r3,8290,perf_20261005-094315_clu_vm24_rate20_lat1node_r3,2,2089,1791193826245,0,1791193826268.232,55.671,6.11,1791193826330.188,Normal,0.9389
vm2,147742,20261005-094315_clu_vm24_rate20_lat1node_r3,8294,perf_20261005-094315_clu_vm24_rate20_lat1node_r3,2,2090,1791193826445,0,1791193826450.359,64.302,5.366,1791193826520.204,Normal,0.8045
vm2,147742,20261005-094315_clu_vm24_rate20_lat1node_r3,8302,perf_20261005-094315_clu_vm24_rate20_lat1node_r3,2,2091,1791193826845,0,1791193826850.534,63.722,4.841,1791193826919.267,Normal,0.9553
vm2,147742,20261005-094315_clu_vm24_rate20_lat1node_r3,8304,perf_20261005-094315_clu_vm24_rate20_lat1node_r3,2,2092,1791193826945,0,1791193826949.732,78.459,5.522,1791193827033.896,Normal,0.9662
vm2,147742,20261005-094315_clu_vm24_rate20_lat1node_r3,8307,perf_20261005-094315_clu_vm24_rate20_lat1node_r3,2,2093,1791193827095,0,1791193827099.529,80.152,5.671,1791193827185.543,Normal,0.9709
vm2,147742,20261005-094315_clu_vm24_rate20_lat1node_r3,8310,perf_20261005-094315_clu_vm24_rate20_lat1node_r3,2,2094,1791193827245,0,1791193827250.715,82.806,5.249,1791193827338.949,Normal,0.9465
vm2,147742,20261005-094315_clu_vm24_rate20_lat1node_r3,8313,perf_20261005-094315_clu_vm24_rate20_lat1node_r3,2,2095,1791193827395,0,1791193827400.709,71.873,5.136,1791193827477.899,Normal,0.9607
vm2,147742,20261005-094315_clu_vm24_rate20_lat1node_r3,8314,perf_20261005-094315_clu_vm24_rate20_lat1node_r3,2,2096,1791193827445,0,1791193827480.377,51.304,5.128,1791193827536.982,Normal,0.9157
vm2,147742,20261005-094315_clu_vm24_rate20_lat1node_r3,8316,perf_20261005-094315_clu_vm24_rate20_lat1node_r3,2,2097,1791193827545,0,1791193827549.146,56.372,5.095,1791193827610.783,Normal,0.8954
vm2,147742,20261005-094315_clu_vm24_rate20_lat1node_r3,8318,perf_20261005-094315_clu_vm24_rate20_lat1node_r3,2,2098,1791193827645,0,1791193827650.489,208.132,5.414,1791193827864.237,Normal,0.9667
vm2,147742,20261005-094315_clu_vm24_rate20_lat1node_r3,8326,perf_20261005-094315_clu_vm24_rate20_lat1node_r3,2,2099,1791193828045,0,1791193828050.913,86.394,5.812,1791193828143.326,Normal,0.978
vm2,147742,20261005-094315_clu_vm24_rate20_lat1node_r3,8329,perf_20261005-094315_clu_vm24_rate20_lat1node_r3,2,2100,1791193828195,0,1791193828200.89,63.631,5.993,1791193828270.698,Normal,0.959
vm2,147742,20261005-094315_clu_vm24_rate20_lat1node_r3,8333,perf_20261005-094315_clu_vm24_rate20_lat1node_r3,2,2101,1791193828395,0,1791193828400.452,67.858,5.069,1791193828473.585,Normal,0.9255
vm2,147742,20261005-094315_clu_vm24_rate20_lat1node_r3,8336,perf_20261005-094315_clu_vm24_rate20_lat1node_r3,2,2102,1791193828545,0,1791193828550.513,57.301,5.139,1791193828613.143,Normal,0.9255
vm2,147742,20261005-094315_clu_vm24_rate20_lat1node_r3,8341,perf_20261005-094315_clu_vm24_rate20_lat1node_r3,2,2103,1791193828795,0,1791193828800.405,70.402,5.073,1791193828876.066,Normal,0.8548
vm2,147742,20261005-094315_clu_vm24_rate20_lat1node_r3,8346,perf_20261005-094315_clu_vm24_rate20_lat1node_r3,2,2104,1791193829045,0,1791193829050.285,57.728,5.273,1791193829113.469,Normal,0.8308
vm2,147742,20261005-094315_clu_vm24_rate20_lat1node_r3,8347,perf_20261005-094315_clu_vm24_rate20_lat1node_r3,2,2105,1791193829095,0,1791193829115.899,61.018,5.195,1791193829182.286,Normal,0.9168
vm2,147742,20261005-094315_clu_vm24_rate20_lat1node_r3,8356,perf_20261005-094315_clu_vm24_rate20_lat1node_r3,2,2106,1791193829545,0,1791193829550.872,96.756,4.714,1791193829652.525,Normal,0.9293
vm2,147742,20261005-094315_clu_vm24_rate20_lat1node_r3,8360,perf_20261005-094315_clu_vm24_rate20_lat1node_r3,2,2107,1791193829745,0,1791193829750.341,58.374,5.077,1791193829813.975,Normal,0.9491
vm2,147742,20261005-094315_clu_vm24_rate20_lat1node_r3,8363,perf_20261005-094315_clu_vm24_rate20_lat1node_r3,2,2108,1791193829895,0,1791193829900.888,100.059,5.003,1791193830006.168,Normal,0.9429
vm2,147742,20261005-094315_clu_vm24_rate20_lat1node_r3,8365,perf_20261005-094315_clu_vm24_rate20_lat1node_r3,2,2109,1791193829995,0,1791193830009.365,62.382,5.066,1791193830076.995,Normal,0.9016
vm2,147742,20261005-094315_clu_vm24_rate20_lat1node_r3,8367,perf_20261005-094315_clu_vm24_rate20_lat1node_r3,2,2110,1791193830095,0,1791193830099.41,82.958,4.991,1791193830187.535,Normal,0.7922
vm2,147742,20261005-094315_clu_vm24_rate20_lat1node_r3,8368,perf_20261005-094315_clu_vm24_rate20_lat1node_r3,2,2111,1791193830145,0,1791193830189.953,51.182,4.869,1791193830246.214,Normal,0.9483
vm2,147742,20261005-094315_clu_vm24_rate20_lat1node_r3,8374,perf_20261005-094315_clu_vm24_rate20_lat1node_r3,2,2112,1791193830445,0,1791193830449.795,54.057,5.293,1791193830509.335,Normal,0.9178
vm2,147742,20261005-094315_clu_vm24_rate20_lat1node_r3,8378,perf_20261005-094315_clu_vm24_rate20_lat1node_r3,2,2113,1791193830646,0,1791193830651.38,89.922,5.38,1791193830746.867,Normal,0.9647
vm2,147742,20261005-094315_clu_vm24_rate20_lat1node_r3,8389,perf_20261005-094315_clu_vm24_rate20_lat1node_r3,2,2114,1791193831195,0,1791193831200.05,76.515,5.456,1791193831282.212,Normal,0.5529
vm2,147742,20261005-094315_clu_vm24_rate20_lat1node_r3,8394,perf_20261005-094315_clu_vm24_rate20_lat1node_r3,2,2115,1791193831445,0,1791193831450.296,57.405,4.94,1791193831512.826,Normal,0.9677
vm2,147742,20261005-094315_clu_vm24_rate20_lat1node_r3,8396,perf_20261005-094315_clu_vm24_rate20_lat1node_r3,2,2116,1791193831545,0,1791193831550.176,56.873,4.734,1791193831611.968,Normal,0.9181
vm2,147742,20261005-094315_clu_vm24_rate20_lat1node_r3,8398,perf_20261005-094315_clu_vm24_rate20_lat1node_r3,2,2117,1791193831645,0,1791193831650.464,62.146,5.311,1791193831718.104,Normal,0.9423
vm2,147742,20261005-094315_clu_vm24_rate20_lat1node_r3,8402,perf_20261005-094315_clu_vm24_rate20_lat1node_r3,2,2118,1791193831845,0,1791193831850.372,73.012,4.894,1791193831928.467,Normal,0.8354
vm2,147742,20261005-094315_clu_vm24_rate20_lat1node_r3,8405,perf_20261005-094315_clu_vm24_rate20_lat1node_r3,2,2119,1791193831995,0,1791193831999.902,62.097,5.461,1791193832067.651,Normal,0.9423
vm2,147742,20261005-094315_clu_vm24_rate20_lat1node_r3,8406,perf_20261005-094315_clu_vm24_rate20_lat1node_r3,2,2120,1791193832046,0,1791193832070.399,51.407,4.677,1791193832126.663,Normal,0.9614
vm2,147742,20261005-094315_clu_vm24_rate20_lat1node_r3,8407,perf_20261005-094315_clu_vm24_rate20_lat1node_r3,2,2121,1791193832095,0,1791193832129.028,83.743,5.539,1791193832218.497,Normal,0.9609
vm2,147742,20261005-094315_clu_vm24_rate20_lat1node_r3,8410,perf_20261005-094315_clu_vm24_rate20_lat1node_r3,2,2122,1791193832245,0,1791193832250.437,70.891,6.899,1791193832328.431,Normal,0.8931
vm2,147742,20261005-094315_clu_vm24_rate20_lat1node_r3,8411,perf_20261005-094315_clu_vm24_rate20_lat1node_r3,2,2123,1791193832296,0,1791193832331.203,51.131,6.39,1791193832388.893,Normal,0.9564
vm2,147742,20261005-094315_clu_vm24_rate20_lat1node_r3,8412,perf_20261005-094315_clu_vm24_rate20_lat1node_r3,2,2124,1791193832346,0,1791193832391.745,62.944,6.5,1791193832461.377,Normal,0.9639
vm2,147742,20261005-094315_clu_vm24_rate20_lat1node_r3,8413,perf_20261005-094315_clu_vm24_rate20_lat1node_r3,2,2125,1791193832395,0,1791193832464.672,78.851,5.217,1791193832548.928,Normal,0.9669
vm2,147742,20261005-094315_clu_vm24_rate20_lat1node_r3,8417,perf_20261005-094315_clu_vm24_rate20_lat1node_r3,2,2126,1791193832595,0,1791193832599.985,82.078,5.514,1791193832687.764,Normal,0.4952
vm2,147742,20261005-094315_clu_vm24_rate20_lat1node_r3,8422,perf_20261005-094315_clu_vm24_rate20_lat1node_r3,2,2127,1791193832845,0,1791193832850.581,72.854,5.294,1791193832928.884,Normal,0.9602
vm2,147742,20261005-094315_clu_vm24_rate20_lat1node_r3,8424,perf_20261005-094315_clu_vm24_rate20_lat1node_r3,2,2128,1791193832945,0,1791193832950.186,86.794,5.818,1791193833042.978,Normal,0.9015
vm2,147742,20261005-094315_clu_vm24_rate20_lat1node_r3,8426,perf_20261005-094315_clu_vm24_rate20_lat1node_r3,2,2129,1791193833045,0,1791193833050.101,56.32,6.819,1791193833113.417,Normal,0.9275
vm2,147742,20261005-094315_clu_vm24_rate20_lat1node_r3,8436,perf_20261005-094315_clu_vm24_rate20_lat1node_r3,2,2130,1791193833545,0,1791193833549.787,68.762,5.158,1791193833623.914,Normal,0.9604
vm2,147742,20261005-094315_clu_vm24_rate20_lat1node_r3,8438,perf_20261005-094315_clu_vm24_rate20_lat1node_r3,2,2131,1791193833645,0,1791193833649.372,57.602,4.643,1791193833711.799,Normal,0.882
vm2,147742,20261005-094315_clu_vm24_rate20_lat1node_r3,8439,perf_20261005-094315_clu_vm24_rate20_lat1node_r3,2,2132,1791193833695,0,1791193833714.218,62.296,5.363,1791193833782.05,Normal,0.8816
vm2,147742,20261005-094315_clu_vm24_rate20_lat1node_r3,8443,perf_20261005-094315_clu_vm24_rate20_lat1node_r3,2,2133,1791193833895,0,1791193833900.491,87.51,5.237,1791193833993.422,Normal,0.4318
vm2,147742,20261005-094315_clu_vm24_rate20_lat1node_r3,8445,perf_20261005-094315_clu_vm24_rate20_lat1node_r3,2,2134,1791193833995,0,1791193834000.073,183.354,6.241,1791193834189.858,Normal,0.9692
vm2,147742,20261005-094315_clu_vm24_rate20_lat1node_r3,8447,perf_20261005-094315_clu_vm24_rate20_lat1node_r3,2,2135,1791193834095,0,1791193834192.903,71.621,4.916,1791193834269.633,Normal,0.9144
vm2,147742,20261005-094315_clu_vm24_rate20_lat1node_r3,8451,perf_20261005-094315_clu_vm24_rate20_lat1node_r3,2,2136,1791193834295,0,1791193834299.919,69.427,5.224,1791193834374.751,Normal,0.9271
vm2,147742,20261005-094315_clu_vm24_rate20_lat1node_r3,8461,perf_20261005-094315_clu_vm24_rate20_lat1node_r3,2,2137,1791193834795,0,1791193834800.559,69.397,5.342,1791193834875.485,Normal,0.9589
vm2,147742,20261005-094315_clu_vm24_rate20_lat1node_r3,8470,perf_20261005-094315_clu_vm24_rate20_lat1node_r3,2,2138,1791193835245,0,1791193835250.677,91.74,5.373,1791193835347.984,Normal,0.9377
vm2,147742,20261005-094315_clu_vm24_rate20_lat1node_r3,8471,perf_20261005-094315_clu_vm24_rate20_lat1node_r3,2,2139,1791193835295,0,1791193835350.5,57.574,5.615,1791193835413.857,Normal,0.9397
vm2,147742,20261005-094315_clu_vm24_rate20_lat1node_r3,8482,perf_20261005-094315_clu_vm24_rate20_lat1node_r3,2,2140,1791193835845,0,1791193835850.299,60.118,5.341,1791193835915.949,Normal,0.9643
vm2,147742,20261005-094315_clu_vm24_rate20_lat1node_r3,8487,perf_20261005-094315_clu_vm24_rate20_lat1node_r3,2,2141,1791193836095,0,1791193836100.378,83.289,5.776,1791193836189.629,Normal,0.9582
vm2,147742,20261005-094315_clu_vm24_rate20_lat1node_r3,8489,perf_20261005-094315_clu_vm24_rate20_lat1node_r3,2,2142,1791193836195,0,1791193836199.061,78.496,5.166,1791193836282.905,Normal,0.506
vm2,147742,20261005-094315_clu_vm24_rate20_lat1node_r3,8493,perf_20261005-094315_clu_vm24_rate20_lat1node_r3,2,2143,1791193836395,0,1791193836400.791,67.148,5.507,1791193836473.64,Normal,0.9682
vm2,147742,20261005-094315_clu_vm24_rate20_lat1node_r3,8497,perf_20261005-094315_clu_vm24_rate20_lat1node_r3,2,2144,1791193836595,0,1791193836599.637,68.72,4.615,1791193836673.163,Normal,0.9427
vm2,147742,20261005-094315_clu_vm24_rate20_lat1node_r3,8498,perf_20261005-094315_clu_vm24_rate20_lat1node_r3,2,2145,1791193836645,0,1791193836675.838,116.469,7.606,1791193836800.099,Normal,0.936
vm2,147742,20261005-094315_clu_vm24_rate20_lat1node_r3,8500,perf_20261005-094315_clu_vm24_rate20_lat1node_r3,2,2146,1791193836745,0,1791193836802.942,58.184,4.137,1791193836865.534,Normal,0.9232
vm2,147742,20261005-094315_clu_vm24_rate20_lat1node_r3,8501,perf_20261005-094315_clu_vm24_rate20_lat1node_r3,2,2147,1791193836795,0,1791193836865.746,97.632,5.298,1791193836968.86,Normal,0.8965
vm2,147742,20261005-094315_clu_vm24_rate20_lat1node_r3,8502,perf_20261005-094315_clu_vm24_rate20_lat1node_r3,2,2148,1791193836845,0,1791193836971.322,59.608,5.421,1791193837036.533,Normal,0.9437
vm2,147742,20261005-094315_clu_vm24_rate20_lat1node_r3,8515,perf_20261005-094315_clu_vm24_rate20_lat1node_r3,2,2149,1791193837495,0,1791193837500.277,98.806,4.593,1791193837603.868,Normal,0.8102
vm2,147742,20261005-094315_clu_vm24_rate20_lat1node_r3,8518,perf_20261005-094315_clu_vm24_rate20_lat1node_r3,2,2150,1791193837646,0,1791193837650.411,83.465,5.366,1791193837739.435,Normal,0.9102
vm2,147742,20261005-094315_clu_vm24_rate20_lat1node_r3,8519,perf_20261005-094315_clu_vm24_rate20_lat1node_r3,2,2151,1791193837696,0,1791193837742.037,181.397,5.516,1791193837929.15,Normal,0.7638
vm2,147742,20261005-094315_clu_vm24_rate20_lat1node_r3,8521,perf_20261005-094315_clu_vm24_rate20_lat1node_r3,2,2152,1791193837795,0,1791193837932.251,78.247,6.141,1791193838016.823,Normal,0.9564
vm2,147742,20261005-094315_clu_vm24_rate20_lat1node_r3,8527,perf_20261005-094315_clu_vm24_rate20_lat1node_r3,2,2153,1791193838095,0,1791193838101.001,246.669,5.072,1791193838352.94,Normal,0.9749
vm2,147742,20261005-094315_clu_vm24_rate20_lat1node_r3,8531,perf_20261005-094315_clu_vm24_rate20_lat1node_r3,2,2154,1791193838295,0,1791193838355.644,60.992,5.413,1791193838422.226,Normal,0.964
vm2,147742,20261005-094315_clu_vm24_rate20_lat1node_r3,8535,perf_20261005-094315_clu_vm24_rate20_lat1node_r3,2,2155,1791193838495,0,1791193838499.465,62.028,5.676,1791193838567.353,Normal,0.9556
vm2,147742,20261005-094315_clu_vm24_rate20_lat1node_r3,8538,perf_20261005-094315_clu_vm24_rate20_lat1node_r3,2,2156,1791193838645,0,1791193838650.137,79.639,5.112,1791193838735.077,Normal,0.9643
vm2,147742,20261005-094315_clu_vm24_rate20_lat1node_r3,8545,perf_20261005-094315_clu_vm24_rate20_lat1node_r3,2,2157,1791193838995,0,1791193839000.013,121.966,4.872,1791193839127.054,Normal,0.9751
vm2,147742,20261005-094315_clu_vm24_rate20_lat1node_r3,8548,perf_20261005-094315_clu_vm24_rate20_lat1node_r3,2,2158,1791193839145,0,1791193839150.335,75.948,5.193,1791193839231.672,Normal,0.9752
vm2,147742,20261005-094315_clu_vm24_rate20_lat1node_r3,8558,perf_20261005-094315_clu_vm24_rate20_lat1node_r3,2,2159,1791193839645,0,1791193839650.986,68.157,5.945,1791193839725.277,Normal,0.5139
vm2,147742,20261005-094315_clu_vm24_rate20_lat1node_r3,8563,perf_20261005-094315_clu_vm24_rate20_lat1node_r3,2,2160,1791193839895,0,1791193839900.094,79.613,5.382,1791193839985.283,Normal,0.9449
vm2,147742,20261005-094315_clu_vm24_rate20_lat1node_r3,8564,perf_20261005-094315_clu_vm24_rate20_lat1node_r3,2,2161,1791193839945,0,1791193839987.762,52.699,6.865,1791193840047.512,Normal,0.9597
vm2,147742,20261005-094315_clu_vm24_rate20_lat1node_r3,8566,perf_20261005-094315_clu_vm24_rate20_lat1node_r3,2,2162,1791193840045,0,1791193840049.887,65.742,4.952,1791193840120.766,Normal,0.9228
vm2,147742,20261005-094315_clu_vm24_rate20_lat1node_r3,8573,perf_20261005-094315_clu_vm24_rate20_lat1node_r3,2,2163,1791193840395,0,1791193840400.255,92.798,5.367,1791193840498.676,Normal,0.9606
vm2,147742,20261005-094315_clu_vm24_rate20_lat1node_r3,8575,perf_20261005-094315_clu_vm24_rate20_lat1node_r3,2,2164,1791193840495,0,1791193840501.062,67.93,5.64,1791193840574.819,Normal,0.9694
vm2,147742,20261005-094315_clu_vm24_rate20_lat1node_r3,8576,perf_20261005-094315_clu_vm24_rate20_lat1node_r3,2,2165,1791193840545,0,1791193840577.172,58.795,4.873,1791193840641.02,Normal,0.9747
vm2,147742,20261005-094315_clu_vm24_rate20_lat1node_r3,8578,perf_20261005-094315_clu_vm24_rate20_lat1node_r3,2,2166,1791193840645,0,1791193840649.342,62.246,4.817,1791193840716.588,Normal,0.9667
vm2,147742,20261005-094315_clu_vm24_rate20_lat1node_r3,8583,perf_20261005-094315_clu_vm24_rate20_lat1node_r3,2,2167,1791193840895,0,1791193840900.04,62.279,4.803,1791193840967.307,Normal,0.9479
vm2,147742,20261005-094315_clu_vm24_rate20_lat1node_r3,8584,perf_20261005-094315_clu_vm24_rate20_lat1node_r3,2,2168,1791193840945,0,1791193840969.707,76.557,5.196,1791193841051.663,Normal,0.9473
vm2,147742,20261005-094315_clu_vm24_rate20_lat1node_r3,8588,perf_20261005-094315_clu_vm24_rate20_lat1node_r3,2,2169,1791193841145,0,1791193841150.001,65.07,4.458,1791193841219.715,Normal,0.901
vm2,147742,20261005-094315_clu_vm24_rate20_lat1node_r3,8593,perf_20261005-094315_clu_vm24_rate20_lat1node_r3,2,2170,1791193841395,0,1791193841400.596,83.072,4.483,1791193841488.363,Normal,0.9099
vm2,147742,20261005-094315_clu_vm24_rate20_lat1node_r3,8595,perf_20261005-094315_clu_vm24_rate20_lat1node_r3,2,2171,1791193841495,0,1791193841499.102,67.746,4.913,1791193841571.943,Normal,0.9479
vm2,147742,20261005-094315_clu_vm24_rate20_lat1node_r3,8598,perf_20261005-094315_clu_vm24_rate20_lat1node_r3,2,2172,1791193841645,0,1791193841650.387,83.269,4.897,1791193841738.737,Normal,0.953
vm2,147742,20261005-094315_clu_vm24_rate20_lat1node_r3,8601,perf_20261005-094315_clu_vm24_rate20_lat1node_r3,2,2173,1791193841795,0,1791193841799.964,79.545,4.45,1791193841884.164,Normal,0.962
vm2,147742,20261005-094315_clu_vm24_rate20_lat1node_r3,8604,perf_20261005-094315_clu_vm24_rate20_lat1node_r3,2,2174,1791193841945,0,1791193841950.414,75.228,4.978,1791193842030.809,Normal,0.9334
vm2,147742,20261005-094315_clu_vm24_rate20_lat1node_r3,8606,perf_20261005-094315_clu_vm24_rate20_lat1node_r3,2,2175,1791193842045,0,1791193842049.816,66.097,4.711,1791193842120.809,Normal,0.9509
vm2,147742,20261005-094315_clu_vm24_rate20_lat1node_r3,8609,perf_20261005-094315_clu_vm24_rate20_lat1node_r3,2,2176,1791193842195,0,1791193842199.688,68.221,4.519,1791193842272.619,Normal,0.9119
vm2,147742,20261005-094315_clu_vm24_rate20_lat1node_r3,8610,perf_20261005-094315_clu_vm24_rate20_lat1node_r3,2,2177,1791193842245,0,1791193842275.2,71.194,5.705,1791193842352.299,Normal,0.9612
vm2,147742,20261005-094315_clu_vm24_rate20_lat1node_r3,8621,perf_20261005-094315_clu_vm24_rate20_lat1node_r3,2,2178,1791193842795,0,1791193842800.222,90.346,5.401,1791193842896.159,Normal,0.7882
vm2,147742,20261005-094315_clu_vm24_rate20_lat1node_r3,8625,perf_20261005-094315_clu_vm24_rate20_lat1node_r3,2,2179,1791193842995,0,1791193843000.107,56.611,4.853,1791193843061.769,Normal,0.9556
vm2,147742,20261005-094315_clu_vm24_rate20_lat1node_r3,8629,perf_20261005-094315_clu_vm24_rate20_lat1node_r3,2,2180,1791193843195,0,1791193843200.987,128.871,4.314,1791193843334.361,Normal,0.931
vm2,147742,20261005-094315_clu_vm24_rate20_lat1node_r3,8634,perf_20261005-094315_clu_vm24_rate20_lat1node_r3,2,2181,1791193843445,0,1791193843450.168,97.126,4.831,1791193843552.312,Normal,0.9275
vm2,147742,20261005-094315_clu_vm24_rate20_lat1node_r3,8642,perf_20261005-094315_clu_vm24_rate20_lat1node_r3,2,2182,1791193843845,0,1791193843849.869,58.973,4.68,1791193843913.711,Normal,0.9081
vm2,147742,20261005-094315_clu_vm24_rate20_lat1node_r3,8646,perf_20261005-094315_clu_vm24_rate20_lat1node_r3,2,2183,1791193844045,0,1791193844050.609,61.166,6.161,1791193844118.12,Normal,0.9081
vm2,147742,20261005-094315_clu_vm24_rate20_lat1node_r3,8651,perf_20261005-094315_clu_vm24_rate20_lat1node_r3,2,2184,1791193844295,0,1791193844300.762,82.218,5.808,1791193844388.981,Normal,0.9715
vm2,147742,20261005-094315_clu_vm24_rate20_lat1node_r3,8654,perf_20261005-094315_clu_vm24_rate20_lat1node_r3,2,2185,1791193844445,0,1791193844450.144,66.425,5.484,1791193844522.249,Normal,0.9264
vm2,147742,20261005-094315_clu_vm24_rate20_lat1node_r3,8663,perf_20261005-094315_clu_vm24_rate20_lat1node_r3,2,2186,1791193844895,0,1791193844900.725,81.104,4.924,1791193844986.949,Normal,0.933
vm2,147742,20261005-094315_clu_vm24_rate20_lat1node_r3,8667,perf_20261005-094315_clu_vm24_rate20_lat1node_r3,2,2187,1791193845095,0,1791193845100.123,90.823,5.393,1791193845196.53,Normal,0.9651
vm2,147742,20261005-094315_clu_vm24_rate20_lat1node_r3,8670,perf_20261005-094315_clu_vm24_rate20_lat1node_r3,2,2188,1791193845245,0,1791193845250.872,167.507,5.839,1791193845424.417,Normal,0.9761
vm2,147742,20261005-094315_clu_vm24_rate20_lat1node_r3,8671,perf_20261005-094315_clu_vm24_rate20_lat1node_r3,2,2189,1791193845295,0,1791193845427.579,149.976,5.034,1791193845582.775,Normal,0.9741
vm2,147742,20261005-094315_clu_vm24_rate20_lat1node_r3,8681,perf_20261005-094315_clu_vm24_rate20_lat1node_r3,2,2190,1791193845795,0,1791193845800.354,88.077,6.476,1791193845895.106,Normal,0.9696
vm2,147742,20261005-094315_clu_vm24_rate20_lat1node_r3,8691,perf_20261005-094315_clu_vm24_rate20_lat1node_r3,2,2191,1791193846295,0,1791193846300.153,108.473,5.194,1791193846414.022,Normal,0.9358
vm2,147742,20261005-094315_clu_vm24_rate20_lat1node_r3,8694,perf_20261005-094315_clu_vm24_rate20_lat1node_r3,2,2192,1791193846445,0,1791193846450.263,131.902,5.326,1791193846587.687,Normal,0.9307
vm2,147742,20261005-094315_clu_vm24_rate20_lat1node_r3,8711,perf_20261005-094315_clu_vm24_rate20_lat1node_r3,2,2193,1791193847295,0,1791193847300.51,112.487,5.068,1791193847418.244,Normal,0.9715
vm2,147742,20261005-094315_clu_vm24_rate20_lat1node_r3,8713,perf_20261005-094315_clu_vm24_rate20_lat1node_r3,2,2194,1791193847395,0,1791193847420.713,135.139,4.806,1791193847560.849,Normal,0.8688
vm2,147742,20261005-094315_clu_vm24_rate20_lat1node_r3,8721,perf_20261005-094315_clu_vm24_rate20_lat1node_r3,2,2195,1791193847795,0,1791193847800.291,73.538,6.375,1791193847880.388,Normal,0.9543
vm2,147742,20261005-094315_clu_vm24_rate20_lat1node_r3,8728,perf_20261005-094315_clu_vm24_rate20_lat1node_r3,2,2196,1791193848145,0,1791193848150.659,66.882,4.69,1791193848222.423,Normal,0.912
vm2,147742,20261005-094315_clu_vm24_rate20_lat1node_r3,8731,perf_20261005-094315_clu_vm24_rate20_lat1node_r3,2,2197,1791193848295,0,1791193848301.779,141.604,4.556,1791193848448.131,Normal,0.974
vm2,147742,20261005-094315_clu_vm24_rate20_lat1node_r3,8744,perf_20261005-094315_clu_vm24_rate20_lat1node_r3,2,2198,1791193848946,0,1791193848953.296,99.151,5.691,1791193849058.321,Normal,0.9688
vm2,147742,20261005-094315_clu_vm24_rate20_lat1node_r3,8745,perf_20261005-094315_clu_vm24_rate20_lat1node_r3,2,2199,1791193848995,0,1791193849060.614,88.738,5.665,1791193849155.197,Normal,0.91
vm2,147742,20261005-094315_clu_vm24_rate20_lat1node_r3,8747,perf_20261005-094315_clu_vm24_rate20_lat1node_r3,2,2200,1791193849095,0,1791193849157.894,71.25,5.629,1791193849235.0,Normal,0.9646
vm2,147742,20261005-094315_clu_vm24_rate20_lat1node_r3,8749,perf_20261005-094315_clu_vm24_rate20_lat1node_r3,2,2201,1791193849195,0,1791193849238.41,82.608,3.847,1791193849325.042,Normal,0.9565
vm2,147742,20261005-094315_clu_vm24_rate20_lat1node_r3,8750,perf_20261005-094315_clu_vm24_rate20_lat1node_r3,2,2202,1791193849245,0,1791193849327.619,66.825,5.58,1791193849400.227,Normal,0.9676
vm2,147742,20261005-094315_clu_vm24_rate20_lat1node_r3,8752,perf_20261005-094315_clu_vm24_rate20_lat1node_r3,2,2203,1791193849345,0,1791193849402.599,52.679,5.332,1791193849460.784,Normal,0.9608
vm2,147742,20261005-094315_clu_vm24_rate20_lat1node_r3,8756,perf_20261005-094315_clu_vm24_rate20_lat1node_r3,2,2204,1791193849545,0,1791193849550.442,68.148,5.354,1791193849624.127,Normal,0.9117
vm2,147742,20261005-094315_clu_vm24_rate20_lat1node_r3,8764,perf_20261005-094315_clu_vm24_rate20_lat1node_r3,2,2205,1791193849945,0,1791193849951.094,171.886,4.756,1791193850127.925,Normal,0.9679
vm2,147742,20261005-094315_clu_vm24_rate20_lat1node_r3,8766,perf_20261005-094315_clu_vm24_rate20_lat1node_r3,2,2206,1791193850045,0,1791193850130.399,61.461,5.307,1791193850197.344,Normal,0.9532
vm2,147742,20261005-094315_clu_vm24_rate20_lat1node_r3,8768,perf_20261005-094315_clu_vm24_rate20_lat1node_r3,2,2207,1791193850145,0,1791193850200.073,58.199,5.341,1791193850263.788,Normal,0.9645
vm2,147742,20261005-094315_clu_vm24_rate20_lat1node_r3,8769,perf_20261005-094315_clu_vm24_rate20_lat1node_r3,2,2208,1791193850195,0,1791193850263.992,64.658,4.839,1791193850333.662,Normal,0.9601
vm2,147742,20261005-094315_clu_vm24_rate20_lat1node_r3,8772,perf_20261005-094315_clu_vm24_rate20_lat1node_r3,2,2209,1791193850345,0,1791193850350.071,67.064,6.007,1791193850423.403,Normal,0.9519
vm2,147742,20261005-094315_clu_vm24_rate20_lat1node_r3,8774,perf_20261005-094315_clu_vm24_rate20_lat1node_r3,2,2210,1791193850445,0,1791193850450.427,68.715,4.898,1791193850524.22,Normal,0.9528
vm2,147742,20261005-094315_clu_vm24_rate20_lat1node_r3,8780,perf_20261005-094315_clu_vm24_rate20_lat1node_r3,2,2211,1791193850745,0,1791193850750.565,75.897,4.557,1791193850831.199,Normal,0.9637
vm2,147742,20261005-094315_clu_vm24_rate20_lat1node_r3,8784,perf_20261005-094315_clu_vm24_rate20_lat1node_r3,2,2212,1791193850945,0,1791193850950.122,56.827,4.986,1791193851012.123,Normal,0.8661
vm2,147742,20261005-094315_clu_vm24_rate20_lat1node_r3,8786,perf_20261005-094315_clu_vm24_rate20_lat1node_r3,2,2213,1791193851045,0,1791193851050.532,57.339,5.244,1791193851113.329,Normal,0.953
vm2,147742,20261005-094315_clu_vm24_rate20_lat1node_r3,8788,perf_20261005-094315_clu_vm24_rate20_lat1node_r3,2,2214,1791193851145,0,1791193851150.627,57.221,4.956,1791193851212.988,Normal,0.9375
vm2,147742,20261005-094315_clu_vm24_rate20_lat1node_r3,8789,perf_20261005-094315_clu_vm24_rate20_lat1node_r3,2,2215,1791193851195,0,1791193851215.546,81.005,5.402,1791193851302.115,Normal,0.9587
vm2,147742,20261005-094315_clu_vm24_rate20_lat1node_r3,8792,perf_20261005-094315_clu_vm24_rate20_lat1node_r3,2,2216,1791193851346,0,1791193851350.455,68.947,5.09,1791193851424.676,Normal,0.9603
vm2,147742,20261005-094315_clu_vm24_rate20_lat1node_r3,8795,perf_20261005-094315_clu_vm24_rate20_lat1node_r3,2,2217,1791193851495,0,1791193851500.203,66.418,5.489,1791193851572.298,Normal,0.94
vm2,147742,20261005-094315_clu_vm24_rate20_lat1node_r3,8796,perf_20261005-094315_clu_vm24_rate20_lat1node_r3,2,2218,1791193851545,0,1791193851574.943,60.763,5.1,1791193851640.992,Normal,0.967
vm2,147742,20261005-094315_clu_vm24_rate20_lat1node_r3,8798,perf_20261005-094315_clu_vm24_rate20_lat1node_r3,2,2219,1791193851645,0,1791193851649.662,69.126,4.687,1791193851723.653,Normal,0.9706
vm2,147742,20261005-094315_clu_vm24_rate20_lat1node_r3,8801,perf_20261005-094315_clu_vm24_rate20_lat1node_r3,2,2220,1791193851795,0,1791193851800.91,66.864,5.389,1791193851873.355,Normal,0.9636
vm2,147742,20261005-094315_clu_vm24_rate20_lat1node_r3,8805,perf_20261005-094315_clu_vm24_rate20_lat1node_r3,2,2221,1791193851995,0,1791193852002.293,165.413,5.99,1791193852173.884,Normal,0.9686
vm2,147742,20261005-094315_clu_vm24_rate20_lat1node_r3,8808,perf_20261005-094315_clu_vm24_rate20_lat1node_r3,2,2222,1791193852145,0,1791193852176.439,58.883,5.084,1791193852240.578,HATE,0.5216
vm2,147742,20261005-094315_clu_vm24_rate20_lat1node_r3,8813,perf_20261005-094315_clu_vm24_rate20_lat1node_r3,2,2223,1791193852395,0,1791193852401.456,85.761,4.778,1791193852492.178,Normal,0.9725
vm2,147742,20261005-094315_clu_vm24_rate20_lat1node_r3,8825,perf_20261005-094315_clu_vm24_rate20_lat1node_r3,2,2224,1791193852995,0,1791193852999.845,87.156,5.1,1791193853092.293,Normal,0.9752
vm2,147742,20261005-094315_clu_vm24_rate20_lat1node_r3,8831,perf_20261005-094315_clu_vm24_rate20_lat1node_r3,2,2225,1791193853295,0,1791193853300.489,98.11,5.652,1791193853404.435,Normal,0.6244
vm2,147742,20261005-094315_clu_vm24_rate20_lat1node_r3,8839,perf_20261005-094315_clu_vm24_rate20_lat1node_r3,2,2226,1791193853695,0,1791193853700.635,361.987,4.766,1791193854067.623,Normal,0.9742
vm2,147742,20261005-094315_clu_vm24_rate20_lat1node_r3,8841,perf_20261005-094315_clu_vm24_rate20_lat1node_r3,2,2227,1791193853795,0,1791193854070.774,52.194,6.172,1791193854129.318,Normal,0.9109
vm2,147742,20261005-094315_clu_vm24_rate20_lat1node_r3,8844,perf_20261005-094315_clu_vm24_rate20_lat1node_r3,2,2228,1791193853945,0,1791193854129.522,62.578,6.108,1791193854198.377,Normal,0.9458
vm2,147742,20261005-094315_clu_vm24_rate20_lat1node_r3,8845,perf_20261005-094315_clu_vm24_rate20_lat1node_r3,2,2229,1791193853995,0,1791193854198.571,67.428,6.523,1791193854272.714,Normal,0.8435
vm2,147742,20261005-094315_clu_vm24_rate20_lat1node_r3,8846,perf_20261005-094315_clu_vm24_rate20_lat1node_r3,2,2230,1791193854045,0,1791193854273.025,90.34,5.121,1791193854368.666,Normal,0.9423
vm2,147742,20261005-094315_clu_vm24_rate20_lat1node_r3,8847,perf_20261005-094315_clu_vm24_rate20_lat1node_r3,2,2231,1791193854095,0,1791193854372.192,62.738,5.183,1791193854440.299,Normal,0.9657
vm2,147742,20261005-094315_clu_vm24_rate20_lat1node_r3,8848,perf_20261005-094315_clu_vm24_rate20_lat1node_r3,2,2232,1791193854146,0,1791193854440.563,68.94,4.354,1791193854514.031,Normal,0.9626
vm2,147742,20261005-094315_clu_vm24_rate20_lat1node_r3,8857,perf_20261005-094315_clu_vm24_rate20_lat1node_r3,2,2233,1791193854595,0,1791193854600.147,62.487,5.527,1791193854668.307,Normal,0.9264
vm2,147742,20261005-094315_clu_vm24_rate20_lat1node_r3,8862,perf_20261005-094315_clu_vm24_rate20_lat1node_r3,2,2234,1791193854845,0,1791193854850.296,57.974,4.552,1791193854913.026,Normal,0.9635
vm2,147742,20261005-094315_clu_vm24_rate20_lat1node_r3,8863,perf_20261005-094315_clu_vm24_rate20_lat1node_r3,2,2235,1791193854895,0,1791193854915.421,65.908,4.712,1791193854986.211,Normal,0.9539
vm2,147742,20261005-094315_clu_vm24_rate20_lat1node_r3,8864,perf_20261005-094315_clu_vm24_rate20_lat1node_r3,2,2236,1791193854945,0,1791193854988.731,379.725,5.201,1791193855373.867,Normal,0.9762
vm2,147742,20261005-094315_clu_vm24_rate20_lat1node_r3,8865,perf_20261005-094315_clu_vm24_rate20_lat1node_r3,2,2237,1791193854995,0,1791193855376.562,65.572,4.874,1791193855447.178,Normal,0.9694
vm2,147742,20261005-094315_clu_vm24_rate20_lat1node_r3,8873,perf_20261005-094315_clu_vm24_rate20_lat1node_r3,2,2238,1791193855395,0,1791193855449.748,350.431,5.115,1791193855805.52,Normal,0.6473
vm2,147742,20261005-094315_clu_vm24_rate20_lat1node_r3,8882,perf_20261005-094315_clu_vm24_rate20_lat1node_r3,2,2239,1791193855845,0,1791193855849.755,75.368,5.96,1791193855931.314,Normal,0.9648
vm2,147742,20261005-094315_clu_vm24_rate20_lat1node_r3,8885,perf_20261005-094315_clu_vm24_rate20_lat1node_r3,2,2240,1791193855995,0,1791193856000.082,72.443,4.605,1791193856077.305,Normal,0.9561
vm2,147742,20261005-094315_clu_vm24_rate20_lat1node_r3,8886,perf_20261005-094315_clu_vm24_rate20_lat1node_r3,2,2241,1791193856045,0,1791193856079.782,74.536,5.998,1791193856160.5,Normal,0.9414
vm2,147742,20261005-094315_clu_vm24_rate20_lat1node_r3,8889,perf_20261005-094315_clu_vm24_rate20_lat1node_r3,2,2242,1791193856198,0,1791193856204.763,51.133,5.124,1791193856261.188,Normal,0.9598
vm2,147742,20261005-094315_clu_vm24_rate20_lat1node_r3,8893,perf_20261005-094315_clu_vm24_rate20_lat1node_r3,2,2243,1791193856395,0,1791193856400.025,101.241,5.048,1791193856506.495,Normal,0.832
vm2,147742,20261005-094315_clu_vm24_rate20_lat1node_r3,8895,perf_20261005-094315_clu_vm24_rate20_lat1node_r3,2,2244,1791193856495,0,1791193856508.995,50.74,4.57,1791193856564.499,Normal,0.9464
vm2,147742,20261005-094315_clu_vm24_rate20_lat1node_r3,8902,perf_20261005-094315_clu_vm24_rate20_lat1node_r3,2,2245,1791193856845,0,1791193856850.236,74.583,5.334,1791193856930.337,Normal,0.8878
vm2,147742,20261005-094315_clu_vm24_rate20_lat1node_r3,8904,perf_20261005-094315_clu_vm24_rate20_lat1node_r3,2,2246,1791193856945,0,1791193856950.102,72.339,4.818,1791193857027.433,Normal,0.9339
vm2,147742,20261005-094315_clu_vm24_rate20_lat1node_r3,8907,perf_20261005-094315_clu_vm24_rate20_lat1node_r3,2,2247,1791193857095,0,1791193857100.125,78.648,5.004,1791193857183.959,Normal,0.9591
vm2,147742,20261005-094315_clu_vm24_rate20_lat1node_r3,8927,perf_20261005-094315_clu_vm24_rate20_lat1node_r3,2,2248,1791193858095,0,1791193858099.516,116.668,5.946,1791193858222.307,Normal,0.9326
vm2,147742,20261005-094315_clu_vm24_rate20_lat1node_r3,8931,perf_20261005-094315_clu_vm24_rate20_lat1node_r3,2,2249,1791193858299,0,1791193858305.402,70.004,6.11,1791193858381.719,Normal,0.9201
vm2,147742,20261005-094315_clu_vm24_rate20_lat1node_r3,8934,perf_20261005-094315_clu_vm24_rate20_lat1node_r3,2,2250,1791193858446,0,1791193858451.656,96.753,4.894,1791193858553.487,Normal,0.9122
vm2,147742,20261005-094315_clu_vm24_rate20_lat1node_r3,8937,perf_20261005-094315_clu_vm24_rate20_lat1node_r3,2,2251,1791193858595,0,1791193858600.194,123.004,5.667,1791193858729.043,Normal,0.8053
vm2,147742,20261005-094315_clu_vm24_rate20_lat1node_r3,8941,perf_20261005-094315_clu_vm24_rate20_lat1node_r3,2,2252,1791193858795,0,1791193858800.435,71.761,5.097,1791193858877.475,Normal,0.9077
vm2,147742,20261005-094315_clu_vm24_rate20_lat1node_r3,8944,perf_20261005-094315_clu_vm24_rate20_lat1node_r3,2,2253,1791193858945,0,1791193858949.967,63.803,4.836,1791193859018.782,Normal,0.9779
vm2,147742,20261005-094315_clu_vm24_rate20_lat1node_r3,8945,perf_20261005-094315_clu_vm24_rate20_lat1node_r3,2,2254,1791193858995,0,1791193859021.085,57.028,4.914,1791193859083.199,Normal,0.9372
vm2,147742,20261005-094315_clu_vm24_rate20_lat1node_r3,8946,perf_20261005-094315_clu_vm24_rate20_lat1node_r3,2,2255,1791193859045,0,1791193859085.706,61.3,5.701,1791193859152.872,Normal,0.9556
vm2,147742,20261005-094315_clu_vm24_rate20_lat1node_r3,8950,perf_20261005-094315_clu_vm24_rate20_lat1node_r3,2,2256,1791193859245,0,1791193859250.263,92.273,5.028,1791193859347.754,Normal,0.976
vm2,147742,20261005-094315_clu_vm24_rate20_lat1node_r3,8951,perf_20261005-094315_clu_vm24_rate20_lat1node_r3,2,2257,1791193859295,0,1791193859350.348,352.409,5.32,1791193859708.298,Normal,0.9723
vm2,147742,20261005-094315_clu_vm24_rate20_lat1node_r3,8952,perf_20261005-094315_clu_vm24_rate20_lat1node_r3,2,2258,1791193859346,0,1791193859708.542,87.344,4.756,1791193859800.856,Normal,0.7465
vm2,147742,20261005-094315_clu_vm24_rate20_lat1node_r3,8953,perf_20261005-094315_clu_vm24_rate20_lat1node_r3,2,2259,1791193859395,0,1791193859804.079,68.094,6.558,1791193859878.92,Normal,0.9623
vm2,147742,20261005-094315_clu_vm24_rate20_lat1node_r3,8957,perf_20261005-094315_clu_vm24_rate20_lat1node_r3,2,2260,1791193859595,0,1791193859879.139,65.414,5.35,1791193859950.104,Normal,0.951
vm2,147742,20261005-094315_clu_vm24_rate20_lat1node_r3,8961,perf_20261005-094315_clu_vm24_rate20_lat1node_r3,2,2261,1791193859795,0,1791193859950.314,95.299,3.975,1791193860049.792,Normal,0.9803
vm2,147742,20261005-094315_clu_vm24_rate20_lat1node_r3,8963,perf_20261005-094315_clu_vm24_rate20_lat1node_r3,2,2262,1791193859895,0,1791193860052.428,54.473,4.825,1791193860111.924,Normal,0.9567
vm2,147742,20261005-094315_clu_vm24_rate20_lat1node_r3,8965,perf_20261005-094315_clu_vm24_rate20_lat1node_r3,2,2263,1791193859995,0,1791193860112.144,58.805,5.069,1791193860176.194,Normal,0.9586
vm2,147742,20261005-094315_clu_vm24_rate20_lat1node_r3,8968,perf_20261005-094315_clu_vm24_rate20_lat1node_r3,2,2264,1791193860145,0,1791193860178.829,68.179,4.381,1791193860251.567,Normal,0.9412
vm2,147742,20261005-094315_clu_vm24_rate20_lat1node_r3,8969,perf_20261005-094315_clu_vm24_rate20_lat1node_r3,2,2265,1791193860195,0,1791193860254.288,67.772,5.79,1791193860328.028,Normal,0.9087
vm2,147742,20261005-094315_clu_vm24_rate20_lat1node_r3,8970,perf_20261005-094315_clu_vm24_rate20_lat1node_r3,2,2266,1791193860245,0,1791193860328.252,55.179,10.015,1791193860393.629,Normal,0.9431
vm2,147742,20261005-094315_clu_vm24_rate20_lat1node_r3,8976,perf_20261005-094315_clu_vm24_rate20_lat1node_r3,2,2267,1791193860546,0,1791193860552.113,72.813,5.707,1791193860630.818,Normal,0.9556
vm2,147742,20261005-094315_clu_vm24_rate20_lat1node_r3,8977,perf_20261005-094315_clu_vm24_rate20_lat1node_r3,2,2268,1791193860595,0,1791193860633.067,58.289,7.225,1791193860698.762,Normal,0.964
vm2,147742,20261005-094315_clu_vm24_rate20_lat1node_r3,8978,perf_20261005-094315_clu_vm24_rate20_lat1node_r3,2,2269,1791193860645,0,1791193860701.2,59.341,5.391,1791193860766.111,Normal,0.8734
vm2,147742,20261005-094315_clu_vm24_rate20_lat1node_r3,8982,perf_20261005-094315_clu_vm24_rate20_lat1node_r3,2,2270,1791193860845,0,1791193860849.654,87.803,4.626,1791193860942.273,Normal,0.9144
vm2,147742,20261005-094315_clu_vm24_rate20_lat1node_r3,8986,perf_20261005-094315_clu_vm24_rate20_lat1node_r3,2,2271,1791193861045,0,1791193861051.193,75.425,3.63,1791193861130.441,Normal,0.9523
vm2,147742,20261005-094315_clu_vm24_rate20_lat1node_r3,8994,perf_20261005-094315_clu_vm24_rate20_lat1node_r3,2,2272,1791193861446,0,1791193861451.217,65.034,5.289,1791193861521.732,Normal,0.9534
vm2,147742,20261005-094315_clu_vm24_rate20_lat1node_r3,8998,perf_20261005-094315_clu_vm24_rate20_lat1node_r3,2,2273,1791193861645,0,1791193861650.85,97.432,6.216,1791193861754.691,Normal,0.9387
vm2,147742,20261005-094315_clu_vm24_rate20_lat1node_r3,9001,perf_20261005-094315_clu_vm24_rate20_lat1node_r3,2,2274,1791193861795,0,1791193861801.16,86.756,5.393,1791193861893.488,Normal,0.9592
vm2,147742,20261005-094315_clu_vm24_rate20_lat1node_r3,9005,perf_20261005-094315_clu_vm24_rate20_lat1node_r3,2,2275,1791193861995,0,1791193862000.695,368.928,6.021,1791193862375.886,Normal,0.968
vm2,147742,20261005-094315_clu_vm24_rate20_lat1node_r3,9009,perf_20261005-094315_clu_vm24_rate20_lat1node_r3,2,2276,1791193862195,0,1791193862378.949,68.496,5.206,1791193862452.845,Normal,0.9432
vm2,147742,20261005-094315_clu_vm24_rate20_lat1node_r3,9013,perf_20261005-094315_clu_vm24_rate20_lat1node_r3,2,2277,1791193862396,0,1791193862456.521,74.307,5.378,1791193862536.383,Normal,0.9323
vm2,147742,20261005-094315_clu_vm24_rate20_lat1node_r3,9014,perf_20261005-094315_clu_vm24_rate20_lat1node_r3,2,2278,1791193862445,0,1791193862536.602,82.946,5.467,1791193862625.194,Normal,0.9465
vm2,147742,20261005-094315_clu_vm24_rate20_lat1node_r3,9015,perf_20261005-094315_clu_vm24_rate20_lat1node_r3,2,2279,1791193862495,0,1791193862628.236,78.189,5.263,1791193862711.885,HATE,0.7966
vm2,147742,20261005-094315_clu_vm24_rate20_lat1node_r3,9020,perf_20261005-094315_clu_vm24_rate20_lat1node_r3,2,2280,1791193862746,0,1791193862751.265,62.644,4.892,1791193862819.016,Normal,0.9547
vm2,147742,20261005-094315_clu_vm24_rate20_lat1node_r3,9033,perf_20261005-094315_clu_vm24_rate20_lat1node_r3,2,2281,1791193863396,0,1791193863400.585,96.097,10.775,1791193863507.649,Normal,0.9729
vm2,147742,20261005-094315_clu_vm24_rate20_lat1node_r3,9034,perf_20261005-094315_clu_vm24_rate20_lat1node_r3,2,2282,1791193863445,0,1791193863510.126,67.621,6.577,1791193863584.498,Normal,0.9423
vm2,147742,20261005-094315_clu_vm24_rate20_lat1node_r3,9036,perf_20261005-094315_clu_vm24_rate20_lat1node_r3,2,2283,1791193863545,0,1791193863587.254,56.922,5.816,1791193863650.181,Normal,0.8914
vm2,147742,20261005-094315_clu_vm24_rate20_lat1node_r3,9044,perf_20261005-094315_clu_vm24_rate20_lat1node_r3,2,2284,1791193863945,0,1791193863950.83,121.495,5.603,1791193864078.117,Normal,0.8924
vm2,147742,20261005-094315_clu_vm24_rate20_lat1node_r3,9052,perf_20261005-094315_clu_vm24_rate20_lat1node_r3,2,2285,1791193864345,0,1791193864351.341,98.286,5.213,1791193864455.012,Normal,0.9323
vm2,147742,20261005-094315_clu_vm24_rate20_lat1node_r3,9055,perf_20261005-094315_clu_vm24_rate20_lat1node_r3,2,2286,1791193864495,0,1791193864500.694,75.665,6.519,1791193864583.06,Normal,0.9174
vm2,147742,20261005-094315_clu_vm24_rate20_lat1node_r3,9060,perf_20261005-094315_clu_vm24_rate20_lat1node_r3,2,2287,1791193864745,0,1791193864750.474,121.423,5.378,1791193864877.474,Normal,0.9561
vm2,147742,20261005-094315_clu_vm24_rate20_lat1node_r3,9062,perf_20261005-094315_clu_vm24_rate20_lat1node_r3,2,2288,1791193864845,0,1791193864880.025,71.947,4.766,1791193864956.911,Normal,0.9178
vm2,147742,20261005-094315_clu_vm24_rate20_lat1node_r3,9064,perf_20261005-094315_clu_vm24_rate20_lat1node_r3,2,2289,1791193864945,0,1791193864959.478,60.574,5.368,1791193865025.597,Normal,0.9429
vm2,147742,20261005-094315_clu_vm24_rate20_lat1node_r3,9069,perf_20261005-094315_clu_vm24_rate20_lat1node_r3,2,2290,1791193865195,0,1791193865200.431,69.42,5.332,1791193865275.359,Normal,0.7744
vm2,147742,20261005-094315_clu_vm24_rate20_lat1node_r3,9073,perf_20261005-094315_clu_vm24_rate20_lat1node_r3,2,2291,1791193865395,0,1791193865400.028,96.678,5.247,1791193865502.141,Normal,0.9617
vm2,147742,20261005-094315_clu_vm24_rate20_lat1node_r3,9074,perf_20261005-094315_clu_vm24_rate20_lat1node_r3,2,2292,1791193865445,0,1791193865505.279,75.415,6.23,1791193865587.099,Normal,0.9505
vm2,147742,20261005-094315_clu_vm24_rate20_lat1node_r3,9075,perf_20261005-094315_clu_vm24_rate20_lat1node_r3,2,2293,1791193865495,0,1791193865587.298,58.483,5.89,1791193865651.847,Normal,0.9335
vm2,147742,20261005-094315_clu_vm24_rate20_lat1node_r3,9078,perf_20261005-094315_clu_vm24_rate20_lat1node_r3,2,2294,1791193865646,0,1791193865654.326,51.899,4.475,1791193865710.871,Normal,0.9359
vm2,147742,20261005-094315_clu_vm24_rate20_lat1node_r3,9082,perf_20261005-094315_clu_vm24_rate20_lat1node_r3,2,2295,1791193865845,0,1791193865850.397,73.287,5.639,1791193865929.51,Normal,0.9083
vm2,147742,20261005-094315_clu_vm24_rate20_lat1node_r3,9087,perf_20261005-094315_clu_vm24_rate20_lat1node_r3,2,2296,1791193866095,0,1791193866099.956,71.514,5.377,1791193866177.044,Normal,0.9494
vm2,147742,20261005-094315_clu_vm24_rate20_lat1node_r3,9090,perf_20261005-094315_clu_vm24_rate20_lat1node_r3,2,2297,1791193866245,0,1791193866250.784,99.52,5.73,1791193866356.221,Normal,0.4583
vm2,147742,20261005-094315_clu_vm24_rate20_lat1node_r3,9099,perf_20261005-094315_clu_vm24_rate20_lat1node_r3,2,2298,1791193866695,0,1791193866700.441,87.157,4.645,1791193866792.445,Normal,0.9652
vm2,147742,20261005-094315_clu_vm24_rate20_lat1node_r3,9104,perf_20261005-094315_clu_vm24_rate20_lat1node_r3,2,2299,1791193866945,0,1791193866950.497,126.387,5.263,1791193867082.353,Normal,0.979
vm2,147742,20261005-094315_clu_vm24_rate20_lat1node_r3,9110,perf_20261005-094315_clu_vm24_rate20_lat1node_r3,2,2300,1791193867245,0,1791193867249.515,89.124,5.359,1791193867344.191,Normal,0.8075
vm2,147742,20261005-094315_clu_vm24_rate20_lat1node_r3,9112,perf_20261005-094315_clu_vm24_rate20_lat1node_r3,2,2301,1791193867345,0,1791193867349.293,73.139,4.758,1791193867427.383,Normal,0.9652
vm2,147742,20261005-094315_clu_vm24_rate20_lat1node_r3,9114,perf_20261005-094315_clu_vm24_rate20_lat1node_r3,2,2302,1791193867445,0,1791193867450.262,80.285,5.208,1791193867535.949,Normal,0.9119
vm2,147742,20261005-094315_clu_vm24_rate20_lat1node_r3,9117,perf_20261005-094315_clu_vm24_rate20_lat1node_r3,2,2303,1791193867595,0,1791193867600.029,250.664,4.657,1791193867855.555,Normal,0.9643
vm2,147742,20261005-094315_clu_vm24_rate20_lat1node_r3,9123,perf_20261005-094315_clu_vm24_rate20_lat1node_r3,2,2304,1791193867895,0,1791193867899.938,82.02,4.61,1791193867986.81,Normal,0.9779
vm2,147742,20261005-094315_clu_vm24_rate20_lat1node_r3,9128,perf_20261005-094315_clu_vm24_rate20_lat1node_r3,2,2305,1791193868145,0,1791193868150.03,82.212,4.561,1791193868237.006,Normal,0.961
vm2,147742,20261005-094315_clu_vm24_rate20_lat1node_r3,9129,perf_20261005-094315_clu_vm24_rate20_lat1node_r3,2,2306,1791193868195,0,1791193868240.803,90.637,5.228,1791193868336.912,Normal,0.9689
vm2,147742,20261005-094315_clu_vm24_rate20_lat1node_r3,9130,perf_20261005-094315_clu_vm24_rate20_lat1node_r3,2,2307,1791193868245,0,1791193868339.409,57.187,5.217,1791193868401.994,Normal,0.9315
vm2,147742,20261005-094315_clu_vm24_rate20_lat1node_r3,9137,perf_20261005-094315_clu_vm24_rate20_lat1node_r3,2,2308,1791193868595,0,1791193868601.462,72.651,4.744,1791193868679.042,Normal,0.9709
vm2,147742,20261005-094315_clu_vm24_rate20_lat1node_r3,9142,perf_20261005-094315_clu_vm24_rate20_lat1node_r3,2,2309,1791193868845,0,1791193868850.722,105.896,4.957,1791193868961.779,Normal,0.9351
vm2,147742,20261005-094315_clu_vm24_rate20_lat1node_r3,9150,perf_20261005-094315_clu_vm24_rate20_lat1node_r3,2,2310,1791193869245,0,1791193869250.174,79.149,4.965,1791193869334.484,Normal,0.7492
vm2,147742,20261005-094315_clu_vm24_rate20_lat1node_r3,9159,perf_20261005-094315_clu_vm24_rate20_lat1node_r3,2,2311,1791193869695,0,1791193869700.432,229.789,4.973,1791193869935.4,Normal,0.915
vm2,147742,20261005-094315_clu_vm24_rate20_lat1node_r3,9162,perf_20261005-094315_clu_vm24_rate20_lat1node_r3,2,2312,1791193869845,0,1791193869938.177,91.411,4.4,1791193870034.168,Normal,0.9544
vm2,147742,20261005-094315_clu_vm24_rate20_lat1node_r3,9168,perf_20261005-094315_clu_vm24_rate20_lat1node_r3,2,2313,1791193870145,0,1791193870150.374,83.85,5.321,1791193870239.739,Normal,0.971
vm2,147742,20261005-094315_clu_vm24_rate20_lat1node_r3,9169,perf_20261005-094315_clu_vm24_rate20_lat1node_r3,2,2314,1791193870195,0,1791193870243.608,53.667,5.362,1791193870302.839,Normal,0.9375
vm2,147742,20261005-094315_clu_vm24_rate20_lat1node_r3,9173,perf_20261005-094315_clu_vm24_rate20_lat1node_r3,2,2315,1791193870395,0,1791193870400.56,101.237,5.204,1791193870507.194,Normal,0.9259
vm2,147742,20261005-094315_clu_vm24_rate20_lat1node_r3,9176,perf_20261005-094315_clu_vm24_rate20_lat1node_r3,2,2316,1791193870545,0,1791193870549.973,79.571,5.208,1791193870634.94,Normal,0.6371
vm2,147742,20261005-094315_clu_vm24_rate20_lat1node_r3,9182,perf_20261005-094315_clu_vm24_rate20_lat1node_r3,2,2317,1791193870845,0,1791193870850.867,88.07,5.538,1791193870944.673,Normal,0.9508
vm2,147742,20261005-094315_clu_vm24_rate20_lat1node_r3,9183,perf_20261005-094315_clu_vm24_rate20_lat1node_r3,2,2318,1791193870895,0,1791193870947.419,102.243,5.594,1791193871055.445,Normal,0.7809
vm2,147742,20261005-094315_clu_vm24_rate20_lat1node_r3,9188,perf_20261005-094315_clu_vm24_rate20_lat1node_r3,2,2319,1791193871145,0,1791193871150.07,76.578,5.053,1791193871231.898,Normal,0.9335
vm2,147742,20261005-094315_clu_vm24_rate20_lat1node_r3,9189,perf_20261005-094315_clu_vm24_rate20_lat1node_r3,2,2320,1791193871195,0,1791193871234.627,90.981,5.144,1791193871330.944,Normal,0.95
vm2,147742,20261005-094315_clu_vm24_rate20_lat1node_r3,9190,perf_20261005-094315_clu_vm24_rate20_lat1node_r3,2,2321,1791193871245,0,1791193871333.713,120.33,4.936,1791193871459.17,Normal,0.9591
vm2,147742,20261005-094315_clu_vm24_rate20_lat1node_r3,9195,perf_20261005-094315_clu_vm24_rate20_lat1node_r3,2,2322,1791193871495,0,1791193871499.931,92.679,5.451,1791193871598.261,Normal,0.6082
vm2,147742,20261005-094315_clu_vm24_rate20_lat1node_r3,9196,perf_20261005-094315_clu_vm24_rate20_lat1node_r3,2,2323,1791193871545,0,1791193871600.922,87.686,5.694,1791193871694.499,Normal,0.8317
vm2,147742,20261005-094315_clu_vm24_rate20_lat1node_r3,9198,perf_20261005-094315_clu_vm24_rate20_lat1node_r3,2,2324,1791193871645,0,1791193871697.359,73.289,5.354,1791193871776.188,Normal,0.8273
vm2,147742,20261005-094315_clu_vm24_rate20_lat1node_r3,9201,perf_20261005-094315_clu_vm24_rate20_lat1node_r3,2,2325,1791193871795,0,1791193871799.41,72.637,5.371,1791193871877.603,Normal,0.9561
vm2,147742,20261005-094315_clu_vm24_rate20_lat1node_r3,9205,perf_20261005-094315_clu_vm24_rate20_lat1node_r3,2,2326,1791193871995,0,1791193872000.417,80.163,4.79,1791193872085.566,Normal,0.9406
vm2,147742,20261005-094315_clu_vm24_rate20_lat1node_r3,9206,perf_20261005-094315_clu_vm24_rate20_lat1node_r3,2,2327,1791193872045,0,1791193872088.175,66.111,4.734,1791193872159.21,Normal,0.9302
vm2,147742,20261005-094315_clu_vm24_rate20_lat1node_r3,9218,perf_20261005-094315_clu_vm24_rate20_lat1node_r3,2,2328,1791193872645,0,1791193872649.694,77.546,5.31,1791193872732.75,Normal,0.8636
vm2,147742,20261005-094315_clu_vm24_rate20_lat1node_r3,9219,perf_20261005-094315_clu_vm24_rate20_lat1node_r3,2,2329,1791193872695,0,1791193872735.378,72.122,12.522,1791193872820.207,Normal,0.9321
vm2,147742,20261005-094315_clu_vm24_rate20_lat1node_r3,9221,perf_20261005-094315_clu_vm24_rate20_lat1node_r3,2,2330,1791193872796,0,1791193872829.047,108.07,4.879,1791193872942.278,Normal,0.6402
vm2,147742,20261005-094315_clu_vm24_rate20_lat1node_r3,9231,perf_20261005-094315_clu_vm24_rate20_lat1node_r3,2,2331,1791193873295,0,1791193873300.39,84.454,6.055,1791193873391.103,Normal,0.971
vm2,147742,20261005-094315_clu_vm24_rate20_lat1node_r3,9236,perf_20261005-094315_clu_vm24_rate20_lat1node_r3,2,2332,1791193873546,0,1791193873550.739,83.11,5.261,1791193873639.297,Normal,0.9327
vm2,147742,20261005-094315_clu_vm24_rate20_lat1node_r3,9252,perf_20261005-094315_clu_vm24_rate20_lat1node_r3,2,2333,1791193874345,0,1791193874349.998,92.366,12.413,1791193874454.97,Normal,0.9459
vm2,147742,20261005-094315_clu_vm24_rate20_lat1node_r3,9253,perf_20261005-094315_clu_vm24_rate20_lat1node_r3,2,2334,1791193874396,0,1791193874458.082,161.739,5.051,1791193874625.073,Normal,0.9712
vm2,147742,20261005-094315_clu_vm24_rate20_lat1node_r3,9257,perf_20261005-094315_clu_vm24_rate20_lat1node_r3,2,2335,1791193874595,0,1791193874627.859,103.034,4.575,1791193874735.653,Normal,0.6919
vm2,147742,20261005-094315_clu_vm24_rate20_lat1node_r3,9258,perf_20261005-094315_clu_vm24_rate20_lat1node_r3,2,2336,1791193874645,0,1791193874738.383,92.054,4.647,1791193874835.276,Normal,0.8856
vm2,147742,20261005-094315_clu_vm24_rate20_lat1node_r3,9262,perf_20261005-094315_clu_vm24_rate20_lat1node_r3,2,2337,1791193874845,0,1791193874849.723,79.795,8.247,1791193874937.948,OFFENSIVE,0.7524
vm2,147742,20261005-094315_clu_vm24_rate20_lat1node_r3,9263,perf_20261005-094315_clu_vm24_rate20_lat1node_r3,2,2338,1791193874896,0,1791193874940.787,91.794,7.46,1791193875040.23,Normal,0.9552
vm2,147742,20261005-094315_clu_vm24_rate20_lat1node_r3,9265,perf_20261005-094315_clu_vm24_rate20_lat1node_r3,2,2339,1791193874995,0,1791193875042.773,78.73,4.925,1791193875126.617,Normal,0.9391
vm2,147742,20261005-094315_clu_vm24_rate20_lat1node_r3,9266,perf_20261005-094315_clu_vm24_rate20_lat1node_r3,2,2340,1791193875045,0,1791193875129.674,77.623,5.138,1791193875212.621,Normal,0.9428
vm2,147742,20261005-094315_clu_vm24_rate20_lat1node_r3,9267,perf_20261005-094315_clu_vm24_rate20_lat1node_r3,2,2341,1791193875095,0,1791193875212.856,76.275,5.414,1791193875294.818,Normal,0.954
vm2,147742,20261005-094315_clu_vm24_rate20_lat1node_r3,9268,perf_20261005-094315_clu_vm24_rate20_lat1node_r3,2,2342,1791193875145,0,1791193875297.998,78.467,4.881,1791193875381.535,Normal,0.9622
vm2,147742,20261005-094315_clu_vm24_rate20_lat1node_r3,9269,perf_20261005-094315_clu_vm24_rate20_lat1node_r3,2,2343,1791193875195,0,1791193875381.778,90.756,5.082,1791193875477.809,Normal,0.947
vm2,147742,20261005-094315_clu_vm24_rate20_lat1node_r3,9276,perf_20261005-094315_clu_vm24_rate20_lat1node_r3,2,2344,1791193875545,0,1791193875550.358,122.507,5.073,1791193875678.135,Normal,0.4076
vm2,147742,20261005-094315_clu_vm24_rate20_lat1node_r3,9281,perf_20261005-094315_clu_vm24_rate20_lat1node_r3,2,2345,1791193875795,0,1791193875800.074,87.608,4.664,1791193875892.545,Normal,0.9558
vm2,147742,20261005-094315_clu_vm24_rate20_lat1node_r3,9282,perf_20261005-094315_clu_vm24_rate20_lat1node_r3,2,2346,1791193875845,0,1791193875895.214,91.302,4.77,1791193875991.469,Normal,0.9727
vm2,147742,20261005-094315_clu_vm24_rate20_lat1node_r3,9284,perf_20261005-094315_clu_vm24_rate20_lat1node_r3,2,2347,1791193875945,0,1791193875994.075,91.124,5.74,1791193876091.212,Normal,0.5068
vm2,147742,20261005-094315_clu_vm24_rate20_lat1node_r3,9285,perf_20261005-094315_clu_vm24_rate20_lat1node_r3,2,2348,1791193875995,0,1791193876094.14,66.434,4.895,1791193876165.655,Normal,0.9556
vm2,147742,20261005-094315_clu_vm24_rate20_lat1node_r3,9286,perf_20261005-094315_clu_vm24_rate20_lat1node_r3,2,2349,1791193876045,0,1791193876165.888,65.074,4.735,1791193876235.883,Normal,0.9555
vm2,147742,20261005-094315_clu_vm24_rate20_lat1node_r3,9288,perf_20261005-094315_clu_vm24_rate20_lat1node_r3,2,2350,1791193876145,0,1791193876238.366,82.173,5.44,1791193876326.168,Normal,0.9102
vm2,147742,20261005-094315_clu_vm24_rate20_lat1node_r3,9290,perf_20261005-094315_clu_vm24_rate20_lat1node_r3,2,2351,1791193876245,0,1791193876328.817,76.245,4.297,1791193876409.671,Normal,0.9119
vm2,147742,20261005-094315_clu_vm24_rate20_lat1node_r3,9298,perf_20261005-094315_clu_vm24_rate20_lat1node_r3,2,2352,1791193876645,0,1791193876650.29,73.462,5.101,1791193876729.049,Normal,0.94
vm2,147742,20261005-094315_clu_vm24_rate20_lat1node_r3,9299,perf_20261005-094315_clu_vm24_rate20_lat1node_r3,2,2353,1791193876695,0,1791193876732.074,104.014,4.288,1791193876840.571,Normal,0.7756
vm2,147742,20261005-094315_clu_vm24_rate20_lat1node_r3,9302,perf_20261005-094315_clu_vm24_rate20_lat1node_r3,2,2354,1791193876845,0,1791193876848.948,90.18,6.349,1791193876945.668,Normal,0.9437
vm2,147742,20261005-094315_clu_vm24_rate20_lat1node_r3,9303,perf_20261005-094315_clu_vm24_rate20_lat1node_r3,2,2355,1791193876895,0,1791193876948.237,72.924,5.508,1791193877026.941,Normal,0.8954
vm2,147742,20261005-094315_clu_vm24_rate20_lat1node_r3,9306,perf_20261005-094315_clu_vm24_rate20_lat1node_r3,2,2356,1791193877045,0,1791193877051.271,94.99,5.78,1791193877152.236,Normal,0.9207
vm2,147742,20261005-094315_clu_vm24_rate20_lat1node_r3,9309,perf_20261005-094315_clu_vm24_rate20_lat1node_r3,2,2357,1791193877195,0,1791193877200.581,86.429,5.349,1791193877292.548,Normal,0.973
vm2,147742,20261005-094315_clu_vm24_rate20_lat1node_r3,9320,perf_20261005-094315_clu_vm24_rate20_lat1node_r3,2,2358,1791193877745,0,1791193877750.461,98.025,5.166,1791193877853.852,Normal,0.8417
vm2,147742,20261005-094315_clu_vm24_rate20_lat1node_r3,9322,perf_20261005-094315_clu_vm24_rate20_lat1node_r3,2,2359,1791193877845,0,1791193877856.358,77.08,5.122,1791193877938.754,Normal,0.948
vm2,147742,20261005-094315_clu_vm24_rate20_lat1node_r3,9328,perf_20261005-094315_clu_vm24_rate20_lat1node_r3,2,2360,1791193878145,0,1791193878150.402,92.016,4.892,1791193878247.508,Normal,0.796
vm2,147742,20261005-094315_clu_vm24_rate20_lat1node_r3,9330,perf_20261005-094315_clu_vm24_rate20_lat1node_r3,2,2361,1791193878245,0,1791193878250.151,87.833,4.823,1791193878342.991,Normal,0.9815
vm2,147742,20261005-094315_clu_vm24_rate20_lat1node_r3,9334,perf_20261005-094315_clu_vm24_rate20_lat1node_r3,2,2362,1791193878445,0,1791193878450.753,78.172,4.776,1791193878533.917,Normal,0.9695
vm2,147742,20261005-094315_clu_vm24_rate20_lat1node_r3,9339,perf_20261005-094315_clu_vm24_rate20_lat1node_r3,2,2363,1791193878695,0,1791193878701.063,82.0,4.847,1791193878788.104,Normal,0.8988
vm2,147742,20261005-094315_clu_vm24_rate20_lat1node_r3,9344,perf_20261005-094315_clu_vm24_rate20_lat1node_r3,2,2364,1791193878945,0,1791193878950.344,83.18,5.375,1791193879039.094,Normal,0.9375
vm2,147742,20261005-094315_clu_vm24_rate20_lat1node_r3,9345,perf_20261005-094315_clu_vm24_rate20_lat1node_r3,2,2365,1791193878995,0,1791193879041.63,72.314,6.145,1791193879120.281,Normal,0.9375
vm2,147742,20261005-094315_clu_vm24_rate20_lat1node_r3,9346,perf_20261005-094315_clu_vm24_rate20_lat1node_r3,2,2366,1791193879045,0,1791193879123.377,89.11,4.656,1791193879217.439,Normal,0.9027
vm2,147742,20261005-094315_clu_vm24_rate20_lat1node_r3,9354,perf_20261005-094315_clu_vm24_rate20_lat1node_r3,2,2367,1791193879445,0,1791193879449.757,102.741,4.953,1791193879557.651,Normal,0.9398
vm2,147742,20261005-094315_clu_vm24_rate20_lat1node_r3,9355,perf_20261005-094315_clu_vm24_rate20_lat1node_r3,2,2368,1791193879495,0,1791193879560.523,83.057,4.951,1791193879648.718,Normal,0.9503
vm2,147742,20261005-094315_clu_vm24_rate20_lat1node_r3,9356,perf_20261005-094315_clu_vm24_rate20_lat1node_r3,2,2369,1791193879545,0,1791193879648.969,120.825,4.378,1791193879774.36,Normal,0.9769
vm2,147742,20261005-094315_clu_vm24_rate20_lat1node_r3,9358,perf_20261005-094315_clu_vm24_rate20_lat1node_r3,2,2370,1791193879645,0,1791193879777.361,70.65,5.123,1791193879853.329,Normal,0.9608
vm2,147742,20261005-094315_clu_vm24_rate20_lat1node_r3,9362,perf_20261005-094315_clu_vm24_rate20_lat1node_r3,2,2371,1791193879845,0,1791193879856.076,71.019,4.719,1791193879931.997,Normal,0.9623
vm2,147742,20261005-094315_clu_vm24_rate20_lat1node_r3,9364,perf_20261005-094315_clu_vm24_rate20_lat1node_r3,2,2372,1791193879945,0,1791193879950.339,90.59,4.981,1791193880046.11,Normal,0.8297
vm2,147742,20261005-094315_clu_vm24_rate20_lat1node_r3,9365,perf_20261005-094315_clu_vm24_rate20_lat1node_r3,2,2373,1791193879995,0,1791193880048.794,102.978,4.741,1791193880156.704,Normal,0.9728
vm2,147742,20261005-094315_clu_vm24_rate20_lat1node_r3,9367,perf_20261005-094315_clu_vm24_rate20_lat1node_r3,2,2374,1791193880095,0,1791193880159.65,87.446,5.287,1791193880252.572,Normal,0.9209
vm2,147742,20261005-094315_clu_vm24_rate20_lat1node_r3,9368,perf_20261005-094315_clu_vm24_rate20_lat1node_r3,2,2375,1791193880145,0,1791193880252.814,145.538,4.79,1791193880403.333,Normal,0.9742
vm2,147742,20261005-094315_clu_vm24_rate20_lat1node_r3,9370,perf_20261005-094315_clu_vm24_rate20_lat1node_r3,2,2376,1791193880245,0,1791193880405.869,73.886,6.627,1791193880486.569,Normal,0.9515
vm2,147742,20261005-094315_clu_vm24_rate20_lat1node_r3,9382,perf_20261005-094315_clu_vm24_rate20_lat1node_r3,2,2377,1791193880845,0,1791193880850.791,116.784,4.991,1791193880972.764,Normal,0.9133
vm2,147742,20261005-094315_clu_vm24_rate20_lat1node_r3,9386,perf_20261005-094315_clu_vm24_rate20_lat1node_r3,2,2378,1791193881045,0,1791193881049.994,72.357,4.769,1791193881127.312,Normal,0.939
vm2,147742,20261005-094315_clu_vm24_rate20_lat1node_r3,9388,perf_20261005-094315_clu_vm24_rate20_lat1node_r3,2,2379,1791193881145,0,1791193881149.573,117.271,5.762,1791193881272.811,Normal,0.9706
vm2,147742,20261005-094315_clu_vm24_rate20_lat1node_r3,9394,perf_20261005-094315_clu_vm24_rate20_lat1node_r3,2,2380,1791193881445,0,1791193881450.853,78.897,4.441,1791193881534.391,Normal,0.9434
vm2,147742,20261005-094315_clu_vm24_rate20_lat1node_r3,9401,perf_20261005-094315_clu_vm24_rate20_lat1node_r3,2,2381,1791193881795,0,1791193881800.965,75.73,5.046,1791193881881.939,Normal,0.9556
vm2,147742,20261005-094315_clu_vm24_rate20_lat1node_r3,9403,perf_20261005-094315_clu_vm24_rate20_lat1node_r3,2,2382,1791193881895,0,1791193881899.192,107.378,5.175,1791193882011.933,Normal,0.9403
vm2,147742,20261005-094315_clu_vm24_rate20_lat1node_r3,9407,perf_20261005-094315_clu_vm24_rate20_lat1node_r3,2,2383,1791193882095,0,1791193882099.495,55.915,4.71,1791193882160.329,Normal,0.9255
vm2,147742,20261005-094315_clu_vm24_rate20_lat1node_r3,9408,perf_20261005-094315_clu_vm24_rate20_lat1node_r3,2,2384,1791193882145,0,1791193882162.895,52.293,6.038,1791193882221.407,Normal,0.9507
vm2,147742,20261005-094315_clu_vm24_rate20_lat1node_r3,9414,perf_20261005-094315_clu_vm24_rate20_lat1node_r3,2,2385,1791193882445,0,1791193882450.072,59.636,4.858,1791193882514.753,Normal,0.9608
vm2,147742,20261005-094315_clu_vm24_rate20_lat1node_r3,9416,perf_20261005-094315_clu_vm24_rate20_lat1node_r3,2,2386,1791193882545,0,1791193882549.732,64.238,5.029,1791193882619.189,Normal,0.9366
vm2,147742,20261005-094315_clu_vm24_rate20_lat1node_r3,9425,perf_20261005-094315_clu_vm24_rate20_lat1node_r3,2,2387,1791193882995,0,1791193883000.208,65.306,5.25,1791193883070.951,Normal,0.8385
vm2,147742,20261005-094315_clu_vm24_rate20_lat1node_r3,9431,perf_20261005-094315_clu_vm24_rate20_lat1node_r3,2,2388,1791193883295,0,1791193883300.416,60.605,4.568,1791193883365.779,Normal,0.9683
vm2,147742,20261005-094315_clu_vm24_rate20_lat1node_r3,9433,perf_20261005-094315_clu_vm24_rate20_lat1node_r3,2,2389,1791193883395,0,1791193883400.585,81.791,5.218,1791193883487.782,Normal,0.9634
vm2,147742,20261005-094315_clu_vm24_rate20_lat1node_r3,9434,perf_20261005-094315_clu_vm24_rate20_lat1node_r3,2,2390,1791193883445,0,1791193883490.286,71.184,4.546,1791193883566.199,Normal,0.9672
vm2,147742,20261005-094315_clu_vm24_rate20_lat1node_r3,9442,perf_20261005-094315_clu_vm24_rate20_lat1node_r3,2,2391,1791193883845,0,1791193883850.603,75.042,5.403,1791193883931.235,Normal,0.9756
vm2,147742,20261005-094315_clu_vm24_rate20_lat1node_r3,9444,perf_20261005-094315_clu_vm24_rate20_lat1node_r3,2,2392,1791193883945,0,1791193883950.439,131.686,6.139,1791193884088.463,Normal,0.967
vm2,147742,20261005-094315_clu_vm24_rate20_lat1node_r3,9450,perf_20261005-094315_clu_vm24_rate20_lat1node_r3,2,2393,1791193884245,0,1791193884250.372,101.344,6.173,1791193884358.081,Normal,0.9264
vm2,147742,20261005-094315_clu_vm24_rate20_lat1node_r3,9460,perf_20261005-094315_clu_vm24_rate20_lat1node_r3,2,2394,1791193884745,0,1791193884750.665,99.598,5.352,1791193884855.803,Normal,0.8004
vm2,147742,20261005-094315_clu_vm24_rate20_lat1node_r3,9461,perf_20261005-094315_clu_vm24_rate20_lat1node_r3,2,2395,1791193884795,0,1791193884858.235,77.229,4.987,1791193884940.638,Normal,0.959
vm2,147742,20261005-094315_clu_vm24_rate20_lat1node_r3,9466,perf_20261005-094315_clu_vm24_rate20_lat1node_r3,2,2396,1791193885045,0,1791193885049.576,73.46,4.764,1791193885127.992,Normal,0.9405
vm2,147742,20261005-094315_clu_vm24_rate20_lat1node_r3,9467,perf_20261005-094315_clu_vm24_rate20_lat1node_r3,2,2397,1791193885095,0,1791193885130.297,57.598,5.411,1791193885193.489,Normal,0.964
vm2,147742,20261005-094315_clu_vm24_rate20_lat1node_r3,9472,perf_20261005-094315_clu_vm24_rate20_lat1node_r3,2,2398,1791193885345,0,1791193885350.057,64.434,4.362,1791193885419.072,Normal,0.8958
vm2,147742,20261005-094315_clu_vm24_rate20_lat1node_r3,9473,perf_20261005-094315_clu_vm24_rate20_lat1node_r3,2,2399,1791193885395,0,1791193885421.3,60.906,5.113,1791193885487.503,Normal,0.9465
vm2,147742,20261005-094315_clu_vm24_rate20_lat1node_r3,9478,perf_20261005-094315_clu_vm24_rate20_lat1node_r3,2,2400,1791193885645,0,1791193885651.219,363.693,5.661,1791193886020.805,Normal,0.9717
vm2,147742,20261005-094315_clu_vm24_rate20_lat1node_r3,9482,perf_20261005-094315_clu_vm24_rate20_lat1node_r3,2,2401,1791193885845,0,1791193886023.402,63.358,5.989,1791193886092.932,Normal,0.9004
vm2,147742,20261005-094315_clu_vm24_rate20_lat1node_r3,9490,perf_20261005-094315_clu_vm24_rate20_lat1node_r3,2,2402,1791193886245,0,1791193886250.728,87.749,5.358,1791193886344.022,Normal,0.9574
vm2,147742,20261005-094315_clu_vm24_rate20_lat1node_r3,9491,perf_20261005-094315_clu_vm24_rate20_lat1node_r3,2,2403,1791193886295,0,1791193886346.717,101.891,6.264,1791193886455.102,Normal,0.9749
vm2,147742,20261005-094315_clu_vm24_rate20_lat1node_r3,9492,perf_20261005-094315_clu_vm24_rate20_lat1node_r3,2,2404,1791193886346,0,1791193886457.84,70.299,4.43,1791193886532.754,Normal,0.9645
vm2,147742,20261005-094315_clu_vm24_rate20_lat1node_r3,9495,perf_20261005-094315_clu_vm24_rate20_lat1node_r3,2,2405,1791193886495,0,1791193886535.299,61.345,5.716,1791193886602.544,Normal,0.9666
vm2,147742,20261005-094315_clu_vm24_rate20_lat1node_r3,9496,perf_20261005-094315_clu_vm24_rate20_lat1node_r3,2,2406,1791193886545,0,1791193886605.566,55.489,5.794,1791193886667.123,Normal,0.9491
vm2,147742,20261005-094315_clu_vm24_rate20_lat1node_r3,9500,perf_20261005-094315_clu_vm24_rate20_lat1node_r3,2,2407,1791193886745,0,1791193886749.978,57.772,5.455,1791193886813.398,Normal,0.8617
vm2,147742,20261005-094315_clu_vm24_rate20_lat1node_r3,9504,perf_20261005-094315_clu_vm24_rate20_lat1node_r3,2,2408,1791193886945,0,1791193886950.738,57.252,4.753,1791193887012.93,Normal,0.9457
vm2,147742,20261005-094315_clu_vm24_rate20_lat1node_r3,9507,perf_20261005-094315_clu_vm24_rate20_lat1node_r3,2,2409,1791193887095,0,1791193887100.154,75.315,4.921,1791193887180.584,Normal,0.9712
vm2,147742,20261005-094315_clu_vm24_rate20_lat1node_r3,9514,perf_20261005-094315_clu_vm24_rate20_lat1node_r3,2,2410,1791193887446,0,1791193887451.314,72.194,5.707,1791193887529.412,Normal,0.8787
vm2,147742,20261005-094315_clu_vm24_rate20_lat1node_r3,9516,perf_20261005-094315_clu_vm24_rate20_lat1node_r3,2,2411,1791193887545,0,1791193887550.446,77.338,4.726,1791193887632.698,Normal,0.8296
vm2,147742,20261005-094315_clu_vm24_rate20_lat1node_r3,9518,perf_20261005-094315_clu_vm24_rate20_lat1node_r3,2,2412,1791193887645,0,1791193887650.023,63.881,5.023,1791193887719.113,Normal,0.9679
vm2,147742,20261005-094315_clu_vm24_rate20_lat1node_r3,9520,perf_20261005-094315_clu_vm24_rate20_lat1node_r3,2,2413,1791193887746,0,1791193887749.428,71.145,4.644,1791193887825.399,Normal,0.8364
vm2,147742,20261005-094315_clu_vm24_rate20_lat1node_r3,9523,perf_20261005-094315_clu_vm24_rate20_lat1node_r3,2,2414,1791193887895,0,1791193887899.797,55.828,4.857,1791193887960.673,Normal,0.8702
vm2,147742,20261005-094315_clu_vm24_rate20_lat1node_r3,9533,perf_20261005-094315_clu_vm24_rate20_lat1node_r3,2,2415,1791193888396,0,1791193888400.953,83.11,4.417,1791193888488.688,Normal,0.8948
vm2,147742,20261005-094315_clu_vm24_rate20_lat1node_r3,9534,perf_20261005-094315_clu_vm24_rate20_lat1node_r3,2,2416,1791193888445,0,1791193888491.599,62.263,5.192,1791193888559.236,Normal,0.9487
vm2,147742,20261005-094315_clu_vm24_rate20_lat1node_r3,9536,perf_20261005-094315_clu_vm24_rate20_lat1node_r3,2,2417,1791193888545,0,1791193888561.625,62.14,4.831,1791193888628.779,Normal,0.9735
vm2,147742,20261005-094315_clu_vm24_rate20_lat1node_r3,9542,perf_20261005-094315_clu_vm24_rate20_lat1node_r3,2,2418,1791193888845,0,1791193888850.677,64.433,5.593,1791193888920.887,Normal,0.9363
vm2,147742,20261005-094315_clu_vm24_rate20_lat1node_r3,9543,perf_20261005-094315_clu_vm24_rate20_lat1node_r3,2,2419,1791193888895,0,1791193888923.767,59.287,4.85,1791193888988.084,Normal,0.9199
vm2,147742,20261005-094315_clu_vm24_rate20_lat1node_r3,9550,perf_20261005-094315_clu_vm24_rate20_lat1node_r3,2,2420,1791193889245,0,1791193889250.217,65.193,5.579,1791193889321.179,Normal,0.962
vm2,147742,20261005-094315_clu_vm24_rate20_lat1node_r3,9555,perf_20261005-094315_clu_vm24_rate20_lat1node_r3,2,2421,1791193889495,0,1791193889499.964,98.187,5.865,1791193889604.202,Normal,0.9759
vm2,147742,20261005-094315_clu_vm24_rate20_lat1node_r3,9557,perf_20261005-094315_clu_vm24_rate20_lat1node_r3,2,2422,1791193889595,0,1791193889607.055,119.064,4.904,1791193889731.224,HATE,0.6249
vm2,147742,20261005-094315_clu_vm24_rate20_lat1node_r3,9559,perf_20261005-094315_clu_vm24_rate20_lat1node_r3,2,2423,1791193889695,0,1791193889733.719,64.288,4.898,1791193889803.081,Normal,0.9251
vm2,147742,20261005-094315_clu_vm24_rate20_lat1node_r3,9562,perf_20261005-094315_clu_vm24_rate20_lat1node_r3,2,2424,1791193889845,0,1791193889849.818,60.185,5.327,1791193889915.523,Normal,0.9728
vm2,147742,20261005-094315_clu_vm24_rate20_lat1node_r3,9564,perf_20261005-094315_clu_vm24_rate20_lat1node_r3,2,2425,1791193889945,0,1791193889949.695,256.548,6.363,1791193890212.812,Normal,0.9796
vm2,147742,20261005-094315_clu_vm24_rate20_lat1node_r3,9565,perf_20261005-094315_clu_vm24_rate20_lat1node_r3,2,2426,1791193889995,0,1791193890215.968,68.325,4.421,1791193890288.896,Normal,0.9646
vm2,147742,20261005-094315_clu_vm24_rate20_lat1node_r3,9567,perf_20261005-094315_clu_vm24_rate20_lat1node_r3,2,2427,1791193890095,0,1791193890289.107,57.28,5.373,1791193890351.938,OFFENSIVE,0.8616
vm2,147742,20261005-094315_clu_vm24_rate20_lat1node_r3,9568,perf_20261005-094315_clu_vm24_rate20_lat1node_r3,2,2428,1791193890145,0,1791193890352.148,53.718,5.536,1791193890411.582,Normal,0.9243
vm2,147742,20261005-094315_clu_vm24_rate20_lat1node_r3,9570,perf_20261005-094315_clu_vm24_rate20_lat1node_r3,2,2429,1791193890245,0,1791193890414.335,88.002,5.271,1791193890507.807,Normal,0.9258
vm2,147742,20261005-094315_clu_vm24_rate20_lat1node_r3,9571,perf_20261005-094315_clu_vm24_rate20_lat1node_r3,2,2430,1791193890295,0,1791193890508.017,127.041,5.191,1791193890640.429,Normal,0.9436
vm2,147742,20261005-094315_clu_vm24_rate20_lat1node_r3,9580,perf_20261005-094315_clu_vm24_rate20_lat1node_r3,2,2431,1791193890745,0,1791193890750.287,68.231,5.086,1791193890823.794,Normal,0.8442
vm2,147742,20261005-094315_clu_vm24_rate20_lat1node_r3,9582,perf_20261005-094315_clu_vm24_rate20_lat1node_r3,2,2432,1791193890845,0,1791193890850.183,60.178,4.939,1791193890915.483,Normal,0.9608
vm2,147742,20261005-094315_clu_vm24_rate20_lat1node_r3,9584,perf_20261005-094315_clu_vm24_rate20_lat1node_r3,2,2433,1791193890945,0,1791193890950.531,74.644,5.11,1791193891030.536,Normal,0.9684
vm2,147742,20261005-094315_clu_vm24_rate20_lat1node_r3,9586,perf_20261005-094315_clu_vm24_rate20_lat1node_r3,2,2434,1791193891045,0,1791193891050.164,59.887,4.826,1791193891115.066,Normal,0.8636
vm2,147742,20261005-094315_clu_vm24_rate20_lat1node_r3,9589,perf_20261005-094315_clu_vm24_rate20_lat1node_r3,2,2435,1791193891195,0,1791193891200.236,82.317,4.769,1791193891287.511,Normal,0.8348
vm2,147742,20261005-094315_clu_vm24_rate20_lat1node_r3,9590,perf_20261005-094315_clu_vm24_rate20_lat1node_r3,2,2436,1791193891245,0,1791193891289.923,58.028,5.052,1791193891353.186,Normal,0.9155
vm2,147742,20261005-094315_clu_vm24_rate20_lat1node_r3,9593,perf_20261005-094315_clu_vm24_rate20_lat1node_r3,2,2437,1791193891395,0,1791193891400.438,70.165,4.863,1791193891475.661,Normal,0.9346
vm2,147742,20261005-094315_clu_vm24_rate20_lat1node_r3,9598,perf_20261005-094315_clu_vm24_rate20_lat1node_r3,2,2438,1791193891645,0,1791193891650.634,127.083,5.29,1791193891783.208,Normal,0.9615
vm2,147742,20261005-094315_clu_vm24_rate20_lat1node_r3,9599,perf_20261005-094315_clu_vm24_rate20_lat1node_r3,2,2439,1791193891696,0,1791193891785.8,61.591,4.9,1791193891852.474,Normal,0.9316
vm2,147742,20261005-094315_clu_vm24_rate20_lat1node_r3,9600,perf_20261005-094315_clu_vm24_rate20_lat1node_r3,2,2440,1791193891745,0,1791193891852.684,64.251,4.915,1791193891922.029,Normal,0.9695
vm2,147742,20261005-094315_clu_vm24_rate20_lat1node_r3,9601,perf_20261005-094315_clu_vm24_rate20_lat1node_r3,2,2441,1791193891795,0,1791193891924.497,60.611,4.793,1791193891990.135,Normal,0.9702
vm2,147742,20261005-094315_clu_vm24_rate20_lat1node_r3,9611,perf_20261005-094315_clu_vm24_rate20_lat1node_r3,2,2442,1791193892296,0,1791193892301.138,159.86,4.954,1791193892466.156,Normal,0.9347
vm2,147742,20261005-094315_clu_vm24_rate20_lat1node_r3,9624,perf_20261005-094315_clu_vm24_rate20_lat1node_r3,2,2443,1791193892945,0,1791193892950.405,57.307,5.109,1791193893013.016,Normal,0.8525
vm2,147742,20261005-094315_clu_vm24_rate20_lat1node_r3,9627,perf_20261005-094315_clu_vm24_rate20_lat1node_r3,2,2444,1791193893095,0,1791193893099.999,62.5,4.833,1791193893167.522,Normal,0.9621
vm2,147742,20261005-094315_clu_vm24_rate20_lat1node_r3,9628,perf_20261005-094315_clu_vm24_rate20_lat1node_r3,2,2445,1791193893145,0,1791193893170.034,91.765,4.453,1791193893266.464,Normal,0.9777
vm2,147742,20261005-094315_clu_vm24_rate20_lat1node_r3,9629,perf_20261005-094315_clu_vm24_rate20_lat1node_r3,2,2446,1791193893195,0,1791193893269.114,67.919,4.714,1791193893342.018,Normal,0.9422
vm2,147742,20261005-094315_clu_vm24_rate20_lat1node_r3,9630,perf_20261005-094315_clu_vm24_rate20_lat1node_r3,2,2447,1791193893245,0,1791193893342.23,118.486,5.616,1791193893466.516,Normal,0.9676
vm2,147742,20261005-094315_clu_vm24_rate20_lat1node_r3,9632,perf_20261005-094315_clu_vm24_rate20_lat1node_r3,2,2448,1791193893346,0,1791193893469.161,67.832,5.583,1791193893542.757,Normal,0.9602
vm2,147742,20261005-094315_clu_vm24_rate20_lat1node_r3,9637,perf_20261005-094315_clu_vm24_rate20_lat1node_r3,2,2449,1791193893595,0,1791193893600.986,77.991,9.959,1791193893689.122,Normal,0.9244
vm2,147742,20261005-094315_clu_vm24_rate20_lat1node_r3,9638,perf_20261005-094315_clu_vm24_rate20_lat1node_r3,2,2450,1791193893645,0,1791193893691.596,61.918,5.549,1791193893759.238,Normal,0.8444
vm2,147742,20261005-094315_clu_vm24_rate20_lat1node_r3,9639,perf_20261005-094315_clu_vm24_rate20_lat1node_r3,2,2451,1791193893695,0,1791193893761.634,64.275,4.757,1791193893830.844,Normal,0.9587
vm2,147742,20261005-094315_clu_vm24_rate20_lat1node_r3,9643,perf_20261005-094315_clu_vm24_rate20_lat1node_r3,2,2452,1791193893895,0,1791193893902.181,78.191,5.977,1791193893986.546,Normal,0.9543
vm2,147742,20261005-094315_clu_vm24_rate20_lat1node_r3,9666,perf_20261005-094315_clu_vm24_rate20_lat1node_r3,2,2453,1791193895045,0,1791193895050.092,93.906,5.166,1791193895149.38,Normal,0.8504
vm2,147742,20261005-094315_clu_vm24_rate20_lat1node_r3,9667,perf_20261005-094315_clu_vm24_rate20_lat1node_r3,2,2454,1791193895095,0,1791193895151.793,74.857,5.547,1791193895232.385,Normal,0.8848
vm2,147742,20261005-094315_clu_vm24_rate20_lat1node_r3,9669,perf_20261005-094315_clu_vm24_rate20_lat1node_r3,2,2455,1791193895195,0,1791193895234.942,68.002,5.159,1791193895308.293,Normal,0.9457
vm2,147742,20261005-094315_clu_vm24_rate20_lat1node_r3,9671,perf_20261005-094315_clu_vm24_rate20_lat1node_r3,2,2456,1791193895295,0,1791193895310.896,73.234,5.272,1791193895389.584,Normal,0.9586
vm2,147742,20261005-094315_clu_vm24_rate20_lat1node_r3,9673,perf_20261005-094315_clu_vm24_rate20_lat1node_r3,2,2457,1791193895395,0,1791193895399.103,82.674,5.145,1791193895487.109,Normal,0.9163
vm2,147742,20261005-094315_clu_vm24_rate20_lat1node_r3,9680,perf_20261005-094315_clu_vm24_rate20_lat1node_r3,2,2458,1791193895745,0,1791193895750.768,65.781,5.345,1791193895822.083,Normal,0.96
vm2,147742,20261005-094315_clu_vm24_rate20_lat1node_r3,9691,perf_20261005-094315_clu_vm24_rate20_lat1node_r3,2,2459,1791193896295,0,1791193896300.245,77.797,5.301,1791193896383.529,Normal,0.8612
vm2,147742,20261005-094315_clu_vm24_rate20_lat1node_r3,9699,perf_20261005-094315_clu_vm24_rate20_lat1node_r3,2,2460,1791193896695,0,1791193896702.143,68.895,5.072,1791193896776.299,Normal,0.9772
vm2,147742,20261005-094315_clu_vm24_rate20_lat1node_r3,9704,perf_20261005-094315_clu_vm24_rate20_lat1node_r3,2,2461,1791193896945,0,1791193896950.849,66.44,4.104,1791193897021.6,Normal,0.9618
vm2,147742,20261005-094315_clu_vm24_rate20_lat1node_r3,9706,perf_20261005-094315_clu_vm24_rate20_lat1node_r3,2,2462,1791193897045,0,1791193897051.068,83.694,5.281,1791193897140.273,Normal,0.9484
vm2,147742,20261005-094315_clu_vm24_rate20_lat1node_r3,9707,perf_20261005-094315_clu_vm24_rate20_lat1node_r3,2,2463,1791193897095,0,1791193897142.738,63.765,5.276,1791193897211.96,Normal,0.9638
vm2,147742,20261005-094315_clu_vm24_rate20_lat1node_r3,9708,perf_20261005-094315_clu_vm24_rate20_lat1node_r3,2,2464,1791193897145,0,1791193897214.507,58.056,4.704,1791193897277.448,Normal,0.9735
vm2,147742,20261005-094315_clu_vm24_rate20_lat1node_r3,9709,perf_20261005-094315_clu_vm24_rate20_lat1node_r3,2,2465,1791193897195,0,1791193897277.66,63.534,6.773,1791193897348.229,OFFENSIVE,0.6035
vm2,147742,20261005-094315_clu_vm24_rate20_lat1node_r3,9710,perf_20261005-094315_clu_vm24_rate20_lat1node_r3,2,2466,1791193897245,0,1791193897350.594,184.764,5.625,1791193897541.175,Normal,0.9655
vm2,147742,20261005-094315_clu_vm24_rate20_lat1node_r3,9712,perf_20261005-094315_clu_vm24_rate20_lat1node_r3,2,2467,1791193897345,0,1791193897541.432,68.11,5.848,1791193897615.566,Normal,0.9071
vm2,147742,20261005-094315_clu_vm24_rate20_lat1node_r3,9713,perf_20261005-094315_clu_vm24_rate20_lat1node_r3,2,2468,1791193897395,0,1791193897618.524,77.244,4.992,1791193897700.946,Normal,0.9702
vm2,147742,20261005-094315_clu_vm24_rate20_lat1node_r3,9716,perf_20261005-094315_clu_vm24_rate20_lat1node_r3,2,2469,1791193897545,0,1791193897701.158,53.731,8.421,1791193897763.495,Normal,0.9426
vm2,147742,20261005-094315_clu_vm24_rate20_lat1node_r3,9718,perf_20261005-094315_clu_vm24_rate20_lat1node_r3,2,2470,1791193897645,0,1791193897767.614,69.46,5.3,1791193897842.651,Normal,0.9647
vm2,147742,20261005-094315_clu_vm24_rate20_lat1node_r3,9722,perf_20261005-094315_clu_vm24_rate20_lat1node_r3,2,2471,1791193897845,0,1791193897851.93,87.052,4.875,1791193897944.039,Normal,0.9234
vm2,147742,20261005-094315_clu_vm24_rate20_lat1node_r3,9726,perf_20261005-094315_clu_vm24_rate20_lat1node_r3,2,2472,1791193898045,0,1791193898051.102,63.562,4.939,1791193898119.819,Normal,0.9683
vm2,147742,20261005-094315_clu_vm24_rate20_lat1node_r3,9728,perf_20261005-094315_clu_vm24_rate20_lat1node_r3,2,2473,1791193898145,0,1791193898149.791,63.689,5.841,1791193898219.501,Normal,0.9533
vm2,147742,20261005-094315_clu_vm24_rate20_lat1node_r3,9730,perf_20261005-094315_clu_vm24_rate20_lat1node_r3,2,2474,1791193898245,0,1791193898249.862,79.567,5.407,1791193898335.021,Normal,0.9669
vm2,147742,20261005-094315_clu_vm24_rate20_lat1node_r3,9733,perf_20261005-094315_clu_vm24_rate20_lat1node_r3,2,2475,1791193898395,0,1791193898400.434,75.578,5.188,1791193898481.386,Normal,0.9756
vm2,147742,20261005-094315_clu_vm24_rate20_lat1node_r3,9737,perf_20261005-094315_clu_vm24_rate20_lat1node_r3,2,2476,1791193898595,0,1791193898600.749,85.294,5.113,1791193898691.351,Normal,0.9565
vm2,147742,20261005-094315_clu_vm24_rate20_lat1node_r3,9742,perf_20261005-094315_clu_vm24_rate20_lat1node_r3,2,2477,1791193898845,0,1791193898850.358,60.496,4.881,1791193898915.922,Normal,0.9494
vm2,147742,20261005-094315_clu_vm24_rate20_lat1node_r3,9752,perf_20261005-094315_clu_vm24_rate20_lat1node_r3,2,2478,1791193899345,0,1791193899350.264,64.507,4.71,1791193899419.705,Normal,0.921
vm2,147742,20261005-094315_clu_vm24_rate20_lat1node_r3,9757,perf_20261005-094315_clu_vm24_rate20_lat1node_r3,2,2479,1791193899595,0,1791193899600.234,89.474,4.262,1791193899694.154,Normal,0.9198
vm2,147742,20261005-094315_clu_vm24_rate20_lat1node_r3,9759,perf_20261005-094315_clu_vm24_rate20_lat1node_r3,2,2480,1791193899695,0,1791193899699.267,59.153,4.751,1791193899763.375,Normal,0.8295
vm2,147742,20261005-094315_clu_vm24_rate20_lat1node_r3,9766,perf_20261005-094315_clu_vm24_rate20_lat1node_r3,2,2481,1791193900046,0,1791193900050.776,73.38,4.818,1791193900129.164,Normal,0.8941
vm2,147742,20261005-094315_clu_vm24_rate20_lat1node_r3,9767,perf_20261005-094315_clu_vm24_rate20_lat1node_r3,2,2482,1791193900095,0,1791193900131.652,73.492,5.119,1791193900210.528,OFFENSIVE,0.7866
vm2,147742,20261005-094315_clu_vm24_rate20_lat1node_r3,9769,perf_20261005-094315_clu_vm24_rate20_lat1node_r3,2,2483,1791193900195,0,1791193900213.02,82.389,5.59,1791193900301.194,Normal,0.9704
vm2,147742,20261005-094315_clu_vm24_rate20_lat1node_r3,9770,perf_20261005-094315_clu_vm24_rate20_lat1node_r3,2,2484,1791193900245,0,1791193900303.531,55.319,5.361,1791193900364.398,Normal,0.9264
vm2,147742,20261005-094315_clu_vm24_rate20_lat1node_r3,9774,perf_20261005-094315_clu_vm24_rate20_lat1node_r3,2,2485,1791193900445,0,1791193900449.94,66.553,4.82,1791193900521.504,Normal,0.9144
vm2,147742,20261005-094315_clu_vm24_rate20_lat1node_r3,9790,perf_20261005-094315_clu_vm24_rate20_lat1node_r3,2,2486,1791193901245,0,1791193901250.47,310.119,5.326,1791193901566.129,Normal,0.9742
vm2,147742,20261005-094315_clu_vm24_rate20_lat1node_r3,9793,perf_20261005-094315_clu_vm24_rate20_lat1node_r3,2,2487,1791193901395,0,1791193901568.974,54.125,5.123,1791193901628.403,Normal,0.9442
vm2,147742,20261005-094315_clu_vm24_rate20_lat1node_r3,9794,perf_20261005-094315_clu_vm24_rate20_lat1node_r3,2,2488,1791193901445,0,1791193901628.615,70.124,4.852,1791193901703.774,Normal,0.9192
vm2,147742,20261005-094315_clu_vm24_rate20_lat1node_r3,9795,perf_20261005-094315_clu_vm24_rate20_lat1node_r3,2,2489,1791193901495,0,1791193901703.985,58.648,4.374,1791193901767.181,Normal,0.9254
vm2,147742,20261005-094315_clu_vm24_rate20_lat1node_r3,9801,perf_20261005-094315_clu_vm24_rate20_lat1node_r3,2,2490,1791193901795,0,1791193901799.716,72.966,5.363,1791193901878.239,Normal,0.7156
vm2,147742,20261005-094315_clu_vm24_rate20_lat1node_r3,9809,perf_20261005-094315_clu_vm24_rate20_lat1node_r3,2,2491,1791193902195,0,1791193902200.158,91.535,4.331,1791193902296.239,Normal,0.9198
vm2,147742,20261005-094315_clu_vm24_rate20_lat1node_r3,9814,perf_20261005-094315_clu_vm24_rate20_lat1node_r3,2,2492,1791193902445,0,1791193902450.224,62.217,4.734,1791193902517.358,Normal,0.9255
vm2,147742,20261005-094315_clu_vm24_rate20_lat1node_r3,9826,perf_20261005-094315_clu_vm24_rate20_lat1node_r3,2,2493,1791193903045,0,1791193903050.951,57.068,5.795,1791193903114.016,Normal,0.8992
vm2,147742,20261005-094315_clu_vm24_rate20_lat1node_r3,9838,perf_20261005-094315_clu_vm24_rate20_lat1node_r3,2,2494,1791193903645,0,1791193903649.971,57.757,5.167,1791193903713.088,Normal,0.9366
vm2,147742,20261005-094315_clu_vm24_rate20_lat1node_r3,9845,perf_20261005-094315_clu_vm24_rate20_lat1node_r3,2,2495,1791193903995,0,1791193904000.335,78.245,6.896,1791193904085.654,Normal,0.9424
vm2,147742,20261005-094315_clu_vm24_rate20_lat1node_r3,9847,perf_20261005-094315_clu_vm24_rate20_lat1node_r3,2,2496,1791193904095,0,1791193904098.936,56.654,4.819,1791193904160.582,Normal,0.9366
vm2,147742,20261005-094315_clu_vm24_rate20_lat1node_r3,9848,perf_20261005-094315_clu_vm24_rate20_lat1node_r3,2,2497,1791193904145,0,1791193904163.293,52.958,5.366,1791193904221.798,Normal,0.9013
vm2,147742,20261005-094315_clu_vm24_rate20_lat1node_r3,9850,perf_20261005-094315_clu_vm24_rate20_lat1node_r3,2,2498,1791193904245,0,1791193904249.827,57.737,4.544,1791193904312.296,Normal,0.9424
vm2,147742,20261005-094315_clu_vm24_rate20_lat1node_r3,9858,perf_20261005-094315_clu_vm24_rate20_lat1node_r3,2,2499,1791193904646,0,1791193904651.956,77.928,5.547,1791193904735.611,Normal,0.9544
vm2,147742,20261005-094315_clu_vm24_rate20_lat1node_r3,9859,perf_20261005-094315_clu_vm24_rate20_lat1node_r3,2,2500,1791193904695,0,1791193904738.184,50.916,5.428,1791193904794.813,Normal,0.9125
vm2,147742,20261005-094315_clu_vm24_rate20_lat1node_r3,9867,perf_20261005-094315_clu_vm24_rate20_lat1node_r3,2,2501,1791193905095,0,1791193905100.034,74.425,4.87,1791193905179.517,Normal,0.9603
vm2,147742,20261005-094315_clu_vm24_rate20_lat1node_r3,9868,perf_20261005-094315_clu_vm24_rate20_lat1node_r3,2,2502,1791193905145,0,1791193905181.915,121.586,5.573,1791193905309.253,Normal,0.9699
vm2,147742,20261005-094315_clu_vm24_rate20_lat1node_r3,9871,perf_20261005-094315_clu_vm24_rate20_lat1node_r3,2,2503,1791193905295,0,1791193905311.656,66.963,5.168,1791193905383.957,Normal,0.9014
vm2,147742,20261005-094315_clu_vm24_rate20_lat1node_r3,9874,perf_20261005-094315_clu_vm24_rate20_lat1node_r3,2,2504,1791193905445,0,1791193905450.94,70.733,4.876,1791193905526.74,Normal,0.9311
vm2,147742,20261005-094315_clu_vm24_rate20_lat1node_r3,9875,perf_20261005-094315_clu_vm24_rate20_lat1node_r3,2,2505,1791193905495,0,1791193905529.046,57.929,4.85,1791193905591.997,Normal,0.8985
vm2,147742,20261005-094315_clu_vm24_rate20_lat1node_r3,9877,perf_20261005-094315_clu_vm24_rate20_lat1node_r3,2,2506,1791193905595,0,1791193905599.475,51.632,5.224,1791193905656.506,Normal,0.9309
vm2,147742,20261005-094315_clu_vm24_rate20_lat1node_r3,9881,perf_20261005-094315_clu_vm24_rate20_lat1node_r3,2,2507,1791193905795,0,1791193905800.277,57.519,4.985,1791193905862.966,Normal,0.9323
vm2,147742,20261005-094315_clu_vm24_rate20_lat1node_r3,9882,perf_20261005-094315_clu_vm24_rate20_lat1node_r3,2,2508,1791193905845,0,1791193905865.276,56.129,5.323,1791193905926.909,Normal,0.9627
vm2,147742,20261005-094315_clu_vm24_rate20_lat1node_r3,9884,perf_20261005-094315_clu_vm24_rate20_lat1node_r3,2,2509,1791193905945,0,1791193905949.392,58.312,5.212,1791193906013.104,Normal,0.9642
vm2,147742,20261005-094315_clu_vm24_rate20_lat1node_r3,9887,perf_20261005-094315_clu_vm24_rate20_lat1node_r3,2,2510,1791193906095,0,1791193906100.998,67.82,5.508,1791193906174.515,Normal,0.9151
vm2,147742,20261005-094315_clu_vm24_rate20_lat1node_r3,9891,perf_20261005-094315_clu_vm24_rate20_lat1node_r3,2,2511,1791193906295,0,1791193906300.411,58.711,5.385,1791193906364.696,Normal,0.9366
vm2,147742,20261005-094315_clu_vm24_rate20_lat1node_r3,9892,perf_20261005-094315_clu_vm24_rate20_lat1node_r3,2,2512,1791193906345,0,1791193906367.137,53.008,4.856,1791193906425.19,Normal,0.9541
vm2,147742,20261005-094315_clu_vm24_rate20_lat1node_r3,9895,perf_20261005-094315_clu_vm24_rate20_lat1node_r3,2,2513,1791193906495,0,1791193906500.204,63.051,5.106,1791193906568.547,Normal,0.9583
vm2,147742,20261005-094315_clu_vm24_rate20_lat1node_r3,9896,perf_20261005-094315_clu_vm24_rate20_lat1node_r3,2,2514,1791193906546,0,1791193906571.218,79.118,4.773,1791193906655.278,Normal,0.5688
vm2,147742,20261005-094315_clu_vm24_rate20_lat1node_r3,9908,perf_20261005-094315_clu_vm24_rate20_lat1node_r3,2,2515,1791193907145,0,1791193907150.253,56.814,5.946,1791193907213.193,Normal,0.9424
vm2,147742,20261005-094315_clu_vm24_rate20_lat1node_r3,9909,perf_20261005-094315_clu_vm24_rate20_lat1node_r3,2,2516,1791193907195,0,1791193907215.822,51.671,5.305,1791193907272.973,Normal,0.9487
vm2,147742,20261005-094315_clu_vm24_rate20_lat1node_r3,9913,perf_20261005-094315_clu_vm24_rate20_lat1node_r3,2,2517,1791193907395,0,1791193907399.961,62.64,4.897,1791193907467.675,Normal,0.8324
vm2,147742,20261005-094315_clu_vm24_rate20_lat1node_r3,9920,perf_20261005-094315_clu_vm24_rate20_lat1node_r3,2,2518,1791193907745,0,1791193907750.434,57.026,4.872,1791193907812.514,Normal,0.9437
vm2,147742,20261005-094315_clu_vm24_rate20_lat1node_r3,9924,perf_20261005-094315_clu_vm24_rate20_lat1node_r3,2,2519,1791193907945,0,1791193907949.983,56.716,5.51,1791193908012.392,Normal,0.9366
vm2,147742,20261005-094315_clu_vm24_rate20_lat1node_r3,9926,perf_20261005-094315_clu_vm24_rate20_lat1node_r3,2,2520,1791193908045,0,1791193908049.895,72.942,4.521,1791193908127.539,Normal,0.6449
vm2,147742,20261005-094315_clu_vm24_rate20_lat1node_r3,9927,perf_20261005-094315_clu_vm24_rate20_lat1node_r3,2,2521,1791193908095,0,1791193908129.855,51.634,4.4,1791193908186.062,Normal,0.9309
vm2,147742,20261005-094315_clu_vm24_rate20_lat1node_r3,9933,perf_20261005-094315_clu_vm24_rate20_lat1node_r3,2,2522,1791193908395,0,1791193908401.334,86.708,5.553,1791193908493.787,Normal,0.9699
vm2,147742,20261005-094315_clu_vm24_rate20_lat1node_r3,9935,perf_20261005-094315_clu_vm24_rate20_lat1node_r3,2,2523,1791193908495,0,1791193908499.992,59.881,4.873,1791193908564.989,Normal,0.5711
vm2,147742,20261005-094315_clu_vm24_rate20_lat1node_r3,9943,perf_20261005-094315_clu_vm24_rate20_lat1node_r3,2,2524,1791193908895,0,1791193908902.174,64.388,5.278,1791193908972.037,Normal,0.9493
vm2,147742,20261005-094315_clu_vm24_rate20_lat1node_r3,9950,perf_20261005-094315_clu_vm24_rate20_lat1node_r3,2,2525,1791193909245,0,1791193909251.775,147.225,4.613,1791193909403.801,Normal,0.9737
vm2,147742,20261005-094315_clu_vm24_rate20_lat1node_r3,9954,perf_20261005-094315_clu_vm24_rate20_lat1node_r3,2,2526,1791193909445,0,1791193909451.449,63.106,5.349,1791193909520.086,Normal,0.9705
vm2,147742,20261005-094315_clu_vm24_rate20_lat1node_r3,9960,perf_20261005-094315_clu_vm24_rate20_lat1node_r3,2,2527,1791193909745,0,1791193909751.105,86.556,5.3,1791193909843.151,Normal,0.9627
vm2,147742,20261005-094315_clu_vm24_rate20_lat1node_r3,9962,perf_20261005-094315_clu_vm24_rate20_lat1node_r3,2,2528,1791193909845,0,1791193909849.799,58.931,5.731,1791193909914.639,Normal,0.9546
vm2,147742,20261005-094315_clu_vm24_rate20_lat1node_r3,9963,perf_20261005-094315_clu_vm24_rate20_lat1node_r3,2,2529,1791193909895,0,1791193909917.09,53.201,5.203,1791193909975.686,Normal,0.913
vm2,147742,20261005-094315_clu_vm24_rate20_lat1node_r3,9969,perf_20261005-094315_clu_vm24_rate20_lat1node_r3,2,2530,1791193910195,0,1791193910200.684,62.356,5.359,1791193910268.597,Normal,0.9165
vm2,147742,20261005-094315_clu_vm24_rate20_lat1node_r3,9971,perf_20261005-094315_clu_vm24_rate20_lat1node_r3,2,2531,1791193910295,0,1791193910303.309,75.199,12.742,1791193910391.436,Normal,0.87
vm2,147742,20261005-094315_clu_vm24_rate20_lat1node_r3,9973,perf_20261005-094315_clu_vm24_rate20_lat1node_r3,2,2532,1791193910395,0,1791193910399.299,54.405,5.324,1791193910459.208,Normal,0.9302
vm2,147742,20261005-094315_clu_vm24_rate20_lat1node_r3,9976,perf_20261005-094315_clu_vm24_rate20_lat1node_r3,2,2533,1791193910545,0,1791193910550.563,68.861,5.317,1791193910624.935,Normal,0.9657
vm2,147742,20261005-094315_clu_vm24_rate20_lat1node_r3,9991,perf_20261005-094315_clu_vm24_rate20_lat1node_r3,2,2534,1791193911295,0,1791193911300.656,59.984,5.184,1791193911366.049,Normal,0.9418
