---- STARTING OMNI-PROCESSOR ----
-> Connected to Elasticsearch at http://172.16.10.94:9200 | Index: perf_20261002-134352_clu_vm14-vm24_twonode_r2
-> Loading model from /home/ubuntu/hsp/src/../models/bert_final on cpu...
-> BERT Model Loaded successfully.
-> Benchmark log: /home/ubuntu/hsp/reports/scaling/20261002-134352_clu_vm14-vm24_twonode_r2/bench_vm2_2.csv | node vm2 | group g_20261002-134352_clu_vm14-vm24_twonode_r2
------------------------------------------------------------------------------------------------------------------------
DOMAIN       | SOURCE   | PREDICTION   | CONF.  | LATENCY  | TEXT
------------------------------------------------------------------------------------------------------------------------
[NEWS/LIVE ] | YouTube  | [Normal]     | 95%    |   80.4ms | just to get rich...
[GAMING/SUR] | YouTube  | [Normal]     | 97%    |  104.7ms | finally playing a top game that has been...
[GAMING/SUR] | YouTube  | [Normal]     | 91%    |   60.9ms | Hey...
[GAMING/SUR] | YouTube  | [Normal]     | 93%    |   83.0ms | ok this peanut has a lil season to him b...
[GAMING/SUR] | YouTube  | [Normal]     | 95%    |   62.4ms | THE KING HAS RETURNED...
[GAMING/SUR] | YouTube  | [Normal]     | 73%    |   70.2ms | whats wrong with your eye...
[GAMING/SUR] | YouTube  | [Normal]     | 74%    |   80.0ms | He and Gingy and Rogue have been grindin...
[GAMING/SUR] | YouTube  | [Normal]     | 91%    |   90.6ms | About to go lose all y’all’s money at th...
[GAMING/SUR] | YouTube  | [Normal]     | 94%    |   67.1ms | GINGY DID 20 HOURS...
[MUSIC/CHIL] | YouTube  | [Normal]     | 95%    |  137.3ms | Suz :rolling_on_the_floor_laughing::roll...
[PSYCHOLOGY] | YouTube  | [Normal]     | 84%    |   67.4ms | jungian punch...
[SELF-HELP/] | YouTube  | [Normal]     | 94%    |   65.5ms | hi...
[GAMING/SUR] | YouTube  | [Normal]     | 52%    |   91.3ms | GOOP GOOP GOOP...
[GAMING/SUR] | YouTube  | [Normal]     | 92%    |  218.7ms | Oh my god he's already on :rolling_on_th...
[GAMING/SUR] | YouTube  | [Normal]     | 97%    |  113.7ms | H20 :red_heart:...
[GAMING/SUR] | YouTube  | [Normal]     | 96%    |   88.0ms | LOL...
[GAMING/SUR] | YouTube  | [Normal]     | 96%    |  111.0ms | That’s everyone’s childhood...
[GAMING/SUR] | YouTube  | [Normal]     | 96%    |   93.6ms | tab top right...
[NEWS/LIVE ] | YouTube  | [Normal]     | 95%    |   79.8ms | MAGA...
[GAMING/SUR] | YouTube  | [Normal]     | 81%    |   88.7ms | WALL GATE...
[GAMING/SUR] | YouTube  | [Normal]     | 97%    |   90.0ms | Need to work on research tree...
[NEWS/LIVE ] | YouTube  | [Normal]     | 97%    |  103.9ms | DESANTIS 2028...
[GAMING/SUR] | YouTube  | [Normal]     | 90%    |  113.7ms | Hutch and gingy got a air strike...
[NEWS/LIVE ] | YouTube  | [Normal]     | 94%    |  119.0ms | I don't think you can work out even simp...
[GAMING/SUR] | YouTube  | [Normal]     | 93%    |  105.3ms | Helf is Welf...
[SELF-HELP/] | YouTube  | [Normal]     | 85%    |  110.0ms | remember the bonk...
[PSYCHOLOGY] | YouTube  | [Normal]     | 96%    |  104.6ms | HAPPY TO BE HERE...
[PSYCHOLOGY] | YouTube  | [Normal]     | 96%    |  123.0ms | RAINBOW ROAD WOOT WOOT...
[GAMING/SUR] | YouTube  | [Normal]     | 94%    |  109.3ms | 5...
[GAMING/SUR] | YouTube  | [Normal]     | 89%    |  100.8ms | Yes it’s him...
[GAMING/SUR] | YouTube  | [Normal]     | 97%    |  303.9ms | :face_with_tears_of_joy::face_with_tears...
[GAMING/SUR] | YouTube  | [Normal]     | 96%    |   97.1ms | h20 ??...
[GAMING/SUR] | YouTube  | [Normal]     | 95%    |   94.7ms | HJune...
[GAMING/SUR] | YouTube  | [Normal]     | 94%    |  104.6ms | don't swing at people there  lol...
[GAMING/SUR] | YouTube  | [Normal]     | 97%    |   98.4ms | 1/3 have more spaces...
[GAMING/SUR] | YouTube  | [Normal]     | 90%    |   94.4ms | hahahaha...
[GAMING/SUR] | YouTube  | [Normal]     | 95%    |  130.9ms | :fire::fire::fire::fire::fire:...
[GAMING/SUR] | YouTube  | [Normal]     | 96%    |  100.7ms | lol...
[SELF-HELP/] | YouTube  | [Normal]     | 96%    |  112.8ms | Hello dr.k...
[GAMING/SUR] | YouTube  | [Normal]     | 97%    |  109.3ms | :peanuts: loves gambling...
[GAMING/SUR] | YouTube  | [Normal]     | 95%    |   96.1ms | hit...
[PSYCHOLOGY] | YouTube  | [Normal]     | 97%    |  175.9ms | Cultivate the skills you need to overcom...
[SELF-HELP/] | YouTube  | [Normal]     | 96%    |   98.9ms | It certainly is a day today...
[MUSIC/CHIL] | YouTube  | [Normal]     | 96%    |   89.2ms | haa...
[GAMING/SUR] | YouTube  | [Normal]     | 91%    |  112.2ms | I mean ur kinda trash at blackjack ngl l...
[GAMING/SUR] | YouTube  | [Normal]     | 94%    |   93.2ms | he wasnt up 500 he just got his scrap ba...
[GAMING/SUR] | YouTube  | [Normal]     | 96%    |  101.5ms | Praise god he has to leave his house to ...
[ENTERTAINM] | YouTube  | [Normal]     | 95%    |   66.0ms | india opppp...
[NEWS/LIVE ] | YouTube  | [Normal]     | 88%    |   75.8ms | It was a joke really...
[ENTERTAINM] | YouTube  | [Normal]     | 91%    |   64.7ms | W...
[GAMING/GAM] | YouTube  | [Normal]     | 96%    |   74.7ms | IRON LUNG 2 CONFIRMED?...
[GAMING/GAM] | YouTube  | [Normal]     | 95%    |   66.9ms | hello...
[GAMING/GAM] | YouTube  | [Normal]     | 96%    |   73.4ms | hiiiiiii...
[GAMING/GAM] | YouTube  | [Normal]     | 94%    |   76.0ms | hi...
[PSYCHOLOGY] | YouTube  | [Normal]     | 96%    |   68.9ms | lmao...
[GAMING/GAM] | YouTube  | [OFFENSIVE]  | 82%    |   87.6ms | YOO CONGRATSSSSSS OMGGG...
[ENTERTAINM] | YouTube  | [Normal]     | 95%    |   85.7ms | best plz give me a iphone plz...
[ENTERTAINM] | YouTube  | [Normal]     | 96%    |  109.8ms | I think y'all do it....but I've been sub...
[GAMING/GAM] | YouTube  | [Normal]     | 94%    |   77.5ms | im going to see the movie tomorrow...
[GAMING/GAM] | YouTube  | [Normal]     | 96%    |   59.1ms | Ayeeeeeee...
[GAMING/GAM] | YouTube  | [Normal]     | 93%    |   66.5ms | OH YEAHHHH...
[GAMING/GAM] | YouTube  | [Normal]     | 48%    |   74.8ms | Da goat....
[PSYCHOLOGY] | YouTube  | [Normal]     | 96%    |   64.7ms | oo...
[MUSIC/CHIL] | YouTube  | [Normal]     | 90%    |   94.5ms | D mall ki vellavaa ninna:woman_detective...
[GAMING/GAM] | YouTube  | [Normal]     | 94%    |   95.4ms | CONGRATULATIONS ON TH3 MOVIE MARK I WAT ...
[MUSIC/CHIL] | YouTube  | [Normal]     | 97%    |   89.8ms | vsannu:body-blue-raised-arms:...
[GAMING/GAM] | YouTube  | [Normal]     | 96%    |   76.1ms | Epic...
[GAMING/GAM] | YouTube  | [OFFENSIVE]  | 92%    |   81.8ms | WOWOWOAHAGGAHAHA...
[PSYCHOLOGY] | YouTube  | [Normal]     | 96%    |  125.5ms | @Valt-142 it's a sort of yin/yang divine...
[GAMING/SUR] | YouTube  | [Normal]     | 94%    |   78.6ms | Play with H20 Delirious...
[ENTERTAINM] | YouTube  | [Normal]     | 96%    |   73.9ms | Hello from SC!...
[GAMING/GAM] | YouTube  | [HATE]       | 50%    |   60.7ms | fax...
[ENTERTAINM] | YouTube  | [Normal]     | 68%    |   77.1ms | it is lagging...
[GAMING/SUR] | YouTube  | [Normal]     | 79%    |   63.0ms | Blackjack...
[GAMING/GAM] | YouTube  | [Normal]     | 96%    |   66.9ms | AIRPLAIN...
[ENTERTAINM] | YouTube  | [Normal]     | 96%    |   67.1ms | hiiiiiiiiii...
[ENTERTAINM] | YouTube  | [Normal]     | 95%    |   59.5ms | Hiii...
[ENTERTAINM] | YouTube  | [Normal]     | 97%    |   95.0ms | :red_heart::red_heart::red_heart:...
[GAMING/GAM] | YouTube  | [Normal]     | 97%    |   67.6ms | HIIIII...
[GAMING/SUR] | YouTube  | [Normal]     | 92%    |   64.4ms | PLAY THE WHEEL...
[GAMING/GAM] | YouTube  | [Normal]     | 98%    |  360.4ms | :face-blue-smiling::face-blue-smiling::f...
[ENTERTAINM] | YouTube  | [Normal]     | 97%    |   90.7ms | :red_heart::red_heart::red_heart:...
[ENTERTAINM] | YouTube  | [Normal]     | 91%    |   66.9ms | helooo...
[GAMING/GAM] | YouTube  | [Normal]     | 97%    |   84.6ms | mark I really love you...
[MUSIC/CHIL] | YouTube  | [Normal]     | 96%    |   79.3ms | Vadiki future ekadidi...
[GAMING/GAM] | YouTube  | [OFFENSIVE]  | 61%    |  100.2ms | your movie was fuckin fire...
[ENTERTAINM] | YouTube  | [Normal]     | 97%    |   90.6ms | congratulations :confetti_ball:...
[GAMING/GAM] | YouTube  | [Normal]     | 90%    |  104.0ms | When Iron Lung is out of theaters where ...
[GAMING/GAM] | YouTube  | [Normal]     | 96%    |   91.2ms | oo awesome!!!...
[GAMING/SUR] | YouTube  | [OFFENSIVE]  | 75%    |   86.5ms | LETS FUCKING GOOOOOOOOOO...
[GAMING/GAM] | YouTube  | [Normal]     | 98%    |  389.8ms | :hands-yellow-heart-red::hands-yellow-he...
[ENTERTAINM] | YouTube  | [Normal]     | 94%    |   92.0ms | 1...
[GAMING/SUR] | YouTube  | [Normal]     | 87%    |   94.2ms | it laughed at you...
[GAMING/GAM] | YouTube  | [Normal]     | 83%    |   84.7ms | waste...
[ENTERTAINM] | YouTube  | [Normal]     | 94%    |  122.2ms | Hi...
[ENTERTAINM] | YouTube  | [Normal]     | 96%    |   91.1ms | mrbeast luv from india...
[GAMING/GAM] | YouTube  | [Normal]     | 85%    |   89.5ms | what about africa...
[GAMING/GAM] | YouTube  | [Normal]     | 90%    |   90.1ms | Turkey when...
[ENTERTAINM] | YouTube  | [Normal]     | 98%    |  114.3ms | iphone 16 pro max :wrapped_gift:...
[GAMING/GAM] | YouTube  | [Normal]     | 97%    |   80.0ms | Welcome to Member!...
[GAMING/GAM] | YouTube  | [Normal]     | 97%    |   92.0ms | Welcome to Member!...
[GAMING/GAM] | YouTube  | [Normal]     | 97%    |  114.2ms | When are we getting the Distractable tou...
[GAMING/SUR] | YouTube  | [Normal]     | 93%    |   82.6ms | max bet...
[ENTERTAINM] | YouTube  | [Normal]     | 96%    |   97.3ms | I’m From Canada...
[MUSIC/CHIL] | YouTube  | [Normal]     | 96%    |  113.0ms | Rosa ??...
[GAMING/GAM] | YouTube  | [Normal]     | 96%    |  119.0ms | First...
[GAMING/SUR] | YouTube  | [Normal]     | 94%    |   87.2ms | all in!...
[ENTERTAINM] | YouTube  | [Normal]     | 97%    |  144.4ms | LOVE FROM INDIA JIMMY:sparkles::bottle_w...
[GAMING/SUR] | YouTube  | [Normal]     | 92%    |   74.6ms | lower bet...
[GAMING/SUR] | YouTube  | [Normal]     | 94%    |   87.4ms | 500 before hutch is back...
[GAMING/GAM] | YouTube  | [Normal]     | 95%    |   78.3ms | 6 7...
[GAMING/GAM] | YouTube  | [Normal]     | 96%    |   75.7ms | huh I learned something today...
[GAMING/GAM] | YouTube  | [Normal]     | 91%    |   69.9ms | Airplanee...
[GAMING/SUR] | YouTube  | [Normal]     | 96%    |  137.9ms | dude u can't bet so high every hand afte...
[GAMING/GAM] | YouTube  | [Normal]     | 97%    |   90.6ms | The surround sound was so good for my th...
[GAMING/SUR] | YouTube  | [Normal]     | 92%    |   77.0ms | Stay...
[GAMING/SUR] | YouTube  | [Normal]     | 57%    |   80.6ms | now let them win...
[ENTERTAINM] | YouTube  | [Normal]     | 91%    |   87.6ms | w...
[ENTERTAINM] | YouTube  | [Normal]     | 96%    |   77.3ms | hellooou...
[GAMING/SUR] | YouTube  | [Normal]     | 97%    |  108.0ms | I just got MILKED and I feel so refreshe...
[GAMING/SUR] | YouTube  | [Normal]     | 94%    |  102.2ms | 3 of a kind in blackjack???...
[GAMING/SUR] | YouTube  | [Normal]     | 93%    |   81.2ms | bro...
[ENTERTAINM] | YouTube  | [Normal]     | 93%    |   75.2ms | Molar...
[ENTERTAINM] | YouTube  | [Normal]     | 97%    |  116.9ms | sar please help me :pleading_face::disap...
[GAMING/GAM] | YouTube  | [OFFENSIVE]  | 44%    |   84.4ms | Airplane ganggggg...
[GAMING/GAM] | YouTube  | [Normal]     | 97%    |   83.0ms | Atmos is...
[GAMING/GAM] | YouTube  | [Normal]     | 92%    |  118.5ms | Loved Iron lung!!!!!! ugh best movie eve...
[ENTERTAINM] | YouTube  | [Normal]     | 92%    |   71.3ms | Yeah budy...
[MUSIC/CHIL] | YouTube  | [Normal]     | 95%    |   90.1ms | .......
[ENTERTAINM] | YouTube  | [Normal]     | 93%    |  120.0ms | Mrbeast can you give me money please :pl...
[GAMING/SUR] | YouTube  | [Normal]     | 49%    |  121.0ms | gingy gonna be mad when she gets back on...
[ENTERTAINM] | YouTube  | [Normal]     | 98%    |  107.7ms | Jimmy big fan :heart_suit: $100 please :...
[ENTERTAINM] | YouTube  | [HATE]       | 45%    |   93.6ms | Asian Sticker...
[ENTERTAINM] | YouTube  | [Normal]     | 94%    |   73.6ms | Hi...
[GAMING/SUR] | YouTube  | [Normal]     | 96%    |   81.1ms | lmfaaaaaaaaaao...
[ENTERTAINM] | YouTube  | [Normal]     | 98%    |  136.3ms | :blue_heart::blue_heart::blue_heart::blu...
[ENTERTAINM] | YouTube  | [Normal]     | 95%    |   89.4ms | love feom pakistan...
[GAMING/GAM] | YouTube  | [Normal]     | 97%    |  210.2ms | I’m just happy to be watching you. My ne...
[GAMING/SUR] | YouTube  | [Normal]     | 48%    |   94.6ms | XDDDDDDDDDDDDDDDDDD...
[GAMING/GAM] | YouTube  | [Normal]     | 94%    |   80.6ms | hi...
[MUSIC/CHIL] | YouTube  | [Normal]     | 97%    |  110.8ms | Amul vasthundhi le tension Enduku :pouti...
[GAMING/SUR] | YouTube  | [Normal]     | 95%    |   69.9ms | Happy Happy Happy...
[ENTERTAINM] | YouTube  | [Normal]     | 92%    |   68.8ms | help me...
[GAMING/SUR] | YouTube  | [Normal]     | 94%    |   75.5ms | 5...
[GAMING/GAM] | YouTube  | [Normal]     | 91%    |   84.7ms | WE ARE SO PROUD OF YOU...
[SPORTS/PEN] | YouTube  | [Normal]     | 94%    |   87.6ms | i didnt know there was a budget...
[GAMING/SUR] | YouTube  | [Normal]     | 83%    |   71.8ms | Rogue is gonna...
[ENTERTAINM] | YouTube  | [Normal]     | 98%    |  134.3ms | pls say my name :folded_hands::folded_ha...
[GAMING/SUR] | YouTube  | [Normal]     | 92%    |   70.5ms | no luck...
[ENTERTAINM] | YouTube  | [Normal]     | 95%    |   78.3ms | hello...
[GAMING/GAM] | YouTube  | [Normal]     | 89%    |   65.3ms | Stream anomaly...
[MUSIC/CHIL] | YouTube  | [Normal]     | 91%    |   73.3ms | go poop...
[ENTERTAINM] | YouTube  | [Normal]     | 97%    |   84.6ms | love from india :red_heart:...
[ENTERTAINM] | YouTube  | [Normal]     | 86%    |   90.7ms | Yo...
[ENTERTAINM] | YouTube  | [Normal]     | 94%    |   92.3ms | tower of terror best tower...
[ENTERTAINM] | YouTube  | [Normal]     | 98%    |   92.1ms | my gift :wrapped_gift:...
[GAMING/GAM] | YouTube  | [Normal]     | 94%    |   77.1ms | There's a typo...
[GAMING/SUR] | YouTube  | [Normal]     | 96%    |   75.7ms | lol...
[GAMING/GAM] | YouTube  | [Normal]     | 94%    |   75.5ms | hi...
[GAMING/SUR] | YouTube  | [Normal]     | 90%    |   94.5ms | Where’s the scarp peanut...
[ENTERTAINM] | YouTube  | [Normal]     | 92%    |  127.2ms | I WASSS HEREEEEE :fire::fire::fire::fire...
[ENTERTAINM] | YouTube  | [Normal]     | 97%    |  158.3ms | I am your big fan bro and I subscribed y...
[ENTERTAINM] | YouTube  | [Normal]     | 94%    |   96.2ms | Ok...
[ENTERTAINM] | YouTube  | [Normal]     | 95%    |   77.6ms | hi Jimmy...
[ENTERTAINM] | YouTube  | [Normal]     | 97%    |  209.0ms | Jimmyyyyyyyyyyyyyy  I can not believe th...
[GAMING/GAM] | YouTube  | [Normal]     | 94%    |   82.2ms | THE TITLE IS MISSPELLED...
[GAMING/SUR] | YouTube  | [Normal]     | 96%    |  114.9ms | He’s never gonna stop lol :face_with_tea...
[SELF-HELP/] | YouTube  | [Normal]     | 97%    |  140.8ms | Sometimes I think  my partner used to mi...
[ENTERTAINM] | YouTube  | [Normal]     | 95%    |  103.0ms | call speed!!!...
[GAMING/GAM] | YouTube  | [Normal]     | 94%    |   91.4ms | ovbersation...
[GAMING/SUR] | YouTube  | [Normal]     | 98%    |   85.7ms | :text-yellow-goal:...
[GAMING/GAM] | YouTube  | [Normal]     | 89%    |   95.2ms | the way i didnt even see...
[GAMING/SUR] | YouTube  | [Normal]     | 61%    |   92.7ms | a true addict...
[GAMING/SUR] | YouTube  | [Normal]     | 94%    |   89.6ms | 5...
[ENTERTAINM] | YouTube  | [Normal]     | 91%    |   87.1ms | mr beast...
[ENTERTAINM] | YouTube  | [Normal]     | 94%    |   81.9ms | 1...
[ENTERTAINM] | YouTube  | [Normal]     | 96%    |   77.7ms | jsjsj...
[ENTERTAINM] | YouTube  | [Normal]     | 97%    |  130.2ms | Jimmy:person-turqouise-waving::person-tu...
[MUSIC/CHIL] | YouTube  | [Normal]     | 98%    |   90.6ms | ...:face-turquoise-music-note:...
[GAMING/GAM] | YouTube  | [Normal]     | 95%    |   83.3ms | obversation...
[GAMING/GAM] | YouTube  | [Normal]     | 95%    |   69.6ms | Hiiii...
[GAMING/GAM] | YouTube  | [Normal]     | 92%    |  101.0ms | Do you still play Ultrakill?...
[ENTERTAINM] | YouTube  | [Normal]     | 93%    |  100.5ms | Are you okay?...
[GAMING/GAM] | YouTube  | [Normal]     | 96%    |   84.5ms | LOL...
[ENTERTAINM] | YouTube  | [Normal]     | 98%    |  104.6ms | Watching all World Cup games for 50K?:th...
[ENTERTAINM] | YouTube  | [Normal]     | 95%    |   93.4ms | 129...
[GAMING/GAM] | YouTube  | [Normal]     | 92%    |   77.7ms | bed...
[ENTERTAINM] | YouTube  | [Normal]     | 94%    |   71.6ms | heloooo...
[GAMING/GAM] | YouTube  | [Normal]     | 96%    |   76.6ms | :_markiBRAIN:...
[GAMING/GAM] | YouTube  | [Normal]     | 97%    |   64.8ms | Welcome to Member!...
[ENTERTAINM] | YouTube  | [Normal]     | 91%    |   75.5ms | mrbeast give me money...
[ENTERTAINM] | YouTube  | [Normal]     | 85%    |   94.3ms | Mr beast I watch you everyday hope you s...
[ENTERTAINM] | YouTube  | [Normal]     | 92%    |   80.9ms | hi MrBeast...
[GAMING/GAM] | YouTube  | [Normal]     | 96%    |   83.5ms | hi!!...
[ENTERTAINM] | YouTube  | [Normal]     | 95%    |   97.4ms | 67...
[GAMING/GAM] | YouTube  | [Normal]     | 56%    |  105.3ms | MARK IM ABOUT TO GO SEE IORN LUNG YOU BE...
[ENTERTAINM] | YouTube  | [Normal]     | 95%    |   73.9ms | Mr best...
[SELF-HELP/] | YouTube  | [Normal]     | 97%    |   77.3ms | I just been enlighten...
[GAMING/GAM] | YouTube  | [Normal]     | 88%    |   99.2ms | thank god I'm not on duty y'all got this...
[GAMING/SUR] | YouTube  | [Normal]     | 97%    |  109.5ms | the tea is pretty solid...
[GAMING/GAM] | YouTube  | [Normal]     | 94%    |   90.4ms | Man on the dock?...
[MUSIC/CHIL] | YouTube  | [Normal]     | 98%    |   99.3ms | Dream vanakam:pillow-turquoise-hot-choco...
[ENTERTAINM] | YouTube  | [Normal]     | 94%    |   69.5ms | Hi...
[GAMING/GAM] | YouTube  | [Normal]     | 88%    |   76.8ms | The door...
[GAMING/GAM] | YouTube  | [Normal]     | 97%    |   84.4ms | INTERIOR LANTERN MOVEMENT...
[ENTERTAINM] | YouTube  | [Normal]     | 96%    |   68.1ms | I want money...
[ENTERTAINM] | YouTube  | [Normal]     | 95%    |   65.2ms | hello...
[GAMING/SUR] | YouTube  | [Normal]     | 96%    |   79.0ms | Wait for welyn...
[GAMING/SUR] | YouTube  | [Normal]     | 90%    |   73.9ms | No  that’s only solar...
[ENTERTAINM] | YouTube  | [Normal]     | 94%    |   74.7ms | 1...
[GAMING/GAM] | YouTube  | [Normal]     | 93%    |   90.4ms | Just got back from the theater. Iron Lun...
[ENTERTAINM] | YouTube  | [Normal]     | 94%    |   78.6ms | 1...
[GAMING/GAM] | YouTube  | [Normal]     | 93%    |   68.6ms | Yes...
[ENTERTAINM] | YouTube  | [Normal]     | 92%    |   66.6ms | 1one...
[GAMING/SUR] | YouTube  | [Normal]     | 87%    |   72.6ms | no...
[GAMING/GAM] | YouTube  | [Normal]     | 93%    |   75.2ms | bedroom camera missing...
[GAMING/SUR] | YouTube  | [Normal]     | 79%    |   77.4ms | LET THE PRO DO IT...
[GAMING/GAM] | YouTube  | [Normal]     | 66%    |   88.1ms | YOUR CUPBOARD DOOR MIRK...
[GAMING/SUR] | YouTube  | [Normal]     | 96%    |   76.6ms | WAIT FOR WELYN...
[GAMING/SUR] | YouTube  | [Normal]     | 86%    |   74.3ms | Higher but...
[ENTERTAINM] | YouTube  | [Normal]     | 94%    |   77.7ms | 6...
[GAMING/SUR] | YouTube  | [Normal]     | 83%    |   67.8ms | Just wait...
[GAMING/SUR] | YouTube  | [Normal]     | 95%    |   79.7ms | ASKIN WEYLYN...
[ENTERTAINM] | YouTube  | [Normal]     | 96%    |   75.0ms | love u from Bangladesh...
[GAMING/GAM] | YouTube  | [Normal]     | 86%    |   91.9ms | intruder...
[ENTERTAINM] | YouTube  | [Normal]     | 97%    |   74.0ms | nikooo???...
[GAMING/GAM] | YouTube  | [Normal]     | 93%    |   82.8ms | n00b hahaha...
[GAMING/GAM] | YouTube  | [Normal]     | 95%    |   86.3ms | oh hi Mark...
[GAMING/GAM] | YouTube  | [Normal]     | 90%    |   95.3ms | You nearly did it...
[GAMING/GAM] | YouTube  | [Normal]     | 94%    |   80.1ms | his ego has consumed him...
[GAMING/GAM] | YouTube  | [Normal]     | 94%    |   79.3ms | ur my fav noob <3...
[ENTERTAINM] | YouTube  | [Normal]     | 95%    |   71.0ms | Beluga is in the chat...
[MUSIC/CHIL] | YouTube  | [Normal]     | 97%    |  153.5ms | :person-turquoise-writing-headphones::pe...
[GAMING/SUR] | YouTube  | [Normal]     | 83%    |   85.3ms | Welyn too nice...
[GAMING/GAM] | YouTube  | [Normal]     | 96%    |   89.2ms | see exactly lol...
[GAMING/GAM] | YouTube  | [Normal]     | 91%    |   81.6ms | Hahahah...
[MUSIC/CHIL] | YouTube  | [Normal]     | 97%    |  100.4ms | new job vacancy :face_with_hand_over_mou...
[GAMING/GAM] | YouTube  | [Normal]     | 64%    |   90.7ms | Obversate better!...
[ENTERTAINM] | YouTube  | [Normal]     | 98%    |  192.5ms | :red_heart::red_heart::red_heart::red_he...
[PSYCHOLOGY] | YouTube  | [Normal]     | 96%    |   91.1ms | I would've been a nun...
[PSYCHOLOGY] | YouTube  | [Normal]     | 87%    |  133.1ms | thinking you're getting canceled about u...
[ENTERTAINM] | YouTube  | [Normal]     | 96%    |  119.8ms | congratulations :party_popper::clapping_...
[GAMING/GAM] | YouTube  | [Normal]     | 96%    |  104.1ms | YEAAAAAHAHAHH...
[GAMING/GAM] | YouTube  | [Normal]     | 95%    |   72.9ms | YAY...
[ENTERTAINM] | YouTube  | [Normal]     | 97%    |   92.9ms | I watched then and would totally watch t...
[GAMING/GAM] | YouTube  | [Normal]     | 94%    |   73.4ms | woot...
[ENTERTAINM] | YouTube  | [Normal]     | 96%    |   78.8ms | oi...
[GAMING/GAM] | YouTube  | [Normal]     | 94%    |  105.4ms | OMFGGGG OBSERVATION DUTY?!?!?!?!...
[GAMING/GAM] | YouTube  | [Normal]     | 96%    |   90.7ms | what about mii side??...
[GAMING/GAM] | YouTube  | [Normal]     | 86%    |   76.4ms | THERES A PERSONNNNN...
[GAMING/GAM] | YouTube  | [Normal]     | 72%    |   85.9ms | are you gonna play the new resident evil...
[GAMING/GAM] | YouTube  | [Normal]     | 88%    |   67.7ms | mark behind you...
[GAMING/GAM] | YouTube  | [Normal]     | 91%    |   71.5ms | IRON MY LUNG MARK...
[ENTERTAINM] | YouTube  | [Normal]     | 95%    |   69.4ms | 67...
[GAMING/GAM] | YouTube  | [Normal]     | 92%    |   73.4ms | WOOD FELL IN QUARTERS...
[MUSIC/CHIL] | YouTube  | [Normal]     | 95%    |   82.4ms | m bhi nhi krungi kbhi...
[GAMING/SUR] | YouTube  | [Normal]     | 96%    |   63.3ms | LMFAO...
[GAMING/SUR] | YouTube  | [Normal]     | 86%    |   69.7ms | oh nbooo...
[GAMING/GAM] | YouTube  | [Normal]     | 97%    |   76.5ms | 2 pipes next to each other in interior...
[GAMING/GAM] | YouTube  | [Normal]     | 98%    |  223.8ms | :face-blue-wide-eyes::face-blue-wide-eye...
[GAMING/GAM] | YouTube  | [Normal]     | 96%    |   78.6ms | its mark!!!...
[GAMING/SUR] | YouTube  | [Normal]     | 71%    |   96.8ms | It’s going to destroy your whole base...
[GAMING/GAM] | YouTube  | [Normal]     | 95%    |   73.1ms | you missed one...
[GAMING/GAM] | YouTube  | [Normal]     | 97%    |  126.7ms | did the oil lantern on the dresser at th...
[ENTERTAINM] | YouTube  | [Normal]     | 97%    |   79.8ms | Can I have a dollar?...
[ENTERTAINM] | YouTube  | [Normal]     | 94%    |   97.3ms | Minecraft...
[GAMING/GAM] | YouTube  | [Normal]     | 96%    |   96.1ms | WOOD ON FLOOR...
[ENTERTAINM] | YouTube  | [Normal]     | 94%    |   74.1ms | Now I remember it...
[GAMING/GAM] | YouTube  | [Normal]     | 95%    |   92.4ms | 03o eyes peeled...
[GAMING/GAM] | YouTube  | [Normal]     | 95%    |   92.8ms | Why is the door open?...
[SELF-HELP/] | YouTube  | [Normal]     | 96%    |   69.2ms | 1 v Universe...
[ENTERTAINM] | YouTube  | [Normal]     | 95%    |   94.6ms | pin...
[ENTERTAINM] | YouTube  | [Normal]     | 95%    |   80.5ms | bro please say my name...
[GAMING/GAM] | YouTube  | [Normal]     | 95%    |   93.5ms | Was there something on the bed?...
[GAMING/GAM] | YouTube  | [Normal]     | 91%    |   92.3ms | ah yes  thats why we stopped the floodin...
[ENTERTAINM] | YouTube  | [Normal]     | 88%    |   84.4ms | nice :thumbs_up:...
[ENTERTAINM] | YouTube  | [Normal]     | 97%    |  201.4ms | MrBeast  congrats on 500 million! As you...
[ENTERTAINM] | YouTube  | [Normal]     | 95%    |   96.3ms | been subscribes since mr beast had 30m s...
[GAMING/GAM] | YouTube  | [Normal]     | 91%    |   82.1ms | You’re so cool...
[GAMING/GAM] | YouTube  | [Normal]     | 86%    |   90.1ms | THE FLOOR IS MISSING...
[GAMING/GAM] | YouTube  | [Normal]     | 92%    |   96.4ms | THE HANDLE IN THE INTERIOR...
[ENTERTAINM] | YouTube  | [Normal]     | 98%    |  120.2ms | help me my dream complete jimmy my dream...
[GAMING/SUR] | YouTube  | [Normal]     | 96%    |   65.7ms | lol...
[GAMING/SUR] | YouTube  | [Normal]     | 92%    |   73.7ms | SHOW THE BASE...
[SELF-HELP/] | YouTube  | [Normal]     | 89%    |   74.7ms | omg dr k likes us...
[GAMING/SUR] | YouTube  | [Normal]     | 96%    |   88.9ms | M2 and ak for heli brother...
[GAMING/GAM] | YouTube  | [Normal]     | 91%    |   98.7ms | What’s under the bed??...
[ENTERTAINM] | YouTube  | [Normal]     | 87%    |   80.4ms | heeeee...
[GAMING/GAM] | YouTube  | [Normal]     | 96%    |   91.4ms | Were the logs always on the floor?...
[MUSIC/CHIL] | YouTube  | [Normal]     | 96%    |  112.7ms | emo vastadi repu ga puttey di ela vastdi...
[GAMING/GAM] | YouTube  | [Normal]     | 97%    |  198.4ms | Hey mark! I’m currently in the parking l...
[ENTERTAINM] | YouTube  | [Normal]     | 97%    |  146.0ms | я Армения живу в Абхазии:heart_suit::hea...
[ENTERTAINM] | YouTube  | [Normal]     | 93%    |   81.4ms | ДА...
[GAMING/GAM] | YouTube  | [Normal]     | 96%    |   87.0ms | Helloo!!!...
[ENTERTAINM] | YouTube  | [Normal]     | 74%    |   85.8ms | congratulation mr beast from Bangladesh...
[GAMING/GAM] | YouTube  | [OFFENSIVE]  | 82%    |   86.6ms | "I PISS IN THE YARD"...
[ENTERTAINM] | YouTube  | [Normal]     | 96%    |   82.1ms | New member...
[GAMING/GAM] | YouTube  | [Normal]     | 96%    |   90.3ms | Stool  top of light house?...
[ENTERTAINM] | YouTube  | [Normal]     | 94%    |   80.9ms | hi...
[GAMING/GAM] | YouTube  | [Normal]     | 94%    |   88.6ms | room anomaly in middle of stairwell agai...
[ENTERTAINM] | YouTube  | [Normal]     | 97%    |  326.1ms | Translate my message. Здравствуйте я из ...
[SELF-HELP/] | YouTube  | [Normal]     | 90%    |  187.1ms | Hey there! how are you. I have a questio...
[GAMING/GAM] | YouTube  | [Normal]     | 96%    |   81.7ms | fuse boxxx...
[ENTERTAINM] | YouTube  | [Normal]     | 96%    |   64.5ms | New member...
[ENTERTAINM] | YouTube  | [Normal]     | 94%    |   96.7ms | Hi...
[GAMING/GAM] | YouTube  | [Normal]     | 96%    |   76.7ms | Pier background...
[ENTERTAINM] | YouTube  | [Normal]     | 98%    |  180.6ms | :hand-pink-waving::hand-pink-waving::han...
[ENTERTAINM] | YouTube  | [Normal]     | 96%    |   79.6ms | New member...
[GAMING/GAM] | YouTube  | [Normal]     | 97%    |   86.8ms | FUSE BOX in the Interior!!...
[GAMING/GAM] | YouTube  | [Normal]     | 98%    |  123.9ms | :face-orange-biting-nails::face-orange-b...
[GAMING/GAM] | YouTube  | [Normal]     | 93%    |   84.7ms | WOOD...
[ENTERTAINM] | YouTube  | [Normal]     | 96%    |   67.6ms | New member...
[PSYCHOLOGY] | YouTube  | [Normal]     | 92%    |   92.6ms | @SivTheScribe DO YOU REMEMBER ME...
[ENTERTAINM] | YouTube  | [Normal]     | 95%    |   94.3ms | kasimofficial94...
[GAMING/SUR] | YouTube  | [Normal]     | 94%    |  103.7ms | GAME NAME IS: DILLON DANIS IS NOT IN THE...
[NEWS/LIVE ] | YouTube  | [OFFENSIVE]  | 44%    |   90.4ms | You are a racist Oatmeal Toes...
[GAMING/GAM] | YouTube  | [Normal]     | 96%    |   74.3ms | mark pls...
[ENTERTAINM] | YouTube  | [Normal]     | 96%    |   84.6ms | From Nepal...
[ENTERTAINM] | YouTube  | [Normal]     | 95%    |  103.2ms | shout out jimmy from Mindanao Philippine...
[GAMING/GAM] | YouTube  | [Normal]     | 96%    |  117.9ms | Mark  the FUSE BOX isn't supposed to be ...
[PSYCHOLOGY] | YouTube  | [Normal]     | 91%    |  113.5ms | Gotta have a side piece...
[ENTERTAINM] | YouTube  | [Normal]     | 94%    |  126.3ms | 1...
[SELF-HELP/] | YouTube  | [Normal]     | 93%    |  121.5ms | DR K!!!!...
[GAMING/GAM] | YouTube  | [Normal]     | 93%    |  102.3ms | YEEEE...
[GAMING/SUR] | YouTube  | [Normal]     | 67%    |  100.4ms | Rust is so lame...
[GAMING/GAM] | YouTube  | [Normal]     | 97%    |  105.0ms | Welcome New Member!...
[ENTERTAINM] | YouTube  | [Normal]     | 96%    |   93.6ms | New member...
[ENTERTAINM] | YouTube  | [Normal]     | 94%    |  106.1ms | 1...
[ENTERTAINM] | YouTube  | [Normal]     | 94%    |  112.6ms | Indonesia...
[GAMING/ESP] | YouTube  | [Normal]     | 97%    |  123.7ms | Lgd will ve a new king in dota 2!!...
[ENTERTAINM] | YouTube  | [Normal]     | 93%    |  123.3ms | Lo...
[ENTERTAINM] | YouTube  | [Normal]     | 94%    |   96.8ms | MR BEAST GIVE ME 1$...
[GAMING/GAM] | YouTube  | [Normal]     | 96%    |  109.6ms | you have such good vibes!...
[GAMING/GAM] | YouTube  | [Normal]     | 92%    |   99.6ms | ROPE IS LOWER IN INTERIOR...
[ENTERTAINM] | YouTube  | [Normal]     | 94%    |   93.7ms | hi...
[GAMING/GAM] | YouTube  | [Normal]     | 96%    |   94.7ms | Fuse box is open...
[GAMING/GAM] | YouTube  | [Normal]     | 94%    |   96.9ms | extra barrel?...
[MUSIC/CHIL] | YouTube  | [Normal]     | 93%    |   96.7ms | :person-blue-wheelchair-race:...
[GAMING/GAM] | YouTube  | [Normal]     | 98%    |  122.1ms | Is the little red oil can on the pier su...
[GAMING/GAM] | YouTube  | [Normal]     | 96%    |   82.6ms | lol...
[GAMING/GAM] | YouTube  | [Normal]     | 94%    |  159.2ms | It was my first time going to the movies...
[GAMING/GAM] | YouTube  | [Normal]     | 96%    |   93.4ms | fuse box has always been open...
[ENTERTAINM] | YouTube  | [Normal]     | 94%    |  110.3ms | Hi...
[SPORTS/FOO] | YouTube  | [Normal]     | 96%    |   90.1ms | hadir...
[GAMING/GAM] | YouTube  | [Normal]     | 96%    |   86.6ms | stairwell pillar...
[GAMING/GAM] | YouTube  | [Normal]     | 96%    |   97.7ms | LIGHT IN THE YARD...
[ENTERTAINM] | YouTube  | [Normal]     | 98%    |  414.9ms | :face-blue-smiling::face-blue-smiling::f...
[ENTERTAINM] | YouTube  | [Normal]     | 96%    |   85.1ms | New member...
[GAMING/GAM] | YouTube  | [Normal]     | 94%    |   98.4ms | My goldfish brain could not...
[ENTERTAINM] | YouTube  | [Normal]     | 95%    |   99.9ms | I am carryminati...
[GAMING/GAM] | YouTube  | [Normal]     | 92%    |   97.3ms | WHAT WAS THAT...
[GAMING/GAM] | YouTube  | [Normal]     | 92%    |  100.1ms | Iron lung in Egypt??...
[ENTERTAINM] | YouTube  | [Normal]     | 95%    |  102.8ms | HIIII...
[GAMING/GAM] | YouTube  | [Normal]     | 97%    |  119.5ms | the pillar is spinning :loudly_crying_fa...
[ENTERTAINM] | YouTube  | [Normal]     | 96%    |  109.9ms | :red_heart:...
[ENTERTAINM] | YouTube  | [Normal]     | 95%    |   74.6ms | Bangladesh Please...
[MUSIC/CHIL] | YouTube  | [Normal]     | 97%    |  117.7ms | andrej bro hru:grinning_face_with_sweat:...
[GAMING/GAM] | YouTube  | [Normal]     | 49%    |  114.0ms | like a creature from Courage the Cowardl...
[ENTERTAINM] | YouTube  | [Normal]     | 95%    |  119.4ms | hello...
[PSYCHOLOGY] | YouTube  | [Normal]     | 49%    |  141.5ms | i can thank my covert  communal  maligna...
[GAMING/SUR] | YouTube  | [Normal]     | 55%    |  144.6ms | fix the base and go raid theirs take you...
[ENTERTAINM] | YouTube  | [Normal]     | 96%    |   98.8ms | mister best please give me gaming pc...
[GAMING/GAM] | YouTube  | [Normal]     | 95%    |   73.4ms | it moved...
[GAMING/GAM] | YouTube  | [Normal]     | 97%    |   74.6ms | 3 ropes interior...
[ENTERTAINM] | YouTube  | [Normal]     | 97%    |  102.4ms | PUERTO RICO EN LA CASAAAAAAAAAAAAAAAAA...
[ENTERTAINM] | YouTube  | [Normal]     | 91%    |  101.8ms | Pakistan...
[ENTERTAINM] | YouTube  | [Normal]     | 98%    |  240.3ms | :hand-pink-waving::hand-pink-waving::han...
[GAMING/GAM] | YouTube  | [Normal]     | 80%    |  100.1ms | TOP LEFT INTRUDER...
[GAMING/GAM] | YouTube  | [Normal]     | 96%    |  102.0ms | SPINNING PILLAR IN STAIRWELL...
[GAMING/GAM] | YouTube  | [Normal]     | 94%    |  107.7ms | MARK THAT WASNT THE STAIRWELL...
[ENTERTAINM] | YouTube  | [Normal]     | 97%    |  205.5ms | :finger-red-number-one::finger-red-numbe...
[GAMING/GAM] | YouTube  | [Normal]     | 93%    |   77.9ms | ON THE RIGHT...
[GAMING/SUR] | YouTube  | [Normal]     | 94%    |  108.6ms | What’s peanuts McDonald’s order...
[MUSIC/CHIL] | YouTube  | [Normal]     | 98%    |  139.8ms | :face-blue-wide-eyes::face-blue-wide-eye...
[GAMING/GAM] | YouTube  | [Normal]     | 97%    |  113.1ms | Dear penthouse forum  Mark finally read ...
[ENTERTAINM] | YouTube  | [Normal]     | 95%    |  128.9ms | UUUUUUUSSSSSSSAAAAAAAAA...
[GAMING/GAM] | YouTube  | [Normal]     | 91%    |   77.8ms | top left...
[GAMING/SUR] | YouTube  | [Normal]     | 94%    |   94.9ms | DILLON DANIS BANNED FROM UFC...
[GAMING/GAM] | YouTube  | [Normal]     | 93%    |   98.1ms | Carpetttttttt...
[GAMING/GAM] | YouTube  | [Normal]     | 95%    |   88.1ms | BROKEN RAILING MOVED HIGHER...
[MUSIC/CHIL] | YouTube  | [Normal]     | 95%    |  108.9ms | prasa i was not but some people make me ...
[SELF-HELP/] | YouTube  | [Normal]     | 97%    |   81.3ms | I loved the sunshine room...
[MUSIC/CHIL] | YouTube  | [Normal]     | 96%    |   97.5ms | para la residencia después...
[PSYCHOLOGY] | YouTube  | [Normal]     | 93%    |  101.9ms | when are we supposed to remind dr k abou...
[ENTERTAINM] | YouTube  | [Normal]     | 93%    |  105.3ms | Can someone send me some money to build ...
[ENTERTAINM] | YouTube  | [Normal]     | 93%    |   78.4ms | Malawi...
[GAMING/GAM] | YouTube  | [Normal]     | 97%    |   63.0ms | fireplace?...
[ENTERTAINM] | YouTube  | [Normal]     | 94%    |   88.0ms | hi...
[GAMING/GAM] | YouTube  | [Normal]     | 46%    |   72.3ms | DING DONG DING DONG...
[GAMING/GAM] | YouTube  | [Normal]     | 96%    |   92.1ms | for whom does the bell now toll...
[GAMING/GAM] | YouTube  | [Normal]     | 96%    |   93.2ms | MAP INTERIOR...
[SELF-HELP/] | YouTube  | [Normal]     | 91%    |  117.8ms | @blångoesaurr just put some ribbon on yo...
[GAMING/SUR] | YouTube  | [Normal]     | 97%    |   92.4ms | 1 aelective output 2 remaining output...
[ENTERTAINM] | YouTube  | [Normal]     | 94%    |   91.8ms | CONGRATS...
[GAMING/GAM] | YouTube  | [Normal]     | 97%    |  100.1ms | red railing on the left moved up in stai...
[ENTERTAINM] | YouTube  | [Normal]     | 95%    |   90.7ms | hope...
[GAMING/GAM] | YouTube  | [Normal]     | 95%    |   84.7ms | Look Mark you caught one!...
[ENTERTAINM] | YouTube  | [Normal]     | 94%    |   73.1ms | gdgh...
[ENTERTAINM] | YouTube  | [Normal]     | 94%    |  103.0ms | Mr beast can I get a shoutout please...
[GAMING/SUR] | YouTube  | [Normal]     | 96%    |   92.1ms | PEANUT IS BASE BIXTCHIN...
[ENTERTAINM] | YouTube  | [Normal]     | 89%    |  164.1ms | heeeeeeeeeeeeeeeeeeeeellllllllllllllllll...
[ENTERTAINM] | YouTube  | [Normal]     | 95%    |   95.5ms | Congrats bro...
[GAMING/GAM] | YouTube  | [Normal]     | 96%    |   93.0ms | Missing object in front of map INTERIOR...
[GAMING/GAM] | YouTube  | [Normal]     | 94%    |   87.8ms | Didn't love that!...
[SELF-HELP/] | YouTube  | [Normal]     | 55%    |  103.3ms | Because only Dr. Eggman has that IQ...
[GAMING/GAM] | YouTube  | [Normal]     | 92%    |  129.0ms | Going to see Iron Lug tomorrow! So excit...
[GAMING/GAM] | YouTube  | [Normal]     | 95%    |   94.5ms | IT USED TO BE ON THE BOTTOM...
[ENTERTAINM] | YouTube  | [Normal]     | 98%    |  140.9ms | :palm_tree::palm_tree::sheaf_of_rice::sh...
[ENTERTAINM] | YouTube  | [Normal]     | 94%    |   90.5ms | WHAAAAAAAAAAT...
[GAMING/GAM] | YouTube  | [Normal]     | 77%    |  132.3ms | So have we already talked about how Iron...
[ENTERTAINM] | YouTube  | [Normal]     | 96%    |   86.0ms | hiiiiiiiiijans...
[ENTERTAINM] | YouTube  | [Normal]     | 93%    |  103.1ms | Im 10 pls notice mine Im from pakistan...
[ENTERTAINM] | YouTube  | [Normal]     | 97%    |  133.6ms | Egor privet a Veronika dyra:red_heart:...
[ENTERTAINM] | YouTube  | [Normal]     | 92%    |   67.4ms | GIVE ME PC...
[ENTERTAINM] | YouTube  | [HATE]       | 46%    |  379.3ms | :face-fuchsia-wide-eyes::face-fuchsia-wi...
[ENTERTAINM] | YouTube  | [Normal]     | 94%    |  133.3ms | @MrBeast ur the best youtuber i really l...
[ENTERTAINM] | YouTube  | [Normal]     | 95%    |   74.7ms | Husnain...
[MUSIC/CHIL] | YouTube  | [Normal]     | 96%    |   81.6ms | :slightly_smiling_face:...
[ENTERTAINM] | YouTube  | [Normal]     | 90%    |   89.2ms | yooooo @MrBeast...
[GAMING/GAM] | YouTube  | [Normal]     | 95%    |   66.4ms | yooo...
[GAMING/GAM] | YouTube  | [Normal]     | 95%    |   72.1ms | Xd...
[GAMING/GAM] | YouTube  | [Normal]     | 98%    |   91.7ms | :medal-yellow-first-red:...
[ENTERTAINM] | YouTube  | [Normal]     | 92%    |   79.2ms | Now nobody can message me...
[ENTERTAINM] | YouTube  | [Normal]     | 97%    |  281.8ms | :triangular_flag::triangular_flag::trian...
[SELF-HELP/] | YouTube  | [Normal]     | 96%    |   82.2ms | good movie...
[GAMING/GAM] | YouTube  | [Normal]     | 93%    |   85.0ms | iron lung was so good...
[GAMING/GAM] | YouTube  | [Normal]     | 94%    |  107.5ms | okay thanks for catching me up on it...
[PSYCHOLOGY] | YouTube  | [Normal]     | 91%    |  107.4ms | @ArlichVomalites nice...
[GAMING/GAM] | YouTube  | [Normal]     | 95%    |  108.3ms | I haven't watched it because of snow :(...
[GAMING/SUR] | YouTube  | [Normal]     | 87%    |   85.6ms | no...
[GAMING/GAM] | YouTube  | [Normal]     | 68%    |  125.6ms | anyone ever tell you  you look like the ...
[ENTERTAINM] | YouTube  | [Normal]     | 92%    |  101.3ms | congrulation...
[MUSIC/CHIL] | YouTube  | [Normal]     | 98%    |  200.2ms | Kejti :comet::small_blue_diamond: I'm no...
[GAMING/GAM] | YouTube  | [Normal]     | 97%    |   99.6ms | I've seen some real cool fan art...
[MUSIC/CHIL] | YouTube  | [HATE]       | 63%    |  104.5ms | Raggy and??...
[GAMING/SUR] | YouTube  | [Normal]     | 93%    |   80.2ms | right click...
[GAMING/GAM] | YouTube  | [Normal]     | 78%    |   96.4ms | can you get it to Mexico...
[GAMING/GAM] | YouTube  | [Normal]     | 95%    |  141.2ms | I love you mark!!!!!!!!!!!!!!!!...
[GAMING/GAM] | YouTube  | [Normal]     | 95%    |   96.8ms | Can I get it in the Mariana Trench?...
[SELF-HELP/] | YouTube  | [Normal]     | 97%    |   98.6ms | ignorance is bliss?...
[ENTERTAINM] | YouTube  | [Normal]     | 94%    |   94.7ms | hi...
[GAMING/GAM] | YouTube  | [Normal]     | 95%    |   87.5ms | olympics too! lol...
[GAMING/GAM] | YouTube  | [Normal]     | 96%    |   96.5ms | game shmame...
[GAMING/GAM] | YouTube  | [Normal]     | 90%    |   94.4ms | mark do you like bad bunny?...
[GAMING/SUR] | YouTube  | [Normal]     | 47%    |   81.0ms | a leeever...
[ENTERTAINM] | YouTube  | [Normal]     | 94%    |   92.7ms | 50000 PEOPLE LEFT...
[GAMING/SUR] | YouTube  | [Normal]     | 95%    |  100.0ms | GOD BLESS WELYNS PATIENCE...
[PSYCHOLOGY] | YouTube  | [Normal]     | 85%    |  140.7ms | Actually what I realized is I really tru...
[GAMING/GAM] | YouTube  | [Normal]     | 87%    |   85.2ms | gamma too low...
[ENTERTAINM] | YouTube  | [Normal]     | 95%    |   69.9ms | let's go...
[ENTERTAINM] | YouTube  | [Normal]     | 77%    |   82.3ms | You are the Best YouTuber...
[GAMING/GAM] | YouTube  | [Normal]     | 94%    |   79.4ms | bottom right...
[ENTERTAINM] | YouTube  | [Normal]     | 95%    |   78.8ms | :loudly_crying_face:...
[GAMING/SUR] | YouTube  | [Normal]     | 97%    |   96.4ms | Escape from Peanut Compound:face-blue-sm...
[GAMING/GAM] | YouTube  | [Normal]     | 94%    |   85.3ms | when does Iron Lung come to streaming?...
[ENTERTAINM] | YouTube  | [Normal]     | 97%    |  101.6ms | from Bangladesh mr best love you :heart_...
[ENTERTAINM] | YouTube  | [Normal]     | 95%    |   84.3ms | im your big fan sir...
[ENTERTAINM] | YouTube  | [Normal]     | 88%    |   72.4ms | do you watch soccer...
[GAMING/GAM] | YouTube  | [Normal]     | 89%    |   96.1ms | why is there a camrea in the bathroom?!...
[ENTERTAINM] | YouTube  | [Normal]     | 96%    |  100.3ms | mr beast can you sponsor to build my hou...
[ENTERTAINM] | YouTube  | [Normal]     | 93%    |   76.0ms | when 1B subs...
[ENTERTAINM] | YouTube  | [Normal]     | 98%    |   78.7ms | :hand-pink-waving:...
[GAMING/GAM] | YouTube  | [Normal]     | 94%    |  151.8ms | OMG HES OUTSIDE THE WINDOW AT THE GATE. ...
[PSYCHOLOGY] | YouTube  | [Normal]     | 97%    |  123.6ms | I know I have stuff I love in the world ...
[GAMING/GAM] | YouTube  | [Normal]     | 92%    |  131.2ms | carbage missing in wc...
[GAMING/GAM] | YouTube  | [Normal]     | 90%    |   80.8ms | BANNED BY THE SOCIAL SECURITY NUMBER LMA...
[ENTERTAINM] | YouTube  | [Normal]     | 95%    |   63.1ms | hello...
[GAMING/SUR] | YouTube  | [Normal]     | 96%    |   76.8ms | You would absolutely love Ark Ascended P...
[ENTERTAINM] | YouTube  | [Normal]     | 97%    |  246.5ms | please jimmy give me 10 milion dollar :f...
[GAMING/GAM] | YouTube  | [Normal]     | 93%    |   68.6ms | poop in toilet...
[ENTERTAINM] | YouTube  | [Normal]     | 95%    |   56.6ms | 67...
[ENTERTAINM] | YouTube  | [Normal]     | 94%    |   66.6ms | hi...
[ENTERTAINM] | YouTube  | [Normal]     | 96%    |   77.4ms | 10000$ please...
[GAMING/SUR] | YouTube  | [Normal]     | 95%    |   67.1ms | check lobby boxes...
[ENTERTAINM] | YouTube  | [Normal]     | 97%    |   70.1ms | I LOVE NOLANS MOM...
[GAMING/GAM] | YouTube  | [Normal]     | 89%    |   72.2ms | Resident evil 4 Remake...
[GAMING/GAM] | YouTube  | [Normal]     | 93%    |   75.7ms | OH...
[GAMING/GAM] | YouTube  | [Normal]     | 96%    |   70.2ms | Secret item...
[GAMING/SUR] | YouTube  | [Normal]     | 96%    |   72.6ms | cameras up top 2nd box...
[MUSIC/CHIL] | YouTube  | [Normal]     | 98%    |  117.8ms | :face-blue-wide-eyes::face-blue-wide-eye...
[GAMING/GAM] | YouTube  | [Normal]     | 98%    |   79.8ms | The lights on the panal changed...
[GAMING/GAM] | YouTube  | [Normal]     | 96%    |   85.4ms | door opened in business...
[GAMING/GAM] | YouTube  | [Normal]     | 95%    |   84.4ms | There are extra donuts no?...
[GAMING/GAM] | YouTube  | [Normal]     | 89%    |   85.3ms | Camera malfunction in bathroom...
[GAMING/GAM] | YouTube  | [Normal]     | 98%    |   83.8ms | Flowers in vase...
[SPORTS/FOO] | YouTube  | [Normal]     | 95%    |  146.3ms | 언제인지 모르고 평가전같음...
[ENTERTAINM] | YouTube  | [Normal]     | 97%    |  133.1ms | 30000 beast to come :partying_face::part...
[ENTERTAINM] | YouTube  | [Normal]     | 81%    |   89.1ms | IM QUIT...
[ENTERTAINM] | YouTube  | [Normal]     | 94%    |  142.5ms | Can you give us a hint on what ur doing ...
[ENTERTAINM] | YouTube  | [Normal]     | 94%    |   84.9ms | gvd...
[GAMING/GAM] | YouTube  | [OFFENSIVE]  | 95%    |  175.0ms | holy crap I made it to my first stream! ...
[GAMING/GAM] | YouTube  | [Normal]     | 96%    |  112.2ms | whoa!!!...
[ENTERTAINM] | YouTube  | [Normal]     | 98%    |  390.9ms | :hand-green-crystal-ball::hand-green-cry...
[NEWS/LIVE ] | YouTube  | [Normal]     | 43%    |  104.0ms | Its poor people robbing you...
[GAMING/SUR] | YouTube  | [Normal]     | 95%    |   95.1ms | 1st...
[PSYCHOLOGY] | YouTube  | [HATE]       | 52%    |   97.0ms | streamers are never late...
[GAMING/SUR] | YouTube  | [Normal]     | 84%    |   93.7ms | Can u guys hear anything??????...
[GAMING/SUR] | YouTube  | [Normal]     | 97%    |  152.2ms | StreamElements bot running :robot: - Lea...
[GAMING/SUR] | YouTube  | [Normal]     | 94%    |   84.4ms | LOLOLOLOL...
[NEWS/LIVE ] | YouTube  | [Normal]     | 97%    |   88.9ms | a code of conduct...
[GAMING/SUR] | YouTube  | [Normal]     | 86%    |   94.5ms | Yaehhhhhhh...
[NEWS/LIVE ] | YouTube  | [Normal]     | 98%    |   94.3ms | Even animals and birds have their own ho...
[MUSIC/CHIL] | YouTube  | [Normal]     | 97%    |  141.8ms | kya to phir kyu abhi purani batei soch r...
[GAMING/SUR] | YouTube  | [Normal]     | 90%    |   82.2ms | they did...
[GAMING/SUR] | YouTube  | [Normal]     | 72%    |  144.2ms | Gingy is insane idk if I could stay up 2...
[MUSIC/CHIL] | YouTube  | [Normal]     | 97%    |  103.2ms | Ayeee :smiling_face_with_sunglasses:...
[GAMING/SUR] | YouTube  | [Normal]     | 95%    |   84.8ms | delirious...
[GAMING/SUR] | YouTube  | [Normal]     | 96%    |   74.0ms | Vanoss crew og member...
[NEWS/LIVE ] | YouTube  | [Normal]     | 96%    |  160.4ms | :oncoming_fist::beer_mug::left_facing_fi...
[GAMING/SUR] | YouTube  | [Normal]     | 87%    |  100.6ms | Is this called addiction on games?hahaha...
[GAMING/SUR] | YouTube  | [Normal]     | 47%    |   78.6ms | them furnaces gonna be empty...
[GAMING/SUR] | YouTube  | [Normal]     | 94%    |  192.6ms | Yesssss POKERRRR NIGHTTTT :_PeanutJork::...
[MUSIC/CHIL] | YouTube  | [Normal]     | 97%    |  187.4ms | Suz is my fpf better now?:face_with_tear...
[MUSIC/CHIL] | YouTube  | [Normal]     | 97%    |  139.3ms | murr who is he in dp :cat_with_tears_of_...
[GAMING/SUR] | YouTube  | [Normal]     | 94%    |   80.9ms | On the ground...
[MUSIC/CHIL] | YouTube  | [Normal]     | 97%    |  139.7ms | fir hero ki entry hogi fir hero bachayeg...
[MUSIC/CHIL] | YouTube  | [Normal]     | 88%    |   81.2ms | Stranger net slow...
[GAMING/SUR] | YouTube  | [Normal]     | 94%    |  102.9ms | PRG...
[PSYCHOLOGY] | YouTube  | [Normal]     | 96%    |  130.0ms | I loved your deep dive into psychoanalis...
[GAMING/SUR] | YouTube  | [Normal]     | 95%    |   94.9ms | 3  5  10...
[GAMING/SUR] | YouTube  | [Normal]     | 96%    |   81.7ms | another day in vegas...
[GAMING/SUR] | YouTube  | [Normal]     | 90%    |  114.9ms | :_LetsRide::_LetsRide::_LetsRide::_LetsR...
[MUSIC/CHIL] | YouTube  | [Normal]     | 98%    |   94.7ms | marriage :face_with_tears_of_joy:...
[GAMING/SUR] | YouTube  | [OFFENSIVE]  | 97%    |  130.0ms | Damn . i bet he hasnt even slept yet .. ...
[GAMING/SUR] | YouTube  | [Normal]     | 91%    |   95.2ms | w...
[PSYCHOLOGY] | YouTube  | [Normal]     | 90%    |  166.0ms | Anima and animus  when they are represse...
[GAMING/SUR] | YouTube  | [Normal]     | 94%    |   88.9ms | Would you ever consider playing Tarkov a...
[GAMING/SUR] | YouTube  | [Normal]     | 95%    |   98.4ms | wow...
[GAMING/SUR] | YouTube  | [Normal]     | 96%    |   89.7ms | lol...
[GAMING/SUR] | YouTube  | [Normal]     | 96%    |  107.1ms | I've seen that look at the casino...
[GAMING/SUR] | YouTube  | [Normal]     | 94%    |   81.3ms | RIP...
[GAMING/SUR] | YouTube  | [Normal]     | 94%    |  110.0ms | stand...
[SELF-HELP/] | YouTube  | [Normal]     | 84%    |  117.2ms | All hatred begins with Self-hatred!...
[MUSIC/CHIL] | YouTube  | [Normal]     | 96%    |  111.8ms | shivu aaj spneme kl?...
[ENTERTAINM] | YouTube  | [Normal]     | 93%    |   82.4ms | Bro how...
[ENTERTAINM] | YouTube  | [Normal]     | 94%    |   77.1ms | jimmy...
[MUSIC/CHIL] | YouTube  | [Normal]     | 97%    |  126.0ms | @kavya-c9c1j kis se kre baate kon h apna...
[ENTERTAINM] | YouTube  | [Normal]     | 88%    |   94.5ms | YOOOOOOOOOOOOOOO...
[GAMING/SUR] | YouTube  | [Normal]     | 80%    |   95.4ms | Scrap the base and gamble that...
[GAMING/GAM] | YouTube  | [Normal]     | 96%    |  100.7ms | IRON LUNG 2 CONFIRMED?...
[ENTERTAINM] | YouTube  | [Normal]     | 95%    |   96.7ms | Hiii...
[GAMING/SUR] | YouTube  | [Normal]     | 93%    |  112.5ms | he was lying y'all...
[ENTERTAINM] | YouTube  | [Normal]     | 96%    |  101.9ms | мистэр бист...
[GAMING/GAM] | YouTube  | [Normal]     | 95%    |   96.6ms | obversation...
[GAMING/GAM] | YouTube  | [Normal]     | 97%    |   84.3ms | hiiiii marrkkkk...
[LIFESTYLE/] | YouTube  | [Normal]     | 97%    |  122.6ms | ahh sounds good :beaming_face_with_smili...
[ENTERTAINM] | YouTube  | [Normal]     | 98%    |  103.4ms | :rocket-red-countdown-liftoff:...
[MUSIC/CHIL] | YouTube  | [Normal]     | 97%    |  121.9ms | ai văzut vreo fantomă?:face_with_rolling...
[PSYCHOLOGY] | YouTube  | [Normal]     | 93%    |   91.6ms | loosely...
[GAMING/GAM] | YouTube  | [Normal]     | 94%    |  164.5ms | HI MARK!!!!!!! Congrats on your movie!!!...
[GAMING/GAM] | YouTube  | [Normal]     | 92%    |   88.3ms | its me...
[GAMING/GAM] | YouTube  | [Normal]     | 97%    |   87.0ms | Welcome to Member!...
[ENTERTAINM] | YouTube  | [Normal]     | 95%    |   96.9ms | Mer...
[GAMING/GAM] | YouTube  | [Normal]     | 95%    |   88.4ms | could you look into the game Casualties ...
[GAMING/GAM] | YouTube  | [Normal]     | 95%    |   79.1ms | hello mr plier...
[GAMING/GAM] | YouTube  | [Normal]     | 85%    |   87.1ms | YOU DO BE BETTER...
[PSYCHOLOGY] | YouTube  | [Normal]     | 94%    |  122.0ms | Thomas the tank engine characters are ar...
[ENTERTAINM] | YouTube  | [Normal]     | 96%    |   93.5ms | مرحبا...
[GAMING/GAM] | YouTube  | [Normal]     | 97%    |   92.9ms | Markiplier Markiplier...
[ENTERTAINM] | YouTube  | [Normal]     | 97%    |  121.8ms | :red_heart::red_heart::red_heart::red_he...
[GAMING/GAM] | YouTube  | [Normal]     | 94%    |   69.7ms | Hi...
[ENTERTAINM] | YouTube  | [Normal]     | 95%    |   92.9ms | 500 MILLIONS SUB!!!!!...
[GAMING/SUR] | YouTube  | [Normal]     | 98%    |  112.7ms | I worked for 17 hours last night  headin...
[GAMING/GAM] | YouTube  | [Normal]     | 93%    |   61.1ms | HI HI...
[ENTERTAINM] | YouTube  | [Normal]     | 94%    |   73.4ms | HI...
[ENTERTAINM] | YouTube  | [Normal]     | 98%    |  182.0ms | :heart_on_fire::heart_on_fire::heart_on_...
[MUSIC/CHIL] | YouTube  | [Normal]     | 98%    |  135.3ms | :smiling_face_with_halo::beaming_face_wi...
[ENTERTAINM] | YouTube  | [Normal]     | 94%    |   66.7ms | Rest...
[GAMING/GAM] | YouTube  | [Normal]     | 95%    |   78.9ms | Airplanneeeee...
[PSYCHOLOGY] | YouTube  | [Normal]     | 76%    |   64.0ms | green pill...
[GAMING/GAM] | YouTube  | [Normal]     | 97%    |   70.5ms | airplane come on!!!...
[GAMING/GAM] | YouTube  | [Normal]     | 95%    |   59.6ms | Yes!...
[GAMING/GAM] | YouTube  | [Normal]     | 94%    |   98.0ms | I vote fore prusa:rolling_on_the_floor_l...
[ENTERTAINM] | YouTube  | [Normal]     | 94%    |   66.6ms | hi...
[GAMING/GAM] | YouTube  | [Normal]     | 96%    |   78.8ms | Could the film go to South Africa???...
[ENTERTAINM] | YouTube  | [Normal]     | 94%    |   74.4ms | 1...
[GAMING/SUR] | YouTube  | [Normal]     | 94%    |   57.9ms | yess...
[GAMING/GAM] | YouTube  | [Normal]     | 96%    |   61.0ms | PHILIPPINES???...
[GAMING/SUR] | YouTube  | [Normal]     | 94%    |   63.1ms | Double...
[GAMING/SUR] | YouTube  | [Normal]     | 90%    |   68.3ms | chill...
[ENTERTAINM] | YouTube  | [Normal]     | 95%    |   64.7ms | sup jimmy...
[GAMING/GAM] | YouTube  | [Normal]     | 93%    |  122.8ms | The Fashion Venue is also a good level  ...
[PSYCHOLOGY] | YouTube  | [Normal]     | 82%    |   67.4ms | unga bunga...
[GAMING/GAM] | YouTube  | [Normal]     | 96%    |  124.0ms | IRON LUNG PHILIPPINES!!!! :face-red-hear...
[ENTERTAINM] | YouTube  | [Normal]     | 96%    |   68.2ms | BRO PLEASE PLEASE GIVE MINECRAFT...
[GAMING/GAM] | YouTube  | [Normal]     | 95%    |   63.2ms | Hi markkk...
[GAMING/SUR] | YouTube  | [Normal]     | 95%    |   62.1ms | HIT...
[ENTERTAINM] | YouTube  | [Normal]     | 84%    |   70.4ms | You got 500 subs...
[GAMING/SUR] | YouTube  | [Normal]     | 70%    |   57.2ms | BRO ADDICTED...
[ENTERTAINM] | YouTube  | [Normal]     | 96%    |  129.0ms | :yt::yt::yt::yt::yt::yt::yt:...
[GAMING/SUR] | YouTube  | [Normal]     | 95%    |   59.7ms | All in...
[ENTERTAINM] | YouTube  | [Normal]     | 94%    |   70.0ms | 𝘼𝙣𝙮𝙤𝙣𝙚 𝙛𝙧𝙤𝙢 𝙄𝙣𝙙𝙞𝙖???...
[GAMING/GAM] | YouTube  | [Normal]     | 96%    |  127.7ms | Just watched Iron Lung with a friend. We...
[ENTERTAINM] | YouTube  | [Normal]     | 97%    |   62.0ms | Hello Mr. Beast...
[ENTERTAINM] | YouTube  | [Normal]     | 97%    |  115.6ms | :face-green-smiling::face-green-smiling:...
[SPORTS/FOO] | YouTube  | [Normal]     | 97%    |  108.5ms | :hand-pink-waving:WINNING GOD GO:face-re...
[GAMING/GAM] | YouTube  | [Normal]     | 96%    |   89.6ms | I literally JUST came from watching the ...
[ENTERTAINM] | YouTube  | [Normal]     | 80%    |   65.9ms | how wild...
[GAMING/GAM] | YouTube  | [Normal]     | 87%    |   76.7ms | Do better how bout that...
[ENTERTAINM] | YouTube  | [Normal]     | 94%    |   62.8ms | please...
[ENTERTAINM] | YouTube  | [Normal]     | 95%    |   66.4ms | very courteous...
[ENTERTAINM] | YouTube  | [Normal]     | 97%    |   63.0ms | i am from Bangladesh...
[GAMING/GAM] | YouTube  | [HATE]       | 68%    |   66.1ms | twas goated...
[ENTERTAINM] | YouTube  | [Normal]     | 95%    |   78.9ms | 500 MİLLİON SUBSCİRİBERRRRR...
[ENTERTAINM] | YouTube  | [Normal]     | 86%    |   61.2ms | Yo...
[GAMING/SUR] | YouTube  | [Normal]     | 95%    |   69.0ms | WEEEEELP...
[MUSIC/CHIL] | YouTube  | [Normal]     | 95%    |   83.2ms | mujhe toh nhi yad...
[SELF-HELP/] | YouTube  | [Normal]     | 95%    |   70.1ms | whoa doc  careful...
[ENTERTAINM] | YouTube  | [Normal]     | 92%    |   72.9ms | Türkler burdamı...
[GAMING/GAM] | YouTube  | [Normal]     | 96%    |   64.2ms | HI MARK...
[GAMING/GAM] | YouTube  | [Normal]     | 98%    |   84.1ms | I saw the movie on the 3rd! It was amazi...
[ENTERTAINM] | YouTube  | [Normal]     | 92%    |  102.3ms | no Manisha :loudly_crying_face::loudly_c...
[MUSIC/CHIL] | YouTube  | [Normal]     | 95%    |   76.1ms | kya chlra h thekedaar...
[GAMING/GAM] | YouTube  | [Normal]     | 95%    |  146.2ms | Hiiii Mark!!! How’s Amy enjoying the new...
[GAMING/GAM] | YouTube  | [Normal]     | 87%    |  103.0ms | Mark I can't see it:[ I'm sick!...
[ENTERTAINM] | YouTube  | [Normal]     | 96%    |   69.5ms | lol...
[GAMING/GAM] | YouTube  | [Normal]     | 96%    |   79.8ms | im back mark my power went out...
[ENTERTAINM] | YouTube  | [Normal]     | 98%    |  123.9ms | Jimmy big fan :heart_suit: $100 please :...
[ENTERTAINM] | YouTube  | [Normal]     | 96%    |  107.1ms | السلام عليكم...
[ENTERTAINM] | YouTube  | [Normal]     | 96%    |  155.7ms | Can you give me your @BeastReacts channe...
[ENTERTAINM] | YouTube  | [Normal]     | 95%    |   76.1ms | hi Jimmy...
[GAMING/GAM] | YouTube  | [Normal]     | 95%    |  145.2ms | MARK IM SEEING IRON LUNG TONIGHT!!! 9:35...
[PSYCHOLOGY] | YouTube  | [Normal]     | 91%    |   86.2ms | Charlie is animus...
[GAMING/GAM] | YouTube  | [Normal]     | 96%    |  101.6ms | oooo and the vibes are vibing for sure...
[GAMING/GAM] | YouTube  | [Normal]     | 96%    |   88.1ms | :_markiEEE:...
[PSYCHOLOGY] | YouTube  | [Normal]     | 97%    |  108.8ms | Gonna use emotional-focused coping....
[ENTERTAINM] | YouTube  | [Normal]     | 96%    |   85.7ms | Congratulations sir...
[GAMING/GAM] | YouTube  | [Normal]     | 90%    |  107.5ms | you could make a movie about this type o...
[GAMING/SUR] | YouTube  | [Normal]     | 96%    |   96.8ms | h2o got motion...
[ENTERTAINM] | YouTube  | [Normal]     | 94%    |   74.4ms | hi...
[PSYCHOLOGY] | YouTube  | [Normal]     | 95%    |   85.7ms | kekw...
[PSYCHOLOGY] | YouTube  | [Normal]     | 92%    |  106.9ms | ive concludes this is the only way some ...
[GAMING/GAM] | YouTube  | [Normal]     | 88%    |   81.2ms | do you want our help...
[ENTERTAINM] | YouTube  | [Normal]     | 92%    |   76.9ms | give me some money...
[GAMING/GAM] | YouTube  | [Normal]     | 96%    |  139.7ms | I loved how you included Sean in your mo...
[GAMING/GAM] | YouTube  | [Normal]     | 97%    |  111.3ms | Observation...
[GAMING/GAM] | YouTube  | [Normal]     | 95%    |  113.9ms | MinorSpellingMistake :pensive:...
[GAMING/SUR] | YouTube  | [Normal]     | 89%    |  114.4ms | You can’t have worse luck lol...
[GAMING/GAM] | YouTube  | [Normal]     | 88%    |  120.1ms | 1AM in Poland  working night shift  but ...
[GAMING/SUR] | YouTube  | [Normal]     | 96%    |   90.4ms | with 4 cards...
[GAMING/SUR] | YouTube  | [Normal]     | 97%    |  106.3ms | I hope we've learned a lesson...
[PSYCHOLOGY] | YouTube  | [Normal]     | 92%    |  105.5ms | investment banking sounds unhinged lol...
[ENTERTAINM] | YouTube  | [Normal]     | 97%    |  125.0ms | i already watched your all video...
[ENTERTAINM] | YouTube  | [Normal]     | 95%    |   81.5ms | hello bro...
[MUSIC/CHIL] | YouTube  | [Normal]     | 97%    |  102.3ms | @vsaanu:rat:...
[ENTERTAINM] | YouTube  | [Normal]     | 94%    |  100.7ms | 1...
[ENTERTAINM] | YouTube  | [Normal]     | 93%    |  111.9ms | smart...
[GAMING/SUR] | YouTube  | [Normal]     | 92%    |   98.6ms | Bro is great at losing scrap...
[GAMING/GAM] | YouTube  | [Normal]     | 95%    |  127.5ms | :eye::mouth::eye:...
[GAMING/GAM] | YouTube  | [Normal]     | 95%    |   86.5ms | obversation...
[ENTERTAINM] | YouTube  | [Normal]     | 94%    |   88.1ms | hi...
[ENTERTAINM] | YouTube  | [Normal]     | 94%    |   94.5ms | hi...
[GAMING/GAM] | YouTube  | [Normal]     | 91%    |   81.1ms | MARK FIX YOUR POSTURE...
[GAMING/GAM] | YouTube  | [Normal]     | 89%    |  111.4ms | do the life guard scan! don't forget you...
[GAMING/GAM] | YouTube  | [Normal]     | 79%    |   85.1ms | MOUSE TRAP...
[GAMING/GAM] | YouTube  | [Normal]     | 95%    |   71.7ms | hiii...
[SPORTS/FOO] | YouTube  | [Normal]     | 97%    |  120.4ms | may be Japan 3-1 :face_with_tears_of_joy...
[ENTERTAINM] | YouTube  | [Normal]     | 97%    |  104.5ms | Please invite me to a video...
[ENTERTAINM] | YouTube  | [Normal]     | 90%    |   99.3ms | absolutely no one knows it i bet...
[GAMING/GAM] | YouTube  | [Normal]     | 95%    |  157.3ms | hi mark I wanted to tell you that your m...
[GAMING/GAM] | YouTube  | [Normal]     | 97%    |  208.3ms | hi mark! longtime fan here and i have no...
[ENTERTAINM] | YouTube  | [Normal]     | 89%    |   76.2ms | YOOOO...
[ENTERTAINM] | YouTube  | [Normal]     | 93%    |   74.6ms | OH YEAH...
[ENTERTAINM] | YouTube  | [Normal]     | 94%    |   89.8ms | 5...
[ENTERTAINM] | YouTube  | [Normal]     | 96%    |   62.9ms | brazill...
[PSYCHOLOGY] | YouTube  | [Normal]     | 92%    |  106.0ms | @andreicionescu pethatic excuse to desol...
[GAMING/GAM] | YouTube  | [HATE]       | 48%    |   89.9ms | Freddy Fazbear behind you...
[GAMING/GAM] | YouTube  | [Normal]     | 92%    |   77.5ms | the stairs...
[GAMING/GAM] | YouTube  | [Normal]     | 92%    |   77.6ms | I there is an anomaly...
[GAMING/GAM] | YouTube  | [Normal]     | 97%    |  103.3ms | The movie was amazing...
[GAMING/SUR] | YouTube  | [Normal]     | 98%    |  149.2ms | Peanut would you ever do this exact same...
[ENTERTAINM] | YouTube  | [Normal]     | 95%    |   60.0ms | hii...
[GAMING/GAM] | YouTube  | [Normal]     | 94%    |   71.8ms | OUR EYES...
[GAMING/GAM] | YouTube  | [Normal]     | 92%    |   67.0ms | WOAH...
[GAMING/GAM] | YouTube  | [Normal]     | 97%    |   64.0ms | Welcome New Member!...
[ENTERTAINM] | YouTube  | [Normal]     | 96%    |   89.4ms | Show the video of you gifting your mom $...
[GAMING/GAM] | YouTube  | [Normal]     | 92%    |   68.5ms | BED...
[ENTERTAINM] | YouTube  | [Normal]     | 98%    |   81.0ms | 1 iphon plis.....
[ENTERTAINM] | YouTube  | [Normal]     | 86%    |   64.2ms | Yo...
[ENTERTAINM] | YouTube  | [Normal]     | 98%    |  121.1ms | waiting for new video on Saturday waitin...
[PSYCHOLOGY] | YouTube  | [Normal]     | 96%    |   71.2ms | Self actualization...
[GAMING/GAM] | YouTube  | [Normal]     | 87%    |   63.4ms | NO...
[ENTERTAINM] | YouTube  | [Normal]     | 98%    |  370.0ms | :hand-pink-waving::hand-pink-waving::han...
[ENTERTAINM] | YouTube  | [Normal]     | 94%    |   62.6ms | 1...
[GAMING/GAM] | YouTube  | [Normal]     | 92%    |   78.7ms | GONNA SEE IRON LUNG TMR!!...
[GAMING/SUR] | YouTube  | [Normal]     | 86%    |   85.7ms | Don’t be nuts  wait for Welyn...
[GAMING/SUR] | YouTube  | [Normal]     | 96%    |   76.6ms | Higher. Build up first...
[GAMING/SUR] | YouTube  | [Normal]     | 91%    |   65.9ms | Wait oh god...
[ENTERTAINM] | YouTube  | [Normal]     | 95%    |   83.7ms | I am a student and I need money...
[GAMING/GAM] | YouTube  | [Normal]     | 98%    |   94.9ms | Was the red light at the top of the ligh...
[ENTERTAINM] | YouTube  | [Normal]     | 96%    |   63.3ms | Speak in Bengali....
[ENTERTAINM] | YouTube  | [Normal]     | 95%    |   77.8ms | :red_heart:U mr beast...
[GAMING/GAM] | YouTube  | [Normal]     | 93%    |   74.6ms | yes...
[GAMING/GAM] | YouTube  | [Normal]     | 89%    |   67.4ms | NOOOOOB...
[ENTERTAINM] | YouTube  | [Normal]     | 93%    |   72.6ms | congretchulation...
[ENTERTAINM] | YouTube  | [Normal]     | 96%    |   95.0ms | This stream is better than world cup liv...
[ENTERTAINM] | YouTube  | [Normal]     | 95%    |  120.4ms | let's go 500M guys. let's go 500M guys. ...
[GAMING/GAM] | YouTube  | [Normal]     | 87%    |   62.6ms | your mom...
[ENTERTAINM] | YouTube  | [Normal]     | 89%    |   81.0ms | You are close to 500 million  MrBeast....
[GAMING/GAM] | YouTube  | [Normal]     | 83%    |   83.6ms | Remember there are THREE mousetraps in t...
[ENTERTAINM] | YouTube  | [Normal]     | 98%    |  125.1ms | :hand-pink-waving::hand-pink-waving::han...
[ENTERTAINM] | YouTube  | [Normal]     | 97%    |  151.4ms | а Мистер Бист умеет по русски разговарив...
[ENTERTAINM] | YouTube  | [Normal]     | 94%    |   59.0ms | hi...
[GAMING/GAM] | YouTube  | [Normal]     | 96%    |   75.0ms | railing in the stairway moved behind the...
[ENTERTAINM] | YouTube  | [Normal]     | 93%    |   82.9ms | ii dont see that...
[GAMING/GAM] | YouTube  | [Normal]     | 70%    |   84.3ms | u should play more among us they've chan...
[ENTERTAINM] | YouTube  | [Normal]     | 95%    |   90.5ms | ай красава...
[GAMING/GAM] | YouTube  | [Normal]     | 97%    |  121.1ms | Hello Mr. Mark Fischbach. Just watched y...
[ENTERTAINM] | YouTube  | [Normal]     | 96%    |   63.7ms | Hello Jimmy...
[GAMING/GAM] | YouTube  | [Normal]     | 93%    |   78.9ms | Yay! Nice job...
[GAMING/SUR] | YouTube  | [Normal]     | 84%    |  105.0ms | MY MAN @TheBurntPeanut Wakes up gets rai...
[GAMING/SUR] | YouTube  | [Normal]     | 72%    |   83.8ms | how dose one join this sever! there goes...
[GAMING/GAM] | YouTube  | [Normal]     | 95%    |   74.8ms | STAIRWELL@@@@@...
[GAMING/SUR] | YouTube  | [Normal]     | 95%    |  227.7ms | :rolling_on_the_floor_laughing::rolling_...
[GAMING/GAM] | YouTube  | [Normal]     | 49%    |   80.5ms | Look up iron butt from SpongeBob...
[MUSIC/CHIL] | YouTube  | [Normal]     | 95%    |   60.9ms | !....
[GAMING/SUR] | YouTube  | [HATE]       | 45%    |   71.1ms | Who’s attacking them?...
[GAMING/GAM] | YouTube  | [Normal]     | 96%    |   82.7ms | What’s your thoughts on John?...
[ENTERTAINM] | YouTube  | [Normal]     | 93%    |   61.4ms | yes yes yes...
[ENTERTAINM] | YouTube  | [Normal]     | 94%    |   61.5ms | Minecraft...
[GAMING/GAM] | YouTube  | [Normal]     | 95%    |   70.7ms | MOUSETRAP IN BASEMENT...
[MUSIC/CHIL] | YouTube  | [Normal]     | 95%    |   66.2ms | 11 baje...
[GAMING/GAM] | YouTube  | [Normal]     | 67%    |   71.5ms | there is a body in the bed...
[ENTERTAINM] | YouTube  | [Normal]     | 98%    |   73.7ms | :face-pink-tears:...
[ENTERTAINM] | YouTube  | [Normal]     | 65%    |   78.6ms | crazy...
[MUSIC/CHIL] | YouTube  | [Normal]     | 96%    |   75.0ms | sry endhuku...
[GAMING/GAM] | YouTube  | [Normal]     | 94%    |   77.9ms | HEY MARKIPLIER YOUR NUMBER ONE...
[GAMING/GAM] | YouTube  | [Normal]     | 94%    |   68.3ms | STAIRS...
[GAMING/GAM] | YouTube  | [Normal]     | 96%    |   74.2ms | the lantern shadow in intwerior...
[GAMING/GAM] | YouTube  | [Normal]     | 95%    |   57.6ms | STAIRWAY...
[GAMING/GAM] | YouTube  | [Normal]     | 93%    |   68.0ms | nah...
[GAMING/GAM] | YouTube  | [Normal]     | 96%    |   64.8ms | it looks cool bud...
[GAMING/GAM] | YouTube  | [Normal]     | 96%    |   66.2ms | so cool...
[GAMING/GAM] | YouTube  | [Normal]     | 96%    |   59.3ms | Water?...
[ENTERTAINM] | YouTube  | [Normal]     | 97%    |   98.9ms | I am from India please give me money :mo...
[ENTERTAINM] | YouTube  | [Normal]     | 96%    |   80.5ms | please give my dream phone iphone 17 Pro...
[GAMING/GAM] | YouTube  | [Normal]     | 96%    |  163.0ms | oh yeah there’s an intruder at the dock ...
[GAMING/SUR] | YouTube  | [Normal]     | 97%    |  114.9ms | Peanut pulled aggro and ran into the hea...
[GAMING/GAM] | YouTube  | [Normal]     | 81%    |   91.5ms | MARK IS AN ANOMALY...
[GAMING/GAM] | YouTube  | [Normal]     | 95%    |  109.1ms | I’m just here for the vibes...
[ENTERTAINM] | YouTube  | [HATE]       | 68%    |  130.8ms | Greetings from Argentina (The country of...
[GAMING/GAM] | YouTube  | [Normal]     | 96%    |  104.7ms | extra bottle by the shed thing...
[NEWS/LIVE ] | YouTube  | [Normal]     | 64%    |  135.2ms | vulnerable bloke from Ulster ... is in a...
[ENTERTAINM] | YouTube  | [Normal]     | 97%    |  193.2ms | :rolling_on_the_floor_laughing::rolling_...
[GAMING/GAM] | YouTube  | [Normal]     | 95%    |   94.3ms | Hi markkk...
[GAMING/SUR] | YouTube  | [Normal]     | 91%    |  102.3ms | GET TO THE CHOPPA...
[GAMING/SUR] | YouTube  | [Normal]     | 95%    |   92.6ms | M249...
[GAMING/GAM] | YouTube  | [Normal]     | 97%    |  108.3ms | Watched Iron Lung last weekend! It was A...
[MUSIC/CHIL] | YouTube  | [Normal]     | 97%    |  178.2ms | Kejti Bezti Ketli :face_with_hand_over_m...
[MUSIC/CHIL] | YouTube  | [Normal]     | 97%    |  116.3ms | @kavya-c9c1j face reveal...
[GAMING/GAM] | YouTube  | [Normal]     | 93%    |  109.6ms | less mousetrap...
[GAMING/GAM] | YouTube  | [Normal]     | 96%    |  109.4ms | what's hanging in the light room?...
[GAMING/GAM] | YouTube  | [Normal]     | 87%    |   87.2ms | END OF THE HARBOUR...
[MUSIC/CHIL] | YouTube  | [Normal]     | 96%    |  183.2ms | Kezti haram :banana::face_with_hand_over...
[ENTERTAINM] | YouTube  | [Normal]     | 97%    |  113.2ms | :face-orange-raised-eyebrow:...
[ENTERTAINM] | YouTube  | [Normal]     | 94%    |   91.2ms | india india...
[ENTERTAINM] | YouTube  | [Normal]     | 86%    |  101.6ms | do you think these kids know smosh...
[GAMING/GAM] | YouTube  | [Normal]     | 97%    |  120.0ms | Box next to purple towel!!...
[ENTERTAINM] | YouTube  | [Normal]     | 96%    |   87.8ms | New member...
[ENTERTAINM] | YouTube  | [Normal]     | 93%    |   94.1ms | india...
[GAMING/GAM] | YouTube  | [Normal]     | 97%    |  155.0ms | MARK IN THE LANTERN ROOM  WASN'T THE HAN...
[GAMING/GAM] | YouTube  | [Normal]     | 96%    |   99.3ms | DELIVERY GUY ON BASEMENT...
[SELF-HELP/] | YouTube  | [Normal]     | 71%    |  174.0ms | Thats what my manager said to me  if we ...
[GAMING/SUR] | YouTube  | [Normal]     | 87%    |   93.5ms | lets go...
[GAMING/SUR] | YouTube  | [OFFENSIVE]  | 68%    |  139.2ms | :collision::collision:LETSSSS RIDEEEEE1:...
[GAMING/SUR] | YouTube  | [Normal]     | 86%    |   94.8ms | this is a bomb song...
[MUSIC/CHIL] | YouTube  | [Normal]     | 95%    |  214.8ms | nu  ea e o "sfântă"  dar are tupeul jego...
[GAMING/SUR] | YouTube  | [Normal]     | 96%    |  186.0ms | EEEEEEEEEEE EEEEEEEEEEE EEEEEEEEEEE EEEE...
[GAMING/SUR] | YouTube  | [Normal]     | 94%    |   96.4ms | New into...
[GAMING/SUR] | YouTube  | [Normal]     | 89%    |  124.9ms | :_LetsRide::_LetsRide::_LetsRide:...
[GAMING/SUR] | YouTube  | [OFFENSIVE]  | 94%    |  127.7ms | Holy shit Peanut is pregnant!?!?!?!?!?!...
[GAMING/SUR] | YouTube  | [Normal]     | 82%    |  107.1ms | His voice is so cracked...
[GAMING/SUR] | YouTube  | [OFFENSIVE]  | 76%    |   99.5ms | LETTTTTSSSS GOOOOOOO...
[GAMING/SUR] | YouTube  | [Normal]     | 96%    |   87.6ms | morning!!!!!...
[NEWS/LIVE ] | YouTube  | [Normal]     | 95%    |   92.4ms | I care for my fellow Americans  here...
[GAMING/SUR] | YouTube  | [Normal]     | 96%    |  130.6ms | peanut thank you for making me laugh alr...
[GAMING/SUR] | YouTube  | [Normal]     | 97%    |  114.7ms | reminds me of when H1Z1 was at its peak....
[GAMING/SUR] | YouTube  | [OFFENSIVE]  | 60%    |   83.6ms | :_LetsGo:...
[SELF-HELP/] | YouTube  | [Normal]     | 89%    |   89.3ms | wroooom...
[GAMING/SUR] | YouTube  | [Normal]     | 91%    |   94.5ms | DOOR...
[GAMING/SUR] | YouTube  | [Normal]     | 95%    |   82.0ms | h2o...
[GAMING/SUR] | YouTube  | [OFFENSIVE]  | 82%    |  103.6ms | He’s a fucking LEGEND!!!!!...
[NEWS/LIVE ] | YouTube  | [Normal]     | 60%    |  112.6ms | Technically YOU  don't own your home the...
[GAMING/SUR] | YouTube  | [Normal]     | 96%    |   83.3ms | Welcome to Bungulator Board Member!...
[GAMING/SUR] | YouTube  | [Normal]     | 87%    |   93.5ms | he is a very hilarious youtuber...
[GAMING/SUR] | YouTube  | [Normal]     | 97%    |  164.0ms | :crown::crown: LONG LIVE THE KING PEANUT...
[GAMING/SUR] | YouTube  | [Normal]     | 91%    |   89.6ms | look at timer...
[GAMING/SUR] | YouTube  | [Normal]     | 92%    |   93.6ms | Gate...
[SELF-HELP/] | YouTube  | [Normal]     | 92%    |   92.9ms | have you seen the astral beings laffey...
[PSYCHOLOGY] | YouTube  | [Normal]     | 96%    |   83.0ms | i got lost listening to him...
[GAMING/SUR] | YouTube  | [Normal]     | 96%    |   86.6ms | lmao...
[GAMING/SUR] | YouTube  | [Normal]     | 78%    |   79.6ms | no way...
[GAMING/SUR] | YouTube  | [Normal]     | 96%    |   88.2ms | ITS H20!!!...
[NEWS/LIVE ] | YouTube  | [Normal]     | 94%    |  141.0ms | we're not going back :back_arrow: we're ...
[GAMING/SUR] | YouTube  | [Normal]     | 95%    |   88.6ms | oooo my god h2o...
[GAMING/SUR] | YouTube  | [Normal]     | 96%    |   84.9ms | blue...
[GAMING/ESP] | YouTube  | [Normal]     | 95%    |   91.9ms | :skull:...
[PSYCHOLOGY] | YouTube  | [Normal]     | 78%    |   87.5ms | !sexy...
[GAMING/SUR] | YouTube  | [Normal]     | 96%    |   82.8ms | lmqo...
[GAMING/SUR] | YouTube  | [Normal]     | 96%    |   91.1ms | o7 for the scrap...
[GAMING/SUR] | YouTube  | [Normal]     | 49%    |   93.6ms | Standing at 14 is dumb af...
[GAMING/SUR] | YouTube  | [Normal]     | 95%    |  119.0ms | :rolling_on_the_floor_laughing::rolling_...
[GAMING/SUR] | YouTube  | [Normal]     | 95%    |  116.4ms | hit...
[PSYCHOLOGY] | YouTube  | [Normal]     | 91%    |  103.7ms | it was hard to choose...
[PSYCHOLOGY] | YouTube  | [Normal]     | 98%    |  126.8ms | there are more surveys? i need to check ...
[GAMING/SUR] | YouTube  | [Normal]     | 96%    |   83.3ms | LMAO...
[GAMING/SUR] | YouTube  | [Normal]     | 96%    |   81.6ms | lmao...
[GAMING/SUR] | YouTube  | [Normal]     | 95%    |  108.4ms | Fun’s over lol...
[GAMING/SUR] | YouTube  | [Normal]     | 97%    |  133.6ms | someone please clip that from both Peanu...
[GAMING/SUR] | YouTube  | [Normal]     | 97%    |   92.7ms | HARD WORK WORK...
[GAMING/SUR] | YouTube  | [Normal]     | 95%    |   63.2ms | its 1...
[GAMING/SUR] | YouTube  | [Normal]     | 44%    |   97.0ms | you don’t fold in black jack idiot...
[GAMING/SUR] | YouTube  | [Normal]     | 96%    |  153.0ms | haa:rolling_on_the_floor_laughing::rolli...
[GAMING/SUR] | YouTube  | [Normal]     | 90%    |   74.5ms | Hahahaha...
[GAMING/SUR] | YouTube  | [Normal]     | 79%    |   74.9ms | gambling away the family fortune...
[MUSIC/CHIL] | YouTube  | [Normal]     | 97%    |  101.8ms | Pyar Kiya tho darna Kya :musical_notes:...
[ENTERTAINM] | YouTube  | [Normal]     | 95%    |   74.0ms | wow...
[ENTERTAINM] | YouTube  | [Normal]     | 87%    |   69.5ms | yooow...
[ENTERTAINM] | YouTube  | [Normal]     | 95%    |   86.0ms | HELLOOOOO...
[GAMING/SUR] | YouTube  | [Normal]     | 87%    |   78.3ms | no music...
[MUSIC/CHIL] | YouTube  | [Normal]     | 97%    |  106.1ms | seren sare:smiling_face_with_tear:...
[ENTERTAINM] | YouTube  | [Normal]     | 97%    |  105.2ms | :smiling_face_with_heart_eyes:...
[GAMING/GAM] | YouTube  | [Normal]     | 97%    |   75.3ms | GREETINGS...
[SELF-HELP/] | YouTube  | [Normal]     | 44%    |   90.4ms | is the hate coming from outside or insid...
[SELF-HELP/] | YouTube  | [Normal]     | 57%    |   89.5ms | Hate is ego...
[ENTERTAINM] | YouTube  | [Normal]     | 90%    |   75.8ms | yoooooo...
[ENTERTAINM] | YouTube  | [Normal]     | 65%    |  107.1ms | mr beast if ur channel was stocks i woul...
[GAMING/GAM] | YouTube  | [Normal]     | 96%    |   68.8ms | Hi Mark...
[MUSIC/CHIL] | YouTube  | [Normal]     | 95%    |  120.3ms | Vsannu ninnu kottina aa kukkani kottina ...
[GAMING/GAM] | YouTube  | [Normal]     | 97%    |  131.9ms | Good afternoon Love your content  been w...
[GAMING/GAM] | YouTube  | [Normal]     | 96%    |  121.0ms | :_markiYAY::_markiLOVE::_markiYAY::_mark...
[SELF-HELP/] | YouTube  | [Normal]     | 92%    |   84.5ms | yo smash?...
[GAMING/GAM] | YouTube  | [Normal]     | 97%    |   96.2ms | best horror movie i've seen in a while...
[GAMING/GAM] | YouTube  | [Normal]     | 97%    |   92.7ms | Loved the movie! Great job! :clapping_ha...
[GAMING/GAM] | YouTube  | [Normal]     | 96%    |   95.6ms | :_markiHEART:...
[GAMING/GAM] | YouTube  | [Normal]     | 89%    |   87.1ms | YAY IRON LUNG!!!!!...
[ENTERTAINM] | YouTube  | [Normal]     | 97%    |   74.5ms | can i have a job?...
[MUSIC/CHIL] | YouTube  | [Normal]     | 97%    |  116.4ms | kavya me to daily aata hu tum notice n k...
[GAMING/GAM] | YouTube  | [Normal]     | 93%    |   66.4ms | LIGHT HOUSE!!...
[ENTERTAINM] | YouTube  | [Normal]     | 94%    |   75.8ms | Hi...
[ENTERTAINM] | YouTube  | [Normal]     | 94%    |   66.7ms | Rest...
[GAMING/GAM] | YouTube  | [Normal]     | 95%    |  157.2ms | Have you ever played Outer Wilds? seems ...
[ENTERTAINM] | YouTube  | [Normal]     | 92%    |   71.0ms | from videos to milliones!...
[GAMING/GAM] | YouTube  | [Normal]     | 95%    |   78.2ms | Airplane...
[ENTERTAINM] | YouTube  | [Normal]     | 97%    |  139.6ms | :red_heart::red_heart::red_heart::red_he...
[GAMING/GAM] | YouTube  | [Normal]     | 96%    |   85.8ms | lighthouse sounds like a cool one...
[GAMING/GAM] | YouTube  | [Normal]     | 98%    |  119.9ms | AIRPLANE:face-blue-smiling::face-blue-sm...
[ENTERTAINM] | YouTube  | [OFFENSIVE]  | 67%    |   92.7ms | Congratssssss mr beasttt...
[GAMING/GAM] | YouTube  | [Normal]     | 97%    |   93.3ms | Markiplier fell down the stairs and star...
[ENTERTAINM] | YouTube  | [Normal]     | 94%    |   73.7ms | hi...
[GAMING/GAM] | YouTube  | [Normal]     | 93%    |   92.6ms | Mark  I walked away from Iron Lung psych...
[GAMING/SUR] | YouTube  | [Normal]     | 93%    |   81.7ms | Expect to lose next so bet small...
[GAMING/SUR] | YouTube  | [Normal]     | 95%    |   77.9ms | why didnt dealer draw on 18...
[GAMING/GAM] | YouTube  | [Normal]     | 96%    |   87.7ms | This is my first Iive!...
[ENTERTAINM] | YouTube  | [Normal]     | 96%    |   73.0ms | please reply me frome Bangladesh...
[GAMING/SUR] | YouTube  | [Normal]     | 96%    |   84.5ms | It’s high cards now...
[GAMING/SUR] | YouTube  | [Normal]     | 90%    |   80.5ms | no problem...
[ENTERTAINM] | YouTube  | [Normal]     | 89%    |   81.9ms | YOOOOOOOOOOOO...
[ENTERTAINM] | YouTube  | [Normal]     | 94%    |   72.7ms | 2...
[GAMING/GAM] | YouTube  | [Normal]     | 86%    |   77.3ms | Airplane is really boring guys...
[GAMING/SUR] | YouTube  | [Normal]     | 89%    |   71.6ms | noooooo...
[GAMING/SUR] | YouTube  | [Normal]     | 91%    |   74.7ms | Split...
[GAMING/SUR] | YouTube  | [Normal]     | 90%    |   93.7ms | stick...
[MUSIC/CHIL] | YouTube  | [Normal]     | 96%    |  122.7ms | fred no I haven't seen her in  I think  ...
[GAMING/GAM] | YouTube  | [Normal]     | 93%    |   86.1ms | JUST SAW IRON LUNG WEDNESDAY IT WAS AMAZ...
[GAMING/SUR] | YouTube  | [Normal]     | 97%    |   96.0ms | After this win be done lol...
[GAMING/SUR] | YouTube  | [Normal]     | 93%    |   79.3ms | Max bet...
[GAMING/GAM] | YouTube  | [Normal]     | 96%    |   93.5ms | First...
[GAMING/GAM] | YouTube  | [Normal]     | 97%    |  109.5ms | Woooooooo:hand-pink-waving:...
[GAMING/SUR] | YouTube  | [Normal]     | 97%    |  114.5ms | 1/3 of total every bet.. always split 10...
[SPORTS/FOO] | YouTube  | [Normal]     | 94%    |   97.3ms | Japan will win...
[GAMING/GAM] | YouTube  | [Normal]     | 98%    |   95.7ms | i had atmos!...
[ENTERTAINM] | YouTube  | [Normal]     | 96%    |   80.5ms | Going to Area 51...
[GAMING/SUR] | YouTube  | [Normal]     | 95%    |   88.9ms | hit...
[GAMING/GAM] | YouTube  | [Normal]     | 97%    |  102.9ms | hi mark :red_heart:...
[GAMING/GAM] | YouTube  | [Normal]     | 97%    |  137.7ms | Saw the movie  was the only one in the t...
[GAMING/GAM] | YouTube  | [Normal]     | 96%    |   85.6ms | the theater i went to had the 7...
[MUSIC/CHIL] | YouTube  | [Normal]     | 96%    |   64.5ms | lol...
[ENTERTAINM] | YouTube  | [Normal]     | 96%    |   96.1ms | привет друн...
[SELF-HELP/] | YouTube  | [Normal]     | 72%    |  148.1ms | He's right. Consider being insulted in a...
[NEWS/LIVE ] | YouTube  | [Normal]     | 83%    |   87.3ms | no thats called tyranny...
[GAMING/GAM] | YouTube  | [Normal]     | 94%    |   73.3ms | AIRPLANE AIRPLANE...
[GAMING/GAM] | YouTube  | [Normal]     | 94%    |   74.7ms | hi dude...
[GAMING/GAM] | YouTube  | [Normal]     | 91%    |  127.7ms | If I was able to watch Iron Lung for the...
[ENTERTAINM] | YouTube  | [Normal]     | 97%    |  120.6ms | harás un vídeo celebrando tus 500millone...
[GAMING/SUR] | YouTube  | [Normal]     | 97%    |   88.0ms | Lend peanut 500 scrap...
[ENTERTAINM] | YouTube  | [Normal]     | 98%    |  136.9ms | :stopwatch-blue-hand-timer::yt::yt::yt::...
[GAMING/GAM] | YouTube  | [Normal]     | 94%    |   80.0ms | partyfoulval take it back...
[GAMING/SUR] | YouTube  | [Normal]     | 96%    |   81.4ms | sooo much...
[ENTERTAINM] | YouTube  | [Normal]     | 94%    |  115.7ms | hi...
[GAMING/SUR] | YouTube  | [Normal]     | 56%    |   92.6ms | let him coook...
[ENTERTAINM] | YouTube  | [Normal]     | 94%    |   84.7ms | congretchulation bro...
[GAMING/SUR] | YouTube  | [Normal]     | 67%    |   79.5ms | Gingy going to be pissed...
[ENTERTAINM] | YouTube  | [Normal]     | 87%    |   87.9ms | raid...
[GAMING/GAM] | YouTube  | [Normal]     | 76%    |  113.4ms | #NO.1 let's gooooooooooooooc...
[ENTERTAINM] | YouTube  | [Normal]     | 97%    |  399.1ms | invite me in live stream :folded_hands::...
[ENTERTAINM] | YouTube  | [Normal]     | 92%    |  100.1ms | but you hit 13Million views...
[ENTERTAINM] | YouTube  | [Normal]     | 97%    |  153.2ms | I watch you 5 years please see that plea...
[GAMING/GAM] | YouTube  | [Normal]     | 87%    |   78.1ms | LOCK IN...
[GAMING/GAM] | YouTube  | [Normal]     | 96%    |   81.7ms | :_markiJIM:...
[GAMING/GAM] | YouTube  | [Normal]     | 94%    |  101.6ms | YAAAAYYYYY...
[GAMING/GAM] | YouTube  | [Normal]     | 95%    |   86.4ms | I love your moive!...
[GAMING/GAM] | YouTube  | [Normal]     | 91%    |   68.6ms | the fog...
[GAMING/GAM] | YouTube  | [Normal]     | 95%    |  124.6ms | everyone at my local theater on Iron Lun...
[GAMING/SUR] | YouTube  | [Normal]     | 94%    |   70.6ms | Lost...
[SELF-HELP/] | YouTube  | [Normal]     | 62%    |   98.4ms | They tried once and it hurt them so now ...
[GAMING/SUR] | YouTube  | [Normal]     | 94%    |   97.6ms | No way h20 is playing lmao...
[MUSIC/CHIL] | YouTube  | [Normal]     | 97%    |  234.6ms | with my soul you play   with my heart yo...
[GAMING/GAM] | YouTube  | [Normal]     | 95%    |   99.8ms | I watched Iron lung it's really good...
[GAMING/GAM] | YouTube  | [Normal]     | 79%    |  119.1ms | I can't see it because it's rated r and ...
[ENTERTAINM] | YouTube  | [Normal]     | 94%    |  106.8ms | hi...
[GAMING/SUR] | YouTube  | [Normal]     | 95%    |   96.4ms | Happy Happy Happy...
[GAMING/SUR] | YouTube  | [Normal]     | 98%    |   86.4ms | BLUE BLUE...
[ENTERTAINM] | YouTube  | [Normal]     | 94%    |   73.2ms | hi...
[GAMING/GAM] | YouTube  | [Normal]     | 93%    |   81.4ms | meow...
[ENTERTAINM] | YouTube  | [Normal]     | 95%    |   94.9ms | give me ps5 from india...
[PSYCHOLOGY] | YouTube  | [Normal]     | 93%    |  106.9ms | YEP...
[ENTERTAINM] | YouTube  | [Normal]     | 97%    |   71.3ms | where's cookie...
[GAMING/GAM] | YouTube  | [Normal]     | 91%    |  105.7ms | lol the title says Obversation Duty that...
[GAMING/GAM] | YouTube  | [Normal]     | 96%    |   92.8ms | save the cheese...
[ENTERTAINM] | YouTube  | [Normal]     | 96%    |   85.6ms | اا...
[GAMING/SUR] | YouTube  | [Normal]     | 98%    |   99.0ms | first purple box 1k in it...
[GAMING/SUR] | YouTube  | [Normal]     | 96%    |   69.2ms | lol...
[MUSIC/CHIL] | YouTube  | [Normal]     | 97%    |  111.3ms | :woman_getting_massage::musical_notes:...
[GAMING/SUR] | YouTube  | [Normal]     | 97%    |  275.7ms | :face_with_tears_of_joy::face_with_tears...
[GAMING/SUR] | YouTube  | [Normal]     | 86%    |   75.4ms | ITS SO RIGGED...
[GAMING/GAM] | YouTube  | [Normal]     | 92%    |  105.1ms | We got a misspelling anomaly in the titl...
[GAMING/GAM] | YouTube  | [Normal]     | 97%    |  100.1ms | Report: Typo anomaly in the title....
[ENTERTAINM] | YouTube  | [Normal]     | 97%    |  141.3ms | :face-purple-crying::face-purple-crying:...
[GAMING/GAM] | YouTube  | [Normal]     | 96%    |   84.6ms | im on onversation duty...
[ENTERTAINM] | YouTube  | [Normal]     | 91%    |  107.8ms | me...
[ENTERTAINM] | YouTube  | [Normal]     | 97%    |  313.1ms | Mr beast I'm your biggest fan :beating_h...
[GAMING/GAM] | YouTube  | [Normal]     | 90%    |   90.7ms | HAHAHAAHHAHAHA...
[MUSIC/CHIL] | YouTube  | [Normal]     | 97%    |  111.6ms | cricket ground kaa pothunvaaa tv lo kdhu...
[GAMING/GAM] | YouTube  | [Normal]     | 96%    |   77.3ms | lol...
[MUSIC/CHIL] | YouTube  | [Normal]     | 96%    |  105.1ms | m dusro ka bhala hee sochti hu...
[GAMING/GAM] | YouTube  | [Normal]     | 95%    |   82.5ms | Please try Max Payne 3 multiplayer...
[GAMING/SUR] | YouTube  | [Normal]     | 97%    |   78.4ms | gold gold gold...
[GAMING/SUR] | YouTube  | [Normal]     | 94%    |   86.5ms | 3...
[ENTERTAINM] | YouTube  | [Normal]     | 97%    |  150.6ms | what if you hit 500 millions  will you g...
[GAMING/GAM] | YouTube  | [Normal]     | 95%    |   92.2ms | I'm obversing this live rn...
[GAMING/GAM] | YouTube  | [Normal]     | 96%    |   96.6ms | Time for me to sleep...
[GAMING/SUR] | YouTube  | [Normal]     | 95%    |   87.9ms | Scrappers lives matter...
[ENTERTAINM] | YouTube  | [Normal]     | 96%    |  102.2ms | :sign_of_the_horns::victory_hand:...
[GAMING/GAM] | YouTube  | [Normal]     | 91%    |  169.9ms | this is the first time i made it to a st...
[GAMING/SUR] | YouTube  | [Normal]     | 96%    |   79.8ms | Still 1000 scarp in base...
[GAMING/GAM] | YouTube  | [Normal]     | 93%    |   99.2ms | YES...
[GAMING/SUR] | YouTube  | [Normal]     | 95%    |  123.7ms | hutch is just strolling around with 4k m...
[GAMING/GAM] | YouTube  | [Normal]     | 96%    |   85.3ms | light on beach...
[ENTERTAINM] | YouTube  | [Normal]     | 94%    |   87.9ms | 5...
[ENTERTAINM] | YouTube  | [Normal]     | 95%    |   70.6ms | 129...
[GAMING/GAM] | YouTube  | [Normal]     | 96%    |   73.9ms | STAIRS???...
[GAMING/GAM] | YouTube  | [Normal]     | 92%    |   87.2ms | MARK THE STAIRS ARE UNDULATING...
[MUSIC/CHIL] | YouTube  | [Normal]     | 98%    |  132.0ms | :helicopter::roll_of_paper::roll_of_pape...
[GAMING/GAM] | YouTube  | [Normal]     | 86%    |   75.3ms | the bed!...
[ENTERTAINM] | YouTube  | [Normal]     | 89%    |  101.0ms | :ok_hand::ok_hand::ok_hand:...
[GAMING/GAM] | YouTube  | [Normal]     | 97%    |   80.8ms | LANTERN MOVEMENT INTERIOR...
[ENTERTAINM] | YouTube  | [Normal]     | 94%    |   76.2ms | hi...
[GAMING/GAM] | YouTube  | [Normal]     | 97%    |   83.3ms | OIL LAMP MOVED OIL LAMP MOVED OIL LAMP M...
[ENTERTAINM] | YouTube  | [Normal]     | 90%    |   73.4ms | 𝚑𝚘𝚕𝚊...
[GAMING/GAM] | YouTube  | [Normal]     | 91%    |  120.1ms | if we all scream about the same issue we...
[GAMING/GAM] | YouTube  | [OFFENSIVE]  | 56%    |   92.8ms | BBBEEEEEDDDDDDDDDDDDDDDDD...
[GAMING/GAM] | YouTube  | [Normal]     | 96%    |   62.7ms | Bench....
[ENTERTAINM] | YouTube  | [Normal]     | 91%    |   74.2ms | PAKISTAN...
[GAMING/GAM] | YouTube  | [Normal]     | 94%    |   78.3ms | MARKKK...
[MUSIC/CHIL] | YouTube  | [Normal]     | 98%    |   79.3ms | bye:washhands:...
[GAMING/SUR] | YouTube  | [Normal]     | 96%    |   88.8ms | MTNBAY 11% VOODOO RANGER G FORCE IS BETT...
[GAMING/GAM] | YouTube  | [Normal]     | 97%    |   74.3ms | FUSE BOX!!!!...
[GAMING/GAM] | YouTube  | [Normal]     | 87%    |   81.2ms | There's something strange  in your neigh...
[NEWS/LIVE ] | YouTube  | [Normal]     | 86%    |  104.0ms | Argentina por favor jogue o melhor futeb...
[PSYCHOLOGY] | YouTube  | [Normal]     | 92%    |  123.9ms | what should i do if my therapist tells m...
[GAMING/SUR] | YouTube  | [Normal]     | 94%    |  110.2ms | 12...
[MUSIC/CHIL] | YouTube  | [Normal]     | 96%    |  142.4ms | :eyes-purple-crying:yehh I'd tumari shot...
[ENTERTAINM] | YouTube  | [Normal]     | 90%    |  157.2ms | :stayhome::stayhome::stayhome::stayhome:...
[GAMING/GAM] | YouTube  | [Normal]     | 86%    |   77.3ms | heck yeah...
[GAMING/GAM] | YouTube  | [Normal]     | 94%    |   78.2ms | The stairwell fence moved...
[GAMING/GAM] | YouTube  | [Normal]     | 96%    |   73.9ms | Cheese!...
[MUSIC/CHIL] | YouTube  | [Normal]     | 96%    |   71.4ms | rey...
[GAMING/SUR] | YouTube  | [Normal]     | 93%    |   67.4ms | go higher...
[GAMING/SUR] | YouTube  | [Normal]     | 87%    |   80.2ms | No...
[ENTERTAINM] | YouTube  | [Normal]     | 94%    |   63.3ms | 6...
[GAMING/GAM] | YouTube  | [Normal]     | 96%    |  111.1ms | CONGRATS ON THE MOVIE BRO!!!!!! :clapper...
[ENTERTAINM] | YouTube  | [Normal]     | 95%    |   77.8ms | 1111111...
[ENTERTAINM] | YouTube  | [Normal]     | 93%    |   62.3ms | omg...
[GAMING/GAM] | YouTube  | [Normal]     | 93%    |   74.3ms | extra railing...
[GAMING/SUR] | YouTube  | [Normal]     | 85%    |   72.6ms | nooooo...
[PSYCHOLOGY] | YouTube  | [Normal]     | 96%    |   98.4ms | What about the future?...
[GAMING/SUR] | YouTube  | [Normal]     | 93%    |   86.4ms | it doesnt matter...
[GAMING/SUR] | YouTube  | [Normal]     | 91%    |   73.3ms | Wait oh god...
[ENTERTAINM] | YouTube  | [Normal]     | 94%    |   95.8ms | यह तो पागलपन है mrbeast...
[ENTERTAINM] | YouTube  | [Normal]     | 86%    |   79.1ms | call Pewdiepie...
[ENTERTAINM] | YouTube  | [Normal]     | 97%    |   82.4ms | i love Mr Best...
[ENTERTAINM] | YouTube  | [Normal]     | 96%    |   84.8ms | love u from Bangladesh...
[GAMING/GAM] | YouTube  | [Normal]     | 96%    |  105.5ms | so far it seems like there aren't any ai...
[GAMING/GAM] | YouTube  | [Normal]     | 97%    |   99.3ms | IRON LUNG WAS AMAZING!!!!!...
[GAMING/SUR] | YouTube  | [Normal]     | 73%    |   94.8ms | doesn't matter wh8ch way...
[GAMING/GAM] | YouTube  | [Normal]     | 93%    |   84.3ms | F...
[GAMING/GAM] | YouTube  | [Normal]     | 88%    |   68.6ms | ocean madness...
[ENTERTAINM] | YouTube  | [Normal]     | 96%    |   81.2ms | 500 mln!!!...
[GAMING/GAM] | YouTube  | [Normal]     | 97%    |  178.1ms | just watched Iron Lung. awesome work Mar...
[MUSIC/CHIL] | YouTube  | [Normal]     | 90%    |   83.0ms | GTA really so You too...
[GAMING/GAM] | YouTube  | [Normal]     | 91%    |  129.1ms | it's okay Mark  I would be trash at this...
[GAMING/GAM] | YouTube  | [Normal]     | 94%    |   75.7ms | I believe in you...
[GAMING/GAM] | YouTube  | [Normal]     | 88%    |   98.9ms | camera malfunction means you lost camera...
[ENTERTAINM] | YouTube  | [Normal]     | 94%    |   85.8ms | hi...
[GAMING/GAM] | YouTube  | [Normal]     | 95%    |   93.0ms | The railing changed in the stairwell las...
[ENTERTAINM] | YouTube  | [Normal]     | 94%    |   81.7ms | hi...
[GAMING/GAM] | YouTube  | [Normal]     | 90%    |  109.7ms | who up obversation they duty...
[GAMING/SUR] | YouTube  | [OFFENSIVE]  | 52%    |   78.9ms | oh shit...
[ENTERTAINM] | YouTube  | [Normal]     | 94%    |   98.0ms | 1...
[ENTERTAINM] | YouTube  | [Normal]     | 94%    |   95.4ms | WA...
[GAMING/GAM] | YouTube  | [Normal]     | 94%    |  112.4ms | hey mark are you going to play thr fatal...
[GAMING/GAM] | YouTube  | [Normal]     | 77%    |  100.4ms | yessssssssssssssssss...
[PSYCHOLOGY] | YouTube  | [Normal]     | 76%    |  131.7ms | So  my animus is out of control because ...
[GAMING/GAM] | YouTube  | [Normal]     | 94%    |   94.8ms | maybe the anomaly was the friends we mad...
[GAMING/GAM] | YouTube  | [Normal]     | 92%    |   98.9ms | yeah...
[GAMING/GAM] | YouTube  | [Normal]     | 91%    |   80.6ms | Yes your fine...
[SELF-HELP/] | YouTube  | [Normal]     | 69%    |  184.3ms | How do you navigate the hate before it l...
[GAMING/GAM] | YouTube  | [Normal]     | 98%    |  120.2ms | This lvl is in demo  we can play along f...
[GAMING/GAM] | YouTube  | [Normal]     | 93%    |   95.6ms | Oooo...
[ENTERTAINM] | YouTube  | [Normal]     | 96%    |   92.4ms | Some of us are in our 40s...
[GAMING/GAM] | YouTube  | [Normal]     | 67%    |   88.0ms | there is a body in the bed...
[GAMING/SUR] | YouTube  | [Normal]     | 96%    |   85.2ms | thank you...
[GAMING/SUR] | YouTube  | [Normal]     | 94%    |   99.2ms | Shoulda hit it with rocks...
[ENTERTAINM] | YouTube  | [Normal]     | 97%    |   85.6ms | can you gift me a free pc?...
[ENTERTAINM] | YouTube  | [OFFENSIVE]  | 49%    |   92.7ms | 500 millions it's crazyy...
[ENTERTAINM] | YouTube  | [Normal]     | 96%    |   84.9ms | bro I I need I phone 17 pro maxxx...
[MUSIC/CHIL] | YouTube  | [Normal]     | 98%    |  182.4ms | Ask about ur tom and Jerry fight :face_w...
[GAMING/SUR] | YouTube  | [Normal]     | 47%    |   83.3ms | PUT ON SOME CLOTHES YOU FREAK LOL...
[GAMING/GAM] | YouTube  | [Normal]     | 97%    |  117.0ms | was there always boards or something on ...
[GAMING/GAM] | YouTube  | [Normal]     | 95%    |  213.8ms | :_markiLOVE::_markiLOVE::_markiLOVE::_ma...
[GAMING/SUR] | YouTube  | [Normal]     | 86%    |   85.9ms | Go to the boat...
[ENTERTAINM] | YouTube  | [Normal]     | 90%    |  101.0ms | YOU DONT KNOW I SHOW SPEED...
[MUSIC/CHIL] | YouTube  | [Normal]     | 95%    |   82.5ms | :zzz:...
[ENTERTAINM] | YouTube  | [Normal]     | 97%    |  107.3ms | awhat are we doing for 500k?...
[GAMING/GAM] | YouTube  | [Normal]     | 95%    |   84.3ms | :(...
[GAMING/GAM] | YouTube  | [Normal]     | 97%    |   76.3ms | 3 ROPES IN INTERIOR...
[GAMING/GAM] | YouTube  | [Normal]     | 97%    |   86.1ms | SECOND MOUSETRAP IN BASEMENT...
[SELF-HELP/] | YouTube  | [Normal]     | 86%    |   87.4ms | freudian slip...
[GAMING/GAM] | YouTube  | [Normal]     | 77%    |   86.0ms | spookyy...
[GAMING/GAM] | YouTube  | [Normal]     | 90%    |  107.8ms | I swear those pipes besides the stairs l...
[GAMING/GAM] | YouTube  | [Normal]     | 97%    |  109.4ms | abosvertion duudi anomomaly 3...
[ENTERTAINM] | YouTube  | [Normal]     | 97%    |  327.7ms | Translate my message. Здравствуйте я из ...
[ENTERTAINM] | YouTube  | [Normal]     | 97%    |   80.9ms | i was there...
[GAMING/GAM] | YouTube  | [Normal]     | 77%    |   86.4ms | no iron lung for Ukrainian?(((...
[GAMING/GAM] | YouTube  | [Normal]     | 97%    |   72.8ms | lantern in interior...
[GAMING/SUR] | YouTube  | [Normal]     | 96%    |   79.4ms | wide open...
[GAMING/GAM] | YouTube  | [Normal]     | 85%    |   94.4ms | the eyes...
[MUSIC/CHIL] | YouTube  | [Normal]     | 95%    |   88.1ms | ab mujhe neend aari...
[GAMING/SUR] | YouTube  | [Normal]     | 94%    |   81.8ms | CLOSE FIRST GATE...
[GAMING/GAM] | YouTube  | [Normal]     | 94%    |  100.1ms | intruder top left on all cams...
[ENTERTAINM] | YouTube  | [Normal]     | 97%    |   84.6ms | I'm big fan jimmy...
[GAMING/SUR] | YouTube  | [Normal]     | 87%    |   74.3ms | oh damn is that welyn...
[ENTERTAINM] | YouTube  | [Normal]     | 97%    |   85.0ms | Welcome New Member!...
[GAMING/SUR] | YouTube  | [Normal]     | 83%    |   92.0ms | DOOR IS AN AIRLOCK...
[ENTERTAINM] | YouTube  | [Normal]     | 97%    |  140.5ms | :clock-turquoise-looking-up::clock-turqu...
[GAMING/GAM] | YouTube  | [Normal]     | 94%    |  100.2ms | feel like the furnace in the keeper's ho...
[GAMING/GAM] | YouTube  | [Normal]     | 97%    |   82.5ms | WOOD PILE IN CABIN??...
[GAMING/GAM] | YouTube  | [Normal]     | 82%    |   76.5ms | check the boat...
[ENTERTAINM] | YouTube  | [Normal]     | 96%    |  105.5ms | Hiiiii bro 500MMMM...
[PSYCHOLOGY] | YouTube  | [Normal]     | 90%    |   93.0ms | also extremely sexualised...
[GAMING/GAM] | YouTube  | [Normal]     | 92%    |  121.6ms | Love you  Mark. Can't wait to see Iron L...
[ENTERTAINM] | YouTube  | [Normal]     | 77%    |   98.2ms | broooooooooo9ooooooooooooo...
[GAMING/GAM] | YouTube  | [Normal]     | 97%    |  158.9ms | LANTERN SHADOW INTERIOR PLEASE :loudly_c...
[GAMING/GAM] | YouTube  | [Normal]     | 95%    |  218.5ms | There's no way you will see this. but yo...
[ENTERTAINM] | YouTube  | [Normal]     | 93%    |   80.0ms | India...
[GAMING/GAM] | YouTube  | [Normal]     | 96%    |   79.8ms | THE LIGHT MARKKKK...
[ENTERTAINM] | YouTube  | [Normal]     | 95%    |   79.3ms | unsub?...
[GAMING/SUR] | YouTube  | [Normal]     | 97%    |   81.7ms | for its content...
[GAMING/SUR] | YouTube  | [Normal]     | 91%    |   75.7ms | STAY HOME!...
[GAMING/GAM] | YouTube  | [Normal]     | 96%    |   76.2ms | light anomaly?...
[PSYCHOLOGY] | YouTube  | [Normal]     | 92%    |   91.7ms | nah bruh not a bot...
[ENTERTAINM] | YouTube  | [Normal]     | 94%    |  100.6ms | 1...
[GAMING/SUR] | YouTube  | [Normal]     | 97%    |   86.7ms | Oil...
[ENTERTAINM] | YouTube  | [Normal]     | 94%    |   72.4ms | 1...
[GAMING/GAM] | YouTube  | [Normal]     | 93%    |   66.9ms | OMG...
[GAMING/GAM] | YouTube  | [Normal]     | 85%    |   88.5ms | DID U SEE THE NASA PEEPO...
[GAMING/GAM] | YouTube  | [Normal]     | 95%    |   92.5ms | wth was that!!!...
[ENTERTAINM] | YouTube  | [Normal]     | 97%    |  101.0ms | :face-purple-crying:...
[GAMING/SUR] | YouTube  | [Normal]     | 78%    |  107.4ms | They defo raided an external tc...
[ENTERTAINM] | YouTube  | [Normal]     | 94%    |   77.4ms | hi...
[ENTERTAINM] | YouTube  | [Normal]     | 96%    |   94.7ms | love you jimmy...
[GAMING/GAM] | YouTube  | [Normal]     | 96%    |   90.3ms | hi markkkk...
[GAMING/GAM] | YouTube  | [Normal]     | 95%    |  113.2ms | Mark you are the best YouTuber on the pl...
[GAMING/GAM] | YouTube  | [Normal]     | 88%    |   94.4ms | THEY MOVED...
[ENTERTAINM] | YouTube  | [Normal]     | 96%    |   64.6ms | New member...
[GAMING/GAM] | YouTube  | [Normal]     | 95%    |   83.9ms | Watching group hysteria happen in real t...
[ENTERTAINM] | YouTube  | [Normal]     | 88%    |   82.7ms | @mrbeast...
[GAMING/GAM] | YouTube  | [Normal]     | 97%    |   88.4ms | 'CMON MARK BARRELS...
[ENTERTAINM] | YouTube  | [Normal]     | 96%    |  251.5ms | :skull_and_crossbones::skull_and_crossbo...
[GAMING/GAM] | YouTube  | [Normal]     | 94%    |   77.2ms | ADDICTIONAL ITEMS MARK...
[ENTERTAINM] | YouTube  | [Normal]     | 96%    |   79.0ms | hiiiiii...
[SELF-HELP/] | YouTube  | [Normal]     | 81%    |   80.9ms | yah they're valid...
[GAMING/SUR] | YouTube  | [OFFENSIVE]  | 92%    |  119.6ms | BRO IF I HEAR PEANUT SAY DANIS IS A UFC ...
[GAMING/SUR] | YouTube  | [Normal]     | 73%    |   85.2ms | TAKE THE GUN OFF HOTBAR...
[NEWS/LIVE ] | YouTube  | [Normal]     | 93%    |  106.1ms | :buffering:...
[GAMING/GAM] | YouTube  | [Normal]     | 95%    |  121.0ms | YES THE BARRELS ROTATED I KNEW IT...
[MUSIC/CHIL] | YouTube  | [Normal]     | 98%    |   84.3ms | ..:face-turquoise-music-note:...
[ENTERTAINM] | YouTube  | [Normal]     | 96%    |  178.9ms | :loudly_crying_face::face_with_rolling_e...
[MUSIC/CHIL] | YouTube  | [Normal]     | 97%    |  112.4ms | nu jocul ăla mă ține să nu merg mai depa...
[ENTERTAINM] | YouTube  | [Normal]     | 94%    |   79.7ms | Omegle...
[GAMING/GAM] | YouTube  | [Normal]     | 91%    |   82.4ms | THE LEFT MORE IT MOVED UP...
[SPORTS/FOO] | YouTube  | [Normal]     | 93%    |   83.4ms | ig dulu...
[GAMING/SUR] | YouTube  | [Normal]     | 68%    |   89.9ms | dont do it...
[GAMING/GAM] | YouTube  | [OFFENSIVE]  | 50%    |   76.6ms | WHAT THE HELL...
[GAMING/GAM] | YouTube  | [Normal]     | 96%    |   89.3ms | aaaaaaaaaaaaaa...
[GAMING/SUR] | YouTube  | [OFFENSIVE]  | 83%    |  164.3ms | peanut is the guy who has his doctor tel...
[GAMING/GAM] | YouTube  | [Normal]     | 81%    |   75.0ms | THE SWINGING THING ON THE LIGHTHOUSE...
[GAMING/GAM] | YouTube  | [Normal]     | 95%    |   70.5ms | LIGHT...
[GAMING/GAM] | YouTube  | [Normal]     | 79%    |   81.4ms | DUNGEON CRAWLER CARL MENTIONED  POG...
[ENTERTAINM] | YouTube  | [Normal]     | 98%    |  383.0ms | :hand-pink-waving::hand-pink-waving::han...
[GAMING/GAM] | YouTube  | [Normal]     | 78%    |   73.1ms | that do be strange...
[GAMING/GAM] | YouTube  | [Normal]     | 92%    |   69.2ms | Barrel knocked over...
[GAMING/GAM] | YouTube  | [Normal]     | 97%    |  117.3ms | hello mark iplier i liked the movie :):)...
[GAMING/GAM] | YouTube  | [Normal]     | 92%    |   82.1ms | YUMMY...
[ENTERTAINM] | YouTube  | [Normal]     | 94%    |   91.7ms | hi...
[GAMING/GAM] | YouTube  | [Normal]     | 94%    |   96.7ms | Hi...
[GAMING/SUR] | YouTube  | [Normal]     | 93%    |   74.3ms | tehe...
[ENTERTAINM] | YouTube  | [Normal]     | 96%    |   80.1ms | Hi Mr beast :thumbs_up:...
[GAMING/GAM] | YouTube  | [Normal]     | 94%    |   81.7ms | broken stairwell railing moved...
[GAMING/SUR] | YouTube  | [Normal]     | 91%    |   97.2ms | me im a funny guy pick me...
[ENTERTAINM] | YouTube  | [Normal]     | 96%    |   74.7ms | nepal flag...
[ENTERTAINM] | YouTube  | [Normal]     | 90%    |   96.0ms | How the 500 million button looks like?...
[GAMING/GAM] | YouTube  | [Normal]     | 83%    |   89.1ms | theres a dead body in interior...
[ENTERTAINM] | YouTube  | [Normal]     | 94%    |   82.6ms | Нормас...
[GAMING/GAM] | YouTube  | [Normal]     | 95%    |   83.1ms | Flood!...
[ENTERTAINM] | YouTube  | [Normal]     | 94%    |   97.0ms | yo beast can you throw me 100 buck am sa...
[ENTERTAINM] | YouTube  | [Normal]     | 91%    |   78.3ms | hey...
[SELF-HELP/] | YouTube  | [Normal]     | 98%    |  102.9ms | I scored 9 / 10 on ACE. I'm special....
[GAMING/GAM] | YouTube  | [Normal]     | 94%    |   84.3ms | I tried telling yall…...
[ENTERTAINM] | YouTube  | [Normal]     | 94%    |   74.3ms | jimmy...
[GAMING/GAM] | YouTube  | [Normal]     | 88%    |   80.1ms | Mark  sometimes we worry about you...
[ENTERTAINM] | YouTube  | [Normal]     | 97%    |  124.5ms | :red_square::white_large_square::green_s...
[GAMING/GAM] | YouTube  | [Normal]     | 94%    |  101.7ms | Can we talk about iron lung or did i mis...
[ENTERTAINM] | YouTube  | [Normal]     | 97%    |   95.6ms | :smiling_face_with_hearts:...
[GAMING/GAM] | YouTube  | [Normal]     | 76%    |   95.7ms | whys he talking in our ears...
[GAMING/GAM] | YouTube  | [Normal]     | 93%    |   93.4ms | I like my HyperX...
[ENTERTAINM] | YouTube  | [Normal]     | 96%    |  379.4ms | :hand-pink-waving::face-blue-smiling::fa...
[GAMING/SUR] | YouTube  | [Normal]     | 90%    |   75.8ms | its literally all backwards...
[GAMING/GAM] | YouTube  | [Normal]     | 95%    |   94.2ms | THE GALLON CHANGE POSITION...
[PSYCHOLOGY] | YouTube  | [Normal]     | 95%    |   91.3ms | Hhhaaahaaa...
[GAMING/GAM] | YouTube  | [Normal]     | 90%    |  102.4ms | jesus...
[GAMING/GAM] | YouTube  | [Normal]     | 96%    |   96.1ms | STAIRWELL: left side railing moved  INTE...
[PSYCHOLOGY] | YouTube  | [Normal]     | 83%    |   85.5ms | brother fantasy is all we inferior genet...
[GAMING/SUR] | YouTube  | [Normal]     | 95%    |   80.2ms | No Fost  but I am...
[GAMING/GAM] | YouTube  | [Normal]     | 97%    |   86.5ms | Painting above the bed?...
[GAMING/SUR] | YouTube  | [Normal]     | 94%    |  114.7ms | @FostuRKid I was going to drink whiskey ...
[GAMING/GAM] | YouTube  | [Normal]     | 92%    |   85.4ms | Something weird about light in lantern r...
[GAMING/GAM] | YouTube  | [Normal]     | 97%    |   82.9ms | missing item under the map!!...
[GAMING/GAM] | YouTube  | [Normal]     | 94%    |   93.4ms | MISSING TYPEWRITER IN INTERIOR NEAR MAP...
[GAMING/GAM] | YouTube  | [Normal]     | 96%    |   81.2ms | Cross??...
[GAMING/GAM] | YouTube  | [Normal]     | 96%    |   95.4ms | Fog over the light house in the yard...
[MUSIC/CHIL] | YouTube  | [Normal]     | 98%    |  108.4ms | :face-blue-wide-eyes::face-blue-wide-eye...
[GAMING/GAM] | YouTube  | [Normal]     | 91%    |   79.7ms | RADIO FACING WRONG WAY IN THE INTERIOR...
[ENTERTAINM] | YouTube  | [Normal]     | 97%    |  102.2ms | :face-green-smiling:...
[ENTERTAINM] | YouTube  | [Normal]     | 93%    |  108.8ms | هههههههههه...
[ENTERTAINM] | YouTube  | [Normal]     | 94%    |  128.2ms | IM SO HAPPY YOUR ON THIS PLANET!!!! :glo...
[PSYCHOLOGY] | YouTube  | [HATE]       | 44%    |  110.9ms | goon gripped...
[GAMING/GAM] | YouTube  | [Normal]     | 96%    |  119.4ms | give me a kiss mark...
[GAMING/GAM] | YouTube  | [Normal]     | 96%    |  130.6ms | THE RAILING ON THE LEFT ON STAIRCASE DID...
[GAMING/GAM] | YouTube  | [Normal]     | 94%    |  117.5ms | yay!! we are smart!!!...
[ENTERTAINM] | YouTube  | [Normal]     | 92%    |   99.4ms | heyyyyy...
[GAMING/GAM] | YouTube  | [Normal]     | 92%    |  118.8ms | :brain::brain::brain::brain:...
[MUSIC/CHIL] | YouTube  | [Normal]     | 95%    |  112.2ms | :goodvibes:...
[GAMING/GAM] | YouTube  | [Normal]     | 94%    |  137.8ms | we're the walls always cracked in the be...
[GAMING/GAM] | YouTube  | [Normal]     | 71%    |  125.3ms | no way they gotta captcha...
[ENTERTAINM] | YouTube  | [Normal]     | 94%    |  120.7ms | jimmy...
[ENTERTAINM] | YouTube  | [Normal]     | 96%    |  117.6ms | brazil Argentina or portugal?...
[GAMING/GAM] | YouTube  | [Normal]     | 95%    |  206.7ms | STAIRWELL: left side railing moved  you ...
[GAMING/GAM] | YouTube  | [Normal]     | 97%    |   97.4ms | aot mentioned!!...
[ENTERTAINM] | YouTube  | [Normal]     | 98%    |  428.2ms | :cherry_blossom::cherry_blossom::cherry_...
[MUSIC/CHIL] | YouTube  | [Normal]     | 97%    |  119.8ms | ....:face-turquoise-music-note:...
[MUSIC/CHIL] | YouTube  | [Normal]     | 96%    |  106.8ms | :slightly_smiling_face:...
[GAMING/GAM] | YouTube  | [Normal]     | 91%    |  105.0ms | W...
[GAMING/GAM] | YouTube  | [Normal]     | 93%    |  105.5ms | gg...
[ENTERTAINM] | YouTube  | [Normal]     | 96%    |  212.2ms | :rolling_on_the_floor_laughing::rolling_...
[GAMING/GAM] | YouTube  | [Normal]     | 98%    |  150.9ms | :face-blue-smiling::face-blue-smiling::f...
[GAMING/GAM] | YouTube  | [Normal]     | 95%    |  159.4ms | CHECK STAIRS!!!!!! :folded_hands::folded...
[PSYCHOLOGY] | YouTube  | [Normal]     | 88%    |  110.4ms | @andreicionescu giggity giggity...
[GAMING/GAM] | YouTube  | [Normal]     | 90%    |  101.0ms | yesssss...
[PSYCHOLOGY] | YouTube  | [Normal]     | 78%    |  111.1ms | equalfuckupmaxxing...
[PSYCHOLOGY] | YouTube  | [Normal]     | 93%    |  106.2ms | @yashnair4854 rip...
[GAMING/GAM] | YouTube  | [Normal]     | 96%    |   96.7ms | Would love to see a BTS documentary...
[GAMING/GAM] | YouTube  | [Normal]     | 93%    |   79.4ms | YAYYY...
[ENTERTAINM] | YouTube  | [Normal]     | 90%    |   88.6ms | ㅋㅋㅋㅋㅋ...
[GAMING/GAM] | YouTube  | [Normal]     | 97%    |  103.8ms | will it b available in Canada?...
[GAMING/GAM] | YouTube  | [Normal]     | 98%    |  153.3ms | :trophy-yellow-smiling::trophy-yellow-sm...
[ENTERTAINM] | YouTube  | [Normal]     | 94%    |  104.6ms | @আল্লাহ -আমার-রব...
[GAMING/GAM] | YouTube  | [Normal]     | 94%    |   92.2ms | how you doing mark?...
[GAMING/GAM] | YouTube  | [Normal]     | 95%    |   64.8ms | Rules smules...
[ENTERTAINM] | YouTube  | [Normal]     | 93%    |   80.8ms | ааааааааааа...
[GAMING/GAM] | YouTube  | [Normal]     | 92%    |   74.9ms | It’s nudie magazine day!...
[ENTERTAINM] | YouTube  | [Normal]     | 96%    |   55.7ms | New member...
[GAMING/GAM] | YouTube  | [Normal]     | 92%    |   61.4ms | ye...
[GAMING/SUR] | YouTube  | [Normal]     | 66%    |  100.3ms | at least the only person hes got to worr...
[ENTERTAINM] | YouTube  | [Normal]     | 98%    |  371.5ms | :face-blue-smiling::face-blue-smiling::f...
[MUSIC/CHIL] | YouTube  | [Normal]     | 94%    |   81.1ms | :cigarette::thinking_face:...
[GAMING/GAM] | YouTube  | [Normal]     | 91%    |   74.7ms | Corner...
[PSYCHOLOGY] | YouTube  | [Normal]     | 98%    |   68.8ms | on mets le patate...
[ENTERTAINM] | YouTube  | [Normal]     | 94%    |   61.2ms | hi...
[ENTERTAINM] | YouTube  | [Normal]     | 94%    |  302.1ms | :thanksdoc::thanksdoc::thanksdoc::thanks...
[SELF-HELP/] | YouTube  | [Normal]     | 96%    |  108.5ms | slap on some adhd  double it  pass it on...
[MUSIC/CHIL] | YouTube  | [Normal]     | 96%    |  133.5ms | nu mai am rezistenta că când eram sănăto...
[GAMING/GAM] | YouTube  | [Normal]     | 94%    |   60.2ms | eyes in the windows...
[GAMING/GAM] | YouTube  | [Normal]     | 98%    |   75.6ms | extra red cup next to banana in cockpit...
[GAMING/GAM] | YouTube  | [Normal]     | 91%    |   89.5ms | i just got back from walking my roommate...
[MUSIC/CHIL] | YouTube  | [Normal]     | 97%    |   93.6ms | SKOLIM & CLEO - Lubimy (Official Video) ...
[GAMING/GAM] | YouTube  | [Normal]     | 88%    |   71.3ms | Who said that? Everyone  GET EM!...
[GAMING/GAM] | YouTube  | [Normal]     | 96%    |   61.7ms | case in hall...
[ENTERTAINM] | YouTube  | [Normal]     | 95%    |   76.8ms | Mr beast you are such an amazing creator...
[GAMING/GAM] | YouTube  | [Normal]     | 91%    |   80.6ms | im hungryyy can we get McDonald's?...
[GAMING/SUR] | YouTube  | [Normal]     | 94%    |   82.6ms | try checking all the same boxes over and...
[GAMING/GAM] | YouTube  | [Normal]     | 87%    |   68.9ms | banned...
[GAMING/SUR] | YouTube  | [Normal]     | 97%    |   61.7ms | cargo for cameras...
[GAMING/GAM] | YouTube  | [Normal]     | 89%    |   62.9ms | BUISNESS PILLOW...
[ENTERTAINM] | YouTube  | [Normal]     | 95%    |  107.3ms | ааааааааа аараиаиапап...
[ENTERTAINM] | YouTube  | [Normal]     | 70%    |   80.2ms | let's goooooo… 500 millliiii...
[GAMING/SUR] | YouTube  | [Normal]     | 86%    |   73.4ms | OUT BY FROUNT DOOR...
[ENTERTAINM] | YouTube  | [Normal]     | 94%    |   55.3ms | Hi...
[GAMING/GAM] | YouTube  | [Normal]     | 82%    |   83.4ms | if he ever sees someone mention the bana...
[GAMING/GAM] | YouTube  | [Normal]     | 98%    |   67.2ms | Flight board at the gate...
[GAMING/SUR] | YouTube  | [Normal]     | 92%    |   61.2ms | Outside...
[ENTERTAINM] | YouTube  | [Normal]     | 95%    |   53.1ms | said hi...
[MUSIC/CHIL] | YouTube  | [Normal]     | 74%    |   80.0ms | KEJTI because smart people will think ab...
[PSYCHOLOGY] | YouTube  | [Normal]     | 93%    |   73.5ms | That does seem VERY Puer to me yeah...
[GAMING/GAM] | YouTube  | [Normal]     | 95%    |   77.3ms | was there a suitcase always in top of ec...
[GAMING/GAM] | YouTube  | [Normal]     | 91%    |   64.5ms | Bag left side Business...
[MUSIC/CHIL] | YouTube  | [OFFENSIVE]  | 77%    |  122.4ms | No time for u idiot bla bla bla :zany_fa...
[VALORANT/G] | Twitch   | [Normal]     | 90%    |   56.8ms | 康神...
[VALORANT/G] | Twitch   | [Normal]     | 94%    |   73.4ms | @jeanguo conter strik...
[RELATIONSH] | Twitch   | [Normal]     | 77%    |   72.5ms | was soooo goooood TwitchConHYPE...
[RELATIONSH] | Twitch   | [Normal]     | 96%    |   78.6ms | Wake has more improv experience (derogat...
[VALORANT/G] | Twitch   | [Normal]     | 96%    |   86.3ms | so I’m gonna see edg live tmrw?...
[RELATIONSH] | Twitch   | [Normal]     | 95%    |   56.9ms | LOLL...
[VALORANT/G] | Twitch   | [Normal]     | 96%    |   80.0ms | @mavhawk64 Glaze in his chat then?...
[RELATIONSH] | Twitch   | [Normal]     | 96%    |  295.8ms | H-HE SO F-I-I-I-NE 😩 😩 😍 💕 💕 💕 H-HE SO F...
[RELATIONSH] | Twitch   | [Normal]     | 87%    |   77.3ms | no...
[RELATIONSH] | Twitch   | [Normal]     | 87%    |   71.4ms | no...
[RELATIONSH] | Twitch   | [Normal]     | 96%    |   66.0ms | that’s the spirit...
[RELATIONSH] | Twitch   | [Normal]     | 95%    |   66.3ms | Only once per life...
[RELATIONSH] | Twitch   | [Normal]     | 96%    |   60.3ms | LUL...
[RELATIONSH] | Twitch   | [Normal]     | 94%    |   59.6ms | o7...
[RELATIONSH] | Twitch   | [Normal]     | 93%    |  106.0ms | o7 Arther is helping Julia complete a su...
[RELATIONSH] | Twitch   | [Normal]     | 94%    |   68.6ms | omgBruh...
[RELATIONSH] | Twitch   | [Normal]     | 95%    |   70.5ms | Saved...
[ENTERTAINM] | Twitch   | [Normal]     | 82%    |   54.1ms | HAH...
[RELATIONSH] | Twitch   | [Normal]     | 96%    |   56.8ms | Good save...
[RELATIONSH] | Twitch   | [Normal]     | 67%    |   74.8ms | Is he implying he wants kids?...
[RELATIONSH] | Twitch   | [Normal]     | 86%    |   80.9ms | @MISTERARTHER are you high?...
[ENTERTAINM] | Twitch   | [Normal]     | 95%    |   68.4ms | is that bulbasaur...
[RELATIONSH] | Twitch   | [OFFENSIVE]  | 52%    |   62.0ms | oh shit...
[RELATIONSH] | Twitch   | [Normal]     | 93%    |   64.6ms | o7 just act confused again...
[ENTERTAINM] | Twitch   | [Normal]     | 88%    |   88.9ms | child? your own body?  self-fertilizatio...
[LEGO/UPDAT] | Twitch   | [Normal]     | 72%    |   61.9ms | portugal coasts are nice...
[ENTERTAINM] | Twitch   | [Normal]     | 96%    |   70.0ms | qoqsikOO...
[RELATIONSH] | Twitch   | [Normal]     | 96%    |   60.1ms | W Dr. Dean...
[RELATIONSH] | Twitch   | [Normal]     | 93%    |   65.4ms | hes cooked...
[RELATIONSH] | Twitch   | [Normal]     | 93%    |   68.9ms | It's a habit problem...
[RELATIONSH] | Twitch   | [Normal]     | 94%    |   60.8ms | hesRight...
[RELATIONSH] | Twitch   | [OFFENSIVE]  | 60%    |   66.8ms | Bullshit...
[RELATIONSH] | Twitch   | [Normal]     | 94%    |   66.7ms | om...
