node,pid,run_id,seq,topic,partition,offset,kafka_ts_ms,kafka_ts_type,t_recv_ms,infer_ms,es_ms,t_done_ms,label,confidence
WIX,16808,20260926-185706_p4_c4_cuda_r3,0,perf_20260926-185706_p4_c4_cuda_r3,0,0,1790441846134,0,1790441847034.563,276.925,307.747,1790441847620.206,Normal,0.9501
WIX,16808,20260926-185706_p4_c4_cuda_r3,2,perf_20260926-185706_p4_c4_cuda_r3,0,1,1790441846145,0,1790441847620.206,208.595,5.998,1790441847835.807,Normal,0.9403
WIX,16808,20260926-185706_p4_c4_cuda_r3,11,perf_20260926-185706_p4_c4_cuda_r3,0,2,1790441846648,0,1790441847835.807,27.621,150.801,1790441848015.24,OFFENSIVE,0.6827
WIX,16808,20260926-185706_p4_c4_cuda_r3,17,perf_20260926-185706_p4_c4_cuda_r3,0,3,1790441846979,0,1790441848016.237,27.483,13.693,1790441848058.415,Normal,0.9669
WIX,16808,20260926-185706_p4_c4_cuda_r3,18,perf_20260926-185706_p4_c4_cuda_r3,0,4,1790441847027,0,1790441848059.412,14.333,43.67,1790441848117.956,Normal,0.9406
WIX,16808,20260926-185706_p4_c4_cuda_r3,21,perf_20260926-185706_p4_c4_cuda_r3,0,5,1790441847201,0,1790441848121.954,10.0,45.008,1790441848177.96,Normal,0.9126
WIX,16808,20260926-185706_p4_c4_cuda_r3,23,perf_20260926-185706_p4_c4_cuda_r3,0,6,1790441847312,0,1790441848178.96,11.563,45.985,1790441848237.504,Normal,0.9264
WIX,16808,20260926-185706_p4_c4_cuda_r3,26,perf_20260926-185706_p4_c4_cuda_r3,0,7,1790441847470,0,1790441848238.503,12.997,44.531,1790441848297.033,Normal,0.8983
WIX,16808,20260926-185706_p4_c4_cuda_r3,27,perf_20260926-185706_p4_c4_cuda_r3,0,8,1790441847532,0,1790441848297.033,9.959,49.245,1790441848356.237,Normal,0.9605
WIX,16808,20260926-185706_p4_c4_cuda_r3,38,perf_20260926-185706_p4_c4_cuda_r3,0,9,1790441848140,0,1790441848358.502,8.013,46.153,1790441848412.667,Normal,0.9759
WIX,16808,20260926-185706_p4_c4_cuda_r3,41,perf_20260926-185706_p4_c4_cuda_r3,0,10,1790441848313,0,1790441848412.667,8.986,47.826,1790441848470.479,OFFENSIVE,0.7321
WIX,16808,20260926-185706_p4_c4_cuda_r3,42,perf_20260926-185706_p4_c4_cuda_r3,0,11,1790441848359,0,1790441848473.474,8.514,47.184,1790441848530.181,Normal,0.9516
WIX,16808,20260926-185706_p4_c4_cuda_r3,45,perf_20260926-185706_p4_c4_cuda_r3,0,12,1790441848531,0,1790441848533.278,8.021,47.826,1790441848589.125,Normal,0.6606
WIX,16808,20260926-185706_p4_c4_cuda_r3,48,perf_20260926-185706_p4_c4_cuda_r3,0,13,1790441848703,0,1790441848705.952,9.0,50.444,1790441848765.396,Normal,0.9513
WIX,16808,20260926-185706_p4_c4_cuda_r3,49,perf_20260926-185706_p4_c4_cuda_r3,0,14,1790441848751,0,1790441848768.424,11.488,46.827,1790441848827.737,Normal,0.9705
WIX,16808,20260926-185706_p4_c4_cuda_r3,51,perf_20260926-185706_p4_c4_cuda_r3,0,15,1790441848860,0,1790441848863.154,8.022,46.098,1790441848918.274,Normal,0.7349
WIX,16808,20260926-185706_p4_c4_cuda_r3,62,perf_20260926-185706_p4_c4_cuda_r3,0,16,1790441849470,0,1790441849472.756,8.318,44.479,1790441849525.553,Normal,0.9533
WIX,16808,20260926-185706_p4_c4_cuda_r3,63,perf_20260926-185706_p4_c4_cuda_r3,0,17,1790441849533,0,1790441849535.552,10.999,49.642,1790441849597.196,Normal,0.7402
WIX,16808,20260926-185706_p4_c4_cuda_r3,67,perf_20260926-185706_p4_c4_cuda_r3,0,18,1790441849755,0,1790441849757.492,9.041,50.849,1790441849817.382,Normal,0.9526
WIX,16808,20260926-185706_p4_c4_cuda_r3,68,perf_20260926-185706_p4_c4_cuda_r3,0,19,1790441849803,0,1790441849820.328,7.999,45.897,1790441849875.374,Normal,0.9052
WIX,16808,20260926-185706_p4_c4_cuda_r3,69,perf_20260926-185706_p4_c4_cuda_r3,0,20,1790441849866,0,1790441849878.37,8.539,45.895,1790441849932.804,Normal,0.9362
WIX,16808,20260926-185706_p4_c4_cuda_r3,76,perf_20260926-185706_p4_c4_cuda_r3,0,21,1790441850255,0,1790441850257.321,14.125,44.873,1790441850317.217,Normal,0.9494
WIX,16808,20260926-185706_p4_c4_cuda_r3,82,perf_20260926-185706_p4_c4_cuda_r3,0,22,1790441850580,0,1790441850582.968,15.664,46.092,1790441850644.723,Normal,0.9547
WIX,16808,20260926-185706_p4_c4_cuda_r3,85,perf_20260926-185706_p4_c4_cuda_r3,0,23,1790441850753,0,1790441850756.546,13.55,48.395,1790441850818.491,Normal,0.9656
WIX,16808,20260926-185706_p4_c4_cuda_r3,86,perf_20260926-185706_p4_c4_cuda_r3,0,24,1790441850816,0,1790441850821.012,11.529,49.965,1790441850883.509,Normal,0.8367
WIX,16808,20260926-185706_p4_c4_cuda_r3,89,perf_20260926-185706_p4_c4_cuda_r3,0,25,1790441850972,0,1790441850975.857,14.666,51.586,1790441851042.11,Normal,0.9375
WIX,16808,20260926-185706_p4_c4_cuda_r3,91,perf_20260926-185706_p4_c4_cuda_r3,0,26,1790441851082,0,1790441851083.814,13.561,51.197,1790441851149.126,Normal,0.5178
WIX,16808,20260926-185706_p4_c4_cuda_r3,93,perf_20260926-185706_p4_c4_cuda_r3,0,27,1790441851205,0,1790441851207.921,19.839,48.643,1790441851277.403,Normal,0.9203
WIX,16808,20260926-185706_p4_c4_cuda_r3,94,perf_20260926-185706_p4_c4_cuda_r3,0,28,1790441851252,0,1790441851279.91,13.068,48.272,1790441851342.252,Normal,0.9667
WIX,16808,20260926-185706_p4_c4_cuda_r3,95,perf_20260926-185706_p4_c4_cuda_r3,0,29,1790441851315,0,1790441851345.251,11.528,46.79,1790441851404.571,Normal,0.9526
WIX,16808,20260926-185706_p4_c4_cuda_r3,98,perf_20260926-185706_p4_c4_cuda_r3,0,30,1790441851471,0,1790441851473.634,11.997,46.116,1790441851531.747,Normal,0.9608
WIX,16808,20260926-185706_p4_c4_cuda_r3,103,perf_20260926-185706_p4_c4_cuda_r3,0,31,1790441851754,0,1790441851756.904,12.995,50.504,1790441851820.403,Normal,0.9584
WIX,16808,20260926-185706_p4_c4_cuda_r3,113,perf_20260926-185706_p4_c4_cuda_r3,0,32,1790441852314,0,1790441852317.079,12.01,46.06,1790441852376.136,Normal,0.9553
WIX,16808,20260926-185706_p4_c4_cuda_r3,116,perf_20260926-185706_p4_c4_cuda_r3,0,33,1790441852472,0,1790441852475.427,11.999,44.223,1790441852532.649,Normal,0.9618
WIX,16808,20260926-185706_p4_c4_cuda_r3,121,perf_20260926-185706_p4_c4_cuda_r3,0,34,1790441852754,0,1790441852757.595,21.497,43.195,1790441852822.287,Normal,0.8871
WIX,16808,20260926-185706_p4_c4_cuda_r3,122,perf_20260926-185706_p4_c4_cuda_r3,0,35,1790441852817,0,1790441852824.268,22.998,45.553,1790441852893.82,Normal,0.9763
WIX,16808,20260926-185706_p4_c4_cuda_r3,124,perf_20260926-185706_p4_c4_cuda_r3,0,36,1790441852928,0,1790441852930.009,20.024,45.99,1790441852997.023,Normal,0.9474
WIX,16808,20260926-185706_p4_c4_cuda_r3,125,perf_20260926-185706_p4_c4_cuda_r3,0,37,1790441852975,0,1790441852999.188,22.702,46.215,1790441853068.104,Normal,0.9226
WIX,16808,20260926-185706_p4_c4_cuda_r3,130,perf_20260926-185706_p4_c4_cuda_r3,0,38,1790441853257,0,1790441853259.532,20.997,48.797,1790441853330.837,Normal,0.8125
WIX,16808,20260926-185706_p4_c4_cuda_r3,131,perf_20260926-185706_p4_c4_cuda_r3,0,39,1790441853304,0,1790441853332.854,20.983,44.521,1790441853400.458,Normal,0.9665
WIX,16808,20260926-185706_p4_c4_cuda_r3,134,perf_20260926-185706_p4_c4_cuda_r3,0,40,1790441853476,0,1790441853479.219,22.259,46.959,1790441853549.369,Normal,0.9298
WIX,16808,20260926-185706_p4_c4_cuda_r3,135,perf_20260926-185706_p4_c4_cuda_r3,0,41,1790441853539,0,1790441853552.386,20.013,49.088,1790441853622.44,Normal,0.968
WIX,16808,20260926-185706_p4_c4_cuda_r3,136,perf_20260926-185706_p4_c4_cuda_r3,0,42,1790441853587,0,1790441853624.444,22.037,47.423,1790441853694.863,Normal,0.9343
WIX,16808,20260926-185706_p4_c4_cuda_r3,138,perf_20260926-185706_p4_c4_cuda_r3,0,43,1790441853699,0,1790441853701.972,28.523,45.776,1790441853777.271,Normal,0.899
WIX,16808,20260926-185706_p4_c4_cuda_r3,144,perf_20260926-185706_p4_c4_cuda_r3,0,44,1790441854027,0,1790441854029.447,24.0,45.304,1790441854098.751,Normal,0.9733
WIX,16808,20260926-185706_p4_c4_cuda_r3,145,perf_20260926-185706_p4_c4_cuda_r3,0,45,1790441854090,0,1790441854101.748,27.786,48.018,1790441854177.552,Normal,0.9424
WIX,16808,20260926-185706_p4_c4_cuda_r3,149,perf_20260926-185706_p4_c4_cuda_r3,0,46,1790441854307,0,1790441854309.461,142.069,46.429,1790441854498.662,Normal,0.9224
WIX,16808,20260926-185706_p4_c4_cuda_r3,154,perf_20260926-185706_p4_c4_cuda_r3,0,47,1790441854588,0,1790441854590.356,8.562,48.705,1790441854648.626,Normal,0.9163
WIX,16808,20260926-185706_p4_c4_cuda_r3,156,perf_20260926-185706_p4_c4_cuda_r3,0,48,1790441854698,0,1790441854700.877,9.995,47.778,1790441854760.148,Normal,0.9631
WIX,16808,20260926-185706_p4_c4_cuda_r3,158,perf_20260926-185706_p4_c4_cuda_r3,0,49,1790441854805,0,1790441854808.685,11.222,48.493,1790441854869.402,Normal,0.9327
WIX,16808,20260926-185706_p4_c4_cuda_r3,169,perf_20260926-185706_p4_c4_cuda_r3,0,50,1790441855418,0,1790441855420.516,8.979,49.183,1790441855479.68,Normal,0.8485
WIX,16808,20260926-185706_p4_c4_cuda_r3,181,perf_20260926-185706_p4_c4_cuda_r3,0,51,1790441856093,0,1790441856096.27,10.57,48.878,1790441856156.725,Normal,0.9797
WIX,16808,20260926-185706_p4_c4_cuda_r3,182,perf_20260926-185706_p4_c4_cuda_r3,0,52,1790441856141,0,1790441856159.714,8.019,44.8,1790441856213.513,Normal,0.9597
WIX,16808,20260926-185706_p4_c4_cuda_r3,186,perf_20260926-185706_p4_c4_cuda_r3,0,53,1790441856372,0,1790441856375.292,12.037,46.168,1790441856434.464,Normal,0.7583
WIX,16808,20260926-185706_p4_c4_cuda_r3,190,perf_20260926-185706_p4_c4_cuda_r3,0,54,1790441856592,0,1790441856596.969,12.185,46.165,1790441856656.018,Normal,0.9582
WIX,16808,20260926-185706_p4_c4_cuda_r3,195,perf_20260926-185706_p4_c4_cuda_r3,0,55,1790441856873,0,1790441856876.13,23.009,43.897,1790441856944.461,Normal,0.9401
WIX,16808,20260926-185706_p4_c4_cuda_r3,196,perf_20260926-185706_p4_c4_cuda_r3,0,56,1790441856918,0,1790441856947.464,21.994,48.087,1790441857019.639,Normal,0.968
WIX,16808,20260926-185706_p4_c4_cuda_r3,198,perf_20260926-185706_p4_c4_cuda_r3,0,57,1790441857028,0,1790441857030.212,19.998,47.943,1790441857098.153,Normal,0.9431
WIX,16808,20260926-185706_p4_c4_cuda_r3,199,perf_20260926-185706_p4_c4_cuda_r3,0,58,1790441857090,0,1790441857101.184,23.965,46.396,1790441857172.481,Normal,0.924
WIX,16808,20260926-185706_p4_c4_cuda_r3,204,perf_20260926-185706_p4_c4_cuda_r3,0,59,1790441857368,0,1790441857370.994,309.828,45.303,1790441857727.095,Normal,0.8864
WIX,16808,20260926-185706_p4_c4_cuda_r3,205,perf_20260926-185706_p4_c4_cuda_r3,0,60,1790441857415,0,1790441857730.098,20.524,47.049,1790441857798.627,Normal,0.9654
WIX,16808,20260926-185706_p4_c4_cuda_r3,214,perf_20260926-185706_p4_c4_cuda_r3,0,61,1790441857916,0,1790441857918.78,10.98,45.198,1790441857975.968,Normal,0.9527
WIX,16808,20260926-185706_p4_c4_cuda_r3,215,perf_20260926-185706_p4_c4_cuda_r3,0,62,1790441857977,0,1790441857979.967,8.057,44.071,1790441858032.095,Normal,0.8958
WIX,16808,20260926-185706_p4_c4_cuda_r3,219,perf_20260926-185706_p4_c4_cuda_r3,0,63,1790441858196,0,1790441858199.928,13.816,48.084,1790441858262.839,Normal,0.9736
WIX,16808,20260926-185706_p4_c4_cuda_r3,222,perf_20260926-185706_p4_c4_cuda_r3,0,64,1790441858369,0,1790441858371.932,9.28,46.744,1790441858427.956,Normal,0.9603
WIX,16808,20260926-185706_p4_c4_cuda_r3,226,perf_20260926-185706_p4_c4_cuda_r3,0,65,1790441858588,0,1790441858590.684,8.0,42.709,1790441858642.393,Normal,0.9627
WIX,16808,20260926-185706_p4_c4_cuda_r3,227,perf_20260926-185706_p4_c4_cuda_r3,0,66,1790441858651,0,1790441858653.419,10.513,44.108,1790441858709.047,Normal,0.9515
WIX,16808,20260926-185706_p4_c4_cuda_r3,231,perf_20260926-185706_p4_c4_cuda_r3,0,67,1790441858870,0,1790441858873.651,8.005,45.155,1790441858927.81,Normal,0.9381
WIX,16808,20260926-185706_p4_c4_cuda_r3,235,perf_20260926-185706_p4_c4_cuda_r3,0,68,1790441859088,0,1790441859090.481,8.01,47.642,1790441859147.133,Normal,0.9691
WIX,16808,20260926-185706_p4_c4_cuda_r3,237,perf_20260926-185706_p4_c4_cuda_r3,0,69,1790441859197,0,1790441859200.318,11.601,46.563,1790441859259.489,Normal,0.9615
WIX,16808,20260926-185706_p4_c4_cuda_r3,239,perf_20260926-185706_p4_c4_cuda_r3,0,70,1790441859304,0,1790441859307.018,6.494,47.598,1790441859361.663,Normal,0.5543
WIX,16808,20260926-185706_p4_c4_cuda_r3,242,perf_20260926-185706_p4_c4_cuda_r3,0,71,1790441859476,0,1790441859480.341,11.183,48.177,1790441859541.241,Normal,0.9572
WIX,16808,20260926-185706_p4_c4_cuda_r3,248,perf_20260926-185706_p4_c4_cuda_r3,0,72,1790441859804,0,1790441859806.603,13.528,46.564,1790441859866.695,Normal,0.9722
WIX,16808,20260926-185706_p4_c4_cuda_r3,254,perf_20260926-185706_p4_c4_cuda_r3,0,73,1790441860147,0,1790441860149.265,11.55,47.528,1790441860210.35,Normal,0.9008
WIX,16808,20260926-185706_p4_c4_cuda_r3,258,perf_20260926-185706_p4_c4_cuda_r3,0,74,1790441860367,0,1790441860370.475,13.048,46.879,1790441860431.543,Normal,0.9614
WIX,16808,20260926-185706_p4_c4_cuda_r3,259,perf_20260926-185706_p4_c4_cuda_r3,0,75,1790441860415,0,1790441860433.569,15.491,48.16,1790441860498.153,Normal,0.8939
WIX,16808,20260926-185706_p4_c4_cuda_r3,260,perf_20260926-185706_p4_c4_cuda_r3,0,76,1790441860477,0,1790441860501.136,12.095,45.775,1790441860559.007,Normal,0.8408
WIX,16808,20260926-185706_p4_c4_cuda_r3,262,perf_20260926-185706_p4_c4_cuda_r3,0,77,1790441860586,0,1790441860588.223,16.018,44.528,1790441860650.143,Normal,0.9674
WIX,16808,20260926-185706_p4_c4_cuda_r3,266,perf_20260926-185706_p4_c4_cuda_r3,0,78,1790441860803,0,1790441860805.984,14.555,45.351,1790441860866.414,Normal,0.9441
WIX,16808,20260926-185706_p4_c4_cuda_r3,269,perf_20260926-185706_p4_c4_cuda_r3,0,79,1790441860975,0,1790441860977.458,13.049,49.541,1790441861041.01,Normal,0.8515
WIX,16808,20260926-185706_p4_c4_cuda_r3,272,perf_20260926-185706_p4_c4_cuda_r3,0,80,1790441861147,0,1790441861149.496,22.997,46.08,1790441861218.573,Normal,0.9494
WIX,16808,20260926-185706_p4_c4_cuda_r3,280,perf_20260926-185706_p4_c4_cuda_r3,0,81,1790441861585,0,1790441861589.039,20.695,49.262,1790441861658.996,Normal,0.9608
WIX,16808,20260926-185706_p4_c4_cuda_r3,281,perf_20260926-185706_p4_c4_cuda_r3,0,82,1790441861647,0,1790441861661.793,23.152,47.604,1790441861732.549,Normal,0.7225
WIX,16808,20260926-185706_p4_c4_cuda_r3,286,perf_20260926-185706_p4_c4_cuda_r3,0,83,1790441861925,0,1790441861928.444,34.578,47.093,1790441862010.472,Normal,0.9702
WIX,16808,20260926-185706_p4_c4_cuda_r3,288,perf_20260926-185706_p4_c4_cuda_r3,0,84,1790441862035,0,1790441862038.514,22.092,44.252,1790441862105.425,Normal,0.9633
WIX,16808,20260926-185706_p4_c4_cuda_r3,293,perf_20260926-185706_p4_c4_cuda_r3,0,85,1790441862317,0,1790441862320.325,21.182,44.688,1790441862386.751,Normal,0.9719
WIX,16808,20260926-185706_p4_c4_cuda_r3,294,perf_20260926-185706_p4_c4_cuda_r3,0,86,1790441862365,0,1790441862389.343,19.57,45.775,1790441862456.197,Normal,0.9468
WIX,16808,20260926-185706_p4_c4_cuda_r3,295,perf_20260926-185706_p4_c4_cuda_r3,0,87,1790441862427,0,1790441862459.194,19.518,47.438,1790441862526.151,Normal,0.9468
WIX,16808,20260926-185706_p4_c4_cuda_r3,298,perf_20260926-185706_p4_c4_cuda_r3,0,88,1790441862584,0,1790441862587.349,21.827,47.771,1790441862656.948,OFFENSIVE,0.603
WIX,16808,20260926-185706_p4_c4_cuda_r3,304,perf_20260926-185706_p4_c4_cuda_r3,0,89,1790441862914,0,1790441862917.198,25.998,45.074,1790441862989.287,Normal,0.9652
WIX,16808,20260926-185706_p4_c4_cuda_r3,305,perf_20260926-185706_p4_c4_cuda_r3,0,90,1790441862978,0,1790441862991.286,20.508,46.139,1790441863058.941,Normal,0.9629
WIX,16808,20260926-185706_p4_c4_cuda_r3,308,perf_20260926-185706_p4_c4_cuda_r3,0,91,1790441863136,0,1790441863138.115,22.552,45.057,1790441863205.724,Normal,0.9277
WIX,16808,20260926-185706_p4_c4_cuda_r3,314,perf_20260926-185706_p4_c4_cuda_r3,0,92,1790441863480,0,1790441863483.191,27.094,47.132,1790441863558.372,Normal,0.9203
WIX,16808,20260926-185706_p4_c4_cuda_r3,319,perf_20260926-185706_p4_c4_cuda_r3,0,93,1790441863748,0,1790441863751.175,21.008,48.301,1790441863820.485,OFFENSIVE,0.4147
WIX,16808,20260926-185706_p4_c4_cuda_r3,323,perf_20260926-185706_p4_c4_cuda_r3,0,94,1790441863984,0,1790441863987.483,20.081,47.324,1790441864055.846,Normal,0.962
WIX,16808,20260926-185706_p4_c4_cuda_r3,326,perf_20260926-185706_p4_c4_cuda_r3,0,95,1790441864140,0,1790441864142.804,22.632,45.5,1790441864210.936,Normal,0.9126
WIX,16808,20260926-185706_p4_c4_cuda_r3,328,perf_20260926-185706_p4_c4_cuda_r3,0,96,1790441864252,0,1790441864254.795,21.991,44.622,1790441864321.407,Normal,0.945
WIX,16808,20260926-185706_p4_c4_cuda_r3,329,perf_20260926-185706_p4_c4_cuda_r3,0,97,1790441864314,0,1790441864324.409,21.634,45.122,1790441864392.217,Normal,0.9573
WIX,16808,20260926-185706_p4_c4_cuda_r3,333,perf_20260926-185706_p4_c4_cuda_r3,0,98,1790441864531,0,1790441864533.851,20.556,44.232,1790441864598.639,Normal,0.9775
WIX,16808,20260926-185706_p4_c4_cuda_r3,348,perf_20260926-185706_p4_c4_cuda_r3,0,99,1790441865360,0,1790441865362.99,20.971,45.98,1790441865430.944,Normal,0.8482
WIX,16808,20260926-185706_p4_c4_cuda_r3,350,perf_20260926-185706_p4_c4_cuda_r3,0,100,1790441865472,0,1790441865475.304,23.97,47.338,1790441865547.643,Normal,0.4517
WIX,16808,20260926-185706_p4_c4_cuda_r3,353,perf_20260926-185706_p4_c4_cuda_r3,0,101,1790441865645,0,1790441865647.77,21.625,46.485,1790441865717.054,Normal,0.9509
WIX,16808,20260926-185706_p4_c4_cuda_r3,360,perf_20260926-185706_p4_c4_cuda_r3,0,102,1790441866036,0,1790441866039.135,13.019,45.547,1790441866097.701,Normal,0.878
WIX,16808,20260926-185706_p4_c4_cuda_r3,366,perf_20260926-185706_p4_c4_cuda_r3,0,103,1790441866365,0,1790441866367.464,11.529,49.654,1790441866428.646,Normal,0.9119
WIX,16808,20260926-185706_p4_c4_cuda_r3,367,perf_20260926-185706_p4_c4_cuda_r3,0,104,1790441866427,0,1790441866431.647,10.998,48.695,1790441866492.437,Normal,0.9277
WIX,16808,20260926-185706_p4_c4_cuda_r3,372,perf_20260926-185706_p4_c4_cuda_r3,0,105,1790441866694,0,1790441866696.76,12.027,48.216,1790441866757.002,Normal,0.9565
WIX,16808,20260926-185706_p4_c4_cuda_r3,375,perf_20260926-185706_p4_c4_cuda_r3,0,106,1790441866867,0,1790441866869.349,11.955,50.731,1790441866932.034,Normal,0.9375
WIX,16808,20260926-185706_p4_c4_cuda_r3,376,perf_20260926-185706_p4_c4_cuda_r3,0,107,1790441866929,0,1790441866934.033,11.043,44.522,1790441866990.581,Normal,0.9475
WIX,16808,20260926-185706_p4_c4_cuda_r3,396,perf_20260926-185706_p4_c4_cuda_r3,0,108,1790441868035,0,1790441868037.455,22.748,45.282,1790441868106.055,Normal,0.9577
WIX,16808,20260926-185706_p4_c4_cuda_r3,399,perf_20260926-185706_p4_c4_cuda_r3,0,109,1790441868205,0,1790441868208.01,19.496,44.413,1790441868271.919,Normal,0.9375
WIX,16808,20260926-185706_p4_c4_cuda_r3,405,perf_20260926-185706_p4_c4_cuda_r3,0,110,1790441868528,0,1790441868530.378,19.839,49.168,1790441868599.949,Normal,0.9375
WIX,16808,20260926-185706_p4_c4_cuda_r3,412,perf_20260926-185706_p4_c4_cuda_r3,0,111,1790441868918,0,1790441868919.839,21.122,46.68,1790441868989.01,Normal,0.952
WIX,16808,20260926-185706_p4_c4_cuda_r3,417,perf_20260926-185706_p4_c4_cuda_r3,0,112,1790441869199,0,1790441869201.368,19.367,52.086,1790441869274.374,Normal,0.8853
WIX,16808,20260926-185706_p4_c4_cuda_r3,429,perf_20260926-185706_p4_c4_cuda_r3,0,113,1790441869867,0,1790441869869.684,24.028,47.763,1790441869942.447,Normal,0.9687
WIX,16808,20260926-185706_p4_c4_cuda_r3,432,perf_20260926-185706_p4_c4_cuda_r3,0,114,1790441870040,0,1790441870043.076,22.034,44.152,1790441870110.838,Normal,0.9627
WIX,16808,20260926-185706_p4_c4_cuda_r3,437,perf_20260926-185706_p4_c4_cuda_r3,0,115,1790441870306,0,1790441870308.31,99.833,48.156,1790441870457.27,Normal,0.974
WIX,16808,20260926-185706_p4_c4_cuda_r3,438,perf_20260926-185706_p4_c4_cuda_r3,0,116,1790441870369,0,1790441870460.306,11.585,49.984,1790441870522.832,Normal,0.949
WIX,16808,20260926-185706_p4_c4_cuda_r3,439,perf_20260926-185706_p4_c4_cuda_r3,0,117,1790441870417,0,1790441870522.832,15.179,51.661,1790441870589.672,OFFENSIVE,0.8204
WIX,16808,20260926-185706_p4_c4_cuda_r3,441,perf_20260926-185706_p4_c4_cuda_r3,0,118,1790441870526,0,1790441870591.633,167.234,45.52,1790441870804.913,Normal,0.9638
WIX,16808,20260926-185706_p4_c4_cuda_r3,447,perf_20260926-185706_p4_c4_cuda_r3,0,119,1790441870859,0,1790441870862.466,7.547,49.845,1790441870919.858,Normal,0.9534
WIX,16808,20260926-185706_p4_c4_cuda_r3,449,perf_20260926-185706_p4_c4_cuda_r3,0,120,1790441870984,0,1790441870986.725,8.999,45.646,1790441871041.371,Normal,0.945
WIX,16808,20260926-185706_p4_c4_cuda_r3,455,perf_20260926-185706_p4_c4_cuda_r3,0,121,1790441871309,0,1790441871311.939,7.02,47.803,1790441871368.055,Normal,0.951
WIX,16808,20260926-185706_p4_c4_cuda_r3,456,perf_20260926-185706_p4_c4_cuda_r3,0,122,1790441871372,0,1790441871374.482,9.049,44.597,1790441871429.076,Normal,0.9378
WIX,16808,20260926-185706_p4_c4_cuda_r3,462,perf_20260926-185706_p4_c4_cuda_r3,0,123,1790441871703,0,1790441871708.928,12.01,42.839,1790441871764.707,Normal,0.9375
WIX,16808,20260926-185706_p4_c4_cuda_r3,467,perf_20260926-185706_p4_c4_cuda_r3,0,124,1790441871983,0,1790441871986.954,7.996,46.583,1790441872041.533,Normal,0.9551
WIX,16808,20260926-185706_p4_c4_cuda_r3,470,perf_20260926-185706_p4_c4_cuda_r3,0,125,1790441872140,0,1790441872143.098,10.148,48.114,1790441872201.359,Normal,0.9582
WIX,16808,20260926-185706_p4_c4_cuda_r3,472,perf_20260926-185706_p4_c4_cuda_r3,0,126,1790441872250,0,1790441872253.052,9.078,51.017,1790441872313.147,Normal,0.9431
WIX,16808,20260926-185706_p4_c4_cuda_r3,479,perf_20260926-185706_p4_c4_cuda_r3,0,127,1790441872640,0,1790441872643.079,11.515,42.461,1790441872698.562,Normal,0.9557
WIX,16808,20260926-185706_p4_c4_cuda_r3,483,perf_20260926-185706_p4_c4_cuda_r3,0,128,1790441872859,0,1790441872861.907,15.009,50.772,1790441872928.702,Normal,0.6444
WIX,16808,20260926-185706_p4_c4_cuda_r3,485,perf_20260926-185706_p4_c4_cuda_r3,0,129,1790441872984,0,1790441872990.473,12.194,46.759,1790441873049.426,Normal,0.9253
WIX,16808,20260926-185706_p4_c4_cuda_r3,491,perf_20260926-185706_p4_c4_cuda_r3,0,130,1790441873313,0,1790441873316.109,11.001,46.843,1790441873374.968,Normal,0.479
WIX,16808,20260926-185706_p4_c4_cuda_r3,493,perf_20260926-185706_p4_c4_cuda_r3,0,131,1790441873422,0,1790441873425.618,19.183,47.415,1790441873494.173,Normal,0.96
WIX,16808,20260926-185706_p4_c4_cuda_r3,496,perf_20260926-185706_p4_c4_cuda_r3,0,132,1790441873594,0,1790441873596.725,12.384,47.942,1790441873657.589,Normal,0.9536
WIX,16808,20260926-185706_p4_c4_cuda_r3,500,perf_20260926-185706_p4_c4_cuda_r3,0,133,1790441873811,0,1790441873813.954,20.039,44.36,1790441873879.32,Normal,0.9509
WIX,16808,20260926-185706_p4_c4_cuda_r3,503,perf_20260926-185706_p4_c4_cuda_r3,0,134,1790441873984,0,1790441873987.337,20.022,46.119,1790441874053.479,Normal,0.9601
WIX,16808,20260926-185706_p4_c4_cuda_r3,512,perf_20260926-185706_p4_c4_cuda_r3,0,135,1790441874470,0,1790441874472.686,27.508,45.38,1790441874545.574,Normal,0.9021
WIX,16808,20260926-185706_p4_c4_cuda_r3,514,perf_20260926-185706_p4_c4_cuda_r3,0,136,1790441874580,0,1790441874583.294,19.804,45.397,1790441874649.032,Normal,0.968
WIX,16808,20260926-185706_p4_c4_cuda_r3,521,perf_20260926-185706_p4_c4_cuda_r3,0,137,1790441874973,0,1790441874976.062,27.6,46.359,1790441875050.983,Normal,0.9443
WIX,16808,20260926-185706_p4_c4_cuda_r3,525,perf_20260926-185706_p4_c4_cuda_r3,0,138,1790441875206,0,1790441875209.274,20.976,45.506,1790441875276.827,Normal,0.966
WIX,16808,20260926-185706_p4_c4_cuda_r3,527,perf_20260926-185706_p4_c4_cuda_r3,0,139,1790441875315,0,1790441875318.116,22.1,46.507,1790441875388.046,Normal,0.9741
WIX,16808,20260926-185706_p4_c4_cuda_r3,531,perf_20260926-185706_p4_c4_cuda_r3,0,140,1790441875536,0,1790441875539.002,19.71,47.041,1790441875605.753,Normal,0.9119
WIX,16808,20260926-185706_p4_c4_cuda_r3,534,perf_20260926-185706_p4_c4_cuda_r3,0,141,1790441875693,0,1790441875695.339,20.032,45.687,1790441875761.059,Normal,0.9592
WIX,16808,20260926-185706_p4_c4_cuda_r3,535,perf_20260926-185706_p4_c4_cuda_r3,0,142,1790441875756,0,1790441875763.062,22.517,49.36,1790441875836.226,Normal,0.9695
WIX,16808,20260926-185706_p4_c4_cuda_r3,541,perf_20260926-185706_p4_c4_cuda_r3,0,143,1790441876085,0,1790441876088.37,22.003,47.392,1790441876158.745,OFFENSIVE,0.924
WIX,16808,20260926-185706_p4_c4_cuda_r3,546,perf_20260926-185706_p4_c4_cuda_r3,0,144,1790441876366,0,1790441876368.043,23.268,48.611,1790441876440.878,Normal,0.9645
WIX,16808,20260926-185706_p4_c4_cuda_r3,549,perf_20260926-185706_p4_c4_cuda_r3,0,145,1790441876538,0,1790441876540.81,21.26,51.137,1790441876613.863,Normal,0.9439
WIX,16808,20260926-185706_p4_c4_cuda_r3,550,perf_20260926-185706_p4_c4_cuda_r3,0,146,1790441876584,0,1790441876615.863,22.1,45.449,1790441876684.375,Normal,0.957
WIX,16808,20260926-185706_p4_c4_cuda_r3,553,perf_20260926-185706_p4_c4_cuda_r3,0,147,1790441876758,0,1790441876761.551,19.008,49.444,1790441876830.892,HATE,0.4958
WIX,16808,20260926-185706_p4_c4_cuda_r3,554,perf_20260926-185706_p4_c4_cuda_r3,0,148,1790441876805,0,1790441876833.926,22.001,46.42,1790441876903.298,Normal,0.9743
WIX,16808,20260926-185706_p4_c4_cuda_r3,558,perf_20260926-185706_p4_c4_cuda_r3,0,149,1790441877026,0,1790441877029.536,227.53,46.418,1790441877304.485,Normal,0.6794
WIX,16808,20260926-185706_p4_c4_cuda_r3,563,perf_20260926-185706_p4_c4_cuda_r3,0,150,1790441877311,0,1790441877313.488,10.999,49.158,1790441877374.646,Normal,0.7933
WIX,16808,20260926-185706_p4_c4_cuda_r3,566,perf_20260926-185706_p4_c4_cuda_r3,0,151,1790441877481,0,1790441877483.835,11.51,43.473,1790441877539.817,Normal,0.9622
WIX,16808,20260926-185706_p4_c4_cuda_r3,570,perf_20260926-185706_p4_c4_cuda_r3,0,152,1790441877702,0,1790441877704.607,7.986,47.562,1790441877761.019,Normal,0.9584
WIX,16808,20260926-185706_p4_c4_cuda_r3,572,perf_20260926-185706_p4_c4_cuda_r3,0,153,1790441877811,0,1790441877813.563,8.0,48.945,1790441877871.347,Normal,0.8979
WIX,16808,20260926-185706_p4_c4_cuda_r3,574,perf_20260926-185706_p4_c4_cuda_r3,0,154,1790441877920,0,1790441877922.781,9.007,47.503,1790441877979.291,Normal,0.9433
WIX,16808,20260926-185706_p4_c4_cuda_r3,581,perf_20260926-185706_p4_c4_cuda_r3,0,155,1790441878310,0,1790441878312.518,9.04,45.948,1790441878368.494,Normal,0.9318
WIX,16808,20260926-185706_p4_c4_cuda_r3,583,perf_20260926-185706_p4_c4_cuda_r3,0,156,1790441878421,0,1790441878423.63,10.005,48.427,1790441878483.737,Normal,0.9451
WIX,16808,20260926-185706_p4_c4_cuda_r3,584,perf_20260926-185706_p4_c4_cuda_r3,0,157,1790441878483,0,1790441878486.779,7.961,46.366,1790441878541.106,Normal,0.9309
WIX,16808,20260926-185706_p4_c4_cuda_r3,588,perf_20260926-185706_p4_c4_cuda_r3,0,158,1790441878702,0,1790441878705.786,11.984,43.755,1790441878761.525,Normal,0.9309
WIX,16808,20260926-185706_p4_c4_cuda_r3,593,perf_20260926-185706_p4_c4_cuda_r3,0,159,1790441878982,0,1790441878985.418,9.037,47.121,1790441879043.013,Normal,0.9603
WIX,16808,20260926-185706_p4_c4_cuda_r3,596,perf_20260926-185706_p4_c4_cuda_r3,0,160,1790441879140,0,1790441879142.702,14.11,47.255,1790441879204.067,Normal,0.9716
WIX,16808,20260926-185706_p4_c4_cuda_r3,598,perf_20260926-185706_p4_c4_cuda_r3,0,161,1790441879249,0,1790441879252.411,11.676,43.659,1790441879308.289,Normal,0.9688
WIX,16808,20260926-185706_p4_c4_cuda_r3,599,perf_20260926-185706_p4_c4_cuda_r3,0,162,1790441879311,0,1790441879313.827,10.773,48.931,1790441879374.531,Normal,0.925
WIX,16808,20260926-185706_p4_c4_cuda_r3,600,perf_20260926-185706_p4_c4_cuda_r3,0,163,1790441879373,0,1790441879376.544,36.234,47.266,1790441879461.05,Normal,0.9785
WIX,16808,20260926-185706_p4_c4_cuda_r3,602,perf_20260926-185706_p4_c4_cuda_r3,0,164,1790441879484,0,1790441879486.846,11.523,47.994,1790441879547.365,Normal,0.9622
WIX,16808,20260926-185706_p4_c4_cuda_r3,603,perf_20260926-185706_p4_c4_cuda_r3,0,165,1790441879531,0,1790441879550.392,10.542,49.747,1790441879611.658,Normal,0.9309
WIX,16808,20260926-185706_p4_c4_cuda_r3,604,perf_20260926-185706_p4_c4_cuda_r3,0,166,1790441879592,0,1790441879614.693,13.023,46.605,1790441879675.259,Normal,0.9716
WIX,16808,20260926-185706_p4_c4_cuda_r3,607,perf_20260926-185706_p4_c4_cuda_r3,0,167,1790441879749,0,1790441879752.655,13.273,47.511,1790441879813.987,Normal,0.91
WIX,16808,20260926-185706_p4_c4_cuda_r3,608,perf_20260926-185706_p4_c4_cuda_r3,0,168,1790441879812,0,1790441879815.985,11.997,45.709,1790441879874.354,Normal,0.9577
WIX,16808,20260926-185706_p4_c4_cuda_r3,611,perf_20260926-185706_p4_c4_cuda_r3,0,169,1790441879982,0,1790441879984.935,16.512,45.745,1790441880047.192,Normal,0.9485
WIX,16808,20260926-185706_p4_c4_cuda_r3,615,perf_20260926-185706_p4_c4_cuda_r3,0,170,1790441880201,0,1790441880203.34,13.001,43.871,1790441880260.213,Normal,0.968
WIX,16808,20260926-185706_p4_c4_cuda_r3,617,perf_20260926-185706_p4_c4_cuda_r3,0,171,1790441880309,0,1790441880311.741,11.996,44.88,1790441880368.617,Normal,0.9299
WIX,16808,20260926-185706_p4_c4_cuda_r3,625,perf_20260926-185706_p4_c4_cuda_r3,0,172,1790441880749,0,1790441880752.931,21.706,43.729,1790441880818.366,Normal,0.9415
WIX,16808,20260926-185706_p4_c4_cuda_r3,628,perf_20260926-185706_p4_c4_cuda_r3,0,173,1790441880921,0,1790441880924.093,20.996,46.304,1790441880992.997,Normal,0.96
WIX,16808,20260926-185706_p4_c4_cuda_r3,633,perf_20260926-185706_p4_c4_cuda_r3,0,174,1790441881204,0,1790441881206.744,21.007,44.126,1790441881272.832,Normal,0.9468
WIX,16808,20260926-185706_p4_c4_cuda_r3,635,perf_20260926-185706_p4_c4_cuda_r3,0,175,1790441881314,0,1790441881317.108,20.996,44.902,1790441881384.026,OFFENSIVE,0.6056
WIX,16808,20260926-185706_p4_c4_cuda_r3,640,perf_20260926-185706_p4_c4_cuda_r3,0,176,1790441881595,0,1790441881598.554,22.087,46.012,1790441881667.198,Normal,0.9715
WIX,16808,20260926-185706_p4_c4_cuda_r3,641,perf_20260926-185706_p4_c4_cuda_r3,0,177,1790441881642,0,1790441881670.004,26.966,43.577,1790441881741.55,Normal,0.9002
WIX,16808,20260926-185706_p4_c4_cuda_r3,642,perf_20260926-185706_p4_c4_cuda_r3,0,178,1790441881705,0,1790441881743.549,320.857,46.259,1790441882110.665,Normal,0.965
WIX,16808,20260926-185706_p4_c4_cuda_r3,644,perf_20260926-185706_p4_c4_cuda_r3,0,179,1790441881817,0,1790441882113.667,10.027,54.46,1790441882179.125,OFFENSIVE,0.7481
WIX,16808,20260926-185706_p4_c4_cuda_r3,646,perf_20260926-185706_p4_c4_cuda_r3,0,180,1790441881926,0,1790441882180.124,28.507,48.732,1790441882258.365,Normal,0.9812
WIX,16808,20260926-185706_p4_c4_cuda_r3,649,perf_20260926-185706_p4_c4_cuda_r3,0,181,1790441882084,0,1790441882258.365,7.999,45.908,1790441882312.273,Normal,0.8781
WIX,16808,20260926-185706_p4_c4_cuda_r3,665,perf_20260926-185706_p4_c4_cuda_r3,0,182,1790441882975,0,1790441882977.593,7.776,44.112,1790441883029.482,Normal,0.9482
WIX,16808,20260926-185706_p4_c4_cuda_r3,668,perf_20260926-185706_p4_c4_cuda_r3,0,183,1790441883149,0,1790441883152.677,8.029,47.041,1790441883208.752,Normal,0.9348
WIX,16808,20260926-185706_p4_c4_cuda_r3,670,perf_20260926-185706_p4_c4_cuda_r3,0,184,1790441883258,0,1790441883261.009,8.538,45.246,1790441883315.791,Normal,0.9423
WIX,16808,20260926-185706_p4_c4_cuda_r3,673,perf_20260926-185706_p4_c4_cuda_r3,0,185,1790441883415,0,1790441883417.152,9.107,50.965,1790441883477.224,Normal,0.8782
WIX,16808,20260926-185706_p4_c4_cuda_r3,675,perf_20260926-185706_p4_c4_cuda_r3,0,186,1790441883540,0,1790441883543.031,7.708,47.95,1790441883598.689,Normal,0.9635
WIX,16808,20260926-185706_p4_c4_cuda_r3,677,perf_20260926-185706_p4_c4_cuda_r3,0,187,1790441883649,0,1790441883652.219,8.056,50.879,1790441883711.153,Normal,0.873
WIX,16808,20260926-185706_p4_c4_cuda_r3,679,perf_20260926-185706_p4_c4_cuda_r3,0,188,1790441883759,0,1790441883762.699,11.591,44.717,1790441883820.021,Normal,0.8328
WIX,16808,20260926-185706_p4_c4_cuda_r3,681,perf_20260926-185706_p4_c4_cuda_r3,0,189,1790441883869,0,1790441883870.725,12.002,47.272,1790441883929.999,Normal,0.4505
WIX,16808,20260926-185706_p4_c4_cuda_r3,683,perf_20260926-185706_p4_c4_cuda_r3,0,190,1790441883977,0,1790441883980.503,10.602,50.975,1790441884043.04,Normal,0.9375
WIX,16808,20260926-185706_p4_c4_cuda_r3,685,perf_20260926-185706_p4_c4_cuda_r3,0,191,1790441884086,0,1790441884088.74,11.005,47.349,1790441884148.096,Normal,0.8661
WIX,16808,20260926-185706_p4_c4_cuda_r3,689,perf_20260926-185706_p4_c4_cuda_r3,0,192,1790441884307,0,1790441884310.075,13.996,47.899,1790441884371.97,Normal,0.9648
WIX,16808,20260926-185706_p4_c4_cuda_r3,691,perf_20260926-185706_p4_c4_cuda_r3,0,193,1790441884417,0,1790441884420.699,11.986,43.694,1790441884477.381,Normal,0.9507
WIX,16808,20260926-185706_p4_c4_cuda_r3,696,perf_20260926-185706_p4_c4_cuda_r3,0,194,1790441884698,0,1790441884700.637,13.532,42.805,1790441884756.974,Normal,0.8469
WIX,16808,20260926-185706_p4_c4_cuda_r3,702,perf_20260926-185706_p4_c4_cuda_r3,0,195,1790441885028,0,1790441885030.353,12.998,47.598,1790441885092.585,Normal,0.9045
WIX,16808,20260926-185706_p4_c4_cuda_r3,704,perf_20260926-185706_p4_c4_cuda_r3,0,196,1790441885140,0,1790441885142.729,12.001,47.642,1790441885203.374,Normal,0.9393
WIX,16808,20260926-185706_p4_c4_cuda_r3,705,perf_20260926-185706_p4_c4_cuda_r3,0,197,1790441885202,0,1790441885206.369,15.594,46.046,1790441885268.984,Normal,0.9779
WIX,16808,20260926-185706_p4_c4_cuda_r3,713,perf_20260926-185706_p4_c4_cuda_r3,0,198,1790441885640,0,1790441885642.9,12.008,46.16,1790441885701.068,Normal,0.9423
WIX,16808,20260926-185706_p4_c4_cuda_r3,715,perf_20260926-185706_p4_c4_cuda_r3,0,199,1790441885751,0,1790441885753.285,14.08,46.454,1790441885813.819,Normal,0.9775
WIX,16808,20260926-185706_p4_c4_cuda_r3,718,perf_20260926-185706_p4_c4_cuda_r3,0,200,1790441885924,0,1790441885927.459,28.985,46.745,1790441886004.166,Normal,0.9615
WIX,16808,20260926-185706_p4_c4_cuda_r3,729,perf_20260926-185706_p4_c4_cuda_r3,0,201,1790441886534,0,1790441886537.056,23.307,43.894,1790441886604.257,Normal,0.9701
WIX,16808,20260926-185706_p4_c4_cuda_r3,737,perf_20260926-185706_p4_c4_cuda_r3,0,202,1790441886975,0,1790441886977.069,21.821,43.555,1790441887043.453,Normal,0.9728
WIX,16808,20260926-185706_p4_c4_cuda_r3,740,perf_20260926-185706_p4_c4_cuda_r3,0,203,1790441887148,0,1790441887151.253,22.004,43.612,1790441887216.868,Normal,0.9728
WIX,16808,20260926-185706_p4_c4_cuda_r3,744,perf_20260926-185706_p4_c4_cuda_r3,0,204,1790441887367,0,1790441887369.696,20.539,46.364,1790441887437.599,Normal,0.9621
WIX,16808,20260926-185706_p4_c4_cuda_r3,745,perf_20260926-185706_p4_c4_cuda_r3,0,205,1790441887415,0,1790441887440.6,21.42,46.479,1790441887509.052,Normal,0.9735
WIX,16808,20260926-185706_p4_c4_cuda_r3,749,perf_20260926-185706_p4_c4_cuda_r3,0,206,1790441887652,0,1790441887654.811,27.93,43.253,1790441887725.993,Normal,0.9792
WIX,16808,20260926-185706_p4_c4_cuda_r3,750,perf_20260926-185706_p4_c4_cuda_r3,0,207,1790441887698,0,1790441887728.317,18.876,45.819,1790441887793.012,Normal,0.9561
WIX,16808,20260926-185706_p4_c4_cuda_r3,753,perf_20260926-185706_p4_c4_cuda_r3,0,208,1790441887869,0,1790441887872.218,19.011,45.688,1790441887937.906,Normal,0.9302
WIX,16808,20260926-185706_p4_c4_cuda_r3,759,perf_20260926-185706_p4_c4_cuda_r3,0,209,1790441888196,0,1790441888199.257,22.605,43.955,1790441888266.77,Normal,0.9634
WIX,16808,20260926-185706_p4_c4_cuda_r3,761,perf_20260926-185706_p4_c4_cuda_r3,0,210,1790441888306,0,1790441888309.578,21.593,48.427,1790441888380.6,Normal,0.9607
WIX,16808,20260926-185706_p4_c4_cuda_r3,765,perf_20260926-185706_p4_c4_cuda_r3,0,211,1790441888540,0,1790441888543.134,21.013,45.029,1790441888609.176,Normal,0.9566
WIX,16808,20260926-185706_p4_c4_cuda_r3,767,perf_20260926-185706_p4_c4_cuda_r3,0,212,1790441888649,0,1790441888652.027,21.599,45.508,1790441888720.079,Normal,0.9574
WIX,16808,20260926-185706_p4_c4_cuda_r3,770,perf_20260926-185706_p4_c4_cuda_r3,0,213,1790441888806,0,1790441888808.986,21.531,46.91,1790441888879.159,Normal,0.9588
WIX,16808,20260926-185706_p4_c4_cuda_r3,771,perf_20260926-185706_p4_c4_cuda_r3,0,214,1790441888870,0,1790441888881.164,21.999,44.555,1790441888948.715,Normal,0.9038
WIX,16808,20260926-185706_p4_c4_cuda_r3,780,perf_20260926-185706_p4_c4_cuda_r3,0,215,1790441889369,0,1790441889372.843,22.702,43.256,1790441889439.373,Normal,0.943
WIX,16808,20260926-185706_p4_c4_cuda_r3,784,perf_20260926-185706_p4_c4_cuda_r3,0,216,1790441889588,0,1790441889591.243,24.224,49.778,1790441889665.246,Normal,0.9723
WIX,16808,20260926-185706_p4_c4_cuda_r3,785,perf_20260926-185706_p4_c4_cuda_r3,0,217,1790441889651,0,1790441889667.77,19.754,50.578,1790441889739.078,Normal,0.9153
WIX,16808,20260926-185706_p4_c4_cuda_r3,787,perf_20260926-185706_p4_c4_cuda_r3,0,218,1790441889759,0,1790441889762.322,21.026,47.615,1790441889830.963,Normal,0.9403
WIX,16808,20260926-185706_p4_c4_cuda_r3,789,perf_20260926-185706_p4_c4_cuda_r3,0,219,1790441889870,0,1790441889873.209,23.016,44.303,1790441889941.347,Normal,0.9749
WIX,16808,20260926-185706_p4_c4_cuda_r3,795,perf_20260926-185706_p4_c4_cuda_r3,0,220,1790441890199,0,1790441890202.518,27.836,48.259,1790441890278.613,Normal,0.9597
WIX,16808,20260926-185706_p4_c4_cuda_r3,799,perf_20260926-185706_p4_c4_cuda_r3,0,221,1790441890416,0,1790441890419.344,19.598,46.37,1790441890485.312,Normal,0.9473
WIX,16808,20260926-185706_p4_c4_cuda_r3,804,perf_20260926-185706_p4_c4_cuda_r3,0,222,1790441890700,0,1790441890702.573,21.002,42.997,1790441890768.321,Normal,0.9588
WIX,16808,20260926-185706_p4_c4_cuda_r3,806,perf_20260926-185706_p4_c4_cuda_r3,0,223,1790441890808,0,1790441890810.89,19.524,48.186,1790441890878.599,Normal,0.9058
WIX,16808,20260926-185706_p4_c4_cuda_r3,811,perf_20260926-185706_p4_c4_cuda_r3,0,224,1790441891090,0,1790441891092.757,23.055,46.313,1790441891163.566,Normal,0.9595
WIX,16808,20260926-185706_p4_c4_cuda_r3,818,perf_20260926-185706_p4_c4_cuda_r3,0,225,1790441891480,0,1790441891482.691,30.096,49.042,1790441891562.981,Normal,0.9659
WIX,16808,20260926-185706_p4_c4_cuda_r3,821,perf_20260926-185706_p4_c4_cuda_r3,0,226,1790441891635,0,1790441891638.039,12.05,46.106,1790441891696.705,Normal,0.9181
WIX,16808,20260926-185706_p4_c4_cuda_r3,825,perf_20260926-185706_p4_c4_cuda_r3,0,227,1790441891868,0,1790441891870.94,13.09,43.427,1790441891928.236,Normal,0.5716
WIX,16808,20260926-185706_p4_c4_cuda_r3,834,perf_20260926-185706_p4_c4_cuda_r3,0,228,1790441892368,0,1790441892370.928,13.99,48.109,1790441892434.028,Normal,0.9455
WIX,16808,20260926-185706_p4_c4_cuda_r3,850,perf_20260926-185706_p4_c4_cuda_r3,0,229,1790441893250,0,1790441893253.515,11.044,47.172,1790441893312.718,Normal,0.952
WIX,16808,20260926-185706_p4_c4_cuda_r3,856,perf_20260926-185706_p4_c4_cuda_r3,0,230,1790441893581,0,1790441893584.024,19.585,48.134,1790441893652.284,Normal,0.9119
WIX,16808,20260926-185706_p4_c4_cuda_r3,863,perf_20260926-185706_p4_c4_cuda_r3,0,231,1790441893970,0,1790441893973.747,28.315,48.637,1790441894051.279,Normal,0.9717
WIX,16808,20260926-185706_p4_c4_cuda_r3,864,perf_20260926-185706_p4_c4_cuda_r3,0,232,1790441894032,0,1790441894054.031,19.066,50.455,1790441894125.061,Normal,0.9475
WIX,16808,20260926-185706_p4_c4_cuda_r3,866,perf_20260926-185706_p4_c4_cuda_r3,0,233,1790441894142,0,1790441894144.549,23.102,44.003,1790441894212.65,Normal,0.9618
WIX,16808,20260926-185706_p4_c4_cuda_r3,868,perf_20260926-185706_p4_c4_cuda_r3,0,234,1790441894251,0,1790441894254.437,21.68,47.847,1790441894324.963,Normal,0.9662
WIX,16808,20260926-185706_p4_c4_cuda_r3,869,perf_20260926-185706_p4_c4_cuda_r3,0,235,1790441894313,0,1790441894328.094,21.638,44.311,1790441894395.057,Normal,0.8865
WIX,16808,20260926-185706_p4_c4_cuda_r3,871,perf_20260926-185706_p4_c4_cuda_r3,0,236,1790441894423,0,1790441894427.302,29.063,50.471,1790441894506.836,Normal,0.9409
WIX,16808,20260926-185706_p4_c4_cuda_r3,876,perf_20260926-185706_p4_c4_cuda_r3,0,237,1790441894706,0,1790441894709.133,19.786,49.762,1790441894779.23,Normal,0.933
WIX,16808,20260926-185706_p4_c4_cuda_r3,878,perf_20260926-185706_p4_c4_cuda_r3,0,238,1790441894817,0,1790441894819.337,10.996,43.127,1790441894874.977,Normal,0.9284
WIX,16808,20260926-185706_p4_c4_cuda_r3,884,perf_20260926-185706_p4_c4_cuda_r3,0,239,1790441895145,0,1790441895148.956,12.038,44.739,1790441895206.74,Normal,0.9359
WIX,16808,20260926-185706_p4_c4_cuda_r3,885,perf_20260926-185706_p4_c4_cuda_r3,0,240,1790441895192,0,1790441895208.912,10.997,46.321,1790441895267.235,Normal,0.6276
WIX,16808,20260926-185706_p4_c4_cuda_r3,887,perf_20260926-185706_p4_c4_cuda_r3,0,241,1790441895303,0,1790441895305.905,14.009,46.702,1790441895367.623,Normal,0.9665
WIX,16808,20260926-185706_p4_c4_cuda_r3,888,perf_20260926-185706_p4_c4_cuda_r3,0,242,1790441895365,0,1790441895370.621,10.997,47.731,1790441895429.349,Normal,0.9025
WIX,16808,20260926-185706_p4_c4_cuda_r3,890,perf_20260926-185706_p4_c4_cuda_r3,0,243,1790441895478,0,1790441895480.254,12.188,46.454,1790441895539.896,OFFENSIVE,0.4388
WIX,16808,20260926-185706_p4_c4_cuda_r3,892,perf_20260926-185706_p4_c4_cuda_r3,0,244,1790441895588,0,1790441895591.122,12.249,48.279,1790441895652.256,Normal,0.9301
WIX,16808,20260926-185706_p4_c4_cuda_r3,895,perf_20260926-185706_p4_c4_cuda_r3,0,245,1790441895760,0,1790441895763.297,12.04,47.321,1790441895823.873,Normal,0.973
WIX,16808,20260926-185706_p4_c4_cuda_r3,896,perf_20260926-185706_p4_c4_cuda_r3,0,246,1790441895808,0,1790441895826.912,11.605,47.379,1790441895886.858,Normal,0.9572
WIX,16808,20260926-185706_p4_c4_cuda_r3,902,perf_20260926-185706_p4_c4_cuda_r3,0,247,1790441896136,0,1790441896138.845,11.052,48.767,1790441896198.664,Normal,0.9594
WIX,16808,20260926-185706_p4_c4_cuda_r3,904,perf_20260926-185706_p4_c4_cuda_r3,0,248,1790441896262,0,1790441896264.642,13.044,44.673,1790441896322.358,Normal,0.9663
WIX,16808,20260926-185706_p4_c4_cuda_r3,909,perf_20260926-185706_p4_c4_cuda_r3,0,249,1790441896528,0,1790441896530.884,13.646,43.252,1790441896588.342,Normal,0.9232
WIX,16808,20260926-185706_p4_c4_cuda_r3,917,perf_20260926-185706_p4_c4_cuda_r3,0,250,1790441896983,0,1790441896985.885,186.235,43.117,1790441897215.237,Normal,0.9173
WIX,16808,20260926-185706_p4_c4_cuda_r3,918,perf_20260926-185706_p4_c4_cuda_r3,0,251,1790441897030,0,1790441897218.24,15.007,48.687,1790441897281.933,Normal,0.9121
WIX,16808,20260926-185706_p4_c4_cuda_r3,920,perf_20260926-185706_p4_c4_cuda_r3,0,252,1790441897141,0,1790441897282.934,8.518,48.902,1790441897340.971,Normal,0.9175
WIX,16808,20260926-185706_p4_c4_cuda_r3,926,perf_20260926-185706_p4_c4_cuda_r3,0,253,1790441897470,0,1790441897473.37,9.003,49.578,1790441897531.951,Normal,0.9556
WIX,16808,20260926-185706_p4_c4_cuda_r3,931,perf_20260926-185706_p4_c4_cuda_r3,0,254,1790441897751,0,1790441897754.453,8.023,49.26,1790441897812.708,Normal,0.9641
WIX,16808,20260926-185706_p4_c4_cuda_r3,937,perf_20260926-185706_p4_c4_cuda_r3,0,255,1790441898095,0,1790441898098.414,7.967,43.261,1790441898149.642,Normal,0.9627
WIX,16808,20260926-185706_p4_c4_cuda_r3,945,perf_20260926-185706_p4_c4_cuda_r3,0,256,1790441898531,0,1790441898533.755,7.993,45.241,1790441898588.008,Normal,0.8866
WIX,16808,20260926-185706_p4_c4_cuda_r3,954,perf_20260926-185706_p4_c4_cuda_r3,0,257,1790441899033,0,1790441899036.401,12.037,47.592,1790441899096.03,Normal,0.8312
WIX,16808,20260926-185706_p4_c4_cuda_r3,957,perf_20260926-185706_p4_c4_cuda_r3,0,258,1790441899205,0,1790441899207.641,12.998,43.275,1790441899264.524,Normal,0.9526
WIX,16808,20260926-185706_p4_c4_cuda_r3,962,perf_20260926-185706_p4_c4_cuda_r3,0,259,1790441899484,0,1790441899486.164,14.414,44.814,1790441899546.202,Normal,0.9475
WIX,16808,20260926-185706_p4_c4_cuda_r3,968,perf_20260926-185706_p4_c4_cuda_r3,0,260,1790441899815,0,1790441899817.868,16.968,49.399,1790441899885.33,Normal,0.9252
WIX,16808,20260926-185706_p4_c4_cuda_r3,974,perf_20260926-185706_p4_c4_cuda_r3,0,261,1790441900145,0,1790441900147.917,15.487,45.406,1790441900208.81,Normal,0.9451
WIX,16808,20260926-185706_p4_c4_cuda_r3,975,perf_20260926-185706_p4_c4_cuda_r3,0,262,1790441900193,0,1790441900211.419,13.002,48.216,1790441900273.602,Normal,0.959
WIX,16808,20260926-185706_p4_c4_cuda_r3,990,perf_20260926-185706_p4_c4_cuda_r3,0,263,1790441901025,0,1790441901027.798,24.079,45.687,1790441901097.564,Normal,0.4942
WIX,16808,20260926-185706_p4_c4_cuda_r3,992,perf_20260926-185706_p4_c4_cuda_r3,0,264,1790441901150,0,1790441901153.227,19.259,47.4,1790441901220.854,Normal,0.9375
WIX,16808,20260926-185706_p4_c4_cuda_r3,993,perf_20260926-185706_p4_c4_cuda_r3,0,265,1790441901197,0,1790441901223.897,23.014,46.651,1790441901293.562,Normal,0.7998
WIX,16808,20260926-185706_p4_c4_cuda_r3,996,perf_20260926-185706_p4_c4_cuda_r3,0,266,1790441901371,0,1790441901374.178,23.0,46.106,1790441901444.406,Normal,0.9779
WIX,16808,20260926-185706_p4_c4_cuda_r3,1001,perf_20260926-185706_p4_c4_cuda_r3,0,267,1790441901637,0,1790441901640.944,29.808,45.427,1790441901717.135,HATE,0.4494
WIX,16808,20260926-185706_p4_c4_cuda_r3,1004,perf_20260926-185706_p4_c4_cuda_r3,0,268,1790441901809,0,1790441901812.812,23.166,49.135,1790441901886.115,Normal,0.9589
WIX,16808,20260926-185706_p4_c4_cuda_r3,1005,perf_20260926-185706_p4_c4_cuda_r3,0,269,1790441901872,0,1790441901889.112,19.658,43.002,1790441901952.774,Normal,0.9375
WIX,16808,20260926-185706_p4_c4_cuda_r3,1009,perf_20260926-185706_p4_c4_cuda_r3,0,270,1790441902091,0,1790441902094.828,98.82,45.13,1790441902238.778,Normal,0.8075
WIX,16808,20260926-185706_p4_c4_cuda_r3,1015,perf_20260926-185706_p4_c4_cuda_r3,0,271,1790441902417,0,1790441902420.452,8.003,46.32,1790441902475.775,Normal,0.9494
WIX,16808,20260926-185706_p4_c4_cuda_r3,1016,perf_20260926-185706_p4_c4_cuda_r3,0,272,1790441902481,0,1790441902483.225,7.013,46.185,1790441902538.001,Normal,0.9551
WIX,16808,20260926-185706_p4_c4_cuda_r3,1021,perf_20260926-185706_p4_c4_cuda_r3,0,273,1790441902749,0,1790441902752.137,11.496,49.033,1790441902812.667,Normal,0.9812
WIX,16808,20260926-185706_p4_c4_cuda_r3,1023,perf_20260926-185706_p4_c4_cuda_r3,0,274,1790441902859,0,1790441902861.343,8.999,47.583,1790441902918.929,Normal,0.9778
WIX,16808,20260926-185706_p4_c4_cuda_r3,1026,perf_20260926-185706_p4_c4_cuda_r3,0,275,1790441903031,0,1790441903034.6,8.017,45.939,1790441903089.406,Normal,0.973
WIX,16808,20260926-185706_p4_c4_cuda_r3,1031,perf_20260926-185706_p4_c4_cuda_r3,0,276,1790441903315,0,1790441903318.051,9.0,43.636,1790441903370.686,Normal,0.7532
WIX,16808,20260926-185706_p4_c4_cuda_r3,1036,perf_20260926-185706_p4_c4_cuda_r3,0,277,1790441903581,0,1790441903583.637,8.971,47.095,1790441903639.703,Normal,0.9475
WIX,16808,20260926-185706_p4_c4_cuda_r3,1038,perf_20260926-185706_p4_c4_cuda_r3,0,278,1790441903705,0,1790441903707.398,8.019,45.844,1790441903762.233,Normal,0.56
WIX,16808,20260926-185706_p4_c4_cuda_r3,1044,perf_20260926-185706_p4_c4_cuda_r3,0,279,1790441904034,0,1790441904037.671,10.997,49.152,1790441904098.809,Normal,0.9524
WIX,16808,20260926-185706_p4_c4_cuda_r3,1045,perf_20260926-185706_p4_c4_cuda_r3,0,280,1790441904082,0,1790441904101.304,18.727,44.444,1790441904165.519,Normal,0.9742
WIX,16808,20260926-185706_p4_c4_cuda_r3,1046,perf_20260926-185706_p4_c4_cuda_r3,0,281,1790441904144,0,1790441904168.288,15.311,44.444,1790441904228.744,Normal,0.4838
WIX,16808,20260926-185706_p4_c4_cuda_r3,1047,perf_20260926-185706_p4_c4_cuda_r3,0,282,1790441904207,0,1790441904231.777,19.009,47.919,1790441904298.705,Normal,0.9595
WIX,16808,20260926-185706_p4_c4_cuda_r3,1050,perf_20260926-185706_p4_c4_cuda_r3,0,283,1790441904365,0,1790441904368.129,13.397,48.262,1790441904430.791,Normal,0.9462
WIX,16808,20260926-185706_p4_c4_cuda_r3,1054,perf_20260926-185706_p4_c4_cuda_r3,0,284,1790441904584,0,1790441904588.069,11.508,46.113,1790441904646.688,Normal,0.9375
WIX,16808,20260926-185706_p4_c4_cuda_r3,1055,perf_20260926-185706_p4_c4_cuda_r3,0,285,1790441904647,0,1790441904650.696,23.272,44.197,1790441904718.165,Normal,0.9676
WIX,16808,20260926-185706_p4_c4_cuda_r3,1056,perf_20260926-185706_p4_c4_cuda_r3,0,286,1790441904694,0,1790441904721.664,34.034,42.847,1790441904799.548,Normal,0.9478
WIX,16808,20260926-185706_p4_c4_cuda_r3,1062,perf_20260926-185706_p4_c4_cuda_r3,0,287,1790441905037,0,1790441905040.875,29.598,45.849,1790441905117.335,Normal,0.9595
WIX,16808,20260926-185706_p4_c4_cuda_r3,1063,perf_20260926-185706_p4_c4_cuda_r3,0,288,1790441905085,0,1790441905119.338,22.548,44.616,1790441905187.542,Normal,0.9541
WIX,16808,20260926-185706_p4_c4_cuda_r3,1064,perf_20260926-185706_p4_c4_cuda_r3,0,289,1790441905146,0,1790441905189.544,234.732,42.617,1790441905466.892,Normal,0.9151
WIX,16808,20260926-185706_p4_c4_cuda_r3,1069,perf_20260926-185706_p4_c4_cuda_r3,0,290,1790441905414,0,1790441905469.894,10.524,42.139,1790441905522.557,Normal,0.9401
WIX,16808,20260926-185706_p4_c4_cuda_r3,1075,perf_20260926-185706_p4_c4_cuda_r3,0,291,1790441905758,0,1790441905761.707,14.085,53.463,1790441905830.256,Normal,0.9061
WIX,16808,20260926-185706_p4_c4_cuda_r3,1076,perf_20260926-185706_p4_c4_cuda_r3,0,292,1790441905806,0,1790441905833.248,9.995,47.148,1790441905890.392,Normal,0.96
WIX,16808,20260926-185706_p4_c4_cuda_r3,1078,perf_20260926-185706_p4_c4_cuda_r3,0,293,1790441905916,0,1790441905919.396,11.999,48.144,1790441905980.55,Normal,0.9425
WIX,16808,20260926-185706_p4_c4_cuda_r3,1080,perf_20260926-185706_p4_c4_cuda_r3,0,294,1790441906026,0,1790441906028.991,8.964,48.971,1790441906086.927,Normal,0.8295
WIX,16808,20260926-185706_p4_c4_cuda_r3,1089,perf_20260926-185706_p4_c4_cuda_r3,0,295,1790441906525,0,1790441906527.697,9.007,50.168,1790441906587.883,Normal,0.976
WIX,16808,20260926-185706_p4_c4_cuda_r3,1091,perf_20260926-185706_p4_c4_cuda_r3,0,296,1790441906650,0,1790441906653.659,8.537,48.833,1790441906711.548,Normal,0.9569
WIX,16808,20260926-185706_p4_c4_cuda_r3,1092,perf_20260926-185706_p4_c4_cuda_r3,0,297,1790441906697,0,1790441906714.139,8.008,45.99,1790441906768.137,Normal,0.9417
WIX,16808,20260926-185706_p4_c4_cuda_r3,1095,perf_20260926-185706_p4_c4_cuda_r3,0,298,1790441906871,0,1790441906874.43,7.999,46.566,1790441906928.995,Normal,0.917
WIX,16808,20260926-185706_p4_c4_cuda_r3,1096,perf_20260926-185706_p4_c4_cuda_r3,0,299,1790441906918,0,1790441906931.998,8.0,46.672,1790441906986.669,Normal,0.9475
WIX,16808,20260926-185706_p4_c4_cuda_r3,1108,perf_20260926-185706_p4_c4_cuda_r3,0,300,1790441907589,0,1790441907591.854,11.993,47.412,1790441907652.361,Normal,0.8943
WIX,16808,20260926-185706_p4_c4_cuda_r3,1111,perf_20260926-185706_p4_c4_cuda_r3,0,301,1790441907763,0,1790441907766.235,13.535,49.888,1790441907829.658,Normal,0.9416
WIX,16808,20260926-185706_p4_c4_cuda_r3,1112,perf_20260926-185706_p4_c4_cuda_r3,0,302,1790441907810,0,1790441907831.662,12.614,46.108,1790441907891.356,Normal,0.9089
WIX,16808,20260926-185706_p4_c4_cuda_r3,1118,perf_20260926-185706_p4_c4_cuda_r3,0,303,1790441908139,0,1790441908141.464,15.014,47.253,1790441908204.725,Normal,0.9728
WIX,16808,20260926-185706_p4_c4_cuda_r3,1124,perf_20260926-185706_p4_c4_cuda_r3,0,304,1790441908470,0,1790441908473.413,11.542,47.708,1790441908532.663,Normal,0.9459
WIX,16808,20260926-185706_p4_c4_cuda_r3,1126,perf_20260926-185706_p4_c4_cuda_r3,0,305,1790441908595,0,1790441908598.599,11.027,48.184,1790441908658.782,Normal,0.8636
WIX,16808,20260926-185706_p4_c4_cuda_r3,1127,perf_20260926-185706_p4_c4_cuda_r3,0,306,1790441908641,0,1790441908660.751,12.027,44.709,1790441908718.731,Normal,0.9704
WIX,16808,20260926-185706_p4_c4_cuda_r3,1130,perf_20260926-185706_p4_c4_cuda_r3,0,307,1790441908814,0,1790441908816.718,13.02,46.823,1790441908876.56,Normal,0.9108
WIX,16808,20260926-185706_p4_c4_cuda_r3,1133,perf_20260926-185706_p4_c4_cuda_r3,0,308,1790441908970,0,1790441908973.439,12.615,49.366,1790441909035.42,Normal,0.9385
WIX,16808,20260926-185706_p4_c4_cuda_r3,1140,perf_20260926-185706_p4_c4_cuda_r3,0,309,1790441909359,0,1790441909362.576,12.996,47.976,1790441909424.555,Normal,0.9784
WIX,16808,20260926-185706_p4_c4_cuda_r3,1142,perf_20260926-185706_p4_c4_cuda_r3,0,310,1790441909469,0,1790441909471.591,23.365,45.314,1790441909541.333,Normal,0.9014
WIX,16808,20260926-185706_p4_c4_cuda_r3,1149,perf_20260926-185706_p4_c4_cuda_r3,0,311,1790441909859,0,1790441909862.163,21.523,44.243,1790441909928.285,Normal,0.9445
WIX,16808,20260926-185706_p4_c4_cuda_r3,1151,perf_20260926-185706_p4_c4_cuda_r3,0,312,1790441909969,0,1790441909971.762,20.516,48.852,1790441910043.162,Normal,0.9608
WIX,16808,20260926-185706_p4_c4_cuda_r3,1153,perf_20260926-185706_p4_c4_cuda_r3,0,313,1790441910094,0,1790441910096.865,22.595,43.328,1790441910163.788,Normal,0.9249
WIX,16808,20260926-185706_p4_c4_cuda_r3,1155,perf_20260926-185706_p4_c4_cuda_r3,0,314,1790441910205,0,1790441910208.242,21.405,45.443,1790441910275.647,Normal,0.9375
WIX,16808,20260926-185706_p4_c4_cuda_r3,1171,perf_20260926-185706_p4_c4_cuda_r3,0,315,1790441911081,0,1790441911083.732,23.556,43.9,1790441911151.938,Normal,0.9086
WIX,16808,20260926-185706_p4_c4_cuda_r3,1173,perf_20260926-185706_p4_c4_cuda_r3,0,316,1790441911193,0,1790441911195.825,21.045,43.737,1790441911261.836,Normal,0.9606
WIX,16808,20260926-185706_p4_c4_cuda_r3,1178,perf_20260926-185706_p4_c4_cuda_r3,0,317,1790441911477,0,1790441911480.338,21.581,47.844,1790441911550.39,Normal,0.8998
WIX,16808,20260926-185706_p4_c4_cuda_r3,1181,perf_20260926-185706_p4_c4_cuda_r3,0,318,1790441911650,0,1790441911653.495,22.427,46.788,1790441911723.251,Normal,0.922
WIX,16808,20260926-185706_p4_c4_cuda_r3,1188,perf_20260926-185706_p4_c4_cuda_r3,0,319,1790441912028,0,1790441912030.743,248.618,45.681,1790441912325.042,Normal,0.9758
WIX,16808,20260926-185706_p4_c4_cuda_r3,1190,perf_20260926-185706_p4_c4_cuda_r3,0,320,1790441912137,0,1790441912327.616,16.011,43.639,1790441912387.267,Normal,0.9706
WIX,16808,20260926-185706_p4_c4_cuda_r3,1195,perf_20260926-185706_p4_c4_cuda_r3,0,321,1790441912421,0,1790441912423.866,7.971,47.672,1790441912480.511,Normal,0.9427
WIX,16808,20260926-185706_p4_c4_cuda_r3,1196,perf_20260926-185706_p4_c4_cuda_r3,0,322,1790441912482,0,1790441912484.509,7.509,45.592,1790441912538.617,Normal,0.8421
WIX,16808,20260926-185706_p4_c4_cuda_r3,1200,perf_20260926-185706_p4_c4_cuda_r3,0,323,1790441912700,0,1790441912702.654,7.012,47.221,1790441912758.389,Normal,0.9424
WIX,16808,20260926-185706_p4_c4_cuda_r3,1201,perf_20260926-185706_p4_c4_cuda_r3,0,324,1790441912761,0,1790441912764.564,11.494,54.605,1790441912831.192,Normal,0.9526
WIX,16808,20260926-185706_p4_c4_cuda_r3,1206,perf_20260926-185706_p4_c4_cuda_r3,0,325,1790441913029,0,1790441913032.255,8.009,47.543,1790441913088.901,Normal,0.6751
WIX,16808,20260926-185706_p4_c4_cuda_r3,1207,perf_20260926-185706_p4_c4_cuda_r3,0,326,1790441913092,0,1790441913095.417,10.037,49.017,1790441913155.433,Normal,0.9709
WIX,16808,20260926-185706_p4_c4_cuda_r3,1208,perf_20260926-185706_p4_c4_cuda_r3,0,327,1790441913138,0,1790441913158.459,7.993,47.909,1790441913215.397,Normal,0.9392
WIX,16808,20260926-185706_p4_c4_cuda_r3,1209,perf_20260926-185706_p4_c4_cuda_r3,0,328,1790441913201,0,1790441913217.397,7.999,46.827,1790441913273.229,Normal,0.9593
WIX,16808,20260926-185706_p4_c4_cuda_r3,1210,perf_20260926-185706_p4_c4_cuda_r3,0,329,1790441913249,0,1790441913276.225,8.006,50.881,1790441913335.112,Normal,0.9538
WIX,16808,20260926-185706_p4_c4_cuda_r3,1212,perf_20260926-185706_p4_c4_cuda_r3,0,330,1790441913359,0,1790441913362.843,9.004,46.952,1790441913418.8,Normal,0.9687
WIX,16808,20260926-185706_p4_c4_cuda_r3,1217,perf_20260926-185706_p4_c4_cuda_r3,0,331,1790441913642,0,1790441913645.42,7.999,49.689,1790441913703.108,Normal,0.9531
WIX,16808,20260926-185706_p4_c4_cuda_r3,1221,perf_20260926-185706_p4_c4_cuda_r3,0,332,1790441913865,0,1790441913867.048,7.998,46.777,1790441913921.823,Normal,0.9441
WIX,16808,20260926-185706_p4_c4_cuda_r3,1231,perf_20260926-185706_p4_c4_cuda_r3,0,333,1790441914417,0,1790441914419.596,16.161,47.441,1790441914483.198,Normal,0.8017
WIX,16808,20260926-185706_p4_c4_cuda_r3,1232,perf_20260926-185706_p4_c4_cuda_r3,0,334,1790441914480,0,1790441914485.198,11.645,46.307,1790441914544.676,Normal,0.9473
WIX,16808,20260926-185706_p4_c4_cuda_r3,1234,perf_20260926-185706_p4_c4_cuda_r3,0,335,1790441914590,0,1790441914592.973,13.522,44.171,1790441914650.667,Normal,0.9755
WIX,16808,20260926-185706_p4_c4_cuda_r3,1236,perf_20260926-185706_p4_c4_cuda_r3,0,336,1790441914699,0,1790441914701.848,13.558,47.573,1790441914763.562,Normal,0.8886
WIX,16808,20260926-185706_p4_c4_cuda_r3,1238,perf_20260926-185706_p4_c4_cuda_r3,0,337,1790441914808,0,1790441914810.77,12.996,47.991,1790441914872.756,Normal,0.9062
WIX,16808,20260926-185706_p4_c4_cuda_r3,1243,perf_20260926-185706_p4_c4_cuda_r3,0,338,1790441915091,0,1790441915094.52,13.508,44.822,1790441915153.853,Normal,0.9609
WIX,16808,20260926-185706_p4_c4_cuda_r3,1247,perf_20260926-185706_p4_c4_cuda_r3,0,339,1790441915311,0,1790441915315.043,16.38,52.12,1790441915383.543,Normal,0.7392
WIX,16808,20260926-185706_p4_c4_cuda_r3,1250,perf_20260926-185706_p4_c4_cuda_r3,0,340,1790441915483,0,1790441915486.122,12.521,50.643,1790441915549.286,Normal,0.61
WIX,16808,20260926-185706_p4_c4_cuda_r3,1251,perf_20260926-185706_p4_c4_cuda_r3,0,341,1790441915531,0,1790441915552.052,14.386,46.916,1790441915614.36,Normal,0.9512
WIX,16808,20260926-185706_p4_c4_cuda_r3,1256,perf_20260926-185706_p4_c4_cuda_r3,0,342,1790441915813,0,1790441915815.969,11.264,44.532,1790441915873.195,Normal,0.9401
WIX,16808,20260926-185706_p4_c4_cuda_r3,1257,perf_20260926-185706_p4_c4_cuda_r3,0,343,1790441915861,0,1790441915875.197,11.525,49.145,1790441915936.867,Normal,0.912
WIX,16808,20260926-185706_p4_c4_cuda_r3,1263,perf_20260926-185706_p4_c4_cuda_r3,0,344,1790441916205,0,1790441916207.521,29.038,49.388,1790441916286.949,Normal,0.9622
WIX,16808,20260926-185706_p4_c4_cuda_r3,1264,perf_20260926-185706_p4_c4_cuda_r3,0,345,1790441916252,0,1790441916289.948,21.564,45.583,1790441916357.095,Normal,0.9542
WIX,16808,20260926-185706_p4_c4_cuda_r3,1267,perf_20260926-185706_p4_c4_cuda_r3,0,346,1790441916422,0,1790441916424.407,20.043,45.104,1790441916490.407,Normal,0.9423
WIX,16808,20260926-185706_p4_c4_cuda_r3,1274,perf_20260926-185706_p4_c4_cuda_r3,0,347,1790441916813,0,1790441916816.124,23.005,45.297,1790441916885.801,Normal,0.9527
WIX,16808,20260926-185706_p4_c4_cuda_r3,1279,perf_20260926-185706_p4_c4_cuda_r3,0,348,1790441917094,0,1790441917097.2,22.509,44.708,1790441917165.431,Normal,0.962
WIX,16808,20260926-185706_p4_c4_cuda_r3,1281,perf_20260926-185706_p4_c4_cuda_r3,0,349,1790441917204,0,1790441917206.697,23.999,46.137,1790441917277.879,Normal,0.9691
WIX,16808,20260926-185706_p4_c4_cuda_r3,1283,perf_20260926-185706_p4_c4_cuda_r3,0,350,1790441917313,0,1790441917316.154,22.538,48.443,1790441917387.772,Normal,0.9765
WIX,16808,20260926-185706_p4_c4_cuda_r3,1287,perf_20260926-185706_p4_c4_cuda_r3,0,351,1790441917533,0,1790441917536.273,21.046,50.57,1790441917609.25,Normal,0.9319
WIX,16808,20260926-185706_p4_c4_cuda_r3,1293,perf_20260926-185706_p4_c4_cuda_r3,0,352,1790441917864,0,1790441917868.209,43.511,50.006,1790441917962.729,Normal,0.9473
WIX,16808,20260926-185706_p4_c4_cuda_r3,1295,perf_20260926-185706_p4_c4_cuda_r3,0,353,1790441917974,0,1790441917976.03,7.998,48.553,1790441918032.582,Normal,0.9515
WIX,16808,20260926-185706_p4_c4_cuda_r3,1300,perf_20260926-185706_p4_c4_cuda_r3,0,354,1790441918254,0,1790441918256.843,9.001,50.125,1790441918315.969,Normal,0.9589
WIX,16808,20260926-185706_p4_c4_cuda_r3,1303,perf_20260926-185706_p4_c4_cuda_r3,0,355,1790441918427,0,1790441918430.418,7.008,47.969,1790441918486.369,Normal,0.9177
WIX,16808,20260926-185706_p4_c4_cuda_r3,1304,perf_20260926-185706_p4_c4_cuda_r3,0,356,1790441918475,0,1790441918488.371,8.07,46.21,1790441918543.627,Normal,0.9663
WIX,16808,20260926-185706_p4_c4_cuda_r3,1310,perf_20260926-185706_p4_c4_cuda_r3,0,357,1790441918803,0,1790441918806.342,7.057,50.466,1790441918863.865,Normal,0.9073
WIX,16808,20260926-185706_p4_c4_cuda_r3,1311,perf_20260926-185706_p4_c4_cuda_r3,0,358,1790441918864,0,1790441918867.511,6.988,46.579,1790441918921.079,Normal,0.9662
WIX,16808,20260926-185706_p4_c4_cuda_r3,1312,perf_20260926-185706_p4_c4_cuda_r3,0,359,1790441918928,0,1790441918931.113,7.102,46.794,1790441918986.301,Normal,0.9676
WIX,16808,20260926-185706_p4_c4_cuda_r3,1316,perf_20260926-185706_p4_c4_cuda_r3,0,360,1790441919149,0,1790441919151.994,7.414,43.413,1790441919203.354,Normal,0.9751
WIX,16808,20260926-185706_p4_c4_cuda_r3,1317,perf_20260926-185706_p4_c4_cuda_r3,0,361,1790441919195,0,1790441919206.101,6.877,45.813,1790441919259.333,Normal,0.9099
WIX,16808,20260926-185706_p4_c4_cuda_r3,1319,perf_20260926-185706_p4_c4_cuda_r3,0,362,1790441919317,0,1790441919319.533,8.602,44.013,1790441919373.203,Normal,0.9273
WIX,16808,20260926-185706_p4_c4_cuda_r3,1324,perf_20260926-185706_p4_c4_cuda_r3,0,363,1790441919596,0,1790441919598.374,8.018,47.198,1790441919654.569,Normal,0.9679
WIX,16808,20260926-185706_p4_c4_cuda_r3,1334,perf_20260926-185706_p4_c4_cuda_r3,0,364,1790441920149,0,1790441920151.774,12.039,42.961,1790441920207.785,Normal,0.851
WIX,16808,20260926-185706_p4_c4_cuda_r3,1346,perf_20260926-185706_p4_c4_cuda_r3,0,365,1790441920806,0,1790441920808.65,7.502,43.459,1790441920860.617,Normal,0.9608
WIX,16808,20260926-185706_p4_c4_cuda_r3,1347,perf_20260926-185706_p4_c4_cuda_r3,0,366,1790441920869,0,1790441920872.292,8.999,45.506,1790441920926.797,Normal,0.9779
WIX,16808,20260926-185706_p4_c4_cuda_r3,1351,perf_20260926-185706_p4_c4_cuda_r3,0,367,1790441921088,0,1790441921091.007,7.027,44.121,1790441921143.126,Normal,0.9763
WIX,16808,20260926-185706_p4_c4_cuda_r3,1357,perf_20260926-185706_p4_c4_cuda_r3,0,368,1790441921416,0,1790441921418.75,12.006,47.426,1790441921479.182,Normal,0.6517
WIX,16808,20260926-185706_p4_c4_cuda_r3,1358,perf_20260926-185706_p4_c4_cuda_r3,0,369,1790441921478,0,1790441921481.167,8.03,48.757,1790441921537.953,Normal,0.9401
WIX,16808,20260926-185706_p4_c4_cuda_r3,1359,perf_20260926-185706_p4_c4_cuda_r3,0,370,1790441921539,0,1790441921541.942,8.154,47.856,1790441921598.848,Normal,0.9608
WIX,16808,20260926-185706_p4_c4_cuda_r3,1367,perf_20260926-185706_p4_c4_cuda_r3,0,371,1790441921979,0,1790441921981.782,7.966,48.047,1790441922038.709,Normal,0.9676
WIX,16808,20260926-185706_p4_c4_cuda_r3,1369,perf_20260926-185706_p4_c4_cuda_r3,0,372,1790441922088,0,1790441922090.968,10.334,47.004,1790441922148.846,Normal,0.7311
WIX,16808,20260926-185706_p4_c4_cuda_r3,1377,perf_20260926-185706_p4_c4_cuda_r3,0,373,1790441922526,0,1790441922529.191,11.004,44.165,1790441922585.362,Normal,0.9545
WIX,16808,20260926-185706_p4_c4_cuda_r3,1381,perf_20260926-185706_p4_c4_cuda_r3,0,374,1790441922760,0,1790441922763.499,11.99,49.2,1790441922825.664,Normal,0.9173
WIX,16808,20260926-185706_p4_c4_cuda_r3,1382,perf_20260926-185706_p4_c4_cuda_r3,0,375,1790441922807,0,1790441922828.647,15.152,47.236,1790441922892.037,Normal,0.9234
WIX,16808,20260926-185706_p4_c4_cuda_r3,1383,perf_20260926-185706_p4_c4_cuda_r3,0,376,1790441922869,0,1790441922894.035,12.999,43.135,1790441922951.202,Normal,0.9501
WIX,16808,20260926-185706_p4_c4_cuda_r3,1389,perf_20260926-185706_p4_c4_cuda_r3,0,377,1790441923200,0,1790441923202.616,12.011,49.371,1790441923263.998,Normal,0.9373
WIX,16808,20260926-185706_p4_c4_cuda_r3,1394,perf_20260926-185706_p4_c4_cuda_r3,0,378,1790441923480,0,1790441923482.122,12.066,47.638,1790441923542.76,Normal,0.9657
WIX,16808,20260926-185706_p4_c4_cuda_r3,1400,perf_20260926-185706_p4_c4_cuda_r3,0,379,1790441923809,0,1790441923812.139,12.039,45.981,1790441923871.113,Normal,0.8294
WIX,16808,20260926-185706_p4_c4_cuda_r3,1403,perf_20260926-185706_p4_c4_cuda_r3,0,380,1790441923981,0,1790441923983.792,22.994,45.613,1790441924052.4,Normal,0.9427
WIX,16808,20260926-185706_p4_c4_cuda_r3,1405,perf_20260926-185706_p4_c4_cuda_r3,0,381,1790441924092,0,1790441924094.129,21.002,45.694,1790441924162.211,Normal,0.959
WIX,16808,20260926-185706_p4_c4_cuda_r3,1407,perf_20260926-185706_p4_c4_cuda_r3,0,382,1790441924202,0,1790441924205.458,22.586,45.804,1790441924274.829,Normal,0.9728
WIX,16808,20260926-185706_p4_c4_cuda_r3,1408,perf_20260926-185706_p4_c4_cuda_r3,0,383,1790441924250,0,1790441924277.826,22.998,51.257,1790441924352.081,Normal,0.9603
WIX,16808,20260926-185706_p4_c4_cuda_r3,1409,perf_20260926-185706_p4_c4_cuda_r3,0,384,1790441924314,0,1790441924355.08,204.803,45.824,1790441924605.708,Normal,0.9745
WIX,16808,20260926-185706_p4_c4_cuda_r3,1424,perf_20260926-185706_p4_c4_cuda_r3,0,385,1790441925141,0,1790441925144.477,7.967,49.173,1790441925202.704,Normal,0.91
WIX,16808,20260926-185706_p4_c4_cuda_r3,1431,perf_20260926-185706_p4_c4_cuda_r3,0,386,1790441925531,0,1790441925534.63,6.999,49.031,1790441925591.503,Normal,0.8495
WIX,16808,20260926-185706_p4_c4_cuda_r3,1436,perf_20260926-185706_p4_c4_cuda_r3,0,387,1790441925813,0,1790441925815.799,9.006,41.931,1790441925867.291,Normal,0.8609
WIX,16808,20260926-185706_p4_c4_cuda_r3,1445,perf_20260926-185706_p4_c4_cuda_r3,0,388,1790441926311,0,1790441926315.493,12.914,48.709,1790441926378.65,Normal,0.9648
WIX,16808,20260926-185706_p4_c4_cuda_r3,1449,perf_20260926-185706_p4_c4_cuda_r3,0,389,1790441926528,0,1790441926530.823,13.51,43.959,1790441926588.292,Normal,0.9232
WIX,16808,20260926-185706_p4_c4_cuda_r3,1450,perf_20260926-185706_p4_c4_cuda_r3,0,390,1790441926590,0,1790441926591.881,11.956,46.405,1790441926651.246,Normal,0.9642
WIX,16808,20260926-185706_p4_c4_cuda_r3,1451,perf_20260926-185706_p4_c4_cuda_r3,0,391,1790441926651,0,1790441926653.599,14.651,49.355,1790441926717.605,Normal,0.6042
WIX,16808,20260926-185706_p4_c4_cuda_r3,1458,perf_20260926-185706_p4_c4_cuda_r3,0,392,1790441927038,0,1790441927040.395,21.672,45.171,1790441927108.396,Normal,0.9576
WIX,16808,20260926-185706_p4_c4_cuda_r3,1459,perf_20260926-185706_p4_c4_cuda_r3,0,393,1790441927085,0,1790441927111.401,19.045,45.59,1790441927177.043,Normal,0.9457
WIX,16808,20260926-185706_p4_c4_cuda_r3,1463,perf_20260926-185706_p4_c4_cuda_r3,0,394,1790441927304,0,1790441927307.041,27.593,43.084,1790441927377.718,Normal,0.5605
WIX,16808,20260926-185706_p4_c4_cuda_r3,1469,perf_20260926-185706_p4_c4_cuda_r3,0,395,1790441927648,0,1790441927650.361,329.767,43.909,1790441928024.037,Normal,0.9521
WIX,16808,20260926-185706_p4_c4_cuda_r3,1479,perf_20260926-185706_p4_c4_cuda_r3,0,396,1790441928195,0,1790441928197.989,6.518,45.651,1790441928251.159,OFFENSIVE,0.3967
WIX,16808,20260926-185706_p4_c4_cuda_r3,1480,perf_20260926-185706_p4_c4_cuda_r3,0,397,1790441928259,0,1790441928261.447,7.033,47.99,1790441928317.432,Normal,0.9661
WIX,16808,20260926-185706_p4_c4_cuda_r3,1493,perf_20260926-185706_p4_c4_cuda_r3,0,398,1790441928977,0,1790441928979.231,7.207,46.849,1790441929033.861,Normal,0.8774
WIX,16808,20260926-185706_p4_c4_cuda_r3,1502,perf_20260926-185706_p4_c4_cuda_r3,0,399,1790441929469,0,1790441929471.637,8.708,43.61,1790441929523.956,Normal,0.9648
WIX,16808,20260926-185706_p4_c4_cuda_r3,1507,perf_20260926-185706_p4_c4_cuda_r3,0,400,1790441929748,0,1790441929750.071,8.992,51.623,1790441929810.686,Normal,0.9577
WIX,16808,20260926-185706_p4_c4_cuda_r3,1509,perf_20260926-185706_p4_c4_cuda_r3,0,401,1790441929872,0,1790441929875.094,15.111,46.622,1790441929938.154,Normal,0.9347
WIX,16808,20260926-185706_p4_c4_cuda_r3,1511,perf_20260926-185706_p4_c4_cuda_r3,0,402,1790441929980,0,1790441929982.284,15.103,45.99,1790441930043.89,OFFENSIVE,0.5584
WIX,16808,20260926-185706_p4_c4_cuda_r3,1514,perf_20260926-185706_p4_c4_cuda_r3,0,403,1790441930138,0,1790441930139.862,14.554,45.788,1790441930200.203,Normal,0.9004
WIX,16808,20260926-185706_p4_c4_cuda_r3,1522,perf_20260926-185706_p4_c4_cuda_r3,0,404,1790441930591,0,1790441930594.86,12.038,48.344,1790441930656.2,Normal,0.9698
WIX,16808,20260926-185706_p4_c4_cuda_r3,1524,perf_20260926-185706_p4_c4_cuda_r3,0,405,1790441930702,0,1790441930704.222,13.028,45.962,1790441930763.212,Normal,0.9489
WIX,16808,20260926-185706_p4_c4_cuda_r3,1527,perf_20260926-185706_p4_c4_cuda_r3,0,406,1790441930858,0,1790441930861.118,12.001,49.373,1790441930922.493,Normal,0.9388
WIX,16808,20260926-185706_p4_c4_cuda_r3,1531,perf_20260926-185706_p4_c4_cuda_r3,0,407,1790441931093,0,1790441931096.606,12.035,44.982,1790441931154.584,Normal,0.9549
WIX,16808,20260926-185706_p4_c4_cuda_r3,1534,perf_20260926-185706_p4_c4_cuda_r3,0,408,1790441931250,0,1790441931253.051,11.972,49.199,1790441931314.222,Normal,0.968
WIX,16808,20260926-185706_p4_c4_cuda_r3,1545,perf_20260926-185706_p4_c4_cuda_r3,0,409,1790441931859,0,1790441931863.319,20.729,49.378,1790441931933.958,Normal,0.937
WIX,16808,20260926-185706_p4_c4_cuda_r3,1546,perf_20260926-185706_p4_c4_cuda_r3,0,410,1790441931922,0,1790441931936.235,27.032,44.975,1790441932009.166,Normal,0.9793
WIX,16808,20260926-185706_p4_c4_cuda_r3,1551,perf_20260926-185706_p4_c4_cuda_r3,0,411,1790441932201,0,1790441932203.677,205.166,46.934,1790441932455.776,Normal,0.8785
WIX,16808,20260926-185706_p4_c4_cuda_r3,1554,perf_20260926-185706_p4_c4_cuda_r3,0,412,1790441932359,0,1790441932458.793,12.025,51.049,1790441932522.865,Normal,0.9375
WIX,16808,20260926-185706_p4_c4_cuda_r3,1558,perf_20260926-185706_p4_c4_cuda_r3,0,413,1790441932595,0,1790441932598.863,6.955,43.38,1790441932650.199,Normal,0.8827
WIX,16808,20260926-185706_p4_c4_cuda_r3,1562,perf_20260926-185706_p4_c4_cuda_r3,0,414,1790441932813,0,1790441932816.734,10.027,43.751,1790441932871.48,Normal,0.9712
WIX,16808,20260926-185706_p4_c4_cuda_r3,1566,perf_20260926-185706_p4_c4_cuda_r3,0,415,1790441933033,0,1790441933035.752,8.007,49.92,1790441933094.926,Normal,0.9662
WIX,16808,20260926-185706_p4_c4_cuda_r3,1569,perf_20260926-185706_p4_c4_cuda_r3,0,416,1790441933205,0,1790441933207.341,10.025,48.435,1790441933266.773,Normal,0.9617
WIX,16808,20260926-185706_p4_c4_cuda_r3,1570,perf_20260926-185706_p4_c4_cuda_r3,0,417,1790441933253,0,1790441933268.813,7.003,46.921,1790441933323.736,Normal,0.7964
WIX,16808,20260926-185706_p4_c4_cuda_r3,1578,perf_20260926-185706_p4_c4_cuda_r3,0,418,1790441933704,0,1790441933707.483,6.96,43.656,1790441933759.122,Normal,0.9478
WIX,16808,20260926-185706_p4_c4_cuda_r3,1579,perf_20260926-185706_p4_c4_cuda_r3,0,419,1790441933751,0,1790441933761.078,13.505,45.631,1790441933821.22,Normal,0.9808
WIX,16808,20260926-185706_p4_c4_cuda_r3,1581,perf_20260926-185706_p4_c4_cuda_r3,0,420,1790441933861,0,1790441933864.781,8.004,45.182,1790441933917.967,Normal,0.7478
WIX,16808,20260926-185706_p4_c4_cuda_r3,1582,perf_20260926-185706_p4_c4_cuda_r3,0,421,1790441933924,0,1790441933926.971,7.996,43.905,1790441933979.573,Normal,0.942
WIX,16808,20260926-185706_p4_c4_cuda_r3,1592,perf_20260926-185706_p4_c4_cuda_r3,0,422,1790441934472,0,1790441934474.269,11.98,44.587,1790441934530.835,Normal,0.9475
WIX,16808,20260926-185706_p4_c4_cuda_r3,1598,perf_20260926-185706_p4_c4_cuda_r3,0,423,1790441934802,0,1790441934805.123,12.987,47.06,1790441934865.169,Normal,0.9531
WIX,16808,20260926-185706_p4_c4_cuda_r3,1599,perf_20260926-185706_p4_c4_cuda_r3,0,424,1790441934865,0,1790441934867.173,16.079,46.195,1790441934930.592,Normal,0.9668
WIX,16808,20260926-185706_p4_c4_cuda_r3,1603,perf_20260926-185706_p4_c4_cuda_r3,0,425,1790441935085,0,1790441935087.07,12.598,48.668,1790441935149.902,Normal,0.9492
WIX,16808,20260926-185706_p4_c4_cuda_r3,1606,perf_20260926-185706_p4_c4_cuda_r3,0,426,1790441935258,0,1790441935261.603,12.038,49.378,1790441935324.025,Normal,0.9346
WIX,16808,20260926-185706_p4_c4_cuda_r3,1608,perf_20260926-185706_p4_c4_cuda_r3,0,427,1790441935368,0,1790441935371.479,12.525,43.327,1790441935427.935,Normal,0.9553
WIX,16808,20260926-185706_p4_c4_cuda_r3,1611,perf_20260926-185706_p4_c4_cuda_r3,0,428,1790441935525,0,1790441935528.236,22.819,50.376,1790441935601.431,Normal,0.965
WIX,16808,20260926-185706_p4_c4_cuda_r3,1619,perf_20260926-185706_p4_c4_cuda_r3,0,429,1790441935977,0,1790441935979.982,22.001,45.655,1790441936048.372,Normal,0.9031
WIX,16808,20260926-185706_p4_c4_cuda_r3,1621,perf_20260926-185706_p4_c4_cuda_r3,0,430,1790441936087,0,1790441936090.959,19.233,44.713,1790441936155.861,Normal,0.9423
WIX,16808,20260926-185706_p4_c4_cuda_r3,1623,perf_20260926-185706_p4_c4_cuda_r3,0,431,1790441936197,0,1790441936200.229,19.973,49.65,1790441936270.479,Normal,0.9389
WIX,16808,20260926-185706_p4_c4_cuda_r3,1627,perf_20260926-185706_p4_c4_cuda_r3,0,432,1790441936413,0,1790441936416.571,22.07,45.435,1790441936484.075,Normal,0.9257
WIX,16808,20260926-185706_p4_c4_cuda_r3,1631,perf_20260926-185706_p4_c4_cuda_r3,0,433,1790441936648,0,1790441936649.614,21.878,44.208,1790441936717.142,Normal,0.9423
WIX,16808,20260926-185706_p4_c4_cuda_r3,1632,perf_20260926-185706_p4_c4_cuda_r3,0,434,1790441936695,0,1790441936719.365,19.083,42.567,1790441936781.98,Normal,0.931
WIX,16808,20260926-185706_p4_c4_cuda_r3,1637,perf_20260926-185706_p4_c4_cuda_r3,0,435,1790441936975,0,1790441936977.213,19.616,43.288,1790441937041.115,Normal,0.8661
WIX,16808,20260926-185706_p4_c4_cuda_r3,1646,perf_20260926-185706_p4_c4_cuda_r3,0,436,1790441937476,0,1790441937480.209,22.657,46.977,1790441937550.892,Normal,0.9309
WIX,16808,20260926-185706_p4_c4_cuda_r3,1650,perf_20260926-185706_p4_c4_cuda_r3,0,437,1790441937694,0,1790441937696.403,21.369,45.211,1790441937762.983,Normal,0.9186
WIX,16808,20260926-185706_p4_c4_cuda_r3,1655,perf_20260926-185706_p4_c4_cuda_r3,0,438,1790441937975,0,1790441937977.236,20.585,43.103,1790441938041.476,Normal,0.8661
WIX,16808,20260926-185706_p4_c4_cuda_r3,1657,perf_20260926-185706_p4_c4_cuda_r3,0,439,1790441938084,0,1790441938086.931,23.221,45.941,1790441938157.092,Normal,0.9287
WIX,16808,20260926-185706_p4_c4_cuda_r3,1659,perf_20260926-185706_p4_c4_cuda_r3,0,440,1790441938194,0,1790441938196.899,21.966,46.067,1790441938264.932,Normal,0.7903
WIX,16808,20260926-185706_p4_c4_cuda_r3,1664,perf_20260926-185706_p4_c4_cuda_r3,0,441,1790441938478,0,1790441938480.61,165.705,47.603,1790441938694.919,Normal,0.6574
WIX,16808,20260926-185706_p4_c4_cuda_r3,1666,perf_20260926-185706_p4_c4_cuda_r3,0,442,1790441938588,0,1790441938697.978,8.611,45.724,1790441938752.313,Normal,0.9373
WIX,16808,20260926-185706_p4_c4_cuda_r3,1667,perf_20260926-185706_p4_c4_cuda_r3,0,443,1790441938636,0,1790441938752.313,26.103,51.052,1790441938829.468,Normal,0.5167
WIX,16808,20260926-185706_p4_c4_cuda_r3,1668,perf_20260926-185706_p4_c4_cuda_r3,0,444,1790441938698,0,1790441938832.467,11.997,45.891,1790441938890.354,Normal,0.9553
WIX,16808,20260926-185706_p4_c4_cuda_r3,1674,perf_20260926-185706_p4_c4_cuda_r3,0,445,1790441939025,0,1790441939028.468,8.001,48.629,1790441939086.095,Normal,0.8607
WIX,16808,20260926-185706_p4_c4_cuda_r3,1683,perf_20260926-185706_p4_c4_cuda_r3,0,446,1790441939539,0,1790441939541.861,7.289,46.531,1790441939596.652,Normal,0.931
WIX,16808,20260926-185706_p4_c4_cuda_r3,1686,perf_20260926-185706_p4_c4_cuda_r3,0,447,1790441939695,0,1790441939697.813,8.067,45.624,1790441939751.504,Normal,0.9683
WIX,16808,20260926-185706_p4_c4_cuda_r3,1687,perf_20260926-185706_p4_c4_cuda_r3,0,448,1790441939759,0,1790441939761.657,7.489,45.24,1790441939814.386,Normal,0.9573
WIX,16808,20260926-185706_p4_c4_cuda_r3,1691,perf_20260926-185706_p4_c4_cuda_r3,0,449,1790441939977,0,1790441939979.384,7.508,44.34,1790441940031.699,Normal,0.8363
WIX,16808,20260926-185706_p4_c4_cuda_r3,1696,perf_20260926-185706_p4_c4_cuda_r3,0,450,1790441940257,0,1790441940260.109,7.594,44.763,1790441940312.467,Normal,0.944
WIX,16808,20260926-185706_p4_c4_cuda_r3,1698,perf_20260926-185706_p4_c4_cuda_r3,0,451,1790441940366,0,1790441940368.803,8.001,46.516,1790441940423.321,Normal,0.8288
WIX,16808,20260926-185706_p4_c4_cuda_r3,1702,perf_20260926-185706_p4_c4_cuda_r3,0,452,1790441940587,0,1790441940590.109,12.001,48.346,1790441940650.456,Normal,0.8959
WIX,16808,20260926-185706_p4_c4_cuda_r3,1703,perf_20260926-185706_p4_c4_cuda_r3,0,453,1790441940650,0,1790441940653.461,13.126,43.84,1790441940710.961,Normal,0.9528
WIX,16808,20260926-185706_p4_c4_cuda_r3,1705,perf_20260926-185706_p4_c4_cuda_r3,0,454,1790441940759,0,1790441940762.49,11.55,43.676,1790441940818.75,Normal,0.9649
WIX,16808,20260926-185706_p4_c4_cuda_r3,1717,perf_20260926-185706_p4_c4_cuda_r3,0,455,1790441941417,0,1790441941419.214,11.997,45.963,1790441941478.181,Normal,0.8575
WIX,16808,20260926-185706_p4_c4_cuda_r3,1723,perf_20260926-185706_p4_c4_cuda_r3,0,456,1790441941761,0,1790441941764.0,17.547,44.245,1790441941825.792,Normal,0.8675
WIX,16808,20260926-185706_p4_c4_cuda_r3,1727,perf_20260926-185706_p4_c4_cuda_r3,0,457,1790441941982,0,1790441941985.929,14.147,44.154,1790441942044.23,Normal,0.9707
WIX,16808,20260926-185706_p4_c4_cuda_r3,1737,perf_20260926-185706_p4_c4_cuda_r3,0,458,1790441942533,0,1790441942536.195,10.993,46.586,1790441942594.774,Normal,0.9419
WIX,16808,20260926-185706_p4_c4_cuda_r3,1743,perf_20260926-185706_p4_c4_cuda_r3,0,459,1790441942864,0,1790441942866.605,19.655,44.884,1790441942932.162,Normal,0.9357
WIX,16808,20260926-185706_p4_c4_cuda_r3,1745,perf_20260926-185706_p4_c4_cuda_r3,0,460,1790441942975,0,1790441942977.695,21.041,47.991,1790441943047.727,Normal,0.9262
WIX,16808,20260926-185706_p4_c4_cuda_r3,1746,perf_20260926-185706_p4_c4_cuda_r3,0,461,1790441943036,0,1790441943049.745,23.024,48.802,1790441943121.571,Normal,0.9539
WIX,16808,20260926-185706_p4_c4_cuda_r3,1748,perf_20260926-185706_p4_c4_cuda_r3,0,462,1790441943147,0,1790441943150.138,22.048,44.485,1790441943217.979,Normal,0.9037
WIX,16808,20260926-185706_p4_c4_cuda_r3,1754,perf_20260926-185706_p4_c4_cuda_r3,0,463,1790441943476,0,1790441943479.024,19.692,44.437,1790441943544.152,Normal,0.9116
WIX,16808,20260926-185706_p4_c4_cuda_r3,1756,perf_20260926-185706_p4_c4_cuda_r3,0,464,1790441943585,0,1790441943588.506,21.297,44.471,1790441943655.271,Normal,0.9404
WIX,16808,20260926-185706_p4_c4_cuda_r3,1759,perf_20260926-185706_p4_c4_cuda_r3,0,465,1790441943758,0,1790441943761.738,23.674,44.966,1790441943830.924,Normal,0.9765
WIX,16808,20260926-185706_p4_c4_cuda_r3,1761,perf_20260926-185706_p4_c4_cuda_r3,0,466,1790441943867,0,1790441943869.734,21.508,46.165,1790441943938.414,Normal,0.9406
WIX,16808,20260926-185706_p4_c4_cuda_r3,1765,perf_20260926-185706_p4_c4_cuda_r3,0,467,1790441944086,0,1790441944087.967,21.51,46.627,1790441944156.104,Normal,0.9531
WIX,16808,20260926-185706_p4_c4_cuda_r3,1772,perf_20260926-185706_p4_c4_cuda_r3,0,468,1790441944480,0,1790441944483.056,213.758,46.854,1790441944743.668,Normal,0.9744
WIX,16808,20260926-185706_p4_c4_cuda_r3,1778,perf_20260926-185706_p4_c4_cuda_r3,0,469,1790441944810,0,1790441944813.467,7.963,46.592,1790441944868.022,Normal,0.8716
WIX,16808,20260926-185706_p4_c4_cuda_r3,1784,perf_20260926-185706_p4_c4_cuda_r3,0,470,1790441945138,0,1790441945140.744,9.001,47.065,1790441945196.81,Normal,0.8971
WIX,16808,20260926-185706_p4_c4_cuda_r3,1788,perf_20260926-185706_p4_c4_cuda_r3,0,471,1790441945372,0,1790441945374.434,9.003,48.741,1790441945432.177,Normal,0.8315
WIX,16808,20260926-185706_p4_c4_cuda_r3,1789,perf_20260926-185706_p4_c4_cuda_r3,0,472,1790441945419,0,1790441945435.218,6.957,51.623,1790441945493.797,Normal,0.9467
WIX,16808,20260926-185706_p4_c4_cuda_r3,1791,perf_20260926-185706_p4_c4_cuda_r3,0,473,1790441945530,0,1790441945532.234,9.0,46.123,1790441945587.356,Normal,0.9585
WIX,16808,20260926-185706_p4_c4_cuda_r3,1793,perf_20260926-185706_p4_c4_cuda_r3,0,474,1790441945641,0,1790441945643.681,11.997,44.71,1790441945700.387,Normal,0.9068
WIX,16808,20260926-185706_p4_c4_cuda_r3,1794,perf_20260926-185706_p4_c4_cuda_r3,0,475,1790441945703,0,1790441945705.384,7.607,44.525,1790441945757.516,Normal,0.9684
WIX,16808,20260926-185706_p4_c4_cuda_r3,1800,perf_20260926-185706_p4_c4_cuda_r3,0,476,1790441946031,0,1790441946034.388,7.999,46.613,1790441946090.011,Normal,0.9498
WIX,16808,20260926-185706_p4_c4_cuda_r3,1803,perf_20260926-185706_p4_c4_cuda_r3,0,477,1790441946205,0,1790441946206.916,9.023,43.868,1790441946261.25,Normal,0.9573
WIX,16808,20260926-185706_p4_c4_cuda_r3,1814,perf_20260926-185706_p4_c4_cuda_r3,0,478,1790441946816,0,1790441946818.998,13.64,45.261,1790441946877.899,Normal,0.9205
WIX,16808,20260926-185706_p4_c4_cuda_r3,1819,perf_20260926-185706_p4_c4_cuda_r3,0,479,1790441947082,0,1790441947084.95,14.569,46.876,1790441947146.395,Normal,0.9654
WIX,16808,20260926-185706_p4_c4_cuda_r3,1826,perf_20260926-185706_p4_c4_cuda_r3,0,480,1790441947472,0,1790441947474.92,11.976,44.661,1790441947531.557,Normal,0.9714
WIX,16808,20260926-185706_p4_c4_cuda_r3,1827,perf_20260926-185706_p4_c4_cuda_r3,0,481,1790441947534,0,1790441947538.217,12.685,46.459,1790441947597.975,Normal,0.6358
WIX,16808,20260926-185706_p4_c4_cuda_r3,1838,perf_20260926-185706_p4_c4_cuda_r3,0,482,1790441948145,0,1790441948148.091,23.094,51.705,1790441948222.89,Normal,0.7298
WIX,16808,20260926-185706_p4_c4_cuda_r3,1844,perf_20260926-185706_p4_c4_cuda_r3,0,483,1790441948472,0,1790441948474.102,28.692,47.91,1790441948550.705,Normal,0.976
WIX,16808,20260926-185706_p4_c4_cuda_r3,1849,perf_20260926-185706_p4_c4_cuda_r3,0,484,1790441948752,0,1790441948754.581,21.154,43.195,1790441948818.93,Normal,0.963
WIX,16808,20260926-185706_p4_c4_cuda_r3,1851,perf_20260926-185706_p4_c4_cuda_r3,0,485,1790441948864,0,1790441948866.025,23.052,45.954,1790441948936.037,Normal,0.8687
WIX,16808,20260926-185706_p4_c4_cuda_r3,1852,perf_20260926-185706_p4_c4_cuda_r3,0,486,1790441948928,0,1790441948939.07,21.966,52.42,1790441949014.485,Normal,0.9648
WIX,16808,20260926-185706_p4_c4_cuda_r3,1854,perf_20260926-185706_p4_c4_cuda_r3,0,487,1790441949036,0,1790441949039.809,23.035,44.153,1790441949107.966,Normal,0.9076
WIX,16808,20260926-185706_p4_c4_cuda_r3,1859,perf_20260926-185706_p4_c4_cuda_r3,0,488,1790441949303,0,1790441949306.268,207.755,46.482,1790441949560.505,Normal,0.9552
WIX,16808,20260926-185706_p4_c4_cuda_r3,1860,perf_20260926-185706_p4_c4_cuda_r3,0,489,1790441949365,0,1790441949562.507,12.522,47.82,1790441949623.851,Normal,0.9536
WIX,16808,20260926-185706_p4_c4_cuda_r3,1864,perf_20260926-185706_p4_c4_cuda_r3,0,490,1790441949582,0,1790441949626.863,6.985,46.669,1790441949681.517,Normal,0.4452
WIX,16808,20260926-185706_p4_c4_cuda_r3,1868,perf_20260926-185706_p4_c4_cuda_r3,0,491,1790441949803,0,1790441949806.47,9.147,50.842,1790441949866.459,Normal,0.9634
WIX,16808,20260926-185706_p4_c4_cuda_r3,1870,perf_20260926-185706_p4_c4_cuda_r3,0,492,1790441949928,0,1790441949931.281,6.96,46.461,1790441949985.92,Normal,0.9672
WIX,16808,20260926-185706_p4_c4_cuda_r3,1871,perf_20260926-185706_p4_c4_cuda_r3,0,493,1790441949976,0,1790441949988.924,10.035,49.37,1790441950049.243,Normal,0.9396
WIX,16808,20260926-185706_p4_c4_cuda_r3,1873,perf_20260926-185706_p4_c4_cuda_r3,0,494,1790441950084,0,1790441950087.554,15.982,47.081,1790441950151.618,Normal,0.9784
WIX,16808,20260926-185706_p4_c4_cuda_r3,1876,perf_20260926-185706_p4_c4_cuda_r3,0,495,1790441950256,0,1790441950258.476,8.001,45.396,1790441950311.874,Normal,0.9566
WIX,16808,20260926-185706_p4_c4_cuda_r3,1880,perf_20260926-185706_p4_c4_cuda_r3,0,496,1790441950476,0,1790441950479.66,8.966,48.325,1790441950536.95,Normal,0.944
WIX,16808,20260926-185706_p4_c4_cuda_r3,1883,perf_20260926-185706_p4_c4_cuda_r3,0,497,1790441950647,0,1790441950649.756,7.999,45.303,1790441950704.056,Normal,0.9603
WIX,16808,20260926-185706_p4_c4_cuda_r3,1884,perf_20260926-185706_p4_c4_cuda_r3,0,498,1790441950694,0,1790441950706.623,8.271,48.276,1790441950763.701,Normal,0.9628
WIX,16808,20260926-185706_p4_c4_cuda_r3,1889,perf_20260926-185706_p4_c4_cuda_r3,0,499,1790441950976,0,1790441950978.2,11.998,44.207,1790441951035.416,Normal,0.855
WIX,16808,20260926-185706_p4_c4_cuda_r3,1890,perf_20260926-185706_p4_c4_cuda_r3,0,500,1790441951039,0,1790441951041.417,7.51,43.739,1790441951093.665,Normal,0.7212
WIX,16808,20260926-185706_p4_c4_cuda_r3,1893,perf_20260926-185706_p4_c4_cuda_r3,0,501,1790441951196,0,1790441951198.886,11.279,48.556,1790441951259.699,Normal,0.9694
WIX,16808,20260926-185706_p4_c4_cuda_r3,1895,perf_20260926-185706_p4_c4_cuda_r3,0,502,1790441951304,0,1790441951307.207,14.015,46.929,1790441951369.15,Normal,0.956
WIX,16808,20260926-185706_p4_c4_cuda_r3,1901,perf_20260926-185706_p4_c4_cuda_r3,0,503,1790441951647,0,1790441951649.92,13.035,48.287,1790441951711.818,Normal,0.8777
WIX,16808,20260926-185706_p4_c4_cuda_r3,1902,perf_20260926-185706_p4_c4_cuda_r3,0,504,1790441951695,0,1790441951713.814,10.998,50.844,1790441951777.776,Normal,0.9138
WIX,16808,20260926-185706_p4_c4_cuda_r3,1904,perf_20260926-185706_p4_c4_cuda_r3,0,505,1790441951805,0,1790441951808.451,11.043,47.752,1790441951868.248,Normal,0.9457
WIX,16808,20260926-185706_p4_c4_cuda_r3,1905,perf_20260926-185706_p4_c4_cuda_r3,0,506,1790441951868,0,1790441951870.251,11.998,45.096,1790441951928.344,Normal,0.9335
WIX,16808,20260926-185706_p4_c4_cuda_r3,1910,perf_20260926-185706_p4_c4_cuda_r3,0,507,1790441952147,0,1790441952149.719,12.997,46.512,1790441952209.228,Normal,0.9233
WIX,16808,20260926-185706_p4_c4_cuda_r3,1914,perf_20260926-185706_p4_c4_cuda_r3,0,508,1790441952365,0,1790441952367.844,16.997,47.843,1790441952432.684,Normal,0.9532
WIX,16808,20260926-185706_p4_c4_cuda_r3,1916,perf_20260926-185706_p4_c4_cuda_r3,0,509,1790441952475,0,1790441952477.869,11.999,46.127,1790441952536.996,Normal,0.9589
WIX,16808,20260926-185706_p4_c4_cuda_r3,1922,perf_20260926-185706_p4_c4_cuda_r3,0,510,1790441952804,0,1790441952807.529,12.349,49.006,1790441952868.883,Normal,0.858
WIX,16808,20260926-185706_p4_c4_cuda_r3,1924,perf_20260926-185706_p4_c4_cuda_r3,0,511,1790441952915,0,1790441952918.412,10.972,47.507,1790441952978.367,Normal,0.9515
WIX,16808,20260926-185706_p4_c4_cuda_r3,1936,perf_20260926-185706_p4_c4_cuda_r3,0,512,1790441953590,0,1790441953593.282,21.041,48.133,1790441953663.418,Normal,0.971
WIX,16808,20260926-185706_p4_c4_cuda_r3,1937,perf_20260926-185706_p4_c4_cuda_r3,0,513,1790441953637,0,1790441953666.376,33.999,47.288,1790441953747.663,Normal,0.9794
WIX,16808,20260926-185706_p4_c4_cuda_r3,1938,perf_20260926-185706_p4_c4_cuda_r3,0,514,1790441953700,0,1790441953750.656,22.056,45.642,1790441953819.351,Normal,0.9588
WIX,16808,20260926-185706_p4_c4_cuda_r3,1939,perf_20260926-185706_p4_c4_cuda_r3,0,515,1790441953748,0,1790441953821.88,308.039,47.004,1790441954176.923,Normal,0.9293
WIX,16808,20260926-185706_p4_c4_cuda_r3,1941,perf_20260926-185706_p4_c4_cuda_r3,0,516,1790441953859,0,1790441954178.921,13.001,45.81,1790441954238.732,Normal,0.705
WIX,16808,20260926-185706_p4_c4_cuda_r3,1942,perf_20260926-185706_p4_c4_cuda_r3,0,517,1790441953922,0,1790441954238.732,11.996,45.586,1790441954297.819,Normal,0.9469
WIX,16808,20260926-185706_p4_c4_cuda_r3,1945,perf_20260926-185706_p4_c4_cuda_r3,0,518,1790441954080,0,1790441954297.819,15.007,48.05,1790441954360.875,Normal,0.9682
WIX,16808,20260926-185706_p4_c4_cuda_r3,1948,perf_20260926-185706_p4_c4_cuda_r3,0,519,1790441954253,0,1790441954362.85,18.228,44.613,1790441954426.017,Normal,0.968
WIX,16808,20260926-185706_p4_c4_cuda_r3,1952,perf_20260926-185706_p4_c4_cuda_r3,0,520,1790441954471,0,1790441954473.72,7.971,48.765,1790441954530.455,Normal,0.9422
WIX,16808,20260926-185706_p4_c4_cuda_r3,1956,perf_20260926-185706_p4_c4_cuda_r3,0,521,1790441954692,0,1790441954694.403,7.999,50.387,1790441954753.791,Normal,0.9618
WIX,16808,20260926-185706_p4_c4_cuda_r3,1957,perf_20260926-185706_p4_c4_cuda_r3,0,522,1790441954755,0,1790441954757.77,7.019,48.737,1790441954814.857,Normal,0.9389
WIX,16808,20260926-185706_p4_c4_cuda_r3,1960,perf_20260926-185706_p4_c4_cuda_r3,0,523,1790441954927,0,1790441954929.747,8.528,43.464,1790441954981.739,Normal,0.9132
WIX,16808,20260926-185706_p4_c4_cuda_r3,1965,perf_20260926-185706_p4_c4_cuda_r3,0,524,1790441955193,0,1790441955195.955,7.968,45.59,1790441955249.514,Normal,0.9543
WIX,16808,20260926-185706_p4_c4_cuda_r3,1971,perf_20260926-185706_p4_c4_cuda_r3,0,525,1790441955536,0,1790441955538.891,8.031,45.534,1790441955593.428,Normal,0.9729
WIX,16808,20260926-185706_p4_c4_cuda_r3,1974,perf_20260926-185706_p4_c4_cuda_r3,0,526,1790441955692,0,1790441955694.788,9.001,49.581,1790441955753.369,Normal,0.9642
WIX,16808,20260926-185706_p4_c4_cuda_r3,1980,perf_20260926-185706_p4_c4_cuda_r3,0,527,1790441956035,0,1790441956038.131,27.007,49.954,1790441956116.048,Normal,0.9804
WIX,16808,20260926-185706_p4_c4_cuda_r3,1987,perf_20260926-185706_p4_c4_cuda_r3,0,528,1790441956424,0,1790441956427.347,12.465,44.254,1790441956484.631,Normal,0.9509
WIX,16808,20260926-185706_p4_c4_cuda_r3,1988,perf_20260926-185706_p4_c4_cuda_r3,0,529,1790441956471,0,1790441956486.938,11.671,44.387,1790441956543.586,Normal,0.96
WIX,16808,20260926-185706_p4_c4_cuda_r3,1994,perf_20260926-185706_p4_c4_cuda_r3,0,530,1790441956815,0,1790441956818.395,13.0,47.376,1790441956879.356,Normal,0.7808
WIX,16808,20260926-185706_p4_c4_cuda_r3,1998,perf_20260926-185706_p4_c4_cuda_r3,0,531,1790441957033,0,1790441957035.734,11.997,50.756,1790441957098.487,Normal,0.949
WIX,16808,20260926-185706_p4_c4_cuda_r3,1999,perf_20260926-185706_p4_c4_cuda_r3,0,532,1790441957080,0,1790441957101.488,12.018,49.915,1790441957164.469,Normal,0.9535
WIX,16808,20260926-185706_p4_c4_cuda_r3,2000,perf_20260926-185706_p4_c4_cuda_r3,0,533,1790441957144,0,1790441957167.455,26.002,46.704,1790441957241.596,Normal,0.9502
WIX,16808,20260926-185706_p4_c4_cuda_r3,2001,perf_20260926-185706_p4_c4_cuda_r3,0,534,1790441957191,0,1790441957243.579,106.329,48.611,1790441957399.089,Normal,0.9521
WIX,16808,20260926-185706_p4_c4_cuda_r3,2003,perf_20260926-185706_p4_c4_cuda_r3,0,535,1790441957317,0,1790441957401.086,10.029,51.238,1790441957462.353,Normal,0.8497
WIX,16808,20260926-185706_p4_c4_cuda_r3,2007,perf_20260926-185706_p4_c4_cuda_r3,0,536,1790441957535,0,1790441957537.73,8.102,50.148,1790441957596.958,HATE,0.581
WIX,16808,20260926-185706_p4_c4_cuda_r3,2008,perf_20260926-185706_p4_c4_cuda_r3,0,537,1790441957581,0,1790441957599.966,6.997,45.839,1790441957653.798,Normal,0.9122
WIX,16808,20260926-185706_p4_c4_cuda_r3,2009,perf_20260926-185706_p4_c4_cuda_r3,0,538,1790441957643,0,1790441957656.835,9.961,45.869,1790441957714.017,Normal,0.9685
WIX,16808,20260926-185706_p4_c4_cuda_r3,2012,perf_20260926-185706_p4_c4_cuda_r3,0,539,1790441957815,0,1790441957817.195,8.96,46.962,1790441957873.116,Normal,0.8808
WIX,16808,20260926-185706_p4_c4_cuda_r3,2033,perf_20260926-185706_p4_c4_cuda_r3,0,540,1790441958971,0,1790441958973.843,10.015,49.771,1790441959033.629,Normal,0.9529
WIX,16808,20260926-185706_p4_c4_cuda_r3,2035,perf_20260926-185706_p4_c4_cuda_r3,0,541,1790441959096,0,1790441959099.013,9.741,48.007,1790441959157.776,Normal,0.9677
WIX,16808,20260926-185706_p4_c4_cuda_r3,2040,perf_20260926-185706_p4_c4_cuda_r3,0,542,1790441959360,0,1790441959367.773,14.728,42.587,1790441959426.28,Normal,0.9514
WIX,16808,20260926-185706_p4_c4_cuda_r3,2041,perf_20260926-185706_p4_c4_cuda_r3,0,543,1790441959422,0,1790441959429.464,18.675,56.429,1790441959504.568,Normal,0.9821
WIX,16808,20260926-185706_p4_c4_cuda_r3,2047,perf_20260926-185706_p4_c4_cuda_r3,0,544,1790441959751,0,1790441959754.497,21.995,46.371,1790441959823.883,Normal,0.9602
WIX,16808,20260926-185706_p4_c4_cuda_r3,2049,perf_20260926-185706_p4_c4_cuda_r3,0,545,1790441959861,0,1790441959863.902,27.593,45.217,1790441959936.711,Normal,0.9618
WIX,16808,20260926-185706_p4_c4_cuda_r3,2050,perf_20260926-185706_p4_c4_cuda_r3,0,546,1790441959924,0,1790441959939.574,20.024,46.164,1790441960006.767,Normal,0.9098
WIX,16808,20260926-185706_p4_c4_cuda_r3,2051,perf_20260926-185706_p4_c4_cuda_r3,0,547,1790441959971,0,1790441960009.809,21.978,47.082,1790441960079.859,Normal,0.895
WIX,16808,20260926-185706_p4_c4_cuda_r3,2054,perf_20260926-185706_p4_c4_cuda_r3,0,548,1790441960142,0,1790441960145.396,21.761,51.085,1790441960219.08,Normal,0.9434
WIX,16808,20260926-185706_p4_c4_cuda_r3,2057,perf_20260926-185706_p4_c4_cuda_r3,0,549,1790441960315,0,1790441960317.725,28.54,46.161,1790441960393.938,Normal,0.9636
WIX,16808,20260926-185706_p4_c4_cuda_r3,2062,perf_20260926-185706_p4_c4_cuda_r3,0,550,1790441960581,0,1790441960584.265,19.996,47.262,1790441960651.524,Normal,0.9555
WIX,16808,20260926-185706_p4_c4_cuda_r3,2065,perf_20260926-185706_p4_c4_cuda_r3,0,551,1790441960755,0,1790441960757.745,20.992,46.773,1790441960826.526,Normal,0.9517
WIX,16808,20260926-185706_p4_c4_cuda_r3,2066,perf_20260926-185706_p4_c4_cuda_r3,0,552,1790441960817,0,1790441960829.533,22.887,44.168,1790441960896.588,Normal,0.8556
WIX,16808,20260926-185706_p4_c4_cuda_r3,2068,perf_20260926-185706_p4_c4_cuda_r3,0,553,1790441960925,0,1790441960927.895,21.293,46.69,1790441960995.877,Normal,0.9216
WIX,16808,20260926-185706_p4_c4_cuda_r3,2071,perf_20260926-185706_p4_c4_cuda_r3,0,554,1790441961081,0,1790441961084.604,22.003,46.399,1790441961153.007,Normal,0.9769
WIX,16808,20260926-185706_p4_c4_cuda_r3,2073,perf_20260926-185706_p4_c4_cuda_r3,0,555,1790441961192,0,1790441961195.334,22.678,44.492,1790441961262.504,Normal,0.9734
WIX,16808,20260926-185706_p4_c4_cuda_r3,2075,perf_20260926-185706_p4_c4_cuda_r3,0,556,1790441961317,0,1790441961319.589,19.086,44.004,1790441961384.065,Normal,0.9608
WIX,16808,20260926-185706_p4_c4_cuda_r3,2083,perf_20260926-185706_p4_c4_cuda_r3,0,557,1790441961752,0,1790441961755.334,21.404,49.19,1790441961825.927,Normal,0.9208
WIX,16808,20260926-185706_p4_c4_cuda_r3,2085,perf_20260926-185706_p4_c4_cuda_r3,0,558,1790441961860,0,1790441961862.691,27.001,45.254,1790441961935.944,Normal,0.8942
WIX,16808,20260926-185706_p4_c4_cuda_r3,2087,perf_20260926-185706_p4_c4_cuda_r3,0,559,1790441961984,0,1790441961986.45,21.473,46.123,1790441962054.586,Normal,0.9627
WIX,16808,20260926-185706_p4_c4_cuda_r3,2088,perf_20260926-185706_p4_c4_cuda_r3,0,560,1790441962031,0,1790441962056.626,21.004,47.726,1790441962126.31,Normal,0.909
WIX,16808,20260926-185706_p4_c4_cuda_r3,2089,perf_20260926-185706_p4_c4_cuda_r3,0,561,1790441962094,0,1790441962128.346,257.495,48.735,1790441962435.576,Normal,0.9599
WIX,16808,20260926-185706_p4_c4_cuda_r3,2092,perf_20260926-185706_p4_c4_cuda_r3,0,562,1790441962252,0,1790441962438.575,10.032,46.458,1790441962495.066,Normal,0.6599
WIX,16808,20260926-185706_p4_c4_cuda_r3,2101,perf_20260926-185706_p4_c4_cuda_r3,0,563,1790441962753,0,1790441962755.869,8.999,48.809,1790441962813.677,Normal,0.9663
WIX,16808,20260926-185706_p4_c4_cuda_r3,2102,perf_20260926-185706_p4_c4_cuda_r3,0,564,1790441962816,0,1790441962818.677,7.027,45.209,1790441962871.887,Normal,0.8668
WIX,16808,20260926-185706_p4_c4_cuda_r3,2105,perf_20260926-185706_p4_c4_cuda_r3,0,565,1790441962972,0,1790441962974.349,8.001,44.001,1790441963027.349,Normal,0.9618
WIX,16808,20260926-185706_p4_c4_cuda_r3,2108,perf_20260926-185706_p4_c4_cuda_r3,0,566,1790441963146,0,1790441963148.667,9.505,49.662,1790441963208.839,Normal,0.9811
WIX,16808,20260926-185706_p4_c4_cuda_r3,2109,perf_20260926-185706_p4_c4_cuda_r3,0,567,1790441963193,0,1790441963210.84,7.995,44.111,1790441963263.946,Normal,0.9629
WIX,16808,20260926-185706_p4_c4_cuda_r3,2110,perf_20260926-185706_p4_c4_cuda_r3,0,568,1790441963257,0,1790441963265.958,6.986,45.754,1790441963319.7,Normal,0.8793
WIX,16808,20260926-185706_p4_c4_cuda_r3,2126,perf_20260926-185706_p4_c4_cuda_r3,0,569,1790441964149,0,1790441964152.421,8.057,43.766,1790441964205.104,Normal,0.9371
WIX,16808,20260926-185706_p4_c4_cuda_r3,2128,perf_20260926-185706_p4_c4_cuda_r3,0,570,1790441964258,0,1790441964260.63,20.999,45.289,1790441964327.933,Normal,0.9731
WIX,16808,20260926-185706_p4_c4_cuda_r3,2129,perf_20260926-185706_p4_c4_cuda_r3,0,571,1790441964304,0,1790441964330.959,13.054,46.414,1790441964391.392,Normal,0.9724
WIX,16808,20260926-185706_p4_c4_cuda_r3,2131,perf_20260926-185706_p4_c4_cuda_r3,0,572,1790441964416,0,1790441964418.03,12.978,48.568,1790441964480.022,Normal,0.9405
WIX,16808,20260926-185706_p4_c4_cuda_r3,2132,perf_20260926-185706_p4_c4_cuda_r3,0,573,1790441964477,0,1790441964482.02,11.999,47.613,1790441964541.632,Normal,0.9312
WIX,16808,20260926-185706_p4_c4_cuda_r3,2134,perf_20260926-185706_p4_c4_cuda_r3,0,574,1790441964585,0,1790441964588.355,12.998,46.655,1790441964648.008,Normal,0.958
WIX,16808,20260926-185706_p4_c4_cuda_r3,2139,perf_20260926-185706_p4_c4_cuda_r3,0,575,1790441964868,0,1790441964870.348,13.999,48.867,1790441964933.213,Normal,0.6253
WIX,16808,20260926-185706_p4_c4_cuda_r3,2142,perf_20260926-185706_p4_c4_cuda_r3,0,576,1790441965025,0,1790441965028.277,20.616,46.363,1790441965096.113,Normal,0.6979
WIX,16808,20260926-185706_p4_c4_cuda_r3,2144,perf_20260926-185706_p4_c4_cuda_r3,0,577,1790441965151,0,1790441965153.57,22.207,43.995,1790441965220.737,Normal,0.7385
WIX,16808,20260926-185706_p4_c4_cuda_r3,2147,perf_20260926-185706_p4_c4_cuda_r3,0,578,1790441965309,0,1790441965311.677,20.997,46.798,1790441965379.472,OFFENSIVE,0.8169
WIX,16808,20260926-185706_p4_c4_cuda_r3,2151,perf_20260926-185706_p4_c4_cuda_r3,0,579,1790441965528,0,1790441965530.868,22.11,44.373,1790441965598.28,Normal,0.8913
WIX,16808,20260926-185706_p4_c4_cuda_r3,2159,perf_20260926-185706_p4_c4_cuda_r3,0,580,1790441965981,0,1790441965984.039,19.968,44.827,1790441966048.834,Normal,0.9556
WIX,16808,20260926-185706_p4_c4_cuda_r3,2167,perf_20260926-185706_p4_c4_cuda_r3,0,581,1790441966420,0,1790441966423.589,8.263,43.066,1790441966475.462,Normal,0.96
WIX,16808,20260926-185706_p4_c4_cuda_r3,2169,perf_20260926-185706_p4_c4_cuda_r3,0,582,1790441966530,0,1790441966532.564,9.001,46.768,1790441966588.747,Normal,0.9302
WIX,16808,20260926-185706_p4_c4_cuda_r3,2172,perf_20260926-185706_p4_c4_cuda_r3,0,583,1790441966700,0,1790441966702.679,8.027,48.097,1790441966759.767,Normal,0.9375
WIX,16808,20260926-185706_p4_c4_cuda_r3,2174,perf_20260926-185706_p4_c4_cuda_r3,0,584,1790441966809,0,1790441966812.992,8.007,50.423,1790441966872.423,Normal,0.8385
WIX,16808,20260926-185706_p4_c4_cuda_r3,2177,perf_20260926-185706_p4_c4_cuda_r3,0,585,1790441966981,0,1790441966983.661,8.013,46.366,1790441967038.04,Normal,0.9588
WIX,16808,20260926-185706_p4_c4_cuda_r3,2180,perf_20260926-185706_p4_c4_cuda_r3,0,586,1790441967139,0,1790441967142.042,8.836,50.998,1790441967202.41,Normal,0.9375
WIX,16808,20260926-185706_p4_c4_cuda_r3,2186,perf_20260926-185706_p4_c4_cuda_r3,0,587,1790441967483,0,1790441967485.236,7.98,45.408,1790441967539.632,Normal,0.9746
WIX,16808,20260926-185706_p4_c4_cuda_r3,2189,perf_20260926-185706_p4_c4_cuda_r3,0,588,1790441967640,0,1790441967643.68,10.964,48.443,1790441967703.086,Normal,0.9292
WIX,16808,20260926-185706_p4_c4_cuda_r3,2190,perf_20260926-185706_p4_c4_cuda_r3,0,589,1790441967704,0,1790441967706.085,7.999,43.764,1790441967757.848,HATE,0.8407
WIX,16808,20260926-185706_p4_c4_cuda_r3,2197,perf_20260926-185706_p4_c4_cuda_r3,0,590,1790441968080,0,1790441968083.343,6.58,45.922,1790441968137.093,Normal,0.9428
WIX,16808,20260926-185706_p4_c4_cuda_r3,2200,perf_20260926-185706_p4_c4_cuda_r3,0,591,1790441968254,0,1790441968257.583,34.564,45.218,1790441968338.407,Normal,0.9725
WIX,16808,20260926-185706_p4_c4_cuda_r3,2206,perf_20260926-185706_p4_c4_cuda_r3,0,592,1790441968584,0,1790441968587.337,12.971,48.026,1790441968648.334,Normal,0.9692
WIX,16808,20260926-185706_p4_c4_cuda_r3,2207,perf_20260926-185706_p4_c4_cuda_r3,0,593,1790441968647,0,1790441968650.344,12.507,43.636,1790441968707.103,Normal,0.7969
WIX,16808,20260926-185706_p4_c4_cuda_r3,2214,perf_20260926-185706_p4_c4_cuda_r3,0,594,1790441969038,0,1790441969041.048,19.0,48.662,1790441969108.709,Normal,0.8985
WIX,16808,20260926-185706_p4_c4_cuda_r3,2215,perf_20260926-185706_p4_c4_cuda_r3,0,595,1790441969085,0,1790441969110.696,20.876,44.517,1790441969176.09,Normal,0.9556
WIX,16808,20260926-185706_p4_c4_cuda_r3,2224,perf_20260926-185706_p4_c4_cuda_r3,0,596,1790441969582,0,1790441969585.229,16.629,47.69,1790441969649.548,OFFENSIVE,0.8689
WIX,16808,20260926-185706_p4_c4_cuda_r3,2233,perf_20260926-185706_p4_c4_cuda_r3,0,597,1790441970081,0,1790441970083.864,21.097,48.193,1790441970154.162,Normal,0.9303
WIX,16808,20260926-185706_p4_c4_cuda_r3,2244,perf_20260926-185706_p4_c4_cuda_r3,0,598,1790441970706,0,1790441970709.877,18.956,45.725,1790441970774.559,Normal,0.8827
WIX,16808,20260926-185706_p4_c4_cuda_r3,2249,perf_20260926-185706_p4_c4_cuda_r3,0,599,1790441970974,0,1790441970977.253,7.998,46.993,1790441971032.244,Normal,0.963
WIX,16808,20260926-185706_p4_c4_cuda_r3,2264,perf_20260926-185706_p4_c4_cuda_r3,0,600,1790441971806,0,1790441971809.94,11.02,46.092,1790441971868.041,Normal,0.9652
WIX,16808,20260926-185706_p4_c4_cuda_r3,2266,perf_20260926-185706_p4_c4_cuda_r3,0,601,1790441971914,0,1790441971917.681,9.97,48.016,1790441971975.667,Normal,0.9598
WIX,16808,20260926-185706_p4_c4_cuda_r3,2272,perf_20260926-185706_p4_c4_cuda_r3,0,602,1790441972259,0,1790441972261.588,8.633,44.908,1790441972315.128,Normal,0.9626
WIX,16808,20260926-185706_p4_c4_cuda_r3,2288,perf_20260926-185706_p4_c4_cuda_r3,0,603,1790441973137,0,1790441973140.742,10.993,46.967,1790441973199.676,Normal,0.9556
WIX,16808,20260926-185706_p4_c4_cuda_r3,2294,perf_20260926-185706_p4_c4_cuda_r3,0,604,1790441973482,0,1790441973485.201,11.006,50.157,1790441973547.365,Normal,0.9375
WIX,16808,20260926-185706_p4_c4_cuda_r3,2301,perf_20260926-185706_p4_c4_cuda_r3,0,605,1790441973858,0,1790441973860.655,14.344,44.731,1790441973919.73,Normal,0.979
WIX,16808,20260926-185706_p4_c4_cuda_r3,2305,perf_20260926-185706_p4_c4_cuda_r3,0,606,1790441974093,0,1790441974095.95,11.0,45.151,1790441974153.129,Normal,0.9357
WIX,16808,20260926-185706_p4_c4_cuda_r3,2306,perf_20260926-185706_p4_c4_cuda_r3,0,607,1790441974141,0,1790441974155.156,11.008,45.683,1790441974212.809,Normal,0.955
WIX,16808,20260926-185706_p4_c4_cuda_r3,2307,perf_20260926-185706_p4_c4_cuda_r3,0,608,1790441974203,0,1790441974214.821,11.036,46.522,1790441974273.333,Normal,0.9598
WIX,16808,20260926-185706_p4_c4_cuda_r3,2308,perf_20260926-185706_p4_c4_cuda_r3,0,609,1790441974249,0,1790441974276.368,36.098,47.173,1790441974360.641,Normal,0.9806
WIX,16808,20260926-185706_p4_c4_cuda_r3,2309,perf_20260926-185706_p4_c4_cuda_r3,0,610,1790441974311,0,1790441974363.665,12.007,49.22,1790441974424.892,Normal,0.9429
WIX,16808,20260926-185706_p4_c4_cuda_r3,2314,perf_20260926-185706_p4_c4_cuda_r3,0,611,1790441974594,0,1790441974597.176,20.997,47.907,1790441974666.08,Normal,0.9799
WIX,16808,20260926-185706_p4_c4_cuda_r3,2318,perf_20260926-185706_p4_c4_cuda_r3,0,612,1790441974812,0,1790441974814.34,14.996,45.895,1790441974875.939,Normal,0.9645
WIX,16808,20260926-185706_p4_c4_cuda_r3,2322,perf_20260926-185706_p4_c4_cuda_r3,0,613,1790441975031,0,1790441975033.311,13.044,48.884,1790441975096.198,Normal,0.9307
WIX,16808,20260926-185706_p4_c4_cuda_r3,2323,perf_20260926-185706_p4_c4_cuda_r3,0,614,1790441975092,0,1790441975099.225,11.003,45.998,1790441975157.189,Normal,0.9556
WIX,16808,20260926-185706_p4_c4_cuda_r3,2330,perf_20260926-185706_p4_c4_cuda_r3,0,615,1790441975484,0,1790441975487.166,21.532,46.303,1790441975557.065,Normal,0.9709
WIX,16808,20260926-185706_p4_c4_cuda_r3,2339,perf_20260926-185706_p4_c4_cuda_r3,0,616,1790441975970,0,1790441975972.229,115.429,44.614,1790441976132.272,Normal,0.9479
WIX,16808,20260926-185706_p4_c4_cuda_r3,2340,perf_20260926-185706_p4_c4_cuda_r3,0,617,1790441976034,0,1790441976135.269,14.004,45.994,1790441976195.267,Normal,0.9757
WIX,16808,20260926-185706_p4_c4_cuda_r3,2350,perf_20260926-185706_p4_c4_cuda_r3,0,618,1790441976582,0,1790441976584.97,8.018,46.831,1790441976639.819,Normal,0.9255
WIX,16808,20260926-185706_p4_c4_cuda_r3,2354,perf_20260926-185706_p4_c4_cuda_r3,0,619,1790441976817,0,1790441976819.677,7.999,46.083,1790441976874.47,Normal,0.9556
WIX,16808,20260926-185706_p4_c4_cuda_r3,2357,perf_20260926-185706_p4_c4_cuda_r3,0,620,1790441976976,0,1790441976979.152,8.0,47.734,1790441977035.881,Normal,0.9058
WIX,16808,20260926-185706_p4_c4_cuda_r3,2369,perf_20260926-185706_p4_c4_cuda_r3,0,621,1790441977647,0,1790441977649.476,8.0,43.887,1790441977701.363,Normal,0.9191
WIX,16808,20260926-185706_p4_c4_cuda_r3,2373,perf_20260926-185706_p4_c4_cuda_r3,0,622,1790441977868,0,1790441977870.621,15.313,43.092,1790441977929.565,Normal,0.9504
WIX,16808,20260926-185706_p4_c4_cuda_r3,2378,perf_20260926-185706_p4_c4_cuda_r3,0,623,1790441978136,0,1790441978138.59,12.001,44.619,1790441978196.215,Normal,0.9475
WIX,16808,20260926-185706_p4_c4_cuda_r3,2383,perf_20260926-185706_p4_c4_cuda_r3,0,624,1790441978415,0,1790441978417.491,12.024,47.017,1790441978477.533,Normal,0.958
WIX,16808,20260926-185706_p4_c4_cuda_r3,2385,perf_20260926-185706_p4_c4_cuda_r3,0,625,1790441978539,0,1790441978541.602,20.014,46.389,1790441978608.609,Normal,0.9653
WIX,16808,20260926-185706_p4_c4_cuda_r3,2393,perf_20260926-185706_p4_c4_cuda_r3,0,626,1790441978977,0,1790441978980.558,15.136,48.61,1790441979044.955,Normal,0.9389
WIX,16808,20260926-185706_p4_c4_cuda_r3,2398,perf_20260926-185706_p4_c4_cuda_r3,0,627,1790441979258,0,1790441979261.36,16.005,44.621,1790441979321.986,OFFENSIVE,0.4373
WIX,16808,20260926-185706_p4_c4_cuda_r3,2399,perf_20260926-185706_p4_c4_cuda_r3,0,628,1790441979305,0,1790441979325.549,13.248,42.568,1790441979382.474,Normal,0.9605
WIX,16808,20260926-185706_p4_c4_cuda_r3,2414,perf_20260926-185706_p4_c4_cuda_r3,0,629,1790441980140,0,1790441980142.695,179.119,52.134,1790441980373.948,Normal,0.9731
WIX,16808,20260926-185706_p4_c4_cuda_r3,2415,perf_20260926-185706_p4_c4_cuda_r3,0,630,1790441980203,0,1790441980378.004,10.998,44.348,1790441980433.351,Normal,0.9555
WIX,16808,20260926-185706_p4_c4_cuda_r3,2416,perf_20260926-185706_p4_c4_cuda_r3,0,631,1790441980250,0,1790441980433.351,9.521,45.29,1790441980488.161,Normal,0.9541
WIX,16808,20260926-185706_p4_c4_cuda_r3,2418,perf_20260926-185706_p4_c4_cuda_r3,0,632,1790441980358,0,1790441980488.161,15.965,53.024,1790441980558.158,Normal,0.9629
WIX,16808,20260926-185706_p4_c4_cuda_r3,2423,perf_20260926-185706_p4_c4_cuda_r3,0,633,1790441980642,0,1790441980644.244,7.999,45.207,1790441980698.456,Normal,0.9665
WIX,16808,20260926-185706_p4_c4_cuda_r3,2425,perf_20260926-185706_p4_c4_cuda_r3,0,634,1790441980752,0,1790441980754.191,8.996,49.85,1790441980813.037,Normal,0.9299
WIX,16808,20260926-185706_p4_c4_cuda_r3,2427,perf_20260926-185706_p4_c4_cuda_r3,0,635,1790441980862,0,1790441980864.69,12.542,49.811,1790441980928.048,Normal,0.9476
WIX,16808,20260926-185706_p4_c4_cuda_r3,2429,perf_20260926-185706_p4_c4_cuda_r3,0,636,1790441980972,0,1790441980974.126,7.534,47.236,1790441981029.898,Normal,0.9094
WIX,16808,20260926-185706_p4_c4_cuda_r3,2433,perf_20260926-185706_p4_c4_cuda_r3,0,637,1790441981206,0,1790441981208.185,6.997,44.376,1790441981260.558,Normal,0.9423
WIX,16808,20260926-185706_p4_c4_cuda_r3,2434,perf_20260926-185706_p4_c4_cuda_r3,0,638,1790441981252,0,1790441981263.589,9.988,45.316,1790441981319.899,Normal,0.9423
WIX,16808,20260926-185706_p4_c4_cuda_r3,2436,perf_20260926-185706_p4_c4_cuda_r3,0,639,1790441981361,0,1790441981364.766,8.012,47.946,1790441981421.706,Normal,0.9011
WIX,16808,20260926-185706_p4_c4_cuda_r3,2443,perf_20260926-185706_p4_c4_cuda_r3,0,640,1790441981750,0,1790441981752.269,9.001,46.042,1790441981807.312,Normal,0.9302
WIX,16808,20260926-185706_p4_c4_cuda_r3,2449,perf_20260926-185706_p4_c4_cuda_r3,0,641,1790441982091,0,1790441982094.154,16.512,48.12,1790441982158.787,Normal,0.9337
WIX,16808,20260926-185706_p4_c4_cuda_r3,2454,perf_20260926-185706_p4_c4_cuda_r3,0,642,1790441982373,0,1790441982375.984,12.036,46.249,1790441982435.268,Normal,0.9286
WIX,16808,20260926-185706_p4_c4_cuda_r3,2457,perf_20260926-185706_p4_c4_cuda_r3,0,643,1790441982530,0,1790441982532.826,12.011,50.109,1790441982594.946,Normal,0.6708
WIX,16808,20260926-185706_p4_c4_cuda_r3,2459,perf_20260926-185706_p4_c4_cuda_r3,0,644,1790441982640,0,1790441982642.664,11.916,45.32,1790441982700.41,Normal,0.9695
WIX,16808,20260926-185706_p4_c4_cuda_r3,2460,perf_20260926-185706_p4_c4_cuda_r3,0,645,1790441982702,0,1790441982704.5,11.064,43.903,1790441982760.017,Normal,0.9423
WIX,16808,20260926-185706_p4_c4_cuda_r3,2468,perf_20260926-185706_p4_c4_cuda_r3,0,646,1790441983139,0,1790441983141.714,11.992,48.924,1790441983202.63,Normal,0.9476
WIX,16808,20260926-185706_p4_c4_cuda_r3,2472,perf_20260926-185706_p4_c4_cuda_r3,0,647,1790441983358,0,1790441983360.949,15.996,46.477,1790441983424.426,Normal,0.9722
WIX,16808,20260926-185706_p4_c4_cuda_r3,2473,perf_20260926-185706_p4_c4_cuda_r3,0,648,1790441983421,0,1790441983427.427,11.019,46.149,1790441983485.886,Normal,0.9556
WIX,16808,20260926-185706_p4_c4_cuda_r3,2475,perf_20260926-185706_p4_c4_cuda_r3,0,649,1790441983530,0,1790441983532.677,15.758,44.48,1790441983642.718,Normal,0.9635
WIX,16808,20260926-185706_p4_c4_cuda_r3,2476,perf_20260926-185706_p4_c4_cuda_r3,0,650,1790441983592,0,1790441983645.716,276.008,45.213,1790441983966.937,Normal,0.9392
WIX,16808,20260926-185706_p4_c4_cuda_r3,2479,perf_20260926-185706_p4_c4_cuda_r3,0,651,1790441983750,0,1790441983969.956,12.987,45.798,1790441984029.737,Normal,0.9423
WIX,16808,20260926-185706_p4_c4_cuda_r3,2487,perf_20260926-185706_p4_c4_cuda_r3,0,652,1790441984193,0,1790441984195.459,14.065,44.255,1790441984254.8,Normal,0.9306
WIX,16808,20260926-185706_p4_c4_cuda_r3,2493,perf_20260926-185706_p4_c4_cuda_r3,0,653,1790441984536,0,1790441984538.547,8.997,46.956,1790441984594.5,Normal,0.9423
WIX,16808,20260926-185706_p4_c4_cuda_r3,2497,perf_20260926-185706_p4_c4_cuda_r3,0,654,1790441984757,0,1790441984760.576,8.022,46.931,1790441984822.857,Normal,0.8665
WIX,16808,20260926-185706_p4_c4_cuda_r3,2499,perf_20260926-185706_p4_c4_cuda_r3,0,655,1790441984868,0,1790441984871.079,6.976,43.722,1790441984922.88,Normal,0.9447
WIX,16808,20260926-185706_p4_c4_cuda_r3,2509,perf_20260926-185706_p4_c4_cuda_r3,0,656,1790441985416,0,1790441985418.851,11.008,46.673,1790441985476.532,Normal,0.8853
WIX,16808,20260926-185706_p4_c4_cuda_r3,2518,perf_20260926-185706_p4_c4_cuda_r3,0,657,1790441985920,0,1790441985923.136,14.222,46.65,1790441985985.008,Normal,0.9461
WIX,16808,20260926-185706_p4_c4_cuda_r3,2526,perf_20260926-185706_p4_c4_cuda_r3,0,658,1790441986360,0,1790441986363.363,13.73,45.382,1790441986423.473,Normal,0.9738
WIX,16808,20260926-185706_p4_c4_cuda_r3,2530,perf_20260926-185706_p4_c4_cuda_r3,0,659,1790441986593,0,1790441986596.968,16.509,43.918,1790441986658.395,Normal,0.9668
WIX,16808,20260926-185706_p4_c4_cuda_r3,2535,perf_20260926-185706_p4_c4_cuda_r3,0,660,1790441986861,0,1790441986863.084,13.012,46.895,1790441986922.991,Normal,0.9664
WIX,16808,20260926-185706_p4_c4_cuda_r3,2536,perf_20260926-185706_p4_c4_cuda_r3,0,661,1790441986923,0,1790441986926.588,11.947,45.792,1790441986985.326,Normal,0.7829
WIX,16808,20260926-185706_p4_c4_cuda_r3,2537,perf_20260926-185706_p4_c4_cuda_r3,0,662,1790441986970,0,1790441986988.324,11.002,46.918,1790441987047.243,Normal,0.9323
WIX,16808,20260926-185706_p4_c4_cuda_r3,2539,perf_20260926-185706_p4_c4_cuda_r3,0,663,1790441987080,0,1790441987082.847,13.033,47.338,1790441987143.217,Normal,0.9436
WIX,16808,20260926-185706_p4_c4_cuda_r3,2544,perf_20260926-185706_p4_c4_cuda_r3,0,664,1790441987362,0,1790441987364.97,11.533,48.165,1790441987425.667,Normal,0.7897
WIX,16808,20260926-185706_p4_c4_cuda_r3,2547,perf_20260926-185706_p4_c4_cuda_r3,0,665,1790441987533,0,1790441987535.873,12.044,49.74,1790441987597.656,Normal,0.9518
WIX,16808,20260926-185706_p4_c4_cuda_r3,2549,perf_20260926-185706_p4_c4_cuda_r3,0,666,1790441987644,0,1790441987646.902,13.006,47.998,1790441987726.243,Normal,0.9571
WIX,16808,20260926-185706_p4_c4_cuda_r3,2556,perf_20260926-185706_p4_c4_cuda_r3,0,667,1790441988037,0,1790441988039.999,21.075,45.517,1790441988107.556,Normal,0.9209
WIX,16808,20260926-185706_p4_c4_cuda_r3,2557,perf_20260926-185706_p4_c4_cuda_r3,0,668,1790441988085,0,1790441988110.629,29.307,47.997,1790441988188.958,Normal,0.9671
WIX,16808,20260926-185706_p4_c4_cuda_r3,2563,perf_20260926-185706_p4_c4_cuda_r3,0,669,1790441988417,0,1790441988419.748,137.074,46.554,1790441988603.376,Normal,0.966
WIX,16808,20260926-185706_p4_c4_cuda_r3,2565,perf_20260926-185706_p4_c4_cuda_r3,0,670,1790441988526,0,1790441988606.377,19.202,44.578,1790441988671.117,Normal,0.9375
WIX,16808,20260926-185706_p4_c4_cuda_r3,2568,perf_20260926-185706_p4_c4_cuda_r3,0,671,1790441988699,0,1790441988702.58,7.019,44.915,1790441988756.018,Normal,0.917
WIX,16808,20260926-185706_p4_c4_cuda_r3,2575,perf_20260926-185706_p4_c4_cuda_r3,0,672,1790441989091,0,1790441989093.645,9.007,44.585,1790441989147.236,Normal,0.9601
WIX,16808,20260926-185706_p4_c4_cuda_r3,2578,perf_20260926-185706_p4_c4_cuda_r3,0,673,1790441989248,0,1790441989250.219,8.551,49.017,1790441989308.798,Normal,0.9436
WIX,16808,20260926-185706_p4_c4_cuda_r3,2579,perf_20260926-185706_p4_c4_cuda_r3,0,674,1790441989311,0,1790441989314.833,11.866,67.508,1790441989394.719,Normal,0.9209
WIX,16808,20260926-185706_p4_c4_cuda_r3,2583,perf_20260926-185706_p4_c4_cuda_r3,0,675,1790441989529,0,1790441989531.083,9.696,49.877,1790441989590.657,Normal,0.9673
WIX,16808,20260926-185706_p4_c4_cuda_r3,2586,perf_20260926-185706_p4_c4_cuda_r3,0,676,1790441989698,0,1790441989701.108,9.732,45.365,1790441989756.75,Normal,0.9524
WIX,16808,20260926-185706_p4_c4_cuda_r3,2588,perf_20260926-185706_p4_c4_cuda_r3,0,677,1790441989806,0,1790441989809.105,8.899,44.827,1790441989863.368,Normal,0.9312
WIX,16808,20260926-185706_p4_c4_cuda_r3,2594,perf_20260926-185706_p4_c4_cuda_r3,0,678,1790441990146,0,1790441990150.143,9.169,48.911,1790441990209.231,Normal,0.9372
WIX,16808,20260926-185706_p4_c4_cuda_r3,2596,perf_20260926-185706_p4_c4_cuda_r3,0,679,1790441990255,0,1790441990258.053,8.111,43.449,1790441990310.151,Normal,0.9776
WIX,16808,20260926-185706_p4_c4_cuda_r3,2597,perf_20260926-185706_p4_c4_cuda_r3,0,680,1790441990317,0,1790441990320.023,6.975,45.321,1790441990372.32,Normal,0.9442
WIX,16808,20260926-185706_p4_c4_cuda_r3,2599,perf_20260926-185706_p4_c4_cuda_r3,0,681,1790441990425,0,1790441990428.064,12.676,70.612,1790441990511.903,Normal,0.972
WIX,16808,20260926-185706_p4_c4_cuda_r3,2600,perf_20260926-185706_p4_c4_cuda_r3,0,682,1790441990472,0,1790441990514.688,11.172,45.407,1790441990572.474,Normal,0.9608
WIX,16808,20260926-185706_p4_c4_cuda_r3,2601,perf_20260926-185706_p4_c4_cuda_r3,0,683,1790441990533,0,1790441990575.382,10.775,44.324,1790441990631.018,Normal,0.9608
WIX,16808,20260926-185706_p4_c4_cuda_r3,2602,perf_20260926-185706_p4_c4_cuda_r3,0,684,1790441990595,0,1790441990633.842,30.684,48.208,1790441990713.29,Normal,0.938
WIX,16808,20260926-185706_p4_c4_cuda_r3,2607,perf_20260926-185706_p4_c4_cuda_r3,0,685,1790441990861,0,1790441990864.232,13.11,64.465,1790441990941.808,Normal,0.9649
WIX,16808,20260926-185706_p4_c4_cuda_r3,2610,perf_20260926-185706_p4_c4_cuda_r3,0,686,1790441991033,0,1790441991036.232,12.574,48.124,1790441991096.93,Normal,0.9675
WIX,16808,20260926-185706_p4_c4_cuda_r3,2611,perf_20260926-185706_p4_c4_cuda_r3,0,687,1790441991080,0,1790441991098.932,14.575,45.011,1790441991159.517,Normal,0.7115
WIX,16808,20260926-185706_p4_c4_cuda_r3,2614,perf_20260926-185706_p4_c4_cuda_r3,0,688,1790441991253,0,1790441991255.818,12.535,46.129,1790441991314.482,Normal,0.9561
WIX,16808,20260926-185706_p4_c4_cuda_r3,2615,perf_20260926-185706_p4_c4_cuda_r3,0,689,1790441991315,0,1790441991317.483,12.954,47.523,1790441991377.96,Normal,0.9639
WIX,16808,20260926-185706_p4_c4_cuda_r3,2620,perf_20260926-185706_p4_c4_cuda_r3,0,690,1790441991595,0,1790441991597.021,21.08,42.339,1790441991660.894,Normal,0.9547
WIX,16808,20260926-185706_p4_c4_cuda_r3,2626,perf_20260926-185706_p4_c4_cuda_r3,0,691,1790441991923,0,1790441991926.467,21.045,44.636,1790441992004.675,Normal,0.9375
WIX,16808,20260926-185706_p4_c4_cuda_r3,2628,perf_20260926-185706_p4_c4_cuda_r3,0,692,1790441992031,0,1790441992034.412,19.814,47.412,1790441992101.638,Normal,0.963
WIX,16808,20260926-185706_p4_c4_cuda_r3,2636,perf_20260926-185706_p4_c4_cuda_r3,0,693,1790441992473,0,1790441992475.331,90.886,65.71,1790441992632.927,Normal,0.9699
WIX,16808,20260926-185706_p4_c4_cuda_r3,2642,perf_20260926-185706_p4_c4_cuda_r3,0,694,1790441992804,0,1790441992806.631,8.982,49.728,1790441992865.341,Normal,0.9506
WIX,16808,20260926-185706_p4_c4_cuda_r3,2645,perf_20260926-185706_p4_c4_cuda_r3,0,695,1790441992975,0,1790441992977.442,7.997,49.419,1790441993035.86,Normal,0.9552
WIX,16808,20260926-185706_p4_c4_cuda_r3,2646,perf_20260926-185706_p4_c4_cuda_r3,0,696,1790441993037,0,1790441993040.46,7.508,45.042,1790441993094.025,Normal,0.9573
WIX,16808,20260926-185706_p4_c4_cuda_r3,2648,perf_20260926-185706_p4_c4_cuda_r3,0,697,1790441993146,0,1790441993149.043,9.998,47.999,1790441993208.042,Normal,0.9555
WIX,16808,20260926-185706_p4_c4_cuda_r3,2651,perf_20260926-185706_p4_c4_cuda_r3,0,698,1790441993305,0,1790441993307.271,16.036,48.255,1790441993372.67,Normal,0.9785
WIX,16808,20260926-185706_p4_c4_cuda_r3,2655,perf_20260926-185706_p4_c4_cuda_r3,0,699,1790441993540,0,1790441993542.696,8.511,43.969,1790441993596.203,Normal,0.9556
WIX,16808,20260926-185706_p4_c4_cuda_r3,2657,perf_20260926-185706_p4_c4_cuda_r3,0,700,1790441993649,0,1790441993651.989,7.999,44.239,1790441993704.227,Normal,0.9665
WIX,16808,20260926-185706_p4_c4_cuda_r3,2660,perf_20260926-185706_p4_c4_cuda_r3,0,701,1790441993805,0,1790441993808.76,11.299,66.399,1790441993887.01,Normal,0.9425
WIX,16808,20260926-185706_p4_c4_cuda_r3,2664,perf_20260926-185706_p4_c4_cuda_r3,0,702,1790441994038,0,1790441994040.962,8.504,44.955,1790441994095.381,Normal,0.9542
WIX,16808,20260926-185706_p4_c4_cuda_r3,2670,perf_20260926-185706_p4_c4_cuda_r3,0,703,1790441994369,0,1790441994371.732,12.064,72.778,1790441994456.574,Normal,0.9223
WIX,16808,20260926-185706_p4_c4_cuda_r3,2671,perf_20260926-185706_p4_c4_cuda_r3,0,704,1790441994416,0,1790441994458.539,13.0,47.295,1790441994518.834,Normal,0.9168
WIX,16808,20260926-185706_p4_c4_cuda_r3,2675,perf_20260926-185706_p4_c4_cuda_r3,0,705,1790441994651,0,1790441994654.555,11.002,46.033,1790441994711.59,Normal,0.9515
WIX,16808,20260926-185706_p4_c4_cuda_r3,2677,perf_20260926-185706_p4_c4_cuda_r3,0,706,1790441994760,0,1790441994762.285,16.0,44.248,1790441994822.533,Normal,0.9725
WIX,16808,20260926-185706_p4_c4_cuda_r3,2682,perf_20260926-185706_p4_c4_cuda_r3,0,707,1790441995028,0,1790441995030.546,14.66,48.87,1790441995094.075,Normal,0.9551
WIX,16808,20260926-185706_p4_c4_cuda_r3,2689,perf_20260926-185706_p4_c4_cuda_r3,0,708,1790441995421,0,1790441995422.79,11.507,47.441,1790441995482.74,Normal,0.9556
WIX,16808,20260926-185706_p4_c4_cuda_r3,2693,perf_20260926-185706_p4_c4_cuda_r3,0,709,1790441995640,0,1790441995642.894,14.59,47.974,1790441995705.458,Normal,0.9666
WIX,16808,20260926-185706_p4_c4_cuda_r3,2698,perf_20260926-185706_p4_c4_cuda_r3,0,710,1790441995920,0,1790441995923.128,21.099,47.96,1790441995993.581,Normal,0.9639
WIX,16808,20260926-185706_p4_c4_cuda_r3,2701,perf_20260926-185706_p4_c4_cuda_r3,0,711,1790441996093,0,1790441996096.265,23.034,46.129,1790441996166.103,Normal,0.9102
WIX,16808,20260926-185706_p4_c4_cuda_r3,2710,perf_20260926-185706_p4_c4_cuda_r3,0,712,1790441996592,0,1790441996594.353,13.002,48.361,1790441996655.716,Normal,0.8873
WIX,16808,20260926-185706_p4_c4_cuda_r3,2717,perf_20260926-185706_p4_c4_cuda_r3,0,713,1790441996969,0,1790441996972.921,7.964,48.751,1790441997029.635,Normal,0.9485
WIX,16808,20260926-185706_p4_c4_cuda_r3,2720,perf_20260926-185706_p4_c4_cuda_r3,0,714,1790441997142,0,1790441997145.492,8.006,50.493,1790441997204.997,Normal,0.9722
WIX,16808,20260926-185706_p4_c4_cuda_r3,2724,perf_20260926-185706_p4_c4_cuda_r3,0,715,1790441997362,0,1790441997364.349,9.001,43.554,1790441997416.903,Normal,0.49
WIX,16808,20260926-185706_p4_c4_cuda_r3,2728,perf_20260926-185706_p4_c4_cuda_r3,0,716,1790441997595,0,1790441997596.92,7.036,46.903,1790441997651.821,Normal,0.9475
WIX,16808,20260926-185706_p4_c4_cuda_r3,2729,perf_20260926-185706_p4_c4_cuda_r3,0,717,1790441997642,0,1790441997654.856,6.983,45.182,1790441997707.021,Normal,0.979
WIX,16808,20260926-185706_p4_c4_cuda_r3,2734,perf_20260926-185706_p4_c4_cuda_r3,0,718,1790441997924,0,1790441997927.483,7.959,71.016,1790441998006.458,Normal,0.4924
WIX,16808,20260926-185706_p4_c4_cuda_r3,2735,perf_20260926-185706_p4_c4_cuda_r3,0,719,1790441997972,0,1790441998009.466,11.032,46.926,1790441998069.137,Normal,0.9624
WIX,16808,20260926-185706_p4_c4_cuda_r3,2740,perf_20260926-185706_p4_c4_cuda_r3,0,720,1790441998254,0,1790441998256.913,9.514,46.399,1790441998312.825,Normal,0.9667
WIX,16808,20260926-185706_p4_c4_cuda_r3,2742,perf_20260926-185706_p4_c4_cuda_r3,0,721,1790441998363,0,1790441998365.936,7.995,46.237,1790441998421.17,Normal,0.9679
WIX,16808,20260926-185706_p4_c4_cuda_r3,2751,perf_20260926-185706_p4_c4_cuda_r3,0,722,1790441998860,0,1790441998862.297,16.511,46.836,1790441998925.644,Normal,0.9819
WIX,16808,20260926-185706_p4_c4_cuda_r3,2760,perf_20260926-185706_p4_c4_cuda_r3,0,723,1790441999359,0,1790441999362.942,15.167,45.115,1790441999423.753,Normal,0.9023
WIX,16808,20260926-185706_p4_c4_cuda_r3,2761,perf_20260926-185706_p4_c4_cuda_r3,0,724,1790441999422,0,1790441999428.023,22.547,48.993,1790441999500.568,Normal,0.548
WIX,16808,20260926-185706_p4_c4_cuda_r3,2766,perf_20260926-185706_p4_c4_cuda_r3,0,725,1790441999702,0,1790441999704.603,119.888,49.565,1790441999874.055,Normal,0.9633
WIX,16808,20260926-185706_p4_c4_cuda_r3,2769,perf_20260926-185706_p4_c4_cuda_r3,0,726,1790441999859,0,1790441999876.058,11.998,49.321,1790441999937.377,Normal,0.9464
WIX,16808,20260926-185706_p4_c4_cuda_r3,2773,perf_20260926-185706_p4_c4_cuda_r3,0,727,1790442000094,0,1790442000096.547,7.516,45.033,1790442000150.095,Normal,0.9658
WIX,16808,20260926-185706_p4_c4_cuda_r3,2779,perf_20260926-185706_p4_c4_cuda_r3,0,728,1790442000423,0,1790442000426.204,11.005,48.539,1790442000485.748,Normal,0.9561
WIX,16808,20260926-185706_p4_c4_cuda_r3,2780,perf_20260926-185706_p4_c4_cuda_r3,0,729,1790442000470,0,1790442000489.769,6.982,44.52,1790442000542.253,Normal,0.9678
WIX,16808,20260926-185706_p4_c4_cuda_r3,2782,perf_20260926-185706_p4_c4_cuda_r3,0,730,1790442000580,0,1790442000584.879,9.993,48.989,1790442000643.861,Normal,0.9105
WIX,16808,20260926-185706_p4_c4_cuda_r3,2783,perf_20260926-185706_p4_c4_cuda_r3,0,731,1790442000643,0,1790442000646.872,11.034,49.922,1790442000707.829,Normal,0.915
WIX,16808,20260926-185706_p4_c4_cuda_r3,2784,perf_20260926-185706_p4_c4_cuda_r3,0,732,1790442000704,0,1790442000710.824,12.0,46.436,1790442000770.258,Normal,0.9803
WIX,16808,20260926-185706_p4_c4_cuda_r3,2792,perf_20260926-185706_p4_c4_cuda_r3,0,733,1790442001144,0,1790442001147.073,11.037,48.865,1790442001206.976,Normal,0.9304
WIX,16808,20260926-185706_p4_c4_cuda_r3,2793,perf_20260926-185706_p4_c4_cuda_r3,0,734,1790442001192,0,1790442001209.975,11.0,43.357,1790442001265.221,Normal,0.8011
WIX,16808,20260926-185706_p4_c4_cuda_r3,2796,perf_20260926-185706_p4_c4_cuda_r3,0,735,1790442001364,0,1790442001369.91,8.492,49.025,1790442001427.427,Normal,0.9634
WIX,16808,20260926-185706_p4_c4_cuda_r3,2803,perf_20260926-185706_p4_c4_cuda_r3,0,736,1790442001756,0,1790442001759.157,11.78,43.81,1790442001815.754,Normal,0.9401
WIX,16808,20260926-185706_p4_c4_cuda_r3,2805,perf_20260926-185706_p4_c4_cuda_r3,0,737,1790442001865,0,1790442001868.678,14.03,52.159,1790442001934.868,Normal,0.9353
WIX,16808,20260926-185706_p4_c4_cuda_r3,2806,perf_20260926-185706_p4_c4_cuda_r3,0,738,1790442001928,0,1790442001940.873,16.085,43.668,1790442002001.625,OFFENSIVE,0.785
WIX,16808,20260926-185706_p4_c4_cuda_r3,2820,perf_20260926-185706_p4_c4_cuda_r3,0,739,1790442002695,0,1790442002697.734,13.596,45.256,1790442002757.592,Normal,0.6798
WIX,16808,20260926-185706_p4_c4_cuda_r3,2821,perf_20260926-185706_p4_c4_cuda_r3,0,740,1790442002759,0,1790442002762.181,19.039,45.08,1790442002827.3,Normal,0.9713
WIX,16808,20260926-185706_p4_c4_cuda_r3,2823,perf_20260926-185706_p4_c4_cuda_r3,0,741,1790442002868,0,1790442002870.421,14.571,46.849,1790442002931.841,Normal,0.9732
WIX,16808,20260926-185706_p4_c4_cuda_r3,2824,perf_20260926-185706_p4_c4_cuda_r3,0,742,1790442002915,0,1790442002933.846,13.093,45.364,1790442002993.566,Normal,0.9451
WIX,16808,20260926-185706_p4_c4_cuda_r3,2829,perf_20260926-185706_p4_c4_cuda_r3,0,743,1790442003195,0,1790442003198.673,21.561,46.492,1790442003267.729,Normal,0.93
WIX,16808,20260926-185706_p4_c4_cuda_r3,2830,perf_20260926-185706_p4_c4_cuda_r3,0,744,1790442003258,0,1790442003270.727,20.541,46.243,1790442003339.468,Normal,0.9422
WIX,16808,20260926-185706_p4_c4_cuda_r3,2832,perf_20260926-185706_p4_c4_cuda_r3,0,745,1790442003366,0,1790442003369.365,22.365,43.816,1790442003436.483,Normal,0.977
WIX,16808,20260926-185706_p4_c4_cuda_r3,2837,perf_20260926-185706_p4_c4_cuda_r3,0,746,1790442003647,0,1790442003650.677,27.449,46.917,1790442003726.656,Normal,0.9745
WIX,16808,20260926-185706_p4_c4_cuda_r3,2840,perf_20260926-185706_p4_c4_cuda_r3,0,747,1790442003803,0,1790442003805.953,28.703,45.577,1790442003880.232,Normal,0.9468
WIX,16808,20260926-185706_p4_c4_cuda_r3,2843,perf_20260926-185706_p4_c4_cuda_r3,0,748,1790442003976,0,1790442003978.866,19.515,49.854,1790442004049.238,Normal,0.9561
WIX,16808,20260926-185706_p4_c4_cuda_r3,2845,perf_20260926-185706_p4_c4_cuda_r3,0,749,1790442004085,0,1790442004087.847,19.996,44.297,1790442004153.157,Normal,0.9134
WIX,16808,20260926-185706_p4_c4_cuda_r3,2850,perf_20260926-185706_p4_c4_cuda_r3,0,750,1790442004369,0,1790442004372.73,21.529,46.728,1790442004440.987,Normal,0.9403
WIX,16808,20260926-185706_p4_c4_cuda_r3,2852,perf_20260926-185706_p4_c4_cuda_r3,0,751,1790442004478,0,1790442004480.968,21.8,43.887,1790442004547.606,Normal,0.9355
WIX,16808,20260926-185706_p4_c4_cuda_r3,2869,perf_20260926-185706_p4_c4_cuda_r3,0,752,1790442005422,0,1790442005424.01,53.092,46.455,1790442005524.811,Normal,0.9518
WIX,16808,20260926-185706_p4_c4_cuda_r3,2881,perf_20260926-185706_p4_c4_cuda_r3,0,753,1790442006092,0,1790442006094.249,7.999,44.971,1790442006147.22,Normal,0.9752
WIX,16808,20260926-185706_p4_c4_cuda_r3,2883,perf_20260926-185706_p4_c4_cuda_r3,0,754,1790442006202,0,1790442006205.12,7.998,44.71,1790442006257.828,Normal,0.9286
WIX,16808,20260926-185706_p4_c4_cuda_r3,2884,perf_20260926-185706_p4_c4_cuda_r3,0,755,1790442006249,0,1790442006260.381,7.626,47.216,1790442006315.222,Normal,0.9685
WIX,16808,20260926-185706_p4_c4_cuda_r3,2885,perf_20260926-185706_p4_c4_cuda_r3,0,756,1790442006312,0,1790442006317.22,8.008,48.067,1790442006374.283,Normal,0.9494
WIX,16808,20260926-185706_p4_c4_cuda_r3,2888,perf_20260926-185706_p4_c4_cuda_r3,0,757,1790442006482,0,1790442006484.596,8.207,43.96,1790442006537.295,Normal,0.8632
WIX,16808,20260926-185706_p4_c4_cuda_r3,2892,perf_20260926-185706_p4_c4_cuda_r3,0,758,1790442006699,0,1790442006701.215,9.004,47.945,1790442006758.926,Normal,0.9335
WIX,16808,20260926-185706_p4_c4_cuda_r3,2901,perf_20260926-185706_p4_c4_cuda_r3,0,759,1790442007200,0,1790442007202.729,8.999,46.558,1790442007259.106,Normal,0.968
WIX,16808,20260926-185706_p4_c4_cuda_r3,2904,perf_20260926-185706_p4_c4_cuda_r3,0,760,1790442007359,0,1790442007362.382,12.018,47.091,1790442007422.472,Normal,0.9572
WIX,16808,20260926-185706_p4_c4_cuda_r3,2906,perf_20260926-185706_p4_c4_cuda_r3,0,761,1790442007484,0,1790442007486.913,15.493,46.282,1790442007549.718,Normal,0.9525
WIX,16808,20260926-185706_p4_c4_cuda_r3,2907,perf_20260926-185706_p4_c4_cuda_r3,0,762,1790442007532,0,1790442007552.758,13.145,47.551,1790442007614.466,Normal,0.9673
WIX,16808,20260926-185706_p4_c4_cuda_r3,2908,perf_20260926-185706_p4_c4_cuda_r3,0,763,1790442007594,0,1790442007618.497,11.959,45.273,1790442007676.945,Normal,0.9711
WIX,16808,20260926-185706_p4_c4_cuda_r3,2910,perf_20260926-185706_p4_c4_cuda_r3,0,764,1790442007702,0,1790442007705.94,35.061,47.247,1790442007789.14,Normal,0.9286
WIX,16808,20260926-185706_p4_c4_cuda_r3,2911,perf_20260926-185706_p4_c4_cuda_r3,0,765,1790442007750,0,1790442007792.139,37.534,46.169,1790442007876.949,Normal,0.9668
WIX,16808,20260926-185706_p4_c4_cuda_r3,2912,perf_20260926-185706_p4_c4_cuda_r3,0,766,1790442007813,0,1790442007878.958,13.051,47.133,1790442007940.088,Normal,0.8642
WIX,16808,20260926-185706_p4_c4_cuda_r3,2913,perf_20260926-185706_p4_c4_cuda_r3,0,767,1790442007861,0,1790442007940.088,13.05,48.867,1790442008002.968,Normal,0.9585
WIX,16808,20260926-185706_p4_c4_cuda_r3,2914,perf_20260926-185706_p4_c4_cuda_r3,0,768,1790442007925,0,1790442008006.011,13.996,49.702,1790442008071.083,Normal,0.9283
WIX,16808,20260926-185706_p4_c4_cuda_r3,2915,perf_20260926-185706_p4_c4_cuda_r3,0,769,1790442007972,0,1790442008072.111,11.036,49.726,1790442008133.844,Normal,0.9535
WIX,16808,20260926-185706_p4_c4_cuda_r3,2917,perf_20260926-185706_p4_c4_cuda_r3,0,770,1790442008082,0,1790442008136.864,39.499,47.364,1790442008224.292,Normal,0.9279
WIX,16808,20260926-185706_p4_c4_cuda_r3,2920,perf_20260926-185706_p4_c4_cuda_r3,0,771,1790442008255,0,1790442008257.881,11.506,49.167,1790442008318.554,Normal,0.9264
WIX,16808,20260926-185706_p4_c4_cuda_r3,2922,perf_20260926-185706_p4_c4_cuda_r3,0,772,1790442008365,0,1790442008368.216,12.004,45.178,1790442008426.397,Normal,0.9387
WIX,16808,20260926-185706_p4_c4_cuda_r3,2927,perf_20260926-185706_p4_c4_cuda_r3,0,773,1790442008647,0,1790442008649.107,14.557,47.696,1790442008712.37,Normal,0.9678
WIX,16808,20260926-185706_p4_c4_cuda_r3,2940,perf_20260926-185706_p4_c4_cuda_r3,0,774,1790442009368,0,1790442009370.792,21.683,41.651,1790442009434.647,Normal,0.9687
WIX,16808,20260926-185706_p4_c4_cuda_r3,2952,perf_20260926-185706_p4_c4_cuda_r3,0,775,1790442010029,0,1790442010031.056,8.033,47.888,1790442010087.941,Normal,0.9655
WIX,16808,20260926-185706_p4_c4_cuda_r3,2960,perf_20260926-185706_p4_c4_cuda_r3,0,776,1790442010470,0,1790442010472.811,11.005,48.542,1790442010532.358,Normal,0.9375
WIX,16808,20260926-185706_p4_c4_cuda_r3,2962,perf_20260926-185706_p4_c4_cuda_r3,0,777,1790442010595,0,1790442010597.336,11.523,47.798,1790442010656.657,Normal,0.4648
WIX,16808,20260926-185706_p4_c4_cuda_r3,2965,perf_20260926-185706_p4_c4_cuda_r3,0,778,1790442010751,0,1790442010753.334,9.011,47.338,1790442010809.684,Normal,0.9437
WIX,16808,20260926-185706_p4_c4_cuda_r3,2971,perf_20260926-185706_p4_c4_cuda_r3,0,779,1790442011081,0,1790442011084.391,7.997,48.091,1790442011140.479,Normal,0.9636
WIX,16808,20260926-185706_p4_c4_cuda_r3,2980,perf_20260926-185706_p4_c4_cuda_r3,0,780,1790442011593,0,1790442011596.042,8.0,43.638,1790442011648.519,Normal,0.9607
WIX,16808,20260926-185706_p4_c4_cuda_r3,2983,perf_20260926-185706_p4_c4_cuda_r3,0,781,1790442011750,0,1790442011753.16,12.004,45.556,1790442011810.72,Normal,0.9482
WIX,16808,20260926-185706_p4_c4_cuda_r3,2988,perf_20260926-185706_p4_c4_cuda_r3,0,782,1790442012033,0,1790442012035.938,12.057,48.174,1790442012097.111,Normal,0.912
WIX,16808,20260926-185706_p4_c4_cuda_r3,2989,perf_20260926-185706_p4_c4_cuda_r3,0,783,1790442012095,0,1790442012100.11,15.568,44.951,1790442012160.629,Normal,0.9117
WIX,16808,20260926-185706_p4_c4_cuda_r3,2995,perf_20260926-185706_p4_c4_cuda_r3,0,784,1790442012422,0,1790442012425.868,12.03,42.882,1790442012481.879,Normal,0.9526
WIX,16808,20260926-185706_p4_c4_cuda_r3,3003,perf_20260926-185706_p4_c4_cuda_r3,0,785,1790442012859,0,1790442012862.759,12.664,45.366,1790442012921.301,Normal,0.9556
WIX,16808,20260926-185706_p4_c4_cuda_r3,3004,perf_20260926-185706_p4_c4_cuda_r3,0,786,1790442012923,0,1790442012925.823,14.696,45.151,1790442012985.67,Normal,0.9718
WIX,16808,20260926-185706_p4_c4_cuda_r3,3006,perf_20260926-185706_p4_c4_cuda_r3,0,787,1790442013033,0,1790442013036.199,13.035,45.717,1790442013094.951,Normal,0.9392
WIX,16808,20260926-185706_p4_c4_cuda_r3,3016,perf_20260926-185706_p4_c4_cuda_r3,0,788,1790442013581,0,1790442013583.387,13.515,48.25,1790442013645.153,Normal,0.9351
WIX,16808,20260926-185706_p4_c4_cuda_r3,3024,perf_20260926-185706_p4_c4_cuda_r3,0,789,1790442014039,0,1790442014041.236,22.035,46.56,1790442014110.794,Normal,0.9578
WIX,16808,20260926-185706_p4_c4_cuda_r3,3027,perf_20260926-185706_p4_c4_cuda_r3,0,790,1790442014196,0,1790442014198.064,23.53,47.235,1790442014268.829,Normal,0.9144
WIX,16808,20260926-185706_p4_c4_cuda_r3,3039,perf_20260926-185706_p4_c4_cuda_r3,0,791,1790442014872,0,1790442014874.689,55.595,45.602,1790442014975.886,Normal,0.9488
WIX,16808,20260926-185706_p4_c4_cuda_r3,3053,perf_20260926-185706_p4_c4_cuda_r3,0,792,1790442015638,0,1790442015640.165,8.996,48.424,1790442015698.59,Normal,0.8963
WIX,16808,20260926-185706_p4_c4_cuda_r3,3054,perf_20260926-185706_p4_c4_cuda_r3,0,793,1790442015700,0,1790442015703.022,7.729,48.563,1790442015759.313,Normal,0.9506
WIX,16808,20260926-185706_p4_c4_cuda_r3,3055,perf_20260926-185706_p4_c4_cuda_r3,0,794,1790442015748,0,1790442015762.325,6.997,46.268,1790442015816.574,Normal,0.9662
WIX,16808,20260926-185706_p4_c4_cuda_r3,3057,perf_20260926-185706_p4_c4_cuda_r3,0,795,1790442015872,0,1790442015874.023,7.995,45.183,1790442015928.285,Normal,0.8852
WIX,16808,20260926-185706_p4_c4_cuda_r3,3058,perf_20260926-185706_p4_c4_cuda_r3,0,796,1790442015919,0,1790442015930.283,7.646,46.332,1790442015985.232,Normal,0.9649
WIX,16808,20260926-185706_p4_c4_cuda_r3,3061,perf_20260926-185706_p4_c4_cuda_r3,0,797,1790442016090,0,1790442016092.689,8.003,43.736,1790442016144.428,Normal,0.9371
WIX,16808,20260926-185706_p4_c4_cuda_r3,3065,perf_20260926-185706_p4_c4_cuda_r3,0,798,1790442016309,0,1790442016312.161,8.529,47.755,1790442016368.445,Normal,0.9589
WIX,16808,20260926-185706_p4_c4_cuda_r3,3068,perf_20260926-185706_p4_c4_cuda_r3,0,799,1790442016481,0,1790442016484.239,10.005,44.43,1790442016539.21,Normal,0.9469
WIX,16808,20260926-185706_p4_c4_cuda_r3,3073,perf_20260926-185706_p4_c4_cuda_r3,0,800,1790442016747,0,1790442016750.119,10.994,47.857,1790442016809.974,Normal,0.9661
WIX,16808,20260926-185706_p4_c4_cuda_r3,3081,perf_20260926-185706_p4_c4_cuda_r3,0,801,1790442017202,0,1790442017205.31,11.993,47.038,1790442017265.315,Normal,0.9539
WIX,16808,20260926-185706_p4_c4_cuda_r3,3083,perf_20260926-185706_p4_c4_cuda_r3,0,802,1790442017311,0,1790442017314.292,12.188,43.99,1790442017371.442,Normal,0.9463
WIX,16808,20260926-185706_p4_c4_cuda_r3,3085,perf_20260926-185706_p4_c4_cuda_r3,0,803,1790442017421,0,1790442017423.229,12.996,48.316,1790442017484.54,Normal,0.9417
WIX,16808,20260926-185706_p4_c4_cuda_r3,3086,perf_20260926-185706_p4_c4_cuda_r3,0,804,1790442017483,0,1790442017486.546,16.233,44.466,1790442017548.202,Normal,0.9412
WIX,16808,20260926-185706_p4_c4_cuda_r3,3095,perf_20260926-185706_p4_c4_cuda_r3,0,805,1790442017983,0,1790442017986.479,13.656,47.801,1790442018048.944,Normal,0.9626
WIX,16808,20260926-185706_p4_c4_cuda_r3,3096,perf_20260926-185706_p4_c4_cuda_r3,0,806,1790442018030,0,1790442018050.947,20.031,44.873,1790442018116.719,Normal,0.8882
WIX,16808,20260926-185706_p4_c4_cuda_r3,3098,perf_20260926-185706_p4_c4_cuda_r3,0,807,1790442018140,0,1790442018143.068,11.987,46.639,1790442018202.694,Normal,0.948
WIX,16808,20260926-185706_p4_c4_cuda_r3,3100,perf_20260926-185706_p4_c4_cuda_r3,0,808,1790442018252,0,1790442018254.598,13.016,46.099,1790442018313.713,Normal,0.9558
WIX,16808,20260926-185706_p4_c4_cuda_r3,3107,perf_20260926-185706_p4_c4_cuda_r3,0,809,1790442018647,0,1790442018650.744,12.995,46.772,1790442018710.511,Normal,0.9618
WIX,16808,20260926-185706_p4_c4_cuda_r3,3108,perf_20260926-185706_p4_c4_cuda_r3,0,810,1790442018694,0,1790442018713.511,12.501,48.078,1790442018775.092,Normal,0.9433
WIX,16808,20260926-185706_p4_c4_cuda_r3,3120,perf_20260926-185706_p4_c4_cuda_r3,0,811,1790442019368,0,1790442019371.362,29.353,44.334,1790442019445.589,Normal,0.8732
WIX,16808,20260926-185706_p4_c4_cuda_r3,3132,perf_20260926-185706_p4_c4_cuda_r3,0,812,1790442020025,0,1790442020027.483,28.358,44.777,1790442020100.619,Normal,0.5479
WIX,16808,20260926-185706_p4_c4_cuda_r3,3135,perf_20260926-185706_p4_c4_cuda_r3,0,813,1790442020197,0,1790442020200.553,23.458,45.972,1790442020270.732,Normal,0.9199
WIX,16808,20260926-185706_p4_c4_cuda_r3,3142,perf_20260926-185706_p4_c4_cuda_r3,0,814,1790442020588,0,1790442020591.199,27.953,44.02,1790442020664.108,Normal,0.9666
WIX,16808,20260926-185706_p4_c4_cuda_r3,3145,perf_20260926-185706_p4_c4_cuda_r3,0,815,1790442020761,0,1790442020764.339,20.997,47.721,1790442020834.348,Normal,0.9733
WIX,16808,20260926-185706_p4_c4_cuda_r3,3146,perf_20260926-185706_p4_c4_cuda_r3,0,816,1790442020809,0,1790442020837.328,19.041,50.123,1790442020908.156,Normal,0.9058
WIX,16808,20260926-185706_p4_c4_cuda_r3,3148,perf_20260926-185706_p4_c4_cuda_r3,0,817,1790442020918,0,1790442020921.319,22.609,44.725,1790442020988.654,Normal,0.952
WIX,16808,20260926-185706_p4_c4_cuda_r3,3151,perf_20260926-185706_p4_c4_cuda_r3,0,818,1790442021089,0,1790442021092.529,21.117,49.628,1790442021164.515,Normal,0.9404
WIX,16808,20260926-185706_p4_c4_cuda_r3,3161,perf_20260926-185706_p4_c4_cuda_r3,0,819,1790442021638,0,1790442021641.745,13.71,46.91,1790442021702.365,Normal,0.9498
WIX,16808,20260926-185706_p4_c4_cuda_r3,3162,perf_20260926-185706_p4_c4_cuda_r3,0,820,1790442021701,0,1790442021705.375,12.008,44.777,1790442021762.16,Normal,0.6985
WIX,16808,20260926-185706_p4_c4_cuda_r3,3164,perf_20260926-185706_p4_c4_cuda_r3,0,821,1790442021811,0,1790442021814.815,11.005,44.835,1790442021871.663,Normal,0.9195
WIX,16808,20260926-185706_p4_c4_cuda_r3,3171,perf_20260926-185706_p4_c4_cuda_r3,0,822,1790442022203,0,1790442022206.293,13.101,42.78,1790442022263.116,Normal,0.9802
WIX,16808,20260926-185706_p4_c4_cuda_r3,3173,perf_20260926-185706_p4_c4_cuda_r3,0,823,1790442022314,0,1790442022317.276,11.02,45.798,1790442022375.058,Normal,0.9381
WIX,16808,20260926-185706_p4_c4_cuda_r3,3188,perf_20260926-185706_p4_c4_cuda_r3,0,824,1790442023144,0,1790442023146.852,11.996,47.67,1790442023207.519,Normal,0.7688
WIX,16808,20260926-185706_p4_c4_cuda_r3,3198,perf_20260926-185706_p4_c4_cuda_r3,0,825,1790442023706,0,1790442023709.414,20.043,48.62,1790442023778.078,Normal,0.9649
WIX,16808,20260926-185706_p4_c4_cuda_r3,3203,perf_20260926-185706_p4_c4_cuda_r3,0,826,1790442023972,0,1790442023974.838,22.079,51.109,1790442024048.026,Normal,0.9648
WIX,16808,20260926-185706_p4_c4_cuda_r3,3207,perf_20260926-185706_p4_c4_cuda_r3,0,827,1790442024192,0,1790442024195.586,196.775,48.581,1790442024440.942,Normal,0.919
WIX,16808,20260926-185706_p4_c4_cuda_r3,3214,perf_20260926-185706_p4_c4_cuda_r3,0,828,1790442024595,0,1790442024598.333,7.998,44.935,1790442024652.27,Normal,0.9544
WIX,16808,20260926-185706_p4_c4_cuda_r3,3225,perf_20260926-185706_p4_c4_cuda_r3,0,829,1790442025205,0,1790442025207.478,8.47,46.045,1790442025262.523,Normal,0.9375
WIX,16808,20260926-185706_p4_c4_cuda_r3,3235,perf_20260926-185706_p4_c4_cuda_r3,0,830,1790442025754,0,1790442025756.675,8.011,49.168,1790442025813.853,Normal,0.9637
WIX,16808,20260926-185706_p4_c4_cuda_r3,3237,perf_20260926-185706_p4_c4_cuda_r3,0,831,1790442025864,0,1790442025867.248,11.999,46.997,1790442025926.244,Normal,0.9437
WIX,16808,20260926-185706_p4_c4_cuda_r3,3239,perf_20260926-185706_p4_c4_cuda_r3,0,832,1790442025973,0,1790442025976.125,9.0,49.747,1790442026034.873,Normal,0.9347
WIX,16808,20260926-185706_p4_c4_cuda_r3,3241,perf_20260926-185706_p4_c4_cuda_r3,0,833,1790442026083,0,1790442026086.374,9.109,47.526,1790442026143.009,Normal,0.8658
WIX,16808,20260926-185706_p4_c4_cuda_r3,3248,perf_20260926-185706_p4_c4_cuda_r3,0,834,1790442026476,0,1790442026479.02,11.121,48.662,1790442026539.361,Normal,0.8992
WIX,16808,20260926-185706_p4_c4_cuda_r3,3249,perf_20260926-185706_p4_c4_cuda_r3,0,835,1790442026538,0,1790442026542.364,13.548,47.21,1790442026603.122,Normal,0.9692
WIX,16808,20260926-185706_p4_c4_cuda_r3,3253,perf_20260926-185706_p4_c4_cuda_r3,0,836,1790442026756,0,1790442026759.227,13.994,45.802,1790442026820.026,Normal,0.9613
WIX,16808,20260926-185706_p4_c4_cuda_r3,3257,perf_20260926-185706_p4_c4_cuda_r3,0,837,1790442026976,0,1790442026978.578,16.026,47.556,1790442027042.16,Normal,0.9548
WIX,16808,20260926-185706_p4_c4_cuda_r3,3258,perf_20260926-185706_p4_c4_cuda_r3,0,838,1790442027039,0,1790442027044.157,12.332,43.675,1790442027100.708,Normal,0.923
WIX,16808,20260926-185706_p4_c4_cuda_r3,3260,perf_20260926-185706_p4_c4_cuda_r3,0,839,1790442027147,0,1790442027150.35,41.544,45.3,1790442027238.165,HATE,0.4579
WIX,16808,20260926-185706_p4_c4_cuda_r3,3263,perf_20260926-185706_p4_c4_cuda_r3,0,840,1790442027305,0,1790442027308.358,19.252,45.952,1790442027374.515,Normal,0.9309
WIX,16808,20260926-185706_p4_c4_cuda_r3,3266,perf_20260926-185706_p4_c4_cuda_r3,0,841,1790442027479,0,1790442027481.626,24.032,45.255,1790442027551.914,Normal,0.9367
WIX,16808,20260926-185706_p4_c4_cuda_r3,3270,perf_20260926-185706_p4_c4_cuda_r3,0,842,1790442027695,0,1790442027697.869,22.134,45.114,1790442027766.111,Normal,0.9543
WIX,16808,20260926-185706_p4_c4_cuda_r3,3271,perf_20260926-185706_p4_c4_cuda_r3,0,843,1790442027758,0,1790442027769.132,21.014,47.36,1790442027838.732,Normal,0.9642
WIX,16808,20260926-185706_p4_c4_cuda_r3,3272,perf_20260926-185706_p4_c4_cuda_r3,0,844,1790442027805,0,1790442027841.913,21.632,49.774,1790442027913.993,Normal,0.9029
WIX,16808,20260926-185706_p4_c4_cuda_r3,3273,perf_20260926-185706_p4_c4_cuda_r3,0,845,1790442027868,0,1790442027916.041,290.652,45.17,1790442028252.862,Normal,0.9512
WIX,16808,20260926-185706_p4_c4_cuda_r3,3280,perf_20260926-185706_p4_c4_cuda_r3,0,846,1790442028260,0,1790442028263.298,15.404,45.263,1790442028325.055,Normal,0.9538
WIX,16808,20260926-185706_p4_c4_cuda_r3,3283,perf_20260926-185706_p4_c4_cuda_r3,0,847,1790442028415,0,1790442028417.667,9.0,47.767,1790442028474.434,Normal,0.9782
WIX,16808,20260926-185706_p4_c4_cuda_r3,3288,perf_20260926-185706_p4_c4_cuda_r3,0,848,1790442028696,0,1790442028698.585,8.05,47.328,1790442028755.145,Normal,0.9195
WIX,16808,20260926-185706_p4_c4_cuda_r3,3289,perf_20260926-185706_p4_c4_cuda_r3,0,849,1790442028759,0,1790442028762.273,7.969,46.112,1790442028817.355,Normal,0.9076
WIX,16808,20260926-185706_p4_c4_cuda_r3,3293,perf_20260926-185706_p4_c4_cuda_r3,0,850,1790442028979,0,1790442028981.199,9.027,43.526,1790442029034.72,Normal,0.964
WIX,16808,20260926-185706_p4_c4_cuda_r3,3296,perf_20260926-185706_p4_c4_cuda_r3,0,851,1790442029137,0,1790442029139.592,14.032,45.207,1790442029199.794,Normal,0.9744
WIX,16808,20260926-185706_p4_c4_cuda_r3,3297,perf_20260926-185706_p4_c4_cuda_r3,0,852,1790442029199,0,1790442029201.787,10.036,47.484,1790442029260.308,Normal,0.9499
WIX,16808,20260926-185706_p4_c4_cuda_r3,3300,perf_20260926-185706_p4_c4_cuda_r3,0,853,1790442029370,0,1790442029374.632,14.739,47.723,1790442029437.649,Normal,0.973
WIX,16808,20260926-185706_p4_c4_cuda_r3,3305,perf_20260926-185706_p4_c4_cuda_r3,0,854,1790442029636,0,1790442029639.13,8.598,47.213,1790442029695.465,Normal,0.9589
WIX,16808,20260926-185706_p4_c4_cuda_r3,3313,perf_20260926-185706_p4_c4_cuda_r3,0,855,1790442030089,0,1790442030092.047,13.999,44.723,1790442030150.769,Normal,0.861
WIX,16808,20260926-185706_p4_c4_cuda_r3,3316,perf_20260926-185706_p4_c4_cuda_r3,0,856,1790442030261,0,1790442030264.723,12.961,49.284,1790442030326.968,Normal,0.9384
WIX,16808,20260926-185706_p4_c4_cuda_r3,3317,perf_20260926-185706_p4_c4_cuda_r3,0,857,1790442030309,0,1790442030328.948,12.002,52.221,1790442030394.176,Normal,0.9253
WIX,16808,20260926-185706_p4_c4_cuda_r3,3318,perf_20260926-185706_p4_c4_cuda_r3,0,858,1790442030370,0,1790442030397.214,11.98,47.01,1790442030457.71,Normal,0.9429
WIX,16808,20260926-185706_p4_c4_cuda_r3,3320,perf_20260926-185706_p4_c4_cuda_r3,0,859,1790442030480,0,1790442030483.06,12.996,49.193,1790442030546.248,Normal,0.909
WIX,16808,20260926-185706_p4_c4_cuda_r3,3323,perf_20260926-185706_p4_c4_cuda_r3,0,860,1790442030637,0,1790442030640.172,15.004,46.489,1790442030702.665,Normal,0.9537
WIX,16808,20260926-185706_p4_c4_cuda_r3,3328,perf_20260926-185706_p4_c4_cuda_r3,0,861,1790442030919,0,1790442030922.334,12.42,48.562,1790442030983.316,Normal,0.9502
WIX,16808,20260926-185706_p4_c4_cuda_r3,3329,perf_20260926-185706_p4_c4_cuda_r3,0,862,1790442030982,0,1790442030986.351,12.967,44.527,1790442031043.844,Normal,0.8661
WIX,16808,20260926-185706_p4_c4_cuda_r3,3332,perf_20260926-185706_p4_c4_cuda_r3,0,863,1790442031139,0,1790442031142.128,14.032,48.998,1790442031205.158,Normal,0.6784
WIX,16808,20260926-185706_p4_c4_cuda_r3,3334,perf_20260926-185706_p4_c4_cuda_r3,0,864,1790442031249,0,1790442031252.289,12.477,46.716,1790442031312.482,Normal,0.9243
WIX,16808,20260926-185706_p4_c4_cuda_r3,3337,perf_20260926-185706_p4_c4_cuda_r3,0,865,1790442031421,0,1790442031423.105,12.929,47.252,1790442031484.882,Normal,0.929
WIX,16808,20260926-185706_p4_c4_cuda_r3,3338,perf_20260926-185706_p4_c4_cuda_r3,0,866,1790442031482,0,1790442031486.863,13.998,48.84,1790442031549.7,Normal,0.9626
WIX,16808,20260926-185706_p4_c4_cuda_r3,3342,perf_20260926-185706_p4_c4_cuda_r3,0,867,1790442031701,0,1790442031704.337,19.0,49.9,1790442031774.683,Normal,0.9749
WIX,16808,20260926-185706_p4_c4_cuda_r3,3348,perf_20260926-185706_p4_c4_cuda_r3,0,868,1790442032028,0,1790442032031.014,13.553,47.239,1790442032091.805,Normal,0.959
WIX,16808,20260926-185706_p4_c4_cuda_r3,3349,perf_20260926-185706_p4_c4_cuda_r3,0,869,1790442032091,0,1790442032094.842,19.054,44.065,1790442032158.937,Normal,0.9808
WIX,16808,20260926-185706_p4_c4_cuda_r3,3351,perf_20260926-185706_p4_c4_cuda_r3,0,870,1790442032201,0,1790442032204.324,13.046,49.276,1790442032267.243,Normal,0.9281
WIX,16808,20260926-185706_p4_c4_cuda_r3,3352,perf_20260926-185706_p4_c4_cuda_r3,0,871,1790442032248,0,1790442032269.259,12.012,46.892,1790442032329.427,Normal,0.9712
WIX,16808,20260926-185706_p4_c4_cuda_r3,3361,perf_20260926-185706_p4_c4_cuda_r3,0,872,1790442032748,0,1790442032751.166,29.098,48.477,1790442032829.251,Normal,0.9744
WIX,16808,20260926-185706_p4_c4_cuda_r3,3362,perf_20260926-185706_p4_c4_cuda_r3,0,873,1790442032810,0,1790442032832.248,21.0,48.317,1790442032902.542,HATE,0.634
WIX,16808,20260926-185706_p4_c4_cuda_r3,3367,perf_20260926-185706_p4_c4_cuda_r3,0,874,1790442033092,0,1790442033095.8,21.132,44.79,1790442033162.673,Normal,0.9384
WIX,16808,20260926-185706_p4_c4_cuda_r3,3372,perf_20260926-185706_p4_c4_cuda_r3,0,875,1790442033361,0,1790442033364.0,19.519,45.666,1790442033430.19,Normal,0.932
WIX,16808,20260926-185706_p4_c4_cuda_r3,3373,perf_20260926-185706_p4_c4_cuda_r3,0,876,1790442033424,0,1790442033433.193,20.679,44.133,1790442033499.042,Normal,0.781
WIX,16808,20260926-185706_p4_c4_cuda_r3,3383,perf_20260926-185706_p4_c4_cuda_r3,0,877,1790442033972,0,1790442033974.252,22.144,44.058,1790442034041.459,Normal,0.9456
WIX,16808,20260926-185706_p4_c4_cuda_r3,3390,perf_20260926-185706_p4_c4_cuda_r3,0,878,1790442034361,0,1790442034364.96,83.415,43.184,1790442034491.558,Normal,0.9524
WIX,16808,20260926-185706_p4_c4_cuda_r3,3393,perf_20260926-185706_p4_c4_cuda_r3,0,879,1790442034534,0,1790442034537.32,9.516,44.599,1790442034591.436,Normal,0.9416
WIX,16808,20260926-185706_p4_c4_cuda_r3,3397,perf_20260926-185706_p4_c4_cuda_r3,0,880,1790442034754,0,1790442034756.505,8.512,43.014,1790442034809.042,Normal,0.9702
WIX,16808,20260926-185706_p4_c4_cuda_r3,3398,perf_20260926-185706_p4_c4_cuda_r3,0,881,1790442034818,0,1790442034821.079,8.981,43.971,1790442034875.533,Normal,0.9517
WIX,16808,20260926-185706_p4_c4_cuda_r3,3399,perf_20260926-185706_p4_c4_cuda_r3,0,882,1790442034865,0,1790442034878.535,7.509,45.045,1790442034932.093,Normal,0.9666
WIX,16808,20260926-185706_p4_c4_cuda_r3,3401,perf_20260926-185706_p4_c4_cuda_r3,0,883,1790442034973,0,1790442034976.265,10.033,42.71,1790442035030.008,Normal,0.9375
WIX,16808,20260926-185706_p4_c4_cuda_r3,3406,perf_20260926-185706_p4_c4_cuda_r3,0,884,1790442035256,0,1790442035259.61,17.1,48.081,1790442035324.792,Normal,0.98
WIX,16808,20260926-185706_p4_c4_cuda_r3,3407,perf_20260926-185706_p4_c4_cuda_r3,0,885,1790442035304,0,1790442035326.797,9.63,44.755,1790442035382.189,Normal,0.9516
WIX,16808,20260926-185706_p4_c4_cuda_r3,3412,perf_20260926-185706_p4_c4_cuda_r3,0,886,1790442035583,0,1790442035585.682,9.977,42.707,1790442035639.366,Normal,0.9504
WIX,16808,20260926-185706_p4_c4_cuda_r3,3416,perf_20260926-185706_p4_c4_cuda_r3,0,887,1790442035816,0,1790442035818.042,10.035,44.341,1790442035873.39,Normal,0.9555
WIX,16808,20260926-185706_p4_c4_cuda_r3,3419,perf_20260926-185706_p4_c4_cuda_r3,0,888,1790442035969,0,1790442035972.478,9.002,49.952,1790442036031.432,Normal,0.8972
WIX,16808,20260926-185706_p4_c4_cuda_r3,3421,perf_20260926-185706_p4_c4_cuda_r3,0,889,1790442036080,0,1790442036083.128,11.997,46.357,1790442036141.483,Normal,0.8808
WIX,16808,20260926-185706_p4_c4_cuda_r3,3424,perf_20260926-185706_p4_c4_cuda_r3,0,890,1790442036253,0,1790442036256.406,12.978,43.937,1790442036314.53,Normal,0.4666
WIX,16808,20260926-185706_p4_c4_cuda_r3,3428,perf_20260926-185706_p4_c4_cuda_r3,0,891,1790442036472,0,1790442036475.029,14.305,44.635,1790442036534.519,Normal,0.9408
WIX,16808,20260926-185706_p4_c4_cuda_r3,3432,perf_20260926-185706_p4_c4_cuda_r3,0,892,1790442036691,0,1790442036694.323,12.559,48.631,1790442036756.074,Normal,0.9549
WIX,16808,20260926-185706_p4_c4_cuda_r3,3433,perf_20260926-185706_p4_c4_cuda_r3,0,893,1790442036754,0,1790442036758.088,13.029,48.835,1790442036820.955,Normal,0.9591
WIX,16808,20260926-185706_p4_c4_cuda_r3,3436,perf_20260926-185706_p4_c4_cuda_r3,0,894,1790442036927,0,1790442036929.847,20.817,47.905,1790442036999.802,Normal,0.9658
WIX,16808,20260926-185706_p4_c4_cuda_r3,3440,perf_20260926-185706_p4_c4_cuda_r3,0,895,1790442037147,0,1790442037150.147,28.691,48.052,1790442037227.839,Normal,0.6478
WIX,16808,20260926-185706_p4_c4_cuda_r3,3448,perf_20260926-185706_p4_c4_cuda_r3,0,896,1790442037587,0,1790442037590.726,81.968,49.187,1790442037722.882,Normal,0.9711
WIX,16808,20260926-185706_p4_c4_cuda_r3,3449,perf_20260926-185706_p4_c4_cuda_r3,0,897,1790442037650,0,1790442037725.913,9.998,47.02,1790442037784.129,Normal,0.8544
WIX,16808,20260926-185706_p4_c4_cuda_r3,3451,perf_20260926-185706_p4_c4_cuda_r3,0,898,1790442037757,0,1790442037786.171,8.149,49.538,1790442037844.148,Normal,0.9697
WIX,16808,20260926-185706_p4_c4_cuda_r3,3454,perf_20260926-185706_p4_c4_cuda_r3,0,899,1790442037915,0,1790442037917.813,8.0,45.406,1790442037972.382,Normal,0.8695
WIX,16808,20260926-185706_p4_c4_cuda_r3,3462,perf_20260926-185706_p4_c4_cuda_r3,0,900,1790442038369,0,1790442038371.781,7.995,43.515,1790442038424.291,Normal,0.9486
WIX,16808,20260926-185706_p4_c4_cuda_r3,3467,perf_20260926-185706_p4_c4_cuda_r3,0,901,1790442038650,0,1790442038652.837,10.539,44.276,1790442038709.194,Normal,0.9418
WIX,16808,20260926-185706_p4_c4_cuda_r3,3472,perf_20260926-185706_p4_c4_cuda_r3,0,902,1790442038916,0,1790442038918.716,8.97,50.021,1790442038977.707,Normal,0.7675
WIX,16808,20260926-185706_p4_c4_cuda_r3,3479,perf_20260926-185706_p4_c4_cuda_r3,0,903,1790442039307,0,1790442039309.332,9.028,44.864,1790442039363.225,Normal,0.941
WIX,16808,20260926-185706_p4_c4_cuda_r3,3480,perf_20260926-185706_p4_c4_cuda_r3,0,904,1790442039368,0,1790442039371.622,12.601,44.46,1790442039429.231,Normal,0.948
WIX,16808,20260926-185706_p4_c4_cuda_r3,3485,perf_20260926-185706_p4_c4_cuda_r3,0,905,1790442039647,0,1790442039649.923,13.0,51.182,1790442039714.105,Normal,0.9127
WIX,16808,20260926-185706_p4_c4_cuda_r3,3493,perf_20260926-185706_p4_c4_cuda_r3,0,906,1790442040086,0,1790442040088.419,13.999,47.23,1790442040149.648,Normal,0.9515
WIX,16808,20260926-185706_p4_c4_cuda_r3,3495,perf_20260926-185706_p4_c4_cuda_r3,0,907,1790442040195,0,1790442040198.534,14.787,46.138,1790442040259.992,Normal,0.9738
WIX,16808,20260926-185706_p4_c4_cuda_r3,3501,perf_20260926-185706_p4_c4_cuda_r3,0,908,1790442040538,0,1790442040540.805,22.097,47.374,1790442040610.846,Normal,0.9407
WIX,16808,20260926-185706_p4_c4_cuda_r3,3502,perf_20260926-185706_p4_c4_cuda_r3,0,909,1790442040585,0,1790442040613.845,21.051,46.524,1790442040682.349,Normal,0.9698
WIX,16808,20260926-185706_p4_c4_cuda_r3,3507,perf_20260926-185706_p4_c4_cuda_r3,0,910,1790442040868,0,1790442040871.035,22.63,45.483,1790442040939.147,Normal,0.9738
WIX,16808,20260926-185706_p4_c4_cuda_r3,3511,perf_20260926-185706_p4_c4_cuda_r3,0,911,1790442041087,0,1790442041089.76,21.612,44.589,1790442041156.93,Normal,0.9454
WIX,16808,20260926-185706_p4_c4_cuda_r3,3521,perf_20260926-185706_p4_c4_cuda_r3,0,912,1790442041637,0,1790442041639.604,22.463,45.464,1790442041707.531,Normal,0.8846
WIX,16808,20260926-185706_p4_c4_cuda_r3,3523,perf_20260926-185706_p4_c4_cuda_r3,0,913,1790442041761,0,1790442041765.588,21.96,45.001,1790442041833.551,Normal,0.8936
WIX,16808,20260926-185706_p4_c4_cuda_r3,3526,perf_20260926-185706_p4_c4_cuda_r3,0,914,1790442041922,0,1790442041925.215,28.019,44.307,1790442041998.546,Normal,0.8823
WIX,16808,20260926-185706_p4_c4_cuda_r3,3528,perf_20260926-185706_p4_c4_cuda_r3,0,915,1790442042027,0,1790442042030.766,29.133,46.795,1790442042106.694,Normal,0.9607
WIX,16808,20260926-185706_p4_c4_cuda_r3,3534,perf_20260926-185706_p4_c4_cuda_r3,0,916,1790442042373,0,1790442042375.61,22.573,46.831,1790442042445.577,Normal,0.9296
WIX,16808,20260926-185706_p4_c4_cuda_r3,3539,perf_20260926-185706_p4_c4_cuda_r3,0,917,1790442042641,0,1790442042643.404,21.263,48.331,1790442042712.998,Normal,0.9768
WIX,16808,20260926-185706_p4_c4_cuda_r3,3540,perf_20260926-185706_p4_c4_cuda_r3,0,918,1790442042703,0,1790442042716.029,20.968,47.949,1790442042785.945,Normal,0.936
WIX,16808,20260926-185706_p4_c4_cuda_r3,3541,perf_20260926-185706_p4_c4_cuda_r3,0,919,1790442042750,0,1790442042788.983,22.55,50.038,1790442042862.573,Normal,0.9667
WIX,16808,20260926-185706_p4_c4_cuda_r3,3545,perf_20260926-185706_p4_c4_cuda_r3,0,920,1790442042983,0,1790442042986.001,22.51,45.789,1790442043055.301,Normal,0.9658
WIX,16808,20260926-185706_p4_c4_cuda_r3,3548,perf_20260926-185706_p4_c4_cuda_r3,0,921,1790442043139,0,1790442043142.853,10.994,45.148,1790442043198.996,Normal,0.9191
WIX,16808,20260926-185706_p4_c4_cuda_r3,3550,perf_20260926-185706_p4_c4_cuda_r3,0,922,1790442043250,0,1790442043252.999,12.0,44.07,1790442043309.069,Normal,0.9636
WIX,16808,20260926-185706_p4_c4_cuda_r3,3559,perf_20260926-185706_p4_c4_cuda_r3,0,923,1790442043752,0,1790442043755.475,14.199,44.675,1790442043815.309,Normal,0.8977
WIX,16808,20260926-185706_p4_c4_cuda_r3,3562,perf_20260926-185706_p4_c4_cuda_r3,0,924,1790442043922,0,1790442043924.618,11.039,46.021,1790442043982.637,Normal,0.9475
WIX,16808,20260926-185706_p4_c4_cuda_r3,3566,perf_20260926-185706_p4_c4_cuda_r3,0,925,1790442044142,0,1790442044145.826,11.952,47.113,1790442044206.077,Normal,0.9586
WIX,16808,20260926-185706_p4_c4_cuda_r3,3570,perf_20260926-185706_p4_c4_cuda_r3,0,926,1790442044364,0,1790442044367.03,14.979,47.763,1790442044429.772,Normal,0.9639
WIX,16808,20260926-185706_p4_c4_cuda_r3,3571,perf_20260926-185706_p4_c4_cuda_r3,0,927,1790442044426,0,1790442044431.775,12.008,46.569,1790442044491.72,Normal,0.9557
WIX,16808,20260926-185706_p4_c4_cuda_r3,3583,perf_20260926-185706_p4_c4_cuda_r3,0,928,1790442045082,0,1790442045084.186,35.504,51.414,1790442045171.104,Normal,0.9708
WIX,16808,20260926-185706_p4_c4_cuda_r3,3586,perf_20260926-185706_p4_c4_cuda_r3,0,929,1790442045254,0,1790442045257.3,22.756,49.75,1790442045329.806,Normal,0.9264
WIX,16808,20260926-185706_p4_c4_cuda_r3,3588,perf_20260926-185706_p4_c4_cuda_r3,0,930,1790442045363,0,1790442045366.403,21.07,49.681,1790442045437.153,Normal,0.8696
WIX,16808,20260926-185706_p4_c4_cuda_r3,3598,perf_20260926-185706_p4_c4_cuda_r3,0,931,1790442045925,0,1790442045927.976,7.383,43.292,1790442045978.65,Normal,0.8967
WIX,16808,20260926-185706_p4_c4_cuda_r3,3602,perf_20260926-185706_p4_c4_cuda_r3,0,932,1790442046145,0,1790442046147.657,8.0,44.765,1790442046200.421,Normal,0.9344
WIX,16808,20260926-185706_p4_c4_cuda_r3,3604,perf_20260926-185706_p4_c4_cuda_r3,0,933,1790442046256,0,1790442046258.926,7.467,47.82,1790442046314.212,Normal,0.9736
WIX,16808,20260926-185706_p4_c4_cuda_r3,3605,perf_20260926-185706_p4_c4_cuda_r3,0,934,1790442046318,0,1790442046321.21,8.037,48.29,1790442046378.203,Normal,0.9275
WIX,16808,20260926-185706_p4_c4_cuda_r3,3611,perf_20260926-185706_p4_c4_cuda_r3,0,935,1790442046646,0,1790442046647.795,8.795,45.5,1790442046702.661,Normal,0.9457
WIX,16808,20260926-185706_p4_c4_cuda_r3,3613,perf_20260926-185706_p4_c4_cuda_r3,0,936,1790442046756,0,1790442046759.101,11.587,46.567,1790442046817.256,Normal,0.9375
WIX,16808,20260926-185706_p4_c4_cuda_r3,3616,perf_20260926-185706_p4_c4_cuda_r3,0,937,1790442046914,0,1790442046916.438,11.973,45.001,1790442046973.413,Normal,0.9632
WIX,16808,20260926-185706_p4_c4_cuda_r3,3618,perf_20260926-185706_p4_c4_cuda_r3,0,938,1790442047038,0,1790442047041.569,7.997,46.105,1790442047096.649,Normal,0.958
WIX,16808,20260926-185706_p4_c4_cuda_r3,3619,perf_20260926-185706_p4_c4_cuda_r3,0,939,1790442047085,0,1790442047098.692,8.961,45.712,1790442047153.365,Normal,0.7754
WIX,16808,20260926-185706_p4_c4_cuda_r3,3621,perf_20260926-185706_p4_c4_cuda_r3,0,940,1790442047195,0,1790442047197.924,11.037,46.533,1790442047255.494,Normal,0.9647
WIX,16808,20260926-185706_p4_c4_cuda_r3,3631,perf_20260926-185706_p4_c4_cuda_r3,0,941,1790442047759,0,1790442047761.748,12.642,47.057,1790442047822.001,Normal,0.902
WIX,16808,20260926-185706_p4_c4_cuda_r3,3634,perf_20260926-185706_p4_c4_cuda_r3,0,942,1790442047914,0,1790442047917.367,11.995,45.923,1790442047975.286,Normal,0.9531
WIX,16808,20260926-185706_p4_c4_cuda_r3,3638,perf_20260926-185706_p4_c4_cuda_r3,0,943,1790442048146,0,1790442048148.819,14.126,45.189,1790442048209.145,Normal,0.9727
WIX,16808,20260926-185706_p4_c4_cuda_r3,3647,perf_20260926-185706_p4_c4_cuda_r3,0,944,1790442048647,0,1790442048649.101,92.02,45.028,1790442048787.163,Normal,0.965
WIX,16808,20260926-185706_p4_c4_cuda_r3,3652,perf_20260926-185706_p4_c4_cuda_r3,0,945,1790442048929,0,1790442048931.205,7.996,44.395,1790442048984.595,Normal,0.9521
WIX,16808,20260926-185706_p4_c4_cuda_r3,3658,perf_20260926-185706_p4_c4_cuda_r3,0,946,1790442049258,0,1790442049261.474,8.53,46.34,1790442049316.344,Normal,0.8885
WIX,16808,20260926-185706_p4_c4_cuda_r3,3660,perf_20260926-185706_p4_c4_cuda_r3,0,947,1790442049368,0,1790442049371.095,11.222,44.919,1790442049427.806,Normal,0.7697
WIX,16808,20260926-185706_p4_c4_cuda_r3,3661,perf_20260926-185706_p4_c4_cuda_r3,0,948,1790442049414,0,1790442049430.528,8.232,47.972,1790442049487.306,Normal,0.9124
WIX,16808,20260926-185706_p4_c4_cuda_r3,3663,perf_20260926-185706_p4_c4_cuda_r3,0,949,1790442049538,0,1790442049541.531,7.99,43.394,1790442049593.937,Normal,0.9309
WIX,16808,20260926-185706_p4_c4_cuda_r3,3667,perf_20260926-185706_p4_c4_cuda_r3,0,950,1790442049759,0,1790442049761.962,8.56,46.719,1790442049818.248,Normal,0.9677
WIX,16808,20260926-185706_p4_c4_cuda_r3,3670,perf_20260926-185706_p4_c4_cuda_r3,0,951,1790442049917,0,1790442049919.588,13.182,44.361,1790442049977.604,Normal,0.9644
WIX,16808,20260926-185706_p4_c4_cuda_r3,3673,perf_20260926-185706_p4_c4_cuda_r3,0,952,1790442050091,0,1790442050093.556,7.999,49.51,1790442050152.104,Normal,0.9602
WIX,16808,20260926-185706_p4_c4_cuda_r3,3674,perf_20260926-185706_p4_c4_cuda_r3,0,953,1790442050138,0,1790442050154.083,7.005,45.29,1790442050207.38,Normal,0.977
WIX,16808,20260926-185706_p4_c4_cuda_r3,3686,perf_20260926-185706_p4_c4_cuda_r3,0,954,1790442050813,0,1790442050816.532,20.169,45.135,1790442050882.37,Normal,0.9761
WIX,16808,20260926-185706_p4_c4_cuda_r3,3690,perf_20260926-185706_p4_c4_cuda_r3,0,955,1790442051028,0,1790442051031.434,122.985,50.215,1790442051205.177,Normal,0.8718
WIX,16808,20260926-185706_p4_c4_cuda_r3,3694,perf_20260926-185706_p4_c4_cuda_r3,0,956,1790442051259,0,1790442051261.71,7.001,44.696,1790442051313.407,Normal,0.9587
WIX,16808,20260926-185706_p4_c4_cuda_r3,3700,perf_20260926-185706_p4_c4_cuda_r3,0,957,1790442051583,0,1790442051585.713,8.041,46.176,1790442051640.475,Normal,0.9647
WIX,16808,20260926-185706_p4_c4_cuda_r3,3703,perf_20260926-185706_p4_c4_cuda_r3,0,958,1790442051752,0,1790442051754.341,7.912,45.99,1790442051808.243,Normal,0.9224
WIX,16808,20260926-185706_p4_c4_cuda_r3,3709,perf_20260926-185706_p4_c4_cuda_r3,0,959,1790442052094,0,1790442052097.092,7.431,46.748,1790442052151.781,Normal,0.9314
WIX,16808,20260926-185706_p4_c4_cuda_r3,3713,perf_20260926-185706_p4_c4_cuda_r3,0,960,1790442052316,0,1790442052318.9,8.522,49.45,1790442052376.871,Normal,0.9512
WIX,16808,20260926-185706_p4_c4_cuda_r3,3718,perf_20260926-185706_p4_c4_cuda_r3,0,961,1790442052595,0,1790442052598.329,8.0,49.361,1790442052655.69,Normal,0.8902
WIX,16808,20260926-185706_p4_c4_cuda_r3,3720,perf_20260926-185706_p4_c4_cuda_r3,0,962,1790442052705,0,1790442052708.095,9.967,45.962,1790442052765.025,Normal,0.9783
WIX,16808,20260926-185706_p4_c4_cuda_r3,3722,perf_20260926-185706_p4_c4_cuda_r3,0,963,1790442052814,0,1790442052816.544,9.998,47.543,1790442052875.837,Normal,0.9646
WIX,16808,20260926-185706_p4_c4_cuda_r3,3724,perf_20260926-185706_p4_c4_cuda_r3,0,964,1790442052924,0,1790442052926.071,9.092,45.015,1790442052981.179,Normal,0.9469
WIX,16808,20260926-185706_p4_c4_cuda_r3,3728,perf_20260926-185706_p4_c4_cuda_r3,0,965,1790442053142,0,1790442053144.475,14.009,48.571,1790442053208.047,Normal,0.9666
WIX,16808,20260926-185706_p4_c4_cuda_r3,3734,perf_20260926-185706_p4_c4_cuda_r3,0,966,1790442053473,0,1790442053475.867,11.015,47.716,1790442053535.594,Normal,0.814
WIX,16808,20260926-185706_p4_c4_cuda_r3,3736,perf_20260926-185706_p4_c4_cuda_r3,0,967,1790442053596,0,1790442053598.227,14.996,44.866,1790442053659.312,Normal,0.9381
WIX,16808,20260926-185706_p4_c4_cuda_r3,3744,perf_20260926-185706_p4_c4_cuda_r3,0,968,1790442054035,0,1790442054038.348,12.044,43.492,1790442054094.841,Normal,0.8767
WIX,16808,20260926-185706_p4_c4_cuda_r3,3745,perf_20260926-185706_p4_c4_cuda_r3,0,969,1790442054082,0,1790442054098.094,12.663,49.7,1790442054161.394,Normal,0.9144
WIX,16808,20260926-185706_p4_c4_cuda_r3,3747,perf_20260926-185706_p4_c4_cuda_r3,0,970,1790442054192,0,1790442054195.076,11.997,47.334,1790442054255.421,Normal,0.9439
WIX,16808,20260926-185706_p4_c4_cuda_r3,3751,perf_20260926-185706_p4_c4_cuda_r3,0,971,1790442054414,0,1790442054416.993,20.122,45.164,1790442054482.278,Normal,0.9556
WIX,16808,20260926-185706_p4_c4_cuda_r3,3756,perf_20260926-185706_p4_c4_cuda_r3,0,972,1790442054697,0,1790442054700.408,290.406,45.338,1790442055037.115,OFFENSIVE,0.9521
WIX,16808,20260926-185706_p4_c4_cuda_r3,3759,perf_20260926-185706_p4_c4_cuda_r3,0,973,1790442054870,0,1790442055040.116,24.033,47.242,1790442055112.36,Normal,0.9777
WIX,16808,20260926-185706_p4_c4_cuda_r3,3765,perf_20260926-185706_p4_c4_cuda_r3,0,974,1790442055200,0,1790442055202.941,7.996,49.069,1790442055260.993,Normal,0.9587
WIX,16808,20260926-185706_p4_c4_cuda_r3,3767,perf_20260926-185706_p4_c4_cuda_r3,0,975,1790442055310,0,1790442055312.664,11.0,46.563,1790442055370.226,Normal,0.9583
WIX,16808,20260926-185706_p4_c4_cuda_r3,3769,perf_20260926-185706_p4_c4_cuda_r3,0,976,1790442055419,0,1790442055422.252,16.585,44.286,1790442055484.052,Normal,0.9762
WIX,16808,20260926-185706_p4_c4_cuda_r3,3770,perf_20260926-185706_p4_c4_cuda_r3,0,977,1790442055482,0,1790442055487.075,7.002,42.558,1790442055537.594,Normal,0.9223
WIX,16808,20260926-185706_p4_c4_cuda_r3,3773,perf_20260926-185706_p4_c4_cuda_r3,0,978,1790442055638,0,1790442055640.842,7.998,45.664,1790442055694.503,Normal,0.9234
WIX,16808,20260926-185706_p4_c4_cuda_r3,3785,perf_20260926-185706_p4_c4_cuda_r3,0,979,1790442056310,0,1790442056312.762,7.526,47.169,1790442056368.456,Normal,0.4322
WIX,16808,20260926-185706_p4_c4_cuda_r3,3789,perf_20260926-185706_p4_c4_cuda_r3,0,980,1790442056540,0,1790442056548.514,12.755,42.874,1790442056604.673,Normal,0.8929
WIX,16808,20260926-185706_p4_c4_cuda_r3,3791,perf_20260926-185706_p4_c4_cuda_r3,0,981,1790442056648,0,1790442056649.758,10.462,43.909,1790442056704.671,Normal,0.9528
WIX,16808,20260926-185706_p4_c4_cuda_r3,3797,perf_20260926-185706_p4_c4_cuda_r3,0,982,1790442056976,0,1790442056978.609,12.517,47.033,1790442057039.158,Normal,0.9634
WIX,16808,20260926-185706_p4_c4_cuda_r3,3810,perf_20260926-185706_p4_c4_cuda_r3,0,983,1790442057697,0,1790442057699.902,12.356,47.547,1790442057759.805,Normal,0.6886
WIX,16808,20260926-185706_p4_c4_cuda_r3,3813,perf_20260926-185706_p4_c4_cuda_r3,0,984,1790442057870,0,1790442057873.887,12.996,43.808,1790442057931.7,HATE,0.5208
WIX,16808,20260926-185706_p4_c4_cuda_r3,3819,perf_20260926-185706_p4_c4_cuda_r3,0,985,1790442058198,0,1790442058200.895,23.004,47.389,1790442058271.287,Normal,0.8389
WIX,16808,20260926-185706_p4_c4_cuda_r3,3822,perf_20260926-185706_p4_c4_cuda_r3,0,986,1790442058371,0,1790442058374.326,21.892,46.945,1790442058444.169,Normal,0.9449
WIX,16808,20260926-185706_p4_c4_cuda_r3,3823,perf_20260926-185706_p4_c4_cuda_r3,0,987,1790442058418,0,1790442058446.175,24.03,53.413,1790442058524.637,Normal,0.9735
WIX,16808,20260926-185706_p4_c4_cuda_r3,3830,perf_20260926-185706_p4_c4_cuda_r3,0,988,1790442058812,0,1790442058815.492,21.098,45.901,1790442058883.375,Normal,0.942
WIX,16808,20260926-185706_p4_c4_cuda_r3,3832,perf_20260926-185706_p4_c4_cuda_r3,0,989,1790442058921,0,1790442058924.167,27.697,44.61,1790442058997.734,Normal,0.9105
WIX,16808,20260926-185706_p4_c4_cuda_r3,3834,perf_20260926-185706_p4_c4_cuda_r3,0,990,1790442059031,0,1790442059033.602,22.56,45.284,1790442059101.447,Normal,0.9032
WIX,16808,20260926-185706_p4_c4_cuda_r3,3838,perf_20260926-185706_p4_c4_cuda_r3,0,991,1790442059249,0,1790442059252.161,22.094,45.668,1790442059320.877,Normal,0.9671
WIX,16808,20260926-185706_p4_c4_cuda_r3,3839,perf_20260926-185706_p4_c4_cuda_r3,0,992,1790442059312,0,1790442059322.88,22.129,44.753,1790442059389.762,Normal,0.8047
WIX,16808,20260926-185706_p4_c4_cuda_r3,3841,perf_20260926-185706_p4_c4_cuda_r3,0,993,1790442059420,0,1790442059422.738,23.375,50.843,1790442059497.471,Normal,0.8647
WIX,16808,20260926-185706_p4_c4_cuda_r3,3844,perf_20260926-185706_p4_c4_cuda_r3,0,994,1790442059591,0,1790442059594.243,21.174,43.445,1790442059658.863,Normal,0.8624
WIX,16808,20260926-185706_p4_c4_cuda_r3,3851,perf_20260926-185706_p4_c4_cuda_r3,0,995,1790442059984,0,1790442059987.454,28.263,46.601,1790442060063.28,Normal,0.9828
WIX,16808,20260926-185706_p4_c4_cuda_r3,3855,perf_20260926-185706_p4_c4_cuda_r3,0,996,1790442060203,0,1790442060206.611,23.02,45.552,1790442060275.929,Normal,0.9742
WIX,16808,20260926-185706_p4_c4_cuda_r3,3859,perf_20260926-185706_p4_c4_cuda_r3,0,997,1790442060423,0,1790442060425.18,11.08,44.393,1790442060481.617,Normal,0.9047
WIX,16808,20260926-185706_p4_c4_cuda_r3,3863,perf_20260926-185706_p4_c4_cuda_r3,0,998,1790442060642,0,1790442060644.293,12.58,48.314,1790442060706.158,Normal,0.9409
WIX,16808,20260926-185706_p4_c4_cuda_r3,3866,perf_20260926-185706_p4_c4_cuda_r3,0,999,1790442060815,0,1790442060817.833,11.994,42.991,1790442060873.989,Normal,0.9744
WIX,16808,20260926-185706_p4_c4_cuda_r3,3870,perf_20260926-185706_p4_c4_cuda_r3,0,1000,1790442061034,0,1790442061036.173,11.571,46.011,1790442061094.761,Normal,0.9628
WIX,16808,20260926-185706_p4_c4_cuda_r3,3871,perf_20260926-185706_p4_c4_cuda_r3,0,1001,1790442061081,0,1790442061097.785,11.013,44.213,1790442061154.081,Normal,0.9178
WIX,16808,20260926-185706_p4_c4_cuda_r3,3874,perf_20260926-185706_p4_c4_cuda_r3,0,1002,1790442061255,0,1790442061258.131,14.273,45.814,1790442061318.766,Normal,0.7214
WIX,16808,20260926-185706_p4_c4_cuda_r3,3875,perf_20260926-185706_p4_c4_cuda_r3,0,1003,1790442061317,0,1790442061320.769,12.024,50.219,1790442061384.182,Normal,0.9689
WIX,16808,20260926-185706_p4_c4_cuda_r3,3883,perf_20260926-185706_p4_c4_cuda_r3,0,1004,1790442061754,0,1790442061756.862,12.011,45.56,1790442061815.434,Normal,0.9695
WIX,16808,20260926-185706_p4_c4_cuda_r3,3884,perf_20260926-185706_p4_c4_cuda_r3,0,1005,1790442061816,0,1790442061819.472,12.101,49.572,1790442061881.689,Normal,0.9667
WIX,16808,20260926-185706_p4_c4_cuda_r3,3887,perf_20260926-185706_p4_c4_cuda_r3,0,1006,1790442061973,0,1790442061975.417,11.609,47.929,1790442062035.919,Normal,0.9452
WIX,16808,20260926-185706_p4_c4_cuda_r3,3893,perf_20260926-185706_p4_c4_cuda_r3,0,1007,1790442062316,0,1790442062319.113,21.034,43.201,1790442062384.355,Normal,0.9553
WIX,16808,20260926-185706_p4_c4_cuda_r3,3898,perf_20260926-185706_p4_c4_cuda_r3,0,1008,1790442062585,0,1790442062587.866,24.567,45.543,1790442062657.977,Normal,0.9563
WIX,16808,20260926-185706_p4_c4_cuda_r3,3902,perf_20260926-185706_p4_c4_cuda_r3,0,1009,1790442062803,0,1790442062806.077,26.998,50.381,1790442062883.456,Normal,0.9619
WIX,16808,20260926-185706_p4_c4_cuda_r3,3903,perf_20260926-185706_p4_c4_cuda_r3,0,1010,1790442062867,0,1790442062886.451,28.907,48.155,1790442062964.399,Normal,0.8735
WIX,16808,20260926-185706_p4_c4_cuda_r3,3904,perf_20260926-185706_p4_c4_cuda_r3,0,1011,1790442062929,0,1790442062967.436,284.087,44.499,1790442063297.022,Normal,0.9377
WIX,16808,20260926-185706_p4_c4_cuda_r3,3908,perf_20260926-185706_p4_c4_cuda_r3,0,1012,1790442063149,0,1790442063299.025,12.013,46.818,1790442063358.85,Normal,0.4654
WIX,16808,20260926-185706_p4_c4_cuda_r3,3918,perf_20260926-185706_p4_c4_cuda_r3,0,1013,1790442063698,0,1790442063701.475,7.995,48.96,1790442063758.43,Normal,0.6714
WIX,16808,20260926-185706_p4_c4_cuda_r3,3920,perf_20260926-185706_p4_c4_cuda_r3,0,1014,1790442063807,0,1790442063810.356,9.998,46.821,1790442063867.661,Normal,0.9444
WIX,16808,20260926-185706_p4_c4_cuda_r3,3924,perf_20260926-185706_p4_c4_cuda_r3,0,1015,1790442064025,0,1790442064027.821,13.065,48.458,1790442064089.344,Normal,0.9735
WIX,16808,20260926-185706_p4_c4_cuda_r3,3931,perf_20260926-185706_p4_c4_cuda_r3,0,1016,1790442064415,0,1790442064418.675,7.999,49.963,1790442064476.638,Normal,0.9593
WIX,16808,20260926-185706_p4_c4_cuda_r3,3933,perf_20260926-185706_p4_c4_cuda_r3,0,1017,1790442064525,0,1790442064527.755,8.968,48.48,1790442064585.202,Normal,0.9724
WIX,16808,20260926-185706_p4_c4_cuda_r3,3936,perf_20260926-185706_p4_c4_cuda_r3,0,1018,1790442064700,0,1790442064703.113,7.003,44.164,1790442064755.394,Normal,0.9133
WIX,16808,20260926-185706_p4_c4_cuda_r3,3940,perf_20260926-185706_p4_c4_cuda_r3,0,1019,1790442064918,0,1790442064920.549,9.002,49.01,1790442064978.561,Normal,0.538
WIX,16808,20260926-185706_p4_c4_cuda_r3,3942,perf_20260926-185706_p4_c4_cuda_r3,0,1020,1790442065029,0,1790442065031.212,12.043,46.16,1790442065089.415,Normal,0.9384
WIX,16808,20260926-185706_p4_c4_cuda_r3,3943,perf_20260926-185706_p4_c4_cuda_r3,0,1021,1790442065091,0,1790442065093.41,14.089,50.973,1790442065158.471,HATE,0.3859
WIX,16808,20260926-185706_p4_c4_cuda_r3,3947,perf_20260926-185706_p4_c4_cuda_r3,0,1022,1790442065312,0,1790442065315.149,15.109,47.445,1790442065378.711,Normal,0.9359
WIX,16808,20260926-185706_p4_c4_cuda_r3,3952,perf_20260926-185706_p4_c4_cuda_r3,0,1023,1790442065595,0,1790442065597.943,12.086,46.232,1790442065657.318,Normal,0.9623
WIX,16808,20260926-185706_p4_c4_cuda_r3,3958,perf_20260926-185706_p4_c4_cuda_r3,0,1024,1790442065925,0,1790442065928.313,12.0,47.31,1790442065988.624,Normal,0.7829
WIX,16808,20260926-185706_p4_c4_cuda_r3,3960,perf_20260926-185706_p4_c4_cuda_r3,0,1025,1790442066034,0,1790442066037.424,14.043,52.261,1790442066104.254,Normal,0.9666
WIX,16808,20260926-185706_p4_c4_cuda_r3,3963,perf_20260926-185706_p4_c4_cuda_r3,0,1026,1790442066191,0,1790442066193.94,13.011,49.104,1790442066256.056,Normal,0.8807
WIX,16808,20260926-185706_p4_c4_cuda_r3,3964,perf_20260926-185706_p4_c4_cuda_r3,0,1027,1790442066255,0,1790442066259.054,11.53,48.084,1790442066319.67,Normal,0.9415
WIX,16808,20260926-185706_p4_c4_cuda_r3,3969,perf_20260926-185706_p4_c4_cuda_r3,0,1028,1790442066534,0,1790442066537.177,13.515,49.509,1790442066601.2,Normal,0.9627
WIX,16808,20260926-185706_p4_c4_cuda_r3,3970,perf_20260926-185706_p4_c4_cuda_r3,0,1029,1790442066581,0,1790442066603.2,12.53,44.559,1790442066661.097,Normal,0.9418
WIX,16808,20260926-185706_p4_c4_cuda_r3,3975,perf_20260926-185706_p4_c4_cuda_r3,0,1030,1790442066859,0,1790442066861.994,12.51,43.421,1790442066917.924,Normal,0.8202
WIX,16808,20260926-185706_p4_c4_cuda_r3,3976,perf_20260926-185706_p4_c4_cuda_r3,0,1031,1790442066922,0,1790442066924.775,12.039,42.597,1790442066980.413,Normal,0.9473
WIX,16808,20260926-185706_p4_c4_cuda_r3,3978,perf_20260926-185706_p4_c4_cuda_r3,0,1032,1790442067032,0,1790442067034.172,18.382,50.361,1790442067103.917,Normal,0.9471
WIX,16808,20260926-185706_p4_c4_cuda_r3,3984,perf_20260926-185706_p4_c4_cuda_r3,0,1033,1790442067362,0,1790442067365.831,21.091,47.219,1790442067434.141,Normal,0.9563
WIX,16808,20260926-185706_p4_c4_cuda_r3,3989,perf_20260926-185706_p4_c4_cuda_r3,0,1034,1790442067643,0,1790442067645.559,21.647,50.546,1790442067718.722,Normal,0.9629
WIX,16808,20260926-185706_p4_c4_cuda_r3,3990,perf_20260926-185706_p4_c4_cuda_r3,0,1035,1790442067705,0,1790442067721.722,23.142,48.758,1790442067794.625,Normal,0.9785
WIX,16808,20260926-185706_p4_c4_cuda_r3,3995,perf_20260926-185706_p4_c4_cuda_r3,0,1036,1790442067971,0,1790442067973.092,22.997,43.255,1790442068041.03,Normal,0.9574
WIX,16808,20260926-185706_p4_c4_cuda_r3,4001,perf_20260926-185706_p4_c4_cuda_r3,0,1037,1790442068317,0,1790442068321.304,155.249,49.671,1790442068527.223,Normal,0.8988
WIX,16808,20260926-185706_p4_c4_cuda_r3,4005,perf_20260926-185706_p4_c4_cuda_r3,0,1038,1790442068537,0,1790442068540.53,6.997,47.623,1790442068596.294,Normal,0.9751
WIX,16808,20260926-185706_p4_c4_cuda_r3,4008,perf_20260926-185706_p4_c4_cuda_r3,0,1039,1790442068697,0,1790442068700.005,6.998,47.683,1790442068755.637,OFFENSIVE,0.965
WIX,16808,20260926-185706_p4_c4_cuda_r3,4012,perf_20260926-185706_p4_c4_cuda_r3,0,1040,1790442068916,0,1790442068919.431,8.502,45.152,1790442068973.085,Normal,0.9119
WIX,16808,20260926-185706_p4_c4_cuda_r3,4024,perf_20260926-185706_p4_c4_cuda_r3,0,1041,1790442069587,0,1790442069589.873,7.998,44.171,1790442069643.046,Normal,0.9634
WIX,16808,20260926-185706_p4_c4_cuda_r3,4026,perf_20260926-185706_p4_c4_cuda_r3,0,1042,1790442069698,0,1790442069701.49,10.998,43.915,1790442069756.877,Normal,0.9048
WIX,16808,20260926-185706_p4_c4_cuda_r3,4031,perf_20260926-185706_p4_c4_cuda_r3,0,1043,1790442069980,0,1790442069982.8,7.994,44.849,1790442070035.643,Normal,0.9447
WIX,16808,20260926-185706_p4_c4_cuda_r3,4036,perf_20260926-185706_p4_c4_cuda_r3,0,1044,1790442070250,0,1790442070253.392,6.976,48.411,1790442070309.738,Normal,0.9547
WIX,16808,20260926-185706_p4_c4_cuda_r3,4041,perf_20260926-185706_p4_c4_cuda_r3,0,1045,1790442070533,0,1790442070535.844,11.021,47.33,1790442070595.17,Normal,0.647
WIX,16808,20260926-185706_p4_c4_cuda_r3,4047,perf_20260926-185706_p4_c4_cuda_r3,0,1046,1790442070860,0,1790442070863.46,10.969,48.079,1790442070923.743,Normal,0.9608
WIX,16808,20260926-185706_p4_c4_cuda_r3,4049,perf_20260926-185706_p4_c4_cuda_r3,0,1047,1790442070969,0,1790442070972.61,16.094,47.254,1790442071036.934,Normal,0.9591
WIX,16808,20260926-185706_p4_c4_cuda_r3,4050,perf_20260926-185706_p4_c4_cuda_r3,0,1048,1790442071032,0,1790442071039.934,11.998,45.928,1790442071097.86,Normal,0.9493
WIX,16808,20260926-185706_p4_c4_cuda_r3,4059,perf_20260926-185706_p4_c4_cuda_r3,0,1049,1790442071536,0,1790442071539.14,19.999,47.163,1790442071607.422,Normal,0.9119
WIX,16808,20260926-185706_p4_c4_cuda_r3,4061,perf_20260926-185706_p4_c4_cuda_r3,0,1050,1790442071646,0,1790442071649.763,19.694,45.651,1790442071715.108,Normal,0.9419
WIX,16808,20260926-185706_p4_c4_cuda_r3,4062,perf_20260926-185706_p4_c4_cuda_r3,0,1051,1790442071694,0,1790442071717.072,20.298,47.401,1790442071784.771,Normal,0.9441
WIX,16808,20260926-185706_p4_c4_cuda_r3,4064,perf_20260926-185706_p4_c4_cuda_r3,0,1052,1790442071803,0,1790442071805.771,30.112,48.445,1790442071884.327,Normal,0.9381
WIX,16808,20260926-185706_p4_c4_cuda_r3,4068,perf_20260926-185706_p4_c4_cuda_r3,0,1053,1790442072039,0,1790442072041.984,20.032,48.353,1790442072110.369,Normal,0.931
WIX,16808,20260926-185706_p4_c4_cuda_r3,4074,perf_20260926-185706_p4_c4_cuda_r3,0,1054,1790442072369,0,1790442072371.897,21.551,45.16,1790442072438.608,Normal,0.8432
WIX,16808,20260926-185706_p4_c4_cuda_r3,4081,perf_20260926-185706_p4_c4_cuda_r3,0,1055,1790442072749,0,1790442072751.339,165.09,45.226,1790442072962.655,Normal,0.9247
WIX,16808,20260926-185706_p4_c4_cuda_r3,4088,perf_20260926-185706_p4_c4_cuda_r3,0,1056,1790442073142,0,1790442073145.089,7.995,50.019,1790442073204.104,Normal,0.9243
WIX,16808,20260926-185706_p4_c4_cuda_r3,4094,perf_20260926-185706_p4_c4_cuda_r3,0,1057,1790442073469,0,1790442073471.321,9.996,48.339,1790442073529.656,Normal,0.938
WIX,16808,20260926-185706_p4_c4_cuda_r3,4099,perf_20260926-185706_p4_c4_cuda_r3,0,1058,1790442073753,0,1790442073756.006,10.032,48.587,1790442073815.192,Normal,0.9384
WIX,16808,20260926-185706_p4_c4_cuda_r3,4115,perf_20260926-185706_p4_c4_cuda_r3,0,1059,1790442074648,0,1790442074651.308,8.018,48.421,1790442074708.994,Normal,0.9608
WIX,16808,20260926-185706_p4_c4_cuda_r3,4116,perf_20260926-185706_p4_c4_cuda_r3,0,1060,1790442074696,0,1790442074710.974,11.822,44.332,1790442074767.634,Normal,0.9273
WIX,16808,20260926-185706_p4_c4_cuda_r3,4118,perf_20260926-185706_p4_c4_cuda_r3,0,1061,1790442074805,0,1790442074808.531,11.998,45.026,1790442074865.555,Normal,0.936
WIX,16808,20260926-185706_p4_c4_cuda_r3,4121,perf_20260926-185706_p4_c4_cuda_r3,0,1062,1790442074977,0,1790442074979.984,11.001,49.085,1790442075041.537,Normal,0.9224
WIX,16808,20260926-185706_p4_c4_cuda_r3,4126,perf_20260926-185706_p4_c4_cuda_r3,0,1063,1790442075262,0,1790442075264.89,14.002,47.701,1790442075327.595,Normal,0.9715
WIX,16808,20260926-185706_p4_c4_cuda_r3,4127,perf_20260926-185706_p4_c4_cuda_r3,0,1064,1790442075309,0,1790442075330.594,13.092,44.294,1790442075387.979,Normal,0.8802
WIX,16808,20260926-185706_p4_c4_cuda_r3,4134,perf_20260926-185706_p4_c4_cuda_r3,0,1065,1790442075700,0,1790442075702.481,224.795,48.359,1790442075975.635,Normal,0.9636
WIX,16808,20260926-185706_p4_c4_cuda_r3,4140,perf_20260926-185706_p4_c4_cuda_r3,0,1066,1790442076030,0,1790442076033.216,12.475,46.445,1790442076092.136,Normal,0.9492
WIX,16808,20260926-185706_p4_c4_cuda_r3,4154,perf_20260926-185706_p4_c4_cuda_r3,0,1067,1790442076810,0,1790442076812.809,8.028,46.949,1790442076868.595,Normal,0.7979
WIX,16808,20260926-185706_p4_c4_cuda_r3,4156,perf_20260926-185706_p4_c4_cuda_r3,0,1068,1790442076921,0,1790442076923.281,8.99,49.771,1790442076983.039,Normal,0.9565
WIX,16808,20260926-185706_p4_c4_cuda_r3,4158,perf_20260926-185706_p4_c4_cuda_r3,0,1069,1790442077030,0,1790442077032.691,7.991,50.846,1790442077091.529,Normal,0.9577
WIX,16808,20260926-185706_p4_c4_cuda_r3,4159,perf_20260926-185706_p4_c4_cuda_r3,0,1070,1790442077093,0,1790442077096.026,8.008,44.86,1790442077149.95,Normal,0.937
WIX,16808,20260926-185706_p4_c4_cuda_r3,4166,perf_20260926-185706_p4_c4_cuda_r3,0,1071,1790442077471,0,1790442077473.231,8.547,45.876,1790442077527.654,Normal,0.9451
WIX,16808,20260926-185706_p4_c4_cuda_r3,4179,perf_20260926-185706_p4_c4_cuda_r3,0,1072,1790442078206,0,1790442078209.649,12.059,45.722,1790442078268.403,Normal,0.9255
WIX,16808,20260926-185706_p4_c4_cuda_r3,4181,perf_20260926-185706_p4_c4_cuda_r3,0,1073,1790442078315,0,1790442078318.01,13.564,42.736,1790442078375.308,Normal,0.9297
WIX,16808,20260926-185706_p4_c4_cuda_r3,4186,perf_20260926-185706_p4_c4_cuda_r3,0,1074,1790442078581,0,1790442078583.786,23.131,49.639,1790442078656.556,Normal,0.8839
WIX,16808,20260926-185706_p4_c4_cuda_r3,4188,perf_20260926-185706_p4_c4_cuda_r3,0,1075,1790442078692,0,1790442078695.496,29.518,46.833,1790442078772.846,Normal,0.9632
WIX,16808,20260926-185706_p4_c4_cuda_r3,4189,perf_20260926-185706_p4_c4_cuda_r3,0,1076,1790442078756,0,1790442078775.84,22.346,49.769,1790442078847.955,Normal,0.9464
WIX,16808,20260926-185706_p4_c4_cuda_r3,4191,perf_20260926-185706_p4_c4_cuda_r3,0,1077,1790442078864,0,1790442078867.039,23.091,46.81,1790442078937.896,Normal,0.9473
WIX,16808,20260926-185706_p4_c4_cuda_r3,4197,perf_20260926-185706_p4_c4_cuda_r3,0,1078,1790442079196,0,1790442079198.822,20.027,51.766,1790442079271.6,Normal,0.9608
WIX,16808,20260926-185706_p4_c4_cuda_r3,4198,perf_20260926-185706_p4_c4_cuda_r3,0,1079,1790442079258,0,1790442079273.606,20.632,46.454,1790442079341.724,Normal,0.9451
WIX,16808,20260926-185706_p4_c4_cuda_r3,4199,perf_20260926-185706_p4_c4_cuda_r3,0,1080,1790442079305,0,1790442079343.779,21.164,47.777,1790442079413.892,Normal,0.9654
WIX,16808,20260926-185706_p4_c4_cuda_r3,4201,perf_20260926-185706_p4_c4_cuda_r3,0,1081,1790442079427,0,1790442079430.391,23.423,43.457,1790442079497.809,Normal,0.9742
WIX,16808,20260926-185706_p4_c4_cuda_r3,4204,perf_20260926-185706_p4_c4_cuda_r3,0,1082,1790442079582,0,1790442079585.086,21.013,47.605,1790442079653.703,Normal,0.9535
WIX,16808,20260926-185706_p4_c4_cuda_r3,4211,perf_20260926-185706_p4_c4_cuda_r3,0,1083,1790442079974,0,1790442079976.23,176.713,51.268,1790442080205.215,Normal,0.8658
WIX,16808,20260926-185706_p4_c4_cuda_r3,4216,perf_20260926-185706_p4_c4_cuda_r3,0,1084,1790442080255,0,1790442080258.51,9.968,51.619,1790442080320.096,Normal,0.979
WIX,16808,20260926-185706_p4_c4_cuda_r3,4217,perf_20260926-185706_p4_c4_cuda_r3,0,1085,1790442080303,0,1790442080323.073,9.0,48.971,1790442080381.044,Normal,0.9041
WIX,16808,20260926-185706_p4_c4_cuda_r3,4218,perf_20260926-185706_p4_c4_cuda_r3,0,1086,1790442080366,0,1790442080384.039,8.005,43.576,1790442080435.62,Normal,0.9515
WIX,16808,20260926-185706_p4_c4_cuda_r3,4220,perf_20260926-185706_p4_c4_cuda_r3,0,1087,1790442080476,0,1790442080479.427,9.004,49.854,1790442080538.285,Normal,0.9734
WIX,16808,20260926-185706_p4_c4_cuda_r3,4228,perf_20260926-185706_p4_c4_cuda_r3,0,1088,1790442080920,0,1790442080922.661,14.993,47.165,1790442080984.819,Normal,0.981
WIX,16808,20260926-185706_p4_c4_cuda_r3,4229,perf_20260926-185706_p4_c4_cuda_r3,0,1089,1790442080984,0,1790442080986.821,9.003,48.449,1790442081044.273,Normal,0.9645
WIX,16808,20260926-185706_p4_c4_cuda_r3,4230,perf_20260926-185706_p4_c4_cuda_r3,0,1090,1790442081030,0,1790442081047.266,7.569,49.158,1790442081103.993,Normal,0.9741
WIX,16808,20260926-185706_p4_c4_cuda_r3,4236,perf_20260926-185706_p4_c4_cuda_r3,0,1091,1790442081360,0,1790442081362.856,7.969,51.057,1790442081422.883,Normal,0.9253
WIX,16808,20260926-185706_p4_c4_cuda_r3,4240,perf_20260926-185706_p4_c4_cuda_r3,0,1092,1790442081581,0,1790442081583.921,7.998,50.279,1790442081643.209,Normal,0.9515
WIX,16808,20260926-185706_p4_c4_cuda_r3,4242,perf_20260926-185706_p4_c4_cuda_r3,0,1093,1790442081706,0,1790442081708.463,8.001,45.229,1790442081762.854,Normal,0.9379
WIX,16808,20260926-185706_p4_c4_cuda_r3,4244,perf_20260926-185706_p4_c4_cuda_r3,0,1094,1790442081814,0,1790442081817.28,8.002,49.739,1790442081875.02,Normal,0.9231
WIX,16808,20260926-185706_p4_c4_cuda_r3,4252,perf_20260926-185706_p4_c4_cuda_r3,0,1095,1790442082250,0,1790442082253.234,19.22,47.683,1790442082320.138,Normal,0.9787
WIX,16808,20260926-185706_p4_c4_cuda_r3,4256,perf_20260926-185706_p4_c4_cuda_r3,0,1096,1790442082470,0,1790442082472.984,11.997,45.633,1790442082531.581,Normal,0.9728
WIX,16808,20260926-185706_p4_c4_cuda_r3,4260,perf_20260926-185706_p4_c4_cuda_r3,0,1097,1790442082704,0,1790442082707.035,11.319,46.332,1790442082765.462,Normal,0.9486
WIX,16808,20260926-185706_p4_c4_cuda_r3,4261,perf_20260926-185706_p4_c4_cuda_r3,0,1098,1790442082750,0,1790442082768.252,27.982,45.409,1790442082841.909,Normal,0.9725
WIX,16808,20260926-185706_p4_c4_cuda_r3,4263,perf_20260926-185706_p4_c4_cuda_r3,0,1099,1790442082860,0,1790442082863.167,28.996,50.445,1790442082942.608,Normal,0.9543
WIX,16808,20260926-185706_p4_c4_cuda_r3,4264,perf_20260926-185706_p4_c4_cuda_r3,0,1100,1790442082923,0,1790442082945.638,22.235,44.77,1790442083013.444,Normal,0.9485
WIX,16808,20260926-185706_p4_c4_cuda_r3,4268,perf_20260926-185706_p4_c4_cuda_r3,0,1101,1790442083141,0,1790442083144.979,20.773,49.881,1790442083216.607,Normal,0.9006
WIX,16808,20260926-185706_p4_c4_cuda_r3,4276,perf_20260926-185706_p4_c4_cuda_r3,0,1102,1790442083581,0,1790442083583.952,23.3,44.341,1790442083652.134,Normal,0.8514
WIX,16808,20260926-185706_p4_c4_cuda_r3,4283,perf_20260926-185706_p4_c4_cuda_r3,0,1103,1790442083975,0,1790442083978.104,22.0,45.614,1790442084046.726,Normal,0.9368
WIX,16808,20260926-185706_p4_c4_cuda_r3,4290,perf_20260926-185706_p4_c4_cuda_r3,0,1104,1790442084369,0,1790442084372.133,19.996,45.058,1790442084438.377,Normal,0.9457
WIX,16808,20260926-185706_p4_c4_cuda_r3,4295,perf_20260926-185706_p4_c4_cuda_r3,0,1105,1790442084636,0,1790442084639.03,21.003,44.537,1790442084704.57,Normal,0.9469
WIX,16808,20260926-185706_p4_c4_cuda_r3,4297,perf_20260926-185706_p4_c4_cuda_r3,0,1106,1790442084762,0,1790442084765.623,21.999,43.775,1790442084832.413,Normal,0.9603
WIX,16808,20260926-185706_p4_c4_cuda_r3,4301,perf_20260926-185706_p4_c4_cuda_r3,0,1107,1790442084982,0,1790442084985.118,28.029,45.377,1790442085058.524,HATE,0.4533
WIX,16808,20260926-185706_p4_c4_cuda_r3,4307,perf_20260926-185706_p4_c4_cuda_r3,0,1108,1790442085311,0,1790442085313.567,279.295,47.518,1790442085641.376,Normal,0.9463
WIX,16808,20260926-185706_p4_c4_cuda_r3,4310,perf_20260926-185706_p4_c4_cuda_r3,0,1109,1790442085483,0,1790442085645.375,12.089,49.212,1790442085706.676,Normal,0.972
WIX,16808,20260926-185706_p4_c4_cuda_r3,4311,perf_20260926-185706_p4_c4_cuda_r3,0,1110,1790442085529,0,1790442085707.266,8.677,43.642,1790442085760.126,Normal,0.9742
WIX,16808,20260926-185706_p4_c4_cuda_r3,4313,perf_20260926-185706_p4_c4_cuda_r3,0,1111,1790442085639,0,1790442085760.126,7.057,46.421,1790442085814.315,Normal,0.9064
WIX,16808,20260926-185706_p4_c4_cuda_r3,4314,perf_20260926-185706_p4_c4_cuda_r3,0,1112,1790442085701,0,1790442085816.293,7.994,49.011,1790442085873.731,Normal,0.9375
WIX,16808,20260926-185706_p4_c4_cuda_r3,4316,perf_20260926-185706_p4_c4_cuda_r3,0,1113,1790442085811,0,1790442085874.727,8.018,47.537,1790442085930.282,Normal,0.9657
WIX,16808,20260926-185706_p4_c4_cuda_r3,4317,perf_20260926-185706_p4_c4_cuda_r3,0,1114,1790442085872,0,1790442085932.282,7.053,45.121,1790442085985.458,Normal,0.9409
WIX,16808,20260926-185706_p4_c4_cuda_r3,4324,perf_20260926-185706_p4_c4_cuda_r3,0,1115,1790442086249,0,1790442086252.459,7.965,48.983,1790442086309.407,Normal,0.9659
WIX,16808,20260926-185706_p4_c4_cuda_r3,4336,perf_20260926-185706_p4_c4_cuda_r3,0,1116,1790442086925,0,1790442086928.878,9.119,42.943,1790442086982.217,Normal,0.9452
WIX,16808,20260926-185706_p4_c4_cuda_r3,4338,perf_20260926-185706_p4_c4_cuda_r3,0,1117,1790442087035,0,1790442087037.101,8.997,45.124,1790442087092.232,Normal,0.9763
WIX,16808,20260926-185706_p4_c4_cuda_r3,4342,perf_20260926-185706_p4_c4_cuda_r3,0,1118,1790442087254,0,1790442087257.163,8.0,44.453,1790442087310.615,Normal,0.935
WIX,16808,20260926-185706_p4_c4_cuda_r3,4343,perf_20260926-185706_p4_c4_cuda_r3,0,1119,1790442087316,0,1790442087318.927,7.996,45.983,1790442087373.908,Normal,0.9601
WIX,16808,20260926-185706_p4_c4_cuda_r3,4347,perf_20260926-185706_p4_c4_cuda_r3,0,1120,1790442087537,0,1790442087539.594,11.996,47.725,1790442087600.322,Normal,0.9443
WIX,16808,20260926-185706_p4_c4_cuda_r3,4353,perf_20260926-185706_p4_c4_cuda_r3,0,1121,1790442087867,0,1790442087869.299,16.596,46.671,1790442087932.566,Normal,0.9758
WIX,16808,20260926-185706_p4_c4_cuda_r3,4358,perf_20260926-185706_p4_c4_cuda_r3,0,1122,1790442088148,0,1790442088152.063,11.083,44.434,1790442088208.578,Normal,0.9375
WIX,16808,20260926-185706_p4_c4_cuda_r3,4370,perf_20260926-185706_p4_c4_cuda_r3,0,1123,1790442088805,0,1790442088808.038,19.523,48.101,1790442088875.662,Normal,0.9766
WIX,16808,20260926-185706_p4_c4_cuda_r3,4373,perf_20260926-185706_p4_c4_cuda_r3,0,1124,1790442088976,0,1790442088978.149,13.998,45.525,1790442089038.674,Normal,0.979
WIX,16808,20260926-185706_p4_c4_cuda_r3,4379,perf_20260926-185706_p4_c4_cuda_r3,0,1125,1790442089306,0,1790442089309.309,12.043,49.682,1790442089371.034,Normal,0.9359
WIX,16808,20260926-185706_p4_c4_cuda_r3,4380,perf_20260926-185706_p4_c4_cuda_r3,0,1126,1790442089367,0,1790442089373.15,12.364,48.67,1790442089434.184,Normal,0.9375
WIX,16808,20260926-185706_p4_c4_cuda_r3,4381,perf_20260926-185706_p4_c4_cuda_r3,0,1127,1790442089429,0,1790442089437.46,22.275,45.344,1790442089505.783,Normal,0.9452
WIX,16808,20260926-185706_p4_c4_cuda_r3,4387,perf_20260926-185706_p4_c4_cuda_r3,0,1128,1790442089757,0,1790442089759.46,62.078,44.512,1790442089867.05,Normal,0.9716
WIX,16808,20260926-185706_p4_c4_cuda_r3,4391,perf_20260926-185706_p4_c4_cuda_r3,0,1129,1790442089977,0,1790442089979.966,6.566,44.005,1790442090031.538,Normal,0.9703
WIX,16808,20260926-185706_p4_c4_cuda_r3,4393,perf_20260926-185706_p4_c4_cuda_r3,0,1130,1790442090088,0,1790442090090.241,8.043,42.6,1790442090141.841,Normal,0.9559
WIX,16808,20260926-185706_p4_c4_cuda_r3,4401,perf_20260926-185706_p4_c4_cuda_r3,0,1131,1790442090525,0,1790442090529.431,12.286,47.42,1790442090589.137,Normal,0.9217
WIX,16808,20260926-185706_p4_c4_cuda_r3,4404,perf_20260926-185706_p4_c4_cuda_r3,0,1132,1790442090700,0,1790442090702.084,8.999,48.072,1790442090759.155,Normal,0.8099
WIX,16808,20260926-185706_p4_c4_cuda_r3,4406,perf_20260926-185706_p4_c4_cuda_r3,0,1133,1790442090808,0,1790442090810.733,9.007,48.94,1790442090868.679,Normal,0.8725
WIX,16808,20260926-185706_p4_c4_cuda_r3,4409,perf_20260926-185706_p4_c4_cuda_r3,0,1134,1790442090977,0,1790442090980.608,8.036,44.098,1790442091032.742,Normal,0.7619
WIX,16808,20260926-185706_p4_c4_cuda_r3,4420,perf_20260926-185706_p4_c4_cuda_r3,0,1135,1790442091586,0,1790442091588.806,11.002,48.067,1790442091648.87,Normal,0.9449
WIX,16808,20260926-185706_p4_c4_cuda_r3,4426,perf_20260926-185706_p4_c4_cuda_r3,0,1136,1790442091930,0,1790442091932.437,13.51,46.135,1790442091993.086,Normal,0.9665
WIX,16808,20260926-185706_p4_c4_cuda_r3,4429,perf_20260926-185706_p4_c4_cuda_r3,0,1137,1790442092084,0,1790442092087.384,12.001,48.251,1790442092147.636,Normal,0.9577
WIX,16808,20260926-185706_p4_c4_cuda_r3,4434,perf_20260926-185706_p4_c4_cuda_r3,0,1138,1790442092367,0,1790442092370.449,11.49,52.826,1790442092434.765,Normal,0.9471
WIX,16808,20260926-185706_p4_c4_cuda_r3,4435,perf_20260926-185706_p4_c4_cuda_r3,0,1139,1790442092415,0,1790442092437.792,20.582,48.409,1790442092507.741,Normal,0.9319
WIX,16808,20260926-185706_p4_c4_cuda_r3,4439,perf_20260926-185706_p4_c4_cuda_r3,0,1140,1790442092650,0,1790442092652.961,21.084,46.245,1790442092721.547,Normal,0.9739
WIX,16808,20260926-185706_p4_c4_cuda_r3,4442,perf_20260926-185706_p4_c4_cuda_r3,0,1141,1790442092805,0,1790442092808.271,19.933,49.751,1790442092878.956,Normal,0.9473
WIX,16808,20260926-185706_p4_c4_cuda_r3,4445,perf_20260926-185706_p4_c4_cuda_r3,0,1142,1790442092977,0,1790442092980.281,27.478,45.051,1790442093053.759,Normal,0.9484
WIX,16808,20260926-185706_p4_c4_cuda_r3,4449,perf_20260926-185706_p4_c4_cuda_r3,0,1143,1790442093197,0,1790442093200.439,21.971,44.083,1790442093266.492,Normal,0.9434
WIX,16808,20260926-185706_p4_c4_cuda_r3,4456,perf_20260926-185706_p4_c4_cuda_r3,0,1144,1790442093590,0,1790442093592.781,47.074,47.948,1790442093687.802,Normal,0.9375
WIX,16808,20260926-185706_p4_c4_cuda_r3,4462,perf_20260926-185706_p4_c4_cuda_r3,0,1145,1790442093918,0,1790442093922.032,12.07,45.68,1790442093980.352,Normal,0.9375
WIX,16808,20260926-185706_p4_c4_cuda_r3,4464,perf_20260926-185706_p4_c4_cuda_r3,0,1146,1790442094028,0,1790442094030.555,11.01,45.732,1790442094088.297,Normal,0.8171
WIX,16808,20260926-185706_p4_c4_cuda_r3,4473,perf_20260926-185706_p4_c4_cuda_r3,0,1147,1790442094527,0,1790442094529.513,9.012,48.946,1790442094587.47,Normal,0.9485
WIX,16808,20260926-185706_p4_c4_cuda_r3,4480,perf_20260926-185706_p4_c4_cuda_r3,0,1148,1790442094917,0,1790442094920.333,10.998,46.024,1790442094978.325,Normal,0.9578
WIX,16808,20260926-185706_p4_c4_cuda_r3,4485,perf_20260926-185706_p4_c4_cuda_r3,0,1149,1790442095199,0,1790442095201.949,11.998,49.398,1790442095263.345,Normal,0.9629
WIX,16808,20260926-185706_p4_c4_cuda_r3,4487,perf_20260926-185706_p4_c4_cuda_r3,0,1150,1790442095308,0,1790442095311.322,8.033,46.12,1790442095366.434,Normal,0.9423
WIX,16808,20260926-185706_p4_c4_cuda_r3,4495,perf_20260926-185706_p4_c4_cuda_r3,0,1151,1790442095750,0,1790442095753.001,11.508,48.702,1790442095814.213,Normal,0.9409
WIX,16808,20260926-185706_p4_c4_cuda_r3,4498,perf_20260926-185706_p4_c4_cuda_r3,0,1152,1790442095922,0,1790442095925.8,13.036,47.862,1790442095986.698,Normal,0.9531
WIX,16808,20260926-185706_p4_c4_cuda_r3,4500,perf_20260926-185706_p4_c4_cuda_r3,0,1153,1790442096031,0,1790442096034.99,22.004,45.884,1790442096102.879,Normal,0.9564
WIX,16808,20260926-185706_p4_c4_cuda_r3,4502,perf_20260926-185706_p4_c4_cuda_r3,0,1154,1790442096142,0,1790442096145.0,19.518,45.338,1790442096210.859,Normal,0.9364
WIX,16808,20260926-185706_p4_c4_cuda_r3,4505,perf_20260926-185706_p4_c4_cuda_r3,0,1155,1790442096313,0,1790442096315.594,20.017,45.356,1790442096382.452,Normal,0.9016
WIX,16808,20260926-185706_p4_c4_cuda_r3,4510,perf_20260926-185706_p4_c4_cuda_r3,0,1156,1790442096594,0,1790442096597.447,22.044,52.374,1790442096672.868,Normal,0.9468
WIX,16808,20260926-185706_p4_c4_cuda_r3,4511,perf_20260926-185706_p4_c4_cuda_r3,0,1157,1790442096641,0,1790442096675.877,22.504,51.363,1790442096751.625,Normal,0.9288
WIX,16808,20260926-185706_p4_c4_cuda_r3,4512,perf_20260926-185706_p4_c4_cuda_r3,0,1158,1790442096703,0,1790442096752.79,308.209,51.856,1790442097113.857,Normal,0.816
WIX,16808,20260926-185706_p4_c4_cuda_r3,4514,perf_20260926-185706_p4_c4_cuda_r3,0,1159,1790442096813,0,1790442097117.863,18.993,49.617,1790442097186.473,Normal,0.976
WIX,16808,20260926-185706_p4_c4_cuda_r3,4517,perf_20260926-185706_p4_c4_cuda_r3,0,1160,1790442096971,0,1790442097187.525,8.089,45.572,1790442097241.849,Normal,0.6251
WIX,16808,20260926-185706_p4_c4_cuda_r3,4518,perf_20260926-185706_p4_c4_cuda_r3,0,1161,1790442097034,0,1790442097241.849,7.993,51.743,1790442097302.585,Normal,0.9635
WIX,16808,20260926-185706_p4_c4_cuda_r3,4526,perf_20260926-185706_p4_c4_cuda_r3,0,1162,1790442097470,0,1790442097473.243,8.006,47.78,1790442097530.028,Normal,0.9668
WIX,16808,20260926-185706_p4_c4_cuda_r3,4527,perf_20260926-185706_p4_c4_cuda_r3,0,1163,1790442097533,0,1790442097536.013,6.999,53.072,1790442097596.085,Normal,0.9551
WIX,16808,20260926-185706_p4_c4_cuda_r3,4528,perf_20260926-185706_p4_c4_cuda_r3,0,1164,1790442097595,0,1790442097598.097,8.037,47.328,1790442097653.462,Normal,0.9559
WIX,16808,20260926-185706_p4_c4_cuda_r3,4529,perf_20260926-185706_p4_c4_cuda_r3,0,1165,1790442097643,0,1790442097656.271,10.441,44.588,1790442097712.402,Normal,0.9498
WIX,16808,20260926-185706_p4_c4_cuda_r3,4531,perf_20260926-185706_p4_c4_cuda_r3,0,1166,1790442097752,0,1790442097755.173,7.998,46.638,1790442097809.809,Normal,0.9485
WIX,16808,20260926-185706_p4_c4_cuda_r3,4532,perf_20260926-185706_p4_c4_cuda_r3,0,1167,1790442097814,0,1790442097816.613,10.29,46.941,1790442097875.204,Normal,0.8412
WIX,16808,20260926-185706_p4_c4_cuda_r3,4534,perf_20260926-185706_p4_c4_cuda_r3,0,1168,1790442097924,0,1790442097926.246,7.996,48.725,1790442097982.966,Normal,0.9768
WIX,16808,20260926-185706_p4_c4_cuda_r3,4536,perf_20260926-185706_p4_c4_cuda_r3,0,1169,1790442098034,0,1790442098037.036,6.998,43.62,1790442098088.654,Normal,0.9723
WIX,16808,20260926-185706_p4_c4_cuda_r3,4542,perf_20260926-185706_p4_c4_cuda_r3,0,1170,1790442098363,0,1790442098365.644,9.185,46.043,1790442098420.872,Normal,0.9468
WIX,16808,20260926-185706_p4_c4_cuda_r3,4544,perf_20260926-185706_p4_c4_cuda_r3,0,1171,1790442098471,0,1790442098473.967,9.004,47.558,1790442098530.529,Normal,0.835
WIX,16808,20260926-185706_p4_c4_cuda_r3,4546,perf_20260926-185706_p4_c4_cuda_r3,0,1172,1790442098580,0,1790442098583.774,8.008,48.435,1790442098641.209,Normal,0.9556
WIX,16808,20260926-185706_p4_c4_cuda_r3,4547,perf_20260926-185706_p4_c4_cuda_r3,0,1173,1790442098644,0,1790442098647.123,6.959,53.216,1790442098708.521,Normal,0.9375
WIX,16808,20260926-185706_p4_c4_cuda_r3,4552,perf_20260926-185706_p4_c4_cuda_r3,0,1174,1790442098924,0,1790442098927.723,13.555,43.755,1790442098985.033,Normal,0.9515
WIX,16808,20260926-185706_p4_c4_cuda_r3,4560,perf_20260926-185706_p4_c4_cuda_r3,0,1175,1790442099364,0,1790442099367.675,11.998,45.838,1790442099425.511,Normal,0.9605
WIX,16808,20260926-185706_p4_c4_cuda_r3,4570,perf_20260926-185706_p4_c4_cuda_r3,0,1176,1790442099924,0,1790442099927.27,19.509,50.353,1790442099998.135,Normal,0.697
WIX,16808,20260926-185706_p4_c4_cuda_r3,4571,perf_20260926-185706_p4_c4_cuda_r3,0,1177,1790442099970,0,1790442100000.665,24.014,47.034,1790442100071.712,Normal,0.9622
WIX,16808,20260926-185706_p4_c4_cuda_r3,4572,perf_20260926-185706_p4_c4_cuda_r3,0,1178,1790442100032,0,1790442100073.711,22.087,47.565,1790442100144.373,Normal,0.9617
WIX,16808,20260926-185706_p4_c4_cuda_r3,4574,perf_20260926-185706_p4_c4_cuda_r3,0,1179,1790442100143,0,1790442100147.361,22.001,49.22,1790442100218.581,Normal,0.9162
WIX,16808,20260926-185706_p4_c4_cuda_r3,4575,perf_20260926-185706_p4_c4_cuda_r3,0,1180,1790442100205,0,1790442100221.085,19.596,47.262,1790442100289.282,Normal,0.9526
WIX,16808,20260926-185706_p4_c4_cuda_r3,4579,perf_20260926-185706_p4_c4_cuda_r3,0,1181,1790442100423,0,1790442100425.68,21.141,49.563,1790442100496.906,Normal,0.9447
WIX,16808,20260926-185706_p4_c4_cuda_r3,4581,perf_20260926-185706_p4_c4_cuda_r3,0,1182,1790442100532,0,1790442100534.84,23.997,44.957,1790442100604.709,Normal,0.9619
WIX,16808,20260926-185706_p4_c4_cuda_r3,4582,perf_20260926-185706_p4_c4_cuda_r3,0,1183,1790442100595,0,1790442100607.702,22.597,49.976,1790442100681.817,Normal,0.9662
WIX,16808,20260926-185706_p4_c4_cuda_r3,4584,perf_20260926-185706_p4_c4_cuda_r3,0,1184,1790442100704,0,1790442100707.354,22.017,47.745,1790442100779.012,Normal,0.7293
WIX,16808,20260926-185706_p4_c4_cuda_r3,4585,perf_20260926-185706_p4_c4_cuda_r3,0,1185,1790442100751,0,1790442100782.052,22.21,47.404,1790442100853.226,Normal,0.9231
WIX,16808,20260926-185706_p4_c4_cuda_r3,4592,perf_20260926-185706_p4_c4_cuda_r3,0,1186,1790442101144,0,1790442101146.09,140.747,45.052,1790442101331.89,Normal,0.9806
WIX,16808,20260926-185706_p4_c4_cuda_r3,4596,perf_20260926-185706_p4_c4_cuda_r3,0,1187,1790442101362,0,1790442101364.955,8.0,48.34,1790442101421.295,Normal,0.9743
WIX,16808,20260926-185706_p4_c4_cuda_r3,4597,perf_20260926-185706_p4_c4_cuda_r3,0,1188,1790442101424,0,1790442101426.297,8.024,46.678,1790442101481.971,Normal,0.9572
WIX,16808,20260926-185706_p4_c4_cuda_r3,4601,perf_20260926-185706_p4_c4_cuda_r3,0,1189,1790442101644,0,1790442101646.181,8.816,49.392,1790442101704.926,Normal,0.9738
WIX,16808,20260926-185706_p4_c4_cuda_r3,4604,perf_20260926-185706_p4_c4_cuda_r3,0,1190,1790442101818,0,1790442101820.82,7.998,45.555,1790442101874.372,Normal,0.9399
WIX,16808,20260926-185706_p4_c4_cuda_r3,4605,perf_20260926-185706_p4_c4_cuda_r3,0,1191,1790442101865,0,1790442101877.375,7.528,50.961,1790442101936.859,Normal,0.9623
WIX,16808,20260926-185706_p4_c4_cuda_r3,4612,perf_20260926-185706_p4_c4_cuda_r3,0,1192,1790442102256,0,1790442102258.052,8.995,47.723,1790442102315.588,Normal,0.8547
WIX,16808,20260926-185706_p4_c4_cuda_r3,4613,perf_20260926-185706_p4_c4_cuda_r3,0,1193,1790442102303,0,1790442102317.594,11.224,46.094,1790442102374.912,Normal,0.8041
WIX,16808,20260926-185706_p4_c4_cuda_r3,4616,perf_20260926-185706_p4_c4_cuda_r3,0,1194,1790442102474,0,1790442102476.701,8.031,48.394,1790442102534.095,Normal,0.9535
WIX,16808,20260926-185706_p4_c4_cuda_r3,4618,perf_20260926-185706_p4_c4_cuda_r3,0,1195,1790442102583,0,1790442102586.431,9.896,49.819,1790442102646.145,Normal,0.8671
WIX,16808,20260926-185706_p4_c4_cuda_r3,4619,perf_20260926-185706_p4_c4_cuda_r3,0,1196,1790442102646,0,1790442102649.177,7.966,42.694,1790442102699.837,Normal,0.8863
WIX,16808,20260926-185706_p4_c4_cuda_r3,4622,perf_20260926-185706_p4_c4_cuda_r3,0,1197,1790442102817,0,1790442102819.848,8.001,45.722,1790442102873.571,Normal,0.9407
WIX,16808,20260926-185706_p4_c4_cuda_r3,4629,perf_20260926-185706_p4_c4_cuda_r3,0,1198,1790442103193,0,1790442103196.137,15.123,47.144,1790442103259.422,Normal,0.9131
WIX,16808,20260926-185706_p4_c4_cuda_r3,4631,perf_20260926-185706_p4_c4_cuda_r3,0,1199,1790442103318,0,1790442103321.06,11.996,46.282,1790442103380.34,Normal,0.9471
WIX,16808,20260926-185706_p4_c4_cuda_r3,4638,perf_20260926-185706_p4_c4_cuda_r3,0,1200,1790442103695,0,1790442103698.256,12.512,48.248,1790442103760.019,Normal,0.9702
WIX,16808,20260926-185706_p4_c4_cuda_r3,4640,perf_20260926-185706_p4_c4_cuda_r3,0,1201,1790442103805,0,1790442103808.636,13.038,47.037,1790442103869.671,Normal,0.9553
WIX,16808,20260926-185706_p4_c4_cuda_r3,4659,perf_20260926-185706_p4_c4_cuda_r3,0,1202,1790442104872,0,1790442104874.843,27.627,48.119,1790442104951.544,Normal,0.9697
WIX,16808,20260926-185706_p4_c4_cuda_r3,4660,perf_20260926-185706_p4_c4_cuda_r3,0,1203,1790442104919,0,1790442104953.542,29.01,48.727,1790442105032.276,Normal,0.9717
WIX,16808,20260926-185706_p4_c4_cuda_r3,4661,perf_20260926-185706_p4_c4_cuda_r3,0,1204,1790442104983,0,1790442105034.282,296.733,44.662,1790442105376.677,Normal,0.9708
WIX,16808,20260926-185706_p4_c4_cuda_r3,4667,perf_20260926-185706_p4_c4_cuda_r3,0,1205,1790442105314,0,1790442105378.675,9.01,45.777,1790442105434.46,HATE,0.6784
WIX,16808,20260926-185706_p4_c4_cuda_r3,4670,perf_20260926-185706_p4_c4_cuda_r3,0,1206,1790442105470,0,1790442105473.181,9.008,47.646,1790442105529.834,Normal,0.9495
WIX,16808,20260926-185706_p4_c4_cuda_r3,4676,perf_20260926-185706_p4_c4_cuda_r3,0,1207,1790442105815,0,1790442105818.273,8.0,48.725,1790442105874.998,Normal,0.8636
WIX,16808,20260926-185706_p4_c4_cuda_r3,4679,perf_20260926-185706_p4_c4_cuda_r3,0,1208,1790442105972,0,1790442105975.203,13.007,47.637,1790442106035.847,Normal,0.9143
WIX,16808,20260926-185706_p4_c4_cuda_r3,4682,perf_20260926-185706_p4_c4_cuda_r3,0,1209,1790442106143,0,1790442106145.327,7.998,49.183,1790442106203.507,Normal,0.9474
WIX,16808,20260926-185706_p4_c4_cuda_r3,4684,perf_20260926-185706_p4_c4_cuda_r3,0,1210,1790442106254,0,1790442106256.833,9.002,48.702,1790442106315.532,Normal,0.9503
WIX,16808,20260926-185706_p4_c4_cuda_r3,4691,perf_20260926-185706_p4_c4_cuda_r3,0,1211,1790442106643,0,1790442106646.522,6.809,49.475,1790442106703.354,Normal,0.9479
WIX,16808,20260926-185706_p4_c4_cuda_r3,4694,perf_20260926-185706_p4_c4_cuda_r3,0,1212,1790442106812,0,1790442106815.397,7.962,50.498,1790442106873.856,Normal,0.9577
WIX,16808,20260926-185706_p4_c4_cuda_r3,4698,perf_20260926-185706_p4_c4_cuda_r3,0,1213,1790442107030,0,1790442107033.497,7.001,47.904,1790442107089.572,Normal,0.9188
WIX,16808,20260926-185706_p4_c4_cuda_r3,4700,perf_20260926-185706_p4_c4_cuda_r3,0,1214,1790442107140,0,1790442107142.828,10.996,49.065,1790442107203.89,Normal,0.9572
WIX,16808,20260926-185706_p4_c4_cuda_r3,4701,perf_20260926-185706_p4_c4_cuda_r3,0,1215,1790442107202,0,1790442107205.887,14.194,45.882,1790442107267.274,Normal,0.9753
WIX,16808,20260926-185706_p4_c4_cuda_r3,4706,perf_20260926-185706_p4_c4_cuda_r3,0,1216,1790442107471,0,1790442107476.013,13.804,45.446,1790442107535.907,Normal,0.9201
WIX,16808,20260926-185706_p4_c4_cuda_r3,4718,perf_20260926-185706_p4_c4_cuda_r3,0,1217,1790442108150,0,1790442108153.042,16.0,47.513,1790442108217.303,Normal,0.953
WIX,16808,20260926-185706_p4_c4_cuda_r3,4722,perf_20260926-185706_p4_c4_cuda_r3,0,1218,1790442108371,0,1790442108374.969,12.617,49.306,1790442108437.904,Normal,0.9424
WIX,16808,20260926-185706_p4_c4_cuda_r3,4724,perf_20260926-185706_p4_c4_cuda_r3,0,1219,1790442108480,0,1790442108483.219,19.091,50.557,1790442108553.866,Normal,0.9526
WIX,16808,20260926-185706_p4_c4_cuda_r3,4730,perf_20260926-185706_p4_c4_cuda_r3,0,1220,1790442108811,0,1790442108813.889,22.105,43.842,1790442108881.032,Normal,0.9586
WIX,16808,20260926-185706_p4_c4_cuda_r3,4735,perf_20260926-185706_p4_c4_cuda_r3,0,1221,1790442109093,0,1790442109095.608,29.538,44.392,1790442109170.118,Normal,0.874
WIX,16808,20260926-185706_p4_c4_cuda_r3,4741,perf_20260926-185706_p4_c4_cuda_r3,0,1222,1790442109423,0,1790442109426.572,23.349,43.474,1790442109493.927,Normal,0.9725
WIX,16808,20260926-185706_p4_c4_cuda_r3,4747,perf_20260926-185706_p4_c4_cuda_r3,0,1223,1790442109749,0,1790442109752.374,19.919,50.352,1790442109823.642,Normal,0.9608
WIX,16808,20260926-185706_p4_c4_cuda_r3,4749,perf_20260926-185706_p4_c4_cuda_r3,0,1224,1790442109858,0,1790442109860.886,21.324,47.683,1790442109930.854,Normal,0.9582
WIX,16808,20260926-185706_p4_c4_cuda_r3,4750,perf_20260926-185706_p4_c4_cuda_r3,0,1225,1790442109921,0,1790442109933.877,19.989,45.502,1790442110000.369,Normal,0.9519
WIX,16808,20260926-185706_p4_c4_cuda_r3,4751,perf_20260926-185706_p4_c4_cuda_r3,0,1226,1790442109983,0,1790442110002.375,28.149,49.048,1790442110080.586,Normal,0.9593
WIX,16808,20260926-185706_p4_c4_cuda_r3,4753,perf_20260926-185706_p4_c4_cuda_r3,0,1227,1790442110092,0,1790442110095.153,23.088,45.807,1790442110164.048,Normal,0.9779
WIX,16808,20260926-185706_p4_c4_cuda_r3,4756,perf_20260926-185706_p4_c4_cuda_r3,0,1228,1790442110248,0,1790442110249.883,22.521,43.951,1790442110316.355,Normal,0.9592
WIX,16808,20260926-185706_p4_c4_cuda_r3,4757,perf_20260926-185706_p4_c4_cuda_r3,0,1229,1790442110309,0,1790442110318.354,26.161,52.408,1790442110396.923,Normal,0.9641
WIX,16808,20260926-185706_p4_c4_cuda_r3,4760,perf_20260926-185706_p4_c4_cuda_r3,0,1230,1790442110481,0,1790442110484.176,19.138,48.816,1790442110553.401,Normal,0.9526
WIX,16808,20260926-185706_p4_c4_cuda_r3,4764,perf_20260926-185706_p4_c4_cuda_r3,0,1231,1790442110701,0,1790442110703.195,19.63,47.843,1790442110771.669,Normal,0.9475
WIX,16808,20260926-185706_p4_c4_cuda_r3,4765,perf_20260926-185706_p4_c4_cuda_r3,0,1232,1790442110747,0,1790442110773.669,27.765,43.897,1790442110846.715,Normal,0.8586
WIX,16808,20260926-185706_p4_c4_cuda_r3,4769,perf_20260926-185706_p4_c4_cuda_r3,0,1233,1790442110984,0,1790442110988.352,23.127,46.881,1790442111058.957,Normal,0.9479
WIX,16808,20260926-185706_p4_c4_cuda_r3,4779,perf_20260926-185706_p4_c4_cuda_r3,0,1234,1790442111527,0,1790442111530.17,22.012,45.83,1790442111598.012,Normal,0.9072
WIX,16808,20260926-185706_p4_c4_cuda_r3,4781,perf_20260926-185706_p4_c4_cuda_r3,0,1235,1790442111638,0,1790442111640.714,22.879,44.71,1790442111709.312,Normal,0.9085
WIX,16808,20260926-185706_p4_c4_cuda_r3,4797,perf_20260926-185706_p4_c4_cuda_r3,0,1236,1790442112535,0,1790442112536.867,9.218,50.582,1790442112597.703,Normal,0.9623
WIX,16808,20260926-185706_p4_c4_cuda_r3,4800,perf_20260926-185706_p4_c4_cuda_r3,0,1237,1790442112704,0,1790442112706.788,13.365,45.09,1790442112765.785,Normal,0.9587
WIX,16808,20260926-185706_p4_c4_cuda_r3,4806,perf_20260926-185706_p4_c4_cuda_r3,0,1238,1790442113033,0,1790442113035.933,7.965,45.814,1790442113090.712,Normal,0.94
WIX,16808,20260926-185706_p4_c4_cuda_r3,4811,perf_20260926-185706_p4_c4_cuda_r3,0,1239,1790442113315,0,1790442113318.925,10.055,44.9,1790442113374.892,Normal,0.9596
WIX,16808,20260926-185706_p4_c4_cuda_r3,4818,perf_20260926-185706_p4_c4_cuda_r3,0,1240,1790442113693,0,1790442113696.07,13.026,48.179,1790442113757.274,Normal,0.6911
WIX,16808,20260926-185706_p4_c4_cuda_r3,4819,perf_20260926-185706_p4_c4_cuda_r3,0,1241,1790442113756,0,1790442113760.302,7.964,49.264,1790442113817.53,Normal,0.9491
WIX,16808,20260926-185706_p4_c4_cuda_r3,4820,perf_20260926-185706_p4_c4_cuda_r3,0,1242,1790442113804,0,1790442113819.535,8.548,45.227,1790442113873.31,HATE,0.5109
WIX,16808,20260926-185706_p4_c4_cuda_r3,4823,perf_20260926-185706_p4_c4_cuda_r3,0,1243,1790442113975,0,1790442113977.449,12.022,44.792,1790442114035.26,Normal,0.9647
WIX,16808,20260926-185706_p4_c4_cuda_r3,4833,perf_20260926-185706_p4_c4_cuda_r3,0,1244,1790442114540,0,1790442114542.993,12.997,45.426,1790442114601.416,Normal,0.9731
WIX,16808,20260926-185706_p4_c4_cuda_r3,4839,perf_20260926-185706_p4_c4_cuda_r3,0,1245,1790442114867,0,1790442114870.414,20.344,45.532,1790442114936.824,Normal,0.9599
WIX,16808,20260926-185706_p4_c4_cuda_r3,4841,perf_20260926-185706_p4_c4_cuda_r3,0,1246,1790442114976,0,1790442114978.696,23.039,46.873,1790442115048.608,Normal,0.9001
WIX,16808,20260926-185706_p4_c4_cuda_r3,4842,perf_20260926-185706_p4_c4_cuda_r3,0,1247,1790442115038,0,1790442115051.655,28.329,44.85,1790442115126.051,Normal,0.9619
WIX,16808,20260926-185706_p4_c4_cuda_r3,4844,perf_20260926-185706_p4_c4_cuda_r3,0,1248,1790442115148,0,1790442115151.539,21.999,48.087,1790442115222.626,Normal,0.9597
WIX,16808,20260926-185706_p4_c4_cuda_r3,4852,perf_20260926-185706_p4_c4_cuda_r3,0,1249,1790442115586,0,1790442115588.964,199.156,49.322,1790442115838.48,Normal,0.9375
WIX,16808,20260926-185706_p4_c4_cuda_r3,4854,perf_20260926-185706_p4_c4_cuda_r3,0,1250,1790442115698,0,1790442115841.05,9.005,45.361,1790442115896.416,Normal,0.9375
WIX,16808,20260926-185706_p4_c4_cuda_r3,4855,perf_20260926-185706_p4_c4_cuda_r3,0,1251,1790442115761,0,1790442115896.416,8.999,45.496,1790442115952.175,Normal,0.9472
WIX,16808,20260926-185706_p4_c4_cuda_r3,4863,perf_20260926-185706_p4_c4_cuda_r3,0,1252,1790442116203,0,1790442116206.455,8.082,42.391,1790442116257.901,Normal,0.9203
WIX,16808,20260926-185706_p4_c4_cuda_r3,4875,perf_20260926-185706_p4_c4_cuda_r3,0,1253,1790442116873,0,1790442116876.513,10.028,42.932,1790442116930.381,Normal,0.8798
WIX,16808,20260926-185706_p4_c4_cuda_r3,4879,perf_20260926-185706_p4_c4_cuda_r3,0,1254,1790442117081,0,1790442117084.426,6.997,50.993,1790442117143.578,Normal,0.9731
WIX,16808,20260926-185706_p4_c4_cuda_r3,4880,perf_20260926-185706_p4_c4_cuda_r3,0,1255,1790442117144,0,1790442117147.183,7.001,45.753,1790442117199.937,Normal,0.8081
WIX,16808,20260926-185706_p4_c4_cuda_r3,4888,perf_20260926-185706_p4_c4_cuda_r3,0,1256,1790442117585,0,1790442117588.017,13.388,46.259,1790442117648.663,Normal,0.9693
WIX,16808,20260926-185706_p4_c4_cuda_r3,4891,perf_20260926-185706_p4_c4_cuda_r3,0,1257,1790442117755,0,1790442117757.979,11.998,48.726,1790442117819.703,Normal,0.9704
WIX,16808,20260926-185706_p4_c4_cuda_r3,4898,perf_20260926-185706_p4_c4_cuda_r3,0,1258,1790442118144,0,1790442118148.385,11.033,46.347,1790442118206.718,Normal,0.9666
WIX,16808,20260926-185706_p4_c4_cuda_r3,4905,perf_20260926-185706_p4_c4_cuda_r3,0,1259,1790442118534,0,1790442118537.903,13.047,48.046,1790442118600.058,Normal,0.9227
WIX,16808,20260926-185706_p4_c4_cuda_r3,4910,perf_20260926-185706_p4_c4_cuda_r3,0,1260,1790442118816,0,1790442118818.035,15.007,50.383,1790442118884.426,Normal,0.9785
WIX,16808,20260926-185706_p4_c4_cuda_r3,4911,perf_20260926-185706_p4_c4_cuda_r3,0,1261,1790442118862,0,1790442118886.452,14.318,47.976,1790442118950.111,Normal,0.9636
WIX,16808,20260926-185706_p4_c4_cuda_r3,4912,perf_20260926-185706_p4_c4_cuda_r3,0,1262,1790442118925,0,1790442118953.145,13.704,47.233,1790442119014.082,Normal,0.9595
WIX,16808,20260926-185706_p4_c4_cuda_r3,4916,perf_20260926-185706_p4_c4_cuda_r3,0,1263,1790442119145,0,1790442119147.716,13.001,45.141,1790442119205.858,Normal,0.9473
WIX,16808,20260926-185706_p4_c4_cuda_r3,4924,perf_20260926-185706_p4_c4_cuda_r3,0,1264,1790442119595,0,1790442119597.489,22.04,46.291,1790442119667.241,Normal,0.8928
WIX,16808,20260926-185706_p4_c4_cuda_r3,4926,perf_20260926-185706_p4_c4_cuda_r3,0,1265,1790442119704,0,1790442119707.35,19.998,51.395,1790442119779.75,Normal,0.9698
WIX,16808,20260926-185706_p4_c4_cuda_r3,4927,perf_20260926-185706_p4_c4_cuda_r3,0,1266,1790442119751,0,1790442119781.732,22.032,49.185,1790442119853.912,Normal,0.9475
WIX,16808,20260926-185706_p4_c4_cuda_r3,4928,perf_20260926-185706_p4_c4_cuda_r3,0,1267,1790442119814,0,1790442119856.965,154.747,50.547,1790442120063.257,Normal,0.7603
WIX,16808,20260926-185706_p4_c4_cuda_r3,4932,perf_20260926-185706_p4_c4_cuda_r3,0,1268,1790442120034,0,1790442120066.258,10.998,68.886,1790442120147.141,Normal,0.9517
WIX,16808,20260926-185706_p4_c4_cuda_r3,4933,perf_20260926-185706_p4_c4_cuda_r3,0,1269,1790442120081,0,1790442120150.152,16.664,45.743,1790442120213.655,Normal,0.9729
WIX,16808,20260926-185706_p4_c4_cuda_r3,4935,perf_20260926-185706_p4_c4_cuda_r3,0,1270,1790442120206,0,1790442120216.951,10.003,44.181,1790442120272.138,Normal,0.9233
WIX,16808,20260926-185706_p4_c4_cuda_r3,4941,perf_20260926-185706_p4_c4_cuda_r3,0,1271,1790442120536,0,1790442120539.134,11.031,46.144,1790442120596.308,Normal,0.888
WIX,16808,20260926-185706_p4_c4_cuda_r3,4945,perf_20260926-185706_p4_c4_cuda_r3,0,1272,1790442120755,0,1790442120757.953,12.541,45.533,1790442120817.02,Normal,0.8753
WIX,16808,20260926-185706_p4_c4_cuda_r3,4953,perf_20260926-185706_p4_c4_cuda_r3,0,1273,1790442121207,0,1790442121209.705,8.534,47.993,1790442121266.231,Normal,0.9154
WIX,16808,20260926-185706_p4_c4_cuda_r3,4954,perf_20260926-185706_p4_c4_cuda_r3,0,1274,1790442121252,0,1790442121269.744,12.096,54.781,1790442121336.622,Normal,0.9195
WIX,16808,20260926-185706_p4_c4_cuda_r3,4958,perf_20260926-185706_p4_c4_cuda_r3,0,1275,1790442121471,0,1790442121473.506,9.456,44.783,1790442121527.745,Normal,0.9696
WIX,16808,20260926-185706_p4_c4_cuda_r3,4959,perf_20260926-185706_p4_c4_cuda_r3,0,1276,1790442121534,0,1790442121536.98,8.592,45.068,1790442121590.64,Normal,0.9579
WIX,16808,20260926-185706_p4_c4_cuda_r3,4963,perf_20260926-185706_p4_c4_cuda_r3,0,1277,1790442121754,0,1790442121757.68,10.591,49.818,1790442121819.088,Normal,0.9711
WIX,16808,20260926-185706_p4_c4_cuda_r3,4968,perf_20260926-185706_p4_c4_cuda_r3,0,1278,1790442122036,0,1790442122039.098,14.688,45.815,1790442122099.6,Normal,0.9196
WIX,16808,20260926-185706_p4_c4_cuda_r3,4983,perf_20260926-185706_p4_c4_cuda_r3,0,1279,1790442122867,0,1790442122869.781,21.065,45.19,1790442122937.057,Normal,0.8492
WIX,16808,20260926-185706_p4_c4_cuda_r3,4985,perf_20260926-185706_p4_c4_cuda_r3,0,1280,1790442122976,0,1790442122979.399,21.992,46.622,1790442123049.132,Normal,0.4863
WIX,16808,20260926-185706_p4_c4_cuda_r3,4987,perf_20260926-185706_p4_c4_cuda_r3,0,1281,1790442123084,0,1790442123087.06,20.994,47.035,1790442123156.087,Normal,0.9668
WIX,16808,20260926-185706_p4_c4_cuda_r3,4989,perf_20260926-185706_p4_c4_cuda_r3,0,1282,1790442123193,0,1790442123195.794,22.993,48.299,1790442123267.086,Normal,0.8707
WIX,16808,20260926-185706_p4_c4_cuda_r3,5001,perf_20260926-185706_p4_c4_cuda_r3,0,1283,1790442123868,0,1790442123870.356,32.725,45.003,1790442123949.111,Normal,0.9653
WIX,16808,20260926-185706_p4_c4_cuda_r3,5009,perf_20260926-185706_p4_c4_cuda_r3,0,1284,1790442124309,0,1790442124312.497,18.986,47.875,1790442124380.329,Normal,0.9496
WIX,16808,20260926-185706_p4_c4_cuda_r3,5012,perf_20260926-185706_p4_c4_cuda_r3,0,1285,1790442124484,0,1790442124486.765,23.047,44.57,1790442124555.333,Normal,0.9265
WIX,16808,20260926-185706_p4_c4_cuda_r3,5017,perf_20260926-185706_p4_c4_cuda_r3,0,1286,1790442124748,0,1790442124750.54,21.427,45.68,1790442124817.647,Normal,0.969
WIX,16808,20260926-185706_p4_c4_cuda_r3,5020,perf_20260926-185706_p4_c4_cuda_r3,0,1287,1790442124919,0,1790442124922.187,20.029,45.452,1790442124987.667,Normal,0.9423
WIX,16808,20260926-185706_p4_c4_cuda_r3,5021,perf_20260926-185706_p4_c4_cuda_r3,0,1288,1790442124981,0,1790442124991.245,21.262,45.624,1790442125059.084,Normal,0.9604
WIX,16808,20260926-185706_p4_c4_cuda_r3,5022,perf_20260926-185706_p4_c4_cuda_r3,0,1289,1790442125029,0,1790442125060.688,23.004,51.193,1790442125136.071,Normal,0.9475
WIX,16808,20260926-185706_p4_c4_cuda_r3,5023,perf_20260926-185706_p4_c4_cuda_r3,0,1290,1790442125090,0,1790442125138.098,305.027,45.735,1790442125488.86,Normal,0.9315
WIX,16808,20260926-185706_p4_c4_cuda_r3,5025,perf_20260926-185706_p4_c4_cuda_r3,0,1291,1790442125200,0,1790442125490.854,11.016,46.026,1790442125547.896,Normal,0.965
WIX,16808,20260926-185706_p4_c4_cuda_r3,5032,perf_20260926-185706_p4_c4_cuda_r3,0,1292,1790442125580,0,1790442125582.91,8.028,48.546,1790442125640.456,Normal,0.9218
WIX,16808,20260926-185706_p4_c4_cuda_r3,5037,perf_20260926-185706_p4_c4_cuda_r3,0,1293,1790442125863,0,1790442125866.252,11.968,47.923,1790442125927.143,HATE,0.6498
WIX,16808,20260926-185706_p4_c4_cuda_r3,5039,perf_20260926-185706_p4_c4_cuda_r3,0,1294,1790442125973,0,1790442125976.307,7.999,46.252,1790442126031.558,Normal,0.9697
WIX,16808,20260926-185706_p4_c4_cuda_r3,5040,perf_20260926-185706_p4_c4_cuda_r3,0,1295,1790442126037,0,1790442126039.248,8.006,44.707,1790442126091.962,Normal,0.9338
WIX,16808,20260926-185706_p4_c4_cuda_r3,5043,perf_20260926-185706_p4_c4_cuda_r3,0,1296,1790442126193,0,1790442126196.259,7.996,47.399,1790442126252.662,Normal,0.9334
WIX,16808,20260926-185706_p4_c4_cuda_r3,5044,perf_20260926-185706_p4_c4_cuda_r3,0,1297,1790442126256,0,1790442126258.175,8.233,50.49,1790442126316.898,Normal,0.9249
WIX,16808,20260926-185706_p4_c4_cuda_r3,5045,perf_20260926-185706_p4_c4_cuda_r3,0,1298,1790442126317,0,1790442126319.879,8.034,45.624,1790442126373.538,Normal,0.9688
WIX,16808,20260926-185706_p4_c4_cuda_r3,5046,perf_20260926-185706_p4_c4_cuda_r3,0,1299,1790442126364,0,1790442126376.564,9.007,45.252,1790442126432.375,Normal,0.9633
WIX,16808,20260926-185706_p4_c4_cuda_r3,5051,perf_20260926-185706_p4_c4_cuda_r3,0,1300,1790442126645,0,1790442126647.132,9.084,46.696,1790442126703.473,Normal,0.9481
WIX,16808,20260926-185706_p4_c4_cuda_r3,5052,perf_20260926-185706_p4_c4_cuda_r3,0,1301,1790442126691,0,1790442126705.459,7.999,46.059,1790442126759.517,Normal,0.9008
WIX,16808,20260926-185706_p4_c4_cuda_r3,5057,perf_20260926-185706_p4_c4_cuda_r3,0,1302,1790442126973,0,1790442126976.443,8.001,47.752,1790442127033.199,Normal,0.9644
WIX,16808,20260926-185706_p4_c4_cuda_r3,5060,perf_20260926-185706_p4_c4_cuda_r3,0,1303,1790442127146,0,1790442127149.116,8.0,45.18,1790442127202.297,Normal,0.9473
WIX,16808,20260926-185706_p4_c4_cuda_r3,5062,perf_20260926-185706_p4_c4_cuda_r3,0,1304,1790442127255,0,1790442127257.149,11.24,48.43,1790442127317.464,Normal,0.9375
WIX,16808,20260926-185706_p4_c4_cuda_r3,5063,perf_20260926-185706_p4_c4_cuda_r3,0,1305,1790442127316,0,1790442127319.463,12.026,46.822,1790442127379.317,Normal,0.931
WIX,16808,20260926-185706_p4_c4_cuda_r3,5064,perf_20260926-185706_p4_c4_cuda_r3,0,1306,1790442127363,0,1790442127381.908,12.007,45.656,1790442127439.57,Normal,0.9375
WIX,16808,20260926-185706_p4_c4_cuda_r3,5070,perf_20260926-185706_p4_c4_cuda_r3,0,1307,1790442127693,0,1790442127696.173,11.966,49.607,1790442127757.746,Normal,0.8406
WIX,16808,20260926-185706_p4_c4_cuda_r3,5071,perf_20260926-185706_p4_c4_cuda_r3,0,1308,1790442127755,0,1790442127760.744,11.02,46.391,1790442127819.245,Normal,0.9146
WIX,16808,20260926-185706_p4_c4_cuda_r3,5073,perf_20260926-185706_p4_c4_cuda_r3,0,1309,1790442127865,0,1790442127868.363,12.03,48.079,1790442127929.469,Normal,0.9673
WIX,16808,20260926-185706_p4_c4_cuda_r3,5076,perf_20260926-185706_p4_c4_cuda_r3,0,1310,1790442128040,0,1790442128043.086,12.004,44.796,1790442128099.886,Normal,0.9073
WIX,16808,20260926-185706_p4_c4_cuda_r3,5082,perf_20260926-185706_p4_c4_cuda_r3,0,1311,1790442128367,0,1790442128369.827,11.707,47.678,1790442128429.212,Normal,0.9523
WIX,16808,20260926-185706_p4_c4_cuda_r3,5088,perf_20260926-185706_p4_c4_cuda_r3,0,1312,1790442128696,0,1790442128698.987,12.999,47.629,1790442128760.604,Normal,0.9495
WIX,16808,20260926-185706_p4_c4_cuda_r3,5090,perf_20260926-185706_p4_c4_cuda_r3,0,1313,1790442128806,0,1790442128808.307,17.006,48.719,1790442128875.036,Normal,0.8937
WIX,16808,20260926-185706_p4_c4_cuda_r3,5098,perf_20260926-185706_p4_c4_cuda_r3,0,1314,1790442129262,0,1790442129265.479,21.942,50.964,1790442129339.342,Normal,0.9371
WIX,16808,20260926-185706_p4_c4_cuda_r3,5099,perf_20260926-185706_p4_c4_cuda_r3,0,1315,1790442129309,0,1790442129341.355,19.991,45.285,1790442129408.687,Normal,0.7884
WIX,16808,20260926-185706_p4_c4_cuda_r3,5101,perf_20260926-185706_p4_c4_cuda_r3,0,1316,1790442129419,0,1790442129421.37,20.955,45.753,1790442129489.204,Normal,0.9451
WIX,16808,20260926-185706_p4_c4_cuda_r3,5105,perf_20260926-185706_p4_c4_cuda_r3,0,1317,1790442129637,0,1790442129641.055,22.202,45.094,1790442129709.304,Normal,0.9744
WIX,16808,20260926-185706_p4_c4_cuda_r3,5112,perf_20260926-185706_p4_c4_cuda_r3,0,1318,1790442130028,0,1790442130030.982,35.015,46.697,1790442130112.695,Normal,0.9815
WIX,16808,20260926-185706_p4_c4_cuda_r3,5117,perf_20260926-185706_p4_c4_cuda_r3,0,1319,1790442130311,0,1790442130314.648,21.009,45.413,1790442130381.879,Normal,0.9662
WIX,16808,20260926-185706_p4_c4_cuda_r3,5123,perf_20260926-185706_p4_c4_cuda_r3,0,1320,1790442130641,0,1790442130643.931,22.014,46.648,1790442130712.593,Normal,0.9656
WIX,16808,20260926-185706_p4_c4_cuda_r3,5124,perf_20260926-185706_p4_c4_cuda_r3,0,1321,1790442130704,0,1790442130715.595,20.998,46.589,1790442130784.826,Normal,0.9019
WIX,16808,20260926-185706_p4_c4_cuda_r3,5127,perf_20260926-185706_p4_c4_cuda_r3,0,1322,1790442130861,0,1790442130863.76,26.672,45.499,1790442130935.931,Normal,0.9545
WIX,16808,20260926-185706_p4_c4_cuda_r3,5130,perf_20260926-185706_p4_c4_cuda_r3,0,1323,1790442131033,0,1790442131036.765,28.104,46.5,1790442131112.322,Normal,0.9675
WIX,16808,20260926-185706_p4_c4_cuda_r3,5132,perf_20260926-185706_p4_c4_cuda_r3,0,1324,1790442131144,0,1790442131146.88,20.006,49.219,1790442131216.106,Normal,0.8853
WIX,16808,20260926-185706_p4_c4_cuda_r3,5133,perf_20260926-185706_p4_c4_cuda_r3,0,1325,1790442131207,0,1790442131219.139,19.312,42.904,1790442131281.355,Normal,0.9295
WIX,16808,20260926-185706_p4_c4_cuda_r3,5134,perf_20260926-185706_p4_c4_cuda_r3,0,1326,1790442131253,0,1790442131283.356,19.739,48.165,1790442131351.865,Normal,0.9401
WIX,16808,20260926-185706_p4_c4_cuda_r3,5136,perf_20260926-185706_p4_c4_cuda_r3,0,1327,1790442131363,0,1790442131365.039,19.415,44.854,1790442131430.345,Normal,0.9401
WIX,16808,20260926-185706_p4_c4_cuda_r3,5137,perf_20260926-185706_p4_c4_cuda_r3,0,1328,1790442131424,0,1790442131432.344,19.428,45.164,1790442131496.936,Normal,0.9605
WIX,16808,20260926-185706_p4_c4_cuda_r3,5138,perf_20260926-185706_p4_c4_cuda_r3,0,1329,1790442131471,0,1790442131498.46,21.325,45.539,1790442131566.332,Normal,0.9637
WIX,16808,20260926-185706_p4_c4_cuda_r3,5141,perf_20260926-185706_p4_c4_cuda_r3,0,1330,1790442131644,0,1790442131646.648,24.37,50.976,1790442131722.993,Normal,0.9217
WIX,16808,20260926-185706_p4_c4_cuda_r3,5144,perf_20260926-185706_p4_c4_cuda_r3,0,1331,1790442131815,0,1790442131818.134,23.975,57.107,1790442131899.216,HATE,0.485
WIX,16808,20260926-185706_p4_c4_cuda_r3,5145,perf_20260926-185706_p4_c4_cuda_r3,0,1332,1790442131862,0,1790442131903.286,21.281,45.33,1790442131969.896,Normal,0.9194
WIX,16808,20260926-185706_p4_c4_cuda_r3,5155,perf_20260926-185706_p4_c4_cuda_r3,0,1333,1790442132423,0,1790442132426.118,21.482,49.364,1790442132497.967,Normal,0.9173
WIX,16808,20260926-185706_p4_c4_cuda_r3,5161,perf_20260926-185706_p4_c4_cuda_r3,0,1334,1790442132749,0,1790442132751.249,21.064,49.752,1790442132823.035,Normal,0.9532
WIX,16808,20260926-185706_p4_c4_cuda_r3,5172,perf_20260926-185706_p4_c4_cuda_r3,0,1335,1790442133373,0,1790442133375.663,12.521,48.049,1790442133437.241,Normal,0.9704
WIX,16808,20260926-185706_p4_c4_cuda_r3,5173,perf_20260926-185706_p4_c4_cuda_r3,0,1336,1790442133420,0,1790442133440.275,12.011,48.712,1790442133501.948,Normal,0.9728
WIX,16808,20260926-185706_p4_c4_cuda_r3,5175,perf_20260926-185706_p4_c4_cuda_r3,0,1337,1790442133530,0,1790442133532.448,14.03,49.371,1790442133596.821,Normal,0.9772
WIX,16808,20260926-185706_p4_c4_cuda_r3,5176,perf_20260926-185706_p4_c4_cuda_r3,0,1338,1790442133593,0,1790442133598.82,14.998,45.564,1790442133660.198,Normal,0.9312
WIX,16808,20260926-185706_p4_c4_cuda_r3,5180,perf_20260926-185706_p4_c4_cuda_r3,0,1339,1790442133812,0,1790442133814.55,11.04,44.123,1790442133870.672,Normal,0.9505
WIX,16808,20260926-185706_p4_c4_cuda_r3,5191,perf_20260926-185706_p4_c4_cuda_r3,0,1340,1790442134425,0,1790442134427.465,13.008,46.697,1790442134488.156,Normal,0.8078
WIX,16808,20260926-185706_p4_c4_cuda_r3,5192,perf_20260926-185706_p4_c4_cuda_r3,0,1341,1790442134472,0,1790442134491.191,10.971,44.616,1790442134546.777,Normal,0.955
WIX,16808,20260926-185706_p4_c4_cuda_r3,5195,perf_20260926-185706_p4_c4_cuda_r3,0,1342,1790442134644,0,1790442134647.368,12.001,48.195,1790442134708.801,Normal,0.9748
WIX,16808,20260926-185706_p4_c4_cuda_r3,5196,perf_20260926-185706_p4_c4_cuda_r3,0,1343,1790442134706,0,1790442134710.807,14.547,46.487,1790442134772.823,Normal,0.7712
WIX,16808,20260926-185706_p4_c4_cuda_r3,5208,perf_20260926-185706_p4_c4_cuda_r3,0,1344,1790442135366,0,1790442135368.639,20.561,42.772,1790442135432.646,Normal,0.9367
WIX,16808,20260926-185706_p4_c4_cuda_r3,5212,perf_20260926-185706_p4_c4_cuda_r3,0,1345,1790442135586,0,1790442135588.195,19.685,48.193,1790442135657.036,Normal,0.9239
WIX,16808,20260926-185706_p4_c4_cuda_r3,5213,perf_20260926-185706_p4_c4_cuda_r3,0,1346,1790442135649,0,1790442135659.02,27.169,50.097,1790442135736.285,Normal,0.9521
WIX,16808,20260926-185706_p4_c4_cuda_r3,5219,perf_20260926-185706_p4_c4_cuda_r3,0,1347,1790442135977,0,1790442135980.097,19.388,47.02,1790442136046.505,Normal,0.9475
WIX,16808,20260926-185706_p4_c4_cuda_r3,5229,perf_20260926-185706_p4_c4_cuda_r3,0,1348,1790442136530,0,1790442136532.403,7.871,48.687,1790442136588.96,Normal,0.5104
WIX,16808,20260926-185706_p4_c4_cuda_r3,5235,perf_20260926-185706_p4_c4_cuda_r3,0,1349,1790442136872,0,1790442136874.186,7.999,45.594,1790442136928.934,Normal,0.9695
WIX,16808,20260926-185706_p4_c4_cuda_r3,5236,perf_20260926-185706_p4_c4_cuda_r3,0,1350,1790442136918,0,1790442136931.929,6.998,44.333,1790442136984.265,Normal,0.7365
WIX,16808,20260926-185706_p4_c4_cuda_r3,5242,perf_20260926-185706_p4_c4_cuda_r3,0,1351,1790442137249,0,1790442137251.665,9.001,50.966,1790442137311.631,Normal,0.9558
WIX,16808,20260926-185706_p4_c4_cuda_r3,5257,perf_20260926-185706_p4_c4_cuda_r3,0,1352,1790442138082,0,1790442138084.808,8.346,49.081,1790442138142.234,Normal,0.4719
WIX,16808,20260926-185706_p4_c4_cuda_r3,5267,perf_20260926-185706_p4_c4_cuda_r3,0,1353,1790442138644,0,1790442138646.242,12.984,49.142,1790442138708.368,Normal,0.9473
WIX,16808,20260926-185706_p4_c4_cuda_r3,5271,perf_20260926-185706_p4_c4_cuda_r3,0,1354,1790442138864,0,1790442138866.281,14.035,48.397,1790442138929.908,Normal,0.9577
WIX,16808,20260926-185706_p4_c4_cuda_r3,5275,perf_20260926-185706_p4_c4_cuda_r3,0,1355,1790442139084,0,1790442139087.32,11.597,46.004,1790442139146.015,Normal,0.8366
WIX,16808,20260926-185706_p4_c4_cuda_r3,5278,perf_20260926-185706_p4_c4_cuda_r3,0,1356,1790442139255,0,1790442139258.407,18.996,45.569,1790442139323.976,Normal,0.9618
WIX,16808,20260926-185706_p4_c4_cuda_r3,5280,perf_20260926-185706_p4_c4_cuda_r3,0,1357,1790442139366,0,1790442139368.241,12.717,45.378,1790442139427.315,Normal,0.9707
WIX,16808,20260926-185706_p4_c4_cuda_r3,5284,perf_20260926-185706_p4_c4_cuda_r3,0,1358,1790442139583,0,1790442139585.396,28.359,46.466,1790442139660.22,Normal,0.9644
WIX,16808,20260926-185706_p4_c4_cuda_r3,5288,perf_20260926-185706_p4_c4_cuda_r3,0,1359,1790442139803,0,1790442139806.324,27.999,44.307,1790442139878.631,Normal,0.9484
WIX,16808,20260926-185706_p4_c4_cuda_r3,5305,perf_20260926-185706_p4_c4_cuda_r3,0,1360,1790442140761,0,1790442140763.471,26.008,46.463,1790442140836.956,Normal,0.9173
WIX,16808,20260926-185706_p4_c4_cuda_r3,5306,perf_20260926-185706_p4_c4_cuda_r3,0,1361,1790442140808,0,1790442140838.959,20.005,44.605,1790442140904.56,Normal,0.9521
WIX,16808,20260926-185706_p4_c4_cuda_r3,5312,perf_20260926-185706_p4_c4_cuda_r3,0,1362,1790442141138,0,1790442141140.993,21.999,45.092,1790442141208.084,Normal,0.9779
WIX,16808,20260926-185706_p4_c4_cuda_r3,5320,perf_20260926-185706_p4_c4_cuda_r3,0,1363,1790442141592,0,1790442141594.937,19.549,46.04,1790442141661.488,Normal,0.8636
WIX,16808,20260926-185706_p4_c4_cuda_r3,5322,perf_20260926-185706_p4_c4_cuda_r3,0,1364,1790442141702,0,1790442141704.667,22.115,48.509,1790442141776.339,Normal,0.8095
WIX,16808,20260926-185706_p4_c4_cuda_r3,5328,perf_20260926-185706_p4_c4_cuda_r3,0,1365,1790442142031,0,1790442142033.768,22.973,43.97,1790442142100.711,Normal,0.9759
WIX,16808,20260926-185706_p4_c4_cuda_r3,5329,perf_20260926-185706_p4_c4_cuda_r3,0,1366,1790442142093,0,1790442142102.855,19.506,53.344,1790442142176.667,Normal,0.5302
WIX,16808,20260926-185706_p4_c4_cuda_r3,5336,perf_20260926-185706_p4_c4_cuda_r3,0,1367,1790442142469,0,1790442142473.078,294.944,47.601,1790442142816.63,Normal,0.9442
WIX,16808,20260926-185706_p4_c4_cuda_r3,5350,perf_20260926-185706_p4_c4_cuda_r3,0,1368,1790442143252,0,1790442143255.115,9.52,46.617,1790442143312.246,Normal,0.9811
WIX,16808,20260926-185706_p4_c4_cuda_r3,5352,perf_20260926-185706_p4_c4_cuda_r3,0,1369,1790442143362,0,1790442143364.919,7.001,45.503,1790442143418.423,Normal,0.9656
WIX,16808,20260926-185706_p4_c4_cuda_r3,5361,perf_20260926-185706_p4_c4_cuda_r3,0,1370,1790442143865,0,1790442143867.093,7.999,49.959,1790442143925.051,Normal,0.956
WIX,16808,20260926-185706_p4_c4_cuda_r3,5362,perf_20260926-185706_p4_c4_cuda_r3,0,1371,1790442143928,0,1790442143932.082,7.013,44.111,1790442143984.164,Normal,0.6422
WIX,16808,20260926-185706_p4_c4_cuda_r3,5365,perf_20260926-185706_p4_c4_cuda_r3,0,1372,1790442144083,0,1790442144086.553,8.01,46.937,1790442144141.5,Normal,0.9153
WIX,16808,20260926-185706_p4_c4_cuda_r3,5369,perf_20260926-185706_p4_c4_cuda_r3,0,1373,1790442144303,0,1790442144305.96,11.533,51.49,1790442144368.982,Normal,0.9786
WIX,16808,20260926-185706_p4_c4_cuda_r3,5370,perf_20260926-185706_p4_c4_cuda_r3,0,1374,1790442144366,0,1790442144370.982,7.996,45.46,1790442144425.437,Normal,0.965
WIX,16808,20260926-185706_p4_c4_cuda_r3,5372,perf_20260926-185706_p4_c4_cuda_r3,0,1375,1790442144476,0,1790442144478.151,8.964,45.089,1790442144532.204,Normal,0.9423
WIX,16808,20260926-185706_p4_c4_cuda_r3,5374,perf_20260926-185706_p4_c4_cuda_r3,0,1376,1790442144586,0,1790442144589.146,9.993,46.977,1790442144648.121,Normal,0.8661
WIX,16808,20260926-185706_p4_c4_cuda_r3,5398,perf_20260926-185706_p4_c4_cuda_r3,0,1377,1790442145923,0,1790442145925.846,36.189,45.815,1790442146008.866,Normal,0.98
WIX,16808,20260926-185706_p4_c4_cuda_r3,5401,perf_20260926-185706_p4_c4_cuda_r3,0,1378,1790442146095,0,1790442146098.233,13.166,46.01,1790442146158.72,Normal,0.9366
WIX,16808,20260926-185706_p4_c4_cuda_r3,5403,perf_20260926-185706_p4_c4_cuda_r3,0,1379,1790442146205,0,1790442146208.063,11.732,49.462,1790442146269.257,Normal,0.9423
WIX,16808,20260926-185706_p4_c4_cuda_r3,5411,perf_20260926-185706_p4_c4_cuda_r3,0,1380,1790442146640,0,1790442146642.963,16.254,45.977,1790442146705.59,Normal,0.9204
WIX,16808,20260926-185706_p4_c4_cuda_r3,5413,perf_20260926-185706_p4_c4_cuda_r3,0,1381,1790442146750,0,1790442146753.21,16.099,47.35,1790442146817.113,Normal,0.857
WIX,16808,20260926-185706_p4_c4_cuda_r3,5425,perf_20260926-185706_p4_c4_cuda_r3,0,1382,1790442147426,0,1790442147428.781,22.012,44.677,1790442147495.469,Normal,0.959
WIX,16808,20260926-185706_p4_c4_cuda_r3,5427,perf_20260926-185706_p4_c4_cuda_r3,0,1383,1790442147536,0,1790442147538.923,23.0,44.951,1790442147607.596,Normal,0.9615
WIX,16808,20260926-185706_p4_c4_cuda_r3,5428,perf_20260926-185706_p4_c4_cuda_r3,0,1384,1790442147582,0,1790442147609.601,21.565,48.177,1790442147679.342,Normal,0.9739
WIX,16808,20260926-185706_p4_c4_cuda_r3,5432,perf_20260926-185706_p4_c4_cuda_r3,0,1385,1790442147818,0,1790442147821.332,22.308,48.171,1790442147891.81,Normal,0.9693
WIX,16808,20260926-185706_p4_c4_cuda_r3,5435,perf_20260926-185706_p4_c4_cuda_r3,0,1386,1790442147975,0,1790442147977.609,21.005,50.06,1790442148048.674,Normal,0.9615
WIX,16808,20260926-185706_p4_c4_cuda_r3,5437,perf_20260926-185706_p4_c4_cuda_r3,0,1387,1790442148087,0,1790442148089.521,21.597,44.495,1790442148155.613,Normal,0.9141
WIX,16808,20260926-185706_p4_c4_cuda_r3,5441,perf_20260926-185706_p4_c4_cuda_r3,0,1388,1790442148306,0,1790442148308.312,21.699,44.832,1790442148374.843,Normal,0.9582
WIX,16808,20260926-185706_p4_c4_cuda_r3,5446,perf_20260926-185706_p4_c4_cuda_r3,0,1389,1790442148587,0,1790442148588.776,21.015,45.275,1790442148656.067,Normal,0.9531
WIX,16808,20260926-185706_p4_c4_cuda_r3,5450,perf_20260926-185706_p4_c4_cuda_r3,0,1390,1790442148808,0,1790442148810.854,215.302,49.192,1790442149076.116,Normal,0.9759
WIX,16808,20260926-185706_p4_c4_cuda_r3,5458,perf_20260926-185706_p4_c4_cuda_r3,0,1391,1790442149251,0,1790442149253.974,9.001,47.081,1790442149311.058,Normal,0.977
WIX,16808,20260926-185706_p4_c4_cuda_r3,5466,perf_20260926-185706_p4_c4_cuda_r3,0,1392,1790442149705,0,1790442149708.571,10.676,45.044,1790442149765.797,Normal,0.9667
WIX,16808,20260926-185706_p4_c4_cuda_r3,5468,perf_20260926-185706_p4_c4_cuda_r3,0,1393,1790442149816,0,1790442149819.794,8.03,47.182,1790442149876.012,Normal,0.9628
WIX,16808,20260926-185706_p4_c4_cuda_r3,5469,perf_20260926-185706_p4_c4_cuda_r3,0,1394,1790442149862,0,1790442149878.01,8.023,45.897,1790442149932.907,Normal,0.9152
WIX,16808,20260926-185706_p4_c4_cuda_r3,5470,perf_20260926-185706_p4_c4_cuda_r3,0,1395,1790442149924,0,1790442149935.906,8.0,42.752,1790442149987.657,Normal,0.9375
WIX,16808,20260926-185706_p4_c4_cuda_r3,5475,perf_20260926-185706_p4_c4_cuda_r3,0,1396,1790442150205,0,1790442150208.423,8.002,45.128,1790442150262.222,Normal,0.9262
WIX,16808,20260926-185706_p4_c4_cuda_r3,5483,perf_20260926-185706_p4_c4_cuda_r3,0,1397,1790442150646,0,1790442150648.162,7.997,49.772,1790442150706.686,Normal,0.9769
WIX,16808,20260926-185706_p4_c4_cuda_r3,5484,perf_20260926-185706_p4_c4_cuda_r3,0,1398,1790442150693,0,1790442150708.693,8.602,47.772,1790442150765.067,Normal,0.9534
WIX,16808,20260926-185706_p4_c4_cuda_r3,5485,perf_20260926-185706_p4_c4_cuda_r3,0,1399,1790442150756,0,1790442150767.074,10.986,43.79,1790442150822.846,Normal,0.931
WIX,16808,20260926-185706_p4_c4_cuda_r3,5489,perf_20260926-185706_p4_c4_cuda_r3,0,1400,1790442150975,0,1790442150977.778,15.016,43.441,1790442151036.236,Normal,0.9612
WIX,16808,20260926-185706_p4_c4_cuda_r3,5490,perf_20260926-185706_p4_c4_cuda_r3,0,1401,1790442151038,0,1790442151040.236,11.013,42.483,1790442151094.725,Normal,0.9608
WIX,16808,20260926-185706_p4_c4_cuda_r3,5491,perf_20260926-185706_p4_c4_cuda_r3,0,1402,1790442151085,0,1790442151097.713,11.009,54.385,1790442151163.107,Normal,0.9432
WIX,16808,20260926-185706_p4_c4_cuda_r3,5494,perf_20260926-185706_p4_c4_cuda_r3,0,1403,1790442151258,0,1790442151261.365,12.046,46.782,1790442151321.147,Normal,0.8929
WIX,16808,20260926-185706_p4_c4_cuda_r3,5496,perf_20260926-185706_p4_c4_cuda_r3,0,1404,1790442151367,0,1790442151370.801,12.026,49.168,1790442151431.995,Normal,0.8912
WIX,16808,20260926-185706_p4_c4_cuda_r3,5503,perf_20260926-185706_p4_c4_cuda_r3,0,1405,1790442151761,0,1790442151764.993,12.034,48.205,1790442151826.865,Normal,0.9619
WIX,16808,20260926-185706_p4_c4_cuda_r3,5508,perf_20260926-185706_p4_c4_cuda_r3,0,1406,1790442152028,0,1790442152031.516,11.59,47.39,1790442152091.494,Normal,0.9308
WIX,16808,20260926-185706_p4_c4_cuda_r3,5509,perf_20260926-185706_p4_c4_cuda_r3,0,1407,1790442152089,0,1790442152094.495,16.017,44.549,1790442152155.061,Normal,0.9589
WIX,16808,20260926-185706_p4_c4_cuda_r3,5519,perf_20260926-185706_p4_c4_cuda_r3,0,1408,1790442152636,0,1790442152639.118,23.995,46.527,1790442152709.641,Normal,0.8636
WIX,16808,20260926-185706_p4_c4_cuda_r3,5525,perf_20260926-185706_p4_c4_cuda_r3,0,1409,1790442152978,0,1790442152980.859,27.805,46.922,1790442153056.513,Normal,0.8447
WIX,16808,20260926-185706_p4_c4_cuda_r3,5528,perf_20260926-185706_p4_c4_cuda_r3,0,1410,1790442153151,0,1790442153154.204,21.637,49.767,1790442153225.607,Normal,0.6227
WIX,16808,20260926-185706_p4_c4_cuda_r3,5531,perf_20260926-185706_p4_c4_cuda_r3,0,1411,1790442153307,0,1790442153309.949,20.461,44.688,1790442153376.114,Normal,0.9585
WIX,16808,20260926-185706_p4_c4_cuda_r3,5536,perf_20260926-185706_p4_c4_cuda_r3,0,1412,1790442153590,0,1790442153593.042,26.826,44.347,1790442153665.214,Normal,0.9639
WIX,16808,20260926-185706_p4_c4_cuda_r3,5551,perf_20260926-185706_p4_c4_cuda_r3,0,1413,1790442154422,0,1790442154424.823,8.039,45.47,1790442154479.332,Normal,0.9538
WIX,16808,20260926-185706_p4_c4_cuda_r3,5554,perf_20260926-185706_p4_c4_cuda_r3,0,1414,1790442154593,0,1790442154595.766,8.0,45.81,1790442154650.764,Normal,0.8696
WIX,16808,20260926-185706_p4_c4_cuda_r3,5556,perf_20260926-185706_p4_c4_cuda_r3,0,1415,1790442154705,0,1790442154707.844,10.01,42.855,1790442154761.714,Normal,0.9705
WIX,16808,20260926-185706_p4_c4_cuda_r3,5558,perf_20260926-185706_p4_c4_cuda_r3,0,1416,1790442154817,0,1790442154819.589,8.005,47.982,1790442154876.573,Normal,0.8928
WIX,16808,20260926-185706_p4_c4_cuda_r3,5559,perf_20260926-185706_p4_c4_cuda_r3,0,1417,1790442154864,0,1790442154878.591,7.963,45.165,1790442154932.718,Normal,0.9683
WIX,16808,20260926-185706_p4_c4_cuda_r3,5561,perf_20260926-185706_p4_c4_cuda_r3,0,1418,1790442154973,0,1790442154976.137,7.955,47.709,1790442155032.798,Normal,0.9481
WIX,16808,20260926-185706_p4_c4_cuda_r3,5564,perf_20260926-185706_p4_c4_cuda_r3,0,1419,1790442155144,0,1790442155145.958,8.017,45.355,1790442155200.379,Normal,0.8334
WIX,16808,20260926-185706_p4_c4_cuda_r3,5569,perf_20260926-185706_p4_c4_cuda_r3,0,1420,1790442155425,0,1790442155427.285,7.532,48.587,1790442155484.313,Normal,0.979
WIX,16808,20260926-185706_p4_c4_cuda_r3,5571,perf_20260926-185706_p4_c4_cuda_r3,0,1421,1790442155535,0,1790442155537.938,8.081,46.106,1790442155592.125,Normal,0.9706
WIX,16808,20260926-185706_p4_c4_cuda_r3,5573,perf_20260926-185706_p4_c4_cuda_r3,0,1422,1790442155644,0,1790442155646.837,7.994,45.051,1790442155700.883,Normal,0.9394
WIX,16808,20260926-185706_p4_c4_cuda_r3,5576,perf_20260926-185706_p4_c4_cuda_r3,0,1423,1790442155815,0,1790442155817.93,11.037,44.646,1790442155874.584,Normal,0.9731
WIX,16808,20260926-185706_p4_c4_cuda_r3,5577,perf_20260926-185706_p4_c4_cuda_r3,0,1424,1790442155862,0,1790442155877.607,11.018,48.201,1790442155938.046,Normal,0.9679
WIX,16808,20260926-185706_p4_c4_cuda_r3,5578,perf_20260926-185706_p4_c4_cuda_r3,0,1425,1790442155926,0,1790442155941.043,12.149,47.126,1790442156000.318,Normal,0.9443
WIX,16808,20260926-185706_p4_c4_cuda_r3,5584,perf_20260926-185706_p4_c4_cuda_r3,0,1426,1790442156253,0,1790442156256.432,13.952,47.435,1790442156318.794,Normal,0.9666
WIX,16808,20260926-185706_p4_c4_cuda_r3,5586,perf_20260926-185706_p4_c4_cuda_r3,0,1427,1790442156362,0,1790442156365.511,11.016,49.837,1790442156426.364,Normal,0.9423
WIX,16808,20260926-185706_p4_c4_cuda_r3,5587,perf_20260926-185706_p4_c4_cuda_r3,0,1428,1790442156425,0,1790442156429.406,11.691,43.613,1790442156486.002,Normal,0.9375
WIX,16808,20260926-185706_p4_c4_cuda_r3,5589,perf_20260926-185706_p4_c4_cuda_r3,0,1429,1790442156535,0,1790442156537.549,13.806,45.589,1790442156597.478,Normal,0.9631
WIX,16808,20260926-185706_p4_c4_cuda_r3,5590,perf_20260926-185706_p4_c4_cuda_r3,0,1430,1790442156581,0,1790442156600.237,19.485,49.489,1790442156670.266,Normal,0.9717
WIX,16808,20260926-185706_p4_c4_cuda_r3,5592,perf_20260926-185706_p4_c4_cuda_r3,0,1431,1790442156706,0,1790442156708.303,12.001,46.532,1790442156766.836,Normal,0.9277
WIX,16808,20260926-185706_p4_c4_cuda_r3,5594,perf_20260926-185706_p4_c4_cuda_r3,0,1432,1790442156815,0,1790442156818.744,15.986,46.401,1790442156881.131,Normal,0.9281
WIX,16808,20260926-185706_p4_c4_cuda_r3,5596,perf_20260926-185706_p4_c4_cuda_r3,0,1433,1790442156925,0,1790442156928.081,13.16,50.479,1790442156991.72,Normal,0.9472
WIX,16808,20260926-185706_p4_c4_cuda_r3,5597,perf_20260926-185706_p4_c4_cuda_r3,0,1434,1790442156971,0,1790442156994.717,14.643,44.516,1790442157054.381,Normal,0.6973
WIX,16808,20260926-185706_p4_c4_cuda_r3,5599,perf_20260926-185706_p4_c4_cuda_r3,0,1435,1790442157081,0,1790442157083.391,22.997,47.947,1790442157154.335,Normal,0.9373
WIX,16808,20260926-185706_p4_c4_cuda_r3,5602,perf_20260926-185706_p4_c4_cuda_r3,0,1436,1790442157253,0,1790442157255.028,28.993,43.725,1790442157328.748,Normal,0.9494
WIX,16808,20260926-185706_p4_c4_cuda_r3,5606,perf_20260926-185706_p4_c4_cuda_r3,0,1437,1790442157472,0,1790442157475.577,22.634,46.609,1790442157545.353,Normal,0.9595
WIX,16808,20260926-185706_p4_c4_cuda_r3,5610,perf_20260926-185706_p4_c4_cuda_r3,0,1438,1790442157693,0,1790442157695.634,22.627,53.2,1790442157772.343,Normal,0.489
WIX,16808,20260926-185706_p4_c4_cuda_r3,5611,perf_20260926-185706_p4_c4_cuda_r3,0,1439,1790442157757,0,1790442157775.378,21.987,44.431,1790442157841.796,Normal,0.9712
WIX,16808,20260926-185706_p4_c4_cuda_r3,5616,perf_20260926-185706_p4_c4_cuda_r3,0,1440,1790442158038,0,1790442158041.137,23.234,50.768,1790442158115.139,Normal,0.9698
WIX,16808,20260926-185706_p4_c4_cuda_r3,5617,perf_20260926-185706_p4_c4_cuda_r3,0,1441,1790442158085,0,1790442158117.14,21.687,48.061,1790442158187.81,Normal,0.9587
WIX,16808,20260926-185706_p4_c4_cuda_r3,5618,perf_20260926-185706_p4_c4_cuda_r3,0,1442,1790442158149,0,1790442158190.815,287.397,45.1,1790442158524.312,Normal,0.9527
WIX,16808,20260926-185706_p4_c4_cuda_r3,5623,perf_20260926-185706_p4_c4_cuda_r3,0,1443,1790442158416,0,1790442158527.313,11.086,49.363,1790442158587.763,Normal,0.9566
WIX,16808,20260926-185706_p4_c4_cuda_r3,5624,perf_20260926-185706_p4_c4_cuda_r3,0,1444,1790442158479,0,1790442158587.763,12.583,47.768,1790442158649.113,Normal,0.9338
WIX,16808,20260926-185706_p4_c4_cuda_r3,5634,perf_20260926-185706_p4_c4_cuda_r3,0,1445,1790442159030,0,1790442159032.907,10.05,48.474,1790442159092.618,Normal,0.9515
WIX,16808,20260926-185706_p4_c4_cuda_r3,5641,perf_20260926-185706_p4_c4_cuda_r3,0,1446,1790442159424,0,1790442159426.561,14.458,49.726,1790442159490.745,Normal,0.8384
WIX,16808,20260926-185706_p4_c4_cuda_r3,5646,perf_20260926-185706_p4_c4_cuda_r3,0,1447,1790442159702,0,1790442159705.012,9.588,44.405,1790442159760.013,Normal,0.8299
WIX,16808,20260926-185706_p4_c4_cuda_r3,5648,perf_20260926-185706_p4_c4_cuda_r3,0,1448,1790442159811,0,1790442159814.824,7.998,45.556,1790442159869.386,Normal,0.7172
WIX,16808,20260926-185706_p4_c4_cuda_r3,5649,perf_20260926-185706_p4_c4_cuda_r3,0,1449,1790442159858,0,1790442159872.152,11.79,46.18,1790442159931.168,Normal,0.9504
WIX,16808,20260926-185706_p4_c4_cuda_r3,5656,perf_20260926-185706_p4_c4_cuda_r3,0,1450,1790442160252,0,1790442160254.787,8.971,46.933,1790442160310.691,Normal,0.8687
WIX,16808,20260926-185706_p4_c4_cuda_r3,5657,perf_20260926-185706_p4_c4_cuda_r3,0,1451,1790442160315,0,1790442160317.721,11.05,48.109,1790442160377.832,Normal,0.9546
WIX,16808,20260926-185706_p4_c4_cuda_r3,5659,perf_20260926-185706_p4_c4_cuda_r3,0,1452,1790442160425,0,1790442160428.089,27.764,48.399,1790442160505.264,Normal,0.9537
WIX,16808,20260926-185706_p4_c4_cuda_r3,5661,perf_20260926-185706_p4_c4_cuda_r3,0,1453,1790442160535,0,1790442160537.892,13.509,43.809,1790442160595.839,Normal,0.4898
WIX,16808,20260926-185706_p4_c4_cuda_r3,5667,perf_20260926-185706_p4_c4_cuda_r3,0,1454,1790442160862,0,1790442160864.774,12.545,49.36,1790442160927.683,Normal,0.9249
WIX,16808,20260926-185706_p4_c4_cuda_r3,5668,perf_20260926-185706_p4_c4_cuda_r3,0,1455,1790442160924,0,1790442160929.698,11.991,44.271,1790442160986.958,Normal,0.9307
WIX,16808,20260926-185706_p4_c4_cuda_r3,5669,perf_20260926-185706_p4_c4_cuda_r3,0,1456,1790442160972,0,1790442160988.959,11.999,45.804,1790442161046.762,Normal,0.9766
WIX,16808,20260926-185706_p4_c4_cuda_r3,5674,perf_20260926-185706_p4_c4_cuda_r3,0,1457,1790442161253,0,1790442161255.96,12.12,46.868,1790442161314.948,Normal,0.9502
WIX,16808,20260926-185706_p4_c4_cuda_r3,5677,perf_20260926-185706_p4_c4_cuda_r3,0,1458,1790442161423,0,1790442161426.042,13.022,45.604,1790442161485.672,HATE,0.4489
WIX,16808,20260926-185706_p4_c4_cuda_r3,5682,perf_20260926-185706_p4_c4_cuda_r3,0,1459,1790442161704,0,1790442161707.426,12.999,48.149,1790442161769.574,Normal,0.9613
WIX,16808,20260926-185706_p4_c4_cuda_r3,5683,perf_20260926-185706_p4_c4_cuda_r3,0,1460,1790442161751,0,1790442161772.087,13.045,46.493,1790442161832.604,Normal,0.9307
WIX,16808,20260926-185706_p4_c4_cuda_r3,5685,perf_20260926-185706_p4_c4_cuda_r3,0,1461,1790442161859,0,1790442161863.212,13.49,44.365,1790442161921.625,Normal,0.9566
WIX,16808,20260926-185706_p4_c4_cuda_r3,5686,perf_20260926-185706_p4_c4_cuda_r3,0,1462,1790442161922,0,1790442161925.2,20.023,47.412,1790442161992.636,Normal,0.9422
WIX,16808,20260926-185706_p4_c4_cuda_r3,5688,perf_20260926-185706_p4_c4_cuda_r3,0,1463,1790442162031,0,1790442162033.676,21.509,50.535,1790442162105.719,Normal,0.9541
WIX,16808,20260926-185706_p4_c4_cuda_r3,5690,perf_20260926-185706_p4_c4_cuda_r3,0,1464,1790442162141,0,1790442162144.29,20.052,44.416,1790442162209.761,Normal,0.8321
WIX,16808,20260926-185706_p4_c4_cuda_r3,5692,perf_20260926-185706_p4_c4_cuda_r3,0,1465,1790442162252,0,1790442162254.667,23.053,45.165,1790442162323.885,Normal,0.9409
WIX,16808,20260926-185706_p4_c4_cuda_r3,5694,perf_20260926-185706_p4_c4_cuda_r3,0,1466,1790442162361,0,1790442162363.988,22.073,46.85,1790442162433.647,Normal,0.9453
WIX,16808,20260926-185706_p4_c4_cuda_r3,5697,perf_20260926-185706_p4_c4_cuda_r3,0,1467,1790442162535,0,1790442162537.722,159.877,51.74,1790442162749.339,Normal,0.9435
WIX,16808,20260926-185706_p4_c4_cuda_r3,5705,perf_20260926-185706_p4_c4_cuda_r3,0,1468,1790442162972,0,1790442162975.197,17.005,51.892,1790442163045.096,Normal,0.9639
WIX,16808,20260926-185706_p4_c4_cuda_r3,5707,perf_20260926-185706_p4_c4_cuda_r3,0,1469,1790442163081,0,1790442163083.817,8.992,49.288,1790442163143.098,Normal,0.9371
WIX,16808,20260926-185706_p4_c4_cuda_r3,5708,perf_20260926-185706_p4_c4_cuda_r3,0,1470,1790442163144,0,1790442163146.1,8.082,46.586,1790442163201.824,Normal,0.9624
WIX,16808,20260926-185706_p4_c4_cuda_r3,5715,perf_20260926-185706_p4_c4_cuda_r3,0,1471,1790442163536,0,1790442163538.568,7.998,46.562,1790442163593.128,Normal,0.8739
WIX,16808,20260926-185706_p4_c4_cuda_r3,5716,perf_20260926-185706_p4_c4_cuda_r3,0,1472,1790442163584,0,1790442163595.817,7.344,45.779,1790442163648.939,Normal,0.6678
WIX,16808,20260926-185706_p4_c4_cuda_r3,5724,perf_20260926-185706_p4_c4_cuda_r3,0,1473,1790442164037,0,1790442164040.475,13.627,48.115,1790442164102.218,Normal,0.9751
WIX,16808,20260926-185706_p4_c4_cuda_r3,5726,perf_20260926-185706_p4_c4_cuda_r3,0,1474,1790442164148,0,1790442164150.756,10.148,44.376,1790442164206.279,Normal,0.6501
WIX,16808,20260926-185706_p4_c4_cuda_r3,5727,perf_20260926-185706_p4_c4_cuda_r3,0,1475,1790442164195,0,1790442164208.277,8.968,46.652,1790442164265.939,Normal,0.9614
WIX,16808,20260926-185706_p4_c4_cuda_r3,5732,perf_20260926-185706_p4_c4_cuda_r3,0,1476,1790442164477,0,1790442164479.734,12.792,49.665,1790442164542.191,Normal,0.9608
WIX,16808,20260926-185706_p4_c4_cuda_r3,5735,perf_20260926-185706_p4_c4_cuda_r3,0,1477,1790442164650,0,1790442164653.233,11.429,46.458,1790442164711.12,Normal,0.9407
WIX,16808,20260926-185706_p4_c4_cuda_r3,5739,perf_20260926-185706_p4_c4_cuda_r3,0,1478,1790442164870,0,1790442164873.723,13.432,45.863,1790442164933.573,Normal,0.9411
WIX,16808,20260926-185706_p4_c4_cuda_r3,5740,perf_20260926-185706_p4_c4_cuda_r3,0,1479,1790442164916,0,1790442164935.189,14.041,43.885,1790442164994.115,Normal,0.9444
WIX,16808,20260926-185706_p4_c4_cuda_r3,5742,perf_20260926-185706_p4_c4_cuda_r3,0,1480,1790442165025,0,1790442165027.829,10.999,49.541,1790442165089.376,Normal,0.9377
WIX,16808,20260926-185706_p4_c4_cuda_r3,5743,perf_20260926-185706_p4_c4_cuda_r3,0,1481,1790442165087,0,1790442165092.373,12.603,50.21,1790442165156.191,Normal,0.9583
WIX,16808,20260926-185706_p4_c4_cuda_r3,5745,perf_20260926-185706_p4_c4_cuda_r3,0,1482,1790442165196,0,1790442165199.302,12.002,47.347,1790442165258.652,Normal,0.9526
WIX,16808,20260926-185706_p4_c4_cuda_r3,5748,perf_20260926-185706_p4_c4_cuda_r3,0,1483,1790442165368,0,1790442165371.485,11.646,45.493,1790442165428.624,Normal,0.9311
WIX,16808,20260926-185706_p4_c4_cuda_r3,5753,perf_20260926-185706_p4_c4_cuda_r3,0,1484,1790442165651,0,1790442165653.762,12.671,49.848,1790442165716.843,Normal,0.9759
WIX,16808,20260926-185706_p4_c4_cuda_r3,5754,perf_20260926-185706_p4_c4_cuda_r3,0,1485,1790442165697,0,1790442165718.852,12.99,42.641,1790442165775.237,Normal,0.9583
WIX,16808,20260926-185706_p4_c4_cuda_r3,5756,perf_20260926-185706_p4_c4_cuda_r3,0,1486,1790442165805,0,1790442165808.286,11.997,49.04,1790442165870.335,Normal,0.7179
WIX,16808,20260926-185706_p4_c4_cuda_r3,5758,perf_20260926-185706_p4_c4_cuda_r3,0,1487,1790442165913,0,1790442165916.903,11.011,49.007,1790442165977.873,Normal,0.9557
WIX,16808,20260926-185706_p4_c4_cuda_r3,5767,perf_20260926-185706_p4_c4_cuda_r3,0,1488,1790442166415,0,1790442166417.739,20.0,47.911,1790442166485.649,Normal,0.932
WIX,16808,20260926-185706_p4_c4_cuda_r3,5768,perf_20260926-185706_p4_c4_cuda_r3,0,1489,1790442166477,0,1790442166488.625,19.997,45.415,1790442166555.058,Normal,0.9576
WIX,16808,20260926-185706_p4_c4_cuda_r3,5774,perf_20260926-185706_p4_c4_cuda_r3,0,1490,1790442166804,0,1790442166806.849,22.036,50.607,1790442166880.453,Normal,0.9743
WIX,16808,20260926-185706_p4_c4_cuda_r3,5778,perf_20260926-185706_p4_c4_cuda_r3,0,1491,1790442167039,0,1790442167041.953,29.974,45.99,1790442167118.672,Normal,0.9636
WIX,16808,20260926-185706_p4_c4_cuda_r3,5779,perf_20260926-185706_p4_c4_cuda_r3,0,1492,1790442167085,0,1790442167120.718,23.062,47.877,1790442167193.258,Normal,0.943
WIX,16808,20260926-185706_p4_c4_cuda_r3,5780,perf_20260926-185706_p4_c4_cuda_r3,0,1493,1790442167147,0,1790442167196.255,27.997,47.131,1790442167272.487,Normal,0.9595
WIX,16808,20260926-185706_p4_c4_cuda_r3,5781,perf_20260926-185706_p4_c4_cuda_r3,0,1494,1790442167194,0,1790442167276.287,27.269,47.883,1790442167351.438,Normal,0.9712
WIX,16808,20260926-185706_p4_c4_cuda_r3,5782,perf_20260926-185706_p4_c4_cuda_r3,0,1495,1790442167257,0,1790442167351.438,163.315,46.239,1790442167561.997,Normal,0.8102
WIX,16808,20260926-185706_p4_c4_cuda_r3,5783,perf_20260926-185706_p4_c4_cuda_r3,0,1496,1790442167304,0,1790442167564.997,10.641,46.43,1790442167623.039,Normal,0.9354
WIX,16808,20260926-185706_p4_c4_cuda_r3,5785,perf_20260926-185706_p4_c4_cuda_r3,0,1497,1790442167416,0,1790442167624.0,9.995,50.871,1790442167685.868,Normal,0.9543
WIX,16808,20260926-185706_p4_c4_cuda_r3,5793,perf_20260926-185706_p4_c4_cuda_r3,0,1498,1790442167872,0,1790442167874.908,8.023,44.289,1790442167928.477,Normal,0.8093
WIX,16808,20260926-185706_p4_c4_cuda_r3,5804,perf_20260926-185706_p4_c4_cuda_r3,0,1499,1790442168484,0,1790442168486.885,8.05,46.187,1790442168542.082,HATE,0.6778
WIX,16808,20260926-185706_p4_c4_cuda_r3,5806,perf_20260926-185706_p4_c4_cuda_r3,0,1500,1790442168595,0,1790442168598.086,7.572,47.256,1790442168652.914,Normal,0.9614
WIX,16808,20260926-185706_p4_c4_cuda_r3,5813,perf_20260926-185706_p4_c4_cuda_r3,0,1501,1790442168972,0,1790442168975.084,8.997,46.131,1790442169030.212,Normal,0.9457
WIX,16808,20260926-185706_p4_c4_cuda_r3,5817,perf_20260926-185706_p4_c4_cuda_r3,0,1502,1790442169206,0,1790442169208.725,7.002,47.25,1790442169263.972,Normal,0.9565
WIX,16808,20260926-185706_p4_c4_cuda_r3,5825,perf_20260926-185706_p4_c4_cuda_r3,0,1503,1790442169640,0,1790442169642.864,12.01,48.506,1790442169703.38,Normal,0.8879
WIX,16808,20260926-185706_p4_c4_cuda_r3,5827,perf_20260926-185706_p4_c4_cuda_r3,0,1504,1790442169749,0,1790442169751.952,13.01,47.928,1790442169813.907,Normal,0.645
WIX,16808,20260926-185706_p4_c4_cuda_r3,5829,perf_20260926-185706_p4_c4_cuda_r3,0,1505,1790442169859,0,1790442169862.233,11.265,47.067,1790442169921.527,Normal,0.9509
WIX,16808,20260926-185706_p4_c4_cuda_r3,5832,perf_20260926-185706_p4_c4_cuda_r3,0,1506,1790442170031,0,1790442170033.162,21.062,46.1,1790442170100.324,Normal,0.9663
WIX,16808,20260926-185706_p4_c4_cuda_r3,5833,perf_20260926-185706_p4_c4_cuda_r3,0,1507,1790442170094,0,1790442170103.327,12.009,46.714,1790442170163.04,Normal,0.9485
WIX,16808,20260926-185706_p4_c4_cuda_r3,5835,perf_20260926-185706_p4_c4_cuda_r3,0,1508,1790442170204,0,1790442170207.265,11.8,47.962,1790442170267.99,Normal,0.9101
WIX,16808,20260926-185706_p4_c4_cuda_r3,5836,perf_20260926-185706_p4_c4_cuda_r3,0,1509,1790442170251,0,1790442170271.025,11.037,46.632,1790442170329.663,Normal,0.9457
WIX,16808,20260926-185706_p4_c4_cuda_r3,5838,perf_20260926-185706_p4_c4_cuda_r3,0,1510,1790442170361,0,1790442170363.175,14.763,52.36,1790442170431.266,Normal,0.9658
WIX,16808,20260926-185706_p4_c4_cuda_r3,5839,perf_20260926-185706_p4_c4_cuda_r3,0,1511,1790442170422,0,1790442170434.263,16.017,47.587,1790442170497.868,Normal,0.9626
WIX,16808,20260926-185706_p4_c4_cuda_r3,5840,perf_20260926-185706_p4_c4_cuda_r3,0,1512,1790442170484,0,1790442170499.864,17.0,44.862,1790442170561.726,Normal,0.9025
WIX,16808,20260926-185706_p4_c4_cuda_r3,5851,perf_20260926-185706_p4_c4_cuda_r3,0,1513,1790442171082,0,1790442171083.879,27.637,44.612,1790442171156.128,Normal,0.9666
WIX,16808,20260926-185706_p4_c4_cuda_r3,5858,perf_20260926-185706_p4_c4_cuda_r3,0,1514,1790442171472,0,1790442171475.047,21.015,44.353,1790442171540.415,Normal,0.4958
WIX,16808,20260926-185706_p4_c4_cuda_r3,5866,perf_20260926-185706_p4_c4_cuda_r3,0,1515,1790442171928,0,1790442171930.839,26.01,42.814,1790442172000.655,Normal,0.967
WIX,16808,20260926-185706_p4_c4_cuda_r3,5868,perf_20260926-185706_p4_c4_cuda_r3,0,1516,1790442172033,0,1790442172035.831,23.013,46.165,1790442172105.826,Normal,0.9342
WIX,16808,20260926-185706_p4_c4_cuda_r3,5871,perf_20260926-185706_p4_c4_cuda_r3,0,1517,1790442172206,0,1790442172209.751,21.048,51.524,1790442172283.272,Normal,0.9663
WIX,16808,20260926-185706_p4_c4_cuda_r3,5873,perf_20260926-185706_p4_c4_cuda_r3,0,1518,1790442172317,0,1790442172320.544,22.036,45.408,1790442172388.952,Normal,0.9489
WIX,16808,20260926-185706_p4_c4_cuda_r3,5876,perf_20260926-185706_p4_c4_cuda_r3,0,1519,1790442172475,0,1790442172478.272,29.581,43.235,1790442172551.087,Normal,0.962
WIX,16808,20260926-185706_p4_c4_cuda_r3,5881,perf_20260926-185706_p4_c4_cuda_r3,0,1520,1790442172756,0,1790442172759.708,21.585,49.075,1790442172832.463,Normal,0.8748
WIX,16808,20260926-185706_p4_c4_cuda_r3,5882,perf_20260926-185706_p4_c4_cuda_r3,0,1521,1790442172802,0,1790442172834.479,24.248,46.643,1790442172905.959,Normal,0.9592
WIX,16808,20260926-185706_p4_c4_cuda_r3,5889,perf_20260926-185706_p4_c4_cuda_r3,0,1522,1790442173206,0,1790442173208.66,27.935,46.108,1790442173283.246,Normal,0.9725
WIX,16808,20260926-185706_p4_c4_cuda_r3,5894,perf_20260926-185706_p4_c4_cuda_r3,0,1523,1790442173482,0,1790442173485.335,21.325,48.358,1790442173555.527,Normal,0.9402
WIX,16808,20260926-185706_p4_c4_cuda_r3,5895,perf_20260926-185706_p4_c4_cuda_r3,0,1524,1790442173528,0,1790442173558.305,21.903,45.372,1790442173626.153,Normal,0.9595
WIX,16808,20260926-185706_p4_c4_cuda_r3,5897,perf_20260926-185706_p4_c4_cuda_r3,0,1525,1790442173636,0,1790442173639.408,19.097,44.175,1790442173703.692,Normal,0.9418
WIX,16808,20260926-185706_p4_c4_cuda_r3,5908,perf_20260926-185706_p4_c4_cuda_r3,0,1526,1790442174257,0,1790442174260.289,23.553,46.729,1790442174330.57,Normal,0.8622
WIX,16808,20260926-185706_p4_c4_cuda_r3,5909,perf_20260926-185706_p4_c4_cuda_r3,0,1527,1790442174304,0,1790442174333.571,19.0,44.464,1790442174397.034,Normal,0.9607
WIX,16808,20260926-185706_p4_c4_cuda_r3,5910,perf_20260926-185706_p4_c4_cuda_r3,0,1528,1790442174368,0,1790442174400.029,162.501,43.063,1790442174606.599,Normal,0.9684
WIX,16808,20260926-185706_p4_c4_cuda_r3,5914,perf_20260926-185706_p4_c4_cuda_r3,0,1529,1790442174587,0,1790442174610.646,11.519,47.727,1790442174669.891,Normal,0.932
WIX,16808,20260926-185706_p4_c4_cuda_r3,5915,perf_20260926-185706_p4_c4_cuda_r3,0,1530,1790442174650,0,1790442174672.893,9.823,51.156,1790442174733.873,Normal,0.9491
WIX,16808,20260926-185706_p4_c4_cuda_r3,5921,perf_20260926-185706_p4_c4_cuda_r3,0,1531,1790442174978,0,1790442174980.812,11.005,44.092,1790442175036.923,Normal,0.9556
WIX,16808,20260926-185706_p4_c4_cuda_r3,5922,perf_20260926-185706_p4_c4_cuda_r3,0,1532,1790442175039,0,1790442175042.923,9.523,44.787,1790442175098.23,OFFENSIVE,0.7976
WIX,16808,20260926-185706_p4_c4_cuda_r3,5926,perf_20260926-185706_p4_c4_cuda_r3,0,1533,1790442175259,0,1790442175261.606,7.688,49.766,1790442175320.062,Normal,0.9475
WIX,16808,20260926-185706_p4_c4_cuda_r3,5930,perf_20260926-185706_p4_c4_cuda_r3,0,1534,1790442175479,0,1790442175481.662,8.0,49.256,1790442175538.919,Normal,0.9255
WIX,16808,20260926-185706_p4_c4_cuda_r3,5934,perf_20260926-185706_p4_c4_cuda_r3,0,1535,1790442175698,0,1790442175701.348,8.505,47.738,1790442175758.151,Normal,0.9116
WIX,16808,20260926-185706_p4_c4_cuda_r3,5937,perf_20260926-185706_p4_c4_cuda_r3,0,1536,1790442175871,0,1790442175873.589,8.111,47.66,1790442175930.335,Normal,0.9675
WIX,16808,20260926-185706_p4_c4_cuda_r3,5941,perf_20260926-185706_p4_c4_cuda_r3,0,1537,1790442176087,0,1790442176090.424,7.979,49.033,1790442176148.447,Normal,0.9364
WIX,16808,20260926-185706_p4_c4_cuda_r3,5942,perf_20260926-185706_p4_c4_cuda_r3,0,1538,1790442176150,0,1790442176152.452,7.995,45.849,1790442176207.33,Normal,0.9721
WIX,16808,20260926-185706_p4_c4_cuda_r3,5947,perf_20260926-185706_p4_c4_cuda_r3,0,1539,1790442176415,0,1790442176418.456,11.997,48.674,1790442176480.133,Normal,0.9555
WIX,16808,20260926-185706_p4_c4_cuda_r3,5952,perf_20260926-185706_p4_c4_cuda_r3,0,1540,1790442176695,0,1790442176698.202,10.998,45.346,1790442176755.51,Normal,0.9192
WIX,16808,20260926-185706_p4_c4_cuda_r3,5959,perf_20260926-185706_p4_c4_cuda_r3,0,1541,1790442177088,0,1790442177091.239,23.055,43.888,1790442177159.191,Normal,0.7072
WIX,16808,20260926-185706_p4_c4_cuda_r3,5962,perf_20260926-185706_p4_c4_cuda_r3,0,1542,1790442177261,0,1790442177264.53,23.612,47.558,1790442177337.246,Normal,0.9715
WIX,16808,20260926-185706_p4_c4_cuda_r3,5973,perf_20260926-185706_p4_c4_cuda_r3,0,1543,1790442177859,0,1790442177862.591,323.041,43.025,1790442178229.161,Normal,0.8716
WIX,16808,20260926-185706_p4_c4_cuda_r3,5979,perf_20260926-185706_p4_c4_cuda_r3,0,1544,1790442178205,0,1790442178232.158,13.002,42.516,1790442178288.675,OFFENSIVE,0.6827
WIX,16808,20260926-185706_p4_c4_cuda_r3,5983,perf_20260926-185706_p4_c4_cuda_r3,0,1545,1790442178425,0,1790442178428.014,7.542,45.714,1790442178481.8,Normal,0.8616
WIX,16808,20260926-185706_p4_c4_cuda_r3,5984,perf_20260926-185706_p4_c4_cuda_r3,0,1546,1790442178472,0,1790442178483.765,8.074,47.839,1790442178539.679,OFFENSIVE,0.7832
WIX,16808,20260926-185706_p4_c4_cuda_r3,5990,perf_20260926-185706_p4_c4_cuda_r3,0,1547,1790442178818,0,1790442178821.253,10.025,44.233,1790442178875.511,Normal,0.947
WIX,16808,20260926-185706_p4_c4_cuda_r3,6003,perf_20260926-185706_p4_c4_cuda_r3,0,1548,1790442179539,0,1790442179542.464,8.3,43.883,1790442179595.184,Normal,0.8772
WIX,16808,20260926-185706_p4_c4_cuda_r3,6004,perf_20260926-185706_p4_c4_cuda_r3,0,1549,1790442179586,0,1790442179597.184,9.591,45.043,1790442179652.823,Normal,0.9553
WIX,16808,20260926-185706_p4_c4_cuda_r3,6006,perf_20260926-185706_p4_c4_cuda_r3,0,1550,1790442179696,0,1790442179699.08,8.97,50.909,1790442179759.465,Normal,0.9449
WIX,16808,20260926-185706_p4_c4_cuda_r3,6007,perf_20260926-185706_p4_c4_cuda_r3,0,1551,1790442179758,0,1790442179762.508,7.963,42.495,1790442179813.417,Normal,0.887
WIX,16808,20260926-185706_p4_c4_cuda_r3,6010,perf_20260926-185706_p4_c4_cuda_r3,0,1552,1790442179915,0,1790442179917.492,9.311,47.165,1790442179974.968,Normal,0.9363
WIX,16808,20260926-185706_p4_c4_cuda_r3,6014,perf_20260926-185706_p4_c4_cuda_r3,0,1553,1790442180147,0,1790442180150.026,12.993,47.232,1790442180211.252,OFFENSIVE,0.9396
WIX,16808,20260926-185706_p4_c4_cuda_r3,6017,perf_20260926-185706_p4_c4_cuda_r3,0,1554,1790442180304,0,1790442180307.138,13.042,47.687,1790442180367.867,Normal,0.9046
WIX,16808,20260926-185706_p4_c4_cuda_r3,6019,perf_20260926-185706_p4_c4_cuda_r3,0,1555,1790442180415,0,1790442180418.318,12.541,47.089,1790442180477.948,Normal,0.8151
WIX,16808,20260926-185706_p4_c4_cuda_r3,6021,perf_20260926-185706_p4_c4_cuda_r3,0,1556,1790442180526,0,1790442180528.869,15.0,45.304,1790442180590.57,Normal,0.9194
WIX,16808,20260926-185706_p4_c4_cuda_r3,6023,perf_20260926-185706_p4_c4_cuda_r3,0,1557,1790442180651,0,1790442180654.821,13.978,48.499,1790442180718.317,Normal,0.9787
WIX,16808,20260926-185706_p4_c4_cuda_r3,6024,perf_20260926-185706_p4_c4_cuda_r3,0,1558,1790442180700,0,1790442180720.321,15.513,44.684,1790442180781.993,OFFENSIVE,0.7589
WIX,16808,20260926-185706_p4_c4_cuda_r3,6027,perf_20260926-185706_p4_c4_cuda_r3,0,1559,1790442180873,0,1790442180876.653,13.004,47.158,1790442180937.719,Normal,0.9635
WIX,16808,20260926-185706_p4_c4_cuda_r3,6031,perf_20260926-185706_p4_c4_cuda_r3,0,1560,1790442181092,0,1790442181094.677,13.607,45.455,1790442181154.75,Normal,0.9511
WIX,16808,20260926-185706_p4_c4_cuda_r3,6035,perf_20260926-185706_p4_c4_cuda_r3,0,1561,1790442181313,0,1790442181315.947,23.559,42.62,1790442181382.125,Normal,0.873
WIX,16808,20260926-185706_p4_c4_cuda_r3,6038,perf_20260926-185706_p4_c4_cuda_r3,0,1562,1790442181469,0,1790442181472.415,22.626,46.66,1790442181541.701,OFFENSIVE,0.545
WIX,16808,20260926-185706_p4_c4_cuda_r3,6041,perf_20260926-185706_p4_c4_cuda_r3,0,1563,1790442181642,0,1790442181645.093,21.622,49.159,1790442181716.876,Normal,0.9374
WIX,16808,20260926-185706_p4_c4_cuda_r3,6043,perf_20260926-185706_p4_c4_cuda_r3,0,1564,1790442181752,0,1790442181754.854,27.049,48.058,1790442181830.915,Normal,0.9638
WIX,16808,20260926-185706_p4_c4_cuda_r3,6056,perf_20260926-185706_p4_c4_cuda_r3,0,1565,1790442182475,0,1790442182477.612,27.52,44.961,1790442182550.093,Normal,0.9684
WIX,16808,20260926-185706_p4_c4_cuda_r3,6061,perf_20260926-185706_p4_c4_cuda_r3,0,1566,1790442182756,0,1790442182758.932,21.027,45.328,1790442182825.287,OFFENSIVE,0.603
WIX,16808,20260926-185706_p4_c4_cuda_r3,6063,perf_20260926-185706_p4_c4_cuda_r3,0,1567,1790442182866,0,1790442182869.139,21.973,48.377,1790442182939.489,Normal,0.8891
WIX,16808,20260926-185706_p4_c4_cuda_r3,6064,perf_20260926-185706_p4_c4_cuda_r3,0,1568,1790442182928,0,1790442182942.479,21.997,45.562,1790442183011.542,Normal,0.8992
WIX,16808,20260926-185706_p4_c4_cuda_r3,6070,perf_20260926-185706_p4_c4_cuda_r3,0,1569,1790442183259,0,1790442183261.731,19.043,44.282,1790442183326.01,Normal,0.913
WIX,16808,20260926-185706_p4_c4_cuda_r3,6074,perf_20260926-185706_p4_c4_cuda_r3,0,1570,1790442183477,0,1790442183479.664,22.561,45.154,1790442183547.378,Normal,0.9526
WIX,16808,20260926-185706_p4_c4_cuda_r3,6078,perf_20260926-185706_p4_c4_cuda_r3,0,1571,1790442183699,0,1790442183702.166,21.031,43.742,1790442183767.89,OFFENSIVE,0.8181
WIX,16808,20260926-185706_p4_c4_cuda_r3,6079,perf_20260926-185706_p4_c4_cuda_r3,0,1572,1790442183760,0,1790442183769.891,21.523,47.19,1790442183839.605,Normal,0.5999
WIX,16808,20260926-185706_p4_c4_cuda_r3,6080,perf_20260926-185706_p4_c4_cuda_r3,0,1573,1790442183808,0,1790442183841.621,21.676,51.701,1790442183914.998,Normal,0.9631
WIX,16808,20260926-185706_p4_c4_cuda_r3,6081,perf_20260926-185706_p4_c4_cuda_r3,0,1574,1790442183870,0,1790442183916.948,128.418,46.616,1790442184091.982,Normal,0.8711
WIX,16808,20260926-185706_p4_c4_cuda_r3,6084,perf_20260926-185706_p4_c4_cuda_r3,0,1575,1790442184027,0,1790442184094.98,14.096,47.068,1790442184157.144,Normal,0.9736
WIX,16808,20260926-185706_p4_c4_cuda_r3,6086,perf_20260926-185706_p4_c4_cuda_r3,0,1576,1790442184136,0,1790442184160.107,9.998,45.383,1790442184215.488,Normal,0.9471
WIX,16808,20260926-185706_p4_c4_cuda_r3,6088,perf_20260926-185706_p4_c4_cuda_r3,0,1577,1790442184260,0,1790442184263.385,7.998,50.333,1790442184321.717,Normal,0.9092
WIX,16808,20260926-185706_p4_c4_cuda_r3,6089,perf_20260926-185706_p4_c4_cuda_r3,0,1578,1790442184307,0,1790442184323.725,11.997,44.916,1790442184381.639,Normal,0.9184
WIX,16808,20260926-185706_p4_c4_cuda_r3,6097,perf_20260926-185706_p4_c4_cuda_r3,0,1579,1790442184758,0,1790442184761.536,9.002,47.554,1790442184818.092,Normal,0.9191
WIX,16808,20260926-185706_p4_c4_cuda_r3,6105,perf_20260926-185706_p4_c4_cuda_r3,0,1580,1790442185196,0,1790442185198.922,8.537,49.04,1790442185257.499,Normal,0.9576
WIX,16808,20260926-185706_p4_c4_cuda_r3,6110,perf_20260926-185706_p4_c4_cuda_r3,0,1581,1790442185482,0,1790442185484.309,10.537,46.156,1790442185541.001,Normal,0.967
WIX,16808,20260926-185706_p4_c4_cuda_r3,6113,perf_20260926-185706_p4_c4_cuda_r3,0,1582,1790442185638,0,1790442185641.344,12.314,46.012,1790442185700.683,Normal,0.9515
WIX,16808,20260926-185706_p4_c4_cuda_r3,6116,perf_20260926-185706_p4_c4_cuda_r3,0,1583,1790442185810,0,1790442185814.148,9.524,47.871,1790442185872.543,Normal,0.8895
WIX,16808,20260926-185706_p4_c4_cuda_r3,6123,perf_20260926-185706_p4_c4_cuda_r3,0,1584,1790442186201,0,1790442186203.062,12.063,45.32,1790442186261.416,Normal,0.9627
WIX,16808,20260926-185706_p4_c4_cuda_r3,6141,perf_20260926-185706_p4_c4_cuda_r3,0,1585,1790442187200,0,1790442187202.709,12.543,48.386,1790442187263.638,Normal,0.9384
WIX,16808,20260926-185706_p4_c4_cuda_r3,6145,perf_20260926-185706_p4_c4_cuda_r3,0,1586,1790442187418,0,1790442187420.853,28.519,45.616,1790442187494.988,Normal,0.9515
WIX,16808,20260926-185706_p4_c4_cuda_r3,6148,perf_20260926-185706_p4_c4_cuda_r3,0,1587,1790442187592,0,1790442187594.955,20.68,43.944,1790442187660.665,Normal,0.9325
WIX,16808,20260926-185706_p4_c4_cuda_r3,6150,perf_20260926-185706_p4_c4_cuda_r3,0,1588,1790442187703,0,1790442187705.239,20.12,45.307,1790442187771.988,Normal,0.7829
WIX,16808,20260926-185706_p4_c4_cuda_r3,6151,perf_20260926-185706_p4_c4_cuda_r3,0,1589,1790442187750,0,1790442187775.024,20.998,43.276,1790442187840.292,Normal,0.9596
WIX,16808,20260926-185706_p4_c4_cuda_r3,6152,perf_20260926-185706_p4_c4_cuda_r3,0,1590,1790442187812,0,1790442187842.806,210.868,44.286,1790442188098.962,Normal,0.9568
WIX,16808,20260926-185706_p4_c4_cuda_r3,6157,perf_20260926-185706_p4_c4_cuda_r3,0,1591,1790442188095,0,1790442188101.96,9.525,49.272,1790442188161.337,Normal,0.9536
WIX,16808,20260926-185706_p4_c4_cuda_r3,6158,perf_20260926-185706_p4_c4_cuda_r3,0,1592,1790442188143,0,1790442188163.351,8.987,45.444,1790442188218.779,Normal,0.938
WIX,16808,20260926-185706_p4_c4_cuda_r3,6159,perf_20260926-185706_p4_c4_cuda_r3,0,1593,1790442188204,0,1790442188221.405,9.01,46.04,1790442188276.455,Normal,0.9483
WIX,16808,20260926-185706_p4_c4_cuda_r3,6165,perf_20260926-185706_p4_c4_cuda_r3,0,1594,1790442188534,0,1790442188536.479,8.001,45.159,1790442188590.637,Normal,0.8418
WIX,16808,20260926-185706_p4_c4_cuda_r3,6169,perf_20260926-185706_p4_c4_cuda_r3,0,1595,1790442188753,0,1790442188756.489,11.969,47.398,1790442188815.856,Normal,0.9606
WIX,16808,20260926-185706_p4_c4_cuda_r3,6173,perf_20260926-185706_p4_c4_cuda_r3,0,1596,1790442188971,0,1790442188973.813,8.998,49.735,1790442189033.544,Normal,0.9431
WIX,16808,20260926-185706_p4_c4_cuda_r3,6174,perf_20260926-185706_p4_c4_cuda_r3,0,1597,1790442189034,0,1790442189037.537,8.998,44.393,1790442189091.741,Normal,0.9463
WIX,16808,20260926-185706_p4_c4_cuda_r3,6179,perf_20260926-185706_p4_c4_cuda_r3,0,1598,1790442189317,0,1790442189318.638,7.996,46.693,1790442189374.233,Normal,0.7818
WIX,16808,20260926-185706_p4_c4_cuda_r3,6181,perf_20260926-185706_p4_c4_cuda_r3,0,1599,1790442189427,0,1790442189430.495,7.696,44.755,1790442189483.456,Normal,0.9589
WIX,16808,20260926-185706_p4_c4_cuda_r3,6182,perf_20260926-185706_p4_c4_cuda_r3,0,1600,1790442189475,0,1790442189486.492,10.293,45.459,1790442189547.044,Normal,0.9318
WIX,16808,20260926-185706_p4_c4_cuda_r3,6192,perf_20260926-185706_p4_c4_cuda_r3,0,1601,1790442190037,0,1790442190040.708,11.997,44.076,1790442190096.781,Normal,0.9641
WIX,16808,20260926-185706_p4_c4_cuda_r3,6197,perf_20260926-185706_p4_c4_cuda_r3,0,1602,1790442190304,0,1790442190306.831,12.518,45.974,1790442190366.322,Normal,0.9691
WIX,16808,20260926-185706_p4_c4_cuda_r3,6199,perf_20260926-185706_p4_c4_cuda_r3,0,1603,1790442190429,0,1790442190431.614,12.008,43.473,1790442190488.093,Normal,0.4532
WIX,16808,20260926-185706_p4_c4_cuda_r3,6205,perf_20260926-185706_p4_c4_cuda_r3,0,1604,1790442190756,0,1790442190758.175,12.999,48.427,1790442190820.598,Normal,0.9646
WIX,16808,20260926-185706_p4_c4_cuda_r3,6208,perf_20260926-185706_p4_c4_cuda_r3,0,1605,1790442190927,0,1790442190930.608,13.001,47.407,1790442190991.816,Normal,0.4885
WIX,16808,20260926-185706_p4_c4_cuda_r3,6211,perf_20260926-185706_p4_c4_cuda_r3,0,1606,1790442191084,0,1790442191087.083,13.968,47.878,1790442191149.558,Normal,0.8177
WIX,16808,20260926-185706_p4_c4_cuda_r3,6219,perf_20260926-185706_p4_c4_cuda_r3,0,1607,1790442191536,0,1790442191538.351,16.634,44.361,1790442191599.346,Normal,0.9567
WIX,16808,20260926-185706_p4_c4_cuda_r3,6222,perf_20260926-185706_p4_c4_cuda_r3,0,1608,1790442191692,0,1790442191694.982,13.99,48.174,1790442191757.146,Normal,0.9501
WIX,16808,20260926-185706_p4_c4_cuda_r3,6226,perf_20260926-185706_p4_c4_cuda_r3,0,1609,1790442191927,0,1790442191930.206,10.997,45.667,1790442191987.87,Normal,0.9468
WIX,16808,20260926-185706_p4_c4_cuda_r3,6228,perf_20260926-185706_p4_c4_cuda_r3,0,1610,1790442192038,0,1790442192040.997,14.006,44.48,1790442192100.484,Normal,0.9065
WIX,16808,20260926-185706_p4_c4_cuda_r3,6232,perf_20260926-185706_p4_c4_cuda_r3,0,1611,1790442192258,0,1790442192261.917,22.01,47.863,1790442192332.17,Normal,0.9454
WIX,16808,20260926-185706_p4_c4_cuda_r3,6238,perf_20260926-185706_p4_c4_cuda_r3,0,1612,1790442192590,0,1790442192592.357,23.001,43.796,1790442192660.159,Normal,0.9765
WIX,16808,20260926-185706_p4_c4_cuda_r3,6239,perf_20260926-185706_p4_c4_cuda_r3,0,1613,1790442192637,0,1790442192663.698,23.007,52.347,1790442192739.497,Normal,0.9709
WIX,16808,20260926-185706_p4_c4_cuda_r3,6240,perf_20260926-185706_p4_c4_cuda_r3,0,1614,1790442192700,0,1790442192741.531,23.492,48.142,1790442192813.166,Normal,0.9627
WIX,16808,20260926-185706_p4_c4_cuda_r3,6242,perf_20260926-185706_p4_c4_cuda_r3,0,1615,1790442192810,0,1790442192815.165,23.112,47.574,1790442192885.851,Normal,0.9627
WIX,16808,20260926-185706_p4_c4_cuda_r3,6250,perf_20260926-185706_p4_c4_cuda_r3,0,1616,1790442193250,0,1790442193254.16,20.518,45.976,1790442193320.654,Normal,0.9468
WIX,16808,20260926-185706_p4_c4_cuda_r3,6252,perf_20260926-185706_p4_c4_cuda_r3,0,1617,1790442193360,0,1790442193363.86,21.512,45.357,1790442193430.729,Normal,0.9539
WIX,16808,20260926-185706_p4_c4_cuda_r3,6253,perf_20260926-185706_p4_c4_cuda_r3,0,1618,1790442193424,0,1790442193433.735,26.995,42.959,1790442193504.691,Normal,0.9735
WIX,16808,20260926-185706_p4_c4_cuda_r3,6261,perf_20260926-185706_p4_c4_cuda_r3,0,1619,1790442193860,0,1790442193861.749,30.167,45.013,1790442193936.929,Normal,0.7533
WIX,16808,20260926-185706_p4_c4_cuda_r3,6269,perf_20260926-185706_p4_c4_cuda_r3,0,1620,1790442194312,0,1790442194314.535,22.136,41.965,1790442194379.265,Normal,0.9678
WIX,16808,20260926-185706_p4_c4_cuda_r3,6272,perf_20260926-185706_p4_c4_cuda_r3,0,1621,1790442194484,0,1790442194487.333,19.999,50.451,1790442194557.782,Normal,0.9528
WIX,16808,20260926-185706_p4_c4_cuda_r3,6273,perf_20260926-185706_p4_c4_cuda_r3,0,1622,1790442194531,0,1790442194559.785,26.637,48.049,1790442194635.815,Normal,0.9736
WIX,16808,20260926-185706_p4_c4_cuda_r3,6276,perf_20260926-185706_p4_c4_cuda_r3,0,1623,1790442194702,0,1790442194705.503,29.193,47.364,1790442194782.907,Normal,0.8222
WIX,16808,20260926-185706_p4_c4_cuda_r3,6280,perf_20260926-185706_p4_c4_cuda_r3,0,1624,1790442194921,0,1790442194924.398,28.011,45.581,1790442194997.99,Normal,0.4386
WIX,16808,20260926-185706_p4_c4_cuda_r3,6289,perf_20260926-185706_p4_c4_cuda_r3,0,1625,1790442195423,0,1790442195425.583,24.174,44.096,1790442195494.869,Normal,0.9627
WIX,16808,20260926-185706_p4_c4_cuda_r3,6292,perf_20260926-185706_p4_c4_cuda_r3,0,1626,1790442195595,0,1790442195598.528,22.094,47.241,1790442195668.861,Normal,0.9008
WIX,16808,20260926-185706_p4_c4_cuda_r3,6293,perf_20260926-185706_p4_c4_cuda_r3,0,1627,1790442195643,0,1790442195671.873,29.27,47.872,1790442195749.955,Normal,0.5315
WIX,16808,20260926-185706_p4_c4_cuda_r3,6295,perf_20260926-185706_p4_c4_cuda_r3,0,1628,1790442195753,0,1790442195755.955,27.541,44.113,1790442195827.609,OFFENSIVE,0.5901
WIX,16808,20260926-185706_p4_c4_cuda_r3,6297,perf_20260926-185706_p4_c4_cuda_r3,0,1629,1790442195862,0,1790442195864.611,21.502,47.28,1790442195934.399,Normal,0.8651
WIX,16808,20260926-185706_p4_c4_cuda_r3,6298,perf_20260926-185706_p4_c4_cuda_r3,0,1630,1790442195924,0,1790442195936.401,11.785,44.596,1790442195993.346,Normal,0.7941
WIX,16808,20260926-185706_p4_c4_cuda_r3,6303,perf_20260926-185706_p4_c4_cuda_r3,0,1631,1790442196204,0,1790442196207.947,12.139,46.552,1790442196267.608,Normal,0.9517
WIX,16808,20260926-185706_p4_c4_cuda_r3,6307,perf_20260926-185706_p4_c4_cuda_r3,0,1632,1790442196421,0,1790442196423.391,15.579,49.086,1790442196488.056,Normal,0.9733
WIX,16808,20260926-185706_p4_c4_cuda_r3,6312,perf_20260926-185706_p4_c4_cuda_r3,0,1633,1790442196700,0,1790442196703.671,12.16,44.888,1790442196761.324,Normal,0.9361
WIX,16808,20260926-185706_p4_c4_cuda_r3,6313,perf_20260926-185706_p4_c4_cuda_r3,0,1634,1790442196762,0,1790442196764.328,11.544,46.944,1790442196824.322,Normal,0.9497
WIX,16808,20260926-185706_p4_c4_cuda_r3,6316,perf_20260926-185706_p4_c4_cuda_r3,0,1635,1790442196917,0,1790442196919.189,11.549,44.58,1790442196975.318,Normal,0.9547
WIX,16808,20260926-185706_p4_c4_cuda_r3,6317,perf_20260926-185706_p4_c4_cuda_r3,0,1636,1790442196980,0,1790442196982.386,11.524,45.3,1790442197039.21,Normal,0.9053
WIX,16808,20260926-185706_p4_c4_cuda_r3,6318,perf_20260926-185706_p4_c4_cuda_r3,0,1637,1790442197027,0,1790442197041.208,11.088,45.352,1790442197098.644,Normal,0.8217
WIX,16808,20260926-185706_p4_c4_cuda_r3,6321,perf_20260926-185706_p4_c4_cuda_r3,0,1638,1790442197197,0,1790442197199.426,11.549,48.436,1790442197259.969,Normal,0.8659
WIX,16808,20260926-185706_p4_c4_cuda_r3,6325,perf_20260926-185706_p4_c4_cuda_r3,0,1639,1790442197415,0,1790442197417.266,12.008,45.982,1790442197476.253,Normal,0.9122
WIX,16808,20260926-185706_p4_c4_cuda_r3,6326,perf_20260926-185706_p4_c4_cuda_r3,0,1640,1790442197477,0,1790442197478.764,12.953,51.321,1790442197543.037,Normal,0.9536
WIX,16808,20260926-185706_p4_c4_cuda_r3,6327,perf_20260926-185706_p4_c4_cuda_r3,0,1641,1790442197539,0,1790442197546.075,10.959,49.248,1790442197607.285,Normal,0.9252
WIX,16808,20260926-185706_p4_c4_cuda_r3,6330,perf_20260926-185706_p4_c4_cuda_r3,0,1642,1790442197696,0,1790442197698.263,12.998,48.212,1790442197759.473,Normal,0.9483
WIX,16808,20260926-185706_p4_c4_cuda_r3,6337,perf_20260926-185706_p4_c4_cuda_r3,0,1643,1790442198089,0,1790442198091.156,20.041,45.477,1790442198157.627,Normal,0.8719
WIX,16808,20260926-185706_p4_c4_cuda_r3,6344,perf_20260926-185706_p4_c4_cuda_r3,0,1644,1790442198480,0,1790442198483.441,20.481,44.291,1790442198548.734,OFFENSIVE,0.5247
WIX,16808,20260926-185706_p4_c4_cuda_r3,6349,perf_20260926-185706_p4_c4_cuda_r3,0,1645,1790442198761,0,1790442198764.355,20.219,44.168,1790442198829.698,Normal,0.868
WIX,16808,20260926-185706_p4_c4_cuda_r3,6351,perf_20260926-185706_p4_c4_cuda_r3,0,1646,1790442198870,0,1790442198872.761,27.56,50.985,1790442198952.254,Normal,0.9669
WIX,16808,20260926-185706_p4_c4_cuda_r3,6357,perf_20260926-185706_p4_c4_cuda_r3,0,1647,1790442199200,0,1790442199203.131,20.998,43.564,1790442199268.771,Normal,0.9679
WIX,16808,20260926-185706_p4_c4_cuda_r3,6362,perf_20260926-185706_p4_c4_cuda_r3,0,1648,1790442199483,0,1790442199486.891,270.581,45.459,1790442199804.022,Normal,0.9665
WIX,16808,20260926-185706_p4_c4_cuda_r3,6364,perf_20260926-185706_p4_c4_cuda_r3,0,1649,1790442199590,0,1790442199806.02,9.785,45.957,1790442199862.762,Normal,0.9728
WIX,16808,20260926-185706_p4_c4_cuda_r3,6365,perf_20260926-185706_p4_c4_cuda_r3,0,1650,1790442199637,0,1790442199862.762,8.998,48.407,1790442199920.167,Normal,0.4408
WIX,16808,20260926-185706_p4_c4_cuda_r3,6367,perf_20260926-185706_p4_c4_cuda_r3,0,1651,1790442199763,0,1790442199921.163,16.01,47.133,1790442199984.306,Normal,0.9482
WIX,16808,20260926-185706_p4_c4_cuda_r3,6374,perf_20260926-185706_p4_c4_cuda_r3,0,1652,1790442200140,0,1790442200142.914,7.005,48.486,1790442200199.405,Normal,0.5748
WIX,16808,20260926-185706_p4_c4_cuda_r3,6378,perf_20260926-185706_p4_c4_cuda_r3,0,1653,1790442200359,0,1790442200361.877,8.004,49.014,1790442200419.892,Normal,0.8954
WIX,16808,20260926-185706_p4_c4_cuda_r3,6386,perf_20260926-185706_p4_c4_cuda_r3,0,1654,1790442200814,0,1790442200817.157,10.003,43.78,1790442200872.073,Normal,0.65
WIX,16808,20260926-185706_p4_c4_cuda_r3,6390,perf_20260926-185706_p4_c4_cuda_r3,0,1655,1790442201033,0,1790442201036.158,12.598,44.307,1790442201093.66,Normal,0.9435
WIX,16808,20260926-185706_p4_c4_cuda_r3,6392,perf_20260926-185706_p4_c4_cuda_r3,0,1656,1790442201142,0,1790442201145.295,9.003,55.526,1790442201209.824,Normal,0.9572
WIX,16808,20260926-185706_p4_c4_cuda_r3,6399,perf_20260926-185706_p4_c4_cuda_r3,0,1657,1790442201533,0,1790442201535.684,10.51,48.135,1790442201595.329,Normal,0.9671
WIX,16808,20260926-185706_p4_c4_cuda_r3,6410,perf_20260926-185706_p4_c4_cuda_r3,0,1658,1790442202143,0,1790442202146.01,13.552,44.477,1790442202204.04,Normal,0.947
WIX,16808,20260926-185706_p4_c4_cuda_r3,6418,perf_20260926-185706_p4_c4_cuda_r3,0,1659,1790442202581,0,1790442202583.868,25.42,45.203,1790442202655.494,Normal,0.9399
WIX,16808,20260926-185706_p4_c4_cuda_r3,6422,perf_20260926-185706_p4_c4_cuda_r3,0,1660,1790442202817,0,1790442202820.206,25.539,49.445,1790442202895.19,Normal,0.9702
WIX,16808,20260926-185706_p4_c4_cuda_r3,6423,perf_20260926-185706_p4_c4_cuda_r3,0,1661,1790442202862,0,1790442202898.228,23.513,51.28,1790442202973.553,Normal,0.9554
WIX,16808,20260926-185706_p4_c4_cuda_r3,6441,perf_20260926-185706_p4_c4_cuda_r3,0,1662,1790442203868,0,1790442203871.129,8.974,44.126,1790442203925.012,Normal,0.9558
WIX,16808,20260926-185706_p4_c4_cuda_r3,6457,perf_20260926-185706_p4_c4_cuda_r3,0,1663,1790442204752,0,1790442204755.098,8.002,46.665,1790442204810.761,Normal,0.9171
WIX,16808,20260926-185706_p4_c4_cuda_r3,6458,perf_20260926-185706_p4_c4_cuda_r3,0,1664,1790442204815,0,1790442204817.935,7.998,43.562,1790442204870.75,OFFENSIVE,0.782
WIX,16808,20260926-185706_p4_c4_cuda_r3,6462,perf_20260926-185706_p4_c4_cuda_r3,0,1665,1790442205034,0,1790442205038.5,8.001,44.297,1790442205091.8,Normal,0.9568
WIX,16808,20260926-185706_p4_c4_cuda_r3,6472,perf_20260926-185706_p4_c4_cuda_r3,0,1666,1790442205586,0,1790442205589.666,14.97,47.033,1790442205651.669,Normal,0.9508
WIX,16808,20260926-185706_p4_c4_cuda_r3,6477,perf_20260926-185706_p4_c4_cuda_r3,0,1667,1790442205870,0,1790442205873.698,12.004,49.199,1790442205934.902,Normal,0.9672
WIX,16808,20260926-185706_p4_c4_cuda_r3,6478,perf_20260926-185706_p4_c4_cuda_r3,0,1668,1790442205917,0,1790442205936.856,10.994,46.733,1790442205995.589,Normal,0.9548
WIX,16808,20260926-185706_p4_c4_cuda_r3,6479,perf_20260926-185706_p4_c4_cuda_r3,0,1669,1790442205979,0,1790442205997.591,11.004,47.804,1790442206057.4,Normal,0.9314
WIX,16808,20260926-185706_p4_c4_cuda_r3,6481,perf_20260926-185706_p4_c4_cuda_r3,0,1670,1790442206088,0,1790442206091.553,14.089,48.747,1790442206155.372,Normal,0.9539
WIX,16808,20260926-185706_p4_c4_cuda_r3,6483,perf_20260926-185706_p4_c4_cuda_r3,0,1671,1790442206197,0,1790442206200.837,11.987,50.23,1790442206263.054,Normal,0.9187
WIX,16808,20260926-185706_p4_c4_cuda_r3,6484,perf_20260926-185706_p4_c4_cuda_r3,0,1672,1790442206262,0,1790442206266.1,15.979,48.015,1790442206330.094,Normal,0.9701
WIX,16808,20260926-185706_p4_c4_cuda_r3,6486,perf_20260926-185706_p4_c4_cuda_r3,0,1673,1790442206359,0,1790442206361.462,13.004,48.079,1790442206422.545,Normal,0.9692
WIX,16808,20260926-185706_p4_c4_cuda_r3,6491,perf_20260926-185706_p4_c4_cuda_r3,0,1674,1790442206637,0,1790442206639.561,23.78,47.241,1790442206710.581,Normal,0.9692
WIX,16808,20260926-185706_p4_c4_cuda_r3,6494,perf_20260926-185706_p4_c4_cuda_r3,0,1675,1790442206808,0,1790442206810.23,29.538,45.198,1790442206884.966,Normal,0.963
WIX,16808,20260926-185706_p4_c4_cuda_r3,6498,perf_20260926-185706_p4_c4_cuda_r3,0,1676,1790442207027,0,1790442207029.539,23.6,52.604,1790442207105.743,Normal,0.9635
WIX,16808,20260926-185706_p4_c4_cuda_r3,6501,perf_20260926-185706_p4_c4_cuda_r3,0,1677,1790442207200,0,1790442207202.659,29.069,44.75,1790442207276.989,Normal,0.8912
WIX,16808,20260926-185706_p4_c4_cuda_r3,6502,perf_20260926-185706_p4_c4_cuda_r3,0,1678,1790442207247,0,1790442207280.218,21.81,45.861,1790442207347.888,Normal,0.9585
WIX,16808,20260926-185706_p4_c4_cuda_r3,6508,perf_20260926-185706_p4_c4_cuda_r3,0,1679,1790442207590,0,1790442207592.924,21.624,49.229,1790442207664.779,Normal,0.9657
WIX,16808,20260926-185706_p4_c4_cuda_r3,6512,perf_20260926-185706_p4_c4_cuda_r3,0,1680,1790442207808,0,1790442207810.737,22.035,46.421,1790442207880.199,Normal,0.9659
WIX,16808,20260926-185706_p4_c4_cuda_r3,6538,perf_20260926-185706_p4_c4_cuda_r3,0,1681,1790442209262,0,1790442209263.7,12.996,45.284,1790442209321.98,Normal,0.926
WIX,16808,20260926-185706_p4_c4_cuda_r3,6545,perf_20260926-185706_p4_c4_cuda_r3,0,1682,1790442209651,0,1790442209654.51,7.557,47.236,1790442209710.311,Normal,0.9375
WIX,16808,20260926-185706_p4_c4_cuda_r3,6548,perf_20260926-185706_p4_c4_cuda_r3,0,1683,1790442209808,0,1790442209810.538,9.007,49.564,1790442209869.109,Normal,0.9375
WIX,16808,20260926-185706_p4_c4_cuda_r3,6549,perf_20260926-185706_p4_c4_cuda_r3,0,1684,1790442209871,0,1790442209874.137,8.04,45.346,1790442209928.132,Normal,0.9632
WIX,16808,20260926-185706_p4_c4_cuda_r3,6557,perf_20260926-185706_p4_c4_cuda_r3,0,1685,1790442210312,0,1790442210315.27,7.981,48.743,1790442210371.994,Normal,0.9359
WIX,16808,20260926-185706_p4_c4_cuda_r3,6559,perf_20260926-185706_p4_c4_cuda_r3,0,1686,1790442210419,0,1790442210421.24,9.581,47.823,1790442210478.644,Normal,0.9481
WIX,16808,20260926-185706_p4_c4_cuda_r3,6562,perf_20260926-185706_p4_c4_cuda_r3,0,1687,1790442210592,0,1790442210595.186,10.992,49.582,1790442210655.76,Normal,0.949
WIX,16808,20260926-185706_p4_c4_cuda_r3,6565,perf_20260926-185706_p4_c4_cuda_r3,0,1688,1790442210748,0,1790442210751.744,7.999,49.037,1790442210808.779,Normal,0.7818
WIX,16808,20260926-185706_p4_c4_cuda_r3,6566,perf_20260926-185706_p4_c4_cuda_r3,0,1689,1790442210811,0,1790442210813.182,6.997,45.529,1790442210867.01,Normal,0.9151
WIX,16808,20260926-185706_p4_c4_cuda_r3,6568,perf_20260926-185706_p4_c4_cuda_r3,0,1690,1790442210923,0,1790442210926.132,8.008,43.391,1790442210977.99,Normal,0.9494
WIX,16808,20260926-185706_p4_c4_cuda_r3,6574,perf_20260926-185706_p4_c4_cuda_r3,0,1691,1790442211250,0,1790442211253.821,11.992,48.168,1790442211313.981,Normal,0.9342
WIX,16808,20260926-185706_p4_c4_cuda_r3,6578,perf_20260926-185706_p4_c4_cuda_r3,0,1692,1790442211484,0,1790442211487.104,13.972,48.862,1790442211550.192,Normal,0.9742
WIX,16808,20260926-185706_p4_c4_cuda_r3,6580,perf_20260926-185706_p4_c4_cuda_r3,0,1693,1790442211593,0,1790442211596.492,13.026,49.532,1790442211660.458,Normal,0.9747
WIX,16808,20260926-185706_p4_c4_cuda_r3,6582,perf_20260926-185706_p4_c4_cuda_r3,0,1694,1790442211701,0,1790442211704.528,13.002,50.521,1790442211768.051,Normal,0.715
WIX,16808,20260926-185706_p4_c4_cuda_r3,6588,perf_20260926-185706_p4_c4_cuda_r3,0,1695,1790442212030,0,1790442212032.974,13.008,47.514,1790442212093.496,Normal,0.9602
WIX,16808,20260926-185706_p4_c4_cuda_r3,6591,perf_20260926-185706_p4_c4_cuda_r3,0,1696,1790442212202,0,1790442212205.573,14.043,49.142,1790442212269.578,Normal,0.9813
WIX,16808,20260926-185706_p4_c4_cuda_r3,6597,perf_20260926-185706_p4_c4_cuda_r3,0,1697,1790442212533,0,1790442212536.261,13.088,51.287,1790442212600.637,OFFENSIVE,0.6652
WIX,16808,20260926-185706_p4_c4_cuda_r3,6602,perf_20260926-185706_p4_c4_cuda_r3,0,1698,1790442212816,0,1790442212819.533,10.863,43.47,1790442212874.865,Normal,0.9449
WIX,16808,20260926-185706_p4_c4_cuda_r3,6604,perf_20260926-185706_p4_c4_cuda_r3,0,1699,1790442212924,0,1790442212926.995,16.51,45.648,1790442212990.086,Normal,0.9436
WIX,16808,20260926-185706_p4_c4_cuda_r3,6608,perf_20260926-185706_p4_c4_cuda_r3,0,1700,1790442213145,0,1790442213148.585,16.977,46.747,1790442213212.309,Normal,0.9446
WIX,16808,20260926-185706_p4_c4_cuda_r3,6613,perf_20260926-185706_p4_c4_cuda_r3,0,1701,1790442213428,0,1790442213431.333,22.51,46.227,1790442213501.341,Normal,0.9652
WIX,16808,20260926-185706_p4_c4_cuda_r3,6620,perf_20260926-185706_p4_c4_cuda_r3,0,1702,1790442213818,0,1790442213820.846,20.024,44.647,1790442213886.523,Normal,0.9375
WIX,16808,20260926-185706_p4_c4_cuda_r3,6622,perf_20260926-185706_p4_c4_cuda_r3,0,1703,1790442213928,0,1790442213931.777,22.158,46.845,1790442214001.779,Normal,0.9651
WIX,16808,20260926-185706_p4_c4_cuda_r3,6623,perf_20260926-185706_p4_c4_cuda_r3,0,1704,1790442213975,0,1790442214003.777,23.024,47.933,1790442214074.734,Normal,0.9285
WIX,16808,20260926-185706_p4_c4_cuda_r3,6627,perf_20260926-185706_p4_c4_cuda_r3,0,1705,1790442214195,0,1790442214197.644,19.975,44.718,1790442214264.342,Normal,0.9238
WIX,16808,20260926-185706_p4_c4_cuda_r3,6635,perf_20260926-185706_p4_c4_cuda_r3,0,1706,1790442214638,0,1790442214640.459,20.001,49.809,1790442214710.269,Normal,0.9127
WIX,16808,20260926-185706_p4_c4_cuda_r3,6636,perf_20260926-185706_p4_c4_cuda_r3,0,1707,1790442214701,0,1790442214712.27,22.001,48.21,1790442214783.484,Normal,0.8954
WIX,16808,20260926-185706_p4_c4_cuda_r3,6637,perf_20260926-185706_p4_c4_cuda_r3,0,1708,1790442214748,0,1790442214786.477,28.997,47.462,1790442214862.936,Normal,0.927
WIX,16808,20260926-185706_p4_c4_cuda_r3,6641,perf_20260926-185706_p4_c4_cuda_r3,0,1709,1790442214983,0,1790442214985.276,20.692,49.014,1790442215056.495,Normal,0.9264
WIX,16808,20260926-185706_p4_c4_cuda_r3,6642,perf_20260926-185706_p4_c4_cuda_r3,0,1710,1790442215031,0,1790442215059.495,20.066,47.745,1790442215129.263,Normal,0.9521
WIX,16808,20260926-185706_p4_c4_cuda_r3,6645,perf_20260926-185706_p4_c4_cuda_r3,0,1711,1790442215204,0,1790442215207.185,21.051,45.996,1790442215275.136,Normal,0.9648
WIX,16808,20260926-185706_p4_c4_cuda_r3,6647,perf_20260926-185706_p4_c4_cuda_r3,0,1712,1790442215314,0,1790442215317.373,22.004,48.817,1790442215388.876,Normal,0.9566
WIX,16808,20260926-185706_p4_c4_cuda_r3,6648,perf_20260926-185706_p4_c4_cuda_r3,0,1713,1790442215361,0,1790442215391.891,21.981,45.941,1790442215460.811,Normal,0.9711
WIX,16808,20260926-185706_p4_c4_cuda_r3,6651,perf_20260926-185706_p4_c4_cuda_r3,0,1714,1790442215534,0,1790442215537.379,21.55,46.757,1790442215606.197,Normal,0.9594
WIX,16808,20260926-185706_p4_c4_cuda_r3,6652,perf_20260926-185706_p4_c4_cuda_r3,0,1715,1790442215582,0,1790442215608.206,20.635,46.005,1790442215674.845,Normal,0.8957
WIX,16808,20260926-185706_p4_c4_cuda_r3,6659,perf_20260926-185706_p4_c4_cuda_r3,0,1716,1790442215973,0,1790442215976.242,19.628,48.21,1790442216044.08,Normal,0.9423
WIX,16808,20260926-185706_p4_c4_cuda_r3,6660,perf_20260926-185706_p4_c4_cuda_r3,0,1717,1790442216036,0,1790442216046.34,22.013,45.197,1790442216114.536,Normal,0.8876
WIX,16808,20260926-185706_p4_c4_cuda_r3,6664,perf_20260926-185706_p4_c4_cuda_r3,0,1718,1790442216254,0,1790442216257.411,20.052,49.185,1790442216327.69,Normal,0.9373
WIX,16808,20260926-185706_p4_c4_cuda_r3,6665,perf_20260926-185706_p4_c4_cuda_r3,0,1719,1790442216318,0,1790442216330.724,18.789,43.888,1790442216394.646,Normal,0.9423
WIX,16808,20260926-185706_p4_c4_cuda_r3,6668,perf_20260926-185706_p4_c4_cuda_r3,0,1720,1790442216475,0,1790442216478.439,20.238,48.566,1790442216548.755,Normal,0.86
WIX,16808,20260926-185706_p4_c4_cuda_r3,6669,perf_20260926-185706_p4_c4_cuda_r3,0,1721,1790442216537,0,1790442216551.759,21.635,43.166,1790442216617.655,Normal,0.8875
WIX,16808,20260926-185706_p4_c4_cuda_r3,6670,perf_20260926-185706_p4_c4_cuda_r3,0,1722,1790442216583,0,1790442216619.885,19.104,48.086,1790442216688.075,Normal,0.9075
WIX,16808,20260926-185706_p4_c4_cuda_r3,6674,perf_20260926-185706_p4_c4_cuda_r3,0,1723,1790442216802,0,1790442216805.022,19.669,45.852,1790442216871.082,Normal,0.8661
WIX,16808,20260926-185706_p4_c4_cuda_r3,6677,perf_20260926-185706_p4_c4_cuda_r3,0,1724,1790442216975,0,1790442216978.258,19.585,46.731,1790442217044.573,Normal,0.8961
WIX,16808,20260926-185706_p4_c4_cuda_r3,6684,perf_20260926-185706_p4_c4_cuda_r3,0,1725,1790442217366,0,1790442217368.765,104.652,46.926,1790442217521.344,Normal,0.8663
WIX,16808,20260926-185706_p4_c4_cuda_r3,6685,perf_20260926-185706_p4_c4_cuda_r3,0,1726,1790442217413,0,1790442217524.342,7.508,45.983,1790442217578.841,Normal,0.9728
WIX,16808,20260926-185706_p4_c4_cuda_r3,6690,perf_20260926-185706_p4_c4_cuda_r3,0,1727,1790442217695,0,1790442217697.677,8.708,49.235,1790442217756.631,Normal,0.9668
WIX,16808,20260926-185706_p4_c4_cuda_r3,6696,perf_20260926-185706_p4_c4_cuda_r3,0,1728,1790442218039,0,1790442218041.101,9.26,45.096,1790442218096.958,Normal,0.958
WIX,16808,20260926-185706_p4_c4_cuda_r3,6699,perf_20260926-185706_p4_c4_cuda_r3,0,1729,1790442218196,0,1790442218198.513,12.003,44.301,1790442218254.817,Normal,0.9338
WIX,16808,20260926-185706_p4_c4_cuda_r3,6702,perf_20260926-185706_p4_c4_cuda_r3,0,1730,1790442218368,0,1790442218371.862,9.489,43.716,1790442218425.068,Normal,0.8835
WIX,16808,20260926-185706_p4_c4_cuda_r3,6707,perf_20260926-185706_p4_c4_cuda_r3,0,1731,1790442218650,0,1790442218652.687,8.523,44.887,1790442218707.096,Normal,0.9677
WIX,16808,20260926-185706_p4_c4_cuda_r3,6715,perf_20260926-185706_p4_c4_cuda_r3,0,1732,1790442219088,0,1790442219090.115,9.068,46.469,1790442219146.652,Normal,0.9375
WIX,16808,20260926-185706_p4_c4_cuda_r3,6718,perf_20260926-185706_p4_c4_cuda_r3,0,1733,1790442219259,0,1790442219262.348,13.976,45.23,1790442219322.453,Normal,0.9174
WIX,16808,20260926-185706_p4_c4_cuda_r3,6721,perf_20260926-185706_p4_c4_cuda_r3,0,1734,1790442219415,0,1790442219418.097,13.143,45.977,1790442219477.758,Normal,0.9746
WIX,16808,20260926-185706_p4_c4_cuda_r3,6730,perf_20260926-185706_p4_c4_cuda_r3,0,1735,1790442219929,0,1790442219931.97,12.017,48.85,1790442219992.837,Normal,0.9465
WIX,16808,20260926-185706_p4_c4_cuda_r3,6731,perf_20260926-185706_p4_c4_cuda_r3,0,1736,1790442219977,0,1790442219995.874,11.008,45.477,1790442220053.32,Normal,0.9302
WIX,16808,20260926-185706_p4_c4_cuda_r3,6735,perf_20260926-185706_p4_c4_cuda_r3,0,1737,1790442220195,0,1790442220198.085,13.966,48.645,1790442220261.698,OFFENSIVE,0.4985
WIX,16808,20260926-185706_p4_c4_cuda_r3,6742,perf_20260926-185706_p4_c4_cuda_r3,0,1738,1790442220585,0,1790442220587.842,20.0,47.515,1790442220655.356,Normal,0.9588
WIX,16808,20260926-185706_p4_c4_cuda_r3,6760,perf_20260926-185706_p4_c4_cuda_r3,0,1739,1790442221592,0,1790442221595.124,107.612,50.406,1790442221754.151,Normal,0.9741
WIX,16808,20260926-185706_p4_c4_cuda_r3,6762,perf_20260926-185706_p4_c4_cuda_r3,0,1740,1790442221702,0,1790442221757.15,29.45,49.982,1790442221836.583,Normal,0.9552
WIX,16808,20260926-185706_p4_c4_cuda_r3,6764,perf_20260926-185706_p4_c4_cuda_r3,0,1741,1790442221811,0,1790442221839.877,10.071,46.503,1790442221896.45,Normal,0.9478
WIX,16808,20260926-185706_p4_c4_cuda_r3,6766,perf_20260926-185706_p4_c4_cuda_r3,0,1742,1790442221921,0,1790442221924.064,9.998,46.191,1790442221980.254,Normal,0.9745
WIX,16808,20260926-185706_p4_c4_cuda_r3,6768,perf_20260926-185706_p4_c4_cuda_r3,0,1743,1790442222031,0,1790442222033.233,14.887,48.205,1790442222097.594,Normal,0.9384
WIX,16808,20260926-185706_p4_c4_cuda_r3,6773,perf_20260926-185706_p4_c4_cuda_r3,0,1744,1790442222313,0,1790442222315.901,7.997,42.484,1790442222367.382,Normal,0.976
WIX,16808,20260926-185706_p4_c4_cuda_r3,6784,perf_20260926-185706_p4_c4_cuda_r3,0,1745,1790442222924,0,1790442222926.612,8.0,44.775,1790442222980.394,Normal,0.9593
WIX,16808,20260926-185706_p4_c4_cuda_r3,6790,perf_20260926-185706_p4_c4_cuda_r3,0,1746,1790442223253,0,1790442223256.408,7.997,45.699,1790442223310.104,Normal,0.9468
WIX,16808,20260926-185706_p4_c4_cuda_r3,6792,perf_20260926-185706_p4_c4_cuda_r3,0,1747,1790442223365,0,1790442223367.972,11.585,44.736,1790442223424.292,Normal,0.9633
WIX,16808,20260926-185706_p4_c4_cuda_r3,6794,perf_20260926-185706_p4_c4_cuda_r3,0,1748,1790442223475,0,1790442223478.331,12.054,45.548,1790442223536.896,Normal,0.9729
WIX,16808,20260926-185706_p4_c4_cuda_r3,6795,perf_20260926-185706_p4_c4_cuda_r3,0,1749,1790442223538,0,1790442223540.893,15.998,43.183,1790442223601.043,Normal,0.9654
WIX,16808,20260926-185706_p4_c4_cuda_r3,6799,perf_20260926-185706_p4_c4_cuda_r3,0,1750,1790442223758,0,1790442223760.493,13.5,44.383,1790442223819.382,Normal,0.9473
WIX,16808,20260926-185706_p4_c4_cuda_r3,6802,perf_20260926-185706_p4_c4_cuda_r3,0,1751,1790442223915,0,1790442223918.081,13.451,45.323,1790442223977.393,Normal,0.9739
WIX,16808,20260926-185706_p4_c4_cuda_r3,6804,perf_20260926-185706_p4_c4_cuda_r3,0,1752,1790442224039,0,1790442224041.266,13.999,44.598,1790442224099.864,Normal,0.9696
WIX,16808,20260926-185706_p4_c4_cuda_r3,6806,perf_20260926-185706_p4_c4_cuda_r3,0,1753,1790442224149,0,1790442224152.602,14.591,45.671,1790442224213.865,Normal,0.9542
WIX,16808,20260926-185706_p4_c4_cuda_r3,6813,perf_20260926-185706_p4_c4_cuda_r3,0,1754,1790442224526,0,1790442224528.785,29.0,47.21,1790442224606.073,Normal,0.9595
WIX,16808,20260926-185706_p4_c4_cuda_r3,6815,perf_20260926-185706_p4_c4_cuda_r3,0,1755,1790442224651,0,1790442224653.957,13.999,44.685,1790442224713.314,Normal,0.9623
WIX,16808,20260926-185706_p4_c4_cuda_r3,6827,perf_20260926-185706_p4_c4_cuda_r3,0,1756,1790442225312,0,1790442225314.677,9.996,44.223,1790442225370.235,Normal,0.9271
WIX,16808,20260926-185706_p4_c4_cuda_r3,6840,perf_20260926-185706_p4_c4_cuda_r3,0,1757,1790442226032,0,1790442226035.397,7.998,50.298,1790442226094.692,Normal,0.9608
WIX,16808,20260926-185706_p4_c4_cuda_r3,6847,perf_20260926-185706_p4_c4_cuda_r3,0,1758,1790442226424,0,1790442226427.075,8.97,45.062,1790442226481.107,Normal,0.9583
WIX,16808,20260926-185706_p4_c4_cuda_r3,6855,perf_20260926-185706_p4_c4_cuda_r3,0,1759,1790442226862,0,1790442226865.338,10.097,47.732,1790442226923.167,Normal,0.7151
WIX,16808,20260926-185706_p4_c4_cuda_r3,6857,perf_20260926-185706_p4_c4_cuda_r3,0,1760,1790442226972,0,1790442226975.46,8.527,46.601,1790442227030.587,Normal,0.8307
WIX,16808,20260926-185706_p4_c4_cuda_r3,6861,perf_20260926-185706_p4_c4_cuda_r3,0,1761,1790442227206,0,1790442227208.648,15.999,50.257,1790442227275.903,Normal,0.9715
WIX,16808,20260926-185706_p4_c4_cuda_r3,6868,perf_20260926-185706_p4_c4_cuda_r3,0,1762,1790442227583,0,1790442227585.836,18.166,44.541,1790442227648.543,Normal,0.961
WIX,16808,20260926-185706_p4_c4_cuda_r3,6875,perf_20260926-185706_p4_c4_cuda_r3,0,1763,1790442227975,0,1790442227977.346,16.471,47.899,1790442228041.716,Normal,0.9726
WIX,16808,20260926-185706_p4_c4_cuda_r3,6877,perf_20260926-185706_p4_c4_cuda_r3,0,1764,1790442228084,0,1790442228086.784,12.132,47.091,1790442228146.007,Normal,0.9634
WIX,16808,20260926-185706_p4_c4_cuda_r3,6881,perf_20260926-185706_p4_c4_cuda_r3,0,1765,1790442228304,0,1790442228306.837,11.517,45.131,1790442228363.485,Normal,0.9439
WIX,16808,20260926-185706_p4_c4_cuda_r3,6882,perf_20260926-185706_p4_c4_cuda_r3,0,1766,1790442228367,0,1790442228369.484,29.676,54.366,1790442228454.093,Normal,0.9117
WIX,16808,20260926-185706_p4_c4_cuda_r3,6887,perf_20260926-185706_p4_c4_cuda_r3,0,1767,1790442228648,0,1790442228653.674,21.297,45.682,1790442228721.655,Normal,0.9375
WIX,16808,20260926-185706_p4_c4_cuda_r3,6888,perf_20260926-185706_p4_c4_cuda_r3,0,1768,1790442228695,0,1790442228724.623,19.607,46.544,1790442228791.776,Normal,0.9375
WIX,16808,20260926-185706_p4_c4_cuda_r3,6894,perf_20260926-185706_p4_c4_cuda_r3,0,1769,1790442229027,0,1790442229030.025,21.58,50.234,1790442229102.834,Normal,0.906
WIX,16808,20260926-185706_p4_c4_cuda_r3,6897,perf_20260926-185706_p4_c4_cuda_r3,0,1770,1790442229200,0,1790442229202.662,23.058,49.29,1790442229276.02,Normal,0.9707
WIX,16808,20260926-185706_p4_c4_cuda_r3,6899,perf_20260926-185706_p4_c4_cuda_r3,0,1771,1790442229310,0,1790442229312.793,22.084,47.086,1790442229381.962,Normal,0.9708
WIX,16808,20260926-185706_p4_c4_cuda_r3,6900,perf_20260926-185706_p4_c4_cuda_r3,0,1772,1790442229372,0,1790442229384.967,23.1,45.379,1790442229453.446,Normal,0.9667
WIX,16808,20260926-185706_p4_c4_cuda_r3,6912,perf_20260926-185706_p4_c4_cuda_r3,0,1773,1790442230025,0,1790442230028.671,6.992,43.964,1790442230080.632,Normal,0.9187
WIX,16808,20260926-185706_p4_c4_cuda_r3,6913,perf_20260926-185706_p4_c4_cuda_r3,0,1774,1790442230087,0,1790442230089.856,8.003,50.501,1790442230149.378,Normal,0.9763
WIX,16808,20260926-185706_p4_c4_cuda_r3,6916,perf_20260926-185706_p4_c4_cuda_r3,0,1775,1790442230261,0,1790442230264.717,9.016,45.784,1790442230319.708,Normal,0.9436
WIX,16808,20260926-185706_p4_c4_cuda_r3,6917,perf_20260926-185706_p4_c4_cuda_r3,0,1776,1790442230308,0,1790442230321.767,10.544,47.594,1790442230380.539,Normal,0.9403
WIX,16808,20260926-185706_p4_c4_cuda_r3,6922,perf_20260926-185706_p4_c4_cuda_r3,0,1777,1790442230590,0,1790442230592.539,8.023,47.585,1790442230649.291,Normal,0.7835
WIX,16808,20260926-185706_p4_c4_cuda_r3,6923,perf_20260926-185706_p4_c4_cuda_r3,0,1778,1790442230636,0,1790442230652.295,9.995,48.176,1790442230711.711,Normal,0.9561
WIX,16808,20260926-185706_p4_c4_cuda_r3,6926,perf_20260926-185706_p4_c4_cuda_r3,0,1779,1790442230808,0,1790442230810.568,12.0,48.3,1790442230870.867,Normal,0.9375
WIX,16808,20260926-185706_p4_c4_cuda_r3,6927,perf_20260926-185706_p4_c4_cuda_r3,0,1780,1790442230869,0,1790442230872.861,7.983,45.293,1790442230927.136,Normal,0.5574
WIX,16808,20260926-185706_p4_c4_cuda_r3,6936,perf_20260926-185706_p4_c4_cuda_r3,0,1781,1790442231365,0,1790442231367.806,7.999,47.742,1790442231424.552,Normal,0.8412
WIX,16808,20260926-185706_p4_c4_cuda_r3,6938,perf_20260926-185706_p4_c4_cuda_r3,0,1782,1790442231473,0,1790442231476.221,8.005,47.143,1790442231531.369,Normal,0.9368
WIX,16808,20260926-185706_p4_c4_cuda_r3,6949,perf_20260926-185706_p4_c4_cuda_r3,0,1783,1790442232083,0,1790442232086.926,13.12,44.812,1790442232144.858,Normal,0.6673
WIX,16808,20260926-185706_p4_c4_cuda_r3,6951,perf_20260926-185706_p4_c4_cuda_r3,0,1784,1790442232194,0,1790442232196.369,12.769,44.424,1790442232253.563,Normal,0.9587
WIX,16808,20260926-185706_p4_c4_cuda_r3,6952,perf_20260926-185706_p4_c4_cuda_r3,0,1785,1790442232255,0,1790442232258.6,10.961,48.124,1790442232318.683,Normal,0.8668
WIX,16808,20260926-185706_p4_c4_cuda_r3,6957,perf_20260926-185706_p4_c4_cuda_r3,0,1786,1790442232524,0,1790442232527.381,12.996,43.079,1790442232583.456,Normal,0.5899
WIX,16808,20260926-185706_p4_c4_cuda_r3,6962,perf_20260926-185706_p4_c4_cuda_r3,0,1787,1790442232806,0,1790442232808.641,22.157,45.083,1790442232876.838,Normal,0.7561
WIX,16808,20260926-185706_p4_c4_cuda_r3,6963,perf_20260926-185706_p4_c4_cuda_r3,0,1788,1790442232869,0,1790442232879.873,290.843,51.328,1790442233222.045,Normal,0.9727
WIX,16808,20260926-185706_p4_c4_cuda_r3,6966,perf_20260926-185706_p4_c4_cuda_r3,0,1789,1790442233026,0,1790442233226.046,10.001,46.037,1790442233283.163,Normal,0.9693
WIX,16808,20260926-185706_p4_c4_cuda_r3,6969,perf_20260926-185706_p4_c4_cuda_r3,0,1790,1790442233200,0,1790442233283.163,12.005,45.854,1790442233341.022,Normal,0.9734
WIX,16808,20260926-185706_p4_c4_cuda_r3,6972,perf_20260926-185706_p4_c4_cuda_r3,0,1791,1790442233373,0,1790442233376.3,8.04,46.14,1790442233430.481,Normal,0.9632
WIX,16808,20260926-185706_p4_c4_cuda_r3,6979,perf_20260926-185706_p4_c4_cuda_r3,0,1792,1790442233749,0,1790442233752.86,7.041,46.422,1790442233807.311,Normal,0.9172
WIX,16808,20260926-185706_p4_c4_cuda_r3,6981,perf_20260926-185706_p4_c4_cuda_r3,0,1793,1790442233858,0,1790442233861.456,8.008,44.741,1790442233914.204,Normal,0.9704
WIX,16808,20260926-185706_p4_c4_cuda_r3,6982,perf_20260926-185706_p4_c4_cuda_r3,0,1794,1790442233921,0,1790442233923.971,7.935,43.543,1790442233975.982,Normal,0.8717
WIX,16808,20260926-185706_p4_c4_cuda_r3,6986,perf_20260926-185706_p4_c4_cuda_r3,0,1795,1790442234137,0,1790442234140.665,10.512,45.537,1790442234197.255,Normal,0.9553
WIX,16808,20260926-185706_p4_c4_cuda_r3,6997,perf_20260926-185706_p4_c4_cuda_r3,0,1796,1790442234756,0,1790442234758.5,7.596,44.911,1790442234811.534,Normal,0.9337
WIX,16808,20260926-185706_p4_c4_cuda_r3,6998,perf_20260926-185706_p4_c4_cuda_r3,0,1797,1790442234818,0,1790442234820.524,8.322,44.069,1790442234873.462,Normal,0.9352
WIX,16808,20260926-185706_p4_c4_cuda_r3,7002,perf_20260926-185706_p4_c4_cuda_r3,0,1798,1790442235036,0,1790442235038.082,12.032,48.044,1790442235099.128,Normal,0.9812
WIX,16808,20260926-185706_p4_c4_cuda_r3,7003,perf_20260926-185706_p4_c4_cuda_r3,0,1799,1790442235084,0,1790442235101.131,12.534,47.23,1790442235160.895,Normal,0.9267
WIX,16808,20260926-185706_p4_c4_cuda_r3,7008,perf_20260926-185706_p4_c4_cuda_r3,0,1800,1790442235368,0,1790442235370.973,10.997,44.764,1790442235427.747,Normal,0.942
WIX,16808,20260926-185706_p4_c4_cuda_r3,7011,perf_20260926-185706_p4_c4_cuda_r3,0,1801,1790442235539,0,1790442235542.476,12.023,47.976,1790442235602.474,Normal,0.9548
WIX,16808,20260926-185706_p4_c4_cuda_r3,7013,perf_20260926-185706_p4_c4_cuda_r3,0,1802,1790442235651,0,1790442235654.012,10.993,49.496,1790442235715.231,Normal,0.9134
WIX,16808,20260926-185706_p4_c4_cuda_r3,7017,perf_20260926-185706_p4_c4_cuda_r3,0,1803,1790442235869,0,1790442235872.636,14.288,48.498,1790442235935.971,Normal,0.9454
WIX,16808,20260926-185706_p4_c4_cuda_r3,7018,perf_20260926-185706_p4_c4_cuda_r3,0,1804,1790442235916,0,1790442235937.971,14.995,49.36,1790442236003.047,HATE,0.406
WIX,16808,20260926-185706_p4_c4_cuda_r3,7019,perf_20260926-185706_p4_c4_cuda_r3,0,1805,1790442235980,0,1790442236006.049,12.575,46.735,1790442236065.359,Normal,0.9383
WIX,16808,20260926-185706_p4_c4_cuda_r3,7021,perf_20260926-185706_p4_c4_cuda_r3,0,1806,1790442236091,0,1790442236093.993,14.733,48.009,1790442236157.697,Normal,0.6187
WIX,16808,20260926-185706_p4_c4_cuda_r3,7022,perf_20260926-185706_p4_c4_cuda_r3,0,1807,1790442236137,0,1790442236159.704,17.991,47.12,1790442236224.815,Normal,0.9711
WIX,16808,20260926-185706_p4_c4_cuda_r3,7023,perf_20260926-185706_p4_c4_cuda_r3,0,1808,1790442236200,0,1790442236227.855,177.363,44.575,1790442236449.793,Normal,0.9248
WIX,16808,20260926-185706_p4_c4_cuda_r3,7027,perf_20260926-185706_p4_c4_cuda_r3,0,1809,1790442236420,0,1790442236452.788,11.999,47.38,1790442236512.167,Normal,0.955
WIX,16808,20260926-185706_p4_c4_cuda_r3,7031,perf_20260926-185706_p4_c4_cuda_r3,0,1810,1790442236639,0,1790442236641.257,9.167,50.295,1790442236701.781,Normal,0.9361
WIX,16808,20260926-185706_p4_c4_cuda_r3,7041,perf_20260926-185706_p4_c4_cuda_r3,0,1811,1790442237204,0,1790442237206.76,7.259,45.811,1790442237260.803,Normal,0.9341
WIX,16808,20260926-185706_p4_c4_cuda_r3,7042,perf_20260926-185706_p4_c4_cuda_r3,0,1812,1790442237251,0,1790442237263.141,10.006,45.173,1790442237319.297,Normal,0.9672
WIX,16808,20260926-185706_p4_c4_cuda_r3,7051,perf_20260926-185706_p4_c4_cuda_r3,0,1813,1790442237755,0,1790442237758.391,11.255,49.229,1790442237819.416,Normal,0.9493
WIX,16808,20260926-185706_p4_c4_cuda_r3,7061,perf_20260926-185706_p4_c4_cuda_r3,0,1814,1790442238302,0,1790442238304.606,14.138,45.865,1790442238365.934,Normal,0.7927
WIX,16808,20260926-185706_p4_c4_cuda_r3,7062,perf_20260926-185706_p4_c4_cuda_r3,0,1815,1790442238364,0,1790442238368.936,14.994,48.033,1790442238432.965,Normal,0.3707
WIX,16808,20260926-185706_p4_c4_cuda_r3,7063,perf_20260926-185706_p4_c4_cuda_r3,0,1816,1790442238427,0,1790442238434.948,10.984,45.054,1790442238491.989,Normal,0.9375
WIX,16808,20260926-185706_p4_c4_cuda_r3,7067,perf_20260926-185706_p4_c4_cuda_r3,0,1817,1790442238647,0,1790442238650.569,12.021,46.332,1790442238708.923,Normal,0.9541
WIX,16808,20260926-185706_p4_c4_cuda_r3,7068,perf_20260926-185706_p4_c4_cuda_r3,0,1818,1790442238694,0,1790442238710.927,11.517,49.246,1790442238773.139,Normal,0.9757
WIX,16808,20260926-185706_p4_c4_cuda_r3,7071,perf_20260926-185706_p4_c4_cuda_r3,0,1819,1790442238868,0,1790442238870.703,11.995,46.537,1790442238930.233,Normal,0.9375
WIX,16808,20260926-185706_p4_c4_cuda_r3,7072,perf_20260926-185706_p4_c4_cuda_r3,0,1820,1790442238915,0,1790442238933.237,11.515,45.188,1790442238990.945,Normal,0.9283
WIX,16808,20260926-185706_p4_c4_cuda_r3,7076,perf_20260926-185706_p4_c4_cuda_r3,0,1821,1790442239149,0,1790442239152.347,12.44,45.223,1790442239210.01,Normal,0.953
WIX,16808,20260926-185706_p4_c4_cuda_r3,7082,perf_20260926-185706_p4_c4_cuda_r3,0,1822,1790442239479,0,1790442239481.542,11.537,52.449,1790442239545.527,Normal,0.931
WIX,16808,20260926-185706_p4_c4_cuda_r3,7084,perf_20260926-185706_p4_c4_cuda_r3,0,1823,1790442239586,0,1790442239592.384,16.239,48.144,1790442239657.95,Normal,0.9264
WIX,16808,20260926-185706_p4_c4_cuda_r3,7085,perf_20260926-185706_p4_c4_cuda_r3,0,1824,1790442239648,0,1790442239659.952,12.517,47.147,1790442239720.128,Normal,0.9575
WIX,16808,20260926-185706_p4_c4_cuda_r3,7106,perf_20260926-185706_p4_c4_cuda_r3,0,1825,1790442240803,0,1790442240806.163,22.508,49.234,1790442240877.905,Normal,0.9652
WIX,16808,20260926-185706_p4_c4_cuda_r3,7110,perf_20260926-185706_p4_c4_cuda_r3,0,1826,1790442241039,0,1790442241041.822,25.994,46.601,1790442241115.422,Normal,0.9627
WIX,16808,20260926-185706_p4_c4_cuda_r3,7112,perf_20260926-185706_p4_c4_cuda_r3,0,1827,1790442241150,0,1790442241154.079,23.045,48.539,1790442241226.807,OFFENSIVE,0.5457
WIX,16808,20260926-185706_p4_c4_cuda_r3,7114,perf_20260926-185706_p4_c4_cuda_r3,0,1828,1790442241258,0,1790442241261.409,22.042,46.147,1790442241331.556,Normal,0.9135
WIX,16808,20260926-185706_p4_c4_cuda_r3,7123,perf_20260926-185706_p4_c4_cuda_r3,0,1829,1790442241748,0,1790442241751.022,21.997,47.83,1790442241821.743,Normal,0.958
WIX,16808,20260926-185706_p4_c4_cuda_r3,7124,perf_20260926-185706_p4_c4_cuda_r3,0,1830,1790442241811,0,1790442241823.745,22.638,49.484,1790442241895.867,Normal,0.8433
WIX,16808,20260926-185706_p4_c4_cuda_r3,7139,perf_20260926-185706_p4_c4_cuda_r3,0,1831,1790442242646,0,1790442242649.574,19.969,47.018,1790442242717.367,Normal,0.9589
WIX,16808,20260926-185706_p4_c4_cuda_r3,7146,perf_20260926-185706_p4_c4_cuda_r3,0,1832,1790442243037,0,1790442243039.735,14.03,49.001,1790442243103.738,Normal,0.9759
WIX,16808,20260926-185706_p4_c4_cuda_r3,7149,perf_20260926-185706_p4_c4_cuda_r3,0,1833,1790442243195,0,1790442243197.515,13.004,44.842,1790442243255.361,Normal,0.9761
WIX,16808,20260926-185706_p4_c4_cuda_r3,7152,perf_20260926-185706_p4_c4_cuda_r3,0,1834,1790442243369,0,1790442243371.025,11.99,48.525,1790442243432.568,Normal,0.8992
WIX,16808,20260926-185706_p4_c4_cuda_r3,7158,perf_20260926-185706_p4_c4_cuda_r3,0,1835,1790442243697,0,1790442243700.549,11.996,50.158,1790442243762.703,Normal,0.909
WIX,16808,20260926-185706_p4_c4_cuda_r3,7168,perf_20260926-185706_p4_c4_cuda_r3,0,1836,1790442244261,0,1790442244264.321,10.515,47.004,1790442244322.836,Normal,0.9608
WIX,16808,20260926-185706_p4_c4_cuda_r3,7172,perf_20260926-185706_p4_c4_cuda_r3,0,1837,1790442244480,0,1790442244482.684,12.036,45.215,1790442244539.935,Normal,0.9695
WIX,16808,20260926-185706_p4_c4_cuda_r3,7179,perf_20260926-185706_p4_c4_cuda_r3,0,1838,1790442244871,0,1790442244873.4,23.021,47.272,1790442244944.673,Normal,0.9719
WIX,16808,20260926-185706_p4_c4_cuda_r3,7180,perf_20260926-185706_p4_c4_cuda_r3,0,1839,1790442244917,0,1790442244946.697,21.639,45.861,1790442245015.195,Normal,0.9239
WIX,16808,20260926-185706_p4_c4_cuda_r3,7181,perf_20260926-185706_p4_c4_cuda_r3,0,1840,1790442244981,0,1790442245018.874,244.123,49.125,1790442245312.122,Normal,0.9736
WIX,16808,20260926-185706_p4_c4_cuda_r3,7183,perf_20260926-185706_p4_c4_cuda_r3,0,1841,1790442245091,0,1790442245314.117,13.025,51.19,1790442245379.333,Normal,0.8585
WIX,16808,20260926-185706_p4_c4_cuda_r3,7185,perf_20260926-185706_p4_c4_cuda_r3,0,1842,1790442245201,0,1790442245379.333,9.993,46.695,1790442245436.021,Normal,0.9748
WIX,16808,20260926-185706_p4_c4_cuda_r3,7188,perf_20260926-185706_p4_c4_cuda_r3,0,1843,1790442245359,0,1790442245438.03,7.532,49.741,1790442245495.303,Normal,0.9641
WIX,16808,20260926-185706_p4_c4_cuda_r3,7190,perf_20260926-185706_p4_c4_cuda_r3,0,1844,1790442245469,0,1790442245498.337,6.98,46.798,1790442245553.095,Normal,0.5398
WIX,16808,20260926-185706_p4_c4_cuda_r3,7193,perf_20260926-185706_p4_c4_cuda_r3,0,1845,1790442245642,0,1790442245644.982,7.999,48.311,1790442245702.311,Normal,0.9412
WIX,16808,20260926-185706_p4_c4_cuda_r3,7195,perf_20260926-185706_p4_c4_cuda_r3,0,1846,1790442245753,0,1790442245755.35,9.002,49.943,1790442245814.295,Normal,0.9647
WIX,16808,20260926-185706_p4_c4_cuda_r3,7197,perf_20260926-185706_p4_c4_cuda_r3,0,1847,1790442245862,0,1790442245865.322,7.548,49.166,1790442245922.036,Normal,0.9195
WIX,16808,20260926-185706_p4_c4_cuda_r3,7199,perf_20260926-185706_p4_c4_cuda_r3,0,1848,1790442245970,0,1790442245972.585,7.999,49.937,1790442246031.521,Normal,0.9665
WIX,16808,20260926-185706_p4_c4_cuda_r3,7205,perf_20260926-185706_p4_c4_cuda_r3,0,1849,1790442246316,0,1790442246319.099,8.037,45.81,1790442246373.946,Normal,0.9686
WIX,16808,20260926-185706_p4_c4_cuda_r3,7206,perf_20260926-185706_p4_c4_cuda_r3,0,1850,1790442246362,0,1790442246376.977,11.005,48.715,1790442246437.23,Normal,0.9591
WIX,16808,20260926-185706_p4_c4_cuda_r3,7207,perf_20260926-185706_p4_c4_cuda_r3,0,1851,1790442246424,0,1790442246439.188,8.098,47.499,1790442246495.327,Normal,0.9096
WIX,16808,20260926-185706_p4_c4_cuda_r3,7210,perf_20260926-185706_p4_c4_cuda_r3,0,1852,1790442246582,0,1790442246585.51,12.049,46.134,1790442246644.254,Normal,0.9408
WIX,16808,20260926-185706_p4_c4_cuda_r3,7213,perf_20260926-185706_p4_c4_cuda_r3,0,1853,1790442246753,0,1790442246756.13,13.165,48.807,1790442246818.103,Normal,0.9746
WIX,16808,20260926-185706_p4_c4_cuda_r3,7215,perf_20260926-185706_p4_c4_cuda_r3,0,1854,1790442246863,0,1790442246865.706,10.001,49.328,1790442246925.035,Normal,0.8977
WIX,16808,20260926-185706_p4_c4_cuda_r3,7220,perf_20260926-185706_p4_c4_cuda_r3,0,1855,1790442247144,0,1790442247146.652,11.495,42.56,1790442247201.711,Normal,0.9473
WIX,16808,20260926-185706_p4_c4_cuda_r3,7223,perf_20260926-185706_p4_c4_cuda_r3,0,1856,1790442247318,0,1790442247320.652,14.999,45.402,1790442247382.238,Normal,0.9732
WIX,16808,20260926-185706_p4_c4_cuda_r3,7227,perf_20260926-185706_p4_c4_cuda_r3,0,1857,1790442247539,0,1790442247541.056,10.647,45.514,1790442247598.163,Normal,0.9608
WIX,16808,20260926-185706_p4_c4_cuda_r3,7228,perf_20260926-185706_p4_c4_cuda_r3,0,1858,1790442247585,0,1790442247601.199,14.959,44.958,1790442247661.116,Normal,0.9637
WIX,16808,20260926-185706_p4_c4_cuda_r3,7232,perf_20260926-185706_p4_c4_cuda_r3,0,1859,1790442247803,0,1790442247806.73,12.286,46.699,1790442247865.715,Normal,0.9536
WIX,16808,20260926-185706_p4_c4_cuda_r3,7236,perf_20260926-185706_p4_c4_cuda_r3,0,1860,1790442248038,0,1790442248041.81,10.505,46.795,1790442248100.113,Normal,0.9548
WIX,16808,20260926-185706_p4_c4_cuda_r3,7240,perf_20260926-185706_p4_c4_cuda_r3,0,1861,1790442248257,0,1790442248260.293,21.045,46.091,1790442248328.381,Normal,0.9542
WIX,16808,20260926-185706_p4_c4_cuda_r3,7250,perf_20260926-185706_p4_c4_cuda_r3,0,1862,1790442248806,0,1790442248808.49,23.997,45.964,1790442248878.45,Normal,0.9231
WIX,16808,20260926-185706_p4_c4_cuda_r3,7253,perf_20260926-185706_p4_c4_cuda_r3,0,1863,1790442248978,0,1790442248980.902,22.013,45.642,1790442249049.572,Normal,0.971
WIX,16808,20260926-185706_p4_c4_cuda_r3,7255,perf_20260926-185706_p4_c4_cuda_r3,0,1864,1790442249088,0,1790442249090.452,19.997,43.951,1790442249155.399,Normal,0.9386
WIX,16808,20260926-185706_p4_c4_cuda_r3,7260,perf_20260926-185706_p4_c4_cuda_r3,0,1865,1790442249370,0,1790442249372.938,27.09,53.774,1790442249454.77,Normal,0.9677
WIX,16808,20260926-185706_p4_c4_cuda_r3,7268,perf_20260926-185706_p4_c4_cuda_r3,0,1866,1790442249807,0,1790442249810.232,23.695,48.952,1790442249882.879,Normal,0.9713
WIX,16808,20260926-185706_p4_c4_cuda_r3,7269,perf_20260926-185706_p4_c4_cuda_r3,0,1867,1790442249869,0,1790442249884.877,21.031,47.212,1790442249953.12,Normal,0.9214
WIX,16808,20260926-185706_p4_c4_cuda_r3,7270,perf_20260926-185706_p4_c4_cuda_r3,0,1868,1790442249917,0,1790442249956.12,21.564,46.004,1790442250024.217,Normal,0.8754
WIX,16808,20260926-185706_p4_c4_cuda_r3,7275,perf_20260926-185706_p4_c4_cuda_r3,0,1869,1790442250198,0,1790442250201.391,21.042,45.075,1790442250268.626,Normal,0.9506
WIX,16808,20260926-185706_p4_c4_cuda_r3,7293,perf_20260926-185706_p4_c4_cuda_r3,0,1870,1790442251202,0,1790442251204.862,12.018,46.572,1790442251264.451,Normal,0.8292
WIX,16808,20260926-185706_p4_c4_cuda_r3,7303,perf_20260926-185706_p4_c4_cuda_r3,0,1871,1790442251756,0,1790442251758.536,14.629,46.134,1790442251819.299,Normal,0.9526
WIX,16808,20260926-185706_p4_c4_cuda_r3,7304,perf_20260926-185706_p4_c4_cuda_r3,0,1872,1790442251817,0,1790442251821.283,11.994,49.584,1790442251882.861,Normal,0.6259
WIX,16808,20260926-185706_p4_c4_cuda_r3,7305,perf_20260926-185706_p4_c4_cuda_r3,0,1873,1790442251864,0,1790442251884.833,12.092,47.092,1790442251944.018,Normal,0.9602
WIX,16808,20260926-185706_p4_c4_cuda_r3,7317,perf_20260926-185706_p4_c4_cuda_r3,0,1874,1790442252538,0,1790442252540.752,21.997,45.69,1790442252608.844,Normal,0.9792
WIX,16808,20260926-185706_p4_c4_cuda_r3,7320,perf_20260926-185706_p4_c4_cuda_r3,0,1875,1790442252694,0,1790442252697.134,22.043,48.211,1790442252767.916,Normal,0.9506
WIX,16808,20260926-185706_p4_c4_cuda_r3,7322,perf_20260926-185706_p4_c4_cuda_r3,0,1876,1790442252804,0,1790442252806.58,27.992,49.719,1790442252885.293,Normal,0.9605
WIX,16808,20260926-185706_p4_c4_cuda_r3,7327,perf_20260926-185706_p4_c4_cuda_r3,0,1877,1790442253085,0,1790442253088.193,22.129,43.535,1790442253154.406,Normal,0.9594
WIX,16808,20260926-185706_p4_c4_cuda_r3,7332,perf_20260926-185706_p4_c4_cuda_r3,0,1878,1790442253368,0,1790442253370.073,29.825,48.002,1790442253448.871,Normal,0.9551
WIX,16808,20260926-185706_p4_c4_cuda_r3,7333,perf_20260926-185706_p4_c4_cuda_r3,0,1879,1790442253414,0,1790442253451.904,20.391,49.517,1790442253523.047,Normal,0.9713
WIX,16808,20260926-185706_p4_c4_cuda_r3,7335,perf_20260926-185706_p4_c4_cuda_r3,0,1880,1790442253525,0,1790442253527.084,26.998,46.907,1790442253601.953,Normal,0.9082
WIX,16808,20260926-185706_p4_c4_cuda_r3,7339,perf_20260926-185706_p4_c4_cuda_r3,0,1881,1790442253762,0,1790442253764.992,21.176,43.848,1790442253830.017,Normal,0.9693
WIX,16808,20260926-185706_p4_c4_cuda_r3,7342,perf_20260926-185706_p4_c4_cuda_r3,0,1882,1790442253920,0,1790442253922.897,21.997,47.332,1790442253992.225,Normal,0.9567
WIX,16808,20260926-185706_p4_c4_cuda_r3,7344,perf_20260926-185706_p4_c4_cuda_r3,0,1883,1790442254029,0,1790442254032.109,19.022,45.786,1790442254097.873,Normal,0.931
WIX,16808,20260926-185706_p4_c4_cuda_r3,7345,perf_20260926-185706_p4_c4_cuda_r3,0,1884,1790442254091,0,1790442254100.884,21.013,46.983,1790442254169.834,Normal,0.9524
WIX,16808,20260926-185706_p4_c4_cuda_r3,7350,perf_20260926-185706_p4_c4_cuda_r3,0,1885,1790442254373,0,1790442254376.128,21.654,45.007,1790442254444.083,Normal,0.9629
WIX,16808,20260926-185706_p4_c4_cuda_r3,7362,perf_20260926-185706_p4_c4_cuda_r3,0,1886,1790442255031,0,1790442255034.058,74.517,45.741,1790442255155.314,Normal,0.9696
WIX,16808,20260926-185706_p4_c4_cuda_r3,7375,perf_20260926-185706_p4_c4_cuda_r3,0,1887,1790442255751,0,1790442255753.879,8.0,49.695,1790442255812.573,Normal,0.9401
WIX,16808,20260926-185706_p4_c4_cuda_r3,7381,perf_20260926-185706_p4_c4_cuda_r3,0,1888,1790442256080,0,1790442256083.39,7.971,49.948,1790442256141.31,Normal,0.9401
WIX,16808,20260926-185706_p4_c4_cuda_r3,7388,perf_20260926-185706_p4_c4_cuda_r3,0,1889,1790442256469,0,1790442256472.581,8.04,47.59,1790442256528.735,Normal,0.9401
WIX,16808,20260926-185706_p4_c4_cuda_r3,7399,perf_20260926-185706_p4_c4_cuda_r3,0,1890,1790442257080,0,1790442257082.551,12.423,47.392,1790442257142.367,Normal,0.9545
WIX,16808,20260926-185706_p4_c4_cuda_r3,7405,perf_20260926-185706_p4_c4_cuda_r3,0,1891,1790442257425,0,1790442257428.449,12.498,47.557,1790442257489.51,Normal,0.9616
WIX,16808,20260926-185706_p4_c4_cuda_r3,7408,perf_20260926-185706_p4_c4_cuda_r3,0,1892,1790442257584,0,1790442257587.073,14.353,47.325,1790442257649.746,Normal,0.9198
WIX,16808,20260926-185706_p4_c4_cuda_r3,7409,perf_20260926-185706_p4_c4_cuda_r3,0,1893,1790442257647,0,1790442257652.781,11.16,47.256,1790442257712.465,Normal,0.9515
WIX,16808,20260926-185706_p4_c4_cuda_r3,7410,perf_20260926-185706_p4_c4_cuda_r3,0,1894,1790442257694,0,1790442257715.463,12.996,43.418,1790442257772.882,Normal,0.9808
WIX,16808,20260926-185706_p4_c4_cuda_r3,7421,perf_20260926-185706_p4_c4_cuda_r3,0,1895,1790442258305,0,1790442258308.17,12.001,47.424,1790442258368.595,Normal,0.8615
WIX,16808,20260926-185706_p4_c4_cuda_r3,7424,perf_20260926-185706_p4_c4_cuda_r3,0,1896,1790442258478,0,1790442258481.135,13.507,46.153,1790442258541.832,Normal,0.8942
WIX,16808,20260926-185706_p4_c4_cuda_r3,7435,perf_20260926-185706_p4_c4_cuda_r3,0,1897,1790442259092,0,1790442259094.091,53.003,43.077,1790442259191.17,Normal,0.9396
WIX,16808,20260926-185706_p4_c4_cuda_r3,7446,perf_20260926-185706_p4_c4_cuda_r3,0,1898,1790442259698,0,1790442259700.072,7.999,47.662,1790442259756.675,Normal,0.9776
WIX,16808,20260926-185706_p4_c4_cuda_r3,7450,perf_20260926-185706_p4_c4_cuda_r3,0,1899,1790442259920,0,1790442259923.129,8.001,49.927,1790442259982.061,Normal,0.9398
WIX,16808,20260926-185706_p4_c4_cuda_r3,7453,perf_20260926-185706_p4_c4_cuda_r3,0,1900,1790442260089,0,1790442260092.021,11.549,45.889,1790442260150.46,Normal,0.9547
WIX,16808,20260926-185706_p4_c4_cuda_r3,7465,perf_20260926-185706_p4_c4_cuda_r3,0,1901,1790442260749,0,1790442260751.458,9.006,43.971,1790442260804.435,Normal,0.9561
WIX,16808,20260926-185706_p4_c4_cuda_r3,7471,perf_20260926-185706_p4_c4_cuda_r3,0,1902,1790442261092,0,1790442261096.78,15.373,45.886,1790442261159.023,Normal,0.5605
WIX,16808,20260926-185706_p4_c4_cuda_r3,7476,perf_20260926-185706_p4_c4_cuda_r3,0,1903,1790442261372,0,1790442261374.699,11.607,44.166,1790442261431.484,Normal,0.9375
WIX,16808,20260926-185706_p4_c4_cuda_r3,7478,perf_20260926-185706_p4_c4_cuda_r3,0,1904,1790442261479,0,1790442261481.525,13.533,44.593,1790442261539.651,Normal,0.9707
WIX,16808,20260926-185706_p4_c4_cuda_r3,7484,perf_20260926-185706_p4_c4_cuda_r3,0,1905,1790442261807,0,1790442261810.35,15.515,46.296,1790442261872.161,Normal,0.9336
WIX,16808,20260926-185706_p4_c4_cuda_r3,7495,perf_20260926-185706_p4_c4_cuda_r3,0,1906,1790442262415,0,1790442262417.803,22.878,44.481,1790442262485.162,Normal,0.9523
WIX,16808,20260926-185706_p4_c4_cuda_r3,7499,perf_20260926-185706_p4_c4_cuda_r3,0,1907,1790442262649,0,1790442262651.698,21.005,46.306,1790442262719.009,Normal,0.9375
WIX,16808,20260926-185706_p4_c4_cuda_r3,7505,perf_20260926-185706_p4_c4_cuda_r3,0,1908,1790442262978,0,1790442262980.784,19.568,43.907,1790442263045.552,Normal,0.953
WIX,16808,20260926-185706_p4_c4_cuda_r3,7511,perf_20260926-185706_p4_c4_cuda_r3,0,1909,1790442263306,0,1790442263309.113,29.0,43.635,1790442263381.748,Normal,0.9662
WIX,16808,20260926-185706_p4_c4_cuda_r3,7514,perf_20260926-185706_p4_c4_cuda_r3,0,1910,1790442263480,0,1790442263484.04,20.19,47.354,1790442263552.302,Normal,0.8992
WIX,16808,20260926-185706_p4_c4_cuda_r3,7516,perf_20260926-185706_p4_c4_cuda_r3,0,1911,1790442263590,0,1790442263593.474,22.241,46.256,1790442263662.972,Normal,0.9647
WIX,16808,20260926-185706_p4_c4_cuda_r3,7524,perf_20260926-185706_p4_c4_cuda_r3,0,1912,1790442264032,0,1790442264034.504,133.231,47.391,1790442264215.126,Normal,0.9087
WIX,16808,20260926-185706_p4_c4_cuda_r3,7525,perf_20260926-185706_p4_c4_cuda_r3,0,1913,1790442264080,0,1790442264218.125,12.002,49.176,1790442264279.302,Normal,0.931
WIX,16808,20260926-185706_p4_c4_cuda_r3,7526,perf_20260926-185706_p4_c4_cuda_r3,0,1914,1790442264142,0,1790442264279.302,15.58,49.349,1790442264345.196,OFFENSIVE,0.561
WIX,16808,20260926-185706_p4_c4_cuda_r3,7535,perf_20260926-185706_p4_c4_cuda_r3,0,1915,1790442264648,0,1790442264650.053,9.027,43.102,1790442264703.154,Normal,0.9585
WIX,16808,20260926-185706_p4_c4_cuda_r3,7537,perf_20260926-185706_p4_c4_cuda_r3,0,1916,1790442264757,0,1790442264759.808,8.953,46.432,1790442264815.192,Normal,0.9105
WIX,16808,20260926-185706_p4_c4_cuda_r3,7539,perf_20260926-185706_p4_c4_cuda_r3,0,1917,1790442264869,0,1790442264872.295,7.004,44.979,1790442264925.278,Normal,0.9708
WIX,16808,20260926-185706_p4_c4_cuda_r3,7543,perf_20260926-185706_p4_c4_cuda_r3,0,1918,1790442265087,0,1790442265090.28,8.001,45.096,1790442265144.377,Normal,0.9374
WIX,16808,20260926-185706_p4_c4_cuda_r3,7544,perf_20260926-185706_p4_c4_cuda_r3,0,1919,1790442265150,0,1790442265152.061,8.002,45.914,1790442265205.977,Normal,0.9317
WIX,16808,20260926-185706_p4_c4_cuda_r3,7547,perf_20260926-185706_p4_c4_cuda_r3,0,1920,1790442265305,0,1790442265308.627,7.998,46.863,1790442265363.488,Normal,0.9752
WIX,16808,20260926-185706_p4_c4_cuda_r3,7552,perf_20260926-185706_p4_c4_cuda_r3,0,1921,1790442265588,0,1790442265590.354,8.002,45.84,1790442265644.196,Normal,0.8745
WIX,16808,20260926-185706_p4_c4_cuda_r3,7560,perf_20260926-185706_p4_c4_cuda_r3,0,1922,1790442266039,0,1790442266041.503,12.014,49.073,1790442266102.591,Normal,0.9375
WIX,16808,20260926-185706_p4_c4_cuda_r3,7561,perf_20260926-185706_p4_c4_cuda_r3,0,1923,1790442266086,0,1790442266105.599,14.134,48.562,1790442266169.267,Normal,0.9628
WIX,16808,20260926-185706_p4_c4_cuda_r3,7562,perf_20260926-185706_p4_c4_cuda_r3,0,1924,1790442266148,0,1790442266172.291,11.97,46.183,1790442266231.485,Normal,0.9651
WIX,16808,20260926-185706_p4_c4_cuda_r3,7570,perf_20260926-185706_p4_c4_cuda_r3,0,1925,1790442266587,0,1790442266590.125,11.072,45.174,1790442266647.37,Normal,0.9375
WIX,16808,20260926-185706_p4_c4_cuda_r3,7586,perf_20260926-185706_p4_c4_cuda_r3,0,1926,1790442267479,0,1790442267482.377,12.984,43.534,1790442267539.895,Normal,0.867
WIX,16808,20260926-185706_p4_c4_cuda_r3,7588,perf_20260926-185706_p4_c4_cuda_r3,0,1927,1790442267589,0,1790442267591.892,13.015,46.316,1790442267652.177,Normal,0.8607
WIX,16808,20260926-185706_p4_c4_cuda_r3,7590,perf_20260926-185706_p4_c4_cuda_r3,0,1928,1790442267698,0,1790442267701.285,13.569,47.384,1790442267763.205,Normal,0.924
WIX,16808,20260926-185706_p4_c4_cuda_r3,7591,perf_20260926-185706_p4_c4_cuda_r3,0,1929,1790442267761,0,1790442267765.202,13.362,44.909,1790442267823.982,Normal,0.9443
WIX,16808,20260926-185706_p4_c4_cuda_r3,7593,perf_20260926-185706_p4_c4_cuda_r3,0,1930,1790442267870,0,1790442267873.41,14.006,48.845,1790442267937.303,Normal,0.9557
WIX,16808,20260926-185706_p4_c4_cuda_r3,7594,perf_20260926-185706_p4_c4_cuda_r3,0,1931,1790442267917,0,1790442267940.335,18.966,45.681,1790442268005.668,Normal,0.9035
WIX,16808,20260926-185706_p4_c4_cuda_r3,7605,perf_20260926-185706_p4_c4_cuda_r3,0,1932,1790442268526,0,1790442268528.674,20.939,44.43,1790442268594.573,Normal,0.8558
WIX,16808,20260926-185706_p4_c4_cuda_r3,7608,perf_20260926-185706_p4_c4_cuda_r3,0,1933,1790442268700,0,1790442268702.782,19.506,46.899,1790442268769.956,Normal,0.9025
WIX,16808,20260926-185706_p4_c4_cuda_r3,7611,perf_20260926-185706_p4_c4_cuda_r3,0,1934,1790442268871,0,1790442268874.533,22.084,50.264,1790442268947.837,Normal,0.9435
WIX,16808,20260926-185706_p4_c4_cuda_r3,7613,perf_20260926-185706_p4_c4_cuda_r3,0,1935,1790442268981,0,1790442268983.668,20.047,49.156,1790442269052.87,Normal,0.9423
WIX,16808,20260926-185706_p4_c4_cuda_r3,7617,perf_20260926-185706_p4_c4_cuda_r3,0,1936,1790442269202,0,1790442269204.111,20.733,47.225,1790442269272.069,Normal,0.9423
WIX,16808,20260926-185706_p4_c4_cuda_r3,7620,perf_20260926-185706_p4_c4_cuda_r3,0,1937,1790442269360,0,1790442269362.582,20.0,50.613,1790442269434.195,Normal,0.9608
WIX,16808,20260926-185706_p4_c4_cuda_r3,7625,perf_20260926-185706_p4_c4_cuda_r3,0,1938,1790442269640,0,1790442269643.499,19.054,45.608,1790442269709.118,Normal,0.9619
WIX,16808,20260926-185706_p4_c4_cuda_r3,7629,perf_20260926-185706_p4_c4_cuda_r3,0,1939,1790442269860,0,1790442269862.979,20.029,47.542,1790442269931.071,Normal,0.9536
WIX,16808,20260926-185706_p4_c4_cuda_r3,7630,perf_20260926-185706_p4_c4_cuda_r3,0,1940,1790442269922,0,1790442269933.108,19.992,51.093,1790442270005.147,Normal,0.9288
WIX,16808,20260926-185706_p4_c4_cuda_r3,7644,perf_20260926-185706_p4_c4_cuda_r3,0,1941,1790442270694,0,1790442270696.064,21.269,46.673,1790442270764.965,Normal,0.8661
WIX,16808,20260926-185706_p4_c4_cuda_r3,7645,perf_20260926-185706_p4_c4_cuda_r3,0,1942,1790442270756,0,1790442270766.948,19.982,45.033,1790442270833.466,Normal,0.944
WIX,16808,20260926-185706_p4_c4_cuda_r3,7652,perf_20260926-185706_p4_c4_cuda_r3,0,1943,1790442271147,0,1790442271149.538,21.998,43.441,1790442271217.009,Normal,0.9606
WIX,16808,20260926-185706_p4_c4_cuda_r3,7655,perf_20260926-185706_p4_c4_cuda_r3,0,1944,1790442271304,0,1790442271306.999,22.718,50.354,1790442271380.07,Normal,0.9462
WIX,16808,20260926-185706_p4_c4_cuda_r3,7659,perf_20260926-185706_p4_c4_cuda_r3,0,1945,1790442271539,0,1790442271541.547,20.105,48.698,1790442271611.387,Normal,0.9423
WIX,16808,20260926-185706_p4_c4_cuda_r3,7663,perf_20260926-185706_p4_c4_cuda_r3,0,1946,1790442271756,0,1790442271759.41,270.711,50.808,1790442272081.93,Normal,0.9423
WIX,16808,20260926-185706_p4_c4_cuda_r3,7665,perf_20260926-185706_p4_c4_cuda_r3,0,1947,1790442271863,0,1790442272085.929,16.062,46.287,1790442272148.279,Normal,0.9309
WIX,16808,20260926-185706_p4_c4_cuda_r3,7667,perf_20260926-185706_p4_c4_cuda_r3,0,1948,1790442271972,0,1790442272148.279,8.532,50.632,1790442272208.447,Normal,0.9339
WIX,16808,20260926-185706_p4_c4_cuda_r3,7670,perf_20260926-185706_p4_c4_cuda_r3,0,1949,1790442272146,0,1790442272212.46,7.042,45.311,1790442272265.811,Normal,0.8477
WIX,16808,20260926-185706_p4_c4_cuda_r3,7676,perf_20260926-185706_p4_c4_cuda_r3,0,1950,1790442272475,0,1790442272478.711,10.068,44.449,1790442272534.739,Normal,0.9643
WIX,16808,20260926-185706_p4_c4_cuda_r3,7682,perf_20260926-185706_p4_c4_cuda_r3,0,1951,1790442272818,0,1790442272821.484,7.847,48.332,1790442272877.663,Normal,0.9291
WIX,16808,20260926-185706_p4_c4_cuda_r3,7683,perf_20260926-185706_p4_c4_cuda_r3,0,1952,1790442272865,0,1790442272880.665,7.999,49.465,1790442272938.129,Normal,0.8625
WIX,16808,20260926-185706_p4_c4_cuda_r3,7686,perf_20260926-185706_p4_c4_cuda_r3,0,1953,1790442273040,0,1790442273042.892,6.972,45.74,1790442273096.602,Normal,0.9548
WIX,16808,20260926-185706_p4_c4_cuda_r3,7689,perf_20260926-185706_p4_c4_cuda_r3,0,1954,1790442273198,0,1790442273200.456,9.009,49.804,1790442273259.268,Normal,0.9663
WIX,16808,20260926-185706_p4_c4_cuda_r3,7690,perf_20260926-185706_p4_c4_cuda_r3,0,1955,1790442273262,0,1790442273265.308,6.989,45.556,1790442273318.82,Normal,0.9141
WIX,16808,20260926-185706_p4_c4_cuda_r3,7692,perf_20260926-185706_p4_c4_cuda_r3,0,1956,1790442273372,0,1790442273374.992,8.001,45.997,1790442273430.023,Normal,0.9505
WIX,16808,20260926-185706_p4_c4_cuda_r3,7696,perf_20260926-185706_p4_c4_cuda_r3,0,1957,1790442273590,0,1790442273592.193,7.966,47.16,1790442273649.325,Normal,0.9435
WIX,16808,20260926-185706_p4_c4_cuda_r3,7697,perf_20260926-185706_p4_c4_cuda_r3,0,1958,1790442273637,0,1790442273652.326,7.999,46.439,1790442273706.763,Normal,0.8607
WIX,16808,20260926-185706_p4_c4_cuda_r3,7698,perf_20260926-185706_p4_c4_cuda_r3,0,1959,1790442273701,0,1790442273709.788,9.999,47.751,1790442273767.777,Normal,0.9713
WIX,16808,20260926-185706_p4_c4_cuda_r3,7699,perf_20260926-185706_p4_c4_cuda_r3,0,1960,1790442273762,0,1790442273769.778,10.999,49.953,1790442273830.73,Normal,0.9712
WIX,16808,20260926-185706_p4_c4_cuda_r3,7700,perf_20260926-185706_p4_c4_cuda_r3,0,1961,1790442273809,0,1790442273833.695,11.545,47.395,1790442273893.605,Normal,0.9649
WIX,16808,20260926-185706_p4_c4_cuda_r3,7705,perf_20260926-185706_p4_c4_cuda_r3,0,1962,1790442274091,0,1790442274093.912,15.007,45.147,1790442274155.067,Normal,0.9598
WIX,16808,20260926-185706_p4_c4_cuda_r3,7708,perf_20260926-185706_p4_c4_cuda_r3,0,1963,1790442274263,0,1790442274265.592,15.994,42.525,1790442274325.111,Normal,0.9679
WIX,16808,20260926-185706_p4_c4_cuda_r3,7726,perf_20260926-185706_p4_c4_cuda_r3,0,1964,1790442275249,0,1790442275251.447,16.997,46.145,1790442275315.083,Normal,0.7255
WIX,16808,20260926-185706_p4_c4_cuda_r3,7730,perf_20260926-185706_p4_c4_cuda_r3,0,1965,1790442275470,0,1790442275472.582,21.061,46.271,1790442275540.837,Normal,0.9262
WIX,16808,20260926-185706_p4_c4_cuda_r3,7733,perf_20260926-185706_p4_c4_cuda_r3,0,1966,1790442275641,0,1790442275644.437,20.023,45.777,1790442275711.064,Normal,0.8525
WIX,16808,20260926-185706_p4_c4_cuda_r3,7747,perf_20260926-185706_p4_c4_cuda_r3,0,1967,1790442276424,0,1790442276426.11,22.552,50.827,1790442276499.489,Normal,0.9602
WIX,16808,20260926-185706_p4_c4_cuda_r3,7753,perf_20260926-185706_p4_c4_cuda_r3,0,1968,1790442276750,0,1790442276752.417,20.042,46.417,1790442276819.829,Normal,0.8784
WIX,16808,20260926-185706_p4_c4_cuda_r3,7760,perf_20260926-185706_p4_c4_cuda_r3,0,1969,1790442277140,0,1790442277143.357,19.453,46.661,1790442277210.619,Normal,0.9423
WIX,16808,20260926-185706_p4_c4_cuda_r3,7763,perf_20260926-185706_p4_c4_cuda_r3,0,1970,1790442277313,0,1790442277316.452,19.932,45.195,1790442277382.744,Normal,0.9574
WIX,16808,20260926-185706_p4_c4_cuda_r3,7769,perf_20260926-185706_p4_c4_cuda_r3,0,1971,1790442277643,0,1790442277646.119,20.559,44.448,1790442277712.125,Normal,0.9631
WIX,16808,20260926-185706_p4_c4_cuda_r3,7771,perf_20260926-185706_p4_c4_cuda_r3,0,1972,1790442277751,0,1790442277753.781,29.5,46.232,1790442277830.061,Normal,0.9501
WIX,16808,20260926-185706_p4_c4_cuda_r3,7774,perf_20260926-185706_p4_c4_cuda_r3,0,1973,1790442277925,0,1790442277927.843,27.595,43.888,1790442278000.274,Normal,0.9748
WIX,16808,20260926-185706_p4_c4_cuda_r3,7778,perf_20260926-185706_p4_c4_cuda_r3,0,1974,1790442278144,0,1790442278146.609,28.616,44.936,1790442278221.119,Normal,0.9639
WIX,16808,20260926-185706_p4_c4_cuda_r3,7783,perf_20260926-185706_p4_c4_cuda_r3,0,1975,1790442278424,0,1790442278427.572,28.183,46.535,1790442278502.848,Normal,0.9386
WIX,16808,20260926-185706_p4_c4_cuda_r3,7787,perf_20260926-185706_p4_c4_cuda_r3,0,1976,1790442278644,0,1790442278647.083,22.838,46.15,1790442278716.072,Normal,0.8827
WIX,16808,20260926-185706_p4_c4_cuda_r3,7789,perf_20260926-185706_p4_c4_cuda_r3,0,1977,1790442278753,0,1790442278755.497,20.045,45.38,1790442278821.733,Normal,0.9309
WIX,16808,20260926-185706_p4_c4_cuda_r3,7790,perf_20260926-185706_p4_c4_cuda_r3,0,1978,1790442278815,0,1790442278824.763,20.568,45.928,1790442278892.259,Normal,0.9597
WIX,16808,20260926-185706_p4_c4_cuda_r3,7791,perf_20260926-185706_p4_c4_cuda_r3,0,1979,1790442278862,0,1790442278895.259,21.072,47.754,1790442278965.066,Normal,0.9485
WIX,16808,20260926-185706_p4_c4_cuda_r3,7799,perf_20260926-185706_p4_c4_cuda_r3,0,1980,1790442279303,0,1790442279305.787,192.029,50.77,1790442279549.585,Normal,0.9492
WIX,16808,20260926-185706_p4_c4_cuda_r3,7807,perf_20260926-185706_p4_c4_cuda_r3,0,1981,1790442279754,0,1790442279756.208,7.071,46.194,1790442279811.442,Normal,0.9006
WIX,16808,20260926-185706_p4_c4_cuda_r3,7808,perf_20260926-185706_p4_c4_cuda_r3,0,1982,1790442279817,0,1790442279819.934,7.529,44.342,1790442279871.805,Normal,0.9652
WIX,16808,20260926-185706_p4_c4_cuda_r3,7814,perf_20260926-185706_p4_c4_cuda_r3,0,1983,1790442280146,0,1790442280148.377,8.554,48.032,1790442280206.26,Normal,0.9066
WIX,16808,20260926-185706_p4_c4_cuda_r3,7823,perf_20260926-185706_p4_c4_cuda_r3,0,1984,1790442280651,0,1790442280653.982,7.999,44.174,1790442280707.155,Normal,0.9768
WIX,16808,20260926-185706_p4_c4_cuda_r3,7827,perf_20260926-185706_p4_c4_cuda_r3,0,1985,1790442280871,0,1790442280873.33,9.04,45.624,1790442280927.993,Normal,0.9426
WIX,16808,20260926-185706_p4_c4_cuda_r3,7831,perf_20260926-185706_p4_c4_cuda_r3,0,1986,1790442281091,0,1790442281093.105,9.998,46.184,1790442281149.814,Normal,0.8848
WIX,16808,20260926-185706_p4_c4_cuda_r3,7833,perf_20260926-185706_p4_c4_cuda_r3,0,1987,1790442281201,0,1790442281204.416,8.999,46.357,1790442281260.768,Normal,0.9375
WIX,16808,20260926-185706_p4_c4_cuda_r3,7844,perf_20260926-185706_p4_c4_cuda_r3,0,1988,1790442281815,0,1790442281817.595,13.451,45.27,1790442281876.889,Normal,0.9502
WIX,16808,20260926-185706_p4_c4_cuda_r3,7846,perf_20260926-185706_p4_c4_cuda_r3,0,1989,1790442281924,0,1790442281927.436,10.517,45.378,1790442281984.37,Normal,0.9375
WIX,16808,20260926-185706_p4_c4_cuda_r3,7854,perf_20260926-185706_p4_c4_cuda_r3,0,1990,1790442282361,0,1790442282365.336,21.026,47.741,1790442282434.103,Normal,0.9027
WIX,16808,20260926-185706_p4_c4_cuda_r3,7856,perf_20260926-185706_p4_c4_cuda_r3,0,1991,1790442282469,0,1790442282471.86,21.929,44.316,1790442282538.639,Normal,0.9632
WIX,16808,20260926-185706_p4_c4_cuda_r3,7858,perf_20260926-185706_p4_c4_cuda_r3,0,1992,1790442282594,0,1790442282596.447,22.903,42.964,1790442282663.315,Normal,0.9629
WIX,16808,20260926-185706_p4_c4_cuda_r3,7859,perf_20260926-185706_p4_c4_cuda_r3,0,1993,1790442282641,0,1790442282665.323,19.593,48.456,1790442282734.384,OFFENSIVE,0.5247
WIX,16808,20260926-185706_p4_c4_cuda_r3,7860,perf_20260926-185706_p4_c4_cuda_r3,0,1994,1790442282704,0,1790442282736.966,170.277,42.465,1790442282950.712,Normal,0.9362
WIX,16808,20260926-185706_p4_c4_cuda_r3,7865,perf_20260926-185706_p4_c4_cuda_r3,0,1995,1790442282972,0,1790442282975.784,18.426,48.563,1790442283043.773,Normal,0.971
WIX,16808,20260926-185706_p4_c4_cuda_r3,7868,perf_20260926-185706_p4_c4_cuda_r3,0,1996,1790442283144,0,1790442283147.187,8.031,45.029,1790442283201.242,Normal,0.9566
WIX,16808,20260926-185706_p4_c4_cuda_r3,7870,perf_20260926-185706_p4_c4_cuda_r3,0,1997,1790442283254,0,1790442283257.96,10.958,42.982,1790442283312.467,Normal,0.8899
WIX,16808,20260926-185706_p4_c4_cuda_r3,7872,perf_20260926-185706_p4_c4_cuda_r3,0,1998,1790442283363,0,1790442283365.387,11.523,43.753,1790442283420.664,Normal,0.9423
WIX,16808,20260926-185706_p4_c4_cuda_r3,7875,perf_20260926-185706_p4_c4_cuda_r3,0,1999,1790442283537,0,1790442283540.026,9.068,43.415,1790442283593.521,Normal,0.9371
WIX,16808,20260926-185706_p4_c4_cuda_r3,7876,perf_20260926-185706_p4_c4_cuda_r3,0,2000,1790442283584,0,1790442283595.482,8.0,45.341,1790442283649.798,Normal,0.94
WIX,16808,20260926-185706_p4_c4_cuda_r3,7878,perf_20260926-185706_p4_c4_cuda_r3,0,2001,1790442283694,0,1790442283696.562,8.998,50.307,1790442283755.867,Normal,0.8877
WIX,16808,20260926-185706_p4_c4_cuda_r3,7880,perf_20260926-185706_p4_c4_cuda_r3,0,2002,1790442283803,0,1790442283806.306,9.059,47.858,1790442283863.224,Normal,0.7686
WIX,16808,20260926-185706_p4_c4_cuda_r3,7887,perf_20260926-185706_p4_c4_cuda_r3,0,2003,1790442284194,0,1790442284196.907,9.999,45.123,1790442284252.029,Normal,0.7553
WIX,16808,20260926-185706_p4_c4_cuda_r3,7890,perf_20260926-185706_p4_c4_cuda_r3,0,2004,1790442284369,0,1790442284371.423,9.997,46.0,1790442284428.419,Normal,0.9649
WIX,16808,20260926-185706_p4_c4_cuda_r3,7891,perf_20260926-185706_p4_c4_cuda_r3,0,2005,1790442284417,0,1790442284430.45,7.977,49.041,1790442284487.468,Normal,0.9364
WIX,16808,20260926-185706_p4_c4_cuda_r3,7892,perf_20260926-185706_p4_c4_cuda_r3,0,2006,1790442284480,0,1790442284489.501,10.964,45.33,1790442284546.799,Normal,0.9333
WIX,16808,20260926-185706_p4_c4_cuda_r3,7897,perf_20260926-185706_p4_c4_cuda_r3,0,2007,1790442284761,0,1790442284763.376,11.585,44.83,1790442284820.66,Normal,0.9171
WIX,16808,20260926-185706_p4_c4_cuda_r3,7899,perf_20260926-185706_p4_c4_cuda_r3,0,2008,1790442284871,0,1790442284873.356,12.067,45.368,1790442284930.791,Normal,0.9408
WIX,16808,20260926-185706_p4_c4_cuda_r3,7904,perf_20260926-185706_p4_c4_cuda_r3,0,2009,1790442285137,0,1790442285139.545,13.01,50.561,1790442285203.69,Normal,0.9446
WIX,16808,20260926-185706_p4_c4_cuda_r3,7910,perf_20260926-185706_p4_c4_cuda_r3,0,2010,1790442285480,0,1790442285483.76,11.97,43.976,1790442285539.706,Normal,0.908
WIX,16808,20260926-185706_p4_c4_cuda_r3,7917,perf_20260926-185706_p4_c4_cuda_r3,0,2011,1790442285872,0,1790442285875.743,27.831,45.957,1790442285950.092,Normal,0.6889
WIX,16808,20260926-185706_p4_c4_cuda_r3,7920,perf_20260926-185706_p4_c4_cuda_r3,0,2012,1790442286030,0,1790442286032.962,29.851,46.977,1790442286109.79,OFFENSIVE,0.953
WIX,16808,20260926-185706_p4_c4_cuda_r3,7921,perf_20260926-185706_p4_c4_cuda_r3,0,2013,1790442286093,0,1790442286111.825,28.03,47.129,1790442286187.984,Normal,0.9547
WIX,16808,20260926-185706_p4_c4_cuda_r3,7927,perf_20260926-185706_p4_c4_cuda_r3,0,2014,1790442286420,0,1790442286423.268,22.054,45.438,1790442286491.762,Normal,0.9751
WIX,16808,20260926-185706_p4_c4_cuda_r3,7935,perf_20260926-185706_p4_c4_cuda_r3,0,2015,1790442286859,0,1790442286861.216,96.262,50.23,1790442287007.708,Normal,0.8252
WIX,16808,20260926-185706_p4_c4_cuda_r3,7937,perf_20260926-185706_p4_c4_cuda_r3,0,2016,1790442286985,0,1790442287010.706,11.128,46.281,1790442287068.115,Normal,0.9673
WIX,16808,20260926-185706_p4_c4_cuda_r3,7944,perf_20260926-185706_p4_c4_cuda_r3,0,2017,1790442287358,0,1790442287361.381,8.008,47.792,1790442287418.185,Normal,0.8992
WIX,16808,20260926-185706_p4_c4_cuda_r3,7949,perf_20260926-185706_p4_c4_cuda_r3,0,2018,1790442287642,0,1790442287644.562,8.002,49.114,1790442287702.895,Normal,0.9621
WIX,16808,20260926-185706_p4_c4_cuda_r3,7953,perf_20260926-185706_p4_c4_cuda_r3,0,2019,1790442287861,0,1790442287864.466,10.996,47.852,1790442287923.805,Normal,0.9674
WIX,16808,20260926-185706_p4_c4_cuda_r3,7955,perf_20260926-185706_p4_c4_cuda_r3,0,2020,1790442287971,0,1790442287973.624,8.37,47.849,1790442288030.844,Normal,0.9254
WIX,16808,20260926-185706_p4_c4_cuda_r3,7959,perf_20260926-185706_p4_c4_cuda_r3,0,2021,1790442288192,0,1790442288195.21,7.999,47.805,1790442288251.014,Normal,0.8674
WIX,16808,20260926-185706_p4_c4_cuda_r3,7960,perf_20260926-185706_p4_c4_cuda_r3,0,2022,1790442288254,0,1790442288257.015,9.208,49.116,1790442288315.905,Normal,0.9639
WIX,16808,20260926-185706_p4_c4_cuda_r3,7967,perf_20260926-185706_p4_c4_cuda_r3,0,2023,1790442288645,0,1790442288648.426,9.966,53.09,1790442288711.482,Normal,0.9035
WIX,16808,20260926-185706_p4_c4_cuda_r3,7968,perf_20260926-185706_p4_c4_cuda_r3,0,2024,1790442288692,0,1790442288713.49,8.99,43.936,1790442288766.416,Normal,0.89
WIX,16808,20260926-185706_p4_c4_cuda_r3,7971,perf_20260926-185706_p4_c4_cuda_r3,0,2025,1790442288863,0,1790442288866.07,10.981,47.435,1790442288925.493,Normal,0.8636
WIX,16808,20260926-185706_p4_c4_cuda_r3,7978,perf_20260926-185706_p4_c4_cuda_r3,0,2026,1790442289255,0,1790442289258.56,13.167,46.737,1790442289319.239,Normal,0.6678
WIX,16808,20260926-185706_p4_c4_cuda_r3,7981,perf_20260926-185706_p4_c4_cuda_r3,0,2027,1790442289427,0,1790442289430.24,12.547,44.289,1790442289487.076,Normal,0.9347
WIX,16808,20260926-185706_p4_c4_cuda_r3,7985,perf_20260926-185706_p4_c4_cuda_r3,0,2028,1790442289643,0,1790442289645.378,12.852,47.726,1790442289706.495,Normal,0.9557
WIX,16808,20260926-185706_p4_c4_cuda_r3,7987,perf_20260926-185706_p4_c4_cuda_r3,0,2029,1790442289752,0,1790442289755.592,15.999,46.483,1790442289818.073,Normal,0.3968
WIX,16808,20260926-185706_p4_c4_cuda_r3,7988,perf_20260926-185706_p4_c4_cuda_r3,0,2030,1790442289817,0,1790442289820.108,12.891,48.391,1790442289882.396,Normal,0.9405
WIX,16808,20260926-185706_p4_c4_cuda_r3,7991,perf_20260926-185706_p4_c4_cuda_r3,0,2031,1790442289973,0,1790442289976.263,21.512,51.819,1790442290050.689,Normal,0.969
WIX,16808,20260926-185706_p4_c4_cuda_r3,7992,perf_20260926-185706_p4_c4_cuda_r3,0,2032,1790442290037,0,1790442290053.688,20.738,48.524,1790442290124.578,Normal,0.9666
WIX,16808,20260926-185706_p4_c4_cuda_r3,8005,perf_20260926-185706_p4_c4_cuda_r3,0,2033,1790442290756,0,1790442290759.316,18.002,45.161,1790442290823.647,Normal,0.9818
WIX,16808,20260926-185706_p4_c4_cuda_r3,8023,perf_20260926-185706_p4_c4_cuda_r3,0,2034,1790442291754,0,1790442291757.145,9.546,48.533,1790442291816.198,Normal,0.9618
WIX,16808,20260926-185706_p4_c4_cuda_r3,8025,perf_20260926-185706_p4_c4_cuda_r3,0,2035,1790442291864,0,1790442291867.329,8.002,46.513,1790442291921.844,Normal,0.7759
WIX,16808,20260926-185706_p4_c4_cuda_r3,8040,perf_20260926-185706_p4_c4_cuda_r3,0,2036,1790442292699,0,1790442292701.819,20.0,48.985,1790442292770.805,Normal,0.9651
WIX,16808,20260926-185706_p4_c4_cuda_r3,8041,perf_20260926-185706_p4_c4_cuda_r3,0,2037,1790442292762,0,1790442292772.84,12.968,49.503,1790442292836.313,OFFENSIVE,0.486
WIX,16808,20260926-185706_p4_c4_cuda_r3,8050,perf_20260926-185706_p4_c4_cuda_r3,0,2038,1790442293248,0,1790442293250.471,16.983,48.818,1790442293317.274,Normal,0.9593
WIX,16808,20260926-185706_p4_c4_cuda_r3,8055,perf_20260926-185706_p4_c4_cuda_r3,0,2039,1790442293529,0,1790442293531.621,21.193,46.985,1790442293600.803,Normal,0.9791
WIX,16808,20260926-185706_p4_c4_cuda_r3,8057,perf_20260926-185706_p4_c4_cuda_r3,0,2040,1790442293639,0,1790442293642.195,21.789,48.155,1790442293713.141,Normal,0.4689
WIX,16808,20260926-185706_p4_c4_cuda_r3,8058,perf_20260926-185706_p4_c4_cuda_r3,0,2041,1790442293702,0,1790442293715.671,28.724,48.43,1790442293793.832,Normal,0.975
WIX,16808,20260926-185706_p4_c4_cuda_r3,8067,perf_20260926-185706_p4_c4_cuda_r3,0,2042,1790442294204,0,1790442294206.75,21.967,45.756,1790442294275.476,Normal,0.9592
WIX,16808,20260926-185706_p4_c4_cuda_r3,8069,perf_20260926-185706_p4_c4_cuda_r3,0,2043,1790442294314,0,1790442294318.028,21.762,44.604,1790442294385.396,Normal,0.9541
WIX,16808,20260926-185706_p4_c4_cuda_r3,8071,perf_20260926-185706_p4_c4_cuda_r3,0,2044,1790442294422,0,1790442294424.818,22.96,45.548,1790442294493.327,Normal,0.9715
WIX,16808,20260926-185706_p4_c4_cuda_r3,8081,perf_20260926-185706_p4_c4_cuda_r3,0,2045,1790442294971,0,1790442294973.703,8.34,46.594,1790442295029.202,Normal,0.961
WIX,16808,20260926-185706_p4_c4_cuda_r3,8083,perf_20260926-185706_p4_c4_cuda_r3,0,2046,1790442295093,0,1790442295096.211,7.715,45.971,1790442295150.434,Normal,0.9671
WIX,16808,20260926-185706_p4_c4_cuda_r3,8084,perf_20260926-185706_p4_c4_cuda_r3,0,2047,1790442295139,0,1790442295153.309,6.267,46.828,1790442295207.413,Normal,0.9179
WIX,16808,20260926-185706_p4_c4_cuda_r3,8088,perf_20260926-185706_p4_c4_cuda_r3,0,2048,1790442295369,0,1790442295371.794,9.702,44.986,1790442295427.484,Normal,0.9495
WIX,16808,20260926-185706_p4_c4_cuda_r3,8090,perf_20260926-185706_p4_c4_cuda_r3,0,2049,1790442295476,0,1790442295479.344,6.78,46.412,1790442295533.059,Normal,0.8584
WIX,16808,20260926-185706_p4_c4_cuda_r3,8092,perf_20260926-185706_p4_c4_cuda_r3,0,2050,1790442295584,0,1790442295586.721,8.738,45.589,1790442295642.049,Normal,0.9663
WIX,16808,20260926-185706_p4_c4_cuda_r3,8094,perf_20260926-185706_p4_c4_cuda_r3,0,2051,1790442295692,0,1790442295695.115,8.491,44.845,1790442295748.98,Normal,0.9573
WIX,16808,20260926-185706_p4_c4_cuda_r3,8103,perf_20260926-185706_p4_c4_cuda_r3,0,2052,1790442296206,0,1790442296209.326,7.999,48.967,1790442296266.292,Normal,0.9724
WIX,16808,20260926-185706_p4_c4_cuda_r3,8107,perf_20260926-185706_p4_c4_cuda_r3,0,2053,1790442296426,0,1790442296428.76,7.175,48.88,1790442296485.861,Normal,0.896
WIX,16808,20260926-185706_p4_c4_cuda_r3,8108,perf_20260926-185706_p4_c4_cuda_r3,0,2054,1790442296473,0,1790442296488.798,9.314,47.327,1790442296546.023,Normal,0.9468
WIX,16808,20260926-185706_p4_c4_cuda_r3,8109,perf_20260926-185706_p4_c4_cuda_r3,0,2055,1790442296533,0,1790442296549.013,6.638,49.304,1790442296605.955,Normal,0.4041
WIX,16808,20260926-185706_p4_c4_cuda_r3,8114,perf_20260926-185706_p4_c4_cuda_r3,0,2056,1790442296813,0,1790442296815.043,15.59,42.769,1790442296874.41,Normal,0.9703
WIX,16808,20260926-185706_p4_c4_cuda_r3,8116,perf_20260926-185706_p4_c4_cuda_r3,0,2057,1790442296922,0,1790442296924.462,11.041,48.08,1790442296984.978,Normal,0.9467
WIX,16808,20260926-185706_p4_c4_cuda_r3,8117,perf_20260926-185706_p4_c4_cuda_r3,0,2058,1790442296984,0,1790442296988.025,10.995,45.775,1790442297045.8,Normal,0.9699
WIX,16808,20260926-185706_p4_c4_cuda_r3,8122,perf_20260926-185706_p4_c4_cuda_r3,0,2059,1790442297253,0,1790442297256.026,27.611,44.773,1790442297329.351,Normal,0.9537
WIX,16808,20260926-185706_p4_c4_cuda_r3,8124,perf_20260926-185706_p4_c4_cuda_r3,0,2060,1790442297362,0,1790442297365.224,13.774,49.049,1790442297428.047,Normal,0.9708
WIX,16808,20260926-185706_p4_c4_cuda_r3,8125,perf_20260926-185706_p4_c4_cuda_r3,0,2061,1790442297425,0,1790442297430.047,12.996,43.995,1790442297488.299,Normal,0.9162
WIX,16808,20260926-185706_p4_c4_cuda_r3,8129,perf_20260926-185706_p4_c4_cuda_r3,0,2062,1790442297645,0,1790442297649.514,12.028,44.306,1790442297706.819,Normal,0.8646
WIX,16808,20260926-185706_p4_c4_cuda_r3,8135,perf_20260926-185706_p4_c4_cuda_r3,0,2063,1790442297976,0,1790442297978.706,21.015,44.453,1790442298045.075,Normal,0.896
WIX,16808,20260926-185706_p4_c4_cuda_r3,8146,perf_20260926-185706_p4_c4_cuda_r3,0,2064,1790442298589,0,1790442298591.949,23.066,47.199,1790442298662.748,Normal,0.7715
WIX,16808,20260926-185706_p4_c4_cuda_r3,8147,perf_20260926-185706_p4_c4_cuda_r3,0,2065,1790442298636,0,1790442298665.767,22.171,46.674,1790442298734.612,Normal,0.9045
WIX,16808,20260926-185706_p4_c4_cuda_r3,8148,perf_20260926-185706_p4_c4_cuda_r3,0,2066,1790442298698,0,1790442298736.633,22.012,48.887,1790442298808.997,Normal,0.9667
WIX,16808,20260926-185706_p4_c4_cuda_r3,8154,perf_20260926-185706_p4_c4_cuda_r3,0,2067,1790442299026,0,1790442299028.779,43.031,43.164,1790442299115.991,Normal,0.9725
WIX,16808,20260926-185706_p4_c4_cuda_r3,8156,perf_20260926-185706_p4_c4_cuda_r3,0,2068,1790442299136,0,1790442299139.194,23.04,46.255,1790442299208.489,Normal,0.9664
WIX,16808,20260926-185706_p4_c4_cuda_r3,8162,perf_20260926-185706_p4_c4_cuda_r3,0,2069,1790442299481,0,1790442299484.358,11.034,48.227,1790442299544.619,OFFENSIVE,0.7976
WIX,16808,20260926-185706_p4_c4_cuda_r3,8168,perf_20260926-185706_p4_c4_cuda_r3,0,2070,1790442299809,0,1790442299812.206,12.092,49.036,1790442299873.333,Normal,0.9655
WIX,16808,20260926-185706_p4_c4_cuda_r3,8172,perf_20260926-185706_p4_c4_cuda_r3,0,2071,1790442300030,0,1790442300032.545,14.998,47.632,1790442300096.137,Normal,0.7652
WIX,16808,20260926-185706_p4_c4_cuda_r3,8174,perf_20260926-185706_p4_c4_cuda_r3,0,2072,1790442300139,0,1790442300141.875,11.974,46.627,1790442300200.475,Normal,0.9732
WIX,16808,20260926-185706_p4_c4_cuda_r3,8176,perf_20260926-185706_p4_c4_cuda_r3,0,2073,1790442300248,0,1790442300251.23,11.605,48.684,1790442300312.526,Normal,0.9765
WIX,16808,20260926-185706_p4_c4_cuda_r3,8179,perf_20260926-185706_p4_c4_cuda_r3,0,2074,1790442300420,0,1790442300422.513,12.001,46.622,1790442300482.139,Normal,0.9738
WIX,16808,20260926-185706_p4_c4_cuda_r3,8185,perf_20260926-185706_p4_c4_cuda_r3,0,2075,1790442300748,0,1790442300750.918,15.0,48.901,1790442300814.819,OFFENSIVE,0.8689
WIX,16808,20260926-185706_p4_c4_cuda_r3,8189,perf_20260926-185706_p4_c4_cuda_r3,0,2076,1790442300969,0,1790442300972.534,15.134,47.285,1790442301034.953,Normal,0.9686
WIX,16808,20260926-185706_p4_c4_cuda_r3,8190,perf_20260926-185706_p4_c4_cuda_r3,0,2077,1790442301032,0,1790442301036.951,19.998,46.437,1790442301105.022,Normal,0.9479
WIX,16808,20260926-185706_p4_c4_cuda_r3,8191,perf_20260926-185706_p4_c4_cuda_r3,0,2078,1790442301094,0,1790442301108.055,20.33,42.449,1790442301172.043,Normal,0.9616
WIX,16808,20260926-185706_p4_c4_cuda_r3,8195,perf_20260926-185706_p4_c4_cuda_r3,0,2079,1790442301314,0,1790442301317.108,20.051,45.642,1790442301383.759,Normal,0.9578
WIX,16808,20260926-185706_p4_c4_cuda_r3,8198,perf_20260926-185706_p4_c4_cuda_r3,0,2080,1790442301470,0,1790442301472.972,18.509,46.683,1790442301539.168,Normal,0.8485
WIX,16808,20260926-185706_p4_c4_cuda_r3,8203,perf_20260926-185706_p4_c4_cuda_r3,0,2081,1790442301754,0,1790442301756.843,32.367,43.384,1790442301833.595,Normal,0.9706
WIX,16808,20260926-185706_p4_c4_cuda_r3,8205,perf_20260926-185706_p4_c4_cuda_r3,0,2082,1790442301864,0,1790442301866.838,22.557,47.955,1790442301938.358,Normal,0.7513
WIX,16808,20260926-185706_p4_c4_cuda_r3,8209,perf_20260926-185706_p4_c4_cuda_r3,0,2083,1790442302086,0,1790442302087.971,157.13,50.624,1790442302295.725,Normal,0.9533
WIX,16808,20260926-185706_p4_c4_cuda_r3,8213,perf_20260926-185706_p4_c4_cuda_r3,0,2084,1790442302306,0,1790442302309.484,7.26,48.491,1790442302365.79,Normal,0.9353
WIX,16808,20260926-185706_p4_c4_cuda_r3,8215,perf_20260926-185706_p4_c4_cuda_r3,0,2085,1790442302414,0,1790442302417.502,8.523,49.051,1790442302475.076,Normal,0.7873
WIX,16808,20260926-185706_p4_c4_cuda_r3,8216,perf_20260926-185706_p4_c4_cuda_r3,0,2086,1790442302478,0,1790442302480.084,8.997,44.341,1790442302534.97,Normal,0.9601
WIX,16808,20260926-185706_p4_c4_cuda_r3,8224,perf_20260926-185706_p4_c4_cuda_r3,0,2087,1790442302921,0,1790442302923.834,7.976,49.305,1790442302982.113,Normal,0.9442
WIX,16808,20260926-185706_p4_c4_cuda_r3,8227,perf_20260926-185706_p4_c4_cuda_r3,0,2088,1790442303094,0,1790442303097.383,8.998,48.935,1790442303155.316,Normal,0.906
WIX,16808,20260926-185706_p4_c4_cuda_r3,8231,perf_20260926-185706_p4_c4_cuda_r3,0,2089,1790442303314,0,1790442303317.361,8.509,46.512,1790442303372.778,Normal,0.9416
WIX,16808,20260926-185706_p4_c4_cuda_r3,8232,perf_20260926-185706_p4_c4_cuda_r3,0,2090,1790442303360,0,1790442303375.784,8.001,50.787,1790442303434.572,Normal,0.9614
WIX,16808,20260926-185706_p4_c4_cuda_r3,8233,perf_20260926-185706_p4_c4_cuda_r3,0,2091,1790442303422,0,1790442303437.572,6.969,47.731,1790442303492.272,Normal,0.9355
WIX,16808,20260926-185706_p4_c4_cuda_r3,8235,perf_20260926-185706_p4_c4_cuda_r3,0,2092,1790442303532,0,1790442303535.409,6.97,44.792,1790442303588.17,Normal,0.9699
WIX,16808,20260926-185706_p4_c4_cuda_r3,8239,perf_20260926-185706_p4_c4_cuda_r3,0,2093,1790442303753,0,1790442303755.921,11.998,47.428,1790442303815.347,Normal,0.9403
WIX,16808,20260926-185706_p4_c4_cuda_r3,8243,perf_20260926-185706_p4_c4_cuda_r3,0,2094,1790442303975,0,1790442303977.388,7.522,45.309,1790442304031.224,Normal,0.9451
WIX,16808,20260926-185706_p4_c4_cuda_r3,8246,perf_20260926-185706_p4_c4_cuda_r3,0,2095,1790442304147,0,1790442304149.228,14.903,46.068,1790442304211.199,Normal,0.9617
WIX,16808,20260926-185706_p4_c4_cuda_r3,8247,perf_20260926-185706_p4_c4_cuda_r3,0,2096,1790442304193,0,1790442304213.756,14.098,50.817,1790442304279.683,Normal,0.9598
WIX,16808,20260926-185706_p4_c4_cuda_r3,8248,perf_20260926-185706_p4_c4_cuda_r3,0,2097,1790442304256,0,1790442304282.217,11.531,49.75,1790442304345.013,Normal,0.8702
WIX,16808,20260926-185706_p4_c4_cuda_r3,8252,perf_20260926-185706_p4_c4_cuda_r3,0,2098,1790442304475,0,1790442304478.445,12.036,45.523,1790442304537.004,Normal,0.9695
WIX,16808,20260926-185706_p4_c4_cuda_r3,8256,perf_20260926-185706_p4_c4_cuda_r3,0,2099,1790442304696,0,1790442304698.726,20.353,49.015,1790442304768.678,Normal,0.9289
WIX,16808,20260926-185706_p4_c4_cuda_r3,8258,perf_20260926-185706_p4_c4_cuda_r3,0,2100,1790442304805,0,1790442304807.194,12.525,50.924,1790442304870.643,Normal,0.9427
WIX,16808,20260926-185706_p4_c4_cuda_r3,8259,perf_20260926-185706_p4_c4_cuda_r3,0,2101,1790442304868,0,1790442304873.671,12.002,45.099,1790442304930.772,Normal,0.9731
WIX,16808,20260926-185706_p4_c4_cuda_r3,8261,perf_20260926-185706_p4_c4_cuda_r3,0,2102,1790442304978,0,1790442304981.133,13.593,45.163,1790442305039.89,Normal,0.9535
WIX,16808,20260926-185706_p4_c4_cuda_r3,8262,perf_20260926-185706_p4_c4_cuda_r3,0,2103,1790442305039,0,1790442305042.403,13.149,45.515,1790442305101.067,Normal,0.834
WIX,16808,20260926-185706_p4_c4_cuda_r3,8268,perf_20260926-185706_p4_c4_cuda_r3,0,2104,1790442305367,0,1790442305369.163,14.053,50.858,1790442305435.025,Normal,0.9724
WIX,16808,20260926-185706_p4_c4_cuda_r3,8269,perf_20260926-185706_p4_c4_cuda_r3,0,2105,1790442305414,0,1790442305437.028,14.992,47.334,1790442305500.343,Normal,0.9371
WIX,16808,20260926-185706_p4_c4_cuda_r3,8271,perf_20260926-185706_p4_c4_cuda_r3,0,2106,1790442305539,0,1790442305541.159,16.998,44.956,1790442305604.11,Normal,0.9214
WIX,16808,20260926-185706_p4_c4_cuda_r3,8273,perf_20260926-185706_p4_c4_cuda_r3,0,2107,1790442305649,0,1790442305652.796,21.001,43.472,1790442305717.269,Normal,0.974
WIX,16808,20260926-185706_p4_c4_cuda_r3,8275,perf_20260926-185706_p4_c4_cuda_r3,0,2108,1790442305760,0,1790442305762.161,22.086,43.81,1790442305829.007,Normal,0.8167
WIX,16808,20260926-185706_p4_c4_cuda_r3,8287,perf_20260926-185706_p4_c4_cuda_r3,0,2109,1790442306421,0,1790442306423.163,48.562,49.423,1790442306522.151,Normal,0.9575
WIX,16808,20260926-185706_p4_c4_cuda_r3,8295,perf_20260926-185706_p4_c4_cuda_r3,0,2110,1790442306873,0,1790442306876.545,12.642,46.603,1790442306935.791,Normal,0.9407
WIX,16808,20260926-185706_p4_c4_cuda_r3,8300,perf_20260926-185706_p4_c4_cuda_r3,0,2111,1790442307138,0,1790442307140.045,9.001,48.135,1790442307198.179,Normal,0.501
WIX,16808,20260926-185706_p4_c4_cuda_r3,8303,perf_20260926-185706_p4_c4_cuda_r3,0,2112,1790442307310,0,1790442307313.229,10.025,49.001,1790442307373.362,Normal,0.8971
WIX,16808,20260926-185706_p4_c4_cuda_r3,8305,perf_20260926-185706_p4_c4_cuda_r3,0,2113,1790442307421,0,1790442307423.304,9.0,50.749,1790442307483.053,Normal,0.8948
WIX,16808,20260926-185706_p4_c4_cuda_r3,8309,perf_20260926-185706_p4_c4_cuda_r3,0,2114,1790442307639,0,1790442307640.924,11.998,48.209,1790442307701.131,Normal,0.9231
WIX,16808,20260926-185706_p4_c4_cuda_r3,8311,perf_20260926-185706_p4_c4_cuda_r3,0,2115,1790442307750,0,1790442307752.713,7.999,49.375,1790442307811.358,Normal,0.9226
WIX,16808,20260926-185706_p4_c4_cuda_r3,8315,perf_20260926-185706_p4_c4_cuda_r3,0,2116,1790442307984,0,1790442307986.231,9.001,44.916,1790442308041.148,Normal,0.9666
WIX,16808,20260926-185706_p4_c4_cuda_r3,8317,perf_20260926-185706_p4_c4_cuda_r3,0,2117,1790442308093,0,1790442308095.574,9.107,46.682,1790442308151.938,Normal,0.7711
WIX,16808,20260926-185706_p4_c4_cuda_r3,8324,perf_20260926-185706_p4_c4_cuda_r3,0,2118,1790442308471,0,1790442308474.261,18.239,48.578,1790442308541.673,Normal,0.9702
WIX,16808,20260926-185706_p4_c4_cuda_r3,8328,perf_20260926-185706_p4_c4_cuda_r3,0,2119,1790442308705,0,1790442308708.357,20.886,45.861,1790442308776.21,Normal,0.9525
WIX,16808,20260926-185706_p4_c4_cuda_r3,8339,perf_20260926-185706_p4_c4_cuda_r3,0,2120,1790442309316,0,1790442309318.741,13.033,45.756,1790442309377.531,Normal,0.9255
WIX,16808,20260926-185706_p4_c4_cuda_r3,8342,perf_20260926-185706_p4_c4_cuda_r3,0,2121,1790442309471,0,1790442309474.633,10.963,48.204,1790442309534.803,Normal,0.9165
WIX,16808,20260926-185706_p4_c4_cuda_r3,8345,perf_20260926-185706_p4_c4_cuda_r3,0,2122,1790442309643,0,1790442309646.171,19.275,43.775,1790442309710.225,Normal,0.9653
WIX,16808,20260926-185706_p4_c4_cuda_r3,8348,perf_20260926-185706_p4_c4_cuda_r3,0,2123,1790442309815,0,1790442309817.82,12.891,47.832,1790442309879.654,Normal,0.9021
WIX,16808,20260926-185706_p4_c4_cuda_r3,8351,perf_20260926-185706_p4_c4_cuda_r3,0,2124,1790442309973,0,1790442309976.095,13.007,48.908,1790442310038.01,Normal,0.9578
WIX,16808,20260926-185706_p4_c4_cuda_r3,8352,perf_20260926-185706_p4_c4_cuda_r3,0,2125,1790442310037,0,1790442310040.045,12.514,46.784,1790442310100.309,Normal,0.9478
WIX,16808,20260926-185706_p4_c4_cuda_r3,8357,perf_20260926-185706_p4_c4_cuda_r3,0,2126,1790442310306,0,1790442310309.507,15.676,45.288,1790442310371.336,Normal,0.9404
WIX,16808,20260926-185706_p4_c4_cuda_r3,8358,perf_20260926-185706_p4_c4_cuda_r3,0,2127,1790442310368,0,1790442310374.645,11.962,49.56,1790442310436.78,Normal,0.9697
WIX,16808,20260926-185706_p4_c4_cuda_r3,8369,perf_20260926-185706_p4_c4_cuda_r3,0,2128,1790442310978,0,1790442310980.788,21.019,44.374,1790442311046.181,Normal,0.915
WIX,16808,20260926-185706_p4_c4_cuda_r3,8373,perf_20260926-185706_p4_c4_cuda_r3,0,2129,1790442311198,0,1790442311200.448,22.782,47.909,1790442311271.14,Normal,0.912
WIX,16808,20260926-185706_p4_c4_cuda_r3,8377,perf_20260926-185706_p4_c4_cuda_r3,0,2130,1790442311418,0,1790442311421.633,22.0,46.19,1790442311489.823,Normal,0.964
WIX,16808,20260926-185706_p4_c4_cuda_r3,8384,perf_20260926-185706_p4_c4_cuda_r3,0,2131,1790442311810,0,1790442311813.387,19.008,44.089,1790442311877.436,Normal,0.9476
WIX,16808,20260926-185706_p4_c4_cuda_r3,8403,perf_20260926-185706_p4_c4_cuda_r3,0,2132,1790442312860,0,1790442312862.25,21.001,45.204,1790442312929.454,Normal,0.9693
WIX,16808,20260926-185706_p4_c4_cuda_r3,8404,perf_20260926-185706_p4_c4_cuda_r3,0,2133,1790442312923,0,1790442312932.033,22.093,44.326,1790442312999.405,Normal,0.912
WIX,16808,20260926-185706_p4_c4_cuda_r3,8408,perf_20260926-185706_p4_c4_cuda_r3,0,2134,1790442313142,0,1790442313144.676,168.027,47.871,1790442313360.574,Normal,0.9185
WIX,16808,20260926-185706_p4_c4_cuda_r3,8416,perf_20260926-185706_p4_c4_cuda_r3,0,2135,1790442313584,0,1790442313586.269,12.003,47.629,1790442313645.901,Normal,0.9423
WIX,16808,20260926-185706_p4_c4_cuda_r3,8419,perf_20260926-185706_p4_c4_cuda_r3,0,2136,1790442313755,0,1790442313758.545,7.523,49.128,1790442313815.196,Normal,0.9647
WIX,16808,20260926-185706_p4_c4_cuda_r3,8420,perf_20260926-185706_p4_c4_cuda_r3,0,2137,1790442313817,0,1790442313819.799,7.999,48.424,1790442313877.288,Normal,0.9593
WIX,16808,20260926-185706_p4_c4_cuda_r3,8421,perf_20260926-185706_p4_c4_cuda_r3,0,2138,1790442313864,0,1790442313880.325,10.969,44.09,1790442313936.355,Normal,0.9089
WIX,16808,20260926-185706_p4_c4_cuda_r3,8423,perf_20260926-185706_p4_c4_cuda_r3,0,2139,1790442313974,0,1790442313977.0,7.971,44.545,1790442314030.518,Normal,0.7894
WIX,16808,20260926-185706_p4_c4_cuda_r3,8429,perf_20260926-185706_p4_c4_cuda_r3,0,2140,1790442314304,0,1790442314306.781,8.973,46.808,1790442314363.561,Normal,0.8765
WIX,16808,20260926-185706_p4_c4_cuda_r3,8435,perf_20260926-185706_p4_c4_cuda_r3,0,2141,1790442314648,0,1790442314650.822,8.138,46.467,1790442314705.427,Normal,0.9665
WIX,16808,20260926-185706_p4_c4_cuda_r3,8442,perf_20260926-185706_p4_c4_cuda_r3,0,2142,1790442315025,0,1790442315028.08,11.337,48.043,1790442315088.002,Normal,0.9643
WIX,16808,20260926-185706_p4_c4_cuda_r3,8444,perf_20260926-185706_p4_c4_cuda_r3,0,2143,1790442315149,0,1790442315151.341,12.074,47.247,1790442315211.668,Normal,0.9423
WIX,16808,20260926-185706_p4_c4_cuda_r3,8450,perf_20260926-185706_p4_c4_cuda_r3,0,2144,1790442315478,0,1790442315481.125,11.933,45.201,1790442315539.37,Normal,0.9702
WIX,16808,20260926-185706_p4_c4_cuda_r3,8453,perf_20260926-185706_p4_c4_cuda_r3,0,2145,1790442315651,0,1790442315654.068,11.431,43.733,1790442315709.233,Normal,0.9423
WIX,16808,20260926-185706_p4_c4_cuda_r3,8459,perf_20260926-185706_p4_c4_cuda_r3,0,2146,1790442315979,0,1790442315982.026,20.718,47.753,1790442316051.452,Normal,0.6856
WIX,16808,20260926-185706_p4_c4_cuda_r3,8460,perf_20260926-185706_p4_c4_cuda_r3,0,2147,1790442316026,0,1790442316054.443,28.505,48.372,1790442316132.37,Normal,0.9498
WIX,16808,20260926-185706_p4_c4_cuda_r3,8462,perf_20260926-185706_p4_c4_cuda_r3,0,2148,1790442316151,0,1790442316154.314,23.014,47.643,1790442316225.828,Normal,0.9709
WIX,16808,20260926-185706_p4_c4_cuda_r3,8463,perf_20260926-185706_p4_c4_cuda_r3,0,2149,1790442316198,0,1790442316228.793,28.6,46.375,1790442316305.162,Normal,0.8814
WIX,16808,20260926-185706_p4_c4_cuda_r3,8465,perf_20260926-185706_p4_c4_cuda_r3,0,2150,1790442316308,0,1790442316310.166,20.068,45.62,1790442316375.854,Normal,0.9309
WIX,16808,20260926-185706_p4_c4_cuda_r3,8468,perf_20260926-185706_p4_c4_cuda_r3,0,2151,1790442316479,0,1790442316482.329,21.031,45.274,1790442316550.041,Normal,0.8471
WIX,16808,20260926-185706_p4_c4_cuda_r3,8483,perf_20260926-185706_p4_c4_cuda_r3,0,2152,1790442317310,0,1790442317313.698,21.215,47.21,1790442317382.123,Normal,0.9423
WIX,16808,20260926-185706_p4_c4_cuda_r3,8488,perf_20260926-185706_p4_c4_cuda_r3,0,2153,1790442317592,0,1790442317595.686,157.171,47.962,1790442317801.818,Normal,0.9462
WIX,16808,20260926-185706_p4_c4_cuda_r3,8491,perf_20260926-185706_p4_c4_cuda_r3,0,2154,1790442317750,0,1790442317803.818,14.02,44.714,1790442317862.552,Normal,0.9656
WIX,16808,20260926-185706_p4_c4_cuda_r3,8496,perf_20260926-185706_p4_c4_cuda_r3,0,2155,1790442318034,0,1790442318037.609,8.65,44.964,1790442318091.222,Normal,0.7824
WIX,16808,20260926-185706_p4_c4_cuda_r3,8503,perf_20260926-185706_p4_c4_cuda_r3,0,2156,1790442318424,0,1790442318427.248,8.035,44.567,1790442318480.204,Normal,0.9375
WIX,16808,20260926-185706_p4_c4_cuda_r3,8504,perf_20260926-185706_p4_c4_cuda_r3,0,2157,1790442318471,0,1790442318482.205,8.029,45.01,1790442318535.243,Normal,0.9619
WIX,16808,20260926-185706_p4_c4_cuda_r3,8507,perf_20260926-185706_p4_c4_cuda_r3,0,2158,1790442318642,0,1790442318644.885,8.997,48.492,1790442318702.374,Normal,0.9566
WIX,16808,20260926-185706_p4_c4_cuda_r3,8522,perf_20260926-185706_p4_c4_cuda_r3,0,2159,1790442319470,0,1790442319473.855,9.523,43.019,1790442319526.396,Normal,0.9561
WIX,16808,20260926-185706_p4_c4_cuda_r3,8524,perf_20260926-185706_p4_c4_cuda_r3,0,2160,1790442319593,0,1790442319596.373,13.686,48.813,1790442319659.414,Normal,0.9502
WIX,16808,20260926-185706_p4_c4_cuda_r3,8533,perf_20260926-185706_p4_c4_cuda_r3,0,2161,1790442320091,0,1790442320093.849,11.04,45.256,1790442320151.1,Normal,0.8806
WIX,16808,20260926-185706_p4_c4_cuda_r3,8539,perf_20260926-185706_p4_c4_cuda_r3,0,2162,1790442320419,0,1790442320421.733,11.576,48.05,1790442320482.362,Normal,0.9556
WIX,16808,20260926-185706_p4_c4_cuda_r3,8546,perf_20260926-185706_p4_c4_cuda_r3,0,2163,1790442320812,0,1790442320815.438,29.162,47.58,1790442320893.18,Normal,0.9531
WIX,16808,20260926-185706_p4_c4_cuda_r3,8547,perf_20260926-185706_p4_c4_cuda_r3,0,2164,1790442320860,0,1790442320895.179,22.997,47.667,1790442320966.395,Normal,0.881
WIX,16808,20260926-185706_p4_c4_cuda_r3,8550,perf_20260926-185706_p4_c4_cuda_r3,0,2165,1790442321031,0,1790442321034.281,22.046,50.049,1790442321107.329,Normal,0.9627
WIX,16808,20260926-185706_p4_c4_cuda_r3,8551,perf_20260926-185706_p4_c4_cuda_r3,0,2166,1790442321094,0,1790442321109.328,22.036,49.183,1790442321181.546,Normal,0.7877
WIX,16808,20260926-185706_p4_c4_cuda_r3,8559,perf_20260926-185706_p4_c4_cuda_r3,0,2167,1790442321534,0,1790442321537.455,21.016,50.666,1790442321610.091,Normal,0.9739
WIX,16808,20260926-185706_p4_c4_cuda_r3,8561,perf_20260926-185706_p4_c4_cuda_r3,0,2168,1790442321646,0,1790442321649.122,34.4,45.913,1790442321730.534,Normal,0.9585
WIX,16808,20260926-185706_p4_c4_cuda_r3,8565,perf_20260926-185706_p4_c4_cuda_r3,0,2169,1790442321866,0,1790442321868.978,20.604,44.161,1790442321934.701,Normal,0.9732
WIX,16808,20260926-185706_p4_c4_cuda_r3,8567,perf_20260926-185706_p4_c4_cuda_r3,0,2170,1790442321975,0,1790442321978.52,22.051,63.127,1790442322064.7,Normal,0.8564
WIX,16808,20260926-185706_p4_c4_cuda_r3,8569,perf_20260926-185706_p4_c4_cuda_r3,0,2171,1790442322086,0,1790442322088.526,21.269,45.101,1790442322156.407,Normal,0.9447
WIX,16808,20260926-185706_p4_c4_cuda_r3,8572,perf_20260926-185706_p4_c4_cuda_r3,0,2172,1790442322258,0,1790442322260.518,22.103,46.561,1790442322330.136,Normal,0.9622
WIX,16808,20260926-185706_p4_c4_cuda_r3,8579,perf_20260926-185706_p4_c4_cuda_r3,0,2173,1790442322650,0,1790442322653.222,20.996,46.685,1790442322722.153,Normal,0.8069
WIX,16808,20260926-185706_p4_c4_cuda_r3,8582,perf_20260926-185706_p4_c4_cuda_r3,0,2174,1790442322807,0,1790442322809.618,176.51,48.847,1790442323034.975,Normal,0.939
WIX,16808,20260926-185706_p4_c4_cuda_r3,8586,perf_20260926-185706_p4_c4_cuda_r3,0,2175,1790442323028,0,1790442323037.77,16.209,50.067,1790442323104.045,Normal,0.8747
WIX,16808,20260926-185706_p4_c4_cuda_r3,8590,perf_20260926-185706_p4_c4_cuda_r3,0,2176,1790442323247,0,1790442323249.842,8.003,49.031,1790442323307.871,Normal,0.9661
WIX,16808,20260926-185706_p4_c4_cuda_r3,8591,perf_20260926-185706_p4_c4_cuda_r3,0,2177,1790442323309,0,1790442323311.873,7.999,45.626,1790442323366.497,OFFENSIVE,0.9157
WIX,16808,20260926-185706_p4_c4_cuda_r3,8594,perf_20260926-185706_p4_c4_cuda_r3,0,2178,1790442323484,0,1790442323486.989,8.017,46.028,1790442323541.985,Normal,0.9573
WIX,16808,20260926-185706_p4_c4_cuda_r3,8596,perf_20260926-185706_p4_c4_cuda_r3,0,2179,1790442323594,0,1790442323596.969,6.995,46.767,1790442323651.697,Normal,0.7287
WIX,16808,20260926-185706_p4_c4_cuda_r3,8599,perf_20260926-185706_p4_c4_cuda_r3,0,2180,1790442323752,0,1790442323754.923,9.0,50.282,1790442323814.205,Normal,0.9344
WIX,16808,20260926-185706_p4_c4_cuda_r3,8600,perf_20260926-185706_p4_c4_cuda_r3,0,2181,1790442323815,0,1790442323817.209,8.004,42.992,1790442323869.201,Normal,0.9532
WIX,16808,20260926-185706_p4_c4_cuda_r3,8602,perf_20260926-185706_p4_c4_cuda_r3,0,2182,1790442323925,0,1790442323927.422,7.001,45.079,1790442323980.501,Normal,0.9448
WIX,16808,20260926-185706_p4_c4_cuda_r3,8611,perf_20260926-185706_p4_c4_cuda_r3,0,2183,1790442324426,0,1790442324429.697,6.998,50.144,1790442324486.839,Normal,0.977
WIX,16808,20260926-185706_p4_c4_cuda_r3,8612,perf_20260926-185706_p4_c4_cuda_r3,0,2184,1790442324473,0,1790442324488.835,7.505,51.241,1790442324547.582,Normal,0.9365
WIX,16808,20260926-185706_p4_c4_cuda_r3,8613,perf_20260926-185706_p4_c4_cuda_r3,0,2185,1790442324536,0,1790442324549.588,8.676,48.708,1790442324606.972,Normal,0.9561
WIX,16808,20260926-185706_p4_c4_cuda_r3,8614,perf_20260926-185706_p4_c4_cuda_r3,0,2186,1790442324583,0,1790442324609.944,8.999,45.16,1790442324664.103,Normal,0.9506
WIX,16808,20260926-185706_p4_c4_cuda_r3,8617,perf_20260926-185706_p4_c4_cuda_r3,0,2187,1790442324756,0,1790442324759.42,8.006,49.647,1790442324818.068,Normal,0.9625
WIX,16808,20260926-185706_p4_c4_cuda_r3,8618,perf_20260926-185706_p4_c4_cuda_r3,0,2188,1790442324803,0,1790442324821.074,18.524,46.01,1790442324887.335,Normal,0.9571
WIX,16808,20260926-185706_p4_c4_cuda_r3,8619,perf_20260926-185706_p4_c4_cuda_r3,0,2189,1790442324866,0,1790442324890.364,14.582,51.071,1790442324957.0,Normal,0.9692
WIX,16808,20260926-185706_p4_c4_cuda_r3,8622,perf_20260926-185706_p4_c4_cuda_r3,0,2190,1790442325037,0,1790442325039.953,13.591,46.76,1790442325101.231,Normal,0.9719
WIX,16808,20260926-185706_p4_c4_cuda_r3,8623,perf_20260926-185706_p4_c4_cuda_r3,0,2191,1790442325084,0,1790442325104.259,11.979,45.696,1790442325161.934,Normal,0.9437
WIX,16808,20260926-185706_p4_c4_cuda_r3,8627,perf_20260926-185706_p4_c4_cuda_r3,0,2192,1790442325305,0,1790442325308.287,15.997,46.024,1790442325370.307,OFFENSIVE,0.8114
WIX,16808,20260926-185706_p4_c4_cuda_r3,8632,perf_20260926-185706_p4_c4_cuda_r3,0,2193,1790442325587,0,1790442325591.915,13.614,45.706,1790442325652.245,Normal,0.9682
WIX,16808,20260926-185706_p4_c4_cuda_r3,8633,perf_20260926-185706_p4_c4_cuda_r3,0,2194,1790442325636,0,1790442325655.253,14.827,45.89,1790442325716.97,Normal,0.936
WIX,16808,20260926-185706_p4_c4_cuda_r3,8639,perf_20260926-185706_p4_c4_cuda_r3,0,2195,1790442325978,0,1790442325981.606,14.05,43.103,1790442326039.761,Normal,0.9631
WIX,16808,20260926-185706_p4_c4_cuda_r3,8643,perf_20260926-185706_p4_c4_cuda_r3,0,2196,1790442326198,0,1790442326200.719,13.69,48.972,1790442326263.382,Normal,0.9716
WIX,16808,20260926-185706_p4_c4_cuda_r3,8647,perf_20260926-185706_p4_c4_cuda_r3,0,2197,1790442326416,0,1790442326418.854,12.544,44.962,1790442326477.359,Normal,0.9133
WIX,16808,20260926-185706_p4_c4_cuda_r3,8648,perf_20260926-185706_p4_c4_cuda_r3,0,2198,1790442326479,0,1790442326481.359,16.52,48.469,1790442326546.347,Normal,0.9779
WIX,16808,20260926-185706_p4_c4_cuda_r3,8652,perf_20260926-185706_p4_c4_cuda_r3,0,2199,1790442326698,0,1790442326700.257,12.664,47.781,1790442326761.22,Normal,0.9275
WIX,16808,20260926-185706_p4_c4_cuda_r3,8653,perf_20260926-185706_p4_c4_cuda_r3,0,2200,1790442326759,0,1790442326763.859,11.972,47.39,1790442326823.221,Normal,0.6843
WIX,16808,20260926-185706_p4_c4_cuda_r3,8655,perf_20260926-185706_p4_c4_cuda_r3,0,2201,1790442326869,0,1790442326871.63,20.992,49.284,1790442326942.574,Normal,0.9519
WIX,16808,20260926-185706_p4_c4_cuda_r3,8657,perf_20260926-185706_p4_c4_cuda_r3,0,2202,1790442326979,0,1790442326981.675,19.652,46.278,1790442327049.056,Normal,0.9152
WIX,16808,20260926-185706_p4_c4_cuda_r3,8659,perf_20260926-185706_p4_c4_cuda_r3,0,2203,1790442327088,0,1790442327090.964,22.538,48.785,1790442327162.63,OFFENSIVE,0.4995
WIX,16808,20260926-185706_p4_c4_cuda_r3,8660,perf_20260926-185706_p4_c4_cuda_r3,0,2204,1790442327150,0,1790442327165.242,21.046,49.002,1790442327235.291,Normal,0.9569
WIX,16808,20260926-185706_p4_c4_cuda_r3,8668,perf_20260926-185706_p4_c4_cuda_r3,0,2205,1790442327589,0,1790442327591.531,28.193,44.34,1790442327664.064,OFFENSIVE,0.8256
WIX,16808,20260926-185706_p4_c4_cuda_r3,8673,perf_20260926-185706_p4_c4_cuda_r3,0,2206,1790442327870,0,1790442327873.434,20.015,44.563,1790442327938.966,Normal,0.967
WIX,16808,20260926-185706_p4_c4_cuda_r3,8675,perf_20260926-185706_p4_c4_cuda_r3,0,2207,1790442327981,0,1790442327984.301,19.609,46.946,1790442328051.883,Normal,0.9458
WIX,16808,20260926-185706_p4_c4_cuda_r3,8676,perf_20260926-185706_p4_c4_cuda_r3,0,2208,1790442328029,0,1790442328054.917,20.664,46.707,1790442328122.288,Normal,0.9593
WIX,16808,20260926-185706_p4_c4_cuda_r3,8677,perf_20260926-185706_p4_c4_cuda_r3,0,2209,1790442328092,0,1790442328124.345,20.01,45.347,1790442328190.749,Normal,0.9435
WIX,16808,20260926-185706_p4_c4_cuda_r3,8678,perf_20260926-185706_p4_c4_cuda_r3,0,2210,1790442328139,0,1790442328193.771,230.74,44.709,1790442328470.222,Normal,0.9563
WIX,16808,20260926-185706_p4_c4_cuda_r3,8684,perf_20260926-185706_p4_c4_cuda_r3,0,2211,1790442328484,0,1790442328488.283,14.24,43.97,1790442328546.493,Normal,0.9641
WIX,16808,20260926-185706_p4_c4_cuda_r3,8687,perf_20260926-185706_p4_c4_cuda_r3,0,2212,1790442328640,0,1790442328643.153,9.188,47.456,1790442328699.796,Normal,0.9423
WIX,16808,20260926-185706_p4_c4_cuda_r3,8697,perf_20260926-185706_p4_c4_cuda_r3,0,2213,1790442329204,0,1790442329206.944,8.001,43.563,1790442329259.507,Normal,0.8118
WIX,16808,20260926-185706_p4_c4_cuda_r3,8701,perf_20260926-185706_p4_c4_cuda_r3,0,2214,1790442329421,0,1790442329424.289,7.638,49.316,1790442329481.243,Normal,0.9479
WIX,16808,20260926-185706_p4_c4_cuda_r3,8702,perf_20260926-185706_p4_c4_cuda_r3,0,2215,1790442329469,0,1790442329484.263,6.072,50.99,1790442329542.334,Normal,0.9512
WIX,16808,20260926-185706_p4_c4_cuda_r3,8703,perf_20260926-185706_p4_c4_cuda_r3,0,2216,1790442329531,0,1790442329544.351,9.567,46.405,1790442329600.323,Normal,0.949
WIX,16808,20260926-185706_p4_c4_cuda_r3,8704,perf_20260926-185706_p4_c4_cuda_r3,0,2217,1790442329594,0,1790442329603.062,10.213,48.289,1790442329662.634,Normal,0.8148
WIX,16808,20260926-185706_p4_c4_cuda_r3,8705,perf_20260926-185706_p4_c4_cuda_r3,0,2218,1790442329639,0,1790442329664.812,8.12,45.182,1790442329718.653,Normal,0.7915
WIX,16808,20260926-185706_p4_c4_cuda_r3,8715,perf_20260926-185706_p4_c4_cuda_r3,0,2219,1790442330203,0,1790442330205.837,12.511,45.087,1790442330264.438,Normal,0.9056
WIX,16808,20260926-185706_p4_c4_cuda_r3,8720,perf_20260926-185706_p4_c4_cuda_r3,0,2220,1790442330469,0,1790442330472.539,36.623,46.65,1790442330556.819,Normal,0.98
WIX,16808,20260926-185706_p4_c4_cuda_r3,8727,perf_20260926-185706_p4_c4_cuda_r3,0,2221,1790442330861,0,1790442330863.723,10.995,47.969,1790442330923.691,Normal,0.7849
WIX,16808,20260926-185706_p4_c4_cuda_r3,8730,perf_20260926-185706_p4_c4_cuda_r3,0,2222,1790442331031,0,1790442331033.975,12.005,47.494,1790442331094.475,Normal,0.9181
WIX,16808,20260926-185706_p4_c4_cuda_r3,8732,perf_20260926-185706_p4_c4_cuda_r3,0,2223,1790442331141,0,1790442331143.047,13.61,47.941,1790442331205.163,Normal,0.927
WIX,16808,20260926-185706_p4_c4_cuda_r3,8733,perf_20260926-185706_p4_c4_cuda_r3,0,2224,1790442331203,0,1790442331208.163,15.536,49.739,1790442331274.441,Normal,0.9697
WIX,16808,20260926-185706_p4_c4_cuda_r3,8734,perf_20260926-185706_p4_c4_cuda_r3,0,2225,1790442331251,0,1790442331277.422,12.039,45.705,1790442331336.467,Normal,0.8941
WIX,16808,20260926-185706_p4_c4_cuda_r3,8743,perf_20260926-185706_p4_c4_cuda_r3,0,2226,1790442331749,0,1790442331751.917,12.143,47.999,1790442331812.059,Normal,0.9247
WIX,16808,20260926-185706_p4_c4_cuda_r3,8751,perf_20260926-185706_p4_c4_cuda_r3,0,2227,1790442332192,0,1790442332195.262,13.177,44.553,1790442332253.524,Normal,0.9696
WIX,16808,20260926-185706_p4_c4_cuda_r3,8754,perf_20260926-185706_p4_c4_cuda_r3,0,2228,1790442332362,0,1790442332365.472,19.963,53.103,1790442332438.538,Normal,0.9247
WIX,16808,20260926-185706_p4_c4_cuda_r3,8755,perf_20260926-185706_p4_c4_cuda_r3,0,2229,1790442332425,0,1790442332441.1,20.693,46.488,1790442332508.281,Normal,0.9375
WIX,16808,20260926-185706_p4_c4_cuda_r3,8758,perf_20260926-185706_p4_c4_cuda_r3,0,2230,1790442332583,0,1790442332585.318,25.551,48.602,1790442332660.469,Normal,0.9075
WIX,16808,20260926-185706_p4_c4_cuda_r3,8759,perf_20260926-185706_p4_c4_cuda_r3,0,2231,1790442332645,0,1790442332662.601,20.052,46.981,1790442332730.629,Normal,0.9375
WIX,16808,20260926-185706_p4_c4_cuda_r3,8760,perf_20260926-185706_p4_c4_cuda_r3,0,2232,1790442332693,0,1790442332733.657,22.051,48.178,1790442332803.886,Normal,0.7897
WIX,16808,20260926-185706_p4_c4_cuda_r3,8770,perf_20260926-185706_p4_c4_cuda_r3,0,2233,1790442333259,0,1790442333261.747,21.203,49.185,1790442333332.136,Normal,0.9256
WIX,16808,20260926-185706_p4_c4_cuda_r3,8771,perf_20260926-185706_p4_c4_cuda_r3,0,2234,1790442333305,0,1790442333334.198,22.02,49.322,1790442333406.513,Normal,0.958
WIX,16808,20260926-185706_p4_c4_cuda_r3,8777,perf_20260926-185706_p4_c4_cuda_r3,0,2235,1790442333651,0,1790442333653.698,22.204,47.949,1790442333724.854,Normal,0.9389
WIX,16808,20260926-185706_p4_c4_cuda_r3,8779,perf_20260926-185706_p4_c4_cuda_r3,0,2236,1790442333761,0,1790442333764.255,21.029,48.134,1790442333834.353,Normal,0.9141
WIX,16808,20260926-185706_p4_c4_cuda_r3,8800,perf_20260926-185706_p4_c4_cuda_r3,0,2237,1790442334924,0,1790442334927.228,8.009,47.895,1790442334983.131,Normal,0.9695
WIX,16808,20260926-185706_p4_c4_cuda_r3,8802,perf_20260926-185706_p4_c4_cuda_r3,0,2238,1790442335033,0,1790442335036.477,7.994,45.933,1790442335091.406,Normal,0.9531
WIX,16808,20260926-185706_p4_c4_cuda_r3,8806,perf_20260926-185706_p4_c4_cuda_r3,0,2239,1790442335255,0,1790442335258.573,7.997,48.628,1790442335315.198,Normal,0.961
WIX,16808,20260926-185706_p4_c4_cuda_r3,8807,perf_20260926-185706_p4_c4_cuda_r3,0,2240,1790442335317,0,1790442335319.205,9.232,45.574,1790442335374.642,Normal,0.9034
WIX,16808,20260926-185706_p4_c4_cuda_r3,8810,perf_20260926-185706_p4_c4_cuda_r3,0,2241,1790442335472,0,1790442335475.036,8.999,48.692,1790442335532.728,Normal,0.8285
WIX,16808,20260926-185706_p4_c4_cuda_r3,8812,perf_20260926-185706_p4_c4_cuda_r3,0,2242,1790442335583,0,1790442335586.045,7.97,49.36,1790442335644.379,Normal,0.942
WIX,16808,20260926-185706_p4_c4_cuda_r3,8814,perf_20260926-185706_p4_c4_cuda_r3,0,2243,1790442335692,0,1790442335695.115,8.996,46.515,1790442335750.626,Normal,0.9513
WIX,16808,20260926-185706_p4_c4_cuda_r3,8815,perf_20260926-185706_p4_c4_cuda_r3,0,2244,1790442335755,0,1790442335757.697,7.97,48.555,1790442335815.227,Normal,0.9362
WIX,16808,20260926-185706_p4_c4_cuda_r3,8820,perf_20260926-185706_p4_c4_cuda_r3,0,2245,1790442336034,0,1790442336036.831,8.998,49.12,1790442336094.948,Normal,0.9126
WIX,16808,20260926-185706_p4_c4_cuda_r3,8821,perf_20260926-185706_p4_c4_cuda_r3,0,2246,1790442336081,0,1790442336096.948,13.0,45.013,1790442336156.315,Normal,0.9541
WIX,16808,20260926-185706_p4_c4_cuda_r3,8822,perf_20260926-185706_p4_c4_cuda_r3,0,2247,1790442336143,0,1790442336158.971,15.314,49.855,1790442336225.149,Normal,0.9786
WIX,16808,20260926-185706_p4_c4_cuda_r3,8833,perf_20260926-185706_p4_c4_cuda_r3,0,2248,1790442336751,0,1790442336755.376,14.043,49.349,1790442336818.767,Normal,0.9155
WIX,16808,20260926-185706_p4_c4_cuda_r3,8836,perf_20260926-185706_p4_c4_cuda_r3,0,2249,1790442336921,0,1790442336923.521,11.982,49.257,1790442336984.76,Normal,0.9376
WIX,16808,20260926-185706_p4_c4_cuda_r3,8838,perf_20260926-185706_p4_c4_cuda_r3,0,2250,1790442337032,0,1790442337034.064,14.052,46.719,1790442337094.836,Normal,0.9447
WIX,16808,20260926-185706_p4_c4_cuda_r3,8842,perf_20260926-185706_p4_c4_cuda_r3,0,2251,1790442337250,0,1790442337252.944,12.645,46.901,1790442337313.487,Normal,0.9643
WIX,16808,20260926-185706_p4_c4_cuda_r3,8849,perf_20260926-185706_p4_c4_cuda_r3,0,2252,1790442337638,0,1790442337641.822,14.312,44.756,1790442337701.852,Normal,0.9436
WIX,16808,20260926-185706_p4_c4_cuda_r3,8853,perf_20260926-185706_p4_c4_cuda_r3,0,2253,1790442337873,0,1790442337875.119,16.162,48.879,1790442337941.157,Normal,0.8664
WIX,16808,20260926-185706_p4_c4_cuda_r3,8860,perf_20260926-185706_p4_c4_cuda_r3,0,2254,1790442338248,0,1790442338251.287,12.084,46.908,1790442338310.827,Normal,0.936
WIX,16808,20260926-185706_p4_c4_cuda_r3,8868,perf_20260926-185706_p4_c4_cuda_r3,0,2255,1790442338702,0,1790442338704.087,23.052,44.952,1790442338772.092,Normal,0.9418
WIX,16808,20260926-185706_p4_c4_cuda_r3,8876,perf_20260926-185706_p4_c4_cuda_r3,0,2256,1790442339142,0,1790442339146.48,10.982,53.473,1790442339211.958,Normal,0.9405
WIX,16808,20260926-185706_p4_c4_cuda_r3,8883,perf_20260926-185706_p4_c4_cuda_r3,0,2257,1790442339534,0,1790442339537.43,11.283,46.352,1790442339596.025,Normal,0.9433
WIX,16808,20260926-185706_p4_c4_cuda_r3,8890,perf_20260926-185706_p4_c4_cuda_r3,0,2258,1790442339925,0,1790442339927.902,15.508,47.942,1790442339992.368,Normal,0.9381
WIX,16808,20260926-185706_p4_c4_cuda_r3,8891,perf_20260926-185706_p4_c4_cuda_r3,0,2259,1790442339973,0,1790442339994.406,11.961,45.879,1790442340053.245,Normal,0.8816
WIX,16808,20260926-185706_p4_c4_cuda_r3,8894,perf_20260926-185706_p4_c4_cuda_r3,0,2260,1790442340146,0,1790442340148.965,12.033,46.528,1790442340208.493,Normal,0.8712
WIX,16808,20260926-185706_p4_c4_cuda_r3,8897,perf_20260926-185706_p4_c4_cuda_r3,0,2261,1790442340302,0,1790442340305.739,13.999,46.565,1790442340367.304,Normal,0.8257
WIX,16808,20260926-185706_p4_c4_cuda_r3,8898,perf_20260926-185706_p4_c4_cuda_r3,0,2262,1790442340366,0,1790442340370.302,15.131,43.202,1790442340429.384,OFFENSIVE,0.5368
WIX,16808,20260926-185706_p4_c4_cuda_r3,8899,perf_20260926-185706_p4_c4_cuda_r3,0,2263,1790442340428,0,1790442340432.659,9.936,44.707,1790442340488.818,Normal,0.9711
WIX,16808,20260926-185706_p4_c4_cuda_r3,8901,perf_20260926-185706_p4_c4_cuda_r3,0,2264,1790442340538,0,1790442340540.942,10.996,51.539,1790442340603.478,Normal,0.9491
WIX,16808,20260926-185706_p4_c4_cuda_r3,8908,perf_20260926-185706_p4_c4_cuda_r3,0,2265,1790442340913,0,1790442340916.238,22.053,43.458,1790442340982.749,Normal,0.9695
WIX,16808,20260926-185706_p4_c4_cuda_r3,8910,perf_20260926-185706_p4_c4_cuda_r3,0,2266,1790442341038,0,1790442341040.93,20.559,47.092,1790442341109.571,Normal,0.9058
WIX,16808,20260926-185706_p4_c4_cuda_r3,8911,perf_20260926-185706_p4_c4_cuda_r3,0,2267,1790442341087,0,1790442341111.585,22.986,49.152,1790442341184.726,Normal,0.9384
WIX,16808,20260926-185706_p4_c4_cuda_r3,8917,perf_20260926-185706_p4_c4_cuda_r3,0,2268,1790442341418,0,1790442341420.811,20.096,43.462,1790442341485.324,Normal,0.9268
WIX,16808,20260926-185706_p4_c4_cuda_r3,8921,perf_20260926-185706_p4_c4_cuda_r3,0,2269,1790442341638,0,1790442341640.775,19.579,49.232,1790442341710.23,Normal,0.9561
WIX,16808,20260926-185706_p4_c4_cuda_r3,8922,perf_20260926-185706_p4_c4_cuda_r3,0,2270,1790442341701,0,1790442341713.224,26.999,52.197,1790442341793.424,OFFENSIVE,0.8641
WIX,16808,20260926-185706_p4_c4_cuda_r3,8923,perf_20260926-185706_p4_c4_cuda_r3,0,2271,1790442341748,0,1790442341796.073,309.734,44.529,1790442342150.336,Normal,0.9697
WIX,16808,20260926-185706_p4_c4_cuda_r3,8938,perf_20260926-185706_p4_c4_cuda_r3,0,2272,1790442342581,0,1790442342584.152,12.6,47.334,1790442342644.086,Normal,0.9011
WIX,16808,20260926-185706_p4_c4_cuda_r3,8939,perf_20260926-185706_p4_c4_cuda_r3,0,2273,1790442342643,0,1790442342646.108,10.488,49.874,1790442342707.471,Normal,0.9526
WIX,16808,20260926-185706_p4_c4_cuda_r3,8942,perf_20260926-185706_p4_c4_cuda_r3,0,2274,1790442342816,0,1790442342818.257,7.997,46.903,1790442342874.158,Normal,0.7603
WIX,16808,20260926-185706_p4_c4_cuda_r3,8947,perf_20260926-185706_p4_c4_cuda_r3,0,2275,1790442343082,0,1790442343085.125,7.508,49.92,1790442343143.664,Normal,0.9503
WIX,16808,20260926-185706_p4_c4_cuda_r3,8955,perf_20260926-185706_p4_c4_cuda_r3,0,2276,1790442343526,0,1790442343528.711,8.002,47.765,1790442343585.477,Normal,0.9345
WIX,16808,20260926-185706_p4_c4_cuda_r3,8959,perf_20260926-185706_p4_c4_cuda_r3,0,2277,1790442343748,0,1790442343750.006,10.222,44.49,1790442343804.718,Normal,0.8408
WIX,16808,20260926-185706_p4_c4_cuda_r3,8960,perf_20260926-185706_p4_c4_cuda_r3,0,2278,1790442343809,0,1790442343811.717,9.001,45.849,1790442343866.566,Normal,0.961
WIX,16808,20260926-185706_p4_c4_cuda_r3,8972,perf_20260926-185706_p4_c4_cuda_r3,0,2279,1790442344483,0,1790442344486.201,12.534,45.408,1790442344544.72,Normal,0.9565
WIX,16808,20260926-185706_p4_c4_cuda_r3,8973,perf_20260926-185706_p4_c4_cuda_r3,0,2280,1790442344529,0,1790442344547.731,36.524,47.885,1790442344633.925,Normal,0.9642
WIX,16808,20260926-185706_p4_c4_cuda_r3,8975,perf_20260926-185706_p4_c4_cuda_r3,0,2281,1790442344639,0,1790442344641.919,15.013,47.107,1790442344704.04,Normal,0.9702
WIX,16808,20260926-185706_p4_c4_cuda_r3,8979,perf_20260926-185706_p4_c4_cuda_r3,0,2282,1790442344858,0,1790442344861.205,13.007,49.266,1790442344923.478,Normal,0.7056
WIX,16808,20260926-185706_p4_c4_cuda_r3,8983,perf_20260926-185706_p4_c4_cuda_r3,0,2283,1790442345093,0,1790442345096.54,12.029,46.822,1790442345156.355,Normal,0.904
WIX,16808,20260926-185706_p4_c4_cuda_r3,8987,perf_20260926-185706_p4_c4_cuda_r3,0,2284,1790442345314,0,1790442345317.241,13.039,49.627,1790442345380.686,Normal,0.9611
WIX,16808,20260926-185706_p4_c4_cuda_r3,8988,perf_20260926-185706_p4_c4_cuda_r3,0,2285,1790442345361,0,1790442345382.692,13.179,45.344,1790442345441.214,Normal,0.913
WIX,16808,20260926-185706_p4_c4_cuda_r3,8989,perf_20260926-185706_p4_c4_cuda_r3,0,2286,1790442345423,0,1790442345444.212,14.053,47.603,1790442345505.868,Normal,0.9517
WIX,16808,20260926-185706_p4_c4_cuda_r3,8993,perf_20260926-185706_p4_c4_cuda_r3,0,2287,1790442345644,0,1790442345647.181,12.009,47.988,1790442345708.141,Normal,0.9607
WIX,16808,20260926-185706_p4_c4_cuda_r3,8995,perf_20260926-185706_p4_c4_cuda_r3,0,2288,1790442345753,0,1790442345755.145,12.96,47.966,1790442345816.072,Normal,0.9478
WIX,16808,20260926-185706_p4_c4_cuda_r3,8996,perf_20260926-185706_p4_c4_cuda_r3,0,2289,1790442345815,0,1790442345819.071,12.038,44.386,1790442345876.592,Normal,0.9484
WIX,16808,20260926-185706_p4_c4_cuda_r3,8999,perf_20260926-185706_p4_c4_cuda_r3,0,2290,1790442345970,0,1790442345973.24,16.046,47.472,1790442346036.758,Normal,0.9668
WIX,16808,20260926-185706_p4_c4_cuda_r3,9002,perf_20260926-185706_p4_c4_cuda_r3,0,2291,1790442346145,0,1790442346147.092,15.825,44.648,1790442346209.168,Normal,0.9596
WIX,16808,20260926-185706_p4_c4_cuda_r3,9018,perf_20260926-185706_p4_c4_cuda_r3,0,2292,1790442347033,0,1790442347036.497,107.619,52.073,1790442347196.189,Normal,0.9619
WIX,16808,20260926-185706_p4_c4_cuda_r3,9029,perf_20260926-185706_p4_c4_cuda_r3,0,2293,1790442347644,0,1790442347647.973,8.515,42.805,1790442347699.293,Normal,0.9498
WIX,16808,20260926-185706_p4_c4_cuda_r3,9031,perf_20260926-185706_p4_c4_cuda_r3,0,2294,1790442347753,0,1790442347756.247,10.519,43.306,1790442347811.076,Normal,0.9274
WIX,16808,20260926-185706_p4_c4_cuda_r3,9032,perf_20260926-185706_p4_c4_cuda_r3,0,2295,1790442347816,0,1790442347818.079,6.999,46.577,1790442347872.654,Normal,0.9023
WIX,16808,20260926-185706_p4_c4_cuda_r3,9035,perf_20260926-185706_p4_c4_cuda_r3,0,2296,1790442347970,0,1790442347972.982,8.769,50.396,1790442348033.145,Normal,0.9756
WIX,16808,20260926-185706_p4_c4_cuda_r3,9038,perf_20260926-185706_p4_c4_cuda_r3,0,2297,1790442348142,0,1790442348145.098,9.019,46.556,1790442348200.673,Normal,0.9643
WIX,16808,20260926-185706_p4_c4_cuda_r3,9039,perf_20260926-185706_p4_c4_cuda_r3,0,2298,1790442348205,0,1790442348207.753,10.011,49.152,1790442348267.905,Normal,0.8288
WIX,16808,20260926-185706_p4_c4_cuda_r3,9040,perf_20260926-185706_p4_c4_cuda_r3,0,2299,1790442348252,0,1790442348269.464,8.51,45.674,1790442348323.648,Normal,0.9516
WIX,16808,20260926-185706_p4_c4_cuda_r3,9042,perf_20260926-185706_p4_c4_cuda_r3,0,2300,1790442348361,0,1790442348364.681,10.973,47.529,1790442348423.183,Normal,0.9515
WIX,16808,20260926-185706_p4_c4_cuda_r3,9043,perf_20260926-185706_p4_c4_cuda_r3,0,2301,1790442348424,0,1790442348426.186,16.995,46.486,1790442348490.677,Normal,0.979
WIX,16808,20260926-185706_p4_c4_cuda_r3,9045,perf_20260926-185706_p4_c4_cuda_r3,0,2302,1790442348534,0,1790442348536.425,6.993,44.173,1790442348588.591,Normal,0.9499
WIX,16808,20260926-185706_p4_c4_cuda_r3,9048,perf_20260926-185706_p4_c4_cuda_r3,0,2303,1790442348704,0,1790442348706.804,7.997,44.174,1790442348759.974,Normal,0.9692
WIX,16808,20260926-185706_p4_c4_cuda_r3,9059,perf_20260926-185706_p4_c4_cuda_r3,0,2304,1790442349303,0,1790442349306.296,13.041,46.359,1790442349366.562,Normal,0.9437
WIX,16808,20260926-185706_p4_c4_cuda_r3,9066,perf_20260926-185706_p4_c4_cuda_r3,0,2305,1790442349694,0,1790442349696.797,16.107,46.251,1790442349760.256,Normal,0.7173
WIX,16808,20260926-185706_p4_c4_cuda_r3,9067,perf_20260926-185706_p4_c4_cuda_r3,0,2306,1790442349757,0,1790442349762.272,16.487,43.365,1790442349823.179,Normal,0.9429
WIX,16808,20260926-185706_p4_c4_cuda_r3,9070,perf_20260926-185706_p4_c4_cuda_r3,0,2307,1790442349915,0,1790442349918.257,11.996,51.31,1790442349982.577,Normal,0.9411
WIX,16808,20260926-185706_p4_c4_cuda_r3,9071,perf_20260926-185706_p4_c4_cuda_r3,0,2308,1790442349980,0,1790442349984.599,14.012,46.625,1790442350046.209,Normal,0.9243
WIX,16808,20260926-185706_p4_c4_cuda_r3,9072,perf_20260926-185706_p4_c4_cuda_r3,0,2309,1790442350027,0,1790442350049.239,12.965,44.925,1790442350107.129,Normal,0.967
WIX,16808,20260926-185706_p4_c4_cuda_r3,9077,perf_20260926-185706_p4_c4_cuda_r3,0,2310,1790442350310,0,1790442350313.156,13.269,46.978,1790442350374.451,Normal,0.9561
WIX,16808,20260926-185706_p4_c4_cuda_r3,9080,perf_20260926-185706_p4_c4_cuda_r3,0,2311,1790442350483,0,1790442350485.309,14.97,48.956,1790442350549.235,Normal,0.9662
WIX,16808,20260926-185706_p4_c4_cuda_r3,9081,perf_20260926-185706_p4_c4_cuda_r3,0,2312,1790442350530,0,1790442350552.232,13.095,46.754,1790442350613.009,Normal,0.9424
WIX,16808,20260926-185706_p4_c4_cuda_r3,9083,perf_20260926-185706_p4_c4_cuda_r3,0,2313,1790442350642,0,1790442350644.903,12.378,48.078,1790442350706.673,Normal,0.9279
WIX,16808,20260926-185706_p4_c4_cuda_r3,9084,perf_20260926-185706_p4_c4_cuda_r3,0,2314,1790442350704,0,1790442350708.681,12.552,48.05,1790442350769.283,Normal,0.9583
WIX,16808,20260926-185706_p4_c4_cuda_r3,9092,perf_20260926-185706_p4_c4_cuda_r3,0,2315,1790442351145,0,1790442351148.348,27.299,45.176,1790442351221.863,Normal,0.9609
WIX,16808,20260926-185706_p4_c4_cuda_r3,9095,perf_20260926-185706_p4_c4_cuda_r3,0,2316,1790442351307,0,1790442351310.99,22.684,47.776,1790442351382.424,Normal,0.977
WIX,16808,20260926-185706_p4_c4_cuda_r3,9096,perf_20260926-185706_p4_c4_cuda_r3,0,2317,1790442351365,0,1790442351385.405,21.604,47.293,1790442351454.302,Normal,0.9669
WIX,16808,20260926-185706_p4_c4_cuda_r3,9097,perf_20260926-185706_p4_c4_cuda_r3,0,2318,1790442351413,0,1790442351457.306,21.74,47.121,1790442351526.168,Normal,0.9058
WIX,16808,20260926-185706_p4_c4_cuda_r3,9105,perf_20260926-185706_p4_c4_cuda_r3,0,2319,1790442351869,0,1790442351872.546,21.539,47.572,1790442351942.439,Normal,0.9363
WIX,16808,20260926-185706_p4_c4_cuda_r3,9106,perf_20260926-185706_p4_c4_cuda_r3,0,2320,1790442351916,0,1790442351945.475,21.013,50.229,1790442352017.763,Normal,0.9723
WIX,16808,20260926-185706_p4_c4_cuda_r3,9108,perf_20260926-185706_p4_c4_cuda_r3,0,2321,1790442352027,0,1790442352029.797,28.019,45.409,1790442352104.319,Normal,0.9333
WIX,16808,20260926-185706_p4_c4_cuda_r3,9111,perf_20260926-185706_p4_c4_cuda_r3,0,2322,1790442352197,0,1790442352199.92,22.272,47.83,1790442352270.021,Normal,0.9375
WIX,16808,20260926-185706_p4_c4_cuda_r3,9115,perf_20260926-185706_p4_c4_cuda_r3,0,2323,1790442352417,0,1790442352420.453,21.999,45.933,1790442352488.385,HATE,0.4354
WIX,16808,20260926-185706_p4_c4_cuda_r3,9120,perf_20260926-185706_p4_c4_cuda_r3,0,2324,1790442352699,0,1790442352701.928,21.064,44.923,1790442352768.933,Normal,0.9624
WIX,16808,20260926-185706_p4_c4_cuda_r3,9125,perf_20260926-185706_p4_c4_cuda_r3,0,2325,1790442352980,0,1790442352983.536,27.624,45.423,1790442353057.729,Normal,0.9594
WIX,16808,20260926-185706_p4_c4_cuda_r3,9132,perf_20260926-185706_p4_c4_cuda_r3,0,2326,1790442353372,0,1790442353374.983,15.514,46.649,1790442353437.146,Normal,0.9407
WIX,16808,20260926-185706_p4_c4_cuda_r3,9133,perf_20260926-185706_p4_c4_cuda_r3,0,2327,1790442353418,0,1790442353439.148,12.0,48.903,1790442353501.204,Normal,0.7328
WIX,16808,20260926-185706_p4_c4_cuda_r3,9134,perf_20260926-185706_p4_c4_cuda_r3,0,2328,1790442353481,0,1790442353503.193,12.195,46.902,1790442353562.29,Normal,0.9368
WIX,16808,20260926-185706_p4_c4_cuda_r3,9135,perf_20260926-185706_p4_c4_cuda_r3,0,2329,1790442353527,0,1790442353565.318,11.049,48.357,1790442353626.174,Normal,0.9205
WIX,16808,20260926-185706_p4_c4_cuda_r3,9136,perf_20260926-185706_p4_c4_cuda_r3,0,2330,1790442353589,0,1790442353629.196,23.965,48.095,1790442353702.257,Normal,0.9222
WIX,16808,20260926-185706_p4_c4_cuda_r3,9138,perf_20260926-185706_p4_c4_cuda_r3,0,2331,1790442353700,0,1790442353705.26,11.057,48.66,1790442353764.977,Normal,0.965
WIX,16808,20260926-185706_p4_c4_cuda_r3,9141,perf_20260926-185706_p4_c4_cuda_r3,0,2332,1790442353871,0,1790442353874.021,12.614,44.276,1790442353931.904,Normal,0.8526
WIX,16808,20260926-185706_p4_c4_cuda_r3,9149,perf_20260926-185706_p4_c4_cuda_r3,0,2333,1790442354309,0,1790442354311.89,11.199,47.652,1790442354371.712,Normal,0.8893
WIX,16808,20260926-185706_p4_c4_cuda_r3,9153,perf_20260926-185706_p4_c4_cuda_r3,0,2334,1790442354525,0,1790442354528.393,13.964,48.297,1790442354591.649,Normal,0.928
WIX,16808,20260926-185706_p4_c4_cuda_r3,9157,perf_20260926-185706_p4_c4_cuda_r3,0,2335,1790442354761,0,1790442354764.382,12.015,47.571,1790442354823.968,Normal,0.7078
WIX,16808,20260926-185706_p4_c4_cuda_r3,9158,perf_20260926-185706_p4_c4_cuda_r3,0,2336,1790442354808,0,1790442354826.591,11.001,46.464,1790442354885.019,Normal,0.9523
WIX,16808,20260926-185706_p4_c4_cuda_r3,9160,perf_20260926-185706_p4_c4_cuda_r3,0,2337,1790442354918,0,1790442354921.589,10.971,47.76,1790442354981.322,Normal,0.9706
WIX,16808,20260926-185706_p4_c4_cuda_r3,9161,perf_20260926-185706_p4_c4_cuda_r3,0,2338,1790442354981,0,1790442354983.323,21.608,45.564,1790442355051.446,Normal,0.9357
WIX,16808,20260926-185706_p4_c4_cuda_r3,9164,perf_20260926-185706_p4_c4_cuda_r3,0,2339,1790442355137,0,1790442355139.974,20.996,44.955,1790442355206.928,Normal,0.7137
WIX,16808,20260926-185706_p4_c4_cuda_r3,9165,perf_20260926-185706_p4_c4_cuda_r3,0,2340,1790442355201,0,1790442355208.92,21.508,44.172,1790442355275.605,Normal,0.9209
WIX,16808,20260926-185706_p4_c4_cuda_r3,9171,perf_20260926-185706_p4_c4_cuda_r3,0,2341,1790442355527,0,1790442355530.468,18.96,43.509,1790442355593.938,Normal,0.936
WIX,16808,20260926-185706_p4_c4_cuda_r3,9179,perf_20260926-185706_p4_c4_cuda_r3,0,2342,1790442355982,0,1790442355985.005,19.594,46.013,1790442356051.448,Normal,0.9375
WIX,16808,20260926-185706_p4_c4_cuda_r3,9181,perf_20260926-185706_p4_c4_cuda_r3,0,2343,1790442356090,0,1790442356092.933,21.927,42.457,1790442356157.961,Normal,0.9215
WIX,16808,20260926-185706_p4_c4_cuda_r3,9185,perf_20260926-185706_p4_c4_cuda_r3,0,2344,1790442356305,0,1790442356307.783,20.596,44.775,1790442356373.154,Normal,0.9617
WIX,16808,20260926-185706_p4_c4_cuda_r3,9186,perf_20260926-185706_p4_c4_cuda_r3,0,2345,1790442356366,0,1790442356375.838,26.886,43.7,1790442356446.961,Normal,0.9538
WIX,16808,20260926-185706_p4_c4_cuda_r3,9187,perf_20260926-185706_p4_c4_cuda_r3,0,2346,1790442356427,0,1790442356449.724,20.522,45.464,1790442356517.129,Normal,0.9662
WIX,16808,20260926-185706_p4_c4_cuda_r3,9192,perf_20260926-185706_p4_c4_cuda_r3,0,2347,1790442356705,0,1790442356708.328,20.904,45.918,1790442356775.15,Normal,0.9519
WIX,16808,20260926-185706_p4_c4_cuda_r3,9200,perf_20260926-185706_p4_c4_cuda_r3,0,2348,1790442357138,0,1790442357141.365,23.967,46.109,1790442357211.44,Normal,0.9788
WIX,16808,20260926-185706_p4_c4_cuda_r3,9203,perf_20260926-185706_p4_c4_cuda_r3,0,2349,1790442357312,0,1790442357315.183,11.171,46.211,1790442357373.521,Normal,0.8658
WIX,16808,20260926-185706_p4_c4_cuda_r3,9213,perf_20260926-185706_p4_c4_cuda_r3,0,2350,1790442357859,0,1790442357862.485,12.057,45.715,1790442357920.257,Normal,0.8161
WIX,16808,20260926-185706_p4_c4_cuda_r3,9215,perf_20260926-185706_p4_c4_cuda_r3,0,2351,1790442357970,0,1790442357972.602,12.524,45.188,1790442358030.313,Normal,0.8651
WIX,16808,20260926-185706_p4_c4_cuda_r3,9222,perf_20260926-185706_p4_c4_cuda_r3,0,2352,1790442358363,0,1790442358365.793,27.192,43.645,1790442358436.631,Normal,0.9786
WIX,16808,20260926-185706_p4_c4_cuda_r3,9225,perf_20260926-185706_p4_c4_cuda_r3,0,2353,1790442358534,0,1790442358539.381,15.011,47.805,1790442358602.197,Normal,0.9743
WIX,16808,20260926-185706_p4_c4_cuda_r3,9226,perf_20260926-185706_p4_c4_cuda_r3,0,2354,1790442358581,0,1790442358604.928,11.134,49.341,1790442358665.403,Normal,0.9642
WIX,16808,20260926-185706_p4_c4_cuda_r3,9232,perf_20260926-185706_p4_c4_cuda_r3,0,2355,1790442358927,0,1790442358930.408,10.997,48.588,1790442358990.696,Normal,0.9119
WIX,16808,20260926-185706_p4_c4_cuda_r3,9241,perf_20260926-185706_p4_c4_cuda_r3,0,2356,1790442359425,0,1790442359428.45,21.198,46.203,1790442359495.852,Normal,0.9768
WIX,16808,20260926-185706_p4_c4_cuda_r3,9246,perf_20260926-185706_p4_c4_cuda_r3,0,2357,1790442359691,0,1790442359694.591,330.62,44.386,1790442360069.597,Normal,0.9302
WIX,16808,20260926-185706_p4_c4_cuda_r3,9251,perf_20260926-185706_p4_c4_cuda_r3,0,2358,1790442359974,0,1790442360071.598,8.003,51.063,1790442360130.665,Normal,0.949
WIX,16808,20260926-185706_p4_c4_cuda_r3,9256,perf_20260926-185706_p4_c4_cuda_r3,0,2359,1790442360254,0,1790442360257.857,9.68,51.374,1790442360318.911,Normal,0.9552
WIX,16808,20260926-185706_p4_c4_cuda_r3,9260,perf_20260926-185706_p4_c4_cuda_r3,0,2360,1790442360472,0,1790442360474.949,8.017,45.609,1790442360529.572,Normal,0.9775
WIX,16808,20260926-185706_p4_c4_cuda_r3,9274,perf_20260926-185706_p4_c4_cuda_r3,0,2361,1790442361259,0,1790442361262.423,8.0,43.636,1790442361315.021,Normal,0.9626
WIX,16808,20260926-185706_p4_c4_cuda_r3,9283,perf_20260926-185706_p4_c4_cuda_r3,0,2362,1790442361758,0,1790442361761.058,9.0,44.95,1790442361815.008,Normal,0.9415
WIX,16808,20260926-185706_p4_c4_cuda_r3,9292,perf_20260926-185706_p4_c4_cuda_r3,0,2363,1790442362261,0,1790442362264.994,13.998,48.789,1790442362328.69,Normal,0.9508
WIX,16808,20260926-185706_p4_c4_cuda_r3,9294,perf_20260926-185706_p4_c4_cuda_r3,0,2364,1790442362372,0,1790442362375.6,16.035,45.428,1790442362437.063,Normal,0.8799
WIX,16808,20260926-185706_p4_c4_cuda_r3,9295,perf_20260926-185706_p4_c4_cuda_r3,0,2365,1790442362419,0,1790442362439.064,11.344,43.537,1790442362494.463,Normal,0.901
WIX,16808,20260926-185706_p4_c4_cuda_r3,9300,perf_20260926-185706_p4_c4_cuda_r3,0,2366,1790442362702,0,1790442362705.345,12.532,45.537,1790442362764.419,Normal,0.7767
WIX,16808,20260926-185706_p4_c4_cuda_r3,9304,perf_20260926-185706_p4_c4_cuda_r3,0,2367,1790442362925,0,1790442362928.088,14.702,46.693,1790442362989.483,Normal,0.9694
WIX,16808,20260926-185706_p4_c4_cuda_r3,9307,perf_20260926-185706_p4_c4_cuda_r3,0,2368,1790442363082,0,1790442363085.232,21.041,45.275,1790442363151.548,Normal,0.5169
WIX,16808,20260926-185706_p4_c4_cuda_r3,9311,perf_20260926-185706_p4_c4_cuda_r3,0,2369,1790442363316,0,1790442363318.839,21.511,43.661,1790442363384.011,Normal,0.9343
WIX,16808,20260926-185706_p4_c4_cuda_r3,9317,perf_20260926-185706_p4_c4_cuda_r3,0,2370,1790442363645,0,1790442363647.682,208.385,43.816,1790442363900.882,Normal,0.9425
WIX,16808,20260926-185706_p4_c4_cuda_r3,9319,perf_20260926-185706_p4_c4_cuda_r3,0,2371,1790442363755,0,1790442363902.882,10.146,44.403,1790442363958.408,Normal,0.9474
WIX,16808,20260926-185706_p4_c4_cuda_r3,9327,perf_20260926-185706_p4_c4_cuda_r3,0,2372,1790442364206,0,1790442364209.146,6.51,42.549,1790442364259.205,Normal,0.959
WIX,16808,20260926-185706_p4_c4_cuda_r3,9332,perf_20260926-185706_p4_c4_cuda_r3,0,2373,1790442364473,0,1790442364475.445,7.999,48.203,1790442364532.645,Normal,0.9266
WIX,16808,20260926-185706_p4_c4_cuda_r3,9337,perf_20260926-185706_p4_c4_cuda_r3,0,2374,1790442364760,0,1790442364762.842,8.986,48.325,1790442364820.152,Normal,0.8992
WIX,16808,20260926-185706_p4_c4_cuda_r3,9338,perf_20260926-185706_p4_c4_cuda_r3,0,2375,1790442364806,0,1790442364822.154,11.044,46.649,1790442364879.847,Normal,0.9734
WIX,16808,20260926-185706_p4_c4_cuda_r3,9343,perf_20260926-185706_p4_c4_cuda_r3,0,2376,1790442365086,0,1790442365088.341,9.025,46.971,1790442365144.337,Normal,0.9811
WIX,16808,20260926-185706_p4_c4_cuda_r3,9348,perf_20260926-185706_p4_c4_cuda_r3,0,2377,1790442365366,0,1790442365369.291,9.973,48.355,1790442365427.618,Normal,0.9428
WIX,16808,20260926-185706_p4_c4_cuda_r3,9361,perf_20260926-185706_p4_c4_cuda_r3,0,2378,1790442366086,0,1790442366089.521,12.0,44.491,1790442366147.021,Normal,0.9658
WIX,16808,20260926-185706_p4_c4_cuda_r3,9373,perf_20260926-185706_p4_c4_cuda_r3,0,2379,1790442366761,0,1790442366763.711,21.186,44.025,1790442366828.923,Normal,0.9832
WIX,16808,20260926-185706_p4_c4_cuda_r3,9377,perf_20260926-185706_p4_c4_cuda_r3,0,2380,1790442366979,0,1790442366981.737,21.0,44.826,1790442367047.562,Normal,0.9407
WIX,16808,20260926-185706_p4_c4_cuda_r3,9380,perf_20260926-185706_p4_c4_cuda_r3,0,2381,1790442367135,0,1790442367138.599,21.198,47.732,1790442367208.483,Normal,0.9524
WIX,16808,20260926-185706_p4_c4_cuda_r3,9381,perf_20260926-185706_p4_c4_cuda_r3,0,2382,1790442367198,0,1790442367211.476,22.519,48.064,1790442367283.652,Normal,0.9565
WIX,16808,20260926-185706_p4_c4_cuda_r3,9387,perf_20260926-185706_p4_c4_cuda_r3,0,2383,1790442367525,0,1790442367527.883,21.512,43.813,1790442367594.455,Normal,0.9277
WIX,16808,20260926-185706_p4_c4_cuda_r3,9393,perf_20260926-185706_p4_c4_cuda_r3,0,2384,1790442367871,0,1790442367874.103,21.999,43.297,1790442367940.4,Normal,0.965
WIX,16808,20260926-185706_p4_c4_cuda_r3,9397,perf_20260926-185706_p4_c4_cuda_r3,0,2385,1790442368091,0,1790442368094.137,21.05,45.663,1790442368161.803,Normal,0.9549
WIX,16808,20260926-185706_p4_c4_cuda_r3,9400,perf_20260926-185706_p4_c4_cuda_r3,0,2386,1790442368248,0,1790442368250.808,22.013,48.256,1790442368322.062,Normal,0.9597
WIX,16808,20260926-185706_p4_c4_cuda_r3,9406,perf_20260926-185706_p4_c4_cuda_r3,0,2387,1790442368593,0,1790442368595.572,21.596,46.274,1790442368664.444,Normal,0.9266
WIX,16808,20260926-185706_p4_c4_cuda_r3,9409,perf_20260926-185706_p4_c4_cuda_r3,0,2388,1790442368748,0,1790442368751.362,21.114,46.3,1790442368818.776,Normal,0.9165
WIX,16808,20260926-185706_p4_c4_cuda_r3,9410,perf_20260926-185706_p4_c4_cuda_r3,0,2389,1790442368811,0,1790442368821.779,19.553,43.771,1790442368885.102,Normal,0.9556
WIX,16808,20260926-185706_p4_c4_cuda_r3,9411,perf_20260926-185706_p4_c4_cuda_r3,0,2390,1790442368873,0,1790442368887.623,20.547,43.393,1790442368952.576,Normal,0.9598
WIX,16808,20260926-185706_p4_c4_cuda_r3,9413,perf_20260926-185706_p4_c4_cuda_r3,0,2391,1790442368983,0,1790442368985.375,19.832,43.174,1790442369048.381,Normal,0.9247
WIX,16808,20260926-185706_p4_c4_cuda_r3,9415,perf_20260926-185706_p4_c4_cuda_r3,0,2392,1790442369092,0,1790442369094.066,20.133,47.988,1790442369162.188,Normal,0.9509
WIX,16808,20260926-185706_p4_c4_cuda_r3,9421,perf_20260926-185706_p4_c4_cuda_r3,0,2393,1790442369423,0,1790442369426.7,22.64,50.764,1790442369501.153,Normal,0.6589
WIX,16808,20260926-185706_p4_c4_cuda_r3,9422,perf_20260926-185706_p4_c4_cuda_r3,0,2394,1790442369470,0,1790442369503.154,213.341,44.879,1790442369761.916,Normal,0.9785
WIX,16808,20260926-185706_p4_c4_cuda_r3,9426,perf_20260926-185706_p4_c4_cuda_r3,0,2395,1790442369703,0,1790442369764.43,8.031,45.404,1790442369817.865,Normal,0.9048
WIX,16808,20260926-185706_p4_c4_cuda_r3,9427,perf_20260926-185706_p4_c4_cuda_r3,0,2396,1790442369751,0,1790442369817.865,11.536,47.995,1790442369877.847,Normal,0.9353
WIX,16808,20260926-185706_p4_c4_cuda_r3,9430,perf_20260926-185706_p4_c4_cuda_r3,0,2397,1790442369922,0,1790442369924.872,6.51,46.98,1790442369979.333,Normal,0.9143
WIX,16808,20260926-185706_p4_c4_cuda_r3,9440,perf_20260926-185706_p4_c4_cuda_r3,0,2398,1790442370472,0,1790442370474.683,8.991,46.125,1790442370530.781,Normal,0.9806
WIX,16808,20260926-185706_p4_c4_cuda_r3,9448,perf_20260926-185706_p4_c4_cuda_r3,0,2399,1790442370928,0,1790442370930.743,8.153,43.859,1790442370983.346,Normal,0.9119
WIX,16808,20260926-185706_p4_c4_cuda_r3,9455,perf_20260926-185706_p4_c4_cuda_r3,0,2400,1790442371306,0,1790442371309.727,8.0,46.798,1790442371365.232,Normal,0.9375
WIX,16808,20260926-185706_p4_c4_cuda_r3,9456,perf_20260926-185706_p4_c4_cuda_r3,0,2401,1790442371369,0,1790442371371.233,10.977,43.879,1790442371427.18,Normal,0.9698
WIX,16808,20260926-185706_p4_c4_cuda_r3,9470,perf_20260926-185706_p4_c4_cuda_r3,0,2402,1790442372155,0,1790442372158.626,36.141,50.815,1790442372246.565,Normal,0.9419
WIX,16808,20260926-185706_p4_c4_cuda_r3,9476,perf_20260926-185706_p4_c4_cuda_r3,0,2403,1790442372484,0,1790442372487.504,12.999,43.766,1790442372545.694,Normal,0.959
WIX,16808,20260926-185706_p4_c4_cuda_r3,9480,perf_20260926-185706_p4_c4_cuda_r3,0,2404,1790442372703,0,1790442372706.636,20.009,47.248,1790442372775.018,Normal,0.96
WIX,16808,20260926-185706_p4_c4_cuda_r3,9484,perf_20260926-185706_p4_c4_cuda_r3,0,2405,1790442372924,0,1790442372926.766,26.584,49.971,1790442373004.275,Normal,0.9598
WIX,16808,20260926-185706_p4_c4_cuda_r3,9485,perf_20260926-185706_p4_c4_cuda_r3,0,2406,1790442372971,0,1790442373006.283,22.996,49.761,1790442373080.304,Normal,0.939
WIX,16808,20260926-185706_p4_c4_cuda_r3,9499,perf_20260926-185706_p4_c4_cuda_r3,0,2407,1790442373759,0,1790442373762.042,25.997,51.158,1790442373839.197,Normal,0.9422
WIX,16808,20260926-185706_p4_c4_cuda_r3,9503,perf_20260926-185706_p4_c4_cuda_r3,0,2408,1790442373978,0,1790442373981.028,7.999,44.346,1790442374033.372,Normal,0.9762
WIX,16808,20260926-185706_p4_c4_cuda_r3,9510,perf_20260926-185706_p4_c4_cuda_r3,0,2409,1790442374369,0,1790442374371.361,6.999,43.999,1790442374423.323,Normal,0.9292
WIX,16808,20260926-185706_p4_c4_cuda_r3,9511,perf_20260926-185706_p4_c4_cuda_r3,0,2410,1790442374416,0,1790442374426.319,7.006,47.099,1790442374480.424,Normal,0.9493
WIX,16808,20260926-185706_p4_c4_cuda_r3,9512,perf_20260926-185706_p4_c4_cuda_r3,0,2411,1790442374478,0,1790442374483.451,6.01,44.156,1790442374534.581,Normal,0.9085
WIX,16808,20260926-185706_p4_c4_cuda_r3,9515,perf_20260926-185706_p4_c4_cuda_r3,0,2412,1790442374649,0,1790442374651.587,7.435,45.93,1790442374705.51,Normal,0.9657
WIX,16808,20260926-185706_p4_c4_cuda_r3,9521,perf_20260926-185706_p4_c4_cuda_r3,0,2413,1790442374978,0,1790442374981.053,6.98,44.998,1790442375034.011,Normal,0.8811
WIX,16808,20260926-185706_p4_c4_cuda_r3,9525,perf_20260926-185706_p4_c4_cuda_r3,0,2414,1790442375198,0,1790442375201.439,8.981,47.2,1790442375257.62,Normal,0.9582
WIX,16808,20260926-185706_p4_c4_cuda_r3,9530,perf_20260926-185706_p4_c4_cuda_r3,0,2415,1790442375481,0,1790442375483.787,7.992,44.724,1790442375537.491,Normal,0.9475
WIX,16808,20260926-185706_p4_c4_cuda_r3,9538,perf_20260926-185706_p4_c4_cuda_r3,0,2416,1790442375922,0,1790442375925.619,15.507,46.998,1790442375988.124,Normal,0.9077
WIX,16808,20260926-185706_p4_c4_cuda_r3,9549,perf_20260926-185706_p4_c4_cuda_r3,0,2417,1790442376532,0,1790442376536.01,20.05,46.463,1790442376603.563,Normal,0.9451
WIX,16808,20260926-185706_p4_c4_cuda_r3,9560,perf_20260926-185706_p4_c4_cuda_r3,0,2418,1790442377148,0,1790442377150.22,23.158,48.965,1790442377223.024,Normal,0.856
WIX,16808,20260926-185706_p4_c4_cuda_r3,9561,perf_20260926-185706_p4_c4_cuda_r3,0,2419,1790442377194,0,1790442377225.03,23.04,47.143,1790442377295.999,Normal,0.9577
WIX,16808,20260926-185706_p4_c4_cuda_r3,9563,perf_20260926-185706_p4_c4_cuda_r3,0,2420,1790442377304,0,1790442377306.991,28.049,46.024,1790442377382.011,Normal,0.9439
WIX,16808,20260926-185706_p4_c4_cuda_r3,9569,perf_20260926-185706_p4_c4_cuda_r3,0,2421,1790442377637,0,1790442377640.199,20.004,49.248,1790442377710.922,Normal,0.8702
WIX,16808,20260926-185706_p4_c4_cuda_r3,9573,perf_20260926-185706_p4_c4_cuda_r3,0,2422,1790442377858,0,1790442377860.965,20.631,45.969,1790442377928.563,Normal,0.9728
WIX,16808,20260926-185706_p4_c4_cuda_r3,9575,perf_20260926-185706_p4_c4_cuda_r3,0,2423,1790442377984,0,1790442377987.158,22.662,46.689,1790442378057.473,Normal,0.9707
WIX,16808,20260926-185706_p4_c4_cuda_r3,9576,perf_20260926-185706_p4_c4_cuda_r3,0,2424,1790442378031,0,1790442378059.958,22.393,47.078,1790442378129.429,Normal,0.8916
WIX,16808,20260926-185706_p4_c4_cuda_r3,9585,perf_20260926-185706_p4_c4_cuda_r3,0,2425,1790442378531,0,1790442378533.919,21.959,48.26,1790442378604.681,Normal,0.951
WIX,16808,20260926-185706_p4_c4_cuda_r3,9588,perf_20260926-185706_p4_c4_cuda_r3,0,2426,1790442378704,0,1790442378707.086,21.998,44.511,1790442378773.596,Normal,0.6994
WIX,16808,20260926-185706_p4_c4_cuda_r3,9597,perf_20260926-185706_p4_c4_cuda_r3,0,2427,1790442379193,0,1790442379195.207,20.992,45.937,1790442379263.078,Normal,0.8617
WIX,16808,20260926-185706_p4_c4_cuda_r3,9603,perf_20260926-185706_p4_c4_cuda_r3,0,2428,1790442379537,0,1790442379540.436,164.772,44.247,1790442379749.997,Normal,0.8655
WIX,16808,20260926-185706_p4_c4_cuda_r3,9609,perf_20260926-185706_p4_c4_cuda_r3,0,2429,1790442379862,0,1790442379866.163,15.346,51.041,1790442379932.55,Normal,0.9375
WIX,16808,20260926-185706_p4_c4_cuda_r3,9614,perf_20260926-185706_p4_c4_cuda_r3,0,2430,1790442380143,0,1790442380146.541,9.003,45.438,1790442380202.49,Normal,0.9465
WIX,16808,20260926-185706_p4_c4_cuda_r3,9618,perf_20260926-185706_p4_c4_cuda_r3,0,2431,1790442380361,0,1790442380363.828,11.622,49.741,1790442380426.191,Normal,0.8159
WIX,16808,20260926-185706_p4_c4_cuda_r3,9619,perf_20260926-185706_p4_c4_cuda_r3,0,2432,1790442380423,0,1790442380429.427,9.963,46.402,1790442380486.792,Normal,0.9483
WIX,16808,20260926-185706_p4_c4_cuda_r3,9623,perf_20260926-185706_p4_c4_cuda_r3,0,2433,1790442380642,0,1790442380644.944,8.025,47.177,1790442380701.152,Normal,0.9475
WIX,16808,20260926-185706_p4_c4_cuda_r3,9625,perf_20260926-185706_p4_c4_cuda_r3,0,2434,1790442380753,0,1790442380756.597,8.018,46.043,1790442380810.657,Normal,0.9764
WIX,16808,20260926-185706_p4_c4_cuda_r3,9633,perf_20260926-185706_p4_c4_cuda_r3,0,2435,1790442381193,0,1790442381196.086,8.997,44.985,1790442381250.068,Normal,0.9791
WIX,16808,20260926-185706_p4_c4_cuda_r3,9634,perf_20260926-185706_p4_c4_cuda_r3,0,2436,1790442381255,0,1790442381258.065,7.004,46.291,1790442381312.569,Normal,0.9412
WIX,16808,20260926-185706_p4_c4_cuda_r3,9635,perf_20260926-185706_p4_c4_cuda_r3,0,2437,1790442381302,0,1790442381314.573,8.025,45.168,1790442381367.766,Normal,0.9212
WIX,16808,20260926-185706_p4_c4_cuda_r3,9641,perf_20260926-185706_p4_c4_cuda_r3,0,2438,1790442381648,0,1790442381651.465,11.819,45.321,1790442381709.608,Normal,0.9499
WIX,16808,20260926-185706_p4_c4_cuda_r3,9647,perf_20260926-185706_p4_c4_cuda_r3,0,2439,1790442381978,0,1790442381981.476,18.631,43.592,1790442382044.702,HATE,0.6006
WIX,16808,20260926-185706_p4_c4_cuda_r3,9648,perf_20260926-185706_p4_c4_cuda_r3,0,2440,1790442382025,0,1790442382047.713,12.994,49.037,1790442382111.252,Normal,0.7393
WIX,16808,20260926-185706_p4_c4_cuda_r3,9659,perf_20260926-185706_p4_c4_cuda_r3,0,2441,1790442382650,0,1790442382652.789,16.987,45.155,1790442382714.931,Normal,0.9345
WIX,16808,20260926-185706_p4_c4_cuda_r3,9660,perf_20260926-185706_p4_c4_cuda_r3,0,2442,1790442382697,0,1790442382716.934,14.001,44.873,1790442382776.802,Normal,0.9726
WIX,16808,20260926-185706_p4_c4_cuda_r3,9663,perf_20260926-185706_p4_c4_cuda_r3,0,2443,1790442382870,0,1790442382873.312,13.645,43.991,1790442382931.953,Normal,0.958
WIX,16808,20260926-185706_p4_c4_cuda_r3,9676,perf_20260926-185706_p4_c4_cuda_r3,0,2444,1790442383585,0,1790442383587.498,28.657,46.805,1790442383662.959,Normal,0.9519
WIX,16808,20260926-185706_p4_c4_cuda_r3,9682,perf_20260926-185706_p4_c4_cuda_r3,0,2445,1790442383913,0,1790442383916.998,88.367,45.217,1790442384050.582,Normal,0.9485
WIX,16808,20260926-185706_p4_c4_cuda_r3,9684,perf_20260926-185706_p4_c4_cuda_r3,0,2446,1790442384039,0,1790442384053.578,7.998,44.331,1790442384105.907,Normal,0.9113
WIX,16808,20260926-185706_p4_c4_cuda_r3,9687,perf_20260926-185706_p4_c4_cuda_r3,0,2447,1790442384197,0,1790442384200.549,7.99,45.512,1790442384254.051,Normal,0.9609
WIX,16808,20260926-185706_p4_c4_cuda_r3,9692,perf_20260926-185706_p4_c4_cuda_r3,0,2448,1790442384479,0,1790442384481.762,7.504,43.612,1790442384532.878,OFFENSIVE,0.7697
WIX,16808,20260926-185706_p4_c4_cuda_r3,9720,perf_20260926-185706_p4_c4_cuda_r3,0,2449,1790442386032,0,1790442386034.669,11.999,45.601,1790442386092.268,Normal,0.7925
WIX,16808,20260926-185706_p4_c4_cuda_r3,9724,perf_20260926-185706_p4_c4_cuda_r3,0,2450,1790442386252,0,1790442386254.854,15.02,45.321,1790442386315.194,Normal,0.9284
WIX,16808,20260926-185706_p4_c4_cuda_r3,9735,perf_20260926-185706_p4_c4_cuda_r3,0,2451,1790442386863,0,1790442386865.824,20.034,44.308,1790442386930.166,Normal,0.9403
WIX,16808,20260926-185706_p4_c4_cuda_r3,9739,perf_20260926-185706_p4_c4_cuda_r3,0,2452,1790442387084,0,1790442387086.687,23.626,48.678,1790442387158.991,Normal,0.9623
WIX,16808,20260926-185706_p4_c4_cuda_r3,9740,perf_20260926-185706_p4_c4_cuda_r3,0,2453,1790442387146,0,1790442387161.987,22.08,44.627,1790442387229.709,Normal,0.9602
WIX,16808,20260926-185706_p4_c4_cuda_r3,9748,perf_20260926-185706_p4_c4_cuda_r3,0,2454,1790442387590,0,1790442387593.201,19.778,46.317,1790442387660.269,Normal,0.901
WIX,16808,20260926-185706_p4_c4_cuda_r3,9749,perf_20260926-185706_p4_c4_cuda_r3,0,2455,1790442387637,0,1790442387663.265,22.005,46.261,1790442387732.704,Normal,0.9417
WIX,16808,20260926-185706_p4_c4_cuda_r3,9751,perf_20260926-185706_p4_c4_cuda_r3,0,2456,1790442387748,0,1790442387750.723,21.001,47.502,1790442387820.256,Normal,0.9177
WIX,16808,20260926-185706_p4_c4_cuda_r3,9755,perf_20260926-185706_p4_c4_cuda_r3,0,2457,1790442387984,0,1790442387986.993,28.632,46.512,1790442388063.127,Normal,0.7653
WIX,16808,20260926-185706_p4_c4_cuda_r3,9758,perf_20260926-185706_p4_c4_cuda_r3,0,2458,1790442388139,0,1790442388142.312,22.004,48.126,1790442388212.443,Normal,0.9626
WIX,16808,20260926-185706_p4_c4_cuda_r3,9761,perf_20260926-185706_p4_c4_cuda_r3,0,2459,1790442388309,0,1790442388312.334,27.973,44.919,1790442388385.226,Normal,0.9591
WIX,16808,20260926-185706_p4_c4_cuda_r3,9762,perf_20260926-185706_p4_c4_cuda_r3,0,2460,1790442388372,0,1790442388388.271,22.337,48.998,1790442388460.561,Normal,0.913
WIX,16808,20260926-185706_p4_c4_cuda_r3,9765,perf_20260926-185706_p4_c4_cuda_r3,0,2461,1790442388528,0,1790442388530.627,22.002,46.019,1790442388599.649,Normal,0.9046
WIX,16808,20260926-185706_p4_c4_cuda_r3,9775,perf_20260926-185706_p4_c4_cuda_r3,0,2462,1790442389095,0,1790442389097.24,20.209,45.893,1790442389164.455,Normal,0.953
WIX,16808,20260926-185706_p4_c4_cuda_r3,9781,perf_20260926-185706_p4_c4_cuda_r3,0,2463,1790442389426,0,1790442389429.483,21.533,50.009,1790442389501.025,Normal,0.9476
WIX,16808,20260926-185706_p4_c4_cuda_r3,9787,perf_20260926-185706_p4_c4_cuda_r3,0,2464,1790442389755,0,1790442389757.832,22.005,44.631,1790442389824.468,Normal,0.9625
WIX,16808,20260926-185706_p4_c4_cuda_r3,9789,perf_20260926-185706_p4_c4_cuda_r3,0,2465,1790442389864,0,1790442389867.481,27.288,44.942,1790442389939.712,Normal,0.9031
WIX,16808,20260926-185706_p4_c4_cuda_r3,9792,perf_20260926-185706_p4_c4_cuda_r3,0,2466,1790442390038,0,1790442390040.207,12.007,45.459,1790442390098.073,Normal,0.9341
WIX,16808,20260926-185706_p4_c4_cuda_r3,9798,perf_20260926-185706_p4_c4_cuda_r3,0,2467,1790442390368,0,1790442390370.54,12.04,46.38,1790442390429.97,Normal,0.9255
WIX,16808,20260926-185706_p4_c4_cuda_r3,9799,perf_20260926-185706_p4_c4_cuda_r3,0,2468,1790442390414,0,1790442390433.485,11.203,47.025,1790442390492.722,Normal,0.9255
WIX,16808,20260926-185706_p4_c4_cuda_r3,9800,perf_20260926-185706_p4_c4_cuda_r3,0,2469,1790442390476,0,1790442390496.009,13.19,46.143,1790442390555.878,Normal,0.9548
WIX,16808,20260926-185706_p4_c4_cuda_r3,9804,perf_20260926-185706_p4_c4_cuda_r3,0,2470,1790442390695,0,1790442390697.93,17.961,46.285,1790442390762.176,Normal,0.9753
WIX,16808,20260926-185706_p4_c4_cuda_r3,9815,perf_20260926-185706_p4_c4_cuda_r3,0,2471,1790442391306,0,1790442391309.261,11.998,45.664,1790442391366.924,Normal,0.9443
WIX,16808,20260926-185706_p4_c4_cuda_r3,9820,perf_20260926-185706_p4_c4_cuda_r3,0,2472,1790442391586,0,1790442391589.42,10.433,46.485,1790442391647.344,Normal,0.9255
WIX,16808,20260926-185706_p4_c4_cuda_r3,9821,perf_20260926-185706_p4_c4_cuda_r3,0,2473,1790442391649,0,1790442391651.827,14.871,44.778,1790442391711.985,Normal,0.9545
WIX,16808,20260926-185706_p4_c4_cuda_r3,9823,perf_20260926-185706_p4_c4_cuda_r3,0,2474,1790442391758,0,1790442391761.494,23.995,43.934,1790442391830.328,Normal,0.961
WIX,16808,20260926-185706_p4_c4_cuda_r3,9825,perf_20260926-185706_p4_c4_cuda_r3,0,2475,1790442391867,0,1790442391868.982,20.094,43.962,1790442391933.678,Normal,0.8661
WIX,16808,20260926-185706_p4_c4_cuda_r3,9828,perf_20260926-185706_p4_c4_cuda_r3,0,2476,1790442392024,0,1790442392027.163,21.151,44.817,1790442392093.665,Normal,0.8661
WIX,16808,20260926-185706_p4_c4_cuda_r3,9830,perf_20260926-185706_p4_c4_cuda_r3,0,2477,1790442392151,0,1790442392154.085,28.012,47.0,1790442392229.096,Normal,0.9371
WIX,16808,20260926-185706_p4_c4_cuda_r3,9831,perf_20260926-185706_p4_c4_cuda_r3,0,2478,1790442392207,0,1790442392232.706,211.326,51.973,1790442392496.005,Normal,0.9586
WIX,16808,20260926-185706_p4_c4_cuda_r3,9833,perf_20260926-185706_p4_c4_cuda_r3,0,2479,1790442392310,0,1790442392498.004,9.063,49.142,1790442392556.209,Normal,0.948
WIX,16808,20260926-185706_p4_c4_cuda_r3,9840,perf_20260926-185706_p4_c4_cuda_r3,0,2480,1790442392704,0,1790442392707.564,8.105,43.27,1790442392759.916,Normal,0.9656
WIX,16808,20260926-185706_p4_c4_cuda_r3,9842,perf_20260926-185706_p4_c4_cuda_r3,0,2481,1790442392815,0,1790442392818.067,11.126,47.446,1790442392877.256,Normal,0.9642
WIX,16808,20260926-185706_p4_c4_cuda_r3,9843,perf_20260926-185706_p4_c4_cuda_r3,0,2482,1790442392862,0,1790442392880.631,7.668,44.143,1790442392933.45,Normal,0.7138
WIX,16808,20260926-185706_p4_c4_cuda_r3,9844,perf_20260926-185706_p4_c4_cuda_r3,0,2483,1790442392923,0,1790442392935.461,10.037,48.435,1790442392994.68,Normal,0.4014
WIX,16808,20260926-185706_p4_c4_cuda_r3,9849,perf_20260926-185706_p4_c4_cuda_r3,0,2484,1790442393207,0,1790442393209.559,6.999,44.663,1790442393262.219,Normal,0.9329
WIX,16808,20260926-185706_p4_c4_cuda_r3,9853,perf_20260926-185706_p4_c4_cuda_r3,0,2485,1790442393427,0,1790442393429.392,9.995,43.0,1790442393483.388,Normal,0.9176
WIX,16808,20260926-185706_p4_c4_cuda_r3,9861,perf_20260926-185706_p4_c4_cuda_r3,0,2486,1790442393868,0,1790442393870.294,8.972,44.071,1790442393923.337,Normal,0.9424
WIX,16808,20260926-185706_p4_c4_cuda_r3,9862,perf_20260926-185706_p4_c4_cuda_r3,0,2487,1790442393915,0,1790442393925.338,11.036,45.358,1790442393982.961,Normal,0.9424
WIX,16808,20260926-185706_p4_c4_cuda_r3,9865,perf_20260926-185706_p4_c4_cuda_r3,0,2488,1790442394087,0,1790442394089.962,11.035,44.242,1790442394145.239,Normal,0.9325
WIX,16808,20260926-185706_p4_c4_cuda_r3,9866,perf_20260926-185706_p4_c4_cuda_r3,0,2489,1790442394150,0,1790442394153.389,9.7,43.441,1790442394207.057,Normal,0.9541
WIX,16808,20260926-185706_p4_c4_cuda_r3,9873,perf_20260926-185706_p4_c4_cuda_r3,0,2490,1790442394529,0,1790442394532.573,11.994,50.176,1790442394594.743,Normal,0.9428
WIX,16808,20260926-185706_p4_c4_cuda_r3,9880,perf_20260926-185706_p4_c4_cuda_r3,0,2491,1790442394921,0,1790442394924.235,11.045,46.014,1790442394982.247,Normal,0.9541
WIX,16808,20260926-185706_p4_c4_cuda_r3,9885,perf_20260926-185706_p4_c4_cuda_r3,0,2492,1790442395203,0,1790442395205.762,11.503,49.3,1790442395267.569,Normal,0.8216
WIX,16808,20260926-185706_p4_c4_cuda_r3,9886,perf_20260926-185706_p4_c4_cuda_r3,0,2493,1790442395250,0,1790442395269.572,12.081,44.075,1790442395326.682,Normal,0.9559
WIX,16808,20260926-185706_p4_c4_cuda_r3,9888,perf_20260926-185706_p4_c4_cuda_r3,0,2494,1790442395360,0,1790442395363.327,11.974,47.913,1790442395424.224,Normal,0.9441
WIX,16808,20260926-185706_p4_c4_cuda_r3,9890,perf_20260926-185706_p4_c4_cuda_r3,0,2495,1790442395470,0,1790442395473.755,12.991,48.019,1790442395535.747,Normal,0.6691
WIX,16808,20260926-185706_p4_c4_cuda_r3,9893,perf_20260926-185706_p4_c4_cuda_r3,0,2496,1790442395643,0,1790442395645.885,12.971,46.216,1790442395706.071,Normal,0.8597
WIX,16808,20260926-185706_p4_c4_cuda_r3,9900,perf_20260926-185706_p4_c4_cuda_r3,0,2497,1790442396035,0,1790442396037.181,12.998,47.966,1790442396098.146,Normal,0.9424
WIX,16808,20260926-185706_p4_c4_cuda_r3,9904,perf_20260926-185706_p4_c4_cuda_r3,0,2498,1790442396255,0,1790442396258.263,20.977,45.107,1790442396324.347,Normal,0.9714
WIX,16808,20260926-185706_p4_c4_cuda_r3,9906,perf_20260926-185706_p4_c4_cuda_r3,0,2499,1790442396366,0,1790442396368.728,20.971,44.546,1790442396434.244,Normal,0.9511
WIX,16808,20260926-185706_p4_c4_cuda_r3,9915,perf_20260926-185706_p4_c4_cuda_r3,0,2500,1790442396863,0,1790442396866.642,19.187,48.69,1790442396935.52,OFFENSIVE,0.5247
WIX,16808,20260926-185706_p4_c4_cuda_r3,9916,perf_20260926-185706_p4_c4_cuda_r3,0,2501,1790442396927,0,1790442396938.522,19.098,46.262,1790442397004.889,Normal,0.9396
WIX,16808,20260926-185706_p4_c4_cuda_r3,9919,perf_20260926-185706_p4_c4_cuda_r3,0,2502,1790442397085,0,1790442397088.215,23.983,45.864,1790442397158.063,Normal,0.7008
WIX,16808,20260926-185706_p4_c4_cuda_r3,9934,perf_20260926-185706_p4_c4_cuda_r3,0,2503,1790442397916,0,1790442397918.622,22.267,48.454,1790442397989.342,Normal,0.9319
WIX,16808,20260926-185706_p4_c4_cuda_r3,9940,perf_20260926-185706_p4_c4_cuda_r3,0,2504,1790442398260,0,1790442398263.732,21.983,47.158,1790442398334.127,Normal,0.8756
WIX,16808,20260926-185706_p4_c4_cuda_r3,9941,perf_20260926-185706_p4_c4_cuda_r3,0,2505,1790442398307,0,1790442398337.162,21.969,47.241,1790442398407.367,Normal,0.7194
WIX,16808,20260926-185706_p4_c4_cuda_r3,9942,perf_20260926-185706_p4_c4_cuda_r3,0,2506,1790442398371,0,1790442398409.368,280.753,43.673,1790442398733.794,Normal,0.964
WIX,16808,20260926-185706_p4_c4_cuda_r3,9944,perf_20260926-185706_p4_c4_cuda_r3,0,2507,1790442398480,0,1790442398736.818,10.975,48.255,1790442398796.048,Normal,0.9478
WIX,16808,20260926-185706_p4_c4_cuda_r3,9945,perf_20260926-185706_p4_c4_cuda_r3,0,2508,1790442398527,0,1790442398796.048,10.999,48.04,1790442398856.095,Normal,0.9611
WIX,16808,20260926-185706_p4_c4_cuda_r3,9953,perf_20260926-185706_p4_c4_cuda_r3,0,2509,1790442398981,0,1790442398984.613,7.995,44.124,1790442399036.733,Normal,0.9327
WIX,16808,20260926-185706_p4_c4_cuda_r3,9961,perf_20260926-185706_p4_c4_cuda_r3,0,2510,1790442399421,0,1790442399423.414,8.692,46.895,1790442399479.414,Normal,0.962
WIX,16808,20260926-185706_p4_c4_cuda_r3,9964,perf_20260926-185706_p4_c4_cuda_r3,0,2511,1790442399595,0,1790442399597.654,9.003,44.235,1790442399650.892,Normal,0.9327
WIX,16808,20260926-185706_p4_c4_cuda_r3,9970,perf_20260926-185706_p4_c4_cuda_r3,0,2512,1790442399921,0,1790442399924.504,6.999,46.113,1790442399978.615,Normal,0.8472
WIX,16808,20260926-185706_p4_c4_cuda_r3,9972,perf_20260926-185706_p4_c4_cuda_r3,0,2513,1790442400031,0,1790442400034.476,7.519,47.76,1790442400089.755,Normal,0.9642
WIX,16808,20260926-185706_p4_c4_cuda_r3,9974,perf_20260926-185706_p4_c4_cuda_r3,0,2514,1790442400141,0,1790442400144.188,8.004,47.105,1790442400199.297,Normal,0.9208
WIX,16808,20260926-185706_p4_c4_cuda_r3,9977,perf_20260926-185706_p4_c4_cuda_r3,0,2515,1790442400314,0,1790442400317.469,7.511,44.619,1790442400370.86,Normal,0.9394
WIX,16808,20260926-185706_p4_c4_cuda_r3,9982,perf_20260926-185706_p4_c4_cuda_r3,0,2516,1790442400592,0,1790442400594.91,13.018,49.193,1790442400657.12,Normal,0.9153
WIX,16808,20260926-185706_p4_c4_cuda_r3,9983,perf_20260926-185706_p4_c4_cuda_r3,0,2517,1790442400640,0,1790442400660.147,11.41,47.329,1790442400719.479,Normal,0.9301
WIX,16808,20260926-185706_p4_c4_cuda_r3,9984,perf_20260926-185706_p4_c4_cuda_r3,0,2518,1790442400702,0,1790442400721.472,13.706,45.964,1790442400781.143,Normal,0.9411
WIX,16808,20260926-185706_p4_c4_cuda_r3,9987,perf_20260926-185706_p4_c4_cuda_r3,0,2519,1790442400859,0,1790442400861.934,12.158,45.614,1790442400919.706,OFFENSIVE,0.6044
WIX,16808,20260926-185706_p4_c4_cuda_r3,9989,perf_20260926-185706_p4_c4_cuda_r3,0,2520,1790442400971,0,1790442400972.486,13.059,45.821,1790442401031.366,Normal,0.9366
WIX,16808,20260926-185706_p4_c4_cuda_r3,9992,perf_20260926-185706_p4_c4_cuda_r3,0,2521,1790442401143,0,1790442401147.319,12.044,54.155,1790442401213.518,Normal,0.9366
WIX,16808,20260926-185706_p4_c4_cuda_r3,9995,perf_20260926-185706_p4_c4_cuda_r3,0,2522,1790442401315,0,1790442401320.512,13.068,48.268,1790442401381.848,Normal,0.8785
WIX,16808,20260926-185706_p4_c4_cuda_r3,9997,perf_20260926-185706_p4_c4_cuda_r3,0,2523,1790442401427,0,1790442401429.452,12.625,50.818,1790442401492.895,Normal,0.9485
WIX,16808,20260926-185706_p4_c4_cuda_r3,9998,perf_20260926-185706_p4_c4_cuda_r3,0,2524,1790442401474,0,1790442401494.895,15.66,50.264,1790442401560.819,Normal,0.8893
WIX,16808,20260926-185706_p4_c4_cuda_r3,9999,perf_20260926-185706_p4_c4_cuda_r3,0,2525,1790442401538,0,1790442401564.989,15.476,46.236,1790442401626.701,Normal,0.8925
