node,pid,run_id,seq,topic,partition,offset,kafka_ts_ms,kafka_ts_type,t_recv_ms,infer_ms,es_ms,t_done_ms,label,confidence
vm2,92726,20261002-134031_clu_vm14-vm24_twonode_r1,4,perf_20261002-134031_clu_vm14-vm24_twonode_r1,1,0,1790948434262,0,1790948450254.968,81.89,262.63,1790948450599.694,Normal,0.9588
vm2,92726,20261002-134031_clu_vm14-vm24_twonode_r1,24,perf_20261002-134031_clu_vm14-vm24_twonode_r1,1,1,1790948434267,0,1790948450600.093,111.903,21.378,1790948450733.56,Normal,0.9411
vm2,92726,20261002-134031_clu_vm14-vm24_twonode_r1,57,perf_20261002-134031_clu_vm14-vm24_twonode_r1,1,2,1790948434273,0,1790948450733.78,81.449,21.76,1790948450837.178,Normal,0.5773
vm2,92726,20261002-134031_clu_vm14-vm24_twonode_r1,59,perf_20261002-134031_clu_vm14-vm24_twonode_r1,1,3,1790948434273,0,1790948450837.439,148.922,9.455,1790948450995.997,Normal,0.9787
vm2,92726,20261002-134031_clu_vm14-vm24_twonode_r1,73,perf_20261002-134031_clu_vm14-vm24_twonode_r1,1,4,1790948434276,0,1790948450996.226,122.939,9.517,1790948451128.869,Normal,0.9591
vm2,92726,20261002-134031_clu_vm14-vm24_twonode_r1,75,perf_20261002-134031_clu_vm14-vm24_twonode_r1,1,5,1790948434276,0,1790948451129.087,74.618,11.458,1790948451215.347,Normal,0.8729
vm2,92726,20261002-134031_clu_vm14-vm24_twonode_r1,77,perf_20261002-134031_clu_vm14-vm24_twonode_r1,1,6,1790948434276,0,1790948451215.581,68.752,8.463,1790948451293.031,OFFENSIVE,0.8247
vm2,92726,20261002-134031_clu_vm14-vm24_twonode_r1,78,perf_20261002-134031_clu_vm14-vm24_twonode_r1,1,7,1790948434277,0,1790948451293.3,68.349,22.465,1790948451384.29,Normal,0.9429
vm2,92726,20261002-134031_clu_vm14-vm24_twonode_r1,81,perf_20261002-134031_clu_vm14-vm24_twonode_r1,1,8,1790948434277,0,1790948451384.528,127.285,14.978,1790948451526.961,OFFENSIVE,0.7918
vm2,92726,20261002-134031_clu_vm14-vm24_twonode_r1,84,perf_20261002-134031_clu_vm14-vm24_twonode_r1,1,9,1790948434278,0,1790948451527.193,93.881,19.738,1790948451641.051,Normal,0.9755
vm2,92726,20261002-134031_clu_vm14-vm24_twonode_r1,114,perf_20261002-134031_clu_vm14-vm24_twonode_r1,1,10,1790948434283,0,1790948451641.31,65.679,17.516,1790948451724.676,Normal,0.9496
vm2,92726,20261002-134031_clu_vm14-vm24_twonode_r1,115,perf_20261002-134031_clu_vm14-vm24_twonode_r1,1,11,1790948434283,0,1790948451724.907,85.041,35.975,1790948451846.095,Normal,0.9602
vm2,92726,20261002-134031_clu_vm14-vm24_twonode_r1,117,perf_20261002-134031_clu_vm14-vm24_twonode_r1,1,12,1790948434284,0,1790948451846.41,74.151,87.027,1790948452007.774,Normal,0.9592
vm2,92726,20261002-134031_clu_vm14-vm24_twonode_r1,127,perf_20261002-134031_clu_vm14-vm24_twonode_r1,1,13,1790948434284,0,1790948452008.152,88.141,9.902,1790948452106.382,Normal,0.9559
vm2,92726,20261002-134031_clu_vm14-vm24_twonode_r1,128,perf_20261002-134031_clu_vm14-vm24_twonode_r1,1,14,1790948434284,0,1790948452106.612,133.687,24.671,1790948452265.144,Normal,0.9757
vm2,92726,20261002-134031_clu_vm14-vm24_twonode_r1,155,perf_20261002-134031_clu_vm14-vm24_twonode_r1,1,15,1790948434295,0,1790948452265.385,94.334,8.578,1790948452368.477,Normal,0.9005
vm2,92726,20261002-134031_clu_vm14-vm24_twonode_r1,164,perf_20261002-134031_clu_vm14-vm24_twonode_r1,1,16,1790948434296,0,1790948452368.716,63.194,8.224,1790948452440.329,Normal,0.9336
vm2,92726,20261002-134031_clu_vm14-vm24_twonode_r1,170,perf_20261002-134031_clu_vm14-vm24_twonode_r1,1,17,1790948434296,0,1790948452440.573,66.862,39.647,1790948452547.266,Normal,0.9651
vm2,92726,20261002-134031_clu_vm14-vm24_twonode_r1,179,perf_20261002-134031_clu_vm14-vm24_twonode_r1,1,18,1790948434297,0,1790948452547.656,62.048,13.325,1790948452623.204,Normal,0.9672
vm2,92726,20261002-134031_clu_vm14-vm24_twonode_r1,191,perf_20261002-134031_clu_vm14-vm24_twonode_r1,1,19,1790948434298,0,1790948452623.42,58.146,12.624,1790948452694.379,Normal,0.9336
vm2,92726,20261002-134031_clu_vm14-vm24_twonode_r1,197,perf_20261002-134031_clu_vm14-vm24_twonode_r1,1,20,1790948434298,0,1790948452694.626,70.148,9.595,1790948452774.549,Normal,0.954
vm2,92726,20261002-134031_clu_vm14-vm24_twonode_r1,206,perf_20261002-134031_clu_vm14-vm24_twonode_r1,1,21,1790948434299,0,1790948452774.815,63.081,11.845,1790948452849.917,Normal,0.9386
vm2,92726,20261002-134031_clu_vm14-vm24_twonode_r1,216,perf_20261002-134031_clu_vm14-vm24_twonode_r1,1,22,1790948434300,0,1790948452850.175,81.687,8.28,1790948452940.327,Normal,0.9589
vm2,92726,20261002-134031_clu_vm14-vm24_twonode_r1,218,perf_20261002-134031_clu_vm14-vm24_twonode_r1,1,23,1790948434300,0,1790948452940.587,123.507,18.942,1790948453083.214,Normal,0.9626
vm2,92726,20261002-134031_clu_vm14-vm24_twonode_r1,225,perf_20261002-134031_clu_vm14-vm24_twonode_r1,1,24,1790948434301,0,1790948453083.437,111.135,36.865,1790948453231.631,Normal,0.9715
vm2,92726,20261002-134031_clu_vm14-vm24_twonode_r1,228,perf_20261002-134031_clu_vm14-vm24_twonode_r1,1,25,1790948434301,0,1790948453232.033,101.377,7.246,1790948453340.84,Normal,0.9609
vm2,92726,20261002-134031_clu_vm14-vm24_twonode_r1,236,perf_20261002-134031_clu_vm14-vm24_twonode_r1,1,26,1790948434301,0,1790948453341.078,102.119,14.748,1790948453458.157,Normal,0.9608
vm2,92726,20261002-134031_clu_vm14-vm24_twonode_r1,238,perf_20261002-134031_clu_vm14-vm24_twonode_r1,1,27,1790948434302,0,1790948453458.407,82.661,8.296,1790948453549.642,Normal,0.9618
vm2,92726,20261002-134031_clu_vm14-vm24_twonode_r1,251,perf_20261002-134031_clu_vm14-vm24_twonode_r1,1,28,1790948434303,0,1790948453550.012,96.015,13.538,1790948453659.743,Normal,0.882
vm2,92726,20261002-134031_clu_vm14-vm24_twonode_r1,256,perf_20261002-134031_clu_vm14-vm24_twonode_r1,1,29,1790948434303,0,1790948453659.974,110.43,6.444,1790948453777.038,Normal,0.9593
vm2,92726,20261002-134031_clu_vm14-vm24_twonode_r1,264,perf_20261002-134031_clu_vm14-vm24_twonode_r1,1,30,1790948434304,0,1790948453777.309,83.365,12.283,1790948453873.127,Normal,0.9393
vm2,92726,20261002-134031_clu_vm14-vm24_twonode_r1,268,perf_20261002-134031_clu_vm14-vm24_twonode_r1,1,31,1790948434304,0,1790948453873.389,82.183,13.413,1790948453969.156,Normal,0.9547
vm2,92726,20261002-134031_clu_vm14-vm24_twonode_r1,273,perf_20261002-134031_clu_vm14-vm24_twonode_r1,1,32,1790948434305,0,1790948453969.402,77.615,7.881,1790948454055.093,Normal,0.9007
vm2,92726,20261002-134031_clu_vm14-vm24_twonode_r1,276,perf_20261002-134031_clu_vm14-vm24_twonode_r1,1,33,1790948434305,0,1790948454055.331,78.542,16.027,1790948454150.072,Normal,0.9627
vm2,92726,20261002-134031_clu_vm14-vm24_twonode_r1,282,perf_20261002-134031_clu_vm14-vm24_twonode_r1,1,34,1790948434305,0,1790948454150.33,86.39,13.585,1790948454250.496,Normal,0.9468
vm2,92726,20261002-134031_clu_vm14-vm24_twonode_r1,283,perf_20261002-134031_clu_vm14-vm24_twonode_r1,1,35,1790948434305,0,1790948454251.544,79.153,30.952,1790948454361.869,Normal,0.9555
vm2,92726,20261002-134031_clu_vm14-vm24_twonode_r1,312,perf_20261002-134031_clu_vm14-vm24_twonode_r1,1,36,1790948434354,0,1790948454362.218,75.232,31.241,1790948454468.897,Normal,0.97
vm2,92726,20261002-134031_clu_vm14-vm24_twonode_r1,338,perf_20261002-134031_clu_vm14-vm24_twonode_r1,1,37,1790948434356,0,1790948454469.328,71.48,34.605,1790948454575.61,Normal,0.9247
vm2,92726,20261002-134031_clu_vm14-vm24_twonode_r1,349,perf_20261002-134031_clu_vm14-vm24_twonode_r1,1,38,1790948434357,0,1790948454576.012,76.594,19.392,1790948454672.208,Normal,0.9309
vm2,92726,20261002-134031_clu_vm14-vm24_twonode_r1,351,perf_20261002-134031_clu_vm14-vm24_twonode_r1,1,39,1790948434357,0,1790948454672.508,65.467,12.247,1790948454750.411,Normal,0.9297
vm2,92726,20261002-134031_clu_vm14-vm24_twonode_r1,356,perf_20261002-134031_clu_vm14-vm24_twonode_r1,1,40,1790948434358,0,1790948454750.635,77.757,20.034,1790948454848.612,Normal,0.9157
vm2,92726,20261002-134031_clu_vm14-vm24_twonode_r1,363,perf_20261002-134031_clu_vm14-vm24_twonode_r1,1,41,1790948434358,0,1790948454849.004,68.297,6.462,1790948454923.939,Normal,0.9403
vm2,92726,20261002-134031_clu_vm14-vm24_twonode_r1,365,perf_20261002-134031_clu_vm14-vm24_twonode_r1,1,42,1790948434358,0,1790948454924.17,66.498,17.618,1790948455008.472,Normal,0.9371
vm2,92726,20261002-134031_clu_vm14-vm24_twonode_r1,377,perf_20261002-134031_clu_vm14-vm24_twonode_r1,1,43,1790948434359,0,1790948455008.875,91.125,9.012,1790948455109.197,Normal,0.83
vm2,92726,20261002-134031_clu_vm14-vm24_twonode_r1,382,perf_20261002-134031_clu_vm14-vm24_twonode_r1,1,44,1790948434360,0,1790948455109.462,96.026,7.586,1790948455213.284,Normal,0.9451
vm2,92726,20261002-134031_clu_vm14-vm24_twonode_r1,388,perf_20261002-134031_clu_vm14-vm24_twonode_r1,1,45,1790948434360,0,1790948455213.718,96.548,13.426,1790948455323.898,Normal,0.9424
vm2,92726,20261002-134031_clu_vm14-vm24_twonode_r1,392,perf_20261002-134031_clu_vm14-vm24_twonode_r1,1,46,1790948434361,0,1790948455324.125,92.137,10.191,1790948455426.64,Normal,0.9482
vm2,92726,20261002-134031_clu_vm14-vm24_twonode_r1,401,perf_20261002-134031_clu_vm14-vm24_twonode_r1,1,47,1790948434361,0,1790948455426.865,74.966,9.603,1790948455511.619,Normal,0.9572
vm2,92726,20261002-134031_clu_vm14-vm24_twonode_r1,406,perf_20261002-134031_clu_vm14-vm24_twonode_r1,1,48,1790948434362,0,1790948455511.893,107.621,8.121,1790948455627.839,Normal,0.9375
vm2,92726,20261002-134031_clu_vm14-vm24_twonode_r1,407,perf_20261002-134031_clu_vm14-vm24_twonode_r1,1,49,1790948434362,0,1790948455628.072,65.595,17.832,1790948455711.677,Normal,0.9375
vm2,92726,20261002-134031_clu_vm14-vm24_twonode_r1,416,perf_20261002-134031_clu_vm14-vm24_twonode_r1,1,50,1790948434362,0,1790948455711.907,79.193,10.421,1790948455801.698,Normal,0.9646
vm2,92726,20261002-134031_clu_vm14-vm24_twonode_r1,420,perf_20261002-134031_clu_vm14-vm24_twonode_r1,1,51,1790948434363,0,1790948455801.917,84.112,33.571,1790948455919.784,Normal,0.8658
vm2,92726,20261002-134031_clu_vm14-vm24_twonode_r1,425,perf_20261002-134031_clu_vm14-vm24_twonode_r1,1,52,1790948434364,0,1790948455920.172,86.228,23.48,1790948456030.098,Normal,0.97
vm2,92726,20261002-134031_clu_vm14-vm24_twonode_r1,426,perf_20261002-134031_clu_vm14-vm24_twonode_r1,1,53,1790948434364,0,1790948456030.537,133.737,8.535,1790948456172.998,Normal,0.9742
vm2,92726,20261002-134031_clu_vm14-vm24_twonode_r1,444,perf_20261002-134031_clu_vm14-vm24_twonode_r1,1,54,1790948434365,0,1790948456173.292,102.895,6.721,1790948456283.124,Normal,0.9668
vm2,92726,20261002-134031_clu_vm14-vm24_twonode_r1,464,perf_20261002-134031_clu_vm14-vm24_twonode_r1,1,55,1790948434367,0,1790948456283.378,135.826,16.114,1790948456435.519,Normal,0.9753
vm2,92726,20261002-134031_clu_vm14-vm24_twonode_r1,477,perf_20261002-134031_clu_vm14-vm24_twonode_r1,1,56,1790948434369,0,1790948456435.813,76.107,9.352,1790948456521.463,Normal,0.9536
vm2,92726,20261002-134031_clu_vm14-vm24_twonode_r1,481,perf_20261002-134031_clu_vm14-vm24_twonode_r1,1,57,1790948434369,0,1790948456521.76,97.841,6.609,1790948456626.406,Normal,0.963
vm2,92726,20261002-134031_clu_vm14-vm24_twonode_r1,489,perf_20261002-134031_clu_vm14-vm24_twonode_r1,1,58,1790948434370,0,1790948456626.702,101.148,16.925,1790948456745.004,Normal,0.9201
vm2,92726,20261002-134031_clu_vm14-vm24_twonode_r1,498,perf_20261002-134031_clu_vm14-vm24_twonode_r1,1,59,1790948434370,0,1790948456745.5,114.259,14.492,1790948456874.441,Normal,0.9508
vm2,92726,20261002-134031_clu_vm14-vm24_twonode_r1,501,perf_20261002-134031_clu_vm14-vm24_twonode_r1,1,60,1790948434371,0,1790948456874.74,117.163,6.77,1790948456998.938,Normal,0.9259
vm2,92726,20261002-134031_clu_vm14-vm24_twonode_r1,509,perf_20261002-134031_clu_vm14-vm24_twonode_r1,1,61,1790948434371,0,1790948456999.289,90.393,6.802,1790948457096.701,Normal,0.4947
vm2,92726,20261002-134031_clu_vm14-vm24_twonode_r1,516,perf_20261002-134031_clu_vm14-vm24_twonode_r1,1,62,1790948434372,0,1790948457096.973,77.034,5.759,1790948457179.962,Normal,0.9529
vm2,92726,20261002-134031_clu_vm14-vm24_twonode_r1,542,perf_20261002-134031_clu_vm14-vm24_twonode_r1,1,63,1790948434413,0,1790948457180.226,93.952,9.92,1790948457284.3,Normal,0.9717
vm2,92726,20261002-134031_clu_vm14-vm24_twonode_r1,551,perf_20261002-134031_clu_vm14-vm24_twonode_r1,1,64,1790948434419,0,1790948457284.632,176.22,12.325,1790948457473.414,Normal,0.9764
vm2,92726,20261002-134031_clu_vm14-vm24_twonode_r1,555,perf_20261002-134031_clu_vm14-vm24_twonode_r1,1,65,1790948434419,0,1790948457473.709,88.111,11.85,1790948457573.881,Normal,0.9387
vm2,92726,20261002-134031_clu_vm14-vm24_twonode_r1,556,perf_20261002-134031_clu_vm14-vm24_twonode_r1,1,66,1790948434419,0,1790948457574.22,119.865,16.155,1790948457710.437,Normal,0.8661
vm2,92726,20261002-134031_clu_vm14-vm24_twonode_r1,585,perf_20261002-134031_clu_vm14-vm24_twonode_r1,1,67,1790948434422,0,1790948457710.776,124.119,24.824,1790948457859.933,Normal,0.9524
vm2,92726,20261002-134031_clu_vm14-vm24_twonode_r1,606,perf_20261002-134031_clu_vm14-vm24_twonode_r1,1,68,1790948434423,0,1790948457860.224,92.672,23.985,1790948457977.156,Normal,0.9309
vm2,92726,20261002-134031_clu_vm14-vm24_twonode_r1,612,perf_20261002-134031_clu_vm14-vm24_twonode_r1,1,69,1790948434424,0,1790948457977.465,99.147,26.433,1790948458103.266,Normal,0.9615
vm2,92726,20261002-134031_clu_vm14-vm24_twonode_r1,637,perf_20261002-134031_clu_vm14-vm24_twonode_r1,1,70,1790948434426,0,1790948458103.551,100.949,36.202,1790948458240.893,Normal,0.9534
vm2,92726,20261002-134031_clu_vm14-vm24_twonode_r1,645,perf_20261002-134031_clu_vm14-vm24_twonode_r1,1,71,1790948434427,0,1790948458241.379,104.402,27.521,1790948458373.487,Normal,0.9333
vm2,92726,20261002-134031_clu_vm14-vm24_twonode_r1,651,perf_20261002-134031_clu_vm14-vm24_twonode_r1,1,72,1790948434427,0,1790948458373.919,96.788,18.482,1790948458489.434,Normal,0.9172
vm2,92726,20261002-134031_clu_vm14-vm24_twonode_r1,653,perf_20261002-134031_clu_vm14-vm24_twonode_r1,1,73,1790948434427,0,1790948458489.891,111.857,17.275,1790948458619.232,Normal,0.9105
vm2,92726,20261002-134031_clu_vm14-vm24_twonode_r1,656,perf_20261002-134031_clu_vm14-vm24_twonode_r1,1,74,1790948434427,0,1790948458619.511,194.898,7.231,1790948458821.896,Normal,0.9752
vm2,92726,20261002-134031_clu_vm14-vm24_twonode_r1,672,perf_20261002-134031_clu_vm14-vm24_twonode_r1,1,75,1790948434435,0,1790948458822.188,147.622,14.817,1790948458984.826,Normal,0.9027
vm2,92726,20261002-134031_clu_vm14-vm24_twonode_r1,688,perf_20261002-134031_clu_vm14-vm24_twonode_r1,1,76,1790948434463,0,1790948458985.155,76.178,22.561,1790948459084.109,Normal,0.8369
vm2,92726,20261002-134031_clu_vm14-vm24_twonode_r1,690,perf_20261002-134031_clu_vm14-vm24_twonode_r1,1,77,1790948434465,0,1790948459084.553,107.187,15.178,1790948459207.137,Normal,0.8982
vm2,92726,20261002-134031_clu_vm14-vm24_twonode_r1,694,perf_20261002-134031_clu_vm14-vm24_twonode_r1,1,78,1790948434466,0,1790948459207.467,134.425,6.676,1790948459348.775,Normal,0.932
vm2,92726,20261002-134031_clu_vm14-vm24_twonode_r1,700,perf_20261002-134031_clu_vm14-vm24_twonode_r1,1,79,1790948434467,0,1790948459349.116,137.946,8.875,1790948459496.127,Normal,0.9612
vm2,92726,20261002-134031_clu_vm14-vm24_twonode_r1,706,perf_20261002-134031_clu_vm14-vm24_twonode_r1,1,80,1790948434467,0,1790948459496.425,103.969,15.373,1790948459615.962,Normal,0.9605
vm2,92726,20261002-134031_clu_vm14-vm24_twonode_r1,707,perf_20261002-134031_clu_vm14-vm24_twonode_r1,1,81,1790948434467,0,1790948459616.238,81.121,23.459,1790948459721.014,Normal,0.9514
vm2,92726,20261002-134031_clu_vm14-vm24_twonode_r1,710,perf_20261002-134031_clu_vm14-vm24_twonode_r1,1,82,1790948434468,0,1790948459721.399,113.097,12.747,1790948459847.464,Normal,0.9473
vm2,92726,20261002-134031_clu_vm14-vm24_twonode_r1,728,perf_20261002-134031_clu_vm14-vm24_twonode_r1,1,83,1790948434469,0,1790948459847.887,129.1,7.172,1790948459984.365,Normal,0.9173
vm2,92726,20261002-134031_clu_vm14-vm24_twonode_r1,730,perf_20261002-134031_clu_vm14-vm24_twonode_r1,1,84,1790948434469,0,1790948459984.664,78.614,23.87,1790948460087.344,Normal,0.9375
vm2,92726,20261002-134031_clu_vm14-vm24_twonode_r1,746,perf_20261002-134031_clu_vm14-vm24_twonode_r1,1,85,1790948434471,0,1790948460087.599,104.396,28.419,1790948460220.608,Normal,0.8735
vm2,92726,20261002-134031_clu_vm14-vm24_twonode_r1,748,perf_20261002-134031_clu_vm14-vm24_twonode_r1,1,86,1790948434471,0,1790948460220.934,137.707,14.698,1790948460373.61,Normal,0.9716
vm2,92726,20261002-134031_clu_vm14-vm24_twonode_r1,752,perf_20261002-134031_clu_vm14-vm24_twonode_r1,1,87,1790948434471,0,1790948460373.88,92.912,40.577,1790948460507.565,Normal,0.9727
vm2,92726,20261002-134031_clu_vm14-vm24_twonode_r1,754,perf_20261002-134031_clu_vm14-vm24_twonode_r1,1,88,1790948434473,0,1790948460508.112,98.413,27.373,1790948460634.113,Normal,0.9639
vm2,92726,20261002-134031_clu_vm14-vm24_twonode_r1,763,perf_20261002-134031_clu_vm14-vm24_twonode_r1,1,89,1790948434474,0,1790948460634.605,108.426,16.768,1790948460760.044,Normal,0.9608
vm2,92726,20261002-134031_clu_vm14-vm24_twonode_r1,768,perf_20261002-134031_clu_vm14-vm24_twonode_r1,1,90,1790948434474,0,1790948460760.36,112.721,6.23,1790948460879.613,Normal,0.9658
vm2,92726,20261002-134031_clu_vm14-vm24_twonode_r1,775,perf_20261002-134031_clu_vm14-vm24_twonode_r1,1,91,1790948434475,0,1790948460879.87,88.999,19.656,1790948460988.706,Normal,0.9608
vm2,92726,20261002-134031_clu_vm14-vm24_twonode_r1,776,perf_20261002-134031_clu_vm14-vm24_twonode_r1,1,92,1790948434475,0,1790948460989.163,106.235,7.312,1790948461102.943,Normal,0.806
vm2,92726,20261002-134031_clu_vm14-vm24_twonode_r1,786,perf_20261002-134031_clu_vm14-vm24_twonode_r1,1,93,1790948434476,0,1790948461103.242,95.356,10.935,1790948461209.725,Normal,0.961
vm2,92726,20261002-134031_clu_vm14-vm24_twonode_r1,800,perf_20261002-134031_clu_vm14-vm24_twonode_r1,1,94,1790948434477,0,1790948461210.096,101.379,14.287,1790948461325.966,Normal,0.9678
vm2,92726,20261002-134031_clu_vm14-vm24_twonode_r1,810,perf_20261002-134031_clu_vm14-vm24_twonode_r1,1,95,1790948434477,0,1790948461326.335,110.512,7.61,1790948461444.67,Normal,0.9533
vm2,92726,20261002-134031_clu_vm14-vm24_twonode_r1,815,perf_20261002-134031_clu_vm14-vm24_twonode_r1,1,96,1790948434481,0,1790948461444.961,107.348,9.206,1790948461561.753,Normal,0.9759
vm2,92726,20261002-134031_clu_vm14-vm24_twonode_r1,816,perf_20261002-134031_clu_vm14-vm24_twonode_r1,1,97,1790948434481,0,1790948461562.054,96.241,6.765,1790948461665.316,Normal,0.7177
vm2,92726,20261002-134031_clu_vm14-vm24_twonode_r1,820,perf_20261002-134031_clu_vm14-vm24_twonode_r1,1,98,1790948434481,0,1790948461665.625,112.993,6.685,1790948461785.534,Normal,0.9335
vm2,92726,20261002-134031_clu_vm14-vm24_twonode_r1,826,perf_20261002-134031_clu_vm14-vm24_twonode_r1,1,99,1790948434482,0,1790948461785.817,143.171,11.608,1790948461940.883,Normal,0.9634
vm2,92726,20261002-134031_clu_vm14-vm24_twonode_r1,831,perf_20261002-134031_clu_vm14-vm24_twonode_r1,1,100,1790948434482,0,1790948461941.334,168.959,6.306,1790948462116.821,Normal,0.9283
vm2,92726,20261002-134031_clu_vm14-vm24_twonode_r1,835,perf_20261002-134031_clu_vm14-vm24_twonode_r1,1,101,1790948434483,0,1790948462117.142,106.611,17.265,1790948462241.209,Normal,0.969
vm2,92726,20261002-134031_clu_vm14-vm24_twonode_r1,854,perf_20261002-134031_clu_vm14-vm24_twonode_r1,1,102,1790948434484,0,1790948462241.521,98.078,6.21,1790948462346.019,Normal,0.9527
vm2,92726,20261002-134031_clu_vm14-vm24_twonode_r1,857,perf_20261002-134031_clu_vm14-vm24_twonode_r1,1,103,1790948434485,0,1790948462346.308,102.656,5.994,1790948462455.198,Normal,0.8785
vm2,92726,20261002-134031_clu_vm14-vm24_twonode_r1,858,perf_20261002-134031_clu_vm14-vm24_twonode_r1,1,104,1790948434485,0,1790948462455.487,87.168,7.112,1790948462549.998,Normal,0.944
vm2,92726,20261002-134031_clu_vm14-vm24_twonode_r1,861,perf_20261002-134031_clu_vm14-vm24_twonode_r1,1,105,1790948434485,0,1790948462550.288,95.17,7.121,1790948462652.814,Normal,0.9539
vm2,92726,20261002-134031_clu_vm14-vm24_twonode_r1,867,perf_20261002-134031_clu_vm14-vm24_twonode_r1,1,106,1790948434485,0,1790948462653.157,116.793,7.164,1790948462777.356,Normal,0.8677
vm2,92726,20261002-134031_clu_vm14-vm24_twonode_r1,870,perf_20261002-134031_clu_vm14-vm24_twonode_r1,1,107,1790948434486,0,1790948462777.694,112.706,6.927,1790948462897.571,Normal,0.8953
vm2,92726,20261002-134031_clu_vm14-vm24_twonode_r1,872,perf_20261002-134031_clu_vm14-vm24_twonode_r1,1,108,1790948434491,0,1790948462897.915,99.908,21.078,1790948463019.083,Normal,0.9627
vm2,92726,20261002-134031_clu_vm14-vm24_twonode_r1,875,perf_20261002-134031_clu_vm14-vm24_twonode_r1,1,109,1790948434509,0,1790948463019.362,151.382,7.477,1790948463178.414,Normal,0.8758
vm2,92726,20261002-134031_clu_vm14-vm24_twonode_r1,898,perf_20261002-134031_clu_vm14-vm24_twonode_r1,1,110,1790948434523,0,1790948463178.778,86.246,18.16,1790948463283.465,Normal,0.9656
vm2,92726,20261002-134031_clu_vm14-vm24_twonode_r1,905,perf_20261002-134031_clu_vm14-vm24_twonode_r1,1,111,1790948434524,0,1790948463283.76,110.795,6.189,1790948463400.943,Normal,0.9375
vm2,92726,20261002-134031_clu_vm14-vm24_twonode_r1,919,perf_20261002-134031_clu_vm14-vm24_twonode_r1,1,112,1790948434525,0,1790948463401.201,111.538,6.715,1790948463519.655,Normal,0.9375
vm2,92726,20261002-134031_clu_vm14-vm24_twonode_r1,934,perf_20261002-134031_clu_vm14-vm24_twonode_r1,1,113,1790948434526,0,1790948463519.927,93.791,6.726,1790948463620.67,Normal,0.9304
vm2,92726,20261002-134031_clu_vm14-vm24_twonode_r1,942,perf_20261002-134031_clu_vm14-vm24_twonode_r1,1,114,1790948434527,0,1790948463621.018,190.367,6.703,1790948463818.292,Normal,0.9594
vm2,92726,20261002-134031_clu_vm14-vm24_twonode_r1,953,perf_20261002-134031_clu_vm14-vm24_twonode_r1,1,115,1790948434528,0,1790948463818.556,71.006,9.161,1790948463898.907,OFFENSIVE,0.9024
vm2,92726,20261002-134031_clu_vm14-vm24_twonode_r1,963,perf_20261002-134031_clu_vm14-vm24_twonode_r1,1,116,1790948434529,0,1790948463899.144,126.27,5.667,1790948464031.268,Normal,0.9444
vm2,92726,20261002-134031_clu_vm14-vm24_twonode_r1,969,perf_20261002-134031_clu_vm14-vm24_twonode_r1,1,117,1790948434530,0,1790948464031.618,70.443,5.744,1790948464107.991,Normal,0.9387
vm2,92726,20261002-134031_clu_vm14-vm24_twonode_r1,984,perf_20261002-134031_clu_vm14-vm24_twonode_r1,1,118,1790948434531,0,1790948464108.21,70.613,6.751,1790948464185.749,Normal,0.9617
vm2,92726,20261002-134031_clu_vm14-vm24_twonode_r1,985,perf_20261002-134031_clu_vm14-vm24_twonode_r1,1,119,1790948434531,0,1790948464186.622,83.577,10.367,1790948464282.508,Normal,0.5899
vm2,92726,20261002-134031_clu_vm14-vm24_twonode_r1,995,perf_20261002-134031_clu_vm14-vm24_twonode_r1,1,120,1790948434532,0,1790948464283.703,62.867,6.232,1790948464352.995,Normal,0.9375
vm2,92726,20261002-134031_clu_vm14-vm24_twonode_r1,1007,perf_20261002-134031_clu_vm14-vm24_twonode_r1,1,121,1790948434533,0,1790948464353.246,94.47,5.919,1790948464453.858,Normal,0.972
vm2,92726,20261002-134031_clu_vm14-vm24_twonode_r1,1011,perf_20261002-134031_clu_vm14-vm24_twonode_r1,1,122,1790948434533,0,1790948464454.133,66.129,6.541,1790948464526.98,Normal,0.9486
vm2,92726,20261002-134031_clu_vm14-vm24_twonode_r1,1043,perf_20261002-134031_clu_vm14-vm24_twonode_r1,1,123,1790948434543,0,1790948464527.203,75.995,6.665,1790948464610.044,Normal,0.9614
vm2,92726,20261002-134031_clu_vm14-vm24_twonode_r1,1058,perf_20261002-134031_clu_vm14-vm24_twonode_r1,1,124,1790948434544,0,1790948464610.312,71.33,6.183,1790948464688.009,Normal,0.9525
vm2,92726,20261002-134031_clu_vm14-vm24_twonode_r1,1061,perf_20261002-134031_clu_vm14-vm24_twonode_r1,1,125,1790948434544,0,1790948464688.259,71.395,6.987,1790948464766.878,Normal,0.9022
vm2,92726,20261002-134031_clu_vm14-vm24_twonode_r1,1066,perf_20261002-134031_clu_vm14-vm24_twonode_r1,1,126,1790948434545,0,1790948464767.118,112.6,7.869,1790948464887.762,Normal,0.8687
vm2,92726,20261002-134031_clu_vm14-vm24_twonode_r1,1079,perf_20261002-134031_clu_vm14-vm24_twonode_r1,1,127,1790948434546,0,1790948464888.024,72.204,14.82,1790948464975.22,Normal,0.9639
vm2,92726,20261002-134031_clu_vm14-vm24_twonode_r1,1085,perf_20261002-134031_clu_vm14-vm24_twonode_r1,1,128,1790948434553,0,1790948464975.442,64.147,12.164,1790948465052.084,Normal,0.9312
vm2,92726,20261002-134031_clu_vm14-vm24_twonode_r1,1094,perf_20261002-134031_clu_vm14-vm24_twonode_r1,1,129,1790948434563,0,1790948465052.312,103.107,4.444,1790948465160.055,Normal,0.8505
vm2,92726,20261002-134031_clu_vm14-vm24_twonode_r1,1101,perf_20261002-134031_clu_vm14-vm24_twonode_r1,1,130,1790948434579,0,1790948465160.272,128.007,6.637,1790948465295.113,Normal,0.9326
vm2,92726,20261002-134031_clu_vm14-vm24_twonode_r1,1102,perf_20261002-134031_clu_vm14-vm24_twonode_r1,1,131,1790948434579,0,1790948465295.327,68.774,6.773,1790948465371.058,HATE,0.747
vm2,92726,20261002-134031_clu_vm14-vm24_twonode_r1,1115,perf_20261002-134031_clu_vm14-vm24_twonode_r1,1,132,1790948434586,0,1790948465371.329,91.341,6.762,1790948465469.614,Normal,0.9765
vm2,92726,20261002-134031_clu_vm14-vm24_twonode_r1,1116,perf_20261002-134031_clu_vm14-vm24_twonode_r1,1,133,1790948434586,0,1790948465469.884,62.74,18.909,1790948465551.709,Normal,0.9556
vm2,92726,20261002-134031_clu_vm14-vm24_twonode_r1,1139,perf_20261002-134031_clu_vm14-vm24_twonode_r1,1,134,1790948434589,0,1790948465551.939,56.996,16.356,1790948465625.475,Normal,0.9621
vm2,92726,20261002-134031_clu_vm14-vm24_twonode_r1,1144,perf_20261002-134031_clu_vm14-vm24_twonode_r1,1,135,1790948434589,0,1790948465625.699,70.717,6.156,1790948465702.831,Normal,0.9473
vm2,92726,20261002-134031_clu_vm14-vm24_twonode_r1,1168,perf_20261002-134031_clu_vm14-vm24_twonode_r1,1,136,1790948434591,0,1790948465703.092,67.636,6.4,1790948465777.319,Normal,0.9375
vm2,92726,20261002-134031_clu_vm14-vm24_twonode_r1,1176,perf_20261002-134031_clu_vm14-vm24_twonode_r1,1,137,1790948434592,0,1790948465777.603,65.578,10.491,1790948465853.865,Normal,0.9401
vm2,92726,20261002-134031_clu_vm14-vm24_twonode_r1,1185,perf_20261002-134031_clu_vm14-vm24_twonode_r1,1,138,1790948434593,0,1790948465854.095,72.116,6.096,1790948465932.503,Normal,0.9715
vm2,92726,20261002-134031_clu_vm14-vm24_twonode_r1,1187,perf_20261002-134031_clu_vm14-vm24_twonode_r1,1,139,1790948434593,0,1790948465932.794,81.882,6.537,1790948466021.398,Normal,0.9709
vm2,92726,20261002-134031_clu_vm14-vm24_twonode_r1,1192,perf_20261002-134031_clu_vm14-vm24_twonode_r1,1,140,1790948434593,0,1790948466021.624,84.977,13.258,1790948466120.041,Normal,0.9618
vm2,92726,20261002-134031_clu_vm14-vm24_twonode_r1,1197,perf_20261002-134031_clu_vm14-vm24_twonode_r1,1,141,1790948434594,0,1790948466120.275,67.523,8.574,1790948466196.585,Normal,0.9475
vm2,92726,20261002-134031_clu_vm14-vm24_twonode_r1,1203,perf_20261002-134031_clu_vm14-vm24_twonode_r1,1,142,1790948434594,0,1790948466196.871,78.805,5.881,1790948466281.766,Normal,0.9154
vm2,92726,20261002-134031_clu_vm14-vm24_twonode_r1,1204,perf_20261002-134031_clu_vm14-vm24_twonode_r1,1,143,1790948434594,0,1790948466282.008,70.019,12.826,1790948466365.019,Normal,0.9655
vm2,92726,20261002-134031_clu_vm14-vm24_twonode_r1,1205,perf_20261002-134031_clu_vm14-vm24_twonode_r1,1,144,1790948434594,0,1790948466365.271,65.113,15.315,1790948466445.88,Normal,0.8517
vm2,92726,20261002-134031_clu_vm14-vm24_twonode_r1,1219,perf_20261002-134031_clu_vm14-vm24_twonode_r1,1,145,1790948434595,0,1790948466446.141,79.501,26.212,1790948466552.024,Normal,0.9643
vm2,92726,20261002-134031_clu_vm14-vm24_twonode_r1,1223,perf_20261002-134031_clu_vm14-vm24_twonode_r1,1,146,1790948434596,0,1790948466552.397,75.642,20.339,1790948466648.565,Normal,0.9728
vm2,92726,20261002-134031_clu_vm14-vm24_twonode_r1,1225,perf_20261002-134031_clu_vm14-vm24_twonode_r1,1,147,1790948434598,0,1790948466648.985,198.105,5.832,1790948466853.164,Normal,0.9543
vm2,92726,20261002-134031_clu_vm14-vm24_twonode_r1,1240,perf_20261002-134031_clu_vm14-vm24_twonode_r1,1,148,1790948434600,0,1790948466853.428,85.473,6.06,1790948466945.131,Normal,0.8489
vm2,92726,20261002-134031_clu_vm14-vm24_twonode_r1,1242,perf_20261002-134031_clu_vm14-vm24_twonode_r1,1,149,1790948434600,0,1790948466945.37,87.195,6.971,1790948467039.708,Normal,0.8981
vm2,92726,20261002-134031_clu_vm14-vm24_twonode_r1,1245,perf_20261002-134031_clu_vm14-vm24_twonode_r1,1,150,1790948434600,0,1790948467039.942,87.712,6.38,1790948467134.211,Normal,0.7222
vm2,92726,20261002-134031_clu_vm14-vm24_twonode_r1,1252,perf_20261002-134031_clu_vm14-vm24_twonode_r1,1,151,1790948434601,0,1790948467134.423,72.073,6.32,1790948467212.996,Normal,0.9269
vm2,92726,20261002-134031_clu_vm14-vm24_twonode_r1,1272,perf_20261002-134031_clu_vm14-vm24_twonode_r1,1,152,1790948434602,0,1790948467213.271,69.445,6.4,1790948467289.304,Normal,0.9375
vm2,92726,20261002-134031_clu_vm14-vm24_twonode_r1,1275,perf_20261002-134031_clu_vm14-vm24_twonode_r1,1,153,1790948434603,0,1790948467289.572,99.163,6.306,1790948467395.222,Normal,0.9687
vm2,92726,20261002-134031_clu_vm14-vm24_twonode_r1,1276,perf_20261002-134031_clu_vm14-vm24_twonode_r1,1,154,1790948434603,0,1790948467395.437,67.342,10.039,1790948467473.033,OFFENSIVE,0.6806
vm2,92726,20261002-134031_clu_vm14-vm24_twonode_r1,1282,perf_20261002-134031_clu_vm14-vm24_twonode_r1,1,155,1790948434603,0,1790948467473.289,66.348,5.24,1790948467545.068,Normal,0.9503
vm2,92726,20261002-134031_clu_vm14-vm24_twonode_r1,1302,perf_20261002-134031_clu_vm14-vm24_twonode_r1,1,156,1790948434605,0,1790948467545.361,70.491,6.396,1790948467622.45,Normal,0.9353
vm2,92726,20261002-134031_clu_vm14-vm24_twonode_r1,1313,perf_20261002-134031_clu_vm14-vm24_twonode_r1,1,157,1790948434606,0,1790948467622.692,72.136,10.043,1790948467705.059,Normal,0.951
vm2,92726,20261002-134031_clu_vm14-vm24_twonode_r1,1332,perf_20261002-134031_clu_vm14-vm24_twonode_r1,1,158,1790948434607,0,1790948467705.33,62.344,6.999,1790948467774.886,Normal,0.9555
vm2,92726,20261002-134031_clu_vm14-vm24_twonode_r1,1342,perf_20261002-134031_clu_vm14-vm24_twonode_r1,1,159,1790948434608,0,1790948467775.108,65.652,5.341,1790948467846.275,Normal,0.9547
vm2,92726,20261002-134031_clu_vm14-vm24_twonode_r1,1352,perf_20261002-134031_clu_vm14-vm24_twonode_r1,1,160,1790948434609,0,1790948467846.519,63.66,5.362,1790948467915.708,Normal,0.8935
vm2,92726,20261002-134031_clu_vm14-vm24_twonode_r1,1361,perf_20261002-134031_clu_vm14-vm24_twonode_r1,1,161,1790948434610,0,1790948467915.923,90.612,6.747,1790948468013.459,Normal,0.4861
vm2,92726,20261002-134031_clu_vm14-vm24_twonode_r1,1366,perf_20261002-134031_clu_vm14-vm24_twonode_r1,1,162,1790948434610,0,1790948468013.689,71.306,6.613,1790948468091.824,Normal,0.9401
vm2,92726,20261002-134031_clu_vm14-vm24_twonode_r1,1374,perf_20261002-134031_clu_vm14-vm24_twonode_r1,1,163,1790948434611,0,1790948468092.08,104.984,5.583,1790948468202.91,Normal,0.9695
vm2,92726,20261002-134031_clu_vm14-vm24_twonode_r1,1386,perf_20261002-134031_clu_vm14-vm24_twonode_r1,1,164,1790948434612,0,1790948468203.143,65.692,5.614,1790948468274.791,Normal,0.956
vm2,92726,20261002-134031_clu_vm14-vm24_twonode_r1,1391,perf_20261002-134031_clu_vm14-vm24_twonode_r1,1,165,1790948434612,0,1790948468275.018,61.975,6.148,1790948468343.326,Normal,0.9491
vm2,92726,20261002-134031_clu_vm14-vm24_twonode_r1,1393,perf_20261002-134031_clu_vm14-vm24_twonode_r1,1,166,1790948434613,0,1790948468343.553,67.22,5.861,1790948468416.827,Normal,0.906
vm2,92726,20261002-134031_clu_vm14-vm24_twonode_r1,1395,perf_20261002-134031_clu_vm14-vm24_twonode_r1,1,167,1790948434613,0,1790948468417.036,67.138,8.494,1790948468492.84,Normal,0.9607
vm2,92726,20261002-134031_clu_vm14-vm24_twonode_r1,1412,perf_20261002-134031_clu_vm14-vm24_twonode_r1,1,168,1790948434634,0,1790948468493.07,68.856,12.869,1790948468574.968,Normal,0.9324
vm2,92726,20261002-134031_clu_vm14-vm24_twonode_r1,1413,perf_20261002-134031_clu_vm14-vm24_twonode_r1,1,169,1790948434634,0,1790948468575.183,87.802,9.636,1790948468672.791,Normal,0.9482
vm2,92726,20261002-134031_clu_vm14-vm24_twonode_r1,1415,perf_20261002-134031_clu_vm14-vm24_twonode_r1,1,170,1790948434648,0,1790948468673.025,64.884,9.671,1790948468747.767,Normal,0.9545
vm2,92726,20261002-134031_clu_vm14-vm24_twonode_r1,1418,perf_20261002-134031_clu_vm14-vm24_twonode_r1,1,171,1790948434648,0,1790948468748.016,96.469,6.151,1790948468850.816,Normal,0.963
vm2,92726,20261002-134031_clu_vm14-vm24_twonode_r1,1425,perf_20261002-134031_clu_vm14-vm24_twonode_r1,1,172,1790948434662,0,1790948468851.042,69.273,6.494,1790948468926.991,Normal,0.9635
vm2,92726,20261002-134031_clu_vm14-vm24_twonode_r1,1429,perf_20261002-134031_clu_vm14-vm24_twonode_r1,1,173,1790948434663,0,1790948468927.204,75.316,6.285,1790948469008.995,Normal,0.9363
vm2,92726,20261002-134031_clu_vm14-vm24_twonode_r1,1437,perf_20261002-134031_clu_vm14-vm24_twonode_r1,1,174,1790948434664,0,1790948469009.292,70.203,6.407,1790948469086.086,Normal,0.5156
vm2,92726,20261002-134031_clu_vm14-vm24_twonode_r1,1439,perf_20261002-134031_clu_vm14-vm24_twonode_r1,1,175,1790948434664,0,1790948469086.359,77.973,7.136,1790948469171.661,Normal,0.9634
vm2,92726,20261002-134031_clu_vm14-vm24_twonode_r1,1452,perf_20261002-134031_clu_vm14-vm24_twonode_r1,1,176,1790948434667,0,1790948469171.89,71.667,6.205,1790948469249.942,Normal,0.9434
vm2,92726,20261002-134031_clu_vm14-vm24_twonode_r1,1460,perf_20261002-134031_clu_vm14-vm24_twonode_r1,1,177,1790948434668,0,1790948469250.162,71.664,6.124,1790948469328.133,Normal,0.9025
vm2,92726,20261002-134031_clu_vm14-vm24_twonode_r1,1464,perf_20261002-134031_clu_vm14-vm24_twonode_r1,1,178,1790948434671,0,1790948469328.379,132.524,7.541,1790948469468.668,Normal,0.9673
vm2,92726,20261002-134031_clu_vm14-vm24_twonode_r1,1472,perf_20261002-134031_clu_vm14-vm24_twonode_r1,1,179,1790948434673,0,1790948469468.984,97.663,12.962,1790948469579.793,Normal,0.5727
vm2,92726,20261002-134031_clu_vm14-vm24_twonode_r1,1485,perf_20261002-134031_clu_vm14-vm24_twonode_r1,1,180,1790948434675,0,1790948469580.031,79.159,12.078,1790948469671.453,Normal,0.9523
vm2,92726,20261002-134031_clu_vm14-vm24_twonode_r1,1492,perf_20261002-134031_clu_vm14-vm24_twonode_r1,1,181,1790948434677,0,1790948469671.674,84.146,6.867,1790948469762.863,Normal,0.9627
vm2,92726,20261002-134031_clu_vm14-vm24_twonode_r1,1495,perf_20261002-134031_clu_vm14-vm24_twonode_r1,1,182,1790948434677,0,1790948469763.115,62.314,10.05,1790948469835.693,Normal,0.9365
vm2,92726,20261002-134031_clu_vm14-vm24_twonode_r1,1499,perf_20261002-134031_clu_vm14-vm24_twonode_r1,1,183,1790948434679,0,1790948469835.917,81.163,7.728,1790948469925.06,Normal,0.9625
vm2,92726,20261002-134031_clu_vm14-vm24_twonode_r1,1520,perf_20261002-134031_clu_vm14-vm24_twonode_r1,1,184,1790948434683,0,1790948469925.3,65.148,6.647,1790948469997.27,Normal,0.9631
vm2,92726,20261002-134031_clu_vm14-vm24_twonode_r1,1552,perf_20261002-134031_clu_vm14-vm24_twonode_r1,1,185,1790948434686,0,1790948469997.492,78.33,6.347,1790948470082.349,Normal,0.976
vm2,92726,20261002-134031_clu_vm14-vm24_twonode_r1,1577,perf_20261002-134031_clu_vm14-vm24_twonode_r1,1,186,1790948434689,0,1790948470082.592,93.992,5.977,1790948470182.745,Normal,0.9606
vm2,92726,20261002-134031_clu_vm14-vm24_twonode_r1,1583,perf_20261002-134031_clu_vm14-vm24_twonode_r1,1,187,1790948434689,0,1790948470183.012,78.396,6.164,1790948470267.784,Normal,0.9002
vm2,92726,20261002-134031_clu_vm14-vm24_twonode_r1,1588,perf_20261002-134031_clu_vm14-vm24_twonode_r1,1,188,1790948434689,0,1790948470268.094,76.334,5.944,1790948470350.556,Normal,0.9606
vm2,92726,20261002-134031_clu_vm14-vm24_twonode_r1,1594,perf_20261002-134031_clu_vm14-vm24_twonode_r1,1,189,1790948434690,0,1790948470350.777,144.798,5.681,1790948470501.433,Normal,0.9035
vm2,92726,20261002-134031_clu_vm14-vm24_twonode_r1,1640,perf_20261002-134031_clu_vm14-vm24_twonode_r1,1,190,1790948434695,0,1790948470501.659,83.133,8.002,1790948470592.968,Normal,0.9473
vm2,92726,20261002-134031_clu_vm14-vm24_twonode_r1,1642,perf_20261002-134031_clu_vm14-vm24_twonode_r1,1,191,1790948434695,0,1790948470593.204,65.155,5.207,1790948470663.742,Normal,0.9551
vm2,92726,20261002-134031_clu_vm14-vm24_twonode_r1,1645,perf_20261002-134031_clu_vm14-vm24_twonode_r1,1,192,1790948434695,0,1790948470663.974,81.13,6.526,1790948470751.932,Normal,0.8036
vm2,92726,20261002-134031_clu_vm14-vm24_twonode_r1,1649,perf_20261002-134031_clu_vm14-vm24_twonode_r1,1,193,1790948434695,0,1790948470752.164,91.224,5.938,1790948470849.517,Normal,0.9297
vm2,92726,20261002-134031_clu_vm14-vm24_twonode_r1,1663,perf_20261002-134031_clu_vm14-vm24_twonode_r1,1,194,1790948434696,0,1790948470849.742,64.348,6.901,1790948470921.172,Normal,0.9423
vm2,92726,20261002-134031_clu_vm14-vm24_twonode_r1,1669,perf_20261002-134031_clu_vm14-vm24_twonode_r1,1,195,1790948434697,0,1790948470921.418,64.991,6.289,1790948470992.908,Normal,0.9423
vm2,92726,20261002-134031_clu_vm14-vm24_twonode_r1,1670,perf_20261002-134031_clu_vm14-vm24_twonode_r1,1,196,1790948434697,0,1790948470993.176,76.712,6.345,1790948471076.431,Normal,0.9365
vm2,92726,20261002-134031_clu_vm14-vm24_twonode_r1,1679,perf_20261002-134031_clu_vm14-vm24_twonode_r1,1,197,1790948434698,0,1790948471076.732,74.298,13.987,1790948471165.185,Normal,0.9498
vm2,92726,20261002-134031_clu_vm14-vm24_twonode_r1,1689,perf_20261002-134031_clu_vm14-vm24_twonode_r1,1,198,1790948434700,0,1790948471165.478,84.43,18.295,1790948471268.376,Normal,0.9458
vm2,92726,20261002-134031_clu_vm14-vm24_twonode_r1,1690,perf_20261002-134031_clu_vm14-vm24_twonode_r1,1,199,1790948434700,0,1790948471268.676,71.424,6.127,1790948471346.41,Normal,0.8625
vm2,92726,20261002-134031_clu_vm14-vm24_twonode_r1,1695,perf_20261002-134031_clu_vm14-vm24_twonode_r1,1,200,1790948434700,0,1790948471346.628,60.547,10.85,1790948471418.201,Normal,0.9208
vm2,92726,20261002-134031_clu_vm14-vm24_twonode_r1,1721,perf_20261002-134031_clu_vm14-vm24_twonode_r1,1,201,1790948434703,0,1790948471418.442,85.895,20.55,1790948471525.066,Normal,0.9742
vm2,92726,20261002-134031_clu_vm14-vm24_twonode_r1,1729,perf_20261002-134031_clu_vm14-vm24_twonode_r1,1,202,1790948434703,0,1790948471525.372,68.482,19.799,1790948471613.825,Normal,0.8198
vm2,92726,20261002-134031_clu_vm14-vm24_twonode_r1,1751,perf_20261002-134031_clu_vm14-vm24_twonode_r1,1,203,1790948434711,0,1790948471614.048,59.087,29.597,1790948471702.961,Normal,0.9516
vm2,92726,20261002-134031_clu_vm14-vm24_twonode_r1,1767,perf_20261002-134031_clu_vm14-vm24_twonode_r1,1,204,1790948434723,0,1790948471703.179,74.643,25.277,1790948471803.28,Normal,0.6332
vm2,92726,20261002-134031_clu_vm14-vm24_twonode_r1,1774,perf_20261002-134031_clu_vm14-vm24_twonode_r1,1,205,1790948434724,0,1790948471803.502,76.047,17.388,1790948471897.12,Normal,0.9428
vm2,92726,20261002-134031_clu_vm14-vm24_twonode_r1,1775,perf_20261002-134031_clu_vm14-vm24_twonode_r1,1,206,1790948434724,0,1790948471897.387,78.351,16.031,1790948471991.951,Normal,0.925
vm2,92726,20261002-134031_clu_vm14-vm24_twonode_r1,1776,perf_20261002-134031_clu_vm14-vm24_twonode_r1,1,207,1790948434725,0,1790948471992.186,67.911,5.868,1790948472066.147,Normal,0.9584
vm2,92726,20261002-134031_clu_vm14-vm24_twonode_r1,1787,perf_20261002-134031_clu_vm14-vm24_twonode_r1,1,208,1790948434734,0,1790948472066.381,64.828,7.271,1790948472138.661,Normal,0.9511
vm2,92726,20261002-134031_clu_vm14-vm24_twonode_r1,1792,perf_20261002-134031_clu_vm14-vm24_twonode_r1,1,209,1790948434735,0,1790948472138.915,69.399,9.064,1790948472217.564,Normal,0.9523
vm2,92726,20261002-134031_clu_vm14-vm24_twonode_r1,1797,perf_20261002-134031_clu_vm14-vm24_twonode_r1,1,210,1790948434736,0,1790948472217.807,64.614,7.852,1790948472290.458,Normal,0.8218
vm2,92726,20261002-134031_clu_vm14-vm24_twonode_r1,1809,perf_20261002-134031_clu_vm14-vm24_twonode_r1,1,211,1790948434766,0,1790948472290.685,60.269,16.229,1790948472367.403,Normal,0.9283
vm2,92726,20261002-134031_clu_vm14-vm24_twonode_r1,1811,perf_20261002-134031_clu_vm14-vm24_twonode_r1,1,212,1790948434768,0,1790948472367.707,80.585,30.195,1790948472478.677,Normal,0.9398
vm2,92726,20261002-134031_clu_vm14-vm24_twonode_r1,1829,perf_20261002-134031_clu_vm14-vm24_twonode_r1,1,213,1790948434772,0,1790948472479.055,80.371,24.404,1790948472584.012,Normal,0.9239
vm2,92726,20261002-134031_clu_vm14-vm24_twonode_r1,1836,perf_20261002-134031_clu_vm14-vm24_twonode_r1,1,214,1790948434774,0,1790948472584.239,103.543,24.493,1790948472712.456,Normal,0.9419
vm2,92726,20261002-134031_clu_vm14-vm24_twonode_r1,1879,perf_20261002-134031_clu_vm14-vm24_twonode_r1,1,215,1790948434824,0,1790948472712.821,93.433,5.235,1790948472811.673,Normal,0.7785
vm2,92726,20261002-134031_clu_vm14-vm24_twonode_r1,1886,perf_20261002-134031_clu_vm14-vm24_twonode_r1,1,216,1790948434825,0,1790948472811.903,58.349,17.319,1790948472887.743,Normal,0.9396
vm2,92726,20261002-134031_clu_vm14-vm24_twonode_r1,1887,perf_20261002-134031_clu_vm14-vm24_twonode_r1,1,217,1790948434826,0,1790948472888.048,71.268,20.756,1790948472980.248,Normal,0.9361
vm2,92726,20261002-134031_clu_vm14-vm24_twonode_r1,1917,perf_20261002-134031_clu_vm14-vm24_twonode_r1,1,218,1790948434828,0,1790948472980.497,68.079,18.614,1790948473067.367,OFFENSIVE,0.7955
vm2,92726,20261002-134031_clu_vm14-vm24_twonode_r1,1921,perf_20261002-134031_clu_vm14-vm24_twonode_r1,1,219,1790948434829,0,1790948473067.679,60.696,13.214,1790948473141.783,Normal,0.9457
vm2,92726,20261002-134031_clu_vm14-vm24_twonode_r1,1923,perf_20261002-134031_clu_vm14-vm24_twonode_r1,1,220,1790948434829,0,1790948473142.054,74.364,18.89,1790948473235.484,Normal,0.9315
vm2,92726,20261002-134031_clu_vm14-vm24_twonode_r1,1928,perf_20261002-134031_clu_vm14-vm24_twonode_r1,1,221,1790948434829,0,1790948473235.702,76.439,7.078,1790948473319.4,Normal,0.9558
vm2,92726,20261002-134031_clu_vm14-vm24_twonode_r1,1933,perf_20261002-134031_clu_vm14-vm24_twonode_r1,1,222,1790948434830,0,1790948473319.632,66.824,14.963,1790948473401.596,HATE,0.3814
vm2,92726,20261002-134031_clu_vm14-vm24_twonode_r1,1959,perf_20261002-134031_clu_vm14-vm24_twonode_r1,1,223,1790948434839,0,1790948473401.826,57.507,16.463,1790948473475.972,Normal,0.9409
vm2,92726,20261002-134031_clu_vm14-vm24_twonode_r1,1961,perf_20261002-134031_clu_vm14-vm24_twonode_r1,1,224,1790948434839,0,1790948473476.195,56.987,30.081,1790948473563.496,Normal,0.9495
vm2,92726,20261002-134031_clu_vm14-vm24_twonode_r1,1969,perf_20261002-134031_clu_vm14-vm24_twonode_r1,1,225,1790948434840,0,1790948473563.717,159.766,20.868,1790948473744.601,Normal,0.9713
vm2,92726,20261002-134031_clu_vm14-vm24_twonode_r1,1981,perf_20261002-134031_clu_vm14-vm24_twonode_r1,1,226,1790948434841,0,1790948473744.845,75.377,23.177,1790948473843.582,Normal,0.9342
vm2,92726,20261002-134031_clu_vm14-vm24_twonode_r1,1984,perf_20261002-134031_clu_vm14-vm24_twonode_r1,1,227,1790948434841,0,1790948473843.826,68.431,22.037,1790948473934.458,Normal,0.9427
vm2,92726,20261002-134031_clu_vm14-vm24_twonode_r1,2004,perf_20261002-134031_clu_vm14-vm24_twonode_r1,1,228,1790948434843,0,1790948473934.677,81.246,20.956,1790948474037.064,Normal,0.973
vm2,92726,20261002-134031_clu_vm14-vm24_twonode_r1,2005,perf_20261002-134031_clu_vm14-vm24_twonode_r1,1,229,1790948434843,0,1790948474037.45,94.309,13.302,1790948474145.258,Normal,0.9526
vm2,92726,20261002-134031_clu_vm14-vm24_twonode_r1,2006,perf_20261002-134031_clu_vm14-vm24_twonode_r1,1,230,1790948434843,0,1790948474145.523,108.314,19.005,1790948474273.062,Normal,0.9731
vm2,92726,20261002-134031_clu_vm14-vm24_twonode_r1,2013,perf_20261002-134031_clu_vm14-vm24_twonode_r1,1,231,1790948434844,0,1790948474273.435,90.962,20.968,1790948474385.563,Normal,0.9629
vm2,92726,20261002-134031_clu_vm14-vm24_twonode_r1,2015,perf_20261002-134031_clu_vm14-vm24_twonode_r1,1,232,1790948434844,0,1790948474386.114,96.726,17.537,1790948474500.583,Normal,0.9425
vm2,92726,20261002-134031_clu_vm14-vm24_twonode_r1,2017,perf_20261002-134031_clu_vm14-vm24_twonode_r1,1,233,1790948434844,0,1790948474500.915,91.434,12.844,1790948474605.399,Normal,0.9022
vm2,92726,20261002-134031_clu_vm14-vm24_twonode_r1,2022,perf_20261002-134031_clu_vm14-vm24_twonode_r1,1,234,1790948434845,0,1790948474605.712,112.001,9.416,1790948474727.32,Normal,0.9211
vm2,92726,20261002-134031_clu_vm14-vm24_twonode_r1,2039,perf_20261002-134031_clu_vm14-vm24_twonode_r1,1,235,1790948434846,0,1790948474727.639,94.983,10.273,1790948474833.079,Normal,0.9615
vm2,92726,20261002-134031_clu_vm14-vm24_twonode_r1,2048,perf_20261002-134031_clu_vm14-vm24_twonode_r1,1,236,1790948434847,0,1790948474833.405,143.905,17.824,1790948474995.334,Normal,0.9472
vm2,92726,20261002-134031_clu_vm14-vm24_twonode_r1,2059,perf_20261002-134031_clu_vm14-vm24_twonode_r1,1,237,1790948434848,0,1790948474995.598,94.789,17.579,1790948475108.174,Normal,0.9691
vm2,92726,20261002-134031_clu_vm14-vm24_twonode_r1,2063,perf_20261002-134031_clu_vm14-vm24_twonode_r1,1,238,1790948434850,0,1790948475108.44,161.172,6.849,1790948475276.675,Normal,0.9751
vm2,92726,20261002-134031_clu_vm14-vm24_twonode_r1,2082,perf_20261002-134031_clu_vm14-vm24_twonode_r1,1,239,1790948434851,0,1790948475276.933,90.999,24.364,1790948475392.511,Normal,0.9265
vm2,92726,20261002-134031_clu_vm14-vm24_twonode_r1,2086,perf_20261002-134031_clu_vm14-vm24_twonode_r1,1,240,1790948434851,0,1790948475392.994,91.033,12.194,1790948475496.414,Normal,0.4444
vm2,92726,20261002-134031_clu_vm14-vm24_twonode_r1,2106,perf_20261002-134031_clu_vm14-vm24_twonode_r1,1,241,1790948434853,0,1790948475496.675,95.735,6.124,1790948475598.768,Normal,0.9701
vm2,92726,20261002-134031_clu_vm14-vm24_twonode_r1,2114,perf_20261002-134031_clu_vm14-vm24_twonode_r1,1,242,1790948434854,0,1790948475599.052,132.224,5.326,1790948475736.796,Normal,0.9653
vm2,92726,20261002-134031_clu_vm14-vm24_twonode_r1,2119,perf_20261002-134031_clu_vm14-vm24_twonode_r1,1,243,1790948434854,0,1790948475737.023,81.603,12.443,1790948475831.264,Normal,0.9444
vm2,92726,20261002-134031_clu_vm14-vm24_twonode_r1,2123,perf_20261002-134031_clu_vm14-vm24_twonode_r1,1,244,1790948434855,0,1790948475831.513,64.399,8.894,1790948475905.017,Normal,0.9351
vm2,92726,20261002-134031_clu_vm14-vm24_twonode_r1,2130,perf_20261002-134031_clu_vm14-vm24_twonode_r1,1,245,1790948434855,0,1790948475905.276,137.608,5.184,1790948476048.275,Normal,0.968
vm2,92726,20261002-134031_clu_vm14-vm24_twonode_r1,2137,perf_20261002-134031_clu_vm14-vm24_twonode_r1,1,246,1790948434856,0,1790948476048.524,119.102,6.929,1790948476174.767,OFFENSIVE,0.9296
vm2,92726,20261002-134031_clu_vm14-vm24_twonode_r1,2164,perf_20261002-134031_clu_vm14-vm24_twonode_r1,1,247,1790948434858,0,1790948476175.07,114.332,5.934,1790948476295.554,Normal,0.9435
vm2,92726,20261002-134031_clu_vm14-vm24_twonode_r1,2176,perf_20261002-134031_clu_vm14-vm24_twonode_r1,1,248,1790948434859,0,1790948476295.796,69.767,23.705,1790948476389.454,Normal,0.9391
vm2,92726,20261002-134031_clu_vm14-vm24_twonode_r1,2181,perf_20261002-134031_clu_vm14-vm24_twonode_r1,1,249,1790948434861,0,1790948476390.219,78.146,15.481,1790948476484.083,Normal,0.6937
vm2,92726,20261002-134031_clu_vm14-vm24_twonode_r1,2184,perf_20261002-134031_clu_vm14-vm24_twonode_r1,1,250,1790948434861,0,1790948476484.336,99.527,5.219,1790948476589.275,Normal,0.9269
vm2,92726,20261002-134031_clu_vm14-vm24_twonode_r1,2188,perf_20261002-134031_clu_vm14-vm24_twonode_r1,1,251,1790948434861,0,1790948476589.528,129.124,7.205,1790948476726.057,Normal,0.9643
vm2,92726,20261002-134031_clu_vm14-vm24_twonode_r1,2192,perf_20261002-134031_clu_vm14-vm24_twonode_r1,1,252,1790948434862,0,1790948476726.291,72.127,5.526,1790948476804.135,Normal,0.9176
vm2,92726,20261002-134031_clu_vm14-vm24_twonode_r1,2198,perf_20261002-134031_clu_vm14-vm24_twonode_r1,1,253,1790948434862,0,1790948476804.356,85.126,5.893,1790948476895.555,Normal,0.9375
vm2,92726,20261002-134031_clu_vm14-vm24_twonode_r1,2202,perf_20261002-134031_clu_vm14-vm24_twonode_r1,1,254,1790948434863,0,1790948476895.821,85.948,6.931,1790948476988.885,Normal,0.94
vm2,92726,20261002-134031_clu_vm14-vm24_twonode_r1,2212,perf_20261002-134031_clu_vm14-vm24_twonode_r1,1,255,1790948434864,0,1790948476989.186,102.089,6.032,1790948477097.565,Normal,0.9714
vm2,92726,20261002-134031_clu_vm14-vm24_twonode_r1,2220,perf_20261002-134031_clu_vm14-vm24_twonode_r1,1,256,1790948434864,0,1790948477097.883,89.427,6.178,1790948477193.691,Normal,0.9204
vm2,92726,20261002-134031_clu_vm14-vm24_twonode_r1,2239,perf_20261002-134031_clu_vm14-vm24_twonode_r1,1,257,1790948434866,0,1790948477193.986,106.885,5.4,1790948477306.489,Normal,0.9023
vm2,92726,20261002-134031_clu_vm14-vm24_twonode_r1,2240,perf_20261002-134031_clu_vm14-vm24_twonode_r1,1,258,1790948434866,0,1790948477306.758,107.389,6.133,1790948477420.483,Normal,0.8175
vm2,92726,20261002-134031_clu_vm14-vm24_twonode_r1,2243,perf_20261002-134031_clu_vm14-vm24_twonode_r1,1,259,1790948434866,0,1790948477420.78,115.859,7.857,1790948477544.72,Normal,0.9445
vm2,92726,20261002-134031_clu_vm14-vm24_twonode_r1,2250,perf_20261002-134031_clu_vm14-vm24_twonode_r1,1,260,1790948434867,0,1790948477544.983,119.481,10.928,1790948477675.605,Normal,0.971
vm2,92726,20261002-134031_clu_vm14-vm24_twonode_r1,2262,perf_20261002-134031_clu_vm14-vm24_twonode_r1,1,261,1790948434868,0,1790948477675.953,111.06,6.615,1790948477793.85,Normal,0.9235
vm2,92726,20261002-134031_clu_vm14-vm24_twonode_r1,2268,perf_20261002-134031_clu_vm14-vm24_twonode_r1,1,262,1790948434868,0,1790948477794.264,181.601,11.529,1790948477987.585,Normal,0.8794
vm2,92726,20261002-134031_clu_vm14-vm24_twonode_r1,2277,perf_20261002-134031_clu_vm14-vm24_twonode_r1,1,263,1790948434869,0,1790948477987.867,82.613,22.035,1790948478092.693,Normal,0.9677
vm2,92726,20261002-134031_clu_vm14-vm24_twonode_r1,2311,perf_20261002-134031_clu_vm14-vm24_twonode_r1,1,264,1790948434872,0,1790948478093.024,99.431,11.532,1790948478204.215,Normal,0.9641
vm2,92726,20261002-134031_clu_vm14-vm24_twonode_r1,2317,perf_20261002-134031_clu_vm14-vm24_twonode_r1,1,265,1790948434872,0,1790948478204.496,112.259,6.787,1790948478323.826,Normal,0.9577
vm2,92726,20261002-134031_clu_vm14-vm24_twonode_r1,2324,perf_20261002-134031_clu_vm14-vm24_twonode_r1,1,266,1790948434873,0,1790948478324.116,95.583,35.236,1790948478455.148,Normal,0.3727
vm2,92726,20261002-134031_clu_vm14-vm24_twonode_r1,2334,perf_20261002-134031_clu_vm14-vm24_twonode_r1,1,267,1790948434874,0,1790948478455.569,117.967,8.795,1790948478582.519,Normal,0.9679
vm2,92726,20261002-134031_clu_vm14-vm24_twonode_r1,2335,perf_20261002-134031_clu_vm14-vm24_twonode_r1,1,268,1790948434874,0,1790948478582.779,406.864,6.793,1790948478996.709,Normal,0.9785
vm2,92726,20261002-134031_clu_vm14-vm24_twonode_r1,2338,perf_20261002-134031_clu_vm14-vm24_twonode_r1,1,269,1790948434874,0,1790948478997.07,110.96,6.166,1790948479114.424,Normal,0.8917
vm2,92726,20261002-134031_clu_vm14-vm24_twonode_r1,2345,perf_20261002-134031_clu_vm14-vm24_twonode_r1,1,270,1790948434875,0,1790948479114.743,102.176,7.609,1790948479224.811,Normal,0.7135
vm2,92726,20261002-134031_clu_vm14-vm24_twonode_r1,2356,perf_20261002-134031_clu_vm14-vm24_twonode_r1,1,271,1790948434876,0,1790948479225.186,101.331,12.095,1790948479347.406,Normal,0.9525
vm2,92726,20261002-134031_clu_vm14-vm24_twonode_r1,2358,perf_20261002-134031_clu_vm14-vm24_twonode_r1,1,272,1790948434876,0,1790948479348.012,111.033,6.968,1790948479466.248,Normal,0.9629
vm2,92726,20261002-134031_clu_vm14-vm24_twonode_r1,2362,perf_20261002-134031_clu_vm14-vm24_twonode_r1,1,273,1790948434876,0,1790948479466.606,113.493,6.472,1790948479586.823,Normal,0.9324
vm2,92726,20261002-134031_clu_vm14-vm24_twonode_r1,2365,perf_20261002-134031_clu_vm14-vm24_twonode_r1,1,274,1790948434876,0,1790948479587.135,89.022,8.106,1790948479684.488,Normal,0.959
vm2,92726,20261002-134031_clu_vm14-vm24_twonode_r1,2379,perf_20261002-134031_clu_vm14-vm24_twonode_r1,1,275,1790948434878,0,1790948479684.778,96.201,11.652,1790948479792.96,Normal,0.844
vm2,92726,20261002-134031_clu_vm14-vm24_twonode_r1,2392,perf_20261002-134031_clu_vm14-vm24_twonode_r1,1,276,1790948434879,0,1790948479793.288,97.944,8.322,1790948479899.758,Normal,0.9255
vm2,92726,20261002-134031_clu_vm14-vm24_twonode_r1,2405,perf_20261002-134031_clu_vm14-vm24_twonode_r1,1,277,1790948434880,0,1790948479900.06,90.602,21.224,1790948480012.085,Normal,0.8499
vm2,92726,20261002-134031_clu_vm14-vm24_twonode_r1,2408,perf_20261002-134031_clu_vm14-vm24_twonode_r1,1,278,1790948434880,0,1790948480012.463,87.088,7.488,1790948480107.257,Normal,0.9499
vm2,92726,20261002-134031_clu_vm14-vm24_twonode_r1,2410,perf_20261002-134031_clu_vm14-vm24_twonode_r1,1,279,1790948434880,0,1790948480107.644,127.541,6.314,1790948480241.747,Normal,0.9471
vm2,92726,20261002-134031_clu_vm14-vm24_twonode_r1,2411,perf_20261002-134031_clu_vm14-vm24_twonode_r1,1,280,1790948434880,0,1790948480242.061,101.685,5.07,1790948480349.019,Normal,0.9468
vm2,92726,20261002-134031_clu_vm14-vm24_twonode_r1,2419,perf_20261002-134031_clu_vm14-vm24_twonode_r1,1,281,1790948434881,0,1790948480349.323,113.451,5.803,1790948480468.777,Normal,0.9665
vm2,92726,20261002-134031_clu_vm14-vm24_twonode_r1,2422,perf_20261002-134031_clu_vm14-vm24_twonode_r1,1,282,1790948434881,0,1790948480469.068,100.244,7.393,1790948480576.909,Normal,0.931
vm2,92726,20261002-134031_clu_vm14-vm24_twonode_r1,2437,perf_20261002-134031_clu_vm14-vm24_twonode_r1,1,283,1790948434883,0,1790948480577.268,93.701,8.419,1790948480679.624,Normal,0.9423
vm2,92726,20261002-134031_clu_vm14-vm24_twonode_r1,2440,perf_20261002-134031_clu_vm14-vm24_twonode_r1,1,284,1790948434883,0,1790948480679.943,136.975,5.92,1790948480823.025,Normal,0.9423
vm2,92726,20261002-134031_clu_vm14-vm24_twonode_r1,2446,perf_20261002-134031_clu_vm14-vm24_twonode_r1,1,285,1790948434884,0,1790948480823.317,105.715,11.223,1790948480940.545,Normal,0.9476
vm2,92726,20261002-134031_clu_vm14-vm24_twonode_r1,2452,perf_20261002-134031_clu_vm14-vm24_twonode_r1,1,286,1790948434884,0,1790948480940.815,121.486,6.436,1790948481068.977,Normal,0.6702
vm2,92726,20261002-134031_clu_vm14-vm24_twonode_r1,2463,perf_20261002-134031_clu_vm14-vm24_twonode_r1,1,287,1790948434885,0,1790948481069.318,114.847,6.471,1790948481190.893,Normal,0.9196
vm2,92726,20261002-134031_clu_vm14-vm24_twonode_r1,2481,perf_20261002-134031_clu_vm14-vm24_twonode_r1,1,288,1790948434886,0,1790948481191.274,112.101,7.727,1790948481311.318,Normal,0.6562
vm2,92726,20261002-134031_clu_vm14-vm24_twonode_r1,2483,perf_20261002-134031_clu_vm14-vm24_twonode_r1,1,289,1790948434886,0,1790948481311.649,115.846,8.899,1790948481436.596,Normal,0.9106
vm2,92726,20261002-134031_clu_vm14-vm24_twonode_r1,2492,perf_20261002-134031_clu_vm14-vm24_twonode_r1,1,290,1790948434887,0,1790948481437.01,98.423,23.28,1790948481558.935,Normal,0.9491
vm2,92726,20261002-134031_clu_vm14-vm24_twonode_r1,2494,perf_20261002-134031_clu_vm14-vm24_twonode_r1,1,291,1790948434887,0,1790948481559.241,115.851,6.86,1790948481682.213,Normal,0.786
vm2,92726,20261002-134031_clu_vm14-vm24_twonode_r1,2498,perf_20261002-134031_clu_vm14-vm24_twonode_r1,1,292,1790948434888,0,1790948481682.557,112.938,6.407,1790948481802.138,Normal,0.7791
vm2,92726,20261002-134031_clu_vm14-vm24_twonode_r1,2502,perf_20261002-134031_clu_vm14-vm24_twonode_r1,1,293,1790948434888,0,1790948481802.468,117.871,6.379,1790948481926.935,Normal,0.8878
vm2,92726,20261002-134031_clu_vm14-vm24_twonode_r1,2507,perf_20261002-134031_clu_vm14-vm24_twonode_r1,1,294,1790948434889,0,1790948481927.213,115.01,7.006,1790948482049.463,Normal,0.9654
vm2,92726,20261002-134031_clu_vm14-vm24_twonode_r1,2510,perf_20261002-134031_clu_vm14-vm24_twonode_r1,1,295,1790948434889,0,1790948482049.896,111.429,4.844,1790948482166.403,Normal,0.826
vm2,92726,20261002-134031_clu_vm14-vm24_twonode_r1,2523,perf_20261002-134031_clu_vm14-vm24_twonode_r1,1,296,1790948434890,0,1790948482166.665,112.537,4.749,1790948482284.143,Normal,0.8455
vm2,92726,20261002-134031_clu_vm14-vm24_twonode_r1,2534,perf_20261002-134031_clu_vm14-vm24_twonode_r1,1,297,1790948434891,0,1790948482284.4,130.564,9.967,1790948482425.135,Normal,0.9802
vm2,92726,20261002-134031_clu_vm14-vm24_twonode_r1,2538,perf_20261002-134031_clu_vm14-vm24_twonode_r1,1,298,1790948434891,0,1790948482425.453,97.22,10.14,1790948482533.013,Normal,0.9375
vm2,92726,20261002-134031_clu_vm14-vm24_twonode_r1,2543,perf_20261002-134031_clu_vm14-vm24_twonode_r1,1,299,1790948434891,0,1790948482533.448,88.256,6.666,1790948482628.608,Normal,0.9448
vm2,92726,20261002-134031_clu_vm14-vm24_twonode_r1,2548,perf_20261002-134031_clu_vm14-vm24_twonode_r1,1,300,1790948434892,0,1790948482629.088,82.998,6.41,1790948482718.687,Normal,0.8151
vm2,92726,20261002-134031_clu_vm14-vm24_twonode_r1,2554,perf_20261002-134031_clu_vm14-vm24_twonode_r1,1,301,1790948434893,0,1790948482718.959,107.439,5.982,1790948482832.583,Normal,0.7041
vm2,92726,20261002-134031_clu_vm14-vm24_twonode_r1,2558,perf_20261002-134031_clu_vm14-vm24_twonode_r1,1,302,1790948434893,0,1790948482832.86,92.236,6.464,1790948482931.866,Normal,0.9632
vm2,92726,20261002-134031_clu_vm14-vm24_twonode_r1,2559,perf_20261002-134031_clu_vm14-vm24_twonode_r1,1,303,1790948434893,0,1790948482932.145,100.1,6.815,1790948483039.272,Normal,0.9407
vm2,92726,20261002-134031_clu_vm14-vm24_twonode_r1,2569,perf_20261002-134031_clu_vm14-vm24_twonode_r1,1,304,1790948434894,0,1790948483039.638,89.804,9.733,1790948483139.36,Normal,0.8473
vm2,92726,20261002-134031_clu_vm14-vm24_twonode_r1,2570,perf_20261002-134031_clu_vm14-vm24_twonode_r1,1,305,1790948434894,0,1790948483139.602,98.756,5.222,1790948483243.762,Normal,0.9605
vm2,92726,20261002-134031_clu_vm14-vm24_twonode_r1,2572,perf_20261002-134031_clu_vm14-vm24_twonode_r1,1,306,1790948434894,0,1790948483244.01,108.661,7.011,1790948483359.878,Normal,0.7281
vm2,92726,20261002-134031_clu_vm14-vm24_twonode_r1,2573,perf_20261002-134031_clu_vm14-vm24_twonode_r1,1,307,1790948434894,0,1790948483360.162,133.828,6.484,1790948483500.688,Normal,0.9559
vm2,92726,20261002-134031_clu_vm14-vm24_twonode_r1,2582,perf_20261002-134031_clu_vm14-vm24_twonode_r1,1,308,1790948434895,0,1790948483500.964,79.953,6.583,1790948483587.69,Normal,0.9308
vm2,92726,20261002-134031_clu_vm14-vm24_twonode_r1,2605,perf_20261002-134031_clu_vm14-vm24_twonode_r1,1,309,1790948434897,0,1790948483587.913,89.138,6.389,1790948483683.742,Normal,0.9715
vm2,92726,20261002-134031_clu_vm14-vm24_twonode_r1,2606,perf_20261002-134031_clu_vm14-vm24_twonode_r1,1,310,1790948434897,0,1790948483683.988,73.046,7.037,1790948483764.342,Normal,0.9572
vm2,92726,20261002-134031_clu_vm14-vm24_twonode_r1,2618,perf_20261002-134031_clu_vm14-vm24_twonode_r1,1,311,1790948434898,0,1790948483764.601,86.045,6.207,1790948483857.06,Normal,0.9592
vm2,92726,20261002-134031_clu_vm14-vm24_twonode_r1,2630,perf_20261002-134031_clu_vm14-vm24_twonode_r1,1,312,1790948434899,0,1790948483857.319,78.424,5.702,1790948483941.672,Normal,0.9649
vm2,92726,20261002-134031_clu_vm14-vm24_twonode_r1,2637,perf_20261002-134031_clu_vm14-vm24_twonode_r1,1,313,1790948434900,0,1790948483941.903,96.264,7.256,1790948484045.621,Normal,0.9567
vm2,92726,20261002-134031_clu_vm14-vm24_twonode_r1,2658,perf_20261002-134031_clu_vm14-vm24_twonode_r1,1,314,1790948434902,0,1790948484045.868,104.235,11.898,1790948484162.199,Normal,0.9604
vm2,92726,20261002-134031_clu_vm14-vm24_twonode_r1,2663,perf_20261002-134031_clu_vm14-vm24_twonode_r1,1,315,1790948434902,0,1790948484162.475,114.051,12.4,1790948484289.112,Normal,0.9173
vm2,92726,20261002-134031_clu_vm14-vm24_twonode_r1,2665,perf_20261002-134031_clu_vm14-vm24_twonode_r1,1,316,1790948434902,0,1790948484289.357,125.946,15.568,1790948484431.062,Normal,0.8752
vm2,92726,20261002-134031_clu_vm14-vm24_twonode_r1,2667,perf_20261002-134031_clu_vm14-vm24_twonode_r1,1,317,1790948434902,0,1790948484431.311,97.835,6.208,1790948484535.616,Normal,0.9275
vm2,92726,20261002-134031_clu_vm14-vm24_twonode_r1,2669,perf_20261002-134031_clu_vm14-vm24_twonode_r1,1,318,1790948434903,0,1790948484535.865,112.464,5.75,1790948484654.287,Normal,0.9433
vm2,92726,20261002-134031_clu_vm14-vm24_twonode_r1,2691,perf_20261002-134031_clu_vm14-vm24_twonode_r1,1,319,1790948434904,0,1790948484654.523,148.829,6.625,1790948484810.175,Normal,0.9574
vm2,92726,20261002-134031_clu_vm14-vm24_twonode_r1,2692,perf_20261002-134031_clu_vm14-vm24_twonode_r1,1,320,1790948434904,0,1790948484810.405,148.33,6.611,1790948484965.549,Normal,0.9747
vm2,92726,20261002-134031_clu_vm14-vm24_twonode_r1,2696,perf_20261002-134031_clu_vm14-vm24_twonode_r1,1,321,1790948434905,0,1790948484965.781,75.888,7.05,1790948485048.93,Normal,0.9714
vm2,92726,20261002-134031_clu_vm14-vm24_twonode_r1,2700,perf_20261002-134031_clu_vm14-vm24_twonode_r1,1,322,1790948434905,0,1790948485049.18,81.285,6.141,1790948485136.828,HATE,0.6758
vm2,92726,20261002-134031_clu_vm14-vm24_twonode_r1,2709,perf_20261002-134031_clu_vm14-vm24_twonode_r1,1,323,1790948434906,0,1790948485137.042,72.971,6.036,1790948485216.226,Normal,0.9239
vm2,92726,20261002-134031_clu_vm14-vm24_twonode_r1,2711,perf_20261002-134031_clu_vm14-vm24_twonode_r1,1,324,1790948434906,0,1790948485216.469,82.4,20.996,1790948485320.073,Normal,0.9335
vm2,92726,20261002-134031_clu_vm14-vm24_twonode_r1,2713,perf_20261002-134031_clu_vm14-vm24_twonode_r1,1,325,1790948434906,0,1790948485320.311,73.106,24.729,1790948485418.33,Normal,0.937
vm2,92726,20261002-134031_clu_vm14-vm24_twonode_r1,2716,perf_20261002-134031_clu_vm14-vm24_twonode_r1,1,326,1790948434906,0,1790948485418.553,82.886,14.772,1790948485516.411,Normal,0.9392
vm2,92726,20261002-134031_clu_vm14-vm24_twonode_r1,2731,perf_20261002-134031_clu_vm14-vm24_twonode_r1,1,327,1790948434908,0,1790948485516.675,82.793,17.4,1790948485617.057,Normal,0.9391
vm2,92726,20261002-134031_clu_vm14-vm24_twonode_r1,2750,perf_20261002-134031_clu_vm14-vm24_twonode_r1,1,328,1790948434910,0,1790948485617.305,90.926,5.702,1790948485714.135,Normal,0.9726
vm2,92726,20261002-134031_clu_vm14-vm24_twonode_r1,2758,perf_20261002-134031_clu_vm14-vm24_twonode_r1,1,329,1790948434911,0,1790948485714.39,79.918,10.546,1790948485805.033,Normal,0.9656
vm2,92726,20261002-134031_clu_vm14-vm24_twonode_r1,2788,perf_20261002-134031_clu_vm14-vm24_twonode_r1,1,330,1790948434913,0,1790948485805.277,68.607,10.945,1790948485885.001,Normal,0.9617
vm2,92726,20261002-134031_clu_vm14-vm24_twonode_r1,2800,perf_20261002-134031_clu_vm14-vm24_twonode_r1,1,331,1790948434914,0,1790948485885.246,72.932,20.04,1790948485978.395,Normal,0.7432
vm2,92726,20261002-134031_clu_vm14-vm24_twonode_r1,2808,perf_20261002-134031_clu_vm14-vm24_twonode_r1,1,332,1790948434918,0,1790948485978.614,101.275,5.813,1790948486085.884,Normal,0.9161
vm2,92726,20261002-134031_clu_vm14-vm24_twonode_r1,2809,perf_20261002-134031_clu_vm14-vm24_twonode_r1,1,333,1790948434918,0,1790948486086.096,91.375,26.54,1790948486204.194,Normal,0.8827
vm2,92726,20261002-134031_clu_vm14-vm24_twonode_r1,2812,perf_20261002-134031_clu_vm14-vm24_twonode_r1,1,334,1790948434918,0,1790948486204.455,74.456,9.994,1790948486289.083,Normal,0.9525
vm2,92726,20261002-134031_clu_vm14-vm24_twonode_r1,2815,perf_20261002-134031_clu_vm14-vm24_twonode_r1,1,335,1790948434919,0,1790948486289.377,100.211,25.905,1790948486415.694,Normal,0.8956
vm2,92726,20261002-134031_clu_vm14-vm24_twonode_r1,2826,perf_20261002-134031_clu_vm14-vm24_twonode_r1,1,336,1790948434920,0,1790948486416.009,80.642,9.88,1790948486506.738,Normal,0.9584
vm2,92726,20261002-134031_clu_vm14-vm24_twonode_r1,2833,perf_20261002-134031_clu_vm14-vm24_twonode_r1,1,337,1790948434920,0,1790948486506.973,90.178,25.813,1790948486623.217,Normal,0.8476
vm2,92726,20261002-134031_clu_vm14-vm24_twonode_r1,2835,perf_20261002-134031_clu_vm14-vm24_twonode_r1,1,338,1790948434920,0,1790948486623.502,84.128,7.179,1790948486714.99,Normal,0.9645
vm2,92726,20261002-134031_clu_vm14-vm24_twonode_r1,2842,perf_20261002-134031_clu_vm14-vm24_twonode_r1,1,339,1790948434921,0,1790948486715.208,93.354,20.526,1790948486829.264,Normal,0.8475
vm2,92726,20261002-134031_clu_vm14-vm24_twonode_r1,2854,perf_20261002-134031_clu_vm14-vm24_twonode_r1,1,340,1790948434922,0,1790948486829.504,76.203,20.712,1790948486926.599,Normal,0.9447
vm2,92726,20261002-134031_clu_vm14-vm24_twonode_r1,2862,perf_20261002-134031_clu_vm14-vm24_twonode_r1,1,341,1790948434922,0,1790948486926.985,85.536,12.296,1790948487025.023,Normal,0.9686
vm2,92726,20261002-134031_clu_vm14-vm24_twonode_r1,2875,perf_20261002-134031_clu_vm14-vm24_twonode_r1,1,342,1790948434926,0,1790948487025.297,106.153,8.71,1790948487140.348,Normal,0.9437
vm2,92726,20261002-134031_clu_vm14-vm24_twonode_r1,2877,perf_20261002-134031_clu_vm14-vm24_twonode_r1,1,343,1790948434926,0,1790948487140.59,70.326,13.119,1790948487224.241,Normal,0.9466
vm2,92726,20261002-134031_clu_vm14-vm24_twonode_r1,2893,perf_20261002-134031_clu_vm14-vm24_twonode_r1,1,344,1790948434927,0,1790948487224.499,96.661,11.863,1790948487333.281,Normal,0.9349
vm2,92726,20261002-134031_clu_vm14-vm24_twonode_r1,2905,perf_20261002-134031_clu_vm14-vm24_twonode_r1,1,345,1790948434928,0,1790948487333.6,109.121,25.657,1790948487468.609,Normal,0.9109
vm2,92726,20261002-134031_clu_vm14-vm24_twonode_r1,2909,perf_20261002-134031_clu_vm14-vm24_twonode_r1,1,346,1790948434928,0,1790948487468.984,96.733,5.712,1790948487571.618,Normal,0.6352
vm2,92726,20261002-134031_clu_vm14-vm24_twonode_r1,2924,perf_20261002-134031_clu_vm14-vm24_twonode_r1,1,347,1790948434930,0,1790948487571.844,70.696,20.909,1790948487663.632,Normal,0.8879
vm2,92726,20261002-134031_clu_vm14-vm24_twonode_r1,2941,perf_20261002-134031_clu_vm14-vm24_twonode_r1,1,348,1790948434936,0,1790948487663.895,163.272,24.936,1790948487852.292,Normal,0.9579
vm2,92726,20261002-134031_clu_vm14-vm24_twonode_r1,2942,perf_20261002-134031_clu_vm14-vm24_twonode_r1,1,349,1790948434936,0,1790948487852.708,94.899,8.219,1790948487956.019,OFFENSIVE,0.4831
vm2,92726,20261002-134031_clu_vm14-vm24_twonode_r1,2958,perf_20261002-134031_clu_vm14-vm24_twonode_r1,1,350,1790948434938,0,1790948487956.261,180.427,4.788,1790948488141.686,Normal,0.976
vm2,92726,20261002-134031_clu_vm14-vm24_twonode_r1,2959,perf_20261002-134031_clu_vm14-vm24_twonode_r1,1,351,1790948434938,0,1790948488141.939,94.222,8.652,1790948488245.002,Normal,0.8771
vm2,92726,20261002-134031_clu_vm14-vm24_twonode_r1,2963,perf_20261002-134031_clu_vm14-vm24_twonode_r1,1,352,1790948434938,0,1790948488245.286,148.19,11.053,1790948488404.72,OFFENSIVE,0.4723
vm2,92726,20261002-134031_clu_vm14-vm24_twonode_r1,3005,perf_20261002-134031_clu_vm14-vm24_twonode_r1,1,353,1790948434984,0,1790948488404.975,86.823,6.053,1790948488498.043,Normal,0.9438
vm2,92726,20261002-134031_clu_vm14-vm24_twonode_r1,3007,perf_20261002-134031_clu_vm14-vm24_twonode_r1,1,354,1790948434984,0,1790948488498.265,77.031,8.3,1790948488583.782,Normal,0.9682
vm2,92726,20261002-134031_clu_vm14-vm24_twonode_r1,3015,perf_20261002-134031_clu_vm14-vm24_twonode_r1,1,355,1790948434999,0,1790948488584.016,78.809,9.458,1790948488672.494,Normal,0.9714
vm2,92726,20261002-134031_clu_vm14-vm24_twonode_r1,3026,perf_20261002-134031_clu_vm14-vm24_twonode_r1,1,356,1790948435002,0,1790948488672.731,72.276,7.485,1790948488752.677,Normal,0.9705
vm2,92726,20261002-134031_clu_vm14-vm24_twonode_r1,3028,perf_20261002-134031_clu_vm14-vm24_twonode_r1,1,357,1790948435008,0,1790948488752.914,89.63,12.317,1790948488855.047,Normal,0.9308
vm2,92726,20261002-134031_clu_vm14-vm24_twonode_r1,3029,perf_20261002-134031_clu_vm14-vm24_twonode_r1,1,358,1790948435008,0,1790948488855.272,96.479,5.208,1790948488957.148,Normal,0.8099
vm2,92726,20261002-134031_clu_vm14-vm24_twonode_r1,3045,perf_20261002-134031_clu_vm14-vm24_twonode_r1,1,359,1790948435025,0,1790948488957.42,101.151,6.089,1790948489064.868,Normal,0.9569
vm2,92726,20261002-134031_clu_vm14-vm24_twonode_r1,3056,perf_20261002-134031_clu_vm14-vm24_twonode_r1,1,360,1790948435033,0,1790948489065.19,109.598,5.964,1790948489181.042,Normal,0.9309
vm2,92726,20261002-134031_clu_vm14-vm24_twonode_r1,3074,perf_20261002-134031_clu_vm14-vm24_twonode_r1,1,361,1790948435054,0,1790948489181.441,275.154,5.839,1790948489462.649,Normal,0.9344
vm2,92726,20261002-134031_clu_vm14-vm24_twonode_r1,3079,perf_20261002-134031_clu_vm14-vm24_twonode_r1,1,362,1790948435055,0,1790948489462.917,128.71,7.475,1790948489599.312,Normal,0.9643
vm2,92726,20261002-134031_clu_vm14-vm24_twonode_r1,3082,perf_20261002-134031_clu_vm14-vm24_twonode_r1,1,363,1790948435056,0,1790948489599.592,120.123,6.517,1790948489726.456,Normal,0.9222
vm2,92726,20261002-134031_clu_vm14-vm24_twonode_r1,3091,perf_20261002-134031_clu_vm14-vm24_twonode_r1,1,364,1790948435058,0,1790948489726.756,175.855,8.488,1790948489911.315,Normal,0.9541
vm2,92726,20261002-134031_clu_vm14-vm24_twonode_r1,3094,perf_20261002-134031_clu_vm14-vm24_twonode_r1,1,365,1790948435058,0,1790948489911.617,96.051,6.409,1790948490014.281,Normal,0.9518
vm2,92726,20261002-134031_clu_vm14-vm24_twonode_r1,3101,perf_20261002-134031_clu_vm14-vm24_twonode_r1,1,366,1790948435061,0,1790948490014.641,112.518,6.795,1790948490134.151,Normal,0.9754
vm2,92726,20261002-134031_clu_vm14-vm24_twonode_r1,3105,perf_20261002-134031_clu_vm14-vm24_twonode_r1,1,367,1790948435061,0,1790948490134.459,88.599,5.645,1790948490228.962,Normal,0.9627
vm2,92726,20261002-134031_clu_vm14-vm24_twonode_r1,3106,perf_20261002-134031_clu_vm14-vm24_twonode_r1,1,368,1790948435062,0,1790948490229.272,198.98,9.319,1790948490437.802,Normal,0.9789
vm2,92726,20261002-134031_clu_vm14-vm24_twonode_r1,3112,perf_20261002-134031_clu_vm14-vm24_twonode_r1,1,369,1790948435063,0,1790948490438.206,100.324,5.656,1790948490544.39,HATE,0.4894
vm2,92726,20261002-134031_clu_vm14-vm24_twonode_r1,3117,perf_20261002-134031_clu_vm14-vm24_twonode_r1,1,370,1790948435064,0,1790948490544.659,139.454,12.389,1790948490696.692,Normal,0.8897
vm2,92726,20261002-134031_clu_vm14-vm24_twonode_r1,3131,perf_20261002-134031_clu_vm14-vm24_twonode_r1,1,371,1790948435067,0,1790948490697.072,101.355,6.608,1790948490805.291,Normal,0.9083
vm2,92726,20261002-134031_clu_vm14-vm24_twonode_r1,3136,perf_20261002-134031_clu_vm14-vm24_twonode_r1,1,372,1790948435068,0,1790948490805.732,96.95,8.812,1790948490911.697,Normal,0.9036
vm2,92726,20261002-134031_clu_vm14-vm24_twonode_r1,3140,perf_20261002-134031_clu_vm14-vm24_twonode_r1,1,373,1790948435068,0,1790948490912.021,101.261,6.281,1790948491019.803,HATE,0.4125
vm2,92726,20261002-134031_clu_vm14-vm24_twonode_r1,3150,perf_20261002-134031_clu_vm14-vm24_twonode_r1,1,374,1790948435070,0,1790948491020.129,114.644,7.509,1790948491142.51,Normal,0.9504
vm2,92726,20261002-134031_clu_vm14-vm24_twonode_r1,3152,perf_20261002-134031_clu_vm14-vm24_twonode_r1,1,375,1790948435070,0,1790948491142.849,112.634,8.467,1790948491264.217,Normal,0.9437
vm2,92726,20261002-134031_clu_vm14-vm24_twonode_r1,3154,perf_20261002-134031_clu_vm14-vm24_twonode_r1,1,376,1790948435071,0,1790948491264.527,114.469,6.381,1790948491385.591,Normal,0.5314
vm2,92726,20261002-134031_clu_vm14-vm24_twonode_r1,3163,perf_20261002-134031_clu_vm14-vm24_twonode_r1,1,377,1790948435074,0,1790948491385.907,100.07,10.247,1790948491496.413,Normal,0.9162
vm2,92726,20261002-134031_clu_vm14-vm24_twonode_r1,3166,perf_20261002-134031_clu_vm14-vm24_twonode_r1,1,378,1790948435074,0,1790948491496.703,88.479,6.197,1790948491591.71,Normal,0.9583
vm2,92726,20261002-134031_clu_vm14-vm24_twonode_r1,3172,perf_20261002-134031_clu_vm14-vm24_twonode_r1,1,379,1790948435075,0,1790948491592.029,202.163,5.774,1790948491800.165,Normal,0.9747
vm2,92726,20261002-134031_clu_vm14-vm24_twonode_r1,3176,perf_20261002-134031_clu_vm14-vm24_twonode_r1,1,380,1790948435077,0,1790948491800.491,105.466,5.912,1790948491912.107,Normal,0.9678
vm2,92726,20261002-134031_clu_vm14-vm24_twonode_r1,3177,perf_20261002-134031_clu_vm14-vm24_twonode_r1,1,381,1790948435077,0,1790948491912.433,90.926,9.429,1790948492013.001,Normal,0.9532
vm2,92726,20261002-134031_clu_vm14-vm24_twonode_r1,3180,perf_20261002-134031_clu_vm14-vm24_twonode_r1,1,382,1790948435077,0,1790948492013.359,95.018,9.462,1790948492118.036,Normal,0.9609
vm2,92726,20261002-134031_clu_vm14-vm24_twonode_r1,3185,perf_20261002-134031_clu_vm14-vm24_twonode_r1,1,383,1790948435078,0,1790948492118.271,108.711,4.787,1790948492231.969,OFFENSIVE,0.8324
vm2,92726,20261002-134031_clu_vm14-vm24_twonode_r1,3202,perf_20261002-134031_clu_vm14-vm24_twonode_r1,1,384,1790948435081,0,1790948492232.213,71.988,5.924,1790948492310.313,Normal,0.9239
vm2,92726,20261002-134031_clu_vm14-vm24_twonode_r1,3208,perf_20261002-134031_clu_vm14-vm24_twonode_r1,1,385,1790948435083,0,1790948492310.539,99.138,4.954,1790948492414.812,Normal,0.9375
vm2,92726,20261002-134031_clu_vm14-vm24_twonode_r1,3215,perf_20261002-134031_clu_vm14-vm24_twonode_r1,1,386,1790948435083,0,1790948492415.066,109.181,17.418,1790948492541.872,Normal,0.7605
vm2,92726,20261002-134031_clu_vm14-vm24_twonode_r1,3217,perf_20261002-134031_clu_vm14-vm24_twonode_r1,1,387,1790948435084,0,1790948492542.111,97.988,10.257,1790948492650.567,Normal,0.9105
vm2,92726,20261002-134031_clu_vm14-vm24_twonode_r1,3220,perf_20261002-134031_clu_vm14-vm24_twonode_r1,1,388,1790948435084,0,1790948492650.81,105.817,7.048,1790948492763.874,Normal,0.9415
vm2,92726,20261002-134031_clu_vm14-vm24_twonode_r1,3223,perf_20261002-134031_clu_vm14-vm24_twonode_r1,1,389,1790948435084,0,1790948492764.119,94.028,5.7,1790948492864.042,Normal,0.5762
vm2,92726,20261002-134031_clu_vm14-vm24_twonode_r1,3232,perf_20261002-134031_clu_vm14-vm24_twonode_r1,1,390,1790948435085,0,1790948492864.278,95.031,6.475,1790948492965.963,Normal,0.8889
vm2,92726,20261002-134031_clu_vm14-vm24_twonode_r1,3233,perf_20261002-134031_clu_vm14-vm24_twonode_r1,1,391,1790948435085,0,1790948492966.265,113.745,5.703,1790948493085.964,Normal,0.7167
vm2,92726,20261002-134031_clu_vm14-vm24_twonode_r1,3238,perf_20261002-134031_clu_vm14-vm24_twonode_r1,1,392,1790948435085,0,1790948493086.328,109.702,6.489,1790948493202.748,Normal,0.9516
vm2,92726,20261002-134031_clu_vm14-vm24_twonode_r1,3250,perf_20261002-134031_clu_vm14-vm24_twonode_r1,1,393,1790948435086,0,1790948493203.148,107.312,8.443,1790948493319.181,Normal,0.9576
vm2,92726,20261002-134031_clu_vm14-vm24_twonode_r1,3251,perf_20261002-134031_clu_vm14-vm24_twonode_r1,1,394,1790948435086,0,1790948493319.446,104.531,8.415,1790948493432.624,Normal,0.9649
vm2,92726,20261002-134031_clu_vm14-vm24_twonode_r1,3276,perf_20261002-134031_clu_vm14-vm24_twonode_r1,1,395,1790948435091,0,1790948493432.884,101.505,6.478,1790948493541.055,Normal,0.9359
vm2,92726,20261002-134031_clu_vm14-vm24_twonode_r1,3291,perf_20261002-134031_clu_vm14-vm24_twonode_r1,1,396,1790948435092,0,1790948493541.356,166.657,5.69,1790948493713.913,Normal,0.9748
vm2,92726,20261002-134031_clu_vm14-vm24_twonode_r1,3292,perf_20261002-134031_clu_vm14-vm24_twonode_r1,1,397,1790948435092,0,1790948493714.201,100.078,5.48,1790948493819.95,Normal,0.9119
vm2,92726,20261002-134031_clu_vm14-vm24_twonode_r1,3295,perf_20261002-134031_clu_vm14-vm24_twonode_r1,1,398,1790948435093,0,1790948493820.23,103.154,5.404,1790948493929.003,Normal,0.9494
vm2,92726,20261002-134031_clu_vm14-vm24_twonode_r1,3299,perf_20261002-134031_clu_vm14-vm24_twonode_r1,1,399,1790948435093,0,1790948493929.355,112.356,5.309,1790948494047.226,Normal,0.4997
vm2,92726,20261002-134031_clu_vm14-vm24_twonode_r1,3306,perf_20261002-134031_clu_vm14-vm24_twonode_r1,1,400,1790948435094,0,1790948494047.509,100.214,6.341,1790948494154.26,Normal,0.9547
vm2,92726,20261002-134031_clu_vm14-vm24_twonode_r1,3307,perf_20261002-134031_clu_vm14-vm24_twonode_r1,1,401,1790948435094,0,1790948494154.545,117.449,6.325,1790948494278.549,Normal,0.9361
vm2,92726,20261002-134031_clu_vm14-vm24_twonode_r1,3308,perf_20261002-134031_clu_vm14-vm24_twonode_r1,1,402,1790948435094,0,1790948494278.883,106.154,6.798,1790948494392.183,Normal,0.9355
vm2,92726,20261002-134031_clu_vm14-vm24_twonode_r1,3324,perf_20261002-134031_clu_vm14-vm24_twonode_r1,1,403,1790948435095,0,1790948494392.615,131.999,6.029,1790948494530.863,Normal,0.9546
vm2,92726,20261002-134031_clu_vm14-vm24_twonode_r1,3325,perf_20261002-134031_clu_vm14-vm24_twonode_r1,1,404,1790948435095,0,1790948494531.165,103.846,6.446,1790948494641.675,Normal,0.9635
vm2,92726,20261002-134031_clu_vm14-vm24_twonode_r1,3350,perf_20261002-134031_clu_vm14-vm24_twonode_r1,1,405,1790948435097,0,1790948494641.943,108.678,6.15,1790948494756.981,Normal,0.9511
vm2,92726,20261002-134031_clu_vm14-vm24_twonode_r1,3363,perf_20261002-134031_clu_vm14-vm24_twonode_r1,1,406,1790948435098,0,1790948494757.386,101.026,7.301,1790948494865.901,Normal,0.4181
vm2,92726,20261002-134031_clu_vm14-vm24_twonode_r1,3376,perf_20261002-134031_clu_vm14-vm24_twonode_r1,1,407,1790948435099,0,1790948494866.206,126.97,5.359,1790948494998.824,Normal,0.9639
vm2,92726,20261002-134031_clu_vm14-vm24_twonode_r1,3379,perf_20261002-134031_clu_vm14-vm24_twonode_r1,1,408,1790948435100,0,1790948494999.072,107.399,17.783,1790948495124.505,Normal,0.9152
vm2,92726,20261002-134031_clu_vm14-vm24_twonode_r1,3391,perf_20261002-134031_clu_vm14-vm24_twonode_r1,1,409,1790948435103,0,1790948495124.917,113.807,6.596,1790948495245.527,Normal,0.411
vm2,92726,20261002-134031_clu_vm14-vm24_twonode_r1,3392,perf_20261002-134031_clu_vm14-vm24_twonode_r1,1,410,1790948435103,0,1790948495245.923,122.86,12.02,1790948495381.047,Normal,0.9728
vm2,92726,20261002-134031_clu_vm14-vm24_twonode_r1,3408,perf_20261002-134031_clu_vm14-vm24_twonode_r1,1,411,1790948435104,0,1790948495381.395,91.908,18.464,1790948495491.978,Normal,0.9526
vm2,92726,20261002-134031_clu_vm14-vm24_twonode_r1,3418,perf_20261002-134031_clu_vm14-vm24_twonode_r1,1,412,1790948435105,0,1790948495492.31,109.384,6.41,1790948495608.303,Normal,0.9262
vm2,92726,20261002-134031_clu_vm14-vm24_twonode_r1,3427,perf_20261002-134031_clu_vm14-vm24_twonode_r1,1,413,1790948435106,0,1790948495608.566,133.35,5.479,1790948495747.655,Normal,0.977
vm2,92726,20261002-134031_clu_vm14-vm24_twonode_r1,3429,perf_20261002-134031_clu_vm14-vm24_twonode_r1,1,414,1790948435106,0,1790948495747.964,88.33,4.777,1790948495841.256,Normal,0.9613
vm2,92726,20261002-134031_clu_vm14-vm24_twonode_r1,3430,perf_20261002-134031_clu_vm14-vm24_twonode_r1,1,415,1790948435106,0,1790948495841.505,95.079,5.589,1790948495942.378,Normal,0.825
vm2,92726,20261002-134031_clu_vm14-vm24_twonode_r1,3435,perf_20261002-134031_clu_vm14-vm24_twonode_r1,1,416,1790948435106,0,1790948495942.686,99.807,6.9,1790948496049.619,Normal,0.964
vm2,92726,20261002-134031_clu_vm14-vm24_twonode_r1,3445,perf_20261002-134031_clu_vm14-vm24_twonode_r1,1,417,1790948435110,0,1790948496049.972,138.684,7.184,1790948496196.06,HATE,0.5208
vm2,92726,20261002-134031_clu_vm14-vm24_twonode_r1,3455,perf_20261002-134031_clu_vm14-vm24_twonode_r1,1,418,1790948435111,0,1790948496196.364,87.956,4.969,1790948496289.487,Normal,0.9438
vm2,92726,20261002-134031_clu_vm14-vm24_twonode_r1,3461,perf_20261002-134031_clu_vm14-vm24_twonode_r1,1,419,1790948435112,0,1790948496289.776,161.277,20.334,1790948496471.604,Normal,0.958
vm2,92726,20261002-134031_clu_vm14-vm24_twonode_r1,3463,perf_20261002-134031_clu_vm14-vm24_twonode_r1,1,420,1790948435112,0,1790948496471.941,102.281,15.42,1790948496589.856,Normal,0.9598
vm2,92726,20261002-134031_clu_vm14-vm24_twonode_r1,3464,perf_20261002-134031_clu_vm14-vm24_twonode_r1,1,421,1790948435112,0,1790948496590.15,101.757,6.348,1790948496698.508,Normal,0.9196
vm2,92726,20261002-134031_clu_vm14-vm24_twonode_r1,3497,perf_20261002-134031_clu_vm14-vm24_twonode_r1,1,422,1790948435115,0,1790948496698.828,102.566,10.259,1790948496811.859,Normal,0.8279
vm2,92726,20261002-134031_clu_vm14-vm24_twonode_r1,3514,perf_20261002-134031_clu_vm14-vm24_twonode_r1,1,423,1790948435145,0,1790948496812.147,202.696,7.325,1790948497022.408,Normal,0.9691
vm2,92726,20261002-134031_clu_vm14-vm24_twonode_r1,3519,perf_20261002-134031_clu_vm14-vm24_twonode_r1,1,424,1790948435146,0,1790948497022.751,116.017,7.086,1790948497146.053,Normal,0.9483
vm2,92726,20261002-134031_clu_vm14-vm24_twonode_r1,3520,perf_20261002-134031_clu_vm14-vm24_twonode_r1,1,425,1790948435146,0,1790948497146.324,132.505,10.942,1790948497289.962,Normal,0.9163
vm2,92726,20261002-134031_clu_vm14-vm24_twonode_r1,3529,perf_20261002-134031_clu_vm14-vm24_twonode_r1,1,426,1790948435154,0,1790948497290.284,274.251,6.166,1790948497570.955,Normal,0.98
vm2,92726,20261002-134031_clu_vm14-vm24_twonode_r1,3537,perf_20261002-134031_clu_vm14-vm24_twonode_r1,1,427,1790948435156,0,1790948497571.224,81.155,5.692,1790948497658.283,Normal,0.9254
vm2,92726,20261002-134031_clu_vm14-vm24_twonode_r1,3563,perf_20261002-134031_clu_vm14-vm24_twonode_r1,1,428,1790948435180,0,1790948497658.565,81.478,6.046,1790948497746.312,Normal,0.9564
vm2,92726,20261002-134031_clu_vm14-vm24_twonode_r1,3569,perf_20261002-134031_clu_vm14-vm24_twonode_r1,1,429,1790948435181,0,1790948497746.562,102.731,5.935,1790948497855.425,Normal,0.7071
vm2,92726,20261002-134031_clu_vm14-vm24_twonode_r1,3574,perf_20261002-134031_clu_vm14-vm24_twonode_r1,1,430,1790948435182,0,1790948497855.691,84.785,5.299,1790948497945.962,Normal,0.9633
vm2,92726,20261002-134031_clu_vm14-vm24_twonode_r1,3577,perf_20261002-134031_clu_vm14-vm24_twonode_r1,1,431,1790948435183,0,1790948497946.196,94.539,17.934,1790948498058.87,Normal,0.8296
vm2,92726,20261002-134031_clu_vm14-vm24_twonode_r1,3589,perf_20261002-134031_clu_vm14-vm24_twonode_r1,1,432,1790948435188,0,1790948498059.143,117.35,7.159,1790948498183.855,Normal,0.9552
vm2,92726,20261002-134031_clu_vm14-vm24_twonode_r1,3594,perf_20261002-134031_clu_vm14-vm24_twonode_r1,1,433,1790948435189,0,1790948498184.187,126.07,6.874,1790948498317.327,Normal,0.8594
vm2,92726,20261002-134031_clu_vm14-vm24_twonode_r1,3596,perf_20261002-134031_clu_vm14-vm24_twonode_r1,1,434,1790948435189,0,1790948498317.635,96.93,5.59,1790948498420.352,Normal,0.9237
vm2,92726,20261002-134031_clu_vm14-vm24_twonode_r1,3600,perf_20261002-134031_clu_vm14-vm24_twonode_r1,1,435,1790948435189,0,1790948498420.639,99.7,5.884,1790948498526.432,Normal,0.9468
vm2,92726,20261002-134031_clu_vm14-vm24_twonode_r1,3603,perf_20261002-134031_clu_vm14-vm24_twonode_r1,1,436,1790948435190,0,1790948498526.755,87.652,5.517,1790948498620.133,Normal,0.9736
vm2,92726,20261002-134031_clu_vm14-vm24_twonode_r1,3617,perf_20261002-134031_clu_vm14-vm24_twonode_r1,1,437,1790948435191,0,1790948498620.414,102.782,6.148,1790948498729.622,Normal,0.8344
vm2,92726,20261002-134031_clu_vm14-vm24_twonode_r1,3623,perf_20261002-134031_clu_vm14-vm24_twonode_r1,1,438,1790948435191,0,1790948498729.967,175.519,5.659,1790948498911.403,Normal,0.9751
vm2,92726,20261002-134031_clu_vm14-vm24_twonode_r1,3624,perf_20261002-134031_clu_vm14-vm24_twonode_r1,1,439,1790948435191,0,1790948498911.775,115.2,6.105,1790948499033.324,Normal,0.9603
vm2,92726,20261002-134031_clu_vm14-vm24_twonode_r1,3632,perf_20261002-134031_clu_vm14-vm24_twonode_r1,1,440,1790948435192,0,1790948499033.629,131.216,4.864,1790948499169.927,Normal,0.8797
vm2,92726,20261002-134031_clu_vm14-vm24_twonode_r1,3643,perf_20261002-134031_clu_vm14-vm24_twonode_r1,1,441,1790948435193,0,1790948499170.221,107.501,32.349,1790948499310.292,Normal,0.9704
vm2,92726,20261002-134031_clu_vm14-vm24_twonode_r1,3645,perf_20261002-134031_clu_vm14-vm24_twonode_r1,1,442,1790948435194,0,1790948499310.567,113.645,15.097,1790948499439.5,Normal,0.9745
vm2,92726,20261002-134031_clu_vm14-vm24_twonode_r1,3655,perf_20261002-134031_clu_vm14-vm24_twonode_r1,1,443,1790948435195,0,1790948499439.771,95.19,29.023,1790948499564.169,Normal,0.7233
vm2,92726,20261002-134031_clu_vm14-vm24_twonode_r1,3664,perf_20261002-134031_clu_vm14-vm24_twonode_r1,1,444,1790948435195,0,1790948499564.509,113.641,5.333,1790948499683.689,Normal,0.9543
vm2,92726,20261002-134031_clu_vm14-vm24_twonode_r1,3665,perf_20261002-134031_clu_vm14-vm24_twonode_r1,1,445,1790948435195,0,1790948499683.947,91.635,5.276,1790948499781.062,Normal,0.9702
vm2,92726,20261002-134031_clu_vm14-vm24_twonode_r1,3666,perf_20261002-134031_clu_vm14-vm24_twonode_r1,1,446,1790948435195,0,1790948499781.348,120.361,6.736,1790948499908.679,Normal,0.9709
vm2,92726,20261002-134031_clu_vm14-vm24_twonode_r1,3684,perf_20261002-134031_clu_vm14-vm24_twonode_r1,1,447,1790948435197,0,1790948499909.053,119.517,5.098,1790948500033.898,Normal,0.9627
vm2,92726,20261002-134031_clu_vm14-vm24_twonode_r1,3685,perf_20261002-134031_clu_vm14-vm24_twonode_r1,1,448,1790948435197,0,1790948500034.175,116.362,6.724,1790948500157.462,Normal,0.5125
vm2,92726,20261002-134031_clu_vm14-vm24_twonode_r1,3688,perf_20261002-134031_clu_vm14-vm24_twonode_r1,1,449,1790948435197,0,1790948500157.736,116.73,5.13,1790948500279.796,Normal,0.9724
vm2,92726,20261002-134031_clu_vm14-vm24_twonode_r1,3689,perf_20261002-134031_clu_vm14-vm24_twonode_r1,1,450,1790948435197,0,1790948500280.076,99.401,11.607,1790948500391.284,Normal,0.9266
vm2,92726,20261002-134031_clu_vm14-vm24_twonode_r1,3697,perf_20261002-134031_clu_vm14-vm24_twonode_r1,1,451,1790948435198,0,1790948500391.556,152.024,8.441,1790948500552.223,Normal,0.8007
vm2,92726,20261002-134031_clu_vm14-vm24_twonode_r1,3707,perf_20261002-134031_clu_vm14-vm24_twonode_r1,1,452,1790948435204,0,1790948500552.495,100.977,10.952,1790948500664.663,Normal,0.9457
vm2,92726,20261002-134031_clu_vm14-vm24_twonode_r1,3750,perf_20261002-134031_clu_vm14-vm24_twonode_r1,1,453,1790948435214,0,1790948500665.042,82.334,5.381,1790948500752.967,Normal,0.9653
vm2,92726,20261002-134031_clu_vm14-vm24_twonode_r1,3753,perf_20261002-134031_clu_vm14-vm24_twonode_r1,1,454,1790948435215,0,1790948500753.303,80.424,5.463,1790948500839.401,Normal,0.4594
vm2,92726,20261002-134031_clu_vm14-vm24_twonode_r1,3754,perf_20261002-134031_clu_vm14-vm24_twonode_r1,1,455,1790948435215,0,1790948500839.667,83.323,5.554,1790948500928.755,Normal,0.953
vm2,92726,20261002-134031_clu_vm14-vm24_twonode_r1,3755,perf_20261002-134031_clu_vm14-vm24_twonode_r1,1,456,1790948435215,0,1790948500929.034,75.03,5.965,1790948501010.238,Normal,0.9444
vm2,92726,20261002-134031_clu_vm14-vm24_twonode_r1,3761,perf_20261002-134031_clu_vm14-vm24_twonode_r1,1,457,1790948435216,0,1790948501010.496,92.724,5.419,1790948501108.891,Normal,0.9484
vm2,92726,20261002-134031_clu_vm14-vm24_twonode_r1,3772,perf_20261002-134031_clu_vm14-vm24_twonode_r1,1,458,1790948435218,0,1790948501109.268,102.306,6.193,1790948501217.965,Normal,0.9686
vm2,92726,20261002-134031_clu_vm14-vm24_twonode_r1,3800,perf_20261002-134031_clu_vm14-vm24_twonode_r1,1,459,1790948435223,0,1790948501218.313,112.904,6.728,1790948501338.151,Normal,0.6344
vm2,92726,20261002-134031_clu_vm14-vm24_twonode_r1,3806,perf_20261002-134031_clu_vm14-vm24_twonode_r1,1,460,1790948435224,0,1790948501338.495,112.287,8.776,1790948501459.757,Normal,0.602
vm2,92726,20261002-134031_clu_vm14-vm24_twonode_r1,3812,perf_20261002-134031_clu_vm14-vm24_twonode_r1,1,461,1790948435225,0,1790948501460.04,106.556,5.206,1790948501572.057,Normal,0.9332
vm2,92726,20261002-134031_clu_vm14-vm24_twonode_r1,3835,perf_20261002-134031_clu_vm14-vm24_twonode_r1,1,462,1790948435227,0,1790948501572.373,79.706,5.361,1790948501657.635,Normal,0.8595
vm2,92726,20261002-134031_clu_vm14-vm24_twonode_r1,3852,perf_20261002-134031_clu_vm14-vm24_twonode_r1,1,463,1790948435229,0,1790948501657.914,91.423,14.299,1790948501763.862,Normal,0.9418
vm2,92726,20261002-134031_clu_vm14-vm24_twonode_r1,3856,perf_20261002-134031_clu_vm14-vm24_twonode_r1,1,464,1790948435229,0,1790948501764.127,92.865,5.516,1790948501862.726,Normal,0.7065
vm2,92726,20261002-134031_clu_vm14-vm24_twonode_r1,3857,perf_20261002-134031_clu_vm14-vm24_twonode_r1,1,465,1790948435229,0,1790948501863.04,98.416,11.218,1790948501972.857,Normal,0.8985
vm2,92726,20261002-134031_clu_vm14-vm24_twonode_r1,3860,perf_20261002-134031_clu_vm14-vm24_twonode_r1,1,466,1790948435229,0,1790948501973.162,77.822,13.556,1790948502064.73,Normal,0.9608
vm2,92726,20261002-134031_clu_vm14-vm24_twonode_r1,3872,perf_20261002-134031_clu_vm14-vm24_twonode_r1,1,467,1790948435231,0,1790948502065.053,107.387,4.563,1790948502177.203,Normal,0.8731
vm2,92726,20261002-134031_clu_vm14-vm24_twonode_r1,3877,perf_20261002-134031_clu_vm14-vm24_twonode_r1,1,468,1790948435231,0,1790948502177.489,92.023,10.992,1790948502280.715,Normal,0.916
vm2,92726,20261002-134031_clu_vm14-vm24_twonode_r1,3881,perf_20261002-134031_clu_vm14-vm24_twonode_r1,1,469,1790948435232,0,1790948502281.062,117.879,13.082,1790948502412.229,Normal,0.9228
vm2,92726,20261002-134031_clu_vm14-vm24_twonode_r1,3894,perf_20261002-134031_clu_vm14-vm24_twonode_r1,1,470,1790948435233,0,1790948502412.499,123.246,6.769,1790948502542.714,Normal,0.9184
vm2,92726,20261002-134031_clu_vm14-vm24_twonode_r1,3912,perf_20261002-134031_clu_vm14-vm24_twonode_r1,1,471,1790948435234,0,1790948502543.005,95.587,6.238,1790948502646.089,Normal,0.9593
vm2,92726,20261002-134031_clu_vm14-vm24_twonode_r1,3915,perf_20261002-134031_clu_vm14-vm24_twonode_r1,1,472,1790948435235,0,1790948502646.452,102.06,6.04,1790948502754.829,Normal,0.8726
vm2,92726,20261002-134031_clu_vm14-vm24_twonode_r1,3923,perf_20261002-134031_clu_vm14-vm24_twonode_r1,1,473,1790948435235,0,1790948502755.154,96.629,7.594,1790948502859.578,Normal,0.9545
vm2,92726,20261002-134031_clu_vm14-vm24_twonode_r1,3926,perf_20261002-134031_clu_vm14-vm24_twonode_r1,1,474,1790948435235,0,1790948502859.862,133.124,4.73,1790948502997.906,Normal,0.8042
vm2,92726,20261002-134031_clu_vm14-vm24_twonode_r1,3945,perf_20261002-134031_clu_vm14-vm24_twonode_r1,1,475,1790948435239,0,1790948502998.177,99.572,5.859,1790948503103.8,Normal,0.9714
vm2,92726,20261002-134031_clu_vm14-vm24_twonode_r1,3946,perf_20261002-134031_clu_vm14-vm24_twonode_r1,1,476,1790948435239,0,1790948503104.051,85.525,5.809,1790948503195.61,Normal,0.9678
vm2,92726,20261002-134031_clu_vm14-vm24_twonode_r1,3950,perf_20261002-134031_clu_vm14-vm24_twonode_r1,1,477,1790948435239,0,1790948503196.012,97.864,6.051,1790948503300.182,Normal,0.9372
vm2,92726,20261002-134031_clu_vm14-vm24_twonode_r1,3955,perf_20261002-134031_clu_vm14-vm24_twonode_r1,1,478,1790948435240,0,1790948503300.46,98.955,6.355,1790948503406.017,Normal,0.6418
vm2,92726,20261002-134031_clu_vm14-vm24_twonode_r1,3968,perf_20261002-134031_clu_vm14-vm24_twonode_r1,1,479,1790948435241,0,1790948503406.358,130.256,5.613,1790948503542.446,Normal,0.9446
vm2,92726,20261002-134031_clu_vm14-vm24_twonode_r1,3981,perf_20261002-134031_clu_vm14-vm24_twonode_r1,1,480,1790948435242,0,1790948503542.806,115.249,5.599,1790948503663.892,Normal,0.9386
vm2,92726,20261002-134031_clu_vm14-vm24_twonode_r1,3985,perf_20261002-134031_clu_vm14-vm24_twonode_r1,1,481,1790948435242,0,1790948503664.236,104.08,7.122,1790948503775.729,Normal,0.9489
vm2,92726,20261002-134031_clu_vm14-vm24_twonode_r1,3988,perf_20261002-134031_clu_vm14-vm24_twonode_r1,1,482,1790948435242,0,1790948503776.052,101.44,7.013,1790948503884.697,Normal,0.9648
vm2,92726,20261002-134031_clu_vm14-vm24_twonode_r1,3991,perf_20261002-134031_clu_vm14-vm24_twonode_r1,1,483,1790948435242,0,1790948503884.977,90.781,6.092,1790948503982.088,Normal,0.9526
vm2,92726,20261002-134031_clu_vm14-vm24_twonode_r1,3997,perf_20261002-134031_clu_vm14-vm24_twonode_r1,1,484,1790948435260,0,1790948503982.438,116.458,5.707,1790948504104.877,Normal,0.9715
vm2,92726,20261002-134031_clu_vm14-vm24_twonode_r1,4002,perf_20261002-134031_clu_vm14-vm24_twonode_r1,1,485,1790948435270,0,1790948504105.143,102.687,6.51,1790948504214.586,Normal,0.9473
vm2,92726,20261002-134031_clu_vm14-vm24_twonode_r1,4015,perf_20261002-134031_clu_vm14-vm24_twonode_r1,1,486,1790948435295,0,1790948504214.977,108.739,5.599,1790948504329.535,Normal,0.942
vm2,92726,20261002-134031_clu_vm14-vm24_twonode_r1,4019,perf_20261002-134031_clu_vm14-vm24_twonode_r1,1,487,1790948435297,0,1790948504329.879,104.363,4.838,1790948504439.277,OFFENSIVE,0.4881
vm2,92726,20261002-134031_clu_vm14-vm24_twonode_r1,4030,perf_20261002-134031_clu_vm14-vm24_twonode_r1,1,488,1790948435299,0,1790948504439.567,96.762,6.28,1790948504542.835,Normal,0.9539
vm2,92726,20261002-134031_clu_vm14-vm24_twonode_r1,4035,perf_20261002-134031_clu_vm14-vm24_twonode_r1,1,489,1790948435300,0,1790948504543.184,94.734,5.527,1790948504643.661,Normal,0.888
vm2,92726,20261002-134031_clu_vm14-vm24_twonode_r1,4037,perf_20261002-134031_clu_vm14-vm24_twonode_r1,1,490,1790948435300,0,1790948504643.994,101.635,6.051,1790948504751.888,Normal,0.9538
vm2,92726,20261002-134031_clu_vm14-vm24_twonode_r1,4039,perf_20261002-134031_clu_vm14-vm24_twonode_r1,1,491,1790948435301,0,1790948504752.191,142.807,5.558,1790948504900.764,OFFENSIVE,0.9669
vm2,92726,20261002-134031_clu_vm14-vm24_twonode_r1,4045,perf_20261002-134031_clu_vm14-vm24_twonode_r1,1,492,1790948435302,0,1790948504901.021,87.183,5.598,1790948504994.012,Normal,0.9608
vm2,92726,20261002-134031_clu_vm14-vm24_twonode_r1,4055,perf_20261002-134031_clu_vm14-vm24_twonode_r1,1,493,1790948435305,0,1790948504994.284,90.903,5.542,1790948505090.99,HATE,0.4772
vm2,92726,20261002-134031_clu_vm14-vm24_twonode_r1,4058,perf_20261002-134031_clu_vm14-vm24_twonode_r1,1,494,1790948435305,0,1790948505091.271,135.492,5.929,1790948505232.906,Normal,0.8636
vm2,92726,20261002-134031_clu_vm14-vm24_twonode_r1,4063,perf_20261002-134031_clu_vm14-vm24_twonode_r1,1,495,1790948435306,0,1790948505233.341,126.46,10.87,1790948505370.928,Normal,0.9519
vm2,92726,20261002-134031_clu_vm14-vm24_twonode_r1,4071,perf_20261002-134031_clu_vm14-vm24_twonode_r1,1,496,1790948435308,0,1790948505371.206,97.833,5.675,1790948505474.969,Normal,0.9674
vm2,92726,20261002-134031_clu_vm14-vm24_twonode_r1,4075,perf_20261002-134031_clu_vm14-vm24_twonode_r1,1,497,1790948435309,0,1790948505475.264,93.356,17.231,1790948505586.04,Normal,0.9559
vm2,92726,20261002-134031_clu_vm14-vm24_twonode_r1,4080,perf_20261002-134031_clu_vm14-vm24_twonode_r1,1,498,1790948435309,0,1790948505586.535,153.629,5.619,1790948505746.057,Normal,0.9433
vm2,92726,20261002-134031_clu_vm14-vm24_twonode_r1,4084,perf_20261002-134031_clu_vm14-vm24_twonode_r1,1,499,1790948435310,0,1790948505746.368,86.96,5.68,1790948505839.239,OFFENSIVE,0.4711
vm2,92726,20261002-134031_clu_vm14-vm24_twonode_r1,4110,perf_20261002-134031_clu_vm14-vm24_twonode_r1,1,500,1790948435315,0,1790948505939.979,101.187,4.719,1790948506046.135,Normal,0.9575
vm2,92726,20261002-134031_clu_vm14-vm24_twonode_r1,4114,perf_20261002-134031_clu_vm14-vm24_twonode_r1,1,501,1790948435316,0,1790948506046.456,113.009,5.793,1790948506165.532,Normal,0.9754
vm2,92726,20261002-134031_clu_vm14-vm24_twonode_r1,4129,perf_20261002-134031_clu_vm14-vm24_twonode_r1,1,502,1790948435318,0,1790948506165.879,99.13,5.75,1790948506271.072,Normal,0.9094
vm2,92726,20261002-134031_clu_vm14-vm24_twonode_r1,4133,perf_20261002-134031_clu_vm14-vm24_twonode_r1,1,503,1790948435320,0,1790948506271.479,90.68,5.964,1790948506368.345,Normal,0.9222
vm2,92726,20261002-134031_clu_vm14-vm24_twonode_r1,4138,perf_20261002-134031_clu_vm14-vm24_twonode_r1,1,504,1790948435320,0,1790948506368.636,103.218,5.555,1790948506477.645,OFFENSIVE,0.4651
vm2,92726,20261002-134031_clu_vm14-vm24_twonode_r1,4147,perf_20261002-134031_clu_vm14-vm24_twonode_r1,1,505,1790948435322,0,1790948506477.911,112.695,5.553,1790948506596.425,Normal,0.9312
vm2,92726,20261002-134031_clu_vm14-vm24_twonode_r1,4148,perf_20261002-134031_clu_vm14-vm24_twonode_r1,1,506,1790948435322,0,1790948506596.76,132.277,6.584,1790948506735.952,Normal,0.9512
vm2,92726,20261002-134031_clu_vm14-vm24_twonode_r1,4151,perf_20261002-134031_clu_vm14-vm24_twonode_r1,1,507,1790948435323,0,1790948506736.233,141.923,5.714,1790948506884.104,Normal,0.6582
vm2,92726,20261002-134031_clu_vm14-vm24_twonode_r1,4153,perf_20261002-134031_clu_vm14-vm24_twonode_r1,1,508,1790948435323,0,1790948506884.443,98.163,6.057,1790948506988.878,Normal,0.95
vm2,92726,20261002-134031_clu_vm14-vm24_twonode_r1,4163,perf_20261002-134031_clu_vm14-vm24_twonode_r1,1,509,1790948435324,0,1790948506989.171,83.713,4.859,1790948507077.956,Normal,0.9667
vm2,92726,20261002-134031_clu_vm14-vm24_twonode_r1,4164,perf_20261002-134031_clu_vm14-vm24_twonode_r1,1,510,1790948435324,0,1790948507078.211,101.086,6.346,1790948507185.902,Normal,0.9525
vm2,92726,20261002-134031_clu_vm14-vm24_twonode_r1,4176,perf_20261002-134031_clu_vm14-vm24_twonode_r1,1,511,1790948435325,0,1790948507186.179,95.74,5.472,1790948507287.596,Normal,0.9507
vm2,92726,20261002-134031_clu_vm14-vm24_twonode_r1,4178,perf_20261002-134031_clu_vm14-vm24_twonode_r1,1,512,1790948435325,0,1790948507287.936,92.759,6.102,1790948507387.023,Normal,0.9515
vm2,92726,20261002-134031_clu_vm14-vm24_twonode_r1,4182,perf_20261002-134031_clu_vm14-vm24_twonode_r1,1,513,1790948435326,0,1790948507387.416,97.701,6.405,1790948507491.826,Normal,0.962
vm2,92726,20261002-134031_clu_vm14-vm24_twonode_r1,4194,perf_20261002-134031_clu_vm14-vm24_twonode_r1,1,514,1790948435327,0,1790948507492.128,104.971,5.337,1790948507602.716,Normal,0.9695
vm2,92726,20261002-134031_clu_vm14-vm24_twonode_r1,4210,perf_20261002-134031_clu_vm14-vm24_twonode_r1,1,515,1790948435328,0,1790948507603.089,88.06,6.344,1790948507697.7,Normal,0.9286
vm2,92726,20261002-134031_clu_vm14-vm24_twonode_r1,4213,perf_20261002-134031_clu_vm14-vm24_twonode_r1,1,516,1790948435328,0,1790948507697.975,124.778,5.208,1790948507828.171,Normal,0.9792
vm2,92726,20261002-134031_clu_vm14-vm24_twonode_r1,4214,perf_20261002-134031_clu_vm14-vm24_twonode_r1,1,517,1790948435328,0,1790948507828.532,84.191,5.213,1790948507918.153,Normal,0.958
vm2,92726,20261002-134031_clu_vm14-vm24_twonode_r1,4224,perf_20261002-134031_clu_vm14-vm24_twonode_r1,1,518,1790948435329,0,1790948507918.474,102.105,5.164,1790948508025.934,Normal,0.9717
vm2,92726,20261002-134031_clu_vm14-vm24_twonode_r1,4227,perf_20261002-134031_clu_vm14-vm24_twonode_r1,1,519,1790948435331,0,1790948508026.192,101.498,6.183,1790948508134.159,Normal,0.9448
vm2,92726,20261002-134031_clu_vm14-vm24_twonode_r1,4231,perf_20261002-134031_clu_vm14-vm24_twonode_r1,1,520,1790948435331,0,1790948508134.469,118.138,8.155,1790948508260.976,Normal,0.9496
vm2,92726,20261002-134031_clu_vm14-vm24_twonode_r1,4273,perf_20261002-134031_clu_vm14-vm24_twonode_r1,1,521,1790948435341,0,1790948508261.264,83.554,6.09,1790948508351.09,Normal,0.931
vm2,92726,20261002-134031_clu_vm14-vm24_twonode_r1,4287,perf_20261002-134031_clu_vm14-vm24_twonode_r1,1,522,1790948435344,0,1790948508351.312,116.946,30.843,1790948508499.302,Normal,0.9609
vm2,92726,20261002-134031_clu_vm14-vm24_twonode_r1,4291,perf_20261002-134031_clu_vm14-vm24_twonode_r1,1,523,1790948435344,0,1790948508499.636,176.476,6.257,1790948508682.566,Normal,0.9401
vm2,92726,20261002-134031_clu_vm14-vm24_twonode_r1,4303,perf_20261002-134031_clu_vm14-vm24_twonode_r1,1,524,1790948435347,0,1790948508682.814,83.318,8.145,1790948508774.46,Normal,0.8919
vm2,92726,20261002-134031_clu_vm14-vm24_twonode_r1,4304,perf_20261002-134031_clu_vm14-vm24_twonode_r1,1,525,1790948435347,0,1790948508774.72,86.913,5.548,1790948508867.386,Normal,0.9688
vm2,92726,20261002-134031_clu_vm14-vm24_twonode_r1,4306,perf_20261002-134031_clu_vm14-vm24_twonode_r1,1,526,1790948435347,0,1790948508867.615,99.043,6.415,1790948508973.277,Normal,0.9056
vm2,92726,20261002-134031_clu_vm14-vm24_twonode_r1,4308,perf_20261002-134031_clu_vm14-vm24_twonode_r1,1,527,1790948435348,0,1790948508973.531,87.44,5.338,1790948509066.496,Normal,0.9739
vm2,92726,20261002-134031_clu_vm14-vm24_twonode_r1,4315,perf_20261002-134031_clu_vm14-vm24_twonode_r1,1,528,1790948435349,0,1790948509066.77,73.281,5.749,1790948509145.993,Normal,0.9601
vm2,92726,20261002-134031_clu_vm14-vm24_twonode_r1,4330,perf_20261002-134031_clu_vm14-vm24_twonode_r1,1,529,1790948435352,0,1790948509146.234,102.084,6.719,1790948509255.24,Normal,0.9342
vm2,92726,20261002-134031_clu_vm14-vm24_twonode_r1,4341,perf_20261002-134031_clu_vm14-vm24_twonode_r1,1,530,1790948435354,0,1790948509255.52,99.081,6.276,1790948509361.069,Normal,0.6225
vm2,92726,20261002-134031_clu_vm14-vm24_twonode_r1,4354,perf_20261002-134031_clu_vm14-vm24_twonode_r1,1,531,1790948435357,0,1790948509361.311,70.005,5.904,1790948509437.425,Normal,0.9058
vm2,92726,20261002-134031_clu_vm14-vm24_twonode_r1,4364,perf_20261002-134031_clu_vm14-vm24_twonode_r1,1,532,1790948435359,0,1790948509437.675,74.415,9.523,1790948509521.812,Normal,0.9309
vm2,92726,20261002-134031_clu_vm14-vm24_twonode_r1,4365,perf_20261002-134031_clu_vm14-vm24_twonode_r1,1,533,1790948435359,0,1790948509522.045,84.477,5.773,1790948509612.484,Normal,0.955
vm2,92726,20261002-134031_clu_vm14-vm24_twonode_r1,4372,perf_20261002-134031_clu_vm14-vm24_twonode_r1,1,534,1790948435360,0,1790948509612.705,70.12,10.881,1790948509693.896,Normal,0.8059
vm2,92726,20261002-134031_clu_vm14-vm24_twonode_r1,4374,perf_20261002-134031_clu_vm14-vm24_twonode_r1,1,535,1790948435361,0,1790948509694.164,72.544,6.874,1790948509773.767,Normal,0.9454
vm2,92726,20261002-134031_clu_vm14-vm24_twonode_r1,4375,perf_20261002-134031_clu_vm14-vm24_twonode_r1,1,536,1790948435361,0,1790948509774.002,77.583,6.563,1790948509858.328,Normal,0.9184
vm2,92726,20261002-134031_clu_vm14-vm24_twonode_r1,4386,perf_20261002-134031_clu_vm14-vm24_twonode_r1,1,537,1790948435363,0,1790948509858.551,87.909,12.796,1790948509959.494,Normal,0.9309
vm2,92726,20261002-134031_clu_vm14-vm24_twonode_r1,4412,perf_20261002-134031_clu_vm14-vm24_twonode_r1,1,538,1790948435366,0,1790948509959.718,105.189,5.443,1790948510070.565,Normal,0.9405
vm2,92726,20261002-134031_clu_vm14-vm24_twonode_r1,4413,perf_20261002-134031_clu_vm14-vm24_twonode_r1,1,539,1790948435366,0,1790948510070.825,118.031,5.66,1790948510194.708,Normal,0.9577
vm2,92726,20261002-134031_clu_vm14-vm24_twonode_r1,4414,perf_20261002-134031_clu_vm14-vm24_twonode_r1,1,540,1790948435366,0,1790948510195.028,111.024,5.925,1790948510312.173,Normal,0.8926
vm2,92726,20261002-134031_clu_vm14-vm24_twonode_r1,4425,perf_20261002-134031_clu_vm14-vm24_twonode_r1,1,541,1790948435367,0,1790948510312.483,102.045,5.872,1790948510420.649,Normal,0.4948
vm2,92726,20261002-134031_clu_vm14-vm24_twonode_r1,4431,perf_20261002-134031_clu_vm14-vm24_twonode_r1,1,542,1790948435367,0,1790948510420.987,103.783,13.325,1790948510538.296,Normal,0.9614
vm2,92726,20261002-134031_clu_vm14-vm24_twonode_r1,4436,perf_20261002-134031_clu_vm14-vm24_twonode_r1,1,543,1790948435368,0,1790948510538.579,112.906,13.081,1790948510664.779,Normal,0.9704
vm2,92726,20261002-134031_clu_vm14-vm24_twonode_r1,4447,perf_20261002-134031_clu_vm14-vm24_twonode_r1,1,544,1790948435372,0,1790948510665.042,104.975,17.132,1790948510787.355,Normal,0.9344
vm2,92726,20261002-134031_clu_vm14-vm24_twonode_r1,4453,perf_20261002-134031_clu_vm14-vm24_twonode_r1,1,545,1790948435373,0,1790948510787.728,110.07,5.08,1790948510903.105,Normal,0.933
vm2,92726,20261002-134031_clu_vm14-vm24_twonode_r1,4461,perf_20261002-134031_clu_vm14-vm24_twonode_r1,1,546,1790948435373,0,1790948510903.42,122.941,5.054,1790948511031.633,Normal,0.9672
vm2,92726,20261002-134031_clu_vm14-vm24_twonode_r1,4468,perf_20261002-134031_clu_vm14-vm24_twonode_r1,1,547,1790948435374,0,1790948511031.974,90.139,6.136,1790948511128.469,Normal,0.8691
vm2,92726,20261002-134031_clu_vm14-vm24_twonode_r1,4472,perf_20261002-134031_clu_vm14-vm24_twonode_r1,1,548,1790948435374,0,1790948511128.771,88.142,14.405,1790948511231.529,Normal,0.9423
vm2,92726,20261002-134031_clu_vm14-vm24_twonode_r1,4477,perf_20261002-134031_clu_vm14-vm24_twonode_r1,1,549,1790948435375,0,1790948511231.797,117.728,25.991,1790948511375.744,Normal,0.8782
vm2,92726,20261002-134031_clu_vm14-vm24_twonode_r1,4478,perf_20261002-134031_clu_vm14-vm24_twonode_r1,1,550,1790948435375,0,1790948511376.156,108.555,6.016,1790948511491.04,Normal,0.8661
vm2,92726,20261002-134031_clu_vm14-vm24_twonode_r1,4482,perf_20261002-134031_clu_vm14-vm24_twonode_r1,1,551,1790948435375,0,1790948511491.463,111.52,9.78,1790948511612.976,Normal,0.6232
vm2,92726,20261002-134031_clu_vm14-vm24_twonode_r1,4493,perf_20261002-134031_clu_vm14-vm24_twonode_r1,1,552,1790948435376,0,1790948511613.316,99.449,5.872,1790948511718.863,Normal,0.955
vm2,92726,20261002-134031_clu_vm14-vm24_twonode_r1,4543,perf_20261002-134031_clu_vm14-vm24_twonode_r1,1,553,1790948435438,0,1790948511719.185,118.575,6.086,1790948511844.066,Normal,0.9362
vm2,92726,20261002-134031_clu_vm14-vm24_twonode_r1,4551,perf_20261002-134031_clu_vm14-vm24_twonode_r1,1,554,1790948435441,0,1790948511844.482,103.49,6.302,1790948511954.48,Normal,0.9608
vm2,92726,20261002-134031_clu_vm14-vm24_twonode_r1,4554,perf_20261002-134031_clu_vm14-vm24_twonode_r1,1,555,1790948435442,0,1790948511954.801,121.568,9.647,1790948512086.239,Normal,0.9323
vm2,92726,20261002-134031_clu_vm14-vm24_twonode_r1,4564,perf_20261002-134031_clu_vm14-vm24_twonode_r1,1,556,1790948435443,0,1790948512086.507,122.331,5.455,1790948512214.483,Normal,0.9528
vm2,92726,20261002-134031_clu_vm14-vm24_twonode_r1,4565,perf_20261002-134031_clu_vm14-vm24_twonode_r1,1,557,1790948435444,0,1790948512214.813,113.182,8.69,1790948512336.889,OFFENSIVE,0.5675
vm2,92726,20261002-134031_clu_vm14-vm24_twonode_r1,4567,perf_20261002-134031_clu_vm14-vm24_twonode_r1,1,558,1790948435444,0,1790948512337.298,106.322,9.903,1790948512453.72,Normal,0.8412
vm2,92726,20261002-134031_clu_vm14-vm24_twonode_r1,4576,perf_20261002-134031_clu_vm14-vm24_twonode_r1,1,559,1790948435446,0,1790948512453.995,95.203,11.074,1790948512560.573,Normal,0.6416
vm2,92726,20261002-134031_clu_vm14-vm24_twonode_r1,4591,perf_20261002-134031_clu_vm14-vm24_twonode_r1,1,560,1790948435448,0,1790948512560.848,191.801,4.888,1790948512757.753,Normal,0.9603
vm2,92726,20261002-134031_clu_vm14-vm24_twonode_r1,4594,perf_20261002-134031_clu_vm14-vm24_twonode_r1,1,561,1790948435449,0,1790948512758.073,91.393,15.121,1790948512864.788,Normal,0.9616
vm2,92726,20261002-134031_clu_vm14-vm24_twonode_r1,4598,perf_20261002-134031_clu_vm14-vm24_twonode_r1,1,562,1790948435450,0,1790948512865.134,110.385,10.321,1790948512986.038,Normal,0.971
vm2,92726,20261002-134031_clu_vm14-vm24_twonode_r1,4599,perf_20261002-134031_clu_vm14-vm24_twonode_r1,1,563,1790948435450,0,1790948512986.366,84.231,11.188,1790948513082.003,Normal,0.9408
vm2,92726,20261002-134031_clu_vm14-vm24_twonode_r1,4608,perf_20261002-134031_clu_vm14-vm24_twonode_r1,1,564,1790948435451,0,1790948513082.3,174.814,14.507,1790948513271.883,Normal,0.9192
vm2,92726,20261002-134031_clu_vm14-vm24_twonode_r1,4614,perf_20261002-134031_clu_vm14-vm24_twonode_r1,1,565,1790948435454,0,1790948513272.207,146.593,15.912,1790948513434.921,Normal,0.9776
vm2,92726,20261002-134031_clu_vm14-vm24_twonode_r1,4615,perf_20261002-134031_clu_vm14-vm24_twonode_r1,1,566,1790948435454,0,1790948513435.196,106.966,6.171,1790948513548.542,Normal,0.9522
vm2,92726,20261002-134031_clu_vm14-vm24_twonode_r1,4617,perf_20261002-134031_clu_vm14-vm24_twonode_r1,1,567,1790948435454,0,1790948513548.901,94.625,6.153,1790948513649.919,Normal,0.9446
vm2,92726,20261002-134031_clu_vm14-vm24_twonode_r1,4649,perf_20261002-134031_clu_vm14-vm24_twonode_r1,1,568,1790948435461,0,1790948513650.205,85.978,8.425,1790948513744.818,Normal,0.7997
vm2,92726,20261002-134031_clu_vm14-vm24_twonode_r1,4653,perf_20261002-134031_clu_vm14-vm24_twonode_r1,1,569,1790948435461,0,1790948513745.088,100.388,11.046,1790948513856.715,Normal,0.9335
vm2,92726,20261002-134031_clu_vm14-vm24_twonode_r1,4666,perf_20261002-134031_clu_vm14-vm24_twonode_r1,1,570,1790948435464,0,1790948513857.001,102.407,8.95,1790948513968.567,Normal,0.8865
vm2,92726,20261002-134031_clu_vm14-vm24_twonode_r1,4673,perf_20261002-134031_clu_vm14-vm24_twonode_r1,1,571,1790948435464,0,1790948513968.866,81.295,10.765,1790948514061.11,Normal,0.9599
vm2,92726,20261002-134031_clu_vm14-vm24_twonode_r1,4683,perf_20261002-134031_clu_vm14-vm24_twonode_r1,1,572,1790948435465,0,1790948514061.445,94.308,8.078,1790948514164.028,OFFENSIVE,0.4388
vm2,92726,20261002-134031_clu_vm14-vm24_twonode_r1,4688,perf_20261002-134031_clu_vm14-vm24_twonode_r1,1,573,1790948435466,0,1790948514164.312,130.912,5.248,1790948514300.69,Normal,0.9191
vm2,92726,20261002-134031_clu_vm14-vm24_twonode_r1,4704,perf_20261002-134031_clu_vm14-vm24_twonode_r1,1,574,1790948435467,0,1790948514301.051,243.414,4.898,1790948514549.615,Normal,0.9782
vm2,92726,20261002-134031_clu_vm14-vm24_twonode_r1,4709,perf_20261002-134031_clu_vm14-vm24_twonode_r1,1,575,1790948435467,0,1790948514549.937,109.953,9.389,1790948514669.493,Normal,0.9656
vm2,92726,20261002-134031_clu_vm14-vm24_twonode_r1,4710,perf_20261002-134031_clu_vm14-vm24_twonode_r1,1,576,1790948435467,0,1790948514669.918,130.695,39.341,1790948514840.163,Normal,0.5737
vm2,92726,20261002-134031_clu_vm14-vm24_twonode_r1,4713,perf_20261002-134031_clu_vm14-vm24_twonode_r1,1,577,1790948435468,0,1790948514840.618,95.301,5.726,1790948514941.85,Normal,0.9545
vm2,92726,20261002-134031_clu_vm14-vm24_twonode_r1,4714,perf_20261002-134031_clu_vm14-vm24_twonode_r1,1,578,1790948435468,0,1790948514942.149,142.161,6.4,1790948515090.915,Normal,0.9559
vm2,92726,20261002-134031_clu_vm14-vm24_twonode_r1,4719,perf_20261002-134031_clu_vm14-vm24_twonode_r1,1,579,1790948435468,0,1790948515091.244,111.308,8.411,1790948515211.187,Normal,0.9618
vm2,92726,20261002-134031_clu_vm14-vm24_twonode_r1,4721,perf_20261002-134031_clu_vm14-vm24_twonode_r1,1,580,1790948435468,0,1790948515211.527,135.281,7.771,1790948515354.791,Normal,0.9544
vm2,92726,20261002-134031_clu_vm14-vm24_twonode_r1,4725,perf_20261002-134031_clu_vm14-vm24_twonode_r1,1,581,1790948435484,0,1790948515355.048,104.596,5.679,1790948515465.538,Normal,0.94
vm2,92726,20261002-134031_clu_vm14-vm24_twonode_r1,4736,perf_20261002-134031_clu_vm14-vm24_twonode_r1,1,582,1790948435484,0,1790948515465.823,105.14,10.286,1790948515581.474,Normal,0.9475
vm2,92726,20261002-134031_clu_vm14-vm24_twonode_r1,4770,perf_20261002-134031_clu_vm14-vm24_twonode_r1,1,583,1790948435487,0,1790948515581.779,91.269,16.046,1790948515689.407,Normal,0.9695
vm2,92726,20261002-134031_clu_vm14-vm24_twonode_r1,4772,perf_20261002-134031_clu_vm14-vm24_twonode_r1,1,584,1790948435487,0,1790948515689.694,89.436,16.582,1790948515795.91,Normal,0.9095
vm2,92726,20261002-134031_clu_vm14-vm24_twonode_r1,4777,perf_20261002-134031_clu_vm14-vm24_twonode_r1,1,585,1790948435488,0,1790948515796.201,98.248,10.207,1790948515904.851,Normal,0.9309
vm2,92726,20261002-134031_clu_vm14-vm24_twonode_r1,4780,perf_20261002-134031_clu_vm14-vm24_twonode_r1,1,586,1790948435488,0,1790948515905.168,111.572,11.987,1790948516028.93,Normal,0.9411
vm2,92726,20261002-134031_clu_vm14-vm24_twonode_r1,4782,perf_20261002-134031_clu_vm14-vm24_twonode_r1,1,587,1790948435489,0,1790948516029.271,96.957,9.424,1790948516135.843,Normal,0.8953
vm2,92726,20261002-134031_clu_vm14-vm24_twonode_r1,4788,perf_20261002-134031_clu_vm14-vm24_twonode_r1,1,588,1790948435489,0,1790948516136.159,114.651,5.459,1790948516256.501,Normal,0.9419
vm2,92726,20261002-134031_clu_vm14-vm24_twonode_r1,4795,perf_20261002-134031_clu_vm14-vm24_twonode_r1,1,589,1790948435490,0,1790948516256.802,107.257,5.926,1790948516370.188,Normal,0.9563
vm2,92726,20261002-134031_clu_vm14-vm24_twonode_r1,4803,perf_20261002-134031_clu_vm14-vm24_twonode_r1,1,590,1790948435490,0,1790948516370.59,87.481,7.6,1790948516465.905,Normal,0.8937
vm2,92726,20261002-134031_clu_vm14-vm24_twonode_r1,4817,perf_20261002-134031_clu_vm14-vm24_twonode_r1,1,591,1790948435492,0,1790948516466.196,99.739,4.94,1790948516571.123,Normal,0.9697
vm2,92726,20261002-134031_clu_vm14-vm24_twonode_r1,4824,perf_20261002-134031_clu_vm14-vm24_twonode_r1,1,592,1790948435493,0,1790948516571.419,87.137,5.749,1790948516664.498,Normal,0.9725
vm2,92726,20261002-134031_clu_vm14-vm24_twonode_r1,4843,perf_20261002-134031_clu_vm14-vm24_twonode_r1,1,593,1790948435534,0,1790948516664.756,98.842,6.438,1790948516770.26,Normal,0.7294
vm2,92726,20261002-134031_clu_vm14-vm24_twonode_r1,4850,perf_20261002-134031_clu_vm14-vm24_twonode_r1,1,594,1790948435536,0,1790948516770.613,123.164,16.564,1790948516910.547,Normal,0.9723
vm2,92726,20261002-134031_clu_vm14-vm24_twonode_r1,4857,perf_20261002-134031_clu_vm14-vm24_twonode_r1,1,595,1790948435555,0,1790948516910.825,106.267,6.696,1790948517024.052,Normal,0.9329
vm2,92726,20261002-134031_clu_vm14-vm24_twonode_r1,4858,perf_20261002-134031_clu_vm14-vm24_twonode_r1,1,596,1790948435555,0,1790948517024.311,112.068,6.125,1790948517142.708,Normal,0.9475
vm2,92726,20261002-134031_clu_vm14-vm24_twonode_r1,4859,perf_20261002-134031_clu_vm14-vm24_twonode_r1,1,597,1790948435555,0,1790948517142.984,127.468,7.527,1790948517278.171,Normal,0.9609
vm2,92726,20261002-134031_clu_vm14-vm24_twonode_r1,4866,perf_20261002-134031_clu_vm14-vm24_twonode_r1,1,598,1790948435556,0,1790948517278.435,101.669,23.377,1790948517403.694,Normal,0.6885
vm2,92726,20261002-134031_clu_vm14-vm24_twonode_r1,4869,perf_20261002-134031_clu_vm14-vm24_twonode_r1,1,599,1790948435556,0,1790948517404.029,122.393,5.602,1790948517532.263,Normal,0.9705
vm2,92726,20261002-134031_clu_vm14-vm24_twonode_r1,4889,perf_20261002-134031_clu_vm14-vm24_twonode_r1,1,600,1790948435559,0,1790948517532.552,110.134,9.51,1790948517652.408,Normal,0.9486
vm2,92726,20261002-134031_clu_vm14-vm24_twonode_r1,4901,perf_20261002-134031_clu_vm14-vm24_twonode_r1,1,601,1790948435560,0,1790948517652.687,94.86,5.722,1790948517753.554,Normal,0.9491
vm2,92726,20261002-134031_clu_vm14-vm24_twonode_r1,4919,perf_20261002-134031_clu_vm14-vm24_twonode_r1,1,602,1790948435561,0,1790948517753.855,101.556,6.793,1790948517862.438,Normal,0.9608
vm2,92726,20261002-134031_clu_vm14-vm24_twonode_r1,4920,perf_20261002-134031_clu_vm14-vm24_twonode_r1,1,603,1790948435562,0,1790948517862.737,123.663,7.378,1790948517993.976,Normal,0.9096
vm2,92726,20261002-134031_clu_vm14-vm24_twonode_r1,4921,perf_20261002-134031_clu_vm14-vm24_twonode_r1,1,604,1790948435562,0,1790948517994.252,147.181,5.246,1790948518146.906,Normal,0.9602
vm2,92726,20261002-134031_clu_vm14-vm24_twonode_r1,4922,perf_20261002-134031_clu_vm14-vm24_twonode_r1,1,605,1790948435562,0,1790948518147.23,198.397,5.581,1790948518351.425,Normal,0.9744
vm2,92726,20261002-134031_clu_vm14-vm24_twonode_r1,4929,perf_20261002-134031_clu_vm14-vm24_twonode_r1,1,606,1790948435562,0,1790948518351.685,108.739,5.825,1790948518466.447,Normal,0.8414
vm2,92726,20261002-134031_clu_vm14-vm24_twonode_r1,4948,perf_20261002-134031_clu_vm14-vm24_twonode_r1,1,607,1790948435599,0,1790948518466.734,111.238,6.216,1790948518584.474,Normal,0.9617
vm2,92726,20261002-134031_clu_vm14-vm24_twonode_r1,4951,perf_20261002-134031_clu_vm14-vm24_twonode_r1,1,608,1790948435599,0,1790948518584.836,109.539,5.501,1790948518700.082,Normal,0.9545
vm2,92726,20261002-134031_clu_vm14-vm24_twonode_r1,4955,perf_20261002-134031_clu_vm14-vm24_twonode_r1,1,609,1790948435600,0,1790948518700.398,90.327,6.093,1790948518797.045,Normal,0.8523
vm2,92726,20261002-134031_clu_vm14-vm24_twonode_r1,4956,perf_20261002-134031_clu_vm14-vm24_twonode_r1,1,610,1790948435600,0,1790948518797.455,86.522,5.473,1790948518889.648,HATE,0.8438
vm2,92726,20261002-134031_clu_vm14-vm24_twonode_r1,4965,perf_20261002-134031_clu_vm14-vm24_twonode_r1,1,611,1790948435612,0,1790948518889.919,91.475,5.706,1790948518987.293,Normal,0.969
vm2,92726,20261002-134031_clu_vm14-vm24_twonode_r1,4967,perf_20261002-134031_clu_vm14-vm24_twonode_r1,1,612,1790948435612,0,1790948518987.541,123.118,5.493,1790948519116.359,Normal,0.7437
vm2,92726,20261002-134031_clu_vm14-vm24_twonode_r1,4969,perf_20261002-134031_clu_vm14-vm24_twonode_r1,1,613,1790948435612,0,1790948519116.645,111.61,10.731,1790948519239.373,Normal,0.8477
vm2,92726,20261002-134031_clu_vm14-vm24_twonode_r1,4975,perf_20261002-134031_clu_vm14-vm24_twonode_r1,1,614,1790948435613,0,1790948519239.638,91.802,6.429,1790948519338.092,Normal,0.9473
vm2,92726,20261002-134031_clu_vm14-vm24_twonode_r1,4981,perf_20261002-134031_clu_vm14-vm24_twonode_r1,1,615,1790948435615,0,1790948519338.406,78.5,6.016,1790948519423.115,Normal,0.9472
vm2,92726,20261002-134031_clu_vm14-vm24_twonode_r1,4997,perf_20261002-134031_clu_vm14-vm24_twonode_r1,1,616,1790948435618,0,1790948519423.448,80.885,6.855,1790948519511.372,Normal,0.9458
vm2,92726,20261002-134031_clu_vm14-vm24_twonode_r1,4998,perf_20261002-134031_clu_vm14-vm24_twonode_r1,1,617,1790948435618,0,1790948519511.616,72.688,5.488,1790948519590.004,Normal,0.9277
vm2,92726,20261002-134031_clu_vm14-vm24_twonode_r1,5000,perf_20261002-134031_clu_vm14-vm24_twonode_r1,1,618,1790948435618,0,1790948519590.338,75.701,5.954,1790948519672.171,Normal,0.9639
vm2,92726,20261002-134031_clu_vm14-vm24_twonode_r1,5008,perf_20261002-134031_clu_vm14-vm24_twonode_r1,1,619,1790948435620,0,1790948519672.406,84.387,6.521,1790948519763.509,OFFENSIVE,0.5858
vm2,92726,20261002-134031_clu_vm14-vm24_twonode_r1,5016,perf_20261002-134031_clu_vm14-vm24_twonode_r1,1,620,1790948435621,0,1790948519763.741,73.709,6.559,1790948519844.193,Normal,0.9499
vm2,92726,20261002-134031_clu_vm14-vm24_twonode_r1,5028,perf_20261002-134031_clu_vm14-vm24_twonode_r1,1,621,1790948435624,0,1790948519844.415,91.459,8.386,1790948519944.441,Normal,0.9011
vm2,92726,20261002-134031_clu_vm14-vm24_twonode_r1,5041,perf_20261002-134031_clu_vm14-vm24_twonode_r1,1,622,1790948435626,0,1790948519944.664,81.832,8.836,1790948520035.51,Normal,0.9472
vm2,92726,20261002-134031_clu_vm14-vm24_twonode_r1,5042,perf_20261002-134031_clu_vm14-vm24_twonode_r1,1,623,1790948435626,0,1790948520035.726,63.269,6.182,1790948520105.369,Normal,0.9694
vm2,92726,20261002-134031_clu_vm14-vm24_twonode_r1,5075,perf_20261002-134031_clu_vm14-vm24_twonode_r1,1,624,1790948435635,0,1790948520105.596,67.197,4.89,1790948520177.879,Normal,0.9728
vm2,92726,20261002-134031_clu_vm14-vm24_twonode_r1,5079,perf_20261002-134031_clu_vm14-vm24_twonode_r1,1,625,1790948435635,0,1790948520178.116,63.078,4.699,1790948520246.159,Normal,0.5497
vm2,92726,20261002-134031_clu_vm14-vm24_twonode_r1,5084,perf_20261002-134031_clu_vm14-vm24_twonode_r1,1,626,1790948435636,0,1790948520246.374,63.063,5.404,1790948520315.02,Normal,0.9512
vm2,92726,20261002-134031_clu_vm14-vm24_twonode_r1,5104,perf_20261002-134031_clu_vm14-vm24_twonode_r1,1,627,1790948435640,0,1790948520315.277,62.411,17.908,1790948520395.792,Normal,0.9598
vm2,92726,20261002-134031_clu_vm14-vm24_twonode_r1,5108,perf_20261002-134031_clu_vm14-vm24_twonode_r1,1,628,1790948435641,0,1790948520396.031,128.947,7.281,1790948520532.458,Normal,0.9719
vm2,92726,20261002-134031_clu_vm14-vm24_twonode_r1,5115,perf_20261002-134031_clu_vm14-vm24_twonode_r1,1,629,1790948435642,0,1790948520532.711,109.524,5.44,1790948520647.862,Normal,0.9404
vm2,92726,20261002-134031_clu_vm14-vm24_twonode_r1,5156,perf_20261002-134031_clu_vm14-vm24_twonode_r1,1,630,1790948435649,0,1790948520648.112,61.827,5.332,1790948520715.448,Normal,0.9164
vm2,92726,20261002-134031_clu_vm14-vm24_twonode_r1,5171,perf_20261002-134031_clu_vm14-vm24_twonode_r1,1,631,1790948435651,0,1790948520715.673,71.938,5.961,1790948520793.755,OFFENSIVE,0.7041
vm2,92726,20261002-134031_clu_vm14-vm24_twonode_r1,5183,perf_20261002-134031_clu_vm14-vm24_twonode_r1,1,632,1790948435652,0,1790948520794.0,59.386,4.865,1790948520858.435,Normal,0.9123
vm2,92726,20261002-134031_clu_vm14-vm24_twonode_r1,5194,perf_20261002-134031_clu_vm14-vm24_twonode_r1,1,633,1790948435653,0,1790948520858.648,307.186,5.483,1790948521171.539,Normal,0.9035
vm2,92726,20261002-134031_clu_vm14-vm24_twonode_r1,5201,perf_20261002-134031_clu_vm14-vm24_twonode_r1,1,634,1790948435654,0,1790948521171.822,74.618,5.666,1790948521252.292,Normal,0.8939
vm2,92726,20261002-134031_clu_vm14-vm24_twonode_r1,5203,perf_20261002-134031_clu_vm14-vm24_twonode_r1,1,635,1790948435654,0,1790948521252.535,128.037,5.548,1790948521386.313,Normal,0.9814
vm2,92726,20261002-134031_clu_vm14-vm24_twonode_r1,5204,perf_20261002-134031_clu_vm14-vm24_twonode_r1,1,636,1790948435654,0,1790948521386.579,68.589,4.982,1790948521460.335,Normal,0.9097
vm2,92726,20261002-134031_clu_vm14-vm24_twonode_r1,5205,perf_20261002-134031_clu_vm14-vm24_twonode_r1,1,637,1790948435654,0,1790948521460.577,71.527,5.153,1790948521537.653,Normal,0.9726
vm2,92726,20261002-134031_clu_vm14-vm24_twonode_r1,5207,perf_20261002-134031_clu_vm14-vm24_twonode_r1,1,638,1790948435654,0,1790948521537.904,63.434,10.757,1790948521612.28,Normal,0.9655
vm2,92726,20261002-134031_clu_vm14-vm24_twonode_r1,5220,perf_20261002-134031_clu_vm14-vm24_twonode_r1,1,639,1790948435655,0,1790948521612.494,71.862,3.433,1790948521687.968,Normal,0.9555
vm2,92726,20261002-134031_clu_vm14-vm24_twonode_r1,5231,perf_20261002-134031_clu_vm14-vm24_twonode_r1,1,640,1790948435656,0,1790948521688.174,124.241,5.105,1790948521817.707,Normal,0.9576
vm2,92726,20261002-134031_clu_vm14-vm24_twonode_r1,5238,perf_20261002-134031_clu_vm14-vm24_twonode_r1,1,641,1790948435657,0,1790948521817.917,65.801,4.378,1790948521888.276,Normal,0.9424
vm2,92726,20261002-134031_clu_vm14-vm24_twonode_r1,5244,perf_20261002-134031_clu_vm14-vm24_twonode_r1,1,642,1790948435657,0,1790948521888.488,72.131,4.722,1790948521965.515,Normal,0.9017
vm2,92726,20261002-134031_clu_vm14-vm24_twonode_r1,5251,perf_20261002-134031_clu_vm14-vm24_twonode_r1,1,643,1790948435658,0,1790948521965.724,89.817,4.791,1790948522060.526,Normal,0.9585
vm2,92726,20261002-134031_clu_vm14-vm24_twonode_r1,5264,perf_20261002-134031_clu_vm14-vm24_twonode_r1,1,644,1790948435659,0,1790948522060.739,64.062,5.316,1790948522130.399,Normal,0.968
vm2,92726,20261002-134031_clu_vm14-vm24_twonode_r1,5272,perf_20261002-134031_clu_vm14-vm24_twonode_r1,1,645,1790948435660,0,1790948522130.633,61.684,4.936,1790948522197.459,Normal,0.9173
vm2,92726,20261002-134031_clu_vm14-vm24_twonode_r1,5299,perf_20261002-134031_clu_vm14-vm24_twonode_r1,1,646,1790948435662,0,1790948522197.688,66.459,4.319,1790948522268.635,Normal,0.9642
vm2,92726,20261002-134031_clu_vm14-vm24_twonode_r1,5301,perf_20261002-134031_clu_vm14-vm24_twonode_r1,1,647,1790948435662,0,1790948522268.863,66.584,11.5,1790948522347.132,Normal,0.9525
vm2,92726,20261002-134031_clu_vm14-vm24_twonode_r1,5307,perf_20261002-134031_clu_vm14-vm24_twonode_r1,1,648,1790948435663,0,1790948522347.4,74.432,10.559,1790948522432.565,Normal,0.7669
vm2,92726,20261002-134031_clu_vm14-vm24_twonode_r1,5313,perf_20261002-134031_clu_vm14-vm24_twonode_r1,1,649,1790948435663,0,1790948522432.793,73.572,5.492,1790948522512.047,Normal,0.9613
vm2,92726,20261002-134031_clu_vm14-vm24_twonode_r1,5319,perf_20261002-134031_clu_vm14-vm24_twonode_r1,1,650,1790948435664,0,1790948522512.289,72.109,5.601,1790948522590.177,Normal,0.9689
vm2,92726,20261002-134031_clu_vm14-vm24_twonode_r1,5325,perf_20261002-134031_clu_vm14-vm24_twonode_r1,1,651,1790948435669,0,1790948522590.407,70.292,5.553,1790948522666.44,Normal,0.9415
vm2,92726,20261002-134031_clu_vm14-vm24_twonode_r1,5327,perf_20261002-134031_clu_vm14-vm24_twonode_r1,1,652,1790948435669,0,1790948522666.667,68.712,3.717,1790948522739.275,Normal,0.9519
vm2,92726,20261002-134031_clu_vm14-vm24_twonode_r1,5332,perf_20261002-134031_clu_vm14-vm24_twonode_r1,1,653,1790948435670,0,1790948522739.505,97.475,5.184,1790948522842.353,Normal,0.9545
vm2,92726,20261002-134031_clu_vm14-vm24_twonode_r1,5348,perf_20261002-134031_clu_vm14-vm24_twonode_r1,1,654,1790948435671,0,1790948522842.602,97.558,5.755,1790948522946.16,Normal,0.8607
vm2,92726,20261002-134031_clu_vm14-vm24_twonode_r1,5357,perf_20261002-134031_clu_vm14-vm24_twonode_r1,1,655,1790948435672,0,1790948522946.461,57.877,18.753,1790948523023.26,Normal,0.9409
vm2,92726,20261002-134031_clu_vm14-vm24_twonode_r1,5367,perf_20261002-134031_clu_vm14-vm24_twonode_r1,1,656,1790948435673,0,1790948523023.503,69.09,5.331,1790948523098.101,Normal,0.9307
vm2,92726,20261002-134031_clu_vm14-vm24_twonode_r1,5373,perf_20261002-134031_clu_vm14-vm24_twonode_r1,1,657,1790948435673,0,1790948523098.315,64.847,5.795,1790948523169.19,Normal,0.9748
vm2,92726,20261002-134031_clu_vm14-vm24_twonode_r1,5380,perf_20261002-134031_clu_vm14-vm24_twonode_r1,1,658,1790948435678,0,1790948523169.457,59.528,4.933,1790948523234.104,Normal,0.9429
vm2,92726,20261002-134031_clu_vm14-vm24_twonode_r1,5389,perf_20261002-134031_clu_vm14-vm24_twonode_r1,1,659,1790948435678,0,1790948523234.323,73.448,5.671,1790948523313.662,Normal,0.8957
vm2,92726,20261002-134031_clu_vm14-vm24_twonode_r1,5393,perf_20261002-134031_clu_vm14-vm24_twonode_r1,1,660,1790948435679,0,1790948523313.913,67.089,5.671,1790948523386.858,Normal,0.9373
vm2,92726,20261002-134031_clu_vm14-vm24_twonode_r1,5400,perf_20261002-134031_clu_vm14-vm24_twonode_r1,1,661,1790948435679,0,1790948523387.082,72.568,5.592,1790948523465.425,Normal,0.9618
vm2,92726,20261002-134031_clu_vm14-vm24_twonode_r1,5407,perf_20261002-134031_clu_vm14-vm24_twonode_r1,1,662,1790948435680,0,1790948523465.647,69.427,5.408,1790948523540.691,Normal,0.9369
vm2,92726,20261002-134031_clu_vm14-vm24_twonode_r1,5421,perf_20261002-134031_clu_vm14-vm24_twonode_r1,1,663,1790948435681,0,1790948523540.924,67.713,5.257,1790948523614.073,Normal,0.9467
vm2,92726,20261002-134031_clu_vm14-vm24_twonode_r1,5422,perf_20261002-134031_clu_vm14-vm24_twonode_r1,1,664,1790948435681,0,1790948523614.295,69.025,6.683,1790948523690.21,Normal,0.9455
vm2,92726,20261002-134031_clu_vm14-vm24_twonode_r1,5429,perf_20261002-134031_clu_vm14-vm24_twonode_r1,1,665,1790948435682,0,1790948523690.435,60.483,5.692,1790948523756.794,Normal,0.8661
vm2,92726,20261002-134031_clu_vm14-vm24_twonode_r1,5442,perf_20261002-134031_clu_vm14-vm24_twonode_r1,1,666,1790948435684,0,1790948523757.022,77.765,5.286,1790948523840.252,Normal,0.9725
vm2,92726,20261002-134031_clu_vm14-vm24_twonode_r1,5452,perf_20261002-134031_clu_vm14-vm24_twonode_r1,1,667,1790948435685,0,1790948523840.495,85.027,15.052,1790948523940.753,Normal,0.7762
vm2,92726,20261002-134031_clu_vm14-vm24_twonode_r1,5460,perf_20261002-134031_clu_vm14-vm24_twonode_r1,1,668,1790948435686,0,1790948523940.972,67.467,5.631,1790948524014.249,Normal,0.9194
vm2,92726,20261002-134031_clu_vm14-vm24_twonode_r1,5478,perf_20261002-134031_clu_vm14-vm24_twonode_r1,1,669,1790948435687,0,1790948524014.51,69.095,4.418,1790948524088.202,Normal,0.9395
vm2,92726,20261002-134031_clu_vm14-vm24_twonode_r1,5479,perf_20261002-134031_clu_vm14-vm24_twonode_r1,1,670,1790948435687,0,1790948524088.434,76.596,5.643,1790948524170.85,Normal,0.9434
vm2,92726,20261002-134031_clu_vm14-vm24_twonode_r1,5486,perf_20261002-134031_clu_vm14-vm24_twonode_r1,1,671,1790948435688,0,1790948524171.074,62.459,6.144,1790948524239.877,Normal,0.9494
vm2,92726,20261002-134031_clu_vm14-vm24_twonode_r1,5498,perf_20261002-134031_clu_vm14-vm24_twonode_r1,1,672,1790948435689,0,1790948524240.279,108.319,5.228,1790948524354.018,Normal,0.9532
vm2,92726,20261002-134031_clu_vm14-vm24_twonode_r1,5501,perf_20261002-134031_clu_vm14-vm24_twonode_r1,1,673,1790948435689,0,1790948524354.239,78.642,5.352,1790948524438.417,Normal,0.9708
vm2,92726,20261002-134031_clu_vm14-vm24_twonode_r1,5507,perf_20261002-134031_clu_vm14-vm24_twonode_r1,1,674,1790948435690,0,1790948524438.655,74.452,4.377,1790948524517.749,Normal,0.9268
vm2,92726,20261002-134031_clu_vm14-vm24_twonode_r1,5510,perf_20261002-134031_clu_vm14-vm24_twonode_r1,1,675,1790948435690,0,1790948524517.999,71.896,5.358,1790948524595.494,Normal,0.9375
vm2,92726,20261002-134031_clu_vm14-vm24_twonode_r1,5516,perf_20261002-134031_clu_vm14-vm24_twonode_r1,1,676,1790948435691,0,1790948524595.792,76.36,15.823,1790948524688.161,Normal,0.925
vm2,92726,20261002-134031_clu_vm14-vm24_twonode_r1,5537,perf_20261002-134031_clu_vm14-vm24_twonode_r1,1,677,1790948435692,0,1790948524688.416,70.925,6.082,1790948524765.651,Normal,0.9375
vm2,92726,20261002-134031_clu_vm14-vm24_twonode_r1,5541,perf_20261002-134031_clu_vm14-vm24_twonode_r1,1,678,1790948435693,0,1790948524765.932,78.195,5.441,1790948524849.76,Normal,0.9343
vm2,92726,20261002-134031_clu_vm14-vm24_twonode_r1,5549,perf_20261002-134031_clu_vm14-vm24_twonode_r1,1,679,1790948435693,0,1790948524849.983,70.065,4.759,1790948524924.981,Normal,0.7691
vm2,92726,20261002-134031_clu_vm14-vm24_twonode_r1,5552,perf_20261002-134031_clu_vm14-vm24_twonode_r1,1,680,1790948435694,0,1790948524925.202,77.473,4.829,1790948525007.685,Normal,0.9509
vm2,92726,20261002-134031_clu_vm14-vm24_twonode_r1,5557,perf_20261002-134031_clu_vm14-vm24_twonode_r1,1,681,1790948435694,0,1790948525007.919,63.191,23.79,1790948525095.079,Normal,0.9633
vm2,92726,20261002-134031_clu_vm14-vm24_twonode_r1,5566,perf_20261002-134031_clu_vm14-vm24_twonode_r1,1,682,1790948435700,0,1790948525095.367,78.705,14.496,1790948525188.749,Normal,0.9669
vm2,92726,20261002-134031_clu_vm14-vm24_twonode_r1,5605,perf_20261002-134031_clu_vm14-vm24_twonode_r1,1,683,1790948435703,0,1790948525189.002,65.33,5.921,1790948525260.442,Normal,0.4452
vm2,92726,20261002-134031_clu_vm14-vm24_twonode_r1,5607,perf_20261002-134031_clu_vm14-vm24_twonode_r1,1,684,1790948435703,0,1790948525260.707,68.163,5.276,1790948525334.314,Normal,0.8995
vm2,92726,20261002-134031_clu_vm14-vm24_twonode_r1,5614,perf_20261002-134031_clu_vm14-vm24_twonode_r1,1,685,1790948435704,0,1790948525334.556,103.735,10.114,1790948525448.592,Normal,0.8861
vm2,92726,20261002-134031_clu_vm14-vm24_twonode_r1,5619,perf_20261002-134031_clu_vm14-vm24_twonode_r1,1,686,1790948435704,0,1790948525448.821,60.947,6.628,1790948525516.571,Normal,0.9317
vm2,92726,20261002-134031_clu_vm14-vm24_twonode_r1,5625,perf_20261002-134031_clu_vm14-vm24_twonode_r1,1,687,1790948435705,0,1790948525516.805,59.329,4.796,1790948525581.107,Normal,0.9536
vm2,92726,20261002-134031_clu_vm14-vm24_twonode_r1,5639,perf_20261002-134031_clu_vm14-vm24_twonode_r1,1,688,1790948435714,0,1790948525581.364,65.907,5.584,1790948525653.067,Normal,0.8061
vm2,92726,20261002-134031_clu_vm14-vm24_twonode_r1,5644,perf_20261002-134031_clu_vm14-vm24_twonode_r1,1,689,1790948435742,0,1790948525653.33,63.555,4.917,1790948525721.986,Normal,0.9697
vm2,92726,20261002-134031_clu_vm14-vm24_twonode_r1,5658,perf_20261002-134031_clu_vm14-vm24_twonode_r1,1,690,1790948435758,0,1790948525722.201,62.701,11.544,1790948525796.616,Normal,0.9495
vm2,92726,20261002-134031_clu_vm14-vm24_twonode_r1,5660,perf_20261002-134031_clu_vm14-vm24_twonode_r1,1,691,1790948435760,0,1790948525796.834,66.503,15.708,1790948525879.252,Normal,0.9126
vm2,92726,20261002-134031_clu_vm14-vm24_twonode_r1,5673,perf_20261002-134031_clu_vm14-vm24_twonode_r1,1,692,1790948435777,0,1790948525879.486,74.965,5.418,1790948525960.057,Normal,0.7664
vm2,92726,20261002-134031_clu_vm14-vm24_twonode_r1,5676,perf_20261002-134031_clu_vm14-vm24_twonode_r1,1,693,1790948435778,0,1790948525960.284,76.051,4.93,1790948526041.494,Normal,0.9276
vm2,92726,20261002-134031_clu_vm14-vm24_twonode_r1,5696,perf_20261002-134031_clu_vm14-vm24_twonode_r1,1,694,1790948435804,0,1790948526041.749,91.224,5.194,1790948526138.363,Normal,0.9079
vm2,92726,20261002-134031_clu_vm14-vm24_twonode_r1,5702,perf_20261002-134031_clu_vm14-vm24_twonode_r1,1,695,1790948435806,0,1790948526138.612,172.126,4.247,1790948526315.161,Normal,0.9681
vm2,92726,20261002-134031_clu_vm14-vm24_twonode_r1,5731,perf_20261002-134031_clu_vm14-vm24_twonode_r1,1,696,1790948435812,0,1790948526315.402,82.861,15.387,1790948526413.822,Normal,0.9652
vm2,92726,20261002-134031_clu_vm14-vm24_twonode_r1,5750,perf_20261002-134031_clu_vm14-vm24_twonode_r1,1,697,1790948435816,0,1790948526414.113,87.602,5.817,1790948526507.717,Normal,0.9716
vm2,92726,20261002-134031_clu_vm14-vm24_twonode_r1,5752,perf_20261002-134031_clu_vm14-vm24_twonode_r1,1,698,1790948435816,0,1790948526507.93,188.027,4.71,1790948526700.866,Normal,0.9677
vm2,92726,20261002-134031_clu_vm14-vm24_twonode_r1,5757,perf_20261002-134031_clu_vm14-vm24_twonode_r1,1,699,1790948435818,0,1790948526701.12,85.819,14.122,1790948526801.244,Normal,0.9592
vm2,92726,20261002-134031_clu_vm14-vm24_twonode_r1,5762,perf_20261002-134031_clu_vm14-vm24_twonode_r1,1,700,1790948435819,0,1790948526801.478,65.523,15.68,1790948526882.853,Normal,0.9447
vm2,92726,20261002-134031_clu_vm14-vm24_twonode_r1,5777,perf_20261002-134031_clu_vm14-vm24_twonode_r1,1,701,1790948435822,0,1790948526883.081,99.715,9.384,1790948526992.355,Normal,0.6131
vm2,92726,20261002-134031_clu_vm14-vm24_twonode_r1,5791,perf_20261002-134031_clu_vm14-vm24_twonode_r1,1,702,1790948435824,0,1790948526992.593,60.586,17.754,1790948527071.229,Normal,0.8987
vm2,92726,20261002-134031_clu_vm14-vm24_twonode_r1,5794,perf_20261002-134031_clu_vm14-vm24_twonode_r1,1,703,1790948435824,0,1790948527071.447,99.148,18.166,1790948527188.975,Normal,0.9666
vm2,92726,20261002-134031_clu_vm14-vm24_twonode_r1,5807,perf_20261002-134031_clu_vm14-vm24_twonode_r1,1,704,1790948435825,0,1790948527189.307,89.898,7.233,1790948527286.616,Normal,0.8017
vm2,92726,20261002-134031_clu_vm14-vm24_twonode_r1,5810,perf_20261002-134031_clu_vm14-vm24_twonode_r1,1,705,1790948435825,0,1790948527286.828,58.871,22.594,1790948527368.47,Normal,0.9728
vm2,92726,20261002-134031_clu_vm14-vm24_twonode_r1,5822,perf_20261002-134031_clu_vm14-vm24_twonode_r1,1,706,1790948435826,0,1790948527368.839,77.814,14.637,1790948527461.467,Normal,0.9551
vm2,92726,20261002-134031_clu_vm14-vm24_twonode_r1,5826,perf_20261002-134031_clu_vm14-vm24_twonode_r1,1,707,1790948435827,0,1790948527461.692,142.159,23.445,1790948527627.488,Normal,0.8017
vm2,92726,20261002-134031_clu_vm14-vm24_twonode_r1,5830,perf_20261002-134031_clu_vm14-vm24_twonode_r1,1,708,1790948435827,0,1790948527627.86,74.04,11.261,1790948527713.352,Normal,0.938
vm2,92726,20261002-134031_clu_vm14-vm24_twonode_r1,5834,perf_20261002-134031_clu_vm14-vm24_twonode_r1,1,709,1790948435827,0,1790948527713.605,85.198,7.39,1790948527806.381,Normal,0.9702
vm2,92726,20261002-134031_clu_vm14-vm24_twonode_r1,5856,perf_20261002-134031_clu_vm14-vm24_twonode_r1,1,710,1790948435829,0,1790948527806.624,98.132,4.758,1790948527909.707,Normal,0.919
vm2,92726,20261002-134031_clu_vm14-vm24_twonode_r1,5867,perf_20261002-134031_clu_vm14-vm24_twonode_r1,1,711,1790948435830,0,1790948527909.99,72.82,6.61,1790948527989.591,Normal,0.9526
vm2,92726,20261002-134031_clu_vm14-vm24_twonode_r1,5903,perf_20261002-134031_clu_vm14-vm24_twonode_r1,1,712,1790948435833,0,1790948527989.824,99.506,25.848,1790948528115.377,Normal,0.969
vm2,92726,20261002-134031_clu_vm14-vm24_twonode_r1,5912,perf_20261002-134031_clu_vm14-vm24_twonode_r1,1,713,1790948435835,0,1790948528115.747,110.399,8.003,1790948528234.388,Normal,0.8389
vm2,92726,20261002-134031_clu_vm14-vm24_twonode_r1,5917,perf_20261002-134031_clu_vm14-vm24_twonode_r1,1,714,1790948435835,0,1790948528234.698,90.263,6.228,1790948528331.424,Normal,0.9649
vm2,92726,20261002-134031_clu_vm14-vm24_twonode_r1,5919,perf_20261002-134031_clu_vm14-vm24_twonode_r1,1,715,1790948435835,0,1790948528331.788,114.971,7.073,1790948528454.017,Normal,0.965
vm2,92726,20261002-134031_clu_vm14-vm24_twonode_r1,5920,perf_20261002-134031_clu_vm14-vm24_twonode_r1,1,716,1790948435836,0,1790948528454.269,87.821,10.139,1790948528552.425,Normal,0.9714
vm2,92726,20261002-134031_clu_vm14-vm24_twonode_r1,5924,perf_20261002-134031_clu_vm14-vm24_twonode_r1,1,717,1790948435836,0,1790948528552.74,82.098,20.949,1790948528655.981,Normal,0.9609
vm2,92726,20261002-134031_clu_vm14-vm24_twonode_r1,5945,perf_20261002-134031_clu_vm14-vm24_twonode_r1,1,718,1790948435838,0,1790948528656.274,81.97,17.201,1790948528755.644,Normal,0.9606
vm2,92726,20261002-134031_clu_vm14-vm24_twonode_r1,5946,perf_20261002-134031_clu_vm14-vm24_twonode_r1,1,719,1790948435838,0,1790948528755.951,113.785,10.425,1790948528880.352,Normal,0.9106
vm2,92726,20261002-134031_clu_vm14-vm24_twonode_r1,5954,perf_20261002-134031_clu_vm14-vm24_twonode_r1,1,720,1790948435839,0,1790948528880.681,184.999,9.91,1790948529075.808,Normal,0.656
vm2,92726,20261002-134031_clu_vm14-vm24_twonode_r1,5968,perf_20261002-134031_clu_vm14-vm24_twonode_r1,1,721,1790948435887,0,1790948529076.097,100.609,5.722,1790948529182.675,Normal,0.9497
vm2,92726,20261002-134031_clu_vm14-vm24_twonode_r1,5980,perf_20261002-134031_clu_vm14-vm24_twonode_r1,1,722,1790948435888,0,1790948529183.028,107.452,13.438,1790948529304.138,OFFENSIVE,0.7491
vm2,92726,20261002-134031_clu_vm14-vm24_twonode_r1,5981,perf_20261002-134031_clu_vm14-vm24_twonode_r1,1,723,1790948435888,0,1790948529304.462,103.825,8.805,1790948529417.296,Normal,0.5863
vm2,92726,20261002-134031_clu_vm14-vm24_twonode_r1,5995,perf_20261002-134031_clu_vm14-vm24_twonode_r1,1,724,1790948435889,0,1790948529417.583,109.127,5.598,1790948529532.506,Normal,0.6054
vm2,92726,20261002-134031_clu_vm14-vm24_twonode_r1,5998,perf_20261002-134031_clu_vm14-vm24_twonode_r1,1,725,1790948435890,0,1790948529532.825,87.134,12.58,1790948529632.732,Normal,0.8617
vm2,92726,20261002-134031_clu_vm14-vm24_twonode_r1,5999,perf_20261002-134031_clu_vm14-vm24_twonode_r1,1,726,1790948435890,0,1790948529633.011,224.624,4.527,1790948529862.385,Normal,0.9506
vm2,92726,20261002-134031_clu_vm14-vm24_twonode_r1,6008,perf_20261002-134031_clu_vm14-vm24_twonode_r1,1,727,1790948435890,0,1790948529862.66,102.007,9.549,1790948529974.466,Normal,0.8235
vm2,92726,20261002-134031_clu_vm14-vm24_twonode_r1,6009,perf_20261002-134031_clu_vm14-vm24_twonode_r1,1,728,1790948435890,0,1790948529974.753,110.69,4.364,1790948530090.008,Normal,0.981
vm2,92726,20261002-134031_clu_vm14-vm24_twonode_r1,6016,perf_20261002-134031_clu_vm14-vm24_twonode_r1,1,729,1790948435891,0,1790948530090.306,110.377,5.538,1790948530206.445,Normal,0.5107
vm2,92726,20261002-134031_clu_vm14-vm24_twonode_r1,6022,perf_20261002-134031_clu_vm14-vm24_twonode_r1,1,730,1790948435892,0,1790948530206.711,107.458,4.982,1790948530319.382,Normal,0.9513
vm2,92726,20261002-134031_clu_vm14-vm24_twonode_r1,6030,perf_20261002-134031_clu_vm14-vm24_twonode_r1,1,731,1790948435892,0,1790948530319.699,104.615,5.448,1790948530429.991,Normal,0.8047
vm2,92726,20261002-134031_clu_vm14-vm24_twonode_r1,6033,perf_20261002-134031_clu_vm14-vm24_twonode_r1,1,732,1790948435893,0,1790948530430.299,72.6,5.55,1790948530508.659,OFFENSIVE,0.5809
vm2,92726,20261002-134031_clu_vm14-vm24_twonode_r1,6039,perf_20261002-134031_clu_vm14-vm24_twonode_r1,1,733,1790948435893,0,1790948530508.908,87.228,3.978,1790948530600.311,Normal,0.9828
vm2,92726,20261002-134031_clu_vm14-vm24_twonode_r1,6051,perf_20261002-134031_clu_vm14-vm24_twonode_r1,1,734,1790948435894,0,1790948530600.552,137.828,4.888,1790948530743.472,Normal,0.9584
vm2,92726,20261002-134031_clu_vm14-vm24_twonode_r1,6053,perf_20261002-134031_clu_vm14-vm24_twonode_r1,1,735,1790948435894,0,1790948530743.714,69.212,5.394,1790948530818.521,Normal,0.9657
vm2,92726,20261002-134031_clu_vm14-vm24_twonode_r1,6058,perf_20261002-134031_clu_vm14-vm24_twonode_r1,1,736,1790948435895,0,1790948530818.764,72.186,5.158,1790948530896.286,Normal,0.9668
vm2,92726,20261002-134031_clu_vm14-vm24_twonode_r1,6077,perf_20261002-134031_clu_vm14-vm24_twonode_r1,1,737,1790948435896,0,1790948530896.525,66.374,3.729,1790948530966.815,Normal,0.9526
vm2,92726,20261002-134031_clu_vm14-vm24_twonode_r1,6093,perf_20261002-134031_clu_vm14-vm24_twonode_r1,1,738,1790948435903,0,1790948530967.03,64.353,4.863,1790948531036.427,Normal,0.9173
vm2,92726,20261002-134031_clu_vm14-vm24_twonode_r1,6114,perf_20261002-134031_clu_vm14-vm24_twonode_r1,1,739,1790948435904,0,1790948531036.698,103.451,5.543,1790948531145.907,Normal,0.7626
vm2,92726,20261002-134031_clu_vm14-vm24_twonode_r1,6136,perf_20261002-134031_clu_vm14-vm24_twonode_r1,1,740,1790948435906,0,1790948531146.14,69.283,5.352,1790948531220.962,Normal,0.7787
vm2,92726,20261002-134031_clu_vm14-vm24_twonode_r1,6142,perf_20261002-134031_clu_vm14-vm24_twonode_r1,1,741,1790948435907,0,1790948531221.262,102.254,5.172,1790948531328.876,Normal,0.9589
vm2,92726,20261002-134031_clu_vm14-vm24_twonode_r1,6147,perf_20261002-134031_clu_vm14-vm24_twonode_r1,1,742,1790948435907,0,1790948531329.097,72.019,5.368,1790948531406.765,Normal,0.9303
vm2,92726,20261002-134031_clu_vm14-vm24_twonode_r1,6154,perf_20261002-134031_clu_vm14-vm24_twonode_r1,1,743,1790948435913,0,1790948531407.053,74.317,5.209,1790948531486.796,Normal,0.9643
vm2,92726,20261002-134031_clu_vm14-vm24_twonode_r1,6160,perf_20261002-134031_clu_vm14-vm24_twonode_r1,1,744,1790948435913,0,1790948531487.095,92.482,6.083,1790948531585.844,Normal,0.9446
vm2,92726,20261002-134031_clu_vm14-vm24_twonode_r1,6190,perf_20261002-134031_clu_vm14-vm24_twonode_r1,1,745,1790948435916,0,1790948531586.085,90.184,7.735,1790948531684.203,Normal,0.9715
vm2,92726,20261002-134031_clu_vm14-vm24_twonode_r1,6203,perf_20261002-134031_clu_vm14-vm24_twonode_r1,1,746,1790948435917,0,1790948531684.421,83.326,8.213,1790948531776.18,Normal,0.924
vm2,92726,20261002-134031_clu_vm14-vm24_twonode_r1,6210,perf_20261002-134031_clu_vm14-vm24_twonode_r1,1,747,1790948435922,0,1790948531776.487,72.888,5.436,1790948531854.987,Normal,0.9352
vm2,92726,20261002-134031_clu_vm14-vm24_twonode_r1,6221,perf_20261002-134031_clu_vm14-vm24_twonode_r1,1,748,1790948435923,0,1790948531855.219,106.347,5.353,1790948531967.184,Normal,0.5519
vm2,92726,20261002-134031_clu_vm14-vm24_twonode_r1,6224,perf_20261002-134031_clu_vm14-vm24_twonode_r1,1,749,1790948435923,0,1790948531967.458,65.316,4.725,1790948532037.711,Normal,0.9382
vm2,92726,20261002-134031_clu_vm14-vm24_twonode_r1,6227,perf_20261002-134031_clu_vm14-vm24_twonode_r1,1,750,1790948435924,0,1790948532037.934,90.713,4.975,1790948532133.813,Normal,0.9487
vm2,92726,20261002-134031_clu_vm14-vm24_twonode_r1,6234,perf_20261002-134031_clu_vm14-vm24_twonode_r1,1,751,1790948435924,0,1790948532134.032,75.404,7.003,1790948532216.628,Normal,0.9119
vm2,92726,20261002-134031_clu_vm14-vm24_twonode_r1,6244,perf_20261002-134031_clu_vm14-vm24_twonode_r1,1,752,1790948435925,0,1790948532216.845,68.026,5.269,1790948532290.329,Normal,0.9536
vm2,92726,20261002-134031_clu_vm14-vm24_twonode_r1,6248,perf_20261002-134031_clu_vm14-vm24_twonode_r1,1,753,1790948435925,0,1790948532290.594,72.642,4.472,1790948532367.913,Normal,0.9187
vm2,92726,20261002-134031_clu_vm14-vm24_twonode_r1,6259,perf_20261002-134031_clu_vm14-vm24_twonode_r1,1,754,1790948435926,0,1790948532368.164,91.356,9.172,1790948532468.884,Normal,0.927
vm2,92726,20261002-134031_clu_vm14-vm24_twonode_r1,6277,perf_20261002-134031_clu_vm14-vm24_twonode_r1,1,755,1790948435967,0,1790948532469.114,79.121,19.903,1790948532568.332,Normal,0.8292
vm2,92726,20261002-134031_clu_vm14-vm24_twonode_r1,6290,perf_20261002-134031_clu_vm14-vm24_twonode_r1,1,756,1790948435978,0,1790948532568.709,77.432,15.03,1790948532661.364,Normal,0.9401
vm2,92726,20261002-134031_clu_vm14-vm24_twonode_r1,6301,perf_20261002-134031_clu_vm14-vm24_twonode_r1,1,757,1790948435980,0,1790948532661.636,72.883,4.357,1790948532739.807,Normal,0.9666
vm2,92726,20261002-134031_clu_vm14-vm24_twonode_r1,6309,perf_20261002-134031_clu_vm14-vm24_twonode_r1,1,758,1790948435982,0,1790948532740.039,65.317,4.444,1790948532809.998,Normal,0.8893
vm2,92726,20261002-134031_clu_vm14-vm24_twonode_r1,6320,perf_20261002-134031_clu_vm14-vm24_twonode_r1,1,759,1790948436009,0,1790948532810.243,70.014,5.096,1790948532885.538,Normal,0.9375
vm2,92726,20261002-134031_clu_vm14-vm24_twonode_r1,6348,perf_20261002-134031_clu_vm14-vm24_twonode_r1,1,760,1790948436027,0,1790948532885.769,67.339,4.083,1790948532957.468,Normal,0.8432
vm2,92726,20261002-134031_clu_vm14-vm24_twonode_r1,6355,perf_20261002-134031_clu_vm14-vm24_twonode_r1,1,761,1790948436030,0,1790948532957.703,77.466,8.06,1790948533043.402,Normal,0.9485
vm2,92726,20261002-134031_clu_vm14-vm24_twonode_r1,6356,perf_20261002-134031_clu_vm14-vm24_twonode_r1,1,762,1790948436030,0,1790948533043.632,73.448,4.77,1790948533122.114,Normal,0.8135
vm2,92726,20261002-134031_clu_vm14-vm24_twonode_r1,6369,perf_20261002-134031_clu_vm14-vm24_twonode_r1,1,763,1790948436033,0,1790948533122.358,64.288,4.781,1790948533191.612,Normal,0.9572
vm2,92726,20261002-134031_clu_vm14-vm24_twonode_r1,6389,perf_20261002-134031_clu_vm14-vm24_twonode_r1,1,764,1790948436037,0,1790948533191.857,72.918,5.808,1790948533270.775,Normal,0.9219
vm2,92726,20261002-134031_clu_vm14-vm24_twonode_r1,6394,perf_20261002-134031_clu_vm14-vm24_twonode_r1,1,765,1790948436038,0,1790948533271.023,74.097,4.245,1790948533349.633,Normal,0.9559
vm2,92726,20261002-134031_clu_vm14-vm24_twonode_r1,6409,perf_20261002-134031_clu_vm14-vm24_twonode_r1,1,766,1790948436039,0,1790948533349.855,71.309,4.789,1790948533426.236,Normal,0.9603
vm2,92726,20261002-134031_clu_vm14-vm24_twonode_r1,6420,perf_20261002-134031_clu_vm14-vm24_twonode_r1,1,767,1790948436040,0,1790948533426.477,80.368,5.254,1790948533512.279,Normal,0.9578
vm2,92726,20261002-134031_clu_vm14-vm24_twonode_r1,6428,perf_20261002-134031_clu_vm14-vm24_twonode_r1,1,768,1790948436041,0,1790948533512.497,75.737,6.12,1790948533594.536,OFFENSIVE,0.6035
vm2,92726,20261002-134031_clu_vm14-vm24_twonode_r1,6430,perf_20261002-134031_clu_vm14-vm24_twonode_r1,1,769,1790948436041,0,1790948533594.799,78.308,6.357,1790948533679.734,Normal,0.9682
vm2,92726,20261002-134031_clu_vm14-vm24_twonode_r1,6448,perf_20261002-134031_clu_vm14-vm24_twonode_r1,1,770,1790948436043,0,1790948533679.968,65.556,3.526,1790948533749.251,Normal,0.9076
vm2,92726,20261002-134031_clu_vm14-vm24_twonode_r1,6450,perf_20261002-134031_clu_vm14-vm24_twonode_r1,1,771,1790948436043,0,1790948533749.523,80.413,6.372,1790948533836.496,Normal,0.9595
vm2,92726,20261002-134031_clu_vm14-vm24_twonode_r1,6451,perf_20261002-134031_clu_vm14-vm24_twonode_r1,1,772,1790948436043,0,1790948533836.731,70.967,3.812,1790948533911.687,Normal,0.9475
vm2,92726,20261002-134031_clu_vm14-vm24_twonode_r1,6454,perf_20261002-134031_clu_vm14-vm24_twonode_r1,1,773,1790948436043,0,1790948533911.922,67.282,5.576,1790948533984.968,Normal,0.9072
vm2,92726,20261002-134031_clu_vm14-vm24_twonode_r1,6464,perf_20261002-134031_clu_vm14-vm24_twonode_r1,1,774,1790948436044,0,1790948533985.195,63.846,7.603,1790948534056.887,Normal,0.912
vm2,92726,20261002-134031_clu_vm14-vm24_twonode_r1,6482,perf_20261002-134031_clu_vm14-vm24_twonode_r1,1,775,1790948436046,0,1790948534057.095,67.017,4.697,1790948534128.995,Normal,0.8277
vm2,92726,20261002-134031_clu_vm14-vm24_twonode_r1,6500,perf_20261002-134031_clu_vm14-vm24_twonode_r1,1,776,1790948436047,0,1790948534129.288,65.502,3.987,1790948534198.96,Normal,0.9352
vm2,92726,20261002-134031_clu_vm14-vm24_twonode_r1,6503,perf_20261002-134031_clu_vm14-vm24_twonode_r1,1,777,1790948436054,0,1790948534199.191,111.137,9.842,1790948534320.354,Normal,0.9679
vm2,92726,20261002-134031_clu_vm14-vm24_twonode_r1,6513,perf_20261002-134031_clu_vm14-vm24_twonode_r1,1,778,1790948436054,0,1790948534320.601,81.225,4.208,1790948534406.219,Normal,0.9233
vm2,92726,20261002-134031_clu_vm14-vm24_twonode_r1,6514,perf_20261002-134031_clu_vm14-vm24_twonode_r1,1,779,1790948436055,0,1790948534406.461,71.8,5.072,1790948534483.564,Normal,0.9375
vm2,92726,20261002-134031_clu_vm14-vm24_twonode_r1,6528,perf_20261002-134031_clu_vm14-vm24_twonode_r1,1,780,1790948436056,0,1790948534483.817,71.424,5.225,1790948534560.659,Normal,0.8386
vm2,92726,20261002-134031_clu_vm14-vm24_twonode_r1,6534,perf_20261002-134031_clu_vm14-vm24_twonode_r1,1,781,1790948436056,0,1790948534560.889,55.751,4.293,1790948534621.116,Normal,0.9422
vm2,92726,20261002-134031_clu_vm14-vm24_twonode_r1,6540,perf_20261002-134031_clu_vm14-vm24_twonode_r1,1,782,1790948436057,0,1790948534621.381,72.924,5.462,1790948534700.024,Normal,0.9131
vm2,92726,20261002-134031_clu_vm14-vm24_twonode_r1,6546,perf_20261002-134031_clu_vm14-vm24_twonode_r1,1,783,1790948436057,0,1790948534700.277,73.561,5.096,1790948534779.125,Normal,0.9375
vm2,92726,20261002-134031_clu_vm14-vm24_twonode_r1,6552,perf_20261002-134031_clu_vm14-vm24_twonode_r1,1,784,1790948436061,0,1790948534779.379,181.35,4.807,1790948534965.723,Normal,0.9766
vm2,92726,20261002-134031_clu_vm14-vm24_twonode_r1,6553,perf_20261002-134031_clu_vm14-vm24_twonode_r1,1,785,1790948436061,0,1790948534965.944,68.859,4.836,1790948535039.858,Normal,0.9519
vm2,92726,20261002-134031_clu_vm14-vm24_twonode_r1,6558,perf_20261002-134031_clu_vm14-vm24_twonode_r1,1,786,1790948436062,0,1790948535040.177,72.2,5.19,1790948535117.76,Normal,0.7704
vm2,92726,20261002-134031_clu_vm14-vm24_twonode_r1,6561,perf_20261002-134031_clu_vm14-vm24_twonode_r1,1,787,1790948436063,0,1790948535117.986,59.313,4.413,1790948535181.906,Normal,0.5238
vm2,92726,20261002-134031_clu_vm14-vm24_twonode_r1,6572,perf_20261002-134031_clu_vm14-vm24_twonode_r1,1,788,1790948436065,0,1790948535182.173,66.463,4.963,1790948535253.81,Normal,0.9593
vm2,92726,20261002-134031_clu_vm14-vm24_twonode_r1,6581,perf_20261002-134031_clu_vm14-vm24_twonode_r1,1,789,1790948436067,0,1790948535254.075,73.706,5.622,1790948535333.59,Normal,0.9515
vm2,92726,20261002-134031_clu_vm14-vm24_twonode_r1,6598,perf_20261002-134031_clu_vm14-vm24_twonode_r1,1,790,1790948436070,0,1790948535333.843,69.245,5.536,1790948535408.807,Normal,0.9648
vm2,92726,20261002-134031_clu_vm14-vm24_twonode_r1,6601,perf_20261002-134031_clu_vm14-vm24_twonode_r1,1,791,1790948436070,0,1790948535409.093,206.226,4.412,1790948535619.932,Normal,0.9504
vm2,92726,20261002-134031_clu_vm14-vm24_twonode_r1,6616,perf_20261002-134031_clu_vm14-vm24_twonode_r1,1,792,1790948436074,0,1790948535620.177,69.701,4.857,1790948535694.917,Normal,0.9701
vm2,92726,20261002-134031_clu_vm14-vm24_twonode_r1,6619,perf_20261002-134031_clu_vm14-vm24_twonode_r1,1,793,1790948436074,0,1790948535695.133,87.046,5.583,1790948535787.955,HATE,0.5695
vm2,92726,20261002-134031_clu_vm14-vm24_twonode_r1,6621,perf_20261002-134031_clu_vm14-vm24_twonode_r1,1,794,1790948436074,0,1790948535788.187,64.261,4.94,1790948535857.572,Normal,0.9473
vm2,92726,20261002-134031_clu_vm14-vm24_twonode_r1,6624,perf_20261002-134031_clu_vm14-vm24_twonode_r1,1,795,1790948436075,0,1790948535857.859,70.753,5.368,1790948535934.162,Normal,0.9072
vm2,92726,20261002-134031_clu_vm14-vm24_twonode_r1,6628,perf_20261002-134031_clu_vm14-vm24_twonode_r1,1,796,1790948436076,0,1790948535934.381,59.682,20.638,1790948536014.897,Normal,0.9222
vm2,92726,20261002-134031_clu_vm14-vm24_twonode_r1,6629,perf_20261002-134031_clu_vm14-vm24_twonode_r1,1,797,1790948436076,0,1790948536015.158,67.66,5.039,1790948536088.036,Normal,0.9728
vm2,92726,20261002-134031_clu_vm14-vm24_twonode_r1,6643,perf_20261002-134031_clu_vm14-vm24_twonode_r1,1,798,1790948436079,0,1790948536088.292,78.928,5.233,1790948536172.644,Normal,0.9648
vm2,92726,20261002-134031_clu_vm14-vm24_twonode_r1,6646,perf_20261002-134031_clu_vm14-vm24_twonode_r1,1,799,1790948436080,0,1790948536172.864,69.299,4.873,1790948536247.247,Normal,0.9664
vm2,92726,20261002-134031_clu_vm14-vm24_twonode_r1,6658,perf_20261002-134031_clu_vm14-vm24_twonode_r1,1,800,1790948436082,0,1790948536247.456,70.417,5.616,1790948536323.674,Normal,0.9691
vm2,92726,20261002-134031_clu_vm14-vm24_twonode_r1,6672,perf_20261002-134031_clu_vm14-vm24_twonode_r1,1,801,1790948436084,0,1790948536323.916,63.666,5.854,1790948536393.643,Normal,0.9441
vm2,92726,20261002-134031_clu_vm14-vm24_twonode_r1,6692,perf_20261002-134031_clu_vm14-vm24_twonode_r1,1,802,1790948436085,0,1790948536393.895,72.187,5.282,1790948536471.545,Normal,0.7144
vm2,92726,20261002-134031_clu_vm14-vm24_twonode_r1,6701,perf_20261002-134031_clu_vm14-vm24_twonode_r1,1,803,1790948436086,0,1790948536471.766,88.179,4.752,1790948536564.895,Normal,0.9451
vm2,92726,20261002-134031_clu_vm14-vm24_twonode_r1,6703,perf_20261002-134031_clu_vm14-vm24_twonode_r1,1,804,1790948436086,0,1790948536565.189,68.319,5.606,1790948536639.298,Normal,0.9372
vm2,92726,20261002-134031_clu_vm14-vm24_twonode_r1,6717,perf_20261002-134031_clu_vm14-vm24_twonode_r1,1,805,1790948436087,0,1790948536639.552,81.706,4.763,1790948536726.203,Normal,0.965
vm2,92726,20261002-134031_clu_vm14-vm24_twonode_r1,6745,perf_20261002-134031_clu_vm14-vm24_twonode_r1,1,806,1790948436091,0,1790948536726.49,65.822,5.609,1790948536798.097,Normal,0.9722
vm2,92726,20261002-134031_clu_vm14-vm24_twonode_r1,6746,perf_20261002-134031_clu_vm14-vm24_twonode_r1,1,807,1790948436091,0,1790948536798.317,70.216,5.335,1790948536874.054,Normal,0.9535
vm2,92726,20261002-134031_clu_vm14-vm24_twonode_r1,6758,perf_20261002-134031_clu_vm14-vm24_twonode_r1,1,808,1790948436092,0,1790948536874.281,133.341,4.425,1790948537012.245,Normal,0.9734
vm2,92726,20261002-134031_clu_vm14-vm24_twonode_r1,6767,perf_20261002-134031_clu_vm14-vm24_twonode_r1,1,809,1790948436093,0,1790948537012.498,64.6,5.342,1790948537082.709,Normal,0.9643
vm2,92726,20261002-134031_clu_vm14-vm24_twonode_r1,6772,perf_20261002-134031_clu_vm14-vm24_twonode_r1,1,810,1790948436094,0,1790948537082.952,100.003,5.423,1790948537188.578,Normal,0.791
vm2,92726,20261002-134031_clu_vm14-vm24_twonode_r1,6809,perf_20261002-134031_clu_vm14-vm24_twonode_r1,1,811,1790948436151,0,1790948537188.873,61.394,5.034,1790948537255.482,Normal,0.7491
vm2,92726,20261002-134031_clu_vm14-vm24_twonode_r1,6810,perf_20261002-134031_clu_vm14-vm24_twonode_r1,1,812,1790948436152,0,1790948537255.7,71.809,3.802,1790948537331.499,Normal,0.9677
vm2,92726,20261002-134031_clu_vm14-vm24_twonode_r1,6812,perf_20261002-134031_clu_vm14-vm24_twonode_r1,1,813,1790948436152,0,1790948537331.73,82.465,5.826,1790948537420.219,Normal,0.9661
vm2,92726,20261002-134031_clu_vm14-vm24_twonode_r1,6820,perf_20261002-134031_clu_vm14-vm24_twonode_r1,1,814,1790948436153,0,1790948537420.499,68.58,4.61,1790948537493.958,Normal,0.9683
vm2,92726,20261002-134031_clu_vm14-vm24_twonode_r1,6823,perf_20261002-134031_clu_vm14-vm24_twonode_r1,1,815,1790948436154,0,1790948537494.177,76.9,5.756,1790948537577.045,Normal,0.9699
vm2,92726,20261002-134031_clu_vm14-vm24_twonode_r1,6826,perf_20261002-134031_clu_vm14-vm24_twonode_r1,1,816,1790948436155,0,1790948537577.312,66.298,9.017,1790948537652.799,Normal,0.9527
vm2,92726,20261002-134031_clu_vm14-vm24_twonode_r1,6833,perf_20261002-134031_clu_vm14-vm24_twonode_r1,1,817,1790948436156,0,1790948537653.089,73.336,13.554,1790948537740.161,Normal,0.9579
vm2,92726,20261002-134031_clu_vm14-vm24_twonode_r1,6835,perf_20261002-134031_clu_vm14-vm24_twonode_r1,1,818,1790948436156,0,1790948537741.097,79.952,4.838,1790948537826.229,Normal,0.9375
vm2,92726,20261002-134031_clu_vm14-vm24_twonode_r1,6843,perf_20261002-134031_clu_vm14-vm24_twonode_r1,1,819,1790948436158,0,1790948537826.496,61.969,5.301,1790948537893.955,Normal,0.9514
vm2,92726,20261002-134031_clu_vm14-vm24_twonode_r1,6846,perf_20261002-134031_clu_vm14-vm24_twonode_r1,1,820,1790948436158,0,1790948537894.214,71.704,5.522,1790948537971.642,Normal,0.9468
vm2,92726,20261002-134031_clu_vm14-vm24_twonode_r1,6852,perf_20261002-134031_clu_vm14-vm24_twonode_r1,1,821,1790948436159,0,1790948537971.866,75.66,3.953,1790948538051.654,Normal,0.9336
vm2,92726,20261002-134031_clu_vm14-vm24_twonode_r1,6854,perf_20261002-134031_clu_vm14-vm24_twonode_r1,1,822,1790948436160,0,1790948538051.873,100.466,3.51,1790948538156.022,Normal,0.9644
vm2,92726,20261002-134031_clu_vm14-vm24_twonode_r1,6856,perf_20261002-134031_clu_vm14-vm24_twonode_r1,1,823,1790948436160,0,1790948538156.235,93.668,8.657,1790948538258.74,Normal,0.8324
vm2,92726,20261002-134031_clu_vm14-vm24_twonode_r1,6858,perf_20261002-134031_clu_vm14-vm24_twonode_r1,1,824,1790948436161,0,1790948538258.986,65.888,5.192,1790948538330.242,Normal,0.9632
vm2,92726,20261002-134031_clu_vm14-vm24_twonode_r1,6862,perf_20261002-134031_clu_vm14-vm24_twonode_r1,1,825,1790948436161,0,1790948538330.496,59.947,14.293,1790948538404.916,Normal,0.9623
vm2,92726,20261002-134031_clu_vm14-vm24_twonode_r1,6864,perf_20261002-134031_clu_vm14-vm24_twonode_r1,1,826,1790948436163,0,1790948538405.163,66.317,23.476,1790948538495.135,Normal,0.9058
vm2,92726,20261002-134031_clu_vm14-vm24_twonode_r1,6876,perf_20261002-134031_clu_vm14-vm24_twonode_r1,1,827,1790948436165,0,1790948538495.418,172.872,5.084,1790948538673.602,Normal,0.9642
vm2,92726,20261002-134031_clu_vm14-vm24_twonode_r1,6909,perf_20261002-134031_clu_vm14-vm24_twonode_r1,1,828,1790948436171,0,1790948538673.854,105.933,4.524,1790948538784.498,Normal,0.8342
vm2,92726,20261002-134031_clu_vm14-vm24_twonode_r1,6925,perf_20261002-134031_clu_vm14-vm24_twonode_r1,1,829,1790948436175,0,1790948538784.753,55.757,4.291,1790948538844.987,Normal,0.9561
vm2,92726,20261002-134031_clu_vm14-vm24_twonode_r1,6967,perf_20261002-134031_clu_vm14-vm24_twonode_r1,1,830,1790948436183,0,1790948538845.262,74.696,4.932,1790948538925.08,Normal,0.9565
vm2,92726,20261002-134031_clu_vm14-vm24_twonode_r1,6983,perf_20261002-134031_clu_vm14-vm24_twonode_r1,1,831,1790948436186,0,1790948538925.337,68.144,5.039,1790948538998.709,Normal,0.9126
vm2,92726,20261002-134031_clu_vm14-vm24_twonode_r1,6990,perf_20261002-134031_clu_vm14-vm24_twonode_r1,1,832,1790948436188,0,1790948538998.942,89.419,4.759,1790948539093.298,Normal,0.9589
vm2,92726,20261002-134031_clu_vm14-vm24_twonode_r1,6994,perf_20261002-134031_clu_vm14-vm24_twonode_r1,1,833,1790948436188,0,1790948539093.541,176.498,5.068,1790948539275.316,OFFENSIVE,0.9913
vm2,92726,20261002-134031_clu_vm14-vm24_twonode_r1,7015,perf_20261002-134031_clu_vm14-vm24_twonode_r1,1,834,1790948436193,0,1790948539275.751,78.42,4.962,1790948539359.314,Normal,0.9699
vm2,92726,20261002-134031_clu_vm14-vm24_twonode_r1,7020,perf_20261002-134031_clu_vm14-vm24_twonode_r1,1,835,1790948436194,0,1790948539359.544,64.807,5.374,1790948539429.915,Normal,0.9519
vm2,92726,20261002-134031_clu_vm14-vm24_twonode_r1,7028,perf_20261002-134031_clu_vm14-vm24_twonode_r1,1,836,1790948436196,0,1790948539430.143,197.335,5.017,1790948539632.693,Normal,0.9543
vm2,92726,20261002-134031_clu_vm14-vm24_twonode_r1,7060,perf_20261002-134031_clu_vm14-vm24_twonode_r1,1,837,1790948436202,0,1790948539632.963,84.776,5.116,1790948539723.038,Normal,0.9362
vm2,92726,20261002-134031_clu_vm14-vm24_twonode_r1,7077,perf_20261002-134031_clu_vm14-vm24_twonode_r1,1,838,1790948436205,0,1790948539723.299,71.97,5.12,1790948539800.563,Normal,0.972
vm2,92726,20261002-134031_clu_vm14-vm24_twonode_r1,7087,perf_20261002-134031_clu_vm14-vm24_twonode_r1,1,839,1790948436206,0,1790948539800.823,69.696,4.832,1790948539875.543,Normal,0.9627
vm2,92726,20261002-134031_clu_vm14-vm24_twonode_r1,7098,perf_20261002-134031_clu_vm14-vm24_twonode_r1,1,840,1790948436209,0,1790948539875.788,89.57,4.14,1790948539969.702,Normal,0.8964
vm2,92726,20261002-134031_clu_vm14-vm24_twonode_r1,7100,perf_20261002-134031_clu_vm14-vm24_twonode_r1,1,841,1790948436209,0,1790948539969.918,72.098,4.979,1790948540047.166,Normal,0.9725
vm2,92726,20261002-134031_clu_vm14-vm24_twonode_r1,7103,perf_20261002-134031_clu_vm14-vm24_twonode_r1,1,842,1790948436209,0,1790948540047.388,113.641,8.028,1790948540169.35,Normal,0.4215
vm2,92726,20261002-134031_clu_vm14-vm24_twonode_r1,7104,perf_20261002-134031_clu_vm14-vm24_twonode_r1,1,843,1790948436209,0,1790948540169.577,68.892,9.74,1790948540248.393,Normal,0.9473
vm2,92726,20261002-134031_clu_vm14-vm24_twonode_r1,7107,perf_20261002-134031_clu_vm14-vm24_twonode_r1,1,844,1790948436210,0,1790948540248.683,221.043,13.073,1790948540482.996,Normal,0.9537
vm2,92726,20261002-134031_clu_vm14-vm24_twonode_r1,7108,perf_20261002-134031_clu_vm14-vm24_twonode_r1,1,845,1790948436210,0,1790948540483.279,68.335,4.755,1790948540556.55,Normal,0.9309
vm2,92726,20261002-134031_clu_vm14-vm24_twonode_r1,7126,perf_20261002-134031_clu_vm14-vm24_twonode_r1,1,846,1790948436211,0,1790948540556.775,73.297,4.517,1790948540634.798,Normal,0.9724
vm2,92726,20261002-134031_clu_vm14-vm24_twonode_r1,7133,perf_20261002-134031_clu_vm14-vm24_twonode_r1,1,847,1790948436212,0,1790948540635.026,61.133,5.791,1790948540702.13,Normal,0.9119
vm2,92726,20261002-134031_clu_vm14-vm24_twonode_r1,7143,perf_20261002-134031_clu_vm14-vm24_twonode_r1,1,848,1790948436213,0,1790948540702.346,66.439,3.742,1790948540772.712,Normal,0.9604
vm2,92726,20261002-134031_clu_vm14-vm24_twonode_r1,7147,perf_20261002-134031_clu_vm14-vm24_twonode_r1,1,849,1790948436213,0,1790948540772.948,64.723,4.708,1790948540842.556,Normal,0.8999
vm2,92726,20261002-134031_clu_vm14-vm24_twonode_r1,7159,perf_20261002-134031_clu_vm14-vm24_twonode_r1,1,850,1790948436219,0,1790948540842.848,67.176,5.605,1790948540915.807,Normal,0.9588
vm2,92726,20261002-134031_clu_vm14-vm24_twonode_r1,7173,perf_20261002-134031_clu_vm14-vm24_twonode_r1,1,851,1790948436220,0,1790948540916.023,60.937,8.287,1790948540985.425,Normal,0.7829
vm2,92726,20261002-134031_clu_vm14-vm24_twonode_r1,7175,perf_20261002-134031_clu_vm14-vm24_twonode_r1,1,852,1790948436220,0,1790948540985.65,91.927,5.987,1790948541083.831,Normal,0.4828
vm2,92726,20261002-134031_clu_vm14-vm24_twonode_r1,7187,perf_20261002-134031_clu_vm14-vm24_twonode_r1,1,853,1790948436221,0,1790948541084.083,88.688,4.829,1790948541177.805,Normal,0.9716
vm2,92726,20261002-134031_clu_vm14-vm24_twonode_r1,7198,perf_20261002-134031_clu_vm14-vm24_twonode_r1,1,854,1790948436222,0,1790948541178.125,63.073,4.513,1790948541246.018,Normal,0.9457
vm2,92726,20261002-134031_clu_vm14-vm24_twonode_r1,7200,perf_20261002-134031_clu_vm14-vm24_twonode_r1,1,855,1790948436223,0,1790948541246.212,75.22,10.506,1790948541332.118,Normal,0.9279
vm2,92726,20261002-134031_clu_vm14-vm24_twonode_r1,7202,perf_20261002-134031_clu_vm14-vm24_twonode_r1,1,856,1790948436223,0,1790948541332.352,73.592,25.557,1790948541431.686,Normal,0.9567
vm2,92726,20261002-134031_clu_vm14-vm24_twonode_r1,7204,perf_20261002-134031_clu_vm14-vm24_twonode_r1,1,857,1790948436223,0,1790948541432.051,98.57,14.634,1790948541545.442,Normal,0.961
vm2,92726,20261002-134031_clu_vm14-vm24_twonode_r1,7209,perf_20261002-134031_clu_vm14-vm24_twonode_r1,1,858,1790948436223,0,1790948541545.666,74.505,7.545,1790948541627.89,Normal,0.9491
vm2,92726,20261002-134031_clu_vm14-vm24_twonode_r1,7218,perf_20261002-134031_clu_vm14-vm24_twonode_r1,1,859,1790948436242,0,1790948541628.108,66.277,5.468,1790948541700.023,Normal,0.9715
vm2,92726,20261002-134031_clu_vm14-vm24_twonode_r1,7230,perf_20261002-134031_clu_vm14-vm24_twonode_r1,1,860,1790948436274,0,1790948541700.249,65.56,4.42,1790948541770.409,Normal,0.9375
vm2,92726,20261002-134031_clu_vm14-vm24_twonode_r1,7245,perf_20261002-134031_clu_vm14-vm24_twonode_r1,1,861,1790948436278,0,1790948541770.633,89.858,4.451,1790948541865.123,Normal,0.9738
vm2,92726,20261002-134031_clu_vm14-vm24_twonode_r1,7246,perf_20261002-134031_clu_vm14-vm24_twonode_r1,1,862,1790948436279,0,1790948541865.366,85.989,4.291,1790948541955.835,Normal,0.9354
vm2,92726,20261002-134031_clu_vm14-vm24_twonode_r1,7248,perf_20261002-134031_clu_vm14-vm24_twonode_r1,1,863,1790948436279,0,1790948541956.06,58.609,4.846,1790948542019.688,Normal,0.8345
vm2,92726,20261002-134031_clu_vm14-vm24_twonode_r1,7252,perf_20261002-134031_clu_vm14-vm24_twonode_r1,1,864,1790948436280,0,1790948542019.929,75.662,5.403,1790948542101.175,Normal,0.9444
vm2,92726,20261002-134031_clu_vm14-vm24_twonode_r1,7257,perf_20261002-134031_clu_vm14-vm24_twonode_r1,1,865,1790948436281,0,1790948542101.473,65.607,11.811,1790948542179.079,Normal,0.9386
vm2,92726,20261002-134031_clu_vm14-vm24_twonode_r1,7262,perf_20261002-134031_clu_vm14-vm24_twonode_r1,1,866,1790948436282,0,1790948542179.341,72.396,6.848,1790948542258.758,Normal,0.8922
vm2,92726,20261002-134031_clu_vm14-vm24_twonode_r1,7280,perf_20261002-134031_clu_vm14-vm24_twonode_r1,1,867,1790948436285,0,1790948542258.992,73.907,5.024,1790948542338.104,Normal,0.9102
vm2,92726,20261002-134031_clu_vm14-vm24_twonode_r1,7286,perf_20261002-134031_clu_vm14-vm24_twonode_r1,1,868,1790948436287,0,1790948542338.363,66.317,3.396,1790948542408.25,Normal,0.962
vm2,92726,20261002-134031_clu_vm14-vm24_twonode_r1,7289,perf_20261002-134031_clu_vm14-vm24_twonode_r1,1,869,1790948436287,0,1790948542408.461,69.962,4.096,1790948542482.71,Normal,0.9407
vm2,92726,20261002-134031_clu_vm14-vm24_twonode_r1,7298,perf_20261002-134031_clu_vm14-vm24_twonode_r1,1,870,1790948436289,0,1790948542482.929,69.17,4.973,1790948542557.249,Normal,0.9473
vm2,92726,20261002-134031_clu_vm14-vm24_twonode_r1,7314,perf_20261002-134031_clu_vm14-vm24_twonode_r1,1,871,1790948436292,0,1790948542557.53,60.622,6.593,1790948542624.921,Normal,0.9534
vm2,92726,20261002-134031_clu_vm14-vm24_twonode_r1,7319,perf_20261002-134031_clu_vm14-vm24_twonode_r1,1,872,1790948436293,0,1790948542625.171,106.695,8.245,1790948542740.341,Normal,0.9575
vm2,92726,20261002-134031_clu_vm14-vm24_twonode_r1,7321,perf_20261002-134031_clu_vm14-vm24_twonode_r1,1,873,1790948436293,0,1790948542741.353,63.578,8.511,1790948542813.615,Normal,0.9563
vm2,92726,20261002-134031_clu_vm14-vm24_twonode_r1,7331,perf_20261002-134031_clu_vm14-vm24_twonode_r1,1,874,1790948436295,0,1790948542813.842,63.627,8.781,1790948542886.432,Normal,0.9726
vm2,92726,20261002-134031_clu_vm14-vm24_twonode_r1,7341,perf_20261002-134031_clu_vm14-vm24_twonode_r1,1,875,1790948436297,0,1790948542886.663,66.072,22.397,1790948542975.317,Normal,0.9427
vm2,92726,20261002-134031_clu_vm14-vm24_twonode_r1,7343,perf_20261002-134031_clu_vm14-vm24_twonode_r1,1,876,1790948436298,0,1790948542975.552,88.057,4.568,1790948543068.35,Normal,0.9348
vm2,92726,20261002-134031_clu_vm14-vm24_twonode_r1,7358,perf_20261002-134031_clu_vm14-vm24_twonode_r1,1,877,1790948436301,0,1790948543068.592,78.309,4.645,1790948543151.743,Normal,0.8698
vm2,92726,20261002-134031_clu_vm14-vm24_twonode_r1,7366,perf_20261002-134031_clu_vm14-vm24_twonode_r1,1,878,1790948436302,0,1790948543151.977,67.613,4.565,1790948543224.34,Normal,0.9173
vm2,92726,20261002-134031_clu_vm14-vm24_twonode_r1,7370,perf_20261002-134031_clu_vm14-vm24_twonode_r1,1,879,1790948436303,0,1790948543224.555,145.885,4.714,1790948543375.34,Normal,0.9745
vm2,92726,20261002-134031_clu_vm14-vm24_twonode_r1,7377,perf_20261002-134031_clu_vm14-vm24_twonode_r1,1,880,1790948436304,0,1790948543375.583,63.36,4.272,1790948543443.399,Normal,0.9572
vm2,92726,20261002-134031_clu_vm14-vm24_twonode_r1,7383,perf_20261002-134031_clu_vm14-vm24_twonode_r1,1,881,1790948436304,0,1790948543443.631,67.576,4.901,1790948543516.301,Normal,0.9401
vm2,92726,20261002-134031_clu_vm14-vm24_twonode_r1,7398,perf_20261002-134031_clu_vm14-vm24_twonode_r1,1,882,1790948436306,0,1790948543516.531,68.875,3.924,1790948543589.514,Normal,0.9601
vm2,92726,20261002-134031_clu_vm14-vm24_twonode_r1,7402,perf_20261002-134031_clu_vm14-vm24_twonode_r1,1,883,1790948436306,0,1790948543589.744,73.764,5.451,1790948543669.176,Normal,0.8867
vm2,92726,20261002-134031_clu_vm14-vm24_twonode_r1,7403,perf_20261002-134031_clu_vm14-vm24_twonode_r1,1,884,1790948436306,0,1790948543669.502,84.201,5.042,1790948543758.964,Normal,0.8264
vm2,92726,20261002-134031_clu_vm14-vm24_twonode_r1,7413,perf_20261002-134031_clu_vm14-vm24_twonode_r1,1,885,1790948436307,0,1790948543759.223,110.871,4.678,1790948543874.964,HATE,0.6241
vm2,92726,20261002-134031_clu_vm14-vm24_twonode_r1,7418,perf_20261002-134031_clu_vm14-vm24_twonode_r1,1,886,1790948436307,0,1790948543875.205,87.966,4.012,1790948543967.391,Normal,0.7833
vm2,92726,20261002-134031_clu_vm14-vm24_twonode_r1,7428,perf_20261002-134031_clu_vm14-vm24_twonode_r1,1,887,1790948436308,0,1790948543967.617,101.761,3.081,1790948544072.644,Normal,0.9026
vm2,92726,20261002-134031_clu_vm14-vm24_twonode_r1,7436,perf_20261002-134031_clu_vm14-vm24_twonode_r1,1,888,1790948436309,0,1790948544072.876,79.066,5.641,1790948544157.777,Normal,0.9603
vm2,92726,20261002-134031_clu_vm14-vm24_twonode_r1,7445,perf_20261002-134031_clu_vm14-vm24_twonode_r1,1,889,1790948436309,0,1790948544158.025,71.7,5.187,1790948544235.099,Normal,0.9401
vm2,92726,20261002-134031_clu_vm14-vm24_twonode_r1,7451,perf_20261002-134031_clu_vm14-vm24_twonode_r1,1,890,1790948436310,0,1790948544235.341,76.949,5.48,1790948544317.96,Normal,0.9669
vm2,92726,20261002-134031_clu_vm14-vm24_twonode_r1,7452,perf_20261002-134031_clu_vm14-vm24_twonode_r1,1,891,1790948436310,0,1790948544318.191,75.636,5.378,1790948544399.38,Normal,0.7669
vm2,92726,20261002-134031_clu_vm14-vm24_twonode_r1,7463,perf_20261002-134031_clu_vm14-vm24_twonode_r1,1,892,1790948436313,0,1790948544399.597,122.114,8.326,1790948544530.229,Normal,0.9617
vm2,92726,20261002-134031_clu_vm14-vm24_twonode_r1,7466,perf_20261002-134031_clu_vm14-vm24_twonode_r1,1,893,1790948436314,0,1790948544530.45,74.261,4.772,1790948544609.664,Normal,0.9423
vm2,92726,20261002-134031_clu_vm14-vm24_twonode_r1,7473,perf_20261002-134031_clu_vm14-vm24_twonode_r1,1,894,1790948436315,0,1790948544609.933,167.433,4.484,1790948544782.087,Normal,0.9034
vm2,92726,20261002-134031_clu_vm14-vm24_twonode_r1,7474,perf_20261002-134031_clu_vm14-vm24_twonode_r1,1,895,1790948436315,0,1790948544782.373,78.152,4.259,1790948544864.97,Normal,0.9305
vm2,92726,20261002-134031_clu_vm14-vm24_twonode_r1,7482,perf_20261002-134031_clu_vm14-vm24_twonode_r1,1,896,1790948436317,0,1790948544865.186,78.269,4.388,1790948544948.031,Normal,0.9679
vm2,92726,20261002-134031_clu_vm14-vm24_twonode_r1,7487,perf_20261002-134031_clu_vm14-vm24_twonode_r1,1,897,1790948436319,0,1790948544948.323,65.672,5.188,1790948545019.353,Normal,0.9482
vm2,92726,20261002-134031_clu_vm14-vm24_twonode_r1,7489,perf_20261002-134031_clu_vm14-vm24_twonode_r1,1,898,1790948436319,0,1790948545019.57,65.62,3.967,1790948545089.487,Normal,0.9249
vm2,92726,20261002-134031_clu_vm14-vm24_twonode_r1,7491,perf_20261002-134031_clu_vm14-vm24_twonode_r1,1,899,1790948436320,0,1790948545089.764,62.379,5.049,1790948545157.368,Normal,0.9389
vm2,92726,20261002-134031_clu_vm14-vm24_twonode_r1,7500,perf_20261002-134031_clu_vm14-vm24_twonode_r1,1,900,1790948436322,0,1790948545157.607,62.772,4.906,1790948545225.48,Normal,0.9457
vm2,92726,20261002-134031_clu_vm14-vm24_twonode_r1,7527,perf_20261002-134031_clu_vm14-vm24_twonode_r1,1,901,1790948436327,0,1790948545225.713,78.797,5.185,1790948545309.889,Normal,0.9149
vm2,92726,20261002-134031_clu_vm14-vm24_twonode_r1,7531,perf_20261002-134031_clu_vm14-vm24_twonode_r1,1,902,1790948436328,0,1790948545310.133,67.565,4.61,1790948545382.535,Normal,0.9493
vm2,92726,20261002-134031_clu_vm14-vm24_twonode_r1,7551,perf_20261002-134031_clu_vm14-vm24_twonode_r1,1,903,1790948436332,0,1790948545382.788,73.714,4.964,1790948545461.651,Normal,0.9769
vm2,92726,20261002-134031_clu_vm14-vm24_twonode_r1,7554,perf_20261002-134031_clu_vm14-vm24_twonode_r1,1,904,1790948436332,0,1790948545461.871,63.742,14.335,1790948545540.13,Normal,0.9515
vm2,92726,20261002-134031_clu_vm14-vm24_twonode_r1,7559,perf_20261002-134031_clu_vm14-vm24_twonode_r1,1,905,1790948436333,0,1790948545540.356,68.451,4.965,1790948545613.956,Normal,0.9445
vm2,92726,20261002-134031_clu_vm14-vm24_twonode_r1,7575,perf_20261002-134031_clu_vm14-vm24_twonode_r1,1,906,1790948436336,0,1790948545614.184,60.791,5.274,1790948545680.418,Normal,0.9382
vm2,92726,20261002-134031_clu_vm14-vm24_twonode_r1,7582,perf_20261002-134031_clu_vm14-vm24_twonode_r1,1,907,1790948436337,0,1790948545680.668,100.623,4.875,1790948545786.356,Normal,0.9733
vm2,92726,20261002-134031_clu_vm14-vm24_twonode_r1,7595,perf_20261002-134031_clu_vm14-vm24_twonode_r1,1,908,1790948436340,0,1790948545786.615,69.219,4.35,1790948545860.362,Normal,0.9401
vm2,92726,20261002-134031_clu_vm14-vm24_twonode_r1,7601,perf_20261002-134031_clu_vm14-vm24_twonode_r1,1,909,1790948436341,0,1790948545860.592,67.618,4.572,1790948545932.956,Normal,0.9594
vm2,92726,20261002-134031_clu_vm14-vm24_twonode_r1,7610,perf_20261002-134031_clu_vm14-vm24_twonode_r1,1,910,1790948436343,0,1790948545933.192,68.62,4.648,1790948546006.639,Normal,0.9635
vm2,92726,20261002-134031_clu_vm14-vm24_twonode_r1,7612,perf_20261002-134031_clu_vm14-vm24_twonode_r1,1,911,1790948436343,0,1790948546006.905,76.867,18.66,1790948546102.629,Normal,0.9423
vm2,92726,20261002-134031_clu_vm14-vm24_twonode_r1,7626,perf_20261002-134031_clu_vm14-vm24_twonode_r1,1,912,1790948436345,0,1790948546102.975,108.006,3.956,1790948546215.153,Normal,0.9466
vm2,92726,20261002-134031_clu_vm14-vm24_twonode_r1,7634,perf_20261002-134031_clu_vm14-vm24_twonode_r1,1,913,1790948436346,0,1790948546215.438,91.464,4.213,1790948546311.3,Normal,0.9519
vm2,92726,20261002-134031_clu_vm14-vm24_twonode_r1,7638,perf_20261002-134031_clu_vm14-vm24_twonode_r1,1,914,1790948436346,0,1790948546311.574,126.935,4.325,1790948546443.029,Normal,0.9527
vm2,92726,20261002-134031_clu_vm14-vm24_twonode_r1,7639,perf_20261002-134031_clu_vm14-vm24_twonode_r1,1,915,1790948436346,0,1790948546443.342,134.529,13.63,1790948546591.722,Normal,0.9309
vm2,92726,20261002-134031_clu_vm14-vm24_twonode_r1,7642,perf_20261002-134031_clu_vm14-vm24_twonode_r1,1,916,1790948436347,0,1790948546592.042,97.081,11.374,1790948546700.811,Normal,0.9423
vm2,92726,20261002-134031_clu_vm14-vm24_twonode_r1,7653,perf_20261002-134031_clu_vm14-vm24_twonode_r1,1,917,1790948436348,0,1790948546701.092,89.316,4.455,1790948546795.097,Normal,0.905
vm2,92726,20261002-134031_clu_vm14-vm24_twonode_r1,7673,perf_20261002-134031_clu_vm14-vm24_twonode_r1,1,918,1790948436349,0,1790948546795.426,108.39,5.461,1790948546909.488,OFFENSIVE,0.959
vm2,92726,20261002-134031_clu_vm14-vm24_twonode_r1,7680,perf_20261002-134031_clu_vm14-vm24_twonode_r1,1,919,1790948436350,0,1790948546909.749,99.165,5.246,1790948547014.401,Normal,0.9457
vm2,92726,20261002-134031_clu_vm14-vm24_twonode_r1,7681,perf_20261002-134031_clu_vm14-vm24_twonode_r1,1,920,1790948436350,0,1790948547014.734,93.507,5.618,1790948547114.072,Normal,0.8477
vm2,92726,20261002-134031_clu_vm14-vm24_twonode_r1,7685,perf_20261002-134031_clu_vm14-vm24_twonode_r1,1,921,1790948436350,0,1790948547114.385,88.98,5.251,1790948547208.893,Normal,0.9657
vm2,92726,20261002-134031_clu_vm14-vm24_twonode_r1,7691,perf_20261002-134031_clu_vm14-vm24_twonode_r1,1,922,1790948436354,0,1790948547209.284,123.731,5.042,1790948547338.367,Normal,0.9496
vm2,92726,20261002-134031_clu_vm14-vm24_twonode_r1,7695,perf_20261002-134031_clu_vm14-vm24_twonode_r1,1,923,1790948436354,0,1790948547338.669,95.422,4.865,1790948547439.161,Normal,0.9626
vm2,92726,20261002-134031_clu_vm14-vm24_twonode_r1,7706,perf_20261002-134031_clu_vm14-vm24_twonode_r1,1,924,1790948436355,0,1790948547439.451,117.29,4.788,1790948547561.746,Normal,0.9355
vm2,92726,20261002-134031_clu_vm14-vm24_twonode_r1,7713,perf_20261002-134031_clu_vm14-vm24_twonode_r1,1,925,1790948436356,0,1790948547562.027,106.65,5.313,1790948547674.253,Normal,0.965
vm2,92726,20261002-134031_clu_vm14-vm24_twonode_r1,7720,perf_20261002-134031_clu_vm14-vm24_twonode_r1,1,926,1790948436356,0,1790948547674.615,142.303,6.557,1790948547823.758,Normal,0.951
vm2,92726,20261002-134031_clu_vm14-vm24_twonode_r1,7729,perf_20261002-134031_clu_vm14-vm24_twonode_r1,1,927,1790948436357,0,1790948547824.084,101.971,15.447,1790948547941.732,Normal,0.9402
vm2,92726,20261002-134031_clu_vm14-vm24_twonode_r1,7736,perf_20261002-134031_clu_vm14-vm24_twonode_r1,1,928,1790948436357,0,1790948547942.188,89.979,5.484,1790948548037.858,Normal,0.9152
vm2,92726,20261002-134031_clu_vm14-vm24_twonode_r1,7744,perf_20261002-134031_clu_vm14-vm24_twonode_r1,1,929,1790948436358,0,1790948548038.14,114.623,4.959,1790948548157.938,Normal,0.7648
vm2,92726,20261002-134031_clu_vm14-vm24_twonode_r1,7755,perf_20261002-134031_clu_vm14-vm24_twonode_r1,1,930,1790948436359,0,1790948548158.234,126.845,5.385,1790948548290.786,Normal,0.931
vm2,92726,20261002-134031_clu_vm14-vm24_twonode_r1,7762,perf_20261002-134031_clu_vm14-vm24_twonode_r1,1,931,1790948436360,0,1790948548291.122,99.009,4.748,1790948548395.073,Normal,0.9473
vm2,92726,20261002-134031_clu_vm14-vm24_twonode_r1,7767,perf_20261002-134031_clu_vm14-vm24_twonode_r1,1,932,1790948436360,0,1790948548395.356,127.033,5.636,1790948548528.279,Normal,0.9688
vm2,92726,20261002-134031_clu_vm14-vm24_twonode_r1,7785,perf_20261002-134031_clu_vm14-vm24_twonode_r1,1,933,1790948436362,0,1790948548528.838,145.414,5.299,1790948548679.802,Normal,0.9493
vm2,92726,20261002-134031_clu_vm14-vm24_twonode_r1,7800,perf_20261002-134031_clu_vm14-vm24_twonode_r1,1,934,1790948436363,0,1790948548680.155,176.121,6.375,1790948548862.879,Normal,0.9705
vm2,92726,20261002-134031_clu_vm14-vm24_twonode_r1,7802,perf_20261002-134031_clu_vm14-vm24_twonode_r1,1,935,1790948436363,0,1790948548863.164,123.301,4.913,1790948548991.599,Normal,0.925
vm2,92726,20261002-134031_clu_vm14-vm24_twonode_r1,7809,perf_20261002-134031_clu_vm14-vm24_twonode_r1,1,936,1790948436364,0,1790948548992.004,99.261,3.739,1790948549095.198,Normal,0.8904
vm2,92726,20261002-134031_clu_vm14-vm24_twonode_r1,7811,perf_20261002-134031_clu_vm14-vm24_twonode_r1,1,937,1790948436364,0,1790948549095.555,116.975,6.086,1790948549218.859,Normal,0.9528
vm2,92726,20261002-134031_clu_vm14-vm24_twonode_r1,7829,perf_20261002-134031_clu_vm14-vm24_twonode_r1,1,938,1790948436366,0,1790948549219.18,114.231,4.767,1790948549338.408,Normal,0.9286
vm2,92726,20261002-134031_clu_vm14-vm24_twonode_r1,7835,perf_20261002-134031_clu_vm14-vm24_twonode_r1,1,939,1790948436366,0,1790948549338.697,104.979,4.948,1790948549448.823,Normal,0.8992
vm2,92726,20261002-134031_clu_vm14-vm24_twonode_r1,7837,perf_20261002-134031_clu_vm14-vm24_twonode_r1,1,940,1790948436366,0,1790948549449.106,278.614,5.468,1790948549733.437,Normal,0.9736
vm2,92726,20261002-134031_clu_vm14-vm24_twonode_r1,7851,perf_20261002-134031_clu_vm14-vm24_twonode_r1,1,941,1790948436367,0,1790948549733.724,80.276,4.94,1790948549819.148,Normal,0.89
vm2,92726,20261002-134031_clu_vm14-vm24_twonode_r1,7852,perf_20261002-134031_clu_vm14-vm24_twonode_r1,1,942,1790948436367,0,1790948549819.449,99.393,5.913,1790948549925.049,Normal,0.826
vm2,92726,20261002-134031_clu_vm14-vm24_twonode_r1,7855,perf_20261002-134031_clu_vm14-vm24_twonode_r1,1,943,1790948436368,0,1790948549925.449,96.155,5.493,1790948550027.33,Normal,0.9119
vm2,92726,20261002-134031_clu_vm14-vm24_twonode_r1,7857,perf_20261002-134031_clu_vm14-vm24_twonode_r1,1,944,1790948436368,0,1790948550027.593,102.443,10.544,1790948550140.757,Normal,0.9375
vm2,92726,20261002-134031_clu_vm14-vm24_twonode_r1,7869,perf_20261002-134031_clu_vm14-vm24_twonode_r1,1,945,1790948436369,0,1790948550141.051,117.089,4.345,1790948550262.737,Normal,0.9535
vm2,92726,20261002-134031_clu_vm14-vm24_twonode_r1,7882,perf_20261002-134031_clu_vm14-vm24_twonode_r1,1,946,1790948436370,0,1790948550263.018,136.859,8.813,1790948550408.89,Normal,0.8973
vm2,92726,20261002-134031_clu_vm14-vm24_twonode_r1,7883,perf_20261002-134031_clu_vm14-vm24_twonode_r1,1,947,1790948436370,0,1790948550409.289,114.677,4.946,1790948550529.094,Normal,0.9527
vm2,92726,20261002-134031_clu_vm14-vm24_twonode_r1,7895,perf_20261002-134031_clu_vm14-vm24_twonode_r1,1,948,1790948436371,0,1790948550529.424,128.003,7.176,1790948550665.037,Normal,0.9382
vm2,92726,20261002-134031_clu_vm14-vm24_twonode_r1,7903,perf_20261002-134031_clu_vm14-vm24_twonode_r1,1,949,1790948436372,0,1790948550665.411,119.103,5.302,1790948550790.019,Normal,0.9255
vm2,92726,20261002-134031_clu_vm14-vm24_twonode_r1,7918,perf_20261002-134031_clu_vm14-vm24_twonode_r1,1,950,1790948436373,0,1790948550790.319,108.878,5.634,1790948550905.046,Normal,0.6747
vm2,92726,20261002-134031_clu_vm14-vm24_twonode_r1,7926,perf_20261002-134031_clu_vm14-vm24_twonode_r1,1,951,1790948436374,0,1790948550905.516,109.51,4.904,1790948551020.123,Normal,0.9646
vm2,92726,20261002-134031_clu_vm14-vm24_twonode_r1,7933,perf_20261002-134031_clu_vm14-vm24_twonode_r1,1,952,1790948436374,0,1790948551020.404,115.631,5.808,1790948551142.087,Normal,0.9457
vm2,92726,20261002-134031_clu_vm14-vm24_twonode_r1,7941,perf_20261002-134031_clu_vm14-vm24_twonode_r1,1,953,1790948436375,0,1790948551142.483,108.565,6.117,1790948551257.391,Normal,0.9597
vm2,92726,20261002-134031_clu_vm14-vm24_twonode_r1,7946,perf_20261002-134031_clu_vm14-vm24_twonode_r1,1,954,1790948436375,0,1790948551257.769,199.208,5.645,1790948551462.823,Normal,0.9749
vm2,92726,20261002-134031_clu_vm14-vm24_twonode_r1,8007,perf_20261002-134031_clu_vm14-vm24_twonode_r1,1,955,1790948436381,0,1790948551463.087,119.309,4.826,1790948551587.483,Normal,0.7802
vm2,92726,20261002-134031_clu_vm14-vm24_twonode_r1,8029,perf_20261002-134031_clu_vm14-vm24_twonode_r1,1,956,1790948436385,0,1790948551587.827,103.47,4.719,1790948551696.221,Normal,0.931
vm2,92726,20261002-134031_clu_vm14-vm24_twonode_r1,8035,perf_20261002-134031_clu_vm14-vm24_twonode_r1,1,957,1790948436385,0,1790948551696.544,109.199,4.98,1790948551810.934,Normal,0.951
vm2,92726,20261002-134031_clu_vm14-vm24_twonode_r1,8039,perf_20261002-134031_clu_vm14-vm24_twonode_r1,1,958,1790948436386,0,1790948551811.285,107.645,5.095,1790948551924.268,Normal,0.9347
vm2,92726,20261002-134031_clu_vm14-vm24_twonode_r1,8042,perf_20261002-134031_clu_vm14-vm24_twonode_r1,1,959,1790948436386,0,1790948551924.661,118.533,5.593,1790948552049.036,Normal,0.931
vm2,92726,20261002-134031_clu_vm14-vm24_twonode_r1,8044,perf_20261002-134031_clu_vm14-vm24_twonode_r1,1,960,1790948436386,0,1790948552049.44,122.716,7.142,1790948552179.522,Normal,0.4125
vm2,92726,20261002-134031_clu_vm14-vm24_twonode_r1,8052,perf_20261002-134031_clu_vm14-vm24_twonode_r1,1,961,1790948436387,0,1790948552179.809,105.588,5.63,1790948552292.431,Normal,0.8813
vm2,92726,20261002-134031_clu_vm14-vm24_twonode_r1,8053,perf_20261002-134031_clu_vm14-vm24_twonode_r1,1,962,1790948436387,0,1790948552292.74,91.917,4.37,1790948552389.738,Normal,0.9497
vm2,92726,20261002-134031_clu_vm14-vm24_twonode_r1,8056,perf_20261002-134031_clu_vm14-vm24_twonode_r1,1,963,1790948436387,0,1790948552389.965,73.631,4.534,1790948552468.368,Normal,0.9561
vm2,92726,20261002-134031_clu_vm14-vm24_twonode_r1,8061,perf_20261002-134031_clu_vm14-vm24_twonode_r1,1,964,1790948436387,0,1790948552468.588,88.277,5.33,1790948552562.406,Normal,0.9581
vm2,92726,20261002-134031_clu_vm14-vm24_twonode_r1,8063,perf_20261002-134031_clu_vm14-vm24_twonode_r1,1,965,1790948436388,0,1790948552562.73,92.959,5.509,1790948552661.459,Normal,0.8722
vm2,92726,20261002-134031_clu_vm14-vm24_twonode_r1,8091,perf_20261002-134031_clu_vm14-vm24_twonode_r1,1,966,1790948436390,0,1790948552661.758,136.473,6.186,1790948552804.604,Normal,0.9607
vm2,92726,20261002-134031_clu_vm14-vm24_twonode_r1,8101,perf_20261002-134031_clu_vm14-vm24_twonode_r1,1,967,1790948436391,0,1790948552804.862,79.054,4.761,1790948552888.863,Normal,0.9523
vm2,92726,20261002-134031_clu_vm14-vm24_twonode_r1,8102,perf_20261002-134031_clu_vm14-vm24_twonode_r1,1,968,1790948436391,0,1790948552889.097,67.623,12.92,1790948552969.824,Normal,0.9545
vm2,92726,20261002-134031_clu_vm14-vm24_twonode_r1,8106,perf_20261002-134031_clu_vm14-vm24_twonode_r1,1,969,1790948436391,0,1790948552970.061,75.444,6.27,1790948553051.96,Normal,0.6932
vm2,92726,20261002-134031_clu_vm14-vm24_twonode_r1,8128,perf_20261002-134031_clu_vm14-vm24_twonode_r1,1,970,1790948436394,0,1790948553052.19,73.157,4.776,1790948553130.326,Normal,0.8554
vm2,92726,20261002-134031_clu_vm14-vm24_twonode_r1,8144,perf_20261002-134031_clu_vm14-vm24_twonode_r1,1,971,1790948436395,0,1790948553130.612,84.809,4.785,1790948553220.396,Normal,0.9077
vm2,92726,20261002-134031_clu_vm14-vm24_twonode_r1,8149,perf_20261002-134031_clu_vm14-vm24_twonode_r1,1,972,1790948436395,0,1790948553220.667,131.4,6.896,1790948553359.154,Normal,0.9712
vm2,92726,20261002-134031_clu_vm14-vm24_twonode_r1,8151,perf_20261002-134031_clu_vm14-vm24_twonode_r1,1,973,1790948436396,0,1790948553359.406,62.944,8.959,1790948553431.486,Normal,0.9185
vm2,92726,20261002-134031_clu_vm14-vm24_twonode_r1,8158,perf_20261002-134031_clu_vm14-vm24_twonode_r1,1,974,1790948436396,0,1790948553431.722,220.44,3.504,1790948553655.859,Normal,0.9741
vm2,92726,20261002-134031_clu_vm14-vm24_twonode_r1,8161,perf_20261002-134031_clu_vm14-vm24_twonode_r1,1,975,1790948436396,0,1790948553656.084,66.138,17.009,1790948553739.416,Normal,0.9375
vm2,92726,20261002-134031_clu_vm14-vm24_twonode_r1,8173,perf_20261002-134031_clu_vm14-vm24_twonode_r1,1,976,1790948436397,0,1790948553739.71,72.484,7.769,1790948553820.144,Normal,0.9369
vm2,92726,20261002-134031_clu_vm14-vm24_twonode_r1,8180,perf_20261002-134031_clu_vm14-vm24_twonode_r1,1,977,1790948436399,0,1790948553820.403,87.246,3.741,1790948553911.592,Normal,0.9633
vm2,92726,20261002-134031_clu_vm14-vm24_twonode_r1,8194,perf_20261002-134031_clu_vm14-vm24_twonode_r1,1,978,1790948436400,0,1790948553911.833,82.831,12.424,1790948554007.262,Normal,0.9608
vm2,92726,20261002-134031_clu_vm14-vm24_twonode_r1,8196,perf_20261002-134031_clu_vm14-vm24_twonode_r1,1,979,1790948436400,0,1790948554007.5,76.755,3.963,1790948554088.404,Normal,0.9557
vm2,92726,20261002-134031_clu_vm14-vm24_twonode_r1,8197,perf_20261002-134031_clu_vm14-vm24_twonode_r1,1,980,1790948436400,0,1790948554088.624,86.484,9.03,1790948554184.317,Normal,0.9106
vm2,92726,20261002-134031_clu_vm14-vm24_twonode_r1,8207,perf_20261002-134031_clu_vm14-vm24_twonode_r1,1,981,1790948436401,0,1790948554184.569,74.806,4.39,1790948554263.95,Normal,0.9667
vm2,92726,20261002-134031_clu_vm14-vm24_twonode_r1,8208,perf_20261002-134031_clu_vm14-vm24_twonode_r1,1,982,1790948436401,0,1790948554264.191,101.395,4.718,1790948554370.483,Normal,0.9626
vm2,92726,20261002-134031_clu_vm14-vm24_twonode_r1,8210,perf_20261002-134031_clu_vm14-vm24_twonode_r1,1,983,1790948436402,0,1790948554370.724,88.455,4.987,1790948554464.35,Normal,0.9642
vm2,92726,20261002-134031_clu_vm14-vm24_twonode_r1,8217,perf_20261002-134031_clu_vm14-vm24_twonode_r1,1,984,1790948436402,0,1790948554464.568,127.767,4.815,1790948554597.339,Normal,0.9709
vm2,92726,20261002-134031_clu_vm14-vm24_twonode_r1,8242,perf_20261002-134031_clu_vm14-vm24_twonode_r1,1,985,1790948436404,0,1790948554597.57,231.915,26.183,1790948554855.858,Normal,0.9745
vm2,92726,20261002-134031_clu_vm14-vm24_twonode_r1,8244,perf_20261002-134031_clu_vm14-vm24_twonode_r1,1,986,1790948436410,0,1790948554856.183,87.433,4.142,1790948554947.935,Normal,0.9245
vm2,92726,20261002-134031_clu_vm14-vm24_twonode_r1,8255,perf_20261002-134031_clu_vm14-vm24_twonode_r1,1,987,1790948436424,0,1790948554948.158,60.077,4.821,1790948555013.271,Normal,0.968
vm2,92726,20261002-134031_clu_vm14-vm24_twonode_r1,8264,perf_20261002-134031_clu_vm14-vm24_twonode_r1,1,988,1790948436425,0,1790948555013.507,72.993,5.966,1790948555092.652,Normal,0.9375
vm2,92726,20261002-134031_clu_vm14-vm24_twonode_r1,8266,perf_20261002-134031_clu_vm14-vm24_twonode_r1,1,989,1790948436425,0,1790948555092.866,79.836,4.787,1790948555177.675,Normal,0.946
vm2,92726,20261002-134031_clu_vm14-vm24_twonode_r1,8276,perf_20261002-134031_clu_vm14-vm24_twonode_r1,1,990,1790948436434,0,1790948555177.915,93.29,4.82,1790948555276.217,Normal,0.9539
vm2,92726,20261002-134031_clu_vm14-vm24_twonode_r1,8281,perf_20261002-134031_clu_vm14-vm24_twonode_r1,1,991,1790948436443,0,1790948555276.479,127.275,5.448,1790948555409.45,Normal,0.9534
vm2,92726,20261002-134031_clu_vm14-vm24_twonode_r1,8283,perf_20261002-134031_clu_vm14-vm24_twonode_r1,1,992,1790948436443,0,1790948555409.692,78.259,3.931,1790948555492.063,Normal,0.8952
vm2,92726,20261002-134031_clu_vm14-vm24_twonode_r1,8292,perf_20261002-134031_clu_vm14-vm24_twonode_r1,1,993,1790948436458,0,1790948555492.284,64.174,4.791,1790948555561.421,Normal,0.9493
vm2,92726,20261002-134031_clu_vm14-vm24_twonode_r1,8306,perf_20261002-134031_clu_vm14-vm24_twonode_r1,1,994,1790948436462,0,1790948555561.643,69.56,4.782,1790948555636.163,Normal,0.9428
vm2,92726,20261002-134031_clu_vm14-vm24_twonode_r1,8308,perf_20261002-134031_clu_vm14-vm24_twonode_r1,1,995,1790948436462,0,1790948555636.394,69.283,8.999,1790948555714.855,Normal,0.9724
vm2,92726,20261002-134031_clu_vm14-vm24_twonode_r1,8312,perf_20261002-134031_clu_vm14-vm24_twonode_r1,1,996,1790948436463,0,1790948555715.063,77.951,5.097,1790948555798.308,Normal,0.9635
vm2,92726,20261002-134031_clu_vm14-vm24_twonode_r1,8319,perf_20261002-134031_clu_vm14-vm24_twonode_r1,1,997,1790948436464,0,1790948555798.534,61.728,4.739,1790948555865.182,Normal,0.8752
vm2,92726,20261002-134031_clu_vm14-vm24_twonode_r1,8321,perf_20261002-134031_clu_vm14-vm24_twonode_r1,1,998,1790948436465,0,1790948555865.463,73.095,5.224,1790948555943.967,Normal,0.9226
vm2,92726,20261002-134031_clu_vm14-vm24_twonode_r1,8322,perf_20261002-134031_clu_vm14-vm24_twonode_r1,1,999,1790948436465,0,1790948555944.205,107.721,12.785,1790948556064.885,Normal,0.4597
vm2,92726,20261002-134031_clu_vm14-vm24_twonode_r1,8323,perf_20261002-134031_clu_vm14-vm24_twonode_r1,1,1000,1790948436465,0,1790948556113.825,124.481,12.835,1790948556251.353,Normal,0.9517
vm2,92726,20261002-134031_clu_vm14-vm24_twonode_r1,8331,perf_20261002-134031_clu_vm14-vm24_twonode_r1,1,1001,1790948436467,0,1790948556251.579,71.931,19.654,1790948556343.341,Normal,0.7808
vm2,92726,20261002-134031_clu_vm14-vm24_twonode_r1,8332,perf_20261002-134031_clu_vm14-vm24_twonode_r1,1,1002,1790948436467,0,1790948556343.591,58.652,9.464,1790948556411.894,Normal,0.9095
vm2,92726,20261002-134031_clu_vm14-vm24_twonode_r1,8334,perf_20261002-134031_clu_vm14-vm24_twonode_r1,1,1003,1790948436467,0,1790948556412.161,65.714,12.389,1790948556490.441,Normal,0.9484
vm2,92726,20261002-134031_clu_vm14-vm24_twonode_r1,8340,perf_20261002-134031_clu_vm14-vm24_twonode_r1,1,1004,1790948436472,0,1790948556490.667,69.57,33.907,1790948556594.318,Normal,0.9545
vm2,92726,20261002-134031_clu_vm14-vm24_twonode_r1,8344,perf_20261002-134031_clu_vm14-vm24_twonode_r1,1,1005,1790948436473,0,1790948556594.69,71.414,17.043,1790948556683.323,Normal,0.963
vm2,92726,20261002-134031_clu_vm14-vm24_twonode_r1,8349,perf_20261002-134031_clu_vm14-vm24_twonode_r1,1,1006,1790948436474,0,1790948556683.55,64.588,5.092,1790948556753.416,Normal,0.8975
vm2,92726,20261002-134031_clu_vm14-vm24_twonode_r1,8355,perf_20261002-134031_clu_vm14-vm24_twonode_r1,1,1007,1790948436476,0,1790948556753.644,71.078,18.227,1790948556843.126,Normal,0.9491
vm2,92726,20261002-134031_clu_vm14-vm24_twonode_r1,8359,perf_20261002-134031_clu_vm14-vm24_twonode_r1,1,1008,1790948436476,0,1790948556843.392,82.654,3.899,1790948556930.125,Normal,0.9114
vm2,92726,20261002-134031_clu_vm14-vm24_twonode_r1,8364,perf_20261002-134031_clu_vm14-vm24_twonode_r1,1,1009,1790948436477,0,1790948556930.345,61.008,4.573,1790948556996.101,Normal,0.9085
vm2,92726,20261002-134031_clu_vm14-vm24_twonode_r1,8375,perf_20261002-134031_clu_vm14-vm24_twonode_r1,1,1010,1790948436480,0,1790948556996.32,74.227,4.695,1790948557075.436,Normal,0.8802
vm2,92726,20261002-134031_clu_vm14-vm24_twonode_r1,8376,perf_20261002-134031_clu_vm14-vm24_twonode_r1,1,1011,1790948436480,0,1790948557075.691,77.949,4.965,1790948557158.793,Normal,0.9375
vm2,92726,20261002-134031_clu_vm14-vm24_twonode_r1,8381,perf_20261002-134031_clu_vm14-vm24_twonode_r1,1,1012,1790948436481,0,1790948557159.04,87.902,4.644,1790948557251.785,Normal,0.9731
vm2,92726,20261002-134031_clu_vm14-vm24_twonode_r1,8386,perf_20261002-134031_clu_vm14-vm24_twonode_r1,1,1013,1790948436482,0,1790948557252.034,75.611,4.942,1790948557332.771,Normal,0.5031
vm2,92726,20261002-134031_clu_vm14-vm24_twonode_r1,8400,perf_20261002-134031_clu_vm14-vm24_twonode_r1,1,1014,1790948436484,0,1790948557333.035,75.538,6.666,1790948557415.412,Normal,0.9182
vm2,92726,20261002-134031_clu_vm14-vm24_twonode_r1,8414,perf_20261002-134031_clu_vm14-vm24_twonode_r1,1,1015,1790948436485,0,1790948557415.639,73.074,4.682,1790948557493.593,Normal,0.9423
vm2,92726,20261002-134031_clu_vm14-vm24_twonode_r1,8427,perf_20261002-134031_clu_vm14-vm24_twonode_r1,1,1016,1790948436486,0,1790948557493.833,88.224,5.128,1790948557587.373,Normal,0.826
vm2,92726,20261002-134031_clu_vm14-vm24_twonode_r1,8432,perf_20261002-134031_clu_vm14-vm24_twonode_r1,1,1017,1790948436487,0,1790948557587.605,63.705,4.781,1790948557656.308,Normal,0.9423
vm2,92726,20261002-134031_clu_vm14-vm24_twonode_r1,8434,perf_20261002-134031_clu_vm14-vm24_twonode_r1,1,1018,1790948436487,0,1790948557656.572,74.409,5.246,1790948557736.463,Normal,0.9196
vm2,92726,20261002-134031_clu_vm14-vm24_twonode_r1,8452,perf_20261002-134031_clu_vm14-vm24_twonode_r1,1,1019,1790948436488,0,1790948557736.822,66.676,5.221,1790948557810.206,Normal,0.9308
vm2,92726,20261002-134031_clu_vm14-vm24_twonode_r1,8467,perf_20261002-134031_clu_vm14-vm24_twonode_r1,1,1020,1790948436490,0,1790948557810.454,70.183,4.997,1790948557885.831,Normal,0.9423
vm2,92726,20261002-134031_clu_vm14-vm24_twonode_r1,8472,perf_20261002-134031_clu_vm14-vm24_twonode_r1,1,1021,1790948436490,0,1790948557886.091,57.562,7.287,1790948557951.13,Normal,0.9308
vm2,92726,20261002-134031_clu_vm14-vm24_twonode_r1,8473,perf_20261002-134031_clu_vm14-vm24_twonode_r1,1,1022,1790948436490,0,1790948557951.373,77.304,3.708,1790948558032.574,Normal,0.9585
vm2,92726,20261002-134031_clu_vm14-vm24_twonode_r1,8477,perf_20261002-134031_clu_vm14-vm24_twonode_r1,1,1023,1790948436491,0,1790948558032.851,68.571,4.539,1790948558106.141,Normal,0.9397
vm2,92726,20261002-134031_clu_vm14-vm24_twonode_r1,8484,perf_20261002-134031_clu_vm14-vm24_twonode_r1,1,1024,1790948436491,0,1790948558106.428,67.921,5.062,1790948558179.612,Normal,0.9699
vm2,92726,20261002-134031_clu_vm14-vm24_twonode_r1,8506,perf_20261002-134031_clu_vm14-vm24_twonode_r1,1,1025,1790948436493,0,1790948558179.835,71.881,4.123,1790948558256.025,Normal,0.72
vm2,92726,20261002-134031_clu_vm14-vm24_twonode_r1,8508,perf_20261002-134031_clu_vm14-vm24_twonode_r1,1,1026,1790948436493,0,1790948558256.265,79.523,4.42,1790948558340.409,Normal,0.9699
vm2,92726,20261002-134031_clu_vm14-vm24_twonode_r1,8525,perf_20261002-134031_clu_vm14-vm24_twonode_r1,1,1027,1790948436500,0,1790948558340.638,78.593,4.778,1790948558424.182,Normal,0.9571
vm2,92726,20261002-134031_clu_vm14-vm24_twonode_r1,8532,perf_20261002-134031_clu_vm14-vm24_twonode_r1,1,1028,1790948436520,0,1790948558424.416,60.426,5.217,1790948558490.242,Normal,0.9179
vm2,92726,20261002-134031_clu_vm14-vm24_twonode_r1,8534,perf_20261002-134031_clu_vm14-vm24_twonode_r1,1,1029,1790948436520,0,1790948558490.497,144.881,4.987,1790948558640.559,Normal,0.9818
vm2,92726,20261002-134031_clu_vm14-vm24_twonode_r1,8541,perf_20261002-134031_clu_vm14-vm24_twonode_r1,1,1030,1790948436534,0,1790948558640.809,83.967,3.35,1790948558728.315,Normal,0.9748
vm2,92726,20261002-134031_clu_vm14-vm24_twonode_r1,8543,perf_20261002-134031_clu_vm14-vm24_twonode_r1,1,1031,1790948436536,0,1790948558728.537,75.221,4.869,1790948558808.81,Normal,0.963
vm2,92726,20261002-134031_clu_vm14-vm24_twonode_r1,8549,perf_20261002-134031_clu_vm14-vm24_twonode_r1,1,1032,1790948436537,0,1790948558809.042,81.02,4.563,1790948558894.819,Normal,0.8299
vm2,92726,20261002-134031_clu_vm14-vm24_twonode_r1,8557,perf_20261002-134031_clu_vm14-vm24_twonode_r1,1,1033,1790948436539,0,1790948558895.062,148.511,4.401,1790948559048.19,Normal,0.974
vm2,92726,20261002-134031_clu_vm14-vm24_twonode_r1,8560,perf_20261002-134031_clu_vm14-vm24_twonode_r1,1,1034,1790948436539,0,1790948559048.407,74.271,5.286,1790948559128.159,Normal,0.9375
vm2,92726,20261002-134031_clu_vm14-vm24_twonode_r1,8570,perf_20261002-134031_clu_vm14-vm24_twonode_r1,1,1035,1790948436541,0,1790948559128.477,81.986,4.729,1790948559215.374,Normal,0.9622
vm2,92726,20261002-134031_clu_vm14-vm24_twonode_r1,8571,perf_20261002-134031_clu_vm14-vm24_twonode_r1,1,1036,1790948436541,0,1790948559215.612,69.111,4.822,1790948559289.741,Normal,0.8541
vm2,92726,20261002-134031_clu_vm14-vm24_twonode_r1,8577,perf_20261002-134031_clu_vm14-vm24_twonode_r1,1,1037,1790948436543,0,1790948559290.009,106.605,4.903,1790948559401.712,Normal,0.9616
vm2,92726,20261002-134031_clu_vm14-vm24_twonode_r1,8589,perf_20261002-134031_clu_vm14-vm24_twonode_r1,1,1038,1790948436545,0,1790948559401.954,80.624,4.833,1790948559487.588,Normal,0.8297
vm2,92726,20261002-134031_clu_vm14-vm24_twonode_r1,8592,perf_20261002-134031_clu_vm14-vm24_twonode_r1,1,1039,1790948436545,0,1790948559487.805,56.204,4.921,1790948559549.163,Normal,0.9506
vm2,92726,20261002-134031_clu_vm14-vm24_twonode_r1,8615,perf_20261002-134031_clu_vm14-vm24_twonode_r1,1,1040,1790948436552,0,1790948559549.407,82.546,4.707,1790948559636.89,Normal,0.9642
vm2,92726,20261002-134031_clu_vm14-vm24_twonode_r1,8616,perf_20261002-134031_clu_vm14-vm24_twonode_r1,1,1041,1790948436552,0,1790948559637.135,131.062,4.792,1790948559773.173,Normal,0.9339
vm2,92726,20261002-134031_clu_vm14-vm24_twonode_r1,8628,perf_20261002-134031_clu_vm14-vm24_twonode_r1,1,1042,1790948436554,0,1790948559773.489,59.377,5.173,1790948559838.22,Normal,0.7639
vm2,92726,20261002-134031_clu_vm14-vm24_twonode_r1,8631,perf_20261002-134031_clu_vm14-vm24_twonode_r1,1,1043,1790948436555,0,1790948559838.478,75.31,4.38,1790948559918.34,Normal,0.9577
vm2,92726,20261002-134031_clu_vm14-vm24_twonode_r1,8636,perf_20261002-134031_clu_vm14-vm24_twonode_r1,1,1044,1790948436556,0,1790948559918.627,77.648,6.012,1790948560002.462,Normal,0.9223
vm2,92726,20261002-134031_clu_vm14-vm24_twonode_r1,8638,perf_20261002-134031_clu_vm14-vm24_twonode_r1,1,1045,1790948436556,0,1790948560002.717,74.668,5.284,1790948560082.862,Normal,0.9538
vm2,92726,20261002-134031_clu_vm14-vm24_twonode_r1,8644,perf_20261002-134031_clu_vm14-vm24_twonode_r1,1,1046,1790948436557,0,1790948560083.17,60.855,4.118,1790948560148.319,Normal,0.9081
vm2,92726,20261002-134031_clu_vm14-vm24_twonode_r1,8645,perf_20261002-134031_clu_vm14-vm24_twonode_r1,1,1047,1790948436558,0,1790948560148.544,100.29,4.531,1790948560253.542,Normal,0.9474
vm2,92726,20261002-134031_clu_vm14-vm24_twonode_r1,8650,perf_20261002-134031_clu_vm14-vm24_twonode_r1,1,1048,1790948436558,0,1790948560253.785,66.476,5.11,1790948560325.557,Normal,0.9159
vm2,92726,20261002-134031_clu_vm14-vm24_twonode_r1,8661,perf_20261002-134031_clu_vm14-vm24_twonode_r1,1,1049,1790948436561,0,1790948560325.773,66.482,5.268,1790948560397.707,Normal,0.9259
vm2,92726,20261002-134031_clu_vm14-vm24_twonode_r1,8664,perf_20261002-134031_clu_vm14-vm24_twonode_r1,1,1050,1790948436561,0,1790948560397.937,65.944,4.843,1790948560468.906,Normal,0.8295
vm2,92726,20261002-134031_clu_vm14-vm24_twonode_r1,8669,perf_20261002-134031_clu_vm14-vm24_twonode_r1,1,1051,1790948436562,0,1790948560469.124,71.273,5.516,1790948560546.103,Normal,0.9616
vm2,92726,20261002-134031_clu_vm14-vm24_twonode_r1,8674,perf_20261002-134031_clu_vm14-vm24_twonode_r1,1,1052,1790948436563,0,1790948560546.328,68.106,6.387,1790948560621.007,Normal,0.5716
vm2,92726,20261002-134031_clu_vm14-vm24_twonode_r1,8682,perf_20261002-134031_clu_vm14-vm24_twonode_r1,1,1053,1790948436564,0,1790948560621.241,61.357,9.626,1790948560692.404,Normal,0.9439
vm2,92726,20261002-134031_clu_vm14-vm24_twonode_r1,8685,perf_20261002-134031_clu_vm14-vm24_twonode_r1,1,1054,1790948436564,0,1790948560692.626,64.007,6.615,1790948560763.423,Normal,0.9458
vm2,92726,20261002-134031_clu_vm14-vm24_twonode_r1,8686,perf_20261002-134031_clu_vm14-vm24_twonode_r1,1,1055,1790948436564,0,1790948560763.642,77.426,10.909,1790948560852.298,Normal,0.9679
vm2,92726,20261002-134031_clu_vm14-vm24_twonode_r1,8690,perf_20261002-134031_clu_vm14-vm24_twonode_r1,1,1056,1790948436565,0,1790948560852.628,75.132,4.97,1790948560932.913,Normal,0.8786
vm2,92726,20261002-134031_clu_vm14-vm24_twonode_r1,8695,perf_20261002-134031_clu_vm14-vm24_twonode_r1,1,1057,1790948436565,0,1790948560933.143,101.512,4.436,1790948561039.288,Normal,0.9618
vm2,92726,20261002-134031_clu_vm14-vm24_twonode_r1,8696,perf_20261002-134031_clu_vm14-vm24_twonode_r1,1,1058,1790948436565,0,1790948561039.531,63.777,3.677,1790948561107.212,Normal,0.9099
vm2,92726,20261002-134031_clu_vm14-vm24_twonode_r1,8724,perf_20261002-134031_clu_vm14-vm24_twonode_r1,1,1059,1790948436568,0,1790948561107.424,131.628,17.19,1790948561256.424,Normal,0.971
vm2,92726,20261002-134031_clu_vm14-vm24_twonode_r1,8725,perf_20261002-134031_clu_vm14-vm24_twonode_r1,1,1060,1790948436568,0,1790948561256.641,81.1,4.389,1790948561342.31,Normal,0.9625
vm2,92726,20261002-134031_clu_vm14-vm24_twonode_r1,8726,perf_20261002-134031_clu_vm14-vm24_twonode_r1,1,1061,1790948436568,0,1790948561342.521,59.597,4.916,1790948561407.208,Normal,0.9577
vm2,92726,20261002-134031_clu_vm14-vm24_twonode_r1,8735,perf_20261002-134031_clu_vm14-vm24_twonode_r1,1,1062,1790948436569,0,1790948561407.445,90.763,9.154,1790948561507.548,Normal,0.5838
vm2,92726,20261002-134031_clu_vm14-vm24_twonode_r1,8739,perf_20261002-134031_clu_vm14-vm24_twonode_r1,1,1063,1790948436569,0,1790948561507.77,123.589,8.558,1790948561640.122,Normal,0.9656
vm2,92726,20261002-134031_clu_vm14-vm24_twonode_r1,8742,perf_20261002-134031_clu_vm14-vm24_twonode_r1,1,1064,1790948436570,0,1790948561640.375,68.663,10.788,1790948561720.14,Normal,0.961
vm2,92726,20261002-134031_clu_vm14-vm24_twonode_r1,8748,perf_20261002-134031_clu_vm14-vm24_twonode_r1,1,1065,1790948436571,0,1790948561720.373,139.907,4.401,1790948561864.871,Normal,0.92
vm2,92726,20261002-134031_clu_vm14-vm24_twonode_r1,8773,perf_20261002-134031_clu_vm14-vm24_twonode_r1,1,1066,1790948436573,0,1790948561865.103,68.421,5.02,1790948561938.737,Normal,0.9367
vm2,92726,20261002-134031_clu_vm14-vm24_twonode_r1,8793,perf_20261002-134031_clu_vm14-vm24_twonode_r1,1,1067,1790948436574,0,1790948561938.972,84.327,5.074,1790948562028.606,Normal,0.7967
vm2,92726,20261002-134031_clu_vm14-vm24_twonode_r1,8794,perf_20261002-134031_clu_vm14-vm24_twonode_r1,1,1068,1790948436574,0,1790948562028.893,85.163,4.682,1790948562118.915,Normal,0.9593
vm2,92726,20261002-134031_clu_vm14-vm24_twonode_r1,8799,perf_20261002-134031_clu_vm14-vm24_twonode_r1,1,1069,1790948436575,0,1790948562119.179,306.074,4.682,1790948562430.127,Normal,0.9743
vm2,92726,20261002-134031_clu_vm14-vm24_twonode_r1,8811,perf_20261002-134031_clu_vm14-vm24_twonode_r1,1,1070,1790948436581,0,1790948562430.365,144.664,4.596,1790948562579.817,Normal,0.9518
vm2,92726,20261002-134031_clu_vm14-vm24_twonode_r1,8817,perf_20261002-134031_clu_vm14-vm24_twonode_r1,1,1071,1790948436582,0,1790948562580.054,69.726,4.453,1790948562654.406,Normal,0.8687
vm2,92726,20261002-134031_clu_vm14-vm24_twonode_r1,8830,perf_20261002-134031_clu_vm14-vm24_twonode_r1,1,1072,1790948436583,0,1790948562654.707,71.441,5.698,1790948562732.03,Normal,0.9685
vm2,92726,20261002-134031_clu_vm14-vm24_twonode_r1,8850,perf_20261002-134031_clu_vm14-vm24_twonode_r1,1,1073,1790948436584,0,1790948562732.253,69.491,4.748,1790948562807.565,Normal,0.9714
vm2,92726,20261002-134031_clu_vm14-vm24_twonode_r1,8851,perf_20261002-134031_clu_vm14-vm24_twonode_r1,1,1074,1790948436585,0,1790948562807.817,85.696,5.068,1790948562898.78,Normal,0.783
vm2,92726,20261002-134031_clu_vm14-vm24_twonode_r1,8852,perf_20261002-134031_clu_vm14-vm24_twonode_r1,1,1075,1790948436585,0,1790948562899.023,227.805,4.825,1790948563131.86,Normal,0.8844
vm2,92726,20261002-134031_clu_vm14-vm24_twonode_r1,8861,perf_20261002-134031_clu_vm14-vm24_twonode_r1,1,1076,1790948436585,0,1790948563132.108,63.104,5.367,1790948563200.79,Normal,0.8554
vm2,92726,20261002-134031_clu_vm14-vm24_twonode_r1,8866,perf_20261002-134031_clu_vm14-vm24_twonode_r1,1,1077,1790948436586,0,1790948563201.053,93.667,13.27,1790948563308.167,Normal,0.9646
vm2,92726,20261002-134031_clu_vm14-vm24_twonode_r1,8867,perf_20261002-134031_clu_vm14-vm24_twonode_r1,1,1078,1790948436586,0,1790948563308.406,107.074,3.81,1790948563419.484,Normal,0.4665
vm2,92726,20261002-134031_clu_vm14-vm24_twonode_r1,8869,perf_20261002-134031_clu_vm14-vm24_twonode_r1,1,1079,1790948436588,0,1790948563419.703,83.059,7.16,1790948563510.114,Normal,0.9475
vm2,92726,20261002-134031_clu_vm14-vm24_twonode_r1,8884,perf_20261002-134031_clu_vm14-vm24_twonode_r1,1,1080,1790948436589,0,1790948563510.396,112.537,6.789,1790948563629.939,Normal,0.8462
vm2,92726,20261002-134031_clu_vm14-vm24_twonode_r1,8887,perf_20261002-134031_clu_vm14-vm24_twonode_r1,1,1081,1790948436590,0,1790948563630.245,134.907,5.528,1790948563770.931,Normal,0.9452
vm2,92726,20261002-134031_clu_vm14-vm24_twonode_r1,8930,perf_20261002-134031_clu_vm14-vm24_twonode_r1,1,1082,1790948436598,0,1790948563771.246,90.523,8.044,1790948563869.995,HATE,0.6779
vm2,92726,20261002-134031_clu_vm14-vm24_twonode_r1,8940,perf_20261002-134031_clu_vm14-vm24_twonode_r1,1,1083,1790948436599,0,1790948563870.315,88.862,3.986,1790948563963.358,Normal,0.9696
vm2,92726,20261002-134031_clu_vm14-vm24_twonode_r1,8954,perf_20261002-134031_clu_vm14-vm24_twonode_r1,1,1084,1790948436600,0,1790948563963.655,98.374,5.132,1790948564067.39,Normal,0.939
vm2,92726,20261002-134031_clu_vm14-vm24_twonode_r1,8958,perf_20261002-134031_clu_vm14-vm24_twonode_r1,1,1085,1790948436600,0,1790948564067.719,72.338,5.629,1790948564146.014,Normal,0.9302
vm2,92726,20261002-134031_clu_vm14-vm24_twonode_r1,8966,perf_20261002-134031_clu_vm14-vm24_twonode_r1,1,1086,1790948436601,0,1790948564148.113,80.864,4.546,1790948564233.748,Normal,0.9407
vm2,92726,20261002-134031_clu_vm14-vm24_twonode_r1,8967,perf_20261002-134031_clu_vm14-vm24_twonode_r1,1,1087,1790948436601,0,1790948564234.008,115.357,4.017,1790948564353.558,Normal,0.9338
vm2,92726,20261002-134031_clu_vm14-vm24_twonode_r1,8974,perf_20261002-134031_clu_vm14-vm24_twonode_r1,1,1088,1790948436602,0,1790948564353.781,72.114,4.437,1790948564430.513,Normal,0.9183
vm2,92726,20261002-134031_clu_vm14-vm24_twonode_r1,8990,perf_20261002-134031_clu_vm14-vm24_twonode_r1,1,1089,1790948436603,0,1790948564430.777,79.836,4.655,1790948564515.447,Normal,0.975
vm2,92726,20261002-134031_clu_vm14-vm24_twonode_r1,9012,perf_20261002-134031_clu_vm14-vm24_twonode_r1,1,1090,1790948436610,0,1790948564515.668,83.399,4.892,1790948564604.151,Normal,0.9696
vm2,92726,20261002-134031_clu_vm14-vm24_twonode_r1,9016,perf_20261002-134031_clu_vm14-vm24_twonode_r1,1,1091,1790948436610,0,1790948564604.377,95.618,5.175,1790948564705.358,Normal,0.4924
vm2,92726,20261002-134031_clu_vm14-vm24_twonode_r1,9017,perf_20261002-134031_clu_vm14-vm24_twonode_r1,1,1092,1790948436610,0,1790948564705.61,68.779,4.89,1790948564779.466,Normal,0.9669
vm2,92726,20261002-134031_clu_vm14-vm24_twonode_r1,9021,perf_20261002-134031_clu_vm14-vm24_twonode_r1,1,1093,1790948436610,0,1790948564779.701,91.169,4.727,1790948564875.797,Normal,0.9353
vm2,92726,20261002-134031_clu_vm14-vm24_twonode_r1,9025,perf_20261002-134031_clu_vm14-vm24_twonode_r1,1,1094,1790948436611,0,1790948564876.083,80.043,4.51,1790948564960.813,Normal,0.9161
vm2,92726,20261002-134031_clu_vm14-vm24_twonode_r1,9027,perf_20261002-134031_clu_vm14-vm24_twonode_r1,1,1095,1790948436611,0,1790948564961.061,92.57,4.794,1790948565058.647,Normal,0.789
vm2,92726,20261002-134031_clu_vm14-vm24_twonode_r1,9028,perf_20261002-134031_clu_vm14-vm24_twonode_r1,1,1096,1790948436611,0,1790948565058.891,149.38,4.635,1790948565213.095,Normal,0.9541
vm2,92726,20261002-134031_clu_vm14-vm24_twonode_r1,9037,perf_20261002-134031_clu_vm14-vm24_twonode_r1,1,1097,1790948436612,0,1790948565213.394,70.589,4.892,1790948565289.058,Normal,0.8853
vm2,92726,20261002-134031_clu_vm14-vm24_twonode_r1,9041,perf_20261002-134031_clu_vm14-vm24_twonode_r1,1,1098,1790948436612,0,1790948565289.302,133.065,4.615,1790948565427.163,Normal,0.9631
vm2,92726,20261002-134031_clu_vm14-vm24_twonode_r1,9051,perf_20261002-134031_clu_vm14-vm24_twonode_r1,1,1099,1790948436613,0,1790948565427.407,81.424,4.96,1790948565513.972,Normal,0.9691
vm2,92726,20261002-134031_clu_vm14-vm24_twonode_r1,9057,perf_20261002-134031_clu_vm14-vm24_twonode_r1,1,1100,1790948436619,0,1790948565514.198,68.415,4.857,1790948565587.709,Normal,0.8505
vm2,92726,20261002-134031_clu_vm14-vm24_twonode_r1,9061,perf_20261002-134031_clu_vm14-vm24_twonode_r1,1,1101,1790948436630,0,1790948565587.964,72.666,4.828,1790948565665.645,Normal,0.9545
vm2,92726,20261002-134031_clu_vm14-vm24_twonode_r1,9085,perf_20261002-134031_clu_vm14-vm24_twonode_r1,1,1102,1790948436652,0,1790948565665.867,64.702,5.243,1790948565736.002,Normal,0.893
vm2,92726,20261002-134031_clu_vm14-vm24_twonode_r1,9091,perf_20261002-134031_clu_vm14-vm24_twonode_r1,1,1103,1790948436671,0,1790948565736.235,75.201,4.676,1790948565816.348,Normal,0.9733
vm2,92726,20261002-134031_clu_vm14-vm24_twonode_r1,9103,perf_20261002-134031_clu_vm14-vm24_twonode_r1,1,1104,1790948436674,0,1790948565816.593,90.558,4.512,1790948565911.837,Normal,0.9532
vm2,92726,20261002-134031_clu_vm14-vm24_twonode_r1,9113,perf_20261002-134031_clu_vm14-vm24_twonode_r1,1,1105,1790948436676,0,1790948565912.065,226.448,5.083,1790948566143.821,Normal,0.9769
vm2,92726,20261002-134031_clu_vm14-vm24_twonode_r1,9122,perf_20261002-134031_clu_vm14-vm24_twonode_r1,1,1106,1790948436678,0,1790948566144.142,79.676,4.973,1790948566228.969,Normal,0.9662
vm2,92726,20261002-134031_clu_vm14-vm24_twonode_r1,9126,perf_20261002-134031_clu_vm14-vm24_twonode_r1,1,1107,1790948436685,0,1790948566229.197,83.274,4.973,1790948566317.659,Normal,0.9554
vm2,92726,20261002-134031_clu_vm14-vm24_twonode_r1,9131,perf_20261002-134031_clu_vm14-vm24_twonode_r1,1,1108,1790948436686,0,1790948566317.883,77.604,4.322,1790948566400.027,Normal,0.9118
vm2,92726,20261002-134031_clu_vm14-vm24_twonode_r1,9139,perf_20261002-134031_clu_vm14-vm24_twonode_r1,1,1109,1790948436687,0,1790948566400.315,78.948,13.141,1790948566492.59,Normal,0.8645
vm2,92726,20261002-134031_clu_vm14-vm24_twonode_r1,9143,perf_20261002-134031_clu_vm14-vm24_twonode_r1,1,1110,1790948436697,0,1790948566492.851,66.65,4.636,1790948566564.401,Normal,0.8449
vm2,92726,20261002-134031_clu_vm14-vm24_twonode_r1,9145,perf_20261002-134031_clu_vm14-vm24_twonode_r1,1,1111,1790948436698,0,1790948566564.838,149.805,4.721,1790948566719.544,Normal,0.9755
vm2,92726,20261002-134031_clu_vm14-vm24_twonode_r1,9146,perf_20261002-134031_clu_vm14-vm24_twonode_r1,1,1112,1790948436698,0,1790948566719.81,70.776,4.652,1790948566795.454,Normal,0.9644
vm2,92726,20261002-134031_clu_vm14-vm24_twonode_r1,9151,perf_20261002-134031_clu_vm14-vm24_twonode_r1,1,1113,1790948436699,0,1790948566795.694,67.153,4.609,1790948566867.644,Normal,0.9614
vm2,92726,20261002-134031_clu_vm14-vm24_twonode_r1,9154,perf_20261002-134031_clu_vm14-vm24_twonode_r1,1,1114,1790948436699,0,1790948566867.871,65.755,4.577,1790948566938.382,Normal,0.6981
vm2,92726,20261002-134031_clu_vm14-vm24_twonode_r1,9156,perf_20261002-134031_clu_vm14-vm24_twonode_r1,1,1115,1790948436700,0,1790948566938.648,82.534,3.706,1790948567025.136,Normal,0.9601
vm2,92726,20261002-134031_clu_vm14-vm24_twonode_r1,9163,perf_20261002-134031_clu_vm14-vm24_twonode_r1,1,1116,1790948436710,0,1790948567025.541,98.4,5.656,1790948567129.838,Normal,0.9503
vm2,92726,20261002-134031_clu_vm14-vm24_twonode_r1,9167,perf_20261002-134031_clu_vm14-vm24_twonode_r1,1,1117,1790948436711,0,1790948567130.153,106.743,5.84,1790948567242.991,Normal,0.9658
vm2,92726,20261002-134031_clu_vm14-vm24_twonode_r1,9170,perf_20261002-134031_clu_vm14-vm24_twonode_r1,1,1118,1790948436724,0,1790948567243.317,97.534,6.381,1790948567347.457,Normal,0.9555
vm2,92726,20261002-134031_clu_vm14-vm24_twonode_r1,9178,perf_20261002-134031_clu_vm14-vm24_twonode_r1,1,1119,1790948436726,0,1790948567347.744,105.612,7.015,1790948567460.598,Normal,0.9529
vm2,92726,20261002-134031_clu_vm14-vm24_twonode_r1,9191,perf_20261002-134031_clu_vm14-vm24_twonode_r1,1,1120,1790948436729,0,1790948567460.887,109.262,4.743,1790948567575.134,Normal,0.9731
vm2,92726,20261002-134031_clu_vm14-vm24_twonode_r1,9194,perf_20261002-134031_clu_vm14-vm24_twonode_r1,1,1121,1790948436730,0,1790948567575.494,145.169,5.241,1790948567726.193,Normal,0.9591
vm2,92726,20261002-134031_clu_vm14-vm24_twonode_r1,9197,perf_20261002-134031_clu_vm14-vm24_twonode_r1,1,1122,1790948436730,0,1790948567726.531,186.217,5.188,1790948567918.158,Normal,0.9489
vm2,92726,20261002-134031_clu_vm14-vm24_twonode_r1,9199,perf_20261002-134031_clu_vm14-vm24_twonode_r1,1,1123,1790948436730,0,1790948567918.548,122.372,4.174,1790948568045.306,Normal,0.9451
vm2,92726,20261002-134031_clu_vm14-vm24_twonode_r1,9211,perf_20261002-134031_clu_vm14-vm24_twonode_r1,1,1124,1790948436735,0,1790948568045.614,104.803,3.717,1790948568154.324,Normal,0.9625
vm2,92726,20261002-134031_clu_vm14-vm24_twonode_r1,9220,perf_20261002-134031_clu_vm14-vm24_twonode_r1,1,1125,1790948436737,0,1790948568154.59,89.204,19.755,1790948568263.74,Normal,0.8843
vm2,92726,20261002-134031_clu_vm14-vm24_twonode_r1,9233,perf_20261002-134031_clu_vm14-vm24_twonode_r1,1,1126,1790948436740,0,1790948568264.002,94.839,16.091,1790948568375.143,HATE,0.7943
vm2,92726,20261002-134031_clu_vm14-vm24_twonode_r1,9244,perf_20261002-134031_clu_vm14-vm24_twonode_r1,1,1127,1790948436742,0,1790948568375.416,130.829,30.52,1790948568536.968,Normal,0.6297
vm2,92726,20261002-134031_clu_vm14-vm24_twonode_r1,9245,perf_20261002-134031_clu_vm14-vm24_twonode_r1,1,1128,1790948436742,0,1790948568537.427,108.443,6.756,1790948568652.825,Normal,0.9119
vm2,92726,20261002-134031_clu_vm14-vm24_twonode_r1,9248,perf_20261002-134031_clu_vm14-vm24_twonode_r1,1,1129,1790948436743,0,1790948568653.096,106.15,16.149,1790948568775.64,Normal,0.9302
vm2,92726,20261002-134031_clu_vm14-vm24_twonode_r1,9249,perf_20261002-134031_clu_vm14-vm24_twonode_r1,1,1130,1790948436743,0,1790948568775.941,124.187,5.028,1790948568905.372,Normal,0.9575
vm2,92726,20261002-134031_clu_vm14-vm24_twonode_r1,9250,perf_20261002-134031_clu_vm14-vm24_twonode_r1,1,1131,1790948436743,0,1790948568905.636,98.778,14.776,1790948569019.398,Normal,0.959
vm2,92726,20261002-134031_clu_vm14-vm24_twonode_r1,9259,perf_20261002-134031_clu_vm14-vm24_twonode_r1,1,1132,1790948436744,0,1790948569019.674,85.907,21.044,1790948569126.821,Normal,0.9469
vm2,92726,20261002-134031_clu_vm14-vm24_twonode_r1,9261,perf_20261002-134031_clu_vm14-vm24_twonode_r1,1,1133,1790948436744,0,1790948569127.315,130.499,4.542,1790948569262.573,Normal,0.9587
vm2,92726,20261002-134031_clu_vm14-vm24_twonode_r1,9270,perf_20261002-134031_clu_vm14-vm24_twonode_r1,1,1134,1790948436745,0,1790948569262.862,110.68,4.53,1790948569378.273,Normal,0.9597
vm2,92726,20261002-134031_clu_vm14-vm24_twonode_r1,9272,perf_20261002-134031_clu_vm14-vm24_twonode_r1,1,1135,1790948436746,0,1790948569378.609,173.817,7.736,1790948569560.404,Normal,0.9649
vm2,92726,20261002-134031_clu_vm14-vm24_twonode_r1,9275,perf_20261002-134031_clu_vm14-vm24_twonode_r1,1,1136,1790948436746,0,1790948569560.725,135.549,14.657,1790948569711.139,Normal,0.9713
vm2,92726,20261002-134031_clu_vm14-vm24_twonode_r1,9278,perf_20261002-134031_clu_vm14-vm24_twonode_r1,1,1137,1790948436746,0,1790948569711.464,107.951,5.224,1790948569824.837,Normal,0.9468
vm2,92726,20261002-134031_clu_vm14-vm24_twonode_r1,9289,perf_20261002-134031_clu_vm14-vm24_twonode_r1,1,1138,1790948436747,0,1790948569825.122,397.259,5.58,1790948570228.217,Normal,0.9802
vm2,92726,20261002-134031_clu_vm14-vm24_twonode_r1,9313,perf_20261002-134031_clu_vm14-vm24_twonode_r1,1,1139,1790948436749,0,1790948570228.521,110.949,4.883,1790948570344.57,Normal,0.9744
vm2,92726,20261002-134031_clu_vm14-vm24_twonode_r1,9323,perf_20261002-134031_clu_vm14-vm24_twonode_r1,1,1140,1790948436750,0,1790948570344.915,93.232,4.642,1790948570442.972,Normal,0.9641
vm2,92726,20261002-134031_clu_vm14-vm24_twonode_r1,9324,perf_20261002-134031_clu_vm14-vm24_twonode_r1,1,1141,1790948436750,0,1790948570443.248,81.452,102.414,1790948570627.31,Normal,0.932
vm2,92726,20261002-134031_clu_vm14-vm24_twonode_r1,9340,perf_20261002-134031_clu_vm14-vm24_twonode_r1,1,1142,1790948436752,0,1790948570627.725,82.584,22.989,1790948570733.496,Normal,0.941
vm2,92726,20261002-134031_clu_vm14-vm24_twonode_r1,9341,perf_20261002-134031_clu_vm14-vm24_twonode_r1,1,1143,1790948436752,0,1790948570733.854,87.542,26.069,1790948570847.661,Normal,0.9636
vm2,92726,20261002-134031_clu_vm14-vm24_twonode_r1,9347,perf_20261002-134031_clu_vm14-vm24_twonode_r1,1,1144,1790948436752,0,1790948570848.144,118.407,12.727,1790948570979.495,Normal,0.9418
vm2,92726,20261002-134031_clu_vm14-vm24_twonode_r1,9357,perf_20261002-134031_clu_vm14-vm24_twonode_r1,1,1145,1790948436753,0,1790948570979.78,83.38,5.504,1790948571068.871,Normal,0.9627
vm2,92726,20261002-134031_clu_vm14-vm24_twonode_r1,9366,perf_20261002-134031_clu_vm14-vm24_twonode_r1,1,1146,1790948436754,0,1790948571069.167,75.801,9.837,1790948571155.017,Normal,0.9353
vm2,92726,20261002-134031_clu_vm14-vm24_twonode_r1,9369,perf_20261002-134031_clu_vm14-vm24_twonode_r1,1,1147,1790948436754,0,1790948571155.329,134.26,21.372,1790948571311.199,Normal,0.9665
vm2,92726,20261002-134031_clu_vm14-vm24_twonode_r1,9375,perf_20261002-134031_clu_vm14-vm24_twonode_r1,1,1148,1790948436754,0,1790948571311.549,100.515,5.196,1790948571417.473,Normal,0.9596
vm2,92726,20261002-134031_clu_vm14-vm24_twonode_r1,9383,perf_20261002-134031_clu_vm14-vm24_twonode_r1,1,1149,1790948436756,0,1790948571417.735,106.26,4.895,1790948571529.077,Normal,0.9361
vm2,92726,20261002-134031_clu_vm14-vm24_twonode_r1,9391,perf_20261002-134031_clu_vm14-vm24_twonode_r1,1,1150,1790948436757,0,1790948571529.381,108.031,4.892,1790948571642.549,Normal,0.9275
vm2,92726,20261002-134031_clu_vm14-vm24_twonode_r1,9398,perf_20261002-134031_clu_vm14-vm24_twonode_r1,1,1151,1790948436757,0,1790948571642.823,90.839,4.649,1790948571738.525,Normal,0.968
vm2,92726,20261002-134031_clu_vm14-vm24_twonode_r1,9404,perf_20261002-134031_clu_vm14-vm24_twonode_r1,1,1152,1790948436758,0,1790948571738.799,105.159,5.315,1790948571849.497,Normal,0.8023
vm2,92726,20261002-134031_clu_vm14-vm24_twonode_r1,9405,perf_20261002-134031_clu_vm14-vm24_twonode_r1,1,1153,1790948436758,0,1790948571849.904,88.652,4.246,1790948571943.056,Normal,0.9199
vm2,92726,20261002-134031_clu_vm14-vm24_twonode_r1,9417,perf_20261002-134031_clu_vm14-vm24_twonode_r1,1,1154,1790948436759,0,1790948571943.484,104.143,4.961,1790948572052.812,Normal,0.9608
vm2,92726,20261002-134031_clu_vm14-vm24_twonode_r1,9424,perf_20261002-134031_clu_vm14-vm24_twonode_r1,1,1155,1790948436760,0,1790948572053.162,142.174,5.59,1790948572201.177,Normal,0.9588
vm2,92726,20261002-134031_clu_vm14-vm24_twonode_r1,9428,perf_20261002-134031_clu_vm14-vm24_twonode_r1,1,1156,1790948436760,0,1790948572201.745,124.52,5.181,1790948572331.688,Normal,0.9171
vm2,92726,20261002-134031_clu_vm14-vm24_twonode_r1,9432,perf_20261002-134031_clu_vm14-vm24_twonode_r1,1,1157,1790948436760,0,1790948572332.029,109.817,5.125,1790948572447.208,Normal,0.9451
vm2,92726,20261002-134031_clu_vm14-vm24_twonode_r1,9435,perf_20261002-134031_clu_vm14-vm24_twonode_r1,1,1158,1790948436760,0,1790948572447.476,146.301,4.439,1790948572598.418,Normal,0.9729
vm2,92726,20261002-134031_clu_vm14-vm24_twonode_r1,9446,perf_20261002-134031_clu_vm14-vm24_twonode_r1,1,1159,1790948436762,0,1790948572598.734,106.591,4.925,1790948572710.442,Normal,0.9461
vm2,92726,20261002-134031_clu_vm14-vm24_twonode_r1,9452,perf_20261002-134031_clu_vm14-vm24_twonode_r1,1,1160,1790948436762,0,1790948572710.733,82.058,4.725,1790948572797.708,Normal,0.9134
vm2,92726,20261002-134031_clu_vm14-vm24_twonode_r1,9481,perf_20261002-134031_clu_vm14-vm24_twonode_r1,1,1161,1790948436765,0,1790948572797.972,86.922,4.873,1790948572889.978,Normal,0.6923
vm2,92726,20261002-134031_clu_vm14-vm24_twonode_r1,9494,perf_20261002-134031_clu_vm14-vm24_twonode_r1,1,1162,1790948436766,0,1790948572890.245,88.382,5.252,1790948572984.073,Normal,0.6727
vm2,92726,20261002-134031_clu_vm14-vm24_twonode_r1,9497,perf_20261002-134031_clu_vm14-vm24_twonode_r1,1,1163,1790948436766,0,1790948572984.382,111.171,5.434,1790948573101.207,Normal,0.9666
vm2,92726,20261002-134031_clu_vm14-vm24_twonode_r1,9498,perf_20261002-134031_clu_vm14-vm24_twonode_r1,1,1164,1790948436766,0,1790948573101.518,108.784,5.137,1790948573215.677,Normal,0.8545
vm2,92726,20261002-134031_clu_vm14-vm24_twonode_r1,9508,perf_20261002-134031_clu_vm14-vm24_twonode_r1,1,1165,1790948436775,0,1790948573215.996,114.411,13.734,1790948573344.336,Normal,0.9375
vm2,92726,20261002-134031_clu_vm14-vm24_twonode_r1,9531,perf_20261002-134031_clu_vm14-vm24_twonode_r1,1,1166,1790948436777,0,1790948573344.699,106.278,4.89,1790948573456.126,Normal,0.9541
vm2,92726,20261002-134031_clu_vm14-vm24_twonode_r1,9535,perf_20261002-134031_clu_vm14-vm24_twonode_r1,1,1167,1790948436777,0,1790948573456.462,112.367,5.04,1790948573574.09,Normal,0.8967
vm2,92726,20261002-134031_clu_vm14-vm24_twonode_r1,9541,perf_20261002-134031_clu_vm14-vm24_twonode_r1,1,1168,1790948436778,0,1790948573574.478,116.185,5.458,1790948573696.341,Normal,0.9698
vm2,92726,20261002-134031_clu_vm14-vm24_twonode_r1,9547,perf_20261002-134031_clu_vm14-vm24_twonode_r1,1,1169,1790948436778,0,1790948573696.705,94.221,5.144,1790948573796.301,Normal,0.93
vm2,92726,20261002-134031_clu_vm14-vm24_twonode_r1,9552,perf_20261002-134031_clu_vm14-vm24_twonode_r1,1,1170,1790948436779,0,1790948573796.579,115.508,5.813,1790948573918.19,Normal,0.9511
vm2,92726,20261002-134031_clu_vm14-vm24_twonode_r1,9554,perf_20261002-134031_clu_vm14-vm24_twonode_r1,1,1171,1790948436779,0,1790948573918.475,122.444,4.821,1790948574045.972,Normal,0.8212
vm2,92726,20261002-134031_clu_vm14-vm24_twonode_r1,9556,perf_20261002-134031_clu_vm14-vm24_twonode_r1,1,1172,1790948436779,0,1790948574046.242,100.635,5.304,1790948574152.394,Normal,0.9633
vm2,92726,20261002-134031_clu_vm14-vm24_twonode_r1,9578,perf_20261002-134031_clu_vm14-vm24_twonode_r1,1,1173,1790948436786,0,1790948574152.675,110.741,5.478,1790948574269.159,Normal,0.9393
vm2,92726,20261002-134031_clu_vm14-vm24_twonode_r1,9579,perf_20261002-134031_clu_vm14-vm24_twonode_r1,1,1174,1790948436786,0,1790948574269.641,202.623,8.411,1790948574480.893,Normal,0.9752
vm2,92726,20261002-134031_clu_vm14-vm24_twonode_r1,9604,perf_20261002-134031_clu_vm14-vm24_twonode_r1,1,1175,1790948436788,0,1790948574481.161,187.337,4.311,1790948574673.026,Normal,0.9669
vm2,92726,20261002-134031_clu_vm14-vm24_twonode_r1,9606,perf_20261002-134031_clu_vm14-vm24_twonode_r1,1,1176,1790948436788,0,1790948574673.443,88.891,4.86,1790948574767.443,Normal,0.9577
vm2,92726,20261002-134031_clu_vm14-vm24_twonode_r1,9607,perf_20261002-134031_clu_vm14-vm24_twonode_r1,1,1177,1790948436788,0,1790948574767.693,74.325,8.945,1790948574851.157,Normal,0.9499
vm2,92726,20261002-134031_clu_vm14-vm24_twonode_r1,9617,perf_20261002-134031_clu_vm14-vm24_twonode_r1,1,1178,1790948436789,0,1790948574851.423,151.457,5.236,1790948575008.394,Normal,0.9634
vm2,92726,20261002-134031_clu_vm14-vm24_twonode_r1,9621,perf_20261002-134031_clu_vm14-vm24_twonode_r1,1,1179,1790948436797,0,1790948575008.659,89.424,4.845,1790948575103.125,Normal,0.9663
vm2,92726,20261002-134031_clu_vm14-vm24_twonode_r1,9656,perf_20261002-134031_clu_vm14-vm24_twonode_r1,1,1180,1790948436850,0,1790948575103.407,72.943,4.525,1790948575181.069,Normal,0.976
vm2,92726,20261002-134031_clu_vm14-vm24_twonode_r1,9657,perf_20261002-134031_clu_vm14-vm24_twonode_r1,1,1181,1790948436850,0,1790948575181.434,102.434,5.462,1790948575289.525,Normal,0.6326
vm2,92726,20261002-134031_clu_vm14-vm24_twonode_r1,9658,perf_20261002-134031_clu_vm14-vm24_twonode_r1,1,1182,1790948436850,0,1790948575289.787,120.937,5.748,1790948575416.699,Normal,0.9375
vm2,92726,20261002-134031_clu_vm14-vm24_twonode_r1,9661,perf_20261002-134031_clu_vm14-vm24_twonode_r1,1,1183,1790948436851,0,1790948575416.978,88.691,5.909,1790948575511.78,Normal,0.9482
vm2,92726,20261002-134031_clu_vm14-vm24_twonode_r1,9665,perf_20261002-134031_clu_vm14-vm24_twonode_r1,1,1184,1790948436851,0,1790948575512.073,97.124,4.48,1790948575613.958,Normal,0.9798
vm2,92726,20261002-134031_clu_vm14-vm24_twonode_r1,9668,perf_20261002-134031_clu_vm14-vm24_twonode_r1,1,1185,1790948436852,0,1790948575614.222,75.501,3.852,1790948575693.767,Normal,0.8702
vm2,92726,20261002-134031_clu_vm14-vm24_twonode_r1,9683,perf_20261002-134031_clu_vm14-vm24_twonode_r1,1,1186,1790948436875,0,1790948575694.053,76.424,9.936,1790948575780.607,Normal,0.9662
vm2,92726,20261002-134031_clu_vm14-vm24_twonode_r1,9686,perf_20261002-134031_clu_vm14-vm24_twonode_r1,1,1187,1790948436876,0,1790948575780.88,86.193,4.731,1790948575872.009,Normal,0.9686
vm2,92726,20261002-134031_clu_vm14-vm24_twonode_r1,9688,perf_20261002-134031_clu_vm14-vm24_twonode_r1,1,1188,1790948436876,0,1790948575872.282,100.363,3.824,1790948575976.651,Normal,0.9313
vm2,92726,20261002-134031_clu_vm14-vm24_twonode_r1,9690,perf_20261002-134031_clu_vm14-vm24_twonode_r1,1,1189,1790948436877,0,1790948575976.924,161.508,4.79,1790948576143.415,Normal,0.9377
vm2,92726,20261002-134031_clu_vm14-vm24_twonode_r1,9693,perf_20261002-134031_clu_vm14-vm24_twonode_r1,1,1190,1790948436877,0,1790948576143.649,73.676,4.611,1790948576222.11,Normal,0.9569
vm2,92726,20261002-134031_clu_vm14-vm24_twonode_r1,9695,perf_20261002-134031_clu_vm14-vm24_twonode_r1,1,1191,1790948436886,0,1790948576222.336,108.357,4.583,1790948576335.468,Normal,0.8658
vm2,92726,20261002-134031_clu_vm14-vm24_twonode_r1,9698,perf_20261002-134031_clu_vm14-vm24_twonode_r1,1,1192,1790948436895,0,1790948576335.757,82.307,4.409,1790948576422.648,Normal,0.9798
vm2,92726,20261002-134031_clu_vm14-vm24_twonode_r1,9714,perf_20261002-134031_clu_vm14-vm24_twonode_r1,1,1193,1790948436899,0,1790948576422.872,72.638,5.286,1790948576500.979,Normal,0.5119
vm2,92726,20261002-134031_clu_vm14-vm24_twonode_r1,9719,perf_20261002-134031_clu_vm14-vm24_twonode_r1,1,1194,1790948436900,0,1790948576501.198,76.686,4.689,1790948576582.752,Normal,0.9619
vm2,92726,20261002-134031_clu_vm14-vm24_twonode_r1,9732,perf_20261002-134031_clu_vm14-vm24_twonode_r1,1,1195,1790948436903,0,1790948576582.99,90.52,13.329,1790948576687.045,Normal,0.9407
vm2,92726,20261002-134031_clu_vm14-vm24_twonode_r1,9743,perf_20261002-134031_clu_vm14-vm24_twonode_r1,1,1196,1790948436906,0,1790948576687.287,52.977,4.559,1790948576745.004,Normal,0.9383
vm2,92726,20261002-134031_clu_vm14-vm24_twonode_r1,9745,perf_20261002-134031_clu_vm14-vm24_twonode_r1,1,1197,1790948436906,0,1790948576745.205,61.785,4.632,1790948576811.798,Normal,0.9627
vm2,92726,20261002-134031_clu_vm14-vm24_twonode_r1,9750,perf_20261002-134031_clu_vm14-vm24_twonode_r1,1,1198,1790948436907,0,1790948576812.039,179.578,4.603,1790948576996.439,Normal,0.9663
vm2,92726,20261002-134031_clu_vm14-vm24_twonode_r1,9753,perf_20261002-134031_clu_vm14-vm24_twonode_r1,1,1199,1790948436907,0,1790948576996.686,74.455,4.1,1790948577075.424,Normal,0.9194
vm2,92726,20261002-134031_clu_vm14-vm24_twonode_r1,9772,perf_20261002-134031_clu_vm14-vm24_twonode_r1,1,1200,1790948436911,0,1790948577075.65,70.235,4.285,1790948577150.347,Normal,0.9264
vm2,92726,20261002-134031_clu_vm14-vm24_twonode_r1,9776,perf_20261002-134031_clu_vm14-vm24_twonode_r1,1,1201,1790948436912,0,1790948577150.572,77.712,4.432,1790948577232.894,Normal,0.9641
vm2,92726,20261002-134031_clu_vm14-vm24_twonode_r1,9777,perf_20261002-134031_clu_vm14-vm24_twonode_r1,1,1202,1790948436912,0,1790948577233.133,74.468,5.066,1790948577312.842,OFFENSIVE,0.7901
vm2,92726,20261002-134031_clu_vm14-vm24_twonode_r1,9782,perf_20261002-134031_clu_vm14-vm24_twonode_r1,1,1203,1790948436913,0,1790948577313.056,59.867,13.697,1790948577386.81,Normal,0.972
vm2,92726,20261002-134031_clu_vm14-vm24_twonode_r1,9785,perf_20261002-134031_clu_vm14-vm24_twonode_r1,1,1204,1790948436914,0,1790948577387.024,76.73,4.668,1790948577468.602,Normal,0.9641
vm2,92726,20261002-134031_clu_vm14-vm24_twonode_r1,9786,perf_20261002-134031_clu_vm14-vm24_twonode_r1,1,1205,1790948436914,0,1790948577468.821,62.137,3.96,1790948577535.086,Normal,0.9685
vm2,92726,20261002-134031_clu_vm14-vm24_twonode_r1,9796,perf_20261002-134031_clu_vm14-vm24_twonode_r1,1,1206,1790948436916,0,1790948577535.34,68.6,4.643,1790948577608.764,Normal,0.9254
vm2,92726,20261002-134031_clu_vm14-vm24_twonode_r1,9807,perf_20261002-134031_clu_vm14-vm24_twonode_r1,1,1207,1790948436918,0,1790948577608.979,113.699,4.045,1790948577726.922,Normal,0.9418
vm2,92726,20261002-134031_clu_vm14-vm24_twonode_r1,9818,perf_20261002-134031_clu_vm14-vm24_twonode_r1,1,1208,1790948436922,0,1790948577727.154,85.357,4.645,1790948577817.349,Normal,0.7154
vm2,92726,20261002-134031_clu_vm14-vm24_twonode_r1,9824,perf_20261002-134031_clu_vm14-vm24_twonode_r1,1,1209,1790948436923,0,1790948577817.592,59.272,4.683,1790948577881.804,Normal,0.9241
vm2,92726,20261002-134031_clu_vm14-vm24_twonode_r1,9827,perf_20261002-134031_clu_vm14-vm24_twonode_r1,1,1210,1790948436923,0,1790948577882.056,68.065,4.393,1790948577954.684,Normal,0.9534
vm2,92726,20261002-134031_clu_vm14-vm24_twonode_r1,9832,perf_20261002-134031_clu_vm14-vm24_twonode_r1,1,1211,1790948436924,0,1790948577954.914,216.464,4.136,1790948578175.722,Normal,0.9753
vm2,92726,20261002-134031_clu_vm14-vm24_twonode_r1,9834,perf_20261002-134031_clu_vm14-vm24_twonode_r1,1,1212,1790948436924,0,1790948578175.968,73.563,4.526,1790948578254.27,Normal,0.9501
vm2,92726,20261002-134031_clu_vm14-vm24_twonode_r1,9852,perf_20261002-134031_clu_vm14-vm24_twonode_r1,1,1213,1790948436925,0,1790948578254.552,61.911,4.782,1790948578321.455,Normal,0.9366
vm2,92726,20261002-134031_clu_vm14-vm24_twonode_r1,9870,perf_20261002-134031_clu_vm14-vm24_twonode_r1,1,1214,1790948436931,0,1790948578321.701,68.362,4.432,1790948578394.685,Normal,0.9509
vm2,92726,20261002-134031_clu_vm14-vm24_twonode_r1,9872,perf_20261002-134031_clu_vm14-vm24_twonode_r1,1,1215,1790948436931,0,1790948578394.913,52.629,7.117,1790948578454.84,Normal,0.8784
vm2,92726,20261002-134031_clu_vm14-vm24_twonode_r1,9883,perf_20261002-134031_clu_vm14-vm24_twonode_r1,1,1216,1790948436932,0,1790948578455.06,57.786,4.89,1790948578517.917,Normal,0.9642
vm2,92726,20261002-134031_clu_vm14-vm24_twonode_r1,9911,perf_20261002-134031_clu_vm14-vm24_twonode_r1,1,1217,1790948436935,0,1790948578518.163,58.399,5.13,1790948578581.88,Normal,0.937
vm2,92726,20261002-134031_clu_vm14-vm24_twonode_r1,9918,perf_20261002-134031_clu_vm14-vm24_twonode_r1,1,1218,1790948436935,0,1790948578582.151,61.673,4.905,1790948578648.917,Normal,0.9675
vm2,92726,20261002-134031_clu_vm14-vm24_twonode_r1,9929,perf_20261002-134031_clu_vm14-vm24_twonode_r1,1,1219,1790948436945,0,1790948578649.17,57.7,3.698,1790948578710.736,Normal,0.9424
vm2,92726,20261002-134031_clu_vm14-vm24_twonode_r1,9937,perf_20261002-134031_clu_vm14-vm24_twonode_r1,1,1220,1790948436956,0,1790948578710.956,63.042,4.99,1790948578779.179,Normal,0.931
vm2,92726,20261002-134031_clu_vm14-vm24_twonode_r1,9946,perf_20261002-134031_clu_vm14-vm24_twonode_r1,1,1221,1790948436957,0,1790948578779.42,61.585,5.94,1790948578847.134,Normal,0.9492
vm2,92726,20261002-134031_clu_vm14-vm24_twonode_r1,9947,perf_20261002-134031_clu_vm14-vm24_twonode_r1,1,1222,1790948436957,0,1790948578847.344,91.086,3.748,1790948578942.352,Normal,0.9548
vm2,92726,20261002-134031_clu_vm14-vm24_twonode_r1,9958,perf_20261002-134031_clu_vm14-vm24_twonode_r1,1,1223,1790948436970,0,1790948578942.591,76.298,4.007,1790948579023.118,Normal,0.879
vm2,92726,20261002-134031_clu_vm14-vm24_twonode_r1,9959,perf_20261002-134031_clu_vm14-vm24_twonode_r1,1,1224,1790948436970,0,1790948579023.355,70.509,4.763,1790948579098.804,Normal,0.9451
vm2,92726,20261002-134031_clu_vm14-vm24_twonode_r1,9967,perf_20261002-134031_clu_vm14-vm24_twonode_r1,1,1225,1790948436989,0,1790948579099.049,66.13,4.491,1790948579169.95,Normal,0.8553
vm2,92726,20261002-134031_clu_vm14-vm24_twonode_r1,9980,perf_20261002-134031_clu_vm14-vm24_twonode_r1,1,1226,1790948437007,0,1790948579170.186,61.809,4.003,1790948579236.206,Normal,0.9651
vm2,92726,20261002-134031_clu_vm14-vm24_twonode_r1,9990,perf_20261002-134031_clu_vm14-vm24_twonode_r1,1,1227,1790948437010,0,1790948579236.433,59.721,4.49,1790948579300.818,Normal,0.9589
vm2,92726,20261002-134031_clu_vm14-vm24_twonode_r1,9993,perf_20261002-134031_clu_vm14-vm24_twonode_r1,1,1228,1790948437011,0,1790948579301.033,60.903,4.601,1790948579366.727,Normal,0.954
