node,pid,run_id,seq,topic,partition,offset,kafka_ts_ms,kafka_ts_type,t_recv_ms,infer_ms,es_ms,t_done_ms,label,confidence
WIX,3984,20260924-000332_p4_c4_r3,4,perf_20260924-000332_p4_c4_r3,1,0,1790201013525,0,1790201035349.472,140.338,185.535,1790201035677.185,Normal,0.9588
WIX,3984,20260924-000332_p4_c4_r3,16,perf_20260924-000332_p4_c4_r3,1,1,1790201013526,0,1790201035677.185,76.847,7.923,1790201035762.954,Normal,0.9747
WIX,3984,20260924-000332_p4_c4_r3,24,perf_20260924-000332_p4_c4_r3,1,2,1790201013526,0,1790201035763.953,73.277,43.802,1790201035881.687,Normal,0.9411
WIX,3984,20260924-000332_p4_c4_r3,25,perf_20260924-000332_p4_c4_r3,1,3,1790201013526,0,1790201035882.688,72.47,45.283,1790201036001.437,Normal,0.6054
WIX,3984,20260924-000332_p4_c4_r3,29,perf_20260924-000332_p4_c4_r3,1,4,1790201013527,0,1790201036002.405,111.251,46.671,1790201036160.326,Normal,0.9553
WIX,3984,20260924-000332_p4_c4_r3,40,perf_20260924-000332_p4_c4_r3,1,5,1790201013528,0,1790201036160.836,48.034,44.496,1790201036254.365,Normal,0.9018
WIX,3984,20260924-000332_p4_c4_r3,46,perf_20260924-000332_p4_c4_r3,1,6,1790201013528,0,1790201036255.366,64.275,45.362,1790201036365.004,Normal,0.8951
WIX,3984,20260924-000332_p4_c4_r3,57,perf_20260924-000332_p4_c4_r3,1,7,1790201013529,0,1790201036365.004,58.685,45.776,1790201036470.981,Normal,0.5773
WIX,3984,20260924-000332_p4_c4_r3,59,perf_20260924-000332_p4_c4_r3,1,8,1790201013529,0,1790201036470.981,92.077,44.793,1790201036608.864,Normal,0.9787
WIX,3984,20260924-000332_p4_c4_r3,65,perf_20260924-000332_p4_c4_r3,1,9,1790201013530,0,1790201036609.863,48.626,48.188,1790201036706.677,Normal,0.963
WIX,3984,20260924-000332_p4_c4_r3,73,perf_20260924-000332_p4_c4_r3,1,10,1790201013530,0,1790201036707.688,70.817,46.864,1790201036826.367,Normal,0.9591
WIX,3984,20260924-000332_p4_c4_r3,75,perf_20260924-000332_p4_c4_r3,1,11,1790201013531,0,1790201036826.367,58.915,41.823,1790201036928.095,Normal,0.8729
WIX,3984,20260924-000332_p4_c4_r3,77,perf_20260924-000332_p4_c4_r3,1,12,1790201013531,0,1790201036928.095,33.878,46.869,1790201037009.845,OFFENSIVE,0.8247
WIX,3984,20260924-000332_p4_c4_r3,78,perf_20260924-000332_p4_c4_r3,1,13,1790201013531,0,1790201037010.948,49.468,45.174,1790201037107.104,Normal,0.9429
WIX,3984,20260924-000332_p4_c4_r3,81,perf_20260924-000332_p4_c4_r3,1,14,1790201013531,0,1790201037108.108,99.283,49.929,1790201037258.326,OFFENSIVE,0.7918
WIX,3984,20260924-000332_p4_c4_r3,84,perf_20260924-000332_p4_c4_r3,1,15,1790201013531,0,1790201037258.868,105.779,45.045,1790201037410.233,Normal,0.9755
WIX,3984,20260924-000332_p4_c4_r3,97,perf_20260924-000332_p4_c4_r3,1,16,1790201013532,0,1790201037411.237,69.292,48.101,1790201037528.63,Normal,0.8164
WIX,3984,20260924-000332_p4_c4_r3,100,perf_20260924-000332_p4_c4_r3,1,17,1790201013532,0,1790201037528.63,57.09,49.731,1790201037635.451,Normal,0.9603
WIX,3984,20260924-000332_p4_c4_r3,102,perf_20260924-000332_p4_c4_r3,1,18,1790201013532,0,1790201037635.451,62.623,43.739,1790201037742.803,HATE,0.6385
WIX,3984,20260924-000332_p4_c4_r3,107,perf_20260924-000332_p4_c4_r3,1,19,1790201013532,0,1790201037743.833,54.891,46.446,1790201037846.173,Normal,0.9703
WIX,3984,20260924-000332_p4_c4_r3,109,perf_20260924-000332_p4_c4_r3,1,20,1790201013532,0,1790201037847.173,47.312,43.278,1790201037938.723,Normal,0.9608
WIX,3984,20260924-000332_p4_c4_r3,114,perf_20260924-000332_p4_c4_r3,1,21,1790201013533,0,1790201037938.723,42.332,45.221,1790201038027.871,Normal,0.9496
WIX,3984,20260924-000332_p4_c4_r3,115,perf_20260924-000332_p4_c4_r3,1,22,1790201013533,0,1790201038027.871,54.148,44.328,1790201038127.354,Normal,0.9602
WIX,3984,20260924-000332_p4_c4_r3,117,perf_20260924-000332_p4_c4_r3,1,23,1790201013533,0,1790201038127.868,43.816,46.05,1790201038218.709,Normal,0.9592
WIX,3984,20260924-000332_p4_c4_r3,120,perf_20260924-000332_p4_c4_r3,1,24,1790201013533,0,1790201038218.709,54.059,45.003,1790201038318.332,Normal,0.9646
WIX,3984,20260924-000332_p4_c4_r3,123,perf_20260924-000332_p4_c4_r3,1,25,1790201013534,0,1790201038318.332,70.107,49.218,1790201038438.735,OFFENSIVE,0.9503
WIX,3984,20260924-000332_p4_c4_r3,127,perf_20260924-000332_p4_c4_r3,1,26,1790201013534,0,1790201038438.735,43.925,49.015,1790201038531.675,Normal,0.9559
WIX,3984,20260924-000332_p4_c4_r3,128,perf_20260924-000332_p4_c4_r3,1,27,1790201013534,0,1790201038531.675,73.21,45.143,1790201038650.729,Normal,0.9757
WIX,3984,20260924-000332_p4_c4_r3,132,perf_20260924-000332_p4_c4_r3,1,28,1790201013534,0,1790201038650.729,110.472,46.22,1790201038807.421,Normal,0.8913
WIX,3984,20260924-000332_p4_c4_r3,141,perf_20260924-000332_p4_c4_r3,1,29,1790201013534,0,1790201038808.424,46.78,51.778,1790201038907.988,Normal,0.8146
WIX,3984,20260924-000332_p4_c4_r3,143,perf_20260924-000332_p4_c4_r3,1,30,1790201013534,0,1790201038907.988,64.324,45.318,1790201039018.724,Normal,0.7611
WIX,3984,20260924-000332_p4_c4_r3,153,perf_20260924-000332_p4_c4_r3,1,31,1790201013549,0,1790201039019.726,79.75,49.947,1790201039149.423,Normal,0.8867
WIX,3984,20260924-000332_p4_c4_r3,155,perf_20260924-000332_p4_c4_r3,1,32,1790201013549,0,1790201039150.429,76.472,44.12,1790201039271.538,Normal,0.9005
WIX,3984,20260924-000332_p4_c4_r3,163,perf_20260924-000332_p4_c4_r3,1,33,1790201013549,0,1790201039272.536,49.331,60.348,1790201039382.216,Normal,0.9591
WIX,3984,20260924-000332_p4_c4_r3,164,perf_20260924-000332_p4_c4_r3,1,34,1790201013549,0,1790201039383.287,42.213,49.131,1790201039474.632,Normal,0.9336
WIX,3984,20260924-000332_p4_c4_r3,170,perf_20260924-000332_p4_c4_r3,1,35,1790201013550,0,1790201039474.632,37.737,46.737,1790201039560.104,Normal,0.9651
WIX,3984,20260924-000332_p4_c4_r3,174,perf_20260924-000332_p4_c4_r3,1,36,1790201013550,0,1790201039561.108,38.312,46.961,1790201039647.378,Normal,0.9135
WIX,3984,20260924-000332_p4_c4_r3,179,perf_20260924-000332_p4_c4_r3,1,37,1790201013550,0,1790201039647.378,41.567,45.226,1790201039735.165,Normal,0.9672
WIX,3984,20260924-000332_p4_c4_r3,180,perf_20260924-000332_p4_c4_r3,1,38,1790201013551,0,1790201039735.165,51.053,50.644,1790201039837.871,Normal,0.6954
WIX,3984,20260924-000332_p4_c4_r3,183,perf_20260924-000332_p4_c4_r3,1,39,1790201013551,0,1790201039838.879,50.835,46.807,1790201039937.518,Normal,0.9708
WIX,3984,20260924-000332_p4_c4_r3,191,perf_20260924-000332_p4_c4_r3,1,40,1790201013551,0,1790201039937.518,48.223,46.923,1790201040033.664,Normal,0.9336
WIX,3984,20260924-000332_p4_c4_r3,197,perf_20260924-000332_p4_c4_r3,1,41,1790201013552,0,1790201040033.664,53.695,45.398,1790201040133.772,Normal,0.954
WIX,3984,20260924-000332_p4_c4_r3,206,perf_20260924-000332_p4_c4_r3,1,42,1790201013552,0,1790201040133.772,40.139,48.532,1790201040223.444,Normal,0.9386
WIX,3984,20260924-000332_p4_c4_r3,208,perf_20260924-000332_p4_c4_r3,1,43,1790201013552,0,1790201040224.439,42.81,69.504,1790201040337.767,Normal,0.9463
WIX,3984,20260924-000332_p4_c4_r3,209,perf_20260924-000332_p4_c4_r3,1,44,1790201013552,0,1790201040338.767,69.404,46.791,1790201040454.961,Normal,0.745
WIX,3984,20260924-000332_p4_c4_r3,210,perf_20260924-000332_p4_c4_r3,1,45,1790201013553,0,1790201040454.961,48.097,50.928,1790201040555.428,Normal,0.958
WIX,3984,20260924-000332_p4_c4_r3,216,perf_20260924-000332_p4_c4_r3,1,46,1790201013553,0,1790201040555.428,49.227,47.016,1790201040652.674,Normal,0.9589
WIX,3984,20260924-000332_p4_c4_r3,218,perf_20260924-000332_p4_c4_r3,1,47,1790201013553,0,1790201040652.674,60.516,47.544,1790201040760.735,Normal,0.9626
WIX,3984,20260924-000332_p4_c4_r3,224,perf_20260924-000332_p4_c4_r3,1,48,1790201013553,0,1790201040761.283,56.636,50.159,1790201040869.054,Normal,0.9371
WIX,3984,20260924-000332_p4_c4_r3,225,perf_20260924-000332_p4_c4_r3,1,49,1790201013553,0,1790201040869.054,54.801,48.886,1790201040972.742,Normal,0.9715
WIX,3984,20260924-000332_p4_c4_r3,228,perf_20260924-000332_p4_c4_r3,1,50,1790201013554,0,1790201040973.741,46.061,45.897,1790201041065.699,Normal,0.9609
WIX,3984,20260924-000332_p4_c4_r3,236,perf_20260924-000332_p4_c4_r3,1,51,1790201013554,0,1790201041065.699,71.213,46.146,1790201041184.057,Normal,0.9608
WIX,3984,20260924-000332_p4_c4_r3,238,perf_20260924-000332_p4_c4_r3,1,52,1790201013554,0,1790201041184.057,47.332,47.988,1790201041279.377,Normal,0.9618
WIX,3984,20260924-000332_p4_c4_r3,249,perf_20260924-000332_p4_c4_r3,1,53,1790201013555,0,1790201041279.377,41.722,45.895,1790201041366.994,Normal,0.9589
WIX,3984,20260924-000332_p4_c4_r3,250,perf_20260924-000332_p4_c4_r3,1,54,1790201013555,0,1790201041367.994,41.385,46.303,1790201041455.682,Normal,0.8412
WIX,3984,20260924-000332_p4_c4_r3,251,perf_20260924-000332_p4_c4_r3,1,55,1790201013555,0,1790201041455.682,50.609,45.063,1790201041552.352,Normal,0.882
WIX,3984,20260924-000332_p4_c4_r3,255,perf_20260924-000332_p4_c4_r3,1,56,1790201013555,0,1790201041552.352,46.962,48.334,1790201041648.665,Normal,0.7941
WIX,3984,20260924-000332_p4_c4_r3,256,perf_20260924-000332_p4_c4_r3,1,57,1790201013555,0,1790201041649.666,43.665,48.277,1790201041742.598,Normal,0.9593
WIX,3984,20260924-000332_p4_c4_r3,263,perf_20260924-000332_p4_c4_r3,1,58,1790201013556,0,1790201041743.64,38.306,47.682,1790201041830.39,Normal,0.9468
WIX,3984,20260924-000332_p4_c4_r3,264,perf_20260924-000332_p4_c4_r3,1,59,1790201013556,0,1790201041831.403,55.412,52.463,1790201041940.279,Normal,0.9393
WIX,3984,20260924-000332_p4_c4_r3,268,perf_20260924-000332_p4_c4_r3,1,60,1790201013556,0,1790201041941.308,52.817,42.685,1790201042037.803,Normal,0.9547
WIX,3984,20260924-000332_p4_c4_r3,270,perf_20260924-000332_p4_c4_r3,1,61,1790201013556,0,1790201042037.803,150.595,54.555,1790201042243.948,Normal,0.8744
WIX,3984,20260924-000332_p4_c4_r3,273,perf_20260924-000332_p4_c4_r3,1,62,1790201013556,0,1790201042244.951,53.412,49.29,1790201042347.653,Normal,0.9007
WIX,3984,20260924-000332_p4_c4_r3,276,perf_20260924-000332_p4_c4_r3,1,63,1790201013557,0,1790201042348.694,41.152,47.92,1790201042438.761,Normal,0.9627
WIX,3984,20260924-000332_p4_c4_r3,282,perf_20260924-000332_p4_c4_r3,1,64,1790201013557,0,1790201042438.761,55.611,48.291,1790201042543.666,Normal,0.9468
WIX,3984,20260924-000332_p4_c4_r3,283,perf_20260924-000332_p4_c4_r3,1,65,1790201013557,0,1790201042544.282,59.907,50.202,1790201042654.391,Normal,0.9555
WIX,3984,20260924-000332_p4_c4_r3,285,perf_20260924-000332_p4_c4_r3,1,66,1790201013557,0,1790201042655.39,52.556,53.286,1790201042762.083,Normal,0.9385
WIX,3984,20260924-000332_p4_c4_r3,290,perf_20260924-000332_p4_c4_r3,1,67,1790201013557,0,1790201042762.083,116.499,49.363,1790201042927.945,Normal,0.9541
WIX,3984,20260924-000332_p4_c4_r3,296,perf_20260924-000332_p4_c4_r3,1,68,1790201013557,0,1790201042928.48,82.238,50.252,1790201043061.995,Normal,0.9181
WIX,3984,20260924-000332_p4_c4_r3,299,perf_20260924-000332_p4_c4_r3,1,69,1790201013557,0,1790201043061.995,76.635,48.879,1790201043188.525,HATE,0.4772
WIX,3984,20260924-000332_p4_c4_r3,307,perf_20260924-000332_p4_c4_r3,1,70,1790201013559,0,1790201043189.544,128.785,48.918,1790201043367.247,Normal,0.7019
WIX,3984,20260924-000332_p4_c4_r3,312,perf_20260924-000332_p4_c4_r3,1,71,1790201013559,0,1790201043367.247,67.474,54.466,1790201043489.187,Normal,0.97
WIX,3984,20260924-000332_p4_c4_r3,324,perf_20260924-000332_p4_c4_r3,1,72,1790201013560,0,1790201043489.187,79.648,51.361,1790201043620.195,Normal,0.8205
WIX,3984,20260924-000332_p4_c4_r3,325,perf_20260924-000332_p4_c4_r3,1,73,1790201013560,0,1790201043620.195,111.097,48.453,1790201043780.743,Normal,0.9369
WIX,3984,20260924-000332_p4_c4_r3,327,perf_20260924-000332_p4_c4_r3,1,74,1790201013560,0,1790201043780.743,87.336,49.506,1790201043917.585,Normal,0.7849
WIX,3984,20260924-000332_p4_c4_r3,331,perf_20260924-000332_p4_c4_r3,1,75,1790201013560,0,1790201043917.585,85.389,49.027,1790201044053.002,Normal,0.9246
WIX,3984,20260924-000332_p4_c4_r3,338,perf_20260924-000332_p4_c4_r3,1,76,1790201013561,0,1790201044054.014,67.052,49.259,1790201044171.327,Normal,0.9247
WIX,3984,20260924-000332_p4_c4_r3,339,perf_20260924-000332_p4_c4_r3,1,77,1790201013561,0,1790201044172.119,66.304,46.327,1790201044285.739,Normal,0.8636
WIX,3984,20260924-000332_p4_c4_r3,340,perf_20260924-000332_p4_c4_r3,1,78,1790201013561,0,1790201044285.739,54.588,54.226,1790201044395.568,Normal,0.9273
WIX,3984,20260924-000332_p4_c4_r3,342,perf_20260924-000332_p4_c4_r3,1,79,1790201013561,0,1790201044395.568,69.068,43.088,1790201044508.726,Normal,0.9492
WIX,3984,20260924-000332_p4_c4_r3,349,perf_20260924-000332_p4_c4_r3,1,80,1790201013562,0,1790201044508.726,62.866,45.595,1790201044618.716,Normal,0.9309
WIX,3984,20260924-000332_p4_c4_r3,351,perf_20260924-000332_p4_c4_r3,1,81,1790201013562,0,1790201044619.254,67.775,50.837,1790201044739.393,Normal,0.9297
WIX,3984,20260924-000332_p4_c4_r3,356,perf_20260924-000332_p4_c4_r3,1,82,1790201013562,0,1790201044739.393,54.485,53.756,1790201044847.634,Normal,0.9157
WIX,3984,20260924-000332_p4_c4_r3,363,perf_20260924-000332_p4_c4_r3,1,83,1790201013562,0,1790201044848.627,49.514,48.077,1790201044946.218,Normal,0.9403
WIX,3984,20260924-000332_p4_c4_r3,365,perf_20260924-000332_p4_c4_r3,1,84,1790201013563,0,1790201044947.222,70.935,43.28,1790201045062.443,Normal,0.9371
WIX,3984,20260924-000332_p4_c4_r3,370,perf_20260924-000332_p4_c4_r3,1,85,1790201013563,0,1790201045063.443,53.105,44.851,1790201045162.398,Normal,0.9512
WIX,3984,20260924-000332_p4_c4_r3,371,perf_20260924-000332_p4_c4_r3,1,86,1790201013563,0,1790201045162.398,57.672,46.543,1790201045267.603,Normal,0.9728
WIX,3984,20260924-000332_p4_c4_r3,373,perf_20260924-000332_p4_c4_r3,1,87,1790201013563,0,1790201045267.603,33.007,50.26,1790201045350.869,Normal,0.5223
WIX,3984,20260924-000332_p4_c4_r3,374,perf_20260924-000332_p4_c4_r3,1,88,1790201013563,0,1790201045350.869,124.507,51.167,1790201045527.542,Normal,0.9543
WIX,3984,20260924-000332_p4_c4_r3,377,perf_20260924-000332_p4_c4_r3,1,89,1790201013563,0,1790201045527.542,54.292,44.106,1790201045625.94,Normal,0.83
WIX,3984,20260924-000332_p4_c4_r3,382,perf_20260924-000332_p4_c4_r3,1,90,1790201013563,0,1790201045626.938,42.822,46.013,1790201045715.773,Normal,0.9451
WIX,3984,20260924-000332_p4_c4_r3,385,perf_20260924-000332_p4_c4_r3,1,91,1790201013564,0,1790201045716.771,49.848,47.583,1790201045814.711,OFFENSIVE,0.9346
WIX,3984,20260924-000332_p4_c4_r3,388,perf_20260924-000332_p4_c4_r3,1,92,1790201013564,0,1790201045815.71,48.04,45.992,1790201045910.767,Normal,0.9424
WIX,3984,20260924-000332_p4_c4_r3,392,perf_20260924-000332_p4_c4_r3,1,93,1790201013564,0,1790201045911.772,56.014,49.579,1790201046018.376,Normal,0.9482
WIX,3984,20260924-000332_p4_c4_r3,393,perf_20260924-000332_p4_c4_r3,1,94,1790201013564,0,1790201046019.379,35.224,45.748,1790201046101.352,Normal,0.9671
WIX,3984,20260924-000332_p4_c4_r3,395,perf_20260924-000332_p4_c4_r3,1,95,1790201013564,0,1790201046102.349,39.284,48.019,1790201046190.655,Normal,0.9255
WIX,3984,20260924-000332_p4_c4_r3,398,perf_20260924-000332_p4_c4_r3,1,96,1790201013564,0,1790201046190.655,70.085,47.325,1790201046308.065,Normal,0.9401
WIX,3984,20260924-000332_p4_c4_r3,401,perf_20260924-000332_p4_c4_r3,1,97,1790201013564,0,1790201046308.065,47.661,48.185,1790201046404.911,Normal,0.9572
WIX,3984,20260924-000332_p4_c4_r3,406,perf_20260924-000332_p4_c4_r3,1,98,1790201013564,0,1790201046404.911,45.017,49.311,1790201046499.239,Normal,0.9375
WIX,3984,20260924-000332_p4_c4_r3,407,perf_20260924-000332_p4_c4_r3,1,99,1790201013564,0,1790201046499.239,55.1,49.641,1790201046605.49,Normal,0.9375
WIX,3984,20260924-000332_p4_c4_r3,413,perf_20260924-000332_p4_c4_r3,1,100,1790201013579,0,1790201046605.49,56.449,49.445,1790201046712.325,Normal,0.9717
WIX,3984,20260924-000332_p4_c4_r3,416,perf_20260924-000332_p4_c4_r3,1,101,1790201013579,0,1790201046712.325,54.801,44.609,1790201046811.735,Normal,0.9646
WIX,3984,20260924-000332_p4_c4_r3,418,perf_20260924-000332_p4_c4_r3,1,102,1790201013579,0,1790201046813.31,64.064,44.587,1790201046923.001,Normal,0.9585
WIX,3984,20260924-000332_p4_c4_r3,420,perf_20260924-000332_p4_c4_r3,1,103,1790201013579,0,1790201046923.001,48.393,48.116,1790201047019.511,Normal,0.8658
WIX,3984,20260924-000332_p4_c4_r3,425,perf_20260924-000332_p4_c4_r3,1,104,1790201013579,0,1790201047019.511,48.193,47.223,1790201047114.926,Normal,0.97
WIX,3984,20260924-000332_p4_c4_r3,426,perf_20260924-000332_p4_c4_r3,1,105,1790201013580,0,1790201047114.926,69.901,45.106,1790201047229.934,Normal,0.9742
WIX,3984,20260924-000332_p4_c4_r3,430,perf_20260924-000332_p4_c4_r3,1,106,1790201013580,0,1790201047230.933,87.101,62.144,1790201047381.259,Normal,0.9661
WIX,3984,20260924-000332_p4_c4_r3,433,perf_20260924-000332_p4_c4_r3,1,107,1790201013580,0,1790201047381.817,69.968,46.561,1790201047498.855,Normal,0.6391
WIX,3984,20260924-000332_p4_c4_r3,442,perf_20260924-000332_p4_c4_r3,1,108,1790201013581,0,1790201047499.865,48.559,45.51,1790201047594.95,Normal,0.9435
WIX,3984,20260924-000332_p4_c4_r3,444,perf_20260924-000332_p4_c4_r3,1,109,1790201013581,0,1790201047594.95,38.916,47.17,1790201047681.036,Normal,0.9668
WIX,3984,20260924-000332_p4_c4_r3,454,perf_20260924-000332_p4_c4_r3,1,110,1790201013581,0,1790201047682.035,35.13,45.539,1790201047762.704,Normal,0.8658
WIX,3984,20260924-000332_p4_c4_r3,463,perf_20260924-000332_p4_c4_r3,1,111,1790201013581,0,1790201047763.292,49.61,47.228,1790201047860.13,Normal,0.9462
WIX,3984,20260924-000332_p4_c4_r3,464,perf_20260924-000332_p4_c4_r3,1,112,1790201013581,0,1790201047861.13,77.367,50.701,1790201047990.201,Normal,0.9753
WIX,3984,20260924-000332_p4_c4_r3,468,perf_20260924-000332_p4_c4_r3,1,113,1790201013583,0,1790201047990.201,66.623,50.508,1790201048107.333,Normal,0.948
WIX,3984,20260924-000332_p4_c4_r3,477,perf_20260924-000332_p4_c4_r3,1,114,1790201013583,0,1790201048107.333,58.765,46.144,1790201048212.846,Normal,0.9536
WIX,3984,20260924-000332_p4_c4_r3,481,perf_20260924-000332_p4_c4_r3,1,115,1790201013583,0,1790201048213.882,65.222,47.956,1790201048328.061,Normal,0.963
WIX,3984,20260924-000332_p4_c4_r3,489,perf_20260924-000332_p4_c4_r3,1,116,1790201013584,0,1790201048329.501,70.647,48.981,1790201048449.128,Normal,0.9201
WIX,3984,20260924-000332_p4_c4_r3,495,perf_20260924-000332_p4_c4_r3,1,117,1790201013584,0,1790201048450.138,60.171,47.201,1790201048558.511,Normal,0.9515
WIX,3984,20260924-000332_p4_c4_r3,498,perf_20260924-000332_p4_c4_r3,1,118,1790201013584,0,1790201048559.508,67.679,45.465,1790201048673.641,Normal,0.9508
WIX,3984,20260924-000332_p4_c4_r3,501,perf_20260924-000332_p4_c4_r3,1,119,1790201013585,0,1790201048673.641,58.366,43.346,1790201048776.349,Normal,0.9259
WIX,3984,20260924-000332_p4_c4_r3,502,perf_20260924-000332_p4_c4_r3,1,120,1790201013585,0,1790201048777.345,46.037,58.689,1790201048882.071,Normal,0.9375
WIX,3984,20260924-000332_p4_c4_r3,505,perf_20260924-000332_p4_c4_r3,1,121,1790201013585,0,1790201048883.578,65.387,44.032,1790201048993.995,Normal,0.9435
WIX,3984,20260924-000332_p4_c4_r3,509,perf_20260924-000332_p4_c4_r3,1,122,1790201013585,0,1790201048994.993,47.71,46.345,1790201049090.04,Normal,0.4947
WIX,3984,20260924-000332_p4_c4_r3,510,perf_20260924-000332_p4_c4_r3,1,123,1790201013585,0,1790201049090.04,34.578,47.398,1790201049173.031,Normal,0.9581
WIX,3984,20260924-000332_p4_c4_r3,513,perf_20260924-000332_p4_c4_r3,1,124,1790201013585,0,1790201049174.031,32.744,49.236,1790201049256.011,Normal,0.9627
WIX,3984,20260924-000332_p4_c4_r3,516,perf_20260924-000332_p4_c4_r3,1,125,1790201013586,0,1790201049256.011,54.586,48.021,1790201049358.618,Normal,0.9529
WIX,3984,20260924-000332_p4_c4_r3,524,perf_20260924-000332_p4_c4_r3,1,126,1790201013586,0,1790201049358.618,67.528,49.369,1790201049476.949,Normal,0.977
WIX,3984,20260924-000332_p4_c4_r3,530,perf_20260924-000332_p4_c4_r3,1,127,1790201013587,0,1790201049476.949,45.116,45.429,1790201049567.494,OFFENSIVE,0.6533
WIX,3984,20260924-000332_p4_c4_r3,536,perf_20260924-000332_p4_c4_r3,1,128,1790201013587,0,1790201049567.494,59.749,47.943,1790201049676.185,Normal,0.9394
WIX,3984,20260924-000332_p4_c4_r3,542,perf_20260924-000332_p4_c4_r3,1,129,1790201013587,0,1790201049676.185,41.116,51.868,1790201049769.169,Normal,0.9717
WIX,3984,20260924-000332_p4_c4_r3,551,perf_20260924-000332_p4_c4_r3,1,130,1790201013588,0,1790201049769.169,115.477,49.015,1790201049933.661,Normal,0.9764
WIX,3984,20260924-000332_p4_c4_r3,552,perf_20260924-000332_p4_c4_r3,1,131,1790201013588,0,1790201049934.659,117.957,49.883,1790201050103.499,Normal,0.9501
WIX,3984,20260924-000332_p4_c4_r3,555,perf_20260924-000332_p4_c4_r3,1,132,1790201013588,0,1790201050103.499,60.22,47.178,1790201050211.897,Normal,0.9387
WIX,3984,20260924-000332_p4_c4_r3,556,perf_20260924-000332_p4_c4_r3,1,133,1790201013588,0,1790201050211.897,58.313,47.217,1790201050317.428,Normal,0.8661
WIX,3984,20260924-000332_p4_c4_r3,557,perf_20260924-000332_p4_c4_r3,1,134,1790201013588,0,1790201050317.428,61.506,44.999,1790201050423.933,Normal,0.9607
WIX,3984,20260924-000332_p4_c4_r3,559,perf_20260924-000332_p4_c4_r3,1,135,1790201013588,0,1790201050423.933,64.179,56.45,1790201050545.563,Normal,0.9652
WIX,3984,20260924-000332_p4_c4_r3,577,perf_20260924-000332_p4_c4_r3,1,136,1790201013589,0,1790201050545.563,88.991,45.548,1790201050680.103,Normal,0.9719
WIX,3984,20260924-000332_p4_c4_r3,585,perf_20260924-000332_p4_c4_r3,1,137,1790201013590,0,1790201050680.103,70.077,47.663,1790201050797.843,Normal,0.9524
WIX,3984,20260924-000332_p4_c4_r3,595,perf_20260924-000332_p4_c4_r3,1,138,1790201013591,0,1790201050797.843,50.242,43.754,1790201050892.842,Normal,0.9467
WIX,3984,20260924-000332_p4_c4_r3,601,perf_20260924-000332_p4_c4_r3,1,139,1790201013591,0,1790201050893.859,45.27,45.122,1790201050985.27,Normal,0.507
WIX,3984,20260924-000332_p4_c4_r3,606,perf_20260924-000332_p4_c4_r3,1,140,1790201013591,0,1790201050985.27,43.966,44.285,1790201051074.512,Normal,0.9309
WIX,3984,20260924-000332_p4_c4_r3,609,perf_20260924-000332_p4_c4_r3,1,141,1790201013591,0,1790201051074.512,47.078,44.383,1790201051166.975,Normal,0.9494
WIX,3984,20260924-000332_p4_c4_r3,612,perf_20260924-000332_p4_c4_r3,1,142,1790201013592,0,1790201051166.975,62.898,47.842,1790201051278.348,Normal,0.9615
WIX,3984,20260924-000332_p4_c4_r3,616,perf_20260924-000332_p4_c4_r3,1,143,1790201013592,0,1790201051278.348,121.068,41.737,1790201051442.124,Normal,0.9635
WIX,3984,20260924-000332_p4_c4_r3,618,perf_20260924-000332_p4_c4_r3,1,144,1790201013592,0,1790201051443.846,51.12,43.792,1790201051539.751,Normal,0.9525
WIX,3984,20260924-000332_p4_c4_r3,624,perf_20260924-000332_p4_c4_r3,1,145,1790201013593,0,1790201051539.751,38.508,47.554,1790201051625.813,Normal,0.912
WIX,3984,20260924-000332_p4_c4_r3,627,perf_20260924-000332_p4_c4_r3,1,146,1790201013593,0,1790201051626.815,43.094,51.801,1790201051721.71,Normal,0.954
WIX,3984,20260924-000332_p4_c4_r3,631,perf_20260924-000332_p4_c4_r3,1,147,1790201013593,0,1790201051721.71,43.361,50.565,1790201051816.386,Normal,0.9619
WIX,3984,20260924-000332_p4_c4_r3,632,perf_20260924-000332_p4_c4_r3,1,148,1790201013593,0,1790201051816.386,58.784,53.982,1790201051929.728,Normal,0.7526
WIX,3984,20260924-000332_p4_c4_r3,637,perf_20260924-000332_p4_c4_r3,1,149,1790201013593,0,1790201051930.251,55.832,48.741,1790201052034.824,Normal,0.9534
WIX,3984,20260924-000332_p4_c4_r3,645,perf_20260924-000332_p4_c4_r3,1,150,1790201013594,0,1790201052034.824,60.107,48.904,1790201052144.356,Normal,0.9333
WIX,3984,20260924-000332_p4_c4_r3,651,perf_20260924-000332_p4_c4_r3,1,151,1790201013594,0,1790201052145.365,46.826,46.678,1790201052239.868,Normal,0.9172
WIX,3984,20260924-000332_p4_c4_r3,653,perf_20260924-000332_p4_c4_r3,1,152,1790201013594,0,1790201052240.881,63.818,44.604,1790201052350.302,Normal,0.9105
WIX,3984,20260924-000332_p4_c4_r3,656,perf_20260924-000332_p4_c4_r3,1,153,1790201013595,0,1790201052351.303,102.309,49.111,1790201052502.722,Normal,0.9752
WIX,3984,20260924-000332_p4_c4_r3,671,perf_20260924-000332_p4_c4_r3,1,154,1790201013596,0,1790201052503.719,62.383,46.53,1790201052614.516,Normal,0.9373
WIX,3984,20260924-000332_p4_c4_r3,672,perf_20260924-000332_p4_c4_r3,1,155,1790201013596,0,1790201052614.516,101.002,50.807,1790201052766.324,Normal,0.9027
WIX,3984,20260924-000332_p4_c4_r3,686,perf_20260924-000332_p4_c4_r3,1,156,1790201013596,0,1790201052766.324,44.822,45.891,1790201052859.158,Normal,0.9423
WIX,3984,20260924-000332_p4_c4_r3,688,perf_20260924-000332_p4_c4_r3,1,157,1790201013597,0,1790201052860.155,52.131,45.513,1790201052957.799,Normal,0.8369
WIX,3984,20260924-000332_p4_c4_r3,690,perf_20260924-000332_p4_c4_r3,1,158,1790201013598,0,1790201052957.799,41.802,46.46,1790201053047.061,Normal,0.8982
WIX,3984,20260924-000332_p4_c4_r3,693,perf_20260924-000332_p4_c4_r3,1,159,1790201013598,0,1790201053047.061,35.514,45.686,1790201053129.302,Normal,0.9075
WIX,3984,20260924-000332_p4_c4_r3,694,perf_20260924-000332_p4_c4_r3,1,160,1790201013598,0,1790201053130.324,65.658,50.132,1790201053247.109,Normal,0.932
WIX,3984,20260924-000332_p4_c4_r3,700,perf_20260924-000332_p4_c4_r3,1,161,1790201013598,0,1790201053247.109,49.868,47.47,1790201053344.448,Normal,0.9612
WIX,3984,20260924-000332_p4_c4_r3,706,perf_20260924-000332_p4_c4_r3,1,162,1790201013599,0,1790201053345.462,46.324,47.951,1790201053440.696,Normal,0.9605
WIX,3984,20260924-000332_p4_c4_r3,707,perf_20260924-000332_p4_c4_r3,1,163,1790201013599,0,1790201053440.696,54.519,48.535,1790201053544.71,Normal,0.9514
WIX,3984,20260924-000332_p4_c4_r3,710,perf_20260924-000332_p4_c4_r3,1,164,1790201013599,0,1790201053544.71,49.786,48.287,1790201053642.783,Normal,0.9473
WIX,3984,20260924-000332_p4_c4_r3,711,perf_20260924-000332_p4_c4_r3,1,165,1790201013599,0,1790201053643.788,57.491,45.833,1790201053748.107,Normal,0.9306
WIX,3984,20260924-000332_p4_c4_r3,727,perf_20260924-000332_p4_c4_r3,1,166,1790201013600,0,1790201053749.107,60.945,48.666,1790201053859.737,Normal,0.9411
WIX,3984,20260924-000332_p4_c4_r3,728,perf_20260924-000332_p4_c4_r3,1,167,1790201013600,0,1790201053859.737,76.974,47.621,1790201053985.445,Normal,0.9173
WIX,3984,20260924-000332_p4_c4_r3,730,perf_20260924-000332_p4_c4_r3,1,168,1790201013600,0,1790201053985.445,36.28,43.37,1790201054066.082,Normal,0.9375
WIX,3984,20260924-000332_p4_c4_r3,735,perf_20260924-000332_p4_c4_r3,1,169,1790201013600,0,1790201054066.082,53.934,45.404,1790201054165.42,Normal,0.965
WIX,3984,20260924-000332_p4_c4_r3,743,perf_20260924-000332_p4_c4_r3,1,170,1790201013601,0,1790201054166.42,36.606,46.206,1790201054250.227,Normal,0.9255
WIX,3984,20260924-000332_p4_c4_r3,746,perf_20260924-000332_p4_c4_r3,1,171,1790201013601,0,1790201054251.229,37.044,45.32,1790201054333.593,Normal,0.8735
WIX,3984,20260924-000332_p4_c4_r3,748,perf_20260924-000332_p4_c4_r3,1,172,1790201013601,0,1790201054334.619,61.925,48.554,1790201054446.298,Normal,0.9716
WIX,3984,20260924-000332_p4_c4_r3,752,perf_20260924-000332_p4_c4_r3,1,173,1790201013601,0,1790201054447.298,50.865,45.877,1790201054545.034,Normal,0.9727
WIX,3984,20260924-000332_p4_c4_r3,754,perf_20260924-000332_p4_c4_r3,1,174,1790201013601,0,1790201054546.033,51.871,47.089,1790201054645.656,Normal,0.9639
WIX,3984,20260924-000332_p4_c4_r3,763,perf_20260924-000332_p4_c4_r3,1,175,1790201013602,0,1790201054646.661,71.085,47.974,1790201054765.72,Normal,0.9608
WIX,3984,20260924-000332_p4_c4_r3,768,perf_20260924-000332_p4_c4_r3,1,176,1790201013602,0,1790201054766.768,74.004,50.408,1790201054891.179,Normal,0.9658
WIX,3984,20260924-000332_p4_c4_r3,772,perf_20260924-000332_p4_c4_r3,1,177,1790201013602,0,1790201054892.183,73.788,45.013,1790201055011.981,Normal,0.5441
WIX,3984,20260924-000332_p4_c4_r3,775,perf_20260924-000332_p4_c4_r3,1,178,1790201013603,0,1790201055011.981,53.9,44.872,1790201055112.279,Normal,0.9608
WIX,3984,20260924-000332_p4_c4_r3,776,perf_20260924-000332_p4_c4_r3,1,179,1790201013603,0,1790201055113.276,53.346,46.566,1790201055214.193,Normal,0.806
WIX,3984,20260924-000332_p4_c4_r3,786,perf_20260924-000332_p4_c4_r3,1,180,1790201013603,0,1790201055215.209,68.592,45.881,1790201055332.22,Normal,0.961
WIX,3984,20260924-000332_p4_c4_r3,788,perf_20260924-000332_p4_c4_r3,1,181,1790201013603,0,1790201055333.221,81.074,53.872,1790201055469.166,Normal,0.9574
WIX,3984,20260924-000332_p4_c4_r3,800,perf_20260924-000332_p4_c4_r3,1,182,1790201013604,0,1790201055469.166,104.179,53.751,1790201055628.108,Normal,0.9678
WIX,3984,20260924-000332_p4_c4_r3,810,perf_20260924-000332_p4_c4_r3,1,183,1790201013605,0,1790201055629.102,84.116,43.345,1790201055757.563,Normal,0.9533
WIX,3984,20260924-000332_p4_c4_r3,815,perf_20260924-000332_p4_c4_r3,1,184,1790201013605,0,1790201055757.563,85.696,49.362,1790201055893.646,Normal,0.9759
WIX,3984,20260924-000332_p4_c4_r3,816,perf_20260924-000332_p4_c4_r3,1,185,1790201013605,0,1790201055893.646,63.798,43.496,1790201056001.94,Normal,0.7177
WIX,3984,20260924-000332_p4_c4_r3,819,perf_20260924-000332_p4_c4_r3,1,186,1790201013605,0,1790201056002.943,48.648,51.426,1790201056104.017,Normal,0.9477
WIX,3984,20260924-000332_p4_c4_r3,820,perf_20260924-000332_p4_c4_r3,1,187,1790201013605,0,1790201056104.017,70.372,46.207,1790201056220.596,Normal,0.9335
WIX,3984,20260924-000332_p4_c4_r3,826,perf_20260924-000332_p4_c4_r3,1,188,1790201013606,0,1790201056220.596,94.547,48.999,1790201056366.164,Normal,0.9634
WIX,3984,20260924-000332_p4_c4_r3,831,perf_20260924-000332_p4_c4_r3,1,189,1790201013606,0,1790201056367.681,134.146,65.718,1790201056568.664,Normal,0.9283
WIX,3984,20260924-000332_p4_c4_r3,835,perf_20260924-000332_p4_c4_r3,1,190,1790201013606,0,1790201056568.664,66.216,48.478,1790201056684.362,Normal,0.969
WIX,3984,20260924-000332_p4_c4_r3,837,perf_20260924-000332_p4_c4_r3,1,191,1790201013606,0,1790201056684.362,36.385,47.925,1790201056768.673,Normal,0.9757
WIX,3984,20260924-000332_p4_c4_r3,844,perf_20260924-000332_p4_c4_r3,1,192,1790201013607,0,1790201056769.69,42.663,51.275,1790201056863.628,Normal,0.9442
WIX,3984,20260924-000332_p4_c4_r3,846,perf_20260924-000332_p4_c4_r3,1,193,1790201013607,0,1790201056864.141,89.506,48.248,1790201057002.888,Normal,0.702
WIX,3984,20260924-000332_p4_c4_r3,851,perf_20260924-000332_p4_c4_r3,1,194,1790201013607,0,1790201057002.888,65.696,47.069,1790201057116.637,Normal,0.967
WIX,3984,20260924-000332_p4_c4_r3,853,perf_20260924-000332_p4_c4_r3,1,195,1790201013607,0,1790201057117.649,129.945,50.463,1790201057299.052,Normal,0.9343
WIX,3984,20260924-000332_p4_c4_r3,854,perf_20260924-000332_p4_c4_r3,1,196,1790201013607,0,1790201057299.653,92.434,47.498,1790201057440.542,Normal,0.9527
WIX,3984,20260924-000332_p4_c4_r3,857,perf_20260924-000332_p4_c4_r3,1,197,1790201013608,0,1790201057440.542,80.467,47.634,1790201057568.643,Normal,0.8785
WIX,3984,20260924-000332_p4_c4_r3,858,perf_20260924-000332_p4_c4_r3,1,198,1790201013608,0,1790201057569.161,62.574,46.517,1790201057678.253,Normal,0.944
WIX,3984,20260924-000332_p4_c4_r3,861,perf_20260924-000332_p4_c4_r3,1,199,1790201013608,0,1790201057678.253,53.233,46.873,1790201057778.359,Normal,0.9539
WIX,3984,20260924-000332_p4_c4_r3,862,perf_20260924-000332_p4_c4_r3,1,200,1790201013608,0,1790201057778.359,69.147,44.153,1790201057891.659,Normal,0.9408
WIX,3984,20260924-000332_p4_c4_r3,867,perf_20260924-000332_p4_c4_r3,1,201,1790201013608,0,1790201057893.521,62.598,47.126,1790201058004.244,Normal,0.8677
WIX,3984,20260924-000332_p4_c4_r3,870,perf_20260924-000332_p4_c4_r3,1,202,1790201013608,0,1790201058004.244,66.657,44.555,1790201058116.468,Normal,0.8953
WIX,3984,20260924-000332_p4_c4_r3,872,perf_20260924-000332_p4_c4_r3,1,203,1790201013608,0,1790201058117.479,54.5,45.205,1790201058217.184,Normal,0.9627
WIX,3984,20260924-000332_p4_c4_r3,875,perf_20260924-000332_p4_c4_r3,1,204,1790201013609,0,1790201058217.184,79.953,46.394,1790201058344.531,Normal,0.8758
WIX,3984,20260924-000332_p4_c4_r3,891,perf_20260924-000332_p4_c4_r3,1,205,1790201013610,0,1790201058344.531,43.443,47.928,1790201058436.904,Normal,0.9629
WIX,3984,20260924-000332_p4_c4_r3,898,perf_20260924-000332_p4_c4_r3,1,206,1790201013610,0,1790201058437.911,56.287,44.245,1790201058539.125,Normal,0.9656
WIX,3984,20260924-000332_p4_c4_r3,905,perf_20260924-000332_p4_c4_r3,1,207,1790201013610,0,1790201058539.125,44.517,46.099,1790201058629.741,Normal,0.9375
WIX,3984,20260924-000332_p4_c4_r3,907,perf_20260924-000332_p4_c4_r3,1,208,1790201013611,0,1790201058630.504,77.446,47.189,1790201058756.143,Normal,0.9631
WIX,3984,20260924-000332_p4_c4_r3,908,perf_20260924-000332_p4_c4_r3,1,209,1790201013611,0,1790201058756.143,69.183,43.941,1790201058870.278,Normal,0.9725
WIX,3984,20260924-000332_p4_c4_r3,915,perf_20260924-000332_p4_c4_r3,1,210,1790201013611,0,1790201058871.784,69.433,45.774,1790201058989.291,Normal,0.9455
WIX,3984,20260924-000332_p4_c4_r3,919,perf_20260924-000332_p4_c4_r3,1,211,1790201013611,0,1790201058989.291,60.016,45.214,1790201059096.527,Normal,0.9375
WIX,3984,20260924-000332_p4_c4_r3,929,perf_20260924-000332_p4_c4_r3,1,212,1790201013612,0,1790201059096.527,45.866,53.662,1790201059196.055,Normal,0.9374
WIX,3984,20260924-000332_p4_c4_r3,930,perf_20260924-000332_p4_c4_r3,1,213,1790201013612,0,1790201059196.055,44.025,45.311,1790201059286.383,Normal,0.9494
WIX,3984,20260924-000332_p4_c4_r3,934,perf_20260924-000332_p4_c4_r3,1,214,1790201013612,0,1790201059287.402,52.981,45.234,1790201059386.617,Normal,0.9304
WIX,3984,20260924-000332_p4_c4_r3,938,perf_20260924-000332_p4_c4_r3,1,215,1790201013612,0,1790201059386.617,58.54,43.537,1790201059488.694,Normal,0.9751
WIX,3984,20260924-000332_p4_c4_r3,942,perf_20260924-000332_p4_c4_r3,1,216,1790201013613,0,1790201059488.694,102.021,45.5,1790201059637.214,Normal,0.9594
WIX,3984,20260924-000332_p4_c4_r3,951,perf_20260924-000332_p4_c4_r3,1,217,1790201013613,0,1790201059638.233,54.47,47.607,1790201059740.98,Normal,0.9438
WIX,3984,20260924-000332_p4_c4_r3,952,perf_20260924-000332_p4_c4_r3,1,218,1790201013614,0,1790201059740.98,41.663,48.301,1790201059830.944,Normal,0.9699
WIX,3984,20260924-000332_p4_c4_r3,953,perf_20260924-000332_p4_c4_r3,1,219,1790201013614,0,1790201059832.001,47.276,46.388,1790201059926.684,OFFENSIVE,0.9024
WIX,3984,20260924-000332_p4_c4_r3,959,perf_20260924-000332_p4_c4_r3,1,220,1790201013614,0,1790201059927.69,45.816,48.868,1790201060022.374,Normal,0.9494
WIX,3984,20260924-000332_p4_c4_r3,963,perf_20260924-000332_p4_c4_r3,1,221,1790201013614,0,1790201060023.372,68.933,46.062,1790201060139.689,Normal,0.9444
WIX,3984,20260924-000332_p4_c4_r3,967,perf_20260924-000332_p4_c4_r3,1,222,1790201013615,0,1790201060139.689,54.855,45.036,1790201060239.581,Normal,0.9507
WIX,3984,20260924-000332_p4_c4_r3,969,perf_20260924-000332_p4_c4_r3,1,223,1790201013615,0,1790201060239.581,42.625,45.035,1790201060328.239,Normal,0.9387
WIX,3984,20260924-000332_p4_c4_r3,971,perf_20260924-000332_p4_c4_r3,1,224,1790201013615,0,1790201060329.243,81.476,45.173,1790201060456.932,Normal,0.9721
WIX,3984,20260924-000332_p4_c4_r3,983,perf_20260924-000332_p4_c4_r3,1,225,1790201013615,0,1790201060456.932,45.391,58.393,1790201060561.715,Normal,0.9514
WIX,3984,20260924-000332_p4_c4_r3,984,perf_20260924-000332_p4_c4_r3,1,226,1790201013615,0,1790201060563.33,69.238,44.809,1790201060677.968,Normal,0.9617
WIX,3984,20260924-000332_p4_c4_r3,985,perf_20260924-000332_p4_c4_r3,1,227,1790201013615,0,1790201060678.969,50.477,42.149,1790201060772.592,Normal,0.5899
WIX,3984,20260924-000332_p4_c4_r3,987,perf_20260924-000332_p4_c4_r3,1,228,1790201013615,0,1790201060772.592,93.252,45.303,1790201060912.156,Normal,0.979
WIX,3984,20260924-000332_p4_c4_r3,991,perf_20260924-000332_p4_c4_r3,1,229,1790201013615,0,1790201060913.153,60.363,47.182,1790201061020.698,Normal,0.9667
WIX,3984,20260924-000332_p4_c4_r3,995,perf_20260924-000332_p4_c4_r3,1,230,1790201013616,0,1790201061021.212,68.41,52.407,1790201061142.592,Normal,0.9375
WIX,3984,20260924-000332_p4_c4_r3,1003,perf_20260924-000332_p4_c4_r3,1,231,1790201013617,0,1790201061143.149,79.863,50.699,1790201061273.711,Normal,0.9268
WIX,3984,20260924-000332_p4_c4_r3,1007,perf_20260924-000332_p4_c4_r3,1,232,1790201013617,0,1790201061274.71,68.164,43.641,1790201061387.517,Normal,0.972
WIX,3984,20260924-000332_p4_c4_r3,1011,perf_20260924-000332_p4_c4_r3,1,233,1790201013617,0,1790201061388.516,54.023,47.014,1790201061489.552,Normal,0.9486
WIX,3984,20260924-000332_p4_c4_r3,1024,perf_20260924-000332_p4_c4_r3,1,234,1790201013618,0,1790201061489.552,86.775,49.412,1790201061626.738,Normal,0.9411
WIX,3984,20260924-000332_p4_c4_r3,1025,perf_20260924-000332_p4_c4_r3,1,235,1790201013618,0,1790201061626.738,64.604,45.515,1790201061737.856,Normal,0.9748
WIX,3984,20260924-000332_p4_c4_r3,1035,perf_20260924-000332_p4_c4_r3,1,236,1790201013619,0,1790201061738.861,58.714,48.005,1790201061846.577,Normal,0.9719
WIX,3984,20260924-000332_p4_c4_r3,1039,perf_20260924-000332_p4_c4_r3,1,237,1790201013619,0,1790201061846.577,57.404,43.712,1790201061948.692,Normal,0.8477
WIX,3984,20260924-000332_p4_c4_r3,1043,perf_20260924-000332_p4_c4_r3,1,238,1790201013620,0,1790201061948.692,52.424,46.547,1790201062047.663,Normal,0.9614
WIX,3984,20260924-000332_p4_c4_r3,1049,perf_20260924-000332_p4_c4_r3,1,239,1790201013620,0,1790201062048.663,41.801,47.241,1790201062138.7,Normal,0.9375
WIX,3984,20260924-000332_p4_c4_r3,1052,perf_20260924-000332_p4_c4_r3,1,240,1790201013620,0,1790201062139.699,34.879,45.086,1790201062219.664,Normal,0.9302
WIX,3984,20260924-000332_p4_c4_r3,1058,perf_20260924-000332_p4_c4_r3,1,241,1790201013621,0,1790201062220.666,45.057,49.383,1790201062316.096,Normal,0.9525
WIX,3984,20260924-000332_p4_c4_r3,1061,perf_20260924-000332_p4_c4_r3,1,242,1790201013621,0,1790201062316.096,46.7,45.269,1790201062408.065,Normal,0.9022
WIX,3984,20260924-000332_p4_c4_r3,1066,perf_20260924-000332_p4_c4_r3,1,243,1790201013621,0,1790201062409.062,76.312,48.429,1790201062534.97,Normal,0.8687
WIX,3984,20260924-000332_p4_c4_r3,1079,perf_20260924-000332_p4_c4_r3,1,244,1790201013621,0,1790201062535.973,50.746,45.749,1790201062633.465,Normal,0.9639
WIX,3984,20260924-000332_p4_c4_r3,1085,perf_20260924-000332_p4_c4_r3,1,245,1790201013621,0,1790201062633.465,50.376,46.074,1790201062731.424,Normal,0.9312
WIX,3984,20260924-000332_p4_c4_r3,1086,perf_20260924-000332_p4_c4_r3,1,246,1790201013623,0,1790201062732.423,36.849,46.537,1790201062816.809,Normal,0.9375
WIX,3984,20260924-000332_p4_c4_r3,1087,perf_20260924-000332_p4_c4_r3,1,247,1790201013623,0,1790201062816.809,59.212,46.278,1790201062923.295,Normal,0.9469
WIX,3984,20260924-000332_p4_c4_r3,1094,perf_20260924-000332_p4_c4_r3,1,248,1790201013623,0,1790201062923.295,64.412,46.452,1790201063034.89,Normal,0.8505
WIX,3984,20260924-000332_p4_c4_r3,1101,perf_20260924-000332_p4_c4_r3,1,249,1790201013624,0,1790201063035.886,72.795,45.016,1790201063153.697,Normal,0.9326
WIX,3984,20260924-000332_p4_c4_r3,1102,perf_20260924-000332_p4_c4_r3,1,250,1790201013624,0,1790201063153.697,61.679,45.099,1790201063261.478,HATE,0.747
WIX,3984,20260924-000332_p4_c4_r3,1114,perf_20260924-000332_p4_c4_r3,1,251,1790201013624,0,1790201063262.509,65.833,45.776,1790201063374.718,Normal,0.9647
WIX,3984,20260924-000332_p4_c4_r3,1115,perf_20260924-000332_p4_c4_r3,1,252,1790201013625,0,1790201063374.718,60.127,47.207,1790201063482.051,Normal,0.9765
WIX,3984,20260924-000332_p4_c4_r3,1116,perf_20260924-000332_p4_c4_r3,1,253,1790201013625,0,1790201063482.051,58.793,43.134,1790201063584.976,Normal,0.9556
WIX,3984,20260924-000332_p4_c4_r3,1121,perf_20260924-000332_p4_c4_r3,1,254,1790201013625,0,1790201063584.976,65.256,44.648,1790201063695.894,Normal,0.9653
WIX,3984,20260924-000332_p4_c4_r3,1131,perf_20260924-000332_p4_c4_r3,1,255,1790201013625,0,1790201063696.898,47.763,47.602,1790201063792.263,Normal,0.9208
WIX,3984,20260924-000332_p4_c4_r3,1139,perf_20260924-000332_p4_c4_r3,1,256,1790201013626,0,1790201063793.263,35.165,44.578,1790201063874.01,Normal,0.9621
WIX,3984,20260924-000332_p4_c4_r3,1144,perf_20260924-000332_p4_c4_r3,1,257,1790201013626,0,1790201063874.01,40.878,50.863,1790201063966.747,Normal,0.9473
WIX,3984,20260924-000332_p4_c4_r3,1148,perf_20260924-000332_p4_c4_r3,1,258,1790201013626,0,1790201063967.757,35.855,48.108,1790201064051.719,Normal,0.9435
WIX,3984,20260924-000332_p4_c4_r3,1165,perf_20260924-000332_p4_c4_r3,1,259,1790201013627,0,1790201064052.243,34.049,48.09,1790201064134.382,Normal,0.9457
WIX,3984,20260924-000332_p4_c4_r3,1168,perf_20260924-000332_p4_c4_r3,1,260,1790201013628,0,1790201064135.378,40.391,45.783,1790201064221.552,Normal,0.9375
WIX,3984,20260924-000332_p4_c4_r3,1170,perf_20260924-000332_p4_c4_r3,1,261,1790201013628,0,1790201064221.552,51.79,47.172,1790201064320.514,Normal,0.9556
WIX,3984,20260924-000332_p4_c4_r3,1176,perf_20260924-000332_p4_c4_r3,1,262,1790201013629,0,1790201064321.521,57.539,43.138,1790201064423.196,Normal,0.9401
WIX,3984,20260924-000332_p4_c4_r3,1185,perf_20260924-000332_p4_c4_r3,1,263,1790201013629,0,1790201064423.196,53.596,44.859,1790201064521.652,Normal,0.9715
WIX,3984,20260924-000332_p4_c4_r3,1186,perf_20260924-000332_p4_c4_r3,1,264,1790201013629,0,1790201064521.652,61.846,44.821,1790201064629.415,Normal,0.9627
WIX,3984,20260924-000332_p4_c4_r3,1187,perf_20260924-000332_p4_c4_r3,1,265,1790201013629,0,1790201064630.417,59.62,43.359,1790201064733.396,Normal,0.9709
WIX,3984,20260924-000332_p4_c4_r3,1191,perf_20260924-000332_p4_c4_r3,1,266,1790201013630,0,1790201064733.396,38.677,46.77,1790201064819.844,Normal,0.9443
WIX,3984,20260924-000332_p4_c4_r3,1192,perf_20260924-000332_p4_c4_r3,1,267,1790201013630,0,1790201064819.844,36.597,45.998,1790201064903.904,Normal,0.9618
WIX,3984,20260924-000332_p4_c4_r3,1197,perf_20260924-000332_p4_c4_r3,1,268,1790201013630,0,1790201064903.904,32.802,47.268,1790201064984.982,Normal,0.9475
WIX,3984,20260924-000332_p4_c4_r3,1203,perf_20260924-000332_p4_c4_r3,1,269,1790201013631,0,1790201064984.982,57.621,45.125,1790201065087.729,Normal,0.9154
WIX,3984,20260924-000332_p4_c4_r3,1204,perf_20260924-000332_p4_c4_r3,1,270,1790201013631,0,1790201065088.731,41.701,46.693,1790201065178.124,Normal,0.9655
WIX,3984,20260924-000332_p4_c4_r3,1205,perf_20260924-000332_p4_c4_r3,1,271,1790201013631,0,1790201065178.124,37.662,46.266,1790201065262.558,Normal,0.8517
WIX,3984,20260924-000332_p4_c4_r3,1211,perf_20260924-000332_p4_c4_r3,1,272,1790201013631,0,1790201065263.152,57.781,46.162,1790201065367.095,Normal,0.969
WIX,3984,20260924-000332_p4_c4_r3,1219,perf_20260924-000332_p4_c4_r3,1,273,1790201013632,0,1790201065367.095,45.632,44.516,1790201065458.242,Normal,0.9643
WIX,3984,20260924-000332_p4_c4_r3,1223,perf_20260924-000332_p4_c4_r3,1,274,1790201013632,0,1790201065459.237,48.154,46.745,1790201065554.681,Normal,0.9728
WIX,3984,20260924-000332_p4_c4_r3,1225,perf_20260924-000332_p4_c4_r3,1,275,1790201013632,0,1790201065555.687,157.757,48.044,1790201065761.489,Normal,0.9543
WIX,3984,20260924-000332_p4_c4_r3,1227,perf_20260924-000332_p4_c4_r3,1,276,1790201013632,0,1790201065761.489,59.424,44.527,1790201065866.423,Normal,0.9715
WIX,3984,20260924-000332_p4_c4_r3,1230,perf_20260924-000332_p4_c4_r3,1,277,1790201013632,0,1790201065867.933,52.786,45.943,1790201065967.659,Normal,0.9572
WIX,3984,20260924-000332_p4_c4_r3,1235,perf_20260924-000332_p4_c4_r3,1,278,1790201013633,0,1790201065967.659,54.744,44.792,1790201066068.198,Normal,0.835
WIX,3984,20260924-000332_p4_c4_r3,1240,perf_20260924-000332_p4_c4_r3,1,279,1790201013633,0,1790201066068.198,62.015,43.092,1790201066173.676,Normal,0.8489
WIX,3984,20260924-000332_p4_c4_r3,1242,perf_20260924-000332_p4_c4_r3,1,280,1790201013633,0,1790201066173.676,58.73,46.139,1790201066279.549,Normal,0.8981
WIX,3984,20260924-000332_p4_c4_r3,1245,perf_20260924-000332_p4_c4_r3,1,281,1790201013633,0,1790201066280.55,65.361,45.2,1790201066392.111,Normal,0.7222
WIX,3984,20260924-000332_p4_c4_r3,1252,perf_20260924-000332_p4_c4_r3,1,282,1790201013634,0,1790201066393.125,50.642,45.061,1790201066488.828,Normal,0.9269
WIX,3984,20260924-000332_p4_c4_r3,1259,perf_20260924-000332_p4_c4_r3,1,283,1790201013635,0,1790201066489.828,43.295,53.894,1790201066588.024,Normal,0.9196
WIX,3984,20260924-000332_p4_c4_r3,1262,perf_20260924-000332_p4_c4_r3,1,284,1790201013635,0,1790201066589.54,73.337,50.78,1790201066714.653,Normal,0.9374
WIX,3984,20260924-000332_p4_c4_r3,1271,perf_20260924-000332_p4_c4_r3,1,285,1790201013636,0,1790201066714.653,57.66,46.96,1790201066819.272,Normal,0.9657
WIX,3984,20260924-000332_p4_c4_r3,1272,perf_20260924-000332_p4_c4_r3,1,286,1790201013636,0,1790201066820.276,46.359,49.68,1790201066917.31,Normal,0.9375
WIX,3984,20260924-000332_p4_c4_r3,1275,perf_20260924-000332_p4_c4_r3,1,287,1790201013636,0,1790201066918.308,90.985,53.073,1790201067063.37,Normal,0.9687
WIX,3984,20260924-000332_p4_c4_r3,1276,perf_20260924-000332_p4_c4_r3,1,288,1790201013636,0,1790201067063.37,48.125,50.543,1790201067163.039,OFFENSIVE,0.6806
WIX,3984,20260924-000332_p4_c4_r3,1282,perf_20260924-000332_p4_c4_r3,1,289,1790201013636,0,1790201067163.039,62.821,52.742,1790201067278.603,Normal,0.9503
WIX,3984,20260924-000332_p4_c4_r3,1285,perf_20260924-000332_p4_c4_r3,1,290,1790201013637,0,1790201067280.621,86.296,54.398,1790201067421.874,Normal,0.951
WIX,3984,20260924-000332_p4_c4_r3,1290,perf_20260924-000332_p4_c4_r3,1,291,1790201013637,0,1790201067422.771,81.196,48.396,1790201067552.362,Normal,0.9475
WIX,3984,20260924-000332_p4_c4_r3,1296,perf_20260924-000332_p4_c4_r3,1,292,1790201013637,0,1790201067553.359,88.717,58.629,1790201067701.235,Normal,0.966
WIX,3984,20260924-000332_p4_c4_r3,1299,perf_20260924-000332_p4_c4_r3,1,293,1790201013638,0,1790201067702.23,74.106,57.774,1790201067835.106,Normal,0.8937
WIX,3984,20260924-000332_p4_c4_r3,1302,perf_20260924-000332_p4_c4_r3,1,294,1790201013638,0,1790201067835.106,78.851,44.086,1790201067958.043,Normal,0.9353
WIX,3984,20260924-000332_p4_c4_r3,1313,perf_20260924-000332_p4_c4_r3,1,295,1790201013639,0,1790201067959.036,73.578,45.556,1790201068078.169,Normal,0.951
WIX,3984,20260924-000332_p4_c4_r3,1321,perf_20260924-000332_p4_c4_r3,1,296,1790201013639,0,1790201068078.735,78.621,45.064,1790201068202.421,Normal,0.9545
WIX,3984,20260924-000332_p4_c4_r3,1322,perf_20260924-000332_p4_c4_r3,1,297,1790201013639,0,1790201068203.426,84.378,49.505,1790201068338.309,Normal,0.9641
WIX,3984,20260924-000332_p4_c4_r3,1326,perf_20260924-000332_p4_c4_r3,1,298,1790201013639,0,1790201068339.823,75.597,47.837,1790201068463.257,Normal,0.9437
WIX,3984,20260924-000332_p4_c4_r3,1328,perf_20260924-000332_p4_c4_r3,1,299,1790201013640,0,1790201068464.265,78.887,42.567,1790201068586.239,Normal,0.8317
WIX,3984,20260924-000332_p4_c4_r3,1332,perf_20260924-000332_p4_c4_r3,1,300,1790201013640,0,1790201068587.243,69.918,47.78,1790201068704.94,Normal,0.9555
WIX,3984,20260924-000332_p4_c4_r3,1335,perf_20260924-000332_p4_c4_r3,1,301,1790201013641,0,1790201068704.94,80.451,44.157,1790201068830.547,Normal,0.9555
WIX,3984,20260924-000332_p4_c4_r3,1342,perf_20260924-000332_p4_c4_r3,1,302,1790201013641,0,1790201068830.547,66.844,48.491,1790201068946.874,Normal,0.9547
WIX,3984,20260924-000332_p4_c4_r3,1350,perf_20260924-000332_p4_c4_r3,1,303,1790201013642,0,1790201068947.87,78.387,48.418,1790201069075.822,Normal,0.9483
WIX,3984,20260924-000332_p4_c4_r3,1352,perf_20260924-000332_p4_c4_r3,1,304,1790201013642,0,1790201069075.822,52.698,45.358,1790201069174.876,Normal,0.8935
WIX,3984,20260924-000332_p4_c4_r3,1354,perf_20260924-000332_p4_c4_r3,1,305,1790201013642,0,1790201069175.878,58.893,50.19,1790201069285.959,Normal,0.9418
WIX,3984,20260924-000332_p4_c4_r3,1361,perf_20260924-000332_p4_c4_r3,1,306,1790201013643,0,1790201069285.959,54.004,48.394,1790201069388.358,Normal,0.4861
WIX,3984,20260924-000332_p4_c4_r3,1364,perf_20260924-000332_p4_c4_r3,1,307,1790201013643,0,1790201069389.358,72.203,47.013,1790201069509.574,Normal,0.9358
WIX,3984,20260924-000332_p4_c4_r3,1366,perf_20260924-000332_p4_c4_r3,1,308,1790201013643,0,1790201069509.574,43.7,44.009,1790201069599.04,Normal,0.9401
WIX,3984,20260924-000332_p4_c4_r3,1370,perf_20260924-000332_p4_c4_r3,1,309,1790201013643,0,1790201069599.04,84.206,44.131,1790201069728.369,Normal,0.9305
WIX,3984,20260924-000332_p4_c4_r3,1372,perf_20260924-000332_p4_c4_r3,1,310,1790201013644,0,1790201069728.369,66.917,47.029,1790201069843.35,Normal,0.9482
WIX,3984,20260924-000332_p4_c4_r3,1373,perf_20260924-000332_p4_c4_r3,1,311,1790201013644,0,1790201069843.35,56.543,46.428,1790201069946.321,Normal,0.954
WIX,3984,20260924-000332_p4_c4_r3,1374,perf_20260924-000332_p4_c4_r3,1,312,1790201013644,0,1790201069946.321,85.155,49.084,1790201070080.561,Normal,0.9695
WIX,3984,20260924-000332_p4_c4_r3,1384,perf_20260924-000332_p4_c4_r3,1,313,1790201013644,0,1790201070080.561,66.559,47.863,1790201070194.982,Normal,0.9682
WIX,3984,20260924-000332_p4_c4_r3,1386,perf_20260924-000332_p4_c4_r3,1,314,1790201013644,0,1790201070194.982,80.734,47.874,1790201070324.119,Normal,0.956
WIX,3984,20260924-000332_p4_c4_r3,1387,perf_20260924-000332_p4_c4_r3,1,315,1790201013644,0,1790201070324.119,45.973,44.917,1790201070416.516,Normal,0.9547
WIX,3984,20260924-000332_p4_c4_r3,1388,perf_20260924-000332_p4_c4_r3,1,316,1790201013645,0,1790201070417.533,129.237,46.834,1790201070595.125,Normal,0.9747
WIX,3984,20260924-000332_p4_c4_r3,1391,perf_20260924-000332_p4_c4_r3,1,317,1790201013645,0,1790201070595.125,49.821,44.155,1790201070689.101,Normal,0.9491
WIX,3984,20260924-000332_p4_c4_r3,1393,perf_20260924-000332_p4_c4_r3,1,318,1790201013645,0,1790201070689.101,54.184,43.428,1790201070787.714,Normal,0.906
WIX,3984,20260924-000332_p4_c4_r3,1395,perf_20260924-000332_p4_c4_r3,1,319,1790201013645,0,1790201070788.718,49.076,46.532,1790201070885.37,Normal,0.9607
WIX,3984,20260924-000332_p4_c4_r3,1410,perf_20260924-000332_p4_c4_r3,1,320,1790201013646,0,1790201070886.373,31.428,45.488,1790201070963.289,Normal,0.9725
WIX,3984,20260924-000332_p4_c4_r3,1412,perf_20260924-000332_p4_c4_r3,1,321,1790201013646,0,1790201070963.805,56.481,51.689,1790201071071.975,Normal,0.9324
WIX,3984,20260924-000332_p4_c4_r3,1413,perf_20260924-000332_p4_c4_r3,1,322,1790201013646,0,1790201071072.993,68.802,45.14,1790201071187.934,Normal,0.9482
WIX,3984,20260924-000332_p4_c4_r3,1415,perf_20260924-000332_p4_c4_r3,1,323,1790201013646,0,1790201071188.939,65.505,48.243,1790201071303.678,Normal,0.9545
WIX,3984,20260924-000332_p4_c4_r3,1418,perf_20260924-000332_p4_c4_r3,1,324,1790201013646,0,1790201071304.682,61.623,47.882,1790201071414.187,Normal,0.963
WIX,3984,20260924-000332_p4_c4_r3,1421,perf_20260924-000332_p4_c4_r3,1,325,1790201013646,0,1790201071416.201,58.335,45.434,1790201071520.951,Normal,0.8543
WIX,3984,20260924-000332_p4_c4_r3,1425,perf_20260924-000332_p4_c4_r3,1,326,1790201013647,0,1790201071521.959,52.854,49.356,1790201071624.169,Normal,0.9635
WIX,3984,20260924-000332_p4_c4_r3,1427,perf_20260924-000332_p4_c4_r3,1,327,1790201013647,0,1790201071624.169,63.673,47.553,1790201071735.395,Normal,0.9296
WIX,3984,20260924-000332_p4_c4_r3,1429,perf_20260924-000332_p4_c4_r3,1,328,1790201013647,0,1790201071736.398,55.166,46.857,1790201071838.421,Normal,0.9363
WIX,3984,20260924-000332_p4_c4_r3,1434,perf_20260924-000332_p4_c4_r3,1,329,1790201013647,0,1790201071839.422,56.584,42.402,1790201071939.41,Normal,0.9394
WIX,3984,20260924-000332_p4_c4_r3,1437,perf_20260924-000332_p4_c4_r3,1,330,1790201013647,0,1790201071940.409,60.216,46.441,1790201072048.066,Normal,0.5156
WIX,3984,20260924-000332_p4_c4_r3,1439,perf_20260924-000332_p4_c4_r3,1,331,1790201013648,0,1790201072049.062,58.119,47.091,1790201072154.796,Normal,0.9634
WIX,3984,20260924-000332_p4_c4_r3,1440,perf_20260924-000332_p4_c4_r3,1,332,1790201013648,0,1790201072154.796,54.888,45.796,1790201072256.479,Normal,0.973
WIX,3984,20260924-000332_p4_c4_r3,1442,perf_20260924-000332_p4_c4_r3,1,333,1790201013648,0,1790201072257.475,42.645,45.331,1790201072346.441,Normal,0.92
WIX,3984,20260924-000332_p4_c4_r3,1444,perf_20260924-000332_p4_c4_r3,1,334,1790201013648,0,1790201072347.451,68.797,44.782,1790201072462.052,Normal,0.6834
WIX,3984,20260924-000332_p4_c4_r3,1452,perf_20260924-000332_p4_c4_r3,1,335,1790201013648,0,1790201072463.077,43.224,49.605,1790201072557.419,Normal,0.9434
WIX,3984,20260924-000332_p4_c4_r3,1455,perf_20260924-000332_p4_c4_r3,1,336,1790201013649,0,1790201072557.855,46.267,47.128,1790201072652.25,Normal,0.9555
WIX,3984,20260924-000332_p4_c4_r3,1460,perf_20260924-000332_p4_c4_r3,1,337,1790201013649,0,1790201072652.25,43.771,45.318,1790201072742.334,Normal,0.9025
WIX,3984,20260924-000332_p4_c4_r3,1462,perf_20260924-000332_p4_c4_r3,1,338,1790201013649,0,1790201072743.333,40.642,52.069,1790201072837.041,Normal,0.9616
WIX,3984,20260924-000332_p4_c4_r3,1464,perf_20260924-000332_p4_c4_r3,1,339,1790201013649,0,1790201072837.041,70.208,44.113,1790201072952.878,Normal,0.9673
WIX,3984,20260924-000332_p4_c4_r3,1472,perf_20260924-000332_p4_c4_r3,1,340,1790201013650,0,1790201072952.878,55.964,43.909,1790201073052.751,Normal,0.5727
WIX,3984,20260924-000332_p4_c4_r3,1483,perf_20260924-000332_p4_c4_r3,1,341,1790201013650,0,1790201073052.751,53.939,45.952,1790201073152.642,Normal,0.9652
WIX,3984,20260924-000332_p4_c4_r3,1485,perf_20260924-000332_p4_c4_r3,1,342,1790201013651,0,1790201073152.642,43.782,43.194,1790201073240.576,Normal,0.9523
WIX,3984,20260924-000332_p4_c4_r3,1489,perf_20260924-000332_p4_c4_r3,1,343,1790201013651,0,1790201073240.576,34.125,45.089,1790201073319.789,Normal,0.9178
WIX,3984,20260924-000332_p4_c4_r3,1492,perf_20260924-000332_p4_c4_r3,1,344,1790201013651,0,1790201073320.796,45.184,45.233,1790201073411.214,Normal,0.9627
WIX,3984,20260924-000332_p4_c4_r3,1495,perf_20260924-000332_p4_c4_r3,1,345,1790201013652,0,1790201073412.219,33.308,48.737,1790201073495.257,Normal,0.9365
WIX,3984,20260924-000332_p4_c4_r3,1499,perf_20260924-000332_p4_c4_r3,1,346,1790201013652,0,1790201073496.259,54.823,48.899,1790201073599.981,Normal,0.9625
WIX,3984,20260924-000332_p4_c4_r3,1513,perf_20260924-000332_p4_c4_r3,1,347,1790201013653,0,1790201073599.981,39.073,48.335,1790201073687.389,Normal,0.9666
WIX,3984,20260924-000332_p4_c4_r3,1517,perf_20260924-000332_p4_c4_r3,1,348,1790201013653,0,1790201073688.396,58.241,47.123,1790201073794.755,Normal,0.9078
WIX,3984,20260924-000332_p4_c4_r3,1520,perf_20260924-000332_p4_c4_r3,1,349,1790201013653,0,1790201073795.748,47.493,45.609,1790201073889.844,Normal,0.9631
WIX,3984,20260924-000332_p4_c4_r3,1532,perf_20260924-000332_p4_c4_r3,1,350,1790201013654,0,1790201073890.862,63.428,43.519,1790201073997.809,Normal,0.904
WIX,3984,20260924-000332_p4_c4_r3,1539,perf_20260924-000332_p4_c4_r3,1,351,1790201013655,0,1790201073998.805,90.403,50.749,1790201074139.958,Normal,0.9444
WIX,3984,20260924-000332_p4_c4_r3,1541,perf_20260924-000332_p4_c4_r3,1,352,1790201013655,0,1790201074140.95,68.94,47.325,1790201074257.629,Normal,0.9599
WIX,3984,20260924-000332_p4_c4_r3,1550,perf_20260924-000332_p4_c4_r3,1,353,1790201013656,0,1790201074258.629,58.584,47.535,1790201074365.682,Normal,0.9654
WIX,3984,20260924-000332_p4_c4_r3,1552,perf_20260924-000332_p4_c4_r3,1,354,1790201013656,0,1790201074366.678,57.999,48.822,1790201074473.498,Normal,0.976
WIX,3984,20260924-000332_p4_c4_r3,1553,perf_20260924-000332_p4_c4_r3,1,355,1790201013656,0,1790201074474.503,52.866,45.867,1790201074573.237,Normal,0.977
WIX,3984,20260924-000332_p4_c4_r3,1559,perf_20260924-000332_p4_c4_r3,1,356,1790201013657,0,1790201074573.237,87.681,51.623,1790201074713.072,Normal,0.964
WIX,3984,20260924-000332_p4_c4_r3,1563,perf_20260924-000332_p4_c4_r3,1,357,1790201013657,0,1790201074714.093,65.931,51.112,1790201074831.657,Normal,0.9065
WIX,3984,20260924-000332_p4_c4_r3,1571,perf_20260924-000332_p4_c4_r3,1,358,1790201013657,0,1790201074832.218,46.978,46.505,1790201074926.698,Normal,0.9519
WIX,3984,20260924-000332_p4_c4_r3,1572,perf_20260924-000332_p4_c4_r3,1,359,1790201013657,0,1790201074926.698,49.562,45.703,1790201075021.962,Normal,0.9386
WIX,3984,20260924-000332_p4_c4_r3,1577,perf_20260924-000332_p4_c4_r3,1,360,1790201013658,0,1790201075022.969,57.978,45.257,1790201075126.205,Normal,0.9606
WIX,3984,20260924-000332_p4_c4_r3,1583,perf_20260924-000332_p4_c4_r3,1,361,1790201013658,0,1790201075128.111,46.303,48.79,1790201075223.204,Normal,0.9002
WIX,3984,20260924-000332_p4_c4_r3,1588,perf_20260924-000332_p4_c4_r3,1,362,1790201013658,0,1790201075224.209,45.142,45.51,1790201075314.861,Normal,0.9606
WIX,3984,20260924-000332_p4_c4_r3,1593,perf_20260924-000332_p4_c4_r3,1,363,1790201013659,0,1790201075314.861,65.669,45.3,1790201075426.337,Normal,0.9529
WIX,3984,20260924-000332_p4_c4_r3,1594,perf_20260924-000332_p4_c4_r3,1,364,1790201013659,0,1790201075426.337,79.66,42.905,1790201075549.411,Normal,0.9035
WIX,3984,20260924-000332_p4_c4_r3,1596,perf_20260924-000332_p4_c4_r3,1,365,1790201013659,0,1790201075550.413,51.312,43.325,1790201075646.05,Normal,0.9556
WIX,3984,20260924-000332_p4_c4_r3,1597,perf_20260924-000332_p4_c4_r3,1,366,1790201013659,0,1790201075647.052,44.527,46.749,1790201075738.329,Normal,0.8688
WIX,3984,20260924-000332_p4_c4_r3,1604,perf_20260924-000332_p4_c4_r3,1,367,1790201013659,0,1790201075739.364,61.405,47.022,1790201075848.791,Normal,0.9417
WIX,3984,20260924-000332_p4_c4_r3,1612,perf_20260924-000332_p4_c4_r3,1,368,1790201013659,0,1790201075848.791,57.647,43.784,1790201075951.277,Normal,0.9608
WIX,3984,20260924-000332_p4_c4_r3,1616,perf_20260924-000332_p4_c4_r3,1,369,1790201013660,0,1790201075952.306,44.934,47.798,1790201076045.038,Normal,0.9701
WIX,3984,20260924-000332_p4_c4_r3,1622,perf_20260924-000332_p4_c4_r3,1,370,1790201013660,0,1790201076045.038,27.459,47.133,1790201076119.63,Normal,0.9167
WIX,3984,20260924-000332_p4_c4_r3,1629,perf_20260924-000332_p4_c4_r3,1,371,1790201013660,0,1790201076120.634,40.346,46.543,1790201076208.522,Normal,0.9187
WIX,3984,20260924-000332_p4_c4_r3,1633,perf_20260924-000332_p4_c4_r3,1,372,1790201013661,0,1790201076209.525,43.67,47.67,1790201076300.866,Normal,0.8935
WIX,3984,20260924-000332_p4_c4_r3,1638,perf_20260924-000332_p4_c4_r3,1,373,1790201013661,0,1790201076300.866,66.282,46.298,1790201076414.437,Normal,0.9443
WIX,3984,20260924-000332_p4_c4_r3,1640,perf_20260924-000332_p4_c4_r3,1,374,1790201013661,0,1790201076415.443,69.252,49.02,1790201076533.714,Normal,0.9473
WIX,3984,20260924-000332_p4_c4_r3,1642,perf_20260924-000332_p4_c4_r3,1,375,1790201013661,0,1790201076534.715,40.539,46.073,1790201076622.32,Normal,0.9551
WIX,3984,20260924-000332_p4_c4_r3,1645,perf_20260924-000332_p4_c4_r3,1,376,1790201013661,0,1790201076622.32,43.126,49.452,1790201076715.865,Normal,0.8036
WIX,3984,20260924-000332_p4_c4_r3,1649,perf_20260924-000332_p4_c4_r3,1,377,1790201013662,0,1790201076715.865,68.322,46.173,1790201076833.155,Normal,0.9297
WIX,3984,20260924-000332_p4_c4_r3,1653,perf_20260924-000332_p4_c4_r3,1,378,1790201013662,0,1790201076834.165,31.257,43.741,1790201076910.164,Normal,0.944
WIX,3984,20260924-000332_p4_c4_r3,1658,perf_20260924-000332_p4_c4_r3,1,379,1790201013662,0,1790201076911.171,45.818,45.352,1790201077002.34,Normal,0.9423
WIX,3984,20260924-000332_p4_c4_r3,1663,perf_20260924-000332_p4_c4_r3,1,380,1790201013663,0,1790201077002.34,48.216,48.557,1790201077099.113,Normal,0.9423
WIX,3984,20260924-000332_p4_c4_r3,1669,perf_20260924-000332_p4_c4_r3,1,381,1790201013663,0,1790201077100.113,42.246,46.017,1790201077188.376,Normal,0.9423
WIX,3984,20260924-000332_p4_c4_r3,1670,perf_20260924-000332_p4_c4_r3,1,382,1790201013663,0,1790201077189.121,46.19,49.138,1790201077285.448,Normal,0.9365
WIX,3984,20260924-000332_p4_c4_r3,1673,perf_20260924-000332_p4_c4_r3,1,383,1790201013663,0,1790201077286.004,79.817,50.227,1790201077417.03,Normal,0.8492
WIX,3984,20260924-000332_p4_c4_r3,1679,perf_20260924-000332_p4_c4_r3,1,384,1790201013664,0,1790201077418.203,68.707,46.502,1790201077533.412,Normal,0.9498
WIX,3984,20260924-000332_p4_c4_r3,1681,perf_20260924-000332_p4_c4_r3,1,385,1790201013664,0,1790201077533.412,64.724,46.815,1790201077644.951,Normal,0.974
WIX,3984,20260924-000332_p4_c4_r3,1685,perf_20260924-000332_p4_c4_r3,1,386,1790201013664,0,1790201077644.951,60.937,45.027,1790201077751.917,Normal,0.9725
WIX,3984,20260924-000332_p4_c4_r3,1689,perf_20260924-000332_p4_c4_r3,1,387,1790201013664,0,1790201077752.919,62.203,47.749,1790201077863.87,Normal,0.9458
WIX,3984,20260924-000332_p4_c4_r3,1690,perf_20260924-000332_p4_c4_r3,1,388,1790201013664,0,1790201077863.87,67.194,47.563,1790201077978.627,Normal,0.8625
WIX,3984,20260924-000332_p4_c4_r3,1695,perf_20260924-000332_p4_c4_r3,1,389,1790201013664,0,1790201077978.627,45.141,46.798,1790201078071.569,Normal,0.9208
WIX,3984,20260924-000332_p4_c4_r3,1707,perf_20260924-000332_p4_c4_r3,1,390,1790201013666,0,1790201078071.569,39.664,46.394,1790201078158.664,Normal,0.9304
WIX,3984,20260924-000332_p4_c4_r3,1710,perf_20260924-000332_p4_c4_r3,1,391,1790201013666,0,1790201078158.664,66.876,47.231,1790201078272.771,Normal,0.9713
WIX,3984,20260924-000332_p4_c4_r3,1711,perf_20260924-000332_p4_c4_r3,1,392,1790201013666,0,1790201078273.785,38.646,47.789,1790201078360.219,Normal,0.9355
WIX,3984,20260924-000332_p4_c4_r3,1712,perf_20260924-000332_p4_c4_r3,1,393,1790201013666,0,1790201078361.222,101.668,45.488,1790201078508.378,Normal,0.9358
WIX,3984,20260924-000332_p4_c4_r3,1720,perf_20260924-000332_p4_c4_r3,1,394,1790201013667,0,1790201078508.378,58.72,53.915,1790201078622.141,Normal,0.8477
WIX,3984,20260924-000332_p4_c4_r3,1721,perf_20260924-000332_p4_c4_r3,1,395,1790201013667,0,1790201078623.154,71.433,44.597,1790201078740.19,Normal,0.9742
WIX,3984,20260924-000332_p4_c4_r3,1726,perf_20260924-000332_p4_c4_r3,1,396,1790201013667,0,1790201078741.192,61.429,49.465,1790201078852.627,Normal,0.9717
WIX,3984,20260924-000332_p4_c4_r3,1728,perf_20260924-000332_p4_c4_r3,1,397,1790201013667,0,1790201078853.63,48.277,48.49,1790201078951.397,Normal,0.9444
WIX,3984,20260924-000332_p4_c4_r3,1729,perf_20260924-000332_p4_c4_r3,1,398,1790201013667,0,1790201078952.401,51.898,47.866,1790201079053.184,Normal,0.8198
WIX,3984,20260924-000332_p4_c4_r3,1730,perf_20260924-000332_p4_c4_r3,1,399,1790201013667,0,1790201079053.184,114.684,53.92,1790201079222.787,Normal,0.9667
WIX,3984,20260924-000332_p4_c4_r3,1738,perf_20260924-000332_p4_c4_r3,1,400,1790201013668,0,1790201079223.787,107.278,76.28,1790201079408.338,Normal,0.9636
WIX,3984,20260924-000332_p4_c4_r3,1739,perf_20260924-000332_p4_c4_r3,1,401,1790201013668,0,1790201079408.93,90.552,49.984,1790201079550.106,Normal,0.9346
WIX,3984,20260924-000332_p4_c4_r3,1751,perf_20260924-000332_p4_c4_r3,1,402,1790201013669,0,1790201079551.108,80.373,45.239,1790201079676.72,Normal,0.9516
WIX,3984,20260924-000332_p4_c4_r3,1752,perf_20260924-000332_p4_c4_r3,1,403,1790201013669,0,1790201079677.735,85.812,49.05,1790201079812.597,Normal,0.5147
WIX,3984,20260924-000332_p4_c4_r3,1766,perf_20260924-000332_p4_c4_r3,1,404,1790201013670,0,1790201079812.597,85.308,51.562,1790201079949.468,Normal,0.9452
WIX,3984,20260924-000332_p4_c4_r3,1767,perf_20260924-000332_p4_c4_r3,1,405,1790201013671,0,1790201079950.465,89.556,52.605,1790201080093.653,Normal,0.6332
WIX,3984,20260924-000332_p4_c4_r3,1774,perf_20260924-000332_p4_c4_r3,1,406,1790201013671,0,1790201080093.653,78.242,46.972,1790201080219.864,Normal,0.9428
WIX,3984,20260924-000332_p4_c4_r3,1775,perf_20260924-000332_p4_c4_r3,1,407,1790201013671,0,1790201080219.864,72.313,58.563,1790201080350.74,Normal,0.925
WIX,3984,20260924-000332_p4_c4_r3,1776,perf_20260924-000332_p4_c4_r3,1,408,1790201013671,0,1790201080351.754,84.661,47.723,1790201080484.138,Normal,0.9584
WIX,3984,20260924-000332_p4_c4_r3,1783,perf_20260924-000332_p4_c4_r3,1,409,1790201013672,0,1790201080485.139,94.485,45.571,1790201080625.195,Normal,0.9771
WIX,3984,20260924-000332_p4_c4_r3,1785,perf_20260924-000332_p4_c4_r3,1,410,1790201013672,0,1790201080626.193,121.308,54.217,1790201080802.698,Normal,0.954
WIX,3984,20260924-000332_p4_c4_r3,1787,perf_20260924-000332_p4_c4_r3,1,411,1790201013672,0,1790201080802.698,45.729,49.168,1790201080898.59,Normal,0.9511
WIX,3984,20260924-000332_p4_c4_r3,1790,perf_20260924-000332_p4_c4_r3,1,412,1790201013672,0,1790201080899.589,69.914,45.485,1790201081014.988,Normal,0.8405
WIX,3984,20260924-000332_p4_c4_r3,1792,perf_20260924-000332_p4_c4_r3,1,413,1790201013672,0,1790201081016.008,86.849,47.157,1790201081150.014,Normal,0.9523
WIX,3984,20260924-000332_p4_c4_r3,1795,perf_20260924-000332_p4_c4_r3,1,414,1790201013672,0,1790201081150.014,63.065,45.604,1790201081259.699,Normal,0.9309
WIX,3984,20260924-000332_p4_c4_r3,1797,perf_20260924-000332_p4_c4_r3,1,415,1790201013673,0,1790201081260.702,56.823,44.965,1790201081363.478,Normal,0.8218
WIX,3984,20260924-000332_p4_c4_r3,1798,perf_20260924-000332_p4_c4_r3,1,416,1790201013673,0,1790201081364.017,54.507,43.721,1790201081463.236,Normal,0.915
WIX,3984,20260924-000332_p4_c4_r3,1809,perf_20260924-000332_p4_c4_r3,1,417,1790201013673,0,1790201081463.236,52.57,46.638,1790201081563.44,Normal,0.9283
WIX,3984,20260924-000332_p4_c4_r3,1810,perf_20260924-000332_p4_c4_r3,1,418,1790201013673,0,1790201081563.44,43.21,45.183,1790201081651.833,Normal,0.9481
WIX,3984,20260924-000332_p4_c4_r3,1811,perf_20260924-000332_p4_c4_r3,1,419,1790201013673,0,1790201081652.833,49.578,47.556,1790201081750.968,Normal,0.9398
WIX,3984,20260924-000332_p4_c4_r3,1816,perf_20260924-000332_p4_c4_r3,1,420,1790201013674,0,1790201081750.968,36.261,49.254,1790201081836.483,Normal,0.9475
WIX,3984,20260924-000332_p4_c4_r3,1821,perf_20260924-000332_p4_c4_r3,1,421,1790201013674,0,1790201081836.483,87.886,47.278,1790201081973.183,Normal,0.9398
WIX,3984,20260924-000332_p4_c4_r3,1823,perf_20260924-000332_p4_c4_r3,1,422,1790201013675,0,1790201081974.181,260.285,48.02,1790201082282.487,Normal,0.9785
WIX,3984,20260924-000332_p4_c4_r3,1829,perf_20260924-000332_p4_c4_r3,1,423,1790201013675,0,1790201082283.485,63.053,44.853,1790201082392.01,Normal,0.9239
WIX,3984,20260924-000332_p4_c4_r3,1835,perf_20260924-000332_p4_c4_r3,1,424,1790201013675,0,1790201082392.01,57.305,47.21,1790201082497.519,Normal,0.9624
WIX,3984,20260924-000332_p4_c4_r3,1836,perf_20260924-000332_p4_c4_r3,1,425,1790201013675,0,1790201082497.519,75.101,49.004,1790201082622.604,Normal,0.9419
WIX,3984,20260924-000332_p4_c4_r3,1837,perf_20260924-000332_p4_c4_r3,1,426,1790201013675,0,1790201082622.604,68.029,45.939,1790201082736.573,Normal,0.8966
WIX,3984,20260924-000332_p4_c4_r3,1841,perf_20260924-000332_p4_c4_r3,1,427,1790201013676,0,1790201082736.573,36.327,45.459,1790201082818.359,Normal,0.9281
WIX,3984,20260924-000332_p4_c4_r3,1845,perf_20260924-000332_p4_c4_r3,1,428,1790201013676,0,1790201082819.418,61.417,46.515,1790201082927.35,Normal,0.9464
WIX,3984,20260924-000332_p4_c4_r3,1847,perf_20260924-000332_p4_c4_r3,1,429,1790201013676,0,1790201082927.35,84.648,44.556,1790201083056.554,Normal,0.9679
WIX,3984,20260924-000332_p4_c4_r3,1861,perf_20260924-000332_p4_c4_r3,1,430,1790201013677,0,1790201083057.567,45.564,49.566,1790201083152.698,Normal,0.9723
WIX,3984,20260924-000332_p4_c4_r3,1867,perf_20260924-000332_p4_c4_r3,1,431,1790201013677,0,1790201083153.732,73.767,45.421,1790201083273.923,Normal,0.9714
WIX,3984,20260924-000332_p4_c4_r3,1875,perf_20260924-000332_p4_c4_r3,1,432,1790201013678,0,1790201083273.923,38.779,44.918,1790201083358.619,Normal,0.9434
WIX,3984,20260924-000332_p4_c4_r3,1879,perf_20260924-000332_p4_c4_r3,1,433,1790201013678,0,1790201083358.619,65.953,46.04,1790201083471.164,Normal,0.7785
WIX,3984,20260924-000332_p4_c4_r3,1886,perf_20260924-000332_p4_c4_r3,1,434,1790201013678,0,1790201083472.173,48.136,45.784,1790201083566.683,Normal,0.9396
WIX,3984,20260924-000332_p4_c4_r3,1887,perf_20260924-000332_p4_c4_r3,1,435,1790201013679,0,1790201083566.683,52.094,47.262,1790201083666.555,Normal,0.9361
WIX,3984,20260924-000332_p4_c4_r3,1892,perf_20260924-000332_p4_c4_r3,1,436,1790201013679,0,1790201083667.109,63.599,47.154,1790201083778.477,Normal,0.9608
WIX,3984,20260924-000332_p4_c4_r3,1900,perf_20260924-000332_p4_c4_r3,1,437,1790201013679,0,1790201083778.477,64.462,52.66,1790201083896.549,Normal,0.791
WIX,3984,20260924-000332_p4_c4_r3,1908,perf_20260924-000332_p4_c4_r3,1,438,1790201013680,0,1790201083897.671,62.24,52.172,1790201084013.09,Normal,0.9594
WIX,3984,20260924-000332_p4_c4_r3,1909,perf_20260924-000332_p4_c4_r3,1,439,1790201013680,0,1790201084013.706,92.221,47.969,1790201084154.442,Normal,0.9417
WIX,3984,20260924-000332_p4_c4_r3,1912,perf_20260924-000332_p4_c4_r3,1,440,1790201013680,0,1790201084154.983,71.87,48.967,1790201084276.358,Normal,0.8466
WIX,3984,20260924-000332_p4_c4_r3,1913,perf_20260924-000332_p4_c4_r3,1,441,1790201013680,0,1790201084276.358,58.958,47.491,1790201084383.372,Normal,0.9584
WIX,3984,20260924-000332_p4_c4_r3,1917,perf_20260924-000332_p4_c4_r3,1,442,1790201013680,0,1790201084383.372,66.087,47.599,1790201084497.606,OFFENSIVE,0.7955
WIX,3984,20260924-000332_p4_c4_r3,1921,perf_20260924-000332_p4_c4_r3,1,443,1790201013680,0,1790201084498.157,62.615,44.778,1790201084606.653,Normal,0.9457
WIX,3984,20260924-000332_p4_c4_r3,1923,perf_20260924-000332_p4_c4_r3,1,444,1790201013680,0,1790201084607.189,71.718,46.308,1790201084725.78,Normal,0.9315
WIX,3984,20260924-000332_p4_c4_r3,1925,perf_20260924-000332_p4_c4_r3,1,445,1790201013680,0,1790201084725.78,65.925,44.765,1790201084836.991,Normal,0.9496
WIX,3984,20260924-000332_p4_c4_r3,1928,perf_20260924-000332_p4_c4_r3,1,446,1790201013680,0,1790201084837.505,66.852,44.929,1790201084950.378,Normal,0.9558
WIX,3984,20260924-000332_p4_c4_r3,1933,perf_20260924-000332_p4_c4_r3,1,447,1790201013681,0,1790201084951.41,45.869,49.278,1790201085047.554,HATE,0.3814
WIX,3984,20260924-000332_p4_c4_r3,1950,perf_20260924-000332_p4_c4_r3,1,448,1790201013681,0,1790201085048.098,130.212,46.332,1790201085225.198,Normal,0.9801
WIX,3984,20260924-000332_p4_c4_r3,1959,perf_20260924-000332_p4_c4_r3,1,449,1790201013683,0,1790201085225.715,61.172,43.941,1790201085331.375,Normal,0.9409
WIX,3984,20260924-000332_p4_c4_r3,1961,perf_20260924-000332_p4_c4_r3,1,450,1790201013683,0,1790201085331.375,62.067,44.669,1790201085438.112,Normal,0.9495
WIX,3984,20260924-000332_p4_c4_r3,1962,perf_20260924-000332_p4_c4_r3,1,451,1790201013683,0,1790201085438.112,49.462,47.443,1790201085536.795,Normal,0.9046
WIX,3984,20260924-000332_p4_c4_r3,1969,perf_20260924-000332_p4_c4_r3,1,452,1790201013683,0,1790201085537.797,128.227,52.075,1790201085719.099,Normal,0.9713
WIX,3984,20260924-000332_p4_c4_r3,1979,perf_20260924-000332_p4_c4_r3,1,453,1790201013685,0,1790201085719.099,58.175,45.354,1790201085823.624,Normal,0.4188
WIX,3984,20260924-000332_p4_c4_r3,1981,perf_20260924-000332_p4_c4_r3,1,454,1790201013685,0,1790201085824.132,66.289,47.418,1790201085938.833,Normal,0.9342
WIX,3984,20260924-000332_p4_c4_r3,1982,perf_20260924-000332_p4_c4_r3,1,455,1790201013685,0,1790201085938.833,62.121,44.793,1790201086045.747,Normal,0.8701
WIX,3984,20260924-000332_p4_c4_r3,1984,perf_20260924-000332_p4_c4_r3,1,456,1790201013685,0,1790201086045.747,58.227,46.345,1790201086150.319,Normal,0.9427
WIX,3984,20260924-000332_p4_c4_r3,1991,perf_20260924-000332_p4_c4_r3,1,457,1790201013686,0,1790201086150.319,56.277,44.388,1790201086251.977,Normal,0.8897
WIX,3984,20260924-000332_p4_c4_r3,2004,perf_20260924-000332_p4_c4_r3,1,458,1790201013687,0,1790201086252.496,65.306,49.964,1790201086368.768,Normal,0.973
WIX,3984,20260924-000332_p4_c4_r3,2005,perf_20260924-000332_p4_c4_r3,1,459,1790201013687,0,1790201086369.766,62.193,45.133,1790201086478.096,Normal,0.9526
WIX,3984,20260924-000332_p4_c4_r3,2006,perf_20260924-000332_p4_c4_r3,1,460,1790201013687,0,1790201086478.647,61.246,45.914,1790201086586.809,Normal,0.9731
WIX,3984,20260924-000332_p4_c4_r3,2013,perf_20260924-000332_p4_c4_r3,1,461,1790201013688,0,1790201086586.809,54.408,45.055,1790201086686.272,Normal,0.9629
WIX,3984,20260924-000332_p4_c4_r3,2015,perf_20260924-000332_p4_c4_r3,1,462,1790201013688,0,1790201086686.272,45.208,47.178,1790201086779.655,Normal,0.9425
WIX,3984,20260924-000332_p4_c4_r3,2017,perf_20260924-000332_p4_c4_r3,1,463,1790201013688,0,1790201086779.655,42.764,46.27,1790201086868.689,Normal,0.9022
WIX,3984,20260924-000332_p4_c4_r3,2022,perf_20260924-000332_p4_c4_r3,1,464,1790201013689,0,1790201086868.689,52.208,49.296,1790201086970.193,Normal,0.9211
WIX,3984,20260924-000332_p4_c4_r3,2027,perf_20260924-000332_p4_c4_r3,1,465,1790201013689,0,1790201086971.205,92.513,46.064,1790201087110.783,Normal,0.9604
WIX,3984,20260924-000332_p4_c4_r3,2034,perf_20260924-000332_p4_c4_r3,1,466,1790201013690,0,1790201087111.785,28.04,48.228,1790201087188.053,Normal,0.9414
WIX,3984,20260924-000332_p4_c4_r3,2039,perf_20260924-000332_p4_c4_r3,1,467,1790201013690,0,1790201087189.066,49.976,50.024,1790201087289.065,Normal,0.9615
WIX,3984,20260924-000332_p4_c4_r3,2044,perf_20260924-000332_p4_c4_r3,1,468,1790201013691,0,1790201087289.626,78.801,46.969,1790201087416.594,Normal,0.9375
WIX,3984,20260924-000332_p4_c4_r3,2048,perf_20260924-000332_p4_c4_r3,1,469,1790201013691,0,1790201087416.594,89.172,47.068,1790201087552.834,Normal,0.9472
WIX,3984,20260924-000332_p4_c4_r3,2052,perf_20260924-000332_p4_c4_r3,1,470,1790201013691,0,1790201087553.341,65.856,48.105,1790201087667.302,Normal,0.5847
WIX,3984,20260924-000332_p4_c4_r3,2053,perf_20260924-000332_p4_c4_r3,1,471,1790201013692,0,1790201087667.302,43.884,46.13,1790201087758.316,Normal,0.9054
WIX,3984,20260924-000332_p4_c4_r3,2059,perf_20260924-000332_p4_c4_r3,1,472,1790201013692,0,1790201087759.315,53.102,47.297,1790201087860.711,Normal,0.9691
WIX,3984,20260924-000332_p4_c4_r3,2063,perf_20260924-000332_p4_c4_r3,1,473,1790201013693,0,1790201087861.754,90.031,46.409,1790201087998.194,Normal,0.9751
WIX,3984,20260924-000332_p4_c4_r3,2082,perf_20260924-000332_p4_c4_r3,1,474,1790201013694,0,1790201087999.204,59.526,47.356,1790201088106.085,Normal,0.9265
WIX,3984,20260924-000332_p4_c4_r3,2086,perf_20260924-000332_p4_c4_r3,1,475,1790201013694,0,1790201088107.088,55.468,45.18,1790201088207.736,Normal,0.4444
WIX,3984,20260924-000332_p4_c4_r3,2094,perf_20260924-000332_p4_c4_r3,1,476,1790201013695,0,1790201088208.748,40.983,46.395,1790201088297.126,Normal,0.9105
WIX,3984,20260924-000332_p4_c4_r3,2100,perf_20260924-000332_p4_c4_r3,1,477,1790201013695,0,1790201088298.156,46.64,44.776,1790201088390.568,Normal,0.8438
WIX,3984,20260924-000332_p4_c4_r3,2106,perf_20260924-000332_p4_c4_r3,1,478,1790201013696,0,1790201088391.568,41.629,45.118,1790201088479.321,Normal,0.9701
WIX,3984,20260924-000332_p4_c4_r3,2114,perf_20260924-000332_p4_c4_r3,1,479,1790201013696,0,1790201088480.322,88.671,45.059,1790201088616.077,Normal,0.9653
WIX,3984,20260924-000332_p4_c4_r3,2118,perf_20260924-000332_p4_c4_r3,1,480,1790201013696,0,1790201088616.622,43.417,52.635,1790201088713.215,Normal,0.9547
WIX,3984,20260924-000332_p4_c4_r3,2119,perf_20260924-000332_p4_c4_r3,1,481,1790201013697,0,1790201088714.213,41.466,46.826,1790201088803.466,Normal,0.9444
WIX,3984,20260924-000332_p4_c4_r3,2121,perf_20260924-000332_p4_c4_r3,1,482,1790201013697,0,1790201088803.466,84.296,43.678,1790201088932.441,Normal,0.9607
WIX,3984,20260924-000332_p4_c4_r3,2123,perf_20260924-000332_p4_c4_r3,1,483,1790201013697,0,1790201088932.441,39.95,46.242,1790201089019.151,Normal,0.9351
WIX,3984,20260924-000332_p4_c4_r3,2127,perf_20260924-000332_p4_c4_r3,1,484,1790201013697,0,1790201089019.151,34.75,47.986,1790201089101.887,Normal,0.9578
WIX,3984,20260924-000332_p4_c4_r3,2130,perf_20260924-000332_p4_c4_r3,1,485,1790201013697,0,1790201089102.895,56.181,48.879,1790201089208.956,Normal,0.968
WIX,3984,20260924-000332_p4_c4_r3,2137,perf_20260924-000332_p4_c4_r3,1,486,1790201013698,0,1790201089209.963,40.435,50.362,1790201089301.314,OFFENSIVE,0.9296
WIX,3984,20260924-000332_p4_c4_r3,2138,perf_20260924-000332_p4_c4_r3,1,487,1790201013698,0,1790201089301.314,41.076,47.188,1790201089389.578,Normal,0.9589
WIX,3984,20260924-000332_p4_c4_r3,2140,perf_20260924-000332_p4_c4_r3,1,488,1790201013698,0,1790201089390.58,43.485,46.557,1790201089481.625,Normal,0.9198
WIX,3984,20260924-000332_p4_c4_r3,2143,perf_20260924-000332_p4_c4_r3,1,489,1790201013698,0,1790201089481.625,105.979,46.234,1790201089634.401,Normal,0.9684
WIX,3984,20260924-000332_p4_c4_r3,2152,perf_20260924-000332_p4_c4_r3,1,490,1790201013699,0,1790201089634.401,90.973,50.481,1790201089775.855,Normal,0.9555
WIX,3984,20260924-000332_p4_c4_r3,2154,perf_20260924-000332_p4_c4_r3,1,491,1790201013699,0,1790201089776.865,69.994,49.818,1790201089896.678,Normal,0.9348
WIX,3984,20260924-000332_p4_c4_r3,2158,perf_20260924-000332_p4_c4_r3,1,492,1790201013699,0,1790201089897.676,131.891,48.937,1790201090079.503,Normal,0.9763
WIX,3984,20260924-000332_p4_c4_r3,2163,perf_20260924-000332_p4_c4_r3,1,493,1790201013699,0,1790201090079.503,50.546,46.89,1790201090177.938,Normal,0.9681
WIX,3984,20260924-000332_p4_c4_r3,2164,perf_20260924-000332_p4_c4_r3,1,494,1790201013699,0,1790201090177.938,65.094,49.798,1790201090293.827,Normal,0.9435
WIX,3984,20260924-000332_p4_c4_r3,2176,perf_20260924-000332_p4_c4_r3,1,495,1790201013700,0,1790201090294.833,39.047,47.589,1790201090381.469,Normal,0.9391
WIX,3984,20260924-000332_p4_c4_r3,2181,perf_20260924-000332_p4_c4_r3,1,496,1790201013700,0,1790201090381.469,56.266,43.716,1790201090482.454,Normal,0.6937
WIX,3984,20260924-000332_p4_c4_r3,2184,perf_20260924-000332_p4_c4_r3,1,497,1790201013700,0,1790201090483.462,71.915,45.364,1790201090601.745,Normal,0.9269
WIX,3984,20260924-000332_p4_c4_r3,2187,perf_20260924-000332_p4_c4_r3,1,498,1790201013701,0,1790201090601.745,61.477,44.716,1790201090708.934,Normal,0.9045
WIX,3984,20260924-000332_p4_c4_r3,2188,perf_20260924-000332_p4_c4_r3,1,499,1790201013701,0,1790201090708.934,93.141,51.198,1790201090854.273,Normal,0.9643
WIX,3984,20260924-000332_p4_c4_r3,2192,perf_20260924-000332_p4_c4_r3,1,500,1790201013701,0,1790201091004.673,60.349,77.665,1790201091142.686,Normal,0.9176
WIX,3984,20260924-000332_p4_c4_r3,2193,perf_20260924-000332_p4_c4_r3,1,501,1790201013701,0,1790201091143.253,90.503,32.104,1790201091267.403,Normal,0.9779
WIX,3984,20260924-000332_p4_c4_r3,2198,perf_20260924-000332_p4_c4_r3,1,502,1790201013702,0,1790201091267.403,67.75,49.777,1790201091385.948,Normal,0.9375
WIX,3984,20260924-000332_p4_c4_r3,2202,perf_20260924-000332_p4_c4_r3,1,503,1790201013702,0,1790201091387.456,70.985,46.617,1790201091506.188,Normal,0.94
WIX,3984,20260924-000332_p4_c4_r3,2212,perf_20260924-000332_p4_c4_r3,1,504,1790201013703,0,1790201091506.188,65.396,51.893,1790201091624.469,Normal,0.9714
WIX,3984,20260924-000332_p4_c4_r3,2218,perf_20260924-000332_p4_c4_r3,1,505,1790201013703,0,1790201091625.469,42.073,52.055,1790201091720.602,Normal,0.9528
WIX,3984,20260924-000332_p4_c4_r3,2220,perf_20260924-000332_p4_c4_r3,1,506,1790201013703,0,1790201091721.603,55.88,52.547,1790201091831.046,Normal,0.9204
WIX,3984,20260924-000332_p4_c4_r3,2222,perf_20260924-000332_p4_c4_r3,1,507,1790201013703,0,1790201091832.059,63.04,46.884,1790201091941.982,Normal,0.9233
WIX,3984,20260924-000332_p4_c4_r3,2223,perf_20260924-000332_p4_c4_r3,1,508,1790201013704,0,1790201091943.49,104.079,54.445,1790201092103.017,Normal,0.9484
WIX,3984,20260924-000332_p4_c4_r3,2232,perf_20260924-000332_p4_c4_r3,1,509,1790201013704,0,1790201092103.017,96.141,48.072,1790201092247.23,Normal,0.9666
WIX,3984,20260924-000332_p4_c4_r3,2239,perf_20260924-000332_p4_c4_r3,1,510,1790201013705,0,1790201092247.23,84.513,48.187,1790201092379.93,Normal,0.9023
WIX,3984,20260924-000332_p4_c4_r3,2240,perf_20260924-000332_p4_c4_r3,1,511,1790201013705,0,1790201092380.93,89.333,48.61,1790201092519.865,Normal,0.8175
WIX,3984,20260924-000332_p4_c4_r3,2243,perf_20260924-000332_p4_c4_r3,1,512,1790201013705,0,1790201092520.868,105.848,51.075,1790201092679.303,Normal,0.9445
WIX,3984,20260924-000332_p4_c4_r3,2246,perf_20260924-000332_p4_c4_r3,1,513,1790201013705,0,1790201092679.303,96.247,49.957,1790201092826.309,Normal,0.8893
WIX,3984,20260924-000332_p4_c4_r3,2247,perf_20260924-000332_p4_c4_r3,1,514,1790201013706,0,1790201092826.821,85.203,50.82,1790201092963.403,Normal,0.8717
WIX,3984,20260924-000332_p4_c4_r3,2248,perf_20260924-000332_p4_c4_r3,1,515,1790201013706,0,1790201092963.403,78.512,45.55,1790201093088.504,Normal,0.9546
WIX,3984,20260924-000332_p4_c4_r3,2250,perf_20260924-000332_p4_c4_r3,1,516,1790201013706,0,1790201093089.5,75.349,45.576,1790201093211.433,Normal,0.971
WIX,3984,20260924-000332_p4_c4_r3,2257,perf_20260924-000332_p4_c4_r3,1,517,1790201013706,0,1790201093212.44,72.809,49.23,1790201093335.508,Normal,0.9715
WIX,3984,20260924-000332_p4_c4_r3,2261,perf_20260924-000332_p4_c4_r3,1,518,1790201013707,0,1790201093336.667,57.56,49.575,1790201093444.813,Normal,0.8813
WIX,3984,20260924-000332_p4_c4_r3,2262,perf_20260924-000332_p4_c4_r3,1,519,1790201013707,0,1790201093445.371,49.642,47.492,1790201093543.503,Normal,0.9235
WIX,3984,20260924-000332_p4_c4_r3,2268,perf_20260924-000332_p4_c4_r3,1,520,1790201013707,0,1790201093544.51,96.773,44.75,1790201093687.032,Normal,0.8794
WIX,3984,20260924-000332_p4_c4_r3,2270,perf_20260924-000332_p4_c4_r3,1,521,1790201013707,0,1790201093687.032,69.95,47.425,1790201093804.407,Normal,0.9449
WIX,3984,20260924-000332_p4_c4_r3,2277,perf_20260924-000332_p4_c4_r3,1,522,1790201013708,0,1790201093804.407,72.486,44.785,1790201093922.664,Normal,0.9677
WIX,3984,20260924-000332_p4_c4_r3,2287,perf_20260924-000332_p4_c4_r3,1,523,1790201013709,0,1790201093922.664,101.801,51.401,1790201094076.378,Normal,0.4849
WIX,3984,20260924-000332_p4_c4_r3,2293,perf_20260924-000332_p4_c4_r3,1,524,1790201013709,0,1790201094077.394,59.932,44.63,1790201094181.956,Normal,0.9591
WIX,3984,20260924-000332_p4_c4_r3,2297,perf_20260924-000332_p4_c4_r3,1,525,1790201013709,0,1790201094182.965,86.95,46.623,1790201094316.537,Normal,0.9555
WIX,3984,20260924-000332_p4_c4_r3,2311,perf_20260924-000332_p4_c4_r3,1,526,1790201013710,0,1790201094316.537,49.65,45.598,1790201094411.785,Normal,0.9641
WIX,3984,20260924-000332_p4_c4_r3,2316,perf_20260924-000332_p4_c4_r3,1,527,1790201013710,0,1790201094411.785,72.92,49.064,1790201094534.778,Normal,0.9681
WIX,3984,20260924-000332_p4_c4_r3,2317,perf_20260924-000332_p4_c4_r3,1,528,1790201013710,0,1790201094535.78,43.643,47.591,1790201094627.574,Normal,0.9577
WIX,3984,20260924-000332_p4_c4_r3,2324,perf_20260924-000332_p4_c4_r3,1,529,1790201013711,0,1790201094627.574,45.985,45.002,1790201094718.561,Normal,0.3727
WIX,3984,20260924-000332_p4_c4_r3,2328,perf_20260924-000332_p4_c4_r3,1,530,1790201013711,0,1790201094719.567,65.865,51.911,1790201094837.342,Normal,0.9705
WIX,3984,20260924-000332_p4_c4_r3,2332,perf_20260924-000332_p4_c4_r3,1,531,1790201013712,0,1790201094837.342,41.855,48.755,1790201094928.948,Normal,0.5942
WIX,3984,20260924-000332_p4_c4_r3,2334,perf_20260924-000332_p4_c4_r3,1,532,1790201013712,0,1790201094928.948,45.616,47.201,1790201095021.765,Normal,0.9679
WIX,3984,20260924-000332_p4_c4_r3,2335,perf_20260924-000332_p4_c4_r3,1,533,1790201013712,0,1790201095021.765,209.506,45.362,1790201095277.631,Normal,0.9785
WIX,3984,20260924-000332_p4_c4_r3,2338,perf_20260924-000332_p4_c4_r3,1,534,1790201013712,0,1790201095277.631,56.335,43.686,1790201095378.76,Normal,0.8917
WIX,3984,20260924-000332_p4_c4_r3,2343,perf_20260924-000332_p4_c4_r3,1,535,1790201013712,0,1790201095380.1,33.424,47.184,1790201095461.702,Normal,0.9255
WIX,3984,20260924-000332_p4_c4_r3,2345,perf_20260924-000332_p4_c4_r3,1,536,1790201013712,0,1790201095461.702,36.177,47.834,1790201095547.0,Normal,0.7135
WIX,3984,20260924-000332_p4_c4_r3,2348,perf_20260924-000332_p4_c4_r3,1,537,1790201013713,0,1790201095548.0,75.158,46.103,1790201095669.262,Normal,0.975
WIX,3984,20260924-000332_p4_c4_r3,2356,perf_20260924-000332_p4_c4_r3,1,538,1790201013713,0,1790201095670.26,40.165,46.554,1790201095757.969,Normal,0.9525
WIX,3984,20260924-000332_p4_c4_r3,2358,perf_20260924-000332_p4_c4_r3,1,539,1790201013713,0,1790201095758.969,53.437,48.909,1790201095862.311,Normal,0.9629
WIX,3984,20260924-000332_p4_c4_r3,2360,perf_20260924-000332_p4_c4_r3,1,540,1790201013713,0,1790201095863.313,37.473,48.073,1790201095948.859,Normal,0.9723
WIX,3984,20260924-000332_p4_c4_r3,2362,perf_20260924-000332_p4_c4_r3,1,541,1790201013714,0,1790201095948.859,46.094,48.327,1790201096044.293,Normal,0.9324
WIX,3984,20260924-000332_p4_c4_r3,2365,perf_20260924-000332_p4_c4_r3,1,542,1790201013714,0,1790201096044.293,32.346,44.732,1790201096121.372,Normal,0.959
WIX,3984,20260924-000332_p4_c4_r3,2377,perf_20260924-000332_p4_c4_r3,1,543,1790201013714,0,1790201096122.401,69.231,51.194,1790201096244.335,Normal,0.953
WIX,3984,20260924-000332_p4_c4_r3,2379,perf_20260924-000332_p4_c4_r3,1,544,1790201013715,0,1790201096244.335,64.242,45.417,1790201096353.994,Normal,0.844
WIX,3984,20260924-000332_p4_c4_r3,2388,perf_20260924-000332_p4_c4_r3,1,545,1790201013716,0,1790201096353.994,49.733,46.877,1790201096450.604,Normal,0.9447
WIX,3984,20260924-000332_p4_c4_r3,2392,perf_20260924-000332_p4_c4_r3,1,546,1790201013716,0,1790201096451.119,44.225,48.531,1790201096544.876,Normal,0.9255
WIX,3984,20260924-000332_p4_c4_r3,2402,perf_20260924-000332_p4_c4_r3,1,547,1790201013716,0,1790201096544.876,55.082,47.153,1790201096647.111,Normal,0.9227
WIX,3984,20260924-000332_p4_c4_r3,2405,perf_20260924-000332_p4_c4_r3,1,548,1790201013716,0,1790201096648.114,50.745,47.585,1790201096746.444,Normal,0.8499
WIX,3984,20260924-000332_p4_c4_r3,2408,perf_20260924-000332_p4_c4_r3,1,549,1790201013716,0,1790201096747.44,35.608,47.712,1790201096831.756,Normal,0.9499
WIX,3984,20260924-000332_p4_c4_r3,2409,perf_20260924-000332_p4_c4_r3,1,550,1790201013716,0,1790201096832.758,39.849,47.351,1790201096919.958,Normal,0.958
WIX,3984,20260924-000332_p4_c4_r3,2410,perf_20260924-000332_p4_c4_r3,1,551,1790201013716,0,1790201096919.958,37.274,49.535,1790201097007.766,Normal,0.9471
WIX,3984,20260924-000332_p4_c4_r3,2411,perf_20260924-000332_p4_c4_r3,1,552,1790201013716,0,1790201097008.768,43.129,49.172,1790201097101.069,Normal,0.9468
WIX,3984,20260924-000332_p4_c4_r3,2419,perf_20260924-000332_p4_c4_r3,1,553,1790201013718,0,1790201097101.898,42.471,47.765,1790201097192.133,Normal,0.9665
WIX,3984,20260924-000332_p4_c4_r3,2420,perf_20260924-000332_p4_c4_r3,1,554,1790201013718,0,1790201097193.131,65.921,54.375,1790201097314.045,Normal,0.9341
WIX,3984,20260924-000332_p4_c4_r3,2422,perf_20260924-000332_p4_c4_r3,1,555,1790201013718,0,1790201097314.555,80.638,57.855,1790201097453.626,Normal,0.931
WIX,3984,20260924-000332_p4_c4_r3,2424,perf_20260924-000332_p4_c4_r3,1,556,1790201013718,0,1790201097454.185,81.732,43.151,1790201097579.657,Normal,0.866
WIX,3984,20260924-000332_p4_c4_r3,2428,perf_20260924-000332_p4_c4_r3,1,557,1790201013719,0,1790201097580.661,53.151,44.327,1790201097679.655,Normal,0.9423
WIX,3984,20260924-000332_p4_c4_r3,2430,perf_20260924-000332_p4_c4_r3,1,558,1790201013719,0,1790201097679.655,48.809,44.822,1790201097774.289,Normal,0.9503
WIX,3984,20260924-000332_p4_c4_r3,2437,perf_20260924-000332_p4_c4_r3,1,559,1790201013719,0,1790201097775.796,53.403,45.049,1790201097874.896,Normal,0.9423
WIX,3984,20260924-000332_p4_c4_r3,2440,perf_20260924-000332_p4_c4_r3,1,560,1790201013720,0,1790201097875.919,36.8,45.588,1790201097958.307,Normal,0.9423
WIX,3984,20260924-000332_p4_c4_r3,2444,perf_20260924-000332_p4_c4_r3,1,561,1790201013720,0,1790201097958.307,33.26,47.368,1790201098038.934,Normal,0.9564
WIX,3984,20260924-000332_p4_c4_r3,2446,perf_20260924-000332_p4_c4_r3,1,562,1790201013720,0,1790201098039.938,50.44,44.648,1790201098135.026,Normal,0.9476
WIX,3984,20260924-000332_p4_c4_r3,2450,perf_20260924-000332_p4_c4_r3,1,563,1790201013720,0,1790201098135.576,55.524,46.382,1790201098238.478,Normal,0.9373
WIX,3984,20260924-000332_p4_c4_r3,2452,perf_20260924-000332_p4_c4_r3,1,564,1790201013720,0,1790201098239.505,65.864,43.819,1790201098349.188,Normal,0.6702
WIX,3984,20260924-000332_p4_c4_r3,2463,perf_20260924-000332_p4_c4_r3,1,565,1790201013721,0,1790201098350.192,62.741,47.317,1790201098461.251,Normal,0.9196
WIX,3984,20260924-000332_p4_c4_r3,2464,perf_20260924-000332_p4_c4_r3,1,566,1790201013721,0,1790201098461.251,46.549,48.581,1790201098557.384,Normal,0.882
WIX,3984,20260924-000332_p4_c4_r3,2469,perf_20260924-000332_p4_c4_r3,1,567,1790201013722,0,1790201098557.384,58.24,47.071,1790201098663.682,Normal,0.9655
WIX,3984,20260924-000332_p4_c4_r3,2481,perf_20260924-000332_p4_c4_r3,1,568,1790201013723,0,1790201098665.431,41.891,47.306,1790201098755.625,Normal,0.6562
WIX,3984,20260924-000332_p4_c4_r3,2483,perf_20260924-000332_p4_c4_r3,1,569,1790201013723,0,1790201098756.622,41.475,49.651,1790201098848.748,Normal,0.9106
WIX,3984,20260924-000332_p4_c4_r3,2492,perf_20260924-000332_p4_c4_r3,1,570,1790201013723,0,1790201098848.748,35.181,46.116,1790201098930.045,Normal,0.9491
WIX,3984,20260924-000332_p4_c4_r3,2494,perf_20260924-000332_p4_c4_r3,1,571,1790201013723,0,1790201098930.552,46.765,50.719,1790201099029.035,Normal,0.786
WIX,3984,20260924-000332_p4_c4_r3,2498,perf_20260924-000332_p4_c4_r3,1,572,1790201013724,0,1790201099029.035,44.253,46.355,1790201099120.636,Normal,0.7791
WIX,3984,20260924-000332_p4_c4_r3,2502,perf_20260924-000332_p4_c4_r3,1,573,1790201013724,0,1790201099120.636,54.626,47.484,1790201099224.271,Normal,0.8878
WIX,3984,20260924-000332_p4_c4_r3,2507,perf_20260924-000332_p4_c4_r3,1,574,1790201013724,0,1790201099224.271,34.312,48.143,1790201099307.247,Normal,0.9654
WIX,3984,20260924-000332_p4_c4_r3,2510,perf_20260924-000332_p4_c4_r3,1,575,1790201013724,0,1790201099308.245,49.812,48.206,1790201099407.257,Normal,0.826
WIX,3984,20260924-000332_p4_c4_r3,2511,perf_20260924-000332_p4_c4_r3,1,576,1790201013725,0,1790201099408.259,58.714,45.91,1790201099512.883,Normal,0.9743
WIX,3984,20260924-000332_p4_c4_r3,2513,perf_20260924-000332_p4_c4_r3,1,577,1790201013725,0,1790201099512.883,42.248,48.258,1790201099603.388,Normal,0.941
WIX,3984,20260924-000332_p4_c4_r3,2515,perf_20260924-000332_p4_c4_r3,1,578,1790201013725,0,1790201099603.388,61.888,46.736,1790201099712.013,Normal,0.9698
WIX,3984,20260924-000332_p4_c4_r3,2523,perf_20260924-000332_p4_c4_r3,1,579,1790201013725,0,1790201099712.013,53.211,50.803,1790201099817.026,Normal,0.8455
WIX,3984,20260924-000332_p4_c4_r3,2534,perf_20260924-000332_p4_c4_r3,1,580,1790201013726,0,1790201099817.675,92.089,47.211,1790201099956.976,Normal,0.9802
WIX,3984,20260924-000332_p4_c4_r3,2538,perf_20260924-000332_p4_c4_r3,1,581,1790201013726,0,1790201099957.973,65.765,52.049,1790201100077.643,Normal,0.9375
WIX,3984,20260924-000332_p4_c4_r3,2542,perf_20260924-000332_p4_c4_r3,1,582,1790201013726,0,1790201100077.643,63.549,49.19,1790201100190.381,Normal,0.901
WIX,3984,20260924-000332_p4_c4_r3,2543,perf_20260924-000332_p4_c4_r3,1,583,1790201013726,0,1790201100190.381,74.565,45.674,1790201100311.582,Normal,0.9448
WIX,3984,20260924-000332_p4_c4_r3,2548,perf_20260924-000332_p4_c4_r3,1,584,1790201013727,0,1790201100311.582,52.873,47.191,1790201100412.634,Normal,0.8151
WIX,3984,20260924-000332_p4_c4_r3,2551,perf_20260924-000332_p4_c4_r3,1,585,1790201013727,0,1790201100413.63,52.445,45.143,1790201100512.213,Normal,0.9666
WIX,3984,20260924-000332_p4_c4_r3,2554,perf_20260924-000332_p4_c4_r3,1,586,1790201013727,0,1790201100512.779,86.973,50.407,1790201100651.172,Normal,0.7041
WIX,3984,20260924-000332_p4_c4_r3,2558,perf_20260924-000332_p4_c4_r3,1,587,1790201013727,0,1790201100652.181,63.742,44.196,1790201100761.124,Normal,0.9632
WIX,3984,20260924-000332_p4_c4_r3,2559,perf_20260924-000332_p4_c4_r3,1,588,1790201013727,0,1790201100762.126,76.42,45.413,1790201100883.959,Normal,0.9407
WIX,3984,20260924-000332_p4_c4_r3,2569,perf_20260924-000332_p4_c4_r3,1,589,1790201013728,0,1790201100883.959,86.364,48.198,1790201101018.521,Normal,0.8473
WIX,3984,20260924-000332_p4_c4_r3,2570,perf_20260924-000332_p4_c4_r3,1,590,1790201013728,0,1790201101019.528,51.324,46.343,1790201101117.195,Normal,0.9605
WIX,3984,20260924-000332_p4_c4_r3,2572,perf_20260924-000332_p4_c4_r3,1,591,1790201013728,0,1790201101118.234,50.153,49.085,1790201101218.464,Normal,0.7281
WIX,3984,20260924-000332_p4_c4_r3,2573,perf_20260924-000332_p4_c4_r3,1,592,1790201013728,0,1790201101219.46,70.655,49.899,1790201101340.014,Normal,0.9559
WIX,3984,20260924-000332_p4_c4_r3,2574,perf_20260924-000332_p4_c4_r3,1,593,1790201013728,0,1790201101340.014,119.019,43.741,1790201101502.774,Normal,0.9738
WIX,3984,20260924-000332_p4_c4_r3,2582,perf_20260924-000332_p4_c4_r3,1,594,1790201013729,0,1790201101502.774,52.452,46.235,1790201101602.44,Normal,0.9308
WIX,3984,20260924-000332_p4_c4_r3,2605,perf_20260924-000332_p4_c4_r3,1,595,1790201013730,0,1790201101603.423,68.337,44.714,1790201101717.979,Normal,0.9715
WIX,3984,20260924-000332_p4_c4_r3,2606,perf_20260924-000332_p4_c4_r3,1,596,1790201013730,0,1790201101717.979,47.63,46.115,1790201101812.73,Normal,0.9572
WIX,3984,20260924-000332_p4_c4_r3,2613,perf_20260924-000332_p4_c4_r3,1,597,1790201013731,0,1790201101813.731,63.713,48.895,1790201101927.338,Normal,0.9749
WIX,3984,20260924-000332_p4_c4_r3,2618,perf_20260924-000332_p4_c4_r3,1,598,1790201013731,0,1790201101927.976,43.761,47.516,1790201102019.8,Normal,0.9592
WIX,3984,20260924-000332_p4_c4_r3,2621,perf_20260924-000332_p4_c4_r3,1,599,1790201013731,0,1790201102019.8,52.79,50.195,1790201102122.785,Normal,0.9502
WIX,3984,20260924-000332_p4_c4_r3,2629,perf_20260924-000332_p4_c4_r3,1,600,1790201013732,0,1790201102122.785,47.676,49.39,1790201102219.851,Normal,0.9627
WIX,3984,20260924-000332_p4_c4_r3,2630,perf_20260924-000332_p4_c4_r3,1,601,1790201013732,0,1790201102220.868,73.82,46.968,1790201102341.657,Normal,0.9649
WIX,3984,20260924-000332_p4_c4_r3,2631,perf_20260924-000332_p4_c4_r3,1,602,1790201013732,0,1790201102342.66,61.317,47.487,1790201102451.464,Normal,0.9506
WIX,3984,20260924-000332_p4_c4_r3,2634,perf_20260924-000332_p4_c4_r3,1,603,1790201013732,0,1790201102451.464,66.866,48.834,1790201102567.164,Normal,0.912
WIX,3984,20260924-000332_p4_c4_r3,2637,perf_20260924-000332_p4_c4_r3,1,604,1790201013732,0,1790201102568.169,65.776,43.287,1790201102677.232,Normal,0.9567
WIX,3984,20260924-000332_p4_c4_r3,2639,perf_20260924-000332_p4_c4_r3,1,605,1790201013732,0,1790201102678.241,65.531,44.415,1790201102789.179,Normal,0.9337
WIX,3984,20260924-000332_p4_c4_r3,2640,perf_20260924-000332_p4_c4_r3,1,606,1790201013732,0,1790201102789.833,75.381,45.555,1790201102911.766,Normal,0.9414
WIX,3984,20260924-000332_p4_c4_r3,2644,perf_20260924-000332_p4_c4_r3,1,607,1790201013732,0,1790201102911.766,74.284,44.438,1790201103031.495,Normal,0.8427
WIX,3984,20260924-000332_p4_c4_r3,2649,perf_20260924-000332_p4_c4_r3,1,608,1790201013733,0,1790201103031.495,324.358,48.818,1790201103405.677,Normal,0.9782
WIX,3984,20260924-000332_p4_c4_r3,2658,perf_20260924-000332_p4_c4_r3,1,609,1790201013733,0,1790201103405.677,74.595,49.658,1790201103529.929,Normal,0.9604
WIX,3984,20260924-000332_p4_c4_r3,2663,perf_20260924-000332_p4_c4_r3,1,610,1790201013734,0,1790201103530.931,69.01,50.869,1790201103652.827,Normal,0.9173
WIX,3984,20260924-000332_p4_c4_r3,2665,perf_20260924-000332_p4_c4_r3,1,611,1790201013734,0,1790201103652.827,110.759,45.385,1790201103809.969,Normal,0.8752
WIX,3984,20260924-000332_p4_c4_r3,2666,perf_20260924-000332_p4_c4_r3,1,612,1790201013734,0,1790201103811.143,92.436,45.921,1790201103949.5,Normal,0.9807
WIX,3984,20260924-000332_p4_c4_r3,2667,perf_20260924-000332_p4_c4_r3,1,613,1790201013734,0,1790201103950.725,90.757,51.249,1790201104094.24,Normal,0.9275
WIX,3984,20260924-000332_p4_c4_r3,2668,perf_20260924-000332_p4_c4_r3,1,614,1790201013734,0,1790201104094.24,91.723,50.339,1790201104237.296,Normal,0.947
WIX,3984,20260924-000332_p4_c4_r3,2669,perf_20260924-000332_p4_c4_r3,1,615,1790201013734,0,1790201104237.296,81.858,49.651,1790201104369.803,Normal,0.9433
WIX,3984,20260924-000332_p4_c4_r3,2672,perf_20260924-000332_p4_c4_r3,1,616,1790201013734,0,1790201104369.803,65.711,44.193,1790201104480.462,Normal,0.8292
WIX,3984,20260924-000332_p4_c4_r3,2676,perf_20260924-000332_p4_c4_r3,1,617,1790201013735,0,1790201104481.466,62.886,52.35,1790201104597.701,Normal,0.953
WIX,3984,20260924-000332_p4_c4_r3,2679,perf_20260924-000332_p4_c4_r3,1,618,1790201013736,0,1790201104597.701,44.114,48.016,1790201104689.831,Normal,0.9621
WIX,3984,20260924-000332_p4_c4_r3,2685,perf_20260924-000332_p4_c4_r3,1,619,1790201013736,0,1790201104689.831,73.319,49.667,1790201104813.815,Normal,0.9708
WIX,3984,20260924-000332_p4_c4_r3,2690,perf_20260924-000332_p4_c4_r3,1,620,1790201013736,0,1790201104813.815,88.48,45.228,1790201104947.524,Normal,0.97
WIX,3984,20260924-000332_p4_c4_r3,2691,perf_20260924-000332_p4_c4_r3,1,621,1790201013736,0,1790201104948.038,125.474,48.289,1790201105122.806,Normal,0.9574
WIX,3984,20260924-000332_p4_c4_r3,2692,perf_20260924-000332_p4_c4_r3,1,622,1790201013736,0,1790201105123.809,114.836,53.696,1790201105292.906,Normal,0.9747
WIX,3984,20260924-000332_p4_c4_r3,2696,perf_20260924-000332_p4_c4_r3,1,623,1790201013737,0,1790201105294.106,71.477,49.107,1790201105414.691,Normal,0.9714
WIX,3984,20260924-000332_p4_c4_r3,2700,perf_20260924-000332_p4_c4_r3,1,624,1790201013737,0,1790201105415.702,72.174,44.627,1790201105533.495,HATE,0.6758
WIX,3984,20260924-000332_p4_c4_r3,2702,perf_20260924-000332_p4_c4_r3,1,625,1790201013737,0,1790201105534.502,50.138,43.278,1790201105628.917,Normal,0.9695
WIX,3984,20260924-000332_p4_c4_r3,2708,perf_20260924-000332_p4_c4_r3,1,626,1790201013738,0,1790201105629.947,39.696,43.9,1790201105714.542,Normal,0.9507
WIX,3984,20260924-000332_p4_c4_r3,2709,perf_20260924-000332_p4_c4_r3,1,627,1790201013738,0,1790201105715.584,30.038,48.656,1790201105795.274,Normal,0.9239
WIX,3984,20260924-000332_p4_c4_r3,2711,perf_20260924-000332_p4_c4_r3,1,628,1790201013738,0,1790201105796.276,47.966,46.317,1790201105891.133,Normal,0.9335
WIX,3984,20260924-000332_p4_c4_r3,2712,perf_20260924-000332_p4_c4_r3,1,629,1790201013738,0,1790201105892.145,53.277,46.407,1790201105992.535,Normal,0.9552
WIX,3984,20260924-000332_p4_c4_r3,2713,perf_20260924-000332_p4_c4_r3,1,630,1790201013738,0,1790201105992.535,50.447,48.518,1790201106091.5,Normal,0.937
WIX,3984,20260924-000332_p4_c4_r3,2716,perf_20260924-000332_p4_c4_r3,1,631,1790201013738,0,1790201106092.5,50.117,44.585,1790201106188.204,Normal,0.9392
WIX,3984,20260924-000332_p4_c4_r3,2723,perf_20260924-000332_p4_c4_r3,1,632,1790201013739,0,1790201106189.205,65.995,46.215,1790201106302.41,Normal,0.9591
WIX,3984,20260924-000332_p4_c4_r3,2731,perf_20260924-000332_p4_c4_r3,1,633,1790201013739,0,1790201106303.41,52.079,44.579,1790201106401.063,Normal,0.9391
WIX,3984,20260924-000332_p4_c4_r3,2736,perf_20260924-000332_p4_c4_r3,1,634,1790201013740,0,1790201106401.063,66.567,46.914,1790201106515.542,Normal,0.9416
WIX,3984,20260924-000332_p4_c4_r3,2744,perf_20260924-000332_p4_c4_r3,1,635,1790201013740,0,1790201106516.096,62.683,49.67,1790201106629.45,Normal,0.9268
WIX,3984,20260924-000332_p4_c4_r3,2750,perf_20260924-000332_p4_c4_r3,1,636,1790201013741,0,1790201106629.45,57.364,45.344,1790201106733.159,Normal,0.9726
WIX,3984,20260924-000332_p4_c4_r3,2755,perf_20260924-000332_p4_c4_r3,1,637,1790201013741,0,1790201106733.159,47.693,45.636,1790201106826.489,Normal,0.9617
WIX,3984,20260924-000332_p4_c4_r3,2758,perf_20260924-000332_p4_c4_r3,1,638,1790201013741,0,1790201106826.489,57.119,46.412,1790201106931.014,Normal,0.9656
WIX,3984,20260924-000332_p4_c4_r3,2762,perf_20260924-000332_p4_c4_r3,1,639,1790201013742,0,1790201106931.014,52.737,46.761,1790201107030.512,Normal,0.9679
WIX,3984,20260924-000332_p4_c4_r3,2765,perf_20260924-000332_p4_c4_r3,1,640,1790201013742,0,1790201107030.512,49.824,46.208,1790201107127.536,Normal,0.9635
WIX,3984,20260924-000332_p4_c4_r3,2772,perf_20260924-000332_p4_c4_r3,1,641,1790201013742,0,1790201107128.527,52.067,43.09,1790201107224.676,Normal,0.9692
WIX,3984,20260924-000332_p4_c4_r3,2777,perf_20260924-000332_p4_c4_r3,1,642,1790201013743,0,1790201107225.801,47.921,55.788,1790201107330.524,Normal,0.8004
WIX,3984,20260924-000332_p4_c4_r3,2778,perf_20260924-000332_p4_c4_r3,1,643,1790201013743,0,1790201107331.525,79.179,79.098,1790201107491.33,Normal,0.9527
WIX,3984,20260924-000332_p4_c4_r3,2788,perf_20260924-000332_p4_c4_r3,1,644,1790201013743,0,1790201107492.546,51.754,8.015,1790201107552.848,Normal,0.9617
WIX,3984,20260924-000332_p4_c4_r3,2791,perf_20260924-000332_p4_c4_r3,1,645,1790201013743,0,1790201107553.844,91.637,44.101,1790201107690.126,Normal,0.9235
WIX,3984,20260924-000332_p4_c4_r3,2797,perf_20260924-000332_p4_c4_r3,1,646,1790201013744,0,1790201107690.126,42.814,49.404,1790201107783.347,Normal,0.8959
WIX,3984,20260924-000332_p4_c4_r3,2798,perf_20260924-000332_p4_c4_r3,1,647,1790201013744,0,1790201107783.347,36.124,48.203,1790201107867.674,Normal,0.9255
WIX,3984,20260924-000332_p4_c4_r3,2800,perf_20260924-000332_p4_c4_r3,1,648,1790201013744,0,1790201107868.678,48.192,45.754,1790201107963.619,Normal,0.7432
WIX,3984,20260924-000332_p4_c4_r3,2804,perf_20260924-000332_p4_c4_r3,1,649,1790201013744,0,1790201107963.619,50.288,46.319,1790201108060.227,Normal,0.8364
WIX,3984,20260924-000332_p4_c4_r3,2807,perf_20260924-000332_p4_c4_r3,1,650,1790201013744,0,1790201108060.227,43.79,44.53,1790201108149.542,Normal,0.9427
WIX,3984,20260924-000332_p4_c4_r3,2808,perf_20260924-000332_p4_c4_r3,1,651,1790201013744,0,1790201108149.542,40.165,46.485,1790201108237.724,Normal,0.9161
WIX,3984,20260924-000332_p4_c4_r3,2809,perf_20260924-000332_p4_c4_r3,1,652,1790201013744,0,1790201108238.772,47.305,50.745,1790201108336.822,Normal,0.8827
WIX,3984,20260924-000332_p4_c4_r3,2812,perf_20260924-000332_p4_c4_r3,1,653,1790201013745,0,1790201108336.822,35.428,45.921,1790201108419.238,Normal,0.9525
WIX,3984,20260924-000332_p4_c4_r3,2815,perf_20260924-000332_p4_c4_r3,1,654,1790201013745,0,1790201108420.237,59.86,45.652,1790201108525.75,Normal,0.8956
WIX,3984,20260924-000332_p4_c4_r3,2817,perf_20260924-000332_p4_c4_r3,1,655,1790201013745,0,1790201108525.75,124.104,47.621,1790201108698.171,Normal,0.9771
WIX,3984,20260924-000332_p4_c4_r3,2826,perf_20260924-000332_p4_c4_r3,1,656,1790201013745,0,1790201108698.171,57.801,47.678,1790201108803.65,Normal,0.9584
WIX,3984,20260924-000332_p4_c4_r3,2833,perf_20260924-000332_p4_c4_r3,1,657,1790201013746,0,1790201108803.65,56.974,45.811,1790201108907.388,Normal,0.8476
WIX,3984,20260924-000332_p4_c4_r3,2835,perf_20260924-000332_p4_c4_r3,1,658,1790201013746,0,1790201108907.388,65.852,46.417,1790201109021.082,Normal,0.9645
WIX,3984,20260924-000332_p4_c4_r3,2842,perf_20260924-000332_p4_c4_r3,1,659,1790201013746,0,1790201109021.658,85.775,48.033,1790201109155.466,Normal,0.8475
WIX,3984,20260924-000332_p4_c4_r3,2846,perf_20260924-000332_p4_c4_r3,1,660,1790201013747,0,1790201109155.466,102.876,47.433,1790201109305.775,Normal,0.9167
WIX,3984,20260924-000332_p4_c4_r3,2848,perf_20260924-000332_p4_c4_r3,1,661,1790201013747,0,1790201109306.78,64.63,43.773,1790201109415.183,Normal,0.9749
WIX,3984,20260924-000332_p4_c4_r3,2854,perf_20260924-000332_p4_c4_r3,1,662,1790201013747,0,1790201109416.183,58.882,43.072,1790201109518.137,Normal,0.9447
WIX,3984,20260924-000332_p4_c4_r3,2861,perf_20260924-000332_p4_c4_r3,1,663,1790201013747,0,1790201109519.134,74.288,43.917,1790201109637.339,Normal,0.9293
WIX,3984,20260924-000332_p4_c4_r3,2862,perf_20260924-000332_p4_c4_r3,1,664,1790201013748,0,1790201109637.339,50.889,43.944,1790201109732.172,Normal,0.9686
WIX,3984,20260924-000332_p4_c4_r3,2866,perf_20260924-000332_p4_c4_r3,1,665,1790201013748,0,1790201109732.172,32.955,48.146,1790201109813.273,Normal,0.9632
WIX,3984,20260924-000332_p4_c4_r3,2870,perf_20260924-000332_p4_c4_r3,1,666,1790201013748,0,1790201109814.282,47.713,46.578,1790201109908.884,OFFENSIVE,0.796
WIX,3984,20260924-000332_p4_c4_r3,2875,perf_20260924-000332_p4_c4_r3,1,667,1790201013748,0,1790201109910.428,76.44,47.938,1790201110034.805,Normal,0.9437
WIX,3984,20260924-000332_p4_c4_r3,2877,perf_20260924-000332_p4_c4_r3,1,668,1790201013748,0,1790201110036.342,42.974,47.542,1790201110126.858,Normal,0.9466
WIX,3984,20260924-000332_p4_c4_r3,2890,perf_20260924-000332_p4_c4_r3,1,669,1790201013749,0,1790201110127.844,54.826,45.841,1790201110229.571,Normal,0.9761
WIX,3984,20260924-000332_p4_c4_r3,2893,perf_20260924-000332_p4_c4_r3,1,670,1790201013749,0,1790201110230.578,48.142,51.686,1790201110330.407,Normal,0.9349
WIX,3984,20260924-000332_p4_c4_r3,2895,perf_20260924-000332_p4_c4_r3,1,671,1790201013750,0,1790201110330.407,54.105,46.375,1790201110431.905,Normal,0.9355
WIX,3984,20260924-000332_p4_c4_r3,2902,perf_20260924-000332_p4_c4_r3,1,672,1790201013750,0,1790201110432.906,46.904,48.34,1790201110528.15,Normal,0.9727
WIX,3984,20260924-000332_p4_c4_r3,2903,perf_20260924-000332_p4_c4_r3,1,673,1790201013750,0,1790201110529.15,85.763,44.278,1790201110660.191,Normal,0.8192
WIX,3984,20260924-000332_p4_c4_r3,2905,perf_20260924-000332_p4_c4_r3,1,674,1790201013750,0,1790201110660.191,25.911,49.699,1790201110735.801,Normal,0.9109
WIX,3984,20260924-000332_p4_c4_r3,2909,perf_20260924-000332_p4_c4_r3,1,675,1790201013751,0,1790201110735.801,43.225,45.707,1790201110824.733,Normal,0.6352
WIX,3984,20260924-000332_p4_c4_r3,2923,perf_20260924-000332_p4_c4_r3,1,676,1790201013752,0,1790201110825.738,53.204,45.686,1790201110924.627,Normal,0.9053
WIX,3984,20260924-000332_p4_c4_r3,2924,perf_20260924-000332_p4_c4_r3,1,677,1790201013752,0,1790201110925.641,63.234,45.624,1790201111034.499,Normal,0.8879
WIX,3984,20260924-000332_p4_c4_r3,2932,perf_20260924-000332_p4_c4_r3,1,678,1790201013753,0,1790201111035.502,72.549,45.378,1790201111154.431,Normal,0.9768
WIX,3984,20260924-000332_p4_c4_r3,2937,perf_20260924-000332_p4_c4_r3,1,679,1790201013753,0,1790201111154.976,56.499,46.766,1790201111258.24,Normal,0.8873
WIX,3984,20260924-000332_p4_c4_r3,2938,perf_20260924-000332_p4_c4_r3,1,680,1790201013753,0,1790201111258.24,31.902,49.011,1790201111340.151,Normal,0.9536
WIX,3984,20260924-000332_p4_c4_r3,2941,perf_20260924-000332_p4_c4_r3,1,681,1790201013753,0,1790201111340.151,91.714,45.31,1790201111478.177,Normal,0.9579
WIX,3984,20260924-000332_p4_c4_r3,2942,perf_20260924-000332_p4_c4_r3,1,682,1790201013754,0,1790201111478.177,42.717,49.445,1790201111570.34,OFFENSIVE,0.4831
WIX,3984,20260924-000332_p4_c4_r3,2943,perf_20260924-000332_p4_c4_r3,1,683,1790201013754,0,1790201111570.34,54.245,49.292,1790201111674.876,Normal,0.9132
WIX,3984,20260924-000332_p4_c4_r3,2944,perf_20260924-000332_p4_c4_r3,1,684,1790201013754,0,1790201111674.876,52.351,47.46,1790201111775.684,Normal,0.9733
WIX,3984,20260924-000332_p4_c4_r3,2950,perf_20260924-000332_p4_c4_r3,1,685,1790201013754,0,1790201111776.695,57.86,45.258,1790201111880.817,Normal,0.5669
WIX,3984,20260924-000332_p4_c4_r3,2956,perf_20260924-000332_p4_c4_r3,1,686,1790201013755,0,1790201111881.818,80.478,46.94,1790201112010.232,Normal,0.9425
WIX,3984,20260924-000332_p4_c4_r3,2958,perf_20260924-000332_p4_c4_r3,1,687,1790201013755,0,1790201112010.783,105.914,46.57,1790201112164.271,Normal,0.976
WIX,3984,20260924-000332_p4_c4_r3,2959,perf_20260924-000332_p4_c4_r3,1,688,1790201013755,0,1790201112164.271,81.68,47.058,1790201112293.008,Normal,0.8771
WIX,3984,20260924-000332_p4_c4_r3,2963,perf_20260924-000332_p4_c4_r3,1,689,1790201013755,0,1790201112293.008,95.517,44.645,1790201112434.158,OFFENSIVE,0.4723
WIX,3984,20260924-000332_p4_c4_r3,2966,perf_20260924-000332_p4_c4_r3,1,690,1790201013755,0,1790201112434.158,57.608,46.46,1790201112538.226,Normal,0.9447
WIX,3984,20260924-000332_p4_c4_r3,2972,perf_20260924-000332_p4_c4_r3,1,691,1790201013756,0,1790201112539.232,86.198,47.14,1790201112673.576,Normal,0.9645
WIX,3984,20260924-000332_p4_c4_r3,2975,perf_20260924-000332_p4_c4_r3,1,692,1790201013756,0,1790201112673.576,59.689,45.192,1790201112779.453,Normal,0.9758
WIX,3984,20260924-000332_p4_c4_r3,2981,perf_20260924-000332_p4_c4_r3,1,693,1790201013756,0,1790201112779.453,38.697,46.782,1790201112864.933,Normal,0.5911
WIX,3984,20260924-000332_p4_c4_r3,2987,perf_20260924-000332_p4_c4_r3,1,694,1790201013757,0,1790201112865.953,40.115,48.051,1790201112954.119,Normal,0.9661
WIX,3984,20260924-000332_p4_c4_r3,2997,perf_20260924-000332_p4_c4_r3,1,695,1790201013758,0,1790201112955.125,57.631,49.433,1790201113062.718,Normal,0.9406
WIX,3984,20260924-000332_p4_c4_r3,2999,perf_20260924-000332_p4_c4_r3,1,696,1790201013758,0,1790201113062.718,55.383,46.011,1790201113165.105,Normal,0.9048
WIX,3984,20260924-000332_p4_c4_r3,3002,perf_20260924-000332_p4_c4_r3,1,697,1790201013759,0,1790201113165.105,55.482,46.677,1790201113268.264,Normal,0.9671
WIX,3984,20260924-000332_p4_c4_r3,3005,perf_20260924-000332_p4_c4_r3,1,698,1790201013759,0,1790201113268.264,50.855,47.525,1790201113367.645,Normal,0.9438
WIX,3984,20260924-000332_p4_c4_r3,3007,perf_20260924-000332_p4_c4_r3,1,699,1790201013759,0,1790201113368.648,63.308,47.767,1790201113479.723,Normal,0.9682
WIX,3984,20260924-000332_p4_c4_r3,3015,perf_20260924-000332_p4_c4_r3,1,700,1790201013759,0,1790201113480.738,66.655,49.197,1790201113597.584,Normal,0.9714
WIX,3984,20260924-000332_p4_c4_r3,3021,perf_20260924-000332_p4_c4_r3,1,701,1790201013760,0,1790201113598.584,61.072,46.87,1790201113707.541,Normal,0.9208
WIX,3984,20260924-000332_p4_c4_r3,3022,perf_20260924-000332_p4_c4_r3,1,702,1790201013760,0,1790201113707.541,58.647,44.952,1790201113811.14,Normal,0.9328
WIX,3984,20260924-000332_p4_c4_r3,3026,perf_20260924-000332_p4_c4_r3,1,703,1790201013760,0,1790201113811.14,57.19,46.134,1790201113915.461,Normal,0.9705
WIX,3984,20260924-000332_p4_c4_r3,3028,perf_20260924-000332_p4_c4_r3,1,704,1790201013760,0,1790201113915.461,55.739,47.515,1790201114018.716,Normal,0.9308
WIX,3984,20260924-000332_p4_c4_r3,3029,perf_20260924-000332_p4_c4_r3,1,705,1790201013760,0,1790201114020.521,53.2,45.045,1790201114119.756,Normal,0.8099
WIX,3984,20260924-000332_p4_c4_r3,3033,perf_20260924-000332_p4_c4_r3,1,706,1790201013761,0,1790201114120.751,62.962,47.338,1790201114232.047,Normal,0.9124
WIX,3984,20260924-000332_p4_c4_r3,3042,perf_20260924-000332_p4_c4_r3,1,707,1790201013761,0,1790201114232.047,52.704,42.945,1790201114327.696,Normal,0.9232
WIX,3984,20260924-000332_p4_c4_r3,3045,perf_20260924-000332_p4_c4_r3,1,708,1790201013761,0,1790201114328.706,63.048,43.454,1790201114435.208,Normal,0.9569
WIX,3984,20260924-000332_p4_c4_r3,3056,perf_20260924-000332_p4_c4_r3,1,709,1790201013762,0,1790201114435.208,49.399,46.172,1790201114530.778,Normal,0.9309
WIX,3984,20260924-000332_p4_c4_r3,3064,perf_20260924-000332_p4_c4_r3,1,710,1790201013762,0,1790201114530.778,78.025,44.592,1790201114654.383,Normal,0.7193
WIX,3984,20260924-000332_p4_c4_r3,3069,perf_20260924-000332_p4_c4_r3,1,711,1790201013763,0,1790201114655.412,68.267,46.985,1790201114770.665,Normal,0.6761
WIX,3984,20260924-000332_p4_c4_r3,3074,perf_20260924-000332_p4_c4_r3,1,712,1790201013763,0,1790201114770.665,172.06,51.306,1790201114994.03,Normal,0.9344
WIX,3984,20260924-000332_p4_c4_r3,3079,perf_20260924-000332_p4_c4_r3,1,713,1790201013763,0,1790201114994.03,62.869,46.584,1790201115104.479,Normal,0.9643
WIX,3984,20260924-000332_p4_c4_r3,3080,perf_20260924-000332_p4_c4_r3,1,714,1790201013763,0,1790201115104.479,82.446,50.56,1790201115237.485,Normal,0.8932
WIX,3984,20260924-000332_p4_c4_r3,3082,perf_20260924-000332_p4_c4_r3,1,715,1790201013763,0,1790201115238.487,86.882,50.619,1790201115375.988,Normal,0.9222
WIX,3984,20260924-000332_p4_c4_r3,3088,perf_20260924-000332_p4_c4_r3,1,716,1790201013764,0,1790201115376.993,75.952,48.191,1790201115502.103,Normal,0.8692
WIX,3984,20260924-000332_p4_c4_r3,3091,perf_20260924-000332_p4_c4_r3,1,717,1790201013764,0,1790201115503.095,129.705,70.205,1790201115704.008,Normal,0.9541
WIX,3984,20260924-000332_p4_c4_r3,3094,perf_20260924-000332_p4_c4_r3,1,718,1790201013764,0,1790201115704.587,65.166,56.558,1790201115826.311,Normal,0.9518
WIX,3984,20260924-000332_p4_c4_r3,3101,perf_20260924-000332_p4_c4_r3,1,719,1790201013764,0,1790201115827.311,69.544,50.341,1790201115947.196,Normal,0.9754
WIX,3984,20260924-000332_p4_c4_r3,3103,perf_20260924-000332_p4_c4_r3,1,720,1790201013764,0,1790201115947.196,54.171,50.759,1790201116052.948,Normal,0.8288
WIX,3984,20260924-000332_p4_c4_r3,3105,perf_20260924-000332_p4_c4_r3,1,721,1790201013764,0,1790201116052.948,59.503,50.454,1790201116163.533,Normal,0.9627
WIX,3984,20260924-000332_p4_c4_r3,3106,perf_20260924-000332_p4_c4_r3,1,722,1790201013764,0,1790201116163.533,137.214,47.4,1790201116348.147,Normal,0.9789
WIX,3984,20260924-000332_p4_c4_r3,3110,perf_20260924-000332_p4_c4_r3,1,723,1790201013766,0,1790201116349.143,80.35,44.676,1790201116475.168,OFFENSIVE,0.5735
WIX,3984,20260924-000332_p4_c4_r3,3111,perf_20260924-000332_p4_c4_r3,1,724,1790201013766,0,1790201116475.168,60.341,47.541,1790201116584.046,Normal,0.9572
WIX,3984,20260924-000332_p4_c4_r3,3112,perf_20260924-000332_p4_c4_r3,1,725,1790201013766,0,1790201116584.046,64.109,43.351,1790201116692.523,HATE,0.4894
WIX,3984,20260924-000332_p4_c4_r3,3117,perf_20260924-000332_p4_c4_r3,1,726,1790201013766,0,1790201116692.523,92.599,53.219,1790201116839.324,Normal,0.8897
WIX,3984,20260924-000332_p4_c4_r3,3128,perf_20260924-000332_p4_c4_r3,1,727,1790201013767,0,1790201116839.89,94.611,45.179,1790201116980.695,Normal,0.9182
WIX,3984,20260924-000332_p4_c4_r3,3130,perf_20260924-000332_p4_c4_r3,1,728,1790201013767,0,1790201116981.203,68.597,46.926,1790201117096.726,Normal,0.9364
WIX,3984,20260924-000332_p4_c4_r3,3131,perf_20260924-000332_p4_c4_r3,1,729,1790201013767,0,1790201117097.249,51.191,52.995,1790201117202.427,Normal,0.9083
WIX,3984,20260924-000332_p4_c4_r3,3136,perf_20260924-000332_p4_c4_r3,1,730,1790201013767,0,1790201117203.429,51.159,49.675,1790201117304.264,Normal,0.9036
WIX,3984,20260924-000332_p4_c4_r3,3140,perf_20260924-000332_p4_c4_r3,1,731,1790201013768,0,1790201117305.283,98.377,52.181,1790201117456.814,HATE,0.4125
WIX,3984,20260924-000332_p4_c4_r3,3143,perf_20260924-000332_p4_c4_r3,1,732,1790201013768,0,1790201117457.831,99.903,54.854,1790201117612.587,Normal,0.9703
WIX,3984,20260924-000332_p4_c4_r3,3147,perf_20260924-000332_p4_c4_r3,1,733,1790201013768,0,1790201117613.624,73.74,48.784,1790201117737.665,Normal,0.9441
WIX,3984,20260924-000332_p4_c4_r3,3150,perf_20260924-000332_p4_c4_r3,1,734,1790201013769,0,1790201117738.666,55.037,47.24,1790201117841.938,Normal,0.9504
WIX,3984,20260924-000332_p4_c4_r3,3152,perf_20260924-000332_p4_c4_r3,1,735,1790201013769,0,1790201117841.938,45.298,47.034,1790201117935.276,Normal,0.9437
WIX,3984,20260924-000332_p4_c4_r3,3154,perf_20260924-000332_p4_c4_r3,1,736,1790201013769,0,1790201117936.31,46.772,52.803,1790201118036.89,Normal,0.5314
WIX,3984,20260924-000332_p4_c4_r3,3163,perf_20260924-000332_p4_c4_r3,1,737,1790201013770,0,1790201118036.89,35.179,45.662,1790201118118.698,Normal,0.9162
WIX,3984,20260924-000332_p4_c4_r3,3166,perf_20260924-000332_p4_c4_r3,1,738,1790201013770,0,1790201118119.707,46.477,44.528,1790201118211.255,Normal,0.9583
WIX,3984,20260924-000332_p4_c4_r3,3167,perf_20260924-000332_p4_c4_r3,1,739,1790201013770,0,1790201118211.255,57.404,47.251,1790201118316.91,Normal,0.9452
WIX,3984,20260924-000332_p4_c4_r3,3172,perf_20260924-000332_p4_c4_r3,1,740,1790201013770,0,1790201118317.915,104.572,46.813,1790201118469.3,Normal,0.9747
WIX,3984,20260924-000332_p4_c4_r3,3176,perf_20260924-000332_p4_c4_r3,1,741,1790201013770,0,1790201118469.3,64.54,48.853,1790201118582.692,Normal,0.9678
WIX,3984,20260924-000332_p4_c4_r3,3177,perf_20260924-000332_p4_c4_r3,1,742,1790201013770,0,1790201118582.692,61.826,44.815,1790201118689.333,Normal,0.9532
WIX,3984,20260924-000332_p4_c4_r3,3180,perf_20260924-000332_p4_c4_r3,1,743,1790201013770,0,1790201118690.335,60.008,47.024,1790201118797.367,Normal,0.9609
WIX,3984,20260924-000332_p4_c4_r3,3185,perf_20260924-000332_p4_c4_r3,1,744,1790201013771,0,1790201118797.367,69.744,44.864,1790201118912.972,OFFENSIVE,0.8324
WIX,3984,20260924-000332_p4_c4_r3,3192,perf_20260924-000332_p4_c4_r3,1,745,1790201013771,0,1790201118912.972,56.147,48.04,1790201119018.157,Normal,0.9616
WIX,3984,20260924-000332_p4_c4_r3,3195,perf_20260924-000332_p4_c4_r3,1,746,1790201013771,0,1790201119018.157,53.666,56.434,1790201119128.894,Normal,0.9583
WIX,3984,20260924-000332_p4_c4_r3,3199,perf_20260924-000332_p4_c4_r3,1,747,1790201013771,0,1790201119129.46,62.807,50.602,1790201119242.869,Normal,0.914
WIX,3984,20260924-000332_p4_c4_r3,3202,perf_20260924-000332_p4_c4_r3,1,748,1790201013773,0,1790201119243.868,68.722,46.016,1790201119358.606,Normal,0.9239
WIX,3984,20260924-000332_p4_c4_r3,3208,perf_20260924-000332_p4_c4_r3,1,749,1790201013773,0,1790201119359.166,69.8,43.475,1790201119473.442,Normal,0.9375
WIX,3984,20260924-000332_p4_c4_r3,3213,perf_20260924-000332_p4_c4_r3,1,750,1790201013773,0,1790201119473.442,46.455,45.178,1790201119566.087,Normal,0.9374
WIX,3984,20260924-000332_p4_c4_r3,3215,perf_20260924-000332_p4_c4_r3,1,751,1790201013773,0,1790201119566.087,38.425,47.877,1790201119653.351,Normal,0.7605
WIX,3984,20260924-000332_p4_c4_r3,3217,perf_20260924-000332_p4_c4_r3,1,752,1790201013773,0,1790201119654.359,30.079,45.786,1790201119731.219,Normal,0.9105
WIX,3984,20260924-000332_p4_c4_r3,3219,perf_20260924-000332_p4_c4_r3,1,753,1790201013773,0,1790201119732.226,48.989,46.755,1790201119828.429,Normal,0.9181
WIX,3984,20260924-000332_p4_c4_r3,3220,perf_20260924-000332_p4_c4_r3,1,754,1790201013773,0,1790201119829.428,44.595,49.267,1790201119924.042,Normal,0.9415
WIX,3984,20260924-000332_p4_c4_r3,3223,perf_20260924-000332_p4_c4_r3,1,755,1790201013773,0,1790201119925.04,59.3,45.394,1790201120030.721,Normal,0.5762
WIX,3984,20260924-000332_p4_c4_r3,3227,perf_20260924-000332_p4_c4_r3,1,756,1790201013773,0,1790201120030.721,56.18,46.182,1790201120133.634,Normal,0.7931
WIX,3984,20260924-000332_p4_c4_r3,3232,perf_20260924-000332_p4_c4_r3,1,757,1790201013774,0,1790201120134.281,68.763,50.919,1790201120253.963,Normal,0.8889
WIX,3984,20260924-000332_p4_c4_r3,3233,perf_20260924-000332_p4_c4_r3,1,758,1790201013774,0,1790201120254.965,66.079,49.346,1790201120370.936,Normal,0.7167
WIX,3984,20260924-000332_p4_c4_r3,3238,perf_20260924-000332_p4_c4_r3,1,759,1790201013774,0,1790201120371.949,50.726,46.103,1790201120469.784,Normal,0.9516
WIX,3984,20260924-000332_p4_c4_r3,3242,perf_20260924-000332_p4_c4_r3,1,760,1790201013774,0,1790201120470.782,57.347,46.913,1790201120576.034,Normal,0.926
WIX,3984,20260924-000332_p4_c4_r3,3243,perf_20260924-000332_p4_c4_r3,1,761,1790201013774,0,1790201120576.034,42.197,46.951,1790201120665.182,Normal,0.5953
WIX,3984,20260924-000332_p4_c4_r3,3244,perf_20260924-000332_p4_c4_r3,1,762,1790201013775,0,1790201120665.182,57.926,44.617,1790201120767.725,Normal,0.9528
WIX,3984,20260924-000332_p4_c4_r3,3250,perf_20260924-000332_p4_c4_r3,1,763,1790201013775,0,1790201120767.725,53.577,46.967,1790201120869.264,Normal,0.9576
WIX,3984,20260924-000332_p4_c4_r3,3251,perf_20260924-000332_p4_c4_r3,1,764,1790201013775,0,1790201120870.283,60.974,46.56,1790201120977.817,Normal,0.9649
WIX,3984,20260924-000332_p4_c4_r3,3276,perf_20260924-000332_p4_c4_r3,1,765,1790201013777,0,1790201120978.82,58.83,49.111,1790201121086.761,Normal,0.9359
WIX,3984,20260924-000332_p4_c4_r3,3277,perf_20260924-000332_p4_c4_r3,1,766,1790201013777,0,1790201121086.761,48.678,45.006,1790201121181.446,HATE,0.7315
WIX,3984,20260924-000332_p4_c4_r3,3281,perf_20260924-000332_p4_c4_r3,1,767,1790201013777,0,1790201121181.446,51.688,49.489,1790201121283.623,Normal,0.9768
WIX,3984,20260924-000332_p4_c4_r3,3291,perf_20260924-000332_p4_c4_r3,1,768,1790201013778,0,1790201121284.622,89.854,45.056,1790201121420.537,Normal,0.9748
WIX,3984,20260924-000332_p4_c4_r3,3292,perf_20260924-000332_p4_c4_r3,1,769,1790201013778,0,1790201121420.537,53.939,45.532,1790201121521.027,Normal,0.9119
WIX,3984,20260924-000332_p4_c4_r3,3295,perf_20260924-000332_p4_c4_r3,1,770,1790201013778,0,1790201121521.552,65.887,45.416,1790201121633.43,Normal,0.9494
WIX,3984,20260924-000332_p4_c4_r3,3299,perf_20260924-000332_p4_c4_r3,1,771,1790201013779,0,1790201121633.43,38.704,45.611,1790201121718.749,Normal,0.4997
WIX,3984,20260924-000332_p4_c4_r3,3301,perf_20260924-000332_p4_c4_r3,1,772,1790201013779,0,1790201121718.749,46.207,47.008,1790201121812.965,Normal,0.9135
WIX,3984,20260924-000332_p4_c4_r3,3302,perf_20260924-000332_p4_c4_r3,1,773,1790201013779,0,1790201121812.965,51.75,45.66,1790201121911.378,Normal,0.9578
WIX,3984,20260924-000332_p4_c4_r3,3306,perf_20260924-000332_p4_c4_r3,1,774,1790201013779,0,1790201121912.377,37.677,45.838,1790201121996.907,Normal,0.9547
WIX,3984,20260924-000332_p4_c4_r3,3307,perf_20260924-000332_p4_c4_r3,1,775,1790201013779,0,1790201121996.907,53.687,46.236,1790201122096.83,Normal,0.9361
WIX,3984,20260924-000332_p4_c4_r3,3308,perf_20260924-000332_p4_c4_r3,1,776,1790201013779,0,1790201122096.83,30.115,46.592,1790201122174.545,Normal,0.9355
WIX,3984,20260924-000332_p4_c4_r3,3311,perf_20260924-000332_p4_c4_r3,1,777,1790201013779,0,1790201122174.545,41.554,48.035,1790201122264.134,Normal,0.9623
WIX,3984,20260924-000332_p4_c4_r3,3312,perf_20260924-000332_p4_c4_r3,1,778,1790201013779,0,1790201122265.148,57.798,49.547,1790201122373.489,Normal,0.9626
WIX,3984,20260924-000332_p4_c4_r3,3319,perf_20260924-000332_p4_c4_r3,1,779,1790201013780,0,1790201122374.532,43.362,45.66,1790201122463.554,Normal,0.9515
WIX,3984,20260924-000332_p4_c4_r3,3324,perf_20260924-000332_p4_c4_r3,1,780,1790201013780,0,1790201122464.556,82.608,46.301,1790201122593.465,Normal,0.9546
WIX,3984,20260924-000332_p4_c4_r3,3325,perf_20260924-000332_p4_c4_r3,1,781,1790201013780,0,1790201122593.465,48.734,46.266,1790201122688.465,Normal,0.9635
WIX,3984,20260924-000332_p4_c4_r3,3340,perf_20260924-000332_p4_c4_r3,1,782,1790201013781,0,1790201122688.465,75.859,48.285,1790201122813.604,Normal,0.9232
WIX,3984,20260924-000332_p4_c4_r3,3350,perf_20260924-000332_p4_c4_r3,1,783,1790201013782,0,1790201122813.604,65.797,44.776,1790201122925.174,Normal,0.9511
WIX,3984,20260924-000332_p4_c4_r3,3358,perf_20260924-000332_p4_c4_r3,1,784,1790201013783,0,1790201122926.186,73.661,47.437,1790201123048.286,Normal,0.9734
WIX,3984,20260924-000332_p4_c4_r3,3363,perf_20260924-000332_p4_c4_r3,1,785,1790201013784,0,1790201123048.286,58.604,45.46,1790201123152.349,Normal,0.4181
WIX,3984,20260924-000332_p4_c4_r3,3365,perf_20260924-000332_p4_c4_r3,1,786,1790201013784,0,1790201123152.349,64.892,45.694,1790201123265.097,Normal,0.7588
WIX,3984,20260924-000332_p4_c4_r3,3375,perf_20260924-000332_p4_c4_r3,1,787,1790201013785,0,1790201123266.12,60.422,43.95,1790201123371.007,Normal,0.9489
WIX,3984,20260924-000332_p4_c4_r3,3376,perf_20260924-000332_p4_c4_r3,1,788,1790201013785,0,1790201123371.007,79.424,44.054,1790201123495.49,Normal,0.9639
WIX,3984,20260924-000332_p4_c4_r3,3378,perf_20260924-000332_p4_c4_r3,1,789,1790201013785,0,1790201123495.49,54.256,46.282,1790201123596.027,Normal,0.9133
WIX,3984,20260924-000332_p4_c4_r3,3379,perf_20260924-000332_p4_c4_r3,1,790,1790201013785,0,1790201123596.027,49.787,48.151,1790201123693.965,Normal,0.9152
WIX,3984,20260924-000332_p4_c4_r3,3384,perf_20260924-000332_p4_c4_r3,1,791,1790201013786,0,1790201123693.965,63.221,45.475,1790201123802.661,Normal,0.9575
WIX,3984,20260924-000332_p4_c4_r3,3388,perf_20260924-000332_p4_c4_r3,1,792,1790201013786,0,1790201123802.661,30.67,47.27,1790201123880.601,Normal,0.9556
WIX,3984,20260924-000332_p4_c4_r3,3391,perf_20260924-000332_p4_c4_r3,1,793,1790201013786,0,1790201123880.601,33.649,46.378,1790201123961.626,Normal,0.411
WIX,3984,20260924-000332_p4_c4_r3,3392,perf_20260924-000332_p4_c4_r3,1,794,1790201013786,0,1790201123961.626,54.737,47.679,1790201124064.042,Normal,0.9728
WIX,3984,20260924-000332_p4_c4_r3,3400,perf_20260924-000332_p4_c4_r3,1,795,1790201013787,0,1790201124064.042,56.747,44.978,1790201124166.761,Normal,0.9253
WIX,3984,20260924-000332_p4_c4_r3,3408,perf_20260924-000332_p4_c4_r3,1,796,1790201013789,0,1790201124166.761,50.708,43.98,1790201124262.443,Normal,0.9526
WIX,3984,20260924-000332_p4_c4_r3,3410,perf_20260924-000332_p4_c4_r3,1,797,1790201013789,0,1790201124263.437,40.443,44.255,1790201124349.754,Normal,0.9389
WIX,3984,20260924-000332_p4_c4_r3,3411,perf_20260924-000332_p4_c4_r3,1,798,1790201013789,0,1790201124350.751,39.538,47.061,1790201124437.351,Normal,0.9475
WIX,3984,20260924-000332_p4_c4_r3,3418,perf_20260924-000332_p4_c4_r3,1,799,1790201013790,0,1790201124437.351,38.674,46.654,1790201124523.676,Normal,0.9262
WIX,3984,20260924-000332_p4_c4_r3,3427,perf_20260924-000332_p4_c4_r3,1,800,1790201013792,0,1790201124523.676,74.234,43.44,1790201124642.344,Normal,0.977
WIX,3984,20260924-000332_p4_c4_r3,3429,perf_20260924-000332_p4_c4_r3,1,801,1790201013792,0,1790201124643.346,55.509,45.789,1790201124745.641,Normal,0.9613
WIX,3984,20260924-000332_p4_c4_r3,3430,perf_20260924-000332_p4_c4_r3,1,802,1790201013793,0,1790201124746.645,55.683,59.327,1790201124861.654,Normal,0.825
WIX,3984,20260924-000332_p4_c4_r3,3435,perf_20260924-000332_p4_c4_r3,1,803,1790201013793,0,1790201124862.247,65.075,46.963,1790201124974.823,Normal,0.964
WIX,3984,20260924-000332_p4_c4_r3,3437,perf_20260924-000332_p4_c4_r3,1,804,1790201013793,0,1790201124974.823,54.637,44.86,1790201125074.32,Normal,0.9479
WIX,3984,20260924-000332_p4_c4_r3,3438,perf_20260924-000332_p4_c4_r3,1,805,1790201013793,0,1790201125075.32,47.672,46.864,1790201125169.856,Normal,0.9623
WIX,3984,20260924-000332_p4_c4_r3,3441,perf_20260924-000332_p4_c4_r3,1,806,1790201013793,0,1790201125169.856,47.556,47.799,1790201125266.213,Normal,0.9147
WIX,3984,20260924-000332_p4_c4_r3,3443,perf_20260924-000332_p4_c4_r3,1,807,1790201013793,0,1790201125267.727,61.535,46.871,1790201125376.644,Normal,0.92
WIX,3984,20260924-000332_p4_c4_r3,3444,perf_20260924-000332_p4_c4_r3,1,808,1790201013794,0,1790201125376.644,28.254,45.158,1790201125451.015,Normal,0.9688
WIX,3984,20260924-000332_p4_c4_r3,3445,perf_20260924-000332_p4_c4_r3,1,809,1790201013794,0,1790201125452.016,78.568,46.374,1790201125578.641,HATE,0.5208
WIX,3984,20260924-000332_p4_c4_r3,3450,perf_20260924-000332_p4_c4_r3,1,810,1790201013794,0,1790201125578.641,47.034,48.933,1790201125676.593,Normal,0.9707
WIX,3984,20260924-000332_p4_c4_r3,3453,perf_20260924-000332_p4_c4_r3,1,811,1790201013794,0,1790201125676.593,43.301,48.661,1790201125770.066,Normal,0.9499
WIX,3984,20260924-000332_p4_c4_r3,3455,perf_20260924-000332_p4_c4_r3,1,812,1790201013794,0,1790201125771.027,60.564,46.274,1790201125877.865,Normal,0.9438
WIX,3984,20260924-000332_p4_c4_r3,3456,perf_20260924-000332_p4_c4_r3,1,813,1790201013794,0,1790201125878.855,80.797,49.901,1790201126009.553,Normal,0.9165
WIX,3984,20260924-000332_p4_c4_r3,3458,perf_20260924-000332_p4_c4_r3,1,814,1790201013794,0,1790201126010.557,67.801,43.189,1790201126122.544,Normal,0.8408
WIX,3984,20260924-000332_p4_c4_r3,3460,perf_20260924-000332_p4_c4_r3,1,815,1790201013794,0,1790201126123.545,56.299,44.026,1790201126224.875,Normal,0.9483
WIX,3984,20260924-000332_p4_c4_r3,3461,perf_20260924-000332_p4_c4_r3,1,816,1790201013795,0,1790201126225.874,102.865,47.021,1790201126376.358,Normal,0.958
WIX,3984,20260924-000332_p4_c4_r3,3463,perf_20260924-000332_p4_c4_r3,1,817,1790201013795,0,1790201126377.369,66.979,44.097,1790201126489.412,Normal,0.9598
WIX,3984,20260924-000332_p4_c4_r3,3464,perf_20260924-000332_p4_c4_r3,1,818,1790201013795,0,1790201126490.432,43.172,46.893,1790201126581.047,Normal,0.9196
WIX,3984,20260924-000332_p4_c4_r3,3466,perf_20260924-000332_p4_c4_r3,1,819,1790201013795,0,1790201126581.047,52.599,51.805,1790201126685.451,Normal,0.9335
WIX,3984,20260924-000332_p4_c4_r3,3469,perf_20260924-000332_p4_c4_r3,1,820,1790201013795,0,1790201126685.451,65.907,44.751,1790201126796.11,Normal,0.9432
WIX,3984,20260924-000332_p4_c4_r3,3476,perf_20260924-000332_p4_c4_r3,1,821,1790201013796,0,1790201126796.11,57.269,45.708,1790201126899.086,Normal,0.9214
WIX,3984,20260924-000332_p4_c4_r3,3489,perf_20260924-000332_p4_c4_r3,1,822,1790201013797,0,1790201126899.086,52.687,45.192,1790201126997.96,Normal,0.969
WIX,3984,20260924-000332_p4_c4_r3,3497,perf_20260924-000332_p4_c4_r3,1,823,1790201013798,0,1790201126997.96,54.328,46.057,1790201127099.35,Normal,0.8279
WIX,3984,20260924-000332_p4_c4_r3,3500,perf_20260924-000332_p4_c4_r3,1,824,1790201013798,0,1790201127099.35,47.281,45.105,1790201127192.745,Normal,0.9029
WIX,3984,20260924-000332_p4_c4_r3,3506,perf_20260924-000332_p4_c4_r3,1,825,1790201013798,0,1790201127193.749,38.519,85.187,1790201127318.455,Normal,0.9189
WIX,3984,20260924-000332_p4_c4_r3,3509,perf_20260924-000332_p4_c4_r3,1,826,1790201013799,0,1790201127319.451,83.351,16.391,1790201127419.708,Normal,0.8591
WIX,3984,20260924-000332_p4_c4_r3,3514,perf_20260924-000332_p4_c4_r3,1,827,1790201013799,0,1790201127420.271,148.659,47.442,1790201127616.372,Normal,0.9691
WIX,3984,20260924-000332_p4_c4_r3,3519,perf_20260924-000332_p4_c4_r3,1,828,1790201013799,0,1790201127617.374,77.708,45.843,1790201127741.937,Normal,0.9483
WIX,3984,20260924-000332_p4_c4_r3,3520,perf_20260924-000332_p4_c4_r3,1,829,1790201013799,0,1790201127741.937,58.715,48.346,1790201127851.014,Normal,0.9163
WIX,3984,20260924-000332_p4_c4_r3,3529,perf_20260924-000332_p4_c4_r3,1,830,1790201013800,0,1790201127852.528,171.6,45.256,1790201128070.394,Normal,0.98
WIX,3984,20260924-000332_p4_c4_r3,3530,perf_20260924-000332_p4_c4_r3,1,831,1790201013800,0,1790201128071.396,71.205,46.85,1790201128190.455,Normal,0.8725
WIX,3984,20260924-000332_p4_c4_r3,3537,perf_20260924-000332_p4_c4_r3,1,832,1790201013800,0,1790201128191.455,63.672,51.386,1790201128307.514,Normal,0.9254
WIX,3984,20260924-000332_p4_c4_r3,3538,perf_20260924-000332_p4_c4_r3,1,833,1790201013801,0,1790201128307.514,79.767,51.333,1790201128438.613,Normal,0.8883
WIX,3984,20260924-000332_p4_c4_r3,3554,perf_20260924-000332_p4_c4_r3,1,834,1790201013802,0,1790201128438.613,82.712,55.34,1790201128576.665,Normal,0.9745
WIX,3984,20260924-000332_p4_c4_r3,3560,perf_20260924-000332_p4_c4_r3,1,835,1790201013802,0,1790201128577.201,48.423,50.862,1790201128676.486,Normal,0.9646
WIX,3984,20260924-000332_p4_c4_r3,3563,perf_20260924-000332_p4_c4_r3,1,836,1790201013802,0,1790201128677.491,47.871,48.328,1790201128773.69,Normal,0.9564
WIX,3984,20260924-000332_p4_c4_r3,3569,perf_20260924-000332_p4_c4_r3,1,837,1790201013803,0,1790201128773.69,69.767,51.446,1790201128895.916,Normal,0.7071
WIX,3984,20260924-000332_p4_c4_r3,3572,perf_20260924-000332_p4_c4_r3,1,838,1790201013803,0,1790201128896.934,105.924,48.221,1790201129052.07,Normal,0.9687
WIX,3984,20260924-000332_p4_c4_r3,3574,perf_20260924-000332_p4_c4_r3,1,839,1790201013803,0,1790201129053.077,78.369,51.422,1790201129184.385,Normal,0.9633
WIX,3984,20260924-000332_p4_c4_r3,3576,perf_20260924-000332_p4_c4_r3,1,840,1790201013803,0,1790201129184.933,86.238,47.38,1790201129318.552,Normal,0.9411
WIX,3984,20260924-000332_p4_c4_r3,3577,perf_20260924-000332_p4_c4_r3,1,841,1790201013803,0,1790201129318.552,81.69,49.485,1790201129451.715,Normal,0.8296
WIX,3984,20260924-000332_p4_c4_r3,3582,perf_20260924-000332_p4_c4_r3,1,842,1790201013803,0,1790201129452.737,107.097,46.3,1790201129607.214,OFFENSIVE,0.8664
WIX,3984,20260924-000332_p4_c4_r3,3589,perf_20260924-000332_p4_c4_r3,1,843,1790201013804,0,1790201129607.755,58.461,47.388,1790201129714.605,Normal,0.9552
WIX,3984,20260924-000332_p4_c4_r3,3590,perf_20260924-000332_p4_c4_r3,1,844,1790201013805,0,1790201129715.61,50.157,50.424,1790201129817.36,Normal,0.9748
WIX,3984,20260924-000332_p4_c4_r3,3593,perf_20260924-000332_p4_c4_r3,1,845,1790201013806,0,1790201129817.36,58.813,51.631,1790201129929.819,Normal,0.9596
WIX,3984,20260924-000332_p4_c4_r3,3594,perf_20260924-000332_p4_c4_r3,1,846,1790201013806,0,1790201129929.819,47.447,46.576,1790201130023.842,Normal,0.8594
WIX,3984,20260924-000332_p4_c4_r3,3596,perf_20260924-000332_p4_c4_r3,1,847,1790201013806,0,1790201130024.838,40.854,50.686,1790201130117.382,Normal,0.9237
WIX,3984,20260924-000332_p4_c4_r3,3599,perf_20260924-000332_p4_c4_r3,1,848,1790201013806,0,1790201130117.382,36.301,50.076,1790201130204.753,Normal,0.8449
WIX,3984,20260924-000332_p4_c4_r3,3600,perf_20260924-000332_p4_c4_r3,1,849,1790201013806,0,1790201130204.753,50.861,47.909,1790201130303.523,Normal,0.9468
WIX,3984,20260924-000332_p4_c4_r3,3603,perf_20260924-000332_p4_c4_r3,1,850,1790201013807,0,1790201130304.193,55.757,45.301,1790201130406.248,Normal,0.9736
WIX,3984,20260924-000332_p4_c4_r3,3606,perf_20260924-000332_p4_c4_r3,1,851,1790201013807,0,1790201130406.248,56.645,49.272,1790201130513.159,Normal,0.9494
WIX,3984,20260924-000332_p4_c4_r3,3615,perf_20260924-000332_p4_c4_r3,1,852,1790201013808,0,1790201130513.706,49.56,44.359,1790201130607.625,Normal,0.9707
WIX,3984,20260924-000332_p4_c4_r3,3617,perf_20260924-000332_p4_c4_r3,1,853,1790201013808,0,1790201130607.625,43.846,44.075,1790201130696.548,Normal,0.8344
WIX,3984,20260924-000332_p4_c4_r3,3623,perf_20260924-000332_p4_c4_r3,1,854,1790201013809,0,1790201130696.548,78.154,45.903,1790201130821.6,Normal,0.9751
WIX,3984,20260924-000332_p4_c4_r3,3624,perf_20260924-000332_p4_c4_r3,1,855,1790201013809,0,1790201130821.6,63.71,45.902,1790201130932.158,Normal,0.9603
WIX,3984,20260924-000332_p4_c4_r3,3627,perf_20260924-000332_p4_c4_r3,1,856,1790201013809,0,1790201130932.739,82.364,46.764,1790201131062.858,Normal,0.4932
WIX,3984,20260924-000332_p4_c4_r3,3629,perf_20260924-000332_p4_c4_r3,1,857,1790201013809,0,1790201131062.858,61.823,47.612,1790201131174.333,Normal,0.8763
WIX,3984,20260924-000332_p4_c4_r3,3632,perf_20260924-000332_p4_c4_r3,1,858,1790201013809,0,1790201131174.333,78.036,47.753,1790201131301.123,Normal,0.8797
WIX,3984,20260924-000332_p4_c4_r3,3635,perf_20260924-000332_p4_c4_r3,1,859,1790201013810,0,1790201131302.125,46.649,46.149,1790201131395.919,Normal,0.9598
WIX,3984,20260924-000332_p4_c4_r3,3637,perf_20260924-000332_p4_c4_r3,1,860,1790201013810,0,1790201131395.919,49.541,44.068,1790201131490.532,Normal,0.9534
WIX,3984,20260924-000332_p4_c4_r3,3641,perf_20260924-000332_p4_c4_r3,1,861,1790201013810,0,1790201131491.565,68.05,46.863,1790201131607.478,Normal,0.977
WIX,3984,20260924-000332_p4_c4_r3,3642,perf_20260924-000332_p4_c4_r3,1,862,1790201013810,0,1790201131607.478,44.208,44.296,1790201131695.982,Normal,0.9659
WIX,3984,20260924-000332_p4_c4_r3,3643,perf_20260924-000332_p4_c4_r3,1,863,1790201013811,0,1790201131696.984,41.151,45.54,1790201131783.675,Normal,0.9704
WIX,3984,20260924-000332_p4_c4_r3,3644,perf_20260924-000332_p4_c4_r3,1,864,1790201013811,0,1790201131783.675,39.703,49.272,1790201131873.649,Normal,0.9585
WIX,3984,20260924-000332_p4_c4_r3,3645,perf_20260924-000332_p4_c4_r3,1,865,1790201013811,0,1790201131873.649,53.707,47.223,1790201131975.617,Normal,0.9745
WIX,3984,20260924-000332_p4_c4_r3,3651,perf_20260924-000332_p4_c4_r3,1,866,1790201013811,0,1790201131976.184,55.099,46.681,1790201132078.971,Normal,0.9686
WIX,3984,20260924-000332_p4_c4_r3,3654,perf_20260924-000332_p4_c4_r3,1,867,1790201013811,0,1790201132079.968,33.571,47.612,1790201132161.151,Normal,0.8636
WIX,3984,20260924-000332_p4_c4_r3,3655,perf_20260924-000332_p4_c4_r3,1,868,1790201013811,0,1790201132161.151,51.453,45.253,1790201132258.82,Normal,0.7233
WIX,3984,20260924-000332_p4_c4_r3,3659,perf_20260924-000332_p4_c4_r3,1,869,1790201013812,0,1790201132258.82,87.435,47.59,1790201132393.844,Normal,0.9722
WIX,3984,20260924-000332_p4_c4_r3,3664,perf_20260924-000332_p4_c4_r3,1,870,1790201013812,0,1790201132393.844,43.089,49.963,1790201132486.896,Normal,0.9543
WIX,3984,20260924-000332_p4_c4_r3,3665,perf_20260924-000332_p4_c4_r3,1,871,1790201013812,0,1790201132486.896,40.135,45.862,1790201132572.893,Normal,0.9702
WIX,3984,20260924-000332_p4_c4_r3,3666,perf_20260924-000332_p4_c4_r3,1,872,1790201013812,0,1790201132573.893,48.574,45.0,1790201132668.462,Normal,0.9709
WIX,3984,20260924-000332_p4_c4_r3,3669,perf_20260924-000332_p4_c4_r3,1,873,1790201013812,0,1790201132669.465,107.243,50.544,1790201132828.229,OFFENSIVE,0.8637
WIX,3984,20260924-000332_p4_c4_r3,3675,perf_20260924-000332_p4_c4_r3,1,874,1790201013813,0,1790201132828.229,52.698,49.144,1790201132930.071,Normal,0.9181
WIX,3984,20260924-000332_p4_c4_r3,3676,perf_20260924-000332_p4_c4_r3,1,875,1790201013813,0,1790201132930.071,68.093,48.755,1790201133046.919,Normal,0.9257
WIX,3984,20260924-000332_p4_c4_r3,3684,perf_20260924-000332_p4_c4_r3,1,876,1790201013813,0,1790201133046.919,56.011,45.189,1790201133149.12,Normal,0.9627
WIX,3984,20260924-000332_p4_c4_r3,3685,perf_20260924-000332_p4_c4_r3,1,877,1790201013813,0,1790201133149.12,45.6,49.282,1790201133244.994,Normal,0.5125
WIX,3984,20260924-000332_p4_c4_r3,3687,perf_20260924-000332_p4_c4_r3,1,878,1790201013813,0,1790201133244.994,35.138,47.899,1790201133329.031,Normal,0.9486
WIX,3984,20260924-000332_p4_c4_r3,3688,perf_20260924-000332_p4_c4_r3,1,879,1790201013814,0,1790201133329.031,44.615,47.232,1790201133420.878,Normal,0.9724
WIX,3984,20260924-000332_p4_c4_r3,3689,perf_20260924-000332_p4_c4_r3,1,880,1790201013814,0,1790201133420.878,52.761,45.304,1790201133518.943,Normal,0.9266
WIX,3984,20260924-000332_p4_c4_r3,3697,perf_20260924-000332_p4_c4_r3,1,881,1790201013815,0,1790201133518.943,75.312,48.045,1790201133643.298,Normal,0.8007
WIX,3984,20260924-000332_p4_c4_r3,3699,perf_20260924-000332_p4_c4_r3,1,882,1790201013815,0,1790201133644.299,126.477,48.145,1790201133819.637,Normal,0.9537
WIX,3984,20260924-000332_p4_c4_r3,3702,perf_20260924-000332_p4_c4_r3,1,883,1790201013815,0,1790201133819.637,44.64,43.661,1790201133908.933,Normal,0.7256
WIX,3984,20260924-000332_p4_c4_r3,3705,perf_20260924-000332_p4_c4_r3,1,884,1790201013815,0,1790201133909.931,46.891,46.178,1790201134003.992,Normal,0.9271
WIX,3984,20260924-000332_p4_c4_r3,3707,perf_20260924-000332_p4_c4_r3,1,885,1790201013815,0,1790201134003.992,42.122,47.403,1790201134093.518,Normal,0.9457
WIX,3984,20260924-000332_p4_c4_r3,3714,perf_20260924-000332_p4_c4_r3,1,886,1790201013816,0,1790201134094.608,73.743,44.676,1790201134213.027,Normal,0.9763
WIX,3984,20260924-000332_p4_c4_r3,3721,perf_20260924-000332_p4_c4_r3,1,887,1790201013816,0,1790201134214.028,48.63,47.422,1790201134311.086,Normal,0.9236
WIX,3984,20260924-000332_p4_c4_r3,3725,perf_20260924-000332_p4_c4_r3,1,888,1790201013816,0,1790201134312.097,47.064,45.537,1790201134405.698,Normal,0.9799
WIX,3984,20260924-000332_p4_c4_r3,3741,perf_20260924-000332_p4_c4_r3,1,889,1790201013817,0,1790201134405.698,34.543,48.857,1790201134489.669,Normal,0.7268
WIX,3984,20260924-000332_p4_c4_r3,3743,perf_20260924-000332_p4_c4_r3,1,890,1790201013817,0,1790201134490.673,48.865,48.776,1790201134588.969,Normal,0.9442
WIX,3984,20260924-000332_p4_c4_r3,3750,perf_20260924-000332_p4_c4_r3,1,891,1790201013818,0,1790201134589.537,49.763,47.953,1790201134688.26,Normal,0.9653
WIX,3984,20260924-000332_p4_c4_r3,3752,perf_20260924-000332_p4_c4_r3,1,892,1790201013818,0,1790201134688.26,51.844,45.182,1790201134786.284,Normal,0.9729
WIX,3984,20260924-000332_p4_c4_r3,3753,perf_20260924-000332_p4_c4_r3,1,893,1790201013818,0,1790201134786.284,35.628,45.754,1790201134869.527,Normal,0.4594
WIX,3984,20260924-000332_p4_c4_r3,3754,perf_20260924-000332_p4_c4_r3,1,894,1790201013818,0,1790201134870.528,42.25,46.878,1790201134959.656,Normal,0.953
WIX,3984,20260924-000332_p4_c4_r3,3755,perf_20260924-000332_p4_c4_r3,1,895,1790201013818,0,1790201134959.656,35.188,48.657,1790201135043.501,Normal,0.9444
WIX,3984,20260924-000332_p4_c4_r3,3761,perf_20260924-000332_p4_c4_r3,1,896,1790201013818,0,1790201135043.501,43.206,47.018,1790201135134.526,Normal,0.9484
WIX,3984,20260924-000332_p4_c4_r3,3768,perf_20260924-000332_p4_c4_r3,1,897,1790201013819,0,1790201135135.562,74.75,45.751,1790201135256.063,Normal,0.9672
WIX,3984,20260924-000332_p4_c4_r3,3771,perf_20260924-000332_p4_c4_r3,1,898,1790201013819,0,1790201135256.063,52.829,46.772,1790201135355.665,Normal,0.5688
WIX,3984,20260924-000332_p4_c4_r3,3772,perf_20260924-000332_p4_c4_r3,1,899,1790201013819,0,1790201135355.665,50.452,46.517,1790201135453.63,Normal,0.9686
WIX,3984,20260924-000332_p4_c4_r3,3784,perf_20260924-000332_p4_c4_r3,1,900,1790201013820,0,1790201135454.661,71.078,45.639,1790201135571.377,Normal,0.9685
WIX,3984,20260924-000332_p4_c4_r3,3790,perf_20260924-000332_p4_c4_r3,1,901,1790201013820,0,1790201135572.381,42.485,46.649,1790201135662.062,Normal,0.8636
WIX,3984,20260924-000332_p4_c4_r3,3800,perf_20260924-000332_p4_c4_r3,1,902,1790201013821,0,1790201135662.062,36.009,46.544,1790201135744.615,Normal,0.6344
WIX,3984,20260924-000332_p4_c4_r3,3806,perf_20260924-000332_p4_c4_r3,1,903,1790201013822,0,1790201135745.611,46.605,45.058,1790201135838.248,Normal,0.602
WIX,3984,20260924-000332_p4_c4_r3,3812,perf_20260924-000332_p4_c4_r3,1,904,1790201013823,0,1790201135838.248,51.896,48.46,1790201135938.604,Normal,0.9332
WIX,3984,20260924-000332_p4_c4_r3,3815,perf_20260924-000332_p4_c4_r3,1,905,1790201013823,0,1790201135938.604,49.376,46.259,1790201136034.239,Normal,0.8643
WIX,3984,20260924-000332_p4_c4_r3,3821,perf_20260924-000332_p4_c4_r3,1,906,1790201013823,0,1790201136034.239,91.395,47.894,1790201136174.525,Normal,0.9428
WIX,3984,20260924-000332_p4_c4_r3,3828,perf_20260924-000332_p4_c4_r3,1,907,1790201013823,0,1790201136174.525,66.428,44.788,1790201136285.741,Normal,0.9502
WIX,3984,20260924-000332_p4_c4_r3,3835,perf_20260924-000332_p4_c4_r3,1,908,1790201013824,0,1790201136285.741,56.341,45.474,1790201136388.557,Normal,0.8595
WIX,3984,20260924-000332_p4_c4_r3,3852,perf_20260924-000332_p4_c4_r3,1,909,1790201013825,0,1790201136389.562,51.115,46.735,1790201136488.432,Normal,0.9418
WIX,3984,20260924-000332_p4_c4_r3,3854,perf_20260924-000332_p4_c4_r3,1,910,1790201013825,0,1790201136488.432,63.101,46.161,1790201136598.7,Normal,0.6719
WIX,3984,20260924-000332_p4_c4_r3,3856,perf_20260924-000332_p4_c4_r3,1,911,1790201013825,0,1790201136598.7,33.461,44.569,1790201136677.74,Normal,0.7065
WIX,3984,20260924-000332_p4_c4_r3,3857,perf_20260924-000332_p4_c4_r3,1,912,1790201013825,0,1790201136678.74,52.246,45.102,1790201136776.088,Normal,0.8985
WIX,3984,20260924-000332_p4_c4_r3,3860,perf_20260924-000332_p4_c4_r3,1,913,1790201013825,0,1790201136777.092,36.002,43.982,1790201136857.076,Normal,0.9608
WIX,3984,20260924-000332_p4_c4_r3,3861,perf_20260924-000332_p4_c4_r3,1,914,1790201013825,0,1790201136858.073,31.684,48.137,1790201136937.894,Normal,0.8542
WIX,3984,20260924-000332_p4_c4_r3,3862,perf_20260924-000332_p4_c4_r3,1,915,1790201013826,0,1790201136938.895,49.745,46.635,1790201137036.446,Normal,0.969
WIX,3984,20260924-000332_p4_c4_r3,3872,perf_20260924-000332_p4_c4_r3,1,916,1790201013826,0,1790201137036.446,42.719,46.113,1790201137125.745,Normal,0.8731
WIX,3984,20260924-000332_p4_c4_r3,3877,perf_20260924-000332_p4_c4_r3,1,917,1790201013827,0,1790201137126.761,47.976,47.097,1790201137221.834,Normal,0.9161
WIX,3984,20260924-000332_p4_c4_r3,3881,perf_20260924-000332_p4_c4_r3,1,918,1790201013827,0,1790201137222.837,82.584,53.773,1790201137360.699,Normal,0.9228
WIX,3984,20260924-000332_p4_c4_r3,3888,perf_20260924-000332_p4_c4_r3,1,919,1790201013827,0,1790201137361.227,80.021,44.221,1790201137486.518,Normal,0.9682
WIX,3984,20260924-000332_p4_c4_r3,3891,perf_20260924-000332_p4_c4_r3,1,920,1790201013828,0,1790201137487.536,53.75,45.936,1790201137587.799,Normal,0.9773
WIX,3984,20260924-000332_p4_c4_r3,3894,perf_20260924-000332_p4_c4_r3,1,921,1790201013828,0,1790201137588.803,54.373,45.516,1790201137688.692,Normal,0.9184
WIX,3984,20260924-000332_p4_c4_r3,3906,perf_20260924-000332_p4_c4_r3,1,922,1790201013829,0,1790201137689.691,53.663,44.023,1790201137787.376,Normal,0.9323
WIX,3984,20260924-000332_p4_c4_r3,3909,perf_20260924-000332_p4_c4_r3,1,923,1790201013829,0,1790201137787.376,70.671,43.375,1790201137902.436,Normal,0.9359
WIX,3984,20260924-000332_p4_c4_r3,3911,perf_20260924-000332_p4_c4_r3,1,924,1790201013829,0,1790201137903.445,79.34,44.151,1790201138027.938,Normal,0.9684
WIX,3984,20260924-000332_p4_c4_r3,3912,perf_20260924-000332_p4_c4_r3,1,925,1790201013829,0,1790201138028.934,64.392,44.344,1790201138139.188,Normal,0.9593
WIX,3984,20260924-000332_p4_c4_r3,3915,perf_20260924-000332_p4_c4_r3,1,926,1790201013829,0,1790201138140.196,60.084,45.084,1790201138246.37,Normal,0.8726
WIX,3984,20260924-000332_p4_c4_r3,3919,perf_20260924-000332_p4_c4_r3,1,927,1790201013830,0,1790201138246.37,40.734,47.397,1790201138334.5,Normal,0.8803
WIX,3984,20260924-000332_p4_c4_r3,3923,perf_20260924-000332_p4_c4_r3,1,928,1790201013830,0,1790201138335.049,34.446,50.005,1790201138420.509,Normal,0.9545
WIX,3984,20260924-000332_p4_c4_r3,3926,perf_20260924-000332_p4_c4_r3,1,929,1790201013830,0,1790201138420.509,52.116,48.689,1790201138521.315,Normal,0.8042
WIX,3984,20260924-000332_p4_c4_r3,3928,perf_20260924-000332_p4_c4_r3,1,930,1790201013830,0,1790201138522.318,46.411,49.048,1790201138618.797,OFFENSIVE,0.5554
WIX,3984,20260924-000332_p4_c4_r3,3932,perf_20260924-000332_p4_c4_r3,1,931,1790201013831,0,1790201138618.797,55.986,48.137,1790201138724.019,Normal,0.9296
WIX,3984,20260924-000332_p4_c4_r3,3938,perf_20260924-000332_p4_c4_r3,1,932,1790201013831,0,1790201138725.026,65.817,48.014,1790201138838.858,Normal,0.8747
WIX,3984,20260924-000332_p4_c4_r3,3941,perf_20260924-000332_p4_c4_r3,1,933,1790201013831,0,1790201138838.858,46.016,47.015,1790201138931.889,Normal,0.9384
WIX,3984,20260924-000332_p4_c4_r3,3945,perf_20260924-000332_p4_c4_r3,1,934,1790201013831,0,1790201138931.889,56.161,44.725,1790201139033.776,Normal,0.9714
WIX,3984,20260924-000332_p4_c4_r3,3946,perf_20260924-000332_p4_c4_r3,1,935,1790201013832,0,1790201139033.776,56.18,45.409,1790201139136.895,Normal,0.9678
WIX,3984,20260924-000332_p4_c4_r3,3949,perf_20260924-000332_p4_c4_r3,1,936,1790201013832,0,1790201139136.895,47.189,44.03,1790201139229.114,Normal,0.9667
WIX,3984,20260924-000332_p4_c4_r3,3950,perf_20260924-000332_p4_c4_r3,1,937,1790201013832,0,1790201139229.114,32.409,46.038,1790201139308.566,Normal,0.9372
WIX,3984,20260924-000332_p4_c4_r3,3951,perf_20260924-000332_p4_c4_r3,1,938,1790201013832,0,1790201139309.574,53.527,48.756,1790201139412.829,Normal,0.9689
WIX,3984,20260924-000332_p4_c4_r3,3955,perf_20260924-000332_p4_c4_r3,1,939,1790201013833,0,1790201139414.358,48.701,47.872,1790201139510.931,Normal,0.6418
WIX,3984,20260924-000332_p4_c4_r3,3959,perf_20260924-000332_p4_c4_r3,1,940,1790201013833,0,1790201139511.93,53.744,50.083,1790201139615.758,Normal,0.9459
WIX,3984,20260924-000332_p4_c4_r3,3967,perf_20260924-000332_p4_c4_r3,1,941,1790201013834,0,1790201139616.367,64.07,56.348,1790201139736.785,Normal,0.9574
WIX,3984,20260924-000332_p4_c4_r3,3968,perf_20260924-000332_p4_c4_r3,1,942,1790201013834,0,1790201139737.781,85.948,51.32,1790201139875.049,Normal,0.9446
WIX,3984,20260924-000332_p4_c4_r3,3971,perf_20260924-000332_p4_c4_r3,1,943,1790201013834,0,1790201139876.052,83.093,56.854,1790201140016.611,Normal,0.9032
WIX,3984,20260924-000332_p4_c4_r3,3981,perf_20260924-000332_p4_c4_r3,1,944,1790201013835,0,1790201140017.613,85.979,66.747,1790201140171.847,Normal,0.9386
WIX,3984,20260924-000332_p4_c4_r3,3983,perf_20260924-000332_p4_c4_r3,1,945,1790201013835,0,1790201140171.847,68.844,54.166,1790201140296.875,Normal,0.9423
WIX,3984,20260924-000332_p4_c4_r3,3985,perf_20260924-000332_p4_c4_r3,1,946,1790201013835,0,1790201140296.875,86.738,48.999,1790201140432.612,Normal,0.9489
WIX,3984,20260924-000332_p4_c4_r3,3988,perf_20260924-000332_p4_c4_r3,1,947,1790201013835,0,1790201140432.612,97.858,49.209,1790201140579.679,Normal,0.9648
WIX,3984,20260924-000332_p4_c4_r3,3991,perf_20260924-000332_p4_c4_r3,1,948,1790201013835,0,1790201140579.679,66.789,45.47,1790201140693.438,Normal,0.9526
WIX,3984,20260924-000332_p4_c4_r3,3997,perf_20260924-000332_p4_c4_r3,1,949,1790201013836,0,1790201140694.597,92.211,44.366,1790201140832.686,Normal,0.9715
WIX,3984,20260924-000332_p4_c4_r3,4002,perf_20260924-000332_p4_c4_r3,1,950,1790201013838,0,1790201140833.702,80.144,53.366,1790201140968.218,Normal,0.9473
WIX,3984,20260924-000332_p4_c4_r3,4015,perf_20260924-000332_p4_c4_r3,1,951,1790201013839,0,1790201140969.217,63.503,46.447,1790201141080.17,Normal,0.942
WIX,3984,20260924-000332_p4_c4_r3,4016,perf_20260924-000332_p4_c4_r3,1,952,1790201013839,0,1790201141081.176,91.887,47.906,1790201141221.982,Normal,0.9027
WIX,3984,20260924-000332_p4_c4_r3,4019,perf_20260924-000332_p4_c4_r3,1,953,1790201013839,0,1790201141221.982,81.302,48.024,1790201141352.31,OFFENSIVE,0.4881
WIX,3984,20260924-000332_p4_c4_r3,4030,perf_20260924-000332_p4_c4_r3,1,954,1790201013840,0,1790201141352.31,62.774,48.501,1790201141463.585,Normal,0.9539
WIX,3984,20260924-000332_p4_c4_r3,4035,perf_20260924-000332_p4_c4_r3,1,955,1790201013840,0,1790201141463.585,53.55,46.012,1790201141564.163,Normal,0.888
WIX,3984,20260924-000332_p4_c4_r3,4037,perf_20260924-000332_p4_c4_r3,1,956,1790201013840,0,1790201141564.163,64.807,45.262,1790201141675.231,Normal,0.9538
WIX,3984,20260924-000332_p4_c4_r3,4039,perf_20260924-000332_p4_c4_r3,1,957,1790201013841,0,1790201141675.231,127.505,51.609,1790201141855.857,OFFENSIVE,0.9669
WIX,3984,20260924-000332_p4_c4_r3,4045,perf_20260924-000332_p4_c4_r3,1,958,1790201013841,0,1790201141856.854,81.619,44.891,1790201141984.382,Normal,0.9608
WIX,3984,20260924-000332_p4_c4_r3,4053,perf_20260924-000332_p4_c4_r3,1,959,1790201013842,0,1790201141985.383,51.695,43.953,1790201142082.551,Normal,0.9633
WIX,3984,20260924-000332_p4_c4_r3,4055,perf_20260924-000332_p4_c4_r3,1,960,1790201013842,0,1790201142082.551,44.091,47.05,1790201142174.693,HATE,0.4772
WIX,3984,20260924-000332_p4_c4_r3,4058,perf_20260924-000332_p4_c4_r3,1,961,1790201013842,0,1790201142174.693,31.666,51.14,1790201142259.011,Normal,0.8636
WIX,3984,20260924-000332_p4_c4_r3,4060,perf_20260924-000332_p4_c4_r3,1,962,1790201013842,0,1790201142259.011,59.624,47.57,1790201142367.212,Normal,0.7533
WIX,3984,20260924-000332_p4_c4_r3,4063,perf_20260924-000332_p4_c4_r3,1,963,1790201013843,0,1790201142368.324,51.796,45.012,1790201142466.148,Normal,0.9519
WIX,3984,20260924-000332_p4_c4_r3,4071,perf_20260924-000332_p4_c4_r3,1,964,1790201013843,0,1790201142467.153,41.238,44.559,1790201142553.951,Normal,0.9674
WIX,3984,20260924-000332_p4_c4_r3,4075,perf_20260924-000332_p4_c4_r3,1,965,1790201013843,0,1790201142556.091,44.852,48.32,1790201142649.263,Normal,0.9559
WIX,3984,20260924-000332_p4_c4_r3,4080,perf_20260924-000332_p4_c4_r3,1,966,1790201013844,0,1790201142649.766,85.649,47.782,1790201142783.198,Normal,0.9433
WIX,3984,20260924-000332_p4_c4_r3,4082,perf_20260924-000332_p4_c4_r3,1,967,1790201013844,0,1790201142784.197,65.156,47.816,1790201142897.679,Normal,0.9043
WIX,3984,20260924-000332_p4_c4_r3,4084,perf_20260924-000332_p4_c4_r3,1,968,1790201013844,0,1790201142897.679,39.797,44.95,1790201142983.437,OFFENSIVE,0.4711
WIX,3984,20260924-000332_p4_c4_r3,4097,perf_20260924-000332_p4_c4_r3,1,969,1790201013866,0,1790201142984.44,44.928,43.949,1790201143074.312,Normal,0.9668
WIX,3984,20260924-000332_p4_c4_r3,4098,perf_20260924-000332_p4_c4_r3,1,970,1790201013866,0,1790201143074.312,62.741,49.345,1790201143187.363,OFFENSIVE,0.7335
WIX,3984,20260924-000332_p4_c4_r3,4106,perf_20260924-000332_p4_c4_r3,1,971,1790201013866,0,1790201143187.363,92.176,45.753,1790201143325.291,Normal,0.7941
WIX,3984,20260924-000332_p4_c4_r3,4110,perf_20260924-000332_p4_c4_r3,1,972,1790201013867,0,1790201143325.291,62.228,44.434,1790201143431.953,Normal,0.9575
WIX,3984,20260924-000332_p4_c4_r3,4114,perf_20260924-000332_p4_c4_r3,1,973,1790201013867,0,1790201143431.953,58.498,44.266,1790201143535.719,Normal,0.9754
WIX,3984,20260924-000332_p4_c4_r3,4119,perf_20260924-000332_p4_c4_r3,1,974,1790201013867,0,1790201143535.719,72.106,45.731,1790201143654.571,Normal,0.9456
WIX,3984,20260924-000332_p4_c4_r3,4123,perf_20260924-000332_p4_c4_r3,1,975,1790201013868,0,1790201143654.571,53.806,44.373,1790201143753.751,Normal,0.9606
WIX,3984,20260924-000332_p4_c4_r3,4128,perf_20260924-000332_p4_c4_r3,1,976,1790201013868,0,1790201143753.751,43.991,46.462,1790201143845.198,Normal,0.8753
WIX,3984,20260924-000332_p4_c4_r3,4129,perf_20260924-000332_p4_c4_r3,1,977,1790201013868,0,1790201143846.198,42.398,49.057,1790201143938.651,Normal,0.9094
WIX,3984,20260924-000332_p4_c4_r3,4133,perf_20260924-000332_p4_c4_r3,1,978,1790201013868,0,1790201143938.651,34.885,49.676,1790201144024.257,Normal,0.9222
WIX,3984,20260924-000332_p4_c4_r3,4138,perf_20260924-000332_p4_c4_r3,1,979,1790201013868,0,1790201144024.257,43.092,49.217,1790201144117.572,OFFENSIVE,0.4651
WIX,3984,20260924-000332_p4_c4_r3,4144,perf_20260924-000332_p4_c4_r3,1,980,1790201013869,0,1790201144117.572,46.707,44.409,1790201144209.232,Normal,0.955
WIX,3984,20260924-000332_p4_c4_r3,4147,perf_20260924-000332_p4_c4_r3,1,981,1790201013869,0,1790201144209.232,46.45,45.673,1790201144301.356,Normal,0.9312
WIX,3984,20260924-000332_p4_c4_r3,4148,perf_20260924-000332_p4_c4_r3,1,982,1790201013869,0,1790201144301.356,43.552,43.822,1790201144388.729,Normal,0.9512
WIX,3984,20260924-000332_p4_c4_r3,4151,perf_20260924-000332_p4_c4_r3,1,983,1790201013869,0,1790201144389.733,56.091,48.399,1790201144494.223,Normal,0.6582
WIX,3984,20260924-000332_p4_c4_r3,4153,perf_20260924-000332_p4_c4_r3,1,984,1790201013869,0,1790201144495.227,43.008,50.237,1790201144588.472,Normal,0.95
WIX,3984,20260924-000332_p4_c4_r3,4157,perf_20260924-000332_p4_c4_r3,1,985,1790201013870,0,1790201144589.006,33.097,43.648,1790201144666.747,Normal,0.9534
WIX,3984,20260924-000332_p4_c4_r3,4163,perf_20260924-000332_p4_c4_r3,1,986,1790201013870,0,1790201144666.747,36.479,45.435,1790201144749.662,Normal,0.9667
WIX,3984,20260924-000332_p4_c4_r3,4164,perf_20260924-000332_p4_c4_r3,1,987,1790201013870,0,1790201144750.661,31.645,47.569,1790201144830.875,Normal,0.9525
WIX,3984,20260924-000332_p4_c4_r3,4165,perf_20260924-000332_p4_c4_r3,1,988,1790201013870,0,1790201144831.898,37.391,46.383,1790201144916.692,Normal,0.9641
WIX,3984,20260924-000332_p4_c4_r3,4167,perf_20260924-000332_p4_c4_r3,1,989,1790201013870,0,1790201144917.736,230.387,47.881,1790201145196.005,Normal,0.98
WIX,3984,20260924-000332_p4_c4_r3,4169,perf_20260924-000332_p4_c4_r3,1,990,1790201013870,0,1790201145197.006,43.227,48.737,1790201145289.924,Normal,0.9622
WIX,3984,20260924-000332_p4_c4_r3,4172,perf_20260924-000332_p4_c4_r3,1,991,1790201013870,0,1790201145290.472,53.256,46.182,1790201145390.914,Normal,0.9519
WIX,3984,20260924-000332_p4_c4_r3,4176,perf_20260924-000332_p4_c4_r3,1,992,1790201013871,0,1790201145390.914,55.418,48.208,1790201145494.541,Normal,0.9507
WIX,3984,20260924-000332_p4_c4_r3,4178,perf_20260924-000332_p4_c4_r3,1,993,1790201013871,0,1790201145494.541,68.58,44.115,1790201145608.334,Normal,0.9515
WIX,3984,20260924-000332_p4_c4_r3,4180,perf_20260924-000332_p4_c4_r3,1,994,1790201013871,0,1790201145608.334,53.485,45.892,1790201145708.702,Normal,0.9622
WIX,3984,20260924-000332_p4_c4_r3,4182,perf_20260924-000332_p4_c4_r3,1,995,1790201013871,0,1790201145709.25,46.952,47.926,1790201145804.128,Normal,0.962
WIX,3984,20260924-000332_p4_c4_r3,4194,perf_20260924-000332_p4_c4_r3,1,996,1790201013873,0,1790201145805.126,67.539,47.333,1790201145919.998,Normal,0.9695
WIX,3984,20260924-000332_p4_c4_r3,4196,perf_20260924-000332_p4_c4_r3,1,997,1790201013873,0,1790201145920.685,58.705,46.672,1790201146026.062,Normal,0.9375
WIX,3984,20260924-000332_p4_c4_r3,4208,perf_20260924-000332_p4_c4_r3,1,998,1790201013874,0,1790201146027.065,71.651,48.585,1790201146147.869,Normal,0.9227
WIX,3984,20260924-000332_p4_c4_r3,4209,perf_20260924-000332_p4_c4_r3,1,999,1790201013874,0,1790201146148.882,77.185,47.162,1790201146274.231,Normal,0.9409
WIX,3984,20260924-000332_p4_c4_r3,4210,perf_20260924-000332_p4_c4_r3,1,1000,1790201013875,0,1790201146376.804,60.507,50.131,1790201146487.442,Normal,0.9286
WIX,3984,20260924-000332_p4_c4_r3,4213,perf_20260924-000332_p4_c4_r3,1,1001,1790201013875,0,1790201146487.442,82.42,51.725,1790201146622.148,Normal,0.9792
WIX,3984,20260924-000332_p4_c4_r3,4214,perf_20260924-000332_p4_c4_r3,1,1002,1790201013875,0,1790201146622.71,76.973,49.317,1790201146749.508,Normal,0.958
WIX,3984,20260924-000332_p4_c4_r3,4224,perf_20260924-000332_p4_c4_r3,1,1003,1790201013875,0,1790201146750.513,56.873,46.882,1790201146855.273,Normal,0.9717
WIX,3984,20260924-000332_p4_c4_r3,4225,perf_20260924-000332_p4_c4_r3,1,1004,1790201013875,0,1790201146855.813,48.122,46.334,1790201146950.818,Normal,0.9475
WIX,3984,20260924-000332_p4_c4_r3,4226,perf_20260924-000332_p4_c4_r3,1,1005,1790201013876,0,1790201146950.818,51.063,45.597,1790201147049.551,Normal,0.9119
WIX,3984,20260924-000332_p4_c4_r3,4227,perf_20260924-000332_p4_c4_r3,1,1006,1790201013876,0,1790201147051.057,61.518,51.449,1790201147164.024,Normal,0.9448
WIX,3984,20260924-000332_p4_c4_r3,4231,perf_20260924-000332_p4_c4_r3,1,1007,1790201013876,0,1790201147164.575,71.912,50.35,1790201147286.837,Normal,0.9496
WIX,3984,20260924-000332_p4_c4_r3,4237,perf_20260924-000332_p4_c4_r3,1,1008,1790201013876,0,1790201147287.354,72.202,62.807,1790201147423.523,Normal,0.9298
WIX,3984,20260924-000332_p4_c4_r3,4247,perf_20260924-000332_p4_c4_r3,1,1009,1790201013877,0,1790201147424.143,85.216,46.29,1790201147556.2,Normal,0.9053
WIX,3984,20260924-000332_p4_c4_r3,4251,perf_20260924-000332_p4_c4_r3,1,1010,1790201013877,0,1790201147557.213,51.337,47.24,1790201147656.801,Normal,0.9557
WIX,3984,20260924-000332_p4_c4_r3,4269,perf_20260924-000332_p4_c4_r3,1,1011,1790201013878,0,1790201147657.328,53.79,49.226,1790201147760.344,Normal,0.9421
WIX,3984,20260924-000332_p4_c4_r3,4273,perf_20260924-000332_p4_c4_r3,1,1012,1790201013879,0,1790201147760.89,62.291,45.848,1790201147869.58,Normal,0.931
WIX,3984,20260924-000332_p4_c4_r3,4275,perf_20260924-000332_p4_c4_r3,1,1013,1790201013879,0,1790201147870.582,60.339,45.738,1790201147977.66,OFFENSIVE,0.572
WIX,3984,20260924-000332_p4_c4_r3,4278,perf_20260924-000332_p4_c4_r3,1,1014,1790201013879,0,1790201147977.66,98.959,46.075,1790201148122.695,Normal,0.9475
WIX,3984,20260924-000332_p4_c4_r3,4281,perf_20260924-000332_p4_c4_r3,1,1015,1790201013879,0,1790201148123.694,35.583,46.919,1790201148207.204,Normal,0.897
WIX,3984,20260924-000332_p4_c4_r3,4284,perf_20260924-000332_p4_c4_r3,1,1016,1790201013879,0,1790201148208.202,109.93,47.007,1790201148366.186,Normal,0.9706
WIX,3984,20260924-000332_p4_c4_r3,4287,perf_20260924-000332_p4_c4_r3,1,1017,1790201013879,0,1790201148366.186,61.97,47.931,1790201148476.088,Normal,0.9609
WIX,3984,20260924-000332_p4_c4_r3,4291,perf_20260924-000332_p4_c4_r3,1,1018,1790201013879,0,1790201148476.088,97.203,45.232,1790201148618.523,Normal,0.9401
WIX,3984,20260924-000332_p4_c4_r3,4303,perf_20260924-000332_p4_c4_r3,1,1019,1790201013881,0,1790201148619.563,39.631,46.193,1790201148706.389,Normal,0.8919
WIX,3984,20260924-000332_p4_c4_r3,4304,perf_20260924-000332_p4_c4_r3,1,1020,1790201013881,0,1790201148706.389,31.769,49.588,1790201148787.746,Normal,0.9688
WIX,3984,20260924-000332_p4_c4_r3,4305,perf_20260924-000332_p4_c4_r3,1,1021,1790201013881,0,1790201148788.396,45.581,48.279,1790201148883.241,Normal,0.8246
WIX,3984,20260924-000332_p4_c4_r3,4306,perf_20260924-000332_p4_c4_r3,1,1022,1790201013881,0,1790201148883.241,66.438,45.292,1790201148996.982,Normal,0.9056
WIX,3984,20260924-000332_p4_c4_r3,4308,perf_20260924-000332_p4_c4_r3,1,1023,1790201013881,0,1790201148997.979,54.785,47.644,1790201149100.408,Normal,0.9739
WIX,3984,20260924-000332_p4_c4_r3,4315,perf_20260924-000332_p4_c4_r3,1,1024,1790201013882,0,1790201149101.413,49.233,43.714,1790201149195.356,Normal,0.9601
WIX,3984,20260924-000332_p4_c4_r3,4319,perf_20260924-000332_p4_c4_r3,1,1025,1790201013882,0,1790201149195.356,59.318,44.261,1790201149298.935,Normal,0.781
WIX,3984,20260924-000332_p4_c4_r3,4330,perf_20260924-000332_p4_c4_r3,1,1026,1790201013883,0,1790201149298.935,42.652,44.093,1790201149385.68,Normal,0.9342
WIX,3984,20260924-000332_p4_c4_r3,4335,perf_20260924-000332_p4_c4_r3,1,1027,1790201013883,0,1790201149386.719,53.881,46.451,1790201149487.051,Normal,0.8743
WIX,3984,20260924-000332_p4_c4_r3,4340,perf_20260924-000332_p4_c4_r3,1,1028,1790201013883,0,1790201149487.603,49.917,44.021,1790201149582.548,Normal,0.9375
WIX,3984,20260924-000332_p4_c4_r3,4341,perf_20260924-000332_p4_c4_r3,1,1029,1790201013883,0,1790201149583.079,59.3,43.292,1790201149686.667,Normal,0.6225
WIX,3984,20260924-000332_p4_c4_r3,4349,perf_20260924-000332_p4_c4_r3,1,1030,1790201013883,0,1790201149686.667,25.024,47.035,1790201149759.708,Normal,0.9494
WIX,3984,20260924-000332_p4_c4_r3,4350,perf_20260924-000332_p4_c4_r3,1,1031,1790201013883,0,1790201149760.71,42.331,53.687,1790201149857.637,Normal,0.9684
WIX,3984,20260924-000332_p4_c4_r3,4354,perf_20260924-000332_p4_c4_r3,1,1032,1790201013884,0,1790201149857.637,65.014,43.62,1790201149966.781,Normal,0.9058
WIX,3984,20260924-000332_p4_c4_r3,4356,perf_20260924-000332_p4_c4_r3,1,1033,1790201013884,0,1790201149967.421,74.586,45.747,1790201150088.755,Normal,0.9335
WIX,3984,20260924-000332_p4_c4_r3,4357,perf_20260924-000332_p4_c4_r3,1,1034,1790201013884,0,1790201150088.755,51.078,44.383,1790201150185.208,Normal,0.945
WIX,3984,20260924-000332_p4_c4_r3,4364,perf_20260924-000332_p4_c4_r3,1,1035,1790201013884,0,1790201150185.208,36.013,45.859,1790201150267.08,Normal,0.9309
WIX,3984,20260924-000332_p4_c4_r3,4365,perf_20260924-000332_p4_c4_r3,1,1036,1790201013884,0,1790201150267.08,40.134,46.207,1790201150353.421,Normal,0.955
WIX,3984,20260924-000332_p4_c4_r3,4366,perf_20260924-000332_p4_c4_r3,1,1037,1790201013884,0,1790201150353.421,50.454,47.106,1790201150450.981,Normal,0.9603
WIX,3984,20260924-000332_p4_c4_r3,4369,perf_20260924-000332_p4_c4_r3,1,1038,1790201013884,0,1790201150451.989,52.621,46.189,1790201150551.332,Normal,0.8991
WIX,3984,20260924-000332_p4_c4_r3,4372,perf_20260924-000332_p4_c4_r3,1,1039,1790201013884,0,1790201150551.332,48.073,45.63,1790201150647.038,Normal,0.8059
WIX,3984,20260924-000332_p4_c4_r3,4374,perf_20260924-000332_p4_c4_r3,1,1040,1790201013884,0,1790201150647.038,63.471,47.494,1790201150758.003,Normal,0.9454
WIX,3984,20260924-000332_p4_c4_r3,4375,perf_20260924-000332_p4_c4_r3,1,1041,1790201013884,0,1790201150758.003,63.735,45.631,1790201150868.373,Normal,0.9184
WIX,3984,20260924-000332_p4_c4_r3,4376,perf_20260924-000332_p4_c4_r3,1,1042,1790201013884,0,1790201150869.38,65.274,43.658,1790201150978.313,Normal,0.9403
WIX,3984,20260924-000332_p4_c4_r3,4386,perf_20260924-000332_p4_c4_r3,1,1043,1790201013886,0,1790201150979.31,53.849,44.79,1790201151078.938,Normal,0.9309
WIX,3984,20260924-000332_p4_c4_r3,4389,perf_20260924-000332_p4_c4_r3,1,1044,1790201013886,0,1790201151078.938,54.648,43.372,1790201151177.98,Normal,0.964
WIX,3984,20260924-000332_p4_c4_r3,4402,perf_20260924-000332_p4_c4_r3,1,1045,1790201013887,0,1790201151177.98,76.219,47.276,1790201151302.472,Normal,0.9738
WIX,3984,20260924-000332_p4_c4_r3,4403,perf_20260924-000332_p4_c4_r3,1,1046,1790201013887,0,1790201151302.472,104.175,45.765,1790201151452.411,Normal,0.9817
WIX,3984,20260924-000332_p4_c4_r3,4405,perf_20260924-000332_p4_c4_r3,1,1047,1790201013887,0,1790201151453.412,59.718,47.501,1790201151561.738,Normal,0.8902
WIX,3984,20260924-000332_p4_c4_r3,4408,perf_20260924-000332_p4_c4_r3,1,1048,1790201013888,0,1790201151561.738,48.679,45.244,1790201151656.659,Normal,0.9542
WIX,3984,20260924-000332_p4_c4_r3,4412,perf_20260924-000332_p4_c4_r3,1,1049,1790201013888,0,1790201151657.654,44.585,51.144,1790201151753.383,Normal,0.9405
WIX,3984,20260924-000332_p4_c4_r3,4413,perf_20260924-000332_p4_c4_r3,1,1050,1790201013888,0,1790201151753.383,68.581,61.209,1790201151884.183,Normal,0.9577
WIX,3984,20260924-000332_p4_c4_r3,4414,perf_20260924-000332_p4_c4_r3,1,1051,1790201013889,0,1790201151884.183,77.811,50.646,1790201152012.64,Normal,0.8926
WIX,3984,20260924-000332_p4_c4_r3,4425,perf_20260924-000332_p4_c4_r3,1,1052,1790201013890,0,1790201152013.66,81.559,45.829,1790201152142.05,Normal,0.4948
WIX,3984,20260924-000332_p4_c4_r3,4431,perf_20260924-000332_p4_c4_r3,1,1053,1790201013891,0,1790201152143.054,71.281,51.989,1790201152267.329,Normal,0.9614
WIX,3984,20260924-000332_p4_c4_r3,4436,perf_20260924-000332_p4_c4_r3,1,1054,1790201013891,0,1790201152268.345,92.66,53.233,1790201152415.236,Normal,0.9704
WIX,3984,20260924-000332_p4_c4_r3,4441,perf_20260924-000332_p4_c4_r3,1,1055,1790201013892,0,1790201152415.855,76.175,46.993,1790201152539.023,Normal,0.9223
WIX,3984,20260924-000332_p4_c4_r3,4447,perf_20260924-000332_p4_c4_r3,1,1056,1790201013892,0,1790201152540.952,65.925,45.494,1790201152652.372,Normal,0.9344
WIX,3984,20260924-000332_p4_c4_r3,4453,perf_20260924-000332_p4_c4_r3,1,1057,1790201013892,0,1790201152652.372,74.889,55.864,1790201152784.119,Normal,0.933
WIX,3984,20260924-000332_p4_c4_r3,4461,perf_20260924-000332_p4_c4_r3,1,1058,1790201013893,0,1790201152784.632,100.363,44.971,1790201152930.962,Normal,0.9672
WIX,3984,20260924-000332_p4_c4_r3,4468,perf_20260924-000332_p4_c4_r3,1,1059,1790201013893,0,1790201152931.968,80.89,51.78,1790201153065.754,Normal,0.8691
WIX,3984,20260924-000332_p4_c4_r3,4472,perf_20260924-000332_p4_c4_r3,1,1060,1790201013893,0,1790201153065.754,69.698,47.529,1790201153184.95,Normal,0.9423
WIX,3984,20260924-000332_p4_c4_r3,4477,perf_20260924-000332_p4_c4_r3,1,1061,1790201013894,0,1790201153184.95,84.379,48.301,1790201153319.14,Normal,0.8782
WIX,3984,20260924-000332_p4_c4_r3,4478,perf_20260924-000332_p4_c4_r3,1,1062,1790201013894,0,1790201153319.14,66.001,52.849,1790201153438.513,Normal,0.8661
WIX,3984,20260924-000332_p4_c4_r3,4482,perf_20260924-000332_p4_c4_r3,1,1063,1790201013894,0,1790201153438.513,77.559,44.012,1790201153561.082,Normal,0.6232
WIX,3984,20260924-000332_p4_c4_r3,4483,perf_20260924-000332_p4_c4_r3,1,1064,1790201013894,0,1790201153562.089,57.045,48.782,1790201153668.908,Normal,0.8455
WIX,3984,20260924-000332_p4_c4_r3,4488,perf_20260924-000332_p4_c4_r3,1,1065,1790201013894,0,1790201153668.908,53.482,46.796,1790201153769.186,Normal,0.8802
WIX,3984,20260924-000332_p4_c4_r3,4490,perf_20260924-000332_p4_c4_r3,1,1066,1790201013894,0,1790201153770.185,67.066,47.693,1790201153884.945,Normal,0.9806
WIX,3984,20260924-000332_p4_c4_r3,4493,perf_20260924-000332_p4_c4_r3,1,1067,1790201013895,0,1790201153886.062,64.636,51.558,1790201154002.818,Normal,0.955
WIX,3984,20260924-000332_p4_c4_r3,4503,perf_20260924-000332_p4_c4_r3,1,1068,1790201013895,0,1790201154003.825,58.899,45.916,1790201154109.685,Normal,0.9157
WIX,3984,20260924-000332_p4_c4_r3,4504,perf_20260924-000332_p4_c4_r3,1,1069,1790201013895,0,1790201154109.685,37.539,45.808,1790201154194.035,Normal,0.9423
WIX,3984,20260924-000332_p4_c4_r3,4506,perf_20260924-000332_p4_c4_r3,1,1070,1790201013895,0,1790201154195.039,51.714,50.461,1790201154297.215,Normal,0.887
WIX,3984,20260924-000332_p4_c4_r3,4508,perf_20260924-000332_p4_c4_r3,1,1071,1790201013896,0,1790201154297.215,65.1,43.901,1790201154406.216,Normal,0.9423
WIX,3984,20260924-000332_p4_c4_r3,4520,perf_20260924-000332_p4_c4_r3,1,1072,1790201013896,0,1790201154407.219,67.963,46.407,1790201154521.589,Normal,0.9525
WIX,3984,20260924-000332_p4_c4_r3,4541,perf_20260924-000332_p4_c4_r3,1,1073,1790201013898,0,1790201154521.589,44.46,49.601,1790201154616.646,Normal,0.9468
WIX,3984,20260924-000332_p4_c4_r3,4543,perf_20260924-000332_p4_c4_r3,1,1074,1790201013898,0,1790201154616.646,54.945,45.411,1790201154718.007,Normal,0.9362
WIX,3984,20260924-000332_p4_c4_r3,4551,perf_20260924-000332_p4_c4_r3,1,1075,1790201013898,0,1790201154718.007,34.984,47.94,1790201154801.932,Normal,0.9608
WIX,3984,20260924-000332_p4_c4_r3,4554,perf_20260924-000332_p4_c4_r3,1,1076,1790201013898,0,1790201154801.932,40.674,48.1,1790201154891.719,Normal,0.9323
WIX,3984,20260924-000332_p4_c4_r3,4558,perf_20260924-000332_p4_c4_r3,1,1077,1790201013899,0,1790201154891.719,35.691,46.593,1790201154974.513,Normal,0.9375
WIX,3984,20260924-000332_p4_c4_r3,4564,perf_20260924-000332_p4_c4_r3,1,1078,1790201013899,0,1790201154974.513,48.362,62.433,1790201155086.303,Normal,0.9528
WIX,3984,20260924-000332_p4_c4_r3,4565,perf_20260924-000332_p4_c4_r3,1,1079,1790201013899,0,1790201155087.304,47.353,47.935,1790201155183.583,OFFENSIVE,0.5675
WIX,3984,20260924-000332_p4_c4_r3,4566,perf_20260924-000332_p4_c4_r3,1,1080,1790201013899,0,1790201155184.602,77.536,50.346,1790201155313.481,Normal,0.9677
WIX,3984,20260924-000332_p4_c4_r3,4567,perf_20260924-000332_p4_c4_r3,1,1081,1790201013899,0,1790201155313.481,61.335,49.231,1790201155425.56,Normal,0.8412
WIX,3984,20260924-000332_p4_c4_r3,4576,perf_20260924-000332_p4_c4_r3,1,1082,1790201013900,0,1790201155426.584,51.35,51.368,1790201155530.304,Normal,0.6416
WIX,3984,20260924-000332_p4_c4_r3,4587,perf_20260924-000332_p4_c4_r3,1,1083,1790201013900,0,1790201155531.306,76.999,46.88,1790201155656.189,Normal,0.9516
WIX,3984,20260924-000332_p4_c4_r3,4591,perf_20260924-000332_p4_c4_r3,1,1084,1790201013901,0,1790201155656.189,101.673,47.488,1790201155805.351,Normal,0.9603
WIX,3984,20260924-000332_p4_c4_r3,4594,perf_20260924-000332_p4_c4_r3,1,1085,1790201013901,0,1790201155805.351,56.198,45.369,1790201155907.427,Normal,0.9616
WIX,3984,20260924-000332_p4_c4_r3,4595,perf_20260924-000332_p4_c4_r3,1,1086,1790201013901,0,1790201155907.427,35.803,47.521,1790201155990.752,Normal,0.939
WIX,3984,20260924-000332_p4_c4_r3,4598,perf_20260924-000332_p4_c4_r3,1,1087,1790201013901,0,1790201155991.259,36.661,48.319,1790201156076.24,Normal,0.971
WIX,3984,20260924-000332_p4_c4_r3,4599,perf_20260924-000332_p4_c4_r3,1,1088,1790201013901,0,1790201156077.241,39.899,43.36,1790201156161.466,Normal,0.9408
WIX,3984,20260924-000332_p4_c4_r3,4608,perf_20260924-000332_p4_c4_r3,1,1089,1790201013902,0,1790201156162.469,83.092,46.681,1790201156292.242,Normal,0.9192
WIX,3984,20260924-000332_p4_c4_r3,4611,perf_20260924-000332_p4_c4_r3,1,1090,1790201013902,0,1790201156292.242,45.84,46.601,1790201156385.657,Normal,0.9801
WIX,3984,20260924-000332_p4_c4_r3,4614,perf_20260924-000332_p4_c4_r3,1,1091,1790201013902,0,1790201156385.657,64.343,48.244,1790201156498.792,Normal,0.9776
WIX,3984,20260924-000332_p4_c4_r3,4615,perf_20260924-000332_p4_c4_r3,1,1092,1790201013902,0,1790201156499.788,68.479,47.656,1790201156616.925,Normal,0.9522
WIX,3984,20260924-000332_p4_c4_r3,4617,perf_20260924-000332_p4_c4_r3,1,1093,1790201013902,0,1790201156617.926,59.13,44.693,1790201156722.744,Normal,0.9446
WIX,3984,20260924-000332_p4_c4_r3,4620,perf_20260924-000332_p4_c4_r3,1,1094,1790201013902,0,1790201156723.743,66.294,49.233,1790201156840.273,Normal,0.937
WIX,3984,20260924-000332_p4_c4_r3,4628,perf_20260924-000332_p4_c4_r3,1,1095,1790201013903,0,1790201156841.274,57.961,42.24,1790201156942.477,Normal,0.9356
WIX,3984,20260924-000332_p4_c4_r3,4635,perf_20260924-000332_p4_c4_r3,1,1096,1790201013904,0,1790201156943.477,34.477,50.043,1790201157029.509,Normal,0.9565
WIX,3984,20260924-000332_p4_c4_r3,4642,perf_20260924-000332_p4_c4_r3,1,1097,1790201013904,0,1790201157029.509,63.565,48.706,1790201157141.78,Normal,0.9687
WIX,3984,20260924-000332_p4_c4_r3,4649,perf_20260924-000332_p4_c4_r3,1,1098,1790201013905,0,1790201157141.78,30.094,48.25,1790201157220.123,Normal,0.7997
WIX,3984,20260924-000332_p4_c4_r3,4651,perf_20260924-000332_p4_c4_r3,1,1099,1790201013905,0,1790201157220.123,53.123,49.715,1790201157323.952,Normal,0.9657
WIX,3984,20260924-000332_p4_c4_r3,4653,perf_20260924-000332_p4_c4_r3,1,1100,1790201013905,0,1790201157323.952,76.856,47.836,1790201157449.157,Normal,0.9335
WIX,3984,20260924-000332_p4_c4_r3,4654,perf_20260924-000332_p4_c4_r3,1,1101,1790201013905,0,1790201157449.668,58.526,45.274,1790201157554.469,Normal,0.9319
WIX,3984,20260924-000332_p4_c4_r3,4666,perf_20260924-000332_p4_c4_r3,1,1102,1790201013907,0,1790201157555.468,69.018,43.872,1790201157668.937,Normal,0.8865
WIX,3984,20260924-000332_p4_c4_r3,4673,perf_20260924-000332_p4_c4_r3,1,1103,1790201013907,0,1790201157670.472,50.683,46.196,1790201157768.35,Normal,0.9599
WIX,3984,20260924-000332_p4_c4_r3,4683,perf_20260924-000332_p4_c4_r3,1,1104,1790201013908,0,1790201157768.35,49.651,49.708,1790201157867.709,OFFENSIVE,0.4388
WIX,3984,20260924-000332_p4_c4_r3,4688,perf_20260924-000332_p4_c4_r3,1,1105,1790201013908,0,1790201157867.709,79.749,47.186,1790201157994.644,Normal,0.9191
WIX,3984,20260924-000332_p4_c4_r3,4693,perf_20260924-000332_p4_c4_r3,1,1106,1790201013908,0,1790201157994.644,68.248,45.393,1790201158108.284,Normal,0.965
WIX,3984,20260924-000332_p4_c4_r3,4695,perf_20260924-000332_p4_c4_r3,1,1107,1790201013908,0,1790201158108.284,66.224,43.433,1790201158218.902,Normal,0.9101
WIX,3984,20260924-000332_p4_c4_r3,4702,perf_20260924-000332_p4_c4_r3,1,1108,1790201013909,0,1790201158218.902,75.621,47.757,1790201158343.277,Normal,0.9673
WIX,3984,20260924-000332_p4_c4_r3,4703,perf_20260924-000332_p4_c4_r3,1,1109,1790201013909,0,1790201158343.277,77.018,46.173,1790201158466.469,Normal,0.9693
WIX,3984,20260924-000332_p4_c4_r3,4704,perf_20260924-000332_p4_c4_r3,1,1110,1790201013909,0,1790201158466.469,190.75,44.978,1790201158703.188,Normal,0.9782
WIX,3984,20260924-000332_p4_c4_r3,4708,perf_20260924-000332_p4_c4_r3,1,1111,1790201013909,0,1790201158703.188,68.817,45.962,1790201158817.968,Normal,0.8909
WIX,3984,20260924-000332_p4_c4_r3,4709,perf_20260924-000332_p4_c4_r3,1,1112,1790201013909,0,1790201158818.968,52.64,48.968,1790201158921.57,Normal,0.9656
WIX,3984,20260924-000332_p4_c4_r3,4710,perf_20260924-000332_p4_c4_r3,1,1113,1790201013909,0,1790201158922.57,84.649,56.058,1790201159063.278,Normal,0.5737
WIX,3984,20260924-000332_p4_c4_r3,4712,perf_20260924-000332_p4_c4_r3,1,1114,1790201013910,0,1790201159063.888,75.641,43.595,1790201159183.124,Normal,0.9494
WIX,3984,20260924-000332_p4_c4_r3,4713,perf_20260924-000332_p4_c4_r3,1,1115,1790201013910,0,1790201159184.138,64.92,44.168,1790201159294.223,Normal,0.9545
WIX,3984,20260924-000332_p4_c4_r3,4714,perf_20260924-000332_p4_c4_r3,1,1116,1790201013910,0,1790201159295.202,65.631,44.405,1790201159406.237,Normal,0.9559
WIX,3984,20260924-000332_p4_c4_r3,4719,perf_20260924-000332_p4_c4_r3,1,1117,1790201013910,0,1790201159407.235,43.626,48.468,1790201159499.329,Normal,0.9618
WIX,3984,20260924-000332_p4_c4_r3,4721,perf_20260924-000332_p4_c4_r3,1,1118,1790201013910,0,1790201159499.329,63.185,47.154,1790201159609.668,Normal,0.9544
WIX,3984,20260924-000332_p4_c4_r3,4725,perf_20260924-000332_p4_c4_r3,1,1119,1790201013910,0,1790201159609.668,38.637,44.997,1790201159694.295,Normal,0.94
WIX,3984,20260924-000332_p4_c4_r3,4726,perf_20260924-000332_p4_c4_r3,1,1120,1790201013910,0,1790201159694.295,59.344,46.776,1790201159801.409,Normal,0.4315
WIX,3984,20260924-000332_p4_c4_r3,4736,perf_20260924-000332_p4_c4_r3,1,1121,1790201013911,0,1790201159801.409,55.234,46.879,1790201159904.521,Normal,0.9475
WIX,3984,20260924-000332_p4_c4_r3,4737,perf_20260924-000332_p4_c4_r3,1,1122,1790201013911,0,1790201159904.521,57.068,45.91,1790201160007.498,Normal,0.9798
WIX,3984,20260924-000332_p4_c4_r3,4739,perf_20260924-000332_p4_c4_r3,1,1123,1790201013911,0,1790201160007.498,46.277,44.47,1790201160099.246,Normal,0.9575
WIX,3984,20260924-000332_p4_c4_r3,4748,perf_20260924-000332_p4_c4_r3,1,1124,1790201013912,0,1790201160100.246,42.091,46.288,1790201160188.625,Normal,0.7352
WIX,3984,20260924-000332_p4_c4_r3,4766,perf_20260924-000332_p4_c4_r3,1,1125,1790201013913,0,1790201160188.625,41.873,46.37,1790201160276.868,Normal,0.9434
WIX,3984,20260924-000332_p4_c4_r3,4770,perf_20260924-000332_p4_c4_r3,1,1126,1790201013913,0,1790201160276.868,41.177,43.62,1790201160361.665,Normal,0.9695
WIX,3984,20260924-000332_p4_c4_r3,4772,perf_20260924-000332_p4_c4_r3,1,1127,1790201013913,0,1790201160361.665,34.26,45.222,1790201160442.142,Normal,0.9095
WIX,3984,20260924-000332_p4_c4_r3,4773,perf_20260924-000332_p4_c4_r3,1,1128,1790201013913,0,1790201160442.142,58.197,47.412,1790201160548.748,Normal,0.9389
WIX,3984,20260924-000332_p4_c4_r3,4776,perf_20260924-000332_p4_c4_r3,1,1129,1790201013913,0,1790201160548.748,60.307,48.215,1790201160658.279,Normal,0.9649
WIX,3984,20260924-000332_p4_c4_r3,4777,perf_20260924-000332_p4_c4_r3,1,1130,1790201013913,0,1790201160658.279,59.194,45.978,1790201160764.446,Normal,0.9309
WIX,3984,20260924-000332_p4_c4_r3,4780,perf_20260924-000332_p4_c4_r3,1,1131,1790201013914,0,1790201160764.446,69.557,43.839,1790201160878.833,Normal,0.9411
WIX,3984,20260924-000332_p4_c4_r3,4782,perf_20260924-000332_p4_c4_r3,1,1132,1790201013914,0,1790201160879.836,59.428,48.59,1790201160987.855,Normal,0.8953
WIX,3984,20260924-000332_p4_c4_r3,4788,perf_20260924-000332_p4_c4_r3,1,1133,1790201013914,0,1790201160987.855,44.868,45.076,1790201161078.793,Normal,0.9419
WIX,3984,20260924-000332_p4_c4_r3,4789,perf_20260924-000332_p4_c4_r3,1,1134,1790201013914,0,1790201161079.798,195.636,45.397,1790201161322.028,Normal,0.9601
WIX,3984,20260924-000332_p4_c4_r3,4795,perf_20260924-000332_p4_c4_r3,1,1135,1790201013915,0,1790201161323.026,80.193,44.099,1790201161447.319,Normal,0.9563
WIX,3984,20260924-000332_p4_c4_r3,4803,perf_20260924-000332_p4_c4_r3,1,1136,1790201013915,0,1790201161448.321,64.188,44.371,1790201161557.882,Normal,0.8937
WIX,3984,20260924-000332_p4_c4_r3,4805,perf_20260924-000332_p4_c4_r3,1,1137,1790201013915,0,1790201161558.892,71.317,46.124,1790201161676.334,Normal,0.9633
WIX,3984,20260924-000332_p4_c4_r3,4808,perf_20260924-000332_p4_c4_r3,1,1138,1790201013915,0,1790201161676.334,80.126,46.249,1790201161802.709,Normal,0.9585
WIX,3984,20260924-000332_p4_c4_r3,4813,perf_20260924-000332_p4_c4_r3,1,1139,1790201013916,0,1790201161802.709,36.109,44.55,1790201161884.372,Normal,0.9309
WIX,3984,20260924-000332_p4_c4_r3,4815,perf_20260924-000332_p4_c4_r3,1,1140,1790201013916,0,1790201161884.372,40.016,42.965,1790201161967.353,Normal,0.7889
WIX,3984,20260924-000332_p4_c4_r3,4817,perf_20260924-000332_p4_c4_r3,1,1141,1790201013916,0,1790201161968.355,43.091,46.283,1790201162057.73,Normal,0.9697
WIX,3984,20260924-000332_p4_c4_r3,4822,perf_20260924-000332_p4_c4_r3,1,1142,1790201013916,0,1790201162057.73,100.666,48.481,1790201162206.876,Normal,0.9727
WIX,3984,20260924-000332_p4_c4_r3,4824,perf_20260924-000332_p4_c4_r3,1,1143,1790201013916,0,1790201162207.877,70.701,44.951,1790201162323.528,Normal,0.9725
WIX,3984,20260924-000332_p4_c4_r3,4828,perf_20260924-000332_p4_c4_r3,1,1144,1790201013917,0,1790201162323.528,77.908,46.166,1790201162449.115,Normal,0.8687
WIX,3984,20260924-000332_p4_c4_r3,4829,perf_20260924-000332_p4_c4_r3,1,1145,1790201013917,0,1790201162449.115,49.263,50.717,1790201162550.093,OFFENSIVE,0.7074
WIX,3984,20260924-000332_p4_c4_r3,4837,perf_20260924-000332_p4_c4_r3,1,1146,1790201013917,0,1790201162550.093,50.552,47.491,1790201162649.137,Normal,0.9197
WIX,3984,20260924-000332_p4_c4_r3,4843,perf_20260924-000332_p4_c4_r3,1,1147,1790201013917,0,1790201162649.137,42.676,44.53,1790201162737.349,Normal,0.7294
WIX,3984,20260924-000332_p4_c4_r3,4846,perf_20260924-000332_p4_c4_r3,1,1148,1790201013918,0,1790201162737.902,43.825,47.888,1790201162830.632,Normal,0.9373
WIX,3984,20260924-000332_p4_c4_r3,4848,perf_20260924-000332_p4_c4_r3,1,1149,1790201013918,0,1790201162830.632,50.098,47.347,1790201162929.078,Normal,0.87
WIX,3984,20260924-000332_p4_c4_r3,4849,perf_20260924-000332_p4_c4_r3,1,1150,1790201013918,0,1790201162930.088,47.41,46.406,1790201163025.416,Normal,0.9571
WIX,3984,20260924-000332_p4_c4_r3,4850,perf_20260924-000332_p4_c4_r3,1,1151,1790201013918,0,1790201163025.416,62.887,51.719,1790201163141.005,Normal,0.9723
WIX,3984,20260924-000332_p4_c4_r3,4856,perf_20260924-000332_p4_c4_r3,1,1152,1790201013918,0,1790201163141.005,50.702,48.128,1790201163239.835,Normal,0.9387
WIX,3984,20260924-000332_p4_c4_r3,4857,perf_20260924-000332_p4_c4_r3,1,1153,1790201013918,0,1790201163239.835,41.072,48.59,1790201163330.483,Normal,0.9329
WIX,3984,20260924-000332_p4_c4_r3,4858,perf_20260924-000332_p4_c4_r3,1,1154,1790201013918,0,1790201163330.483,44.732,46.664,1790201163422.869,Normal,0.9475
WIX,3984,20260924-000332_p4_c4_r3,4859,perf_20260924-000332_p4_c4_r3,1,1155,1790201013918,0,1790201163422.869,85.377,47.535,1790201163556.679,Normal,0.9609
WIX,3984,20260924-000332_p4_c4_r3,4866,perf_20260924-000332_p4_c4_r3,1,1156,1790201013919,0,1790201163557.671,91.011,62.785,1790201163712.015,Normal,0.6885
WIX,3984,20260924-000332_p4_c4_r3,4869,perf_20260924-000332_p4_c4_r3,1,1157,1790201013919,0,1790201163713.197,85.915,50.181,1790201163849.293,Normal,0.9705
WIX,3984,20260924-000332_p4_c4_r3,4870,perf_20260924-000332_p4_c4_r3,1,1158,1790201013919,0,1790201163850.633,82.54,48.221,1790201163981.394,Normal,0.9668
WIX,3984,20260924-000332_p4_c4_r3,4882,perf_20260924-000332_p4_c4_r3,1,1159,1790201013920,0,1790201163981.924,81.012,47.2,1790201164111.131,Normal,0.9695
WIX,3984,20260924-000332_p4_c4_r3,4883,perf_20260924-000332_p4_c4_r3,1,1160,1790201013920,0,1790201164111.131,83.193,51.263,1790201164245.587,Normal,0.9585
WIX,3984,20260924-000332_p4_c4_r3,4884,perf_20260924-000332_p4_c4_r3,1,1161,1790201013920,0,1790201164245.587,92.342,54.571,1790201164392.5,Normal,0.9721
WIX,3984,20260924-000332_p4_c4_r3,4886,perf_20260924-000332_p4_c4_r3,1,1162,1790201013920,0,1790201164392.5,88.235,47.885,1790201164529.62,Normal,0.9664
WIX,3984,20260924-000332_p4_c4_r3,4887,perf_20260924-000332_p4_c4_r3,1,1163,1790201013920,0,1790201164530.629,62.28,48.191,1790201164641.67,Normal,0.9569
WIX,3984,20260924-000332_p4_c4_r3,4889,perf_20260924-000332_p4_c4_r3,1,1164,1790201013920,0,1790201164641.67,60.943,48.225,1790201164751.835,Normal,0.9486
WIX,3984,20260924-000332_p4_c4_r3,4890,perf_20260924-000332_p4_c4_r3,1,1165,1790201013920,0,1790201164751.835,95.392,47.789,1790201164896.019,Normal,0.4656
WIX,3984,20260924-000332_p4_c4_r3,4893,perf_20260924-000332_p4_c4_r3,1,1166,1790201013920,0,1790201164896.574,72.729,51.186,1790201165021.042,Normal,0.9499
WIX,3984,20260924-000332_p4_c4_r3,4895,perf_20260924-000332_p4_c4_r3,1,1167,1790201013920,0,1790201165022.046,52.73,44.715,1790201165120.531,Normal,0.9208
WIX,3984,20260924-000332_p4_c4_r3,4899,perf_20260924-000332_p4_c4_r3,1,1168,1790201013921,0,1790201165121.53,63.115,51.442,1790201165236.087,Normal,0.8273
WIX,3984,20260924-000332_p4_c4_r3,4901,perf_20260924-000332_p4_c4_r3,1,1169,1790201013921,0,1790201165237.199,65.881,48.192,1790201165352.161,Normal,0.9491
WIX,3984,20260924-000332_p4_c4_r3,4904,perf_20260924-000332_p4_c4_r3,1,1170,1790201013921,0,1790201165353.164,55.477,46.315,1790201165454.955,Normal,0.9475
WIX,3984,20260924-000332_p4_c4_r3,4919,perf_20260924-000332_p4_c4_r3,1,1171,1790201013923,0,1790201165454.955,56.007,49.916,1790201165561.42,Normal,0.9608
WIX,3984,20260924-000332_p4_c4_r3,4920,perf_20260924-000332_p4_c4_r3,1,1172,1790201013923,0,1790201165562.433,54.428,49.236,1790201165667.1,Normal,0.9096
WIX,3984,20260924-000332_p4_c4_r3,4921,perf_20260924-000332_p4_c4_r3,1,1173,1790201013923,0,1790201165667.1,89.87,54.066,1790201165812.037,Normal,0.9602
WIX,3984,20260924-000332_p4_c4_r3,4922,perf_20260924-000332_p4_c4_r3,1,1174,1790201013923,0,1790201165813.042,128.567,44.846,1790201165987.454,Normal,0.9744
WIX,3984,20260924-000332_p4_c4_r3,4929,perf_20260924-000332_p4_c4_r3,1,1175,1790201013923,0,1790201165987.454,40.978,46.007,1790201166074.44,Normal,0.8414
WIX,3984,20260924-000332_p4_c4_r3,4934,perf_20260924-000332_p4_c4_r3,1,1176,1790201013923,0,1790201166075.445,30.993,45.632,1790201166153.027,Normal,0.7883
WIX,3984,20260924-000332_p4_c4_r3,4937,perf_20260924-000332_p4_c4_r3,1,1177,1790201013924,0,1790201166154.031,49.784,50.621,1790201166254.981,Normal,0.9052
WIX,3984,20260924-000332_p4_c4_r3,4938,perf_20260924-000332_p4_c4_r3,1,1178,1790201013924,0,1790201166254.981,52.097,46.438,1790201166353.516,Normal,0.8585
WIX,3984,20260924-000332_p4_c4_r3,4948,perf_20260924-000332_p4_c4_r3,1,1179,1790201013924,0,1790201166353.516,56.599,45.706,1790201166456.33,Normal,0.9617
WIX,3984,20260924-000332_p4_c4_r3,4951,perf_20260924-000332_p4_c4_r3,1,1180,1790201013925,0,1790201166457.377,58.301,42.992,1790201166559.667,Normal,0.9545
WIX,3984,20260924-000332_p4_c4_r3,4955,perf_20260924-000332_p4_c4_r3,1,1181,1790201013925,0,1790201166560.666,51.552,46.697,1790201166659.909,Normal,0.8523
WIX,3984,20260924-000332_p4_c4_r3,4956,perf_20260924-000332_p4_c4_r3,1,1182,1790201013925,0,1790201166659.909,50.093,45.342,1790201166756.341,HATE,0.8438
WIX,3984,20260924-000332_p4_c4_r3,4960,perf_20260924-000332_p4_c4_r3,1,1183,1790201013925,0,1790201166757.338,30.805,47.465,1790201166835.608,Normal,0.9121
WIX,3984,20260924-000332_p4_c4_r3,4962,perf_20260924-000332_p4_c4_r3,1,1184,1790201013925,0,1790201166835.608,46.546,49.118,1790201166932.27,Normal,0.9599
WIX,3984,20260924-000332_p4_c4_r3,4965,perf_20260924-000332_p4_c4_r3,1,1185,1790201013925,0,1790201166933.288,57.324,47.377,1790201167038.981,Normal,0.969
WIX,3984,20260924-000332_p4_c4_r3,4966,perf_20260924-000332_p4_c4_r3,1,1186,1790201013925,0,1790201167038.981,70.712,47.361,1790201167158.124,Normal,0.9434
WIX,3984,20260924-000332_p4_c4_r3,4967,perf_20260924-000332_p4_c4_r3,1,1187,1790201013925,0,1790201167159.135,65.088,46.618,1790201167270.84,Normal,0.7437
WIX,3984,20260924-000332_p4_c4_r3,4969,perf_20260924-000332_p4_c4_r3,1,1188,1790201013926,0,1790201167271.845,84.682,55.55,1790201167412.604,Normal,0.8477
WIX,3984,20260924-000332_p4_c4_r3,4975,perf_20260924-000332_p4_c4_r3,1,1189,1790201013926,0,1790201167412.604,76.861,45.165,1790201167535.153,Normal,0.9473
WIX,3984,20260924-000332_p4_c4_r3,4981,perf_20260924-000332_p4_c4_r3,1,1190,1790201013926,0,1790201167535.669,51.79,43.634,1790201167631.094,Normal,0.9472
WIX,3984,20260924-000332_p4_c4_r3,4984,perf_20260924-000332_p4_c4_r3,1,1191,1790201013926,0,1790201167631.094,56.405,47.68,1790201167736.177,Normal,0.9678
WIX,3984,20260924-000332_p4_c4_r3,4988,perf_20260924-000332_p4_c4_r3,1,1192,1790201013927,0,1790201167736.177,96.149,51.001,1790201167883.327,Normal,0.9709
WIX,3984,20260924-000332_p4_c4_r3,4990,perf_20260924-000332_p4_c4_r3,1,1193,1790201013927,0,1790201167884.336,75.344,44.165,1790201168004.844,Normal,0.835
WIX,3984,20260924-000332_p4_c4_r3,4992,perf_20260924-000332_p4_c4_r3,1,1194,1790201013927,0,1790201168005.844,40.42,52.263,1790201168099.406,Normal,0.9712
WIX,3984,20260924-000332_p4_c4_r3,4993,perf_20260924-000332_p4_c4_r3,1,1195,1790201013927,0,1790201168101.009,69.197,45.902,1790201168216.109,Normal,0.9565
WIX,3984,20260924-000332_p4_c4_r3,4997,perf_20260924-000332_p4_c4_r3,1,1196,1790201013927,0,1790201168216.109,67.821,46.71,1790201168331.635,Normal,0.9458
WIX,3984,20260924-000332_p4_c4_r3,4998,perf_20260924-000332_p4_c4_r3,1,1197,1790201013927,0,1790201168332.167,69.866,45.494,1790201168448.143,Normal,0.9277
WIX,3984,20260924-000332_p4_c4_r3,5000,perf_20260924-000332_p4_c4_r3,1,1198,1790201013927,0,1790201168449.14,64.625,45.217,1790201168559.981,Normal,0.9639
WIX,3984,20260924-000332_p4_c4_r3,5006,perf_20260924-000332_p4_c4_r3,1,1199,1790201013929,0,1790201168559.981,52.465,47.746,1790201168660.192,Normal,0.8631
WIX,3984,20260924-000332_p4_c4_r3,5008,perf_20260924-000332_p4_c4_r3,1,1200,1790201013929,0,1790201168661.24,65.382,46.782,1790201168774.037,OFFENSIVE,0.5858
WIX,3984,20260924-000332_p4_c4_r3,5014,perf_20260924-000332_p4_c4_r3,1,1201,1790201013929,0,1790201168775.054,67.948,45.02,1790201168888.021,Normal,0.9648
WIX,3984,20260924-000332_p4_c4_r3,5016,perf_20260924-000332_p4_c4_r3,1,1202,1790201013929,0,1790201168888.528,46.102,45.769,1790201168980.4,Normal,0.9499
WIX,3984,20260924-000332_p4_c4_r3,5018,perf_20260924-000332_p4_c4_r3,1,1203,1790201013929,0,1790201168981.4,49.586,45.058,1790201169077.044,Normal,0.9134
WIX,3984,20260924-000332_p4_c4_r3,5019,perf_20260924-000332_p4_c4_r3,1,1204,1790201013929,0,1790201169078.045,55.625,45.336,1790201169179.006,Normal,0.9415
WIX,3984,20260924-000332_p4_c4_r3,5024,perf_20260924-000332_p4_c4_r3,1,1205,1790201013930,0,1790201169179.006,86.03,51.504,1790201169316.54,Normal,0.8928
WIX,3984,20260924-000332_p4_c4_r3,5028,perf_20260924-000332_p4_c4_r3,1,1206,1790201013930,0,1790201169316.54,72.518,48.515,1790201169438.591,Normal,0.9011
WIX,3984,20260924-000332_p4_c4_r3,5041,perf_20260924-000332_p4_c4_r3,1,1207,1790201013931,0,1790201169439.595,103.889,48.259,1790201169592.863,Normal,0.9472
WIX,3984,20260924-000332_p4_c4_r3,5042,perf_20260924-000332_p4_c4_r3,1,1208,1790201013931,0,1790201169594.374,48.53,49.541,1790201169692.445,Normal,0.9694
WIX,3984,20260924-000332_p4_c4_r3,5061,perf_20260924-000332_p4_c4_r3,1,1209,1790201013932,0,1790201169692.445,49.61,49.706,1790201169791.762,Normal,0.9241
WIX,3984,20260924-000332_p4_c4_r3,5075,perf_20260924-000332_p4_c4_r3,1,1210,1790201013933,0,1790201169791.762,50.786,46.261,1790201169889.319,Normal,0.9728
WIX,3984,20260924-000332_p4_c4_r3,5078,perf_20260924-000332_p4_c4_r3,1,1211,1790201013933,0,1790201169889.319,62.418,45.931,1790201169998.66,Normal,0.9626
WIX,3984,20260924-000332_p4_c4_r3,5079,perf_20260924-000332_p4_c4_r3,1,1212,1790201013933,0,1790201169999.667,56.476,45.433,1790201170101.576,Normal,0.5497
WIX,3984,20260924-000332_p4_c4_r3,5080,perf_20260924-000332_p4_c4_r3,1,1213,1790201013933,0,1790201170101.576,72.893,46.156,1790201170220.625,Normal,0.9694
WIX,3984,20260924-000332_p4_c4_r3,5081,perf_20260924-000332_p4_c4_r3,1,1214,1790201013933,0,1790201170221.625,59.03,48.247,1790201170328.902,Normal,0.9176
WIX,3984,20260924-000332_p4_c4_r3,5084,perf_20260924-000332_p4_c4_r3,1,1215,1790201013933,0,1790201170328.902,40.847,46.697,1790201170416.446,Normal,0.9512
WIX,3984,20260924-000332_p4_c4_r3,5087,perf_20260924-000332_p4_c4_r3,1,1216,1790201013933,0,1790201170416.446,107.714,44.189,1790201170569.303,OFFENSIVE,0.9406
WIX,3984,20260924-000332_p4_c4_r3,5104,perf_20260924-000332_p4_c4_r3,1,1217,1790201013935,0,1790201170570.321,55.496,46.867,1790201170672.684,Normal,0.9598
WIX,3984,20260924-000332_p4_c4_r3,5108,perf_20260924-000332_p4_c4_r3,1,1218,1790201013935,0,1790201170672.684,82.065,45.727,1790201170801.491,Normal,0.9719
WIX,3984,20260924-000332_p4_c4_r3,5109,perf_20260924-000332_p4_c4_r3,1,1219,1790201013935,0,1790201170802.491,45.497,45.535,1790201170893.523,Normal,0.901
WIX,3984,20260924-000332_p4_c4_r3,5110,perf_20260924-000332_p4_c4_r3,1,1220,1790201013935,0,1790201170894.926,42.027,44.699,1790201170981.652,Normal,0.9515
WIX,3984,20260924-000332_p4_c4_r3,5113,perf_20260924-000332_p4_c4_r3,1,1221,1790201013935,0,1790201170981.652,44.448,44.096,1790201171071.25,Normal,0.945
WIX,3984,20260924-000332_p4_c4_r3,5115,perf_20260924-000332_p4_c4_r3,1,1222,1790201013935,0,1790201171071.812,61.145,43.185,1790201171177.141,Normal,0.9404
WIX,3984,20260924-000332_p4_c4_r3,5118,perf_20260924-000332_p4_c4_r3,1,1223,1790201013935,0,1790201171178.145,54.068,45.013,1790201171278.224,Normal,0.9697
WIX,3984,20260924-000332_p4_c4_r3,5120,perf_20260924-000332_p4_c4_r3,1,1224,1790201013936,0,1790201171278.224,37.546,48.572,1790201171365.339,Normal,0.9244
WIX,3984,20260924-000332_p4_c4_r3,5121,perf_20260924-000332_p4_c4_r3,1,1225,1790201013936,0,1790201171365.339,39.73,49.373,1790201171454.442,Normal,0.5975
WIX,3984,20260924-000332_p4_c4_r3,5129,perf_20260924-000332_p4_c4_r3,1,1226,1790201013936,0,1790201171454.442,47.199,48.203,1790201171550.84,Normal,0.9516
WIX,3984,20260924-000332_p4_c4_r3,5139,perf_20260924-000332_p4_c4_r3,1,1227,1790201013937,0,1790201171550.84,45.886,45.165,1790201171641.891,Normal,0.944
WIX,3984,20260924-000332_p4_c4_r3,5142,perf_20260924-000332_p4_c4_r3,1,1228,1790201013937,0,1790201171641.891,41.885,48.571,1790201171732.346,Normal,0.9048
WIX,3984,20260924-000332_p4_c4_r3,5143,perf_20260924-000332_p4_c4_r3,1,1229,1790201013937,0,1790201171732.346,59.058,47.307,1790201171838.712,Normal,0.9693
WIX,3984,20260924-000332_p4_c4_r3,5156,perf_20260924-000332_p4_c4_r3,1,1230,1790201013938,0,1790201171838.712,46.535,46.257,1790201171931.504,Normal,0.9164
WIX,3984,20260924-000332_p4_c4_r3,5158,perf_20260924-000332_p4_c4_r3,1,1231,1790201013938,0,1790201171931.504,50.094,44.736,1790201172026.843,Normal,0.9689
WIX,3984,20260924-000332_p4_c4_r3,5163,perf_20260924-000332_p4_c4_r3,1,1232,1790201013939,0,1790201172027.847,36.675,47.158,1790201172111.679,Normal,0.9401
WIX,3984,20260924-000332_p4_c4_r3,5165,perf_20260924-000332_p4_c4_r3,1,1233,1790201013939,0,1790201172111.679,37.701,44.01,1790201172193.391,Normal,0.8717
WIX,3984,20260924-000332_p4_c4_r3,5171,perf_20260924-000332_p4_c4_r3,1,1234,1790201013939,0,1790201172194.394,37.997,47.174,1790201172279.564,OFFENSIVE,0.7041
WIX,3984,20260924-000332_p4_c4_r3,5179,perf_20260924-000332_p4_c4_r3,1,1235,1790201013940,0,1790201172279.564,34.058,47.275,1790201172361.892,Normal,0.9373
WIX,3984,20260924-000332_p4_c4_r3,5181,perf_20260924-000332_p4_c4_r3,1,1236,1790201013940,0,1790201172362.401,85.066,43.241,1790201172491.7,Normal,0.9629
WIX,3984,20260924-000332_p4_c4_r3,5183,perf_20260924-000332_p4_c4_r3,1,1237,1790201013940,0,1790201172492.699,37.944,46.298,1790201172577.95,Normal,0.9123
WIX,3984,20260924-000332_p4_c4_r3,5188,perf_20260924-000332_p4_c4_r3,1,1238,1790201013940,0,1790201172578.956,39.878,48.684,1790201172668.513,Normal,0.943
WIX,3984,20260924-000332_p4_c4_r3,5194,perf_20260924-000332_p4_c4_r3,1,1239,1790201013941,0,1790201172669.516,173.217,44.542,1790201172888.272,Normal,0.9035
WIX,3984,20260924-000332_p4_c4_r3,5197,perf_20260924-000332_p4_c4_r3,1,1240,1790201013941,0,1790201172888.272,34.524,48.054,1790201172971.848,Normal,0.9653
WIX,3984,20260924-000332_p4_c4_r3,5201,perf_20260924-000332_p4_c4_r3,1,1241,1790201013941,0,1790201172971.848,41.015,51.23,1790201173064.637,Normal,0.8939
WIX,3984,20260924-000332_p4_c4_r3,5203,perf_20260924-000332_p4_c4_r3,1,1242,1790201013941,0,1790201173065.187,97.636,47.361,1790201173210.73,Normal,0.9814
WIX,3984,20260924-000332_p4_c4_r3,5204,perf_20260924-000332_p4_c4_r3,1,1243,1790201013941,0,1790201173211.28,53.561,45.021,1790201173309.861,Normal,0.9097
WIX,3984,20260924-000332_p4_c4_r3,5205,perf_20260924-000332_p4_c4_r3,1,1244,1790201013941,0,1790201173309.861,59.85,46.937,1790201173416.648,Normal,0.9726
WIX,3984,20260924-000332_p4_c4_r3,5207,perf_20260924-000332_p4_c4_r3,1,1245,1790201013942,0,1790201173418.158,61.023,44.453,1790201173523.635,Normal,0.9655
WIX,3984,20260924-000332_p4_c4_r3,5210,perf_20260924-000332_p4_c4_r3,1,1246,1790201013942,0,1790201173524.236,89.197,45.968,1790201173660.402,Normal,0.9577
WIX,3984,20260924-000332_p4_c4_r3,5215,perf_20260924-000332_p4_c4_r3,1,1247,1790201013942,0,1790201173661.401,48.549,46.283,1790201173756.233,Normal,0.933
WIX,3984,20260924-000332_p4_c4_r3,5220,perf_20260924-000332_p4_c4_r3,1,1248,1790201013942,0,1790201173757.228,63.954,46.514,1790201173868.689,Normal,0.9555
WIX,3984,20260924-000332_p4_c4_r3,5226,perf_20260924-000332_p4_c4_r3,1,1249,1790201013943,0,1790201173868.689,92.672,48.103,1790201174010.462,Normal,0.9531
WIX,3984,20260924-000332_p4_c4_r3,5231,perf_20260924-000332_p4_c4_r3,1,1250,1790201013944,0,1790201174011.978,73.059,45.022,1790201174130.059,Normal,0.9576
WIX,3984,20260924-000332_p4_c4_r3,5238,perf_20260924-000332_p4_c4_r3,1,1251,1790201013944,0,1790201174130.059,40.01,44.482,1790201174215.557,Normal,0.9424
WIX,3984,20260924-000332_p4_c4_r3,5241,perf_20260924-000332_p4_c4_r3,1,1252,1790201013944,0,1790201174215.557,51.265,48.06,1790201174314.882,Normal,0.9601
WIX,3984,20260924-000332_p4_c4_r3,5244,perf_20260924-000332_p4_c4_r3,1,1253,1790201013944,0,1790201174315.874,50.002,47.755,1790201174414.65,Normal,0.9017
WIX,3984,20260924-000332_p4_c4_r3,5248,perf_20260924-000332_p4_c4_r3,1,1254,1790201013945,0,1790201174414.65,44.958,46.936,1790201174506.544,Normal,0.9543
WIX,3984,20260924-000332_p4_c4_r3,5251,perf_20260924-000332_p4_c4_r3,1,1255,1790201013945,0,1790201174507.545,63.188,47.559,1790201174618.293,Normal,0.9585
WIX,3984,20260924-000332_p4_c4_r3,5253,perf_20260924-000332_p4_c4_r3,1,1256,1790201013945,0,1790201174619.296,126.678,49.797,1790201174796.773,Normal,0.977
WIX,3984,20260924-000332_p4_c4_r3,5258,perf_20260924-000332_p4_c4_r3,1,1257,1790201013945,0,1790201174797.783,50.789,44.539,1790201174894.105,Normal,0.9474
WIX,3984,20260924-000332_p4_c4_r3,5264,perf_20260924-000332_p4_c4_r3,1,1258,1790201013946,0,1790201174894.105,42.055,47.02,1790201174983.18,Normal,0.968
WIX,3984,20260924-000332_p4_c4_r3,5272,perf_20260924-000332_p4_c4_r3,1,1259,1790201013946,0,1790201174984.172,39.338,46.691,1790201175071.201,Normal,0.9173
WIX,3984,20260924-000332_p4_c4_r3,5281,perf_20260924-000332_p4_c4_r3,1,1260,1790201013947,0,1790201175072.203,50.951,52.037,1790201175176.183,Normal,0.9743
WIX,3984,20260924-000332_p4_c4_r3,5285,perf_20260924-000332_p4_c4_r3,1,1261,1790201013947,0,1790201175176.74,85.314,44.459,1790201175306.513,Normal,0.9741
WIX,3984,20260924-000332_p4_c4_r3,5289,perf_20260924-000332_p4_c4_r3,1,1262,1790201013947,0,1790201175306.513,60.908,45.782,1790201175414.22,Normal,0.98
WIX,3984,20260924-000332_p4_c4_r3,5293,perf_20260924-000332_p4_c4_r3,1,1263,1790201013947,0,1790201175414.22,53.959,45.845,1790201175515.672,Normal,0.9493
WIX,3984,20260924-000332_p4_c4_r3,5294,perf_20260924-000332_p4_c4_r3,1,1264,1790201013947,0,1790201175516.241,71.529,46.137,1790201175634.503,Normal,0.9367
WIX,3984,20260924-000332_p4_c4_r3,5296,perf_20260924-000332_p4_c4_r3,1,1265,1790201013948,0,1790201175634.503,132.784,44.859,1790201175813.152,Normal,0.9675
WIX,3984,20260924-000332_p4_c4_r3,5299,perf_20260924-000332_p4_c4_r3,1,1266,1790201013948,0,1790201175813.152,74.198,48.707,1790201175937.077,Normal,0.9642
WIX,3984,20260924-000332_p4_c4_r3,5301,perf_20260924-000332_p4_c4_r3,1,1267,1790201013948,0,1790201175937.077,82.925,49.718,1790201176069.719,Normal,0.9525
WIX,3984,20260924-000332_p4_c4_r3,5307,perf_20260924-000332_p4_c4_r3,1,1268,1790201013948,0,1790201176070.715,72.737,56.546,1790201176199.997,Normal,0.7669
WIX,3984,20260924-000332_p4_c4_r3,5308,perf_20260924-000332_p4_c4_r3,1,1269,1790201013948,0,1790201176200.99,57.938,48.147,1790201176308.067,Normal,0.8385
WIX,3984,20260924-000332_p4_c4_r3,5313,perf_20260924-000332_p4_c4_r3,1,1270,1790201013949,0,1790201176308.067,63.319,48.322,1790201176421.219,Normal,0.9613
WIX,3984,20260924-000332_p4_c4_r3,5315,perf_20260924-000332_p4_c4_r3,1,1271,1790201013949,0,1790201176422.218,73.756,49.885,1790201176546.854,Normal,0.9408
WIX,3984,20260924-000332_p4_c4_r3,5317,perf_20260924-000332_p4_c4_r3,1,1272,1790201013949,0,1790201176547.855,52.869,46.132,1790201176647.853,Normal,0.9573
WIX,3984,20260924-000332_p4_c4_r3,5319,perf_20260924-000332_p4_c4_r3,1,1273,1790201013949,0,1790201176647.853,63.641,51.206,1790201176764.214,Normal,0.9689
WIX,3984,20260924-000332_p4_c4_r3,5323,perf_20260924-000332_p4_c4_r3,1,1274,1790201013949,0,1790201176764.214,83.967,47.643,1790201176896.824,Normal,0.9685
WIX,3984,20260924-000332_p4_c4_r3,5325,perf_20260924-000332_p4_c4_r3,1,1275,1790201013949,0,1790201176898.333,75.988,53.306,1790201177028.623,Normal,0.9415
WIX,3984,20260924-000332_p4_c4_r3,5327,perf_20260924-000332_p4_c4_r3,1,1276,1790201013950,0,1790201177029.634,61.354,45.161,1790201177137.17,Normal,0.9519
WIX,3984,20260924-000332_p4_c4_r3,5332,perf_20260924-000332_p4_c4_r3,1,1277,1790201013950,0,1790201177138.179,70.696,49.786,1790201177259.664,Normal,0.9545
WIX,3984,20260924-000332_p4_c4_r3,5343,perf_20260924-000332_p4_c4_r3,1,1278,1790201013950,0,1790201177259.664,78.311,48.93,1790201177387.904,Normal,0.9341
WIX,3984,20260924-000332_p4_c4_r3,5348,perf_20260924-000332_p4_c4_r3,1,1279,1790201013951,0,1790201177388.452,106.062,48.005,1790201177543.089,Normal,0.8607
WIX,3984,20260924-000332_p4_c4_r3,5357,perf_20260924-000332_p4_c4_r3,1,1280,1790201013951,0,1790201177544.089,62.85,48.481,1790201177656.437,Normal,0.9409
WIX,3984,20260924-000332_p4_c4_r3,5367,perf_20260924-000332_p4_c4_r3,1,1281,1790201013952,0,1790201177657.455,66.799,49.145,1790201177774.419,Normal,0.9307
WIX,3984,20260924-000332_p4_c4_r3,5373,perf_20260924-000332_p4_c4_r3,1,1282,1790201013952,0,1790201177775.423,60.125,48.708,1790201177884.786,Normal,0.9748
WIX,3984,20260924-000332_p4_c4_r3,5375,perf_20260924-000332_p4_c4_r3,1,1283,1790201013952,0,1790201177885.783,46.542,45.768,1790201177979.093,Normal,0.9119
WIX,3984,20260924-000332_p4_c4_r3,5376,perf_20260924-000332_p4_c4_r3,1,1284,1790201013952,0,1790201177979.093,67.106,46.278,1790201178093.039,Normal,0.9687
WIX,3984,20260924-000332_p4_c4_r3,5379,perf_20260924-000332_p4_c4_r3,1,1285,1790201013953,0,1790201178094.074,58.456,50.965,1790201178204.03,Normal,0.9423
WIX,3984,20260924-000332_p4_c4_r3,5380,perf_20260924-000332_p4_c4_r3,1,1286,1790201013953,0,1790201178205.029,62.8,45.406,1790201178314.276,Normal,0.9429
WIX,3984,20260924-000332_p4_c4_r3,5389,perf_20260924-000332_p4_c4_r3,1,1287,1790201013953,0,1790201178314.276,71.033,43.184,1790201178430.036,Normal,0.8957
WIX,3984,20260924-000332_p4_c4_r3,5390,perf_20260924-000332_p4_c4_r3,1,1288,1790201013953,0,1790201178430.036,51.188,46.676,1790201178527.899,Normal,0.9423
WIX,3984,20260924-000332_p4_c4_r3,5393,perf_20260924-000332_p4_c4_r3,1,1289,1790201013954,0,1790201178527.899,39.77,46.302,1790201178613.972,Normal,0.9373
WIX,3984,20260924-000332_p4_c4_r3,5394,perf_20260924-000332_p4_c4_r3,1,1290,1790201013954,0,1790201178613.972,37.47,47.1,1790201178698.542,Normal,0.9309
WIX,3984,20260924-000332_p4_c4_r3,5396,perf_20260924-000332_p4_c4_r3,1,1291,1790201013954,0,1790201178698.542,37.017,45.18,1790201178780.74,Normal,0.8661
WIX,3984,20260924-000332_p4_c4_r3,5400,perf_20260924-000332_p4_c4_r3,1,1292,1790201013954,0,1790201178780.74,49.516,44.295,1790201178875.561,Normal,0.9618
WIX,3984,20260924-000332_p4_c4_r3,5406,perf_20260924-000332_p4_c4_r3,1,1293,1790201013955,0,1790201178875.561,53.089,46.519,1790201178976.168,Normal,0.9674
WIX,3984,20260924-000332_p4_c4_r3,5407,perf_20260924-000332_p4_c4_r3,1,1294,1790201013955,0,1790201178976.168,52.336,45.692,1790201179074.196,Normal,0.9369
WIX,3984,20260924-000332_p4_c4_r3,5415,perf_20260924-000332_p4_c4_r3,1,1295,1790201013956,0,1790201179075.192,51.049,45.316,1790201179172.58,Normal,0.8411
WIX,3984,20260924-000332_p4_c4_r3,5416,perf_20260924-000332_p4_c4_r3,1,1296,1790201013956,0,1790201179172.58,54.674,46.01,1790201179274.259,Normal,0.8477
WIX,3984,20260924-000332_p4_c4_r3,5421,perf_20260924-000332_p4_c4_r3,1,1297,1790201013956,0,1790201179275.25,67.272,44.772,1790201179388.302,Normal,0.9467
WIX,3984,20260924-000332_p4_c4_r3,5422,perf_20260924-000332_p4_c4_r3,1,1298,1790201013956,0,1790201179389.286,43.206,45.343,1790201179478.838,Normal,0.9455
WIX,3984,20260924-000332_p4_c4_r3,5429,perf_20260924-000332_p4_c4_r3,1,1299,1790201013957,0,1790201179478.838,25.318,47.749,1790201179552.953,Normal,0.8661
WIX,3984,20260924-000332_p4_c4_r3,5434,perf_20260924-000332_p4_c4_r3,1,1300,1790201013957,0,1790201179553.955,45.146,44.598,1790201179643.698,Normal,0.9651
WIX,3984,20260924-000332_p4_c4_r3,5438,perf_20260924-000332_p4_c4_r3,1,1301,1790201013958,0,1790201179643.698,50.085,45.013,1790201179739.789,Normal,0.9584
WIX,3984,20260924-000332_p4_c4_r3,5439,perf_20260924-000332_p4_c4_r3,1,1302,1790201013958,0,1790201179739.789,35.935,49.253,1790201179824.978,Normal,0.9703
WIX,3984,20260924-000332_p4_c4_r3,5442,perf_20260924-000332_p4_c4_r3,1,1303,1790201013958,0,1790201179824.978,65.577,61.877,1790201179952.431,Normal,0.9725
WIX,3984,20260924-000332_p4_c4_r3,5445,perf_20260924-000332_p4_c4_r3,1,1304,1790201013958,0,1790201179953.428,95.73,47.777,1790201180098.453,Normal,0.9299
WIX,3984,20260924-000332_p4_c4_r3,5451,perf_20260924-000332_p4_c4_r3,1,1305,1790201013959,0,1790201180099.454,50.543,45.242,1790201180196.254,Normal,0.9339
WIX,3984,20260924-000332_p4_c4_r3,5452,perf_20260924-000332_p4_c4_r3,1,1306,1790201013959,0,1790201180196.254,49.234,45.789,1790201180291.277,Normal,0.7762
WIX,3984,20260924-000332_p4_c4_r3,5454,perf_20260924-000332_p4_c4_r3,1,1307,1790201013959,0,1790201180291.277,43.161,46.299,1790201180380.737,Normal,0.9423
WIX,3984,20260924-000332_p4_c4_r3,5455,perf_20260924-000332_p4_c4_r3,1,1308,1790201013959,0,1790201180380.737,44.658,45.894,1790201180472.282,OFFENSIVE,0.4702
WIX,3984,20260924-000332_p4_c4_r3,5460,perf_20260924-000332_p4_c4_r3,1,1309,1790201013959,0,1790201180472.282,41.28,46.974,1790201180561.143,Normal,0.9194
WIX,3984,20260924-000332_p4_c4_r3,5473,perf_20260924-000332_p4_c4_r3,1,1310,1790201013960,0,1790201180561.143,27.715,52.167,1790201180642.006,Normal,0.9525
WIX,3984,20260924-000332_p4_c4_r3,5478,perf_20260924-000332_p4_c4_r3,1,1311,1790201013961,0,1790201180643.005,48.956,50.195,1790201180743.148,Normal,0.9395
WIX,3984,20260924-000332_p4_c4_r3,5479,perf_20260924-000332_p4_c4_r3,1,1312,1790201013961,0,1790201180743.148,54.063,47.305,1790201180844.516,Normal,0.9434
WIX,3984,20260924-000332_p4_c4_r3,5481,perf_20260924-000332_p4_c4_r3,1,1313,1790201013961,0,1790201180846.071,40.895,46.093,1790201180934.06,Normal,0.951
WIX,3984,20260924-000332_p4_c4_r3,5486,perf_20260924-000332_p4_c4_r3,1,1314,1790201013961,0,1790201180935.099,47.53,47.14,1790201181029.769,Normal,0.9494
WIX,3984,20260924-000332_p4_c4_r3,5492,perf_20260924-000332_p4_c4_r3,1,1315,1790201013961,0,1790201181030.779,36.965,49.478,1790201181118.21,Normal,0.9116
WIX,3984,20260924-000332_p4_c4_r3,5498,perf_20260924-000332_p4_c4_r3,1,1316,1790201013962,0,1790201181118.21,70.342,47.862,1790201181237.412,Normal,0.9532
WIX,3984,20260924-000332_p4_c4_r3,5501,perf_20260924-000332_p4_c4_r3,1,1317,1790201013962,0,1790201181238.414,51.281,45.167,1790201181334.862,Normal,0.9708
WIX,3984,20260924-000332_p4_c4_r3,5505,perf_20260924-000332_p4_c4_r3,1,1318,1790201013962,0,1790201181335.829,49.234,45.615,1790201181431.669,Normal,0.9473
WIX,3984,20260924-000332_p4_c4_r3,5506,perf_20260924-000332_p4_c4_r3,1,1319,1790201013962,0,1790201181431.669,57.486,46.214,1790201181535.37,Normal,0.9724
WIX,3984,20260924-000332_p4_c4_r3,5507,perf_20260924-000332_p4_c4_r3,1,1320,1790201013962,0,1790201181535.37,50.78,45.23,1790201181631.38,Normal,0.9268
WIX,3984,20260924-000332_p4_c4_r3,5510,perf_20260924-000332_p4_c4_r3,1,1321,1790201013962,0,1790201181632.377,43.416,45.798,1790201181722.588,Normal,0.9375
WIX,3984,20260924-000332_p4_c4_r3,5514,perf_20260924-000332_p4_c4_r3,1,1322,1790201013963,0,1790201181722.588,31.534,48.277,1790201181802.399,Normal,0.9427
WIX,3984,20260924-000332_p4_c4_r3,5516,perf_20260924-000332_p4_c4_r3,1,1323,1790201013963,0,1790201181802.399,40.223,49.13,1790201181891.752,Normal,0.925
WIX,3984,20260924-000332_p4_c4_r3,5521,perf_20260924-000332_p4_c4_r3,1,1324,1790201013963,0,1790201181892.757,68.868,47.945,1790201182010.568,Normal,0.9501
WIX,3984,20260924-000332_p4_c4_r3,5523,perf_20260924-000332_p4_c4_r3,1,1325,1790201013963,0,1790201182011.123,92.889,44.569,1790201182149.118,Normal,0.9665
WIX,3984,20260924-000332_p4_c4_r3,5533,perf_20260924-000332_p4_c4_r3,1,1326,1790201013964,0,1790201182150.121,66.438,45.733,1790201182262.292,Normal,0.9451
WIX,3984,20260924-000332_p4_c4_r3,5535,perf_20260924-000332_p4_c4_r3,1,1327,1790201013964,0,1790201182262.292,65.651,43.646,1790201182372.595,Normal,0.975
WIX,3984,20260924-000332_p4_c4_r3,5537,perf_20260924-000332_p4_c4_r3,1,1328,1790201013964,0,1790201182374.109,85.227,45.342,1790201182506.2,Normal,0.9375
WIX,3984,20260924-000332_p4_c4_r3,5538,perf_20260924-000332_p4_c4_r3,1,1329,1790201013964,0,1790201182506.2,195.733,45.539,1790201182747.472,Normal,0.9603
WIX,3984,20260924-000332_p4_c4_r3,5539,perf_20260924-000332_p4_c4_r3,1,1330,1790201013964,0,1790201182747.472,62.323,47.093,1790201182857.872,Normal,0.8858
WIX,3984,20260924-000332_p4_c4_r3,5541,perf_20260924-000332_p4_c4_r3,1,1331,1790201013964,0,1790201182858.868,64.461,46.02,1790201182969.349,Normal,0.9343
WIX,3984,20260924-000332_p4_c4_r3,5545,perf_20260924-000332_p4_c4_r3,1,1332,1790201013965,0,1790201182969.944,58.936,45.282,1790201183075.231,Normal,0.9664
WIX,3984,20260924-000332_p4_c4_r3,5547,perf_20260924-000332_p4_c4_r3,1,1333,1790201013965,0,1790201183076.231,34.591,46.064,1790201183157.888,Normal,0.9375
WIX,3984,20260924-000332_p4_c4_r3,5549,perf_20260924-000332_p4_c4_r3,1,1334,1790201013965,0,1790201183157.888,45.298,47.321,1790201183251.49,Normal,0.7691
WIX,3984,20260924-000332_p4_c4_r3,5552,perf_20260924-000332_p4_c4_r3,1,1335,1790201013965,0,1790201183252.542,48.591,43.96,1790201183346.13,Normal,0.9509
WIX,3984,20260924-000332_p4_c4_r3,5557,perf_20260924-000332_p4_c4_r3,1,1336,1790201013965,0,1790201183347.127,32.072,46.42,1790201183425.619,Normal,0.9633
WIX,3984,20260924-000332_p4_c4_r3,5563,perf_20260924-000332_p4_c4_r3,1,1337,1790201013965,0,1790201183426.619,59.545,46.675,1790201183532.839,Normal,0.9299
WIX,3984,20260924-000332_p4_c4_r3,5566,perf_20260924-000332_p4_c4_r3,1,1338,1790201013965,0,1790201183532.839,51.136,46.699,1790201183630.674,Normal,0.9669
WIX,3984,20260924-000332_p4_c4_r3,5568,perf_20260924-000332_p4_c4_r3,1,1339,1790201013966,0,1790201183631.677,62.555,46.552,1790201183741.294,Normal,0.9375
WIX,3984,20260924-000332_p4_c4_r3,5570,perf_20260924-000332_p4_c4_r3,1,1340,1790201013966,0,1790201183742.303,33.147,45.673,1790201183822.123,Normal,0.9547
WIX,3984,20260924-000332_p4_c4_r3,5579,perf_20260924-000332_p4_c4_r3,1,1341,1790201013966,0,1790201183823.12,57.104,45.751,1790201183926.982,Normal,0.9712
WIX,3984,20260924-000332_p4_c4_r3,5593,perf_20260924-000332_p4_c4_r3,1,1342,1790201013967,0,1790201183926.982,48.726,49.393,1790201184026.102,Normal,0.9407
WIX,3984,20260924-000332_p4_c4_r3,5605,perf_20260924-000332_p4_c4_r3,1,1343,1790201013968,0,1790201184026.102,53.958,47.097,1790201184128.145,Normal,0.4452
WIX,3984,20260924-000332_p4_c4_r3,5607,perf_20260924-000332_p4_c4_r3,1,1344,1790201013968,0,1790201184128.145,69.547,45.83,1790201184243.522,Normal,0.8995
WIX,3984,20260924-000332_p4_c4_r3,5609,perf_20260924-000332_p4_c4_r3,1,1345,1790201013968,0,1790201184243.522,46.886,45.613,1790201184336.021,Normal,0.9726
WIX,3984,20260924-000332_p4_c4_r3,5613,perf_20260924-000332_p4_c4_r3,1,1346,1790201013968,0,1790201184336.021,58.318,44.254,1790201184438.593,Normal,0.5238
WIX,3984,20260924-000332_p4_c4_r3,5614,perf_20260924-000332_p4_c4_r3,1,1347,1790201013968,0,1790201184439.596,83.762,44.389,1790201184568.741,Normal,0.8861
WIX,3984,20260924-000332_p4_c4_r3,5619,perf_20260924-000332_p4_c4_r3,1,1348,1790201013969,0,1790201184569.739,56.664,45.206,1790201184671.609,Normal,0.9317
WIX,3984,20260924-000332_p4_c4_r3,5622,perf_20260924-000332_p4_c4_r3,1,1349,1790201013969,0,1790201184672.6,82.681,48.931,1790201184805.225,Normal,0.5968
WIX,3984,20260924-000332_p4_c4_r3,5625,perf_20260924-000332_p4_c4_r3,1,1350,1790201013969,0,1790201184805.225,49.253,45.17,1790201184901.164,Normal,0.9536
WIX,3984,20260924-000332_p4_c4_r3,5626,perf_20260924-000332_p4_c4_r3,1,1351,1790201013969,0,1790201184902.186,47.724,47.268,1790201184998.168,Normal,0.9461
WIX,3984,20260924-000332_p4_c4_r3,5632,perf_20260924-000332_p4_c4_r3,1,1352,1790201013970,0,1790201184998.674,68.231,43.518,1790201185111.418,Normal,0.9652
WIX,3984,20260924-000332_p4_c4_r3,5637,perf_20260924-000332_p4_c4_r3,1,1353,1790201013970,0,1790201185111.418,46.013,50.276,1790201185207.708,Normal,0.956
WIX,3984,20260924-000332_p4_c4_r3,5639,perf_20260924-000332_p4_c4_r3,1,1354,1790201013970,0,1790201185207.708,38.02,48.641,1790201185295.367,Normal,0.8061
WIX,3984,20260924-000332_p4_c4_r3,5644,perf_20260924-000332_p4_c4_r3,1,1355,1790201013972,0,1790201185296.369,37.155,45.433,1790201185379.968,Normal,0.9697
WIX,3984,20260924-000332_p4_c4_r3,5654,perf_20260924-000332_p4_c4_r3,1,1356,1790201013973,0,1790201185380.996,57.77,43.878,1790201185483.652,Normal,0.9629
WIX,3984,20260924-000332_p4_c4_r3,5655,perf_20260924-000332_p4_c4_r3,1,1357,1790201013973,0,1790201185483.652,35.774,45.382,1790201185565.81,Normal,0.8185
WIX,3984,20260924-000332_p4_c4_r3,5658,perf_20260924-000332_p4_c4_r3,1,1358,1790201013973,0,1790201185565.81,34.81,47.782,1790201185648.402,Normal,0.9495
WIX,3984,20260924-000332_p4_c4_r3,5660,perf_20260924-000332_p4_c4_r3,1,1359,1790201013973,0,1790201185648.402,34.43,46.896,1790201185730.712,Normal,0.9126
WIX,3984,20260924-000332_p4_c4_r3,5664,perf_20260924-000332_p4_c4_r3,1,1360,1790201013974,0,1790201185730.712,42.565,49.636,1790201185823.905,Normal,0.9525
WIX,3984,20260924-000332_p4_c4_r3,5666,perf_20260924-000332_p4_c4_r3,1,1361,1790201013974,0,1790201185823.905,58.215,45.864,1790201185927.984,Normal,0.8651
WIX,3984,20260924-000332_p4_c4_r3,5673,perf_20260924-000332_p4_c4_r3,1,1362,1790201013974,0,1790201185928.986,55.727,47.296,1790201186033.008,Normal,0.7664
WIX,3984,20260924-000332_p4_c4_r3,5676,perf_20260924-000332_p4_c4_r3,1,1363,1790201013975,0,1790201186033.008,43.923,46.843,1790201186124.74,Normal,0.9276
WIX,3984,20260924-000332_p4_c4_r3,5679,perf_20260924-000332_p4_c4_r3,1,1364,1790201013975,0,1790201186124.74,59.839,45.02,1790201186230.596,Normal,0.9542
WIX,3984,20260924-000332_p4_c4_r3,5696,perf_20260924-000332_p4_c4_r3,1,1365,1790201013975,0,1790201186231.594,63.131,48.474,1790201186343.199,Normal,0.9079
WIX,3984,20260924-000332_p4_c4_r3,5698,perf_20260924-000332_p4_c4_r3,1,1366,1790201013975,0,1790201186343.199,69.316,47.791,1790201186460.306,Normal,0.939
WIX,3984,20260924-000332_p4_c4_r3,5699,perf_20260924-000332_p4_c4_r3,1,1367,1790201013975,0,1790201186461.309,57.076,45.58,1790201186563.965,Normal,0.9475
WIX,3984,20260924-000332_p4_c4_r3,5700,perf_20260924-000332_p4_c4_r3,1,1368,1790201013975,0,1790201186563.965,109.271,43.677,1790201186717.495,Normal,0.9222
WIX,3984,20260924-000332_p4_c4_r3,5701,perf_20260924-000332_p4_c4_r3,1,1369,1790201013976,0,1790201186717.495,70.244,44.835,1790201186833.574,Normal,0.9556
WIX,3984,20260924-000332_p4_c4_r3,5702,perf_20260924-000332_p4_c4_r3,1,1370,1790201013976,0,1790201186833.574,92.523,47.589,1790201186973.686,Normal,0.9681
WIX,3984,20260924-000332_p4_c4_r3,5706,perf_20260924-000332_p4_c4_r3,1,1371,1790201013976,0,1790201186973.686,61.353,48.868,1790201187083.907,Normal,0.741
WIX,3984,20260924-000332_p4_c4_r3,5709,perf_20260924-000332_p4_c4_r3,1,1372,1790201013976,0,1790201187084.908,66.722,45.158,1790201187197.785,Normal,0.8842
WIX,3984,20260924-000332_p4_c4_r3,5712,perf_20260924-000332_p4_c4_r3,1,1373,1790201013976,0,1790201187198.78,59.595,46.763,1790201187306.133,Normal,0.601
WIX,3984,20260924-000332_p4_c4_r3,5723,perf_20260924-000332_p4_c4_r3,1,1374,1790201013977,0,1790201187306.133,104.096,49.146,1790201187460.299,Normal,0.9553
WIX,3984,20260924-000332_p4_c4_r3,5729,perf_20260924-000332_p4_c4_r3,1,1375,1790201013977,0,1790201187460.836,95.863,50.69,1790201187608.391,Normal,0.9675
WIX,3984,20260924-000332_p4_c4_r3,5731,perf_20260924-000332_p4_c4_r3,1,1376,1790201013977,0,1790201187608.954,85.503,48.874,1790201187744.842,Normal,0.9652
WIX,3984,20260924-000332_p4_c4_r3,5736,perf_20260924-000332_p4_c4_r3,1,1377,1790201013978,0,1790201187746.016,115.546,55.176,1790201187917.755,Normal,0.9778
WIX,3984,20260924-000332_p4_c4_r3,5747,perf_20260924-000332_p4_c4_r3,1,1378,1790201013978,0,1790201187918.759,89.877,55.237,1790201188064.871,Normal,0.9529
WIX,3984,20260924-000332_p4_c4_r3,5750,perf_20260924-000332_p4_c4_r3,1,1379,1790201013978,0,1790201188065.873,87.829,47.672,1790201188201.374,Normal,0.9716
WIX,3984,20260924-000332_p4_c4_r3,5752,perf_20260924-000332_p4_c4_r3,1,1380,1790201013979,0,1790201188201.374,139.896,48.337,1790201188390.592,Normal,0.9677
WIX,3984,20260924-000332_p4_c4_r3,5755,perf_20260924-000332_p4_c4_r3,1,1381,1790201013979,0,1790201188391.593,85.361,44.169,1790201188523.116,Normal,0.9551
WIX,3984,20260924-000332_p4_c4_r3,5757,perf_20260924-000332_p4_c4_r3,1,1382,1790201013979,0,1790201188523.116,82.933,48.046,1790201188656.102,Normal,0.9592
WIX,3984,20260924-000332_p4_c4_r3,5759,perf_20260924-000332_p4_c4_r3,1,1383,1790201013979,0,1790201188656.619,86.125,49.41,1790201188793.147,OFFENSIVE,0.8638
WIX,3984,20260924-000332_p4_c4_r3,5762,perf_20260924-000332_p4_c4_r3,1,1384,1790201013979,0,1790201188794.149,80.133,48.432,1790201188923.726,Normal,0.9447
WIX,3984,20260924-000332_p4_c4_r3,5770,perf_20260924-000332_p4_c4_r3,1,1385,1790201013980,0,1790201188924.976,83.38,63.806,1790201189073.158,Normal,0.9618
WIX,3984,20260924-000332_p4_c4_r3,5773,perf_20260924-000332_p4_c4_r3,1,1386,1790201013980,0,1790201189073.786,87.339,56.504,1790201189217.629,Normal,0.5619
WIX,3984,20260924-000332_p4_c4_r3,5777,perf_20260924-000332_p4_c4_r3,1,1387,1790201013980,0,1790201189218.648,114.307,44.747,1790201189378.704,Normal,0.6131
WIX,3984,20260924-000332_p4_c4_r3,5791,perf_20260924-000332_p4_c4_r3,1,1388,1790201013981,0,1790201189379.727,83.251,46.223,1790201189510.718,Normal,0.8987
WIX,3984,20260924-000332_p4_c4_r3,5794,perf_20260924-000332_p4_c4_r3,1,1389,1790201013981,0,1790201189511.728,90.998,44.998,1790201189648.723,Normal,0.9666
WIX,3984,20260924-000332_p4_c4_r3,5796,perf_20260924-000332_p4_c4_r3,1,1390,1790201013981,0,1790201189648.723,77.118,52.158,1790201189777.999,HATE,0.4241
WIX,3984,20260924-000332_p4_c4_r3,5797,perf_20260924-000332_p4_c4_r3,1,1391,1790201013982,0,1790201189777.999,143.144,49.818,1790201189970.96,Normal,0.9554
WIX,3984,20260924-000332_p4_c4_r3,5799,perf_20260924-000332_p4_c4_r3,1,1392,1790201013982,0,1790201189971.952,62.759,45.797,1790201190080.508,Normal,0.9517
WIX,3984,20260924-000332_p4_c4_r3,5800,perf_20260924-000332_p4_c4_r3,1,1393,1790201013982,0,1790201190080.508,66.958,45.099,1790201190192.566,Normal,0.9659
WIX,3984,20260924-000332_p4_c4_r3,5807,perf_20260924-000332_p4_c4_r3,1,1394,1790201013982,0,1790201190193.565,63.129,44.158,1790201190301.839,Normal,0.8017
WIX,3984,20260924-000332_p4_c4_r3,5810,perf_20260924-000332_p4_c4_r3,1,1395,1790201013982,0,1790201190302.234,62.189,46.498,1790201190411.919,Normal,0.9728
WIX,3984,20260924-000332_p4_c4_r3,5822,perf_20260924-000332_p4_c4_r3,1,1396,1790201013999,0,1790201190412.917,61.513,44.698,1790201190519.129,Normal,0.9551
WIX,3984,20260924-000332_p4_c4_r3,5826,perf_20260924-000332_p4_c4_r3,1,1397,1790201013999,0,1790201190519.129,102.311,45.845,1790201190667.284,Normal,0.8017
WIX,3984,20260924-000332_p4_c4_r3,5830,perf_20260924-000332_p4_c4_r3,1,1398,1790201013999,0,1790201190668.299,58.343,48.541,1790201190775.183,Normal,0.938
WIX,3984,20260924-000332_p4_c4_r3,5834,perf_20260924-000332_p4_c4_r3,1,1399,1790201013999,0,1790201190775.183,57.63,47.892,1790201190881.7,Normal,0.9702
WIX,3984,20260924-000332_p4_c4_r3,5847,perf_20260924-000332_p4_c4_r3,1,1400,1790201014000,0,1790201190881.7,64.602,46.206,1790201190992.509,Normal,0.9555
WIX,3984,20260924-000332_p4_c4_r3,5848,perf_20260924-000332_p4_c4_r3,1,1401,1790201014000,0,1790201190993.513,63.328,47.842,1790201191104.682,Normal,0.9004
WIX,3984,20260924-000332_p4_c4_r3,5855,perf_20260924-000332_p4_c4_r3,1,1402,1790201014001,0,1790201191104.682,83.74,48.12,1790201191237.612,Normal,0.9491
WIX,3984,20260924-000332_p4_c4_r3,5856,perf_20260924-000332_p4_c4_r3,1,1403,1790201014001,0,1790201191238.144,86.109,49.027,1790201191373.279,Normal,0.919
WIX,3984,20260924-000332_p4_c4_r3,5864,perf_20260924-000332_p4_c4_r3,1,1404,1790201014001,0,1790201191373.279,60.902,45.488,1790201191480.188,Normal,0.9538
WIX,3984,20260924-000332_p4_c4_r3,5867,perf_20260924-000332_p4_c4_r3,1,1405,1790201014002,0,1790201191481.193,59.658,50.13,1790201191590.981,Normal,0.9526
WIX,3984,20260924-000332_p4_c4_r3,5875,perf_20260924-000332_p4_c4_r3,1,1406,1790201014003,0,1790201191590.981,54.719,46.635,1790201191693.338,Normal,0.9584
WIX,3984,20260924-000332_p4_c4_r3,5877,perf_20260924-000332_p4_c4_r3,1,1407,1790201014003,0,1790201191693.338,90.573,44.522,1790201191829.945,Normal,0.8593
WIX,3984,20260924-000332_p4_c4_r3,5884,perf_20260924-000332_p4_c4_r3,1,1408,1790201014003,0,1790201191830.949,51.117,46.586,1790201191929.649,Normal,0.958
WIX,3984,20260924-000332_p4_c4_r3,5891,perf_20260924-000332_p4_c4_r3,1,1409,1790201014004,0,1790201191930.651,46.238,44.355,1790201192022.246,Normal,0.9663
WIX,3984,20260924-000332_p4_c4_r3,5892,perf_20260924-000332_p4_c4_r3,1,1410,1790201014004,0,1790201192023.242,49.566,45.658,1790201192119.489,Normal,0.9614
WIX,3984,20260924-000332_p4_c4_r3,5893,perf_20260924-000332_p4_c4_r3,1,1411,1790201014004,0,1790201192119.489,77.863,44.665,1790201192243.016,Normal,0.9595
WIX,3984,20260924-000332_p4_c4_r3,5902,perf_20260924-000332_p4_c4_r3,1,1412,1790201014005,0,1790201192243.016,74.938,43.446,1790201192361.4,Normal,0.9508
WIX,3984,20260924-000332_p4_c4_r3,5903,perf_20260924-000332_p4_c4_r3,1,1413,1790201014005,0,1790201192361.4,51.938,44.074,1790201192458.419,Normal,0.969
WIX,3984,20260924-000332_p4_c4_r3,5912,perf_20260924-000332_p4_c4_r3,1,1414,1790201014005,0,1790201192458.419,64.058,46.164,1790201192569.64,Normal,0.8389
WIX,3984,20260924-000332_p4_c4_r3,5916,perf_20260924-000332_p4_c4_r3,1,1415,1790201014006,0,1790201192570.659,65.1,45.945,1790201192682.705,Normal,0.9698
WIX,3984,20260924-000332_p4_c4_r3,5917,perf_20260924-000332_p4_c4_r3,1,1416,1790201014006,0,1790201192682.705,60.832,45.164,1790201192789.708,Normal,0.9649
WIX,3984,20260924-000332_p4_c4_r3,5919,perf_20260924-000332_p4_c4_r3,1,1417,1790201014006,0,1790201192790.716,54.736,44.085,1790201192889.537,Normal,0.965
WIX,3984,20260924-000332_p4_c4_r3,5920,perf_20260924-000332_p4_c4_r3,1,1418,1790201014006,0,1790201192890.522,37.031,45.484,1790201192973.038,Normal,0.9714
WIX,3984,20260924-000332_p4_c4_r3,5924,perf_20260924-000332_p4_c4_r3,1,1419,1790201014006,0,1790201192974.042,33.291,49.071,1790201193056.404,Normal,0.9609
WIX,3984,20260924-000332_p4_c4_r3,5928,perf_20260924-000332_p4_c4_r3,1,1420,1790201014006,0,1790201193056.404,57.835,44.322,1790201193160.402,Normal,0.9606
WIX,3984,20260924-000332_p4_c4_r3,5943,perf_20260924-000332_p4_c4_r3,1,1421,1790201014007,0,1790201193160.402,41.787,45.528,1790201193248.716,Normal,0.9171
WIX,3984,20260924-000332_p4_c4_r3,5945,perf_20260924-000332_p4_c4_r3,1,1422,1790201014007,0,1790201193248.716,35.949,48.387,1790201193333.052,Normal,0.9606
WIX,3984,20260924-000332_p4_c4_r3,5946,perf_20260924-000332_p4_c4_r3,1,1423,1790201014007,0,1790201193334.055,43.186,48.165,1790201193425.406,Normal,0.9106
WIX,3984,20260924-000332_p4_c4_r3,5949,perf_20260924-000332_p4_c4_r3,1,1424,1790201014008,0,1790201193426.426,43.38,47.172,1790201193516.978,Normal,0.9388
WIX,3984,20260924-000332_p4_c4_r3,5954,perf_20260924-000332_p4_c4_r3,1,1425,1790201014008,0,1790201193516.978,97.991,49.427,1790201193665.402,Normal,0.656
WIX,3984,20260924-000332_p4_c4_r3,5960,perf_20260924-000332_p4_c4_r3,1,1426,1790201014008,0,1790201193666.47,52.709,49.965,1790201193769.737,Normal,0.9747
WIX,3984,20260924-000332_p4_c4_r3,5964,perf_20260924-000332_p4_c4_r3,1,1427,1790201014008,0,1790201193770.735,58.114,45.702,1790201193874.551,Normal,0.8958
WIX,3984,20260924-000332_p4_c4_r3,5968,perf_20260924-000332_p4_c4_r3,1,1428,1790201014009,0,1790201193875.552,41.671,43.981,1790201193961.205,Normal,0.9497
WIX,3984,20260924-000332_p4_c4_r3,5976,perf_20260924-000332_p4_c4_r3,1,1429,1790201014009,0,1790201193962.21,47.885,48.513,1790201194059.632,Normal,0.6268
WIX,3984,20260924-000332_p4_c4_r3,5977,perf_20260924-000332_p4_c4_r3,1,1430,1790201014009,0,1790201194061.181,72.627,44.719,1790201194179.118,Normal,0.4976
WIX,3984,20260924-000332_p4_c4_r3,5980,perf_20260924-000332_p4_c4_r3,1,1431,1790201014009,0,1790201194179.662,47.76,46.599,1790201194275.022,OFFENSIVE,0.7491
WIX,3984,20260924-000332_p4_c4_r3,5981,perf_20260924-000332_p4_c4_r3,1,1432,1790201014009,0,1790201194275.562,42.965,48.773,1790201194368.299,Normal,0.5863
WIX,3984,20260924-000332_p4_c4_r3,5987,perf_20260924-000332_p4_c4_r3,1,1433,1790201014010,0,1790201194369.306,65.464,48.695,1790201194483.465,Normal,0.6912
WIX,3984,20260924-000332_p4_c4_r3,5992,perf_20260924-000332_p4_c4_r3,1,1434,1790201014010,0,1790201194483.465,54.15,50.283,1790201194588.384,Normal,0.8555
WIX,3984,20260924-000332_p4_c4_r3,5995,perf_20260924-000332_p4_c4_r3,1,1435,1790201014010,0,1790201194589.036,65.897,47.625,1790201194702.559,Normal,0.6054
WIX,3984,20260924-000332_p4_c4_r3,5997,perf_20260924-000332_p4_c4_r3,1,1436,1790201014010,0,1790201194703.069,51.683,49.187,1790201194804.937,Normal,0.8772
WIX,3984,20260924-000332_p4_c4_r3,5998,perf_20260924-000332_p4_c4_r3,1,1437,1790201014010,0,1790201194804.937,56.205,49.992,1790201194912.131,Normal,0.8617
WIX,3984,20260924-000332_p4_c4_r3,5999,perf_20260924-000332_p4_c4_r3,1,1438,1790201014011,0,1790201194912.131,120.348,46.034,1790201195078.513,Normal,0.9506
WIX,3984,20260924-000332_p4_c4_r3,6002,perf_20260924-000332_p4_c4_r3,1,1439,1790201014012,0,1790201195078.513,41.526,45.107,1790201195165.146,Normal,0.92
WIX,3984,20260924-000332_p4_c4_r3,6008,perf_20260924-000332_p4_c4_r3,1,1440,1790201014012,0,1790201195165.146,46.585,45.019,1790201195257.258,Normal,0.8235
WIX,3984,20260924-000332_p4_c4_r3,6009,perf_20260924-000332_p4_c4_r3,1,1441,1790201014012,0,1790201195257.258,39.13,48.504,1790201195344.892,Normal,0.981
WIX,3984,20260924-000332_p4_c4_r3,6016,perf_20260924-000332_p4_c4_r3,1,1442,1790201014012,0,1790201195344.892,42.318,46.118,1790201195433.328,Normal,0.5107
WIX,3984,20260924-000332_p4_c4_r3,6022,perf_20260924-000332_p4_c4_r3,1,1443,1790201014013,0,1790201195434.329,56.821,44.643,1790201195536.79,Normal,0.9513
WIX,3984,20260924-000332_p4_c4_r3,6026,perf_20260924-000332_p4_c4_r3,1,1444,1790201014013,0,1790201195537.79,71.402,44.129,1790201195654.312,Normal,0.3808
WIX,3984,20260924-000332_p4_c4_r3,6028,perf_20260924-000332_p4_c4_r3,1,1445,1790201014013,0,1790201195654.312,69.166,45.261,1790201195769.855,Normal,0.9418
WIX,3984,20260924-000332_p4_c4_r3,6030,perf_20260924-000332_p4_c4_r3,1,1446,1790201014013,0,1790201195770.417,67.092,43.869,1790201195882.337,Normal,0.8047
WIX,3984,20260924-000332_p4_c4_r3,6032,perf_20260924-000332_p4_c4_r3,1,1447,1790201014013,0,1790201195883.336,62.157,47.025,1790201195992.519,OFFENSIVE,0.4752
WIX,3984,20260924-000332_p4_c4_r3,6033,perf_20260924-000332_p4_c4_r3,1,1448,1790201014013,0,1790201195993.564,58.697,43.893,1790201196097.156,OFFENSIVE,0.5809
WIX,3984,20260924-000332_p4_c4_r3,6034,perf_20260924-000332_p4_c4_r3,1,1449,1790201014013,0,1790201196097.156,55.496,48.537,1790201196201.19,Normal,0.7023
WIX,3984,20260924-000332_p4_c4_r3,6036,perf_20260924-000332_p4_c4_r3,1,1450,1790201014013,0,1790201196201.19,55.605,49.907,1790201196306.702,Normal,0.7911
WIX,3984,20260924-000332_p4_c4_r3,6039,perf_20260924-000332_p4_c4_r3,1,1451,1790201014013,0,1790201196306.702,47.835,45.496,1790201196401.048,Normal,0.9828
WIX,3984,20260924-000332_p4_c4_r3,6047,perf_20260924-000332_p4_c4_r3,1,1452,1790201014015,0,1790201196401.048,55.284,48.07,1790201196504.402,Normal,0.9684
WIX,3984,20260924-000332_p4_c4_r3,6051,perf_20260924-000332_p4_c4_r3,1,1453,1790201014015,0,1790201196504.949,72.362,48.962,1790201196627.272,Normal,0.9584
WIX,3984,20260924-000332_p4_c4_r3,6053,perf_20260924-000332_p4_c4_r3,1,1454,1790201014015,0,1790201196627.272,43.085,45.785,1790201196717.135,Normal,0.9657
WIX,3984,20260924-000332_p4_c4_r3,6055,perf_20260924-000332_p4_c4_r3,1,1455,1790201014015,0,1790201196718.187,51.898,48.28,1790201196818.366,Normal,0.9559
WIX,3984,20260924-000332_p4_c4_r3,6058,perf_20260924-000332_p4_c4_r3,1,1456,1790201014015,0,1790201196818.366,55.65,46.949,1790201196921.947,Normal,0.9668
WIX,3984,20260924-000332_p4_c4_r3,6072,perf_20260924-000332_p4_c4_r3,1,1457,1790201014016,0,1790201196922.948,48.31,43.882,1790201197016.74,Normal,0.9773
WIX,3984,20260924-000332_p4_c4_r3,6075,perf_20260924-000332_p4_c4_r3,1,1458,1790201014016,0,1790201197016.74,41.064,47.341,1790201197106.138,Normal,0.9519
WIX,3984,20260924-000332_p4_c4_r3,6076,perf_20260924-000332_p4_c4_r3,1,1459,1790201014016,0,1790201197106.138,39.164,49.038,1790201197195.338,Normal,0.8164
WIX,3984,20260924-000332_p4_c4_r3,6077,perf_20260924-000332_p4_c4_r3,1,1460,1790201014016,0,1790201197196.336,44.208,47.037,1790201197287.581,Normal,0.9526
WIX,3984,20260924-000332_p4_c4_r3,6083,perf_20260924-000332_p4_c4_r3,1,1461,1790201014018,0,1790201197288.585,82.64,46.663,1790201197418.433,Normal,0.9124
WIX,3984,20260924-000332_p4_c4_r3,6090,perf_20260924-000332_p4_c4_r3,1,1462,1790201014018,0,1790201197419.007,85.049,44.53,1790201197548.586,Normal,0.9198
WIX,3984,20260924-000332_p4_c4_r3,6093,perf_20260924-000332_p4_c4_r3,1,1463,1790201014018,0,1790201197548.586,53.443,45.198,1790201197647.226,Normal,0.9173
WIX,3984,20260924-000332_p4_c4_r3,6114,perf_20260924-000332_p4_c4_r3,1,1464,1790201014020,0,1790201197647.766,69.719,43.299,1790201197761.797,Normal,0.7626
WIX,3984,20260924-000332_p4_c4_r3,6117,perf_20260924-000332_p4_c4_r3,1,1465,1790201014020,0,1790201197762.826,58.27,44.899,1790201197867.002,Normal,0.9539
WIX,3984,20260924-000332_p4_c4_r3,6136,perf_20260924-000332_p4_c4_r3,1,1466,1790201014021,0,1790201197868.001,49.927,43.864,1790201197962.303,Normal,0.7787
WIX,3984,20260924-000332_p4_c4_r3,6142,perf_20260924-000332_p4_c4_r3,1,1467,1790201014021,0,1790201197963.317,64.994,46.359,1790201198075.658,Normal,0.9589
WIX,3984,20260924-000332_p4_c4_r3,6147,perf_20260924-000332_p4_c4_r3,1,1468,1790201014021,0,1790201198075.658,56.683,47.059,1790201198180.399,Normal,0.9303
WIX,3984,20260924-000332_p4_c4_r3,6154,perf_20260924-000332_p4_c4_r3,1,1469,1790201014021,0,1790201198180.399,49.195,46.32,1790201198275.915,Normal,0.9643
WIX,3984,20260924-000332_p4_c4_r3,6160,perf_20260924-000332_p4_c4_r3,1,1470,1790201014023,0,1790201198275.915,49.671,46.987,1790201198372.573,Normal,0.9446
WIX,3984,20260924-000332_p4_c4_r3,6177,perf_20260924-000332_p4_c4_r3,1,1471,1790201014024,0,1790201198372.573,55.957,48.064,1790201198476.594,Normal,0.9533
WIX,3984,20260924-000332_p4_c4_r3,6186,perf_20260924-000332_p4_c4_r3,1,1472,1790201014024,0,1790201198476.594,46.393,46.65,1790201198570.654,Normal,0.9428
WIX,3984,20260924-000332_p4_c4_r3,6189,perf_20260924-000332_p4_c4_r3,1,1473,1790201014024,0,1790201198571.583,55.867,47.439,1790201198675.893,Normal,0.9721
WIX,3984,20260924-000332_p4_c4_r3,6190,perf_20260924-000332_p4_c4_r3,1,1474,1790201014024,0,1790201198675.893,56.824,44.287,1790201198778.002,Normal,0.9715
WIX,3984,20260924-000332_p4_c4_r3,6193,perf_20260924-000332_p4_c4_r3,1,1475,1790201014024,0,1790201198779.002,47.28,44.53,1790201198870.812,Normal,0.9381
WIX,3984,20260924-000332_p4_c4_r3,6194,perf_20260924-000332_p4_c4_r3,1,1476,1790201014024,0,1790201198870.812,47.445,50.602,1790201198970.862,Normal,0.7608
WIX,3984,20260924-000332_p4_c4_r3,6195,perf_20260924-000332_p4_c4_r3,1,1477,1790201014024,0,1790201198970.862,75.176,47.281,1790201199094.309,Normal,0.9738
WIX,3984,20260924-000332_p4_c4_r3,6200,perf_20260924-000332_p4_c4_r3,1,1478,1790201014024,0,1790201199095.526,55.069,45.979,1790201199197.579,Normal,0.9627
WIX,3984,20260924-000332_p4_c4_r3,6203,perf_20260924-000332_p4_c4_r3,1,1479,1790201014026,0,1790201199198.578,52.13,49.713,1790201199300.42,Normal,0.924
WIX,3984,20260924-000332_p4_c4_r3,6207,perf_20260924-000332_p4_c4_r3,1,1480,1790201014026,0,1790201199301.934,66.487,47.813,1790201199416.234,Normal,0.9165
WIX,3984,20260924-000332_p4_c4_r3,6210,perf_20260924-000332_p4_c4_r3,1,1481,1790201014026,0,1790201199417.259,61.953,47.964,1790201199528.188,Normal,0.9352
WIX,3984,20260924-000332_p4_c4_r3,6215,perf_20260924-000332_p4_c4_r3,1,1482,1790201014026,0,1790201199530.207,90.339,49.88,1790201199671.426,Normal,0.918
WIX,3984,20260924-000332_p4_c4_r3,6218,perf_20260924-000332_p4_c4_r3,1,1483,1790201014026,0,1790201199672.425,65.135,47.013,1790201199785.563,Normal,0.9224
WIX,3984,20260924-000332_p4_c4_r3,6221,perf_20260924-000332_p4_c4_r3,1,1484,1790201014027,0,1790201199786.562,103.559,53.532,1790201199944.649,Normal,0.5519
WIX,3984,20260924-000332_p4_c4_r3,6224,perf_20260924-000332_p4_c4_r3,1,1485,1790201014027,0,1790201199945.664,68.6,52.313,1790201200066.577,Normal,0.9382
WIX,3984,20260924-000332_p4_c4_r3,6227,perf_20260924-000332_p4_c4_r3,1,1486,1790201014027,0,1790201200066.577,89.001,51.223,1790201200206.801,Normal,0.9487
WIX,3984,20260924-000332_p4_c4_r3,6230,perf_20260924-000332_p4_c4_r3,1,1487,1790201014027,0,1790201200207.821,103.019,44.866,1790201200356.277,Normal,0.7311
WIX,3984,20260924-000332_p4_c4_r3,6231,perf_20260924-000332_p4_c4_r3,1,1488,1790201014027,0,1790201200356.795,63.705,44.449,1790201200465.94,Normal,0.9576
WIX,3984,20260924-000332_p4_c4_r3,6234,perf_20260924-000332_p4_c4_r3,1,1489,1790201014027,0,1790201200465.94,68.679,50.323,1790201200585.959,Normal,0.9119
WIX,3984,20260924-000332_p4_c4_r3,6243,perf_20260924-000332_p4_c4_r3,1,1490,1790201014028,0,1790201200586.956,88.905,50.464,1790201200726.326,Normal,0.9107
WIX,3984,20260924-000332_p4_c4_r3,6244,perf_20260924-000332_p4_c4_r3,1,1491,1790201014028,0,1790201200726.326,72.051,48.798,1790201200848.174,Normal,0.9536
WIX,3984,20260924-000332_p4_c4_r3,6248,perf_20260924-000332_p4_c4_r3,1,1492,1790201014028,0,1790201200849.179,77.834,48.702,1790201200976.72,Normal,0.9187
WIX,3984,20260924-000332_p4_c4_r3,6254,perf_20260924-000332_p4_c4_r3,1,1493,1790201014029,0,1790201200976.72,75.024,52.042,1790201201104.787,Normal,0.9127
WIX,3984,20260924-000332_p4_c4_r3,6256,perf_20260924-000332_p4_c4_r3,1,1494,1790201014029,0,1790201201105.301,62.456,58.296,1790201201227.072,OFFENSIVE,0.5584
WIX,3984,20260924-000332_p4_c4_r3,6258,perf_20260924-000332_p4_c4_r3,1,1495,1790201014029,0,1790201201227.072,41.612,51.829,1790201201320.514,Normal,0.6943
WIX,3984,20260924-000332_p4_c4_r3,6259,perf_20260924-000332_p4_c4_r3,1,1496,1790201014029,0,1790201201321.512,79.823,48.613,1790201201450.948,Normal,0.927
WIX,3984,20260924-000332_p4_c4_r3,6263,perf_20260924-000332_p4_c4_r3,1,1497,1790201014030,0,1790201201451.944,56.343,49.658,1790201201558.941,Normal,0.9538
WIX,3984,20260924-000332_p4_c4_r3,6267,perf_20260924-000332_p4_c4_r3,1,1498,1790201014030,0,1790201201559.963,54.183,48.705,1790201201662.852,Normal,0.9428
WIX,3984,20260924-000332_p4_c4_r3,6271,perf_20260924-000332_p4_c4_r3,1,1499,1790201014031,0,1790201201663.851,74.662,46.634,1790201201786.144,Normal,0.9754
WIX,3984,20260924-000332_p4_c4_r3,6277,perf_20260924-000332_p4_c4_r3,1,1500,1790201014032,0,1790201201849.675,64.879,74.185,1790201201988.738,Normal,0.8292
WIX,3984,20260924-000332_p4_c4_r3,6282,perf_20260924-000332_p4_c4_r3,1,1501,1790201014032,0,1790201201988.738,77.462,49.974,1790201202117.189,OFFENSIVE,0.4711
WIX,3984,20260924-000332_p4_c4_r3,6290,perf_20260924-000332_p4_c4_r3,1,1502,1790201014032,0,1790201202117.189,47.805,44.525,1790201202209.519,Normal,0.9401
WIX,3984,20260924-000332_p4_c4_r3,6301,perf_20260924-000332_p4_c4_r3,1,1503,1790201014033,0,1790201202210.51,55.143,46.774,1790201202313.428,Normal,0.9666
WIX,3984,20260924-000332_p4_c4_r3,6309,perf_20260924-000332_p4_c4_r3,1,1504,1790201014034,0,1790201202314.43,35.522,47.667,1790201202397.619,Normal,0.8893
WIX,3984,20260924-000332_p4_c4_r3,6314,perf_20260924-000332_p4_c4_r3,1,1505,1790201014034,0,1790201202398.631,33.013,46.046,1790201202478.42,Normal,0.9512
WIX,3984,20260924-000332_p4_c4_r3,6320,perf_20260924-000332_p4_c4_r3,1,1506,1790201014034,0,1790201202479.438,47.283,46.815,1790201202574.483,Normal,0.9375
WIX,3984,20260924-000332_p4_c4_r3,6347,perf_20260924-000332_p4_c4_r3,1,1507,1790201014036,0,1790201202575.487,59.35,47.52,1790201202683.356,Normal,0.9451
WIX,3984,20260924-000332_p4_c4_r3,6348,perf_20260924-000332_p4_c4_r3,1,1508,1790201014036,0,1790201202684.364,59.779,46.769,1790201202790.912,Normal,0.8432
WIX,3984,20260924-000332_p4_c4_r3,6350,perf_20260924-000332_p4_c4_r3,1,1509,1790201014036,0,1790201202790.912,73.406,44.774,1790201202910.225,Normal,0.9453
WIX,3984,20260924-000332_p4_c4_r3,6352,perf_20260924-000332_p4_c4_r3,1,1510,1790201014036,0,1790201202911.223,53.076,46.354,1790201203011.639,Normal,0.931
WIX,3984,20260924-000332_p4_c4_r3,6355,perf_20260924-000332_p4_c4_r3,1,1511,1790201014036,0,1790201203011.639,71.965,50.115,1790201203134.729,Normal,0.9485
WIX,3984,20260924-000332_p4_c4_r3,6356,perf_20260924-000332_p4_c4_r3,1,1512,1790201014036,0,1790201203134.729,58.848,44.463,1790201203239.037,Normal,0.8135
WIX,3984,20260924-000332_p4_c4_r3,6369,perf_20260924-000332_p4_c4_r3,1,1513,1790201014038,0,1790201203240.038,42.017,46.762,1790201203328.816,Normal,0.9572
WIX,3984,20260924-000332_p4_c4_r3,6372,perf_20260924-000332_p4_c4_r3,1,1514,1790201014038,0,1790201203328.816,47.087,46.09,1790201203421.993,Normal,0.9057
WIX,3984,20260924-000332_p4_c4_r3,6373,perf_20260924-000332_p4_c4_r3,1,1515,1790201014038,0,1790201203421.993,55.566,46.251,1790201203524.808,Normal,0.9432
WIX,3984,20260924-000332_p4_c4_r3,6377,perf_20260924-000332_p4_c4_r3,1,1516,1790201014038,0,1790201203524.808,41.839,44.529,1790201203612.177,Normal,0.9401
WIX,3984,20260924-000332_p4_c4_r3,6388,perf_20260924-000332_p4_c4_r3,1,1517,1790201014040,0,1790201203613.173,33.382,45.308,1790201203691.863,Normal,0.9375
WIX,3984,20260924-000332_p4_c4_r3,6389,perf_20260924-000332_p4_c4_r3,1,1518,1790201014040,0,1790201203691.863,35.296,47.262,1790201203775.421,Normal,0.9219
WIX,3984,20260924-000332_p4_c4_r3,6394,perf_20260924-000332_p4_c4_r3,1,1519,1790201014041,0,1790201203776.422,51.458,45.735,1790201203873.615,Normal,0.9559
WIX,3984,20260924-000332_p4_c4_r3,6400,perf_20260924-000332_p4_c4_r3,1,1520,1790201014041,0,1790201203874.62,27.636,47.16,1790201203949.416,Normal,0.9375
WIX,3984,20260924-000332_p4_c4_r3,6401,perf_20260924-000332_p4_c4_r3,1,1521,1790201014041,0,1790201203950.397,51.26,44.975,1790201204047.937,Normal,0.9486
WIX,3984,20260924-000332_p4_c4_r3,6402,perf_20260924-000332_p4_c4_r3,1,1522,1790201014042,0,1790201204047.937,58.649,48.047,1790201204155.59,Normal,0.9419
WIX,3984,20260924-000332_p4_c4_r3,6406,perf_20260924-000332_p4_c4_r3,1,1523,1790201014042,0,1790201204155.59,60.84,45.641,1790201204262.071,Normal,0.9682
WIX,3984,20260924-000332_p4_c4_r3,6408,perf_20260924-000332_p4_c4_r3,1,1524,1790201014042,0,1790201204262.071,56.761,44.605,1790201204363.438,Normal,0.6391
WIX,3984,20260924-000332_p4_c4_r3,6409,perf_20260924-000332_p4_c4_r3,1,1525,1790201014042,0,1790201204364.436,48.226,46.214,1790201204459.878,Normal,0.9603
WIX,3984,20260924-000332_p4_c4_r3,6413,perf_20260924-000332_p4_c4_r3,1,1526,1790201014042,0,1790201204460.878,45.085,48.17,1790201204555.134,Normal,0.9496
WIX,3984,20260924-000332_p4_c4_r3,6420,perf_20260924-000332_p4_c4_r3,1,1527,1790201014043,0,1790201204556.135,54.072,50.747,1790201204660.955,Normal,0.9578
WIX,3984,20260924-000332_p4_c4_r3,6426,perf_20260924-000332_p4_c4_r3,1,1528,1790201014043,0,1790201204661.95,50.162,49.919,1790201204762.685,Normal,0.9568
WIX,3984,20260924-000332_p4_c4_r3,6428,perf_20260924-000332_p4_c4_r3,1,1529,1790201014043,0,1790201204762.685,64.394,49.027,1790201204877.612,OFFENSIVE,0.6035
WIX,3984,20260924-000332_p4_c4_r3,6429,perf_20260924-000332_p4_c4_r3,1,1530,1790201014043,0,1790201204878.175,71.723,47.271,1790201204997.169,Normal,0.9595
WIX,3984,20260924-000332_p4_c4_r3,6430,perf_20260924-000332_p4_c4_r3,1,1531,1790201014043,0,1790201204997.899,57.472,46.486,1790201205102.854,Normal,0.9682
WIX,3984,20260924-000332_p4_c4_r3,6437,perf_20260924-000332_p4_c4_r3,1,1532,1790201014044,0,1790201205102.854,52.968,44.782,1790201205201.603,Normal,0.9696
WIX,3984,20260924-000332_p4_c4_r3,6439,perf_20260924-000332_p4_c4_r3,1,1533,1790201014044,0,1790201205202.766,49.231,46.447,1790201205299.395,Normal,0.9071
WIX,3984,20260924-000332_p4_c4_r3,6440,perf_20260924-000332_p4_c4_r3,1,1534,1790201014044,0,1790201205300.392,53.344,46.094,1790201205399.83,Normal,0.9555
WIX,3984,20260924-000332_p4_c4_r3,6443,perf_20260924-000332_p4_c4_r3,1,1535,1790201014044,0,1790201205400.842,46.574,47.551,1790201205494.967,Normal,0.969
WIX,3984,20260924-000332_p4_c4_r3,6444,perf_20260924-000332_p4_c4_r3,1,1536,1790201014044,0,1790201205496.485,52.051,46.644,1790201205596.179,Normal,0.964
WIX,3984,20260924-000332_p4_c4_r3,6448,perf_20260924-000332_p4_c4_r3,1,1537,1790201014045,0,1790201205596.179,38.269,42.247,1790201205677.703,Normal,0.9076
WIX,3984,20260924-000332_p4_c4_r3,6450,perf_20260924-000332_p4_c4_r3,1,1538,1790201014045,0,1790201205677.703,34.904,48.542,1790201205761.149,Normal,0.9595
WIX,3984,20260924-000332_p4_c4_r3,6451,perf_20260924-000332_p4_c4_r3,1,1539,1790201014045,0,1790201205762.153,42.212,44.848,1790201205850.225,Normal,0.9475
WIX,3984,20260924-000332_p4_c4_r3,6454,perf_20260924-000332_p4_c4_r3,1,1540,1790201014045,0,1790201205850.845,60.097,46.181,1790201205957.124,Normal,0.9072
WIX,3984,20260924-000332_p4_c4_r3,6456,perf_20260924-000332_p4_c4_r3,1,1541,1790201014045,0,1790201205958.13,60.648,47.233,1790201206067.031,Normal,0.8744
WIX,3984,20260924-000332_p4_c4_r3,6464,perf_20260924-000332_p4_c4_r3,1,1542,1790201014046,0,1790201206067.031,49.228,44.581,1790201206162.839,Normal,0.912
WIX,3984,20260924-000332_p4_c4_r3,6470,perf_20260924-000332_p4_c4_r3,1,1543,1790201014046,0,1790201206163.867,36.202,47.378,1790201206248.446,Normal,0.9417
WIX,3984,20260924-000332_p4_c4_r3,6482,perf_20260924-000332_p4_c4_r3,1,1544,1790201014047,0,1790201206249.483,37.012,50.876,1790201206337.842,Normal,0.8277
WIX,3984,20260924-000332_p4_c4_r3,6487,perf_20260924-000332_p4_c4_r3,1,1545,1790201014047,0,1790201206337.842,41.69,44.261,1790201206424.793,Normal,0.9509
WIX,3984,20260924-000332_p4_c4_r3,6490,perf_20260924-000332_p4_c4_r3,1,1546,1790201014047,0,1790201206424.793,38.75,47.335,1790201206511.904,Normal,0.9082
WIX,3984,20260924-000332_p4_c4_r3,6500,perf_20260924-000332_p4_c4_r3,1,1547,1790201014048,0,1790201206511.904,43.506,45.357,1790201206601.767,Normal,0.9352
WIX,3984,20260924-000332_p4_c4_r3,6503,perf_20260924-000332_p4_c4_r3,1,1548,1790201014048,0,1790201206602.768,67.989,45.606,1790201206716.364,Normal,0.9679
WIX,3984,20260924-000332_p4_c4_r3,6513,perf_20260924-000332_p4_c4_r3,1,1549,1790201014049,0,1790201206716.364,62.738,44.993,1790201206824.634,Normal,0.9233
WIX,3984,20260924-000332_p4_c4_r3,6514,perf_20260924-000332_p4_c4_r3,1,1550,1790201014049,0,1790201206825.637,45.051,45.962,1790201206916.65,Normal,0.9375
WIX,3984,20260924-000332_p4_c4_r3,6519,perf_20260924-000332_p4_c4_r3,1,1551,1790201014049,0,1790201206916.65,56.049,45.934,1790201207019.641,OFFENSIVE,0.4662
WIX,3984,20260924-000332_p4_c4_r3,6527,perf_20260924-000332_p4_c4_r3,1,1552,1790201014050,0,1790201207020.639,43.098,44.036,1790201207108.771,Normal,0.9574
WIX,3984,20260924-000332_p4_c4_r3,6528,perf_20260924-000332_p4_c4_r3,1,1553,1790201014050,0,1790201207108.771,43.065,45.884,1790201207197.719,Normal,0.8386
WIX,3984,20260924-000332_p4_c4_r3,6534,perf_20260924-000332_p4_c4_r3,1,1554,1790201014050,0,1790201207197.719,41.97,49.232,1790201207288.92,Normal,0.9422
WIX,3984,20260924-000332_p4_c4_r3,6539,perf_20260924-000332_p4_c4_r3,1,1555,1790201014050,0,1790201207289.488,71.648,48.464,1790201207410.598,Normal,0.9449
WIX,3984,20260924-000332_p4_c4_r3,6540,perf_20260924-000332_p4_c4_r3,1,1556,1790201014050,0,1790201207410.598,87.935,44.111,1790201207543.72,Normal,0.9131
WIX,3984,20260924-000332_p4_c4_r3,6546,perf_20260924-000332_p4_c4_r3,1,1557,1790201014051,0,1790201207543.72,45.572,46.644,1790201207635.935,Normal,0.9375
WIX,3984,20260924-000332_p4_c4_r3,6547,perf_20260924-000332_p4_c4_r3,1,1558,1790201014051,0,1790201207636.537,49.581,45.863,1790201207732.983,Normal,0.8084
WIX,3984,20260924-000332_p4_c4_r3,6552,perf_20260924-000332_p4_c4_r3,1,1559,1790201014051,0,1790201207733.979,108.041,45.35,1790201207887.91,Normal,0.9766
WIX,3984,20260924-000332_p4_c4_r3,6553,perf_20260924-000332_p4_c4_r3,1,1560,1790201014051,0,1790201207887.91,57.403,45.508,1790201207991.817,Normal,0.9519
WIX,3984,20260924-000332_p4_c4_r3,6558,perf_20260924-000332_p4_c4_r3,1,1561,1790201014051,0,1790201207991.817,37.733,49.073,1790201208078.623,Normal,0.7704
WIX,3984,20260924-000332_p4_c4_r3,6561,perf_20260924-000332_p4_c4_r3,1,1562,1790201014052,0,1790201208079.181,44.752,48.173,1790201208172.617,Normal,0.5238
WIX,3984,20260924-000332_p4_c4_r3,6572,perf_20260924-000332_p4_c4_r3,1,1563,1790201014052,0,1790201208173.196,62.309,49.297,1790201208285.332,Normal,0.9593
WIX,3984,20260924-000332_p4_c4_r3,6581,perf_20260924-000332_p4_c4_r3,1,1564,1790201014053,0,1790201208286.346,73.839,50.481,1790201208410.667,Normal,0.9515
WIX,3984,20260924-000332_p4_c4_r3,6586,perf_20260924-000332_p4_c4_r3,1,1565,1790201014053,0,1790201208411.211,65.373,50.91,1790201208528.005,Normal,0.9682
WIX,3984,20260924-000332_p4_c4_r3,6595,perf_20260924-000332_p4_c4_r3,1,1566,1790201014054,0,1790201208528.549,57.103,46.691,1790201208633.336,Normal,0.9025
WIX,3984,20260924-000332_p4_c4_r3,6598,perf_20260924-000332_p4_c4_r3,1,1567,1790201014055,0,1790201208634.004,67.607,44.101,1790201208746.73,Normal,0.9648
WIX,3984,20260924-000332_p4_c4_r3,6601,perf_20260924-000332_p4_c4_r3,1,1568,1790201014055,0,1790201208747.742,146.934,48.462,1790201208944.147,Normal,0.9504
WIX,3984,20260924-000332_p4_c4_r3,6616,perf_20260924-000332_p4_c4_r3,1,1569,1790201014056,0,1790201208944.71,66.091,44.554,1790201209055.889,Normal,0.9701
WIX,3984,20260924-000332_p4_c4_r3,6619,perf_20260924-000332_p4_c4_r3,1,1570,1790201014056,0,1790201209056.466,55.301,50.347,1790201209163.448,HATE,0.5695
WIX,3984,20260924-000332_p4_c4_r3,6621,perf_20260924-000332_p4_c4_r3,1,1571,1790201014056,0,1790201209164.453,57.999,51.533,1790201209274.522,Normal,0.9473
WIX,3984,20260924-000332_p4_c4_r3,6624,perf_20260924-000332_p4_c4_r3,1,1572,1790201014056,0,1790201209275.705,73.34,52.902,1790201209402.95,Normal,0.9072
WIX,3984,20260924-000332_p4_c4_r3,6625,perf_20260924-000332_p4_c4_r3,1,1573,1790201014057,0,1790201209403.515,109.568,46.516,1790201209560.139,Normal,0.9689
WIX,3984,20260924-000332_p4_c4_r3,6628,perf_20260924-000332_p4_c4_r3,1,1574,1790201014057,0,1790201209561.221,69.663,43.837,1790201209675.284,Normal,0.9222
WIX,3984,20260924-000332_p4_c4_r3,6629,perf_20260924-000332_p4_c4_r3,1,1575,1790201014057,0,1790201209675.284,83.848,48.594,1790201209808.724,Normal,0.9728
WIX,3984,20260924-000332_p4_c4_r3,6632,perf_20260924-000332_p4_c4_r3,1,1576,1790201014057,0,1790201209809.282,85.858,47.67,1790201209943.363,Normal,0.9621
WIX,3984,20260924-000332_p4_c4_r3,6634,perf_20260924-000332_p4_c4_r3,1,1577,1790201014057,0,1790201209943.91,52.379,45.008,1790201210041.843,Normal,0.9666
WIX,3984,20260924-000332_p4_c4_r3,6639,perf_20260924-000332_p4_c4_r3,1,1578,1790201014057,0,1790201210042.85,59.6,48.897,1790201210151.915,Normal,0.976
WIX,3984,20260924-000332_p4_c4_r3,6643,perf_20260924-000332_p4_c4_r3,1,1579,1790201014058,0,1790201210151.915,51.781,48.627,1790201210253.322,Normal,0.9648
WIX,3984,20260924-000332_p4_c4_r3,6646,perf_20260924-000332_p4_c4_r3,1,1580,1790201014058,0,1790201210253.322,52.145,44.284,1790201210350.744,Normal,0.9664
WIX,3984,20260924-000332_p4_c4_r3,6657,perf_20260924-000332_p4_c4_r3,1,1581,1790201014059,0,1790201210351.747,49.095,45.498,1790201210447.342,Normal,0.9423
WIX,3984,20260924-000332_p4_c4_r3,6658,perf_20260924-000332_p4_c4_r3,1,1582,1790201014059,0,1790201210447.342,51.263,51.62,1790201210552.234,Normal,0.9691
WIX,3984,20260924-000332_p4_c4_r3,6661,perf_20260924-000332_p4_c4_r3,1,1583,1790201014059,0,1790201210552.837,65.576,45.28,1790201210664.69,Normal,0.4003
WIX,3984,20260924-000332_p4_c4_r3,6672,perf_20260924-000332_p4_c4_r3,1,1584,1790201014060,0,1790201210665.69,27.011,52.308,1790201210745.587,Normal,0.9441
WIX,3984,20260924-000332_p4_c4_r3,6678,perf_20260924-000332_p4_c4_r3,1,1585,1790201014060,0,1790201210746.595,41.007,49.291,1790201210838.255,Normal,0.8802
WIX,3984,20260924-000332_p4_c4_r3,6682,perf_20260924-000332_p4_c4_r3,1,1586,1790201014060,0,1790201210839.26,45.965,48.389,1790201210933.614,Normal,0.9423
WIX,3984,20260924-000332_p4_c4_r3,6689,perf_20260924-000332_p4_c4_r3,1,1587,1790201014061,0,1790201210933.614,59.212,47.579,1790201211041.412,Normal,0.9489
WIX,3984,20260924-000332_p4_c4_r3,6692,perf_20260924-000332_p4_c4_r3,1,1588,1790201014061,0,1790201211042.409,56.297,49.304,1790201211148.01,Normal,0.7144
WIX,3984,20260924-000332_p4_c4_r3,6701,perf_20260924-000332_p4_c4_r3,1,1589,1790201014061,0,1790201211148.01,59.67,44.001,1790201211251.681,Normal,0.9451
WIX,3984,20260924-000332_p4_c4_r3,6703,perf_20260924-000332_p4_c4_r3,1,1590,1790201014061,0,1790201211252.68,32.45,46.706,1790201211331.837,Normal,0.9372
WIX,3984,20260924-000332_p4_c4_r3,6717,perf_20260924-000332_p4_c4_r3,1,1591,1790201014062,0,1790201211333.357,43.479,50.957,1790201211427.793,Normal,0.965
WIX,3984,20260924-000332_p4_c4_r3,6724,perf_20260924-000332_p4_c4_r3,1,1592,1790201014063,0,1790201211428.813,40.803,50.308,1790201211521.434,Normal,0.9245
WIX,3984,20260924-000332_p4_c4_r3,6726,perf_20260924-000332_p4_c4_r3,1,1593,1790201014063,0,1790201211522.482,60.288,52.662,1790201211635.432,Normal,0.9474
WIX,3984,20260924-000332_p4_c4_r3,6732,perf_20260924-000332_p4_c4_r3,1,1594,1790201014063,0,1790201211636.44,117.81,47.508,1790201211802.291,Normal,0.96
WIX,3984,20260924-000332_p4_c4_r3,6736,perf_20260924-000332_p4_c4_r3,1,1595,1790201014064,0,1790201211802.291,68.463,49.164,1790201211920.911,Normal,0.9714
WIX,3984,20260924-000332_p4_c4_r3,6744,perf_20260924-000332_p4_c4_r3,1,1596,1790201014064,0,1790201211921.934,111.538,51.209,1790201212084.682,Normal,0.9643
WIX,3984,20260924-000332_p4_c4_r3,6745,perf_20260924-000332_p4_c4_r3,1,1597,1790201014064,0,1790201212084.682,68.069,48.236,1790201212202.5,Normal,0.9722
WIX,3984,20260924-000332_p4_c4_r3,6746,perf_20260924-000332_p4_c4_r3,1,1598,1790201014064,0,1790201212202.5,57.158,49.191,1790201212308.848,Normal,0.9535
WIX,3984,20260924-000332_p4_c4_r3,6751,perf_20260924-000332_p4_c4_r3,1,1599,1790201014064,0,1790201212309.366,53.529,55.46,1790201212418.355,Normal,0.9539
WIX,3984,20260924-000332_p4_c4_r3,6752,perf_20260924-000332_p4_c4_r3,1,1600,1790201014064,0,1790201212418.887,96.578,51.78,1790201212567.245,Normal,0.946
WIX,3984,20260924-000332_p4_c4_r3,6756,perf_20260924-000332_p4_c4_r3,1,1601,1790201014064,0,1790201212567.245,47.803,52.821,1790201212667.869,Normal,0.9054
WIX,3984,20260924-000332_p4_c4_r3,6757,perf_20260924-000332_p4_c4_r3,1,1602,1790201014065,0,1790201212668.866,36.875,45.867,1790201212752.63,Normal,0.9375
WIX,3984,20260924-000332_p4_c4_r3,6758,perf_20260924-000332_p4_c4_r3,1,1603,1790201014065,0,1790201212753.63,95.764,49.848,1790201212901.244,Normal,0.9734
WIX,3984,20260924-000332_p4_c4_r3,6767,perf_20260924-000332_p4_c4_r3,1,1604,1790201014065,0,1790201212901.758,41.794,48.502,1790201212993.069,Normal,0.9643
WIX,3984,20260924-000332_p4_c4_r3,6772,perf_20260924-000332_p4_c4_r3,1,1605,1790201014065,0,1790201212993.069,81.496,51.58,1790201213126.145,Normal,0.791
WIX,3984,20260924-000332_p4_c4_r3,6783,perf_20260924-000332_p4_c4_r3,1,1606,1790201014067,0,1790201213127.136,68.852,58.266,1790201213255.556,Normal,0.9577
WIX,3984,20260924-000332_p4_c4_r3,6807,perf_20260924-000332_p4_c4_r3,1,1607,1790201014068,0,1790201213256.598,42.297,47.986,1790201213346.881,Normal,0.9117
WIX,3984,20260924-000332_p4_c4_r3,6808,perf_20260924-000332_p4_c4_r3,1,1608,1790201014068,0,1790201213347.889,57.609,49.604,1790201213455.103,Normal,0.9752
WIX,3984,20260924-000332_p4_c4_r3,6809,perf_20260924-000332_p4_c4_r3,1,1609,1790201014068,0,1790201213456.105,63.431,51.699,1790201213571.234,Normal,0.7491
WIX,3984,20260924-000332_p4_c4_r3,6810,perf_20260924-000332_p4_c4_r3,1,1610,1790201014069,0,1790201213572.24,74.298,47.445,1790201213694.973,Normal,0.9677
WIX,3984,20260924-000332_p4_c4_r3,6812,perf_20260924-000332_p4_c4_r3,1,1611,1790201014069,0,1790201213695.974,77.495,48.325,1790201213822.787,Normal,0.9661
WIX,3984,20260924-000332_p4_c4_r3,6817,perf_20260924-000332_p4_c4_r3,1,1612,1790201014069,0,1790201213823.341,55.227,43.453,1790201213922.021,Normal,0.9587
WIX,3984,20260924-000332_p4_c4_r3,6820,perf_20260924-000332_p4_c4_r3,1,1613,1790201014069,0,1790201213922.531,48.302,43.765,1790201214015.614,Normal,0.9683
WIX,3984,20260924-000332_p4_c4_r3,6821,perf_20260924-000332_p4_c4_r3,1,1614,1790201014070,0,1790201214016.615,27.559,46.998,1790201214092.185,Normal,0.9119
WIX,3984,20260924-000332_p4_c4_r3,6822,perf_20260924-000332_p4_c4_r3,1,1615,1790201014070,0,1790201214093.193,58.869,46.728,1790201214199.787,Normal,0.9779
WIX,3984,20260924-000332_p4_c4_r3,6823,perf_20260924-000332_p4_c4_r3,1,1616,1790201014070,0,1790201214200.798,50.586,46.712,1790201214299.09,Normal,0.9699
WIX,3984,20260924-000332_p4_c4_r3,6826,perf_20260924-000332_p4_c4_r3,1,1617,1790201014070,0,1790201214300.089,57.712,46.051,1790201214404.273,Normal,0.9527
WIX,3984,20260924-000332_p4_c4_r3,6831,perf_20260924-000332_p4_c4_r3,1,1618,1790201014070,0,1790201214404.273,53.861,43.407,1790201214502.559,Normal,0.8477
WIX,3984,20260924-000332_p4_c4_r3,6833,perf_20260924-000332_p4_c4_r3,1,1619,1790201014070,0,1790201214502.559,70.488,48.142,1790201214622.189,Normal,0.9579
WIX,3984,20260924-000332_p4_c4_r3,6835,perf_20260924-000332_p4_c4_r3,1,1620,1790201014070,0,1790201214622.189,71.925,47.097,1790201214741.211,Normal,0.9375
WIX,3984,20260924-000332_p4_c4_r3,6838,perf_20260924-000332_p4_c4_r3,1,1621,1790201014071,0,1790201214741.211,74.147,45.148,1790201214861.487,Normal,0.9429
WIX,3984,20260924-000332_p4_c4_r3,6839,perf_20260924-000332_p4_c4_r3,1,1622,1790201014071,0,1790201214862.487,74.146,50.613,1790201214988.257,Normal,0.9751
WIX,3984,20260924-000332_p4_c4_r3,6841,perf_20260924-000332_p4_c4_r3,1,1623,1790201014071,0,1790201214989.265,42.545,44.506,1790201215077.331,Normal,0.9451
WIX,3984,20260924-000332_p4_c4_r3,6843,perf_20260924-000332_p4_c4_r3,1,1624,1790201014071,0,1790201215077.331,58.887,51.162,1790201215187.38,Normal,0.9514
WIX,3984,20260924-000332_p4_c4_r3,6846,perf_20260924-000332_p4_c4_r3,1,1625,1790201014071,0,1790201215187.38,70.963,44.945,1790201215304.292,Normal,0.9468
WIX,3984,20260924-000332_p4_c4_r3,6852,perf_20260924-000332_p4_c4_r3,1,1626,1790201014072,0,1790201215304.292,57.763,46.227,1790201215409.292,Normal,0.9336
WIX,3984,20260924-000332_p4_c4_r3,6854,perf_20260924-000332_p4_c4_r3,1,1627,1790201014072,0,1790201215410.295,67.107,43.705,1790201215522.092,Normal,0.9644
WIX,3984,20260924-000332_p4_c4_r3,6856,perf_20260924-000332_p4_c4_r3,1,1628,1790201014072,0,1790201215522.092,75.367,48.844,1790201215647.285,Normal,0.8324
WIX,3984,20260924-000332_p4_c4_r3,6858,perf_20260924-000332_p4_c4_r3,1,1629,1790201014072,0,1790201215647.285,66.23,45.426,1790201215759.935,Normal,0.9632
WIX,3984,20260924-000332_p4_c4_r3,6862,perf_20260924-000332_p4_c4_r3,1,1630,1790201014072,0,1790201215759.935,50.024,46.893,1790201215856.852,Normal,0.9623
WIX,3984,20260924-000332_p4_c4_r3,6864,perf_20260924-000332_p4_c4_r3,1,1631,1790201014072,0,1790201215856.852,47.544,45.085,1790201215950.991,Normal,0.9058
WIX,3984,20260924-000332_p4_c4_r3,6870,perf_20260924-000332_p4_c4_r3,1,1632,1790201014073,0,1790201215950.991,56.076,43.061,1790201216051.125,Normal,0.9503
WIX,3984,20260924-000332_p4_c4_r3,6871,perf_20260924-000332_p4_c4_r3,1,1633,1790201014073,0,1790201216051.125,34.161,49.261,1790201216134.547,Normal,0.9497
WIX,3984,20260924-000332_p4_c4_r3,6876,perf_20260924-000332_p4_c4_r3,1,1634,1790201014073,0,1790201216134.547,92.967,43.373,1790201216271.888,Normal,0.9642
WIX,3984,20260924-000332_p4_c4_r3,6891,perf_20260924-000332_p4_c4_r3,1,1635,1790201014074,0,1790201216271.888,77.284,44.706,1790201216394.879,Normal,0.9724
WIX,3984,20260924-000332_p4_c4_r3,6893,perf_20260924-000332_p4_c4_r3,1,1636,1790201014074,0,1790201216394.879,38.912,44.649,1790201216479.456,Normal,0.9742
WIX,3984,20260924-000332_p4_c4_r3,6907,perf_20260924-000332_p4_c4_r3,1,1637,1790201014075,0,1790201216479.456,61.619,45.85,1790201216586.925,Normal,0.9642
WIX,3984,20260924-000332_p4_c4_r3,6909,perf_20260924-000332_p4_c4_r3,1,1638,1790201014075,0,1790201216587.934,74.2,46.527,1790201216709.663,Normal,0.8342
WIX,3984,20260924-000332_p4_c4_r3,6910,perf_20260924-000332_p4_c4_r3,1,1639,1790201014075,0,1790201216710.661,61.473,46.498,1790201216818.632,Normal,0.9444
WIX,3984,20260924-000332_p4_c4_r3,6919,perf_20260924-000332_p4_c4_r3,1,1640,1790201014076,0,1790201216818.632,60.242,47.23,1790201216927.096,Normal,0.9431
WIX,3984,20260924-000332_p4_c4_r3,6921,perf_20260924-000332_p4_c4_r3,1,1641,1790201014076,0,1790201216927.096,60.471,46.533,1790201217034.672,Normal,0.9185
WIX,3984,20260924-000332_p4_c4_r3,6925,perf_20260924-000332_p4_c4_r3,1,1642,1790201014076,0,1790201217035.194,50.81,45.593,1790201217133.109,Normal,0.9561
WIX,3984,20260924-000332_p4_c4_r3,6935,perf_20260924-000332_p4_c4_r3,1,1643,1790201014077,0,1790201217134.621,52.617,44.582,1790201217232.814,OFFENSIVE,0.8144
WIX,3984,20260924-000332_p4_c4_r3,6939,perf_20260924-000332_p4_c4_r3,1,1644,1790201014077,0,1790201217232.814,63.635,51.041,1790201217347.489,Normal,0.9444
WIX,3984,20260924-000332_p4_c4_r3,6942,perf_20260924-000332_p4_c4_r3,1,1645,1790201014077,0,1790201217348.003,99.397,48.94,1790201217497.036,Normal,0.9473
WIX,3984,20260924-000332_p4_c4_r3,6943,perf_20260924-000332_p4_c4_r3,1,1646,1790201014077,0,1790201217498.168,70.949,44.043,1790201217613.159,Normal,0.869
WIX,3984,20260924-000332_p4_c4_r3,6945,perf_20260924-000332_p4_c4_r3,1,1647,1790201014077,0,1790201217614.167,85.477,46.141,1790201217746.776,Normal,0.9451
WIX,3984,20260924-000332_p4_c4_r3,6946,perf_20260924-000332_p4_c4_r3,1,1648,1790201014077,0,1790201217747.32,76.008,44.888,1790201217868.217,Normal,0.9657
WIX,3984,20260924-000332_p4_c4_r3,6964,perf_20260924-000332_p4_c4_r3,1,1649,1790201014079,0,1790201217869.214,61.103,45.358,1790201217976.184,Normal,0.962
WIX,3984,20260924-000332_p4_c4_r3,6967,perf_20260924-000332_p4_c4_r3,1,1650,1790201014079,0,1790201217976.184,59.545,48.675,1790201218084.404,Normal,0.9565
WIX,3984,20260924-000332_p4_c4_r3,6968,perf_20260924-000332_p4_c4_r3,1,1651,1790201014079,0,1790201218084.404,34.264,50.475,1790201218170.142,Normal,0.9377
WIX,3984,20260924-000332_p4_c4_r3,6983,perf_20260924-000332_p4_c4_r3,1,1652,1790201014080,0,1790201218170.142,41.054,46.172,1790201218258.366,Normal,0.9126
WIX,3984,20260924-000332_p4_c4_r3,6990,perf_20260924-000332_p4_c4_r3,1,1653,1790201014080,0,1790201218258.366,58.827,46.705,1790201218363.897,Normal,0.9589
WIX,3984,20260924-000332_p4_c4_r3,6994,perf_20260924-000332_p4_c4_r3,1,1654,1790201014080,0,1790201218364.897,109.615,49.547,1790201218524.059,OFFENSIVE,0.9913
WIX,3984,20260924-000332_p4_c4_r3,7000,perf_20260924-000332_p4_c4_r3,1,1655,1790201014081,0,1790201218524.059,63.229,47.029,1790201218635.311,Normal,0.9236
WIX,3984,20260924-000332_p4_c4_r3,7015,perf_20260924-000332_p4_c4_r3,1,1656,1790201014083,0,1790201218635.311,56.721,45.092,1790201218737.124,Normal,0.9699
WIX,3984,20260924-000332_p4_c4_r3,7020,perf_20260924-000332_p4_c4_r3,1,1657,1790201014083,0,1790201218738.135,52.597,45.065,1790201218835.796,Normal,0.9519
WIX,3984,20260924-000332_p4_c4_r3,7025,perf_20260924-000332_p4_c4_r3,1,1658,1790201014084,0,1790201218837.342,52.479,44.666,1790201218935.472,Normal,0.9622
WIX,3984,20260924-000332_p4_c4_r3,7026,perf_20260924-000332_p4_c4_r3,1,1659,1790201014084,0,1790201218936.472,55.216,43.551,1790201219035.24,Normal,0.8286
WIX,3984,20260924-000332_p4_c4_r3,7028,perf_20260924-000332_p4_c4_r3,1,1660,1790201014084,0,1790201219036.24,127.465,46.539,1790201219210.244,Normal,0.9543
WIX,3984,20260924-000332_p4_c4_r3,7030,perf_20260924-000332_p4_c4_r3,1,1661,1790201014084,0,1790201219210.244,60.487,45.902,1790201219317.633,Normal,0.9255
WIX,3984,20260924-000332_p4_c4_r3,7033,perf_20260924-000332_p4_c4_r3,1,1662,1790201014084,0,1790201219318.639,61.767,47.566,1790201219427.972,Normal,0.8842
WIX,3984,20260924-000332_p4_c4_r3,7036,perf_20260924-000332_p4_c4_r3,1,1663,1790201014084,0,1790201219427.972,48.618,47.704,1790201219524.293,Normal,0.9636
WIX,3984,20260924-000332_p4_c4_r3,7037,perf_20260924-000332_p4_c4_r3,1,1664,1790201014084,0,1790201219525.246,46.979,45.657,1790201219618.896,Normal,0.9556
WIX,3984,20260924-000332_p4_c4_r3,7040,perf_20260924-000332_p4_c4_r3,1,1665,1790201014085,0,1790201219619.896,45.638,45.557,1790201219711.603,Normal,0.9445
WIX,3984,20260924-000332_p4_c4_r3,7043,perf_20260924-000332_p4_c4_r3,1,1666,1790201014085,0,1790201219711.603,32.582,47.116,1790201219791.301,Normal,0.9119
WIX,3984,20260924-000332_p4_c4_r3,7046,perf_20260924-000332_p4_c4_r3,1,1667,1790201014085,0,1790201219792.299,37.534,53.946,1790201219884.772,Normal,0.7829
WIX,3984,20260924-000332_p4_c4_r3,7048,perf_20260924-000332_p4_c4_r3,1,1668,1790201014085,0,1790201219885.776,87.326,55.938,1790201220029.04,Normal,0.7183
WIX,3984,20260924-000332_p4_c4_r3,7053,perf_20260924-000332_p4_c4_r3,1,1669,1790201014086,0,1790201220030.042,72.124,47.237,1790201220149.403,Normal,0.9388
WIX,3984,20260924-000332_p4_c4_r3,7054,perf_20260924-000332_p4_c4_r3,1,1670,1790201014086,0,1790201220149.403,68.608,50.164,1790201220269.179,Normal,0.6911
WIX,3984,20260924-000332_p4_c4_r3,7060,perf_20260924-000332_p4_c4_r3,1,1671,1790201014086,0,1790201220269.179,56.646,46.82,1790201220372.645,Normal,0.9362
WIX,3984,20260924-000332_p4_c4_r3,7069,perf_20260924-000332_p4_c4_r3,1,1672,1790201014086,0,1790201220373.649,46.576,44.901,1790201220465.126,Normal,0.8938
WIX,3984,20260924-000332_p4_c4_r3,7077,perf_20260924-000332_p4_c4_r3,1,1673,1790201014087,0,1790201220465.126,44.004,46.93,1790201220556.61,Normal,0.972
WIX,3984,20260924-000332_p4_c4_r3,7087,perf_20260924-000332_p4_c4_r3,1,1674,1790201014087,0,1790201220557.613,49.262,46.398,1790201220653.272,Normal,0.9627
WIX,3984,20260924-000332_p4_c4_r3,7089,perf_20260924-000332_p4_c4_r3,1,1675,1790201014087,0,1790201220653.272,44.096,41.844,1790201220740.212,Normal,0.9728
WIX,3984,20260924-000332_p4_c4_r3,7092,perf_20260924-000332_p4_c4_r3,1,1676,1790201014088,0,1790201220741.721,30.283,45.567,1790201220818.568,Normal,0.7294
WIX,3984,20260924-000332_p4_c4_r3,7098,perf_20260924-000332_p4_c4_r3,1,1677,1790201014088,0,1790201220819.572,49.307,47.298,1790201220917.137,Normal,0.8964
WIX,3984,20260924-000332_p4_c4_r3,7100,perf_20260924-000332_p4_c4_r3,1,1678,1790201014088,0,1790201220918.136,46.837,48.083,1790201221014.054,Normal,0.9725
WIX,3984,20260924-000332_p4_c4_r3,7103,perf_20260924-000332_p4_c4_r3,1,1679,1790201014088,0,1790201221015.05,67.229,45.704,1790201221128.978,Normal,0.4215
WIX,3984,20260924-000332_p4_c4_r3,7104,perf_20260924-000332_p4_c4_r3,1,1680,1790201014088,0,1790201221128.978,39.947,46.546,1790201221215.471,Normal,0.9473
WIX,3984,20260924-000332_p4_c4_r3,7107,perf_20260924-000332_p4_c4_r3,1,1681,1790201014088,0,1790201221215.471,125.324,44.911,1790201221386.527,Normal,0.9537
WIX,3984,20260924-000332_p4_c4_r3,7108,perf_20260924-000332_p4_c4_r3,1,1682,1790201014089,0,1790201221387.527,54.691,46.846,1790201221489.064,Normal,0.9309
WIX,3984,20260924-000332_p4_c4_r3,7117,perf_20260924-000332_p4_c4_r3,1,1683,1790201014089,0,1790201221490.069,59.305,45.618,1790201221594.992,Normal,0.9623
WIX,3984,20260924-000332_p4_c4_r3,7120,perf_20260924-000332_p4_c4_r3,1,1684,1790201014089,0,1790201221594.992,77.797,46.82,1790201221720.615,Normal,0.9686
WIX,3984,20260924-000332_p4_c4_r3,7121,perf_20260924-000332_p4_c4_r3,1,1685,1790201014089,0,1790201221720.615,32.706,46.956,1790201221800.781,Normal,0.9375
WIX,3984,20260924-000332_p4_c4_r3,7126,perf_20260924-000332_p4_c4_r3,1,1686,1790201014090,0,1790201221801.786,35.309,51.811,1790201221888.906,Normal,0.9724
WIX,3984,20260924-000332_p4_c4_r3,7130,perf_20260924-000332_p4_c4_r3,1,1687,1790201014090,0,1790201221889.906,52.039,51.062,1790201221993.007,Normal,0.9557
WIX,3984,20260924-000332_p4_c4_r3,7133,perf_20260924-000332_p4_c4_r3,1,1688,1790201014090,0,1790201221993.555,75.26,47.818,1790201222116.633,Normal,0.9119
WIX,3984,20260924-000332_p4_c4_r3,7134,perf_20260924-000332_p4_c4_r3,1,1689,1790201014090,0,1790201222117.639,99.788,47.198,1790201222265.622,Normal,0.9799
WIX,3984,20260924-000332_p4_c4_r3,7136,perf_20260924-000332_p4_c4_r3,1,1690,1790201014090,0,1790201222266.618,46.538,48.62,1790201222362.786,Normal,0.9584
WIX,3984,20260924-000332_p4_c4_r3,7142,perf_20260924-000332_p4_c4_r3,1,1691,1790201014091,0,1790201222362.786,49.987,47.645,1790201222460.418,Normal,0.963
WIX,3984,20260924-000332_p4_c4_r3,7143,perf_20260924-000332_p4_c4_r3,1,1692,1790201014091,0,1790201222460.418,56.236,46.678,1790201222564.334,Normal,0.9604
WIX,3984,20260924-000332_p4_c4_r3,7147,perf_20260924-000332_p4_c4_r3,1,1693,1790201014091,0,1790201222565.336,67.222,48.698,1790201222682.257,Normal,0.8999
WIX,3984,20260924-000332_p4_c4_r3,7154,perf_20260924-000332_p4_c4_r3,1,1694,1790201014092,0,1790201222683.258,79.053,47.976,1790201222810.287,Normal,0.9123
WIX,3984,20260924-000332_p4_c4_r3,7157,perf_20260924-000332_p4_c4_r3,1,1695,1790201014092,0,1790201222811.288,75.979,46.052,1790201222933.319,Normal,0.9675
WIX,3984,20260924-000332_p4_c4_r3,7159,perf_20260924-000332_p4_c4_r3,1,1696,1790201014092,0,1790201222933.319,71.051,46.76,1790201223051.131,Normal,0.9588
WIX,3984,20260924-000332_p4_c4_r3,7164,perf_20260924-000332_p4_c4_r3,1,1697,1790201014092,0,1790201223051.131,73.475,45.75,1790201223170.355,Normal,0.973
WIX,3984,20260924-000332_p4_c4_r3,7170,perf_20260924-000332_p4_c4_r3,1,1698,1790201014093,0,1790201223170.355,50.032,44.304,1790201223264.692,Normal,0.9119
WIX,3984,20260924-000332_p4_c4_r3,7171,perf_20260924-000332_p4_c4_r3,1,1699,1790201014094,0,1790201223264.692,49.617,46.613,1790201223360.922,Normal,0.9103
WIX,3984,20260924-000332_p4_c4_r3,7173,perf_20260924-000332_p4_c4_r3,1,1700,1790201014094,0,1790201223361.944,42.696,44.688,1790201223450.333,Normal,0.7829
WIX,3984,20260924-000332_p4_c4_r3,7175,perf_20260924-000332_p4_c4_r3,1,1701,1790201014094,0,1790201223451.336,59.141,51.612,1790201223562.089,Normal,0.4828
WIX,3984,20260924-000332_p4_c4_r3,7177,perf_20260924-000332_p4_c4_r3,1,1702,1790201014094,0,1790201223563.11,98.891,45.531,1790201223709.041,Normal,0.9174
WIX,3984,20260924-000332_p4_c4_r3,7182,perf_20260924-000332_p4_c4_r3,1,1703,1790201014094,0,1790201223710.042,66.123,50.007,1790201223826.688,Normal,0.9587
WIX,3984,20260924-000332_p4_c4_r3,7187,perf_20260924-000332_p4_c4_r3,1,1704,1790201014094,0,1790201223827.675,76.503,49.87,1790201223955.047,Normal,0.9716
WIX,3984,20260924-000332_p4_c4_r3,7198,perf_20260924-000332_p4_c4_r3,1,1705,1790201014095,0,1790201223956.567,74.155,52.576,1790201224083.298,Normal,0.9457
WIX,3984,20260924-000332_p4_c4_r3,7200,perf_20260924-000332_p4_c4_r3,1,1706,1790201014095,0,1790201224083.298,57.669,51.48,1790201224193.964,Normal,0.9279
WIX,3984,20260924-000332_p4_c4_r3,7202,perf_20260924-000332_p4_c4_r3,1,1707,1790201014096,0,1790201224194.968,55.229,51.615,1790201224302.824,Normal,0.9567
WIX,3984,20260924-000332_p4_c4_r3,7203,perf_20260924-000332_p4_c4_r3,1,1708,1790201014096,0,1790201224302.824,75.295,50.741,1790201224428.86,Normal,0.9535
WIX,3984,20260924-000332_p4_c4_r3,7204,perf_20260924-000332_p4_c4_r3,1,1709,1790201014096,0,1790201224429.427,75.61,49.186,1790201224555.739,Normal,0.961
WIX,3984,20260924-000332_p4_c4_r3,7209,perf_20260924-000332_p4_c4_r3,1,1710,1790201014096,0,1790201224556.75,86.344,44.561,1790201224687.655,Normal,0.9491
WIX,3984,20260924-000332_p4_c4_r3,7214,perf_20260924-000332_p4_c4_r3,1,1711,1790201014097,0,1790201224688.657,62.072,50.743,1790201224802.468,Normal,0.9673
WIX,3984,20260924-000332_p4_c4_r3,7218,perf_20260924-000332_p4_c4_r3,1,1712,1790201014097,0,1790201224802.468,69.877,49.767,1790201224923.188,Normal,0.9715
WIX,3984,20260924-000332_p4_c4_r3,7224,perf_20260924-000332_p4_c4_r3,1,1713,1790201014098,0,1790201224924.797,72.591,48.738,1790201225046.126,Normal,0.92
WIX,3984,20260924-000332_p4_c4_r3,7225,perf_20260924-000332_p4_c4_r3,1,1714,1790201014098,0,1790201225046.126,60.601,45.631,1790201225153.35,Normal,0.8261
WIX,3984,20260924-000332_p4_c4_r3,7230,perf_20260924-000332_p4_c4_r3,1,1715,1790201014098,0,1790201225154.355,47.083,66.467,1790201225267.905,Normal,0.9375
WIX,3984,20260924-000332_p4_c4_r3,7231,perf_20260924-000332_p4_c4_r3,1,1716,1790201014098,0,1790201225268.476,70.505,46.877,1790201225385.857,Normal,0.9325
WIX,3984,20260924-000332_p4_c4_r3,7245,perf_20260924-000332_p4_c4_r3,1,1717,1790201014099,0,1790201225386.862,69.886,47.289,1790201225505.051,Normal,0.9738
WIX,3984,20260924-000332_p4_c4_r3,7246,perf_20260924-000332_p4_c4_r3,1,1718,1790201014099,0,1790201225506.224,88.604,48.46,1790201225644.82,Normal,0.9354
WIX,3984,20260924-000332_p4_c4_r3,7248,perf_20260924-000332_p4_c4_r3,1,1719,1790201014099,0,1790201225644.82,43.81,45.547,1790201225735.175,Normal,0.8345
WIX,3984,20260924-000332_p4_c4_r3,7252,perf_20260924-000332_p4_c4_r3,1,1720,1790201014100,0,1790201225735.175,50.279,45.806,1790201225832.26,Normal,0.9444
WIX,3984,20260924-000332_p4_c4_r3,7257,perf_20260924-000332_p4_c4_r3,1,1721,1790201014100,0,1790201225832.26,38.238,46.654,1790201225918.154,Normal,0.9386
WIX,3984,20260924-000332_p4_c4_r3,7261,perf_20260924-000332_p4_c4_r3,1,1722,1790201014100,0,1790201225919.165,53.843,43.684,1790201226017.269,Normal,0.9133
WIX,3984,20260924-000332_p4_c4_r3,7262,perf_20260924-000332_p4_c4_r3,1,1723,1790201014100,0,1790201226017.269,35.099,46.237,1790201226099.603,Normal,0.8922
WIX,3984,20260924-000332_p4_c4_r3,7263,perf_20260924-000332_p4_c4_r3,1,1724,1790201014100,0,1790201226100.124,37.069,47.435,1790201226185.068,Normal,0.9403
WIX,3984,20260924-000332_p4_c4_r3,7265,perf_20260924-000332_p4_c4_r3,1,1725,1790201014100,0,1790201226186.062,51.122,47.04,1790201226285.222,Normal,0.9375
WIX,3984,20260924-000332_p4_c4_r3,7279,perf_20260924-000332_p4_c4_r3,1,1726,1790201014101,0,1790201226286.269,50.66,51.237,1790201226389.416,Normal,0.9404
WIX,3984,20260924-000332_p4_c4_r3,7280,perf_20260924-000332_p4_c4_r3,1,1727,1790201014101,0,1790201226389.416,44.456,49.221,1790201226483.093,Normal,0.9102
WIX,3984,20260924-000332_p4_c4_r3,7281,perf_20260924-000332_p4_c4_r3,1,1728,1790201014101,0,1790201226484.108,66.347,51.295,1790201226602.3,Normal,0.9564
WIX,3984,20260924-000332_p4_c4_r3,7286,perf_20260924-000332_p4_c4_r3,1,1729,1790201014102,0,1790201226602.3,52.715,45.016,1790201226701.028,Normal,0.962
WIX,3984,20260924-000332_p4_c4_r3,7289,perf_20260924-000332_p4_c4_r3,1,1730,1790201014102,0,1790201226701.028,57.666,46.046,1790201226804.74,Normal,0.9407
WIX,3984,20260924-000332_p4_c4_r3,7292,perf_20260924-000332_p4_c4_r3,1,1731,1790201014102,0,1790201226805.746,49.816,46.185,1790201226901.748,Normal,0.9209
WIX,3984,20260924-000332_p4_c4_r3,7296,perf_20260924-000332_p4_c4_r3,1,1732,1790201014102,0,1790201226902.76,67.124,44.943,1790201227014.827,Normal,0.9765
WIX,3984,20260924-000332_p4_c4_r3,7297,perf_20260924-000332_p4_c4_r3,1,1733,1790201014102,0,1790201227014.827,39.743,46.376,1790201227101.945,Normal,0.9008
WIX,3984,20260924-000332_p4_c4_r3,7298,perf_20260924-000332_p4_c4_r3,1,1734,1790201014102,0,1790201227102.456,49.114,47.483,1790201227200.064,Normal,0.9473
WIX,3984,20260924-000332_p4_c4_r3,7301,perf_20260924-000332_p4_c4_r3,1,1735,1790201014103,0,1790201227200.064,57.189,44.286,1790201227302.544,OFFENSIVE,0.7262
WIX,3984,20260924-000332_p4_c4_r3,7302,perf_20260924-000332_p4_c4_r3,1,1736,1790201014103,0,1790201227303.546,50.3,48.51,1790201227402.356,Normal,0.9608
WIX,3984,20260924-000332_p4_c4_r3,7312,perf_20260924-000332_p4_c4_r3,1,1737,1790201014103,0,1790201227402.914,106.447,48.96,1790201227558.321,Normal,0.9268
WIX,3984,20260924-000332_p4_c4_r3,7314,perf_20260924-000332_p4_c4_r3,1,1738,1790201014103,0,1790201227559.327,30.102,47.419,1790201227637.634,Normal,0.9534
WIX,3984,20260924-000332_p4_c4_r3,7319,perf_20260924-000332_p4_c4_r3,1,1739,1790201014104,0,1790201227637.634,71.345,43.71,1790201227753.694,Normal,0.9575
WIX,3984,20260924-000332_p4_c4_r3,7321,perf_20260924-000332_p4_c4_r3,1,1740,1790201014104,0,1790201227753.694,43.136,44.351,1790201227841.695,Normal,0.9563
WIX,3984,20260924-000332_p4_c4_r3,7324,perf_20260924-000332_p4_c4_r3,1,1741,1790201014104,0,1790201227841.695,44.923,45.563,1790201227932.182,Normal,0.9728
WIX,3984,20260924-000332_p4_c4_r3,7331,perf_20260924-000332_p4_c4_r3,1,1742,1790201014104,0,1790201227932.182,54.868,48.801,1790201228035.851,Normal,0.9726
WIX,3984,20260924-000332_p4_c4_r3,7341,perf_20260924-000332_p4_c4_r3,1,1743,1790201014105,0,1790201228036.851,50.796,47.201,1790201228135.814,Normal,0.9427
WIX,3984,20260924-000332_p4_c4_r3,7343,perf_20260924-000332_p4_c4_r3,1,1744,1790201014106,0,1790201228137.493,59.818,48.357,1790201228246.671,Normal,0.9348
WIX,3984,20260924-000332_p4_c4_r3,7346,perf_20260924-000332_p4_c4_r3,1,1745,1790201014106,0,1790201228246.671,63.679,44.715,1790201228356.064,Normal,0.8943
WIX,3984,20260924-000332_p4_c4_r3,7351,perf_20260924-000332_p4_c4_r3,1,1746,1790201014107,0,1790201228356.064,45.329,49.968,1790201228452.372,Normal,0.748
WIX,3984,20260924-000332_p4_c4_r3,7358,perf_20260924-000332_p4_c4_r3,1,1747,1790201014107,0,1790201228452.372,67.386,45.504,1790201228566.273,Normal,0.8698
WIX,3984,20260924-000332_p4_c4_r3,7359,perf_20260924-000332_p4_c4_r3,1,1748,1790201014107,0,1790201228567.268,51.856,48.267,1790201228667.391,Normal,0.9643
WIX,3984,20260924-000332_p4_c4_r3,7360,perf_20260924-000332_p4_c4_r3,1,1749,1790201014108,0,1790201228668.393,63.055,47.807,1790201228780.254,Normal,0.9637
WIX,3984,20260924-000332_p4_c4_r3,7366,perf_20260924-000332_p4_c4_r3,1,1750,1790201014108,0,1790201228781.26,51.617,48.423,1790201228881.3,Normal,0.9173
WIX,3984,20260924-000332_p4_c4_r3,7370,perf_20260924-000332_p4_c4_r3,1,1751,1790201014108,0,1790201228882.3,119.122,52.064,1790201229054.336,Normal,0.9745
WIX,3984,20260924-000332_p4_c4_r3,7372,perf_20260924-000332_p4_c4_r3,1,1752,1790201014109,0,1790201229055.344,62.429,51.609,1790201229170.374,Normal,0.932
WIX,3984,20260924-000332_p4_c4_r3,7376,perf_20260924-000332_p4_c4_r3,1,1753,1790201014109,0,1790201229171.373,47.446,46.348,1790201229266.153,Normal,0.7856
WIX,3984,20260924-000332_p4_c4_r3,7377,perf_20260924-000332_p4_c4_r3,1,1754,1790201014109,0,1790201229267.166,48.864,44.902,1790201229361.93,Normal,0.9572
WIX,3984,20260924-000332_p4_c4_r3,7383,perf_20260924-000332_p4_c4_r3,1,1755,1790201014109,0,1790201229361.93,37.79,44.245,1790201229444.95,Normal,0.9401
WIX,3984,20260924-000332_p4_c4_r3,7396,perf_20260924-000332_p4_c4_r3,1,1756,1790201014110,0,1790201229445.945,45.154,48.207,1790201229540.309,Normal,0.9682
WIX,3984,20260924-000332_p4_c4_r3,7398,perf_20260924-000332_p4_c4_r3,1,1757,1790201014110,0,1790201229540.309,47.236,45.863,1790201229633.987,Normal,0.9601
WIX,3984,20260924-000332_p4_c4_r3,7402,perf_20260924-000332_p4_c4_r3,1,1758,1790201014111,0,1790201229633.987,46.101,45.902,1790201229726.99,Normal,0.8867
WIX,3984,20260924-000332_p4_c4_r3,7403,perf_20260924-000332_p4_c4_r3,1,1759,1790201014111,0,1790201229726.99,37.322,46.067,1790201229811.345,Normal,0.8264
WIX,3984,20260924-000332_p4_c4_r3,7407,perf_20260924-000332_p4_c4_r3,1,1760,1790201014111,0,1790201229811.345,43.762,42.145,1790201229898.268,Normal,0.9242
WIX,3984,20260924-000332_p4_c4_r3,7412,perf_20260924-000332_p4_c4_r3,1,1761,1790201014111,0,1790201229992.05,126.968,46.244,1790201230166.27,Normal,0.921
WIX,3984,20260924-000332_p4_c4_r3,7413,perf_20260924-000332_p4_c4_r3,1,1762,1790201014111,0,1790201230166.27,58.289,44.16,1790201230269.719,HATE,0.6241
WIX,3984,20260924-000332_p4_c4_r3,7416,perf_20260924-000332_p4_c4_r3,1,1763,1790201014112,0,1790201230269.719,100.161,47.518,1790201230417.399,Normal,0.9125
WIX,3984,20260924-000332_p4_c4_r3,7418,perf_20260924-000332_p4_c4_r3,1,1764,1790201014112,0,1790201230417.399,73.931,50.548,1790201230541.877,Normal,0.7833
WIX,3984,20260924-000332_p4_c4_r3,7428,perf_20260924-000332_p4_c4_r3,1,1765,1790201014112,0,1790201230541.877,75.612,46.109,1790201230664.597,Normal,0.9026
WIX,3984,20260924-000332_p4_c4_r3,7436,perf_20260924-000332_p4_c4_r3,1,1766,1790201014113,0,1790201230665.595,62.146,47.728,1790201230776.469,Normal,0.9603
WIX,3984,20260924-000332_p4_c4_r3,7439,perf_20260924-000332_p4_c4_r3,1,1767,1790201014113,0,1790201230776.469,60.458,44.574,1790201230881.501,Normal,0.8906
WIX,3984,20260924-000332_p4_c4_r3,7443,perf_20260924-000332_p4_c4_r3,1,1768,1790201014113,0,1790201230882.54,36.072,52.573,1790201230972.185,Normal,0.9323
WIX,3984,20260924-000332_p4_c4_r3,7445,perf_20260924-000332_p4_c4_r3,1,1769,1790201014113,0,1790201230972.185,48.872,44.388,1790201231066.457,Normal,0.9401
WIX,3984,20260924-000332_p4_c4_r3,7451,perf_20260924-000332_p4_c4_r3,1,1770,1790201014114,0,1790201231067.449,60.963,43.749,1790201231173.164,Normal,0.9669
WIX,3984,20260924-000332_p4_c4_r3,7452,perf_20260924-000332_p4_c4_r3,1,1771,1790201014114,0,1790201231173.675,64.604,45.186,1790201231284.465,Normal,0.7669
WIX,3984,20260924-000332_p4_c4_r3,7457,perf_20260924-000332_p4_c4_r3,1,1772,1790201014114,0,1790201231284.465,40.554,46.847,1790201231372.866,Normal,0.9307
WIX,3984,20260924-000332_p4_c4_r3,7463,perf_20260924-000332_p4_c4_r3,1,1773,1790201014115,0,1790201231372.866,85.701,45.697,1790201231505.283,Normal,0.9617
WIX,3984,20260924-000332_p4_c4_r3,7466,perf_20260924-000332_p4_c4_r3,1,1774,1790201014115,0,1790201231506.282,41.38,49.739,1790201231598.401,Normal,0.9423
WIX,3984,20260924-000332_p4_c4_r3,7468,perf_20260924-000332_p4_c4_r3,1,1775,1790201014115,0,1790201231599.395,80.932,45.306,1790201231725.634,Normal,0.9551
WIX,3984,20260924-000332_p4_c4_r3,7472,perf_20260924-000332_p4_c4_r3,1,1776,1790201014115,0,1790201231725.634,40.751,48.162,1790201231814.547,Normal,0.9348
WIX,3984,20260924-000332_p4_c4_r3,7473,perf_20260924-000332_p4_c4_r3,1,1777,1790201014115,0,1790201231814.547,106.978,47.551,1790201231970.073,Normal,0.9034
WIX,3984,20260924-000332_p4_c4_r3,7474,perf_20260924-000332_p4_c4_r3,1,1778,1790201014115,0,1790201231970.073,50.831,46.971,1790201232068.394,Normal,0.9305
WIX,3984,20260924-000332_p4_c4_r3,7481,perf_20260924-000332_p4_c4_r3,1,1779,1790201014116,0,1790201232068.394,33.06,48.4,1790201232150.856,Normal,0.9536
WIX,3984,20260924-000332_p4_c4_r3,7482,perf_20260924-000332_p4_c4_r3,1,1780,1790201014116,0,1790201232151.862,50.434,46.28,1790201232250.425,Normal,0.9679
WIX,3984,20260924-000332_p4_c4_r3,7487,perf_20260924-000332_p4_c4_r3,1,1781,1790201014116,0,1790201232251.431,54.294,47.79,1790201232354.511,Normal,0.9482
WIX,3984,20260924-000332_p4_c4_r3,7489,perf_20260924-000332_p4_c4_r3,1,1782,1790201014116,0,1790201232356.103,49.31,46.827,1790201232453.24,Normal,0.9249
WIX,3984,20260924-000332_p4_c4_r3,7490,perf_20260924-000332_p4_c4_r3,1,1783,1790201014116,0,1790201232454.251,60.584,44.637,1790201232560.471,Normal,0.9734
WIX,3984,20260924-000332_p4_c4_r3,7491,perf_20260924-000332_p4_c4_r3,1,1784,1790201014116,0,1790201232560.471,49.124,45.498,1790201232656.06,Normal,0.9389
WIX,3984,20260924-000332_p4_c4_r3,7494,perf_20260924-000332_p4_c4_r3,1,1785,1790201014116,0,1790201232656.06,44.468,46.701,1790201232748.229,Normal,0.9505
WIX,3984,20260924-000332_p4_c4_r3,7498,perf_20260924-000332_p4_c4_r3,1,1786,1790201014117,0,1790201232749.274,43.315,45.327,1790201232837.916,Normal,0.9571
WIX,3984,20260924-000332_p4_c4_r3,7500,perf_20260924-000332_p4_c4_r3,1,1787,1790201014117,0,1790201232837.916,50.009,45.437,1790201232934.258,Normal,0.9457
WIX,3984,20260924-000332_p4_c4_r3,7507,perf_20260924-000332_p4_c4_r3,1,1788,1790201014118,0,1790201232934.258,47.661,47.09,1790201233029.009,Normal,0.9634
WIX,3984,20260924-000332_p4_c4_r3,7512,perf_20260924-000332_p4_c4_r3,1,1789,1790201014118,0,1790201233030.021,64.226,45.174,1790201233140.413,Normal,0.7754
WIX,3984,20260924-000332_p4_c4_r3,7522,perf_20260924-000332_p4_c4_r3,1,1790,1790201014119,0,1790201233141.411,59.713,46.535,1790201233248.674,OFFENSIVE,0.8879
WIX,3984,20260924-000332_p4_c4_r3,7527,perf_20260924-000332_p4_c4_r3,1,1791,1790201014119,0,1790201233248.674,71.194,45.604,1790201233365.472,Normal,0.9149
WIX,3984,20260924-000332_p4_c4_r3,7531,perf_20260924-000332_p4_c4_r3,1,1792,1790201014119,0,1790201233365.472,66.542,47.097,1790201233480.129,Normal,0.9493
WIX,3984,20260924-000332_p4_c4_r3,7541,perf_20260924-000332_p4_c4_r3,1,1793,1790201014120,0,1790201233480.129,149.364,47.756,1790201233678.25,Normal,0.9152
WIX,3984,20260924-000332_p4_c4_r3,7551,perf_20260924-000332_p4_c4_r3,1,1794,1790201014121,0,1790201233678.25,62.733,46.727,1790201233788.727,Normal,0.9769
WIX,3984,20260924-000332_p4_c4_r3,7554,perf_20260924-000332_p4_c4_r3,1,1795,1790201014121,0,1790201233788.727,58.937,42.821,1790201233891.516,Normal,0.9515
WIX,3984,20260924-000332_p4_c4_r3,7559,perf_20260924-000332_p4_c4_r3,1,1796,1790201014122,0,1790201233892.541,40.463,52.802,1790201233986.807,Normal,0.9445
WIX,3984,20260924-000332_p4_c4_r3,7564,perf_20260924-000332_p4_c4_r3,1,1797,1790201014122,0,1790201233987.805,34.704,45.448,1790201234067.958,Normal,0.9667
WIX,3984,20260924-000332_p4_c4_r3,7566,perf_20260924-000332_p4_c4_r3,1,1798,1790201014122,0,1790201234068.958,56.273,46.226,1790201234171.457,Normal,0.96
WIX,3984,20260924-000332_p4_c4_r3,7571,perf_20260924-000332_p4_c4_r3,1,1799,1790201014123,0,1790201234171.457,46.21,44.373,1790201234262.039,Normal,0.9423
WIX,3984,20260924-000332_p4_c4_r3,7574,perf_20260924-000332_p4_c4_r3,1,1800,1790201014123,0,1790201234262.039,52.421,47.584,1790201234363.022,Normal,0.617
WIX,3984,20260924-000332_p4_c4_r3,7575,perf_20260924-000332_p4_c4_r3,1,1801,1790201014123,0,1790201234364.106,46.636,50.028,1790201234460.77,Normal,0.9382
WIX,3984,20260924-000332_p4_c4_r3,7581,perf_20260924-000332_p4_c4_r3,1,1802,1790201014123,0,1790201234460.77,49.155,44.168,1790201234554.093,Normal,0.9375
WIX,3984,20260924-000332_p4_c4_r3,7582,perf_20260924-000332_p4_c4_r3,1,1803,1790201014124,0,1790201234555.083,78.819,44.6,1790201234680.135,Normal,0.9733
WIX,3984,20260924-000332_p4_c4_r3,7583,perf_20260924-000332_p4_c4_r3,1,1804,1790201014124,0,1790201234681.648,67.469,45.39,1790201234795.509,Normal,0.9176
WIX,3984,20260924-000332_p4_c4_r3,7595,perf_20260924-000332_p4_c4_r3,1,1805,1790201014125,0,1790201234796.517,54.69,46.746,1790201234897.954,Normal,0.9401
WIX,3984,20260924-000332_p4_c4_r3,7598,perf_20260924-000332_p4_c4_r3,1,1806,1790201014125,0,1790201234897.954,52.587,45.223,1790201234996.758,Normal,0.9617
WIX,3984,20260924-000332_p4_c4_r3,7601,perf_20260924-000332_p4_c4_r3,1,1807,1790201014126,0,1790201234996.758,46.088,45.663,1790201235089.511,Normal,0.9594
WIX,3984,20260924-000332_p4_c4_r3,7610,perf_20260924-000332_p4_c4_r3,1,1808,1790201014126,0,1790201235090.507,33.746,46.918,1790201235172.166,Normal,0.9635
WIX,3984,20260924-000332_p4_c4_r3,7612,perf_20260924-000332_p4_c4_r3,1,1809,1790201014126,0,1790201235173.166,43.522,46.333,1790201235264.022,Normal,0.9423
WIX,3984,20260924-000332_p4_c4_r3,7621,perf_20260924-000332_p4_c4_r3,1,1810,1790201014127,0,1790201235265.54,45.785,47.519,1790201235359.839,Normal,0.9373
WIX,3984,20260924-000332_p4_c4_r3,7622,perf_20260924-000332_p4_c4_r3,1,1811,1790201014127,0,1790201235360.839,57.832,50.138,1790201235469.805,Normal,0.9031
WIX,3984,20260924-000332_p4_c4_r3,7626,perf_20260924-000332_p4_c4_r3,1,1812,1790201014127,0,1790201235469.805,87.319,44.693,1790201235603.376,Normal,0.9466
WIX,3984,20260924-000332_p4_c4_r3,7634,perf_20260924-000332_p4_c4_r3,1,1813,1790201014128,0,1790201235604.369,67.559,50.485,1790201235723.431,Normal,0.9519
WIX,3984,20260924-000332_p4_c4_r3,7638,perf_20260924-000332_p4_c4_r3,1,1814,1790201014128,0,1790201235724.757,58.373,47.466,1790201235831.154,Normal,0.9527
WIX,3984,20260924-000332_p4_c4_r3,7639,perf_20260924-000332_p4_c4_r3,1,1815,1790201014128,0,1790201235832.166,86.601,48.306,1790201235967.073,Normal,0.9309
WIX,3984,20260924-000332_p4_c4_r3,7640,perf_20260924-000332_p4_c4_r3,1,1816,1790201014128,0,1790201235968.088,124.927,48.953,1790201236142.966,Normal,0.9513
WIX,3984,20260924-000332_p4_c4_r3,7642,perf_20260924-000332_p4_c4_r3,1,1817,1790201014128,0,1790201236143.964,60.166,48.044,1790201236253.178,Normal,0.9423
WIX,3984,20260924-000332_p4_c4_r3,7643,perf_20260924-000332_p4_c4_r3,1,1818,1790201014128,0,1790201236254.18,56.918,50.924,1790201236363.023,Normal,0.9632
WIX,3984,20260924-000332_p4_c4_r3,7650,perf_20260924-000332_p4_c4_r3,1,1819,1790201014129,0,1790201236363.539,49.518,54.786,1790201236468.841,Normal,0.8992
WIX,3984,20260924-000332_p4_c4_r3,7653,perf_20260924-000332_p4_c4_r3,1,1820,1790201014129,0,1790201236469.854,72.101,46.315,1790201236589.249,Normal,0.905
WIX,3984,20260924-000332_p4_c4_r3,7666,perf_20260924-000332_p4_c4_r3,1,1821,1790201014130,0,1790201236590.258,51.311,45.915,1790201236688.216,Normal,0.9579
WIX,3984,20260924-000332_p4_c4_r3,7669,perf_20260924-000332_p4_c4_r3,1,1822,1790201014130,0,1790201236689.231,65.674,45.191,1790201236800.646,Normal,0.9607
WIX,3984,20260924-000332_p4_c4_r3,7673,perf_20260924-000332_p4_c4_r3,1,1823,1790201014130,0,1790201236801.665,83.954,50.187,1790201236935.807,OFFENSIVE,0.959
WIX,3984,20260924-000332_p4_c4_r3,7678,perf_20260924-000332_p4_c4_r3,1,1824,1790201014131,0,1790201236935.807,65.627,46.718,1790201237048.152,Normal,0.9423
WIX,3984,20260924-000332_p4_c4_r3,7679,perf_20260924-000332_p4_c4_r3,1,1825,1790201014131,0,1790201237049.171,48.441,50.925,1790201237148.537,Normal,0.8661
WIX,3984,20260924-000332_p4_c4_r3,7680,perf_20260924-000332_p4_c4_r3,1,1826,1790201014131,0,1790201237149.549,40.66,53.858,1790201237245.065,Normal,0.9457
WIX,3984,20260924-000332_p4_c4_r3,7681,perf_20260924-000332_p4_c4_r3,1,1827,1790201014131,0,1790201237245.065,48.881,64.308,1790201237359.255,Normal,0.8477
WIX,3984,20260924-000332_p4_c4_r3,7685,perf_20260924-000332_p4_c4_r3,1,1828,1790201014131,0,1790201237360.27,89.529,52.672,1790201237504.004,Normal,0.9657
WIX,3984,20260924-000332_p4_c4_r3,7688,perf_20260924-000332_p4_c4_r3,1,1829,1790201014131,0,1790201237504.583,65.728,51.008,1790201237622.322,Normal,0.9423
WIX,3984,20260924-000332_p4_c4_r3,7691,perf_20260924-000332_p4_c4_r3,1,1830,1790201014131,0,1790201237622.322,76.495,46.099,1790201237744.916,Normal,0.9496
WIX,3984,20260924-000332_p4_c4_r3,7693,perf_20260924-000332_p4_c4_r3,1,1831,1790201014131,0,1790201237744.916,34.07,45.82,1790201237825.806,Normal,0.6843
WIX,3984,20260924-000332_p4_c4_r3,7694,perf_20260924-000332_p4_c4_r3,1,1832,1790201014131,0,1790201237825.806,36.713,47.716,1790201237910.235,Normal,0.9091
WIX,3984,20260924-000332_p4_c4_r3,7695,perf_20260924-000332_p4_c4_r3,1,1833,1790201014132,0,1790201237910.235,44.578,49.932,1790201238004.745,Normal,0.9626
WIX,3984,20260924-000332_p4_c4_r3,7706,perf_20260924-000332_p4_c4_r3,1,1834,1790201014132,0,1790201238005.744,57.126,46.52,1790201238109.39,Normal,0.9355
WIX,3984,20260924-000332_p4_c4_r3,7709,perf_20260924-000332_p4_c4_r3,1,1835,1790201014132,0,1790201238110.901,56.217,44.056,1790201238211.174,Normal,0.8157
WIX,3984,20260924-000332_p4_c4_r3,7713,perf_20260924-000332_p4_c4_r3,1,1836,1790201014133,0,1790201238211.174,50.8,45.795,1790201238308.779,Normal,0.965
WIX,3984,20260924-000332_p4_c4_r3,7720,perf_20260924-000332_p4_c4_r3,1,1837,1790201014133,0,1790201238309.786,46.492,47.245,1790201238404.537,Normal,0.951
WIX,3984,20260924-000332_p4_c4_r3,7729,perf_20260924-000332_p4_c4_r3,1,1838,1790201014134,0,1790201238405.539,65.596,48.182,1790201238520.836,Normal,0.9402
WIX,3984,20260924-000332_p4_c4_r3,7735,perf_20260924-000332_p4_c4_r3,1,1839,1790201014134,0,1790201238520.836,87.726,48.06,1790201238657.616,Normal,0.9594
WIX,3984,20260924-000332_p4_c4_r3,7736,perf_20260924-000332_p4_c4_r3,1,1840,1790201014134,0,1790201238657.616,61.886,45.073,1790201238765.577,Normal,0.9152
WIX,3984,20260924-000332_p4_c4_r3,7739,perf_20260924-000332_p4_c4_r3,1,1841,1790201014134,0,1790201238766.583,68.06,43.546,1790201238879.187,Normal,0.8696
WIX,3984,20260924-000332_p4_c4_r3,7741,perf_20260924-000332_p4_c4_r3,1,1842,1790201014134,0,1790201238879.187,58.313,44.884,1790201238983.377,Normal,0.7861
WIX,3984,20260924-000332_p4_c4_r3,7744,perf_20260924-000332_p4_c4_r3,1,1843,1790201014135,0,1790201238983.377,52.439,46.139,1790201239082.942,Normal,0.7648
WIX,3984,20260924-000332_p4_c4_r3,7749,perf_20260924-000332_p4_c4_r3,1,1844,1790201014135,0,1790201239082.942,80.68,49.265,1790201239212.886,Normal,0.9775
WIX,3984,20260924-000332_p4_c4_r3,7752,perf_20260924-000332_p4_c4_r3,1,1845,1790201014135,0,1790201239213.89,95.791,46.506,1790201239364.189,Normal,0.4568
WIX,3984,20260924-000332_p4_c4_r3,7755,perf_20260924-000332_p4_c4_r3,1,1846,1790201014135,0,1790201239364.189,66.779,47.042,1790201239478.01,Normal,0.931
WIX,3984,20260924-000332_p4_c4_r3,7756,perf_20260924-000332_p4_c4_r3,1,1847,1790201014135,0,1790201239479.01,75.952,43.72,1790201239599.686,Normal,0.9701
WIX,3984,20260924-000332_p4_c4_r3,7762,perf_20260924-000332_p4_c4_r3,1,1848,1790201014136,0,1790201239599.686,50.398,44.316,1790201239695.398,Normal,0.9473
WIX,3984,20260924-000332_p4_c4_r3,7764,perf_20260924-000332_p4_c4_r3,1,1849,1790201014136,0,1790201239695.398,37.003,44.651,1790201239778.051,Normal,0.9639
WIX,3984,20260924-000332_p4_c4_r3,7767,perf_20260924-000332_p4_c4_r3,1,1850,1790201014137,0,1790201239779.048,37.094,49.139,1790201239866.245,Normal,0.9688
WIX,3984,20260924-000332_p4_c4_r3,7772,perf_20260924-000332_p4_c4_r3,1,1851,1790201014137,0,1790201239866.756,47.25,49.369,1790201239964.369,Normal,0.8326
WIX,3984,20260924-000332_p4_c4_r3,7776,perf_20260924-000332_p4_c4_r3,1,1852,1790201014137,0,1790201239965.371,98.297,43.854,1790201240108.549,Normal,0.7742
WIX,3984,20260924-000332_p4_c4_r3,7779,perf_20260924-000332_p4_c4_r3,1,1853,1790201014137,0,1790201240109.55,42.483,46.272,1790201240198.306,Normal,0.972
WIX,3984,20260924-000332_p4_c4_r3,7785,perf_20260924-000332_p4_c4_r3,1,1854,1790201014138,0,1790201240198.306,42.767,47.793,1790201240289.864,Normal,0.9493
WIX,3984,20260924-000332_p4_c4_r3,7800,perf_20260924-000332_p4_c4_r3,1,1855,1790201014139,0,1790201240290.395,116.877,43.395,1790201240451.699,Normal,0.9705
WIX,3984,20260924-000332_p4_c4_r3,7802,perf_20260924-000332_p4_c4_r3,1,1856,1790201014139,0,1790201240451.699,38.686,53.9,1790201240544.759,Normal,0.925
WIX,3984,20260924-000332_p4_c4_r3,7805,perf_20260924-000332_p4_c4_r3,1,1857,1790201014140,0,1790201240544.759,55.613,45.309,1790201240645.681,Normal,0.9208
WIX,3984,20260924-000332_p4_c4_r3,7806,perf_20260924-000332_p4_c4_r3,1,1858,1790201014140,0,1790201240646.681,79.036,46.57,1790201240773.282,Normal,0.9651
WIX,3984,20260924-000332_p4_c4_r3,7809,perf_20260924-000332_p4_c4_r3,1,1859,1790201014140,0,1790201240774.285,32.671,47.563,1790201240855.52,Normal,0.8904
WIX,3984,20260924-000332_p4_c4_r3,7811,perf_20260924-000332_p4_c4_r3,1,1860,1790201014140,0,1790201240856.512,39.875,48.527,1790201240944.914,Normal,0.9528
WIX,3984,20260924-000332_p4_c4_r3,7812,perf_20260924-000332_p4_c4_r3,1,1861,1790201014140,0,1790201240944.914,54.68,43.066,1790201241043.509,Normal,0.9475
WIX,3984,20260924-000332_p4_c4_r3,7821,perf_20260924-000332_p4_c4_r3,1,1862,1790201014141,0,1790201241044.486,46.883,46.15,1790201241137.519,Normal,0.9423
WIX,3984,20260924-000332_p4_c4_r3,7829,perf_20260924-000332_p4_c4_r3,1,1863,1790201014142,0,1790201241137.519,60.065,44.751,1790201241243.333,Normal,0.9286
WIX,3984,20260924-000332_p4_c4_r3,7835,perf_20260924-000332_p4_c4_r3,1,1864,1790201014142,0,1790201241243.333,59.988,44.784,1790201241349.089,Normal,0.8992
WIX,3984,20260924-000332_p4_c4_r3,7837,perf_20260924-000332_p4_c4_r3,1,1865,1790201014142,0,1790201241350.09,170.382,44.547,1790201241566.015,Normal,0.9736
WIX,3984,20260924-000332_p4_c4_r3,7848,perf_20260924-000332_p4_c4_r3,1,1866,1790201014143,0,1790201241566.015,46.185,45.835,1790201241659.542,HATE,0.4125
WIX,3984,20260924-000332_p4_c4_r3,7851,perf_20260924-000332_p4_c4_r3,1,1867,1790201014143,0,1790201241660.545,41.386,44.975,1790201241746.906,Normal,0.89
WIX,3984,20260924-000332_p4_c4_r3,7852,perf_20260924-000332_p4_c4_r3,1,1868,1790201014143,0,1790201241747.902,47.006,47.677,1790201241842.585,Normal,0.826
WIX,3984,20260924-000332_p4_c4_r3,7855,perf_20260924-000332_p4_c4_r3,1,1869,1790201014143,0,1790201241843.587,46.232,43.405,1790201241934.218,Normal,0.9119
WIX,3984,20260924-000332_p4_c4_r3,7857,perf_20260924-000332_p4_c4_r3,1,1870,1790201014144,0,1790201241935.24,51.687,47.281,1790201242035.202,Normal,0.9375
WIX,3984,20260924-000332_p4_c4_r3,7861,perf_20260924-000332_p4_c4_r3,1,1871,1790201014144,0,1790201242035.202,63.08,44.929,1790201242144.211,Normal,0.8861
WIX,3984,20260924-000332_p4_c4_r3,7862,perf_20260924-000332_p4_c4_r3,1,1872,1790201014144,0,1790201242144.211,41.005,46.095,1790201242231.311,Normal,0.8738
WIX,3984,20260924-000332_p4_c4_r3,7869,perf_20260924-000332_p4_c4_r3,1,1873,1790201014144,0,1790201242231.311,54.076,46.213,1790201242332.608,Normal,0.9535
WIX,3984,20260924-000332_p4_c4_r3,7877,perf_20260924-000332_p4_c4_r3,1,1874,1790201014145,0,1790201242332.608,55.933,44.333,1790201242432.875,Normal,0.9283
WIX,3984,20260924-000332_p4_c4_r3,7882,perf_20260924-000332_p4_c4_r3,1,1875,1790201014145,0,1790201242432.875,67.968,47.024,1790201242549.254,Normal,0.8973
WIX,3984,20260924-000332_p4_c4_r3,7883,perf_20260924-000332_p4_c4_r3,1,1876,1790201014145,0,1790201242549.254,45.858,44.543,1790201242639.655,Normal,0.9527
WIX,3984,20260924-000332_p4_c4_r3,7884,perf_20260924-000332_p4_c4_r3,1,1877,1790201014145,0,1790201242639.655,51.705,43.464,1790201242736.337,Normal,0.9677
WIX,3984,20260924-000332_p4_c4_r3,7895,perf_20260924-000332_p4_c4_r3,1,1878,1790201014146,0,1790201242737.341,45.837,48.391,1790201242831.569,Normal,0.9382
WIX,3984,20260924-000332_p4_c4_r3,7901,perf_20260924-000332_p4_c4_r3,1,1879,1790201014146,0,1790201242832.559,41.066,50.296,1790201242923.921,Normal,0.8674
WIX,3984,20260924-000332_p4_c4_r3,7903,perf_20260924-000332_p4_c4_r3,1,1880,1790201014146,0,1790201242923.921,60.315,46.794,1790201243032.028,Normal,0.9255
WIX,3984,20260924-000332_p4_c4_r3,7907,perf_20260924-000332_p4_c4_r3,1,1881,1790201014147,0,1790201243033.031,57.717,49.419,1790201243140.167,Normal,0.9578
WIX,3984,20260924-000332_p4_c4_r3,7918,perf_20260924-000332_p4_c4_r3,1,1882,1790201014147,0,1790201243140.167,47.333,48.126,1790201243236.623,Normal,0.6747
WIX,3984,20260924-000332_p4_c4_r3,7926,perf_20260924-000332_p4_c4_r3,1,1883,1790201014148,0,1790201243236.623,74.321,45.505,1790201243357.006,Normal,0.9646
WIX,3984,20260924-000332_p4_c4_r3,7933,perf_20260924-000332_p4_c4_r3,1,1884,1790201014148,0,1790201243357.997,42.122,45.742,1790201243446.873,Normal,0.9457
WIX,3984,20260924-000332_p4_c4_r3,7941,perf_20260924-000332_p4_c4_r3,1,1885,1790201014149,0,1790201243446.873,56.993,45.591,1790201243550.473,Normal,0.9597
WIX,3984,20260924-000332_p4_c4_r3,7946,perf_20260924-000332_p4_c4_r3,1,1886,1790201014149,0,1790201243551.474,107.148,46.837,1790201243705.99,Normal,0.9749
WIX,3984,20260924-000332_p4_c4_r3,7957,perf_20260924-000332_p4_c4_r3,1,1887,1790201014150,0,1790201243705.99,68.709,44.237,1790201243818.936,Normal,0.9619
WIX,3984,20260924-000332_p4_c4_r3,7961,perf_20260924-000332_p4_c4_r3,1,1888,1790201014150,0,1790201243819.945,53.781,46.99,1790201243920.716,Normal,0.9726
WIX,3984,20260924-000332_p4_c4_r3,7966,perf_20260924-000332_p4_c4_r3,1,1889,1790201014150,0,1790201243920.716,48.184,45.125,1790201244014.024,Normal,0.967
WIX,3984,20260924-000332_p4_c4_r3,7969,perf_20260924-000332_p4_c4_r3,1,1890,1790201014150,0,1790201244014.024,110.635,46.546,1790201244171.206,Normal,0.9677
WIX,3984,20260924-000332_p4_c4_r3,7973,perf_20260924-000332_p4_c4_r3,1,1891,1790201014151,0,1790201244171.206,42.978,47.38,1790201244262.576,Normal,0.8975
WIX,3984,20260924-000332_p4_c4_r3,7974,perf_20260924-000332_p4_c4_r3,1,1892,1790201014151,0,1790201244263.575,53.734,46.517,1790201244364.821,Normal,0.9124
WIX,3984,20260924-000332_p4_c4_r3,7975,perf_20260924-000332_p4_c4_r3,1,1893,1790201014151,0,1790201244365.847,47.655,43.088,1790201244456.59,Normal,0.917
WIX,3984,20260924-000332_p4_c4_r3,7976,perf_20260924-000332_p4_c4_r3,1,1894,1790201014151,0,1790201244457.595,52.899,46.037,1790201244556.532,Normal,0.9366
WIX,3984,20260924-000332_p4_c4_r3,7979,perf_20260924-000332_p4_c4_r3,1,1895,1790201014151,0,1790201244557.532,47.879,47.748,1790201244654.147,Normal,0.821
WIX,3984,20260924-000332_p4_c4_r3,7989,perf_20260924-000332_p4_c4_r3,1,1896,1790201014152,0,1790201244654.683,42.319,45.134,1790201244743.148,Normal,0.9647
WIX,3984,20260924-000332_p4_c4_r3,8006,perf_20260924-000332_p4_c4_r3,1,1897,1790201014154,0,1790201244743.148,57.215,46.191,1790201244847.562,Normal,0.9675
WIX,3984,20260924-000332_p4_c4_r3,8007,perf_20260924-000332_p4_c4_r3,1,1898,1790201014154,0,1790201244848.566,62.846,45.749,1790201244957.693,Normal,0.7802
WIX,3984,20260924-000332_p4_c4_r3,8016,perf_20260924-000332_p4_c4_r3,1,1899,1790201014155,0,1790201244957.693,50.774,47.617,1790201245056.084,Normal,0.9655
WIX,3984,20260924-000332_p4_c4_r3,8018,perf_20260924-000332_p4_c4_r3,1,1900,1790201014155,0,1790201245056.084,50.711,45.989,1790201245152.784,Normal,0.8767
WIX,3984,20260924-000332_p4_c4_r3,8021,perf_20260924-000332_p4_c4_r3,1,1901,1790201014155,0,1790201245152.784,58.73,46.827,1790201245259.34,Normal,0.9732
WIX,3984,20260924-000332_p4_c4_r3,8029,perf_20260924-000332_p4_c4_r3,1,1902,1790201014156,0,1790201245259.34,30.581,50.524,1790201245341.446,Normal,0.931
WIX,3984,20260924-000332_p4_c4_r3,8031,perf_20260924-000332_p4_c4_r3,1,1903,1790201014156,0,1790201245342.445,36.912,45.01,1790201245425.108,Normal,0.955
WIX,3984,20260924-000332_p4_c4_r3,8035,perf_20260924-000332_p4_c4_r3,1,1904,1790201014156,0,1790201245425.108,57.092,47.289,1790201245530.486,Normal,0.951
WIX,3984,20260924-000332_p4_c4_r3,8039,perf_20260924-000332_p4_c4_r3,1,1905,1790201014157,0,1790201245530.486,55.661,45.593,1790201245631.74,Normal,0.9347
WIX,3984,20260924-000332_p4_c4_r3,8042,perf_20260924-000332_p4_c4_r3,1,1906,1790201014157,0,1790201245632.757,55.747,48.352,1790201245736.855,Normal,0.931
WIX,3984,20260924-000332_p4_c4_r3,8043,perf_20260924-000332_p4_c4_r3,1,1907,1790201014157,0,1790201245736.855,56.538,47.458,1790201245840.852,Normal,0.931
WIX,3984,20260924-000332_p4_c4_r3,8044,perf_20260924-000332_p4_c4_r3,1,1908,1790201014157,0,1790201245841.854,66.355,44.405,1790201245953.625,Normal,0.4125
WIX,3984,20260924-000332_p4_c4_r3,8046,perf_20260924-000332_p4_c4_r3,1,1909,1790201014157,0,1790201245954.628,44.779,45.619,1790201246045.025,Normal,0.9557
WIX,3984,20260924-000332_p4_c4_r3,8052,perf_20260924-000332_p4_c4_r3,1,1910,1790201014157,0,1790201246045.025,56.556,43.092,1790201246144.673,Normal,0.8813
WIX,3984,20260924-000332_p4_c4_r3,8053,perf_20260924-000332_p4_c4_r3,1,1911,1790201014157,0,1790201246145.676,55.444,51.089,1790201246253.21,Normal,0.9497
WIX,3984,20260924-000332_p4_c4_r3,8056,perf_20260924-000332_p4_c4_r3,1,1912,1790201014158,0,1790201246253.21,62.927,51.849,1790201246367.986,Normal,0.9561
WIX,3984,20260924-000332_p4_c4_r3,8061,perf_20260924-000332_p4_c4_r3,1,1913,1790201014158,0,1790201246368.989,62.499,46.081,1790201246478.565,Normal,0.9581
WIX,3984,20260924-000332_p4_c4_r3,8063,perf_20260924-000332_p4_c4_r3,1,1914,1790201014158,0,1790201246479.568,53.305,47.054,1790201246579.927,Normal,0.8722
WIX,3984,20260924-000332_p4_c4_r3,8075,perf_20260924-000332_p4_c4_r3,1,1915,1790201014160,0,1790201246580.927,51.858,44.057,1790201246676.842,Normal,0.967
WIX,3984,20260924-000332_p4_c4_r3,8076,perf_20260924-000332_p4_c4_r3,1,1916,1790201014160,0,1790201246677.835,55.559,46.556,1790201246780.947,Normal,0.9106
WIX,3984,20260924-000332_p4_c4_r3,8080,perf_20260924-000332_p4_c4_r3,1,1917,1790201014160,0,1790201246781.943,56.3,46.163,1790201246885.404,Normal,0.9684
WIX,3984,20260924-000332_p4_c4_r3,8091,perf_20260924-000332_p4_c4_r3,1,1918,1790201014161,0,1790201246885.404,84.064,47.947,1790201247017.416,Normal,0.9607
WIX,3984,20260924-000332_p4_c4_r3,8096,perf_20260924-000332_p4_c4_r3,1,1919,1790201014161,0,1790201247018.433,75.364,46.328,1790201247141.326,Normal,0.9682
WIX,3984,20260924-000332_p4_c4_r3,8097,perf_20260924-000332_p4_c4_r3,1,1920,1790201014161,0,1790201247141.326,69.575,47.578,1790201247259.868,Normal,0.9551
WIX,3984,20260924-000332_p4_c4_r3,8101,perf_20260924-000332_p4_c4_r3,1,1921,1790201014162,0,1790201247260.306,87.167,49.762,1790201247397.795,Normal,0.9523
WIX,3984,20260924-000332_p4_c4_r3,8102,perf_20260924-000332_p4_c4_r3,1,1922,1790201014162,0,1790201247398.82,107.217,57.672,1790201247564.82,Normal,0.9545
WIX,3984,20260924-000332_p4_c4_r3,8106,perf_20260924-000332_p4_c4_r3,1,1923,1790201014162,0,1790201247565.345,104.011,49.708,1790201247719.064,Normal,0.6932
WIX,3984,20260924-000332_p4_c4_r3,8111,perf_20260924-000332_p4_c4_r3,1,1924,1790201014162,0,1790201247720.156,81.066,47.321,1790201247848.543,Normal,0.6844
WIX,3984,20260924-000332_p4_c4_r3,8120,perf_20260924-000332_p4_c4_r3,1,1925,1790201014163,0,1790201247849.543,73.324,54.731,1790201247978.585,Normal,0.9696
WIX,3984,20260924-000332_p4_c4_r3,8121,perf_20260924-000332_p4_c4_r3,1,1926,1790201014163,0,1790201247979.823,92.665,70.265,1790201248142.753,Normal,0.942
WIX,3984,20260924-000332_p4_c4_r3,8128,perf_20260924-000332_p4_c4_r3,1,1927,1790201014163,0,1790201248142.753,75.176,46.463,1790201248265.416,Normal,0.8554
WIX,3984,20260924-000332_p4_c4_r3,8133,perf_20260924-000332_p4_c4_r3,1,1928,1790201014164,0,1790201248266.417,75.256,54.409,1790201248397.096,Normal,0.9582
WIX,3984,20260924-000332_p4_c4_r3,8136,perf_20260924-000332_p4_c4_r3,1,1929,1790201014164,0,1790201248397.096,57.547,52.276,1790201248507.916,Normal,0.968
WIX,3984,20260924-000332_p4_c4_r3,8138,perf_20260924-000332_p4_c4_r3,1,1930,1790201014164,0,1790201248508.916,55.43,44.701,1790201248610.043,Normal,0.9037
WIX,3984,20260924-000332_p4_c4_r3,8142,perf_20260924-000332_p4_c4_r3,1,1931,1790201014164,0,1790201248610.043,99.781,49.741,1790201248760.559,Normal,0.84
WIX,3984,20260924-000332_p4_c4_r3,8144,perf_20260924-000332_p4_c4_r3,1,1932,1790201014164,0,1790201248760.559,91.25,44.248,1790201248896.846,Normal,0.9077
WIX,3984,20260924-000332_p4_c4_r3,8149,perf_20260924-000332_p4_c4_r3,1,1933,1790201014165,0,1790201248897.861,105.21,51.129,1790201249054.2,Normal,0.9712
WIX,3984,20260924-000332_p4_c4_r3,8151,perf_20260924-000332_p4_c4_r3,1,1934,1790201014165,0,1790201249054.2,64.057,45.143,1790201249164.394,Normal,0.9185
WIX,3984,20260924-000332_p4_c4_r3,8157,perf_20260924-000332_p4_c4_r3,1,1935,1790201014165,0,1790201249165.396,50.016,56.667,1790201249273.178,Normal,0.9349
WIX,3984,20260924-000332_p4_c4_r3,8158,perf_20260924-000332_p4_c4_r3,1,1936,1790201014165,0,1790201249274.203,207.993,51.581,1790201249534.771,Normal,0.9741
WIX,3984,20260924-000332_p4_c4_r3,8161,perf_20260924-000332_p4_c4_r3,1,1937,1790201014165,0,1790201249535.77,90.45,52.147,1790201249678.919,Normal,0.9375
WIX,3984,20260924-000332_p4_c4_r3,8173,perf_20260924-000332_p4_c4_r3,1,1938,1790201014166,0,1790201249679.925,51.705,47.682,1790201249780.305,Normal,0.9369
WIX,3984,20260924-000332_p4_c4_r3,8180,perf_20260924-000332_p4_c4_r3,1,1939,1790201014166,0,1790201249781.305,76.793,42.301,1790201249900.398,Normal,0.9633
WIX,3984,20260924-000332_p4_c4_r3,8194,perf_20260924-000332_p4_c4_r3,1,1940,1790201014167,0,1790201249901.397,66.369,43.859,1790201250012.626,Normal,0.9608
WIX,3984,20260924-000332_p4_c4_r3,8196,perf_20260924-000332_p4_c4_r3,1,1941,1790201014167,0,1790201250012.626,73.688,42.912,1790201250130.228,Normal,0.9557
WIX,3984,20260924-000332_p4_c4_r3,8197,perf_20260924-000332_p4_c4_r3,1,1942,1790201014167,0,1790201250130.228,69.507,45.813,1790201250245.548,Normal,0.9106
WIX,3984,20260924-000332_p4_c4_r3,8200,perf_20260924-000332_p4_c4_r3,1,1943,1790201014167,0,1790201250246.547,48.608,43.727,1790201250340.402,Normal,0.9676
WIX,3984,20260924-000332_p4_c4_r3,8206,perf_20260924-000332_p4_c4_r3,1,1944,1790201014168,0,1790201250340.402,28.579,50.227,1790201250419.208,Normal,0.9546
WIX,3984,20260924-000332_p4_c4_r3,8207,perf_20260924-000332_p4_c4_r3,1,1945,1790201014168,0,1790201250419.208,37.157,48.742,1790201250505.107,Normal,0.9667
WIX,3984,20260924-000332_p4_c4_r3,8208,perf_20260924-000332_p4_c4_r3,1,1946,1790201014168,0,1790201250505.691,70.532,46.879,1790201250623.619,Normal,0.9626
WIX,3984,20260924-000332_p4_c4_r3,8210,perf_20260924-000332_p4_c4_r3,1,1947,1790201014168,0,1790201250623.619,51.555,47.315,1790201250722.489,Normal,0.9642
WIX,3984,20260924-000332_p4_c4_r3,8214,perf_20260924-000332_p4_c4_r3,1,1948,1790201014168,0,1790201250723.49,44.578,47.849,1790201250816.916,Normal,0.8988
WIX,3984,20260924-000332_p4_c4_r3,8217,perf_20260924-000332_p4_c4_r3,1,1949,1790201014168,0,1790201250817.934,83.38,48.634,1790201250950.953,Normal,0.9709
WIX,3984,20260924-000332_p4_c4_r3,8220,perf_20260924-000332_p4_c4_r3,1,1950,1790201014168,0,1790201250952.003,53.215,48.477,1790201251054.694,Normal,0.8656
WIX,3984,20260924-000332_p4_c4_r3,8228,perf_20260924-000332_p4_c4_r3,1,1951,1790201014169,0,1790201251054.694,79.306,45.462,1790201251180.46,Normal,0.9599
WIX,3984,20260924-000332_p4_c4_r3,8229,perf_20260924-000332_p4_c4_r3,1,1952,1790201014169,0,1790201251180.46,39.949,44.445,1790201251264.854,Normal,0.9421
WIX,3984,20260924-000332_p4_c4_r3,8230,perf_20260924-000332_p4_c4_r3,1,1953,1790201014169,0,1790201251265.854,28.382,46.217,1790201251340.453,Normal,0.9527
WIX,3984,20260924-000332_p4_c4_r3,8237,perf_20260924-000332_p4_c4_r3,1,1954,1790201014169,0,1790201251340.453,44.366,46.312,1790201251432.13,Normal,0.901
WIX,3984,20260924-000332_p4_c4_r3,8241,perf_20260924-000332_p4_c4_r3,1,1955,1790201014170,0,1790201251433.13,57.126,51.039,1790201251541.295,Normal,0.9119
WIX,3984,20260924-000332_p4_c4_r3,8242,perf_20260924-000332_p4_c4_r3,1,1956,1790201014170,0,1790201251541.295,143.544,46.019,1790201251731.858,Normal,0.9745
WIX,3984,20260924-000332_p4_c4_r3,8244,perf_20260924-000332_p4_c4_r3,1,1957,1790201014170,0,1790201251731.858,35.295,47.503,1790201251814.656,Normal,0.9245
WIX,3984,20260924-000332_p4_c4_r3,8249,perf_20260924-000332_p4_c4_r3,1,1958,1790201014170,0,1790201251815.662,51.167,49.911,1790201251916.74,Normal,0.9711
WIX,3984,20260924-000332_p4_c4_r3,8251,perf_20260924-000332_p4_c4_r3,1,1959,1790201014170,0,1790201251916.74,46.653,45.069,1790201252009.473,Normal,0.9747
WIX,3984,20260924-000332_p4_c4_r3,8255,perf_20260924-000332_p4_c4_r3,1,1960,1790201014170,0,1790201252010.012,66.139,46.476,1790201252123.617,Normal,0.968
WIX,3984,20260924-000332_p4_c4_r3,8264,perf_20260924-000332_p4_c4_r3,1,1961,1790201014173,0,1790201252123.617,47.398,45.876,1790201252216.891,Normal,0.9375
WIX,3984,20260924-000332_p4_c4_r3,8265,perf_20260924-000332_p4_c4_r3,1,1962,1790201014173,0,1790201252216.891,58.736,45.067,1790201252322.256,Normal,0.9751
WIX,3984,20260924-000332_p4_c4_r3,8266,perf_20260924-000332_p4_c4_r3,1,1963,1790201014173,0,1790201252322.256,43.711,43.158,1790201252410.141,Normal,0.946
WIX,3984,20260924-000332_p4_c4_r3,8276,perf_20260924-000332_p4_c4_r3,1,1964,1790201014175,0,1790201252410.141,58.578,45.16,1790201252514.876,Normal,0.9539
WIX,3984,20260924-000332_p4_c4_r3,8279,perf_20260924-000332_p4_c4_r3,1,1965,1790201014175,0,1790201252514.876,111.168,50.102,1790201252676.146,Normal,0.9799
WIX,3984,20260924-000332_p4_c4_r3,8280,perf_20260924-000332_p4_c4_r3,1,1966,1790201014175,0,1790201252677.156,61.091,46.616,1790201252785.828,Normal,0.9695
WIX,3984,20260924-000332_p4_c4_r3,8281,perf_20260924-000332_p4_c4_r3,1,1967,1790201014175,0,1790201252785.828,78.782,47.226,1790201252912.822,Normal,0.9534
WIX,3984,20260924-000332_p4_c4_r3,8283,perf_20260924-000332_p4_c4_r3,1,1968,1790201014175,0,1790201252912.822,54.987,46.279,1790201253015.924,Normal,0.8952
WIX,3984,20260924-000332_p4_c4_r3,8291,perf_20260924-000332_p4_c4_r3,1,1969,1790201014176,0,1790201253015.924,37.985,46.719,1790201253101.143,Normal,0.8839
WIX,3984,20260924-000332_p4_c4_r3,8292,perf_20260924-000332_p4_c4_r3,1,1970,1790201014176,0,1790201253102.164,35.771,48.156,1790201253186.091,Normal,0.9493
WIX,3984,20260924-000332_p4_c4_r3,8296,perf_20260924-000332_p4_c4_r3,1,1971,1790201014176,0,1790201253186.091,46.999,45.505,1790201253279.745,Normal,0.9715
WIX,3984,20260924-000332_p4_c4_r3,8299,perf_20260924-000332_p4_c4_r3,1,1972,1790201014176,0,1790201253280.746,59.663,44.379,1790201253385.788,Normal,0.9724
WIX,3984,20260924-000332_p4_c4_r3,8306,perf_20260924-000332_p4_c4_r3,1,1973,1790201014176,0,1790201253386.789,49.725,45.797,1790201253482.312,Normal,0.9428
WIX,3984,20260924-000332_p4_c4_r3,8308,perf_20260924-000332_p4_c4_r3,1,1974,1790201014176,0,1790201253482.312,57.622,46.268,1790201253586.201,Normal,0.9724
WIX,3984,20260924-000332_p4_c4_r3,8312,perf_20260924-000332_p4_c4_r3,1,1975,1790201014177,0,1790201253586.201,46.712,48.185,1790201253682.097,Normal,0.9635
WIX,3984,20260924-000332_p4_c4_r3,8319,perf_20260924-000332_p4_c4_r3,1,1976,1790201014177,0,1790201253682.097,51.785,49.099,1790201253782.981,Normal,0.8752
WIX,3984,20260924-000332_p4_c4_r3,8320,perf_20260924-000332_p4_c4_r3,1,1977,1790201014177,0,1790201253784.001,59.647,46.515,1790201253890.163,OFFENSIVE,0.4353
WIX,3984,20260924-000332_p4_c4_r3,8321,perf_20260924-000332_p4_c4_r3,1,1978,1790201014177,0,1790201253890.163,75.618,47.795,1790201254015.153,Normal,0.9226
WIX,3984,20260924-000332_p4_c4_r3,8322,perf_20260924-000332_p4_c4_r3,1,1979,1790201014177,0,1790201254015.153,81.893,47.412,1790201254144.458,Normal,0.4597
WIX,3984,20260924-000332_p4_c4_r3,8323,perf_20260924-000332_p4_c4_r3,1,1980,1790201014177,0,1790201254144.458,86.395,43.301,1790201254275.148,Normal,0.9517
WIX,3984,20260924-000332_p4_c4_r3,8327,perf_20260924-000332_p4_c4_r3,1,1981,1790201014178,0,1790201254275.148,54.342,46.497,1790201254375.986,Normal,0.8087
WIX,3984,20260924-000332_p4_c4_r3,8331,perf_20260924-000332_p4_c4_r3,1,1982,1790201014178,0,1790201254375.986,36.707,47.759,1790201254460.451,Normal,0.7808
WIX,3984,20260924-000332_p4_c4_r3,8332,perf_20260924-000332_p4_c4_r3,1,1983,1790201014178,0,1790201254460.793,33.606,49.339,1790201254544.551,Normal,0.9095
WIX,3984,20260924-000332_p4_c4_r3,8334,perf_20260924-000332_p4_c4_r3,1,1984,1790201014178,0,1790201254544.551,57.633,51.068,1790201254654.23,Normal,0.9484
WIX,3984,20260924-000332_p4_c4_r3,8337,perf_20260924-000332_p4_c4_r3,1,1985,1790201014178,0,1790201254654.23,56.823,44.584,1790201254755.638,Normal,0.9526
WIX,3984,20260924-000332_p4_c4_r3,8338,perf_20260924-000332_p4_c4_r3,1,1986,1790201014178,0,1790201254755.638,43.303,45.698,1790201254845.641,Normal,0.924
WIX,3984,20260924-000332_p4_c4_r3,8340,perf_20260924-000332_p4_c4_r3,1,1987,1790201014178,0,1790201254845.641,47.172,44.448,1790201254937.261,Normal,0.9545
WIX,3984,20260924-000332_p4_c4_r3,8344,perf_20260924-000332_p4_c4_r3,1,1988,1790201014179,0,1790201254938.292,43.846,45.756,1790201255028.948,Normal,0.963
WIX,3984,20260924-000332_p4_c4_r3,8349,perf_20260924-000332_p4_c4_r3,1,1989,1790201014179,0,1790201255028.948,34.945,47.219,1790201255112.109,Normal,0.8975
WIX,3984,20260924-000332_p4_c4_r3,8355,perf_20260924-000332_p4_c4_r3,1,1990,1790201014179,0,1790201255112.665,39.658,48.269,1790201255201.597,Normal,0.9491
WIX,3984,20260924-000332_p4_c4_r3,8359,perf_20260924-000332_p4_c4_r3,1,1991,1790201014180,0,1790201255201.597,42.676,47.664,1790201255292.958,Normal,0.9114
WIX,3984,20260924-000332_p4_c4_r3,8362,perf_20260924-000332_p4_c4_r3,1,1992,1790201014180,0,1790201255293.96,90.366,53.636,1790201255438.958,Normal,0.9775
WIX,3984,20260924-000332_p4_c4_r3,8364,perf_20260924-000332_p4_c4_r3,1,1993,1790201014180,0,1790201255438.958,52.973,46.389,1790201255539.307,Normal,0.9085
WIX,3984,20260924-000332_p4_c4_r3,8366,perf_20260924-000332_p4_c4_r3,1,1994,1790201014180,0,1790201255539.307,68.797,46.648,1790201255654.752,Normal,0.9171
WIX,3984,20260924-000332_p4_c4_r3,8370,perf_20260924-000332_p4_c4_r3,1,1995,1790201014180,0,1790201255654.752,43.635,45.813,1790201255745.197,Normal,0.9665
WIX,3984,20260924-000332_p4_c4_r3,8372,perf_20260924-000332_p4_c4_r3,1,1996,1790201014180,0,1790201255746.234,41.484,48.812,1790201255836.53,Normal,0.9298
WIX,3984,20260924-000332_p4_c4_r3,8375,perf_20260924-000332_p4_c4_r3,1,1997,1790201014180,0,1790201255836.53,28.768,49.536,1790201255915.823,Normal,0.8802
WIX,3984,20260924-000332_p4_c4_r3,8376,perf_20260924-000332_p4_c4_r3,1,1998,1790201014181,0,1790201255916.825,53.036,48.565,1790201256018.426,Normal,0.9375
WIX,3984,20260924-000332_p4_c4_r3,8380,perf_20260924-000332_p4_c4_r3,1,1999,1790201014181,0,1790201256019.427,74.634,47.519,1790201256141.58,Normal,0.9071
WIX,3984,20260924-000332_p4_c4_r3,8381,perf_20260924-000332_p4_c4_r3,1,2000,1790201014181,0,1790201256142.587,65.673,44.836,1790201256253.096,Normal,0.9731
WIX,3984,20260924-000332_p4_c4_r3,8386,perf_20260924-000332_p4_c4_r3,1,2001,1790201014181,0,1790201256253.096,54.404,46.686,1790201256355.192,Normal,0.5031
WIX,3984,20260924-000332_p4_c4_r3,8387,perf_20260924-000332_p4_c4_r3,1,2002,1790201014181,0,1790201256356.186,123.117,47.124,1790201256526.811,Normal,0.961
WIX,3984,20260924-000332_p4_c4_r3,8390,perf_20260924-000332_p4_c4_r3,1,2003,1790201014181,0,1790201256527.805,45.681,45.044,1790201256619.254,Normal,0.9423
WIX,3984,20260924-000332_p4_c4_r3,8392,perf_20260924-000332_p4_c4_r3,1,2004,1790201014182,0,1790201256620.254,54.677,46.665,1790201256721.596,Normal,0.9423
WIX,3984,20260924-000332_p4_c4_r3,8400,perf_20260924-000332_p4_c4_r3,1,2005,1790201014182,0,1790201256722.594,57.815,45.654,1790201256826.063,Normal,0.9182
WIX,3984,20260924-000332_p4_c4_r3,8409,perf_20260924-000332_p4_c4_r3,1,2006,1790201014183,0,1790201256826.573,47.568,45.782,1790201256920.921,Normal,0.9189
WIX,3984,20260924-000332_p4_c4_r3,8414,perf_20260924-000332_p4_c4_r3,1,2007,1790201014183,0,1790201256920.921,36.028,47.059,1790201257005.01,Normal,0.9423
WIX,3984,20260924-000332_p4_c4_r3,8415,perf_20260924-000332_p4_c4_r3,1,2008,1790201014183,0,1790201257005.01,31.049,49.366,1790201257086.422,Normal,0.9314
WIX,3984,20260924-000332_p4_c4_r3,8418,perf_20260924-000332_p4_c4_r3,1,2009,1790201014183,0,1790201257087.446,51.105,47.759,1790201257187.309,Normal,0.9621
WIX,3984,20260924-000332_p4_c4_r3,8427,perf_20260924-000332_p4_c4_r3,1,2010,1790201014184,0,1790201257187.309,52.804,46.099,1790201257286.211,Normal,0.826
WIX,3984,20260924-000332_p4_c4_r3,8432,perf_20260924-000332_p4_c4_r3,1,2011,1790201014184,0,1790201257286.758,50.488,49.175,1790201257387.515,Normal,0.9423
WIX,3984,20260924-000332_p4_c4_r3,8433,perf_20260924-000332_p4_c4_r3,1,2012,1790201014184,0,1790201257389.024,66.719,55.639,1790201257511.936,Normal,0.9286
WIX,3984,20260924-000332_p4_c4_r3,8434,perf_20260924-000332_p4_c4_r3,1,2013,1790201014184,0,1790201257513.026,86.8,51.415,1790201257651.242,Normal,0.9196
WIX,3984,20260924-000332_p4_c4_r3,8441,perf_20260924-000332_p4_c4_r3,1,2014,1790201014184,0,1790201257651.242,59.918,43.059,1790201257755.233,Normal,0.8543
WIX,3984,20260924-000332_p4_c4_r3,8446,perf_20260924-000332_p4_c4_r3,1,2015,1790201014185,0,1790201257755.233,35.161,45.641,1790201257837.091,Normal,0.9664
WIX,3984,20260924-000332_p4_c4_r3,8448,perf_20260924-000332_p4_c4_r3,1,2016,1790201014185,0,1790201257837.091,36.009,47.641,1790201257920.741,Normal,0.7611
WIX,3984,20260924-000332_p4_c4_r3,8452,perf_20260924-000332_p4_c4_r3,1,2017,1790201014185,0,1790201257921.74,43.993,44.905,1790201258010.638,Normal,0.9308
WIX,3984,20260924-000332_p4_c4_r3,8457,perf_20260924-000332_p4_c4_r3,1,2018,1790201014185,0,1790201258010.638,164.012,48.137,1790201258222.787,Normal,0.8677
WIX,3984,20260924-000332_p4_c4_r3,8458,perf_20260924-000332_p4_c4_r3,1,2019,1790201014185,0,1790201258223.787,63.469,43.221,1790201258330.477,Normal,0.9591
WIX,3984,20260924-000332_p4_c4_r3,8467,perf_20260924-000332_p4_c4_r3,1,2020,1790201014186,0,1790201258331.523,46.972,44.732,1790201258424.223,Normal,0.9423
WIX,3984,20260924-000332_p4_c4_r3,8472,perf_20260924-000332_p4_c4_r3,1,2021,1790201014186,0,1790201258424.223,41.396,56.836,1790201258523.67,Normal,0.9308
WIX,3984,20260924-000332_p4_c4_r3,8473,perf_20260924-000332_p4_c4_r3,1,2022,1790201014186,0,1790201258523.67,46.74,47.112,1790201258618.535,Normal,0.9585
WIX,3984,20260924-000332_p4_c4_r3,8475,perf_20260924-000332_p4_c4_r3,1,2023,1790201014187,0,1790201258618.535,55.359,46.539,1790201258720.973,Normal,0.9654
WIX,3984,20260924-000332_p4_c4_r3,8477,perf_20260924-000332_p4_c4_r3,1,2024,1790201014188,0,1790201258721.517,60.986,44.665,1790201258827.169,Normal,0.9397
WIX,3984,20260924-000332_p4_c4_r3,8480,perf_20260924-000332_p4_c4_r3,1,2025,1790201014188,0,1790201258828.168,77.634,48.465,1790201258955.253,Normal,0.9611
WIX,3984,20260924-000332_p4_c4_r3,8484,perf_20260924-000332_p4_c4_r3,1,2026,1790201014189,0,1790201258956.258,70.586,50.623,1790201259078.465,Normal,0.9699
WIX,3984,20260924-000332_p4_c4_r3,8485,perf_20260924-000332_p4_c4_r3,1,2027,1790201014189,0,1790201259079.47,64.296,45.086,1790201259189.837,Normal,0.5179
WIX,3984,20260924-000332_p4_c4_r3,8486,perf_20260924-000332_p4_c4_r3,1,2028,1790201014189,0,1790201259189.837,64.816,46.885,1790201259301.538,HATE,0.8058
WIX,3984,20260924-000332_p4_c4_r3,8499,perf_20260924-000332_p4_c4_r3,1,2029,1790201014190,0,1790201259301.538,65.22,47.856,1790201259414.614,Normal,0.9335
WIX,3984,20260924-000332_p4_c4_r3,8505,perf_20260924-000332_p4_c4_r3,1,2030,1790201014191,0,1790201259415.163,59.941,44.901,1790201259520.005,HATE,0.3649
WIX,3984,20260924-000332_p4_c4_r3,8506,perf_20260924-000332_p4_c4_r3,1,2031,1790201014191,0,1790201259521.005,51.652,49.592,1790201259622.249,Normal,0.72
WIX,3984,20260924-000332_p4_c4_r3,8508,perf_20260924-000332_p4_c4_r3,1,2032,1790201014191,0,1790201259622.249,50.02,54.094,1790201259726.363,Normal,0.9699
WIX,3984,20260924-000332_p4_c4_r3,8512,perf_20260924-000332_p4_c4_r3,1,2033,1790201014191,0,1790201259727.38,54.754,49.647,1790201259832.778,Normal,0.955
WIX,3984,20260924-000332_p4_c4_r3,8513,perf_20260924-000332_p4_c4_r3,1,2034,1790201014191,0,1790201259833.326,103.211,50.862,1790201259988.386,Normal,0.9619
WIX,3984,20260924-000332_p4_c4_r3,8516,perf_20260924-000332_p4_c4_r3,1,2035,1790201014192,0,1790201259989.376,70.498,51.146,1790201260113.021,Normal,0.9631
WIX,3984,20260924-000332_p4_c4_r3,8523,perf_20260924-000332_p4_c4_r3,1,2036,1790201014192,0,1790201260114.543,80.072,61.951,1790201260257.948,Normal,0.8839
WIX,3984,20260924-000332_p4_c4_r3,8525,perf_20260924-000332_p4_c4_r3,1,2037,1790201014192,0,1790201260258.948,79.725,49.554,1790201260388.741,Normal,0.9571
WIX,3984,20260924-000332_p4_c4_r3,8532,perf_20260924-000332_p4_c4_r3,1,2038,1790201014193,0,1790201260389.759,52.858,46.986,1790201260490.601,Normal,0.9179
WIX,3984,20260924-000332_p4_c4_r3,8534,perf_20260924-000332_p4_c4_r3,1,2039,1790201014193,0,1790201260490.601,136.785,50.525,1790201260677.911,Normal,0.9818
WIX,3984,20260924-000332_p4_c4_r3,8537,perf_20260924-000332_p4_c4_r3,1,2040,1790201014193,0,1790201260678.902,76.574,50.551,1790201260807.023,Normal,0.9763
WIX,3984,20260924-000332_p4_c4_r3,8541,perf_20260924-000332_p4_c4_r3,1,2041,1790201014193,0,1790201260808.061,63.768,46.511,1790201260918.34,Normal,0.9748
WIX,3984,20260924-000332_p4_c4_r3,8543,perf_20260924-000332_p4_c4_r3,1,2042,1790201014193,0,1790201260919.341,61.95,51.508,1790201261032.799,Normal,0.963
WIX,3984,20260924-000332_p4_c4_r3,8544,perf_20260924-000332_p4_c4_r3,1,2043,1790201014193,0,1790201261033.807,66.764,48.286,1790201261149.882,Normal,0.963
WIX,3984,20260924-000332_p4_c4_r3,8549,perf_20260924-000332_p4_c4_r3,1,2044,1790201014194,0,1790201261150.878,90.112,49.855,1790201261290.845,Normal,0.8299
WIX,3984,20260924-000332_p4_c4_r3,8555,perf_20260924-000332_p4_c4_r3,1,2045,1790201014194,0,1790201261291.851,78.115,47.323,1790201261418.289,Normal,0.9761
WIX,3984,20260924-000332_p4_c4_r3,8557,perf_20260924-000332_p4_c4_r3,1,2046,1790201014194,0,1790201261419.286,103.126,45.134,1790201261567.547,Normal,0.974
WIX,3984,20260924-000332_p4_c4_r3,8560,perf_20260924-000332_p4_c4_r3,1,2047,1790201014194,0,1790201261567.547,64.547,49.134,1790201261682.215,Normal,0.9375
WIX,3984,20260924-000332_p4_c4_r3,8570,perf_20260924-000332_p4_c4_r3,1,2048,1790201014195,0,1790201261683.214,72.06,46.366,1790201261801.64,Normal,0.9622
WIX,3984,20260924-000332_p4_c4_r3,8571,perf_20260924-000332_p4_c4_r3,1,2049,1790201014195,0,1790201261802.649,63.165,44.939,1790201261911.757,Normal,0.8541
WIX,3984,20260924-000332_p4_c4_r3,8577,perf_20260924-000332_p4_c4_r3,1,2050,1790201014195,0,1790201261912.759,75.644,52.562,1790201262042.134,Normal,0.9616
WIX,3984,20260924-000332_p4_c4_r3,8589,perf_20260924-000332_p4_c4_r3,1,2051,1790201014196,0,1790201262042.134,43.105,49.534,1790201262135.772,Normal,0.8297
WIX,3984,20260924-000332_p4_c4_r3,8592,perf_20260924-000332_p4_c4_r3,1,2052,1790201014196,0,1790201262135.772,41.909,49.063,1790201262227.742,Normal,0.9506
WIX,3984,20260924-000332_p4_c4_r3,8597,perf_20260924-000332_p4_c4_r3,1,2053,1790201014197,0,1790201262227.742,64.537,47.662,1790201262340.943,Normal,0.9149
WIX,3984,20260924-000332_p4_c4_r3,8605,perf_20260924-000332_p4_c4_r3,1,2054,1790201014197,0,1790201262341.943,57.034,47.502,1790201262447.481,Normal,0.9403
WIX,3984,20260924-000332_p4_c4_r3,8615,perf_20260924-000332_p4_c4_r3,1,2055,1790201014198,0,1790201262448.481,63.272,46.079,1790201262557.832,Normal,0.9642
WIX,3984,20260924-000332_p4_c4_r3,8616,perf_20260924-000332_p4_c4_r3,1,2056,1790201014198,0,1790201262558.834,83.778,45.251,1790201262687.863,Normal,0.9339
WIX,3984,20260924-000332_p4_c4_r3,8624,perf_20260924-000332_p4_c4_r3,1,2057,1790201014198,0,1790201262687.863,68.837,45.561,1790201262802.261,Normal,0.9433
WIX,3984,20260924-000332_p4_c4_r3,8626,perf_20260924-000332_p4_c4_r3,1,2058,1790201014198,0,1790201262802.261,51.593,47.234,1790201262902.078,Normal,0.8437
WIX,3984,20260924-000332_p4_c4_r3,8628,perf_20260924-000332_p4_c4_r3,1,2059,1790201014198,0,1790201262902.63,52.791,43.106,1790201262999.657,Normal,0.7639
WIX,3984,20260924-000332_p4_c4_r3,8630,perf_20260924-000332_p4_c4_r3,1,2060,1790201014199,0,1790201262999.657,33.579,48.009,1790201263081.245,Normal,0.9561
WIX,3984,20260924-000332_p4_c4_r3,8631,perf_20260924-000332_p4_c4_r3,1,2061,1790201014199,0,1790201263082.248,45.702,45.262,1790201263174.212,Normal,0.9577
WIX,3984,20260924-000332_p4_c4_r3,8636,perf_20260924-000332_p4_c4_r3,1,2062,1790201014199,0,1790201263174.212,49.902,44.78,1790201263268.894,Normal,0.9223
WIX,3984,20260924-000332_p4_c4_r3,8638,perf_20260924-000332_p4_c4_r3,1,2063,1790201014199,0,1790201263269.894,41.296,50.068,1790201263362.255,Normal,0.9538
WIX,3984,20260924-000332_p4_c4_r3,8644,perf_20260924-000332_p4_c4_r3,1,2064,1790201014200,0,1790201263362.255,63.951,51.322,1790201263477.529,Normal,0.9081
WIX,3984,20260924-000332_p4_c4_r3,8645,perf_20260924-000332_p4_c4_r3,1,2065,1790201014200,0,1790201263477.529,72.356,45.71,1790201263595.595,Normal,0.9474
WIX,3984,20260924-000332_p4_c4_r3,8650,perf_20260924-000332_p4_c4_r3,1,2066,1790201014200,0,1790201263595.595,51.34,44.89,1790201263691.825,Normal,0.9159
WIX,3984,20260924-000332_p4_c4_r3,8656,perf_20260924-000332_p4_c4_r3,1,2067,1790201014200,0,1790201263692.826,58.082,48.81,1790201263800.717,Normal,0.9478
WIX,3984,20260924-000332_p4_c4_r3,8661,perf_20260924-000332_p4_c4_r3,1,2068,1790201014201,0,1790201263800.717,41.081,46.139,1790201263888.926,Normal,0.9259
WIX,3984,20260924-000332_p4_c4_r3,8664,perf_20260924-000332_p4_c4_r3,1,2069,1790201014201,0,1790201263888.926,43.643,45.204,1790201263978.771,Normal,0.8295
WIX,3984,20260924-000332_p4_c4_r3,8669,perf_20260924-000332_p4_c4_r3,1,2070,1790201014201,0,1790201263979.777,42.766,49.177,1790201264072.733,Normal,0.9616
WIX,3984,20260924-000332_p4_c4_r3,8672,perf_20260924-000332_p4_c4_r3,1,2071,1790201014201,0,1790201264072.733,38.791,47.707,1790201264159.23,Normal,0.9707
WIX,3984,20260924-000332_p4_c4_r3,8674,perf_20260924-000332_p4_c4_r3,1,2072,1790201014201,0,1790201264159.23,53.682,48.435,1790201264262.353,Normal,0.5716
WIX,3984,20260924-000332_p4_c4_r3,8679,perf_20260924-000332_p4_c4_r3,1,2073,1790201014202,0,1790201264262.353,61.981,47.846,1790201264372.18,Normal,0.9144
WIX,3984,20260924-000332_p4_c4_r3,8680,perf_20260924-000332_p4_c4_r3,1,2074,1790201014202,0,1790201264373.18,59.549,44.94,1790201264478.671,Normal,0.9611
WIX,3984,20260924-000332_p4_c4_r3,8682,perf_20260924-000332_p4_c4_r3,1,2075,1790201014202,0,1790201264478.671,51.136,43.236,1790201264573.612,Normal,0.9439
WIX,3984,20260924-000332_p4_c4_r3,8685,perf_20260924-000332_p4_c4_r3,1,2076,1790201014202,0,1790201264573.612,65.169,45.698,1790201264685.46,Normal,0.9458
WIX,3984,20260924-000332_p4_c4_r3,8686,perf_20260924-000332_p4_c4_r3,1,2077,1790201014202,0,1790201264685.46,57.728,44.119,1790201264788.306,Normal,0.9679
WIX,3984,20260924-000332_p4_c4_r3,8688,perf_20260924-000332_p4_c4_r3,1,2078,1790201014203,0,1790201264789.31,48.377,46.144,1790201264884.347,Normal,0.9745
WIX,3984,20260924-000332_p4_c4_r3,8690,perf_20260924-000332_p4_c4_r3,1,2079,1790201014203,0,1790201264885.361,37.368,46.562,1790201264969.291,Normal,0.8786
WIX,3984,20260924-000332_p4_c4_r3,8695,perf_20260924-000332_p4_c4_r3,1,2080,1790201014204,0,1790201264970.327,73.672,44.653,1790201265088.652,Normal,0.9618
WIX,3984,20260924-000332_p4_c4_r3,8696,perf_20260924-000332_p4_c4_r3,1,2081,1790201014204,0,1790201265088.652,47.209,44.391,1790201265181.245,Normal,0.9099
WIX,3984,20260924-000332_p4_c4_r3,8698,perf_20260924-000332_p4_c4_r3,1,2082,1790201014204,0,1790201265182.245,58.653,45.347,1790201265287.766,Normal,0.9736
WIX,3984,20260924-000332_p4_c4_r3,8699,perf_20260924-000332_p4_c4_r3,1,2083,1790201014204,0,1790201265288.774,47.193,46.935,1790201265383.53,Normal,0.9525
WIX,3984,20260924-000332_p4_c4_r3,8700,perf_20260924-000332_p4_c4_r3,1,2084,1790201014204,0,1790201265384.546,54.809,49.553,1790201265488.907,Normal,0.9713
WIX,3984,20260924-000332_p4_c4_r3,8707,perf_20260924-000332_p4_c4_r3,1,2085,1790201014206,0,1790201265488.907,69.773,46.192,1790201265604.872,Normal,0.9736
WIX,3984,20260924-000332_p4_c4_r3,8708,perf_20260924-000332_p4_c4_r3,1,2086,1790201014206,0,1790201265605.872,64.036,45.573,1790201265715.482,Normal,0.9773
WIX,3984,20260924-000332_p4_c4_r3,8709,perf_20260924-000332_p4_c4_r3,1,2087,1790201014206,0,1790201265715.482,46.627,44.807,1790201265806.916,Normal,0.7889
WIX,3984,20260924-000332_p4_c4_r3,8716,perf_20260924-000332_p4_c4_r3,1,2088,1790201014207,0,1790201265806.916,37.683,43.032,1790201265889.143,Normal,0.9442
WIX,3984,20260924-000332_p4_c4_r3,8719,perf_20260924-000332_p4_c4_r3,1,2089,1790201014207,0,1790201265890.147,50.443,43.543,1790201265985.145,Normal,0.9649
WIX,3984,20260924-000332_p4_c4_r3,8722,perf_20260924-000332_p4_c4_r3,1,2090,1790201014207,0,1790201265986.145,44.062,47.979,1790201266079.182,Normal,0.9026
WIX,3984,20260924-000332_p4_c4_r3,8723,perf_20260924-000332_p4_c4_r3,1,2091,1790201014207,0,1790201266080.183,47.691,46.709,1790201266176.096,Normal,0.9309
WIX,3984,20260924-000332_p4_c4_r3,8724,perf_20260924-000332_p4_c4_r3,1,2092,1790201014207,0,1790201266176.096,80.942,44.909,1790201266302.937,Normal,0.971
WIX,3984,20260924-000332_p4_c4_r3,8725,perf_20260924-000332_p4_c4_r3,1,2093,1790201014207,0,1790201266303.939,63.809,48.258,1790201266416.007,Normal,0.9625
WIX,3984,20260924-000332_p4_c4_r3,8726,perf_20260924-000332_p4_c4_r3,1,2094,1790201014207,0,1790201266416.007,51.344,44.525,1790201266512.883,Normal,0.9577
WIX,3984,20260924-000332_p4_c4_r3,8735,perf_20260924-000332_p4_c4_r3,1,2095,1790201014208,0,1790201266513.881,52.242,46.434,1790201266613.553,Normal,0.5838
WIX,3984,20260924-000332_p4_c4_r3,8739,perf_20260924-000332_p4_c4_r3,1,2096,1790201014208,0,1790201266614.552,77.46,44.862,1790201266738.403,Normal,0.9656
WIX,3984,20260924-000332_p4_c4_r3,8742,perf_20260924-000332_p4_c4_r3,1,2097,1790201014209,0,1790201266739.431,53.252,45.456,1790201266838.14,Normal,0.961
WIX,3984,20260924-000332_p4_c4_r3,8748,perf_20260924-000332_p4_c4_r3,1,2098,1790201014209,0,1790201266839.168,79.871,45.623,1790201266965.659,Normal,0.92
WIX,3984,20260924-000332_p4_c4_r3,8761,perf_20260924-000332_p4_c4_r3,1,2099,1790201014210,0,1790201266966.658,65.815,46.515,1790201267078.988,OFFENSIVE,0.8051
WIX,3984,20260924-000332_p4_c4_r3,8773,perf_20260924-000332_p4_c4_r3,1,2100,1790201014210,0,1790201267080.001,53.603,46.939,1790201267180.543,Normal,0.9367
WIX,3984,20260924-000332_p4_c4_r3,8775,perf_20260924-000332_p4_c4_r3,1,2101,1790201014211,0,1790201267180.543,150.538,51.776,1790201267383.888,Normal,0.9405
WIX,3984,20260924-000332_p4_c4_r3,8785,perf_20260924-000332_p4_c4_r3,1,2102,1790201014211,0,1790201267383.888,62.526,65.191,1790201267512.126,Normal,0.9457
WIX,3984,20260924-000332_p4_c4_r3,8787,perf_20260924-000332_p4_c4_r3,1,2103,1790201014211,0,1790201267512.703,78.398,46.254,1790201267637.908,Normal,0.8827
WIX,3984,20260924-000332_p4_c4_r3,8793,perf_20260924-000332_p4_c4_r3,1,2104,1790201014212,0,1790201267637.908,50.043,46.048,1790201267734.999,Normal,0.7967
WIX,3984,20260924-000332_p4_c4_r3,8794,perf_20260924-000332_p4_c4_r3,1,2105,1790201014212,0,1790201267736.01,47.105,44.377,1790201267828.49,Normal,0.9593
WIX,3984,20260924-000332_p4_c4_r3,8797,perf_20260924-000332_p4_c4_r3,1,2106,1790201014212,0,1790201267828.49,43.887,44.191,1790201267917.573,Normal,0.9262
WIX,3984,20260924-000332_p4_c4_r3,8799,perf_20260924-000332_p4_c4_r3,1,2107,1790201014212,0,1790201267917.573,186.4,44.884,1790201268148.857,Normal,0.9743
WIX,3984,20260924-000332_p4_c4_r3,8803,perf_20260924-000332_p4_c4_r3,1,2108,1790201014212,0,1790201268149.853,60.555,45.77,1790201268256.178,Normal,0.9377
WIX,3984,20260924-000332_p4_c4_r3,8811,perf_20260924-000332_p4_c4_r3,1,2109,1790201014213,0,1790201268257.577,104.805,47.16,1790201268410.542,Normal,0.9518
WIX,3984,20260924-000332_p4_c4_r3,8817,perf_20260924-000332_p4_c4_r3,1,2110,1790201014213,0,1790201268411.542,59.553,44.749,1790201268515.844,Normal,0.8687
WIX,3984,20260924-000332_p4_c4_r3,8826,perf_20260924-000332_p4_c4_r3,1,2111,1790201014214,0,1790201268516.863,55.828,47.153,1790201268619.844,Normal,0.9577
WIX,3984,20260924-000332_p4_c4_r3,8828,perf_20260924-000332_p4_c4_r3,1,2112,1790201014214,0,1790201268620.844,56.637,45.081,1790201268722.561,Normal,0.9401
WIX,3984,20260924-000332_p4_c4_r3,8829,perf_20260924-000332_p4_c4_r3,1,2113,1790201014214,0,1790201268722.561,65.377,45.517,1790201268833.455,Normal,0.9659
WIX,3984,20260924-000332_p4_c4_r3,8830,perf_20260924-000332_p4_c4_r3,1,2114,1790201014214,0,1790201268833.455,52.797,47.24,1790201268933.492,Normal,0.9685
WIX,3984,20260924-000332_p4_c4_r3,8837,perf_20260924-000332_p4_c4_r3,1,2115,1790201014214,0,1790201268934.496,53.266,47.46,1790201269036.217,Normal,0.9725
WIX,3984,20260924-000332_p4_c4_r3,8850,perf_20260924-000332_p4_c4_r3,1,2116,1790201014215,0,1790201269037.215,52.932,46.483,1790201269136.63,Normal,0.9714
WIX,3984,20260924-000332_p4_c4_r3,8851,perf_20260924-000332_p4_c4_r3,1,2117,1790201014215,0,1790201269137.629,63.865,44.973,1790201269247.47,Normal,0.783
WIX,3984,20260924-000332_p4_c4_r3,8852,perf_20260924-000332_p4_c4_r3,1,2118,1790201014215,0,1790201269247.47,152.416,45.023,1790201269445.871,Normal,0.8844
WIX,3984,20260924-000332_p4_c4_r3,8856,perf_20260924-000332_p4_c4_r3,1,2119,1790201014215,0,1790201269446.869,81.737,49.58,1790201269578.186,Normal,0.963
WIX,3984,20260924-000332_p4_c4_r3,8861,perf_20260924-000332_p4_c4_r3,1,2120,1790201014215,0,1790201269578.728,63.367,45.979,1790201269689.068,Normal,0.8554
WIX,3984,20260924-000332_p4_c4_r3,8866,perf_20260924-000332_p4_c4_r3,1,2121,1790201014215,0,1790201269689.068,62.755,47.124,1790201269798.948,Normal,0.9646
WIX,3984,20260924-000332_p4_c4_r3,8867,perf_20260924-000332_p4_c4_r3,1,2122,1790201014215,0,1790201269799.95,55.155,55.264,1790201269911.379,Normal,0.4665
WIX,3984,20260924-000332_p4_c4_r3,8869,perf_20260924-000332_p4_c4_r3,1,2123,1790201014216,0,1790201269912.041,50.705,48.085,1790201270010.831,Normal,0.9475
WIX,3984,20260924-000332_p4_c4_r3,8871,perf_20260924-000332_p4_c4_r3,1,2124,1790201014216,0,1790201270010.831,61.576,48.323,1790201270120.731,Normal,0.9667
WIX,3984,20260924-000332_p4_c4_r3,8874,perf_20260924-000332_p4_c4_r3,1,2125,1790201014216,0,1790201270120.731,85.134,43.476,1790201270251.352,Normal,0.9623
WIX,3984,20260924-000332_p4_c4_r3,8880,perf_20260924-000332_p4_c4_r3,1,2126,1790201014216,0,1790201270251.887,56.47,47.399,1790201270356.861,Normal,0.9302
WIX,3984,20260924-000332_p4_c4_r3,8884,perf_20260924-000332_p4_c4_r3,1,2127,1790201014216,0,1790201270357.397,58.625,49.873,1790201270466.981,Normal,0.8462
WIX,3984,20260924-000332_p4_c4_r3,8887,perf_20260924-000332_p4_c4_r3,1,2128,1790201014216,0,1790201270468.501,47.925,48.837,1790201270565.812,Normal,0.9452
WIX,3984,20260924-000332_p4_c4_r3,8906,perf_20260924-000332_p4_c4_r3,1,2129,1790201014219,0,1790201270566.38,71.212,49.34,1790201270686.931,Normal,0.9624
WIX,3984,20260924-000332_p4_c4_r3,8909,perf_20260924-000332_p4_c4_r3,1,2130,1790201014220,0,1790201270688.039,51.265,50.583,1790201270789.887,Normal,0.9473
WIX,3984,20260924-000332_p4_c4_r3,8912,perf_20260924-000332_p4_c4_r3,1,2131,1790201014220,0,1790201270791.018,48.74,45.672,1790201270886.001,Normal,0.9375
WIX,3984,20260924-000332_p4_c4_r3,8914,perf_20260924-000332_p4_c4_r3,1,2132,1790201014220,0,1790201270887.004,65.38,46.094,1790201270999.056,Normal,0.9508
WIX,3984,20260924-000332_p4_c4_r3,8916,perf_20260924-000332_p4_c4_r3,1,2133,1790201014220,0,1790201270999.056,65.151,44.637,1790201271109.404,Normal,0.9314
WIX,3984,20260924-000332_p4_c4_r3,8918,perf_20260924-000332_p4_c4_r3,1,2134,1790201014220,0,1790201271110.404,62.809,50.097,1790201271223.865,Normal,0.9508
WIX,3984,20260924-000332_p4_c4_r3,8930,perf_20260924-000332_p4_c4_r3,1,2135,1790201014221,0,1790201271224.436,62.5,47.475,1790201271335.403,HATE,0.6779
WIX,3984,20260924-000332_p4_c4_r3,8932,perf_20260924-000332_p4_c4_r3,1,2136,1790201014221,0,1790201271336.418,59.412,53.929,1790201271450.761,Normal,0.7606
WIX,3984,20260924-000332_p4_c4_r3,8933,perf_20260924-000332_p4_c4_r3,1,2137,1790201014221,0,1790201271451.31,61.785,59.921,1790201271574.012,Normal,0.9716
WIX,3984,20260924-000332_p4_c4_r3,8940,perf_20260924-000332_p4_c4_r3,1,2138,1790201014222,0,1790201271575.03,72.114,47.991,1790201271695.686,Normal,0.9696
WIX,3984,20260924-000332_p4_c4_r3,8954,perf_20260924-000332_p4_c4_r3,1,2139,1790201014223,0,1790201271696.869,86.559,48.689,1790201271832.118,Normal,0.939
WIX,3984,20260924-000332_p4_c4_r3,8958,perf_20260924-000332_p4_c4_r3,1,2140,1790201014223,0,1790201271832.66,69.932,60.781,1790201271963.372,Normal,0.9302
WIX,3984,20260924-000332_p4_c4_r3,8962,perf_20260924-000332_p4_c4_r3,1,2141,1790201014223,0,1790201271964.375,86.101,47.504,1790201272098.49,Normal,0.8806
WIX,3984,20260924-000332_p4_c4_r3,8966,perf_20260924-000332_p4_c4_r3,1,2142,1790201014223,0,1790201272099.61,93.886,50.286,1790201272244.332,Normal,0.9407
WIX,3984,20260924-000332_p4_c4_r3,8967,perf_20260924-000332_p4_c4_r3,1,2143,1790201014223,0,1790201272245.861,119.811,48.002,1790201272414.71,Normal,0.9338
WIX,3984,20260924-000332_p4_c4_r3,8971,perf_20260924-000332_p4_c4_r3,1,2144,1790201014224,0,1790201272415.723,91.46,52.103,1790201272560.467,Normal,0.9576
WIX,3984,20260924-000332_p4_c4_r3,8974,perf_20260924-000332_p4_c4_r3,1,2145,1790201014224,0,1790201272560.467,88.952,49.16,1790201272699.591,Normal,0.9183
WIX,3984,20260924-000332_p4_c4_r3,8980,perf_20260924-000332_p4_c4_r3,1,2146,1790201014224,0,1790201272699.591,82.201,49.1,1790201272831.455,Normal,0.9385
WIX,3984,20260924-000332_p4_c4_r3,8984,perf_20260924-000332_p4_c4_r3,1,2147,1790201014224,0,1790201272832.453,57.435,53.402,1790201272944.291,Normal,0.945
WIX,3984,20260924-000332_p4_c4_r3,8985,perf_20260924-000332_p4_c4_r3,1,2148,1790201014225,0,1790201272944.801,87.223,46.983,1790201273080.013,Normal,0.9763
WIX,3984,20260924-000332_p4_c4_r3,8990,perf_20260924-000332_p4_c4_r3,1,2149,1790201014225,0,1790201273080.013,85.667,45.946,1790201273212.628,Normal,0.975
WIX,3984,20260924-000332_p4_c4_r3,8991,perf_20260924-000332_p4_c4_r3,1,2150,1790201014225,0,1790201273213.627,65.964,59.744,1790201273339.335,Normal,0.9754
WIX,3984,20260924-000332_p4_c4_r3,8992,perf_20260924-000332_p4_c4_r3,1,2151,1790201014225,0,1790201273339.335,77.748,46.107,1790201273463.19,Normal,0.8719
WIX,3984,20260924-000332_p4_c4_r3,9004,perf_20260924-000332_p4_c4_r3,1,2152,1790201014227,0,1790201273464.769,80.19,49.86,1790201273595.835,Normal,0.9561
WIX,3984,20260924-000332_p4_c4_r3,9006,perf_20260924-000332_p4_c4_r3,1,2153,1790201014227,0,1790201273595.835,76.257,46.541,1790201273719.62,Normal,0.9666
WIX,3984,20260924-000332_p4_c4_r3,9011,perf_20260924-000332_p4_c4_r3,1,2154,1790201014227,0,1790201273720.619,75.617,47.313,1790201273844.54,OFFENSIVE,0.8277
WIX,3984,20260924-000332_p4_c4_r3,9012,perf_20260924-000332_p4_c4_r3,1,2155,1790201014227,0,1790201273845.541,80.735,50.28,1790201273976.557,Normal,0.9696
WIX,3984,20260924-000332_p4_c4_r3,9016,perf_20260924-000332_p4_c4_r3,1,2156,1790201014227,0,1790201273977.56,99.044,50.971,1790201274128.581,Normal,0.4924
WIX,3984,20260924-000332_p4_c4_r3,9017,perf_20260924-000332_p4_c4_r3,1,2157,1790201014227,0,1790201274128.581,50.593,47.768,1790201274227.937,Normal,0.9669
WIX,3984,20260924-000332_p4_c4_r3,9021,perf_20260924-000332_p4_c4_r3,1,2158,1790201014228,0,1790201274227.937,65.56,44.797,1790201274338.293,Normal,0.9353
WIX,3984,20260924-000332_p4_c4_r3,9025,perf_20260924-000332_p4_c4_r3,1,2159,1790201014228,0,1790201274338.293,60.384,49.401,1790201274448.078,Normal,0.9161
WIX,3984,20260924-000332_p4_c4_r3,9026,perf_20260924-000332_p4_c4_r3,1,2160,1790201014228,0,1790201274448.078,72.983,51.832,1790201274573.442,Normal,0.9353
WIX,3984,20260924-000332_p4_c4_r3,9027,perf_20260924-000332_p4_c4_r3,1,2161,1790201014228,0,1790201274573.442,77.283,44.873,1790201274696.602,Normal,0.789
WIX,3984,20260924-000332_p4_c4_r3,9028,perf_20260924-000332_p4_c4_r3,1,2162,1790201014228,0,1790201274696.602,82.641,46.03,1790201274826.276,Normal,0.9541
WIX,3984,20260924-000332_p4_c4_r3,9037,perf_20260924-000332_p4_c4_r3,1,2163,1790201014229,0,1790201274826.276,43.013,43.972,1790201274914.312,Normal,0.8853
WIX,3984,20260924-000332_p4_c4_r3,9041,perf_20260924-000332_p4_c4_r3,1,2164,1790201014229,0,1790201274914.312,82.251,49.35,1790201275045.914,Normal,0.9631
WIX,3984,20260924-000332_p4_c4_r3,9047,perf_20260924-000332_p4_c4_r3,1,2165,1790201014229,0,1790201275046.946,64.607,44.52,1790201275157.593,Normal,0.885
WIX,3984,20260924-000332_p4_c4_r3,9050,perf_20260924-000332_p4_c4_r3,1,2166,1790201014230,0,1790201275157.593,65.556,49.147,1790201275272.296,Normal,0.4951
WIX,3984,20260924-000332_p4_c4_r3,9051,perf_20260924-000332_p4_c4_r3,1,2167,1790201014230,0,1790201275272.296,59.472,49.265,1790201275381.033,Normal,0.9691
WIX,3984,20260924-000332_p4_c4_r3,9054,perf_20260924-000332_p4_c4_r3,1,2168,1790201014230,0,1790201275382.572,57.589,45.58,1790201275485.741,Normal,0.9688
WIX,3984,20260924-000332_p4_c4_r3,9056,perf_20260924-000332_p4_c4_r3,1,2169,1790201014230,0,1790201275485.741,55.47,44.237,1790201275586.464,Normal,0.9556
WIX,3984,20260924-000332_p4_c4_r3,9057,perf_20260924-000332_p4_c4_r3,1,2170,1790201014230,0,1790201275587.465,41.666,44.551,1790201275674.682,Normal,0.8505
WIX,3984,20260924-000332_p4_c4_r3,9061,perf_20260924-000332_p4_c4_r3,1,2171,1790201014230,0,1790201275674.682,33.092,47.806,1790201275757.197,Normal,0.9545
WIX,3984,20260924-000332_p4_c4_r3,9085,perf_20260924-000332_p4_c4_r3,1,2172,1790201014232,0,1790201275757.197,41.016,46.615,1790201275844.828,Normal,0.893
WIX,3984,20260924-000332_p4_c4_r3,9089,perf_20260924-000332_p4_c4_r3,1,2173,1790201014232,0,1790201275845.838,47.239,42.769,1790201275935.846,Normal,0.9616
WIX,3984,20260924-000332_p4_c4_r3,9091,perf_20260924-000332_p4_c4_r3,1,2174,1790201014232,0,1790201275935.846,43.739,49.517,1790201276029.654,Normal,0.9733
WIX,3984,20260924-000332_p4_c4_r3,9094,perf_20260924-000332_p4_c4_r3,1,2175,1790201014232,0,1790201276030.321,57.65,44.396,1790201276132.367,Normal,0.9537
WIX,3984,20260924-000332_p4_c4_r3,9103,perf_20260924-000332_p4_c4_r3,1,2176,1790201014233,0,1790201276132.367,54.205,43.799,1790201276231.364,Normal,0.9532
WIX,3984,20260924-000332_p4_c4_r3,9107,perf_20260924-000332_p4_c4_r3,1,2177,1790201014233,0,1790201276232.363,38.227,47.966,1790201276318.556,Normal,0.8783
WIX,3984,20260924-000332_p4_c4_r3,9109,perf_20260924-000332_p4_c4_r3,1,2178,1790201014233,0,1790201276319.59,49.147,47.036,1790201276415.773,Normal,0.9539
WIX,3984,20260924-000332_p4_c4_r3,9113,perf_20260924-000332_p4_c4_r3,1,2179,1790201014234,0,1790201276415.773,144.278,48.573,1790201276608.624,Normal,0.9769
WIX,3984,20260924-000332_p4_c4_r3,9118,perf_20260924-000332_p4_c4_r3,1,2180,1790201014234,0,1790201276608.624,110.802,46.55,1790201276767.079,Normal,0.9747
WIX,3984,20260924-000332_p4_c4_r3,9119,perf_20260924-000332_p4_c4_r3,1,2181,1790201014234,0,1790201276768.079,45.809,45.238,1790201276860.124,Normal,0.9479
WIX,3984,20260924-000332_p4_c4_r3,9122,perf_20260924-000332_p4_c4_r3,1,2182,1790201014234,0,1790201276861.124,49.543,45.528,1790201276957.208,Normal,0.9662
WIX,3984,20260924-000332_p4_c4_r3,9126,perf_20260924-000332_p4_c4_r3,1,2183,1790201014234,0,1790201276957.851,49.301,45.517,1790201277052.668,Normal,0.9554
WIX,3984,20260924-000332_p4_c4_r3,9127,perf_20260924-000332_p4_c4_r3,1,2184,1790201014234,0,1790201277052.668,48.205,44.669,1790201277145.543,Normal,0.9482
WIX,3984,20260924-000332_p4_c4_r3,9131,perf_20260924-000332_p4_c4_r3,1,2185,1790201014235,0,1790201277146.543,74.131,44.589,1790201277266.257,Normal,0.9118
WIX,3984,20260924-000332_p4_c4_r3,9139,perf_20260924-000332_p4_c4_r3,1,2186,1790201014236,0,1790201277267.258,69.665,46.588,1790201277383.51,Normal,0.8645
WIX,3984,20260924-000332_p4_c4_r3,9143,perf_20260924-000332_p4_c4_r3,1,2187,1790201014236,0,1790201277384.145,87.979,48.134,1790201277521.22,Normal,0.8449
WIX,3984,20260924-000332_p4_c4_r3,9145,perf_20260924-000332_p4_c4_r3,1,2188,1790201014236,0,1790201277521.741,128.378,47.208,1790201277697.327,Normal,0.9755
WIX,3984,20260924-000332_p4_c4_r3,9146,perf_20260924-000332_p4_c4_r3,1,2189,1790201014236,0,1790201277698.318,53.151,48.859,1790201277800.328,Normal,0.9644
WIX,3984,20260924-000332_p4_c4_r3,9147,perf_20260924-000332_p4_c4_r3,1,2190,1790201014236,0,1790201277801.363,53.355,46.246,1790201277901.814,Normal,0.9669
WIX,3984,20260924-000332_p4_c4_r3,9148,perf_20260924-000332_p4_c4_r3,1,2191,1790201014236,0,1790201277901.814,66.992,47.237,1790201278017.039,Normal,0.9583
WIX,3984,20260924-000332_p4_c4_r3,9151,perf_20260924-000332_p4_c4_r3,1,2192,1790201014237,0,1790201278018.039,51.072,45.769,1790201278115.889,Normal,0.9614
WIX,3984,20260924-000332_p4_c4_r3,9154,perf_20260924-000332_p4_c4_r3,1,2193,1790201014237,0,1790201278115.889,55.719,43.243,1790201278215.852,Normal,0.6981
WIX,3984,20260924-000332_p4_c4_r3,9155,perf_20260924-000332_p4_c4_r3,1,2194,1790201014237,0,1790201278215.852,48.917,46.565,1790201278312.383,Normal,0.9517
WIX,3984,20260924-000332_p4_c4_r3,9156,perf_20260924-000332_p4_c4_r3,1,2195,1790201014237,0,1790201278312.383,52.103,47.226,1790201278411.712,Normal,0.9601
WIX,3984,20260924-000332_p4_c4_r3,9163,perf_20260924-000332_p4_c4_r3,1,2196,1790201014237,0,1790201278411.712,54.183,45.671,1790201278512.56,Normal,0.9503
WIX,3984,20260924-000332_p4_c4_r3,9167,perf_20260924-000332_p4_c4_r3,1,2197,1790201014238,0,1790201278512.56,59.433,49.348,1790201278622.328,Normal,0.9658
WIX,3984,20260924-000332_p4_c4_r3,9170,perf_20260924-000332_p4_c4_r3,1,2198,1790201014238,0,1790201278622.328,48.981,46.746,1790201278718.056,Normal,0.9555
WIX,3984,20260924-000332_p4_c4_r3,9172,perf_20260924-000332_p4_c4_r3,1,2199,1790201014238,0,1790201278718.056,36.125,45.616,1790201278800.793,Normal,0.9532
WIX,3984,20260924-000332_p4_c4_r3,9175,perf_20260924-000332_p4_c4_r3,1,2200,1790201014238,0,1790201278800.793,46.25,45.131,1790201278893.172,Normal,0.926
WIX,3984,20260924-000332_p4_c4_r3,9177,perf_20260924-000332_p4_c4_r3,1,2201,1790201014238,0,1790201278894.177,39.027,47.828,1790201278981.032,Normal,0.9681
WIX,3984,20260924-000332_p4_c4_r3,9178,perf_20260924-000332_p4_c4_r3,1,2202,1790201014238,0,1790201278982.028,47.659,46.384,1790201279077.068,Normal,0.9529
WIX,3984,20260924-000332_p4_c4_r3,9180,perf_20260924-000332_p4_c4_r3,1,2203,1790201014238,0,1790201279077.068,38.397,52.138,1790201279168.513,Normal,0.9714
WIX,3984,20260924-000332_p4_c4_r3,9184,perf_20260924-000332_p4_c4_r3,1,2204,1790201014239,0,1790201279169.521,151.012,43.835,1790201279364.369,Normal,0.9759
WIX,3984,20260924-000332_p4_c4_r3,9191,perf_20260924-000332_p4_c4_r3,1,2205,1790201014239,0,1790201279364.369,61.809,45.528,1790201279471.707,Normal,0.9731
WIX,3984,20260924-000332_p4_c4_r3,9193,perf_20260924-000332_p4_c4_r3,1,2206,1790201014239,0,1790201279471.707,65.559,44.416,1790201279582.677,Normal,0.9267
WIX,3984,20260924-000332_p4_c4_r3,9194,perf_20260924-000332_p4_c4_r3,1,2207,1790201014239,0,1790201279583.239,60.094,49.586,1790201279692.919,Normal,0.9591
WIX,3984,20260924-000332_p4_c4_r3,9197,perf_20260924-000332_p4_c4_r3,1,2208,1790201014240,0,1790201279693.923,90.558,46.942,1790201279832.42,Normal,0.9489
WIX,3984,20260924-000332_p4_c4_r3,9199,perf_20260924-000332_p4_c4_r3,1,2209,1790201014240,0,1790201279832.42,48.776,47.871,1790201279929.066,Normal,0.9451
WIX,3984,20260924-000332_p4_c4_r3,9202,perf_20260924-000332_p4_c4_r3,1,2210,1790201014240,0,1790201279929.066,43.019,48.16,1790201280021.243,Normal,0.959
WIX,3984,20260924-000332_p4_c4_r3,9204,perf_20260924-000332_p4_c4_r3,1,2211,1790201014240,0,1790201280022.247,45.067,47.968,1790201280116.317,Normal,0.9702
WIX,3984,20260924-000332_p4_c4_r3,9210,perf_20260924-000332_p4_c4_r3,1,2212,1790201014241,0,1790201280116.317,53.681,43.634,1790201280214.627,Normal,0.9476
WIX,3984,20260924-000332_p4_c4_r3,9211,perf_20260924-000332_p4_c4_r3,1,2213,1790201014241,0,1790201280214.627,62.893,46.847,1790201280325.457,Normal,0.9625
WIX,3984,20260924-000332_p4_c4_r3,9212,perf_20260924-000332_p4_c4_r3,1,2214,1790201014241,0,1790201280325.457,60.892,44.047,1790201280431.397,Normal,0.9614
WIX,3984,20260924-000332_p4_c4_r3,9216,perf_20260924-000332_p4_c4_r3,1,2215,1790201014241,0,1790201280431.397,44.563,64.37,1790201280541.329,Normal,0.9576
WIX,3984,20260924-000332_p4_c4_r3,9217,perf_20260924-000332_p4_c4_r3,1,2216,1790201014241,0,1790201280541.329,61.106,47.898,1790201280651.326,Normal,0.8842
WIX,3984,20260924-000332_p4_c4_r3,9220,perf_20260924-000332_p4_c4_r3,1,2217,1790201014242,0,1790201280651.89,38.204,45.536,1790201280736.639,Normal,0.8843
WIX,3984,20260924-000332_p4_c4_r3,9224,perf_20260924-000332_p4_c4_r3,1,2218,1790201014242,0,1790201280736.639,53.464,45.614,1790201280836.718,Normal,0.7361
WIX,3984,20260924-000332_p4_c4_r3,9228,perf_20260924-000332_p4_c4_r3,1,2219,1790201014242,0,1790201280837.713,37.074,49.118,1790201280923.905,Normal,0.9434
WIX,3984,20260924-000332_p4_c4_r3,9229,perf_20260924-000332_p4_c4_r3,1,2220,1790201014242,0,1790201280923.905,45.22,50.117,1790201281020.264,Normal,0.8802
WIX,3984,20260924-000332_p4_c4_r3,9233,perf_20260924-000332_p4_c4_r3,1,2221,1790201014243,0,1790201281020.264,67.825,47.078,1790201281136.166,HATE,0.7943
WIX,3984,20260924-000332_p4_c4_r3,9235,perf_20260924-000332_p4_c4_r3,1,2222,1790201014243,0,1790201281136.166,81.783,45.066,1790201281264.018,Normal,0.8003
WIX,3984,20260924-000332_p4_c4_r3,9237,perf_20260924-000332_p4_c4_r3,1,2223,1790201014243,0,1790201281264.588,88.451,46.657,1790201281401.591,Normal,0.761
WIX,3984,20260924-000332_p4_c4_r3,9242,perf_20260924-000332_p4_c4_r3,1,2224,1790201014243,0,1790201281401.591,82.833,46.469,1790201281530.892,Normal,0.8524
WIX,3984,20260924-000332_p4_c4_r3,9243,perf_20260924-000332_p4_c4_r3,1,2225,1790201014243,0,1790201281530.892,66.824,46.64,1790201281644.356,Normal,0.9475
WIX,3984,20260924-000332_p4_c4_r3,9244,perf_20260924-000332_p4_c4_r3,1,2226,1790201014244,0,1790201281645.382,74.776,44.449,1790201281765.607,Normal,0.6297
WIX,3984,20260924-000332_p4_c4_r3,9245,perf_20260924-000332_p4_c4_r3,1,2227,1790201014244,0,1790201281765.607,56.619,47.385,1790201281870.598,Normal,0.9119
WIX,3984,20260924-000332_p4_c4_r3,9248,perf_20260924-000332_p4_c4_r3,1,2228,1790201014244,0,1790201281871.603,63.225,44.7,1790201281980.52,Normal,0.9302
WIX,3984,20260924-000332_p4_c4_r3,9249,perf_20260924-000332_p4_c4_r3,1,2229,1790201014244,0,1790201281980.52,68.203,45.324,1790201282095.046,Normal,0.9575
WIX,3984,20260924-000332_p4_c4_r3,9250,perf_20260924-000332_p4_c4_r3,1,2230,1790201014244,0,1790201282095.046,62.329,42.179,1790201282200.063,Normal,0.959
WIX,3984,20260924-000332_p4_c4_r3,9259,perf_20260924-000332_p4_c4_r3,1,2231,1790201014245,0,1790201282201.066,36.089,46.659,1790201282284.816,Normal,0.9469
WIX,3984,20260924-000332_p4_c4_r3,9261,perf_20260924-000332_p4_c4_r3,1,2232,1790201014245,0,1790201282284.816,54.897,46.812,1790201282387.518,Normal,0.9587
WIX,3984,20260924-000332_p4_c4_r3,9264,perf_20260924-000332_p4_c4_r3,1,2233,1790201014245,0,1790201282387.518,43.2,49.133,1790201282480.834,Normal,0.9231
WIX,3984,20260924-000332_p4_c4_r3,9270,perf_20260924-000332_p4_c4_r3,1,2234,1790201014246,0,1790201282481.84,61.544,47.888,1790201282592.231,Normal,0.9597
WIX,3984,20260924-000332_p4_c4_r3,9272,perf_20260924-000332_p4_c4_r3,1,2235,1790201014246,0,1790201282593.228,92.718,48.661,1790201282735.606,Normal,0.9649
WIX,3984,20260924-000332_p4_c4_r3,9275,perf_20260924-000332_p4_c4_r3,1,2236,1790201014246,0,1790201282736.66,54.849,47.464,1790201282838.974,Normal,0.9713
WIX,3984,20260924-000332_p4_c4_r3,9278,perf_20260924-000332_p4_c4_r3,1,2237,1790201014246,0,1790201282839.978,57.197,46.86,1790201282945.578,Normal,0.9468
WIX,3984,20260924-000332_p4_c4_r3,9280,perf_20260924-000332_p4_c4_r3,1,2238,1790201014246,0,1790201282945.578,64.618,43.801,1790201283055.036,Normal,0.9448
WIX,3984,20260924-000332_p4_c4_r3,9289,perf_20260924-000332_p4_c4_r3,1,2239,1790201014247,0,1790201283055.036,233.972,47.192,1790201283336.567,Normal,0.9802
WIX,3984,20260924-000332_p4_c4_r3,9293,perf_20260924-000332_p4_c4_r3,1,2240,1790201014247,0,1790201283336.567,76.725,47.056,1790201283461.366,Normal,0.9251
WIX,3984,20260924-000332_p4_c4_r3,9296,perf_20260924-000332_p4_c4_r3,1,2241,1790201014247,0,1790201283461.366,43.864,43.594,1790201283549.822,Normal,0.7342
WIX,3984,20260924-000332_p4_c4_r3,9305,perf_20260924-000332_p4_c4_r3,1,2242,1790201014248,0,1790201283549.822,41.872,46.451,1790201283639.141,OFFENSIVE,0.5011
WIX,3984,20260924-000332_p4_c4_r3,9313,perf_20260924-000332_p4_c4_r3,1,2243,1790201014248,0,1790201283639.683,41.991,50.675,1790201283732.349,Normal,0.9744
WIX,3984,20260924-000332_p4_c4_r3,9321,perf_20260924-000332_p4_c4_r3,1,2244,1790201014249,0,1790201283733.022,66.036,50.681,1790201283850.699,Normal,0.9459
WIX,3984,20260924-000332_p4_c4_r3,9323,perf_20260924-000332_p4_c4_r3,1,2245,1790201014249,0,1790201283851.709,54.741,48.467,1790201283954.917,Normal,0.9641
WIX,3984,20260924-000332_p4_c4_r3,9324,perf_20260924-000332_p4_c4_r3,1,2246,1790201014249,0,1790201283955.93,61.115,46.899,1790201284064.945,Normal,0.932
WIX,3984,20260924-000332_p4_c4_r3,9325,perf_20260924-000332_p4_c4_r3,1,2247,1790201014249,0,1790201284064.945,73.299,46.232,1790201284185.988,Normal,0.964
WIX,3984,20260924-000332_p4_c4_r3,9329,perf_20260924-000332_p4_c4_r3,1,2248,1790201014249,0,1790201284185.988,112.93,46.655,1790201284346.589,Normal,0.9551
WIX,3984,20260924-000332_p4_c4_r3,9340,perf_20260924-000332_p4_c4_r3,1,2249,1790201014250,0,1790201284347.591,65.194,49.011,1790201284462.792,Normal,0.941
WIX,3984,20260924-000332_p4_c4_r3,9341,perf_20260924-000332_p4_c4_r3,1,2250,1790201014250,0,1790201284463.304,78.118,49.591,1790201284592.015,Normal,0.9636
WIX,3984,20260924-000332_p4_c4_r3,9347,perf_20260924-000332_p4_c4_r3,1,2251,1790201014250,0,1790201284592.015,81.076,47.559,1790201284720.65,Normal,0.9418
WIX,3984,20260924-000332_p4_c4_r3,9357,perf_20260924-000332_p4_c4_r3,1,2252,1790201014251,0,1790201284720.65,59.827,49.174,1790201284829.651,Normal,0.9627
WIX,3984,20260924-000332_p4_c4_r3,9359,perf_20260924-000332_p4_c4_r3,1,2253,1790201014251,0,1790201284830.653,65.965,49.012,1790201284946.138,Normal,0.9556
WIX,3984,20260924-000332_p4_c4_r3,9360,perf_20260924-000332_p4_c4_r3,1,2254,1790201014251,0,1790201284947.138,50.798,44.715,1790201285042.651,Normal,0.9431
WIX,3984,20260924-000332_p4_c4_r3,9366,perf_20260924-000332_p4_c4_r3,1,2255,1790201014252,0,1790201285043.656,42.659,49.795,1790201285137.113,Normal,0.9353
WIX,3984,20260924-000332_p4_c4_r3,9369,perf_20260924-000332_p4_c4_r3,1,2256,1790201014252,0,1790201285137.625,90.61,52.601,1790201285281.833,Normal,0.9665
WIX,3984,20260924-000332_p4_c4_r3,9371,perf_20260924-000332_p4_c4_r3,1,2257,1790201014252,0,1790201285283.348,158.957,45.474,1790201285488.78,Normal,0.9265
WIX,3984,20260924-000332_p4_c4_r3,9372,perf_20260924-000332_p4_c4_r3,1,2258,1790201014252,0,1790201285488.78,60.593,47.189,1790201285597.546,Normal,0.912
WIX,3984,20260924-000332_p4_c4_r3,9374,perf_20260924-000332_p4_c4_r3,1,2259,1790201014252,0,1790201285597.546,56.505,44.609,1790201285698.659,Normal,0.9047
WIX,3984,20260924-000332_p4_c4_r3,9375,perf_20260924-000332_p4_c4_r3,1,2260,1790201014252,0,1790201285700.199,48.295,48.368,1790201285797.866,Normal,0.9596
WIX,3984,20260924-000332_p4_c4_r3,9378,perf_20260924-000332_p4_c4_r3,1,2261,1790201014253,0,1790201285843.711,80.749,50.486,1790201285975.501,Normal,0.9486
WIX,3984,20260924-000332_p4_c4_r3,9379,perf_20260924-000332_p4_c4_r3,1,2262,1790201014253,0,1790201285975.501,64.209,47.4,1790201286088.116,Normal,0.9695
WIX,3984,20260924-000332_p4_c4_r3,9383,perf_20260924-000332_p4_c4_r3,1,2263,1790201014253,0,1790201286089.114,45.625,46.939,1790201286181.677,Normal,0.9361
WIX,3984,20260924-000332_p4_c4_r3,9391,perf_20260924-000332_p4_c4_r3,1,2264,1790201014254,0,1790201286181.677,50.135,47.569,1790201286279.382,Normal,0.9275
WIX,3984,20260924-000332_p4_c4_r3,9392,perf_20260924-000332_p4_c4_r3,1,2265,1790201014254,0,1790201286279.382,53.257,45.525,1790201286380.671,Normal,0.8475
WIX,3984,20260924-000332_p4_c4_r3,9398,perf_20260924-000332_p4_c4_r3,1,2266,1790201014254,0,1790201286381.719,54.205,45.213,1790201286482.137,Normal,0.968
WIX,3984,20260924-000332_p4_c4_r3,9399,perf_20260924-000332_p4_c4_r3,1,2267,1790201014255,0,1790201286482.137,68.316,45.687,1790201286596.141,Normal,0.9244
WIX,3984,20260924-000332_p4_c4_r3,9404,perf_20260924-000332_p4_c4_r3,1,2268,1790201014255,0,1790201286597.142,28.606,46.795,1790201286672.542,Normal,0.8023
WIX,3984,20260924-000332_p4_c4_r3,9405,perf_20260924-000332_p4_c4_r3,1,2269,1790201014255,0,1790201286673.547,41.089,47.311,1790201286763.013,Normal,0.9199
WIX,3984,20260924-000332_p4_c4_r3,9417,perf_20260924-000332_p4_c4_r3,1,2270,1790201014256,0,1790201286763.013,47.387,46.619,1790201286858.019,Normal,0.9608
WIX,3984,20260924-000332_p4_c4_r3,9419,perf_20260924-000332_p4_c4_r3,1,2271,1790201014256,0,1790201286858.019,93.178,48.992,1790201287001.19,Normal,0.8769
WIX,3984,20260924-000332_p4_c4_r3,9424,perf_20260924-000332_p4_c4_r3,1,2272,1790201014256,0,1790201287002.19,85.6,46.814,1790201287136.159,Normal,0.9588
WIX,3984,20260924-000332_p4_c4_r3,9428,perf_20260924-000332_p4_c4_r3,1,2273,1790201014256,0,1790201287136.159,50.846,43.61,1790201287231.616,Normal,0.9171
WIX,3984,20260924-000332_p4_c4_r3,9432,perf_20260924-000332_p4_c4_r3,1,2274,1790201014257,0,1790201287232.617,49.119,45.998,1790201287328.73,Normal,0.9451
WIX,3984,20260924-000332_p4_c4_r3,9435,perf_20260924-000332_p4_c4_r3,1,2275,1790201014257,0,1790201287328.73,82.845,49.952,1790201287462.07,Normal,0.9729
WIX,3984,20260924-000332_p4_c4_r3,9436,perf_20260924-000332_p4_c4_r3,1,2276,1790201014257,0,1790201287462.628,87.1,42.567,1790201287593.392,Normal,0.912
WIX,3984,20260924-000332_p4_c4_r3,9438,perf_20260924-000332_p4_c4_r3,1,2277,1790201014257,0,1790201287593.392,133.263,47.299,1790201287775.461,Normal,0.9639
WIX,3984,20260924-000332_p4_c4_r3,9439,perf_20260924-000332_p4_c4_r3,1,2278,1790201014257,0,1790201287776.466,61.723,49.161,1790201287887.349,Normal,0.9718
WIX,3984,20260924-000332_p4_c4_r3,9443,perf_20260924-000332_p4_c4_r3,1,2279,1790201014257,0,1790201287888.389,65.499,50.471,1790201288005.36,Normal,0.9632
WIX,3984,20260924-000332_p4_c4_r3,9445,perf_20260924-000332_p4_c4_r3,1,2280,1790201014258,0,1790201288005.36,67.718,46.617,1790201288119.695,Normal,0.9772
WIX,3984,20260924-000332_p4_c4_r3,9446,perf_20260924-000332_p4_c4_r3,1,2281,1790201014258,0,1790201288120.706,59.394,49.511,1790201288230.579,Normal,0.9461
WIX,3984,20260924-000332_p4_c4_r3,9451,perf_20260924-000332_p4_c4_r3,1,2282,1790201014258,0,1790201288230.579,56.051,47.428,1790201288335.057,Normal,0.9573
WIX,3984,20260924-000332_p4_c4_r3,9452,perf_20260924-000332_p4_c4_r3,1,2283,1790201014258,0,1790201288335.057,49.256,46.338,1790201288432.194,Normal,0.9134
WIX,3984,20260924-000332_p4_c4_r3,9454,perf_20260924-000332_p4_c4_r3,1,2284,1790201014258,0,1790201288433.196,61.688,43.94,1790201288540.5,Normal,0.8971
WIX,3984,20260924-000332_p4_c4_r3,9464,perf_20260924-000332_p4_c4_r3,1,2285,1790201014259,0,1790201288541.501,76.01,44.298,1790201288662.81,Normal,0.9483
WIX,3984,20260924-000332_p4_c4_r3,9469,perf_20260924-000332_p4_c4_r3,1,2286,1790201014259,0,1790201288662.81,56.934,49.916,1790201288769.66,Normal,0.9514
WIX,3984,20260924-000332_p4_c4_r3,9474,perf_20260924-000332_p4_c4_r3,1,2287,1790201014259,0,1790201288770.218,50.514,44.24,1790201288865.972,Normal,0.9573
WIX,3984,20260924-000332_p4_c4_r3,9479,perf_20260924-000332_p4_c4_r3,1,2288,1790201014260,0,1790201288865.972,86.418,48.688,1790201289001.748,OFFENSIVE,0.7864
WIX,3984,20260924-000332_p4_c4_r3,9481,perf_20260924-000332_p4_c4_r3,1,2289,1790201014260,0,1790201289001.748,72.882,46.797,1790201289122.422,Normal,0.6923
WIX,3984,20260924-000332_p4_c4_r3,9487,perf_20260924-000332_p4_c4_r3,1,2290,1790201014260,0,1790201289122.422,61.733,45.032,1790201289230.184,Normal,0.9627
WIX,3984,20260924-000332_p4_c4_r3,9488,perf_20260924-000332_p4_c4_r3,1,2291,1790201014260,0,1790201289231.184,84.748,47.395,1790201289365.013,Normal,0.9201
WIX,3984,20260924-000332_p4_c4_r3,9489,perf_20260924-000332_p4_c4_r3,1,2292,1790201014260,0,1790201289365.013,75.838,43.707,1790201289485.558,Normal,0.9515
WIX,3984,20260924-000332_p4_c4_r3,9494,perf_20260924-000332_p4_c4_r3,1,2293,1790201014261,0,1790201289485.558,62.821,51.072,1790201289600.448,Normal,0.6727
WIX,3984,20260924-000332_p4_c4_r3,9497,perf_20260924-000332_p4_c4_r3,1,2294,1790201014261,0,1790201289600.448,42.12,45.484,1790201289689.042,Normal,0.9666
WIX,3984,20260924-000332_p4_c4_r3,9498,perf_20260924-000332_p4_c4_r3,1,2295,1790201014261,0,1790201289689.042,35.703,46.555,1790201289771.3,Normal,0.8545
WIX,3984,20260924-000332_p4_c4_r3,9505,perf_20260924-000332_p4_c4_r3,1,2296,1790201014261,0,1790201289772.3,42.238,45.619,1790201289861.164,Normal,0.9507
WIX,3984,20260924-000332_p4_c4_r3,9508,perf_20260924-000332_p4_c4_r3,1,2297,1790201014261,0,1790201289862.181,38.601,47.823,1790201289950.432,Normal,0.9375
WIX,3984,20260924-000332_p4_c4_r3,9513,perf_20260924-000332_p4_c4_r3,1,2298,1790201014262,0,1790201289950.432,60.817,49.18,1790201290060.978,Normal,0.934
WIX,3984,20260924-000332_p4_c4_r3,9519,perf_20260924-000332_p4_c4_r3,1,2299,1790201014262,0,1790201290062.323,52.333,44.775,1790201290159.431,Normal,0.9264
WIX,3984,20260924-000332_p4_c4_r3,9522,perf_20260924-000332_p4_c4_r3,1,2300,1790201014262,0,1790201290159.431,49.77,46.655,1790201290256.862,Normal,0.5554
WIX,3984,20260924-000332_p4_c4_r3,9524,perf_20260924-000332_p4_c4_r3,1,2301,1790201014262,0,1790201290257.863,52.55,47.649,1790201290358.571,Normal,0.9556
WIX,3984,20260924-000332_p4_c4_r3,9529,perf_20260924-000332_p4_c4_r3,1,2302,1790201014263,0,1790201290359.564,67.355,47.463,1790201290475.391,Normal,0.9556
WIX,3984,20260924-000332_p4_c4_r3,9531,perf_20260924-000332_p4_c4_r3,1,2303,1790201014263,0,1790201290475.934,74.653,44.191,1790201290595.779,Normal,0.9541
WIX,3984,20260924-000332_p4_c4_r3,9535,perf_20260924-000332_p4_c4_r3,1,2304,1790201014263,0,1790201290596.866,49.724,46.513,1790201290694.097,Normal,0.8967
WIX,3984,20260924-000332_p4_c4_r3,9539,perf_20260924-000332_p4_c4_r3,1,2305,1790201014263,0,1790201290694.097,31.822,46.884,1790201290773.854,Normal,0.9577
WIX,3984,20260924-000332_p4_c4_r3,9540,perf_20260924-000332_p4_c4_r3,1,2306,1790201014263,0,1790201290773.854,51.727,47.51,1790201290874.133,Normal,0.9626
WIX,3984,20260924-000332_p4_c4_r3,9541,perf_20260924-000332_p4_c4_r3,1,2307,1790201014263,0,1790201290875.133,55.404,45.281,1790201290975.819,Normal,0.9698
WIX,3984,20260924-000332_p4_c4_r3,9546,perf_20260924-000332_p4_c4_r3,1,2308,1790201014264,0,1790201290975.819,56.314,45.076,1790201291078.214,Normal,0.8853
WIX,3984,20260924-000332_p4_c4_r3,9547,perf_20260924-000332_p4_c4_r3,1,2309,1790201014264,0,1790201291079.216,50.403,44.059,1790201291173.678,Normal,0.93
WIX,3984,20260924-000332_p4_c4_r3,9552,perf_20260924-000332_p4_c4_r3,1,2310,1790201014264,0,1790201291173.678,48.97,49.27,1790201291272.492,Normal,0.9511
WIX,3984,20260924-000332_p4_c4_r3,9554,perf_20260924-000332_p4_c4_r3,1,2311,1790201014264,0,1790201291274.511,61.837,43.493,1790201291380.841,Normal,0.8212
WIX,3984,20260924-000332_p4_c4_r3,9556,perf_20260924-000332_p4_c4_r3,1,2312,1790201014264,0,1790201291381.848,71.564,44.414,1790201291498.826,Normal,0.9633
WIX,3984,20260924-000332_p4_c4_r3,9578,perf_20260924-000332_p4_c4_r3,1,2313,1790201014266,0,1790201291499.828,69.22,42.69,1790201291612.738,Normal,0.9393
WIX,3984,20260924-000332_p4_c4_r3,9579,perf_20260924-000332_p4_c4_r3,1,2314,1790201014266,0,1790201291612.738,105.479,48.905,1790201291768.12,Normal,0.9752
WIX,3984,20260924-000332_p4_c4_r3,9592,perf_20260924-000332_p4_c4_r3,1,2315,1790201014267,0,1790201291768.12,51.171,45.689,1790201291865.978,Normal,0.9633
WIX,3984,20260924-000332_p4_c4_r3,9595,perf_20260924-000332_p4_c4_r3,1,2316,1790201014267,0,1790201291866.984,120.202,45.815,1790201292033.001,Normal,0.8654
WIX,3984,20260924-000332_p4_c4_r3,9604,perf_20260924-000332_p4_c4_r3,1,2317,1790201014268,0,1790201292033.001,113.522,52.801,1790201292199.324,Normal,0.9669
WIX,3984,20260924-000332_p4_c4_r3,9606,perf_20260924-000332_p4_c4_r3,1,2318,1790201014268,0,1790201292200.833,62.21,44.842,1790201292308.882,Normal,0.9577
WIX,3984,20260924-000332_p4_c4_r3,9607,perf_20260924-000332_p4_c4_r3,1,2319,1790201014268,0,1790201292309.881,54.063,43.445,1790201292407.389,Normal,0.9499
WIX,3984,20260924-000332_p4_c4_r3,9612,perf_20260924-000332_p4_c4_r3,1,2320,1790201014269,0,1790201292407.389,47.577,48.055,1790201292504.025,Normal,0.9678
WIX,3984,20260924-000332_p4_c4_r3,9615,perf_20260924-000332_p4_c4_r3,1,2321,1790201014269,0,1790201292505.032,53.177,49.078,1790201292607.287,Normal,0.9592
WIX,3984,20260924-000332_p4_c4_r3,9617,perf_20260924-000332_p4_c4_r3,1,2322,1790201014269,0,1790201292608.285,75.863,47.552,1790201292732.696,Normal,0.9634
WIX,3984,20260924-000332_p4_c4_r3,9620,perf_20260924-000332_p4_c4_r3,1,2323,1790201014270,0,1790201292732.696,37.613,47.134,1790201292818.401,Normal,0.8617
WIX,3984,20260924-000332_p4_c4_r3,9621,perf_20260924-000332_p4_c4_r3,1,2324,1790201014270,0,1790201292819.396,42.528,48.164,1790201292911.427,Normal,0.9663
WIX,3984,20260924-000332_p4_c4_r3,9636,perf_20260924-000332_p4_c4_r3,1,2325,1790201014271,0,1790201292911.427,52.048,45.694,1790201293009.169,Normal,0.9062
WIX,3984,20260924-000332_p4_c4_r3,9640,perf_20260924-000332_p4_c4_r3,1,2326,1790201014271,0,1790201293010.166,36.556,48.436,1790201293096.155,Normal,0.9638
WIX,3984,20260924-000332_p4_c4_r3,9645,perf_20260924-000332_p4_c4_r3,1,2327,1790201014271,0,1790201293096.155,34.334,44.345,1790201293175.831,Normal,0.9667
WIX,3984,20260924-000332_p4_c4_r3,9649,perf_20260924-000332_p4_c4_r3,1,2328,1790201014272,0,1790201293175.831,56.321,50.244,1790201293283.354,Normal,0.9622
WIX,3984,20260924-000332_p4_c4_r3,9650,perf_20260924-000332_p4_c4_r3,1,2329,1790201014272,0,1790201293284.353,59.299,50.078,1790201293394.728,Normal,0.9489
WIX,3984,20260924-000332_p4_c4_r3,9654,perf_20260924-000332_p4_c4_r3,1,2330,1790201014272,0,1790201293394.728,72.059,45.567,1790201293513.354,Normal,0.9399
WIX,3984,20260924-000332_p4_c4_r3,9656,perf_20260924-000332_p4_c4_r3,1,2331,1790201014272,0,1790201293514.875,56.691,45.015,1790201293616.581,Normal,0.976
WIX,3984,20260924-000332_p4_c4_r3,9657,perf_20260924-000332_p4_c4_r3,1,2332,1790201014272,0,1790201293617.579,61.106,42.961,1790201293722.651,Normal,0.6326
WIX,3984,20260924-000332_p4_c4_r3,9658,perf_20260924-000332_p4_c4_r3,1,2333,1790201014272,0,1790201293722.651,67.708,48.665,1790201293839.024,Normal,0.9375
WIX,3984,20260924-000332_p4_c4_r3,9661,perf_20260924-000332_p4_c4_r3,1,2334,1790201014273,0,1790201293840.026,38.943,49.963,1790201293928.931,Normal,0.9482
WIX,3984,20260924-000332_p4_c4_r3,9665,perf_20260924-000332_p4_c4_r3,1,2335,1790201014273,0,1790201293928.931,47.924,49.943,1790201294027.799,Normal,0.9798
WIX,3984,20260924-000332_p4_c4_r3,9668,perf_20260924-000332_p4_c4_r3,1,2336,1790201014273,0,1790201294027.799,37.088,49.668,1790201294114.555,Normal,0.8702
WIX,3984,20260924-000332_p4_c4_r3,9681,perf_20260924-000332_p4_c4_r3,1,2337,1790201014275,0,1790201294116.086,45.551,47.52,1790201294209.157,Normal,0.9117
WIX,3984,20260924-000332_p4_c4_r3,9683,perf_20260924-000332_p4_c4_r3,1,2338,1790201014275,0,1790201294209.157,43.696,45.592,1790201294299.441,Normal,0.9662
WIX,3984,20260924-000332_p4_c4_r3,9686,perf_20260924-000332_p4_c4_r3,1,2339,1790201014275,0,1790201294299.441,45.472,47.647,1790201294392.56,Normal,0.9686
WIX,3984,20260924-000332_p4_c4_r3,9688,perf_20260924-000332_p4_c4_r3,1,2340,1790201014275,0,1790201294392.56,37.355,47.526,1790201294478.949,Normal,0.9313
WIX,3984,20260924-000332_p4_c4_r3,9690,perf_20260924-000332_p4_c4_r3,1,2341,1790201014275,0,1790201294478.949,85.085,45.038,1790201294610.081,Normal,0.9377
WIX,3984,20260924-000332_p4_c4_r3,9693,perf_20260924-000332_p4_c4_r3,1,2342,1790201014275,0,1790201294610.081,47.855,48.483,1790201294706.419,Normal,0.9569
WIX,3984,20260924-000332_p4_c4_r3,9695,perf_20260924-000332_p4_c4_r3,1,2343,1790201014276,0,1790201294706.419,72.177,45.077,1790201294824.676,Normal,0.8658
WIX,3984,20260924-000332_p4_c4_r3,9697,perf_20260924-000332_p4_c4_r3,1,2344,1790201014276,0,1790201294825.706,55.084,45.298,1790201294927.099,Normal,0.8003
WIX,3984,20260924-000332_p4_c4_r3,9698,perf_20260924-000332_p4_c4_r3,1,2345,1790201014276,0,1790201294928.128,66.584,47.783,1790201295043.047,Normal,0.9798
WIX,3984,20260924-000332_p4_c4_r3,9705,perf_20260924-000332_p4_c4_r3,1,2346,1790201014276,0,1790201295043.593,53.668,46.671,1790201295144.933,Normal,0.9391
WIX,3984,20260924-000332_p4_c4_r3,9714,perf_20260924-000332_p4_c4_r3,1,2347,1790201014277,0,1790201295144.933,48.192,46.731,1790201295240.866,Normal,0.5119
WIX,3984,20260924-000332_p4_c4_r3,9715,perf_20260924-000332_p4_c4_r3,1,2348,1790201014277,0,1790201295240.866,41.429,45.151,1790201295328.446,Normal,0.9478
WIX,3984,20260924-000332_p4_c4_r3,9719,perf_20260924-000332_p4_c4_r3,1,2349,1790201014277,0,1790201295329.954,41.208,47.387,1790201295418.55,Normal,0.9619
WIX,3984,20260924-000332_p4_c4_r3,9721,perf_20260924-000332_p4_c4_r3,1,2350,1790201014277,0,1790201295419.564,48.734,45.706,1790201295515.019,Normal,0.8485
WIX,3984,20260924-000332_p4_c4_r3,9723,perf_20260924-000332_p4_c4_r3,1,2351,1790201014277,0,1790201295515.603,55.748,48.397,1790201295619.748,Normal,0.9429
WIX,3984,20260924-000332_p4_c4_r3,9732,perf_20260924-000332_p4_c4_r3,1,2352,1790201014278,0,1790201295619.748,69.161,47.083,1790201295736.506,Normal,0.9407
WIX,3984,20260924-000332_p4_c4_r3,9736,perf_20260924-000332_p4_c4_r3,1,2353,1790201014278,0,1790201295736.506,45.341,51.083,1790201295834.019,Normal,0.9662
WIX,3984,20260924-000332_p4_c4_r3,9743,perf_20260924-000332_p4_c4_r3,1,2354,1790201014279,0,1790201295835.004,57.302,49.475,1790201295941.781,Normal,0.9383
WIX,3984,20260924-000332_p4_c4_r3,9744,perf_20260924-000332_p4_c4_r3,1,2355,1790201014279,0,1790201295942.801,85.255,48.93,1790201296076.987,Normal,0.9649
WIX,3984,20260924-000332_p4_c4_r3,9745,perf_20260924-000332_p4_c4_r3,1,2356,1790201014279,0,1790201296078.153,77.044,59.145,1790201296214.342,Normal,0.9627
WIX,3984,20260924-000332_p4_c4_r3,9750,perf_20260924-000332_p4_c4_r3,1,2357,1790201014279,0,1790201296214.342,161.098,51.371,1790201296426.811,Normal,0.9663
WIX,3984,20260924-000332_p4_c4_r3,9753,perf_20260924-000332_p4_c4_r3,1,2358,1790201014279,0,1790201296427.826,73.478,47.779,1790201296550.084,Normal,0.9194
WIX,3984,20260924-000332_p4_c4_r3,9754,perf_20260924-000332_p4_c4_r3,1,2359,1790201014279,0,1790201296551.189,69.469,45.877,1790201296667.557,Normal,0.9351
WIX,3984,20260924-000332_p4_c4_r3,9760,perf_20260924-000332_p4_c4_r3,1,2360,1790201014280,0,1790201296668.447,73.489,45.293,1790201296788.232,Normal,0.804
WIX,3984,20260924-000332_p4_c4_r3,9763,perf_20260924-000332_p4_c4_r3,1,2361,1790201014280,0,1790201296788.232,68.681,51.164,1790201296909.056,Normal,0.961
WIX,3984,20260924-000332_p4_c4_r3,9764,perf_20260924-000332_p4_c4_r3,1,2362,1790201014280,0,1790201296909.569,63.363,52.218,1790201297025.15,Normal,0.9608
WIX,3984,20260924-000332_p4_c4_r3,9771,perf_20260924-000332_p4_c4_r3,1,2363,1790201014280,0,1790201297026.177,62.082,46.397,1790201297135.061,Normal,0.9248
WIX,3984,20260924-000332_p4_c4_r3,9772,perf_20260924-000332_p4_c4_r3,1,2364,1790201014280,0,1790201297136.088,66.23,50.321,1790201297253.665,Normal,0.9264
WIX,3984,20260924-000332_p4_c4_r3,9773,perf_20260924-000332_p4_c4_r3,1,2365,1790201014280,0,1790201297254.656,93.192,73.825,1790201297421.672,Normal,0.9222
WIX,3984,20260924-000332_p4_c4_r3,9776,perf_20260924-000332_p4_c4_r3,1,2366,1790201014280,0,1790201297421.672,114.501,61.769,1790201297598.482,Normal,0.9641
WIX,3984,20260924-000332_p4_c4_r3,9777,perf_20260924-000332_p4_c4_r3,1,2367,1790201014280,0,1790201297599.045,91.987,48.625,1790201297740.661,OFFENSIVE,0.7901
WIX,3984,20260924-000332_p4_c4_r3,9782,perf_20260924-000332_p4_c4_r3,1,2368,1790201014282,0,1790201297740.661,97.636,48.096,1790201297887.389,Normal,0.972
WIX,3984,20260924-000332_p4_c4_r3,9785,perf_20260924-000332_p4_c4_r3,1,2369,1790201014282,0,1790201297888.394,81.879,47.468,1790201298018.738,Normal,0.9641
WIX,3984,20260924-000332_p4_c4_r3,9786,perf_20260924-000332_p4_c4_r3,1,2370,1790201014282,0,1790201298018.738,74.958,46.667,1790201298140.363,Normal,0.9685
WIX,3984,20260924-000332_p4_c4_r3,9796,perf_20260924-000332_p4_c4_r3,1,2371,1790201014282,0,1790201298141.367,64.773,46.746,1790201298253.445,Normal,0.9254
WIX,3984,20260924-000332_p4_c4_r3,9803,perf_20260924-000332_p4_c4_r3,1,2372,1790201014282,0,1790201298253.445,64.217,42.771,1790201298361.443,Normal,0.9426
WIX,3984,20260924-000332_p4_c4_r3,9807,perf_20260924-000332_p4_c4_r3,1,2373,1790201014283,0,1790201298361.443,75.798,46.625,1790201298484.874,Normal,0.9418
WIX,3984,20260924-000332_p4_c4_r3,9808,perf_20260924-000332_p4_c4_r3,1,2374,1790201014283,0,1790201298484.874,46.6,45.895,1790201298578.364,Normal,0.9211
WIX,3984,20260924-000332_p4_c4_r3,9810,perf_20260924-000332_p4_c4_r3,1,2375,1790201014283,0,1790201298579.363,47.959,45.634,1790201298673.965,Normal,0.9331
WIX,3984,20260924-000332_p4_c4_r3,9811,perf_20260924-000332_p4_c4_r3,1,2376,1790201014283,0,1790201298673.965,45.588,46.209,1790201298765.763,Normal,0.9254
WIX,3984,20260924-000332_p4_c4_r3,9813,perf_20260924-000332_p4_c4_r3,1,2377,1790201014283,0,1790201298766.762,57.839,51.182,1790201298876.783,Normal,0.9653
WIX,3984,20260924-000332_p4_c4_r3,9816,perf_20260924-000332_p4_c4_r3,1,2378,1790201014283,0,1790201298876.783,44.097,47.39,1790201298968.269,Normal,0.8636
WIX,3984,20260924-000332_p4_c4_r3,9817,perf_20260924-000332_p4_c4_r3,1,2379,1790201014283,0,1790201298969.259,41.421,47.214,1790201299057.894,Normal,0.9636
WIX,3984,20260924-000332_p4_c4_r3,9818,perf_20260924-000332_p4_c4_r3,1,2380,1790201014283,0,1790201299057.894,54.578,47.827,1790201299161.297,Normal,0.7154
WIX,3984,20260924-000332_p4_c4_r3,9824,perf_20260924-000332_p4_c4_r3,1,2381,1790201014284,0,1790201299162.297,47.235,47.682,1790201299258.216,Normal,0.9241
WIX,3984,20260924-000332_p4_c4_r3,9827,perf_20260924-000332_p4_c4_r3,1,2382,1790201014284,0,1790201299259.216,76.123,71.315,1790201299407.732,Normal,0.9534
WIX,3984,20260924-000332_p4_c4_r3,9832,perf_20260924-000332_p4_c4_r3,1,2383,1790201014285,0,1790201299407.732,215.812,46.197,1790201299670.853,Normal,0.9753
WIX,3984,20260924-000332_p4_c4_r3,9834,perf_20260924-000332_p4_c4_r3,1,2384,1790201014285,0,1790201299671.403,45.406,43.836,1790201299761.642,Normal,0.9501
WIX,3984,20260924-000332_p4_c4_r3,9836,perf_20260924-000332_p4_c4_r3,1,2385,1790201014285,0,1790201299761.642,28.008,47.437,1790201299838.132,Normal,0.928
WIX,3984,20260924-000332_p4_c4_r3,9837,perf_20260924-000332_p4_c4_r3,1,2386,1790201014285,0,1790201299839.141,45.763,45.522,1790201299930.427,Normal,0.9679
WIX,3984,20260924-000332_p4_c4_r3,9841,perf_20260924-000332_p4_c4_r3,1,2387,1790201014285,0,1790201299930.427,39.304,48.213,1790201300018.941,Normal,0.9642
WIX,3984,20260924-000332_p4_c4_r3,9846,perf_20260924-000332_p4_c4_r3,1,2388,1790201014285,0,1790201300018.941,58.962,48.749,1790201300126.652,Normal,0.8851
WIX,3984,20260924-000332_p4_c4_r3,9852,perf_20260924-000332_p4_c4_r3,1,2389,1790201014287,0,1790201300128.161,48.686,45.578,1790201300223.408,Normal,0.9366
WIX,3984,20260924-000332_p4_c4_r3,9855,perf_20260924-000332_p4_c4_r3,1,2390,1790201014287,0,1790201300223.408,46.782,44.292,1790201300315.481,Normal,0.9125
WIX,3984,20260924-000332_p4_c4_r3,9857,perf_20260924-000332_p4_c4_r3,1,2391,1790201014287,0,1790201300315.481,53.758,45.059,1790201300415.296,Normal,0.9454
WIX,3984,20260924-000332_p4_c4_r3,9870,perf_20260924-000332_p4_c4_r3,1,2392,1790201014287,0,1790201300416.296,44.659,48.563,1790201300510.558,Normal,0.9509
WIX,3984,20260924-000332_p4_c4_r3,9872,perf_20260924-000332_p4_c4_r3,1,2393,1790201014287,0,1790201300511.115,45.383,45.044,1790201300602.546,Normal,0.8784
WIX,3984,20260924-000332_p4_c4_r3,9876,perf_20260924-000332_p4_c4_r3,1,2394,1790201014289,0,1790201300602.546,44.474,47.248,1790201300694.268,Normal,0.948
WIX,3984,20260924-000332_p4_c4_r3,9878,perf_20260924-000332_p4_c4_r3,1,2395,1790201014289,0,1790201300694.268,43.896,43.694,1790201300781.858,Normal,0.9366
WIX,3984,20260924-000332_p4_c4_r3,9883,perf_20260924-000332_p4_c4_r3,1,2396,1790201014289,0,1790201300781.858,41.251,46.603,1790201300870.709,Normal,0.9642
WIX,3984,20260924-000332_p4_c4_r3,9897,perf_20260924-000332_p4_c4_r3,1,2397,1790201014290,0,1790201300870.709,43.613,44.776,1790201300960.1,Normal,0.9293
WIX,3984,20260924-000332_p4_c4_r3,9899,perf_20260924-000332_p4_c4_r3,1,2398,1790201014290,0,1790201300960.1,54.558,44.653,1790201301059.31,Normal,0.5419
WIX,3984,20260924-000332_p4_c4_r3,9903,perf_20260924-000332_p4_c4_r3,1,2399,1790201014290,0,1790201301059.31,49.775,46.058,1790201301155.143,Normal,0.9586
WIX,3984,20260924-000332_p4_c4_r3,9910,perf_20260924-000332_p4_c4_r3,1,2400,1790201014291,0,1790201301155.143,51.614,44.594,1790201301251.351,Normal,0.8932
WIX,3984,20260924-000332_p4_c4_r3,9911,perf_20260924-000332_p4_c4_r3,1,2401,1790201014291,0,1790201301251.351,38.229,45.376,1790201301335.954,Normal,0.937
WIX,3984,20260924-000332_p4_c4_r3,9914,perf_20260924-000332_p4_c4_r3,1,2402,1790201014291,0,1790201301337.461,37.14,46.082,1790201301421.681,Normal,0.9424
WIX,3984,20260924-000332_p4_c4_r3,9918,perf_20260924-000332_p4_c4_r3,1,2403,1790201014291,0,1790201301422.68,27.846,46.959,1790201301497.92,Normal,0.9675
WIX,3984,20260924-000332_p4_c4_r3,9923,perf_20260924-000332_p4_c4_r3,1,2404,1790201014292,0,1790201301497.92,41.315,50.443,1790201301589.679,Normal,0.9477
WIX,3984,20260924-000332_p4_c4_r3,9925,perf_20260924-000332_p4_c4_r3,1,2405,1790201014292,0,1790201301590.682,49.402,48.212,1790201301688.295,Normal,0.8833
WIX,3984,20260924-000332_p4_c4_r3,9929,perf_20260924-000332_p4_c4_r3,1,2406,1790201014292,0,1790201301689.333,44.603,43.454,1790201301778.386,Normal,0.9424
WIX,3984,20260924-000332_p4_c4_r3,9930,perf_20260924-000332_p4_c4_r3,1,2407,1790201014292,0,1790201301779.392,54.863,47.401,1790201301882.65,Normal,0.8261
WIX,3984,20260924-000332_p4_c4_r3,9936,perf_20260924-000332_p4_c4_r3,1,2408,1790201014292,0,1790201301882.65,46.038,44.7,1790201301974.907,Normal,0.945
WIX,3984,20260924-000332_p4_c4_r3,9937,perf_20260924-000332_p4_c4_r3,1,2409,1790201014292,0,1790201301975.905,41.746,44.349,1790201302062.989,Normal,0.931
WIX,3984,20260924-000332_p4_c4_r3,9938,perf_20260924-000332_p4_c4_r3,1,2410,1790201014292,0,1790201302062.989,36.388,45.342,1790201302145.716,Normal,0.9176
WIX,3984,20260924-000332_p4_c4_r3,9946,perf_20260924-000332_p4_c4_r3,1,2411,1790201014293,0,1790201302145.716,42.378,46.737,1790201302234.832,Normal,0.9492
WIX,3984,20260924-000332_p4_c4_r3,9947,perf_20260924-000332_p4_c4_r3,1,2412,1790201014293,0,1790201302234.832,55.71,48.819,1790201302339.36,Normal,0.9548
WIX,3984,20260924-000332_p4_c4_r3,9948,perf_20260924-000332_p4_c4_r3,1,2413,1790201014293,0,1790201302340.685,49.205,50.068,1790201302439.958,Normal,0.9487
WIX,3984,20260924-000332_p4_c4_r3,9956,perf_20260924-000332_p4_c4_r3,1,2414,1790201014294,0,1790201302440.968,56.861,47.877,1790201302545.706,Normal,0.9424
WIX,3984,20260924-000332_p4_c4_r3,9958,perf_20260924-000332_p4_c4_r3,1,2415,1790201014294,0,1790201302546.687,62.963,43.835,1790201302653.485,Normal,0.879
WIX,3984,20260924-000332_p4_c4_r3,9959,perf_20260924-000332_p4_c4_r3,1,2416,1790201014294,0,1790201302655.173,31.906,46.526,1790201302733.605,Normal,0.9451
WIX,3984,20260924-000332_p4_c4_r3,9965,perf_20260924-000332_p4_c4_r3,1,2417,1790201014294,0,1790201302733.605,40.215,48.164,1790201302822.982,Normal,0.9424
WIX,3984,20260924-000332_p4_c4_r3,9966,perf_20260924-000332_p4_c4_r3,1,2418,1790201014294,0,1790201302823.988,48.075,49.633,1790201302922.689,Normal,0.7008
WIX,3984,20260924-000332_p4_c4_r3,9967,perf_20260924-000332_p4_c4_r3,1,2419,1790201014294,0,1790201302922.689,62.78,45.039,1790201303030.508,Normal,0.8553
WIX,3984,20260924-000332_p4_c4_r3,9978,perf_20260924-000332_p4_c4_r3,1,2420,1790201014295,0,1790201303031.519,73.563,44.417,1790201303150.5,Normal,0.9648
WIX,3984,20260924-000332_p4_c4_r3,9980,perf_20260924-000332_p4_c4_r3,1,2421,1790201014295,0,1790201303150.5,79.71,45.492,1790201303276.702,Normal,0.9651
WIX,3984,20260924-000332_p4_c4_r3,9981,perf_20260924-000332_p4_c4_r3,1,2422,1790201014295,0,1790201303276.702,68.401,47.898,1790201303393.55,Normal,0.9469
WIX,3984,20260924-000332_p4_c4_r3,9988,perf_20260924-000332_p4_c4_r3,1,2423,1790201014295,0,1790201303394.55,57.069,43.155,1790201303495.777,Normal,0.9366
WIX,3984,20260924-000332_p4_c4_r3,9990,perf_20260924-000332_p4_c4_r3,1,2424,1790201014295,0,1790201303496.779,46.233,46.209,1790201303590.24,Normal,0.9589
WIX,3984,20260924-000332_p4_c4_r3,9993,perf_20260924-000332_p4_c4_r3,1,2425,1790201014296,0,1790201303590.24,48.174,46.248,1790201303685.661,Normal,0.954
