---- STARTING OMNI-PROCESSOR ----
-> Connected to Elasticsearch at http://172.16.10.94:9200 | Index: perf_20261002-144552_clu_vm22_base2_r1
-> Loading model from /home/ubuntu/hsp/src/../models/bert_final on cpu...
-> BERT Model Loaded successfully.
-> Benchmark log: /home/ubuntu/hsp/reports/scaling/20261002-144552_clu_vm22_base2_r1/bench_vm2_1.csv | node vm2 | group g_20261002-144552_clu_vm22_base2_r1
------------------------------------------------------------------------------------------------------------------------
DOMAIN       | SOURCE   | PREDICTION   | CONF.  | LATENCY  | TEXT
------------------------------------------------------------------------------------------------------------------------
[NEWS/LIVE ] | YouTube  | [Normal]     | 95%    |   92.2ms | I mistyped because I have BIG hands lol...
[SELF-HELP/] | YouTube  | [Normal]     | 97%    |   72.2ms | I'm on a plane...
[GAMING/SUR] | YouTube  | [Normal]     | 96%    |   63.1ms | FIRST...
[NEWS/LIVE ] | YouTube  | [Normal]     | 94%    |   98.3ms | so the best thing is the worst? hmm:cat-...
[GAMING/SUR] | YouTube  | [Normal]     | 86%    |   55.8ms | Yo...
[GAMING/SUR] | YouTube  | [Normal]     | 93%    |   65.5ms | LETS GO!!!...
[GAMING/SUR] | YouTube  | [Normal]     | 96%    |  170.2ms | :thumbs_up::thumbs_up::thumbs_up::thumbs...
[GAMING/SUR] | YouTube  | [Normal]     | 90%    |   70.1ms | why are you all so early?...
[GAMING/SUR] | YouTube  | [Normal]     | 97%    |   74.2ms | Peanut Plays RUST. LETS GO!...
[MUSIC/CHIL] | YouTube  | [Normal]     | 97%    |  127.2ms | shivu apun k papa mujko wada ki h shivu ...
[GAMING/SUR] | YouTube  | [Normal]     | 93%    |  295.6ms | :elbowcough::elbowcough::elbowcough::elb...
[GAMING/SUR] | YouTube  | [Normal]     | 94%    |   93.5ms | eeeeeeeeeeeeeeeeeeeeeeeeeeeee...
[GAMING/SUR] | YouTube  | [Normal]     | 61%    |   76.3ms | lets goooooooooo chat!!!...
[SELF-HELP/] | YouTube  | [Normal]     | 94%    |   67.1ms | domestic flight ye...
[GAMING/SUR] | YouTube  | [Normal]     | 96%    |  137.8ms | EEEEEEEEEEE EEEEEEEEEEE EEEEEEEEEEE EEEE...
[GAMING/SUR] | YouTube  | [Normal]     | 96%    |   59.5ms | Happy birthday peanut...
[GAMING/SUR] | YouTube  | [HATE]       | 52%    |  195.9ms | PEANUTS STREAMINGGGGGG:face-fuchsia-tong...
[GAMING/SUR] | YouTube  | [Normal]     | 97%    |   68.2ms | Happy birthday Peanut!!!!...
[GAMING/SUR] | YouTube  | [Normal]     | 94%    |  119.7ms | :ok_hand::ok_hand::ok_hand::thumbs_up::t...
[GAMING/SUR] | YouTube  | [Normal]     | 98%    |  107.1ms | :peanuts::peanuts::peanuts::peanuts::pea...
[GAMING/SUR] | YouTube  | [Normal]     | 96%    |   55.0ms | Great song...
[NEWS/LIVE ] | YouTube  | [Normal]     | 90%    |   59.5ms | more like codes...
[PSYCHOLOGY] | YouTube  | [Normal]     | 88%    |   56.5ms | Woo...
[MUSIC/CHIL] | YouTube  | [Normal]     | 90%    |   98.4ms | Suz tell your halikan to stop overfeedin...
[MUSIC/CHIL] | YouTube  | [Normal]     | 98%    |  119.8ms | muje tu bhi kabhi kabhi lgta pgl ashiqq ...
[GAMING/SUR] | YouTube  | [Normal]     | 97%    |   92.5ms | :crown::crown: LONG LIVE THE KING PEANUT...
[GAMING/SUR] | YouTube  | [Normal]     | 58%    |   75.0ms | did you ask hutch bout his ass tattoo...
[GAMING/SUR] | YouTube  | [Normal]     | 98%    |  144.8ms | :face-blue-wide-eyes::face-blue-wide-eye...
[GAMING/SUR] | YouTube  | [Normal]     | 56%    |   73.0ms | ILl ALLoW IT...
[GAMING/SUR] | YouTube  | [Normal]     | 97%    |   73.7ms | Happy birthday Peanut!!!!...
[GAMING/SUR] | YouTube  | [Normal]     | 96%    |   69.4ms | Diarrhea live on the stream...
[GAMING/SUR] | YouTube  | [Normal]     | 93%    |   68.8ms | Gingy and Rouge did 20 Hours...
[GAMING/SUR] | YouTube  | [Normal]     | 97%    |   54.2ms | 19 hours...
[GAMING/SUR] | YouTube  | [Normal]     | 92%    |   69.6ms | got off an hr before u got on...
[GAMING/SUR] | YouTube  | [Normal]     | 96%    |  106.8ms | hi:_PeanutFire::_PeanutFire:an chat does...
[GAMING/SUR] | YouTube  | [Normal]     | 87%    |   65.6ms | Gingys built different...
[GAMING/SUR] | YouTube  | [OFFENSIVE]  | 82%    |   63.2ms | Hol up...
[GAMING/SUR] | YouTube  | [Normal]     | 94%    |   66.2ms | Rouge put in massive work...
[GAMING/SUR] | YouTube  | [Normal]     | 96%    |   65.0ms | CREAM OF SUM YOUNG GUY...
[NEWS/LIVE ] | YouTube  | [Normal]     | 43%    |   99.0ms | Ok how about the poor dig a hole or make...
[GAMING/SUR] | YouTube  | [OFFENSIVE]  | 79%    |  113.0ms | :_LetsGo::_LetsGo::_LetsGo::_LetsGo::_Le...
[MUSIC/CHIL] | YouTube  | [Normal]     | 98%    |   85.7ms | Manoj haan:smiling_face_with_tear:...
[MUSIC/CHIL] | YouTube  | [Normal]     | 97%    |   89.0ms | Ayeee :smiling_face_with_sunglasses:...
[MUSIC/CHIL] | YouTube  | [OFFENSIVE]  | 93%    |  125.0ms | Aha....Don't defame my name by taking my...
[MUSIC/CHIL] | YouTube  | [Normal]     | 94%    |   53.6ms | hi...
[GAMING/SUR] | YouTube  | [Normal]     | 91%    |   59.4ms | he closed it...
[GAMING/SUR] | YouTube  | [OFFENSIVE]  | 90%    |   68.3ms | fuckin delerious LOL...
[GAMING/SUR] | YouTube  | [Normal]     | 82%    |   71.5ms | Shut the door!!!!...
[GAMING/SUR] | YouTube  | [Normal]     | 91%    |   66.0ms | h2o no way...
[GAMING/SUR] | YouTube  | [Normal]     | 96%    |   60.8ms | WE WANT WELYN...
[GAMING/SUR] | YouTube  | [HATE]       | 64%    |   78.4ms | HES THE GOAT!!!!!!!...
[GAMING/SUR] | YouTube  | [OFFENSIVE]  | 35%    |   68.9ms | my OG GOAT GAMER H20!...
[MUSIC/CHIL] | YouTube  | [Normal]     | 97%    |   87.5ms | :hot_beverage::musical_notes::ok_hand:...
[GAMING/SUR] | YouTube  | [Normal]     | 97%    |   72.7ms | H20 is a YT O.G....
[GAMING/SUR] | YouTube  | [Normal]     | 91%    |   65.5ms | he is a fucking legend...
[GAMING/SUR] | YouTube  | [Normal]     | 96%    |   54.3ms | lol...
[GAMING/SUR] | YouTube  | [Normal]     | 84%    |   59.5ms | close the gate...
[GAMING/SUR] | YouTube  | [Normal]     | 95%    |   59.5ms | hit TAB...
[GAMING/SUR] | YouTube  | [Normal]     | 96%    |   92.6ms | BRUH THAT DOORFRAME BEEN TWIG FOR 24HRS...
[GAMING/SUR] | YouTube  | [Normal]     | 96%    |   71.0ms | HIT TAB AND LOOK TOP RIGHT...
[GAMING/SUR] | YouTube  | [Normal]     | 96%    |   54.1ms | !peanuts...
[GAMING/SUR] | YouTube  | [Normal]     | 96%    |   86.8ms | peanut how late did you stay up last nig...
[MUSIC/CHIL] | YouTube  | [OFFENSIVE]  | 95%    |  104.2ms | Aha...so How much do you charge for suck...
[GAMING/SUR] | YouTube  | [Normal]     | 81%    |   65.2ms | h20 my kinggg...
[MUSIC/CHIL] | YouTube  | [Normal]     | 96%    |   69.8ms | Padathi spelling correct ga chepara firs...
[MUSIC/CHIL] | YouTube  | [Normal]     | 98%    |  130.6ms | Manoj unko sambhalega kon tum:face_with_...
[MUSIC/CHIL] | YouTube  | [Normal]     | 89%    |  182.1ms | Aha  now don't say that you do everythin...
[NEWS/LIVE ] | YouTube  | [Normal]     | 80%    |   79.3ms | Pete doesnt care what God you support in...
[PSYCHOLOGY] | YouTube  | [Normal]     | 81%    |   54.9ms | JUNGIANS...
[MUSIC/CHIL] | YouTube  | [Normal]     | 95%    |   73.7ms | what so :briefs::duck:...
[GAMING/SUR] | YouTube  | [Normal]     | 76%    |   60.7ms | dont do o...
[GAMING/SUR] | YouTube  | [Normal]     | 89%    |   68.3ms | HUTCH HAS AN AIRSTRIKE...
[GAMING/SUR] | YouTube  | [Normal]     | 90%    |   77.4ms | if rust went on sale right now  id buy i...
[MUSIC/CHIL] | YouTube  | [Normal]     | 97%    |  125.5ms | D same dialogue cheppi force chesthe vac...
[NEWS/LIVE ] | YouTube  | [Normal]     | 89%    |   83.8ms | you know it's 2026 this world is like la...
[GAMING/SUR] | YouTube  | [Normal]     | 64%    |   72.9ms | Dubl’n up the zyn is sick...
[GAMING/SUR] | YouTube  | [Normal]     | 96%    |   69.5ms | Tim was doing the wheeel yesterday...
[GAMING/SUR] | YouTube  | [Normal]     | 93%    |   67.6ms | EAST SIDE...
[GAMING/SUR] | YouTube  | [Normal]     | 96%    |   62.3ms | ground floor I think...
[GAMING/SUR] | YouTube  | [Normal]     | 85%    |   59.6ms | KEEP GOING DOWN...
[GAMING/SUR] | YouTube  | [Normal]     | 97%    |   59.5ms | I LOVE RUST...
[GAMING/SUR] | YouTube  | [Normal]     | 69%    |   62.9ms | battleShits...
[GAMING/SUR] | YouTube  | [Normal]     | 95%    |   54.3ms | train car...
[GAMING/SUR] | YouTube  | [Normal]     | 91%    |   55.1ms | South...
[SELF-HELP/] | YouTube  | [Normal]     | 92%    |   63.9ms | oh no the bonk continues...
[NEWS/LIVE ] | YouTube  | [Normal]     | 49%    |   82.4ms | that's a yes to feminist:face-green-smil...
[GAMING/SUR] | YouTube  | [Normal]     | 97%    |   59.2ms | ground level...
[GAMING/SUR] | YouTube  | [Normal]     | 70%    |   63.2ms | It’s at bandit camp...
[MUSIC/CHIL] | YouTube  | [Normal]     | 97%    |   64.0ms | i feel you love to my...
[NEWS/LIVE ] | YouTube  | [Normal]     | 97%    |   91.7ms | :people_hugging: :hugging_face: :open_ha...
[GAMING/SUR] | YouTube  | [Normal]     | 96%    |   61.8ms | OG H2O...
[GAMING/SUR] | YouTube  | [Normal]     | 97%    |   68.7ms | 500 ON RED P~!!...
[GAMING/SUR] | YouTube  | [Normal]     | 93%    |   54.3ms | do 3...
[GAMING/SUR] | YouTube  | [Normal]     | 95%    |   60.0ms | H2O...
[GAMING/SUR] | YouTube  | [Normal]     | 94%    |   59.6ms | 5...
[GAMING/SUR] | YouTube  | [Normal]     | 95%    |   64.0ms | 10 OR 5 !!!...
[GAMING/SUR] | YouTube  | [Normal]     | 94%    |   55.5ms | 3...
[GAMING/ESP] | YouTube  | [Normal]     | 95%    |   58.8ms | :skull:...
[PSYCHOLOGY] | YouTube  | [Normal]     | 75%    |  119.7ms | low-key i think dr. k is helping a whole...
[MUSIC/CHIL] | YouTube  | [Normal]     | 96%    |   75.8ms | Vani kaise :thinking_face:...
[GAMING/SUR] | YouTube  | [Normal]     | 94%    |   53.7ms | 3...
[GAMING/SUR] | YouTube  | [Normal]     | 94%    |   74.4ms | no way h20 is there lmao...
[GAMING/SUR] | YouTube  | [Normal]     | 96%    |   65.2ms | lmqo...
[GAMING/SUR] | YouTube  | [Normal]     | 96%    |   97.9ms | bit.ly/EA_-The-ytlscb-na #ad...
[GAMING/SUR] | YouTube  | [Normal]     | 93%    |   59.1ms | clip it...
[GAMING/SUR] | YouTube  | [Normal]     | 94%    |   63.4ms | usual gambling scene continue!!...
[GAMING/SUR] | YouTube  | [Normal]     | 97%    |   83.7ms | :face-green-smiling::face-green-smiling:...
[GAMING/SUR] | YouTube  | [Normal]     | 96%    |   66.0ms | what's good peanut...
[GAMING/SUR] | YouTube  | [Normal]     | 76%    |   85.8ms | Can’t loot him it’s in a safe zone...
[MUSIC/CHIL] | YouTube  | [Normal]     | 93%    |   77.6ms | shikha basically i don't eat   certainly...
[MUSIC/CHIL] | YouTube  | [Normal]     | 96%    |   77.8ms | Daniki chevudu ela vinipisthadi...
[GAMING/SUR] | YouTube  | [Normal]     | 96%    |   65.0ms | Hello from Bosnia...
[MUSIC/CHIL] | YouTube  | [Normal]     | 97%    |  153.0ms | @Dreamon_888 hi   how are you ? :backhan...
[GAMING/SUR] | YouTube  | [Normal]     | 88%    |   69.5ms | blavkjack super rigged on rust...
[GAMING/SUR] | YouTube  | [Normal]     | 87%    |   65.4ms | that was you  not winning...
[GAMING/SUR] | YouTube  | [Normal]     | 94%    |   65.3ms | it was a 4 bro...
[GAMING/SUR] | YouTube  | [Normal]     | 96%    |   60.8ms | LMFAO...
[GAMING/SUR] | YouTube  | [Normal]     | 84%    |   58.3ms | rigged...
[GAMING/SUR] | YouTube  | [Normal]     | 88%    |   74.5ms | LMAOOOOOOOOOOOOO...
[GAMING/SUR] | YouTube  | [Normal]     | 96%    |   54.0ms | lol...
[GAMING/SUR] | YouTube  | [Normal]     | 84%    |   60.0ms | It’s rigged...
[GAMING/SUR] | YouTube  | [Normal]     | 79%    |   63.8ms | face punch is gooping u...
[MUSIC/CHIL] | YouTube  | [Normal]     | 96%    |   82.0ms | ha to question bhi to hone chahiye na...
[MUSIC/CHIL] | YouTube  | [Normal]     | 70%    |   69.3ms | she is asking do u eat wtf...
[GAMING/SUR] | YouTube  | [Normal]     | 95%    |   52.8ms | hit...
[GAMING/SUR] | YouTube  | [Normal]     | 94%    |   69.2ms | DO HALF SO YTOU CAN DUBL...
[GAMING/ESP] | YouTube  | [Normal]     | 94%    |   59.7ms | :moai:...
[GAMING/SUR] | YouTube  | [Normal]     | 95%    |   61.2ms | wow...
[MUSIC/CHIL] | YouTube  | [Normal]     | 87%    |  242.5ms | catu sis come on now you take care of yo...
[GAMING/SUR] | YouTube  | [Normal]     | 96%    |   61.0ms | Alll in...
[MUSIC/CHIL] | YouTube  | [Normal]     | 90%    |   73.4ms | sorry spoty net......
[GAMING/SUR] | YouTube  | [Normal]     | 96%    |   91.9ms | bit.ly/EA_-The-ytlscb-na #ad...
[GAMING/SUR] | YouTube  | [Normal]     | 71%    |   85.3ms | NOOOOOOOOOOOOOOOOOOOOOOOOOO...
[GAMING/SUR] | YouTube  | [Normal]     | 96%    |   59.3ms | lmao...
[GAMING/SUR] | YouTube  | [Normal]     | 95%    |   78.5ms | LMAO FFFFFFFFFFFFFFFFF...
[GAMING/SUR] | YouTube  | [Normal]     | 95%    |   63.8ms | Fun’s over lol...
[GAMING/SUR] | YouTube  | [Normal]     | 96%    |   60.1ms | Dealer always wins...
[GAMING/SUR] | YouTube  | [Normal]     | 94%    |   65.2ms | ON YOUR OWN SERVER...
[GAMING/SUR] | YouTube  | [Normal]     | 95%    |   92.0ms | back to oil rig!!!!!!!!!!!!...
[GAMING/SUR] | YouTube  | [Normal]     | 95%    |  132.6ms | :rolling_on_the_floor_laughing::rolling_...
[GAMING/SUR] | YouTube  | [Normal]     | 92%    |   72.3ms | Can we get the mortgage to bet on...
[MUSIC/CHIL] | YouTube  | [Normal]     | 96%    |   69.3ms | bnane chali gayi?...
[GAMING/SUR] | YouTube  | [Normal]     | 92%    |   55.3ms | Stay...
[GAMING/SUR] | YouTube  | [HATE]       | 48%    |   58.9ms | dumb AND poor...
[GAMING/SUR] | YouTube  | [Normal]     | 74%    |   65.9ms | you wouldve lost anyways...
[GAMING/SUR] | YouTube  | [Normal]     | 95%    |   70.8ms | i knew this would happen with these 2...
[SELF-HELP/] | YouTube  | [Normal]     | 95%    |   74.9ms | Hi Dr k:winking_face:...
[PSYCHOLOGY] | YouTube  | [Normal]     | 70%    |  157.2ms | i don't get the friendzone  because i ac...
[GAMING/SUR] | YouTube  | [Normal]     | 94%    |   58.0ms | 5...
[MUSIC/CHIL] | YouTube  | [Normal]     | 96%    |   55.5ms | .....
[GAMING/SUR] | YouTube  | [Normal]     | 97%    |   62.4ms | peanut needs some shoes...
[GAMING/SUR] | YouTube  | [Normal]     | 86%    |   63.0ms | going bust in rust...
[MUSIC/CHIL] | YouTube  | [Normal]     | 97%    |  105.8ms | Ida :face_with_tears_of_joy::face_with_t...
[GAMING/SUR] | YouTube  | [Normal]     | 94%    |   53.7ms | 1...
[PSYCHOLOGY] | YouTube  | [Normal]     | 94%    |   62.8ms | hello. Jung will never die...
[PSYCHOLOGY] | YouTube  | [Normal]     | 82%    |   81.5ms | dr k   can you do a stream with only acc...
[GAMING/SUR] | YouTube  | [Normal]     | 94%    |  143.7ms | that's Insane:rolling_on_the_floor_laugh...
[GAMING/SUR] | YouTube  | [Normal]     | 78%    |   82.0ms | And that is why you don't gamble kids. X...
[GAMING/SUR] | YouTube  | [Normal]     | 97%    |  136.4ms | Peanut & Starforge PC's are partnered! C...
[GAMING/SUR] | YouTube  | [Normal]     | 92%    |   83.0ms | gingy stayed up all night grinding for p...
[MUSIC/CHIL] | YouTube  | [OFFENSIVE]  | 80%    |   86.6ms | shish sing wclm bro :smiling_face_with_t...
[PSYCHOLOGY] | YouTube  | [Normal]     | 92%    |   53.3ms | ye...
[PSYCHOLOGY] | YouTube  | [Normal]     | 86%    |   53.8ms | wolfs...
[ENTERTAINM] | YouTube  | [Normal]     | 93%    |   59.7ms | here...
[GAMING/SUR] | YouTube  | [Normal]     | 88%    |   91.2ms | Rust can be a trivia game if you play it...
[ENTERTAINM] | YouTube  | [Normal]     | 95%    |   67.9ms | EYYYYY HELLO...
[GAMING/SUR] | YouTube  | [Normal]     | 92%    |   62.6ms | nah just gamble it all away...
[ENTERTAINM] | YouTube  | [Normal]     | 94%    |   66.8ms | hi...
[ENTERTAINM] | YouTube  | [Normal]     | 93%    |   55.9ms | OMG...
[GAMING/SUR] | YouTube  | [Normal]     | 93%    |   58.8ms | Probably a storage base...
[PSYCHOLOGY] | YouTube  | [Normal]     | 91%    |   69.3ms | but what do you mean by explain?...
[GAMING/SUR] | YouTube  | [Normal]     | 92%    |   58.8ms | ROB THE SCRAP NOW...
[ENTERTAINM] | YouTube  | [Normal]     | 95%    |   59.8ms | HELLOOOOO...
[ENTERTAINM] | YouTube  | [Normal]     | 94%    |   58.1ms | Hola...
[GAMING/GAM] | YouTube  | [Normal]     | 92%    |   72.0ms | this is gonna be so metal my lungs might...
[GAMING/SUR] | YouTube  | [Normal]     | 94%    |   58.2ms | JAMMMM...
[GAMING/SUR] | YouTube  | [OFFENSIVE]  | 52%    |   53.7ms | oh shit...
[ENTERTAINM] | YouTube  | [Normal]     | 95%    |   59.6ms | yooo...
[ENTERTAINM] | YouTube  | [Normal]     | 97%    |   87.2ms | mr beast gift 67 $ i from Russia:money_m...
[ENTERTAINM] | YouTube  | [Normal]     | 52%    |   62.2ms | Let’s goooo jimmy...
[GAMING/SUR] | YouTube  | [Normal]     | 95%    |  184.3ms | :rolling_on_the_floor_laughing::rolling_...
[ENTERTAINM] | YouTube  | [Normal]     | 83%    |   65.0ms | world record jimmmyy...
[GAMING/SUR] | YouTube  | [Normal]     | 92%    |   67.5ms | thaTS MIND FROM DIUNOS...
[ENTERTAINM] | YouTube  | [Normal]     | 95%    |   53.1ms | Congratulations...
[GAMING/GAM] | YouTube  | [Normal]     | 95%    |   56.3ms | HIII...
[GAMING/SUR] | YouTube  | [Normal]     | 63%    |   62.2ms | TAKE IT TO GAMBLEEEE...
[GAMING/SUR] | YouTube  | [OFFENSIVE]  | 93%    |   73.1ms | gimme dat shit lmaooooo...
[GAMING/SUR] | YouTube  | [Normal]     | 94%    |   75.8ms | @mikeeeee26 yea lol...
[ENTERTAINM] | YouTube  | [Normal]     | 94%    |   53.5ms | hi...
[MUSIC/CHIL] | YouTube  | [Normal]     | 95%    |   72.1ms | Good:cigarette::face_exhaling:...
[ENTERTAINM] | YouTube  | [Normal]     | 97%    |   59.8ms | 170k to go...
[GAMING/GAM] | YouTube  | [Normal]     | 93%    |   61.2ms | PEAKKKK...
[GAMING/GAM] | YouTube  | [Normal]     | 94%    |   62.8ms | Sup dude...
[ENTERTAINM] | YouTube  | [Normal]     | 95%    |   72.1ms | Здарова всем...
[GAMING/GAM] | YouTube  | [Normal]     | 96%    |   53.2ms | hi mark...
[ENTERTAINM] | YouTube  | [Normal]     | 93%    |   53.5ms | omg...
[ENTERTAINM] | YouTube  | [Normal]     | 97%    |   68.5ms | hi please give me an gift plz...
[GAMING/GAM] | YouTube  | [Normal]     | 94%    |   53.0ms | hi...
[ENTERTAINM] | YouTube  | [Normal]     | 94%    |   53.1ms | Hi...
[GAMING/GAM] | YouTube  | [Normal]     | 95%    |   52.2ms | MARK...
[GAMING/GAM] | YouTube  | [Normal]     | 96%    |   54.6ms | hi mark...
[MUSIC/CHIL] | YouTube  | [Normal]     | 97%    |   87.4ms | :smiling_face_with_halo:...
[GAMING/GAM] | YouTube  | [Normal]     | 95%    |   54.8ms | HIII...
[ENTERTAINM] | YouTube  | [Normal]     | 96%    |   65.6ms | I need $1 000...
[GAMING/GAM] | YouTube  | [Normal]     | 96%    |   63.0ms | MARK!!!!!...
[GAMING/GAM] | YouTube  | [Normal]     | 94%    |   56.2ms | #1...
[GAMING/GAM] | YouTube  | [Normal]     | 87%    |   59.4ms | WOOOOOOO...
[MUSIC/CHIL] | YouTube  | [Normal]     | 95%    |   64.9ms | Stranger my net is not slow...
[MUSIC/CHIL] | YouTube  | [Normal]     | 95%    |   65.2ms | Chi na brathuku...
[GAMING/GAM] | YouTube  | [Normal]     | 97%    |   60.4ms | Welcome New Member!...
[ENTERTAINM] | YouTube  | [Normal]     | 97%    |   60.5ms | Hello i from indonesia...
[ENTERTAINM] | YouTube  | [Normal]     | 97%    |  100.2ms | :red_heart::red_heart::red_heart::red_he...
[PSYCHOLOGY] | YouTube  | [Normal]     | 97%    |   65.7ms | Dr. K needs a NAS...
[GAMING/GAM] | YouTube  | [Normal]     | 97%    |   62.4ms | OMG MARK LIVE...
[ENTERTAINM] | YouTube  | [Normal]     | 98%    |   80.2ms | hola espero que te encuentres bien...
[GAMING/SUR] | YouTube  | [Normal]     | 64%    |   61.6ms | we need pirate ships...
[GAMING/SUR] | YouTube  | [Normal]     | 94%    |   65.5ms | Hello everybody...
[PSYCHOLOGY] | YouTube  | [Normal]     | 95%    |   84.6ms | a faaah moment from dr K...
[MUSIC/CHIL] | YouTube  | [Normal]     | 97%    |  119.5ms | mohit mujhe nii pata    friends Aapke he...
[ENTERTAINM] | YouTube  | [Normal]     | 96%    |   69.0ms | Jimmy  how does it feel to be rich...
[GAMING/GAM] | YouTube  | [Normal]     | 94%    |   59.8ms | SEEING IT AGAIN SATURDAY...
[ENTERTAINM] | YouTube  | [Normal]     | 81%    |   56.8ms | UwU...
[MUSIC/CHIL] | YouTube  | [Normal]     | 97%    |   69.3ms | :card-red-penalty:...
[GAMING/GAM] | YouTube  | [Normal]     | 97%    |   61.4ms | HIIIII...
[GAMING/GAM] | YouTube  | [Normal]     | 63%    |   75.7ms | GOING AGAIN THIS WEEKEND LES GOOOOO...
[ENTERTAINM] | YouTube  | [Normal]     | 93%    |   60.5ms | 와우...
[GAMING/GAM] | YouTube  | [Normal]     | 94%    |   82.3ms | is that a DJI gimbal in the background o...
[GAMING/GAM] | YouTube  | [Normal]     | 87%    |   59.9ms | WOOOOOOO...
[GAMING/GAM] | YouTube  | [Normal]     | 98%    |   73.2ms | please please please release on streamin...
[ENTERTAINM] | YouTube  | [Normal]     | 86%    |   57.4ms | Yo...
[ENTERTAINM] | YouTube  | [Normal]     | 95%    |   59.7ms | hellooooooo...
[GAMING/GAM] | YouTube  | [Normal]     | 98%    |   91.2ms | the Iron Lung star has a Youtube??:face-...
[GAMING/GAM] | YouTube  | [Normal]     | 95%    |   67.0ms | mark you are my idol...
[PSYCHOLOGY] | YouTube  | [Normal]     | 96%    |   68.3ms | nope only from the atlus game...
[GAMING/GAM] | YouTube  | [Normal]     | 98%    |  129.5ms | LFG MARKKKKK:cat-orange-whistling::cat-o...
[GAMING/SUR] | YouTube  | [Normal]     | 98%    |   60.0ms | mlb team for adam...
[GAMING/GAM] | YouTube  | [Normal]     | 95%    |   54.2ms | YAY...
[GAMING/GAM] | YouTube  | [Normal]     | 92%    |   58.9ms | YOOOOO...
[ENTERTAINM] | YouTube  | [Normal]     | 95%    |   63.6ms | give me 10k$ please...
[ENTERTAINM] | YouTube  | [Normal]     | 96%    |   69.5ms | I'm already subscribed...
[GAMING/GAM] | YouTube  | [Normal]     | 96%    |   67.8ms | hi mark!!!...
[GAMING/SUR] | YouTube  | [Normal]     | 96%    |   74.3ms | wow Rogue must have had an hours sleep l...
[MUSIC/CHIL] | YouTube  | [OFFENSIVE]  | 51%    |   69.3ms | sick:woozy_face:...
[ENTERTAINM] | YouTube  | [Normal]     | 94%    |   53.8ms | hi...
[ENTERTAINM] | YouTube  | [Normal]     | 92%    |   59.9ms | Mrbeast...
[GAMING/SUR] | YouTube  | [Normal]     | 97%    |   67.0ms | rogue slept for 20 minutes ll...
[ENTERTAINM] | YouTube  | [Normal]     | 92%    |   75.0ms | congratulations brooooooooooooooo...
[GAMING/GAM] | YouTube  | [Normal]     | 95%    |   53.9ms | HIIII...
[GAMING/GAM] | YouTube  | [Normal]     | 94%    |   69.4ms | MARKPLIERR IS LIVEVEE...
[MUSIC/CHIL] | YouTube  | [Normal]     | 95%    |   78.4ms | shish Singh me badhiya hu tum batao...
[ENTERTAINM] | YouTube  | [Normal]     | 93%    |   63.6ms | yeeeeyeeeeeee...
[ENTERTAINM] | YouTube  | [Normal]     | 94%    |   62.9ms | hi...
[GAMING/GAM] | YouTube  | [Normal]     | 94%    |   92.0ms | Hey Mark  hope you have a good day. Take...
[GAMING/GAM] | YouTube  | [Normal]     | 98%    |   93.5ms | will there be ever a digital copy? :smil...
[ENTERTAINM] | YouTube  | [Normal]     | 95%    |   68.6ms | give me only one ipad please sir...
[GAMING/GAM] | YouTube  | [Normal]     | 97%    |   63.6ms | Welcome to Member!...
[GAMING/GAM] | YouTube  | [Normal]     | 49%    |   60.8ms | YIPEEEEE...
[GAMING/SUR] | YouTube  | [Normal]     | 96%    |   65.2ms | WTF LMAO...
[GAMING/GAM] | YouTube  | [Normal]     | 96%    |   63.0ms | lmao...
[GAMING/GAM] | YouTube  | [Normal]     | 95%    |   54.1ms | hiii...
[SPORTS/FOO] | YouTube  | [Normal]     | 95%    |   54.9ms | 9 june...
[PSYCHOLOGY] | YouTube  | [Normal]     | 91%    |   66.4ms | sounds like a tongue twister...
[ENTERTAINM] | YouTube  | [Normal]     | 97%    |   61.9ms | Hiiiii...
[GAMING/GAM] | YouTube  | [Normal]     | 96%    |   66.1ms | 3 TIME CHAMPION!!!...
[NEWS/LIVE ] | YouTube  | [Normal]     | 96%    |   74.9ms | ...by the wolves :lion:...
[GAMING/GAM] | YouTube  | [Normal]     | 95%    |   72.6ms | I hope you bring more scp videos back!...
[MUSIC/CHIL] | YouTube  | [Normal]     | 98%    |   68.7ms | ha to batao.. kha...
[GAMING/GAM] | YouTube  | [Normal]     | 96%    |   55.5ms | hi mark...
[PSYCHOLOGY] | YouTube  | [Normal]     | 93%    |   54.8ms | Yes...
[GAMING/GAM] | YouTube  | [OFFENSIVE]  | 65%    |   60.0ms | congratssss...
[PSYCHOLOGY] | YouTube  | [Normal]     | 94%    |   57.3ms | forsen...
[GAMING/GAM] | YouTube  | [Normal]     | 91%    |   64.6ms | im telling everyone to see it...
[GAMING/GAM] | YouTube  | [Normal]     | 96%    |   54.6ms | WE WON...
[GAMING/GAM] | YouTube  | [Normal]     | 97%    |   65.4ms | love the movie  was amazing...
[ENTERTAINM] | YouTube  | [Normal]     | 82%    |  119.9ms | Please give me $200000 my loan will be a...
[ENTERTAINM] | YouTube  | [Normal]     | 98%    |  106.7ms | congratulations jimmy if this video gets...
[ENTERTAINM] | YouTube  | [Normal]     | 96%    |   68.8ms | hi jimmy please shout out kabir...
[GAMING/GAM] | YouTube  | [Normal]     | 98%    |  142.5ms | MARK I SAW IRON LUNG LAST WEEKEND!!!! IT...
[GAMING/SUR] | YouTube  | [Normal]     | 95%    |   99.9ms | :rolling_on_the_floor_laughing::rolling_...
[GAMING/SUR] | YouTube  | [Normal]     | 94%    |   59.5ms | MHM MHM...
[ENTERTAINM] | YouTube  | [Normal]     | 87%    |   54.4ms | no...
[PSYCHOLOGY] | YouTube  | [Normal]     | 96%    |   74.7ms | is INFJ an archetype ?...
[ENTERTAINM] | YouTube  | [Normal]     | 97%    |   60.6ms | play geometry dash please...
[GAMING/SUR] | YouTube  | [Normal]     | 86%    |   78.4ms | CLose the door...
[GAMING/GAM] | YouTube  | [Normal]     | 95%    |   69.5ms | Ranch!!!...
[GAMING/GAM] | YouTube  | [Normal]     | 95%    |   56.4ms | AIRPLANE...
[ENTERTAINM] | YouTube  | [Normal]     | 97%    |   61.5ms | Welcome New Member!...
[ENTERTAINM] | YouTube  | [Normal]     | 90%    |   59.7ms | w mrbeast...
[ENTERTAINM] | YouTube  | [Normal]     | 97%    |  136.7ms | :warning::warning::warning::warning::war...
[GAMING/GAM] | YouTube  | [Normal]     | 93%    |   53.5ms | lighthouse...
[ENTERTAINM] | YouTube  | [Normal]     | 95%    |   58.8ms | hiii beast...
[GAMING/SUR] | YouTube  | [Normal]     | 95%    |   90.5ms | Or find a mod for the server that rigs t...
[ENTERTAINM] | YouTube  | [Normal]     | 96%    |   59.1ms | faaaaaa...
[GAMING/SUR] | YouTube  | [Normal]     | 96%    |   79.6ms | not a fan of this game but the content i...
[GAMING/GAM] | YouTube  | [Normal]     | 93%    |   55.8ms | lighthouse...
[GAMING/GAM] | YouTube  | [Normal]     | 95%    |   53.8ms | airplane...
[GAMING/GAM] | YouTube  | [Normal]     | 95%    |   65.2ms | Airplanneeeee...
[GAMING/GAM] | YouTube  | [Normal]     | 95%    |   65.5ms | Ooh lighthouse sounds neat...
[GAMING/SUR] | YouTube  | [Normal]     | 96%    |   68.2ms | broo check the billboards yooo...
[PSYCHOLOGY] | YouTube  | [Normal]     | 51%    |   59.3ms | manosphere womanosphere...
[GAMING/GAM] | YouTube  | [Normal]     | 94%    |   86.4ms | Imagine 23 000 people trying to talk ove...
[GAMING/GAM] | YouTube  | [Normal]     | 93%    |   54.1ms | lighthouse...
[GAMING/GAM] | YouTube  | [Normal]     | 95%    |   53.2ms | Airplane...
[GAMING/GAM] | YouTube  | [Normal]     | 91%    |   58.6ms | people be voting...
[GAMING/GAM] | YouTube  | [Normal]     | 96%    |   62.9ms | WE LOVE YOU MARK <333...
[GAMING/GAM] | YouTube  | [Normal]     | 96%    |   81.8ms | Saw Iron Lung last night! IT WAS SO GOOD...
[ENTERTAINM] | YouTube  | [Normal]     | 96%    |  137.2ms | :yt::yt::yt::yt::yt::yt::yt::yt::yt:...
[ENTERTAINM] | YouTube  | [Normal]     | 95%    |   53.6ms | Congratulations...
[ENTERTAINM] | YouTube  | [Normal]     | 98%    |  119.4ms | :purple_heart::green_heart::purple_heart...
[GAMING/GAM] | YouTube  | [Normal]     | 93%    |   53.6ms | lighthouse...
[ENTERTAINM] | YouTube  | [Normal]     | 91%    |   54.1ms | mr beast...
[GAMING/SUR] | YouTube  | [Normal]     | 49%    |   79.0ms | You guys are terrible gamblers lol...
[ENTERTAINM] | YouTube  | [Normal]     | 95%    |   80.6ms | hiiiiiiiiiiiiiiiiiiiiiiiiiiiiiii...
[GAMING/GAM] | YouTube  | [Normal]     | 96%    |   61.8ms | doom dark ages?...
[GAMING/GAM] | YouTube  | [Normal]     | 75%    |   78.1ms | MMMMAAAARRKKKKKKKIIIBOOOOO...
[GAMING/GAM] | YouTube  | [Normal]     | 95%    |   62.8ms | Will you make another movie?...
[ENTERTAINM] | YouTube  | [Normal]     | 92%    |   59.7ms | hayyyy...
[GAMING/GAM] | YouTube  | [Normal]     | 93%    |   67.7ms | WHICH MAP DOES HUGE MAN APPEAR IN?...
[GAMING/GAM] | YouTube  | [Normal]     | 92%    |   53.5ms | haiiii...
[GAMING/GAM] | YouTube  | [Normal]     | 91%    |   80.8ms | when are you gonna be the king fnaf in U...
[MUSIC/CHIL] | YouTube  | [Normal]     | 96%    |  146.7ms | @szarek-c2u m doing good :backhand_index...
[ENTERTAINM] | YouTube  | [Normal]     | 98%    |  145.3ms | Elon about to hit $1 Trillion and Jimmy ...
[ENTERTAINM] | YouTube  | [Normal]     | 62%    |   77.2ms | The fact that he is almost at 500 mil...
[GAMING/GAM] | YouTube  | [Normal]     | 77%    |   78.4ms | SCOTLAAAAANDD FOREVEEEEEEEER...
[GAMING/GAM] | YouTube  | [Normal]     | 97%    |   88.3ms | I saw it yesterday  and it was awesome! ...
[ENTERTAINM] | YouTube  | [Normal]     | 94%    |   57.1ms | 1...
[ENTERTAINM] | YouTube  | [Normal]     | 94%    |   54.4ms | 1...
[SELF-HELP/] | YouTube  | [Normal]     | 69%    |  104.5ms | @VenaraEchoes im sure there are way our ...
[ENTERTAINM] | YouTube  | [Normal]     | 94%    |   55.1ms | 2...
[GAMING/GAM] | YouTube  | [Normal]     | 90%    |  116.3ms | i never thought that Iron Long would com...
[ENTERTAINM] | YouTube  | [Normal]     | 94%    |   55.7ms | 1...
[GAMING/SUR] | YouTube  | [Normal]     | 87%    |   56.0ms | NO...
[GAMING/GAM] | YouTube  | [Normal]     | 94%    |   53.0ms | japan?...
[ENTERTAINM] | YouTube  | [Normal]     | 94%    |   52.9ms | 1...
[GAMING/SUR] | YouTube  | [Normal]     | 84%    |   53.6ms | No stand...
[GAMING/GAM] | YouTube  | [Normal]     | 90%    |   72.0ms | MARK PLEASE PLAY AMNESIA REBIRTH YOU NEV...
[ENTERTAINM] | YouTube  | [Normal]     | 94%    |   52.8ms | 1...
[GAMING/SUR] | YouTube  | [Normal]     | 91%    |   52.5ms | split...
[GAMING/GAM] | YouTube  | [Normal]     | 93%    |   98.7ms | Will Iron Lungs only be on theater or wi...
[GAMING/GAM] | YouTube  | [Normal]     | 95%    |  103.7ms | Iron Lung is coming soon not that far aw...
[GAMING/GAM] | YouTube  | [Normal]     | 92%    |   75.8ms | AIIIIRRRRRPLAAAANNNEE...
[GAMING/GAM] | YouTube  | [Normal]     | 96%    |   81.3ms | Really excited for home media release  I...
[GAMING/GAM] | YouTube  | [Normal]     | 96%    |   69.0ms | i’m on observation duty movie next...
[GAMING/GAM] | YouTube  | [Normal]     | 95%    |   61.2ms | bcb...
[ENTERTAINM] | YouTube  | [Normal]     | 94%    |   64.3ms | 1...
[GAMING/GAM] | YouTube  | [Normal]     | 95%    |   62.6ms | Hello market pliers...
[GAMING/SUR] | YouTube  | [Normal]     | 93%    |   60.9ms | time to leave...
[GAMING/GAM] | YouTube  | [Normal]     | 97%    |   67.0ms | Welcome to Member!...
[ENTERTAINM] | YouTube  | [Normal]     | 91%    |   57.5ms | pakistan...
[GAMING/GAM] | YouTube  | [Normal]     | 89%    |   69.1ms | are you going to make a second movie...
[GAMING/GAM] | YouTube  | [Normal]     | 95%    |   88.7ms | you've come a long way mark:red_heart:...
[ENTERTAINM] | YouTube  | [Normal]     | 97%    |   87.8ms | :red_heart::red_heart::red_heart:...
[GAMING/GAM] | YouTube  | [Normal]     | 97%    |   68.6ms | Loved your Movie :red_heart:...
[ENTERTAINM] | YouTube  | [Normal]     | 94%    |   58.7ms | red with machine...
[ENTERTAINM] | YouTube  | [Normal]     | 92%    |   86.7ms | bro you think you can stream now to yo h...
[ENTERTAINM] | YouTube  | [Normal]     | 94%    |   53.1ms | hi...
[GAMING/SUR] | YouTube  | [Normal]     | 93%    |   53.5ms | push...
[NEWS/LIVE ] | YouTube  | [Normal]     | 48%    |   86.5ms | Weegee getting that italian sausage now...
[GAMING/GAM] | YouTube  | [Normal]     | 96%    |   75.1ms | I saw it in atmos  it was dope...
[MUSIC/CHIL] | YouTube  | [Normal]     | 97%    |   72.2ms | mohit tumhari gf h ??...
[GAMING/SUR] | YouTube  | [Normal]     | 94%    |   54.7ms | Double...
[ENTERTAINM] | YouTube  | [Normal]     | 96%    |   63.4ms | when does the stream end?...
[ENTERTAINM] | YouTube  | [Normal]     | 93%    |   64.0ms | :ok_hand:...
[GAMING/SUR] | YouTube  | [Normal]     | 95%    |   52.5ms | hit...
[ENTERTAINM] | YouTube  | [Normal]     | 93%    |   52.1ms | india...
[GAMING/SUR] | YouTube  | [Normal]     | 87%    |   64.6ms | you have to hit there...
[ENTERTAINM] | YouTube  | [Normal]     | 97%    |   86.2ms | :red_heart::red_heart::red_heart:...
[GAMING/SUR] | YouTube  | [Normal]     | 95%    |   52.7ms | 250...
[ENTERTAINM] | YouTube  | [Normal]     | 97%    |   66.7ms | Mauja mila...
[ENTERTAINM] | YouTube  | [Normal]     | 96%    |   59.4ms | هاي...
[GAMING/GAM] | YouTube  | [OFFENSIVE]  | 61%    |   65.3ms | THE HECK? A SHAM...
[GAMING/GAM] | YouTube  | [Normal]     | 97%    |  137.7ms | I must admit first time I saw it  audio ...
[ENTERTAINM] | YouTube  | [Normal]     | 94%    |   70.3ms | PLS GIVE ME SHOUTOUT JIMMY...
[GAMING/GAM] | YouTube  | [Normal]     | 96%    |   71.2ms | Hiii markkkk...
[GAMING/GAM] | YouTube  | [Normal]     | 94%    |   73.6ms | I LOVE IRON LUNG  MY FAVORITE MOVIEEE...
[GAMING/GAM] | YouTube  | [Normal]     | 97%    |   68.5ms | Its not over untill AIRPLANE WINS...
[GAMING/GAM] | YouTube  | [Normal]     | 97%    |   68.0ms | I loved the movie  thank you!...
[GAMING/SUR] | YouTube  | [Normal]     | 54%    |   60.8ms | loser bung...
[GAMING/GAM] | YouTube  | [Normal]     | 97%    |   60.2ms | 6-7...
[GAMING/SUR] | YouTube  | [Normal]     | 96%    |   53.8ms | Lol...
[ENTERTAINM] | YouTube  | [Normal]     | 81%    |   55.4ms | Taiwan...
[ENTERTAINM] | YouTube  | [Normal]     | 93%    |   54.1ms | india...
[GAMING/SUR] | YouTube  | [Normal]     | 96%    |   58.5ms | Maxxxx...
[GAMING/SUR] | YouTube  | [Normal]     | 90%    |   70.2ms | THIS IS SO RIGGED OH MY GOD...
[GAMING/GAM] | YouTube  | [Normal]     | 97%    |  186.0ms | can't lie  im glad to see mark back. I m...
[GAMING/SUR] | YouTube  | [Normal]     | 96%    |   70.7ms | Bombaclaaaaaaaaat...
[GAMING/SUR] | YouTube  | [Normal]     | 96%    |   65.1ms | MAXXX BEEEEET...
[GAMING/GAM] | YouTube  | [Normal]     | 92%    |  124.0ms | oh yeah penguinzoo said he couldn't unde...
[GAMING/GAM] | YouTube  | [Normal]     | 95%    |   60.2ms | lighthouse plss...
[ENTERTAINM] | YouTube  | [Normal]     | 94%    |   63.3ms | 𝘼𝙣𝙮𝙤𝙣𝙚 𝙛𝙧𝙤𝙢 𝙄𝙣𝙙𝙞𝙖???...
[ENTERTAINM] | YouTube  | [Normal]     | 98%    |  117.5ms | :face-blue-smiling::face-blue-smiling::f...
[GAMING/SUR] | YouTube  | [Normal]     | 94%    |   59.1ms | papa hutch...
[ENTERTAINM] | YouTube  | [Normal]     | 97%    |   64.6ms | Jimmy give me 1000$...
[ENTERTAINM] | YouTube  | [Normal]     | 95%    |   58.7ms | please help me...
[ENTERTAINM] | YouTube  | [Normal]     | 97%    |   79.8ms | hi Mr beast :smiling_face_with_halo:...
[GAMING/GAM] | YouTube  | [Normal]     | 94%    |   98.8ms | I struggled to hear a bit at odeon in th...
[GAMING/GAM] | YouTube  | [Normal]     | 97%    |   91.0ms | wow movie star and celebrity director Ma...
[GAMING/SUR] | YouTube  | [Normal]     | 94%    |   65.0ms | go Aul In...
[ENTERTAINM] | YouTube  | [Normal]     | 95%    |   68.2ms | Pls Shout Out...
[GAMING/SUR] | YouTube  | [Normal]     | 73%    |   75.2ms | GOOOOOOOOOD MORNING BUNGULATORS...
[GAMING/GAM] | YouTube  | [Normal]     | 98%    |   73.6ms | :face-turquoise-drinking-coffee:...
[GAMING/GAM] | YouTube  | [Normal]     | 72%    |   55.1ms | a conspiracy...
[GAMING/GAM] | YouTube  | [Normal]     | 95%    |   77.0ms | CLOAK IRON LUNG MERCH!!!???...
[GAMING/GAM] | YouTube  | [Normal]     | 95%    |   59.2ms | @Markiplier...
[GAMING/GAM] | YouTube  | [Normal]     | 93%    |   68.7ms | wait i just realized this is a live...
[GAMING/SUR] | YouTube  | [OFFENSIVE]  | 55%    |   55.2ms | ur screwed...
[GAMING/SUR] | YouTube  | [Normal]     | 54%    |   55.1ms | try bandit...
[ENTERTAINM] | YouTube  | [Normal]     | 96%    |   77.6ms | MrBeast how were you initially inspired ...
[MUSIC/CHIL] | YouTube  | [OFFENSIVE]  | 82%    |  119.5ms | tc too dearshish:waving_hand::waving_han...
[ENTERTAINM] | YouTube  | [Normal]     | 97%    |  352.0ms | bhai 500 milian subscriber hone wale Hai...
[GAMING/GAM] | YouTube  | [Normal]     | 93%    |  118.7ms | I could hear it but my mom couldn't.. bu...
[GAMING/GAM] | YouTube  | [Normal]     | 97%    |   76.3ms | Any plans on bringing the movie to Europ...
[ENTERTAINM] | YouTube  | [Normal]     | 98%    |   60.4ms | 100th video special...
[SELF-HELP/] | YouTube  | [Normal]     | 59%    |   83.0ms | Yah my biggest fear in life is proving t...
[GAMING/GAM] | YouTube  | [Normal]     | 97%    |   68.8ms | The sound was great at my theatre....
[ENTERTAINM] | YouTube  | [Normal]     | 94%    |   53.1ms | My om...
[SELF-HELP/] | YouTube  | [Normal]     | 70%    |  109.0ms | this is the Itachi way of life: "Do you ...
[GAMING/GAM] | YouTube  | [Normal]     | 94%    |   88.2ms | if the movie is environmentally telling ...
[ENTERTAINM] | YouTube  | [Normal]     | 97%    |   96.7ms | main aapka video roj dekhta hun like bhi...
[ENTERTAINM] | YouTube  | [Normal]     | 97%    |   63.2ms | Bangladesh :red_heart:...
[ENTERTAINM] | YouTube  | [Normal]     | 93%    |  200.1ms | :yt::yt::yt::yt::yt::stayhome::yt::yt::y...
[ENTERTAINM] | YouTube  | [Normal]     | 95%    |   57.1ms | 111...
[GAMING/GAM] | YouTube  | [Normal]     | 84%    |   95.0ms | my brother in law saw you in guam   he w...
[GAMING/SUR] | YouTube  | [Normal]     | 88%    |   72.1ms | LMFAOOOOOOOOOOOOO...
[GAMING/SUR] | YouTube  | [Normal]     | 94%    |   59.9ms | lmaoooo...
[GAMING/SUR] | YouTube  | [Normal]     | 96%    |   69.0ms | Peanut can never go to vegas lol...
[ENTERTAINM] | YouTube  | [Normal]     | 91%    |   59.2ms | W MRBEADY...
[GAMING/SUR] | YouTube  | [Normal]     | 95%    |   54.3ms | 100...
[GAMING/GAM] | YouTube  | [Normal]     | 94%    |   86.8ms | yeah we could not understand some parts ...
[ENTERTAINM] | YouTube  | [Normal]     | 97%    |   64.1ms | :pink_heart:...
[GAMING/SUR] | YouTube  | [Normal]     | 87%    |   73.7ms | do you know how BlackJack works Peanut?...
[GAMING/GAM] | YouTube  | [Normal]     | 90%    |   73.8ms | Yo the movie is not at my movie theater...
[GAMING/SUR] | YouTube  | [Normal]     | 96%    |   58.1ms | lmao...
[ENTERTAINM] | YouTube  | [Normal]     | 97%    |   62.3ms | Hi:red_heart:...
[GAMING/GAM] | YouTube  | [Normal]     | 88%    |  102.5ms | im just gonna buy the fricken movie mark...
[GAMING/SUR] | YouTube  | [Normal]     | 96%    |   62.2ms | Who stands at 14...
[GAMING/SUR] | YouTube  | [Normal]     | 93%    |   55.2ms | GG...
[GAMING/SUR] | YouTube  | [Normal]     | 94%    |   55.5ms | OOF...
[ENTERTAINM] | YouTube  | [Normal]     | 91%    |   53.4ms | pakistan...
[ENTERTAINM] | YouTube  | [Normal]     | 98%    |   73.6ms | Dominos :check_mark_button:...
[ENTERTAINM] | YouTube  | [Normal]     | 96%    |   53.3ms | wow  cool...
[GAMING/SUR] | YouTube  | [Normal]     | 93%    |   58.6ms | ruunn...
[GAMING/SUR] | YouTube  | [Normal]     | 97%    |   58.4ms | big goose eggs...
[GAMING/GAM] | YouTube  | [Normal]     | 95%    |   85.8ms | okay that makes sense why some of the vo...
[GAMING/SUR] | YouTube  | [Normal]     | 97%    |   67.3ms | theres 1000 scrap at the base...
[GAMING/GAM] | YouTube  | [Normal]     | 96%    |   76.9ms | I went to a AMC theater once and I liked...
[ENTERTAINM] | YouTube  | [Normal]     | 94%    |   54.0ms | Hi...
[MUSIC/CHIL] | YouTube  | [Normal]     | 95%    |   62.4ms | take me back to the La...
[GAMING/GAM] | YouTube  | [Normal]     | 96%    |  113.1ms | :dothefive:TITLE MISSPELT:dothefive:TITL...
[ENTERTAINM] | YouTube  | [Normal]     | 97%    |   93.7ms | 100k concurrent viewers whilst going for...
[GAMING/GAM] | YouTube  | [Normal]     | 97%    |  138.3ms | its my birthday today 25 :partying_face:...
[MUSIC/CHIL] | YouTube  | [Normal]     | 95%    |   54.2ms | am dude...
[ENTERTAINM] | YouTube  | [Normal]     | 94%    |   56.5ms | hi...
[ENTERTAINM] | YouTube  | [Normal]     | 95%    |   59.6ms | let's go...
[ENTERTAINM] | YouTube  | [Normal]     | 96%    |  106.3ms | ONE OUT OF 17.2 PEOPLE ALIVE ON EARTH RI...
[ENTERTAINM] | YouTube  | [Normal]     | 97%    |  155.0ms | :smiling_face_with_smiling_eyes::smiling...
[GAMING/GAM] | YouTube  | [Normal]     | 94%    |   72.5ms | hai warkiplier...
[GAMING/GAM] | YouTube  | [Normal]     | 95%    |   58.9ms | airplane...
[ENTERTAINM] | YouTube  | [Normal]     | 98%    |   84.0ms | big fan sri lanka fan:star_struck::fire:...
[ENTERTAINM] | YouTube  | [Normal]     | 97%    |   83.6ms | hello sir I am your big fan...I am from ...
[GAMING/GAM] | YouTube  | [Normal]     | 93%    |   61.6ms | Fiddling eh?...
[ENTERTAINM] | YouTube  | [Normal]     | 95%    |   55.1ms | what?...
[GAMING/GAM] | YouTube  | [Normal]     | 98%    |   60.5ms | :airplane:...
[ENTERTAINM] | YouTube  | [Normal]     | 94%    |   54.3ms | hi...
[GAMING/GAM] | YouTube  | [Normal]     | 96%    |   63.7ms | Pfffft  amateur hour...
[GAMING/GAM] | YouTube  | [Normal]     | 96%    |  151.2ms | My home setup is a lot better than the t...
[GAMING/GAM] | YouTube  | [Normal]     | 95%    |   53.6ms | AIRPLANE...
[GAMING/GAM] | YouTube  | [Normal]     | 97%    |   68.3ms | woah markimoo stream this early...
[GAMING/GAM] | YouTube  | [Normal]     | 96%    |   53.2ms | WE WIN...
[GAMING/GAM] | YouTube  | [Normal]     | 94%    |   80.9ms | You have a title typo  Observation is mi...
[ENTERTAINM] | YouTube  | [Normal]     | 97%    |   61.2ms | Hi Mr. Beast...
[GAMING/GAM] | YouTube  | [OFFENSIVE]  | 90%    |   68.9ms | hell yeeeeee...
[GAMING/GAM] | YouTube  | [Normal]     | 67%    |   74.2ms | NUMBER ONEEE! :party_popper:...
[GAMING/GAM] | YouTube  | [Normal]     | 95%    |   87.6ms | Just caught your movie last night  Mark ...
[GAMING/GAM] | YouTube  | [Normal]     | 96%    |   54.7ms | WE WIN...
[GAMING/GAM] | YouTube  | [Normal]     | 95%    |   53.9ms | Airplane...
[NEWS/LIVE ] | YouTube  | [Normal]     | 98%    |   59.0ms | Birds are singing o...
[PSYCHOLOGY] | YouTube  | [Normal]     | 94%    |   90.7ms | jung believes men had an anima and women...
[MUSIC/CHIL] | YouTube  | [Normal]     | 94%    |   53.2ms | ko*...
[ENTERTAINM] | YouTube  | [Normal]     | 95%    |   68.5ms | dayum you've grown so much...
[ENTERTAINM] | YouTube  | [Normal]     | 94%    |   54.9ms | Carl...
[MUSIC/CHIL] | YouTube  | [Normal]     | 98%    |  141.0ms | Jaitsii saccha pyar long time me hota h ...
[ENTERTAINM] | YouTube  | [Normal]     | 97%    |  133.2ms | :person-turqouise-waving::person-turqoui...
[GAMING/SUR] | YouTube  | [Normal]     | 85%    |   72.2ms | THAT GUY IS ZESTYYYYYY...
[GAMING/SUR] | YouTube  | [Normal]     | 96%    |   58.3ms | REAL H20...
[GAMING/GAM] | YouTube  | [Normal]     | 70%    |   62.3ms | YIPPIEEEEEE...
[GAMING/GAM] | YouTube  | [Normal]     | 96%    |   54.7ms | Hi mark...
[GAMING/SUR] | YouTube  | [Normal]     | 95%    |   58.8ms | H20000...
[GAMING/GAM] | YouTube  | [Normal]     | 96%    |   64.5ms | finally i can see chat...
[GAMING/GAM] | YouTube  | [Normal]     | 59%    |   67.6ms | At least they put you in Guam...
[ENTERTAINM] | YouTube  | [Normal]     | 98%    |  136.8ms | :medal-yellow-first-red::medal-yellow-fi...
[ENTERTAINM] | YouTube  | [Normal]     | 94%    |   59.1ms | ya des français ?...
[ENTERTAINM] | YouTube  | [Normal]     | 94%    |   58.4ms | Hi Mr Beast...
[GAMING/GAM] | YouTube  | [Normal]     | 97%    |   54.2ms | MARKY...
[ENTERTAINM] | YouTube  | [Normal]     | 97%    |  151.0ms | AKO RA ISA BISAYA??????????? AHAHAHAHHAH...
[ENTERTAINM] | YouTube  | [Normal]     | 94%    |   53.2ms | hi...
[ENTERTAINM] | YouTube  | [Normal]     | 92%    |  222.1ms | :stayhome::stayhome::stayhome::stayhome:...
[ENTERTAINM] | YouTube  | [Normal]     | 96%    |  123.4ms | Can you give me your @BeastReacts channe...
[ENTERTAINM] | YouTube  | [Normal]     | 93%    |   97.4ms | :buffering::buffering::buffering::buffer...
[ENTERTAINM] | YouTube  | [Normal]     | 97%    |   65.1ms | I love you mr best...
[ENTERTAINM] | YouTube  | [Normal]     | 97%    |   85.1ms | Super epic :smiling_face_with_heart_eyes...
[ENTERTAINM] | YouTube  | [Normal]     | 94%    |   54.3ms | Jimmy...
[ENTERTAINM] | YouTube  | [Normal]     | 95%    |   53.4ms | iH...
[ENTERTAINM] | YouTube  | [Normal]     | 96%    |   64.7ms | :red_heart:...
[GAMING/SUR] | YouTube  | [Normal]     | 96%    |   77.5ms | Omg :face_screaming_in_fear:...
[GAMING/SUR] | YouTube  | [Normal]     | 98%    |  136.7ms | :face-turquoise-drinking-coffee::face-tu...
[ENTERTAINM] | YouTube  | [Normal]     | 90%    |   69.0ms | give me PC broooooo...
[ENTERTAINM] | YouTube  | [Normal]     | 94%    |   81.1ms | hey jimmy congratulation for 500M subscr...
[GAMING/GAM] | YouTube  | [Normal]     | 97%    |   68.6ms | I'm going tomorrow night!!...
[GAMING/GAM] | YouTube  | [Normal]     | 94%    |   55.2ms | The OCEAN...
[ENTERTAINM] | YouTube  | [Normal]     | 96%    |   68.5ms | i still remember when he got 100 mil...
[GAMING/GAM] | YouTube  | [Normal]     | 97%    |   71.6ms | First time catching a Markiplier livestr...
[GAMING/GAM] | YouTube  | [Normal]     | 85%    |   58.3ms | NOOOOO...
[ENTERTAINM] | YouTube  | [Normal]     | 97%    |   63.2ms | I am from India...
[GAMING/GAM] | YouTube  | [Normal]     | 97%    |   75.8ms | 'obversation' duty...
[MUSIC/CHIL] | YouTube  | [Normal]     | 96%    |   65.6ms | tragi in stinga...
[ENTERTAINM] | YouTube  | [Normal]     | 94%    |   52.8ms | hi...
[GAMING/GAM] | YouTube  | [Normal]     | 97%    |  135.2ms | its my birthday today 25 :partying_face:...
[GAMING/GAM] | YouTube  | [Normal]     | 93%    |   53.7ms | gg...
[MUSIC/CHIL] | YouTube  | [Normal]     | 95%    |   65.0ms | ........
[GAMING/GAM] | YouTube  | [Normal]     | 95%    |   64.8ms | explain the game pls...
[GAMING/GAM] | YouTube  | [Normal]     | 92%    |   92.3ms | Mark did you hear they made a video game...
[GAMING/GAM] | YouTube  | [Normal]     | 90%    |   59.3ms | How is your day...
[GAMING/GAM] | YouTube  | [Normal]     | 87%    |  110.7ms | markiplier pls do a dvd release of iron ...
[GAMING/SUR] | YouTube  | [Normal]     | 81%    |   70.6ms | seeing Delirious on here is crazy...
[ENTERTAINM] | YouTube  | [Normal]     | 96%    |   66.4ms | :red_heart:...
[SPORTS/FOO] | YouTube  | [Normal]     | 92%    |   58.6ms | Japan is the winner...
[GAMING/GAM] | YouTube  | [Normal]     | 97%    |   58.3ms | Welcome to Member!...
[PSYCHOLOGY] | YouTube  | [Normal]     | 93%    |   61.2ms | manosphere?...
[ENTERTAINM] | YouTube  | [Normal]     | 94%    |   54.3ms | hi...
[GAMING/GAM] | YouTube  | [Normal]     | 95%    |   93.2ms | THERES A GUY IN THE TOP LEFT OF THE SCRE...
[ENTERTAINM] | YouTube  | [Normal]     | 94%    |   56.5ms | same...
[GAMING/GAM] | YouTube  | [Normal]     | 78%    |   85.9ms | why does some of it look like Resident E...
[SELF-HELP/] | YouTube  | [Normal]     | 85%    |   94.0ms | if a person succeeded in ways I can't i ...
[GAMING/SUR] | YouTube  | [Normal]     | 95%    |  101.2ms | :loudly_crying_face::loudly_crying_face:...
[ENTERTAINM] | YouTube  | [Normal]     | 98%    |   81.2ms | :hand-pink-waving::hand-pink-waving:...
[GAMING/GAM] | YouTube  | [Normal]     | 93%    |  110.2ms | Also theres a roblox game called Observa...
[GAMING/SUR] | YouTube  | [HATE]       | 75%    |   58.3ms | gambling is bad...
[ENTERTAINM] | YouTube  | [Normal]     | 96%    |   56.0ms | New member...
[GAMING/GAM] | YouTube  | [Normal]     | 95%    |   73.0ms | Lmaooo...
[GAMING/GAM] | YouTube  | [Normal]     | 90%    |   76.1ms | ohhhh at least it isn't blood...
[ENTERTAINM] | YouTube  | [Normal]     | 95%    |   54.0ms | hii...
[GAMING/GAM] | YouTube  | [Normal]     | 96%    |   65.3ms | That was fast lol...
[MUSIC/CHIL] | YouTube  | [Normal]     | 98%    |   78.6ms | ...:face-turquoise-music-note:...
[ENTERTAINM] | YouTube  | [Normal]     | 96%    |   53.7ms | New member...
[GAMING/GAM] | YouTube  | [Normal]     | 96%    |  174.5ms | chat. stop talking  you're distracting m...
[MUSIC/CHIL] | YouTube  | [Normal]     | 97%    |   97.5ms | okay aithe vasthundhile tension padaku :...
[GAMING/GAM] | YouTube  | [Normal]     | 97%    |   68.0ms | hiiiiiiii!!!...
[GAMING/GAM] | YouTube  | [Normal]     | 96%    |   53.4ms | Water cheese...
[ENTERTAINM] | YouTube  | [Normal]     | 95%    |   53.6ms | said hi...
[ENTERTAINM] | YouTube  | [Normal]     | 92%    |   67.3ms | Hhubu...
[ENTERTAINM] | YouTube  | [Normal]     | 83%    |   53.5ms | w beast...
[ENTERTAINM] | YouTube  | [Normal]     | 96%    |   53.4ms | iiiii...
[ENTERTAINM] | YouTube  | [Normal]     | 97%    |   64.9ms | Lots of love to you...
[GAMING/GAM] | YouTube  | [Normal]     | 95%    |   59.1ms | Obversation...
[ENTERTAINM] | YouTube  | [Normal]     | 91%    |   55.0ms | me...
[MUSIC/CHIL] | YouTube  | [Normal]     | 94%    |   59.0ms | ui oui...
[GAMING/GAM] | YouTube  | [Normal]     | 97%    |   99.2ms | omg lmao the real challenge isn't the ha...
[GAMING/GAM] | YouTube  | [Normal]     | 95%    |   61.4ms | obversation...
[GAMING/GAM] | YouTube  | [Normal]     | 95%    |   72.0ms | HI MARKKK...
[GAMING/SUR] | YouTube  | [Normal]     | 93%    |   69.3ms | UR SO BAD LMAOOO...
[GAMING/SUR] | YouTube  | [Normal]     | 96%    |   54.1ms | LOL...
[GAMING/SUR] | YouTube  | [Normal]     | 96%    |  105.9ms | 4 CARD 21????????????????????...
[ENTERTAINM] | YouTube  | [Normal]     | 91%    |   53.2ms | me...
[GAMING/SUR] | YouTube  | [Normal]     | 93%    |   60.2ms | Never seen colder tables...
[ENTERTAINM] | YouTube  | [Normal]     | 96%    |   74.6ms | i am happy for your 500 million YouTube ...
[ENTERTAINM] | YouTube  | [Normal]     | 95%    |   53.2ms | 67...
[ENTERTAINM] | YouTube  | [Normal]     | 95%    |   53.5ms | hii...
[GAMING/SUR] | YouTube  | [Normal]     | 80%    |   66.0ms | what is the discord...
[GAMING/GAM] | YouTube  | [Normal]     | 94%    |   55.6ms | hi...
[ENTERTAINM] | YouTube  | [Normal]     | 98%    |  176.2ms | :hand-purple-blue-peace::hand-purple-blu...
[ENTERTAINM] | YouTube  | [Normal]     | 96%    |   52.7ms | New member...
[GAMING/SUR] | YouTube  | [Normal]     | 75%    |   63.1ms | THATS IT SCRAP THE GUN...
[ENTERTAINM] | YouTube  | [Normal]     | 94%    |   53.2ms | 5...
[GAMING/GAM] | YouTube  | [Normal]     | 96%    |   69.3ms | is this a prerecorded video...
[ENTERTAINM] | YouTube  | [Normal]     | 98%    |  283.9ms | :face-blue-smiling::face-blue-smiling::f...
[GAMING/GAM] | YouTube  | [Normal]     | 95%    |   59.8ms | obversation duty...
[ENTERTAINM] | YouTube  | [Normal]     | 97%    |   59.7ms | today is my birthday...
[GAMING/GAM] | YouTube  | [Normal]     | 96%    |   60.0ms | Ob versation  Mark...
[GAMING/GAM] | YouTube  | [Normal]     | 97%    |   72.2ms | Obversation :loudly_crying_face:...
[GAMING/GAM] | YouTube  | [Normal]     | 94%    |   63.0ms | mark you spelled the title wrong...
[GAMING/GAM] | YouTube  | [Normal]     | 96%    |   72.7ms | I can't wait to see the singing siren...
[ENTERTAINM] | YouTube  | [Normal]     | 95%    |   54.6ms | Hello...
[GAMING/SUR] | YouTube  | [Normal]     | 82%    |   67.6ms | :person_facepalming:...
[GAMING/GAM] | YouTube  | [Normal]     | 95%    |   59.0ms | OBVERSATION...
[GAMING/SUR] | YouTube  | [Normal]     | 92%    |   72.1ms | have you considered not letting the deal...
[GAMING/GAM] | YouTube  | [Normal]     | 97%    |   62.6ms | Obversation LMAOO...
[GAMING/GAM] | YouTube  | [Normal]     | 85%    |   64.5ms | how will you go on...
[ENTERTAINM] | YouTube  | [Normal]     | 97%    |   64.6ms | i play baseball in Russia...
[GAMING/GAM] | YouTube  | [Normal]     | 68%    |   60.0ms | the drenched sarcasm...
[GAMING/SUR] | YouTube  | [Normal]     | 87%    |   53.1ms | LETS GO...
[GAMING/GAM] | YouTube  | [Normal]     | 98%    |  132.5ms | :cat_with_tears_of_joy::cat_with_tears_o...
[GAMING/GAM] | YouTube  | [Normal]     | 96%    |   65.2ms | lol lmao even...
[GAMING/SUR] | YouTube  | [Normal]     | 74%    |   74.8ms | does it say cheat on the screan...
[ENTERTAINM] | YouTube  | [Normal]     | 96%    |   68.5ms | im İran:saluting_face:...
[NEWS/LIVE ] | YouTube  | [Normal]     | 91%    |   62.4ms | HES WORKING ON IT?...
[GAMING/GAM] | YouTube  | [Normal]     | 97%    |   61.0ms | Welcome to Member!...
[GAMING/SUR] | YouTube  | [Normal]     | 95%    |  184.7ms | :rolling_on_the_floor_laughing::rolling_...
[ENTERTAINM] | YouTube  | [Normal]     | 97%    |   77.6ms | hey Mr Beast I love :sparkling_heart: I...
[ENTERTAINM] | YouTube  | [Normal]     | 94%    |   53.9ms | Hi...
[GAMING/GAM] | YouTube  | [Normal]     | 95%    |   68.3ms | He is very Obersational...
[GAMING/GAM] | YouTube  | [Normal]     | 96%    |   62.6ms | is it the capital o?...
[ENTERTAINM] | YouTube  | [Normal]     | 95%    |   53.4ms | hiii...
[GAMING/GAM] | YouTube  | [Normal]     | 84%    |   68.5ms | im surprised its an accidental mispellin...
[GAMING/GAM] | YouTube  | [Normal]     | 92%    |   62.9ms | thats the best part tho...
[ENTERTAINM] | YouTube  | [Normal]     | 85%    |   83.7ms | why u guys didnt pay even a winer from y...
[GAMING/GAM] | YouTube  | [Normal]     | 95%    |   68.1ms | LMAO SOMEONE SAID TITLE ANOMALY...
[ENTERTAINM] | YouTube  | [Normal]     | 90%    |   86.4ms | 500mmmmmmmmmmmmmmmmmmmmmmm...
[GAMING/GAM] | YouTube  | [Normal]     | 72%    |   84.0ms | that stupid AI summary keeps popping up ...
[GAMING/SUR] | YouTube  | [Normal]     | 96%    |   59.7ms | lmao...
[GAMING/SUR] | YouTube  | [Normal]     | 93%    |   70.3ms | casinos love to see you coming lol...
[GAMING/GAM] | YouTube  | [Normal]     | 88%    |   73.0ms | IT's an anomaly...
[GAMING/GAM] | YouTube  | [Normal]     | 96%    |   66.4ms | obsVERSTAPEN...
[GAMING/SUR] | YouTube  | [Normal]     | 92%    |   69.0ms | so were just throwing it away lol...
[ENTERTAINM] | YouTube  | [Normal]     | 92%    |   54.4ms | o...
[GAMING/SUR] | YouTube  | [Normal]     | 87%    |   68.0ms | Poor gingy and all her work...
[GAMING/GAM] | YouTube  | [Normal]     | 94%    |   59.7ms | I think it moved...
[GAMING/GAM] | YouTube  | [Normal]     | 95%    |   97.4ms | I thought i saw an anomaly  then realize...
[GAMING/SUR] | YouTube  | [Normal]     | 89%    |   59.7ms | should of played slots...
[GAMING/SUR] | YouTube  | [Normal]     | 93%    |   58.8ms | sheeeesh...
[ENTERTAINM] | YouTube  | [Normal]     | 97%    |   58.4ms | 130K Viewers...
[ENTERTAINM] | YouTube  | [Normal]     | 94%    |   55.7ms | hi...
[GAMING/GAM] | YouTube  | [Normal]     | 94%    |   54.9ms | THREE...
[GAMING/GAM] | YouTube  | [Normal]     | 97%    |   94.0ms | obversation...:rolling_on_the_floor_laug...
[GAMING/GAM] | YouTube  | [OFFENSIVE]  | 68%    |   67.3ms | Peamut bubber?...
[GAMING/SUR] | YouTube  | [Normal]     | 96%    |   53.8ms | LOL...
[GAMING/GAM] | YouTube  | [Normal]     | 95%    |   53.7ms | Haiii...
[ENTERTAINM] | YouTube  | [Normal]     | 95%    |   62.8ms | UYY PHILIPPINES...
[GAMING/GAM] | YouTube  | [Normal]     | 92%    |   68.7ms | Obversation Lung...
[GAMING/SUR] | YouTube  | [Normal]     | 90%    |   67.5ms | hahahaha...
[ENTERTAINM] | YouTube  | [Normal]     | 95%    |   60.4ms | hello...
[ENTERTAINM] | YouTube  | [Normal]     | 98%    |  133.9ms | WATCH UR FIRST VIDEO:hand-pink-waving::h...
[GAMING/GAM] | YouTube  | [Normal]     | 97%    |   98.5ms | XD the way half of chat probably didn't ...
[ENTERTAINM] | YouTube  | [Normal]     | 89%    |   78.1ms | Whats the time at your place rn?...
[GAMING/SUR] | YouTube  | [Normal]     | 94%    |   57.2ms | well...
[GAMING/GAM] | YouTube  | [Normal]     | 94%    |   59.1ms | Right there Mark...
[GAMING/SUR] | YouTube  | [Normal]     | 96%    |   74.1ms | YOU HAD 1000+ SCRAP WHEN YOU LOGGED IN...
[ENTERTAINM] | YouTube  | [Normal]     | 95%    |   68.2ms | ХПААААЙЙЙ...
[GAMING/SUR] | YouTube  | [Normal]     | 92%    |   67.4ms | Peanut needs to stay out of Vegas...
[GAMING/SUR] | YouTube  | [Normal]     | 95%    |   64.2ms | u have 1k in base...
[ENTERTAINM] | YouTube  | [Normal]     | 96%    |  114.7ms | :fearful_face::fearful_face::fearful_fac...
[GAMING/GAM] | YouTube  | [Normal]     | 94%    |   71.5ms | bro's killing it with the live streams r...
[GAMING/GAM] | YouTube  | [Normal]     | 83%    |   65.3ms | GO BACK TO THE BASEMENT...
[GAMING/SUR] | YouTube  | [Normal]     | 95%    |   87.5ms | hutch is just strolling around with 4k m...
[MUSIC/CHIL] | YouTube  | [Normal]     | 97%    |   71.5ms | :musical_notes::relieved_face:...
[ENTERTAINM] | YouTube  | [Normal]     | 96%    |   54.7ms | big fan...
[ENTERTAINM] | YouTube  | [Normal]     | 94%    |   68.7ms | HAHAHAHAHAHHA...
[GAMING/GAM] | YouTube  | [Normal]     | 96%    |   96.9ms | i'm so dyslexic i did not even notice th...
[GAMING/GAM] | YouTube  | [Normal]     | 79%    |   52.8ms | MOUSE TRAP...
[GAMING/GAM] | YouTube  | [Normal]     | 96%    |   73.2ms | CONGRATS ON THE MOVIE!!!...
[GAMING/GAM] | YouTube  | [Normal]     | 94%    |   52.7ms | John...
[GAMING/GAM] | YouTube  | [Normal]     | 95%    |  108.0ms | how did he get through there? intrude th...
[GAMING/GAM] | YouTube  | [Normal]     | 95%    |   73.1ms | HIIIII MARKKKKK...
[GAMING/GAM] | YouTube  | [Normal]     | 94%    |   74.8ms | intruder? how did he get in? intruder wi...
[MUSIC/CHIL] | YouTube  | [Normal]     | 97%    |  113.4ms | @kavya-c9c1j fir kya tumhe chris evans c...
[GAMING/GAM] | YouTube  | [Normal]     | 96%    |   53.0ms | LOL...
[GAMING/GAM] | YouTube  | [Normal]     | 95%    |   84.2ms | im curious about yall spelling ia it obs...
[GAMING/GAM] | YouTube  | [Normal]     | 89%    |   58.3ms | intuider...
[GAMING/GAM] | YouTube  | [Normal]     | 94%    |   58.5ms | true...
[ENTERTAINM] | YouTube  | [Normal]     | 94%    |   53.4ms | 5...
[GAMING/SUR] | YouTube  | [Normal]     | 49%    |   83.5ms | @YungDreadz_The_Artist shut up dummy...
[SPORTS/FOO] | YouTube  | [Normal]     | 94%    |  100.1ms | :police_car_light:豚の妖精:clown_face:危險注意~!...
[ENTERTAINM] | YouTube  | [Normal]     | 94%    |   53.9ms | 4...
[ENTERTAINM] | YouTube  | [Normal]     | 94%    |   54.2ms | 5...
[GAMING/SUR] | YouTube  | [Normal]     | 91%    |   77.7ms | gambling losses are much funnier when it...
[GAMING/GAM] | YouTube  | [Normal]     | 93%    |  112.2ms | MARK THE LIGHT IS ROTATING BUT NOT THE D...
[GAMING/GAM] | YouTube  | [Normal]     | 95%    |   63.3ms | #1 is Sam Raimi...
[ENTERTAINM] | YouTube  | [Normal]     | 95%    |   54.1ms | 6000...
[GAMING/GAM] | YouTube  | [Normal]     | 97%    |   95.0ms | OMG IVE NEVER MADE IT TO A LIVE BEFORE. ...
[ENTERTAINM] | YouTube  | [Normal]     | 94%    |   57.8ms | 3...
[GAMING/GAM] | YouTube  | [Normal]     | 92%    |   53.9ms | the stairs...
[GAMING/GAM] | YouTube  | [Normal]     | 91%    |   74.3ms | YEAH GUYS! HE DIRECTED IRNO LUNG!...
[GAMING/GAM] | YouTube  | [Normal]     | 94%    |   58.7ms | stairs were moving...
[GAMING/GAM] | YouTube  | [Normal]     | 97%    |   68.5ms | is this famous movie actor MARKIPLIER...
[GAMING/GAM] | YouTube  | [Normal]     | 96%    |   59.3ms | PLATNUM HEART...
[ENTERTAINM] | YouTube  | [Normal]     | 95%    |   55.4ms | wow...
[ENTERTAINM] | YouTube  | [Normal]     | 97%    |  177.5ms | FREE PALESTINE:flexed_biceps::flexed_bic...
[ENTERTAINM] | YouTube  | [Normal]     | 95%    |   54.2ms | Bangladesh...
[GAMING/GAM] | YouTube  | [Normal]     | 95%    |   65.1ms | #1 director in America...
[GAMING/GAM] | YouTube  | [Normal]     | 91%    |   64.0ms | Extremely loud incorrect buzzer...
[ENTERTAINM] | YouTube  | [Normal]     | 96%    |   64.5ms | hi @beluga1...
[GAMING/SUR] | YouTube  | [Normal]     | 84%    |   76.2ms | Who else is drinking some silly with me?...
[GAMING/GAM] | YouTube  | [Normal]     | 89%    |   69.1ms | you’re literally my reason for living...
[ENTERTAINM] | YouTube  | [Normal]     | 97%    |   64.7ms | I subbed :D...
[GAMING/GAM] | YouTube  | [Normal]     | 96%    |   53.5ms | BASEMENT STAIRS...
[GAMING/GAM] | YouTube  | [Normal]     | 93%    |   64.7ms | HELP HIM in the game...
[MUSIC/CHIL] | YouTube  | [Normal]     | 95%    |   78.2ms | mohit nope:body-green-covering-eyes:...
[GAMING/GAM] | YouTube  | [Normal]     | 95%    |   64.9ms | THE LIGHT!!!...
[ENTERTAINM] | YouTube  | [Normal]     | 94%    |   54.8ms | 3...
[GAMING/GAM] | YouTube  | [Normal]     | 96%    |   67.4ms | please still be live in an hour...
[ENTERTAINM] | YouTube  | [Normal]     | 96%    |   93.7ms | lol get a life when bro has gave out pro...
[ENTERTAINM] | YouTube  | [Normal]     | 85%    |   73.7ms | I don't sorry...
[GAMING/GAM] | YouTube  | [Normal]     | 96%    |   66.8ms | The jacket was always there...
[ENTERTAINM] | YouTube  | [Normal]     | 96%    |   68.6ms | ko:person_raising_hand:...
[GAMING/GAM] | YouTube  | [Normal]     | 94%    |   53.6ms | Hey mark...
[GAMING/GAM] | YouTube  | [Normal]     | 93%    |   59.9ms | GAHHHHH...
[ENTERTAINM] | YouTube  | [Normal]     | 97%    |  350.9ms | :red_heart::red_heart::red_heart::red_he...
[ENTERTAINM] | YouTube  | [Normal]     | 94%    |   62.7ms | holaa mr beasttt...
[ENTERTAINM] | YouTube  | [Normal]     | 94%    |   53.8ms | Nepal...
[GAMING/GAM] | YouTube  | [Normal]     | 96%    |   76.0ms | please mark the basement stairs...
[GAMING/SUR] | YouTube  | [Normal]     | 94%    |   74.3ms | rogue hid the extra 1k hahahah...
[ENTERTAINM] | YouTube  | [Normal]     | 94%    |   54.0ms | 2...
[PSYCHOLOGY] | YouTube  | [Normal]     | 52%    |   64.7ms | the stoics?...
[GAMING/GAM] | YouTube  | [Normal]     | 94%    |   64.7ms | THE STAIIIRS...
[ENTERTAINM] | YouTube  | [Normal]     | 96%    |   69.1ms | خیلی خفنی...
[PSYCHOLOGY] | YouTube  | [Normal]     | 97%    |   72.4ms | Disconnected  Analytical  Systems-focuse...
[ENTERTAINM] | YouTube  | [Normal]     | 96%    |   60.0ms | I'm poor...
[GAMING/GAM] | YouTube  | [Normal]     | 92%    |   53.4ms | UNDULATION...
[GAMING/GAM] | YouTube  | [Normal]     | 92%    |   78.5ms | I don't know. I wasn't paying attention...
[SELF-HELP/] | YouTube  | [Normal]     | 68%    |  112.4ms | all u guys do is complain .... how about...
[ENTERTAINM] | YouTube  | [Normal]     | 96%    |   56.4ms | 20k...
[GAMING/GAM] | YouTube  | [Normal]     | 96%    |   54.9ms | lol...
[ENTERTAINM] | YouTube  | [Normal]     | 94%    |   58.5ms | hi mr beast...
[ENTERTAINM] | YouTube  | [Normal]     | 96%    |  119.2ms | bro don't clap i am in the middle of my ...
[GAMING/GAM] | YouTube  | [Normal]     | 96%    |   77.4ms | wait- lighthouse and iron lung cross ove...
[ENTERTAINM] | YouTube  | [Normal]     | 90%    |   71.6ms | heyyyy...
[ENTERTAINM] | YouTube  | [Normal]     | 56%    |   83.7ms | I’ve watched since 3000 subs bro this is...
[GAMING/GAM] | YouTube  | [Normal]     | 96%    |   65.1ms | LANTERIN IN INTERIOR...
[GAMING/GAM] | YouTube  | [Normal]     | 97%    |  120.9ms | Hello Mark! I saw your movie  congrats o...
[GAMING/SUR] | YouTube  | [Normal]     | 95%    |   63.1ms | :mending_heart:...
[GAMING/GAM] | YouTube  | [Normal]     | 95%    |  108.2ms | I printed the popcorn bucket but the tee...
[ENTERTAINM] | YouTube  | [Normal]     | 92%    |   61.1ms | mrbeast...
[GAMING/GAM] | YouTube  | [Normal]     | 73%    |   98.5ms | is it just me or do markiplier and jacks...
[SELF-HELP/] | YouTube  | [Normal]     | 57%    |   82.8ms | nothing gets them madder than taking the...
[ENTERTAINM] | YouTube  | [Normal]     | 98%    |  148.2ms | :hand-pink-waving::hand-pink-waving::han...
[ENTERTAINM] | YouTube  | [Normal]     | 96%    |   67.5ms | :1st_place_medal:...
[GAMING/GAM] | YouTube  | [Normal]     | 97%    |   64.5ms | what did i miss?...
[GAMING/GAM] | YouTube  | [Normal]     | 97%    |   58.3ms | THE GREEN BOTTLE...
[ENTERTAINM] | YouTube  | [Normal]     | 96%    |   53.0ms | new member...
[GAMING/GAM] | YouTube  | [Normal]     | 97%    |   76.9ms | How does it feels to be number one still...
[ENTERTAINM] | YouTube  | [Normal]     | 95%    |   70.0ms | :goodvibes:...
[GAMING/GAM] | YouTube  | [Normal]     | 96%    |   75.8ms | Hi from 2am in South Africa!!!...
[ENTERTAINM] | YouTube  | [Normal]     | 92%    |   55.3ms | hey hai...
[GAMING/GAM] | YouTube  | [Normal]     | 97%    |   70.1ms | another mousetrap?...
[GAMING/GAM] | YouTube  | [Normal]     | 96%    |   73.2ms | Hi from Brazil  will your film be shown ...
[GAMING/GAM] | YouTube  | [Normal]     | 94%    |   59.6ms | hole near lighthouse light...
[ENTERTAINM] | YouTube  | [Normal]     | 97%    |   53.4ms | 500m...
[GAMING/GAM] | YouTube  | [Normal]     | 96%    |   77.6ms | Mark my dono said people want an Observa...
[ENTERTAINM] | YouTube  | [Normal]     | 96%    |   58.8ms | I was here...
[GAMING/GAM] | YouTube  | [Normal]     | 98%    |   94.9ms | I once ate deodorant and still doing it ...
[ENTERTAINM] | YouTube  | [Normal]     | 97%    |   61.7ms | I LOVE INDONESIA...
[ENTERTAINM] | YouTube  | [Normal]     | 97%    |   59.3ms | :yt:...
[GAMING/GAM] | YouTube  | [Normal]     | 92%    |   53.4ms | BED...
[GAMING/GAM] | YouTube  | [Normal]     | 91%    |   71.9ms | IM HEADING TO WATCH YOUR MOVIIIIEEE...
[ENTERTAINM] | YouTube  | [Normal]     | 96%    |   65.1ms | me.from Indonesia...
[GAMING/GAM] | YouTube  | [Normal]     | 97%    |   62.4ms | lantern moved in interior...
[GAMING/GAM] | YouTube  | [Normal]     | 95%    |   69.8ms | The blanket on the bed moved!!...
[GAMING/GAM] | YouTube  | [Normal]     | 92%    |   54.5ms | bed...
[GAMING/SUR] | YouTube  | [Normal]     | 82%    |   67.8ms | Put wood inside man its just 100...
[GAMING/GAM] | YouTube  | [Normal]     | 93%    |   80.9ms | theres three ropes hanging at the interi...
[GAMING/GAM] | YouTube  | [Normal]     | 90%    |   58.6ms | BOXESBOXES...
[GAMING/GAM] | YouTube  | [Normal]     | 92%    |   54.4ms | BED...
[ENTERTAINM] | YouTube  | [Normal]     | 94%    |  117.1ms | ভাই আমাকে একটা আইফোন দিবেন আমি সৌদি প্রব...
[ENTERTAINM] | YouTube  | [Normal]     | 97%    |  164.7ms | Hallo sir I am alok kumar and I am from ...
[ENTERTAINM] | YouTube  | [Normal]     | 96%    |   87.8ms | JIMMY PLEASE PLEASE I AM SO POOR CAN U G...
[GAMING/GAM] | YouTube  | [Normal]     | 87%    |   62.6ms | CHECK THE BED...
[ENTERTAINM] | YouTube  | [Normal]     | 95%    |   54.0ms | hii...
[GAMING/GAM] | YouTube  | [Normal]     | 92%    |   59.3ms | Under the bed?...
[GAMING/GAM] | YouTube  | [Normal]     | 92%    |   66.2ms | IN MOVIES FOR IRON LUNG RN...
[GAMING/GAM] | YouTube  | [Normal]     | 97%    |   69.3ms | Greeting form Poland  loved the movie...
[MUSIC/CHIL] | YouTube  | [Normal]     | 98%    |   73.1ms | :musical_notes::musical_note:...
[GAMING/GAM] | YouTube  | [Normal]     | 98%    |   68.9ms | extra item on the cabin night stand?...
[ENTERTAINM] | YouTube  | [Normal]     | 95%    |   77.8ms | Assalamu Alaikum sir  how are you?...
[ENTERTAINM] | YouTube  | [Normal]     | 95%    |   55.2ms | xd...
[GAMING/GAM] | YouTube  | [Normal]     | 96%    |  102.2ms | Just got done watching Iron Lung. Fantas...
[ENTERTAINM] | YouTube  | [Normal]     | 97%    |   74.2ms | :face-red-heart-shape:...
[ENTERTAINM] | YouTube  | [Normal]     | 88%    |   55.1ms | ،...
[GAMING/GAM] | YouTube  | [Normal]     | 91%    |   72.4ms | LOCK THE DOOR!!!!!!!...
[PSYCHOLOGY] | YouTube  | [Normal]     | 92%    |   54.4ms | huh...
[ENTERTAINM] | YouTube  | [Normal]     | 96%    |   67.4ms | im from israel i love this stream...
[GAMING/GAM] | YouTube  | [Normal]     | 95%    |   59.2ms | WATER IN THE PO...
[GAMING/GAM] | YouTube  | [Normal]     | 94%    |   54.0ms | 3...
[GAMING/GAM] | YouTube  | [Normal]     | 97%    |   58.7ms | Lantern ??...
[GAMING/GAM] | YouTube  | [Normal]     | 93%    |   54.8ms | yes...
[ENTERTAINM] | YouTube  | [Normal]     | 96%    |   87.6ms | :waving_hand::waving_hand::waving_hand:...
[GAMING/GAM] | YouTube  | [Normal]     | 97%    |   59.5ms | Welcome to Member!...
[GAMING/GAM] | YouTube  | [Normal]     | 90%    |   73.7ms | What about picture on the wall in the be...
[GAMING/SUR] | YouTube  | [Normal]     | 98%    |   64.7ms | Nectar of the gods....
[ENTERTAINM] | YouTube  | [Normal]     | 94%    |   58.8ms | mr queef!...
[GAMING/GAM] | YouTube  | [Normal]     | 97%    |   77.1ms | the hanging thing off the right balcony ...
[GAMING/GAM] | YouTube  | [Normal]     | 96%    |   69.1ms | hi mark :smirking_face:...
[PSYCHOLOGY] | YouTube  | [Normal]     | 97%    |   64.2ms | I'm aminus...
[GAMING/GAM] | YouTube  | [Normal]     | 74%    |   59.0ms | The hangy thing...
[ENTERTAINM] | YouTube  | [Normal]     | 95%    |   98.2ms | I have a question how is it possible tha...
[ENTERTAINM] | YouTube  | [Normal]     | 90%    |  134.1ms | :stayhome::stayhome::stayhome::stayhome:...
[ENTERTAINM] | YouTube  | [Normal]     | 96%    |   69.0ms | It’s 9 am here LOL...
[ENTERTAINM] | YouTube  | [Normal]     | 87%    |   59.5ms | you are so cute...
[SELF-HELP/] | YouTube  | [Normal]     | 63%    |   67.6ms | Can I hate jeffery Epstine...
[GAMING/GAM] | YouTube  | [Normal]     | 88%    |   59.3ms | Light anomaly light house...
[GAMING/GAM] | YouTube  | [Normal]     | 94%    |   78.2ms | I swear it wasnt spinning at the beginni...
[ENTERTAINM] | YouTube  | [Normal]     | 94%    |   55.2ms | 1...
[SPORTS/FOO] | YouTube  | [Normal]     | 97%    |  140.1ms | 일본이 독일을 이기는건가? 놀랍다...
[GAMING/GAM] | YouTube  | [Normal]     | 96%    |   52.9ms | Lol...
[GAMING/GAM] | YouTube  | [Normal]     | 96%    |  112.2ms | this is literally a dream come true i ha...
[GAMING/GAM] | YouTube  | [Normal]     | 97%    |   68.9ms | Iron Lung was AMAZING! Great movie!...
[GAMING/GAM] | YouTube  | [Normal]     | 91%    |   55.2ms | w...
[PSYCHOLOGY] | YouTube  | [Normal]     | 92%    |   52.8ms | literally me...
[GAMING/GAM] | YouTube  | [Normal]     | 51%    |   77.0ms | The one eyed man that runs the lighthous...
[LIFESTYLE/] | YouTube  | [Normal]     | 97%    |   99.8ms | These Summer months are going to fly by ...
[GAMING/SUR] | YouTube  | [Normal]     | 92%    |   59.1ms | Don’t matter...
[ENTERTAINM] | YouTube  | [Normal]     | 94%    |   55.0ms | 1...
[GAMING/GAM] | YouTube  | [Normal]     | 89%    |   60.6ms | MISSING...
[ENTERTAINM] | YouTube  | [Normal]     | 94%    |  103.7ms | 1111111111111111111111111111111111111111...
[ENTERTAINM] | YouTube  | [Normal]     | 94%    |   52.8ms | 1...
[ENTERTAINM] | YouTube  | [Normal]     | 95%    |   77.6ms | 1111111111111111111111...
[ENTERTAINM] | YouTube  | [Normal]     | 97%    |   77.9ms | What do you support in the 2026 World Cu...
[GAMING/SUR] | YouTube  | [Normal]     | 96%    |   53.4ms | HIGHER!...
[GAMING/GAM] | YouTube  | [Normal]     | 94%    |   88.9ms | WHAT THE GAME ABOUT? I CAME LATE:loudly_...
[GAMING/GAM] | YouTube  | [Normal]     | 97%    |  138.7ms | Hi Markiplier  my mom had taken my car o...
[GAMING/GAM] | YouTube  | [Normal]     | 80%    |   69.1ms | are we trying to scare him in chat...
[GAMING/GAM] | YouTube  | [Normal]     | 98%    |   75.8ms | :hand-orange-covering-eyes:...
[GAMING/GAM] | YouTube  | [Normal]     | 97%    |   70.0ms | Is there a extra light here also?...
[GAMING/GAM] | YouTube  | [Normal]     | 93%    |   87.5ms | I am in the theater waiting to see Iron ...
[ENTERTAINM] | YouTube  | [Normal]     | 97%    |   62.7ms | Jets go...
[ENTERTAINM] | YouTube  | [Normal]     | 94%    |   53.7ms | 6...
[ENTERTAINM] | YouTube  | [Normal]     | 95%    |   59.8ms | hii mr beast...
[PSYCHOLOGY] | YouTube  | [Normal]     | 96%    |   54.1ms | hmmm...
[ENTERTAINM] | YouTube  | [Normal]     | 94%    |   53.7ms | 1...
[GAMING/SUR] | YouTube  | [Normal]     | 84%    |   60.0ms | Can’t see...
[ENTERTAINM] | YouTube  | [Normal]     | 98%    |  217.3ms | congratulations for 500M:clapping_hands:...
[GAMING/GAM] | YouTube  | [Normal]     | 96%    |  113.0ms | Saw iron lung last night and I can’t sto...
[ENTERTAINM] | YouTube  | [Normal]     | 94%    |   55.7ms | 1...
[ENTERTAINM] | YouTube  | [Normal]     | 94%    |   57.0ms | 1...
[ENTERTAINM] | YouTube  | [Normal]     | 94%    |   53.0ms | 1...
[GAMING/SUR] | YouTube  | [Normal]     | 94%    |   68.1ms | more energy output if you build higher...
[GAMING/GAM] | YouTube  | [Normal]     | 94%    |   53.8ms | LAMP MARK...
[GAMING/SUR] | YouTube  | [Normal]     | 85%    |   64.1ms | Build up then place it...
[MUSIC/CHIL] | YouTube  | [Normal]     | 98%    |   68.3ms | Prasa :potable_water:...
[GAMING/SUR] | YouTube  | [Normal]     | 86%    |   64.8ms | NOOOOOOOOO...
[GAMING/GAM] | YouTube  | [Normal]     | 96%    |   60.2ms | LIGHT !!...
[GAMING/SUR] | YouTube  | [Normal]     | 95%    |   64.9ms | welyn help this man...
[PSYCHOLOGY] | YouTube  | [Normal]     | 97%    |   74.2ms | :text-green-game-over:...
[GAMING/GAM] | YouTube  | [Normal]     | 96%    |   66.1ms | It’s observation duty 8...
[ENTERTAINM] | YouTube  | [Normal]     | 97%    |   70.1ms | Yes... love from India...
[GAMING/GAM] | YouTube  | [Normal]     | 75%    |   81.9ms | I'M FAILING YOU  I'M SORRY :tired_face:...
[GAMING/GAM] | YouTube  | [Normal]     | 95%    |   67.8ms | Was the vent thing always there??...
[GAMING/GAM] | YouTube  | [Normal]     | 86%    |   59.8ms | KERFUKLED...
[GAMING/SUR] | YouTube  | [Normal]     | 93%    |   67.2ms | WEYLYN ASK HIMMMMM...
[GAMING/GAM] | YouTube  | [Normal]     | 92%    |   60.1ms | airplane airplane bathroom...
[GAMING/GAM] | YouTube  | [Normal]     | 94%    |   91.6ms | I watched the iron lung movie it’s the b...
[ENTERTAINM] | YouTube  | [Normal]     | 97%    |   64.9ms | Hi Mr. Beast...
[GAMING/SUR] | YouTube  | [Normal]     | 93%    |   70.5ms | Welyn discord...
[GAMING/GAM] | YouTube  | [Normal]     | 91%    |   81.4ms | There’s a mousetrap in the basement!...
[ENTERTAINM] | YouTube  | [Normal]     | 97%    |  123.3ms | Taiwan W:face-red-heart-shape::face-red-...
[ENTERTAINM] | YouTube  | [Normal]     | 94%    |   76.9ms | wait hv you seen the play button yet...
[GAMING/GAM] | YouTube  | [Normal]     | 94%    |  168.0ms | Hey Mark! Congratulations on the release...
[GAMING/GAM] | YouTube  | [Normal]     | 96%    |   55.1ms | hi mark...
[ENTERTAINM] | YouTube  | [Normal]     | 94%    |   56.0ms | 1...
[GAMING/GAM] | YouTube  | [Normal]     | 96%    |   54.2ms | OOP...
[GAMING/SUR] | YouTube  | [Normal]     | 98%    |   66.2ms | windmill will turn lol...
[GAMING/GAM] | YouTube  | [Normal]     | 85%    |   63.7ms | nooooo...
[GAMING/SUR] | YouTube  | [Normal]     | 97%    |   83.6ms | this mf got on 3 hours early and played ...
[GAMING/GAM] | YouTube  | [Normal]     | 94%    |   54.0ms | Aww...
[MUSIC/CHIL] | YouTube  | [Normal]     | 97%    |   76.6ms | :smiling_face_with_halo:...
[GAMING/GAM] | YouTube  | [Normal]     | 94%    |   60.3ms | Oops...
[GAMING/GAM] | YouTube  | [Normal]     | 82%    |   60.3ms | you're missing...
[ENTERTAINM] | YouTube  | [Normal]     | 97%    |   82.8ms | please help :loudly_crying_face::folded_...
[ENTERTAINM] | YouTube  | [Normal]     | 95%    |   54.9ms | 67...
[GAMING/GAM] | YouTube  | [Normal]     | 91%    |   87.2ms | camera malfunction means that the camera...
[ENTERTAINM] | YouTube  | [Normal]     | 96%    |   63.2ms | could I get some money?...
[GAMING/GAM] | YouTube  | [Normal]     | 93%    |   54.8ms | L...
[ENTERTAINM] | YouTube  | [Normal]     | 96%    |  121.8ms | @Bhavesh_Kalyankar @Bhavesh_Kalyankar @B...
[GAMING/GAM] | YouTube  | [Normal]     | 91%    |   55.7ms | NOOB...
[GAMING/SUR] | YouTube  | [Normal]     | 96%    |   53.8ms | well said...
[GAMING/GAM] | YouTube  | [Normal]     | 95%    |   53.7ms | NUMBER 1...
[GAMING/GAM] | YouTube  | [Normal]     | 51%    |   86.7ms | the title is fine mark  don't listen to ...
[GAMING/GAM] | YouTube  | [Normal]     | 85%    |   69.3ms | the lamp in interiorr moveddddd...
[PSYCHOLOGY] | YouTube  | [Normal]     | 97%    |   62.8ms | animus anima and anime...
[ENTERTAINM] | YouTube  | [Normal]     | 92%    |   73.6ms | if it gets 500 million will I get 20 gra...
[GAMING/GAM] | YouTube  | [Normal]     | 95%    |   52.6ms | so real...
[GAMING/SUR] | YouTube  | [Normal]     | 63%    |   63.7ms | tell him about your windmill...
[GAMING/SUR] | YouTube  | [Normal]     | 70%    |   77.1ms | HUTCH AND ROGUE GONNA HAVE TO KEEP PEANU...
[GAMING/GAM] | YouTube  | [Normal]     | 94%    |   68.2ms | Clearly title is purposeful misspelled...
[GAMING/GAM] | YouTube  | [Normal]     | 92%    |   67.5ms | opbject manipulation in tittle...
[GAMING/GAM] | YouTube  | [Normal]     | 96%    |   66.3ms | hiiiiiiiiii...
[GAMING/SUR] | YouTube  | [Normal]     | 91%    |   61.7ms | stoopid...
[ENTERTAINM] | YouTube  | [Normal]     | 97%    |   60.7ms | Love frome bangladesh...
[ENTERTAINM] | YouTube  | [Normal]     | 81%    |   62.4ms | let's goo...
[ENTERTAINM] | YouTube  | [Normal]     | 98%    |   68.3ms | :star_struck:...
[PSYCHOLOGY] | YouTube  | [Normal]     | 95%    |  144.1ms | maybe because the Philosopher field isnt...
[GAMING/GAM] | YouTube  | [Normal]     | 81%    |   54.2ms | crazy work...
[GAMING/GAM] | YouTube  | [Normal]     | 95%    |   59.2ms | LMAOO...
[ENTERTAINM] | YouTube  | [Normal]     | 84%    |   60.3ms | heyy jimi...
[GAMING/GAM] | YouTube  | [Normal]     | 95%    |   60.3ms | LOLLLLLL...
[ENTERTAINM] | YouTube  | [Normal]     | 93%    |   59.3ms | omg...
[GAMING/GAM] | YouTube  | [Normal]     | 95%    |   65.7ms | obserdution duty...
[GAMING/GAM] | YouTube  | [Normal]     | 82%    |   54.6ms | YOU SEE...
[GAMING/GAM] | YouTube  | [Normal]     | 92%    |   60.8ms | hes come around...
[ENTERTAINM] | YouTube  | [Normal]     | 96%    |   93.4ms | I have a exam:loudly_crying_face::loudly...
[GAMING/GAM] | YouTube  | [Normal]     | 95%    |   59.2ms | OBVERSATION...
[GAMING/GAM] | YouTube  | [Normal]     | 97%    |   67.6ms | I'm on obversation duty...
[GAMING/GAM] | YouTube  | [Normal]     | 90%    |  134.5ms | as a dyslexic guy  I couldn't see the di...
[GAMING/GAM] | YouTube  | [Normal]     | 96%    |   65.5ms | oh hi chat  hi Mark...
[SELF-HELP/] | YouTube  | [Normal]     | 96%    |   54.2ms | lol...
[GAMING/GAM] | YouTube  | [Normal]     | 93%    |   53.9ms | Meow...
[ENTERTAINM] | YouTube  | [Normal]     | 95%    |   60.3ms | thanks Mr beast...
[PSYCHOLOGY] | YouTube  | [Normal]     | 94%    |   79.3ms | @KilleRoy_NL Yes  it can be either or...
[PSYCHOLOGY] | YouTube  | [Normal]     | 96%    |   68.8ms | jungs domain expansion is teh sol...
[GAMING/GAM] | YouTube  | [Normal]     | 93%    |   54.4ms | e...
[GAMING/GAM] | YouTube  | [Normal]     | 95%    |   54.5ms | hello...
[SELF-HELP/] | YouTube  | [Normal]     | 94%    |   78.4ms | bro is saying that while i am smurfing r...
[ENTERTAINM] | YouTube  | [Normal]     | 98%    |  351.2ms | :face-blue-smiling::face-blue-smiling::f...
[ENTERTAINM] | YouTube  | [Normal]     | 95%    |   68.5ms | I Like your video bro...
[GAMING/GAM] | YouTube  | [Normal]     | 95%    |   59.2ms | Obversation...
[GAMING/GAM] | YouTube  | [Normal]     | 92%    |   68.2ms | camera malfunction is missing camera...
[MUSIC/CHIL] | YouTube  | [Normal]     | 96%    |  145.4ms | Vishuu cockroaches :face_with_tears_of_j...
[GAMING/GAM] | YouTube  | [Normal]     | 66%    |   69.1ms | because you lost the camera in the cabin...
[MUSIC/CHIL] | YouTube  | [Normal]     | 96%    |   60.3ms | tinnava ra...
[ENTERTAINM] | YouTube  | [Normal]     | 94%    |   95.2ms | idziesz ogladac moj ht3 fight na mctiers...
[GAMING/SUR] | YouTube  | [Normal]     | 90%    |   77.9ms | base is gonna get wrecked if yall arent ...
[GAMING/GAM] | YouTube  | [Normal]     | 94%    |   54.6ms | hi...
[GAMING/GAM] | YouTube  | [Normal]     | 93%    |   73.8ms | Might be the least practical game to rea...
[GAMING/GAM] | YouTube  | [Normal]     | 95%    |   71.6ms | Camera malfunction in GUAAAAAAM...
[ENTERTAINM] | YouTube  | [Normal]     | 97%    |   77.7ms | :smiling_face_with_heart_eyes:...
[MUSIC/CHIL] | YouTube  | [Normal]     | 94%    |   65.3ms | @syedsoul ky...
[GAMING/GAM] | YouTube  | [Normal]     | 94%    |   77.0ms | I want a word with who built those stair...
[ENTERTAINM] | YouTube  | [Normal]     | 97%    |   59.9ms | love from kerala...
[GAMING/GAM] | YouTube  | [Normal]     | 94%    |   58.9ms | yay!...
[PSYCHOLOGY] | YouTube  | [Normal]     | 97%    |  120.8ms | I've been grounding myself with the eart...
[ENTERTAINM] | YouTube  | [Normal]     | 94%    |   59.9ms | hi Mr beast...
[ENTERTAINM] | YouTube  | [Normal]     | 94%    |   78.3ms | WRITE 67 IN THE COMMENTS IF TOU WANT JIM...
[SELF-HELP/] | YouTube  | [Normal]     | 78%    |   80.0ms | @gelaiiiarts3028 then you fail trying....
[GAMING/GAM] | YouTube  | [Normal]     | 97%    |   83.4ms | does he know about new game plus..........
[GAMING/SUR] | YouTube  | [Normal]     | 94%    |   54.2ms | oh Boy...
[GAMING/GAM] | YouTube  | [Normal]     | 94%    |   61.8ms | Yeah!!...
[ENTERTAINM] | YouTube  | [Normal]     | 96%    |   78.6ms | I need money to buy camera :pleading_fac...
[GAMING/SUR] | YouTube  | [Normal]     | 84%    |   91.8ms | MY MAN @TheBurntPeanut Wakes up gets rai...
[GAMING/GAM] | YouTube  | [Normal]     | 95%    |   68.8ms | is that a figure in the fog?...
[PSYCHOLOGY] | YouTube  | [Normal]     | 79%    |   78.0ms | no sex. just gym for the rest of your li...
[GAMING/GAM] | YouTube  | [Normal]     | 95%    |   66.4ms | Extra bottle by the dock...
[GAMING/SUR] | YouTube  | [Normal]     | 94%    |   59.6ms | AHAHAHAHA...
[GAMING/GAM] | YouTube  | [Normal]     | 96%    |   53.6ms | bucket?...
[GAMING/GAM] | YouTube  | [Normal]     | 94%    |   68.8ms | last time the lamp in the interior moved...
[ENTERTAINM] | YouTube  | [Normal]     | 85%    |   78.0ms | guys mr beast dont have money he paid fo...
[GAMING/GAM] | YouTube  | [Normal]     | 96%    |   59.1ms | fire movie mark...
[GAMING/SUR] | YouTube  | [Normal]     | 96%    |   55.2ms | LOL...
[GAMING/SUR] | YouTube  | [OFFENSIVE]  | 80%    |   54.4ms | Oh fuck...
[GAMING/SUR] | YouTube  | [Normal]     | 96%    |   53.6ms | all over...
[GAMING/SUR] | YouTube  | [Normal]     | 98%    |  156.5ms | Keep On Bungulating LATE Into The Night ...
[ENTERTAINM] | YouTube  | [Normal]     | 95%    |   54.1ms | 67...
[SELF-HELP/] | YouTube  | [Normal]     | 93%    |   68.4ms | @V_Urizen more...
[ENTERTAINM] | YouTube  | [Normal]     | 95%    |   62.8ms | Mr Beast I love you from...
[ENTERTAINM] | YouTube  | [Normal]     | 98%    |  288.7ms | :face-red-heart-shape::face-red-heart-sh...
[NEWS/LIVE ] | YouTube  | [Normal]     | 59%    |   89.2ms | FREE KARMELO ANTHONY:: WHITE SUPREMACIST...
[GAMING/GAM] | YouTube  | [Normal]     | 96%    |   68.3ms | is window at the cabin frozen?...
[GAMING/GAM] | YouTube  | [Normal]     | 87%    |   77.2ms | i wanna watch iron lung SOOOOO bad icl...
[ENTERTAINM] | YouTube  | [Normal]     | 90%    |   53.8ms | mr bets...
[GAMING/GAM] | YouTube  | [Normal]     | 97%    |   59.4ms | Harness  Mark?...
[GAMING/SUR] | YouTube  | [HATE]       | 38%    |   59.7ms | THEIR BASE IS GONE...
[GAMING/GAM] | YouTube  | [Normal]     | 98%    |   68.1ms | :hand-pink-waving:...
[ENTERTAINM] | YouTube  | [Normal]     | 95%    |   68.3ms | halo adakah Indonesia nonton...
[GAMING/GAM] | YouTube  | [Normal]     | 98%    |  178.4ms | :eyes-pink-heart-shape::eyes-pink-heart-...
[ENTERTAINM] | YouTube  | [Normal]     | 96%    |   61.3ms | LeBron James...
[ENTERTAINM] | YouTube  | [Normal]     | 92%    |   64.7ms | i don't know...
[GAMING/GAM] | YouTube  | [Normal]     | 94%    |   80.8ms | BRO I WANNA BE AN ANAOMOLY!! YESS!!...
[GAMING/GAM] | YouTube  | [Normal]     | 95%    |   64.8ms | vote for anomaly's...
[GAMING/GAM] | YouTube  | [Normal]     | 94%    |   53.8ms | im here...
[ENTERTAINM] | YouTube  | [Normal]     | 95%    |   63.4ms | 2%...
[GAMING/GAM] | YouTube  | [Normal]     | 90%    |   70.6ms | and we can fix anomolies...
[GAMING/GAM] | YouTube  | [Normal]     | 97%    |   79.7ms | TY FOR THE MEMBERSHIP:_markiHEART:...
[ENTERTAINM] | YouTube  | [Normal]     | 56%    |   59.2ms | omggg...
[ENTERTAINM] | YouTube  | [Normal]     | 90%    |   55.1ms | 🄷🄴🄻🄻🄾🄾...
[ENTERTAINM] | YouTube  | [Normal]     | 97%    |  149.5ms | Hi MrBeast  Iam from the Philippines  Ia...
[ENTERTAINM] | YouTube  | [Normal]     | 94%    |   54.8ms | to old...
[GAMING/GAM] | YouTube  | [Normal]     | 81%    |   63.1ms | Look at him making up excuses...
[ENTERTAINM] | YouTube  | [Normal]     | 98%    |   81.3ms | It is my dream to receive a gift from yo...
[ENTERTAINM] | YouTube  | [Normal]     | 42%    |   55.1ms | you crazy...
[GAMING/SUR] | YouTube  | [Normal]     | 93%    |   67.2ms | owimaway owimbawe...
[GAMING/SUR] | YouTube  | [Normal]     | 87%    |   58.7ms | Let him help...
[GAMING/GAM] | YouTube  | [Normal]     | 93%    |   81.6ms | was there always a tv control thing in t...
[GAMING/GAM] | YouTube  | [Normal]     | 94%    |   57.9ms | #1 director...
[GAMING/GAM] | YouTube  | [Normal]     | 96%    |   58.7ms | I MADE IT...
[GAMING/GAM] | YouTube  | [Normal]     | 97%    |   62.9ms | thank youuuuu...
[GAMING/GAM] | YouTube  | [Normal]     | 96%    |   58.7ms | firework?...
[GAMING/GAM] | YouTube  | [Normal]     | 89%    |   58.4ms | Blind ahh...
[GAMING/GAM] | YouTube  | [Normal]     | 96%    |   59.1ms | flare???...
[GAMING/GAM] | YouTube  | [Normal]     | 93%    |   69.2ms | Still never got over clickolding...
[GAMING/SUR] | YouTube  | [Normal]     | 94%    |   70.3ms | that patrol heli got lucky this time...
[MUSIC/CHIL] | YouTube  | [Normal]     | 97%    |   81.5ms | :face_with_tears_of_joy:...
[GAMING/GAM] | YouTube  | [Normal]     | 95%    |   69.3ms | I am watching from my fingernail...
[ENTERTAINM] | YouTube  | [Normal]     | 97%    |   77.4ms | Mr beast Love You... I Love form Pakista...
[MUSIC/CHIL] | YouTube  | [Normal]     | 96%    |   69.8ms | mjak samjh aata h...
[ENTERTAINM] | YouTube  | [Normal]     | 94%    |   65.2ms | talk about someone I know...
[GAMING/GAM] | YouTube  | [Normal]     | 89%    |   69.2ms | THERES A MOUSE TRAP IN THE BASEMENT...
[GAMING/SUR] | YouTube  | [Normal]     | 90%    |   59.4ms | Best worst game ever...
[ENTERTAINM] | YouTube  | [Normal]     | 95%    |   81.1ms | уууууууурааааа...
[GAMING/GAM] | YouTube  | [Normal]     | 92%    |   64.9ms | one in the light house...
[ENTERTAINM] | YouTube  | [Normal]     | 96%    |   68.0ms | ive heard bout neistat...
[SPORTS/FOO] | YouTube  | [Normal]     | 90%    |   54.6ms | ยับ...
[GAMING/GAM] | YouTube  | [Normal]     | 96%    |   79.2ms | instructions unclear  I peeled my eyes n...
[GAMING/GAM] | YouTube  | [Normal]     | 95%    |   88.9ms | I'm on the toilet can bring a 20 inch mo...
[GAMING/GAM] | YouTube  | [Normal]     | 94%    |   71.2ms | i swear something was moving under the b...
[GAMING/SUR] | YouTube  | [Normal]     | 97%    |   83.0ms | :eyes-purple-crying::eyes-purple-crying:...
[PSYCHOLOGY] | YouTube  | [Normal]     | 94%    |   53.3ms | oof...
[GAMING/SUR] | YouTube  | [Normal]     | 92%    |   68.1ms | Welyn the ultimate optimist...
[GAMING/GAM] | YouTube  | [Normal]     | 96%    |   74.2ms | wow Mark that looks sooooo cool!...
[GAMING/GAM] | YouTube  | [Normal]     | 95%    |   65.0ms | extra mouse trap in cellar...
[ENTERTAINM] | YouTube  | [Normal]     | 93%    |   54.1ms | KPOP...
[ENTERTAINM] | YouTube  | [Normal]     | 94%    |   54.9ms | hi...
[ENTERTAINM] | YouTube  | [Normal]     | 97%    |   88.1ms | :red_heart::red_heart::red_heart:...
[ENTERTAINM] | YouTube  | [Normal]     | 95%    |  111.5ms | Mr beast can you help me pay for my coll...
[PSYCHOLOGY] | YouTube  | [Normal]     | 58%    |   92.7ms | What if I don’t want to have kids? (As a...
[ENTERTAINM] | YouTube  | [Normal]     | 91%    |   68.3ms | nahhhh idk who that is...
[ENTERTAINM] | YouTube  | [Normal]     | 92%    |   57.6ms | z...
[ENTERTAINM] | YouTube  | [Normal]     | 96%    |   61.4ms | Yuppp...
[GAMING/GAM] | YouTube  | [Normal]     | 97%    |   75.5ms | OMG I FINALLY CAUGHT A MARKIPLIER STREAM...
[ENTERTAINM] | YouTube  | [Normal]     | 96%    |   97.9ms | I’m a really big fan of your channel  an...
[ENTERTAINM] | YouTube  | [Normal]     | 98%    |  137.2ms | وتفاك وتفاك. ايلوف يوي. ياه مستر بيستو. ...
[GAMING/GAM] | YouTube  | [Normal]     | 91%    |   65.5ms | I SEE NASA PEEPO...
[ENTERTAINM] | YouTube  | [Normal]     | 94%    |   64.3ms | Mrbest hi...
[PSYCHOLOGY] | YouTube  | [Normal]     | 93%    |   55.7ms | tech...
[ENTERTAINM] | YouTube  | [Normal]     | 96%    |   53.9ms | lol...
[GAMING/SUR] | YouTube  | [Normal]     | 95%    |   58.5ms | 2000 SCRAP LATER...
[ENTERTAINM] | YouTube  | [Normal]     | 93%    |   71.0ms | YES THERE ARE A LOT OF INTERNATIONAL NOT...
[GAMING/GAM] | YouTube  | [Normal]     | 44%    |   63.8ms | you are going to lose...
[GAMING/GAM] | YouTube  | [Normal]     | 97%    |   73.7ms | What’s the lore of this game?...
[ENTERTAINM] | YouTube  | [Normal]     | 91%    |   54.4ms | Pakistan...
[GAMING/GAM] | YouTube  | [Normal]     | 93%    |   53.6ms | THE CHAIR...
[PSYCHOLOGY] | YouTube  | [HATE]       | 51%    |  105.9ms | So women get stuck in their own animus b...
[GAMING/GAM] | YouTube  | [Normal]     | 83%    |   58.4ms | Underneath the bed...
[ENTERTAINM] | YouTube  | [Normal]     | 84%    |   69.0ms | hi Mr beast i subscribe you now...
[GAMING/SUR] | YouTube  | [Normal]     | 95%    |   53.7ms | Repair armour...
[GAMING/GAM] | YouTube  | [Normal]     | 97%    |   59.1ms | what I miss?...
[MUSIC/CHIL] | YouTube  | [Normal]     | 98%    |   71.5ms | .:face-turquoise-music-note:...
[ENTERTAINM] | YouTube  | [Normal]     | 97%    |  107.7ms | ВСЕ ЦЕЛИ СВО БУДУТ ВЫПОЛНЕНЫ...
[ENTERTAINM] | YouTube  | [Normal]     | 94%    |   54.6ms | q...
[ENTERTAINM] | YouTube  | [Normal]     | 95%    |   62.0ms | Pls...
[SELF-HELP/] | YouTube  | [Normal]     | 94%    |   53.9ms | Oops...
[GAMING/GAM] | YouTube  | [Normal]     | 96%    |  119.7ms | :face_screaming_in_fear::police_car_ligh...
[ENTERTAINM] | YouTube  | [Normal]     | 97%    |   62.7ms | try tecnoblade...
[ENTERTAINM] | YouTube  | [Normal]     | 94%    |   54.4ms | Do speed...
[ENTERTAINM] | YouTube  | [Normal]     | 90%    |   59.8ms | we only know jimmy...
[ENTERTAINM] | YouTube  | [Normal]     | 95%    |   71.8ms | MR BEAST 6000 OOOOOOOOOOOOH...
[ENTERTAINM] | YouTube  | [Normal]     | 96%    |   53.7ms | w seed...
[ENTERTAINM] | YouTube  | [Normal]     | 97%    |  106.9ms | Dear Jimmy  could you please help me? I ...
[GAMING/GAM] | YouTube  | [Normal]     | 92%    |   54.2ms | ooh...
[GAMING/SUR] | YouTube  | [OFFENSIVE]  | 93%    |   79.3ms | Y’all fucked up big time. All because of...
[GAMING/GAM] | YouTube  | [Normal]     | 96%    |   54.1ms | basement mark...
[ENTERTAINM] | YouTube  | [Normal]     | 92%    |   53.9ms | indian...
[ENTERTAINM] | YouTube  | [Normal]     | 97%    |  169.8ms | Can I participate in your next video ple...
[ENTERTAINM] | YouTube  | [Normal]     | 96%    |   58.6ms | am from sweden...
[GAMING/GAM] | YouTube  | [Normal]     | 96%    |  136.1ms | :_markiHEART::_markiHEART::_markiHEART::...
[GAMING/GAM] | YouTube  | [Normal]     | 97%    |   55.7ms | pro fireworks...
[GAMING/GAM] | YouTube  | [Normal]     | 93%    |   54.7ms | FIREWOOD...
[GAMING/GAM] | YouTube  | [Normal]     | 49%    |   59.1ms | That’s creepy...
[ENTERTAINM] | YouTube  | [Normal]     | 98%    |   67.9ms | love you Jimmy. love from India...
[ENTERTAINM] | YouTube  | [Normal]     | 98%    |  161.6ms | "Congratulations M Best on reaching 500M...
[GAMING/GAM] | YouTube  | [Normal]     | 97%    |   60.9ms | Dentures Moved?...
[GAMING/GAM] | YouTube  | [Normal]     | 94%    |   55.7ms | Basement...
[SELF-HELP/] | YouTube  | [Normal]     | 92%    |   81.9ms | Piccolo: "Power comes in response to a n...
[ENTERTAINM] | YouTube  | [Normal]     | 97%    |   85.0ms | ХУУУУУУУУУУУЙ...
[MUSIC/CHIL] | YouTube  | [Normal]     | 98%    |   91.2ms | Cold coffee :hot_beverage::face_with_tea...
[GAMING/GAM] | YouTube  | [Normal]     | 93%    |   73.7ms | the mouse trap in basement mark  check i...
[GAMING/GAM] | YouTube  | [Normal]     | 94%    |   59.1ms | diddy-...
[ENTERTAINM] | YouTube  | [Normal]     | 69%    |   57.1ms | eggg...
[GAMING/GAM] | YouTube  | [Normal]     | 97%    |   73.0ms | Papers on the table in the cabin are mov...
[GAMING/GAM] | YouTube  | [Normal]     | 93%    |   67.3ms | W MARK STREAM  LOVE YOUR VIDS...
[GAMING/GAM] | YouTube  | [Normal]     | 90%    |   77.9ms | I swear those pipes besides the stairs l...
[PSYCHOLOGY] | YouTube  | [Normal]     | 96%    |  102.8ms | ngl  me building muscles has helped me a...
[GAMING/SUR] | YouTube  | [Normal]     | 92%    |   58.8ms | ONE GUYD...
[MUSIC/CHIL] | YouTube  | [Normal]     | 98%    |   87.9ms | look at :penguin:...
[MUSIC/CHIL] | YouTube  | [Normal]     | 97%    |   80.9ms | :face-blue-smiling:...
[PSYCHOLOGY] | YouTube  | [Normal]     | 93%    |   77.4ms | Inversion...
[ENTERTAINM] | YouTube  | [Normal]     | 94%    |   76.6ms | hi...
[ENTERTAINM] | YouTube  | [Normal]     | 94%    |   89.4ms | Mr beast Can you give me computer?...
[ENTERTAINM] | YouTube  | [Normal]     | 94%    |   66.8ms | HI BRO...
[GAMING/GAM] | YouTube  | [Normal]     | 97%    |   84.5ms | bootle at the pierrrü...
[SELF-HELP/] | YouTube  | [Normal]     | 94%    |  134.3ms | Oh. That's how I spent 8 years with a co...
[GAMING/GAM] | YouTube  | [Normal]     | 93%    |   77.3ms | yard is hunted for sure...
[GAMING/SUR] | YouTube  | [Normal]     | 97%    |   74.6ms | yt stream is fine!...
[GAMING/GAM] | YouTube  | [Normal]     | 97%    |   80.1ms | cross on the pier moving closer?...
[GAMING/GAM] | YouTube  | [Normal]     | 95%    |   66.5ms | moved railing...
[GAMING/SUR] | YouTube  | [Normal]     | 92%    |   70.7ms | left the door open...
[ENTERTAINM] | YouTube  | [Normal]     | 92%    |   71.3ms | @husain...
[GAMING/GAM] | YouTube  | [Normal]     | 95%    |  119.5ms | I’ve been a fan of your’s since your The...
[MUSIC/CHIL] | YouTube  | [Normal]     | 97%    |   91.5ms | :musical_note::tumbler_glass:...
[GAMING/GAM] | YouTube  | [Normal]     | 97%    |   84.8ms | wait is this markiplier?...
[GAMING/GAM] | YouTube  | [Normal]     | 97%    |   85.3ms | EXTRA OBJECTS NEXT TO THE SHAIR IN THE R...
[ENTERTAINM] | YouTube  | [Normal]     | 97%    |   98.2ms | siuuuuuuuuuuuu...
[GAMING/SUR] | YouTube  | [Normal]     | 90%    |   75.3ms | GATE IS OPEN YOU CASHEW...
[GAMING/GAM] | YouTube  | [Normal]     | 82%    |   84.4ms | just came out of IronLung!!!...
[NEWS/LIVE ] | YouTube  | [Normal]     | 90%    |   90.9ms | KARMELO IS DONE. BYE BYE DUMB LACK BOY....
[SPORTS/FOO] | YouTube  | [Normal]     | 61%    |   88.1ms | LETS SEE BRAZILL WILL LET YOU HAHAHA...
[GAMING/GAM] | YouTube  | [Normal]     | 94%    |   86.2ms | What about the void from Thunderbolts*...
[GAMING/SUR] | YouTube  | [Normal]     | 93%    |   76.4ms | the gate airlocks...
[GAMING/GAM] | YouTube  | [Normal]     | 89%    |   76.3ms | I'm not paranoid...
[GAMING/SUR] | YouTube  | [Normal]     | 87%    |   65.0ms | lock in...
[GAMING/GAM] | YouTube  | [Normal]     | 95%    |   71.0ms | bottle at the pier...
[ENTERTAINM] | YouTube  | [Normal]     | 97%    |   85.6ms | Hello    I am from India...
[GAMING/GAM] | YouTube  | [Normal]     | 96%    |   82.2ms | MAKE SURE TO DOUBLE CHECK CAMERAS MARK...
[ENTERTAINM] | YouTube  | [Normal]     | 94%    |   93.2ms | Mr beast can you give me a laptop i am f...
[GAMING/GAM] | YouTube  | [Normal]     | 90%    |   65.4ms | the fuse...
[GAMING/GAM] | YouTube  | [Normal]     | 97%    |   76.5ms | HANGING RED LIGHT MOVINGG...
[GAMING/GAM] | YouTube  | [Normal]     | 97%    |   74.4ms | PURPLE SCARF IS NOT AN ANOMALY...
[GAMING/GAM] | YouTube  | [OFFENSIVE]  | 53%    |   90.5ms | :face-fuchsia-tongue-out:...
[GAMING/GAM] | YouTube  | [Normal]     | 92%    |   65.6ms | Breaker box...
[GAMING/GAM] | YouTube  | [Normal]     | 88%    |   71.2ms | DOCK...
[NEWS/LIVE ] | YouTube  | [Normal]     | 92%    |   74.4ms | O Brother Where Tarp Thou...
[MUSIC/CHIL] | YouTube  | [Normal]     | 94%    |   70.3ms | blinkit block...
[ENTERTAINM] | YouTube  | [Normal]     | 88%    |  152.8ms | The old man of the chat here  51-year-ol...
[ENTERTAINM] | YouTube  | [Normal]     | 69%    |   79.9ms | when are you coming to Indonesia Mr beas...
[ENTERTAINM] | YouTube  | [Normal]     | 94%    |   65.4ms | sri lanka...
[ENTERTAINM] | YouTube  | [Normal]     | 95%    |   89.7ms | :person-turqouise-waving:...
[GAMING/SUR] | YouTube  | [Normal]     | 89%    |   69.1ms | whats the TC...
[MUSIC/CHIL] | YouTube  | [Normal]     | 40%    |   63.6ms | Raggy that's true bro...
[ENTERTAINM] | YouTube  | [Normal]     | 97%    |   58.7ms | hi :waving_hand:...
[MUSIC/CHIL] | YouTube  | [Normal]     | 96%    |   69.7ms | :moai::blue_heart:...
[GAMING/GAM] | YouTube  | [Normal]     | 95%    |   47.9ms | hello...
[ENTERTAINM] | YouTube  | [Normal]     | 95%    |   49.6ms | HIIII...
[GAMING/GAM] | YouTube  | [Normal]     | 96%    |   64.2ms | was that bucket always in the cabin ?...
[PSYCHOLOGY] | YouTube  | [Normal]     | 48%    |  119.4ms | But isn't that extremely ironic? because...
[GAMING/GAM] | YouTube  | [Normal]     | 95%    |   68.4ms | @markiplier looks like eyes in the TV...
[ENTERTAINM] | YouTube  | [Normal]     | 98%    |   98.6ms | please give me 10000 :heavy_dollar_sign:...
[SPORTS/FOO] | YouTube  | [Normal]     | 96%    |   70.9ms | YES　LIVE(ﾉ･ω･)ﾉ...
[GAMING/GAM] | YouTube  | [Normal]     | 96%    |  132.2ms | MARK THERES AN INTRUDER AT THE END OF TH...
[ENTERTAINM] | YouTube  | [Normal]     | 93%    |   65.0ms | yeeeeeeeeeeeeeees...
[GAMING/GAM] | YouTube  | [Normal]     | 94%    |   60.9ms | extra plank at the pier...
[GAMING/GAM] | YouTube  | [Normal]     | 97%    |   55.0ms | EXTRA SACK IN BASEMENT...
[ENTERTAINM] | YouTube  | [Normal]     | 97%    |   69.8ms | been watching since the intros!!!...
[ENTERTAINM] | YouTube  | [Normal]     | 96%    |   54.6ms | I was here...
[NEWS/LIVE ] | YouTube  | [Normal]     | 96%    |   55.3ms | All lives matter Michael...
[GAMING/GAM] | YouTube  | [Normal]     | 97%    |   64.7ms | Extra bottle by door on pier!!...
[ENTERTAINM] | YouTube  | [Normal]     | 97%    |  113.0ms | Can you give me some money so that I cou...
[GAMING/GAM] | YouTube  | [Normal]     | 96%    |   72.5ms | Would sending more anomalies be easier?...
[GAMING/GAM] | YouTube  | [Normal]     | 93%    |   54.4ms | EXTRA BOTTLE PIER...
[GAMING/GAM] | YouTube  | [Normal]     | 96%    |   58.8ms | it's the wind!...
[GAMING/GAM] | YouTube  | [Normal]     | 37%    |   64.5ms | your eyes are wibble wobbling...
[GAMING/GAM] | YouTube  | [Normal]     | 97%    |   60.6ms | light in yard??...
[GAMING/SUR] | YouTube  | [Normal]     | 95%    |   64.2ms | that game looks like gta mad max...
[ENTERTAINM] | YouTube  | [Normal]     | 97%    |  103.9ms | Hello from RUSSIA:fire::fire::fire::fire...
[GAMING/GAM] | YouTube  | [Normal]     | 96%    |   73.1ms | the light is changing a bit  but no anom...
[GAMING/GAM] | YouTube  | [Normal]     | 59%    |   71.3ms | fake blood can make you go blind :(...
[GAMING/GAM] | YouTube  | [Normal]     | 88%    |   57.4ms | cross on the dock...
[GAMING/GAM] | YouTube  | [Normal]     | 97%    |   68.0ms | bottle at the bottom of the screen on pi...
[ENTERTAINM] | YouTube  | [Normal]     | 98%    |  347.7ms | :face-blue-smiling::face-blue-smiling::f...
[ENTERTAINM] | YouTube  | [Normal]     | 89%    |   64.9ms | hkooooooooooooo...
[ENTERTAINM] | YouTube  | [Normal]     | 97%    |   54.4ms | please gift me...
[GAMING/GAM] | YouTube  | [Normal]     | 93%    |   47.7ms | WOOD...
[PSYCHOLOGY] | YouTube  | [Normal]     | 71%    |   57.4ms | wtf are ball busters...
[MUSIC/CHIL] | YouTube  | [Normal]     | 98%    |  122.1ms | Momo your wife have younger sister??! :f...
[GAMING/GAM] | YouTube  | [Normal]     | 87%    |   63.5ms | WE ALL BELIEVED IN YOU MARKKKK...
[PSYCHOLOGY] | YouTube  | [Normal]     | 96%    |   70.3ms | @Moonlight_dark-47 thank you bro...
[GAMING/GAM] | YouTube  | [Normal]     | 77%    |   60.9ms | haha too much wood...
[ENTERTAINM] | YouTube  | [Normal]     | 95%    |   47.5ms | Congratulations...
[ENTERTAINM] | YouTube  | [Normal]     | 96%    |   54.6ms | :lion:...
[GAMING/GAM] | YouTube  | [Normal]     | 97%    |   54.6ms | THE FUSE BOX...
[GAMING/GAM] | YouTube  | [Normal]     | 97%    |   61.3ms | THE SACKS BASEMENT MOVED!...
[SELF-HELP/] | YouTube  | [Normal]     | 93%    |   64.6ms | @TheBruceKeller sigma...
[GAMING/GAM] | YouTube  | [Normal]     | 96%    |   49.2ms | youtuber...
[GAMING/GAM] | YouTube  | [Normal]     | 94%    |   69.5ms | Why can’t I send super chats...
[ENTERTAINM] | YouTube  | [Normal]     | 90%    |   48.0ms | USA...
[ENTERTAINM] | YouTube  | [Normal]     | 94%    |   46.1ms | indonesia...
[ENTERTAINM] | YouTube  | [Normal]     | 95%    |  106.1ms | HIIIIIIIIIIIIIIIIIIIIIIIIIIIIIIIIIIIIIII...
[GAMING/SUR] | YouTube  | [Normal]     | 84%    |   65.9ms | let's go finally you on rust...
[GAMING/GAM] | YouTube  | [Normal]     | 87%    |   48.6ms | no...
[GAMING/GAM] | YouTube  | [Normal]     | 94%    |   55.2ms | smaller barrel basement=...
[ENTERTAINM] | YouTube  | [Normal]     | 93%    |   48.4ms | Ukraine...
[GAMING/SUR] | YouTube  | [Normal]     | 94%    |   54.7ms | Rust is 100...
[GAMING/GAM] | YouTube  | [Normal]     | 94%    |   64.8ms | henlo mr observation duty iplier...
[ENTERTAINM] | YouTube  | [Normal]     | 94%    |   47.7ms | Indonesia...
[ENTERTAINM] | YouTube  | [Normal]     | 93%    |   47.3ms | india...
[ENTERTAINM] | YouTube  | [Normal]     | 94%    |   48.2ms | Hi...
[PSYCHOLOGY] | YouTube  | [Normal]     | 92%    |   73.7ms | Dr Ks teachings have changed me. I freak...
[SELF-HELP/] | YouTube  | [Normal]     | 94%    |   79.9ms | @laffeybunn8557 bro just take the first ...
[ENTERTAINM] | YouTube  | [Normal]     | 92%    |   48.0ms | Russia...
[GAMING/SUR] | YouTube  | [Normal]     | 85%    |   63.7ms | its not good bots its good...
[GAMING/GAM] | YouTube  | [Normal]     | 86%    |   88.8ms | Every time I see Mark I think of "Where'...
[ENTERTAINM] | YouTube  | [Normal]     | 95%    |   48.8ms | said hi...
[GAMING/GAM] | YouTube  | [Normal]     | 96%    |   63.3ms | Did you take your meds?...
[GAMING/SUR] | YouTube  | [Normal]     | 95%    |   48.8ms | setup...
[GAMING/GAM] | YouTube  | [Normal]     | 95%    |   65.3ms | dock at the end of the peir...
[ENTERTAINM] | YouTube  | [Normal]     | 97%    |   85.2ms | i haven't receive my cookie yet i haven'...
[GAMING/SUR] | YouTube  | [Normal]     | 93%    |   48.6ms | Yes...
[GAMING/SUR] | YouTube  | [Normal]     | 97%    |   47.0ms | oil...
[GAMING/GAM] | YouTube  | [Normal]     | 93%    |   70.0ms | STEEEEAAAAAAMMMMMM...
[ENTERTAINM] | YouTube  | [Normal]     | 91%    |   47.3ms | Australia...
[GAMING/SUR] | YouTube  | [Normal]     | 93%    |   48.0ms | YES...
[GAMING/GAM] | YouTube  | [Normal]     | 87%    |   68.5ms | mark i think u need to get ur eyes check...
[GAMING/SUR] | YouTube  | [HATE]       | 48%    |   63.6ms | Go oil let them set up turrets...
[ENTERTAINM] | YouTube  | [Normal]     | 94%    |   49.1ms | 1...
[GAMING/SUR] | YouTube  | [Normal]     | 95%    |   54.7ms | stay for turrets...
[MUSIC/CHIL] | YouTube  | [Normal]     | 98%    |  136.1ms | Rich with neighbour wifi :face_with_tear...
[ENTERTAINM] | YouTube  | [Normal]     | 94%    |   47.2ms | 1...
[GAMING/GAM] | YouTube  | [Normal]     | 91%    |  108.7ms | camera malfunction means the camera does...
[ENTERTAINM] | YouTube  | [Normal]     | 94%    |   47.5ms | 1...
[GAMING/SUR] | YouTube  | [Normal]     | 87%    |   54.6ms | get turrets up...
[ENTERTAINM] | YouTube  | [Normal]     | 96%    |   49.7ms | from Indonesia...
[ENTERTAINM] | YouTube  | [Normal]     | 94%    |   48.7ms | 1...
[GAMING/SUR] | YouTube  | [Normal]     | 95%    |   50.2ms | Turrets...
[GAMING/GAM] | YouTube  | [Normal]     | 93%    |   65.6ms | Think that was there before...
[GAMING/GAM] | YouTube  | [Normal]     | 81%    |   60.6ms | Too many pillars in the stairwell...
[ENTERTAINM] | YouTube  | [Normal]     | 94%    |   47.9ms | 2...
[GAMING/SUR] | YouTube  | [Normal]     | 67%    |   69.6ms | hutch has all the oil and grease you nee...
[ENTERTAINM] | YouTube  | [Normal]     | 93%    |   47.5ms | India...
[GAMING/GAM] | YouTube  | [Normal]     | 90%    |   63.4ms | light anomaly in the yard good sir...
[GAMING/GAM] | YouTube  | [Normal]     | 96%    |   56.5ms | barrels in basement...
[GAMING/GAM] | YouTube  | [Normal]     | 92%    |   83.3ms | light anomaly in the yard!...
[GAMING/SUR] | YouTube  | [Normal]     | 88%    |   56.9ms | Go...
[GAMING/GAM] | YouTube  | [Normal]     | 97%    |   68.6ms | THE FUSE BOX IS OPEN!!!...
[GAMING/GAM] | YouTube  | [Normal]     | 97%    |   61.9ms | Light anomaly the Yard  Mark!...
[GAMING/GAM] | YouTube  | [Normal]     | 39%    |   51.9ms | Goon...
[ENTERTAINM] | YouTube  | [Normal]     | 94%    |   51.6ms | 1...
[GAMING/SUR] | YouTube  | [Normal]     | 96%    |   91.9ms | Dude I love welyn can’t wait to see his ...
[GAMING/GAM] | YouTube  | [Normal]     | 96%    |   58.3ms | Spinning pillar in stairwell...
[ENTERTAINM] | YouTube  | [Normal]     | 94%    |   51.7ms | 1...
[ENTERTAINM] | YouTube  | [Normal]     | 94%    |   53.0ms | 1...
[GAMING/GAM] | YouTube  | [Normal]     | 66%    |   58.2ms | Wiggling sandwich...
[MUSIC/CHIL] | YouTube  | [Normal]     | 91%    |   71.8ms | I think they show gold for 2 rupees...
[GAMING/GAM] | YouTube  | [Normal]     | 97%    |   63.4ms | The yard!!!...
[GAMING/GAM] | YouTube  | [Normal]     | 96%    |   59.3ms | pillar spinning in stairway...
[GAMING/GAM] | YouTube  | [Normal]     | 96%    |   52.7ms | HI mark...
[GAMING/GAM] | YouTube  | [Normal]     | 95%    |   54.8ms | movement...
[GAMING/GAM] | YouTube  | [Normal]     | 97%    |   64.3ms | radio. under the stairs...
[ENTERTAINM] | YouTube  | [Normal]     | 95%    |   53.8ms | Bangladesh...
[PSYCHOLOGY] | YouTube  | [Normal]     | 79%    |   62.3ms | Yeah guys stop messin round...
[GAMING/GAM] | YouTube  | [Normal]     | 94%    |   59.1ms | LIGHTHOUSE SPINNING OTHER WAY...
[GAMING/GAM] | YouTube  | [Normal]     | 78%    |   53.1ms | CRAWLY...
[GAMING/GAM] | YouTube  | [Normal]     | 89%    |   53.3ms | YOOOO...
[MUSIC/CHIL] | YouTube  | [Normal]     | 89%    |   84.0ms | raggy muje kyu bol rhe ho ye sb?...
[GAMING/GAM] | YouTube  | [Normal]     | 97%    |   70.0ms | Did the ladder move on the Lantern room...
[GAMING/GAM] | YouTube  | [Normal]     | 95%    |   57.5ms | EWW...
[GAMING/GAM] | YouTube  | [Normal]     | 97%    |   67.3ms | the ladder in the lantern room!...
[GAMING/GAM] | YouTube  | [Normal]     | 95%    |   58.2ms | featuring the creature...
[GAMING/SUR] | YouTube  | [Normal]     | 83%    |   67.8ms | @fatbongripz then leave...
[GAMING/GAM] | YouTube  | [Normal]     | 97%    |   92.6ms | the backpack hanging from the lantern ro...
[ENTERTAINM] | YouTube  | [Normal]     | 94%    |   53.0ms | tvk...
[GAMING/GAM] | YouTube  | [Normal]     | 97%    |   59.2ms | LOL well spotted...
[GAMING/GAM] | YouTube  | [Normal]     | 96%    |   66.0ms | Fuse box pl I beg...
[GAMING/GAM] | YouTube  | [Normal]     | 74%    |   59.7ms | he be crawlin...
[GAMING/SUR] | YouTube  | [Normal]     | 85%    |   70.0ms | Pythons or boltys I turrets...
[GAMING/GAM] | YouTube  | [Normal]     | 94%    |   59.1ms | THEY ROTATED THE BARRELS...
[GAMING/GAM] | YouTube  | [Normal]     | 53%    |   73.5ms | wonder what they do to "fix" it...
[GAMING/GAM] | YouTube  | [Normal]     | 96%    |   53.0ms | FUSE BOX...
[GAMING/GAM] | YouTube  | [Normal]     | 84%    |   73.2ms | movement on barrels they weren't facing ...
[GAMING/GAM] | YouTube  | [HATE]       | 36%    |   57.9ms | Youre crazy...
[MUSIC/CHIL] | YouTube  | [Normal]     | 98%    |  104.0ms | :cat-orange-whistling::cat-orange-whistl...
[ENTERTAINM] | YouTube  | [Normal]     | 94%    |   55.6ms | hi...
[GAMING/GAM] | YouTube  | [Normal]     | 90%    |   53.4ms | barrel!...
[GAMING/GAM] | YouTube  | [Normal]     | 94%    |   58.9ms | Fusebox?...
[GAMING/GAM] | YouTube  | [Normal]     | 82%    |   55.4ms | howdy...
[GAMING/GAM] | YouTube  | [Normal]     | 97%    |   60.5ms | object moved!...
[ENTERTAINM] | YouTube  | [Normal]     | 96%    |   85.0ms | iiiiiiiiiiiiiiiiiiiiiiiiiiiiiiiiiiiiiii...
[GAMING/GAM] | YouTube  | [Normal]     | 70%    |   84.6ms | WHAT IN THE FNAF HECK IS GOING ON HERE!?...
[GAMING/SUR] | YouTube  | [Normal]     | 92%    |   63.8ms | You had extra scrap SOMEWHERE...
[GAMING/GAM] | YouTube  | [Normal]     | 96%    |   61.6ms | The railing in the stairwell!...
[GAMING/GAM] | YouTube  | [Normal]     | 94%    |   59.4ms | grrrrr...
[GAMING/GAM] | YouTube  | [Normal]     | 91%    |   62.7ms | WE ARE TRYING...
[ENTERTAINM] | YouTube  | [Normal]     | 98%    |  214.7ms | sir please please help me sir please hel...
[GAMING/GAM] | YouTube  | [Normal]     | 85%    |   85.0ms | the window in the room   i think i saw a...
[GAMING/GAM] | YouTube  | [Normal]     | 96%    |   78.5ms | mark of pliers please listen to us this ...
[GAMING/SUR] | YouTube  | [Normal]     | 73%    |   63.1ms | rouge is hording scrap...
[GAMING/GAM] | YouTube  | [Normal]     | 96%    |  111.4ms | Hi Mark! I'm getting ready to go see Iro...
[MUSIC/CHIL] | YouTube  | [Normal]     | 97%    |  180.3ms | Vishu for u biryani booked I will keep i...
[PSYCHOLOGY] | YouTube  | [Normal]     | 95%    |   54.4ms | :(...
[GAMING/GAM] | YouTube  | [Normal]     | 96%    |   78.2ms | I just watched ur other vids on observat...
[GAMING/GAM] | YouTube  | [Normal]     | 93%    |   53.4ms | FUSEBOX...
[ENTERTAINM] | YouTube  | [Normal]     | 97%    |   62.7ms | hi :waving_hand:...
[MUSIC/CHIL] | YouTube  | [Normal]     | 98%    |  106.8ms | momo:face-blue-smiling::face-blue-smilin...
[GAMING/GAM] | YouTube  | [Normal]     | 95%    |   81.2ms | wasn't there 4 mousetraps in the basemen...
[GAMING/GAM] | YouTube  | [Normal]     | 93%    |   63.6ms | the pillar in the stairwell maybe...
[PSYCHOLOGY] | YouTube  | [Normal]     | 95%    |   66.5ms | dissregulation...
[GAMING/SUR] | YouTube  | [Normal]     | 88%    |   62.6ms | hear helo...
[ENTERTAINM] | YouTube  | [Normal]     | 97%    |   65.2ms | 🇧:sparkling_heart:...
[GAMING/GAM] | YouTube  | [Normal]     | 96%    |   54.3ms | Hi mark...
[ENTERTAINM] | YouTube  | [Normal]     | 97%    |   64.3ms | :pirate_flag:...
[MUSIC/CHIL] | YouTube  | [Normal]     | 97%    |   73.6ms | :face-turquoise-covering-eyes:...
[GAMING/GAM] | YouTube  | [Normal]     | 96%    |   54.8ms | MARK BARRELS...
[ENTERTAINM] | YouTube  | [Normal]     | 97%    |   62.5ms | kalau yb tauu...
[GAMING/GAM] | YouTube  | [Normal]     | 96%    |   71.0ms | Is the 4th mouse trap gone?...
[ENTERTAINM] | YouTube  | [Normal]     | 98%    |   97.5ms | :triangular_flag::triangular_flag::trian...
[GAMING/GAM] | YouTube  | [Normal]     | 95%    |   58.3ms | lumpy bags...
[ENTERTAINM] | YouTube  | [Normal]     | 91%    |   54.8ms | hiie...
[GAMING/GAM] | YouTube  | [Normal]     | 95%    |   64.8ms | this is bros next movie...
[SELF-HELP/] | YouTube  | [Normal]     | 96%    |   62.9ms | lmao...
[GAMING/GAM] | YouTube  | [Normal]     | 96%    |   64.4ms | Extra Mouse trap in Basement...
[GAMING/GAM] | YouTube  | [Normal]     | 95%    |   56.3ms | THE BARRELS...
[GAMING/GAM] | YouTube  | [Normal]     | 95%    |   86.0ms | At the lighthouse the object that hangin...
[MUSIC/CHIL] | YouTube  | [Normal]     | 96%    |   63.0ms | evaru jagrata?...
[ENTERTAINM] | YouTube  | [Normal]     | 91%    |   53.0ms | mr beast...
[ENTERTAINM] | YouTube  | [Normal]     | 95%    |   52.9ms | hii...
[ENTERTAINM] | YouTube  | [Normal]     | 96%    |   64.0ms | I live under a rock...
[ENTERTAINM] | YouTube  | [Normal]     | 93%    |   53.7ms | DDG...
[MUSIC/CHIL] | YouTube  | [Normal]     | 94%    |   55.3ms | marfă...
[GAMING/GAM] | YouTube  | [Normal]     | 97%    |   53.8ms | rotat...
[GAMING/GAM] | YouTube  | [Normal]     | 84%    |   58.7ms | DEAD BODY BOTTOM LEFT...
[MUSIC/CHIL] | YouTube  | [Normal]     | 96%    |   78.0ms | Rabbia i am good and you:red_heart:...
[ENTERTAINM] | YouTube  | [Normal]     | 98%    |  352.7ms | WATA FAK:face-blue-smiling::face-blue-sm...
[ENTERTAINM] | YouTube  | [Normal]     | 95%    |   53.5ms | hiii...
[PSYCHOLOGY] | YouTube  | [Normal]     | 78%    |  132.7ms | I heard the joke that when aliens will v...
[GAMING/GAM] | YouTube  | [Normal]     | 96%    |   59.0ms | shadow moved in bain...
[GAMING/GAM] | YouTube  | [Normal]     | 96%    |   62.7ms | extra bottle on the ground pier...
[ENTERTAINM] | YouTube  | [Normal]     | 97%    |   59.0ms | Welcome New Member!...
[SPORTS/FOO] | YouTube  | [Normal]     | 92%    |   53.5ms | 0...
[ENTERTAINM] | YouTube  | [Normal]     | 88%    |  100.4ms | you told us that you would give us cooki...
[GAMING/GAM] | YouTube  | [Normal]     | 98%    |   74.3ms | theres sparkling white light in the stai...
[GAMING/GAM] | YouTube  | [Normal]     | 93%    |   76.6ms | is iron lung going to be on a streaming ...
[GAMING/GAM] | YouTube  | [Normal]     | 95%    |   71.1ms | I WATCHED UR MOVIE YESTERDAY YESTERDAY I...
[ENTERTAINM] | YouTube  | [Normal]     | 94%    |   80.8ms | im a hugeeee fannnnnn from indonesiaaa s...
[GAMING/GAM] | YouTube  | [Normal]     | 83%    |   53.1ms | DUCK...
[SPORTS/FOO] | YouTube  | [Normal]     | 95%    |   53.2ms | ternate...
[GAMING/GAM] | YouTube  | [Normal]     | 96%    |   72.0ms | MUG MISSING FROM TOP OF LIGHTHOUSE TABLE...
[ENTERTAINM] | YouTube  | [Normal]     | 95%    |   68.1ms | holaaaaa...
[GAMING/GAM] | YouTube  | [Normal]     | 96%    |   61.9ms | Dor yar...
[GAMING/GAM] | YouTube  | [Normal]     | 97%    |   69.6ms | Extra object on table  top of light hous...
[GAMING/GAM] | YouTube  | [Normal]     | 97%    |   59.4ms | THE LAP MOVED...
[ENTERTAINM] | YouTube  | [Normal]     | 95%    |   64.0ms | Do virat kohli poll...
[GAMING/GAM] | YouTube  | [Normal]     | 95%    |  103.9ms | There's a bottle on the front crates in ...
[ENTERTAINM] | YouTube  | [Normal]     | 95%    |   54.7ms | congratulations...
[GAMING/SUR] | YouTube  | [Normal]     | 97%    |   64.9ms | PEANUT WORK ON THE BASE...
[GAMING/GAM] | YouTube  | [Normal]     | 96%    |  122.4ms | why does it look like there's a ghost ju...
[ENTERTAINM] | YouTube  | [Normal]     | 97%    |  136.2ms | :smiling_face_with_halo::smiling_face_wi...
[GAMING/GAM] | YouTube  | [Normal]     | 95%    |   78.6ms | Theres a light on the door in the yard!...
[PSYCHOLOGY] | YouTube  | [Normal]     | 94%    |   96.8ms | I can't remeber if anima or animus is ma...
[GAMING/GAM] | YouTube  | [Normal]     | 97%    |   63.6ms | Lantern on dresser interior...
[ENTERTAINM] | YouTube  | [Normal]     | 97%    |  109.4ms | thank you Jimmy for deciding to join the...
[GAMING/GAM] | YouTube  | [Normal]     | 96%    |   60.4ms | the light is mine...
[PSYCHOLOGY] | YouTube  | [HATE]       | 68%    |   67.6ms | They lack an internal locus of self....
[ENTERTAINM] | YouTube  | [Normal]     | 97%    |   58.5ms | Welcome New Member!...
[MUSIC/CHIL] | YouTube  | [Normal]     | 94%    |   53.0ms | kya...
[ENTERTAINM] | YouTube  | [Normal]     | 97%    |   67.1ms | :man_raising_hand:...
[ENTERTAINM] | YouTube  | [Normal]     | 92%    |   61.6ms | How do you feel right now...
[GAMING/SUR] | YouTube  | [Normal]     | 95%    |   62.3ms | FAT CONFIRMED LMAOOOO...
[GAMING/GAM] | YouTube  | [Normal]     | 92%    |   55.1ms | WOAH...
[GAMING/GAM] | YouTube  | [Normal]     | 93%    |   66.2ms | Missing rail bottom left stairwell...
[MUSIC/CHIL] | YouTube  | [Normal]     | 96%    |   57.9ms | .....
[GAMING/GAM] | YouTube  | [Normal]     | 94%    |   53.7ms | a siren...
[GAMING/GAM] | YouTube  | [Normal]     | 94%    |   53.3ms | nice lobster...
[GAMING/SUR] | YouTube  | [Normal]     | 88%    |   62.2ms | hey i have that ak skin...
[SELF-HELP/] | YouTube  | [Normal]     | 96%    |   79.2ms | playing games on the internet? whats tha...
[ENTERTAINM] | YouTube  | [Normal]     | 98%    |  155.4ms | :fog::fog::fog::neutral_face::neutral_fa...
[GAMING/GAM] | YouTube  | [Normal]     | 94%    |   53.5ms | Silver lounge...
[GAMING/GAM] | YouTube  | [Normal]     | 94%    |   62.2ms | but i said the windows!...
[GAMING/SUR] | YouTube  | [Normal]     | 97%    |   68.4ms | wow he does read youtube chat lol...
[GAMING/GAM] | YouTube  | [Normal]     | 94%    |   53.2ms | Goodness...
[MUSIC/CHIL] | YouTube  | [Normal]     | 92%    |   52.6ms | exit...
[SELF-HELP/] | YouTube  | [Normal]     | 95%    |   62.0ms | doing it right now ngl...
[GAMING/GAM] | YouTube  | [Normal]     | 94%    |   71.6ms | BROKEN RAIL ON LEFT MOVED IN STAIRWELL...
[ENTERTAINM] | YouTube  | [Normal]     | 98%    |  340.1ms | :revolving_hearts::revolving_hearts::rev...
[GAMING/GAM] | YouTube  | [Normal]     | 93%    |   73.1ms | Bad lead bad lead bad lead bad lead bad ...
[GAMING/GAM] | YouTube  | [Normal]     | 97%    |   68.2ms | ROTATING PILLAR IN STAIRWELL!!!!...
[GAMING/GAM] | YouTube  | [Normal]     | 97%    |   68.2ms | Do you enjoy Agatha Christie books?...
[ENTERTAINM] | YouTube  | [Normal]     | 96%    |   71.5ms | МИСТЕР БИСТ...
[GAMING/GAM] | YouTube  | [Normal]     | 95%    |   59.0ms | stair well railing moved...
[GAMING/GAM] | YouTube  | [Normal]     | 97%    |   59.2ms | thank you :3...
[GAMING/GAM] | YouTube  | [Normal]     | 96%    |   58.5ms | HIT PODCAST?!...
[GAMING/GAM] | YouTube  | [Normal]     | 96%    |   73.2ms | We watch distractible  man. Come on now....
[ENTERTAINM] | YouTube  | [Normal]     | 97%    |   59.5ms | Love from India...
[GAMING/SUR] | YouTube  | [Normal]     | 97%    |   72.5ms | big macs sound so good right now...
[ENTERTAINM] | YouTube  | [Normal]     | 93%    |   55.1ms | india...
[ENTERTAINM] | YouTube  | [Normal]     | 97%    |   64.4ms | I'm from Nigeria...
[GAMING/GAM] | YouTube  | [Normal]     | 96%    |   58.7ms | Extra potato bags...
[GAMING/GAM] | YouTube  | [Normal]     | 95%    |   58.5ms | PICTURE ABOVE BED...
[ENTERTAINM] | YouTube  | [Normal]     | 95%    |   59.7ms | hii mr beast...
[GAMING/GAM] | YouTube  | [Normal]     | 95%    |   62.8ms | THE OTHER BOTTLE ON THE PIER...
[GAMING/GAM] | YouTube  | [Normal]     | 97%    |   67.0ms | extra object basement  mousetrap?...
[GAMING/GAM] | YouTube  | [Normal]     | 83%    |   53.2ms | wrong bottle...
[ENTERTAINM] | YouTube  | [Normal]     | 95%    |   58.4ms | 10k LEFT...
[GAMING/GAM] | YouTube  | [Normal]     | 95%    |   70.6ms | RED BARREL IN THE BASEMENTTTTT...
[ENTERTAINM] | YouTube  | [Normal]     | 80%    |   61.2ms | jimmy what state are you from...
[ENTERTAINM] | YouTube  | [Normal]     | 95%    |   66.7ms | I need money for school fee Nepal...
[ENTERTAINM] | YouTube  | [Normal]     | 81%    |   67.1ms | Where are you from/are you...
[GAMING/GAM] | YouTube  | [Normal]     | 97%    |   72.7ms | Broken red railing in the spiral stairca...
[GAMING/SUR] | YouTube  | [Normal]     | 92%    |   61.7ms | hahahahaahaha...
[GAMING/GAM] | YouTube  | [Normal]     | 96%    |   58.6ms | WATER INTERIOR FLOOR...
[ENTERTAINM] | YouTube  | [Normal]     | 82%    |  151.4ms | dhoni x messi:goat::goat::goat::goat::go...
[ENTERTAINM] | YouTube  | [Normal]     | 92%    |  131.2ms | Ayyyyyyyyyyyyyyyyyyyyyyyyyyyyyyyyy...
[GAMING/GAM] | YouTube  | [Normal]     | 96%    |   53.3ms | stairWELL mark...
[GAMING/GAM] | YouTube  | [Normal]     | 90%    |   53.7ms | barrel fell...
[ENTERTAINM] | YouTube  | [Normal]     | 93%    |   52.1ms | india...
[GAMING/GAM] | YouTube  | [Normal]     | 74%    |   68.4ms | There is something wrong in the bed...
[GAMING/GAM] | YouTube  | [Normal]     | 94%    |   81.2ms | BigFoot is no longer in gaming limbo  an...
[GAMING/GAM] | YouTube  | [Normal]     | 91%    |   78.7ms | MARK THE GAS CAN MOVED IN THE YARD IM TE...
[ENTERTAINM] | YouTube  | [Normal]     | 84%    |   81.2ms | yoooooooooooooòoooooo...
[ENTERTAINM] | YouTube  | [Normal]     | 94%    |   65.2ms | congratulations brother...
[GAMING/SUR] | YouTube  | [Normal]     | 92%    |   76.2ms | the AI almost took it  realest shi ever...
[GAMING/SUR] | YouTube  | [Normal]     | 88%    |   83.3ms | Gotta get that demon hunter meal haha. T...
[SELF-HELP/] | YouTube  | [Normal]     | 94%    |   53.1ms | Hi...
[GAMING/GAM] | YouTube  | [Normal]     | 95%    |   64.4ms | MARK IN THE STAIRWELL ROOM...
[PSYCHOLOGY] | YouTube  | [Normal]     | 77%    |   58.0ms | Let him think...
[SELF-HELP/] | YouTube  | [Normal]     | 90%    |   86.6ms | have we reached the point where we have ...
[ENTERTAINM] | YouTube  | [Normal]     | 98%    |  178.2ms | :text-green-game-over::text-green-game-o...
[MUSIC/CHIL] | YouTube  | [Normal]     | 92%    |   90.5ms | it's against my morals to treat harshly ...
[GAMING/SUR] | YouTube  | [Normal]     | 92%    |   59.4ms | RIP Roe Jogan...
[MUSIC/CHIL] | YouTube  | [Normal]     | 96%    |   62.5ms | ab bs bhi karo...
[GAMING/GAM] | YouTube  | [Normal]     | 93%    |   66.8ms | LIGHT ANOMALY AT THE YARD...
[GAMING/GAM] | YouTube  | [Normal]     | 85%    |   69.4ms | is there a head in the stairwell?...
[ENTERTAINM] | YouTube  | [Normal]     | 98%    |   77.4ms | Historical live :rocket::rocket::rocket:...
[GAMING/GAM] | YouTube  | [Normal]     | 96%    |   59.1ms | down the spiral area...
[PSYCHOLOGY] | YouTube  | [Normal]     | 98%    |   64.4ms | chat am I cooked?...
[ENTERTAINM] | YouTube  | [Normal]     | 85%    |   77.4ms | UR THE BEST MR BEAST JIMMY IM FROM ALBAN...
[PSYCHOLOGY] | YouTube  | [Normal]     | 92%    |   88.7ms | @CallousedCallow grrr me thinks the same...
[ENTERTAINM] | YouTube  | [Normal]     | 97%    |   63.5ms | I need gaming computer  please....
[GAMING/GAM] | YouTube  | [Normal]     | 94%    |   62.0ms | intrudr end of pier...
[ENTERTAINM] | YouTube  | [Normal]     | 98%    |  206.5ms | wow :star_struck::star_struck::star_stru...
[ENTERTAINM] | YouTube  | [Normal]     | 98%    |  203.5ms | :face-blue-wide-eyes::face-blue-wide-eye...
[ENTERTAINM] | YouTube  | [Normal]     | 96%    |   64.5ms | hiiiiiiiiiiiii...
[GAMING/GAM] | YouTube  | [Normal]     | 88%    |   64.3ms | nooo there is one...
[GAMING/GAM] | YouTube  | [Normal]     | 93%    |   81.5ms | hi i just got off work how are we gaslig...
[ENTERTAINM] | YouTube  | [Normal]     | 97%    |   70.4ms | جيمييييييي...
[ENTERTAINM] | YouTube  | [Normal]     | 94%    |   67.3ms | pls say umar pls sir...
[ENTERTAINM] | YouTube  | [Normal]     | 97%    |   90.3ms | :text-green-game-over::text-green-game-o...
[MUSIC/CHIL] | YouTube  | [Normal]     | 98%    |   84.3ms | Lisa :smiling_face_with_halo::bouquet:...
[ENTERTAINM] | YouTube  | [Normal]     | 96%    |   73.8ms | legendary saga gamer subscribe...
[GAMING/GAM] | YouTube  | [OFFENSIVE]  | 80%    |   59.7ms | what dat...
[ENTERTAINM] | YouTube  | [Normal]     | 94%    |   67.4ms | WERE GETTING IT THERE 500 MILL...
[ENTERTAINM] | YouTube  | [Normal]     | 85%    |   55.4ms | INDONESIAN HERE...
[PSYCHOLOGY] | YouTube  | [Normal]     | 94%    |   98.5ms | Isn't animus the thing in Assassin's Cre...
[GAMING/GAM] | YouTube  | [Normal]     | 87%    |   58.9ms | NOW WE ARE DROWNING...
[GAMING/SUR] | YouTube  | [Normal]     | 95%    |   59.3ms | RIP JOE ROGAN...
[ENTERTAINM] | YouTube  | [Normal]     | 98%    |   73.5ms | :star:big fan Jimmy :star:...
[GAMING/GAM] | YouTube  | [Normal]     | 98%    |   68.5ms | purple on the railing of the lighthouse!...
[MUSIC/CHIL] | YouTube  | [Normal]     | 97%    |   64.2ms | los recogen rápido...
[PSYCHOLOGY] | YouTube  | [Normal]     | 98%    |   73.3ms | :eyes-pink-heart-shape:...
[GAMING/GAM] | YouTube  | [Normal]     | 91%    |   56.7ms | Turn...
[GAMING/GAM] | YouTube  | [Normal]     | 93%    |   75.6ms | ppl forget markiplier was studying engin...
[GAMING/GAM] | YouTube  | [Normal]     | 94%    |   82.3ms | left side of the hole railing was on the...
[ENTERTAINM] | YouTube  | [Normal]     | 98%    |  184.3ms | :whistle-red-blow::whistle-red-blow::whi...
[GAMING/GAM] | YouTube  | [Normal]     | 92%    |   59.6ms | No Mark tell us...
[GAMING/GAM] | YouTube  | [Normal]     | 75%    |   67.9ms | Mark soundin like an annoyed mom...
[GAMING/GAM] | YouTube  | [Normal]     | 95%    |   67.7ms | OBJECT MOVEMENT CANNISTER IN LIGHT...
[GAMING/GAM] | YouTube  | [Normal]     | 97%    |   71.6ms | the red bag was moving at the l!!...
[MUSIC/CHIL] | YouTube  | [Normal]     | 82%    |  112.7ms | KAVIII sry if i ahve overlooked a msg of...
[GAMING/GAM] | YouTube  | [Normal]     | 91%    |   54.1ms | TURN...
[GAMING/GAM] | YouTube  | [Normal]     | 64%    |   78.9ms | americans dont know this stuff xD...
[GAMING/GAM] | YouTube  | [Normal]     | 91%    |   61.7ms | The micee...
[ENTERTAINM] | YouTube  | [Normal]     | 89%    |   53.8ms | maybe both...
[GAMING/GAM] | YouTube  | [Normal]     | 86%    |   58.5ms | UNDER THE BED...
[GAMING/SUR] | YouTube  | [Normal]     | 90%    |   57.8ms | Make me laugh...
[ENTERTAINM] | YouTube  | [Normal]     | 95%    |   52.1ms | hello...
[ENTERTAINM] | YouTube  | [Normal]     | 98%    |   66.7ms | :hand-pink-waving:...
[GAMING/SUR] | YouTube  | [Normal]     | 95%    |   52.6ms | E BRANCH...
[GAMING/GAM] | YouTube  | [Normal]     | 89%    |   58.2ms | Bed  something above...
[PSYCHOLOGY] | YouTube  | [Normal]     | 95%    |   53.6ms | yay...
[GAMING/GAM] | YouTube  | [Normal]     | 96%    |  138.2ms | YOU'RE SO CLOSE TO THE STAIRWELL RAILING...
[GAMING/GAM] | YouTube  | [OFFENSIVE]  | 48%    |   67.3ms | WHO'S THE IDIOT NOW MARK...
[SELF-HELP/] | YouTube  | [Normal]     | 91%    |   67.6ms | no I was always autistic...
[GAMING/GAM] | YouTube  | [Normal]     | 97%    |   62.1ms | did the fuse box open?...
[ENTERTAINM] | YouTube  | [Normal]     | 94%    |   54.1ms | hi from...
[GAMING/GAM] | YouTube  | [Normal]     | 96%    |   64.1ms | LIGHT ANAMOLY OUTSIDE...
[GAMING/GAM] | YouTube  | [Normal]     | 92%    |   53.1ms | RAILING LEFT...
[GAMING/GAM] | YouTube  | [Normal]     | 96%    |   64.0ms | BROKEN RAIL STAIRWELL MOVED!...
[MUSIC/CHIL] | YouTube  | [Normal]     | 94%    |   53.1ms | 74...
[GAMING/GAM] | YouTube  | [Normal]     | 57%    |   79.9ms | If I could be a lighthouse keeper  I wou...
[GAMING/GAM] | YouTube  | [Normal]     | 91%    |   91.2ms | Mark! You should play Ena Dream BBQ  I t...
[GAMING/SUR] | YouTube  | [Normal]     | 96%    |   73.3ms | Play Marathon  it's a really good game t...
[GAMING/GAM] | YouTube  | [Normal]     | 96%    |   62.2ms | Missing object on interior...
[GAMING/SUR] | YouTube  | [Normal]     | 96%    |   63.9ms | Oh no. Wire everywhere incoming...
[ENTERTAINM] | YouTube  | [Normal]     | 94%    |  121.7ms | :thumbs_up::thumbs_up::thumbs_up::thumbs...
[GAMING/GAM] | YouTube  | [Normal]     | 96%    |   54.3ms | Hi mark...
[ENTERTAINM] | YouTube  | [Normal]     | 98%    |  161.4ms | :red_heart::red_heart::red_heart::red_he...
[GAMING/GAM] | YouTube  | [Normal]     | 88%    |   85.6ms | is something weird on top of the pallets...
[GAMING/GAM] | YouTube  | [OFFENSIVE]  | 47%    |  131.6ms | :face-fuchsia-tongue-out::face-fuchsia-t...
[GAMING/SUR] | YouTube  | [Normal]     | 90%    |   57.9ms | Root combiners...
[ENTERTAINM] | YouTube  | [Normal]     | 94%    |   52.8ms | Indonesia...
[GAMING/SUR] | YouTube  | [Normal]     | 95%    |   68.8ms | Awe… did Roe Jogan pass?...
[GAMING/GAM] | YouTube  | [Normal]     | 90%    |   99.9ms | You should make the movie adaptation of ...
[ENTERTAINM] | YouTube  | [Normal]     | 98%    |   67.0ms | 1 billion before GTA6?...
[GAMING/GAM] | YouTube  | [Normal]     | 96%    |   82.6ms | Will there ever be a Blu-ray release of ...
[GAMING/GAM] | YouTube  | [Normal]     | 93%    |   76.8ms | is iron lung going to be on a streaming ...
[MUSIC/CHIL] | YouTube  | [Normal]     | 98%    |   77.4ms | :green_heart::blue_heart:...
[ENTERTAINM] | YouTube  | [Normal]     | 95%    |   53.9ms | hello...
[ENTERTAINM] | YouTube  | [Normal]     | 94%    |   61.8ms | please give me iphone...
[GAMING/GAM] | YouTube  | [Normal]     | 59%    |   62.4ms | their are no anomalies...
[ENTERTAINM] | YouTube  | [Normal]     | 94%    |   53.5ms | hi...
[GAMING/SUR] | YouTube  | [Normal]     | 93%    |   67.4ms | ELEC BRANCH ONLY 10 POWER PER...
[GAMING/GAM] | YouTube  | [Normal]     | 97%    |   64.6ms | hello marki moo...
[NEWS/LIVE ] | YouTube  | [Normal]     | 87%    |   80.1ms | Boston is like the Cancer Capital of the...
[GAMING/GAM] | YouTube  | [Normal]     | 91%    |   53.6ms | top left...
[LIFESTYLE/] | YouTube  | [Normal]     | 90%    |  116.0ms | I wonder if this man on the road needs h...
[ENTERTAINM] | YouTube  | [Normal]     | 94%    |   53.3ms | hi...
[GAMING/GAM] | YouTube  | [Normal]     | 85%    |   72.0ms | you’re almost to the end!!!...
[ENTERTAINM] | YouTube  | [Normal]     | 94%    |   54.0ms | Philippines...
[ENTERTAINM] | YouTube  | [Normal]     | 90%    |   70.4ms | how much likes for new airpods...
[GAMING/GAM] | YouTube  | [Normal]     | 81%    |  113.0ms | Railing in the stairwell changed I'm not...
[GAMING/GAM] | YouTube  | [Normal]     | 97%    |   59.0ms | Red railing moved  stairwell...
[GAMING/SUR] | YouTube  | [Normal]     | 94%    |   63.5ms | What is he building ?...
[GAMING/GAM] | YouTube  | [Normal]     | 97%    |   63.5ms | lamp movement in interior?...
[GAMING/GAM] | YouTube  | [Normal]     | 96%    |   82.9ms | STAIRWELL: left side railing moved  you ...
[MUSIC/CHIL] | YouTube  | [Normal]     | 97%    |   70.3ms | :smiling_face_with_halo:🪏...
[GAMING/GAM] | YouTube  | [Normal]     | 97%    |   70.6ms | Missing item in interior! under the map!...
[GAMING/SUR] | YouTube  | [Normal]     | 92%    |   58.3ms | ayoooo...
[GAMING/GAM] | YouTube  | [Normal]     | 93%    |   52.4ms | THE BAGS...
[ENTERTAINM] | YouTube  | [Normal]     | 97%    |   57.9ms | salutations...
[PSYCHOLOGY] | YouTube  | [Normal]     | 93%    |   67.3ms | Feeling hit chat? me too lol...
[GAMING/SUR] | YouTube  | [Normal]     | 81%    |   62.4ms | You are doing it wrong!...
[GAMING/GAM] | YouTube  | [Normal]     | 91%    |   64.5ms | must have been the wind...
[ENTERTAINM] | YouTube  | [Normal]     | 72%    |   58.8ms | CONGRATSSS...
[MUSIC/CHIL] | YouTube  | [Normal]     | 91%    |   92.7ms | a zis de fapt amintești de mine sau cum ...
[GAMING/SUR] | YouTube  | [Normal]     | 94%    |   60.4ms | 10...
[ENTERTAINM] | YouTube  | [Normal]     | 94%    |   62.1ms | congrats...
[GAMING/SUR] | YouTube  | [Normal]     | 92%    |   69.7ms | NO!!! 10 on all...
[PSYCHOLOGY] | YouTube  | [Normal]     | 87%    |   84.0ms | omg i wanna hear her day " get in the ch...
[PSYCHOLOGY] | YouTube  | [Normal]     | 96%    |   67.3ms | :grinning_squinting_face:...
[GAMING/SUR] | YouTube  | [Normal]     | 96%    |   76.1ms | my adhd loves how the power boxes are pe...
[ENTERTAINM] | YouTube  | [Normal]     | 98%    |   86.3ms | :triangular_flag::triangular_flag::trian...
[GAMING/GAM] | YouTube  | [Normal]     | 96%    |   82.5ms | MARK THE RAILING HAS MOVED IN THE STAIRW...
[GAMING/GAM] | YouTube  | [Normal]     | 93%    |   68.3ms | I feel like this game is less scary...
[GAMING/GAM] | YouTube  | [Normal]     | 95%    |   67.1ms | MISSING OBJECT ON THE DESK IN INTERIOR...
[ENTERTAINM] | YouTube  | [Normal]     | 96%    |   55.7ms | New member...
[GAMING/GAM] | YouTube  | [Normal]     | 72%    |   90.5ms | Mark  that broken bit in the stairwell m...
[ENTERTAINM] | YouTube  | [Normal]     | 97%    |  354.5ms | :finger-red-number-one::finger-red-numbe...
[PSYCHOLOGY] | YouTube  | [Normal]     | 68%    |   59.0ms | Enough woman!...
[GAMING/GAM] | YouTube  | [Normal]     | 95%    |   70.5ms | there is a camera anomaly top left...
[GAMING/GAM] | YouTube  | [Normal]     | 97%    |   61.1ms | EXTRA SACK IN BASEMENT...
[ENTERTAINM] | YouTube  | [Normal]     | 93%    |  227.6ms | 70 000!!!!!!!!!!!!!!!!!!!!!!!!!!!!!!!!!!...
[GAMING/GAM] | YouTube  | [Normal]     | 94%    |   64.1ms | missing object  typewriter  desk  interi...
[GAMING/SUR] | YouTube  | [Normal]     | 94%    |   55.9ms | RIP...
[GAMING/GAM] | YouTube  | [Normal]     | 96%    |   77.3ms | STAIRWELL: left side railing moved  INTE...
[ENTERTAINM] | YouTube  | [Normal]     | 89%    |   77.2ms | don't say 67 that's make me uncomfortabl...
[SELF-HELP/] | YouTube  | [Normal]     | 92%    |   83.3ms | Dr K will you make addiction workshop yo...
[GAMING/GAM] | YouTube  | [Normal]     | 94%    |   55.6ms | AAA...
[GAMING/GAM] | YouTube  | [Normal]     | 87%    |   70.7ms | THE BROKEN RAIL IN STAIRWELL IS MOVED...
[ENTERTAINM] | YouTube  | [Normal]     | 97%    |  113.4ms | :red_heart::red_heart::red_heart::red_he...
[GAMING/GAM] | YouTube  | [Normal]     | 95%    |  133.3ms | :rolling_on_the_floor_laughing::rolling_...
[GAMING/GAM] | YouTube  | [Normal]     | 85%    |   59.1ms | DEMON...
[ENTERTAINM] | YouTube  | [Normal]     | 97%    |   72.8ms | Mr beast can I have a cookie...
[GAMING/GAM] | YouTube  | [Normal]     | 95%    |   67.5ms | AAAAAAAAAAA...
[GAMING/GAM] | YouTube  | [Normal]     | 87%    |   72.3ms | I think there's an intruder in the basem...
[GAMING/GAM] | YouTube  | [Normal]     | 94%    |   53.6ms | dear lord...
[NEWS/LIVE ] | YouTube  | [Normal]     | 98%    |   78.6ms | hello?:face-purple-smiling-tears:...
[GAMING/GAM] | YouTube  | [Normal]     | 93%    |   58.7ms | THAT GOT ME...
[PSYCHOLOGY] | YouTube  | [Normal]     | 83%    |   76.7ms | brother fantasy is all we inferior genet...
[MUSIC/CHIL] | YouTube  | [Normal]     | 96%    |  142.2ms | mai shadi karunga tab aogii aap ???:roll...
[GAMING/GAM] | YouTube  | [Normal]     | 96%    |   58.5ms | LMAO...
[ENTERTAINM] | YouTube  | [Normal]     | 98%    |  166.2ms | What country will u visit next :cat-oran...
[PSYCHOLOGY] | YouTube  | [OFFENSIVE]  | 57%    |   62.3ms | shitting on our copium...
[GAMING/GAM] | YouTube  | [Normal]     | 96%    |   68.3ms | I’m back what did I miss...
[PSYCHOLOGY] | YouTube  | [HATE]       | 49%    |   62.1ms | why would they not be?...
[GAMING/GAM] | YouTube  | [Normal]     | 89%    |  139.6ms | THE BBROKEN RAILING IN THE STAIRWELL MOV...
[GAMING/GAM] | YouTube  | [Normal]     | 92%    |   62.7ms | BROKEN RAIL OBJECT MOVEMENT IN STAIRWELL...
[GAMING/GAM] | YouTube  | [Normal]     | 85%    |   59.7ms | DEAD BODY ON CABIN...
[GAMING/GAM] | YouTube  | [Normal]     | 89%    |   88.8ms | long time fan. I have an Unus Annus hood...
[GAMING/GAM] | YouTube  | [Normal]     | 95%    |   59.2ms | smoke in yard...
[ENTERTAINM] | YouTube  | [Normal]     | 94%    |   57.2ms | hi me...
[ENTERTAINM] | YouTube  | [Normal]     | 93%    |   62.8ms | hi from Kurdistan...
[GAMING/SUR] | YouTube  | [Normal]     | 94%    |   76.7ms | @fomo_9386 everyone almost cares...
[EDUCATION/] | YouTube  | [Normal]     | 92%    |   79.6ms | Soundsoudnsidusosudshisjsbssi...
[SELF-HELP/] | YouTube  | [Normal]     | 94%    |   66.4ms | There's downsides...
[GAMING/GAM] | YouTube  | [Normal]     | 91%    |   62.8ms | JESUS THAT ASCARED ME...
[GAMING/GAM] | YouTube  | [Normal]     | 93%    |   59.0ms | desk missing object  interior...
[GAMING/GAM] | YouTube  | [Normal]     | 94%    |   53.1ms | IT DID...
[GAMING/GAM] | YouTube  | [Normal]     | 90%    |   63.0ms | 2 GAS CAN YARD...
[SELF-HELP/] | YouTube  | [OFFENSIVE]  | 35%    |   66.5ms | because intelligence bad...
[GAMING/GAM] | YouTube  | [Normal]     | 94%    |   61.4ms | 30 to go!...
[ENTERTAINM] | YouTube  | [Normal]     | 96%    |   80.0ms | What’s it like having the most subscribe...
[SELF-HELP/] | YouTube  | [HATE]       | 41%    |   64.2ms | because they try to copy others...
[GAMING/GAM] | YouTube  | [Normal]     | 97%    |   97.3ms | markiplier sipping a pina colada on a sh...
[SELF-HELP/] | YouTube  | [Normal]     | 94%    |   64.5ms | suffering that comes with it...
[ENTERTAINM] | YouTube  | [Normal]     | 95%    |   63.9ms | WE NEED GROCERY STORE PART 2...
[GAMING/GAM] | YouTube  | [Normal]     | 94%    |   80.5ms | SLOW DOWWNNN pls :<...
[SELF-HELP/] | YouTube  | [Normal]     | 53%    |   79.1ms | if everyone is a genius then no one is a...
[ENTERTAINM] | YouTube  | [Normal]     | 95%    |   53.1ms | please help...
[SELF-HELP/] | YouTube  | [Normal]     | 42%    |   64.2ms | too high iq is detrimental...
[ENTERTAINM] | YouTube  | [Normal]     | 92%    |   58.2ms | yooooo...
[GAMING/GAM] | YouTube  | [Normal]     | 96%    |   64.4ms | MISSING ITEM BY INTERIOR DESK...
[GAMING/GAM] | YouTube  | [Normal]     | 96%    |   58.9ms | RED HANGING THING MOVING...
[SELF-HELP/] | YouTube  | [Normal]     | 95%    |   99.9ms | 1) it's psuedonormalized to 100  2) iq i...
[GAMING/GAM] | YouTube  | [Normal]     | 95%    |   59.0ms | Railing moved a little...
[GAMING/GAM] | YouTube  | [Normal]     | 97%    |  164.1ms | PAPI HIIII :smiling_face_with_heart_eyes...
[SELF-HELP/] | YouTube  | [Normal]     | 95%    |   52.6ms | Idk...
[SELF-HELP/] | YouTube  | [Normal]     | 72%    |   73.8ms | Because that’s the average duhhh...
[ENTERTAINM] | YouTube  | [Normal]     | 97%    |   90.5ms | هل أنت مسلم...
[PSYCHOLOGY] | YouTube  | [Normal]     | 95%    |   70.5ms | no direct measurements...
[GAMING/GAM] | YouTube  | [Normal]     | 95%    |   86.0ms | the top of the lighthouse down right cor...
[ENTERTAINM] | YouTube  | [Normal]     | 95%    |   89.1ms | Zoybean Pod!!!!...
[GAMING/GAM] | YouTube  | [Normal]     | 96%    |   85.7ms | was the lantern in the interior not on ?...
[GAMING/GAM] | YouTube  | [Normal]     | 96%    |  104.3ms | :_markiSHUSH::_markiDEEP::_markiBRAIN:...
[GAMING/GAM] | YouTube  | [Normal]     | 92%    |   90.4ms | :brain::brain::brain::brain:...
[GAMING/GAM] | YouTube  | [OFFENSIVE]  | 83%    |  104.2ms | @Markiplier  i just watched Iron Lung  h...
[ENTERTAINM] | YouTube  | [Normal]     | 90%    |   71.7ms | ไง...
[GAMING/GAM] | YouTube  | [Normal]     | 91%    |   90.5ms | yeeeeeeeeaaaaaaasssssss...
[ENTERTAINM] | YouTube  | [Normal]     | 53%    |   73.8ms | wsp Jimmmyyy...
[MUSIC/CHIL] | YouTube  | [Normal]     | 96%    |   76.0ms | lovely what happened my crush...
[GAMING/GAM] | YouTube  | [Normal]     | 95%    |   75.9ms | 2Nd!!!!...
[GAMING/GAM] | YouTube  | [Normal]     | 96%    |   90.2ms | it makes me so happy to see mark wearing...
[GAMING/GAM] | YouTube  | [Normal]     | 93%    |   70.8ms | YOU"RE WELCOME...
[GAMING/GAM] | YouTube  | [Normal]     | 91%    |   79.0ms | Helped with the barrels technically too...
[ENTERTAINM] | YouTube  | [Normal]     | 97%    |  196.6ms | :face_screaming_in_fear::face_screaming_...
[GAMING/GAM] | YouTube  | [Normal]     | 92%    |   64.9ms | Woah...
[ENTERTAINM] | YouTube  | [Normal]     | 94%    |   69.5ms | hi...
[SELF-HELP/] | YouTube  | [Normal]     | 94%    |   81.9ms | being smart is stressful and depressing...
[GAMING/GAM] | YouTube  | [Normal]     | 94%    |   64.9ms | Uhhh...
[GAMING/GAM] | YouTube  | [Normal]     | 76%    |   76.1ms | Pig missing in the stairwell...
[ENTERTAINM] | YouTube  | [Normal]     | 93%    |   89.9ms | DANIEL MAU 1JT DOLAR BANG MISTER BIS...
[ENTERTAINM] | YouTube  | [Normal]     | 91%    |   71.5ms | Pakistan...
[GAMING/GAM] | YouTube  | [Normal]     | 92%    |   95.8ms | Did it just make you complete a captcha?...
[GAMING/GAM] | YouTube  | [Normal]     | 94%    |   71.6ms | gross...
[GAMING/SUR] | YouTube  | [Normal]     | 83%    |   86.8ms | omg PEANUT YOURE MAKING IT WAY TO DIFFIC...
[GAMING/SUR] | YouTube  | [Normal]     | 80%    |   81.5ms | half wall the back side...
[GAMING/GAM] | YouTube  | [Normal]     | 58%    |   84.0ms | I swear to shit there is something under...
[GAMING/GAM] | YouTube  | [Normal]     | 61%    |   84.3ms | damn they really did an ARE YOU A ROBOT ...
[ENTERTAINM] | YouTube  | [Normal]     | 91%    |   69.7ms | w...
[GAMING/GAM] | YouTube  | [Normal]     | 79%    |   70.1ms | So many intruders...
[GAMING/GAM] | YouTube  | [Normal]     | 87%    |   70.3ms | Broken rail movement...
[GAMING/GAM] | YouTube  | [Normal]     | 92%    |  109.2ms | Oooo... Don't die in the end... >-<...
[MUSIC/CHIL] | YouTube  | [Normal]     | 89%    |   90.0ms | not good kejtiii you also participate in...
[GAMING/GAM] | YouTube  | [Normal]     | 72%    |   85.4ms | They're throwing everything at you lol...
[GAMING/GAM] | YouTube  | [Normal]     | 91%    |   80.3ms | hey mark I found an anomaly behind you...
[GAMING/GAM] | YouTube  | [Normal]     | 95%    |   80.3ms | THE BAGS IN THE BASEMENT!!!...
[GAMING/GAM] | YouTube  | [Normal]     | 93%    |   73.6ms | The open door is now closed...
[GAMING/GAM] | YouTube  | [Normal]     | 60%    |   75.5ms | Yippeeeeeee...
[ENTERTAINM] | YouTube  | [Normal]     | 95%    |   72.1ms | Love you bro jimmy...
[GAMING/GAM] | YouTube  | [Normal]     | 96%    |   65.8ms | WE WON...
[ENTERTAINM] | YouTube  | [Normal]     | 96%    |  124.6ms | @MrBeast I been watching you since 2022 ...
[ENTERTAINM] | YouTube  | [Normal]     | 96%    |   74.6ms | превет...
[GAMING/GAM] | YouTube  | [Normal]     | 96%    |   70.3ms | this a vibe...
[ENTERTAINM] | YouTube  | [Normal]     | 96%    |   85.7ms | :finger-red-number-one:...
[ENTERTAINM] | YouTube  | [Normal]     | 98%    |  174.0ms | Winning a random person":coconut::coconu...
[ENTERTAINM] | YouTube  | [Normal]     | 91%    |   91.3ms | So  do you think that 1 Billion subs IS ...
[ENTERTAINM] | YouTube  | [Normal]     | 93%    |   69.3ms | hello mr beast...
[ENTERTAINM] | YouTube  | [Normal]     | 95%    |   71.2ms | Congratulations...
[ENTERTAINM] | YouTube  | [Normal]     | 97%    |  107.0ms | I'm 19 years old and I work in a Russian...
[GAMING/GAM] | YouTube  | [Normal]     | 91%    |   71.4ms | W...
[ENTERTAINM] | YouTube  | [Normal]     | 94%    |   74.3ms | :nauseated_face:...
[ENTERTAINM] | YouTube  | [HATE]       | 73%    |   70.3ms | Your the goat...
[GAMING/GAM] | YouTube  | [Normal]     | 83%    |   90.6ms | Dun dun dun dunnnn.. dun dun dun dun...
[SELF-HELP/] | YouTube  | [Normal]     | 98%    |   74.8ms | that a CDO reference?...
[SELF-HELP/] | YouTube  | [Normal]     | 74%    |   65.9ms | no taxes...
[ENTERTAINM] | YouTube  | [Normal]     | 97%    |  148.6ms | :face_with_tears_of_joy::face_with_tears...
[GAMING/GAM] | YouTube  | [Normal]     | 91%    |   73.0ms | W...
[GAMING/GAM] | YouTube  | [Normal]     | 95%    |   77.5ms | NUMBER 1 <3...
[GAMING/GAM] | YouTube  | [Normal]     | 95%    |   75.8ms | Airplane...
[PSYCHOLOGY] | YouTube  | [Normal]     | 50%    |   87.9ms | ok but they're still right about women...
[GAMING/GAM] | YouTube  | [Normal]     | 91%    |   83.9ms | from al the games  which anomaly is ur f...
[ENTERTAINM] | YouTube  | [Normal]     | 96%    |   85.4ms | :grinning_face_with_sweat:...
[GAMING/GAM] | YouTube  | [Normal]     | 93%    |   79.9ms | NO IM NOT A HUMAN MOVIE PLS...
[ENTERTAINM] | YouTube  | [Normal]     | 95%    |   66.1ms | XD...
[GAMING/GAM] | YouTube  | [Normal]     | 95%    |   71.3ms | wow...
[GAMING/GAM] | YouTube  | [Normal]     | 94%    |   89.3ms | I'm going to watch Iron Lung Tomorrow!!!...
[GAMING/GAM] | YouTube  | [Normal]     | 94%    |   69.2ms | COPYRIGHT...
[SELF-HELP/] | YouTube  | [Normal]     | 96%    |   70.5ms | michael burry?...
[GAMING/GAM] | YouTube  | [Normal]     | 96%    |  100.5ms | I just came back from watching Iron Lung...
[GAMING/GAM] | YouTube  | [Normal]     | 95%    |   65.4ms | yay...
[GAMING/GAM] | YouTube  | [Normal]     | 96%    |   88.6ms | when is it coming to BRAZIL?????...
[ENTERTAINM] | YouTube  | [Normal]     | 95%    |   64.5ms | hiiii...
[GAMING/GAM] | YouTube  | [Normal]     | 95%    |  104.9ms | can you do a fnaf live stream soon pleas...
[GAMING/GAM] | YouTube  | [Normal]     | 96%    |   80.5ms | Take it to Spain!!!!...
[ENTERTAINM] | YouTube  | [Normal]     | 94%    |   69.0ms | hi...
[GAMING/SUR] | YouTube  | [Normal]     | 89%    |   64.8ms | DO IT...
[ENTERTAINM] | YouTube  | [Normal]     | 92%    |   71.8ms | Hi mrbeast...
[SELF-HELP/] | YouTube  | [HATE]       | 69%    |   84.1ms | autistic traits lend to higher intellige...
[GAMING/GAM] | YouTube  | [Normal]     | 96%    |  137.8ms | Wait is this Iron Lung??? The #1 movie i...
[ENTERTAINM] | YouTube  | [Normal]     | 92%    |   65.3ms | portugall...
[ENTERTAINM] | YouTube  | [Normal]     | 98%    |  160.8ms | :red_heart::red_heart::red_heart::red_he...
[GAMING/GAM] | YouTube  | [Normal]     | 91%    |  102.3ms | SO MUCH fanart of you in that shirtless ...
[ENTERTAINM] | YouTube  | [Normal]     | 95%    |   71.5ms | ff...
[ENTERTAINM] | YouTube  | [Normal]     | 95%    |   71.7ms | HELLO...
[ENTERTAINM] | YouTube  | [Normal]     | 98%    |  374.6ms | :buffering::stayhome::dothefive::person-...
[GAMING/GAM] | YouTube  | [Normal]     | 97%    |  104.9ms | I saw it today!! I'm so excited it was w...
[GAMING/GAM] | YouTube  | [Normal]     | 96%    |   71.9ms | outer wilds time...
[GAMING/GAM] | YouTube  | [Normal]     | 42%    |   76.6ms | yippeeee!...
[GAMING/GAM] | YouTube  | [Normal]     | 76%    |   94.6ms | WILL YOU WEAR WIGS? WHEN WILL YOU WEAR W...
[GAMING/GAM] | YouTube  | [Normal]     | 97%    |  104.4ms | I enjoyed the movie in Indiana  can’t wa...
[GAMING/SUR] | YouTube  | [Normal]     | 77%    |   76.3ms | That guy is super annoying...
[GAMING/GAM] | YouTube  | [Normal]     | 95%    |   71.1ms | GOODNIGHT...
[GAMING/GAM] | YouTube  | [Normal]     | 61%    |   70.5ms | WE ARE WIENERS...
[GAMING/GAM] | YouTube  | [Normal]     | 95%    |   71.2ms | 1 1 1 1...
[GAMING/GAM] | YouTube  | [Normal]     | 96%    |  101.5ms | Mark I may have spilled some popcorn at ...
[GAMING/GAM] | YouTube  | [Normal]     | 97%    |   79.7ms | Marky moo I love you...
[ENTERTAINM] | YouTube  | [Normal]     | 91%    |   69.5ms | TECHNOBLADE...
[GAMING/SUR] | YouTube  | [Normal]     | 92%    |   64.6ms | oh no...
[GAMING/GAM] | YouTube  | [Normal]     | 93%    |   70.9ms | YAYYY...
[GAMING/GAM] | YouTube  | [Normal]     | 96%    |  118.5ms | :_markiHEART::_markiHEART::_markiHEART:...
[ENTERTAINM] | YouTube  | [Normal]     | 96%    |   66.6ms | New member...
[GAMING/GAM] | YouTube  | [Normal]     | 41%    |   71.5ms | yippee...
[GAMING/GAM] | YouTube  | [Normal]     | 97%    |   89.6ms | Excellent obversation sir :saluting_face...
[GAMING/GAM] | YouTube  | [Normal]     | 96%    |   80.2ms | is it showing in UK???...
[GAMING/GAM] | YouTube  | [Normal]     | 93%    |   75.7ms | iron lung was so good...
[GAMING/GAM] | YouTube  | [Normal]     | 91%    |   70.5ms | WHEN WHEN WHEN...
[GAMING/GAM] | YouTube  | [Normal]     | 86%    |   80.4ms | yeah  I can't leave the house...
[GAMING/SUR] | YouTube  | [Normal]     | 95%    |   78.9ms | Is officer going to join use?...
[MUSIC/CHIL] | YouTube  | [Normal]     | 95%    |   69.7ms | :candy:...
[GAMING/GAM] | YouTube  | [Normal]     | 94%    |   64.8ms | Booo...
[ENTERTAINM] | YouTube  | [Normal]     | 95%    |   70.9ms | Hello...
[MUSIC/CHIL] | YouTube  | [Normal]     | 98%    |  104.8ms | :face-blue-wide-eyes::face-blue-wide-eye...
[PSYCHOLOGY] | YouTube  | [Normal]     | 93%    |   70.4ms | f...
[MUSIC/CHIL] | YouTube  | [Normal]     | 98%    |  106.0ms | :face-blue-wide-eyes::face-blue-wide-eye...
[GAMING/GAM] | YouTube  | [Normal]     | 96%    |   70.4ms | Yeah the big game...
[ENTERTAINM] | YouTube  | [Normal]     | 82%    |   75.7ms | rei gooooooooo...
[ENTERTAINM] | YouTube  | [Normal]     | 94%    |   70.1ms | Hi...
[GAMING/GAM] | YouTube  | [Normal]     | 96%    |   69.8ms | YAY AIRPLANE...
[ENTERTAINM] | YouTube  | [Normal]     | 95%    |   79.3ms | KOSOVO  KOSOVO  KOSOVO  KOSOVO  KOSOVO  ...
[ENTERTAINM] | YouTube  | [Normal]     | 96%    |   86.8ms | sar please take my name my name is Umar...
[GAMING/GAM] | YouTube  | [Normal]     | 91%    |   70.1ms | John lung!...
[ENTERTAINM] | YouTube  | [Normal]     | 95%    |   71.2ms | 88888...
[GAMING/GAM] | YouTube  | [Normal]     | 92%    |   93.9ms | Iron Lung was so good  even though i don...
[ENTERTAINM] | YouTube  | [Normal]     | 97%    |   70.2ms | hiiiii...
[ENTERTAINM] | YouTube  | [HATE]       | 52%    |  104.8ms | @MrBeast You Are The Goat of Youtube:yt:...
[GAMING/SUR] | YouTube  | [Normal]     | 89%    |   84.4ms | WELYNS KNOW WE APPREACIATE YOU...
[GAMING/GAM] | YouTube  | [Normal]     | 97%    |   83.5ms | ah yes my favourite event "the incredibl...
[MUSIC/CHIL] | YouTube  | [Normal]     | 97%    |   94.3ms | lovely :smiling_face_with_heart_eyes:...
[ENTERTAINM] | YouTube  | [Normal]     | 95%    |   67.5ms | said hi...
[GAMING/GAM] | YouTube  | [Normal]     | 94%    |   72.3ms | hi dadaplier...
[GAMING/GAM] | YouTube  | [Normal]     | 92%    |   80.3ms | It’s nudie magazine day!...
[PSYCHOLOGY] | YouTube  | [Normal]     | 84%    |   85.0ms | bro sex is everywhere in US culture. non...
[GAMING/GAM] | YouTube  | [Normal]     | 95%    |   60.2ms | Hellooooo...
[GAMING/GAM] | YouTube  | [Normal]     | 96%    |  131.8ms | THIS IS SO INTERESTING HEARING YOUR THOU...
[GAMING/GAM] | YouTube  | [Normal]     | 96%    |   61.6ms | more or less...
[GAMING/GAM] | YouTube  | [Normal]     | 92%    |   55.1ms | Ye!...
[ENTERTAINM] | YouTube  | [Normal]     | 93%    |   59.3ms | hello Mr beast...
[GAMING/GAM] | YouTube  | [Normal]     | 94%    |   68.0ms | just watch ur movie it was great...
[GAMING/GAM] | YouTube  | [Normal]     | 92%    |   54.2ms | Yeah...
[GAMING/GAM] | YouTube  | [Normal]     | 87%    |   84.1ms | I have low blood sugar I can’t focus i s...
[ENTERTAINM] | YouTube  | [Normal]     | 92%    |   59.9ms | MR BEASTTTTT...
[ENTERTAINM] | YouTube  | [Normal]     | 94%    |   55.0ms | hi...
[GAMING/GAM] | YouTube  | [Normal]     | 98%    |   74.2ms | ONE EXTRA RED LIGHT IN COCKPIT TOP LEFT ...
[GAMING/GAM] | YouTube  | [Normal]     | 93%    |   65.0ms | I wasn’t looking...
[SELF-HELP/] | YouTube  | [Normal]     | 74%    |   66.8ms | you are but im not...
[GAMING/GAM] | YouTube  | [Normal]     | 94%    |   68.1ms | the stairwell railing on the stair broke...
[MUSIC/CHIL] | YouTube  | [Normal]     | 98%    |   68.6ms | hello:hand-pink-waving:...
[GAMING/GAM] | YouTube  | [Normal]     | 80%    |   64.9ms | WE’RE NOT DOGS...
[ENTERTAINM] | YouTube  | [Normal]     | 97%    |   83.3ms | Hello mrbeast I'm from Uzbekistan :blue_...
[MUSIC/CHIL] | YouTube  | [Normal]     | 95%    |   65.0ms | :thinking_face:...
[GAMING/SUR] | YouTube  | [Normal]     | 94%    |   92.4ms | This is differently not gonna be Maduro ...
[MUSIC/CHIL] | YouTube  | [Normal]     | 98%    |   64.7ms | B R B :comet:...
[GAMING/GAM] | YouTube  | [Normal]     | 96%    |   64.4ms | FREDDY!!!!!...
[GAMING/SUR] | YouTube  | [Normal]     | 83%    |   65.1ms | keep gettin it mr nut...
[GAMING/GAM] | YouTube  | [Normal]     | 90%    |   79.0ms | is there a hand by the plane entrance on...
[GAMING/GAM] | YouTube  | [Normal]     | 84%    |   78.1ms | plane says its on time  anomaly planes a...
[ENTERTAINM] | YouTube  | [Normal]     | 94%    |   59.1ms | congragulation...
[GAMING/GAM] | YouTube  | [Normal]     | 92%    |   54.2ms | bathroom floor...
[ENTERTAINM] | YouTube  | [Normal]     | 94%    |   59.8ms | hi...
[ENTERTAINM] | YouTube  | [Normal]     | 86%    |   60.6ms | helo mr beast...
[GAMING/GAM] | YouTube  | [Normal]     | 97%    |   68.8ms | Banana next to mug in the cockpit....
[GAMING/GAM] | YouTube  | [Normal]     | 89%    |   69.0ms | Someone was doing something in that bath...
[ENTERTAINM] | YouTube  | [Normal]     | 97%    |  143.3ms | :balloon::balloon::balloon::balloon::bal...
[GAMING/GAM] | YouTube  | [Normal]     | 93%    |   59.6ms | PERSON IN A SEAT...
[GAMING/GAM] | YouTube  | [Normal]     | 95%    |   78.3ms | Possible extra bottle by the sink in bat...
[GAMING/GAM] | YouTube  | [Normal]     | 92%    |   53.3ms | BATHROOM...
[ENTERTAINM] | YouTube  | [Normal]     | 95%    |   60.6ms | Congrats Jimmy...
[GAMING/GAM] | YouTube  | [Normal]     | 92%    |   91.1ms | mannnn he plays observation duty  but he...
[ENTERTAINM] | YouTube  | [Normal]     | 98%    |  179.5ms | :face-red-heart-shape::face-red-heart-sh...
[GAMING/GAM] | YouTube  | [Normal]     | 87%    |   60.8ms | slender man in gate...
[GAMING/SUR] | YouTube  | [Normal]     | 91%    |   61.4ms | !DISCORD...
[GAMING/GAM] | YouTube  | [Normal]     | 97%    |   78.3ms | I gotta run. have fun everyone. Bye Mark...
[ENTERTAINM] | YouTube  | [Normal]     | 93%    |   59.3ms | Oooo...
[GAMING/GAM] | YouTube  | [Normal]     | 89%    |   69.2ms | Of course there are tissues in the bathr...
[ENTERTAINM] | YouTube  | [Normal]     | 97%    |   68.6ms | everyone loves a good heros journey...
[SPORTS/FOO] | YouTube  | [Normal]     | 96%    |  101.3ms | 지금생방아니에요???...
[GAMING/GAM] | YouTube  | [Normal]     | 55%    |   74.1ms | ALIEN LOOKING THING IN THE BACK OF THE E...
[GAMING/GAM] | YouTube  | [Normal]     | 96%    |   69.1ms | Idk man I just started paying attention...
[GAMING/GAM] | YouTube  | [Normal]     | 93%    |   69.3ms | I may be crazy but banana moved?...
[GAMING/GAM] | YouTube  | [Normal]     | 97%    |   74.2ms | EXTRA PLANE PAINTING IN THE CLASS ON THE...
[ENTERTAINM] | YouTube  | [Normal]     | 95%    |   55.6ms | hello...
[GAMING/GAM] | YouTube  | [Normal]     | 87%    |   62.6ms | Woooooo...
[ENTERTAINM] | YouTube  | [Normal]     | 97%    |   58.2ms | 500M PUSH...
[GAMING/GAM] | YouTube  | [Normal]     | 96%    |   60.6ms | luggage compartment open...
[GAMING/GAM] | YouTube  | [Normal]     | 96%    |   64.6ms | MAY I get banned?...
[MUSIC/CHIL] | YouTube  | [Normal]     | 96%    |   58.2ms | ....
[GAMING/GAM] | YouTube  | [Normal]     | 95%    |   83.3ms | this round's gonna get a ton of bans lma...
[ENTERTAINM] | YouTube  | [Normal]     | 95%    |  113.7ms | JiMMY can I get a shout out pls? and wha...
[GAMING/GAM] | YouTube  | [Normal]     | 91%    |   68.3ms | NO CAMERA SIGN IN BATHROOM...
[PSYCHOLOGY] | YouTube  | [Normal]     | 71%    |   79.2ms | @HealthyGamerGG what about your yourself...
[ENTERTAINM] | YouTube  | [Normal]     | 97%    |  112.3ms | SHOUT OUT PLEASE ALL THE WAY FROM SOUTH ...
[ENTERTAINM] | YouTube  | [Normal]     | 95%    |   77.8ms | Mr beast can you please give me an ipad ...
[ENTERTAINM] | YouTube  | [Normal]     | 96%    |   62.2ms | XDXDXD...
[GAMING/GAM] | YouTube  | [Normal]     | 94%    |   64.3ms | BOX IN TOP LEFT LOOKS SUSPICIOUS...
[ENTERTAINM] | YouTube  | [Normal]     | 83%    |   53.4ms | Korea...
[GAMING/GAM] | YouTube  | [Normal]     | 93%    |   96.6ms | what has been your favorite horror game?...
[GAMING/GAM] | YouTube  | [HATE]       | 41%    |   68.7ms | what if they british? so social security...
[NEWS/LIVE ] | YouTube  | [Normal]     | 74%    |   70.8ms | STOP THE GENOCIDE...
[GAMING/GAM] | YouTube  | [OFFENSIVE]  | 87%    |   78.2ms | bro's stealing CaseOh's linesssss...
[GAMING/GAM] | YouTube  | [Normal]     | 91%    |   53.8ms | tuff...
[GAMING/SUR] | YouTube  | [Normal]     | 89%    |   83.2ms | @traviii420 such a bad game...
[ENTERTAINM] | YouTube  | [Normal]     | 96%    |   60.1ms | hii sir...
[PSYCHOLOGY] | YouTube  | [Normal]     | 96%    |   60.0ms | 20 milly!...
[ENTERTAINM] | YouTube  | [Normal]     | 97%    |   68.9ms | Video coming in the world cup topic?...
[NEWS/LIVE ] | YouTube  | [Normal]     | 96%    |   66.8ms | :saluting_face:...
[ENTERTAINM] | YouTube  | [Normal]     | 86%    |   73.2ms | YOOOO MRBEAST WSGG HOMIE...
[GAMING/GAM] | YouTube  | [Normal]     | 92%    |   59.0ms | EEYUCK...
[GAMING/GAM] | YouTube  | [Normal]     | 84%    |   55.8ms | BAN...
[GAMING/GAM] | YouTube  | [Normal]     | 95%    |   65.2ms | Extra bag economy class near exist...
[GAMING/GAM] | YouTube  | [Normal]     | 97%    |   58.9ms | coffee cup cockpit...
[GAMING/GAM] | YouTube  | [Normal]     | 95%    |   61.1ms | Paper in seat back...
[MUSIC/CHIL] | YouTube  | [Normal]     | 90%    |   78.9ms | oxigen :loudly_crying_face: yes u should...
[SELF-HELP/] | YouTube  | [Normal]     | 90%    |   65.3ms | how to solve rumination...
[ENTERTAINM] | YouTube  | [Normal]     | 96%    |   71.8ms | can you lower the cost of festable in in...
[ENTERTAINM] | YouTube  | [Normal]     | 97%    |   58.6ms | Love From India...
[ENTERTAINM] | YouTube  | [Normal]     | 83%    |   69.0ms | Your hard work really payoff mr beast...
[GAMING/GAM] | YouTube  | [Normal]     | 95%    |   64.4ms | window by the gate...
[MUSIC/CHIL] | YouTube  | [HATE]       | 62%    |  124.8ms | No fights no friend neutral Raggy today ...
[ENTERTAINM] | YouTube  | [Normal]     | 98%    |  121.0ms | :red_heart::red_heart::red_heart::red_he...
[ENTERTAINM] | YouTube  | [Normal]     | 96%    |   87.1ms | can you make more smaller videos like yo...
[GAMING/GAM] | YouTube  | [Normal]     | 97%    |   68.9ms | Gate entrance lights swapped I think?...
[GAMING/GAM] | YouTube  | [Normal]     | 91%    |   62.7ms | Mark is going mad with power...
[GAMING/GAM] | YouTube  | [Normal]     | 49%    |  106.3ms | Help  why did he ban the actual person f...
[GAMING/GAM] | YouTube  | [Normal]     | 97%    |   68.7ms | Extra bottle on table with donuts?...
[ENTERTAINM] | YouTube  | [Normal]     | 88%    |   72.2ms | BEAST ARE YOU COMING TO WATCH THE WORLD ...
[GAMING/GAM] | YouTube  | [Normal]     | 96%    |   65.1ms | BClass extra hatch open...
[GAMING/GAM] | YouTube  | [Normal]     | 88%    |   93.2ms | over head compartment is missing in busi...
[ENTERTAINM] | YouTube  | [Normal]     | 96%    |   69.4ms | 500 m subs congratulations...
[GAMING/GAM] | YouTube  | [Normal]     | 95%    |   68.0ms | Person in top window of gate?...
[GAMING/GAM] | YouTube  | [OFFENSIVE]  | 86%    |   59.9ms | helllooo...
[MUSIC/CHIL] | YouTube  | [Normal]     | 98%    |   92.2ms | :face-blue-wide-eyes::face-blue-wide-eye...
[GAMING/GAM] | YouTube  | [Normal]     | 97%    |   68.4ms | the second purse is missing??...
[GAMING/GAM] | YouTube  | [Normal]     | 97%    |   65.0ms | extra open storage b class...
[ENTERTAINM] | YouTube  | [Normal]     | 96%    |   67.9ms | 500 000 000 let's go...
[GAMING/GAM] | YouTube  | [Normal]     | 97%    |   73.8ms | EXTRA PLANE PAINTING IN THE CLASS ON THE...
[ENTERTAINM] | YouTube  | [Normal]     | 95%    |   58.2ms | 67...
[ENTERTAINM] | YouTube  | [Normal]     | 92%    |   64.4ms | Hii you are the best...
[SELF-HELP/] | YouTube  | [Normal]     | 97%    |   86.6ms | @crowserainance Dr K said 80% of his pro...
[ENTERTAINM] | YouTube  | [Normal]     | 86%    |   54.4ms | yo...
[GAMING/SUR] | YouTube  | [Normal]     | 72%    |   59.1ms | ChinaNo1...
[GAMING/GAM] | YouTube  | [Normal]     | 97%    |   54.2ms | COCKPIT FLOOR...
[ENTERTAINM] | YouTube  | [Normal]     | 97%    |  139.1ms | @MrBeast Congrats on the road to 500M su...
[GAMING/SUR] | YouTube  | [Normal]     | 92%    |   54.3ms | EAT...
[GAMING/GAM] | YouTube  | [Normal]     | 95%    |   77.0ms | POSTER NEXT TO RIGHT WINDOW BUSINESS CLA...
[GAMING/GAM] | YouTube  | [Normal]     | 97%    |   59.3ms | collectable?...
[GAMING/SUR] | YouTube  | [Normal]     | 97%    |   74.3ms | welyn is pretty strong in the gym....
[ENTERTAINM] | YouTube  | [OFFENSIVE]  | 86%    |  170.7ms | ive been here since 1mil this 500mil is ...
[GAMING/GAM] | YouTube  | [Normal]     | 97%    |   65.5ms | Light shining through the cockpit...
[GAMING/SUR] | YouTube  | [Normal]     | 92%    |   64.1ms | I wasnt looking...
[GAMING/GAM] | YouTube  | [Normal]     | 93%    |   59.5ms | toilet paper in restroom...
[MUSIC/CHIL] | YouTube  | [Normal]     | 98%    |   77.6ms | :musical_notes::rose::cloud:...
[GAMING/SUR] | YouTube  | [Normal]     | 91%    |   63.0ms | i saw a turrent...
[GAMING/GAM] | YouTube  | [Normal]     | 79%    |   59.8ms | spooky...
[MUSIC/CHIL] | YouTube  | [Normal]     | 96%    |   69.8ms | aunque sean del espacio...
[ENTERTAINM] | YouTube  | [Normal]     | 96%    |   58.6ms | Jeeez...
[ENTERTAINM] | YouTube  | [Normal]     | 98%    |  151.2ms | As you soon reach 500 million subscriber...
[PSYCHOLOGY] | YouTube  | [Normal]     | 96%    |   78.6ms | @VenaraEchoes monk-mode solitude and ref...
[ENTERTAINM] | YouTube  | [Normal]     | 51%    |   77.4ms | pls can you give me most expensive PUBG ...
[ENTERTAINM] | YouTube  | [Normal]     | 95%    |   74.6ms | @MrBeast ever faked video?...
[ENTERTAINM] | YouTube  | [Normal]     | 97%    |   73.4ms | I love you Madina:red_heart:...
[ENTERTAINM] | YouTube  | [Normal]     | 93%    |   62.5ms | ДРАСТІ...
[GAMING/GAM] | YouTube  | [Normal]     | 81%    |   58.2ms | TOILET...
[ENTERTAINM] | YouTube  | [Normal]     | 85%    |   60.4ms | wooooow...
[ENTERTAINM] | YouTube  | [Normal]     | 80%    |  112.6ms | 25K to goooooooooooooo!!!!!!!!!!!!!!!...
[ENTERTAINM] | YouTube  | [Normal]     | 95%    |  184.9ms | :thumbs_up::thumbs_up::thumbs_up::thumbs...
[ENTERTAINM] | YouTube  | [Normal]     | 95%    |   54.2ms | hellooo...
[GAMING/SUR] | YouTube  | [Normal]     | 73%    |   62.5ms | hutch scrap them...
[GAMING/GAM] | YouTube  | [Normal]     | 93%    |   65.3ms | the signs in the bathroom...
[MUSIC/CHIL] | YouTube  | [Normal]     | 97%    |   87.2ms | :beer_mug::beer_mug::person_kneeling:...
[ENTERTAINM] | YouTube  | [Normal]     | 95%    |   53.6ms | 67...
[ENTERTAINM] | YouTube  | [Normal]     | 96%    |   52.6ms | love you...
[GAMING/GAM] | YouTube  | [Normal]     | 98%    |   59.2ms | B CLASS GREEN LIGHTS...
[GAMING/GAM] | YouTube  | [Normal]     | 97%    |   60.0ms | cockpit blanket on floor...
[GAMING/SUR] | YouTube  | [Normal]     | 94%    |   53.6ms | code leaked...
[MUSIC/CHIL] | YouTube  | [Normal]     | 98%    |   92.0ms | lilu :face_with_tears_of_joy:pgl h thoda...
[GAMING/SUR] | YouTube  | [Normal]     | 85%    |   87.9ms | As long as it’s not the door codes too. ...
[GAMING/GAM] | YouTube  | [Normal]     | 92%    |   78.2ms | just got home from work glad to spend my...
[GAMING/SUR] | YouTube  | [Normal]     | 97%    |   68.2ms | Like Minecraft on Fent?...
[MUSIC/CHIL] | YouTube  | [Normal]     | 98%    |   95.6ms | SANA TC  Enjoy your evening :sparkles::c...
[ENTERTAINM] | YouTube  | [Normal]     | 96%    |   59.1ms | hi i am korean...
[ENTERTAINM] | YouTube  | [Normal]     | 96%    |   53.1ms | New member...
[GAMING/GAM] | YouTube  | [Normal]     | 94%    |   59.7ms | Economy class white cup...
[GAMING/GAM] | YouTube  | [Normal]     | 92%    |   71.6ms | THERES A MIRROR IN THE TOILET MARKIPLIER...
[GAMING/SUR] | YouTube  | [Normal]     | 73%    |   65.2ms | "FREE WORKER CAMP"...
[GAMING/GAM] | YouTube  | [Normal]     | 88%    |   59.2ms | Intruder top left...
[ENTERTAINM] | YouTube  | [Normal]     | 94%    |   90.0ms | all my accounts are subscribed now  just...
[GAMING/SUR] | YouTube  | [Normal]     | 90%    |   97.3ms | You aren't cooking literally enough. Bro...
[ENTERTAINM] | YouTube  | [Normal]     | 97%    |   59.6ms | hai am from Kerala...
[GAMING/GAM] | YouTube  | [Normal]     | 97%    |   75.7ms | CUP ON TRAY TABLE IN ECON CLASS...
[GAMING/SUR] | YouTube  | [Normal]     | 46%    |   59.2ms | WE WANT PRISONERS...
[GAMING/SUR] | YouTube  | [Normal]     | 95%    |   68.8ms | no big arch?...
[PSYCHOLOGY] | YouTube  | [Normal]     | 94%    |   55.4ms | oops...
[ENTERTAINM] | YouTube  | [Normal]     | 96%    |   97.0ms | :hundred_points::hundred_points::hundred...
[ENTERTAINM] | YouTube  | [Normal]     | 95%    |   55.9ms | done...
[GAMING/GAM] | YouTube  | [Normal]     | 98%    |  111.4ms | Were the boarding gate/termnials always ...
[ENTERTAINM] | YouTube  | [Normal]     | 90%    |   66.5ms | bro you cooked...
[SPORTS/FOO] | YouTube  | [Normal]     | 97%    |  115.0ms | تحيا مصر دااااائما وااااابدا...
[GAMING/GAM] | YouTube  | [Normal]     | 57%    |   63.0ms | lets goooooooooo...
[GAMING/SUR] | YouTube  | [Normal]     | 97%    |   72.8ms | I got my big macs!...
[ENTERTAINM] | YouTube  | [Normal]     | 93%    |  102.6ms | @MrBeast BEEN SUBBED SINCE 2019! LOVE U ...
[SELF-HELP/] | YouTube  | [Normal]     | 95%    |   54.1ms | hello...
[NEWS/LIVE ] | YouTube  | [Normal]     | 95%    |   71.6ms | I mistyped because I have BIG hands lol...
[NEWS/LIVE ] | YouTube  | [Normal]     | 97%    |   86.5ms | :people_hugging: :hugging_face: :open_ha...
[NEWS/LIVE ] | YouTube  | [Normal]     | 98%    |   82.7ms | lol exactly bro:hands-yellow-heart-red:...
[GAMING/SUR] | YouTube  | [Normal]     | 86%    |   55.4ms | yo...
[GAMING/SUR] | YouTube  | [Normal]     | 87%    |   69.5ms | LETSSS RIIIIDE!!!...
[GAMING/SUR] | YouTube  | [Normal]     | 98%    |  257.9ms | :face-blue-wide-eyes::face-blue-wide-eye...
[GAMING/SUR] | YouTube  | [Normal]     | 93%    |   57.5ms | USA USA USA...
[GAMING/SUR] | YouTube  | [Normal]     | 63%    |   61.9ms | Goop goop...
[MUSIC/CHIL] | YouTube  | [Normal]     | 96%    |   64.0ms | best thi pr wo...
[GAMING/SUR] | YouTube  | [Normal]     | 94%    |   53.7ms | Ride harder...
[MUSIC/CHIL] | YouTube  | [Normal]     | 97%    |  104.7ms | abe chal na :face_with_tears_of_joy:...
[SELF-HELP/] | YouTube  | [Normal]     | 97%    |   64.4ms | is it a domestic flight?...
[GAMING/SUR] | YouTube  | [Normal]     | 60%    |   68.0ms | Let’s goooooooooo...
[GAMING/SUR] | YouTube  | [OFFENSIVE]  | 68%    |  119.3ms | :_LetsGo::_LetsGo::_LetsGo::_LetsRide::_...
[GAMING/SUR] | YouTube  | [Normal]     | 93%    |   71.8ms | yeeeeeeeeeeeeeeeeee...
[GAMING/SUR] | YouTube  | [OFFENSIVE]  | 73%    |   73.2ms | LETSSS GOOOOOOOOOOOOOO...
[MUSIC/CHIL] | YouTube  | [Normal]     | 86%    |   57.8ms | ha leave it...
[GAMING/SUR] | YouTube  | [Normal]     | 88%    |   71.6ms | Thank god I don’t gotta watch hutch...
[GAMING/SUR] | YouTube  | [Normal]     | 86%    |   59.2ms | SLUR SATURDAY...
[GAMING/SUR] | YouTube  | [Normal]     | 94%    |  123.5ms | :fire::fire::fire::fire::fire::fire::fir...
[GAMING/SUR] | YouTube  | [Normal]     | 95%    |   97.7ms | Hopefully he isn’t half asleep still :fa...
[MUSIC/CHIL] | YouTube  | [Normal]     | 96%    |   58.2ms | Nikita hy...
[GAMING/SUR] | YouTube  | [OFFENSIVE]  | 50%    |   64.5ms | godll cut ya down...
[GAMING/SUR] | YouTube  | [Normal]     | 95%    |   88.0ms | WWWWWWWWWWWWWWWWWW...
[GAMING/SUR] | YouTube  | [Normal]     | 86%    |   56.1ms | bungus...
[MUSIC/CHIL] | YouTube  | [Normal]     | 96%    |   62.8ms | 300 € tamborilero...
[MUSIC/CHIL] | YouTube  | [Normal]     | 74%    |   71.4ms | abhy lol :woman_shrugging:...
[GAMING/SUR] | YouTube  | [OFFENSIVE]  | 58%    |   64.9ms | Where’s Gingy?...
[GAMING/SUR] | YouTube  | [Normal]     | 79%    |   71.0ms | What happened to your whiskey throat?...
[GAMING/SUR] | YouTube  | [Normal]     | 94%    |   57.7ms | W HUTCH...
[GAMING/SUR] | YouTube  | [Normal]     | 67%    |   66.9ms | Letssssss rideeeee...
[GAMING/SUR] | YouTube  | [Normal]     | 71%    |   59.1ms | Gingy and Rogue...
[GAMING/SUR] | YouTube  | [Normal]     | 90%    |   75.7ms | Gingy and rogue are the real mvps...
[GAMING/SUR] | YouTube  | [Normal]     | 93%    |   71.0ms | Gingy and rouge have done a lot of work...
[GAMING/SUR] | YouTube  | [Normal]     | 96%    |   52.9ms | lol...
[GAMING/SUR] | YouTube  | [Normal]     | 85%    |   66.7ms | yes she was rusted out...
[GAMING/SUR] | YouTube  | [Normal]     | 97%    |   67.2ms | I love rust so much lol...
[GAMING/SUR] | YouTube  | [Normal]     | 97%    |   92.5ms | :crown::crown: LONG LIVE THE KING PEANUT...
[GAMING/SUR] | YouTube  | [Normal]     | 94%    |   52.3ms | nice...
[PSYCHOLOGY] | YouTube  | [Normal]     | 96%    |   63.8ms | aaaaalrighty chat...
[GAMING/SUR] | YouTube  | [Normal]     | 87%    |   69.0ms | Hutch is focused to the bungus...
[GAMING/SUR] | YouTube  | [Normal]     | 92%    |   63.8ms | You left a door open...
[MUSIC/CHIL] | YouTube  | [Normal]     | 96%    |  135.0ms | sam ila matladte ninnu annaya :pensive_f...
[PSYCHOLOGY] | YouTube  | [Normal]     | 97%    |  119.0ms | StreamElements bot running :robot: - Lea...
[GAMING/SUR] | YouTube  | [Normal]     | 96%    |   57.7ms | WHEEL OF FORTUNE...
[GAMING/SUR] | YouTube  | [Normal]     | 92%    |   85.7ms | Just yesterday they had sticks and stone...
[GAMING/SUR] | YouTube  | [Normal]     | 95%    |   57.8ms | DELIRIOUS...
[MUSIC/CHIL] | YouTube  | [Normal]     | 97%    |   64.7ms | Shivani uttrakhand...
[MUSIC/CHIL] | YouTube  | [Normal]     | 98%    |   66.9ms | :musical_score:...
[GAMING/SUR] | YouTube  | [Normal]     | 91%    |   55.1ms | Door...
[GAMING/SUR] | YouTube  | [Normal]     | 92%    |   52.9ms | Gate...
[GAMING/SUR] | YouTube  | [OFFENSIVE]  | 98%    |  106.2ms | H20 STARTED THIS SHIT :face_with_tears_o...
[GAMING/SUR] | YouTube  | [Normal]     | 92%    |   63.4ms | Tim aint getting on tonight...
[MUSIC/CHIL] | YouTube  | [OFFENSIVE]  | 95%    |  109.9ms | Aha...so How much do you charge for suck...
[MUSIC/CHIL] | YouTube  | [Normal]     | 95%    |   55.1ms | hi fred...
[MUSIC/CHIL] | YouTube  | [Normal]     | 97%    |   96.0ms | evar calls anta ganam :alien_monster::fa...
[MUSIC/CHIL] | YouTube  | [Normal]     | 93%    |   52.3ms | hm...
[GAMING/SUR] | YouTube  | [Normal]     | 94%    |   67.6ms | I bet mfrs in that base...
[GAMING/SUR] | YouTube  | [Normal]     | 96%    |  125.3ms | :_Dance::_Dance::_Dance::_Dance::_Dance:...
[MUSIC/CHIL] | YouTube  | [Normal]     | 97%    |  115.2ms | pranam leni paddati kosam pranam una pra...
[MUSIC/CHIL] | YouTube  | [Normal]     | 96%    |   57.9ms | anyone known?...
[GAMING/SUR] | YouTube  | [Normal]     | 93%    |   63.4ms | ARC RAIDERS...
[GAMING/SUR] | YouTube  | [Normal]     | 90%    |   76.9ms | Hutch and gingy got a air strike...
[GAMING/SUR] | YouTube  | [Normal]     | 87%    |   62.8ms | HUTCH HAS A BOBCAT...
[SELF-HELP/] | YouTube  | [Normal]     | 88%    |   63.6ms | andddd something happened...
[GAMING/SUR] | YouTube  | [Normal]     | 95%    |   63.5ms | RIP JOE ROGAN :(...
[GAMING/SUR] | YouTube  | [Normal]     | 80%    |   97.5ms | Hutch is naked hahahahha lookin a little...
[GAMING/SUR] | YouTube  | [Normal]     | 94%    |   58.9ms | Bro built a city...
[GAMING/SUR] | YouTube  | [OFFENSIVE]  | 56%    |   67.3ms | no way were on already haha...
[GAMING/SUR] | YouTube  | [Normal]     | 95%    |   67.4ms | its in the train at the bottom...
[GAMING/SUR] | YouTube  | [Normal]     | 38%    |   53.1ms | Bandit camp...
[GAMING/SUR] | YouTube  | [Normal]     | 93%    |   65.2ms | Get stimpee in here...
[MUSIC/CHIL] | YouTube  | [Normal]     | 95%    |   78.1ms | yeah Halinkan nice pic :winking_face:...
[GAMING/SUR] | YouTube  | [Normal]     | 97%    |  118.4ms | :smiling_face_with_hearts::smiling_face_...
[PSYCHOLOGY] | YouTube  | [Normal]     | 87%    |   97.0ms | @Hanne908 Good for you ! And proud of yo...
[PSYCHOLOGY] | YouTube  | [Normal]     | 96%    |   71.1ms | hahah.. whoopsie :p...
[GAMING/SUR] | YouTube  | [Normal]     | 94%    |   63.0ms | On the ground...
[MUSIC/CHIL] | YouTube  | [Normal]     | 97%    |   76.8ms | Idi deeni musala bf chi nee amma...
[NEWS/LIVE ] | YouTube  | [Normal]     | 97%    |   67.9ms | wow it still works......
[GAMING/SUR] | YouTube  | [Normal]     | 97%    |   57.7ms | invite h20...
[GAMING/SUR] | YouTube  | [Normal]     | 93%    |   54.9ms | Lower level...
[GAMING/SUR] | YouTube  | [Normal]     | 97%    |   64.0ms | ground floor in the train...
[GAMING/SUR] | YouTube  | [Normal]     | 94%    |   58.8ms | diarrhea duo...
[GAMING/SUR] | YouTube  | [Normal]     | 97%    |   78.7ms | it's on the ground floor!!!!...
[GAMING/SUR] | YouTube  | [Normal]     | 93%    |   58.2ms | Southside...
[PSYCHOLOGY] | YouTube  | [Normal]     | 64%    |   63.8ms | Lets fkng gooooo...
[GAMING/SUR] | YouTube  | [Normal]     | 95%    |   57.4ms | delirious...
[NEWS/LIVE ] | YouTube  | [Normal]     | 95%    |   61.3ms | yeah we want Irish success stories...
[GAMING/SUR] | YouTube  | [Normal]     | 76%    |   61.7ms | These naked bodies crack me up...
[GAMING/SUR] | YouTube  | [Normal]     | 96%    |   61.8ms | oh its h20 lol...
[PSYCHOLOGY] | YouTube  | [Normal]     | 91%    |   57.7ms | lesgoo...
[GAMING/SUR] | YouTube  | [Normal]     | 96%    |   63.6ms | h20!!!...
[GAMING/SUR] | YouTube  | [Normal]     | 94%    |   78.2ms | No way that’s delirious LMAO...
[GAMING/SUR] | YouTube  | [Normal]     | 90%    |   63.4ms | you cant miss that voice...
[PSYCHOLOGY] | YouTube  | [Normal]     | 95%    |   64.1ms | :crying_face:...
[GAMING/SUR] | YouTube  | [Normal]     | 94%    |   52.6ms | 3...
[GAMING/SUR] | YouTube  | [Normal]     | 94%    |   53.4ms | 3...
[GAMING/SUR] | YouTube  | [Normal]     | 94%    |   54.1ms | 1...
[PSYCHOLOGY] | YouTube  | [Normal]     | 95%    |   63.7ms | Julieeeeee~...
[GAMING/SUR] | YouTube  | [Normal]     | 96%    |   71.3ms | is that the original h20 delerious?...
[MUSIC/CHIL] | YouTube  | [Normal]     | 95%    |   62.0ms | .......
[GAMING/SUR] | YouTube  | [Normal]     | 96%    |   53.9ms | lol...
[GAMING/SUR] | YouTube  | [Normal]     | 89%    |   71.4ms | LLOL THE IMMIDIATE GOOP REACTION...
[GAMING/SUR] | YouTube  | [Normal]     | 97%    |   81.1ms | :face-green-smiling::face-green-smiling:...
[GAMING/SUR] | YouTube  | [Normal]     | 93%    |   53.4ms | clip it...
[SELF-HELP/] | YouTube  | [Normal]     | 97%    |   67.0ms | when does the stream start again?...
[GAMING/SUR] | YouTube  | [Normal]     | 88%    |   61.6ms | Loot him...
[GAMING/SUR] | YouTube  | [Normal]     | 95%    |   64.2ms | Lmaooooo...
[GAMING/SUR] | YouTube  | [Normal]     | 94%    |   53.0ms | 1...
[MUSIC/CHIL] | YouTube  | [Normal]     | 94%    |   64.6ms | Suz*...
[GAMING/SUR] | YouTube  | [Normal]     | 94%    |   54.6ms | 10...
[MUSIC/CHIL] | YouTube  | [Normal]     | 98%    |   77.3ms | :rose::musical_notes::cloud:...
[PSYCHOLOGY] | YouTube  | [Normal]     | 93%    |   93.5ms | yo dr k im almost certain that im a lost...
[GAMING/SUR] | YouTube  | [Normal]     | 94%    |   62.4ms | lmfaooooo...
[GAMING/SUR] | YouTube  | [Normal]     | 90%    |   91.6ms | WHHHHHHHHHHHHHHHHHHHHAAAAAAAAAAAT...
[MUSIC/CHIL] | YouTube  | [Normal]     | 95%    |   59.6ms | Na brathuku...
[GAMING/SUR] | YouTube  | [OFFENSIVE]  | 49%    |   62.2ms | RIGGGGEDDDDDDD...
[GAMING/SUR] | YouTube  | [Normal]     | 84%    |   65.9ms | Go all innnnn...
[MUSIC/CHIL] | YouTube  | [Normal]     | 96%    |   92.4ms | Vani busy rhta hu :face_with_hand_over_m...
[GAMING/SUR] | YouTube  | [Normal]     | 95%    |   62.8ms | flap flap flap...
[PSYCHOLOGY] | YouTube  | [Normal]     | 96%    |   72.9ms | guide helped in pick up on cue to keep p...
[GAMING/SUR] | YouTube  | [Normal]     | 89%    |   53.5ms | chase it...
[GAMING/SUR] | YouTube  | [Normal]     | 95%    |   63.1ms | what are you clapping with?...
[GAMING/SUR] | YouTube  | [OFFENSIVE]  | 97%    |  107.2ms | @Leafy-o1n are you always a twat? i know...
[GAMING/SUR] | YouTube  | [Normal]     | 96%    |   58.6ms | I LOVE BLACK JACK...
[GAMING/SUR] | YouTube  | [Normal]     | 96%    |   60.9ms | AHAHAH...
[GAMING/SUR] | YouTube  | [Normal]     | 96%    |   60.8ms | lmao...
[GAMING/SUR] | YouTube  | [Normal]     | 87%    |   52.7ms | ooof...
[GAMING/SUR] | YouTube  | [Normal]     | 96%    |   53.7ms | lol...
[MUSIC/CHIL] | YouTube  | [Normal]     | 96%    |   74.4ms | :grinning_squinting_face:...
[GAMING/SUR] | YouTube  | [Normal]     | 93%    |   57.9ms | get rekt...
[GAMING/SUR] | YouTube  | [Normal]     | 97%    |   58.2ms | top tier!...
[SELF-HELP/] | YouTube  | [Normal]     | 96%    |   61.8ms | Hello dr.k...
[GAMING/SUR] | YouTube  | [Normal]     | 92%    |   62.1ms | hAHAHAHHAHAHA...
[GAMING/SUR] | YouTube  | [HATE]       | 48%    |   57.9ms | dumb and poor...
[PSYCHOLOGY] | YouTube  | [Normal]     | 96%    |  110.0ms | :robot::skull_and_crossbones::skull_and_...
[SELF-HELP/] | YouTube  | [Normal]     | 86%    |   53.5ms | YO...
[PSYCHOLOGY] | YouTube  | [Normal]     | 75%    |   72.7ms | How helpful is this for those who have p...
[GAMING/SUR] | YouTube  | [Normal]     | 95%    |   68.0ms | i knew this would happen with these 2...
[GAMING/SUR] | YouTube  | [Normal]     | 91%    |   54.4ms | W...
[GAMING/SUR] | YouTube  | [Normal]     | 96%    |   82.7ms | lol everyone gonna get on and there will...
[GAMING/SUR] | YouTube  | [Normal]     | 87%    |   52.7ms | Yesss...
[GAMING/SUR] | YouTube  | [HATE]       | 87%    |   55.4ms | CRACKHEAD...
[SELF-HELP/] | YouTube  | [Normal]     | 95%    |   52.6ms | o/...
[GAMING/SUR] | YouTube  | [Normal]     | 97%    |   74.5ms | This stream Brought to your by Kalshi...
[PSYCHOLOGY] | YouTube  | [Normal]     | 96%    |   60.6ms | which ones?...
[SELF-HELP/] | YouTube  | [Normal]     | 82%    |   68.4ms | How are you doing man on the internet...
[SELF-HELP/] | YouTube  | [Normal]     | 95%    |   54.6ms | hellooo...
[GAMING/SUR] | YouTube  | [Normal]     | 95%    |   79.2ms | Waiting for Peanut to tear down the cast...
[PSYCHOLOGY] | YouTube  | [Normal]     | 94%    |  111.3ms | @atomicaxioms which one of your testicle...
[SELF-HELP/] | YouTube  | [Normal]     | 90%    |   60.7ms | Im a sith...
[GAMING/SUR] | YouTube  | [OFFENSIVE]  | 47%    |   58.0ms | sadge nut...
[MUSIC/CHIL] | YouTube  | [Normal]     | 96%    |   63.4ms | Saransh ?...
[MUSIC/CHIL] | YouTube  | [Normal]     | 92%    |   63.5ms | whre u from shikha...
[SELF-HELP/] | YouTube  | [Normal]     | 95%    |   59.0ms | _/\_...
[GAMING/SUR] | YouTube  | [Normal]     | 72%    |   60.1ms | YOU BETTER WIN DUDE...
[GAMING/SUR] | YouTube  | [OFFENSIVE]  | 46%    |   53.2ms | IDIOTS...
[MUSIC/CHIL] | YouTube  | [Normal]     | 97%    |   66.8ms | :card-red-penalty:...
[GAMING/SUR] | YouTube  | [OFFENSIVE]  | 73%    |   65.8ms | HELL YEAH RIP THAT SHIT...
[GAMING/SUR] | YouTube  | [Normal]     | 93%    |   64.9ms | let it riiide...
[MUSIC/CHIL] | YouTube  | [Normal]     | 95%    |   73.2ms | Edaina moham paina adigeyi...
[GAMING/SUR] | YouTube  | [Normal]     | 79%    |   63.6ms | gambling away the family fortune...
[GAMING/SUR] | YouTube  | [Normal]     | 97%    |   73.1ms | Will be trading in there base at this ra...
[GAMING/SUR] | YouTube  | [Normal]     | 93%    |   56.6ms | rofl...
[ENTERTAINM] | YouTube  | [Normal]     | 95%    |   67.3ms | казакстан...
[MUSIC/CHIL] | YouTube  | [Normal]     | 96%    |   62.8ms | Adigeyi apaku...
[SELF-HELP/] | YouTube  | [Normal]     | 98%    |   67.1ms | I'll win the world cup...
[NEWS/LIVE ] | YouTube  | [Normal]     | 95%    |   91.7ms | Apparently IQ can drop twenty points due...
[SELF-HELP/] | YouTube  | [Normal]     | 74%    |   58.7ms | portugal lessgo...
[GAMING/SUR] | YouTube  | [Normal]     | 84%    |   83.1ms | Gambling is bad  okay? Don’t try this at...
[PSYCHOLOGY] | YouTube  | [Normal]     | 96%    |   64.0ms | Did he made these up...
[MUSIC/CHIL] | YouTube  | [Normal]     | 95%    |   52.9ms | Orini...
[GAMING/SUR] | YouTube  | [Normal]     | 88%    |   79.4ms | just go disintegrate a small 2x2...
[ENTERTAINM] | YouTube  | [Normal]     | 91%    |   52.7ms | yo jimmy...
[ENTERTAINM] | YouTube  | [Normal]     | 93%    |   55.1ms | late...
[PSYCHOLOGY] | YouTube  | [Normal]     | 90%    |  104.3ms | You have to be in a decent place mentall...
[GAMING/SUR] | YouTube  | [Normal]     | 45%    |  121.0ms | being sore losers literally ruined the s...
[ENTERTAINM] | YouTube  | [Normal]     | 92%    |   52.7ms | low audio...
[ENTERTAINM] | YouTube  | [OFFENSIVE]  | 47%    |   59.5ms | jimmmyyy...
[SELF-HELP/] | YouTube  | [Normal]     | 98%    |   63.6ms | white and black tantra?...
[SELF-HELP/] | YouTube  | [Normal]     | 96%    |   68.0ms | I'm a sith lord....
[GAMING/GAM] | YouTube  | [Normal]     | 76%    |   96.7ms | Never gonna give you up  never gonna let...
[ENTERTAINM] | YouTube  | [Normal]     | 93%    |   59.9ms | jimyy...
[ENTERTAINM] | YouTube  | [Normal]     | 95%    |   53.1ms | hii...
[GAMING/GAM] | YouTube  | [Normal]     | 88%    |   71.6ms | RAHHHHHHHHHHHHHHHHH...
[NEWS/LIVE ] | YouTube  | [Normal]     | 93%    |   59.1ms | nice try pal...
[ENTERTAINM] | YouTube  | [Normal]     | 95%    |   63.9ms | Portugal vam9s...
[GAMING/GAM] | YouTube  | [Normal]     | 94%    |   63.1ms | Maaark!...
[ENTERTAINM] | YouTube  | [Normal]     | 95%    |   62.1ms | SUBSCRIBEEEEEEEE...
[GAMING/GAM] | YouTube  | [Normal]     | 66%    |   92.6ms | for everyone who already saw iron lung  ...
[GAMING/SUR] | YouTube  | [Normal]     | 96%    |   64.1ms | NEGATIVE ON THAT BIG CHIEF...
[MUSIC/CHIL] | YouTube  | [Normal]     | 95%    |   57.9ms | g chepala...
[MUSIC/CHIL] | YouTube  | [Normal]     | 95%    |   53.5ms | Karma...
[GAMING/GAM] | YouTube  | [Normal]     | 96%    |   61.2ms | Hi Mark!...
[ENTERTAINM] | YouTube  | [Normal]     | 95%    |   73.5ms | hello Mr beast I am your big fan please...
[ENTERTAINM] | YouTube  | [Normal]     | 97%    |   58.2ms | 10k pls...
[ENTERTAINM] | YouTube  | [Normal]     | 95%    |   53.0ms | Congratulations...
[ENTERTAINM] | YouTube  | [Normal]     | 96%    |   57.9ms | YOOIIII...
[ENTERTAINM] | YouTube  | [Normal]     | 98%    |  349.7ms | :hand-pink-waving::hand-pink-waving::han...
[ENTERTAINM] | YouTube  | [Normal]     | 96%    |   61.7ms | Hiiiiii...
[GAMING/GAM] | YouTube  | [Normal]     | 91%    |   52.5ms | HEY...
[GAMING/SUR] | YouTube  | [Normal]     | 93%    |   64.7ms | LUT THE CLOTHES THING ON...
[MUSIC/CHIL] | YouTube  | [Normal]     | 95%    |   64.4ms | oye!!!...
[ENTERTAINM] | YouTube  | [Normal]     | 98%    |  203.6ms | :text-green-game-over::text-green-game-o...
[ENTERTAINM] | YouTube  | [Normal]     | 95%    |   67.1ms | Hello Джимми...
[SELF-HELP/] | YouTube  | [Normal]     | 96%    |   56.0ms | hmmm...
[GAMING/GAM] | YouTube  | [Normal]     | 95%    |   52.6ms | Hiiii...
[GAMING/GAM] | YouTube  | [Normal]     | 96%    |   57.5ms | Hiiiiii...
[GAMING/GAM] | YouTube  | [Normal]     | 96%    |   65.0ms | hi mark!!!...
[GAMING/SUR] | YouTube  | [Normal]     | 96%    |   73.2ms | poker night might be broadcast to the wh...
[GAMING/GAM] | YouTube  | [Normal]     | 96%    |   58.1ms | HIII MARK...
[ENTERTAINM] | YouTube  | [Normal]     | 93%    |   54.5ms | gg...
[GAMING/GAM] | YouTube  | [Normal]     | 97%    |   67.6ms | yay i love this game!!...
[ENTERTAINM] | YouTube  | [Normal]     | 94%    |   51.9ms | Hi...
[GAMING/GAM] | YouTube  | [Normal]     | 49%    |   59.0ms | yipeeeee...
[MUSIC/CHIL] | YouTube  | [Normal]     | 96%    |   88.5ms | andar pettandi req :hugging_face:1k foll...
[ENTERTAINM] | YouTube  | [Normal]     | 95%    |   64.4ms | Is this your first live...
[GAMING/GAM] | YouTube  | [Normal]     | 95%    |   66.8ms | alright im the best at this game...
[PSYCHOLOGY] | YouTube  | [Normal]     | 92%    |   65.2ms | storage is very expensive now...
[MUSIC/CHIL] | YouTube  | [Normal]     | 94%    |   80.9ms | reacg :face_with_tears_of_joy:...
[GAMING/GAM] | YouTube  | [Normal]     | 93%    |   63.9ms | W W W W W...
[ENTERTAINM] | YouTube  | [Normal]     | 95%    |   63.9ms | Wassuppppp...
[MUSIC/CHIL] | YouTube  | [Normal]     | 98%    |   96.7ms | okay halinkan tc bye :smiling_face_with_...
[GAMING/GAM] | YouTube  | [Normal]     | 96%    |   56.5ms | hi!...
[ENTERTAINM] | YouTube  | [Normal]     | 94%    |   53.0ms | hi...
[ENTERTAINM] | YouTube  | [Normal]     | 96%    |   65.5ms | hola desde Colombia...
[ENTERTAINM] | YouTube  | [Normal]     | 97%    |   58.6ms | hello jimmy :)...
[PSYCHOLOGY] | YouTube  | [Normal]     | 97%    |   63.0ms | Dr. K needs a NAS...
[GAMING/GAM] | YouTube  | [Normal]     | 95%    |   53.5ms | hello...
[ENTERTAINM] | YouTube  | [Normal]     | 91%    |   52.5ms | w...
[GAMING/GAM] | YouTube  | [Normal]     | 94%    |   72.0ms | Yay mark!!!!!!!...
[GAMING/GAM] | YouTube  | [Normal]     | 95%    |   87.3ms | Is that the creator of the number one mo...
[SELF-HELP/] | YouTube  | [Normal]     | 96%    |   63.4ms | achchha...
[PSYCHOLOGY] | YouTube  | [Normal]     | 93%    |   52.4ms | nah...
[ENTERTAINM] | YouTube  | [Normal]     | 93%    |   64.0ms | ineed a laptop...
[GAMING/GAM] | YouTube  | [Normal]     | 95%    |   64.1ms | Loved the movie! Damn good job Mark...
[ENTERTAINM] | YouTube  | [Normal]     | 96%    |   55.3ms | yayaya...
[GAMING/SUR] | YouTube  | [Normal]     | 94%    |   54.7ms | we need more doors...
[ENTERTAINM] | YouTube  | [Normal]     | 90%    |   50.5ms | มีคนไทยไหมม...
[ENTERTAINM] | YouTube  | [Normal]     | 91%    |   58.3ms | yooooooooooo...
[GAMING/GAM] | YouTube  | [Normal]     | 94%    |   48.8ms | L ads...
[ENTERTAINM] | YouTube  | [Normal]     | 96%    |   60.9ms | 500million congratulations brother...
[ENTERTAINM] | YouTube  | [Normal]     | 86%    |   47.3ms | Yo...
[ENTERTAINM] | YouTube  | [Normal]     | 96%    |   86.0ms | ЧЕЛ ГОВОРИ ПО РУССКИ...
[GAMING/GAM] | YouTube  | [Normal]     | 97%    |   66.7ms | i watched it TWICE in one week...
[ENTERTAINM] | YouTube  | [Normal]     | 96%    |  102.8ms | I think y'all do it....but I've been sub...
[GAMING/GAM] | YouTube  | [Normal]     | 91%    |   52.4ms | w...
[GAMING/GAM] | YouTube  | [Normal]     | 96%    |   49.6ms | hi br...
[GAMING/GAM] | YouTube  | [Normal]     | 91%    |   64.4ms | OHHHH YEAAAHHHHH...
[GAMING/GAM] | YouTube  | [Normal]     | 94%    |   58.0ms | YES!!!...
[ENTERTAINM] | YouTube  | [Normal]     | 94%    |   48.0ms | hi...
[ENTERTAINM] | YouTube  | [Normal]     | 96%    |   56.6ms | hello sirrrr...
[ENTERTAINM] | YouTube  | [Normal]     | 93%    |   47.5ms | yes...
[GAMING/GAM] | YouTube  | [Normal]     | 95%    |   55.3ms | congratulations!!!...
[ENTERTAINM] | YouTube  | [OFFENSIVE]  | 57%    |   67.3ms | letssss goooo...
[MUSIC/CHIL] | YouTube  | [Normal]     | 95%    |  141.5ms | @Tradexlav hi   how are you ? :backhand_...
[ENTERTAINM] | YouTube  | [Normal]     | 96%    |   54.8ms | aaaaaa...
[ENTERTAINM] | YouTube  | [Normal]     | 90%    |   50.0ms | india brother...
[GAMING/GAM] | YouTube  | [Normal]     | 97%    |  163.8ms | Mark  you are an incredible entertainer ...
[GAMING/GAM] | YouTube  | [Normal]     | 96%    |   88.2ms | im going to watch it for the 3rd time in...
[GAMING/SUR] | YouTube  | [Normal]     | 95%    |   96.3ms | Gingy is having a nightmare of this situ...
[GAMING/GAM] | YouTube  | [Normal]     | 94%    |  149.7ms | Mark  question  I know you just finished...
[GAMING/GAM] | YouTube  | [Normal]     | 96%    |   48.6ms | LOL...
[MUSIC/CHIL] | YouTube  | [Normal]     | 98%    |   60.4ms | :musical_notes:...
[GAMING/GAM] | YouTube  | [Normal]     | 96%    |   58.5ms | :_markiBING:...
[ENTERTAINM] | YouTube  | [Normal]     | 89%    |   75.5ms | Pinche prankedy...
[ENTERTAINM] | YouTube  | [Normal]     | 97%    |   58.6ms | Hiiiii...
[GAMING/GAM] | YouTube  | [Normal]     | 82%    |   53.2ms | Mr Lung...
[GAMING/SUR] | YouTube  | [Normal]     | 91%    |   78.9ms | Peanuts gonna make his whole team lose b...
[GAMING/GAM] | YouTube  | [Normal]     | 97%    |   63.6ms | I played the game today...
[GAMING/GAM] | YouTube  | [Normal]     | 94%    |   60.6ms | such a good movie...
[GAMING/GAM] | YouTube  | [Normal]     | 96%    |   59.0ms | iron lung was amazing...
[GAMING/GAM] | YouTube  | [Normal]     | 78%    |   80.9ms | MARKKKK!!!!! CONGRATS!!!...
[GAMING/SUR] | YouTube  | [Normal]     | 94%    |   72.8ms | For got to close!!!!!...
[GAMING/GAM] | YouTube  | [Normal]     | 93%    |   52.9ms | W MOVIE...
[GAMING/GAM] | YouTube  | [Normal]     | 97%    |   97.1ms | Great job  Markimoo! You deserve all the...
[GAMING/GAM] | YouTube  | [Normal]     | 96%    |   61.7ms | CONGRATS MARK!!...
[GAMING/GAM] | YouTube  | [Normal]     | 95%    |   68.2ms | Hello Mark from Bulgaria how is the day...
[GAMING/GAM] | YouTube  | [Normal]     | 93%    |   52.5ms | facts...
[NEWS/LIVE ] | YouTube  | [Normal]     | 77%    |   68.0ms | Shoutout to every American in the chat...
[GAMING/GAM] | YouTube  | [Normal]     | 97%    |   59.0ms | Welcome New Member!...
[GAMING/GAM] | YouTube  | [Normal]     | 87%    |   92.4ms | I wish I could see it  but I'm so proud ...
[ENTERTAINM] | YouTube  | [Normal]     | 94%    |   52.7ms | hi...
[MUSIC/CHIL] | YouTube  | [Normal]     | 62%    |   62.3ms | evadi deggeraaa...
[ENTERTAINM] | YouTube  | [Normal]     | 94%    |   67.8ms | m New subscriber...
[GAMING/GAM] | YouTube  | [Normal]     | 93%    |   53.4ms | lighthouse...
[GAMING/GAM] | YouTube  | [Normal]     | 95%    |   53.0ms | AIRPLANE...
[GAMING/GAM] | YouTube  | [Normal]     | 97%    |   60.4ms | airplane!!!...
[GAMING/GAM] | YouTube  | [Normal]     | 91%    |   53.0ms | airplanee...
[ENTERTAINM] | YouTube  | [Normal]     | 94%    |   63.2ms | Türkiye...
[GAMING/GAM] | YouTube  | [Normal]     | 93%    |   51.6ms | office...
[GAMING/GAM] | YouTube  | [Normal]     | 95%    |   51.8ms | Ranch...
[MUSIC/CHIL] | YouTube  | [Normal]     | 97%    |   96.2ms | great...mai isliye puchi ki yha sab le j...
[GAMING/GAM] | YouTube  | [Normal]     | 95%    |   57.2ms | airplane...
[GAMING/GAM] | YouTube  | [Normal]     | 93%    |   52.2ms | lighthouse...
[ENTERTAINM] | YouTube  | [Normal]     | 95%    |   54.3ms | beta...
[MUSIC/CHIL] | YouTube  | [Normal]     | 96%    |   87.0ms | Na deggara 10 rupees unnai mall ki vella...
[GAMING/GAM] | YouTube  | [Normal]     | 91%    |   52.6ms | AIRPLANEE...
[GAMING/SUR] | YouTube  | [Normal]     | 91%    |   56.6ms | poker...
[ENTERTAINM] | YouTube  | [Normal]     | 90%    |   77.5ms | HELLOOOOOOOOOOOOOOOOOOOO...
[GAMING/SUR] | YouTube  | [Normal]     | 81%    |   54.3ms | THEN QUIT...
[GAMING/SUR] | YouTube  | [Normal]     | 95%    |   54.0ms | SLOTS...
[SPORTS/PEN] | YouTube  | [Normal]     | 92%    |   67.3ms | bros thanking the entire population...
[GAMING/GAM] | YouTube  | [Normal]     | 94%    |   63.7ms | air PLANNEEEEEEE...
[PSYCHOLOGY] | YouTube  | [Normal]     | 84%    |   62.6ms | The world is animus possessed...
[ENTERTAINM] | YouTube  | [Normal]     | 95%    |   61.6ms | mr beast pls 1$...
[GAMING/SUR] | YouTube  | [Normal]     | 93%    |   58.2ms | DEALER Resets...
[PSYCHOLOGY] | YouTube  | [Normal]     | 93%    |   62.2ms | Back Pill is forever...
[GAMING/GAM] | YouTube  | [Normal]     | 93%    |   54.1ms | lighthouse...
[GAMING/GAM] | YouTube  | [Normal]     | 96%    |   72.9ms | there's only lighthouse in my chat mark...
[GAMING/SUR] | YouTube  | [Normal]     | 92%    |   62.8ms | PLAY THE WHEEL...
[GAMING/GAM] | YouTube  | [Normal]     | 95%    |   97.0ms | Markiplier there's a game that I would l...
[GAMING/GAM] | YouTube  | [Normal]     | 93%    |   62.0ms | LIGHTHOUSE...
[ENTERTAINM] | YouTube  | [Normal]     | 97%    |  128.4ms | Congratulation:growing_heart: for reachi...
[ENTERTAINM] | YouTube  | [Normal]     | 98%    |  171.2ms | :rocket-red-countdown-liftoff::rocket-re...
[GAMING/GAM] | YouTube  | [Normal]     | 89%    |   64.0ms | hell yeah light is winning...
[GAMING/GAM] | YouTube  | [Normal]     | 95%    |   61.4ms | Hi from Canada!...
[ENTERTAINM] | YouTube  | [Normal]     | 94%    |   52.6ms | Hi...
[ENTERTAINM] | YouTube  | [Normal]     | 94%    |   54.8ms | nice...
[ENTERTAINM] | YouTube  | [Normal]     | 96%    |   61.3ms | i love Mr beast...
[ENTERTAINM] | YouTube  | [Normal]     | 89%    |   64.3ms | what is your real name...
[GAMING/GAM] | YouTube  | [Normal]     | 96%    |   54.3ms | Hi Mark...
[GAMING/GAM] | YouTube  | [Normal]     | 91%    |   84.0ms | pLEAAASEE AAGGHHH AIRPLAAANNNUHHH...
[GAMING/GAM] | YouTube  | [Normal]     | 95%    |   77.9ms | Just saw Iron Lung in Czechia... genuine...
[ENTERTAINM] | YouTube  | [Normal]     | 91%    |   52.8ms | mr beast...
[ENTERTAINM] | YouTube  | [Normal]     | 94%    |   54.3ms | Cek...
[GAMING/SUR] | YouTube  | [Normal]     | 49%    |   69.1ms | You guys are terrible gamblers lol...
[ENTERTAINM] | YouTube  | [Normal]     | 91%    |   76.9ms | @andersondeoliveira2024 - SEGUE...
[GAMING/GAM] | YouTube  | [Normal]     | 95%    |   53.1ms | airplane...
[GAMING/GAM] | YouTube  | [Normal]     | 96%    |   73.1ms | its like watching your movie and ramis l...
[GAMING/GAM] | YouTube  | [Normal]     | 95%    |   52.2ms | hello...
[GAMING/GAM] | YouTube  | [Normal]     | 81%    |   62.9ms | ITS THE LUNG GUY...
[GAMING/GAM] | YouTube  | [Normal]     | 97%    |   77.3ms | MARK PLAY ON AIRPLNE AND MY LIFE IS YOUR...
[MUSIC/CHIL] | YouTube  | [Normal]     | 97%    |   88.0ms | trade dusri job dhundrii previous job ch...
[ENTERTAINM] | YouTube  | [Normal]     | 92%    |   75.3ms | THE:goat-turquoise-white-horns:...
[GAMING/GAM] | YouTube  | [Normal]     | 97%    |   58.2ms | Welcome to Member!...
[GAMING/GAM] | YouTube  | [Normal]     | 93%    |   54.5ms | BRAZIL PLEASE...
[ENTERTAINM] | YouTube  | [Normal]     | 92%    |   53.7ms | Paraguay...
[ENTERTAINM] | YouTube  | [Normal]     | 96%    |  249.7ms | bro please tell my name :loudly_crying_f...
[ENTERTAINM] | YouTube  | [Normal]     | 94%    |   63.9ms | everyone unsubscribe...
[ENTERTAINM] | YouTube  | [Normal]     | 93%    |   57.7ms | oh my god...
[GAMING/GAM] | YouTube  | [Normal]     | 94%    |   61.4ms | PORTUGALLLLL...
[GAMING/GAM] | YouTube  | [Normal]     | 95%    |   52.5ms | mark...
[ENTERTAINM] | YouTube  | [Normal]     | 96%    |   62.5ms | please reply me frome Bangladesh...
[GAMING/GAM] | YouTube  | [Normal]     | 97%    |   92.6ms | I saw it yesterday  and it was awesome! ...
[GAMING/GAM] | YouTube  | [Normal]     | 36%    |  122.1ms | If only there could be more of them in Q...
[GAMING/SUR] | YouTube  | [Normal]     | 87%    |   64.5ms | someone get this man a card...
[ENTERTAINM] | YouTube  | [Normal]     | 94%    |   55.0ms | 1...
[ENTERTAINM] | YouTube  | [Normal]     | 94%    |   56.0ms | 1...
[ENTERTAINM] | YouTube  | [Normal]     | 94%    |   58.5ms | 1...
[ENTERTAINM] | YouTube  | [Normal]     | 94%    |   51.9ms | 1...
[GAMING/GAM] | YouTube  | [Normal]     | 95%    |   73.1ms | Iron Lung was a 50 or more out of 10...
[GAMING/GAM] | YouTube  | [Normal]     | 95%    |   64.3ms | heyyyy mark...
[GAMING/SUR] | YouTube  | [Normal]     | 88%    |   81.0ms | BRO STOOD ON A 12 WTF HOW DOES PEANUT GA...
[GAMING/SUR] | YouTube  | [Normal]     | 87%    |   55.3ms | NO...
[GAMING/GAM] | YouTube  | [Normal]     | 89%    |   53.4ms | potato...
[GAMING/SUR] | YouTube  | [Normal]     | 62%    |   67.7ms | YOU WOULD BUST ON 18 THATS WHY...
[NEWS/LIVE ] | YouTube  | [Normal]     | 85%    |   76.8ms | Luigi we need you there are a lot of vil...
[GAMING/SUR] | YouTube  | [Normal]     | 87%    |   54.6ms | no...
[GAMING/GAM] | YouTube  | [Normal]     | 88%    |   68.4ms | YOOOOOOOOOOOOOOO...
[MUSIC/CHIL] | YouTube  | [Normal]     | 96%    |  146.1ms | @Dude-23zx m good thanks :backhand_index...
[GAMING/GAM] | YouTube  | [Normal]     | 98%    |   71.9ms | aeroplane :airplane_departure::airplane:...
[GAMING/SUR] | YouTube  | [Normal]     | 95%    |   55.2ms | Always hit...
[ENTERTAINM] | YouTube  | [Normal]     | 95%    |   52.8ms | Hii...
[ENTERTAINM] | YouTube  | [Normal]     | 95%    |   56.2ms | telugu...
[GAMING/GAM] | YouTube  | [Normal]     | 92%    |   99.5ms | Play Paranormal Inc and maybe collaborat...
[ENTERTAINM] | YouTube  | [Normal]     | 94%    |   52.7ms | 1...
[NEWS/LIVE ] | YouTube  | [Normal]     | 89%    |   69.3ms | No  Luigi is in jail lol...
[GAMING/GAM] | YouTube  | [Normal]     | 92%    |   69.2ms | LIXIAN CAN FINALLY SEE THE MOVIE...
[ENTERTAINM] | YouTube  | [Normal]     | 94%    |   52.4ms | 1...
[ENTERTAINM] | YouTube  | [Normal]     | 97%    |   69.8ms | :new_moon_face:...
[ENTERTAINM] | YouTube  | [Normal]     | 84%    |   91.3ms | yoooooooooooooooooooo...
[MUSIC/CHIL] | YouTube  | [Normal]     | 95%    |   85.5ms | ce mare a crescut I...
[GAMING/GAM] | YouTube  | [Normal]     | 95%    |   79.0ms | watched the movie twice! want to see it ...
[ENTERTAINM] | YouTube  | [Normal]     | 98%    |  171.7ms | :heart_with_ribbon::heart_with_ribbon::h...
[GAMING/GAM] | YouTube  | [Normal]     | 96%    |   59.1ms | yall vote airplane...
[MUSIC/CHIL] | YouTube  | [Normal]     | 92%    |   60.7ms | ha kyu...
[GAMING/GAM] | YouTube  | [Normal]     | 80%    |   64.7ms | too many big words...
[ENTERTAINM] | YouTube  | [Normal]     | 96%    |   53.3ms | New member...
[GAMING/SUR] | YouTube  | [Normal]     | 86%    |   58.0ms | looose...
[GAMING/SUR] | YouTube  | [Normal]     | 95%    |   56.9ms | HIT...
[GAMING/GAM] | YouTube  | [Normal]     | 94%    |   68.2ms | Italy no?:crying_face:...
[PSYCHOLOGY] | YouTube  | [Normal]     | 93%    |   58.7ms | ohhhhhh...
[GAMING/GAM] | YouTube  | [Normal]     | 95%    |   58.9ms | marklipleri...
[MUSIC/CHIL] | YouTube  | [Normal]     | 96%    |   70.5ms | Sab Mera hi gf hai...
[GAMING/GAM] | YouTube  | [Normal]     | 93%    |   83.9ms | I cant wait to see IRON LUNG!!! : D...
[GAMING/GAM] | YouTube  | [Normal]     | 94%    |  102.0ms | When I was watching the movie it buffere...
[ENTERTAINM] | YouTube  | [Normal]     | 94%    |   52.4ms | hi...
[ENTERTAINM] | YouTube  | [Normal]     | 96%    |   69.6ms | Mr beast can you see my chat?...
[GAMING/GAM] | YouTube  | [Normal]     | 89%    |   93.8ms | in my theater it sounded like it was com...
[GAMING/SUR] | YouTube  | [Normal]     | 95%    |   56.7ms | 500...
[GAMING/GAM] | YouTube  | [OFFENSIVE]  | 57%    |   76.6ms | THE FAULT LIES WITTH YOU  SEND HELP!!!...
[GAMING/GAM] | YouTube  | [Normal]     | 97%    |   73.0ms | when do we get the dates for portugal?...
[GAMING/SUR] | YouTube  | [Normal]     | 84%    |   51.9ms | rigged...
[GAMING/SUR] | YouTube  | [Normal]     | 96%    |   67.6ms | 500 on 1 on the wheel trust...
[GAMING/SUR] | YouTube  | [Normal]     | 96%    |   61.1ms | house always wins...
[GAMING/SUR] | YouTube  | [Normal]     | 64%    |   64.1ms | kids  don't gamble...
[GAMING/GAM] | YouTube  | [Normal]     | 96%    |   90.4ms | in my theatre I could hear whispers with...
[GAMING/GAM] | YouTube  | [Normal]     | 95%    |   57.6ms | lighthouse plss...
[GAMING/SUR] | YouTube  | [Normal]     | 96%    |   65.6ms | Max betttttt...
[GAMING/SUR] | YouTube  | [Normal]     | 92%    |   52.9ms | smaller bets...
[ENTERTAINM] | YouTube  | [Normal]     | 95%    |   67.9ms | pls give me a fortuner...
[NEWS/LIVE ] | YouTube  | [Normal]     | 75%    |   80.0ms | I won't go hungry i.ll start stealing...
[GAMING/GAM] | YouTube  | [Normal]     | 97%    |   59.1ms | Welcome New Member!...
[GAMING/GAM] | YouTube  | [Normal]     | 97%    |   64.1ms | how long been streaming?...
[GAMING/GAM] | YouTube  | [Normal]     | 96%    |  159.1ms | go to the movie  it is sooo good and is ...
[ENTERTAINM] | YouTube  | [Normal]     | 94%    |   56.8ms | hi...
[GAMING/SUR] | YouTube  | [Normal]     | 96%    |   64.6ms | mAXXXXXXXXX...
[GAMING/GAM] | YouTube  | [Normal]     | 94%    |   53.0ms | Hey Mark...
[GAMING/GAM] | YouTube  | [Normal]     | 97%    |   80.0ms | Iron Lung was amazing dude  great work m...
[ENTERTAINM] | YouTube  | [Normal]     | 94%    |   52.1ms | Ghana...
[GAMING/GAM] | YouTube  | [Normal]     | 88%    |   81.2ms | Mark stop being so sad when you make mov...
[GAMING/GAM] | YouTube  | [Normal]     | 96%    |  104.1ms | dude i accidentally stumbled upon this v...
[GAMING/GAM] | YouTube  | [Normal]     | 92%    |  144.3ms | I had the issue with the sound. :disappo...
[GAMING/GAM] | YouTube  | [Normal]     | 72%    |   59.3ms | THEIR IN THE WALLS...
[ENTERTAINM] | YouTube  | [Normal]     | 94%    |   61.2ms | ishowspeed...
[GAMING/GAM] | YouTube  | [Normal]     | 98%    |   73.9ms | :fish-orange-wide-eyes:...
[MUSIC/CHIL] | YouTube  | [Normal]     | 98%    |  105.1ms | :smiling_face_with_halo::green_heart::he...
[GAMING/SUR] | YouTube  | [Normal]     | 95%    |   80.7ms | did no neck Nick and toupee Tim uninstal...
[ENTERTAINM] | YouTube  | [Normal]     | 94%    |   66.4ms | me im from Bangladesh...
[GAMING/GAM] | YouTube  | [Normal]     | 94%    |  102.8ms | that makes a lot of sense; I was wonderi...
[ENTERTAINM] | YouTube  | [Normal]     | 96%    |   59.1ms | the first video...
[NEWS/LIVE ] | YouTube  | [Normal]     | 82%    |   53.1ms | Get out...
[GAMING/GAM] | YouTube  | [Normal]     | 52%    |   66.3ms | AIRPLANE GUYSSSSSS...
[GAMING/SUR] | YouTube  | [Normal]     | 95%    |   52.7ms | All in...
[GAMING/GAM] | YouTube  | [Normal]     | 94%    |   65.2ms | I think Lighthouse has won...
[GAMING/SUR] | YouTube  | [Normal]     | 82%    |   82.9ms | mean while back at base the doors where ...
[ENTERTAINM] | YouTube  | [Normal]     | 96%    |   58.6ms | subcribe!...
[GAMING/GAM] | YouTube  | [Normal]     | 95%    |   60.2ms | Come on please airplane...
[GAMING/GAM] | YouTube  | [Normal]     | 96%    |   92.4ms | Hey Mark :smiling_face_with_sunglasses::...
[GAMING/GAM] | YouTube  | [Normal]     | 96%    |   57.7ms | CLUTCH UP AIRPLANE...
[GAMING/GAM] | YouTube  | [Normal]     | 97%    |  102.7ms | We saw your movie last weekend! All the ...
[GAMING/GAM] | YouTube  | [Normal]     | 94%    |   84.8ms | dude that was literally by biggest criti...
[GAMING/GAM] | YouTube  | [Normal]     | 61%    |   62.3ms | that's such a shame...
[GAMING/GAM] | YouTube  | [Normal]     | 94%    |  106.4ms | :red_question_mark:will iron lung come t...
[GAMING/GAM] | YouTube  | [Normal]     | 80%    |   57.7ms | yas brad...
[GAMING/GAM] | YouTube  | [Normal]     | 97%    |   92.5ms | We should be getting the 7.1 version on ...
[ENTERTAINM] | YouTube  | [Normal]     | 92%    |   77.5ms | aaaəə mr beast iphone 15 plsssssss...
[ENTERTAINM] | YouTube  | [Normal]     | 93%    |   57.7ms | hello mr beast...
[ENTERTAINM] | YouTube  | [Normal]     | 93%    |   64.3ms | watch your 200M video🇧...
[ENTERTAINM] | YouTube  | [Normal]     | 97%    |  143.1ms | It all feels so much fun and I've been f...
[GAMING/GAM] | YouTube  | [Normal]     | 84%    |   85.5ms | Are you ever going to play the new "mine...
[GAMING/SUR] | YouTube  | [Normal]     | 89%    |   78.0ms | peanut you are no longer allowed to make...
[MUSIC/CHIL] | YouTube  | [Normal]     | 97%    |  189.9ms | mohit kon kehta hey being single is sad ...
[GAMING/GAM] | YouTube  | [Normal]     | 93%    |   54.4ms | bass boosted...
[ENTERTAINM] | YouTube  | [Normal]     | 96%    |   52.5ms | First video...
[GAMING/GAM] | YouTube  | [Normal]     | 94%    |   92.0ms | Saw iron lung Monday night it was the be...
[GAMING/SUR] | YouTube  | [Normal]     | 96%    |   56.5ms | masterclass...
[ENTERTAINM] | YouTube  | [Normal]     | 95%    |   59.4ms | this is my channel...
[GAMING/SUR] | YouTube  | [Normal]     | 96%    |   55.4ms | PLAY ARC...
[ENTERTAINM] | YouTube  | [Normal]     | 96%    |   57.0ms | Hello Jimmy...
[GAMING/GAM] | YouTube  | [OFFENSIVE]  | 44%    |   59.1ms | Airplane ganggggg...
[GAMING/SUR] | YouTube  | [Normal]     | 95%    |   57.9ms | well well well...
[GAMING/SUR] | YouTube  | [Normal]     | 94%    |   62.1ms | weeeeeeeeeelp...
[GAMING/GAM] | YouTube  | [Normal]     | 92%    |   88.4ms | PICK AIRPLAIN GUYS TIE IT UP TIE THE VOT...
[GAMING/SUR] | YouTube  | [Normal]     | 80%    |   73.4ms | its hard out here for a scrapper...
[ENTERTAINM] | YouTube  | [Normal]     | 95%    |   58.1ms | im form Indonesia...
[GAMING/SUR] | YouTube  | [Normal]     | 97%    |   67.2ms | RAHHHHH ARC ARC ARC...
[GAMING/GAM] | YouTube  | [Normal]     | 91%    |   60.9ms | LOCK IN AIRPLANE...
[PSYCHOLOGY] | YouTube  | [Normal]     | 93%    |  102.4ms | @majoraman6477 I wonder how much more he...
[ENTERTAINM] | YouTube  | [Normal]     | 97%    |   71.2ms | hi bro :hugging_face:...
[GAMING/SUR] | YouTube  | [Normal]     | 97%    |   68.5ms | LOL H2o is there!...
[MUSIC/CHIL] | YouTube  | [Normal]     | 98%    |  203.7ms | :person-turqouise-waving::person-turqoui...
[GAMING/SUR] | YouTube  | [Normal]     | 98%    |  253.9ms | :goat-turquoise-white-horns::hand-purple...
[ENTERTAINM] | YouTube  | [Normal]     | 89%    |   53.4ms | helo...
[ENTERTAINM] | YouTube  | [Normal]     | 97%    |   75.0ms | 69 hours live :loudly_crying_face:...
[GAMING/GAM] | YouTube  | [Normal]     | 57%    |  101.0ms | I hope i can see the movie sometime! it ...
[GAMING/GAM] | YouTube  | [Normal]     | 95%    |   52.1ms | Airplane...
[ENTERTAINM] | YouTube  | [Normal]     | 95%    |   58.3ms | mahahaha...
[GAMING/GAM] | YouTube  | [Normal]     | 96%    |   96.7ms | I think my theater had some issues with ...
[PSYCHOLOGY] | YouTube  | [Normal]     | 95%    |   58.1ms | 8008!...
[GAMING/SUR] | YouTube  | [Normal]     | 96%    |   52.9ms | arc...
[GAMING/GAM] | YouTube  | [Normal]     | 97%    |  174.0ms | Hey Mark  just wanted to share that your...
[GAMING/GAM] | YouTube  | [Normal]     | 95%    |  100.0ms | Hey guys let’s keep the comments on topi...
[GAMING/SUR] | YouTube  | [Normal]     | 94%    |   65.1ms | Ask h20 for it...
[NEWS/LIVE ] | YouTube  | [Normal]     | 43%    |   81.2ms | They want blood from us who aren't vaxxe...
[ENTERTAINM] | YouTube  | [Normal]     | 95%    |   68.5ms | dayum you've grown so much...
[ENTERTAINM] | YouTube  | [Normal]     | 95%    |   56.0ms | Hello...
[GAMING/GAM] | YouTube  | [Normal]     | 98%    |   67.9ms | :trophy-yellow-smiling:...
[ENTERTAINM] | YouTube  | [Normal]     | 96%    |   58.4ms | Giveaways please...
[ENTERTAINM] | YouTube  | [Normal]     | 97%    |   74.0ms | salam Azerbaycanli var?...
[ENTERTAINM] | YouTube  | [Normal]     | 95%    |   57.8ms | Hello...
[ENTERTAINM] | YouTube  | [Normal]     | 96%    |   77.3ms | 500 mil. that's...something!...
[ENTERTAINM] | YouTube  | [Normal]     | 74%    |   52.4ms | Gooo...
[ENTERTAINM] | YouTube  | [Normal]     | 96%    |   57.7ms | :mosque:...
[ENTERTAINM] | YouTube  | [Normal]     | 96%    |   62.8ms | l am Your big fan...
[ENTERTAINM] | YouTube  | [Normal]     | 94%    |   58.4ms | hi Mr beast...
[ENTERTAINM] | YouTube  | [Normal]     | 87%    |   67.6ms | smile or not haha...
[ENTERTAINM] | YouTube  | [Normal]     | 97%    |   59.3ms | Welcome New Member!...
[GAMING/SUR] | YouTube  | [Normal]     | 91%    |   68.8ms | by the gods!!!...
[GAMING/GAM] | YouTube  | [Normal]     | 94%    |   61.8ms | #1 #1 #1...
[ENTERTAINM] | YouTube  | [Normal]     | 94%    |   59.4ms | big fan mr beast...
[PSYCHOLOGY] | YouTube  | [Normal]     | 96%    |   74.7ms | :loudly_crying_face: gurus...
[GAMING/GAM] | YouTube  | [Normal]     | 93%    |   53.7ms | LIGHTHOUSE...
[ENTERTAINM] | YouTube  | [Normal]     | 86%    |   57.3ms | yo...
[ENTERTAINM] | YouTube  | [Normal]     | 94%    |   87.4ms | hey jimmy congratulation for 500M subscr...
[GAMING/GAM] | YouTube  | [Normal]     | 90%    |   58.5ms | YESSSS...
[GAMING/SUR] | YouTube  | [Normal]     | 95%    |   54.7ms | gotem...
[ENTERTAINM] | YouTube  | [Normal]     | 98%    |  171.2ms | :face-blue-smiling::face-blue-smiling::f...
[GAMING/GAM] | YouTube  | [Normal]     | 96%    |   91.2ms | :partying_face::partying_face::partying_...
[MUSIC/CHIL] | YouTube  | [Normal]     | 95%    |   64.5ms | ........
[GAMING/GAM] | YouTube  | [Normal]     | 94%    |   56.0ms | Rip...
[ENTERTAINM] | YouTube  | [Normal]     | 96%    |  201.8ms | :cowboy_hat_face::cowboy_hat_face::cowbo...
[GAMING/GAM] | YouTube  | [Normal]     | 83%    |  116.5ms | OMG Hi Mark I'm so exited to see Iron Lu...
[GAMING/GAM] | YouTube  | [Normal]     | 96%    |   70.9ms | GOOD LUCK!!!!!!!!...
[GAMING/GAM] | YouTube  | [Normal]     | 89%    |   69.7ms | chicken head Mark returns...
[GAMING/SUR] | YouTube  | [Normal]     | 94%    |   54.4ms | Dude...
[ENTERTAINM] | YouTube  | [Normal]     | 96%    |   77.8ms | чат остановись...
[GAMING/GAM] | YouTube  | [Normal]     | 96%    |  111.9ms | i cant help but to think how a movie wit...
[GAMING/GAM] | YouTube  | [Normal]     | 94%    |   66.9ms | EEEEEEEEEEEEEEEE...
[MUSIC/CHIL] | YouTube  | [Normal]     | 98%    |   92.2ms | :hand-pink-waving:I'l take leave nw  bye...
[SELF-HELP/] | YouTube  | [Normal]     | 86%    |   77.3ms | if they would try that the expect to get...
[ENTERTAINM] | YouTube  | [Normal]     | 93%    |   52.7ms | omg...
[GAMING/GAM] | YouTube  | [Normal]     | 79%    |   58.3ms | spooky...
[GAMING/GAM] | YouTube  | [Normal]     | 97%    |   62.4ms | Going to Tupelo!...
[ENTERTAINM] | YouTube  | [Normal]     | 97%    |  168.4ms | :orange_square::orange_square::orange_sq...
[ENTERTAINM] | YouTube  | [Normal]     | 97%    |   59.2ms | 10 000 dollar gift...
[GAMING/SUR] | YouTube  | [Normal]     | 95%    |   58.5ms | All in on green...
[ENTERTAINM] | YouTube  | [Normal]     | 89%    |   62.4ms | can you come to sri  lanka...
[GAMING/GAM] | YouTube  | [Normal]     | 87%    |  107.1ms | markiplier pls do a dvd release of iron ...
[GAMING/SUR] | YouTube  | [OFFENSIVE]  | 71%    |   61.9ms | best shit ive ever seen...
[MUSIC/CHIL] | YouTube  | [Normal]     | 98%    |   71.3ms | :face-turquoise-music-note:....
[GAMING/SUR] | YouTube  | [Normal]     | 94%    |   57.8ms | Any old scrap...
[MUSIC/CHIL] | YouTube  | [Normal]     | 87%    |   78.5ms | aaron fechter people holding butter knif...
[SPORTS/FOO] | YouTube  | [Normal]     | 92%    |   58.8ms | Japan is the winner...
[SELF-HELP/] | YouTube  | [Normal]     | 96%    |   67.3ms | It projection  it's always projection...
[GAMING/SUR] | YouTube  | [Normal]     | 95%    |   62.6ms | Patrick he loves gambling lol...
[GAMING/SUR] | YouTube  | [Normal]     | 73%    |   51.6ms | ADDICTION...
[GAMING/GAM] | YouTube  | [Normal]     | 94%    |   69.4ms | Sir please gloat you earned it...
[NEWS/LIVE ] | YouTube  | [Normal]     | 87%    |   73.6ms | who is not shutting down splc right now...
[ENTERTAINM] | YouTube  | [Normal]     | 96%    |   58.2ms | hlw...
[GAMING/GAM] | YouTube  | [Normal]     | 97%    |   95.3ms | oh he did misspell the title:face_with_t...
[GAMING/GAM] | YouTube  | [Normal]     | 94%    |   53.4ms | nice...
[ENTERTAINM] | YouTube  | [Normal]     | 94%    |   52.5ms | Carl...
[GAMING/SUR] | YouTube  | [Normal]     | 93%    |   54.4ms | rofl...
[ENTERTAINM] | YouTube  | [Normal]     | 95%    |   53.0ms | hello...
[GAMING/GAM] | YouTube  | [Normal]     | 96%    |  100.8ms | make Presentable Liberty the Movie. 2 ho...
[GAMING/GAM] | YouTube  | [Normal]     | 97%    |   55.9ms | ah....
[GAMING/GAM] | YouTube  | [OFFENSIVE]  | 52%    |   55.4ms | oh shit...
[GAMING/SUR] | YouTube  | [Normal]     | 69%    |   73.8ms | YOU'RE SO BAD LMAOOO...
[SELF-HELP/] | YouTube  | [Normal]     | 93%    |   67.2ms | He’s a grifter...
[GAMING/SUR] | YouTube  | [Normal]     | 97%    |   58.8ms | Recycle?...
[GAMING/SUR] | YouTube  | [Normal]     | 97%    |   77.2ms | H20  stackswapo and peanut will forever ...
[GAMING/GAM] | YouTube  | [Normal]     | 95%    |   62.7ms | oh good heavens...
[ENTERTAINM] | YouTube  | [Normal]     | 95%    |   54.5ms | hiii...
[GAMING/GAM] | YouTube  | [Normal]     | 95%    |   59.6ms | TITLE MISTAKE!!...
[ENTERTAINM] | YouTube  | [Normal]     | 93%    |   56.4ms | india...
[ENTERTAINM] | YouTube  | [Normal]     | 97%    |   59.6ms | Welcome New Member!...
[ENTERTAINM] | YouTube  | [Normal]     | 96%    |   68.9ms | I subscribed to you since 2020...
[GAMING/GAM] | YouTube  | [Normal]     | 97%    |   62.7ms | obversation lmao...
[ENTERTAINM] | YouTube  | [Normal]     | 91%    |   56.6ms | W...
[GAMING/GAM] | YouTube  | [Normal]     | 97%    |   96.3ms | I recommend White Bat Audios royalty fre...
[GAMING/SUR] | YouTube  | [Normal]     | 96%    |   59.8ms | Professional??...
[GAMING/GAM] | YouTube  | [Normal]     | 95%    |   52.8ms | MARK...
[GAMING/GAM] | YouTube  | [Normal]     | 47%    |   66.0ms | you goofed it mark...
[GAMING/GAM] | YouTube  | [Normal]     | 88%    |   58.8ms | ITS WRONG MARKK...
[ENTERTAINM] | YouTube  | [Normal]     | 95%    |   55.9ms | said hi...
[ENTERTAINM] | YouTube  | [Normal]     | 92%    |   57.6ms | Hhubu...
[PSYCHOLOGY] | YouTube  | [Normal]     | 81%    |  119.0ms | If the feeling is going to happen regard...
[GAMING/GAM] | YouTube  | [Normal]     | 83%    |   71.9ms | mark are you going to play mewgenics...
[ENTERTAINM] | YouTube  | [Normal]     | 95%    |   56.0ms | Bangladesh...
[ENTERTAINM] | YouTube  | [Normal]     | 97%    |   82.1ms | muja 1miloen ₹ do:dollar_banknote:...
[GAMING/GAM] | YouTube  | [Normal]     | 95%    |   62.3ms | obversation duty...
[ENTERTAINM] | YouTube  | [Normal]     | 93%    |  105.6ms | Hi from RUSSIA!!!!!!!!!!!!!!!!!!!...
[ENTERTAINM] | YouTube  | [Normal]     | 91%    |   61.5ms | Meee...
[ENTERTAINM] | YouTube  | [Normal]     | 95%    |   53.6ms | Bangladesh...
[GAMING/SUR] | YouTube  | [Normal]     | 95%    |   53.0ms | TF...
[GAMING/SUR] | YouTube  | [Normal]     | 84%    |   77.5ms | LMAOOOOOOOOOOOOOOOOO...
[GAMING/SUR] | YouTube  | [Normal]     | 96%    |   55.8ms | lol...
[ENTERTAINM] | YouTube  | [Normal]     | 91%    |   53.0ms | me...
[GAMING/SUR] | YouTube  | [Normal]     | 96%    |  105.6ms | 4 CARD 21????????????????????...
[GAMING/SUR] | YouTube  | [Normal]     | 97%    |  157.5ms | :face_with_tears_of_joy::face_with_tears...
[GAMING/GAM] | YouTube  | [Normal]     | 84%    |   63.2ms | IRON LUNG GO WATCH IT!...
[GAMING/SUR] | YouTube  | [Normal]     | 95%    |   65.4ms | Bruh stop lmao...
[GAMING/SUR] | YouTube  | [Normal]     | 92%    |   61.8ms | omg aint no way...
[GAMING/SUR] | YouTube  | [Normal]     | 79%    |   66.5ms | LEAVE AND NEVER COME BACK...
[GAMING/SUR] | YouTube  | [Normal]     | 90%    |   54.5ms | called it...
[ENTERTAINM] | YouTube  | [Normal]     | 91%    |   53.1ms | MEEE...
[GAMING/SUR] | YouTube  | [Normal]     | 86%    |   71.1ms | ITS SO RIGGED...
[ENTERTAINM] | YouTube  | [Normal]     | 96%    |  103.7ms | Mr Beast can I get a good camera I want ...
[ENTERTAINM] | YouTube  | [Normal]     | 98%    |   80.7ms | Love from Bangladesh MR :red_heart:...
[GAMING/GAM] | YouTube  | [Normal]     | 95%    |   98.5ms | Omg I didn’t even notice it’s obversatio...
[ENTERTAINM] | YouTube  | [Normal]     | 96%    |   62.0ms | hello friends...
[GAMING/SUR] | YouTube  | [Normal]     | 82%    |   73.5ms | They gambled so much away lmaoooo...
[ENTERTAINM] | YouTube  | [Normal]     | 96%    |   58.3ms | 500 million soon...
[GAMING/GAM] | YouTube  | [Normal]     | 91%    |   62.2ms | When is the observation duty movie...
[GAMING/SUR] | YouTube  | [Normal]     | 96%    |   56.8ms | LOL...
[GAMING/GAM] | YouTube  | [Normal]     | 95%    |   68.4ms | wait mark the title is misspelled...
[GAMING/GAM] | YouTube  | [Normal]     | 85%    |   59.6ms | THE TITLE IS WEIRD...
[GAMING/SUR] | YouTube  | [HATE]       | 84%    |   65.5ms | should have hit the slots...
[PSYCHOLOGY] | YouTube  | [Normal]     | 91%    |   56.8ms | animals...
[GAMING/GAM] | YouTube  | [Normal]     | 96%    |   76.4ms | im your biggest fan -jackson age 6...
[GAMING/GAM] | YouTube  | [Normal]     | 97%    |   67.9ms | was that door always open???...
[GAMING/SUR] | YouTube  | [Normal]     | 94%    |   72.2ms | It’s a different dealer everytime!!...
[GAMING/GAM] | YouTube  | [Normal]     | 74%    |   78.9ms | Went to see Iron Lung yesterday. Pretty ...
[GAMING/GAM] | YouTube  | [Normal]     | 85%    |   57.8ms | NOOOOO...
[GAMING/GAM] | YouTube  | [Normal]     | 95%    |   57.9ms | obversation...
[GAMING/GAM] | YouTube  | [Normal]     | 90%    |   67.7ms | HAHAHAAHHAHAHA...
[GAMING/GAM] | YouTube  | [Normal]     | 95%    |   61.5ms | Obversation...
[GAMING/SUR] | YouTube  | [Normal]     | 48%    |   76.7ms | the blackjack is a computer you will los...
[ENTERTAINM] | YouTube  | [Normal]     | 97%    |   69.6ms | sub since 10M. sup Jimmy...
[ENTERTAINM] | YouTube  | [Normal]     | 96%    |   68.5ms | im İran:saluting_face:...
[GAMING/GAM] | YouTube  | [Normal]     | 95%    |   63.8ms | NOT EXACT SPELLINGS!...
[ENTERTAINM] | YouTube  | [Normal]     | 94%    |   51.8ms | pr...
[GAMING/GAM] | YouTube  | [Normal]     | 97%    |   62.5ms | Image anomaly in the stairwell?...
[GAMING/GAM] | YouTube  | [Normal]     | 96%    |  102.1ms | just saw your movie it was a 10 out of 1...
[ENTERTAINM] | YouTube  | [Normal]     | 97%    |  134.8ms | :face-purple-crying::face-purple-crying:...
[GAMING/GAM] | YouTube  | [Normal]     | 84%    |   67.9ms | im surprised its an accidental mispellin...
[ENTERTAINM] | YouTube  | [Normal]     | 95%    |   60.7ms | 10 k bro...
[MUSIC/CHIL] | YouTube  | [Normal]     | 97%    |   63.4ms | :spoon:GL song...
[GAMING/GAM] | YouTube  | [Normal]     | 96%    |   67.1ms | I just got here what I miss...
[PSYCHOLOGY] | YouTube  | [OFFENSIVE]  | 54%    |   53.1ms | HOLY SHIT...
[NEWS/LIVE ] | YouTube  | [HATE]       | 44%    |   81.3ms | I see them being the law and we will hav...
[ENTERTAINM] | YouTube  | [Normal]     | 95%    |   68.8ms | sir mujhe dollar chahie...
[ENTERTAINM] | YouTube  | [Normal]     | 93%    |   59.3ms | hello mrbeast...
[GAMING/GAM] | YouTube  | [Normal]     | 96%    |   66.0ms | AYYYEEE...
[ENTERTAINM] | YouTube  | [Normal]     | 96%    |   68.4ms | :red_heart:...
[GAMING/SUR] | YouTube  | [Normal]     | 94%    |   52.8ms | 3...
[SELF-HELP/] | YouTube  | [Normal]     | 87%    |   62.2ms | how about just not caring?...
[GAMING/GAM] | YouTube  | [Normal]     | 86%    |   75.9ms | I don't like the look of this place...
[GAMING/SUR] | YouTube  | [OFFENSIVE]  | 59%    |   92.1ms | Peanut is a fiend!!!!...
[GAMING/GAM] | YouTube  | [Normal]     | 96%    |   85.6ms | obsVERSTAPEN...
[GAMING/GAM] | YouTube  | [Normal]     | 96%    |   72.4ms | mark its big brain time...
[GAMING/GAM] | YouTube  | [Normal]     | 96%    |   67.7ms | obvervation dutie is great...
[GAMING/GAM] | YouTube  | [Normal]     | 95%    |   67.7ms | ohohoho I win the lighthouse...
[GAMING/SUR] | YouTube  | [Normal]     | 91%    |   58.0ms | watch it happen...
[GAMING/GAM] | YouTube  | [Normal]     | 94%    |   62.3ms | extra!!!!!...
[MUSIC/CHIL] | YouTube  | [Normal]     | 89%    |   64.2ms | hoy sábado...
[GAMING/GAM] | YouTube  | [Normal]     | 97%    |   60.3ms | HIIIIII MARK...
[GAMING/GAM] | YouTube  | [Normal]     | 96%    |   62.2ms | chat is my pfp peak...
[GAMING/GAM] | YouTube  | [Normal]     | 90%    |   86.3ms | MARK IM SEEING IRON LUNG TMR (southwest ...
[ENTERTAINM] | YouTube  | [Normal]     | 93%    |   53.4ms | axuet...
[GAMING/GAM] | YouTube  | [Normal]     | 84%    |  124.6ms | luckily for him  i’m so damn dislexic i ...
[GAMING/SUR] | YouTube  | [Normal]     | 95%    |   76.4ms | SLOTS...
[GAMING/GAM] | YouTube  | [Normal]     | 95%    |  103.0ms | It's the bucket at the top of the lighth...
[GAMING/GAM] | YouTube  | [Normal]     | 97%    |   83.3ms | Observation xD...
[MUSIC/CHIL] | YouTube  | [Normal]     | 98%    |   90.9ms | :cross_mark::tiger:...
[GAMING/GAM] | YouTube  | [Normal]     | 90%    |   92.7ms | THIS IS THE GUY FROM IRON LUNG!...
[GAMING/SUR] | YouTube  | [Normal]     | 97%    |  229.8ms | :rolling_on_the_floor_laughing::rolling_...
[SELF-HELP/] | YouTube  | [Normal]     | 92%    |  111.1ms | I just feel happy for them  honestly. Bu...
[GAMING/GAM] | YouTube  | [Normal]     | 39%    |  127.0ms | no Mark. the world is ending because you...
[ENTERTAINM] | YouTube  | [Normal]     | 90%    |   92.9ms | you mr.beast i from Indonesian...
[GAMING/SUR] | YouTube  | [Normal]     | 96%    |   85.9ms | that was the fastest loss ever...
[SPORTS/PEN] | YouTube  | [Normal]     | 95%    |   74.2ms | ofc...
[GAMING/GAM] | YouTube  | [Normal]     | 97%    |   80.4ms | Welcome to Member!...
[ENTERTAINM] | YouTube  | [Normal]     | 96%    |   85.3ms | NAME AN ANIME CHARACTER FOR EDITOR...
[GAMING/GAM] | YouTube  | [Normal]     | 55%    |   79.6ms | it got briter...
[ENTERTAINM] | YouTube  | [Normal]     | 97%    |   95.6ms | :red_heart::red_heart:...
[GAMING/GAM] | YouTube  | [Normal]     | 92%    |   92.6ms | It’s fine I spell wrong too...
[ENTERTAINM] | YouTube  | [Normal]     | 95%    |   73.9ms | yooo...
[GAMING/SUR] | YouTube  | [OFFENSIVE]  | 94%    |  211.3ms | I’m about to shit myself because of how ...
[GAMING/SUR] | YouTube  | [Normal]     | 97%    |   97.9ms | :face-orange-raised-eyebrow:...
[ENTERTAINM] | YouTube  | [Normal]     | 96%    |  147.3ms | :fearful_face::fearful_face::fearful_fac...
[GAMING/GAM] | YouTube  | [Normal]     | 75%    |   85.0ms | is backseating allowed...
[GAMING/GAM] | YouTube  | [Normal]     | 95%    |  108.2ms | MARK I JUST WATCHED IRON LUNG AND I LOVE...
[ENTERTAINM] | YouTube  | [Normal]     | 95%    |   76.6ms | call speed...
[ENTERTAINM] | YouTube  | [Normal]     | 96%    |   73.5ms | 500 million...
[GAMING/GAM] | YouTube  | [HATE]       | 67%    |   89.5ms | should i go seee iron lung...
[GAMING/GAM] | YouTube  | [Normal]     | 97%    |  152.7ms | I saw the iron lung in theaters with sib...
[ENTERTAINM] | YouTube  | [Normal]     | 90%    |   81.1ms | hey mrbeast...
[ENTERTAINM] | YouTube  | [Normal]     | 95%    |   74.6ms | hiiii...
[ENTERTAINM] | YouTube  | [Normal]     | 97%    |  272.0ms | congratulations :party_popper::party_pop...
[GAMING/GAM] | YouTube  | [Normal]     | 95%    |   85.9ms | water anomaly on the top?...
[GAMING/SUR] | YouTube  | [Normal]     | 94%    |  136.5ms | you can take peanut out of the pirate ga...
[GAMING/GAM] | YouTube  | [Normal]     | 97%    |   82.4ms | mmm stream-...
[GAMING/GAM] | YouTube  | [Normal]     | 97%    |   91.5ms | Mark the stairs at the bottom!...
[ENTERTAINM] | YouTube  | [Normal]     | 92%    |   73.9ms | yes me...
[GAMING/SUR] | YouTube  | [Normal]     | 60%    |   88.1ms | Stealing the bathrobes...
[GAMING/SUR] | YouTube  | [Normal]     | 92%    |   84.6ms | Yes it does AYeeee...
[GAMING/GAM] | YouTube  | [Normal]     | 95%    |   73.5ms | NUMBER 1...
[ENTERTAINM] | YouTube  | [Normal]     | 98%    |  314.5ms | :yt::yt::yt::yt::stopwatch-blue-hand-tim...
[ENTERTAINM] | YouTube  | [Normal]     | 94%    |   83.2ms | 4...
[ENTERTAINM] | YouTube  | [Normal]     | 94%    |   80.0ms | 6...
[ENTERTAINM] | YouTube  | [Normal]     | 95%    |   75.1ms | 67...
[GAMING/GAM] | YouTube  | [Normal]     | 90%    |   80.1ms | ignore everyone in chat...
[GAMING/GAM] | YouTube  | [Normal]     | 97%    |  117.4ms | @markiplier there is a red objekt on the...
[ENTERTAINM] | YouTube  | [Normal]     | 94%    |   76.7ms | 3...
[GAMING/GAM] | YouTube  | [Normal]     | 97%    |   99.1ms | light at yard? by the lighthouse door?...
[GAMING/SUR] | YouTube  | [Normal]     | 97%    |   92.2ms | never thought I'd see the day...
[GAMING/GAM] | YouTube  | [Normal]     | 96%    |  105.0ms | Camera was pulsating in the basement im ...
[GAMING/GAM] | YouTube  | [Normal]     | 88%    |   83.5ms | THE STAIRCASEEEEE...
[GAMING/GAM] | YouTube  | [Normal]     | 92%    |   79.9ms | MISSING MOUSETRAPP...
[GAMING/GAM] | YouTube  | [Normal]     | 97%    |   85.9ms | IT'S BEEN THERE...
[ENTERTAINM] | YouTube  | [Normal]     | 96%    |   87.0ms | hi @beluga1...
[ENTERTAINM] | YouTube  | [Normal]     | 94%    |   79.7ms | 5...
[GAMING/GAM] | YouTube  | [Normal]     | 87%    |   73.4ms | Lock in...
[ENTERTAINM] | YouTube  | [Normal]     | 94%    |   77.5ms | 5...
[MUSIC/CHIL] | YouTube  | [Normal]     | 97%    |   98.7ms | mohini chai:hot_beverage:...
[ENTERTAINM] | YouTube  | [Normal]     | 98%    |  109.7ms | advanced congratulations on 500M :maple_...
[GAMING/GAM] | YouTube  | [OFFENSIVE]  | 70%    |   89.8ms | the bedddddddd...
[ENTERTAINM] | YouTube  | [Normal]     | 91%    |   98.3ms | beast your the best bro love you...
[ENTERTAINM] | YouTube  | [Normal]     | 94%    |   75.7ms | 2...
[MUSIC/CHIL] | YouTube  | [Normal]     | 96%    |  164.2ms | Jaitsii IPO to lagte hi n h mere to ek b...
[GAMING/GAM] | YouTube  | [OFFENSIVE]  | 55%    |   81.9ms | the stairsss...
[ENTERTAINM] | YouTube  | [Normal]     | 91%    |   77.6ms | rock...
[GAMING/GAM] | YouTube  | [Normal]     | 97%    |   82.5ms | GREEN STAIRS MARK...
[GAMING/GAM] | YouTube  | [Normal]     | 94%    |   76.0ms | BASEMENT...
[NEWS/LIVE ] | YouTube  | [Normal]     | 97%    |  123.3ms | eu torço pra Argentina mas esse ano nao ...
[ENTERTAINM] | YouTube  | [Normal]     | 94%    |   77.5ms | Nepal...
[ENTERTAINM] | YouTube  | [Normal]     | 54%    |   81.4ms | Free palestine...
[PSYCHOLOGY] | YouTube  | [Normal]     | 96%    |   92.6ms | i am the boss babe lmao...
[ENTERTAINM] | YouTube  | [Normal]     | 94%    |   76.7ms | 5...
[ENTERTAINM] | YouTube  | [Normal]     | 90%    |  365.6ms | :stayhome::stayhome::stayhome::stayhome:...
[GAMING/GAM] | YouTube  | [Normal]     | 97%    |   83.7ms | MARK THE BASEMENT STAIRS...
[GAMING/GAM] | YouTube  | [Normal]     | 89%    |   80.9ms | WE TOLD YOU...
[ENTERTAINM] | YouTube  | [Normal]     | 97%    |  162.7ms | Hello MrBeast  I’m Ahmed from Gaza. Work...
[MUSIC/CHIL] | YouTube  | [Normal]     | 98%    |  153.6ms | J :helicopter::dashing_away::dashing_awa...
[GAMING/GAM] | YouTube  | [Normal]     | 91%    |   74.7ms | With Eyes...
[ENTERTAINM] | YouTube  | [Normal]     | 97%    |   78.0ms | Hello from  INDIA...
[GAMING/GAM] | YouTube  | [Normal]     | 97%    |   73.1ms | Lantern moved...
[GAMING/GAM] | YouTube  | [Normal]     | 86%    |   78.8ms | The ominous stairs breathing...
[PSYCHOLOGY] | YouTube  | [Normal]     | 96%    |  135.8ms | i think i low-key used to lookmaxx b4 it...
[GAMING/GAM] | YouTube  | [Normal]     | 93%    |  180.9ms | I HAVEN'T SEEN THE MOVIE YET AND IM SAD ...
[GAMING/GAM] | YouTube  | [Normal]     | 93%    |   79.3ms | Oh my God...
[GAMING/GAM] | YouTube  | [Normal]     | 96%    |   91.0ms | wait- lighthouse and iron lung cross ove...
[GAMING/GAM] | YouTube  | [Normal]     | 86%    |   79.8ms | Undulating!...
[GAMING/GAM] | YouTube  | [Normal]     | 96%    |   82.5ms | hi!!...
[GAMING/GAM] | YouTube  | [Normal]     | 97%    |  103.7ms | I'M SEEING IRON LUNG FOR THE 5TH TIME TO...
[GAMING/GAM] | YouTube  | [Normal]     | 95%    |  136.1ms | Iron lung sounded perfect at our theater...
[GAMING/GAM] | YouTube  | [Normal]     | 90%    |   93.1ms | the title is an anamoly...
[GAMING/GAM] | YouTube  | [Normal]     | 95%    |   74.3ms | HIIII...
[SELF-HELP/] | YouTube  | [Normal]     | 96%    |  158.0ms | Luckily I don't think I've ever felt thi...
[ENTERTAINM] | YouTube  | [Normal]     | 95%    |   72.4ms | INDONESIA  INDONESIA...
[GAMING/GAM] | YouTube  | [Normal]     | 94%    |   85.4ms | Dam y’all good...
[GAMING/GAM] | YouTube  | [Normal]     | 94%    |   75.5ms | Hi...
[ENTERTAINM] | YouTube  | [Normal]     | 96%    |   93.4ms | :1st_place_medal:...
[ENTERTAINM] | YouTube  | [Normal]     | 96%    |   86.1ms | :pleading_face:...
[NEWS/LIVE ] | YouTube  | [Normal]     | 92%    |   81.3ms | Hey ENNOS bro...
[GAMING/SUR] | YouTube  | [Normal]     | 90%    |   87.1ms | playing rust let's goo...
[ENTERTAINM] | YouTube  | [Normal]     | 96%    |   87.6ms | Is this your first live stream...
[ENTERTAINM] | YouTube  | [Normal]     | 95%    |   87.5ms | yeaaaaaaaaaa...
[ENTERTAINM] | YouTube  | [Normal]     | 94%    |   77.3ms | hi...
[GAMING/GAM] | YouTube  | [Normal]     | 91%    |   77.3ms | BUCKET...
[GAMING/GAM] | YouTube  | [Normal]     | 96%    |  106.8ms | saw iron lung last night! love from east...
[ENTERTAINM] | YouTube  | [Normal]     | 98%    |  243.4ms | congratulations bro :clapping_hands::cla...
[PSYCHOLOGY] | YouTube  | [Normal]     | 90%    |   98.5ms | oh no  I'm animus obsessed!...
[ENTERTAINM] | YouTube  | [Normal]     | 95%    |   93.3ms | Olm anlamadım...
[ENTERTAINM] | YouTube  | [Normal]     | 97%    |   74.9ms | 500m...
[GAMING/GAM] | YouTube  | [Normal]     | 95%    |   98.8ms | Have the bed sheets in the bedroom moved...
[ENTERTAINM] | YouTube  | [Normal]     | 90%    |   78.4ms | 𝚑𝚘𝚕𝚊...
[GAMING/GAM] | YouTube  | [Normal]     | 95%    |  124.0ms | hiya mark jus wanted to say congrats on ...
[GAMING/GAM] | YouTube  | [Normal]     | 92%    |   81.9ms | bed...
[GAMING/GAM] | YouTube  | [Normal]     | 92%    |   77.4ms | BED...
[GAMING/GAM] | YouTube  | [Normal]     | 91%    |   96.0ms | IM HEADING TO WATCH YOUR MOVIIIIEEE...
[ENTERTAINM] | YouTube  | [Normal]     | 95%    |   80.7ms | Hello...
[GAMING/GAM] | YouTube  | [Normal]     | 97%    |   88.6ms | observation deck...
[GAMING/GAM] | YouTube  | [Normal]     | 97%    |   82.6ms | fuse box?...
[ENTERTAINM] | YouTube  | [Normal]     | 97%    |  157.9ms | :soccer_ball::cricket_game::soccer_ball:...
[GAMING/GAM] | YouTube  | [Normal]     | 98%    |  130.9ms | The colorful cones in the corner there w...
[GAMING/GAM] | YouTube  | [Normal]     | 96%    |   81.2ms | Suppp...
[GAMING/GAM] | YouTube  | [Normal]     | 97%    |   91.4ms | HI MARK this is my first stream...
[GAMING/GAM] | YouTube  | [Normal]     | 95%    |   83.7ms | PIER MISSING POLE RIGHT...
[ENTERTAINM] | YouTube  | [Normal]     | 94%    |  110.1ms | @MrBeast Mr. Beast  when are you coming ...
[ENTERTAINM] | YouTube  | [Normal]     | 97%    |  214.5ms | Hallo sir I am alok kumar and I am from ...
[GAMING/GAM] | YouTube  | [Normal]     | 96%    |   82.5ms | the railing?...
[PSYCHOLOGY] | YouTube  | [Normal]     | 96%    |   99.0ms | I daydream about having super powers tbh...
[ENTERTAINM] | YouTube  | [Normal]     | 95%    |   84.0ms | congratulations...
[ENTERTAINM] | YouTube  | [Normal]     | 98%    |  111.2ms | Thank you for uploading an interesting v...
[PSYCHOLOGY] | YouTube  | [Normal]     | 65%    |   79.2ms | too real...
[GAMING/GAM] | YouTube  | [Normal]     | 92%    |   88.0ms | anomaly in the top left...
[SELF-HELP/] | YouTube  | [Normal]     | 77%    |   91.1ms | I only hate myself though doctor....
[GAMING/GAM] | YouTube  | [Normal]     | 84%    |   77.0ms | NOOO...
[ENTERTAINM] | YouTube  | [Normal]     | 95%    |   73.6ms | jimmy hello...
[GAMING/GAM] | YouTube  | [Normal]     | 96%    |   84.7ms | yo mark the movie was awesome...
[GAMING/GAM] | YouTube  | [Normal]     | 94%    |  105.7ms | the gasp I gusped when I saw OD streamin...
[GAMING/GAM] | YouTube  | [Normal]     | 96%    |   85.1ms | There’s two bottles?...
[GAMING/GAM] | YouTube  | [Normal]     | 96%    |   78.9ms | Extra bottle outside...
[GAMING/GAM] | YouTube  | [Normal]     | 95%    |  185.7ms | Hey Mark! Congratulations on the movie m...
[ENTERTAINM] | YouTube  | [Normal]     | 97%    |   87.3ms | hello :waving_hand:...
[GAMING/GAM] | YouTube  | [Normal]     | 93%    |  115.5ms | mark are you a fan of that new movie  th...
[GAMING/GAM] | YouTube  | [Normal]     | 97%    |  117.0ms | the grate on the lighthouse at the top. ...
[GAMING/GAM] | YouTube  | [Normal]     | 94%    |   89.1ms | iron lung in romania?...
[ENTERTAINM] | YouTube  | [Normal]     | 95%    |   74.5ms | Hii...
[GAMING/GAM] | YouTube  | [Normal]     | 95%    |   79.2ms | WATER IN THE PO...
[GAMING/GAM] | YouTube  | [Normal]     | 97%    |   73.3ms | LIGHT INTERIOR...
[ENTERTAINM] | YouTube  | [Normal]     | 95%    |  108.0ms | bye mrbeast its 10 pm in here i lived in...
[GAMING/GAM] | YouTube  | [Normal]     | 85%    |  123.1ms | mark is too good  he doesnt need our hel...
[GAMING/SUR] | YouTube  | [Normal]     | 91%    |   80.3ms | welcome my goopa...
[MUSIC/CHIL] | YouTube  | [Normal]     | 94%    |   92.9ms | जिसने pucha usko...
[GAMING/GAM] | YouTube  | [Normal]     | 97%    |   97.4ms | Was the fuse box open in Interior???...
[ENTERTAINM] | YouTube  | [Normal]     | 93%    |  110.1ms | 돈줘 비스트형...
[MUSIC/CHIL] | YouTube  | [Normal]     | 95%    |   93.2ms | ai mușcat pe timpi...
[MUSIC/CHIL] | YouTube  | [Normal]     | 96%    |   86.1ms | kisne ??...
[PSYCHOLOGY] | YouTube  | [Normal]     | 93%    |   73.8ms | Holy coping...
[GAMING/SUR] | YouTube  | [Normal]     | 96%    |   93.5ms | FUEL IN THE BOXES IN FRONT HALL...
[ENTERTAINM] | YouTube  | [Normal]     | 96%    |   75.4ms | hello Jimmy...
[GAMING/GAM] | YouTube  | [Normal]     | 97%    |  109.7ms | mark do you allow fan animations??:red_h...
[NEWS/LIVE ] | YouTube  | [Normal]     | 86%    |  117.1ms | Argentina por favor jogue o melhor futeb...
[GAMING/GAM] | YouTube  | [Normal]     | 95%    |   74.9ms | the bottle...
[GAMING/SUR] | YouTube  | [Normal]     | 97%    |   73.2ms | alot...
[ENTERTAINM] | YouTube  | [Normal]     | 94%    |   76.6ms | hi...
[GAMING/GAM] | YouTube  | [Normal]     | 94%    |   75.2ms | yess...
[ENTERTAINM] | YouTube  | [Normal]     | 94%    |   78.4ms | 1...
[GAMING/GAM] | YouTube  | [Normal]     | 88%    |   84.3ms | Light anomaly light house...
[GAMING/GAM] | YouTube  | [Normal]     | 93%    |   79.5ms | daamn...
[GAMING/SUR] | YouTube  | [Normal]     | 90%    |   74.4ms | NO PEANUT...
[GAMING/GAM] | YouTube  | [Normal]     | 96%    |   90.9ms | cross in the distance of the porch?...
[SELF-HELP/] | YouTube  | [Normal]     | 97%    |   80.4ms | wow over grass?...
[GAMING/GAM] | YouTube  | [Normal]     | 91%    |   77.7ms | w...
[ENTERTAINM] | YouTube  | [Normal]     | 97%    |   85.9ms | wbu mrbeast...
[GAMING/GAM] | YouTube  | [Normal]     | 94%    |   79.6ms | The stairwell fence moved...
[ENTERTAINM] | YouTube  | [Normal]     | 94%    |   77.3ms | 1...
[ENTERTAINM] | YouTube  | [Normal]     | 94%    |   86.0ms | হাই...
[GAMING/GAM] | YouTube  | [Normal]     | 90%    |   81.5ms | YESSSS...
[GAMING/GAM] | YouTube  | [Normal]     | 96%    |   78.8ms | Cheese!...
[ENTERTAINM] | YouTube  | [Normal]     | 94%    |   74.2ms | 1...
[ENTERTAINM] | YouTube  | [Normal]     | 96%    |   91.2ms | where's ur crew???...
[GAMING/GAM] | YouTube  | [Normal]     | 90%    |   90.3ms | it's not clocking to you...
[ENTERTAINM] | YouTube  | [Normal]     | 94%    |   75.6ms | 1...
[GAMING/SUR] | YouTube  | [Normal]     | 95%    |   76.3ms | Higher...
[GAMING/GAM] | YouTube  | [Normal]     | 93%    |   97.0ms | I think you missed the ocean of blood!...
[ENTERTAINM] | YouTube  | [Normal]     | 94%    |   80.2ms | 2...
[ENTERTAINM] | YouTube  | [Normal]     | 93%    |   80.0ms | hiuiui...
[GAMING/SUR] | YouTube  | [Normal]     | 87%    |   75.9ms | No...
[GAMING/SUR] | YouTube  | [Normal]     | 96%    |   85.4ms | get wiljum on trust...
[GAMING/GAM] | YouTube  | [Normal]     | 96%    |  146.3ms | Saw iron lung last night and I can’t sto...
[ENTERTAINM] | YouTube  | [Normal]     | 97%    |  143.2ms | Hola saludos desde Venezuela :hugging_fa...
[GAMING/GAM] | YouTube  | [Normal]     | 97%    |   90.7ms | STAIRWELL RIGHTMOST RAILING MOVED...
[GAMING/GAM] | YouTube  | [Normal]     | 94%    |   80.2ms | missing room?...
[ENTERTAINM] | YouTube  | [Normal]     | 97%    |   87.8ms | bro i am sri lanaka...
[SELF-HELP/] | YouTube  | [Normal]     | 76%    |   80.9ms | but you level up...
[GAMING/SUR] | YouTube  | [Normal]     | 84%    |   84.9ms | north is only for solar...
[GAMING/SUR] | YouTube  | [Normal]     | 85%    |   79.5ms | nooooo...
[ENTERTAINM] | YouTube  | [Normal]     | 92%    |   82.9ms | MRBEAST...
[ENTERTAINM] | YouTube  | [Normal]     | 97%    |   85.4ms | can you sing a song?...
[GAMING/SUR] | YouTube  | [Normal]     | 86%    |   83.7ms | Higher but...
[ENTERTAINM] | YouTube  | [Normal]     | 95%    |   83.2ms | 111111111...
[GAMING/SUR] | YouTube  | [Normal]     | 95%    |   77.8ms | higher...
[ENTERTAINM] | YouTube  | [Normal]     | 95%    |   74.7ms | Congratulations...
[PSYCHOLOGY] | YouTube  | [Normal]     | 94%    |  118.2ms | It's interesting how Anima relates to Pu...
[GAMING/SUR] | YouTube  | [Normal]     | 87%    |   77.3ms | No...
[GAMING/SUR] | YouTube  | [Normal]     | 95%    |   78.2ms | 7 high...
[SELF-HELP/] | YouTube  | [Normal]     | 97%    |   81.6ms | i love your videos...
[GAMING/GAM] | YouTube  | [Normal]     | 94%    |   93.2ms | Mark you're good so far...
[GAMING/SUR] | YouTube  | [Normal]     | 96%    |   96.9ms | Higher is better. direction doesn’t matt...
[GAMING/GAM] | YouTube  | [Normal]     | 97%    |   84.3ms | Oh Mark!! Hii...
[GAMING/GAM] | YouTube  | [Normal]     | 97%    |   89.4ms | truly this is the observation of all tim...
[ENTERTAINM] | YouTube  | [Normal]     | 93%    |  106.7ms | *DAY 1 OF ASKING MR BEAST TO GIVE ME A S...
[ENTERTAINM] | YouTube  | [Normal]     | 86%    |   80.1ms | call Pewdiepie...
[GAMING/GAM] | YouTube  | [Normal]     | 98%    |   92.5ms | painting my nails red for the lungs...
[GAMING/SUR] | YouTube  | [Normal]     | 94%    |   82.7ms | rip...
[GAMING/GAM] | YouTube  | [Normal]     | 93%    |   74.6ms | extra railing...
[GAMING/SUR] | YouTube  | [Normal]     | 78%    |   90.7ms | u need it hihger omg...
[GAMING/GAM] | YouTube  | [Normal]     | 93%    |   85.0ms | YOURE SO COOL MARKKK...
[ENTERTAINM] | YouTube  | [Normal]     | 94%    |   78.1ms | 1...
[ENTERTAINM] | YouTube  | [OFFENSIVE]  | 47%    |   80.6ms | lets goooo...
[GAMING/GAM] | YouTube  | [Normal]     | 94%    |   74.8ms | Nice...
[GAMING/GAM] | YouTube  | [Normal]     | 97%    |   81.3ms | Dock farther??...
[GAMING/GAM] | YouTube  | [Normal]     | 92%    |   78.1ms | THE STAIRS...
[GAMING/GAM] | YouTube  | [Normal]     | 95%    |  100.3ms | IRON LUNG IS AN INSPIRATION TO MY NEXT S...
[GAMING/SUR] | YouTube  | [Normal]     | 97%    |   76.2ms | pumpkin...
[GAMING/GAM] | YouTube  | [Normal]     | 68%    |   82.7ms | you bad at this...
[ENTERTAINM] | YouTube  | [Normal]     | 92%    |  105.9ms | I CANT WAIT!!!!!!!!...
[ENTERTAINM] | YouTube  | [Normal]     | 95%    |   77.2ms | congratulations...
[ENTERTAINM] | YouTube  | [Normal]     | 97%    |  134.8ms | :eyes-purple-crying::eyes-purple-crying:...
[GAMING/GAM] | YouTube  | [Normal]     | 94%    |   82.8ms | Do hard mode...
[GAMING/SUR] | YouTube  | [Normal]     | 94%    |   91.4ms | now look at the windmill LOL...
[ENTERTAINM] | YouTube  | [Normal]     | 95%    |   83.1ms | you love Indonesia...
[GAMING/GAM] | YouTube  | [Normal]     | 95%    |   79.5ms | L NOOB...
[GAMING/SUR] | YouTube  | [Normal]     | 85%    |   75.8ms | lies...
[GAMING/GAM] | YouTube  | [Normal]     | 90%    |   88.4ms | yessss...
[GAMING/GAM] | YouTube  | [Normal]     | 91%    |   79.4ms | Noob...
[ENTERTAINM] | YouTube  | [Normal]     | 97%    |  104.6ms | please play sidhu moose wala song - mera...
[GAMING/GAM] | YouTube  | [Normal]     | 94%    |   82.8ms | W Mark...
[SELF-HELP/] | YouTube  | [Normal]     | 95%    |  126.6ms | Universe let my nervous system get shred...
[SELF-HELP/] | YouTube  | [Normal]     | 97%    |   85.9ms | Thank you Dr. K...
[GAMING/GAM] | YouTube  | [Normal]     | 97%    |   92.6ms | lantern moved  rail position moved lol...
[PSYCHOLOGY] | YouTube  | [Normal]     | 96%    |   86.3ms | Ani me!^^...
[GAMING/GAM] | YouTube  | [Normal]     | 95%    |   78.6ms | obversation...
[GAMING/GAM] | YouTube  | [Normal]     | 97%    |   84.9ms | it's perfectly fine...
[ENTERTAINM] | YouTube  | [Normal]     | 93%    |   79.4ms | chat is not honest...
[ENTERTAINM] | YouTube  | [Normal]     | 94%    |   76.8ms | hi...
[GAMING/GAM] | YouTube  | [Normal]     | 94%    |   88.1ms | chat  is he being real...
[GAMING/GAM] | YouTube  | [Normal]     | 37%    |   90.8ms | BAN THEM THEY ARE WRONG...
[ENTERTAINM] | YouTube  | [Normal]     | 94%    |   77.2ms | y...
[GAMING/GAM] | YouTube  | [Normal]     | 94%    |   78.5ms | ok...
[GAMING/GAM] | YouTube  | [Normal]     | 92%    |   92.3ms | opbject manipulation in tittle...
[GAMING/GAM] | YouTube  | [Normal]     | 96%    |   78.8ms | hiiiiiiiiii...
[GAMING/GAM] | YouTube  | [Normal]     | 95%    |   84.2ms | not a noob lol...
[GAMING/GAM] | YouTube  | [Normal]     | 95%    |   98.1ms | as a librarian I stand behind you lol...
[GAMING/GAM] | YouTube  | [Normal]     | 94%    |   82.8ms | noobbbbb...
[SELF-HELP/] | YouTube  | [Normal]     | 97%    |  107.3ms | ENERGYYYY. It's ALL energy!...
[ENTERTAINM] | YouTube  | [Normal]     | 95%    |   77.8ms | 67...
[ENTERTAINM] | YouTube  | [Normal]     | 97%    |  128.0ms | :heart_hands::heart_hands::heart_hands::...
[GAMING/GAM] | YouTube  | [Normal]     | 94%    |   78.8ms | HAHAHAA...
[ENTERTAINM] | YouTube  | [Normal]     | 95%    |   73.3ms | Hiii...
[ENTERTAINM] | YouTube  | [Normal]     | 96%    |   78.3ms | I was here...
[ENTERTAINM] | YouTube  | [Normal]     | 97%    |   79.5ms | vino ok...
[ENTERTAINM] | YouTube  | [Normal]     | 94%    |   76.4ms | hi...
[ENTERTAINM] | YouTube  | [Normal]     | 96%    |  317.2ms | :check_mark_button::check_mark_button::c...
[GAMING/GAM] | YouTube  | [Normal]     | 89%    |   79.0ms | Nah you right...
[GAMING/GAM] | YouTube  | [Normal]     | 93%    |   90.3ms | hello everybody my name is obversation...
[GAMING/GAM] | YouTube  | [Normal]     | 97%    |  138.6ms | OBVERSATION :loudly_crying_face::loudly_...
[GAMING/GAM] | YouTube  | [Normal]     | 97%    |   83.5ms | love the movie mark...
[ENTERTAINM] | YouTube  | [Normal]     | 94%    |   76.6ms | hi...
[MUSIC/CHIL] | YouTube  | [Normal]     | 87%    |   79.4ms | thnx sis...
[ENTERTAINM] | YouTube  | [Normal]     | 77%    |   87.0ms | yo beast whats good...
[GAMING/GAM] | YouTube  | [Normal]     | 95%    |   98.1ms | Swaooing the S and V xd...
[ENTERTAINM] | YouTube  | [Normal]     | 97%    |   83.4ms | please pay 1000$...
[GAMING/GAM] | YouTube  | [OFFENSIVE]  | 62%    |  110.9ms | Goofy goober yea :smiling_face_with_sung...
[PSYCHOLOGY] | YouTube  | [Normal]     | 96%    |   74.2ms | yea...
[GAMING/GAM] | YouTube  | [Normal]     | 90%    |   86.1ms | You fixed the title anomaly...
[GAMING/GAM] | YouTube  | [Normal]     | 94%    |  104.1ms | not sure if its just me  but Mark feels ...
[GAMING/GAM] | YouTube  | [Normal]     | 93%    |  125.6ms | Keep it Obversation duty and just say yo...
[ENTERTAINM] | YouTube  | [Normal]     | 92%    |   75.9ms | ww...
[ENTERTAINM] | YouTube  | [Normal]     | 97%    |   79.8ms | Love from Texas...
[GAMING/GAM] | YouTube  | [Normal]     | 94%    |  135.2ms | This makes you wonder how many type-o's ...
[ENTERTAINM] | YouTube  | [Normal]     | 95%    |   73.6ms | wow...
[GAMING/GAM] | YouTube  | [Normal]     | 97%    |  109.2ms | OBVERSATION DUTY :fire::fire::fire:...
[GAMING/GAM] | YouTube  | [Normal]     | 95%    |   81.8ms | Obversation...
[ENTERTAINM] | YouTube  | [Normal]     | 97%    |  127.8ms | Promoting another YT…:chart_increasing::...
[ENTERTAINM] | YouTube  | [Normal]     | 94%    |   83.2ms | sup jim...
[GAMING/GAM] | YouTube  | [Normal]     | 91%    |  102.5ms | lowkey kinda like Five Nights at JR's...
[GAMING/GAM] | YouTube  | [Normal]     | 80%    |   91.0ms | Camera malfunction means it was gone...
[ENTERTAINM] | YouTube  | [Normal]     | 94%    |   80.8ms | SO OLD BUT GOLD...
[ENTERTAINM] | YouTube  | [Normal]     | 97%    |  104.6ms | :smiling_face_with_heart_eyes:...
[ENTERTAINM] | YouTube  | [Normal]     | 74%    |  158.0ms | :party_popper::party_popper::party_poppe...
[GAMING/GAM] | YouTube  | [Normal]     | 91%    |  129.7ms | camera malfunction was when the game end...
[ENTERTAINM] | YouTube  | [Normal]     | 62%    |   82.3ms | les goooo...
[GAMING/GAM] | YouTube  | [Normal]     | 45%    |   81.7ms | YIPPEEE...
[GAMING/GAM] | YouTube  | [Normal]     | 90%    |   87.9ms | heck yeah !!!...
[GAMING/GAM] | YouTube  | [Normal]     | 97%    |   81.9ms | HOORAYY...
[GAMING/GAM] | YouTube  | [Normal]     | 52%    |   72.3ms | hell yeah...
[SELF-HELP/] | YouTube  | [Normal]     | 89%    |  123.0ms | How do I know it's not my adhd telling m...
[MUSIC/CHIL] | YouTube  | [Normal]     | 93%    |   76.0ms | buci...
[GAMING/GAM] | YouTube  | [Normal]     | 95%    |   73.4ms | yay...
[SELF-HELP/] | YouTube  | [Normal]     | 60%    |  163.6ms | I hate Putin  not cuz I envy him  cuz I ...
[GAMING/GAM] | YouTube  | [Normal]     | 95%    |   73.6ms | YAY...
[ENTERTAINM] | YouTube  | [Normal]     | 95%    |   79.5ms | gift me car...
[ENTERTAINM] | YouTube  | [Normal]     | 96%    |   98.1ms | jimmy i am subscribed you from 2020...
[PSYCHOLOGY] | YouTube  | [Normal]     | 97%    |  146.1ms | @corvulge lmfao i miss captions. i wish ...
[ENTERTAINM] | YouTube  | [Normal]     | 95%    |  245.1ms | Bro give A super bike like bmw 1000 RR :...
[PSYCHOLOGY] | YouTube  | [Normal]     | 92%    |  156.5ms | Too often I spend time internally  think...
[ENTERTAINM] | YouTube  | [Normal]     | 96%    |  105.8ms | кто из русских...
[PSYCHOLOGY] | YouTube  | [Normal]     | 96%    |   80.1ms | Makes sens...
[GAMING/SUR] | YouTube  | [Normal]     | 81%    |   57.5ms | so bad...
[GAMING/SUR] | YouTube  | [Normal]     | 89%    |   58.8ms | nice windmill haha...
[ENTERTAINM] | YouTube  | [Normal]     | 97%    |   72.3ms | :thanksdoc::yt:...
[GAMING/GAM] | YouTube  | [Normal]     | 97%    |   57.4ms | basement barrell...
[ENTERTAINM] | YouTube  | [Normal]     | 93%    |   76.5ms | :rolling_on_the_floor_laughing:...
[GAMING/GAM] | YouTube  | [Normal]     | 87%    |   57.7ms | lock the door...
[GAMING/SUR] | YouTube  | [Normal]     | 93%    |   58.0ms | oh my god...
[MUSIC/CHIL] | YouTube  | [Normal]     | 98%    |  185.3ms | BLOSS :bouquet::small_blue_diamond: Boll...
[GAMING/GAM] | YouTube  | [Normal]     | 96%    |   78.5ms | IRON LING FOR MOVER OF THE YEAR!!!!...
[GAMING/GAM] | YouTube  | [Normal]     | 82%    |   60.1ms | yes they did...
[ENTERTAINM] | YouTube  | [Normal]     | 95%    |   53.5ms | 667...
[ENTERTAINM] | YouTube  | [Normal]     | 91%    |   53.0ms | hey...
[ENTERTAINM] | YouTube  | [Normal]     | 96%    |   67.9ms | for my business brother pzz help me...
[ENTERTAINM] | YouTube  | [Normal]     | 95%    |   58.2ms | MR BEAST WORLD CUP...
[GAMING/GAM] | YouTube  | [Normal]     | 87%    |   76.5ms | i wanna watch iron lung SOOOOO bad icl...
[GAMING/GAM] | YouTube  | [Normal]     | 79%    |   73.4ms | There's a man in the top left corner...
[GAMING/GAM] | YouTube  | [Normal]     | 77%    |   62.4ms | You polling bro!?!...
[MUSIC/CHIL] | YouTube  | [Normal]     | 97%    |   91.9ms | Prasa hey bro :handshake: :clinking_beer...
[PSYCHOLOGY] | YouTube  | [Normal]     | 93%    |   68.0ms | is VPN a need...
[ENTERTAINM] | YouTube  | [Normal]     | 93%    |   55.8ms | hlo...
[GAMING/GAM] | YouTube  | [Normal]     | 95%    |   68.4ms | LIGHTHOUSE TOP HAS A WEIRD CIRCLE SYMBOL...
[GAMING/SUR] | YouTube  | [Normal]     | 77%    |   58.5ms | ACTUAL FOOLISHNESS...
[GAMING/GAM] | YouTube  | [Normal]     | 88%    |   68.5ms | IN THE THEATER BOUTA WATCH IRON LUNG...
[ENTERTAINM] | YouTube  | [Normal]     | 95%    |   62.1ms | Asalamualaikum...
[ENTERTAINM] | YouTube  | [Normal]     | 91%    |   78.1ms | Hey mr beast can u help me I’m from Indi...
[GAMING/GAM] | YouTube  | [Normal]     | 94%    |   88.0ms | this doesn't look like Silent Hill F :th...
[ENTERTAINM] | YouTube  | [Normal]     | 95%    |   54.8ms | hello...
[GAMING/GAM] | YouTube  | [Normal]     | 92%    |  132.2ms | I’m seeing iron lung in 2 hours. Mark yo...
[MUSIC/CHIL] | YouTube  | [Normal]     | 96%    |   98.3ms | Ohh :anguished_face: is she doc Prasa :l...
[SELF-HELP/] | YouTube  | [Normal]     | 97%    |  156.8ms | I could see this for people you don't kn...
[GAMING/GAM] | YouTube  | [Normal]     | 93%    |   55.0ms | L...
[GAMING/GAM] | YouTube  | [Normal]     | 74%    |   85.1ms | anyone else see a body like shape under ...
[GAMING/GAM] | YouTube  | [Normal]     | 88%    |   79.1ms | :woman_facepalming: we love you mark...
[MUSIC/CHIL] | YouTube  | [Normal]     | 97%    |   68.5ms | :green_heart::elephant:...
[SELF-HELP/] | YouTube  | [Normal]     | 60%    |   71.4ms | what does it mean when you hate yourself...
[GAMING/SUR] | YouTube  | [Normal]     | 87%    |   58.4ms | Let him help...
[GAMING/GAM] | YouTube  | [Normal]     | 96%    |   59.8ms | flare???...
[GAMING/GAM] | YouTube  | [Normal]     | 94%    |   74.3ms | Keep an eye on the map in the interior...
[ENTERTAINM] | YouTube  | [Normal]     | 96%    |   73.5ms | How do yall not know lol?...
[GAMING/GAM] | YouTube  | [Normal]     | 89%    |   53.0ms | PHONE ANOMALY...
[GAMING/GAM] | YouTube  | [Normal]     | 97%    |   74.6ms | Mark I’ve watched you for 10 years!...
[ENTERTAINM] | YouTube  | [Normal]     | 97%    |   71.8ms | from Pakistan :red_heart:...
[GAMING/GAM] | YouTube  | [Normal]     | 97%    |   69.7ms | Bye mark I need to go love you...
[PSYCHOLOGY] | YouTube  | [Normal]     | 82%    |   67.3ms | how u guys deal with conformity...
[GAMING/GAM] | YouTube  | [Normal]     | 91%    |   52.7ms | Hey...
[ENTERTAINM] | YouTube  | [Normal]     | 98%    |  101.1ms | FROM BANGLADESH :green_circle::red_circl...
[ENTERTAINM] | YouTube  | [Normal]     | 98%    |  181.3ms | siempre participamos con la esperanza de...
[GAMING/SUR] | YouTube  | [Normal]     | 83%    |   64.6ms | weiner is on fire...
[GAMING/GAM] | YouTube  | [Normal]     | 95%    |   58.5ms | It looks cool...
[GAMING/GAM] | YouTube  | [Normal]     | 97%    |   77.5ms | Watched Iron Lung today. Loved it  love ...
[ENTERTAINM] | YouTube  | [Normal]     | 97%    |  179.8ms | MrBeast  congrats on 500 million! As you...
[MUSIC/CHIL] | YouTube  | [Normal]     | 96%    |   73.9ms | son culpa de putin y maduro...
[ENTERTAINM] | YouTube  | [Normal]     | 96%    |   86.4ms | hi Mr. Beast! I wish you the best!...
[GAMING/SUR] | YouTube  | [OFFENSIVE]  | 86%    |   75.9ms | -2k scrap and base is fucked up...
[ENTERTAINM] | YouTube  | [Normal]     | 94%    |   59.4ms | kai cenet?...
[ENTERTAINM] | YouTube  | [Normal]     | 94%    |   53.9ms | hi...
[GAMING/SUR] | YouTube  | [Normal]     | 91%    |   68.6ms | and you lost all your money lol...
[PSYCHOLOGY] | YouTube  | [Normal]     | 58%    |   92.2ms | What if I don’t want to have kids? (As a...
[SELF-HELP/] | YouTube  | [Normal]     | 96%    |   59.5ms | lol pure...
[SELF-HELP/] | YouTube  | [Normal]     | 56%    |   68.7ms | they don't stay in the matrix...
[ENTERTAINM] | YouTube  | [Normal]     | 85%    |   80.2ms | you are the best !!!!!!¡...
[GAMING/SUR] | YouTube  | [Normal]     | 61%    |   92.9ms | gingy gonna wake up to this :rolling_on_...
[ENTERTAINM] | YouTube  | [Normal]     | 94%    |   59.3ms | Yeeeee...
[ENTERTAINM] | YouTube  | [Normal]     | 88%    |   57.9ms | give me money...
[ENTERTAINM] | YouTube  | [Normal]     | 90%    |   52.9ms | maybe...
[GAMING/GAM] | YouTube  | [Normal]     | 97%    |   84.1ms | I’m back. He fixed the name I see lol...
[GAMING/SUR] | YouTube  | [HATE]       | 42%    |   62.3ms | All i know is they suck...
[ENTERTAINM] | YouTube  | [Normal]     | 96%    |  218.7ms | :yt::yt::yt::yt::yt::yt::yt::yt::yt::tha...
[ENTERTAINM] | YouTube  | [Normal]     | 96%    |   73.8ms | U.S. and no clue lol...
[GAMING/GAM] | YouTube  | [Normal]     | 95%    |   67.5ms | I see iron lung on Thursday January 29th...
[PSYCHOLOGY] | YouTube  | [Normal]     | 97%    |   66.9ms | holy shii these are hard conversations...
[GAMING/GAM] | YouTube  | [Normal]     | 90%    |   73.8ms | don't see a face "yet"...
[GAMING/SUR] | YouTube  | [Normal]     | 66%    |   64.3ms | you need cloaksy RPG...
[GAMING/SUR] | YouTube  | [Normal]     | 80%    |   85.9ms | They changed the heli about a year ago a...
[MUSIC/CHIL] | YouTube  | [Normal]     | 96%    |   61.4ms | vizz raaledhe...
[ENTERTAINM] | YouTube  | [Normal]     | 97%    |   59.2ms | Congratulations And Celebrations...
[ENTERTAINM] | YouTube  | [Normal]     | 90%    |   62.1ms | But for real who is he...
[SELF-HELP/] | YouTube  | [Normal]     | 95%    |   59.7ms | Ws for chat...
[ENTERTAINM] | YouTube  | [Normal]     | 95%    |   55.2ms | hello...
[GAMING/GAM] | YouTube  | [Normal]     | 90%    |   59.6ms | Oh my GOD NO...
[GAMING/GAM] | YouTube  | [Normal]     | 97%    |  144.0ms | Hey Mark  I have been watching your cont...
[GAMING/GAM] | YouTube  | [Normal]     | 93%    |   53.3ms | MISSING CAMERA...
[ENTERTAINM] | YouTube  | [Normal]     | 96%    |   67.0ms | hi :thumbs_up:hi...
[GAMING/SUR] | YouTube  | [HATE]       | 66%    |   67.8ms | well at least the windmill should be gon...
[PSYCHOLOGY] | YouTube  | [Normal]     | 80%    |  129.9ms | @ginevraaa if you want more connection t...
[ENTERTAINM] | YouTube  | [Normal]     | 93%    |   62.8ms | Mr beast is best...
[ENTERTAINM] | YouTube  | [Normal]     | 94%    |   52.3ms | Ray...
[GAMING/GAM] | YouTube  | [Normal]     | 87%    |   68.0ms | You’re live whattt since when...
[GAMING/GAM] | YouTube  | [Normal]     | 97%    |   77.4ms | Would you ever play League Of Legends fo...
[GAMING/GAM] | YouTube  | [Normal]     | 95%    |   64.0ms | the stairs look oddly green...
[GAMING/GAM] | YouTube  | [Normal]     | 97%    |   59.2ms | FUSE BOX in Interior...
[ENTERTAINM] | YouTube  | [Normal]     | 93%    |   61.8ms | I LOVE YOU MR BEAST SIR...
[ENTERTAINM] | YouTube  | [Normal]     | 94%    |   52.5ms | Do speed...
[ENTERTAINM] | YouTube  | [Normal]     | 96%    |   54.6ms | big fan...
[GAMING/SUR] | YouTube  | [Normal]     | 90%    |   68.2ms | OMG OMG PANIC...
[NEWS/LIVE ] | YouTube  | [Normal]     | 92%    |   67.6ms | They rejected him from the press confere...
[ENTERTAINM] | YouTube  | [Normal]     | 91%    |   59.7ms | منم...
[GAMING/GAM] | YouTube  | [Normal]     | 95%    |   86.2ms | Iron Lung's director dude is playing gam...
[ENTERTAINM] | YouTube  | [Normal]     | 92%    |   92.3ms | do yall live in a rock how do yall not k...
[MUSIC/CHIL] | YouTube  | [Normal]     | 95%    |   58.6ms | :zzz:...
[GAMING/GAM] | YouTube  | [Normal]     | 93%    |   58.2ms | extra bottle pier...
[ENTERTAINM] | YouTube  | [Normal]     | 87%    |   53.4ms | a...
[GAMING/GAM] | YouTube  | [Normal]     | 95%    |   62.2ms | omg it's me...
[ENTERTAINM] | YouTube  | [Normal]     | 95%    |   88.7ms | হ্যালো মিস্টার বিস্ট...
[PSYCHOLOGY] | YouTube  | [Normal]     | 95%    |   62.8ms | Seems convinient tbh...
[GAMING/GAM] | YouTube  | [Normal]     | 85%    |   62.4ms | What if mark is the anomaly...
[GAMING/GAM] | YouTube  | [Normal]     | 96%    |   63.3ms | What time does stream start?...
[GAMING/GAM] | YouTube  | [Normal]     | 97%    |   67.4ms | THE RED ROPE MOVED BACK I SWEAR...
[GAMING/GAM] | YouTube  | [Normal]     | 90%    |   62.0ms | It's the lung!...
[ENTERTAINM] | YouTube  | [Normal]     | 96%    |   62.0ms | привет...
[GAMING/SUR] | YouTube  | [Normal]     | 86%    |  113.2ms | :_LockIn::_LockIn::_LockIn::_LockIn::_Lo...
[GAMING/GAM] | YouTube  | [Normal]     | 96%    |   62.6ms | camera is zoomed on lighthouse...
[GAMING/GAM] | YouTube  | [Normal]     | 97%    |   65.1ms | SECOND MOUSETRAP IN BASEMENT...
[ENTERTAINM] | YouTube  | [Normal]     | 96%    |   53.9ms | hi!...
[GAMING/SUR] | YouTube  | [Normal]     | 94%    |   67.8ms | it's about to go down...
[MUSIC/CHIL] | YouTube  | [Normal]     | 97%    |   64.4ms | Kavya face reveal...
[ENTERTAINM] | YouTube  | [Normal]     | 97%    |   58.1ms | Hello from Philippines...
[GAMING/GAM] | YouTube  | [Normal]     | 96%    |   64.2ms | Logs on floor in cabin...
[MUSIC/CHIL] | YouTube  | [Normal]     | 96%    |  105.8ms | e fain doar am zis din suflet că vreau s...
[ENTERTAINM] | YouTube  | [Normal]     | 94%    |   51.5ms | hi...
[ENTERTAINM] | YouTube  | [Normal]     | 97%    |   57.6ms | I love you...
[ENTERTAINM] | YouTube  | [Normal]     | 90%    |   58.8ms | หวัดดี มิสเตอร์บีย...
[GAMING/GAM] | YouTube  | [Normal]     | 93%    |   80.6ms | The keepers roam sounds like someone is ...
[PSYCHOLOGY] | YouTube  | [Normal]     | 95%    |  117.9ms | @mandalarine yeah it’s just a break but ...
[GAMING/GAM] | YouTube  | [Normal]     | 97%    |   79.2ms | THE FUSE BOX IS OPEN!!!!!!...
[MUSIC/CHIL] | YouTube  | [HATE]       | 84%    |   71.6ms | Raggy buy her a Barista machine...
[ENTERTAINM] | YouTube  | [Normal]     | 94%    |   53.3ms | Hi...
[GAMING/SUR] | YouTube  | [Normal]     | 74%    |   64.9ms | YOU NEED TO BE FASTER...
[SELF-HELP/] | YouTube  | [Normal]     | 84%    |   73.8ms | If one sees only 2 options the ego is ac...
[GAMING/GAM] | YouTube  | [Normal]     | 98%    |   77.0ms | Mark the pole...
[MUSIC/CHIL] | YouTube  | [Normal]     | 97%    |   77.1ms | R.... Malik...
[SPORTS/FOO] | YouTube  | [Normal]     | 96%    |   73.8ms | luar biasa...
[GAMING/GAM] | YouTube  | [Normal]     | 96%    |   68.2ms | hi Mark...
[GAMING/GAM] | YouTube  | [Normal]     | 97%    |   93.7ms | The hanging ropes in stairwell look bend...
[GAMING/SUR] | YouTube  | [Normal]     | 97%    |   76.8ms | yt stream is fine!...
[GAMING/GAM] | YouTube  | [Normal]     | 88%    |  106.3ms | i'm really waiting for a person to show ...
[ENTERTAINM] | YouTube  | [Normal]     | 96%    |   73.6ms | im from India...
[GAMING/GAM] | YouTube  | [Normal]     | 77%    |   86.5ms | no iron lung for Ukrainian?(((...
[MUSIC/CHIL] | YouTube  | [Normal]     | 96%    |   82.5ms | :soap::dog2::soap:...
[GAMING/GAM] | YouTube  | [Normal]     | 97%    |   69.9ms | The lantern moved interior...
[GAMING/GAM] | YouTube  | [Normal]     | 97%    |   76.2ms | the fuse box was open...
[GAMING/GAM] | YouTube  | [Normal]     | 92%    |   70.6ms | ANOMALY IN TOP LEFT...
[GAMING/GAM] | YouTube  | [Normal]     | 96%    |   72.2ms | mark the eyes...
[ENTERTAINM] | YouTube  | [Normal]     | 91%    |   99.1ms | HI MT BEAST  I'M FROM BRAZILIAM   SPEAK ...
[ENTERTAINM] | YouTube  | [Normal]     | 94%    |   71.7ms | 94...
[GAMING/GAM] | YouTube  | [Normal]     | 98%    |   88.6ms | extra box by the purple scarf lantern ro...
[ENTERTAINM] | YouTube  | [Normal]     | 96%    |   65.9ms | FROM UZBEKISTAN...
[PSYCHOLOGY] | YouTube  | [Normal]     | 95%    |  183.4ms | @guywithnohouse.6808 Yeah like  okay rec...
[SELF-HELP/] | YouTube  | [Normal]     | 66%    |  172.0ms | My actual question is  why do I look at ...
[GAMING/GAM] | YouTube  | [Normal]     | 91%    |   77.8ms | you need to cool it...
[ENTERTAINM] | YouTube  | [Normal]     | 97%    |   81.1ms | i am happy :relieved_face:...
[SELF-HELP/] | YouTube  | [Normal]     | 90%    |   84.3ms | WE SHOULD APPRECIATE THE TREVOR @Healthy...
[GAMING/SUR] | YouTube  | [Normal]     | 51%    |   84.7ms | Let’s gooooooo...
[GAMING/SUR] | YouTube  | [Normal]     | 95%    |   72.3ms | LFG...
[GAMING/SUR] | YouTube  | [Normal]     | 94%    |   67.0ms | YUH...
[GAMING/SUR] | YouTube  | [Normal]     | 96%    |   76.8ms | Yurrrrr...
[PSYCHOLOGY] | YouTube  | [Normal]     | 98%    |   86.9ms | :glasses-purple-yellow-diamond:...
[GAMING/SUR] | YouTube  | [Normal]     | 96%    |   72.9ms | First...
[GAMING/SUR] | YouTube  | [Normal]     | 92%    |   78.1ms | Wuuhuu...
[GAMING/SUR] | YouTube  | [Normal]     | 63%    |   88.5ms | the grind is real!!...
[NEWS/LIVE ] | YouTube  | [Normal]     | 50%    |  130.0ms | who have worked a certain amount of year...
[GAMING/SUR] | YouTube  | [Normal]     | 69%    |   71.3ms | Gooooop...
[GAMING/SUR] | YouTube  | [OFFENSIVE]  | 75%    |   92.2ms | letssss gooooooo let's a go...
[GAMING/SUR] | YouTube  | [Normal]     | 59%    |   87.2ms | LETS GOOOO MFFFF’sssss...
[GAMING/SUR] | YouTube  | [Normal]     | 69%    |  106.9ms | It’s gonna be a good day boys surely he ...
[GAMING/SUR] | YouTube  | [Normal]     | 95%    |   70.4ms | yyyeeer...
[GAMING/SUR] | YouTube  | [Normal]     | 52%    |   75.4ms | GOOP GOOP GOOP...
[GAMING/SUR] | YouTube  | [Normal]     | 86%    |   86.2ms | Camsoda is still using guns against play...
[GAMING/SUR] | YouTube  | [Normal]     | 87%    |   71.5ms | LOCK IN...
[GAMING/SUR] | YouTube  | [Normal]     | 61%    |   84.4ms | lets goooooooooo chat!!!...
[GAMING/SUR] | YouTube  | [Normal]     | 92%    |   80.8ms | Knights of the bungus!!!...
[GAMING/SUR] | YouTube  | [Normal]     | 88%    |   69.9ms | LOCK IN!...
[GAMING/SUR] | YouTube  | [Normal]     | 86%    |   71.0ms | Voodooooooo...
[GAMING/SUR] | YouTube  | [Normal]     | 95%    |  203.7ms | :exploding_head::exploding_head::explodi...
[MUSIC/CHIL] | YouTube  | [Normal]     | 97%    |  246.0ms | Mother and daughter having children toge...
[GAMING/SUR] | YouTube  | [Normal]     | 92%    |   70.5ms | like the stream...
[GAMING/SUR] | YouTube  | [Normal]     | 92%    |   90.2ms | The Myth  The peanut  The mf legend in d...
[GAMING/SUR] | YouTube  | [Normal]     | 82%    |   81.2ms | hutch is spending all your scrap!...
[GAMING/SUR] | YouTube  | [Normal]     | 98%    |   85.5ms | :rocket-red-countdown-liftoff:...
[GAMING/SUR] | YouTube  | [Normal]     | 95%    |   69.8ms | EEEEE...
[GAMING/SUR] | YouTube  | [Normal]     | 51%    |   79.8ms | Let’s gooooooo...
[GAMING/SUR] | YouTube  | [Normal]     | 95%    |  152.4ms | :thumbs_up::thumbs_up::thumbs_up::thumbs...
[GAMING/SUR] | YouTube  | [Normal]     | 95%    |   84.3ms | no  no. how are YOUUUU peanut...
[GAMING/SUR] | YouTube  | [Normal]     | 96%    |   63.9ms | HAPPY SATURDAY...
[GAMING/SUR] | YouTube  | [Normal]     | 38%    |   90.3ms | Am I buggin or is peanut the goat of str...
[GAMING/SUR] | YouTube  | [Normal]     | 94%    |   80.6ms | hes the commander now...
[GAMING/SUR] | YouTube  | [Normal]     | 92%    |   74.7ms | hes ;leaving...
[GAMING/SUR] | YouTube  | [Normal]     | 80%    |  100.6ms | NO SLEEP TILL BUNGLYN!!!!!!!!!!...
[GAMING/SUR] | YouTube  | [OFFENSIVE]  | 48%    |   94.0ms | Bro STFU about diarrhea all the time lmf...
[GAMING/SUR] | YouTube  | [OFFENSIVE]  | 58%    |   74.6ms | Where’s Gingy?...
[GAMING/SUR] | YouTube  | [Normal]     | 70%    |   79.2ms | May it be smooth and stinky...
[GAMING/SUR] | YouTube  | [Normal]     | 79%    |   78.9ms | What happened to your whiskey throat?...
[GAMING/SUR] | YouTube  | [Normal]     | 91%    |   70.2ms | yeahhhhhh...
[NEWS/LIVE ] | YouTube  | [Normal]     | 98%    |   85.4ms | Even animals and birds have their own ho...
[GAMING/SUR] | YouTube  | [Normal]     | 74%    |   76.9ms | hutch is going to gamble...
[GAMING/SUR] | YouTube  | [Normal]     | 93%    |   83.5ms | Gingy and Rouge did 20 Hours...
[GAMING/SUR] | YouTube  | [Normal]     | 54%    |   88.5ms | Hutch robbed you of your gun and armor...
[MUSIC/CHIL] | YouTube  | [Normal]     | 97%    |  128.9ms | serendi lechi podam ani chelli ekkadikel...
[GAMING/SUR] | YouTube  | [Normal]     | 97%    |   70.9ms | 19 hrs...
[GAMING/SUR] | YouTube  | [Normal]     | 87%    |   75.9ms | give gingy her flowers...
[NEWS/LIVE ] | YouTube  | [Normal]     | 96%    |  136.2ms | John Wayne type cheet "Coffin man prepar...
[GAMING/SUR] | YouTube  | [Normal]     | 78%    |   79.7ms | Gingy and Rogue need a promotion peanut...
[GAMING/SUR] | YouTube  | [Normal]     | 97%    |   67.6ms | 23 hours...
[MUSIC/CHIL] | YouTube  | [Normal]     | 96%    |   76.7ms | Ee piyya evaru...
[GAMING/SUR] | YouTube  | [Normal]     | 97%    |   75.9ms | Arc!!!!...
[GAMING/SUR] | YouTube  | [OFFENSIVE]  | 79%    |  128.2ms | :_LetsGo::_LetsGo::_LetsGo::_LetsGo::_Le...
[NEWS/LIVE ] | YouTube  | [Normal]     | 96%    |   92.1ms | Won won :backhand_index_pointing_left:...
[GAMING/SUR] | YouTube  | [Normal]     | 91%    |   95.8ms | ayyyeee. he's baccckkk...
[MUSIC/CHIL] | YouTube  | [Normal]     | 98%    |   98.5ms | serendi marchipoya :smiling_face_with_te...
[GAMING/SUR] | YouTube  | [Normal]     | 80%    |   79.4ms | They have slot machines as well haha...
[MUSIC/CHIL] | YouTube  | [Normal]     | 98%    |   78.3ms | :musical_score:...
[GAMING/SUR] | YouTube  | [Normal]     | 95%    |   74.5ms | GATE LEFT OPEN P...
[GAMING/SUR] | YouTube  | [Normal]     | 95%    |   67.4ms | H20...
[GAMING/SUR] | YouTube  | [Normal]     | 82%    |   80.9ms | Shut the door!!!!...
[GAMING/SUR] | YouTube  | [Normal]     | 95%    |   70.3ms | h2o...
[GAMING/SUR] | YouTube  | [Normal]     | 91%    |   65.1ms | Vanoss...
[GAMING/SUR] | YouTube  | [Normal]     | 68%    |   74.7ms | goop his body...
[GAMING/SUR] | YouTube  | [Normal]     | 92%    |   77.0ms | did you leave the door open...
[GAMING/SUR] | YouTube  | [Normal]     | 96%    |   65.9ms | !peanuts...
[NEWS/LIVE ] | YouTube  | [Normal]     | 93%    |   71.0ms | :buffering:...
[GAMING/SUR] | YouTube  | [Normal]     | 92%    |   70.0ms | it went away...
[GAMING/SUR] | YouTube  | [Normal]     | 93%    |   70.8ms | $UFD...
[GAMING/SUR] | YouTube  | [Normal]     | 98%    |   89.7ms | Peanut on a game I actually play????...
[GAMING/SUR] | YouTube  | [Normal]     | 97%    |   73.7ms | where is telaviv?...
[SELF-HELP/] | YouTube  | [Normal]     | 96%    |   73.6ms | hows it going chat?...
[NEWS/LIVE ] | YouTube  | [Normal]     | 94%    |   95.7ms | nobody wants to be commie:cat-orange-whi...
[GAMING/SUR] | YouTube  | [OFFENSIVE]  | 98%    |  112.9ms | is this loser still using Rust pros when...
[MUSIC/CHIL] | YouTube  | [Normal]     | 97%    |  132.9ms | pranam leni paddati kosam pranam una pra...
[MUSIC/CHIL] | YouTube  | [Normal]     | 98%    |  144.1ms | :face_with_tears_of_joy::cat_with_tears_...
[MUSIC/CHIL] | YouTube  | [Normal]     | 97%    |  103.3ms | G  :face_with_tears_of_joy:Bagunda corpo...
[PSYCHOLOGY] | YouTube  | [Normal]     | 96%    |   70.1ms | alrighty chattt...
[GAMING/SUR] | YouTube  | [Normal]     | 76%    |  105.8ms | Imagine the amount of low grade fuel you...
[GAMING/SUR] | YouTube  | [Normal]     | 95%    |   75.8ms | Lollll...
[GAMING/SUR] | YouTube  | [Normal]     | 81%    |  104.8ms | gingy owned butch the hutt :rolling_on_t...
[GAMING/SUR] | YouTube  | [Normal]     | 94%    |   78.0ms | below...
[PSYCHOLOGY] | YouTube  | [Normal]     | 97%    |   92.7ms | Hi Dr. K ! Hi team ! Hi chat !...
[GAMING/SUR] | YouTube  | [Normal]     | 95%    |   67.6ms | pure diesel...
[MUSIC/CHIL] | YouTube  | [Normal]     | 85%    |  115.9ms | If he says it's a lie  I'll never come h...
[GAMING/SUR] | YouTube  | [OFFENSIVE]  | 49%    |   87.7ms | GINGY KILLED CLOAKZY?!?!...
[GAMING/SUR] | YouTube  | [Normal]     | 94%    |   80.7ms | RAAAQAAAAAHHHH...
[MUSIC/CHIL] | YouTube  | [Normal]     | 95%    |  157.2ms | Suz I can’t cover my face anymore :face_...
[MUSIC/CHIL] | YouTube  | [Normal]     | 97%    |  110.5ms | Manoj kyu mana kr rhe isse Acha to mar j...
[MUSIC/CHIL] | YouTube  | [Normal]     | 95%    |   87.1ms | Shivani your pfp is giving those vibes...
[NEWS/LIVE ] | YouTube  | [Normal]     | 88%    |  100.9ms | as a former USA teacher  what went wrong...
[GAMING/SUR] | YouTube  | [Normal]     | 92%    |   79.0ms | HES ON EARLY HI MR NUT...
[GAMING/SUR] | YouTube  | [Normal]     | 78%    |   74.5ms | GINGYYYYY...
[GAMING/SUR] | YouTube  | [Normal]     | 81%    |   79.8ms | there is a wheel in the train...
[GAMING/SUR] | YouTube  | [Normal]     | 91%    |   71.4ms | its in the front...
[GAMING/SUR] | YouTube  | [Normal]     | 94%    |   74.7ms | ON the ground...
[GAMING/SUR] | YouTube  | [Normal]     | 96%    |  105.5ms | yay mR_P":saluting_face::saluting_face:...
[GAMING/SUR] | YouTube  | [Normal]     | 91%    |   71.1ms | South...
[PSYCHOLOGY] | YouTube  | [Normal]     | 93%    |   79.5ms | I’m chat-maxxing...
[GAMING/SUR] | YouTube  | [Normal]     | 92%    |   76.5ms | haahahahah...
[MUSIC/CHIL] | YouTube  | [Normal]     | 88%    |   70.6ms | Stranger net slow...
[MUSIC/CHIL] | YouTube  | [Normal]     | 96%    |   75.4ms | your love can you love my...
[GAMING/SUR] | YouTube  | [Normal]     | 96%    |   76.9ms | oh its h20 lol...
[GAMING/SUR] | YouTube  | [OFFENSIVE]  | 89%    |   80.1ms | DELIROOUSSSSS...
[GAMING/SUR] | YouTube  | [Normal]     | 94%    |   93.0ms | No way that’s delirious LMAO...
[GAMING/SUR] | YouTube  | [Normal]     | 91%    |   82.8ms | DO IT AND YOUR COOL...
[MUSIC/CHIL] | YouTube  | [Normal]     | 96%    |   75.8ms | i can be...
[GAMING/SUR] | YouTube  | [Normal]     | 92%    |   80.6ms | W GAMBLING :_PeanutJork:...
[GAMING/SUR] | YouTube  | [Normal]     | 90%    |   79.3ms | bro needs to put some clothes on...
[PSYCHOLOGY] | YouTube  | [Normal]     | 95%    |   90.7ms | @MochiM00n we saw him over twitch...
[GAMING/SUR] | YouTube  | [Normal]     | 94%    |  102.4ms | @titeacevedo7791 wahhhh wahhhh...
[GAMING/SUR] | YouTube  | [HATE]       | 61%    |   70.6ms | Goat :goat:...
[GAMING/SUR] | YouTube  | [Normal]     | 96%    |   71.2ms | Classic...
[MUSIC/CHIL] | YouTube  | [Normal]     | 95%    |  151.0ms | what so :rolling_on_the_floor_laughing::...
[GAMING/SUR] | YouTube  | [Normal]     | 94%    |   70.3ms | Take his shot...
[GAMING/SUR] | YouTube  | [Normal]     | 82%    |   90.9ms | why the hell is delerious here lmfao...
[GAMING/SUR] | YouTube  | [Normal]     | 95%    |   75.2ms | well that escalated quickly...
[PSYCHOLOGY] | YouTube  | [Normal]     | 97%    |   80.3ms | I rewatched the early modules...
[GAMING/SUR] | YouTube  | [Normal]     | 97%    |   95.2ms | :face-green-smiling::face-green-smiling:...
[GAMING/SUR] | YouTube  | [OFFENSIVE]  | 78%    |  114.1ms | :_LetsGo::_LetsGo::_LetsGo::_LetsGo:...
[GAMING/SUR] | YouTube  | [Normal]     | 94%    |   88.2ms | don't swing at people there  lol...
[GAMING/SUR] | YouTube  | [Normal]     | 76%    |   96.9ms | Can’t loot him it’s in a safe zone...
[GAMING/SUR] | YouTube  | [Normal]     | 97%    |  134.3ms | :face-green-smiling::face-green-smiling:...
[MUSIC/CHIL] | YouTube  | [Normal]     | 96%    |   96.3ms | so you love me :smiling_face_with_sungla...
[GAMING/SUR] | YouTube  | [Normal]     | 94%    |   70.4ms | 10...
[GAMING/SUR] | YouTube  | [Normal]     | 96%    |   78.6ms | Lmao...
[GAMING/SUR] | YouTube  | [Normal]     | 96%    |   66.0ms | LOL...
[GAMING/SUR] | YouTube  | [Normal]     | 92%    |   86.3ms | the mods have that quik draw Mcgraw...
[GAMING/SUR] | YouTube  | [Normal]     | 96%    |   65.4ms | LOL...
[GAMING/SUR] | YouTube  | [Normal]     | 92%    |   80.2ms | LMFAOOOOOOOOO...
[GAMING/SUR] | YouTube  | [Normal]     | 94%    |   80.2ms | Lmaoooooo...
[GAMING/SUR] | YouTube  | [Normal]     | 97%    |  150.5ms | :face_with_tears_of_joy::face_with_tears...
[MUSIC/CHIL] | YouTube  | [Normal]     | 97%    |   90.5ms | Vsaanu Anna:slightly_smiling_face:...
[GAMING/SUR] | YouTube  | [Normal]     | 92%    |   94.4ms | :_LetsRide:...
[PSYCHOLOGY] | YouTube  | [Normal]     | 92%    |   82.0ms | good news there are billions of humans!...
[SELF-HELP/] | YouTube  | [Normal]     | 92%    |   70.1ms | H...
[SELF-HELP/] | YouTube  | [Normal]     | 86%    |   71.1ms | yo...
[GAMING/SUR] | YouTube  | [Normal]     | 55%    |  113.2ms | lol how is this place a safe zone should...
[GAMING/SUR] | YouTube  | [Normal]     | 93%    |   78.1ms | AHHHHHHHH...
[GAMING/ESP] | YouTube  | [Normal]     | 94%    |   74.5ms | :moai:...
[PSYCHOLOGY] | YouTube  | [Normal]     | 97%    |  101.3ms | is he streaming on twitch too? is that t...
[PSYCHOLOGY] | YouTube  | [Normal]     | 95%    |   96.3ms | Hello everyone ! I hope all of you have ...
[GAMING/SUR] | YouTube  | [Normal]     | 95%    |   66.3ms | 6 7...
[GAMING/SUR] | YouTube  | [Normal]     | 73%    |   80.8ms | this turned into a bossmanjack stream...
[GAMING/SUR] | YouTube  | [Normal]     | 96%    |   70.4ms | yup...
[GAMING/SUR] | YouTube  | [Normal]     | 91%    |   69.6ms | W...
[GAMING/SUR] | YouTube  | [Normal]     | 95%    |   98.6ms | :fire::fire::fire::fire::fire:...
[GAMING/SUR] | YouTube  | [Normal]     | 92%    |  118.4ms | :_PeanutJork::_GOOP::_GOOP::_GOOP:...
[GAMING/SUR] | YouTube  | [Normal]     | 91%    |   83.5ms | Hahahahahahahaha...
[GAMING/SUR] | YouTube  | [Normal]     | 95%    |   73.9ms | lmaooo...
[GAMING/SUR] | YouTube  | [Normal]     | 93%    |   69.6ms | get rekt...
[GAMING/SUR] | YouTube  | [Normal]     | 96%    |   75.5ms | lmao righed...
[GAMING/SUR] | YouTube  | [Normal]     | 92%    |   74.1ms | he definintely busted...
[GAMING/SUR] | YouTube  | [Normal]     | 91%    |   76.4ms | don't gamble kids...
[GAMING/SUR] | YouTube  | [Normal]     | 94%    |   73.8ms | Haahahahahhaa...
[GAMING/SUR] | YouTube  | [OFFENSIVE]  | 56%    |   76.7ms | No wayyyy...
[GAMING/SUR] | YouTube  | [Normal]     | 69%    |   70.2ms | got too greedy...
[GAMING/SUR] | YouTube  | [Normal]     | 93%    |   88.5ms | That’s it I’m going to the casino...
[GAMING/SUR] | YouTube  | [Normal]     | 89%    |   74.8ms | There goes the house Mrs peanut...
[MUSIC/CHIL] | YouTube  | [Normal]     | 95%    |   70.4ms | ......
[GAMING/SUR] | YouTube  | [Normal]     | 91%    |   71.7ms | W...
[GAMING/SUR] | YouTube  | [Normal]     | 94%    |   84.0ms | you had 1000 scrap on you when you logge...
[GAMING/SUR] | YouTube  | [Normal]     | 98%    |   82.6ms | W PEANUT :fire::fire:...
[GAMING/SUR] | YouTube  | [Normal]     | 98%    |   93.5ms | I LOVE :smiling_face_with_hearts:...
[PSYCHOLOGY] | YouTube  | [Normal]     | 94%    |  123.8ms | @atomicaxioms which one of your testicle...
[SELF-HELP/] | YouTube  | [Normal]     | 83%    |   80.2ms | you do have some jedi mind tricks...
[MUSIC/CHIL] | YouTube  | [OFFENSIVE]  | 57%    |   80.2ms | mohit kaise ho...
[GAMING/SUR] | YouTube  | [OFFENSIVE]  | 47%    |   70.6ms | sadge nut...
[GAMING/SUR] | YouTube  | [Normal]     | 95%    |   65.2ms | 3 again...
[GAMING/SUR] | YouTube  | [Normal]     | 96%    |   65.1ms | lol...
[GAMING/SUR] | YouTube  | [Normal]     | 94%    |   72.0ms | 5...
[GAMING/SUR] | YouTube  | [Normal]     | 94%    |   73.8ms | 5...
[GAMING/SUR] | YouTube  | [Normal]     | 92%    |   73.1ms | bust...
[GAMING/SUR] | YouTube  | [Normal]     | 74%    |   72.1ms | This is Depressing...
[NEWS/LIVE ] | YouTube  | [Normal]     | 94%    |  121.3ms | SPENCER PRATT THIS WILL HELP YOU. KAREN ...
[ENTERTAINM] | YouTube  | [Normal]     | 97%    |   70.9ms | :yt:...
[ENTERTAINM] | YouTube  | [Normal]     | 96%    |   81.9ms | Let's Go 500M Subscribers!...
[SELF-HELP/] | YouTube  | [Normal]     | 94%    |   67.9ms | Jedi soccer...
[PSYCHOLOGY] | YouTube  | [Normal]     | 91%    |   74.5ms | Where does he finds these names...
[ENTERTAINM] | YouTube  | [Normal]     | 89%    |   65.4ms | yahh...
[ENTERTAINM] | YouTube  | [Normal]     | 96%    |   84.5ms | MR BEAST I LOVE YOUUUUUU...
[ENTERTAINM] | YouTube  | [Normal]     | 95%    |   71.2ms | yooo...
[ENTERTAINM] | YouTube  | [Normal]     | 88%    |  113.7ms | :stayhome::stayhome::stayhome::stayhome:...
[ENTERTAINM] | YouTube  | [Normal]     | 94%    |   70.6ms | Hi...
[ENTERTAINM] | YouTube  | [Normal]     | 96%    |   81.1ms | hy pls take my name...
[ENTERTAINM] | YouTube  | [Normal]     | 94%    |   80.8ms | unsubscribe...
[GAMING/SUR] | YouTube  | [Normal]     | 87%    |   71.8ms | no...
[GAMING/SUR] | YouTube  | [Normal]     | 94%    |   74.0ms | JAMMMM...
[MUSIC/CHIL] | YouTube  | [Normal]     | 95%    |   89.4ms | D icheyi Ra...
[ENTERTAINM] | YouTube  | [Normal]     | 94%    |   79.4ms | hi...
[GAMING/SUR] | YouTube  | [Normal]     | 95%    |   83.9ms | so fkin crazy lmao...
[GAMING/GAM] | YouTube  | [Normal]     | 84%    |   70.7ms | WHERE IS HE...
[MUSIC/CHIL] | YouTube  | [Normal]     | 95%    |  108.0ms | I hope I don't have to tell you all this...
[SELF-HELP/] | YouTube  | [Normal]     | 93%    |   73.2ms | YES...
[GAMING/GAM] | YouTube  | [Normal]     | 95%    |   72.1ms | hello...
[ENTERTAINM] | YouTube  | [Normal]     | 95%    |   85.3ms | hello Mr beast I am your big fan please...
[GAMING/SUR] | YouTube  | [Normal]     | 81%    |   81.4ms | aint nobody see that!?...
[GAMING/GAM] | YouTube  | [Normal]     | 93%    |   75.4ms | THERE HE IS...
[GAMING/GAM] | YouTube  | [Normal]     | 96%    |   82.9ms | hello!! I exist!!...
[GAMING/GAM] | YouTube  | [Normal]     | 96%    |   69.4ms | Hi Mark...
[GAMING/GAM] | YouTube  | [Normal]     | 96%    |   82.1ms | HELLO FROM Ireland!!...
[SELF-HELP/] | YouTube  | [Normal]     | 94%    |  106.6ms | I remember you talking about all kinds o...
[ENTERTAINM] | YouTube  | [Normal]     | 91%    |   67.8ms | congratulation mrbeast bro...
[GAMING/SUR] | YouTube  | [Normal]     | 94%    |   84.1ms | :loudly_crying_face::loudly_crying_face:...
[GAMING/GAM] | YouTube  | [Normal]     | 96%    |   68.5ms | AAHHH HI MARK HI CHAT...
[GAMING/GAM] | YouTube  | [Normal]     | 94%    |   59.2ms | Sup dude...
[GAMING/GAM] | YouTube  | [Normal]     | 96%    |   57.6ms | HIIIIIII...
[ENTERTAINM] | YouTube  | [Normal]     | 93%    |   52.9ms | omg...
[ENTERTAINM] | YouTube  | [Normal]     | 95%    |   53.3ms | hii...
[GAMING/SUR] | YouTube  | [Normal]     | 48%    |   65.3ms | you should play some rust tomorrow...
[GAMING/GAM] | YouTube  | [Normal]     | 96%    |   78.3ms | WOOOOO I finally caught a stream!!!...
[ENTERTAINM] | YouTube  | [Normal]     | 94%    |   53.5ms | hi...
[ENTERTAINM] | YouTube  | [Normal]     | 92%    |   58.9ms | mrgoatttt...
[GAMING/SUR] | YouTube  | [Normal]     | 96%    |   78.0ms | it's 5 o'clock time for a beer...
[ENTERTAINM] | YouTube  | [Normal]     | 96%    |   71.4ms | hindi bolo na re vinod...
[GAMING/GAM] | YouTube  | [Normal]     | 96%    |   67.1ms | Hi Mark!!!...
[GAMING/GAM] | YouTube  | [Normal]     | 94%    |   53.0ms | hi...
[GAMING/GAM] | YouTube  | [Normal]     | 95%    |   63.9ms | Whatsuuuup...
[GAMING/GAM] | YouTube  | [Normal]     | 94%    |   57.7ms | CHAMPIONNNN...
[GAMING/GAM] | YouTube  | [Normal]     | 97%    |   59.1ms | Welcome to Member!...
[GAMING/GAM] | YouTube  | [Normal]     | 94%    |   53.7ms | hi...
[GAMING/GAM] | YouTube  | [Normal]     | 97%    |   76.5ms | I'm gonna go see the movie today!!...
[GAMING/SUR] | YouTube  | [Normal]     | 64%    |   58.7ms | we need pirate ships...
[SPORTS/FOO] | YouTube  | [Normal]     | 96%    |   62.3ms | 지금?...
[MUSIC/CHIL] | YouTube  | [Normal]     | 97%    |   95.0ms | ai văzut vreo fantomă?:face_with_rolling...
[ENTERTAINM] | YouTube  | [Normal]     | 86%    |   52.4ms | YO...
[GAMING/GAM] | YouTube  | [Normal]     | 95%    |   92.6ms | Is that the creator of the number one mo...
[GAMING/SUR] | YouTube  | [Normal]     | 78%    |   98.0ms | i dont understand how you have so much e...
[GAMING/GAM] | YouTube  | [Normal]     | 94%    |   59.0ms | w!!!...
[GAMING/GAM] | YouTube  | [Normal]     | 96%    |   96.4ms | Hey Mark. It would mean a lot if you sai...
[GAMING/GAM] | YouTube  | [Normal]     | 96%    |   76.7ms | Proud to say i was one of those people :...
[MUSIC/CHIL] | YouTube  | [Normal]     | 97%    |   72.8ms | shikha I can see.......
[ENTERTAINM] | YouTube  | [Normal]     | 97%    |   96.4ms | ниче не понимаю:slightly_smiling_face:...
[ENTERTAINM] | YouTube  | [Normal]     | 96%    |   74.0ms | broo...
[ENTERTAINM] | YouTube  | [OFFENSIVE]  | 60%    |   75.9ms | let's goooo...
[PSYCHOLOGY] | YouTube  | [Normal]     | 96%    |   71.4ms | yeah more or less...
[ENTERTAINM] | YouTube  | [Normal]     | 97%    |   80.3ms | yoooo 0.5b subs...
[ENTERTAINM] | YouTube  | [Normal]     | 94%    |   71.8ms | IND...
[PSYCHOLOGY] | YouTube  | [Normal]     | 87%    |   71.5ms | no...
[PSYCHOLOGY] | YouTube  | [Normal]     | 97%    |   71.0ms | unconscious template sorta...
[GAMING/GAM] | YouTube  | [Normal]     | 91%    |   75.1ms | screaming and crying rn...
[ENTERTAINM] | YouTube  | [Normal]     | 96%    |   67.5ms | big fan...
[ENTERTAINM] | YouTube  | [Normal]     | 97%    |   79.9ms | Jimmy You Did It :trophy:...
[GAMING/GAM] | YouTube  | [Normal]     | 96%    |   69.9ms | digital when....
[GAMING/GAM] | YouTube  | [Normal]     | 97%    |   89.8ms | i saw it yesterday and i loved it!!!...
[GAMING/GAM] | YouTube  | [Normal]     | 91%    |   70.9ms | YEAHHHHHHH...
[ENTERTAINM] | YouTube  | [Normal]     | 96%    |   79.8ms | i am India super Jimmy...
[ENTERTAINM] | YouTube  | [Normal]     | 95%    |   71.1ms | hello...
[ENTERTAINM] | YouTube  | [Normal]     | 96%    |   72.4ms | hello sirrrr...
[GAMING/GAM] | YouTube  | [Normal]     | 91%    |   73.7ms | YEAHHHH...
[ENTERTAINM] | YouTube  | [Normal]     | 87%    |   73.0ms | you r happy...
[ENTERTAINM] | YouTube  | [Normal]     | 90%    |   66.0ms | india brother...
[ENTERTAINM] | YouTube  | [Normal]     | 91%    |   65.3ms | mr beast...
[GAMING/GAM] | YouTube  | [Normal]     | 88%    |   76.0ms | Who cares about dollars FR...
[GAMING/GAM] | YouTube  | [Normal]     | 97%    |   84.1ms | Does it help that I saw it multiple time...
[ENTERTAINM] | YouTube  | [Normal]     | 94%    |   71.5ms | pliz help me...
[GAMING/GAM] | YouTube  | [Normal]     | 91%    |   75.1ms | YEAHHHHHHH...
[GAMING/GAM] | YouTube  | [Normal]     | 97%    |   81.0ms | MARK MY BROTHER AND I LOVED YOUR MOVIE...
[GAMING/GAM] | YouTube  | [Normal]     | 83%    |   73.4ms | CONGRATSS...
[MUSIC/CHIL] | YouTube  | [Normal]     | 95%    |   70.4ms | :hydrate:...
[GAMING/GAM] | YouTube  | [Normal]     | 91%    |  108.3ms | Mark  you look shorter than usual  every...
[SELF-HELP/] | YouTube  | [Normal]     | 91%    |   72.8ms | Is he running...
[ENTERTAINM] | YouTube  | [Normal]     | 95%    |   72.0ms | CONGRATULATIONS...
[GAMING/GAM] | YouTube  | [Normal]     | 95%    |   84.1ms | I hope you bring more scp videos back!...
[GAMING/GAM] | YouTube  | [Normal]     | 96%    |   75.7ms | MARKIPLIERRRRRR...
[GAMING/GAM] | YouTube  | [Normal]     | 97%    |   74.2ms | Welcome New Member!...
[ENTERTAINM] | YouTube  | [Normal]     | 94%    |   70.3ms | Türkiye...
[ENTERTAINM] | YouTube  | [Normal]     | 97%    |  115.7ms | Hii MrBeast I Watching So Long Time Peri...
[GAMING/GAM] | YouTube  | [Normal]     | 97%    |  105.0ms | FINALLY GOT TICKETS TO SEE THE MOVIE ON ...
[GAMING/GAM] | YouTube  | [OFFENSIVE]  | 65%    |   71.6ms | congratssss...
[GAMING/GAM] | YouTube  | [Normal]     | 92%    |   84.4ms | Meowdy Mark Congrat!!!!...
[ENTERTAINM] | YouTube  | [Normal]     | 94%    |   71.6ms | Hi...
[GAMING/SUR] | YouTube  | [OFFENSIVE]  | 77%    |  142.6ms | what an asshole to come and take all the...
[GAMING/GAM] | YouTube  | [Normal]     | 97%    |   86.5ms | I need a physical copy as soon as it rel...
[GAMING/GAM] | YouTube  | [Normal]     | 97%    |   80.8ms | im seeing the movie tomorrow! very excit...
[SELF-HELP/] | YouTube  | [OFFENSIVE]  | 47%    |   89.4ms | this wall assumes the hate is correct  n...
[ENTERTAINM] | YouTube  | [Normal]     | 95%    |   76.6ms | MR BEAST I HAVE A QUESTION...
[ENTERTAINM] | YouTube  | [Normal]     | 97%    |   98.4ms | I love you bro :face_blowing_a_kiss:...
[ENTERTAINM] | YouTube  | [Normal]     | 96%    |   66.4ms | Oi...
[ENTERTAINM] | YouTube  | [Normal]     | 93%    |   70.9ms | j...
[GAMING/GAM] | YouTube  | [Normal]     | 96%    |   76.4ms | that's the FACTS...
[GAMING/SUR] | YouTube  | [Normal]     | 84%    |   70.3ms | Close the gate...
[GAMING/SUR] | YouTube  | [Normal]     | 97%    |   71.1ms | did rouge sleep?...
[ENTERTAINM] | YouTube  | [Normal]     | 94%    |   70.5ms | ggs...
[GAMING/GAM] | YouTube  | [Normal]     | 89%    |  143.7ms | I remember initially tuning in when Drun...
[GAMING/GAM] | YouTube  | [Normal]     | 94%    |   71.6ms | Lighthouse pretty pretty please...
[ENTERTAINM] | YouTube  | [Normal]     | 91%    |   71.3ms | oooooo...
[GAMING/SUR] | YouTube  | [Normal]     | 96%    |   82.6ms | he didn't close the gate...
[GAMING/GAM] | YouTube  | [Normal]     | 77%    |   87.4ms | liiiight houuuuse...
[ENTERTAINM] | YouTube  | [Normal]     | 94%    |   75.9ms | hi...
[GAMING/SUR] | YouTube  | [Normal]     | 81%    |   90.9ms | DONT BET MORE THAN HALF SO YOU CAN DOUBL...
[SELF-HELP/] | YouTube  | [Normal]     | 65%    |  116.2ms | David Goggins records hate comments and ...
[ENTERTAINM] | YouTube  | [Normal]     | 98%    |  190.5ms | :heart_on_fire::heart_on_fire::heart_on_...
[GAMING/GAM] | YouTube  | [Normal]     | 95%    |   71.4ms | POLL...
[GAMING/SUR] | YouTube  | [Normal]     | 81%    |   65.5ms | THEN QUIT...
[GAMING/SUR] | YouTube  | [Normal]     | 94%    |   70.5ms | who is doug buck...
[GAMING/SUR] | YouTube  | [Normal]     | 77%    |   69.8ms | They changed dealers...
[SELF-HELP/] | YouTube  | [Normal]     | 70%    |  101.2ms | if one hates the self isnt that part of ...
[GAMING/SUR] | YouTube  | [Normal]     | 52%    |   67.0ms | Hell yeah...
[SELF-HELP/] | YouTube  | [HATE]       | 93%    |   91.0ms | You should listen to them but not dwell ...
[GAMING/GAM] | YouTube  | [Normal]     | 93%    |   71.5ms | lighthouse...
[GAMING/GAM] | YouTube  | [Normal]     | 95%    |   76.5ms | this music is BUMPING...
[GAMING/GAM] | YouTube  | [Normal]     | 96%    |   65.1ms | tuning in...
[GAMING/SUR] | YouTube  | [Normal]     | 96%    |   70.5ms | roulette...
[GAMING/GAM] | YouTube  | [Normal]     | 97%    |   65.3ms | LIGHT PLANE...
[ENTERTAINM] | YouTube  | [Normal]     | 83%    |   77.2ms | they grow up so fast...
[ENTERTAINM] | YouTube  | [Normal]     | 94%    |   79.8ms | bro still looks the same...
[GAMING/SUR] | YouTube  | [Normal]     | 93%    |   84.9ms | PEANUT SOMEONE SPRAYED A PEEN ON YOUR BI...
[GAMING/GAM] | YouTube  | [Normal]     | 95%    |   70.4ms | lighthouse yeah!...
[ENTERTAINM] | YouTube  | [Normal]     | 97%    |   86.8ms | Wow imagine 2 million subscribers lmao...
[GAMING/GAM] | YouTube  | [Normal]     | 95%    |   71.8ms | Light house for sure...
[GAMING/GAM] | YouTube  | [Normal]     | 96%    |   76.2ms | :sanitizer:...
[GAMING/GAM] | YouTube  | [Normal]     | 90%    |   65.1ms | light house...
[GAMING/GAM] | YouTube  | [Normal]     | 96%    |   65.3ms | Hi Mark...
[ENTERTAINM] | YouTube  | [Normal]     | 96%    |   75.7ms | Holaaaa...
[GAMING/SUR] | YouTube  | [Normal]     | 94%    |   71.9ms | Dude...
[ENTERTAINM] | YouTube  | [Normal]     | 95%    |  207.6ms | :face-fuchsia-poop-shape::face-purple-wi...
[GAMING/GAM] | YouTube  | [Normal]     | 98%    |  101.9ms | HII MARK YOUR MOVIE WAS AMAZING I LOVED ...
[GAMING/GAM] | YouTube  | [Normal]     | 96%    |  152.5ms | :_markiHEART::_markiHEART::_markiHEART::...
[MUSIC/CHIL] | YouTube  | [Normal]     | 98%    |   80.9ms | :cloud_with_rain:...
[GAMING/GAM] | YouTube  | [OFFENSIVE]  | 61%    |   77.6ms | your movie was fuckin fire...
[ENTERTAINM] | YouTube  | [Normal]     | 90%    |   75.0ms | Wazzzzup...
[GAMING/GAM] | YouTube  | [Normal]     | 97%    |   90.6ms | MARK PLAY ON AIRPLNE AND MY LIFE IS YOUR...
[ENTERTAINM] | YouTube  | [Normal]     | 95%    |  113.2ms | OI MRBEAST!!!!!! SOU DO BRASIL!!!!...
[GAMING/SUR] | YouTube  | [Normal]     | 96%    |   65.9ms | lol...
[ENTERTAINM] | YouTube  | [Normal]     | 97%    |   71.8ms | 500 million today!...
[ENTERTAINM] | YouTube  | [Normal]     | 94%    |   71.3ms | hi...
[PSYCHOLOGY] | YouTube  | [HATE]       | 57%    |   87.5ms | Dr K Jungian mogs Clavicular...
[GAMING/GAM] | YouTube  | [Normal]     | 95%    |   67.4ms | Yes!...
[GAMING/GAM] | YouTube  | [Normal]     | 91%    |   70.6ms | yeahhhh...
[GAMING/GAM] | YouTube  | [Normal]     | 97%    |   76.5ms | First time watching mark live...
[ENTERTAINM] | YouTube  | [Normal]     | 92%    |   72.2ms | Paraguay...
[GAMING/GAM] | YouTube  | [Normal]     | 97%    |   75.6ms | Welcome to Member!...
[GAMING/GAM] | YouTube  | [Normal]     | 96%    |   80.3ms | was that the gun shot of 87?...
[ENTERTAINM] | YouTube  | [Normal]     | 98%    |  164.3ms | Elon about to hit $1 Trillion and Jimmy ...
[GAMING/GAM] | YouTube  | [Normal]     | 97%    |   79.6ms | SLOVENIA????...
[GAMING/GAM] | YouTube  | [Normal]     | 91%    |   71.6ms | PORTUGAL...
[MUSIC/CHIL] | YouTube  | [Normal]     | 98%    |   84.2ms | :musical_notes::wine_glass:...
[ENTERTAINM] | YouTube  | [Normal]     | 94%    |   71.6ms | nice...
[GAMING/GAM] | YouTube  | [Normal]     | 96%    |   79.6ms | MARK WE LOVE YOU!!!...
[PSYCHOLOGY] | YouTube  | [Normal]     | 97%    |   73.5ms | deep root themes...
[ENTERTAINM] | YouTube  | [Normal]     | 91%    |   65.5ms | mr beast...
[ENTERTAINM] | YouTube  | [Normal]     | 94%    |   68.1ms | 1...
[ENTERTAINM] | YouTube  | [Normal]     | 94%    |   70.9ms | 1...
[GAMING/SUR] | YouTube  | [Normal]     | 97%    |   75.2ms | Who tf stands on 23...
[GAMING/SUR] | YouTube  | [Normal]     | 40%    |  113.2ms | Peanut is the type to not be happy until...
[GAMING/SUR] | YouTube  | [Normal]     | 91%    |   92.4ms | no way:face_with_open_mouth:...
[GAMING/GAM] | YouTube  | [Normal]     | 96%    |   84.2ms | hello mark are you considering doing con...
[GAMING/SUR] | YouTube  | [Normal]     | 94%    |   71.6ms | Stand...
[GAMING/GAM] | YouTube  | [Normal]     | 87%    |   74.0ms | I hope it comes to Chile...
[GAMING/GAM] | YouTube  | [Normal]     | 88%    |   84.4ms | YOOOOOOOOOOOOOOO...
[ENTERTAINM] | YouTube  | [Normal]     | 95%    |  142.3ms | seeing you going from 40 million subscri...
[GAMING/SUR] | YouTube  | [Normal]     | 94%    |   74.8ms | larry Joseph barringer...
[ENTERTAINM] | YouTube  | [Normal]     | 96%    |   76.9ms | I was hereeee...
[ENTERTAINM] | YouTube  | [Normal]     | 94%    |   72.6ms | 1...
[GAMING/SUR] | YouTube  | [Normal]     | 89%    |   94.0ms | Im Busting...!!!!!!...
[GAMING/GAM] | YouTube  | [Normal]     | 95%    |   79.9ms | Fashion :loudly_crying_face:...
[GAMING/GAM] | YouTube  | [Normal]     | 94%    |   76.0ms | portugal!? MY PEOPLE...
[GAMING/GAM] | YouTube  | [Normal]     | 71%    |   76.4ms | who else lowkey hungry...
[GAMING/GAM] | YouTube  | [Normal]     | 95%    |   65.3ms | bcb...
[GAMING/GAM] | YouTube  | [Normal]     | 98%    |   88.5ms | I want airplane :airplane::airplane:...
[GAMING/SUR] | YouTube  | [Normal]     | 98%    |   80.6ms | :trophy-yellow-smiling:W...
[ENTERTAINM] | YouTube  | [Normal]     | 95%    |   72.3ms | Bangladesh...
[GAMING/GAM] | YouTube  | [Normal]     | 95%    |   93.7ms | So Lixian will be able to see it again?...
[GAMING/GAM] | YouTube  | [Normal]     | 94%    |   67.7ms | penid...
[ENTERTAINM] | YouTube  | [Normal]     | 95%    |   71.8ms | i'm here...
[GAMING/GAM] | YouTube  | [Normal]     | 77%    |   77.9ms | WHERE CAN I WATCH IRON LUNG...
[GAMING/GAM] | YouTube  | [Normal]     | 95%    |  184.2ms | :_markiLOVE::_markiLOVE::_markiLOVE::_ma...
[GAMING/SUR] | YouTube  | [Normal]     | 95%    |   67.2ms | DOUBLE DOUBLE...
[GAMING/GAM] | YouTube  | [Normal]     | 95%    |   91.6ms | i was just seen your video of dont starv...
[GAMING/SUR] | YouTube  | [Normal]     | 94%    |   71.2ms | DOUBLE...
[GAMING/GAM] | YouTube  | [Normal]     | 93%    |   70.5ms | Ohhhh...
[GAMING/GAM] | YouTube  | [Normal]     | 96%    |   84.0ms | I saw it in atmos  it was dope...
[GAMING/SUR] | YouTube  | [Normal]     | 95%    |   71.5ms | hit...
[GAMING/GAM] | YouTube  | [Normal]     | 95%    |  156.4ms | hey mark do you ever plan on playing doo...
[PSYCHOLOGY] | YouTube  | [Normal]     | 90%    |   70.8ms | yin and yang...
[GAMING/GAM] | YouTube  | [Normal]     | 92%    |   70.3ms | ohhhhh...
[GAMING/GAM] | YouTube  | [Normal]     | 95%    |   65.8ms | hellooo...
[MUSIC/CHIL] | YouTube  | [Normal]     | 95%    |   74.7ms | fred yes :(...
[GAMING/GAM] | YouTube  | [Normal]     | 48%    |   92.0ms | sound was fab for me in the UK :)...
[GAMING/GAM] | YouTube  | [Normal]     | 96%    |  144.7ms | Hey man good job with IROn LUNG..WE FUND...
[MUSIC/CHIL] | YouTube  | [Normal]     | 98%    |  184.3ms | EXITO:face-red-heart-shape::face-red-hea...
[GAMING/GAM] | YouTube  | [Normal]     | 97%    |   79.4ms | Will there be a physical release?...
[NEWS/LIVE ] | YouTube  | [Normal]     | 93%    |   74.0ms | for not taking covid shots...
[MUSIC/CHIL] | YouTube  | [Normal]     | 95%    |   91.5ms | lo que hagas entre semana da igual...
[SPORTS/FOO] | YouTube  | [Normal]     | 96%    |  125.6ms | :virtualhug:Oh no LIFE IS OVER~:sparkles...
[GAMING/GAM] | YouTube  | [Normal]     | 97%    |   71.5ms | te amo...
[GAMING/SUR] | YouTube  | [Normal]     | 95%    |   70.6ms | now bet 500...
[GAMING/SUR] | YouTube  | [Normal]     | 91%    |   73.4ms | Risking way to much...
[GAMING/GAM] | YouTube  | [Normal]     | 92%    |  140.9ms | I just assumed it was supposed to be a b...
[GAMING/SUR] | YouTube  | [Normal]     | 95%    |   72.2ms | 100...
[ENTERTAINM] | YouTube  | [Normal]     | 95%    |  109.0ms | what will you do if you get a billion su...
[GAMING/SUR] | YouTube  | [Normal]     | 86%    |   75.8ms | Just like the casino...
[GAMING/SUR] | YouTube  | [Normal]     | 96%    |   80.4ms | 500 on 1 on the wheel trust...
[MUSIC/CHIL] | YouTube  | [Normal]     | 91%    |   72.5ms | lelelei...
[ENTERTAINM] | YouTube  | [Normal]     | 94%    |   70.4ms | hi...
[MUSIC/CHIL] | YouTube  | [Normal]     | 97%    |  144.9ms | LoL  caută alta mai aproape de tine :fac...
[GAMING/GAM] | YouTube  | [Normal]     | 95%    |   75.0ms | AIRPLANE PLZZZ...
[ENTERTAINM] | YouTube  | [Normal]     | 96%    |   66.0ms | love india...
[GAMING/SUR] | YouTube  | [Normal]     | 73%    |   93.0ms | Glad they got the base back after GINGY ...
[MUSIC/CHIL] | YouTube  | [Normal]     | 96%    |   91.1ms | @Tradexlav tera to katgya bro...
[GAMING/SUR] | YouTube  | [Normal]     | 91%    |   74.4ms | do 50 scrap hands and build...
[GAMING/GAM] | YouTube  | [Normal]     | 79%    |  100.3ms | IM literally going to see Iron Lung RN I...
[GAMING/GAM] | YouTube  | [Normal]     | 97%    |   77.5ms | Release Iron Long IN ROMANIA!...
[SELF-HELP/] | YouTube  | [Normal]     | 42%    |  100.5ms | out of curiosity.... why waste time and ...
[ENTERTAINM] | YouTube  | [Normal]     | 94%    |   71.4ms | hi...
[GAMING/GAM] | YouTube  | [Normal]     | 96%    |  182.3ms | WE'RE GETTING IRON LUNG IN PORTUGAL :dou...
[ENTERTAINM] | YouTube  | [Normal]     | 93%    |   76.6ms | so proud of you sir...
[ENTERTAINM] | YouTube  | [Normal]     | 96%    |   70.9ms | I LOVE MR BEAST...
[GAMING/GAM] | YouTube  | [Normal]     | 95%    |   70.4ms | L3...
[ENTERTAINM] | YouTube  | [Normal]     | 95%    |   71.5ms | Bangladesh...
[ENTERTAINM] | YouTube  | [Normal]     | 97%    |   72.9ms | 100th...
[MUSIC/CHIL] | YouTube  | [Normal]     | 98%    |  181.1ms | mohit kata to sabka h kabhi n kabhi :fac...
[ENTERTAINM] | YouTube  | [Normal]     | 97%    |   99.7ms | let's go :beaming_face_with_smiling_eyes...
[GAMING/GAM] | YouTube  | [Normal]     | 52%    |   86.2ms | do a poll with just airplane and lightho...
[GAMING/GAM] | YouTube  | [Normal]     | 87%    |  106.1ms | it was problematic on an imax theater he...
[ENTERTAINM] | YouTube  | [Normal]     | 96%    |   82.6ms | aura aura aura aura aura aura aura aura...
[GAMING/GAM] | YouTube  | [Normal]     | 91%    |   80.7ms | Seein Iron Lung again tommorow...
[GAMING/GAM] | YouTube  | [Normal]     | 98%    |   95.8ms | AMAZING MOVIE MARK felt like in-was watc...
[GAMING/GAM] | YouTube  | [Normal]     | 75%    |   69.8ms | Iron Lung...
[PSYCHOLOGY] | YouTube  | [Normal]     | 97%    |   80.3ms | building versus sustaining??...
[GAMING/GAM] | YouTube  | [Normal]     | 97%    |   85.5ms | I loved Iron Lung! 8/10!...
[GAMING/GAM] | YouTube  | [Normal]     | 92%    |   76.4ms | AAAAHHHHHHH...
[GAMING/GAM] | YouTube  | [Normal]     | 96%    |   70.0ms | CLUTCH UP AIRPLANE...
[ENTERTAINM] | YouTube  | [Normal]     | 96%    |   69.9ms | YAY SO CLOSE...
[ENTERTAINM] | YouTube  | [Normal]     | 97%    |   69.3ms | I am indian...
[ENTERTAINM] | YouTube  | [Normal]     | 91%    |   68.6ms | mom...
[ENTERTAINM] | YouTube  | [Normal]     | 98%    |   93.4ms | :hand-pink-waving::hand-pink-waving:...
[GAMING/GAM] | YouTube  | [Normal]     | 97%    |   77.0ms | Congratulations on the film!...
[ENTERTAINM] | YouTube  | [Normal]     | 95%    |   71.1ms | mom found youtube channel...
[NEWS/LIVE ] | YouTube  | [Normal]     | 94%    |   69.2ms | buddy...
[ENTERTAINM] | YouTube  | [Normal]     | 94%    |   69.7ms | nurrlana...
[GAMING/SUR] | YouTube  | [Normal]     | 85%    |   80.0ms | After a win bet small jackass...
[GAMING/SUR] | YouTube  | [Normal]     | 90%    |   69.7ms | hahaha...
[GAMING/SUR] | YouTube  | [Normal]     | 96%    |   73.7ms | Just like real life...
[ENTERTAINM] | YouTube  | [Normal]     | 94%    |   70.6ms | Hi...
[ENTERTAINM] | YouTube  | [Normal]     | 94%    |   74.7ms | I love you Mrbeast...
[GAMING/GAM] | YouTube  | [Normal]     | 98%    |   86.6ms | Wait so there was an atmos file made?...
[ENTERTAINM] | YouTube  | [Normal]     | 95%    |   67.2ms | hiii...
[PSYCHOLOGY] | YouTube  | [Normal]     | 95%    |  135.6ms | The key is threading the needle in the w...
[GAMING/GAM] | YouTube  | [Normal]     | 95%    |   65.2ms | Sup...
[GAMING/GAM] | YouTube  | [Normal]     | 92%    |   99.1ms | im seeing the movie tomorrow im so excxi...
[GAMING/GAM] | YouTube  | [Normal]     | 95%    |   72.4ms | airplane...
[GAMING/SUR] | YouTube  | [Normal]     | 95%    |   72.0ms | HIT...
[GAMING/GAM] | YouTube  | [Normal]     | 93%    |   83.7ms | IM FINALLY WATCHING IRON LUNG LATER TODA...
[GAMING/GAM] | YouTube  | [Normal]     | 91%    |   66.2ms | RAM RANCH...
[PSYCHOLOGY] | YouTube  | [Normal]     | 96%    |  109.2ms | So the answer is nadi shuddhi yet again ...
[GAMING/GAM] | YouTube  | [Normal]     | 83%    |   96.2ms | Yeah the end bit was hella hard to hear ...
[GAMING/SUR] | YouTube  | [Normal]     | 96%    |   73.9ms | bro didnt hit on 14...
[GAMING/SUR] | YouTube  | [Normal]     | 96%    |   64.8ms | PLAY ARC...
[GAMING/GAM] | YouTube  | [Normal]     | 91%    |   69.8ms | Vote airplane everyone...
[GAMING/SUR] | YouTube  | [Normal]     | 95%    |   67.6ms | ATM time...
[ENTERTAINM] | YouTube  | [Normal]     | 94%    |   71.3ms | give me one laptop...
[MUSIC/CHIL] | YouTube  | [Normal]     | 95%    |   85.1ms | mujhe toh nhi yad...
[GAMING/SUR] | YouTube  | [Normal]     | 95%    |   69.8ms | well well well...
[GAMING/GAM] | YouTube  | [Normal]     | 93%    |  104.3ms | that explains why I couldn't hear some t...
[GAMING/GAM] | YouTube  | [Normal]     | 96%    |   69.8ms | HI MARKKKK...
[MUSIC/CHIL] | YouTube  | [Normal]     | 96%    |  172.8ms | Chameleon chameleon chameleon :backhand_...
[ENTERTAINM] | YouTube  | [Normal]     | 94%    |   71.0ms | Indonesia...
[ENTERTAINM] | YouTube  | [Normal]     | 96%    |   83.4ms | plz give me I :mobile_phone:...
[ENTERTAINM] | YouTube  | [Normal]     | 94%    |   71.8ms | 1...
[ENTERTAINM] | YouTube  | [Normal]     | 95%    |   71.1ms | hello...
[ENTERTAINM] | YouTube  | [Normal]     | 97%    |   90.4ms | :smiling_face_with_smiling_eyes:...
[GAMING/GAM] | YouTube  | [Normal]     | 97%    |  122.3ms | just watched iron lung. i really enjoyed...
[GAMING/SUR] | YouTube  | [Normal]     | 96%    |   83.5ms | rust streams are by far some of my favor...
[ENTERTAINM] | YouTube  | [Normal]     | 97%    |   71.3ms | Count to 100 000...
[MUSIC/CHIL] | YouTube  | [Normal]     | 93%    |   86.3ms | Leave me :palm_down_hand:...
[GAMING/GAM] | YouTube  | [Normal]     | 96%    |  118.3ms | atmos is dynamic because it's a 3d syste...
[GAMING/GAM] | YouTube  | [Normal]     | 94%    |   75.9ms | hai warkiplier...
[GAMING/GAM] | YouTube  | [Normal]     | 83%    |  114.9ms | man when its live i have to see the jump...
[SELF-HELP/] | YouTube  | [Normal]     | 94%    |   70.6ms | doc is this ok...
[GAMING/SUR] | YouTube  | [Normal]     | 96%    |   73.7ms | thats a shareable amount...
[ENTERTAINM] | YouTube  | [Normal]     | 94%    |   71.8ms | عرب...
[ENTERTAINM] | YouTube  | [Normal]     | 94%    |   70.8ms | hi...
[GAMING/SUR] | YouTube  | [Normal]     | 46%    |   74.6ms | go to the scapper...
[GAMING/SUR] | YouTube  | [Normal]     | 94%    |   70.5ms | 10...
[ENTERTAINM] | YouTube  | [Normal]     | 92%    |   70.1ms | congratulations brooo...
[ENTERTAINM] | YouTube  | [Normal]     | 96%    |   64.5ms | love you...
[ENTERTAINM] | YouTube  | [Normal]     | 94%    |   70.3ms | IM NOT NPC...
[GAMING/SUR] | YouTube  | [Normal]     | 92%    |   74.2ms | Peanut is itchy to gamble...
[GAMING/GAM] | YouTube  | [Normal]     | 95%    |   85.1ms | what's cracking mark  long time no see...
[GAMING/SUR] | YouTube  | [Normal]     | 96%    |   79.7ms | H20!!!!!!...
[GAMING/GAM] | YouTube  | [Normal]     | 95%    |   79.1ms | NUMBA ONEEEEEEEE...
[GAMING/GAM] | YouTube  | [OFFENSIVE]  | 81%    |   75.8ms | HELL YEAHHHHHHH...
[GAMING/GAM] | YouTube  | [Normal]     | 94%    |   73.9ms | airplane enclosed space like iron lung...
[PSYCHOLOGY] | YouTube  | [Normal]     | 94%    |  107.2ms | jung believes men had an anima and women...
[ENTERTAINM] | YouTube  | [Normal]     | 96%    |   69.0ms | New member...
[MUSIC/CHIL] | YouTube  | [Normal]     | 95%    |   70.3ms | :eyes:...
[ENTERTAINM] | YouTube  | [Normal]     | 87%    |   70.6ms | vamos beast...
[GAMING/GAM] | YouTube  | [Normal]     | 95%    |  113.0ms | I finally made it to a live but I’m work...
[GAMING/GAM] | YouTube  | [Normal]     | 97%    |   75.3ms | WE ARE THE CHAMPIONS...
[ENTERTAINM] | YouTube  | [Normal]     | 96%    |   75.4ms | come to Rajasthan india...
[SELF-HELP/] | YouTube  | [Normal]     | 95%    |   93.0ms | cuz they jele :pensive_face:...
[GAMING/GAM] | YouTube  | [Normal]     | 97%    |  153.0ms | its my birthday today 25 :partying_face:...
[GAMING/GAM] | YouTube  | [Normal]     | 94%    |  112.8ms | our audio was great (could feel the floo...
[ENTERTAINM] | YouTube  | [Normal]     | 93%    |   73.3ms | mushtariy...
[ENTERTAINM] | YouTube  | [Normal]     | 94%    |   80.1ms | oh my your voice changed so much...
[ENTERTAINM] | YouTube  | [Normal]     | 94%    |   71.8ms | Hi...
[ENTERTAINM] | YouTube  | [Normal]     | 96%    |   76.5ms | please Pro $10000...
[ENTERTAINM] | YouTube  | [Normal]     | 96%    |   79.1ms | 500 million subscriber...
[ENTERTAINM] | YouTube  | [Normal]     | 94%    |   78.7ms | Mr beast !!!...
[ENTERTAINM] | YouTube  | [Normal]     | 94%    |   71.3ms | hi...
[ENTERTAINM] | YouTube  | [Normal]     | 95%    |   70.4ms | Hello...
[MUSIC/CHIL] | YouTube  | [Normal]     | 92%    |   71.1ms | ai mușcat...
[ENTERTAINM] | YouTube  | [Normal]     | 94%    |   72.2ms | hi...
[ENTERTAINM] | YouTube  | [Normal]     | 71%    |   76.3ms | bro your moom ware...
[ENTERTAINM] | YouTube  | [Normal]     | 91%    |   71.3ms | hey...
[GAMING/GAM] | YouTube  | [Normal]     | 96%    |   93.0ms | gonna try to see it for a second time to...
[ENTERTAINM] | YouTube  | [Normal]     | 97%    |   66.4ms | 500M...
[GAMING/SUR] | YouTube  | [Normal]     | 96%    |   94.2ms | H2O???????????...
[PSYCHOLOGY] | YouTube  | [Normal]     | 88%    |   80.4ms | Gigachad vs normies...
[ENTERTAINM] | YouTube  | [OFFENSIVE]  | 99%    |  183.3ms | Jimmy ki jai ho:smiling_face_with_heart_...
[ENTERTAINM] | YouTube  | [Normal]     | 96%    |   67.8ms | hello jimmy...
[ENTERTAINM] | YouTube  | [Normal]     | 96%    |   80.2ms | :red_heart:...
[GAMING/SUR] | YouTube  | [Normal]     | 92%    |  107.3ms | Lmao H2O being broke hmmm all that yt mo...
[GAMING/SUR] | YouTube  | [Normal]     | 94%    |   73.0ms | 1...
[NEWS/LIVE ] | YouTube  | [Normal]     | 96%    |   79.3ms | 1984 on the way XD...
[GAMING/GAM] | YouTube  | [Normal]     | 97%    |   80.0ms | YAYY MARKIPLIER TIME...
[GAMING/SUR] | YouTube  | [Normal]     | 95%    |   64.5ms | h20...
[ENTERTAINM] | YouTube  | [Normal]     | 96%    |   80.4ms | 500m:saluting_face:...
[GAMING/GAM] | YouTube  | [Normal]     | 96%    |   86.0ms | how long you okay on streaming for sir?...
[GAMING/GAM] | YouTube  | [Normal]     | 83%    |   80.3ms | Does Iron lung come to poland pls...
[GAMING/SUR] | YouTube  | [Normal]     | 95%    |  199.4ms | :rolling_on_the_floor_laughing::rolling_...
[GAMING/SUR] | YouTube  | [Normal]     | 78%    |   64.3ms | no way...
[GAMING/GAM] | YouTube  | [Normal]     | 93%    |   95.1ms | AIIIIRRRPLLLAAAAANNNNNEEEEEE...
[ENTERTAINM] | YouTube  | [Normal]     | 88%    |   66.7ms | give money...
[GAMING/SUR] | YouTube  | [Normal]     | 96%    |   65.8ms | LOL...
[GAMING/GAM] | YouTube  | [Normal]     | 96%    |   70.3ms | HI MARK!...
[ENTERTAINM] | YouTube  | [Normal]     | 96%    |   64.5ms | New member...
[GAMING/GAM] | YouTube  | [Normal]     | 95%    |  375.1ms | :face-red-droopy-eyes::face-red-droopy-e...
[GAMING/SUR] | YouTube  | [Normal]     | 94%    |   70.8ms | AHAHAHAHA...
[GAMING/SUR] | YouTube  | [Normal]     | 91%    |   69.1ms | w...
[MUSIC/CHIL] | YouTube  | [Normal]     | 97%    |  121.1ms | por lo menos los de la puerta de la igle...
[GAMING/SUR] | YouTube  | [Normal]     | 78%    |   79.3ms | NO WAY...
[GAMING/SUR] | YouTube  | [Normal]     | 72%    |   77.9ms | whats the discord...
[GAMING/GAM] | YouTube  | [Normal]     | 93%    |   64.6ms | gg...
[PSYCHOLOGY] | YouTube  | [Normal]     | 94%    |   65.0ms | ben shapiro...
[GAMING/SUR] | YouTube  | [Normal]     | 69%    |   75.7ms | H2O HELL YEAH...
[MUSIC/CHIL] | YouTube  | [Normal]     | 95%    |   74.2ms | e șubred dudul...
[ENTERTAINM] | YouTube  | [Normal]     | 89%    |  105.9ms | I am your subscriber Mr beast I am be ha...
[GAMING/SUR] | YouTube  | [Normal]     | 97%    |   88.9ms | we got delirious on a peanut stream lol...
[GAMING/GAM] | YouTube  | [Normal]     | 94%    |   85.3ms | Hey mark  is Iron Lung a horror movie?...
[ENTERTAINM] | YouTube  | [Normal]     | 89%    |   74.2ms | can you come to sri  lanka...
[ENTERTAINM] | YouTube  | [Normal]     | 86%    |   87.2ms | like done :thumbs_up:...
[GAMING/GAM] | YouTube  | [Normal]     | 95%    |   86.3ms | honestly restarted the Garten of banban ...
[GAMING/GAM] | YouTube  | [Normal]     | 97%    |   71.6ms | i love this game...
[GAMING/SUR] | YouTube  | [Normal]     | 94%    |   74.5ms | ITS GONNA BE 5 FOR SURE...
[ENTERTAINM] | YouTube  | [Normal]     | 97%    |   80.2ms | hi :check_mark_button:...
[PSYCHOLOGY] | YouTube  | [Normal]     | 96%    |   70.6ms | LMAO...
[GAMING/GAM] | YouTube  | [Normal]     | 97%    |   76.4ms | Welcome to Member!...
[GAMING/SUR] | YouTube  | [Normal]     | 73%    |   69.1ms | ADDICTION...
[MUSIC/CHIL] | YouTube  | [Normal]     | 94%    |  122.2ms | mohit :face_with_tears_of_joy::face_with...
[SELF-HELP/] | YouTube  | [Normal]     | 90%    |   90.7ms | Which is maybe why he's calming down on ...
[PSYCHOLOGY] | YouTube  | [Normal]     | 96%    |   64.5ms | isn't that sadly partially true?...
[ENTERTAINM] | YouTube  | [Normal]     | 97%    |   65.3ms | love from keralaaaaaaaaaa...
[GAMING/SUR] | YouTube  | [Normal]     | 91%    |   63.8ms | hahahahaha...
[SELF-HELP/] | YouTube  | [Normal]     | 42%    |  100.1ms | there is also projection  for example to...
[GAMING/GAM] | YouTube  | [Normal]     | 95%    |   55.1ms | obversation...
[ENTERTAINM] | YouTube  | [Normal]     | 97%    |   62.2ms | :heart_suit:...
[GAMING/SUR] | YouTube  | [Normal]     | 95%    |  203.6ms | :rolling_on_the_floor_laughing::rolling_...
[GAMING/SUR] | YouTube  | [Normal]     | 93%    |   49.0ms | OMG...
[GAMING/SUR] | YouTube  | [Normal]     | 93%    |   45.7ms | deserved...
[ENTERTAINM] | YouTube  | [Normal]     | 96%    |   48.6ms | New member...
[GAMING/SUR] | YouTube  | [Normal]     | 96%    |   54.1ms | Nice Raid....
[ENTERTAINM] | YouTube  | [Normal]     | 97%    |  222.9ms | Jai jagannathJai jagannathJai jagannathJ...
[ENTERTAINM] | YouTube  | [Normal]     | 97%    |  114.4ms | :face-purple-crying::face-purple-crying:...
[ENTERTAINM] | YouTube  | [Normal]     | 94%    |   48.9ms | hi...
[ENTERTAINM] | YouTube  | [Normal]     | 97%    |   89.1ms | love :face_blowing_a_kiss::two_hearts: y...
[ENTERTAINM] | YouTube  | [Normal]     | 97%    |   64.0ms | saludos desde Perú carajo...
[GAMING/GAM] | YouTube  | [Normal]     | 96%    |   60.2ms | That was fast lol...
[GAMING/GAM] | YouTube  | [Normal]     | 97%    |   58.0ms | What is this game??...
[GAMING/GAM] | YouTube  | [Normal]     | 96%    |   50.9ms | Water cheese...
[ENTERTAINM] | YouTube  | [Normal]     | 66%    |   56.3ms | that is crazy...
[ENTERTAINM] | YouTube  | [Normal]     | 91%    |   48.2ms | W...
[ENTERTAINM] | YouTube  | [Normal]     | 98%    |  146.0ms | :hand-pink-waving::hand-pink-waving::han...
[ENTERTAINM] | YouTube  | [Normal]     | 69%    |   60.0ms | you can't see me...
[ENTERTAINM] | YouTube  | [Normal]     | 96%    |   58.6ms | yo  hi  Miso Beef!...
[GAMING/GAM] | YouTube  | [Normal]     | 97%    |  102.7ms | Typo :face_with_tears_of_joy::face_with_...
[PSYCHOLOGY] | YouTube  | [Normal]     | 96%    |   55.3ms | average fortune 500 ceo...
[GAMING/GAM] | YouTube  | [Normal]     | 96%    |   55.5ms | OBVERSATION MARK...
[GAMING/GAM] | YouTube  | [Normal]     | 96%    |   60.8ms | observation is spelt wrong...
[ENTERTAINM] | YouTube  | [Normal]     | 90%    |   55.1ms | meeeeeee...
[GAMING/SUR] | YouTube  | [Normal]     | 95%    |   51.0ms | TF...
[GAMING/SUR] | YouTube  | [Normal]     | 91%    |   73.7ms | hutch has the patience of of seahorse gi...
[GAMING/SUR] | YouTube  | [Normal]     | 84%    |   47.2ms | rigged...
[GAMING/GAM] | YouTube  | [Normal]     | 97%    |   77.8ms | Attendence for Markiplier!! SAY HERE!!!!...
[GAMING/GAM] | YouTube  | [Normal]     | 96%    |   63.1ms | boy i love obversating...
[ENTERTAINM] | YouTube  | [Normal]     | 91%    |   47.7ms | me...
[PSYCHOLOGY] | YouTube  | [Normal]     | 51%    |   61.2ms | People hate their moms...
[GAMING/SUR] | YouTube  | [Normal]     | 97%    |   78.2ms | :face_with_tears_of_joy:...
[ENTERTAINM] | YouTube  | [Normal]     | 91%    |   48.4ms | me...
[PSYCHOLOGY] | YouTube  | [Normal]     | 95%    |   68.5ms | Never done drugs i use 20 hours gaming s...
[ENTERTAINM] | YouTube  | [Normal]     | 91%    |   47.3ms | w...
[GAMING/GAM] | YouTube  | [Normal]     | 91%    |   60.4ms | Hes obversating...
[GAMING/SUR] | YouTube  | [Normal]     | 78%    |   49.5ms | no way...
[GAMING/SUR] | YouTube  | [Normal]     | 48%    |   71.0ms | No way no wayyyyyy...
[GAMING/GAM] | YouTube  | [Normal]     | 92%    |   80.3ms | mark i might go see your neww movie soon...
[GAMING/SUR] | YouTube  | [Normal]     | 92%    |   64.2ms | never come back here lmao...
[GAMING/GAM] | YouTube  | [Normal]     | 96%    |   70.1ms | This is a very white knuckle map...
[GAMING/SUR] | YouTube  | [Normal]     | 97%    |   64.6ms | 1K SCRAP IN A BOX AT BASE...
[ENTERTAINM] | YouTube  | [Normal]     | 90%    |   48.0ms | Usa...
[GAMING/SUR] | YouTube  | [Normal]     | 95%    |  202.8ms | :rolling_on_the_floor_laughing::rolling_...
[ENTERTAINM] | YouTube  | [Normal]     | 95%    |   48.1ms | 67...
[GAMING/GAM] | YouTube  | [Normal]     | 93%    |   56.2ms | LOCKIN MARK...
[PSYCHOLOGY] | YouTube  | [Normal]     | 91%    |   46.4ms | animals...
[GAMING/SUR] | YouTube  | [Normal]     | 96%    |   55.6ms | what a sweet treat...
[GAMING/GAM] | YouTube  | [Normal]     | 95%    |   95.3ms | Dude makes a good movie but doesn’t know...
[GAMING/GAM] | YouTube  | [Normal]     | 96%    |   69.5ms | I didn't notice Obversation XD...
[GAMING/SUR] | YouTube  | [Normal]     | 95%    |   64.5ms | started from the top now we here...
[GAMING/GAM] | YouTube  | [Normal]     | 97%    |   60.3ms | OBVERSATIUON...
[ENTERTAINM] | YouTube  | [Normal]     | 97%    |   54.2ms | Love from Bangladesh...
[SELF-HELP/] | YouTube  | [Normal]     | 93%    |   80.4ms | @exozl That's legitimate. Carbs = sugar....
[GAMING/GAM] | YouTube  | [Normal]     | 95%    |   50.6ms | W title...
[ENTERTAINM] | YouTube  | [Normal]     | 92%    |   63.9ms | Bro it looks like you drink champagne...
[GAMING/GAM] | YouTube  | [Normal]     | 83%    |   55.7ms | KEEP IT  FUNNY...
[ENTERTAINM] | YouTube  | [Normal]     | 94%    |   48.0ms | Hi...
[ENTERTAINM] | YouTube  | [Normal]     | 93%    |   54.5ms | Aurabeast...
[ENTERTAINM] | YouTube  | [Normal]     | 97%    |   55.4ms | Welcome New Member!...
[PSYCHOLOGY] | YouTube  | [OFFENSIVE]  | 54%    |   50.6ms | HOLY SHIT...
[ENTERTAINM] | YouTube  | [Normal]     | 93%    |   47.4ms | م...
[GAMING/SUR] | YouTube  | [Normal]     | 95%    |   55.5ms | peanut sick lol...
[ENTERTAINM] | YouTube  | [Normal]     | 95%    |   64.4ms | sir mujhe dollar chahie...
[GAMING/GAM] | YouTube  | [Normal]     | 97%    |   79.9ms | IS THERE AN UPDATE ON IT COMING TO BLUER...
[GAMING/SUR] | YouTube  | [Normal]     | 94%    |   75.8ms | nothing like being excited about being 1...
[ENTERTAINM] | YouTube  | [Normal]     | 97%    |  132.2ms | just add slowmode gang :broken_heart::br...
[GAMING/SUR] | YouTube  | [Normal]     | 83%    |   49.5ms | Who hungry...
[GAMING/GAM] | YouTube  | [Normal]     | 96%    |   48.4ms | extra object...
[GAMING/GAM] | YouTube  | [Normal]     | 94%    |   63.4ms | missing buoy in the yard?...
[GAMING/SUR] | YouTube  | [Normal]     | 95%    |   54.3ms | Hu20?...
[GAMING/GAM] | YouTube  | [OFFENSIVE]  | 90%    |   82.8ms | Damn it time zones it’s too late to watc...
[GAMING/SUR] | YouTube  | [Normal]     | 94%    |   48.0ms | 3...
[GAMING/SUR] | YouTube  | [Normal]     | 93%    |   64.9ms | casinos love to see you coming lol...
[GAMING/GAM] | YouTube  | [Normal]     | 96%    |   96.2ms | Iron lung was so peak :raising_hands::ra...
[GAMING/GAM] | YouTube  | [Normal]     | 91%    |   90.9ms | so unprofessonal not nowing how to spel ...
[GAMING/SUR] | YouTube  | [Normal]     | 89%    |   64.2ms | do it and you're cool...
[ENTERTAINM] | YouTube  | [Normal]     | 94%    |   49.4ms | hola...
[ENTERTAINM] | YouTube  | [Normal]     | 94%    |   48.0ms | hi...
[GAMING/SUR] | YouTube  | [Normal]     | 71%    |   48.3ms | stop...
[MUSIC/CHIL] | YouTube  | [Normal]     | 96%    |   55.5ms | mohit nahi...
[ENTERTAINM] | YouTube  | [Normal]     | 95%    |   47.4ms | hello...
[ENTERTAINM] | YouTube  | [Normal]     | 96%    |   64.4ms | hidup Jokowi!!!...
[GAMING/GAM] | YouTube  | [Normal]     | 96%    |   49.4ms | HI MARK...
[GAMING/GAM] | YouTube  | [Normal]     | 94%    |   73.6ms | There's an anomaly in the top left corne...
[GAMING/SUR] | YouTube  | [Normal]     | 91%    |   58.7ms | best anti-gambling stream EVER...
[GAMING/GAM] | YouTube  | [Normal]     | 96%    |   54.4ms | markin it...
[GAMING/GAM] | YouTube  | [Normal]     | 97%    |   90.5ms | obversation...:rolling_on_the_floor_laug...
[ENTERTAINM] | YouTube  | [Normal]     | 95%    |   60.3ms | WHERE'S MOM NOW?...
[ENTERTAINM] | YouTube  | [Normal]     | 96%    |   56.7ms | jsjsj...
[ENTERTAINM] | YouTube  | [Normal]     | 94%    |   46.7ms | Hi...
[MUSIC/CHIL] | YouTube  | [Normal]     | 94%    |   63.0ms | leagă - ma de leagăn...
[GAMING/GAM] | YouTube  | [Normal]     | 96%    |  149.5ms | Y'all  if you watch 'The distractible po...
[GAMING/GAM] | YouTube  | [Normal]     | 92%    |   48.8ms | over...
[MUSIC/CHIL] | YouTube  | [Normal]     | 98%    |   76.3ms | ...:face-turquoise-music-note:...
[GAMING/SUR] | YouTube  | [Normal]     | 90%    |   55.4ms | Hahahaha...
[GAMING/GAM] | YouTube  | [Normal]     | 95%    |   54.2ms | Obversation...
[GAMING/GAM] | YouTube  | [OFFENSIVE]  | 73%    |   60.9ms | Mark  ITS WRONGGGG...
[GAMING/SUR] | YouTube  | [Normal]     | 96%    |   50.8ms | lol...
[GAMING/GAM] | YouTube  | [Normal]     | 93%    |   55.2ms | no not that one...
[ENTERTAINM] | YouTube  | [Normal]     | 97%    |   89.1ms | Привет Мистер Бист!...
[GAMING/GAM] | YouTube  | [Normal]     | 93%    |   94.0ms | an observation duty movie would actually...
[GAMING/GAM] | YouTube  | [Normal]     | 91%    |   57.5ms | you got this Mark...
[SPORTS/PEN] | YouTube  | [Normal]     | 95%    |   50.5ms | ofc...
[GAMING/GAM] | YouTube  | [Normal]     | 78%    |   58.5ms | We on observation duty babyy...
[GAMING/GAM] | YouTube  | [Normal]     | 94%    |   70.0ms | Me too mark:skull: (spelling)...
[GAMING/GAM] | YouTube  | [Normal]     | 96%    |   98.8ms | :_markiHEART::_markiHEART::_markiHEART:...
[GAMING/GAM] | YouTube  | [Normal]     | 96%    |   54.8ms | missing beer bottle?...
[GAMING/GAM] | YouTube  | [Normal]     | 97%    |   55.2ms | Welcome to Member!...
[MUSIC/CHIL] | YouTube  | [Normal]     | 98%    |   79.1ms | ...:face-turquoise-music-note:...
[GAMING/GAM] | YouTube  | [Normal]     | 79%    |   52.7ms | THE BED...
[GAMING/GAM] | YouTube  | [Normal]     | 96%    |   83.7ms | I couldn't go watch your movie so I offe...
[ENTERTAINM] | YouTube  | [Normal]     | 97%    |   54.7ms | :lotus:...
[GAMING/GAM] | YouTube  | [Normal]     | 93%    |   56.0ms | talk tuah...
[GAMING/GAM] | YouTube  | [Normal]     | 95%    |   48.8ms | Hello father...
[GAMING/SUR] | YouTube  | [Normal]     | 80%    |   54.5ms | YOU CANT?...
[ENTERTAINM] | YouTube  | [Normal]     | 94%    |   54.6ms | heloooo...
[ENTERTAINM] | YouTube  | [Normal]     | 93%    |   76.7ms | I love how people usually donates but he...
[SELF-HELP/] | YouTube  | [Normal]     | 89%    |   67.1ms | I just land up feeling sorry for myself ...
[GAMING/SUR] | YouTube  | [Normal]     | 96%    |   55.2ms | house always win!...
[ENTERTAINM] | YouTube  | [Normal]     | 97%    |   86.9ms | love you mr beast :face_blowing_a_kiss::...
[PSYCHOLOGY] | YouTube  | [Normal]     | 75%    |   58.3ms | no idea who you could mean...
[GAMING/GAM] | YouTube  | [Normal]     | 96%    |   93.7ms | i'm so dyslexic i did not even notice th...
[GAMING/GAM] | YouTube  | [Normal]     | 87%    |   76.4ms | What about that T thing at the dock!!...
[GAMING/GAM] | YouTube  | [Normal]     | 96%    |   59.6ms | MARKIMOOOO...
[ENTERTAINM] | YouTube  | [Normal]     | 96%    |   93.2ms | BRO PLEZ GIVE ME PC FOR GAMING :melting_...
[NEWS/LIVE ] | YouTube  | [Normal]     | 97%    |   71.7ms | lol:face-green-smiling:...
[GAMING/GAM] | YouTube  | [Normal]     | 93%    |   48.0ms | yes...
[GAMING/GAM] | YouTube  | [Normal]     | 94%    |   70.4ms | intruder? how did he get in? intruder wi...
[GAMING/GAM] | YouTube  | [Normal]     | 92%    |   48.3ms | BED...
[GAMING/GAM] | YouTube  | [Normal]     | 96%    |   49.5ms | Hi Mark...
[ENTERTAINM] | YouTube  | [Normal]     | 96%    |   55.6ms | bro remember video replies...
[GAMING/GAM] | YouTube  | [Normal]     | 96%    |   49.6ms | poster!...
[ENTERTAINM] | YouTube  | [Normal]     | 97%    |  134.7ms | My biggest dream is to take my whole fam...
[GAMING/GAM] | YouTube  | [Normal]     | 93%    |   94.3ms | THIS IS A PRERECORDED VIDEO GUYS...
[GAMING/GAM] | YouTube  | [Normal]     | 79%    |   64.4ms | THE BED...
[GAMING/GAM] | YouTube  | [Normal]     | 96%    |   67.0ms | hi mark...
[ENTERTAINM] | YouTube  | [Normal]     | 94%    |   70.2ms | 5...
[ENTERTAINM] | YouTube  | [Normal]     | 94%    |   80.4ms | 4...
[GAMING/GAM] | YouTube  | [Normal]     | 96%    |   88.6ms | SO humble! Number 1 director in america!...
[ENTERTAINM] | YouTube  | [Normal]     | 94%    |   71.5ms | 5...
[ENTERTAINM] | YouTube  | [Normal]     | 95%    |   71.1ms | 67...
[ENTERTAINM] | YouTube  | [Normal]     | 94%    |   71.5ms | 5...
[GAMING/GAM] | YouTube  | [Normal]     | 83%    |   79.6ms | THE STAIRS IN THE BASEMENT ARE MOVING...
[GAMING/GAM] | YouTube  | [Normal]     | 95%    |   71.6ms | Staircase...
[GAMING/GAM] | YouTube  | [Normal]     | 88%    |   74.3ms | You're number one!...
[GAMING/GAM] | YouTube  | [Normal]     | 90%    |   77.2ms | ignore everyone in chat...
[ENTERTAINM] | YouTube  | [Normal]     | 94%    |   68.8ms | 5...
[ENTERTAINM] | YouTube  | [Normal]     | 94%    |   70.6ms | 5...
[GAMING/GAM] | YouTube  | [Normal]     | 97%    |   79.9ms | Thank you for being there for me...
[ENTERTAINM] | YouTube  | [Normal]     | 94%    |   70.7ms | 1...
[ENTERTAINM] | YouTube  | [Normal]     | 96%    |   75.8ms | Hi Jimmy my name is Caleb...
[GAMING/GAM] | YouTube  | [Normal]     | 94%    |   86.7ms | stairs are moving!!!!!...
[GAMING/SUR] | YouTube  | [Normal]     | 89%    |   86.8ms | HUTCH HAS AN AIRSTRIKE...
[GAMING/GAM] | YouTube  | [Normal]     | 83%    |   79.7ms | The stairs in the basement are moving...
[ENTERTAINM] | YouTube  | [Normal]     | 92%    |   79.6ms | @LEO7894Art...
[GAMING/GAM] | YouTube  | [Normal]     | 92%    |  180.0ms | Sooooo hyped to watch Iron Lung! Plannin...
[PSYCHOLOGY] | YouTube  | [HATE]       | 62%    |  111.4ms | @Danuxsy you will not find someone more ...
[ENTERTAINM] | YouTube  | [Normal]     | 94%    |   70.6ms | 5...
[ENTERTAINM] | YouTube  | [Normal]     | 88%    |   70.9ms | give me money...
[GAMING/GAM] | YouTube  | [Normal]     | 91%    |  118.1ms | Where’s your director hat? :clapper_boar...
[PSYCHOLOGY] | YouTube  | [Normal]     | 72%    |   81.0ms | thats where drugs come in huh...
[GAMING/GAM] | YouTube  | [Normal]     | 78%    |   90.5ms | “ I’m the number 1 director “ is crazy...
[ENTERTAINM] | YouTube  | [Normal]     | 98%    |   90.6ms | ....... ronaldo or messi...
[ENTERTAINM] | YouTube  | [Normal]     | 95%    |   70.3ms | 111...
[GAMING/GAM] | YouTube  | [Normal]     | 90%    |  103.0ms | Oh  I wasn't paying attention. My bad :_...
[ENTERTAINM] | YouTube  | [Normal]     | 96%    |   70.4ms | 1-1...
[GAMING/GAM] | YouTube  | [Normal]     | 97%    |   65.4ms | Lantern moved...
[NEWS/LIVE ] | YouTube  | [Normal]     | 93%    |  100.8ms | Flatulence is no laughing matter :grinni...
[GAMING/GAM] | YouTube  | [Normal]     | 89%    |   76.1ms | maybe the jacket is missing...
[ENTERTAINM] | YouTube  | [Normal]     | 96%    |   76.1ms | مرحبا...
[GAMING/GAM] | YouTube  | [Normal]     | 97%    |   98.9ms | I am on observation duty for the observe...
[GAMING/GAM] | YouTube  | [Normal]     | 90%    |   76.8ms | the basement stairs are moving...
[GAMING/GAM] | YouTube  | [Normal]     | 89%    |   90.6ms | MARK NVM I AM SO SORRY I LIED TO YOU...
[MUSIC/CHIL] | YouTube  | [Normal]     | 97%    |   93.1ms | :face_with_tears_of_joy:...
[SELF-HELP/] | YouTube  | [Normal]     | 93%    |   75.0ms | hm...
[ENTERTAINM] | YouTube  | [Normal]     | 95%    |   82.0ms | hlo bhaii...
[ENTERTAINM] | YouTube  | [Normal]     | 94%    |   70.8ms | 5...
[ENTERTAINM] | YouTube  | [Normal]     | 96%    |   78.3ms | op...
[GAMING/GAM] | YouTube  | [Normal]     | 98%    |  100.5ms | I love you Mark. Please Make more videos...
[MUSIC/CHIL] | YouTube  | [Normal]     | 97%    |   80.1ms | kuchh nhi......
[GAMING/GAM] | YouTube  | [Normal]     | 77%    |   74.4ms | WE WOULD NEVER LIE TO YOU...
[ENTERTAINM] | YouTube  | [Normal]     | 89%    |   64.6ms | yoooo...
[GAMING/GAM] | YouTube  | [OFFENSIVE]  | 44%    |   76.0ms | you're going crazy...
[SPORTS/FOO] | YouTube  | [Normal]     | 93%    |   71.1ms | semangat...
[PSYCHOLOGY] | YouTube  | [Normal]     | 93%    |   71.0ms | daydreaming...
[GAMING/GAM] | YouTube  | [Normal]     | 96%    |   75.8ms | we have a keen eye...
[ENTERTAINM] | YouTube  | [Normal]     | 96%    |  132.7ms | in you tube history 500 million subscrib...
[GAMING/GAM] | YouTube  | [Normal]     | 94%    |   75.3ms | gaslight anomoly...
[ENTERTAINM] | YouTube  | [Normal]     | 96%    |  134.8ms | bro don't clap i am in the middle of my ...
[GAMING/GAM] | YouTube  | [Normal]     | 93%    |   89.9ms | :rolling_on_the_floor_laughing:...
[GAMING/GAM] | YouTube  | [OFFENSIVE]  | 43%    |   86.0ms | That’s disgusting! What a obversation...
[GAMING/GAM] | YouTube  | [Normal]     | 93%    |   83.6ms | firewood...
[SELF-HELP/] | YouTube  | [Normal]     | 90%    |  174.4ms | I´ve joined now the stream  kinda late I...
[GAMING/SUR] | YouTube  | [Normal]     | 93%    |   77.2ms | you got one last night...
[ENTERTAINM] | YouTube  | [Normal]     | 95%    |   66.3ms | INDONESIA  INDONESIA...
[GAMING/GAM] | YouTube  | [Normal]     | 97%    |   85.3ms | two mousetraps in basement?...
[GAMING/GAM] | YouTube  | [Normal]     | 97%    |   91.8ms | R.I.P who ever needed help lol...
[GAMING/GAM] | YouTube  | [Normal]     | 95%    |   72.6ms | I got tickled...
[GAMING/GAM] | YouTube  | [Normal]     | 95%    |  106.6ms | I'm over here yelling at my computer scr...
[GAMING/GAM] | YouTube  | [Normal]     | 92%    |   71.0ms | GO MARK GO...
[ENTERTAINM] | YouTube  | [Normal]     | 97%    |   84.5ms | You're amazing  Mr. Beast...
[GAMING/GAM] | YouTube  | [Normal]     | 94%    |   72.5ms | PASSWORD1...
[ENTERTAINM] | YouTube  | [Normal]     | 94%    |   84.4ms | MR BEAST I’VE MET YOU BEFORE...
[GAMING/GAM] | YouTube  | [Normal]     | 95%    |   90.2ms | I finally got to see iron lung and I lov...
[GAMING/GAM] | YouTube  | [Normal]     | 89%    |  102.2ms | I dont rememver there being wood planks ...
[ENTERTAINM] | YouTube  | [Normal]     | 96%    |   90.5ms | Mr beast give me iPhone17 ultra pro max...
[ENTERTAINM] | YouTube  | [Normal]     | 95%    |   70.8ms | 67...
[GAMING/GAM] | YouTube  | [Normal]     | 94%    |   80.6ms | it's coming right for you Mark...
[GAMING/GAM] | YouTube  | [Normal]     | 96%    |   71.3ms | i feel so helpful...
[ENTERTAINM] | YouTube  | [Normal]     | 96%    |   76.6ms | king of yt...
[GAMING/GAM] | YouTube  | [Normal]     | 97%    |   83.4ms | INTERIOR: lantern movement!...
[GAMING/GAM] | YouTube  | [Normal]     | 97%    |  129.3ms | I love how Mark always pops up when I ne...
[ENTERTAINM] | YouTube  | [Normal]     | 78%    |   75.6ms | you are the best...
[GAMING/GAM] | YouTube  | [Normal]     | 82%    |   83.5ms | ßung...
[GAMING/GAM] | YouTube  | [Normal]     | 97%    |   79.4ms | THE GREEN BOTTLE...
[MUSIC/CHIL] | YouTube  | [Normal]     | 97%    |   78.1ms | ye pgla gya...
[GAMING/SUR] | YouTube  | [Normal]     | 80%    |   72.4ms | this is too funny...
[GAMING/GAM] | YouTube  | [Normal]     | 92%    |   71.6ms | bed...
[GAMING/GAM] | YouTube  | [Normal]     | 79%    |   65.1ms | the bed...
[GAMING/SUR] | YouTube  | [OFFENSIVE]  | 89%    |   79.4ms | damn son! we can tell!...
[PSYCHOLOGY] | YouTube  | [Normal]     | 91%    |   79.3ms | can you be double possessed??...
[ENTERTAINM] | YouTube  | [Normal]     | 94%    |   66.2ms | Hy...
[GAMING/GAM] | YouTube  | [Normal]     | 95%    |   71.7ms | PIER MISSING POLE RIGHT...
[MUSIC/CHIL] | YouTube  | [Normal]     | 97%    |   79.2ms | es lo único que podrás...
[SELF-HELP/] | YouTube  | [Normal]     | 52%    |  125.2ms | Should I tell my freind that he can’t do...
[GAMING/GAM] | YouTube  | [Normal]     | 97%    |   80.8ms | ladder?...
[ENTERTAINM] | YouTube  | [Normal]     | 97%    |   86.9ms | :thumbs_up: :clapping_hands:...
[ENTERTAINM] | YouTube  | [Normal]     | 92%    |  211.4ms | Hi Mr. Beast  I have a problem with aloa...
[GAMING/GAM] | YouTube  | [Normal]     | 95%    |   87.4ms | im going to see your movie tonight Mark!...
[GAMING/GAM] | YouTube  | [Normal]     | 86%    |   72.3ms | Not the bed...
[ENTERTAINM] | YouTube  | [Normal]     | 96%    |  101.7ms | please shoutout me :pleading_face::loudl...
[GAMING/GAM] | YouTube  | [Normal]     | 83%    |   82.0ms | Can you please finish Slient Hill...
[GAMING/GAM] | YouTube  | [Normal]     | 98%    |   80.3ms | light swinging on the lantern room....
[ENTERTAINM] | YouTube  | [Normal]     | 95%    |   73.6ms | вак...
[GAMING/GAM] | YouTube  | [Normal]     | 96%    |  117.7ms | Just got done watching Iron Lung. Fantas...
[GAMING/SUR] | YouTube  | [Normal]     | 94%    |   79.8ms | what is voodoo ranger???...
[GAMING/GAM] | YouTube  | [Normal]     | 94%    |   64.5ms | pardon?...
[GAMING/GAM] | YouTube  | [Normal]     | 96%    |   71.7ms | LANTERN...
[GAMING/GAM] | YouTube  | [Normal]     | 97%    |   80.7ms | Pfft lol...
[GAMING/GAM] | YouTube  | [Normal]     | 96%    |  105.4ms | I made spaghetti and now my nose is blee...
[MUSIC/CHIL] | YouTube  | [Normal]     | 97%    |  120.9ms | mujhe chhune k bahaane dhund ri kya...ma...
[ENTERTAINM] | YouTube  | [Normal]     | 94%    |   71.0ms | 1...
[GAMING/GAM] | YouTube  | [Normal]     | 88%    |  113.0ms | I love observation duty but does anyone ...
[ENTERTAINM] | YouTube  | [Normal]     | 90%    |   71.7ms | hay mr beast...
[GAMING/SUR] | YouTube  | [Normal]     | 62%    |   71.4ms | alcohol is poison...
[GAMING/GAM] | YouTube  | [Normal]     | 94%    |   65.8ms | w mark...
[MUSIC/CHIL] | YouTube  | [Normal]     | 97%    |   77.1ms | bandhiya lol...
[ENTERTAINM] | YouTube  | [Normal]     | 94%    |   72.2ms | hi...
[ENTERTAINM] | YouTube  | [Normal]     | 97%    |  102.4ms | Congratulations on reaching 500 million!...
[GAMING/GAM] | YouTube  | [Normal]     | 92%    |   93.0ms | There's an anomaly top left!!!!...
[GAMING/GAM] | YouTube  | [Normal]     | 94%    |   85.6ms | the thing swings bottom right of the lig...
[GAMING/GAM] | YouTube  | [Normal]     | 97%    |   74.2ms | Lantern on the dresser in interior...
[GAMING/GAM] | YouTube  | [Normal]     | 88%    |   65.1ms | THE DOOR...
[GAMING/SUR] | YouTube  | [Normal]     | 94%    |   72.1ms | 5...
[SELF-HELP/] | YouTube  | [Normal]     | 97%    |   88.0ms | Can I share this live or save it for lat...
[GAMING/SUR] | YouTube  | [Normal]     | 96%    |   90.1ms | Rogue is the MVP of this stream . no sle...
[GAMING/GAM] | YouTube  | [Normal]     | 96%    |   76.7ms | the railing moved in stairwell...
[GAMING/GAM] | YouTube  | [Normal]     | 92%    |   81.0ms | they need a baby mode specially for mark...
[ENTERTAINM] | YouTube  | [Normal]     | 95%    |   96.2ms | can you pay me 1000000 dollar...
[GAMING/GAM] | YouTube  | [Normal]     | 87%    |   93.5ms | youre tweaking stop thinking so much vro...
[GAMING/GAM] | YouTube  | [Normal]     | 96%    |   71.5ms | the railing??...
[ENTERTAINM] | YouTube  | [Normal]     | 94%    |   71.8ms | 1...
[GAMING/GAM] | YouTube  | [Normal]     | 89%    |  113.0ms | stealing my jokes Mark lol I invented th...
[ENTERTAINM] | YouTube  | [Normal]     | 94%    |   72.5ms | 2...
[GAMING/GAM] | YouTube  | [Normal]     | 90%    |   65.1ms | THE RAIL...
[ENTERTAINM] | YouTube  | [Normal]     | 94%    |   72.5ms | 1...
[GAMING/SUR] | YouTube  | [Normal]     | 95%    |   76.0ms | So tempted to play this...
[ENTERTAINM] | YouTube  | [Normal]     | 94%    |   73.6ms | 1...
[ENTERTAINM] | YouTube  | [Normal]     | 94%    |   70.5ms | 1...
[GAMING/SUR] | YouTube  | [Normal]     | 95%    |   65.8ms | looks great...
[ENTERTAINM] | YouTube  | [Normal]     | 81%    |   64.9ms | Uwu...
[ENTERTAINM] | YouTube  | [Normal]     | 94%    |   71.5ms | 1...
[ENTERTAINM] | YouTube  | [Normal]     | 95%    |   71.3ms | 111...
[GAMING/GAM] | YouTube  | [Normal]     | 93%    |  109.1ms | HEY MARK ME AND MY GIRLFRIEND LOVE YOU S...
[SELF-HELP/] | YouTube  | [Normal]     | 95%    |  138.5ms | Yea  no. Universe wants me to learn boun...
[ENTERTAINM] | YouTube  | [Normal]     | 95%    |   73.3ms | CAN U PLEASE TAKE MY NAME...
[ENTERTAINM] | YouTube  | [Normal]     | 94%    |   69.6ms | 1...
[GAMING/GAM] | YouTube  | [Normal]     | 96%    |   76.1ms | heyo Markiplier...
[ENTERTAINM] | YouTube  | [Normal]     | 94%    |   68.9ms | 1...
[MUSIC/CHIL] | YouTube  | [Normal]     | 92%    |   86.6ms | Aman you look like a puncture wala...
[GAMING/GAM] | YouTube  | [Normal]     | 87%    |   83.7ms | What if we were the anomalies all along...
[ENTERTAINM] | YouTube  | [Normal]     | 90%    |   72.3ms | 𝟐...
[GAMING/GAM] | YouTube  | [Normal]     | 90%    |   64.5ms | Missing cam...
[GAMING/GAM] | YouTube  | [Normal]     | 96%    |  125.0ms | Saw iron lung last night and I can’t sto...
[ENTERTAINM] | YouTube  | [Normal]     | 94%    |   71.2ms | 5...
[GAMING/GAM] | YouTube  | [Normal]     | 93%    |   69.2ms | fun...
[GAMING/GAM] | YouTube  | [Normal]     | 96%    |   64.6ms | CONE?...
[GAMING/GAM] | YouTube  | [Normal]     | 96%    |   87.1ms | INTERIOR LAMP MOVED...
[GAMING/GAM] | YouTube  | [Normal]     | 96%    |   78.4ms | HELLO MARK !!...
[GAMING/GAM] | YouTube  | [Normal]     | 97%    |   76.4ms | 3 mouse traps??...
[GAMING/GAM] | YouTube  | [OFFENSIVE]  | 96%    |   79.9ms | Ker'fuckle'd...
[PSYCHOLOGY] | YouTube  | [Normal]     | 96%    |   81.2ms | this dude is an angel sent by god...
[GAMING/SUR] | YouTube  | [Normal]     | 75%    |   76.7ms | height is only importance...
[ENTERTAINM] | YouTube  | [Normal]     | 94%    |   70.7ms | 1...
[GAMING/SUR] | YouTube  | [Normal]     | 87%    |   71.4ms | No...
[ENTERTAINM] | YouTube  | [Normal]     | 95%    |   72.6ms | 67...
[GAMING/SUR] | YouTube  | [Normal]     | 85%    |   70.1ms | nooooo...
[GAMING/GAM] | YouTube  | [Normal]     | 97%    |   64.8ms | Good morning...
[ENTERTAINM] | YouTube  | [Normal]     | 94%    |   72.8ms | 1...
[MUSIC/CHIL] | YouTube  | [Normal]     | 95%    |  104.2ms | abhisek pta ni meri yadasht kmjor h...
[GAMING/SUR] | YouTube  | [Normal]     | 68%    |   71.8ms | dont do it...
[GAMING/SUR] | YouTube  | [Normal]     | 91%    |   78.0ms | Build up p...
[GAMING/GAM] | YouTube  | [Normal]     | 96%    |   80.9ms | lamp in interior...
[GAMING/GAM] | YouTube  | [Normal]     | 94%    |   77.3ms | :shelterin:...
[ENTERTAINM] | YouTube  | [Normal]     | 94%    |   86.5ms | wait hv you seen the play button yet...
[GAMING/SUR] | YouTube  | [Normal]     | 82%    |  103.3ms | bro did Cloakzy ever attack their base? ...
[GAMING/GAM] | YouTube  | [Normal]     | 96%    |   65.6ms | fuse box...
[GAMING/GAM] | YouTube  | [Normal]     | 97%    |  119.4ms | oscar for best indie movie.... ? lol not...
[GAMING/SUR] | YouTube  | [Normal]     | 96%    |   72.3ms | North-ish...
[GAMING/GAM] | YouTube  | [Normal]     | 90%    |   71.3ms | Maybe...
[ENTERTAINM] | YouTube  | [Normal]     | 96%    |   83.4ms | plzz sent money sir :pleading_face:...
[SPORTS/FOO] | YouTube  | [Normal]     | 94%    |   80.0ms | よっしゃ(ﾉ･ω･)ﾉ...
[ENTERTAINM] | YouTube  | [Normal]     | 95%    |   72.9ms | aura...
[GAMING/GAM] | YouTube  | [Normal]     | 95%    |   74.5ms | THE RAIL BY THE ROPES MARK...
[ENTERTAINM] | YouTube  | [Normal]     | 97%    |   90.9ms | I want to see 500M play button...
[GAMING/GAM] | YouTube  | [Normal]     | 96%    |   87.3ms | mark it was over there...
[ENTERTAINM] | YouTube  | [Normal]     | 96%    |   76.7ms | please give me $10000...
[GAMING/GAM] | YouTube  | [Normal]     | 96%    |   71.5ms | i miss my ex...
[GAMING/GAM] | YouTube  | [Normal]     | 94%    |   77.8ms | The bedroom camera was missing...
[ENTERTAINM] | YouTube  | [Normal]     | 96%    |   74.2ms | 1111qq...
[MUSIC/CHIL] | YouTube  | [Normal]     | 95%    |   70.8ms | ......
[GAMING/GAM] | YouTube  | [Normal]     | 96%    |   74.0ms | LOLL hi guys hi mark...
[GAMING/GAM] | YouTube  | [Normal]     | 92%    |   64.9ms | oh no...
[ENTERTAINM] | YouTube  | [Normal]     | 95%    |   71.2ms | let's go...
[GAMING/GAM] | YouTube  | [Normal]     | 87%    |   94.7ms | I always been curious  what happens when...
[GAMING/GAM] | YouTube  | [Normal]     | 97%    |   79.9ms | 3 missed anomalies?!!...
[ENTERTAINM] | YouTube  | [Normal]     | 79%    |   70.5ms | whats going on...
[GAMING/GAM] | YouTube  | [Normal]     | 76%    |   72.2ms | LAME...
[ENTERTAINM] | YouTube  | [Normal]     | 98%    |  118.7ms | :face-blue-smiling::face-blue-smiling::f...
[MUSIC/CHIL] | YouTube  | [Normal]     | 97%    |  123.5ms | achcha:face-orange-raised-eyebrow::face-...
[GAMING/GAM] | YouTube  | [Normal]     | 46%    |  106.5ms | I don't know what obversation is  but yo...
[GAMING/GAM] | YouTube  | [Normal]     | 94%    |   70.7ms | Noob alert...
[GAMING/GAM] | YouTube  | [Normal]     | 93%    |   73.5ms | yes...
[ENTERTAINM] | YouTube  | [Normal]     | 97%    |  114.7ms | :chart_increasing::chart_increasing::cha...
[GAMING/SUR] | YouTube  | [Normal]     | 96%    |   74.3ms | Teamwork makes the dream work...
[ENTERTAINM] | YouTube  | [Normal]     | 98%    |  104.7ms | I am Indian :heart_suit::heart_suit::hea...
[GAMING/GAM] | YouTube  | [Normal]     | 81%    |  102.9ms | @TEUPAIOFICIAL im sorry i hope youre oka...
[GAMING/GAM] | YouTube  | [Normal]     | 95%    |   71.2ms | obversation...
[ENTERTAINM] | YouTube  | [Normal]     | 96%    |   76.8ms | :red_heart:...
[GAMING/GAM] | YouTube  | [Normal]     | 95%    |   63.3ms | WWWW...
[GAMING/GAM] | YouTube  | [Normal]     | 97%    |   76.8ms | YESSIR :salute:...
[GAMING/SUR] | YouTube  | [Normal]     | 89%    |   84.3ms | tell him about the scrap...
[GAMING/SUR] | YouTube  | [Normal]     | 83%    |   74.5ms | did they get raided...
[GAMING/GAM] | YouTube  | [OFFENSIVE]  | 90%    |  131.4ms | OR THEYS WRONG PERIODDDDDD:sparkles::nai...
[GAMING/GAM] | YouTube  | [Normal]     | 77%    |  167.6ms | MARK  YOU ARE AN AMAZING FIL MAKER. IRON...
[ENTERTAINM] | YouTube  | [Normal]     | 96%    |  131.4ms | :folded_hands::folded_hands::folded_hand...
[GAMING/GAM] | YouTube  | [Normal]     | 97%    |   76.4ms | Obversation LOLLL...
[GAMING/SUR] | YouTube  | [HATE]       | 49%    |   71.0ms | you are so dumb...
[GAMING/GAM] | YouTube  | [Normal]     | 95%    |   72.1ms | based...
[GAMING/GAM] | YouTube  | [Normal]     | 97%    |   71.1ms | TEXT ANOMALY: TITLE...
[ENTERTAINM] | YouTube  | [Normal]     | 95%    |   65.7ms | hiiii...
[ENTERTAINM] | YouTube  | [Normal]     | 93%    |   70.8ms | aa...
[MUSIC/CHIL] | YouTube  | [Normal]     | 97%    |  148.4ms | :beaming_face_with_smiling_eyes::rolling...
[GAMING/GAM] | YouTube  | [Normal]     | 93%    |   83.4ms | Title of the live is an anomaly...
[PSYCHOLOGY] | YouTube  | [Normal]     | 94%    |   91.0ms | @KilleRoy_NL Yes  it can be either or...
[GAMING/GAM] | YouTube  | [Normal]     | 92%    |   72.5ms | bed no crumpled...
[GAMING/GAM] | YouTube  | [Normal]     | 97%    |   93.3ms | I saw Iron Lung yesterday. It was SO GOO...
[ENTERTAINM] | YouTube  | [Normal]     | 89%    |   70.6ms | W Mr beast...
[ENTERTAINM] | YouTube  | [Normal]     | 96%    |   70.1ms | I was here...
[GAMING/GAM] | YouTube  | [Normal]     | 95%    |   70.5ms | change the title back...
[GAMING/GAM] | YouTube  | [Normal]     | 95%    |   69.8ms | hello...
[ENTERTAINM] | YouTube  | [Normal]     | 72%    |   71.1ms | mr pist...
[ENTERTAINM] | YouTube  | [Normal]     | 94%    |   65.5ms | Sri Lanka...
[ENTERTAINM] | YouTube  | [Normal]     | 94%    |   71.8ms | 1...
[GAMING/GAM] | YouTube  | [Normal]     | 88%    |   73.5ms | Oh the light you...
[ENTERTAINM] | YouTube  | [Normal]     | 97%    |   83.7ms | suuuuuuuuuu...
[GAMING/GAM] | YouTube  | [Normal]     | 91%    |  152.5ms | Dear Markiplier  I am very grateful that...
[ENTERTAINM] | YouTube  | [Normal]     | 98%    |   99.5ms | it's there a prize :trophy: for the 500k...
[GAMING/GAM] | YouTube  | [Normal]     | 93%    |   88.4ms | the windows in the keepers cabin can fro...
[ENTERTAINM] | YouTube  | [Normal]     | 94%    |   70.9ms | HI...
[GAMING/GAM] | YouTube  | [Normal]     | 90%    |   79.4ms | Maybe something was walking up the stair...
[ENTERTAINM] | YouTube  | [Normal]     | 97%    |  259.1ms | :face_with_tears_of_joy::face_with_tears...
[ENTERTAINM] | YouTube  | [Normal]     | 97%    |   74.7ms | love:red_heart:...
[ENTERTAINM] | YouTube  | [Normal]     | 94%    |  128.9ms | دروووووووووووووووووووووود...
[ENTERTAINM] | YouTube  | [Normal]     | 93%    |   76.1ms | JORDANNNNNNN...
[GAMING/GAM] | YouTube  | [HATE]       | 41%    |   87.5ms | Ranch better be the dressing and not a f...
[GAMING/GAM] | YouTube  | [Normal]     | 90%    |   83.9ms | I WISH I HAD A MEMBERSHIPPPPUHHH...
[SELF-HELP/] | YouTube  | [OFFENSIVE]  | 80%    |   77.3ms | Fuck "fuck ego"...
[ENTERTAINM] | YouTube  | [Normal]     | 89%    |   82.1ms | heyy...
[GAMING/GAM] | YouTube  | [Normal]     | 83%    |   89.2ms | GOOOD JOBBB...
[GAMING/GAM] | YouTube  | [Normal]     | 91%    |   69.1ms | W...
[ENTERTAINM] | YouTube  | [Normal]     | 94%    |   69.6ms | hi...
[SELF-HELP/] | YouTube  | [Normal]     | 89%    |  109.4ms | How do I know it's not my adhd telling m...
[ENTERTAINM] | YouTube  | [Normal]     | 87%    |   80.0ms | MR beast your the best youtuber ever...
[ENTERTAINM] | YouTube  | [Normal]     | 90%    |   71.1ms | yoo...
[GAMING/GAM] | YouTube  | [Normal]     | 94%    |   98.9ms | OMFGGGG OBSERVATION DUTY?!?!?!?!...
[SPORTS/FOO] | YouTube  | [Normal]     | 95%    |   93.2ms | You aer the best one:red_heart:...
[ENTERTAINM] | YouTube  | [Normal]     | 97%    |  127.4ms | Mr beast sir please help me  I am your b...
[ENTERTAINM] | YouTube  | [Normal]     | 82%    |  165.9ms | :party_popper::party_popper::party_poppe...
[GAMING/GAM] | YouTube  | [Normal]     | 93%    |   99.3ms | YOOOOOOOOOOOOO MARK LOVE YA DUDE!!!!...
[NEWS/LIVE ] | YouTube  | [Normal]     | 90%    |  109.6ms | also they brought potential black jurors...
[GAMING/GAM] | YouTube  | [Normal]     | 95%    |   80.4ms | stay on one camera longer!!!...
[ENTERTAINM] | YouTube  | [Normal]     | 97%    |  100.6ms | bro donate me 1000 dollars for iphone an...
[NEWS/LIVE ] | YouTube  | [Normal]     | 83%    |  100.4ms | BLACK BOY KARMELO IS IN CHAINS!! AS IT S...
[GAMING/GAM] | YouTube  | [Normal]     | 89%    |  102.5ms | i shall head to sleep and leave this on ...
[MUSIC/CHIL] | YouTube  | [OFFENSIVE]  | 96%    |  123.1ms | shish glad to know be grateful :grinning...
[SPORTS/FOO] | YouTube  | [Normal]     | 94%    |   92.8ms | 함께 가자 일본...
[GAMING/GAM] | YouTube  | [Normal]     | 94%    |   72.1ms | Basement...
[GAMING/GAM] | YouTube  | [Normal]     | 92%    |   72.0ms | yeah...
[ENTERTAINM] | YouTube  | [Normal]     | 87%    |   71.7ms | A...
[ENTERTAINM] | YouTube  | [Normal]     | 93%    |   71.0ms | trollcraft was peak...
[ENTERTAINM] | YouTube  | [Normal]     | 96%    |   65.4ms | lran...
[ENTERTAINM] | YouTube  | [Normal]     | 96%    |   80.1ms | it's not go 500M today...
[MUSIC/CHIL] | YouTube  | [Normal]     | 98%    |   83.4ms | :musical_score::hot_beverage:...
[GAMING/SUR] | YouTube  | [Normal]     | 93%    |   78.9ms | F...
[GAMING/GAM] | YouTube  | [Normal]     | 97%    |   73.4ms | this game looks amazing...
[ENTERTAINM] | YouTube  | [Normal]     | 97%    |   70.7ms | Love from nepal...
[GAMING/GAM] | YouTube  | [Normal]     | 67%    |   65.3ms | im SCARED...
[GAMING/GAM] | YouTube  | [Normal]     | 87%    |   90.2ms | i wanna watch iron lung SOOOOO bad icl...
[GAMING/GAM] | YouTube  | [Normal]     | 96%    |   75.8ms | extra bottle in pier?...
[GAMING/GAM] | YouTube  | [Normal]     | 93%    |   81.9ms | omg just saw iron lung its amazing...
[MUSIC/CHIL] | YouTube  | [Normal]     | 96%    |   79.3ms | :slightly_smiling_face:...
[ENTERTAINM] | YouTube  | [Normal]     | 94%    |   71.7ms | Hi...
[ENTERTAINM] | YouTube  | [Normal]     | 95%    |   72.5ms | 67...
[SELF-HELP/] | YouTube  | [Normal]     | 92%    |   93.7ms | what if we really break down???...
[GAMING/GAM] | YouTube  | [Normal]     | 96%    |   87.8ms | Was there always 2 bottles on the docks?...
[GAMING/GAM] | YouTube  | [Normal]     | 89%    |  110.7ms | aaaah the shadow changed!!!! at the dock...
[ENTERTAINM] | YouTube  | [Normal]     | 95%    |   63.9ms | RCB...
[SELF-HELP/] | YouTube  | [Normal]     | 97%    |  173.7ms | today is my final day at my job I've bee...
[GAMING/GAM] | YouTube  | [Normal]     | 91%    |   98.4ms | okay  so silent hill f is finished  what...
[GAMING/GAM] | YouTube  | [Normal]     | 93%    |   85.7ms | But you can’t spell jkjk...
[GAMING/GAM] | YouTube  | [Normal]     | 94%    |   88.9ms | What live action do you want to bring in...
[ENTERTAINM] | YouTube  | [Normal]     | 97%    |  166.4ms | Hi MrBeast  Iam from the Philippines  Ia...
[GAMING/GAM] | YouTube  | [Normal]     | 97%    |  139.4ms | I left mark in the kitchen on my iPad an...
[ENTERTAINM] | YouTube  | [Normal]     | 96%    |   74.8ms | Good luck on 500 million sub...
[GAMING/SUR] | YouTube  | [Normal]     | 88%    |   71.4ms | close the doors peanut...
[ENTERTAINM] | YouTube  | [Normal]     | 97%    |   83.0ms | Facebook Crashed :grimacing_face:...
[GAMING/GAM] | YouTube  | [Normal]     | 94%    |   85.5ms | hi hello  have a nice day/night everybod...
[ENTERTAINM] | YouTube  | [OFFENSIVE]  | 39%    |  148.5ms | :face-fuchsia-wide-eyes::face-fuchsia-wi...
[GAMING/SUR] | YouTube  | [Normal]     | 95%    |   70.6ms | Bbc...
[ENTERTAINM] | YouTube  | [Normal]     | 97%    |   71.3ms | i live in Brasil...
[ENTERTAINM] | YouTube  | [Normal]     | 97%    |  197.6ms | MrBeast  congrats on 500 million! As you...
[GAMING/GAM] | YouTube  | [Normal]     | 90%    |   76.1ms | squinten Tarantino...
[GAMING/GAM] | YouTube  | [Normal]     | 91%    |   86.3ms | I would not have the concentration for t...
[GAMING/GAM] | YouTube  | [Normal]     | 92%    |   65.3ms | Yord...
[ENTERTAINM] | YouTube  | [Normal]     | 94%    |   72.9ms | do an age poll...
[GAMING/GAM] | YouTube  | [Normal]     | 82%    |   88.1ms | hello markiplier and the iplier gang...
[ENTERTAINM] | YouTube  | [Normal]     | 96%    |   65.3ms | noted!...
[GAMING/GAM] | YouTube  | [Normal]     | 78%    |  159.5ms | yooooooooooooooooooooooooooooooooooooooo...
[ENTERTAINM] | YouTube  | [Normal]     | 95%    |   71.4ms | good...
[GAMING/GAM] | YouTube  | [Normal]     | 96%    |   71.3ms | I have good eyes...
[ENTERTAINM] | YouTube  | [Normal]     | 95%    |   76.1ms | Omg please shout out...
[ENTERTAINM] | YouTube  | [Normal]     | 98%    |  117.3ms | FROM BANGLADESH :green_circle::red_circl...
[ENTERTAINM] | YouTube  | [Normal]     | 95%    |   70.2ms | sir help me...
[ENTERTAINM] | YouTube  | [Normal]     | 96%    |   75.8ms | please say my name balaj...
[GAMING/GAM] | YouTube  | [Normal]     | 97%    |   86.8ms | This is my first video on my BRAND NEW L...
[GAMING/GAM] | YouTube  | [Normal]     | 78%    |   80.6ms | the hammer inside the boat...
[ENTERTAINM] | YouTube  | [Normal]     | 94%    |   86.7ms | 5억 드가자...
[ENTERTAINM] | YouTube  | [Normal]     | 88%    |   99.4ms | Jimmy I have no clue who any of these pe...
[PSYCHOLOGY] | YouTube  | [Normal]     | 96%    |  157.3ms | I thought our psychological drive was su...
[ENTERTAINM] | YouTube  | [Normal]     | 94%    |   70.4ms | 5...
[ENTERTAINM] | YouTube  | [Normal]     | 97%    |   69.8ms | Jimmy 500m...
[SPORTS/FOO] | YouTube  | [Normal]     | 97%    |  192.8ms | 현재 팀으로서 아시아 1황은 재팬이다. 부정 안한다....
[GAMING/SUR] | YouTube  | [Normal]     | 88%    |   66.1ms | RIP WINDMILL...
[GAMING/GAM] | YouTube  | [Normal]     | 97%    |   95.3ms | It looks cool :smiling_face_with_sunglas...
[GAMING/SUR] | YouTube  | [Normal]     | 96%    |   67.6ms | lol...
[GAMING/GAM] | YouTube  | [Normal]     | 97%    |   90.6ms | saw the movie on Tuesday  loved it. cong...
[GAMING/GAM] | YouTube  | [Normal]     | 97%    |   95.5ms | im not so sure it works in this scenario...
[ENTERTAINM] | YouTube  | [Normal]     | 93%    |   70.8ms | yes...
[GAMING/GAM] | YouTube  | [Normal]     | 95%    |   65.6ms | hii...
[ENTERTAINM] | YouTube  | [Normal]     | 98%    |  269.2ms | :hands-yellow-heart-red::hands-yellow-he...
[GAMING/GAM] | YouTube  | [Normal]     | 95%    |   76.0ms | mousetrap in stairwell...
[GAMING/GAM] | YouTube  | [Normal]     | 96%    |   64.5ms | hi mark...
[PSYCHOLOGY] | YouTube  | [Normal]     | 93%    |   71.9ms | avoiding is bad?...
[ENTERTAINM] | YouTube  | [Normal]     | 93%    |   72.9ms | Yes...
[ENTERTAINM] | YouTube  | [Normal]     | 93%    |   71.2ms | Yes...
[ENTERTAINM] | YouTube  | [Normal]     | 41%    |   81.0ms | its because they are 8 years old...
[ENTERTAINM] | YouTube  | [Normal]     | 96%    |   65.1ms | think I heard his name before...
[PSYCHOLOGY] | YouTube  | [Normal]     | 97%    |   67.3ms | holy shii these are hard conversations...
[GAMING/GAM] | YouTube  | [Normal]     | 88%    |   52.9ms | Dock...
[GAMING/GAM] | YouTube  | [Normal]     | 95%    |   73.5ms | ENTRANCE  light left side of door moved ...
[ENTERTAINM] | YouTube  | [Normal]     | 96%    |   54.1ms | i do...
[GAMING/GAM] | YouTube  | [Normal]     | 96%    |   60.6ms | Yeeei...
[GAMING/GAM] | YouTube  | [Normal]     | 87%    |   68.9ms | camera malfunction keep just in case...
[SPORTS/FOO] | YouTube  | [Normal]     | 94%    |   77.5ms | 인정하기 싫지만...
[ENTERTAINM] | YouTube  | [Normal]     | 86%    |   52.3ms | Yo...
[GAMING/GAM] | YouTube  | [Normal]     | 96%    |  140.9ms | Just watched the start of the stream - c...
[ENTERTAINM] | YouTube  | [Normal]     | 97%    |   72.2ms | سلام از ایران...
[GAMING/GAM] | YouTube  | [Normal]     | 91%    |   82.2ms | its 1am in switzerland wooooooo...
[GAMING/GAM] | YouTube  | [Normal]     | 97%    |   65.5ms | HIIIII MARK...
[ENTERTAINM] | YouTube  | [Normal]     | 97%    |   63.4ms | congratulations for 1 million...
[GAMING/GAM] | YouTube  | [Normal]     | 98%    |   96.6ms | i just finished silver stars of wisdom o...
[ENTERTAINM] | YouTube  | [Normal]     | 94%    |  127.4ms | bro u need to brake the usa bubble of wh...
[ENTERTAINM] | YouTube  | [Normal]     | 95%    |   54.0ms | hii...
[GAMING/GAM] | YouTube  | [Normal]     | 96%    |  119.6ms | :face_screaming_in_fear::police_car_ligh...
[ENTERTAINM] | YouTube  | [Normal]     | 97%    |   88.3ms | I want sony fx3 with some accessories :s...
[GAMING/GAM] | YouTube  | [Normal]     | 97%    |   87.8ms | was there always a fan tied to the rope ...
[ENTERTAINM] | YouTube  | [Normal]     | 96%    |   53.4ms | from india...
[GAMING/GAM] | YouTube  | [Normal]     | 97%    |  102.4ms | I can’t help but feel like one of the bu...
[GAMING/GAM] | YouTube  | [Normal]     | 95%    |   54.8ms | ITS FINE...
[GAMING/GAM] | YouTube  | [Normal]     | 87%    |   52.8ms | body...
[ENTERTAINM] | YouTube  | [Normal]     | 95%    |   65.1ms | :goodvibes:...
[SPORTS/FOO] | YouTube  | [Normal]     | 95%    |   58.7ms | 6_1...
[ENTERTAINM] | YouTube  | [Normal]     | 93%    |   54.0ms | ДА...
[GAMING/GAM] | YouTube  | [Normal]     | 69%    |   71.8ms | Far end of the dock is way round than be...
[ENTERTAINM] | YouTube  | [Normal]     | 83%    |   59.7ms | How do you do...
[GAMING/SUR] | YouTube  | [Normal]     | 68%    |   63.5ms | Cloak come to finish them off...
[GAMING/GAM] | YouTube  | [Normal]     | 96%    |   65.1ms | there's a cross...
[GAMING/GAM] | YouTube  | [Normal]     | 97%    |   59.6ms | trash moved in cabin...
[SELF-HELP/] | YouTube  | [Normal]     | 96%    |   58.7ms | huh lol...
[ENTERTAINM] | YouTube  | [Normal]     | 96%    |   91.7ms | the bottom corner of your green screen i...
[PSYCHOLOGY] | YouTube  | [Normal]     | 97%    |   64.8ms | wow...interesting...
[ENTERTAINM] | YouTube  | [Normal]     | 94%    |   78.4ms | Almost half a billion subs bro I have ha...
[GAMING/GAM] | YouTube  | [Normal]     | 91%    |   71.2ms | I THOUGHT THAT WAS A BIG SLUG...
[ENTERTAINM] | YouTube  | [Normal]     | 92%    |   53.7ms | yeah...
[GAMING/GAM] | YouTube  | [Normal]     | 89%    |   65.2ms | teeth cup moveeeeed...
[GAMING/GAM] | YouTube  | [Normal]     | 86%    |   60.8ms | under the bed...
[MUSIC/CHIL] | YouTube  | [Normal]     | 95%    |   83.1ms | Prasa :rolling_on_the_floor_laughing:...
[GAMING/GAM] | YouTube  | [Normal]     | 96%    |   69.0ms | white knuckle part 6 when?...
[MUSIC/CHIL] | YouTube  | [Normal]     | 96%    |  108.0ms | e fain doar am zis din suflet că vreau s...
[ENTERTAINM] | YouTube  | [Normal]     | 97%    |   53.8ms | 500m...
[GAMING/GAM] | YouTube  | [Normal]     | 97%    |   59.2ms | MARKIPLIER!...
[GAMING/GAM] | YouTube  | [Normal]     | 90%    |   53.6ms | abyssy...
[GAMING/GAM] | YouTube  | [Normal]     | 94%    |   58.7ms | diddy-...
[GAMING/GAM] | YouTube  | [Normal]     | 97%    |   88.2ms | strange broadcast? That's just Alastor f...
[GAMING/SUR] | YouTube  | [Normal]     | 84%    |   83.6ms | Cant defend locked in ckre without shoot...
[GAMING/GAM] | YouTube  | [Normal]     | 91%    |   71.8ms | oh no my God it's john wick...
[ENTERTAINM] | YouTube  | [Normal]     | 94%    |   54.8ms | hi...
[ENTERTAINM] | YouTube  | [Normal]     | 97%    |  121.5ms | :waving_hand::waving_hand::waving_hand::...
[ENTERTAINM] | YouTube  | [Normal]     | 92%    |   59.1ms | MRBEAST!...
[ENTERTAINM] | YouTube  | [Normal]     | 97%    |  268.7ms | :index_pointing_at_the_viewer::index_poi...
[ENTERTAINM] | YouTube  | [Normal]     | 93%    |   54.1ms | hey buddy...
[ENTERTAINM] | YouTube  | [Normal]     | 97%    |  210.4ms | :red_circle::weary_face::smiling_face_wi...
[GAMING/GAM] | YouTube  | [Normal]     | 95%    |   68.8ms | THERES AN EXTRA BOTTLE IN THE CRATE...
[ENTERTAINM] | YouTube  | [Normal]     | 94%    |   54.3ms | Hi...
[ENTERTAINM] | YouTube  | [Normal]     | 91%    |   62.9ms | yooooooooooo...
[GAMING/GAM] | YouTube  | [Normal]     | 97%    |   69.4ms | top of lighthouse  rope swinging bottom ...
[GAMING/GAM] | YouTube  | [Normal]     | 84%    |   71.6ms | WILL YOU PLAY RESIDENT EVIL 9 ON STREAM ...
[GAMING/GAM] | YouTube  | [Normal]     | 88%    |   78.1ms | iron lung twice gang :call_me_hand:...
[GAMING/GAM] | YouTube  | [Normal]     | 94%    |   62.4ms | what r we playing...
[ENTERTAINM] | YouTube  | [Normal]     | 96%    |   83.2ms | I can’t wait for the the video tomorrow ...
[GAMING/GAM] | YouTube  | [Normal]     | 96%    |   73.7ms | there's an extra bottle in the pier...
[GAMING/GAM] | YouTube  | [Normal]     | 96%    |   62.1ms | did he die yet lol...
[GAMING/SUR] | YouTube  | [Normal]     | 79%    |   68.5ms | Gingy probably would be freaking out rn...
[ENTERTAINM] | YouTube  | [Normal]     | 96%    |   67.9ms | hay mister Bisht I am fine...
[GAMING/GAM] | YouTube  | [Normal]     | 96%    |   74.2ms | was that light on in the yard top middle...
[ENTERTAINM] | YouTube  | [Normal]     | 91%    |   85.7ms | HI MT BEAST  I'M FROM BRAZILIAM   SPEAK ...
[ENTERTAINM] | YouTube  | [Normal]     | 97%    |   67.3ms | ليبيا...
[GAMING/GAM] | YouTube  | [Normal]     | 97%    |   63.5ms | THE FUSE BOX IN INTERIOR?...
[GAMING/GAM] | YouTube  | [Normal]     | 95%    |   59.7ms | bottle at the pier...
[GAMING/GAM] | YouTube  | [Normal]     | 97%    |   68.2ms | mark needs to put out more videos...
[GAMING/GAM] | YouTube  | [Normal]     | 96%    |   95.0ms | Vitor WixMix que que voce jogue o jogo d...
[ENTERTAINM] | YouTube  | [Normal]     | 96%    |   74.0ms | 5m $ please :pleading_face:...
[ENTERTAINM] | YouTube  | [Normal]     | 90%    |   58.5ms | Do lazer...
[MUSIC/CHIL] | YouTube  | [Normal]     | 97%    |  115.0ms | ZS any bf or still jawaan dilo ki dhadka...
[GAMING/GAM] | YouTube  | [Normal]     | 97%    |   67.7ms | Markiplier:gaslight simulator...
[GAMING/GAM] | YouTube  | [Normal]     | 87%    |   68.0ms | was the thing under the bed always there...
[GAMING/GAM] | YouTube  | [Normal]     | 96%    |   97.5ms | has there always been a fuel can in the ...
[GAMING/GAM] | YouTube  | [Normal]     | 97%    |   63.9ms | red box bottom left yard...
[GAMING/GAM] | YouTube  | [Normal]     | 97%    |   80.7ms | LANTERN. SHADOW INTERIOR¡!!!!!!!!!...
[GAMING/GAM] | YouTube  | [Normal]     | 97%    |   73.7ms | Was there always 2 bottles on the pier?...
[ENTERTAINM] | YouTube  | [Normal]     | 97%    |   77.1ms | saludos desde un Colombiano en España!...
[GAMING/GAM] | YouTube  | [Normal]     | 96%    |  111.4ms | WATCHING IRON LUNG AGAIN IN A FEW HOURS ...
[SPORTS/FOO] | YouTube  | [Normal]     | 94%    |   62.7ms | Congrats JAPAN WELL PLAYED...
[GAMING/GAM] | YouTube  | [Normal]     | 95%    |   53.8ms | hmmmm...
[ENTERTAINM] | YouTube  | [Normal]     | 90%    |   54.5ms | WHAT...
[ENTERTAINM] | YouTube  | [Normal]     | 92%    |   52.3ms | press no...
[ENTERTAINM] | YouTube  | [Normal]     | 91%    |   52.7ms | W...
[ENTERTAINM] | YouTube  | [Normal]     | 97%    |  220.9ms | :face_blowing_a_kiss::face_blowing_a_kis...
[PSYCHOLOGY] | YouTube  | [Normal]     | 92%    |   70.3ms | A LOT OF PEOPLE WONT GET THIS...
[MUSIC/CHIL] | YouTube  | [Normal]     | 97%    |   86.7ms | Iisus Hristos ba Iisus Hristos :hugging_...
[ENTERTAINM] | YouTube  | [Normal]     | 97%    |  184.5ms | :face_with_tears_of_joy::face_with_tears...
[GAMING/GAM] | YouTube  | [Normal]     | 97%    |   64.7ms | EXTRA BARRELS IN BASEMENT MARK!...
[GAMING/GAM] | YouTube  | [Normal]     | 97%    |   59.3ms | extra rope interior...
[ENTERTAINM] | YouTube  | [Normal]     | 94%    |   55.0ms | hi...
[MUSIC/CHIL] | YouTube  | [Normal]     | 98%    |   89.0ms | :black_heart::sleeping_face::bouquet:...
[GAMING/GAM] | YouTube  | [Normal]     | 95%    |   70.0ms | D O N G D O N G...
[SPORTS/FOO] | YouTube  | [Normal]     | 96%    |   57.6ms | thanks...
[GAMING/GAM] | YouTube  | [Normal]     | 84%    |   74.7ms | Why’d you spill yer beans  Tommy?...
[ENTERTAINM] | YouTube  | [Normal]     | 43%    |  351.0ms | do you people know who jimmy is :face-fu...
[GAMING/GAM] | YouTube  | [Normal]     | 95%    |   82.7ms | Why does the spiral staircase look like ...
[GAMING/GAM] | YouTube  | [Normal]     | 58%    |   74.3ms | MARK THE EVIL FUSE BOX!!!!...
[ENTERTAINM] | YouTube  | [Normal]     | 98%    |  150.2ms | :hand-pink-waving::hand-pink-waving::han...
[GAMING/SUR] | YouTube  | [Normal]     | 97%    |   72.4ms | Oh no here comes Nick mercs  lol....
[GAMING/GAM] | YouTube  | [Normal]     | 95%    |  118.1ms | Hey MArk  today i aw your movie and it w...
[ENTERTAINM] | YouTube  | [Normal]     | 96%    |   59.9ms | New member...
[GAMING/GAM] | YouTube  | [Normal]     | 90%    |   73.2ms | THERES A MISSING THING HANGING IN THE LI...
[GAMING/GAM] | YouTube  | [Normal]     | 85%    |   64.8ms | THE CAMERA IS DOING WEIRD...
[MUSIC/CHIL] | YouTube  | [Normal]     | 98%    |   82.9ms | :black_heart::sleeping_face::bouquet:...
[GAMING/SUR] | YouTube  | [Normal]     | 91%    |   67.7ms | DILLON DANIS IS NOT IN UFC...
[GAMING/SUR] | YouTube  | [Normal]     | 88%    |   58.4ms | pog aim...
[GAMING/GAM] | YouTube  | [Normal]     | 95%    |   59.2ms | The lights are moving...
[GAMING/GAM] | YouTube  | [Normal]     | 95%    |   93.6ms | IM GOING TO WATCH IRON LUNG IN A COUPLE ...
[ENTERTAINM] | YouTube  | [Normal]     | 97%    |   60.5ms | Today is my birthday...
[GAMING/SUR] | YouTube  | [Normal]     | 93%    |   66.9ms | i got em...
[ENTERTAINM] | YouTube  | [Normal]     | 96%    |   55.5ms | love it...
[GAMING/GAM] | YouTube  | [Normal]     | 97%    |   75.9ms | silent hill pt 11 please :folded_hands:...
[GAMING/GAM] | YouTube  | [Normal]     | 88%    |   60.8ms | Camera malfunction...
[GAMING/GAM] | YouTube  | [Normal]     | 94%    |   54.3ms | PICTURE...
[ENTERTAINM] | YouTube  | [Normal]     | 97%    |   68.4ms | Hi Jimmy I'm from Bangladesh...
[GAMING/GAM] | YouTube  | [Normal]     | 96%    |   73.0ms | object movement of bottle at the pier by...
[GAMING/GAM] | YouTube  | [Normal]     | 88%    |   59.6ms | phew...
[GAMING/GAM] | YouTube  | [OFFENSIVE]  | 44%    |   54.5ms | Goopy...
[GAMING/GAM] | YouTube  | [Normal]     | 92%    |   79.7ms | yard camera malfunction...
[GAMING/SUR] | YouTube  | [Normal]     | 46%    |  119.1ms | @TheBurntPeanut my daughter says you nee...
[MUSIC/CHIL] | YouTube  | [Normal]     | 95%    |  134.1ms | tre să ne supunem lui Dumnezeu la modul ...
[GAMING/GAM] | YouTube  | [Normal]     | 95%    |   71.3ms | Hey Mark!...
[ENTERTAINM] | YouTube  | [Normal]     | 81%    |  101.6ms | This is Asadullah from Pakistan wants to...
[ENTERTAINM] | YouTube  | [Normal]     | 96%    |   65.9ms | New member...
[ENTERTAINM] | YouTube  | [Normal]     | 78%    |   74.4ms | italyyyyyy...
[ENTERTAINM] | YouTube  | [Normal]     | 91%    |   73.0ms | UK...
[ENTERTAINM] | YouTube  | [Normal]     | 95%    |   70.3ms | Aus...
[ENTERTAINM] | YouTube  | [Normal]     | 93%    |   71.2ms | India...
[MUSIC/CHIL] | YouTube  | [Normal]     | 95%    |   71.1ms | .......
[GAMING/GAM] | YouTube  | [Normal]     | 92%    |   84.1ms | pretty sure the fusebox is supposed to b...
[MUSIC/CHIL] | YouTube  | [Normal]     | 95%    |   76.3ms | nu ma mai uit...
[GAMING/SUR] | YouTube  | [Normal]     | 94%    |   70.5ms | Rust is 100...
[GAMING/GAM] | YouTube  | [Normal]     | 96%    |   65.7ms | FUSE BOX...
[ENTERTAINM] | YouTube  | [Normal]     | 90%    |   69.8ms | USA...
[MUSIC/CHIL] | YouTube  | [Normal]     | 96%    |   72.3ms | suno na...
[NEWS/LIVE ] | YouTube  | [Normal]     | 95%    |   88.2ms | GOD BLESS MY WHITENESS. JOEY AGREES!!...
[ENTERTAINM] | YouTube  | [Normal]     | 96%    |   70.8ms | oiii philippines...
[ENTERTAINM] | YouTube  | [Normal]     | 95%    |   69.7ms | Bangladesh...
[NEWS/LIVE ] | YouTube  | [Normal]     | 91%    |   81.0ms | farm no one can see soon  lil kid...
[GAMING/GAM] | YouTube  | [Normal]     | 94%    |   81.6ms | he's starting to go crazy...
[ENTERTAINM] | YouTube  | [Normal]     | 98%    |  134.8ms | :face-blue-smiling::face-blue-smiling::f...
[ENTERTAINM] | YouTube  | [Normal]     | 91%    |   69.0ms | ALGERIA...
[GAMING/GAM] | YouTube  | [Normal]     | 92%    |   70.7ms | ANOMALY IN TOP LEFT...
[GAMING/SUR] | YouTube  | [Normal]     | 97%    |   71.9ms | oil...
[GAMING/GAM] | YouTube  | [Normal]     | 97%    |   84.5ms | extra ropes in the interior room!!!!...
[MUSIC/CHIL] | YouTube  | [Normal]     | 93%    |   70.9ms | suz sis hi...
[PSYCHOLOGY] | YouTube  | [Normal]     | 88%    |   71.4ms | More talking less bombing...
[GAMING/GAM] | YouTube  | [Normal]     | 94%    |   79.6ms | The pillow stack moved in the basement...
[MUSIC/CHIL] | YouTube  | [Normal]     | 94%    |  139.7ms | dokter kodok NU kotor kotor :zany_face::...
[GAMING/GAM] | YouTube  | [Normal]     | 91%    |   73.4ms | Marks going crazy...
[MUSIC/CHIL] | YouTube  | [Normal]     | 97%    |   95.0ms | Altair pedarast:smiling_face_with_tear:...
[MUSIC/CHIL] | YouTube  | [Normal]     | 96%    |   71.4ms | Kejti okay...
[GAMING/GAM] | YouTube  | [Normal]     | 97%    |   91.6ms | I thought there were only 4 sacks in tha...
[SELF-HELP/] | YouTube  | [Normal]     | 95%    |  121.1ms | I don't even care that I'm late I finall...
[GAMING/SUR] | YouTube  | [Normal]     | 50%    |   74.0ms | turents you need them...
[ENTERTAINM] | YouTube  | [Normal]     | 96%    |  204.9ms | :yt::yt::yt::yt::yt::yt::yt::yt::yt::yt:...
[GAMING/GAM] | YouTube  | [Normal]     | 93%    |   81.1ms | Mark are you having a stroke?...
[ENTERTAINM] | YouTube  | [Normal]     | 94%    |   71.8ms | 1...
[ENTERTAINM] | YouTube  | [Normal]     | 94%    |   71.3ms | 1...
[ENTERTAINM] | YouTube  | [Normal]     | 94%    |   71.6ms | 1...
[ENTERTAINM] | YouTube  | [Normal]     | 97%    |   90.6ms | :euro_banknote::euro_banknote:...
[GAMING/GAM] | YouTube  | [Normal]     | 94%    |   88.2ms | You need a lasik renewal LMAO...
[GAMING/GAM] | YouTube  | [Normal]     | 96%    |   65.4ms | BARRELS TURNED...
[GAMING/GAM] | YouTube  | [Normal]     | 97%    |   96.0ms | mark reading the ghost chat that agreeds...
[GAMING/SUR] | YouTube  | [Normal]     | 92%    |   75.2ms | how does yes answer anything...
[GAMING/SUR] | YouTube  | [Normal]     | 95%    |   70.3ms | turrets...
[GAMING/GAM] | YouTube  | [Normal]     | 92%    |   64.4ms | light anomaly...
[ENTERTAINM] | YouTube  | [Normal]     | 94%    |   68.8ms | 1...
[GAMING/SUR] | YouTube  | [Normal]     | 93%    |   65.0ms | YES STAY...
[GAMING/GAM] | YouTube  | [Normal]     | 96%    |   74.2ms | MARKKK FOG AT THE YARD...
[ENTERTAINM] | YouTube  | [Normal]     | 94%    |   76.3ms | :pinched_fingers:...
[GAMING/GAM] | YouTube  | [Normal]     | 83%    |   90.2ms | Fog or camera malfunction is the wibble ...
[GAMING/GAM] | YouTube  | [Normal]     | 88%    |   71.8ms | Look for the bear...
[ENTERTAINM] | YouTube  | [Normal]     | 96%    |   78.6ms | USA Minnesota capital Saint Paul...
[SELF-HELP/] | YouTube  | [Normal]     | 85%    |  109.8ms | What should I do when I’m trapped by my ...
[ENTERTAINM] | YouTube  | [Normal]     | 94%    |   73.1ms | 1...
[PSYCHOLOGY] | YouTube  | [Normal]     | 93%    |   64.4ms | the 3...
[GAMING/GAM] | YouTube  | [Normal]     | 92%    |   75.9ms | light anomaly in the yard!...
[GAMING/GAM] | YouTube  | [Normal]     | 80%    |   84.5ms | there's a strange man on the top left...
[ENTERTAINM] | YouTube  | [Normal]     | 94%    |   70.6ms | 1...
[GAMING/GAM] | YouTube  | [Normal]     | 85%    |   87.8ms | Colonel Mustard in the Stairwell with th...
[GAMING/GAM] | YouTube  | [Normal]     | 97%    |   70.7ms | LIGHT ON YARD...
[PSYCHOLOGY] | YouTube  | [Normal]     | 76%    |   76.2ms | exists in deez nuts...
[GAMING/GAM] | YouTube  | [Normal]     | 96%    |   71.3ms | fog in the yard...
[GAMING/GAM] | YouTube  | [Normal]     | 93%    |   65.1ms | FUSEBOX...
[GAMING/GAM] | YouTube  | [Normal]     | 92%    |   86.4ms | i think theres smth in your bed...
[GAMING/GAM] | YouTube  | [Normal]     | 95%    |   74.6ms | extra ropse in interior room...
[GAMING/SUR] | YouTube  | [Normal]     | 60%    |   71.6ms | nobody is farming...
[ENTERTAINM] | YouTube  | [Normal]     | 87%    |  291.3ms | helllooooooooo :fire::fire::fire::fire::...
[GAMING/GAM] | YouTube  | [Normal]     | 96%    |   89.0ms | the canisters in basement moved!!...
[GAMING/GAM] | YouTube  | [Normal]     | 97%    |   79.7ms | Keepers room  maybe the painting??...
[GAMING/GAM] | YouTube  | [Normal]     | 89%    |   66.3ms | YOOOO...
[ENTERTAINM] | YouTube  | [Normal]     | 94%    |   72.7ms | 1...
[GAMING/GAM] | YouTube  | [Normal]     | 95%    |   75.8ms | interior...
[GAMING/GAM] | YouTube  | [Normal]     | 93%    |   71.3ms | Fusebox...
[GAMING/GAM] | YouTube  | [Normal]     | 96%    |   75.9ms | EW EW EW...
[GAMING/GAM] | YouTube  | [Normal]     | 96%    |   80.4ms | spinning pillar is spinning the light i ...
[GAMING/GAM] | YouTube  | [Normal]     | 97%    |   70.3ms | MARK FUSE BOX...
[SPORTS/FOO] | YouTube  | [Normal]     | 90%    |   73.9ms | こんばんわ...
[GAMING/GAM] | YouTube  | [Normal]     | 94%    |   76.4ms | EWWIEE...
[GAMING/SUR] | YouTube  | [Normal]     | 78%    |  162.3ms | @TheBurntPeanut when you do the turrets ...
[ENTERTAINM] | YouTube  | [Normal]     | 93%    |   71.6ms | hello mr beast...
[PSYCHOLOGY] | YouTube  | [Normal]     | 96%    |  109.1ms | Dr. K to restaurant bro: So let's think ...
[ENTERTAINM] | YouTube  | [Normal]     | 94%    |   70.7ms | 1...
[ENTERTAINM] | YouTube  | [Normal]     | 97%    |   72.1ms | hi Mr.beast...
[PSYCHOLOGY] | YouTube  | [Normal]     | 52%    |   89.8ms | Is this why hook up culture become such ...
[GAMING/GAM] | YouTube  | [HATE]       | 81%    |   74.7ms | The googly moogly...
[GAMING/SUR] | YouTube  | [Normal]     | 93%    |   92.6ms | tur'dits...
[GAMING/GAM] | YouTube  | [Normal]     | 86%    |   82.8ms | You’re missing some Mark...
[GAMING/GAM] | YouTube  | [Normal]     | 96%    |   83.4ms | LAMP ON NIGHTSTAND @markiplier...
[PSYCHOLOGY] | YouTube  | [Normal]     | 97%    |   76.6ms | press f to pay respect...
[ENTERTAINM] | YouTube  | [Normal]     | 93%    |   70.2ms | hello mr beast...
[GAMING/GAM] | YouTube  | [HATE]       | 36%    |   71.2ms | Youre crazy...
[SELF-HELP/] | YouTube  | [Normal]     | 72%    |   76.8ms | dr k are you broken...
[ENTERTAINM] | YouTube  | [Normal]     | 97%    |   84.8ms | hola soy alexautos de ecuador...
[ENTERTAINM] | YouTube  | [Normal]     | 97%    |   80.4ms | abonnez vous :collision:...
[GAMING/GAM] | YouTube  | [Normal]     | 96%    |   65.0ms | FUSE BOX...
[GAMING/GAM] | YouTube  | [Normal]     | 97%    |   96.9ms | are the spiral stairs supposed to be che...
[ENTERTAINM] | YouTube  | [Normal]     | 95%    |   64.6ms | hii...
[GAMING/GAM] | YouTube  | [Normal]     | 96%    |  109.4ms | Um.... did those stairs always have that...
[GAMING/GAM] | YouTube  | [Normal]     | 83%    |  111.3ms | THEY MOVEDCAMERA MALFUNCTION IS FOR WHEN...
[GAMING/GAM] | YouTube  | [Normal]     | 96%    |   66.2ms | barrels moved...
[MUSIC/CHIL] | YouTube  | [Normal]     | 73%    |   94.7ms | Rabbia its okay sis calm down its okayyy...
[GAMING/GAM] | YouTube  | [Normal]     | 92%    |   71.6ms | person in the yard...
[GAMING/SUR] | YouTube  | [Normal]     | 88%    |   79.7ms | @Liteningflows who?...
[GAMING/GAM] | YouTube  | [Normal]     | 96%    |   76.5ms | PURPLE TOWEL IN LanTERN ROOM...
[GAMING/GAM] | YouTube  | [Normal]     | 96%    |  105.6ms | "I am going to saw through your bones!" ...
[SPORTS/FOO] | YouTube  | [Normal]     | 91%    |   65.2ms | ほん...
[ENTERTAINM] | YouTube  | [Normal]     | 95%    |   65.5ms | said hi...
[PSYCHOLOGY] | YouTube  | [Normal]     | 87%    |   71.7ms | A...
[ENTERTAINM] | YouTube  | [Normal]     | 92%    |   64.7ms | hey son...
[ENTERTAINM] | YouTube  | [Normal]     | 98%    |  155.3ms | :popcorn-yellow-striped-smile::popcorn-y...
[GAMING/GAM] | YouTube  | [Normal]     | 92%    |   58.2ms | RIGHT...
[NEWS/LIVE ] | YouTube  | [Normal]     | 98%    |   74.2ms | Oatmeal is...biracial...
[MUSIC/CHIL] | YouTube  | [Normal]     | 93%    |  120.1ms | RABIA we all have our flaws. dont be too...
[ENTERTAINM] | YouTube  | [Normal]     | 97%    |   68.2ms | Hello!!:hand-pink-waving:...
[ENTERTAINM] | YouTube  | [Normal]     | 96%    |   61.0ms | give 100 people 100 dollars...
[GAMING/GAM] | YouTube  | [Normal]     | 96%    |   60.7ms | THIS IS MY FAVORITE GAME...
[GAMING/GAM] | YouTube  | [Normal]     | 96%    |   48.7ms | FUSE BOX...
[GAMING/GAM] | YouTube  | [Normal]     | 83%    |   64.9ms | we are just too smart for the game...
[ENTERTAINM] | YouTube  | [Normal]     | 95%    |   55.6ms | Jimmy please bless me...
[ENTERTAINM] | YouTube  | [Normal]     | 93%    |   63.5ms | hey mrbeast come to india...
[GAMING/SUR] | YouTube  | [Normal]     | 71%    |   82.2ms | Peanut have Hutch and rogue do oil and y...
[GAMING/GAM] | YouTube  | [Normal]     | 98%    |   55.6ms | mouse traps - basement...
[ENTERTAINM] | YouTube  | [Normal]     | 95%    |   50.4ms | Vamos...
[MUSIC/CHIL] | YouTube  | [Normal]     | 97%    |  131.5ms | @syedsoul bye  :backhand_index_pointing_...
[ENTERTAINM] | YouTube  | [Normal]     | 94%    |   47.9ms | hi...
[GAMING/GAM] | YouTube  | [Normal]     | 93%    |   59.2ms | the pillar in the stairwell maybe...
[GAMING/GAM] | YouTube  | [Normal]     | 92%    |   63.9ms | The middle barrel is smaller!!...
[GAMING/GAM] | YouTube  | [Normal]     | 96%    |   64.3ms | Was the furnace smoking again???...
[GAMING/SUR] | YouTube  | [Normal]     | 85%    |   55.0ms | :peanuts: paranoid...
[ENTERTAINM] | YouTube  | [Normal]     | 95%    |   47.0ms | hello...
[GAMING/SUR] | YouTube  | [Normal]     | 96%    |   93.4ms | I TOLD YOU 20 MIN AGO TO GO DO RECYCLING...
[ENTERTAINM] | YouTube  | [Normal]     | 98%    |  345.7ms | :beaming_face_with_smiling_eyes::beaming...
[ENTERTAINM] | YouTube  | [Normal]     | 75%    |   68.6ms | Omg love ma beast ım from turkeyy...
[ENTERTAINM] | YouTube  | [Normal]     | 90%    |   55.7ms | heyyyy...
[GAMING/GAM] | YouTube  | [Normal]     | 97%    |   60.6ms | THE 4 BARRELS  TOP LEFT...
[GAMING/SUR] | YouTube  | [Normal]     | 83%    |   60.7ms | NOOOOO TO SLOW...
[GAMING/GAM] | YouTube  | [Normal]     | 95%    |   49.8ms | THE BARRELS...
[GAMING/SUR] | YouTube  | [Normal]     | 91%    |   93.6ms | when putting code in you can press R and...
[PSYCHOLOGY] | YouTube  | [Normal]     | 95%    |   54.3ms | ratchet?...
[GAMING/GAM] | YouTube  | [Normal]     | 94%    |   65.0ms | The beams on the stairway down looks wei...
[GAMING/GAM] | YouTube  | [Normal]     | 98%    |   67.6ms | was the light in the interior always tha...
[GAMING/GAM] | YouTube  | [Normal]     | 91%    |   58.4ms | CAMERA MALFUNCTION TOP LEFT...
[MUSIC/CHIL] | YouTube  | [Normal]     | 96%    |   63.7ms | :slightly_smiling_face:...
[ENTERTAINM] | YouTube  | [Normal]     | 93%    |  117.2ms | :goodvibes::goodvibes::goodvibes::goodvi...
[GAMING/GAM] | YouTube  | [Normal]     | 84%    |   69.3ms | their "eyes" faced each other's...
[GAMING/GAM] | YouTube  | [Normal]     | 94%    |   86.4ms | I'm not coordinated enough to play these...
[ENTERTAINM] | YouTube  | [Normal]     | 84%    |   45.9ms | America...
[GAMING/GAM] | YouTube  | [Normal]     | 76%    |   48.7ms | DUCKY...
[GAMING/GAM] | YouTube  | [Normal]     | 96%    |   56.9ms | STAIRWELL RAILING MOVED...
[GAMING/GAM] | YouTube  | [Normal]     | 96%    |   56.2ms | railing in the stairwell...
[GAMING/GAM] | YouTube  | [Normal]     | 97%    |   61.5ms | git gud Mark...
[GAMING/GAM] | YouTube  | [Normal]     | 92%    |   54.7ms | WHAT WAS THAT...
[MUSIC/CHIL] | YouTube  | [Normal]     | 98%    |   82.6ms | :black_heart::sleeping_face::bouquet:...
[GAMING/GAM] | YouTube  | [Normal]     | 95%    |   61.3ms | the raíl in stairwell rotated...
[GAMING/SUR] | YouTube  | [Normal]     | 82%    |   55.1ms | SHUT THE DOORS...
[MUSIC/CHIL] | YouTube  | [Normal]     | 98%    |   65.4ms | :text-yellow-goal:...
[GAMING/GAM] | YouTube  | [Normal]     | 91%    |   49.3ms | door yard...
[ENTERTAINM] | YouTube  | [Normal]     | 95%    |   87.7ms | @MrBeast I know u since my childhood I w...
[MUSIC/CHIL] | YouTube  | [Normal]     | 95%    |   60.8ms | kuchh khaya...
[SPORTS/FOO] | YouTube  | [Normal]     | 92%    |   49.5ms | boisss...
[ENTERTAINM] | YouTube  | [Normal]     | 95%    |   60.9ms | :elbowcough:...
[GAMING/GAM] | YouTube  | [Normal]     | 92%    |   68.4ms | isn't the railing in the wrong place?...
[SELF-HELP/] | YouTube  | [Normal]     | 93%    |   55.6ms | Never heard of it...
[GAMING/SUR] | YouTube  | [Normal]     | 95%    |   73.0ms | I found different power sources can some...
[GAMING/GAM] | YouTube  | [Normal]     | 83%    |   54.4ms | OH HELL NAH...
[GAMING/GAM] | YouTube  | [Normal]     | 96%    |  123.7ms | mark  ive been watching on my tv  and i ...
[MUSIC/CHIL] | YouTube  | [Normal]     | 92%    |   54.8ms | te cred...
[ENTERTAINM] | YouTube  | [Normal]     | 96%    |   60.8ms | Please PC I need this...
[ENTERTAINM] | YouTube  | [Normal]     | 97%    |   54.6ms | love from India...
[GAMING/SUR] | YouTube  | [Normal]     | 57%    |   60.7ms | train saving them from themselves...
[GAMING/SUR] | YouTube  | [Normal]     | 91%    |   63.9ms | DILLON DANIS IS NOT IN UFC...
[GAMING/GAM] | YouTube  | [Normal]     | 96%    |   63.6ms | siren! that's kinda cool...
[ENTERTAINM] | YouTube  | [Normal]     | 94%    |   48.0ms | Ny...
[GAMING/GAM] | YouTube  | [Normal]     | 62%    |   56.7ms | stairwall moving pillar...
[GAMING/GAM] | YouTube  | [Normal]     | 95%    |   57.3ms | Fence in stairwell...
[GAMING/GAM] | YouTube  | [Normal]     | 97%    |   68.0ms | the stairwell railing switched sides mar...
[ENTERTAINM] | YouTube  | [Normal]     | 97%    |   55.2ms | ariana grande singing...
[GAMING/GAM] | YouTube  | [Normal]     | 96%    |   50.8ms | SKIP SPONSOR...
[ENTERTAINM] | YouTube  | [Normal]     | 88%    |   49.2ms | Canada...
[ENTERTAINM] | YouTube  | [Normal]     | 97%    |   55.8ms | I am from Gotham...
[SELF-HELP/] | YouTube  | [Normal]     | 81%    |   61.7ms | I dont get it...
[GAMING/SUR] | YouTube  | [Normal]     | 96%    |   89.7ms | :grinning_face_with_sweat::grinning_face...
[GAMING/GAM] | YouTube  | [Normal]     | 91%    |   56.1ms | Interior foggy...
[GAMING/GAM] | YouTube  | [Normal]     | 97%    |   57.8ms | STAIRWELL: left side railing moved...
[ENTERTAINM] | YouTube  | [Normal]     | 95%    |   56.2ms | Only 10k...
[ENTERTAINM] | YouTube  | [Normal]     | 97%    |   59.1ms | Can I have an iPhone?...
[ENTERTAINM] | YouTube  | [Normal]     | 98%    |  243.2ms | :body-green-covering-eyes::body-green-co...
[GAMING/GAM] | YouTube  | [Normal]     | 97%    |   58.2ms | STAIRWELL: left side railing moved...
[GAMING/GAM] | YouTube  | [Normal]     | 98%    |   89.4ms | I work at barnes and noble and I just so...
[GAMING/SUR] | YouTube  | [Normal]     | 79%    |   66.7ms | Someone who locks boxes get kicked from ...
[ENTERTAINM] | YouTube  | [Normal]     | 93%    |   69.6ms | hello Mr beast can you give me an iPhone...
[ENTERTAINM] | YouTube  | [Normal]     | 92%    |   55.3ms | Hy Mr Beast...
[GAMING/GAM] | YouTube  | [Normal]     | 90%    |   79.5ms | You should read Project Hail Mary it wil...
[ENTERTAINM] | YouTube  | [Normal]     | 94%    |   49.1ms | yeh...
[GAMING/GAM] | YouTube  | [Normal]     | 94%    |   55.1ms | stairwell  slimy boxes...
[ENTERTAINM] | YouTube  | [Normal]     | 94%    |   54.6ms | Hi Mr Beast...
[GAMING/GAM] | YouTube  | [Normal]     | 96%    |   57.9ms | I LOVE YOU MARKIPLIER...
[GAMING/GAM] | YouTube  | [Normal]     | 90%    |   64.5ms | it might be if I ever watched podcast...
[ENTERTAINM] | YouTube  | [Normal]     | 93%    |   49.1ms | Europe...
[GAMING/GAM] | YouTube  | [Normal]     | 97%    |  119.5ms | mark! now that you've more free time  i'...
[GAMING/GAM] | YouTube  | [Normal]     | 96%    |   64.5ms | barrell fell over!!!...
[GAMING/GAM] | YouTube  | [Normal]     | 96%    |   49.7ms | Adjective noun...
[GAMING/GAM] | YouTube  | [Normal]     | 96%    |   55.0ms | BARRELL BASEMENT FELL...
[GAMING/GAM] | YouTube  | [Normal]     | 58%    |   73.2ms | mark your voice is too loud for my shitt...
[ENTERTAINM] | YouTube  | [Normal]     | 75%    |   55.3ms | do you know Pakistan...
[GAMING/GAM] | YouTube  | [Normal]     | 96%    |   67.7ms | RAIL NEAR PAINT CANS MOVED MARKKKKKKKK...
[GAMING/GAM] | YouTube  | [Normal]     | 93%    |   60.6ms | that was interior not stairwell...
[ENTERTAINM] | YouTube  | [Normal]     | 97%    |  108.4ms | :people_hugging::people_hugging::people_...
[GAMING/GAM] | YouTube  | [Normal]     | 97%    |   63.7ms | red railing left top of stairwell moveme...
[ENTERTAINM] | YouTube  | [Normal]     | 93%    |   49.0ms | indonesian...
[GAMING/GAM] | YouTube  | [Normal]     | 96%    |   55.8ms | stairwell!!!...
[MUSIC/CHIL] | YouTube  | [Normal]     | 97%    |  232.4ms | Syed :comet::small_blue_diamond:I don't ...
[GAMING/GAM] | YouTube  | [Normal]     | 92%    |  126.8ms | Congrats on the big success of Iron Lung...
[GAMING/GAM] | YouTube  | [Normal]     | 73%    |   57.5ms | LEFT OF THE SQAURE...
[GAMING/GAM] | YouTube  | [Normal]     | 62%    |   54.0ms | stairwall moving pillar...
[GAMING/SUR] | YouTube  | [OFFENSIVE]  | 81%    |   54.5ms | WE FUCK EM...
[ENTERTAINM] | YouTube  | [Normal]     | 97%    |   54.4ms | am i visible...
[GAMING/SUR] | YouTube  | [Normal]     | 96%    |   77.4ms | Ok 2 Big Mac = $20 :unamused_face:...
[ENTERTAINM] | YouTube  | [Normal]     | 96%    |   63.2ms | HELLO MRBEAST  I AM FROM...
[GAMING/GAM] | YouTube  | [Normal]     | 95%    |  162.4ms | THE GAS CAN MOVED!!!!THE GAS CAN MOVED!!...
[ENTERTAINM] | YouTube  | [Normal]     | 94%    |   58.9ms | হিইই...
[ENTERTAINM] | YouTube  | [Normal]     | 94%    |  239.5ms | :chillwdog::chillwdog::chillwdog::chillw...
[GAMING/GAM] | YouTube  | [Normal]     | 73%    |   64.2ms | Ya'll are confusing me too...
[ENTERTAINM] | YouTube  | [Normal]     | 65%    |   64.4ms | jimmy you should try being a youtuber...
[GAMING/GAM] | YouTube  | [Normal]     | 92%    |   54.6ms | its under there...
[GAMING/GAM] | YouTube  | [Normal]     | 91%    |   49.7ms | top left...
[GAMING/SUR] | YouTube  | [Normal]     | 97%    |   59.8ms | Whats your order Peanut?...
[ENTERTAINM] | YouTube  | [Normal]     | 95%    |   46.7ms | 67...
[GAMING/SUR] | YouTube  | [Normal]     | 88%    |   61.5ms | WHAT DID YOU ORDER PEANUT...
[GAMING/GAM] | YouTube  | [Normal]     | 90%    |   60.7ms | The broken one moved!...
[GAMING/GAM] | YouTube  | [Normal]     | 95%    |   78.0ms | THE BROKEN RAIL MOVED FOR THE LOVE OF AL...
[GAMING/SUR] | YouTube  | [Normal]     | 80%    |   74.4ms | :_PeanutJork::_BungusMac:...
[GAMING/GAM] | YouTube  | [Normal]     | 96%    |   69.5ms | Stairwell  Hole  missing pole on middle ...
[GAMING/GAM] | YouTube  | [Normal]     | 93%    |   49.6ms | Yard bottle...
[ENTERTAINM] | YouTube  | [Normal]     | 97%    |  288.9ms | Help me from Nepal :folded_hands::folded...
[GAMING/SUR] | YouTube  | [Normal]     | 94%    |   64.0ms | this base is painful to navigate lol...
[SELF-HELP/] | YouTube  | [Normal]     | 97%    |   63.7ms | The gram? Of insta?...
[GAMING/GAM] | YouTube  | [Normal]     | 79%    |   62.7ms | That nothing sneaks up on you...
[GAMING/GAM] | YouTube  | [Normal]     | 95%    |  130.5ms | Congrats on Iron Lung's success Mark!! A...
[GAMING/GAM] | YouTube  | [Normal]     | 85%    |   55.8ms | mmmm dirty water...
[GAMING/GAM] | YouTube  | [Normal]     | 87%    |   55.1ms | NOW WE ARE DROWNING...
[GAMING/GAM] | YouTube  | [Normal]     | 95%    |   65.8ms | mark have you seen iron lung?...
[ENTERTAINM] | YouTube  | [Normal]     | 96%    |   71.5ms | ALGUIEN QUE HABLE ESPAÑOL...
[ENTERTAINM] | YouTube  | [Normal]     | 98%    |   70.2ms | :star:big fan Jimmy :star:...
[GAMING/SUR] | YouTube  | [Normal]     | 89%    |   63.6ms | im a funny guy :eyes:...
[GAMING/GAM] | YouTube  | [Normal]     | 96%    |   49.1ms | ADJECTIVE NOUN...
[PSYCHOLOGY] | YouTube  | [Normal]     | 96%    |   63.4ms | Anima and Animus hmmm...
[MUSIC/CHIL] | YouTube  | [Normal]     | 94%    |   54.8ms | sach me...
[GAMING/GAM] | YouTube  | [Normal]     | 97%    |   70.5ms | Mark! The mice are in the box!...
[PSYCHOLOGY] | YouTube  | [Normal]     | 97%    |   60.4ms | And Inuyasha...
[ENTERTAINM] | YouTube  | [Normal]     | 96%    |   94.9ms | Всем Привет Всем Хаюхай...
[ENTERTAINM] | YouTube  | [Normal]     | 90%    |   71.3ms | Are u going to do any World Cup content...
[ENTERTAINM] | YouTube  | [Normal]     | 96%    |   92.0ms | классно сидим пацаны...
[GAMING/GAM] | YouTube  | [Normal]     | 97%    |   59.3ms | LEFT RAIL BY BOXES. STAIRWELL...
[GAMING/GAM] | YouTube  | [Normal]     | 96%    |   54.2ms | Missing bottle?...
[ENTERTAINM] | YouTube  | [Normal]     | 83%    |   47.7ms | Korea...
[GAMING/SUR] | YouTube  | [Normal]     | 97%    |   57.3ms | 12 turrets per grid...
[GAMING/GAM] | YouTube  | [Normal]     | 78%    |   82.5ms | aww look they spilled oil and tried clea...
[ENTERTAINM] | YouTube  | [Normal]     | 88%    |  215.3ms | nnnbnbnchj co to jest na nim zależy od t...
[ENTERTAINM] | YouTube  | [Normal]     | 97%    |   61.3ms | I love supporting small creators...
[ENTERTAINM] | YouTube  | [Normal]     | 73%    |  142.0ms | hhhhhhhhhhhhhhhhhhhhhhhhhhhhhhhhhhhhhhhh...
[ENTERTAINM] | YouTube  | [Normal]     | 96%    |  112.6ms | LES GOOOOOO!!!!!!!!!:face-blue-smiling::...
[GAMING/GAM] | YouTube  | [Normal]     | 84%    |   64.1ms | you should worry abt us tbh...
[ENTERTAINM] | YouTube  | [Normal]     | 94%    |   48.5ms | Hi...
[GAMING/GAM] | YouTube  | [Normal]     | 86%    |   54.7ms | UNDER THE BED...
[ENTERTAINM] | YouTube  | [Normal]     | 96%    |   80.0ms | According to MDM  you gain 17.1K subscri...
[GAMING/GAM] | YouTube  | [Normal]     | 47%    |   87.0ms | "I don't mean to mock you  mercilessly" ...
[ENTERTAINM] | YouTube  | [Normal]     | 95%    |   47.7ms | hello...
[ENTERTAINM] | YouTube  | [Normal]     | 94%    |   47.9ms | Hi...
[GAMING/GAM] | YouTube  | [Normal]     | 97%    |   55.6ms | painting in keepers quarters...
[GAMING/SUR] | YouTube  | [Normal]     | 96%    |   50.1ms | INCREDIBLE...
[MUSIC/CHIL] | YouTube  | [Normal]     | 96%    |   73.9ms | :face-blue-droopy-eyes:...
[GAMING/SUR] | YouTube  | [Normal]     | 77%    |   58.6ms | No he’s still kicking...
[GAMING/GAM] | YouTube  | [Normal]     | 87%    |   86.3ms | don't lump us all in with that guy I KNE...
[GAMING/SUR] | YouTube  | [Normal]     | 97%    |   80.2ms | lmfao. just a cord running thru the whol...
[ENTERTAINM] | YouTube  | [Normal]     | 98%    |  138.4ms | :face-blue-wide-eyes::face-green-smiling...
[ENTERTAINM] | YouTube  | [Normal]     | 93%    |   49.4ms | gg...
[GAMING/GAM] | YouTube  | [Normal]     | 75%    |   55.8ms | DESK BYY BED...
[ENTERTAINM] | YouTube  | [Normal]     | 85%    |   73.3ms | Some people just have no idea what they'...
[GAMING/SUR] | YouTube  | [Normal]     | 95%    |   49.4ms | welp...
[GAMING/GAM] | YouTube  | [Normal]     | 97%    |   57.0ms | mark the fireplace...
[GAMING/GAM] | YouTube  | [Normal]     | 94%    |   68.3ms | wait i think an object was missing in th...
[GAMING/GAM] | YouTube  | [Normal]     | 97%    |   50.0ms | fireplace?...
[ENTERTAINM] | YouTube  | [Normal]     | 95%    |  108.3ms | congratulations sirrrrrrrr i love you an...
[GAMING/SUR] | YouTube  | [Normal]     | 95%    |   48.6ms | ELECTRICAL BRANCH...
[GAMING/GAM] | YouTube  | [Normal]     | 79%    |   65.5ms | thats not polite...
[GAMING/GAM] | YouTube  | [Normal]     | 96%    |   79.8ms | MARK I WATCHED UR MOVIE LIKE 1 HOUR AGO...
[PSYCHOLOGY] | YouTube  | [Normal]     | 95%    |   48.3ms | Sense...
[ENTERTAINM] | YouTube  | [Normal]     | 94%    |   48.2ms | hi...
[ENTERTAINM] | YouTube  | [Normal]     | 96%    |   67.9ms | hiiiiiiiiiiiiiiiiiiiiiiiiii...
[GAMING/GAM] | YouTube  | [Normal]     | 95%    |   70.0ms | princess dounut aproves this game...
[GAMING/GAM] | YouTube  | [Normal]     | 93%    |   54.7ms | Extra bottle pier...
[GAMING/GAM] | YouTube  | [Normal]     | 93%    |   67.4ms | THE RAILING MOVED UP FROM BOTTOM LEFT MA...
[ENTERTAINM] | YouTube  | [Normal]     | 95%    |   73.3ms | jimmy are you going for the FIFA WORLD C...
[ENTERTAINM] | YouTube  | [Normal]     | 95%    |   48.8ms | HELLO...
[GAMING/SUR] | YouTube  | [Normal]     | 96%    |   65.3ms | take branch's to branch's...
[PSYCHOLOGY] | YouTube  | [Normal]     | 93%    |   54.7ms | this lady great...
[GAMING/GAM] | YouTube  | [Normal]     | 88%    |   49.0ms | Mark anomaly...
[PSYCHOLOGY] | YouTube  | [Normal]     | 91%    |   48.8ms | …...
[MUSIC/CHIL] | YouTube  | [Normal]     | 96%    |  100.2ms | ohh ok ok:grinning_face_with_sweat::grin...
[GAMING/GAM] | YouTube  | [Normal]     | 95%    |   55.6ms | WATER BENEATH DOOR INTERIOR...
[GAMING/GAM] | YouTube  | [HATE]       | 68%    |   72.5ms | Hey Mark  Saw lron Lung last night. Goat...
[ENTERTAINM] | YouTube  | [Normal]     | 76%    |   66.9ms | @MrBeast TURKEYYYYYY...
[MUSIC/CHIL] | YouTube  | [Normal]     | 97%    |   68.7ms | :person-turquoise-wizard-wand:...
[SELF-HELP/] | YouTube  | [Normal]     | 95%    |   60.1ms | i have subpowers...
[ENTERTAINM] | YouTube  | [Normal]     | 90%    |   62.8ms | how much likes for new airpods...
[GAMING/GAM] | YouTube  | [Normal]     | 97%    |   61.8ms | desk object movement interior....
[GAMING/GAM] | YouTube  | [Normal]     | 97%    |   70.0ms | The railing on the stairs moved!!!...
[ENTERTAINM] | YouTube  | [Normal]     | 98%    |   63.8ms | :hand-pink-waving:...
[SELF-HELP/] | YouTube  | [Normal]     | 90%    |   60.6ms | i m def not gifted...
[MUSIC/CHIL] | YouTube  | [Normal]     | 94%    |   77.0ms | y me quede con más hambre que la que lle...
[ENTERTAINM] | YouTube  | [Normal]     | 93%    |   74.1ms | CRAZY 5MIL WE R A BIG FAN MRBEAST...
[GAMING/SUR] | YouTube  | [Normal]     | 93%    |   49.3ms | GG...
[GAMING/GAM] | YouTube  | [Normal]     | 88%    |   54.8ms | back up movie boy...
[GAMING/GAM] | YouTube  | [Normal]     | 97%    |   69.3ms | marks an ASMR channel now lol...
[GAMING/GAM] | YouTube  | [Normal]     | 94%    |   63.8ms | i wish i was that microphone rn...
[GAMING/SUR] | YouTube  | [Normal]     | 93%    |  105.7ms | W WELYN - I CANT BELIEVE PEANUT AND WELY...
[GAMING/GAM] | YouTube  | [Normal]     | 96%    |   58.8ms | Stack under map missing in Interior...
[SELF-HELP/] | YouTube  | [Normal]     | 92%    |   64.9ms | @notreallyabird wait how?...
[GAMING/SUR] | YouTube  | [Normal]     | 94%    |   59.7ms | power out not branch out...
[GAMING/GAM] | YouTube  | [Normal]     | 92%    |   73.2ms | you were IN OUR EARHOLES!... lol...
[GAMING/GAM] | YouTube  | [Normal]     | 95%    |   53.8ms | Aaaaahh...
[GAMING/GAM] | YouTube  | [Normal]     | 98%    |   76.5ms | Fuse box open interior :red_exclamation_...
[MUSIC/CHIL] | YouTube  | [Normal]     | 97%    |   69.6ms | :face-blue-wide-eyes:...
[MUSIC/CHIL] | YouTube  | [Normal]     | 98%    |   60.8ms | :musical_notes:...
[ENTERTAINM] | YouTube  | [Normal]     | 87%    |   49.2ms | Genshin...
[GAMING/SUR] | YouTube  | [Normal]     | 71%    |   69.6ms | or you can do 30 to a spliter...
[ENTERTAINM] | YouTube  | [Normal]     | 94%    |   72.1ms | GAS PRICES COME DOWN WHEN MRBEAST HITS 5...
[GAMING/GAM] | YouTube  | [Normal]     | 93%    |   54.4ms | Oh god Mark why...
[GAMING/GAM] | YouTube  | [Normal]     | 96%    |   57.9ms | It's louder thanks!...
[GAMING/GAM] | YouTube  | [Normal]     | 97%    |   63.7ms | Extra bottle pier :folded_hands:...
[GAMING/GAM] | YouTube  | [Normal]     | 98%    |   55.0ms | frosted glass again...
[PSYCHOLOGY] | YouTube  | [Normal]     | 95%    |   62.0ms | She have such an aura...
[NEWS/LIVE ] | YouTube  | [Normal]     | 93%    |   56.0ms | :buffering:...
[GAMING/GAM] | YouTube  | [OFFENSIVE]  | 83%    |   68.2ms | you are missing the damn railing  MARK!!...
[GAMING/GAM] | YouTube  | [Normal]     | 97%    |   73.5ms | are there extra objects in the crate in ...
[SELF-HELP/] | YouTube  | [Normal]     | 49%    |   79.7ms | I hope i learn something else from this ...
[ENTERTAINM] | YouTube  | [Normal]     | 97%    |   54.9ms | Congratulations on 500 Million...
[GAMING/SUR] | YouTube  | [Normal]     | 60%    |   74.2ms | I’ve been waiting for you to play rust m...
[GAMING/SUR] | YouTube  | [Normal]     | 94%    |   73.0ms | POWER OUT TO POWER IN ON THE BRANCHES  b...
[GAMING/GAM] | YouTube  | [Normal]     | 96%    |   67.2ms | THE RAILING IN THE STAIRWAY THE RAILING ...
[GAMING/GAM] | YouTube  | [Normal]     | 92%    |   60.8ms | CHECK THE LEFT MOST ROPE...
[ENTERTAINM] | YouTube  | [Normal]     | 94%    |   47.4ms | Hi...
[GAMING/GAM] | YouTube  | [Normal]     | 92%    |   63.6ms | on the table! the eyeballs...
[ENTERTAINM] | YouTube  | [Normal]     | 94%    |   74.0ms | :mouth::mouth::mouth::mouth:...
[EDUCATION/] | YouTube  | [Normal]     | 79%    |   77.0ms | didn't know them islands were part of Al...
[GAMING/GAM] | YouTube  | [Normal]     | 95%    |  128.9ms | :rolling_on_the_floor_laughing::rolling_...
[GAMING/SUR] | YouTube  | [Normal]     | 73%    |   47.4ms | wrong...
[SELF-HELP/] | YouTube  | [Normal]     | 89%    |   54.6ms | niether...
[ENTERTAINM] | YouTube  | [Normal]     | 96%    |  122.1ms | :yt::yt::yt::yt::yt::yt::yt::yt:...
[PSYCHOLOGY] | YouTube  | [OFFENSIVE]  | 57%    |   58.3ms | shitting on our copium...
[GAMING/GAM] | YouTube  | [Normal]     | 89%    |   55.1ms | u jinx it...
[GAMING/GAM] | YouTube  | [Normal]     | 97%    |   63.8ms | Im on Observation Duty movie next?...
[SELF-HELP/] | YouTube  | [Normal]     | 50%    |   59.0ms | because high iq = high depression...
[GAMING/GAM] | YouTube  | [Normal]     | 97%    |   70.1ms | :face-red-heart-shape:...
[ENTERTAINM] | YouTube  | [Normal]     | 90%    |   48.3ms | 🇧...
[GAMING/GAM] | YouTube  | [Normal]     | 97%    |   67.9ms | My first mark stream!!! this is awesome...
[ENTERTAINM] | YouTube  | [Normal]     | 96%    |   49.1ms | New member...
[GAMING/GAM] | YouTube  | [Normal]     | 85%    |   55.8ms | DEAD BODY ON CABIN...
[GAMING/GAM] | YouTube  | [Normal]     | 94%    |   64.4ms | that hurt my chest omg.....
[GAMING/GAM] | YouTube  | [Normal]     | 95%    |   55.1ms | wtf XD...
[GAMING/GAM] | YouTube  | [Normal]     | 92%    |   73.8ms | HOW WAS IT SHOOTING IRON LUNG? HOW WAS T...
[GAMING/GAM] | YouTube  | [Normal]     | 94%    |   74.6ms | There’s stuff missing from the desk in t...
[ENTERTAINM] | YouTube  | [Normal]     | 97%    |   74.8ms | 500m subscribe to complit sir congratula...
[SELF-HELP/] | YouTube  | [Normal]     | 95%    |   50.5ms | by definition...
[GAMING/GAM] | YouTube  | [Normal]     | 91%    |   54.7ms | IT DID TOO...
[SPORTS/FOO] | YouTube  | [Normal]     | 89%    |   54.7ms | ㅋㅋㅋㅋ 그냥 그란투리스모나할까...
[ENTERTAINM] | YouTube  | [Normal]     | 96%    |   74.1ms | What’s it like having the most subscribe...
[GAMING/GAM] | YouTube  | [Normal]     | 96%    |   55.2ms | Mark!!!...
[SELF-HELP/] | YouTube  | [Normal]     | 96%    |   49.2ms | survival?...
[GAMING/GAM] | YouTube  | [Normal]     | 97%    |   64.5ms | MOVEMENT RAILING NEAR PAINT CANS !!!...
[SELF-HELP/] | YouTube  | [Normal]     | 92%    |   54.7ms | everyone is complex...
[SELF-HELP/] | YouTube  | [Normal]     | 95%    |   60.0ms | isn't that just measurement...
[GAMING/GAM] | YouTube  | [Normal]     | 96%    |   59.1ms | it did though......
[ENTERTAINM] | YouTube  | [Normal]     | 96%    |   86.9ms | Big fan from Pakistan . Supporting MrBea...
[SELF-HELP/] | YouTube  | [Normal]     | 96%    |   69.8ms | I SWEAR dude he's answered this before...
[ENTERTAINM] | YouTube  | [Normal]     | 95%    |   48.7ms | please help...
[ENTERTAINM] | YouTube  | [Normal]     | 95%    |   76.7ms | hiiiiiiiiiiiiiiiiiiiiiiiiiiiiiiiiiiiiiii...
[GAMING/SUR] | YouTube  | [Normal]     | 88%    |   64.8ms | @thelegendron why?...
[MUSIC/CHIL] | YouTube  | [Normal]     | 95%    |   74.5ms | raggy wali dikh rahi h mujhee...
[ENTERTAINM] | YouTube  | [Normal]     | 98%    |  213.0ms | :chequered_flag::chequered_flag::chequer...
[GAMING/GAM] | YouTube  | [Normal]     | 97%    |   64.6ms | literally rewound. it DID MOVE...
[GAMING/GAM] | YouTube  | [Normal]     | 97%    |  103.2ms | was that purple towel on the balcony alw...
[SELF-HELP/] | YouTube  | [Normal]     | 95%    |   64.3ms | It makes us disfunctional...
[GAMING/GAM] | YouTube  | [Normal]     | 95%    |   49.2ms | green stairs...
[GAMING/GAM] | YouTube  | [Normal]     | 97%    |   67.2ms | i swear the camera angle looks different...
[GAMING/GAM] | YouTube  | [Normal]     | 94%    |   77.4ms | it switched from towards the front of th...
[ENTERTAINM] | YouTube  | [Normal]     | 96%    |   69.8ms | WHERE IS THE ENERGY JIMMY!!!!...
[GAMING/GAM] | YouTube  | [Normal]     | 95%    |   55.3ms | THE LAMP WAS ON...
[GAMING/GAM] | YouTube  | [Normal]     | 91%    |   65.3ms | Just watched Iron Lung it was great!...
[ENTERTAINM] | YouTube  | [Normal]     | 86%    |   60.1ms | letsgooo 500mill...
[GAMING/GAM] | YouTube  | [Normal]     | 98%    |   76.2ms | :face-blue-smiling::face-blue-smiling:...
[SELF-HELP/] | YouTube  | [Normal]     | 84%    |   48.2ms | agrarianism...
[GAMING/GAM] | YouTube  | [Normal]     | 97%    |   62.9ms | Thank you were so smart and cool...
[ENTERTAINM] | YouTube  | [Normal]     | 98%    |  134.5ms | helloooooooooooooooooooooooo:star_struck...
[GAMING/GAM] | YouTube  | [Normal]     | 96%    |   61.7ms | Yay! x3...
[GAMING/GAM] | YouTube  | [Normal]     | 97%    |   61.4ms | YAYAYAYYAYA...
[GAMING/GAM] | YouTube  | [Normal]     | 96%    |   74.7ms | it makes me so happy to see mark wearing...
[GAMING/GAM] | YouTube  | [Normal]     | 96%    |   56.0ms | extra potato bag...
[PSYCHOLOGY] | YouTube  | [Normal]     | 64%    |   56.6ms | Goonian psychology...
[GAMING/GAM] | YouTube  | [Normal]     | 70%    |   58.5ms | Boo big scary baahh...
[GAMING/GAM] | YouTube  | [Normal]     | 95%    |   60.6ms | ........
[GAMING/GAM] | YouTube  | [Normal]     | 96%    |   67.9ms | F I R E P L A C E !...
[GAMING/SUR] | YouTube  | [Normal]     | 95%    |   60.5ms | is Rust Worth $55...
[ENTERTAINM] | YouTube  | [Normal]     | 98%    |   98.9ms | yeahhh:growing_heart::growing_heart::gro...
[ENTERTAINM] | YouTube  | [Normal]     | 97%    |   60.9ms | LOVE FROM CHARLOTTE  NORTH CAROLINA...
[GAMING/GAM] | YouTube  | [Normal]     | 96%    |   62.9ms | bed in the cabin?...
[GAMING/GAM] | YouTube  | [Normal]     | 95%    |   59.0ms | I saw that...
[ENTERTAINM] | YouTube  | [Normal]     | 96%    |   93.9ms | sir i want to buy a laptop but I can't b...
[ENTERTAINM] | YouTube  | [Normal]     | 93%    |   82.7ms | :grinning_face::grinning_face::grinning_...
[GAMING/GAM] | YouTube  | [Normal]     | 97%    |   64.5ms | the railing entrance moved @markiplier...
[GAMING/GAM] | YouTube  | [Normal]     | 95%    |   57.1ms | BRO I WAS TELLING...
[ENTERTAINM] | YouTube  | [Normal]     | 97%    |   51.6ms | hallo...
[ENTERTAINM] | YouTube  | [Normal]     | 98%    |  164.0ms | :red_heart::red_heart::red_heart::red_he...
[SELF-HELP/] | YouTube  | [Normal]     | 97%    |   69.1ms | It's 11:43 pm here....
[GAMING/GAM] | YouTube  | [Normal]     | 93%    |   72.8ms | Ya;ll the rail didn't move  he checked...
[ENTERTAINM] | YouTube  | [Normal]     | 96%    |   85.9ms | I've been watching you since 2020  I rem...
[GAMING/SUR] | YouTube  | [Normal]     | 95%    |  132.9ms | Viewers in the chat are saying that the ...
[GAMING/GAM] | YouTube  | [Normal]     | 95%    |   78.2ms | watched iron lung last night  loved it  ...
[GAMING/GAM] | YouTube  | [Normal]     | 96%    |   50.6ms | Youtuber...
[ENTERTAINM] | YouTube  | [Normal]     | 97%    |   60.8ms | I want to mobile phone...
[ENTERTAINM] | YouTube  | [Normal]     | 97%    |   79.8ms | Can I have a shoutout..it's my birthday...
[ENTERTAINM] | YouTube  | [Normal]     | 93%    |  264.4ms | :virtualhug::virtualhug::virtualhug::vir...
[ENTERTAINM] | YouTube  | [Normal]     | 85%    |   56.2ms | no no Mr beast...
[ENTERTAINM] | YouTube  | [Normal]     | 95%    |   50.2ms | jupi...
[ENTERTAINM] | YouTube  | [Normal]     | 96%    |   67.9ms | mr beast i am a unc i am 29...
[ENTERTAINM] | YouTube  | [Normal]     | 96%    |   74.7ms | :red_heart::partying_face:...
[ENTERTAINM] | YouTube  | [Normal]     | 96%    |   63.9ms | HAPPY 500 MILLION FOLLOWERS!!!...
[GAMING/GAM] | YouTube  | [Normal]     | 96%    |   54.2ms | this a vibe...
[GAMING/SUR] | YouTube  | [Normal]     | 88%    |   63.9ms | The other ones will cover other angles...
[GAMING/GAM] | YouTube  | [Normal]     | 88%    |   49.6ms | ggy...
[GAMING/GAM] | YouTube  | [Normal]     | 97%    |   60.5ms | stream achievment...
[ENTERTAINM] | YouTube  | [Normal]     | 74%    |   73.0ms | brooooo im fromm pakkbigg fann...
[ENTERTAINM] | YouTube  | [Normal]     | 94%    |   45.9ms | hi...
[ENTERTAINM] | YouTube  | [Normal]     | 94%    |   54.0ms | hi Mr beast...
[ENTERTAINM] | YouTube  | [Normal]     | 88%    |   64.0ms | bleeeehgghhhhhhh...
[ENTERTAINM] | YouTube  | [Normal]     | 98%    |  301.5ms | :hand-pink-waving::hand-pink-waving::han...
[SELF-HELP/] | YouTube  | [HATE]       | 79%    |   64.1ms | Elon musk is not smart...
[GAMING/SUR] | YouTube  | [Normal]     | 93%    |   54.5ms | your building12...
[ENTERTAINM] | YouTube  | [Normal]     | 80%    |   73.8ms | What would u do if u got to a billion su...
[GAMING/GAM] | YouTube  | [Normal]     | 76%    |   64.6ms | what a banger ost bro...
[ENTERTAINM] | YouTube  | [Normal]     | 95%    |   49.4ms | hii...
[GAMING/SUR] | YouTube  | [Normal]     | 92%    |   46.2ms | clean...
[ENTERTAINM] | YouTube  | [Normal]     | 89%    |   83.2ms | BROOOOOOOOOOOOOOOOOOOOO 500000000...
[ENTERTAINM] | YouTube  | [Normal]     | 85%    |   72.1ms | heyyyy mr beasstttttt...
[ENTERTAINM] | YouTube  | [Normal]     | 95%    |   47.0ms | hello...
[MUSIC/CHIL] | YouTube  | [Normal]     | 63%    |  108.6ms | Raggy yup :grinning_face_with_big_eyes:m...
[GAMING/GAM] | YouTube  | [Normal]     | 91%    |   47.9ms | W...
[ENTERTAINM] | YouTube  | [Normal]     | 97%    |  229.2ms | :triangular_flag::triangular_flag::trian...
[GAMING/GAM] | YouTube  | [Normal]     | 93%    |   50.0ms | Gg...
[GAMING/GAM] | YouTube  | [Normal]     | 96%    |   87.0ms | markiplier cotl playthrough when. please...
[MUSIC/CHIL] | YouTube  | [Normal]     | 96%    |   60.6ms | :chess_pawn:...
[ENTERTAINM] | YouTube  | [OFFENSIVE]  | 90%    |   68.1ms | Ilyyyy congratsss!...
[NEWS/LIVE ] | YouTube  | [HATE]       | 58%    |  109.2ms | even pope said ''if you want to come in ...
[ENTERTAINM] | YouTube  | [Normal]     | 95%    |   54.4ms | hellow sir...
[GAMING/GAM] | YouTube  | [Normal]     | 96%    |   77.7ms | Harness?????????????...
[GAMING/GAM] | YouTube  | [Normal]     | 92%    |   60.4ms | YESSSS #1...
[ENTERTAINM] | YouTube  | [Normal]     | 96%    |   69.9ms | @MrBeast SAY HELLO TO KAZAKHSTAN PLEASE...
[PSYCHOLOGY] | YouTube  | [Normal]     | 96%    |   55.6ms | hyper enema?...
[ENTERTAINM] | YouTube  | [Normal]     | 96%    |  113.7ms | :squinting_face_with_tongue::squinting_f...
[GAMING/GAM] | YouTube  | [Normal]     | 59%    |  112.1ms | This is great  but real-world issues mat...
[GAMING/GAM] | YouTube  | [Normal]     | 97%    |   83.6ms | It was an amazing movie!! I'm going to w...
[ENTERTAINM] | YouTube  | [Normal]     | 91%    |   70.7ms | GET ITTTTTTTTTTTTTTT...
[GAMING/GAM] | YouTube  | [Normal]     | 95%    |   78.6ms | Congrats!!!! It was really good!...
[MUSIC/CHIL] | YouTube  | [Normal]     | 95%    |   55.0ms | accha h...
[GAMING/GAM] | YouTube  | [Normal]     | 94%    |   55.1ms | THATS MY DIRECTOR...
[ENTERTAINM] | YouTube  | [Normal]     | 98%    |   55.5ms | :eagle:...
[ENTERTAINM] | YouTube  | [Normal]     | 98%    |  348.3ms | :cat-orange-whistling::cat-orange-whistl...
[LIFESTYLE/] | YouTube  | [Normal]     | 96%    |   70.3ms | :face_with_peeking_eye:...
[GAMING/GAM] | YouTube  | [Normal]     | 93%    |  114.2ms | :buffering::buffering::buffering::buffer...
[GAMING/SUR] | YouTube  | [Normal]     | 73%    |   45.8ms | WRONG...
[ENTERTAINM] | YouTube  | [Normal]     | 95%    |   48.9ms | Yooo...
[GAMING/SUR] | YouTube  | [Normal]     | 82%    |   49.1ms | not good...
[GAMING/GAM] | YouTube  | [OFFENSIVE]  | 50%    |   54.4ms | No fucking way...
[GAMING/GAM] | YouTube  | [Normal]     | 92%    |   55.5ms | Any plans for Germany...
[GAMING/GAM] | YouTube  | [Normal]     | 97%    |   69.6ms | Which platform is it going to be in?...
[GAMING/GAM] | YouTube  | [Normal]     | 97%    |   55.0ms | PERFECTION TAKES TIME...
[GAMING/GAM] | YouTube  | [Normal]     | 97%    |   69.9ms | I've seen some real cool fan art...
[MUSIC/CHIL] | YouTube  | [HATE]       | 63%    |   62.0ms | Raggy and??...
[GAMING/GAM] | YouTube  | [Normal]     | 97%    |   69.1ms | Which streaming services are you plannin...
[GAMING/GAM] | YouTube  | [Normal]     | 52%    |  102.8ms | THAAAAAAAAIIIILANDDDDDDDDDDDDDDDDDDDDDDD...
[GAMING/SUR] | YouTube  | [Normal]     | 92%    |   56.5ms | rogue always eating...
[GAMING/GAM] | YouTube  | [Normal]     | 95%    |   77.4ms | what about eastern europe? ;-; would rea...
[PSYCHOLOGY] | YouTube  | [Normal]     | 96%    |   54.9ms | Thanos was right...
[GAMING/SUR] | YouTube  | [Normal]     | 93%    |   49.6ms | right click...
[ENTERTAINM] | YouTube  | [Normal]     | 96%    |   51.1ms | 1000$...
[GAMING/GAM] | YouTube  | [Normal]     | 95%    |   56.2ms | title!!!...
[GAMING/GAM] | YouTube  | [Normal]     | 96%    |  113.8ms | HEY MARK  if you do the physical format ...
[ENTERTAINM] | YouTube  | [Normal]     | 98%    |  166.5ms | :face-blue-smiling::face-blue-smiling::f...
[GAMING/GAM] | YouTube  | [Normal]     | 97%    |   54.1ms | vhs release?...
[ENTERTAINM] | YouTube  | [Normal]     | 97%    |   55.4ms | Welcome New Member!...
[GAMING/GAM] | YouTube  | [Normal]     | 96%    |   60.7ms | 4K please!!...
[ENTERTAINM] | YouTube  | [Normal]     | 94%    |   54.5ms | come to Egypt...
[ENTERTAINM] | YouTube  | [Normal]     | 96%    |   55.2ms | Sols rng...
[ENTERTAINM] | YouTube  | [Normal]     | 97%    |  346.0ms | :finger-red-number-one::finger-red-numbe...
[SELF-HELP/] | YouTube  | [Normal]     | 94%    |   83.1ms | @notreallyabird NINJA loans was my "wtf"...
[GAMING/GAM] | YouTube  | [Normal]     | 92%    |  103.0ms | I wish I could see it in theaters but no...
[GAMING/GAM] | YouTube  | [Normal]     | 95%    |   67.5ms | olympics too! lol...
[ENTERTAINM] | YouTube  | [Normal]     | 97%    |  101.4ms | Hallo Evin du bist nd cool oke :face_wit...
[ENTERTAINM] | YouTube  | [Normal]     | 91%    |   65.8ms | Do you know who mickal jackson is...
[GAMING/GAM] | YouTube  | [Normal]     | 97%    |   83.4ms | mark where will we able to buy the dvd??...
[GAMING/SUR] | YouTube  | [Normal]     | 96%    |   57.0ms | LMAO...
[ENTERTAINM] | YouTube  | [Normal]     | 96%    |   52.7ms | New member...
[ENTERTAINM] | YouTube  | [Normal]     | 94%    |   49.1ms | IND...
[GAMING/GAM] | YouTube  | [Normal]     | 96%    |   73.8ms | garten of banban movie when ? u promised...
[GAMING/GAM] | YouTube  | [Normal]     | 94%    |   49.0ms | nice one...
[GAMING/GAM] | YouTube  | [Normal]     | 97%    |   97.9ms | :index_pointing_up::index_pointing_up::i...
[PSYCHOLOGY] | YouTube  | [Normal]     | 93%    |  152.5ms | tech will probs just keep getting worse ...
[ENTERTAINM] | YouTube  | [Normal]     | 91%    |   49.0ms | mr beast...
[GAMING/GAM] | YouTube  | [Normal]     | 90%    |   73.6ms | can I watch iron lung without knowing an...
[ENTERTAINM] | YouTube  | [Normal]     | 96%    |   59.4ms | :saluting_face:...
[ENTERTAINM] | YouTube  | [Normal]     | 96%    |  138.5ms | "500 MILLION SUBSCRIBERS! :exploding_hea...
[ENTERTAINM] | YouTube  | [Normal]     | 95%    |   46.8ms | member...
[ENTERTAINM] | YouTube  | [Normal]     | 97%    |   55.2ms | Welcome New Member!...
[PSYCHOLOGY] | YouTube  | [Normal]     | 94%    |   63.6ms | Was gonna be Goku for awhile...
[MUSIC/CHIL] | YouTube  | [Normal]     | 81%    |   77.6ms | what's on your mind:cigarette::thinking_...
[GAMING/GAM] | YouTube  | [Normal]     | 93%    |   63.3ms | iron lung merch?...
[GAMING/GAM] | YouTube  | [Normal]     | 96%    |  108.8ms | I know I'm gonna be missing the Big Game...
[GAMING/GAM] | YouTube  | [Normal]     | 97%    |   73.3ms | Love you mark I love yoooouuuu...
[GAMING/GAM] | YouTube  | [Normal]     | 93%    |   64.5ms | this is more OG  let's go...
[PSYCHOLOGY] | YouTube  | [Normal]     | 85%    |   73.5ms | Because real world doesn’t vibe as well ...
[GAMING/GAM] | YouTube  | [Normal]     | 95%    |   48.9ms | hellooo...
[GAMING/GAM] | YouTube  | [Normal]     | 97%    |   69.5ms | there's snakes on the plane!!...
[GAMING/GAM] | YouTube  | [Normal]     | 97%    |   54.3ms | Markiplier...
[GAMING/GAM] | YouTube  | [Normal]     | 92%    |   97.7ms | my favorite part in the movie was when M...
[GAMING/SUR] | YouTube  | [Normal]     | 89%    |   77.6ms | WELYNS KNOW WE APPREACIATE YOU...
[GAMING/GAM] | YouTube  | [Normal]     | 80%    |   55.0ms | thats funny...
[GAMING/SUR] | YouTube  | [Normal]     | 92%    |   54.3ms | a smart peanut...
[ENTERTAINM] | YouTube  | [Normal]     | 94%    |   59.7ms | :cold_face:...
[SELF-HELP/] | YouTube  | [Normal]     | 96%    |   48.5ms | or cooked...
[GAMING/GAM] | YouTube  | [Normal]     | 94%    |   88.3ms | Personal question mark do you think you’...
[GAMING/GAM] | YouTube  | [Normal]     | 88%    |   73.6ms | a big jumpscare anomaly in this are woul...
[GAMING/GAM] | YouTube  | [Normal]     | 96%    |   63.8ms | remember to look at the windows and refl...
[GAMING/GAM] | YouTube  | [Normal]     | 85%    |   48.5ms | broken railing...
[GAMING/GAM] | YouTube  | [Normal]     | 96%    |   93.4ms | It's funny  I came from watching 2019 Ma...
[GAMING/GAM] | YouTube  | [Normal]     | 92%    |   47.1ms | yeah...
[GAMING/GAM] | YouTube  | [Normal]     | 93%    |   54.3ms | market plier...
[GAMING/SUR] | YouTube  | [Normal]     | 95%    |   64.3ms | it was the squirrel's land first...
[GAMING/GAM] | YouTube  | [Normal]     | 97%    |   89.2ms | The cockpit's gonna be tough with all th...
[ENTERTAINM] | YouTube  | [Normal]     | 91%    |   49.1ms | Mr beast...
[GAMING/SUR] | YouTube  | [Normal]     | 93%    |   49.1ms | wsp...
[MUSIC/CHIL] | YouTube  | [Normal]     | 96%    |  125.9ms | Idiot :face_with_tears_of_joy::face_with...
[NEWS/LIVE ] | YouTube  | [Normal]     | 97%    |   67.4ms | sponges?:cat-orange-whistling:...
[ENTERTAINM] | YouTube  | [HATE]       | 56%    |  130.9ms | CONGRATSSSSSSS. IM SO PROUD OF U. YOU HA...
[ENTERTAINM] | YouTube  | [Normal]     | 96%    |   76.9ms | салам из Апатиты...
[MUSIC/CHIL] | YouTube  | [Normal]     | 98%    |   63.8ms | hello:hand-pink-waving:...
[GAMING/GAM] | YouTube  | [Normal]     | 95%    |   64.4ms | first anomaly usually shows up at 15 aft...
[GAMING/GAM] | YouTube  | [Normal]     | 97%    |   54.6ms | RED LIGHT TOP LEFT...
[SELF-HELP/] | YouTube  | [Normal]     | 96%    |  140.9ms | im not high iq but when i went to a prof...
[MUSIC/CHIL] | YouTube  | [Normal]     | 96%    |   54.0ms | achha...
[GAMING/GAM] | YouTube  | [Normal]     | 91%    |   49.5ms | TOP LEFT...
[GAMING/GAM] | YouTube  | [Normal]     | 97%    |   69.4ms | MARK ECONOMY CLASS IN THE OVERHEAD BIN!!...
[NEWS/LIVE ] | YouTube  | [Normal]     | 90%    |   73.4ms | Bone Spurs is not a good basketball name...
[GAMING/SUR] | YouTube  | [Normal]     | 95%    |   47.3ms | PEANUT...
[ENTERTAINM] | YouTube  | [Normal]     | 94%    |   74.2ms | 비스트햄!!!...
[GAMING/GAM] | YouTube  | [Normal]     | 97%    |   69.7ms | EXTRA PLANE PAINTING IN THE CLASS ON THE...
[GAMING/GAM] | YouTube  | [Normal]     | 91%    |   49.0ms | normal rn...
[GAMING/GAM] | YouTube  | [Normal]     | 95%    |   49.5ms | Hellooo...
[GAMING/GAM] | YouTube  | [Normal]     | 95%    |   73.9ms | Possible extra bottle by the sink in bat...
[ENTERTAINM] | YouTube  | [Normal]     | 95%    |   55.3ms | yooo hi...
[GAMING/GAM] | YouTube  | [Normal]     | 95%    |   54.8ms | the banana flip!...
[GAMING/GAM] | YouTube  | [Normal]     | 95%    |   48.8ms | CANERA...
[GAMING/GAM] | YouTube  | [Normal]     | 89%    |   73.8ms | why is there a camrea in the bathroom?!...
[MUSIC/CHIL] | YouTube  | [Normal]     | 96%    |   54.6ms | achha...
[ENTERTAINM] | YouTube  | [Normal]     | 96%    |   49.4ms | New member...
[SPORTS/FOO] | YouTube  | [Normal]     | 98%    |   79.7ms | :hand-pink-waving::hand-pink-waving:...
[GAMING/GAM] | YouTube  | [OFFENSIVE]  | 79%    |  132.6ms | I know you don't like these but thank yo...
[GAMING/GAM] | YouTube  | [Normal]     | 69%    |   55.4ms | unlucky...
[GAMING/GAM] | YouTube  | [Normal]     | 80%    |   55.4ms | NO DON’T...
[GAMING/SUR] | YouTube  | [Normal]     | 92%    |   64.0ms | lol hes good at that...
[ENTERTAINM] | YouTube  | [Normal]     | 96%    |   60.3ms | can i have $100...
[ENTERTAINM] | YouTube  | [Normal]     | 92%    |   61.0ms | yooooooooo...
[ENTERTAINM] | YouTube  | [Normal]     | 95%    |   50.2ms | Hiiii...
[GAMING/GAM] | YouTube  | [Normal]     | 96%    |   59.8ms | missing life vest??...
[GAMING/GAM] | YouTube  | [Normal]     | 67%    |   48.7ms | no head...
[GAMING/GAM] | YouTube  | [Normal]     | 97%    |   55.5ms | Shoes business class?...
[SELF-HELP/] | YouTube  | [Normal]     | 85%    |   58.2ms | @exozl no correlation...
[GAMING/GAM] | YouTube  | [Normal]     | 94%    |   54.3ms | exit lights maybe...
[GAMING/GAM] | YouTube  | [Normal]     | 94%    |   64.7ms | I'm so bad at these games...
[GAMING/GAM] | YouTube  | [Normal]     | 95%    |   65.0ms | was there a mirror in the toilet?...
[ENTERTAINM] | YouTube  | [Normal]     | 94%    |   60.1ms | арбуз...
[ENTERTAINM] | YouTube  | [Normal]     | 94%    |   47.4ms | Hi...
[SELF-HELP/] | YouTube  | [Normal]     | 95%    |   76.2ms | Oh god  didn't realize that is what's ha...
[GAMING/GAM] | YouTube  | [Normal]     | 93%    |   94.1ms | what has been your favorite horror game?...
[GAMING/GAM] | YouTube  | [Normal]     | 91%    |   64.8ms | There’s a moon in the toilet...
[GAMING/GAM] | YouTube  | [Normal]     | 93%    |   56.0ms | POOP IN TOILET...
[PSYCHOLOGY] | YouTube  | [Normal]     | 56%    |   55.5ms | they tell you everything...
[ENTERTAINM] | YouTube  | [Normal]     | 96%    |   49.5ms | New member...
[MUSIC/CHIL] | YouTube  | [Normal]     | 97%    |  173.4ms | These fakes love me :face_with_tears_of_...
[GAMING/GAM] | YouTube  | [Normal]     | 81%    |   55.1ms | In the toilet...
[GAMING/GAM] | YouTube  | [Normal]     | 89%    |   55.4ms | not the spleen...
[ENTERTAINM] | YouTube  | [Normal]     | 96%    |   48.9ms | New member...
[GAMING/GAM] | YouTube  | [Normal]     | 95%    |   56.0ms | EWWW...
[ENTERTAINM] | YouTube  | [Normal]     | 97%    |   89.2ms | It's been such a short time  I remember ...
[NEWS/LIVE ] | YouTube  | [Normal]     | 90%    |   62.2ms | BLACK FATIGUE EVEN HIS PARENTS...
[GAMING/GAM] | YouTube  | [Normal]     | 94%    |   60.5ms | banned by DNA FOR LIFE...
[ENTERTAINM] | YouTube  | [Normal]     | 96%    |   53.9ms | HIIIIIII...
[ENTERTAINM] | YouTube  | [Normal]     | 96%    |   69.7ms | Jimmyyyyyy i love you...
[ENTERTAINM] | YouTube  | [Normal]     | 97%    |   64.5ms | I subscribe to all channels great work...
[ENTERTAINM] | YouTube  | [Normal]     | 96%    |   93.9ms | 500 mil :partying_face::partying_face::p...
[GAMING/GAM] | YouTube  | [Normal]     | 93%    |   49.0ms | E...
[ENTERTAINM] | YouTube  | [Normal]     | 89%    |   50.6ms | Yoooo...
[GAMING/GAM] | YouTube  | [Normal]     | 93%    |   49.4ms | hey bud...
[ENTERTAINM] | YouTube  | [Normal]     | 93%    |   47.0ms | SON...
[ENTERTAINM] | YouTube  | [Normal]     | 92%    |   49.1ms | help me...
[PSYCHOLOGY] | YouTube  | [Normal]     | 95%    |   55.1ms | true crime investigation belgium...
[ENTERTAINM] | YouTube  | [Normal]     | 97%    |   74.9ms | tomorrow is my birthday :red_heart:...
[GAMING/GAM] | YouTube  | [Normal]     | 82%    |   70.9ms | what next  banning their lungs????...
[GAMING/GAM] | YouTube  | [Normal]     | 96%    |   59.5ms | PURSE IN BUSINESS IS DIFFERENT COLOR...
[ENTERTAINM] | YouTube  | [Normal]     | 97%    |  104.4ms | happy 500 million subscribers:elbowcough...
[ENTERTAINM] | YouTube  | [Normal]     | 93%    |   54.6ms | hhhh...
[ENTERTAINM] | YouTube  | [Normal]     | 97%    |   54.8ms | Greetings from Mongolia...
[GAMING/GAM] | YouTube  | [Normal]     | 97%    |  194.2ms | MARK  THERE'S A MAN IN THE TOP LEFT!! HE...
[GAMING/GAM] | YouTube  | [Normal]     | 96%    |   58.8ms | B CLASS EXTRA COMPARTMENT...
[ENTERTAINM] | YouTube  | [Normal]     | 94%    |   74.0ms | Congratulations !!!!!!!!!!...
[ENTERTAINM] | YouTube  | [Normal]     | 98%    |  170.1ms | :sports_medal::sports_medal::sports_meda...
[NEWS/LIVE ] | YouTube  | [Normal]     | 97%    |   61.1ms | :people_hugging:...
[ENTERTAINM] | YouTube  | [Normal]     | 98%    |  178.0ms | :red_heart::red_heart::red_heart::red_he...
[ENTERTAINM] | YouTube  | [Normal]     | 94%    |   64.9ms | hey beast how can I become a member...
[GAMING/SUR] | YouTube  | [Normal]     | 97%    |   55.2ms | Eat a FOODS...
[GAMING/GAM] | YouTube  | [Normal]     | 96%    |   63.7ms | wait extra donuts???...
[GAMING/GAM] | YouTube  | [Normal]     | 98%    |  151.0ms | Mark  I'm am such a big fan of your chan...
[PSYCHOLOGY] | YouTube  | [Normal]     | 87%    |  151.7ms | how do i embrace my feelings when my dar...
[ENTERTAINM] | YouTube  | [Normal]     | 91%    |   91.2ms | Peanut is insane when he streams  that g...
[GAMING/SUR] | YouTube  | [Normal]     | 93%    |   55.2ms | Front drop off box...
[MUSIC/CHIL] | YouTube  | [Normal]     | 97%    |  146.3ms | ha wo baat krega kis se or nazar rhega k...
[ENTERTAINM] | YouTube  | [Normal]     | 96%    |   60.1ms | kto z Polski...
[GAMING/GAM] | YouTube  | [Normal]     | 96%    |   57.8ms | Cup on business chair...
[ENTERTAINM] | YouTube  | [Normal]     | 95%    |   49.6ms | said hi...
[ENTERTAINM] | YouTube  | [Normal]     | 91%    |   67.3ms | @MrBeast how’s your day?...
[ENTERTAINM] | YouTube  | [Normal]     | 97%    |  121.9ms | I love you so much Mr Beast  I am From M...
[GAMING/GAM] | YouTube  | [Normal]     | 97%    |   54.2ms | PILOT CABIN SEATS...
[GAMING/GAM] | YouTube  | [Normal]     | 96%    |   54.3ms | Window ice?...
[ENTERTAINM] | YouTube  | [Normal]     | 96%    |   68.4ms | na he is getting a billion in the upcomi...
[ENTERTAINM] | YouTube  | [Normal]     | 97%    |   98.5ms | Jimmy  we need another beast games :hand...
[ENTERTAINM] | YouTube  | [Normal]     | 96%    |  139.8ms | @MrBeast Jimmy  my iPhone 8 is broken  b...
[GAMING/GAM] | YouTube  | [Normal]     | 86%    |   71.0ms | banana...
[GAMING/GAM] | YouTube  | [Normal]     | 97%    |   70.2ms | Lights on floor...
[MUSIC/CHIL] | YouTube  | [Normal]     | 97%    |   90.1ms | :face_exhaling::green_heart:...
[PSYCHOLOGY] | YouTube  | [Normal]     | 88%    |   72.1ms | sensitive...
[ENTERTAINM] | YouTube  | [Normal]     | 96%    |   64.9ms | New member...
[PSYCHOLOGY] | YouTube  | [Normal]     | 91%    |   89.8ms | Yeah it is relatable too xD...
[ENTERTAINM] | YouTube  | [Normal]     | 96%    |   82.6ms | What is your best video yet?...
[SELF-HELP/] | YouTube  | [Normal]     | 96%    |  141.1ms | How do u know if a problem u r thinking ...
[ENTERTAINM] | YouTube  | [Normal]     | 97%    |  130.3ms | :text-green-game-over::text-green-game-o...
[ENTERTAINM] | YouTube  | [Normal]     | 97%    |   69.4ms | love from Pakistan...
[ENTERTAINM] | YouTube  | [Normal]     | 90%    |   69.3ms | yoooooo...
[ENTERTAINM] | YouTube  | [Normal]     | 96%    |   82.6ms | I love you Jimmy from Thailand...
[GAMING/SUR] | YouTube  | [Normal]     | 95%    |   91.8ms | There’s one in your inventory...
[GAMING/SUR] | YouTube  | [Normal]     | 73%    |   73.5ms | hutch scrap them...
[SELF-HELP/] | YouTube  | [Normal]     | 97%    |   98.3ms | prioritizing helped me personally and fo...
[GAMING/GAM] | YouTube  | [Normal]     | 97%    |   89.5ms | bann the anomaly!! :magic_wand:...
[GAMING/GAM] | YouTube  | [Normal]     | 94%    |   79.6ms | How many Anas just got banned?...
[GAMING/GAM] | YouTube  | [Normal]     | 94%    |   71.1ms | Hi...
[GAMING/GAM] | YouTube  | [Normal]     | 98%    |   64.8ms | green light...
[PSYCHOLOGY] | YouTube  | [Normal]     | 63%    |   84.9ms | yes  and Belgium should make him the new...
[ENTERTAINM] | YouTube  | [Normal]     | 94%    |  105.6ms | Hey jimmy can you send me a 2000$ so i c...
[GAMING/SUR] | YouTube  | [Normal]     | 95%    |   74.9ms | HOLY COMPS...
[ENTERTAINM] | YouTube  | [Normal]     | 93%    |   95.7ms | here since the pewdiepiew vs tseries era...
[GAMING/GAM] | YouTube  | [Normal]     | 92%    |   82.6ms | Man in window at the gate...
[ENTERTAINM] | YouTube  | [Normal]     | 98%    |   86.1ms | :warning:Jake the Viking:warning:...
[GAMING/GAM] | YouTube  | [Normal]     | 87%    |   69.9ms | Banned...
[ENTERTAINM] | YouTube  | [Normal]     | 96%    |   69.9ms | 500million...
[GAMING/GAM] | YouTube  | [Normal]     | 92%    |   90.0ms | just got home from work glad to spend my...
[GAMING/GAM] | YouTube  | [Normal]     | 97%    |   73.9ms | MARK THE BANANAS OVER-RIPE...
[GAMING/GAM] | YouTube  | [Normal]     | 87%    |   72.0ms | banned...
[GAMING/GAM] | YouTube  | [Normal]     | 91%    |   82.5ms | was there always shoes beneath the seat ...
[GAMING/SUR] | YouTube  | [Normal]     | 69%    |   76.8ms | you can authorise them...
[GAMING/GAM] | YouTube  | [Normal]     | 82%    |   94.0ms | can't tell if im seeing things or if my ...
[GAMING/GAM] | YouTube  | [Normal]     | 91%    |   70.6ms | Noooo...
[ENTERTAINM] | YouTube  | [Normal]     | 97%    |   71.0ms | I was here!...
[GAMING/GAM] | YouTube  | [Normal]     | 96%    |   73.4ms | entrance: distorted camera maybe?...
[GAMING/GAM] | YouTube  | [Normal]     | 97%    |   73.6ms | was the floor light always green...
[GAMING/GAM] | YouTube  | [Normal]     | 93%    |   75.4ms | exit sign buisness...
[SELF-HELP/] | YouTube  | [Normal]     | 93%    |   74.2ms | @loban_88 yes...
[ENTERTAINM] | YouTube  | [Normal]     | 94%    |  161.8ms | Hlooooooooooooooooooooooooooooooooo........
[PSYCHOLOGY] | YouTube  | [Normal]     | 96%    |   82.8ms | Ezio blade that's not just men tbh...
[GAMING/GAM] | YouTube  | [Normal]     | 96%    |   91.9ms | #1 :finger-red-number-one:...
[ENTERTAINM] | YouTube  | [Normal]     | 87%    |  120.4ms | @MrBeast could you do an awsome video li...
[ENTERTAINM] | YouTube  | [Normal]     | 94%    |   99.5ms | love you from Bangladesh :white_heart::s...
[GAMING/GAM] | YouTube  | [Normal]     | 80%    |   79.8ms | “We got caseoh at home”...
[GAMING/ESP] | YouTube  | [Normal]     | 98%    |   92.8ms | :trophy-yellow-smiling::trophy-yellow-sm...
[GAMING/GAM] | YouTube  | [Normal]     | 97%    |   95.0ms | Was there a suitcase in the entryway? Th...
[SELF-HELP/] | YouTube  | [OFFENSIVE]  | 45%    |   93.9ms | So what happens  you morph into final fo...
[GAMING/SUR] | YouTube  | [Normal]     | 76%    |   76.5ms | never beating those fat allegations...
[GAMING/GAM] | YouTube  | [Normal]     | 86%    |   64.4ms | toilet changed...
[ENTERTAINM] | YouTube  | [Normal]     | 94%    |   64.2ms | W channel...
[PSYCHOLOGY] | YouTube  | [Normal]     | 96%    |  150.8ms | I practice by walking in the rain to get...
[GAMING/SUR] | YouTube  | [Normal]     | 51%    |   80.1ms | i think they ment thank you...
[GAMING/GAM] | YouTube  | [Normal]     | 95%    |   65.7ms | WHAT?...
[GAMING/GAM] | YouTube  | [Normal]     | 97%    |   70.3ms | THE AIRPORT CHARTS...
[GAMING/GAM] | YouTube  | [Normal]     | 96%    |   81.0ms | We can see the light!!!...
[ENTERTAINM] | YouTube  | [Normal]     | 85%    |   95.6ms | if you be 500million subscriber how do y...
[GAMING/GAM] | YouTube  | [Normal]     | 94%    |   82.1ms | The case on the hall thing...
[GAMING/GAM] | YouTube  | [Normal]     | 98%    |   82.4ms | ive said the calendar like three times...
[PSYCHOLOGY] | YouTube  | [Normal]     | 90%    |   83.6ms | hahaha  well im kinda vibing too myself...
[GAMING/TOU] | Twitch   | [Normal]     | 92%    |  124.3ms | Ricbor è l'amico che fa finta di essere ...
[GAMING/TOU] | Twitch   | [Normal]     | 95%    |   98.6ms | da 5 punti in 4 a 225 in 8 CRAZY...
[GAMING/TOU] | Twitch   | [Normal]     | 94%    |  101.3ms | @TroppoFlame16 è un problema che ha ahah...
[GAMING/TOU] | Twitch   | [Normal]     | 98%    |   80.3ms | 10k bits so tipo 100 euro...
[GAMING/TOU] | Twitch   | [Normal]     | 97%    |   86.4ms | @stasenzpensier1 bye bye...
[GAMING/TOU] | Twitch   | [Normal]     | 95%    |   70.2ms | pred in...
[VALORANT/G] | Twitch   | [Normal]     | 97%    |  128.8ms | VALORANT Masters London | Playoffs | BO3...
[VALORANT/G] | Twitch   | [Normal]     | 94%    |   65.0ms | !games...
[VALORANT/G] | Twitch   | [Normal]     | 96%    |   70.2ms | 50/50...
[VALORANT/G] | Twitch   | [Normal]     | 96%    |   70.1ms | jame time...
[VALORANT/G] | Twitch   | [Normal]     | 96%    |   74.1ms | Jame time...
[VALORANT/G] | Twitch   | [Normal]     | 96%    |   70.4ms | jame time...
[GAMING/DAR] | Twitch   | [Normal]     | 97%    |  188.7ms | dreamcast1992  You drag the traps out of...
[GAMING/DAR] | Twitch   | [Normal]     | 92%    |   79.6ms | Wait that's the wrong one...
[RELATIONSH] | Twitch   | [Normal]     | 94%    |   93.3ms | wake always goes all out in the skits. h...
[VALORANT/G] | Twitch   | [Normal]     | 95%    |   75.5ms | it’s just map 1...
[RELATIONSH] | Twitch   | [Normal]     | 80%    |   83.7ms | "objection the questions way too good" -...
[RELATIONSH] | Twitch   | [Normal]     | 96%    |   64.6ms | COPIUM...
[VALORANT/G] | Twitch   | [Normal]     | 96%    |   64.3ms | LOL...
[RELATIONSH] | Twitch   | [Normal]     | 94%    |   71.0ms | om...
[RELATIONSH] | Twitch   | [Normal]     | 92%    |   83.2ms | CAN WE GET A CINNA COLLAB...
[RELATIONSH] | Twitch   | [Normal]     | 93%    |   70.2ms | YEP...
[RELATIONSH] | Twitch   | [Normal]     | 92%    |   75.2ms | brother  we can see it...
[RELATIONSH] | Twitch   | [Normal]     | 96%    |   89.6ms | 35% off subs TREASURE TRAIN orophiALERT...
[VALORANT/G] | Twitch   | [OFFENSIVE]  | 79%    |   83.1ms | ez as fuck emea washed region right?...
[VALORANT/G] | Twitch   | [Normal]     | 95%    |   70.6ms | YUTEGOAT...
[RELATIONSH] | Twitch   | [Normal]     | 93%    |   70.7ms | OOOO...
[RELATIONSH] | Twitch   | [Normal]     | 96%    |   70.8ms | Cheers...
[RELATIONSH] | Twitch   | [Normal]     | 97%    |   72.1ms | gtr wrap?...
[VALORANT/G] | Twitch   | [Normal]     | 93%    |   76.6ms | EDG 加油！...
[RELATIONSH] | Twitch   | [Normal]     | 97%    |  105.0ms | ANY GIFTAS? TriHard FBCatch 🎁 IT'S 35% O...
[RELATIONSH] | Twitch   | [Normal]     | 96%    |   90.2ms | 35% off subs TREASURE TRAIN orophiALERT...
[RELATIONSH] | Twitch   | [Normal]     | 97%    |   72.1ms | ciurt cae...
[GAMING/DAR] | Twitch   | [Normal]     | 92%    |   71.1ms | Yeah...
[RELATIONSH] | Twitch   | [Normal]     | 92%    |   70.0ms | Amy gifters...
[RELATIONSH] | Twitch   | [Normal]     | 93%    |   69.9ms | OOOO...
[RELATIONSH] | Twitch   | [Normal]     | 93%    |   66.2ms | Jammies...
[RELATIONSH] | Twitch   | [Normal]     | 92%    |   65.0ms | WW...
[VALORANT/G] | Twitch   | [Normal]     | 94%    |   89.8ms | @mimi_gma nuh uh cwdevaActually...
[RELATIONSH] | Twitch   | [Normal]     | 82%    |   75.6ms | What a phisyq...
[RELATIONSH] | Twitch   | [Normal]     | 92%    |   70.9ms | jebiatedD...
[VALORANT/G] | Twitch   | [Normal]     | 94%    |  115.6ms | @rajasawit same guy broke the bo5 kill r...
[RELATIONSH] | Twitch   | [Normal]     | 92%    |   64.5ms | WW...
[RELATIONSH] | Twitch   | [Normal]     | 93%    |   73.9ms | hey nick @nmplol...
[RELATIONSH] | Twitch   | [Normal]     | 93%    |   69.6ms | OOOO...
[RELATIONSH] | Twitch   | [Normal]     | 64%    |   69.0ms | yes Sadge...
[RELATIONSH] | Twitch   | [Normal]     | 97%    |   84.0ms | any roadtrip stream soon? @Nmplol...
[RELATIONSH] | Twitch   | [Normal]     | 86%    |   70.1ms | yo...
[RELATIONSH] | Twitch   | [Normal]     | 96%    |   70.0ms | DANCE DANCE DANCE...
[RELATIONSH] | Twitch   | [Normal]     | 72%    |   90.1ms | He's gonna blow a gasket...
[RELATIONSH] | Twitch   | [Normal]     | 96%    |   79.1ms | we need a new dance...
[RELATIONSH] | Twitch   | [Normal]     | 96%    |   95.8ms | exemSturdy exemFloss exemSturdy...
[GAMING/DAR] | Twitch   | [Normal]     | 92%    |   66.0ms | Well yeah...
[RELATIONSH] | Twitch   | [Normal]     | 95%    |   74.2ms | TriHard FBCatch...
[RELATIONSH] | Twitch   | [Normal]     | 98%    |  224.0ms | TriHard FBCatch HolidayPresent ANY GIFTA...
[RELATIONSH] | Twitch   | [Normal]     | 98%    |  234.0ms | TriHard FBCatch HolidayPresent ANY GIFTA...
[RELATIONSH] | Twitch   | [Normal]     | 95%    |   82.2ms | Any gifters <3 HolidayPresent...
[RELATIONSH] | Twitch   | [Normal]     | 93%    |   65.5ms | mhm...
[RELATIONSH] | Twitch   | [Normal]     | 93%    |   64.6ms | 50 reasons ͏...
[RELATIONSH] | Twitch   | [Normal]     | 97%    |   79.9ms | s/o HENRY LOL LOL...
[RELATIONSH] | Twitch   | [Normal]     | 94%    |   64.9ms | OOF...
[RELATIONSH] | Twitch   | [Normal]     | 96%    |   67.3ms | LUL...
[RELATIONSH] | Twitch   | [Normal]     | 89%    |   93.6ms | nmpRiding nmpRiding nmpRiding...
[ENTERTAINM] | Twitch   | [Normal]     | 87%    |   73.6ms | NotLikeThis...
[RELATIONSH] | Twitch   | [Normal]     | 94%    |   71.0ms | om...
[RELATIONSH] | Twitch   | [Normal]     | 96%    |   71.2ms | Arther is cooked...
[RELATIONSH] | Twitch   | [Normal]     | 91%    |   72.3ms | CAUGHT...
[RELATIONSH] | Twitch   | [Normal]     | 94%    |   65.0ms | o7...
[ENTERTAINM] | Twitch   | [Normal]     | 95%    |   99.6ms | It's more a quizz than a riddle  so diff...
[RELATIONSH] | Twitch   | [Normal]     | 96%    |   70.6ms | monkaLaugh...
[RELATIONSH] | Twitch   | [Normal]     | 94%    |   67.8ms | o7...
[RELATIONSH] | Twitch   | [Normal]     | 95%    |   65.4ms | ICANT...
[RELATIONSH] | Twitch   | [Normal]     | 96%    |   79.5ms | davay in deutsch...
[RELATIONSH] | Twitch   | [Normal]     | 95%    |   75.7ms | its not saved LOL...
[RELATIONSH] | Twitch   | [Normal]     | 88%    |   64.3ms | keep digging...
[RELATIONSH] | Twitch   | [Normal]     | 95%    |   64.9ms | ??...
[RELATIONSH] | Twitch   | [Normal]     | 94%    |   77.4ms | om...
[RELATIONSH] | Twitch   | [Normal]     | 96%    |   74.9ms | OMEGALUL...
[ENTERTAINM] | Twitch   | [Normal]     | 96%    |   68.3ms | LUL...
[RELATIONSH] | Twitch   | [Normal]     | 97%    |   71.0ms | eyebrows LMAO...
[RELATIONSH] | Twitch   | [Normal]     | 89%    |   64.9ms | Sure confused...
[ENTERTAINM] | Twitch   | [Normal]     | 93%    |   76.3ms | CoolStoryBob...
[RELATIONSH] | Twitch   | [Normal]     | 97%    |   65.1ms | MONKA...
[ENTERTAINM] | Twitch   | [Normal]     | 54%    |   77.6ms | Tell her to speak in portuguese...
[RELATIONSH] | Twitch   | [Normal]     | 95%    |   73.9ms | AHAHAHA...
[RELATIONSH] | Twitch   | [Normal]     | 94%    |   65.2ms | o7...
[RELATIONSH] | Twitch   | [Normal]     | 96%    |   76.1ms | she used the voice gg...
[RELATIONSH] | Twitch   | [Normal]     | 93%    |   74.8ms | this is intense than the court...
[RELATIONSH] | Twitch   | [Normal]     | 94%    |   65.4ms | o7...
[ENTERTAINM] | Twitch   | [Normal]     | 89%    |   71.7ms | run...
[ENTERTAINM] | Twitch   | [Normal]     | 94%    |   71.7ms | Kappa...
[RELATIONSH] | Twitch   | [Normal]     | 94%    |   67.5ms | o7...
[RELATIONSH] | Twitch   | [Normal]     | 94%    |   80.0ms | o7...
[RELATIONSH] | Twitch   | [Normal]     | 86%    |   66.7ms | so awkward...
[RELATIONSH] | Twitch   | [Normal]     | 97%    |   66.1ms | MONKA...
[RELATIONSH] | Twitch   | [Normal]     | 79%    |   70.0ms | anal...
[RELATIONSH] | Twitch   | [Normal]     | 83%    |   65.0ms | Poor arthur...
[RELATIONSH] | Twitch   | [Normal]     | 95%    |   70.3ms | Yeah o7...
[RELATIONSH] | Twitch   | [Normal]     | 88%    |   66.2ms | !hide...
[RELATIONSH] | Twitch   | [Normal]     | 94%    |   65.0ms | o7...
[RELATIONSH] | Twitch   | [Normal]     | 94%    |   64.8ms | o7...
[ENTERTAINM] | Twitch   | [Normal]     | 83%    |   79.9ms | nobody knows what she is saying :(...
[RELATIONSH] | Twitch   | [Normal]     | 92%    |   72.1ms | HUH...
[RELATIONSH] | Twitch   | [Normal]     | 92%    |   72.1ms | HUH...
[RELATIONSH] | Twitch   | [Normal]     | 94%    |   70.9ms | MIGHT WANNA SAVE THIS...
[ENTERTAINM] | Twitch   | [Normal]     | 93%    |   72.9ms | YES...
[RELATIONSH] | Twitch   | [Normal]     | 92%    |   79.2ms | HUH...
[ENTERTAINM] | Twitch   | [Normal]     | 84%    |   76.8ms | let'd goo...
[RELATIONSH] | Twitch   | [Normal]     | 95%    |   71.7ms | nmpStop...
[RELATIONSH] | Twitch   | [Normal]     | 95%    |   94.4ms | Welcome back to the nice guys yamamoto18...
[RELATIONSH] | Twitch   | [Normal]     | 95%    |   72.3ms | DRAMA...
[RELATIONSH] | Twitch   | [Normal]     | 96%    |   75.0ms | ABORT MISSION...
[ENTERTAINM] | Twitch   | [Normal]     | 97%    |   71.5ms | soon? tonight?...
[RELATIONSH] | Twitch   | [Normal]     | 95%    |  178.8ms | monkaLaugh uh oh monkaLaugh uh oh monkaL...
[RELATIONSH] | Twitch   | [Normal]     | 94%    |   70.5ms | hesRight...
[RELATIONSH] | Twitch   | [Normal]     | 94%    |   64.9ms | o7...
[RELATIONSH] | Twitch   | [Normal]     | 94%    |   83.9ms | Nicks face LMAOOOOOOOOOO...
[RELATIONSH] | Twitch   | [Normal]     | 88%    |   74.6ms | peepoBlush girll...
[RELATIONSH] | Twitch   | [Normal]     | 95%    |   69.8ms | careful arther...
[RELATIONSH] | Twitch   | [Normal]     | 94%    |   64.5ms | o7...
[RELATIONSH] | Twitch   | [Normal]     | 70%    |   70.1ms | let her cook...
[RELATIONSH] | Twitch   | [Normal]     | 86%    |   73.9ms | maybe we need to stop this...
[RELATIONSH] | Twitch   | [Normal]     | 94%    |   64.5ms | o7...
[RELATIONSH] | Twitch   | [Normal]     | 93%    |   64.9ms | gg...
[RELATIONSH] | Twitch   | [Normal]     | 96%    |   93.2ms | exemClap exemClap exemClap...
[RELATIONSH] | Twitch   | [Normal]     | 94%    |   67.3ms | o7 ͏...
[ENTERTAINM] | Twitch   | [Normal]     | 97%    |   71.1ms | Slow cooking lol...
[RELATIONSH] | Twitch   | [Normal]     | 95%    |   70.0ms | so many cables...
[RELATIONSH] | Twitch   | [Normal]     | 93%    |   69.9ms | mhm...
[RELATIONSH] | Twitch   | [Normal]     | 96%    |   64.1ms | LUL...
[RELATIONSH] | Twitch   | [Normal]     | 94%    |   69.3ms | om...
[RELATIONSH] | Twitch   | [Normal]     | 96%    |   70.9ms | lmfao...
[RELATIONSH] | Twitch   | [Normal]     | 95%    |   70.5ms | OMEGALUL DEAN...
[RELATIONSH] | Twitch   | [Normal]     | 93%    |   66.1ms | mhm...
[RELATIONSH] | Twitch   | [Normal]     | 94%    |   71.7ms | om...
