---- STARTING OMNI-PROCESSOR ----
-> Connected to Elasticsearch at http://localhost:9200 | Index: perf_20260926-174915_p2_c2_cuda_r1
-> Loading model from F:\hate-speech-pipeline\src\../models\bert_final on cuda...
-> GPU: NVIDIA GeForce GTX 1650 with Max-Q Design
-> BERT Model Loaded successfully.
-> Benchmark log: F:\hate-speech-pipeline\reports\scaling\20260926-174915_p2_c2_cuda_r1\bench_WIX_1.csv | node WIX | group grp_20260926-174915_p2_c2_cuda_r1
------------------------------------------------------------------------------------------------------------------------
DOMAIN       | SOURCE   | PREDICTION   | CONF.  | LATENCY  | TEXT
------------------------------------------------------------------------------------------------------------------------
[NEWS/LIVE ] | YouTube  | [Normal]     | 95%    |  356.1ms | I mistyped because I have BIG hands lol...
[SELF-HELP/] | YouTube  | [Normal]     | 97%    |    9.6ms | I'm on a plane...
[GAMING/SUR] | YouTube  | [Normal]     | 96%    |   12.1ms | FIRST...
[NEWS/LIVE ] | YouTube  | [Normal]     | 94%    |   14.3ms | so the best thing is the worst? hmm:cat-...
[GAMING/SUR] | YouTube  | [Normal]     | 86%    |  128.2ms | Yo...
[GAMING/SUR] | YouTube  | [Normal]     | 93%    |    9.0ms | LETS GO!!!...
[GAMING/SUR] | YouTube  | [Normal]     | 96%    |   17.5ms | :thumbs_up::thumbs_up::thumbs_up::thumbs...
[GAMING/SUR] | YouTube  | [Normal]     | 90%    |   14.1ms | why are you all so early?...
[GAMING/SUR] | YouTube  | [Normal]     | 97%    |   17.0ms | Peanut Plays RUST. LETS GO!...
[MUSIC/CHIL] | YouTube  | [Normal]     | 97%    |   14.0ms | shivu apun k papa mujko wada ki h shivu ...
[GAMING/SUR] | YouTube  | [Normal]     | 93%    |   20.2ms | :elbowcough::elbowcough::elbowcough::elb...
[GAMING/SUR] | YouTube  | [Normal]     | 94%    |    8.0ms | eeeeeeeeeeeeeeeeeeeeeeeeeeeee...
[GAMING/SUR] | YouTube  | [Normal]     | 61%    |   13.3ms | lets goooooooooo chat!!!...
[SELF-HELP/] | YouTube  | [Normal]     | 94%    |    8.6ms | domestic flight ye...
[GAMING/SUR] | YouTube  | [Normal]     | 96%    |   15.0ms | EEEEEEEEEEE EEEEEEEEEEE EEEEEEEEEEE EEEE...
[GAMING/SUR] | YouTube  | [Normal]     | 96%    |   11.1ms | Happy birthday peanut...
[GAMING/SUR] | YouTube  | [HATE]       | 52%    |   12.4ms | PEANUTS STREAMINGGGGGG:face-fuchsia-tong...
[GAMING/SUR] | YouTube  | [Normal]     | 97%    |    6.0ms | Happy birthday Peanut!!!!...
[GAMING/SUR] | YouTube  | [Normal]     | 94%    |   12.6ms | :ok_hand::ok_hand::ok_hand::thumbs_up::t...
[GAMING/SUR] | YouTube  | [Normal]     | 98%    |   13.0ms | :peanuts::peanuts::peanuts::peanuts::pea...
[GAMING/SUR] | YouTube  | [Normal]     | 96%    |   10.6ms | Great song...
[NEWS/LIVE ] | YouTube  | [Normal]     | 90%    |   14.0ms | more like codes...
[PSYCHOLOGY] | YouTube  | [Normal]     | 88%    |    9.4ms | Woo...
[MUSIC/CHIL] | YouTube  | [Normal]     | 90%    |    8.3ms | Suz tell your halikan to stop overfeedin...
[MUSIC/CHIL] | YouTube  | [Normal]     | 98%    |    7.8ms | muje tu bhi kabhi kabhi lgta pgl ashiqq ...
[GAMING/SUR] | YouTube  | [Normal]     | 97%    |   11.6ms | :crown::crown: LONG LIVE THE KING PEANUT...
[GAMING/SUR] | YouTube  | [Normal]     | 58%    |   16.8ms | did you ask hutch bout his ass tattoo...
[GAMING/SUR] | YouTube  | [Normal]     | 98%    |   15.3ms | :face-blue-wide-eyes::face-blue-wide-eye...
[GAMING/SUR] | YouTube  | [Normal]     | 56%    |    8.9ms | ILl ALLoW IT...
[GAMING/SUR] | YouTube  | [Normal]     | 97%    |   12.1ms | Happy birthday Peanut!!!!...
[GAMING/SUR] | YouTube  | [Normal]     | 96%    |   18.2ms | Diarrhea live on the stream...
[GAMING/SUR] | YouTube  | [Normal]     | 93%    |   12.5ms | Gingy and Rouge did 20 Hours...
[GAMING/SUR] | YouTube  | [Normal]     | 97%    |    8.6ms | 19 hours...
[GAMING/SUR] | YouTube  | [Normal]     | 92%    |   12.6ms | got off an hr before u got on...
[GAMING/SUR] | YouTube  | [Normal]     | 96%    |   70.3ms | hi:_PeanutFire::_PeanutFire:an chat does...
[GAMING/SUR] | YouTube  | [Normal]     | 87%    |   25.8ms | Gingys built different...
[GAMING/SUR] | YouTube  | [OFFENSIVE]  | 82%    |  100.1ms | Hol up...
[GAMING/SUR] | YouTube  | [Normal]     | 94%    |   45.7ms | Rouge put in massive work...
[GAMING/SUR] | YouTube  | [Normal]     | 96%    |   12.0ms | CREAM OF SUM YOUNG GUY...
[NEWS/LIVE ] | YouTube  | [Normal]     | 43%    |   16.0ms | Ok how about the poor dig a hole or make...
[GAMING/SUR] | YouTube  | [OFFENSIVE]  | 79%    |   14.1ms | :_LetsGo::_LetsGo::_LetsGo::_LetsGo::_Le...
[MUSIC/CHIL] | YouTube  | [Normal]     | 98%    |   15.0ms | Manoj haan:smiling_face_with_tear:...
[MUSIC/CHIL] | YouTube  | [Normal]     | 97%    |   13.0ms | Ayeee :smiling_face_with_sunglasses:...
[MUSIC/CHIL] | YouTube  | [OFFENSIVE]  | 93%    |   11.0ms | Aha....Don't defame my name by taking my...
[MUSIC/CHIL] | YouTube  | [Normal]     | 94%    |   11.5ms | hi...
[GAMING/SUR] | YouTube  | [Normal]     | 91%    |   12.0ms | he closed it...
[GAMING/SUR] | YouTube  | [OFFENSIVE]  | 90%    |   11.6ms | fuckin delerious LOL...
[GAMING/SUR] | YouTube  | [Normal]     | 82%    |   17.0ms | Shut the door!!!!...
[GAMING/SUR] | YouTube  | [Normal]     | 91%    |   14.0ms | h2o no way...
[GAMING/SUR] | YouTube  | [Normal]     | 96%    |   11.0ms | WE WANT WELYN...
[GAMING/SUR] | YouTube  | [HATE]       | 64%    |   10.0ms | HES THE GOAT!!!!!!!...
[GAMING/SUR] | YouTube  | [OFFENSIVE]  | 35%    |    9.1ms | my OG GOAT GAMER H20!...
[MUSIC/CHIL] | YouTube  | [Normal]     | 97%    |   10.5ms | :hot_beverage::musical_notes::ok_hand:...
[GAMING/SUR] | YouTube  | [Normal]     | 97%    |   14.0ms | H20 is a YT O.G....
[GAMING/SUR] | YouTube  | [Normal]     | 91%    |    9.0ms | he is a fucking legend...
[GAMING/SUR] | YouTube  | [Normal]     | 96%    |    9.0ms | lol...
[GAMING/SUR] | YouTube  | [Normal]     | 84%    |   10.6ms | close the gate...
[GAMING/SUR] | YouTube  | [Normal]     | 95%    |   12.0ms | hit TAB...
[GAMING/SUR] | YouTube  | [Normal]     | 96%    |   16.6ms | BRUH THAT DOORFRAME BEEN TWIG FOR 24HRS...
[GAMING/SUR] | YouTube  | [Normal]     | 96%    |   11.5ms | HIT TAB AND LOOK TOP RIGHT...
[GAMING/SUR] | YouTube  | [Normal]     | 96%    |   10.0ms | !peanuts...
[GAMING/SUR] | YouTube  | [Normal]     | 96%    |   12.0ms | peanut how late did you stay up last nig...
[MUSIC/CHIL] | YouTube  | [OFFENSIVE]  | 95%    |    8.6ms | Aha...so How much do you charge for suck...
[GAMING/SUR] | YouTube  | [Normal]     | 81%    |   10.0ms | h20 my kinggg...
[MUSIC/CHIL] | YouTube  | [Normal]     | 96%    |   14.6ms | Padathi spelling correct ga chepara firs...
[MUSIC/CHIL] | YouTube  | [Normal]     | 98%    |   21.1ms | Manoj unko sambhalega kon tum:face_with_...
[MUSIC/CHIL] | YouTube  | [Normal]     | 89%    |  172.7ms | Aha  now don't say that you do everythin...
[NEWS/LIVE ] | YouTube  | [Normal]     | 80%    |   11.6ms | Pete doesnt care what God you support in...
[PSYCHOLOGY] | YouTube  | [Normal]     | 81%    |   13.1ms | JUNGIANS...
[MUSIC/CHIL] | YouTube  | [Normal]     | 95%    |   11.5ms | what so :briefs::duck:...
[GAMING/SUR] | YouTube  | [Normal]     | 76%    |   12.0ms | dont do o...
[GAMING/SUR] | YouTube  | [Normal]     | 89%    |   12.0ms | HUTCH HAS AN AIRSTRIKE...
[GAMING/SUR] | YouTube  | [Normal]     | 90%    |   14.5ms | if rust went on sale right now  id buy i...
[MUSIC/CHIL] | YouTube  | [Normal]     | 97%    |   15.0ms | D same dialogue cheppi force chesthe vac...
[NEWS/LIVE ] | YouTube  | [Normal]     | 89%    |   15.1ms | you know it's 2026 this world is like la...
[GAMING/SUR] | YouTube  | [Normal]     | 64%    |   12.3ms | Dubl’n up the zyn is sick...
[GAMING/SUR] | YouTube  | [Normal]     | 96%    |   15.0ms | Tim was doing the wheeel yesterday...
[GAMING/SUR] | YouTube  | [Normal]     | 93%    |    9.0ms | EAST SIDE...
[GAMING/SUR] | YouTube  | [Normal]     | 96%    |   11.0ms | ground floor I think...
[GAMING/SUR] | YouTube  | [Normal]     | 85%    |   11.0ms | KEEP GOING DOWN...
[GAMING/SUR] | YouTube  | [Normal]     | 97%    |   15.5ms | I LOVE RUST...
[GAMING/SUR] | YouTube  | [Normal]     | 69%    |   11.0ms | battleShits...
[GAMING/SUR] | YouTube  | [Normal]     | 95%    |    9.9ms | train car...
[GAMING/SUR] | YouTube  | [Normal]     | 91%    |   11.0ms | South...
[SELF-HELP/] | YouTube  | [Normal]     | 92%    |   13.7ms | oh no the bonk continues...
[NEWS/LIVE ] | YouTube  | [Normal]     | 49%    |   17.5ms | that's a yes to feminist:face-green-smil...
[GAMING/SUR] | YouTube  | [Normal]     | 97%    |   10.0ms | ground level...
[GAMING/SUR] | YouTube  | [Normal]     | 70%    |    8.1ms | It’s at bandit camp...
[MUSIC/CHIL] | YouTube  | [Normal]     | 97%    |   12.0ms | i feel you love to my...
[NEWS/LIVE ] | YouTube  | [Normal]     | 97%    |   12.0ms | :people_hugging: :hugging_face: :open_ha...
[GAMING/SUR] | YouTube  | [Normal]     | 96%    |   13.0ms | OG H2O...
[GAMING/SUR] | YouTube  | [Normal]     | 97%    |    9.0ms | 500 ON RED P~!!...
[GAMING/SUR] | YouTube  | [Normal]     | 93%    |    9.0ms | do 3...
[GAMING/SUR] | YouTube  | [Normal]     | 95%    |   11.5ms | H2O...
[GAMING/SUR] | YouTube  | [Normal]     | 94%    |    9.6ms | 5...
[GAMING/SUR] | YouTube  | [Normal]     | 95%    |   15.1ms | 10 OR 5 !!!...
[GAMING/SUR] | YouTube  | [Normal]     | 94%    |  103.2ms | 3...
[GAMING/ESP] | YouTube  | [Normal]     | 95%    |   69.1ms | :skull:...
[PSYCHOLOGY] | YouTube  | [Normal]     | 75%    |   64.1ms | low-key i think dr. k is helping a whole...
[MUSIC/CHIL] | YouTube  | [Normal]     | 96%    |   13.0ms | Vani kaise :thinking_face:...
[GAMING/SUR] | YouTube  | [Normal]     | 94%    |    9.0ms | 3...
[GAMING/SUR] | YouTube  | [Normal]     | 94%    |   11.0ms | no way h20 is there lmao...
[GAMING/SUR] | YouTube  | [Normal]     | 96%    |    8.0ms | lmqo...
[GAMING/SUR] | YouTube  | [Normal]     | 96%    |   12.4ms | bit.ly/EA_-The-ytlscb-na #ad...
[GAMING/SUR] | YouTube  | [Normal]     | 93%    |   10.4ms | clip it...
[GAMING/SUR] | YouTube  | [Normal]     | 94%    |   15.1ms | usual gambling scene continue!!...
[GAMING/SUR] | YouTube  | [Normal]     | 97%    |   17.0ms | :face-green-smiling::face-green-smiling:...
[GAMING/SUR] | YouTube  | [Normal]     | 96%    |   10.2ms | what's good peanut...
[GAMING/SUR] | YouTube  | [Normal]     | 76%    |   12.6ms | Can’t loot him it’s in a safe zone...
[MUSIC/CHIL] | YouTube  | [Normal]     | 93%    |   11.0ms | shikha basically i don't eat   certainly...
[MUSIC/CHIL] | YouTube  | [Normal]     | 96%    |   11.1ms | Daniki chevudu ela vinipisthadi...
[GAMING/SUR] | YouTube  | [Normal]     | 96%    |    9.5ms | Hello from Bosnia...
[MUSIC/CHIL] | YouTube  | [Normal]     | 97%    |   11.0ms | @Dreamon_888 hi   how are you ? :backhan...
[GAMING/SUR] | YouTube  | [Normal]     | 88%    |   11.1ms | blavkjack super rigged on rust...
[GAMING/SUR] | YouTube  | [Normal]     | 87%    |   15.0ms | that was you  not winning...
[GAMING/SUR] | YouTube  | [Normal]     | 94%    |   12.0ms | it was a 4 bro...
[GAMING/SUR] | YouTube  | [Normal]     | 96%    |    9.2ms | LMFAO...
[GAMING/SUR] | YouTube  | [Normal]     | 84%    |    8.6ms | rigged...
[GAMING/SUR] | YouTube  | [Normal]     | 88%    |   12.6ms | LMAOOOOOOOOOOOOO...
[GAMING/SUR] | YouTube  | [Normal]     | 96%    |    8.0ms | lol...
[GAMING/SUR] | YouTube  | [Normal]     | 84%    |   11.4ms | It’s rigged...
[GAMING/SUR] | YouTube  | [Normal]     | 79%    |   17.0ms | face punch is gooping u...
[MUSIC/CHIL] | YouTube  | [Normal]     | 96%    |   13.0ms | ha to question bhi to hone chahiye na...
[MUSIC/CHIL] | YouTube  | [Normal]     | 70%    |   11.0ms | she is asking do u eat wtf...
[GAMING/SUR] | YouTube  | [Normal]     | 95%    |   11.5ms | hit...
[GAMING/SUR] | YouTube  | [Normal]     | 94%    |   12.9ms | DO HALF SO YTOU CAN DUBL...
[GAMING/ESP] | YouTube  | [Normal]     | 94%    |   13.6ms | :moai:...
[GAMING/SUR] | YouTube  | [Normal]     | 95%    |   11.1ms | wow...
[MUSIC/CHIL] | YouTube  | [Normal]     | 87%    |   23.3ms | catu sis come on now you take care of yo...
[GAMING/SUR] | YouTube  | [Normal]     | 96%    |   14.5ms | Alll in...
[MUSIC/CHIL] | YouTube  | [Normal]     | 90%    |   16.9ms | sorry spoty net......
[GAMING/SUR] | YouTube  | [Normal]     | 96%    |   17.3ms | bit.ly/EA_-The-ytlscb-na #ad...
[GAMING/SUR] | YouTube  | [Normal]     | 71%    |   21.0ms | NOOOOOOOOOOOOOOOOOOOOOOOOOO...
[GAMING/SUR] | YouTube  | [Normal]     | 96%    |   18.5ms | lmao...
[GAMING/SUR] | YouTube  | [Normal]     | 95%    |   27.1ms | LMAO FFFFFFFFFFFFFFFFF...
[GAMING/SUR] | YouTube  | [Normal]     | 95%    |   18.6ms | Fun’s over lol...
[GAMING/SUR] | YouTube  | [Normal]     | 96%    |   16.9ms | Dealer always wins...
[GAMING/SUR] | YouTube  | [Normal]     | 94%    |    9.5ms | ON YOUR OWN SERVER...
[GAMING/SUR] | YouTube  | [Normal]     | 95%    |    8.5ms | back to oil rig!!!!!!!!!!!!...
[GAMING/SUR] | YouTube  | [Normal]     | 95%    |   13.5ms | :rolling_on_the_floor_laughing::rolling_...
[GAMING/SUR] | YouTube  | [Normal]     | 92%    |    8.1ms | Can we get the mortgage to bet on...
[MUSIC/CHIL] | YouTube  | [Normal]     | 96%    |   12.6ms | bnane chali gayi?...
[GAMING/SUR] | YouTube  | [Normal]     | 92%    |   21.6ms | Stay...
[GAMING/SUR] | YouTube  | [HATE]       | 48%    |   19.6ms | dumb AND poor...
[GAMING/SUR] | YouTube  | [Normal]     | 74%    |   54.7ms | you wouldve lost anyways...
[GAMING/SUR] | YouTube  | [Normal]     | 95%    |   72.7ms | i knew this would happen with these 2...
[SELF-HELP/] | YouTube  | [Normal]     | 95%    |   79.5ms | Hi Dr k:winking_face:...
[PSYCHOLOGY] | YouTube  | [Normal]     | 70%    |   33.4ms | i don't get the friendzone  because i ac...
[GAMING/SUR] | YouTube  | [Normal]     | 94%    |   12.5ms | 5...
[MUSIC/CHIL] | YouTube  | [Normal]     | 96%    |   10.0ms | .....
[GAMING/SUR] | YouTube  | [Normal]     | 97%    |   13.0ms | peanut needs some shoes...
[GAMING/SUR] | YouTube  | [Normal]     | 86%    |   11.0ms | going bust in rust...
[MUSIC/CHIL] | YouTube  | [Normal]     | 97%    |   12.0ms | Ida :face_with_tears_of_joy::face_with_t...
[GAMING/SUR] | YouTube  | [Normal]     | 94%    |    8.6ms | 1...
[PSYCHOLOGY] | YouTube  | [Normal]     | 94%    |    7.0ms | hello. Jung will never die...
[PSYCHOLOGY] | YouTube  | [Normal]     | 82%    |    8.0ms | dr k   can you do a stream with only acc...
[GAMING/SUR] | YouTube  | [Normal]     | 94%    |   14.6ms | that's Insane:rolling_on_the_floor_laugh...
[GAMING/SUR] | YouTube  | [Normal]     | 78%    |   11.0ms | And that is why you don't gamble kids. X...
[GAMING/SUR] | YouTube  | [Normal]     | 97%    |   10.5ms | Peanut & Starforge PC's are partnered! C...
[GAMING/SUR] | YouTube  | [Normal]     | 92%    |    7.0ms | gingy stayed up all night grinding for p...
[MUSIC/CHIL] | YouTube  | [OFFENSIVE]  | 80%    |   10.0ms | shish sing wclm bro :smiling_face_with_t...
[PSYCHOLOGY] | YouTube  | [Normal]     | 92%    |   10.5ms | ye...
[PSYCHOLOGY] | YouTube  | [Normal]     | 86%    |   12.0ms | wolfs...
[ENTERTAINM] | YouTube  | [Normal]     | 93%    |    9.1ms | here...
[GAMING/SUR] | YouTube  | [Normal]     | 88%    |   15.0ms | Rust can be a trivia game if you play it...
[ENTERTAINM] | YouTube  | [Normal]     | 95%    |   12.6ms | EYYYYY HELLO...
[GAMING/SUR] | YouTube  | [Normal]     | 92%    |   13.7ms | nah just gamble it all away...
[ENTERTAINM] | YouTube  | [Normal]     | 94%    |    9.0ms | hi...
[ENTERTAINM] | YouTube  | [Normal]     | 93%    |   10.5ms | OMG...
[GAMING/SUR] | YouTube  | [Normal]     | 93%    |   12.6ms | Probably a storage base...
[PSYCHOLOGY] | YouTube  | [Normal]     | 91%    |   13.0ms | but what do you mean by explain?...
[GAMING/SUR] | YouTube  | [Normal]     | 92%    |   11.4ms | ROB THE SCRAP NOW...
[ENTERTAINM] | YouTube  | [Normal]     | 95%    |   14.0ms | HELLOOOOO...
[ENTERTAINM] | YouTube  | [Normal]     | 94%    |   10.0ms | Hola...
[GAMING/GAM] | YouTube  | [Normal]     | 92%    |   10.1ms | this is gonna be so metal my lungs might...
[GAMING/SUR] | YouTube  | [Normal]     | 94%    |    8.0ms | JAMMMM...
[GAMING/SUR] | YouTube  | [OFFENSIVE]  | 52%    |   11.5ms | oh shit...
[ENTERTAINM] | YouTube  | [Normal]     | 95%    |   62.7ms | yooo...
[ENTERTAINM] | YouTube  | [Normal]     | 97%    |   53.5ms | mr beast gift 67 $ i from Russia:money_m...
[ENTERTAINM] | YouTube  | [Normal]     | 52%    |    9.2ms | Let’s goooo jimmy...
[GAMING/SUR] | YouTube  | [Normal]     | 95%    |   16.0ms | :rolling_on_the_floor_laughing::rolling_...
[ENTERTAINM] | YouTube  | [Normal]     | 83%    |   10.0ms | world record jimmmyy...
[GAMING/SUR] | YouTube  | [Normal]     | 92%    |   13.0ms | thaTS MIND FROM DIUNOS...
[ENTERTAINM] | YouTube  | [Normal]     | 95%    |   10.0ms | Congratulations...
[GAMING/GAM] | YouTube  | [Normal]     | 95%    |   11.6ms | HIII...
[GAMING/SUR] | YouTube  | [Normal]     | 63%    |   16.0ms | TAKE IT TO GAMBLEEEE...
[GAMING/SUR] | YouTube  | [OFFENSIVE]  | 93%    |   16.6ms | gimme dat shit lmaooooo...
[GAMING/SUR] | YouTube  | [Normal]     | 94%    |   11.1ms | @mikeeeee26 yea lol...
[ENTERTAINM] | YouTube  | [Normal]     | 94%    |    8.3ms | hi...
[MUSIC/CHIL] | YouTube  | [Normal]     | 95%    |   17.0ms | Good:cigarette::face_exhaling:...
[ENTERTAINM] | YouTube  | [Normal]     | 97%    |   12.5ms | 170k to go...
[GAMING/GAM] | YouTube  | [Normal]     | 93%    |   11.8ms | PEAKKKK...
[GAMING/GAM] | YouTube  | [Normal]     | 94%    |   12.0ms | Sup dude...
[ENTERTAINM] | YouTube  | [Normal]     | 95%    |   12.0ms | Здарова всем...
[GAMING/GAM] | YouTube  | [Normal]     | 96%    |   10.5ms | hi mark...
[ENTERTAINM] | YouTube  | [Normal]     | 93%    |    8.0ms | omg...
[ENTERTAINM] | YouTube  | [Normal]     | 97%    |    9.0ms | hi please give me an gift plz...
[GAMING/GAM] | YouTube  | [Normal]     | 94%    |    9.5ms | hi...
[ENTERTAINM] | YouTube  | [Normal]     | 94%    |   10.0ms | Hi...
[GAMING/GAM] | YouTube  | [Normal]     | 95%    |    9.0ms | MARK...
[GAMING/GAM] | YouTube  | [Normal]     | 96%    |   13.0ms | hi mark...
[MUSIC/CHIL] | YouTube  | [Normal]     | 97%    |   11.1ms | :smiling_face_with_halo:...
[GAMING/GAM] | YouTube  | [Normal]     | 95%    |   11.5ms | HIII...
[ENTERTAINM] | YouTube  | [Normal]     | 96%    |   13.0ms | I need $1 000...
[GAMING/GAM] | YouTube  | [Normal]     | 96%    |   11.0ms | MARK!!!!!...
[GAMING/GAM] | YouTube  | [Normal]     | 94%    |   13.0ms | #1...
[GAMING/GAM] | YouTube  | [Normal]     | 87%    |    9.7ms | WOOOOOOO...
[MUSIC/CHIL] | YouTube  | [Normal]     | 95%    |   10.0ms | Stranger my net is not slow...
[MUSIC/CHIL] | YouTube  | [Normal]     | 95%    |    8.0ms | Chi na brathuku...
[GAMING/GAM] | YouTube  | [Normal]     | 97%    |   25.0ms | Welcome New Member!...
[ENTERTAINM] | YouTube  | [Normal]     | 97%    |   12.0ms | Hello i from indonesia...
[ENTERTAINM] | YouTube  | [Normal]     | 97%    |   19.6ms | :red_heart::red_heart::red_heart::red_he...
[PSYCHOLOGY] | YouTube  | [Normal]     | 97%    |   57.3ms | Dr. K needs a NAS...
[GAMING/GAM] | YouTube  | [Normal]     | 97%    |   66.4ms | OMG MARK LIVE...
[ENTERTAINM] | YouTube  | [Normal]     | 98%    |   12.5ms | hola espero que te encuentres bien...
[GAMING/SUR] | YouTube  | [Normal]     | 64%    |    9.7ms | we need pirate ships...
[GAMING/SUR] | YouTube  | [Normal]     | 94%    |   13.1ms | Hello everybody...
[PSYCHOLOGY] | YouTube  | [Normal]     | 95%    |   12.0ms | a faaah moment from dr K...
[MUSIC/CHIL] | YouTube  | [Normal]     | 97%    |   14.0ms | mohit mujhe nii pata    friends Aapke he...
[ENTERTAINM] | YouTube  | [Normal]     | 96%    |   12.0ms | Jimmy  how does it feel to be rich...
[GAMING/GAM] | YouTube  | [Normal]     | 94%    |   14.5ms | SEEING IT AGAIN SATURDAY...
[ENTERTAINM] | YouTube  | [Normal]     | 81%    |   10.0ms | UwU...
[MUSIC/CHIL] | YouTube  | [Normal]     | 97%    |   15.6ms | :card-red-penalty:...
[GAMING/GAM] | YouTube  | [Normal]     | 97%    |   11.5ms | HIIIII...
[GAMING/GAM] | YouTube  | [Normal]     | 63%    |   14.0ms | GOING AGAIN THIS WEEKEND LES GOOOOO...
[ENTERTAINM] | YouTube  | [Normal]     | 93%    |    8.0ms | 와우...
[GAMING/GAM] | YouTube  | [Normal]     | 94%    |   12.4ms | is that a DJI gimbal in the background o...
[GAMING/GAM] | YouTube  | [Normal]     | 87%    |   11.0ms | WOOOOOOO...
[GAMING/GAM] | YouTube  | [Normal]     | 98%    |   13.0ms | please please please release on streamin...
[ENTERTAINM] | YouTube  | [Normal]     | 86%    |   11.0ms | Yo...
[ENTERTAINM] | YouTube  | [Normal]     | 95%    |   12.7ms | hellooooooo...
[GAMING/GAM] | YouTube  | [Normal]     | 98%    |   13.6ms | the Iron Lung star has a Youtube??:face-...
[GAMING/GAM] | YouTube  | [Normal]     | 95%    |    9.0ms | mark you are my idol...
[PSYCHOLOGY] | YouTube  | [Normal]     | 96%    |   11.4ms | nope only from the atlus game...
[GAMING/GAM] | YouTube  | [Normal]     | 98%    |    9.0ms | LFG MARKKKKK:cat-orange-whistling::cat-o...
[GAMING/SUR] | YouTube  | [Normal]     | 98%    |    9.6ms | mlb team for adam...
[GAMING/GAM] | YouTube  | [Normal]     | 95%    |    9.5ms | YAY...
[GAMING/GAM] | YouTube  | [Normal]     | 92%    |   12.0ms | YOOOOO...
[ENTERTAINM] | YouTube  | [Normal]     | 95%    |   11.5ms | give me 10k$ please...
[ENTERTAINM] | YouTube  | [Normal]     | 96%    |   16.5ms | I'm already subscribed...
[GAMING/GAM] | YouTube  | [Normal]     | 96%    |   13.0ms | hi mark!!!...
[GAMING/SUR] | YouTube  | [Normal]     | 96%    |   16.6ms | wow Rogue must have had an hours sleep l...
[MUSIC/CHIL] | YouTube  | [OFFENSIVE]  | 51%    |   74.3ms | sick:woozy_face:...
[ENTERTAINM] | YouTube  | [Normal]     | 94%    |   81.5ms | hi...
[ENTERTAINM] | YouTube  | [Normal]     | 92%    |   13.6ms | Mrbeast...
[GAMING/SUR] | YouTube  | [Normal]     | 97%    |   14.6ms | rogue slept for 20 minutes ll...
[ENTERTAINM] | YouTube  | [Normal]     | 92%    |    9.0ms | congratulations brooooooooooooooo...
[GAMING/GAM] | YouTube  | [Normal]     | 95%    |   12.7ms | HIIII...
[GAMING/GAM] | YouTube  | [Normal]     | 94%    |   15.0ms | MARKPLIERR IS LIVEVEE...
[MUSIC/CHIL] | YouTube  | [Normal]     | 95%    |   17.0ms | shish Singh me badhiya hu tum batao...
[ENTERTAINM] | YouTube  | [Normal]     | 93%    |    9.0ms | yeeeeyeeeeeee...
[ENTERTAINM] | YouTube  | [Normal]     | 94%    |    8.0ms | hi...
[GAMING/GAM] | YouTube  | [Normal]     | 94%    |   11.1ms | Hey Mark  hope you have a good day. Take...
[GAMING/GAM] | YouTube  | [Normal]     | 98%    |    9.0ms | will there be ever a digital copy? :smil...
[ENTERTAINM] | YouTube  | [Normal]     | 95%    |   17.0ms | give me only one ipad please sir...
[GAMING/GAM] | YouTube  | [Normal]     | 97%    |   12.7ms | Welcome to Member!...
[GAMING/GAM] | YouTube  | [Normal]     | 49%    |   12.3ms | YIPEEEEE...
[GAMING/SUR] | YouTube  | [Normal]     | 96%    |    9.0ms | WTF LMAO...
[GAMING/GAM] | YouTube  | [Normal]     | 96%    |   12.0ms | lmao...
[GAMING/GAM] | YouTube  | [Normal]     | 95%    |   11.7ms | hiii...
[SPORTS/FOO] | YouTube  | [Normal]     | 95%    |    9.2ms | 9 june...
[PSYCHOLOGY] | YouTube  | [Normal]     | 91%    |   13.0ms | sounds like a tongue twister...
[ENTERTAINM] | YouTube  | [Normal]     | 97%    |   14.0ms | Hiiiii...
[GAMING/GAM] | YouTube  | [Normal]     | 96%    |   12.0ms | 3 TIME CHAMPION!!!...
[NEWS/LIVE ] | YouTube  | [Normal]     | 96%    |   13.0ms | ...by the wolves :lion:...
[GAMING/GAM] | YouTube  | [Normal]     | 95%    |    9.6ms | I hope you bring more scp videos back!...
[MUSIC/CHIL] | YouTube  | [Normal]     | 98%    |   11.0ms | ha to batao.. kha...
[GAMING/GAM] | YouTube  | [Normal]     | 96%    |    9.6ms | hi mark...
[PSYCHOLOGY] | YouTube  | [Normal]     | 93%    |   10.0ms | Yes...
[GAMING/GAM] | YouTube  | [OFFENSIVE]  | 65%    |   10.0ms | congratssss...
[PSYCHOLOGY] | YouTube  | [Normal]     | 94%    |   10.8ms | forsen...
[GAMING/GAM] | YouTube  | [Normal]     | 91%    |   10.9ms | im telling everyone to see it...
[GAMING/GAM] | YouTube  | [Normal]     | 96%    |   10.0ms | WE WON...
[GAMING/GAM] | YouTube  | [Normal]     | 97%    |   85.7ms | love the movie  was amazing...
[ENTERTAINM] | YouTube  | [Normal]     | 82%    |   48.0ms | Please give me $200000 my loan will be a...
[ENTERTAINM] | YouTube  | [Normal]     | 98%    |   12.0ms | congratulations jimmy if this video gets...
[ENTERTAINM] | YouTube  | [Normal]     | 96%    |   12.0ms | hi jimmy please shout out kabir...
[GAMING/GAM] | YouTube  | [Normal]     | 98%    |   21.0ms | MARK I SAW IRON LUNG LAST WEEKEND!!!! IT...
[GAMING/SUR] | YouTube  | [Normal]     | 95%    |   14.6ms | :rolling_on_the_floor_laughing::rolling_...
[GAMING/SUR] | YouTube  | [Normal]     | 94%    |    8.1ms | MHM MHM...
[ENTERTAINM] | YouTube  | [Normal]     | 87%    |    9.0ms | no...
[PSYCHOLOGY] | YouTube  | [Normal]     | 96%    |   14.1ms | is INFJ an archetype ?...
[ENTERTAINM] | YouTube  | [Normal]     | 97%    |   11.0ms | play geometry dash please...
[GAMING/SUR] | YouTube  | [Normal]     | 86%    |    9.0ms | CLose the door...
[GAMING/GAM] | YouTube  | [Normal]     | 95%    |   13.6ms | Ranch!!!...
[GAMING/GAM] | YouTube  | [Normal]     | 95%    |   10.0ms | AIRPLANE...
[ENTERTAINM] | YouTube  | [Normal]     | 97%    |    9.5ms | Welcome New Member!...
[ENTERTAINM] | YouTube  | [Normal]     | 90%    |   11.5ms | w mrbeast...
[ENTERTAINM] | YouTube  | [Normal]     | 97%    |   18.5ms | :warning::warning::warning::warning::war...
[GAMING/GAM] | YouTube  | [Normal]     | 93%    |   13.5ms | lighthouse...
[ENTERTAINM] | YouTube  | [Normal]     | 95%    |   12.6ms | hiii beast...
[GAMING/SUR] | YouTube  | [Normal]     | 95%    |   10.0ms | Or find a mod for the server that rigs t...
[ENTERTAINM] | YouTube  | [Normal]     | 96%    |   11.7ms | faaaaaa...
[GAMING/SUR] | YouTube  | [Normal]     | 96%    |   13.5ms | not a fan of this game but the content i...
[GAMING/GAM] | YouTube  | [Normal]     | 93%    |   13.4ms | lighthouse...
[GAMING/GAM] | YouTube  | [Normal]     | 95%    |   10.0ms | airplane...
[GAMING/GAM] | YouTube  | [Normal]     | 95%    |    8.5ms | Airplanneeeee...
[GAMING/GAM] | YouTube  | [Normal]     | 95%    |    8.4ms | Ooh lighthouse sounds neat...
[GAMING/SUR] | YouTube  | [Normal]     | 96%    |   10.0ms | broo check the billboards yooo...
[PSYCHOLOGY] | YouTube  | [Normal]     | 51%    |    7.0ms | manosphere womanosphere...
[GAMING/GAM] | YouTube  | [Normal]     | 94%    |   10.5ms | Imagine 23 000 people trying to talk ove...
[GAMING/GAM] | YouTube  | [Normal]     | 93%    |   16.3ms | lighthouse...
[GAMING/GAM] | YouTube  | [Normal]     | 95%    |   15.9ms | Airplane...
[GAMING/GAM] | YouTube  | [Normal]     | 91%    |   10.9ms | people be voting...
[GAMING/GAM] | YouTube  | [Normal]     | 96%    |   12.0ms | WE LOVE YOU MARK <333...
[GAMING/GAM] | YouTube  | [Normal]     | 96%    |   15.0ms | Saw Iron Lung last night! IT WAS SO GOOD...
[ENTERTAINM] | YouTube  | [Normal]     | 96%    |   15.8ms | :yt::yt::yt::yt::yt::yt::yt::yt::yt:...
[ENTERTAINM] | YouTube  | [Normal]     | 95%    |   11.6ms | Congratulations...
[ENTERTAINM] | YouTube  | [Normal]     | 98%    |   12.5ms | :purple_heart::green_heart::purple_heart...
[GAMING/GAM] | YouTube  | [Normal]     | 93%    |   11.6ms | lighthouse...
[ENTERTAINM] | YouTube  | [Normal]     | 91%    |   11.5ms | mr beast...
[GAMING/SUR] | YouTube  | [Normal]     | 49%    |   13.0ms | You guys are terrible gamblers lol...
[ENTERTAINM] | YouTube  | [Normal]     | 95%    |   13.0ms | hiiiiiiiiiiiiiiiiiiiiiiiiiiiiiii...
[GAMING/GAM] | YouTube  | [Normal]     | 96%    |   12.0ms | doom dark ages?...
[GAMING/GAM] | YouTube  | [Normal]     | 75%    |   13.8ms | MMMMAAAARRKKKKKKKIIIBOOOOO...
[GAMING/GAM] | YouTube  | [Normal]     | 95%    |   15.6ms | Will you make another movie?...
[ENTERTAINM] | YouTube  | [Normal]     | 92%    |   53.2ms | hayyyy...
[GAMING/GAM] | YouTube  | [Normal]     | 93%    |   87.2ms | WHICH MAP DOES HUGE MAN APPEAR IN?...
[GAMING/GAM] | YouTube  | [Normal]     | 92%    |   94.4ms | haiiii...
[GAMING/GAM] | YouTube  | [Normal]     | 91%    |   64.6ms | when are you gonna be the king fnaf in U...
[MUSIC/CHIL] | YouTube  | [Normal]     | 96%    |   21.0ms | @szarek-c2u m doing good :backhand_index...
[ENTERTAINM] | YouTube  | [Normal]     | 98%    |   23.0ms | Elon about to hit $1 Trillion and Jimmy ...
[ENTERTAINM] | YouTube  | [Normal]     | 62%    |   12.5ms | The fact that he is almost at 500 mil...
[GAMING/GAM] | YouTube  | [Normal]     | 77%    |   13.0ms | SCOTLAAAAANDD FOREVEEEEEEEER...
[GAMING/GAM] | YouTube  | [Normal]     | 97%    |   13.1ms | I saw it yesterday  and it was awesome! ...
[ENTERTAINM] | YouTube  | [Normal]     | 94%    |   12.0ms | 1...
[ENTERTAINM] | YouTube  | [Normal]     | 94%    |   12.0ms | 1...
[SELF-HELP/] | YouTube  | [Normal]     | 69%    |   14.1ms | @VenaraEchoes im sure there are way our ...
[ENTERTAINM] | YouTube  | [Normal]     | 94%    |   10.2ms | 2...
[GAMING/GAM] | YouTube  | [Normal]     | 90%    |   10.6ms | i never thought that Iron Long would com...
[ENTERTAINM] | YouTube  | [Normal]     | 94%    |   10.0ms | 1...
[GAMING/SUR] | YouTube  | [Normal]     | 87%    |   10.0ms | NO...
[GAMING/GAM] | YouTube  | [Normal]     | 94%    |   10.0ms | japan?...
[ENTERTAINM] | YouTube  | [Normal]     | 94%    |   10.0ms | 1...
[GAMING/SUR] | YouTube  | [Normal]     | 84%    |    9.0ms | No stand...
[GAMING/GAM] | YouTube  | [Normal]     | 90%    |   12.5ms | MARK PLEASE PLAY AMNESIA REBIRTH YOU NEV...
[ENTERTAINM] | YouTube  | [Normal]     | 94%    |   11.0ms | 1...
[GAMING/SUR] | YouTube  | [Normal]     | 91%    |   10.4ms | split...
[GAMING/GAM] | YouTube  | [Normal]     | 93%    |   14.0ms | Will Iron Lungs only be on theater or wi...
[GAMING/GAM] | YouTube  | [Normal]     | 95%    |   14.0ms | Iron Lung is coming soon not that far aw...
[GAMING/GAM] | YouTube  | [Normal]     | 92%    |   10.6ms | AIIIIRRRRRPLAAAANNNEE...
[GAMING/GAM] | YouTube  | [Normal]     | 96%    |    7.5ms | Really excited for home media release  I...
[GAMING/GAM] | YouTube  | [Normal]     | 96%    |    8.0ms | i’m on observation duty movie next...
[GAMING/GAM] | YouTube  | [Normal]     | 95%    |   10.3ms | bcb...
[ENTERTAINM] | YouTube  | [Normal]     | 94%    |   12.0ms | 1...
[GAMING/GAM] | YouTube  | [Normal]     | 95%    |   11.1ms | Hello market pliers...
[GAMING/SUR] | YouTube  | [Normal]     | 93%    |   11.0ms | time to leave...
[GAMING/GAM] | YouTube  | [Normal]     | 97%    |    9.6ms | Welcome to Member!...
[ENTERTAINM] | YouTube  | [Normal]     | 91%    |  209.9ms | pakistan...
[GAMING/GAM] | YouTube  | [Normal]     | 89%    |   15.0ms | are you going to make a second movie...
[GAMING/GAM] | YouTube  | [Normal]     | 95%    |   15.1ms | you've come a long way mark:red_heart:...
[ENTERTAINM] | YouTube  | [Normal]     | 97%    |   13.0ms | :red_heart::red_heart::red_heart:...
[GAMING/GAM] | YouTube  | [Normal]     | 97%    |   13.1ms | Loved your Movie :red_heart:...
[ENTERTAINM] | YouTube  | [Normal]     | 94%    |    8.5ms | red with machine...
[ENTERTAINM] | YouTube  | [Normal]     | 92%    |   15.0ms | bro you think you can stream now to yo h...
[ENTERTAINM] | YouTube  | [Normal]     | 94%    |   11.5ms | hi...
[GAMING/SUR] | YouTube  | [Normal]     | 93%    |    8.0ms | push...
[NEWS/LIVE ] | YouTube  | [Normal]     | 48%    |    8.0ms | Weegee getting that italian sausage now...
[GAMING/GAM] | YouTube  | [Normal]     | 96%    |   11.0ms | I saw it in atmos  it was dope...
[MUSIC/CHIL] | YouTube  | [Normal]     | 97%    |    8.1ms | mohit tumhari gf h ??...
[GAMING/SUR] | YouTube  | [Normal]     | 94%    |    7.0ms | Double...
[ENTERTAINM] | YouTube  | [Normal]     | 96%    |    8.0ms | when does the stream end?...
[ENTERTAINM] | YouTube  | [Normal]     | 93%    |    7.5ms | :ok_hand:...
[GAMING/SUR] | YouTube  | [Normal]     | 95%    |    7.0ms | hit...
[ENTERTAINM] | YouTube  | [Normal]     | 93%    |   12.0ms | india...
[GAMING/SUR] | YouTube  | [Normal]     | 87%    |   11.0ms | you have to hit there...
[ENTERTAINM] | YouTube  | [Normal]     | 97%    |   13.7ms | :red_heart::red_heart::red_heart:...
[GAMING/SUR] | YouTube  | [Normal]     | 95%    |    8.5ms | 250...
[ENTERTAINM] | YouTube  | [Normal]     | 97%    |   14.0ms | Mauja mila...
[ENTERTAINM] | YouTube  | [Normal]     | 96%    |    9.3ms | هاي...
[GAMING/GAM] | YouTube  | [OFFENSIVE]  | 61%    |   10.3ms | THE HECK? A SHAM...
[GAMING/GAM] | YouTube  | [Normal]     | 97%    |   18.0ms | I must admit first time I saw it  audio ...
[ENTERTAINM] | YouTube  | [Normal]     | 94%    |   17.6ms | PLS GIVE ME SHOUTOUT JIMMY...
[GAMING/GAM] | YouTube  | [Normal]     | 96%    |   12.5ms | Hiii markkkk...
[GAMING/GAM] | YouTube  | [Normal]     | 94%    |   12.9ms | I LOVE IRON LUNG  MY FAVORITE MOVIEEE...
[GAMING/GAM] | YouTube  | [Normal]     | 97%    |   12.0ms | Its not over untill AIRPLANE WINS...
[GAMING/GAM] | YouTube  | [Normal]     | 97%    |   14.1ms | I loved the movie  thank you!...
[GAMING/SUR] | YouTube  | [Normal]     | 54%    |    9.0ms | loser bung...
[GAMING/GAM] | YouTube  | [Normal]     | 97%    |   59.9ms | 6-7...
[GAMING/SUR] | YouTube  | [Normal]     | 96%    |   73.7ms | Lol...
[ENTERTAINM] | YouTube  | [Normal]     | 81%    |   11.0ms | Taiwan...
[ENTERTAINM] | YouTube  | [Normal]     | 93%    |   10.1ms | india...
[GAMING/SUR] | YouTube  | [Normal]     | 96%    |   12.3ms | Maxxxx...
[GAMING/SUR] | YouTube  | [Normal]     | 90%    |   15.7ms | THIS IS SO RIGGED OH MY GOD...
[GAMING/GAM] | YouTube  | [Normal]     | 97%    |   17.5ms | can't lie  im glad to see mark back. I m...
[GAMING/SUR] | YouTube  | [Normal]     | 96%    |   12.0ms | Bombaclaaaaaaaaat...
[GAMING/SUR] | YouTube  | [Normal]     | 96%    |   12.0ms | MAXXX BEEEEET...
[GAMING/GAM] | YouTube  | [Normal]     | 92%    |   15.5ms | oh yeah penguinzoo said he couldn't unde...
[GAMING/GAM] | YouTube  | [Normal]     | 95%    |   10.0ms | lighthouse plss...
[ENTERTAINM] | YouTube  | [Normal]     | 94%    |   13.6ms | 𝘼𝙣𝙮𝙤𝙣𝙚 𝙛𝙧𝙤𝙢 𝙄𝙣𝙙𝙞𝙖???...
[ENTERTAINM] | YouTube  | [Normal]     | 98%    |   11.6ms | :face-blue-smiling::face-blue-smiling::f...
[GAMING/SUR] | YouTube  | [Normal]     | 94%    |   12.0ms | papa hutch...
[ENTERTAINM] | YouTube  | [Normal]     | 97%    |    9.5ms | Jimmy give me 1000$...
[ENTERTAINM] | YouTube  | [Normal]     | 95%    |   10.0ms | please help me...
[ENTERTAINM] | YouTube  | [Normal]     | 97%    |   13.0ms | hi Mr beast :smiling_face_with_halo:...
[GAMING/GAM] | YouTube  | [Normal]     | 94%    |   12.0ms | I struggled to hear a bit at odeon in th...
[GAMING/GAM] | YouTube  | [Normal]     | 97%    |   14.6ms | wow movie star and celebrity director Ma...
[GAMING/SUR] | YouTube  | [Normal]     | 94%    |   11.0ms | go Aul In...
[ENTERTAINM] | YouTube  | [Normal]     | 95%    |   10.0ms | Pls Shout Out...
[GAMING/SUR] | YouTube  | [Normal]     | 73%    |   11.0ms | GOOOOOOOOOD MORNING BUNGULATORS...
[GAMING/GAM] | YouTube  | [Normal]     | 98%    |    9.6ms | :face-turquoise-drinking-coffee:...
[GAMING/GAM] | YouTube  | [Normal]     | 72%    |   10.0ms | a conspiracy...
[GAMING/GAM] | YouTube  | [Normal]     | 95%    |   16.5ms | CLOAK IRON LUNG MERCH!!!???...
[GAMING/GAM] | YouTube  | [Normal]     | 95%    |   13.0ms | @Markiplier...
[GAMING/GAM] | YouTube  | [Normal]     | 93%    |   12.3ms | wait i just realized this is a live...
[GAMING/SUR] | YouTube  | [OFFENSIVE]  | 55%    |   11.5ms | ur screwed...
[GAMING/SUR] | YouTube  | [Normal]     | 54%    |   10.6ms | try bandit...
[ENTERTAINM] | YouTube  | [Normal]     | 96%    |   15.8ms | MrBeast how were you initially inspired ...
[MUSIC/CHIL] | YouTube  | [OFFENSIVE]  | 82%    |   75.1ms | tc too dearshish:waving_hand::waving_han...
[ENTERTAINM] | YouTube  | [Normal]     | 97%    |   84.9ms | bhai 500 milian subscriber hone wale Hai...
[GAMING/GAM] | YouTube  | [Normal]     | 93%    |    7.0ms | I could hear it but my mom couldn't.. bu...
[GAMING/GAM] | YouTube  | [Normal]     | 97%    |    7.0ms | Any plans on bringing the movie to Europ...
[ENTERTAINM] | YouTube  | [Normal]     | 98%    |   11.0ms | 100th video special...
[SELF-HELP/] | YouTube  | [Normal]     | 59%    |   11.0ms | Yah my biggest fear in life is proving t...
[GAMING/GAM] | YouTube  | [Normal]     | 97%    |   10.6ms | The sound was great at my theatre....
[ENTERTAINM] | YouTube  | [Normal]     | 94%    |   12.0ms | My om...
[SELF-HELP/] | YouTube  | [Normal]     | 70%    |   15.6ms | this is the Itachi way of life: "Do you ...
[GAMING/GAM] | YouTube  | [Normal]     | 94%    |   10.5ms | if the movie is environmentally telling ...
[ENTERTAINM] | YouTube  | [Normal]     | 97%    |    8.0ms | main aapka video roj dekhta hun like bhi...
[ENTERTAINM] | YouTube  | [Normal]     | 97%    |   14.5ms | Bangladesh :red_heart:...
[ENTERTAINM] | YouTube  | [Normal]     | 93%    |   18.0ms | :yt::yt::yt::yt::yt::stayhome::yt::yt::y...
[ENTERTAINM] | YouTube  | [Normal]     | 95%    |   12.0ms | 111...
[GAMING/GAM] | YouTube  | [Normal]     | 84%    |   14.0ms | my brother in law saw you in guam   he w...
[GAMING/SUR] | YouTube  | [Normal]     | 88%    |   16.0ms | LMFAOOOOOOOOOOOOO...
[GAMING/SUR] | YouTube  | [Normal]     | 94%    |   14.7ms | lmaoooo...
[GAMING/SUR] | YouTube  | [Normal]     | 96%    |   11.0ms | Peanut can never go to vegas lol...
[ENTERTAINM] | YouTube  | [Normal]     | 91%    |   10.6ms | W MRBEADY...
[GAMING/SUR] | YouTube  | [Normal]     | 95%    |   10.5ms | 100...
[GAMING/GAM] | YouTube  | [Normal]     | 94%    |   15.0ms | yeah we could not understand some parts ...
[ENTERTAINM] | YouTube  | [Normal]     | 97%    |   15.4ms | :pink_heart:...
[GAMING/SUR] | YouTube  | [Normal]     | 87%    |   11.0ms | do you know how BlackJack works Peanut?...
[GAMING/GAM] | YouTube  | [Normal]     | 90%    |   12.0ms | Yo the movie is not at my movie theater...
[GAMING/SUR] | YouTube  | [Normal]     | 96%    |   11.9ms | lmao...
[ENTERTAINM] | YouTube  | [Normal]     | 97%    |   12.1ms | Hi:red_heart:...
[GAMING/GAM] | YouTube  | [Normal]     | 88%    |   16.0ms | im just gonna buy the fricken movie mark...
[GAMING/SUR] | YouTube  | [Normal]     | 96%    |    9.0ms | Who stands at 14...
[GAMING/SUR] | YouTube  | [Normal]     | 93%    |    8.0ms | GG...
[GAMING/SUR] | YouTube  | [Normal]     | 94%    |   11.0ms | OOF...
[ENTERTAINM] | YouTube  | [Normal]     | 91%    |   11.0ms | pakistan...
[ENTERTAINM] | YouTube  | [Normal]     | 98%    |  134.0ms | Dominos :check_mark_button:...
[ENTERTAINM] | YouTube  | [Normal]     | 96%    |    9.0ms | wow  cool...
[GAMING/SUR] | YouTube  | [Normal]     | 93%    |   10.6ms | ruunn...
[GAMING/SUR] | YouTube  | [Normal]     | 97%    |   10.0ms | big goose eggs...
[GAMING/GAM] | YouTube  | [Normal]     | 95%    |   12.8ms | okay that makes sense why some of the vo...
[GAMING/SUR] | YouTube  | [Normal]     | 97%    |   11.0ms | theres 1000 scrap at the base...
[GAMING/GAM] | YouTube  | [Normal]     | 96%    |   13.6ms | I went to a AMC theater once and I liked...
[ENTERTAINM] | YouTube  | [Normal]     | 94%    |   11.0ms | Hi...
[MUSIC/CHIL] | YouTube  | [Normal]     | 95%    |   16.0ms | take me back to the La...
[GAMING/GAM] | YouTube  | [Normal]     | 96%    |   16.1ms | :dothefive:TITLE MISSPELT:dothefive:TITL...
[ENTERTAINM] | YouTube  | [Normal]     | 97%    |   13.0ms | 100k concurrent viewers whilst going for...
[GAMING/GAM] | YouTube  | [Normal]     | 97%    |   20.8ms | its my birthday today 25 :partying_face:...
[MUSIC/CHIL] | YouTube  | [Normal]     | 95%    |    9.8ms | am dude...
[ENTERTAINM] | YouTube  | [Normal]     | 94%    |   17.8ms | hi...
[ENTERTAINM] | YouTube  | [Normal]     | 95%    |   11.2ms | let's go...
[ENTERTAINM] | YouTube  | [Normal]     | 96%    |   13.8ms | ONE OUT OF 17.2 PEOPLE ALIVE ON EARTH RI...
[ENTERTAINM] | YouTube  | [Normal]     | 97%    |   10.0ms | :smiling_face_with_smiling_eyes::smiling...
[GAMING/GAM] | YouTube  | [Normal]     | 94%    |   10.6ms | hai warkiplier...
[GAMING/GAM] | YouTube  | [Normal]     | 95%    |    9.7ms | airplane...
[ENTERTAINM] | YouTube  | [Normal]     | 98%    |   14.1ms | big fan sri lanka fan:star_struck::fire:...
[ENTERTAINM] | YouTube  | [Normal]     | 97%    |   17.0ms | hello sir I am your big fan...I am from ...
[GAMING/GAM] | YouTube  | [Normal]     | 93%    |   10.0ms | Fiddling eh?...
[ENTERTAINM] | YouTube  | [Normal]     | 95%    |   11.0ms | what?...
[GAMING/GAM] | YouTube  | [Normal]     | 98%    |   10.5ms | :airplane:...
[ENTERTAINM] | YouTube  | [Normal]     | 94%    |   13.1ms | hi...
[GAMING/GAM] | YouTube  | [Normal]     | 96%    |   15.6ms | Pfffft  amateur hour...
[GAMING/GAM] | YouTube  | [Normal]     | 96%    |   22.1ms | My home setup is a lot better than the t...
[GAMING/GAM] | YouTube  | [Normal]     | 95%    |   13.5ms | AIRPLANE...
[GAMING/GAM] | YouTube  | [Normal]     | 97%    |   13.8ms | woah markimoo stream this early...
[GAMING/GAM] | YouTube  | [Normal]     | 96%    |   11.0ms | WE WIN...
[GAMING/GAM] | YouTube  | [Normal]     | 94%    |   65.1ms | You have a title typo  Observation is mi...
[ENTERTAINM] | YouTube  | [Normal]     | 97%    |   87.6ms | Hi Mr. Beast...
[GAMING/GAM] | YouTube  | [OFFENSIVE]  | 90%    |   11.0ms | hell yeeeeee...
[GAMING/GAM] | YouTube  | [Normal]     | 67%    |   12.6ms | NUMBER ONEEE! :party_popper:...
[GAMING/GAM] | YouTube  | [Normal]     | 95%    |   10.3ms | Just caught your movie last night  Mark ...
[GAMING/GAM] | YouTube  | [Normal]     | 96%    |   12.1ms | WE WIN...
[GAMING/GAM] | YouTube  | [Normal]     | 95%    |    9.6ms | Airplane...
[NEWS/LIVE ] | YouTube  | [Normal]     | 98%    |   11.0ms | Birds are singing o...
[PSYCHOLOGY] | YouTube  | [Normal]     | 94%    |   17.0ms | jung believes men had an anima and women...
[MUSIC/CHIL] | YouTube  | [Normal]     | 94%    |   10.0ms | ko*...
[ENTERTAINM] | YouTube  | [Normal]     | 95%    |   16.0ms | dayum you've grown so much...
[ENTERTAINM] | YouTube  | [Normal]     | 94%    |   11.0ms | Carl...
[MUSIC/CHIL] | YouTube  | [Normal]     | 98%    |   12.0ms | Jaitsii saccha pyar long time me hota h ...
[ENTERTAINM] | YouTube  | [Normal]     | 97%    |   11.1ms | :person-turqouise-waving::person-turqoui...
[GAMING/SUR] | YouTube  | [Normal]     | 85%    |    8.0ms | THAT GUY IS ZESTYYYYYY...
[GAMING/SUR] | YouTube  | [Normal]     | 96%    |   11.2ms | REAL H20...
[GAMING/GAM] | YouTube  | [Normal]     | 70%    |    9.6ms | YIPPIEEEEEE...
[GAMING/GAM] | YouTube  | [Normal]     | 96%    |    8.0ms | Hi mark...
[GAMING/SUR] | YouTube  | [Normal]     | 95%    |    9.7ms | H20000...
[GAMING/GAM] | YouTube  | [Normal]     | 96%    |   14.0ms | finally i can see chat...
[GAMING/GAM] | YouTube  | [Normal]     | 59%    |   15.6ms | At least they put you in Guam...
[ENTERTAINM] | YouTube  | [Normal]     | 98%    |   19.5ms | :medal-yellow-first-red::medal-yellow-fi...
[ENTERTAINM] | YouTube  | [Normal]     | 94%    |   10.0ms | ya des français ?...
[ENTERTAINM] | YouTube  | [Normal]     | 94%    |   13.6ms | Hi Mr Beast...
[GAMING/GAM] | YouTube  | [Normal]     | 97%    |   13.6ms | MARKY...
[ENTERTAINM] | YouTube  | [Normal]     | 97%    |   19.0ms | AKO RA ISA BISAYA??????????? AHAHAHAHHAH...
[ENTERTAINM] | YouTube  | [Normal]     | 94%    |   13.5ms | hi...
[ENTERTAINM] | YouTube  | [Normal]     | 92%    |   25.8ms | :stayhome::stayhome::stayhome::stayhome:...
[ENTERTAINM] | YouTube  | [Normal]     | 96%    |   10.0ms | Can you give me your @BeastReacts channe...
[ENTERTAINM] | YouTube  | [Normal]     | 93%    |   11.7ms | :buffering::buffering::buffering::buffer...
[ENTERTAINM] | YouTube  | [Normal]     | 97%    |   11.6ms | I love you mr best...
[ENTERTAINM] | YouTube  | [Normal]     | 97%    |   86.3ms | Super epic :smiling_face_with_heart_eyes...
[ENTERTAINM] | YouTube  | [Normal]     | 94%    |  109.3ms | Jimmy...
[ENTERTAINM] | YouTube  | [Normal]     | 95%    |   32.9ms | iH...
[ENTERTAINM] | YouTube  | [Normal]     | 96%    |   11.1ms | :red_heart:...
[GAMING/SUR] | YouTube  | [Normal]     | 96%    |   13.0ms | Omg :face_screaming_in_fear:...
[GAMING/SUR] | YouTube  | [Normal]     | 98%    |   13.8ms | :face-turquoise-drinking-coffee::face-tu...
[ENTERTAINM] | YouTube  | [Normal]     | 90%    |    6.0ms | give me PC broooooo...
[ENTERTAINM] | YouTube  | [Normal]     | 94%    |   19.0ms | hey jimmy congratulation for 500M subscr...
[GAMING/GAM] | YouTube  | [Normal]     | 97%    |   11.6ms | I'm going tomorrow night!!...
[GAMING/GAM] | YouTube  | [Normal]     | 94%    |    9.0ms | The OCEAN...
[ENTERTAINM] | YouTube  | [Normal]     | 96%    |   14.6ms | i still remember when he got 100 mil...
[GAMING/GAM] | YouTube  | [Normal]     | 97%    |   12.0ms | First time catching a Markiplier livestr...
[GAMING/GAM] | YouTube  | [Normal]     | 85%    |    8.5ms | NOOOOO...
[ENTERTAINM] | YouTube  | [Normal]     | 97%    |   12.1ms | I am from India...
[GAMING/GAM] | YouTube  | [Normal]     | 97%    |   13.0ms | 'obversation' duty...
[MUSIC/CHIL] | YouTube  | [Normal]     | 96%    |   12.2ms | tragi in stinga...
[ENTERTAINM] | YouTube  | [Normal]     | 94%    |   11.0ms | hi...
[GAMING/GAM] | YouTube  | [Normal]     | 97%    |   21.6ms | its my birthday today 25 :partying_face:...
[GAMING/GAM] | YouTube  | [Normal]     | 93%    |   11.0ms | gg...
[MUSIC/CHIL] | YouTube  | [Normal]     | 95%    |    8.2ms | ........
[GAMING/GAM] | YouTube  | [Normal]     | 95%    |   12.0ms | explain the game pls...
[GAMING/GAM] | YouTube  | [Normal]     | 92%    |   15.0ms | Mark did you hear they made a video game...
[GAMING/GAM] | YouTube  | [Normal]     | 90%    |   13.6ms | How is your day...
[GAMING/GAM] | YouTube  | [Normal]     | 87%    |   14.0ms | markiplier pls do a dvd release of iron ...
[GAMING/SUR] | YouTube  | [Normal]     | 81%    |   12.0ms | seeing Delirious on here is crazy...
[ENTERTAINM] | YouTube  | [Normal]     | 96%    |   14.0ms | :red_heart:...
[SPORTS/FOO] | YouTube  | [Normal]     | 92%    |   11.0ms | Japan is the winner...
[GAMING/GAM] | YouTube  | [Normal]     | 97%    |   13.6ms | Welcome to Member!...
[PSYCHOLOGY] | YouTube  | [Normal]     | 93%    |   12.1ms | manosphere?...
[ENTERTAINM] | YouTube  | [Normal]     | 94%    |    9.0ms | hi...
[GAMING/GAM] | YouTube  | [Normal]     | 95%    |   11.0ms | THERES A GUY IN THE TOP LEFT OF THE SCRE...
[ENTERTAINM] | YouTube  | [Normal]     | 94%    |   10.0ms | same...
[GAMING/GAM] | YouTube  | [Normal]     | 78%    |  102.7ms | why does some of it look like Resident E...
[SELF-HELP/] | YouTube  | [Normal]     | 85%    |   48.6ms | if a person succeeded in ways I can't i ...
[GAMING/SUR] | YouTube  | [Normal]     | 95%    |   12.0ms | :loudly_crying_face::loudly_crying_face:...
[ENTERTAINM] | YouTube  | [Normal]     | 98%    |   18.0ms | :hand-pink-waving::hand-pink-waving:...
[GAMING/GAM] | YouTube  | [Normal]     | 93%    |   17.7ms | Also theres a roblox game called Observa...
[GAMING/SUR] | YouTube  | [HATE]       | 75%    |   11.0ms | gambling is bad...
[ENTERTAINM] | YouTube  | [Normal]     | 96%    |   10.0ms | New member...
[GAMING/GAM] | YouTube  | [Normal]     | 95%    |   15.1ms | Lmaooo...
[GAMING/GAM] | YouTube  | [Normal]     | 90%    |   16.1ms | ohhhh at least it isn't blood...
[ENTERTAINM] | YouTube  | [Normal]     | 95%    |   10.0ms | hii...
[GAMING/GAM] | YouTube  | [Normal]     | 96%    |   11.8ms | That was fast lol...
[MUSIC/CHIL] | YouTube  | [Normal]     | 98%    |   18.0ms | ...:face-turquoise-music-note:...
[ENTERTAINM] | YouTube  | [Normal]     | 96%    |   10.0ms | New member...
[GAMING/GAM] | YouTube  | [Normal]     | 96%    |   19.0ms | chat. stop talking  you're distracting m...
[MUSIC/CHIL] | YouTube  | [Normal]     | 97%    |   15.0ms | okay aithe vasthundhile tension padaku :...
[GAMING/GAM] | YouTube  | [Normal]     | 97%    |   16.6ms | hiiiiiiii!!!...
[GAMING/GAM] | YouTube  | [Normal]     | 96%    |   13.1ms | Water cheese...
[ENTERTAINM] | YouTube  | [Normal]     | 95%    |   10.0ms | said hi...
[ENTERTAINM] | YouTube  | [Normal]     | 92%    |   12.1ms | Hhubu...
[ENTERTAINM] | YouTube  | [Normal]     | 83%    |   11.0ms | w beast...
[ENTERTAINM] | YouTube  | [Normal]     | 96%    |   10.1ms | iiiii...
[ENTERTAINM] | YouTube  | [Normal]     | 97%    |   14.0ms | Lots of love to you...
[GAMING/GAM] | YouTube  | [Normal]     | 95%    |   10.0ms | Obversation...
[ENTERTAINM] | YouTube  | [Normal]     | 91%    |   11.1ms | me...
[MUSIC/CHIL] | YouTube  | [Normal]     | 94%    |   12.1ms | ui oui...
[GAMING/GAM] | YouTube  | [Normal]     | 97%    |   16.0ms | omg lmao the real challenge isn't the ha...
[GAMING/GAM] | YouTube  | [Normal]     | 95%    |    8.1ms | obversation...
[GAMING/GAM] | YouTube  | [Normal]     | 95%    |   13.1ms | HI MARKKK...
[GAMING/SUR] | YouTube  | [Normal]     | 93%    |   12.6ms | UR SO BAD LMAOOO...
[GAMING/SUR] | YouTube  | [Normal]     | 96%    |    9.6ms | LOL...
[GAMING/SUR] | YouTube  | [Normal]     | 96%    |   98.7ms | 4 CARD 21????????????????????...
[ENTERTAINM] | YouTube  | [Normal]     | 91%    |   61.1ms | me...
[GAMING/SUR] | YouTube  | [Normal]     | 93%    |   10.0ms | Never seen colder tables...
[ENTERTAINM] | YouTube  | [Normal]     | 96%    |   13.0ms | i am happy for your 500 million YouTube ...
[ENTERTAINM] | YouTube  | [Normal]     | 95%    |   11.0ms | 67...
[ENTERTAINM] | YouTube  | [Normal]     | 95%    |   13.5ms | hii...
[GAMING/SUR] | YouTube  | [Normal]     | 80%    |   11.0ms | what is the discord...
[GAMING/GAM] | YouTube  | [Normal]     | 94%    |    9.5ms | hi...
[ENTERTAINM] | YouTube  | [Normal]     | 98%    |   19.6ms | :hand-purple-blue-peace::hand-purple-blu...
[ENTERTAINM] | YouTube  | [Normal]     | 96%    |   10.5ms | New member...
[GAMING/SUR] | YouTube  | [Normal]     | 75%    |   10.5ms | THATS IT SCRAP THE GUN...
[ENTERTAINM] | YouTube  | [Normal]     | 94%    |   10.0ms | 5...
[GAMING/GAM] | YouTube  | [Normal]     | 96%    |   11.0ms | is this a prerecorded video...
[ENTERTAINM] | YouTube  | [Normal]     | 98%    |   24.1ms | :face-blue-smiling::face-blue-smiling::f...
[GAMING/GAM] | YouTube  | [Normal]     | 95%    |    7.0ms | obversation duty...
[ENTERTAINM] | YouTube  | [Normal]     | 97%    |    9.0ms | today is my birthday...
[GAMING/GAM] | YouTube  | [Normal]     | 96%    |   10.0ms | Ob versation  Mark...
[GAMING/GAM] | YouTube  | [Normal]     | 97%    |   11.0ms | Obversation :loudly_crying_face:...
[GAMING/GAM] | YouTube  | [Normal]     | 94%    |   14.6ms | mark you spelled the title wrong...
[GAMING/GAM] | YouTube  | [Normal]     | 96%    |   16.0ms | I can't wait to see the singing siren...
[ENTERTAINM] | YouTube  | [Normal]     | 95%    |    9.6ms | Hello...
[GAMING/SUR] | YouTube  | [Normal]     | 82%    |   16.1ms | :person_facepalming:...
[GAMING/GAM] | YouTube  | [Normal]     | 95%    |   11.0ms | OBVERSATION...
[GAMING/SUR] | YouTube  | [Normal]     | 92%    |   14.1ms | have you considered not letting the deal...
[GAMING/GAM] | YouTube  | [Normal]     | 97%    |   14.0ms | Obversation LMAOO...
[GAMING/GAM] | YouTube  | [Normal]     | 85%    |   14.0ms | how will you go on...
[ENTERTAINM] | YouTube  | [Normal]     | 97%    |   14.0ms | i play baseball in Russia...
[GAMING/GAM] | YouTube  | [Normal]     | 68%    |    9.0ms | the drenched sarcasm...
[GAMING/SUR] | YouTube  | [Normal]     | 87%    |    9.1ms | LETS GO...
[GAMING/GAM] | YouTube  | [Normal]     | 98%    |   16.0ms | :cat_with_tears_of_joy::cat_with_tears_o...
[GAMING/GAM] | YouTube  | [Normal]     | 96%    |   67.8ms | lol lmao even...
[GAMING/SUR] | YouTube  | [Normal]     | 74%    |   97.0ms | does it say cheat on the screan...
[ENTERTAINM] | YouTube  | [Normal]     | 96%    |   13.5ms | im İran:saluting_face:...
[NEWS/LIVE ] | YouTube  | [Normal]     | 91%    |   12.0ms | HES WORKING ON IT?...
[GAMING/GAM] | YouTube  | [Normal]     | 97%    |   14.3ms | Welcome to Member!...
[GAMING/SUR] | YouTube  | [Normal]     | 95%    |   16.0ms | :rolling_on_the_floor_laughing::rolling_...
[ENTERTAINM] | YouTube  | [Normal]     | 97%    |   15.0ms | hey Mr Beast I love :sparkling_heart: I...
[ENTERTAINM] | YouTube  | [Normal]     | 94%    |   14.3ms | Hi...
[GAMING/GAM] | YouTube  | [Normal]     | 95%    |   12.5ms | He is very Obersational...
[GAMING/GAM] | YouTube  | [Normal]     | 96%    |   12.0ms | is it the capital o?...
[ENTERTAINM] | YouTube  | [Normal]     | 95%    |   12.2ms | hiii...
[GAMING/GAM] | YouTube  | [Normal]     | 84%    |   13.6ms | im surprised its an accidental mispellin...
[GAMING/GAM] | YouTube  | [Normal]     | 92%    |   11.0ms | thats the best part tho...
[ENTERTAINM] | YouTube  | [Normal]     | 85%    |   13.0ms | why u guys didnt pay even a winer from y...
[GAMING/GAM] | YouTube  | [Normal]     | 95%    |   16.0ms | LMAO SOMEONE SAID TITLE ANOMALY...
[ENTERTAINM] | YouTube  | [Normal]     | 90%    |   10.1ms | 500mmmmmmmmmmmmmmmmmmmmmmm...
[GAMING/GAM] | YouTube  | [Normal]     | 72%    |   13.0ms | that stupid AI summary keeps popping up ...
[GAMING/SUR] | YouTube  | [Normal]     | 96%    |   10.1ms | lmao...
[GAMING/SUR] | YouTube  | [Normal]     | 93%    |   11.0ms | casinos love to see you coming lol...
[GAMING/GAM] | YouTube  | [Normal]     | 88%    |   13.0ms | IT's an anomaly...
[GAMING/GAM] | YouTube  | [Normal]     | 96%    |   15.7ms | obsVERSTAPEN...
[GAMING/SUR] | YouTube  | [Normal]     | 92%    |   15.5ms | so were just throwing it away lol...
[ENTERTAINM] | YouTube  | [Normal]     | 92%    |   10.5ms | o...
[GAMING/SUR] | YouTube  | [Normal]     | 87%    |   15.7ms | Poor gingy and all her work...
[GAMING/GAM] | YouTube  | [Normal]     | 94%    |   11.7ms | I think it moved...
[GAMING/GAM] | YouTube  | [Normal]     | 95%    |   12.5ms | I thought i saw an anomaly  then realize...
[GAMING/SUR] | YouTube  | [Normal]     | 89%    |   12.0ms | should of played slots...
[GAMING/SUR] | YouTube  | [Normal]     | 93%    |   14.8ms | sheeeesh...
[ENTERTAINM] | YouTube  | [Normal]     | 97%    |   11.7ms | 130K Viewers...
[ENTERTAINM] | YouTube  | [Normal]     | 94%    |   11.1ms | hi...
[GAMING/GAM] | YouTube  | [Normal]     | 94%    |  210.4ms | THREE...
[GAMING/GAM] | YouTube  | [Normal]     | 97%    |   14.6ms | obversation...:rolling_on_the_floor_laug...
[GAMING/GAM] | YouTube  | [OFFENSIVE]  | 68%    |   14.9ms | Peamut bubber?...
[GAMING/SUR] | YouTube  | [Normal]     | 96%    |    8.5ms | LOL...
[GAMING/GAM] | YouTube  | [Normal]     | 95%    |    9.5ms | Haiii...
[ENTERTAINM] | YouTube  | [Normal]     | 95%    |   12.0ms | UYY PHILIPPINES...
[GAMING/GAM] | YouTube  | [Normal]     | 92%    |   10.7ms | Obversation Lung...
[GAMING/SUR] | YouTube  | [Normal]     | 90%    |    6.6ms | hahahaha...
[ENTERTAINM] | YouTube  | [Normal]     | 95%    |    6.5ms | hello...
[ENTERTAINM] | YouTube  | [Normal]     | 98%    |   17.0ms | WATCH UR FIRST VIDEO:hand-pink-waving::h...
[GAMING/GAM] | YouTube  | [Normal]     | 97%    |   12.0ms | XD the way half of chat probably didn't ...
[ENTERTAINM] | YouTube  | [Normal]     | 89%    |   12.0ms | Whats the time at your place rn?...
[GAMING/SUR] | YouTube  | [Normal]     | 94%    |    9.0ms | well...
[GAMING/GAM] | YouTube  | [Normal]     | 94%    |   10.2ms | Right there Mark...
[GAMING/SUR] | YouTube  | [Normal]     | 96%    |   16.7ms | YOU HAD 1000+ SCRAP WHEN YOU LOGGED IN...
[ENTERTAINM] | YouTube  | [Normal]     | 95%    |   13.0ms | ХПААААЙЙЙ...
[GAMING/SUR] | YouTube  | [Normal]     | 92%    |   15.6ms | Peanut needs to stay out of Vegas...
[GAMING/SUR] | YouTube  | [Normal]     | 95%    |    9.0ms | u have 1k in base...
[ENTERTAINM] | YouTube  | [Normal]     | 96%    |   11.4ms | :fearful_face::fearful_face::fearful_fac...
[GAMING/GAM] | YouTube  | [Normal]     | 94%    |    9.0ms | bro's killing it with the live streams r...
[GAMING/GAM] | YouTube  | [Normal]     | 83%    |   12.6ms | GO BACK TO THE BASEMENT...
[GAMING/SUR] | YouTube  | [Normal]     | 95%    |   14.0ms | hutch is just strolling around with 4k m...
[MUSIC/CHIL] | YouTube  | [Normal]     | 97%    |   10.0ms | :musical_notes::relieved_face:...
[ENTERTAINM] | YouTube  | [Normal]     | 96%    |    8.5ms | big fan...
[ENTERTAINM] | YouTube  | [Normal]     | 94%    |   13.4ms | HAHAHAHAHAHHA...
[GAMING/GAM] | YouTube  | [Normal]     | 96%    |   12.6ms | i'm so dyslexic i did not even notice th...
[GAMING/GAM] | YouTube  | [Normal]     | 79%    |    8.5ms | MOUSE TRAP...
[GAMING/GAM] | YouTube  | [Normal]     | 96%    |   14.6ms | CONGRATS ON THE MOVIE!!!...
[GAMING/GAM] | YouTube  | [Normal]     | 94%    |   10.6ms | John...
[GAMING/GAM] | YouTube  | [Normal]     | 95%    |   11.0ms | how did he get through there? intrude th...
[GAMING/GAM] | YouTube  | [Normal]     | 95%    |    8.1ms | HIIIII MARKKKKK...
[GAMING/GAM] | YouTube  | [Normal]     | 94%    |  117.1ms | intruder? how did he get in? intruder wi...
[MUSIC/CHIL] | YouTube  | [Normal]     | 97%    |   13.0ms | @kavya-c9c1j fir kya tumhe chris evans c...
[GAMING/GAM] | YouTube  | [Normal]     | 96%    |   10.5ms | LOL...
[GAMING/GAM] | YouTube  | [Normal]     | 95%    |   15.0ms | im curious about yall spelling ia it obs...
[GAMING/GAM] | YouTube  | [Normal]     | 89%    |   11.6ms | intuider...
[GAMING/GAM] | YouTube  | [Normal]     | 94%    |   10.0ms | true...
[ENTERTAINM] | YouTube  | [Normal]     | 94%    |   11.0ms | 5...
[GAMING/SUR] | YouTube  | [Normal]     | 49%    |   10.5ms | @YungDreadz_The_Artist shut up dummy...
[SPORTS/FOO] | YouTube  | [Normal]     | 94%    |   13.0ms | :police_car_light:豚の妖精:clown_face:危險注意~!...
[ENTERTAINM] | YouTube  | [Normal]     | 94%    |   11.0ms | 4...
[ENTERTAINM] | YouTube  | [Normal]     | 94%    |   11.0ms | 5...
[GAMING/SUR] | YouTube  | [Normal]     | 91%    |   12.1ms | gambling losses are much funnier when it...
[GAMING/GAM] | YouTube  | [Normal]     | 93%    |   16.0ms | MARK THE LIGHT IS ROTATING BUT NOT THE D...
[GAMING/GAM] | YouTube  | [Normal]     | 95%    |   13.6ms | #1 is Sam Raimi...
[ENTERTAINM] | YouTube  | [Normal]     | 95%    |   11.0ms | 6000...
[GAMING/GAM] | YouTube  | [Normal]     | 97%    |   15.1ms | OMG IVE NEVER MADE IT TO A LIVE BEFORE. ...
[ENTERTAINM] | YouTube  | [Normal]     | 94%    |    9.0ms | 3...
[GAMING/GAM] | YouTube  | [Normal]     | 92%    |    8.6ms | the stairs...
[GAMING/GAM] | YouTube  | [Normal]     | 91%    |    7.6ms | YEAH GUYS! HE DIRECTED IRNO LUNG!...
[GAMING/GAM] | YouTube  | [Normal]     | 94%    |    7.0ms | stairs were moving...
[GAMING/GAM] | YouTube  | [Normal]     | 97%    |   12.5ms | is this famous movie actor MARKIPLIER...
[GAMING/GAM] | YouTube  | [Normal]     | 96%    |   12.4ms | PLATNUM HEART...
[ENTERTAINM] | YouTube  | [Normal]     | 95%    |   12.7ms | wow...
[ENTERTAINM] | YouTube  | [Normal]     | 97%    |   19.0ms | FREE PALESTINE:flexed_biceps::flexed_bic...
[ENTERTAINM] | YouTube  | [Normal]     | 95%    |   10.0ms | Bangladesh...
[GAMING/GAM] | YouTube  | [Normal]     | 95%    |   11.5ms | #1 director in America...
[GAMING/GAM] | YouTube  | [Normal]     | 91%    |   15.0ms | Extremely loud incorrect buzzer...
[ENTERTAINM] | YouTube  | [Normal]     | 96%    |    9.1ms | hi @beluga1...
[GAMING/SUR] | YouTube  | [Normal]     | 84%    |   11.0ms | Who else is drinking some silly with me?...
[GAMING/GAM] | YouTube  | [Normal]     | 89%    |    9.0ms | you’re literally my reason for living...
[ENTERTAINM] | YouTube  | [Normal]     | 97%    |    9.3ms | I subbed :D...
[GAMING/GAM] | YouTube  | [Normal]     | 96%    |  168.6ms | BASEMENT STAIRS...
[GAMING/GAM] | YouTube  | [Normal]     | 93%    |    7.7ms | HELP HIM in the game...
[MUSIC/CHIL] | YouTube  | [Normal]     | 95%    |    9.0ms | mohit nope:body-green-covering-eyes:...
[GAMING/GAM] | YouTube  | [Normal]     | 95%    |   10.0ms | THE LIGHT!!!...
[ENTERTAINM] | YouTube  | [Normal]     | 94%    |    8.0ms | 3...
[GAMING/GAM] | YouTube  | [Normal]     | 96%    |   12.3ms | please still be live in an hour...
[ENTERTAINM] | YouTube  | [Normal]     | 96%    |   14.0ms | lol get a life when bro has gave out pro...
[ENTERTAINM] | YouTube  | [Normal]     | 85%    |   12.5ms | I don't sorry...
[GAMING/GAM] | YouTube  | [Normal]     | 96%    |   15.0ms | The jacket was always there...
[ENTERTAINM] | YouTube  | [Normal]     | 96%    |   14.0ms | ko:person_raising_hand:...
[GAMING/GAM] | YouTube  | [Normal]     | 94%    |   11.5ms | Hey mark...
[GAMING/GAM] | YouTube  | [Normal]     | 93%    |   13.0ms | GAHHHHH...
[ENTERTAINM] | YouTube  | [Normal]     | 97%    |   34.5ms | :red_heart::red_heart::red_heart::red_he...
[ENTERTAINM] | YouTube  | [Normal]     | 94%    |    7.2ms | holaa mr beasttt...
[ENTERTAINM] | YouTube  | [Normal]     | 94%    |    9.0ms | Nepal...
[GAMING/GAM] | YouTube  | [Normal]     | 96%    |    9.0ms | please mark the basement stairs...
[GAMING/SUR] | YouTube  | [Normal]     | 94%    |    9.0ms | rogue hid the extra 1k hahahah...
[ENTERTAINM] | YouTube  | [Normal]     | 94%    |    8.0ms | 2...
[PSYCHOLOGY] | YouTube  | [Normal]     | 52%    |    8.1ms | the stoics?...
[GAMING/GAM] | YouTube  | [Normal]     | 94%    |   10.0ms | THE STAIIIRS...
[ENTERTAINM] | YouTube  | [Normal]     | 96%    |   12.5ms | خیلی خفنی...
[PSYCHOLOGY] | YouTube  | [Normal]     | 97%    |   12.0ms | Disconnected  Analytical  Systems-focuse...
[ENTERTAINM] | YouTube  | [Normal]     | 96%    |   11.0ms | I'm poor...
[GAMING/GAM] | YouTube  | [Normal]     | 92%    |   10.0ms | UNDULATION...
[GAMING/GAM] | YouTube  | [Normal]     | 92%    |   16.3ms | I don't know. I wasn't paying attention...
[SELF-HELP/] | YouTube  | [Normal]     | 68%    |   15.5ms | all u guys do is complain .... how about...
[ENTERTAINM] | YouTube  | [Normal]     | 96%    |   10.5ms | 20k...
[GAMING/GAM] | YouTube  | [Normal]     | 96%    |   10.0ms | lol...
[ENTERTAINM] | YouTube  | [Normal]     | 94%    |   11.2ms | hi mr beast...
[ENTERTAINM] | YouTube  | [Normal]     | 96%    |   11.0ms | bro don't clap i am in the middle of my ...
[GAMING/GAM] | YouTube  | [Normal]     | 96%    |   12.0ms | wait- lighthouse and iron lung cross ove...
[ENTERTAINM] | YouTube  | [Normal]     | 90%    |  139.2ms | heyyyy...
[ENTERTAINM] | YouTube  | [Normal]     | 56%    |    8.7ms | I’ve watched since 3000 subs bro this is...
[GAMING/GAM] | YouTube  | [Normal]     | 96%    |   13.0ms | LANTERIN IN INTERIOR...
[GAMING/GAM] | YouTube  | [Normal]     | 97%    |   14.6ms | Hello Mark! I saw your movie  congrats o...
[GAMING/SUR] | YouTube  | [Normal]     | 95%    |   11.1ms | :mending_heart:...
[GAMING/GAM] | YouTube  | [Normal]     | 95%    |   15.0ms | I printed the popcorn bucket but the tee...
[ENTERTAINM] | YouTube  | [Normal]     | 92%    |   11.6ms | mrbeast...
[GAMING/GAM] | YouTube  | [Normal]     | 73%    |   16.6ms | is it just me or do markiplier and jacks...
[SELF-HELP/] | YouTube  | [Normal]     | 57%    |   13.5ms | nothing gets them madder than taking the...
[ENTERTAINM] | YouTube  | [Normal]     | 98%    |   19.6ms | :hand-pink-waving::hand-pink-waving::han...
[ENTERTAINM] | YouTube  | [Normal]     | 96%    |   15.0ms | :1st_place_medal:...
[GAMING/GAM] | YouTube  | [Normal]     | 97%    |   13.1ms | what did i miss?...
[GAMING/GAM] | YouTube  | [Normal]     | 97%    |   12.0ms | THE GREEN BOTTLE...
[ENTERTAINM] | YouTube  | [Normal]     | 96%    |   14.0ms | new member...
[GAMING/GAM] | YouTube  | [Normal]     | 97%    |   14.1ms | How does it feels to be number one still...
[ENTERTAINM] | YouTube  | [Normal]     | 95%    |    8.0ms | :goodvibes:...
[GAMING/GAM] | YouTube  | [Normal]     | 96%    |   15.1ms | Hi from 2am in South Africa!!!...
[ENTERTAINM] | YouTube  | [Normal]     | 92%    |   10.0ms | hey hai...
[GAMING/GAM] | YouTube  | [Normal]     | 97%    |   10.1ms | another mousetrap?...
[GAMING/GAM] | YouTube  | [Normal]     | 96%    |   12.5ms | Hi from Brazil  will your film be shown ...
[GAMING/GAM] | YouTube  | [Normal]     | 94%    |    8.0ms | hole near lighthouse light...
[ENTERTAINM] | YouTube  | [Normal]     | 97%    |    9.0ms | 500m...
[GAMING/GAM] | YouTube  | [Normal]     | 96%    |   11.0ms | Mark my dono said people want an Observa...
[ENTERTAINM] | YouTube  | [Normal]     | 96%    |   11.0ms | I was here...
[GAMING/GAM] | YouTube  | [Normal]     | 98%    |   10.1ms | I once ate deodorant and still doing it ...
[ENTERTAINM] | YouTube  | [Normal]     | 97%    |   11.0ms | I LOVE INDONESIA...
[ENTERTAINM] | YouTube  | [Normal]     | 97%    |   14.0ms | :yt:...
[GAMING/GAM] | YouTube  | [Normal]     | 92%    |   10.1ms | BED...
[GAMING/GAM] | YouTube  | [Normal]     | 91%    |   12.0ms | IM HEADING TO WATCH YOUR MOVIIIIEEE...
[ENTERTAINM] | YouTube  | [Normal]     | 96%    |   12.0ms | me.from Indonesia...
[GAMING/GAM] | YouTube  | [Normal]     | 97%    |   87.3ms | lantern moved in interior...
[GAMING/GAM] | YouTube  | [Normal]     | 95%    |   55.6ms | The blanket on the bed moved!!...
[GAMING/GAM] | YouTube  | [Normal]     | 92%    |   12.5ms | bed...
[GAMING/SUR] | YouTube  | [Normal]     | 82%    |   13.0ms | Put wood inside man its just 100...
[GAMING/GAM] | YouTube  | [Normal]     | 93%    |    7.6ms | theres three ropes hanging at the interi...
[GAMING/GAM] | YouTube  | [Normal]     | 90%    |    8.7ms | BOXESBOXES...
[GAMING/GAM] | YouTube  | [Normal]     | 92%    |    8.0ms | BED...
[ENTERTAINM] | YouTube  | [Normal]     | 94%    |   15.4ms | ভাই আমাকে একটা আইফোন দিবেন আমি সৌদি প্রব...
[ENTERTAINM] | YouTube  | [Normal]     | 97%    |   10.1ms | Hallo sir I am alok kumar and I am from ...
[ENTERTAINM] | YouTube  | [Normal]     | 96%    |   11.0ms | JIMMY PLEASE PLEASE I AM SO POOR CAN U G...
[GAMING/GAM] | YouTube  | [Normal]     | 87%    |   13.0ms | CHECK THE BED...
[ENTERTAINM] | YouTube  | [Normal]     | 95%    |    8.6ms | hii...
[GAMING/GAM] | YouTube  | [Normal]     | 92%    |   11.2ms | Under the bed?...
[GAMING/GAM] | YouTube  | [Normal]     | 92%    |   10.0ms | IN MOVIES FOR IRON LUNG RN...
[GAMING/GAM] | YouTube  | [Normal]     | 97%    |   13.0ms | Greeting form Poland  loved the movie...
[MUSIC/CHIL] | YouTube  | [Normal]     | 98%    |   13.0ms | :musical_notes::musical_note:...
[GAMING/GAM] | YouTube  | [Normal]     | 98%    |   13.0ms | extra item on the cabin night stand?...
[ENTERTAINM] | YouTube  | [Normal]     | 95%    |   16.5ms | Assalamu Alaikum sir  how are you?...
[ENTERTAINM] | YouTube  | [Normal]     | 95%    |    8.6ms | xd...
[GAMING/GAM] | YouTube  | [Normal]     | 96%    |   11.0ms | Just got done watching Iron Lung. Fantas...
[ENTERTAINM] | YouTube  | [Normal]     | 97%    |   11.6ms | :face-red-heart-shape:...
[ENTERTAINM] | YouTube  | [Normal]     | 88%    |   11.4ms | ،...
[GAMING/GAM] | YouTube  | [Normal]     | 91%    |   14.7ms | LOCK THE DOOR!!!!!!!...
[PSYCHOLOGY] | YouTube  | [Normal]     | 92%    |   11.0ms | huh...
[ENTERTAINM] | YouTube  | [Normal]     | 96%    |   12.6ms | im from israel i love this stream...
[GAMING/GAM] | YouTube  | [Normal]     | 95%    |   11.1ms | WATER IN THE PO...
[GAMING/GAM] | YouTube  | [Normal]     | 94%    |   12.0ms | 3...
[GAMING/GAM] | YouTube  | [Normal]     | 97%    |   11.6ms | Lantern ??...
[GAMING/GAM] | YouTube  | [Normal]     | 93%    |    8.0ms | yes...
[ENTERTAINM] | YouTube  | [Normal]     | 96%    |   16.0ms | :waving_hand::waving_hand::waving_hand:...
[GAMING/GAM] | YouTube  | [Normal]     | 97%    |    8.6ms | Welcome to Member!...
[GAMING/GAM] | YouTube  | [Normal]     | 90%    |  122.2ms | What about picture on the wall in the be...
[GAMING/SUR] | YouTube  | [Normal]     | 98%    |   57.6ms | Nectar of the gods....
[ENTERTAINM] | YouTube  | [Normal]     | 94%    |   12.5ms | mr queef!...
[GAMING/GAM] | YouTube  | [Normal]     | 97%    |   12.7ms | the hanging thing off the right balcony ...
[GAMING/GAM] | YouTube  | [Normal]     | 96%    |   11.2ms | hi mark :smirking_face:...
[PSYCHOLOGY] | YouTube  | [Normal]     | 97%    |   12.9ms | I'm aminus...
[GAMING/GAM] | YouTube  | [Normal]     | 74%    |   12.7ms | The hangy thing...
[ENTERTAINM] | YouTube  | [Normal]     | 95%    |   14.2ms | I have a question how is it possible tha...
[ENTERTAINM] | YouTube  | [Normal]     | 90%    |   20.1ms | :stayhome::stayhome::stayhome::stayhome:...
[ENTERTAINM] | YouTube  | [Normal]     | 96%    |   10.5ms | It’s 9 am here LOL...
[ENTERTAINM] | YouTube  | [Normal]     | 87%    |   13.1ms | you are so cute...
[SELF-HELP/] | YouTube  | [Normal]     | 63%    |   15.8ms | Can I hate jeffery Epstine...
[GAMING/GAM] | YouTube  | [Normal]     | 88%    |   14.5ms | Light anomaly light house...
[GAMING/GAM] | YouTube  | [Normal]     | 94%    |   16.1ms | I swear it wasnt spinning at the beginni...
[ENTERTAINM] | YouTube  | [Normal]     | 94%    |   12.5ms | 1...
[SPORTS/FOO] | YouTube  | [Normal]     | 97%    |   11.5ms | 일본이 독일을 이기는건가? 놀랍다...
[GAMING/GAM] | YouTube  | [Normal]     | 96%    |    9.1ms | Lol...
[GAMING/GAM] | YouTube  | [Normal]     | 96%    |    8.5ms | this is literally a dream come true i ha...
[GAMING/GAM] | YouTube  | [Normal]     | 97%    |    7.5ms | Iron Lung was AMAZING! Great movie!...
[GAMING/GAM] | YouTube  | [Normal]     | 91%    |    7.0ms | w...
[PSYCHOLOGY] | YouTube  | [Normal]     | 92%    |    8.5ms | literally me...
[GAMING/GAM] | YouTube  | [Normal]     | 51%    |   10.1ms | The one eyed man that runs the lighthous...
[LIFESTYLE/] | YouTube  | [Normal]     | 97%    |    6.9ms | These Summer months are going to fly by ...
[GAMING/SUR] | YouTube  | [Normal]     | 92%    |    8.0ms | Don’t matter...
[ENTERTAINM] | YouTube  | [Normal]     | 94%    |    7.6ms | 1...
[GAMING/GAM] | YouTube  | [Normal]     | 89%    |   11.5ms | MISSING...
[ENTERTAINM] | YouTube  | [Normal]     | 94%    |   10.0ms | 1111111111111111111111111111111111111111...
[ENTERTAINM] | YouTube  | [Normal]     | 94%    |   10.2ms | 1...
[ENTERTAINM] | YouTube  | [Normal]     | 95%    |   16.8ms | 1111111111111111111111...
[ENTERTAINM] | YouTube  | [Normal]     | 97%    |   12.0ms | What do you support in the 2026 World Cu...
[GAMING/SUR] | YouTube  | [Normal]     | 96%    |   10.0ms | HIGHER!...
[GAMING/GAM] | YouTube  | [Normal]     | 94%    |   13.0ms | WHAT THE GAME ABOUT? I CAME LATE:loudly_...
[GAMING/GAM] | YouTube  | [Normal]     | 97%    |  134.9ms | Hi Markiplier  my mom had taken my car o...
[GAMING/GAM] | YouTube  | [Normal]     | 80%    |    8.6ms | are we trying to scare him in chat...
[GAMING/GAM] | YouTube  | [Normal]     | 98%    |   11.0ms | :hand-orange-covering-eyes:...
[GAMING/GAM] | YouTube  | [Normal]     | 97%    |    9.9ms | Is there a extra light here also?...
[GAMING/GAM] | YouTube  | [Normal]     | 93%    |   13.6ms | I am in the theater waiting to see Iron ...
[ENTERTAINM] | YouTube  | [Normal]     | 97%    |   12.0ms | Jets go...
[ENTERTAINM] | YouTube  | [Normal]     | 94%    |   10.0ms | 6...
[ENTERTAINM] | YouTube  | [Normal]     | 95%    |   10.0ms | hii mr beast...
[PSYCHOLOGY] | YouTube  | [Normal]     | 96%    |   10.0ms | hmmm...
[ENTERTAINM] | YouTube  | [Normal]     | 94%    |    9.0ms | 1...
[GAMING/SUR] | YouTube  | [Normal]     | 84%    |   11.6ms | Can’t see...
[ENTERTAINM] | YouTube  | [Normal]     | 98%    |   24.3ms | congratulations for 500M:clapping_hands:...
[GAMING/GAM] | YouTube  | [Normal]     | 96%    |   10.7ms | Saw iron lung last night and I can’t sto...
[ENTERTAINM] | YouTube  | [Normal]     | 94%    |   10.3ms | 1...
[ENTERTAINM] | YouTube  | [Normal]     | 94%    |   10.6ms | 1...
[ENTERTAINM] | YouTube  | [Normal]     | 94%    |   10.0ms | 1...
[GAMING/SUR] | YouTube  | [Normal]     | 94%    |   14.4ms | more energy output if you build higher...
[GAMING/GAM] | YouTube  | [Normal]     | 94%    |   12.0ms | LAMP MARK...
[GAMING/SUR] | YouTube  | [Normal]     | 85%    |   10.6ms | Build up then place it...
[MUSIC/CHIL] | YouTube  | [Normal]     | 98%    |   11.0ms | Prasa :potable_water:...
[GAMING/SUR] | YouTube  | [Normal]     | 86%    |   12.6ms | NOOOOOOOOO...
[GAMING/GAM] | YouTube  | [Normal]     | 96%    |    9.0ms | LIGHT !!...
[GAMING/SUR] | YouTube  | [Normal]     | 95%    |   13.0ms | welyn help this man...
[PSYCHOLOGY] | YouTube  | [Normal]     | 97%    |    9.5ms | :text-green-game-over:...
[GAMING/GAM] | YouTube  | [Normal]     | 96%    |   11.5ms | It’s observation duty 8...
[ENTERTAINM] | YouTube  | [Normal]     | 97%    |   13.0ms | Yes... love from India...
[GAMING/GAM] | YouTube  | [Normal]     | 75%    |   12.5ms | I'M FAILING YOU  I'M SORRY :tired_face:...
[GAMING/GAM] | YouTube  | [Normal]     | 95%    |   15.0ms | Was the vent thing always there??...
[GAMING/GAM] | YouTube  | [Normal]     | 86%    |   10.9ms | KERFUKLED...
[GAMING/SUR] | YouTube  | [Normal]     | 93%    |   13.0ms | WEYLYN ASK HIMMMMM...
[GAMING/GAM] | YouTube  | [Normal]     | 92%    |    7.0ms | airplane airplane bathroom...
[GAMING/GAM] | YouTube  | [Normal]     | 94%    |   18.5ms | I watched the iron lung movie it’s the b...
[ENTERTAINM] | YouTube  | [Normal]     | 97%    |  116.2ms | Hi Mr. Beast...
[GAMING/SUR] | YouTube  | [Normal]     | 93%    |   11.0ms | Welyn discord...
[GAMING/GAM] | YouTube  | [Normal]     | 91%    |   16.1ms | There’s a mousetrap in the basement!...
[ENTERTAINM] | YouTube  | [Normal]     | 97%    |   13.0ms | Taiwan W:face-red-heart-shape::face-red-...
[ENTERTAINM] | YouTube  | [Normal]     | 94%    |   10.0ms | wait hv you seen the play button yet...
[GAMING/GAM] | YouTube  | [Normal]     | 94%    |   27.8ms | Hey Mark! Congratulations on the release...
[GAMING/GAM] | YouTube  | [Normal]     | 96%    |   11.0ms | hi mark...
[ENTERTAINM] | YouTube  | [Normal]     | 94%    |   11.0ms | 1...
[GAMING/GAM] | YouTube  | [Normal]     | 96%    |   12.0ms | OOP...
[GAMING/SUR] | YouTube  | [Normal]     | 98%    |    9.0ms | windmill will turn lol...
[GAMING/GAM] | YouTube  | [Normal]     | 85%    |    8.5ms | nooooo...
[GAMING/SUR] | YouTube  | [Normal]     | 97%    |    9.0ms | this mf got on 3 hours early and played ...
[GAMING/GAM] | YouTube  | [Normal]     | 94%    |   12.6ms | Aww...
[MUSIC/CHIL] | YouTube  | [Normal]     | 97%    |   11.5ms | :smiling_face_with_halo:...
[GAMING/GAM] | YouTube  | [Normal]     | 94%    |   11.0ms | Oops...
[GAMING/GAM] | YouTube  | [Normal]     | 82%    |   11.0ms | you're missing...
[ENTERTAINM] | YouTube  | [Normal]     | 97%    |   11.8ms | please help :loudly_crying_face::folded_...
[ENTERTAINM] | YouTube  | [Normal]     | 95%    |   10.5ms | 67...
[GAMING/GAM] | YouTube  | [Normal]     | 91%    |   11.9ms | camera malfunction means that the camera...
[ENTERTAINM] | YouTube  | [Normal]     | 96%    |   10.0ms | could I get some money?...
[GAMING/GAM] | YouTube  | [Normal]     | 93%    |    7.6ms | L...
[ENTERTAINM] | YouTube  | [Normal]     | 96%    |   12.0ms | @Bhavesh_Kalyankar @Bhavesh_Kalyankar @B...
[GAMING/GAM] | YouTube  | [Normal]     | 91%    |   11.0ms | NOOB...
[GAMING/SUR] | YouTube  | [Normal]     | 96%    |   14.0ms | well said...
[GAMING/GAM] | YouTube  | [Normal]     | 95%    |   14.1ms | NUMBER 1...
[GAMING/GAM] | YouTube  | [Normal]     | 51%    |   14.5ms | the title is fine mark  don't listen to ...
[GAMING/GAM] | YouTube  | [Normal]     | 85%    |   12.0ms | the lamp in interiorr moveddddd...
[PSYCHOLOGY] | YouTube  | [Normal]     | 97%    |   10.1ms | animus anima and anime...
[ENTERTAINM] | YouTube  | [Normal]     | 92%    |    8.0ms | if it gets 500 million will I get 20 gra...
[GAMING/GAM] | YouTube  | [Normal]     | 95%    |    9.5ms | so real...
[GAMING/SUR] | YouTube  | [Normal]     | 63%    |   93.6ms | tell him about your windmill...
[GAMING/SUR] | YouTube  | [Normal]     | 70%    |   60.9ms | HUTCH AND ROGUE GONNA HAVE TO KEEP PEANU...
[GAMING/GAM] | YouTube  | [Normal]     | 94%    |   13.0ms | Clearly title is purposeful misspelled...
[GAMING/GAM] | YouTube  | [Normal]     | 92%    |   16.5ms | opbject manipulation in tittle...
[GAMING/GAM] | YouTube  | [Normal]     | 96%    |   10.5ms | hiiiiiiiiii...
[GAMING/SUR] | YouTube  | [Normal]     | 91%    |   12.0ms | stoopid...
[ENTERTAINM] | YouTube  | [Normal]     | 97%    |   13.6ms | Love frome bangladesh...
[ENTERTAINM] | YouTube  | [Normal]     | 81%    |   14.0ms | let's goo...
[ENTERTAINM] | YouTube  | [Normal]     | 98%    |   13.4ms | :star_struck:...
[PSYCHOLOGY] | YouTube  | [Normal]     | 95%    |   16.9ms | maybe because the Philosopher field isnt...
[GAMING/GAM] | YouTube  | [Normal]     | 81%    |    8.0ms | crazy work...
[GAMING/GAM] | YouTube  | [Normal]     | 95%    |    8.6ms | LMAOO...
[ENTERTAINM] | YouTube  | [Normal]     | 84%    |   11.0ms | heyy jimi...
[GAMING/GAM] | YouTube  | [Normal]     | 95%    |   13.1ms | LOLLLLLL...
[ENTERTAINM] | YouTube  | [Normal]     | 93%    |   10.0ms | omg...
[GAMING/GAM] | YouTube  | [Normal]     | 95%    |   10.0ms | obserdution duty...
[GAMING/GAM] | YouTube  | [Normal]     | 82%    |   11.4ms | YOU SEE...
[GAMING/GAM] | YouTube  | [Normal]     | 92%    |   11.9ms | hes come around...
[ENTERTAINM] | YouTube  | [Normal]     | 96%    |   14.0ms | I have a exam:loudly_crying_face::loudly...
[GAMING/GAM] | YouTube  | [Normal]     | 95%    |   12.5ms | OBVERSATION...
[GAMING/GAM] | YouTube  | [Normal]     | 97%    |   15.1ms | I'm on obversation duty...
[GAMING/GAM] | YouTube  | [Normal]     | 90%    |   11.5ms | as a dyslexic guy  I couldn't see the di...
[GAMING/GAM] | YouTube  | [Normal]     | 96%    |    7.0ms | oh hi chat  hi Mark...
[SELF-HELP/] | YouTube  | [Normal]     | 96%    |   12.1ms | lol...
[GAMING/GAM] | YouTube  | [Normal]     | 93%    |   10.1ms | Meow...
[ENTERTAINM] | YouTube  | [Normal]     | 95%    |   10.0ms | thanks Mr beast...
[PSYCHOLOGY] | YouTube  | [Normal]     | 94%    |   15.0ms | @KilleRoy_NL Yes  it can be either or...
[PSYCHOLOGY] | YouTube  | [Normal]     | 96%    |   16.5ms | jungs domain expansion is teh sol...
[GAMING/GAM] | YouTube  | [Normal]     | 93%    |    8.3ms | e...
[GAMING/GAM] | YouTube  | [Normal]     | 95%    |   12.0ms | hello...
[SELF-HELP/] | YouTube  | [Normal]     | 94%    |   17.0ms | bro is saying that while i am smurfing r...
[ENTERTAINM] | YouTube  | [Normal]     | 98%    |  123.4ms | :face-blue-smiling::face-blue-smiling::f...
[ENTERTAINM] | YouTube  | [Normal]     | 95%    |    8.0ms | I Like your video bro...
[GAMING/GAM] | YouTube  | [Normal]     | 95%    |    7.0ms | Obversation...
[GAMING/GAM] | YouTube  | [Normal]     | 92%    |    6.5ms | camera malfunction is missing camera...
[MUSIC/CHIL] | YouTube  | [Normal]     | 96%    |   14.0ms | Vishuu cockroaches :face_with_tears_of_j...
[GAMING/GAM] | YouTube  | [Normal]     | 66%    |   10.1ms | because you lost the camera in the cabin...
[MUSIC/CHIL] | YouTube  | [Normal]     | 96%    |   13.7ms | tinnava ra...
[ENTERTAINM] | YouTube  | [Normal]     | 94%    |   15.5ms | idziesz ogladac moj ht3 fight na mctiers...
[GAMING/SUR] | YouTube  | [Normal]     | 90%    |   15.5ms | base is gonna get wrecked if yall arent ...
[GAMING/GAM] | YouTube  | [Normal]     | 94%    |   11.5ms | hi...
[GAMING/GAM] | YouTube  | [Normal]     | 93%    |   13.2ms | Might be the least practical game to rea...
[GAMING/GAM] | YouTube  | [Normal]     | 95%    |   17.0ms | Camera malfunction in GUAAAAAAM...
[ENTERTAINM] | YouTube  | [Normal]     | 97%    |   16.0ms | :smiling_face_with_heart_eyes:...
[MUSIC/CHIL] | YouTube  | [Normal]     | 94%    |   10.0ms | @syedsoul ky...
[GAMING/GAM] | YouTube  | [Normal]     | 94%    |   14.3ms | I want a word with who built those stair...
[ENTERTAINM] | YouTube  | [Normal]     | 97%    |   13.0ms | love from kerala...
[GAMING/GAM] | YouTube  | [Normal]     | 94%    |   13.0ms | yay!...
[PSYCHOLOGY] | YouTube  | [Normal]     | 97%    |   11.2ms | I've been grounding myself with the eart...
[ENTERTAINM] | YouTube  | [Normal]     | 94%    |    9.0ms | hi Mr beast...
[ENTERTAINM] | YouTube  | [Normal]     | 94%    |   12.5ms | WRITE 67 IN THE COMMENTS IF TOU WANT JIM...
[SELF-HELP/] | YouTube  | [Normal]     | 78%    |   16.7ms | @gelaiiiarts3028 then you fail trying....
[GAMING/GAM] | YouTube  | [Normal]     | 97%    |   12.7ms | does he know about new game plus..........
[GAMING/SUR] | YouTube  | [Normal]     | 94%    |   10.0ms | oh Boy...
[GAMING/GAM] | YouTube  | [Normal]     | 94%    |    8.0ms | Yeah!!...
[ENTERTAINM] | YouTube  | [Normal]     | 96%    |   10.5ms | I need money to buy camera :pleading_fac...
[GAMING/SUR] | YouTube  | [Normal]     | 84%    |   10.0ms | MY MAN @TheBurntPeanut Wakes up gets rai...
[GAMING/GAM] | YouTube  | [Normal]     | 95%    |   15.1ms | is that a figure in the fog?...
[PSYCHOLOGY] | YouTube  | [Normal]     | 79%    |   11.6ms | no sex. just gym for the rest of your li...
[GAMING/GAM] | YouTube  | [Normal]     | 95%    |   10.0ms | Extra bottle by the dock...
[GAMING/SUR] | YouTube  | [Normal]     | 94%    |   14.0ms | AHAHAHAHA...
[GAMING/GAM] | YouTube  | [Normal]     | 96%    |    9.0ms | bucket?...
[GAMING/GAM] | YouTube  | [Normal]     | 94%    |   67.6ms | last time the lamp in the interior moved...
[ENTERTAINM] | YouTube  | [Normal]     | 85%    |   65.4ms | guys mr beast dont have money he paid fo...
[GAMING/GAM] | YouTube  | [Normal]     | 96%    |    9.0ms | fire movie mark...
[GAMING/SUR] | YouTube  | [Normal]     | 96%    |   12.7ms | LOL...
[GAMING/SUR] | YouTube  | [OFFENSIVE]  | 80%    |   10.6ms | Oh fuck...
[GAMING/SUR] | YouTube  | [Normal]     | 96%    |   12.1ms | all over...
[GAMING/SUR] | YouTube  | [Normal]     | 98%    |   19.8ms | Keep On Bungulating LATE Into The Night ...
[ENTERTAINM] | YouTube  | [Normal]     | 95%    |   12.0ms | 67...
[SELF-HELP/] | YouTube  | [Normal]     | 93%    |   14.1ms | @V_Urizen more...
[ENTERTAINM] | YouTube  | [Normal]     | 95%    |   15.1ms | Mr Beast I love you from...
[ENTERTAINM] | YouTube  | [Normal]     | 98%    |   26.3ms | :face-red-heart-shape::face-red-heart-sh...
[NEWS/LIVE ] | YouTube  | [Normal]     | 59%    |   12.7ms | FREE KARMELO ANTHONY:: WHITE SUPREMACIST...
[GAMING/GAM] | YouTube  | [Normal]     | 96%    |    7.6ms | is window at the cabin frozen?...
[GAMING/GAM] | YouTube  | [Normal]     | 87%    |    7.1ms | i wanna watch iron lung SOOOOO bad icl...
[ENTERTAINM] | YouTube  | [Normal]     | 90%    |   14.6ms | mr bets...
[GAMING/GAM] | YouTube  | [Normal]     | 97%    |   11.2ms | Harness  Mark?...
[GAMING/SUR] | YouTube  | [HATE]       | 38%    |    8.9ms | THEIR BASE IS GONE...
[GAMING/GAM] | YouTube  | [Normal]     | 98%    |    8.6ms | :hand-pink-waving:...
[ENTERTAINM] | YouTube  | [Normal]     | 95%    |   13.2ms | halo adakah Indonesia nonton...
[GAMING/GAM] | YouTube  | [Normal]     | 98%    |   10.8ms | :eyes-pink-heart-shape::eyes-pink-heart-...
[ENTERTAINM] | YouTube  | [Normal]     | 96%    |   13.2ms | LeBron James...
[ENTERTAINM] | YouTube  | [Normal]     | 92%    |   12.4ms | i don't know...
[GAMING/GAM] | YouTube  | [Normal]     | 94%    |   13.4ms | BRO I WANNA BE AN ANAOMOLY!! YESS!!...
[GAMING/GAM] | YouTube  | [Normal]     | 95%    |    8.8ms | vote for anomaly's...
[GAMING/GAM] | YouTube  | [Normal]     | 94%    |    9.2ms | im here...
[ENTERTAINM] | YouTube  | [Normal]     | 95%    |   12.7ms | 2%...
[GAMING/GAM] | YouTube  | [Normal]     | 90%    |    7.7ms | and we can fix anomolies...
[GAMING/GAM] | YouTube  | [Normal]     | 97%    |   10.2ms | TY FOR THE MEMBERSHIP:_markiHEART:...
[ENTERTAINM] | YouTube  | [Normal]     | 56%    |   10.8ms | omggg...
[ENTERTAINM] | YouTube  | [Normal]     | 90%    |   16.2ms | 🄷🄴🄻🄻🄾🄾...
[ENTERTAINM] | YouTube  | [Normal]     | 97%    |   19.3ms | Hi MrBeast  Iam from the Philippines  Ia...
[ENTERTAINM] | YouTube  | [Normal]     | 94%    |   78.0ms | to old...
[GAMING/GAM] | YouTube  | [Normal]     | 81%    |   15.0ms | Look at him making up excuses...
[ENTERTAINM] | YouTube  | [Normal]     | 98%    |   23.5ms | It is my dream to receive a gift from yo...
[ENTERTAINM] | YouTube  | [Normal]     | 42%    |  127.2ms | you crazy...
[GAMING/SUR] | YouTube  | [Normal]     | 93%    |    7.0ms | owimaway owimbawe...
[GAMING/SUR] | YouTube  | [Normal]     | 87%    |    7.6ms | Let him help...
[GAMING/GAM] | YouTube  | [Normal]     | 93%    |   13.0ms | was there always a tv control thing in t...
[GAMING/GAM] | YouTube  | [Normal]     | 94%    |   11.5ms | #1 director...
[GAMING/GAM] | YouTube  | [Normal]     | 96%    |   12.7ms | I MADE IT...
[GAMING/GAM] | YouTube  | [Normal]     | 97%    |   11.0ms | thank youuuuu...
[GAMING/GAM] | YouTube  | [Normal]     | 96%    |   11.5ms | firework?...
[GAMING/GAM] | YouTube  | [Normal]     | 89%    |    9.1ms | Blind ahh...
[GAMING/GAM] | YouTube  | [Normal]     | 96%    |    8.1ms | flare???...
[GAMING/GAM] | YouTube  | [Normal]     | 93%    |    8.0ms | Still never got over clickolding...
[GAMING/SUR] | YouTube  | [Normal]     | 94%    |   15.0ms | that patrol heli got lucky this time...
[MUSIC/CHIL] | YouTube  | [Normal]     | 97%    |   14.6ms | :face_with_tears_of_joy:...
[GAMING/GAM] | YouTube  | [Normal]     | 95%    |   15.0ms | I am watching from my fingernail...
[ENTERTAINM] | YouTube  | [Normal]     | 97%    |   11.5ms | Mr beast Love You... I Love form Pakista...
[MUSIC/CHIL] | YouTube  | [Normal]     | 96%    |   10.0ms | mjak samjh aata h...
[ENTERTAINM] | YouTube  | [Normal]     | 94%    |    6.6ms | talk about someone I know...
[GAMING/GAM] | YouTube  | [Normal]     | 89%    |    7.0ms | THERES A MOUSE TRAP IN THE BASEMENT...
[GAMING/SUR] | YouTube  | [Normal]     | 90%    |   10.0ms | Best worst game ever...
[ENTERTAINM] | YouTube  | [Normal]     | 95%    |   17.0ms | уууууууурааааа...
[GAMING/GAM] | YouTube  | [Normal]     | 92%    |   12.5ms | one in the light house...
[ENTERTAINM] | YouTube  | [Normal]     | 96%    |   12.0ms | ive heard bout neistat...
[SPORTS/FOO] | YouTube  | [Normal]     | 90%    |    9.0ms | ยับ...
[GAMING/GAM] | YouTube  | [Normal]     | 96%    |    9.0ms | instructions unclear  I peeled my eyes n...
[GAMING/GAM] | YouTube  | [Normal]     | 95%    |   12.6ms | I'm on the toilet can bring a 20 inch mo...
[GAMING/GAM] | YouTube  | [Normal]     | 94%    |   12.0ms | i swear something was moving under the b...
[GAMING/SUR] | YouTube  | [Normal]     | 97%    |   14.0ms | :eyes-purple-crying::eyes-purple-crying:...
[PSYCHOLOGY] | YouTube  | [Normal]     | 94%    |   10.0ms | oof...
[GAMING/SUR] | YouTube  | [Normal]     | 92%    |   14.0ms | Welyn the ultimate optimist...
[GAMING/GAM] | YouTube  | [Normal]     | 96%    |   13.1ms | wow Mark that looks sooooo cool!...
[GAMING/GAM] | YouTube  | [Normal]     | 95%    |   12.0ms | extra mouse trap in cellar...
[ENTERTAINM] | YouTube  | [Normal]     | 93%    |  168.8ms | KPOP...
[ENTERTAINM] | YouTube  | [Normal]     | 94%    |   10.0ms | hi...
[ENTERTAINM] | YouTube  | [Normal]     | 97%    |   12.0ms | :red_heart::red_heart::red_heart:...
[ENTERTAINM] | YouTube  | [Normal]     | 95%    |    7.0ms | Mr beast can you help me pay for my coll...
[PSYCHOLOGY] | YouTube  | [Normal]     | 58%    |   16.7ms | What if I don’t want to have kids? (As a...
[ENTERTAINM] | YouTube  | [Normal]     | 91%    |   14.4ms | nahhhh idk who that is...
[ENTERTAINM] | YouTube  | [Normal]     | 92%    |   12.0ms | z...
[ENTERTAINM] | YouTube  | [Normal]     | 96%    |   12.0ms | Yuppp...
[GAMING/GAM] | YouTube  | [Normal]     | 97%    |   16.6ms | OMG I FINALLY CAUGHT A MARKIPLIER STREAM...
[ENTERTAINM] | YouTube  | [Normal]     | 96%    |   13.5ms | I’m a really big fan of your channel  an...
[ENTERTAINM] | YouTube  | [Normal]     | 98%    |   19.1ms | وتفاك وتفاك. ايلوف يوي. ياه مستر بيستو. ...
[GAMING/GAM] | YouTube  | [Normal]     | 91%    |   13.0ms | I SEE NASA PEEPO...
[ENTERTAINM] | YouTube  | [Normal]     | 94%    |   12.0ms | Mrbest hi...
[PSYCHOLOGY] | YouTube  | [Normal]     | 93%    |   10.0ms | tech...
[ENTERTAINM] | YouTube  | [Normal]     | 96%    |    8.0ms | lol...
[GAMING/SUR] | YouTube  | [Normal]     | 95%    |   11.0ms | 2000 SCRAP LATER...
[ENTERTAINM] | YouTube  | [Normal]     | 93%    |   17.0ms | YES THERE ARE A LOT OF INTERNATIONAL NOT...
[GAMING/GAM] | YouTube  | [Normal]     | 44%    |   15.5ms | you are going to lose...
[GAMING/GAM] | YouTube  | [Normal]     | 97%    |    7.6ms | What’s the lore of this game?...
[ENTERTAINM] | YouTube  | [Normal]     | 91%    |    9.0ms | Pakistan...
[GAMING/GAM] | YouTube  | [Normal]     | 93%    |    9.6ms | THE CHAIR...
[PSYCHOLOGY] | YouTube  | [HATE]       | 51%    |   12.7ms | So women get stuck in their own animus b...
[GAMING/GAM] | YouTube  | [Normal]     | 83%    |   10.0ms | Underneath the bed...
[ENTERTAINM] | YouTube  | [Normal]     | 84%    |   13.0ms | hi Mr beast i subscribe you now...
[GAMING/SUR] | YouTube  | [Normal]     | 95%    |   12.0ms | Repair armour...
[GAMING/GAM] | YouTube  | [Normal]     | 97%    |   11.1ms | what I miss?...
[MUSIC/CHIL] | YouTube  | [Normal]     | 98%    |   15.0ms | .:face-turquoise-music-note:...
[ENTERTAINM] | YouTube  | [Normal]     | 97%    |   13.5ms | ВСЕ ЦЕЛИ СВО БУДУТ ВЫПОЛНЕНЫ...
[ENTERTAINM] | YouTube  | [Normal]     | 94%    |   12.0ms | q...
[ENTERTAINM] | YouTube  | [Normal]     | 95%    |  109.2ms | Pls...
[SELF-HELP/] | YouTube  | [Normal]     | 94%    |   21.7ms | Oops...
[GAMING/GAM] | YouTube  | [Normal]     | 96%    |   13.0ms | :face_screaming_in_fear::police_car_ligh...
[ENTERTAINM] | YouTube  | [Normal]     | 97%    |    9.0ms | try tecnoblade...
[ENTERTAINM] | YouTube  | [Normal]     | 94%    |    8.0ms | Do speed...
[ENTERTAINM] | YouTube  | [Normal]     | 90%    |   11.5ms | we only know jimmy...
[ENTERTAINM] | YouTube  | [Normal]     | 95%    |   17.2ms | MR BEAST 6000 OOOOOOOOOOOOH...
[ENTERTAINM] | YouTube  | [Normal]     | 96%    |   13.0ms | w seed...
[ENTERTAINM] | YouTube  | [Normal]     | 97%    |   15.1ms | Dear Jimmy  could you please help me? I ...
[GAMING/GAM] | YouTube  | [Normal]     | 92%    |   11.0ms | ooh...
[GAMING/SUR] | YouTube  | [OFFENSIVE]  | 93%    |   10.7ms | Y’all fucked up big time. All because of...
[GAMING/GAM] | YouTube  | [Normal]     | 96%    |    9.5ms | basement mark...
[ENTERTAINM] | YouTube  | [Normal]     | 92%    |    9.0ms | indian...
[ENTERTAINM] | YouTube  | [Normal]     | 97%    |   16.5ms | Can I participate in your next video ple...
[ENTERTAINM] | YouTube  | [Normal]     | 96%    |    8.0ms | am from sweden...
[GAMING/GAM] | YouTube  | [Normal]     | 96%    |   14.1ms | :_markiHEART::_markiHEART::_markiHEART::...
[GAMING/GAM] | YouTube  | [Normal]     | 97%    |   13.1ms | pro fireworks...
[GAMING/GAM] | YouTube  | [Normal]     | 93%    |    9.5ms | FIREWOOD...
[GAMING/GAM] | YouTube  | [Normal]     | 49%    |   11.0ms | That’s creepy...
[ENTERTAINM] | YouTube  | [Normal]     | 98%    |   17.1ms | love you Jimmy. love from India...
[ENTERTAINM] | YouTube  | [Normal]     | 98%    |   24.7ms | "Congratulations M Best on reaching 500M...
[GAMING/GAM] | YouTube  | [Normal]     | 97%    |   11.9ms | Dentures Moved?...
[GAMING/GAM] | YouTube  | [Normal]     | 94%    |   13.1ms | Basement...
[SELF-HELP/] | YouTube  | [Normal]     | 92%    |   15.6ms | Piccolo: "Power comes in response to a n...
[ENTERTAINM] | YouTube  | [Normal]     | 97%    |   12.6ms | ХУУУУУУУУУУУЙ...
[MUSIC/CHIL] | YouTube  | [Normal]     | 98%    |   16.0ms | Cold coffee :hot_beverage::face_with_tea...
[GAMING/GAM] | YouTube  | [Normal]     | 93%    |   15.5ms | the mouse trap in basement mark  check i...
[GAMING/GAM] | YouTube  | [Normal]     | 94%    |   12.5ms | diddy-...
[ENTERTAINM] | YouTube  | [Normal]     | 69%    |   13.0ms | eggg...
[GAMING/GAM] | YouTube  | [Normal]     | 97%    |   15.0ms | Papers on the table in the cabin are mov...
[GAMING/GAM] | YouTube  | [Normal]     | 93%    |   89.4ms | W MARK STREAM  LOVE YOUR VIDS...
[GAMING/GAM] | YouTube  | [Normal]     | 90%    |   41.1ms | I swear those pipes besides the stairs l...
[PSYCHOLOGY] | YouTube  | [Normal]     | 96%    |    9.8ms | ngl  me building muscles has helped me a...
[GAMING/SUR] | YouTube  | [Normal]     | 92%    |   12.7ms | ONE GUYD...
[MUSIC/CHIL] | YouTube  | [Normal]     | 98%    |   12.2ms | look at :penguin:...
[MUSIC/CHIL] | YouTube  | [Normal]     | 97%    |   13.5ms | :face-blue-smiling:...
[PSYCHOLOGY] | YouTube  | [Normal]     | 93%    |   10.7ms | Inversion...
[ENTERTAINM] | YouTube  | [Normal]     | 94%    |   12.0ms | hi...
[ENTERTAINM] | YouTube  | [Normal]     | 94%    |    8.7ms | Mr beast Can you give me computer?...
[ENTERTAINM] | YouTube  | [Normal]     | 94%    |    9.0ms | HI BRO...
[GAMING/GAM] | YouTube  | [Normal]     | 97%    |   14.0ms | bootle at the pierrrü...
[SELF-HELP/] | YouTube  | [Normal]     | 94%    |   12.5ms | Oh. That's how I spent 8 years with a co...
[GAMING/GAM] | YouTube  | [Normal]     | 93%    |   11.8ms | yard is hunted for sure...
[GAMING/SUR] | YouTube  | [Normal]     | 97%    |   12.5ms | yt stream is fine!...
[GAMING/GAM] | YouTube  | [Normal]     | 97%    |   13.6ms | cross on the pier moving closer?...
[GAMING/GAM] | YouTube  | [Normal]     | 95%    |   11.5ms | moved railing...
[GAMING/SUR] | YouTube  | [Normal]     | 92%    |    9.8ms | left the door open...
[ENTERTAINM] | YouTube  | [Normal]     | 92%    |   11.0ms | @husain...
[GAMING/GAM] | YouTube  | [Normal]     | 95%    |   14.4ms | I’ve been a fan of your’s since your The...
[MUSIC/CHIL] | YouTube  | [Normal]     | 97%    |   15.0ms | :musical_note::tumbler_glass:...
[GAMING/GAM] | YouTube  | [Normal]     | 97%    |   13.5ms | wait is this markiplier?...
[GAMING/GAM] | YouTube  | [Normal]     | 97%    |   13.9ms | EXTRA OBJECTS NEXT TO THE SHAIR IN THE R...
[ENTERTAINM] | YouTube  | [Normal]     | 97%    |    7.0ms | siuuuuuuuuuuuu...
[GAMING/SUR] | YouTube  | [Normal]     | 90%    |   10.1ms | GATE IS OPEN YOU CASHEW...
[GAMING/GAM] | YouTube  | [Normal]     | 82%    |   11.0ms | just came out of IronLung!!!...
[NEWS/LIVE ] | YouTube  | [Normal]     | 90%    |   17.5ms | KARMELO IS DONE. BYE BYE DUMB LACK BOY....
[SPORTS/FOO] | YouTube  | [Normal]     | 61%    |   14.0ms | LETS SEE BRAZILL WILL LET YOU HAHAHA...
[GAMING/GAM] | YouTube  | [Normal]     | 94%    |   10.1ms | What about the void from Thunderbolts*...
[GAMING/SUR] | YouTube  | [Normal]     | 93%    |   12.0ms | the gate airlocks...
[GAMING/GAM] | YouTube  | [Normal]     | 89%    |   15.5ms | I'm not paranoid...
[GAMING/SUR] | YouTube  | [Normal]     | 87%    |   13.0ms | lock in...
[GAMING/GAM] | YouTube  | [Normal]     | 95%    |   11.6ms | bottle at the pier...
[ENTERTAINM] | YouTube  | [Normal]     | 97%    |   75.1ms | Hello    I am from India...
[GAMING/GAM] | YouTube  | [Normal]     | 96%    |   50.1ms | MAKE SURE TO DOUBLE CHECK CAMERAS MARK...
[ENTERTAINM] | YouTube  | [Normal]     | 94%    |   13.2ms | Mr beast can you give me a laptop i am f...
[GAMING/GAM] | YouTube  | [Normal]     | 90%    |   12.0ms | the fuse...
[GAMING/GAM] | YouTube  | [Normal]     | 97%    |   16.6ms | HANGING RED LIGHT MOVINGG...
[GAMING/GAM] | YouTube  | [Normal]     | 97%    |   15.1ms | PURPLE SCARF IS NOT AN ANOMALY...
[GAMING/GAM] | YouTube  | [OFFENSIVE]  | 53%    |   14.0ms | :face-fuchsia-tongue-out:...
[GAMING/GAM] | YouTube  | [Normal]     | 92%    |   10.6ms | Breaker box...
[GAMING/GAM] | YouTube  | [Normal]     | 88%    |   14.2ms | DOCK...
[NEWS/LIVE ] | YouTube  | [Normal]     | 92%    |   12.5ms | O Brother Where Tarp Thou...
[MUSIC/CHIL] | YouTube  | [Normal]     | 94%    |   13.0ms | blinkit block...
[ENTERTAINM] | YouTube  | [Normal]     | 88%    |   21.3ms | The old man of the chat here  51-year-ol...
[ENTERTAINM] | YouTube  | [Normal]     | 69%    |   10.0ms | when are you coming to Indonesia Mr beas...
[ENTERTAINM] | YouTube  | [Normal]     | 94%    |   10.5ms | sri lanka...
[ENTERTAINM] | YouTube  | [Normal]     | 95%    |   16.1ms | :person-turqouise-waving:...
[GAMING/SUR] | YouTube  | [Normal]     | 89%    |   14.0ms | whats the TC...
[MUSIC/CHIL] | YouTube  | [Normal]     | 40%    |   15.6ms | Raggy that's true bro...
[ENTERTAINM] | YouTube  | [Normal]     | 97%    |   11.7ms | hi :waving_hand:...
[MUSIC/CHIL] | YouTube  | [Normal]     | 96%    |   15.6ms | :moai::blue_heart:...
[GAMING/GAM] | YouTube  | [Normal]     | 95%    |   10.0ms | hello...
[ENTERTAINM] | YouTube  | [Normal]     | 95%    |    9.0ms | HIIII...
[GAMING/GAM] | YouTube  | [Normal]     | 96%    |   12.0ms | was that bucket always in the cabin ?...
[PSYCHOLOGY] | YouTube  | [Normal]     | 48%    |    8.1ms | But isn't that extremely ironic? because...
[GAMING/GAM] | YouTube  | [Normal]     | 95%    |   12.0ms | @markiplier looks like eyes in the TV...
[ENTERTAINM] | YouTube  | [Normal]     | 98%    |   12.5ms | please give me 10000 :heavy_dollar_sign:...
[SPORTS/FOO] | YouTube  | [Normal]     | 96%    |   15.0ms | YES　LIVE(ﾉ･ω･)ﾉ...
[GAMING/GAM] | YouTube  | [Normal]     | 96%    |   23.5ms | MARK THERES AN INTRUDER AT THE END OF TH...
[ENTERTAINM] | YouTube  | [Normal]     | 93%    |   12.8ms | yeeeeeeeeeeeeeees...
[GAMING/GAM] | YouTube  | [Normal]     | 94%    |   11.5ms | extra plank at the pier...
[GAMING/GAM] | YouTube  | [Normal]     | 97%    |   11.1ms | EXTRA SACK IN BASEMENT...
[ENTERTAINM] | YouTube  | [Normal]     | 97%    |   43.2ms | been watching since the intros!!!...
[ENTERTAINM] | YouTube  | [Normal]     | 96%    |  121.1ms | I was here...
[NEWS/LIVE ] | YouTube  | [Normal]     | 96%    |   11.5ms | All lives matter Michael...
[GAMING/GAM] | YouTube  | [Normal]     | 97%    |    8.7ms | Extra bottle by door on pier!!...
[ENTERTAINM] | YouTube  | [Normal]     | 97%    |   11.5ms | Can you give me some money so that I cou...
[GAMING/GAM] | YouTube  | [Normal]     | 96%    |   10.2ms | Would sending more anomalies be easier?...
[GAMING/GAM] | YouTube  | [Normal]     | 93%    |    8.0ms | EXTRA BOTTLE PIER...
[GAMING/GAM] | YouTube  | [Normal]     | 96%    |    8.0ms | it's the wind!...
[GAMING/GAM] | YouTube  | [Normal]     | 37%    |   10.3ms | your eyes are wibble wobbling...
[GAMING/GAM] | YouTube  | [Normal]     | 97%    |   11.6ms | light in yard??...
[GAMING/SUR] | YouTube  | [Normal]     | 95%    |   10.9ms | that game looks like gta mad max...
[ENTERTAINM] | YouTube  | [Normal]     | 97%    |    7.4ms | Hello from RUSSIA:fire::fire::fire::fire...
[GAMING/GAM] | YouTube  | [Normal]     | 96%    |   11.5ms | the light is changing a bit  but no anom...
[GAMING/GAM] | YouTube  | [Normal]     | 59%    |   10.0ms | fake blood can make you go blind :(...
[GAMING/GAM] | YouTube  | [Normal]     | 88%    |    9.6ms | cross on the dock...
[GAMING/GAM] | YouTube  | [Normal]     | 97%    |   12.3ms | bottle at the bottom of the screen on pi...
[ENTERTAINM] | YouTube  | [Normal]     | 98%    |   26.7ms | :face-blue-smiling::face-blue-smiling::f...
[ENTERTAINM] | YouTube  | [Normal]     | 89%    |   11.0ms | hkooooooooooooo...
[ENTERTAINM] | YouTube  | [Normal]     | 97%    |    9.6ms | please gift me...
[GAMING/GAM] | YouTube  | [Normal]     | 93%    |   13.5ms | WOOD...
[PSYCHOLOGY] | YouTube  | [Normal]     | 71%    |   12.0ms | wtf are ball busters...
[MUSIC/CHIL] | YouTube  | [Normal]     | 98%    |   21.0ms | Momo your wife have younger sister??! :f...
[GAMING/GAM] | YouTube  | [Normal]     | 87%    |   14.0ms | WE ALL BELIEVED IN YOU MARKKKK...
[PSYCHOLOGY] | YouTube  | [Normal]     | 96%    |   12.0ms | @Moonlight_dark-47 thank you bro...
[GAMING/GAM] | YouTube  | [Normal]     | 77%    |    9.0ms | haha too much wood...
[ENTERTAINM] | YouTube  | [Normal]     | 95%    |    9.0ms | Congratulations...
[ENTERTAINM] | YouTube  | [Normal]     | 96%    |   11.2ms | :lion:...
[GAMING/GAM] | YouTube  | [Normal]     | 97%    |   13.0ms | THE FUSE BOX...
[GAMING/GAM] | YouTube  | [Normal]     | 97%    |   10.0ms | THE SACKS BASEMENT MOVED!...
[SELF-HELP/] | YouTube  | [Normal]     | 93%    |   11.0ms | @TheBruceKeller sigma...
[GAMING/GAM] | YouTube  | [Normal]     | 96%    |   12.5ms | youtuber...
[GAMING/GAM] | YouTube  | [Normal]     | 94%    |   31.8ms | Why can’t I send super chats...
[ENTERTAINM] | YouTube  | [Normal]     | 90%    |  140.0ms | USA...
[ENTERTAINM] | YouTube  | [Normal]     | 94%    |    8.6ms | indonesia...
[ENTERTAINM] | YouTube  | [Normal]     | 95%    |   12.0ms | HIIIIIIIIIIIIIIIIIIIIIIIIIIIIIIIIIIIIIII...
[GAMING/SUR] | YouTube  | [Normal]     | 84%    |   10.5ms | let's go finally you on rust...
[GAMING/GAM] | YouTube  | [Normal]     | 87%    |   10.0ms | no...
[GAMING/GAM] | YouTube  | [Normal]     | 94%    |   10.6ms | smaller barrel basement=...
[ENTERTAINM] | YouTube  | [Normal]     | 93%    |   12.0ms | Ukraine...
[GAMING/SUR] | YouTube  | [Normal]     | 94%    |   11.0ms | Rust is 100...
[GAMING/GAM] | YouTube  | [Normal]     | 94%    |   14.0ms | henlo mr observation duty iplier...
[ENTERTAINM] | YouTube  | [Normal]     | 94%    |   10.5ms | Indonesia...
[ENTERTAINM] | YouTube  | [Normal]     | 93%    |    8.5ms | india...
[ENTERTAINM] | YouTube  | [Normal]     | 94%    |   10.6ms | Hi...
[PSYCHOLOGY] | YouTube  | [Normal]     | 92%    |   15.0ms | Dr Ks teachings have changed me. I freak...
[SELF-HELP/] | YouTube  | [Normal]     | 94%    |    9.0ms | @laffeybunn8557 bro just take the first ...
[ENTERTAINM] | YouTube  | [Normal]     | 92%    |    8.0ms | Russia...
[GAMING/SUR] | YouTube  | [Normal]     | 85%    |   10.9ms | its not good bots its good...
[GAMING/GAM] | YouTube  | [Normal]     | 86%    |   12.0ms | Every time I see Mark I think of "Where'...
[ENTERTAINM] | YouTube  | [Normal]     | 95%    |   10.0ms | said hi...
[GAMING/GAM] | YouTube  | [Normal]     | 96%    |    9.1ms | Did you take your meds?...
[GAMING/SUR] | YouTube  | [Normal]     | 95%    |   12.1ms | setup...
[GAMING/GAM] | YouTube  | [Normal]     | 95%    |    9.5ms | dock at the end of the peir...
[ENTERTAINM] | YouTube  | [Normal]     | 97%    |    7.4ms | i haven't receive my cookie yet i haven'...
[GAMING/SUR] | YouTube  | [Normal]     | 93%    |   10.0ms | Yes...
[GAMING/SUR] | YouTube  | [Normal]     | 97%    |    7.4ms | oil...
[GAMING/GAM] | YouTube  | [Normal]     | 93%    |   11.0ms | STEEEEAAAAAAMMMMMM...
[ENTERTAINM] | YouTube  | [Normal]     | 91%    |   10.0ms | Australia...
[GAMING/SUR] | YouTube  | [Normal]     | 93%    |   10.6ms | YES...
[GAMING/GAM] | YouTube  | [Normal]     | 87%    |   12.5ms | mark i think u need to get ur eyes check...
[GAMING/SUR] | YouTube  | [HATE]       | 48%    |   11.0ms | Go oil let them set up turrets...
[ENTERTAINM] | YouTube  | [Normal]     | 94%    |   10.0ms | 1...
[GAMING/SUR] | YouTube  | [Normal]     | 95%    |    8.0ms | stay for turrets...
[MUSIC/CHIL] | YouTube  | [Normal]     | 98%    |  174.0ms | Rich with neighbour wifi :face_with_tear...
[ENTERTAINM] | YouTube  | [Normal]     | 94%    |   11.0ms | 1...
[GAMING/GAM] | YouTube  | [Normal]     | 91%    |   16.0ms | camera malfunction means the camera does...
[ENTERTAINM] | YouTube  | [Normal]     | 94%    |   11.0ms | 1...
[GAMING/SUR] | YouTube  | [Normal]     | 87%    |   15.0ms | get turrets up...
[ENTERTAINM] | YouTube  | [Normal]     | 96%    |   10.0ms | from Indonesia...
[ENTERTAINM] | YouTube  | [Normal]     | 94%    |    9.0ms | 1...
[GAMING/SUR] | YouTube  | [Normal]     | 95%    |   11.0ms | Turrets...
[GAMING/GAM] | YouTube  | [Normal]     | 93%    |   12.6ms | Think that was there before...
[GAMING/GAM] | YouTube  | [Normal]     | 81%    |   12.5ms | Too many pillars in the stairwell...
[ENTERTAINM] | YouTube  | [Normal]     | 94%    |    9.0ms | 2...
[GAMING/SUR] | YouTube  | [Normal]     | 67%    |   13.0ms | hutch has all the oil and grease you nee...
[ENTERTAINM] | YouTube  | [Normal]     | 93%    |    8.0ms | India...
[GAMING/GAM] | YouTube  | [Normal]     | 90%    |   11.6ms | light anomaly in the yard good sir...
[GAMING/GAM] | YouTube  | [Normal]     | 96%    |   14.0ms | barrels in basement...
[GAMING/GAM] | YouTube  | [Normal]     | 92%    |   11.6ms | light anomaly in the yard!...
[GAMING/SUR] | YouTube  | [Normal]     | 88%    |   10.6ms | Go...
[GAMING/GAM] | YouTube  | [Normal]     | 97%    |   13.5ms | THE FUSE BOX IS OPEN!!!...
[GAMING/GAM] | YouTube  | [Normal]     | 97%    |   15.1ms | Light anomaly the Yard  Mark!...
[GAMING/GAM] | YouTube  | [Normal]     | 39%    |   11.5ms | Goon...
[ENTERTAINM] | YouTube  | [Normal]     | 94%    |   13.6ms | 1...
[GAMING/SUR] | YouTube  | [Normal]     | 96%    |   10.0ms | Dude I love welyn can’t wait to see his ...
[GAMING/GAM] | YouTube  | [Normal]     | 96%    |    9.1ms | Spinning pillar in stairwell...
[ENTERTAINM] | YouTube  | [Normal]     | 94%    |    8.0ms | 1...
[ENTERTAINM] | YouTube  | [Normal]     | 94%    |   12.2ms | 1...
[GAMING/GAM] | YouTube  | [Normal]     | 66%    |   14.1ms | Wiggling sandwich...
[MUSIC/CHIL] | YouTube  | [Normal]     | 91%    |   10.0ms | I think they show gold for 2 rupees...
[GAMING/GAM] | YouTube  | [Normal]     | 97%    |   15.0ms | The yard!!!...
[GAMING/GAM] | YouTube  | [Normal]     | 96%    |    7.6ms | pillar spinning in stairway...
[GAMING/GAM] | YouTube  | [Normal]     | 96%    |   11.0ms | HI mark...
[GAMING/GAM] | YouTube  | [Normal]     | 95%    |  216.5ms | movement...
[GAMING/GAM] | YouTube  | [Normal]     | 97%    |    7.4ms | radio. under the stairs...
[ENTERTAINM] | YouTube  | [Normal]     | 95%    |   11.0ms | Bangladesh...
[PSYCHOLOGY] | YouTube  | [Normal]     | 79%    |   11.1ms | Yeah guys stop messin round...
[GAMING/GAM] | YouTube  | [Normal]     | 94%    |    9.6ms | LIGHTHOUSE SPINNING OTHER WAY...
[GAMING/GAM] | YouTube  | [Normal]     | 78%    |    7.1ms | CRAWLY...
[GAMING/GAM] | YouTube  | [Normal]     | 89%    |    8.0ms | YOOOO...
[MUSIC/CHIL] | YouTube  | [Normal]     | 89%    |   15.5ms | raggy muje kyu bol rhe ho ye sb?...
[GAMING/GAM] | YouTube  | [Normal]     | 97%    |   15.9ms | Did the ladder move on the Lantern room...
[GAMING/GAM] | YouTube  | [Normal]     | 95%    |   10.6ms | EWW...
[GAMING/GAM] | YouTube  | [Normal]     | 97%    |   14.0ms | the ladder in the lantern room!...
[GAMING/GAM] | YouTube  | [Normal]     | 95%    |   13.1ms | featuring the creature...
[GAMING/SUR] | YouTube  | [Normal]     | 83%    |   14.0ms | @fatbongripz then leave...
[GAMING/GAM] | YouTube  | [Normal]     | 97%    |   14.1ms | the backpack hanging from the lantern ro...
[ENTERTAINM] | YouTube  | [Normal]     | 94%    |   11.0ms | tvk...
[GAMING/GAM] | YouTube  | [Normal]     | 97%    |    8.5ms | LOL well spotted...
[GAMING/GAM] | YouTube  | [Normal]     | 96%    |   10.0ms | Fuse box pl I beg...
[GAMING/GAM] | YouTube  | [Normal]     | 74%    |   14.3ms | he be crawlin...
[GAMING/SUR] | YouTube  | [Normal]     | 85%    |   14.8ms | Pythons or boltys I turrets...
[GAMING/GAM] | YouTube  | [Normal]     | 94%    |   13.0ms | THEY ROTATED THE BARRELS...
[GAMING/GAM] | YouTube  | [Normal]     | 53%    |   16.0ms | wonder what they do to "fix" it...
[GAMING/GAM] | YouTube  | [Normal]     | 96%    |    9.6ms | FUSE BOX...
[GAMING/GAM] | YouTube  | [Normal]     | 84%    |   13.1ms | movement on barrels they weren't facing ...
[GAMING/GAM] | YouTube  | [HATE]       | 36%    |   13.1ms | Youre crazy...
[MUSIC/CHIL] | YouTube  | [Normal]     | 98%    |   13.0ms | :cat-orange-whistling::cat-orange-whistl...
[ENTERTAINM] | YouTube  | [Normal]     | 94%    |   10.0ms | hi...
[GAMING/GAM] | YouTube  | [Normal]     | 90%    |   12.5ms | barrel!...
[GAMING/GAM] | YouTube  | [Normal]     | 94%    |   13.0ms | Fusebox?...
[GAMING/GAM] | YouTube  | [Normal]     | 82%    |   14.5ms | howdy...
[GAMING/GAM] | YouTube  | [Normal]     | 97%    |   14.0ms | object moved!...
[ENTERTAINM] | YouTube  | [Normal]     | 96%    |   26.0ms | iiiiiiiiiiiiiiiiiiiiiiiiiiiiiiiiiiiiiii...
[GAMING/GAM] | YouTube  | [Normal]     | 70%    |   21.5ms | WHAT IN THE FNAF HECK IS GOING ON HERE!?...
[GAMING/SUR] | YouTube  | [Normal]     | 92%    |   21.0ms | You had extra scrap SOMEWHERE...
[GAMING/GAM] | YouTube  | [Normal]     | 96%    |   66.1ms | The railing in the stairwell!...
[GAMING/GAM] | YouTube  | [Normal]     | 94%    |   26.6ms | grrrrr...
[GAMING/GAM] | YouTube  | [Normal]     | 91%    |   65.8ms | WE ARE TRYING...
[ENTERTAINM] | YouTube  | [Normal]     | 98%    |   93.2ms | sir please please help me sir please hel...
[GAMING/GAM] | YouTube  | [Normal]     | 85%    |   14.5ms | the window in the room   i think i saw a...
[GAMING/GAM] | YouTube  | [Normal]     | 96%    |   13.0ms | mark of pliers please listen to us this ...
[GAMING/SUR] | YouTube  | [Normal]     | 73%    |   14.0ms | rouge is hording scrap...
[GAMING/GAM] | YouTube  | [Normal]     | 96%    |   13.6ms | Hi Mark! I'm getting ready to go see Iro...
[MUSIC/CHIL] | YouTube  | [Normal]     | 97%    |   15.5ms | Vishu for u biryani booked I will keep i...
[PSYCHOLOGY] | YouTube  | [Normal]     | 95%    |    9.5ms | :(...
[GAMING/GAM] | YouTube  | [Normal]     | 96%    |   13.5ms | I just watched ur other vids on observat...
[GAMING/GAM] | YouTube  | [Normal]     | 93%    |   11.1ms | FUSEBOX...
[ENTERTAINM] | YouTube  | [Normal]     | 97%    |   10.6ms | hi :waving_hand:...
[MUSIC/CHIL] | YouTube  | [Normal]     | 98%    |   11.5ms | momo:face-blue-smiling::face-blue-smilin...
[GAMING/GAM] | YouTube  | [Normal]     | 95%    |   10.6ms | wasn't there 4 mousetraps in the basemen...
[GAMING/GAM] | YouTube  | [Normal]     | 93%    |   13.0ms | the pillar in the stairwell maybe...
[PSYCHOLOGY] | YouTube  | [Normal]     | 95%    |   14.0ms | dissregulation...
[GAMING/SUR] | YouTube  | [Normal]     | 88%    |   12.6ms | hear helo...
[ENTERTAINM] | YouTube  | [Normal]     | 97%    |   16.0ms | 🇧:sparkling_heart:...
[GAMING/GAM] | YouTube  | [Normal]     | 96%    |   11.0ms | Hi mark...
[ENTERTAINM] | YouTube  | [Normal]     | 97%    |   12.0ms | :pirate_flag:...
[MUSIC/CHIL] | YouTube  | [Normal]     | 97%    |   11.0ms | :face-turquoise-covering-eyes:...
[GAMING/GAM] | YouTube  | [Normal]     | 96%    |   11.0ms | MARK BARRELS...
[ENTERTAINM] | YouTube  | [Normal]     | 97%    |    9.8ms | kalau yb tauu...
[GAMING/GAM] | YouTube  | [Normal]     | 96%    |   10.7ms | Is the 4th mouse trap gone?...
[ENTERTAINM] | YouTube  | [Normal]     | 98%    |   11.1ms | :triangular_flag::triangular_flag::trian...
[GAMING/GAM] | YouTube  | [Normal]     | 95%    |    9.0ms | lumpy bags...
[ENTERTAINM] | YouTube  | [Normal]     | 91%    |   10.6ms | hiie...
[GAMING/GAM] | YouTube  | [Normal]     | 95%    |   15.0ms | this is bros next movie...
[SELF-HELP/] | YouTube  | [Normal]     | 96%    |   11.0ms | lmao...
[GAMING/GAM] | YouTube  | [Normal]     | 96%    |   12.0ms | Extra Mouse trap in Basement...
[GAMING/GAM] | YouTube  | [Normal]     | 95%    |   10.7ms | THE BARRELS...
[GAMING/GAM] | YouTube  | [Normal]     | 95%    |   14.0ms | At the lighthouse the object that hangin...
[MUSIC/CHIL] | YouTube  | [Normal]     | 96%    |   80.0ms | evaru jagrata?...
[ENTERTAINM] | YouTube  | [Normal]     | 91%    |   62.7ms | mr beast...
[ENTERTAINM] | YouTube  | [Normal]     | 95%    |   13.6ms | hii...
[ENTERTAINM] | YouTube  | [Normal]     | 96%    |   15.2ms | I live under a rock...
[ENTERTAINM] | YouTube  | [Normal]     | 93%    |   15.0ms | DDG...
[MUSIC/CHIL] | YouTube  | [Normal]     | 94%    |    9.4ms | marfă...
[GAMING/GAM] | YouTube  | [Normal]     | 97%    |   11.4ms | rotat...
[GAMING/GAM] | YouTube  | [Normal]     | 84%    |   14.2ms | DEAD BODY BOTTOM LEFT...
[MUSIC/CHIL] | YouTube  | [Normal]     | 96%    |   15.7ms | Rabbia i am good and you:red_heart:...
[ENTERTAINM] | YouTube  | [Normal]     | 98%    |   32.6ms | WATA FAK:face-blue-smiling::face-blue-sm...
[ENTERTAINM] | YouTube  | [Normal]     | 95%    |   11.9ms | hiii...
[PSYCHOLOGY] | YouTube  | [Normal]     | 78%    |   14.6ms | I heard the joke that when aliens will v...
[GAMING/GAM] | YouTube  | [Normal]     | 96%    |   10.5ms | shadow moved in bain...
[GAMING/GAM] | YouTube  | [Normal]     | 96%    |    8.5ms | extra bottle on the ground pier...
[ENTERTAINM] | YouTube  | [Normal]     | 97%    |    7.6ms | Welcome New Member!...
[SPORTS/FOO] | YouTube  | [Normal]     | 92%    |   11.6ms | 0...
[ENTERTAINM] | YouTube  | [Normal]     | 88%    |    7.5ms | you told us that you would give us cooki...
[GAMING/GAM] | YouTube  | [Normal]     | 98%    |   11.5ms | theres sparkling white light in the stai...
[GAMING/GAM] | YouTube  | [Normal]     | 93%    |    7.6ms | is iron lung going to be on a streaming ...
[GAMING/GAM] | YouTube  | [Normal]     | 95%    |    7.0ms | I WATCHED UR MOVIE YESTERDAY YESTERDAY I...
[ENTERTAINM] | YouTube  | [Normal]     | 94%    |    7.8ms | im a hugeeee fannnnnn from indonesiaaa s...
[GAMING/GAM] | YouTube  | [Normal]     | 83%    |   41.4ms | DUCK...
[SPORTS/FOO] | YouTube  | [Normal]     | 95%    |   45.2ms | ternate...
[GAMING/GAM] | YouTube  | [Normal]     | 96%    |   44.6ms | MUG MISSING FROM TOP OF LIGHTHOUSE TABLE...
[ENTERTAINM] | YouTube  | [Normal]     | 95%    |   11.5ms | holaaaaa...
[GAMING/GAM] | YouTube  | [Normal]     | 96%    |   11.1ms | Dor yar...
[GAMING/GAM] | YouTube  | [Normal]     | 97%    |   15.0ms | Extra object on table  top of light hous...
[GAMING/GAM] | YouTube  | [Normal]     | 97%    |   10.6ms | THE LAP MOVED...
[ENTERTAINM] | YouTube  | [Normal]     | 95%    |   14.0ms | Do virat kohli poll...
[GAMING/GAM] | YouTube  | [Normal]     | 95%    |   14.0ms | There's a bottle on the front crates in ...
[ENTERTAINM] | YouTube  | [Normal]     | 95%    |   10.5ms | congratulations...
[GAMING/SUR] | YouTube  | [Normal]     | 97%    |   14.6ms | PEANUT WORK ON THE BASE...
[GAMING/GAM] | YouTube  | [Normal]     | 96%    |   16.1ms | why does it look like there's a ghost ju...
[ENTERTAINM] | YouTube  | [Normal]     | 97%    |   14.5ms | :smiling_face_with_halo::smiling_face_wi...
[GAMING/GAM] | YouTube  | [Normal]     | 95%    |   12.0ms | Theres a light on the door in the yard!...
[PSYCHOLOGY] | YouTube  | [Normal]     | 94%    |    9.0ms | I can't remeber if anima or animus is ma...
[GAMING/GAM] | YouTube  | [Normal]     | 97%    |   12.4ms | Lantern on dresser interior...
[ENTERTAINM] | YouTube  | [Normal]     | 97%    |   16.0ms | thank you Jimmy for deciding to join the...
[GAMING/GAM] | YouTube  | [Normal]     | 96%    |    8.0ms | the light is mine...
[PSYCHOLOGY] | YouTube  | [HATE]       | 68%    |   10.5ms | They lack an internal locus of self....
[ENTERTAINM] | YouTube  | [Normal]     | 97%    |   10.5ms | Welcome New Member!...
[MUSIC/CHIL] | YouTube  | [Normal]     | 94%    |    8.0ms | kya...
[ENTERTAINM] | YouTube  | [Normal]     | 97%    |   17.0ms | :man_raising_hand:...
[ENTERTAINM] | YouTube  | [Normal]     | 92%    |   13.4ms | How do you feel right now...
[GAMING/SUR] | YouTube  | [Normal]     | 95%    |   12.5ms | FAT CONFIRMED LMAOOOO...
[GAMING/GAM] | YouTube  | [Normal]     | 92%    |   13.0ms | WOAH...
[GAMING/GAM] | YouTube  | [Normal]     | 93%    |   13.1ms | Missing rail bottom left stairwell...
[MUSIC/CHIL] | YouTube  | [Normal]     | 96%    |   12.6ms | .....
[GAMING/GAM] | YouTube  | [Normal]     | 94%    |   10.6ms | a siren...
[GAMING/GAM] | YouTube  | [Normal]     | 94%    |    9.0ms | nice lobster...
[GAMING/SUR] | YouTube  | [Normal]     | 88%    |   11.0ms | hey i have that ak skin...
[SELF-HELP/] | YouTube  | [Normal]     | 96%    |   12.6ms | playing games on the internet? whats tha...
[ENTERTAINM] | YouTube  | [Normal]     | 98%    |   86.7ms | :fog::fog::fog::neutral_face::neutral_fa...
[GAMING/GAM] | YouTube  | [Normal]     | 94%    |   10.6ms | Silver lounge...
[GAMING/GAM] | YouTube  | [Normal]     | 94%    |   11.0ms | but i said the windows!...
[GAMING/SUR] | YouTube  | [Normal]     | 97%    |    9.7ms | wow he does read youtube chat lol...
[GAMING/GAM] | YouTube  | [Normal]     | 94%    |    8.0ms | Goodness...
[MUSIC/CHIL] | YouTube  | [Normal]     | 92%    |   10.6ms | exit...
[SELF-HELP/] | YouTube  | [Normal]     | 95%    |   13.6ms | doing it right now ngl...
[GAMING/GAM] | YouTube  | [Normal]     | 94%    |   13.6ms | BROKEN RAIL ON LEFT MOVED IN STAIRWELL...
[ENTERTAINM] | YouTube  | [Normal]     | 98%    |   23.6ms | :revolving_hearts::revolving_hearts::rev...
[GAMING/GAM] | YouTube  | [Normal]     | 93%    |    7.0ms | Bad lead bad lead bad lead bad lead bad ...
[GAMING/GAM] | YouTube  | [Normal]     | 97%    |    9.5ms | ROTATING PILLAR IN STAIRWELL!!!!...
[GAMING/GAM] | YouTube  | [Normal]     | 97%    |   14.0ms | Do you enjoy Agatha Christie books?...
[ENTERTAINM] | YouTube  | [Normal]     | 96%    |   16.6ms | МИСТЕР БИСТ...
[GAMING/GAM] | YouTube  | [Normal]     | 95%    |    8.6ms | stair well railing moved...
[GAMING/GAM] | YouTube  | [Normal]     | 97%    |    6.0ms | thank you :3...
[GAMING/GAM] | YouTube  | [Normal]     | 96%    |    9.1ms | HIT PODCAST?!...
[GAMING/GAM] | YouTube  | [Normal]     | 96%    |   15.4ms | We watch distractible  man. Come on now....
[ENTERTAINM] | YouTube  | [Normal]     | 97%    |   11.1ms | Love from India...
[GAMING/SUR] | YouTube  | [Normal]     | 97%    |   10.0ms | big macs sound so good right now...
[ENTERTAINM] | YouTube  | [Normal]     | 93%    |   10.0ms | india...
[ENTERTAINM] | YouTube  | [Normal]     | 97%    |   10.2ms | I'm from Nigeria...
[GAMING/GAM] | YouTube  | [Normal]     | 96%    |    9.2ms | Extra potato bags...
[GAMING/GAM] | YouTube  | [Normal]     | 95%    |   12.0ms | PICTURE ABOVE BED...
[ENTERTAINM] | YouTube  | [Normal]     | 95%    |   12.1ms | hii mr beast...
[GAMING/GAM] | YouTube  | [Normal]     | 95%    |   10.0ms | THE OTHER BOTTLE ON THE PIER...
[GAMING/GAM] | YouTube  | [Normal]     | 97%    |    9.5ms | extra object basement  mousetrap?...
[GAMING/GAM] | YouTube  | [Normal]     | 83%    |   12.5ms | wrong bottle...
[ENTERTAINM] | YouTube  | [Normal]     | 95%    |   11.5ms | 10k LEFT...
[GAMING/GAM] | YouTube  | [Normal]     | 95%    |   12.0ms | RED BARREL IN THE BASEMENTTTTT...
[ENTERTAINM] | YouTube  | [Normal]     | 80%    |   11.2ms | jimmy what state are you from...
[ENTERTAINM] | YouTube  | [Normal]     | 95%    |   13.7ms | I need money for school fee Nepal...
[ENTERTAINM] | YouTube  | [Normal]     | 81%    |   16.0ms | Where are you from/are you...
[GAMING/GAM] | YouTube  | [Normal]     | 97%    |  171.5ms | Broken red railing in the spiral stairca...
[GAMING/SUR] | YouTube  | [Normal]     | 92%    |   12.1ms | hahahahaahaha...
[GAMING/GAM] | YouTube  | [Normal]     | 96%    |   18.7ms | WATER INTERIOR FLOOR...
[ENTERTAINM] | YouTube  | [Normal]     | 82%    |   30.6ms | dhoni x messi:goat::goat::goat::goat::go...
[ENTERTAINM] | YouTube  | [Normal]     | 92%    |   19.6ms | Ayyyyyyyyyyyyyyyyyyyyyyyyyyyyyyyyy...
[GAMING/GAM] | YouTube  | [Normal]     | 96%    |   11.0ms | stairWELL mark...
[GAMING/GAM] | YouTube  | [Normal]     | 90%    |    9.6ms | barrel fell...
[ENTERTAINM] | YouTube  | [Normal]     | 93%    |   10.5ms | india...
[GAMING/GAM] | YouTube  | [Normal]     | 74%    |   15.0ms | There is something wrong in the bed...
[GAMING/GAM] | YouTube  | [Normal]     | 94%    |   12.6ms | BigFoot is no longer in gaming limbo  an...
[GAMING/GAM] | YouTube  | [Normal]     | 91%    |   13.1ms | MARK THE GAS CAN MOVED IN THE YARD IM TE...
[ENTERTAINM] | YouTube  | [Normal]     | 84%    |   11.5ms | yoooooooooooooòoooooo...
[ENTERTAINM] | YouTube  | [Normal]     | 94%    |    8.1ms | congratulations brother...
[GAMING/SUR] | YouTube  | [Normal]     | 92%    |   16.1ms | the AI almost took it  realest shi ever...
[GAMING/SUR] | YouTube  | [Normal]     | 88%    |   14.5ms | Gotta get that demon hunter meal haha. T...
[SELF-HELP/] | YouTube  | [Normal]     | 94%    |   10.1ms | Hi...
[GAMING/GAM] | YouTube  | [Normal]     | 95%    |   12.0ms | MARK IN THE STAIRWELL ROOM...
[PSYCHOLOGY] | YouTube  | [Normal]     | 77%    |    9.0ms | Let him think...
[SELF-HELP/] | YouTube  | [Normal]     | 90%    |   15.0ms | have we reached the point where we have ...
[ENTERTAINM] | YouTube  | [Normal]     | 98%    |   18.1ms | :text-green-game-over::text-green-game-o...
[MUSIC/CHIL] | YouTube  | [Normal]     | 92%    |   13.5ms | it's against my morals to treat harshly ...
[GAMING/SUR] | YouTube  | [Normal]     | 92%    |   11.2ms | RIP Roe Jogan...
[MUSIC/CHIL] | YouTube  | [Normal]     | 96%    |   11.0ms | ab bs bhi karo...
[GAMING/GAM] | YouTube  | [Normal]     | 93%    |   11.6ms | LIGHT ANOMALY AT THE YARD...
[GAMING/GAM] | YouTube  | [Normal]     | 85%    |   17.2ms | is there a head in the stairwell?...
[ENTERTAINM] | YouTube  | [Normal]     | 98%    |   12.3ms | Historical live :rocket::rocket::rocket:...
[GAMING/GAM] | YouTube  | [Normal]     | 96%    |   14.1ms | down the spiral area...
[PSYCHOLOGY] | YouTube  | [Normal]     | 98%    |   11.0ms | chat am I cooked?...
[ENTERTAINM] | YouTube  | [Normal]     | 85%    |   10.8ms | UR THE BEST MR BEAST JIMMY IM FROM ALBAN...
[PSYCHOLOGY] | YouTube  | [Normal]     | 92%    |    8.0ms | @CallousedCallow grrr me thinks the same...
[ENTERTAINM] | YouTube  | [Normal]     | 97%    |   11.0ms | I need gaming computer  please....
[GAMING/GAM] | YouTube  | [Normal]     | 94%    |   11.5ms | intrudr end of pier...
[ENTERTAINM] | YouTube  | [Normal]     | 98%    |  123.3ms | wow :star_struck::star_struck::star_stru...
[ENTERTAINM] | YouTube  | [Normal]     | 98%    |  113.1ms | :face-blue-wide-eyes::face-blue-wide-eye...
[ENTERTAINM] | YouTube  | [Normal]     | 96%    |   11.5ms | hiiiiiiiiiiiii...
[GAMING/GAM] | YouTube  | [Normal]     | 88%    |   15.1ms | nooo there is one...
[GAMING/GAM] | YouTube  | [Normal]     | 93%    |   10.0ms | hi i just got off work how are we gaslig...
[ENTERTAINM] | YouTube  | [Normal]     | 97%    |   10.0ms | جيمييييييي...
[ENTERTAINM] | YouTube  | [Normal]     | 94%    |   12.0ms | pls say umar pls sir...
[ENTERTAINM] | YouTube  | [Normal]     | 97%    |   13.0ms | :text-green-game-over::text-green-game-o...
[MUSIC/CHIL] | YouTube  | [Normal]     | 98%    |   16.1ms | Lisa :smiling_face_with_halo::bouquet:...
[ENTERTAINM] | YouTube  | [Normal]     | 96%    |   13.0ms | legendary saga gamer subscribe...
[GAMING/GAM] | YouTube  | [OFFENSIVE]  | 80%    |   12.0ms | what dat...
[ENTERTAINM] | YouTube  | [Normal]     | 94%    |   11.2ms | WERE GETTING IT THERE 500 MILL...
[ENTERTAINM] | YouTube  | [Normal]     | 85%    |    9.0ms | INDONESIAN HERE...
[PSYCHOLOGY] | YouTube  | [Normal]     | 94%    |   15.1ms | Isn't animus the thing in Assassin's Cre...
[GAMING/GAM] | YouTube  | [Normal]     | 87%    |   10.0ms | NOW WE ARE DROWNING...
[GAMING/SUR] | YouTube  | [Normal]     | 95%    |   12.5ms | RIP JOE ROGAN...
[ENTERTAINM] | YouTube  | [Normal]     | 98%    |   16.7ms | :star:big fan Jimmy :star:...
[GAMING/GAM] | YouTube  | [Normal]     | 98%    |   15.0ms | purple on the railing of the lighthouse!...
[MUSIC/CHIL] | YouTube  | [Normal]     | 97%    |   14.0ms | los recogen rápido...
[PSYCHOLOGY] | YouTube  | [Normal]     | 98%    |   14.6ms | :eyes-pink-heart-shape:...
[GAMING/GAM] | YouTube  | [Normal]     | 91%    |   10.0ms | Turn...
[GAMING/GAM] | YouTube  | [Normal]     | 93%    |   14.5ms | ppl forget markiplier was studying engin...
[GAMING/GAM] | YouTube  | [Normal]     | 94%    |   13.0ms | left side of the hole railing was on the...
[ENTERTAINM] | YouTube  | [Normal]     | 98%    |   20.5ms | :whistle-red-blow::whistle-red-blow::whi...
[GAMING/GAM] | YouTube  | [Normal]     | 92%    |    8.0ms | No Mark tell us...
[GAMING/GAM] | YouTube  | [Normal]     | 75%    |    8.0ms | Mark soundin like an annoyed mom...
[GAMING/GAM] | YouTube  | [Normal]     | 95%    |    9.0ms | OBJECT MOVEMENT CANNISTER IN LIGHT...
[GAMING/GAM] | YouTube  | [Normal]     | 97%    |    9.0ms | the red bag was moving at the l!!...
[MUSIC/CHIL] | YouTube  | [Normal]     | 82%    |    9.5ms | KAVIII sry if i ahve overlooked a msg of...
[GAMING/GAM] | YouTube  | [Normal]     | 91%    |   11.2ms | TURN...
[GAMING/GAM] | YouTube  | [Normal]     | 64%    |   13.0ms | americans dont know this stuff xD...
[GAMING/GAM] | YouTube  | [Normal]     | 91%    |  114.4ms | The micee...
[ENTERTAINM] | YouTube  | [Normal]     | 89%    |   24.7ms | maybe both...
[GAMING/GAM] | YouTube  | [Normal]     | 86%    |   11.1ms | UNDER THE BED...
[GAMING/SUR] | YouTube  | [Normal]     | 90%    |   13.0ms | Make me laugh...
[ENTERTAINM] | YouTube  | [Normal]     | 95%    |   11.6ms | hello...
[ENTERTAINM] | YouTube  | [Normal]     | 98%    |   17.5ms | :hand-pink-waving:...
[GAMING/SUR] | YouTube  | [Normal]     | 95%    |   11.0ms | E BRANCH...
[GAMING/GAM] | YouTube  | [Normal]     | 89%    |   14.1ms | Bed  something above...
[PSYCHOLOGY] | YouTube  | [Normal]     | 95%    |   11.0ms | yay...
[GAMING/GAM] | YouTube  | [Normal]     | 96%    |   20.5ms | YOU'RE SO CLOSE TO THE STAIRWELL RAILING...
[GAMING/GAM] | YouTube  | [OFFENSIVE]  | 48%    |   14.0ms | WHO'S THE IDIOT NOW MARK...
[SELF-HELP/] | YouTube  | [Normal]     | 91%    |   15.1ms | no I was always autistic...
[GAMING/GAM] | YouTube  | [Normal]     | 97%    |   10.5ms | did the fuse box open?...
[ENTERTAINM] | YouTube  | [Normal]     | 94%    |   10.0ms | hi from...
[GAMING/GAM] | YouTube  | [Normal]     | 96%    |   15.0ms | LIGHT ANAMOLY OUTSIDE...
[GAMING/GAM] | YouTube  | [Normal]     | 92%    |   11.6ms | RAILING LEFT...
[GAMING/GAM] | YouTube  | [Normal]     | 96%    |   15.0ms | BROKEN RAIL STAIRWELL MOVED!...
[MUSIC/CHIL] | YouTube  | [Normal]     | 94%    |   12.6ms | 74...
[GAMING/GAM] | YouTube  | [Normal]     | 57%    |   15.5ms | If I could be a lighthouse keeper  I wou...
[GAMING/GAM] | YouTube  | [Normal]     | 91%    |   13.0ms | Mark! You should play Ena Dream BBQ  I t...
[GAMING/SUR] | YouTube  | [Normal]     | 96%    |   18.1ms | Play Marathon  it's a really good game t...
[GAMING/GAM] | YouTube  | [Normal]     | 96%    |   14.0ms | Missing object on interior...
[GAMING/SUR] | YouTube  | [Normal]     | 96%    |   13.8ms | Oh no. Wire everywhere incoming...
[ENTERTAINM] | YouTube  | [Normal]     | 94%    |   13.0ms | :thumbs_up::thumbs_up::thumbs_up::thumbs...
[GAMING/GAM] | YouTube  | [Normal]     | 96%    |    9.0ms | Hi mark...
[ENTERTAINM] | YouTube  | [Normal]     | 98%    |   18.7ms | :red_heart::red_heart::red_heart::red_he...
[GAMING/GAM] | YouTube  | [Normal]     | 88%    |   13.3ms | is something weird on top of the pallets...
[GAMING/GAM] | YouTube  | [OFFENSIVE]  | 47%    |   15.4ms | :face-fuchsia-tongue-out::face-fuchsia-t...
[GAMING/SUR] | YouTube  | [Normal]     | 90%    |   12.6ms | Root combiners...
[ENTERTAINM] | YouTube  | [Normal]     | 94%    |   12.7ms | Indonesia...
[GAMING/SUR] | YouTube  | [Normal]     | 95%    |   97.1ms | Awe… did Roe Jogan pass?...
[GAMING/GAM] | YouTube  | [Normal]     | 90%    |   53.9ms | You should make the movie adaptation of ...
[ENTERTAINM] | YouTube  | [Normal]     | 98%    |   11.7ms | 1 billion before GTA6?...
[GAMING/GAM] | YouTube  | [Normal]     | 96%    |   13.5ms | Will there ever be a Blu-ray release of ...
[GAMING/GAM] | YouTube  | [Normal]     | 93%    |   15.1ms | is iron lung going to be on a streaming ...
[MUSIC/CHIL] | YouTube  | [Normal]     | 98%    |   15.1ms | :green_heart::blue_heart:...
[ENTERTAINM] | YouTube  | [Normal]     | 95%    |   13.0ms | hello...
[ENTERTAINM] | YouTube  | [Normal]     | 94%    |   11.5ms | please give me iphone...
[GAMING/GAM] | YouTube  | [Normal]     | 59%    |    7.0ms | their are no anomalies...
[ENTERTAINM] | YouTube  | [Normal]     | 94%    |   11.0ms | hi...
[GAMING/SUR] | YouTube  | [Normal]     | 93%    |   14.0ms | ELEC BRANCH ONLY 10 POWER PER...
[GAMING/GAM] | YouTube  | [Normal]     | 97%    |   11.1ms | hello marki moo...
[NEWS/LIVE ] | YouTube  | [Normal]     | 87%    |   10.6ms | Boston is like the Cancer Capital of the...
[GAMING/GAM] | YouTube  | [Normal]     | 91%    |   11.0ms | top left...
[LIFESTYLE/] | YouTube  | [Normal]     | 90%    |   11.6ms | I wonder if this man on the road needs h...
[ENTERTAINM] | YouTube  | [Normal]     | 94%    |    9.1ms | hi...
[GAMING/GAM] | YouTube  | [Normal]     | 85%    |   14.5ms | you’re almost to the end!!!...
[ENTERTAINM] | YouTube  | [Normal]     | 94%    |   11.6ms | Philippines...
[ENTERTAINM] | YouTube  | [Normal]     | 90%    |   15.9ms | how much likes for new airpods...
[GAMING/GAM] | YouTube  | [Normal]     | 81%    |   12.2ms | Railing in the stairwell changed I'm not...
[GAMING/GAM] | YouTube  | [Normal]     | 97%    |   10.0ms | Red railing moved  stairwell...
[GAMING/SUR] | YouTube  | [Normal]     | 94%    |   12.9ms | What is he building ?...
[GAMING/GAM] | YouTube  | [Normal]     | 97%    |   12.0ms | lamp movement in interior?...
[GAMING/GAM] | YouTube  | [Normal]     | 96%    |   13.0ms | STAIRWELL: left side railing moved  you ...
[MUSIC/CHIL] | YouTube  | [Normal]     | 97%    |   10.0ms | :smiling_face_with_halo:🪏...
[GAMING/GAM] | YouTube  | [Normal]     | 97%    |   10.5ms | Missing item in interior! under the map!...
[GAMING/SUR] | YouTube  | [Normal]     | 92%    |    9.0ms | ayoooo...
[GAMING/GAM] | YouTube  | [Normal]     | 93%    |   10.1ms | THE BAGS...
[ENTERTAINM] | YouTube  | [Normal]     | 97%    |   11.0ms | salutations...
[PSYCHOLOGY] | YouTube  | [Normal]     | 93%    |    9.6ms | Feeling hit chat? me too lol...
[GAMING/SUR] | YouTube  | [Normal]     | 81%    |   11.6ms | You are doing it wrong!...
[GAMING/GAM] | YouTube  | [Normal]     | 91%    |   63.6ms | must have been the wind...
[ENTERTAINM] | YouTube  | [Normal]     | 72%    |   78.5ms | CONGRATSSS...
[MUSIC/CHIL] | YouTube  | [Normal]     | 91%    |   17.1ms | a zis de fapt amintești de mine sau cum ...
[GAMING/SUR] | YouTube  | [Normal]     | 94%    |    8.3ms | 10...
[ENTERTAINM] | YouTube  | [Normal]     | 94%    |    7.0ms | congrats...
[GAMING/SUR] | YouTube  | [Normal]     | 92%    |    8.0ms | NO!!! 10 on all...
[PSYCHOLOGY] | YouTube  | [Normal]     | 87%    |    8.5ms | omg i wanna hear her day " get in the ch...
[PSYCHOLOGY] | YouTube  | [Normal]     | 96%    |   12.4ms | :grinning_squinting_face:...
[GAMING/SUR] | YouTube  | [Normal]     | 96%    |   13.6ms | my adhd loves how the power boxes are pe...
[ENTERTAINM] | YouTube  | [Normal]     | 98%    |   13.0ms | :triangular_flag::triangular_flag::trian...
[GAMING/GAM] | YouTube  | [Normal]     | 96%    |   10.5ms | MARK THE RAILING HAS MOVED IN THE STAIRW...
[GAMING/GAM] | YouTube  | [Normal]     | 93%    |   11.7ms | I feel like this game is less scary...
[GAMING/GAM] | YouTube  | [Normal]     | 95%    |   10.5ms | MISSING OBJECT ON THE DESK IN INTERIOR...
[ENTERTAINM] | YouTube  | [Normal]     | 96%    |   13.6ms | New member...
[GAMING/GAM] | YouTube  | [Normal]     | 72%    |   14.0ms | Mark  that broken bit in the stairwell m...
[ENTERTAINM] | YouTube  | [Normal]     | 97%    |   17.0ms | :finger-red-number-one::finger-red-numbe...
[PSYCHOLOGY] | YouTube  | [Normal]     | 68%    |    6.6ms | Enough woman!...
[GAMING/GAM] | YouTube  | [Normal]     | 95%    |   10.0ms | there is a camera anomaly top left...
[GAMING/GAM] | YouTube  | [Normal]     | 97%    |    6.5ms | EXTRA SACK IN BASEMENT...
[ENTERTAINM] | YouTube  | [Normal]     | 93%    |   12.0ms | 70 000!!!!!!!!!!!!!!!!!!!!!!!!!!!!!!!!!!...
[GAMING/GAM] | YouTube  | [Normal]     | 94%    |    6.5ms | missing object  typewriter  desk  interi...
[GAMING/SUR] | YouTube  | [Normal]     | 94%    |    9.0ms | RIP...
[GAMING/GAM] | YouTube  | [Normal]     | 96%    |   11.0ms | STAIRWELL: left side railing moved  INTE...
[ENTERTAINM] | YouTube  | [Normal]     | 89%    |   11.2ms | don't say 67 that's make me uncomfortabl...
[SELF-HELP/] | YouTube  | [Normal]     | 92%    |    9.0ms | Dr K will you make addiction workshop yo...
[GAMING/GAM] | YouTube  | [Normal]     | 94%    |    8.0ms | AAA...
[GAMING/GAM] | YouTube  | [Normal]     | 87%    |   13.0ms | THE BROKEN RAIL IN STAIRWELL IS MOVED...
[ENTERTAINM] | YouTube  | [Normal]     | 97%    |   12.0ms | :red_heart::red_heart::red_heart::red_he...
[GAMING/GAM] | YouTube  | [Normal]     | 95%    |   14.5ms | :rolling_on_the_floor_laughing::rolling_...
[GAMING/GAM] | YouTube  | [Normal]     | 85%    |   10.0ms | DEMON...
[ENTERTAINM] | YouTube  | [Normal]     | 97%    |    7.0ms | Mr beast can I have a cookie...
[GAMING/GAM] | YouTube  | [Normal]     | 95%    |   13.6ms | AAAAAAAAAAA...
[GAMING/GAM] | YouTube  | [Normal]     | 87%    |   75.0ms | I think there's an intruder in the basem...
[GAMING/GAM] | YouTube  | [Normal]     | 94%    |   14.1ms | dear lord...
[NEWS/LIVE ] | YouTube  | [Normal]     | 98%    |   18.6ms | hello?:face-purple-smiling-tears:...
[GAMING/GAM] | YouTube  | [Normal]     | 93%    |   14.1ms | THAT GOT ME...
[PSYCHOLOGY] | YouTube  | [Normal]     | 83%    |   14.5ms | brother fantasy is all we inferior genet...
[MUSIC/CHIL] | YouTube  | [Normal]     | 96%    |   13.0ms | mai shadi karunga tab aogii aap ???:roll...
[GAMING/GAM] | YouTube  | [Normal]     | 96%    |    7.0ms | LMAO...
[ENTERTAINM] | YouTube  | [Normal]     | 98%    |   17.6ms | What country will u visit next :cat-oran...
[PSYCHOLOGY] | YouTube  | [OFFENSIVE]  | 57%    |   13.0ms | shitting on our copium...
[GAMING/GAM] | YouTube  | [Normal]     | 96%    |   12.1ms | I’m back what did I miss...
[PSYCHOLOGY] | YouTube  | [HATE]       | 49%    |   10.0ms | why would they not be?...
[GAMING/GAM] | YouTube  | [Normal]     | 89%    |   70.9ms | THE BBROKEN RAILING IN THE STAIRWELL MOV...
[GAMING/GAM] | YouTube  | [Normal]     | 92%    |   78.3ms | BROKEN RAIL OBJECT MOVEMENT IN STAIRWELL...
[GAMING/GAM] | YouTube  | [Normal]     | 85%    |   13.5ms | DEAD BODY ON CABIN...
[GAMING/GAM] | YouTube  | [Normal]     | 89%    |   10.0ms | long time fan. I have an Unus Annus hood...
[GAMING/GAM] | YouTube  | [Normal]     | 95%    |    9.6ms | smoke in yard...
[ENTERTAINM] | YouTube  | [Normal]     | 94%    |   10.0ms | hi me...
[ENTERTAINM] | YouTube  | [Normal]     | 93%    |   12.6ms | hi from Kurdistan...
[GAMING/SUR] | YouTube  | [Normal]     | 94%    |   16.4ms | @fomo_9386 everyone almost cares...
[EDUCATION/] | YouTube  | [Normal]     | 92%    |   12.0ms | Soundsoudnsidusosudshisjsbssi...
[SELF-HELP/] | YouTube  | [Normal]     | 94%    |   10.7ms | There's downsides...
[GAMING/GAM] | YouTube  | [Normal]     | 91%    |   15.0ms | JESUS THAT ASCARED ME...
[GAMING/GAM] | YouTube  | [Normal]     | 93%    |   10.6ms | desk missing object  interior...
[GAMING/GAM] | YouTube  | [Normal]     | 94%    |   11.1ms | IT DID...
[GAMING/GAM] | YouTube  | [Normal]     | 90%    |   12.5ms | 2 GAS CAN YARD...
[SELF-HELP/] | YouTube  | [OFFENSIVE]  | 35%    |    8.5ms | because intelligence bad...
[GAMING/GAM] | YouTube  | [Normal]     | 94%    |   12.6ms | 30 to go!...
[ENTERTAINM] | YouTube  | [Normal]     | 96%    |   14.6ms | What’s it like having the most subscribe...
[SELF-HELP/] | YouTube  | [HATE]       | 41%    |   10.0ms | because they try to copy others...
[GAMING/GAM] | YouTube  | [Normal]     | 97%    |   15.6ms | markiplier sipping a pina colada on a sh...
[SELF-HELP/] | YouTube  | [Normal]     | 94%    |   11.6ms | suffering that comes with it...
[ENTERTAINM] | YouTube  | [Normal]     | 95%    |   12.1ms | WE NEED GROCERY STORE PART 2...
[GAMING/GAM] | YouTube  | [Normal]     | 94%    |   12.0ms | SLOW DOWWNNN pls :<...
[SELF-HELP/] | YouTube  | [Normal]     | 53%    |   16.0ms | if everyone is a genius then no one is a...
[ENTERTAINM] | YouTube  | [Normal]     | 95%    |   10.0ms | please help...
[SELF-HELP/] | YouTube  | [Normal]     | 42%    |   13.3ms | too high iq is detrimental...
[ENTERTAINM] | YouTube  | [Normal]     | 92%    |   11.1ms | yooooo...
[GAMING/GAM] | YouTube  | [Normal]     | 96%    |    8.0ms | MISSING ITEM BY INTERIOR DESK...
[GAMING/GAM] | YouTube  | [Normal]     | 96%    |    9.7ms | RED HANGING THING MOVING...
[SELF-HELP/] | YouTube  | [Normal]     | 95%    |    7.5ms | 1) it's psuedonormalized to 100  2) iq i...
[GAMING/GAM] | YouTube  | [Normal]     | 95%    |    9.0ms | Railing moved a little...
[GAMING/GAM] | YouTube  | [Normal]     | 97%    |   15.1ms | PAPI HIIII :smiling_face_with_heart_eyes...
[SELF-HELP/] | YouTube  | [Normal]     | 95%    |   78.8ms | Idk...
[SELF-HELP/] | YouTube  | [Normal]     | 72%    |   65.2ms | Because that’s the average duhhh...
[ENTERTAINM] | YouTube  | [Normal]     | 97%    |   13.6ms | هل أنت مسلم...
[PSYCHOLOGY] | YouTube  | [Normal]     | 95%    |   12.9ms | no direct measurements...
[GAMING/GAM] | YouTube  | [Normal]     | 95%    |   14.5ms | the top of the lighthouse down right cor...
[ENTERTAINM] | YouTube  | [Normal]     | 95%    |   13.0ms | Zoybean Pod!!!!...
[GAMING/GAM] | YouTube  | [Normal]     | 96%    |   15.2ms | was the lantern in the interior not on ?...
[GAMING/GAM] | YouTube  | [Normal]     | 96%    |   13.0ms | :_markiSHUSH::_markiDEEP::_markiBRAIN:...
[GAMING/GAM] | YouTube  | [Normal]     | 92%    |   16.8ms | :brain::brain::brain::brain:...
[GAMING/GAM] | YouTube  | [OFFENSIVE]  | 83%    |   12.0ms | @Markiplier  i just watched Iron Lung  h...
[ENTERTAINM] | YouTube  | [Normal]     | 90%    |   12.6ms | ไง...
[GAMING/GAM] | YouTube  | [Normal]     | 91%    |   10.0ms | yeeeeeeeeaaaaaaasssssss...
[ENTERTAINM] | YouTube  | [Normal]     | 53%    |   10.0ms | wsp Jimmmyyy...
[MUSIC/CHIL] | YouTube  | [Normal]     | 96%    |   12.5ms | lovely what happened my crush...
[GAMING/GAM] | YouTube  | [Normal]     | 95%    |   13.3ms | 2Nd!!!!...
[GAMING/GAM] | YouTube  | [Normal]     | 96%    |   16.0ms | it makes me so happy to see mark wearing...
[GAMING/GAM] | YouTube  | [Normal]     | 93%    |   12.0ms | YOU"RE WELCOME...
[GAMING/GAM] | YouTube  | [Normal]     | 91%    |   10.0ms | Helped with the barrels technically too...
[ENTERTAINM] | YouTube  | [Normal]     | 97%    |   21.1ms | :face_screaming_in_fear::face_screaming_...
[GAMING/GAM] | YouTube  | [Normal]     | 92%    |   10.0ms | Woah...
[ENTERTAINM] | YouTube  | [Normal]     | 94%    |   11.6ms | hi...
[SELF-HELP/] | YouTube  | [Normal]     | 94%    |   11.0ms | being smart is stressful and depressing...
[GAMING/GAM] | YouTube  | [Normal]     | 94%    |    9.6ms | Uhhh...
[GAMING/GAM] | YouTube  | [Normal]     | 76%    |   15.0ms | Pig missing in the stairwell...
[ENTERTAINM] | YouTube  | [Normal]     | 93%    |   13.0ms | DANIEL MAU 1JT DOLAR BANG MISTER BIS...
[ENTERTAINM] | YouTube  | [Normal]     | 91%    |   12.4ms | Pakistan...
[GAMING/GAM] | YouTube  | [Normal]     | 92%    |   10.5ms | Did it just make you complete a captcha?...
[GAMING/GAM] | YouTube  | [Normal]     | 94%    |    9.5ms | gross...
[GAMING/SUR] | YouTube  | [Normal]     | 83%    |   13.6ms | omg PEANUT YOURE MAKING IT WAY TO DIFFIC...
[GAMING/SUR] | YouTube  | [Normal]     | 80%    |   11.0ms | half wall the back side...
[GAMING/GAM] | YouTube  | [Normal]     | 58%    |   13.0ms | I swear to shit there is something under...
[GAMING/GAM] | YouTube  | [Normal]     | 61%    |  101.0ms | damn they really did an ARE YOU A ROBOT ...
[ENTERTAINM] | YouTube  | [Normal]     | 91%    |   26.7ms | w...
[GAMING/GAM] | YouTube  | [Normal]     | 79%    |   12.0ms | So many intruders...
[GAMING/GAM] | YouTube  | [Normal]     | 87%    |   13.0ms | Broken rail movement...
[GAMING/GAM] | YouTube  | [Normal]     | 92%    |   17.1ms | Oooo... Don't die in the end... >-<...
[MUSIC/CHIL] | YouTube  | [Normal]     | 89%    |   14.0ms | not good kejtiii you also participate in...
[GAMING/GAM] | YouTube  | [Normal]     | 72%    |   17.0ms | They're throwing everything at you lol...
[GAMING/GAM] | YouTube  | [Normal]     | 91%    |   13.3ms | hey mark I found an anomaly behind you...
[GAMING/GAM] | YouTube  | [Normal]     | 95%    |   15.8ms | THE BAGS IN THE BASEMENT!!!...
[GAMING/GAM] | YouTube  | [Normal]     | 93%    |   11.0ms | The open door is now closed...
[GAMING/GAM] | YouTube  | [Normal]     | 60%    |   12.0ms | Yippeeeeeee...
[ENTERTAINM] | YouTube  | [Normal]     | 95%    |   11.6ms | Love you bro jimmy...
[GAMING/GAM] | YouTube  | [Normal]     | 96%    |    8.0ms | WE WON...
[ENTERTAINM] | YouTube  | [Normal]     | 96%    |   11.5ms | @MrBeast I been watching you since 2022 ...
[ENTERTAINM] | YouTube  | [Normal]     | 96%    |   17.6ms | превет...
[GAMING/GAM] | YouTube  | [Normal]     | 96%    |    8.2ms | this a vibe...
[ENTERTAINM] | YouTube  | [Normal]     | 96%    |    8.5ms | :finger-red-number-one:...
[ENTERTAINM] | YouTube  | [Normal]     | 98%    |   20.7ms | Winning a random person":coconut::coconu...
[ENTERTAINM] | YouTube  | [Normal]     | 91%    |   13.0ms | So  do you think that 1 Billion subs IS ...
[ENTERTAINM] | YouTube  | [Normal]     | 93%    |   10.0ms | hello mr beast...
[ENTERTAINM] | YouTube  | [Normal]     | 95%    |    8.6ms | Congratulations...
[ENTERTAINM] | YouTube  | [Normal]     | 97%    |   12.0ms | I'm 19 years old and I work in a Russian...
[GAMING/GAM] | YouTube  | [Normal]     | 91%    |   13.8ms | W...
[ENTERTAINM] | YouTube  | [Normal]     | 94%    |   12.1ms | :nauseated_face:...
[ENTERTAINM] | YouTube  | [HATE]       | 73%    |    9.8ms | Your the goat...
[GAMING/GAM] | YouTube  | [Normal]     | 83%    |   17.1ms | Dun dun dun dunnnn.. dun dun dun dun...
[SELF-HELP/] | YouTube  | [Normal]     | 98%    |    9.6ms | that a CDO reference?...
[SELF-HELP/] | YouTube  | [Normal]     | 74%    |    9.1ms | no taxes...
[ENTERTAINM] | YouTube  | [Normal]     | 97%    |   10.1ms | :face_with_tears_of_joy::face_with_tears...
[GAMING/GAM] | YouTube  | [Normal]     | 91%    |   11.1ms | W...
[GAMING/GAM] | YouTube  | [Normal]     | 95%    |   12.2ms | NUMBER 1 <3...
[GAMING/GAM] | YouTube  | [Normal]     | 95%    |  111.6ms | Airplane...
[PSYCHOLOGY] | YouTube  | [Normal]     | 50%    |   14.9ms | ok but they're still right about women...
[GAMING/GAM] | YouTube  | [Normal]     | 91%    |   11.6ms | from al the games  which anomaly is ur f...
[ENTERTAINM] | YouTube  | [Normal]     | 96%    |    7.6ms | :grinning_face_with_sweat:...
[GAMING/GAM] | YouTube  | [Normal]     | 93%    |    9.2ms | NO IM NOT A HUMAN MOVIE PLS...
[ENTERTAINM] | YouTube  | [Normal]     | 95%    |    8.6ms | XD...
[GAMING/GAM] | YouTube  | [Normal]     | 95%    |   11.1ms | wow...
[GAMING/GAM] | YouTube  | [Normal]     | 94%    |    9.0ms | I'm going to watch Iron Lung Tomorrow!!!...
[GAMING/GAM] | YouTube  | [Normal]     | 94%    |    8.8ms | COPYRIGHT...
[SELF-HELP/] | YouTube  | [Normal]     | 96%    |    8.7ms | michael burry?...
[GAMING/GAM] | YouTube  | [Normal]     | 96%    |    6.6ms | I just came back from watching Iron Lung...
[GAMING/GAM] | YouTube  | [Normal]     | 95%    |    7.5ms | yay...
[GAMING/GAM] | YouTube  | [Normal]     | 96%    |    8.6ms | when is it coming to BRAZIL?????...
[ENTERTAINM] | YouTube  | [Normal]     | 95%    |    7.0ms | hiiii...
[GAMING/GAM] | YouTube  | [Normal]     | 95%    |    7.0ms | can you do a fnaf live stream soon pleas...
[GAMING/GAM] | YouTube  | [Normal]     | 96%    |    7.0ms | Take it to Spain!!!!...
[ENTERTAINM] | YouTube  | [Normal]     | 94%    |   10.7ms | hi...
[GAMING/SUR] | YouTube  | [Normal]     | 89%    |    8.5ms | DO IT...
[ENTERTAINM] | YouTube  | [Normal]     | 92%    |   10.5ms | Hi mrbeast...
[SELF-HELP/] | YouTube  | [HATE]       | 69%    |   14.1ms | autistic traits lend to higher intellige...
[GAMING/GAM] | YouTube  | [Normal]     | 96%    |   15.0ms | Wait is this Iron Lung??? The #1 movie i...
[ENTERTAINM] | YouTube  | [Normal]     | 92%    |   12.5ms | portugall...
[ENTERTAINM] | YouTube  | [Normal]     | 98%    |   18.5ms | :red_heart::red_heart::red_heart::red_he...
[GAMING/GAM] | YouTube  | [Normal]     | 91%    |    9.0ms | SO MUCH fanart of you in that shirtless ...
[ENTERTAINM] | YouTube  | [Normal]     | 95%    |   12.0ms | ff...
[ENTERTAINM] | YouTube  | [Normal]     | 95%    |    9.6ms | HELLO...
[ENTERTAINM] | YouTube  | [Normal]     | 98%    |   28.8ms | :buffering::stayhome::dothefive::person-...
[GAMING/GAM] | YouTube  | [Normal]     | 97%    |    7.0ms | I saw it today!! I'm so excited it was w...
[GAMING/GAM] | YouTube  | [Normal]     | 96%    |    7.6ms | outer wilds time...
[GAMING/GAM] | YouTube  | [Normal]     | 42%    |   15.6ms | yippeeee!...
[GAMING/GAM] | YouTube  | [Normal]     | 76%    |   14.1ms | WILL YOU WEAR WIGS? WHEN WILL YOU WEAR W...
[GAMING/GAM] | YouTube  | [Normal]     | 97%    |   11.1ms | I enjoyed the movie in Indiana  can’t wa...
[GAMING/SUR] | YouTube  | [Normal]     | 77%    |   10.6ms | That guy is super annoying...
[GAMING/GAM] | YouTube  | [Normal]     | 95%    |  167.0ms | GOODNIGHT...
[GAMING/GAM] | YouTube  | [Normal]     | 61%    |    9.0ms | WE ARE WIENERS...
[GAMING/GAM] | YouTube  | [Normal]     | 95%    |    8.0ms | 1 1 1 1...
[GAMING/GAM] | YouTube  | [Normal]     | 96%    |   12.2ms | Mark I may have spilled some popcorn at ...
[GAMING/GAM] | YouTube  | [Normal]     | 97%    |   16.0ms | Marky moo I love you...
[ENTERTAINM] | YouTube  | [Normal]     | 91%    |   11.0ms | TECHNOBLADE...
[GAMING/SUR] | YouTube  | [Normal]     | 92%    |   12.0ms | oh no...
[GAMING/GAM] | YouTube  | [Normal]     | 93%    |   13.5ms | YAYYY...
[GAMING/GAM] | YouTube  | [Normal]     | 96%    |   12.6ms | :_markiHEART::_markiHEART::_markiHEART:...
[ENTERTAINM] | YouTube  | [Normal]     | 96%    |   11.4ms | New member...
[GAMING/GAM] | YouTube  | [Normal]     | 41%    |   14.0ms | yippee...
[GAMING/GAM] | YouTube  | [Normal]     | 97%    |   14.1ms | Excellent obversation sir :saluting_face...
[GAMING/GAM] | YouTube  | [Normal]     | 96%    |   13.5ms | is it showing in UK???...
[GAMING/GAM] | YouTube  | [Normal]     | 93%    |   11.0ms | iron lung was so good...
[GAMING/GAM] | YouTube  | [Normal]     | 91%    |   11.0ms | WHEN WHEN WHEN...
[GAMING/GAM] | YouTube  | [Normal]     | 86%    |   13.1ms | yeah  I can't leave the house...
[GAMING/SUR] | YouTube  | [Normal]     | 95%    |   12.0ms | Is officer going to join use?...
[MUSIC/CHIL] | YouTube  | [Normal]     | 95%    |   13.8ms | :candy:...
[GAMING/GAM] | YouTube  | [Normal]     | 94%    |   14.0ms | Booo...
[ENTERTAINM] | YouTube  | [Normal]     | 95%    |   10.5ms | Hello...
[MUSIC/CHIL] | YouTube  | [Normal]     | 98%    |   12.6ms | :face-blue-wide-eyes::face-blue-wide-eye...
[PSYCHOLOGY] | YouTube  | [Normal]     | 93%    |   13.2ms | f...
[MUSIC/CHIL] | YouTube  | [Normal]     | 98%    |   12.5ms | :face-blue-wide-eyes::face-blue-wide-eye...
[GAMING/GAM] | YouTube  | [Normal]     | 96%    |   10.0ms | Yeah the big game...
[ENTERTAINM] | YouTube  | [Normal]     | 82%    |   11.0ms | rei gooooooooo...
[ENTERTAINM] | YouTube  | [Normal]     | 94%    |   11.1ms | Hi...
[GAMING/GAM] | YouTube  | [Normal]     | 96%    |   10.6ms | YAY AIRPLANE...
[ENTERTAINM] | YouTube  | [Normal]     | 95%    |   14.6ms | KOSOVO  KOSOVO  KOSOVO  KOSOVO  KOSOVO  ...
[ENTERTAINM] | YouTube  | [Normal]     | 96%    |   14.0ms | sar please take my name my name is Umar...
[GAMING/GAM] | YouTube  | [Normal]     | 91%    |   11.6ms | John lung!...
[ENTERTAINM] | YouTube  | [Normal]     | 95%    |   69.2ms | 88888...
[GAMING/GAM] | YouTube  | [Normal]     | 92%    |   15.1ms | Iron Lung was so good  even though i don...
[ENTERTAINM] | YouTube  | [Normal]     | 97%    |   11.0ms | hiiiii...
[ENTERTAINM] | YouTube  | [HATE]       | 52%    |   63.7ms | @MrBeast You Are The Goat of Youtube:yt:...
[GAMING/SUR] | YouTube  | [Normal]     | 89%    |   46.8ms | WELYNS KNOW WE APPREACIATE YOU...
[GAMING/GAM] | YouTube  | [Normal]     | 97%    |   11.6ms | ah yes my favourite event "the incredibl...
[MUSIC/CHIL] | YouTube  | [Normal]     | 97%    |   13.0ms | lovely :smiling_face_with_heart_eyes:...
[ENTERTAINM] | YouTube  | [Normal]     | 95%    |   11.0ms | said hi...
[GAMING/GAM] | YouTube  | [Normal]     | 94%    |   11.0ms | hi dadaplier...
[GAMING/GAM] | YouTube  | [Normal]     | 92%    |   11.0ms | It’s nudie magazine day!...
[PSYCHOLOGY] | YouTube  | [Normal]     | 84%    |   12.5ms | bro sex is everywhere in US culture. non...
[GAMING/GAM] | YouTube  | [Normal]     | 95%    |   11.0ms | Hellooooo...
[GAMING/GAM] | YouTube  | [Normal]     | 96%    |   19.0ms | THIS IS SO INTERESTING HEARING YOUR THOU...
[GAMING/GAM] | YouTube  | [Normal]     | 96%    |   11.9ms | more or less...
[GAMING/GAM] | YouTube  | [Normal]     | 92%    |   10.3ms | Ye!...
[ENTERTAINM] | YouTube  | [Normal]     | 93%    |   12.5ms | hello Mr beast...
[GAMING/GAM] | YouTube  | [Normal]     | 94%    |   16.6ms | just watch ur movie it was great...
[GAMING/GAM] | YouTube  | [Normal]     | 92%    |   11.0ms | Yeah...
[GAMING/GAM] | YouTube  | [Normal]     | 87%    |   16.6ms | I have low blood sugar I can’t focus i s...
[ENTERTAINM] | YouTube  | [Normal]     | 92%    |   11.1ms | MR BEASTTTTT...
[ENTERTAINM] | YouTube  | [Normal]     | 94%    |   10.8ms | hi...
[GAMING/GAM] | YouTube  | [Normal]     | 98%    |   12.5ms | ONE EXTRA RED LIGHT IN COCKPIT TOP LEFT ...
[GAMING/GAM] | YouTube  | [Normal]     | 93%    |   14.0ms | I wasn’t looking...
[SELF-HELP/] | YouTube  | [Normal]     | 74%    |   15.2ms | you are but im not...
[GAMING/GAM] | YouTube  | [Normal]     | 94%    |   11.0ms | the stairwell railing on the stair broke...
[MUSIC/CHIL] | YouTube  | [Normal]     | 98%    |   11.0ms | hello:hand-pink-waving:...
[GAMING/GAM] | YouTube  | [Normal]     | 80%    |   18.1ms | WE’RE NOT DOGS...
[ENTERTAINM] | YouTube  | [Normal]     | 97%    |   11.5ms | Hello mrbeast I'm from Uzbekistan :blue_...
[MUSIC/CHIL] | YouTube  | [Normal]     | 95%    |   10.1ms | :thinking_face:...
[GAMING/SUR] | YouTube  | [Normal]     | 94%    |   11.7ms | This is differently not gonna be Maduro ...
[MUSIC/CHIL] | YouTube  | [Normal]     | 98%    |   11.6ms | B R B :comet:...
[GAMING/GAM] | YouTube  | [Normal]     | 96%    |   13.1ms | FREDDY!!!!!...
[GAMING/SUR] | YouTube  | [Normal]     | 83%    |   11.5ms | keep gettin it mr nut...
[GAMING/GAM] | YouTube  | [Normal]     | 90%    |   26.5ms | is there a hand by the plane entrance on...
[GAMING/GAM] | YouTube  | [Normal]     | 84%    |   68.8ms | plane says its on time  anomaly planes a...
[ENTERTAINM] | YouTube  | [Normal]     | 94%    |   31.0ms | congragulation...
[GAMING/GAM] | YouTube  | [Normal]     | 92%    |   13.0ms | bathroom floor...
[ENTERTAINM] | YouTube  | [Normal]     | 94%    |   10.1ms | hi...
[ENTERTAINM] | YouTube  | [Normal]     | 86%    |   12.0ms | helo mr beast...
[GAMING/GAM] | YouTube  | [Normal]     | 97%    |   10.5ms | Banana next to mug in the cockpit....
[GAMING/GAM] | YouTube  | [Normal]     | 89%    |    9.0ms | Someone was doing something in that bath...
[ENTERTAINM] | YouTube  | [Normal]     | 97%    |   10.5ms | :balloon::balloon::balloon::balloon::bal...
[GAMING/GAM] | YouTube  | [Normal]     | 93%    |    9.6ms | PERSON IN A SEAT...
[GAMING/GAM] | YouTube  | [Normal]     | 95%    |    6.6ms | Possible extra bottle by the sink in bat...
[GAMING/GAM] | YouTube  | [Normal]     | 92%    |    8.0ms | BATHROOM...
[ENTERTAINM] | YouTube  | [Normal]     | 95%    |    9.0ms | Congrats Jimmy...
[GAMING/GAM] | YouTube  | [Normal]     | 92%    |    7.9ms | mannnn he plays observation duty  but he...
[ENTERTAINM] | YouTube  | [Normal]     | 98%    |   10.0ms | :face-red-heart-shape::face-red-heart-sh...
[GAMING/GAM] | YouTube  | [Normal]     | 87%    |    6.6ms | slender man in gate...
[GAMING/SUR] | YouTube  | [Normal]     | 91%    |    6.5ms | !DISCORD...
[GAMING/GAM] | YouTube  | [Normal]     | 97%    |    8.0ms | I gotta run. have fun everyone. Bye Mark...
[ENTERTAINM] | YouTube  | [Normal]     | 93%    |   11.1ms | Oooo...
[GAMING/GAM] | YouTube  | [Normal]     | 89%    |   10.0ms | Of course there are tissues in the bathr...
[ENTERTAINM] | YouTube  | [Normal]     | 97%    |   18.1ms | everyone loves a good heros journey...
[SPORTS/FOO] | YouTube  | [Normal]     | 96%    |    9.6ms | 지금생방아니에요???...
[GAMING/GAM] | YouTube  | [Normal]     | 55%    |   12.6ms | ALIEN LOOKING THING IN THE BACK OF THE E...
[GAMING/GAM] | YouTube  | [Normal]     | 96%    |    8.0ms | Idk man I just started paying attention...
[GAMING/GAM] | YouTube  | [Normal]     | 93%    |   12.6ms | I may be crazy but banana moved?...
[GAMING/GAM] | YouTube  | [Normal]     | 97%    |   13.0ms | EXTRA PLANE PAINTING IN THE CLASS ON THE...
[ENTERTAINM] | YouTube  | [Normal]     | 95%    |   13.0ms | hello...
[GAMING/GAM] | YouTube  | [Normal]     | 87%    |   12.0ms | Woooooo...
[ENTERTAINM] | YouTube  | [Normal]     | 97%    |   10.0ms | 500M PUSH...
[GAMING/GAM] | YouTube  | [Normal]     | 96%    |   13.0ms | luggage compartment open...
[GAMING/GAM] | YouTube  | [Normal]     | 96%    |   15.1ms | MAY I get banned?...
[MUSIC/CHIL] | YouTube  | [Normal]     | 96%    |   11.0ms | ....
[GAMING/GAM] | YouTube  | [Normal]     | 95%    |   93.7ms | this round's gonna get a ton of bans lma...
[ENTERTAINM] | YouTube  | [Normal]     | 95%    |   85.0ms | JiMMY can I get a shout out pls? and wha...
[GAMING/GAM] | YouTube  | [Normal]     | 91%    |   61.2ms | NO CAMERA SIGN IN BATHROOM...
[PSYCHOLOGY] | YouTube  | [Normal]     | 71%    |    9.0ms | @HealthyGamerGG what about your yourself...
[ENTERTAINM] | YouTube  | [Normal]     | 97%    |   12.7ms | SHOUT OUT PLEASE ALL THE WAY FROM SOUTH ...
[ENTERTAINM] | YouTube  | [Normal]     | 95%    |   17.0ms | Mr beast can you please give me an ipad ...
[ENTERTAINM] | YouTube  | [Normal]     | 96%    |   12.6ms | XDXDXD...
[GAMING/GAM] | YouTube  | [Normal]     | 94%    |   14.0ms | BOX IN TOP LEFT LOOKS SUSPICIOUS...
[ENTERTAINM] | YouTube  | [Normal]     | 83%    |   12.6ms | Korea...
[GAMING/GAM] | YouTube  | [Normal]     | 93%    |   15.0ms | what has been your favorite horror game?...
[GAMING/GAM] | YouTube  | [HATE]       | 41%    |   12.0ms | what if they british? so social security...
[NEWS/LIVE ] | YouTube  | [Normal]     | 74%    |   10.1ms | STOP THE GENOCIDE...
[GAMING/GAM] | YouTube  | [OFFENSIVE]  | 87%    |   13.0ms | bro's stealing CaseOh's linesssss...
[GAMING/GAM] | YouTube  | [Normal]     | 91%    |   11.6ms | tuff...
[GAMING/SUR] | YouTube  | [Normal]     | 89%    |   10.0ms | @traviii420 such a bad game...
[ENTERTAINM] | YouTube  | [Normal]     | 96%    |    8.0ms | hii sir...
[PSYCHOLOGY] | YouTube  | [Normal]     | 96%    |   10.5ms | 20 milly!...
[ENTERTAINM] | YouTube  | [Normal]     | 97%    |   10.0ms | Video coming in the world cup topic?...
[NEWS/LIVE ] | YouTube  | [Normal]     | 96%    |   14.3ms | :saluting_face:...
[ENTERTAINM] | YouTube  | [Normal]     | 86%    |   12.6ms | YOOOO MRBEAST WSGG HOMIE...
[GAMING/GAM] | YouTube  | [Normal]     | 92%    |   10.0ms | EEYUCK...
[GAMING/GAM] | YouTube  | [Normal]     | 84%    |   11.6ms | BAN...
[GAMING/GAM] | YouTube  | [Normal]     | 95%    |   11.5ms | Extra bag economy class near exist...
[GAMING/GAM] | YouTube  | [Normal]     | 97%    |   11.0ms | coffee cup cockpit...
[GAMING/GAM] | YouTube  | [Normal]     | 95%    |   11.0ms | Paper in seat back...
[MUSIC/CHIL] | YouTube  | [Normal]     | 90%    |   13.0ms | oxigen :loudly_crying_face: yes u should...
[SELF-HELP/] | YouTube  | [Normal]     | 90%    |   13.7ms | how to solve rumination...
[ENTERTAINM] | YouTube  | [Normal]     | 96%    |   16.0ms | can you lower the cost of festable in in...
[ENTERTAINM] | YouTube  | [Normal]     | 97%    |   10.5ms | Love From India...
[ENTERTAINM] | YouTube  | [Normal]     | 83%    |   14.0ms | Your hard work really payoff mr beast...
[GAMING/GAM] | YouTube  | [Normal]     | 95%    |   14.4ms | window by the gate...
[MUSIC/CHIL] | YouTube  | [HATE]       | 62%    |   15.2ms | No fights no friend neutral Raggy today ...
[ENTERTAINM] | YouTube  | [Normal]     | 98%    |   23.2ms | :red_heart::red_heart::red_heart::red_he...
[ENTERTAINM] | YouTube  | [Normal]     | 96%    |   22.8ms | can you make more smaller videos like yo...
[GAMING/GAM] | YouTube  | [Normal]     | 97%    |   14.7ms | Gate entrance lights swapped I think?...
[GAMING/GAM] | YouTube  | [Normal]     | 91%    |   18.4ms | Mark is going mad with power...
[GAMING/GAM] | YouTube  | [Normal]     | 49%    |   20.6ms | Help  why did he ban the actual person f...
[GAMING/GAM] | YouTube  | [Normal]     | 97%    |   19.1ms | Extra bottle on table with donuts?...
[ENTERTAINM] | YouTube  | [Normal]     | 88%    |   17.5ms | BEAST ARE YOU COMING TO WATCH THE WORLD ...
[GAMING/GAM] | YouTube  | [Normal]     | 96%    |   22.5ms | BClass extra hatch open...
[GAMING/GAM] | YouTube  | [Normal]     | 88%    |   25.1ms | over head compartment is missing in busi...
[ENTERTAINM] | YouTube  | [Normal]     | 96%    |   22.0ms | 500 m subs congratulations...
[GAMING/GAM] | YouTube  | [Normal]     | 95%    |   22.1ms | Person in top window of gate?...
[GAMING/GAM] | YouTube  | [OFFENSIVE]  | 86%    |    8.2ms | helllooo...
[MUSIC/CHIL] | YouTube  | [Normal]     | 98%    |    9.0ms | :face-blue-wide-eyes::face-blue-wide-eye...
[GAMING/GAM] | YouTube  | [Normal]     | 97%    |    9.6ms | the second purse is missing??...
[GAMING/GAM] | YouTube  | [Normal]     | 97%    |    8.0ms | extra open storage b class...
[ENTERTAINM] | YouTube  | [Normal]     | 96%    |    9.5ms | 500 000 000 let's go...
[GAMING/GAM] | YouTube  | [Normal]     | 97%    |   10.0ms | EXTRA PLANE PAINTING IN THE CLASS ON THE...
[ENTERTAINM] | YouTube  | [Normal]     | 95%    |   11.2ms | 67...
[ENTERTAINM] | YouTube  | [Normal]     | 92%    |   20.1ms | Hii you are the best...
[SELF-HELP/] | YouTube  | [Normal]     | 97%    |   24.8ms | @crowserainance Dr K said 80% of his pro...
[ENTERTAINM] | YouTube  | [Normal]     | 86%    |   15.1ms | yo...
[GAMING/SUR] | YouTube  | [Normal]     | 72%    |   19.0ms | ChinaNo1...
[GAMING/GAM] | YouTube  | [Normal]     | 97%    |   16.1ms | COCKPIT FLOOR...
[ENTERTAINM] | YouTube  | [Normal]     | 97%    |   36.8ms | @MrBeast Congrats on the road to 500M su...
[GAMING/SUR] | YouTube  | [Normal]     | 92%    |   46.1ms | EAT...
[GAMING/GAM] | YouTube  | [Normal]     | 95%    |   77.2ms | POSTER NEXT TO RIGHT WINDOW BUSINESS CLA...
[GAMING/GAM] | YouTube  | [Normal]     | 97%    |   83.7ms | collectable?...
[GAMING/SUR] | YouTube  | [Normal]     | 97%    |   42.1ms | welyn is pretty strong in the gym....
[ENTERTAINM] | YouTube  | [OFFENSIVE]  | 86%    |   14.1ms | ive been here since 1mil this 500mil is ...
[GAMING/GAM] | YouTube  | [Normal]     | 97%    |   11.1ms | Light shining through the cockpit...
[GAMING/SUR] | YouTube  | [Normal]     | 92%    |   13.5ms | I wasnt looking...
[GAMING/GAM] | YouTube  | [Normal]     | 93%    |   11.0ms | toilet paper in restroom...
[MUSIC/CHIL] | YouTube  | [Normal]     | 98%    |   11.0ms | :musical_notes::rose::cloud:...
[GAMING/SUR] | YouTube  | [Normal]     | 91%    |   13.0ms | i saw a turrent...
[GAMING/GAM] | YouTube  | [Normal]     | 79%    |   11.0ms | spooky...
[MUSIC/CHIL] | YouTube  | [Normal]     | 96%    |   15.0ms | aunque sean del espacio...
[ENTERTAINM] | YouTube  | [Normal]     | 96%    |   10.0ms | Jeeez...
[ENTERTAINM] | YouTube  | [Normal]     | 98%    |   10.0ms | As you soon reach 500 million subscriber...
[PSYCHOLOGY] | YouTube  | [Normal]     | 96%    |   13.6ms | @VenaraEchoes monk-mode solitude and ref...
[ENTERTAINM] | YouTube  | [Normal]     | 51%    |   15.5ms | pls can you give me most expensive PUBG ...
[ENTERTAINM] | YouTube  | [Normal]     | 95%    |   13.1ms | @MrBeast ever faked video?...
[ENTERTAINM] | YouTube  | [Normal]     | 97%    |   15.4ms | I love you Madina:red_heart:...
[ENTERTAINM] | YouTube  | [Normal]     | 93%    |    8.5ms | ДРАСТІ...
[GAMING/GAM] | YouTube  | [Normal]     | 81%    |   10.0ms | TOILET...
[ENTERTAINM] | YouTube  | [Normal]     | 85%    |   12.0ms | wooooow...
[ENTERTAINM] | YouTube  | [Normal]     | 80%    |   13.0ms | 25K to goooooooooooooo!!!!!!!!!!!!!!!...
[ENTERTAINM] | YouTube  | [Normal]     | 95%    |   23.5ms | :thumbs_up::thumbs_up::thumbs_up::thumbs...
[ENTERTAINM] | YouTube  | [Normal]     | 95%    |   10.0ms | hellooo...
[GAMING/SUR] | YouTube  | [Normal]     | 73%    |   12.0ms | hutch scrap them...
[GAMING/GAM] | YouTube  | [Normal]     | 93%    |   12.0ms | the signs in the bathroom...
[MUSIC/CHIL] | YouTube  | [Normal]     | 97%    |   11.2ms | :beer_mug::beer_mug::person_kneeling:...
[ENTERTAINM] | YouTube  | [Normal]     | 95%    |   10.0ms | 67...
[ENTERTAINM] | YouTube  | [Normal]     | 96%    |    9.5ms | love you...
[GAMING/GAM] | YouTube  | [Normal]     | 98%    |   12.0ms | B CLASS GREEN LIGHTS...
[GAMING/GAM] | YouTube  | [Normal]     | 97%    |   10.9ms | cockpit blanket on floor...
[GAMING/SUR] | YouTube  | [Normal]     | 94%    |    7.5ms | code leaked...
[MUSIC/CHIL] | YouTube  | [Normal]     | 98%    |   13.5ms | lilu :face_with_tears_of_joy:pgl h thoda...
[GAMING/SUR] | YouTube  | [Normal]     | 85%    |   42.0ms | As long as it’s not the door codes too. ...
[GAMING/GAM] | YouTube  | [Normal]     | 92%    |   83.6ms | just got home from work glad to spend my...
[GAMING/SUR] | YouTube  | [Normal]     | 97%    |   12.5ms | Like Minecraft on Fent?...
[MUSIC/CHIL] | YouTube  | [Normal]     | 98%    |   12.0ms | SANA TC  Enjoy your evening :sparkles::c...
[ENTERTAINM] | YouTube  | [Normal]     | 96%    |   10.5ms | hi i am korean...
[ENTERTAINM] | YouTube  | [Normal]     | 96%    |   11.0ms | New member...
[GAMING/GAM] | YouTube  | [Normal]     | 94%    |   12.0ms | Economy class white cup...
[GAMING/GAM] | YouTube  | [Normal]     | 92%    |   14.0ms | THERES A MIRROR IN THE TOILET MARKIPLIER...
[GAMING/SUR] | YouTube  | [Normal]     | 73%    |    9.6ms | "FREE WORKER CAMP"...
[GAMING/GAM] | YouTube  | [Normal]     | 88%    |    7.0ms | Intruder top left...
[ENTERTAINM] | YouTube  | [Normal]     | 94%    |   18.5ms | all my accounts are subscribed now  just...
[GAMING/SUR] | YouTube  | [Normal]     | 90%    |   12.0ms | You aren't cooking literally enough. Bro...
[ENTERTAINM] | YouTube  | [Normal]     | 97%    |   13.0ms | hai am from Kerala...
[GAMING/GAM] | YouTube  | [Normal]     | 97%    |   13.6ms | CUP ON TRAY TABLE IN ECON CLASS...
[GAMING/SUR] | YouTube  | [Normal]     | 46%    |   12.0ms | WE WANT PRISONERS...
[GAMING/SUR] | YouTube  | [Normal]     | 95%    |   13.1ms | no big arch?...
[PSYCHOLOGY] | YouTube  | [Normal]     | 94%    |   11.1ms | oops...
[ENTERTAINM] | YouTube  | [Normal]     | 96%    |   12.6ms | :hundred_points::hundred_points::hundred...
[ENTERTAINM] | YouTube  | [Normal]     | 95%    |   11.0ms | done...
[GAMING/GAM] | YouTube  | [Normal]     | 98%    |   13.0ms | Were the boarding gate/termnials always ...
[ENTERTAINM] | YouTube  | [Normal]     | 90%    |   13.0ms | bro you cooked...
[SPORTS/FOO] | YouTube  | [Normal]     | 97%    |   15.3ms | تحيا مصر دااااائما وااااابدا...
[GAMING/GAM] | YouTube  | [Normal]     | 57%    |   12.0ms | lets goooooooooo...
[GAMING/SUR] | YouTube  | [Normal]     | 97%    |   11.6ms | I got my big macs!...
[ENTERTAINM] | YouTube  | [Normal]     | 93%    |   13.5ms | @MrBeast BEEN SUBBED SINCE 2019! LOVE U ...
[SELF-HELP/] | YouTube  | [Normal]     | 95%    |   10.6ms | hello...
[NEWS/LIVE ] | YouTube  | [Normal]     | 95%    |   12.5ms | I mistyped because I have BIG hands lol...
[NEWS/LIVE ] | YouTube  | [Normal]     | 97%    |   11.6ms | :people_hugging: :hugging_face: :open_ha...
[NEWS/LIVE ] | YouTube  | [Normal]     | 98%    |   15.0ms | lol exactly bro:hands-yellow-heart-red:...
[GAMING/SUR] | YouTube  | [Normal]     | 86%    |   12.0ms | yo...
[GAMING/SUR] | YouTube  | [Normal]     | 87%    |   12.0ms | LETSSS RIIIIDE!!!...
[GAMING/SUR] | YouTube  | [Normal]     | 98%    |   25.1ms | :face-blue-wide-eyes::face-blue-wide-eye...
[GAMING/SUR] | YouTube  | [Normal]     | 93%    |   12.0ms | USA USA USA...
[GAMING/SUR] | YouTube  | [Normal]     | 63%    |   13.1ms | Goop goop...
[MUSIC/CHIL] | YouTube  | [Normal]     | 96%    |   40.4ms | best thi pr wo...
[GAMING/SUR] | YouTube  | [Normal]     | 94%    |  139.3ms | Ride harder...
[MUSIC/CHIL] | YouTube  | [Normal]     | 97%    |   13.0ms | abe chal na :face_with_tears_of_joy:...
[SELF-HELP/] | YouTube  | [Normal]     | 97%    |   12.0ms | is it a domestic flight?...
[GAMING/SUR] | YouTube  | [Normal]     | 60%    |   11.2ms | Let’s goooooooooo...
[GAMING/SUR] | YouTube  | [OFFENSIVE]  | 68%    |    8.1ms | :_LetsGo::_LetsGo::_LetsGo::_LetsRide::_...
[GAMING/SUR] | YouTube  | [Normal]     | 93%    |    8.6ms | yeeeeeeeeeeeeeeeeee...
[GAMING/SUR] | YouTube  | [OFFENSIVE]  | 73%    |   12.5ms | LETSSS GOOOOOOOOOOOOOO...
[MUSIC/CHIL] | YouTube  | [Normal]     | 86%    |   10.6ms | ha leave it...
[GAMING/SUR] | YouTube  | [Normal]     | 88%    |   10.5ms | Thank god I don’t gotta watch hutch...
[GAMING/SUR] | YouTube  | [Normal]     | 86%    |   11.6ms | SLUR SATURDAY...
[GAMING/SUR] | YouTube  | [Normal]     | 94%    |   14.9ms | :fire::fire::fire::fire::fire::fire::fir...
[GAMING/SUR] | YouTube  | [Normal]     | 95%    |   14.8ms | Hopefully he isn’t half asleep still :fa...
[MUSIC/CHIL] | YouTube  | [Normal]     | 96%    |   12.0ms | Nikita hy...
[GAMING/SUR] | YouTube  | [OFFENSIVE]  | 50%    |   15.2ms | godll cut ya down...
[GAMING/SUR] | YouTube  | [Normal]     | 95%    |   15.8ms | WWWWWWWWWWWWWWWWWW...
[GAMING/SUR] | YouTube  | [Normal]     | 86%    |    9.9ms | bungus...
[MUSIC/CHIL] | YouTube  | [Normal]     | 96%    |    9.3ms | 300 € tamborilero...
[MUSIC/CHIL] | YouTube  | [Normal]     | 74%    |   20.4ms | abhy lol :woman_shrugging:...
[GAMING/SUR] | YouTube  | [OFFENSIVE]  | 58%    |   10.3ms | Where’s Gingy?...
[GAMING/SUR] | YouTube  | [Normal]     | 79%    |    9.1ms | What happened to your whiskey throat?...
[GAMING/SUR] | YouTube  | [Normal]     | 94%    |    7.6ms | W HUTCH...
[GAMING/SUR] | YouTube  | [Normal]     | 67%    |   14.6ms | Letssssss rideeeee...
[GAMING/SUR] | YouTube  | [Normal]     | 71%    |    8.1ms | Gingy and Rogue...
[GAMING/SUR] | YouTube  | [Normal]     | 90%    |   10.0ms | Gingy and rogue are the real mvps...
[GAMING/SUR] | YouTube  | [Normal]     | 93%    |   10.5ms | Gingy and rouge have done a lot of work...
[GAMING/SUR] | YouTube  | [Normal]     | 96%    |    9.0ms | lol...
[GAMING/SUR] | YouTube  | [Normal]     | 85%    |   11.6ms | yes she was rusted out...
[GAMING/SUR] | YouTube  | [Normal]     | 97%    |   10.1ms | I love rust so much lol...
[GAMING/SUR] | YouTube  | [Normal]     | 97%    |    8.0ms | :crown::crown: LONG LIVE THE KING PEANUT...
[GAMING/SUR] | YouTube  | [Normal]     | 94%    |   14.0ms | nice...
[PSYCHOLOGY] | YouTube  | [Normal]     | 96%    |   10.1ms | aaaaalrighty chat...
[GAMING/SUR] | YouTube  | [Normal]     | 87%    |   99.4ms | Hutch is focused to the bungus...
[GAMING/SUR] | YouTube  | [Normal]     | 92%    |   45.2ms | You left a door open...
[MUSIC/CHIL] | YouTube  | [Normal]     | 96%    |   18.6ms | sam ila matladte ninnu annaya :pensive_f...
[PSYCHOLOGY] | YouTube  | [Normal]     | 97%    |   15.0ms | StreamElements bot running :robot: - Lea...
[GAMING/SUR] | YouTube  | [Normal]     | 96%    |   10.8ms | WHEEL OF FORTUNE...
[GAMING/SUR] | YouTube  | [Normal]     | 92%    |   14.5ms | Just yesterday they had sticks and stone...
[GAMING/SUR] | YouTube  | [Normal]     | 95%    |   12.6ms | DELIRIOUS...
[MUSIC/CHIL] | YouTube  | [Normal]     | 97%    |    9.0ms | Shivani uttrakhand...
[MUSIC/CHIL] | YouTube  | [Normal]     | 98%    |   11.3ms | :musical_score:...
[GAMING/SUR] | YouTube  | [Normal]     | 91%    |   10.0ms | Door...
[GAMING/SUR] | YouTube  | [Normal]     | 92%    |    9.4ms | Gate...
[GAMING/SUR] | YouTube  | [OFFENSIVE]  | 98%    |   13.0ms | H20 STARTED THIS SHIT :face_with_tears_o...
[GAMING/SUR] | YouTube  | [Normal]     | 92%    |   13.1ms | Tim aint getting on tonight...
[MUSIC/CHIL] | YouTube  | [OFFENSIVE]  | 95%    |   15.0ms | Aha...so How much do you charge for suck...
[MUSIC/CHIL] | YouTube  | [Normal]     | 95%    |   11.0ms | hi fred...
[MUSIC/CHIL] | YouTube  | [Normal]     | 97%    |   15.9ms | evar calls anta ganam :alien_monster::fa...
[MUSIC/CHIL] | YouTube  | [Normal]     | 93%    |   13.6ms | hm...
[GAMING/SUR] | YouTube  | [Normal]     | 94%    |   15.1ms | I bet mfrs in that base...
[GAMING/SUR] | YouTube  | [Normal]     | 96%    |   16.6ms | :_Dance::_Dance::_Dance::_Dance::_Dance:...
[MUSIC/CHIL] | YouTube  | [Normal]     | 97%    |   11.2ms | pranam leni paddati kosam pranam una pra...
[MUSIC/CHIL] | YouTube  | [Normal]     | 96%    |   10.0ms | anyone known?...
[GAMING/SUR] | YouTube  | [Normal]     | 93%    |   12.0ms | ARC RAIDERS...
[GAMING/SUR] | YouTube  | [Normal]     | 90%    |   18.0ms | Hutch and gingy got a air strike...
[GAMING/SUR] | YouTube  | [Normal]     | 87%    |   13.0ms | HUTCH HAS A BOBCAT...
[SELF-HELP/] | YouTube  | [Normal]     | 88%    |   12.0ms | andddd something happened...
[GAMING/SUR] | YouTube  | [Normal]     | 95%    |   13.6ms | RIP JOE ROGAN :(...
[GAMING/SUR] | YouTube  | [Normal]     | 80%    |   15.1ms | Hutch is naked hahahahha lookin a little...
[GAMING/SUR] | YouTube  | [Normal]     | 94%    |   10.7ms | Bro built a city...
[GAMING/SUR] | YouTube  | [OFFENSIVE]  | 56%    |    8.2ms | no way were on already haha...
[GAMING/SUR] | YouTube  | [Normal]     | 95%    |    8.5ms | its in the train at the bottom...
[GAMING/SUR] | YouTube  | [Normal]     | 38%    |   13.0ms | Bandit camp...
[GAMING/SUR] | YouTube  | [Normal]     | 93%    |   66.2ms | Get stimpee in here...
[MUSIC/CHIL] | YouTube  | [Normal]     | 95%    |   91.0ms | yeah Halinkan nice pic :winking_face:...
[GAMING/SUR] | YouTube  | [Normal]     | 97%    |   67.8ms | :smiling_face_with_hearts::smiling_face_...
[PSYCHOLOGY] | YouTube  | [Normal]     | 87%    |   10.3ms | @Hanne908 Good for you ! And proud of yo...
[PSYCHOLOGY] | YouTube  | [Normal]     | 96%    |   10.0ms | hahah.. whoopsie :p...
[GAMING/SUR] | YouTube  | [Normal]     | 94%    |   11.1ms | On the ground...
[MUSIC/CHIL] | YouTube  | [Normal]     | 97%    |   10.1ms | Idi deeni musala bf chi nee amma...
[NEWS/LIVE ] | YouTube  | [Normal]     | 97%    |   11.0ms | wow it still works......
[GAMING/SUR] | YouTube  | [Normal]     | 97%    |   13.0ms | invite h20...
[GAMING/SUR] | YouTube  | [Normal]     | 93%    |   10.8ms | Lower level...
[GAMING/SUR] | YouTube  | [Normal]     | 97%    |   13.1ms | ground floor in the train...
[GAMING/SUR] | YouTube  | [Normal]     | 94%    |   13.2ms | diarrhea duo...
[GAMING/SUR] | YouTube  | [Normal]     | 97%    |   11.7ms | it's on the ground floor!!!!...
[GAMING/SUR] | YouTube  | [Normal]     | 93%    |   12.5ms | Southside...
[PSYCHOLOGY] | YouTube  | [Normal]     | 64%    |    8.0ms | Lets fkng gooooo...
[GAMING/SUR] | YouTube  | [Normal]     | 95%    |    8.0ms | delirious...
[NEWS/LIVE ] | YouTube  | [Normal]     | 95%    |    8.5ms | yeah we want Irish success stories...
[GAMING/SUR] | YouTube  | [Normal]     | 76%    |    8.3ms | These naked bodies crack me up...
[GAMING/SUR] | YouTube  | [Normal]     | 96%    |   12.4ms | oh its h20 lol...
[PSYCHOLOGY] | YouTube  | [Normal]     | 91%    |    8.5ms | lesgoo...
[GAMING/SUR] | YouTube  | [Normal]     | 96%    |   10.5ms | h20!!!...
[GAMING/SUR] | YouTube  | [Normal]     | 94%    |    8.0ms | No way that’s delirious LMAO...
[GAMING/SUR] | YouTube  | [Normal]     | 90%    |    7.0ms | you cant miss that voice...
[PSYCHOLOGY] | YouTube  | [Normal]     | 95%    |    9.0ms | :crying_face:...
[GAMING/SUR] | YouTube  | [Normal]     | 94%    |    7.0ms | 3...
[GAMING/SUR] | YouTube  | [Normal]     | 94%    |    9.0ms | 3...
[GAMING/SUR] | YouTube  | [Normal]     | 94%    |    7.6ms | 1...
[PSYCHOLOGY] | YouTube  | [Normal]     | 95%    |    8.0ms | Julieeeeee~...
[GAMING/SUR] | YouTube  | [Normal]     | 96%    |    8.5ms | is that the original h20 delerious?...
[MUSIC/CHIL] | YouTube  | [Normal]     | 95%    |   10.0ms | .......
[GAMING/SUR] | YouTube  | [Normal]     | 96%    |    7.6ms | lol...
[GAMING/SUR] | YouTube  | [Normal]     | 89%    |   13.0ms | LLOL THE IMMIDIATE GOOP REACTION...
[GAMING/SUR] | YouTube  | [Normal]     | 97%    |   16.6ms | :face-green-smiling::face-green-smiling:...
[GAMING/SUR] | YouTube  | [Normal]     | 93%    |   10.6ms | clip it...
[SELF-HELP/] | YouTube  | [Normal]     | 97%    |   66.5ms | when does the stream start again?...
[GAMING/SUR] | YouTube  | [Normal]     | 88%    |   83.1ms | Loot him...
[GAMING/SUR] | YouTube  | [Normal]     | 95%    |   11.6ms | Lmaooooo...
[GAMING/SUR] | YouTube  | [Normal]     | 94%    |   11.0ms | 1...
[MUSIC/CHIL] | YouTube  | [Normal]     | 94%    |   14.0ms | Suz*...
[GAMING/SUR] | YouTube  | [Normal]     | 94%    |   11.0ms | 10...
[MUSIC/CHIL] | YouTube  | [Normal]     | 98%    |   15.8ms | :rose::musical_notes::cloud:...
[PSYCHOLOGY] | YouTube  | [Normal]     | 93%    |   15.5ms | yo dr k im almost certain that im a lost...
[GAMING/SUR] | YouTube  | [Normal]     | 94%    |   15.5ms | lmfaooooo...
[GAMING/SUR] | YouTube  | [Normal]     | 90%    |   13.5ms | WHHHHHHHHHHHHHHHHHHHHAAAAAAAAAAAT...
[MUSIC/CHIL] | YouTube  | [Normal]     | 95%    |   11.8ms | Na brathuku...
[GAMING/SUR] | YouTube  | [OFFENSIVE]  | 49%    |   15.6ms | RIGGGGEDDDDDDD...
[GAMING/SUR] | YouTube  | [Normal]     | 84%    |   16.0ms | Go all innnnn...
[MUSIC/CHIL] | YouTube  | [Normal]     | 96%    |   12.8ms | Vani busy rhta hu :face_with_hand_over_m...
[GAMING/SUR] | YouTube  | [Normal]     | 95%    |   14.0ms | flap flap flap...
[PSYCHOLOGY] | YouTube  | [Normal]     | 96%    |   17.0ms | guide helped in pick up on cue to keep p...
[GAMING/SUR] | YouTube  | [Normal]     | 89%    |   12.5ms | chase it...
[GAMING/SUR] | YouTube  | [Normal]     | 95%    |   12.0ms | what are you clapping with?...
[GAMING/SUR] | YouTube  | [OFFENSIVE]  | 97%    |   14.6ms | @Leafy-o1n are you always a twat? i know...
[GAMING/SUR] | YouTube  | [Normal]     | 96%    |   11.0ms | I LOVE BLACK JACK...
[GAMING/SUR] | YouTube  | [Normal]     | 96%    |   10.0ms | AHAHAH...
[GAMING/SUR] | YouTube  | [Normal]     | 96%    |   11.6ms | lmao...
[GAMING/SUR] | YouTube  | [Normal]     | 87%    |   10.1ms | ooof...
[GAMING/SUR] | YouTube  | [Normal]     | 96%    |   13.6ms | lol...
[MUSIC/CHIL] | YouTube  | [Normal]     | 96%    |   14.0ms | :grinning_squinting_face:...
[GAMING/SUR] | YouTube  | [Normal]     | 93%    |    8.0ms | get rekt...
[GAMING/SUR] | YouTube  | [Normal]     | 97%    |   10.5ms | top tier!...
[SELF-HELP/] | YouTube  | [Normal]     | 96%    |   11.2ms | Hello dr.k...
[GAMING/SUR] | YouTube  | [Normal]     | 92%    |   13.1ms | hAHAHAHHAHAHA...
[GAMING/SUR] | YouTube  | [HATE]       | 48%    |   14.0ms | dumb and poor...
[PSYCHOLOGY] | YouTube  | [Normal]     | 96%    |   19.6ms | :robot::skull_and_crossbones::skull_and_...
[SELF-HELP/] | YouTube  | [Normal]     | 86%    |   97.3ms | YO...
[PSYCHOLOGY] | YouTube  | [Normal]     | 75%    |   84.7ms | How helpful is this for those who have p...
[GAMING/SUR] | YouTube  | [Normal]     | 95%    |   30.6ms | i knew this would happen with these 2...
[GAMING/SUR] | YouTube  | [Normal]     | 91%    |    7.0ms | W...
[GAMING/SUR] | YouTube  | [Normal]     | 96%    |   13.6ms | lol everyone gonna get on and there will...
[GAMING/SUR] | YouTube  | [Normal]     | 87%    |    7.0ms | Yesss...
[GAMING/SUR] | YouTube  | [HATE]       | 87%    |    7.5ms | CRACKHEAD...
[SELF-HELP/] | YouTube  | [Normal]     | 95%    |    9.0ms | o/...
[GAMING/SUR] | YouTube  | [Normal]     | 97%    |   16.0ms | This stream Brought to your by Kalshi...
[PSYCHOLOGY] | YouTube  | [Normal]     | 96%    |   12.0ms | which ones?...
[SELF-HELP/] | YouTube  | [Normal]     | 82%    |   12.0ms | How are you doing man on the internet...
[SELF-HELP/] | YouTube  | [Normal]     | 95%    |    9.5ms | hellooo...
[GAMING/SUR] | YouTube  | [Normal]     | 95%    |   15.5ms | Waiting for Peanut to tear down the cast...
[PSYCHOLOGY] | YouTube  | [Normal]     | 94%    |   14.0ms | @atomicaxioms which one of your testicle...
[SELF-HELP/] | YouTube  | [Normal]     | 90%    |   14.6ms | Im a sith...
[GAMING/SUR] | YouTube  | [OFFENSIVE]  | 47%    |   11.0ms | sadge nut...
[MUSIC/CHIL] | YouTube  | [Normal]     | 96%    |   10.6ms | Saransh ?...
[MUSIC/CHIL] | YouTube  | [Normal]     | 92%    |   13.4ms | whre u from shikha...
[SELF-HELP/] | YouTube  | [Normal]     | 95%    |   11.7ms | _/\_...
[GAMING/SUR] | YouTube  | [Normal]     | 72%    |   13.5ms | YOU BETTER WIN DUDE...
[GAMING/SUR] | YouTube  | [OFFENSIVE]  | 46%    |   13.0ms | IDIOTS...
[MUSIC/CHIL] | YouTube  | [Normal]     | 97%    |   12.5ms | :card-red-penalty:...
[GAMING/SUR] | YouTube  | [OFFENSIVE]  | 73%    |   11.5ms | HELL YEAH RIP THAT SHIT...
[GAMING/SUR] | YouTube  | [Normal]     | 93%    |   15.0ms | let it riiide...
[MUSIC/CHIL] | YouTube  | [Normal]     | 95%    |   13.0ms | Edaina moham paina adigeyi...
[GAMING/SUR] | YouTube  | [Normal]     | 79%    |   12.2ms | gambling away the family fortune...
[GAMING/SUR] | YouTube  | [Normal]     | 97%    |   12.0ms | Will be trading in there base at this ra...
[GAMING/SUR] | YouTube  | [Normal]     | 93%    |   12.5ms | rofl...
[ENTERTAINM] | YouTube  | [Normal]     | 95%    |   13.0ms | казакстан...
[MUSIC/CHIL] | YouTube  | [Normal]     | 96%    |   11.1ms | Adigeyi apaku...
[SELF-HELP/] | YouTube  | [Normal]     | 98%    |   16.0ms | I'll win the world cup...
[NEWS/LIVE ] | YouTube  | [Normal]     | 95%    |   11.6ms | Apparently IQ can drop twenty points due...
[SELF-HELP/] | YouTube  | [Normal]     | 74%    |   10.0ms | portugal lessgo...
[GAMING/SUR] | YouTube  | [Normal]     | 84%    |  124.3ms | Gambling is bad  okay? Don’t try this at...
[PSYCHOLOGY] | YouTube  | [Normal]     | 96%    |   17.0ms | Did he made these up...
[MUSIC/CHIL] | YouTube  | [Normal]     | 95%    |    8.0ms | Orini...
[GAMING/SUR] | YouTube  | [Normal]     | 88%    |   13.0ms | just go disintegrate a small 2x2...
[ENTERTAINM] | YouTube  | [Normal]     | 91%    |   11.6ms | yo jimmy...
[ENTERTAINM] | YouTube  | [Normal]     | 93%    |    9.5ms | late...
[PSYCHOLOGY] | YouTube  | [Normal]     | 90%    |   12.0ms | You have to be in a decent place mentall...
[GAMING/SUR] | YouTube  | [Normal]     | 45%    |   13.0ms | being sore losers literally ruined the s...
[ENTERTAINM] | YouTube  | [Normal]     | 92%    |   11.0ms | low audio...
[ENTERTAINM] | YouTube  | [OFFENSIVE]  | 47%    |   12.0ms | jimmmyyy...
[SELF-HELP/] | YouTube  | [Normal]     | 98%    |   13.6ms | white and black tantra?...
[SELF-HELP/] | YouTube  | [Normal]     | 96%    |   14.0ms | I'm a sith lord....
[GAMING/GAM] | YouTube  | [Normal]     | 76%    |   12.0ms | Never gonna give you up  never gonna let...
[ENTERTAINM] | YouTube  | [Normal]     | 93%    |    9.5ms | jimyy...
[ENTERTAINM] | YouTube  | [Normal]     | 95%    |   12.0ms | hii...
[GAMING/GAM] | YouTube  | [Normal]     | 88%    |   14.6ms | RAHHHHHHHHHHHHHHHHH...
[NEWS/LIVE ] | YouTube  | [Normal]     | 93%    |   11.6ms | nice try pal...
[ENTERTAINM] | YouTube  | [Normal]     | 95%    |   12.6ms | Portugal vam9s...
[GAMING/GAM] | YouTube  | [Normal]     | 94%    |   10.0ms | Maaark!...
[ENTERTAINM] | YouTube  | [Normal]     | 95%    |   12.3ms | SUBSCRIBEEEEEEEE...
[GAMING/GAM] | YouTube  | [Normal]     | 66%    |   12.0ms | for everyone who already saw iron lung  ...
[GAMING/SUR] | YouTube  | [Normal]     | 96%    |   14.7ms | NEGATIVE ON THAT BIG CHIEF...
[MUSIC/CHIL] | YouTube  | [Normal]     | 95%    |   11.1ms | g chepala...
[MUSIC/CHIL] | YouTube  | [Normal]     | 95%    |   12.5ms | Karma...
[GAMING/GAM] | YouTube  | [Normal]     | 96%    |   13.0ms | Hi Mark!...
[ENTERTAINM] | YouTube  | [Normal]     | 95%    |   14.0ms | hello Mr beast I am your big fan please...
[ENTERTAINM] | YouTube  | [Normal]     | 97%    |    8.1ms | 10k pls...
[ENTERTAINM] | YouTube  | [Normal]     | 95%    |   11.6ms | Congratulations...
[ENTERTAINM] | YouTube  | [Normal]     | 96%    |   12.0ms | YOOIIII...
[ENTERTAINM] | YouTube  | [Normal]     | 98%    |   20.1ms | :hand-pink-waving::hand-pink-waving::han...
[ENTERTAINM] | YouTube  | [Normal]     | 96%    |    6.0ms | Hiiiiii...
[GAMING/GAM] | YouTube  | [Normal]     | 91%    |   28.2ms | HEY...
[GAMING/SUR] | YouTube  | [Normal]     | 93%    |   64.0ms | LUT THE CLOTHES THING ON...
[MUSIC/CHIL] | YouTube  | [Normal]     | 95%    |   81.1ms | oye!!!...
[ENTERTAINM] | YouTube  | [Normal]     | 98%    |   76.2ms | :text-green-game-over::text-green-game-o...
[ENTERTAINM] | YouTube  | [Normal]     | 95%    |   11.0ms | Hello Джимми...
[SELF-HELP/] | YouTube  | [Normal]     | 96%    |    9.0ms | hmmm...
[GAMING/GAM] | YouTube  | [Normal]     | 95%    |   10.0ms | Hiiii...
[GAMING/GAM] | YouTube  | [Normal]     | 96%    |   13.1ms | Hiiiiii...
[GAMING/GAM] | YouTube  | [Normal]     | 96%    |   11.0ms | hi mark!!!...
[GAMING/SUR] | YouTube  | [Normal]     | 96%    |   14.5ms | poker night might be broadcast to the wh...
[GAMING/GAM] | YouTube  | [Normal]     | 96%    |   12.0ms | HIII MARK...
[ENTERTAINM] | YouTube  | [Normal]     | 93%    |   13.5ms | gg...
[GAMING/GAM] | YouTube  | [Normal]     | 97%    |   14.1ms | yay i love this game!!...
[ENTERTAINM] | YouTube  | [Normal]     | 94%    |   12.0ms | Hi...
[GAMING/GAM] | YouTube  | [Normal]     | 49%    |   11.0ms | yipeeeee...
[MUSIC/CHIL] | YouTube  | [Normal]     | 96%    |   13.1ms | andar pettandi req :hugging_face:1k foll...
[ENTERTAINM] | YouTube  | [Normal]     | 95%    |   15.0ms | Is this your first live...
[GAMING/GAM] | YouTube  | [Normal]     | 95%    |   15.0ms | alright im the best at this game...
[PSYCHOLOGY] | YouTube  | [Normal]     | 92%    |   16.0ms | storage is very expensive now...
[MUSIC/CHIL] | YouTube  | [Normal]     | 94%    |   15.0ms | reacg :face_with_tears_of_joy:...
[GAMING/GAM] | YouTube  | [Normal]     | 93%    |    8.1ms | W W W W W...
[ENTERTAINM] | YouTube  | [Normal]     | 95%    |    6.5ms | Wassuppppp...
[MUSIC/CHIL] | YouTube  | [Normal]     | 98%    |    9.5ms | okay halinkan tc bye :smiling_face_with_...
[GAMING/GAM] | YouTube  | [Normal]     | 96%    |    9.1ms | hi!...
[ENTERTAINM] | YouTube  | [Normal]     | 94%    |    9.0ms | hi...
[ENTERTAINM] | YouTube  | [Normal]     | 96%    |    9.4ms | hola desde Colombia...
[ENTERTAINM] | YouTube  | [Normal]     | 97%    |   12.0ms | hello jimmy :)...
[PSYCHOLOGY] | YouTube  | [Normal]     | 97%    |   14.0ms | Dr. K needs a NAS...
[GAMING/GAM] | YouTube  | [Normal]     | 95%    |   10.1ms | hello...
[ENTERTAINM] | YouTube  | [Normal]     | 91%    |    9.0ms | w...
[GAMING/GAM] | YouTube  | [Normal]     | 94%    |   14.1ms | Yay mark!!!!!!!...
[GAMING/GAM] | YouTube  | [Normal]     | 95%    |   11.0ms | Is that the creator of the number one mo...
[SELF-HELP/] | YouTube  | [Normal]     | 96%    |   10.4ms | achchha...
[PSYCHOLOGY] | YouTube  | [Normal]     | 93%    |  101.8ms | nah...
[ENTERTAINM] | YouTube  | [Normal]     | 93%    |   49.6ms | ineed a laptop...
[GAMING/GAM] | YouTube  | [Normal]     | 95%    |   12.0ms | Loved the movie! Damn good job Mark...
[ENTERTAINM] | YouTube  | [Normal]     | 96%    |   10.5ms | yayaya...
[GAMING/SUR] | YouTube  | [Normal]     | 94%    |   11.0ms | we need more doors...
[ENTERTAINM] | YouTube  | [Normal]     | 90%    |   11.6ms | มีคนไทยไหมม...
[ENTERTAINM] | YouTube  | [Normal]     | 91%    |   16.0ms | yooooooooooo...
[GAMING/GAM] | YouTube  | [Normal]     | 94%    |   11.0ms | L ads...
[ENTERTAINM] | YouTube  | [Normal]     | 96%    |    8.0ms | 500million congratulations brother...
[ENTERTAINM] | YouTube  | [Normal]     | 86%    |   11.2ms | Yo...
[ENTERTAINM] | YouTube  | [Normal]     | 96%    |    9.1ms | ЧЕЛ ГОВОРИ ПО РУССКИ...
[GAMING/GAM] | YouTube  | [Normal]     | 97%    |    7.0ms | i watched it TWICE in one week...
[ENTERTAINM] | YouTube  | [Normal]     | 96%    |   10.9ms | I think y'all do it....but I've been sub...
[GAMING/GAM] | YouTube  | [Normal]     | 91%    |   11.1ms | w...
[GAMING/GAM] | YouTube  | [Normal]     | 96%    |    7.7ms | hi br...
[GAMING/GAM] | YouTube  | [Normal]     | 91%    |   14.1ms | OHHHH YEAAAHHHHH...
[GAMING/GAM] | YouTube  | [Normal]     | 94%    |   13.2ms | YES!!!...
[ENTERTAINM] | YouTube  | [Normal]     | 94%    |   12.0ms | hi...
[ENTERTAINM] | YouTube  | [Normal]     | 96%    |   12.5ms | hello sirrrr...
[ENTERTAINM] | YouTube  | [Normal]     | 93%    |   12.1ms | yes...
[GAMING/GAM] | YouTube  | [Normal]     | 95%    |   10.4ms | congratulations!!!...
[ENTERTAINM] | YouTube  | [OFFENSIVE]  | 57%    |   12.8ms | letssss goooo...
[MUSIC/CHIL] | YouTube  | [Normal]     | 95%    |   18.3ms | @Tradexlav hi   how are you ? :backhand_...
[ENTERTAINM] | YouTube  | [Normal]     | 96%    |   12.1ms | aaaaaa...
[ENTERTAINM] | YouTube  | [Normal]     | 90%    |    9.8ms | india brother...
[GAMING/GAM] | YouTube  | [Normal]     | 97%    |   18.3ms | Mark  you are an incredible entertainer ...
[GAMING/GAM] | YouTube  | [Normal]     | 96%    |   16.1ms | im going to watch it for the 3rd time in...
[GAMING/SUR] | YouTube  | [Normal]     | 95%    |   13.6ms | Gingy is having a nightmare of this situ...
[GAMING/GAM] | YouTube  | [Normal]     | 94%    |   20.1ms | Mark  question  I know you just finished...
[GAMING/GAM] | YouTube  | [Normal]     | 96%    |   10.0ms | LOL...
[MUSIC/CHIL] | YouTube  | [Normal]     | 98%    |   13.8ms | :musical_notes:...
[GAMING/GAM] | YouTube  | [Normal]     | 96%    |   79.0ms | :_markiBING:...
[ENTERTAINM] | YouTube  | [Normal]     | 89%    |   66.7ms | Pinche prankedy...
[ENTERTAINM] | YouTube  | [Normal]     | 97%    |   13.0ms | Hiiiii...
[GAMING/GAM] | YouTube  | [Normal]     | 82%    |   10.0ms | Mr Lung...
[GAMING/SUR] | YouTube  | [Normal]     | 91%    |   14.0ms | Peanuts gonna make his whole team lose b...
[GAMING/GAM] | YouTube  | [Normal]     | 97%    |   15.0ms | I played the game today...
[GAMING/GAM] | YouTube  | [Normal]     | 94%    |   10.5ms | such a good movie...
[GAMING/GAM] | YouTube  | [Normal]     | 96%    |   10.6ms | iron lung was amazing...
[GAMING/GAM] | YouTube  | [Normal]     | 78%    |   15.2ms | MARKKKK!!!!! CONGRATS!!!...
[GAMING/SUR] | YouTube  | [Normal]     | 94%    |   14.6ms | For got to close!!!!!...
[GAMING/GAM] | YouTube  | [Normal]     | 93%    |    8.5ms | W MOVIE...
[GAMING/GAM] | YouTube  | [Normal]     | 97%    |   11.0ms | Great job  Markimoo! You deserve all the...
[GAMING/GAM] | YouTube  | [Normal]     | 96%    |   14.5ms | CONGRATS MARK!!...
[GAMING/GAM] | YouTube  | [Normal]     | 95%    |   11.0ms | Hello Mark from Bulgaria how is the day...
[GAMING/GAM] | YouTube  | [Normal]     | 93%    |    8.0ms | facts...
[NEWS/LIVE ] | YouTube  | [Normal]     | 77%    |   12.0ms | Shoutout to every American in the chat...
[GAMING/GAM] | YouTube  | [Normal]     | 97%    |    9.8ms | Welcome New Member!...
[GAMING/GAM] | YouTube  | [Normal]     | 87%    |   10.0ms | I wish I could see it  but I'm so proud ...
[ENTERTAINM] | YouTube  | [Normal]     | 94%    |   13.6ms | hi...
[MUSIC/CHIL] | YouTube  | [Normal]     | 62%    |   11.0ms | evadi deggeraaa...
[ENTERTAINM] | YouTube  | [Normal]     | 94%    |   12.6ms | m New subscriber...
[GAMING/GAM] | YouTube  | [Normal]     | 93%    |   10.0ms | lighthouse...
[GAMING/GAM] | YouTube  | [Normal]     | 95%    |   13.1ms | AIRPLANE...
[GAMING/GAM] | YouTube  | [Normal]     | 97%    |   12.1ms | airplane!!!...
[GAMING/GAM] | YouTube  | [Normal]     | 91%    |    9.0ms | airplanee...
[ENTERTAINM] | YouTube  | [Normal]     | 94%    |   13.6ms | Türkiye...
[GAMING/GAM] | YouTube  | [Normal]     | 93%    |   11.1ms | office...
[GAMING/GAM] | YouTube  | [Normal]     | 95%    |    8.0ms | Ranch...
[MUSIC/CHIL] | YouTube  | [Normal]     | 97%    |   12.0ms | great...mai isliye puchi ki yha sab le j...
[GAMING/GAM] | YouTube  | [Normal]     | 95%    |   14.1ms | airplane...
[GAMING/GAM] | YouTube  | [Normal]     | 93%    |    9.5ms | lighthouse...
[ENTERTAINM] | YouTube  | [Normal]     | 95%    |  209.4ms | beta...
[MUSIC/CHIL] | YouTube  | [Normal]     | 96%    |   18.1ms | Na deggara 10 rupees unnai mall ki vella...
[GAMING/GAM] | YouTube  | [Normal]     | 91%    |   10.0ms | AIRPLANEE...
[GAMING/SUR] | YouTube  | [Normal]     | 91%    |    9.0ms | poker...
[ENTERTAINM] | YouTube  | [Normal]     | 90%    |   14.5ms | HELLOOOOOOOOOOOOOOOOOOOO...
[GAMING/SUR] | YouTube  | [Normal]     | 81%    |   12.0ms | THEN QUIT...
[GAMING/SUR] | YouTube  | [Normal]     | 95%    |   10.0ms | SLOTS...
[SPORTS/PEN] | YouTube  | [Normal]     | 92%    |   14.0ms | bros thanking the entire population...
[GAMING/GAM] | YouTube  | [Normal]     | 94%    |    7.5ms | air PLANNEEEEEEE...
[PSYCHOLOGY] | YouTube  | [Normal]     | 84%    |    8.1ms | The world is animus possessed...
[ENTERTAINM] | YouTube  | [Normal]     | 95%    |   10.0ms | mr beast pls 1$...
[GAMING/SUR] | YouTube  | [Normal]     | 93%    |   10.1ms | DEALER Resets...
[PSYCHOLOGY] | YouTube  | [Normal]     | 93%    |    7.0ms | Back Pill is forever...
[GAMING/GAM] | YouTube  | [Normal]     | 93%    |    8.0ms | lighthouse...
[GAMING/GAM] | YouTube  | [Normal]     | 96%    |    8.5ms | there's only lighthouse in my chat mark...
[GAMING/SUR] | YouTube  | [Normal]     | 92%    |   10.0ms | PLAY THE WHEEL...
[GAMING/GAM] | YouTube  | [Normal]     | 95%    |   12.1ms | Markiplier there's a game that I would l...
[GAMING/GAM] | YouTube  | [Normal]     | 93%    |   11.0ms | LIGHTHOUSE...
[ENTERTAINM] | YouTube  | [Normal]     | 97%    |   14.6ms | Congratulation:growing_heart: for reachi...
[ENTERTAINM] | YouTube  | [Normal]     | 98%    |   13.8ms | :rocket-red-countdown-liftoff::rocket-re...
[GAMING/GAM] | YouTube  | [Normal]     | 89%    |    6.0ms | hell yeah light is winning...
[GAMING/GAM] | YouTube  | [Normal]     | 95%    |    7.0ms | Hi from Canada!...
[ENTERTAINM] | YouTube  | [Normal]     | 94%    |   10.0ms | Hi...
[ENTERTAINM] | YouTube  | [Normal]     | 94%    |   11.6ms | nice...
[ENTERTAINM] | YouTube  | [Normal]     | 96%    |   12.6ms | i love Mr beast...
[ENTERTAINM] | YouTube  | [Normal]     | 89%    |   10.1ms | what is your real name...
[GAMING/GAM] | YouTube  | [Normal]     | 96%    |    9.5ms | Hi Mark...
[GAMING/GAM] | YouTube  | [Normal]     | 91%    |   11.0ms | pLEAAASEE AAGGHHH AIRPLAAANNNUHHH...
[GAMING/GAM] | YouTube  | [Normal]     | 95%    |    8.0ms | Just saw Iron Lung in Czechia... genuine...
[ENTERTAINM] | YouTube  | [Normal]     | 91%    |   10.0ms | mr beast...
[ENTERTAINM] | YouTube  | [Normal]     | 94%    |   10.0ms | Cek...
[GAMING/SUR] | YouTube  | [Normal]     | 49%    |   65.7ms | You guys are terrible gamblers lol...
[ENTERTAINM] | YouTube  | [Normal]     | 91%    |   89.0ms | @andersondeoliveira2024 - SEGUE...
[GAMING/GAM] | YouTube  | [Normal]     | 95%    |   12.9ms | airplane...
[GAMING/GAM] | YouTube  | [Normal]     | 96%    |   15.0ms | its like watching your movie and ramis l...
[GAMING/GAM] | YouTube  | [Normal]     | 95%    |   11.0ms | hello...
[GAMING/GAM] | YouTube  | [Normal]     | 81%    |   11.0ms | ITS THE LUNG GUY...
[GAMING/GAM] | YouTube  | [Normal]     | 97%    |   14.7ms | MARK PLAY ON AIRPLNE AND MY LIFE IS YOUR...
[MUSIC/CHIL] | YouTube  | [Normal]     | 97%    |   12.7ms | trade dusri job dhundrii previous job ch...
[ENTERTAINM] | YouTube  | [Normal]     | 92%    |   15.0ms | THE:goat-turquoise-white-horns:...
[GAMING/GAM] | YouTube  | [Normal]     | 97%    |   10.5ms | Welcome to Member!...
[GAMING/GAM] | YouTube  | [Normal]     | 93%    |    9.6ms | BRAZIL PLEASE...
[ENTERTAINM] | YouTube  | [Normal]     | 92%    |   10.0ms | Paraguay...
[ENTERTAINM] | YouTube  | [Normal]     | 96%    |   22.6ms | bro please tell my name :loudly_crying_f...
[ENTERTAINM] | YouTube  | [Normal]     | 94%    |   11.1ms | everyone unsubscribe...
[ENTERTAINM] | YouTube  | [Normal]     | 93%    |   11.0ms | oh my god...
[GAMING/GAM] | YouTube  | [Normal]     | 94%    |   10.7ms | PORTUGALLLLL...
[GAMING/GAM] | YouTube  | [Normal]     | 95%    |   13.1ms | mark...
[ENTERTAINM] | YouTube  | [Normal]     | 96%    |   14.0ms | please reply me frome Bangladesh...
[GAMING/GAM] | YouTube  | [Normal]     | 97%    |   13.0ms | I saw it yesterday  and it was awesome! ...
[GAMING/GAM] | YouTube  | [Normal]     | 36%    |   12.6ms | If only there could be more of them in Q...
[GAMING/SUR] | YouTube  | [Normal]     | 87%    |   14.0ms | someone get this man a card...
[ENTERTAINM] | YouTube  | [Normal]     | 94%    |   12.5ms | 1...
[ENTERTAINM] | YouTube  | [Normal]     | 94%    |   11.4ms | 1...
[ENTERTAINM] | YouTube  | [Normal]     | 94%    |   11.0ms | 1...
[ENTERTAINM] | YouTube  | [Normal]     | 94%    |   13.0ms | 1...
[GAMING/GAM] | YouTube  | [Normal]     | 95%    |   12.0ms | Iron Lung was a 50 or more out of 10...
[GAMING/GAM] | YouTube  | [Normal]     | 95%    |    9.5ms | heyyyy mark...
[GAMING/SUR] | YouTube  | [Normal]     | 88%    |   11.9ms | BRO STOOD ON A 12 WTF HOW DOES PEANUT GA...
[GAMING/SUR] | YouTube  | [Normal]     | 87%    |   12.5ms | NO...
[GAMING/GAM] | YouTube  | [Normal]     | 89%    |   11.0ms | potato...
[GAMING/SUR] | YouTube  | [Normal]     | 62%    |   10.0ms | YOU WOULD BUST ON 18 THATS WHY...
[NEWS/LIVE ] | YouTube  | [Normal]     | 85%    |  110.7ms | Luigi we need you there are a lot of vil...
[GAMING/SUR] | YouTube  | [Normal]     | 87%    |   10.0ms | no...
[GAMING/GAM] | YouTube  | [Normal]     | 88%    |    7.1ms | YOOOOOOOOOOOOOOO...
[MUSIC/CHIL] | YouTube  | [Normal]     | 96%    |   10.1ms | @Dude-23zx m good thanks :backhand_index...
[GAMING/GAM] | YouTube  | [Normal]     | 98%    |   10.0ms | aeroplane :airplane_departure::airplane:...
[GAMING/SUR] | YouTube  | [Normal]     | 95%    |    7.7ms | Always hit...
[ENTERTAINM] | YouTube  | [Normal]     | 95%    |   10.0ms | Hii...
[ENTERTAINM] | YouTube  | [Normal]     | 95%    |   10.5ms | telugu...
[GAMING/GAM] | YouTube  | [Normal]     | 92%    |   15.0ms | Play Paranormal Inc and maybe collaborat...
[ENTERTAINM] | YouTube  | [Normal]     | 94%    |   12.2ms | 1...
[NEWS/LIVE ] | YouTube  | [Normal]     | 89%    |   12.0ms | No  Luigi is in jail lol...
[GAMING/GAM] | YouTube  | [Normal]     | 92%    |   12.1ms | LIXIAN CAN FINALLY SEE THE MOVIE...
[ENTERTAINM] | YouTube  | [Normal]     | 94%    |   12.0ms | 1...
[ENTERTAINM] | YouTube  | [Normal]     | 97%    |   15.0ms | :new_moon_face:...
[ENTERTAINM] | YouTube  | [Normal]     | 84%    |   13.0ms | yoooooooooooooooooooo...
[MUSIC/CHIL] | YouTube  | [Normal]     | 95%    |   11.6ms | ce mare a crescut I...
[GAMING/GAM] | YouTube  | [Normal]     | 95%    |   14.0ms | watched the movie twice! want to see it ...
[ENTERTAINM] | YouTube  | [Normal]     | 98%    |   16.1ms | :heart_with_ribbon::heart_with_ribbon::h...
[GAMING/GAM] | YouTube  | [Normal]     | 96%    |   11.1ms | yall vote airplane...
[MUSIC/CHIL] | YouTube  | [Normal]     | 92%    |    7.5ms | ha kyu...
[GAMING/GAM] | YouTube  | [Normal]     | 80%    |   11.0ms | too many big words...
[ENTERTAINM] | YouTube  | [Normal]     | 96%    |   12.0ms | New member...
[GAMING/SUR] | YouTube  | [Normal]     | 86%    |   10.4ms | looose...
[GAMING/SUR] | YouTube  | [Normal]     | 95%    |   11.0ms | HIT...
[GAMING/GAM] | YouTube  | [Normal]     | 94%    |   14.5ms | Italy no?:crying_face:...
[PSYCHOLOGY] | YouTube  | [Normal]     | 93%    |    8.6ms | ohhhhhh...
[GAMING/GAM] | YouTube  | [Normal]     | 95%    |    9.0ms | marklipleri...
[MUSIC/CHIL] | YouTube  | [Normal]     | 96%    |   15.6ms | Sab Mera hi gf hai...
[GAMING/GAM] | YouTube  | [Normal]     | 93%    |   12.5ms | I cant wait to see IRON LUNG!!! : D...
[GAMING/GAM] | YouTube  | [Normal]     | 94%    |   15.0ms | When I was watching the movie it buffere...
[ENTERTAINM] | YouTube  | [Normal]     | 94%    |  106.6ms | hi...
[ENTERTAINM] | YouTube  | [Normal]     | 96%    |   53.6ms | Mr beast can you see my chat?...
[GAMING/GAM] | YouTube  | [Normal]     | 89%    |   15.4ms | in my theater it sounded like it was com...
[GAMING/SUR] | YouTube  | [Normal]     | 95%    |    8.1ms | 500...
[GAMING/GAM] | YouTube  | [OFFENSIVE]  | 57%    |   11.0ms | THE FAULT LIES WITTH YOU  SEND HELP!!!...
[GAMING/GAM] | YouTube  | [Normal]     | 97%    |   11.0ms | when do we get the dates for portugal?...
[GAMING/SUR] | YouTube  | [Normal]     | 84%    |   11.6ms | rigged...
[GAMING/SUR] | YouTube  | [Normal]     | 96%    |   13.0ms | 500 on 1 on the wheel trust...
[GAMING/SUR] | YouTube  | [Normal]     | 96%    |   10.6ms | house always wins...
[GAMING/SUR] | YouTube  | [Normal]     | 64%    |   12.5ms | kids  don't gamble...
[GAMING/GAM] | YouTube  | [Normal]     | 96%    |   11.0ms | in my theatre I could hear whispers with...
[GAMING/GAM] | YouTube  | [Normal]     | 95%    |   14.6ms | lighthouse plss...
[GAMING/SUR] | YouTube  | [Normal]     | 96%    |   12.0ms | Max betttttt...
[GAMING/SUR] | YouTube  | [Normal]     | 92%    |   11.0ms | smaller bets...
[ENTERTAINM] | YouTube  | [Normal]     | 95%    |   15.6ms | pls give me a fortuner...
[NEWS/LIVE ] | YouTube  | [Normal]     | 75%    |   11.5ms | I won't go hungry i.ll start stealing...
[GAMING/GAM] | YouTube  | [Normal]     | 97%    |    8.0ms | Welcome New Member!...
[GAMING/GAM] | YouTube  | [Normal]     | 97%    |    9.0ms | how long been streaming?...
[GAMING/GAM] | YouTube  | [Normal]     | 96%    |   17.6ms | go to the movie  it is sooo good and is ...
[ENTERTAINM] | YouTube  | [Normal]     | 94%    |   12.0ms | hi...
[GAMING/SUR] | YouTube  | [Normal]     | 96%    |   13.6ms | mAXXXXXXXXX...
[GAMING/GAM] | YouTube  | [Normal]     | 94%    |   12.2ms | Hey Mark...
[GAMING/GAM] | YouTube  | [Normal]     | 97%    |   13.2ms | Iron Lung was amazing dude  great work m...
[ENTERTAINM] | YouTube  | [Normal]     | 94%    |   12.8ms | Ghana...
[GAMING/GAM] | YouTube  | [Normal]     | 88%    |   10.5ms | Mark stop being so sad when you make mov...
[GAMING/GAM] | YouTube  | [Normal]     | 96%    |   13.2ms | dude i accidentally stumbled upon this v...
[GAMING/GAM] | YouTube  | [Normal]     | 92%    |   17.6ms | I had the issue with the sound. :disappo...
[GAMING/GAM] | YouTube  | [Normal]     | 72%    |   12.6ms | THEIR IN THE WALLS...
[ENTERTAINM] | YouTube  | [Normal]     | 94%    |    9.5ms | ishowspeed...
[GAMING/GAM] | YouTube  | [Normal]     | 98%    |   16.3ms | :fish-orange-wide-eyes:...
[MUSIC/CHIL] | YouTube  | [Normal]     | 98%    |   13.3ms | :smiling_face_with_halo::green_heart::he...
[GAMING/SUR] | YouTube  | [Normal]     | 95%    |   14.9ms | did no neck Nick and toupee Tim uninstal...
[ENTERTAINM] | YouTube  | [Normal]     | 94%    |   13.9ms | me im from Bangladesh...
[GAMING/GAM] | YouTube  | [Normal]     | 94%    |   12.9ms | that makes a lot of sense; I was wonderi...
[ENTERTAINM] | YouTube  | [Normal]     | 96%    |   11.6ms | the first video...
[NEWS/LIVE ] | YouTube  | [Normal]     | 82%    |   11.7ms | Get out...
[GAMING/GAM] | YouTube  | [Normal]     | 52%    |   55.8ms | AIRPLANE GUYSSSSSS...
[GAMING/SUR] | YouTube  | [Normal]     | 95%    |  196.9ms | All in...
[GAMING/GAM] | YouTube  | [Normal]     | 94%    |   11.6ms | I think Lighthouse has won...
[GAMING/SUR] | YouTube  | [Normal]     | 82%    |   14.5ms | mean while back at base the doors where ...
[ENTERTAINM] | YouTube  | [Normal]     | 96%    |   11.0ms | subcribe!...
[GAMING/GAM] | YouTube  | [Normal]     | 95%    |   13.3ms | Come on please airplane...
[GAMING/GAM] | YouTube  | [Normal]     | 96%    |   11.5ms | Hey Mark :smiling_face_with_sunglasses::...
[GAMING/GAM] | YouTube  | [Normal]     | 96%    |   11.0ms | CLUTCH UP AIRPLANE...
[GAMING/GAM] | YouTube  | [Normal]     | 97%    |   13.0ms | We saw your movie last weekend! All the ...
[GAMING/GAM] | YouTube  | [Normal]     | 94%    |   16.2ms | dude that was literally by biggest criti...
[GAMING/GAM] | YouTube  | [Normal]     | 61%    |   12.0ms | that's such a shame...
[GAMING/GAM] | YouTube  | [Normal]     | 94%    |   14.0ms | :red_question_mark:will iron lung come t...
[GAMING/GAM] | YouTube  | [Normal]     | 80%    |   11.0ms | yas brad...
[GAMING/GAM] | YouTube  | [Normal]     | 97%    |   13.6ms | We should be getting the 7.1 version on ...
[ENTERTAINM] | YouTube  | [Normal]     | 92%    |   16.1ms | aaaəə mr beast iphone 15 plsssssss...
[ENTERTAINM] | YouTube  | [Normal]     | 93%    |   11.6ms | hello mr beast...
[ENTERTAINM] | YouTube  | [Normal]     | 93%    |   12.5ms | watch your 200M video🇧...
[ENTERTAINM] | YouTube  | [Normal]     | 97%    |   20.2ms | It all feels so much fun and I've been f...
[GAMING/GAM] | YouTube  | [Normal]     | 84%    |   10.5ms | Are you ever going to play the new "mine...
[GAMING/SUR] | YouTube  | [Normal]     | 89%    |   16.5ms | peanut you are no longer allowed to make...
[MUSIC/CHIL] | YouTube  | [Normal]     | 97%    |   18.0ms | mohit kon kehta hey being single is sad ...
[GAMING/GAM] | YouTube  | [Normal]     | 93%    |    8.0ms | bass boosted...
[ENTERTAINM] | YouTube  | [Normal]     | 96%    |    8.6ms | First video...
[GAMING/GAM] | YouTube  | [Normal]     | 94%    |   11.0ms | Saw iron lung Monday night it was the be...
[GAMING/SUR] | YouTube  | [Normal]     | 96%    |   11.0ms | masterclass...
[ENTERTAINM] | YouTube  | [Normal]     | 95%    |    9.6ms | this is my channel...
[GAMING/SUR] | YouTube  | [Normal]     | 96%    |   15.0ms | PLAY ARC...
[ENTERTAINM] | YouTube  | [Normal]     | 96%    |    7.0ms | Hello Jimmy...
[GAMING/GAM] | YouTube  | [OFFENSIVE]  | 44%    |    7.6ms | Airplane ganggggg...
[GAMING/SUR] | YouTube  | [Normal]     | 95%    |   10.5ms | well well well...
[GAMING/SUR] | YouTube  | [Normal]     | 94%    |   10.9ms | weeeeeeeeeelp...
[GAMING/GAM] | YouTube  | [Normal]     | 92%    |   11.1ms | PICK AIRPLAIN GUYS TIE IT UP TIE THE VOT...
[GAMING/SUR] | YouTube  | [Normal]     | 80%    |   19.1ms | its hard out here for a scrapper...
[ENTERTAINM] | YouTube  | [Normal]     | 95%    |   16.0ms | im form Indonesia...
[GAMING/SUR] | YouTube  | [Normal]     | 97%    |   21.0ms | RAHHHHH ARC ARC ARC...
[GAMING/GAM] | YouTube  | [Normal]     | 91%    |   18.6ms | LOCK IN AIRPLANE...
[PSYCHOLOGY] | YouTube  | [Normal]     | 93%    |   24.0ms | @majoraman6477 I wonder how much more he...
[ENTERTAINM] | YouTube  | [Normal]     | 97%    |   19.1ms | hi bro :hugging_face:...
[GAMING/SUR] | YouTube  | [Normal]     | 97%    |   18.2ms | LOL H2o is there!...
[MUSIC/CHIL] | YouTube  | [Normal]     | 98%    |   37.1ms | :person-turqouise-waving::person-turqoui...
[GAMING/SUR] | YouTube  | [Normal]     | 98%    |   22.7ms | :goat-turquoise-white-horns::hand-purple...
[ENTERTAINM] | YouTube  | [Normal]     | 89%    |    8.5ms | helo...
[ENTERTAINM] | YouTube  | [Normal]     | 97%    |   10.0ms | 69 hours live :loudly_crying_face:...
[GAMING/GAM] | YouTube  | [Normal]     | 57%    |   28.8ms | I hope i can see the movie sometime! it ...
[GAMING/GAM] | YouTube  | [Normal]     | 95%    |  114.1ms | Airplane...
[ENTERTAINM] | YouTube  | [Normal]     | 95%    |   10.0ms | mahahaha...
[GAMING/GAM] | YouTube  | [Normal]     | 96%    |   15.1ms | I think my theater had some issues with ...
[PSYCHOLOGY] | YouTube  | [Normal]     | 95%    |   12.0ms | 8008!...
[GAMING/SUR] | YouTube  | [Normal]     | 96%    |   12.0ms | arc...
[GAMING/GAM] | YouTube  | [Normal]     | 97%    |   19.1ms | Hey Mark  just wanted to share that your...
[GAMING/GAM] | YouTube  | [Normal]     | 95%    |   11.2ms | Hey guys let’s keep the comments on topi...
[GAMING/SUR] | YouTube  | [Normal]     | 94%    |    9.0ms | Ask h20 for it...
[NEWS/LIVE ] | YouTube  | [Normal]     | 43%    |   14.0ms | They want blood from us who aren't vaxxe...
[ENTERTAINM] | YouTube  | [Normal]     | 95%    |   16.0ms | dayum you've grown so much...
[ENTERTAINM] | YouTube  | [Normal]     | 95%    |   11.0ms | Hello...
[GAMING/GAM] | YouTube  | [Normal]     | 98%    |   12.6ms | :trophy-yellow-smiling:...
[ENTERTAINM] | YouTube  | [Normal]     | 96%    |   13.0ms | Giveaways please...
[ENTERTAINM] | YouTube  | [Normal]     | 97%    |   15.1ms | salam Azerbaycanli var?...
[ENTERTAINM] | YouTube  | [Normal]     | 95%    |   12.5ms | Hello...
[ENTERTAINM] | YouTube  | [Normal]     | 96%    |   15.0ms | 500 mil. that's...something!...
[ENTERTAINM] | YouTube  | [Normal]     | 74%    |   11.2ms | Gooo...
[ENTERTAINM] | YouTube  | [Normal]     | 96%    |   12.0ms | :mosque:...
[ENTERTAINM] | YouTube  | [Normal]     | 96%    |   12.1ms | l am Your big fan...
[ENTERTAINM] | YouTube  | [Normal]     | 94%    |   12.0ms | hi Mr beast...
[ENTERTAINM] | YouTube  | [Normal]     | 87%    |   12.0ms | smile or not haha...
[ENTERTAINM] | YouTube  | [Normal]     | 97%    |    9.6ms | Welcome New Member!...
[GAMING/SUR] | YouTube  | [Normal]     | 91%    |   12.0ms | by the gods!!!...
[GAMING/GAM] | YouTube  | [Normal]     | 94%    |   12.0ms | #1 #1 #1...
[ENTERTAINM] | YouTube  | [Normal]     | 94%    |   13.1ms | big fan mr beast...
[PSYCHOLOGY] | YouTube  | [Normal]     | 96%    |   11.0ms | :loudly_crying_face: gurus...
[GAMING/GAM] | YouTube  | [Normal]     | 93%    |   10.5ms | LIGHTHOUSE...
[ENTERTAINM] | YouTube  | [Normal]     | 86%    |    8.6ms | yo...
[ENTERTAINM] | YouTube  | [Normal]     | 94%    |   10.5ms | hey jimmy congratulation for 500M subscr...
[GAMING/GAM] | YouTube  | [Normal]     | 90%    |   12.0ms | YESSSS...
[GAMING/SUR] | YouTube  | [Normal]     | 95%    |  189.7ms | gotem...
[ENTERTAINM] | YouTube  | [Normal]     | 98%    |   16.2ms | :face-blue-smiling::face-blue-smiling::f...
[GAMING/GAM] | YouTube  | [Normal]     | 96%    |   11.6ms | :partying_face::partying_face::partying_...
[MUSIC/CHIL] | YouTube  | [Normal]     | 95%    |   12.0ms | ........
[GAMING/GAM] | YouTube  | [Normal]     | 94%    |   14.0ms | Rip...
[ENTERTAINM] | YouTube  | [Normal]     | 96%    |   24.1ms | :cowboy_hat_face::cowboy_hat_face::cowbo...
[GAMING/GAM] | YouTube  | [Normal]     | 83%    |   10.0ms | OMG Hi Mark I'm so exited to see Iron Lu...
[GAMING/GAM] | YouTube  | [Normal]     | 96%    |   12.6ms | GOOD LUCK!!!!!!!!...
[GAMING/GAM] | YouTube  | [Normal]     | 89%    |   11.5ms | chicken head Mark returns...
[GAMING/SUR] | YouTube  | [Normal]     | 94%    |   11.0ms | Dude...
[ENTERTAINM] | YouTube  | [Normal]     | 96%    |   11.5ms | чат остановись...
[GAMING/GAM] | YouTube  | [Normal]     | 96%    |   13.6ms | i cant help but to think how a movie wit...
[GAMING/GAM] | YouTube  | [Normal]     | 94%    |   15.0ms | EEEEEEEEEEEEEEEE...
[MUSIC/CHIL] | YouTube  | [Normal]     | 98%    |   14.0ms | :hand-pink-waving:I'l take leave nw  bye...
[SELF-HELP/] | YouTube  | [Normal]     | 86%    |   16.6ms | if they would try that the expect to get...
[ENTERTAINM] | YouTube  | [Normal]     | 93%    |   10.2ms | omg...
[GAMING/GAM] | YouTube  | [Normal]     | 79%    |   10.2ms | spooky...
[GAMING/GAM] | YouTube  | [Normal]     | 97%    |   12.0ms | Going to Tupelo!...
[ENTERTAINM] | YouTube  | [Normal]     | 97%    |   20.8ms | :orange_square::orange_square::orange_sq...
[ENTERTAINM] | YouTube  | [Normal]     | 97%    |   10.5ms | 10 000 dollar gift...
[GAMING/SUR] | YouTube  | [Normal]     | 95%    |   13.0ms | All in on green...
[ENTERTAINM] | YouTube  | [Normal]     | 89%    |   13.5ms | can you come to sri  lanka...
[GAMING/GAM] | YouTube  | [Normal]     | 87%    |   11.0ms | markiplier pls do a dvd release of iron ...
[GAMING/SUR] | YouTube  | [OFFENSIVE]  | 71%    |   11.2ms | best shit ive ever seen...
[MUSIC/CHIL] | YouTube  | [Normal]     | 98%    |   12.5ms | :face-turquoise-music-note:....
[GAMING/SUR] | YouTube  | [Normal]     | 94%    |   12.0ms | Any old scrap...
[MUSIC/CHIL] | YouTube  | [Normal]     | 87%    |   16.5ms | aaron fechter people holding butter knif...
[SPORTS/FOO] | YouTube  | [Normal]     | 92%    |   11.0ms | Japan is the winner...
[SELF-HELP/] | YouTube  | [Normal]     | 96%    |    8.2ms | It projection  it's always projection...
[GAMING/SUR] | YouTube  | [Normal]     | 95%    |   11.5ms | Patrick he loves gambling lol...
[GAMING/SUR] | YouTube  | [Normal]     | 73%    |  159.6ms | ADDICTION...
[GAMING/GAM] | YouTube  | [Normal]     | 94%    |    9.0ms | Sir please gloat you earned it...
[NEWS/LIVE ] | YouTube  | [Normal]     | 87%    |   12.6ms | who is not shutting down splc right now...
[ENTERTAINM] | YouTube  | [Normal]     | 96%    |   11.0ms | hlw...
[GAMING/GAM] | YouTube  | [Normal]     | 97%    |   14.0ms | oh he did misspell the title:face_with_t...
[GAMING/GAM] | YouTube  | [Normal]     | 94%    |   10.3ms | nice...
[ENTERTAINM] | YouTube  | [Normal]     | 94%    |   12.0ms | Carl...
[GAMING/SUR] | YouTube  | [Normal]     | 93%    |   12.2ms | rofl...
[ENTERTAINM] | YouTube  | [Normal]     | 95%    |   12.0ms | hello...
[GAMING/GAM] | YouTube  | [Normal]     | 96%    |   14.0ms | make Presentable Liberty the Movie. 2 ho...
[GAMING/GAM] | YouTube  | [Normal]     | 97%    |   10.6ms | ah....
[GAMING/GAM] | YouTube  | [OFFENSIVE]  | 52%    |   11.5ms | oh shit...
[GAMING/SUR] | YouTube  | [Normal]     | 69%    |   15.0ms | YOU'RE SO BAD LMAOOO...
[SELF-HELP/] | YouTube  | [Normal]     | 93%    |   12.0ms | He’s a grifter...
[GAMING/SUR] | YouTube  | [Normal]     | 97%    |   11.0ms | Recycle?...
[GAMING/SUR] | YouTube  | [Normal]     | 97%    |   13.6ms | H20  stackswapo and peanut will forever ...
[GAMING/GAM] | YouTube  | [Normal]     | 95%    |   12.8ms | oh good heavens...
[ENTERTAINM] | YouTube  | [Normal]     | 95%    |   10.0ms | hiii...
[GAMING/GAM] | YouTube  | [Normal]     | 95%    |   11.0ms | TITLE MISTAKE!!...
[ENTERTAINM] | YouTube  | [Normal]     | 93%    |    9.0ms | india...
[ENTERTAINM] | YouTube  | [Normal]     | 97%    |   10.5ms | Welcome New Member!...
[ENTERTAINM] | YouTube  | [Normal]     | 96%    |   12.5ms | I subscribed to you since 2020...
[GAMING/GAM] | YouTube  | [Normal]     | 97%    |   14.9ms | obversation lmao...
[ENTERTAINM] | YouTube  | [Normal]     | 91%    |    8.3ms | W...
[GAMING/GAM] | YouTube  | [Normal]     | 97%    |   11.0ms | I recommend White Bat Audios royalty fre...
[GAMING/SUR] | YouTube  | [Normal]     | 96%    |   10.1ms | Professional??...
[GAMING/GAM] | YouTube  | [Normal]     | 95%    |   10.2ms | MARK...
[GAMING/GAM] | YouTube  | [Normal]     | 47%    |   12.5ms | you goofed it mark...
[GAMING/GAM] | YouTube  | [Normal]     | 88%    |   10.0ms | ITS WRONG MARKK...
[ENTERTAINM] | YouTube  | [Normal]     | 95%    |   11.3ms | said hi...
[ENTERTAINM] | YouTube  | [Normal]     | 92%    |  133.4ms | Hhubu...
[PSYCHOLOGY] | YouTube  | [Normal]     | 81%    |   31.2ms | If the feeling is going to happen regard...
[GAMING/GAM] | YouTube  | [Normal]     | 83%    |   14.6ms | mark are you going to play mewgenics...
[ENTERTAINM] | YouTube  | [Normal]     | 95%    |   13.0ms | Bangladesh...
[ENTERTAINM] | YouTube  | [Normal]     | 97%    |   14.6ms | muja 1miloen ₹ do:dollar_banknote:...
[GAMING/GAM] | YouTube  | [Normal]     | 95%    |    9.0ms | obversation duty...
[ENTERTAINM] | YouTube  | [Normal]     | 93%    |   10.7ms | Hi from RUSSIA!!!!!!!!!!!!!!!!!!!...
[ENTERTAINM] | YouTube  | [Normal]     | 91%    |   11.0ms | Meee...
[ENTERTAINM] | YouTube  | [Normal]     | 95%    |   10.6ms | Bangladesh...
[GAMING/SUR] | YouTube  | [Normal]     | 95%    |    7.6ms | TF...
[GAMING/SUR] | YouTube  | [Normal]     | 84%    |   18.4ms | LMAOOOOOOOOOOOOOOOOO...
[GAMING/SUR] | YouTube  | [Normal]     | 96%    |   13.1ms | lol...
[ENTERTAINM] | YouTube  | [Normal]     | 91%    |   12.7ms | me...
[GAMING/SUR] | YouTube  | [Normal]     | 96%    |   14.2ms | 4 CARD 21????????????????????...
[GAMING/SUR] | YouTube  | [Normal]     | 97%    |   17.6ms | :face_with_tears_of_joy::face_with_tears...
[GAMING/GAM] | YouTube  | [Normal]     | 84%    |   12.1ms | IRON LUNG GO WATCH IT!...
[GAMING/SUR] | YouTube  | [Normal]     | 95%    |    9.5ms | Bruh stop lmao...
[GAMING/SUR] | YouTube  | [Normal]     | 92%    |   13.1ms | omg aint no way...
[GAMING/SUR] | YouTube  | [Normal]     | 79%    |   14.0ms | LEAVE AND NEVER COME BACK...
[GAMING/SUR] | YouTube  | [Normal]     | 90%    |   10.2ms | called it...
[ENTERTAINM] | YouTube  | [Normal]     | 91%    |   12.6ms | MEEE...
[GAMING/SUR] | YouTube  | [Normal]     | 86%    |   13.2ms | ITS SO RIGGED...
[ENTERTAINM] | YouTube  | [Normal]     | 96%    |   15.5ms | Mr Beast can I get a good camera I want ...
[ENTERTAINM] | YouTube  | [Normal]     | 98%    |   17.0ms | Love from Bangladesh MR :red_heart:...
[GAMING/GAM] | YouTube  | [Normal]     | 95%    |   13.2ms | Omg I didn’t even notice it’s obversatio...
[ENTERTAINM] | YouTube  | [Normal]     | 96%    |   12.1ms | hello friends...
[GAMING/SUR] | YouTube  | [Normal]     | 82%    |   10.5ms | They gambled so much away lmaoooo...
[ENTERTAINM] | YouTube  | [Normal]     | 96%    |   12.5ms | 500 million soon...
[GAMING/GAM] | YouTube  | [Normal]     | 91%    |   12.7ms | When is the observation duty movie...
[GAMING/SUR] | YouTube  | [Normal]     | 96%    |   11.1ms | LOL...
[GAMING/GAM] | YouTube  | [Normal]     | 95%    |   15.3ms | wait mark the title is misspelled...
[GAMING/GAM] | YouTube  | [Normal]     | 85%    |   44.6ms | THE TITLE IS WEIRD...
[GAMING/SUR] | YouTube  | [HATE]       | 84%    |   14.6ms | should have hit the slots...
[PSYCHOLOGY] | YouTube  | [Normal]     | 91%    |  166.2ms | animals...
[GAMING/GAM] | YouTube  | [Normal]     | 96%    |   19.1ms | im your biggest fan -jackson age 6...
[GAMING/GAM] | YouTube  | [Normal]     | 97%    |   11.0ms | was that door always open???...
[GAMING/SUR] | YouTube  | [Normal]     | 94%    |   12.0ms | It’s a different dealer everytime!!...
[GAMING/GAM] | YouTube  | [Normal]     | 74%    |    9.6ms | Went to see Iron Lung yesterday. Pretty ...
[GAMING/GAM] | YouTube  | [Normal]     | 85%    |    7.5ms | NOOOOO...
[GAMING/GAM] | YouTube  | [Normal]     | 95%    |   11.0ms | obversation...
[GAMING/GAM] | YouTube  | [Normal]     | 90%    |   11.5ms | HAHAHAAHHAHAHA...
[GAMING/GAM] | YouTube  | [Normal]     | 95%    |   11.1ms | Obversation...
[GAMING/SUR] | YouTube  | [Normal]     | 48%    |   11.5ms | the blackjack is a computer you will los...
[ENTERTAINM] | YouTube  | [Normal]     | 97%    |   14.0ms | sub since 10M. sup Jimmy...
[ENTERTAINM] | YouTube  | [Normal]     | 96%    |   14.0ms | im İran:saluting_face:...
[GAMING/GAM] | YouTube  | [Normal]     | 95%    |   14.5ms | NOT EXACT SPELLINGS!...
[ENTERTAINM] | YouTube  | [Normal]     | 94%    |   10.0ms | pr...
[GAMING/GAM] | YouTube  | [Normal]     | 97%    |   13.7ms | Image anomaly in the stairwell?...
[GAMING/GAM] | YouTube  | [Normal]     | 96%    |   15.0ms | just saw your movie it was a 10 out of 1...
[ENTERTAINM] | YouTube  | [Normal]     | 97%    |   19.0ms | :face-purple-crying::face-purple-crying:...
[GAMING/GAM] | YouTube  | [Normal]     | 84%    |   14.6ms | im surprised its an accidental mispellin...
[ENTERTAINM] | YouTube  | [Normal]     | 95%    |   10.3ms | 10 k bro...
[MUSIC/CHIL] | YouTube  | [Normal]     | 97%    |   14.0ms | :spoon:GL song...
[GAMING/GAM] | YouTube  | [Normal]     | 96%    |   13.7ms | I just got here what I miss...
[PSYCHOLOGY] | YouTube  | [OFFENSIVE]  | 54%    |   11.5ms | HOLY SHIT...
[NEWS/LIVE ] | YouTube  | [HATE]       | 44%    |   14.5ms | I see them being the law and we will hav...
[ENTERTAINM] | YouTube  | [Normal]     | 95%    |   14.0ms | sir mujhe dollar chahie...
[ENTERTAINM] | YouTube  | [Normal]     | 93%    |   12.0ms | hello mrbeast...
[GAMING/GAM] | YouTube  | [Normal]     | 96%    |   14.5ms | AYYYEEE...
[ENTERTAINM] | YouTube  | [Normal]     | 96%    |   12.0ms | :red_heart:...
[GAMING/SUR] | YouTube  | [Normal]     | 94%    |   11.5ms | 3...
[SELF-HELP/] | YouTube  | [Normal]     | 87%    |   12.0ms | how about just not caring?...
[GAMING/GAM] | YouTube  | [Normal]     | 86%    |   10.0ms | I don't like the look of this place...
[GAMING/SUR] | YouTube  | [OFFENSIVE]  | 59%    |   15.0ms | Peanut is a fiend!!!!...
[GAMING/GAM] | YouTube  | [Normal]     | 96%    |   84.7ms | obsVERSTAPEN...
[GAMING/GAM] | YouTube  | [Normal]     | 96%    |   55.2ms | mark its big brain time...
[GAMING/GAM] | YouTube  | [Normal]     | 96%    |   76.7ms | obvervation dutie is great...
[GAMING/GAM] | YouTube  | [Normal]     | 95%    |    9.5ms | ohohoho I win the lighthouse...
[GAMING/SUR] | YouTube  | [Normal]     | 91%    |    8.0ms | watch it happen...
[GAMING/GAM] | YouTube  | [Normal]     | 94%    |   12.0ms | extra!!!!!...
[MUSIC/CHIL] | YouTube  | [Normal]     | 89%    |   14.1ms | hoy sábado...
[GAMING/GAM] | YouTube  | [Normal]     | 97%    |    9.0ms | HIIIIII MARK...
[GAMING/GAM] | YouTube  | [Normal]     | 96%    |    9.6ms | chat is my pfp peak...
[GAMING/GAM] | YouTube  | [Normal]     | 90%    |   15.0ms | MARK IM SEEING IRON LUNG TMR (southwest ...
[ENTERTAINM] | YouTube  | [Normal]     | 93%    |   10.0ms | axuet...
[GAMING/GAM] | YouTube  | [Normal]     | 84%    |   12.4ms | luckily for him  i’m so damn dislexic i ...
[GAMING/SUR] | YouTube  | [Normal]     | 95%    |    8.2ms | SLOTS...
[GAMING/GAM] | YouTube  | [Normal]     | 95%    |   11.0ms | It's the bucket at the top of the lighth...
[GAMING/GAM] | YouTube  | [Normal]     | 97%    |   13.7ms | Observation xD...
[MUSIC/CHIL] | YouTube  | [Normal]     | 98%    |   16.0ms | :cross_mark::tiger:...
[GAMING/GAM] | YouTube  | [Normal]     | 90%    |   13.1ms | THIS IS THE GUY FROM IRON LUNG!...
[GAMING/SUR] | YouTube  | [Normal]     | 97%    |   22.3ms | :rolling_on_the_floor_laughing::rolling_...
[SELF-HELP/] | YouTube  | [Normal]     | 92%    |   12.5ms | I just feel happy for them  honestly. Bu...
[GAMING/GAM] | YouTube  | [Normal]     | 39%    |   13.2ms | no Mark. the world is ending because you...
[ENTERTAINM] | YouTube  | [Normal]     | 90%    |   15.0ms | you mr.beast i from Indonesian...
[GAMING/SUR] | YouTube  | [Normal]     | 96%    |   12.1ms | that was the fastest loss ever...
[SPORTS/PEN] | YouTube  | [Normal]     | 95%    |   11.0ms | ofc...
[GAMING/GAM] | YouTube  | [Normal]     | 97%    |   10.5ms | Welcome to Member!...
[ENTERTAINM] | YouTube  | [Normal]     | 96%    |   12.0ms | NAME AN ANIME CHARACTER FOR EDITOR...
[GAMING/GAM] | YouTube  | [Normal]     | 55%    |   11.0ms | it got briter...
[ENTERTAINM] | YouTube  | [Normal]     | 97%    |   13.0ms | :red_heart::red_heart:...
[GAMING/GAM] | YouTube  | [Normal]     | 92%    |   11.6ms | It’s fine I spell wrong too...
[ENTERTAINM] | YouTube  | [Normal]     | 95%    |   14.0ms | yooo...
[GAMING/SUR] | YouTube  | [OFFENSIVE]  | 94%    |   12.5ms | I’m about to shit myself because of how ...
[GAMING/SUR] | YouTube  | [Normal]     | 97%    |    7.0ms | :face-orange-raised-eyebrow:...
[ENTERTAINM] | YouTube  | [Normal]     | 96%    |    9.6ms | :fearful_face::fearful_face::fearful_fac...
[GAMING/GAM] | YouTube  | [Normal]     | 75%    |   10.0ms | is backseating allowed...
[GAMING/GAM] | YouTube  | [Normal]     | 95%    |   41.2ms | MARK I JUST WATCHED IRON LUNG AND I LOVE...
[ENTERTAINM] | YouTube  | [Normal]     | 95%    |  129.8ms | call speed...
[ENTERTAINM] | YouTube  | [Normal]     | 96%    |   12.0ms | 500 million...
[GAMING/GAM] | YouTube  | [HATE]       | 67%    |   17.0ms | should i go seee iron lung...
[GAMING/GAM] | YouTube  | [Normal]     | 97%    |   13.3ms | I saw the iron lung in theaters with sib...
[ENTERTAINM] | YouTube  | [Normal]     | 90%    |   10.0ms | hey mrbeast...
[ENTERTAINM] | YouTube  | [Normal]     | 95%    |   12.0ms | hiiii...
[ENTERTAINM] | YouTube  | [Normal]     | 97%    |   21.6ms | congratulations :party_popper::party_pop...
[GAMING/GAM] | YouTube  | [Normal]     | 95%    |    7.0ms | water anomaly on the top?...
[GAMING/SUR] | YouTube  | [Normal]     | 94%    |   10.6ms | you can take peanut out of the pirate ga...
[GAMING/GAM] | YouTube  | [Normal]     | 97%    |   12.8ms | mmm stream-...
[GAMING/GAM] | YouTube  | [Normal]     | 97%    |   10.5ms | Mark the stairs at the bottom!...
[ENTERTAINM] | YouTube  | [Normal]     | 92%    |   11.0ms | yes me...
[GAMING/SUR] | YouTube  | [Normal]     | 60%    |   13.0ms | Stealing the bathrobes...
[GAMING/SUR] | YouTube  | [Normal]     | 92%    |   13.0ms | Yes it does AYeeee...
[GAMING/GAM] | YouTube  | [Normal]     | 95%    |    9.5ms | NUMBER 1...
[ENTERTAINM] | YouTube  | [Normal]     | 98%    |   25.2ms | :yt::yt::yt::yt::stopwatch-blue-hand-tim...
[ENTERTAINM] | YouTube  | [Normal]     | 94%    |   10.6ms | 4...
[ENTERTAINM] | YouTube  | [Normal]     | 94%    |   10.0ms | 6...
[ENTERTAINM] | YouTube  | [Normal]     | 95%    |   12.3ms | 67...
[GAMING/GAM] | YouTube  | [Normal]     | 90%    |   11.0ms | ignore everyone in chat...
[GAMING/GAM] | YouTube  | [Normal]     | 97%    |   14.1ms | @markiplier there is a red objekt on the...
[ENTERTAINM] | YouTube  | [Normal]     | 94%    |    7.6ms | 3...
[GAMING/GAM] | YouTube  | [Normal]     | 97%    |    9.0ms | light at yard? by the lighthouse door?...
[GAMING/SUR] | YouTube  | [Normal]     | 97%    |    9.6ms | never thought I'd see the day...
[GAMING/GAM] | YouTube  | [Normal]     | 96%    |   11.3ms | Camera was pulsating in the basement im ...
[GAMING/GAM] | YouTube  | [Normal]     | 88%    |   13.7ms | THE STAIRCASEEEEE...
[GAMING/GAM] | YouTube  | [Normal]     | 92%    |   13.4ms | MISSING MOUSETRAPP...
[GAMING/GAM] | YouTube  | [Normal]     | 97%    |   15.0ms | IT'S BEEN THERE...
[ENTERTAINM] | YouTube  | [Normal]     | 96%    |   11.2ms | hi @beluga1...
[ENTERTAINM] | YouTube  | [Normal]     | 94%    |    9.0ms | 5...
[GAMING/GAM] | YouTube  | [Normal]     | 87%    |    8.9ms | Lock in...
[ENTERTAINM] | YouTube  | [Normal]     | 94%    |  160.5ms | 5...
[MUSIC/CHIL] | YouTube  | [Normal]     | 97%    |    9.0ms | mohini chai:hot_beverage:...
[ENTERTAINM] | YouTube  | [Normal]     | 98%    |   12.0ms | advanced congratulations on 500M :maple_...
[GAMING/GAM] | YouTube  | [OFFENSIVE]  | 70%    |    9.0ms | the bedddddddd...
[ENTERTAINM] | YouTube  | [Normal]     | 91%    |   14.5ms | beast your the best bro love you...
[ENTERTAINM] | YouTube  | [Normal]     | 94%    |   10.0ms | 2...
[MUSIC/CHIL] | YouTube  | [Normal]     | 96%    |   19.5ms | Jaitsii IPO to lagte hi n h mere to ek b...
[GAMING/GAM] | YouTube  | [OFFENSIVE]  | 55%    |    8.7ms | the stairsss...
[ENTERTAINM] | YouTube  | [Normal]     | 91%    |   11.1ms | rock...
[GAMING/GAM] | YouTube  | [Normal]     | 97%    |    7.0ms | GREEN STAIRS MARK...
[GAMING/GAM] | YouTube  | [Normal]     | 94%    |    9.1ms | BASEMENT...
[NEWS/LIVE ] | YouTube  | [Normal]     | 97%    |    9.0ms | eu torço pra Argentina mas esse ano nao ...
[ENTERTAINM] | YouTube  | [Normal]     | 94%    |   13.0ms | Nepal...
[ENTERTAINM] | YouTube  | [Normal]     | 54%    |   12.6ms | Free palestine...
[PSYCHOLOGY] | YouTube  | [Normal]     | 96%    |    9.5ms | i am the boss babe lmao...
[ENTERTAINM] | YouTube  | [Normal]     | 94%    |   10.5ms | 5...
[ENTERTAINM] | YouTube  | [Normal]     | 90%    |   21.5ms | :stayhome::stayhome::stayhome::stayhome:...
[GAMING/GAM] | YouTube  | [Normal]     | 97%    |    6.6ms | MARK THE BASEMENT STAIRS...
[GAMING/GAM] | YouTube  | [Normal]     | 89%    |    9.0ms | WE TOLD YOU...
[ENTERTAINM] | YouTube  | [Normal]     | 97%    |   17.5ms | Hello MrBeast  I’m Ahmed from Gaza. Work...
[MUSIC/CHIL] | YouTube  | [Normal]     | 98%    |   13.5ms | J :helicopter::dashing_away::dashing_awa...
[GAMING/GAM] | YouTube  | [Normal]     | 91%    |    9.6ms | With Eyes...
[ENTERTAINM] | YouTube  | [Normal]     | 97%    |   12.0ms | Hello from  INDIA...
[GAMING/GAM] | YouTube  | [Normal]     | 97%    |   10.0ms | Lantern moved...
[GAMING/GAM] | YouTube  | [Normal]     | 86%    |    7.0ms | The ominous stairs breathing...
[PSYCHOLOGY] | YouTube  | [Normal]     | 96%    |   13.6ms | i think i low-key used to lookmaxx b4 it...
[GAMING/GAM] | YouTube  | [Normal]     | 93%    |   15.0ms | I HAVEN'T SEEN THE MOVIE YET AND IM SAD ...
[GAMING/GAM] | YouTube  | [Normal]     | 93%    |    9.6ms | Oh my God...
[GAMING/GAM] | YouTube  | [Normal]     | 96%    |   11.0ms | wait- lighthouse and iron lung cross ove...
[GAMING/GAM] | YouTube  | [Normal]     | 86%    |   13.0ms | Undulating!...
[GAMING/GAM] | YouTube  | [Normal]     | 96%    |   11.0ms | hi!!...
[GAMING/GAM] | YouTube  | [Normal]     | 97%    |   69.2ms | I'M SEEING IRON LUNG FOR THE 5TH TIME TO...
[GAMING/GAM] | YouTube  | [Normal]     | 95%    |   59.7ms | Iron lung sounded perfect at our theater...
[GAMING/GAM] | YouTube  | [Normal]     | 90%    |   11.0ms | the title is an anamoly...
[GAMING/GAM] | YouTube  | [Normal]     | 95%    |   11.6ms | HIIII...
[SELF-HELP/] | YouTube  | [Normal]     | 96%    |   16.2ms | Luckily I don't think I've ever felt thi...
[ENTERTAINM] | YouTube  | [Normal]     | 95%    |   11.7ms | INDONESIA  INDONESIA...
[GAMING/GAM] | YouTube  | [Normal]     | 94%    |   11.0ms | Dam y’all good...
[GAMING/GAM] | YouTube  | [Normal]     | 94%    |   11.6ms | Hi...
[ENTERTAINM] | YouTube  | [Normal]     | 96%    |   11.5ms | :1st_place_medal:...
[ENTERTAINM] | YouTube  | [Normal]     | 96%    |   11.3ms | :pleading_face:...
[NEWS/LIVE ] | YouTube  | [Normal]     | 92%    |   10.5ms | Hey ENNOS bro...
[GAMING/SUR] | YouTube  | [Normal]     | 90%    |   14.6ms | playing rust let's goo...
[ENTERTAINM] | YouTube  | [Normal]     | 96%    |   12.1ms | Is this your first live stream...
[ENTERTAINM] | YouTube  | [Normal]     | 95%    |   12.0ms | yeaaaaaaaaaa...
[ENTERTAINM] | YouTube  | [Normal]     | 94%    |   10.7ms | hi...
[GAMING/GAM] | YouTube  | [Normal]     | 91%    |   11.0ms | BUCKET...
[GAMING/GAM] | YouTube  | [Normal]     | 96%    |   10.0ms | saw iron lung last night! love from east...
[ENTERTAINM] | YouTube  | [Normal]     | 98%    |   19.6ms | congratulations bro :clapping_hands::cla...
[PSYCHOLOGY] | YouTube  | [Normal]     | 90%    |   13.2ms | oh no  I'm animus obsessed!...
[ENTERTAINM] | YouTube  | [Normal]     | 95%    |   15.6ms | Olm anlamadım...
[ENTERTAINM] | YouTube  | [Normal]     | 97%    |   12.0ms | 500m...
[GAMING/GAM] | YouTube  | [Normal]     | 95%    |   16.1ms | Have the bed sheets in the bedroom moved...
[ENTERTAINM] | YouTube  | [Normal]     | 90%    |   13.6ms | 𝚑𝚘𝚕𝚊...
[GAMING/GAM] | YouTube  | [Normal]     | 95%    |   15.6ms | hiya mark jus wanted to say congrats on ...
[GAMING/GAM] | YouTube  | [Normal]     | 92%    |   11.5ms | bed...
[GAMING/GAM] | YouTube  | [Normal]     | 92%    |   12.1ms | BED...
[GAMING/GAM] | YouTube  | [Normal]     | 91%    |   12.5ms | IM HEADING TO WATCH YOUR MOVIIIIEEE...
[ENTERTAINM] | YouTube  | [Normal]     | 95%    |   11.5ms | Hello...
[GAMING/GAM] | YouTube  | [Normal]     | 97%    |   10.7ms | observation deck...
[GAMING/GAM] | YouTube  | [Normal]     | 97%    |   14.0ms | fuse box?...
[ENTERTAINM] | YouTube  | [Normal]     | 97%    |   12.6ms | :soccer_ball::cricket_game::soccer_ball:...
[GAMING/GAM] | YouTube  | [Normal]     | 98%    |   88.2ms | The colorful cones in the corner there w...
[GAMING/GAM] | YouTube  | [Normal]     | 96%    |   71.2ms | Suppp...
[GAMING/GAM] | YouTube  | [Normal]     | 97%    |   16.6ms | HI MARK this is my first stream...
[GAMING/GAM] | YouTube  | [Normal]     | 95%    |    9.5ms | PIER MISSING POLE RIGHT...
[ENTERTAINM] | YouTube  | [Normal]     | 94%    |   14.7ms | @MrBeast Mr. Beast  when are you coming ...
[ENTERTAINM] | YouTube  | [Normal]     | 97%    |   18.0ms | Hallo sir I am alok kumar and I am from ...
[GAMING/GAM] | YouTube  | [Normal]     | 96%    |   11.5ms | the railing?...
[PSYCHOLOGY] | YouTube  | [Normal]     | 96%    |   10.0ms | I daydream about having super powers tbh...
[ENTERTAINM] | YouTube  | [Normal]     | 95%    |   13.0ms | congratulations...
[ENTERTAINM] | YouTube  | [Normal]     | 98%    |   13.6ms | Thank you for uploading an interesting v...
[PSYCHOLOGY] | YouTube  | [Normal]     | 65%    |   12.9ms | too real...
[GAMING/GAM] | YouTube  | [Normal]     | 92%    |   13.6ms | anomaly in the top left...
[SELF-HELP/] | YouTube  | [Normal]     | 77%    |   11.7ms | I only hate myself though doctor....
[GAMING/GAM] | YouTube  | [Normal]     | 84%    |   13.1ms | NOOO...
[ENTERTAINM] | YouTube  | [Normal]     | 95%    |    9.2ms | jimmy hello...
[GAMING/GAM] | YouTube  | [Normal]     | 96%    |   12.0ms | yo mark the movie was awesome...
[GAMING/GAM] | YouTube  | [Normal]     | 94%    |   16.0ms | the gasp I gusped when I saw OD streamin...
[GAMING/GAM] | YouTube  | [Normal]     | 96%    |   11.5ms | There’s two bottles?...
[GAMING/GAM] | YouTube  | [Normal]     | 96%    |    7.0ms | Extra bottle outside...
[GAMING/GAM] | YouTube  | [Normal]     | 95%    |   11.0ms | Hey Mark! Congratulations on the movie m...
[ENTERTAINM] | YouTube  | [Normal]     | 97%    |    7.6ms | hello :waving_hand:...
[GAMING/GAM] | YouTube  | [Normal]     | 93%    |    9.8ms | mark are you a fan of that new movie  th...
[GAMING/GAM] | YouTube  | [Normal]     | 97%    |   10.0ms | the grate on the lighthouse at the top. ...
[GAMING/GAM] | YouTube  | [Normal]     | 94%    |    8.6ms | iron lung in romania?...
[ENTERTAINM] | YouTube  | [Normal]     | 95%    |    7.6ms | Hii...
[GAMING/GAM] | YouTube  | [Normal]     | 95%    |   14.0ms | WATER IN THE PO...
[GAMING/GAM] | YouTube  | [Normal]     | 97%    |   10.0ms | LIGHT INTERIOR...
[ENTERTAINM] | YouTube  | [Normal]     | 95%    |   15.1ms | bye mrbeast its 10 pm in here i lived in...
[GAMING/GAM] | YouTube  | [Normal]     | 85%    |   14.6ms | mark is too good  he doesnt need our hel...
[GAMING/SUR] | YouTube  | [Normal]     | 91%    |   12.0ms | welcome my goopa...
[MUSIC/CHIL] | YouTube  | [Normal]     | 94%    |   13.6ms | जिसने pucha usko...
[GAMING/GAM] | YouTube  | [Normal]     | 97%    |  125.2ms | Was the fuse box open in Interior???...
[ENTERTAINM] | YouTube  | [Normal]     | 93%    |   43.5ms | 돈줘 비스트형...
[MUSIC/CHIL] | YouTube  | [Normal]     | 95%    |   16.5ms | ai mușcat pe timpi...
[MUSIC/CHIL] | YouTube  | [Normal]     | 96%    |   14.6ms | kisne ??...
[PSYCHOLOGY] | YouTube  | [Normal]     | 93%    |    8.0ms | Holy coping...
[GAMING/SUR] | YouTube  | [Normal]     | 96%    |    8.0ms | FUEL IN THE BOXES IN FRONT HALL...
[ENTERTAINM] | YouTube  | [Normal]     | 96%    |    8.1ms | hello Jimmy...
[GAMING/GAM] | YouTube  | [Normal]     | 97%    |    6.6ms | mark do you allow fan animations??:red_h...
[NEWS/LIVE ] | YouTube  | [Normal]     | 86%    |    8.0ms | Argentina por favor jogue o melhor futeb...
[GAMING/GAM] | YouTube  | [Normal]     | 95%    |    8.6ms | the bottle...
[GAMING/SUR] | YouTube  | [Normal]     | 97%    |   10.0ms | alot...
[ENTERTAINM] | YouTube  | [Normal]     | 94%    |   12.6ms | hi...
[GAMING/GAM] | YouTube  | [Normal]     | 94%    |   10.6ms | yess...
[ENTERTAINM] | YouTube  | [Normal]     | 94%    |   13.0ms | 1...
[GAMING/GAM] | YouTube  | [Normal]     | 88%    |   15.0ms | Light anomaly light house...
[GAMING/GAM] | YouTube  | [Normal]     | 93%    |   12.6ms | daamn...
[GAMING/SUR] | YouTube  | [Normal]     | 90%    |   10.5ms | NO PEANUT...
[GAMING/GAM] | YouTube  | [Normal]     | 96%    |   12.1ms | cross in the distance of the porch?...
[SELF-HELP/] | YouTube  | [Normal]     | 97%    |   11.0ms | wow over grass?...
[GAMING/GAM] | YouTube  | [Normal]     | 91%    |    9.5ms | w...
[ENTERTAINM] | YouTube  | [Normal]     | 97%    |   14.0ms | wbu mrbeast...
[GAMING/GAM] | YouTube  | [Normal]     | 94%    |   12.1ms | The stairwell fence moved...
[ENTERTAINM] | YouTube  | [Normal]     | 94%    |    8.0ms | 1...
[ENTERTAINM] | YouTube  | [Normal]     | 94%    |   11.0ms | হাই...
[GAMING/GAM] | YouTube  | [Normal]     | 90%    |    8.0ms | YESSSS...
[GAMING/GAM] | YouTube  | [Normal]     | 96%    |    8.7ms | Cheese!...
[ENTERTAINM] | YouTube  | [Normal]     | 94%    |   11.3ms | 1...
[ENTERTAINM] | YouTube  | [Normal]     | 96%    |   16.4ms | where's ur crew???...
[GAMING/GAM] | YouTube  | [Normal]     | 90%    |   14.7ms | it's not clocking to you...
[ENTERTAINM] | YouTube  | [Normal]     | 94%    |    9.5ms | 1...
[GAMING/SUR] | YouTube  | [Normal]     | 95%    |   12.0ms | Higher...
[GAMING/GAM] | YouTube  | [Normal]     | 93%    |   14.1ms | I think you missed the ocean of blood!...
[ENTERTAINM] | YouTube  | [Normal]     | 94%    |  104.8ms | 2...
[ENTERTAINM] | YouTube  | [Normal]     | 93%    |   40.0ms | hiuiui...
[GAMING/SUR] | YouTube  | [Normal]     | 87%    |    8.0ms | No...
[GAMING/SUR] | YouTube  | [Normal]     | 96%    |   13.8ms | get wiljum on trust...
[GAMING/GAM] | YouTube  | [Normal]     | 96%    |   12.0ms | Saw iron lung last night and I can’t sto...
[ENTERTAINM] | YouTube  | [Normal]     | 97%    |   13.0ms | Hola saludos desde Venezuela :hugging_fa...
[GAMING/GAM] | YouTube  | [Normal]     | 97%    |   12.5ms | STAIRWELL RIGHTMOST RAILING MOVED...
[GAMING/GAM] | YouTube  | [Normal]     | 94%    |   11.0ms | missing room?...
[ENTERTAINM] | YouTube  | [Normal]     | 97%    |    9.5ms | bro i am sri lanaka...
[SELF-HELP/] | YouTube  | [Normal]     | 76%    |   12.9ms | but you level up...
[GAMING/SUR] | YouTube  | [Normal]     | 84%    |   14.6ms | north is only for solar...
[GAMING/SUR] | YouTube  | [Normal]     | 85%    |   13.5ms | nooooo...
[ENTERTAINM] | YouTube  | [Normal]     | 92%    |   12.0ms | MRBEAST...
[ENTERTAINM] | YouTube  | [Normal]     | 97%    |   14.0ms | can you sing a song?...
[GAMING/SUR] | YouTube  | [Normal]     | 86%    |   10.6ms | Higher but...
[ENTERTAINM] | YouTube  | [Normal]     | 95%    |   11.0ms | 111111111...
[GAMING/SUR] | YouTube  | [Normal]     | 95%    |   12.1ms | higher...
[ENTERTAINM] | YouTube  | [Normal]     | 95%    |   16.5ms | Congratulations...
[PSYCHOLOGY] | YouTube  | [Normal]     | 94%    |   11.5ms | It's interesting how Anima relates to Pu...
[GAMING/SUR] | YouTube  | [Normal]     | 87%    |   10.1ms | No...
[GAMING/SUR] | YouTube  | [Normal]     | 95%    |    9.8ms | 7 high...
[SELF-HELP/] | YouTube  | [Normal]     | 97%    |    9.6ms | i love your videos...
[GAMING/GAM] | YouTube  | [Normal]     | 94%    |   17.0ms | Mark you're good so far...
[GAMING/SUR] | YouTube  | [Normal]     | 96%    |   11.6ms | Higher is better. direction doesn’t matt...
[GAMING/GAM] | YouTube  | [Normal]     | 97%    |   10.1ms | Oh Mark!! Hii...
[GAMING/GAM] | YouTube  | [Normal]     | 97%    |   10.0ms | truly this is the observation of all tim...
[ENTERTAINM] | YouTube  | [Normal]     | 93%    |   13.5ms | *DAY 1 OF ASKING MR BEAST TO GIVE ME A S...
[ENTERTAINM] | YouTube  | [Normal]     | 86%    |   10.5ms | call Pewdiepie...
[GAMING/GAM] | YouTube  | [Normal]     | 98%    |   17.2ms | painting my nails red for the lungs...
[GAMING/SUR] | YouTube  | [Normal]     | 94%    |   11.5ms | rip...
[GAMING/GAM] | YouTube  | [Normal]     | 93%    |   10.6ms | extra railing...
[GAMING/SUR] | YouTube  | [Normal]     | 78%    |   71.8ms | u need it hihger omg...
[GAMING/GAM] | YouTube  | [Normal]     | 93%    |   45.8ms | YOURE SO COOL MARKKK...
[ENTERTAINM] | YouTube  | [Normal]     | 94%    |   10.4ms | 1...
[ENTERTAINM] | YouTube  | [OFFENSIVE]  | 47%    |   14.1ms | lets goooo...
[GAMING/GAM] | YouTube  | [Normal]     | 94%    |   11.0ms | Nice...
[GAMING/GAM] | YouTube  | [Normal]     | 97%    |   11.0ms | Dock farther??...
[GAMING/GAM] | YouTube  | [Normal]     | 92%    |   11.0ms | THE STAIRS...
[GAMING/GAM] | YouTube  | [Normal]     | 95%    |   11.8ms | IRON LUNG IS AN INSPIRATION TO MY NEXT S...
[GAMING/SUR] | YouTube  | [Normal]     | 97%    |    9.6ms | pumpkin...
[GAMING/GAM] | YouTube  | [Normal]     | 68%    |   11.0ms | you bad at this...
[ENTERTAINM] | YouTube  | [Normal]     | 92%    |    9.5ms | I CANT WAIT!!!!!!!!...
[ENTERTAINM] | YouTube  | [Normal]     | 95%    |   10.0ms | congratulations...
[ENTERTAINM] | YouTube  | [Normal]     | 97%    |    7.0ms | :eyes-purple-crying::eyes-purple-crying:...
[GAMING/GAM] | YouTube  | [Normal]     | 94%    |    9.0ms | Do hard mode...
[GAMING/SUR] | YouTube  | [Normal]     | 94%    |   19.5ms | now look at the windmill LOL...
[ENTERTAINM] | YouTube  | [Normal]     | 95%    |   11.0ms | you love Indonesia...
[GAMING/GAM] | YouTube  | [Normal]     | 95%    |    7.0ms | L NOOB...
[GAMING/SUR] | YouTube  | [Normal]     | 85%    |    7.0ms | lies...
[GAMING/GAM] | YouTube  | [Normal]     | 90%    |    8.5ms | yessss...
[GAMING/GAM] | YouTube  | [Normal]     | 91%    |    7.0ms | Noob...
[ENTERTAINM] | YouTube  | [Normal]     | 97%    |    6.7ms | please play sidhu moose wala song - mera...
[GAMING/GAM] | YouTube  | [Normal]     | 94%    |    8.0ms | W Mark...
[SELF-HELP/] | YouTube  | [Normal]     | 95%    |   12.0ms | Universe let my nervous system get shred...
[SELF-HELP/] | YouTube  | [Normal]     | 97%    |    8.1ms | Thank you Dr. K...
[GAMING/GAM] | YouTube  | [Normal]     | 97%    |   10.5ms | lantern moved  rail position moved lol...
[PSYCHOLOGY] | YouTube  | [Normal]     | 96%    |    9.0ms | Ani me!^^...
[GAMING/GAM] | YouTube  | [Normal]     | 95%    |   10.0ms | obversation...
[GAMING/GAM] | YouTube  | [Normal]     | 97%    |   12.2ms | it's perfectly fine...
[ENTERTAINM] | YouTube  | [Normal]     | 93%    |   10.0ms | chat is not honest...
[ENTERTAINM] | YouTube  | [Normal]     | 94%    |   10.0ms | hi...
[GAMING/GAM] | YouTube  | [Normal]     | 94%    |   17.0ms | chat  is he being real...
[GAMING/GAM] | YouTube  | [Normal]     | 37%    |   75.6ms | BAN THEM THEY ARE WRONG...
[ENTERTAINM] | YouTube  | [Normal]     | 94%    |   97.3ms | y...
[GAMING/GAM] | YouTube  | [Normal]     | 94%    |    8.1ms | ok...
[GAMING/GAM] | YouTube  | [Normal]     | 92%    |   15.3ms | opbject manipulation in tittle...
[GAMING/GAM] | YouTube  | [Normal]     | 96%    |    6.3ms | hiiiiiiiiii...
[GAMING/GAM] | YouTube  | [Normal]     | 95%    |    9.5ms | not a noob lol...
[GAMING/GAM] | YouTube  | [Normal]     | 95%    |    7.0ms | as a librarian I stand behind you lol...
[GAMING/GAM] | YouTube  | [Normal]     | 94%    |    9.7ms | noobbbbb...
[SELF-HELP/] | YouTube  | [Normal]     | 97%    |    7.9ms | ENERGYYYY. It's ALL energy!...
[ENTERTAINM] | YouTube  | [Normal]     | 95%    |    7.0ms | 67...
[ENTERTAINM] | YouTube  | [Normal]     | 97%    |   12.6ms | :heart_hands::heart_hands::heart_hands::...
[GAMING/GAM] | YouTube  | [Normal]     | 94%    |   16.7ms | HAHAHAA...
[ENTERTAINM] | YouTube  | [Normal]     | 95%    |    9.5ms | Hiii...
[ENTERTAINM] | YouTube  | [Normal]     | 96%    |   12.0ms | I was here...
[ENTERTAINM] | YouTube  | [Normal]     | 97%    |   10.5ms | vino ok...
[ENTERTAINM] | YouTube  | [Normal]     | 94%    |    9.0ms | hi...
[ENTERTAINM] | YouTube  | [Normal]     | 96%    |   21.1ms | :check_mark_button::check_mark_button::c...
[GAMING/GAM] | YouTube  | [Normal]     | 89%    |    7.0ms | Nah you right...
[GAMING/GAM] | YouTube  | [Normal]     | 93%    |   15.1ms | hello everybody my name is obversation...
[GAMING/GAM] | YouTube  | [Normal]     | 97%    |   13.5ms | OBVERSATION :loudly_crying_face::loudly_...
[GAMING/GAM] | YouTube  | [Normal]     | 97%    |    9.1ms | love the movie mark...
[ENTERTAINM] | YouTube  | [Normal]     | 94%    |   11.0ms | hi...
[MUSIC/CHIL] | YouTube  | [Normal]     | 87%    |   11.3ms | thnx sis...
[ENTERTAINM] | YouTube  | [Normal]     | 77%    |   11.0ms | yo beast whats good...
[GAMING/GAM] | YouTube  | [Normal]     | 95%    |   14.0ms | Swaooing the S and V xd...
[ENTERTAINM] | YouTube  | [Normal]     | 97%    |   12.0ms | please pay 1000$...
[GAMING/GAM] | YouTube  | [OFFENSIVE]  | 62%    |   18.0ms | Goofy goober yea :smiling_face_with_sung...
[PSYCHOLOGY] | YouTube  | [Normal]     | 96%    |    9.0ms | yea...
[GAMING/GAM] | YouTube  | [Normal]     | 90%    |   11.7ms | You fixed the title anomaly...
[GAMING/GAM] | YouTube  | [Normal]     | 94%    |   14.9ms | not sure if its just me  but Mark feels ...
[GAMING/GAM] | YouTube  | [Normal]     | 93%    |   14.0ms | Keep it Obversation duty and just say yo...
[ENTERTAINM] | YouTube  | [Normal]     | 92%    |   15.5ms | ww...
[ENTERTAINM] | YouTube  | [Normal]     | 97%    |  111.7ms | Love from Texas...
[GAMING/GAM] | YouTube  | [Normal]     | 94%    |   19.5ms | This makes you wonder how many type-o's ...
[ENTERTAINM] | YouTube  | [Normal]     | 95%    |   13.0ms | wow...
[GAMING/GAM] | YouTube  | [Normal]     | 97%    |    7.5ms | OBVERSATION DUTY :fire::fire::fire:...
[GAMING/GAM] | YouTube  | [Normal]     | 95%    |    9.6ms | Obversation...
[ENTERTAINM] | YouTube  | [Normal]     | 97%    |   12.6ms | Promoting another YT…:chart_increasing::...
[ENTERTAINM] | YouTube  | [Normal]     | 94%    |   11.6ms | sup jim...
[GAMING/GAM] | YouTube  | [Normal]     | 91%    |   14.2ms | lowkey kinda like Five Nights at JR's...
[GAMING/GAM] | YouTube  | [Normal]     | 80%    |   16.3ms | Camera malfunction means it was gone...
[ENTERTAINM] | YouTube  | [Normal]     | 94%    |   13.0ms | SO OLD BUT GOLD...
[ENTERTAINM] | YouTube  | [Normal]     | 97%    |   17.1ms | :smiling_face_with_heart_eyes:...
[ENTERTAINM] | YouTube  | [Normal]     | 74%    |   16.2ms | :party_popper::party_popper::party_poppe...
[GAMING/GAM] | YouTube  | [Normal]     | 91%    |   12.5ms | camera malfunction was when the game end...
[ENTERTAINM] | YouTube  | [Normal]     | 62%    |   11.5ms | les goooo...
[GAMING/GAM] | YouTube  | [Normal]     | 45%    |   12.5ms | YIPPEEE...
[GAMING/GAM] | YouTube  | [Normal]     | 90%    |   12.1ms | heck yeah !!!...
[GAMING/GAM] | YouTube  | [Normal]     | 97%    |   11.6ms | HOORAYY...
[GAMING/GAM] | YouTube  | [Normal]     | 52%    |   11.5ms | hell yeah...
[SELF-HELP/] | YouTube  | [Normal]     | 89%    |   13.5ms | How do I know it's not my adhd telling m...
[MUSIC/CHIL] | YouTube  | [Normal]     | 93%    |   10.8ms | buci...
[GAMING/GAM] | YouTube  | [Normal]     | 95%    |   13.6ms | yay...
[SELF-HELP/] | YouTube  | [Normal]     | 60%    |   21.5ms | I hate Putin  not cuz I envy him  cuz I ...
[GAMING/GAM] | YouTube  | [Normal]     | 95%    |   11.0ms | YAY...
[ENTERTAINM] | YouTube  | [Normal]     | 95%    |   13.0ms | gift me car...
[ENTERTAINM] | YouTube  | [Normal]     | 96%    |   15.0ms | jimmy i am subscribed you from 2020...
[PSYCHOLOGY] | YouTube  | [Normal]     | 97%    |   14.0ms | @corvulge lmfao i miss captions. i wish ...
[ENTERTAINM] | YouTube  | [Normal]     | 95%    |   21.0ms | Bro give A super bike like bmw 1000 RR :...
[PSYCHOLOGY] | YouTube  | [Normal]     | 92%    |   12.6ms | Too often I spend time internally  think...
[ENTERTAINM] | YouTube  | [Normal]     | 96%    |   13.2ms | кто из русских...
[PSYCHOLOGY] | YouTube  | [Normal]     | 96%    |   12.0ms | Makes sens...
[GAMING/SUR] | YouTube  | [Normal]     | 81%    |    8.0ms | so bad...
[GAMING/SUR] | YouTube  | [Normal]     | 89%    |  180.3ms | nice windmill haha...
[ENTERTAINM] | YouTube  | [Normal]     | 97%    |   17.0ms | :thanksdoc::yt:...
[GAMING/GAM] | YouTube  | [Normal]     | 97%    |    8.0ms | basement barrell...
[ENTERTAINM] | YouTube  | [Normal]     | 93%    |   13.0ms | :rolling_on_the_floor_laughing:...
[GAMING/GAM] | YouTube  | [Normal]     | 87%    |   10.6ms | lock the door...
[GAMING/SUR] | YouTube  | [Normal]     | 93%    |   13.4ms | oh my god...
[MUSIC/CHIL] | YouTube  | [Normal]     | 98%    |   19.1ms | BLOSS :bouquet::small_blue_diamond: Boll...
[GAMING/GAM] | YouTube  | [Normal]     | 96%    |   11.0ms | IRON LING FOR MOVER OF THE YEAR!!!!...
[GAMING/GAM] | YouTube  | [Normal]     | 82%    |   11.0ms | yes they did...
[ENTERTAINM] | YouTube  | [Normal]     | 95%    |   10.7ms | 667...
[ENTERTAINM] | YouTube  | [Normal]     | 91%    |   10.1ms | hey...
[ENTERTAINM] | YouTube  | [Normal]     | 96%    |   10.0ms | for my business brother pzz help me...
[ENTERTAINM] | YouTube  | [Normal]     | 95%    |   10.3ms | MR BEAST WORLD CUP...
[GAMING/GAM] | YouTube  | [Normal]     | 87%    |   12.7ms | i wanna watch iron lung SOOOOO bad icl...
[GAMING/GAM] | YouTube  | [Normal]     | 79%    |   12.7ms | There's a man in the top left corner...
[GAMING/GAM] | YouTube  | [Normal]     | 77%    |   13.8ms | You polling bro!?!...
[MUSIC/CHIL] | YouTube  | [Normal]     | 97%    |   12.9ms | Prasa hey bro :handshake: :clinking_beer...
[PSYCHOLOGY] | YouTube  | [Normal]     | 93%    |   10.8ms | is VPN a need...
[ENTERTAINM] | YouTube  | [Normal]     | 93%    |   10.6ms | hlo...
[GAMING/GAM] | YouTube  | [Normal]     | 95%    |   16.5ms | LIGHTHOUSE TOP HAS A WEIRD CIRCLE SYMBOL...
[GAMING/SUR] | YouTube  | [Normal]     | 77%    |   11.1ms | ACTUAL FOOLISHNESS...
[GAMING/GAM] | YouTube  | [Normal]     | 88%    |   12.4ms | IN THE THEATER BOUTA WATCH IRON LUNG...
[ENTERTAINM] | YouTube  | [Normal]     | 95%    |   12.1ms | Asalamualaikum...
[ENTERTAINM] | YouTube  | [Normal]     | 91%    |   14.4ms | Hey mr beast can u help me I’m from Indi...
[GAMING/GAM] | YouTube  | [Normal]     | 94%    |   13.5ms | this doesn't look like Silent Hill F :th...
[ENTERTAINM] | YouTube  | [Normal]     | 95%    |   13.4ms | hello...
[GAMING/GAM] | YouTube  | [Normal]     | 92%    |   11.0ms | I’m seeing iron lung in 2 hours. Mark yo...
[MUSIC/CHIL] | YouTube  | [Normal]     | 96%    |   14.4ms | Ohh :anguished_face: is she doc Prasa :l...
[SELF-HELP/] | YouTube  | [Normal]     | 97%    |   19.4ms | I could see this for people you don't kn...
[GAMING/GAM] | YouTube  | [Normal]     | 93%    |    8.0ms | L...
[GAMING/GAM] | YouTube  | [Normal]     | 74%    |   11.0ms | anyone else see a body like shape under ...
[GAMING/GAM] | YouTube  | [Normal]     | 88%    |   20.0ms | :woman_facepalming: we love you mark...
[MUSIC/CHIL] | YouTube  | [Normal]     | 97%    |   14.1ms | :green_heart::elephant:...
[SELF-HELP/] | YouTube  | [Normal]     | 60%    |   19.0ms | what does it mean when you hate yourself...
[GAMING/SUR] | YouTube  | [Normal]     | 87%    |   18.0ms | Let him help...
[GAMING/GAM] | YouTube  | [Normal]     | 96%    |   16.0ms | flare???...
[GAMING/GAM] | YouTube  | [Normal]     | 94%    |   15.0ms | Keep an eye on the map in the interior...
[ENTERTAINM] | YouTube  | [Normal]     | 96%    |   18.0ms | How do yall not know lol?...
[GAMING/GAM] | YouTube  | [Normal]     | 89%    |   19.0ms | PHONE ANOMALY...
[GAMING/GAM] | YouTube  | [Normal]     | 97%    |   28.7ms | Mark I’ve watched you for 10 years!...
[ENTERTAINM] | YouTube  | [Normal]     | 97%    |   18.0ms | from Pakistan :red_heart:...
[GAMING/GAM] | YouTube  | [Normal]     | 97%    |   21.7ms | Bye mark I need to go love you...
[PSYCHOLOGY] | YouTube  | [Normal]     | 82%    |   19.5ms | how u guys deal with conformity...
[GAMING/GAM] | YouTube  | [Normal]     | 91%    |   18.0ms | Hey...
[ENTERTAINM] | YouTube  | [Normal]     | 98%    |    9.6ms | FROM BANGLADESH :green_circle::red_circl...
[ENTERTAINM] | YouTube  | [Normal]     | 98%    |   24.1ms | siempre participamos con la esperanza de...
[GAMING/SUR] | YouTube  | [Normal]     | 83%    |   19.0ms | weiner is on fire...
[GAMING/GAM] | YouTube  | [Normal]     | 95%    |   21.6ms | It looks cool...
[GAMING/GAM] | YouTube  | [Normal]     | 97%    |   86.1ms | Watched Iron Lung today. Loved it  love ...
[ENTERTAINM] | YouTube  | [Normal]     | 97%    |   72.8ms | MrBeast  congrats on 500 million! As you...
[MUSIC/CHIL] | YouTube  | [Normal]     | 96%    |   12.5ms | son culpa de putin y maduro...
[ENTERTAINM] | YouTube  | [Normal]     | 96%    |   13.1ms | hi Mr. Beast! I wish you the best!...
[GAMING/SUR] | YouTube  | [OFFENSIVE]  | 86%    |   14.1ms | -2k scrap and base is fucked up...
[ENTERTAINM] | YouTube  | [Normal]     | 94%    |   12.0ms | kai cenet?...
[ENTERTAINM] | YouTube  | [Normal]     | 94%    |    8.0ms | hi...
[GAMING/SUR] | YouTube  | [Normal]     | 91%    |   12.6ms | and you lost all your money lol...
[PSYCHOLOGY] | YouTube  | [Normal]     | 58%    |    7.6ms | What if I don’t want to have kids? (As a...
[SELF-HELP/] | YouTube  | [Normal]     | 96%    |   12.0ms | lol pure...
[SELF-HELP/] | YouTube  | [Normal]     | 56%    |   13.6ms | they don't stay in the matrix...
[ENTERTAINM] | YouTube  | [Normal]     | 85%    |   15.1ms | you are the best !!!!!!¡...
[GAMING/SUR] | YouTube  | [Normal]     | 61%    |   12.0ms | gingy gonna wake up to this :rolling_on_...
[ENTERTAINM] | YouTube  | [Normal]     | 94%    |    8.5ms | Yeeeee...
[ENTERTAINM] | YouTube  | [Normal]     | 88%    |    7.0ms | give me money...
[ENTERTAINM] | YouTube  | [Normal]     | 90%    |    7.5ms | maybe...
[GAMING/GAM] | YouTube  | [Normal]     | 97%    |    9.0ms | I’m back. He fixed the name I see lol...
[GAMING/SUR] | YouTube  | [HATE]       | 42%    |   10.0ms | All i know is they suck...
[ENTERTAINM] | YouTube  | [Normal]     | 96%    |   22.5ms | :yt::yt::yt::yt::yt::yt::yt::yt::yt::tha...
[ENTERTAINM] | YouTube  | [Normal]     | 96%    |    9.6ms | U.S. and no clue lol...
[GAMING/GAM] | YouTube  | [Normal]     | 95%    |   12.0ms | I see iron lung on Thursday January 29th...
[PSYCHOLOGY] | YouTube  | [Normal]     | 97%    |   12.0ms | holy shii these are hard conversations...
[GAMING/GAM] | YouTube  | [Normal]     | 90%    |   10.0ms | don't see a face "yet"...
[GAMING/SUR] | YouTube  | [Normal]     | 66%    |    9.9ms | you need cloaksy RPG...
[GAMING/SUR] | YouTube  | [Normal]     | 80%    |   18.1ms | They changed the heli about a year ago a...
[MUSIC/CHIL] | YouTube  | [Normal]     | 96%    |    8.0ms | vizz raaledhe...
[ENTERTAINM] | YouTube  | [Normal]     | 97%    |    9.0ms | Congratulations And Celebrations...
[ENTERTAINM] | YouTube  | [Normal]     | 90%    |   10.0ms | But for real who is he...
[SELF-HELP/] | YouTube  | [Normal]     | 95%    |   10.0ms | Ws for chat...
[ENTERTAINM] | YouTube  | [Normal]     | 95%    |    9.5ms | hello...
[GAMING/GAM] | YouTube  | [Normal]     | 90%    |    9.5ms | Oh my GOD NO...
[GAMING/GAM] | YouTube  | [Normal]     | 97%    |   29.0ms | Hey Mark  I have been watching your cont...
[GAMING/GAM] | YouTube  | [Normal]     | 93%    |   15.1ms | MISSING CAMERA...
[ENTERTAINM] | YouTube  | [Normal]     | 96%    |   25.0ms | hi :thumbs_up:hi...
[GAMING/SUR] | YouTube  | [HATE]       | 66%    |   23.5ms | well at least the windmill should be gon...
[PSYCHOLOGY] | YouTube  | [Normal]     | 80%    |   40.3ms | @ginevraaa if you want more connection t...
[ENTERTAINM] | YouTube  | [Normal]     | 93%    |   15.0ms | Mr beast is best...
[ENTERTAINM] | YouTube  | [Normal]     | 94%    |  108.6ms | Ray...
[GAMING/GAM] | YouTube  | [Normal]     | 87%    |   11.6ms | You’re live whattt since when...
[GAMING/GAM] | YouTube  | [Normal]     | 97%    |   15.0ms | Would you ever play League Of Legends fo...
[GAMING/GAM] | YouTube  | [Normal]     | 95%    |   13.6ms | the stairs look oddly green...
[GAMING/GAM] | YouTube  | [Normal]     | 97%    |   16.0ms | FUSE BOX in Interior...
[ENTERTAINM] | YouTube  | [Normal]     | 93%    |   12.0ms | I LOVE YOU MR BEAST SIR...
[ENTERTAINM] | YouTube  | [Normal]     | 94%    |   13.0ms | Do speed...
[ENTERTAINM] | YouTube  | [Normal]     | 96%    |   11.0ms | big fan...
[GAMING/SUR] | YouTube  | [Normal]     | 90%    |   15.0ms | OMG OMG PANIC...
[NEWS/LIVE ] | YouTube  | [Normal]     | 92%    |   13.5ms | They rejected him from the press confere...
[ENTERTAINM] | YouTube  | [Normal]     | 91%    |    9.6ms | منم...
[GAMING/GAM] | YouTube  | [Normal]     | 95%    |   15.6ms | Iron Lung's director dude is playing gam...
[ENTERTAINM] | YouTube  | [Normal]     | 92%    |   12.7ms | do yall live in a rock how do yall not k...
[MUSIC/CHIL] | YouTube  | [Normal]     | 95%    |   10.5ms | :zzz:...
[GAMING/GAM] | YouTube  | [Normal]     | 93%    |   13.7ms | extra bottle pier...
[ENTERTAINM] | YouTube  | [Normal]     | 87%    |   11.0ms | a...
[GAMING/GAM] | YouTube  | [Normal]     | 95%    |   15.0ms | omg it's me...
[ENTERTAINM] | YouTube  | [Normal]     | 95%    |    9.0ms | হ্যালো মিস্টার বিস্ট...
[PSYCHOLOGY] | YouTube  | [Normal]     | 95%    |   13.5ms | Seems convinient tbh...
[GAMING/GAM] | YouTube  | [Normal]     | 85%    |   15.6ms | What if mark is the anomaly...
[GAMING/GAM] | YouTube  | [Normal]     | 96%    |   14.1ms | What time does stream start?...
[GAMING/GAM] | YouTube  | [Normal]     | 97%    |   14.0ms | THE RED ROPE MOVED BACK I SWEAR...
[GAMING/GAM] | YouTube  | [Normal]     | 90%    |   12.1ms | It's the lung!...
[ENTERTAINM] | YouTube  | [Normal]     | 96%    |    6.8ms | привет...
[GAMING/SUR] | YouTube  | [Normal]     | 86%    |    8.0ms | :_LockIn::_LockIn::_LockIn::_LockIn::_Lo...
[GAMING/GAM] | YouTube  | [Normal]     | 96%    |    8.0ms | camera is zoomed on lighthouse...
[GAMING/GAM] | YouTube  | [Normal]     | 97%    |    9.0ms | SECOND MOUSETRAP IN BASEMENT...
[ENTERTAINM] | YouTube  | [Normal]     | 96%    |    9.0ms | hi!...
[GAMING/SUR] | YouTube  | [Normal]     | 94%    |   15.0ms | it's about to go down...
[MUSIC/CHIL] | YouTube  | [Normal]     | 97%    |   12.5ms | Kavya face reveal...
[ENTERTAINM] | YouTube  | [Normal]     | 97%    |   13.5ms | Hello from Philippines...
[GAMING/GAM] | YouTube  | [Normal]     | 96%    |   78.5ms | Logs on floor in cabin...
[MUSIC/CHIL] | YouTube  | [Normal]     | 96%    |   75.7ms | e fain doar am zis din suflet că vreau s...
[ENTERTAINM] | YouTube  | [Normal]     | 94%    |    7.0ms | hi...
[ENTERTAINM] | YouTube  | [Normal]     | 97%    |    7.0ms | I love you...
[ENTERTAINM] | YouTube  | [Normal]     | 90%    |    9.1ms | หวัดดี มิสเตอร์บีย...
[GAMING/GAM] | YouTube  | [Normal]     | 93%    |    8.5ms | The keepers roam sounds like someone is ...
[PSYCHOLOGY] | YouTube  | [Normal]     | 95%    |   13.0ms | @mandalarine yeah it’s just a break but ...
[GAMING/GAM] | YouTube  | [Normal]     | 97%    |   13.6ms | THE FUSE BOX IS OPEN!!!!!!...
[MUSIC/CHIL] | YouTube  | [HATE]       | 84%    |   13.5ms | Raggy buy her a Barista machine...
[ENTERTAINM] | YouTube  | [Normal]     | 94%    |   12.0ms | Hi...
[GAMING/SUR] | YouTube  | [Normal]     | 74%    |   11.5ms | YOU NEED TO BE FASTER...
[SELF-HELP/] | YouTube  | [Normal]     | 84%    |    9.0ms | If one sees only 2 options the ego is ac...
[GAMING/GAM] | YouTube  | [Normal]     | 98%    |   13.6ms | Mark the pole...
[MUSIC/CHIL] | YouTube  | [Normal]     | 97%    |    9.6ms | R.... Malik...
[SPORTS/FOO] | YouTube  | [Normal]     | 96%    |   10.0ms | luar biasa...
[GAMING/GAM] | YouTube  | [Normal]     | 96%    |   10.1ms | hi Mark...
[GAMING/GAM] | YouTube  | [Normal]     | 97%    |   13.3ms | The hanging ropes in stairwell look bend...
[GAMING/SUR] | YouTube  | [Normal]     | 97%    |    9.0ms | yt stream is fine!...
[GAMING/GAM] | YouTube  | [Normal]     | 88%    |   12.0ms | i'm really waiting for a person to show ...
[ENTERTAINM] | YouTube  | [Normal]     | 96%    |   11.5ms | im from India...
[GAMING/GAM] | YouTube  | [Normal]     | 77%    |   12.1ms | no iron lung for Ukrainian?(((...
[MUSIC/CHIL] | YouTube  | [Normal]     | 96%    |   16.6ms | :soap::dog2::soap:...
[GAMING/GAM] | YouTube  | [Normal]     | 97%    |    9.2ms | The lantern moved interior...
[GAMING/GAM] | YouTube  | [Normal]     | 97%    |   10.6ms | the fuse box was open...
[GAMING/GAM] | YouTube  | [Normal]     | 92%    |   13.1ms | ANOMALY IN TOP LEFT...
[GAMING/GAM] | YouTube  | [Normal]     | 96%    |   12.1ms | mark the eyes...
[ENTERTAINM] | YouTube  | [Normal]     | 91%    |   12.2ms | HI MT BEAST  I'M FROM BRAZILIAM   SPEAK ...
[ENTERTAINM] | YouTube  | [Normal]     | 94%    |    8.0ms | 94...
[GAMING/GAM] | YouTube  | [Normal]     | 98%    |    7.1ms | extra box by the purple scarf lantern ro...
[ENTERTAINM] | YouTube  | [Normal]     | 96%    |    8.7ms | FROM UZBEKISTAN...
[PSYCHOLOGY] | YouTube  | [Normal]     | 95%    |   10.0ms | @guywithnohouse.6808 Yeah like  okay rec...
[SELF-HELP/] | YouTube  | [Normal]     | 66%    |   13.6ms | My actual question is  why do I look at ...
[GAMING/GAM] | YouTube  | [Normal]     | 91%    |    7.5ms | you need to cool it...
[ENTERTAINM] | YouTube  | [Normal]     | 97%    |   11.5ms | i am happy :relieved_face:...
[SELF-HELP/] | YouTube  | [Normal]     | 90%    |   15.2ms | WE SHOULD APPRECIATE THE TREVOR @Healthy...
[GAMING/SUR] | YouTube  | [Normal]     | 51%    |   10.8ms | Let’s gooooooo...
[GAMING/SUR] | YouTube  | [Normal]     | 95%    |   28.1ms | LFG...
[GAMING/SUR] | YouTube  | [Normal]     | 94%    |    9.8ms | YUH...
[GAMING/SUR] | YouTube  | [Normal]     | 96%    |   71.0ms | Yurrrrr...
[PSYCHOLOGY] | YouTube  | [Normal]     | 98%    |  113.8ms | :glasses-purple-yellow-diamond:...
[GAMING/SUR] | YouTube  | [Normal]     | 96%    |   12.0ms | First...
[GAMING/SUR] | YouTube  | [Normal]     | 92%    |   13.0ms | Wuuhuu...
[GAMING/SUR] | YouTube  | [Normal]     | 63%    |   12.2ms | the grind is real!!...
[NEWS/LIVE ] | YouTube  | [Normal]     | 50%    |   13.6ms | who have worked a certain amount of year...
[GAMING/SUR] | YouTube  | [Normal]     | 69%    |   10.6ms | Gooooop...
[GAMING/SUR] | YouTube  | [OFFENSIVE]  | 75%    |   12.5ms | letssss gooooooo let's a go...
[GAMING/SUR] | YouTube  | [Normal]     | 59%    |    9.0ms | LETS GOOOO MFFFF’sssss...
[GAMING/SUR] | YouTube  | [Normal]     | 69%    |   10.0ms | It’s gonna be a good day boys surely he ...
[GAMING/SUR] | YouTube  | [Normal]     | 95%    |   10.0ms | yyyeeer...
[GAMING/SUR] | YouTube  | [Normal]     | 52%    |   13.4ms | GOOP GOOP GOOP...
[GAMING/SUR] | YouTube  | [Normal]     | 86%    |   15.0ms | Camsoda is still using guns against play...
[GAMING/SUR] | YouTube  | [Normal]     | 87%    |   12.0ms | LOCK IN...
[GAMING/SUR] | YouTube  | [Normal]     | 61%    |   11.0ms | lets goooooooooo chat!!!...
[GAMING/SUR] | YouTube  | [Normal]     | 92%    |   11.5ms | Knights of the bungus!!!...
[GAMING/SUR] | YouTube  | [Normal]     | 88%    |    9.5ms | LOCK IN!...
[GAMING/SUR] | YouTube  | [Normal]     | 86%    |   10.0ms | Voodooooooo...
[GAMING/SUR] | YouTube  | [Normal]     | 95%    |   18.0ms | :exploding_head::exploding_head::explodi...
[MUSIC/CHIL] | YouTube  | [Normal]     | 97%    |   18.0ms | Mother and daughter having children toge...
[GAMING/SUR] | YouTube  | [Normal]     | 92%    |    8.5ms | like the stream...
[GAMING/SUR] | YouTube  | [Normal]     | 92%    |   10.0ms | The Myth  The peanut  The mf legend in d...
[GAMING/SUR] | YouTube  | [Normal]     | 82%    |    9.0ms | hutch is spending all your scrap!...
[GAMING/SUR] | YouTube  | [Normal]     | 98%    |   14.6ms | :rocket-red-countdown-liftoff:...
[GAMING/SUR] | YouTube  | [Normal]     | 95%    |   16.7ms | EEEEE...
[GAMING/SUR] | YouTube  | [Normal]     | 51%    |   10.0ms | Let’s gooooooo...
[GAMING/SUR] | YouTube  | [Normal]     | 95%    |   15.8ms | :thumbs_up::thumbs_up::thumbs_up::thumbs...
[GAMING/SUR] | YouTube  | [Normal]     | 95%    |   12.1ms | no  no. how are YOUUUU peanut...
[GAMING/SUR] | YouTube  | [Normal]     | 96%    |   12.0ms | HAPPY SATURDAY...
[GAMING/SUR] | YouTube  | [Normal]     | 38%    |   11.0ms | Am I buggin or is peanut the goat of str...
[GAMING/SUR] | YouTube  | [Normal]     | 94%    |    6.6ms | hes the commander now...
[GAMING/SUR] | YouTube  | [Normal]     | 92%    |    7.0ms | hes ;leaving...
[GAMING/SUR] | YouTube  | [Normal]     | 80%    |   55.5ms | NO SLEEP TILL BUNGLYN!!!!!!!!!!...
[GAMING/SUR] | YouTube  | [OFFENSIVE]  | 48%    |   99.8ms | Bro STFU about diarrhea all the time lmf...
[GAMING/SUR] | YouTube  | [OFFENSIVE]  | 58%    |   11.5ms | Where’s Gingy?...
[GAMING/SUR] | YouTube  | [Normal]     | 70%    |   14.6ms | May it be smooth and stinky...
[GAMING/SUR] | YouTube  | [Normal]     | 79%    |    9.5ms | What happened to your whiskey throat?...
[GAMING/SUR] | YouTube  | [Normal]     | 91%    |    7.7ms | yeahhhhhh...
[NEWS/LIVE ] | YouTube  | [Normal]     | 98%    |   13.1ms | Even animals and birds have their own ho...
[GAMING/SUR] | YouTube  | [Normal]     | 74%    |   13.0ms | hutch is going to gamble...
[GAMING/SUR] | YouTube  | [Normal]     | 93%    |   14.0ms | Gingy and Rouge did 20 Hours...
[GAMING/SUR] | YouTube  | [Normal]     | 54%    |   15.0ms | Hutch robbed you of your gun and armor...
[MUSIC/CHIL] | YouTube  | [Normal]     | 97%    |   14.0ms | serendi lechi podam ani chelli ekkadikel...
[GAMING/SUR] | YouTube  | [Normal]     | 97%    |   13.5ms | 19 hrs...
[GAMING/SUR] | YouTube  | [Normal]     | 87%    |   14.6ms | give gingy her flowers...
[NEWS/LIVE ] | YouTube  | [Normal]     | 96%    |   11.6ms | John Wayne type cheet "Coffin man prepar...
[GAMING/SUR] | YouTube  | [Normal]     | 78%    |   13.6ms | Gingy and Rogue need a promotion peanut...
[GAMING/SUR] | YouTube  | [Normal]     | 97%    |    8.1ms | 23 hours...
[MUSIC/CHIL] | YouTube  | [Normal]     | 96%    |   10.1ms | Ee piyya evaru...
[GAMING/SUR] | YouTube  | [Normal]     | 97%    |    8.3ms | Arc!!!!...
[GAMING/SUR] | YouTube  | [OFFENSIVE]  | 79%    |    9.0ms | :_LetsGo::_LetsGo::_LetsGo::_LetsGo::_Le...
[NEWS/LIVE ] | YouTube  | [Normal]     | 96%    |   12.4ms | Won won :backhand_index_pointing_left:...
[GAMING/SUR] | YouTube  | [Normal]     | 91%    |    7.8ms | ayyyeee. he's baccckkk...
[MUSIC/CHIL] | YouTube  | [Normal]     | 98%    |   11.0ms | serendi marchipoya :smiling_face_with_te...
[GAMING/SUR] | YouTube  | [Normal]     | 80%    |   12.1ms | They have slot machines as well haha...
[MUSIC/CHIL] | YouTube  | [Normal]     | 98%    |   15.0ms | :musical_score:...
[GAMING/SUR] | YouTube  | [Normal]     | 95%    |    8.9ms | GATE LEFT OPEN P...
[GAMING/SUR] | YouTube  | [Normal]     | 95%    |    7.0ms | H20...
[GAMING/SUR] | YouTube  | [Normal]     | 82%    |   12.5ms | Shut the door!!!!...
[GAMING/SUR] | YouTube  | [Normal]     | 95%    |   14.0ms | h2o...
[GAMING/SUR] | YouTube  | [Normal]     | 91%    |   12.0ms | Vanoss...
[GAMING/SUR] | YouTube  | [Normal]     | 68%    |   14.0ms | goop his body...
[GAMING/SUR] | YouTube  | [Normal]     | 92%    |   12.0ms | did you leave the door open...
[GAMING/SUR] | YouTube  | [Normal]     | 96%    |  203.7ms | !peanuts...
[NEWS/LIVE ] | YouTube  | [Normal]     | 93%    |   13.1ms | :buffering:...
[GAMING/SUR] | YouTube  | [Normal]     | 92%    |   13.0ms | it went away...
[GAMING/SUR] | YouTube  | [Normal]     | 93%    |   12.2ms | $UFD...
[GAMING/SUR] | YouTube  | [Normal]     | 98%    |   14.9ms | Peanut on a game I actually play????...
[GAMING/SUR] | YouTube  | [Normal]     | 97%    |   12.1ms | where is telaviv?...
[SELF-HELP/] | YouTube  | [Normal]     | 96%    |    9.0ms | hows it going chat?...
[NEWS/LIVE ] | YouTube  | [Normal]     | 94%    |   17.0ms | nobody wants to be commie:cat-orange-whi...
[GAMING/SUR] | YouTube  | [OFFENSIVE]  | 98%    |   13.1ms | is this loser still using Rust pros when...
[MUSIC/CHIL] | YouTube  | [Normal]     | 97%    |   12.0ms | pranam leni paddati kosam pranam una pra...
[MUSIC/CHIL] | YouTube  | [Normal]     | 98%    |   20.1ms | :face_with_tears_of_joy::cat_with_tears_...
[MUSIC/CHIL] | YouTube  | [Normal]     | 97%    |   10.0ms | G  :face_with_tears_of_joy:Bagunda corpo...
[PSYCHOLOGY] | YouTube  | [Normal]     | 96%    |   14.4ms | alrighty chattt...
[GAMING/SUR] | YouTube  | [Normal]     | 76%    |   11.5ms | Imagine the amount of low grade fuel you...
[GAMING/SUR] | YouTube  | [Normal]     | 95%    |   11.6ms | Lollll...
[GAMING/SUR] | YouTube  | [Normal]     | 81%    |    9.6ms | gingy owned butch the hutt :rolling_on_t...
[GAMING/SUR] | YouTube  | [Normal]     | 94%    |    9.0ms | below...
[PSYCHOLOGY] | YouTube  | [Normal]     | 97%    |   14.0ms | Hi Dr. K ! Hi team ! Hi chat !...
[GAMING/SUR] | YouTube  | [Normal]     | 95%    |   10.0ms | pure diesel...
[MUSIC/CHIL] | YouTube  | [Normal]     | 85%    |   13.0ms | If he says it's a lie  I'll never come h...
[GAMING/SUR] | YouTube  | [OFFENSIVE]  | 49%    |   16.0ms | GINGY KILLED CLOAKZY?!?!...
[GAMING/SUR] | YouTube  | [Normal]     | 94%    |    9.1ms | RAAAQAAAAAHHHH...
[MUSIC/CHIL] | YouTube  | [Normal]     | 95%    |   12.0ms | Suz I can’t cover my face anymore :face_...
[MUSIC/CHIL] | YouTube  | [Normal]     | 97%    |    9.5ms | Manoj kyu mana kr rhe isse Acha to mar j...
[MUSIC/CHIL] | YouTube  | [Normal]     | 95%    |   14.0ms | Shivani your pfp is giving those vibes...
[NEWS/LIVE ] | YouTube  | [Normal]     | 88%    |   13.0ms | as a former USA teacher  what went wrong...
[GAMING/SUR] | YouTube  | [Normal]     | 92%    |   13.5ms | HES ON EARLY HI MR NUT...
[GAMING/SUR] | YouTube  | [Normal]     | 78%    |   10.6ms | GINGYYYYY...
[GAMING/SUR] | YouTube  | [Normal]     | 81%    |   14.6ms | there is a wheel in the train...
[GAMING/SUR] | YouTube  | [Normal]     | 91%    |  103.4ms | its in the front...
[GAMING/SUR] | YouTube  | [Normal]     | 94%    |   65.4ms | ON the ground...
[GAMING/SUR] | YouTube  | [Normal]     | 96%    |   14.1ms | yay mR_P":saluting_face::saluting_face:...
[GAMING/SUR] | YouTube  | [Normal]     | 91%    |   12.2ms | South...
[PSYCHOLOGY] | YouTube  | [Normal]     | 93%    |   10.1ms | I’m chat-maxxing...
[GAMING/SUR] | YouTube  | [Normal]     | 92%    |   10.2ms | haahahahah...
[MUSIC/CHIL] | YouTube  | [Normal]     | 88%    |    7.5ms | Stranger net slow...
[MUSIC/CHIL] | YouTube  | [Normal]     | 96%    |   13.0ms | your love can you love my...
[GAMING/SUR] | YouTube  | [Normal]     | 96%    |   14.5ms | oh its h20 lol...
[GAMING/SUR] | YouTube  | [OFFENSIVE]  | 89%    |   13.5ms | DELIROOUSSSSS...
[GAMING/SUR] | YouTube  | [Normal]     | 94%    |   18.0ms | No way that’s delirious LMAO...
[GAMING/SUR] | YouTube  | [Normal]     | 91%    |   15.0ms | DO IT AND YOUR COOL...
[MUSIC/CHIL] | YouTube  | [Normal]     | 96%    |   11.6ms | i can be...
[GAMING/SUR] | YouTube  | [Normal]     | 92%    |   15.1ms | W GAMBLING :_PeanutJork:...
[GAMING/SUR] | YouTube  | [Normal]     | 90%    |   14.6ms | bro needs to put some clothes on...
[PSYCHOLOGY] | YouTube  | [Normal]     | 95%    |   11.1ms | @MochiM00n we saw him over twitch...
[GAMING/SUR] | YouTube  | [Normal]     | 94%    |   12.1ms | @titeacevedo7791 wahhhh wahhhh...
[GAMING/SUR] | YouTube  | [HATE]       | 61%    |    8.0ms | Goat :goat:...
[GAMING/SUR] | YouTube  | [Normal]     | 96%    |   10.0ms | Classic...
[MUSIC/CHIL] | YouTube  | [Normal]     | 95%    |   20.7ms | what so :rolling_on_the_floor_laughing::...
[GAMING/SUR] | YouTube  | [Normal]     | 94%    |   11.0ms | Take his shot...
[GAMING/SUR] | YouTube  | [Normal]     | 82%    |   16.0ms | why the hell is delerious here lmfao...
[GAMING/SUR] | YouTube  | [Normal]     | 95%    |   12.6ms | well that escalated quickly...
[PSYCHOLOGY] | YouTube  | [Normal]     | 97%    |   18.0ms | I rewatched the early modules...
[GAMING/SUR] | YouTube  | [Normal]     | 97%    |   14.0ms | :face-green-smiling::face-green-smiling:...
[GAMING/SUR] | YouTube  | [OFFENSIVE]  | 78%    |   15.0ms | :_LetsGo::_LetsGo::_LetsGo::_LetsGo:...
[GAMING/SUR] | YouTube  | [Normal]     | 94%    |   11.1ms | don't swing at people there  lol...
[GAMING/SUR] | YouTube  | [Normal]     | 76%    |   11.0ms | Can’t loot him it’s in a safe zone...
[GAMING/SUR] | YouTube  | [Normal]     | 97%    |   11.0ms | :face-green-smiling::face-green-smiling:...
[MUSIC/CHIL] | YouTube  | [Normal]     | 96%    |   17.1ms | so you love me :smiling_face_with_sungla...
[GAMING/SUR] | YouTube  | [Normal]     | 94%    |   13.0ms | 10...
[GAMING/SUR] | YouTube  | [Normal]     | 96%    |  104.7ms | Lmao...
[GAMING/SUR] | YouTube  | [Normal]     | 96%    |   17.9ms | LOL...
[GAMING/SUR] | YouTube  | [Normal]     | 92%    |   14.0ms | the mods have that quik draw Mcgraw...
[GAMING/SUR] | YouTube  | [Normal]     | 96%    |   12.0ms | LOL...
[GAMING/SUR] | YouTube  | [Normal]     | 92%    |   15.6ms | LMFAOOOOOOOOO...
[GAMING/SUR] | YouTube  | [Normal]     | 94%    |   14.5ms | Lmaoooooo...
[GAMING/SUR] | YouTube  | [Normal]     | 97%    |   20.1ms | :face_with_tears_of_joy::face_with_tears...
[MUSIC/CHIL] | YouTube  | [Normal]     | 97%    |    8.0ms | Vsaanu Anna:slightly_smiling_face:...
[GAMING/SUR] | YouTube  | [Normal]     | 92%    |   13.0ms | :_LetsRide:...
[PSYCHOLOGY] | YouTube  | [Normal]     | 92%    |   12.6ms | good news there are billions of humans!...
[SELF-HELP/] | YouTube  | [Normal]     | 92%    |    9.0ms | H...
[SELF-HELP/] | YouTube  | [Normal]     | 86%    |    9.0ms | yo...
[GAMING/SUR] | YouTube  | [Normal]     | 55%    |   12.0ms | lol how is this place a safe zone should...
[GAMING/SUR] | YouTube  | [Normal]     | 93%    |   11.0ms | AHHHHHHHH...
[GAMING/ESP] | YouTube  | [Normal]     | 94%    |   12.5ms | :moai:...
[PSYCHOLOGY] | YouTube  | [Normal]     | 97%    |   11.0ms | is he streaming on twitch too? is that t...
[PSYCHOLOGY] | YouTube  | [Normal]     | 95%    |    9.0ms | Hello everyone ! I hope all of you have ...
[GAMING/SUR] | YouTube  | [Normal]     | 95%    |   10.6ms | 6 7...
[GAMING/SUR] | YouTube  | [Normal]     | 73%    |   15.5ms | this turned into a bossmanjack stream...
[GAMING/SUR] | YouTube  | [Normal]     | 96%    |   13.1ms | yup...
[GAMING/SUR] | YouTube  | [Normal]     | 91%    |   11.5ms | W...
[GAMING/SUR] | YouTube  | [Normal]     | 95%    |   14.0ms | :fire::fire::fire::fire::fire:...
[GAMING/SUR] | YouTube  | [Normal]     | 92%    |   10.9ms | :_PeanutJork::_GOOP::_GOOP::_GOOP:...
[GAMING/SUR] | YouTube  | [Normal]     | 91%    |   13.0ms | Hahahahahahahaha...
[GAMING/SUR] | YouTube  | [Normal]     | 95%    |   13.5ms | lmaooo...
[GAMING/SUR] | YouTube  | [Normal]     | 93%    |   11.5ms | get rekt...
[GAMING/SUR] | YouTube  | [Normal]     | 96%    |   13.3ms | lmao righed...
[GAMING/SUR] | YouTube  | [Normal]     | 92%    |   15.1ms | he definintely busted...
[GAMING/SUR] | YouTube  | [Normal]     | 91%    |   14.7ms | don't gamble kids...
[GAMING/SUR] | YouTube  | [Normal]     | 94%    |   13.5ms | Haahahahahhaa...
[GAMING/SUR] | YouTube  | [OFFENSIVE]  | 56%    |    8.3ms | No wayyyy...
[GAMING/SUR] | YouTube  | [Normal]     | 69%    |   12.6ms | got too greedy...
[GAMING/SUR] | YouTube  | [Normal]     | 93%    |   13.1ms | That’s it I’m going to the casino...
[GAMING/SUR] | YouTube  | [Normal]     | 89%    |   11.1ms | There goes the house Mrs peanut...
[MUSIC/CHIL] | YouTube  | [Normal]     | 95%    |   11.0ms | ......
[GAMING/SUR] | YouTube  | [Normal]     | 91%    |   11.0ms | W...
[GAMING/SUR] | YouTube  | [Normal]     | 94%    |   15.2ms | you had 1000 scrap on you when you logge...
[GAMING/SUR] | YouTube  | [Normal]     | 98%    |   12.0ms | W PEANUT :fire::fire:...
[GAMING/SUR] | YouTube  | [Normal]     | 98%    |   12.6ms | I LOVE :smiling_face_with_hearts:...
[PSYCHOLOGY] | YouTube  | [Normal]     | 94%    |   26.4ms | @atomicaxioms which one of your testicle...
[SELF-HELP/] | YouTube  | [Normal]     | 83%    |   12.3ms | you do have some jedi mind tricks...
[MUSIC/CHIL] | YouTube  | [OFFENSIVE]  | 57%    |   27.7ms | mohit kaise ho...
[GAMING/SUR] | YouTube  | [OFFENSIVE]  | 47%    |   52.8ms | sadge nut...
[GAMING/SUR] | YouTube  | [Normal]     | 95%    |   96.1ms | 3 again...
[GAMING/SUR] | YouTube  | [Normal]     | 96%    |   58.6ms | lol...
[GAMING/SUR] | YouTube  | [Normal]     | 94%    |   12.6ms | 5...
[GAMING/SUR] | YouTube  | [Normal]     | 94%    |   12.0ms | 5...
[GAMING/SUR] | YouTube  | [Normal]     | 92%    |   13.6ms | bust...
[GAMING/SUR] | YouTube  | [Normal]     | 74%    |   11.0ms | This is Depressing...
[NEWS/LIVE ] | YouTube  | [Normal]     | 94%    |   12.1ms | SPENCER PRATT THIS WILL HELP YOU. KAREN ...
[ENTERTAINM] | YouTube  | [Normal]     | 97%    |   13.0ms | :yt:...
[ENTERTAINM] | YouTube  | [Normal]     | 96%    |   13.0ms | Let's Go 500M Subscribers!...
[SELF-HELP/] | YouTube  | [Normal]     | 94%    |   11.0ms | Jedi soccer...
[PSYCHOLOGY] | YouTube  | [Normal]     | 91%    |   11.0ms | Where does he finds these names...
[ENTERTAINM] | YouTube  | [Normal]     | 89%    |   10.1ms | yahh...
[ENTERTAINM] | YouTube  | [Normal]     | 96%    |   14.6ms | MR BEAST I LOVE YOUUUUUU...
[ENTERTAINM] | YouTube  | [Normal]     | 95%    |    9.6ms | yooo...
[ENTERTAINM] | YouTube  | [Normal]     | 88%    |   14.0ms | :stayhome::stayhome::stayhome::stayhome:...
[ENTERTAINM] | YouTube  | [Normal]     | 94%    |    9.0ms | Hi...
[ENTERTAINM] | YouTube  | [Normal]     | 96%    |   13.0ms | hy pls take my name...
[ENTERTAINM] | YouTube  | [Normal]     | 94%    |    8.5ms | unsubscribe...
[GAMING/SUR] | YouTube  | [Normal]     | 87%    |   10.0ms | no...
[GAMING/SUR] | YouTube  | [Normal]     | 94%    |   13.1ms | JAMMMM...
[MUSIC/CHIL] | YouTube  | [Normal]     | 95%    |   13.0ms | D icheyi Ra...
[ENTERTAINM] | YouTube  | [Normal]     | 94%    |   11.5ms | hi...
[GAMING/SUR] | YouTube  | [Normal]     | 95%    |   15.0ms | so fkin crazy lmao...
[GAMING/GAM] | YouTube  | [Normal]     | 84%    |   13.0ms | WHERE IS HE...
[MUSIC/CHIL] | YouTube  | [Normal]     | 95%    |   12.0ms | I hope I don't have to tell you all this...
[SELF-HELP/] | YouTube  | [Normal]     | 93%    |   10.0ms | YES...
[GAMING/GAM] | YouTube  | [Normal]     | 95%    |   11.7ms | hello...
[ENTERTAINM] | YouTube  | [Normal]     | 95%    |   15.6ms | hello Mr beast I am your big fan please...
[GAMING/SUR] | YouTube  | [Normal]     | 81%    |   14.0ms | aint nobody see that!?...
[GAMING/GAM] | YouTube  | [Normal]     | 93%    |    9.5ms | THERE HE IS...
[GAMING/GAM] | YouTube  | [Normal]     | 96%    |   12.5ms | hello!! I exist!!...
[GAMING/GAM] | YouTube  | [Normal]     | 96%    |   17.0ms | Hi Mark...
[GAMING/GAM] | YouTube  | [Normal]     | 96%    |   17.6ms | HELLO FROM Ireland!!...
[SELF-HELP/] | YouTube  | [Normal]     | 94%    |   23.1ms | I remember you talking about all kinds o...
[ENTERTAINM] | YouTube  | [Normal]     | 91%    |   74.7ms | congratulation mrbeast bro...
[GAMING/SUR] | YouTube  | [Normal]     | 94%    |   78.8ms | :loudly_crying_face::loudly_crying_face:...
[GAMING/GAM] | YouTube  | [Normal]     | 96%    |   17.3ms | AAHHH HI MARK HI CHAT...
[GAMING/GAM] | YouTube  | [Normal]     | 94%    |   12.0ms | Sup dude...
[GAMING/GAM] | YouTube  | [Normal]     | 96%    |   15.0ms | HIIIIIII...
[ENTERTAINM] | YouTube  | [Normal]     | 93%    |    9.7ms | omg...
[ENTERTAINM] | YouTube  | [Normal]     | 95%    |   10.0ms | hii...
[GAMING/SUR] | YouTube  | [Normal]     | 48%    |   10.0ms | you should play some rust tomorrow...
[GAMING/GAM] | YouTube  | [Normal]     | 96%    |   16.5ms | WOOOOO I finally caught a stream!!!...
[ENTERTAINM] | YouTube  | [Normal]     | 94%    |   11.6ms | hi...
[ENTERTAINM] | YouTube  | [Normal]     | 92%    |   11.0ms | mrgoatttt...
[GAMING/SUR] | YouTube  | [Normal]     | 96%    |   17.0ms | it's 5 o'clock time for a beer...
[ENTERTAINM] | YouTube  | [Normal]     | 96%    |   13.0ms | hindi bolo na re vinod...
[GAMING/GAM] | YouTube  | [Normal]     | 96%    |    9.1ms | Hi Mark!!!...
[GAMING/GAM] | YouTube  | [Normal]     | 94%    |   13.0ms | hi...
[GAMING/GAM] | YouTube  | [Normal]     | 95%    |   11.7ms | Whatsuuuup...
[GAMING/GAM] | YouTube  | [Normal]     | 94%    |   10.7ms | CHAMPIONNNN...
[GAMING/GAM] | YouTube  | [Normal]     | 97%    |   11.0ms | Welcome to Member!...
[GAMING/GAM] | YouTube  | [Normal]     | 94%    |    9.0ms | hi...
[GAMING/GAM] | YouTube  | [Normal]     | 97%    |   14.8ms | I'm gonna go see the movie today!!...
[GAMING/SUR] | YouTube  | [Normal]     | 64%    |   11.0ms | we need pirate ships...
[SPORTS/FOO] | YouTube  | [Normal]     | 96%    |   13.0ms | 지금?...
[MUSIC/CHIL] | YouTube  | [Normal]     | 97%    |   15.6ms | ai văzut vreo fantomă?:face_with_rolling...
[ENTERTAINM] | YouTube  | [Normal]     | 86%    |   12.6ms | YO...
[GAMING/GAM] | YouTube  | [Normal]     | 95%    |   11.0ms | Is that the creator of the number one mo...
[GAMING/SUR] | YouTube  | [Normal]     | 78%    |    9.0ms | i dont understand how you have so much e...
[GAMING/GAM] | YouTube  | [Normal]     | 94%    |   12.0ms | w!!!...
[GAMING/GAM] | YouTube  | [Normal]     | 96%    |    8.0ms | Hey Mark. It would mean a lot if you sai...
[GAMING/GAM] | YouTube  | [Normal]     | 96%    |   11.1ms | Proud to say i was one of those people :...
[MUSIC/CHIL] | YouTube  | [Normal]     | 97%    |    9.0ms | shikha I can see.......
[ENTERTAINM] | YouTube  | [Normal]     | 97%    |   12.0ms | ниче не понимаю:slightly_smiling_face:...
[ENTERTAINM] | YouTube  | [Normal]     | 96%    |  179.1ms | broo...
[ENTERTAINM] | YouTube  | [OFFENSIVE]  | 60%    |   14.3ms | let's goooo...
[PSYCHOLOGY] | YouTube  | [Normal]     | 96%    |   12.0ms | yeah more or less...
[ENTERTAINM] | YouTube  | [Normal]     | 97%    |   15.6ms | yoooo 0.5b subs...
[ENTERTAINM] | YouTube  | [Normal]     | 94%    |   10.0ms | IND...
[PSYCHOLOGY] | YouTube  | [Normal]     | 87%    |   10.0ms | no...
[PSYCHOLOGY] | YouTube  | [Normal]     | 97%    |   11.0ms | unconscious template sorta...
[GAMING/GAM] | YouTube  | [Normal]     | 91%    |   12.5ms | screaming and crying rn...
[ENTERTAINM] | YouTube  | [Normal]     | 96%    |   11.1ms | big fan...
[ENTERTAINM] | YouTube  | [Normal]     | 97%    |   10.5ms | Jimmy You Did It :trophy:...
[GAMING/GAM] | YouTube  | [Normal]     | 96%    |    8.0ms | digital when....
[GAMING/GAM] | YouTube  | [Normal]     | 97%    |   10.6ms | i saw it yesterday and i loved it!!!...
[GAMING/GAM] | YouTube  | [Normal]     | 91%    |   10.0ms | YEAHHHHHHH...
[ENTERTAINM] | YouTube  | [Normal]     | 96%    |    8.0ms | i am India super Jimmy...
[ENTERTAINM] | YouTube  | [Normal]     | 95%    |   11.6ms | hello...
[ENTERTAINM] | YouTube  | [Normal]     | 96%    |   10.2ms | hello sirrrr...
[GAMING/GAM] | YouTube  | [Normal]     | 91%    |   15.8ms | YEAHHHH...
[ENTERTAINM] | YouTube  | [Normal]     | 87%    |   10.0ms | you r happy...
[ENTERTAINM] | YouTube  | [Normal]     | 90%    |    6.4ms | india brother...
[ENTERTAINM] | YouTube  | [Normal]     | 91%    |    9.0ms | mr beast...
[GAMING/GAM] | YouTube  | [Normal]     | 88%    |    8.0ms | Who cares about dollars FR...
[GAMING/GAM] | YouTube  | [Normal]     | 97%    |   10.7ms | Does it help that I saw it multiple time...
[ENTERTAINM] | YouTube  | [Normal]     | 94%    |   10.8ms | pliz help me...
[GAMING/GAM] | YouTube  | [Normal]     | 91%    |    9.1ms | YEAHHHHHHH...
[GAMING/GAM] | YouTube  | [Normal]     | 97%    |   13.0ms | MARK MY BROTHER AND I LOVED YOUR MOVIE...
[GAMING/GAM] | YouTube  | [Normal]     | 83%    |   11.1ms | CONGRATSS...
[MUSIC/CHIL] | YouTube  | [Normal]     | 95%    |   11.0ms | :hydrate:...
[GAMING/GAM] | YouTube  | [Normal]     | 91%    |   10.5ms | Mark  you look shorter than usual  every...
[SELF-HELP/] | YouTube  | [Normal]     | 91%    |    9.0ms | Is he running...
[ENTERTAINM] | YouTube  | [Normal]     | 95%    |   11.0ms | CONGRATULATIONS...
[GAMING/GAM] | YouTube  | [Normal]     | 95%    |   13.0ms | I hope you bring more scp videos back!...
[GAMING/GAM] | YouTube  | [Normal]     | 96%    |   88.8ms | MARKIPLIERRRRRR...
[GAMING/GAM] | YouTube  | [Normal]     | 97%    |   52.2ms | Welcome New Member!...
[ENTERTAINM] | YouTube  | [Normal]     | 94%    |   11.6ms | Türkiye...
[ENTERTAINM] | YouTube  | [Normal]     | 97%    |    9.0ms | Hii MrBeast I Watching So Long Time Peri...
[GAMING/GAM] | YouTube  | [Normal]     | 97%    |   14.5ms | FINALLY GOT TICKETS TO SEE THE MOVIE ON ...
[GAMING/GAM] | YouTube  | [OFFENSIVE]  | 65%    |   13.1ms | congratssss...
[GAMING/GAM] | YouTube  | [Normal]     | 92%    |    8.0ms | Meowdy Mark Congrat!!!!...
[ENTERTAINM] | YouTube  | [Normal]     | 94%    |   10.0ms | Hi...
[GAMING/SUR] | YouTube  | [OFFENSIVE]  | 77%    |    9.9ms | what an asshole to come and take all the...
[GAMING/GAM] | YouTube  | [Normal]     | 97%    |   11.4ms | I need a physical copy as soon as it rel...
[GAMING/GAM] | YouTube  | [Normal]     | 97%    |    8.5ms | im seeing the movie tomorrow! very excit...
[SELF-HELP/] | YouTube  | [OFFENSIVE]  | 47%    |    9.6ms | this wall assumes the hate is correct  n...
[ENTERTAINM] | YouTube  | [Normal]     | 95%    |    8.2ms | MR BEAST I HAVE A QUESTION...
[ENTERTAINM] | YouTube  | [Normal]     | 97%    |   10.5ms | I love you bro :face_blowing_a_kiss:...
[ENTERTAINM] | YouTube  | [Normal]     | 96%    |    8.1ms | Oi...
[ENTERTAINM] | YouTube  | [Normal]     | 93%    |    8.4ms | j...
[GAMING/GAM] | YouTube  | [Normal]     | 96%    |    8.0ms | that's the FACTS...
[GAMING/SUR] | YouTube  | [Normal]     | 84%    |    9.0ms | Close the gate...
[GAMING/SUR] | YouTube  | [Normal]     | 97%    |   10.1ms | did rouge sleep?...
[ENTERTAINM] | YouTube  | [Normal]     | 94%    |   10.0ms | ggs...
[GAMING/GAM] | YouTube  | [Normal]     | 89%    |   17.0ms | I remember initially tuning in when Drun...
[GAMING/GAM] | YouTube  | [Normal]     | 94%    |   11.0ms | Lighthouse pretty pretty please...
[ENTERTAINM] | YouTube  | [Normal]     | 91%    |   14.0ms | oooooo...
[GAMING/SUR] | YouTube  | [Normal]     | 96%    |   18.0ms | he didn't close the gate...
[GAMING/GAM] | YouTube  | [Normal]     | 77%    |   14.0ms | liiiight houuuuse...
[ENTERTAINM] | YouTube  | [Normal]     | 94%    |   12.5ms | hi...
[GAMING/SUR] | YouTube  | [Normal]     | 81%    |   13.2ms | DONT BET MORE THAN HALF SO YOU CAN DOUBL...
[SELF-HELP/] | YouTube  | [Normal]     | 65%    |   16.5ms | David Goggins records hate comments and ...
[ENTERTAINM] | YouTube  | [Normal]     | 98%    |   16.0ms | :heart_on_fire::heart_on_fire::heart_on_...
[GAMING/GAM] | YouTube  | [Normal]     | 95%    |    9.0ms | POLL...
[GAMING/SUR] | YouTube  | [Normal]     | 81%    |   11.1ms | THEN QUIT...
[GAMING/SUR] | YouTube  | [Normal]     | 94%    |   74.1ms | who is doug buck...
[GAMING/SUR] | YouTube  | [Normal]     | 77%    |   43.6ms | They changed dealers...
[SELF-HELP/] | YouTube  | [Normal]     | 70%    |   15.6ms | if one hates the self isnt that part of ...
[GAMING/SUR] | YouTube  | [Normal]     | 52%    |   13.0ms | Hell yeah...
[SELF-HELP/] | YouTube  | [HATE]       | 93%    |   16.5ms | You should listen to them but not dwell ...
[GAMING/GAM] | YouTube  | [Normal]     | 93%    |   12.1ms | lighthouse...
[GAMING/GAM] | YouTube  | [Normal]     | 95%    |   13.0ms | this music is BUMPING...
[GAMING/GAM] | YouTube  | [Normal]     | 96%    |    9.0ms | tuning in...
[GAMING/SUR] | YouTube  | [Normal]     | 96%    |    8.0ms | roulette...
[GAMING/GAM] | YouTube  | [Normal]     | 97%    |   11.0ms | LIGHT PLANE...
[ENTERTAINM] | YouTube  | [Normal]     | 83%    |   14.0ms | they grow up so fast...
[ENTERTAINM] | YouTube  | [Normal]     | 94%    |   13.8ms | bro still looks the same...
[GAMING/SUR] | YouTube  | [Normal]     | 93%    |    5.6ms | PEANUT SOMEONE SPRAYED A PEEN ON YOUR BI...
[GAMING/GAM] | YouTube  | [Normal]     | 95%    |    9.5ms | lighthouse yeah!...
[ENTERTAINM] | YouTube  | [Normal]     | 97%    |   13.0ms | Wow imagine 2 million subscribers lmao...
[GAMING/GAM] | YouTube  | [Normal]     | 95%    |   10.0ms | Light house for sure...
[GAMING/GAM] | YouTube  | [Normal]     | 96%    |    9.0ms | :sanitizer:...
[GAMING/GAM] | YouTube  | [Normal]     | 90%    |   11.0ms | light house...
[GAMING/GAM] | YouTube  | [Normal]     | 96%    |   10.0ms | Hi Mark...
[ENTERTAINM] | YouTube  | [Normal]     | 96%    |   14.1ms | Holaaaa...
[GAMING/SUR] | YouTube  | [Normal]     | 94%    |   12.5ms | Dude...
[ENTERTAINM] | YouTube  | [Normal]     | 95%    |   13.0ms | :face-fuchsia-poop-shape::face-purple-wi...
[GAMING/GAM] | YouTube  | [Normal]     | 98%    |    8.5ms | HII MARK YOUR MOVIE WAS AMAZING I LOVED ...
[GAMING/GAM] | YouTube  | [Normal]     | 96%    |   11.6ms | :_markiHEART::_markiHEART::_markiHEART::...
[MUSIC/CHIL] | YouTube  | [Normal]     | 98%    |   10.0ms | :cloud_with_rain:...
[GAMING/GAM] | YouTube  | [OFFENSIVE]  | 61%    |   10.5ms | your movie was fuckin fire...
[ENTERTAINM] | YouTube  | [Normal]     | 90%    |   12.2ms | Wazzzzup...
[GAMING/GAM] | YouTube  | [Normal]     | 97%    |    7.5ms | MARK PLAY ON AIRPLNE AND MY LIFE IS YOUR...
[ENTERTAINM] | YouTube  | [Normal]     | 95%    |    8.5ms | OI MRBEAST!!!!!! SOU DO BRASIL!!!!...
[GAMING/SUR] | YouTube  | [Normal]     | 96%    |    7.6ms | lol...
[ENTERTAINM] | YouTube  | [Normal]     | 97%    |   11.2ms | 500 million today!...
[ENTERTAINM] | YouTube  | [Normal]     | 94%    |    9.3ms | hi...
[PSYCHOLOGY] | YouTube  | [HATE]       | 57%    |   25.0ms | Dr K Jungian mogs Clavicular...
[GAMING/GAM] | YouTube  | [Normal]     | 95%    |   11.0ms | Yes!...
[GAMING/GAM] | YouTube  | [Normal]     | 91%    |   61.2ms | yeahhhh...
[GAMING/GAM] | YouTube  | [Normal]     | 97%    |   86.2ms | First time watching mark live...
[ENTERTAINM] | YouTube  | [Normal]     | 92%    |   10.5ms | Paraguay...
[GAMING/GAM] | YouTube  | [Normal]     | 97%    |   13.1ms | Welcome to Member!...
[GAMING/GAM] | YouTube  | [Normal]     | 96%    |   10.0ms | was that the gun shot of 87?...
[ENTERTAINM] | YouTube  | [Normal]     | 98%    |   16.1ms | Elon about to hit $1 Trillion and Jimmy ...
[GAMING/GAM] | YouTube  | [Normal]     | 97%    |   10.5ms | SLOVENIA????...
[GAMING/GAM] | YouTube  | [Normal]     | 91%    |   11.8ms | PORTUGAL...
[MUSIC/CHIL] | YouTube  | [Normal]     | 98%    |   15.0ms | :musical_notes::wine_glass:...
[ENTERTAINM] | YouTube  | [Normal]     | 94%    |    7.6ms | nice...
[GAMING/GAM] | YouTube  | [Normal]     | 96%    |   11.0ms | MARK WE LOVE YOU!!!...
[PSYCHOLOGY] | YouTube  | [Normal]     | 97%    |   11.0ms | deep root themes...
[ENTERTAINM] | YouTube  | [Normal]     | 91%    |    7.0ms | mr beast...
[ENTERTAINM] | YouTube  | [Normal]     | 94%    |    9.5ms | 1...
[ENTERTAINM] | YouTube  | [Normal]     | 94%    |   10.6ms | 1...
[GAMING/SUR] | YouTube  | [Normal]     | 97%    |   10.0ms | Who tf stands on 23...
[GAMING/SUR] | YouTube  | [Normal]     | 40%    |   12.0ms | Peanut is the type to not be happy until...
[GAMING/SUR] | YouTube  | [Normal]     | 91%    |   12.0ms | no way:face_with_open_mouth:...
[GAMING/GAM] | YouTube  | [Normal]     | 96%    |   13.5ms | hello mark are you considering doing con...
[GAMING/SUR] | YouTube  | [Normal]     | 94%    |   10.0ms | Stand...
[GAMING/GAM] | YouTube  | [Normal]     | 87%    |   15.5ms | I hope it comes to Chile...
[GAMING/GAM] | YouTube  | [Normal]     | 88%    |   12.0ms | YOOOOOOOOOOOOOOO...
[ENTERTAINM] | YouTube  | [Normal]     | 95%    |   13.0ms | seeing you going from 40 million subscri...
[GAMING/SUR] | YouTube  | [Normal]     | 94%    |   10.6ms | larry Joseph barringer...
[ENTERTAINM] | YouTube  | [Normal]     | 96%    |   12.0ms | I was hereeee...
[ENTERTAINM] | YouTube  | [Normal]     | 94%    |   11.0ms | 1...
[GAMING/SUR] | YouTube  | [Normal]     | 89%    |   12.0ms | Im Busting...!!!!!!...
[GAMING/GAM] | YouTube  | [Normal]     | 95%    |   15.6ms | Fashion :loudly_crying_face:...
[GAMING/GAM] | YouTube  | [Normal]     | 94%    |   10.5ms | portugal!? MY PEOPLE...
[GAMING/GAM] | YouTube  | [Normal]     | 71%    |   10.0ms | who else lowkey hungry...
[GAMING/GAM] | YouTube  | [Normal]     | 95%    |    8.0ms | bcb...
[GAMING/GAM] | YouTube  | [Normal]     | 98%    |   13.5ms | I want airplane :airplane::airplane:...
[GAMING/SUR] | YouTube  | [Normal]     | 98%    |   96.6ms | :trophy-yellow-smiling:W...
[ENTERTAINM] | YouTube  | [Normal]     | 95%    |   45.4ms | Bangladesh...
[GAMING/GAM] | YouTube  | [Normal]     | 95%    |   13.6ms | So Lixian will be able to see it again?...
[GAMING/GAM] | YouTube  | [Normal]     | 94%    |    7.0ms | penid...
[ENTERTAINM] | YouTube  | [Normal]     | 95%    |   10.0ms | i'm here...
[GAMING/GAM] | YouTube  | [Normal]     | 77%    |   15.0ms | WHERE CAN I WATCH IRON LUNG...
[GAMING/GAM] | YouTube  | [Normal]     | 95%    |   20.1ms | :_markiLOVE::_markiLOVE::_markiLOVE::_ma...
[GAMING/SUR] | YouTube  | [Normal]     | 95%    |   11.0ms | DOUBLE DOUBLE...
[GAMING/GAM] | YouTube  | [Normal]     | 95%    |    9.6ms | i was just seen your video of dont starv...
[GAMING/SUR] | YouTube  | [Normal]     | 94%    |    9.0ms | DOUBLE...
[GAMING/GAM] | YouTube  | [Normal]     | 93%    |   13.0ms | Ohhhh...
[GAMING/GAM] | YouTube  | [Normal]     | 96%    |   15.0ms | I saw it in atmos  it was dope...
[GAMING/SUR] | YouTube  | [Normal]     | 95%    |   11.6ms | hit...
[GAMING/GAM] | YouTube  | [Normal]     | 95%    |   20.0ms | hey mark do you ever plan on playing doo...
[PSYCHOLOGY] | YouTube  | [Normal]     | 90%    |   10.5ms | yin and yang...
[GAMING/GAM] | YouTube  | [Normal]     | 92%    |   14.0ms | ohhhhh...
[GAMING/GAM] | YouTube  | [Normal]     | 95%    |   10.0ms | hellooo...
[MUSIC/CHIL] | YouTube  | [Normal]     | 95%    |   11.6ms | fred yes :(...
[GAMING/GAM] | YouTube  | [Normal]     | 48%    |   14.3ms | sound was fab for me in the UK :)...
[GAMING/GAM] | YouTube  | [Normal]     | 96%    |   12.3ms | Hey man good job with IROn LUNG..WE FUND...
[MUSIC/CHIL] | YouTube  | [Normal]     | 98%    |   14.0ms | EXITO:face-red-heart-shape::face-red-hea...
[GAMING/GAM] | YouTube  | [Normal]     | 97%    |   17.0ms | Will there be a physical release?...
[NEWS/LIVE ] | YouTube  | [Normal]     | 93%    |   16.1ms | for not taking covid shots...
[MUSIC/CHIL] | YouTube  | [Normal]     | 95%    |   14.5ms | lo que hagas entre semana da igual...
[SPORTS/FOO] | YouTube  | [Normal]     | 96%    |   15.8ms | :virtualhug:Oh no LIFE IS OVER~:sparkles...
[GAMING/GAM] | YouTube  | [Normal]     | 97%    |   12.0ms | te amo...
[GAMING/SUR] | YouTube  | [Normal]     | 95%    |    8.5ms | now bet 500...
[GAMING/SUR] | YouTube  | [Normal]     | 91%    |    8.5ms | Risking way to much...
[GAMING/GAM] | YouTube  | [Normal]     | 92%    |   14.0ms | I just assumed it was supposed to be a b...
[GAMING/SUR] | YouTube  | [Normal]     | 95%    |   11.0ms | 100...
[ENTERTAINM] | YouTube  | [Normal]     | 95%    |   79.7ms | what will you do if you get a billion su...
[GAMING/SUR] | YouTube  | [Normal]     | 86%    |   69.7ms | Just like the casino...
[GAMING/SUR] | YouTube  | [Normal]     | 96%    |   13.7ms | 500 on 1 on the wheel trust...
[MUSIC/CHIL] | YouTube  | [Normal]     | 91%    |   11.6ms | lelelei...
[ENTERTAINM] | YouTube  | [Normal]     | 94%    |   13.0ms | hi...
[MUSIC/CHIL] | YouTube  | [Normal]     | 97%    |   20.5ms | LoL  caută alta mai aproape de tine :fac...
[GAMING/GAM] | YouTube  | [Normal]     | 95%    |   11.1ms | AIRPLANE PLZZZ...
[ENTERTAINM] | YouTube  | [Normal]     | 96%    |   10.0ms | love india...
[GAMING/SUR] | YouTube  | [Normal]     | 73%    |   12.6ms | Glad they got the base back after GINGY ...
[MUSIC/CHIL] | YouTube  | [Normal]     | 96%    |   12.0ms | @Tradexlav tera to katgya bro...
[GAMING/SUR] | YouTube  | [Normal]     | 91%    |   10.1ms | do 50 scrap hands and build...
[GAMING/GAM] | YouTube  | [Normal]     | 79%    |   12.5ms | IM literally going to see Iron Lung RN I...
[GAMING/GAM] | YouTube  | [Normal]     | 97%    |   12.6ms | Release Iron Long IN ROMANIA!...
[SELF-HELP/] | YouTube  | [Normal]     | 42%    |   17.0ms | out of curiosity.... why waste time and ...
[ENTERTAINM] | YouTube  | [Normal]     | 94%    |    8.0ms | hi...
[GAMING/GAM] | YouTube  | [Normal]     | 96%    |   10.5ms | WE'RE GETTING IRON LUNG IN PORTUGAL :dou...
[ENTERTAINM] | YouTube  | [Normal]     | 93%    |    9.7ms | so proud of you sir...
[ENTERTAINM] | YouTube  | [Normal]     | 96%    |    7.3ms | I LOVE MR BEAST...
[GAMING/GAM] | YouTube  | [Normal]     | 95%    |    8.1ms | L3...
[ENTERTAINM] | YouTube  | [Normal]     | 95%    |   10.0ms | Bangladesh...
[ENTERTAINM] | YouTube  | [Normal]     | 97%    |   10.0ms | 100th...
[MUSIC/CHIL] | YouTube  | [Normal]     | 98%    |   17.8ms | mohit kata to sabka h kabhi n kabhi :fac...
[ENTERTAINM] | YouTube  | [Normal]     | 97%    |   12.1ms | let's go :beaming_face_with_smiling_eyes...
[GAMING/GAM] | YouTube  | [Normal]     | 52%    |   14.0ms | do a poll with just airplane and lightho...
[GAMING/GAM] | YouTube  | [Normal]     | 87%    |   11.5ms | it was problematic on an imax theater he...
[ENTERTAINM] | YouTube  | [Normal]     | 96%    |   12.0ms | aura aura aura aura aura aura aura aura...
[GAMING/GAM] | YouTube  | [Normal]     | 91%    |    8.1ms | Seein Iron Lung again tommorow...
[GAMING/GAM] | YouTube  | [Normal]     | 98%    |   12.0ms | AMAZING MOVIE MARK felt like in-was watc...
[GAMING/GAM] | YouTube  | [Normal]     | 75%    |   12.5ms | Iron Lung...
[PSYCHOLOGY] | YouTube  | [Normal]     | 97%    |   11.9ms | building versus sustaining??...
[GAMING/GAM] | YouTube  | [Normal]     | 97%    |   14.5ms | I loved Iron Lung! 8/10!...
[GAMING/GAM] | YouTube  | [Normal]     | 92%    |   82.8ms | AAAAHHHHHHH...
[GAMING/GAM] | YouTube  | [Normal]     | 96%    |   68.9ms | CLUTCH UP AIRPLANE...
[ENTERTAINM] | YouTube  | [Normal]     | 96%    |    8.1ms | YAY SO CLOSE...
[ENTERTAINM] | YouTube  | [Normal]     | 97%    |    8.5ms | I am indian...
[ENTERTAINM] | YouTube  | [Normal]     | 91%    |    8.4ms | mom...
[ENTERTAINM] | YouTube  | [Normal]     | 98%    |   15.1ms | :hand-pink-waving::hand-pink-waving:...
[GAMING/GAM] | YouTube  | [Normal]     | 97%    |   12.0ms | Congratulations on the film!...
[ENTERTAINM] | YouTube  | [Normal]     | 95%    |   10.0ms | mom found youtube channel...
[NEWS/LIVE ] | YouTube  | [Normal]     | 94%    |    8.6ms | buddy...
[ENTERTAINM] | YouTube  | [Normal]     | 94%    |    9.7ms | nurrlana...
[GAMING/SUR] | YouTube  | [Normal]     | 85%    |    9.1ms | After a win bet small jackass...
[GAMING/SUR] | YouTube  | [Normal]     | 90%    |    7.5ms | hahaha...
[GAMING/SUR] | YouTube  | [Normal]     | 96%    |    7.2ms | Just like real life...
[ENTERTAINM] | YouTube  | [Normal]     | 94%    |    7.0ms | Hi...
[ENTERTAINM] | YouTube  | [Normal]     | 94%    |    8.5ms | I love you Mrbeast...
[GAMING/GAM] | YouTube  | [Normal]     | 98%    |   12.1ms | Wait so there was an atmos file made?...
[ENTERTAINM] | YouTube  | [Normal]     | 95%    |   10.0ms | hiii...
[PSYCHOLOGY] | YouTube  | [Normal]     | 95%    |   12.5ms | The key is threading the needle in the w...
[GAMING/GAM] | YouTube  | [Normal]     | 95%    |   11.5ms | Sup...
[GAMING/GAM] | YouTube  | [Normal]     | 92%    |   13.6ms | im seeing the movie tomorrow im so excxi...
[GAMING/GAM] | YouTube  | [Normal]     | 95%    |   11.1ms | airplane...
[GAMING/SUR] | YouTube  | [Normal]     | 95%    |    9.7ms | HIT...
[GAMING/GAM] | YouTube  | [Normal]     | 93%    |   12.5ms | IM FINALLY WATCHING IRON LUNG LATER TODA...
[GAMING/GAM] | YouTube  | [Normal]     | 91%    |    8.0ms | RAM RANCH...
[PSYCHOLOGY] | YouTube  | [Normal]     | 96%    |   14.0ms | So the answer is nadi shuddhi yet again ...
[GAMING/GAM] | YouTube  | [Normal]     | 83%    |   16.7ms | Yeah the end bit was hella hard to hear ...
[GAMING/SUR] | YouTube  | [Normal]     | 96%    |   14.1ms | bro didnt hit on 14...
[GAMING/SUR] | YouTube  | [Normal]     | 96%    |   11.0ms | PLAY ARC...
[GAMING/GAM] | YouTube  | [Normal]     | 91%    |   11.2ms | Vote airplane everyone...
[GAMING/SUR] | YouTube  | [Normal]     | 95%    |   10.0ms | ATM time...
[ENTERTAINM] | YouTube  | [Normal]     | 94%    |   13.5ms | give me one laptop...
[MUSIC/CHIL] | YouTube  | [Normal]     | 95%    |   16.6ms | mujhe toh nhi yad...
[GAMING/SUR] | YouTube  | [Normal]     | 95%    |   90.8ms | well well well...
[GAMING/GAM] | YouTube  | [Normal]     | 93%    |   67.4ms | that explains why I couldn't hear some t...
[GAMING/GAM] | YouTube  | [Normal]     | 96%    |   11.0ms | HI MARKKKK...
[MUSIC/CHIL] | YouTube  | [Normal]     | 96%    |    9.9ms | Chameleon chameleon chameleon :backhand_...
[ENTERTAINM] | YouTube  | [Normal]     | 94%    |    8.6ms | Indonesia...
[ENTERTAINM] | YouTube  | [Normal]     | 96%    |   10.6ms | plz give me I :mobile_phone:...
[ENTERTAINM] | YouTube  | [Normal]     | 94%    |    8.0ms | 1...
[ENTERTAINM] | YouTube  | [Normal]     | 95%    |    8.0ms | hello...
[ENTERTAINM] | YouTube  | [Normal]     | 97%    |   13.6ms | :smiling_face_with_smiling_eyes:...
[GAMING/GAM] | YouTube  | [Normal]     | 97%    |   12.0ms | just watched iron lung. i really enjoyed...
[GAMING/SUR] | YouTube  | [Normal]     | 96%    |   10.0ms | rust streams are by far some of my favor...
[ENTERTAINM] | YouTube  | [Normal]     | 97%    |   11.0ms | Count to 100 000...
[MUSIC/CHIL] | YouTube  | [Normal]     | 93%    |   11.1ms | Leave me :palm_down_hand:...
[GAMING/GAM] | YouTube  | [Normal]     | 96%    |    9.0ms | atmos is dynamic because it's a 3d syste...
[GAMING/GAM] | YouTube  | [Normal]     | 94%    |   12.6ms | hai warkiplier...
[GAMING/GAM] | YouTube  | [Normal]     | 83%    |   10.0ms | man when its live i have to see the jump...
[SELF-HELP/] | YouTube  | [Normal]     | 94%    |    8.5ms | doc is this ok...
[GAMING/SUR] | YouTube  | [Normal]     | 96%    |   10.0ms | thats a shareable amount...
[ENTERTAINM] | YouTube  | [Normal]     | 94%    |    8.0ms | عرب...
[ENTERTAINM] | YouTube  | [Normal]     | 94%    |    9.5ms | hi...
[GAMING/SUR] | YouTube  | [Normal]     | 46%    |   11.0ms | go to the scapper...
[GAMING/SUR] | YouTube  | [Normal]     | 94%    |   12.1ms | 10...
[ENTERTAINM] | YouTube  | [Normal]     | 92%    |    7.4ms | congratulations brooo...
[ENTERTAINM] | YouTube  | [Normal]     | 96%    |   13.0ms | love you...
[ENTERTAINM] | YouTube  | [Normal]     | 94%    |   11.0ms | IM NOT NPC...
[GAMING/SUR] | YouTube  | [Normal]     | 92%    |   12.1ms | Peanut is itchy to gamble...
[GAMING/GAM] | YouTube  | [Normal]     | 95%    |   15.5ms | what's cracking mark  long time no see...
[GAMING/SUR] | YouTube  | [Normal]     | 96%    |   15.0ms | H20!!!!!!...
[GAMING/GAM] | YouTube  | [Normal]     | 95%    |   13.8ms | NUMBA ONEEEEEEEE...
[GAMING/GAM] | YouTube  | [OFFENSIVE]  | 81%    |   12.0ms | HELL YEAHHHHHHH...
[GAMING/GAM] | YouTube  | [Normal]     | 94%    |   16.0ms | airplane enclosed space like iron lung...
[PSYCHOLOGY] | YouTube  | [Normal]     | 94%    |   12.2ms | jung believes men had an anima and women...
[ENTERTAINM] | YouTube  | [Normal]     | 96%    |  177.0ms | New member...
[MUSIC/CHIL] | YouTube  | [Normal]     | 95%    |    9.6ms | :eyes:...
[ENTERTAINM] | YouTube  | [Normal]     | 87%    |   11.3ms | vamos beast...
[GAMING/GAM] | YouTube  | [Normal]     | 95%    |   15.5ms | I finally made it to a live but I’m work...
[GAMING/GAM] | YouTube  | [Normal]     | 97%    |   11.5ms | WE ARE THE CHAMPIONS...
[ENTERTAINM] | YouTube  | [Normal]     | 96%    |   13.1ms | come to Rajasthan india...
[SELF-HELP/] | YouTube  | [Normal]     | 95%    |   15.5ms | cuz they jele :pensive_face:...
[GAMING/GAM] | YouTube  | [Normal]     | 97%    |    9.6ms | its my birthday today 25 :partying_face:...
[GAMING/GAM] | YouTube  | [Normal]     | 94%    |    8.5ms | our audio was great (could feel the floo...
[ENTERTAINM] | YouTube  | [Normal]     | 93%    |   12.3ms | mushtariy...
[ENTERTAINM] | YouTube  | [Normal]     | 94%    |   16.1ms | oh my your voice changed so much...
[ENTERTAINM] | YouTube  | [Normal]     | 94%    |   11.4ms | Hi...
[ENTERTAINM] | YouTube  | [Normal]     | 96%    |    8.7ms | please Pro $10000...
[ENTERTAINM] | YouTube  | [Normal]     | 96%    |    9.1ms | 500 million subscriber...
[ENTERTAINM] | YouTube  | [Normal]     | 94%    |    8.6ms | Mr beast !!!...
[ENTERTAINM] | YouTube  | [Normal]     | 94%    |   11.0ms | hi...
[ENTERTAINM] | YouTube  | [Normal]     | 95%    |   10.0ms | Hello...
[MUSIC/CHIL] | YouTube  | [Normal]     | 92%    |   11.5ms | ai mușcat...
[ENTERTAINM] | YouTube  | [Normal]     | 94%    |    8.5ms | hi...
[ENTERTAINM] | YouTube  | [Normal]     | 71%    |    7.0ms | bro your moom ware...
[ENTERTAINM] | YouTube  | [Normal]     | 91%    |    6.0ms | hey...
[GAMING/GAM] | YouTube  | [Normal]     | 96%    |    8.6ms | gonna try to see it for a second time to...
[ENTERTAINM] | YouTube  | [Normal]     | 97%    |   13.0ms | 500M...
[GAMING/SUR] | YouTube  | [Normal]     | 96%    |   18.0ms | H2O???????????...
[PSYCHOLOGY] | YouTube  | [Normal]     | 88%    |   12.5ms | Gigachad vs normies...
[ENTERTAINM] | YouTube  | [OFFENSIVE]  | 99%    |   13.0ms | Jimmy ki jai ho:smiling_face_with_heart_...
[ENTERTAINM] | YouTube  | [Normal]     | 96%    |   11.6ms | hello jimmy...
[ENTERTAINM] | YouTube  | [Normal]     | 96%    |   10.6ms | :red_heart:...
[GAMING/SUR] | YouTube  | [Normal]     | 92%    |   13.1ms | Lmao H2O being broke hmmm all that yt mo...
[GAMING/SUR] | YouTube  | [Normal]     | 94%    |   13.2ms | 1...
[NEWS/LIVE ] | YouTube  | [Normal]     | 96%    |   89.6ms | 1984 on the way XD...
[GAMING/GAM] | YouTube  | [Normal]     | 97%    |   58.8ms | YAYY MARKIPLIER TIME...
[GAMING/SUR] | YouTube  | [Normal]     | 95%    |   10.0ms | h20...
[ENTERTAINM] | YouTube  | [Normal]     | 96%    |   13.0ms | 500m:saluting_face:...
[GAMING/GAM] | YouTube  | [Normal]     | 96%    |   12.5ms | how long you okay on streaming for sir?...
[GAMING/GAM] | YouTube  | [Normal]     | 83%    |   15.5ms | Does Iron lung come to poland pls...
[GAMING/SUR] | YouTube  | [Normal]     | 95%    |   12.0ms | :rolling_on_the_floor_laughing::rolling_...
[GAMING/SUR] | YouTube  | [Normal]     | 78%    |    6.6ms | no way...
[GAMING/GAM] | YouTube  | [Normal]     | 93%    |    8.6ms | AIIIIRRRPLLLAAAAANNNNNEEEEEE...
[ENTERTAINM] | YouTube  | [Normal]     | 88%    |   12.0ms | give money...
[GAMING/SUR] | YouTube  | [Normal]     | 96%    |   11.0ms | LOL...
[GAMING/GAM] | YouTube  | [Normal]     | 96%    |    9.6ms | HI MARK!...
[ENTERTAINM] | YouTube  | [Normal]     | 96%    |   10.0ms | New member...
[GAMING/GAM] | YouTube  | [Normal]     | 95%    |   18.1ms | :face-red-droopy-eyes::face-red-droopy-e...
[GAMING/SUR] | YouTube  | [Normal]     | 94%    |    7.0ms | AHAHAHAHA...
[GAMING/SUR] | YouTube  | [Normal]     | 91%    |    7.0ms | w...
[MUSIC/CHIL] | YouTube  | [Normal]     | 97%    |    9.6ms | por lo menos los de la puerta de la igle...
[GAMING/SUR] | YouTube  | [Normal]     | 78%    |    8.0ms | NO WAY...
[GAMING/SUR] | YouTube  | [Normal]     | 72%    |    9.6ms | whats the discord...
[GAMING/GAM] | YouTube  | [Normal]     | 93%    |    9.0ms | gg...
[PSYCHOLOGY] | YouTube  | [Normal]     | 94%    |   10.0ms | ben shapiro...
[GAMING/SUR] | YouTube  | [Normal]     | 69%    |   10.6ms | H2O HELL YEAH...
[MUSIC/CHIL] | YouTube  | [Normal]     | 95%    |   11.6ms | e șubred dudul...
[ENTERTAINM] | YouTube  | [Normal]     | 89%    |   14.0ms | I am your subscriber Mr beast I am be ha...
[GAMING/SUR] | YouTube  | [Normal]     | 97%    |   14.5ms | we got delirious on a peanut stream lol...
[GAMING/GAM] | YouTube  | [Normal]     | 94%    |   14.4ms | Hey mark  is Iron Lung a horror movie?...
[ENTERTAINM] | YouTube  | [Normal]     | 89%    |    7.4ms | can you come to sri  lanka...
[ENTERTAINM] | YouTube  | [Normal]     | 86%    |   13.0ms | like done :thumbs_up:...
[GAMING/GAM] | YouTube  | [Normal]     | 95%    |   10.1ms | honestly restarted the Garten of banban ...
[GAMING/GAM] | YouTube  | [Normal]     | 97%    |    9.1ms | i love this game...
[GAMING/SUR] | YouTube  | [Normal]     | 94%    |   15.0ms | ITS GONNA BE 5 FOR SURE...
[ENTERTAINM] | YouTube  | [Normal]     | 97%    |   10.0ms | hi :check_mark_button:...
[PSYCHOLOGY] | YouTube  | [Normal]     | 96%    |  158.6ms | LMAO...
[GAMING/GAM] | YouTube  | [Normal]     | 97%    |    8.0ms | Welcome to Member!...
[GAMING/SUR] | YouTube  | [Normal]     | 73%    |    9.0ms | ADDICTION...
[MUSIC/CHIL] | YouTube  | [Normal]     | 94%    |   15.0ms | mohit :face_with_tears_of_joy::face_with...
[SELF-HELP/] | YouTube  | [Normal]     | 90%    |   15.4ms | Which is maybe why he's calming down on ...
[PSYCHOLOGY] | YouTube  | [Normal]     | 96%    |   16.1ms | isn't that sadly partially true?...
[ENTERTAINM] | YouTube  | [Normal]     | 97%    |   15.2ms | love from keralaaaaaaaaaa...
[GAMING/SUR] | YouTube  | [Normal]     | 91%    |   11.0ms | hahahahaha...
[SELF-HELP/] | YouTube  | [Normal]     | 42%    |   14.5ms | there is also projection  for example to...
[GAMING/GAM] | YouTube  | [Normal]     | 95%    |   11.0ms | obversation...
[ENTERTAINM] | YouTube  | [Normal]     | 97%    |   10.1ms | :heart_suit:...
[GAMING/SUR] | YouTube  | [Normal]     | 95%    |   28.8ms | :rolling_on_the_floor_laughing::rolling_...
[GAMING/SUR] | YouTube  | [Normal]     | 93%    |   13.8ms | OMG...
[GAMING/SUR] | YouTube  | [Normal]     | 93%    |   13.1ms | deserved...
[ENTERTAINM] | YouTube  | [Normal]     | 96%    |    8.5ms | New member...
[GAMING/SUR] | YouTube  | [Normal]     | 96%    |   12.2ms | Nice Raid....
[ENTERTAINM] | YouTube  | [Normal]     | 97%    |   23.1ms | Jai jagannathJai jagannathJai jagannathJ...
[ENTERTAINM] | YouTube  | [Normal]     | 97%    |    7.2ms | :face-purple-crying::face-purple-crying:...
[ENTERTAINM] | YouTube  | [Normal]     | 94%    |   13.7ms | hi...
[ENTERTAINM] | YouTube  | [Normal]     | 97%    |   15.5ms | love :face_blowing_a_kiss::two_hearts: y...
[ENTERTAINM] | YouTube  | [Normal]     | 97%    |   11.0ms | saludos desde Perú carajo...
[GAMING/GAM] | YouTube  | [Normal]     | 96%    |   14.9ms | That was fast lol...
[GAMING/GAM] | YouTube  | [Normal]     | 97%    |   11.0ms | What is this game??...
[GAMING/GAM] | YouTube  | [Normal]     | 96%    |   13.5ms | Water cheese...
[ENTERTAINM] | YouTube  | [Normal]     | 66%    |   11.5ms | that is crazy...
[ENTERTAINM] | YouTube  | [Normal]     | 91%    |   10.0ms | W...
[ENTERTAINM] | YouTube  | [Normal]     | 98%    |   22.7ms | :hand-pink-waving::hand-pink-waving::han...
[ENTERTAINM] | YouTube  | [Normal]     | 69%    |   12.0ms | you can't see me...
[ENTERTAINM] | YouTube  | [Normal]     | 96%    |   10.7ms | yo  hi  Miso Beef!...
[GAMING/GAM] | YouTube  | [Normal]     | 97%    |   12.3ms | Typo :face_with_tears_of_joy::face_with_...
[PSYCHOLOGY] | YouTube  | [Normal]     | 96%    |   73.2ms | average fortune 500 ceo...
[GAMING/GAM] | YouTube  | [Normal]     | 96%    |   48.7ms | OBVERSATION MARK...
[GAMING/GAM] | YouTube  | [Normal]     | 96%    |    8.6ms | observation is spelt wrong...
[ENTERTAINM] | YouTube  | [Normal]     | 90%    |   11.0ms | meeeeeee...
[GAMING/SUR] | YouTube  | [Normal]     | 95%    |    9.5ms | TF...
[GAMING/SUR] | YouTube  | [Normal]     | 91%    |   14.4ms | hutch has the patience of of seahorse gi...
[GAMING/SUR] | YouTube  | [Normal]     | 84%    |   11.0ms | rigged...
[GAMING/GAM] | YouTube  | [Normal]     | 97%    |   15.0ms | Attendence for Markiplier!! SAY HERE!!!!...
[GAMING/GAM] | YouTube  | [Normal]     | 96%    |    7.0ms | boy i love obversating...
[ENTERTAINM] | YouTube  | [Normal]     | 91%    |    8.5ms | me...
[PSYCHOLOGY] | YouTube  | [Normal]     | 51%    |   16.2ms | People hate their moms...
[GAMING/SUR] | YouTube  | [Normal]     | 97%    |   17.0ms | :face_with_tears_of_joy:...
[ENTERTAINM] | YouTube  | [Normal]     | 91%    |   12.0ms | me...
[PSYCHOLOGY] | YouTube  | [Normal]     | 95%    |   16.0ms | Never done drugs i use 20 hours gaming s...
[ENTERTAINM] | YouTube  | [Normal]     | 91%    |   10.6ms | w...
[GAMING/GAM] | YouTube  | [Normal]     | 91%    |   10.6ms | Hes obversating...
[GAMING/SUR] | YouTube  | [Normal]     | 78%    |    8.6ms | no way...
[GAMING/SUR] | YouTube  | [Normal]     | 48%    |   15.5ms | No way no wayyyyyy...
[GAMING/GAM] | YouTube  | [Normal]     | 92%    |   15.5ms | mark i might go see your neww movie soon...
[GAMING/SUR] | YouTube  | [Normal]     | 92%    |    9.1ms | never come back here lmao...
[GAMING/GAM] | YouTube  | [Normal]     | 96%    |   10.0ms | This is a very white knuckle map...
[GAMING/SUR] | YouTube  | [Normal]     | 97%    |   12.5ms | 1K SCRAP IN A BOX AT BASE...
[ENTERTAINM] | YouTube  | [Normal]     | 90%    |   15.0ms | Usa...
[GAMING/SUR] | YouTube  | [Normal]     | 95%    |   23.1ms | :rolling_on_the_floor_laughing::rolling_...
[ENTERTAINM] | YouTube  | [Normal]     | 95%    |    9.2ms | 67...
[GAMING/GAM] | YouTube  | [Normal]     | 93%    |   13.5ms | LOCKIN MARK...
[PSYCHOLOGY] | YouTube  | [Normal]     | 91%    |   12.0ms | animals...
[GAMING/SUR] | YouTube  | [Normal]     | 96%    |   10.3ms | what a sweet treat...
[GAMING/GAM] | YouTube  | [Normal]     | 95%    |   13.0ms | Dude makes a good movie but doesn’t know...
[GAMING/GAM] | YouTube  | [Normal]     | 96%    |   18.6ms | I didn't notice Obversation XD...
[GAMING/SUR] | YouTube  | [Normal]     | 95%    |   14.1ms | started from the top now we here...
[GAMING/GAM] | YouTube  | [Normal]     | 97%    |   71.1ms | OBVERSATIUON...
[ENTERTAINM] | YouTube  | [Normal]     | 97%    |   70.7ms | Love from Bangladesh...
[SELF-HELP/] | YouTube  | [Normal]     | 93%    |   14.6ms | @exozl That's legitimate. Carbs = sugar....
[GAMING/GAM] | YouTube  | [Normal]     | 95%    |   12.0ms | W title...
[ENTERTAINM] | YouTube  | [Normal]     | 92%    |   12.0ms | Bro it looks like you drink champagne...
[GAMING/GAM] | YouTube  | [Normal]     | 83%    |   13.0ms | KEEP IT  FUNNY...
[ENTERTAINM] | YouTube  | [Normal]     | 94%    |   13.5ms | Hi...
[ENTERTAINM] | YouTube  | [Normal]     | 93%    |   12.5ms | Aurabeast...
[ENTERTAINM] | YouTube  | [Normal]     | 97%    |   10.6ms | Welcome New Member!...
[PSYCHOLOGY] | YouTube  | [OFFENSIVE]  | 54%    |   10.6ms | HOLY SHIT...
[ENTERTAINM] | YouTube  | [Normal]     | 93%    |   11.5ms | م...
[GAMING/SUR] | YouTube  | [Normal]     | 95%    |   13.0ms | peanut sick lol...
[ENTERTAINM] | YouTube  | [Normal]     | 95%    |   13.5ms | sir mujhe dollar chahie...
[GAMING/GAM] | YouTube  | [Normal]     | 97%    |   15.0ms | IS THERE AN UPDATE ON IT COMING TO BLUER...
[GAMING/SUR] | YouTube  | [Normal]     | 94%    |   11.0ms | nothing like being excited about being 1...
[ENTERTAINM] | YouTube  | [Normal]     | 97%    |   11.4ms | just add slowmode gang :broken_heart::br...
[GAMING/SUR] | YouTube  | [Normal]     | 83%    |    8.0ms | Who hungry...
[GAMING/GAM] | YouTube  | [Normal]     | 96%    |   10.0ms | extra object...
[GAMING/GAM] | YouTube  | [Normal]     | 94%    |   14.6ms | missing buoy in the yard?...
[GAMING/SUR] | YouTube  | [Normal]     | 95%    |    8.0ms | Hu20?...
[GAMING/GAM] | YouTube  | [OFFENSIVE]  | 90%    |   12.1ms | Damn it time zones it’s too late to watc...
[GAMING/SUR] | YouTube  | [Normal]     | 94%    |   10.0ms | 3...
[GAMING/SUR] | YouTube  | [Normal]     | 93%    |   11.1ms | casinos love to see you coming lol...
[GAMING/GAM] | YouTube  | [Normal]     | 96%    |    9.0ms | Iron lung was so peak :raising_hands::ra...
[GAMING/GAM] | YouTube  | [Normal]     | 91%    |    9.6ms | so unprofessonal not nowing how to spel ...
[GAMING/SUR] | YouTube  | [Normal]     | 89%    |   13.5ms | do it and you're cool...
[ENTERTAINM] | YouTube  | [Normal]     | 94%    |   12.0ms | hola...
[ENTERTAINM] | YouTube  | [Normal]     | 94%    |   11.6ms | hi...
[GAMING/SUR] | YouTube  | [Normal]     | 71%    |   11.6ms | stop...
[MUSIC/CHIL] | YouTube  | [Normal]     | 96%    |   13.0ms | mohit nahi...
[ENTERTAINM] | YouTube  | [Normal]     | 95%    |    9.6ms | hello...
[ENTERTAINM] | YouTube  | [Normal]     | 96%    |   39.1ms | hidup Jokowi!!!...
[GAMING/GAM] | YouTube  | [Normal]     | 96%    |  129.3ms | HI MARK...
[GAMING/GAM] | YouTube  | [Normal]     | 94%    |   12.1ms | There's an anomaly in the top left corne...
[GAMING/SUR] | YouTube  | [Normal]     | 91%    |    8.0ms | best anti-gambling stream EVER...
[GAMING/GAM] | YouTube  | [Normal]     | 96%    |    9.0ms | markin it...
[GAMING/GAM] | YouTube  | [Normal]     | 97%    |   10.6ms | obversation...:rolling_on_the_floor_laug...
[ENTERTAINM] | YouTube  | [Normal]     | 95%    |   14.0ms | WHERE'S MOM NOW?...
[ENTERTAINM] | YouTube  | [Normal]     | 96%    |   11.0ms | jsjsj...
[ENTERTAINM] | YouTube  | [Normal]     | 94%    |   12.5ms | Hi...
[MUSIC/CHIL] | YouTube  | [Normal]     | 94%    |   10.6ms | leagă - ma de leagăn...
[GAMING/GAM] | YouTube  | [Normal]     | 96%    |   18.6ms | Y'all  if you watch 'The distractible po...
[GAMING/GAM] | YouTube  | [Normal]     | 92%    |   12.0ms | over...
[MUSIC/CHIL] | YouTube  | [Normal]     | 98%    |   12.1ms | ...:face-turquoise-music-note:...
[GAMING/SUR] | YouTube  | [Normal]     | 90%    |   13.7ms | Hahahaha...
[GAMING/GAM] | YouTube  | [Normal]     | 95%    |   13.1ms | Obversation...
[GAMING/GAM] | YouTube  | [OFFENSIVE]  | 73%    |   13.6ms | Mark  ITS WRONGGGG...
[GAMING/SUR] | YouTube  | [Normal]     | 96%    |   10.9ms | lol...
[GAMING/GAM] | YouTube  | [Normal]     | 93%    |   13.1ms | no not that one...
[ENTERTAINM] | YouTube  | [Normal]     | 97%    |   12.6ms | Привет Мистер Бист!...
[GAMING/GAM] | YouTube  | [Normal]     | 93%    |   11.6ms | an observation duty movie would actually...
[GAMING/GAM] | YouTube  | [Normal]     | 91%    |   13.0ms | you got this Mark...
[SPORTS/PEN] | YouTube  | [Normal]     | 95%    |    9.8ms | ofc...
[GAMING/GAM] | YouTube  | [Normal]     | 78%    |    8.1ms | We on observation duty babyy...
[GAMING/GAM] | YouTube  | [Normal]     | 94%    |   12.0ms | Me too mark:skull: (spelling)...
[GAMING/GAM] | YouTube  | [Normal]     | 96%    |   11.1ms | :_markiHEART::_markiHEART::_markiHEART:...
[GAMING/GAM] | YouTube  | [Normal]     | 96%    |   12.6ms | missing beer bottle?...
[GAMING/GAM] | YouTube  | [Normal]     | 97%    |    8.0ms | Welcome to Member!...
[MUSIC/CHIL] | YouTube  | [Normal]     | 98%    |   14.0ms | ...:face-turquoise-music-note:...
[GAMING/GAM] | YouTube  | [Normal]     | 79%    |   11.7ms | THE BED...
[GAMING/GAM] | YouTube  | [Normal]     | 96%    |   19.7ms | I couldn't go watch your movie so I offe...
[ENTERTAINM] | YouTube  | [Normal]     | 97%    |   13.1ms | :lotus:...
[GAMING/GAM] | YouTube  | [Normal]     | 93%    |   10.0ms | talk tuah...
[GAMING/GAM] | YouTube  | [Normal]     | 95%    |   11.3ms | Hello father...
[GAMING/SUR] | YouTube  | [Normal]     | 80%    |   99.2ms | YOU CANT?...
[ENTERTAINM] | YouTube  | [Normal]     | 94%    |    9.6ms | heloooo...
[ENTERTAINM] | YouTube  | [Normal]     | 93%    |   11.0ms | I love how people usually donates but he...
[SELF-HELP/] | YouTube  | [Normal]     | 89%    |   10.7ms | I just land up feeling sorry for myself ...
[GAMING/SUR] | YouTube  | [Normal]     | 96%    |   11.0ms | house always win!...
[ENTERTAINM] | YouTube  | [Normal]     | 97%    |   15.0ms | love you mr beast :face_blowing_a_kiss::...
[PSYCHOLOGY] | YouTube  | [Normal]     | 75%    |   15.2ms | no idea who you could mean...
[GAMING/GAM] | YouTube  | [Normal]     | 96%    |   13.6ms | i'm so dyslexic i did not even notice th...
[GAMING/GAM] | YouTube  | [Normal]     | 87%    |   15.6ms | What about that T thing at the dock!!...
[GAMING/GAM] | YouTube  | [Normal]     | 96%    |   12.5ms | MARKIMOOOO...
[ENTERTAINM] | YouTube  | [Normal]     | 96%    |   15.1ms | BRO PLEZ GIVE ME PC FOR GAMING :melting_...
[NEWS/LIVE ] | YouTube  | [Normal]     | 97%    |   16.8ms | lol:face-green-smiling:...
[GAMING/GAM] | YouTube  | [Normal]     | 93%    |    9.0ms | yes...
[GAMING/GAM] | YouTube  | [Normal]     | 94%    |   14.6ms | intruder? how did he get in? intruder wi...
[GAMING/GAM] | YouTube  | [Normal]     | 92%    |   10.0ms | BED...
[GAMING/GAM] | YouTube  | [Normal]     | 96%    |    8.0ms | Hi Mark...
[ENTERTAINM] | YouTube  | [Normal]     | 96%    |   11.0ms | bro remember video replies...
[GAMING/GAM] | YouTube  | [Normal]     | 96%    |    9.9ms | poster!...
[ENTERTAINM] | YouTube  | [Normal]     | 97%    |   23.0ms | My biggest dream is to take my whole fam...
[GAMING/GAM] | YouTube  | [Normal]     | 93%    |   18.0ms | THIS IS A PRERECORDED VIDEO GUYS...
[GAMING/GAM] | YouTube  | [Normal]     | 79%    |   10.0ms | THE BED...
[GAMING/GAM] | YouTube  | [Normal]     | 96%    |   12.0ms | hi mark...
[ENTERTAINM] | YouTube  | [Normal]     | 94%    |    8.0ms | 5...
[ENTERTAINM] | YouTube  | [Normal]     | 94%    |    9.0ms | 4...
[GAMING/GAM] | YouTube  | [Normal]     | 96%    |   15.7ms | SO humble! Number 1 director in america!...
[ENTERTAINM] | YouTube  | [Normal]     | 94%    |   11.5ms | 5...
[ENTERTAINM] | YouTube  | [Normal]     | 95%    |   14.9ms | 67...
[ENTERTAINM] | YouTube  | [Normal]     | 94%    |    6.0ms | 5...
[GAMING/GAM] | YouTube  | [Normal]     | 83%    |    7.0ms | THE STAIRS IN THE BASEMENT ARE MOVING...
[GAMING/GAM] | YouTube  | [Normal]     | 95%    |    7.6ms | Staircase...
[GAMING/GAM] | YouTube  | [Normal]     | 88%    |   12.0ms | You're number one!...
[GAMING/GAM] | YouTube  | [Normal]     | 90%    |   11.6ms | ignore everyone in chat...
[ENTERTAINM] | YouTube  | [Normal]     | 94%    |   11.6ms | 5...
[ENTERTAINM] | YouTube  | [Normal]     | 94%    |  156.9ms | 5...
[GAMING/GAM] | YouTube  | [Normal]     | 97%    |   20.1ms | Thank you for being there for me...
[ENTERTAINM] | YouTube  | [Normal]     | 94%    |   12.0ms | 1...
[ENTERTAINM] | YouTube  | [Normal]     | 96%    |   14.7ms | Hi Jimmy my name is Caleb...
[GAMING/GAM] | YouTube  | [Normal]     | 94%    |   17.1ms | stairs are moving!!!!!...
[GAMING/SUR] | YouTube  | [Normal]     | 89%    |   14.6ms | HUTCH HAS AN AIRSTRIKE...
[GAMING/GAM] | YouTube  | [Normal]     | 83%    |   14.9ms | The stairs in the basement are moving...
[ENTERTAINM] | YouTube  | [Normal]     | 92%    |   13.1ms | @LEO7894Art...
[GAMING/GAM] | YouTube  | [Normal]     | 92%    |   18.4ms | Sooooo hyped to watch Iron Lung! Plannin...
[PSYCHOLOGY] | YouTube  | [HATE]       | 62%    |    9.3ms | @Danuxsy you will not find someone more ...
[ENTERTAINM] | YouTube  | [Normal]     | 94%    |    8.3ms | 5...
[ENTERTAINM] | YouTube  | [Normal]     | 88%    |   14.0ms | give me money...
[GAMING/GAM] | YouTube  | [Normal]     | 91%    |   10.0ms | Where’s your director hat? :clapper_boar...
[PSYCHOLOGY] | YouTube  | [Normal]     | 72%    |    9.6ms | thats where drugs come in huh...
[GAMING/GAM] | YouTube  | [Normal]     | 78%    |   10.6ms | “ I’m the number 1 director “ is crazy...
[ENTERTAINM] | YouTube  | [Normal]     | 98%    |   11.0ms | ....... ronaldo or messi...
[ENTERTAINM] | YouTube  | [Normal]     | 95%    |    7.0ms | 111...
[GAMING/GAM] | YouTube  | [Normal]     | 90%    |   17.1ms | Oh  I wasn't paying attention. My bad :_...
[ENTERTAINM] | YouTube  | [Normal]     | 96%    |   13.5ms | 1-1...
[GAMING/GAM] | YouTube  | [Normal]     | 97%    |   10.9ms | Lantern moved...
[NEWS/LIVE ] | YouTube  | [Normal]     | 93%    |   11.0ms | Flatulence is no laughing matter :grinni...
[GAMING/GAM] | YouTube  | [Normal]     | 89%    |   15.0ms | maybe the jacket is missing...
[ENTERTAINM] | YouTube  | [Normal]     | 96%    |   12.0ms | مرحبا...
[GAMING/GAM] | YouTube  | [Normal]     | 97%    |    7.0ms | I am on observation duty for the observe...
[GAMING/GAM] | YouTube  | [Normal]     | 90%    |   10.1ms | the basement stairs are moving...
[GAMING/GAM] | YouTube  | [Normal]     | 89%    |   13.0ms | MARK NVM I AM SO SORRY I LIED TO YOU...
[MUSIC/CHIL] | YouTube  | [Normal]     | 97%    |   16.0ms | :face_with_tears_of_joy:...
[SELF-HELP/] | YouTube  | [Normal]     | 93%    |   11.1ms | hm...
[ENTERTAINM] | YouTube  | [Normal]     | 95%    |   13.5ms | hlo bhaii...
[ENTERTAINM] | YouTube  | [Normal]     | 94%    |   10.2ms | 5...
[ENTERTAINM] | YouTube  | [Normal]     | 96%    |   11.0ms | op...
[GAMING/GAM] | YouTube  | [Normal]     | 98%    |   36.5ms | I love you Mark. Please Make more videos...
[MUSIC/CHIL] | YouTube  | [Normal]     | 97%    |   84.0ms | kuchh nhi......
[GAMING/GAM] | YouTube  | [Normal]     | 77%    |   10.3ms | WE WOULD NEVER LIE TO YOU...
[ENTERTAINM] | YouTube  | [Normal]     | 89%    |   10.0ms | yoooo...
[GAMING/GAM] | YouTube  | [OFFENSIVE]  | 44%    |   11.1ms | you're going crazy...
[SPORTS/FOO] | YouTube  | [Normal]     | 93%    |   11.3ms | semangat...
[PSYCHOLOGY] | YouTube  | [Normal]     | 93%    |   11.7ms | daydreaming...
[GAMING/GAM] | YouTube  | [Normal]     | 96%    |   15.7ms | we have a keen eye...
[ENTERTAINM] | YouTube  | [Normal]     | 96%    |   15.7ms | in you tube history 500 million subscrib...
[GAMING/GAM] | YouTube  | [Normal]     | 94%    |   14.1ms | gaslight anomoly...
[ENTERTAINM] | YouTube  | [Normal]     | 96%    |   13.6ms | bro don't clap i am in the middle of my ...
[GAMING/GAM] | YouTube  | [Normal]     | 93%    |   13.6ms | :rolling_on_the_floor_laughing:...
[GAMING/GAM] | YouTube  | [OFFENSIVE]  | 43%    |   15.6ms | That’s disgusting! What a obversation...
[GAMING/GAM] | YouTube  | [Normal]     | 93%    |   10.0ms | firewood...
[SELF-HELP/] | YouTube  | [Normal]     | 90%    |   20.1ms | I´ve joined now the stream  kinda late I...
[GAMING/SUR] | YouTube  | [Normal]     | 93%    |   14.9ms | you got one last night...
[ENTERTAINM] | YouTube  | [Normal]     | 95%    |    9.0ms | INDONESIA  INDONESIA...
[GAMING/GAM] | YouTube  | [Normal]     | 97%    |   12.6ms | two mousetraps in basement?...
[GAMING/GAM] | YouTube  | [Normal]     | 97%    |   13.6ms | R.I.P who ever needed help lol...
[GAMING/GAM] | YouTube  | [Normal]     | 95%    |   10.6ms | I got tickled...
[GAMING/GAM] | YouTube  | [Normal]     | 95%    |   15.5ms | I'm over here yelling at my computer scr...
[GAMING/GAM] | YouTube  | [Normal]     | 92%    |   11.0ms | GO MARK GO...
[ENTERTAINM] | YouTube  | [Normal]     | 97%    |   17.5ms | You're amazing  Mr. Beast...
[GAMING/GAM] | YouTube  | [Normal]     | 94%    |   13.0ms | PASSWORD1...
[ENTERTAINM] | YouTube  | [Normal]     | 94%    |   13.6ms | MR BEAST I’VE MET YOU BEFORE...
[GAMING/GAM] | YouTube  | [Normal]     | 95%    |   17.5ms | I finally got to see iron lung and I lov...
[GAMING/GAM] | YouTube  | [Normal]     | 89%    |   14.0ms | I dont rememver there being wood planks ...
[ENTERTAINM] | YouTube  | [Normal]     | 96%    |   15.6ms | Mr beast give me iPhone17 ultra pro max...
[ENTERTAINM] | YouTube  | [Normal]     | 95%    |   10.5ms | 67...
[GAMING/GAM] | YouTube  | [Normal]     | 94%    |   15.0ms | it's coming right for you Mark...
[GAMING/GAM] | YouTube  | [Normal]     | 96%    |   10.1ms | i feel so helpful...
[ENTERTAINM] | YouTube  | [Normal]     | 96%    |   96.1ms | king of yt...
[GAMING/GAM] | YouTube  | [Normal]     | 97%    |   44.2ms | INTERIOR: lantern movement!...
[GAMING/GAM] | YouTube  | [Normal]     | 97%    |    9.0ms | I love how Mark always pops up when I ne...
[ENTERTAINM] | YouTube  | [Normal]     | 78%    |    9.0ms | you are the best...
[GAMING/GAM] | YouTube  | [Normal]     | 82%    |   12.6ms | ßung...
[GAMING/GAM] | YouTube  | [Normal]     | 97%    |   11.5ms | THE GREEN BOTTLE...
[MUSIC/CHIL] | YouTube  | [Normal]     | 97%    |   12.0ms | ye pgla gya...
[GAMING/SUR] | YouTube  | [Normal]     | 80%    |   11.6ms | this is too funny...
[GAMING/GAM] | YouTube  | [Normal]     | 92%    |    8.0ms | bed...
[GAMING/GAM] | YouTube  | [Normal]     | 79%    |    9.7ms | the bed...
[GAMING/SUR] | YouTube  | [OFFENSIVE]  | 89%    |    9.0ms | damn son! we can tell!...
[PSYCHOLOGY] | YouTube  | [Normal]     | 91%    |    8.1ms | can you be double possessed??...
[ENTERTAINM] | YouTube  | [Normal]     | 94%    |    9.0ms | Hy...
[GAMING/GAM] | YouTube  | [Normal]     | 95%    |   10.0ms | PIER MISSING POLE RIGHT...
[MUSIC/CHIL] | YouTube  | [Normal]     | 97%    |   15.4ms | es lo único que podrás...
[SELF-HELP/] | YouTube  | [Normal]     | 52%    |   15.6ms | Should I tell my freind that he can’t do...
[GAMING/GAM] | YouTube  | [Normal]     | 97%    |   11.6ms | ladder?...
[ENTERTAINM] | YouTube  | [Normal]     | 97%    |    9.6ms | :thumbs_up: :clapping_hands:...
[ENTERTAINM] | YouTube  | [Normal]     | 92%    |   10.5ms | Hi Mr. Beast  I have a problem with aloa...
[GAMING/GAM] | YouTube  | [Normal]     | 95%    |   10.5ms | im going to see your movie tonight Mark!...
[GAMING/GAM] | YouTube  | [Normal]     | 86%    |    9.0ms | Not the bed...
[ENTERTAINM] | YouTube  | [Normal]     | 96%    |   12.5ms | please shoutout me :pleading_face::loudl...
[GAMING/GAM] | YouTube  | [Normal]     | 83%    |   16.0ms | Can you please finish Slient Hill...
[GAMING/GAM] | YouTube  | [Normal]     | 98%    |   11.0ms | light swinging on the lantern room....
[ENTERTAINM] | YouTube  | [Normal]     | 95%    |   12.0ms | вак...
[GAMING/GAM] | YouTube  | [Normal]     | 96%    |   13.0ms | Just got done watching Iron Lung. Fantas...
[GAMING/SUR] | YouTube  | [Normal]     | 94%    |   12.5ms | what is voodoo ranger???...
[GAMING/GAM] | YouTube  | [Normal]     | 94%    |   11.6ms | pardon?...
[GAMING/GAM] | YouTube  | [Normal]     | 96%    |   10.5ms | LANTERN...
[GAMING/GAM] | YouTube  | [Normal]     | 97%    |   15.5ms | Pfft lol...
[GAMING/GAM] | YouTube  | [Normal]     | 96%    |   12.0ms | I made spaghetti and now my nose is blee...
[MUSIC/CHIL] | YouTube  | [Normal]     | 97%    |   11.5ms | mujhe chhune k bahaane dhund ri kya...ma...
[ENTERTAINM] | YouTube  | [Normal]     | 94%    |  198.9ms | 1...
[GAMING/GAM] | YouTube  | [Normal]     | 88%    |   10.9ms | I love observation duty but does anyone ...
[ENTERTAINM] | YouTube  | [Normal]     | 90%    |    9.1ms | hay mr beast...
[GAMING/SUR] | YouTube  | [Normal]     | 62%    |   10.0ms | alcohol is poison...
[GAMING/GAM] | YouTube  | [Normal]     | 94%    |    9.2ms | w mark...
[MUSIC/CHIL] | YouTube  | [Normal]     | 97%    |    9.1ms | bandhiya lol...
[ENTERTAINM] | YouTube  | [Normal]     | 94%    |    9.5ms | hi...
[ENTERTAINM] | YouTube  | [Normal]     | 97%    |   11.0ms | Congratulations on reaching 500 million!...
[GAMING/GAM] | YouTube  | [Normal]     | 92%    |   15.4ms | There's an anomaly top left!!!!...
[GAMING/GAM] | YouTube  | [Normal]     | 94%    |   11.8ms | the thing swings bottom right of the lig...
[GAMING/GAM] | YouTube  | [Normal]     | 97%    |   15.8ms | Lantern on the dresser in interior...
[GAMING/GAM] | YouTube  | [Normal]     | 88%    |   11.1ms | THE DOOR...
[GAMING/SUR] | YouTube  | [Normal]     | 94%    |    9.4ms | 5...
[SELF-HELP/] | YouTube  | [Normal]     | 97%    |   14.9ms | Can I share this live or save it for lat...
[GAMING/SUR] | YouTube  | [Normal]     | 96%    |   12.5ms | Rogue is the MVP of this stream . no sle...
[GAMING/GAM] | YouTube  | [Normal]     | 96%    |    9.8ms | the railing moved in stairwell...
[GAMING/GAM] | YouTube  | [Normal]     | 92%    |    9.3ms | they need a baby mode specially for mark...
[ENTERTAINM] | YouTube  | [Normal]     | 95%    |   11.6ms | can you pay me 1000000 dollar...
[GAMING/GAM] | YouTube  | [Normal]     | 87%    |   14.5ms | youre tweaking stop thinking so much vro...
[GAMING/GAM] | YouTube  | [Normal]     | 96%    |   11.5ms | the railing??...
[ENTERTAINM] | YouTube  | [Normal]     | 94%    |    9.6ms | 1...
[GAMING/GAM] | YouTube  | [Normal]     | 89%    |    9.6ms | stealing my jokes Mark lol I invented th...
[ENTERTAINM] | YouTube  | [Normal]     | 94%    |   11.5ms | 2...
[GAMING/GAM] | YouTube  | [Normal]     | 90%    |    7.9ms | THE RAIL...
[ENTERTAINM] | YouTube  | [Normal]     | 94%    |   10.0ms | 1...
[GAMING/SUR] | YouTube  | [Normal]     | 95%    |   15.6ms | So tempted to play this...
[ENTERTAINM] | YouTube  | [Normal]     | 94%    |   13.8ms | 1...
[ENTERTAINM] | YouTube  | [Normal]     | 94%    |   12.2ms | 1...
[GAMING/SUR] | YouTube  | [Normal]     | 95%    |   10.0ms | looks great...
[ENTERTAINM] | YouTube  | [Normal]     | 81%    |    8.6ms | Uwu...
[ENTERTAINM] | YouTube  | [Normal]     | 94%    |   10.5ms | 1...
[ENTERTAINM] | YouTube  | [Normal]     | 95%    |   57.1ms | 111...
[GAMING/GAM] | YouTube  | [Normal]     | 93%    |   84.1ms | HEY MARK ME AND MY GIRLFRIEND LOVE YOU S...
[SELF-HELP/] | YouTube  | [Normal]     | 95%    |   13.1ms | Yea  no. Universe wants me to learn boun...
[ENTERTAINM] | YouTube  | [Normal]     | 95%    |   12.5ms | CAN U PLEASE TAKE MY NAME...
[ENTERTAINM] | YouTube  | [Normal]     | 94%    |   11.1ms | 1...
[GAMING/GAM] | YouTube  | [Normal]     | 96%    |   14.4ms | heyo Markiplier...
[ENTERTAINM] | YouTube  | [Normal]     | 94%    |    8.7ms | 1...
[MUSIC/CHIL] | YouTube  | [Normal]     | 92%    |   17.1ms | Aman you look like a puncture wala...
[GAMING/GAM] | YouTube  | [Normal]     | 87%    |   15.6ms | What if we were the anomalies all along...
[ENTERTAINM] | YouTube  | [Normal]     | 90%    |   12.0ms | 𝟐...
[GAMING/GAM] | YouTube  | [Normal]     | 90%    |   11.5ms | Missing cam...
[GAMING/GAM] | YouTube  | [Normal]     | 96%    |   13.6ms | Saw iron lung last night and I can’t sto...
[ENTERTAINM] | YouTube  | [Normal]     | 94%    |   11.8ms | 5...
[GAMING/GAM] | YouTube  | [Normal]     | 93%    |   12.5ms | fun...
[GAMING/GAM] | YouTube  | [Normal]     | 96%    |   10.0ms | CONE?...
[GAMING/GAM] | YouTube  | [Normal]     | 96%    |   11.4ms | INTERIOR LAMP MOVED...
[GAMING/GAM] | YouTube  | [Normal]     | 96%    |    9.0ms | HELLO MARK !!...
[GAMING/GAM] | YouTube  | [Normal]     | 97%    |    9.0ms | 3 mouse traps??...
[GAMING/GAM] | YouTube  | [OFFENSIVE]  | 96%    |   12.0ms | Ker'fuckle'd...
[PSYCHOLOGY] | YouTube  | [Normal]     | 96%    |   14.0ms | this dude is an angel sent by god...
[GAMING/SUR] | YouTube  | [Normal]     | 75%    |   10.5ms | height is only importance...
[ENTERTAINM] | YouTube  | [Normal]     | 94%    |    9.5ms | 1...
[GAMING/SUR] | YouTube  | [Normal]     | 87%    |   12.0ms | No...
[ENTERTAINM] | YouTube  | [Normal]     | 95%    |   13.6ms | 67...
[GAMING/SUR] | YouTube  | [Normal]     | 85%    |   13.6ms | nooooo...
[GAMING/GAM] | YouTube  | [Normal]     | 97%    |   12.2ms | Good morning...
[ENTERTAINM] | YouTube  | [Normal]     | 94%    |   10.0ms | 1...
[MUSIC/CHIL] | YouTube  | [Normal]     | 95%    |   13.0ms | abhisek pta ni meri yadasht kmjor h...
[GAMING/SUR] | YouTube  | [Normal]     | 68%    |   11.0ms | dont do it...
[GAMING/SUR] | YouTube  | [Normal]     | 91%    |    8.0ms | Build up p...
[GAMING/GAM] | YouTube  | [Normal]     | 96%    |   13.0ms | lamp in interior...
[GAMING/GAM] | YouTube  | [Normal]     | 94%    |   52.2ms | :shelterin:...
[ENTERTAINM] | YouTube  | [Normal]     | 94%    |   63.2ms | wait hv you seen the play button yet...
[GAMING/SUR] | YouTube  | [Normal]     | 82%    |   80.3ms | bro did Cloakzy ever attack their base? ...
[GAMING/GAM] | YouTube  | [Normal]     | 96%    |   77.2ms | fuse box...
[GAMING/GAM] | YouTube  | [Normal]     | 97%    |   14.0ms | oscar for best indie movie.... ? lol not...
[GAMING/SUR] | YouTube  | [Normal]     | 96%    |   10.4ms | North-ish...
[GAMING/GAM] | YouTube  | [Normal]     | 90%    |   10.5ms | Maybe...
[ENTERTAINM] | YouTube  | [Normal]     | 96%    |   13.3ms | plzz sent money sir :pleading_face:...
[SPORTS/FOO] | YouTube  | [Normal]     | 94%    |   12.9ms | よっしゃ(ﾉ･ω･)ﾉ...
[ENTERTAINM] | YouTube  | [Normal]     | 95%    |   11.6ms | aura...
[GAMING/GAM] | YouTube  | [Normal]     | 95%    |   10.1ms | THE RAIL BY THE ROPES MARK...
[ENTERTAINM] | YouTube  | [Normal]     | 97%    |    9.0ms | I want to see 500M play button...
[GAMING/GAM] | YouTube  | [Normal]     | 96%    |    7.5ms | mark it was over there...
[ENTERTAINM] | YouTube  | [Normal]     | 96%    |   12.0ms | please give me $10000...
[GAMING/GAM] | YouTube  | [Normal]     | 96%    |   14.0ms | i miss my ex...
[GAMING/GAM] | YouTube  | [Normal]     | 94%    |    9.6ms | The bedroom camera was missing...
[ENTERTAINM] | YouTube  | [Normal]     | 96%    |   11.0ms | 1111qq...
[MUSIC/CHIL] | YouTube  | [Normal]     | 95%    |   13.0ms | ......
[GAMING/GAM] | YouTube  | [Normal]     | 96%    |   12.0ms | LOLL hi guys hi mark...
[GAMING/GAM] | YouTube  | [Normal]     | 92%    |   11.0ms | oh no...
[ENTERTAINM] | YouTube  | [Normal]     | 95%    |    9.5ms | let's go...
[GAMING/GAM] | YouTube  | [Normal]     | 87%    |   16.5ms | I always been curious  what happens when...
[GAMING/GAM] | YouTube  | [Normal]     | 97%    |   13.7ms | 3 missed anomalies?!!...
[ENTERTAINM] | YouTube  | [Normal]     | 79%    |    8.0ms | whats going on...
[GAMING/GAM] | YouTube  | [Normal]     | 76%    |    9.0ms | LAME...
[ENTERTAINM] | YouTube  | [Normal]     | 98%    |   13.6ms | :face-blue-smiling::face-blue-smiling::f...
[MUSIC/CHIL] | YouTube  | [Normal]     | 97%    |    7.0ms | achcha:face-orange-raised-eyebrow::face-...
[GAMING/GAM] | YouTube  | [Normal]     | 46%    |   11.5ms | I don't know what obversation is  but yo...
[GAMING/GAM] | YouTube  | [Normal]     | 94%    |   11.0ms | Noob alert...
[GAMING/GAM] | YouTube  | [Normal]     | 93%    |   12.0ms | yes...
[ENTERTAINM] | YouTube  | [Normal]     | 97%    |   14.1ms | :chart_increasing::chart_increasing::cha...
[GAMING/SUR] | YouTube  | [Normal]     | 96%    |   10.1ms | Teamwork makes the dream work...
[ENTERTAINM] | YouTube  | [Normal]     | 98%    |   13.6ms | I am Indian :heart_suit::heart_suit::hea...
[GAMING/GAM] | YouTube  | [Normal]     | 81%    |   12.5ms | @TEUPAIOFICIAL im sorry i hope youre oka...
[GAMING/GAM] | YouTube  | [Normal]     | 95%    |   14.0ms | obversation...
[ENTERTAINM] | YouTube  | [Normal]     | 96%    |   25.1ms | :red_heart:...
[GAMING/GAM] | YouTube  | [Normal]     | 95%    |   19.8ms | WWWW...
[GAMING/GAM] | YouTube  | [Normal]     | 97%    |   15.0ms | YESSIR :salute:...
[GAMING/SUR] | YouTube  | [Normal]     | 89%    |   15.1ms | tell him about the scrap...
[GAMING/SUR] | YouTube  | [Normal]     | 83%    |   15.2ms | did they get raided...
[GAMING/GAM] | YouTube  | [OFFENSIVE]  | 90%    |   68.5ms | OR THEYS WRONG PERIODDDDDD:sparkles::nai...
[GAMING/GAM] | YouTube  | [Normal]     | 77%    |  175.9ms | MARK  YOU ARE AN AMAZING FIL MAKER. IRON...
[ENTERTAINM] | YouTube  | [Normal]     | 96%    |   27.7ms | :folded_hands::folded_hands::folded_hand...
[GAMING/GAM] | YouTube  | [Normal]     | 97%    |   12.0ms | Obversation LOLLL...
[GAMING/SUR] | YouTube  | [HATE]       | 49%    |   10.6ms | you are so dumb...
[GAMING/GAM] | YouTube  | [Normal]     | 95%    |    9.0ms | based...
[GAMING/GAM] | YouTube  | [Normal]     | 97%    |   13.0ms | TEXT ANOMALY: TITLE...
[ENTERTAINM] | YouTube  | [Normal]     | 95%    |   10.0ms | hiiii...
[ENTERTAINM] | YouTube  | [Normal]     | 93%    |   10.3ms | aa...
[MUSIC/CHIL] | YouTube  | [Normal]     | 97%    |   18.0ms | :beaming_face_with_smiling_eyes::rolling...
[GAMING/GAM] | YouTube  | [Normal]     | 93%    |   11.0ms | Title of the live is an anomaly...
[PSYCHOLOGY] | YouTube  | [Normal]     | 94%    |   11.5ms | @KilleRoy_NL Yes  it can be either or...
[GAMING/GAM] | YouTube  | [Normal]     | 92%    |   10.5ms | bed no crumpled...
[GAMING/GAM] | YouTube  | [Normal]     | 97%    |   10.5ms | I saw Iron Lung yesterday. It was SO GOO...
[ENTERTAINM] | YouTube  | [Normal]     | 89%    |    7.6ms | W Mr beast...
[ENTERTAINM] | YouTube  | [Normal]     | 96%    |   13.0ms | I was here...
[GAMING/GAM] | YouTube  | [Normal]     | 95%    |   11.6ms | change the title back...
[GAMING/GAM] | YouTube  | [Normal]     | 95%    |   13.6ms | hello...
[ENTERTAINM] | YouTube  | [Normal]     | 72%    |   14.6ms | mr pist...
[ENTERTAINM] | YouTube  | [Normal]     | 94%    |   10.0ms | Sri Lanka...
[ENTERTAINM] | YouTube  | [Normal]     | 94%    |   11.3ms | 1...
[GAMING/GAM] | YouTube  | [Normal]     | 88%    |   10.1ms | Oh the light you...
[ENTERTAINM] | YouTube  | [Normal]     | 97%    |   15.0ms | suuuuuuuuuu...
[GAMING/GAM] | YouTube  | [Normal]     | 91%    |   22.5ms | Dear Markiplier  I am very grateful that...
[ENTERTAINM] | YouTube  | [Normal]     | 98%    |   11.0ms | it's there a prize :trophy: for the 500k...
[GAMING/GAM] | YouTube  | [Normal]     | 93%    |   14.6ms | the windows in the keepers cabin can fro...
[ENTERTAINM] | YouTube  | [Normal]     | 94%    |    9.0ms | HI...
[GAMING/GAM] | YouTube  | [Normal]     | 90%    |   12.6ms | Maybe something was walking up the stair...
[ENTERTAINM] | YouTube  | [Normal]     | 97%    |   18.5ms | :face_with_tears_of_joy::face_with_tears...
[ENTERTAINM] | YouTube  | [Normal]     | 97%    |   11.0ms | love:red_heart:...
[ENTERTAINM] | YouTube  | [Normal]     | 94%    |   13.1ms | دروووووووووووووووووووووود...
[ENTERTAINM] | YouTube  | [Normal]     | 93%    |   10.0ms | JORDANNNNNNN...
[GAMING/GAM] | YouTube  | [HATE]       | 41%    |  146.4ms | Ranch better be the dressing and not a f...
[GAMING/GAM] | YouTube  | [Normal]     | 90%    |   13.0ms | I WISH I HAD A MEMBERSHIPPPPUHHH...
[SELF-HELP/] | YouTube  | [OFFENSIVE]  | 80%    |    9.1ms | Fuck "fuck ego"...
[ENTERTAINM] | YouTube  | [Normal]     | 89%    |    7.5ms | heyy...
[GAMING/GAM] | YouTube  | [Normal]     | 83%    |    9.1ms | GOOOD JOBBB...
[GAMING/GAM] | YouTube  | [Normal]     | 91%    |    7.0ms | W...
[ENTERTAINM] | YouTube  | [Normal]     | 94%    |    8.0ms | hi...
[SELF-HELP/] | YouTube  | [Normal]     | 89%    |    8.6ms | How do I know it's not my adhd telling m...
[ENTERTAINM] | YouTube  | [Normal]     | 87%    |   12.6ms | MR beast your the best youtuber ever...
[ENTERTAINM] | YouTube  | [Normal]     | 90%    |    9.0ms | yoo...
[GAMING/GAM] | YouTube  | [Normal]     | 94%    |   19.0ms | OMFGGGG OBSERVATION DUTY?!?!?!?!...
[SPORTS/FOO] | YouTube  | [Normal]     | 95%    |   13.1ms | You aer the best one:red_heart:...
[ENTERTAINM] | YouTube  | [Normal]     | 97%    |   11.0ms | Mr beast sir please help me  I am your b...
[ENTERTAINM] | YouTube  | [Normal]     | 82%    |   15.6ms | :party_popper::party_popper::party_poppe...
[GAMING/GAM] | YouTube  | [Normal]     | 93%    |   10.0ms | YOOOOOOOOOOOOO MARK LOVE YA DUDE!!!!...
[NEWS/LIVE ] | YouTube  | [Normal]     | 90%    |   10.0ms | also they brought potential black jurors...
[GAMING/GAM] | YouTube  | [Normal]     | 95%    |   11.0ms | stay on one camera longer!!!...
[ENTERTAINM] | YouTube  | [Normal]     | 97%    |   10.0ms | bro donate me 1000 dollars for iphone an...
[NEWS/LIVE ] | YouTube  | [Normal]     | 83%    |   10.6ms | BLACK BOY KARMELO IS IN CHAINS!! AS IT S...
[GAMING/GAM] | YouTube  | [Normal]     | 89%    |    9.0ms | i shall head to sleep and leave this on ...
[MUSIC/CHIL] | YouTube  | [OFFENSIVE]  | 96%    |   10.6ms | shish glad to know be grateful :grinning...
[SPORTS/FOO] | YouTube  | [Normal]     | 94%    |   12.0ms | 함께 가자 일본...
[GAMING/GAM] | YouTube  | [Normal]     | 94%    |   10.0ms | Basement...
[GAMING/GAM] | YouTube  | [Normal]     | 92%    |    8.0ms | yeah...
[ENTERTAINM] | YouTube  | [Normal]     | 87%    |   12.6ms | A...
[ENTERTAINM] | YouTube  | [Normal]     | 93%    |    9.4ms | trollcraft was peak...
[ENTERTAINM] | YouTube  | [Normal]     | 96%    |   10.1ms | lran...
[ENTERTAINM] | YouTube  | [Normal]     | 96%    |   12.0ms | it's not go 500M today...
[MUSIC/CHIL] | YouTube  | [Normal]     | 98%    |   15.0ms | :musical_score::hot_beverage:...
[GAMING/SUR] | YouTube  | [Normal]     | 93%    |   13.0ms | F...
[GAMING/GAM] | YouTube  | [Normal]     | 97%    |   14.6ms | this game looks amazing...
[ENTERTAINM] | YouTube  | [Normal]     | 97%    |   11.0ms | Love from nepal...
[GAMING/GAM] | YouTube  | [Normal]     | 67%    |  146.9ms | im SCARED...
[GAMING/GAM] | YouTube  | [Normal]     | 87%    |   14.3ms | i wanna watch iron lung SOOOOO bad icl...
[GAMING/GAM] | YouTube  | [Normal]     | 96%    |   12.1ms | extra bottle in pier?...
[GAMING/GAM] | YouTube  | [Normal]     | 93%    |   14.0ms | omg just saw iron lung its amazing...
[MUSIC/CHIL] | YouTube  | [Normal]     | 96%    |    9.0ms | :slightly_smiling_face:...
[ENTERTAINM] | YouTube  | [Normal]     | 94%    |   10.0ms | Hi...
[ENTERTAINM] | YouTube  | [Normal]     | 95%    |   11.9ms | 67...
[SELF-HELP/] | YouTube  | [Normal]     | 92%    |   11.8ms | what if we really break down???...
[GAMING/GAM] | YouTube  | [Normal]     | 96%    |   15.0ms | Was there always 2 bottles on the docks?...
[GAMING/GAM] | YouTube  | [Normal]     | 89%    |   11.0ms | aaaah the shadow changed!!!! at the dock...
[ENTERTAINM] | YouTube  | [Normal]     | 95%    |   12.7ms | RCB...
[SELF-HELP/] | YouTube  | [Normal]     | 97%    |   13.3ms | today is my final day at my job I've bee...
[GAMING/GAM] | YouTube  | [Normal]     | 91%    |    9.5ms | okay  so silent hill f is finished  what...
[GAMING/GAM] | YouTube  | [Normal]     | 93%    |   13.0ms | But you can’t spell jkjk...
[GAMING/GAM] | YouTube  | [Normal]     | 94%    |   11.1ms | What live action do you want to bring in...
[ENTERTAINM] | YouTube  | [Normal]     | 97%    |   15.7ms | Hi MrBeast  Iam from the Philippines  Ia...
[GAMING/GAM] | YouTube  | [Normal]     | 97%    |   11.6ms | I left mark in the kitchen on my iPad an...
[ENTERTAINM] | YouTube  | [Normal]     | 96%    |   11.5ms | Good luck on 500 million sub...
[GAMING/SUR] | YouTube  | [Normal]     | 88%    |   11.3ms | close the doors peanut...
[ENTERTAINM] | YouTube  | [Normal]     | 97%    |   12.9ms | Facebook Crashed :grimacing_face:...
[GAMING/GAM] | YouTube  | [Normal]     | 94%    |   13.9ms | hi hello  have a nice day/night everybod...
[ENTERTAINM] | YouTube  | [OFFENSIVE]  | 39%    |   13.5ms | :face-fuchsia-wide-eyes::face-fuchsia-wi...
[GAMING/SUR] | YouTube  | [Normal]     | 95%    |    9.2ms | Bbc...
[ENTERTAINM] | YouTube  | [Normal]     | 97%    |   12.6ms | i live in Brasil...
[ENTERTAINM] | YouTube  | [Normal]     | 97%    |   16.6ms | MrBeast  congrats on 500 million! As you...
[GAMING/GAM] | YouTube  | [Normal]     | 90%    |    9.1ms | squinten Tarantino...
[GAMING/GAM] | YouTube  | [Normal]     | 91%    |   18.1ms | I would not have the concentration for t...
[GAMING/GAM] | YouTube  | [Normal]     | 92%    |    9.5ms | Yord...
[ENTERTAINM] | YouTube  | [Normal]     | 94%    |   11.0ms | do an age poll...
[GAMING/GAM] | YouTube  | [Normal]     | 82%    |   11.5ms | hello markiplier and the iplier gang...
[ENTERTAINM] | YouTube  | [Normal]     | 96%    |    7.6ms | noted!...
[GAMING/GAM] | YouTube  | [Normal]     | 78%    |   16.0ms | yooooooooooooooooooooooooooooooooooooooo...
[ENTERTAINM] | YouTube  | [Normal]     | 95%    |   10.5ms | good...
[GAMING/GAM] | YouTube  | [Normal]     | 96%    |   11.5ms | I have good eyes...
[ENTERTAINM] | YouTube  | [Normal]     | 95%    |   11.5ms | Omg please shout out...
[ENTERTAINM] | YouTube  | [Normal]     | 98%    |   12.1ms | FROM BANGLADESH :green_circle::red_circl...
[ENTERTAINM] | YouTube  | [Normal]     | 95%    |   11.3ms | sir help me...
[ENTERTAINM] | YouTube  | [Normal]     | 96%    |   15.0ms | please say my name balaj...
[GAMING/GAM] | YouTube  | [Normal]     | 97%    |   14.0ms | This is my first video on my BRAND NEW L...
[GAMING/GAM] | YouTube  | [Normal]     | 78%    |   11.6ms | the hammer inside the boat...
[ENTERTAINM] | YouTube  | [Normal]     | 94%    |   16.0ms | 5억 드가자...
[ENTERTAINM] | YouTube  | [Normal]     | 88%    |   15.0ms | Jimmy I have no clue who any of these pe...
[PSYCHOLOGY] | YouTube  | [Normal]     | 96%    |   15.0ms | I thought our psychological drive was su...
[ENTERTAINM] | YouTube  | [Normal]     | 94%    |   11.0ms | 5...
[ENTERTAINM] | YouTube  | [Normal]     | 97%    |   11.4ms | Jimmy 500m...
[SPORTS/FOO] | YouTube  | [Normal]     | 97%    |   17.0ms | 현재 팀으로서 아시아 1황은 재팬이다. 부정 안한다....
[GAMING/SUR] | YouTube  | [Normal]     | 88%    |   11.0ms | RIP WINDMILL...
[GAMING/GAM] | YouTube  | [Normal]     | 97%    |   15.0ms | It looks cool :smiling_face_with_sunglas...
[GAMING/SUR] | YouTube  | [Normal]     | 96%    |   93.7ms | lol...
[GAMING/GAM] | YouTube  | [Normal]     | 97%    |    7.0ms | saw the movie on Tuesday  loved it. cong...
[GAMING/GAM] | YouTube  | [Normal]     | 97%    |   10.6ms | im not so sure it works in this scenario...
[ENTERTAINM] | YouTube  | [Normal]     | 93%    |   11.0ms | yes...
[GAMING/GAM] | YouTube  | [Normal]     | 95%    |   12.0ms | hii...
[ENTERTAINM] | YouTube  | [Normal]     | 98%    |   22.1ms | :hands-yellow-heart-red::hands-yellow-he...
[GAMING/GAM] | YouTube  | [Normal]     | 95%    |   11.0ms | mousetrap in stairwell...
[GAMING/GAM] | YouTube  | [Normal]     | 96%    |    8.0ms | hi mark...
[PSYCHOLOGY] | YouTube  | [Normal]     | 93%    |    9.5ms | avoiding is bad?...
[ENTERTAINM] | YouTube  | [Normal]     | 93%    |   15.1ms | Yes...
[ENTERTAINM] | YouTube  | [Normal]     | 93%    |   14.7ms | Yes...
[ENTERTAINM] | YouTube  | [Normal]     | 41%    |    7.0ms | its because they are 8 years old...
[ENTERTAINM] | YouTube  | [Normal]     | 96%    |    9.1ms | think I heard his name before...
[PSYCHOLOGY] | YouTube  | [Normal]     | 97%    |   10.6ms | holy shii these are hard conversations...
[GAMING/GAM] | YouTube  | [Normal]     | 88%    |    8.6ms | Dock...
[GAMING/GAM] | YouTube  | [Normal]     | 95%    |    7.0ms | ENTRANCE  light left side of door moved ...
[ENTERTAINM] | YouTube  | [Normal]     | 96%    |   13.0ms | i do...
[GAMING/GAM] | YouTube  | [Normal]     | 96%    |   10.5ms | Yeeei...
[GAMING/GAM] | YouTube  | [Normal]     | 87%    |   13.3ms | camera malfunction keep just in case...
[SPORTS/FOO] | YouTube  | [Normal]     | 94%    |   17.1ms | 인정하기 싫지만...
[ENTERTAINM] | YouTube  | [Normal]     | 86%    |   10.0ms | Yo...
[GAMING/GAM] | YouTube  | [Normal]     | 96%    |   16.0ms | Just watched the start of the stream - c...
[ENTERTAINM] | YouTube  | [Normal]     | 97%    |   18.2ms | سلام از ایران...
[GAMING/GAM] | YouTube  | [Normal]     | 91%    |   11.0ms | its 1am in switzerland wooooooo...
[GAMING/GAM] | YouTube  | [Normal]     | 97%    |    8.0ms | HIIIII MARK...
[ENTERTAINM] | YouTube  | [Normal]     | 97%    |    9.6ms | congratulations for 1 million...
[GAMING/GAM] | YouTube  | [Normal]     | 98%    |   15.6ms | i just finished silver stars of wisdom o...
[ENTERTAINM] | YouTube  | [Normal]     | 94%    |   20.6ms | bro u need to brake the usa bubble of wh...
[ENTERTAINM] | YouTube  | [Normal]     | 95%    |   10.0ms | hii...
[GAMING/GAM] | YouTube  | [Normal]     | 96%    |   12.5ms | :face_screaming_in_fear::police_car_ligh...
[ENTERTAINM] | YouTube  | [Normal]     | 97%    |   15.6ms | I want sony fx3 with some accessories :s...
[GAMING/GAM] | YouTube  | [Normal]     | 97%    |   55.7ms | was there always a fan tied to the rope ...
[ENTERTAINM] | YouTube  | [Normal]     | 96%    |  257.9ms | from india...
[GAMING/GAM] | YouTube  | [Normal]     | 97%    |   14.2ms | I can’t help but feel like one of the bu...
[GAMING/GAM] | YouTube  | [Normal]     | 95%    |    7.5ms | ITS FINE...
[GAMING/GAM] | YouTube  | [Normal]     | 87%    |    9.0ms | body...
[ENTERTAINM] | YouTube  | [Normal]     | 95%    |   13.0ms | :goodvibes:...
[SPORTS/FOO] | YouTube  | [Normal]     | 95%    |   14.1ms | 6_1...
[ENTERTAINM] | YouTube  | [Normal]     | 93%    |    9.0ms | ДА...
[GAMING/GAM] | YouTube  | [Normal]     | 69%    |   18.3ms | Far end of the dock is way round than be...
[ENTERTAINM] | YouTube  | [Normal]     | 83%    |   11.5ms | How do you do...
[GAMING/SUR] | YouTube  | [Normal]     | 68%    |   11.1ms | Cloak come to finish them off...
[GAMING/GAM] | YouTube  | [Normal]     | 96%    |   13.0ms | there's a cross...
[GAMING/GAM] | YouTube  | [Normal]     | 97%    |   11.1ms | trash moved in cabin...
[SELF-HELP/] | YouTube  | [Normal]     | 96%    |   13.1ms | huh lol...
[ENTERTAINM] | YouTube  | [Normal]     | 96%    |    9.0ms | the bottom corner of your green screen i...
[PSYCHOLOGY] | YouTube  | [Normal]     | 97%    |   14.0ms | wow...interesting...
[ENTERTAINM] | YouTube  | [Normal]     | 94%    |   11.6ms | Almost half a billion subs bro I have ha...
[GAMING/GAM] | YouTube  | [Normal]     | 91%    |   12.8ms | I THOUGHT THAT WAS A BIG SLUG...
[ENTERTAINM] | YouTube  | [Normal]     | 92%    |   11.0ms | yeah...
[GAMING/GAM] | YouTube  | [Normal]     | 89%    |    7.6ms | teeth cup moveeeeed...
[GAMING/GAM] | YouTube  | [Normal]     | 86%    |   10.2ms | under the bed...
[MUSIC/CHIL] | YouTube  | [Normal]     | 95%    |   11.3ms | Prasa :rolling_on_the_floor_laughing:...
[GAMING/GAM] | YouTube  | [Normal]     | 96%    |    9.6ms | white knuckle part 6 when?...
[MUSIC/CHIL] | YouTube  | [Normal]     | 96%    |   11.6ms | e fain doar am zis din suflet că vreau s...
[ENTERTAINM] | YouTube  | [Normal]     | 97%    |   12.1ms | 500m...
[GAMING/GAM] | YouTube  | [Normal]     | 97%    |   13.1ms | MARKIPLIER!...
[GAMING/GAM] | YouTube  | [Normal]     | 90%    |   11.1ms | abyssy...
[GAMING/GAM] | YouTube  | [Normal]     | 94%    |   13.0ms | diddy-...
[GAMING/GAM] | YouTube  | [Normal]     | 97%    |   12.0ms | strange broadcast? That's just Alastor f...
[GAMING/SUR] | YouTube  | [Normal]     | 84%    |   12.5ms | Cant defend locked in ckre without shoot...
[GAMING/GAM] | YouTube  | [Normal]     | 91%    |   13.0ms | oh no my God it's john wick...
[ENTERTAINM] | YouTube  | [Normal]     | 94%    |   11.0ms | hi...
[ENTERTAINM] | YouTube  | [Normal]     | 97%    |   67.4ms | :waving_hand::waving_hand::waving_hand::...
[ENTERTAINM] | YouTube  | [Normal]     | 92%    |   53.9ms | MRBEAST!...
[ENTERTAINM] | YouTube  | [Normal]     | 97%    |   22.6ms | :index_pointing_at_the_viewer::index_poi...
[ENTERTAINM] | YouTube  | [Normal]     | 93%    |   10.0ms | hey buddy...
[ENTERTAINM] | YouTube  | [Normal]     | 97%    |   14.0ms | :red_circle::weary_face::smiling_face_wi...
[GAMING/GAM] | YouTube  | [Normal]     | 95%    |   12.5ms | THERES AN EXTRA BOTTLE IN THE CRATE...
[ENTERTAINM] | YouTube  | [Normal]     | 94%    |   10.5ms | Hi...
[ENTERTAINM] | YouTube  | [Normal]     | 91%    |   13.0ms | yooooooooooo...
[GAMING/GAM] | YouTube  | [Normal]     | 97%    |   13.0ms | top of lighthouse  rope swinging bottom ...
[GAMING/GAM] | YouTube  | [Normal]     | 84%    |   16.6ms | WILL YOU PLAY RESIDENT EVIL 9 ON STREAM ...
[GAMING/GAM] | YouTube  | [Normal]     | 88%    |   13.2ms | iron lung twice gang :call_me_hand:...
[GAMING/GAM] | YouTube  | [Normal]     | 94%    |   13.0ms | what r we playing...
[ENTERTAINM] | YouTube  | [Normal]     | 96%    |   15.1ms | I can’t wait for the the video tomorrow ...
[GAMING/GAM] | YouTube  | [Normal]     | 96%    |    9.5ms | there's an extra bottle in the pier...
[GAMING/GAM] | YouTube  | [Normal]     | 96%    |   10.0ms | did he die yet lol...
[GAMING/SUR] | YouTube  | [Normal]     | 79%    |    9.0ms | Gingy probably would be freaking out rn...
[ENTERTAINM] | YouTube  | [Normal]     | 96%    |   12.6ms | hay mister Bisht I am fine...
[GAMING/GAM] | YouTube  | [Normal]     | 96%    |   12.6ms | was that light on in the yard top middle...
[ENTERTAINM] | YouTube  | [Normal]     | 91%    |   18.0ms | HI MT BEAST  I'M FROM BRAZILIAM   SPEAK ...
[ENTERTAINM] | YouTube  | [Normal]     | 97%    |   12.0ms | ليبيا...
[GAMING/GAM] | YouTube  | [Normal]     | 97%    |   11.0ms | THE FUSE BOX IN INTERIOR?...
[GAMING/GAM] | YouTube  | [Normal]     | 95%    |   12.0ms | bottle at the pier...
[GAMING/GAM] | YouTube  | [Normal]     | 97%    |    7.5ms | mark needs to put out more videos...
[GAMING/GAM] | YouTube  | [Normal]     | 96%    |    7.6ms | Vitor WixMix que que voce jogue o jogo d...
[ENTERTAINM] | YouTube  | [Normal]     | 96%    |   12.4ms | 5m $ please :pleading_face:...
[ENTERTAINM] | YouTube  | [Normal]     | 90%    |   11.5ms | Do lazer...
[MUSIC/CHIL] | YouTube  | [Normal]     | 97%    |   14.5ms | ZS any bf or still jawaan dilo ki dhadka...
[GAMING/GAM] | YouTube  | [Normal]     | 97%    |   12.5ms | Markiplier:gaslight simulator...
[GAMING/GAM] | YouTube  | [Normal]     | 87%    |   13.2ms | was the thing under the bed always there...
[GAMING/GAM] | YouTube  | [Normal]     | 96%    |   15.6ms | has there always been a fuel can in the ...
[GAMING/GAM] | YouTube  | [Normal]     | 97%    |   13.1ms | red box bottom left yard...
[GAMING/GAM] | YouTube  | [Normal]     | 97%    |  104.2ms | LANTERN. SHADOW INTERIOR¡!!!!!!!!!...
[GAMING/GAM] | YouTube  | [Normal]     | 97%    |   45.0ms | Was there always 2 bottles on the pier?...
[ENTERTAINM] | YouTube  | [Normal]     | 97%    |   16.1ms | saludos desde un Colombiano en España!...
[GAMING/GAM] | YouTube  | [Normal]     | 96%    |   11.0ms | WATCHING IRON LUNG AGAIN IN A FEW HOURS ...
[SPORTS/FOO] | YouTube  | [Normal]     | 94%    |   10.6ms | Congrats JAPAN WELL PLAYED...
[GAMING/GAM] | YouTube  | [Normal]     | 95%    |    8.0ms | hmmmm...
[ENTERTAINM] | YouTube  | [Normal]     | 90%    |   13.0ms | WHAT...
[ENTERTAINM] | YouTube  | [Normal]     | 92%    |   12.0ms | press no...
[ENTERTAINM] | YouTube  | [Normal]     | 91%    |    8.0ms | W...
[ENTERTAINM] | YouTube  | [Normal]     | 97%    |   25.6ms | :face_blowing_a_kiss::face_blowing_a_kis...
[PSYCHOLOGY] | YouTube  | [Normal]     | 92%    |    8.6ms | A LOT OF PEOPLE WONT GET THIS...
[MUSIC/CHIL] | YouTube  | [Normal]     | 97%    |   13.0ms | Iisus Hristos ba Iisus Hristos :hugging_...
[ENTERTAINM] | YouTube  | [Normal]     | 97%    |   17.4ms | :face_with_tears_of_joy::face_with_tears...
[GAMING/GAM] | YouTube  | [Normal]     | 97%    |   11.0ms | EXTRA BARRELS IN BASEMENT MARK!...
[GAMING/GAM] | YouTube  | [Normal]     | 97%    |    8.0ms | extra rope interior...
[ENTERTAINM] | YouTube  | [Normal]     | 94%    |   10.0ms | hi...
[MUSIC/CHIL] | YouTube  | [Normal]     | 98%    |   12.0ms | :black_heart::sleeping_face::bouquet:...
[GAMING/GAM] | YouTube  | [Normal]     | 95%    |   12.0ms | D O N G D O N G...
[SPORTS/FOO] | YouTube  | [Normal]     | 96%    |    9.0ms | thanks...
[GAMING/GAM] | YouTube  | [Normal]     | 84%    |   10.5ms | Why’d you spill yer beans  Tommy?...
[ENTERTAINM] | YouTube  | [Normal]     | 43%    |   17.0ms | do you people know who jimmy is :face-fu...
[GAMING/GAM] | YouTube  | [Normal]     | 95%    |    7.0ms | Why does the spiral staircase look like ...
[GAMING/GAM] | YouTube  | [Normal]     | 58%    |    6.0ms | MARK THE EVIL FUSE BOX!!!!...
[ENTERTAINM] | YouTube  | [Normal]     | 98%    |   14.5ms | :hand-pink-waving::hand-pink-waving::han...
[GAMING/SUR] | YouTube  | [Normal]     | 97%    |   12.2ms | Oh no here comes Nick mercs  lol....
[GAMING/GAM] | YouTube  | [Normal]     | 95%    |   12.0ms | Hey MArk  today i aw your movie and it w...
[ENTERTAINM] | YouTube  | [Normal]     | 96%    |   11.5ms | New member...
[GAMING/GAM] | YouTube  | [Normal]     | 90%    |   12.5ms | THERES A MISSING THING HANGING IN THE LI...
[GAMING/GAM] | YouTube  | [Normal]     | 85%    |   11.5ms | THE CAMERA IS DOING WEIRD...
[MUSIC/CHIL] | YouTube  | [Normal]     | 98%    |   18.6ms | :black_heart::sleeping_face::bouquet:...
[GAMING/SUR] | YouTube  | [Normal]     | 91%    |   16.0ms | DILLON DANIS IS NOT IN UFC...
[GAMING/SUR] | YouTube  | [Normal]     | 88%    |   12.5ms | pog aim...
[GAMING/GAM] | YouTube  | [Normal]     | 95%    |  116.6ms | The lights are moving...
[GAMING/GAM] | YouTube  | [Normal]     | 95%    |   13.0ms | IM GOING TO WATCH IRON LUNG IN A COUPLE ...
[ENTERTAINM] | YouTube  | [Normal]     | 97%    |   14.6ms | Today is my birthday...
[GAMING/SUR] | YouTube  | [Normal]     | 93%    |   11.0ms | i got em...
[ENTERTAINM] | YouTube  | [Normal]     | 96%    |    9.0ms | love it...
[GAMING/GAM] | YouTube  | [Normal]     | 97%    |   15.0ms | silent hill pt 11 please :folded_hands:...
[GAMING/GAM] | YouTube  | [Normal]     | 88%    |   11.0ms | Camera malfunction...
[GAMING/GAM] | YouTube  | [Normal]     | 94%    |   10.7ms | PICTURE...
[ENTERTAINM] | YouTube  | [Normal]     | 97%    |   15.1ms | Hi Jimmy I'm from Bangladesh...
[GAMING/GAM] | YouTube  | [Normal]     | 96%    |   10.9ms | object movement of bottle at the pier by...
[GAMING/GAM] | YouTube  | [Normal]     | 88%    |    9.5ms | phew...
[GAMING/GAM] | YouTube  | [OFFENSIVE]  | 44%    |    9.5ms | Goopy...
[GAMING/GAM] | YouTube  | [Normal]     | 92%    |    9.0ms | yard camera malfunction...
[GAMING/SUR] | YouTube  | [Normal]     | 46%    |   14.4ms | @TheBurntPeanut my daughter says you nee...
[MUSIC/CHIL] | YouTube  | [Normal]     | 95%    |   12.3ms | tre să ne supunem lui Dumnezeu la modul ...
[GAMING/GAM] | YouTube  | [Normal]     | 95%    |   10.9ms | Hey Mark!...
[ENTERTAINM] | YouTube  | [Normal]     | 81%    |   17.7ms | This is Asadullah from Pakistan wants to...
[ENTERTAINM] | YouTube  | [Normal]     | 96%    |   12.1ms | New member...
[ENTERTAINM] | YouTube  | [Normal]     | 78%    |   17.7ms | italyyyyyy...
[ENTERTAINM] | YouTube  | [Normal]     | 91%    |    8.8ms | UK...
[ENTERTAINM] | YouTube  | [Normal]     | 95%    |    8.0ms | Aus...
[ENTERTAINM] | YouTube  | [Normal]     | 93%    |    7.5ms | India...
[MUSIC/CHIL] | YouTube  | [Normal]     | 95%    |    8.0ms | .......
[GAMING/GAM] | YouTube  | [Normal]     | 92%    |   12.5ms | pretty sure the fusebox is supposed to b...
[MUSIC/CHIL] | YouTube  | [Normal]     | 95%    |   10.3ms | nu ma mai uit...
[GAMING/SUR] | YouTube  | [Normal]     | 94%    |    9.6ms | Rust is 100...
[GAMING/GAM] | YouTube  | [Normal]     | 96%    |    8.5ms | FUSE BOX...
[ENTERTAINM] | YouTube  | [Normal]     | 90%    |   10.5ms | USA...
[MUSIC/CHIL] | YouTube  | [Normal]     | 96%    |   13.5ms | suno na...
[NEWS/LIVE ] | YouTube  | [Normal]     | 95%    |   20.1ms | GOD BLESS MY WHITENESS. JOEY AGREES!!...
[ENTERTAINM] | YouTube  | [Normal]     | 96%    |    9.0ms | oiii philippines...
[ENTERTAINM] | YouTube  | [Normal]     | 95%    |  208.5ms | Bangladesh...
[NEWS/LIVE ] | YouTube  | [Normal]     | 91%    |    7.5ms | farm no one can see soon  lil kid...
[GAMING/GAM] | YouTube  | [Normal]     | 94%    |   14.0ms | he's starting to go crazy...
[ENTERTAINM] | YouTube  | [Normal]     | 98%    |   13.9ms | :face-blue-smiling::face-blue-smiling::f...
[ENTERTAINM] | YouTube  | [Normal]     | 91%    |   13.2ms | ALGERIA...
[GAMING/GAM] | YouTube  | [Normal]     | 92%    |   15.1ms | ANOMALY IN TOP LEFT...
[GAMING/SUR] | YouTube  | [Normal]     | 97%    |    8.3ms | oil...
[GAMING/GAM] | YouTube  | [Normal]     | 97%    |   12.5ms | extra ropes in the interior room!!!!...
[MUSIC/CHIL] | YouTube  | [Normal]     | 93%    |   11.5ms | suz sis hi...
[PSYCHOLOGY] | YouTube  | [Normal]     | 88%    |   12.5ms | More talking less bombing...
[GAMING/GAM] | YouTube  | [Normal]     | 94%    |    8.0ms | The pillow stack moved in the basement...
[MUSIC/CHIL] | YouTube  | [Normal]     | 94%    |   11.6ms | dokter kodok NU kotor kotor :zany_face::...
[GAMING/GAM] | YouTube  | [Normal]     | 91%    |   11.0ms | Marks going crazy...
[MUSIC/CHIL] | YouTube  | [Normal]     | 97%    |   19.0ms | Altair pedarast:smiling_face_with_tear:...
[MUSIC/CHIL] | YouTube  | [Normal]     | 96%    |   11.0ms | Kejti okay...
[GAMING/GAM] | YouTube  | [Normal]     | 97%    |   12.0ms | I thought there were only 4 sacks in tha...
[SELF-HELP/] | YouTube  | [Normal]     | 95%    |   20.0ms | I don't even care that I'm late I finall...
[GAMING/SUR] | YouTube  | [Normal]     | 50%    |   12.0ms | turents you need them...
[ENTERTAINM] | YouTube  | [Normal]     | 96%    |   20.3ms | :yt::yt::yt::yt::yt::yt::yt::yt::yt::yt:...
[GAMING/GAM] | YouTube  | [Normal]     | 93%    |    7.0ms | Mark are you having a stroke?...
[ENTERTAINM] | YouTube  | [Normal]     | 94%    |    7.0ms | 1...
[ENTERTAINM] | YouTube  | [Normal]     | 94%    |    8.0ms | 1...
[ENTERTAINM] | YouTube  | [Normal]     | 94%    |   12.0ms | 1...
[ENTERTAINM] | YouTube  | [Normal]     | 97%    |   14.0ms | :euro_banknote::euro_banknote:...
[GAMING/GAM] | YouTube  | [Normal]     | 94%    |   10.1ms | You need a lasik renewal LMAO...
[GAMING/GAM] | YouTube  | [Normal]     | 96%    |   10.2ms | BARRELS TURNED...
[GAMING/GAM] | YouTube  | [Normal]     | 97%    |   11.0ms | mark reading the ghost chat that agreeds...
[GAMING/SUR] | YouTube  | [Normal]     | 92%    |    7.0ms | how does yes answer anything...
[GAMING/SUR] | YouTube  | [Normal]     | 95%    |   10.1ms | turrets...
[GAMING/GAM] | YouTube  | [Normal]     | 92%    |   12.1ms | light anomaly...
[ENTERTAINM] | YouTube  | [Normal]     | 94%    |   15.0ms | 1...
[GAMING/SUR] | YouTube  | [Normal]     | 93%    |   15.0ms | YES STAY...
[GAMING/GAM] | YouTube  | [Normal]     | 96%    |   17.2ms | MARKKK FOG AT THE YARD...
[ENTERTAINM] | YouTube  | [Normal]     | 94%    |   15.0ms | :pinched_fingers:...
[GAMING/GAM] | YouTube  | [Normal]     | 83%    |   21.2ms | Fog or camera malfunction is the wibble ...
[GAMING/GAM] | YouTube  | [Normal]     | 88%    |   13.1ms | Look for the bear...
[ENTERTAINM] | YouTube  | [Normal]     | 96%    |   97.2ms | USA Minnesota capital Saint Paul...
[SELF-HELP/] | YouTube  | [Normal]     | 85%    |   55.1ms | What should I do when I’m trapped by my ...
[ENTERTAINM] | YouTube  | [Normal]     | 94%    |   10.0ms | 1...
[PSYCHOLOGY] | YouTube  | [Normal]     | 93%    |    9.0ms | the 3...
[GAMING/GAM] | YouTube  | [Normal]     | 92%    |   12.0ms | light anomaly in the yard!...
[GAMING/GAM] | YouTube  | [Normal]     | 80%    |   14.1ms | there's a strange man on the top left...
[ENTERTAINM] | YouTube  | [Normal]     | 94%    |   12.6ms | 1...
[GAMING/GAM] | YouTube  | [Normal]     | 85%    |   16.6ms | Colonel Mustard in the Stairwell with th...
[GAMING/GAM] | YouTube  | [Normal]     | 97%    |   14.0ms | LIGHT ON YARD...
[PSYCHOLOGY] | YouTube  | [Normal]     | 76%    |   13.0ms | exists in deez nuts...
[GAMING/GAM] | YouTube  | [Normal]     | 96%    |   11.0ms | fog in the yard...
[GAMING/GAM] | YouTube  | [Normal]     | 93%    |   11.0ms | FUSEBOX...
[GAMING/GAM] | YouTube  | [Normal]     | 92%    |   14.6ms | i think theres smth in your bed...
[GAMING/GAM] | YouTube  | [Normal]     | 95%    |   13.0ms | extra ropse in interior room...
[GAMING/SUR] | YouTube  | [Normal]     | 60%    |   14.5ms | nobody is farming...
[ENTERTAINM] | YouTube  | [Normal]     | 87%    |   25.3ms | helllooooooooo :fire::fire::fire::fire::...
[GAMING/GAM] | YouTube  | [Normal]     | 96%    |   11.0ms | the canisters in basement moved!!...
[GAMING/GAM] | YouTube  | [Normal]     | 97%    |   15.0ms | Keepers room  maybe the painting??...
[GAMING/GAM] | YouTube  | [Normal]     | 89%    |    8.0ms | YOOOO...
[ENTERTAINM] | YouTube  | [Normal]     | 94%    |   11.0ms | 1...
[GAMING/GAM] | YouTube  | [Normal]     | 95%    |    9.0ms | interior...
[GAMING/GAM] | YouTube  | [Normal]     | 93%    |   11.5ms | Fusebox...
[GAMING/GAM] | YouTube  | [Normal]     | 96%    |    9.4ms | EW EW EW...
[GAMING/GAM] | YouTube  | [Normal]     | 96%    |   12.5ms | spinning pillar is spinning the light i ...
[GAMING/GAM] | YouTube  | [Normal]     | 97%    |    9.0ms | MARK FUSE BOX...
[SPORTS/FOO] | YouTube  | [Normal]     | 90%    |    9.2ms | こんばんわ...
[GAMING/GAM] | YouTube  | [Normal]     | 94%    |    9.0ms | EWWIEE...
[GAMING/SUR] | YouTube  | [Normal]     | 78%    |   25.0ms | @TheBurntPeanut when you do the turrets ...
[ENTERTAINM] | YouTube  | [Normal]     | 93%    |   11.0ms | hello mr beast...
[PSYCHOLOGY] | YouTube  | [Normal]     | 96%    |   14.0ms | Dr. K to restaurant bro: So let's think ...
[ENTERTAINM] | YouTube  | [Normal]     | 94%    |   11.0ms | 1...
[ENTERTAINM] | YouTube  | [Normal]     | 97%    |   19.1ms | hi Mr.beast...
[PSYCHOLOGY] | YouTube  | [Normal]     | 52%    |   18.0ms | Is this why hook up culture become such ...
[GAMING/GAM] | YouTube  | [HATE]       | 81%    |   17.0ms | The googly moogly...
[GAMING/SUR] | YouTube  | [Normal]     | 93%    |   20.1ms | tur'dits...
[GAMING/GAM] | YouTube  | [Normal]     | 86%    |   15.6ms | You’re missing some Mark...
[GAMING/GAM] | YouTube  | [Normal]     | 96%    |    9.1ms | LAMP ON NIGHTSTAND @markiplier...
[PSYCHOLOGY] | YouTube  | [Normal]     | 97%    |   12.0ms | press f to pay respect...
[ENTERTAINM] | YouTube  | [Normal]     | 93%    |   12.5ms | hello mr beast...
[GAMING/GAM] | YouTube  | [HATE]       | 36%    |   20.0ms | Youre crazy...
[SELF-HELP/] | YouTube  | [Normal]     | 72%    |   22.2ms | dr k are you broken...
[ENTERTAINM] | YouTube  | [Normal]     | 97%    |   19.6ms | hola soy alexautos de ecuador...
[ENTERTAINM] | YouTube  | [Normal]     | 97%    |   16.1ms | abonnez vous :collision:...
[GAMING/GAM] | YouTube  | [Normal]     | 96%    |   17.9ms | FUSE BOX...
[GAMING/GAM] | YouTube  | [Normal]     | 97%    |   13.1ms | are the spiral stairs supposed to be che...
[ENTERTAINM] | YouTube  | [Normal]     | 95%    |   14.0ms | hii...
[GAMING/GAM] | YouTube  | [Normal]     | 96%    |   18.0ms | Um.... did those stairs always have that...
[GAMING/GAM] | YouTube  | [Normal]     | 83%    |   78.0ms | THEY MOVEDCAMERA MALFUNCTION IS FOR WHEN...
[GAMING/GAM] | YouTube  | [Normal]     | 96%    |  242.7ms | barrels moved...
[MUSIC/CHIL] | YouTube  | [Normal]     | 73%    |   11.0ms | Rabbia its okay sis calm down its okayyy...
[GAMING/GAM] | YouTube  | [Normal]     | 92%    |   14.9ms | person in the yard...
[GAMING/SUR] | YouTube  | [Normal]     | 88%    |   12.5ms | @Liteningflows who?...
[GAMING/GAM] | YouTube  | [Normal]     | 96%    |    9.6ms | PURPLE TOWEL IN LanTERN ROOM...
[GAMING/GAM] | YouTube  | [Normal]     | 96%    |   13.0ms | "I am going to saw through your bones!" ...
[SPORTS/FOO] | YouTube  | [Normal]     | 91%    |   10.0ms | ほん...
[ENTERTAINM] | YouTube  | [Normal]     | 95%    |   11.0ms | said hi...
[PSYCHOLOGY] | YouTube  | [Normal]     | 87%    |   11.5ms | A...
[ENTERTAINM] | YouTube  | [Normal]     | 92%    |   11.1ms | hey son...
[ENTERTAINM] | YouTube  | [Normal]     | 98%    |   24.2ms | :popcorn-yellow-striped-smile::popcorn-y...
[GAMING/GAM] | YouTube  | [Normal]     | 92%    |    9.5ms | RIGHT...
[NEWS/LIVE ] | YouTube  | [Normal]     | 98%    |   11.5ms | Oatmeal is...biracial...
[MUSIC/CHIL] | YouTube  | [Normal]     | 93%    |   16.0ms | RABIA we all have our flaws. dont be too...
[ENTERTAINM] | YouTube  | [Normal]     | 97%    |   14.0ms | Hello!!:hand-pink-waving:...
[ENTERTAINM] | YouTube  | [Normal]     | 96%    |   14.0ms | give 100 people 100 dollars...
[GAMING/GAM] | YouTube  | [Normal]     | 96%    |    9.0ms | THIS IS MY FAVORITE GAME...
[GAMING/GAM] | YouTube  | [Normal]     | 96%    |    9.5ms | FUSE BOX...
[GAMING/GAM] | YouTube  | [Normal]     | 83%    |   13.0ms | we are just too smart for the game...
[ENTERTAINM] | YouTube  | [Normal]     | 95%    |   11.0ms | Jimmy please bless me...
[ENTERTAINM] | YouTube  | [Normal]     | 93%    |   12.6ms | hey mrbeast come to india...
[GAMING/SUR] | YouTube  | [Normal]     | 71%    |    9.0ms | Peanut have Hutch and rogue do oil and y...
[GAMING/GAM] | YouTube  | [Normal]     | 98%    |   11.2ms | mouse traps - basement...
[ENTERTAINM] | YouTube  | [Normal]     | 95%    |    9.0ms | Vamos...
[MUSIC/CHIL] | YouTube  | [Normal]     | 97%    |   15.0ms | @syedsoul bye  :backhand_index_pointing_...
[ENTERTAINM] | YouTube  | [Normal]     | 94%    |    8.0ms | hi...
[GAMING/GAM] | YouTube  | [Normal]     | 93%    |   11.0ms | the pillar in the stairwell maybe...
[GAMING/GAM] | YouTube  | [Normal]     | 92%    |   15.5ms | The middle barrel is smaller!!...
[GAMING/GAM] | YouTube  | [Normal]     | 96%    |   11.7ms | Was the furnace smoking again???...
[GAMING/SUR] | YouTube  | [Normal]     | 85%    |   10.3ms | :peanuts: paranoid...
[ENTERTAINM] | YouTube  | [Normal]     | 95%    |    8.0ms | hello...
[GAMING/SUR] | YouTube  | [Normal]     | 96%    |    9.0ms | I TOLD YOU 20 MIN AGO TO GO DO RECYCLING...
[ENTERTAINM] | YouTube  | [Normal]     | 98%    |   42.0ms | :beaming_face_with_smiling_eyes::beaming...
[ENTERTAINM] | YouTube  | [Normal]     | 75%    |  139.1ms | Omg love ma beast ım from turkeyy...
[ENTERTAINM] | YouTube  | [Normal]     | 90%    |   21.1ms | heyyyy...
[GAMING/GAM] | YouTube  | [Normal]     | 97%    |   11.5ms | THE 4 BARRELS  TOP LEFT...
[GAMING/SUR] | YouTube  | [Normal]     | 83%    |   10.5ms | NOOOOO TO SLOW...
[GAMING/GAM] | YouTube  | [Normal]     | 95%    |   11.0ms | THE BARRELS...
[GAMING/SUR] | YouTube  | [Normal]     | 91%    |   14.6ms | when putting code in you can press R and...
[PSYCHOLOGY] | YouTube  | [Normal]     | 95%    |    9.0ms | ratchet?...
[GAMING/GAM] | YouTube  | [Normal]     | 94%    |   13.6ms | The beams on the stairway down looks wei...
[GAMING/GAM] | YouTube  | [Normal]     | 98%    |   14.0ms | was the light in the interior always tha...
[GAMING/GAM] | YouTube  | [Normal]     | 91%    |    9.0ms | CAMERA MALFUNCTION TOP LEFT...
[MUSIC/CHIL] | YouTube  | [Normal]     | 96%    |   13.0ms | :slightly_smiling_face:...
[ENTERTAINM] | YouTube  | [Normal]     | 93%    |   13.9ms | :goodvibes::goodvibes::goodvibes::goodvi...
[GAMING/GAM] | YouTube  | [Normal]     | 84%    |   11.5ms | their "eyes" faced each other's...
[GAMING/GAM] | YouTube  | [Normal]     | 94%    |   15.5ms | I'm not coordinated enough to play these...
[ENTERTAINM] | YouTube  | [Normal]     | 84%    |    8.0ms | America...
[GAMING/GAM] | YouTube  | [Normal]     | 76%    |    7.6ms | DUCKY...
[GAMING/GAM] | YouTube  | [Normal]     | 96%    |   13.0ms | STAIRWELL RAILING MOVED...
[GAMING/GAM] | YouTube  | [Normal]     | 96%    |   11.0ms | railing in the stairwell...
[GAMING/GAM] | YouTube  | [Normal]     | 97%    |   11.0ms | git gud Mark...
[GAMING/GAM] | YouTube  | [Normal]     | 92%    |   11.0ms | WHAT WAS THAT...
[MUSIC/CHIL] | YouTube  | [Normal]     | 98%    |   15.0ms | :black_heart::sleeping_face::bouquet:...
[GAMING/GAM] | YouTube  | [Normal]     | 95%    |   13.9ms | the raíl in stairwell rotated...
[GAMING/SUR] | YouTube  | [Normal]     | 82%    |   11.7ms | SHUT THE DOORS...
[MUSIC/CHIL] | YouTube  | [Normal]     | 98%    |   17.3ms | :text-yellow-goal:...
[GAMING/GAM] | YouTube  | [Normal]     | 91%    |   12.5ms | door yard...
[ENTERTAINM] | YouTube  | [Normal]     | 95%    |   11.4ms | @MrBeast I know u since my childhood I w...
[MUSIC/CHIL] | YouTube  | [Normal]     | 95%    |   13.0ms | kuchh khaya...
[SPORTS/FOO] | YouTube  | [Normal]     | 92%    |   10.4ms | boisss...
[ENTERTAINM] | YouTube  | [Normal]     | 95%    |   13.7ms | :elbowcough:...
[GAMING/GAM] | YouTube  | [Normal]     | 92%    |   17.0ms | isn't the railing in the wrong place?...
[SELF-HELP/] | YouTube  | [Normal]     | 93%    |   13.1ms | Never heard of it...
[GAMING/SUR] | YouTube  | [Normal]     | 95%    |   93.1ms | I found different power sources can some...
[GAMING/GAM] | YouTube  | [Normal]     | 83%    |   38.7ms | OH HELL NAH...
[GAMING/GAM] | YouTube  | [Normal]     | 96%    |   11.7ms | mark  ive been watching on my tv  and i ...
[MUSIC/CHIL] | YouTube  | [Normal]     | 92%    |   11.1ms | te cred...
[ENTERTAINM] | YouTube  | [Normal]     | 96%    |   11.3ms | Please PC I need this...
[ENTERTAINM] | YouTube  | [Normal]     | 97%    |   12.7ms | love from India...
[GAMING/SUR] | YouTube  | [Normal]     | 57%    |   11.0ms | train saving them from themselves...
[GAMING/SUR] | YouTube  | [Normal]     | 91%    |    8.7ms | DILLON DANIS IS NOT IN UFC...
[GAMING/GAM] | YouTube  | [Normal]     | 96%    |   14.8ms | siren! that's kinda cool...
[ENTERTAINM] | YouTube  | [Normal]     | 94%    |   16.8ms | Ny...
[GAMING/GAM] | YouTube  | [Normal]     | 62%    |    7.6ms | stairwall moving pillar...
[GAMING/GAM] | YouTube  | [Normal]     | 95%    |    9.3ms | Fence in stairwell...
[GAMING/GAM] | YouTube  | [Normal]     | 97%    |   14.7ms | the stairwell railing switched sides mar...
[ENTERTAINM] | YouTube  | [Normal]     | 97%    |   12.1ms | ariana grande singing...
[GAMING/GAM] | YouTube  | [Normal]     | 96%    |    8.0ms | SKIP SPONSOR...
[ENTERTAINM] | YouTube  | [Normal]     | 88%    |   10.0ms | Canada...
[ENTERTAINM] | YouTube  | [Normal]     | 97%    |   13.6ms | I am from Gotham...
[SELF-HELP/] | YouTube  | [Normal]     | 81%    |   13.6ms | I dont get it...
[GAMING/SUR] | YouTube  | [Normal]     | 96%    |   10.5ms | :grinning_face_with_sweat::grinning_face...
[GAMING/GAM] | YouTube  | [Normal]     | 91%    |   12.5ms | Interior foggy...
[GAMING/GAM] | YouTube  | [Normal]     | 97%    |   12.5ms | STAIRWELL: left side railing moved...
[ENTERTAINM] | YouTube  | [Normal]     | 95%    |    8.0ms | Only 10k...
[ENTERTAINM] | YouTube  | [Normal]     | 97%    |   13.6ms | Can I have an iPhone?...
[ENTERTAINM] | YouTube  | [Normal]     | 98%    |   21.0ms | :body-green-covering-eyes::body-green-co...
[GAMING/GAM] | YouTube  | [Normal]     | 97%    |   13.0ms | STAIRWELL: left side railing moved...
[GAMING/GAM] | YouTube  | [Normal]     | 98%    |   12.2ms | I work at barnes and noble and I just so...
[GAMING/SUR] | YouTube  | [Normal]     | 79%    |   16.2ms | Someone who locks boxes get kicked from ...
[ENTERTAINM] | YouTube  | [Normal]     | 93%    |   16.0ms | hello Mr beast can you give me an iPhone...
[ENTERTAINM] | YouTube  | [Normal]     | 92%    |   13.0ms | Hy Mr Beast...
[GAMING/GAM] | YouTube  | [Normal]     | 90%    |   17.8ms | You should read Project Hail Mary it wil...
[ENTERTAINM] | YouTube  | [Normal]     | 94%    |   13.0ms | yeh...
[GAMING/GAM] | YouTube  | [Normal]     | 94%    |   54.9ms | stairwell  slimy boxes...
[ENTERTAINM] | YouTube  | [Normal]     | 94%    |   84.6ms | Hi Mr Beast...
[GAMING/GAM] | YouTube  | [Normal]     | 96%    |   12.6ms | I LOVE YOU MARKIPLIER...
[GAMING/GAM] | YouTube  | [Normal]     | 90%    |    9.3ms | it might be if I ever watched podcast...
[ENTERTAINM] | YouTube  | [Normal]     | 93%    |   10.0ms | Europe...
[GAMING/GAM] | YouTube  | [Normal]     | 97%    |    8.6ms | mark! now that you've more free time  i'...
[GAMING/GAM] | YouTube  | [Normal]     | 96%    |    9.1ms | barrell fell over!!!...
[GAMING/GAM] | YouTube  | [Normal]     | 96%    |   10.0ms | Adjective noun...
[GAMING/GAM] | YouTube  | [Normal]     | 96%    |   11.0ms | BARRELL BASEMENT FELL...
[GAMING/GAM] | YouTube  | [Normal]     | 58%    |   10.6ms | mark your voice is too loud for my shitt...
[ENTERTAINM] | YouTube  | [Normal]     | 75%    |    9.0ms | do you know Pakistan...
[GAMING/GAM] | YouTube  | [Normal]     | 96%    |   15.0ms | RAIL NEAR PAINT CANS MOVED MARKKKKKKKK...
[GAMING/GAM] | YouTube  | [Normal]     | 93%    |   11.0ms | that was interior not stairwell...
[ENTERTAINM] | YouTube  | [Normal]     | 97%    |   12.0ms | :people_hugging::people_hugging::people_...
[GAMING/GAM] | YouTube  | [Normal]     | 97%    |    9.6ms | red railing left top of stairwell moveme...
[ENTERTAINM] | YouTube  | [Normal]     | 93%    |   12.1ms | indonesian...
[GAMING/GAM] | YouTube  | [Normal]     | 96%    |    8.6ms | stairwell!!!...
[MUSIC/CHIL] | YouTube  | [Normal]     | 97%    |   18.8ms | Syed :comet::small_blue_diamond:I don't ...
[GAMING/GAM] | YouTube  | [Normal]     | 92%    |   11.0ms | Congrats on the big success of Iron Lung...
[GAMING/GAM] | YouTube  | [Normal]     | 73%    |   12.0ms | LEFT OF THE SQAURE...
[GAMING/GAM] | YouTube  | [Normal]     | 62%    |   15.0ms | stairwall moving pillar...
[GAMING/SUR] | YouTube  | [OFFENSIVE]  | 81%    |    9.8ms | WE FUCK EM...
[ENTERTAINM] | YouTube  | [Normal]     | 97%    |   11.8ms | am i visible...
[GAMING/SUR] | YouTube  | [Normal]     | 96%    |   16.0ms | Ok 2 Big Mac = $20 :unamused_face:...
[ENTERTAINM] | YouTube  | [Normal]     | 96%    |   15.1ms | HELLO MRBEAST  I AM FROM...
[GAMING/GAM] | YouTube  | [Normal]     | 95%    |   13.6ms | THE GAS CAN MOVED!!!!THE GAS CAN MOVED!!...
[ENTERTAINM] | YouTube  | [Normal]     | 94%    |    8.0ms | হিইই...
[ENTERTAINM] | YouTube  | [Normal]     | 94%    |   30.4ms | :chillwdog::chillwdog::chillwdog::chillw...
[GAMING/GAM] | YouTube  | [Normal]     | 73%    |   11.6ms | Ya'll are confusing me too...
[ENTERTAINM] | YouTube  | [Normal]     | 65%    |   12.6ms | jimmy you should try being a youtuber...
[GAMING/GAM] | YouTube  | [Normal]     | 92%    |   11.0ms | its under there...
[GAMING/GAM] | YouTube  | [Normal]     | 91%    |   10.0ms | top left...
[GAMING/SUR] | YouTube  | [Normal]     | 97%    |   77.1ms | Whats your order Peanut?...
[ENTERTAINM] | YouTube  | [Normal]     | 95%    |   51.1ms | 67...
[GAMING/SUR] | YouTube  | [Normal]     | 88%    |   12.9ms | WHAT DID YOU ORDER PEANUT...
[GAMING/GAM] | YouTube  | [Normal]     | 90%    |   15.4ms | The broken one moved!...
[GAMING/GAM] | YouTube  | [Normal]     | 95%    |   12.0ms | THE BROKEN RAIL MOVED FOR THE LOVE OF AL...
[GAMING/SUR] | YouTube  | [Normal]     | 80%    |   14.1ms | :_PeanutJork::_BungusMac:...
[GAMING/GAM] | YouTube  | [Normal]     | 96%    |   16.0ms | Stairwell  Hole  missing pole on middle ...
[GAMING/GAM] | YouTube  | [Normal]     | 93%    |    9.0ms | Yard bottle...
[ENTERTAINM] | YouTube  | [Normal]     | 97%    |   22.5ms | Help me from Nepal :folded_hands::folded...
[GAMING/SUR] | YouTube  | [Normal]     | 94%    |    9.0ms | this base is painful to navigate lol...
[SELF-HELP/] | YouTube  | [Normal]     | 97%    |   12.0ms | The gram? Of insta?...
[GAMING/GAM] | YouTube  | [Normal]     | 79%    |   10.6ms | That nothing sneaks up on you...
[GAMING/GAM] | YouTube  | [Normal]     | 95%    |   13.0ms | Congrats on Iron Lung's success Mark!! A...
[GAMING/GAM] | YouTube  | [Normal]     | 85%    |    7.0ms | mmmm dirty water...
[GAMING/GAM] | YouTube  | [Normal]     | 87%    |   10.6ms | NOW WE ARE DROWNING...
[GAMING/GAM] | YouTube  | [Normal]     | 95%    |   12.0ms | mark have you seen iron lung?...
[ENTERTAINM] | YouTube  | [Normal]     | 96%    |   10.0ms | ALGUIEN QUE HABLE ESPAÑOL...
[ENTERTAINM] | YouTube  | [Normal]     | 98%    |   10.0ms | :star:big fan Jimmy :star:...
[GAMING/SUR] | YouTube  | [Normal]     | 89%    |   10.6ms | im a funny guy :eyes:...
[GAMING/GAM] | YouTube  | [Normal]     | 96%    |   10.0ms | ADJECTIVE NOUN...
[PSYCHOLOGY] | YouTube  | [Normal]     | 96%    |   15.0ms | Anima and Animus hmmm...
[MUSIC/CHIL] | YouTube  | [Normal]     | 94%    |   13.6ms | sach me...
[GAMING/GAM] | YouTube  | [Normal]     | 97%    |   14.0ms | Mark! The mice are in the box!...
[PSYCHOLOGY] | YouTube  | [Normal]     | 97%    |   11.0ms | And Inuyasha...
[ENTERTAINM] | YouTube  | [Normal]     | 96%    |   13.0ms | Всем Привет Всем Хаюхай...
[ENTERTAINM] | YouTube  | [Normal]     | 90%    |   12.0ms | Are u going to do any World Cup content...
[ENTERTAINM] | YouTube  | [Normal]     | 96%    |   10.6ms | классно сидим пацаны...
[GAMING/GAM] | YouTube  | [Normal]     | 97%    |   14.5ms | LEFT RAIL BY BOXES. STAIRWELL...
[GAMING/GAM] | YouTube  | [Normal]     | 96%    |   11.1ms | Missing bottle?...
[ENTERTAINM] | YouTube  | [Normal]     | 83%    |   10.0ms | Korea...
[GAMING/SUR] | YouTube  | [Normal]     | 97%    |   14.1ms | 12 turrets per grid...
[GAMING/GAM] | YouTube  | [Normal]     | 78%    |   43.1ms | aww look they spilled oil and tried clea...
[ENTERTAINM] | YouTube  | [Normal]     | 88%    |   19.6ms | nnnbnbnchj co to jest na nim zależy od t...
[ENTERTAINM] | YouTube  | [Normal]     | 97%    |   13.1ms | I love supporting small creators...
[ENTERTAINM] | YouTube  | [Normal]     | 73%    |   15.2ms | hhhhhhhhhhhhhhhhhhhhhhhhhhhhhhhhhhhhhhhh...
[ENTERTAINM] | YouTube  | [Normal]     | 96%    |   26.3ms | LES GOOOOOO!!!!!!!!!:face-blue-smiling::...
[GAMING/GAM] | YouTube  | [Normal]     | 84%    |   30.2ms | you should worry abt us tbh...
[ENTERTAINM] | YouTube  | [Normal]     | 94%    |    9.6ms | Hi...
[GAMING/GAM] | YouTube  | [Normal]     | 86%    |    7.0ms | UNDER THE BED...
[ENTERTAINM] | YouTube  | [Normal]     | 96%    |    8.0ms | According to MDM  you gain 17.1K subscri...
[GAMING/GAM] | YouTube  | [Normal]     | 47%    |   13.5ms | "I don't mean to mock you  mercilessly" ...
[ENTERTAINM] | YouTube  | [Normal]     | 95%    |   13.0ms | hello...
[ENTERTAINM] | YouTube  | [Normal]     | 94%    |   13.0ms | Hi...
[GAMING/GAM] | YouTube  | [Normal]     | 97%    |   14.0ms | painting in keepers quarters...
[GAMING/SUR] | YouTube  | [Normal]     | 96%    |    9.0ms | INCREDIBLE...
[MUSIC/CHIL] | YouTube  | [Normal]     | 96%    |    9.5ms | :face-blue-droopy-eyes:...
[GAMING/SUR] | YouTube  | [Normal]     | 77%    |   11.0ms | No he’s still kicking...
[GAMING/GAM] | YouTube  | [Normal]     | 87%    |   16.1ms | don't lump us all in with that guy I KNE...
[GAMING/SUR] | YouTube  | [Normal]     | 97%    |   13.0ms | lmfao. just a cord running thru the whol...
[ENTERTAINM] | YouTube  | [Normal]     | 98%    |   15.1ms | :face-blue-wide-eyes::face-green-smiling...
[ENTERTAINM] | YouTube  | [Normal]     | 93%    |   11.0ms | gg...
[GAMING/GAM] | YouTube  | [Normal]     | 75%    |   10.0ms | DESK BYY BED...
[ENTERTAINM] | YouTube  | [Normal]     | 85%    |   15.0ms | Some people just have no idea what they'...
[GAMING/SUR] | YouTube  | [Normal]     | 95%    |   13.0ms | welp...
[GAMING/GAM] | YouTube  | [Normal]     | 97%    |   13.0ms | mark the fireplace...
[GAMING/GAM] | YouTube  | [Normal]     | 94%    |   12.0ms | wait i think an object was missing in th...
[GAMING/GAM] | YouTube  | [Normal]     | 97%    |    9.0ms | fireplace?...
[ENTERTAINM] | YouTube  | [Normal]     | 95%    |   15.6ms | congratulations sirrrrrrrr i love you an...
[GAMING/SUR] | YouTube  | [Normal]     | 95%    |   11.5ms | ELECTRICAL BRANCH...
[GAMING/GAM] | YouTube  | [Normal]     | 79%    |   14.2ms | thats not polite...
[GAMING/GAM] | YouTube  | [Normal]     | 96%    |   11.2ms | MARK I WATCHED UR MOVIE LIKE 1 HOUR AGO...
[PSYCHOLOGY] | YouTube  | [Normal]     | 95%    |   10.1ms | Sense...
[ENTERTAINM] | YouTube  | [Normal]     | 94%    |    8.9ms | hi...
[ENTERTAINM] | YouTube  | [Normal]     | 96%    |    8.6ms | hiiiiiiiiiiiiiiiiiiiiiiiiii...
[GAMING/GAM] | YouTube  | [Normal]     | 95%    |   14.0ms | princess dounut aproves this game...
[GAMING/GAM] | YouTube  | [Normal]     | 93%    |   10.5ms | Extra bottle pier...
[GAMING/GAM] | YouTube  | [Normal]     | 93%    |   14.5ms | THE RAILING MOVED UP FROM BOTTOM LEFT MA...
[ENTERTAINM] | YouTube  | [Normal]     | 95%    |   99.3ms | jimmy are you going for the FIFA WORLD C...
[ENTERTAINM] | YouTube  | [Normal]     | 95%    |   93.1ms | HELLO...
[GAMING/SUR] | YouTube  | [Normal]     | 96%    |   72.1ms | take branch's to branch's...
[PSYCHOLOGY] | YouTube  | [Normal]     | 93%    |   14.0ms | this lady great...
[GAMING/GAM] | YouTube  | [Normal]     | 88%    |   12.1ms | Mark anomaly...
[PSYCHOLOGY] | YouTube  | [Normal]     | 91%    |   12.6ms | …...
[MUSIC/CHIL] | YouTube  | [Normal]     | 96%    |   14.6ms | ohh ok ok:grinning_face_with_sweat::grin...
[GAMING/GAM] | YouTube  | [Normal]     | 95%    |   12.1ms | WATER BENEATH DOOR INTERIOR...
[GAMING/GAM] | YouTube  | [HATE]       | 68%    |   10.0ms | Hey Mark  Saw lron Lung last night. Goat...
[ENTERTAINM] | YouTube  | [Normal]     | 76%    |   11.6ms | @MrBeast TURKEYYYYYY...
[MUSIC/CHIL] | YouTube  | [Normal]     | 97%    |   12.0ms | :person-turquoise-wizard-wand:...
[SELF-HELP/] | YouTube  | [Normal]     | 95%    |   12.0ms | i have subpowers...
[ENTERTAINM] | YouTube  | [Normal]     | 90%    |   16.0ms | how much likes for new airpods...
[GAMING/GAM] | YouTube  | [Normal]     | 97%    |   16.0ms | desk object movement interior....
[GAMING/GAM] | YouTube  | [Normal]     | 97%    |   15.0ms | The railing on the stairs moved!!!...
[ENTERTAINM] | YouTube  | [Normal]     | 98%    |   11.0ms | :hand-pink-waving:...
[SELF-HELP/] | YouTube  | [Normal]     | 90%    |    8.0ms | i m def not gifted...
[MUSIC/CHIL] | YouTube  | [Normal]     | 94%    |   14.9ms | y me quede con más hambre que la que lle...
[ENTERTAINM] | YouTube  | [Normal]     | 93%    |   13.6ms | CRAZY 5MIL WE R A BIG FAN MRBEAST...
[GAMING/SUR] | YouTube  | [Normal]     | 93%    |   10.6ms | GG...
[GAMING/GAM] | YouTube  | [Normal]     | 88%    |    9.1ms | back up movie boy...
[GAMING/GAM] | YouTube  | [Normal]     | 97%    |   12.0ms | marks an ASMR channel now lol...
[GAMING/GAM] | YouTube  | [Normal]     | 94%    |   14.5ms | i wish i was that microphone rn...
[GAMING/SUR] | YouTube  | [Normal]     | 93%    |   14.0ms | W WELYN - I CANT BELIEVE PEANUT AND WELY...
[GAMING/GAM] | YouTube  | [Normal]     | 96%    |   13.0ms | Stack under map missing in Interior...
[SELF-HELP/] | YouTube  | [Normal]     | 92%    |   15.1ms | @notreallyabird wait how?...
[GAMING/SUR] | YouTube  | [Normal]     | 94%    |   13.5ms | power out not branch out...
[GAMING/GAM] | YouTube  | [Normal]     | 92%    |   15.0ms | you were IN OUR EARHOLES!... lol...
[GAMING/GAM] | YouTube  | [Normal]     | 95%    |   11.0ms | Aaaaahh...
[GAMING/GAM] | YouTube  | [Normal]     | 98%    |   14.0ms | Fuse box open interior :red_exclamation_...
[MUSIC/CHIL] | YouTube  | [Normal]     | 97%    |   15.0ms | :face-blue-wide-eyes:...
[MUSIC/CHIL] | YouTube  | [Normal]     | 98%    |    8.6ms | :musical_notes:...
[ENTERTAINM] | YouTube  | [Normal]     | 87%    |  177.6ms | Genshin...
[GAMING/SUR] | YouTube  | [Normal]     | 71%    |   11.2ms | or you can do 30 to a spliter...
[ENTERTAINM] | YouTube  | [Normal]     | 94%    |   11.5ms | GAS PRICES COME DOWN WHEN MRBEAST HITS 5...
[GAMING/GAM] | YouTube  | [Normal]     | 93%    |   13.6ms | Oh god Mark why...
[GAMING/GAM] | YouTube  | [Normal]     | 96%    |    9.5ms | It's louder thanks!...
[GAMING/GAM] | YouTube  | [Normal]     | 97%    |   14.0ms | Extra bottle pier :folded_hands:...
[GAMING/GAM] | YouTube  | [Normal]     | 98%    |    8.1ms | frosted glass again...
[PSYCHOLOGY] | YouTube  | [Normal]     | 95%    |   10.2ms | She have such an aura...
[NEWS/LIVE ] | YouTube  | [Normal]     | 93%    |   12.5ms | :buffering:...
[GAMING/GAM] | YouTube  | [OFFENSIVE]  | 83%    |   16.1ms | you are missing the damn railing  MARK!!...
[GAMING/GAM] | YouTube  | [Normal]     | 97%    |   14.9ms | are there extra objects in the crate in ...
[SELF-HELP/] | YouTube  | [Normal]     | 49%    |   16.7ms | I hope i learn something else from this ...
[ENTERTAINM] | YouTube  | [Normal]     | 97%    |   13.6ms | Congratulations on 500 Million...
[GAMING/SUR] | YouTube  | [Normal]     | 60%    |   15.5ms | I’ve been waiting for you to play rust m...
[GAMING/SUR] | YouTube  | [Normal]     | 94%    |   11.8ms | POWER OUT TO POWER IN ON THE BRANCHES  b...
[GAMING/GAM] | YouTube  | [Normal]     | 96%    |    7.5ms | THE RAILING IN THE STAIRWAY THE RAILING ...
[GAMING/GAM] | YouTube  | [Normal]     | 92%    |   11.0ms | CHECK THE LEFT MOST ROPE...
[ENTERTAINM] | YouTube  | [Normal]     | 94%    |    9.0ms | Hi...
[GAMING/GAM] | YouTube  | [Normal]     | 92%    |    9.5ms | on the table! the eyeballs...
[ENTERTAINM] | YouTube  | [Normal]     | 94%    |    7.0ms | :mouth::mouth::mouth::mouth:...
[EDUCATION/] | YouTube  | [Normal]     | 79%    |    8.3ms | didn't know them islands were part of Al...
[GAMING/GAM] | YouTube  | [Normal]     | 95%    |   10.0ms | :rolling_on_the_floor_laughing::rolling_...
[GAMING/SUR] | YouTube  | [Normal]     | 73%    |   10.0ms | wrong...
[SELF-HELP/] | YouTube  | [Normal]     | 89%    |   11.0ms | niether...
[ENTERTAINM] | YouTube  | [Normal]     | 96%    |   10.3ms | :yt::yt::yt::yt::yt::yt::yt::yt:...
[PSYCHOLOGY] | YouTube  | [OFFENSIVE]  | 57%    |    6.0ms | shitting on our copium...
[GAMING/GAM] | YouTube  | [Normal]     | 89%    |    6.6ms | u jinx it...
[GAMING/GAM] | YouTube  | [Normal]     | 97%    |    7.0ms | Im on Observation Duty movie next?...
[SELF-HELP/] | YouTube  | [Normal]     | 50%    |    6.1ms | because high iq = high depression...
[GAMING/GAM] | YouTube  | [Normal]     | 97%    |    7.0ms | :face-red-heart-shape:...
[ENTERTAINM] | YouTube  | [Normal]     | 90%    |   76.6ms | 🇧...
[GAMING/GAM] | YouTube  | [Normal]     | 97%    |   94.4ms | My first mark stream!!! this is awesome...
[ENTERTAINM] | YouTube  | [Normal]     | 96%    |   59.0ms | New member...
[GAMING/GAM] | YouTube  | [Normal]     | 85%    |    8.6ms | DEAD BODY ON CABIN...
[GAMING/GAM] | YouTube  | [Normal]     | 94%    |   13.0ms | that hurt my chest omg.....
[GAMING/GAM] | YouTube  | [Normal]     | 95%    |   11.0ms | wtf XD...
[GAMING/GAM] | YouTube  | [Normal]     | 92%    |   17.4ms | HOW WAS IT SHOOTING IRON LUNG? HOW WAS T...
[GAMING/GAM] | YouTube  | [Normal]     | 94%    |   13.0ms | There’s stuff missing from the desk in t...
[ENTERTAINM] | YouTube  | [Normal]     | 97%    |   11.0ms | 500m subscribe to complit sir congratula...
[SELF-HELP/] | YouTube  | [Normal]     | 95%    |   12.6ms | by definition...
[GAMING/GAM] | YouTube  | [Normal]     | 91%    |   10.5ms | IT DID TOO...
[SPORTS/FOO] | YouTube  | [Normal]     | 89%    |   14.6ms | ㅋㅋㅋㅋ 그냥 그란투리스모나할까...
[ENTERTAINM] | YouTube  | [Normal]     | 96%    |   14.0ms | What’s it like having the most subscribe...
[GAMING/GAM] | YouTube  | [Normal]     | 96%    |    8.3ms | Mark!!!...
[SELF-HELP/] | YouTube  | [Normal]     | 96%    |   11.2ms | survival?...
[GAMING/GAM] | YouTube  | [Normal]     | 97%    |   17.0ms | MOVEMENT RAILING NEAR PAINT CANS !!!...
[SELF-HELP/] | YouTube  | [Normal]     | 92%    |    8.5ms | everyone is complex...
[SELF-HELP/] | YouTube  | [Normal]     | 95%    |   11.6ms | isn't that just measurement...
[GAMING/GAM] | YouTube  | [Normal]     | 96%    |   12.0ms | it did though......
[ENTERTAINM] | YouTube  | [Normal]     | 96%    |   12.0ms | Big fan from Pakistan . Supporting MrBea...
[SELF-HELP/] | YouTube  | [Normal]     | 96%    |   12.0ms | I SWEAR dude he's answered this before...
[ENTERTAINM] | YouTube  | [Normal]     | 95%    |   11.3ms | please help...
[ENTERTAINM] | YouTube  | [Normal]     | 95%    |   13.1ms | hiiiiiiiiiiiiiiiiiiiiiiiiiiiiiiiiiiiiiii...
[GAMING/SUR] | YouTube  | [Normal]     | 88%    |   12.6ms | @thelegendron why?...
[MUSIC/CHIL] | YouTube  | [Normal]     | 95%    |   13.0ms | raggy wali dikh rahi h mujhee...
[ENTERTAINM] | YouTube  | [Normal]     | 98%    |   18.6ms | :chequered_flag::chequered_flag::chequer...
[GAMING/GAM] | YouTube  | [Normal]     | 97%    |    7.6ms | literally rewound. it DID MOVE...
[GAMING/GAM] | YouTube  | [Normal]     | 97%    |    8.0ms | was that purple towel on the balcony alw...
[SELF-HELP/] | YouTube  | [Normal]     | 95%    |   12.0ms | It makes us disfunctional...
[GAMING/GAM] | YouTube  | [Normal]     | 95%    |   12.0ms | green stairs...
[GAMING/GAM] | YouTube  | [Normal]     | 97%    |    8.0ms | i swear the camera angle looks different...
[GAMING/GAM] | YouTube  | [Normal]     | 94%    |   16.1ms | it switched from towards the front of th...
[ENTERTAINM] | YouTube  | [Normal]     | 96%    |   17.1ms | WHERE IS THE ENERGY JIMMY!!!!...
[GAMING/GAM] | YouTube  | [Normal]     | 95%    |   12.6ms | THE LAMP WAS ON...
[GAMING/GAM] | YouTube  | [Normal]     | 91%    |   21.7ms | Just watched Iron Lung it was great!...
[ENTERTAINM] | YouTube  | [Normal]     | 86%    |   13.7ms | letsgooo 500mill...
[GAMING/GAM] | YouTube  | [Normal]     | 98%    |   14.6ms | :face-blue-smiling::face-blue-smiling:...
[SELF-HELP/] | YouTube  | [Normal]     | 84%    |   14.2ms | agrarianism...
[GAMING/GAM] | YouTube  | [Normal]     | 97%    |   16.1ms | Thank you were so smart and cool...
[ENTERTAINM] | YouTube  | [Normal]     | 98%    |   24.1ms | helloooooooooooooooooooooooo:star_struck...
[GAMING/GAM] | YouTube  | [Normal]     | 96%    |   16.6ms | Yay! x3...
[GAMING/GAM] | YouTube  | [Normal]     | 97%    |   11.0ms | YAYAYAYYAYA...
[GAMING/GAM] | YouTube  | [Normal]     | 96%    |   15.6ms | it makes me so happy to see mark wearing...
[GAMING/GAM] | YouTube  | [Normal]     | 96%    |   13.0ms | extra potato bag...
[PSYCHOLOGY] | YouTube  | [Normal]     | 64%    |   20.0ms | Goonian psychology...
[GAMING/GAM] | YouTube  | [Normal]     | 70%    |   64.2ms | Boo big scary baahh...
[GAMING/GAM] | YouTube  | [Normal]     | 95%    |   17.0ms | ........
[GAMING/GAM] | YouTube  | [Normal]     | 96%    |  117.5ms | F I R E P L A C E !...
[GAMING/SUR] | YouTube  | [Normal]     | 95%    |   28.0ms | is Rust Worth $55...
[ENTERTAINM] | YouTube  | [Normal]     | 98%    |    8.6ms | yeahhh:growing_heart::growing_heart::gro...
[ENTERTAINM] | YouTube  | [Normal]     | 97%    |   13.5ms | LOVE FROM CHARLOTTE  NORTH CAROLINA...
[GAMING/GAM] | YouTube  | [Normal]     | 96%    |   14.0ms | bed in the cabin?...
[GAMING/GAM] | YouTube  | [Normal]     | 95%    |    8.7ms | I saw that...
[ENTERTAINM] | YouTube  | [Normal]     | 96%    |   11.1ms | sir i want to buy a laptop but I can't b...
[ENTERTAINM] | YouTube  | [Normal]     | 93%    |   16.0ms | :grinning_face::grinning_face::grinning_...
[GAMING/GAM] | YouTube  | [Normal]     | 97%    |   12.6ms | the railing entrance moved @markiplier...
[GAMING/GAM] | YouTube  | [Normal]     | 95%    |   11.1ms | BRO I WAS TELLING...
[ENTERTAINM] | YouTube  | [Normal]     | 97%    |   10.0ms | hallo...
[ENTERTAINM] | YouTube  | [Normal]     | 98%    |   20.6ms | :red_heart::red_heart::red_heart::red_he...
[SELF-HELP/] | YouTube  | [Normal]     | 97%    |   12.0ms | It's 11:43 pm here....
[GAMING/GAM] | YouTube  | [Normal]     | 93%    |    7.5ms | Ya;ll the rail didn't move  he checked...
[ENTERTAINM] | YouTube  | [Normal]     | 96%    |    8.0ms | I've been watching you since 2020  I rem...
[GAMING/SUR] | YouTube  | [Normal]     | 95%    |   10.0ms | Viewers in the chat are saying that the ...
[GAMING/GAM] | YouTube  | [Normal]     | 95%    |   10.2ms | watched iron lung last night  loved it  ...
[GAMING/GAM] | YouTube  | [Normal]     | 96%    |   10.0ms | Youtuber...
[ENTERTAINM] | YouTube  | [Normal]     | 97%    |   11.7ms | I want to mobile phone...
[ENTERTAINM] | YouTube  | [Normal]     | 97%    |   16.0ms | Can I have a shoutout..it's my birthday...
[ENTERTAINM] | YouTube  | [Normal]     | 93%    |   22.5ms | :virtualhug::virtualhug::virtualhug::vir...
[ENTERTAINM] | YouTube  | [Normal]     | 85%    |    9.3ms | no no Mr beast...
[ENTERTAINM] | YouTube  | [Normal]     | 95%    |   10.5ms | jupi...
[ENTERTAINM] | YouTube  | [Normal]     | 96%    |   10.1ms | mr beast i am a unc i am 29...
[ENTERTAINM] | YouTube  | [Normal]     | 96%    |   19.1ms | :red_heart::partying_face:...
[ENTERTAINM] | YouTube  | [Normal]     | 96%    |    9.5ms | HAPPY 500 MILLION FOLLOWERS!!!...
[GAMING/GAM] | YouTube  | [Normal]     | 96%    |    9.0ms | this a vibe...
[GAMING/SUR] | YouTube  | [Normal]     | 88%    |   12.0ms | The other ones will cover other angles...
[GAMING/GAM] | YouTube  | [Normal]     | 88%    |    9.6ms | ggy...
[GAMING/GAM] | YouTube  | [Normal]     | 97%    |   15.5ms | stream achievment...
[ENTERTAINM] | YouTube  | [Normal]     | 74%    |   13.0ms | brooooo im fromm pakkbigg fann...
[ENTERTAINM] | YouTube  | [Normal]     | 94%    |    9.0ms | hi...
[ENTERTAINM] | YouTube  | [Normal]     | 94%    |   16.0ms | hi Mr beast...
[ENTERTAINM] | YouTube  | [Normal]     | 88%    |   17.1ms | bleeeehgghhhhhhh...
[ENTERTAINM] | YouTube  | [Normal]     | 98%    |   39.8ms | :hand-pink-waving::hand-pink-waving::han...
[SELF-HELP/] | YouTube  | [HATE]       | 79%    |    9.6ms | Elon musk is not smart...
[GAMING/SUR] | YouTube  | [Normal]     | 93%    |    8.5ms | your building12...
[ENTERTAINM] | YouTube  | [Normal]     | 80%    |   16.1ms | What would u do if u got to a billion su...
[GAMING/GAM] | YouTube  | [Normal]     | 76%    |   27.0ms | what a banger ost bro...
[ENTERTAINM] | YouTube  | [Normal]     | 95%    |   11.7ms | hii...
[GAMING/SUR] | YouTube  | [Normal]     | 92%    |   13.2ms | clean...
[ENTERTAINM] | YouTube  | [Normal]     | 89%    |   12.0ms | BROOOOOOOOOOOOOOOOOOOOO 500000000...
[ENTERTAINM] | YouTube  | [Normal]     | 85%    |   19.1ms | heyyyy mr beasstttttt...
[ENTERTAINM] | YouTube  | [Normal]     | 95%    |   14.1ms | hello...
[MUSIC/CHIL] | YouTube  | [Normal]     | 63%    |   25.5ms | Raggy yup :grinning_face_with_big_eyes:m...
[GAMING/GAM] | YouTube  | [Normal]     | 91%    |   20.0ms | W...
[ENTERTAINM] | YouTube  | [Normal]     | 97%    |   35.2ms | :triangular_flag::triangular_flag::trian...
[GAMING/GAM] | YouTube  | [Normal]     | 93%    |    8.0ms | Gg...
[GAMING/GAM] | YouTube  | [Normal]     | 96%    |   19.3ms | markiplier cotl playthrough when. please...
[MUSIC/CHIL] | YouTube  | [Normal]     | 96%    |   20.6ms | :chess_pawn:...
[ENTERTAINM] | YouTube  | [OFFENSIVE]  | 90%    |   24.6ms | Ilyyyy congratsss!...
[NEWS/LIVE ] | YouTube  | [HATE]       | 58%    |   10.0ms | even pope said ''if you want to come in ...
[ENTERTAINM] | YouTube  | [Normal]     | 95%    |   13.0ms | hellow sir...
[GAMING/GAM] | YouTube  | [Normal]     | 96%    |   64.8ms | Harness?????????????...
[GAMING/GAM] | YouTube  | [Normal]     | 92%    |   32.2ms | YESSSS #1...
[ENTERTAINM] | YouTube  | [Normal]     | 96%    |   82.6ms | @MrBeast SAY HELLO TO KAZAKHSTAN PLEASE...
[PSYCHOLOGY] | YouTube  | [Normal]     | 96%    |   41.7ms | hyper enema?...
[ENTERTAINM] | YouTube  | [Normal]     | 96%    |   16.0ms | :squinting_face_with_tongue::squinting_f...
[GAMING/GAM] | YouTube  | [Normal]     | 59%    |   17.5ms | This is great  but real-world issues mat...
[GAMING/GAM] | YouTube  | [Normal]     | 97%    |   13.6ms | It was an amazing movie!! I'm going to w...
[ENTERTAINM] | YouTube  | [Normal]     | 91%    |   13.6ms | GET ITTTTTTTTTTTTTTT...
[GAMING/GAM] | YouTube  | [Normal]     | 95%    |   12.1ms | Congrats!!!! It was really good!...
[MUSIC/CHIL] | YouTube  | [Normal]     | 95%    |   12.5ms | accha h...
[GAMING/GAM] | YouTube  | [Normal]     | 94%    |   12.9ms | THATS MY DIRECTOR...
[ENTERTAINM] | YouTube  | [Normal]     | 98%    |   11.0ms | :eagle:...
[ENTERTAINM] | YouTube  | [Normal]     | 98%    |   19.3ms | :cat-orange-whistling::cat-orange-whistl...
[LIFESTYLE/] | YouTube  | [Normal]     | 96%    |    9.7ms | :face_with_peeking_eye:...
[GAMING/GAM] | YouTube  | [Normal]     | 93%    |    8.0ms | :buffering::buffering::buffering::buffer...
[GAMING/SUR] | YouTube  | [Normal]     | 73%    |    8.0ms | WRONG...
[ENTERTAINM] | YouTube  | [Normal]     | 95%    |   11.0ms | Yooo...
[GAMING/SUR] | YouTube  | [Normal]     | 82%    |   11.0ms | not good...
[GAMING/GAM] | YouTube  | [OFFENSIVE]  | 50%    |   10.0ms | No fucking way...
[GAMING/GAM] | YouTube  | [Normal]     | 92%    |   12.0ms | Any plans for Germany...
[GAMING/GAM] | YouTube  | [Normal]     | 97%    |   14.6ms | Which platform is it going to be in?...
[GAMING/GAM] | YouTube  | [Normal]     | 97%    |   13.3ms | PERFECTION TAKES TIME...
[GAMING/GAM] | YouTube  | [Normal]     | 97%    |   16.7ms | I've seen some real cool fan art...
[MUSIC/CHIL] | YouTube  | [HATE]       | 63%    |   11.5ms | Raggy and??...
[GAMING/GAM] | YouTube  | [Normal]     | 97%    |    7.0ms | Which streaming services are you plannin...
[GAMING/GAM] | YouTube  | [Normal]     | 52%    |    8.9ms | THAAAAAAAAIIIILANDDDDDDDDDDDDDDDDDDDDDDD...
[GAMING/SUR] | YouTube  | [Normal]     | 92%    |    8.0ms | rogue always eating...
[GAMING/GAM] | YouTube  | [Normal]     | 95%    |   14.1ms | what about eastern europe? ;-; would rea...
[PSYCHOLOGY] | YouTube  | [Normal]     | 96%    |   10.1ms | Thanos was right...
[GAMING/SUR] | YouTube  | [Normal]     | 93%    |   12.0ms | right click...
[ENTERTAINM] | YouTube  | [Normal]     | 96%    |   10.5ms | 1000$...
[GAMING/GAM] | YouTube  | [Normal]     | 95%    |   13.0ms | title!!!...
[GAMING/GAM] | YouTube  | [Normal]     | 96%    |   13.0ms | HEY MARK  if you do the physical format ...
[ENTERTAINM] | YouTube  | [Normal]     | 98%    |   15.7ms | :face-blue-smiling::face-blue-smiling::f...
[GAMING/GAM] | YouTube  | [Normal]     | 97%    |   58.6ms | vhs release?...
[ENTERTAINM] | YouTube  | [Normal]     | 97%    |   76.2ms | Welcome New Member!...
[GAMING/GAM] | YouTube  | [Normal]     | 96%    |   13.1ms | 4K please!!...
[ENTERTAINM] | YouTube  | [Normal]     | 94%    |   13.8ms | come to Egypt...
[ENTERTAINM] | YouTube  | [Normal]     | 96%    |   12.0ms | Sols rng...
[ENTERTAINM] | YouTube  | [Normal]     | 97%    |   24.1ms | :finger-red-number-one::finger-red-numbe...
[SELF-HELP/] | YouTube  | [Normal]     | 94%    |    9.1ms | @notreallyabird NINJA loans was my "wtf"...
[GAMING/GAM] | YouTube  | [Normal]     | 92%    |   10.5ms | I wish I could see it in theaters but no...
[GAMING/GAM] | YouTube  | [Normal]     | 95%    |   13.6ms | olympics too! lol...
[ENTERTAINM] | YouTube  | [Normal]     | 97%    |    7.5ms | Hallo Evin du bist nd cool oke :face_wit...
[ENTERTAINM] | YouTube  | [Normal]     | 91%    |    8.0ms | Do you know who mickal jackson is...
[GAMING/GAM] | YouTube  | [Normal]     | 97%    |   13.8ms | mark where will we able to buy the dvd??...
[GAMING/SUR] | YouTube  | [Normal]     | 96%    |   10.6ms | LMAO...
[ENTERTAINM] | YouTube  | [Normal]     | 96%    |   16.2ms | New member...
[ENTERTAINM] | YouTube  | [Normal]     | 94%    |    7.5ms | IND...
[GAMING/GAM] | YouTube  | [Normal]     | 96%    |    8.5ms | garten of banban movie when ? u promised...
[GAMING/GAM] | YouTube  | [Normal]     | 94%    |    6.5ms | nice one...
[GAMING/GAM] | YouTube  | [Normal]     | 97%    |   14.6ms | :index_pointing_up::index_pointing_up::i...
[PSYCHOLOGY] | YouTube  | [Normal]     | 93%    |   10.5ms | tech will probs just keep getting worse ...
[ENTERTAINM] | YouTube  | [Normal]     | 91%    |    9.5ms | mr beast...
[GAMING/GAM] | YouTube  | [Normal]     | 90%    |    7.6ms | can I watch iron lung without knowing an...
[ENTERTAINM] | YouTube  | [Normal]     | 96%    |    8.1ms | :saluting_face:...
[ENTERTAINM] | YouTube  | [Normal]     | 96%    |    9.0ms | "500 MILLION SUBSCRIBERS! :exploding_hea...
[ENTERTAINM] | YouTube  | [Normal]     | 95%    |    7.0ms | member...
[ENTERTAINM] | YouTube  | [Normal]     | 97%    |    7.2ms | Welcome New Member!...
[PSYCHOLOGY] | YouTube  | [Normal]     | 94%    |   12.0ms | Was gonna be Goku for awhile...
[MUSIC/CHIL] | YouTube  | [Normal]     | 81%    |    9.6ms | what's on your mind:cigarette::thinking_...
[GAMING/GAM] | YouTube  | [Normal]     | 93%    |   11.6ms | iron lung merch?...
[GAMING/GAM] | YouTube  | [Normal]     | 96%    |   10.1ms | I know I'm gonna be missing the Big Game...
[GAMING/GAM] | YouTube  | [Normal]     | 97%    |    8.0ms | Love you mark I love yoooouuuu...
[GAMING/GAM] | YouTube  | [Normal]     | 93%    |    8.0ms | this is more OG  let's go...
[PSYCHOLOGY] | YouTube  | [Normal]     | 85%    |    6.0ms | Because real world doesn’t vibe as well ...
[GAMING/GAM] | YouTube  | [Normal]     | 95%    |    6.6ms | hellooo...
[GAMING/GAM] | YouTube  | [Normal]     | 97%    |   24.0ms | there's snakes on the plane!!...
[GAMING/GAM] | YouTube  | [Normal]     | 97%    |   72.8ms | Markiplier...
[GAMING/GAM] | YouTube  | [Normal]     | 92%    |   53.6ms | my favorite part in the movie was when M...
[GAMING/SUR] | YouTube  | [Normal]     | 89%    |   80.3ms | WELYNS KNOW WE APPREACIATE YOU...
[GAMING/GAM] | YouTube  | [Normal]     | 80%    |   10.6ms | thats funny...
[GAMING/SUR] | YouTube  | [Normal]     | 92%    |   10.0ms | a smart peanut...
[ENTERTAINM] | YouTube  | [Normal]     | 94%    |   10.8ms | :cold_face:...
[SELF-HELP/] | YouTube  | [Normal]     | 96%    |   12.0ms | or cooked...
[GAMING/GAM] | YouTube  | [Normal]     | 94%    |   12.0ms | Personal question mark do you think you’...
[GAMING/GAM] | YouTube  | [Normal]     | 88%    |   16.6ms | a big jumpscare anomaly in this are woul...
[GAMING/GAM] | YouTube  | [Normal]     | 96%    |   14.0ms | remember to look at the windows and refl...
[GAMING/GAM] | YouTube  | [Normal]     | 85%    |    7.0ms | broken railing...
[GAMING/GAM] | YouTube  | [Normal]     | 96%    |    8.0ms | It's funny  I came from watching 2019 Ma...
[GAMING/GAM] | YouTube  | [Normal]     | 92%    |    8.0ms | yeah...
[GAMING/GAM] | YouTube  | [Normal]     | 93%    |    8.1ms | market plier...
[GAMING/SUR] | YouTube  | [Normal]     | 95%    |   14.0ms | it was the squirrel's land first...
[GAMING/GAM] | YouTube  | [Normal]     | 97%    |   11.6ms | The cockpit's gonna be tough with all th...
[ENTERTAINM] | YouTube  | [Normal]     | 91%    |    8.0ms | Mr beast...
[GAMING/SUR] | YouTube  | [Normal]     | 93%    |   10.0ms | wsp...
[MUSIC/CHIL] | YouTube  | [Normal]     | 96%    |   20.7ms | Idiot :face_with_tears_of_joy::face_with...
[NEWS/LIVE ] | YouTube  | [Normal]     | 97%    |   16.0ms | sponges?:cat-orange-whistling:...
[ENTERTAINM] | YouTube  | [HATE]       | 56%    |   18.1ms | CONGRATSSSSSSS. IM SO PROUD OF U. YOU HA...
[ENTERTAINM] | YouTube  | [Normal]     | 96%    |   14.0ms | салам из Апатиты...
[MUSIC/CHIL] | YouTube  | [Normal]     | 98%    |   14.0ms | hello:hand-pink-waving:...
[GAMING/GAM] | YouTube  | [Normal]     | 95%    |   10.0ms | first anomaly usually shows up at 15 aft...
[GAMING/GAM] | YouTube  | [Normal]     | 97%    |   11.0ms | RED LIGHT TOP LEFT...
[SELF-HELP/] | YouTube  | [Normal]     | 96%    |   14.8ms | im not high iq but when i went to a prof...
[MUSIC/CHIL] | YouTube  | [Normal]     | 96%    |    8.1ms | achha...
[GAMING/GAM] | YouTube  | [Normal]     | 91%    |   11.0ms | TOP LEFT...
[GAMING/GAM] | YouTube  | [Normal]     | 97%    |   17.1ms | MARK ECONOMY CLASS IN THE OVERHEAD BIN!!...
[NEWS/LIVE ] | YouTube  | [Normal]     | 90%    |   14.0ms | Bone Spurs is not a good basketball name...
[GAMING/SUR] | YouTube  | [Normal]     | 95%    |   10.0ms | PEANUT...
[ENTERTAINM] | YouTube  | [Normal]     | 94%    |   12.6ms | 비스트햄!!!...
[GAMING/GAM] | YouTube  | [Normal]     | 97%    |   12.0ms | EXTRA PLANE PAINTING IN THE CLASS ON THE...
[GAMING/GAM] | YouTube  | [Normal]     | 91%    |   77.8ms | normal rn...
[GAMING/GAM] | YouTube  | [Normal]     | 95%    |   49.6ms | Hellooo...
[GAMING/GAM] | YouTube  | [Normal]     | 95%    |   14.0ms | Possible extra bottle by the sink in bat...
[ENTERTAINM] | YouTube  | [Normal]     | 95%    |   12.0ms | yooo hi...
[GAMING/GAM] | YouTube  | [Normal]     | 95%    |   15.2ms | the banana flip!...
[GAMING/GAM] | YouTube  | [Normal]     | 95%    |   10.5ms | CANERA...
[GAMING/GAM] | YouTube  | [Normal]     | 89%    |   13.0ms | why is there a camrea in the bathroom?!...
[MUSIC/CHIL] | YouTube  | [Normal]     | 96%    |   11.0ms | achha...
[ENTERTAINM] | YouTube  | [Normal]     | 96%    |    8.5ms | New member...
[SPORTS/FOO] | YouTube  | [Normal]     | 98%    |   16.6ms | :hand-pink-waving::hand-pink-waving:...
[GAMING/GAM] | YouTube  | [OFFENSIVE]  | 79%    |   14.2ms | I know you don't like these but thank yo...
[GAMING/GAM] | YouTube  | [Normal]     | 69%    |    8.0ms | unlucky...
[GAMING/GAM] | YouTube  | [Normal]     | 80%    |   11.0ms | NO DON’T...
[GAMING/SUR] | YouTube  | [Normal]     | 92%    |   10.0ms | lol hes good at that...
[ENTERTAINM] | YouTube  | [Normal]     | 96%    |   11.0ms | can i have $100...
[ENTERTAINM] | YouTube  | [Normal]     | 92%    |   11.0ms | yooooooooo...
[ENTERTAINM] | YouTube  | [Normal]     | 95%    |    8.0ms | Hiiii...
[GAMING/GAM] | YouTube  | [Normal]     | 96%    |   14.6ms | missing life vest??...
[GAMING/GAM] | YouTube  | [Normal]     | 67%    |   11.1ms | no head...
[GAMING/GAM] | YouTube  | [Normal]     | 97%    |    8.0ms | Shoes business class?...
[SELF-HELP/] | YouTube  | [Normal]     | 85%    |   16.3ms | @exozl no correlation...
[GAMING/GAM] | YouTube  | [Normal]     | 94%    |   13.7ms | exit lights maybe...
[GAMING/GAM] | YouTube  | [Normal]     | 94%    |   10.0ms | I'm so bad at these games...
[GAMING/GAM] | YouTube  | [Normal]     | 95%    |   16.0ms | was there a mirror in the toilet?...
[ENTERTAINM] | YouTube  | [Normal]     | 94%    |   12.7ms | арбуз...
[ENTERTAINM] | YouTube  | [Normal]     | 94%    |    8.1ms | Hi...
[SELF-HELP/] | YouTube  | [Normal]     | 95%    |    8.3ms | Oh god  didn't realize that is what's ha...
[GAMING/GAM] | YouTube  | [Normal]     | 93%    |   10.4ms | what has been your favorite horror game?...
[GAMING/GAM] | YouTube  | [Normal]     | 91%    |   12.0ms | There’s a moon in the toilet...
[GAMING/GAM] | YouTube  | [Normal]     | 93%    |   13.7ms | POOP IN TOILET...
[PSYCHOLOGY] | YouTube  | [Normal]     | 56%    |   11.9ms | they tell you everything...
[ENTERTAINM] | YouTube  | [Normal]     | 96%    |   10.3ms | New member...
[MUSIC/CHIL] | YouTube  | [Normal]     | 97%    |   75.6ms | These fakes love me :face_with_tears_of_...
[GAMING/GAM] | YouTube  | [Normal]     | 81%    |   58.4ms | In the toilet...
[GAMING/GAM] | YouTube  | [Normal]     | 89%    |    9.1ms | not the spleen...
[ENTERTAINM] | YouTube  | [Normal]     | 96%    |   12.9ms | New member...
[GAMING/GAM] | YouTube  | [Normal]     | 95%    |   11.8ms | EWWW...
[ENTERTAINM] | YouTube  | [Normal]     | 97%    |    9.7ms | It's been such a short time  I remember ...
[NEWS/LIVE ] | YouTube  | [Normal]     | 90%    |    9.1ms | BLACK FATIGUE EVEN HIS PARENTS...
[GAMING/GAM] | YouTube  | [Normal]     | 94%    |   11.0ms | banned by DNA FOR LIFE...
[ENTERTAINM] | YouTube  | [Normal]     | 96%    |    9.5ms | HIIIIIII...
[ENTERTAINM] | YouTube  | [Normal]     | 96%    |   18.0ms | Jimmyyyyyy i love you...
[ENTERTAINM] | YouTube  | [Normal]     | 97%    |   15.8ms | I subscribe to all channels great work...
[ENTERTAINM] | YouTube  | [Normal]     | 96%    |   13.0ms | 500 mil :partying_face::partying_face::p...
[GAMING/GAM] | YouTube  | [Normal]     | 93%    |    9.0ms | E...
[ENTERTAINM] | YouTube  | [Normal]     | 89%    |   12.0ms | Yoooo...
[GAMING/GAM] | YouTube  | [Normal]     | 93%    |   10.0ms | hey bud...
[ENTERTAINM] | YouTube  | [Normal]     | 93%    |   10.2ms | SON...
[ENTERTAINM] | YouTube  | [Normal]     | 92%    |    9.6ms | help me...
[PSYCHOLOGY] | YouTube  | [Normal]     | 95%    |   10.5ms | true crime investigation belgium...
[ENTERTAINM] | YouTube  | [Normal]     | 97%    |   13.2ms | tomorrow is my birthday :red_heart:...
[GAMING/GAM] | YouTube  | [Normal]     | 82%    |   14.1ms | what next  banning their lungs????...
[GAMING/GAM] | YouTube  | [Normal]     | 96%    |   12.6ms | PURSE IN BUSINESS IS DIFFERENT COLOR...
[ENTERTAINM] | YouTube  | [Normal]     | 97%    |   12.0ms | happy 500 million subscribers:elbowcough...
[ENTERTAINM] | YouTube  | [Normal]     | 93%    |   10.6ms | hhhh...
[ENTERTAINM] | YouTube  | [Normal]     | 97%    |   11.0ms | Greetings from Mongolia...
[GAMING/GAM] | YouTube  | [Normal]     | 97%    |   19.0ms | MARK  THERE'S A MAN IN THE TOP LEFT!! HE...
[GAMING/GAM] | YouTube  | [Normal]     | 96%    |   11.1ms | B CLASS EXTRA COMPARTMENT...
[ENTERTAINM] | YouTube  | [Normal]     | 94%    |   13.6ms | Congratulations !!!!!!!!!!...
[ENTERTAINM] | YouTube  | [Normal]     | 98%    |   18.6ms | :sports_medal::sports_medal::sports_meda...
[NEWS/LIVE ] | YouTube  | [Normal]     | 97%    |   10.0ms | :people_hugging:...
[ENTERTAINM] | YouTube  | [Normal]     | 98%    |   15.1ms | :red_heart::red_heart::red_heart::red_he...
[ENTERTAINM] | YouTube  | [Normal]     | 94%    |    8.0ms | hey beast how can I become a member...
[GAMING/SUR] | YouTube  | [Normal]     | 97%    |   32.6ms | Eat a FOODS...
[GAMING/GAM] | YouTube  | [Normal]     | 96%    |   32.1ms | wait extra donuts???...
[GAMING/GAM] | YouTube  | [Normal]     | 98%    |   64.0ms | Mark  I'm am such a big fan of your chan...
[PSYCHOLOGY] | YouTube  | [Normal]     | 87%    |  127.1ms | how do i embrace my feelings when my dar...
[ENTERTAINM] | YouTube  | [Normal]     | 91%    |   12.0ms | Peanut is insane when he streams  that g...
[GAMING/SUR] | YouTube  | [Normal]     | 93%    |   14.0ms | Front drop off box...
[MUSIC/CHIL] | YouTube  | [Normal]     | 97%    |   22.0ms | ha wo baat krega kis se or nazar rhega k...
[ENTERTAINM] | YouTube  | [Normal]     | 96%    |   13.5ms | kto z Polski...
[GAMING/GAM] | YouTube  | [Normal]     | 96%    |   12.0ms | Cup on business chair...
[ENTERTAINM] | YouTube  | [Normal]     | 95%    |   10.0ms | said hi...
[ENTERTAINM] | YouTube  | [Normal]     | 91%    |   10.0ms | @MrBeast how’s your day?...
[ENTERTAINM] | YouTube  | [Normal]     | 97%    |   12.5ms | I love you so much Mr Beast  I am From M...
[GAMING/GAM] | YouTube  | [Normal]     | 97%    |   12.6ms | PILOT CABIN SEATS...
[GAMING/GAM] | YouTube  | [Normal]     | 96%    |   13.5ms | Window ice?...
[ENTERTAINM] | YouTube  | [Normal]     | 96%    |   15.4ms | na he is getting a billion in the upcomi...
[ENTERTAINM] | YouTube  | [Normal]     | 97%    |   13.0ms | Jimmy  we need another beast games :hand...
[ENTERTAINM] | YouTube  | [Normal]     | 96%    |   11.0ms | @MrBeast Jimmy  my iPhone 8 is broken  b...
[GAMING/GAM] | YouTube  | [Normal]     | 86%    |   10.0ms | banana...
[GAMING/GAM] | YouTube  | [Normal]     | 97%    |   14.4ms | Lights on floor...
[MUSIC/CHIL] | YouTube  | [Normal]     | 97%    |   16.3ms | :face_exhaling::green_heart:...
[PSYCHOLOGY] | YouTube  | [Normal]     | 88%    |   11.5ms | sensitive...
[ENTERTAINM] | YouTube  | [Normal]     | 96%    |   10.1ms | New member...
[PSYCHOLOGY] | YouTube  | [Normal]     | 91%    |   12.6ms | Yeah it is relatable too xD...
[ENTERTAINM] | YouTube  | [Normal]     | 96%    |   16.3ms | What is your best video yet?...
[SELF-HELP/] | YouTube  | [Normal]     | 96%    |   17.0ms | How do u know if a problem u r thinking ...
[ENTERTAINM] | YouTube  | [Normal]     | 97%    |   11.6ms | :text-green-game-over::text-green-game-o...
[ENTERTAINM] | YouTube  | [Normal]     | 97%    |   12.0ms | love from Pakistan...
[ENTERTAINM] | YouTube  | [Normal]     | 90%    |   13.0ms | yoooooo...
[ENTERTAINM] | YouTube  | [Normal]     | 96%    |   14.1ms | I love you Jimmy from Thailand...
[GAMING/SUR] | YouTube  | [Normal]     | 95%    |   13.0ms | There’s one in your inventory...
[GAMING/SUR] | YouTube  | [Normal]     | 73%    |   10.0ms | hutch scrap them...
[SELF-HELP/] | YouTube  | [Normal]     | 97%    |   10.0ms | prioritizing helped me personally and fo...
[GAMING/GAM] | YouTube  | [Normal]     | 97%    |   10.0ms | bann the anomaly!! :magic_wand:...
[GAMING/GAM] | YouTube  | [Normal]     | 94%    |   57.5ms | How many Anas just got banned?...
[GAMING/GAM] | YouTube  | [Normal]     | 94%    |   74.6ms | Hi...
[GAMING/GAM] | YouTube  | [Normal]     | 98%    |    8.0ms | green light...
[PSYCHOLOGY] | YouTube  | [Normal]     | 63%    |   10.0ms | yes  and Belgium should make him the new...
[ENTERTAINM] | YouTube  | [Normal]     | 94%    |   14.5ms | Hey jimmy can you send me a 2000$ so i c...
[GAMING/SUR] | YouTube  | [Normal]     | 95%    |    8.0ms | HOLY COMPS...
[ENTERTAINM] | YouTube  | [Normal]     | 93%    |   10.6ms | here since the pewdiepiew vs tseries era...
[GAMING/GAM] | YouTube  | [Normal]     | 92%    |   10.7ms | Man in window at the gate...
[ENTERTAINM] | YouTube  | [Normal]     | 98%    |   13.0ms | :warning:Jake the Viking:warning:...
[GAMING/GAM] | YouTube  | [Normal]     | 87%    |   11.4ms | Banned...
[ENTERTAINM] | YouTube  | [Normal]     | 96%    |   13.0ms | 500million...
[GAMING/GAM] | YouTube  | [Normal]     | 92%    |   15.0ms | just got home from work glad to spend my...
[GAMING/GAM] | YouTube  | [Normal]     | 97%    |   10.5ms | MARK THE BANANAS OVER-RIPE...
[GAMING/GAM] | YouTube  | [Normal]     | 87%    |   11.1ms | banned...
[GAMING/GAM] | YouTube  | [Normal]     | 91%    |   12.5ms | was there always shoes beneath the seat ...
[GAMING/SUR] | YouTube  | [Normal]     | 69%    |    9.6ms | you can authorise them...
[GAMING/GAM] | YouTube  | [Normal]     | 82%    |   15.1ms | can't tell if im seeing things or if my ...
[GAMING/GAM] | YouTube  | [Normal]     | 91%    |   11.2ms | Noooo...
[ENTERTAINM] | YouTube  | [Normal]     | 97%    |   10.8ms | I was here!...
[GAMING/GAM] | YouTube  | [Normal]     | 96%    |   18.5ms | entrance: distorted camera maybe?...
[GAMING/GAM] | YouTube  | [Normal]     | 97%    |   11.6ms | was the floor light always green...
[GAMING/GAM] | YouTube  | [Normal]     | 93%    |   14.7ms | exit sign buisness...
[SELF-HELP/] | YouTube  | [Normal]     | 93%    |   19.8ms | @loban_88 yes...
[ENTERTAINM] | YouTube  | [Normal]     | 94%    |   10.5ms | Hlooooooooooooooooooooooooooooooooo........
[PSYCHOLOGY] | YouTube  | [Normal]     | 96%    |   17.1ms | Ezio blade that's not just men tbh...
[GAMING/GAM] | YouTube  | [Normal]     | 96%    |   13.1ms | #1 :finger-red-number-one:...
[ENTERTAINM] | YouTube  | [Normal]     | 87%    |   14.6ms | @MrBeast could you do an awsome video li...
[ENTERTAINM] | YouTube  | [Normal]     | 94%    |   13.0ms | love you from Bangladesh :white_heart::s...
[GAMING/GAM] | YouTube  | [Normal]     | 80%    |   14.0ms | “We got caseoh at home”...
[GAMING/ESP] | YouTube  | [Normal]     | 98%    |   17.6ms | :trophy-yellow-smiling::trophy-yellow-sm...
[GAMING/GAM] | YouTube  | [Normal]     | 97%    |   13.7ms | Was there a suitcase in the entryway? Th...
[SELF-HELP/] | YouTube  | [OFFENSIVE]  | 45%    |   62.9ms | So what happens  you morph into final fo...
[GAMING/SUR] | YouTube  | [Normal]     | 76%    |   55.0ms | never beating those fat allegations...
[GAMING/GAM] | YouTube  | [Normal]     | 86%    |    8.0ms | toilet changed...
[ENTERTAINM] | YouTube  | [Normal]     | 94%    |    7.6ms | W channel...
[PSYCHOLOGY] | YouTube  | [Normal]     | 96%    |   18.0ms | I practice by walking in the rain to get...
[GAMING/SUR] | YouTube  | [Normal]     | 51%    |   12.0ms | i think they ment thank you...
[GAMING/GAM] | YouTube  | [Normal]     | 95%    |   12.2ms | WHAT?...
[GAMING/GAM] | YouTube  | [Normal]     | 97%    |   13.0ms | THE AIRPORT CHARTS...
[GAMING/GAM] | YouTube  | [Normal]     | 96%    |   14.5ms | We can see the light!!!...
[ENTERTAINM] | YouTube  | [Normal]     | 85%    |   15.0ms | if you be 500million subscriber how do y...
[GAMING/GAM] | YouTube  | [Normal]     | 94%    |   12.0ms | The case on the hall thing...
[GAMING/GAM] | YouTube  | [Normal]     | 98%    |    9.5ms | ive said the calendar like three times...
[PSYCHOLOGY] | YouTube  | [Normal]     | 90%    |   12.6ms | hahaha  well im kinda vibing too myself...
[GAMING/TOU] | Twitch   | [Normal]     | 92%    |   12.0ms | Ricbor è l'amico che fa finta di essere ...
[GAMING/TOU] | Twitch   | [Normal]     | 95%    |   15.6ms | da 5 punti in 4 a 225 in 8 CRAZY...
[GAMING/TOU] | Twitch   | [Normal]     | 94%    |   10.5ms | @TroppoFlame16 è un problema che ha ahah...
[GAMING/TOU] | Twitch   | [Normal]     | 98%    |   14.1ms | 10k bits so tipo 100 euro...
[GAMING/TOU] | Twitch   | [Normal]     | 97%    |   13.0ms | @stasenzpensier1 bye bye...
[GAMING/TOU] | Twitch   | [Normal]     | 95%    |    9.0ms | pred in...
[VALORANT/G] | Twitch   | [Normal]     | 97%    |   12.6ms | VALORANT Masters London | Playoffs | BO3...
[VALORANT/G] | Twitch   | [Normal]     | 94%    |    8.0ms | !games...
[VALORANT/G] | Twitch   | [Normal]     | 96%    |    9.5ms | 50/50...
[VALORANT/G] | Twitch   | [Normal]     | 96%    |    9.9ms | jame time...
[VALORANT/G] | Twitch   | [Normal]     | 96%    |   12.5ms | Jame time...
[VALORANT/G] | Twitch   | [Normal]     | 96%    |   14.1ms | jame time...
[GAMING/DAR] | Twitch   | [Normal]     | 97%    |   18.0ms | dreamcast1992  You drag the traps out of...
[GAMING/DAR] | Twitch   | [Normal]     | 92%    |   14.1ms | Wait that's the wrong one...
[RELATIONSH] | Twitch   | [Normal]     | 94%    |   10.0ms | wake always goes all out in the skits. h...
[VALORANT/G] | Twitch   | [Normal]     | 95%    |   11.0ms | it’s just map 1...
[RELATIONSH] | Twitch   | [Normal]     | 80%    |   12.0ms | "objection the questions way too good" -...
[RELATIONSH] | Twitch   | [Normal]     | 96%    |   10.0ms | COPIUM...
[VALORANT/G] | Twitch   | [Normal]     | 96%    |   92.8ms | LOL...
[RELATIONSH] | Twitch   | [Normal]     | 94%    |   13.1ms | om...
[RELATIONSH] | Twitch   | [Normal]     | 92%    |   10.0ms | CAN WE GET A CINNA COLLAB...
[RELATIONSH] | Twitch   | [Normal]     | 93%    |   10.5ms | YEP...
[RELATIONSH] | Twitch   | [Normal]     | 92%    |    9.6ms | brother  we can see it...
[RELATIONSH] | Twitch   | [Normal]     | 96%    |   13.5ms | 35% off subs TREASURE TRAIN orophiALERT...
[VALORANT/G] | Twitch   | [OFFENSIVE]  | 79%    |   15.0ms | ez as fuck emea washed region right?...
[VALORANT/G] | Twitch   | [Normal]     | 95%    |   10.5ms | YUTEGOAT...
[RELATIONSH] | Twitch   | [Normal]     | 93%    |   13.0ms | OOOO...
[RELATIONSH] | Twitch   | [Normal]     | 96%    |   10.0ms | Cheers...
[RELATIONSH] | Twitch   | [Normal]     | 97%    |   12.1ms | gtr wrap?...
[VALORANT/G] | Twitch   | [Normal]     | 93%    |   13.0ms | EDG 加油！...
[RELATIONSH] | Twitch   | [Normal]     | 97%    |   15.5ms | ANY GIFTAS? TriHard FBCatch 🎁 IT'S 35% O...
[RELATIONSH] | Twitch   | [Normal]     | 96%    |   14.0ms | 35% off subs TREASURE TRAIN orophiALERT...
[RELATIONSH] | Twitch   | [Normal]     | 97%    |   11.0ms | ciurt cae...
[GAMING/DAR] | Twitch   | [Normal]     | 92%    |   12.0ms | Yeah...
[RELATIONSH] | Twitch   | [Normal]     | 92%    |   11.5ms | Amy gifters...
[RELATIONSH] | Twitch   | [Normal]     | 93%    |   13.0ms | OOOO...
[RELATIONSH] | Twitch   | [Normal]     | 93%    |   13.0ms | Jammies...
[RELATIONSH] | Twitch   | [Normal]     | 92%    |   11.0ms | WW...
[VALORANT/G] | Twitch   | [Normal]     | 94%    |   15.6ms | @mimi_gma nuh uh cwdevaActually...
[RELATIONSH] | Twitch   | [Normal]     | 82%    |   15.0ms | What a phisyq...
[RELATIONSH] | Twitch   | [Normal]     | 92%    |   12.0ms | jebiatedD...
[VALORANT/G] | Twitch   | [Normal]     | 94%    |   10.6ms | @rajasawit same guy broke the bo5 kill r...
[RELATIONSH] | Twitch   | [Normal]     | 92%    |    8.0ms | WW...
[RELATIONSH] | Twitch   | [Normal]     | 93%    |   14.5ms | hey nick @nmplol...
[RELATIONSH] | Twitch   | [Normal]     | 93%    |    8.0ms | OOOO...
[RELATIONSH] | Twitch   | [Normal]     | 64%    |   10.6ms | yes Sadge...
[RELATIONSH] | Twitch   | [Normal]     | 97%    |   11.1ms | any roadtrip stream soon? @Nmplol...
[RELATIONSH] | Twitch   | [Normal]     | 86%    |   11.1ms | yo...
[RELATIONSH] | Twitch   | [Normal]     | 96%    |    9.8ms | DANCE DANCE DANCE...
[RELATIONSH] | Twitch   | [Normal]     | 72%    |   16.4ms | He's gonna blow a gasket...
[RELATIONSH] | Twitch   | [Normal]     | 96%    |   69.5ms | we need a new dance...
[RELATIONSH] | Twitch   | [Normal]     | 96%    |   70.7ms | exemSturdy exemFloss exemSturdy...
[GAMING/DAR] | Twitch   | [Normal]     | 92%    |    8.5ms | Well yeah...
[RELATIONSH] | Twitch   | [Normal]     | 95%    |   11.5ms | TriHard FBCatch...
[RELATIONSH] | Twitch   | [Normal]     | 98%    |   18.1ms | TriHard FBCatch HolidayPresent ANY GIFTA...
[RELATIONSH] | Twitch   | [Normal]     | 98%    |   16.0ms | TriHard FBCatch HolidayPresent ANY GIFTA...
[RELATIONSH] | Twitch   | [Normal]     | 95%    |    7.0ms | Any gifters <3 HolidayPresent...
[RELATIONSH] | Twitch   | [Normal]     | 93%    |    7.0ms | mhm...
[RELATIONSH] | Twitch   | [Normal]     | 93%    |   11.5ms | 50 reasons ͏...
[RELATIONSH] | Twitch   | [Normal]     | 97%    |   12.6ms | s/o HENRY LOL LOL...
[RELATIONSH] | Twitch   | [Normal]     | 94%    |   10.0ms | OOF...
[RELATIONSH] | Twitch   | [Normal]     | 96%    |   10.6ms | LUL...
[RELATIONSH] | Twitch   | [Normal]     | 89%    |   16.5ms | nmpRiding nmpRiding nmpRiding...
[ENTERTAINM] | Twitch   | [Normal]     | 87%    |   12.1ms | NotLikeThis...
[RELATIONSH] | Twitch   | [Normal]     | 94%    |   12.1ms | om...
[RELATIONSH] | Twitch   | [Normal]     | 96%    |   11.0ms | Arther is cooked...
[RELATIONSH] | Twitch   | [Normal]     | 91%    |    9.6ms | CAUGHT...
[RELATIONSH] | Twitch   | [Normal]     | 94%    |   10.0ms | o7...
[ENTERTAINM] | Twitch   | [Normal]     | 95%    |   12.0ms | It's more a quizz than a riddle  so diff...
[RELATIONSH] | Twitch   | [Normal]     | 96%    |   13.1ms | monkaLaugh...
[RELATIONSH] | Twitch   | [Normal]     | 94%    |   11.0ms | o7...
[RELATIONSH] | Twitch   | [Normal]     | 95%    |   10.2ms | ICANT...
[RELATIONSH] | Twitch   | [Normal]     | 96%    |   13.0ms | davay in deutsch...
[RELATIONSH] | Twitch   | [Normal]     | 95%    |   10.0ms | its not saved LOL...
[RELATIONSH] | Twitch   | [Normal]     | 88%    |    8.5ms | keep digging...
[RELATIONSH] | Twitch   | [Normal]     | 95%    |   10.0ms | ??...
[RELATIONSH] | Twitch   | [Normal]     | 94%    |    9.6ms | om...
[RELATIONSH] | Twitch   | [Normal]     | 96%    |   11.3ms | OMEGALUL...
[ENTERTAINM] | Twitch   | [Normal]     | 96%    |   10.5ms | LUL...
[RELATIONSH] | Twitch   | [Normal]     | 97%    |    9.0ms | eyebrows LMAO...
[RELATIONSH] | Twitch   | [Normal]     | 89%    |   10.0ms | Sure confused...
[ENTERTAINM] | Twitch   | [Normal]     | 93%    |   64.5ms | CoolStoryBob...
[RELATIONSH] | Twitch   | [Normal]     | 97%    |   99.5ms | MONKA...
[ENTERTAINM] | Twitch   | [Normal]     | 54%    |    9.4ms | Tell her to speak in portuguese...
[RELATIONSH] | Twitch   | [Normal]     | 95%    |   10.1ms | AHAHAHA...
[RELATIONSH] | Twitch   | [Normal]     | 94%    |   11.3ms | o7...
[RELATIONSH] | Twitch   | [Normal]     | 96%    |   13.0ms | she used the voice gg...
[RELATIONSH] | Twitch   | [Normal]     | 93%    |   13.6ms | this is intense than the court...
[RELATIONSH] | Twitch   | [Normal]     | 94%    |   10.0ms | o7...
[ENTERTAINM] | Twitch   | [Normal]     | 89%    |   12.0ms | run...
[ENTERTAINM] | Twitch   | [Normal]     | 94%    |    9.0ms | Kappa...
[RELATIONSH] | Twitch   | [Normal]     | 94%    |   13.0ms | o7...
[RELATIONSH] | Twitch   | [Normal]     | 94%    |   13.6ms | o7...
[RELATIONSH] | Twitch   | [Normal]     | 86%    |   15.7ms | so awkward...
[RELATIONSH] | Twitch   | [Normal]     | 97%    |   11.5ms | MONKA...
[RELATIONSH] | Twitch   | [Normal]     | 79%    |   11.0ms | anal...
[RELATIONSH] | Twitch   | [Normal]     | 83%    |   10.9ms | Poor arthur...
[RELATIONSH] | Twitch   | [Normal]     | 95%    |    8.1ms | Yeah o7...
[RELATIONSH] | Twitch   | [Normal]     | 88%    |    9.0ms | !hide...
[RELATIONSH] | Twitch   | [Normal]     | 94%    |    9.2ms | o7...
[RELATIONSH] | Twitch   | [Normal]     | 94%    |   10.0ms | o7...
[ENTERTAINM] | Twitch   | [Normal]     | 83%    |   15.0ms | nobody knows what she is saying :(...
[RELATIONSH] | Twitch   | [Normal]     | 92%    |   11.0ms | HUH...
[RELATIONSH] | Twitch   | [Normal]     | 92%    |   12.0ms | HUH...
[RELATIONSH] | Twitch   | [Normal]     | 94%    |   13.0ms | MIGHT WANNA SAVE THIS...
[ENTERTAINM] | Twitch   | [Normal]     | 93%    |   10.0ms | YES...
[RELATIONSH] | Twitch   | [Normal]     | 92%    |   14.8ms | HUH...
[ENTERTAINM] | Twitch   | [Normal]     | 84%    |   13.0ms | let'd goo...
[RELATIONSH] | Twitch   | [Normal]     | 95%    |   13.0ms | nmpStop...
[RELATIONSH] | Twitch   | [Normal]     | 95%    |   12.0ms | Welcome back to the nice guys yamamoto18...
[RELATIONSH] | Twitch   | [Normal]     | 95%    |   10.6ms | DRAMA...
[RELATIONSH] | Twitch   | [Normal]     | 96%    |   11.0ms | ABORT MISSION...
[ENTERTAINM] | Twitch   | [Normal]     | 97%    |  105.9ms | soon? tonight?...
[RELATIONSH] | Twitch   | [Normal]     | 95%    |   68.2ms | monkaLaugh uh oh monkaLaugh uh oh monkaL...
[RELATIONSH] | Twitch   | [Normal]     | 94%    |    9.6ms | hesRight...
[RELATIONSH] | Twitch   | [Normal]     | 94%    |    9.0ms | o7...
[RELATIONSH] | Twitch   | [Normal]     | 94%    |   14.9ms | Nicks face LMAOOOOOOOOOO...
[RELATIONSH] | Twitch   | [Normal]     | 88%    |   15.1ms | peepoBlush girll...
[RELATIONSH] | Twitch   | [Normal]     | 95%    |   10.1ms | careful arther...
[RELATIONSH] | Twitch   | [Normal]     | 94%    |   10.1ms | o7...
[RELATIONSH] | Twitch   | [Normal]     | 70%    |    7.5ms | let her cook...
[RELATIONSH] | Twitch   | [Normal]     | 86%    |   10.0ms | maybe we need to stop this...
[RELATIONSH] | Twitch   | [Normal]     | 94%    |   12.0ms | o7...
[RELATIONSH] | Twitch   | [Normal]     | 93%    |    9.5ms | gg...
[RELATIONSH] | Twitch   | [Normal]     | 96%    |   13.3ms | exemClap exemClap exemClap...
[RELATIONSH] | Twitch   | [Normal]     | 94%    |   11.0ms | o7 ͏...
[ENTERTAINM] | Twitch   | [Normal]     | 97%    |   11.6ms | Slow cooking lol...
[RELATIONSH] | Twitch   | [Normal]     | 95%    |   11.5ms | so many cables...
[RELATIONSH] | Twitch   | [Normal]     | 93%    |   10.1ms | mhm...
[RELATIONSH] | Twitch   | [Normal]     | 96%    |   11.7ms | LUL...
[RELATIONSH] | Twitch   | [Normal]     | 94%    |   16.9ms | om...
[RELATIONSH] | Twitch   | [Normal]     | 96%    |   13.3ms | lmfao...
[RELATIONSH] | Twitch   | [Normal]     | 95%    |   10.5ms | OMEGALUL DEAN...
[RELATIONSH] | Twitch   | [Normal]     | 93%    |   14.9ms | mhm...
[RELATIONSH] | Twitch   | [Normal]     | 94%    |   11.5ms | om...
