---- STARTING OMNI-PROCESSOR ----
-> Connected to Elasticsearch at http://172.16.10.94:9200 | Index: perf_20261002-135929_clu_vm24_onenode_r3
-> Loading model from /home/ubuntu/hsp/src/../models/bert_final on cpu...
-> BERT Model Loaded successfully.
-> Benchmark log: /home/ubuntu/hsp/reports/scaling/20261002-135929_clu_vm24_onenode_r3/bench_vm2_1.csv | node vm2 | group g_20261002-135929_clu_vm24_onenode_r3
------------------------------------------------------------------------------------------------------------------------
DOMAIN       | SOURCE   | PREDICTION   | CONF.  | LATENCY  | TEXT
------------------------------------------------------------------------------------------------------------------------
[NEWS/LIVE ] | YouTube  | [Normal]     | 95%    |  108.8ms | I mistyped because I have BIG hands lol...
[SELF-HELP/] | YouTube  | [Normal]     | 97%    |   95.1ms | I'm on a plane...
[NEWS/LIVE ] | YouTube  | [Normal]     | 94%    |   98.0ms | so the best thing is the worst? hmm:cat-...
[GAMING/SUR] | YouTube  | [Normal]     | 86%    |   72.9ms | Yo...
[GAMING/SUR] | YouTube  | [Normal]     | 93%    |   91.7ms | LETS GO!!!...
[GAMING/SUR] | YouTube  | [Normal]     | 96%    |  181.0ms | :thumbs_up::thumbs_up::thumbs_up::thumbs...
[GAMING/SUR] | YouTube  | [Normal]     | 90%    |   93.6ms | why are you all so early?...
[MUSIC/CHIL] | YouTube  | [Normal]     | 97%    |  140.6ms | shivu apun k papa mujko wada ki h shivu ...
[GAMING/SUR] | YouTube  | [Normal]     | 93%    |  309.5ms | :elbowcough::elbowcough::elbowcough::elb...
[SELF-HELP/] | YouTube  | [Normal]     | 94%    |   75.4ms | domestic flight ye...
[GAMING/SUR] | YouTube  | [Normal]     | 96%    |   71.0ms | Happy birthday peanut...
[GAMING/SUR] | YouTube  | [HATE]       | 52%    |  212.9ms | PEANUTS STREAMINGGGGGG:face-fuchsia-tong...
[GAMING/SUR] | YouTube  | [Normal]     | 97%    |   89.1ms | Happy birthday Peanut!!!!...
[GAMING/SUR] | YouTube  | [Normal]     | 94%    |  131.9ms | :ok_hand::ok_hand::ok_hand::thumbs_up::t...
[GAMING/SUR] | YouTube  | [Normal]     | 98%    |  123.3ms | :peanuts::peanuts::peanuts::peanuts::pea...
[GAMING/SUR] | YouTube  | [Normal]     | 96%    |   74.4ms | Great song...
[PSYCHOLOGY] | YouTube  | [Normal]     | 88%    |   80.0ms | Woo...
[MUSIC/CHIL] | YouTube  | [Normal]     | 98%    |  140.0ms | muje tu bhi kabhi kabhi lgta pgl ashiqq ...
[GAMING/SUR] | YouTube  | [Normal]     | 97%    |  105.8ms | :crown::crown: LONG LIVE THE KING PEANUT...
[GAMING/SUR] | YouTube  | [Normal]     | 56%    |   82.8ms | ILl ALLoW IT...
[GAMING/SUR] | YouTube  | [Normal]     | 97%    |  101.1ms | Happy birthday Peanut!!!!...
[GAMING/SUR] | YouTube  | [Normal]     | 93%    |   86.6ms | Gingy and Rouge did 20 Hours...
[GAMING/SUR] | YouTube  | [Normal]     | 97%    |   65.4ms | 19 hours...
[GAMING/SUR] | YouTube  | [Normal]     | 92%    |  108.9ms | got off an hr before u got on...
[GAMING/SUR] | YouTube  | [Normal]     | 96%    |   96.5ms | CREAM OF SUM YOUNG GUY...
[NEWS/LIVE ] | YouTube  | [Normal]     | 43%    |  139.3ms | Ok how about the poor dig a hole or make...
[MUSIC/CHIL] | YouTube  | [Normal]     | 97%    |  101.9ms | Ayeee :smiling_face_with_sunglasses:...
[MUSIC/CHIL] | YouTube  | [OFFENSIVE]  | 93%    |  157.5ms | Aha....Don't defame my name by taking my...
[MUSIC/CHIL] | YouTube  | [Normal]     | 94%    |   80.4ms | hi...
[GAMING/SUR] | YouTube  | [Normal]     | 91%    |   95.3ms | he closed it...
[GAMING/SUR] | YouTube  | [OFFENSIVE]  | 90%    |   92.0ms | fuckin delerious LOL...
[GAMING/SUR] | YouTube  | [Normal]     | 91%    |   94.3ms | h2o no way...
[GAMING/SUR] | YouTube  | [OFFENSIVE]  | 35%    |  105.2ms | my OG GOAT GAMER H20!...
[MUSIC/CHIL] | YouTube  | [Normal]     | 97%    |  121.6ms | :hot_beverage::musical_notes::ok_hand:...
[GAMING/SUR] | YouTube  | [Normal]     | 91%    |   95.9ms | he is a fucking legend...
[GAMING/SUR] | YouTube  | [Normal]     | 84%    |   87.0ms | close the gate...
[GAMING/SUR] | YouTube  | [Normal]     | 96%    |   81.4ms | !peanuts...
[GAMING/SUR] | YouTube  | [Normal]     | 81%    |   98.4ms | h20 my kinggg...
[NEWS/LIVE ] | YouTube  | [Normal]     | 80%    |  109.4ms | Pete doesnt care what God you support in...
[MUSIC/CHIL] | YouTube  | [Normal]     | 95%    |   98.3ms | what so :briefs::duck:...
[MUSIC/CHIL] | YouTube  | [Normal]     | 97%    |  166.7ms | D same dialogue cheppi force chesthe vac...
[NEWS/LIVE ] | YouTube  | [Normal]     | 89%    |  124.0ms | you know it's 2026 this world is like la...
[GAMING/SUR] | YouTube  | [Normal]     | 64%    |  106.7ms | Dubl’n up the zyn is sick...
[GAMING/SUR] | YouTube  | [Normal]     | 96%    |   94.5ms | ground floor I think...
[GAMING/SUR] | YouTube  | [Normal]     | 85%    |   88.8ms | KEEP GOING DOWN...
[GAMING/SUR] | YouTube  | [Normal]     | 69%    |   95.2ms | battleShits...
[GAMING/SUR] | YouTube  | [Normal]     | 95%    |   75.8ms | train car...
[SELF-HELP/] | YouTube  | [Normal]     | 92%    |   94.7ms | oh no the bonk continues...
[NEWS/LIVE ] | YouTube  | [Normal]     | 49%    |  114.7ms | that's a yes to feminist:face-green-smil...
[NEWS/LIVE ] | YouTube  | [Normal]     | 97%    |  121.9ms | :people_hugging: :hugging_face: :open_ha...
[GAMING/SUR] | YouTube  | [Normal]     | 96%    |   85.1ms | OG H2O...
[GAMING/SUR] | YouTube  | [Normal]     | 97%    |   91.6ms | 500 ON RED P~!!...
[GAMING/SUR] | YouTube  | [Normal]     | 95%    |   88.1ms | H2O...
[GAMING/SUR] | YouTube  | [Normal]     | 94%    |   79.8ms | 5...
[GAMING/SUR] | YouTube  | [Normal]     | 94%    |   76.8ms | 3...
[GAMING/SUR] | YouTube  | [Normal]     | 94%    |   98.9ms | no way h20 is there lmao...
[GAMING/SUR] | YouTube  | [Normal]     | 93%    |   74.5ms | clip it...
[GAMING/SUR] | YouTube  | [Normal]     | 76%    |  103.3ms | Can’t loot him it’s in a safe zone...
[MUSIC/CHIL] | YouTube  | [Normal]     | 93%    |  105.2ms | shikha basically i don't eat   certainly...
[MUSIC/CHIL] | YouTube  | [Normal]     | 97%    |  191.9ms | @Dreamon_888 hi   how are you ? :backhan...
[GAMING/SUR] | YouTube  | [Normal]     | 88%    |  110.2ms | blavkjack super rigged on rust...
[GAMING/SUR] | YouTube  | [Normal]     | 87%    |   98.5ms | that was you  not winning...
[GAMING/SUR] | YouTube  | [Normal]     | 94%    |   90.4ms | it was a 4 bro...
[GAMING/SUR] | YouTube  | [Normal]     | 96%    |   78.2ms | lol...
[GAMING/SUR] | YouTube  | [Normal]     | 84%    |   80.4ms | It’s rigged...
[MUSIC/CHIL] | YouTube  | [Normal]     | 70%    |  103.3ms | she is asking do u eat wtf...
[GAMING/ESP] | YouTube  | [Normal]     | 94%    |  100.1ms | :moai:...
[GAMING/SUR] | YouTube  | [Normal]     | 96%    |   84.1ms | Alll in...
[GAMING/SUR] | YouTube  | [Normal]     | 96%    |  124.2ms | bit.ly/EA_-The-ytlscb-na #ad...
[GAMING/SUR] | YouTube  | [Normal]     | 71%    |  126.1ms | NOOOOOOOOOOOOOOOOOOOOOOOOOO...
[GAMING/SUR] | YouTube  | [Normal]     | 95%    |  107.0ms | LMAO FFFFFFFFFFFFFFFFF...
[GAMING/SUR] | YouTube  | [Normal]     | 95%    |  121.5ms | back to oil rig!!!!!!!!!!!!...
[GAMING/SUR] | YouTube  | [Normal]     | 92%    |  110.6ms | Can we get the mortgage to bet on...
[MUSIC/CHIL] | YouTube  | [Normal]     | 96%    |   91.5ms | bnane chali gayi?...
[GAMING/SUR] | YouTube  | [Normal]     | 74%    |   92.2ms | you wouldve lost anyways...
[GAMING/SUR] | YouTube  | [Normal]     | 95%    |   89.7ms | i knew this would happen with these 2...
[SELF-HELP/] | YouTube  | [Normal]     | 95%    |  106.0ms | Hi Dr k:winking_face:...
[GAMING/SUR] | YouTube  | [Normal]     | 94%    |   69.1ms | 5...
[MUSIC/CHIL] | YouTube  | [Normal]     | 96%    |   85.5ms | .....
[GAMING/SUR] | YouTube  | [Normal]     | 86%    |   86.5ms | going bust in rust...
[MUSIC/CHIL] | YouTube  | [Normal]     | 97%    |  140.3ms | Ida :face_with_tears_of_joy::face_with_t...
[GAMING/SUR] | YouTube  | [Normal]     | 94%    |   96.4ms | 1...
[PSYCHOLOGY] | YouTube  | [Normal]     | 94%    |  103.5ms | hello. Jung will never die...
[GAMING/SUR] | YouTube  | [Normal]     | 97%    |  165.2ms | Peanut & Starforge PC's are partnered! C...
[MUSIC/CHIL] | YouTube  | [OFFENSIVE]  | 80%    |  119.7ms | shish sing wclm bro :smiling_face_with_t...
[GAMING/SUR] | YouTube  | [Normal]     | 88%    |  118.3ms | Rust can be a trivia game if you play it...
[GAMING/SUR] | YouTube  | [Normal]     | 92%    |   98.2ms | nah just gamble it all away...
[ENTERTAINM] | YouTube  | [Normal]     | 94%    |   86.3ms | hi...
[PSYCHOLOGY] | YouTube  | [Normal]     | 91%    |  102.1ms | but what do you mean by explain?...
[ENTERTAINM] | YouTube  | [Normal]     | 95%    |   88.0ms | HELLOOOOO...
[GAMING/GAM] | YouTube  | [Normal]     | 92%    |  102.4ms | this is gonna be so metal my lungs might...
[GAMING/SUR] | YouTube  | [OFFENSIVE]  | 52%    |   86.3ms | oh shit...
[GAMING/SUR] | YouTube  | [Normal]     | 92%    |  107.9ms | thaTS MIND FROM DIUNOS...
[ENTERTAINM] | YouTube  | [Normal]     | 95%    |   79.0ms | Congratulations...
[GAMING/SUR] | YouTube  | [Normal]     | 63%    |   91.4ms | TAKE IT TO GAMBLEEEE...
[ENTERTAINM] | YouTube  | [Normal]     | 94%    |   83.2ms | hi...
[ENTERTAINM] | YouTube  | [Normal]     | 95%    |  114.9ms | Здарова всем...
[ENTERTAINM] | YouTube  | [Normal]     | 93%    |   94.2ms | omg...
[ENTERTAINM] | YouTube  | [Normal]     | 97%    |  101.0ms | hi please give me an gift plz...
[GAMING/GAM] | YouTube  | [Normal]     | 95%    |   84.3ms | MARK...
[GAMING/GAM] | YouTube  | [Normal]     | 96%    |   90.0ms | hi mark...
[GAMING/GAM] | YouTube  | [Normal]     | 95%    |   81.3ms | HIII...
[GAMING/GAM] | YouTube  | [Normal]     | 94%    |   83.9ms | #1...
[MUSIC/CHIL] | YouTube  | [Normal]     | 95%    |  107.3ms | Stranger my net is not slow...
[MUSIC/CHIL] | YouTube  | [Normal]     | 95%    |  106.3ms | Chi na brathuku...
[GAMING/GAM] | YouTube  | [Normal]     | 97%    |   90.2ms | Welcome New Member!...
[PSYCHOLOGY] | YouTube  | [Normal]     | 97%    |   96.3ms | Dr. K needs a NAS...
[ENTERTAINM] | YouTube  | [Normal]     | 98%    |  100.3ms | hola espero que te encuentres bien...
[GAMING/SUR] | YouTube  | [Normal]     | 94%    |   60.5ms | Hello everybody...
[PSYCHOLOGY] | YouTube  | [Normal]     | 95%    |   71.3ms | a faaah moment from dr K...
[MUSIC/CHIL] | YouTube  | [Normal]     | 97%    |  120.0ms | mohit mujhe nii pata    friends Aapke he...
[ENTERTAINM] | YouTube  | [Normal]     | 96%    |   75.3ms | Jimmy  how does it feel to be rich...
[ENTERTAINM] | YouTube  | [Normal]     | 81%    |   61.7ms | UwU...
[GAMING/GAM] | YouTube  | [Normal]     | 97%    |   67.6ms | HIIIII...
[GAMING/GAM] | YouTube  | [Normal]     | 63%    |   70.9ms | GOING AGAIN THIS WEEKEND LES GOOOOO...
[ENTERTAINM] | YouTube  | [Normal]     | 93%    |   69.7ms | 와우...
[GAMING/GAM] | YouTube  | [Normal]     | 94%    |   88.4ms | is that a DJI gimbal in the background o...
[GAMING/GAM] | YouTube  | [Normal]     | 98%    |   80.0ms | please please please release on streamin...
[ENTERTAINM] | YouTube  | [Normal]     | 86%    |   57.7ms | Yo...
[PSYCHOLOGY] | YouTube  | [Normal]     | 96%    |   75.9ms | nope only from the atlus game...
[GAMING/GAM] | YouTube  | [Normal]     | 98%    |  135.2ms | LFG MARKKKKK:cat-orange-whistling::cat-o...
[GAMING/SUR] | YouTube  | [Normal]     | 98%    |   68.6ms | mlb team for adam...
[GAMING/GAM] | YouTube  | [Normal]     | 92%    |  128.0ms | YOOOOO...
[ENTERTAINM] | YouTube  | [Normal]     | 95%    |  129.9ms | give me 10k$ please...
[GAMING/GAM] | YouTube  | [Normal]     | 96%    |  104.7ms | hi mark!!!...
[GAMING/SUR] | YouTube  | [Normal]     | 96%    |   96.8ms | wow Rogue must have had an hours sleep l...
[MUSIC/CHIL] | YouTube  | [OFFENSIVE]  | 51%    |   91.1ms | sick:woozy_face:...
[ENTERTAINM] | YouTube  | [Normal]     | 94%    |   58.1ms | hi...
[GAMING/SUR] | YouTube  | [Normal]     | 97%    |   71.1ms | rogue slept for 20 minutes ll...
[ENTERTAINM] | YouTube  | [Normal]     | 92%    |   88.6ms | congratulations brooooooooooooooo...
[GAMING/GAM] | YouTube  | [Normal]     | 94%    |   83.4ms | MARKPLIERR IS LIVEVEE...
[GAMING/GAM] | YouTube  | [Normal]     | 98%    |   99.4ms | will there be ever a digital copy? :smil...
[ENTERTAINM] | YouTube  | [Normal]     | 95%    |   80.7ms | give me only one ipad please sir...
[GAMING/GAM] | YouTube  | [Normal]     | 97%    |   67.8ms | Welcome to Member!...
[GAMING/GAM] | YouTube  | [Normal]     | 95%    |   69.6ms | hiii...
[PSYCHOLOGY] | YouTube  | [Normal]     | 91%    |   67.8ms | sounds like a tongue twister...
[ENTERTAINM] | YouTube  | [Normal]     | 97%    |   70.4ms | Hiiiii...
[GAMING/GAM] | YouTube  | [Normal]     | 96%    |   76.0ms | 3 TIME CHAMPION!!!...
[NEWS/LIVE ] | YouTube  | [Normal]     | 96%    |   88.3ms | ...by the wolves :lion:...
[GAMING/GAM] | YouTube  | [Normal]     | 95%    |   83.7ms | I hope you bring more scp videos back!...
[GAMING/GAM] | YouTube  | [Normal]     | 96%    |   63.1ms | hi mark...
[PSYCHOLOGY] | YouTube  | [Normal]     | 93%    |   67.3ms | Yes...
[GAMING/GAM] | YouTube  | [Normal]     | 91%    |   68.7ms | im telling everyone to see it...
[GAMING/GAM] | YouTube  | [Normal]     | 96%    |   57.9ms | WE WON...
[ENTERTAINM] | YouTube  | [Normal]     | 82%    |  131.4ms | Please give me $200000 my loan will be a...
[ENTERTAINM] | YouTube  | [Normal]     | 98%    |  117.6ms | congratulations jimmy if this video gets...
[ENTERTAINM] | YouTube  | [Normal]     | 96%    |   87.5ms | hi jimmy please shout out kabir...
[GAMING/SUR] | YouTube  | [Normal]     | 86%    |   71.5ms | CLose the door...
[GAMING/GAM] | YouTube  | [Normal]     | 95%    |   62.8ms | Ranch!!!...
[GAMING/GAM] | YouTube  | [Normal]     | 95%    |   56.9ms | AIRPLANE...
[ENTERTAINM] | YouTube  | [Normal]     | 97%    |   78.5ms | Welcome New Member!...
[ENTERTAINM] | YouTube  | [Normal]     | 90%    |   70.5ms | w mrbeast...
[GAMING/GAM] | YouTube  | [Normal]     | 93%    |   58.4ms | lighthouse...
[ENTERTAINM] | YouTube  | [Normal]     | 95%    |   64.0ms | hiii beast...
[ENTERTAINM] | YouTube  | [Normal]     | 96%    |   66.9ms | faaaaaa...
[GAMING/SUR] | YouTube  | [Normal]     | 96%    |   83.1ms | not a fan of this game but the content i...
[GAMING/GAM] | YouTube  | [Normal]     | 93%    |   52.7ms | lighthouse...
[GAMING/GAM] | YouTube  | [Normal]     | 95%    |   57.5ms | airplane...
[GAMING/GAM] | YouTube  | [Normal]     | 95%    |   72.1ms | Airplanneeeee...
[GAMING/SUR] | YouTube  | [Normal]     | 96%    |   76.4ms | broo check the billboards yooo...
[GAMING/GAM] | YouTube  | [Normal]     | 94%    |   91.1ms | Imagine 23 000 people trying to talk ove...
[GAMING/GAM] | YouTube  | [Normal]     | 91%    |   73.2ms | people be voting...
[GAMING/GAM] | YouTube  | [Normal]     | 96%    |   82.8ms | Saw Iron Lung last night! IT WAS SO GOOD...
[ENTERTAINM] | YouTube  | [Normal]     | 98%    |  129.3ms | :purple_heart::green_heart::purple_heart...
[GAMING/GAM] | YouTube  | [Normal]     | 93%    |   58.1ms | lighthouse...
[GAMING/SUR] | YouTube  | [Normal]     | 49%    |   72.6ms | You guys are terrible gamblers lol...
[ENTERTAINM] | YouTube  | [Normal]     | 92%    |   62.5ms | hayyyy...
[MUSIC/CHIL] | YouTube  | [Normal]     | 96%    |  148.5ms | @szarek-c2u m doing good :backhand_index...
[ENTERTAINM] | YouTube  | [Normal]     | 62%    |   90.4ms | The fact that he is almost at 500 mil...
[GAMING/GAM] | YouTube  | [Normal]     | 77%    |   95.8ms | SCOTLAAAAANDD FOREVEEEEEEEER...
[GAMING/GAM] | YouTube  | [Normal]     | 97%    |   95.0ms | I saw it yesterday  and it was awesome! ...
[ENTERTAINM] | YouTube  | [Normal]     | 94%    |   59.1ms | 1...
[ENTERTAINM] | YouTube  | [Normal]     | 94%    |   57.9ms | 1...
[SELF-HELP/] | YouTube  | [Normal]     | 69%    |  116.5ms | @VenaraEchoes im sure there are way our ...
[ENTERTAINM] | YouTube  | [Normal]     | 94%    |   63.4ms | 1...
[GAMING/SUR] | YouTube  | [Normal]     | 87%    |   62.1ms | NO...
[GAMING/GAM] | YouTube  | [Normal]     | 94%    |   64.7ms | japan?...
[ENTERTAINM] | YouTube  | [Normal]     | 94%    |   60.4ms | 1...
[GAMING/GAM] | YouTube  | [Normal]     | 95%    |  133.7ms | Iron Lung is coming soon not that far aw...
[GAMING/GAM] | YouTube  | [Normal]     | 92%    |  106.0ms | AIIIIRRRRRPLAAAANNNEE...
[ENTERTAINM] | YouTube  | [Normal]     | 94%    |   87.0ms | 1...
[GAMING/GAM] | YouTube  | [Normal]     | 97%    |   91.2ms | Welcome to Member!...
[ENTERTAINM] | YouTube  | [Normal]     | 91%    |   80.6ms | pakistan...
[GAMING/GAM] | YouTube  | [Normal]     | 89%    |  102.0ms | are you going to make a second movie...
[GAMING/GAM] | YouTube  | [Normal]     | 95%    |  102.8ms | you've come a long way mark:red_heart:...
[ENTERTAINM] | YouTube  | [Normal]     | 97%    |  107.7ms | :red_heart::red_heart::red_heart:...
[GAMING/GAM] | YouTube  | [Normal]     | 97%    |  105.8ms | Loved your Movie :red_heart:...
[GAMING/SUR] | YouTube  | [Normal]     | 93%    |   76.3ms | push...
[NEWS/LIVE ] | YouTube  | [Normal]     | 48%    |  113.6ms | Weegee getting that italian sausage now...
[MUSIC/CHIL] | YouTube  | [Normal]     | 97%    |  103.5ms | mohit tumhari gf h ??...
[GAMING/SUR] | YouTube  | [Normal]     | 94%    |   81.3ms | Double...
[ENTERTAINM] | YouTube  | [Normal]     | 96%    |   95.2ms | when does the stream end?...
[ENTERTAINM] | YouTube  | [Normal]     | 93%    |   98.5ms | :ok_hand:...
[GAMING/SUR] | YouTube  | [Normal]     | 95%    |   94.1ms | hit...
[GAMING/SUR] | YouTube  | [Normal]     | 95%    |   86.4ms | 250...
[GAMING/GAM] | YouTube  | [OFFENSIVE]  | 61%    |  101.1ms | THE HECK? A SHAM...
[GAMING/GAM] | YouTube  | [Normal]     | 97%    |  169.9ms | I must admit first time I saw it  audio ...
[ENTERTAINM] | YouTube  | [Normal]     | 94%    |   99.6ms | PLS GIVE ME SHOUTOUT JIMMY...
[GAMING/GAM] | YouTube  | [Normal]     | 94%    |   99.2ms | I LOVE IRON LUNG  MY FAVORITE MOVIEEE...
[GAMING/GAM] | YouTube  | [Normal]     | 97%    |   98.2ms | I loved the movie  thank you!...
[GAMING/GAM] | YouTube  | [Normal]     | 97%    |   89.7ms | 6-7...
[ENTERTAINM] | YouTube  | [Normal]     | 93%    |   96.9ms | india...
[GAMING/SUR] | YouTube  | [Normal]     | 96%    |   92.4ms | Maxxxx...
[GAMING/SUR] | YouTube  | [Normal]     | 90%    |  103.9ms | THIS IS SO RIGGED OH MY GOD...
[GAMING/GAM] | YouTube  | [Normal]     | 97%    |  222.8ms | can't lie  im glad to see mark back. I m...
[GAMING/GAM] | YouTube  | [Normal]     | 92%    |  161.2ms | oh yeah penguinzoo said he couldn't unde...
[GAMING/GAM] | YouTube  | [Normal]     | 95%    |   98.2ms | lighthouse plss...
[ENTERTAINM] | YouTube  | [Normal]     | 94%    |   86.6ms | 𝘼𝙣𝙮𝙤𝙣𝙚 𝙛𝙧𝙤𝙢 𝙄𝙣𝙙𝙞𝙖???...
[ENTERTAINM] | YouTube  | [Normal]     | 98%    |  153.7ms | :face-blue-smiling::face-blue-smiling::f...
[GAMING/SUR] | YouTube  | [Normal]     | 94%    |   82.7ms | papa hutch...
[ENTERTAINM] | YouTube  | [Normal]     | 95%    |   88.3ms | please help me...
[ENTERTAINM] | YouTube  | [Normal]     | 97%    |  104.4ms | hi Mr beast :smiling_face_with_halo:...
[GAMING/GAM] | YouTube  | [Normal]     | 94%    |  130.8ms | I struggled to hear a bit at odeon in th...
[GAMING/GAM] | YouTube  | [Normal]     | 97%    |  131.9ms | wow movie star and celebrity director Ma...
[GAMING/SUR] | YouTube  | [Normal]     | 94%    |   97.3ms | go Aul In...
[GAMING/SUR] | YouTube  | [Normal]     | 73%    |  103.3ms | GOOOOOOOOOD MORNING BUNGULATORS...
[GAMING/GAM] | YouTube  | [Normal]     | 95%    |  105.0ms | CLOAK IRON LUNG MERCH!!!???...
[GAMING/SUR] | YouTube  | [OFFENSIVE]  | 55%    |   83.5ms | ur screwed...
[GAMING/SUR] | YouTube  | [Normal]     | 54%    |   82.8ms | try bandit...
[MUSIC/CHIL] | YouTube  | [OFFENSIVE]  | 82%    |  151.6ms | tc too dearshish:waving_hand::waving_han...
[ENTERTAINM] | YouTube  | [Normal]     | 97%    |  428.5ms | bhai 500 milian subscriber hone wale Hai...
[SELF-HELP/] | YouTube  | [Normal]     | 59%    |  118.6ms | Yah my biggest fear in life is proving t...
[GAMING/GAM] | YouTube  | [Normal]     | 97%    |  106.0ms | The sound was great at my theatre....
[GAMING/GAM] | YouTube  | [Normal]     | 94%    |  113.6ms | if the movie is environmentally telling ...
[ENTERTAINM] | YouTube  | [Normal]     | 97%    |   96.2ms | Bangladesh :red_heart:...
[GAMING/GAM] | YouTube  | [Normal]     | 84%    |  133.4ms | my brother in law saw you in guam   he w...
[GAMING/SUR] | YouTube  | [Normal]     | 96%    |   93.5ms | Peanut can never go to vegas lol...
[ENTERTAINM] | YouTube  | [Normal]     | 91%    |   95.8ms | W MRBEADY...
[ENTERTAINM] | YouTube  | [Normal]     | 97%    |  101.1ms | :pink_heart:...
[ENTERTAINM] | YouTube  | [Normal]     | 97%    |   76.6ms | Hi:red_heart:...
[GAMING/SUR] | YouTube  | [Normal]     | 96%    |   77.0ms | Who stands at 14...
[GAMING/SUR] | YouTube  | [Normal]     | 93%    |   73.9ms | GG...
[GAMING/SUR] | YouTube  | [Normal]     | 94%    |   63.0ms | OOF...
[ENTERTAINM] | YouTube  | [Normal]     | 91%    |   69.0ms | pakistan...
[ENTERTAINM] | YouTube  | [Normal]     | 98%    |   93.9ms | Dominos :check_mark_button:...
[GAMING/SUR] | YouTube  | [Normal]     | 93%    |   81.1ms | ruunn...
[GAMING/GAM] | YouTube  | [Normal]     | 95%    |   95.4ms | okay that makes sense why some of the vo...
[GAMING/SUR] | YouTube  | [Normal]     | 97%    |   82.6ms | theres 1000 scrap at the base...
[GAMING/GAM] | YouTube  | [Normal]     | 96%    |   90.9ms | I went to a AMC theater once and I liked...
[MUSIC/CHIL] | YouTube  | [Normal]     | 95%    |   79.0ms | take me back to the La...
[GAMING/GAM] | YouTube  | [Normal]     | 97%    |  151.2ms | its my birthday today 25 :partying_face:...
[ENTERTAINM] | YouTube  | [Normal]     | 95%    |   76.9ms | let's go...
[ENTERTAINM] | YouTube  | [Normal]     | 96%    |  124.0ms | ONE OUT OF 17.2 PEOPLE ALIVE ON EARTH RI...
[ENTERTAINM] | YouTube  | [Normal]     | 97%    |  170.5ms | :smiling_face_with_smiling_eyes::smiling...
[ENTERTAINM] | YouTube  | [Normal]     | 98%    |   95.3ms | big fan sri lanka fan:star_struck::fire:...
[ENTERTAINM] | YouTube  | [Normal]     | 97%    |   98.6ms | hello sir I am your big fan...I am from ...
[ENTERTAINM] | YouTube  | [Normal]     | 95%    |   66.1ms | what?...
[ENTERTAINM] | YouTube  | [Normal]     | 94%    |   71.0ms | hi...
[GAMING/GAM] | YouTube  | [Normal]     | 96%    |   71.1ms | Pfffft  amateur hour...
[GAMING/GAM] | YouTube  | [Normal]     | 95%    |   72.5ms | AIRPLANE...
[GAMING/GAM] | YouTube  | [Normal]     | 97%    |   90.1ms | woah markimoo stream this early...
[GAMING/GAM] | YouTube  | [Normal]     | 96%    |   66.4ms | WE WIN...
[GAMING/GAM] | YouTube  | [Normal]     | 67%    |   79.7ms | NUMBER ONEEE! :party_popper:...
[GAMING/GAM] | YouTube  | [Normal]     | 95%    |   98.2ms | Just caught your movie last night  Mark ...
[GAMING/GAM] | YouTube  | [Normal]     | 96%    |   76.9ms | WE WIN...
[NEWS/LIVE ] | YouTube  | [Normal]     | 98%    |   74.9ms | Birds are singing o...
[MUSIC/CHIL] | YouTube  | [Normal]     | 94%    |   71.3ms | ko*...
[MUSIC/CHIL] | YouTube  | [Normal]     | 98%    |  156.1ms | Jaitsii saccha pyar long time me hota h ...
[GAMING/SUR] | YouTube  | [Normal]     | 85%    |   83.8ms | THAT GUY IS ZESTYYYYYY...
[GAMING/SUR] | YouTube  | [Normal]     | 96%    |   74.2ms | REAL H20...
[GAMING/GAM] | YouTube  | [Normal]     | 70%    |   81.4ms | YIPPIEEEEEE...
[GAMING/GAM] | YouTube  | [Normal]     | 96%    |   64.9ms | Hi mark...
[ENTERTAINM] | YouTube  | [Normal]     | 94%    |   72.9ms | ya des français ?...
[ENTERTAINM] | YouTube  | [Normal]     | 94%    |   74.2ms | Hi Mr Beast...
[ENTERTAINM] | YouTube  | [Normal]     | 97%    |  163.1ms | AKO RA ISA BISAYA??????????? AHAHAHAHHAH...
[ENTERTAINM] | YouTube  | [Normal]     | 92%    |  246.2ms | :stayhome::stayhome::stayhome::stayhome:...
[ENTERTAINM] | YouTube  | [Normal]     | 96%    |  129.9ms | Can you give me your @BeastReacts channe...
[ENTERTAINM] | YouTube  | [Normal]     | 97%    |   71.6ms | I love you mr best...
[ENTERTAINM] | YouTube  | [Normal]     | 94%    |   66.5ms | Jimmy...
[ENTERTAINM] | YouTube  | [Normal]     | 96%    |   74.6ms | :red_heart:...
[GAMING/SUR] | YouTube  | [Normal]     | 96%    |   92.9ms | Omg :face_screaming_in_fear:...
[GAMING/SUR] | YouTube  | [Normal]     | 98%    |  151.1ms | :face-turquoise-drinking-coffee::face-tu...
[ENTERTAINM] | YouTube  | [Normal]     | 90%    |   78.7ms | give me PC broooooo...
[GAMING/GAM] | YouTube  | [Normal]     | 94%    |   69.8ms | The OCEAN...
[ENTERTAINM] | YouTube  | [Normal]     | 96%    |   83.4ms | i still remember when he got 100 mil...
[ENTERTAINM] | YouTube  | [Normal]     | 97%    |   70.5ms | I am from India...
[GAMING/GAM] | YouTube  | [Normal]     | 97%    |   73.4ms | 'obversation' duty...
[GAMING/GAM] | YouTube  | [Normal]     | 97%    |  150.8ms | its my birthday today 25 :partying_face:...
[MUSIC/CHIL] | YouTube  | [Normal]     | 95%    |   77.7ms | ........
[GAMING/GAM] | YouTube  | [Normal]     | 92%    |  102.0ms | Mark did you hear they made a video game...
[GAMING/SUR] | YouTube  | [Normal]     | 81%    |   78.5ms | seeing Delirious on here is crazy...
[SPORTS/FOO] | YouTube  | [Normal]     | 92%    |   70.7ms | Japan is the winner...
[GAMING/GAM] | YouTube  | [Normal]     | 97%    |   91.6ms | Welcome to Member!...
[ENTERTAINM] | YouTube  | [Normal]     | 94%    |   64.0ms | same...
[GAMING/GAM] | YouTube  | [Normal]     | 78%    |   98.4ms | why does some of it look like Resident E...
[GAMING/SUR] | YouTube  | [Normal]     | 95%    |  116.1ms | :loudly_crying_face::loudly_crying_face:...
[ENTERTAINM] | YouTube  | [Normal]     | 98%    |   88.0ms | :hand-pink-waving::hand-pink-waving:...
[ENTERTAINM] | YouTube  | [Normal]     | 96%    |   66.3ms | New member...
[GAMING/GAM] | YouTube  | [Normal]     | 95%    |   77.8ms | Lmaooo...
[GAMING/GAM] | YouTube  | [Normal]     | 90%    |   83.2ms | ohhhh at least it isn't blood...
[ENTERTAINM] | YouTube  | [Normal]     | 95%    |   63.7ms | hii...
[GAMING/GAM] | YouTube  | [Normal]     | 96%    |  183.0ms | chat. stop talking  you're distracting m...
[GAMING/GAM] | YouTube  | [Normal]     | 97%    |   76.1ms | hiiiiiiii!!!...
[GAMING/GAM] | YouTube  | [Normal]     | 96%    |   64.4ms | Water cheese...
[ENTERTAINM] | YouTube  | [Normal]     | 95%    |   65.6ms | said hi...
[ENTERTAINM] | YouTube  | [Normal]     | 83%    |   70.4ms | w beast...
[ENTERTAINM] | YouTube  | [Normal]     | 97%    |   92.1ms | Lots of love to you...
[ENTERTAINM] | YouTube  | [Normal]     | 91%    |   71.4ms | me...
[GAMING/GAM] | YouTube  | [Normal]     | 97%    |  110.9ms | omg lmao the real challenge isn't the ha...
[GAMING/GAM] | YouTube  | [Normal]     | 95%    |   67.6ms | obversation...
[GAMING/GAM] | YouTube  | [Normal]     | 95%    |   74.9ms | HI MARKKK...
[GAMING/SUR] | YouTube  | [Normal]     | 93%    |   77.9ms | UR SO BAD LMAOOO...
[GAMING/SUR] | YouTube  | [Normal]     | 96%    |   70.3ms | LOL...
[GAMING/SUR] | YouTube  | [Normal]     | 96%    |  118.6ms | 4 CARD 21????????????????????...
[ENTERTAINM] | YouTube  | [Normal]     | 91%    |   68.1ms | me...
[GAMING/SUR] | YouTube  | [Normal]     | 93%    |   64.7ms | Never seen colder tables...
[ENTERTAINM] | YouTube  | [Normal]     | 96%    |   85.8ms | i am happy for your 500 million YouTube ...
[ENTERTAINM] | YouTube  | [Normal]     | 95%    |   69.4ms | hii...
[GAMING/SUR] | YouTube  | [Normal]     | 80%    |   87.0ms | what is the discord...
[ENTERTAINM] | YouTube  | [Normal]     | 98%    |  201.6ms | :hand-purple-blue-peace::hand-purple-blu...
[GAMING/SUR] | YouTube  | [Normal]     | 75%    |   85.1ms | THATS IT SCRAP THE GUN...
[GAMING/GAM] | YouTube  | [Normal]     | 96%    |   87.5ms | is this a prerecorded video...
[ENTERTAINM] | YouTube  | [Normal]     | 98%    |  321.2ms | :face-blue-smiling::face-blue-smiling::f...
[GAMING/GAM] | YouTube  | [Normal]     | 95%    |   75.3ms | obversation duty...
[GAMING/SUR] | YouTube  | [Normal]     | 82%    |   86.1ms | :person_facepalming:...
[GAMING/GAM] | YouTube  | [Normal]     | 95%    |   79.8ms | OBVERSATION...
[GAMING/GAM] | YouTube  | [Normal]     | 68%    |   80.3ms | the drenched sarcasm...
[GAMING/SUR] | YouTube  | [Normal]     | 87%    |   64.5ms | LETS GO...
[GAMING/GAM] | YouTube  | [Normal]     | 98%    |  149.8ms | :cat_with_tears_of_joy::cat_with_tears_o...
[GAMING/GAM] | YouTube  | [Normal]     | 96%    |   79.3ms | lol lmao even...
[GAMING/SUR] | YouTube  | [Normal]     | 74%    |  106.4ms | does it say cheat on the screan...
[NEWS/LIVE ] | YouTube  | [Normal]     | 91%    |   90.6ms | HES WORKING ON IT?...
[ENTERTAINM] | YouTube  | [Normal]     | 94%    |   62.8ms | Hi...
[GAMING/GAM] | YouTube  | [Normal]     | 95%    |   84.6ms | He is very Obersational...
[ENTERTAINM] | YouTube  | [Normal]     | 95%    |   70.1ms | hiii...
[GAMING/GAM] | YouTube  | [Normal]     | 92%    |   70.6ms | thats the best part tho...
[GAMING/GAM] | YouTube  | [Normal]     | 95%    |   80.5ms | LMAO SOMEONE SAID TITLE ANOMALY...
[GAMING/SUR] | YouTube  | [Normal]     | 96%    |   69.7ms | lmao...
[GAMING/GAM] | YouTube  | [Normal]     | 88%    |   77.9ms | IT's an anomaly...
[GAMING/GAM] | YouTube  | [Normal]     | 96%    |   71.4ms | obsVERSTAPEN...
[GAMING/SUR] | YouTube  | [Normal]     | 92%    |   77.2ms | so were just throwing it away lol...
[GAMING/SUR] | YouTube  | [Normal]     | 87%    |   78.3ms | Poor gingy and all her work...
[GAMING/GAM] | YouTube  | [Normal]     | 95%    |  120.9ms | I thought i saw an anomaly  then realize...
[GAMING/SUR] | YouTube  | [Normal]     | 89%    |   66.9ms | should of played slots...
[GAMING/SUR] | YouTube  | [Normal]     | 93%    |   68.9ms | sheeeesh...
[GAMING/GAM] | YouTube  | [Normal]     | 94%    |   70.3ms | THREE...
[GAMING/SUR] | YouTube  | [Normal]     | 96%    |   61.0ms | LOL...
[GAMING/GAM] | YouTube  | [Normal]     | 92%    |   62.5ms | Obversation Lung...
[GAMING/SUR] | YouTube  | [Normal]     | 90%    |   72.2ms | hahahaha...
[ENTERTAINM] | YouTube  | [Normal]     | 98%    |  139.5ms | WATCH UR FIRST VIDEO:hand-pink-waving::h...
[GAMING/SUR] | YouTube  | [Normal]     | 94%    |   67.6ms | well...
[GAMING/SUR] | YouTube  | [Normal]     | 96%    |   81.2ms | YOU HAD 1000+ SCRAP WHEN YOU LOGGED IN...
[GAMING/SUR] | YouTube  | [Normal]     | 92%    |   72.7ms | Peanut needs to stay out of Vegas...
[GAMING/SUR] | YouTube  | [Normal]     | 95%    |   99.7ms | hutch is just strolling around with 4k m...
[MUSIC/CHIL] | YouTube  | [Normal]     | 97%    |   79.7ms | :musical_notes::relieved_face:...
[ENTERTAINM] | YouTube  | [Normal]     | 94%    |   77.7ms | HAHAHAHAHAHHA...
[GAMING/GAM] | YouTube  | [Normal]     | 79%    |   67.1ms | MOUSE TRAP...
[GAMING/GAM] | YouTube  | [Normal]     | 96%    |   78.8ms | CONGRATS ON THE MOVIE!!!...
[GAMING/GAM] | YouTube  | [Normal]     | 94%    |   53.6ms | John...
[GAMING/GAM] | YouTube  | [Normal]     | 95%    |  113.9ms | how did he get through there? intrude th...
[GAMING/GAM] | YouTube  | [Normal]     | 94%    |   75.9ms | intruder? how did he get in? intruder wi...
[MUSIC/CHIL] | YouTube  | [Normal]     | 97%    |  119.0ms | @kavya-c9c1j fir kya tumhe chris evans c...
[GAMING/GAM] | YouTube  | [Normal]     | 96%    |   57.2ms | LOL...
[ENTERTAINM] | YouTube  | [Normal]     | 94%    |   59.6ms | 5...
[ENTERTAINM] | YouTube  | [Normal]     | 94%    |   60.1ms | 4...
[GAMING/SUR] | YouTube  | [Normal]     | 91%    |   80.6ms | gambling losses are much funnier when it...
[ENTERTAINM] | YouTube  | [Normal]     | 94%    |   58.5ms | 3...
[GAMING/GAM] | YouTube  | [Normal]     | 92%    |   56.0ms | the stairs...
[GAMING/GAM] | YouTube  | [Normal]     | 91%    |   84.7ms | YEAH GUYS! HE DIRECTED IRNO LUNG!...
[GAMING/GAM] | YouTube  | [Normal]     | 94%    |   61.9ms | stairs were moving...
[GAMING/GAM] | YouTube  | [Normal]     | 95%    |   76.8ms | #1 director in America...
[GAMING/SUR] | YouTube  | [Normal]     | 84%    |   85.9ms | Who else is drinking some silly with me?...
[GAMING/GAM] | YouTube  | [Normal]     | 89%    |   81.1ms | you’re literally my reason for living...
[GAMING/GAM] | YouTube  | [Normal]     | 96%    |   57.9ms | BASEMENT STAIRS...
[ENTERTAINM] | YouTube  | [Normal]     | 94%    |   58.8ms | 3...
[GAMING/GAM] | YouTube  | [Normal]     | 96%    |   75.5ms | please still be live in an hour...
[GAMING/GAM] | YouTube  | [Normal]     | 96%    |   66.5ms | The jacket was always there...
[GAMING/GAM] | YouTube  | [Normal]     | 94%    |   54.2ms | Hey mark...
[ENTERTAINM] | YouTube  | [Normal]     | 97%    |  382.2ms | :red_heart::red_heart::red_heart::red_he...
[ENTERTAINM] | YouTube  | [Normal]     | 94%    |   54.3ms | Nepal...
[GAMING/GAM] | YouTube  | [Normal]     | 96%    |   76.4ms | please mark the basement stairs...
[ENTERTAINM] | YouTube  | [Normal]     | 94%    |   59.8ms | 2...
[GAMING/GAM] | YouTube  | [Normal]     | 94%    |   68.1ms | THE STAIIIRS...
[ENTERTAINM] | YouTube  | [Normal]     | 96%    |   67.7ms | I'm poor...
[GAMING/GAM] | YouTube  | [Normal]     | 92%    |   89.2ms | I don't know. I wasn't paying attention...
[ENTERTAINM] | YouTube  | [Normal]     | 96%    |   58.0ms | 20k...
[GAMING/GAM] | YouTube  | [Normal]     | 96%    |   61.5ms | lol...
[ENTERTAINM] | YouTube  | [Normal]     | 96%    |  124.8ms | bro don't clap i am in the middle of my ...
[ENTERTAINM] | YouTube  | [Normal]     | 56%    |   85.1ms | I’ve watched since 3000 subs bro this is...
[GAMING/SUR] | YouTube  | [Normal]     | 95%    |   68.4ms | :mending_heart:...
[GAMING/GAM] | YouTube  | [Normal]     | 95%    |  113.3ms | I printed the popcorn bucket but the tee...
[ENTERTAINM] | YouTube  | [Normal]     | 92%    |   63.5ms | mrbeast...
[GAMING/GAM] | YouTube  | [Normal]     | 73%    |  100.5ms | is it just me or do markiplier and jacks...
[ENTERTAINM] | YouTube  | [Normal]     | 98%    |  153.0ms | :hand-pink-waving::hand-pink-waving::han...
[ENTERTAINM] | YouTube  | [Normal]     | 96%    |   72.2ms | :1st_place_medal:...
[GAMING/GAM] | YouTube  | [Normal]     | 97%    |   69.2ms | what did i miss?...
[GAMING/GAM] | YouTube  | [Normal]     | 97%    |   64.5ms | THE GREEN BOTTLE...
[ENTERTAINM] | YouTube  | [Normal]     | 96%    |   65.2ms | new member...
[GAMING/GAM] | YouTube  | [Normal]     | 96%    |   80.3ms | Hi from 2am in South Africa!!!...
[GAMING/GAM] | YouTube  | [Normal]     | 97%    |   70.0ms | another mousetrap?...
[ENTERTAINM] | YouTube  | [Normal]     | 97%    |   57.6ms | 500m...
[ENTERTAINM] | YouTube  | [Normal]     | 96%    |   66.8ms | I was here...
[GAMING/GAM] | YouTube  | [Normal]     | 98%    |  103.2ms | I once ate deodorant and still doing it ...
[ENTERTAINM] | YouTube  | [Normal]     | 97%    |   70.2ms | I LOVE INDONESIA...
[GAMING/GAM] | YouTube  | [Normal]     | 92%    |   54.6ms | BED...
[GAMING/GAM] | YouTube  | [Normal]     | 97%    |   61.6ms | lantern moved in interior...
[GAMING/GAM] | YouTube  | [Normal]     | 95%    |   70.4ms | The blanket on the bed moved!!...
[GAMING/GAM] | YouTube  | [Normal]     | 92%    |   57.8ms | bed...
[GAMING/SUR] | YouTube  | [Normal]     | 82%    |   72.7ms | Put wood inside man its just 100...
[GAMING/GAM] | YouTube  | [Normal]     | 93%    |   85.3ms | theres three ropes hanging at the interi...
[GAMING/GAM] | YouTube  | [Normal]     | 92%    |   62.9ms | BED...
[ENTERTAINM] | YouTube  | [Normal]     | 97%    |  168.2ms | Hallo sir I am alok kumar and I am from ...
[GAMING/GAM] | YouTube  | [Normal]     | 87%    |   61.0ms | CHECK THE BED...
[ENTERTAINM] | YouTube  | [Normal]     | 95%    |   59.5ms | hii...
[GAMING/GAM] | YouTube  | [Normal]     | 92%    |   62.4ms | Under the bed?...
[GAMING/GAM] | YouTube  | [Normal]     | 92%    |   69.0ms | IN MOVIES FOR IRON LUNG RN...
[ENTERTAINM] | YouTube  | [Normal]     | 95%    |   85.5ms | Assalamu Alaikum sir  how are you?...
[ENTERTAINM] | YouTube  | [Normal]     | 95%    |   57.2ms | xd...
[ENTERTAINM] | YouTube  | [Normal]     | 97%    |   83.9ms | :face-red-heart-shape:...
[ENTERTAINM] | YouTube  | [Normal]     | 88%    |   56.0ms | ،...
[PSYCHOLOGY] | YouTube  | [Normal]     | 92%    |   60.1ms | huh...
[ENTERTAINM] | YouTube  | [Normal]     | 96%    |   74.8ms | im from israel i love this stream...
[GAMING/GAM] | YouTube  | [Normal]     | 97%    |   61.7ms | Lantern ??...
[GAMING/GAM] | YouTube  | [Normal]     | 93%    |   55.2ms | yes...
[GAMING/GAM] | YouTube  | [Normal]     | 97%    |   71.1ms | Welcome to Member!...
[GAMING/SUR] | YouTube  | [Normal]     | 98%    |   77.9ms | Nectar of the gods....
[ENTERTAINM] | YouTube  | [Normal]     | 94%    |   69.8ms | mr queef!...
[GAMING/GAM] | YouTube  | [Normal]     | 97%    |   81.6ms | the hanging thing off the right balcony ...
[PSYCHOLOGY] | YouTube  | [Normal]     | 97%    |   79.0ms | I'm aminus...
[GAMING/GAM] | YouTube  | [Normal]     | 74%    |   72.6ms | The hangy thing...
[SELF-HELP/] | YouTube  | [Normal]     | 63%    |   79.4ms | Can I hate jeffery Epstine...
[GAMING/GAM] | YouTube  | [Normal]     | 88%    |   74.8ms | Light anomaly light house...
[ENTERTAINM] | YouTube  | [Normal]     | 94%    |   66.0ms | 1...
[SPORTS/FOO] | YouTube  | [Normal]     | 97%    |  150.1ms | 일본이 독일을 이기는건가? 놀랍다...
[GAMING/GAM] | YouTube  | [Normal]     | 96%    |  114.4ms | this is literally a dream come true i ha...
[GAMING/GAM] | YouTube  | [Normal]     | 91%    |   55.3ms | w...
[GAMING/GAM] | YouTube  | [Normal]     | 51%    |   84.3ms | The one eyed man that runs the lighthous...
[LIFESTYLE/] | YouTube  | [Normal]     | 97%    |  103.6ms | These Summer months are going to fly by ...
[ENTERTAINM] | YouTube  | [Normal]     | 94%    |   53.6ms | 1...
[ENTERTAINM] | YouTube  | [Normal]     | 94%    |   53.8ms | 1...
[ENTERTAINM] | YouTube  | [Normal]     | 97%    |   82.3ms | What do you support in the 2026 World Cu...
[GAMING/GAM] | YouTube  | [Normal]     | 94%    |   90.2ms | WHAT THE GAME ABOUT? I CAME LATE:loudly_...
[GAMING/GAM] | YouTube  | [Normal]     | 97%    |  139.8ms | Hi Markiplier  my mom had taken my car o...
[GAMING/GAM] | YouTube  | [Normal]     | 98%    |   84.8ms | :hand-orange-covering-eyes:...
[GAMING/GAM] | YouTube  | [Normal]     | 97%    |   83.7ms | Is there a extra light here also?...
[ENTERTAINM] | YouTube  | [Normal]     | 97%    |   64.7ms | Jets go...
[ENTERTAINM] | YouTube  | [Normal]     | 95%    |   71.7ms | hii mr beast...
[PSYCHOLOGY] | YouTube  | [Normal]     | 96%    |   58.3ms | hmmm...
[GAMING/SUR] | YouTube  | [Normal]     | 84%    |   65.1ms | Can’t see...
[ENTERTAINM] | YouTube  | [Normal]     | 98%    |  235.4ms | congratulations for 500M:clapping_hands:...
[GAMING/GAM] | YouTube  | [Normal]     | 96%    |  119.0ms | Saw iron lung last night and I can’t sto...
[ENTERTAINM] | YouTube  | [Normal]     | 94%    |   57.8ms | 1...
[GAMING/GAM] | YouTube  | [Normal]     | 94%    |   55.1ms | LAMP MARK...
[MUSIC/CHIL] | YouTube  | [Normal]     | 98%    |   73.4ms | Prasa :potable_water:...
[GAMING/SUR] | YouTube  | [Normal]     | 86%    |   73.3ms | NOOOOOOOOO...
[GAMING/GAM] | YouTube  | [Normal]     | 96%    |   67.2ms | LIGHT !!...
[GAMING/GAM] | YouTube  | [Normal]     | 96%    |   72.3ms | It’s observation duty 8...
[GAMING/GAM] | YouTube  | [Normal]     | 75%    |   88.8ms | I'M FAILING YOU  I'M SORRY :tired_face:...
[GAMING/SUR] | YouTube  | [Normal]     | 93%    |   69.3ms | WEYLYN ASK HIMMMMM...
[GAMING/GAM] | YouTube  | [Normal]     | 94%    |  100.7ms | I watched the iron lung movie it’s the b...
[ENTERTAINM] | YouTube  | [Normal]     | 97%    |   71.9ms | Hi Mr. Beast...
[GAMING/GAM] | YouTube  | [Normal]     | 91%    |   87.0ms | There’s a mousetrap in the basement!...
[GAMING/GAM] | YouTube  | [Normal]     | 96%    |   58.2ms | hi mark...
[ENTERTAINM] | YouTube  | [Normal]     | 94%    |   59.3ms | 1...
[GAMING/GAM] | YouTube  | [Normal]     | 96%    |   57.0ms | OOP...
[GAMING/SUR] | YouTube  | [Normal]     | 98%    |   70.7ms | windmill will turn lol...
[GAMING/GAM] | YouTube  | [Normal]     | 94%    |   57.5ms | Aww...
[ENTERTAINM] | YouTube  | [Normal]     | 95%    |   63.9ms | 67...
[GAMING/GAM] | YouTube  | [Normal]     | 91%    |   88.8ms | camera malfunction means that the camera...
[ENTERTAINM] | YouTube  | [Normal]     | 96%    |  149.4ms | @Bhavesh_Kalyankar @Bhavesh_Kalyankar @B...
[GAMING/GAM] | YouTube  | [Normal]     | 91%    |   68.6ms | NOOB...
[GAMING/SUR] | YouTube  | [Normal]     | 96%    |   57.3ms | well said...
[GAMING/GAM] | YouTube  | [Normal]     | 85%    |   76.4ms | the lamp in interiorr moveddddd...
[PSYCHOLOGY] | YouTube  | [Normal]     | 97%    |   69.6ms | animus anima and anime...
[ENTERTAINM] | YouTube  | [Normal]     | 92%    |   88.5ms | if it gets 500 million will I get 20 gra...
[GAMING/SUR] | YouTube  | [Normal]     | 70%    |   79.4ms | HUTCH AND ROGUE GONNA HAVE TO KEEP PEANU...
[GAMING/SUR] | YouTube  | [Normal]     | 91%    |   66.4ms | stoopid...
[ENTERTAINM] | YouTube  | [Normal]     | 97%    |   66.2ms | Love frome bangladesh...
[ENTERTAINM] | YouTube  | [Normal]     | 81%    |   62.6ms | let's goo...
[GAMING/GAM] | YouTube  | [Normal]     | 81%    |   65.0ms | crazy work...
[GAMING/GAM] | YouTube  | [Normal]     | 95%    |   65.6ms | obserdution duty...
[ENTERTAINM] | YouTube  | [Normal]     | 96%    |   92.4ms | I have a exam:loudly_crying_face::loudly...
[GAMING/GAM] | YouTube  | [Normal]     | 95%    |   60.0ms | OBVERSATION...
[GAMING/GAM] | YouTube  | [Normal]     | 97%    |   70.4ms | I'm on obversation duty...
[GAMING/GAM] | YouTube  | [Normal]     | 90%    |  138.7ms | as a dyslexic guy  I couldn't see the di...
[GAMING/GAM] | YouTube  | [Normal]     | 96%    |   68.4ms | oh hi chat  hi Mark...
[SELF-HELP/] | YouTube  | [Normal]     | 96%    |   62.2ms | lol...
[PSYCHOLOGY] | YouTube  | [Normal]     | 96%    |   76.6ms | jungs domain expansion is teh sol...
[GAMING/GAM] | YouTube  | [Normal]     | 93%    |   58.2ms | e...
[ENTERTAINM] | YouTube  | [Normal]     | 95%    |   67.7ms | I Like your video bro...
[GAMING/GAM] | YouTube  | [Normal]     | 95%    |   75.2ms | Obversation...
[MUSIC/CHIL] | YouTube  | [Normal]     | 96%    |  151.7ms | Vishuu cockroaches :face_with_tears_of_j...
[GAMING/GAM] | YouTube  | [Normal]     | 66%    |   72.4ms | because you lost the camera in the cabin...
[GAMING/GAM] | YouTube  | [Normal]     | 94%    |   57.8ms | hi...
[MUSIC/CHIL] | YouTube  | [Normal]     | 94%    |   75.1ms | @syedsoul ky...
[GAMING/GAM] | YouTube  | [Normal]     | 94%    |   79.8ms | I want a word with who built those stair...
[GAMING/GAM] | YouTube  | [Normal]     | 94%    |   66.3ms | yay!...
[ENTERTAINM] | YouTube  | [Normal]     | 94%    |   80.8ms | WRITE 67 IN THE COMMENTS IF TOU WANT JIM...
[GAMING/GAM] | YouTube  | [Normal]     | 97%    |   85.4ms | does he know about new game plus..........
[GAMING/SUR] | YouTube  | [Normal]     | 84%    |   96.3ms | MY MAN @TheBurntPeanut Wakes up gets rai...
[GAMING/GAM] | YouTube  | [Normal]     | 95%    |   80.7ms | is that a figure in the fog?...
[GAMING/GAM] | YouTube  | [Normal]     | 95%    |   80.0ms | Extra bottle by the dock...
[GAMING/SUR] | YouTube  | [Normal]     | 94%    |   74.7ms | AHAHAHAHA...
[GAMING/SUR] | YouTube  | [Normal]     | 96%    |   58.9ms | LOL...
[GAMING/SUR] | YouTube  | [Normal]     | 96%    |   61.7ms | all over...
[GAMING/SUR] | YouTube  | [Normal]     | 98%    |  161.2ms | Keep On Bungulating LATE Into The Night ...
[ENTERTAINM] | YouTube  | [Normal]     | 98%    |  302.6ms | :face-red-heart-shape::face-red-heart-sh...
[NEWS/LIVE ] | YouTube  | [Normal]     | 59%    |   95.3ms | FREE KARMELO ANTHONY:: WHITE SUPREMACIST...
[GAMING/GAM] | YouTube  | [Normal]     | 87%    |   82.4ms | i wanna watch iron lung SOOOOO bad icl...
[ENTERTAINM] | YouTube  | [Normal]     | 90%    |   57.4ms | mr bets...
[GAMING/GAM] | YouTube  | [Normal]     | 97%    |   62.3ms | Harness  Mark?...
[GAMING/GAM] | YouTube  | [Normal]     | 98%    |   65.9ms | :hand-pink-waving:...
[ENTERTAINM] | YouTube  | [Normal]     | 95%    |   88.1ms | halo adakah Indonesia nonton...
[ENTERTAINM] | YouTube  | [Normal]     | 96%    |   73.4ms | LeBron James...
[ENTERTAINM] | YouTube  | [Normal]     | 92%    |   73.4ms | i don't know...
[GAMING/GAM] | YouTube  | [Normal]     | 94%    |   83.9ms | BRO I WANNA BE AN ANAOMOLY!! YESS!!...
[GAMING/GAM] | YouTube  | [Normal]     | 95%    |   77.0ms | vote for anomaly's...
[GAMING/GAM] | YouTube  | [Normal]     | 97%    |   83.0ms | TY FOR THE MEMBERSHIP:_markiHEART:...
[ENTERTAINM] | YouTube  | [Normal]     | 56%    |   65.4ms | omggg...
[ENTERTAINM] | YouTube  | [Normal]     | 90%    |   54.9ms | 🄷🄴🄻🄻🄾🄾...
[ENTERTAINM] | YouTube  | [Normal]     | 94%    |   62.7ms | to old...
[GAMING/GAM] | YouTube  | [Normal]     | 81%    |   66.8ms | Look at him making up excuses...
[ENTERTAINM] | YouTube  | [Normal]     | 98%    |   83.8ms | It is my dream to receive a gift from yo...
[GAMING/GAM] | YouTube  | [Normal]     | 93%    |   90.8ms | was there always a tv control thing in t...
[GAMING/GAM] | YouTube  | [Normal]     | 96%    |   63.4ms | I MADE IT...
[GAMING/GAM] | YouTube  | [Normal]     | 97%    |   67.4ms | thank youuuuu...
[GAMING/GAM] | YouTube  | [Normal]     | 96%    |   64.6ms | firework?...
[GAMING/GAM] | YouTube  | [Normal]     | 96%    |   74.2ms | flare???...
[GAMING/GAM] | YouTube  | [Normal]     | 93%    |   76.2ms | Still never got over clickolding...
[GAMING/SUR] | YouTube  | [Normal]     | 94%    |   71.6ms | that patrol heli got lucky this time...
[GAMING/GAM] | YouTube  | [Normal]     | 89%    |   71.9ms | THERES A MOUSE TRAP IN THE BASEMENT...
[ENTERTAINM] | YouTube  | [Normal]     | 95%    |   85.3ms | уууууууурааааа...
[ENTERTAINM] | YouTube  | [Normal]     | 96%    |   70.8ms | ive heard bout neistat...
[SPORTS/FOO] | YouTube  | [Normal]     | 90%    |   53.5ms | ยับ...
[GAMING/GAM] | YouTube  | [Normal]     | 95%    |   87.7ms | I'm on the toilet can bring a 20 inch mo...
[GAMING/GAM] | YouTube  | [Normal]     | 94%    |   71.2ms | i swear something was moving under the b...
[GAMING/SUR] | YouTube  | [Normal]     | 97%    |   83.7ms | :eyes-purple-crying::eyes-purple-crying:...
[GAMING/SUR] | YouTube  | [Normal]     | 92%    |   72.5ms | Welyn the ultimate optimist...
[GAMING/GAM] | YouTube  | [Normal]     | 95%    |   75.9ms | extra mouse trap in cellar...
[ENTERTAINM] | YouTube  | [Normal]     | 93%    |   63.0ms | KPOP...
[ENTERTAINM] | YouTube  | [Normal]     | 97%    |   89.0ms | :red_heart::red_heart::red_heart:...
[ENTERTAINM] | YouTube  | [Normal]     | 92%    |   58.5ms | z...
[ENTERTAINM] | YouTube  | [Normal]     | 96%    |   63.7ms | Yuppp...
[ENTERTAINM] | YouTube  | [Normal]     | 96%    |   99.7ms | I’m a really big fan of your channel  an...
[GAMING/GAM] | YouTube  | [Normal]     | 91%    |   73.0ms | I SEE NASA PEEPO...
[ENTERTAINM] | YouTube  | [Normal]     | 94%    |   66.8ms | Mrbest hi...
[PSYCHOLOGY] | YouTube  | [Normal]     | 93%    |   56.7ms | tech...
[ENTERTAINM] | YouTube  | [Normal]     | 96%    |   56.3ms | lol...
[GAMING/SUR] | YouTube  | [Normal]     | 95%    |   72.3ms | 2000 SCRAP LATER...
[GAMING/GAM] | YouTube  | [Normal]     | 97%    |   75.6ms | What’s the lore of this game?...
[GAMING/GAM] | YouTube  | [Normal]     | 93%    |   56.4ms | THE CHAIR...
[PSYCHOLOGY] | YouTube  | [HATE]       | 51%    |  106.4ms | So women get stuck in their own animus b...
[GAMING/GAM] | YouTube  | [Normal]     | 83%    |   60.1ms | Underneath the bed...
[GAMING/SUR] | YouTube  | [Normal]     | 95%    |   54.4ms | Repair armour...
[MUSIC/CHIL] | YouTube  | [Normal]     | 98%    |   82.4ms | .:face-turquoise-music-note:...
[ENTERTAINM] | YouTube  | [Normal]     | 94%    |   58.5ms | q...
[ENTERTAINM] | YouTube  | [Normal]     | 97%    |   74.8ms | try tecnoblade...
[ENTERTAINM] | YouTube  | [Normal]     | 90%    |   68.9ms | we only know jimmy...
[ENTERTAINM] | YouTube  | [Normal]     | 95%    |   79.6ms | MR BEAST 6000 OOOOOOOOOOOOH...
[GAMING/GAM] | YouTube  | [Normal]     | 92%    |   55.6ms | ooh...
[ENTERTAINM] | YouTube  | [Normal]     | 96%    |   59.1ms | am from sweden...
[GAMING/GAM] | YouTube  | [Normal]     | 97%    |   58.1ms | pro fireworks...
[GAMING/GAM] | YouTube  | [Normal]     | 49%    |   70.7ms | That’s creepy...
[ENTERTAINM] | YouTube  | [Normal]     | 98%    |   78.7ms | love you Jimmy. love from India...
[SELF-HELP/] | YouTube  | [Normal]     | 92%    |   96.1ms | Piccolo: "Power comes in response to a n...
[ENTERTAINM] | YouTube  | [Normal]     | 97%    |   89.6ms | ХУУУУУУУУУУУЙ...
[MUSIC/CHIL] | YouTube  | [Normal]     | 98%    |  100.0ms | Cold coffee :hot_beverage::face_with_tea...
[GAMING/GAM] | YouTube  | [Normal]     | 93%    |   77.7ms | the mouse trap in basement mark  check i...
[GAMING/GAM] | YouTube  | [Normal]     | 97%    |   76.1ms | Papers on the table in the cabin are mov...
[MUSIC/CHIL] | YouTube  | [Normal]     | 97%    |   76.2ms | :face-blue-smiling:...
[PSYCHOLOGY] | YouTube  | [Normal]     | 93%    |   64.9ms | Inversion...
[ENTERTAINM] | YouTube  | [Normal]     | 94%    |   73.8ms | Mr beast Can you give me computer?...
[GAMING/GAM] | YouTube  | [Normal]     | 97%    |   69.2ms | bootle at the pierrrü...
[SELF-HELP/] | YouTube  | [Normal]     | 94%    |  125.1ms | Oh. That's how I spent 8 years with a co...
[GAMING/GAM] | YouTube  | [Normal]     | 93%    |   77.6ms | yard is hunted for sure...
[GAMING/GAM] | YouTube  | [Normal]     | 97%    |   80.1ms | cross on the pier moving closer?...
[MUSIC/CHIL] | YouTube  | [Normal]     | 97%    |   82.8ms | :musical_note::tumbler_glass:...
[GAMING/GAM] | YouTube  | [Normal]     | 97%    |   70.9ms | wait is this markiplier?...
[ENTERTAINM] | YouTube  | [Normal]     | 97%    |   85.1ms | siuuuuuuuuuuuu...
[NEWS/LIVE ] | YouTube  | [Normal]     | 90%    |   81.8ms | KARMELO IS DONE. BYE BYE DUMB LACK BOY....
[SPORTS/FOO] | YouTube  | [Normal]     | 61%    |   86.3ms | LETS SEE BRAZILL WILL LET YOU HAHAHA...
[GAMING/SUR] | YouTube  | [Normal]     | 93%    |   67.8ms | the gate airlocks...
[GAMING/GAM] | YouTube  | [Normal]     | 96%    |   72.9ms | MAKE SURE TO DOUBLE CHECK CAMERAS MARK...
[ENTERTAINM] | YouTube  | [Normal]     | 94%    |   82.7ms | Mr beast can you give me a laptop i am f...
[GAMING/GAM] | YouTube  | [Normal]     | 90%    |   66.6ms | the fuse...
[GAMING/GAM] | YouTube  | [Normal]     | 97%    |   70.3ms | PURPLE SCARF IS NOT AN ANOMALY...
[GAMING/GAM] | YouTube  | [OFFENSIVE]  | 53%    |   80.0ms | :face-fuchsia-tongue-out:...
[GAMING/GAM] | YouTube  | [Normal]     | 92%    |   65.9ms | Breaker box...
[MUSIC/CHIL] | YouTube  | [Normal]     | 94%    |   68.7ms | blinkit block...
[ENTERTAINM] | YouTube  | [Normal]     | 69%    |   78.7ms | when are you coming to Indonesia Mr beas...
[ENTERTAINM] | YouTube  | [Normal]     | 95%    |   77.7ms | :person-turqouise-waving:...
[GAMING/SUR] | YouTube  | [Normal]     | 89%    |   68.9ms | whats the TC...
[MUSIC/CHIL] | YouTube  | [Normal]     | 40%    |  113.2ms | Raggy that's true bro...
[MUSIC/CHIL] | YouTube  | [Normal]     | 96%    |  106.4ms | :moai::blue_heart:...
[GAMING/GAM] | YouTube  | [Normal]     | 95%    |   72.3ms | hello...
[ENTERTAINM] | YouTube  | [Normal]     | 95%    |   63.3ms | HIIII...
[GAMING/GAM] | YouTube  | [Normal]     | 96%    |   80.0ms | was that bucket always in the cabin ?...
[GAMING/GAM] | YouTube  | [Normal]     | 95%    |   79.7ms | @markiplier looks like eyes in the TV...
[ENTERTAINM] | YouTube  | [Normal]     | 98%    |  118.9ms | please give me 10000 :heavy_dollar_sign:...
[ENTERTAINM] | YouTube  | [Normal]     | 93%    |   73.4ms | yeeeeeeeeeeeeeees...
[GAMING/GAM] | YouTube  | [Normal]     | 94%    |   68.1ms | extra plank at the pier...
[GAMING/GAM] | YouTube  | [Normal]     | 97%    |   70.5ms | EXTRA SACK IN BASEMENT...
[ENTERTAINM] | YouTube  | [Normal]     | 97%    |   77.7ms | been watching since the intros!!!...
[NEWS/LIVE ] | YouTube  | [Normal]     | 96%    |   61.7ms | All lives matter Michael...
[GAMING/GAM] | YouTube  | [Normal]     | 97%    |   74.0ms | Extra bottle by door on pier!!...
[GAMING/GAM] | YouTube  | [Normal]     | 93%    |   61.2ms | EXTRA BOTTLE PIER...
[GAMING/GAM] | YouTube  | [Normal]     | 96%    |   67.3ms | it's the wind!...
[GAMING/GAM] | YouTube  | [Normal]     | 97%    |   68.3ms | light in yard??...
[GAMING/SUR] | YouTube  | [Normal]     | 95%    |   70.9ms | that game looks like gta mad max...
[GAMING/GAM] | YouTube  | [Normal]     | 96%    |   81.1ms | the light is changing a bit  but no anom...
[GAMING/GAM] | YouTube  | [Normal]     | 88%    |   65.6ms | cross on the dock...
[ENTERTAINM] | YouTube  | [Normal]     | 97%    |   59.1ms | please gift me...
[GAMING/GAM] | YouTube  | [Normal]     | 87%    |   71.1ms | WE ALL BELIEVED IN YOU MARKKKK...
[PSYCHOLOGY] | YouTube  | [Normal]     | 96%    |   83.2ms | @Moonlight_dark-47 thank you bro...
[GAMING/GAM] | YouTube  | [Normal]     | 77%    |   73.8ms | haha too much wood...
[GAMING/GAM] | YouTube  | [Normal]     | 97%    |   58.8ms | THE FUSE BOX...
[GAMING/GAM] | YouTube  | [Normal]     | 94%    |   77.3ms | Why can’t I send super chats...
[ENTERTAINM] | YouTube  | [Normal]     | 90%    |   62.6ms | USA...
[ENTERTAINM] | YouTube  | [Normal]     | 94%    |   56.9ms | indonesia...
[GAMING/GAM] | YouTube  | [Normal]     | 87%    |   63.3ms | no...
[GAMING/GAM] | YouTube  | [Normal]     | 94%    |   69.6ms | smaller barrel basement=...
[ENTERTAINM] | YouTube  | [Normal]     | 93%    |   59.8ms | Ukraine...
[GAMING/SUR] | YouTube  | [Normal]     | 94%    |   60.1ms | Rust is 100...
[GAMING/GAM] | YouTube  | [Normal]     | 94%    |   72.3ms | henlo mr observation duty iplier...
[ENTERTAINM] | YouTube  | [Normal]     | 94%    |   55.4ms | Hi...
[SELF-HELP/] | YouTube  | [Normal]     | 94%    |   84.2ms | @laffeybunn8557 bro just take the first ...
[ENTERTAINM] | YouTube  | [Normal]     | 92%    |   59.3ms | Russia...
[GAMING/GAM] | YouTube  | [Normal]     | 86%    |   93.9ms | Every time I see Mark I think of "Where'...
[ENTERTAINM] | YouTube  | [Normal]     | 97%    |   98.2ms | i haven't receive my cookie yet i haven'...
[GAMING/SUR] | YouTube  | [Normal]     | 93%    |   60.1ms | Yes...
[ENTERTAINM] | YouTube  | [Normal]     | 91%    |   62.9ms | Australia...
[GAMING/SUR] | YouTube  | [HATE]       | 48%    |   75.9ms | Go oil let them set up turrets...
[MUSIC/CHIL] | YouTube  | [Normal]     | 98%    |  146.2ms | Rich with neighbour wifi :face_with_tear...
[GAMING/GAM] | YouTube  | [Normal]     | 91%    |  119.3ms | camera malfunction means the camera does...
[GAMING/SUR] | YouTube  | [Normal]     | 87%    |   66.7ms | get turrets up...
[ENTERTAINM] | YouTube  | [Normal]     | 94%    |   64.1ms | 1...
[GAMING/GAM] | YouTube  | [Normal]     | 93%    |   68.4ms | Think that was there before...
[GAMING/GAM] | YouTube  | [Normal]     | 81%    |   68.6ms | Too many pillars in the stairwell...
[ENTERTAINM] | YouTube  | [Normal]     | 93%    |   63.3ms | India...
[GAMING/GAM] | YouTube  | [Normal]     | 90%    |   79.4ms | light anomaly in the yard good sir...
[GAMING/GAM] | YouTube  | [Normal]     | 96%    |   67.1ms | barrels in basement...
[GAMING/GAM] | YouTube  | [Normal]     | 97%    |   73.9ms | THE FUSE BOX IS OPEN!!!...
[GAMING/GAM] | YouTube  | [Normal]     | 39%    |   56.4ms | Goon...
[ENTERTAINM] | YouTube  | [Normal]     | 94%    |   58.6ms | 1...
[GAMING/SUR] | YouTube  | [Normal]     | 96%    |   99.0ms | Dude I love welyn can’t wait to see his ...
[GAMING/GAM] | YouTube  | [Normal]     | 96%    |   65.3ms | Spinning pillar in stairwell...
[ENTERTAINM] | YouTube  | [Normal]     | 94%    |   52.3ms | 1...
[ENTERTAINM] | YouTube  | [Normal]     | 94%    |   57.7ms | 1...
[GAMING/GAM] | YouTube  | [Normal]     | 97%    |   64.9ms | The yard!!!...
[GAMING/GAM] | YouTube  | [Normal]     | 96%    |   65.1ms | pillar spinning in stairway...
[GAMING/GAM] | YouTube  | [Normal]     | 96%    |   63.4ms | HI mark...
[GAMING/GAM] | YouTube  | [Normal]     | 95%    |   63.1ms | movement...
[GAMING/GAM] | YouTube  | [Normal]     | 97%    |   69.4ms | radio. under the stairs...
[GAMING/GAM] | YouTube  | [Normal]     | 94%    |   60.1ms | LIGHTHOUSE SPINNING OTHER WAY...
[GAMING/GAM] | YouTube  | [Normal]     | 89%    |   58.0ms | YOOOO...
[GAMING/GAM] | YouTube  | [Normal]     | 97%    |   81.3ms | Did the ladder move on the Lantern room...
[GAMING/GAM] | YouTube  | [Normal]     | 95%    |   64.7ms | EWW...
[GAMING/GAM] | YouTube  | [Normal]     | 95%    |   64.8ms | featuring the creature...
[GAMING/GAM] | YouTube  | [Normal]     | 96%    |   76.4ms | Fuse box pl I beg...
[GAMING/GAM] | YouTube  | [Normal]     | 74%    |   65.2ms | he be crawlin...
[GAMING/GAM] | YouTube  | [Normal]     | 94%    |   66.5ms | THEY ROTATED THE BARRELS...
[GAMING/GAM] | YouTube  | [Normal]     | 53%    |   82.9ms | wonder what they do to "fix" it...
[GAMING/GAM] | YouTube  | [Normal]     | 96%    |   59.6ms | FUSE BOX...
[GAMING/GAM] | YouTube  | [Normal]     | 84%    |   79.6ms | movement on barrels they weren't facing ...
[GAMING/GAM] | YouTube  | [HATE]       | 36%    |   65.2ms | Youre crazy...
[ENTERTAINM] | YouTube  | [Normal]     | 96%    |   85.4ms | iiiiiiiiiiiiiiiiiiiiiiiiiiiiiiiiiiiiiii...
[GAMING/SUR] | YouTube  | [Normal]     | 92%    |   70.7ms | You had extra scrap SOMEWHERE...
[GAMING/GAM] | YouTube  | [Normal]     | 91%    |   61.6ms | WE ARE TRYING...
[ENTERTAINM] | YouTube  | [Normal]     | 98%    |  226.1ms | sir please please help me sir please hel...
[PSYCHOLOGY] | YouTube  | [Normal]     | 95%    |   66.7ms | :(...
[GAMING/GAM] | YouTube  | [Normal]     | 96%    |   85.4ms | I just watched ur other vids on observat...
[ENTERTAINM] | YouTube  | [Normal]     | 97%    |   69.1ms | hi :waving_hand:...
[MUSIC/CHIL] | YouTube  | [Normal]     | 98%    |  124.9ms | momo:face-blue-smiling::face-blue-smilin...
[GAMING/GAM] | YouTube  | [Normal]     | 95%    |   91.6ms | wasn't there 4 mousetraps in the basemen...
[GAMING/GAM] | YouTube  | [Normal]     | 93%    |   77.4ms | the pillar in the stairwell maybe...
[PSYCHOLOGY] | YouTube  | [Normal]     | 95%    |   92.0ms | dissregulation...
[GAMING/SUR] | YouTube  | [Normal]     | 88%    |   88.4ms | hear helo...
[ENTERTAINM] | YouTube  | [Normal]     | 97%    |   84.3ms | :pirate_flag:...
[MUSIC/CHIL] | YouTube  | [Normal]     | 97%    |  107.2ms | :face-turquoise-covering-eyes:...
[GAMING/GAM] | YouTube  | [Normal]     | 96%    |   71.9ms | MARK BARRELS...
[ENTERTAINM] | YouTube  | [Normal]     | 98%    |  125.0ms | :triangular_flag::triangular_flag::trian...
[ENTERTAINM] | YouTube  | [Normal]     | 91%    |   81.3ms | hiie...
[GAMING/GAM] | YouTube  | [Normal]     | 95%    |   97.5ms | this is bros next movie...
[GAMING/GAM] | YouTube  | [Normal]     | 95%    |  105.6ms | At the lighthouse the object that hangin...
[MUSIC/CHIL] | YouTube  | [Normal]     | 96%    |   89.5ms | evaru jagrata?...
[ENTERTAINM] | YouTube  | [Normal]     | 95%    |   71.8ms | hii...
[GAMING/GAM] | YouTube  | [Normal]     | 97%    |   71.2ms | rotat...
[MUSIC/CHIL] | YouTube  | [Normal]     | 96%    |  104.3ms | Rabbia i am good and you:red_heart:...
[ENTERTAINM] | YouTube  | [Normal]     | 95%    |   81.2ms | hiii...
[PSYCHOLOGY] | YouTube  | [Normal]     | 78%    |  168.6ms | I heard the joke that when aliens will v...
[GAMING/GAM] | YouTube  | [Normal]     | 96%    |   84.7ms | shadow moved in bain...
[ENTERTAINM] | YouTube  | [Normal]     | 97%    |   81.8ms | Welcome New Member!...
[SPORTS/FOO] | YouTube  | [Normal]     | 95%    |   94.5ms | ternate...
[GAMING/GAM] | YouTube  | [Normal]     | 96%    |   95.3ms | MUG MISSING FROM TOP OF LIGHTHOUSE TABLE...
[GAMING/GAM] | YouTube  | [Normal]     | 97%    |   88.3ms | Extra object on table  top of light hous...
[ENTERTAINM] | YouTube  | [Normal]     | 95%    |   92.7ms | Do virat kohli poll...
[GAMING/GAM] | YouTube  | [Normal]     | 95%    |  131.1ms | There's a bottle on the front crates in ...
[ENTERTAINM] | YouTube  | [Normal]     | 95%    |   77.9ms | congratulations...
[GAMING/GAM] | YouTube  | [Normal]     | 95%    |  103.6ms | Theres a light on the door in the yard!...
[PSYCHOLOGY] | YouTube  | [Normal]     | 94%    |  117.7ms | I can't remeber if anima or animus is ma...
[ENTERTAINM] | YouTube  | [Normal]     | 97%    |  136.9ms | thank you Jimmy for deciding to join the...
[GAMING/GAM] | YouTube  | [Normal]     | 96%    |   81.5ms | the light is mine...
[MUSIC/CHIL] | YouTube  | [Normal]     | 94%    |   71.1ms | kya...
[ENTERTAINM] | YouTube  | [Normal]     | 97%    |   96.9ms | :man_raising_hand:...
[ENTERTAINM] | YouTube  | [Normal]     | 92%    |   89.1ms | How do you feel right now...
[GAMING/SUR] | YouTube  | [Normal]     | 88%    |   90.0ms | hey i have that ak skin...
[ENTERTAINM] | YouTube  | [Normal]     | 98%    |  195.2ms | :fog::fog::fog::neutral_face::neutral_fa...
[GAMING/GAM] | YouTube  | [Normal]     | 94%    |   86.7ms | Silver lounge...
[GAMING/SUR] | YouTube  | [Normal]     | 97%    |   92.3ms | wow he does read youtube chat lol...
[MUSIC/CHIL] | YouTube  | [Normal]     | 92%    |   83.7ms | exit...
[SELF-HELP/] | YouTube  | [Normal]     | 95%    |   98.4ms | doing it right now ngl...
[GAMING/GAM] | YouTube  | [Normal]     | 94%    |   93.5ms | BROKEN RAIL ON LEFT MOVED IN STAIRWELL...
[ENTERTAINM] | YouTube  | [Normal]     | 98%    |  437.6ms | :revolving_hearts::revolving_hearts::rev...
[GAMING/GAM] | YouTube  | [Normal]     | 97%    |   89.9ms | ROTATING PILLAR IN STAIRWELL!!!!...
[ENTERTAINM] | YouTube  | [Normal]     | 96%    |  100.3ms | МИСТЕР БИСТ...
[GAMING/GAM] | YouTube  | [Normal]     | 95%    |   75.3ms | stair well railing moved...
[GAMING/GAM] | YouTube  | [Normal]     | 97%    |   87.4ms | thank you :3...
[GAMING/GAM] | YouTube  | [Normal]     | 96%    |   94.2ms | We watch distractible  man. Come on now....
[ENTERTAINM] | YouTube  | [Normal]     | 97%    |   82.3ms | Love from India...
[ENTERTAINM] | YouTube  | [Normal]     | 93%    |   67.6ms | india...
[GAMING/GAM] | YouTube  | [Normal]     | 95%    |   79.2ms | PICTURE ABOVE BED...
[ENTERTAINM] | YouTube  | [Normal]     | 95%    |   85.1ms | hii mr beast...
[GAMING/GAM] | YouTube  | [Normal]     | 95%    |   85.8ms | THE OTHER BOTTLE ON THE PIER...
[GAMING/GAM] | YouTube  | [Normal]     | 83%    |   77.7ms | wrong bottle...
[ENTERTAINM] | YouTube  | [Normal]     | 95%    |   86.1ms | 10k LEFT...
[GAMING/GAM] | YouTube  | [Normal]     | 95%    |   99.1ms | RED BARREL IN THE BASEMENTTTTT...
[ENTERTAINM] | YouTube  | [Normal]     | 81%    |   95.9ms | Where are you from/are you...
[GAMING/GAM] | YouTube  | [Normal]     | 97%    |   96.4ms | Broken red railing in the spiral stairca...
[GAMING/SUR] | YouTube  | [Normal]     | 92%    |   87.3ms | hahahahaahaha...
[ENTERTAINM] | YouTube  | [Normal]     | 82%    |  196.9ms | dhoni x messi:goat::goat::goat::goat::go...
[GAMING/GAM] | YouTube  | [Normal]     | 96%    |   72.4ms | stairWELL mark...
[GAMING/GAM] | YouTube  | [Normal]     | 94%    |  112.5ms | BigFoot is no longer in gaming limbo  an...
[GAMING/GAM] | YouTube  | [Normal]     | 91%    |  100.2ms | MARK THE GAS CAN MOVED IN THE YARD IM TE...
[SELF-HELP/] | YouTube  | [Normal]     | 94%    |   84.5ms | Hi...
[PSYCHOLOGY] | YouTube  | [Normal]     | 77%    |   82.3ms | Let him think...
[MUSIC/CHIL] | YouTube  | [Normal]     | 92%    |  118.6ms | it's against my morals to treat harshly ...
[GAMING/SUR] | YouTube  | [Normal]     | 92%    |   89.3ms | RIP Roe Jogan...
[GAMING/GAM] | YouTube  | [Normal]     | 93%    |   83.8ms | LIGHT ANOMALY AT THE YARD...
[ENTERTAINM] | YouTube  | [Normal]     | 98%    |   96.4ms | Historical live :rocket::rocket::rocket:...
[PSYCHOLOGY] | YouTube  | [Normal]     | 98%    |   89.7ms | chat am I cooked?...
[ENTERTAINM] | YouTube  | [Normal]     | 98%    |  271.1ms | wow :star_struck::star_struck::star_stru...
[ENTERTAINM] | YouTube  | [Normal]     | 98%    |  250.9ms | :face-blue-wide-eyes::face-blue-wide-eye...
[ENTERTAINM] | YouTube  | [Normal]     | 96%    |   90.8ms | hiiiiiiiiiiiii...
[GAMING/GAM] | YouTube  | [Normal]     | 88%    |   85.6ms | nooo there is one...
[ENTERTAINM] | YouTube  | [Normal]     | 94%    |   91.1ms | pls say umar pls sir...
[ENTERTAINM] | YouTube  | [Normal]     | 97%    |  114.7ms | :text-green-game-over::text-green-game-o...
[MUSIC/CHIL] | YouTube  | [Normal]     | 98%    |  101.7ms | Lisa :smiling_face_with_halo::bouquet:...
[ENTERTAINM] | YouTube  | [Normal]     | 94%    |   80.9ms | WERE GETTING IT THERE 500 MILL...
[ENTERTAINM] | YouTube  | [Normal]     | 85%    |   73.5ms | INDONESIAN HERE...
[GAMING/GAM] | YouTube  | [Normal]     | 87%    |   79.5ms | NOW WE ARE DROWNING...
[ENTERTAINM] | YouTube  | [Normal]     | 98%    |  106.5ms | :star:big fan Jimmy :star:...
[GAMING/GAM] | YouTube  | [Normal]     | 98%    |  100.8ms | purple on the railing of the lighthouse!...
[MUSIC/CHIL] | YouTube  | [Normal]     | 97%    |  102.1ms | los recogen rápido...
[GAMING/GAM] | YouTube  | [Normal]     | 91%    |   72.9ms | Turn...
[ENTERTAINM] | YouTube  | [Normal]     | 98%    |  230.0ms | :whistle-red-blow::whistle-red-blow::whi...
[GAMING/GAM] | YouTube  | [Normal]     | 92%    |   83.3ms | No Mark tell us...
[GAMING/GAM] | YouTube  | [Normal]     | 75%    |   98.8ms | Mark soundin like an annoyed mom...
[GAMING/GAM] | YouTube  | [Normal]     | 95%    |   90.3ms | OBJECT MOVEMENT CANNISTER IN LIGHT...
[GAMING/GAM] | YouTube  | [Normal]     | 86%    |   82.7ms | UNDER THE BED...
[GAMING/SUR] | YouTube  | [Normal]     | 90%    |   81.0ms | Make me laugh...
[ENTERTAINM] | YouTube  | [Normal]     | 95%    |   77.8ms | hello...
[GAMING/SUR] | YouTube  | [Normal]     | 95%    |   81.5ms | E BRANCH...
[ENTERTAINM] | YouTube  | [Normal]     | 94%    |   83.4ms | hi from...
[GAMING/GAM] | YouTube  | [Normal]     | 96%    |   90.6ms | LIGHT ANAMOLY OUTSIDE...
[GAMING/GAM] | YouTube  | [Normal]     | 92%    |   86.9ms | RAILING LEFT...
[GAMING/GAM] | YouTube  | [Normal]     | 96%    |  101.8ms | BROKEN RAIL STAIRWELL MOVED!...
[MUSIC/CHIL] | YouTube  | [Normal]     | 94%    |   69.1ms | 74...
[GAMING/GAM] | YouTube  | [Normal]     | 91%    |  118.8ms | Mark! You should play Ena Dream BBQ  I t...
[GAMING/SUR] | YouTube  | [Normal]     | 96%    |   98.4ms | Play Marathon  it's a really good game t...
[GAMING/GAM] | YouTube  | [Normal]     | 96%    |   84.6ms | Missing object on interior...
[GAMING/SUR] | YouTube  | [Normal]     | 96%    |   91.3ms | Oh no. Wire everywhere incoming...
[GAMING/GAM] | YouTube  | [Normal]     | 96%    |   74.7ms | Hi mark...
[GAMING/SUR] | YouTube  | [Normal]     | 90%    |   81.3ms | Root combiners...
[GAMING/SUR] | YouTube  | [Normal]     | 95%    |   93.5ms | Awe… did Roe Jogan pass?...
[GAMING/GAM] | YouTube  | [Normal]     | 90%    |  142.5ms | You should make the movie adaptation of ...
[ENTERTAINM] | YouTube  | [Normal]     | 98%    |   90.8ms | 1 billion before GTA6?...
[GAMING/GAM] | YouTube  | [Normal]     | 93%    |  107.6ms | is iron lung going to be on a streaming ...
[ENTERTAINM] | YouTube  | [Normal]     | 95%    |   92.1ms | hello...
[ENTERTAINM] | YouTube  | [Normal]     | 94%    |   84.8ms | please give me iphone...
[ENTERTAINM] | YouTube  | [Normal]     | 94%    |   73.7ms | hi...
[GAMING/SUR] | YouTube  | [Normal]     | 93%    |   94.9ms | ELEC BRANCH ONLY 10 POWER PER...
[NEWS/LIVE ] | YouTube  | [Normal]     | 87%    |  102.9ms | Boston is like the Cancer Capital of the...
[GAMING/GAM] | YouTube  | [Normal]     | 91%    |   78.9ms | top left...
[LIFESTYLE/] | YouTube  | [Normal]     | 90%    |  154.5ms | I wonder if this man on the road needs h...
[ENTERTAINM] | YouTube  | [Normal]     | 94%    |   74.2ms | hi...
[GAMING/GAM] | YouTube  | [Normal]     | 85%    |   99.8ms | you’re almost to the end!!!...
[GAMING/GAM] | YouTube  | [Normal]     | 81%    |  144.5ms | Railing in the stairwell changed I'm not...
[GAMING/GAM] | YouTube  | [Normal]     | 96%    |  102.1ms | STAIRWELL: left side railing moved  you ...
[GAMING/GAM] | YouTube  | [Normal]     | 97%    |   94.0ms | Missing item in interior! under the map!...
[GAMING/GAM] | YouTube  | [Normal]     | 91%    |   89.2ms | must have been the wind...
[ENTERTAINM] | YouTube  | [Normal]     | 72%    |   80.1ms | CONGRATSSS...
[GAMING/SUR] | YouTube  | [Normal]     | 94%    |   66.6ms | 10...
[ENTERTAINM] | YouTube  | [Normal]     | 94%    |   76.3ms | congrats...
[PSYCHOLOGY] | YouTube  | [Normal]     | 87%    |  109.3ms | omg i wanna hear her day " get in the ch...
[GAMING/SUR] | YouTube  | [Normal]     | 96%    |  105.4ms | my adhd loves how the power boxes are pe...
[ENTERTAINM] | YouTube  | [Normal]     | 98%    |  119.3ms | :triangular_flag::triangular_flag::trian...
[GAMING/GAM] | YouTube  | [Normal]     | 96%    |  117.5ms | MARK THE RAILING HAS MOVED IN THE STAIRW...
[GAMING/GAM] | YouTube  | [Normal]     | 95%    |  100.4ms | MISSING OBJECT ON THE DESK IN INTERIOR...
[ENTERTAINM] | YouTube  | [Normal]     | 96%    |   81.0ms | New member...
[ENTERTAINM] | YouTube  | [Normal]     | 97%    |  441.4ms | :finger-red-number-one::finger-red-numbe...
[GAMING/GAM] | YouTube  | [Normal]     | 95%    |   88.7ms | there is a camera anomaly top left...
[GAMING/GAM] | YouTube  | [Normal]     | 97%    |   87.1ms | EXTRA SACK IN BASEMENT...
[GAMING/GAM] | YouTube  | [Normal]     | 94%    |   89.1ms | missing object  typewriter  desk  interi...
[GAMING/SUR] | YouTube  | [Normal]     | 94%    |   81.0ms | RIP...
[GAMING/GAM] | YouTube  | [Normal]     | 94%    |   68.8ms | AAA...
[ENTERTAINM] | YouTube  | [Normal]     | 97%    |  164.0ms | :red_heart::red_heart::red_heart::red_he...
[GAMING/GAM] | YouTube  | [Normal]     | 85%    |   88.7ms | DEMON...
[ENTERTAINM] | YouTube  | [Normal]     | 97%    |   68.2ms | Mr beast can I have a cookie...
[GAMING/GAM] | YouTube  | [Normal]     | 87%    |   94.4ms | I think there's an intruder in the basem...
[GAMING/GAM] | YouTube  | [Normal]     | 94%    |   64.7ms | dear lord...
[GAMING/GAM] | YouTube  | [Normal]     | 93%    |   60.0ms | THAT GOT ME...
[MUSIC/CHIL] | YouTube  | [Normal]     | 96%    |  187.7ms | mai shadi karunga tab aogii aap ???:roll...
[GAMING/GAM] | YouTube  | [Normal]     | 89%    |  178.2ms | THE BBROKEN RAILING IN THE STAIRWELL MOV...
[GAMING/GAM] | YouTube  | [Normal]     | 92%    |   94.1ms | BROKEN RAIL OBJECT MOVEMENT IN STAIRWELL...
[GAMING/GAM] | YouTube  | [Normal]     | 85%    |   98.0ms | DEAD BODY ON CABIN...
[GAMING/GAM] | YouTube  | [Normal]     | 95%    |  100.1ms | smoke in yard...
[ENTERTAINM] | YouTube  | [Normal]     | 94%    |   97.2ms | hi me...
[ENTERTAINM] | YouTube  | [Normal]     | 93%    |   93.4ms | hi from Kurdistan...
[GAMING/SUR] | YouTube  | [Normal]     | 94%    |  119.7ms | @fomo_9386 everyone almost cares...
[GAMING/GAM] | YouTube  | [Normal]     | 93%    |   97.9ms | desk missing object  interior...
[GAMING/GAM] | YouTube  | [Normal]     | 94%    |   79.7ms | IT DID...
[SELF-HELP/] | YouTube  | [OFFENSIVE]  | 35%    |   77.3ms | because intelligence bad...
[GAMING/GAM] | YouTube  | [Normal]     | 94%    |   81.1ms | 30 to go!...
[ENTERTAINM] | YouTube  | [Normal]     | 96%    |  103.2ms | What’s it like having the most subscribe...
[ENTERTAINM] | YouTube  | [Normal]     | 95%    |   71.7ms | please help...
[SELF-HELP/] | YouTube  | [Normal]     | 42%    |   84.4ms | too high iq is detrimental...
[GAMING/GAM] | YouTube  | [Normal]     | 96%    |   87.3ms | MISSING ITEM BY INTERIOR DESK...
[GAMING/GAM] | YouTube  | [Normal]     | 95%    |   82.9ms | Railing moved a little...
[SELF-HELP/] | YouTube  | [Normal]     | 95%    |   77.1ms | Idk...
[SELF-HELP/] | YouTube  | [Normal]     | 72%    |  107.5ms | Because that’s the average duhhh...
[GAMING/GAM] | YouTube  | [Normal]     | 95%    |  105.1ms | the top of the lighthouse down right cor...
[ENTERTAINM] | YouTube  | [Normal]     | 95%    |   98.7ms | Zoybean Pod!!!!...
[GAMING/GAM] | YouTube  | [Normal]     | 96%    |  120.3ms | :_markiSHUSH::_markiDEEP::_markiBRAIN:...
[GAMING/GAM] | YouTube  | [Normal]     | 92%    |  102.7ms | :brain::brain::brain::brain:...
[ENTERTAINM] | YouTube  | [Normal]     | 90%    |   64.3ms | ไง...
[GAMING/GAM] | YouTube  | [Normal]     | 91%    |  101.5ms | yeeeeeeeeaaaaaaasssssss...
[ENTERTAINM] | YouTube  | [Normal]     | 53%    |   89.5ms | wsp Jimmmyyy...
[GAMING/GAM] | YouTube  | [Normal]     | 95%    |   81.3ms | 2Nd!!!!...
[GAMING/GAM] | YouTube  | [Normal]     | 93%    |   75.4ms | YOU"RE WELCOME...
[ENTERTAINM] | YouTube  | [Normal]     | 97%    |  224.5ms | :face_screaming_in_fear::face_screaming_...
[SELF-HELP/] | YouTube  | [Normal]     | 94%    |   99.7ms | being smart is stressful and depressing...
[ENTERTAINM] | YouTube  | [Normal]     | 93%    |  101.6ms | DANIEL MAU 1JT DOLAR BANG MISTER BIS...
[GAMING/SUR] | YouTube  | [Normal]     | 83%    |   93.0ms | omg PEANUT YOURE MAKING IT WAY TO DIFFIC...
[GAMING/SUR] | YouTube  | [Normal]     | 80%    |   84.0ms | half wall the back side...
[GAMING/GAM] | YouTube  | [Normal]     | 61%    |   99.2ms | damn they really did an ARE YOU A ROBOT ...
[ENTERTAINM] | YouTube  | [Normal]     | 91%    |   75.7ms | w...
[GAMING/GAM] | YouTube  | [Normal]     | 87%    |   77.6ms | Broken rail movement...
[GAMING/GAM] | YouTube  | [Normal]     | 92%    |  125.2ms | Oooo... Don't die in the end... >-<...
[GAMING/GAM] | YouTube  | [Normal]     | 91%    |   95.2ms | hey mark I found an anomaly behind you...
[GAMING/GAM] | YouTube  | [Normal]     | 96%    |   73.6ms | WE WON...
[ENTERTAINM] | YouTube  | [Normal]     | 96%    |  141.9ms | @MrBeast I been watching you since 2022 ...
[ENTERTAINM] | YouTube  | [Normal]     | 96%    |   83.3ms | превет...
[ENTERTAINM] | YouTube  | [Normal]     | 98%    |  194.6ms | Winning a random person":coconut::coconu...
[ENTERTAINM] | YouTube  | [Normal]     | 91%    |  103.9ms | So  do you think that 1 Billion subs IS ...
[ENTERTAINM] | YouTube  | [Normal]     | 93%    |   88.0ms | hello mr beast...
[ENTERTAINM] | YouTube  | [Normal]     | 95%    |   67.8ms | Congratulations...
[ENTERTAINM] | YouTube  | [Normal]     | 97%    |  114.1ms | I'm 19 years old and I work in a Russian...
[GAMING/GAM] | YouTube  | [Normal]     | 91%    |   68.3ms | W...
[GAMING/GAM] | YouTube  | [Normal]     | 83%    |   96.5ms | Dun dun dun dunnnn.. dun dun dun dun...
[SELF-HELP/] | YouTube  | [Normal]     | 74%    |   68.1ms | no taxes...
[GAMING/GAM] | YouTube  | [Normal]     | 95%    |   76.8ms | NUMBER 1 <3...
[GAMING/GAM] | YouTube  | [Normal]     | 93%    |   89.1ms | NO IM NOT A HUMAN MOVIE PLS...
[ENTERTAINM] | YouTube  | [Normal]     | 95%    |   68.2ms | XD...
[GAMING/GAM] | YouTube  | [Normal]     | 95%    |   70.6ms | yay...
[GAMING/GAM] | YouTube  | [Normal]     | 96%    |  106.3ms | when is it coming to BRAZIL?????...
[ENTERTAINM] | YouTube  | [Normal]     | 94%    |   79.2ms | hi...
[GAMING/SUR] | YouTube  | [Normal]     | 89%    |   79.1ms | DO IT...
[ENTERTAINM] | YouTube  | [Normal]     | 92%    |   90.5ms | Hi mrbeast...
[SELF-HELP/] | YouTube  | [HATE]       | 69%    |   88.8ms | autistic traits lend to higher intellige...
[GAMING/GAM] | YouTube  | [Normal]     | 96%    |  155.0ms | Wait is this Iron Lung??? The #1 movie i...
[ENTERTAINM] | YouTube  | [Normal]     | 98%    |  178.4ms | :red_heart::red_heart::red_heart::red_he...
[GAMING/GAM] | YouTube  | [Normal]     | 91%    |  117.2ms | SO MUCH fanart of you in that shirtless ...
[ENTERTAINM] | YouTube  | [Normal]     | 95%    |   75.3ms | HELLO...
[ENTERTAINM] | YouTube  | [Normal]     | 98%    |  451.8ms | :buffering::stayhome::dothefive::person-...
[GAMING/GAM] | YouTube  | [Normal]     | 96%    |   76.7ms | outer wilds time...
[GAMING/GAM] | YouTube  | [Normal]     | 97%    |  118.8ms | I enjoyed the movie in Indiana  can’t wa...
[GAMING/SUR] | YouTube  | [Normal]     | 77%    |   90.1ms | That guy is super annoying...
[GAMING/GAM] | YouTube  | [Normal]     | 95%    |   77.2ms | GOODNIGHT...
[GAMING/GAM] | YouTube  | [Normal]     | 61%    |   82.4ms | WE ARE WIENERS...
[GAMING/GAM] | YouTube  | [Normal]     | 97%    |   89.2ms | Marky moo I love you...
[GAMING/GAM] | YouTube  | [Normal]     | 93%    |   81.9ms | YAYYY...
[GAMING/GAM] | YouTube  | [Normal]     | 96%    |   92.7ms | is it showing in UK???...
[GAMING/GAM] | YouTube  | [Normal]     | 91%    |   75.2ms | WHEN WHEN WHEN...
[GAMING/GAM] | YouTube  | [Normal]     | 86%    |  102.1ms | yeah  I can't leave the house...
[MUSIC/CHIL] | YouTube  | [Normal]     | 95%    |   98.8ms | :candy:...
[MUSIC/CHIL] | YouTube  | [Normal]     | 98%    |  123.5ms | :face-blue-wide-eyes::face-blue-wide-eye...
[ENTERTAINM] | YouTube  | [Normal]     | 94%    |   74.5ms | Hi...
[ENTERTAINM] | YouTube  | [Normal]     | 95%    |   87.4ms | 88888...
[GAMING/SUR] | YouTube  | [Normal]     | 89%    |  104.0ms | WELYNS KNOW WE APPREACIATE YOU...
[MUSIC/CHIL] | YouTube  | [Normal]     | 97%    |  103.0ms | lovely :smiling_face_with_heart_eyes:...
[GAMING/GAM] | YouTube  | [Normal]     | 92%    |   89.2ms | Yeah...
[GAMING/GAM] | YouTube  | [Normal]     | 87%    |  116.7ms | I have low blood sugar I can’t focus i s...
[ENTERTAINM] | YouTube  | [Normal]     | 94%    |   84.6ms | hi...
[GAMING/GAM] | YouTube  | [Normal]     | 98%    |  103.4ms | ONE EXTRA RED LIGHT IN COCKPIT TOP LEFT ...
[GAMING/GAM] | YouTube  | [Normal]     | 93%    |   98.8ms | I wasn’t looking...
[SELF-HELP/] | YouTube  | [Normal]     | 74%    |  101.4ms | you are but im not...
[GAMING/GAM] | YouTube  | [Normal]     | 94%    |   98.0ms | the stairwell railing on the stair broke...
[MUSIC/CHIL] | YouTube  | [Normal]     | 98%    |   93.3ms | hello:hand-pink-waving:...
[GAMING/GAM] | YouTube  | [Normal]     | 80%    |   83.0ms | WE’RE NOT DOGS...
[MUSIC/CHIL] | YouTube  | [Normal]     | 95%    |   90.1ms | :thinking_face:...
[GAMING/SUR] | YouTube  | [Normal]     | 94%    |  126.2ms | This is differently not gonna be Maduro ...
[MUSIC/CHIL] | YouTube  | [Normal]     | 98%    |   91.9ms | B R B :comet:...
[GAMING/GAM] | YouTube  | [Normal]     | 96%    |   88.2ms | FREDDY!!!!!...
[GAMING/GAM] | YouTube  | [Normal]     | 84%    |  105.1ms | plane says its on time  anomaly planes a...
[ENTERTAINM] | YouTube  | [Normal]     | 94%    |   82.4ms | congragulation...
[ENTERTAINM] | YouTube  | [Normal]     | 94%    |   68.4ms | hi...
[GAMING/GAM] | YouTube  | [Normal]     | 97%    |   91.2ms | Banana next to mug in the cockpit....
[GAMING/GAM] | YouTube  | [Normal]     | 89%    |   92.9ms | Someone was doing something in that bath...
[GAMING/GAM] | YouTube  | [Normal]     | 93%    |   87.3ms | PERSON IN A SEAT...
[ENTERTAINM] | YouTube  | [Normal]     | 95%    |   75.8ms | Congrats Jimmy...
[GAMING/GAM] | YouTube  | [Normal]     | 92%    |  122.6ms | mannnn he plays observation duty  but he...
[GAMING/SUR] | YouTube  | [Normal]     | 91%    |   83.3ms | !DISCORD...
[GAMING/GAM] | YouTube  | [Normal]     | 97%    |  104.1ms | I gotta run. have fun everyone. Bye Mark...
[ENTERTAINM] | YouTube  | [Normal]     | 97%    |   91.0ms | everyone loves a good heros journey...
[SPORTS/FOO] | YouTube  | [Normal]     | 96%    |  136.1ms | 지금생방아니에요???...
[GAMING/GAM] | YouTube  | [Normal]     | 55%    |   94.2ms | ALIEN LOOKING THING IN THE BACK OF THE E...
[GAMING/GAM] | YouTube  | [Normal]     | 96%    |   92.2ms | Idk man I just started paying attention...
[GAMING/GAM] | YouTube  | [Normal]     | 93%    |   91.9ms | I may be crazy but banana moved?...
[ENTERTAINM] | YouTube  | [Normal]     | 95%    |   77.9ms | hello...
[GAMING/GAM] | YouTube  | [Normal]     | 87%    |   78.2ms | Woooooo...
[ENTERTAINM] | YouTube  | [Normal]     | 97%    |   79.4ms | 500M PUSH...
[GAMING/GAM] | YouTube  | [Normal]     | 96%    |  104.7ms | MAY I get banned?...
[GAMING/GAM] | YouTube  | [Normal]     | 95%    |  126.9ms | this round's gonna get a ton of bans lma...
[ENTERTAINM] | YouTube  | [Normal]     | 95%    |  154.5ms | JiMMY can I get a shout out pls? and wha...
[GAMING/GAM] | YouTube  | [Normal]     | 91%    |   89.5ms | NO CAMERA SIGN IN BATHROOM...
[ENTERTAINM] | YouTube  | [Normal]     | 95%    |  104.5ms | Mr beast can you please give me an ipad ...
[GAMING/GAM] | YouTube  | [Normal]     | 93%    |  131.1ms | what has been your favorite horror game?...
[GAMING/GAM] | YouTube  | [HATE]       | 41%    |   93.1ms | what if they british? so social security...
[NEWS/LIVE ] | YouTube  | [Normal]     | 74%    |   82.4ms | STOP THE GENOCIDE...
[GAMING/GAM] | YouTube  | [Normal]     | 91%    |   73.0ms | tuff...
[GAMING/SUR] | YouTube  | [Normal]     | 89%    |   91.3ms | @traviii420 such a bad game...
[ENTERTAINM] | YouTube  | [Normal]     | 96%    |   85.4ms | hii sir...
[MUSIC/CHIL] | YouTube  | [Normal]     | 90%    |  104.1ms | oxigen :loudly_crying_face: yes u should...
[SELF-HELP/] | YouTube  | [Normal]     | 90%    |   89.1ms | how to solve rumination...
[ENTERTAINM] | YouTube  | [Normal]     | 96%    |   99.8ms | can you lower the cost of festable in in...
[GAMING/GAM] | YouTube  | [Normal]     | 95%    |   78.0ms | window by the gate...
[MUSIC/CHIL] | YouTube  | [HATE]       | 62%    |  157.2ms | No fights no friend neutral Raggy today ...
[GAMING/GAM] | YouTube  | [Normal]     | 97%    |   93.3ms | Gate entrance lights swapped I think?...
[GAMING/GAM] | YouTube  | [Normal]     | 91%    |   81.5ms | Mark is going mad with power...
[GAMING/GAM] | YouTube  | [Normal]     | 97%    |   94.5ms | Extra bottle on table with donuts?...
[GAMING/GAM] | YouTube  | [Normal]     | 96%    |   89.7ms | BClass extra hatch open...
[GAMING/GAM] | YouTube  | [OFFENSIVE]  | 86%    |   77.6ms | helllooo...
[ENTERTAINM] | YouTube  | [Normal]     | 95%    |   72.8ms | 67...
[ENTERTAINM] | YouTube  | [Normal]     | 92%    |   85.7ms | Hii you are the best...
[GAMING/GAM] | YouTube  | [Normal]     | 97%    |   77.5ms | COCKPIT FLOOR...
[GAMING/SUR] | YouTube  | [Normal]     | 92%    |   70.8ms | EAT...
[GAMING/GAM] | YouTube  | [Normal]     | 97%    |   87.0ms | Light shining through the cockpit...
[MUSIC/CHIL] | YouTube  | [Normal]     | 98%    |  102.3ms | :musical_notes::rose::cloud:...
[GAMING/SUR] | YouTube  | [Normal]     | 91%    |   80.1ms | i saw a turrent...
[GAMING/GAM] | YouTube  | [Normal]     | 79%    |   83.5ms | spooky...
[MUSIC/CHIL] | YouTube  | [Normal]     | 96%    |   96.1ms | aunque sean del espacio...
[ENTERTAINM] | YouTube  | [Normal]     | 96%    |   83.1ms | Jeeez...
[ENTERTAINM] | YouTube  | [Normal]     | 98%    |  189.2ms | As you soon reach 500 million subscriber...
[GAMING/GAM] | YouTube  | [Normal]     | 81%    |   74.2ms | TOILET...
[ENTERTAINM] | YouTube  | [Normal]     | 85%    |   76.7ms | wooooow...
[ENTERTAINM] | YouTube  | [Normal]     | 95%    |   80.5ms | hellooo...
[MUSIC/CHIL] | YouTube  | [Normal]     | 97%    |  118.7ms | :beer_mug::beer_mug::person_kneeling:...
[ENTERTAINM] | YouTube  | [Normal]     | 96%    |   76.6ms | love you...
[GAMING/GAM] | YouTube  | [Normal]     | 98%    |   74.2ms | B CLASS GREEN LIGHTS...
[GAMING/GAM] | YouTube  | [Normal]     | 97%    |   85.8ms | cockpit blanket on floor...
[GAMING/SUR] | YouTube  | [Normal]     | 94%    |   71.5ms | code leaked...
[GAMING/SUR] | YouTube  | [Normal]     | 85%    |  110.0ms | As long as it’s not the door codes too. ...
[GAMING/SUR] | YouTube  | [Normal]     | 97%    |   94.3ms | Like Minecraft on Fent?...
[ENTERTAINM] | YouTube  | [Normal]     | 96%    |   79.4ms | hi i am korean...
[ENTERTAINM] | YouTube  | [Normal]     | 96%    |   70.7ms | New member...
[GAMING/GAM] | YouTube  | [Normal]     | 94%    |   84.6ms | Economy class white cup...
[GAMING/GAM] | YouTube  | [Normal]     | 92%    |  103.0ms | THERES A MIRROR IN THE TOILET MARKIPLIER...
[GAMING/GAM] | YouTube  | [Normal]     | 88%    |   81.6ms | Intruder top left...
[GAMING/SUR] | YouTube  | [Normal]     | 90%    |  124.0ms | You aren't cooking literally enough. Bro...
[ENTERTAINM] | YouTube  | [Normal]     | 96%    |  121.6ms | :hundred_points::hundred_points::hundred...
[GAMING/GAM] | YouTube  | [Normal]     | 98%    |  136.9ms | Were the boarding gate/termnials always ...
[ENTERTAINM] | YouTube  | [Normal]     | 90%    |   75.9ms | bro you cooked...
[ENTERTAINM] | YouTube  | [Normal]     | 93%    |  126.9ms | @MrBeast BEEN SUBBED SINCE 2019! LOVE U ...
[SELF-HELP/] | YouTube  | [Normal]     | 95%    |   85.6ms | hello...
[NEWS/LIVE ] | YouTube  | [Normal]     | 95%    |   95.8ms | I mistyped because I have BIG hands lol...
[NEWS/LIVE ] | YouTube  | [Normal]     | 98%    |  108.6ms | lol exactly bro:hands-yellow-heart-red:...
[GAMING/SUR] | YouTube  | [Normal]     | 87%    |  102.7ms | LETSSS RIIIIDE!!!...
[GAMING/SUR] | YouTube  | [Normal]     | 98%    |  332.4ms | :face-blue-wide-eyes::face-blue-wide-eye...
[GAMING/SUR] | YouTube  | [Normal]     | 93%    |   75.3ms | USA USA USA...
[MUSIC/CHIL] | YouTube  | [Normal]     | 96%    |   82.6ms | best thi pr wo...
[GAMING/SUR] | YouTube  | [Normal]     | 94%    |   76.1ms | Ride harder...
[MUSIC/CHIL] | YouTube  | [Normal]     | 97%    |  113.5ms | abe chal na :face_with_tears_of_joy:...
[SELF-HELP/] | YouTube  | [Normal]     | 97%    |   79.4ms | is it a domestic flight?...
[GAMING/SUR] | YouTube  | [OFFENSIVE]  | 68%    |  154.1ms | :_LetsGo::_LetsGo::_LetsGo::_LetsRide::_...
[GAMING/SUR] | YouTube  | [OFFENSIVE]  | 73%    |   96.1ms | LETSSS GOOOOOOOOOOOOOO...
[GAMING/SUR] | YouTube  | [Normal]     | 88%    |   94.5ms | Thank god I don’t gotta watch hutch...
[GAMING/SUR] | YouTube  | [Normal]     | 86%    |   77.1ms | SLUR SATURDAY...
[GAMING/SUR] | YouTube  | [Normal]     | 95%    |  122.7ms | Hopefully he isn’t half asleep still :fa...
[MUSIC/CHIL] | YouTube  | [Normal]     | 96%    |   78.0ms | Nikita hy...
[GAMING/SUR] | YouTube  | [OFFENSIVE]  | 50%    |   84.6ms | godll cut ya down...
[MUSIC/CHIL] | YouTube  | [Normal]     | 96%    |   88.7ms | 300 € tamborilero...
[MUSIC/CHIL] | YouTube  | [Normal]     | 74%    |  105.5ms | abhy lol :woman_shrugging:...
[GAMING/SUR] | YouTube  | [OFFENSIVE]  | 58%    |   94.1ms | Where’s Gingy?...
[GAMING/SUR] | YouTube  | [Normal]     | 79%    |   92.0ms | What happened to your whiskey throat?...
[GAMING/SUR] | YouTube  | [Normal]     | 93%    |  109.7ms | Gingy and rouge have done a lot of work...
[GAMING/SUR] | YouTube  | [Normal]     | 97%    |  130.6ms | :crown::crown: LONG LIVE THE KING PEANUT...
[GAMING/SUR] | YouTube  | [Normal]     | 94%    |   86.7ms | nice...
[PSYCHOLOGY] | YouTube  | [Normal]     | 96%    |   96.3ms | aaaaalrighty chat...
[MUSIC/CHIL] | YouTube  | [Normal]     | 96%    |  182.3ms | sam ila matladte ninnu annaya :pensive_f...
[PSYCHOLOGY] | YouTube  | [Normal]     | 97%    |  159.2ms | StreamElements bot running :robot: - Lea...
[GAMING/SUR] | YouTube  | [Normal]     | 96%    |   78.0ms | WHEEL OF FORTUNE...
[GAMING/SUR] | YouTube  | [Normal]     | 95%    |   79.2ms | DELIRIOUS...
[GAMING/SUR] | YouTube  | [Normal]     | 91%    |   77.6ms | Door...
[GAMING/SUR] | YouTube  | [OFFENSIVE]  | 98%    |  146.6ms | H20 STARTED THIS SHIT :face_with_tears_o...
[GAMING/SUR] | YouTube  | [Normal]     | 92%    |   88.5ms | Tim aint getting on tonight...
[MUSIC/CHIL] | YouTube  | [OFFENSIVE]  | 95%    |  148.2ms | Aha...so How much do you charge for suck...
[MUSIC/CHIL] | YouTube  | [Normal]     | 95%    |   81.8ms | hi fred...
[MUSIC/CHIL] | YouTube  | [Normal]     | 97%    |  131.3ms | evar calls anta ganam :alien_monster::fa...
[GAMING/SUR] | YouTube  | [Normal]     | 96%    |  165.3ms | :_Dance::_Dance::_Dance::_Dance::_Dance:...
[GAMING/SUR] | YouTube  | [Normal]     | 93%    |   75.8ms | ARC RAIDERS...
[GAMING/SUR] | YouTube  | [Normal]     | 90%    |  110.6ms | Hutch and gingy got a air strike...
[GAMING/SUR] | YouTube  | [Normal]     | 94%    |   89.7ms | Bro built a city...
[GAMING/SUR] | YouTube  | [Normal]     | 95%    |   91.8ms | its in the train at the bottom...
[GAMING/SUR] | YouTube  | [Normal]     | 38%    |   80.9ms | Bandit camp...
[MUSIC/CHIL] | YouTube  | [Normal]     | 95%    |  100.0ms | yeah Halinkan nice pic :winking_face:...
[GAMING/SUR] | YouTube  | [Normal]     | 97%    |  152.9ms | :smiling_face_with_hearts::smiling_face_...
[PSYCHOLOGY] | YouTube  | [Normal]     | 96%    |  111.3ms | hahah.. whoopsie :p...
[MUSIC/CHIL] | YouTube  | [Normal]     | 97%    |  106.4ms | Idi deeni musala bf chi nee amma...
[GAMING/SUR] | YouTube  | [Normal]     | 93%    |   78.6ms | Lower level...
[GAMING/SUR] | YouTube  | [Normal]     | 93%    |   81.9ms | Southside...
[GAMING/SUR] | YouTube  | [Normal]     | 95%    |   76.1ms | delirious...
[GAMING/SUR] | YouTube  | [Normal]     | 76%    |   71.3ms | These naked bodies crack me up...
[GAMING/SUR] | YouTube  | [Normal]     | 96%    |   67.0ms | oh its h20 lol...
[PSYCHOLOGY] | YouTube  | [Normal]     | 91%    |   62.0ms | lesgoo...
[PSYCHOLOGY] | YouTube  | [Normal]     | 95%    |   69.3ms | :crying_face:...
[GAMING/SUR] | YouTube  | [Normal]     | 94%    |   57.9ms | 3...
[GAMING/SUR] | YouTube  | [Normal]     | 96%    |   59.9ms | lol...
[GAMING/SUR] | YouTube  | [Normal]     | 89%    |   88.2ms | LLOL THE IMMIDIATE GOOP REACTION...
[GAMING/SUR] | YouTube  | [Normal]     | 93%    |   55.4ms | clip it...
[SELF-HELP/] | YouTube  | [Normal]     | 97%    |   77.0ms | when does the stream start again?...
[GAMING/SUR] | YouTube  | [Normal]     | 88%    |   68.4ms | Loot him...
[GAMING/SUR] | YouTube  | [Normal]     | 94%    |   60.0ms | 1...
[MUSIC/CHIL] | YouTube  | [Normal]     | 94%    |   58.0ms | Suz*...
[GAMING/SUR] | YouTube  | [Normal]     | 94%    |   55.5ms | 10...
[MUSIC/CHIL] | YouTube  | [Normal]     | 98%    |   82.9ms | :rose::musical_notes::cloud:...
[PSYCHOLOGY] | YouTube  | [Normal]     | 93%    |   98.1ms | yo dr k im almost certain that im a lost...
[MUSIC/CHIL] | YouTube  | [Normal]     | 95%    |   67.9ms | Na brathuku...
[GAMING/SUR] | YouTube  | [Normal]     | 84%    |   71.3ms | Go all innnnn...
[MUSIC/CHIL] | YouTube  | [Normal]     | 96%    |   96.2ms | Vani busy rhta hu :face_with_hand_over_m...
[PSYCHOLOGY] | YouTube  | [Normal]     | 96%    |   73.8ms | guide helped in pick up on cue to keep p...
[GAMING/SUR] | YouTube  | [Normal]     | 96%    |   60.2ms | I LOVE BLACK JACK...
[GAMING/SUR] | YouTube  | [Normal]     | 96%    |   70.2ms | AHAHAH...
[GAMING/SUR] | YouTube  | [Normal]     | 96%    |   64.4ms | lmao...
[GAMING/SUR] | YouTube  | [Normal]     | 87%    |   59.4ms | ooof...
[MUSIC/CHIL] | YouTube  | [Normal]     | 96%    |   77.6ms | :grinning_squinting_face:...
[GAMING/SUR] | YouTube  | [Normal]     | 93%    |   63.5ms | get rekt...
[GAMING/SUR] | YouTube  | [Normal]     | 97%    |   61.1ms | top tier!...
[GAMING/SUR] | YouTube  | [Normal]     | 92%    |   67.4ms | hAHAHAHHAHAHA...
[PSYCHOLOGY] | YouTube  | [Normal]     | 96%    |  121.7ms | :robot::skull_and_crossbones::skull_and_...
[GAMING/SUR] | YouTube  | [Normal]     | 91%    |   60.7ms | W...
[GAMING/SUR] | YouTube  | [Normal]     | 96%    |   89.8ms | lol everyone gonna get on and there will...
[GAMING/SUR] | YouTube  | [Normal]     | 87%    |   60.4ms | Yesss...
[GAMING/SUR] | YouTube  | [HATE]       | 87%    |   62.3ms | CRACKHEAD...
[SELF-HELP/] | YouTube  | [Normal]     | 95%    |   60.3ms | o/...
[SELF-HELP/] | YouTube  | [Normal]     | 82%    |   72.5ms | How are you doing man on the internet...
[SELF-HELP/] | YouTube  | [Normal]     | 95%    |   57.9ms | hellooo...
[GAMING/SUR] | YouTube  | [Normal]     | 95%    |   82.1ms | Waiting for Peanut to tear down the cast...
[MUSIC/CHIL] | YouTube  | [Normal]     | 96%    |   63.1ms | Saransh ?...
[MUSIC/CHIL] | YouTube  | [Normal]     | 92%    |   69.3ms | whre u from shikha...
[SELF-HELP/] | YouTube  | [Normal]     | 95%    |   60.4ms | _/\_...
[GAMING/SUR] | YouTube  | [Normal]     | 72%    |   69.9ms | YOU BETTER WIN DUDE...
[GAMING/SUR] | YouTube  | [OFFENSIVE]  | 46%    |   62.9ms | IDIOTS...
[GAMING/SUR] | YouTube  | [Normal]     | 93%    |   67.3ms | let it riiide...
[MUSIC/CHIL] | YouTube  | [Normal]     | 95%    |   76.7ms | Edaina moham paina adigeyi...
[GAMING/SUR] | YouTube  | [Normal]     | 97%    |   80.0ms | Will be trading in there base at this ra...
[GAMING/SUR] | YouTube  | [Normal]     | 93%    |   65.1ms | rofl...
[ENTERTAINM] | YouTube  | [Normal]     | 95%    |   73.8ms | казакстан...
[SELF-HELP/] | YouTube  | [Normal]     | 74%    |   60.9ms | portugal lessgo...
[GAMING/SUR] | YouTube  | [Normal]     | 84%    |   84.4ms | Gambling is bad  okay? Don’t try this at...
[MUSIC/CHIL] | YouTube  | [Normal]     | 95%    |   55.3ms | Orini...
[ENTERTAINM] | YouTube  | [Normal]     | 93%    |   59.9ms | late...
[PSYCHOLOGY] | YouTube  | [Normal]     | 90%    |  106.0ms | You have to be in a decent place mentall...
[GAMING/SUR] | YouTube  | [Normal]     | 45%    |  124.9ms | being sore losers literally ruined the s...
[SELF-HELP/] | YouTube  | [Normal]     | 98%    |   68.2ms | white and black tantra?...
[SELF-HELP/] | YouTube  | [Normal]     | 96%    |   70.1ms | I'm a sith lord....
[GAMING/GAM] | YouTube  | [Normal]     | 76%    |  112.7ms | Never gonna give you up  never gonna let...
[ENTERTAINM] | YouTube  | [Normal]     | 93%    |   66.6ms | jimyy...
[GAMING/GAM] | YouTube  | [Normal]     | 88%    |   74.5ms | RAHHHHHHHHHHHHHHHHH...
[GAMING/GAM] | YouTube  | [Normal]     | 94%    |   60.2ms | Maaark!...
[ENTERTAINM] | YouTube  | [Normal]     | 95%    |   66.8ms | SUBSCRIBEEEEEEEE...
[GAMING/SUR] | YouTube  | [Normal]     | 96%    |   74.4ms | NEGATIVE ON THAT BIG CHIEF...
[GAMING/GAM] | YouTube  | [Normal]     | 96%    |   73.6ms | Hi Mark!...
[ENTERTAINM] | YouTube  | [Normal]     | 95%    |   77.7ms | hello Mr beast I am your big fan please...
[GAMING/GAM] | YouTube  | [Normal]     | 91%    |   55.1ms | HEY...
[GAMING/SUR] | YouTube  | [Normal]     | 93%    |   65.9ms | LUT THE CLOTHES THING ON...
[ENTERTAINM] | YouTube  | [Normal]     | 98%    |  208.0ms | :text-green-game-over::text-green-game-o...
[SELF-HELP/] | YouTube  | [Normal]     | 96%    |   57.7ms | hmmm...
[GAMING/SUR] | YouTube  | [Normal]     | 96%    |   79.6ms | poker night might be broadcast to the wh...
[GAMING/GAM] | YouTube  | [Normal]     | 96%    |   68.6ms | HIII MARK...
[ENTERTAINM] | YouTube  | [Normal]     | 93%    |   63.7ms | gg...
[GAMING/GAM] | YouTube  | [Normal]     | 49%    |   63.4ms | yipeeeee...
[MUSIC/CHIL] | YouTube  | [Normal]     | 96%    |   90.9ms | andar pettandi req :hugging_face:1k foll...
[ENTERTAINM] | YouTube  | [Normal]     | 95%    |   67.3ms | Is this your first live...
[GAMING/GAM] | YouTube  | [Normal]     | 95%    |   73.0ms | alright im the best at this game...
[ENTERTAINM] | YouTube  | [Normal]     | 95%    |   69.4ms | Wassuppppp...
[ENTERTAINM] | YouTube  | [Normal]     | 94%    |   64.6ms | hi...
[ENTERTAINM] | YouTube  | [Normal]     | 96%    |   82.5ms | hola desde Colombia...
[ENTERTAINM] | YouTube  | [Normal]     | 97%    |   67.7ms | hello jimmy :)...
[SELF-HELP/] | YouTube  | [Normal]     | 96%    |   63.2ms | achchha...
[PSYCHOLOGY] | YouTube  | [Normal]     | 93%    |   55.3ms | nah...
[GAMING/GAM] | YouTube  | [Normal]     | 95%    |   80.8ms | Loved the movie! Damn good job Mark...
[ENTERTAINM] | YouTube  | [Normal]     | 96%    |   61.8ms | yayaya...
[GAMING/SUR] | YouTube  | [Normal]     | 94%    |   58.9ms | we need more doors...
[ENTERTAINM] | YouTube  | [Normal]     | 90%    |   60.0ms | มีคนไทยไหมม...
[GAMING/GAM] | YouTube  | [Normal]     | 94%    |   60.1ms | L ads...
[ENTERTAINM] | YouTube  | [Normal]     | 86%    |   52.1ms | Yo...
[ENTERTAINM] | YouTube  | [Normal]     | 96%    |   88.3ms | ЧЕЛ ГОВОРИ ПО РУССКИ...
[GAMING/GAM] | YouTube  | [Normal]     | 97%    |   72.2ms | i watched it TWICE in one week...
[ENTERTAINM] | YouTube  | [Normal]     | 96%    |  107.2ms | I think y'all do it....but I've been sub...
[GAMING/GAM] | YouTube  | [Normal]     | 91%    |   53.8ms | w...
[GAMING/GAM] | YouTube  | [Normal]     | 96%    |   63.7ms | hi br...
[GAMING/GAM] | YouTube  | [Normal]     | 91%    |   83.5ms | OHHHH YEAAAHHHHH...
[ENTERTAINM] | YouTube  | [Normal]     | 94%    |   53.8ms | hi...
[ENTERTAINM] | YouTube  | [Normal]     | 96%    |   60.9ms | hello sirrrr...
[GAMING/GAM] | YouTube  | [Normal]     | 95%    |   63.5ms | congratulations!!!...
[ENTERTAINM] | YouTube  | [Normal]     | 96%    |   67.4ms | aaaaaa...
[GAMING/SUR] | YouTube  | [Normal]     | 95%    |  103.2ms | Gingy is having a nightmare of this situ...
[GAMING/GAM] | YouTube  | [Normal]     | 96%    |   56.0ms | LOL...
[MUSIC/CHIL] | YouTube  | [Normal]     | 98%    |   72.6ms | :musical_notes:...
[GAMING/GAM] | YouTube  | [Normal]     | 96%    |   63.5ms | :_markiBING:...
[GAMING/GAM] | YouTube  | [Normal]     | 94%    |   62.2ms | such a good movie...
[GAMING/SUR] | YouTube  | [Normal]     | 94%    |   81.2ms | For got to close!!!!!...
[GAMING/GAM] | YouTube  | [Normal]     | 93%    |   56.3ms | W MOVIE...
[GAMING/GAM] | YouTube  | [Normal]     | 97%    |  101.4ms | Great job  Markimoo! You deserve all the...
[GAMING/GAM] | YouTube  | [Normal]     | 96%    |   62.9ms | CONGRATS MARK!!...
[GAMING/GAM] | YouTube  | [Normal]     | 95%    |   76.7ms | Hello Mark from Bulgaria how is the day...
[NEWS/LIVE ] | YouTube  | [Normal]     | 77%    |   80.9ms | Shoutout to every American in the chat...
[GAMING/GAM] | YouTube  | [Normal]     | 97%    |   67.0ms | Welcome New Member!...
[ENTERTAINM] | YouTube  | [Normal]     | 94%    |   67.2ms | m New subscriber...
[GAMING/GAM] | YouTube  | [Normal]     | 93%    |   57.5ms | lighthouse...
[ENTERTAINM] | YouTube  | [Normal]     | 94%    |   63.7ms | Türkiye...
[MUSIC/CHIL] | YouTube  | [Normal]     | 97%    |  133.0ms | great...mai isliye puchi ki yha sab le j...
[GAMING/GAM] | YouTube  | [Normal]     | 95%    |   87.4ms | airplane...
[GAMING/GAM] | YouTube  | [Normal]     | 91%    |   76.9ms | AIRPLANEE...
[GAMING/SUR] | YouTube  | [Normal]     | 91%    |   75.9ms | poker...
[PSYCHOLOGY] | YouTube  | [Normal]     | 84%    |   83.7ms | The world is animus possessed...
[ENTERTAINM] | YouTube  | [Normal]     | 95%    |   67.5ms | mr beast pls 1$...
[GAMING/SUR] | YouTube  | [Normal]     | 93%    |   60.7ms | DEALER Resets...
[PSYCHOLOGY] | YouTube  | [Normal]     | 93%    |   72.2ms | Back Pill is forever...
[GAMING/SUR] | YouTube  | [Normal]     | 92%    |   66.2ms | PLAY THE WHEEL...
[GAMING/GAM] | YouTube  | [Normal]     | 95%    |   86.8ms | Markiplier there's a game that I would l...
[GAMING/GAM] | YouTube  | [Normal]     | 93%    |   55.1ms | LIGHTHOUSE...
[ENTERTAINM] | YouTube  | [Normal]     | 94%    |   57.5ms | Hi...
[GAMING/GAM] | YouTube  | [Normal]     | 96%    |   55.7ms | Hi Mark...
[GAMING/GAM] | YouTube  | [Normal]     | 91%    |   83.2ms | pLEAAASEE AAGGHHH AIRPLAAANNNUHHH...
[GAMING/GAM] | YouTube  | [Normal]     | 95%    |   79.1ms | Just saw Iron Lung in Czechia... genuine...
[ENTERTAINM] | YouTube  | [Normal]     | 91%    |   68.4ms | mr beast...
[ENTERTAINM] | YouTube  | [Normal]     | 94%    |   64.3ms | Cek...
[ENTERTAINM] | YouTube  | [Normal]     | 91%    |   84.4ms | @andersondeoliveira2024 - SEGUE...
[GAMING/GAM] | YouTube  | [Normal]     | 95%    |   53.4ms | airplane...
[GAMING/GAM] | YouTube  | [Normal]     | 95%    |   54.9ms | hello...
[GAMING/GAM] | YouTube  | [Normal]     | 81%    |   64.6ms | ITS THE LUNG GUY...
[MUSIC/CHIL] | YouTube  | [Normal]     | 97%    |   91.6ms | trade dusri job dhundrii previous job ch...
[GAMING/GAM] | YouTube  | [Normal]     | 97%    |   62.2ms | Welcome to Member!...
[ENTERTAINM] | YouTube  | [Normal]     | 92%    |   65.8ms | Paraguay...
[ENTERTAINM] | YouTube  | [Normal]     | 96%    |  255.1ms | bro please tell my name :loudly_crying_f...
[ENTERTAINM] | YouTube  | [Normal]     | 94%    |   71.2ms | everyone unsubscribe...
[GAMING/GAM] | YouTube  | [Normal]     | 94%    |   64.6ms | PORTUGALLLLL...
[GAMING/GAM] | YouTube  | [Normal]     | 95%    |   55.1ms | mark...
[ENTERTAINM] | YouTube  | [Normal]     | 96%    |   64.8ms | please reply me frome Bangladesh...
[GAMING/GAM] | YouTube  | [Normal]     | 36%    |  120.0ms | If only there could be more of them in Q...
[ENTERTAINM] | YouTube  | [Normal]     | 94%    |   55.3ms | 1...
[ENTERTAINM] | YouTube  | [Normal]     | 94%    |   55.3ms | 1...
[ENTERTAINM] | YouTube  | [Normal]     | 94%    |   63.0ms | 1...
[GAMING/GAM] | YouTube  | [Normal]     | 95%    |   84.2ms | Iron Lung was a 50 or more out of 10...
[GAMING/GAM] | YouTube  | [Normal]     | 95%    |   65.2ms | heyyyy mark...
[GAMING/GAM] | YouTube  | [Normal]     | 89%    |   59.1ms | potato...
[GAMING/SUR] | YouTube  | [Normal]     | 87%    |   57.3ms | no...
[MUSIC/CHIL] | YouTube  | [Normal]     | 96%    |  150.0ms | @Dude-23zx m good thanks :backhand_index...
[GAMING/SUR] | YouTube  | [Normal]     | 95%    |   58.6ms | Always hit...
[ENTERTAINM] | YouTube  | [Normal]     | 95%    |   57.9ms | telugu...
[GAMING/GAM] | YouTube  | [Normal]     | 92%    |   75.3ms | LIXIAN CAN FINALLY SEE THE MOVIE...
[ENTERTAINM] | YouTube  | [Normal]     | 97%    |   72.8ms | :new_moon_face:...
[ENTERTAINM] | YouTube  | [Normal]     | 84%    |   80.9ms | yoooooooooooooooooooo...
[MUSIC/CHIL] | YouTube  | [Normal]     | 95%    |   69.2ms | ce mare a crescut I...
[ENTERTAINM] | YouTube  | [Normal]     | 98%    |  173.3ms | :heart_with_ribbon::heart_with_ribbon::h...
[GAMING/GAM] | YouTube  | [Normal]     | 96%    |   65.2ms | yall vote airplane...
[MUSIC/CHIL] | YouTube  | [Normal]     | 92%    |   61.7ms | ha kyu...
[GAMING/GAM] | YouTube  | [Normal]     | 80%    |   61.8ms | too many big words...
[ENTERTAINM] | YouTube  | [Normal]     | 96%    |   54.7ms | New member...
[GAMING/SUR] | YouTube  | [Normal]     | 86%    |   70.1ms | looose...
[PSYCHOLOGY] | YouTube  | [Normal]     | 93%    |   73.6ms | ohhhhhh...
[GAMING/GAM] | YouTube  | [Normal]     | 95%    |   64.2ms | marklipleri...
[GAMING/GAM] | YouTube  | [Normal]     | 94%    |  107.3ms | When I was watching the movie it buffere...
[ENTERTAINM] | YouTube  | [Normal]     | 96%    |   70.1ms | Mr beast can you see my chat?...
[GAMING/GAM] | YouTube  | [Normal]     | 89%    |   98.2ms | in my theater it sounded like it was com...
[GAMING/SUR] | YouTube  | [Normal]     | 96%    |   74.6ms | 500 on 1 on the wheel trust...
[GAMING/SUR] | YouTube  | [Normal]     | 96%    |   61.3ms | house always wins...
[GAMING/GAM] | YouTube  | [Normal]     | 96%    |   93.4ms | in my theatre I could hear whispers with...
[GAMING/GAM] | YouTube  | [Normal]     | 95%    |   63.6ms | lighthouse plss...
[GAMING/SUR] | YouTube  | [Normal]     | 96%    |   69.5ms | Max betttttt...
[GAMING/SUR] | YouTube  | [Normal]     | 92%    |   57.4ms | smaller bets...
[NEWS/LIVE ] | YouTube  | [Normal]     | 75%    |   84.6ms | I won't go hungry i.ll start stealing...
[GAMING/GAM] | YouTube  | [Normal]     | 97%    |   61.3ms | Welcome New Member!...
[GAMING/GAM] | YouTube  | [Normal]     | 97%    |   68.0ms | how long been streaming?...
[ENTERTAINM] | YouTube  | [Normal]     | 94%    |   60.2ms | hi...
[GAMING/GAM] | YouTube  | [Normal]     | 88%    |   85.1ms | Mark stop being so sad when you make mov...
[GAMING/GAM] | YouTube  | [Normal]     | 96%    |   87.9ms | dude i accidentally stumbled upon this v...
[GAMING/GAM] | YouTube  | [Normal]     | 72%    |   62.8ms | THEIR IN THE WALLS...
[ENTERTAINM] | YouTube  | [Normal]     | 94%    |   64.5ms | ishowspeed...
[ENTERTAINM] | YouTube  | [Normal]     | 96%    |   63.2ms | the first video...
[NEWS/LIVE ] | YouTube  | [Normal]     | 82%    |   55.9ms | Get out...
[GAMING/GAM] | YouTube  | [Normal]     | 52%    |   70.8ms | AIRPLANE GUYSSSSSS...
[GAMING/SUR] | YouTube  | [Normal]     | 95%    |   58.2ms | All in...
[GAMING/SUR] | YouTube  | [Normal]     | 82%    |   92.1ms | mean while back at base the doors where ...
[GAMING/GAM] | YouTube  | [Normal]     | 95%    |   63.3ms | Come on please airplane...
[GAMING/GAM] | YouTube  | [Normal]     | 96%    |   90.4ms | Hey Mark :smiling_face_with_sunglasses::...
[GAMING/GAM] | YouTube  | [Normal]     | 96%    |   58.8ms | CLUTCH UP AIRPLANE...
[GAMING/GAM] | YouTube  | [Normal]     | 94%    |   86.5ms | dude that was literally by biggest criti...
[GAMING/GAM] | YouTube  | [Normal]     | 61%    |   67.3ms | that's such a shame...
[GAMING/GAM] | YouTube  | [Normal]     | 94%    |  119.9ms | :red_question_mark:will iron lung come t...
[ENTERTAINM] | YouTube  | [Normal]     | 92%    |   82.3ms | aaaəə mr beast iphone 15 plsssssss...
[ENTERTAINM] | YouTube  | [Normal]     | 97%    |  148.3ms | It all feels so much fun and I've been f...
[GAMING/GAM] | YouTube  | [Normal]     | 84%    |   90.5ms | Are you ever going to play the new "mine...
[MUSIC/CHIL] | YouTube  | [Normal]     | 97%    |  191.2ms | mohit kon kehta hey being single is sad ...
[GAMING/GAM] | YouTube  | [Normal]     | 93%    |   57.8ms | bass boosted...
[GAMING/GAM] | YouTube  | [Normal]     | 94%    |   95.7ms | Saw iron lung Monday night it was the be...
[GAMING/SUR] | YouTube  | [Normal]     | 96%    |   58.7ms | masterclass...
[ENTERTAINM] | YouTube  | [Normal]     | 95%    |   70.7ms | this is my channel...
[GAMING/SUR] | YouTube  | [Normal]     | 96%    |   58.3ms | PLAY ARC...
[ENTERTAINM] | YouTube  | [Normal]     | 96%    |   64.9ms | Hello Jimmy...
[GAMING/SUR] | YouTube  | [Normal]     | 95%    |   72.7ms | well well well...
[GAMING/SUR] | YouTube  | [Normal]     | 94%    |   68.1ms | weeeeeeeeeelp...
[GAMING/SUR] | YouTube  | [Normal]     | 80%    |   68.5ms | its hard out here for a scrapper...
[ENTERTAINM] | YouTube  | [Normal]     | 95%    |   63.1ms | im form Indonesia...
[PSYCHOLOGY] | YouTube  | [Normal]     | 93%    |   98.9ms | @majoraman6477 I wonder how much more he...
[GAMING/SUR] | YouTube  | [Normal]     | 98%    |  266.8ms | :goat-turquoise-white-horns::hand-purple...
[PSYCHOLOGY] | YouTube  | [Normal]     | 95%    |   60.6ms | 8008!...
[GAMING/GAM] | YouTube  | [Normal]     | 97%    |  180.0ms | Hey Mark  just wanted to share that your...
[ENTERTAINM] | YouTube  | [Normal]     | 95%    |   85.6ms | dayum you've grown so much...
[ENTERTAINM] | YouTube  | [Normal]     | 97%    |   77.4ms | salam Azerbaycanli var?...
[ENTERTAINM] | YouTube  | [Normal]     | 95%    |   53.4ms | Hello...
[ENTERTAINM] | YouTube  | [Normal]     | 96%    |   78.5ms | 500 mil. that's...something!...
[ENTERTAINM] | YouTube  | [Normal]     | 96%    |   63.3ms | :mosque:...
[ENTERTAINM] | YouTube  | [Normal]     | 96%    |   69.6ms | l am Your big fan...
[ENTERTAINM] | YouTube  | [Normal]     | 87%    |   70.9ms | smile or not haha...
[ENTERTAINM] | YouTube  | [Normal]     | 94%    |   60.5ms | big fan mr beast...
[ENTERTAINM] | YouTube  | [Normal]     | 86%    |   61.2ms | yo...
[GAMING/SUR] | YouTube  | [Normal]     | 95%    |   60.8ms | gotem...
[ENTERTAINM] | YouTube  | [Normal]     | 98%    |  173.5ms | :face-blue-smiling::face-blue-smiling::f...
[GAMING/GAM] | YouTube  | [Normal]     | 96%    |   92.1ms | :partying_face::partying_face::partying_...
[MUSIC/CHIL] | YouTube  | [Normal]     | 95%    |   64.3ms | ........
[GAMING/GAM] | YouTube  | [Normal]     | 83%    |  122.5ms | OMG Hi Mark I'm so exited to see Iron Lu...
[GAMING/SUR] | YouTube  | [Normal]     | 94%    |   55.3ms | Dude...
[GAMING/GAM] | YouTube  | [Normal]     | 94%    |   71.7ms | EEEEEEEEEEEEEEEE...
[MUSIC/CHIL] | YouTube  | [Normal]     | 98%    |   95.5ms | :hand-pink-waving:I'l take leave nw  bye...
[SELF-HELP/] | YouTube  | [Normal]     | 86%    |   84.8ms | if they would try that the expect to get...
[GAMING/SUR] | YouTube  | [Normal]     | 95%    |   61.9ms | All in on green...
[ENTERTAINM] | YouTube  | [Normal]     | 89%    |   65.1ms | can you come to sri  lanka...
[MUSIC/CHIL] | YouTube  | [Normal]     | 98%    |   77.0ms | :face-turquoise-music-note:....
[GAMING/SUR] | YouTube  | [Normal]     | 94%    |   63.5ms | Any old scrap...
[MUSIC/CHIL] | YouTube  | [Normal]     | 87%    |   87.2ms | aaron fechter people holding butter knif...
[SELF-HELP/] | YouTube  | [Normal]     | 96%    |   81.5ms | It projection  it's always projection...
[GAMING/SUR] | YouTube  | [Normal]     | 95%    |   96.4ms | Patrick he loves gambling lol...
[GAMING/GAM] | YouTube  | [Normal]     | 94%    |   53.8ms | nice...
[GAMING/GAM] | YouTube  | [Normal]     | 97%    |   67.0ms | ah....
[GAMING/GAM] | YouTube  | [OFFENSIVE]  | 52%    |   54.3ms | oh shit...
[SELF-HELP/] | YouTube  | [Normal]     | 93%    |   72.9ms | He’s a grifter...
[GAMING/GAM] | YouTube  | [Normal]     | 95%    |   63.7ms | oh good heavens...
[ENTERTAINM] | YouTube  | [Normal]     | 95%    |   57.1ms | hiii...
[GAMING/GAM] | YouTube  | [Normal]     | 95%    |   59.7ms | TITLE MISTAKE!!...
[ENTERTAINM] | YouTube  | [Normal]     | 93%    |   56.2ms | india...
[ENTERTAINM] | YouTube  | [Normal]     | 91%    |   60.5ms | W...
[GAMING/GAM] | YouTube  | [Normal]     | 88%    |   62.9ms | ITS WRONG MARKK...
[PSYCHOLOGY] | YouTube  | [Normal]     | 81%    |  122.7ms | If the feeling is going to happen regard...
[ENTERTAINM] | YouTube  | [Normal]     | 97%    |   83.5ms | muja 1miloen ₹ do:dollar_banknote:...
[ENTERTAINM] | YouTube  | [Normal]     | 93%    |  104.4ms | Hi from RUSSIA!!!!!!!!!!!!!!!!!!!...
[ENTERTAINM] | YouTube  | [Normal]     | 91%    |   56.7ms | Meee...
[ENTERTAINM] | YouTube  | [Normal]     | 95%    |   58.1ms | Bangladesh...
[GAMING/SUR] | YouTube  | [Normal]     | 95%    |   55.1ms | TF...
[GAMING/SUR] | YouTube  | [Normal]     | 84%    |   83.1ms | LMAOOOOOOOOOOOOOOOOO...
[GAMING/SUR] | YouTube  | [Normal]     | 95%    |   63.2ms | Bruh stop lmao...
[GAMING/SUR] | YouTube  | [Normal]     | 92%    |   67.0ms | omg aint no way...
[GAMING/SUR] | YouTube  | [Normal]     | 90%    |   60.4ms | called it...
[ENTERTAINM] | YouTube  | [Normal]     | 96%    |   92.1ms | Mr Beast can I get a good camera I want ...
[ENTERTAINM] | YouTube  | [Normal]     | 98%    |   74.9ms | Love from Bangladesh MR :red_heart:...
[GAMING/GAM] | YouTube  | [Normal]     | 95%    |   92.0ms | Omg I didn’t even notice it’s obversatio...
[ENTERTAINM] | YouTube  | [Normal]     | 96%    |   56.7ms | hello friends...
[GAMING/SUR] | YouTube  | [Normal]     | 82%    |   76.1ms | They gambled so much away lmaoooo...
[GAMING/GAM] | YouTube  | [Normal]     | 91%    |   71.6ms | When is the observation duty movie...
[GAMING/SUR] | YouTube  | [Normal]     | 96%    |   61.6ms | LOL...
[GAMING/GAM] | YouTube  | [Normal]     | 95%    |   81.7ms | obversation...
[GAMING/GAM] | YouTube  | [Normal]     | 90%    |  100.7ms | HAHAHAAHHAHAHA...
[GAMING/SUR] | YouTube  | [Normal]     | 48%    |  105.1ms | the blackjack is a computer you will los...
[ENTERTAINM] | YouTube  | [Normal]     | 97%    |   81.8ms | sub since 10M. sup Jimmy...
[ENTERTAINM] | YouTube  | [Normal]     | 96%    |   90.8ms | im İran:saluting_face:...
[ENTERTAINM] | YouTube  | [Normal]     | 94%    |   90.0ms | pr...
[GAMING/GAM] | YouTube  | [Normal]     | 96%    |  141.1ms | just saw your movie it was a 10 out of 1...
[ENTERTAINM] | YouTube  | [Normal]     | 95%    |   88.5ms | 10 k bro...
[PSYCHOLOGY] | YouTube  | [OFFENSIVE]  | 54%    |   92.3ms | HOLY SHIT...
[NEWS/LIVE ] | YouTube  | [HATE]       | 44%    |  108.7ms | I see them being the law and we will hav...
[GAMING/GAM] | YouTube  | [Normal]     | 96%    |  101.1ms | AYYYEEE...
[GAMING/SUR] | YouTube  | [Normal]     | 94%    |   72.6ms | 3...
[SELF-HELP/] | YouTube  | [Normal]     | 87%    |   87.5ms | how about just not caring?...
[GAMING/GAM] | YouTube  | [Normal]     | 96%    |   80.8ms | obsVERSTAPEN...
[GAMING/GAM] | YouTube  | [Normal]     | 96%    |   88.6ms | mark its big brain time...
[GAMING/GAM] | YouTube  | [Normal]     | 97%    |   88.4ms | HIIIIII MARK...
[GAMING/GAM] | YouTube  | [Normal]     | 96%    |   88.2ms | chat is my pfp peak...
[ENTERTAINM] | YouTube  | [Normal]     | 93%    |   76.0ms | axuet...
[GAMING/GAM] | YouTube  | [Normal]     | 84%    |  146.3ms | luckily for him  i’m so damn dislexic i ...
[GAMING/SUR] | YouTube  | [Normal]     | 95%    |   75.0ms | SLOTS...
[MUSIC/CHIL] | YouTube  | [Normal]     | 98%    |   97.2ms | :cross_mark::tiger:...
[GAMING/GAM] | YouTube  | [Normal]     | 90%    |   92.4ms | THIS IS THE GUY FROM IRON LUNG!...
[GAMING/SUR] | YouTube  | [Normal]     | 97%    |  219.8ms | :rolling_on_the_floor_laughing::rolling_...
[GAMING/GAM] | YouTube  | [Normal]     | 39%    |  123.4ms | no Mark. the world is ending because you...
[ENTERTAINM] | YouTube  | [Normal]     | 90%    |   95.3ms | you mr.beast i from Indonesian...
[GAMING/SUR] | YouTube  | [Normal]     | 96%    |  106.1ms | that was the fastest loss ever...
[SPORTS/PEN] | YouTube  | [Normal]     | 95%    |   70.8ms | ofc...
[GAMING/SUR] | YouTube  | [Normal]     | 97%    |  100.2ms | :face-orange-raised-eyebrow:...
[ENTERTAINM] | YouTube  | [Normal]     | 96%    |  155.3ms | :fearful_face::fearful_face::fearful_fac...
[GAMING/GAM] | YouTube  | [Normal]     | 75%    |   98.3ms | is backseating allowed...
[GAMING/GAM] | YouTube  | [Normal]     | 95%    |  108.1ms | MARK I JUST WATCHED IRON LUNG AND I LOVE...
[ENTERTAINM] | YouTube  | [Normal]     | 95%    |   85.3ms | call speed...
[GAMING/GAM] | YouTube  | [HATE]       | 67%    |   99.4ms | should i go seee iron lung...
[ENTERTAINM] | YouTube  | [Normal]     | 97%    |  293.8ms | congratulations :party_popper::party_pop...
[GAMING/GAM] | YouTube  | [Normal]     | 97%    |   82.2ms | mmm stream-...
[GAMING/SUR] | YouTube  | [Normal]     | 92%    |   89.7ms | Yes it does AYeeee...
[ENTERTAINM] | YouTube  | [Normal]     | 98%    |  326.4ms | :yt::yt::yt::yt::stopwatch-blue-hand-tim...
[ENTERTAINM] | YouTube  | [Normal]     | 94%    |   74.4ms | 4...
[ENTERTAINM] | YouTube  | [Normal]     | 95%    |   72.0ms | 67...
[ENTERTAINM] | YouTube  | [Normal]     | 94%    |   84.0ms | 3...
[GAMING/GAM] | YouTube  | [Normal]     | 97%    |  102.2ms | light at yard? by the lighthouse door?...
[GAMING/SUR] | YouTube  | [Normal]     | 97%    |   95.7ms | never thought I'd see the day...
[GAMING/GAM] | YouTube  | [Normal]     | 96%    |  104.0ms | Camera was pulsating in the basement im ...
[GAMING/GAM] | YouTube  | [Normal]     | 88%    |   91.5ms | THE STAIRCASEEEEE...
[ENTERTAINM] | YouTube  | [Normal]     | 96%    |   95.9ms | hi @beluga1...
[ENTERTAINM] | YouTube  | [Normal]     | 94%    |   71.5ms | 5...
[MUSIC/CHIL] | YouTube  | [Normal]     | 97%    |  109.7ms | mohini chai:hot_beverage:...
[ENTERTAINM] | YouTube  | [Normal]     | 98%    |  103.6ms | advanced congratulations on 500M :maple_...
[ENTERTAINM] | YouTube  | [Normal]     | 91%    |   95.1ms | beast your the best bro love you...
[GAMING/GAM] | YouTube  | [OFFENSIVE]  | 55%    |   80.5ms | the stairsss...
[GAMING/GAM] | YouTube  | [Normal]     | 97%    |   85.6ms | GREEN STAIRS MARK...
[GAMING/GAM] | YouTube  | [Normal]     | 94%    |   80.8ms | BASEMENT...
[NEWS/LIVE ] | YouTube  | [Normal]     | 97%    |  120.9ms | eu torço pra Argentina mas esse ano nao ...
[ENTERTAINM] | YouTube  | [Normal]     | 54%    |   77.0ms | Free palestine...
[PSYCHOLOGY] | YouTube  | [Normal]     | 96%    |   91.5ms | i am the boss babe lmao...
[ENTERTAINM] | YouTube  | [Normal]     | 94%    |   73.7ms | 5...
[ENTERTAINM] | YouTube  | [Normal]     | 97%    |  157.0ms | Hello MrBeast  I’m Ahmed from Gaza. Work...
[GAMING/GAM] | YouTube  | [Normal]     | 86%    |   80.2ms | The ominous stairs breathing...
[GAMING/GAM] | YouTube  | [Normal]     | 93%    |  187.0ms | I HAVEN'T SEEN THE MOVIE YET AND IM SAD ...
[GAMING/GAM] | YouTube  | [Normal]     | 86%    |   85.5ms | Undulating!...
[GAMING/GAM] | YouTube  | [Normal]     | 96%    |   93.1ms | hi!!...
[GAMING/GAM] | YouTube  | [Normal]     | 97%    |  104.2ms | I'M SEEING IRON LUNG FOR THE 5TH TIME TO...
[GAMING/GAM] | YouTube  | [Normal]     | 90%    |   96.3ms | the title is an anamoly...
[GAMING/GAM] | YouTube  | [Normal]     | 95%    |   82.1ms | HIIII...
[ENTERTAINM] | YouTube  | [Normal]     | 95%    |   83.4ms | INDONESIA  INDONESIA...
[GAMING/GAM] | YouTube  | [Normal]     | 94%    |   82.8ms | Hi...
[ENTERTAINM] | YouTube  | [Normal]     | 96%    |   98.1ms | :1st_place_medal:...
[NEWS/LIVE ] | YouTube  | [Normal]     | 92%    |   91.3ms | Hey ENNOS bro...
[ENTERTAINM] | YouTube  | [Normal]     | 96%    |   89.3ms | Is this your first live stream...
[ENTERTAINM] | YouTube  | [Normal]     | 94%    |   69.4ms | hi...
[GAMING/GAM] | YouTube  | [Normal]     | 91%    |   79.6ms | BUCKET...
[PSYCHOLOGY] | YouTube  | [Normal]     | 90%    |  106.9ms | oh no  I'm animus obsessed!...
[GAMING/GAM] | YouTube  | [Normal]     | 95%    |  106.7ms | Have the bed sheets in the bedroom moved...
[ENTERTAINM] | YouTube  | [Normal]     | 90%    |   66.7ms | 𝚑𝚘𝚕𝚊...
[GAMING/GAM] | YouTube  | [Normal]     | 95%    |  114.7ms | hiya mark jus wanted to say congrats on ...
[GAMING/GAM] | YouTube  | [Normal]     | 92%    |   85.4ms | BED...
[GAMING/GAM] | YouTube  | [Normal]     | 91%    |  101.6ms | IM HEADING TO WATCH YOUR MOVIIIIEEE...
[ENTERTAINM] | YouTube  | [Normal]     | 95%    |   78.4ms | Hello...
[GAMING/GAM] | YouTube  | [Normal]     | 97%    |   59.5ms | fuse box?...
[GAMING/GAM] | YouTube  | [Normal]     | 96%    |   66.3ms | Suppp...
[GAMING/GAM] | YouTube  | [Normal]     | 97%    |   74.2ms | HI MARK this is my first stream...
[PSYCHOLOGY] | YouTube  | [Normal]     | 96%    |   91.0ms | I daydream about having super powers tbh...
[ENTERTAINM] | YouTube  | [Normal]     | 98%    |   92.6ms | Thank you for uploading an interesting v...
[PSYCHOLOGY] | YouTube  | [Normal]     | 65%    |   74.1ms | too real...
[GAMING/GAM] | YouTube  | [Normal]     | 92%    |   88.6ms | anomaly in the top left...
[ENTERTAINM] | YouTube  | [Normal]     | 95%    |   77.6ms | jimmy hello...
[GAMING/GAM] | YouTube  | [Normal]     | 96%    |   87.3ms | There’s two bottles?...
[GAMING/GAM] | YouTube  | [Normal]     | 95%    |  186.1ms | Hey Mark! Congratulations on the movie m...
[GAMING/GAM] | YouTube  | [Normal]     | 93%    |  114.4ms | mark are you a fan of that new movie  th...
[ENTERTAINM] | YouTube  | [Normal]     | 95%    |   74.5ms | Hii...
[GAMING/GAM] | YouTube  | [Normal]     | 97%    |   77.9ms | LIGHT INTERIOR...
[GAMING/GAM] | YouTube  | [Normal]     | 85%    |  122.9ms | mark is too good  he doesnt need our hel...
[GAMING/SUR] | YouTube  | [Normal]     | 91%    |   80.0ms | welcome my goopa...
[MUSIC/CHIL] | YouTube  | [Normal]     | 94%    |  100.9ms | जिसने pucha usko...
[GAMING/GAM] | YouTube  | [Normal]     | 97%    |  117.7ms | Was the fuse box open in Interior???...
[ENTERTAINM] | YouTube  | [Normal]     | 93%    |  105.8ms | 돈줘 비스트형...
[MUSIC/CHIL] | YouTube  | [Normal]     | 95%    |   96.9ms | ai mușcat pe timpi...
[MUSIC/CHIL] | YouTube  | [Normal]     | 96%    |   88.6ms | kisne ??...
[GAMING/SUR] | YouTube  | [Normal]     | 96%    |   96.7ms | FUEL IN THE BOXES IN FRONT HALL...
[ENTERTAINM] | YouTube  | [Normal]     | 96%    |   79.3ms | hello Jimmy...
[GAMING/GAM] | YouTube  | [Normal]     | 97%    |  105.7ms | mark do you allow fan animations??:red_h...
[GAMING/GAM] | YouTube  | [Normal]     | 95%    |   77.6ms | the bottle...
[GAMING/SUR] | YouTube  | [Normal]     | 97%    |   78.5ms | alot...
[ENTERTAINM] | YouTube  | [Normal]     | 94%    |   71.0ms | hi...
[ENTERTAINM] | YouTube  | [Normal]     | 94%    |   74.4ms | 1...
[GAMING/GAM] | YouTube  | [Normal]     | 88%    |   76.5ms | Light anomaly light house...
[GAMING/SUR] | YouTube  | [Normal]     | 90%    |   79.8ms | NO PEANUT...
[GAMING/GAM] | YouTube  | [Normal]     | 96%    |  102.9ms | cross in the distance of the porch?...
[GAMING/GAM] | YouTube  | [Normal]     | 94%    |   94.4ms | The stairwell fence moved...
[GAMING/GAM] | YouTube  | [Normal]     | 90%    |   87.3ms | YESSSS...
[GAMING/GAM] | YouTube  | [Normal]     | 96%    |   75.0ms | Cheese!...
[ENTERTAINM] | YouTube  | [Normal]     | 94%    |   78.1ms | 1...
[ENTERTAINM] | YouTube  | [Normal]     | 96%    |   98.2ms | where's ur crew???...
[GAMING/SUR] | YouTube  | [Normal]     | 95%    |   75.5ms | Higher...
[GAMING/GAM] | YouTube  | [Normal]     | 93%    |   98.2ms | I think you missed the ocean of blood!...
[GAMING/GAM] | YouTube  | [Normal]     | 96%    |  148.5ms | Saw iron lung last night and I can’t sto...
[ENTERTAINM] | YouTube  | [Normal]     | 97%    |  134.4ms | Hola saludos desde Venezuela :hugging_fa...
[ENTERTAINM] | YouTube  | [Normal]     | 97%    |   82.4ms | bro i am sri lanaka...
[SELF-HELP/] | YouTube  | [Normal]     | 76%    |   78.1ms | but you level up...
[ENTERTAINM] | YouTube  | [Normal]     | 92%    |   92.1ms | MRBEAST...
[ENTERTAINM] | YouTube  | [Normal]     | 97%    |   88.9ms | can you sing a song?...
[GAMING/SUR] | YouTube  | [Normal]     | 86%    |   81.9ms | Higher but...
[ENTERTAINM] | YouTube  | [Normal]     | 95%    |   80.7ms | Congratulations...
[PSYCHOLOGY] | YouTube  | [Normal]     | 94%    |  115.2ms | It's interesting how Anima relates to Pu...
[GAMING/SUR] | YouTube  | [Normal]     | 95%    |   76.0ms | 7 high...
[GAMING/GAM] | YouTube  | [Normal]     | 94%    |   97.8ms | Mark you're good so far...
[ENTERTAINM] | YouTube  | [Normal]     | 86%    |   82.4ms | call Pewdiepie...
[GAMING/GAM] | YouTube  | [Normal]     | 98%    |   90.1ms | painting my nails red for the lungs...
[GAMING/SUR] | YouTube  | [Normal]     | 94%    |   80.3ms | rip...
[GAMING/GAM] | YouTube  | [Normal]     | 93%    |   84.8ms | YOURE SO COOL MARKKK...
[GAMING/GAM] | YouTube  | [Normal]     | 94%    |   75.3ms | Nice...
[GAMING/GAM] | YouTube  | [Normal]     | 97%    |   77.6ms | Dock farther??...
[GAMING/GAM] | YouTube  | [Normal]     | 95%    |  105.7ms | IRON LUNG IS AN INSPIRATION TO MY NEXT S...
[GAMING/SUR] | YouTube  | [Normal]     | 97%    |   73.0ms | pumpkin...
[GAMING/GAM] | YouTube  | [Normal]     | 68%    |   75.8ms | you bad at this...
[ENTERTAINM] | YouTube  | [Normal]     | 92%    |   97.4ms | I CANT WAIT!!!!!!!!...
[ENTERTAINM] | YouTube  | [Normal]     | 97%    |  128.4ms | :eyes-purple-crying::eyes-purple-crying:...
[GAMING/SUR] | YouTube  | [Normal]     | 85%    |   72.1ms | lies...
[GAMING/GAM] | YouTube  | [Normal]     | 90%    |   77.9ms | yessss...
[ENTERTAINM] | YouTube  | [Normal]     | 97%    |   97.7ms | please play sidhu moose wala song - mera...
[GAMING/GAM] | YouTube  | [Normal]     | 94%    |   88.9ms | W Mark...
[SELF-HELP/] | YouTube  | [Normal]     | 97%    |   95.5ms | Thank you Dr. K...
[PSYCHOLOGY] | YouTube  | [Normal]     | 96%    |   93.1ms | Ani me!^^...
[GAMING/GAM] | YouTube  | [Normal]     | 94%    |   90.5ms | chat  is he being real...
[GAMING/GAM] | YouTube  | [Normal]     | 37%    |  101.5ms | BAN THEM THEY ARE WRONG...
[ENTERTAINM] | YouTube  | [Normal]     | 94%    |   80.8ms | y...
[GAMING/GAM] | YouTube  | [Normal]     | 96%    |   80.0ms | hiiiiiiiiii...
[GAMING/GAM] | YouTube  | [Normal]     | 95%    |   81.6ms | not a noob lol...
[GAMING/GAM] | YouTube  | [Normal]     | 94%    |   88.6ms | noobbbbb...
[ENTERTAINM] | YouTube  | [Normal]     | 95%    |   80.2ms | 67...
[ENTERTAINM] | YouTube  | [Normal]     | 97%    |  131.0ms | :heart_hands::heart_hands::heart_hands::...
[GAMING/GAM] | YouTube  | [Normal]     | 94%    |   97.5ms | HAHAHAA...
[ENTERTAINM] | YouTube  | [Normal]     | 96%    |  101.6ms | I was here...
[GAMING/GAM] | YouTube  | [Normal]     | 97%    |  137.4ms | OBVERSATION :loudly_crying_face::loudly_...
[MUSIC/CHIL] | YouTube  | [Normal]     | 87%    |   88.5ms | thnx sis...
[ENTERTAINM] | YouTube  | [Normal]     | 97%    |   88.9ms | please pay 1000$...
[GAMING/GAM] | YouTube  | [OFFENSIVE]  | 62%    |  111.5ms | Goofy goober yea :smiling_face_with_sung...
[GAMING/GAM] | YouTube  | [Normal]     | 90%    |   96.0ms | You fixed the title anomaly...
[GAMING/GAM] | YouTube  | [Normal]     | 94%    |  103.7ms | not sure if its just me  but Mark feels ...
[ENTERTAINM] | YouTube  | [Normal]     | 92%    |   76.7ms | ww...
[GAMING/GAM] | YouTube  | [Normal]     | 95%    |   84.6ms | Obversation...
[ENTERTAINM] | YouTube  | [Normal]     | 97%    |  126.0ms | Promoting another YT…:chart_increasing::...
[ENTERTAINM] | YouTube  | [Normal]     | 94%    |   84.2ms | sup jim...
[GAMING/GAM] | YouTube  | [Normal]     | 91%    |   93.4ms | lowkey kinda like Five Nights at JR's...
[GAMING/GAM] | YouTube  | [Normal]     | 80%    |   91.3ms | Camera malfunction means it was gone...
[ENTERTAINM] | YouTube  | [Normal]     | 97%    |  106.9ms | :smiling_face_with_heart_eyes:...
[ENTERTAINM] | YouTube  | [Normal]     | 74%    |  153.7ms | :party_popper::party_popper::party_poppe...
[GAMING/GAM] | YouTube  | [Normal]     | 91%    |  125.4ms | camera malfunction was when the game end...
[ENTERTAINM] | YouTube  | [Normal]     | 62%    |   82.2ms | les goooo...
[GAMING/GAM] | YouTube  | [Normal]     | 95%    |   72.5ms | yay...
[ENTERTAINM] | YouTube  | [Normal]     | 96%    |   95.8ms | jimmy i am subscribed you from 2020...
[ENTERTAINM] | YouTube  | [Normal]     | 95%    |  245.8ms | Bro give A super bike like bmw 1000 RR :...
[PSYCHOLOGY] | YouTube  | [Normal]     | 92%    |  156.2ms | Too often I spend time internally  think...
[PSYCHOLOGY] | YouTube  | [Normal]     | 96%    |   86.8ms | Makes sens...
[GAMING/SUR] | YouTube  | [Normal]     | 89%    |   76.3ms | nice windmill haha...
[ENTERTAINM] | YouTube  | [Normal]     | 97%    |   94.7ms | :thanksdoc::yt:...
[ENTERTAINM] | YouTube  | [Normal]     | 93%    |  101.2ms | :rolling_on_the_floor_laughing:...
[GAMING/GAM] | YouTube  | [Normal]     | 87%    |   89.0ms | lock the door...
[GAMING/SUR] | YouTube  | [Normal]     | 93%    |   79.9ms | oh my god...
[MUSIC/CHIL] | YouTube  | [Normal]     | 98%    |  232.2ms | BLOSS :bouquet::small_blue_diamond: Boll...
[ENTERTAINM] | YouTube  | [Normal]     | 96%    |   96.9ms | for my business brother pzz help me...
[GAMING/GAM] | YouTube  | [Normal]     | 79%    |   95.1ms | There's a man in the top left corner...
[MUSIC/CHIL] | YouTube  | [Normal]     | 97%    |  126.9ms | Prasa hey bro :handshake: :clinking_beer...
[ENTERTAINM] | YouTube  | [Normal]     | 93%    |   89.5ms | hlo...
[GAMING/SUR] | YouTube  | [Normal]     | 77%    |   85.7ms | ACTUAL FOOLISHNESS...
[GAMING/GAM] | YouTube  | [Normal]     | 88%    |   77.7ms | IN THE THEATER BOUTA WATCH IRON LUNG...
[ENTERTAINM] | YouTube  | [Normal]     | 95%    |   63.8ms | Asalamualaikum...
[GAMING/GAM] | YouTube  | [Normal]     | 93%    |   64.3ms | L...
[MUSIC/CHIL] | YouTube  | [Normal]     | 97%    |   72.5ms | :green_heart::elephant:...
[GAMING/SUR] | YouTube  | [Normal]     | 87%    |   63.0ms | Let him help...
[GAMING/GAM] | YouTube  | [Normal]     | 96%    |   62.3ms | flare???...
[GAMING/GAM] | YouTube  | [Normal]     | 94%    |   77.5ms | Keep an eye on the map in the interior...
[GAMING/GAM] | YouTube  | [Normal]     | 89%    |   53.6ms | PHONE ANOMALY...
[ENTERTAINM] | YouTube  | [Normal]     | 97%    |   71.8ms | from Pakistan :red_heart:...
[PSYCHOLOGY] | YouTube  | [Normal]     | 82%    |   69.0ms | how u guys deal with conformity...
[GAMING/GAM] | YouTube  | [Normal]     | 91%    |   58.4ms | Hey...
[ENTERTAINM] | YouTube  | [Normal]     | 98%    |  188.4ms | siempre participamos con la esperanza de...
[GAMING/SUR] | YouTube  | [Normal]     | 83%    |   70.4ms | weiner is on fire...
[ENTERTAINM] | YouTube  | [Normal]     | 94%    |   60.5ms | hi...
[GAMING/SUR] | YouTube  | [Normal]     | 91%    |   68.3ms | and you lost all your money lol...
[PSYCHOLOGY] | YouTube  | [Normal]     | 58%    |  100.4ms | What if I don’t want to have kids? (As a...
[ENTERTAINM] | YouTube  | [Normal]     | 85%    |   79.6ms | you are the best !!!!!!¡...
[ENTERTAINM] | YouTube  | [Normal]     | 94%    |   63.7ms | Yeeeee...
[ENTERTAINM] | YouTube  | [Normal]     | 88%    |   66.5ms | give me money...
[ENTERTAINM] | YouTube  | [Normal]     | 96%    |   77.5ms | U.S. and no clue lol...
[GAMING/GAM] | YouTube  | [Normal]     | 90%    |   77.0ms | don't see a face "yet"...
[GAMING/SUR] | YouTube  | [Normal]     | 66%    |   68.9ms | you need cloaksy RPG...
[MUSIC/CHIL] | YouTube  | [Normal]     | 96%    |   73.8ms | vizz raaledhe...
[ENTERTAINM] | YouTube  | [Normal]     | 90%    |   68.0ms | But for real who is he...
[SELF-HELP/] | YouTube  | [Normal]     | 95%    |   62.0ms | Ws for chat...
[ENTERTAINM] | YouTube  | [Normal]     | 95%    |   55.8ms | hello...
[GAMING/GAM] | YouTube  | [Normal]     | 90%    |   72.8ms | Oh my GOD NO...
[GAMING/GAM] | YouTube  | [Normal]     | 97%    |  153.6ms | Hey Mark  I have been watching your cont...
[GAMING/GAM] | YouTube  | [Normal]     | 93%    |   63.7ms | MISSING CAMERA...
[GAMING/SUR] | YouTube  | [HATE]       | 66%    |   82.2ms | well at least the windmill should be gon...
[ENTERTAINM] | YouTube  | [Normal]     | 93%    |   67.7ms | Mr beast is best...
[GAMING/GAM] | YouTube  | [Normal]     | 87%    |   77.4ms | You’re live whattt since when...
[GAMING/GAM] | YouTube  | [Normal]     | 95%    |   65.5ms | the stairs look oddly green...
[GAMING/GAM] | YouTube  | [Normal]     | 97%    |   74.5ms | FUSE BOX in Interior...
[ENTERTAINM] | YouTube  | [Normal]     | 93%    |   73.1ms | I LOVE YOU MR BEAST SIR...
[ENTERTAINM] | YouTube  | [Normal]     | 94%    |   62.3ms | Do speed...
[NEWS/LIVE ] | YouTube  | [Normal]     | 92%    |   83.5ms | They rejected him from the press confere...
[ENTERTAINM] | YouTube  | [Normal]     | 91%    |   65.4ms | منم...
[MUSIC/CHIL] | YouTube  | [Normal]     | 95%    |   63.2ms | :zzz:...
[GAMING/GAM] | YouTube  | [Normal]     | 93%    |   66.9ms | extra bottle pier...
[ENTERTAINM] | YouTube  | [Normal]     | 87%    |   61.0ms | a...
[ENTERTAINM] | YouTube  | [Normal]     | 95%    |   98.9ms | হ্যালো মিস্টার বিস্ট...
[GAMING/GAM] | YouTube  | [Normal]     | 85%    |   76.3ms | What if mark is the anomaly...
[GAMING/GAM] | YouTube  | [Normal]     | 96%    |   64.6ms | What time does stream start?...
[GAMING/GAM] | YouTube  | [Normal]     | 97%    |   70.5ms | THE RED ROPE MOVED BACK I SWEAR...
[GAMING/GAM] | YouTube  | [Normal]     | 90%    |   62.0ms | It's the lung!...
[GAMING/GAM] | YouTube  | [Normal]     | 96%    |   64.2ms | camera is zoomed on lighthouse...
[GAMING/GAM] | YouTube  | [Normal]     | 97%    |   69.8ms | SECOND MOUSETRAP IN BASEMENT...
[GAMING/SUR] | YouTube  | [Normal]     | 94%    |   73.9ms | it's about to go down...
[MUSIC/CHIL] | YouTube  | [Normal]     | 97%    |   76.5ms | Kavya face reveal...
[ENTERTAINM] | YouTube  | [Normal]     | 94%    |   54.5ms | hi...
[ENTERTAINM] | YouTube  | [Normal]     | 97%    |   67.0ms | I love you...
[ENTERTAINM] | YouTube  | [Normal]     | 90%    |   64.0ms | หวัดดี มิสเตอร์บีย...
[GAMING/GAM] | YouTube  | [Normal]     | 93%    |   82.1ms | The keepers roam sounds like someone is ...
[MUSIC/CHIL] | YouTube  | [HATE]       | 84%    |   70.0ms | Raggy buy her a Barista machine...
[ENTERTAINM] | YouTube  | [Normal]     | 94%    |   52.1ms | Hi...
[GAMING/SUR] | YouTube  | [Normal]     | 74%    |   67.0ms | YOU NEED TO BE FASTER...
[GAMING/GAM] | YouTube  | [Normal]     | 98%    |   70.3ms | Mark the pole...
[GAMING/GAM] | YouTube  | [Normal]     | 96%    |   57.4ms | hi Mark...
[GAMING/GAM] | YouTube  | [Normal]     | 88%    |  100.5ms | i'm really waiting for a person to show ...
[GAMING/GAM] | YouTube  | [Normal]     | 77%    |  117.3ms | no iron lung for Ukrainian?(((...
[GAMING/GAM] | YouTube  | [Normal]     | 97%    |  105.3ms | The lantern moved interior...
[GAMING/GAM] | YouTube  | [Normal]     | 97%    |  102.7ms | the fuse box was open...
[GAMING/GAM] | YouTube  | [Normal]     | 98%    |  108.2ms | extra box by the purple scarf lantern ro...
[ENTERTAINM] | YouTube  | [Normal]     | 96%    |   79.9ms | FROM UZBEKISTAN...
[PSYCHOLOGY] | YouTube  | [Normal]     | 95%    |  218.4ms | @guywithnohouse.6808 Yeah like  okay rec...
[GAMING/GAM] | YouTube  | [Normal]     | 91%    |  114.4ms | you need to cool it...
[GAMING/SUR] | YouTube  | [Normal]     | 51%    |  100.1ms | Let’s gooooooo...
[GAMING/SUR] | YouTube  | [Normal]     | 94%    |   72.0ms | YUH...
[GAMING/SUR] | YouTube  | [Normal]     | 96%    |   81.5ms | Yurrrrr...
[PSYCHOLOGY] | YouTube  | [Normal]     | 98%    |  103.0ms | :glasses-purple-yellow-diamond:...
[GAMING/SUR] | YouTube  | [Normal]     | 96%    |   81.2ms | First...
[GAMING/SUR] | YouTube  | [Normal]     | 92%    |   82.7ms | Wuuhuu...
[GAMING/SUR] | YouTube  | [Normal]     | 69%    |   79.9ms | Gooooop...
[GAMING/SUR] | YouTube  | [Normal]     | 95%    |   79.1ms | yyyeeer...
[GAMING/SUR] | YouTube  | [Normal]     | 52%    |   87.0ms | GOOP GOOP GOOP...
[GAMING/SUR] | YouTube  | [Normal]     | 87%    |   74.9ms | LOCK IN...
[GAMING/SUR] | YouTube  | [Normal]     | 92%    |   93.1ms | Knights of the bungus!!!...
[MUSIC/CHIL] | YouTube  | [Normal]     | 97%    |  277.6ms | Mother and daughter having children toge...
[GAMING/SUR] | YouTube  | [Normal]     | 92%    |  101.8ms | The Myth  The peanut  The mf legend in d...
[GAMING/SUR] | YouTube  | [Normal]     | 95%    |   79.8ms | EEEEE...
[GAMING/SUR] | YouTube  | [Normal]     | 95%    |  173.4ms | :thumbs_up::thumbs_up::thumbs_up::thumbs...
[GAMING/SUR] | YouTube  | [Normal]     | 96%    |   78.4ms | HAPPY SATURDAY...
[GAMING/SUR] | YouTube  | [Normal]     | 92%    |  101.2ms | hes ;leaving...
[GAMING/SUR] | YouTube  | [Normal]     | 91%    |   94.9ms | yeahhhhhh...
[GAMING/SUR] | YouTube  | [Normal]     | 74%    |   90.9ms | hutch is going to gamble...
[GAMING/SUR] | YouTube  | [Normal]     | 93%    |   92.5ms | Gingy and Rouge did 20 Hours...
[GAMING/SUR] | YouTube  | [Normal]     | 54%    |  107.1ms | Hutch robbed you of your gun and armor...
[MUSIC/CHIL] | YouTube  | [Normal]     | 97%    |  146.5ms | serendi lechi podam ani chelli ekkadikel...
[GAMING/SUR] | YouTube  | [Normal]     | 87%    |   91.8ms | give gingy her flowers...
[GAMING/SUR] | YouTube  | [Normal]     | 78%    |   94.2ms | Gingy and Rogue need a promotion peanut...
[GAMING/SUR] | YouTube  | [OFFENSIVE]  | 79%    |  142.3ms | :_LetsGo::_LetsGo::_LetsGo::_LetsGo::_Le...
[NEWS/LIVE ] | YouTube  | [Normal]     | 96%    |  106.0ms | Won won :backhand_index_pointing_left:...
[GAMING/SUR] | YouTube  | [Normal]     | 91%    |  104.7ms | ayyyeee. he's baccckkk...
[MUSIC/CHIL] | YouTube  | [Normal]     | 98%    |  115.8ms | serendi marchipoya :smiling_face_with_te...
[GAMING/SUR] | YouTube  | [Normal]     | 80%    |   96.4ms | They have slot machines as well haha...
[GAMING/SUR] | YouTube  | [Normal]     | 95%    |   94.6ms | GATE LEFT OPEN P...
[GAMING/SUR] | YouTube  | [Normal]     | 68%    |   90.4ms | goop his body...
[GAMING/SUR] | YouTube  | [Normal]     | 96%    |   76.3ms | !peanuts...
[NEWS/LIVE ] | YouTube  | [Normal]     | 93%    |   79.2ms | :buffering:...
[GAMING/SUR] | YouTube  | [Normal]     | 93%    |   81.1ms | $UFD...
[GAMING/SUR] | YouTube  | [Normal]     | 98%    |  106.8ms | Peanut on a game I actually play????...
[GAMING/SUR] | YouTube  | [Normal]     | 97%    |  100.8ms | where is telaviv?...
[SELF-HELP/] | YouTube  | [Normal]     | 96%    |  100.9ms | hows it going chat?...
[NEWS/LIVE ] | YouTube  | [Normal]     | 94%    |  111.4ms | nobody wants to be commie:cat-orange-whi...
[GAMING/SUR] | YouTube  | [OFFENSIVE]  | 98%    |  126.2ms | is this loser still using Rust pros when...
[MUSIC/CHIL] | YouTube  | [Normal]     | 97%    |  149.8ms | pranam leni paddati kosam pranam una pra...
[MUSIC/CHIL] | YouTube  | [Normal]     | 98%    |  162.1ms | :face_with_tears_of_joy::cat_with_tears_...
[MUSIC/CHIL] | YouTube  | [Normal]     | 97%    |  112.4ms | G  :face_with_tears_of_joy:Bagunda corpo...
[PSYCHOLOGY] | YouTube  | [Normal]     | 96%    |   82.7ms | alrighty chattt...
[GAMING/SUR] | YouTube  | [Normal]     | 81%    |  106.2ms | gingy owned butch the hutt :rolling_on_t...
[GAMING/SUR] | YouTube  | [Normal]     | 94%    |   61.2ms | below...
[PSYCHOLOGY] | YouTube  | [Normal]     | 97%    |   82.7ms | Hi Dr. K ! Hi team ! Hi chat !...
[GAMING/SUR] | YouTube  | [Normal]     | 95%    |   55.3ms | pure diesel...
[MUSIC/CHIL] | YouTube  | [Normal]     | 85%    |   97.0ms | If he says it's a lie  I'll never come h...
[GAMING/SUR] | YouTube  | [OFFENSIVE]  | 49%    |   74.9ms | GINGY KILLED CLOAKZY?!?!...
[GAMING/SUR] | YouTube  | [Normal]     | 94%    |   78.8ms | RAAAQAAAAAHHHH...
[MUSIC/CHIL] | YouTube  | [Normal]     | 95%    |  148.2ms | Suz I can’t cover my face anymore :face_...
[MUSIC/CHIL] | YouTube  | [Normal]     | 97%    |  107.4ms | Manoj kyu mana kr rhe isse Acha to mar j...
[MUSIC/CHIL] | YouTube  | [Normal]     | 95%    |   89.6ms | Shivani your pfp is giving those vibes...
[NEWS/LIVE ] | YouTube  | [Normal]     | 88%    |   93.2ms | as a former USA teacher  what went wrong...
[GAMING/SUR] | YouTube  | [Normal]     | 92%    |   78.4ms | HES ON EARLY HI MR NUT...
[GAMING/SUR] | YouTube  | [Normal]     | 81%    |   82.0ms | there is a wheel in the train...
[GAMING/SUR] | YouTube  | [Normal]     | 91%    |   65.5ms | its in the front...
[GAMING/SUR] | YouTube  | [Normal]     | 94%    |   65.2ms | ON the ground...
[GAMING/SUR] | YouTube  | [Normal]     | 91%    |   66.7ms | South...
[GAMING/SUR] | YouTube  | [Normal]     | 92%    |   78.5ms | haahahahah...
[MUSIC/CHIL] | YouTube  | [Normal]     | 88%    |   64.8ms | Stranger net slow...
[GAMING/SUR] | YouTube  | [Normal]     | 96%    |   69.2ms | oh its h20 lol...
[GAMING/SUR] | YouTube  | [OFFENSIVE]  | 89%    |   70.5ms | DELIROOUSSSSS...
[GAMING/SUR] | YouTube  | [Normal]     | 91%    |   70.1ms | DO IT AND YOUR COOL...
[MUSIC/CHIL] | YouTube  | [Normal]     | 96%    |   63.2ms | i can be...
[GAMING/SUR] | YouTube  | [Normal]     | 92%    |   77.2ms | W GAMBLING :_PeanutJork:...
[GAMING/SUR] | YouTube  | [Normal]     | 90%    |   69.8ms | bro needs to put some clothes on...
[GAMING/SUR] | YouTube  | [Normal]     | 94%    |   92.7ms | @titeacevedo7791 wahhhh wahhhh...
[GAMING/SUR] | YouTube  | [HATE]       | 61%    |   62.2ms | Goat :goat:...
[GAMING/SUR] | YouTube  | [Normal]     | 96%    |   66.9ms | Classic...
[MUSIC/CHIL] | YouTube  | [Normal]     | 95%    |  143.1ms | what so :rolling_on_the_floor_laughing::...
[GAMING/SUR] | YouTube  | [Normal]     | 82%    |   78.2ms | why the hell is delerious here lmfao...
[GAMING/SUR] | YouTube  | [Normal]     | 95%    |   63.0ms | well that escalated quickly...
[GAMING/SUR] | YouTube  | [OFFENSIVE]  | 78%    |  109.5ms | :_LetsGo::_LetsGo::_LetsGo::_LetsGo:...
[MUSIC/CHIL] | YouTube  | [Normal]     | 96%    |   86.9ms | so you love me :smiling_face_with_sungla...
[GAMING/SUR] | YouTube  | [Normal]     | 94%    |   62.6ms | 10...
[GAMING/SUR] | YouTube  | [Normal]     | 96%    |   59.2ms | LOL...
[GAMING/SUR] | YouTube  | [Normal]     | 96%    |   55.0ms | LOL...
[GAMING/SUR] | YouTube  | [Normal]     | 97%    |  139.2ms | :face_with_tears_of_joy::face_with_tears...
[MUSIC/CHIL] | YouTube  | [Normal]     | 97%    |   78.9ms | Vsaanu Anna:slightly_smiling_face:...
[PSYCHOLOGY] | YouTube  | [Normal]     | 92%    |   74.0ms | good news there are billions of humans!...
[SELF-HELP/] | YouTube  | [Normal]     | 86%    |   54.1ms | yo...
[GAMING/SUR] | YouTube  | [Normal]     | 93%    |   74.0ms | AHHHHHHHH...
[PSYCHOLOGY] | YouTube  | [Normal]     | 97%    |  120.3ms | is he streaming on twitch too? is that t...
[GAMING/SUR] | YouTube  | [Normal]     | 95%    |   78.5ms | 6 7...
[GAMING/SUR] | YouTube  | [Normal]     | 95%    |  116.6ms | :fire::fire::fire::fire::fire:...
[GAMING/SUR] | YouTube  | [Normal]     | 92%    |  131.6ms | :_PeanutJork::_GOOP::_GOOP::_GOOP:...
[GAMING/SUR] | YouTube  | [Normal]     | 93%    |   86.7ms | get rekt...
[GAMING/SUR] | YouTube  | [Normal]     | 96%    |   88.0ms | lmao righed...
[GAMING/SUR] | YouTube  | [Normal]     | 94%    |   90.3ms | Haahahahahhaa...
[GAMING/SUR] | YouTube  | [Normal]     | 89%    |   90.8ms | There goes the house Mrs peanut...
[GAMING/SUR] | YouTube  | [Normal]     | 91%    |   70.4ms | W...
[GAMING/SUR] | YouTube  | [Normal]     | 98%    |   85.4ms | W PEANUT :fire::fire:...
[PSYCHOLOGY] | YouTube  | [Normal]     | 94%    |  138.6ms | @atomicaxioms which one of your testicle...
[MUSIC/CHIL] | YouTube  | [OFFENSIVE]  | 57%    |   97.0ms | mohit kaise ho...
[GAMING/SUR] | YouTube  | [Normal]     | 95%    |   83.4ms | 3 again...
[GAMING/SUR] | YouTube  | [Normal]     | 96%    |   72.3ms | lol...
[GAMING/SUR] | YouTube  | [Normal]     | 94%    |   67.2ms | 5...
[GAMING/SUR] | YouTube  | [Normal]     | 92%    |   76.5ms | bust...
[GAMING/SUR] | YouTube  | [Normal]     | 74%    |   82.3ms | This is Depressing...
[NEWS/LIVE ] | YouTube  | [Normal]     | 94%    |  137.6ms | SPENCER PRATT THIS WILL HELP YOU. KAREN ...
[ENTERTAINM] | YouTube  | [Normal]     | 96%    |   98.7ms | Let's Go 500M Subscribers!...
[SELF-HELP/] | YouTube  | [Normal]     | 94%    |   73.9ms | Jedi soccer...
[PSYCHOLOGY] | YouTube  | [Normal]     | 91%    |   85.9ms | Where does he finds these names...
[ENTERTAINM] | YouTube  | [Normal]     | 96%    |   99.4ms | MR BEAST I LOVE YOUUUUUU...
[ENTERTAINM] | YouTube  | [Normal]     | 88%    |  129.6ms | :stayhome::stayhome::stayhome::stayhome:...
[ENTERTAINM] | YouTube  | [Normal]     | 96%    |   95.6ms | hy pls take my name...
[ENTERTAINM] | YouTube  | [Normal]     | 94%    |   90.2ms | unsubscribe...
[GAMING/SUR] | YouTube  | [Normal]     | 87%    |   70.7ms | no...
[GAMING/SUR] | YouTube  | [Normal]     | 94%    |   73.9ms | JAMMMM...
[MUSIC/CHIL] | YouTube  | [Normal]     | 95%    |   84.5ms | D icheyi Ra...
[ENTERTAINM] | YouTube  | [Normal]     | 94%    |   67.5ms | hi...
[GAMING/GAM] | YouTube  | [Normal]     | 95%    |   75.2ms | hello...
[GAMING/GAM] | YouTube  | [Normal]     | 93%    |   82.5ms | THERE HE IS...
[GAMING/GAM] | YouTube  | [Normal]     | 96%    |   70.2ms | hello!! I exist!!...
[GAMING/GAM] | YouTube  | [Normal]     | 96%    |   73.1ms | HELLO FROM Ireland!!...
[SELF-HELP/] | YouTube  | [Normal]     | 94%    |  109.8ms | I remember you talking about all kinds o...
[GAMING/GAM] | YouTube  | [Normal]     | 96%    |   78.7ms | AAHHH HI MARK HI CHAT...
[GAMING/GAM] | YouTube  | [Normal]     | 96%    |   65.7ms | HIIIIIII...
[ENTERTAINM] | YouTube  | [Normal]     | 93%    |   64.1ms | omg...
[ENTERTAINM] | YouTube  | [Normal]     | 95%    |   59.4ms | hii...
[GAMING/SUR] | YouTube  | [Normal]     | 48%    |   70.0ms | you should play some rust tomorrow...
[GAMING/GAM] | YouTube  | [Normal]     | 96%    |   89.3ms | WOOOOO I finally caught a stream!!!...
[GAMING/SUR] | YouTube  | [Normal]     | 96%    |   86.9ms | it's 5 o'clock time for a beer...
[GAMING/GAM] | YouTube  | [Normal]     | 96%    |   69.7ms | Hi Mark!!!...
[GAMING/GAM] | YouTube  | [Normal]     | 97%    |   64.0ms | Welcome to Member!...
[GAMING/GAM] | YouTube  | [Normal]     | 94%    |   59.1ms | hi...
[MUSIC/CHIL] | YouTube  | [Normal]     | 97%    |  102.4ms | ai văzut vreo fantomă?:face_with_rolling...
[ENTERTAINM] | YouTube  | [Normal]     | 86%    |   64.5ms | YO...
[GAMING/SUR] | YouTube  | [Normal]     | 78%    |  102.1ms | i dont understand how you have so much e...
[GAMING/GAM] | YouTube  | [Normal]     | 94%    |   70.2ms | w!!!...
[GAMING/GAM] | YouTube  | [Normal]     | 96%    |  104.4ms | Hey Mark. It would mean a lot if you sai...
[MUSIC/CHIL] | YouTube  | [Normal]     | 97%    |   79.1ms | shikha I can see.......
[ENTERTAINM] | YouTube  | [Normal]     | 97%    |   96.8ms | ниче не понимаю:slightly_smiling_face:...
[ENTERTAINM] | YouTube  | [Normal]     | 94%    |   61.2ms | IND...
[PSYCHOLOGY] | YouTube  | [Normal]     | 87%    |   54.1ms | no...
[GAMING/GAM] | YouTube  | [Normal]     | 97%    |   83.4ms | i saw it yesterday and i loved it!!!...
[ENTERTAINM] | YouTube  | [Normal]     | 96%    |   66.8ms | hello sirrrr...
[ENTERTAINM] | YouTube  | [Normal]     | 90%    |   56.8ms | india brother...
[GAMING/GAM] | YouTube  | [Normal]     | 88%    |   77.8ms | Who cares about dollars FR...
[GAMING/GAM] | YouTube  | [Normal]     | 97%    |   76.3ms | Does it help that I saw it multiple time...
[GAMING/GAM] | YouTube  | [Normal]     | 91%    |   59.6ms | YEAHHHHHHH...
[GAMING/GAM] | YouTube  | [Normal]     | 97%    |   72.0ms | MARK MY BROTHER AND I LOVED YOUR MOVIE...
[GAMING/GAM] | YouTube  | [Normal]     | 91%    |   86.6ms | Mark  you look shorter than usual  every...
[ENTERTAINM] | YouTube  | [Normal]     | 95%    |   53.2ms | CONGRATULATIONS...
[GAMING/GAM] | YouTube  | [Normal]     | 95%    |   74.3ms | I hope you bring more scp videos back!...
[GAMING/GAM] | YouTube  | [Normal]     | 96%    |   69.1ms | MARKIPLIERRRRRR...
[GAMING/GAM] | YouTube  | [Normal]     | 97%    |   62.5ms | Welcome New Member!...
[GAMING/GAM] | YouTube  | [Normal]     | 97%    |   95.6ms | FINALLY GOT TICKETS TO SEE THE MOVIE ON ...
[GAMING/GAM] | YouTube  | [OFFENSIVE]  | 65%    |   69.0ms | congratssss...
[GAMING/SUR] | YouTube  | [OFFENSIVE]  | 77%    |  140.7ms | what an asshole to come and take all the...
[GAMING/GAM] | YouTube  | [Normal]     | 97%    |  103.0ms | I need a physical copy as soon as it rel...
[GAMING/GAM] | YouTube  | [Normal]     | 97%    |   98.4ms | im seeing the movie tomorrow! very excit...
[ENTERTAINM] | YouTube  | [Normal]     | 95%    |   90.6ms | MR BEAST I HAVE A QUESTION...
[ENTERTAINM] | YouTube  | [Normal]     | 97%    |  108.8ms | I love you bro :face_blowing_a_kiss:...
[ENTERTAINM] | YouTube  | [Normal]     | 96%    |   82.7ms | Oi...
[ENTERTAINM] | YouTube  | [Normal]     | 93%    |   85.5ms | j...
[GAMING/SUR] | YouTube  | [Normal]     | 97%    |   80.1ms | did rouge sleep?...
[GAMING/GAM] | YouTube  | [Normal]     | 89%    |  158.2ms | I remember initially tuning in when Drun...
[GAMING/SUR] | YouTube  | [Normal]     | 96%    |  100.9ms | he didn't close the gate...
[GAMING/GAM] | YouTube  | [Normal]     | 77%    |   99.8ms | liiiight houuuuse...
[SELF-HELP/] | YouTube  | [Normal]     | 65%    |  125.3ms | David Goggins records hate comments and ...
[GAMING/SUR] | YouTube  | [Normal]     | 81%    |   70.6ms | THEN QUIT...
[GAMING/SUR] | YouTube  | [Normal]     | 94%    |   76.0ms | who is doug buck...
[SELF-HELP/] | YouTube  | [Normal]     | 70%    |  112.0ms | if one hates the self isnt that part of ...
[SELF-HELP/] | YouTube  | [HATE]       | 93%    |  112.6ms | You should listen to them but not dwell ...
[GAMING/GAM] | YouTube  | [Normal]     | 93%    |   64.9ms | lighthouse...
[GAMING/GAM] | YouTube  | [Normal]     | 95%    |  101.1ms | this music is BUMPING...
[GAMING/SUR] | YouTube  | [Normal]     | 96%    |  101.6ms | roulette...
[GAMING/GAM] | YouTube  | [Normal]     | 97%    |   97.6ms | LIGHT PLANE...
[ENTERTAINM] | YouTube  | [Normal]     | 83%    |   95.3ms | they grow up so fast...
[ENTERTAINM] | YouTube  | [Normal]     | 94%    |   90.7ms | bro still looks the same...
[GAMING/SUR] | YouTube  | [Normal]     | 93%    |   97.7ms | PEANUT SOMEONE SPRAYED A PEEN ON YOUR BI...
[GAMING/GAM] | YouTube  | [Normal]     | 95%    |   85.7ms | Light house for sure...
[GAMING/GAM] | YouTube  | [Normal]     | 96%    |   88.8ms | :sanitizer:...
[GAMING/GAM] | YouTube  | [Normal]     | 96%    |   92.0ms | Hi Mark...
[GAMING/SUR] | YouTube  | [Normal]     | 94%    |   74.9ms | Dude...
[GAMING/GAM] | YouTube  | [Normal]     | 98%    |  116.4ms | HII MARK YOUR MOVIE WAS AMAZING I LOVED ...
[GAMING/GAM] | YouTube  | [Normal]     | 96%    |  179.3ms | :_markiHEART::_markiHEART::_markiHEART::...
[MUSIC/CHIL] | YouTube  | [Normal]     | 98%    |   90.1ms | :cloud_with_rain:...
[GAMING/GAM] | YouTube  | [OFFENSIVE]  | 61%    |   81.8ms | your movie was fuckin fire...
[ENTERTAINM] | YouTube  | [Normal]     | 90%    |   87.8ms | Wazzzzup...
[GAMING/GAM] | YouTube  | [Normal]     | 97%    |  107.7ms | MARK PLAY ON AIRPLNE AND MY LIFE IS YOUR...
[ENTERTAINM] | YouTube  | [Normal]     | 95%    |  128.1ms | OI MRBEAST!!!!!! SOU DO BRASIL!!!!...
[GAMING/SUR] | YouTube  | [Normal]     | 96%    |   73.3ms | lol...
[ENTERTAINM] | YouTube  | [Normal]     | 94%    |   71.3ms | hi...
[ENTERTAINM] | YouTube  | [Normal]     | 98%    |  181.2ms | Elon about to hit $1 Trillion and Jimmy ...
[GAMING/GAM] | YouTube  | [Normal]     | 91%    |   68.4ms | PORTUGAL...
[ENTERTAINM] | YouTube  | [Normal]     | 94%    |   66.9ms | nice...
[ENTERTAINM] | YouTube  | [Normal]     | 91%    |   71.5ms | mr beast...
[ENTERTAINM] | YouTube  | [Normal]     | 94%    |   69.8ms | 1...
[GAMING/SUR] | YouTube  | [Normal]     | 91%    |   97.3ms | no way:face_with_open_mouth:...
[GAMING/GAM] | YouTube  | [Normal]     | 96%    |   91.2ms | hello mark are you considering doing con...
[GAMING/GAM] | YouTube  | [Normal]     | 87%    |   91.3ms | I hope it comes to Chile...
[ENTERTAINM] | YouTube  | [Normal]     | 95%    |  157.7ms | seeing you going from 40 million subscri...
[GAMING/SUR] | YouTube  | [Normal]     | 94%    |   81.2ms | larry Joseph barringer...
[ENTERTAINM] | YouTube  | [Normal]     | 96%    |   83.4ms | I was hereeee...
[GAMING/SUR] | YouTube  | [Normal]     | 89%    |  100.3ms | Im Busting...!!!!!!...
[GAMING/GAM] | YouTube  | [Normal]     | 94%    |  100.7ms | portugal!? MY PEOPLE...
[GAMING/GAM] | YouTube  | [Normal]     | 95%    |   70.9ms | bcb...
[GAMING/GAM] | YouTube  | [Normal]     | 98%    |   98.6ms | I want airplane :airplane::airplane:...
[GAMING/SUR] | YouTube  | [Normal]     | 98%    |   88.4ms | :trophy-yellow-smiling:W...
[ENTERTAINM] | YouTube  | [Normal]     | 95%    |   68.3ms | Bangladesh...
[ENTERTAINM] | YouTube  | [Normal]     | 95%    |   84.6ms | i'm here...
[GAMING/GAM] | YouTube  | [Normal]     | 77%    |   89.2ms | WHERE CAN I WATCH IRON LUNG...
[GAMING/GAM] | YouTube  | [Normal]     | 95%    |  206.7ms | :_markiLOVE::_markiLOVE::_markiLOVE::_ma...
[GAMING/SUR] | YouTube  | [Normal]     | 95%    |   74.1ms | DOUBLE DOUBLE...
[GAMING/GAM] | YouTube  | [Normal]     | 95%    |  106.5ms | i was just seen your video of dont starv...
[GAMING/SUR] | YouTube  | [Normal]     | 94%    |   90.0ms | DOUBLE...
[GAMING/GAM] | YouTube  | [Normal]     | 93%    |   80.3ms | Ohhhh...
[GAMING/SUR] | YouTube  | [Normal]     | 95%    |   79.8ms | hit...
[GAMING/GAM] | YouTube  | [Normal]     | 95%    |  171.1ms | hey mark do you ever plan on playing doo...
[PSYCHOLOGY] | YouTube  | [Normal]     | 90%    |   83.7ms | yin and yang...
[GAMING/GAM] | YouTube  | [Normal]     | 95%    |   81.7ms | hellooo...
[GAMING/GAM] | YouTube  | [Normal]     | 48%    |  103.6ms | sound was fab for me in the UK :)...
[MUSIC/CHIL] | YouTube  | [Normal]     | 98%    |  197.1ms | EXITO:face-red-heart-shape::face-red-hea...
[NEWS/LIVE ] | YouTube  | [Normal]     | 93%    |   90.0ms | for not taking covid shots...
[MUSIC/CHIL] | YouTube  | [Normal]     | 95%    |  102.6ms | lo que hagas entre semana da igual...
[GAMING/SUR] | YouTube  | [Normal]     | 91%    |   88.9ms | Risking way to much...
[GAMING/GAM] | YouTube  | [Normal]     | 92%    |  147.5ms | I just assumed it was supposed to be a b...
[GAMING/SUR] | YouTube  | [Normal]     | 86%    |   85.3ms | Just like the casino...
[GAMING/SUR] | YouTube  | [Normal]     | 96%    |   92.8ms | 500 on 1 on the wheel trust...
[GAMING/GAM] | YouTube  | [Normal]     | 95%    |   83.0ms | AIRPLANE PLZZZ...
[GAMING/SUR] | YouTube  | [Normal]     | 73%    |  110.3ms | Glad they got the base back after GINGY ...
[MUSIC/CHIL] | YouTube  | [Normal]     | 96%    |  101.4ms | @Tradexlav tera to katgya bro...
[GAMING/SUR] | YouTube  | [Normal]     | 91%    |   88.5ms | do 50 scrap hands and build...
[GAMING/GAM] | YouTube  | [Normal]     | 97%    |   86.2ms | Release Iron Long IN ROMANIA!...
[SELF-HELP/] | YouTube  | [Normal]     | 42%    |  113.0ms | out of curiosity.... why waste time and ...
[ENTERTAINM] | YouTube  | [Normal]     | 94%    |   86.6ms | hi...
[GAMING/GAM] | YouTube  | [Normal]     | 96%    |  197.0ms | WE'RE GETTING IRON LUNG IN PORTUGAL :dou...
[ENTERTAINM] | YouTube  | [Normal]     | 93%    |   96.1ms | so proud of you sir...
[GAMING/GAM] | YouTube  | [Normal]     | 95%    |   86.1ms | L3...
[ENTERTAINM] | YouTube  | [Normal]     | 95%    |   79.2ms | Bangladesh...
[ENTERTAINM] | YouTube  | [Normal]     | 97%    |   83.3ms | 100th...
[MUSIC/CHIL] | YouTube  | [Normal]     | 98%    |  207.7ms | mohit kata to sabka h kabhi n kabhi :fac...
[ENTERTAINM] | YouTube  | [Normal]     | 97%    |  112.3ms | let's go :beaming_face_with_smiling_eyes...
[GAMING/GAM] | YouTube  | [Normal]     | 52%    |   92.0ms | do a poll with just airplane and lightho...
[GAMING/GAM] | YouTube  | [Normal]     | 87%    |  118.8ms | it was problematic on an imax theater he...
[ENTERTAINM] | YouTube  | [Normal]     | 96%    |   97.0ms | aura aura aura aura aura aura aura aura...
[GAMING/GAM] | YouTube  | [Normal]     | 92%    |   85.1ms | AAAAHHHHHHH...
[ENTERTAINM] | YouTube  | [Normal]     | 96%    |   83.2ms | YAY SO CLOSE...
[NEWS/LIVE ] | YouTube  | [Normal]     | 94%    |   86.2ms | buddy...
[ENTERTAINM] | YouTube  | [Normal]     | 94%    |   82.3ms | nurrlana...
[GAMING/SUR] | YouTube  | [Normal]     | 90%    |   78.9ms | hahaha...
[PSYCHOLOGY] | YouTube  | [Normal]     | 95%    |  146.9ms | The key is threading the needle in the w...
[GAMING/GAM] | YouTube  | [Normal]     | 92%    |  109.3ms | im seeing the movie tomorrow im so excxi...
[GAMING/GAM] | YouTube  | [Normal]     | 95%    |   71.8ms | airplane...
[GAMING/GAM] | YouTube  | [Normal]     | 91%    |   89.0ms | RAM RANCH...
[GAMING/SUR] | YouTube  | [Normal]     | 95%    |   80.1ms | ATM time...
[ENTERTAINM] | YouTube  | [Normal]     | 94%    |   76.2ms | give me one laptop...
[GAMING/GAM] | YouTube  | [Normal]     | 93%    |  123.3ms | that explains why I couldn't hear some t...
[GAMING/GAM] | YouTube  | [Normal]     | 96%    |   84.0ms | HI MARKKKK...
[ENTERTAINM] | YouTube  | [Normal]     | 94%    |   70.4ms | Indonesia...
[ENTERTAINM] | YouTube  | [Normal]     | 96%    |   92.7ms | plz give me I :mobile_phone:...
[ENTERTAINM] | YouTube  | [Normal]     | 94%    |   76.7ms | 1...
[ENTERTAINM] | YouTube  | [Normal]     | 95%    |   76.2ms | hello...
[ENTERTAINM] | YouTube  | [Normal]     | 97%    |  115.6ms | :smiling_face_with_smiling_eyes:...
[GAMING/SUR] | YouTube  | [Normal]     | 96%    |   97.1ms | rust streams are by far some of my favor...
[MUSIC/CHIL] | YouTube  | [Normal]     | 93%    |  109.1ms | Leave me :palm_down_hand:...
[GAMING/GAM] | YouTube  | [Normal]     | 94%    |   73.7ms | hai warkiplier...
[GAMING/SUR] | YouTube  | [Normal]     | 96%    |   66.6ms | thats a shareable amount...
[ENTERTAINM] | YouTube  | [Normal]     | 94%    |   60.5ms | عرب...
[ENTERTAINM] | YouTube  | [Normal]     | 94%    |   53.2ms | hi...
[GAMING/SUR] | YouTube  | [Normal]     | 46%    |   67.6ms | go to the scapper...
[ENTERTAINM] | YouTube  | [Normal]     | 94%    |   61.4ms | IM NOT NPC...
[GAMING/SUR] | YouTube  | [Normal]     | 92%    |   75.4ms | Peanut is itchy to gamble...
[GAMING/GAM] | YouTube  | [Normal]     | 95%    |   96.8ms | what's cracking mark  long time no see...
[GAMING/SUR] | YouTube  | [Normal]     | 96%    |   91.5ms | H20!!!!!!...
[GAMING/GAM] | YouTube  | [Normal]     | 95%    |  101.3ms | NUMBA ONEEEEEEEE...
[GAMING/GAM] | YouTube  | [Normal]     | 94%    |   94.1ms | airplane enclosed space like iron lung...
[ENTERTAINM] | YouTube  | [Normal]     | 96%    |   90.5ms | New member...
[ENTERTAINM] | YouTube  | [Normal]     | 96%    |   93.2ms | come to Rajasthan india...
[SELF-HELP/] | YouTube  | [Normal]     | 95%    |  109.8ms | cuz they jele :pensive_face:...
[GAMING/GAM] | YouTube  | [Normal]     | 97%    |  171.5ms | its my birthday today 25 :partying_face:...
[GAMING/GAM] | YouTube  | [Normal]     | 94%    |  132.2ms | our audio was great (could feel the floo...
[ENTERTAINM] | YouTube  | [Normal]     | 93%    |   87.1ms | mushtariy...
[ENTERTAINM] | YouTube  | [Normal]     | 94%    |   91.0ms | oh my your voice changed so much...
[ENTERTAINM] | YouTube  | [Normal]     | 94%    |   81.9ms | Hi...
[ENTERTAINM] | YouTube  | [Normal]     | 94%    |   75.9ms | hi...
[ENTERTAINM] | YouTube  | [Normal]     | 95%    |   75.4ms | Hello...
[MUSIC/CHIL] | YouTube  | [Normal]     | 92%    |   80.1ms | ai mușcat...
[ENTERTAINM] | YouTube  | [Normal]     | 94%    |   76.1ms | hi...
[ENTERTAINM] | YouTube  | [Normal]     | 71%    |   90.5ms | bro your moom ware...
[GAMING/GAM] | YouTube  | [Normal]     | 96%    |  105.6ms | gonna try to see it for a second time to...
[ENTERTAINM] | YouTube  | [Normal]     | 97%    |   77.0ms | 500M...
[PSYCHOLOGY] | YouTube  | [Normal]     | 88%    |   87.4ms | Gigachad vs normies...
[ENTERTAINM] | YouTube  | [Normal]     | 96%    |   83.8ms | hello jimmy...
[ENTERTAINM] | YouTube  | [Normal]     | 96%    |  100.0ms | :red_heart:...
[GAMING/SUR] | YouTube  | [Normal]     | 94%    |   79.8ms | 1...
[NEWS/LIVE ] | YouTube  | [Normal]     | 96%    |   93.4ms | 1984 on the way XD...
[ENTERTAINM] | YouTube  | [Normal]     | 96%    |   89.5ms | 500m:saluting_face:...
[GAMING/SUR] | YouTube  | [Normal]     | 78%    |   77.0ms | no way...
[GAMING/SUR] | YouTube  | [Normal]     | 96%    |   76.5ms | LOL...
[GAMING/GAM] | YouTube  | [Normal]     | 95%    |  446.1ms | :face-red-droopy-eyes::face-red-droopy-e...
[MUSIC/CHIL] | YouTube  | [Normal]     | 97%    |  139.1ms | por lo menos los de la puerta de la igle...
[GAMING/GAM] | YouTube  | [Normal]     | 93%    |   74.5ms | gg...
[MUSIC/CHIL] | YouTube  | [Normal]     | 95%    |   94.9ms | e șubred dudul...
[ENTERTAINM] | YouTube  | [Normal]     | 89%    |  116.6ms | I am your subscriber Mr beast I am be ha...
[GAMING/SUR] | YouTube  | [Normal]     | 97%    |  105.9ms | we got delirious on a peanut stream lol...
[ENTERTAINM] | YouTube  | [Normal]     | 86%    |   96.5ms | like done :thumbs_up:...
[GAMING/GAM] | YouTube  | [Normal]     | 95%    |  102.8ms | honestly restarted the Garten of banban ...
[GAMING/SUR] | YouTube  | [Normal]     | 94%    |   96.0ms | ITS GONNA BE 5 FOR SURE...
[ENTERTAINM] | YouTube  | [Normal]     | 97%    |  101.9ms | hi :check_mark_button:...
[MUSIC/CHIL] | YouTube  | [Normal]     | 94%    |  135.9ms | mohit :face_with_tears_of_joy::face_with...
[PSYCHOLOGY] | YouTube  | [Normal]     | 96%    |   96.0ms | isn't that sadly partially true?...
[GAMING/SUR] | YouTube  | [Normal]     | 91%    |   88.0ms | hahahahaha...
[ENTERTAINM] | YouTube  | [Normal]     | 97%    |   90.0ms | :heart_suit:...
[GAMING/SUR] | YouTube  | [Normal]     | 93%    |   75.2ms | deserved...
[ENTERTAINM] | YouTube  | [Normal]     | 96%    |   73.6ms | New member...
[ENTERTAINM] | YouTube  | [Normal]     | 97%    |  286.0ms | Jai jagannathJai jagannathJai jagannathJ...
[ENTERTAINM] | YouTube  | [Normal]     | 97%    |  131.7ms | love :face_blowing_a_kiss::two_hearts: y...
[GAMING/GAM] | YouTube  | [Normal]     | 96%    |   93.0ms | That was fast lol...
[GAMING/GAM] | YouTube  | [Normal]     | 97%    |   93.5ms | What is this game??...
[ENTERTAINM] | YouTube  | [Normal]     | 66%    |   82.9ms | that is crazy...
[ENTERTAINM] | YouTube  | [Normal]     | 69%    |   80.5ms | you can't see me...
[GAMING/GAM] | YouTube  | [Normal]     | 97%    |  134.8ms | Typo :face_with_tears_of_joy::face_with_...
[GAMING/GAM] | YouTube  | [Normal]     | 96%    |   90.3ms | observation is spelt wrong...
[GAMING/SUR] | YouTube  | [Normal]     | 95%    |   73.6ms | TF...
[GAMING/SUR] | YouTube  | [Normal]     | 84%    |   70.9ms | rigged...
[ENTERTAINM] | YouTube  | [Normal]     | 91%    |   86.2ms | me...
[PSYCHOLOGY] | YouTube  | [Normal]     | 51%    |   99.0ms | People hate their moms...
[ENTERTAINM] | YouTube  | [Normal]     | 91%    |   82.7ms | me...
[PSYCHOLOGY] | YouTube  | [Normal]     | 95%    |  105.0ms | Never done drugs i use 20 hours gaming s...
[GAMING/SUR] | YouTube  | [Normal]     | 92%    |   96.7ms | never come back here lmao...
[ENTERTAINM] | YouTube  | [Normal]     | 90%    |   78.2ms | Usa...
[GAMING/SUR] | YouTube  | [Normal]     | 95%    |  262.3ms | :rolling_on_the_floor_laughing::rolling_...
[PSYCHOLOGY] | YouTube  | [Normal]     | 91%    |   76.2ms | animals...
[SELF-HELP/] | YouTube  | [Normal]     | 93%    |  113.6ms | @exozl That's legitimate. Carbs = sugar....
[GAMING/GAM] | YouTube  | [Normal]     | 95%    |   75.1ms | W title...
[ENTERTAINM] | YouTube  | [Normal]     | 97%    |   75.3ms | Welcome New Member!...
[PSYCHOLOGY] | YouTube  | [OFFENSIVE]  | 54%    |   81.8ms | HOLY SHIT...
[ENTERTAINM] | YouTube  | [Normal]     | 93%    |   70.0ms | م...
[GAMING/SUR] | YouTube  | [Normal]     | 95%    |   85.8ms | peanut sick lol...
[ENTERTAINM] | YouTube  | [Normal]     | 95%    |   93.6ms | sir mujhe dollar chahie...
[ENTERTAINM] | YouTube  | [Normal]     | 97%    |  177.0ms | just add slowmode gang :broken_heart::br...
[GAMING/GAM] | YouTube  | [Normal]     | 96%    |   86.1ms | extra object...
[GAMING/SUR] | YouTube  | [Normal]     | 95%    |   80.6ms | Hu20?...
[GAMING/GAM] | YouTube  | [OFFENSIVE]  | 90%    |  113.7ms | Damn it time zones it’s too late to watc...
[GAMING/SUR] | YouTube  | [Normal]     | 93%    |   99.7ms | casinos love to see you coming lol...
[GAMING/GAM] | YouTube  | [Normal]     | 96%    |  129.2ms | Iron lung was so peak :raising_hands::ra...
[GAMING/SUR] | YouTube  | [Normal]     | 71%    |   72.3ms | stop...
[MUSIC/CHIL] | YouTube  | [Normal]     | 96%    |   78.9ms | mohit nahi...
[ENTERTAINM] | YouTube  | [Normal]     | 95%    |   82.2ms | hello...
[ENTERTAINM] | YouTube  | [Normal]     | 96%    |  110.9ms | hidup Jokowi!!!...
[GAMING/GAM] | YouTube  | [Normal]     | 96%    |   76.9ms | HI MARK...
[GAMING/GAM] | YouTube  | [Normal]     | 97%    |  121.7ms | obversation...:rolling_on_the_floor_laug...
[ENTERTAINM] | YouTube  | [Normal]     | 95%    |   96.1ms | WHERE'S MOM NOW?...
[ENTERTAINM] | YouTube  | [Normal]     | 94%    |   87.8ms | Hi...
[GAMING/GAM] | YouTube  | [Normal]     | 96%    |  197.5ms | Y'all  if you watch 'The distractible po...
[GAMING/GAM] | YouTube  | [Normal]     | 93%    |   90.1ms | no not that one...
[ENTERTAINM] | YouTube  | [Normal]     | 97%    |  123.6ms | Привет Мистер Бист!...
[GAMING/GAM] | YouTube  | [Normal]     | 91%    |   75.7ms | you got this Mark...
[GAMING/GAM] | YouTube  | [Normal]     | 78%    |   87.5ms | We on observation duty babyy...
[GAMING/GAM] | YouTube  | [Normal]     | 94%    |   98.1ms | Me too mark:skull: (spelling)...
[MUSIC/CHIL] | YouTube  | [Normal]     | 98%    |   91.9ms | ...:face-turquoise-music-note:...
[GAMING/GAM] | YouTube  | [Normal]     | 79%    |   65.7ms | THE BED...
[GAMING/GAM] | YouTube  | [Normal]     | 96%    |   90.2ms | I couldn't go watch your movie so I offe...
[GAMING/GAM] | YouTube  | [Normal]     | 93%    |   63.9ms | talk tuah...
[GAMING/GAM] | YouTube  | [Normal]     | 95%    |   66.6ms | Hello father...
[GAMING/SUR] | YouTube  | [Normal]     | 80%    |   65.7ms | YOU CANT?...
[GAMING/SUR] | YouTube  | [Normal]     | 96%    |   57.3ms | house always win!...
[ENTERTAINM] | YouTube  | [Normal]     | 97%    |   92.6ms | love you mr beast :face_blowing_a_kiss::...
[GAMING/GAM] | YouTube  | [Normal]     | 96%    |   99.1ms | i'm so dyslexic i did not even notice th...
[NEWS/LIVE ] | YouTube  | [Normal]     | 97%    |   89.3ms | lol:face-green-smiling:...
[GAMING/GAM] | YouTube  | [Normal]     | 93%    |   56.7ms | yes...
[GAMING/GAM] | YouTube  | [Normal]     | 94%    |   75.6ms | intruder? how did he get in? intruder wi...
[GAMING/GAM] | YouTube  | [Normal]     | 96%    |   62.9ms | Hi Mark...
[ENTERTAINM] | YouTube  | [Normal]     | 96%    |   74.8ms | bro remember video replies...
[GAMING/GAM] | YouTube  | [Normal]     | 96%    |   64.3ms | poster!...
[ENTERTAINM] | YouTube  | [Normal]     | 94%    |   53.4ms | 5...
[ENTERTAINM] | YouTube  | [Normal]     | 94%    |   59.7ms | 4...
[GAMING/GAM] | YouTube  | [Normal]     | 96%    |   78.4ms | SO humble! Number 1 director in america!...
[ENTERTAINM] | YouTube  | [Normal]     | 95%    |   53.7ms | 67...
[ENTERTAINM] | YouTube  | [Normal]     | 94%    |   56.7ms | 5...
[GAMING/GAM] | YouTube  | [Normal]     | 83%    |   75.7ms | THE STAIRS IN THE BASEMENT ARE MOVING...
[GAMING/GAM] | YouTube  | [Normal]     | 95%    |   55.2ms | Staircase...
[GAMING/GAM] | YouTube  | [Normal]     | 88%    |   69.1ms | You're number one!...
[GAMING/GAM] | YouTube  | [Normal]     | 90%    |   63.0ms | ignore everyone in chat...
[ENTERTAINM] | YouTube  | [Normal]     | 94%    |   51.6ms | 5...
[ENTERTAINM] | YouTube  | [Normal]     | 94%    |   57.7ms | 5...
[ENTERTAINM] | YouTube  | [Normal]     | 94%    |   54.4ms | 1...
[GAMING/GAM] | YouTube  | [Normal]     | 94%    |   73.3ms | stairs are moving!!!!!...
[ENTERTAINM] | YouTube  | [Normal]     | 94%    |   59.7ms | 5...
[ENTERTAINM] | YouTube  | [Normal]     | 88%    |   68.8ms | give me money...
[PSYCHOLOGY] | YouTube  | [Normal]     | 72%    |   75.1ms | thats where drugs come in huh...
[ENTERTAINM] | YouTube  | [Normal]     | 98%    |   84.7ms | ....... ronaldo or messi...
[ENTERTAINM] | YouTube  | [Normal]     | 95%    |   52.7ms | 111...
[ENTERTAINM] | YouTube  | [Normal]     | 96%    |   66.3ms | 1-1...
[GAMING/GAM] | YouTube  | [Normal]     | 97%    |   57.2ms | Lantern moved...
[NEWS/LIVE ] | YouTube  | [Normal]     | 93%    |   94.9ms | Flatulence is no laughing matter :grinni...
[GAMING/GAM] | YouTube  | [Normal]     | 89%    |   75.7ms | maybe the jacket is missing...
[GAMING/GAM] | YouTube  | [Normal]     | 97%    |   89.1ms | I am on observation duty for the observe...
[GAMING/GAM] | YouTube  | [Normal]     | 90%    |   72.7ms | the basement stairs are moving...
[MUSIC/CHIL] | YouTube  | [Normal]     | 97%    |   82.3ms | :face_with_tears_of_joy:...
[ENTERTAINM] | YouTube  | [Normal]     | 95%    |   70.1ms | hlo bhaii...
[ENTERTAINM] | YouTube  | [Normal]     | 96%    |   64.9ms | op...
[GAMING/GAM] | YouTube  | [Normal]     | 98%    |   94.0ms | I love you Mark. Please Make more videos...
[ENTERTAINM] | YouTube  | [Normal]     | 89%    |   54.5ms | yoooo...
[GAMING/GAM] | YouTube  | [OFFENSIVE]  | 44%    |   73.1ms | you're going crazy...
[PSYCHOLOGY] | YouTube  | [Normal]     | 93%    |   66.1ms | daydreaming...
[GAMING/GAM] | YouTube  | [Normal]     | 96%    |   75.6ms | we have a keen eye...
[GAMING/GAM] | YouTube  | [Normal]     | 93%    |   90.2ms | :rolling_on_the_floor_laughing:...
[GAMING/GAM] | YouTube  | [OFFENSIVE]  | 43%    |   80.7ms | That’s disgusting! What a obversation...
[GAMING/GAM] | YouTube  | [Normal]     | 97%    |   82.8ms | R.I.P who ever needed help lol...
[GAMING/GAM] | YouTube  | [Normal]     | 95%    |   95.5ms | I'm over here yelling at my computer scr...
[ENTERTAINM] | YouTube  | [Normal]     | 94%    |   81.3ms | MR BEAST I’VE MET YOU BEFORE...
[GAMING/GAM] | YouTube  | [Normal]     | 89%    |   88.6ms | I dont rememver there being wood planks ...
[GAMING/GAM] | YouTube  | [Normal]     | 94%    |   82.7ms | it's coming right for you Mark...
[GAMING/GAM] | YouTube  | [Normal]     | 96%    |   64.4ms | i feel so helpful...
[GAMING/GAM] | YouTube  | [Normal]     | 97%    |   66.5ms | INTERIOR: lantern movement!...
[GAMING/GAM] | YouTube  | [Normal]     | 97%    |  114.0ms | I love how Mark always pops up when I ne...
[GAMING/GAM] | YouTube  | [Normal]     | 82%    |   56.4ms | ßung...
[GAMING/GAM] | YouTube  | [Normal]     | 97%    |   64.7ms | THE GREEN BOTTLE...
[MUSIC/CHIL] | YouTube  | [Normal]     | 97%    |   69.2ms | ye pgla gya...
[GAMING/SUR] | YouTube  | [Normal]     | 80%    |   66.9ms | this is too funny...
[GAMING/GAM] | YouTube  | [Normal]     | 92%    |   58.7ms | bed...
[GAMING/GAM] | YouTube  | [Normal]     | 79%    |   57.1ms | the bed...
[ENTERTAINM] | YouTube  | [Normal]     | 94%    |   59.7ms | Hy...
[MUSIC/CHIL] | YouTube  | [Normal]     | 97%    |   78.2ms | es lo único que podrás...
[SELF-HELP/] | YouTube  | [Normal]     | 52%    |  124.6ms | Should I tell my freind that he can’t do...
[GAMING/GAM] | YouTube  | [Normal]     | 97%    |   62.4ms | ladder?...
[ENTERTAINM] | YouTube  | [Normal]     | 97%    |   85.4ms | :thumbs_up: :clapping_hands:...
[GAMING/GAM] | YouTube  | [Normal]     | 95%    |   78.6ms | im going to see your movie tonight Mark!...
[GAMING/GAM] | YouTube  | [Normal]     | 86%    |   67.5ms | Not the bed...
[ENTERTAINM] | YouTube  | [Normal]     | 96%    |  117.4ms | please shoutout me :pleading_face::loudl...
[GAMING/GAM] | YouTube  | [Normal]     | 83%    |   90.5ms | Can you please finish Slient Hill...
[GAMING/GAM] | YouTube  | [Normal]     | 96%    |  134.2ms | Just got done watching Iron Lung. Fantas...
[GAMING/SUR] | YouTube  | [Normal]     | 94%    |  113.6ms | what is voodoo ranger???...
[GAMING/GAM] | YouTube  | [Normal]     | 96%    |   90.1ms | LANTERN...
[MUSIC/CHIL] | YouTube  | [Normal]     | 97%    |  142.5ms | mujhe chhune k bahaane dhund ri kya...ma...
[GAMING/GAM] | YouTube  | [Normal]     | 88%    |  126.5ms | I love observation duty but does anyone ...
[ENTERTAINM] | YouTube  | [Normal]     | 90%    |   85.0ms | hay mr beast...
[MUSIC/CHIL] | YouTube  | [Normal]     | 97%    |  101.9ms | bandhiya lol...
[GAMING/GAM] | YouTube  | [Normal]     | 94%    |   92.1ms | the thing swings bottom right of the lig...
[GAMING/GAM] | YouTube  | [Normal]     | 97%    |   80.7ms | Lantern on the dresser in interior...
[GAMING/GAM] | YouTube  | [Normal]     | 88%    |   70.5ms | THE DOOR...
[SELF-HELP/] | YouTube  | [Normal]     | 97%    |   93.5ms | Can I share this live or save it for lat...
[GAMING/GAM] | YouTube  | [Normal]     | 92%    |   89.2ms | they need a baby mode specially for mark...
[ENTERTAINM] | YouTube  | [Normal]     | 95%    |   95.9ms | can you pay me 1000000 dollar...
[GAMING/GAM] | YouTube  | [Normal]     | 87%    |  106.6ms | youre tweaking stop thinking so much vro...
[GAMING/GAM] | YouTube  | [Normal]     | 89%    |  125.9ms | stealing my jokes Mark lol I invented th...
[ENTERTAINM] | YouTube  | [Normal]     | 94%    |   84.4ms | 1...
[ENTERTAINM] | YouTube  | [Normal]     | 94%    |   79.4ms | 1...
[ENTERTAINM] | YouTube  | [Normal]     | 94%    |   90.6ms | 1...
[ENTERTAINM] | YouTube  | [Normal]     | 81%    |   77.9ms | Uwu...
[ENTERTAINM] | YouTube  | [Normal]     | 94%    |   91.0ms | 1...
[ENTERTAINM] | YouTube  | [Normal]     | 95%    |   97.2ms | CAN U PLEASE TAKE MY NAME...
[ENTERTAINM] | YouTube  | [Normal]     | 94%    |   74.1ms | 1...
[MUSIC/CHIL] | YouTube  | [Normal]     | 92%    |  102.7ms | Aman you look like a puncture wala...
[GAMING/GAM] | YouTube  | [Normal]     | 87%    |   98.7ms | What if we were the anomalies all along...
[GAMING/GAM] | YouTube  | [Normal]     | 96%    |  148.7ms | Saw iron lung last night and I can’t sto...
[ENTERTAINM] | YouTube  | [Normal]     | 94%    |   99.4ms | 5...
[GAMING/GAM] | YouTube  | [Normal]     | 93%    |   82.9ms | fun...
[GAMING/GAM] | YouTube  | [Normal]     | 96%    |   84.8ms | INTERIOR LAMP MOVED...
[GAMING/GAM] | YouTube  | [Normal]     | 97%    |  103.1ms | 3 mouse traps??...
[PSYCHOLOGY] | YouTube  | [Normal]     | 96%    |   96.8ms | this dude is an angel sent by god...
[GAMING/SUR] | YouTube  | [Normal]     | 75%    |   80.4ms | height is only importance...
[GAMING/GAM] | YouTube  | [Normal]     | 94%    |   87.5ms | :shelterin:...
[GAMING/GAM] | YouTube  | [Normal]     | 96%    |   77.4ms | fuse box...
[GAMING/GAM] | YouTube  | [Normal]     | 97%    |  133.9ms | oscar for best indie movie.... ? lol not...
[GAMING/GAM] | YouTube  | [Normal]     | 90%    |   90.6ms | Maybe...
[ENTERTAINM] | YouTube  | [Normal]     | 96%    |  103.9ms | plzz sent money sir :pleading_face:...
[SPORTS/FOO] | YouTube  | [Normal]     | 94%    |  106.0ms | よっしゃ(ﾉ･ω･)ﾉ...
[GAMING/GAM] | YouTube  | [Normal]     | 95%    |   93.3ms | THE RAIL BY THE ROPES MARK...
[ENTERTAINM] | YouTube  | [Normal]     | 97%    |  102.5ms | I want to see 500M play button...
[GAMING/GAM] | YouTube  | [Normal]     | 96%    |   97.2ms | mark it was over there...
[ENTERTAINM] | YouTube  | [Normal]     | 96%    |   95.0ms | please give me $10000...
[GAMING/GAM] | YouTube  | [Normal]     | 96%    |   80.9ms | i miss my ex...
[ENTERTAINM] | YouTube  | [Normal]     | 96%    |   86.7ms | 1111qq...
[MUSIC/CHIL] | YouTube  | [Normal]     | 95%    |   96.8ms | ......
[ENTERTAINM] | YouTube  | [Normal]     | 95%    |  104.3ms | let's go...
[GAMING/GAM] | YouTube  | [Normal]     | 97%    |  102.1ms | 3 missed anomalies?!!...
[MUSIC/CHIL] | YouTube  | [Normal]     | 97%    |  142.6ms | achcha:face-orange-raised-eyebrow::face-...
[GAMING/GAM] | YouTube  | [Normal]     | 94%    |   91.8ms | Noob alert...
[GAMING/SUR] | YouTube  | [Normal]     | 96%    |   93.4ms | Teamwork makes the dream work...
[ENTERTAINM] | YouTube  | [Normal]     | 98%    |  124.3ms | I am Indian :heart_suit::heart_suit::hea...
[GAMING/GAM] | YouTube  | [Normal]     | 81%    |  103.6ms | @TEUPAIOFICIAL im sorry i hope youre oka...
[GAMING/GAM] | YouTube  | [Normal]     | 95%    |   79.0ms | WWWW...
[GAMING/SUR] | YouTube  | [Normal]     | 89%    |   89.5ms | tell him about the scrap...
[GAMING/GAM] | YouTube  | [OFFENSIVE]  | 90%    |  139.9ms | OR THEYS WRONG PERIODDDDDD:sparkles::nai...
[ENTERTAINM] | YouTube  | [Normal]     | 96%    |  139.5ms | :folded_hands::folded_hands::folded_hand...
[GAMING/SUR] | YouTube  | [HATE]       | 49%    |   83.5ms | you are so dumb...
[GAMING/GAM] | YouTube  | [Normal]     | 97%    |   90.8ms | TEXT ANOMALY: TITLE...
[ENTERTAINM] | YouTube  | [Normal]     | 95%    |   87.2ms | hiiii...
[ENTERTAINM] | YouTube  | [Normal]     | 93%    |   79.1ms | aa...
[PSYCHOLOGY] | YouTube  | [Normal]     | 94%    |  108.3ms | @KilleRoy_NL Yes  it can be either or...
[ENTERTAINM] | YouTube  | [Normal]     | 96%    |   80.9ms | I was here...
[ENTERTAINM] | YouTube  | [Normal]     | 72%    |   82.5ms | mr pist...
[ENTERTAINM] | YouTube  | [Normal]     | 94%    |   82.7ms | Sri Lanka...
[GAMING/GAM] | YouTube  | [Normal]     | 88%    |   86.7ms | Oh the light you...
[ENTERTAINM] | YouTube  | [Normal]     | 97%    |  100.9ms | suuuuuuuuuu...
[GAMING/GAM] | YouTube  | [Normal]     | 91%    |  171.7ms | Dear Markiplier  I am very grateful that...
[ENTERTAINM] | YouTube  | [Normal]     | 98%    |  118.2ms | it's there a prize :trophy: for the 500k...
[ENTERTAINM] | YouTube  | [Normal]     | 94%    |  102.4ms | HI...
[ENTERTAINM] | YouTube  | [Normal]     | 97%    |  108.7ms | love:red_heart:...
[ENTERTAINM] | YouTube  | [Normal]     | 94%    |  143.2ms | دروووووووووووووووووووووود...
[ENTERTAINM] | YouTube  | [Normal]     | 93%    |   82.8ms | JORDANNNNNNN...
[GAMING/GAM] | YouTube  | [Normal]     | 90%    |   96.6ms | I WISH I HAD A MEMBERSHIPPPPUHHH...
[SELF-HELP/] | YouTube  | [OFFENSIVE]  | 80%    |   91.9ms | Fuck "fuck ego"...
[ENTERTAINM] | YouTube  | [Normal]     | 90%    |   89.8ms | yoo...
[GAMING/GAM] | YouTube  | [Normal]     | 94%    |  112.3ms | OMFGGGG OBSERVATION DUTY?!?!?!?!...
[ENTERTAINM] | YouTube  | [Normal]     | 97%    |  135.6ms | Mr beast sir please help me  I am your b...
[ENTERTAINM] | YouTube  | [Normal]     | 82%    |  172.6ms | :party_popper::party_popper::party_poppe...
[NEWS/LIVE ] | YouTube  | [Normal]     | 83%    |  112.7ms | BLACK BOY KARMELO IS IN CHAINS!! AS IT S...
[GAMING/GAM] | YouTube  | [Normal]     | 89%    |  111.1ms | i shall head to sleep and leave this on ...
[MUSIC/CHIL] | YouTube  | [OFFENSIVE]  | 96%    |  139.4ms | shish glad to know be grateful :grinning...
[GAMING/GAM] | YouTube  | [Normal]     | 94%    |   82.2ms | Basement...
[GAMING/GAM] | YouTube  | [Normal]     | 92%    |   83.9ms | yeah...
[ENTERTAINM] | YouTube  | [Normal]     | 96%    |   80.7ms | lran...
[MUSIC/CHIL] | YouTube  | [Normal]     | 98%    |   98.7ms | :musical_score::hot_beverage:...
[GAMING/SUR] | YouTube  | [Normal]     | 93%    |   86.6ms | F...
[GAMING/GAM] | YouTube  | [Normal]     | 97%    |   86.4ms | this game looks amazing...
[ENTERTAINM] | YouTube  | [Normal]     | 97%    |   86.8ms | Love from nepal...
[GAMING/GAM] | YouTube  | [Normal]     | 87%    |  105.9ms | i wanna watch iron lung SOOOOO bad icl...
[GAMING/GAM] | YouTube  | [Normal]     | 93%    |   94.6ms | omg just saw iron lung its amazing...
[MUSIC/CHIL] | YouTube  | [Normal]     | 96%    |   96.8ms | :slightly_smiling_face:...
[ENTERTAINM] | YouTube  | [Normal]     | 94%    |   91.6ms | Hi...
[SELF-HELP/] | YouTube  | [Normal]     | 92%    |  114.7ms | what if we really break down???...
[GAMING/GAM] | YouTube  | [Normal]     | 89%    |  126.8ms | aaaah the shadow changed!!!! at the dock...
[ENTERTAINM] | YouTube  | [Normal]     | 95%    |   76.1ms | RCB...
[GAMING/GAM] | YouTube  | [Normal]     | 91%    |  104.8ms | okay  so silent hill f is finished  what...
[GAMING/GAM] | YouTube  | [Normal]     | 93%    |   98.4ms | But you can’t spell jkjk...
[GAMING/GAM] | YouTube  | [Normal]     | 94%    |  103.7ms | What live action do you want to bring in...
[ENTERTAINM] | YouTube  | [Normal]     | 97%    |  184.8ms | Hi MrBeast  Iam from the Philippines  Ia...
[GAMING/GAM] | YouTube  | [Normal]     | 97%    |  154.2ms | I left mark in the kitchen on my iPad an...
[GAMING/SUR] | YouTube  | [Normal]     | 88%    |   83.7ms | close the doors peanut...
[GAMING/GAM] | YouTube  | [Normal]     | 94%    |  100.5ms | hi hello  have a nice day/night everybod...
[ENTERTAINM] | YouTube  | [OFFENSIVE]  | 39%    |  163.0ms | :face-fuchsia-wide-eyes::face-fuchsia-wi...
[GAMING/SUR] | YouTube  | [Normal]     | 95%    |   78.1ms | Bbc...
[ENTERTAINM] | YouTube  | [Normal]     | 96%    |   79.5ms | noted!...
[GAMING/GAM] | YouTube  | [Normal]     | 78%    |  172.8ms | yooooooooooooooooooooooooooooooooooooooo...
[ENTERTAINM] | YouTube  | [Normal]     | 95%    |   91.0ms | good...
[ENTERTAINM] | YouTube  | [Normal]     | 95%    |   91.4ms | Omg please shout out...
[ENTERTAINM] | YouTube  | [Normal]     | 98%    |  130.2ms | FROM BANGLADESH :green_circle::red_circl...
[ENTERTAINM] | YouTube  | [Normal]     | 95%    |   84.4ms | sir help me...
[ENTERTAINM] | YouTube  | [Normal]     | 96%    |   86.5ms | please say my name balaj...
[ENTERTAINM] | YouTube  | [Normal]     | 94%    |  110.6ms | 5억 드가자...
[ENTERTAINM] | YouTube  | [Normal]     | 88%    |  115.9ms | Jimmy I have no clue who any of these pe...
[PSYCHOLOGY] | YouTube  | [Normal]     | 96%    |  167.7ms | I thought our psychological drive was su...
[ENTERTAINM] | YouTube  | [Normal]     | 94%    |   74.3ms | 5...
[SPORTS/FOO] | YouTube  | [Normal]     | 97%    |  210.1ms | 현재 팀으로서 아시아 1황은 재팬이다. 부정 안한다....
[GAMING/SUR] | YouTube  | [Normal]     | 96%    |   76.5ms | lol...
[GAMING/GAM] | YouTube  | [Normal]     | 97%    |  111.3ms | saw the movie on Tuesday  loved it. cong...
[GAMING/GAM] | YouTube  | [Normal]     | 97%    |  102.6ms | im not so sure it works in this scenario...
[ENTERTAINM] | YouTube  | [Normal]     | 98%    |  285.1ms | :hands-yellow-heart-red::hands-yellow-he...
[GAMING/GAM] | YouTube  | [Normal]     | 96%    |   81.4ms | hi mark...
[PSYCHOLOGY] | YouTube  | [Normal]     | 97%    |   99.4ms | holy shii these are hard conversations...
[SPORTS/FOO] | YouTube  | [Normal]     | 94%    |  105.2ms | 인정하기 싫지만...
[ENTERTAINM] | YouTube  | [Normal]     | 86%    |   84.1ms | Yo...
[GAMING/GAM] | YouTube  | [Normal]     | 96%    |  169.3ms | Just watched the start of the stream - c...
[GAMING/GAM] | YouTube  | [Normal]     | 97%    |   83.7ms | HIIIII MARK...
[GAMING/GAM] | YouTube  | [Normal]     | 98%    |  125.0ms | i just finished silver stars of wisdom o...
[ENTERTAINM] | YouTube  | [Normal]     | 94%    |  164.7ms | bro u need to brake the usa bubble of wh...
[ENTERTAINM] | YouTube  | [Normal]     | 95%    |   72.4ms | hii...
[ENTERTAINM] | YouTube  | [Normal]     | 97%    |  108.8ms | I want sony fx3 with some accessories :s...
[GAMING/GAM] | YouTube  | [Normal]     | 97%    |  128.4ms | I can’t help but feel like one of the bu...
[GAMING/GAM] | YouTube  | [Normal]     | 95%    |   76.7ms | ITS FINE...
[GAMING/GAM] | YouTube  | [Normal]     | 87%    |   75.6ms | body...
[ENTERTAINM] | YouTube  | [Normal]     | 93%    |   79.6ms | ДА...
[ENTERTAINM] | YouTube  | [Normal]     | 83%    |   92.6ms | How do you do...
[GAMING/GAM] | YouTube  | [Normal]     | 96%    |   92.3ms | there's a cross...
[GAMING/GAM] | YouTube  | [Normal]     | 97%    |   97.7ms | trash moved in cabin...
[SELF-HELP/] | YouTube  | [Normal]     | 96%    |   96.5ms | huh lol...
[ENTERTAINM] | YouTube  | [Normal]     | 96%    |  132.2ms | the bottom corner of your green screen i...
[GAMING/GAM] | YouTube  | [Normal]     | 91%    |   82.4ms | I THOUGHT THAT WAS A BIG SLUG...
[ENTERTAINM] | YouTube  | [Normal]     | 92%    |   51.9ms | yeah...
[GAMING/GAM] | YouTube  | [Normal]     | 89%    |   95.3ms | teeth cup moveeeeed...
[MUSIC/CHIL] | YouTube  | [Normal]     | 95%    |  110.1ms | Prasa :rolling_on_the_floor_laughing:...
[MUSIC/CHIL] | YouTube  | [Normal]     | 96%    |  157.9ms | e fain doar am zis din suflet că vreau s...
[GAMING/GAM] | YouTube  | [Normal]     | 97%    |   81.8ms | MARKIPLIER!...
[GAMING/GAM] | YouTube  | [Normal]     | 94%    |   66.9ms | diddy-...
[GAMING/GAM] | YouTube  | [Normal]     | 97%    |   94.1ms | strange broadcast? That's just Alastor f...
[ENTERTAINM] | YouTube  | [Normal]     | 94%    |   59.5ms | hi...
[ENTERTAINM] | YouTube  | [Normal]     | 97%    |  279.6ms | :index_pointing_at_the_viewer::index_poi...
[GAMING/GAM] | YouTube  | [Normal]     | 95%    |   72.3ms | THERES AN EXTRA BOTTLE IN THE CRATE...
[ENTERTAINM] | YouTube  | [Normal]     | 91%    |   69.9ms | yooooooooooo...
[GAMING/GAM] | YouTube  | [Normal]     | 97%    |   68.5ms | top of lighthouse  rope swinging bottom ...
[GAMING/GAM] | YouTube  | [Normal]     | 84%    |   79.0ms | WILL YOU PLAY RESIDENT EVIL 9 ON STREAM ...
[GAMING/GAM] | YouTube  | [Normal]     | 88%    |   82.6ms | iron lung twice gang :call_me_hand:...
[ENTERTAINM] | YouTube  | [Normal]     | 96%    |   88.8ms | I can’t wait for the the video tomorrow ...
[GAMING/GAM] | YouTube  | [Normal]     | 96%    |   66.3ms | did he die yet lol...
[GAMING/SUR] | YouTube  | [Normal]     | 79%    |   73.0ms | Gingy probably would be freaking out rn...
[GAMING/GAM] | YouTube  | [Normal]     | 97%    |   68.1ms | THE FUSE BOX IN INTERIOR?...
[GAMING/GAM] | YouTube  | [Normal]     | 97%    |   70.3ms | Markiplier:gaslight simulator...
[GAMING/GAM] | YouTube  | [Normal]     | 96%    |  100.2ms | has there always been a fuel can in the ...
[GAMING/GAM] | YouTube  | [Normal]     | 97%    |   65.1ms | red box bottom left yard...
[GAMING/GAM] | YouTube  | [Normal]     | 97%    |   86.1ms | LANTERN. SHADOW INTERIOR¡!!!!!!!!!...
[GAMING/GAM] | YouTube  | [Normal]     | 97%    |   77.4ms | Was there always 2 bottles on the pier?...
[ENTERTAINM] | YouTube  | [Normal]     | 97%    |   79.6ms | saludos desde un Colombiano en España!...
[ENTERTAINM] | YouTube  | [Normal]     | 92%    |   59.4ms | press no...
[ENTERTAINM] | YouTube  | [Normal]     | 97%    |  195.6ms | :face_with_tears_of_joy::face_with_tears...
[SPORTS/FOO] | YouTube  | [Normal]     | 96%    |   52.6ms | thanks...
[GAMING/GAM] | YouTube  | [Normal]     | 84%    |   79.4ms | Why’d you spill yer beans  Tommy?...
[ENTERTAINM] | YouTube  | [Normal]     | 43%    |  360.8ms | do you people know who jimmy is :face-fu...
[GAMING/GAM] | YouTube  | [Normal]     | 58%    |   78.7ms | MARK THE EVIL FUSE BOX!!!!...
[ENTERTAINM] | YouTube  | [Normal]     | 96%    |   58.8ms | New member...
[GAMING/GAM] | YouTube  | [Normal]     | 85%    |   68.8ms | THE CAMERA IS DOING WEIRD...
[MUSIC/CHIL] | YouTube  | [Normal]     | 98%    |   84.9ms | :black_heart::sleeping_face::bouquet:...
[GAMING/SUR] | YouTube  | [Normal]     | 91%    |   68.0ms | DILLON DANIS IS NOT IN UFC...
[GAMING/GAM] | YouTube  | [Normal]     | 95%    |   95.0ms | IM GOING TO WATCH IRON LUNG IN A COUPLE ...
[GAMING/SUR] | YouTube  | [Normal]     | 93%    |   61.3ms | i got em...
[ENTERTAINM] | YouTube  | [Normal]     | 96%    |   63.7ms | love it...
[GAMING/GAM] | YouTube  | [Normal]     | 88%    |   60.5ms | Camera malfunction...
[GAMING/GAM] | YouTube  | [Normal]     | 95%    |   60.0ms | Hey Mark!...
[ENTERTAINM] | YouTube  | [Normal]     | 96%    |   53.7ms | New member...
[ENTERTAINM] | YouTube  | [Normal]     | 93%    |   55.3ms | India...
[GAMING/SUR] | YouTube  | [Normal]     | 94%    |   60.9ms | Rust is 100...
[MUSIC/CHIL] | YouTube  | [Normal]     | 96%    |   62.4ms | suno na...
[NEWS/LIVE ] | YouTube  | [Normal]     | 95%    |   76.6ms | GOD BLESS MY WHITENESS. JOEY AGREES!!...
[ENTERTAINM] | YouTube  | [Normal]     | 96%    |   63.8ms | oiii philippines...
[GAMING/GAM] | YouTube  | [Normal]     | 94%    |   67.6ms | he's starting to go crazy...
[GAMING/GAM] | YouTube  | [Normal]     | 97%    |   75.7ms | extra ropes in the interior room!!!!...
[MUSIC/CHIL] | YouTube  | [Normal]     | 94%    |  126.7ms | dokter kodok NU kotor kotor :zany_face::...
[MUSIC/CHIL] | YouTube  | [Normal]     | 96%    |   67.5ms | Kejti okay...
[GAMING/GAM] | YouTube  | [Normal]     | 97%    |   79.6ms | I thought there were only 4 sacks in tha...
[SELF-HELP/] | YouTube  | [Normal]     | 95%    |  112.0ms | I don't even care that I'm late I finall...
[GAMING/GAM] | YouTube  | [Normal]     | 93%    |   72.5ms | Mark are you having a stroke?...
[ENTERTAINM] | YouTube  | [Normal]     | 94%    |   55.3ms | 1...
[ENTERTAINM] | YouTube  | [Normal]     | 97%    |   88.7ms | :euro_banknote::euro_banknote:...
[GAMING/GAM] | YouTube  | [Normal]     | 94%    |   77.6ms | You need a lasik renewal LMAO...
[GAMING/GAM] | YouTube  | [Normal]     | 96%    |   58.6ms | BARRELS TURNED...
[GAMING/GAM] | YouTube  | [Normal]     | 97%    |   86.7ms | mark reading the ghost chat that agreeds...
[GAMING/SUR] | YouTube  | [Normal]     | 95%    |   60.9ms | turrets...
[ENTERTAINM] | YouTube  | [Normal]     | 94%    |   63.8ms | :pinched_fingers:...
[GAMING/GAM] | YouTube  | [Normal]     | 88%    |   61.1ms | Look for the bear...
[ENTERTAINM] | YouTube  | [Normal]     | 96%    |   74.8ms | USA Minnesota capital Saint Paul...
[SELF-HELP/] | YouTube  | [Normal]     | 85%    |  105.1ms | What should I do when I’m trapped by my ...
[GAMING/GAM] | YouTube  | [Normal]     | 80%    |   77.3ms | there's a strange man on the top left...
[ENTERTAINM] | YouTube  | [Normal]     | 94%    |   55.6ms | 1...
[GAMING/GAM] | YouTube  | [Normal]     | 96%    |   63.0ms | fog in the yard...
[GAMING/GAM] | YouTube  | [Normal]     | 92%    |   80.0ms | i think theres smth in your bed...
[GAMING/GAM] | YouTube  | [Normal]     | 95%    |   70.9ms | extra ropse in interior room...
[GAMING/SUR] | YouTube  | [Normal]     | 60%    |   63.6ms | nobody is farming...
[GAMING/GAM] | YouTube  | [Normal]     | 97%    |   72.1ms | Keepers room  maybe the painting??...
[GAMING/GAM] | YouTube  | [Normal]     | 89%    |   63.0ms | YOOOO...
[GAMING/GAM] | YouTube  | [Normal]     | 95%    |   59.1ms | interior...
[GAMING/GAM] | YouTube  | [Normal]     | 96%    |   73.1ms | spinning pillar is spinning the light i ...
[SPORTS/FOO] | YouTube  | [Normal]     | 90%    |   60.3ms | こんばんわ...
[GAMING/SUR] | YouTube  | [Normal]     | 78%    |  148.0ms | @TheBurntPeanut when you do the turrets ...
[ENTERTAINM] | YouTube  | [Normal]     | 93%    |   64.3ms | hello mr beast...
[ENTERTAINM] | YouTube  | [Normal]     | 94%    |   53.4ms | 1...
[GAMING/SUR] | YouTube  | [Normal]     | 93%    |   72.3ms | tur'dits...
[GAMING/GAM] | YouTube  | [Normal]     | 86%    |   69.9ms | You’re missing some Mark...
[GAMING/GAM] | YouTube  | [Normal]     | 96%    |   69.7ms | LAMP ON NIGHTSTAND @markiplier...
[PSYCHOLOGY] | YouTube  | [Normal]     | 97%    |   65.6ms | press f to pay respect...
[ENTERTAINM] | YouTube  | [Normal]     | 97%    |   81.2ms | abonnez vous :collision:...
[GAMING/GAM] | YouTube  | [Normal]     | 96%    |   65.7ms | FUSE BOX...
[GAMING/GAM] | YouTube  | [Normal]     | 97%    |   89.9ms | are the spiral stairs supposed to be che...
[GAMING/GAM] | YouTube  | [Normal]     | 83%    |  101.0ms | THEY MOVEDCAMERA MALFUNCTION IS FOR WHEN...
[MUSIC/CHIL] | YouTube  | [Normal]     | 73%    |   81.4ms | Rabbia its okay sis calm down its okayyy...
[GAMING/GAM] | YouTube  | [Normal]     | 92%    |   67.1ms | person in the yard...
[GAMING/GAM] | YouTube  | [Normal]     | 96%    |   96.5ms | "I am going to saw through your bones!" ...
[SPORTS/FOO] | YouTube  | [Normal]     | 91%    |   58.8ms | ほん...
[ENTERTAINM] | YouTube  | [Normal]     | 95%    |   57.1ms | said hi...
[PSYCHOLOGY] | YouTube  | [Normal]     | 87%    |   59.3ms | A...
[GAMING/GAM] | YouTube  | [Normal]     | 92%    |   61.3ms | RIGHT...
[MUSIC/CHIL] | YouTube  | [Normal]     | 93%    |  127.2ms | RABIA we all have our flaws. dont be too...
[ENTERTAINM] | YouTube  | [Normal]     | 96%    |   67.1ms | give 100 people 100 dollars...
[ENTERTAINM] | YouTube  | [Normal]     | 95%    |   63.6ms | Jimmy please bless me...
[ENTERTAINM] | YouTube  | [Normal]     | 93%    |   81.0ms | hey mrbeast come to india...
[GAMING/SUR] | YouTube  | [Normal]     | 71%    |   90.2ms | Peanut have Hutch and rogue do oil and y...
[ENTERTAINM] | YouTube  | [Normal]     | 95%    |   62.4ms | Vamos...
[GAMING/GAM] | YouTube  | [Normal]     | 93%    |   67.7ms | the pillar in the stairwell maybe...
[GAMING/GAM] | YouTube  | [Normal]     | 92%    |   90.0ms | The middle barrel is smaller!!...
[ENTERTAINM] | YouTube  | [Normal]     | 95%    |   89.3ms | hello...
[ENTERTAINM] | YouTube  | [Normal]     | 98%    |  413.7ms | :beaming_face_with_smiling_eyes::beaming...
[ENTERTAINM] | YouTube  | [Normal]     | 75%    |   98.5ms | Omg love ma beast ım from turkeyy...
[ENTERTAINM] | YouTube  | [Normal]     | 90%    |   86.5ms | heyyyy...
[GAMING/GAM] | YouTube  | [Normal]     | 97%    |   84.4ms | THE 4 BARRELS  TOP LEFT...
[PSYCHOLOGY] | YouTube  | [Normal]     | 95%    |   82.3ms | ratchet?...
[GAMING/GAM] | YouTube  | [Normal]     | 98%    |   97.4ms | was the light in the interior always tha...
[GAMING/GAM] | YouTube  | [Normal]     | 91%    |   99.5ms | CAMERA MALFUNCTION TOP LEFT...
[GAMING/GAM] | YouTube  | [Normal]     | 84%    |  109.1ms | their "eyes" faced each other's...
[GAMING/GAM] | YouTube  | [Normal]     | 97%    |   94.8ms | git gud Mark...
[MUSIC/CHIL] | YouTube  | [Normal]     | 98%    |  115.1ms | :black_heart::sleeping_face::bouquet:...
[GAMING/SUR] | YouTube  | [Normal]     | 82%    |   92.7ms | SHUT THE DOORS...
[MUSIC/CHIL] | YouTube  | [Normal]     | 98%    |   96.0ms | :text-yellow-goal:...
[MUSIC/CHIL] | YouTube  | [Normal]     | 95%    |   97.0ms | kuchh khaya...
[GAMING/GAM] | YouTube  | [Normal]     | 92%    |  111.1ms | isn't the railing in the wrong place?...
[GAMING/SUR] | YouTube  | [Normal]     | 95%    |  107.4ms | I found different power sources can some...
[GAMING/GAM] | YouTube  | [Normal]     | 96%    |  182.0ms | mark  ive been watching on my tv  and i ...
[MUSIC/CHIL] | YouTube  | [Normal]     | 92%    |   88.5ms | te cred...
[GAMING/GAM] | YouTube  | [Normal]     | 62%    |   94.4ms | stairwall moving pillar...
[GAMING/GAM] | YouTube  | [Normal]     | 96%    |   85.3ms | SKIP SPONSOR...
[ENTERTAINM] | YouTube  | [Normal]     | 97%    |   84.7ms | I am from Gotham...
[SELF-HELP/] | YouTube  | [Normal]     | 81%    |   83.6ms | I dont get it...
[ENTERTAINM] | YouTube  | [Normal]     | 98%    |  315.7ms | :body-green-covering-eyes::body-green-co...
[ENTERTAINM] | YouTube  | [Normal]     | 93%    |   94.7ms | hello Mr beast can you give me an iPhone...
[ENTERTAINM] | YouTube  | [Normal]     | 92%    |   86.6ms | Hy Mr Beast...
[GAMING/GAM] | YouTube  | [Normal]     | 90%    |  102.7ms | You should read Project Hail Mary it wil...
[GAMING/GAM] | YouTube  | [Normal]     | 94%    |   82.9ms | stairwell  slimy boxes...
[ENTERTAINM] | YouTube  | [Normal]     | 94%    |   83.3ms | Hi Mr Beast...
[GAMING/GAM] | YouTube  | [Normal]     | 96%    |   85.3ms | BARRELL BASEMENT FELL...
[ENTERTAINM] | YouTube  | [Normal]     | 75%    |   86.7ms | do you know Pakistan...
[GAMING/GAM] | YouTube  | [Normal]     | 96%    |  104.6ms | RAIL NEAR PAINT CANS MOVED MARKKKKKKKK...
[GAMING/GAM] | YouTube  | [Normal]     | 93%    |   88.7ms | that was interior not stairwell...
[GAMING/GAM] | YouTube  | [Normal]     | 97%    |   97.4ms | red railing left top of stairwell moveme...
[ENTERTAINM] | YouTube  | [Normal]     | 93%    |   81.1ms | indonesian...
[MUSIC/CHIL] | YouTube  | [Normal]     | 97%    |  304.1ms | Syed :comet::small_blue_diamond:I don't ...
[GAMING/GAM] | YouTube  | [Normal]     | 73%    |   93.7ms | LEFT OF THE SQAURE...
[GAMING/GAM] | YouTube  | [Normal]     | 62%    |   80.7ms | stairwall moving pillar...
[ENTERTAINM] | YouTube  | [Normal]     | 97%    |   78.9ms | am i visible...
[GAMING/SUR] | YouTube  | [Normal]     | 96%    |  104.6ms | Ok 2 Big Mac = $20 :unamused_face:...
[ENTERTAINM] | YouTube  | [Normal]     | 96%    |   89.8ms | HELLO MRBEAST  I AM FROM...
[GAMING/GAM] | YouTube  | [Normal]     | 95%    |  206.7ms | THE GAS CAN MOVED!!!!THE GAS CAN MOVED!!...
[GAMING/GAM] | YouTube  | [Normal]     | 73%    |   89.0ms | Ya'll are confusing me too...
[ENTERTAINM] | YouTube  | [Normal]     | 65%    |   91.3ms | jimmy you should try being a youtuber...
[GAMING/GAM] | YouTube  | [Normal]     | 92%    |   94.3ms | its under there...
[GAMING/GAM] | YouTube  | [Normal]     | 91%    |   84.7ms | top left...
[GAMING/SUR] | YouTube  | [Normal]     | 97%    |   90.4ms | Whats your order Peanut?...
[GAMING/GAM] | YouTube  | [Normal]     | 90%    |   87.5ms | The broken one moved!...
[GAMING/GAM] | YouTube  | [Normal]     | 95%    |   99.5ms | THE BROKEN RAIL MOVED FOR THE LOVE OF AL...
[SELF-HELP/] | YouTube  | [Normal]     | 97%    |   95.0ms | The gram? Of insta?...
[GAMING/GAM] | YouTube  | [Normal]     | 79%    |   99.5ms | That nothing sneaks up on you...
[GAMING/GAM] | YouTube  | [Normal]     | 85%    |   88.9ms | mmmm dirty water...
[GAMING/GAM] | YouTube  | [Normal]     | 95%    |   89.8ms | mark have you seen iron lung?...
[ENTERTAINM] | YouTube  | [Normal]     | 96%    |   97.5ms | ALGUIEN QUE HABLE ESPAÑOL...
[ENTERTAINM] | YouTube  | [Normal]     | 98%    |   97.3ms | :star:big fan Jimmy :star:...
[GAMING/SUR] | YouTube  | [Normal]     | 89%    |  104.7ms | im a funny guy :eyes:...
[PSYCHOLOGY] | YouTube  | [Normal]     | 96%    |   93.6ms | Anima and Animus hmmm...
[ENTERTAINM] | YouTube  | [Normal]     | 96%    |  122.3ms | Всем Привет Всем Хаюхай...
[ENTERTAINM] | YouTube  | [Normal]     | 90%    |  107.0ms | Are u going to do any World Cup content...
[ENTERTAINM] | YouTube  | [Normal]     | 96%    |  122.4ms | классно сидим пацаны...
[GAMING/GAM] | YouTube  | [Normal]     | 96%    |   80.6ms | Missing bottle?...
[ENTERTAINM] | YouTube  | [Normal]     | 83%    |   89.9ms | Korea...
[ENTERTAINM] | YouTube  | [Normal]     | 97%    |   97.5ms | I love supporting small creators...
[ENTERTAINM] | YouTube  | [Normal]     | 73%    |  186.9ms | hhhhhhhhhhhhhhhhhhhhhhhhhhhhhhhhhhhhhhhh...
[GAMING/GAM] | YouTube  | [Normal]     | 84%    |   93.4ms | you should worry abt us tbh...
[ENTERTAINM] | YouTube  | [Normal]     | 94%    |   84.0ms | Hi...
[ENTERTAINM] | YouTube  | [Normal]     | 94%    |   85.5ms | Hi...
[GAMING/SUR] | YouTube  | [Normal]     | 96%    |   76.8ms | INCREDIBLE...
[GAMING/SUR] | YouTube  | [Normal]     | 77%    |   85.4ms | No he’s still kicking...
[GAMING/GAM] | YouTube  | [Normal]     | 87%    |  117.1ms | don't lump us all in with that guy I KNE...
[GAMING/SUR] | YouTube  | [Normal]     | 97%    |  121.0ms | lmfao. just a cord running thru the whol...
[ENTERTAINM] | YouTube  | [Normal]     | 98%    |  173.6ms | :face-blue-wide-eyes::face-green-smiling...
[GAMING/GAM] | YouTube  | [Normal]     | 75%    |   91.3ms | DESK BYY BED...
[GAMING/GAM] | YouTube  | [Normal]     | 97%    |   78.5ms | mark the fireplace...
[GAMING/GAM] | YouTube  | [Normal]     | 94%    |  108.6ms | wait i think an object was missing in th...
[GAMING/GAM] | YouTube  | [Normal]     | 97%    |   78.9ms | fireplace?...
[ENTERTAINM] | YouTube  | [Normal]     | 95%    |  141.5ms | congratulations sirrrrrrrr i love you an...
[GAMING/SUR] | YouTube  | [Normal]     | 95%    |   77.1ms | ELECTRICAL BRANCH...
[GAMING/GAM] | YouTube  | [Normal]     | 79%    |   80.0ms | thats not polite...
[ENTERTAINM] | YouTube  | [Normal]     | 96%    |   95.0ms | hiiiiiiiiiiiiiiiiiiiiiiiiii...
[GAMING/GAM] | YouTube  | [Normal]     | 93%    |   77.1ms | Extra bottle pier...
[ENTERTAINM] | YouTube  | [Normal]     | 95%    |   78.6ms | HELLO...
[GAMING/SUR] | YouTube  | [Normal]     | 96%    |   97.5ms | take branch's to branch's...
[PSYCHOLOGY] | YouTube  | [Normal]     | 93%    |   84.0ms | this lady great...
[GAMING/GAM] | YouTube  | [Normal]     | 88%    |   82.0ms | Mark anomaly...
[PSYCHOLOGY] | YouTube  | [Normal]     | 91%    |   79.3ms | …...
[MUSIC/CHIL] | YouTube  | [Normal]     | 96%    |  124.5ms | ohh ok ok:grinning_face_with_sweat::grin...
[GAMING/GAM] | YouTube  | [Normal]     | 95%    |   86.1ms | WATER BENEATH DOOR INTERIOR...
[SELF-HELP/] | YouTube  | [Normal]     | 95%    |   85.8ms | i have subpowers...
[ENTERTAINM] | YouTube  | [Normal]     | 90%    |   87.4ms | how much likes for new airpods...
[GAMING/GAM] | YouTube  | [Normal]     | 97%    |   96.2ms | The railing on the stairs moved!!!...
[ENTERTAINM] | YouTube  | [Normal]     | 98%    |   95.3ms | :hand-pink-waving:...
[SELF-HELP/] | YouTube  | [Normal]     | 90%    |   84.6ms | i m def not gifted...
[ENTERTAINM] | YouTube  | [Normal]     | 93%    |  105.0ms | CRAZY 5MIL WE R A BIG FAN MRBEAST...
[GAMING/GAM] | YouTube  | [Normal]     | 97%    |   99.8ms | marks an ASMR channel now lol...
[GAMING/GAM] | YouTube  | [Normal]     | 92%    |  113.5ms | you were IN OUR EARHOLES!... lol...
[GAMING/SUR] | YouTube  | [Normal]     | 71%    |  111.2ms | or you can do 30 to a spliter...
[ENTERTAINM] | YouTube  | [Normal]     | 94%    |   97.8ms | GAS PRICES COME DOWN WHEN MRBEAST HITS 5...
[GAMING/GAM] | YouTube  | [Normal]     | 93%    |   86.7ms | Oh god Mark why...
[GAMING/GAM] | YouTube  | [Normal]     | 98%    |   82.3ms | frosted glass again...
[PSYCHOLOGY] | YouTube  | [Normal]     | 95%    |   98.7ms | She have such an aura...
[NEWS/LIVE ] | YouTube  | [Normal]     | 93%    |  101.9ms | :buffering:...
[GAMING/SUR] | YouTube  | [Normal]     | 60%    |  106.8ms | I’ve been waiting for you to play rust m...
[GAMING/GAM] | YouTube  | [Normal]     | 96%    |  102.5ms | THE RAILING IN THE STAIRWAY THE RAILING ...
[GAMING/GAM] | YouTube  | [Normal]     | 92%    |   88.9ms | CHECK THE LEFT MOST ROPE...
[ENTERTAINM] | YouTube  | [Normal]     | 94%    |   83.4ms | Hi...
[GAMING/SUR] | YouTube  | [Normal]     | 73%    |   78.9ms | wrong...
[PSYCHOLOGY] | YouTube  | [OFFENSIVE]  | 57%    |   91.8ms | shitting on our copium...
[GAMING/GAM] | YouTube  | [Normal]     | 97%    |   96.2ms | Im on Observation Duty movie next?...
[ENTERTAINM] | YouTube  | [Normal]     | 90%    |   54.1ms | 🇧...
[GAMING/GAM] | YouTube  | [Normal]     | 94%    |   70.8ms | that hurt my chest omg.....
[GAMING/GAM] | YouTube  | [Normal]     | 92%    |   79.4ms | HOW WAS IT SHOOTING IRON LUNG? HOW WAS T...
[GAMING/GAM] | YouTube  | [Normal]     | 94%    |   80.1ms | There’s stuff missing from the desk in t...
[ENTERTAINM] | YouTube  | [Normal]     | 97%    |   77.7ms | 500m subscribe to complit sir congratula...
[SELF-HELP/] | YouTube  | [Normal]     | 95%    |   56.5ms | by definition...
[GAMING/GAM] | YouTube  | [Normal]     | 91%    |   64.9ms | IT DID TOO...
[ENTERTAINM] | YouTube  | [Normal]     | 96%    |  114.1ms | What’s it like having the most subscribe...
[GAMING/GAM] | YouTube  | [Normal]     | 96%    |   89.6ms | Mark!!!...
[SELF-HELP/] | YouTube  | [Normal]     | 92%    |   81.5ms | everyone is complex...
[GAMING/GAM] | YouTube  | [Normal]     | 96%    |   89.0ms | it did though......
[ENTERTAINM] | YouTube  | [Normal]     | 96%    |  112.8ms | Big fan from Pakistan . Supporting MrBea...
[SELF-HELP/] | YouTube  | [Normal]     | 96%    |   92.1ms | I SWEAR dude he's answered this before...
[ENTERTAINM] | YouTube  | [Normal]     | 95%    |   69.0ms | please help...
[GAMING/GAM] | YouTube  | [Normal]     | 97%    |   87.0ms | literally rewound. it DID MOVE...
[GAMING/GAM] | YouTube  | [Normal]     | 95%    |   69.9ms | green stairs...
[GAMING/GAM] | YouTube  | [Normal]     | 94%    |  112.6ms | it switched from towards the front of th...
[GAMING/GAM] | YouTube  | [Normal]     | 98%    |  110.6ms | :face-blue-smiling::face-blue-smiling:...
[GAMING/GAM] | YouTube  | [Normal]     | 97%    |   93.1ms | Thank you were so smart and cool...
[PSYCHOLOGY] | YouTube  | [Normal]     | 64%    |   84.3ms | Goonian psychology...
[ENTERTAINM] | YouTube  | [Normal]     | 98%    |  129.9ms | yeahhh:growing_heart::growing_heart::gro...
[ENTERTAINM] | YouTube  | [Normal]     | 96%    |  127.8ms | sir i want to buy a laptop but I can't b...
[ENTERTAINM] | YouTube  | [Normal]     | 97%    |  111.9ms | Can I have a shoutout..it's my birthday...
[ENTERTAINM] | YouTube  | [Normal]     | 93%    |  324.3ms | :virtualhug::virtualhug::virtualhug::vir...
[ENTERTAINM] | YouTube  | [Normal]     | 85%    |   80.1ms | no no Mr beast...
[ENTERTAINM] | YouTube  | [Normal]     | 96%    |  107.9ms | HAPPY 500 MILLION FOLLOWERS!!!...
[GAMING/GAM] | YouTube  | [Normal]     | 97%    |   80.2ms | stream achievment...
[ENTERTAINM] | YouTube  | [Normal]     | 94%    |   66.4ms | hi...
[ENTERTAINM] | YouTube  | [Normal]     | 98%    |  377.6ms | :hand-pink-waving::hand-pink-waving::han...
[GAMING/SUR] | YouTube  | [Normal]     | 93%    |   77.6ms | your building12...
[ENTERTAINM] | YouTube  | [Normal]     | 95%    |   82.2ms | hii...
[GAMING/SUR] | YouTube  | [Normal]     | 92%    |   76.1ms | clean...
[ENTERTAINM] | YouTube  | [Normal]     | 89%    |  123.9ms | BROOOOOOOOOOOOOOOOOOOOO 500000000...
[ENTERTAINM] | YouTube  | [Normal]     | 97%    |  305.4ms | :triangular_flag::triangular_flag::trian...
[ENTERTAINM] | YouTube  | [OFFENSIVE]  | 90%    |  102.5ms | Ilyyyy congratsss!...
[NEWS/LIVE ] | YouTube  | [HATE]       | 58%    |  144.6ms | even pope said ''if you want to come in ...
[PSYCHOLOGY] | YouTube  | [Normal]     | 96%    |   84.9ms | hyper enema?...
[GAMING/GAM] | YouTube  | [Normal]     | 59%    |  147.9ms | This is great  but real-world issues mat...
[ENTERTAINM] | YouTube  | [Normal]     | 91%    |  117.5ms | GET ITTTTTTTTTTTTTTT...
[MUSIC/CHIL] | YouTube  | [Normal]     | 95%    |   86.4ms | accha h...
[ENTERTAINM] | YouTube  | [Normal]     | 98%    |   78.8ms | :eagle:...
[LIFESTYLE/] | YouTube  | [Normal]     | 96%    |   99.8ms | :face_with_peeking_eye:...
[ENTERTAINM] | YouTube  | [Normal]     | 95%    |   69.5ms | Yooo...
[GAMING/SUR] | YouTube  | [Normal]     | 82%    |   72.4ms | not good...
[GAMING/GAM] | YouTube  | [Normal]     | 92%    |   77.2ms | Any plans for Germany...
[GAMING/GAM] | YouTube  | [Normal]     | 97%    |  101.2ms | Which platform is it going to be in?...
[GAMING/GAM] | YouTube  | [Normal]     | 97%    |   84.1ms | PERFECTION TAKES TIME...
[MUSIC/CHIL] | YouTube  | [HATE]       | 63%    |   89.1ms | Raggy and??...
[GAMING/GAM] | YouTube  | [Normal]     | 97%    |  102.7ms | Which streaming services are you plannin...
[GAMING/GAM] | YouTube  | [Normal]     | 52%    |  150.9ms | THAAAAAAAAIIIILANDDDDDDDDDDDDDDDDDDDDDDD...
[GAMING/SUR] | YouTube  | [Normal]     | 92%    |   82.8ms | rogue always eating...
[GAMING/GAM] | YouTube  | [Normal]     | 95%    |   88.2ms | title!!!...
[ENTERTAINM] | YouTube  | [Normal]     | 98%    |  224.0ms | :face-blue-smiling::face-blue-smiling::f...
[GAMING/GAM] | YouTube  | [Normal]     | 97%    |   89.1ms | vhs release?...
[ENTERTAINM] | YouTube  | [Normal]     | 97%    |   79.6ms | Welcome New Member!...
[GAMING/GAM] | YouTube  | [Normal]     | 96%    |   92.5ms | 4K please!!...
[ENTERTAINM] | YouTube  | [Normal]     | 97%    |  447.4ms | :finger-red-number-one::finger-red-numbe...
[GAMING/GAM] | YouTube  | [Normal]     | 92%    |  143.5ms | I wish I could see it in theaters but no...
[GAMING/GAM] | YouTube  | [Normal]     | 95%    |   84.5ms | olympics too! lol...
[ENTERTAINM] | YouTube  | [Normal]     | 97%    |  122.5ms | Hallo Evin du bist nd cool oke :face_wit...
[ENTERTAINM] | YouTube  | [Normal]     | 91%    |   90.2ms | Do you know who mickal jackson is...
[GAMING/GAM] | YouTube  | [Normal]     | 97%    |   98.3ms | mark where will we able to buy the dvd??...
[GAMING/GAM] | YouTube  | [Normal]     | 96%    |   95.2ms | garten of banban movie when ? u promised...
[ENTERTAINM] | YouTube  | [Normal]     | 96%    |  172.8ms | "500 MILLION SUBSCRIBERS! :exploding_hea...
[MUSIC/CHIL] | YouTube  | [Normal]     | 81%    |  100.2ms | what's on your mind:cigarette::thinking_...
[GAMING/GAM] | YouTube  | [Normal]     | 93%    |   80.4ms | iron lung merch?...
[GAMING/GAM] | YouTube  | [Normal]     | 96%    |  134.6ms | I know I'm gonna be missing the Big Game...
[GAMING/GAM] | YouTube  | [Normal]     | 97%    |   94.4ms | Love you mark I love yoooouuuu...
[GAMING/GAM] | YouTube  | [Normal]     | 95%    |   65.6ms | hellooo...
[GAMING/GAM] | YouTube  | [Normal]     | 97%    |   95.5ms | there's snakes on the plane!!...
[GAMING/SUR] | YouTube  | [Normal]     | 89%    |   88.0ms | WELYNS KNOW WE APPREACIATE YOU...
[ENTERTAINM] | YouTube  | [Normal]     | 94%    |   76.6ms | :cold_face:...
[GAMING/GAM] | YouTube  | [Normal]     | 94%    |  114.5ms | Personal question mark do you think you’...
[GAMING/GAM] | YouTube  | [Normal]     | 96%    |   86.1ms | remember to look at the windows and refl...
[GAMING/GAM] | YouTube  | [Normal]     | 85%    |   71.3ms | broken railing...
[GAMING/GAM] | YouTube  | [Normal]     | 93%    |   71.2ms | market plier...
[GAMING/SUR] | YouTube  | [Normal]     | 93%    |   68.2ms | wsp...
[ENTERTAINM] | YouTube  | [HATE]       | 56%    |  164.8ms | CONGRATSSSSSSS. IM SO PROUD OF U. YOU HA...
[GAMING/GAM] | YouTube  | [Normal]     | 97%    |   72.2ms | RED LIGHT TOP LEFT...
[SELF-HELP/] | YouTube  | [Normal]     | 96%    |  175.8ms | im not high iq but when i went to a prof...
[GAMING/GAM] | YouTube  | [Normal]     | 97%    |   95.6ms | MARK ECONOMY CLASS IN THE OVERHEAD BIN!!...
[GAMING/SUR] | YouTube  | [Normal]     | 95%    |   66.6ms | PEANUT...
[ENTERTAINM] | YouTube  | [Normal]     | 94%    |   98.3ms | 비스트햄!!!...
[GAMING/GAM] | YouTube  | [Normal]     | 97%    |   89.4ms | EXTRA PLANE PAINTING IN THE CLASS ON THE...
[GAMING/GAM] | YouTube  | [Normal]     | 91%    |   73.0ms | normal rn...
[GAMING/GAM] | YouTube  | [Normal]     | 95%    |   83.5ms | Hellooo...
[ENTERTAINM] | YouTube  | [Normal]     | 95%    |   72.6ms | yooo hi...
[GAMING/GAM] | YouTube  | [Normal]     | 95%    |   74.4ms | the banana flip!...
[GAMING/GAM] | YouTube  | [Normal]     | 89%    |   91.6ms | why is there a camrea in the bathroom?!...
[ENTERTAINM] | YouTube  | [Normal]     | 96%    |   69.6ms | New member...
[SPORTS/FOO] | YouTube  | [Normal]     | 98%    |   98.5ms | :hand-pink-waving::hand-pink-waving:...
[GAMING/GAM] | YouTube  | [Normal]     | 80%    |   71.6ms | NO DON’T...
[GAMING/SUR] | YouTube  | [Normal]     | 92%    |   84.5ms | lol hes good at that...
[GAMING/GAM] | YouTube  | [Normal]     | 96%    |   77.8ms | missing life vest??...
[GAMING/GAM] | YouTube  | [Normal]     | 94%    |   72.4ms | exit lights maybe...
[GAMING/GAM] | YouTube  | [Normal]     | 94%    |   87.4ms | I'm so bad at these games...
[ENTERTAINM] | YouTube  | [Normal]     | 94%    |   82.3ms | арбуз...
[SELF-HELP/] | YouTube  | [Normal]     | 95%    |   94.2ms | Oh god  didn't realize that is what's ha...
[GAMING/GAM] | YouTube  | [Normal]     | 91%    |   84.3ms | There’s a moon in the toilet...
[MUSIC/CHIL] | YouTube  | [Normal]     | 97%    |  213.9ms | These fakes love me :face_with_tears_of_...
[GAMING/GAM] | YouTube  | [Normal]     | 81%    |   71.0ms | In the toilet...
[GAMING/GAM] | YouTube  | [Normal]     | 89%    |   76.3ms | not the spleen...
[ENTERTAINM] | YouTube  | [Normal]     | 97%    |  111.0ms | It's been such a short time  I remember ...
[GAMING/GAM] | YouTube  | [Normal]     | 94%    |   77.3ms | banned by DNA FOR LIFE...
[ENTERTAINM] | YouTube  | [Normal]     | 96%    |  119.7ms | 500 mil :partying_face::partying_face::p...
[GAMING/GAM] | YouTube  | [Normal]     | 93%    |   66.1ms | E...
[ENTERTAINM] | YouTube  | [Normal]     | 93%    |   66.1ms | SON...
[ENTERTAINM] | YouTube  | [Normal]     | 92%    |   68.5ms | help me...
[ENTERTAINM] | YouTube  | [Normal]     | 97%    |   88.9ms | tomorrow is my birthday :red_heart:...
[ENTERTAINM] | YouTube  | [Normal]     | 97%    |  130.1ms | happy 500 million subscribers:elbowcough...
[ENTERTAINM] | YouTube  | [Normal]     | 93%    |   70.5ms | hhhh...
[ENTERTAINM] | YouTube  | [Normal]     | 97%    |   74.9ms | Greetings from Mongolia...
[GAMING/GAM] | YouTube  | [Normal]     | 97%    |  243.5ms | MARK  THERE'S A MAN IN THE TOP LEFT!! HE...
[GAMING/GAM] | YouTube  | [Normal]     | 96%    |   71.7ms | B CLASS EXTRA COMPARTMENT...
[NEWS/LIVE ] | YouTube  | [Normal]     | 97%    |   76.9ms | :people_hugging:...
[ENTERTAINM] | YouTube  | [Normal]     | 98%    |  223.5ms | :red_heart::red_heart::red_heart::red_he...
[ENTERTAINM] | YouTube  | [Normal]     | 94%    |   84.4ms | hey beast how can I become a member...
[GAMING/SUR] | YouTube  | [Normal]     | 97%    |   71.2ms | Eat a FOODS...
[GAMING/GAM] | YouTube  | [Normal]     | 98%    |  194.1ms | Mark  I'm am such a big fan of your chan...
[ENTERTAINM] | YouTube  | [Normal]     | 91%    |  110.3ms | Peanut is insane when he streams  that g...
[GAMING/SUR] | YouTube  | [Normal]     | 93%    |   74.3ms | Front drop off box...
[ENTERTAINM] | YouTube  | [Normal]     | 96%    |   78.4ms | kto z Polski...
[ENTERTAINM] | YouTube  | [Normal]     | 91%    |   89.4ms | @MrBeast how’s your day?...
[ENTERTAINM] | YouTube  | [Normal]     | 97%    |  152.1ms | I love you so much Mr Beast  I am From M...
[GAMING/GAM] | YouTube  | [Normal]     | 96%    |   73.6ms | Window ice?...
[ENTERTAINM] | YouTube  | [Normal]     | 97%    |  109.6ms | Jimmy  we need another beast games :hand...
[MUSIC/CHIL] | YouTube  | [Normal]     | 97%    |   96.0ms | :face_exhaling::green_heart:...
[PSYCHOLOGY] | YouTube  | [Normal]     | 88%    |   60.2ms | sensitive...
[ENTERTAINM] | YouTube  | [Normal]     | 96%    |   68.2ms | New member...
[SELF-HELP/] | YouTube  | [Normal]     | 96%    |  150.5ms | How do u know if a problem u r thinking ...
[ENTERTAINM] | YouTube  | [Normal]     | 97%    |  139.3ms | :text-green-game-over::text-green-game-o...
[ENTERTAINM] | YouTube  | [Normal]     | 90%    |   72.4ms | yoooooo...
[GAMING/SUR] | YouTube  | [Normal]     | 73%    |   71.8ms | hutch scrap them...
[SELF-HELP/] | YouTube  | [Normal]     | 97%    |  107.9ms | prioritizing helped me personally and fo...
[GAMING/GAM] | YouTube  | [Normal]     | 97%    |  101.1ms | bann the anomaly!! :magic_wand:...
[GAMING/GAM] | YouTube  | [Normal]     | 94%    |   64.8ms | Hi...
[ENTERTAINM] | YouTube  | [Normal]     | 93%    |   96.5ms | here since the pewdiepiew vs tseries era...
[GAMING/GAM] | YouTube  | [Normal]     | 92%    |   78.3ms | Man in window at the gate...
[ENTERTAINM] | YouTube  | [Normal]     | 96%    |   77.9ms | 500million...
[GAMING/GAM] | YouTube  | [Normal]     | 92%    |   97.3ms | just got home from work glad to spend my...
[GAMING/GAM] | YouTube  | [Normal]     | 97%    |   86.2ms | MARK THE BANANAS OVER-RIPE...
[GAMING/GAM] | YouTube  | [Normal]     | 87%    |   65.3ms | banned...
[GAMING/GAM] | YouTube  | [Normal]     | 91%    |   92.1ms | was there always shoes beneath the seat ...
[GAMING/SUR] | YouTube  | [Normal]     | 69%    |   97.8ms | you can authorise them...
[GAMING/GAM] | YouTube  | [Normal]     | 82%    |  107.5ms | can't tell if im seeing things or if my ...
[GAMING/GAM] | YouTube  | [Normal]     | 96%    |   81.9ms | entrance: distorted camera maybe?...
[SELF-HELP/] | YouTube  | [Normal]     | 93%    |   77.4ms | @loban_88 yes...
[GAMING/GAM] | YouTube  | [Normal]     | 96%    |   95.4ms | #1 :finger-red-number-one:...
[ENTERTAINM] | YouTube  | [Normal]     | 94%    |  107.0ms | love you from Bangladesh :white_heart::s...
[GAMING/GAM] | YouTube  | [Normal]     | 97%    |   99.5ms | Was there a suitcase in the entryway? Th...
[SELF-HELP/] | YouTube  | [OFFENSIVE]  | 45%    |  102.6ms | So what happens  you morph into final fo...
[GAMING/SUR] | YouTube  | [Normal]     | 76%    |   80.9ms | never beating those fat allegations...
[GAMING/GAM] | YouTube  | [Normal]     | 86%    |   69.7ms | toilet changed...
[PSYCHOLOGY] | YouTube  | [Normal]     | 96%    |  167.0ms | I practice by walking in the rain to get...
[GAMING/GAM] | YouTube  | [Normal]     | 97%    |   70.5ms | THE AIRPORT CHARTS...
[GAMING/GAM] | YouTube  | [Normal]     | 98%    |   88.3ms | ive said the calendar like three times...
[PSYCHOLOGY] | YouTube  | [Normal]     | 90%    |   95.4ms | hahaha  well im kinda vibing too myself...
[GAMING/TOU] | Twitch   | [Normal]     | 92%    |  131.3ms | Ricbor è l'amico che fa finta di essere ...
[GAMING/TOU] | Twitch   | [Normal]     | 95%    |  102.2ms | da 5 punti in 4 a 225 in 8 CRAZY...
[GAMING/TOU] | Twitch   | [Normal]     | 98%    |   83.7ms | 10k bits so tipo 100 euro...
[GAMING/TOU] | Twitch   | [Normal]     | 95%    |   77.4ms | pred in...
[VALORANT/G] | Twitch   | [Normal]     | 97%    |  135.5ms | VALORANT Masters London | Playoffs | BO3...
[VALORANT/G] | Twitch   | [Normal]     | 96%    |   70.4ms | Jame time...
[VALORANT/G] | Twitch   | [Normal]     | 96%    |   89.9ms | jame time...
[VALORANT/G] | Twitch   | [Normal]     | 95%    |   78.3ms | it’s just map 1...
[RELATIONSH] | Twitch   | [Normal]     | 94%    |   69.9ms | om...
[VALORANT/G] | Twitch   | [Normal]     | 95%    |   75.5ms | YUTEGOAT...
[RELATIONSH] | Twitch   | [Normal]     | 93%    |   87.7ms | OOOO...
[RELATIONSH] | Twitch   | [Normal]     | 96%    |   71.9ms | Cheers...
[VALORANT/G] | Twitch   | [Normal]     | 93%    |   79.0ms | EDG 加油！...
[RELATIONSH] | Twitch   | [Normal]     | 97%    |  117.4ms | ANY GIFTAS? TriHard FBCatch 🎁 IT'S 35% O...
[GAMING/DAR] | Twitch   | [Normal]     | 92%    |   66.0ms | Yeah...
[RELATIONSH] | Twitch   | [Normal]     | 92%    |   72.2ms | Amy gifters...
[RELATIONSH] | Twitch   | [Normal]     | 93%    |   66.3ms | Jammies...
[RELATIONSH] | Twitch   | [Normal]     | 92%    |   74.6ms | WW...
[RELATIONSH] | Twitch   | [Normal]     | 82%    |   81.0ms | What a phisyq...
[RELATIONSH] | Twitch   | [Normal]     | 92%    |   74.7ms | jebiatedD...
[RELATIONSH] | Twitch   | [Normal]     | 64%    |   72.6ms | yes Sadge...
[RELATIONSH] | Twitch   | [Normal]     | 96%    |   76.8ms | we need a new dance...
[RELATIONSH] | Twitch   | [Normal]     | 96%    |   97.8ms | exemSturdy exemFloss exemSturdy...
[RELATIONSH] | Twitch   | [Normal]     | 98%    |  248.1ms | TriHard FBCatch HolidayPresent ANY GIFTA...
[RELATIONSH] | Twitch   | [Normal]     | 93%    |   66.0ms | mhm...
[RELATIONSH] | Twitch   | [Normal]     | 94%    |   67.2ms | OOF...
[ENTERTAINM] | Twitch   | [Normal]     | 87%    |   91.3ms | NotLikeThis...
[RELATIONSH] | Twitch   | [Normal]     | 96%    |   76.4ms | Arther is cooked...
[RELATIONSH] | Twitch   | [Normal]     | 94%    |   63.6ms | o7...
[RELATIONSH] | Twitch   | [Normal]     | 96%    |   71.1ms | monkaLaugh...
[RELATIONSH] | Twitch   | [Normal]     | 94%    |   63.2ms | o7...
[RELATIONSH] | Twitch   | [Normal]     | 95%    |   66.9ms | ICANT...
[RELATIONSH] | Twitch   | [Normal]     | 96%    |   82.7ms | davay in deutsch...
[RELATIONSH] | Twitch   | [Normal]     | 96%    |   70.4ms | OMEGALUL...
[RELATIONSH] | Twitch   | [Normal]     | 97%    |   74.2ms | eyebrows LMAO...
[RELATIONSH] | Twitch   | [Normal]     | 89%    |   65.1ms | Sure confused...
[RELATIONSH] | Twitch   | [Normal]     | 97%    |   67.7ms | MONKA...
[RELATIONSH] | Twitch   | [Normal]     | 95%    |   70.2ms | AHAHAHA...
[RELATIONSH] | Twitch   | [Normal]     | 94%    |   64.8ms | o7...
[RELATIONSH] | Twitch   | [Normal]     | 93%    |   82.6ms | this is intense than the court...
[RELATIONSH] | Twitch   | [Normal]     | 94%    |   66.9ms | o7...
[RELATIONSH] | Twitch   | [Normal]     | 94%    |   66.5ms | o7...
[RELATIONSH] | Twitch   | [Normal]     | 86%    |   64.9ms | so awkward...
[RELATIONSH] | Twitch   | [Normal]     | 79%    |   67.3ms | anal...
[RELATIONSH] | Twitch   | [Normal]     | 83%    |   88.6ms | Poor arthur...
[RELATIONSH] | Twitch   | [Normal]     | 94%    |   79.8ms | o7...
[RELATIONSH] | Twitch   | [Normal]     | 92%    |   65.1ms | HUH...
[RELATIONSH] | Twitch   | [Normal]     | 92%    |   64.6ms | HUH...
[ENTERTAINM] | Twitch   | [Normal]     | 84%    |   75.2ms | let'd goo...
[RELATIONSH] | Twitch   | [Normal]     | 96%    |   73.3ms | ABORT MISSION...
[ENTERTAINM] | Twitch   | [Normal]     | 97%    |   86.4ms | soon? tonight?...
[RELATIONSH] | Twitch   | [Normal]     | 95%    |  194.4ms | monkaLaugh uh oh monkaLaugh uh oh monkaL...
[RELATIONSH] | Twitch   | [Normal]     | 94%    |   89.1ms | hesRight...
[RELATIONSH] | Twitch   | [Normal]     | 94%    |   95.1ms | Nicks face LMAOOOOOOOOOO...
[RELATIONSH] | Twitch   | [Normal]     | 94%    |   73.0ms | o7...
[RELATIONSH] | Twitch   | [Normal]     | 93%    |   71.6ms | gg...
[RELATIONSH] | Twitch   | [Normal]     | 94%    |   65.3ms | o7 ͏...
[RELATIONSH] | Twitch   | [Normal]     | 93%    |   64.9ms | mhm...
[RELATIONSH] | Twitch   | [Normal]     | 96%    |   76.1ms | LUL...
[RELATIONSH] | Twitch   | [Normal]     | 93%    |   83.0ms | mhm...
[RELATIONSH] | Twitch   | [Normal]     | 94%    |   74.4ms | om...
