node,pid,run_id,seq,topic,partition,offset,kafka_ts_ms,kafka_ts_type,t_recv_ms,infer_ms,es_ms,t_done_ms,label,confidence
vm2,136178,20261005-090518_clu_vm14-vm24_rate30_lat2node_r1,20,perf_20261005-090518_clu_vm14-vm24_rate30_lat2node_r1,2,0,1791191136601,0,1791191136608.787,141.18,5.357,1791191136755.505,Normal,0.9603
vm2,136178,20261005-090518_clu_vm14-vm24_rate30_lat2node_r1,34,perf_20261005-090518_clu_vm14-vm24_rate30_lat2node_r1,2,1,1791191137068,0,1791191137074.29,73.878,5.526,1791191137153.873,Normal,0.9605
vm2,136178,20261005-090518_clu_vm14-vm24_rate30_lat2node_r1,37,perf_20261005-090518_clu_vm14-vm24_rate30_lat2node_r1,2,2,1791191137168,0,1791191137172.807,81.855,5.01,1791191137259.844,Normal,0.9503
vm2,136178,20261005-090518_clu_vm14-vm24_rate30_lat2node_r1,43,perf_20261005-090518_clu_vm14-vm24_rate30_lat2node_r1,2,3,1791191137368,0,1791191137373.613,104.475,6.637,1791191137484.906,OFFENSIVE,0.5659
vm2,136178,20261005-090518_clu_vm14-vm24_rate30_lat2node_r1,54,perf_20261005-090518_clu_vm14-vm24_rate30_lat2node_r1,2,4,1791191137735,0,1791191137740.704,78.183,4.713,1791191137823.783,Normal,0.8958
vm2,136178,20261005-090518_clu_vm14-vm24_rate30_lat2node_r1,58,perf_20261005-090518_clu_vm14-vm24_rate30_lat2node_r1,2,5,1791191137868,0,1791191137873.106,131.733,5.196,1791191138010.222,Normal,0.9703
vm2,136178,20261005-090518_clu_vm14-vm24_rate30_lat2node_r1,61,perf_20261005-090518_clu_vm14-vm24_rate30_lat2node_r1,2,6,1791191137968,0,1791191138013.424,68.704,4.014,1791191138086.325,Normal,0.9489
vm2,136178,20261005-090518_clu_vm14-vm24_rate30_lat2node_r1,101,perf_20261005-090518_clu_vm14-vm24_rate30_lat2node_r1,2,7,1791191139301,0,1791191139307.296,92.518,4.854,1791191139404.855,Normal,0.8852
vm2,136178,20261005-090518_clu_vm14-vm24_rate30_lat2node_r1,110,perf_20261005-090518_clu_vm14-vm24_rate30_lat2node_r1,2,8,1791191139601,0,1791191139606.598,77.523,5.595,1791191139689.9,Normal,0.8809
vm2,136178,20261005-090518_clu_vm14-vm24_rate30_lat2node_r1,111,perf_20261005-090518_clu_vm14-vm24_rate30_lat2node_r1,2,9,1791191139635,0,1791191139693.084,74.791,4.812,1791191139772.867,Normal,0.9248
vm2,136178,20261005-090518_clu_vm14-vm24_rate30_lat2node_r1,118,perf_20261005-090518_clu_vm14-vm24_rate30_lat2node_r1,2,10,1791191139868,0,1791191139874.207,85.829,5.514,1791191139965.731,Normal,0.9087
vm2,136178,20261005-090518_clu_vm14-vm24_rate30_lat2node_r1,129,perf_20261005-090518_clu_vm14-vm24_rate30_lat2node_r1,2,11,1791191140235,0,1791191140240.024,87.143,6.546,1791191140333.894,Normal,0.9673
vm2,136178,20261005-090518_clu_vm14-vm24_rate30_lat2node_r1,140,perf_20261005-090518_clu_vm14-vm24_rate30_lat2node_r1,2,12,1791191140601,0,1791191140606.431,97.348,5.279,1791191140709.241,Normal,0.9753
vm2,136178,20261005-090518_clu_vm14-vm24_rate30_lat2node_r1,146,perf_20261005-090518_clu_vm14-vm24_rate30_lat2node_r1,2,13,1791191140801,0,1791191140806.949,76.392,4.344,1791191140887.863,Normal,0.931
vm2,136178,20261005-090518_clu_vm14-vm24_rate30_lat2node_r1,148,perf_20261005-090518_clu_vm14-vm24_rate30_lat2node_r1,2,14,1791191140868,0,1791191140890.855,73.384,5.573,1791191140969.997,Normal,0.9539
vm2,136178,20261005-090518_clu_vm14-vm24_rate30_lat2node_r1,151,perf_20261005-090518_clu_vm14-vm24_rate30_lat2node_r1,2,15,1791191140968,0,1791191140973.381,90.525,5.835,1791191141069.914,Normal,0.9057
vm2,136178,20261005-090518_clu_vm14-vm24_rate30_lat2node_r1,162,perf_20261005-090518_clu_vm14-vm24_rate30_lat2node_r1,2,16,1791191141335,0,1791191141339.858,101.892,5.884,1791191141447.823,Normal,0.87
vm2,136178,20261005-090518_clu_vm14-vm24_rate30_lat2node_r1,171,perf_20261005-090518_clu_vm14-vm24_rate30_lat2node_r1,2,17,1791191141634,0,1791191141639.925,82.966,5.322,1791191141728.397,Normal,0.9574
vm2,136178,20261005-090518_clu_vm14-vm24_rate30_lat2node_r1,175,perf_20261005-090518_clu_vm14-vm24_rate30_lat2node_r1,2,18,1791191141768,0,1791191141773.671,78.917,6.415,1791191141859.186,Normal,0.9314
vm2,136178,20261005-090518_clu_vm14-vm24_rate30_lat2node_r1,189,perf_20261005-090518_clu_vm14-vm24_rate30_lat2node_r1,2,19,1791191142235,0,1791191142241.167,77.593,4.271,1791191142323.225,Normal,0.8925
vm2,136178,20261005-090518_clu_vm14-vm24_rate30_lat2node_r1,192,perf_20261005-090518_clu_vm14-vm24_rate30_lat2node_r1,2,20,1791191142334,0,1791191142341.082,99.105,5.54,1791191142445.903,Normal,0.9544
vm2,136178,20261005-090518_clu_vm14-vm24_rate30_lat2node_r1,201,perf_20261005-090518_clu_vm14-vm24_rate30_lat2node_r1,2,21,1791191142635,0,1791191142640.702,90.067,5.069,1791191142736.017,Normal,0.567
vm2,136178,20261005-090518_clu_vm14-vm24_rate30_lat2node_r1,207,perf_20261005-090518_clu_vm14-vm24_rate30_lat2node_r1,2,22,1791191142835,0,1791191142849.889,89.152,6.081,1791191142945.299,Normal,0.9563
vm2,136178,20261005-090518_clu_vm14-vm24_rate30_lat2node_r1,213,perf_20261005-090518_clu_vm14-vm24_rate30_lat2node_r1,2,23,1791191143035,0,1791191143040.279,89.951,4.511,1791191143134.917,Normal,0.9629
vm2,136178,20261005-090518_clu_vm14-vm24_rate30_lat2node_r1,221,perf_20261005-090518_clu_vm14-vm24_rate30_lat2node_r1,2,24,1791191143302,0,1791191143309.09,82.589,24.266,1791191143416.127,Normal,0.9292
vm2,136178,20261005-090518_clu_vm14-vm24_rate30_lat2node_r1,234,perf_20261005-090518_clu_vm14-vm24_rate30_lat2node_r1,2,25,1791191143735,0,1791191143743.062,147.248,5.785,1791191143896.296,Normal,0.9447
vm2,136178,20261005-090518_clu_vm14-vm24_rate30_lat2node_r1,241,perf_20261005-090518_clu_vm14-vm24_rate30_lat2node_r1,2,26,1791191143968,0,1791191143973.12,73.822,5.59,1791191144052.72,Normal,0.9608
vm2,136178,20261005-090518_clu_vm14-vm24_rate30_lat2node_r1,244,perf_20261005-090518_clu_vm14-vm24_rate30_lat2node_r1,2,27,1791191144068,0,1791191144074.372,77.859,6.059,1791191144158.471,OFFENSIVE,0.7323
vm2,136178,20261005-090518_clu_vm14-vm24_rate30_lat2node_r1,247,perf_20261005-090518_clu_vm14-vm24_rate30_lat2node_r1,2,28,1791191144168,0,1791191144172.893,109.646,6.033,1791191144288.825,Normal,0.8993
vm2,136178,20261005-090518_clu_vm14-vm24_rate30_lat2node_r1,265,perf_20261005-090518_clu_vm14-vm24_rate30_lat2node_r1,2,29,1791191144768,0,1791191144774.676,59.033,6.195,1791191144840.099,Normal,0.9354
vm2,136178,20261005-090518_clu_vm14-vm24_rate30_lat2node_r1,297,perf_20261005-090518_clu_vm14-vm24_rate30_lat2node_r1,2,30,1791191145835,0,1791191145839.487,75.038,5.139,1791191145919.862,Normal,0.8081
vm2,136178,20261005-090518_clu_vm14-vm24_rate30_lat2node_r1,300,perf_20261005-090518_clu_vm14-vm24_rate30_lat2node_r1,2,31,1791191145935,0,1791191145939.518,71.995,5.595,1791191146017.299,Normal,0.9475
vm2,136178,20261005-090518_clu_vm14-vm24_rate30_lat2node_r1,313,perf_20261005-090518_clu_vm14-vm24_rate30_lat2node_r1,2,32,1791191146368,0,1791191146373.354,77.436,5.129,1791191146456.106,Normal,0.8096
vm2,136178,20261005-090518_clu_vm14-vm24_rate30_lat2node_r1,318,perf_20261005-090518_clu_vm14-vm24_rate30_lat2node_r1,2,33,1791191146535,0,1791191146539.858,80.437,6.455,1791191146626.942,Normal,0.9281
vm2,136178,20261005-090518_clu_vm14-vm24_rate30_lat2node_r1,321,perf_20261005-090518_clu_vm14-vm24_rate30_lat2node_r1,2,34,1791191146635,0,1791191146648.725,62.988,5.817,1791191146717.719,Normal,0.9384
vm2,136178,20261005-090518_clu_vm14-vm24_rate30_lat2node_r1,332,perf_20261005-090518_clu_vm14-vm24_rate30_lat2node_r1,2,35,1791191147001,0,1791191147006.399,130.121,4.436,1791191147141.279,Normal,0.9379
vm2,136178,20261005-090518_clu_vm14-vm24_rate30_lat2node_r1,335,perf_20261005-090518_clu_vm14-vm24_rate30_lat2node_r1,2,36,1791191147102,0,1791191147144.165,63.252,5.401,1791191147213.008,Normal,0.9633
vm2,136178,20261005-090518_clu_vm14-vm24_rate30_lat2node_r1,336,perf_20261005-090518_clu_vm14-vm24_rate30_lat2node_r1,2,37,1791191147135,0,1791191147213.275,57.728,5.325,1791191147276.525,Normal,0.936
vm2,136178,20261005-090518_clu_vm14-vm24_rate30_lat2node_r1,343,perf_20261005-090518_clu_vm14-vm24_rate30_lat2node_r1,2,38,1791191147368,0,1791191147373.039,72.091,5.584,1791191147450.973,Normal,0.9102
vm2,136178,20261005-090518_clu_vm14-vm24_rate30_lat2node_r1,347,perf_20261005-090518_clu_vm14-vm24_rate30_lat2node_r1,2,39,1791191147501,0,1791191147507.286,70.897,5.704,1791191147584.114,Normal,0.4981
vm2,136178,20261005-090518_clu_vm14-vm24_rate30_lat2node_r1,361,perf_20261005-090518_clu_vm14-vm24_rate30_lat2node_r1,2,40,1791191147968,0,1791191147973.985,73.986,5.212,1791191148053.361,Normal,0.955
vm2,136178,20261005-090518_clu_vm14-vm24_rate30_lat2node_r1,362,perf_20261005-090518_clu_vm14-vm24_rate30_lat2node_r1,2,41,1791191148001,0,1791191148056.339,73.665,5.108,1791191148135.285,Normal,0.8661
vm2,136178,20261005-090518_clu_vm14-vm24_rate30_lat2node_r1,383,perf_20261005-090518_clu_vm14-vm24_rate30_lat2node_r1,2,42,1791191148701,0,1791191148707.02,98.52,5.67,1791191148811.391,Normal,0.9746
vm2,136178,20261005-090518_clu_vm14-vm24_rate30_lat2node_r1,386,perf_20261005-090518_clu_vm14-vm24_rate30_lat2node_r1,2,43,1791191148801,0,1791191148814.887,75.239,5.929,1791191148896.226,Normal,0.9673
vm2,136178,20261005-090518_clu_vm14-vm24_rate30_lat2node_r1,387,perf_20261005-090518_clu_vm14-vm24_rate30_lat2node_r1,2,44,1791191148835,0,1791191148899.564,66.09,5.485,1791191148971.308,Normal,0.9608
vm2,136178,20261005-090518_clu_vm14-vm24_rate30_lat2node_r1,389,perf_20261005-090518_clu_vm14-vm24_rate30_lat2node_r1,2,45,1791191148901,0,1791191148974.502,66.862,4.797,1791191149046.331,Normal,0.958
vm2,136178,20261005-090518_clu_vm14-vm24_rate30_lat2node_r1,390,perf_20261005-090518_clu_vm14-vm24_rate30_lat2node_r1,2,46,1791191148934,0,1791191149046.553,84.66,4.608,1791191149135.99,Normal,0.847
vm2,136178,20261005-090518_clu_vm14-vm24_rate30_lat2node_r1,394,perf_20261005-090518_clu_vm14-vm24_rate30_lat2node_r1,2,47,1791191149068,0,1791191149139.184,100.504,5.868,1791191149245.728,Normal,0.8427
vm2,136178,20261005-090518_clu_vm14-vm24_rate30_lat2node_r1,402,perf_20261005-090518_clu_vm14-vm24_rate30_lat2node_r1,2,48,1791191149335,0,1791191149341.587,155.334,6.021,1791191149503.139,Normal,0.9746
vm2,136178,20261005-090518_clu_vm14-vm24_rate30_lat2node_r1,409,perf_20261005-090518_clu_vm14-vm24_rate30_lat2node_r1,2,49,1791191149568,0,1791191149574.282,173.402,5.059,1791191149752.94,Normal,0.9773
vm2,136178,20261005-090518_clu_vm14-vm24_rate30_lat2node_r1,448,perf_20261005-090518_clu_vm14-vm24_rate30_lat2node_r1,2,50,1791191150868,0,1791191150874.271,77.01,5.863,1791191150957.331,Normal,0.9417
vm2,136178,20261005-090518_clu_vm14-vm24_rate30_lat2node_r1,458,perf_20261005-090518_clu_vm14-vm24_rate30_lat2node_r1,2,51,1791191151201,0,1791191151207.024,99.384,4.884,1791191151311.515,Normal,0.9563
vm2,136178,20261005-090518_clu_vm14-vm24_rate30_lat2node_r1,460,perf_20261005-090518_clu_vm14-vm24_rate30_lat2node_r1,2,52,1791191151268,0,1791191151314.395,81.636,4.82,1791191151401.024,Normal,0.9753
vm2,136178,20261005-090518_clu_vm14-vm24_rate30_lat2node_r1,476,perf_20261005-090518_clu_vm14-vm24_rate30_lat2node_r1,2,53,1791191151801,0,1791191151807.43,77.043,5.335,1791191151889.99,Normal,0.9239
vm2,136178,20261005-090518_clu_vm14-vm24_rate30_lat2node_r1,482,perf_20261005-090518_clu_vm14-vm24_rate30_lat2node_r1,2,54,1791191152001,0,1791191152007.013,109.787,5.965,1791191152122.948,Normal,0.9319
vm2,136178,20261005-090518_clu_vm14-vm24_rate30_lat2node_r1,490,perf_20261005-090518_clu_vm14-vm24_rate30_lat2node_r1,2,55,1791191152268,0,1791191152273.518,89.636,6.084,1791191152369.418,Normal,0.8313
vm2,136178,20261005-090518_clu_vm14-vm24_rate30_lat2node_r1,511,perf_20261005-090518_clu_vm14-vm24_rate30_lat2node_r1,2,56,1791191152968,0,1791191152972.811,86.508,5.123,1791191153064.641,Normal,0.9509
vm2,136178,20261005-090518_clu_vm14-vm24_rate30_lat2node_r1,533,perf_20261005-090518_clu_vm14-vm24_rate30_lat2node_r1,2,57,1791191153702,0,1791191153706.949,95.786,6.561,1791191153809.484,Normal,0.9612
vm2,136178,20261005-090518_clu_vm14-vm24_rate30_lat2node_r1,539,perf_20261005-090518_clu_vm14-vm24_rate30_lat2node_r1,2,58,1791191153901,0,1791191153906.467,93.536,7.179,1791191154007.359,Normal,0.9345
vm2,136178,20261005-090518_clu_vm14-vm24_rate30_lat2node_r1,547,perf_20261005-090518_clu_vm14-vm24_rate30_lat2node_r1,2,59,1791191154168,0,1791191154174.224,90.013,5.921,1791191154270.339,Normal,0.9733
vm2,136178,20261005-090518_clu_vm14-vm24_rate30_lat2node_r1,548,perf_20261005-090518_clu_vm14-vm24_rate30_lat2node_r1,2,60,1791191154201,0,1791191154278.549,93.285,6.958,1791191154379.002,Normal,0.8177
vm2,136178,20261005-090518_clu_vm14-vm24_rate30_lat2node_r1,565,perf_20261005-090518_clu_vm14-vm24_rate30_lat2node_r1,2,61,1791191154768,0,1791191154775.612,105.821,3.813,1791191154885.427,Normal,0.8109
vm2,136178,20261005-090518_clu_vm14-vm24_rate30_lat2node_r1,567,perf_20261005-090518_clu_vm14-vm24_rate30_lat2node_r1,2,62,1791191154834,0,1791191154887.87,71.816,5.165,1791191154965.023,Normal,0.9597
vm2,136178,20261005-090518_clu_vm14-vm24_rate30_lat2node_r1,579,perf_20261005-090518_clu_vm14-vm24_rate30_lat2node_r1,2,63,1791191155234,0,1791191155244.81,97.576,5.938,1791191155348.511,Normal,0.8954
vm2,136178,20261005-090518_clu_vm14-vm24_rate30_lat2node_r1,587,perf_20261005-090518_clu_vm14-vm24_rate30_lat2node_r1,2,64,1791191155501,0,1791191155514.278,101.833,4.691,1791191155620.985,Normal,0.918
vm2,136178,20261005-090518_clu_vm14-vm24_rate30_lat2node_r1,621,perf_20261005-090518_clu_vm14-vm24_rate30_lat2node_r1,2,65,1791191156635,0,1791191156639.522,86.598,4.262,1791191156730.577,Normal,0.8992
vm2,136178,20261005-090518_clu_vm14-vm24_rate30_lat2node_r1,630,perf_20261005-090518_clu_vm14-vm24_rate30_lat2node_r1,2,66,1791191156935,0,1791191156940.505,77.564,5.641,1791191157023.885,Normal,0.6003
vm2,136178,20261005-090518_clu_vm14-vm24_rate30_lat2node_r1,634,perf_20261005-090518_clu_vm14-vm24_rate30_lat2node_r1,2,67,1791191157068,0,1791191157073.305,97.802,5.589,1791191157176.877,Normal,0.9415
vm2,136178,20261005-090518_clu_vm14-vm24_rate30_lat2node_r1,638,perf_20261005-090518_clu_vm14-vm24_rate30_lat2node_r1,2,68,1791191157201,0,1791191157206.716,141.674,5.095,1791191157353.669,Normal,0.932
vm2,136178,20261005-090518_clu_vm14-vm24_rate30_lat2node_r1,648,perf_20261005-090518_clu_vm14-vm24_rate30_lat2node_r1,2,69,1791191157535,0,1791191157540.299,87.902,5.542,1791191157633.924,Normal,0.9608
vm2,136178,20261005-090518_clu_vm14-vm24_rate30_lat2node_r1,655,perf_20261005-090518_clu_vm14-vm24_rate30_lat2node_r1,2,70,1791191157768,0,1791191157774.351,75.706,5.713,1791191157855.953,Normal,0.8426
vm2,136178,20261005-090518_clu_vm14-vm24_rate30_lat2node_r1,659,perf_20261005-090518_clu_vm14-vm24_rate30_lat2node_r1,2,71,1791191157901,0,1791191157906.854,86.693,4.388,1791191157998.12,Normal,0.9521
vm2,136178,20261005-090518_clu_vm14-vm24_rate30_lat2node_r1,661,perf_20261005-090518_clu_vm14-vm24_rate30_lat2node_r1,2,72,1791191157968,0,1791191158001.073,71.703,5.649,1791191158078.602,Normal,0.9544
vm2,136178,20261005-090518_clu_vm14-vm24_rate30_lat2node_r1,666,perf_20261005-090518_clu_vm14-vm24_rate30_lat2node_r1,2,73,1791191158135,0,1791191158141.115,78.284,4.891,1791191158224.472,Normal,0.9423
vm2,136178,20261005-090518_clu_vm14-vm24_rate30_lat2node_r1,674,perf_20261005-090518_clu_vm14-vm24_rate30_lat2node_r1,2,74,1791191158401,0,1791191158406.791,113.624,5.596,1791191158526.216,Normal,0.965
vm2,136178,20261005-090518_clu_vm14-vm24_rate30_lat2node_r1,682,perf_20261005-090518_clu_vm14-vm24_rate30_lat2node_r1,2,75,1791191158668,0,1791191158672.808,80.318,6.076,1791191158759.455,Normal,0.8661
vm2,136178,20261005-090518_clu_vm14-vm24_rate30_lat2node_r1,687,perf_20261005-090518_clu_vm14-vm24_rate30_lat2node_r1,2,76,1791191158835,0,1791191158839.927,65.439,4.746,1791191158910.301,Normal,0.8661
vm2,136178,20261005-090518_clu_vm14-vm24_rate30_lat2node_r1,701,perf_20261005-090518_clu_vm14-vm24_rate30_lat2node_r1,2,77,1791191159301,0,1791191159306.835,63.504,5.195,1791191159375.719,Normal,0.9504
vm2,136178,20261005-090518_clu_vm14-vm24_rate30_lat2node_r1,703,perf_20261005-090518_clu_vm14-vm24_rate30_lat2node_r1,2,78,1791191159368,0,1791191159378.976,55.944,4.938,1791191159440.044,Normal,0.9475
vm2,136178,20261005-090518_clu_vm14-vm24_rate30_lat2node_r1,719,perf_20261005-090518_clu_vm14-vm24_rate30_lat2node_r1,2,79,1791191159901,0,1791191159907.489,57.862,5.273,1791191159970.836,Normal,0.9364
vm2,136178,20261005-090518_clu_vm14-vm24_rate30_lat2node_r1,724,perf_20261005-090518_clu_vm14-vm24_rate30_lat2node_r1,2,80,1791191160068,0,1791191160074.225,186.408,5.293,1791191160266.134,Normal,0.9772
vm2,136178,20261005-090518_clu_vm14-vm24_rate30_lat2node_r1,725,perf_20261005-090518_clu_vm14-vm24_rate30_lat2node_r1,2,81,1791191160101,0,1791191160269.025,66.483,6.261,1791191160341.962,Normal,0.9369
vm2,136178,20261005-090518_clu_vm14-vm24_rate30_lat2node_r1,747,perf_20261005-090518_clu_vm14-vm24_rate30_lat2node_r1,2,82,1791191160835,0,1791191160840.184,142.943,5.338,1791191160988.653,Normal,0.9704
vm2,136178,20261005-090518_clu_vm14-vm24_rate30_lat2node_r1,762,perf_20261005-090518_clu_vm14-vm24_rate30_lat2node_r1,2,83,1791191161335,0,1791191161340.64,79.365,6.037,1791191161426.309,Normal,0.9375
vm2,136178,20261005-090518_clu_vm14-vm24_rate30_lat2node_r1,803,perf_20261005-090518_clu_vm14-vm24_rate30_lat2node_r1,2,84,1791191162701,0,1791191162707.268,107.708,6.88,1791191162822.044,Normal,0.9485
vm2,136178,20261005-090518_clu_vm14-vm24_rate30_lat2node_r1,807,perf_20261005-090518_clu_vm14-vm24_rate30_lat2node_r1,2,85,1791191162835,0,1791191162840.364,114.669,5.607,1791191162960.82,Normal,0.9427
vm2,136178,20261005-090518_clu_vm14-vm24_rate30_lat2node_r1,812,perf_20261005-090518_clu_vm14-vm24_rate30_lat2node_r1,2,86,1791191163002,0,1791191163007.553,139.214,16.293,1791191163163.245,Normal,0.94
vm2,136178,20261005-090518_clu_vm14-vm24_rate30_lat2node_r1,823,perf_20261005-090518_clu_vm14-vm24_rate30_lat2node_r1,2,87,1791191163368,0,1791191163374.135,78.893,5.569,1791191163458.899,Normal,0.9475
vm2,136178,20261005-090518_clu_vm14-vm24_rate30_lat2node_r1,830,perf_20261005-090518_clu_vm14-vm24_rate30_lat2node_r1,2,88,1791191163601,0,1791191163607.315,81.292,5.668,1791191163694.464,Normal,0.9513
vm2,136178,20261005-090518_clu_vm14-vm24_rate30_lat2node_r1,833,perf_20261005-090518_clu_vm14-vm24_rate30_lat2node_r1,2,89,1791191163703,0,1791191163707.945,90.943,5.146,1791191163804.209,Normal,0.9718
vm2,136178,20261005-090518_clu_vm14-vm24_rate30_lat2node_r1,839,perf_20261005-090518_clu_vm14-vm24_rate30_lat2node_r1,2,90,1791191163902,0,1791191163907.141,79.631,5.021,1791191163991.975,Normal,0.9119
vm2,136178,20261005-090518_clu_vm14-vm24_rate30_lat2node_r1,840,perf_20261005-090518_clu_vm14-vm24_rate30_lat2node_r1,2,91,1791191163935,0,1791191163995.12,111.276,5.768,1791191164112.343,Normal,0.9144
vm2,136178,20261005-090518_clu_vm14-vm24_rate30_lat2node_r1,842,perf_20261005-090518_clu_vm14-vm24_rate30_lat2node_r1,2,92,1791191164002,0,1791191164115.578,75.67,5.357,1791191164196.779,Normal,0.9313
vm2,136178,20261005-090518_clu_vm14-vm24_rate30_lat2node_r1,847,perf_20261005-090518_clu_vm14-vm24_rate30_lat2node_r1,2,93,1791191164168,0,1791191164199.925,66.724,5.317,1791191164272.131,Normal,0.8808
vm2,136178,20261005-090518_clu_vm14-vm24_rate30_lat2node_r1,848,perf_20261005-090518_clu_vm14-vm24_rate30_lat2node_r1,2,94,1791191164201,0,1791191164275.289,101.395,5.118,1791191164381.981,Normal,0.9009
vm2,136178,20261005-090518_clu_vm14-vm24_rate30_lat2node_r1,882,perf_20261005-090518_clu_vm14-vm24_rate30_lat2node_r1,2,95,1791191165335,0,1791191165340.067,86.829,6.305,1791191165433.394,Normal,0.946
vm2,136178,20261005-090518_clu_vm14-vm24_rate30_lat2node_r1,894,perf_20261005-090518_clu_vm14-vm24_rate30_lat2node_r1,2,96,1791191165734,0,1791191165740.327,83.574,6.198,1791191165830.292,Normal,0.7975
vm2,136178,20261005-090518_clu_vm14-vm24_rate30_lat2node_r1,897,perf_20261005-090518_clu_vm14-vm24_rate30_lat2node_r1,2,97,1791191165835,0,1791191165839.278,52.849,4.4,1791191165896.73,Normal,0.939
vm2,136178,20261005-090518_clu_vm14-vm24_rate30_lat2node_r1,912,perf_20261005-090518_clu_vm14-vm24_rate30_lat2node_r1,2,98,1791191166335,0,1791191166340.574,93.582,7.734,1791191166442.104,Normal,0.9126
vm2,136178,20261005-090518_clu_vm14-vm24_rate30_lat2node_r1,913,perf_20261005-090518_clu_vm14-vm24_rate30_lat2node_r1,2,99,1791191166368,0,1791191166444.931,66.315,5.332,1791191166516.77,Normal,0.9618
vm2,136178,20261005-090518_clu_vm14-vm24_rate30_lat2node_r1,914,perf_20261005-090518_clu_vm14-vm24_rate30_lat2node_r1,2,100,1791191166402,0,1791191166517.017,56.051,5.32,1791191166578.66,Normal,0.9514
vm2,136178,20261005-090518_clu_vm14-vm24_rate30_lat2node_r1,939,perf_20261005-090518_clu_vm14-vm24_rate30_lat2node_r1,2,101,1791191167236,0,1791191167241.64,72.562,5.836,1791191167320.232,Normal,0.9375
vm2,136178,20261005-090518_clu_vm14-vm24_rate30_lat2node_r1,950,perf_20261005-090518_clu_vm14-vm24_rate30_lat2node_r1,2,102,1791191167601,0,1791191167605.923,65.564,5.399,1791191167677.09,Normal,0.9541
vm2,136178,20261005-090518_clu_vm14-vm24_rate30_lat2node_r1,960,perf_20261005-090518_clu_vm14-vm24_rate30_lat2node_r1,2,103,1791191167935,0,1791191167941.575,65.455,6.758,1791191168013.98,Normal,0.8412
vm2,136178,20261005-090518_clu_vm14-vm24_rate30_lat2node_r1,965,perf_20261005-090518_clu_vm14-vm24_rate30_lat2node_r1,2,104,1791191168101,0,1791191168106.246,67.584,4.345,1791191168178.35,Normal,0.9563
vm2,136178,20261005-090518_clu_vm14-vm24_rate30_lat2node_r1,979,perf_20261005-090518_clu_vm14-vm24_rate30_lat2node_r1,2,105,1791191168570,0,1791191168573.604,64.313,3.639,1791191168641.741,Normal,0.9626
vm2,136178,20261005-090518_clu_vm14-vm24_rate30_lat2node_r1,997,perf_20261005-090518_clu_vm14-vm24_rate30_lat2node_r1,2,106,1791191169168,0,1791191169172.404,72.895,4.919,1791191169250.417,Normal,0.9554
vm2,136178,20261005-090518_clu_vm14-vm24_rate30_lat2node_r1,1013,perf_20261005-090518_clu_vm14-vm24_rate30_lat2node_r1,2,107,1791191169701,0,1791191169706.832,70.511,5.156,1791191169782.693,Normal,0.9531
vm2,136178,20261005-090518_clu_vm14-vm24_rate30_lat2node_r1,1022,perf_20261005-090518_clu_vm14-vm24_rate30_lat2node_r1,2,108,1791191170001,0,1791191170006.069,57.324,4.768,1791191170068.358,Normal,0.8738
vm2,136178,20261005-090518_clu_vm14-vm24_rate30_lat2node_r1,1030,perf_20261005-090518_clu_vm14-vm24_rate30_lat2node_r1,2,109,1791191170268,0,1791191170272.877,72.914,5.215,1791191170351.195,Normal,0.9665
vm2,136178,20261005-090518_clu_vm14-vm24_rate30_lat2node_r1,1037,perf_20261005-090518_clu_vm14-vm24_rate30_lat2node_r1,2,110,1791191170502,0,1791191170507.345,77.171,6.182,1791191170590.89,Normal,0.9658
vm2,136178,20261005-090518_clu_vm14-vm24_rate30_lat2node_r1,1041,perf_20261005-090518_clu_vm14-vm24_rate30_lat2node_r1,2,111,1791191170635,0,1791191170639.678,77.163,5.485,1791191170722.519,Normal,0.9584
vm2,136178,20261005-090518_clu_vm14-vm24_rate30_lat2node_r1,1048,perf_20261005-090518_clu_vm14-vm24_rate30_lat2node_r1,2,112,1791191170868,0,1791191170873.913,73.726,6.103,1791191170953.949,Normal,0.9627
vm2,136178,20261005-090518_clu_vm14-vm24_rate30_lat2node_r1,1057,perf_20261005-090518_clu_vm14-vm24_rate30_lat2node_r1,2,113,1791191171168,0,1791191171173.875,151.839,4.913,1791191171330.826,Normal,0.9466
vm2,136178,20261005-090518_clu_vm14-vm24_rate30_lat2node_r1,1065,perf_20261005-090518_clu_vm14-vm24_rate30_lat2node_r1,2,114,1791191171434,0,1791191171440.442,97.173,4.968,1791191171542.774,Normal,0.9084
vm2,136178,20261005-090518_clu_vm14-vm24_rate30_lat2node_r1,1067,perf_20261005-090518_clu_vm14-vm24_rate30_lat2node_r1,2,115,1791191171501,0,1791191171545.918,154.248,5.425,1791191171705.77,Normal,0.9724
vm2,136178,20261005-090518_clu_vm14-vm24_rate30_lat2node_r1,1070,perf_20261005-090518_clu_vm14-vm24_rate30_lat2node_r1,2,116,1791191171601,0,1791191171709.792,70.49,4.997,1791191171785.454,Normal,0.9728
vm2,136178,20261005-090518_clu_vm14-vm24_rate30_lat2node_r1,1071,perf_20261005-090518_clu_vm14-vm24_rate30_lat2node_r1,2,117,1791191171635,0,1791191171785.678,83.438,6.356,1791191171875.738,Normal,0.881
vm2,136178,20261005-090518_clu_vm14-vm24_rate30_lat2node_r1,1073,perf_20261005-090518_clu_vm14-vm24_rate30_lat2node_r1,2,118,1791191171702,0,1791191171875.995,74.843,5.631,1791191171956.646,Normal,0.9375
vm2,136178,20261005-090518_clu_vm14-vm24_rate30_lat2node_r1,1083,perf_20261005-090518_clu_vm14-vm24_rate30_lat2node_r1,2,119,1791191172035,0,1791191172040.351,84.586,6.233,1791191172131.349,Normal,0.9575
vm2,136178,20261005-090518_clu_vm14-vm24_rate30_lat2node_r1,1088,perf_20261005-090518_clu_vm14-vm24_rate30_lat2node_r1,2,120,1791191172201,0,1791191172206.354,104.923,5.579,1791191172317.042,Normal,0.9424
vm2,136178,20261005-090518_clu_vm14-vm24_rate30_lat2node_r1,1099,perf_20261005-090518_clu_vm14-vm24_rate30_lat2node_r1,2,121,1791191172568,0,1791191172574.79,124.795,6.59,1791191172706.364,Normal,0.9351
vm2,136178,20261005-090518_clu_vm14-vm24_rate30_lat2node_r1,1109,perf_20261005-090518_clu_vm14-vm24_rate30_lat2node_r1,2,122,1791191172901,0,1791191172907.15,94.219,5.139,1791191173006.69,Normal,0.9257
vm2,136178,20261005-090518_clu_vm14-vm24_rate30_lat2node_r1,1119,perf_20261005-090518_clu_vm14-vm24_rate30_lat2node_r1,2,123,1791191173235,0,1791191173240.661,81.753,5.292,1791191173327.884,Normal,0.9721
vm2,136178,20261005-090518_clu_vm14-vm24_rate30_lat2node_r1,1120,perf_20261005-090518_clu_vm14-vm24_rate30_lat2node_r1,2,124,1791191173268,0,1791191173330.797,70.97,4.977,1791191173406.919,Normal,0.9608
vm2,136178,20261005-090518_clu_vm14-vm24_rate30_lat2node_r1,1123,perf_20261005-090518_clu_vm14-vm24_rate30_lat2node_r1,2,125,1791191173368,0,1791191173409.882,73.771,5.53,1791191173489.357,Normal,0.957
vm2,136178,20261005-090518_clu_vm14-vm24_rate30_lat2node_r1,1128,perf_20261005-090518_clu_vm14-vm24_rate30_lat2node_r1,2,126,1791191173535,0,1791191173539.889,144.273,5.461,1791191173689.806,Normal,0.968
vm2,136178,20261005-090518_clu_vm14-vm24_rate30_lat2node_r1,1132,perf_20261005-090518_clu_vm14-vm24_rate30_lat2node_r1,2,127,1791191173668,0,1791191173692.585,75.157,5.592,1791191173773.512,Normal,0.9555
vm2,136178,20261005-090518_clu_vm14-vm24_rate30_lat2node_r1,1134,perf_20261005-090518_clu_vm14-vm24_rate30_lat2node_r1,2,128,1791191173735,0,1791191173776.385,79.455,4.841,1791191173860.855,Normal,0.9473
vm2,136178,20261005-090518_clu_vm14-vm24_rate30_lat2node_r1,1136,perf_20261005-090518_clu_vm14-vm24_rate30_lat2node_r1,2,129,1791191173801,0,1791191173863.75,64.811,5.619,1791191173934.356,Normal,0.9561
vm2,136178,20261005-090518_clu_vm14-vm24_rate30_lat2node_r1,1137,perf_20261005-090518_clu_vm14-vm24_rate30_lat2node_r1,2,130,1791191173835,0,1791191173934.582,71.055,13.412,1791191174019.216,Normal,0.9473
vm2,136178,20261005-090518_clu_vm14-vm24_rate30_lat2node_r1,1138,perf_20261005-090518_clu_vm14-vm24_rate30_lat2node_r1,2,131,1791191173868,0,1791191174022.901,76.138,4.981,1791191174104.201,Normal,0.9413
vm2,136178,20261005-090518_clu_vm14-vm24_rate30_lat2node_r1,1141,perf_20261005-090518_clu_vm14-vm24_rate30_lat2node_r1,2,132,1791191173968,0,1791191174104.456,75.46,5.705,1791191174185.799,Normal,0.9405
vm2,136178,20261005-090518_clu_vm14-vm24_rate30_lat2node_r1,1159,perf_20261005-090518_clu_vm14-vm24_rate30_lat2node_r1,2,133,1791191174568,0,1791191174573.515,81.644,4.969,1791191174660.324,Normal,0.9627
vm2,136178,20261005-090518_clu_vm14-vm24_rate30_lat2node_r1,1184,perf_20261005-090518_clu_vm14-vm24_rate30_lat2node_r1,2,134,1791191175401,0,1791191175407.206,77.485,5.342,1791191175490.231,Normal,0.9507
vm2,136178,20261005-090518_clu_vm14-vm24_rate30_lat2node_r1,1222,perf_20261005-090518_clu_vm14-vm24_rate30_lat2node_r1,2,135,1791191176668,0,1791191176672.777,74.883,6.17,1791191176754.034,Normal,0.932
vm2,136178,20261005-090518_clu_vm14-vm24_rate30_lat2node_r1,1237,perf_20261005-090518_clu_vm14-vm24_rate30_lat2node_r1,2,136,1791191177168,0,1791191177173.511,87.069,4.948,1791191177265.741,Normal,0.9761
vm2,136178,20261005-090518_clu_vm14-vm24_rate30_lat2node_r1,1244,perf_20261005-090518_clu_vm14-vm24_rate30_lat2node_r1,2,137,1791191177401,0,1791191177406.68,89.997,5.24,1791191177502.114,Normal,0.9604
vm2,136178,20261005-090518_clu_vm14-vm24_rate30_lat2node_r1,1248,perf_20261005-090518_clu_vm14-vm24_rate30_lat2node_r1,2,138,1791191177535,0,1791191177540.015,58.81,4.901,1791191177603.92,Normal,0.9423
vm2,136178,20261005-090518_clu_vm14-vm24_rate30_lat2node_r1,1254,perf_20261005-090518_clu_vm14-vm24_rate30_lat2node_r1,2,139,1791191177735,0,1791191177740.302,135.705,5.698,1791191177881.89,Normal,0.9677
vm2,136178,20261005-090518_clu_vm14-vm24_rate30_lat2node_r1,1266,perf_20261005-090518_clu_vm14-vm24_rate30_lat2node_r1,2,140,1791191178135,0,1791191178140.958,88.918,5.534,1791191178235.611,Normal,0.9547
vm2,136178,20261005-090518_clu_vm14-vm24_rate30_lat2node_r1,1277,perf_20261005-090518_clu_vm14-vm24_rate30_lat2node_r1,2,141,1791191178501,0,1791191178506.771,99.07,5.709,1791191178611.75,Normal,0.9497
vm2,136178,20261005-090518_clu_vm14-vm24_rate30_lat2node_r1,1278,perf_20261005-090518_clu_vm14-vm24_rate30_lat2node_r1,2,142,1791191178534,0,1791191178614.586,55.228,5.209,1791191178675.204,Normal,0.9105
vm2,136178,20261005-090518_clu_vm14-vm24_rate30_lat2node_r1,1284,perf_20261005-090518_clu_vm14-vm24_rate30_lat2node_r1,2,143,1791191178735,0,1791191178739.84,67.958,6.042,1791191178814.046,Normal,0.9008
vm2,136178,20261005-090518_clu_vm14-vm24_rate30_lat2node_r1,1286,perf_20261005-090518_clu_vm14-vm24_rate30_lat2node_r1,2,144,1791191178802,0,1791191178817.346,64.178,6.64,1791191178888.357,Normal,0.9537
vm2,136178,20261005-090518_clu_vm14-vm24_rate30_lat2node_r1,1292,perf_20261005-090518_clu_vm14-vm24_rate30_lat2node_r1,2,145,1791191179001,0,1791191179007.649,69.871,5.781,1791191179083.49,Normal,0.8965
vm2,136178,20261005-090518_clu_vm14-vm24_rate30_lat2node_r1,1297,perf_20261005-090518_clu_vm14-vm24_rate30_lat2node_r1,2,146,1791191179168,0,1791191179174.244,121.678,7.147,1791191179303.275,Normal,0.9775
vm2,136178,20261005-090518_clu_vm14-vm24_rate30_lat2node_r1,1307,perf_20261005-090518_clu_vm14-vm24_rate30_lat2node_r1,2,147,1791191179503,0,1791191179509.349,56.073,6.934,1791191179572.554,Normal,0.9375
vm2,136178,20261005-090518_clu_vm14-vm24_rate30_lat2node_r1,1308,perf_20261005-090518_clu_vm14-vm24_rate30_lat2node_r1,2,148,1791191179538,0,1791191179575.085,152.798,4.744,1791191179732.81,Normal,0.7337
vm2,136178,20261005-090518_clu_vm14-vm24_rate30_lat2node_r1,1323,perf_20261005-090518_clu_vm14-vm24_rate30_lat2node_r1,2,149,1791191180035,0,1791191180040.689,80.337,4.612,1791191180125.929,Normal,0.9394
vm2,136178,20261005-090518_clu_vm14-vm24_rate30_lat2node_r1,1355,perf_20261005-090518_clu_vm14-vm24_rate30_lat2node_r1,2,150,1791191181101,0,1791191181106.814,175.086,5.505,1791191181287.594,Normal,0.9675
vm2,136178,20261005-090518_clu_vm14-vm24_rate30_lat2node_r1,1385,perf_20261005-090518_clu_vm14-vm24_rate30_lat2node_r1,2,151,1791191182101,0,1791191182107.233,75.48,5.409,1791191182188.341,Normal,0.9694
vm2,136178,20261005-090518_clu_vm14-vm24_rate30_lat2node_r1,1396,perf_20261005-090518_clu_vm14-vm24_rate30_lat2node_r1,2,152,1791191182468,0,1791191182473.356,65.047,5.201,1791191182543.797,Normal,0.9556
vm2,136178,20261005-090518_clu_vm14-vm24_rate30_lat2node_r1,1422,perf_20261005-090518_clu_vm14-vm24_rate30_lat2node_r1,2,153,1791191183335,0,1791191183340.062,79.9,5.179,1791191183425.326,Normal,0.9597
vm2,136178,20261005-090518_clu_vm14-vm24_rate30_lat2node_r1,1430,perf_20261005-090518_clu_vm14-vm24_rate30_lat2node_r1,2,154,1791191183602,0,1791191183607.317,74.944,5.322,1791191183687.766,Normal,0.9375
vm2,136178,20261005-090518_clu_vm14-vm24_rate30_lat2node_r1,1454,perf_20261005-090518_clu_vm14-vm24_rate30_lat2node_r1,2,155,1791191184401,0,1791191184406.953,85.195,5.312,1791191184497.656,Normal,0.9577
vm2,136178,20261005-090518_clu_vm14-vm24_rate30_lat2node_r1,1471,perf_20261005-090518_clu_vm14-vm24_rate30_lat2node_r1,2,156,1791191184968,0,1791191184973.447,355.165,5.59,1791191185334.426,Normal,0.8268
vm2,136178,20261005-090518_clu_vm14-vm24_rate30_lat2node_r1,1473,perf_20261005-090518_clu_vm14-vm24_rate30_lat2node_r1,2,157,1791191185035,0,1791191185337.711,81.51,5.733,1791191185425.128,Normal,0.9424
vm2,136178,20261005-090518_clu_vm14-vm24_rate30_lat2node_r1,1476,perf_20261005-090518_clu_vm14-vm24_rate30_lat2node_r1,2,158,1791191185135,0,1791191185425.386,89.892,4.899,1791191185520.353,Normal,0.9678
vm2,136178,20261005-090518_clu_vm14-vm24_rate30_lat2node_r1,1487,perf_20261005-090518_clu_vm14-vm24_rate30_lat2node_r1,2,159,1791191185501,0,1791191185523.669,81.811,5.867,1791191185611.52,Normal,0.9348
vm2,136178,20261005-090518_clu_vm14-vm24_rate30_lat2node_r1,1494,perf_20261005-090518_clu_vm14-vm24_rate30_lat2node_r1,2,160,1791191185735,0,1791191185739.74,77.971,5.375,1791191185823.264,Normal,0.9649
vm2,136178,20261005-090518_clu_vm14-vm24_rate30_lat2node_r1,1497,perf_20261005-090518_clu_vm14-vm24_rate30_lat2node_r1,2,161,1791191185835,0,1791191185840.007,119.332,4.707,1791191185964.228,Normal,0.9631
vm2,136178,20261005-090518_clu_vm14-vm24_rate30_lat2node_r1,1505,perf_20261005-090518_clu_vm14-vm24_rate30_lat2node_r1,2,162,1791191186102,0,1791191186106.994,74.975,5.546,1791191186187.692,Normal,0.7958
vm2,136178,20261005-090518_clu_vm14-vm24_rate30_lat2node_r1,1506,perf_20261005-090518_clu_vm14-vm24_rate30_lat2node_r1,2,163,1791191186135,0,1791191186190.729,137.275,5.626,1791191186333.806,HATE,0.6767
vm2,136178,20261005-090518_clu_vm14-vm24_rate30_lat2node_r1,1508,perf_20261005-090518_clu_vm14-vm24_rate30_lat2node_r1,2,164,1791191186201,0,1791191186337.373,73.265,5.587,1791191186416.396,Normal,0.9173
vm2,136178,20261005-090518_clu_vm14-vm24_rate30_lat2node_r1,1512,perf_20261005-090518_clu_vm14-vm24_rate30_lat2node_r1,2,165,1791191186335,0,1791191186419.587,80.452,5.662,1791191186505.875,OFFENSIVE,0.8825
vm2,136178,20261005-090518_clu_vm14-vm24_rate30_lat2node_r1,1515,perf_20261005-090518_clu_vm14-vm24_rate30_lat2node_r1,2,166,1791191186435,0,1791191186508.699,97.515,4.961,1791191186611.348,Normal,0.9642
vm2,136178,20261005-090518_clu_vm14-vm24_rate30_lat2node_r1,1518,perf_20261005-090518_clu_vm14-vm24_rate30_lat2node_r1,2,167,1791191186535,0,1791191186614.662,66.092,5.273,1791191186686.203,Normal,0.9556
vm2,136178,20261005-090518_clu_vm14-vm24_rate30_lat2node_r1,1519,perf_20261005-090518_clu_vm14-vm24_rate30_lat2node_r1,2,168,1791191186568,0,1791191186686.428,77.975,5.667,1791191186770.251,Normal,0.9475
vm2,136178,20261005-090518_clu_vm14-vm24_rate30_lat2node_r1,1521,perf_20261005-090518_clu_vm14-vm24_rate30_lat2node_r1,2,169,1791191186635,0,1791191186773.858,73.058,6.289,1791191186853.385,Normal,0.9675
vm2,136178,20261005-090518_clu_vm14-vm24_rate30_lat2node_r1,1535,perf_20261005-090518_clu_vm14-vm24_rate30_lat2node_r1,2,170,1791191187101,0,1791191187107.103,132.663,5.619,1791191187245.576,Normal,0.5226
vm2,136178,20261005-090518_clu_vm14-vm24_rate30_lat2node_r1,1555,perf_20261005-090518_clu_vm14-vm24_rate30_lat2node_r1,2,171,1791191187768,0,1791191187773.585,113.944,5.248,1791191187892.962,Normal,0.9674
vm2,136178,20261005-090518_clu_vm14-vm24_rate30_lat2node_r1,1564,perf_20261005-090518_clu_vm14-vm24_rate30_lat2node_r1,2,172,1791191188068,0,1791191188073.746,120.745,14.282,1791191188208.959,Normal,0.9806
vm2,136178,20261005-090518_clu_vm14-vm24_rate30_lat2node_r1,1568,perf_20261005-090518_clu_vm14-vm24_rate30_lat2node_r1,2,173,1791191188201,0,1791191188211.858,116.804,5.591,1791191188334.432,Normal,0.9441
vm2,136178,20261005-090518_clu_vm14-vm24_rate30_lat2node_r1,1574,perf_20261005-090518_clu_vm14-vm24_rate30_lat2node_r1,2,174,1791191188401,0,1791191188406.902,77.542,6.233,1791191188490.862,Normal,0.9556
vm2,136178,20261005-090518_clu_vm14-vm24_rate30_lat2node_r1,1576,perf_20261005-090518_clu_vm14-vm24_rate30_lat2node_r1,2,175,1791191188468,0,1791191188494.058,110.485,5.794,1791191188610.511,Normal,0.9284
vm2,136178,20261005-090518_clu_vm14-vm24_rate30_lat2node_r1,1585,perf_20261005-090518_clu_vm14-vm24_rate30_lat2node_r1,2,176,1791191188768,0,1791191188773.333,80.622,5.571,1791191188859.703,Normal,0.9728
vm2,136178,20261005-090518_clu_vm14-vm24_rate30_lat2node_r1,1600,perf_20261005-090518_clu_vm14-vm24_rate30_lat2node_r1,2,177,1791191189268,0,1791191189273.031,78.83,5.157,1791191189357.2,OFFENSIVE,0.7953
vm2,136178,20261005-090518_clu_vm14-vm24_rate30_lat2node_r1,1605,perf_20261005-090518_clu_vm14-vm24_rate30_lat2node_r1,2,178,1791191189435,0,1791191189439.692,80.117,5.838,1791191189525.834,Normal,0.9512
vm2,136178,20261005-090518_clu_vm14-vm24_rate30_lat2node_r1,1615,perf_20261005-090518_clu_vm14-vm24_rate30_lat2node_r1,2,179,1791191189768,0,1791191189772.908,78.521,5.852,1791191189857.467,Normal,0.9423
vm2,136178,20261005-090518_clu_vm14-vm24_rate30_lat2node_r1,1625,perf_20261005-090518_clu_vm14-vm24_rate30_lat2node_r1,2,180,1791191190101,0,1791191190106.964,81.96,5.678,1791191190194.788,Normal,0.954
vm2,136178,20261005-090518_clu_vm14-vm24_rate30_lat2node_r1,1651,perf_20261005-090518_clu_vm14-vm24_rate30_lat2node_r1,2,181,1791191190968,0,1791191190973.612,86.489,5.951,1791191191066.25,Normal,0.9724
vm2,136178,20261005-090518_clu_vm14-vm24_rate30_lat2node_r1,1671,perf_20261005-090518_clu_vm14-vm24_rate30_lat2node_r1,2,182,1791191191635,0,1791191191639.358,82.568,5.331,1791191191727.436,Normal,0.9423
vm2,136178,20261005-090518_clu_vm14-vm24_rate30_lat2node_r1,1680,perf_20261005-090518_clu_vm14-vm24_rate30_lat2node_r1,2,183,1791191191934,0,1791191191943.836,79.42,5.211,1791191192028.683,Normal,0.8959
vm2,136178,20261005-090518_clu_vm14-vm24_rate30_lat2node_r1,1682,perf_20261005-090518_clu_vm14-vm24_rate30_lat2node_r1,2,184,1791191192001,0,1791191192031.756,76.246,4.996,1791191192113.175,Normal,0.9592
vm2,136178,20261005-090518_clu_vm14-vm24_rate30_lat2node_r1,1692,perf_20261005-090518_clu_vm14-vm24_rate30_lat2node_r1,2,185,1791191192338,0,1791191192348.834,114.856,8.421,1791191192472.313,Normal,0.9544
vm2,136178,20261005-090518_clu_vm14-vm24_rate30_lat2node_r1,1697,perf_20261005-090518_clu_vm14-vm24_rate30_lat2node_r1,2,186,1791191192501,0,1791191192506.633,82.732,5.959,1791191192595.505,Normal,0.9319
vm2,136178,20261005-090518_clu_vm14-vm24_rate30_lat2node_r1,1699,perf_20261005-090518_clu_vm14-vm24_rate30_lat2node_r1,2,187,1791191192568,0,1791191192600.101,74.251,12.17,1791191192686.701,Normal,0.9423
vm2,136178,20261005-090518_clu_vm14-vm24_rate30_lat2node_r1,1709,perf_20261005-090518_clu_vm14-vm24_rate30_lat2node_r1,2,188,1791191192901,0,1791191192905.45,74.109,6.16,1791191192985.899,Normal,0.9565
vm2,136178,20261005-090518_clu_vm14-vm24_rate30_lat2node_r1,1716,perf_20261005-090518_clu_vm14-vm24_rate30_lat2node_r1,2,189,1791191193135,0,1791191193145.043,83.527,5.177,1791191193233.931,Normal,0.9519
vm2,136178,20261005-090518_clu_vm14-vm24_rate30_lat2node_r1,1722,perf_20261005-090518_clu_vm14-vm24_rate30_lat2node_r1,2,190,1791191193334,0,1791191193342.635,91.516,4.172,1791191193438.509,Normal,0.9438
vm2,136178,20261005-090518_clu_vm14-vm24_rate30_lat2node_r1,1725,perf_20261005-090518_clu_vm14-vm24_rate30_lat2node_r1,2,191,1791191193435,0,1791191193441.104,83.64,4.241,1791191193529.166,Normal,0.9377
vm2,136178,20261005-090518_clu_vm14-vm24_rate30_lat2node_r1,1731,perf_20261005-090518_clu_vm14-vm24_rate30_lat2node_r1,2,192,1791191193635,0,1791191193639.792,92.825,5.384,1791191193738.18,Normal,0.7255
vm2,136178,20261005-090518_clu_vm14-vm24_rate30_lat2node_r1,1733,perf_20261005-090518_clu_vm14-vm24_rate30_lat2node_r1,2,193,1791191193701,0,1791191193740.988,74.239,5.424,1791191193820.83,Normal,0.9262
vm2,136178,20261005-090518_clu_vm14-vm24_rate30_lat2node_r1,1750,perf_20261005-090518_clu_vm14-vm24_rate30_lat2node_r1,2,194,1791191194269,0,1791191194276.955,87.254,4.651,1791191194369.04,Normal,0.9632
vm2,136178,20261005-090518_clu_vm14-vm24_rate30_lat2node_r1,1755,perf_20261005-090518_clu_vm14-vm24_rate30_lat2node_r1,2,195,1791191194435,0,1791191194440.14,81.259,5.62,1791191194527.2,Normal,0.9171
vm2,136178,20261005-090518_clu_vm14-vm24_rate30_lat2node_r1,1757,perf_20261005-090518_clu_vm14-vm24_rate30_lat2node_r1,2,196,1791191194501,0,1791191194530.219,70.78,5.213,1791191194606.39,Normal,0.9121
vm2,136178,20261005-090518_clu_vm14-vm24_rate30_lat2node_r1,1758,perf_20261005-090518_clu_vm14-vm24_rate30_lat2node_r1,2,197,1791191194535,0,1791191194609.725,65.271,5.386,1791191194680.549,Normal,0.9116
vm2,136178,20261005-090518_clu_vm14-vm24_rate30_lat2node_r1,1760,perf_20261005-090518_clu_vm14-vm24_rate30_lat2node_r1,2,198,1791191194601,0,1791191194680.773,75.248,5.178,1791191194761.375,Normal,0.9671
vm2,136178,20261005-090518_clu_vm14-vm24_rate30_lat2node_r1,1762,perf_20261005-090518_clu_vm14-vm24_rate30_lat2node_r1,2,199,1791191194668,0,1791191194764.305,68.212,5.931,1791191194838.624,Normal,0.9116
vm2,136178,20261005-090518_clu_vm14-vm24_rate30_lat2node_r1,1768,perf_20261005-090518_clu_vm14-vm24_rate30_lat2node_r1,2,200,1791191194868,0,1791191194873.159,72.794,4.888,1791191194951.02,Normal,0.9566
vm2,136178,20261005-090518_clu_vm14-vm24_rate30_lat2node_r1,1769,perf_20261005-090518_clu_vm14-vm24_rate30_lat2node_r1,2,201,1791191194901,0,1791191194954.153,64.107,4.956,1791191195023.388,Normal,0.7276
vm2,136178,20261005-090518_clu_vm14-vm24_rate30_lat2node_r1,1770,perf_20261005-090518_clu_vm14-vm24_rate30_lat2node_r1,2,202,1791191194935,0,1791191195023.611,90.187,5.24,1791191195119.21,Normal,0.9693
vm2,136178,20261005-090518_clu_vm14-vm24_rate30_lat2node_r1,1771,perf_20261005-090518_clu_vm14-vm24_rate30_lat2node_r1,2,203,1791191194968,0,1791191195122.349,79.967,7.235,1791191195209.723,Normal,0.368
vm2,136178,20261005-090518_clu_vm14-vm24_rate30_lat2node_r1,1779,perf_20261005-090518_clu_vm14-vm24_rate30_lat2node_r1,2,204,1791191195235,0,1791191195240.469,85.059,4.129,1791191195329.838,Normal,0.9685
vm2,136178,20261005-090518_clu_vm14-vm24_rate30_lat2node_r1,1804,perf_20261005-090518_clu_vm14-vm24_rate30_lat2node_r1,2,205,1791191196068,0,1791191196074.038,73.519,4.237,1791191196151.983,Normal,0.8519
vm2,136178,20261005-090518_clu_vm14-vm24_rate30_lat2node_r1,1812,perf_20261005-090518_clu_vm14-vm24_rate30_lat2node_r1,2,206,1791191196335,0,1791191196340.503,102.726,8.779,1791191196452.192,Normal,0.9681
vm2,136178,20261005-090518_clu_vm14-vm24_rate30_lat2node_r1,1817,perf_20261005-090518_clu_vm14-vm24_rate30_lat2node_r1,2,207,1791191196501,0,1791191196506.147,82.847,5.369,1791191196594.539,Normal,0.7166
vm2,136178,20261005-090518_clu_vm14-vm24_rate30_lat2node_r1,1818,perf_20261005-090518_clu_vm14-vm24_rate30_lat2node_r1,2,208,1791191196534,0,1791191196599.455,57.908,6.035,1791191196663.591,Normal,0.9449
vm2,136178,20261005-090518_clu_vm14-vm24_rate30_lat2node_r1,1820,perf_20261005-090518_clu_vm14-vm24_rate30_lat2node_r1,2,209,1791191196601,0,1791191196666.5,65.892,5.272,1791191196737.849,Normal,0.9531
vm2,136178,20261005-090518_clu_vm14-vm24_rate30_lat2node_r1,1822,perf_20261005-090518_clu_vm14-vm24_rate30_lat2node_r1,2,210,1791191196668,0,1791191196740.531,68.283,6.107,1791191196815.11,Normal,0.9402
vm2,136178,20261005-090518_clu_vm14-vm24_rate30_lat2node_r1,1830,perf_20261005-090518_clu_vm14-vm24_rate30_lat2node_r1,2,211,1791191196935,0,1791191196940.257,68.395,5.092,1791191197013.918,Normal,0.9713
vm2,136178,20261005-090518_clu_vm14-vm24_rate30_lat2node_r1,1834,perf_20261005-090518_clu_vm14-vm24_rate30_lat2node_r1,2,212,1791191197068,0,1791191197074.097,76.387,5.795,1791191197156.486,Normal,0.9464
vm2,136178,20261005-090518_clu_vm14-vm24_rate30_lat2node_r1,1842,perf_20261005-090518_clu_vm14-vm24_rate30_lat2node_r1,2,213,1791191197335,0,1791191197340.612,58.593,5.156,1791191197404.549,Normal,0.9645
vm2,136178,20261005-090518_clu_vm14-vm24_rate30_lat2node_r1,1848,perf_20261005-090518_clu_vm14-vm24_rate30_lat2node_r1,2,214,1791191197534,0,1791191197539.78,70.582,5.522,1791191197616.093,Normal,0.9556
vm2,136178,20261005-090518_clu_vm14-vm24_rate30_lat2node_r1,1850,perf_20261005-090518_clu_vm14-vm24_rate30_lat2node_r1,2,215,1791191197601,0,1791191197619.615,82.824,5.378,1791191197708.015,Normal,0.9192
vm2,136178,20261005-090518_clu_vm14-vm24_rate30_lat2node_r1,1856,perf_20261005-090518_clu_vm14-vm24_rate30_lat2node_r1,2,216,1791191197801,0,1791191197807.194,124.194,5.068,1791191197936.657,Normal,0.8644
vm2,136178,20261005-090518_clu_vm14-vm24_rate30_lat2node_r1,1858,perf_20261005-090518_clu_vm14-vm24_rate30_lat2node_r1,2,217,1791191197868,0,1791191197939.976,94.935,6.417,1791191198041.525,Normal,0.9756
vm2,136178,20261005-090518_clu_vm14-vm24_rate30_lat2node_r1,1862,perf_20261005-090518_clu_vm14-vm24_rate30_lat2node_r1,2,218,1791191198001,0,1791191198045.106,122.211,4.857,1791191198172.363,Normal,0.9585
vm2,136178,20261005-090518_clu_vm14-vm24_rate30_lat2node_r1,1866,perf_20261005-090518_clu_vm14-vm24_rate30_lat2node_r1,2,219,1791191198135,0,1791191198175.231,54.257,13.93,1791191198243.597,Normal,0.9536
vm2,136178,20261005-090518_clu_vm14-vm24_rate30_lat2node_r1,1869,perf_20261005-090518_clu_vm14-vm24_rate30_lat2node_r1,2,220,1791191198235,0,1791191198246.457,77.134,6.108,1791191198329.892,Normal,0.9733
vm2,136178,20261005-090518_clu_vm14-vm24_rate30_lat2node_r1,1872,perf_20261005-090518_clu_vm14-vm24_rate30_lat2node_r1,2,221,1791191198335,0,1791191198339.159,62.454,6.888,1791191198408.697,Normal,0.903
vm2,136178,20261005-090518_clu_vm14-vm24_rate30_lat2node_r1,1882,perf_20261005-090518_clu_vm14-vm24_rate30_lat2node_r1,2,222,1791191198668,0,1791191198673.892,124.641,4.413,1791191198803.134,Normal,0.9677
vm2,136178,20261005-090518_clu_vm14-vm24_rate30_lat2node_r1,1911,perf_20261005-090518_clu_vm14-vm24_rate30_lat2node_r1,2,223,1791191199635,0,1791191199640.76,87.799,5.579,1791191199734.318,Normal,0.9208
vm2,136178,20261005-090518_clu_vm14-vm24_rate30_lat2node_r1,1919,perf_20261005-090518_clu_vm14-vm24_rate30_lat2node_r1,2,224,1791191199901,0,1791191199906.534,76.066,5.762,1791191199988.534,Normal,0.9546
vm2,136178,20261005-090518_clu_vm14-vm24_rate30_lat2node_r1,1943,perf_20261005-090518_clu_vm14-vm24_rate30_lat2node_r1,2,225,1791191200701,0,1791191200706.652,74.299,4.895,1791191200786.022,Normal,0.9515
vm2,136178,20261005-090518_clu_vm14-vm24_rate30_lat2node_r1,1944,perf_20261005-090518_clu_vm14-vm24_rate30_lat2node_r1,2,226,1791191200734,0,1791191200788.828,77.935,5.908,1791191200872.843,Normal,0.9604
vm2,136178,20261005-090518_clu_vm14-vm24_rate30_lat2node_r1,1953,perf_20261005-090518_clu_vm14-vm24_rate30_lat2node_r1,2,227,1791191201034,0,1791191201039.798,109.809,5.477,1791191201155.28,Normal,0.849
vm2,136178,20261005-090518_clu_vm14-vm24_rate30_lat2node_r1,1964,perf_20261005-090518_clu_vm14-vm24_rate30_lat2node_r1,2,228,1791191201401,0,1791191201406.883,104.337,5.197,1791191201516.609,Normal,0.9565
vm2,136178,20261005-090518_clu_vm14-vm24_rate30_lat2node_r1,1986,perf_20261005-090518_clu_vm14-vm24_rate30_lat2node_r1,2,229,1791191202135,0,1791191202140.362,99.697,5.901,1791191202246.146,Normal,0.8788
vm2,136178,20261005-090518_clu_vm14-vm24_rate30_lat2node_r1,1996,perf_20261005-090518_clu_vm14-vm24_rate30_lat2node_r1,2,230,1791191202468,0,1791191202473.32,79.366,5.461,1791191202558.331,Normal,0.9635
vm2,136178,20261005-090518_clu_vm14-vm24_rate30_lat2node_r1,2010,perf_20261005-090518_clu_vm14-vm24_rate30_lat2node_r1,2,231,1791191202934,0,1791191202939.401,78.887,5.154,1791191203023.621,Normal,0.9452
vm2,136178,20261005-090518_clu_vm14-vm24_rate30_lat2node_r1,2046,perf_20261005-090518_clu_vm14-vm24_rate30_lat2node_r1,2,232,1791191204134,0,1791191204138.921,75.678,8.428,1791191204223.238,Normal,0.9267
vm2,136178,20261005-090518_clu_vm14-vm24_rate30_lat2node_r1,2061,perf_20261005-090518_clu_vm14-vm24_rate30_lat2node_r1,2,233,1791191204635,0,1791191204644.407,72.628,4.979,1791191204722.301,Normal,0.9105
vm2,136178,20261005-090518_clu_vm14-vm24_rate30_lat2node_r1,2077,perf_20261005-090518_clu_vm14-vm24_rate30_lat2node_r1,2,234,1791191205168,0,1791191205172.348,55.414,5.106,1791191205233.057,Normal,0.936
vm2,136178,20261005-090518_clu_vm14-vm24_rate30_lat2node_r1,2081,perf_20261005-090518_clu_vm14-vm24_rate30_lat2node_r1,2,235,1791191205301,0,1791191205307.096,59.922,4.746,1791191205371.958,Normal,0.9498
vm2,136178,20261005-090518_clu_vm14-vm24_rate30_lat2node_r1,2090,perf_20261005-090518_clu_vm14-vm24_rate30_lat2node_r1,2,236,1791191205601,0,1791191205606.792,61.584,4.471,1791191205673.031,OFFENSIVE,0.724
vm2,136178,20261005-090518_clu_vm14-vm24_rate30_lat2node_r1,2091,perf_20261005-090518_clu_vm14-vm24_rate30_lat2node_r1,2,237,1791191205635,0,1791191205675.65,59.41,4.261,1791191205739.508,Normal,0.9661
vm2,136178,20261005-090518_clu_vm14-vm24_rate30_lat2node_r1,2096,perf_20261005-090518_clu_vm14-vm24_rate30_lat2node_r1,2,238,1791191205801,0,1791191205805.794,61.909,4.684,1791191205872.571,Normal,0.9285
vm2,136178,20261005-090518_clu_vm14-vm24_rate30_lat2node_r1,2097,perf_20261005-090518_clu_vm14-vm24_rate30_lat2node_r1,2,239,1791191205835,0,1791191205875.028,57.958,8.606,1791191205941.763,Normal,0.966
vm2,136178,20261005-090518_clu_vm14-vm24_rate30_lat2node_r1,2111,perf_20261005-090518_clu_vm14-vm24_rate30_lat2node_r1,2,240,1791191206301,0,1791191206306.819,69.666,6.248,1791191206382.924,Normal,0.963
vm2,136178,20261005-090518_clu_vm14-vm24_rate30_lat2node_r1,2116,perf_20261005-090518_clu_vm14-vm24_rate30_lat2node_r1,2,241,1791191206468,0,1791191206474.179,90.065,5.856,1791191206570.307,Normal,0.9658
vm2,136178,20261005-090518_clu_vm14-vm24_rate30_lat2node_r1,2141,perf_20261005-090518_clu_vm14-vm24_rate30_lat2node_r1,2,242,1791191207301,0,1791191207307.428,81.933,4.974,1791191207394.537,Normal,0.9682
vm2,136178,20261005-090518_clu_vm14-vm24_rate30_lat2node_r1,2155,perf_20261005-090518_clu_vm14-vm24_rate30_lat2node_r1,2,243,1791191207768,0,1791191207773.039,74.86,5.772,1791191207853.877,Normal,0.9692
vm2,136178,20261005-090518_clu_vm14-vm24_rate30_lat2node_r1,2160,perf_20261005-090518_clu_vm14-vm24_rate30_lat2node_r1,2,244,1791191207935,0,1791191207940.109,97.182,5.092,1791191208042.572,Normal,0.9521
vm2,136178,20261005-090518_clu_vm14-vm24_rate30_lat2node_r1,2161,perf_20261005-090518_clu_vm14-vm24_rate30_lat2node_r1,2,245,1791191207968,0,1791191208045.7,65.969,6.117,1791191208117.985,Normal,0.943
vm2,136178,20261005-090518_clu_vm14-vm24_rate30_lat2node_r1,2162,perf_20261005-090518_clu_vm14-vm24_rate30_lat2node_r1,2,246,1791191208001,0,1791191208118.336,66.553,4.976,1791191208190.048,Normal,0.9516
vm2,136178,20261005-090518_clu_vm14-vm24_rate30_lat2node_r1,2183,perf_20261005-090518_clu_vm14-vm24_rate30_lat2node_r1,2,247,1791191208701,0,1791191208705.997,70.317,5.443,1791191208781.945,Normal,0.7715
vm2,136178,20261005-090518_clu_vm14-vm24_rate30_lat2node_r1,2205,perf_20261005-090518_clu_vm14-vm24_rate30_lat2node_r1,2,248,1791191209435,0,1791191209440.407,71.134,5.329,1791191209517.075,Normal,0.8885
vm2,136178,20261005-090518_clu_vm14-vm24_rate30_lat2node_r1,2210,perf_20261005-090518_clu_vm14-vm24_rate30_lat2node_r1,2,249,1791191209601,0,1791191209606.431,56.31,3.764,1791191209666.687,Normal,0.9375
vm2,136178,20261005-090518_clu_vm14-vm24_rate30_lat2node_r1,2211,perf_20261005-090518_clu_vm14-vm24_rate30_lat2node_r1,2,250,1791191209635,0,1791191209669.101,52.587,5.485,1791191209727.352,Normal,0.9309
vm2,136178,20261005-090518_clu_vm14-vm24_rate30_lat2node_r1,2213,perf_20261005-090518_clu_vm14-vm24_rate30_lat2node_r1,2,251,1791191209701,0,1791191209730.075,53.226,5.198,1791191209788.682,Normal,0.9375
vm2,136178,20261005-090518_clu_vm14-vm24_rate30_lat2node_r1,2217,perf_20261005-090518_clu_vm14-vm24_rate30_lat2node_r1,2,252,1791191209835,0,1791191209839.521,77.447,5.517,1791191209922.682,Normal,0.9608
vm2,136178,20261005-090518_clu_vm14-vm24_rate30_lat2node_r1,2219,perf_20261005-090518_clu_vm14-vm24_rate30_lat2node_r1,2,253,1791191209902,0,1791191209926.388,56.195,5.363,1791191209988.132,Normal,0.7799
vm2,136178,20261005-090518_clu_vm14-vm24_rate30_lat2node_r1,2221,perf_20261005-090518_clu_vm14-vm24_rate30_lat2node_r1,2,254,1791191209968,0,1791191209991.046,67.405,5.885,1791191210064.535,Normal,0.958
vm2,136178,20261005-090518_clu_vm14-vm24_rate30_lat2node_r1,2225,perf_20261005-090518_clu_vm14-vm24_rate30_lat2node_r1,2,255,1791191210101,0,1791191210106.416,60.958,10.597,1791191210178.164,Normal,0.9243
vm2,136178,20261005-090518_clu_vm14-vm24_rate30_lat2node_r1,2227,perf_20261005-090518_clu_vm14-vm24_rate30_lat2node_r1,2,256,1791191210168,0,1791191210181.126,88.687,5.643,1791191210275.641,Normal,0.9618
vm2,136178,20261005-090518_clu_vm14-vm24_rate30_lat2node_r1,2229,perf_20261005-090518_clu_vm14-vm24_rate30_lat2node_r1,2,257,1791191210235,0,1791191210278.518,59.801,5.034,1791191210343.537,Normal,0.9728
vm2,136178,20261005-090518_clu_vm14-vm24_rate30_lat2node_r1,2237,perf_20261005-090518_clu_vm14-vm24_rate30_lat2node_r1,2,258,1791191210501,0,1791191210506.459,61.688,5.909,1791191210574.253,Normal,0.892
vm2,136178,20261005-090518_clu_vm14-vm24_rate30_lat2node_r1,2251,perf_20261005-090518_clu_vm14-vm24_rate30_lat2node_r1,2,259,1791191210968,0,1791191210974.318,63.743,5.438,1791191211043.679,Normal,0.6873
vm2,136178,20261005-090518_clu_vm14-vm24_rate30_lat2node_r1,2252,perf_20261005-090518_clu_vm14-vm24_rate30_lat2node_r1,2,260,1791191211001,0,1791191211046.472,53.647,6.617,1791191211106.927,Normal,0.903
vm2,136178,20261005-090518_clu_vm14-vm24_rate30_lat2node_r1,2265,perf_20261005-090518_clu_vm14-vm24_rate30_lat2node_r1,2,261,1791191211435,0,1791191211439.744,60.604,4.851,1791191211505.387,Normal,0.9204
vm2,136178,20261005-090518_clu_vm14-vm24_rate30_lat2node_r1,2267,perf_20261005-090518_clu_vm14-vm24_rate30_lat2node_r1,2,262,1791191211501,0,1791191211508.307,54.047,4.937,1791191211567.499,Normal,0.9375
vm2,136178,20261005-090518_clu_vm14-vm24_rate30_lat2node_r1,2275,perf_20261005-090518_clu_vm14-vm24_rate30_lat2node_r1,2,263,1791191211768,0,1791191211773.617,67.226,4.992,1791191211846.029,Normal,0.9606
vm2,136178,20261005-090518_clu_vm14-vm24_rate30_lat2node_r1,2276,perf_20261005-090518_clu_vm14-vm24_rate30_lat2node_r1,2,264,1791191211801,0,1791191211849.019,62.8,4.846,1791191211916.847,Normal,0.9422
vm2,136178,20261005-090518_clu_vm14-vm24_rate30_lat2node_r1,2283,perf_20261005-090518_clu_vm14-vm24_rate30_lat2node_r1,2,265,1791191212035,0,1791191212040.423,75.775,5.172,1791191212121.558,Normal,0.9342
vm2,136178,20261005-090518_clu_vm14-vm24_rate30_lat2node_r1,2292,perf_20261005-090518_clu_vm14-vm24_rate30_lat2node_r1,2,266,1791191212335,0,1791191212340.361,71.037,5.985,1791191212417.584,Normal,0.9499
vm2,136178,20261005-090518_clu_vm14-vm24_rate30_lat2node_r1,2296,perf_20261005-090518_clu_vm14-vm24_rate30_lat2node_r1,2,267,1791191212468,0,1791191212473.113,62.581,5.271,1791191212541.185,Normal,0.9608
vm2,136178,20261005-090518_clu_vm14-vm24_rate30_lat2node_r1,2304,perf_20261005-090518_clu_vm14-vm24_rate30_lat2node_r1,2,268,1791191212735,0,1791191212740.84,72.967,5.266,1791191212819.259,Normal,0.8791
vm2,136178,20261005-090518_clu_vm14-vm24_rate30_lat2node_r1,2320,perf_20261005-090518_clu_vm14-vm24_rate30_lat2node_r1,2,269,1791191213268,0,1791191213272.586,62.275,4.894,1791191213339.95,Normal,0.9424
vm2,136178,20261005-090518_clu_vm14-vm24_rate30_lat2node_r1,2329,perf_20261005-090518_clu_vm14-vm24_rate30_lat2node_r1,2,270,1791191213568,0,1791191213573.642,89.922,4.436,1791191213668.181,Normal,0.9552
vm2,136178,20261005-090518_clu_vm14-vm24_rate30_lat2node_r1,2336,perf_20261005-090518_clu_vm14-vm24_rate30_lat2node_r1,2,271,1791191213801,0,1791191213806.648,80.688,5.172,1791191213892.692,Normal,0.881
vm2,136178,20261005-090518_clu_vm14-vm24_rate30_lat2node_r1,2337,perf_20261005-090518_clu_vm14-vm24_rate30_lat2node_r1,2,272,1791191213835,0,1791191213895.757,72.822,7.026,1791191213975.792,Normal,0.9389
vm2,136178,20261005-090518_clu_vm14-vm24_rate30_lat2node_r1,2344,perf_20261005-090518_clu_vm14-vm24_rate30_lat2node_r1,2,273,1791191214068,0,1791191214073.557,97.011,6.343,1791191214177.096,Normal,0.9768
vm2,136178,20261005-090518_clu_vm14-vm24_rate30_lat2node_r1,2346,perf_20261005-090518_clu_vm14-vm24_rate30_lat2node_r1,2,274,1791191214135,0,1791191214183.44,94.722,5.525,1791191214283.866,Normal,0.8414
vm2,136178,20261005-090518_clu_vm14-vm24_rate30_lat2node_r1,2347,perf_20261005-090518_clu_vm14-vm24_rate30_lat2node_r1,2,275,1791191214168,0,1791191214284.11,83.874,3.724,1791191214371.894,Normal,0.9454
vm2,136178,20261005-090518_clu_vm14-vm24_rate30_lat2node_r1,2349,perf_20261005-090518_clu_vm14-vm24_rate30_lat2node_r1,2,276,1791191214235,0,1791191214375.184,89.955,6.337,1791191214471.742,Normal,0.9584
vm2,136178,20261005-090518_clu_vm14-vm24_rate30_lat2node_r1,2352,perf_20261005-090518_clu_vm14-vm24_rate30_lat2node_r1,2,277,1791191214335,0,1791191214472.023,110.631,5.516,1791191214588.41,Normal,0.8532
vm2,136178,20261005-090518_clu_vm14-vm24_rate30_lat2node_r1,2364,perf_20261005-090518_clu_vm14-vm24_rate30_lat2node_r1,2,278,1791191214735,0,1791191214741.574,99.561,4.564,1791191214845.984,Normal,0.9725
vm2,136178,20261005-090518_clu_vm14-vm24_rate30_lat2node_r1,2372,perf_20261005-090518_clu_vm14-vm24_rate30_lat2node_r1,2,279,1791191215002,0,1791191215007.965,110.447,6.199,1791191215124.796,Normal,0.8975
vm2,136178,20261005-090518_clu_vm14-vm24_rate30_lat2node_r1,2374,perf_20261005-090518_clu_vm14-vm24_rate30_lat2node_r1,2,280,1791191215068,0,1791191215128.167,69.498,5.379,1791191215203.215,Normal,0.9135
vm2,136178,20261005-090518_clu_vm14-vm24_rate30_lat2node_r1,2375,perf_20261005-090518_clu_vm14-vm24_rate30_lat2node_r1,2,281,1791191215101,0,1791191215203.475,81.701,4.487,1791191215289.931,Normal,0.8999
vm2,136178,20261005-090518_clu_vm14-vm24_rate30_lat2node_r1,2376,perf_20261005-090518_clu_vm14-vm24_rate30_lat2node_r1,2,282,1791191215135,0,1791191215292.835,134.049,5.315,1791191215432.377,Normal,0.9272
vm2,136178,20261005-090518_clu_vm14-vm24_rate30_lat2node_r1,2390,perf_20261005-090518_clu_vm14-vm24_rate30_lat2node_r1,2,283,1791191215601,0,1791191215607.539,104.766,5.314,1791191215717.83,Normal,0.9669
vm2,136178,20261005-090518_clu_vm14-vm24_rate30_lat2node_r1,2391,perf_20261005-090518_clu_vm14-vm24_rate30_lat2node_r1,2,284,1791191215635,0,1791191215720.75,94.885,12.896,1791191215828.741,Normal,0.902
vm2,136178,20261005-090518_clu_vm14-vm24_rate30_lat2node_r1,2394,perf_20261005-090518_clu_vm14-vm24_rate30_lat2node_r1,2,285,1791191215735,0,1791191215831.975,103.299,5.282,1791191215940.744,Normal,0.9462
vm2,136178,20261005-090518_clu_vm14-vm24_rate30_lat2node_r1,2400,perf_20261005-090518_clu_vm14-vm24_rate30_lat2node_r1,2,286,1791191215934,0,1791191215945.119,98.079,4.748,1791191216048.129,Normal,0.9127
vm2,136178,20261005-090518_clu_vm14-vm24_rate30_lat2node_r1,2401,perf_20261005-090518_clu_vm14-vm24_rate30_lat2node_r1,2,287,1791191215968,0,1791191216051.183,97.488,7.916,1791191216156.779,Normal,0.7874
vm2,136178,20261005-090518_clu_vm14-vm24_rate30_lat2node_r1,2451,perf_20261005-090518_clu_vm14-vm24_rate30_lat2node_r1,2,288,1791191217635,0,1791191217639.081,77.281,5.517,1791191217722.079,Normal,0.8992
vm2,136178,20261005-090518_clu_vm14-vm24_rate30_lat2node_r1,2456,perf_20261005-090518_clu_vm14-vm24_rate30_lat2node_r1,2,289,1791191217801,0,1791191217807.077,97.286,4.985,1791191217909.525,Normal,0.8845
vm2,136178,20261005-090518_clu_vm14-vm24_rate30_lat2node_r1,2458,perf_20261005-090518_clu_vm14-vm24_rate30_lat2node_r1,2,290,1791191217868,0,1791191217913.457,83.982,5.577,1791191218003.198,Normal,0.9423
vm2,136178,20261005-090518_clu_vm14-vm24_rate30_lat2node_r1,2462,perf_20261005-090518_clu_vm14-vm24_rate30_lat2node_r1,2,291,1791191218001,0,1791191218006.823,82.889,5.234,1791191218095.116,Normal,0.9566
vm2,136178,20261005-090518_clu_vm14-vm24_rate30_lat2node_r1,2491,perf_20261005-090518_clu_vm14-vm24_rate30_lat2node_r1,2,292,1791191218968,0,1791191218972.025,90.121,6.344,1791191219068.668,Normal,0.9144
vm2,136178,20261005-090518_clu_vm14-vm24_rate30_lat2node_r1,2496,perf_20261005-090518_clu_vm14-vm24_rate30_lat2node_r1,2,293,1791191219135,0,1791191219140.683,77.095,5.656,1791191219223.609,Normal,0.9657
vm2,136178,20261005-090518_clu_vm14-vm24_rate30_lat2node_r1,2501,perf_20261005-090518_clu_vm14-vm24_rate30_lat2node_r1,2,294,1791191219301,0,1791191219305.999,96.96,6.527,1791191219409.674,Normal,0.8787
vm2,136178,20261005-090518_clu_vm14-vm24_rate30_lat2node_r1,2512,perf_20261005-090518_clu_vm14-vm24_rate30_lat2node_r1,2,295,1791191219668,0,1791191219672.605,107.334,5.792,1791191219785.918,Normal,0.9611
vm2,136178,20261005-090518_clu_vm14-vm24_rate30_lat2node_r1,2521,perf_20261005-090518_clu_vm14-vm24_rate30_lat2node_r1,2,296,1791191219968,0,1791191219972.739,94.909,5.371,1791191220073.201,Normal,0.9581
vm2,136178,20261005-090518_clu_vm14-vm24_rate30_lat2node_r1,2522,perf_20261005-090518_clu_vm14-vm24_rate30_lat2node_r1,2,297,1791191220001,0,1791191220076.335,145.223,9.085,1791191220230.825,Normal,0.976
vm2,136178,20261005-090518_clu_vm14-vm24_rate30_lat2node_r1,2529,perf_20261005-090518_clu_vm14-vm24_rate30_lat2node_r1,2,298,1791191220234,0,1791191220238.312,80.886,4.315,1791191220323.687,Normal,0.9423
vm2,136178,20261005-090518_clu_vm14-vm24_rate30_lat2node_r1,2540,perf_20261005-090518_clu_vm14-vm24_rate30_lat2node_r1,2,299,1791191220601,0,1791191220607.322,78.62,5.703,1791191220691.828,Normal,0.8813
vm2,136178,20261005-090518_clu_vm14-vm24_rate30_lat2node_r1,2541,perf_20261005-090518_clu_vm14-vm24_rate30_lat2node_r1,2,300,1791191220635,0,1791191220694.776,78.556,5.567,1791191220779.082,Normal,0.9247
vm2,136178,20261005-090518_clu_vm14-vm24_rate30_lat2node_r1,2545,perf_20261005-090518_clu_vm14-vm24_rate30_lat2node_r1,2,301,1791191220768,0,1791191220782.074,73.31,5.609,1791191220861.172,Normal,0.9423
vm2,136178,20261005-090518_clu_vm14-vm24_rate30_lat2node_r1,2550,perf_20261005-090518_clu_vm14-vm24_rate30_lat2node_r1,2,302,1791191220935,0,1791191220940.282,82.882,5.607,1791191221028.95,Normal,0.9677
vm2,136178,20261005-090518_clu_vm14-vm24_rate30_lat2node_r1,2560,perf_20261005-090518_clu_vm14-vm24_rate30_lat2node_r1,2,303,1791191221268,0,1791191221274.196,73.668,6.249,1791191221354.292,Normal,0.9195
vm2,136178,20261005-090518_clu_vm14-vm24_rate30_lat2node_r1,2562,perf_20261005-090518_clu_vm14-vm24_rate30_lat2node_r1,2,304,1791191221335,0,1791191221357.494,73.052,5.65,1791191221436.369,Normal,0.6822
vm2,136178,20261005-090518_clu_vm14-vm24_rate30_lat2node_r1,2566,perf_20261005-090518_clu_vm14-vm24_rate30_lat2node_r1,2,305,1791191221468,0,1791191221473.863,94.697,5.665,1791191221574.418,Normal,0.964
vm2,136178,20261005-090518_clu_vm14-vm24_rate30_lat2node_r1,2577,perf_20261005-090518_clu_vm14-vm24_rate30_lat2node_r1,2,306,1791191221835,0,1791191221840.553,109.901,5.892,1791191221956.536,Normal,0.9539
vm2,136178,20261005-090518_clu_vm14-vm24_rate30_lat2node_r1,2581,perf_20261005-090518_clu_vm14-vm24_rate30_lat2node_r1,2,307,1791191221968,0,1791191221972.853,87.022,5.349,1791191222065.397,Normal,0.956
vm2,136178,20261005-090518_clu_vm14-vm24_rate30_lat2node_r1,2584,perf_20261005-090518_clu_vm14-vm24_rate30_lat2node_r1,2,308,1791191222068,0,1791191222072.63,80.147,5.813,1791191222158.771,Normal,0.781
vm2,136178,20261005-090518_clu_vm14-vm24_rate30_lat2node_r1,2595,perf_20261005-090518_clu_vm14-vm24_rate30_lat2node_r1,2,309,1791191222435,0,1791191222439.854,93.069,4.746,1791191222537.853,Normal,0.9304
vm2,136178,20261005-090518_clu_vm14-vm24_rate30_lat2node_r1,2616,perf_20261005-090518_clu_vm14-vm24_rate30_lat2node_r1,2,310,1791191223135,0,1791191223139.923,77.234,6.23,1791191223223.719,Normal,0.9324
vm2,136178,20261005-090518_clu_vm14-vm24_rate30_lat2node_r1,2623,perf_20261005-090518_clu_vm14-vm24_rate30_lat2node_r1,2,311,1791191223368,0,1791191223374.276,76.539,5.753,1791191223456.744,Normal,0.8008
vm2,136178,20261005-090518_clu_vm14-vm24_rate30_lat2node_r1,2627,perf_20261005-090518_clu_vm14-vm24_rate30_lat2node_r1,2,312,1791191223501,0,1791191223506.87,102.194,6.193,1791191223615.538,Normal,0.9704
vm2,136178,20261005-090518_clu_vm14-vm24_rate30_lat2node_r1,2641,perf_20261005-090518_clu_vm14-vm24_rate30_lat2node_r1,2,313,1791191223968,0,1791191223972.063,85.738,7.437,1791191224065.408,Normal,0.962
vm2,136178,20261005-090518_clu_vm14-vm24_rate30_lat2node_r1,2652,perf_20261005-090518_clu_vm14-vm24_rate30_lat2node_r1,2,314,1791191224335,0,1791191224340.71,90.736,6.163,1791191224437.796,Normal,0.9647
vm2,136178,20261005-090518_clu_vm14-vm24_rate30_lat2node_r1,2653,perf_20261005-090518_clu_vm14-vm24_rate30_lat2node_r1,2,315,1791191224368,0,1791191224440.673,97.571,6.191,1791191224544.609,Normal,0.9718
vm2,136178,20261005-090518_clu_vm14-vm24_rate30_lat2node_r1,2661,perf_20261005-090518_clu_vm14-vm24_rate30_lat2node_r1,2,316,1791191224635,0,1791191224640.928,194.054,5.405,1791191224840.651,Normal,0.9446
vm2,136178,20261005-090518_clu_vm14-vm24_rate30_lat2node_r1,2680,perf_20261005-090518_clu_vm14-vm24_rate30_lat2node_r1,2,317,1791191225268,0,1791191225274.584,76.933,5.147,1791191225356.847,Normal,0.9375
vm2,136178,20261005-090518_clu_vm14-vm24_rate30_lat2node_r1,2714,perf_20261005-090518_clu_vm14-vm24_rate30_lat2node_r1,2,318,1791191226401,0,1791191226406.327,91.168,5.289,1791191226502.966,Normal,0.8908
vm2,136178,20261005-090518_clu_vm14-vm24_rate30_lat2node_r1,2715,perf_20261005-090518_clu_vm14-vm24_rate30_lat2node_r1,2,319,1791191226435,0,1791191226505.939,93.94,5.545,1791191226605.627,Normal,0.9047
vm2,136178,20261005-090518_clu_vm14-vm24_rate30_lat2node_r1,2718,perf_20261005-090518_clu_vm14-vm24_rate30_lat2node_r1,2,320,1791191226534,0,1791191226608.564,93.549,5.635,1791191226707.931,Normal,0.9201
vm2,136178,20261005-090518_clu_vm14-vm24_rate30_lat2node_r1,2722,perf_20261005-090518_clu_vm14-vm24_rate30_lat2node_r1,2,321,1791191226668,0,1791191226711.294,117.09,5.441,1791191226834.007,Normal,0.9275
vm2,136178,20261005-090518_clu_vm14-vm24_rate30_lat2node_r1,2726,perf_20261005-090518_clu_vm14-vm24_rate30_lat2node_r1,2,322,1791191226801,0,1791191226838.195,100.364,5.941,1791191226944.743,Normal,0.963
vm2,136178,20261005-090518_clu_vm14-vm24_rate30_lat2node_r1,2730,perf_20261005-090518_clu_vm14-vm24_rate30_lat2node_r1,2,323,1791191226935,0,1791191226948.636,92.731,4.229,1791191227045.736,Normal,0.9656
vm2,136178,20261005-090518_clu_vm14-vm24_rate30_lat2node_r1,2733,perf_20261005-090518_clu_vm14-vm24_rate30_lat2node_r1,2,324,1791191227035,0,1791191227049.1,110.97,7.14,1791191227167.415,Normal,0.9662
vm2,136178,20261005-090518_clu_vm14-vm24_rate30_lat2node_r1,2739,perf_20261005-090518_clu_vm14-vm24_rate30_lat2node_r1,2,325,1791191227235,0,1791191227240.848,123.202,4.78,1791191227369.013,Normal,0.8766
vm2,136178,20261005-090518_clu_vm14-vm24_rate30_lat2node_r1,2746,perf_20261005-090518_clu_vm14-vm24_rate30_lat2node_r1,2,326,1791191227468,0,1791191227474.059,74.594,4.616,1791191227553.443,Normal,0.9556
vm2,136178,20261005-090518_clu_vm14-vm24_rate30_lat2node_r1,2747,perf_20261005-090518_clu_vm14-vm24_rate30_lat2node_r1,2,327,1791191227501,0,1791191227556.251,204.092,5.138,1791191227765.668,Normal,0.9482
vm2,136178,20261005-090518_clu_vm14-vm24_rate30_lat2node_r1,2770,perf_20261005-090518_clu_vm14-vm24_rate30_lat2node_r1,2,328,1791191228268,0,1791191228272.962,116.969,5.846,1791191228395.965,Normal,0.9632
vm2,136178,20261005-090518_clu_vm14-vm24_rate30_lat2node_r1,2781,perf_20261005-090518_clu_vm14-vm24_rate30_lat2node_r1,2,329,1791191228635,0,1791191228640.998,95.922,5.721,1791191228742.814,Normal,0.9512
vm2,136178,20261005-090518_clu_vm14-vm24_rate30_lat2node_r1,2789,perf_20261005-090518_clu_vm14-vm24_rate30_lat2node_r1,2,330,1791191228902,0,1791191228909.686,126.931,5.655,1791191229042.458,Normal,0.9465
vm2,136178,20261005-090518_clu_vm14-vm24_rate30_lat2node_r1,2799,perf_20261005-090518_clu_vm14-vm24_rate30_lat2node_r1,2,331,1791191229235,0,1791191229240.737,107.105,7.453,1791191229355.476,Normal,0.9221
vm2,136178,20261005-090518_clu_vm14-vm24_rate30_lat2node_r1,2814,perf_20261005-090518_clu_vm14-vm24_rate30_lat2node_r1,2,332,1791191229735,0,1791191229739.648,90.118,8.337,1791191229838.282,Normal,0.9483
vm2,136178,20261005-090518_clu_vm14-vm24_rate30_lat2node_r1,2816,perf_20261005-090518_clu_vm14-vm24_rate30_lat2node_r1,2,333,1791191229802,0,1791191229843.157,67.093,4.946,1791191229915.363,Normal,0.9358
vm2,136178,20261005-090518_clu_vm14-vm24_rate30_lat2node_r1,2825,perf_20261005-090518_clu_vm14-vm24_rate30_lat2node_r1,2,334,1791191230101,0,1791191230105.414,95.405,6.06,1791191230207.094,Normal,0.9428
vm2,136178,20261005-090518_clu_vm14-vm24_rate30_lat2node_r1,2827,perf_20261005-090518_clu_vm14-vm24_rate30_lat2node_r1,2,335,1791191230168,0,1791191230210.957,247.23,4.829,1791191230463.209,Normal,0.9789
vm2,136178,20261005-090518_clu_vm14-vm24_rate30_lat2node_r1,2828,perf_20261005-090518_clu_vm14-vm24_rate30_lat2node_r1,2,336,1791191230201,0,1791191230463.535,194.866,6.11,1791191230664.695,Normal,0.9757
vm2,136178,20261005-090518_clu_vm14-vm24_rate30_lat2node_r1,2836,perf_20261005-090518_clu_vm14-vm24_rate30_lat2node_r1,2,337,1791191230468,0,1791191230668.403,94.534,5.444,1791191230768.596,Normal,0.8767
vm2,136178,20261005-090518_clu_vm14-vm24_rate30_lat2node_r1,2839,perf_20261005-090518_clu_vm14-vm24_rate30_lat2node_r1,2,338,1791191230568,0,1791191230768.956,94.918,6.058,1791191230870.172,Normal,0.9591
vm2,136178,20261005-090518_clu_vm14-vm24_rate30_lat2node_r1,2844,perf_20261005-090518_clu_vm14-vm24_rate30_lat2node_r1,2,339,1791191230735,0,1791191230873.849,103.881,5.535,1791191230983.483,Normal,0.847
vm2,136178,20261005-090518_clu_vm14-vm24_rate30_lat2node_r1,2849,perf_20261005-090518_clu_vm14-vm24_rate30_lat2node_r1,2,340,1791191230901,0,1791191230987.393,84.407,5.202,1791191231077.174,Normal,0.9487
vm2,136178,20261005-090518_clu_vm14-vm24_rate30_lat2node_r1,2851,perf_20261005-090518_clu_vm14-vm24_rate30_lat2node_r1,2,341,1791191230968,0,1791191231077.451,112.909,5.315,1791191231195.853,Normal,0.8052
vm2,136178,20261005-090518_clu_vm14-vm24_rate30_lat2node_r1,2856,perf_20261005-090518_clu_vm14-vm24_rate30_lat2node_r1,2,342,1791191231135,0,1791191231199.097,105.064,5.287,1791191231309.632,Normal,0.8748
vm2,136178,20261005-090518_clu_vm14-vm24_rate30_lat2node_r1,2858,perf_20261005-090518_clu_vm14-vm24_rate30_lat2node_r1,2,343,1791191231201,0,1791191231312.771,77.576,5.71,1791191231396.227,Normal,0.9344
vm2,136178,20261005-090518_clu_vm14-vm24_rate30_lat2node_r1,2868,perf_20261005-090518_clu_vm14-vm24_rate30_lat2node_r1,2,344,1791191231535,0,1791191231540.871,97.097,5.487,1791191231643.642,Normal,0.9529
vm2,136178,20261005-090518_clu_vm14-vm24_rate30_lat2node_r1,2873,perf_20261005-090518_clu_vm14-vm24_rate30_lat2node_r1,2,345,1791191231702,0,1791191231707.221,92.117,5.28,1791191231804.8,Normal,0.5852
vm2,136178,20261005-090518_clu_vm14-vm24_rate30_lat2node_r1,2889,perf_20261005-090518_clu_vm14-vm24_rate30_lat2node_r1,2,346,1791191232235,0,1791191232239.933,85.012,5.892,1791191232331.018,Normal,0.9662
vm2,136178,20261005-090518_clu_vm14-vm24_rate30_lat2node_r1,2894,perf_20261005-090518_clu_vm14-vm24_rate30_lat2node_r1,2,347,1791191232401,0,1791191232406.982,98.692,5.235,1791191232511.094,Normal,0.9699
vm2,136178,20261005-090518_clu_vm14-vm24_rate30_lat2node_r1,2918,perf_20261005-090518_clu_vm14-vm24_rate30_lat2node_r1,2,348,1791191233201,0,1791191233206.24,94.484,6.504,1791191233307.417,Normal,0.9414
vm2,136178,20261005-090518_clu_vm14-vm24_rate30_lat2node_r1,2921,perf_20261005-090518_clu_vm14-vm24_rate30_lat2node_r1,2,349,1791191233301,0,1791191233311.186,348.994,5.389,1791191233665.788,Normal,0.9035
vm2,136178,20261005-090518_clu_vm14-vm24_rate30_lat2node_r1,2931,perf_20261005-090518_clu_vm14-vm24_rate30_lat2node_r1,2,350,1791191233635,0,1791191233669.065,94.059,5.321,1791191233768.632,Normal,0.8293
vm2,136178,20261005-090518_clu_vm14-vm24_rate30_lat2node_r1,2933,perf_20261005-090518_clu_vm14-vm24_rate30_lat2node_r1,2,351,1791191233701,0,1791191233772.269,76.329,4.262,1791191233853.052,Normal,0.9629
vm2,136178,20261005-090518_clu_vm14-vm24_rate30_lat2node_r1,2934,perf_20261005-090518_clu_vm14-vm24_rate30_lat2node_r1,2,352,1791191233735,0,1791191233853.319,81.676,4.811,1791191233939.985,Normal,0.9572
vm2,136178,20261005-090518_clu_vm14-vm24_rate30_lat2node_r1,2936,perf_20261005-090518_clu_vm14-vm24_rate30_lat2node_r1,2,353,1791191233802,0,1791191233943.643,144.253,5.594,1791191234093.681,Normal,0.9275
vm2,136178,20261005-090518_clu_vm14-vm24_rate30_lat2node_r1,2939,perf_20261005-090518_clu_vm14-vm24_rate30_lat2node_r1,2,354,1791191233901,0,1791191234093.924,110.364,5.595,1791191234210.084,Normal,0.6014
vm2,136178,20261005-090518_clu_vm14-vm24_rate30_lat2node_r1,2974,perf_20261005-090518_clu_vm14-vm24_rate30_lat2node_r1,2,355,1791191235068,0,1791191235074.421,79.436,5.106,1791191235159.147,Normal,0.8575
vm2,136178,20261005-090518_clu_vm14-vm24_rate30_lat2node_r1,2979,perf_20261005-090518_clu_vm14-vm24_rate30_lat2node_r1,2,356,1791191235235,0,1791191235240.975,103.439,5.51,1791191235350.117,Normal,0.9658
vm2,136178,20261005-090518_clu_vm14-vm24_rate30_lat2node_r1,2986,perf_20261005-090518_clu_vm14-vm24_rate30_lat2node_r1,2,357,1791191235468,0,1791191235473.5,79.88,5.283,1791191235558.848,Normal,0.9342
vm2,136178,20261005-090518_clu_vm14-vm24_rate30_lat2node_r1,3008,perf_20261005-090518_clu_vm14-vm24_rate30_lat2node_r1,2,358,1791191236202,0,1791191236207.51,85.335,5.658,1791191236298.688,Normal,0.8661
vm2,136178,20261005-090518_clu_vm14-vm24_rate30_lat2node_r1,3009,perf_20261005-090518_clu_vm14-vm24_rate30_lat2node_r1,2,359,1791191236235,0,1791191236301.872,65.536,4.905,1791191236372.49,Normal,0.9272
vm2,136178,20261005-090518_clu_vm14-vm24_rate30_lat2node_r1,3012,perf_20261005-090518_clu_vm14-vm24_rate30_lat2node_r1,2,360,1791191236335,0,1791191236375.482,74.477,5.686,1791191236455.819,Normal,0.7723
vm2,136178,20261005-090518_clu_vm14-vm24_rate30_lat2node_r1,3014,perf_20261005-090518_clu_vm14-vm24_rate30_lat2node_r1,2,361,1791191236401,0,1791191236458.588,75.817,5.069,1791191236539.65,Normal,0.924
vm2,136178,20261005-090518_clu_vm14-vm24_rate30_lat2node_r1,3020,perf_20261005-090518_clu_vm14-vm24_rate30_lat2node_r1,2,362,1791191236601,0,1791191236606.636,83.549,5.489,1791191236695.847,Normal,0.9553
vm2,136178,20261005-090518_clu_vm14-vm24_rate30_lat2node_r1,3025,perf_20261005-090518_clu_vm14-vm24_rate30_lat2node_r1,2,363,1791191236768,0,1791191236773.304,80.289,6.349,1791191236860.162,Normal,0.9498
vm2,136178,20261005-090518_clu_vm14-vm24_rate30_lat2node_r1,3030,perf_20261005-090518_clu_vm14-vm24_rate30_lat2node_r1,2,364,1791191236935,0,1791191236940.416,101.307,6.194,1791191237048.192,Normal,0.9533
vm2,136178,20261005-090518_clu_vm14-vm24_rate30_lat2node_r1,3034,perf_20261005-090518_clu_vm14-vm24_rate30_lat2node_r1,2,365,1791191237068,0,1791191237072.9,90.989,6.047,1791191237170.106,Normal,0.9707
vm2,136178,20261005-090518_clu_vm14-vm24_rate30_lat2node_r1,3043,perf_20261005-090518_clu_vm14-vm24_rate30_lat2node_r1,2,366,1791191237368,0,1791191237373.523,73.894,4.817,1791191237452.42,Normal,0.9431
vm2,136178,20261005-090518_clu_vm14-vm24_rate30_lat2node_r1,3047,perf_20261005-090518_clu_vm14-vm24_rate30_lat2node_r1,2,367,1791191237501,0,1791191237506.505,101.836,5.663,1791191237614.186,Normal,0.9474
vm2,136178,20261005-090518_clu_vm14-vm24_rate30_lat2node_r1,3050,perf_20261005-090518_clu_vm14-vm24_rate30_lat2node_r1,2,368,1791191237601,0,1791191237617.916,94.04,5.454,1791191237717.604,Normal,0.9578
vm2,136178,20261005-090518_clu_vm14-vm24_rate30_lat2node_r1,3052,perf_20261005-090518_clu_vm14-vm24_rate30_lat2node_r1,2,369,1791191237668,0,1791191237720.913,99.401,4.595,1791191237825.11,Normal,0.9545
vm2,136178,20261005-090518_clu_vm14-vm24_rate30_lat2node_r1,3059,perf_20261005-090518_clu_vm14-vm24_rate30_lat2node_r1,2,370,1791191237901,0,1791191237907.357,86.931,5.748,1791191238000.292,Normal,0.9564
vm2,136178,20261005-090518_clu_vm14-vm24_rate30_lat2node_r1,3062,perf_20261005-090518_clu_vm14-vm24_rate30_lat2node_r1,2,371,1791191238001,0,1791191238006.248,87.488,5.647,1791191238099.556,Normal,0.9572
vm2,136178,20261005-090518_clu_vm14-vm24_rate30_lat2node_r1,3066,perf_20261005-090518_clu_vm14-vm24_rate30_lat2node_r1,2,372,1791191238135,0,1791191238160.333,86.39,5.896,1791191238252.799,Normal,0.9383
vm2,136178,20261005-090518_clu_vm14-vm24_rate30_lat2node_r1,3078,perf_20261005-090518_clu_vm14-vm24_rate30_lat2node_r1,2,373,1791191238534,0,1791191238539.857,104.484,5.296,1791191238649.828,Normal,0.9161
vm2,136178,20261005-090518_clu_vm14-vm24_rate30_lat2node_r1,3090,perf_20261005-090518_clu_vm14-vm24_rate30_lat2node_r1,2,374,1791191238935,0,1791191238941.038,92.862,5.577,1791191239039.677,Normal,0.9192
vm2,136178,20261005-090518_clu_vm14-vm24_rate30_lat2node_r1,3109,perf_20261005-090518_clu_vm14-vm24_rate30_lat2node_r1,2,375,1791191239568,0,1791191239573.458,94.334,6.047,1791191239674.024,Normal,0.9748
vm2,136178,20261005-090518_clu_vm14-vm24_rate30_lat2node_r1,3114,perf_20261005-090518_clu_vm14-vm24_rate30_lat2node_r1,2,376,1791191239734,0,1791191239741.319,96.402,5.676,1791191239843.588,Normal,0.9427
vm2,136178,20261005-090518_clu_vm14-vm24_rate30_lat2node_r1,3124,perf_20261005-090518_clu_vm14-vm24_rate30_lat2node_r1,2,377,1791191240068,0,1791191240073.831,80.546,6.402,1791191240160.988,Normal,0.929
vm2,136178,20261005-090518_clu_vm14-vm24_rate30_lat2node_r1,3141,perf_20261005-090518_clu_vm14-vm24_rate30_lat2node_r1,2,378,1791191240635,0,1791191240640.544,95.193,5.969,1791191240741.935,Normal,0.9669
vm2,136178,20261005-090518_clu_vm14-vm24_rate30_lat2node_r1,3157,perf_20261005-090518_clu_vm14-vm24_rate30_lat2node_r1,2,379,1791191241168,0,1791191241185.999,88.68,5.589,1791191241280.445,Normal,0.9184
vm2,136178,20261005-090518_clu_vm14-vm24_rate30_lat2node_r1,3159,perf_20261005-090518_clu_vm14-vm24_rate30_lat2node_r1,2,380,1791191241235,0,1791191241285.708,77.942,4.931,1791191241368.752,Normal,0.9484
vm2,136178,20261005-090518_clu_vm14-vm24_rate30_lat2node_r1,3160,perf_20261005-090518_clu_vm14-vm24_rate30_lat2node_r1,2,381,1791191241268,0,1791191241369.019,87.133,5.147,1791191241461.479,Normal,0.9333
vm2,136178,20261005-090518_clu_vm14-vm24_rate30_lat2node_r1,3169,perf_20261005-090518_clu_vm14-vm24_rate30_lat2node_r1,2,382,1791191241568,0,1791191241577.079,429.986,4.659,1791191242011.981,Normal,0.9656
vm2,136178,20261005-090518_clu_vm14-vm24_rate30_lat2node_r1,3184,perf_20261005-090518_clu_vm14-vm24_rate30_lat2node_r1,2,383,1791191242068,0,1791191242074.655,108.839,4.471,1791191242188.147,Normal,0.9554
vm2,136178,20261005-090518_clu_vm14-vm24_rate30_lat2node_r1,3197,perf_20261005-090518_clu_vm14-vm24_rate30_lat2node_r1,2,384,1791191242501,0,1791191242507.366,114.113,4.556,1791191242626.221,Normal,0.8326
vm2,136178,20261005-090518_clu_vm14-vm24_rate30_lat2node_r1,3205,perf_20261005-090518_clu_vm14-vm24_rate30_lat2node_r1,2,385,1791191242768,0,1791191242772.826,85.407,5.234,1791191242863.644,Normal,0.9561
vm2,136178,20261005-090518_clu_vm14-vm24_rate30_lat2node_r1,3206,perf_20261005-090518_clu_vm14-vm24_rate30_lat2node_r1,2,386,1791191242801,0,1791191242866.714,66.971,4.498,1791191242938.353,Normal,0.8276
vm2,136178,20261005-090518_clu_vm14-vm24_rate30_lat2node_r1,3228,perf_20261005-090518_clu_vm14-vm24_rate30_lat2node_r1,2,387,1791191243535,0,1791191243539.661,83.754,5.923,1791191243629.522,Normal,0.8016
vm2,136178,20261005-090518_clu_vm14-vm24_rate30_lat2node_r1,3255,perf_20261005-090518_clu_vm14-vm24_rate30_lat2node_r1,2,388,1791191244435,0,1791191244440.015,76.325,5.427,1791191244521.968,Normal,0.9119
vm2,136178,20261005-090518_clu_vm14-vm24_rate30_lat2node_r1,3259,perf_20261005-090518_clu_vm14-vm24_rate30_lat2node_r1,2,389,1791191244568,0,1791191244572.836,183.882,6.482,1791191244763.405,Normal,0.9698
vm2,136178,20261005-090518_clu_vm14-vm24_rate30_lat2node_r1,3261,perf_20261005-090518_clu_vm14-vm24_rate30_lat2node_r1,2,390,1791191244635,0,1791191244766.361,67.924,5.414,1791191244839.87,Normal,0.8843
vm2,136178,20261005-090518_clu_vm14-vm24_rate30_lat2node_r1,3268,perf_20261005-090518_clu_vm14-vm24_rate30_lat2node_r1,2,391,1791191244868,0,1791191244874.929,91.437,4.972,1791191244971.515,Normal,0.9731
vm2,136178,20261005-090518_clu_vm14-vm24_rate30_lat2node_r1,3274,perf_20261005-090518_clu_vm14-vm24_rate30_lat2node_r1,2,392,1791191245068,0,1791191245073.698,79.135,6.284,1791191245159.317,Normal,0.9716
vm2,136178,20261005-090518_clu_vm14-vm24_rate30_lat2node_r1,3279,perf_20261005-090518_clu_vm14-vm24_rate30_lat2node_r1,2,393,1791191245235,0,1791191245239.738,70.285,4.381,1791191245314.59,Normal,0.9692
vm2,136178,20261005-090518_clu_vm14-vm24_rate30_lat2node_r1,3321,perf_20261005-090518_clu_vm14-vm24_rate30_lat2node_r1,2,394,1791191246635,0,1791191246639.505,77.175,5.171,1791191246722.039,Normal,0.9635
vm2,136178,20261005-090518_clu_vm14-vm24_rate30_lat2node_r1,3335,perf_20261005-090518_clu_vm14-vm24_rate30_lat2node_r1,2,395,1791191247101,0,1791191247107.081,110.39,4.315,1791191247221.985,Normal,0.959
vm2,136178,20261005-090518_clu_vm14-vm24_rate30_lat2node_r1,3353,perf_20261005-090518_clu_vm14-vm24_rate30_lat2node_r1,2,396,1791191247701,0,1791191247706.245,219.924,5.436,1791191247931.813,Normal,0.9796
vm2,136178,20261005-090518_clu_vm14-vm24_rate30_lat2node_r1,3366,perf_20261005-090518_clu_vm14-vm24_rate30_lat2node_r1,2,397,1791191248135,0,1791191248140.44,84.964,4.656,1791191248230.246,Normal,0.9748
vm2,136178,20261005-090518_clu_vm14-vm24_rate30_lat2node_r1,3369,perf_20261005-090518_clu_vm14-vm24_rate30_lat2node_r1,2,398,1791191248235,0,1791191248239.263,85.558,5.413,1791191248330.408,Normal,0.9719
vm2,136178,20261005-090518_clu_vm14-vm24_rate30_lat2node_r1,3380,perf_20261005-090518_clu_vm14-vm24_rate30_lat2node_r1,2,399,1791191248601,0,1791191248607.841,154.364,5.931,1791191248768.328,Normal,0.9399
vm2,136178,20261005-090518_clu_vm14-vm24_rate30_lat2node_r1,3385,perf_20261005-090518_clu_vm14-vm24_rate30_lat2node_r1,2,400,1791191248768,0,1791191248772.78,145.026,5.695,1791191248923.687,Normal,0.9794
vm2,136178,20261005-090518_clu_vm14-vm24_rate30_lat2node_r1,3386,perf_20261005-090518_clu_vm14-vm24_rate30_lat2node_r1,2,401,1791191248801,0,1791191248926.612,64.139,5.412,1791191248996.352,Normal,0.6675
vm2,136178,20261005-090518_clu_vm14-vm24_rate30_lat2node_r1,3395,perf_20261005-090518_clu_vm14-vm24_rate30_lat2node_r1,2,402,1791191249101,0,1791191249105.143,65.019,3.924,1791191249174.263,Normal,0.9473
vm2,136178,20261005-090518_clu_vm14-vm24_rate30_lat2node_r1,3414,perf_20261005-090518_clu_vm14-vm24_rate30_lat2node_r1,2,403,1791191249735,0,1791191249740.425,73.999,5.44,1791191249820.054,Normal,0.9311
vm2,136178,20261005-090518_clu_vm14-vm24_rate30_lat2node_r1,3415,perf_20261005-090518_clu_vm14-vm24_rate30_lat2node_r1,2,404,1791191249768,0,1791191249822.585,91.153,5.759,1791191249919.693,Normal,0.9398
vm2,136178,20261005-090518_clu_vm14-vm24_rate30_lat2node_r1,3420,perf_20261005-090518_clu_vm14-vm24_rate30_lat2node_r1,2,405,1791191249935,0,1791191249940.462,91.571,5.205,1791191250037.42,Normal,0.9643
vm2,136178,20261005-090518_clu_vm14-vm24_rate30_lat2node_r1,3422,perf_20261005-090518_clu_vm14-vm24_rate30_lat2node_r1,2,406,1791191250001,0,1791191250039.892,64.434,4.575,1791191250109.082,Normal,0.8297
vm2,136178,20261005-090518_clu_vm14-vm24_rate30_lat2node_r1,3425,perf_20261005-090518_clu_vm14-vm24_rate30_lat2node_r1,2,407,1791191250101,0,1791191250111.767,54.08,24.305,1791191250190.324,Normal,0.9556
vm2,136178,20261005-090518_clu_vm14-vm24_rate30_lat2node_r1,3431,perf_20261005-090518_clu_vm14-vm24_rate30_lat2node_r1,2,408,1791191250301,0,1791191250307.945,134.795,3.796,1791191250446.724,Normal,0.9775
vm2,136178,20261005-090518_clu_vm14-vm24_rate30_lat2node_r1,3439,perf_20261005-090518_clu_vm14-vm24_rate30_lat2node_r1,2,409,1791191250568,0,1791191250573.62,76.047,5.631,1791191250655.479,Normal,0.9361
vm2,136178,20261005-090518_clu_vm14-vm24_rate30_lat2node_r1,3446,perf_20261005-090518_clu_vm14-vm24_rate30_lat2node_r1,2,410,1791191250801,0,1791191250807.27,72.823,5.641,1791191250885.929,Normal,0.9616
vm2,136178,20261005-090518_clu_vm14-vm24_rate30_lat2node_r1,3465,perf_20261005-090518_clu_vm14-vm24_rate30_lat2node_r1,2,411,1791191251435,0,1791191251440.039,83.699,5.526,1791191251529.449,Normal,0.9085
vm2,136178,20261005-090518_clu_vm14-vm24_rate30_lat2node_r1,3468,perf_20261005-090518_clu_vm14-vm24_rate30_lat2node_r1,2,412,1791191251535,0,1791191251539.757,66.596,4.23,1791191251610.765,Normal,0.9179
vm2,136178,20261005-090518_clu_vm14-vm24_rate30_lat2node_r1,3471,perf_20261005-090518_clu_vm14-vm24_rate30_lat2node_r1,2,413,1791191251635,0,1791191251639.251,79.584,4.259,1791191251723.271,Normal,0.8296
vm2,136178,20261005-090518_clu_vm14-vm24_rate30_lat2node_r1,3473,perf_20261005-090518_clu_vm14-vm24_rate30_lat2node_r1,2,414,1791191251701,0,1791191251725.806,68.031,5.052,1791191251799.065,Normal,0.933
vm2,136178,20261005-090518_clu_vm14-vm24_rate30_lat2node_r1,3481,perf_20261005-090518_clu_vm14-vm24_rate30_lat2node_r1,2,415,1791191251968,0,1791191251973.553,79.202,5.172,1791191252058.124,Normal,0.9622
vm2,136178,20261005-090518_clu_vm14-vm24_rate30_lat2node_r1,3484,perf_20261005-090518_clu_vm14-vm24_rate30_lat2node_r1,2,416,1791191252068,0,1791191252072.559,66.368,5.958,1791191252145.067,Normal,0.9641
vm2,136178,20261005-090518_clu_vm14-vm24_rate30_lat2node_r1,3499,perf_20261005-090518_clu_vm14-vm24_rate30_lat2node_r1,2,417,1791191252568,0,1791191252573.849,75.311,4.772,1791191252654.199,Normal,0.9653
vm2,136178,20261005-090518_clu_vm14-vm24_rate30_lat2node_r1,3513,perf_20261005-090518_clu_vm14-vm24_rate30_lat2node_r1,2,418,1791191253035,0,1791191253039.58,125.294,8.953,1791191253174.026,Normal,0.979
vm2,136178,20261005-090518_clu_vm14-vm24_rate30_lat2node_r1,3515,perf_20261005-090518_clu_vm14-vm24_rate30_lat2node_r1,2,419,1791191253101,0,1791191253177.036,66.779,4.693,1791191253248.704,Normal,0.8972
vm2,136178,20261005-090518_clu_vm14-vm24_rate30_lat2node_r1,3522,perf_20261005-090518_clu_vm14-vm24_rate30_lat2node_r1,2,420,1791191253335,0,1791191253340.414,74.665,4.898,1791191253420.163,Normal,0.8943
vm2,136178,20261005-090518_clu_vm14-vm24_rate30_lat2node_r1,3536,perf_20261005-090518_clu_vm14-vm24_rate30_lat2node_r1,2,421,1791191253801,0,1791191253808.569,68.738,4.519,1791191253882.022,Normal,0.9608
vm2,136178,20261005-090518_clu_vm14-vm24_rate30_lat2node_r1,3542,perf_20261005-090518_clu_vm14-vm24_rate30_lat2node_r1,2,422,1791191254001,0,1791191254007.256,83.896,4.885,1791191254096.229,Normal,0.9589
vm2,136178,20261005-090518_clu_vm14-vm24_rate30_lat2node_r1,3546,perf_20261005-090518_clu_vm14-vm24_rate30_lat2node_r1,2,423,1791191254134,0,1791191254144.907,186.245,6.61,1791191254337.97,Normal,0.7104
vm2,136178,20261005-090518_clu_vm14-vm24_rate30_lat2node_r1,3553,perf_20261005-090518_clu_vm14-vm24_rate30_lat2node_r1,2,424,1791191254368,0,1791191254372.741,77.036,4.497,1791191254454.463,Normal,0.9231
vm2,136178,20261005-090518_clu_vm14-vm24_rate30_lat2node_r1,3564,perf_20261005-090518_clu_vm14-vm24_rate30_lat2node_r1,2,425,1791191254735,0,1791191254740.047,127.449,5.587,1791191254873.29,Normal,0.9306
vm2,136178,20261005-090518_clu_vm14-vm24_rate30_lat2node_r1,3575,perf_20261005-090518_clu_vm14-vm24_rate30_lat2node_r1,2,426,1791191255101,0,1791191255109.206,63.752,4.658,1791191255177.849,Normal,0.8088
vm2,136178,20261005-090518_clu_vm14-vm24_rate30_lat2node_r1,3591,perf_20261005-090518_clu_vm14-vm24_rate30_lat2node_r1,2,427,1791191255635,0,1791191255640.628,82.522,4.489,1791191255727.819,Normal,0.9744
vm2,136178,20261005-090518_clu_vm14-vm24_rate30_lat2node_r1,3595,perf_20261005-090518_clu_vm14-vm24_rate30_lat2node_r1,2,428,1791191255768,0,1791191255773.373,269.999,4.56,1791191256048.127,Normal,0.9799
vm2,136178,20261005-090518_clu_vm14-vm24_rate30_lat2node_r1,3601,perf_20261005-090518_clu_vm14-vm24_rate30_lat2node_r1,2,429,1791191255968,0,1791191256050.674,119.037,5.153,1791191256175.058,Normal,0.9583
vm2,136178,20261005-090518_clu_vm14-vm24_rate30_lat2node_r1,3607,perf_20261005-090518_clu_vm14-vm24_rate30_lat2node_r1,2,430,1791191256168,0,1791191256177.776,62.844,5.511,1791191256246.308,Normal,0.742
vm2,136178,20261005-090518_clu_vm14-vm24_rate30_lat2node_r1,3610,perf_20261005-090518_clu_vm14-vm24_rate30_lat2node_r1,2,431,1791191256268,0,1791191256273.683,83.662,5.437,1791191256362.985,Normal,0.9571
vm2,136178,20261005-090518_clu_vm14-vm24_rate30_lat2node_r1,3639,perf_20261005-090518_clu_vm14-vm24_rate30_lat2node_r1,2,432,1791191257234,0,1791191257240.447,132.198,5.43,1791191257378.286,Normal,0.9543
vm2,136178,20261005-090518_clu_vm14-vm24_rate30_lat2node_r1,3650,perf_20261005-090518_clu_vm14-vm24_rate30_lat2node_r1,2,433,1791191257601,0,1791191257606.12,73.72,4.692,1791191257684.718,Normal,0.9194
vm2,136178,20261005-090518_clu_vm14-vm24_rate30_lat2node_r1,3668,perf_20261005-090518_clu_vm14-vm24_rate30_lat2node_r1,2,434,1791191258201,0,1791191258206.042,102.417,4.999,1791191258313.64,Normal,0.9425
vm2,136178,20261005-090518_clu_vm14-vm24_rate30_lat2node_r1,3682,perf_20261005-090518_clu_vm14-vm24_rate30_lat2node_r1,2,435,1791191258668,0,1791191258672.893,65.394,5.822,1791191258744.294,Normal,0.9141
vm2,136178,20261005-090518_clu_vm14-vm24_rate30_lat2node_r1,3692,perf_20261005-090518_clu_vm14-vm24_rate30_lat2node_r1,2,436,1791191259001,0,1791191259006.611,88.187,5.316,1791191259100.297,Normal,0.9739
vm2,136178,20261005-090518_clu_vm14-vm24_rate30_lat2node_r1,3726,perf_20261005-090518_clu_vm14-vm24_rate30_lat2node_r1,2,437,1791191260135,0,1791191260139.594,102.034,5.556,1791191260247.381,Normal,0.9569
vm2,136178,20261005-090518_clu_vm14-vm24_rate30_lat2node_r1,3727,perf_20261005-090518_clu_vm14-vm24_rate30_lat2node_r1,2,438,1791191260168,0,1791191260250.313,76.319,7.035,1791191260333.853,Normal,0.8716
vm2,136178,20261005-090518_clu_vm14-vm24_rate30_lat2node_r1,3729,perf_20261005-090518_clu_vm14-vm24_rate30_lat2node_r1,2,439,1791191260235,0,1791191260334.093,130.324,8.854,1791191260473.468,Normal,0.9533
vm2,136178,20261005-090518_clu_vm14-vm24_rate30_lat2node_r1,3735,perf_20261005-090518_clu_vm14-vm24_rate30_lat2node_r1,2,440,1791191260434,0,1791191260476.308,69.953,5.644,1791191260552.083,Normal,0.9444
vm2,136178,20261005-090518_clu_vm14-vm24_rate30_lat2node_r1,3749,perf_20261005-090518_clu_vm14-vm24_rate30_lat2node_r1,2,441,1791191260901,0,1791191260907.401,86.994,5.269,1791191260999.875,Normal,0.9428
vm2,136178,20261005-090518_clu_vm14-vm24_rate30_lat2node_r1,3776,perf_20261005-090518_clu_vm14-vm24_rate30_lat2node_r1,2,442,1791191261801,0,1791191261807.037,81.793,5.146,1791191261894.168,Normal,0.8424
vm2,136178,20261005-090518_clu_vm14-vm24_rate30_lat2node_r1,3778,perf_20261005-090518_clu_vm14-vm24_rate30_lat2node_r1,2,443,1791191261868,0,1791191261897.191,88.999,4.739,1791191261991.108,Normal,0.9633
vm2,136178,20261005-090518_clu_vm14-vm24_rate30_lat2node_r1,3781,perf_20261005-090518_clu_vm14-vm24_rate30_lat2node_r1,2,444,1791191261968,0,1791191261994.089,116.443,5.114,1791191262115.835,Normal,0.9302
vm2,136178,20261005-090518_clu_vm14-vm24_rate30_lat2node_r1,3794,perf_20261005-090518_clu_vm14-vm24_rate30_lat2node_r1,2,445,1791191262401,0,1791191262405.643,167.705,4.64,1791191262578.21,Normal,0.9053
vm2,136178,20261005-090518_clu_vm14-vm24_rate30_lat2node_r1,3798,perf_20261005-090518_clu_vm14-vm24_rate30_lat2node_r1,2,446,1791191262535,0,1791191262580.965,77.114,5.372,1791191262663.699,Normal,0.9551
vm2,136178,20261005-090518_clu_vm14-vm24_rate30_lat2node_r1,3802,perf_20261005-090518_clu_vm14-vm24_rate30_lat2node_r1,2,447,1791191262668,0,1791191262672.445,79.76,5.773,1791191262758.153,Normal,0.9639
vm2,136178,20261005-090518_clu_vm14-vm24_rate30_lat2node_r1,3808,perf_20261005-090518_clu_vm14-vm24_rate30_lat2node_r1,2,448,1791191262868,0,1791191262873.763,87.983,5.54,1791191262967.504,Normal,0.9373
vm2,136178,20261005-090518_clu_vm14-vm24_rate30_lat2node_r1,3811,perf_20261005-090518_clu_vm14-vm24_rate30_lat2node_r1,2,449,1791191262968,0,1791191262972.821,81.775,4.533,1791191263059.338,Normal,0.9193
vm2,136178,20261005-090518_clu_vm14-vm24_rate30_lat2node_r1,3825,perf_20261005-090518_clu_vm14-vm24_rate30_lat2node_r1,2,450,1791191263435,0,1791191263440.151,94.56,5.96,1791191263540.875,Normal,0.9261
vm2,136178,20261005-090518_clu_vm14-vm24_rate30_lat2node_r1,3831,perf_20261005-090518_clu_vm14-vm24_rate30_lat2node_r1,2,451,1791191263635,0,1791191263639.267,93.306,5.435,1791191263738.203,Normal,0.818
vm2,136178,20261005-090518_clu_vm14-vm24_rate30_lat2node_r1,3833,perf_20261005-090518_clu_vm14-vm24_rate30_lat2node_r1,2,452,1791191263701,0,1791191263740.978,96.18,6.152,1791191263843.604,OFFENSIVE,0.5659
vm2,136178,20261005-090518_clu_vm14-vm24_rate30_lat2node_r1,3837,perf_20261005-090518_clu_vm14-vm24_rate30_lat2node_r1,2,453,1791191263835,0,1791191263846.291,79.679,5.342,1791191263931.494,Normal,0.9651
vm2,136178,20261005-090518_clu_vm14-vm24_rate30_lat2node_r1,3840,perf_20261005-090518_clu_vm14-vm24_rate30_lat2node_r1,2,454,1791191263935,0,1791191263939.377,70.747,4.477,1791191264014.778,Normal,0.9471
vm2,136178,20261005-090518_clu_vm14-vm24_rate30_lat2node_r1,3846,perf_20261005-090518_clu_vm14-vm24_rate30_lat2node_r1,2,455,1791191264135,0,1791191264140.075,109.684,5.79,1791191264255.741,OFFENSIVE,0.4752
vm2,136178,20261005-090518_clu_vm14-vm24_rate30_lat2node_r1,3849,perf_20261005-090518_clu_vm14-vm24_rate30_lat2node_r1,2,456,1791191264234,0,1791191264258.313,71.615,5.619,1791191264335.722,Normal,0.9078
vm2,136178,20261005-090518_clu_vm14-vm24_rate30_lat2node_r1,3850,perf_20261005-090518_clu_vm14-vm24_rate30_lat2node_r1,2,457,1791191264268,0,1791191264338.528,73.347,4.428,1791191264416.485,OFFENSIVE,0.545
vm2,136178,20261005-090518_clu_vm14-vm24_rate30_lat2node_r1,3853,perf_20261005-090518_clu_vm14-vm24_rate30_lat2node_r1,2,458,1791191264368,0,1791191264419.108,81.438,4.756,1791191264505.485,Normal,0.7401
vm2,136178,20261005-090518_clu_vm14-vm24_rate30_lat2node_r1,3865,perf_20261005-090518_clu_vm14-vm24_rate30_lat2node_r1,2,459,1791191264768,0,1791191264773.868,91.953,5.176,1791191264871.188,Normal,0.9559
vm2,136178,20261005-090518_clu_vm14-vm24_rate30_lat2node_r1,3873,perf_20261005-090518_clu_vm14-vm24_rate30_lat2node_r1,2,460,1791191265035,0,1791191265040.254,184.14,4.423,1791191265229.031,Normal,0.9641
vm2,136178,20261005-090518_clu_vm14-vm24_rate30_lat2node_r1,3876,perf_20261005-090518_clu_vm14-vm24_rate30_lat2node_r1,2,461,1791191265134,0,1791191265231.97,126.071,4.889,1791191265363.116,OFFENSIVE,0.7875
vm2,136178,20261005-090518_clu_vm14-vm24_rate30_lat2node_r1,3882,perf_20261005-090518_clu_vm14-vm24_rate30_lat2node_r1,2,462,1791191265335,0,1791191265366.052,94.362,5.395,1791191265466.009,Normal,0.8586
vm2,136178,20261005-090518_clu_vm14-vm24_rate30_lat2node_r1,3890,perf_20261005-090518_clu_vm14-vm24_rate30_lat2node_r1,2,463,1791191265602,0,1791191265606.693,86.466,5.769,1791191265699.26,Normal,0.767
vm2,136178,20261005-090518_clu_vm14-vm24_rate30_lat2node_r1,3917,perf_20261005-090518_clu_vm14-vm24_rate30_lat2node_r1,2,464,1791191266501,0,1791191266509.621,103.767,4.678,1791191266618.252,Normal,0.3739
vm2,136178,20261005-090518_clu_vm14-vm24_rate30_lat2node_r1,3921,perf_20261005-090518_clu_vm14-vm24_rate30_lat2node_r1,2,465,1791191266635,0,1791191266639.456,74.99,15.126,1791191266729.754,Normal,0.8936
vm2,136178,20261005-090518_clu_vm14-vm24_rate30_lat2node_r1,3934,perf_20261005-090518_clu_vm14-vm24_rate30_lat2node_r1,2,466,1791191267068,0,1791191267073.49,76.953,9.844,1791191267160.465,Normal,0.9327
vm2,136178,20261005-090518_clu_vm14-vm24_rate30_lat2node_r1,3954,perf_20261005-090518_clu_vm14-vm24_rate30_lat2node_r1,2,467,1791191267734,0,1791191267739.287,63.749,10.31,1791191267813.525,Normal,0.9526
vm2,136178,20261005-090518_clu_vm14-vm24_rate30_lat2node_r1,3972,perf_20261005-090518_clu_vm14-vm24_rate30_lat2node_r1,2,468,1791191268335,0,1791191268340.232,76.276,5.191,1791191268421.878,Normal,0.9108
vm2,136178,20261005-090518_clu_vm14-vm24_rate30_lat2node_r1,3973,perf_20261005-090518_clu_vm14-vm24_rate30_lat2node_r1,2,469,1791191268368,0,1791191268424.48,59.715,14.119,1791191268498.52,Normal,0.9584
vm2,136178,20261005-090518_clu_vm14-vm24_rate30_lat2node_r1,3986,perf_20261005-090518_clu_vm14-vm24_rate30_lat2node_r1,2,470,1791191268802,0,1791191268806.592,78.334,5.345,1791191268890.452,Normal,0.8867
vm2,136178,20261005-090518_clu_vm14-vm24_rate30_lat2node_r1,3994,perf_20261005-090518_clu_vm14-vm24_rate30_lat2node_r1,2,471,1791191269068,0,1791191269072.603,248.885,4.744,1791191269326.422,Normal,0.9736
vm2,136178,20261005-090518_clu_vm14-vm24_rate30_lat2node_r1,3996,perf_20261005-090518_clu_vm14-vm24_rate30_lat2node_r1,2,472,1791191269135,0,1791191269329.103,59.457,5.047,1791191269393.788,Normal,0.9466
vm2,136178,20261005-090518_clu_vm14-vm24_rate30_lat2node_r1,4010,perf_20261005-090518_clu_vm14-vm24_rate30_lat2node_r1,2,473,1791191269602,0,1791191269606.593,69.956,5.86,1791191269682.594,Normal,0.944
vm2,136178,20261005-090518_clu_vm14-vm24_rate30_lat2node_r1,4013,perf_20261005-090518_clu_vm14-vm24_rate30_lat2node_r1,2,474,1791191269701,0,1791191269706.113,196.054,5.044,1791191269907.398,Normal,0.9543
vm2,136178,20261005-090518_clu_vm14-vm24_rate30_lat2node_r1,4017,perf_20261005-090518_clu_vm14-vm24_rate30_lat2node_r1,2,475,1791191269835,0,1791191269910.177,182.38,5.338,1791191270098.082,Normal,0.9741
vm2,136178,20261005-090518_clu_vm14-vm24_rate30_lat2node_r1,4021,perf_20261005-090518_clu_vm14-vm24_rate30_lat2node_r1,2,476,1791191269968,0,1791191270101.429,70.49,5.723,1791191270177.819,Normal,0.9346
vm2,136178,20261005-090518_clu_vm14-vm24_rate30_lat2node_r1,4022,perf_20261005-090518_clu_vm14-vm24_rate30_lat2node_r1,2,477,1791191270001,0,1791191270178.024,54.14,5.251,1791191270237.594,Normal,0.9608
vm2,136178,20261005-090518_clu_vm14-vm24_rate30_lat2node_r1,4023,perf_20261005-090518_clu_vm14-vm24_rate30_lat2node_r1,2,478,1791191270035,0,1791191270237.819,75.795,5.178,1791191270318.976,Normal,0.9065
vm2,136178,20261005-090518_clu_vm14-vm24_rate30_lat2node_r1,4025,perf_20261005-090518_clu_vm14-vm24_rate30_lat2node_r1,2,479,1791191270101,0,1791191270323.536,86.355,5.205,1791191270415.296,Normal,0.9691
vm2,136178,20261005-090518_clu_vm14-vm24_rate30_lat2node_r1,4033,perf_20261005-090518_clu_vm14-vm24_rate30_lat2node_r1,2,480,1791191270368,0,1791191270418.111,83.427,5.424,1791191270507.141,Normal,0.943
vm2,136178,20261005-090518_clu_vm14-vm24_rate30_lat2node_r1,4073,perf_20261005-090518_clu_vm14-vm24_rate30_lat2node_r1,2,481,1791191271701,0,1791191271706.523,103.24,5.762,1791191271815.737,Normal,0.9754
vm2,136178,20261005-090518_clu_vm14-vm24_rate30_lat2node_r1,4079,perf_20261005-090518_clu_vm14-vm24_rate30_lat2node_r1,2,482,1791191271901,0,1791191271906.366,91.74,13.403,1791191272011.701,Normal,0.9074
vm2,136178,20261005-090518_clu_vm14-vm24_rate30_lat2node_r1,4083,perf_20261005-090518_clu_vm14-vm24_rate30_lat2node_r1,2,483,1791191272035,0,1791191272040.245,99.853,5.002,1791191272145.292,Normal,0.8194
vm2,136178,20261005-090518_clu_vm14-vm24_rate30_lat2node_r1,4087,perf_20261005-090518_clu_vm14-vm24_rate30_lat2node_r1,2,484,1791191272168,0,1791191272172.433,91.37,5.45,1791191272269.447,Normal,0.4718
vm2,136178,20261005-090518_clu_vm14-vm24_rate30_lat2node_r1,4090,perf_20261005-090518_clu_vm14-vm24_rate30_lat2node_r1,2,485,1791191272268,0,1791191272272.09,71.134,4.986,1791191272348.394,Normal,0.9472
vm2,136178,20261005-090518_clu_vm14-vm24_rate30_lat2node_r1,4095,perf_20261005-090518_clu_vm14-vm24_rate30_lat2node_r1,2,486,1791191272435,0,1791191272439.906,90.718,4.767,1791191272535.582,Normal,0.9623
vm2,136178,20261005-090518_clu_vm14-vm24_rate30_lat2node_r1,4105,perf_20261005-090518_clu_vm14-vm24_rate30_lat2node_r1,2,487,1791191272768,0,1791191272774.261,90.568,5.499,1791191272870.532,Normal,0.9361
vm2,136178,20261005-090518_clu_vm14-vm24_rate30_lat2node_r1,4112,perf_20261005-090518_clu_vm14-vm24_rate30_lat2node_r1,2,488,1791191273001,0,1791191273006.383,105.863,5.557,1791191273118.0,Normal,0.9668
vm2,136178,20261005-090518_clu_vm14-vm24_rate30_lat2node_r1,4113,perf_20261005-090518_clu_vm14-vm24_rate30_lat2node_r1,2,489,1791191273035,0,1791191273120.748,68.058,5.143,1791191273194.139,Normal,0.9775
vm2,136178,20261005-090518_clu_vm14-vm24_rate30_lat2node_r1,4117,perf_20261005-090518_clu_vm14-vm24_rate30_lat2node_r1,2,490,1791191273168,0,1791191273196.775,113.801,5.439,1791191273316.208,Normal,0.9687
vm2,136178,20261005-090518_clu_vm14-vm24_rate30_lat2node_r1,4137,perf_20261005-090518_clu_vm14-vm24_rate30_lat2node_r1,2,491,1791191273835,0,1791191273838.771,72.349,5.684,1791191273917.003,Normal,0.8747
vm2,136178,20261005-090518_clu_vm14-vm24_rate30_lat2node_r1,4146,perf_20261005-090518_clu_vm14-vm24_rate30_lat2node_r1,2,492,1791191274135,0,1791191274140.466,79.222,4.259,1791191274224.129,Normal,0.9622
vm2,136178,20261005-090518_clu_vm14-vm24_rate30_lat2node_r1,4155,perf_20261005-090518_clu_vm14-vm24_rate30_lat2node_r1,2,493,1791191274435,0,1791191274439.788,82.681,5.44,1791191274528.103,Normal,0.9653
vm2,136178,20261005-090518_clu_vm14-vm24_rate30_lat2node_r1,4162,perf_20261005-090518_clu_vm14-vm24_rate30_lat2node_r1,2,494,1791191274668,0,1791191274672.673,81.409,4.992,1791191274759.267,Normal,0.9779
vm2,136178,20261005-090518_clu_vm14-vm24_rate30_lat2node_r1,4174,perf_20261005-090518_clu_vm14-vm24_rate30_lat2node_r1,2,495,1791191275068,0,1791191275072.708,61.132,6.516,1791191275140.556,Normal,0.9126
vm2,136178,20261005-090518_clu_vm14-vm24_rate30_lat2node_r1,4183,perf_20261005-090518_clu_vm14-vm24_rate30_lat2node_r1,2,496,1791191275368,0,1791191275374.114,79.963,5.089,1791191275459.353,Normal,0.9401
vm2,136178,20261005-090518_clu_vm14-vm24_rate30_lat2node_r1,4193,perf_20261005-090518_clu_vm14-vm24_rate30_lat2node_r1,2,497,1791191275702,0,1791191275707.115,55.318,5.485,1791191275768.105,Normal,0.912
vm2,136178,20261005-090518_clu_vm14-vm24_rate30_lat2node_r1,4195,perf_20261005-090518_clu_vm14-vm24_rate30_lat2node_r1,2,498,1791191275768,0,1791191275772.299,130.107,5.203,1791191275907.791,Normal,0.9688
vm2,136178,20261005-090518_clu_vm14-vm24_rate30_lat2node_r1,4207,perf_20261005-090518_clu_vm14-vm24_rate30_lat2node_r1,2,499,1791191276168,0,1791191276173.765,71.078,4.878,1791191276249.907,Normal,0.9633
vm2,136178,20261005-090518_clu_vm14-vm24_rate30_lat2node_r1,4221,perf_20261005-090518_clu_vm14-vm24_rate30_lat2node_r1,2,500,1791191276634,0,1791191276639.851,81.743,5.421,1791191276727.205,Normal,0.9047
vm2,136178,20261005-090518_clu_vm14-vm24_rate30_lat2node_r1,4234,perf_20261005-090518_clu_vm14-vm24_rate30_lat2node_r1,2,501,1791191277068,0,1791191277073.026,71.705,5.434,1791191277150.371,Normal,0.8231
vm2,136178,20261005-090518_clu_vm14-vm24_rate30_lat2node_r1,4246,perf_20261005-090518_clu_vm14-vm24_rate30_lat2node_r1,2,502,1791191277468,0,1791191277473.421,102.201,5.237,1791191277581.056,Normal,0.9637
vm2,136178,20261005-090518_clu_vm14-vm24_rate30_lat2node_r1,4249,perf_20261005-090518_clu_vm14-vm24_rate30_lat2node_r1,2,503,1791191277568,0,1791191277583.73,59.091,4.606,1791191277647.621,Normal,0.8994
vm2,136178,20261005-090518_clu_vm14-vm24_rate30_lat2node_r1,4250,perf_20261005-090518_clu_vm14-vm24_rate30_lat2node_r1,2,504,1791191277601,0,1791191277650.189,55.527,5.182,1791191277711.079,Normal,0.8661
vm2,136178,20261005-090518_clu_vm14-vm24_rate30_lat2node_r1,4270,perf_20261005-090518_clu_vm14-vm24_rate30_lat2node_r1,2,505,1791191278268,0,1791191278276.586,66.767,4.874,1791191278348.423,Normal,0.8953
vm2,136178,20261005-090518_clu_vm14-vm24_rate30_lat2node_r1,4277,perf_20261005-090518_clu_vm14-vm24_rate30_lat2node_r1,2,506,1791191278501,0,1791191278507.372,110.9,5.359,1791191278623.825,Normal,0.9747
vm2,136178,20261005-090518_clu_vm14-vm24_rate30_lat2node_r1,4285,perf_20261005-090518_clu_vm14-vm24_rate30_lat2node_r1,2,507,1791191278769,0,1791191278774.562,105.515,4.74,1791191278885.009,Normal,0.6294
vm2,136178,20261005-090518_clu_vm14-vm24_rate30_lat2node_r1,4286,perf_20261005-090518_clu_vm14-vm24_rate30_lat2node_r1,2,508,1791191278801,0,1791191278887.791,84.466,4.853,1791191278977.295,Normal,0.9435
vm2,136178,20261005-090518_clu_vm14-vm24_rate30_lat2node_r1,4288,perf_20261005-090518_clu_vm14-vm24_rate30_lat2node_r1,2,509,1791191278868,0,1791191278977.533,63.179,4.985,1791191279045.877,Normal,0.9679
vm2,136178,20261005-090518_clu_vm14-vm24_rate30_lat2node_r1,4293,perf_20261005-090518_clu_vm14-vm24_rate30_lat2node_r1,2,510,1791191279038,0,1791191279051.893,54.29,4.965,1791191279111.323,Normal,0.9608
vm2,136178,20261005-090518_clu_vm14-vm24_rate30_lat2node_r1,4337,perf_20261005-090518_clu_vm14-vm24_rate30_lat2node_r1,2,511,1791191280501,0,1791191280506.344,65.15,4.784,1791191280576.477,Normal,0.9375
vm2,136178,20261005-090518_clu_vm14-vm24_rate30_lat2node_r1,4339,perf_20261005-090518_clu_vm14-vm24_rate30_lat2node_r1,2,512,1791191280568,0,1791191280579.029,55.773,5.441,1791191280640.425,Normal,0.9566
vm2,136178,20261005-090518_clu_vm14-vm24_rate30_lat2node_r1,4346,perf_20261005-090518_clu_vm14-vm24_rate30_lat2node_r1,2,513,1791191280801,0,1791191280805.948,55.974,5.026,1791191280867.135,Normal,0.9255
vm2,136178,20261005-090518_clu_vm14-vm24_rate30_lat2node_r1,4359,perf_20261005-090518_clu_vm14-vm24_rate30_lat2node_r1,2,514,1791191281234,0,1791191281239.643,91.847,5.973,1791191281337.645,Normal,0.9599
vm2,136178,20261005-090518_clu_vm14-vm24_rate30_lat2node_r1,4362,perf_20261005-090518_clu_vm14-vm24_rate30_lat2node_r1,2,515,1791191281334,0,1791191281340.662,72.499,4.848,1791191281418.255,Normal,0.9475
vm2,136178,20261005-090518_clu_vm14-vm24_rate30_lat2node_r1,4371,perf_20261005-090518_clu_vm14-vm24_rate30_lat2node_r1,2,516,1791191281635,0,1791191281639.619,82.297,5.395,1791191281727.491,Normal,0.9494
vm2,136178,20261005-090518_clu_vm14-vm24_rate30_lat2node_r1,4378,perf_20261005-090518_clu_vm14-vm24_rate30_lat2node_r1,2,517,1791191281868,0,1791191281873.777,220.027,5.523,1791191282099.556,Normal,0.9704
vm2,136178,20261005-090518_clu_vm14-vm24_rate30_lat2node_r1,4399,perf_20261005-090518_clu_vm14-vm24_rate30_lat2node_r1,2,518,1791191282568,0,1791191282574.382,159.154,4.275,1791191282738.022,HATE,0.4258
vm2,136178,20261005-090518_clu_vm14-vm24_rate30_lat2node_r1,4407,perf_20261005-090518_clu_vm14-vm24_rate30_lat2node_r1,2,519,1791191282834,0,1791191282839.982,79.309,5.2,1791191282924.684,Normal,0.8135
vm2,136178,20261005-090518_clu_vm14-vm24_rate30_lat2node_r1,4417,perf_20261005-090518_clu_vm14-vm24_rate30_lat2node_r1,2,520,1791191283168,0,1791191283173.274,82.803,5.504,1791191283261.764,Normal,0.9712
vm2,136178,20261005-090518_clu_vm14-vm24_rate30_lat2node_r1,4419,perf_20261005-090518_clu_vm14-vm24_rate30_lat2node_r1,2,521,1791191283234,0,1791191283264.426,59.609,4.646,1791191283328.872,Normal,0.9695
vm2,136178,20261005-090518_clu_vm14-vm24_rate30_lat2node_r1,4423,perf_20261005-090518_clu_vm14-vm24_rate30_lat2node_r1,2,522,1791191283368,0,1791191283372.841,67.168,5.389,1791191283445.584,Normal,0.8502
vm2,136178,20261005-090518_clu_vm14-vm24_rate30_lat2node_r1,4428,perf_20261005-090518_clu_vm14-vm24_rate30_lat2node_r1,2,523,1791191283535,0,1791191283540.218,74.539,4.609,1791191283619.552,Normal,0.6746
vm2,136178,20261005-090518_clu_vm14-vm24_rate30_lat2node_r1,4438,perf_20261005-090518_clu_vm14-vm24_rate30_lat2node_r1,2,524,1791191283868,0,1791191283873.074,53.535,3.991,1791191283930.784,Normal,0.9375
vm2,136178,20261005-090518_clu_vm14-vm24_rate30_lat2node_r1,4450,perf_20261005-090518_clu_vm14-vm24_rate30_lat2node_r1,2,525,1791191284268,0,1791191284272.618,69.592,5.896,1791191284348.295,Normal,0.9511
vm2,136178,20261005-090518_clu_vm14-vm24_rate30_lat2node_r1,4454,perf_20261005-090518_clu_vm14-vm24_rate30_lat2node_r1,2,526,1791191284401,0,1791191284406.681,62.925,5.093,1791191284474.889,Normal,0.9336
vm2,136178,20261005-090518_clu_vm14-vm24_rate30_lat2node_r1,4465,perf_20261005-090518_clu_vm14-vm24_rate30_lat2node_r1,2,527,1791191284768,0,1791191284772.434,71.089,5.809,1791191284849.522,Normal,0.9451
vm2,136178,20261005-090518_clu_vm14-vm24_rate30_lat2node_r1,4475,perf_20261005-090518_clu_vm14-vm24_rate30_lat2node_r1,2,528,1791191285101,0,1791191285106.139,65.446,4.898,1791191285176.671,Normal,0.9733
vm2,136178,20261005-090518_clu_vm14-vm24_rate30_lat2node_r1,4484,perf_20261005-090518_clu_vm14-vm24_rate30_lat2node_r1,2,529,1791191285402,0,1791191285407.119,82.626,4.776,1791191285494.709,Normal,0.9636
vm2,136178,20261005-090518_clu_vm14-vm24_rate30_lat2node_r1,4494,perf_20261005-090518_clu_vm14-vm24_rate30_lat2node_r1,2,530,1791191285738,0,1791191285743.367,77.579,6.048,1791191285827.18,Normal,0.89
vm2,136178,20261005-090518_clu_vm14-vm24_rate30_lat2node_r1,4499,perf_20261005-090518_clu_vm14-vm24_rate30_lat2node_r1,2,531,1791191285901,0,1791191285906.213,62.14,4.619,1791191285973.166,Normal,0.9302
vm2,136178,20261005-090518_clu_vm14-vm24_rate30_lat2node_r1,4516,perf_20261005-090518_clu_vm14-vm24_rate30_lat2node_r1,2,532,1791191286468,0,1791191286473.71,58.285,10.151,1791191286542.337,Normal,0.9283
vm2,136178,20261005-090518_clu_vm14-vm24_rate30_lat2node_r1,4521,perf_20261005-090518_clu_vm14-vm24_rate30_lat2node_r1,2,533,1791191286635,0,1791191286639.377,172.04,4.855,1791191286816.469,Normal,0.9489
vm2,136178,20261005-090518_clu_vm14-vm24_rate30_lat2node_r1,4530,perf_20261005-090518_clu_vm14-vm24_rate30_lat2node_r1,2,534,1791191286934,0,1791191286940.251,99.317,6.107,1791191287045.866,Normal,0.9664
vm2,136178,20261005-090518_clu_vm14-vm24_rate30_lat2node_r1,4539,perf_20261005-090518_clu_vm14-vm24_rate30_lat2node_r1,2,535,1791191287235,0,1791191287239.802,64.245,4.271,1791191287308.514,Normal,0.9468
vm2,136178,20261005-090518_clu_vm14-vm24_rate30_lat2node_r1,4562,perf_20261005-090518_clu_vm14-vm24_rate30_lat2node_r1,2,536,1791191288001,0,1791191288006.029,69.709,5.566,1791191288081.506,Normal,0.9535
vm2,136178,20261005-090518_clu_vm14-vm24_rate30_lat2node_r1,4569,perf_20261005-090518_clu_vm14-vm24_rate30_lat2node_r1,2,537,1791191288235,0,1791191288239.863,115.571,4.977,1791191288360.607,Normal,0.9349
vm2,136178,20261005-090518_clu_vm14-vm24_rate30_lat2node_r1,4602,perf_20261005-090518_clu_vm14-vm24_rate30_lat2node_r1,2,538,1791191289335,0,1791191289339.281,70.974,5.091,1791191289415.541,Normal,0.8121
vm2,136178,20261005-090518_clu_vm14-vm24_rate30_lat2node_r1,4626,perf_20261005-090518_clu_vm14-vm24_rate30_lat2node_r1,2,539,1791191290135,0,1791191290140.06,67.186,5.341,1791191290212.777,Normal,0.9217
vm2,136178,20261005-090518_clu_vm14-vm24_rate30_lat2node_r1,4632,perf_20261005-090518_clu_vm14-vm24_rate30_lat2node_r1,2,540,1791191290335,0,1791191290339.847,115.595,5.808,1791191290461.448,Normal,0.8636
vm2,136178,20261005-090518_clu_vm14-vm24_rate30_lat2node_r1,4639,perf_20261005-090518_clu_vm14-vm24_rate30_lat2node_r1,2,541,1791191290568,0,1791191290572.631,112.656,5.515,1791191290690.992,Normal,0.9789
vm2,136178,20261005-090518_clu_vm14-vm24_rate30_lat2node_r1,4643,perf_20261005-090518_clu_vm14-vm24_rate30_lat2node_r1,2,542,1791191290701,0,1791191290705.472,96.873,5.586,1791191290808.108,Normal,0.956
vm2,136178,20261005-090518_clu_vm14-vm24_rate30_lat2node_r1,4648,perf_20261005-090518_clu_vm14-vm24_rate30_lat2node_r1,2,543,1791191290868,0,1791191290872.389,95.56,5.064,1791191290973.204,Normal,0.9725
vm2,136178,20261005-090518_clu_vm14-vm24_rate30_lat2node_r1,4650,perf_20261005-090518_clu_vm14-vm24_rate30_lat2node_r1,2,544,1791191290935,0,1791191290975.721,105.725,5.96,1791191291087.597,Normal,0.9434
vm2,136178,20261005-090518_clu_vm14-vm24_rate30_lat2node_r1,4656,perf_20261005-090518_clu_vm14-vm24_rate30_lat2node_r1,2,545,1791191291135,0,1791191291140.725,75.753,4.895,1791191291221.565,Normal,0.9645
vm2,136178,20261005-090518_clu_vm14-vm24_rate30_lat2node_r1,4657,perf_20261005-090518_clu_vm14-vm24_rate30_lat2node_r1,2,546,1791191291168,0,1791191291224.219,66.649,12.129,1791191291303.179,Normal,0.9241
vm2,136178,20261005-090518_clu_vm14-vm24_rate30_lat2node_r1,4664,perf_20261005-090518_clu_vm14-vm24_rate30_lat2node_r1,2,547,1791191291401,0,1791191291412.184,87.535,5.49,1791191291505.419,Normal,0.9048
vm2,136178,20261005-090518_clu_vm14-vm24_rate30_lat2node_r1,4692,perf_20261005-090518_clu_vm14-vm24_rate30_lat2node_r1,2,548,1791191292335,0,1791191292339.979,85.57,5.024,1791191292430.765,Normal,0.9468
vm2,136178,20261005-090518_clu_vm14-vm24_rate30_lat2node_r1,4696,perf_20261005-090518_clu_vm14-vm24_rate30_lat2node_r1,2,549,1791191292468,0,1791191292474.268,87.534,4.082,1791191292566.07,Normal,0.9309
vm2,136178,20261005-090518_clu_vm14-vm24_rate30_lat2node_r1,4697,perf_20261005-090518_clu_vm14-vm24_rate30_lat2node_r1,2,550,1791191292502,0,1791191292571.635,108.263,5.501,1791191292685.581,Normal,0.9681
vm2,136178,20261005-090518_clu_vm14-vm24_rate30_lat2node_r1,4705,perf_20261005-090518_clu_vm14-vm24_rate30_lat2node_r1,2,551,1791191292768,0,1791191292773.938,81.494,4.967,1791191292860.601,Normal,0.9475
vm2,136178,20261005-090518_clu_vm14-vm24_rate30_lat2node_r1,4711,perf_20261005-090518_clu_vm14-vm24_rate30_lat2node_r1,2,552,1791191292968,0,1791191292972.204,77.894,5.847,1791191293056.138,Normal,0.9412
vm2,136178,20261005-090518_clu_vm14-vm24_rate30_lat2node_r1,4716,perf_20261005-090518_clu_vm14-vm24_rate30_lat2node_r1,2,553,1791191293134,0,1791191293140.868,86.282,5.505,1791191293232.891,Normal,0.8095
vm2,136178,20261005-090518_clu_vm14-vm24_rate30_lat2node_r1,4723,perf_20261005-090518_clu_vm14-vm24_rate30_lat2node_r1,2,554,1791191293368,0,1791191293373.484,101.944,17.342,1791191293492.969,Normal,0.8039
vm2,136178,20261005-090518_clu_vm14-vm24_rate30_lat2node_r1,4727,perf_20261005-090518_clu_vm14-vm24_rate30_lat2node_r1,2,555,1791191293502,0,1791191293506.96,176.528,4.109,1791191293687.792,OFFENSIVE,0.9518
vm2,136178,20261005-090518_clu_vm14-vm24_rate30_lat2node_r1,4729,perf_20261005-090518_clu_vm14-vm24_rate30_lat2node_r1,2,556,1791191293568,0,1791191293690.842,77.93,6.137,1791191293775.098,Normal,0.9285
vm2,136178,20261005-090518_clu_vm14-vm24_rate30_lat2node_r1,4731,perf_20261005-090518_clu_vm14-vm24_rate30_lat2node_r1,2,557,1791191293635,0,1791191293775.345,79.839,5.098,1791191293860.471,Normal,0.9718
vm2,136178,20261005-090518_clu_vm14-vm24_rate30_lat2node_r1,4732,perf_20261005-090518_clu_vm14-vm24_rate30_lat2node_r1,2,558,1791191293670,0,1791191293860.711,87.032,4.712,1791191293952.655,Normal,0.942
vm2,136178,20261005-090518_clu_vm14-vm24_rate30_lat2node_r1,4755,perf_20261005-090518_clu_vm14-vm24_rate30_lat2node_r1,2,559,1791191294434,0,1791191294440.94,98.307,5.733,1791191294545.166,Normal,0.9571
vm2,136178,20261005-090518_clu_vm14-vm24_rate30_lat2node_r1,4768,perf_20261005-090518_clu_vm14-vm24_rate30_lat2node_r1,2,560,1791191294868,0,1791191294872.498,119.219,5.772,1791191294997.688,OFFENSIVE,0.4995
vm2,136178,20261005-090518_clu_vm14-vm24_rate30_lat2node_r1,4774,perf_20261005-090518_clu_vm14-vm24_rate30_lat2node_r1,2,561,1791191295068,0,1791191295072.727,81.458,5.611,1791191295160.008,Normal,0.9498
vm2,136178,20261005-090518_clu_vm14-vm24_rate30_lat2node_r1,4784,perf_20261005-090518_clu_vm14-vm24_rate30_lat2node_r1,2,562,1791191295401,0,1791191295406.391,68.795,5.707,1791191295481.084,Normal,0.8658
vm2,136178,20261005-090518_clu_vm14-vm24_rate30_lat2node_r1,4791,perf_20261005-090518_clu_vm14-vm24_rate30_lat2node_r1,2,563,1791191295635,0,1791191295640.448,93.584,5.208,1791191295739.467,Normal,0.951
vm2,136178,20261005-090518_clu_vm14-vm24_rate30_lat2node_r1,4792,perf_20261005-090518_clu_vm14-vm24_rate30_lat2node_r1,2,564,1791191295668,0,1791191295742.341,83.831,4.977,1791191295831.342,Normal,0.9561
vm2,136178,20261005-090518_clu_vm14-vm24_rate30_lat2node_r1,4794,perf_20261005-090518_clu_vm14-vm24_rate30_lat2node_r1,2,565,1791191295735,0,1791191295831.577,72.943,6.405,1791191295911.108,Normal,0.8735
vm2,136178,20261005-090518_clu_vm14-vm24_rate30_lat2node_r1,4799,perf_20261005-090518_clu_vm14-vm24_rate30_lat2node_r1,2,566,1791191295902,0,1791191295914.176,73.803,4.47,1791191295992.631,Normal,0.9023
vm2,136178,20261005-090518_clu_vm14-vm24_rate30_lat2node_r1,4816,perf_20261005-090518_clu_vm14-vm24_rate30_lat2node_r1,2,567,1791191296468,0,1791191296473.708,67.44,4.481,1791191296545.903,Normal,0.9608
vm2,136178,20261005-090518_clu_vm14-vm24_rate30_lat2node_r1,4821,perf_20261005-090518_clu_vm14-vm24_rate30_lat2node_r1,2,568,1791191296635,0,1791191296639.325,110.332,5.203,1791191296755.045,Normal,0.963
vm2,136178,20261005-090518_clu_vm14-vm24_rate30_lat2node_r1,4835,perf_20261005-090518_clu_vm14-vm24_rate30_lat2node_r1,2,569,1791191297101,0,1791191297107.134,83.088,5.105,1791191297195.53,Normal,0.9504
vm2,136178,20261005-090518_clu_vm14-vm24_rate30_lat2node_r1,4845,perf_20261005-090518_clu_vm14-vm24_rate30_lat2node_r1,2,570,1791191297435,0,1791191297439.856,83.235,5.02,1791191297528.303,Normal,0.9567
vm2,136178,20261005-090518_clu_vm14-vm24_rate30_lat2node_r1,4847,perf_20261005-090518_clu_vm14-vm24_rate30_lat2node_r1,2,571,1791191297501,0,1791191297531.179,71.563,5.795,1791191297608.716,Normal,0.9384
vm2,136178,20261005-090518_clu_vm14-vm24_rate30_lat2node_r1,4860,perf_20261005-090518_clu_vm14-vm24_rate30_lat2node_r1,2,572,1791191297935,0,1791191297940.259,79.588,5.554,1791191298025.6,Normal,0.9584
vm2,136178,20261005-090518_clu_vm14-vm24_rate30_lat2node_r1,4864,perf_20261005-090518_clu_vm14-vm24_rate30_lat2node_r1,2,573,1791191298068,0,1791191298074.126,90.069,4.153,1791191298168.552,Normal,0.9711
vm2,136178,20261005-090518_clu_vm14-vm24_rate30_lat2node_r1,4871,perf_20261005-090518_clu_vm14-vm24_rate30_lat2node_r1,2,574,1791191298302,0,1791191298307.327,89.151,4.923,1791191298401.611,Normal,0.9723
vm2,136178,20261005-090518_clu_vm14-vm24_rate30_lat2node_r1,4872,perf_20261005-090518_clu_vm14-vm24_rate30_lat2node_r1,2,575,1791191298335,0,1791191298404.591,74.605,6.834,1791191298486.213,Normal,0.5047
vm2,136178,20261005-090518_clu_vm14-vm24_rate30_lat2node_r1,4873,perf_20261005-090518_clu_vm14-vm24_rate30_lat2node_r1,2,576,1791191298368,0,1791191298486.454,119.714,4.929,1791191298611.282,Normal,0.9766
vm2,136178,20261005-090518_clu_vm14-vm24_rate30_lat2node_r1,4894,perf_20261005-090518_clu_vm14-vm24_rate30_lat2node_r1,2,577,1791191299068,0,1791191299072.751,76.075,4.878,1791191299153.893,Normal,0.9475
vm2,136178,20261005-090518_clu_vm14-vm24_rate30_lat2node_r1,4902,perf_20261005-090518_clu_vm14-vm24_rate30_lat2node_r1,2,578,1791191299335,0,1791191299340.183,83.985,5.32,1791191299429.683,Normal,0.943
vm2,136178,20261005-090518_clu_vm14-vm24_rate30_lat2node_r1,4907,perf_20261005-090518_clu_vm14-vm24_rate30_lat2node_r1,2,579,1791191299501,0,1791191299506.621,90.748,5.929,1791191299603.487,Normal,0.9473
vm2,136178,20261005-090518_clu_vm14-vm24_rate30_lat2node_r1,4923,perf_20261005-090518_clu_vm14-vm24_rate30_lat2node_r1,2,580,1791191300035,0,1791191300039.941,72.24,5.099,1791191300117.476,Normal,0.7874
vm2,136178,20261005-090518_clu_vm14-vm24_rate30_lat2node_r1,4943,perf_20261005-090518_clu_vm14-vm24_rate30_lat2node_r1,2,581,1791191300701,0,1791191300706.273,83.051,5.589,1791191300795.113,Normal,0.9509
vm2,136178,20261005-090518_clu_vm14-vm24_rate30_lat2node_r1,4946,perf_20261005-090518_clu_vm14-vm24_rate30_lat2node_r1,2,582,1791191300801,0,1791191300805.507,79.917,5.255,1791191300890.865,Normal,0.956
vm2,136178,20261005-090518_clu_vm14-vm24_rate30_lat2node_r1,4952,perf_20261005-090518_clu_vm14-vm24_rate30_lat2node_r1,2,583,1791191301001,0,1791191301008.07,107.786,6.731,1791191301122.819,Normal,0.9653
vm2,136178,20261005-090518_clu_vm14-vm24_rate30_lat2node_r1,4970,perf_20261005-090518_clu_vm14-vm24_rate30_lat2node_r1,2,584,1791191301601,0,1791191301606.396,76.211,5.102,1791191301687.916,Normal,0.9608
vm2,136178,20261005-090518_clu_vm14-vm24_rate30_lat2node_r1,4979,perf_20261005-090518_clu_vm14-vm24_rate30_lat2node_r1,2,585,1791191301901,0,1791191301907.139,87.839,12.808,1791191302007.993,Normal,0.9473
vm2,136178,20261005-090518_clu_vm14-vm24_rate30_lat2node_r1,4994,perf_20261005-090518_clu_vm14-vm24_rate30_lat2node_r1,2,586,1791191302401,0,1791191302407.446,78.881,5.502,1791191302492.027,Normal,0.9418
vm2,136178,20261005-090518_clu_vm14-vm24_rate30_lat2node_r1,5005,perf_20261005-090518_clu_vm14-vm24_rate30_lat2node_r1,2,587,1791191302768,0,1791191302772.771,76.594,5.208,1791191302854.757,Normal,0.8695
vm2,136178,20261005-090518_clu_vm14-vm24_rate30_lat2node_r1,5015,perf_20261005-090518_clu_vm14-vm24_rate30_lat2node_r1,2,588,1791191303101,0,1791191303106.58,94.108,5.655,1791191303206.54,Normal,0.8683
vm2,136178,20261005-090518_clu_vm14-vm24_rate30_lat2node_r1,5029,perf_20261005-090518_clu_vm14-vm24_rate30_lat2node_r1,2,589,1791191303568,0,1791191303574.448,104.115,4.677,1791191303683.444,Normal,0.9703
vm2,136178,20261005-090518_clu_vm14-vm24_rate30_lat2node_r1,5031,perf_20261005-090518_clu_vm14-vm24_rate30_lat2node_r1,2,590,1791191303639,0,1791191303686.193,73.143,4.473,1791191303763.995,Normal,0.9572
vm2,136178,20261005-090518_clu_vm14-vm24_rate30_lat2node_r1,5036,perf_20261005-090518_clu_vm14-vm24_rate30_lat2node_r1,2,591,1791191303801,0,1791191303805.334,111.22,4.98,1791191303921.732,Normal,0.9441
vm2,136178,20261005-090518_clu_vm14-vm24_rate30_lat2node_r1,5049,perf_20261005-090518_clu_vm14-vm24_rate30_lat2node_r1,2,592,1791191304235,0,1791191304244.483,82.361,10.47,1791191304337.502,Normal,0.9627
vm2,136178,20261005-090518_clu_vm14-vm24_rate30_lat2node_r1,5055,perf_20261005-090518_clu_vm14-vm24_rate30_lat2node_r1,2,593,1791191304434,0,1791191304441.002,125.199,5.069,1791191304571.461,Normal,0.9473
vm2,136178,20261005-090518_clu_vm14-vm24_rate30_lat2node_r1,5058,perf_20261005-090518_clu_vm14-vm24_rate30_lat2node_r1,2,594,1791191304534,0,1791191304574.69,73.74,5.106,1791191304653.718,Normal,0.8052
vm2,136178,20261005-090518_clu_vm14-vm24_rate30_lat2node_r1,5059,perf_20261005-090518_clu_vm14-vm24_rate30_lat2node_r1,2,595,1791191304568,0,1791191304653.949,112.983,4.411,1791191304771.541,Normal,0.9527
vm2,136178,20261005-090518_clu_vm14-vm24_rate30_lat2node_r1,5067,perf_20261005-090518_clu_vm14-vm24_rate30_lat2node_r1,2,596,1791191304835,0,1791191304840.981,89.803,4.265,1791191304935.243,Normal,0.9686
vm2,136178,20261005-090518_clu_vm14-vm24_rate30_lat2node_r1,5074,perf_20261005-090518_clu_vm14-vm24_rate30_lat2node_r1,2,597,1791191305068,0,1791191305072.955,120.95,5.271,1791191305199.366,OFFENSIVE,0.8184
vm2,136178,20261005-090518_clu_vm14-vm24_rate30_lat2node_r1,5077,perf_20261005-090518_clu_vm14-vm24_rate30_lat2node_r1,2,598,1791191305168,0,1791191305202.622,78.205,5.104,1791191305286.136,Normal,0.9672
vm2,136178,20261005-090518_clu_vm14-vm24_rate30_lat2node_r1,5083,perf_20261005-090518_clu_vm14-vm24_rate30_lat2node_r1,2,599,1791191305368,0,1791191305374.748,85.364,4.591,1791191305464.899,Normal,0.9604
vm2,136178,20261005-090518_clu_vm14-vm24_rate30_lat2node_r1,5085,perf_20261005-090518_clu_vm14-vm24_rate30_lat2node_r1,2,600,1791191305435,0,1791191305468.004,83.883,5.95,1791191305558.021,Normal,0.9444
vm2,136178,20261005-090518_clu_vm14-vm24_rate30_lat2node_r1,5086,perf_20261005-090518_clu_vm14-vm24_rate30_lat2node_r1,2,601,1791191305468,0,1791191305560.958,77.148,5.233,1791191305643.518,Normal,0.9679
vm2,136178,20261005-090518_clu_vm14-vm24_rate30_lat2node_r1,5089,perf_20261005-090518_clu_vm14-vm24_rate30_lat2node_r1,2,602,1791191305568,0,1791191305646.399,72.785,5.016,1791191305724.405,Normal,0.9593
vm2,136178,20261005-090518_clu_vm14-vm24_rate30_lat2node_r1,5095,perf_20261005-090518_clu_vm14-vm24_rate30_lat2node_r1,2,603,1791191305768,0,1791191305774.017,89.023,5.025,1791191305868.248,OFFENSIVE,0.9006
vm2,136178,20261005-090518_clu_vm14-vm24_rate30_lat2node_r1,5103,perf_20261005-090518_clu_vm14-vm24_rate30_lat2node_r1,2,604,1791191306035,0,1791191306040.457,79.578,5.404,1791191306125.628,Normal,0.7772
vm2,136178,20261005-090518_clu_vm14-vm24_rate30_lat2node_r1,5107,perf_20261005-090518_clu_vm14-vm24_rate30_lat2node_r1,2,605,1791191306168,0,1791191306173.476,113.852,5.961,1791191306293.476,Normal,0.8844
vm2,136178,20261005-090518_clu_vm14-vm24_rate30_lat2node_r1,5119,perf_20261005-090518_clu_vm14-vm24_rate30_lat2node_r1,2,606,1791191306568,0,1791191306573.14,80.681,4.689,1791191306658.697,Normal,0.9608
vm2,136178,20261005-090518_clu_vm14-vm24_rate30_lat2node_r1,5150,perf_20261005-090518_clu_vm14-vm24_rate30_lat2node_r1,2,607,1791191307601,0,1791191307607.976,83.678,5.597,1791191307697.443,Normal,0.9616
vm2,136178,20261005-090518_clu_vm14-vm24_rate30_lat2node_r1,5157,perf_20261005-090518_clu_vm14-vm24_rate30_lat2node_r1,2,608,1791191307835,0,1791191307840.204,91.338,5.94,1791191307938.111,Normal,0.9026
vm2,136178,20261005-090518_clu_vm14-vm24_rate30_lat2node_r1,5160,perf_20261005-090518_clu_vm14-vm24_rate30_lat2node_r1,2,609,1791191307935,0,1791191307940.874,99.583,5.643,1791191308046.315,Normal,0.954
vm2,136178,20261005-090518_clu_vm14-vm24_rate30_lat2node_r1,5167,perf_20261005-090518_clu_vm14-vm24_rate30_lat2node_r1,2,610,1791191308168,0,1791191308173.097,91.218,4.926,1791191308269.435,Normal,0.7848
vm2,136178,20261005-090518_clu_vm14-vm24_rate30_lat2node_r1,5199,perf_20261005-090518_clu_vm14-vm24_rate30_lat2node_r1,2,611,1791191309235,0,1791191309241.551,96.556,4.336,1791191309342.682,Normal,0.9375
vm2,136178,20261005-090518_clu_vm14-vm24_rate30_lat2node_r1,5206,perf_20261005-090518_clu_vm14-vm24_rate30_lat2node_r1,2,612,1791191309468,0,1791191309473.515,60.256,6.204,1791191309540.211,Normal,0.8853
vm2,136178,20261005-090518_clu_vm14-vm24_rate30_lat2node_r1,5216,perf_20261005-090518_clu_vm14-vm24_rate30_lat2node_r1,2,613,1791191309801,0,1791191309806.514,91.056,4.158,1791191309901.918,Normal,0.9688
vm2,136178,20261005-090518_clu_vm14-vm24_rate30_lat2node_r1,5217,perf_20261005-090518_clu_vm14-vm24_rate30_lat2node_r1,2,614,1791191309835,0,1791191309907.329,77.698,4.63,1791191309989.841,Normal,0.9702
vm2,136178,20261005-090518_clu_vm14-vm24_rate30_lat2node_r1,5221,perf_20261005-090518_clu_vm14-vm24_rate30_lat2node_r1,2,615,1791191309968,0,1791191309992.529,76.609,6.37,1791191310075.776,Normal,0.9423
vm2,136178,20261005-090518_clu_vm14-vm24_rate30_lat2node_r1,5228,perf_20261005-090518_clu_vm14-vm24_rate30_lat2node_r1,2,616,1791191310201,0,1791191310206.523,81.857,4.116,1791191310292.688,Normal,0.9555
vm2,136178,20261005-090518_clu_vm14-vm24_rate30_lat2node_r1,5252,perf_20261005-090518_clu_vm14-vm24_rate30_lat2node_r1,2,617,1791191311001,0,1791191311006.343,179.642,3.954,1791191311190.134,Normal,0.9641
vm2,136178,20261005-090518_clu_vm14-vm24_rate30_lat2node_r1,5259,perf_20261005-090518_clu_vm14-vm24_rate30_lat2node_r1,2,618,1791191311235,0,1791191311240.967,88.735,5.383,1791191311335.27,Normal,0.9526
vm2,136178,20261005-090518_clu_vm14-vm24_rate30_lat2node_r1,5287,perf_20261005-090518_clu_vm14-vm24_rate30_lat2node_r1,2,619,1791191312169,0,1791191312175.138,86.057,5.497,1791191312266.971,Normal,0.9604
vm2,136178,20261005-090518_clu_vm14-vm24_rate30_lat2node_r1,5295,perf_20261005-090518_clu_vm14-vm24_rate30_lat2node_r1,2,620,1791191312435,0,1791191312439.55,82.368,4.944,1791191312527.048,Normal,0.9746
vm2,136178,20261005-090518_clu_vm14-vm24_rate30_lat2node_r1,5297,perf_20261005-090518_clu_vm14-vm24_rate30_lat2node_r1,2,621,1791191312501,0,1791191312530.011,87.981,5.515,1791191312623.685,Normal,0.9549
vm2,136178,20261005-090518_clu_vm14-vm24_rate30_lat2node_r1,5298,perf_20261005-090518_clu_vm14-vm24_rate30_lat2node_r1,2,622,1791191312535,0,1791191312626.604,118.032,5.031,1791191312749.863,Normal,0.9718
vm2,136178,20261005-090518_clu_vm14-vm24_rate30_lat2node_r1,5309,perf_20261005-090518_clu_vm14-vm24_rate30_lat2node_r1,2,623,1791191312901,0,1791191312906.701,77.74,5.087,1791191312989.734,Normal,0.9375
vm2,136178,20261005-090518_clu_vm14-vm24_rate30_lat2node_r1,5314,perf_20261005-090518_clu_vm14-vm24_rate30_lat2node_r1,2,624,1791191313068,0,1791191313073.169,93.649,7.553,1791191313174.554,Normal,0.9663
vm2,136178,20261005-090518_clu_vm14-vm24_rate30_lat2node_r1,5324,perf_20261005-090518_clu_vm14-vm24_rate30_lat2node_r1,2,625,1791191313402,0,1791191313409.567,108.853,5.794,1791191313524.402,Normal,0.9626
vm2,136178,20261005-090518_clu_vm14-vm24_rate30_lat2node_r1,5330,perf_20261005-090518_clu_vm14-vm24_rate30_lat2node_r1,2,626,1791191313601,0,1791191313606.876,78.025,5.545,1791191313690.662,Normal,0.9262
vm2,136178,20261005-090518_clu_vm14-vm24_rate30_lat2node_r1,5338,perf_20261005-090518_clu_vm14-vm24_rate30_lat2node_r1,2,627,1791191313868,0,1791191313873.738,80.731,5.703,1791191313960.362,Normal,0.95
vm2,136178,20261005-090518_clu_vm14-vm24_rate30_lat2node_r1,5345,perf_20261005-090518_clu_vm14-vm24_rate30_lat2node_r1,2,628,1791191314101,0,1791191314106.818,82.015,5.135,1791191314194.158,Normal,0.943
vm2,136178,20261005-090518_clu_vm14-vm24_rate30_lat2node_r1,5356,perf_20261005-090518_clu_vm14-vm24_rate30_lat2node_r1,2,629,1791191314468,0,1791191314472.049,150.526,5.586,1791191314628.379,Normal,0.9529
vm2,136178,20261005-090518_clu_vm14-vm24_rate30_lat2node_r1,5358,perf_20261005-090518_clu_vm14-vm24_rate30_lat2node_r1,2,630,1791191314534,0,1791191314631.814,83.611,6.295,1791191314721.916,Normal,0.9427
vm2,136178,20261005-090518_clu_vm14-vm24_rate30_lat2node_r1,5360,perf_20261005-090518_clu_vm14-vm24_rate30_lat2node_r1,2,631,1791191314601,0,1791191314722.257,183.48,4.363,1791191314910.304,Normal,0.9714
vm2,136178,20261005-090518_clu_vm14-vm24_rate30_lat2node_r1,5366,perf_20261005-090518_clu_vm14-vm24_rate30_lat2node_r1,2,632,1791191314801,0,1791191314913.605,92.252,5.516,1791191315011.566,Normal,0.9727
vm2,136178,20261005-090518_clu_vm14-vm24_rate30_lat2node_r1,5377,perf_20261005-090518_clu_vm14-vm24_rate30_lat2node_r1,2,633,1791191315168,0,1791191315173.395,95.67,5.893,1791191315275.226,Normal,0.9509
vm2,136178,20261005-090518_clu_vm14-vm24_rate30_lat2node_r1,5386,perf_20261005-090518_clu_vm14-vm24_rate30_lat2node_r1,2,634,1791191315468,0,1791191315477.09,73.221,4.068,1791191315554.56,Normal,0.9701
vm2,136178,20261005-090518_clu_vm14-vm24_rate30_lat2node_r1,5388,perf_20261005-090518_clu_vm14-vm24_rate30_lat2node_r1,2,635,1791191315535,0,1791191315557.043,92.427,3.902,1791191315653.548,Normal,0.9324
vm2,136178,20261005-090518_clu_vm14-vm24_rate30_lat2node_r1,5397,perf_20261005-090518_clu_vm14-vm24_rate30_lat2node_r1,2,636,1791191315835,0,1791191315840.836,95.179,4.278,1791191315940.489,Normal,0.9331
vm2,136178,20261005-090518_clu_vm14-vm24_rate30_lat2node_r1,5408,perf_20261005-090518_clu_vm14-vm24_rate30_lat2node_r1,2,637,1791191316201,0,1791191316220.786,74.92,4.692,1791191316300.591,Normal,0.9667
vm2,136178,20261005-090518_clu_vm14-vm24_rate30_lat2node_r1,5409,perf_20261005-090518_clu_vm14-vm24_rate30_lat2node_r1,2,638,1791191316235,0,1791191316302.99,60.98,26.788,1791191316391.016,Normal,0.9455
vm2,136178,20261005-090518_clu_vm14-vm24_rate30_lat2node_r1,5423,perf_20261005-090518_clu_vm14-vm24_rate30_lat2node_r1,2,639,1791191316701,0,1791191316713.011,65.468,4.724,1791191316783.393,Normal,0.8959
vm2,136178,20261005-090518_clu_vm14-vm24_rate30_lat2node_r1,5431,perf_20261005-090518_clu_vm14-vm24_rate30_lat2node_r1,2,640,1791191316974,0,1791191316982.893,71.178,4.022,1791191317058.292,Normal,0.8958
vm2,136178,20261005-090518_clu_vm14-vm24_rate30_lat2node_r1,5462,perf_20261005-090518_clu_vm14-vm24_rate30_lat2node_r1,2,641,1791191318001,0,1791191318006.477,69.961,5.246,1791191318081.872,Normal,0.8813
vm2,136178,20261005-090518_clu_vm14-vm24_rate30_lat2node_r1,5463,perf_20261005-090518_clu_vm14-vm24_rate30_lat2node_r1,2,642,1791191318035,0,1791191318084.521,62.39,5.095,1791191318152.183,Normal,0.9375
vm2,136178,20261005-090518_clu_vm14-vm24_rate30_lat2node_r1,5471,perf_20261005-090518_clu_vm14-vm24_rate30_lat2node_r1,2,643,1791191318301,0,1791191318306.709,80.937,4.963,1791191318392.804,Normal,0.8445
vm2,136178,20261005-090518_clu_vm14-vm24_rate30_lat2node_r1,5476,perf_20261005-090518_clu_vm14-vm24_rate30_lat2node_r1,2,644,1791191318468,0,1791191318472.887,61.265,4.671,1791191318539.003,Normal,0.9725
vm2,136178,20261005-090518_clu_vm14-vm24_rate30_lat2node_r1,5480,perf_20261005-090518_clu_vm14-vm24_rate30_lat2node_r1,2,645,1791191318601,0,1791191318606.991,61.074,5.455,1791191318673.703,Normal,0.7648
vm2,136178,20261005-090518_clu_vm14-vm24_rate30_lat2node_r1,5482,perf_20261005-090518_clu_vm14-vm24_rate30_lat2node_r1,2,646,1791191318668,0,1791191318676.364,77.116,5.051,1791191318758.707,Normal,0.9638
vm2,136178,20261005-090518_clu_vm14-vm24_rate30_lat2node_r1,5493,perf_20261005-090518_clu_vm14-vm24_rate30_lat2node_r1,2,647,1791191319035,0,1791191319040.781,101.53,5.801,1791191319148.294,Normal,0.9279
vm2,136178,20261005-090518_clu_vm14-vm24_rate30_lat2node_r1,5500,perf_20261005-090518_clu_vm14-vm24_rate30_lat2node_r1,2,648,1791191319268,0,1791191319273.186,60.109,4.831,1791191319338.304,Normal,0.9116
vm2,136178,20261005-090518_clu_vm14-vm24_rate30_lat2node_r1,5502,perf_20261005-090518_clu_vm14-vm24_rate30_lat2node_r1,2,649,1791191319335,0,1791191319340.763,72.694,5.052,1791191319418.688,Normal,0.9506
vm2,136178,20261005-090518_clu_vm14-vm24_rate30_lat2node_r1,5515,perf_20261005-090518_clu_vm14-vm24_rate30_lat2node_r1,2,650,1791191319768,0,1791191319773.348,98.933,4.671,1791191319877.156,Normal,0.908
vm2,136178,20261005-090518_clu_vm14-vm24_rate30_lat2node_r1,5517,perf_20261005-090518_clu_vm14-vm24_rate30_lat2node_r1,2,651,1791191319835,0,1791191319879.8,64.283,3.728,1791191319947.991,Normal,0.9569
vm2,136178,20261005-090518_clu_vm14-vm24_rate30_lat2node_r1,5544,perf_20261005-090518_clu_vm14-vm24_rate30_lat2node_r1,2,652,1791191320735,0,1791191320738.844,69.927,5.157,1791191320814.105,Normal,0.9485
vm2,136178,20261005-090518_clu_vm14-vm24_rate30_lat2node_r1,5572,perf_20261005-090518_clu_vm14-vm24_rate30_lat2node_r1,2,653,1791191321668,0,1791191321674.15,76.779,5.773,1791191321756.895,Normal,0.8029
vm2,136178,20261005-090518_clu_vm14-vm24_rate30_lat2node_r1,5574,perf_20261005-090518_clu_vm14-vm24_rate30_lat2node_r1,2,654,1791191321735,0,1791191321759.663,74.277,5.473,1791191321839.596,Normal,0.9375
vm2,136178,20261005-090518_clu_vm14-vm24_rate30_lat2node_r1,5575,perf_20261005-090518_clu_vm14-vm24_rate30_lat2node_r1,2,655,1791191321768,0,1791191321842.167,68.578,5.256,1791191321916.182,Normal,0.9639
vm2,136178,20261005-090518_clu_vm14-vm24_rate30_lat2node_r1,5588,perf_20261005-090518_clu_vm14-vm24_rate30_lat2node_r1,2,656,1791191322201,0,1791191322207.015,87.622,5.566,1791191322300.388,Normal,0.9633
vm2,136178,20261005-090518_clu_vm14-vm24_rate30_lat2node_r1,5603,perf_20261005-090518_clu_vm14-vm24_rate30_lat2node_r1,2,657,1791191322701,0,1791191322707.18,102.575,5.321,1791191322815.288,Normal,0.9099
vm2,136178,20261005-090518_clu_vm14-vm24_rate30_lat2node_r1,5612,perf_20261005-090518_clu_vm14-vm24_rate30_lat2node_r1,2,658,1791191323001,0,1791191323007.507,85.113,5.884,1791191323098.772,Normal,0.9375
vm2,136178,20261005-090518_clu_vm14-vm24_rate30_lat2node_r1,5615,perf_20261005-090518_clu_vm14-vm24_rate30_lat2node_r1,2,659,1791191323101,0,1791191323106.393,83.526,5.488,1791191323195.596,Normal,0.9559
vm2,136178,20261005-090518_clu_vm14-vm24_rate30_lat2node_r1,5621,perf_20261005-090518_clu_vm14-vm24_rate30_lat2node_r1,2,660,1791191323301,0,1791191323306.85,84.769,5.436,1791191323397.296,Normal,0.4452
vm2,136178,20261005-090518_clu_vm14-vm24_rate30_lat2node_r1,5628,perf_20261005-090518_clu_vm14-vm24_rate30_lat2node_r1,2,661,1791191323535,0,1791191323540.245,86.154,5.414,1791191323632.017,Normal,0.5207
vm2,136178,20261005-090518_clu_vm14-vm24_rate30_lat2node_r1,5636,perf_20261005-090518_clu_vm14-vm24_rate30_lat2node_r1,2,662,1791191323801,0,1791191323806.037,92.44,5.043,1791191323903.726,Normal,0.8877
vm2,136178,20261005-090518_clu_vm14-vm24_rate30_lat2node_r1,5652,perf_20261005-090518_clu_vm14-vm24_rate30_lat2node_r1,2,663,1791191324334,0,1791191324340.61,91.277,5.433,1791191324437.508,Normal,0.9529
vm2,136178,20261005-090518_clu_vm14-vm24_rate30_lat2node_r1,5689,perf_20261005-090518_clu_vm14-vm24_rate30_lat2node_r1,2,664,1791191325568,0,1791191325573.743,81.84,5.115,1791191325660.907,Normal,0.9527
vm2,136178,20261005-090518_clu_vm14-vm24_rate30_lat2node_r1,5691,perf_20261005-090518_clu_vm14-vm24_rate30_lat2node_r1,2,665,1791191325635,0,1791191325663.9,112.347,5.329,1791191325781.769,Normal,0.9779
vm2,136178,20261005-090518_clu_vm14-vm24_rate30_lat2node_r1,5693,perf_20261005-090518_clu_vm14-vm24_rate30_lat2node_r1,2,666,1791191325701,0,1791191325784.875,77.854,5.891,1791191325868.819,Normal,0.9083
vm2,136178,20261005-090518_clu_vm14-vm24_rate30_lat2node_r1,5695,perf_20261005-090518_clu_vm14-vm24_rate30_lat2node_r1,2,667,1791191325768,0,1791191325869.169,414.556,5.533,1791191326289.504,Normal,0.9534
vm2,136178,20261005-090518_clu_vm14-vm24_rate30_lat2node_r1,5718,perf_20261005-090518_clu_vm14-vm24_rate30_lat2node_r1,2,668,1791191326535,0,1791191326540.695,169.238,5.595,1791191326715.728,Normal,0.9736
vm2,136178,20261005-090518_clu_vm14-vm24_rate30_lat2node_r1,5725,perf_20261005-090518_clu_vm14-vm24_rate30_lat2node_r1,2,669,1791191326768,0,1791191326774.371,154.664,5.749,1791191326935.106,Normal,0.9766
vm2,136178,20261005-090518_clu_vm14-vm24_rate30_lat2node_r1,5738,perf_20261005-090518_clu_vm14-vm24_rate30_lat2node_r1,2,670,1791191327201,0,1791191327207.675,90.322,5.305,1791191327303.514,Normal,0.9537
vm2,136178,20261005-090518_clu_vm14-vm24_rate30_lat2node_r1,5744,perf_20261005-090518_clu_vm14-vm24_rate30_lat2node_r1,2,671,1791191327401,0,1791191327407.445,101.023,5.325,1791191327513.999,Normal,0.9357
vm2,136178,20261005-090518_clu_vm14-vm24_rate30_lat2node_r1,5749,perf_20261005-090518_clu_vm14-vm24_rate30_lat2node_r1,2,672,1791191327568,0,1791191327574.294,236.736,5.605,1791191327816.856,Normal,0.9795
vm2,136178,20261005-090518_clu_vm14-vm24_rate30_lat2node_r1,5761,perf_20261005-090518_clu_vm14-vm24_rate30_lat2node_r1,2,673,1791191327968,0,1791191327975.617,121.262,6.322,1791191328103.405,Normal,0.8835
vm2,136178,20261005-090518_clu_vm14-vm24_rate30_lat2node_r1,5763,perf_20261005-090518_clu_vm14-vm24_rate30_lat2node_r1,2,674,1791191328035,0,1791191328116.041,104.531,4.864,1791191328225.624,Normal,0.4703
vm2,136178,20261005-090518_clu_vm14-vm24_rate30_lat2node_r1,5776,perf_20261005-090518_clu_vm14-vm24_rate30_lat2node_r1,2,675,1791191328468,0,1791191328474.977,99.602,11.384,1791191328586.161,Normal,0.9631
vm2,136178,20261005-090518_clu_vm14-vm24_rate30_lat2node_r1,5787,perf_20261005-090518_clu_vm14-vm24_rate30_lat2node_r1,2,676,1791191328835,0,1791191328840.995,77.634,4.836,1791191328923.649,Normal,0.9361
vm2,136178,20261005-090518_clu_vm14-vm24_rate30_lat2node_r1,5789,perf_20261005-090518_clu_vm14-vm24_rate30_lat2node_r1,2,677,1791191328901,0,1791191328926.398,119.42,4.768,1791191329050.777,Normal,0.9562
vm2,136178,20261005-090518_clu_vm14-vm24_rate30_lat2node_r1,5792,perf_20261005-090518_clu_vm14-vm24_rate30_lat2node_r1,2,678,1791191329001,0,1791191329053.666,184.722,4.95,1791191329243.523,Normal,0.9651
vm2,136178,20261005-090518_clu_vm14-vm24_rate30_lat2node_r1,5795,perf_20261005-090518_clu_vm14-vm24_rate30_lat2node_r1,2,679,1791191329101,0,1791191329246.066,74.517,5.676,1791191329326.436,Normal,0.9434
vm2,136178,20261005-090518_clu_vm14-vm24_rate30_lat2node_r1,5802,perf_20261005-090518_clu_vm14-vm24_rate30_lat2node_r1,2,680,1791191329334,0,1791191329338.121,88.739,4.329,1791191329431.394,Normal,0.9522
vm2,136178,20261005-090518_clu_vm14-vm24_rate30_lat2node_r1,5809,perf_20261005-090518_clu_vm14-vm24_rate30_lat2node_r1,2,681,1791191329568,0,1791191329575.264,75.013,4.398,1791191329654.862,Normal,0.9608
vm2,136178,20261005-090518_clu_vm14-vm24_rate30_lat2node_r1,5814,perf_20261005-090518_clu_vm14-vm24_rate30_lat2node_r1,2,682,1791191329735,0,1791191329740.87,83.577,5.082,1791191329829.722,Normal,0.5254
vm2,136178,20261005-090518_clu_vm14-vm24_rate30_lat2node_r1,5823,perf_20261005-090518_clu_vm14-vm24_rate30_lat2node_r1,2,683,1791191330034,0,1791191330039.763,91.714,5.465,1791191330137.127,Normal,0.8831
vm2,136178,20261005-090518_clu_vm14-vm24_rate30_lat2node_r1,5844,perf_20261005-090518_clu_vm14-vm24_rate30_lat2node_r1,2,684,1791191330735,0,1791191330740.034,165.569,8.141,1791191330913.964,Normal,0.9648
vm2,136178,20261005-090518_clu_vm14-vm24_rate30_lat2node_r1,5852,perf_20261005-090518_clu_vm14-vm24_rate30_lat2node_r1,2,685,1791191331001,0,1791191331007.095,87.85,5.369,1791191331100.53,Normal,0.873
vm2,136178,20261005-090518_clu_vm14-vm24_rate30_lat2node_r1,5853,perf_20261005-090518_clu_vm14-vm24_rate30_lat2node_r1,2,686,1791191331035,0,1791191331103.423,85.542,11.457,1791191331200.615,Normal,0.9647
vm2,136178,20261005-090518_clu_vm14-vm24_rate30_lat2node_r1,5860,perf_20261005-090518_clu_vm14-vm24_rate30_lat2node_r1,2,687,1791191331268,0,1791191331272.659,115.493,5.47,1791191331393.824,Normal,0.9711
vm2,136178,20261005-090518_clu_vm14-vm24_rate30_lat2node_r1,5885,perf_20261005-090518_clu_vm14-vm24_rate30_lat2node_r1,2,688,1791191332101,0,1791191332106.375,79.814,4.984,1791191332191.353,Normal,0.9151
vm2,136178,20261005-090518_clu_vm14-vm24_rate30_lat2node_r1,5890,perf_20261005-090518_clu_vm14-vm24_rate30_lat2node_r1,2,689,1791191332268,0,1791191332273.435,65.12,4.626,1791191332343.36,Normal,0.8909
vm2,136178,20261005-090518_clu_vm14-vm24_rate30_lat2node_r1,5925,perf_20261005-090518_clu_vm14-vm24_rate30_lat2node_r1,2,690,1791191333435,0,1791191333440.313,86.633,5.532,1791191333532.697,Normal,0.9375
vm2,136178,20261005-090518_clu_vm14-vm24_rate30_lat2node_r1,5931,perf_20261005-090518_clu_vm14-vm24_rate30_lat2node_r1,2,691,1791191333635,0,1791191333639.525,94.704,5.729,1791191333740.157,Normal,0.9615
vm2,136178,20261005-090518_clu_vm14-vm24_rate30_lat2node_r1,5932,perf_20261005-090518_clu_vm14-vm24_rate30_lat2node_r1,2,692,1791191333668,0,1791191333742.926,89.904,4.843,1791191333837.871,Normal,0.9665
vm2,136178,20261005-090518_clu_vm14-vm24_rate30_lat2node_r1,5939,perf_20261005-090518_clu_vm14-vm24_rate30_lat2node_r1,2,693,1791191333901,0,1791191333905.79,77.314,5.641,1791191333988.931,Normal,0.9303
vm2,136178,20261005-090518_clu_vm14-vm24_rate30_lat2node_r1,5940,perf_20261005-090518_clu_vm14-vm24_rate30_lat2node_r1,2,694,1791191333934,0,1791191333991.773,81.307,4.773,1791191334078.093,Normal,0.9473
vm2,136178,20261005-090518_clu_vm14-vm24_rate30_lat2node_r1,5944,perf_20261005-090518_clu_vm14-vm24_rate30_lat2node_r1,2,695,1791191334068,0,1791191334080.933,77.119,5.655,1791191334163.884,Normal,0.9304
vm2,136178,20261005-090518_clu_vm14-vm24_rate30_lat2node_r1,5948,perf_20261005-090518_clu_vm14-vm24_rate30_lat2node_r1,2,696,1791191334202,0,1791191334206.734,95.214,4.868,1791191334307.0,Normal,0.8184
vm2,136178,20261005-090518_clu_vm14-vm24_rate30_lat2node_r1,5955,perf_20261005-090518_clu_vm14-vm24_rate30_lat2node_r1,2,697,1791191334434,0,1791191334439.468,86.207,6.023,1791191334531.905,Normal,0.9621
vm2,136178,20261005-090518_clu_vm14-vm24_rate30_lat2node_r1,5965,perf_20261005-090518_clu_vm14-vm24_rate30_lat2node_r1,2,698,1791191334768,0,1791191334773.017,104.4,5.496,1791191334883.118,Normal,0.5119
vm2,136178,20261005-090518_clu_vm14-vm24_rate30_lat2node_r1,5967,perf_20261005-090518_clu_vm14-vm24_rate30_lat2node_r1,2,699,1791191334835,0,1791191334886.204,80.591,5.06,1791191334972.064,Normal,0.9719
vm2,136178,20261005-090518_clu_vm14-vm24_rate30_lat2node_r1,5993,perf_20261005-090518_clu_vm14-vm24_rate30_lat2node_r1,2,700,1791191335702,0,1791191335706.716,139.356,6.222,1791191335852.491,Normal,0.976
vm2,136178,20261005-090518_clu_vm14-vm24_rate30_lat2node_r1,6015,perf_20261005-090518_clu_vm14-vm24_rate30_lat2node_r1,2,701,1791191336435,0,1791191336440.263,75.824,11.339,1791191336527.637,Normal,0.6733
vm2,136178,20261005-090518_clu_vm14-vm24_rate30_lat2node_r1,6018,perf_20261005-090518_clu_vm14-vm24_rate30_lat2node_r1,2,702,1791191336535,0,1791191336540.666,98.299,5.437,1791191336644.587,Normal,0.9478
vm2,136178,20261005-090518_clu_vm14-vm24_rate30_lat2node_r1,6048,perf_20261005-090518_clu_vm14-vm24_rate30_lat2node_r1,2,703,1791191337534,0,1791191337539.636,95.809,5.208,1791191337640.841,Normal,0.9479
vm2,136178,20261005-090518_clu_vm14-vm24_rate30_lat2node_r1,6049,perf_20261005-090518_clu_vm14-vm24_rate30_lat2node_r1,2,704,1791191337568,0,1791191337643.731,78.601,5.677,1791191337728.184,Normal,0.9264
vm2,136178,20261005-090518_clu_vm14-vm24_rate30_lat2node_r1,6054,perf_20261005-090518_clu_vm14-vm24_rate30_lat2node_r1,2,705,1791191337735,0,1791191337738.936,74.24,5.458,1791191337818.885,Normal,0.4538
vm2,136178,20261005-090518_clu_vm14-vm24_rate30_lat2node_r1,6071,perf_20261005-090518_clu_vm14-vm24_rate30_lat2node_r1,2,706,1791191338305,0,1791191338310.744,96.457,4.84,1791191338412.218,Normal,0.9547
vm2,136178,20261005-090518_clu_vm14-vm24_rate30_lat2node_r1,6087,perf_20261005-090518_clu_vm14-vm24_rate30_lat2node_r1,2,707,1791191338835,0,1791191338839.954,68.95,5.039,1791191338914.178,Normal,0.9528
vm2,136178,20261005-090518_clu_vm14-vm24_rate30_lat2node_r1,6095,perf_20261005-090518_clu_vm14-vm24_rate30_lat2node_r1,2,708,1791191339102,0,1791191339106.702,75.044,4.449,1791191339186.372,Normal,0.9474
vm2,136178,20261005-090518_clu_vm14-vm24_rate30_lat2node_r1,6096,perf_20261005-090518_clu_vm14-vm24_rate30_lat2node_r1,2,709,1791191339135,0,1791191339188.965,147.511,5.728,1791191339342.401,OFFENSIVE,0.7868
vm2,136178,20261005-090518_clu_vm14-vm24_rate30_lat2node_r1,6098,perf_20261005-090518_clu_vm14-vm24_rate30_lat2node_r1,2,710,1791191339201,0,1791191339345.556,171.363,4.635,1791191339521.767,OFFENSIVE,0.5033
vm2,136178,20261005-090518_clu_vm14-vm24_rate30_lat2node_r1,6107,perf_20261005-090518_clu_vm14-vm24_rate30_lat2node_r1,2,711,1791191339501,0,1791191339524.505,86.513,5.763,1791191339616.957,Normal,0.9343
vm2,136178,20261005-090518_clu_vm14-vm24_rate30_lat2node_r1,6112,perf_20261005-090518_clu_vm14-vm24_rate30_lat2node_r1,2,712,1791191339668,0,1791191339673.572,90.208,5.507,1791191339769.479,Normal,0.8803
vm2,136178,20261005-090518_clu_vm14-vm24_rate30_lat2node_r1,6115,perf_20261005-090518_clu_vm14-vm24_rate30_lat2node_r1,2,713,1791191339768,0,1791191339772.375,77.356,4.539,1791191339854.443,Normal,0.8156
vm2,136178,20261005-090518_clu_vm14-vm24_rate30_lat2node_r1,6124,perf_20261005-090518_clu_vm14-vm24_rate30_lat2node_r1,2,714,1791191340068,0,1791191340073.273,77.623,5.28,1791191340156.365,Normal,0.9503
vm2,136178,20261005-090518_clu_vm14-vm24_rate30_lat2node_r1,6130,perf_20261005-090518_clu_vm14-vm24_rate30_lat2node_r1,2,715,1791191340268,0,1791191340273.549,86.157,7.879,1791191340367.77,Normal,0.9777
vm2,136178,20261005-090518_clu_vm14-vm24_rate30_lat2node_r1,6138,perf_20261005-090518_clu_vm14-vm24_rate30_lat2node_r1,2,716,1791191340535,0,1791191340541.489,86.346,5.005,1791191340633.073,Normal,0.9561
vm2,136178,20261005-090518_clu_vm14-vm24_rate30_lat2node_r1,6144,perf_20261005-090518_clu_vm14-vm24_rate30_lat2node_r1,2,717,1791191340735,0,1791191340739.278,94.128,5.938,1791191340839.54,Normal,0.9537
vm2,136178,20261005-090518_clu_vm14-vm24_rate30_lat2node_r1,6164,perf_20261005-090518_clu_vm14-vm24_rate30_lat2node_r1,2,718,1791191341401,0,1791191341408.849,127.936,5.414,1791191341542.394,Normal,0.9594
vm2,136178,20261005-090518_clu_vm14-vm24_rate30_lat2node_r1,6166,perf_20261005-090518_clu_vm14-vm24_rate30_lat2node_r1,2,719,1791191341468,0,1791191341545.773,78.593,5.053,1791191341629.617,Normal,0.9623
vm2,136178,20261005-090518_clu_vm14-vm24_rate30_lat2node_r1,6175,perf_20261005-090518_clu_vm14-vm24_rate30_lat2node_r1,2,720,1791191341768,0,1791191341772.274,79.29,4.978,1791191341856.76,Normal,0.9431
vm2,136178,20261005-090518_clu_vm14-vm24_rate30_lat2node_r1,6201,perf_20261005-090518_clu_vm14-vm24_rate30_lat2node_r1,2,721,1791191342635,0,1791191342639.693,77.429,5.529,1791191342722.936,Normal,0.9452
vm2,136178,20261005-090518_clu_vm14-vm24_rate30_lat2node_r1,6204,perf_20261005-090518_clu_vm14-vm24_rate30_lat2node_r1,2,722,1791191342735,0,1791191342746.399,79.422,4.748,1791191342830.748,Normal,0.944
vm2,136178,20261005-090518_clu_vm14-vm24_rate30_lat2node_r1,6209,perf_20261005-090518_clu_vm14-vm24_rate30_lat2node_r1,2,723,1791191342901,0,1791191342906.377,87.75,5.081,1791191342999.389,Normal,0.9199
vm2,136178,20261005-090518_clu_vm14-vm24_rate30_lat2node_r1,6213,perf_20261005-090518_clu_vm14-vm24_rate30_lat2node_r1,2,724,1791191343035,0,1791191343040.248,63.558,5.058,1791191343109.075,Normal,0.9159
vm2,136178,20261005-090518_clu_vm14-vm24_rate30_lat2node_r1,6217,perf_20261005-090518_clu_vm14-vm24_rate30_lat2node_r1,2,725,1791191343168,0,1791191343174.052,73.297,4.507,1791191343252.048,Normal,0.7016
vm2,136178,20261005-090518_clu_vm14-vm24_rate30_lat2node_r1,6233,perf_20261005-090518_clu_vm14-vm24_rate30_lat2node_r1,2,726,1791191343701,0,1791191343706.437,74.617,4.452,1791191343785.78,OFFENSIVE,0.904
vm2,136178,20261005-090518_clu_vm14-vm24_rate30_lat2node_r1,6245,perf_20261005-090518_clu_vm14-vm24_rate30_lat2node_r1,2,727,1791191344101,0,1791191344106.547,87.027,5.173,1791191344198.934,Normal,0.9378
vm2,136178,20261005-090518_clu_vm14-vm24_rate30_lat2node_r1,6251,perf_20261005-090518_clu_vm14-vm24_rate30_lat2node_r1,2,728,1791191344301,0,1791191344305.957,58.711,4.676,1791191344369.536,Normal,0.6819
vm2,136178,20261005-090518_clu_vm14-vm24_rate30_lat2node_r1,6262,perf_20261005-090518_clu_vm14-vm24_rate30_lat2node_r1,2,729,1791191344668,0,1791191344673.688,66.768,6.636,1791191344747.281,Normal,0.9416
vm2,136178,20261005-090518_clu_vm14-vm24_rate30_lat2node_r1,6268,perf_20261005-090518_clu_vm14-vm24_rate30_lat2node_r1,2,730,1791191344868,0,1791191344873.855,56.351,5.315,1791191344935.704,Normal,0.9535
vm2,136178,20261005-090518_clu_vm14-vm24_rate30_lat2node_r1,6294,perf_20261005-090518_clu_vm14-vm24_rate30_lat2node_r1,2,731,1791191345734,0,1791191345739.281,78.763,5.156,1791191345823.385,HATE,0.4481
vm2,136178,20261005-090518_clu_vm14-vm24_rate30_lat2node_r1,6299,perf_20261005-090518_clu_vm14-vm24_rate30_lat2node_r1,2,732,1791191345901,0,1791191345906.189,66.192,5.071,1791191345977.643,Normal,0.922
vm2,136178,20261005-090518_clu_vm14-vm24_rate30_lat2node_r1,6306,perf_20261005-090518_clu_vm14-vm24_rate30_lat2node_r1,2,733,1791191346135,0,1791191346139.754,99.907,5.251,1791191346245.101,Normal,0.9456
vm2,136178,20261005-090518_clu_vm14-vm24_rate30_lat2node_r1,6322,perf_20261005-090518_clu_vm14-vm24_rate30_lat2node_r1,2,734,1791191346668,0,1791191346672.434,63.25,5.788,1791191346741.667,Normal,0.9837
vm2,136178,20261005-090518_clu_vm14-vm24_rate30_lat2node_r1,6328,perf_20261005-090518_clu_vm14-vm24_rate30_lat2node_r1,2,735,1791191346868,0,1791191346872.677,66.356,5.233,1791191346944.454,Normal,0.9622
vm2,136178,20261005-090518_clu_vm14-vm24_rate30_lat2node_r1,6329,perf_20261005-090518_clu_vm14-vm24_rate30_lat2node_r1,2,736,1791191346901,0,1791191346947.062,78.413,6.374,1791191347032.066,Normal,0.9599
vm2,136178,20261005-090518_clu_vm14-vm24_rate30_lat2node_r1,6334,perf_20261005-090518_clu_vm14-vm24_rate30_lat2node_r1,2,737,1791191347068,0,1791191347071.859,57.245,4.955,1791191347134.356,Normal,0.912
vm2,136178,20261005-090518_clu_vm14-vm24_rate30_lat2node_r1,6335,perf_20261005-090518_clu_vm14-vm24_rate30_lat2node_r1,2,738,1791191347101,0,1791191347137.047,59.924,5.337,1791191347202.496,Normal,0.9396
vm2,136178,20261005-090518_clu_vm14-vm24_rate30_lat2node_r1,6338,perf_20261005-090518_clu_vm14-vm24_rate30_lat2node_r1,2,739,1791191347202,0,1791191347205.933,54.971,4.993,1791191347266.084,OFFENSIVE,0.7953
vm2,136178,20261005-090518_clu_vm14-vm24_rate30_lat2node_r1,6342,perf_20261005-090518_clu_vm14-vm24_rate30_lat2node_r1,2,740,1791191347335,0,1791191347339.713,57.843,5.496,1791191347403.24,Normal,0.9154
vm2,136178,20261005-090518_clu_vm14-vm24_rate30_lat2node_r1,6345,perf_20261005-090518_clu_vm14-vm24_rate30_lat2node_r1,2,741,1791191347435,0,1791191347438.871,59.939,4.309,1791191347503.315,Normal,0.9512
vm2,136178,20261005-090518_clu_vm14-vm24_rate30_lat2node_r1,6358,perf_20261005-090518_clu_vm14-vm24_rate30_lat2node_r1,2,742,1791191347868,0,1791191347873.302,69.394,5.032,1791191347947.928,Normal,0.9212
vm2,136178,20261005-090518_clu_vm14-vm24_rate30_lat2node_r1,6366,perf_20261005-090518_clu_vm14-vm24_rate30_lat2node_r1,2,743,1791191348135,0,1791191348139.409,73.747,4.101,1791191348217.518,Normal,0.9635
vm2,136178,20261005-090518_clu_vm14-vm24_rate30_lat2node_r1,6376,perf_20261005-090518_clu_vm14-vm24_rate30_lat2node_r1,2,744,1791191348468,0,1791191348473.015,66.562,4.408,1791191348544.174,Normal,0.9556
vm2,136178,20261005-090518_clu_vm14-vm24_rate30_lat2node_r1,6379,perf_20261005-090518_clu_vm14-vm24_rate30_lat2node_r1,2,745,1791191348568,0,1791191348571.678,62.613,4.377,1791191348638.851,Normal,0.9572
vm2,136178,20261005-090518_clu_vm14-vm24_rate30_lat2node_r1,6381,perf_20261005-090518_clu_vm14-vm24_rate30_lat2node_r1,2,746,1791191348635,0,1791191348641.467,73.082,5.726,1791191348720.452,Normal,0.9798
vm2,136178,20261005-090518_clu_vm14-vm24_rate30_lat2node_r1,6385,perf_20261005-090518_clu_vm14-vm24_rate30_lat2node_r1,2,747,1791191348768,0,1791191348773.181,60.833,5.285,1791191348839.484,Normal,0.957
vm2,136178,20261005-090518_clu_vm14-vm24_rate30_lat2node_r1,6391,perf_20261005-090518_clu_vm14-vm24_rate30_lat2node_r1,2,748,1791191348968,0,1791191348972.959,73.072,5.763,1791191349051.979,Normal,0.9535
vm2,136178,20261005-090518_clu_vm14-vm24_rate30_lat2node_r1,6396,perf_20261005-090518_clu_vm14-vm24_rate30_lat2node_r1,2,749,1791191349135,0,1791191349139.767,57.66,4.747,1791191349202.353,Normal,0.9572
vm2,136178,20261005-090518_clu_vm14-vm24_rate30_lat2node_r1,6405,perf_20261005-090518_clu_vm14-vm24_rate30_lat2node_r1,2,750,1791191349435,0,1791191349439.5,79.379,4.517,1791191349523.588,Normal,0.9723
vm2,136178,20261005-090518_clu_vm14-vm24_rate30_lat2node_r1,6442,perf_20261005-090518_clu_vm14-vm24_rate30_lat2node_r1,2,751,1791191350668,0,1791191350673.624,80.479,5.052,1791191350759.346,Normal,0.9455
vm2,136178,20261005-090518_clu_vm14-vm24_rate30_lat2node_r1,6445,perf_20261005-090518_clu_vm14-vm24_rate30_lat2node_r1,2,752,1791191350768,0,1791191350772.032,129.329,5.266,1791191350906.815,Normal,0.9803
vm2,136178,20261005-090518_clu_vm14-vm24_rate30_lat2node_r1,6446,perf_20261005-090518_clu_vm14-vm24_rate30_lat2node_r1,2,753,1791191350801,0,1791191350910.07,77.995,5.17,1791191350993.419,Normal,0.9576
vm2,136178,20261005-090518_clu_vm14-vm24_rate30_lat2node_r1,6449,perf_20261005-090518_clu_vm14-vm24_rate30_lat2node_r1,2,754,1791191350901,0,1791191350993.635,65.782,4.812,1791191351064.415,Normal,0.8732
vm2,136178,20261005-090518_clu_vm14-vm24_rate30_lat2node_r1,6453,perf_20261005-090518_clu_vm14-vm24_rate30_lat2node_r1,2,755,1791191351034,0,1791191351067.307,67.961,4.997,1791191351140.445,Normal,0.9684
vm2,136178,20261005-090518_clu_vm14-vm24_rate30_lat2node_r1,6455,perf_20261005-090518_clu_vm14-vm24_rate30_lat2node_r1,2,756,1791191351101,0,1791191351143.373,87.501,4.419,1791191351235.484,OFFENSIVE,0.572
vm2,136178,20261005-090518_clu_vm14-vm24_rate30_lat2node_r1,6461,perf_20261005-090518_clu_vm14-vm24_rate30_lat2node_r1,2,757,1791191351301,0,1791191351305.772,124.365,10.843,1791191351441.203,Normal,0.9766
vm2,136178,20261005-090518_clu_vm14-vm24_rate30_lat2node_r1,6466,perf_20261005-090518_clu_vm14-vm24_rate30_lat2node_r1,2,758,1791191351468,0,1791191351473.059,102.184,5.061,1791191351580.493,Normal,0.9558
vm2,136178,20261005-090518_clu_vm14-vm24_rate30_lat2node_r1,6469,perf_20261005-090518_clu_vm14-vm24_rate30_lat2node_r1,2,759,1791191351568,0,1791191351582.9,77.565,4.701,1791191351665.353,Normal,0.9205
vm2,136178,20261005-090518_clu_vm14-vm24_rate30_lat2node_r1,6485,perf_20261005-090518_clu_vm14-vm24_rate30_lat2node_r1,2,760,1791191352101,0,1791191352107.136,62.75,6.412,1791191352176.497,Normal,0.9736
vm2,136178,20261005-090518_clu_vm14-vm24_rate30_lat2node_r1,6509,perf_20261005-090518_clu_vm14-vm24_rate30_lat2node_r1,2,761,1791191352901,0,1791191352908.405,84.644,7.795,1791191353001.133,Normal,0.7125
vm2,136178,20261005-090518_clu_vm14-vm24_rate30_lat2node_r1,6510,perf_20261005-090518_clu_vm14-vm24_rate30_lat2node_r1,2,762,1791191352934,0,1791191353003.704,63.564,4.252,1791191353071.7,Normal,0.9663
vm2,136178,20261005-090518_clu_vm14-vm24_rate30_lat2node_r1,6521,perf_20261005-090518_clu_vm14-vm24_rate30_lat2node_r1,2,763,1791191353301,0,1791191353306.068,67.397,4.876,1791191353378.526,Normal,0.9394
vm2,136178,20261005-090518_clu_vm14-vm24_rate30_lat2node_r1,6522,perf_20261005-090518_clu_vm14-vm24_rate30_lat2node_r1,2,764,1791191353335,0,1791191353381.187,77.561,4.148,1791191353463.085,Normal,0.963
vm2,136178,20261005-090518_clu_vm14-vm24_rate30_lat2node_r1,6532,perf_20261005-090518_clu_vm14-vm24_rate30_lat2node_r1,2,765,1791191353668,0,1791191353673.161,81.406,5.06,1791191353759.823,Normal,0.8109
vm2,136178,20261005-090518_clu_vm14-vm24_rate30_lat2node_r1,6533,perf_20261005-090518_clu_vm14-vm24_rate30_lat2node_r1,2,766,1791191353701,0,1791191353763.479,83.006,4.56,1791191353851.236,Normal,0.8869
vm2,136178,20261005-090518_clu_vm14-vm24_rate30_lat2node_r1,6536,perf_20261005-090518_clu_vm14-vm24_rate30_lat2node_r1,2,767,1791191353801,0,1791191353853.913,53.92,13.36,1791191353921.38,Normal,0.7856
vm2,136178,20261005-090518_clu_vm14-vm24_rate30_lat2node_r1,6550,perf_20261005-090518_clu_vm14-vm24_rate30_lat2node_r1,2,768,1791191354268,0,1791191354272.664,68.637,4.183,1791191354345.673,Normal,0.9728
vm2,136178,20261005-090518_clu_vm14-vm24_rate30_lat2node_r1,6554,perf_20261005-090518_clu_vm14-vm24_rate30_lat2node_r1,2,769,1791191354401,0,1791191354405.546,61.575,6.327,1791191354473.642,Normal,0.9309
vm2,136178,20261005-090518_clu_vm14-vm24_rate30_lat2node_r1,6584,perf_20261005-090518_clu_vm14-vm24_rate30_lat2node_r1,2,770,1791191355401,0,1791191355406.324,61.796,4.967,1791191355473.283,Normal,0.8941
vm2,136178,20261005-090518_clu_vm14-vm24_rate30_lat2node_r1,6587,perf_20261005-090518_clu_vm14-vm24_rate30_lat2node_r1,2,771,1791191355501,0,1791191355505.51,82.972,4.841,1791191355593.509,Normal,0.9517
vm2,136178,20261005-090518_clu_vm14-vm24_rate30_lat2node_r1,6599,perf_20261005-090518_clu_vm14-vm24_rate30_lat2node_r1,2,772,1791191355901,0,1791191355906.826,70.024,5.01,1791191355982.055,Normal,0.8838
vm2,136178,20261005-090518_clu_vm14-vm24_rate30_lat2node_r1,6612,perf_20261005-090518_clu_vm14-vm24_rate30_lat2node_r1,2,773,1791191356335,0,1791191356339.519,82.874,5.167,1791191356427.753,Normal,0.9238
vm2,136178,20261005-090518_clu_vm14-vm24_rate30_lat2node_r1,6626,perf_20261005-090518_clu_vm14-vm24_rate30_lat2node_r1,2,774,1791191356802,0,1791191356810.156,78.199,6.66,1791191356895.214,Normal,0.8341
vm2,136178,20261005-090518_clu_vm14-vm24_rate30_lat2node_r1,6630,perf_20261005-090518_clu_vm14-vm24_rate30_lat2node_r1,2,775,1791191356935,0,1791191356940.47,72.561,5.745,1791191357019.077,Normal,0.9512
vm2,136178,20261005-090518_clu_vm14-vm24_rate30_lat2node_r1,6654,perf_20261005-090518_clu_vm14-vm24_rate30_lat2node_r1,2,776,1791191357735,0,1791191357739.394,70.473,4.791,1791191357814.854,Normal,0.9081
vm2,136178,20261005-090518_clu_vm14-vm24_rate30_lat2node_r1,6655,perf_20261005-090518_clu_vm14-vm24_rate30_lat2node_r1,2,777,1791191357768,0,1791191357817.606,59.109,5.071,1791191357881.974,Normal,0.9291
vm2,136178,20261005-090518_clu_vm14-vm24_rate30_lat2node_r1,6656,perf_20261005-090518_clu_vm14-vm24_rate30_lat2node_r1,2,778,1791191357801,0,1791191357882.196,68.2,4.355,1791191357954.943,Normal,0.9477
vm2,136178,20261005-090518_clu_vm14-vm24_rate30_lat2node_r1,6663,perf_20261005-090518_clu_vm14-vm24_rate30_lat2node_r1,2,779,1791191358034,0,1791191358039.906,66.316,4.718,1791191358111.128,Normal,0.8661
vm2,136178,20261005-090518_clu_vm14-vm24_rate30_lat2node_r1,6671,perf_20261005-090518_clu_vm14-vm24_rate30_lat2node_r1,2,780,1791191358301,0,1791191358306.262,88.858,5.114,1791191358400.426,Normal,0.7521
vm2,136178,20261005-090518_clu_vm14-vm24_rate30_lat2node_r1,6673,perf_20261005-090518_clu_vm14-vm24_rate30_lat2node_r1,2,781,1791191358368,0,1791191358404.681,75.183,5.403,1791191358485.453,Normal,0.9584
vm2,136178,20261005-090518_clu_vm14-vm24_rate30_lat2node_r1,6676,perf_20261005-090518_clu_vm14-vm24_rate30_lat2node_r1,2,782,1791191358468,0,1791191358487.996,55.86,5.28,1791191358549.326,Normal,0.9075
vm2,136178,20261005-090518_clu_vm14-vm24_rate30_lat2node_r1,6687,perf_20261005-090518_clu_vm14-vm24_rate30_lat2node_r1,2,783,1791191358835,0,1791191358840.007,76.976,13.459,1791191358930.626,Normal,0.8142
vm2,136178,20261005-090518_clu_vm14-vm24_rate30_lat2node_r1,6693,perf_20261005-090518_clu_vm14-vm24_rate30_lat2node_r1,2,784,1791191359035,0,1791191359040.78,56.171,5.403,1791191359102.533,Normal,0.4778
vm2,136178,20261005-090518_clu_vm14-vm24_rate30_lat2node_r1,6694,perf_20261005-090518_clu_vm14-vm24_rate30_lat2node_r1,2,785,1791191359068,0,1791191359104.775,53.316,5.69,1791191359163.97,Normal,0.9441
vm2,136178,20261005-090518_clu_vm14-vm24_rate30_lat2node_r1,6716,perf_20261005-090518_clu_vm14-vm24_rate30_lat2node_r1,2,786,1791191359801,0,1791191359806.386,62.416,5.441,1791191359874.431,Normal,0.9313
vm2,136178,20261005-090518_clu_vm14-vm24_rate30_lat2node_r1,6727,perf_20261005-090518_clu_vm14-vm24_rate30_lat2node_r1,2,787,1791191360168,0,1791191360171.83,57.537,5.593,1791191360235.139,Normal,0.975
vm2,136178,20261005-090518_clu_vm14-vm24_rate30_lat2node_r1,6728,perf_20261005-090518_clu_vm14-vm24_rate30_lat2node_r1,2,788,1791191360201,0,1791191360237.924,85.901,5.714,1791191360329.732,Normal,0.9695
vm2,136178,20261005-090518_clu_vm14-vm24_rate30_lat2node_r1,6737,perf_20261005-090518_clu_vm14-vm24_rate30_lat2node_r1,2,789,1791191360501,0,1791191360506.414,99.281,15.52,1791191360621.397,Normal,0.9774
vm2,136178,20261005-090518_clu_vm14-vm24_rate30_lat2node_r1,6738,perf_20261005-090518_clu_vm14-vm24_rate30_lat2node_r1,2,790,1791191360535,0,1791191360623.774,52.897,5.049,1791191360681.899,Normal,0.9457
vm2,136178,20261005-090518_clu_vm14-vm24_rate30_lat2node_r1,6743,perf_20261005-090518_clu_vm14-vm24_rate30_lat2node_r1,2,791,1791191360701,0,1791191360705.87,119.488,5.024,1791191360830.566,Normal,0.8458
vm2,136178,20261005-090518_clu_vm14-vm24_rate30_lat2node_r1,6749,perf_20261005-090518_clu_vm14-vm24_rate30_lat2node_r1,2,792,1791191360901,0,1791191360906.143,70.429,5.862,1791191360982.615,Normal,0.9738
vm2,136178,20261005-090518_clu_vm14-vm24_rate30_lat2node_r1,6755,perf_20261005-090518_clu_vm14-vm24_rate30_lat2node_r1,2,793,1791191361101,0,1791191361107.746,298.033,5.206,1791191361411.188,Normal,0.9738
vm2,136178,20261005-090518_clu_vm14-vm24_rate30_lat2node_r1,6759,perf_20261005-090518_clu_vm14-vm24_rate30_lat2node_r1,2,794,1791191361235,0,1791191361414.089,67.285,4.805,1791191361486.359,Normal,0.9768
vm2,136178,20261005-090518_clu_vm14-vm24_rate30_lat2node_r1,6761,perf_20261005-090518_clu_vm14-vm24_rate30_lat2node_r1,2,795,1791191361301,0,1791191361486.572,162.63,4.609,1791191361654.065,Normal,0.9729
vm2,136178,20261005-090518_clu_vm14-vm24_rate30_lat2node_r1,6781,perf_20261005-090518_clu_vm14-vm24_rate30_lat2node_r1,2,796,1791191361968,0,1791191361973.285,69.959,4.719,1791191362048.146,Normal,0.9788
vm2,136178,20261005-090518_clu_vm14-vm24_rate30_lat2node_r1,6786,perf_20261005-090518_clu_vm14-vm24_rate30_lat2node_r1,2,797,1791191362135,0,1791191362139.418,63.059,8.38,1791191362211.041,Normal,0.9441
vm2,136178,20261005-090518_clu_vm14-vm24_rate30_lat2node_r1,6791,perf_20261005-090518_clu_vm14-vm24_rate30_lat2node_r1,2,798,1791191362301,0,1791191362305.856,59.63,7.049,1791191362372.721,Normal,0.9119
vm2,136178,20261005-090518_clu_vm14-vm24_rate30_lat2node_r1,6814,perf_20261005-090518_clu_vm14-vm24_rate30_lat2node_r1,2,799,1791191363068,0,1791191363072.397,88.112,5.135,1791191363165.843,Normal,0.9592
vm2,136178,20261005-090518_clu_vm14-vm24_rate30_lat2node_r1,6834,perf_20261005-090518_clu_vm14-vm24_rate30_lat2node_r1,2,800,1791191363735,0,1791191363739.78,102.372,4.91,1791191363847.267,Normal,0.9644
vm2,136178,20261005-090518_clu_vm14-vm24_rate30_lat2node_r1,6849,perf_20261005-090518_clu_vm14-vm24_rate30_lat2node_r1,2,801,1791191364235,0,1791191364239.858,130.591,4.738,1791191364375.368,Normal,0.9597
vm2,136178,20261005-090518_clu_vm14-vm24_rate30_lat2node_r1,6851,perf_20261005-090518_clu_vm14-vm24_rate30_lat2node_r1,2,802,1791191364302,0,1791191364377.781,95.785,5.022,1791191364478.773,Normal,0.9736
vm2,136178,20261005-090518_clu_vm14-vm24_rate30_lat2node_r1,6859,perf_20261005-090518_clu_vm14-vm24_rate30_lat2node_r1,2,803,1791191364568,0,1791191364572.61,67.482,5.39,1791191364645.664,Normal,0.8883
vm2,136178,20261005-090518_clu_vm14-vm24_rate30_lat2node_r1,6860,perf_20261005-090518_clu_vm14-vm24_rate30_lat2node_r1,2,804,1791191364601,0,1791191364648.663,76.303,4.577,1791191364729.728,Normal,0.9798
vm2,136178,20261005-090518_clu_vm14-vm24_rate30_lat2node_r1,6866,perf_20261005-090518_clu_vm14-vm24_rate30_lat2node_r1,2,805,1791191364801,0,1791191364806.335,61.666,4.486,1791191364872.693,Normal,0.9394
vm2,136178,20261005-090518_clu_vm14-vm24_rate30_lat2node_r1,6867,perf_20261005-090518_clu_vm14-vm24_rate30_lat2node_r1,2,806,1791191364836,0,1791191364879.562,104.78,3.567,1791191364988.095,Normal,0.9562
vm2,136178,20261005-090518_clu_vm14-vm24_rate30_lat2node_r1,6873,perf_20261005-090518_clu_vm14-vm24_rate30_lat2node_r1,2,807,1791191365035,0,1791191365039.567,103.472,4.471,1791191365147.723,Normal,0.9657
vm2,136178,20261005-090518_clu_vm14-vm24_rate30_lat2node_r1,6884,perf_20261005-090518_clu_vm14-vm24_rate30_lat2node_r1,2,808,1791191365401,0,1791191365407.845,77.249,7.523,1791191365492.892,Normal,0.9531
vm2,136178,20261005-090518_clu_vm14-vm24_rate30_lat2node_r1,6885,perf_20261005-090518_clu_vm14-vm24_rate30_lat2node_r1,2,809,1791191365437,0,1791191365500.131,53.687,4.087,1791191365558.083,Normal,0.4778
vm2,136178,20261005-090518_clu_vm14-vm24_rate30_lat2node_r1,6886,perf_20261005-090518_clu_vm14-vm24_rate30_lat2node_r1,2,810,1791191365468,0,1791191365558.294,65.253,3.897,1791191365627.632,Normal,0.9128
vm2,136178,20261005-090518_clu_vm14-vm24_rate30_lat2node_r1,6895,perf_20261005-090518_clu_vm14-vm24_rate30_lat2node_r1,2,811,1791191365768,0,1791191365773.627,77.899,5.312,1791191365857.023,Normal,0.9572
vm2,136178,20261005-090518_clu_vm14-vm24_rate30_lat2node_r1,6903,perf_20261005-090518_clu_vm14-vm24_rate30_lat2node_r1,2,812,1791191366034,0,1791191366039.207,64.453,4.304,1791191366108.145,Normal,0.7835
vm2,136178,20261005-090518_clu_vm14-vm24_rate30_lat2node_r1,6905,perf_20261005-090518_clu_vm14-vm24_rate30_lat2node_r1,2,813,1791191366101,0,1791191366119.363,57.098,3.808,1791191366180.445,Normal,0.9546
vm2,136178,20261005-090518_clu_vm14-vm24_rate30_lat2node_r1,6924,perf_20261005-090518_clu_vm14-vm24_rate30_lat2node_r1,2,814,1791191366735,0,1791191366739.065,73.161,5.183,1791191366817.591,Normal,0.9527
vm2,136178,20261005-090518_clu_vm14-vm24_rate30_lat2node_r1,6944,perf_20261005-090518_clu_vm14-vm24_rate30_lat2node_r1,2,815,1791191367401,0,1791191367406.132,83.593,4.934,1791191367494.837,Normal,0.853
vm2,136178,20261005-090518_clu_vm14-vm24_rate30_lat2node_r1,6947,perf_20261005-090518_clu_vm14-vm24_rate30_lat2node_r1,2,816,1791191367501,0,1791191367505.193,71.697,5.131,1791191367582.198,Normal,0.9622
vm2,136178,20261005-090518_clu_vm14-vm24_rate30_lat2node_r1,6956,perf_20261005-090518_clu_vm14-vm24_rate30_lat2node_r1,2,817,1791191367801,0,1791191367807.646,63.33,4.839,1791191367875.998,Normal,0.9496
vm2,136178,20261005-090518_clu_vm14-vm24_rate30_lat2node_r1,6965,perf_20261005-090518_clu_vm14-vm24_rate30_lat2node_r1,2,818,1791191368101,0,1791191368106.169,88.384,4.409,1791191368199.169,Normal,0.9616
vm2,136178,20261005-090518_clu_vm14-vm24_rate30_lat2node_r1,6973,perf_20261005-090518_clu_vm14-vm24_rate30_lat2node_r1,2,819,1791191368368,0,1791191368373.34,76.888,3.892,1791191368454.357,Normal,0.9592
vm2,136178,20261005-090518_clu_vm14-vm24_rate30_lat2node_r1,6991,perf_20261005-090518_clu_vm14-vm24_rate30_lat2node_r1,2,820,1791191368968,0,1791191368972.907,122.959,4.638,1791191369100.699,Normal,0.6353
vm2,136178,20261005-090518_clu_vm14-vm24_rate30_lat2node_r1,6993,perf_20261005-090518_clu_vm14-vm24_rate30_lat2node_r1,2,821,1791191369035,0,1791191369103.719,54.16,5.194,1791191369163.252,Normal,0.9556
vm2,136178,20261005-090518_clu_vm14-vm24_rate30_lat2node_r1,7001,perf_20261005-090518_clu_vm14-vm24_rate30_lat2node_r1,2,822,1791191369301,0,1791191369306.447,81.099,5.19,1791191369392.927,Normal,0.9305
vm2,136178,20261005-090518_clu_vm14-vm24_rate30_lat2node_r1,7004,perf_20261005-090518_clu_vm14-vm24_rate30_lat2node_r1,2,823,1791191369401,0,1791191369405.83,63.738,5.121,1791191369474.861,Normal,0.9521
vm2,136178,20261005-090518_clu_vm14-vm24_rate30_lat2node_r1,7009,perf_20261005-090518_clu_vm14-vm24_rate30_lat2node_r1,2,824,1791191369568,0,1791191369573.464,169.481,5.32,1791191369748.45,Normal,0.9793
vm2,136178,20261005-090518_clu_vm14-vm24_rate30_lat2node_r1,7010,perf_20261005-090518_clu_vm14-vm24_rate30_lat2node_r1,2,825,1791191369601,0,1791191369751.579,66.618,5.081,1791191369823.452,Normal,0.9332
vm2,136178,20261005-090518_clu_vm14-vm24_rate30_lat2node_r1,7012,perf_20261005-090518_clu_vm14-vm24_rate30_lat2node_r1,2,826,1791191369668,0,1791191369823.655,63.269,4.707,1791191369891.801,Normal,0.9517
vm2,136178,20261005-090518_clu_vm14-vm24_rate30_lat2node_r1,7014,perf_20261005-090518_clu_vm14-vm24_rate30_lat2node_r1,2,827,1791191369735,0,1791191369892.008,62.342,4.359,1791191369958.888,Normal,0.9617
vm2,136178,20261005-090518_clu_vm14-vm24_rate30_lat2node_r1,7016,perf_20261005-090518_clu_vm14-vm24_rate30_lat2node_r1,2,828,1791191369801,0,1791191369961.68,60.931,4.94,1791191370027.731,Normal,0.9339
vm2,136178,20261005-090518_clu_vm14-vm24_rate30_lat2node_r1,7047,perf_20261005-090518_clu_vm14-vm24_rate30_lat2node_r1,2,829,1791191370835,0,1791191370839.51,64.537,5.095,1791191370909.332,Normal,0.9369
vm2,136178,20261005-090518_clu_vm14-vm24_rate30_lat2node_r1,7056,perf_20261005-090518_clu_vm14-vm24_rate30_lat2node_r1,2,830,1791191371135,0,1791191371139.545,72.142,5.338,1791191371217.208,HATE,0.5177
vm2,136178,20261005-090518_clu_vm14-vm24_rate30_lat2node_r1,7064,perf_20261005-090518_clu_vm14-vm24_rate30_lat2node_r1,2,831,1791191371401,0,1791191371406.6,90.571,4.819,1791191371502.251,Normal,0.9303
vm2,136178,20261005-090518_clu_vm14-vm24_rate30_lat2node_r1,7065,perf_20261005-090518_clu_vm14-vm24_rate30_lat2node_r1,2,832,1791191371435,0,1791191371505.276,67.132,5.927,1791191371578.511,Normal,0.9139
vm2,136178,20261005-090518_clu_vm14-vm24_rate30_lat2node_r1,7066,perf_20261005-090518_clu_vm14-vm24_rate30_lat2node_r1,2,833,1791191371468,0,1791191371578.79,92.973,4.158,1791191371676.097,Normal,0.9731
vm2,136178,20261005-090518_clu_vm14-vm24_rate30_lat2node_r1,7075,perf_20261005-090518_clu_vm14-vm24_rate30_lat2node_r1,2,834,1791191371768,0,1791191371774.176,69.569,4.542,1791191371848.466,OFFENSIVE,0.389
vm2,136178,20261005-090518_clu_vm14-vm24_rate30_lat2node_r1,7078,perf_20261005-090518_clu_vm14-vm24_rate30_lat2node_r1,2,835,1791191371868,0,1791191371872.205,59.915,4.511,1791191371936.805,Normal,0.9583
vm2,136178,20261005-090518_clu_vm14-vm24_rate30_lat2node_r1,7088,perf_20261005-090518_clu_vm14-vm24_rate30_lat2node_r1,2,836,1791191372201,0,1791191372205.996,63.612,4.891,1791191372274.681,Normal,0.9574
vm2,136178,20261005-090518_clu_vm14-vm24_rate30_lat2node_r1,7093,perf_20261005-090518_clu_vm14-vm24_rate30_lat2node_r1,2,837,1791191372368,0,1791191372372.805,71.747,5.117,1791191372449.857,Normal,0.7727
vm2,136178,20261005-090518_clu_vm14-vm24_rate30_lat2node_r1,7102,perf_20261005-090518_clu_vm14-vm24_rate30_lat2node_r1,2,838,1791191372668,0,1791191372673.13,116.784,5.221,1791191372795.319,Normal,0.963
vm2,136178,20261005-090518_clu_vm14-vm24_rate30_lat2node_r1,7109,perf_20261005-090518_clu_vm14-vm24_rate30_lat2node_r1,2,839,1791191372901,0,1791191372905.992,105.516,4.4,1791191373016.088,Normal,0.8505
vm2,136178,20261005-090518_clu_vm14-vm24_rate30_lat2node_r1,7111,perf_20261005-090518_clu_vm14-vm24_rate30_lat2node_r1,2,840,1791191372968,0,1791191373018.747,132.363,5.249,1791191373156.536,Normal,0.9748
vm2,136178,20261005-090518_clu_vm14-vm24_rate30_lat2node_r1,7119,perf_20261005-090518_clu_vm14-vm24_rate30_lat2node_r1,2,841,1791191373234,0,1791191373239.802,56.344,4.474,1791191373300.818,Normal,0.9475
vm2,136178,20261005-090518_clu_vm14-vm24_rate30_lat2node_r1,7132,perf_20261005-090518_clu_vm14-vm24_rate30_lat2node_r1,2,842,1791191373668,0,1791191373673.192,74.4,4.954,1791191373752.733,Normal,0.9387
vm2,136178,20261005-090518_clu_vm14-vm24_rate30_lat2node_r1,7137,perf_20261005-090518_clu_vm14-vm24_rate30_lat2node_r1,2,843,1791191373835,0,1791191373839.368,143.457,4.553,1791191373987.567,Normal,0.9671
vm2,136178,20261005-090518_clu_vm14-vm24_rate30_lat2node_r1,7141,perf_20261005-090518_clu_vm14-vm24_rate30_lat2node_r1,2,844,1791191373968,0,1791191373990.183,62.533,5.301,1791191374058.201,Normal,0.9491
vm2,136178,20261005-090518_clu_vm14-vm24_rate30_lat2node_r1,7144,perf_20261005-090518_clu_vm14-vm24_rate30_lat2node_r1,2,845,1791191374068,0,1791191374072.711,283.867,5.062,1791191374361.831,Normal,0.9743
vm2,136178,20261005-090518_clu_vm14-vm24_rate30_lat2node_r1,7148,perf_20261005-090518_clu_vm14-vm24_rate30_lat2node_r1,2,846,1791191374201,0,1791191374364.551,57.452,4.317,1791191374426.491,Normal,0.9166
vm2,136178,20261005-090518_clu_vm14-vm24_rate30_lat2node_r1,7150,perf_20261005-090518_clu_vm14-vm24_rate30_lat2node_r1,2,847,1791191374268,0,1791191374426.69,63.833,5.21,1791191374495.914,Normal,0.8661
vm2,136178,20261005-090518_clu_vm14-vm24_rate30_lat2node_r1,7153,perf_20261005-090518_clu_vm14-vm24_rate30_lat2node_r1,2,848,1791191374368,0,1791191374498.717,63.09,4.321,1791191374566.301,Normal,0.9689
vm2,136178,20261005-090518_clu_vm14-vm24_rate30_lat2node_r1,7165,perf_20261005-090518_clu_vm14-vm24_rate30_lat2node_r1,2,849,1791191374768,0,1791191374773.085,72.593,4.947,1791191374850.815,Normal,0.913
vm2,136178,20261005-090518_clu_vm14-vm24_rate30_lat2node_r1,7176,perf_20261005-090518_clu_vm14-vm24_rate30_lat2node_r1,2,850,1791191375134,0,1791191375139.174,59.919,5.384,1791191375204.667,Normal,0.9384
vm2,136178,20261005-090518_clu_vm14-vm24_rate30_lat2node_r1,7186,perf_20261005-090518_clu_vm14-vm24_rate30_lat2node_r1,2,851,1791191375468,0,1791191375472.938,82.513,5.028,1791191375560.666,Normal,0.9752
vm2,136178,20261005-090518_clu_vm14-vm24_rate30_lat2node_r1,7189,perf_20261005-090518_clu_vm14-vm24_rate30_lat2node_r1,2,852,1791191375568,0,1791191375572.602,92.167,4.919,1791191375669.886,Normal,0.9738
vm2,136178,20261005-090518_clu_vm14-vm24_rate30_lat2node_r1,7194,perf_20261005-090518_clu_vm14-vm24_rate30_lat2node_r1,2,853,1791191375734,0,1791191375739.569,82.333,4.796,1791191375826.883,Normal,0.9545
vm2,136178,20261005-090518_clu_vm14-vm24_rate30_lat2node_r1,7219,perf_20261005-090518_clu_vm14-vm24_rate30_lat2node_r1,2,854,1791191376568,0,1791191376572.778,67.001,4.051,1791191376644.013,Normal,0.9473
vm2,136178,20261005-090518_clu_vm14-vm24_rate30_lat2node_r1,7229,perf_20261005-090518_clu_vm14-vm24_rate30_lat2node_r1,2,855,1791191376901,0,1791191376907.555,338.011,4.148,1791191377249.908,Normal,0.9503
vm2,136178,20261005-090518_clu_vm14-vm24_rate30_lat2node_r1,7235,perf_20261005-090518_clu_vm14-vm24_rate30_lat2node_r1,2,856,1791191377101,0,1791191377252.95,53.317,4.344,1791191377310.789,Normal,0.9375
vm2,136178,20261005-090518_clu_vm14-vm24_rate30_lat2node_r1,7237,perf_20261005-090518_clu_vm14-vm24_rate30_lat2node_r1,2,857,1791191377168,0,1791191377310.991,68.869,6.744,1791191377386.785,Normal,0.9375
vm2,136178,20261005-090518_clu_vm14-vm24_rate30_lat2node_r1,7238,perf_20261005-090518_clu_vm14-vm24_rate30_lat2node_r1,2,858,1791191377201,0,1791191377386.973,102.326,3.381,1791191377492.858,Normal,0.9741
vm2,136178,20261005-090518_clu_vm14-vm24_rate30_lat2node_r1,7264,perf_20261005-090518_clu_vm14-vm24_rate30_lat2node_r1,2,859,1791191378068,0,1791191378075.118,70.061,4.762,1791191378150.195,Normal,0.9356
vm2,136178,20261005-090518_clu_vm14-vm24_rate30_lat2node_r1,7266,perf_20261005-090518_clu_vm14-vm24_rate30_lat2node_r1,2,860,1791191378134,0,1791191378152.595,74.368,5.78,1791191378232.934,Normal,0.941
vm2,136178,20261005-090518_clu_vm14-vm24_rate30_lat2node_r1,7276,perf_20261005-090518_clu_vm14-vm24_rate30_lat2node_r1,2,861,1791191378468,0,1791191378472.893,54.964,4.641,1791191378532.759,Normal,0.7394
vm2,136178,20261005-090518_clu_vm14-vm24_rate30_lat2node_r1,7282,perf_20261005-090518_clu_vm14-vm24_rate30_lat2node_r1,2,862,1791191378668,0,1791191378673.826,82.167,4.921,1791191378761.096,Normal,0.9357
vm2,136178,20261005-090518_clu_vm14-vm24_rate30_lat2node_r1,7285,perf_20261005-090518_clu_vm14-vm24_rate30_lat2node_r1,2,863,1791191378768,0,1791191378780.948,87.981,5.165,1791191378874.28,Normal,0.9338
vm2,136178,20261005-090518_clu_vm14-vm24_rate30_lat2node_r1,7288,perf_20261005-090518_clu_vm14-vm24_rate30_lat2node_r1,2,864,1791191378868,0,1791191378876.889,66.326,4.715,1791191378948.137,Normal,0.8926
vm2,136178,20261005-090518_clu_vm14-vm24_rate30_lat2node_r1,7290,perf_20261005-090518_clu_vm14-vm24_rate30_lat2node_r1,2,865,1791191378935,0,1791191378951.047,66.878,4.565,1791191379022.671,Normal,0.9524
vm2,136178,20261005-090518_clu_vm14-vm24_rate30_lat2node_r1,7294,perf_20261005-090518_clu_vm14-vm24_rate30_lat2node_r1,2,866,1791191379068,0,1791191379073.029,66.663,5.79,1791191379145.663,Normal,0.9425
vm2,136178,20261005-090518_clu_vm14-vm24_rate30_lat2node_r1,7295,perf_20261005-090518_clu_vm14-vm24_rate30_lat2node_r1,2,867,1791191379101,0,1791191379148.084,58.407,5.262,1791191379211.924,Normal,0.9661
vm2,136178,20261005-090518_clu_vm14-vm24_rate30_lat2node_r1,7299,perf_20261005-090518_clu_vm14-vm24_rate30_lat2node_r1,2,868,1791191379235,0,1791191379239.692,82.054,4.793,1791191379326.718,Normal,0.967
vm2,136178,20261005-090518_clu_vm14-vm24_rate30_lat2node_r1,7300,perf_20261005-090518_clu_vm14-vm24_rate30_lat2node_r1,2,869,1791191379268,0,1791191379329.376,72.893,4.687,1791191379407.129,Normal,0.956
vm2,136178,20261005-090518_clu_vm14-vm24_rate30_lat2node_r1,7306,perf_20261005-090518_clu_vm14-vm24_rate30_lat2node_r1,2,870,1791191379468,0,1791191379472.805,90.216,4.836,1791191379568.036,HATE,0.6851
vm2,136178,20261005-090518_clu_vm14-vm24_rate30_lat2node_r1,7307,perf_20261005-090518_clu_vm14-vm24_rate30_lat2node_r1,2,871,1791191379501,0,1791191379570.567,67.203,4.44,1791191379642.38,Normal,0.8977
vm2,136178,20261005-090518_clu_vm14-vm24_rate30_lat2node_r1,7310,perf_20261005-090518_clu_vm14-vm24_rate30_lat2node_r1,2,872,1791191379601,0,1791191379645.067,72.57,4.887,1791191379722.696,Normal,0.9519
vm2,136178,20261005-090518_clu_vm14-vm24_rate30_lat2node_r1,7323,perf_20261005-090518_clu_vm14-vm24_rate30_lat2node_r1,2,873,1791191380035,0,1791191380039.356,65.555,4.087,1791191380109.175,Normal,0.9507
vm2,136178,20261005-090518_clu_vm14-vm24_rate30_lat2node_r1,7326,perf_20261005-090518_clu_vm14-vm24_rate30_lat2node_r1,2,874,1791191380135,0,1791191380139.551,74.41,4.865,1791191380219.001,Normal,0.9073
vm2,136178,20261005-090518_clu_vm14-vm24_rate30_lat2node_r1,7340,perf_20261005-090518_clu_vm14-vm24_rate30_lat2node_r1,2,875,1791191380601,0,1791191380606.068,84.278,4.397,1791191380694.936,Normal,0.9757
vm2,136178,20261005-090518_clu_vm14-vm24_rate30_lat2node_r1,7352,perf_20261005-090518_clu_vm14-vm24_rate30_lat2node_r1,2,876,1791191381001,0,1791191381006.479,64.369,4.863,1791191381075.896,Normal,0.9471
vm2,136178,20261005-090518_clu_vm14-vm24_rate30_lat2node_r1,7354,perf_20261005-090518_clu_vm14-vm24_rate30_lat2node_r1,2,877,1791191381068,0,1791191381078.5,153.579,4.783,1791191381237.049,Normal,0.9629
vm2,136178,20261005-090518_clu_vm14-vm24_rate30_lat2node_r1,7355,perf_20261005-090518_clu_vm14-vm24_rate30_lat2node_r1,2,878,1791191381101,0,1791191381239.869,91.514,5.292,1791191381336.856,Normal,0.9221
vm2,136178,20261005-090518_clu_vm14-vm24_rate30_lat2node_r1,7357,perf_20261005-090518_clu_vm14-vm24_rate30_lat2node_r1,2,879,1791191381168,0,1791191381337.059,68.814,4.339,1791191381410.381,Normal,0.859
vm2,136178,20261005-090518_clu_vm14-vm24_rate30_lat2node_r1,7363,perf_20261005-090518_clu_vm14-vm24_rate30_lat2node_r1,2,880,1791191381368,0,1791191381413.148,83.556,5.115,1791191381501.996,Normal,0.9696
vm2,136178,20261005-090518_clu_vm14-vm24_rate30_lat2node_r1,7373,perf_20261005-090518_clu_vm14-vm24_rate30_lat2node_r1,2,881,1791191381701,0,1791191381706.2,57.386,5.112,1791191381768.879,Normal,0.9422
vm2,136178,20261005-090518_clu_vm14-vm24_rate30_lat2node_r1,7374,perf_20261005-090518_clu_vm14-vm24_rate30_lat2node_r1,2,882,1791191381735,0,1791191381771.671,64.837,4.933,1791191381841.617,Normal,0.6048
vm2,136178,20261005-090518_clu_vm14-vm24_rate30_lat2node_r1,7382,perf_20261005-090518_clu_vm14-vm24_rate30_lat2node_r1,2,883,1791191382001,0,1791191382006.628,61.88,4.971,1791191382073.664,Normal,0.9514
vm2,136178,20261005-090518_clu_vm14-vm24_rate30_lat2node_r1,7392,perf_20261005-090518_clu_vm14-vm24_rate30_lat2node_r1,2,884,1791191382334,0,1791191382339.9,64.53,5.441,1791191382410.057,Normal,0.9529
vm2,136178,20261005-090518_clu_vm14-vm24_rate30_lat2node_r1,7406,perf_20261005-090518_clu_vm14-vm24_rate30_lat2node_r1,2,885,1791191382802,0,1791191382806.937,79.744,4.468,1791191382891.335,HATE,0.4362
vm2,136178,20261005-090518_clu_vm14-vm24_rate30_lat2node_r1,7411,perf_20261005-090518_clu_vm14-vm24_rate30_lat2node_r1,2,886,1791191382968,0,1791191382972.902,67.32,5.479,1791191383045.886,Normal,0.9629
vm2,136178,20261005-090518_clu_vm14-vm24_rate30_lat2node_r1,7420,perf_20261005-090518_clu_vm14-vm24_rate30_lat2node_r1,2,887,1791191383268,0,1791191383273.387,102.663,5.191,1791191383381.431,Normal,0.7693
vm2,136178,20261005-090518_clu_vm14-vm24_rate30_lat2node_r1,7423,perf_20261005-090518_clu_vm14-vm24_rate30_lat2node_r1,2,888,1791191383368,0,1791191383384.076,57.399,4.446,1791191383446.091,Normal,0.8615
vm2,136178,20261005-090518_clu_vm14-vm24_rate30_lat2node_r1,7425,perf_20261005-090518_clu_vm14-vm24_rate30_lat2node_r1,2,889,1791191383435,0,1791191383448.758,76.85,4.961,1791191383530.739,Normal,0.8459
vm2,136178,20261005-090518_clu_vm14-vm24_rate30_lat2node_r1,7426,perf_20261005-090518_clu_vm14-vm24_rate30_lat2node_r1,2,890,1791191383468,0,1791191383534.292,52.555,5.103,1791191383592.135,Normal,0.8751
vm2,136178,20261005-090518_clu_vm14-vm24_rate30_lat2node_r1,7427,perf_20261005-090518_clu_vm14-vm24_rate30_lat2node_r1,2,891,1791191383501,0,1791191383592.349,54.842,4.461,1791191383651.832,Normal,0.7856
vm2,136178,20261005-090518_clu_vm14-vm24_rate30_lat2node_r1,7432,perf_20261005-090518_clu_vm14-vm24_rate30_lat2node_r1,2,892,1791191383668,0,1791191383672.131,72.635,4.415,1791191383749.349,Normal,0.9665
vm2,136178,20261005-090518_clu_vm14-vm24_rate30_lat2node_r1,7434,perf_20261005-090518_clu_vm14-vm24_rate30_lat2node_r1,2,893,1791191383735,0,1791191383752.374,64.911,4.094,1791191383821.555,Normal,0.9505
vm2,136178,20261005-090518_clu_vm14-vm24_rate30_lat2node_r1,7440,perf_20261005-090518_clu_vm14-vm24_rate30_lat2node_r1,2,894,1791191383935,0,1791191383940.692,132.235,5.444,1791191384078.58,Normal,0.9474
vm2,136178,20261005-090518_clu_vm14-vm24_rate30_lat2node_r1,7448,perf_20261005-090518_clu_vm14-vm24_rate30_lat2node_r1,2,895,1791191384201,0,1791191384205.095,59.978,4.542,1791191384269.866,Normal,0.944
vm2,136178,20261005-090518_clu_vm14-vm24_rate30_lat2node_r1,7459,perf_20261005-090518_clu_vm14-vm24_rate30_lat2node_r1,2,896,1791191384568,0,1791191384572.919,112.644,4.497,1791191384690.244,Normal,0.9568
vm2,136178,20261005-090518_clu_vm14-vm24_rate30_lat2node_r1,7461,perf_20261005-090518_clu_vm14-vm24_rate30_lat2node_r1,2,897,1791191384635,0,1791191384693.255,96.964,4.502,1791191384794.9,Normal,0.9268
vm2,136178,20261005-090518_clu_vm14-vm24_rate30_lat2node_r1,7475,perf_20261005-090518_clu_vm14-vm24_rate30_lat2node_r1,2,898,1791191385101,0,1791191385106.246,69.53,10.977,1791191385186.947,Normal,0.959
vm2,136178,20261005-090518_clu_vm14-vm24_rate30_lat2node_r1,7479,perf_20261005-090518_clu_vm14-vm24_rate30_lat2node_r1,2,899,1791191385235,0,1791191385239.635,76.662,4.735,1791191385321.248,Normal,0.958
vm2,136178,20261005-090518_clu_vm14-vm24_rate30_lat2node_r1,7492,perf_20261005-090518_clu_vm14-vm24_rate30_lat2node_r1,2,900,1791191385668,0,1791191385672.829,67.901,4.683,1791191385745.603,Normal,0.9519
vm2,136178,20261005-090518_clu_vm14-vm24_rate30_lat2node_r1,7501,perf_20261005-090518_clu_vm14-vm24_rate30_lat2node_r1,2,901,1791191385968,0,1791191385973.287,94.844,5.227,1791191386073.553,Normal,0.9677
vm2,136178,20261005-090518_clu_vm14-vm24_rate30_lat2node_r1,7506,perf_20261005-090518_clu_vm14-vm24_rate30_lat2node_r1,2,902,1791191386135,0,1791191386140.359,73.201,5.11,1791191386218.845,Normal,0.9095
vm2,136178,20261005-090518_clu_vm14-vm24_rate30_lat2node_r1,7523,perf_20261005-090518_clu_vm14-vm24_rate30_lat2node_r1,2,903,1791191386701,0,1791191386706.25,76.702,4.794,1791191386787.929,Normal,0.9608
vm2,136178,20261005-090518_clu_vm14-vm24_rate30_lat2node_r1,7529,perf_20261005-090518_clu_vm14-vm24_rate30_lat2node_r1,2,904,1791191386901,0,1791191386906.125,66.938,4.582,1791191386977.902,Normal,0.9144
vm2,136178,20261005-090518_clu_vm14-vm24_rate30_lat2node_r1,7538,perf_20261005-090518_clu_vm14-vm24_rate30_lat2node_r1,2,905,1791191387201,0,1791191387206.94,108.444,6.124,1791191387321.701,Normal,0.9751
vm2,136178,20261005-090518_clu_vm14-vm24_rate30_lat2node_r1,7542,perf_20261005-090518_clu_vm14-vm24_rate30_lat2node_r1,2,906,1791191387335,0,1791191387339.977,63.578,4.543,1791191387408.288,Normal,0.9173
vm2,136178,20261005-090518_clu_vm14-vm24_rate30_lat2node_r1,7546,perf_20261005-090518_clu_vm14-vm24_rate30_lat2node_r1,2,907,1791191387468,0,1791191387473.299,72.919,4.911,1791191387551.317,Normal,0.9474
vm2,136178,20261005-090518_clu_vm14-vm24_rate30_lat2node_r1,7558,perf_20261005-090518_clu_vm14-vm24_rate30_lat2node_r1,2,908,1791191387868,0,1791191387873.17,69.928,5.242,1791191387948.573,Normal,0.9397
vm2,136178,20261005-090518_clu_vm14-vm24_rate30_lat2node_r1,7577,perf_20261005-090518_clu_vm14-vm24_rate30_lat2node_r1,2,909,1791191388501,0,1791191388506.599,92.252,4.923,1791191388603.966,Normal,0.6278
vm2,136178,20261005-090518_clu_vm14-vm24_rate30_lat2node_r1,7578,perf_20261005-090518_clu_vm14-vm24_rate30_lat2node_r1,2,910,1791191388535,0,1791191388606.598,62.858,5.282,1791191388674.916,Normal,0.9569
vm2,136178,20261005-090518_clu_vm14-vm24_rate30_lat2node_r1,7579,perf_20261005-090518_clu_vm14-vm24_rate30_lat2node_r1,2,911,1791191388568,0,1791191388675.121,120.617,4.809,1791191388800.736,Normal,0.9612
vm2,136178,20261005-090518_clu_vm14-vm24_rate30_lat2node_r1,7600,perf_20261005-090518_clu_vm14-vm24_rate30_lat2node_r1,2,912,1791191389268,0,1791191389273.286,77.256,4.632,1791191389355.366,HATE,0.788
vm2,136178,20261005-090518_clu_vm14-vm24_rate30_lat2node_r1,7616,perf_20261005-090518_clu_vm14-vm24_rate30_lat2node_r1,2,913,1791191389801,0,1791191389807.073,76.304,5.2,1791191389888.767,Normal,0.9493
vm2,136178,20261005-090518_clu_vm14-vm24_rate30_lat2node_r1,7633,perf_20261005-090518_clu_vm14-vm24_rate30_lat2node_r1,2,914,1791191390368,0,1791191390372.706,60.091,7.956,1791191390440.947,Normal,0.9423
vm2,136178,20261005-090518_clu_vm14-vm24_rate30_lat2node_r1,7657,perf_20261005-090518_clu_vm14-vm24_rate30_lat2node_r1,2,915,1791191391168,0,1791191391173.173,100.63,5.188,1791191391279.183,Normal,0.9749
vm2,136178,20261005-090518_clu_vm14-vm24_rate30_lat2node_r1,7660,perf_20261005-090518_clu_vm14-vm24_rate30_lat2node_r1,2,916,1791191391268,0,1791191391281.962,57.658,5.308,1791191391345.105,Normal,0.9695
vm2,136178,20261005-090518_clu_vm14-vm24_rate30_lat2node_r1,7664,perf_20261005-090518_clu_vm14-vm24_rate30_lat2node_r1,2,917,1791191391401,0,1791191391407.994,69.777,4.496,1791191391482.446,Normal,0.7626
vm2,136178,20261005-090518_clu_vm14-vm24_rate30_lat2node_r1,7671,perf_20261005-090518_clu_vm14-vm24_rate30_lat2node_r1,2,918,1791191391635,0,1791191391639.665,155.111,4.439,1791191391799.399,HATE,0.3612
vm2,136178,20261005-090518_clu_vm14-vm24_rate30_lat2node_r1,7687,perf_20261005-090518_clu_vm14-vm24_rate30_lat2node_r1,2,919,1791191392168,0,1791191392172.912,71.739,6.388,1791191392251.221,Normal,0.8472
vm2,136178,20261005-090518_clu_vm14-vm24_rate30_lat2node_r1,7701,perf_20261005-090518_clu_vm14-vm24_rate30_lat2node_r1,2,920,1791191392635,0,1791191392639.387,93.252,5.626,1791191392738.449,Normal,0.9688
vm2,136178,20261005-090518_clu_vm14-vm24_rate30_lat2node_r1,7702,perf_20261005-090518_clu_vm14-vm24_rate30_lat2node_r1,2,921,1791191392668,0,1791191392741.1,77.073,4.682,1791191392823.033,Normal,0.9613
vm2,136178,20261005-090518_clu_vm14-vm24_rate30_lat2node_r1,7707,perf_20261005-090518_clu_vm14-vm24_rate30_lat2node_r1,2,922,1791191392835,0,1791191392839.249,76.396,4.886,1791191392920.711,Normal,0.9532
vm2,136178,20261005-090518_clu_vm14-vm24_rate30_lat2node_r1,7719,perf_20261005-090518_clu_vm14-vm24_rate30_lat2node_r1,2,923,1791191393235,0,1791191393239.098,90.282,4.874,1791191393334.44,Normal,0.9645
vm2,136178,20261005-090518_clu_vm14-vm24_rate30_lat2node_r1,7732,perf_20261005-090518_clu_vm14-vm24_rate30_lat2node_r1,2,924,1791191393668,0,1791191393672.832,66.274,4.509,1791191393743.8,Normal,0.9306
vm2,136178,20261005-090518_clu_vm14-vm24_rate30_lat2node_r1,7775,perf_20261005-090518_clu_vm14-vm24_rate30_lat2node_r1,2,925,1791191395101,0,1791191395106.17,61.741,5.189,1791191395173.281,Normal,0.7545
vm2,136178,20261005-090518_clu_vm14-vm24_rate30_lat2node_r1,7792,perf_20261005-090518_clu_vm14-vm24_rate30_lat2node_r1,2,926,1791191395668,0,1791191395673.114,94.018,5.391,1791191395772.708,Normal,0.8739
vm2,136178,20261005-090518_clu_vm14-vm24_rate30_lat2node_r1,7795,perf_20261005-090518_clu_vm14-vm24_rate30_lat2node_r1,2,927,1791191395769,0,1791191395775.807,76.679,4.735,1791191395857.396,Normal,0.9765
vm2,136178,20261005-090518_clu_vm14-vm24_rate30_lat2node_r1,7801,perf_20261005-090518_clu_vm14-vm24_rate30_lat2node_r1,2,928,1791191395968,0,1791191395973.036,60.368,4.188,1791191396037.771,Normal,0.9633
vm2,136178,20261005-090518_clu_vm14-vm24_rate30_lat2node_r1,7803,perf_20261005-090518_clu_vm14-vm24_rate30_lat2node_r1,2,929,1791191396035,0,1791191396040.292,51.934,4.086,1791191396096.5,Normal,0.9283
vm2,136178,20261005-090518_clu_vm14-vm24_rate30_lat2node_r1,7815,perf_20261005-090518_clu_vm14-vm24_rate30_lat2node_r1,2,930,1791191396434,0,1791191396438.489,62.284,5.062,1791191396506.057,Normal,0.951
vm2,136178,20261005-090518_clu_vm14-vm24_rate30_lat2node_r1,7818,perf_20261005-090518_clu_vm14-vm24_rate30_lat2node_r1,2,931,1791191396535,0,1791191396540.725,170.871,4.693,1791191396716.479,Normal,0.9326
vm2,136178,20261005-090518_clu_vm14-vm24_rate30_lat2node_r1,7819,perf_20261005-090518_clu_vm14-vm24_rate30_lat2node_r1,2,932,1791191396568,0,1791191396719.496,65.084,4.889,1791191396789.643,Normal,0.9241
vm2,136178,20261005-090518_clu_vm14-vm24_rate30_lat2node_r1,7820,perf_20261005-090518_clu_vm14-vm24_rate30_lat2node_r1,2,933,1791191396601,0,1791191396789.851,59.84,4.697,1791191396854.562,Normal,0.9679
vm2,136178,20261005-090518_clu_vm14-vm24_rate30_lat2node_r1,7830,perf_20261005-090518_clu_vm14-vm24_rate30_lat2node_r1,2,934,1791191396935,0,1791191396939.765,87.17,4.938,1791191397032.06,Normal,0.963
vm2,136178,20261005-090518_clu_vm14-vm24_rate30_lat2node_r1,7834,perf_20261005-090518_clu_vm14-vm24_rate30_lat2node_r1,2,935,1791191397068,0,1791191397073.005,361.419,5.75,1791191397440.407,Normal,0.9568
vm2,136178,20261005-090518_clu_vm14-vm24_rate30_lat2node_r1,7839,perf_20261005-090518_clu_vm14-vm24_rate30_lat2node_r1,2,936,1791191397235,0,1791191397443.546,66.398,4.236,1791191397514.358,Normal,0.9667
vm2,136178,20261005-090518_clu_vm14-vm24_rate30_lat2node_r1,7843,perf_20261005-090518_clu_vm14-vm24_rate30_lat2node_r1,2,937,1791191397368,0,1791191397514.566,66.161,5.048,1791191397585.965,Normal,0.9561
vm2,136178,20261005-090518_clu_vm14-vm24_rate30_lat2node_r1,7853,perf_20261005-090518_clu_vm14-vm24_rate30_lat2node_r1,2,938,1791191397701,0,1791191397706.419,117.815,4.566,1791191397828.991,Normal,0.8644
vm2,136178,20261005-090518_clu_vm14-vm24_rate30_lat2node_r1,7881,perf_20261005-090518_clu_vm14-vm24_rate30_lat2node_r1,2,939,1791191398635,0,1791191398639.439,73.329,4.494,1791191398717.45,Normal,0.9147
vm2,136178,20261005-090518_clu_vm14-vm24_rate30_lat2node_r1,7886,perf_20261005-090518_clu_vm14-vm24_rate30_lat2node_r1,2,940,1791191398801,0,1791191398806.665,56.465,4.669,1791191398868.025,Normal,0.9287
vm2,136178,20261005-090518_clu_vm14-vm24_rate30_lat2node_r1,7889,perf_20261005-090518_clu_vm14-vm24_rate30_lat2node_r1,2,941,1791191398901,0,1791191398906.509,234.883,4.98,1791191399146.572,Normal,0.9721
vm2,136178,20261005-090518_clu_vm14-vm24_rate30_lat2node_r1,7894,perf_20261005-090518_clu_vm14-vm24_rate30_lat2node_r1,2,942,1791191399068,0,1791191399149.664,132.508,5.758,1791191399288.16,Normal,0.975
vm2,136178,20261005-090518_clu_vm14-vm24_rate30_lat2node_r1,7896,perf_20261005-090518_clu_vm14-vm24_rate30_lat2node_r1,2,943,1791191399135,0,1791191399288.378,62.875,4.451,1791191399355.879,Normal,0.933
vm2,136178,20261005-090518_clu_vm14-vm24_rate30_lat2node_r1,7902,perf_20261005-090518_clu_vm14-vm24_rate30_lat2node_r1,2,944,1791191399335,0,1791191399358.475,71.679,4.444,1791191399434.802,Normal,0.9257
vm2,136178,20261005-090518_clu_vm14-vm24_rate30_lat2node_r1,7909,perf_20261005-090518_clu_vm14-vm24_rate30_lat2node_r1,2,945,1791191399568,0,1791191399571.948,55.606,4.594,1791191399632.329,Normal,0.9313
vm2,136178,20261005-090518_clu_vm14-vm24_rate30_lat2node_r1,7914,perf_20261005-090518_clu_vm14-vm24_rate30_lat2node_r1,2,946,1791191399735,0,1791191399739.69,63.502,4.477,1791191399807.898,Normal,0.9525
vm2,136178,20261005-090518_clu_vm14-vm24_rate30_lat2node_r1,7923,perf_20261005-090518_clu_vm14-vm24_rate30_lat2node_r1,2,947,1791191400035,0,1791191400039.294,59.272,4.899,1791191400103.643,Normal,0.8996
vm2,136178,20261005-090518_clu_vm14-vm24_rate30_lat2node_r1,7936,perf_20261005-090518_clu_vm14-vm24_rate30_lat2node_r1,2,948,1791191400468,0,1791191400472.768,75.563,5.024,1791191400553.541,Normal,0.9542
vm2,136178,20261005-090518_clu_vm14-vm24_rate30_lat2node_r1,7938,perf_20261005-090518_clu_vm14-vm24_rate30_lat2node_r1,2,949,1791191400535,0,1791191400556.299,75.982,4.961,1791191400637.419,Normal,0.9531
vm2,136178,20261005-090518_clu_vm14-vm24_rate30_lat2node_r1,7939,perf_20261005-090518_clu_vm14-vm24_rate30_lat2node_r1,2,950,1791191400568,0,1791191400640.09,61.032,4.398,1791191400705.766,Normal,0.7436
vm2,136178,20261005-090518_clu_vm14-vm24_rate30_lat2node_r1,7950,perf_20261005-090518_clu_vm14-vm24_rate30_lat2node_r1,2,951,1791191400935,0,1791191400939.372,115.477,5.416,1791191401060.452,HATE,0.5672
vm2,136178,20261005-090518_clu_vm14-vm24_rate30_lat2node_r1,7952,perf_20261005-090518_clu_vm14-vm24_rate30_lat2node_r1,2,952,1791191401001,0,1791191401063.457,80.894,4.561,1791191401149.107,Normal,0.939
vm2,136178,20261005-090518_clu_vm14-vm24_rate30_lat2node_r1,7964,perf_20261005-090518_clu_vm14-vm24_rate30_lat2node_r1,2,953,1791191401402,0,1791191401407.224,141.699,4.635,1791191401553.745,Normal,0.9611
vm2,136178,20261005-090518_clu_vm14-vm24_rate30_lat2node_r1,7994,perf_20261005-090518_clu_vm14-vm24_rate30_lat2node_r1,2,954,1791191402401,0,1791191402416.28,64.738,4.831,1791191402486.033,Normal,0.9361
vm2,136178,20261005-090518_clu_vm14-vm24_rate30_lat2node_r1,7996,perf_20261005-090518_clu_vm14-vm24_rate30_lat2node_r1,2,955,1791191402468,0,1791191402490.59,57.305,4.867,1791191402552.938,Normal,0.9632
vm2,136178,20261005-090518_clu_vm14-vm24_rate30_lat2node_r1,7999,perf_20261005-090518_clu_vm14-vm24_rate30_lat2node_r1,2,956,1791191402568,0,1791191402576.572,78.643,4.118,1791191402659.519,Normal,0.9566
vm2,136178,20261005-090518_clu_vm14-vm24_rate30_lat2node_r1,8002,perf_20261005-090518_clu_vm14-vm24_rate30_lat2node_r1,2,957,1791191402670,0,1791191402680.41,83.292,4.42,1791191402768.316,Normal,0.9419
vm2,136178,20261005-090518_clu_vm14-vm24_rate30_lat2node_r1,8015,perf_20261005-090518_clu_vm14-vm24_rate30_lat2node_r1,2,958,1791191403101,0,1791191403106.271,67.756,7.131,1791191403181.342,Normal,0.9691
vm2,136178,20261005-090518_clu_vm14-vm24_rate30_lat2node_r1,8019,perf_20261005-090518_clu_vm14-vm24_rate30_lat2node_r1,2,959,1791191403235,0,1791191403240.893,86.343,4.769,1791191403332.188,Normal,0.9514
vm2,136178,20261005-090518_clu_vm14-vm24_rate30_lat2node_r1,8026,perf_20261005-090518_clu_vm14-vm24_rate30_lat2node_r1,2,960,1791191403468,0,1791191403472.958,60.782,4.977,1791191403538.898,Normal,0.9576
vm2,136178,20261005-090518_clu_vm14-vm24_rate30_lat2node_r1,8030,perf_20261005-090518_clu_vm14-vm24_rate30_lat2node_r1,2,961,1791191403601,0,1791191403606.289,68.524,4.393,1791191403679.389,Normal,0.9572
vm2,136178,20261005-090518_clu_vm14-vm24_rate30_lat2node_r1,8033,perf_20261005-090518_clu_vm14-vm24_rate30_lat2node_r1,2,962,1791191403701,0,1791191403706.685,74.891,4.964,1791191403786.719,Normal,0.8456
vm2,136178,20261005-090518_clu_vm14-vm24_rate30_lat2node_r1,8049,perf_20261005-090518_clu_vm14-vm24_rate30_lat2node_r1,2,963,1791191404235,0,1791191404239.73,58.793,4.585,1791191404303.293,Normal,0.9565
vm2,136178,20261005-090518_clu_vm14-vm24_rate30_lat2node_r1,8051,perf_20261005-090518_clu_vm14-vm24_rate30_lat2node_r1,2,964,1791191404301,0,1791191404305.804,68.093,4.709,1791191404378.788,Normal,0.9558
vm2,136178,20261005-090518_clu_vm14-vm24_rate30_lat2node_r1,8068,perf_20261005-090518_clu_vm14-vm24_rate30_lat2node_r1,2,965,1791191404868,0,1791191404873.189,77.907,4.816,1791191404956.094,Normal,0.9663
vm2,136178,20261005-090518_clu_vm14-vm24_rate30_lat2node_r1,8074,perf_20261005-090518_clu_vm14-vm24_rate30_lat2node_r1,2,966,1791191405068,0,1791191405072.826,81.436,5.339,1791191405159.779,Normal,0.8831
vm2,136178,20261005-090518_clu_vm14-vm24_rate30_lat2node_r1,8079,perf_20261005-090518_clu_vm14-vm24_rate30_lat2node_r1,2,967,1791191405235,0,1791191405240.249,87.618,5.152,1791191405333.203,Normal,0.9663
vm2,136178,20261005-090518_clu_vm14-vm24_rate30_lat2node_r1,8089,perf_20261005-090518_clu_vm14-vm24_rate30_lat2node_r1,2,968,1791191405568,0,1791191405572.989,113.123,8.774,1791191405695.083,Normal,0.9268
vm2,136178,20261005-090518_clu_vm14-vm24_rate30_lat2node_r1,8095,perf_20261005-090518_clu_vm14-vm24_rate30_lat2node_r1,2,969,1791191405768,0,1791191405773.155,55.404,4.759,1791191405833.503,Normal,0.9644
vm2,136178,20261005-090518_clu_vm14-vm24_rate30_lat2node_r1,8132,perf_20261005-090518_clu_vm14-vm24_rate30_lat2node_r1,2,970,1791191407001,0,1791191407006.043,61.808,5.244,1791191407073.289,Normal,0.9303
vm2,136178,20261005-090518_clu_vm14-vm24_rate30_lat2node_r1,8143,perf_20261005-090518_clu_vm14-vm24_rate30_lat2node_r1,2,971,1791191407368,0,1791191407373.053,63.823,4.636,1791191407441.694,Normal,0.9451
vm2,136178,20261005-090518_clu_vm14-vm24_rate30_lat2node_r1,8150,perf_20261005-090518_clu_vm14-vm24_rate30_lat2node_r1,2,972,1791191407601,0,1791191407606.658,365.676,5.177,1791191407977.741,Normal,0.9729
vm2,136178,20261005-090518_clu_vm14-vm24_rate30_lat2node_r1,8152,perf_20261005-090518_clu_vm14-vm24_rate30_lat2node_r1,2,973,1791191407668,0,1791191407980.982,65.917,3.818,1791191408050.903,Normal,0.7301
vm2,136178,20261005-090518_clu_vm14-vm24_rate30_lat2node_r1,8155,perf_20261005-090518_clu_vm14-vm24_rate30_lat2node_r1,2,974,1791191407768,0,1791191408051.147,55.463,4.335,1791191408111.13,Normal,0.9001
vm2,136178,20261005-090518_clu_vm14-vm24_rate30_lat2node_r1,8160,perf_20261005-090518_clu_vm14-vm24_rate30_lat2node_r1,2,975,1791191407935,0,1791191408111.353,61.836,5.181,1791191408178.654,Normal,0.9567
vm2,136178,20261005-090518_clu_vm14-vm24_rate30_lat2node_r1,8164,perf_20261005-090518_clu_vm14-vm24_rate30_lat2node_r1,2,976,1791191408068,0,1791191408181.938,291.094,4.747,1791191408478.05,Normal,0.977
vm2,136178,20261005-090518_clu_vm14-vm24_rate30_lat2node_r1,8167,perf_20261005-090518_clu_vm14-vm24_rate30_lat2node_r1,2,977,1791191408168,0,1791191408478.261,63.751,4.939,1791191408547.123,Normal,0.9267
vm2,136178,20261005-090518_clu_vm14-vm24_rate30_lat2node_r1,8169,perf_20261005-090518_clu_vm14-vm24_rate30_lat2node_r1,2,978,1791191408235,0,1791191408550.663,54.233,4.609,1791191408609.752,Normal,0.9661
vm2,136178,20261005-090518_clu_vm14-vm24_rate30_lat2node_r1,8171,perf_20261005-090518_clu_vm14-vm24_rate30_lat2node_r1,2,979,1791191408301,0,1791191408609.969,252.267,5.014,1791191408867.442,Normal,0.9729
vm2,136178,20261005-090518_clu_vm14-vm24_rate30_lat2node_r1,8175,perf_20261005-090518_clu_vm14-vm24_rate30_lat2node_r1,2,980,1791191408435,0,1791191408867.667,51.866,4.611,1791191408924.323,Normal,0.9556
vm2,136178,20261005-090518_clu_vm14-vm24_rate30_lat2node_r1,8182,perf_20261005-090518_clu_vm14-vm24_rate30_lat2node_r1,2,981,1791191408668,0,1791191408927.551,58.527,4.871,1791191408991.125,Normal,0.962
vm2,136178,20261005-090518_clu_vm14-vm24_rate30_lat2node_r1,8187,perf_20261005-090518_clu_vm14-vm24_rate30_lat2node_r1,2,982,1791191408834,0,1791191408991.343,61.479,4.925,1791191409057.918,Normal,0.6558
vm2,136178,20261005-090518_clu_vm14-vm24_rate30_lat2node_r1,8192,perf_20261005-090518_clu_vm14-vm24_rate30_lat2node_r1,2,983,1791191409001,0,1791191409061.157,67.42,5.283,1791191409134.044,Normal,0.9755
vm2,136178,20261005-090518_clu_vm14-vm24_rate30_lat2node_r1,8193,perf_20261005-090518_clu_vm14-vm24_rate30_lat2node_r1,2,984,1791191409035,0,1791191409134.256,65.631,8.459,1791191409208.526,Normal,0.9488
vm2,136178,20261005-090518_clu_vm14-vm24_rate30_lat2node_r1,8199,perf_20261005-090518_clu_vm14-vm24_rate30_lat2node_r1,2,985,1791191409235,0,1791191409239.022,129.16,4.865,1791191409373.253,Normal,0.8696
vm2,136178,20261005-090518_clu_vm14-vm24_rate30_lat2node_r1,8212,perf_20261005-090518_clu_vm14-vm24_rate30_lat2node_r1,2,986,1791191409668,0,1791191409672.835,59.93,4.638,1791191409737.586,Normal,0.9538
vm2,136178,20261005-090518_clu_vm14-vm24_rate30_lat2node_r1,8236,perf_20261005-090518_clu_vm14-vm24_rate30_lat2node_r1,2,987,1791191410468,0,1791191410473.33,81.182,4.428,1791191410559.131,Normal,0.8864
vm2,136178,20261005-090518_clu_vm14-vm24_rate30_lat2node_r1,8245,perf_20261005-090518_clu_vm14-vm24_rate30_lat2node_r1,2,988,1791191410768,0,1791191410772.875,101.013,4.731,1791191410878.813,Normal,0.9663
vm2,136178,20261005-090518_clu_vm14-vm24_rate30_lat2node_r1,8254,perf_20261005-090518_clu_vm14-vm24_rate30_lat2node_r1,2,989,1791191411068,0,1791191411072.301,68.15,5.342,1791191411146.0,Normal,0.9311
vm2,136178,20261005-090518_clu_vm14-vm24_rate30_lat2node_r1,8260,perf_20261005-090518_clu_vm14-vm24_rate30_lat2node_r1,2,990,1791191411268,0,1791191411272.187,179.272,5.249,1791191411456.91,Normal,0.9687
vm2,136178,20261005-090518_clu_vm14-vm24_rate30_lat2node_r1,8263,perf_20261005-090518_clu_vm14-vm24_rate30_lat2node_r1,2,991,1791191411368,0,1791191411459.643,57.418,5.312,1791191411522.626,Normal,0.9072
vm2,136178,20261005-090518_clu_vm14-vm24_rate30_lat2node_r1,8270,perf_20261005-090518_clu_vm14-vm24_rate30_lat2node_r1,2,992,1791191411601,0,1791191411606.193,57.193,5.387,1791191411669.002,Normal,0.9277
vm2,136178,20261005-090518_clu_vm14-vm24_rate30_lat2node_r1,8289,perf_20261005-090518_clu_vm14-vm24_rate30_lat2node_r1,2,993,1791191412235,0,1791191412239.35,53.161,4.741,1791191412297.449,Normal,0.9389
vm2,136178,20261005-090518_clu_vm14-vm24_rate30_lat2node_r1,8294,perf_20261005-090518_clu_vm14-vm24_rate30_lat2node_r1,2,994,1791191412401,0,1791191412406.511,65.255,5.368,1791191412477.333,Normal,0.8045
vm2,136178,20261005-090518_clu_vm14-vm24_rate30_lat2node_r1,8302,perf_20261005-090518_clu_vm14-vm24_rate30_lat2node_r1,2,995,1791191412668,0,1791191412673.883,63.496,4.834,1791191412742.399,Normal,0.9553
vm2,136178,20261005-090518_clu_vm14-vm24_rate30_lat2node_r1,8313,perf_20261005-090518_clu_vm14-vm24_rate30_lat2node_r1,2,996,1791191413035,0,1791191413039.632,64.326,4.677,1791191413108.825,Normal,0.9607
vm2,136178,20261005-090518_clu_vm14-vm24_rate30_lat2node_r1,8314,perf_20261005-090518_clu_vm14-vm24_rate30_lat2node_r1,2,997,1791191413068,0,1791191413111.141,48.463,5.136,1791191413164.921,Normal,0.9157
vm2,136178,20261005-090518_clu_vm14-vm24_rate30_lat2node_r1,8316,perf_20261005-090518_clu_vm14-vm24_rate30_lat2node_r1,2,998,1791191413135,0,1791191413167.572,54.29,5.476,1791191413227.524,Normal,0.8954
vm2,136178,20261005-090518_clu_vm14-vm24_rate30_lat2node_r1,8318,perf_20261005-090518_clu_vm14-vm24_rate30_lat2node_r1,2,999,1791191413201,0,1791191413230.147,178.402,4.916,1791191413413.658,Normal,0.9667
vm2,136178,20261005-090518_clu_vm14-vm24_rate30_lat2node_r1,8326,perf_20261005-090518_clu_vm14-vm24_rate30_lat2node_r1,2,1000,1791191413468,0,1791191413473.391,74.782,5.939,1791191413554.305,Normal,0.978
vm2,136178,20261005-090518_clu_vm14-vm24_rate30_lat2node_r1,8329,perf_20261005-090518_clu_vm14-vm24_rate30_lat2node_r1,2,1001,1791191413568,0,1791191413572.381,61.083,5.021,1791191413638.666,Normal,0.959
vm2,136178,20261005-090518_clu_vm14-vm24_rate30_lat2node_r1,8336,perf_20261005-090518_clu_vm14-vm24_rate30_lat2node_r1,2,1002,1791191413801,0,1791191413808.084,51.797,5.256,1791191413865.33,Normal,0.9255
vm2,136178,20261005-090518_clu_vm14-vm24_rate30_lat2node_r1,8347,perf_20261005-090518_clu_vm14-vm24_rate30_lat2node_r1,2,1003,1791191414168,0,1791191414172.857,59.092,4.596,1791191414236.737,Normal,0.9168
vm2,136178,20261005-090518_clu_vm14-vm24_rate30_lat2node_r1,8360,perf_20261005-090518_clu_vm14-vm24_rate30_lat2node_r1,2,1004,1791191414602,0,1791191414612.642,49.78,3.436,1791191414666.057,Normal,0.9491
vm2,136178,20261005-090518_clu_vm14-vm24_rate30_lat2node_r1,8363,perf_20261005-090518_clu_vm14-vm24_rate30_lat2node_r1,2,1005,1791191414701,0,1791191414707.849,88.04,8.278,1791191414804.371,Normal,0.9429
vm2,136178,20261005-090518_clu_vm14-vm24_rate30_lat2node_r1,8367,perf_20261005-090518_clu_vm14-vm24_rate30_lat2node_r1,2,1006,1791191414835,0,1791191414840.596,88.064,5.145,1791191414933.997,Normal,0.7922
vm2,136178,20261005-090518_clu_vm14-vm24_rate30_lat2node_r1,8368,perf_20261005-090518_clu_vm14-vm24_rate30_lat2node_r1,2,1007,1791191414868,0,1791191414939.113,51.447,5.347,1791191414996.125,Normal,0.9483
vm2,136178,20261005-090518_clu_vm14-vm24_rate30_lat2node_r1,8378,perf_20261005-090518_clu_vm14-vm24_rate30_lat2node_r1,2,1008,1791191415201,0,1791191415205.753,96.197,5.929,1791191415308.065,Normal,0.9647
vm2,136178,20261005-090518_clu_vm14-vm24_rate30_lat2node_r1,8389,perf_20261005-090518_clu_vm14-vm24_rate30_lat2node_r1,2,1009,1791191415568,0,1791191415573.1,67.637,4.654,1791191415645.586,Normal,0.5529
vm2,136178,20261005-090518_clu_vm14-vm24_rate30_lat2node_r1,8394,perf_20261005-090518_clu_vm14-vm24_rate30_lat2node_r1,2,1010,1791191415735,0,1791191415740.065,73.52,4.79,1791191415818.559,Normal,0.9677
vm2,136178,20261005-090518_clu_vm14-vm24_rate30_lat2node_r1,8396,perf_20261005-090518_clu_vm14-vm24_rate30_lat2node_r1,2,1011,1791191415801,0,1791191415821.277,52.812,5.099,1791191415879.374,Normal,0.9181
vm2,136178,20261005-090518_clu_vm14-vm24_rate30_lat2node_r1,8398,perf_20261005-090518_clu_vm14-vm24_rate30_lat2node_r1,2,1012,1791191415868,0,1791191415881.862,52.093,4.511,1791191415938.653,Normal,0.9423
vm2,136178,20261005-090518_clu_vm14-vm24_rate30_lat2node_r1,8406,perf_20261005-090518_clu_vm14-vm24_rate30_lat2node_r1,2,1013,1791191416135,0,1791191416139.937,59.884,6.319,1791191416206.334,Normal,0.9614
vm2,136178,20261005-090518_clu_vm14-vm24_rate30_lat2node_r1,8407,perf_20261005-090518_clu_vm14-vm24_rate30_lat2node_r1,2,1014,1791191416168,0,1791191416209.065,85.181,5.255,1791191416299.689,Normal,0.9609
vm2,136178,20261005-090518_clu_vm14-vm24_rate30_lat2node_r1,8411,perf_20261005-090518_clu_vm14-vm24_rate30_lat2node_r1,2,1015,1791191416301,0,1791191416305.719,50.24,5.24,1791191416361.389,Normal,0.9564
vm2,136178,20261005-090518_clu_vm14-vm24_rate30_lat2node_r1,8417,perf_20261005-090518_clu_vm14-vm24_rate30_lat2node_r1,2,1016,1791191416501,0,1791191416505.891,86.88,4.996,1791191416597.962,Normal,0.4952
vm2,136178,20261005-090518_clu_vm14-vm24_rate30_lat2node_r1,8422,perf_20261005-090518_clu_vm14-vm24_rate30_lat2node_r1,2,1017,1791191416668,0,1791191416672.452,64.567,5.498,1791191416742.707,Normal,0.9602
vm2,136178,20261005-090518_clu_vm14-vm24_rate30_lat2node_r1,8424,perf_20261005-090518_clu_vm14-vm24_rate30_lat2node_r1,2,1018,1791191416735,0,1791191416745.782,72.647,3.399,1791191416822.033,Normal,0.9015
vm2,136178,20261005-090518_clu_vm14-vm24_rate30_lat2node_r1,8443,perf_20261005-090518_clu_vm14-vm24_rate30_lat2node_r1,2,1019,1791191417368,0,1791191417372.85,75.034,5.068,1791191417453.144,Normal,0.4318
vm2,136178,20261005-090518_clu_vm14-vm24_rate30_lat2node_r1,8445,perf_20261005-090518_clu_vm14-vm24_rate30_lat2node_r1,2,1020,1791191417435,0,1791191417456.091,171.057,5.066,1791191417632.408,Normal,0.9692
vm2,136178,20261005-090518_clu_vm14-vm24_rate30_lat2node_r1,8447,perf_20261005-090518_clu_vm14-vm24_rate30_lat2node_r1,2,1021,1791191417501,0,1791191417635.502,63.667,4.047,1791191417703.397,Normal,0.9144
vm2,136178,20261005-090518_clu_vm14-vm24_rate30_lat2node_r1,8461,perf_20261005-090518_clu_vm14-vm24_rate30_lat2node_r1,2,1022,1791191417968,0,1791191417972.612,63.51,4.941,1791191418041.252,Normal,0.9589
vm2,136178,20261005-090518_clu_vm14-vm24_rate30_lat2node_r1,8471,perf_20261005-090518_clu_vm14-vm24_rate30_lat2node_r1,2,1023,1791191418301,0,1791191418305.896,66.108,5.45,1791191418377.651,Normal,0.9397
vm2,136178,20261005-090518_clu_vm14-vm24_rate30_lat2node_r1,8482,perf_20261005-090518_clu_vm14-vm24_rate30_lat2node_r1,2,1024,1791191418668,0,1791191418672.72,57.898,4.169,1791191418734.976,Normal,0.9643
vm2,136178,20261005-090518_clu_vm14-vm24_rate30_lat2node_r1,8497,perf_20261005-090518_clu_vm14-vm24_rate30_lat2node_r1,2,1025,1791191419168,0,1791191419173.677,72.353,5.306,1791191419251.525,Normal,0.9427
vm2,136178,20261005-090518_clu_vm14-vm24_rate30_lat2node_r1,8498,perf_20261005-090518_clu_vm14-vm24_rate30_lat2node_r1,2,1026,1791191419201,0,1791191419254.04,111.066,4.942,1791191419370.309,Normal,0.936
vm2,136178,20261005-090518_clu_vm14-vm24_rate30_lat2node_r1,8500,perf_20261005-090518_clu_vm14-vm24_rate30_lat2node_r1,2,1027,1791191419268,0,1791191419373.225,58.414,4.725,1791191419436.604,Normal,0.9232
vm2,136178,20261005-090518_clu_vm14-vm24_rate30_lat2node_r1,8501,perf_20261005-090518_clu_vm14-vm24_rate30_lat2node_r1,2,1028,1791191419301,0,1791191419436.817,101.0,4.272,1791191419542.278,Normal,0.8965
vm2,136178,20261005-090518_clu_vm14-vm24_rate30_lat2node_r1,8502,perf_20261005-090518_clu_vm14-vm24_rate30_lat2node_r1,2,1029,1791191419335,0,1791191419542.49,55.466,4.563,1791191419602.696,Normal,0.9437
vm2,136178,20261005-090518_clu_vm14-vm24_rate30_lat2node_r1,8518,perf_20261005-090518_clu_vm14-vm24_rate30_lat2node_r1,2,1030,1791191419868,0,1791191419872.809,88.909,4.542,1791191419966.448,Normal,0.9102
vm2,136178,20261005-090518_clu_vm14-vm24_rate30_lat2node_r1,8519,perf_20261005-090518_clu_vm14-vm24_rate30_lat2node_r1,2,1031,1791191419901,0,1791191419969.037,177.515,5.162,1791191420151.915,Normal,0.7638
vm2,136178,20261005-090518_clu_vm14-vm24_rate30_lat2node_r1,8521,perf_20261005-090518_clu_vm14-vm24_rate30_lat2node_r1,2,1032,1791191419968,0,1791191420154.613,73.637,5.361,1791191420233.803,Normal,0.9564
vm2,136178,20261005-090518_clu_vm14-vm24_rate30_lat2node_r1,8527,perf_20261005-090518_clu_vm14-vm24_rate30_lat2node_r1,2,1033,1791191420168,0,1791191420236.335,226.955,4.989,1791191420468.471,Normal,0.9749
vm2,136178,20261005-090518_clu_vm14-vm24_rate30_lat2node_r1,8535,perf_20261005-090518_clu_vm14-vm24_rate30_lat2node_r1,2,1034,1791191420435,0,1791191420471.09,50.901,5.627,1791191420527.794,Normal,0.9556
vm2,136178,20261005-090518_clu_vm14-vm24_rate30_lat2node_r1,8538,perf_20261005-090518_clu_vm14-vm24_rate30_lat2node_r1,2,1035,1791191420535,0,1791191420538.761,72.459,5.286,1791191420616.691,Normal,0.9643
vm2,136178,20261005-090518_clu_vm14-vm24_rate30_lat2node_r1,8545,perf_20261005-090518_clu_vm14-vm24_rate30_lat2node_r1,2,1036,1791191420768,0,1791191420772.416,117.438,4.382,1791191420894.424,Normal,0.9751
vm2,136178,20261005-090518_clu_vm14-vm24_rate30_lat2node_r1,8558,perf_20261005-090518_clu_vm14-vm24_rate30_lat2node_r1,2,1037,1791191421202,0,1791191421207.146,60.197,4.668,1791191421272.206,Normal,0.5139
vm2,136178,20261005-090518_clu_vm14-vm24_rate30_lat2node_r1,8563,perf_20261005-090518_clu_vm14-vm24_rate30_lat2node_r1,2,1038,1791191421368,0,1791191421372.991,66.231,5.049,1791191421444.466,Normal,0.9449
vm2,136178,20261005-090518_clu_vm14-vm24_rate30_lat2node_r1,8573,perf_20261005-090518_clu_vm14-vm24_rate30_lat2node_r1,2,1039,1791191421701,0,1791191421706.85,89.047,4.595,1791191421800.714,Normal,0.9606
vm2,136178,20261005-090518_clu_vm14-vm24_rate30_lat2node_r1,8575,perf_20261005-090518_clu_vm14-vm24_rate30_lat2node_r1,2,1040,1791191421768,0,1791191421803.542,63.317,5.436,1791191421872.476,Normal,0.9694
vm2,136178,20261005-090518_clu_vm14-vm24_rate30_lat2node_r1,8576,perf_20261005-090518_clu_vm14-vm24_rate30_lat2node_r1,2,1041,1791191421801,0,1791191421875.316,54.399,5.146,1791191421935.041,Normal,0.9747
vm2,136178,20261005-090518_clu_vm14-vm24_rate30_lat2node_r1,8578,perf_20261005-090518_clu_vm14-vm24_rate30_lat2node_r1,2,1042,1791191421868,0,1791191421935.253,58.088,4.316,1791191421997.853,Normal,0.9667
vm2,136178,20261005-090518_clu_vm14-vm24_rate30_lat2node_r1,8583,perf_20261005-090518_clu_vm14-vm24_rate30_lat2node_r1,2,1043,1791191422035,0,1791191422039.198,50.817,5.379,1791191422095.582,Normal,0.9479
vm2,136178,20261005-090518_clu_vm14-vm24_rate30_lat2node_r1,8584,perf_20261005-090518_clu_vm14-vm24_rate30_lat2node_r1,2,1044,1791191422068,0,1791191422098.304,72.194,4.891,1791191422175.581,Normal,0.9473
vm2,136178,20261005-090518_clu_vm14-vm24_rate30_lat2node_r1,8595,perf_20261005-090518_clu_vm14-vm24_rate30_lat2node_r1,2,1045,1791191422435,0,1791191422440.008,66.579,4.439,1791191422511.215,Normal,0.9479
vm2,136178,20261005-090518_clu_vm14-vm24_rate30_lat2node_r1,8601,perf_20261005-090518_clu_vm14-vm24_rate30_lat2node_r1,2,1046,1791191422635,0,1791191422639.445,71.942,4.695,1791191422716.279,Normal,0.962
vm2,136178,20261005-090518_clu_vm14-vm24_rate30_lat2node_r1,8642,perf_20261005-090518_clu_vm14-vm24_rate30_lat2node_r1,2,1047,1791191424001,0,1791191424006.328,60.37,3.864,1791191424070.774,Normal,0.9081
vm2,136178,20261005-090518_clu_vm14-vm24_rate30_lat2node_r1,8651,perf_20261005-090518_clu_vm14-vm24_rate30_lat2node_r1,2,1048,1791191424301,0,1791191424305.666,80.478,4.871,1791191424391.204,Normal,0.9715
vm2,136178,20261005-090518_clu_vm14-vm24_rate30_lat2node_r1,8654,perf_20261005-090518_clu_vm14-vm24_rate30_lat2node_r1,2,1049,1791191424401,0,1791191424405.195,50.966,5.023,1791191424461.371,Normal,0.9264
vm2,136178,20261005-090518_clu_vm14-vm24_rate30_lat2node_r1,8663,perf_20261005-090518_clu_vm14-vm24_rate30_lat2node_r1,2,1050,1791191424701,0,1791191424705.56,65.758,4.359,1791191424775.872,Normal,0.933
vm2,136178,20261005-090518_clu_vm14-vm24_rate30_lat2node_r1,8670,perf_20261005-090518_clu_vm14-vm24_rate30_lat2node_r1,2,1051,1791191424934,0,1791191424939.712,157.411,3.721,1791191425101.1,Normal,0.9761
vm2,136178,20261005-090518_clu_vm14-vm24_rate30_lat2node_r1,8691,perf_20261005-090518_clu_vm14-vm24_rate30_lat2node_r1,2,1052,1791191425635,0,1791191425641.787,84.704,3.75,1791191425730.454,Normal,0.9358
vm2,136178,20261005-090518_clu_vm14-vm24_rate30_lat2node_r1,8694,perf_20261005-090518_clu_vm14-vm24_rate30_lat2node_r1,2,1053,1791191425734,0,1791191425738.708,95.234,5.662,1791191425839.789,Normal,0.9307
vm2,136178,20261005-090518_clu_vm14-vm24_rate30_lat2node_r1,8711,perf_20261005-090518_clu_vm14-vm24_rate30_lat2node_r1,2,1054,1791191426301,0,1791191426305.684,106.173,4.314,1791191426416.36,Normal,0.9715
vm2,136178,20261005-090518_clu_vm14-vm24_rate30_lat2node_r1,8713,perf_20261005-090518_clu_vm14-vm24_rate30_lat2node_r1,2,1055,1791191426368,0,1791191426418.681,136.782,3.111,1791191426558.763,Normal,0.8688
vm2,136178,20261005-090518_clu_vm14-vm24_rate30_lat2node_r1,8721,perf_20261005-090518_clu_vm14-vm24_rate30_lat2node_r1,2,1056,1791191426635,0,1791191426640.389,73.941,5.01,1791191426719.539,Normal,0.9543
vm2,136178,20261005-090518_clu_vm14-vm24_rate30_lat2node_r1,8731,perf_20261005-090518_clu_vm14-vm24_rate30_lat2node_r1,2,1057,1791191426968,0,1791191426973.034,136.651,3.416,1791191427113.302,Normal,0.974
vm2,136178,20261005-090518_clu_vm14-vm24_rate30_lat2node_r1,8744,perf_20261005-090518_clu_vm14-vm24_rate30_lat2node_r1,2,1058,1791191427402,0,1791191427411.333,83.682,5.041,1791191427500.25,Normal,0.9688
vm2,136178,20261005-090518_clu_vm14-vm24_rate30_lat2node_r1,8745,perf_20261005-090518_clu_vm14-vm24_rate30_lat2node_r1,2,1059,1791191427436,0,1791191427503.782,87.48,4.086,1791191427595.537,Normal,0.91
vm2,136178,20261005-090518_clu_vm14-vm24_rate30_lat2node_r1,8747,perf_20261005-090518_clu_vm14-vm24_rate30_lat2node_r1,2,1060,1791191427501,0,1791191427603.7,65.004,10.652,1791191427679.556,Normal,0.9646
vm2,136178,20261005-090518_clu_vm14-vm24_rate30_lat2node_r1,8749,perf_20261005-090518_clu_vm14-vm24_rate30_lat2node_r1,2,1061,1791191427568,0,1791191427679.79,73.604,3.7,1791191427757.297,Normal,0.9565
vm2,136178,20261005-090518_clu_vm14-vm24_rate30_lat2node_r1,8750,perf_20261005-090518_clu_vm14-vm24_rate30_lat2node_r1,2,1062,1791191427601,0,1791191427763.834,67.012,4.334,1791191427835.375,Normal,0.9676
vm2,136178,20261005-090518_clu_vm14-vm24_rate30_lat2node_r1,8769,perf_20261005-090518_clu_vm14-vm24_rate30_lat2node_r1,2,1063,1791191428235,0,1791191428239.525,67.064,5.333,1791191428312.112,Normal,0.9601
vm2,136178,20261005-090518_clu_vm14-vm24_rate30_lat2node_r1,8774,perf_20261005-090518_clu_vm14-vm24_rate30_lat2node_r1,2,1064,1791191428401,0,1791191428406.464,69.763,4.59,1791191428481.007,Normal,0.9528
vm2,136178,20261005-090518_clu_vm14-vm24_rate30_lat2node_r1,8780,perf_20261005-090518_clu_vm14-vm24_rate30_lat2node_r1,2,1065,1791191428601,0,1791191428606.483,82.456,4.737,1791191428693.872,Normal,0.9637
vm2,136178,20261005-090518_clu_vm14-vm24_rate30_lat2node_r1,8786,perf_20261005-090518_clu_vm14-vm24_rate30_lat2node_r1,2,1066,1791191428801,0,1791191428807.646,52.696,5.046,1791191428865.582,Normal,0.953
vm2,136178,20261005-090518_clu_vm14-vm24_rate30_lat2node_r1,8788,perf_20261005-090518_clu_vm14-vm24_rate30_lat2node_r1,2,1067,1791191428868,0,1791191428872.621,51.759,4.992,1791191428929.559,Normal,0.9375
vm2,136178,20261005-090518_clu_vm14-vm24_rate30_lat2node_r1,8789,perf_20261005-090518_clu_vm14-vm24_rate30_lat2node_r1,2,1068,1791191428901,0,1791191428931.926,81.556,5.555,1791191429019.23,Normal,0.9587
vm2,136178,20261005-090518_clu_vm14-vm24_rate30_lat2node_r1,8796,perf_20261005-090518_clu_vm14-vm24_rate30_lat2node_r1,2,1069,1791191429136,0,1791191429141.498,59.57,4.971,1791191429206.309,Normal,0.967
vm2,136178,20261005-090518_clu_vm14-vm24_rate30_lat2node_r1,8798,perf_20261005-090518_clu_vm14-vm24_rate30_lat2node_r1,2,1070,1791191429201,0,1791191429209.135,64.346,4.877,1791191429278.54,Normal,0.9706
vm2,136178,20261005-090518_clu_vm14-vm24_rate30_lat2node_r1,8801,perf_20261005-090518_clu_vm14-vm24_rate30_lat2node_r1,2,1071,1791191429301,0,1791191429306.343,69.802,5.364,1791191429381.699,Normal,0.9636
vm2,136178,20261005-090518_clu_vm14-vm24_rate30_lat2node_r1,8813,perf_20261005-090518_clu_vm14-vm24_rate30_lat2node_r1,2,1072,1791191429701,0,1791191429705.352,71.314,4.844,1791191429781.71,Normal,0.9725
vm2,136178,20261005-090518_clu_vm14-vm24_rate30_lat2node_r1,8846,perf_20261005-090518_clu_vm14-vm24_rate30_lat2node_r1,2,1073,1791191430801,0,1791191430806.39,79.853,5.376,1791191430891.823,Normal,0.9423
vm2,136178,20261005-090518_clu_vm14-vm24_rate30_lat2node_r1,8847,perf_20261005-090518_clu_vm14-vm24_rate30_lat2node_r1,2,1074,1791191430835,0,1791191430894.219,54.163,4.98,1791191430953.548,Normal,0.9657
vm2,136178,20261005-090518_clu_vm14-vm24_rate30_lat2node_r1,8862,perf_20261005-090518_clu_vm14-vm24_rate30_lat2node_r1,2,1075,1791191431335,0,1791191431339.593,63.611,4.42,1791191431407.846,Normal,0.9635
vm2,136178,20261005-090518_clu_vm14-vm24_rate30_lat2node_r1,8864,perf_20261005-090518_clu_vm14-vm24_rate30_lat2node_r1,2,1076,1791191431401,0,1791191431410.537,347.713,5.152,1791191431763.621,Normal,0.9762
vm2,136178,20261005-090518_clu_vm14-vm24_rate30_lat2node_r1,8865,perf_20261005-090518_clu_vm14-vm24_rate30_lat2node_r1,2,1077,1791191431435,0,1791191431767.008,68.933,4.998,1791191431841.153,Normal,0.9694
vm2,136178,20261005-090518_clu_vm14-vm24_rate30_lat2node_r1,8873,perf_20261005-090518_clu_vm14-vm24_rate30_lat2node_r1,2,1078,1791191431701,0,1791191431841.384,348.249,4.564,1791191432194.435,Normal,0.6473
vm2,136178,20261005-090518_clu_vm14-vm24_rate30_lat2node_r1,8885,perf_20261005-090518_clu_vm14-vm24_rate30_lat2node_r1,2,1079,1791191432101,0,1791191432197.541,57.564,4.657,1791191432259.956,Normal,0.9561
vm2,136178,20261005-090518_clu_vm14-vm24_rate30_lat2node_r1,8889,perf_20261005-090518_clu_vm14-vm24_rate30_lat2node_r1,2,1080,1791191432235,0,1791191432262.568,49.311,4.932,1791191432316.999,Normal,0.9598
vm2,136178,20261005-090518_clu_vm14-vm24_rate30_lat2node_r1,8893,perf_20261005-090518_clu_vm14-vm24_rate30_lat2node_r1,2,1081,1791191432368,0,1791191432373.362,95.153,5.143,1791191432473.853,Normal,0.832
vm2,136178,20261005-090518_clu_vm14-vm24_rate30_lat2node_r1,8895,perf_20261005-090518_clu_vm14-vm24_rate30_lat2node_r1,2,1082,1791191432435,0,1791191432476.462,48.869,5.016,1791191432530.525,Normal,0.9464
vm2,136178,20261005-090518_clu_vm14-vm24_rate30_lat2node_r1,8904,perf_20261005-090518_clu_vm14-vm24_rate30_lat2node_r1,2,1083,1791191432735,0,1791191432739.417,71.174,5.541,1791191432816.372,Normal,0.9339
vm2,136178,20261005-090518_clu_vm14-vm24_rate30_lat2node_r1,8907,perf_20261005-090518_clu_vm14-vm24_rate30_lat2node_r1,2,1084,1791191432835,0,1791191432839.977,82.091,4.982,1791191432927.245,Normal,0.9591
vm2,136178,20261005-090518_clu_vm14-vm24_rate30_lat2node_r1,8927,perf_20261005-090518_clu_vm14-vm24_rate30_lat2node_r1,2,1085,1791191433502,0,1791191433506.839,125.82,7.582,1791191433640.504,Normal,0.9326
vm2,136178,20261005-090518_clu_vm14-vm24_rate30_lat2node_r1,8941,perf_20261005-090518_clu_vm14-vm24_rate30_lat2node_r1,2,1086,1791191433968,0,1791191433973.599,68.402,4.667,1791191434046.86,Normal,0.9077
vm2,136178,20261005-090518_clu_vm14-vm24_rate30_lat2node_r1,8961,perf_20261005-090518_clu_vm14-vm24_rate30_lat2node_r1,2,1087,1791191434635,0,1791191434639.02,95.987,5.495,1791191434740.707,Normal,0.9803
vm2,136178,20261005-090518_clu_vm14-vm24_rate30_lat2node_r1,8965,perf_20261005-090518_clu_vm14-vm24_rate30_lat2node_r1,2,1088,1791191434768,0,1791191434772.561,65.577,4.397,1791191434842.733,Normal,0.9586
vm2,136178,20261005-090518_clu_vm14-vm24_rate30_lat2node_r1,8970,perf_20261005-090518_clu_vm14-vm24_rate30_lat2node_r1,2,1089,1791191434934,0,1791191434939.344,52.319,4.826,1791191434996.683,Normal,0.9431
vm2,136178,20261005-090518_clu_vm14-vm24_rate30_lat2node_r1,8978,perf_20261005-090518_clu_vm14-vm24_rate30_lat2node_r1,2,1090,1791191435201,0,1791191435206.415,59.524,5.809,1791191435271.937,Normal,0.8734
vm2,136178,20261005-090518_clu_vm14-vm24_rate30_lat2node_r1,8982,perf_20261005-090518_clu_vm14-vm24_rate30_lat2node_r1,2,1091,1791191435335,0,1791191435339.656,89.941,4.154,1791191435433.943,Normal,0.9144
vm2,136178,20261005-090518_clu_vm14-vm24_rate30_lat2node_r1,8986,perf_20261005-090518_clu_vm14-vm24_rate30_lat2node_r1,2,1092,1791191435468,0,1791191435472.502,64.195,5.007,1791191435541.895,Normal,0.9523
vm2,136178,20261005-090518_clu_vm14-vm24_rate30_lat2node_r1,9001,perf_20261005-090518_clu_vm14-vm24_rate30_lat2node_r1,2,1093,1791191435968,0,1791191435971.894,81.917,4.851,1791191436058.85,Normal,0.9592
vm2,136178,20261005-090518_clu_vm14-vm24_rate30_lat2node_r1,9005,perf_20261005-090518_clu_vm14-vm24_rate30_lat2node_r1,2,1094,1791191436101,0,1791191436105.69,352.211,3.776,1791191436461.895,Normal,0.968
vm2,136178,20261005-090518_clu_vm14-vm24_rate30_lat2node_r1,9014,perf_20261005-090518_clu_vm14-vm24_rate30_lat2node_r1,2,1095,1791191436401,0,1791191436464.122,73.077,4.749,1791191436542.2,Normal,0.9465
vm2,136178,20261005-090518_clu_vm14-vm24_rate30_lat2node_r1,9033,perf_20261005-090518_clu_vm14-vm24_rate30_lat2node_r1,2,1096,1791191437035,0,1791191437039.895,89.398,4.706,1791191437134.189,Normal,0.9729
vm2,136178,20261005-090518_clu_vm14-vm24_rate30_lat2node_r1,9036,perf_20261005-090518_clu_vm14-vm24_rate30_lat2node_r1,2,1097,1791191437135,0,1791191437139.214,47.033,4.545,1791191437190.975,Normal,0.8914
vm2,136178,20261005-090518_clu_vm14-vm24_rate30_lat2node_r1,9044,perf_20261005-090518_clu_vm14-vm24_rate30_lat2node_r1,2,1098,1791191437401,0,1791191437406.466,119.029,5.29,1791191437530.989,Normal,0.8924
vm2,136178,20261005-090518_clu_vm14-vm24_rate30_lat2node_r1,9055,perf_20261005-090518_clu_vm14-vm24_rate30_lat2node_r1,2,1099,1791191437770,0,1791191437774.909,62.447,5.06,1791191437842.604,Normal,0.9174
vm2,136178,20261005-090518_clu_vm14-vm24_rate30_lat2node_r1,9062,perf_20261005-090518_clu_vm14-vm24_rate30_lat2node_r1,2,1100,1791191438001,0,1791191438006.322,74.221,4.827,1791191438085.566,Normal,0.9178
vm2,136178,20261005-090518_clu_vm14-vm24_rate30_lat2node_r1,9064,perf_20261005-090518_clu_vm14-vm24_rate30_lat2node_r1,2,1101,1791191438068,0,1791191438088.227,58.225,9.715,1791191438156.355,Normal,0.9429
vm2,136178,20261005-090518_clu_vm14-vm24_rate30_lat2node_r1,9073,perf_20261005-090518_clu_vm14-vm24_rate30_lat2node_r1,2,1102,1791191438368,0,1791191438373.329,90.95,4.799,1791191438469.269,Normal,0.9617
vm2,136178,20261005-090518_clu_vm14-vm24_rate30_lat2node_r1,9074,perf_20261005-090518_clu_vm14-vm24_rate30_lat2node_r1,2,1103,1791191438401,0,1791191438472.238,72.256,5.723,1791191438550.401,Normal,0.9505
vm2,136178,20261005-090518_clu_vm14-vm24_rate30_lat2node_r1,9075,perf_20261005-090518_clu_vm14-vm24_rate30_lat2node_r1,2,1104,1791191438435,0,1791191438550.622,54.756,8.206,1791191438613.769,Normal,0.9335
vm2,136178,20261005-090518_clu_vm14-vm24_rate30_lat2node_r1,9087,perf_20261005-090518_clu_vm14-vm24_rate30_lat2node_r1,2,1105,1791191438834,0,1791191438838.833,69.319,3.905,1791191438912.252,Normal,0.9494
vm2,136178,20261005-090518_clu_vm14-vm24_rate30_lat2node_r1,9110,perf_20261005-090518_clu_vm14-vm24_rate30_lat2node_r1,2,1106,1791191439601,0,1791191439606.353,77.328,5.173,1791191439689.055,Normal,0.8075
vm2,136178,20261005-090518_clu_vm14-vm24_rate30_lat2node_r1,9117,perf_20261005-090518_clu_vm14-vm24_rate30_lat2node_r1,2,1107,1791191439835,0,1791191439843.145,229.461,4.142,1791191440076.962,Normal,0.9643
vm2,136178,20261005-090518_clu_vm14-vm24_rate30_lat2node_r1,9129,perf_20261005-090518_clu_vm14-vm24_rate30_lat2node_r1,2,1108,1791191440237,0,1791191440241.579,92.181,6.344,1791191440340.299,Normal,0.9689
vm2,136178,20261005-090518_clu_vm14-vm24_rate30_lat2node_r1,9142,perf_20261005-090518_clu_vm14-vm24_rate30_lat2node_r1,2,1109,1791191440668,0,1791191440672.138,70.021,4.576,1791191440746.927,Normal,0.9351
vm2,136178,20261005-090518_clu_vm14-vm24_rate30_lat2node_r1,9150,perf_20261005-090518_clu_vm14-vm24_rate30_lat2node_r1,2,1110,1791191440935,0,1791191440939.866,54.099,4.26,1791191440998.414,Normal,0.7492
vm2,136178,20261005-090518_clu_vm14-vm24_rate30_lat2node_r1,9169,perf_20261005-090518_clu_vm14-vm24_rate30_lat2node_r1,2,1111,1791191441568,0,1791191441572.334,55.051,3.803,1791191441631.386,Normal,0.9375
vm2,136178,20261005-090518_clu_vm14-vm24_rate30_lat2node_r1,9182,perf_20261005-090518_clu_vm14-vm24_rate30_lat2node_r1,2,1112,1791191442001,0,1791191442005.664,74.203,4.938,1791191442084.992,Normal,0.9508
vm2,136178,20261005-090518_clu_vm14-vm24_rate30_lat2node_r1,9188,perf_20261005-090518_clu_vm14-vm24_rate30_lat2node_r1,2,1113,1791191442201,0,1791191442206.782,73.255,5.447,1791191442285.67,Normal,0.9335
vm2,136178,20261005-090518_clu_vm14-vm24_rate30_lat2node_r1,9189,perf_20261005-090518_clu_vm14-vm24_rate30_lat2node_r1,2,1114,1791191442235,0,1791191442288.468,91.465,4.622,1791191442384.744,Normal,0.95
vm2,136178,20261005-090518_clu_vm14-vm24_rate30_lat2node_r1,9196,perf_20261005-090518_clu_vm14-vm24_rate30_lat2node_r1,2,1115,1791191442468,0,1791191442472.949,87.759,5.062,1791191442565.961,Normal,0.8317
vm2,136178,20261005-090518_clu_vm14-vm24_rate30_lat2node_r1,9201,perf_20261005-090518_clu_vm14-vm24_rate30_lat2node_r1,2,1116,1791191442635,0,1791191442639.85,70.447,4.825,1791191442715.306,Normal,0.9561
vm2,136178,20261005-090518_clu_vm14-vm24_rate30_lat2node_r1,9206,perf_20261005-090518_clu_vm14-vm24_rate30_lat2node_r1,2,1117,1791191442801,0,1791191442806.862,66.827,4.556,1791191442878.426,Normal,0.9302
vm2,136178,20261005-090518_clu_vm14-vm24_rate30_lat2node_r1,9231,perf_20261005-090518_clu_vm14-vm24_rate30_lat2node_r1,2,1118,1791191443635,0,1791191443639.599,78.089,4.927,1791191443722.802,Normal,0.971
vm2,136178,20261005-090518_clu_vm14-vm24_rate30_lat2node_r1,9236,perf_20261005-090518_clu_vm14-vm24_rate30_lat2node_r1,2,1119,1791191443801,0,1791191443806.723,89.195,5.159,1791191443901.266,Normal,0.9327
vm2,136178,20261005-090518_clu_vm14-vm24_rate30_lat2node_r1,9257,perf_20261005-090518_clu_vm14-vm24_rate30_lat2node_r1,2,1120,1791191444501,0,1791191444506.661,117.408,4.738,1791191444628.995,Normal,0.6919
vm2,136178,20261005-090518_clu_vm14-vm24_rate30_lat2node_r1,9258,perf_20261005-090518_clu_vm14-vm24_rate30_lat2node_r1,2,1121,1791191444534,0,1791191444631.811,89.588,4.643,1791191444726.222,Normal,0.8856
vm2,136178,20261005-090518_clu_vm14-vm24_rate30_lat2node_r1,9262,perf_20261005-090518_clu_vm14-vm24_rate30_lat2node_r1,2,1122,1791191444668,0,1791191444728.813,74.762,4.735,1791191444808.485,OFFENSIVE,0.7524
vm2,136178,20261005-090518_clu_vm14-vm24_rate30_lat2node_r1,9265,perf_20261005-090518_clu_vm14-vm24_rate30_lat2node_r1,2,1123,1791191444768,0,1791191444811.04,74.491,4.916,1791191444890.619,Normal,0.9391
vm2,136178,20261005-090518_clu_vm14-vm24_rate30_lat2node_r1,9267,perf_20261005-090518_clu_vm14-vm24_rate30_lat2node_r1,2,1124,1791191444834,0,1791191444893.578,73.132,5.487,1791191444972.371,Normal,0.954
vm2,136178,20261005-090518_clu_vm14-vm24_rate30_lat2node_r1,9268,perf_20261005-090518_clu_vm14-vm24_rate30_lat2node_r1,2,1125,1791191444868,0,1791191444972.604,70.553,4.636,1791191445047.977,Normal,0.9622
vm2,136178,20261005-090518_clu_vm14-vm24_rate30_lat2node_r1,9286,perf_20261005-090518_clu_vm14-vm24_rate30_lat2node_r1,2,1126,1791191445468,0,1791191445473.348,66.387,5.027,1791191445544.959,Normal,0.9555
vm2,136178,20261005-090518_clu_vm14-vm24_rate30_lat2node_r1,9288,perf_20261005-090518_clu_vm14-vm24_rate30_lat2node_r1,2,1127,1791191445535,0,1791191445547.843,82.129,5.898,1791191445636.05,Normal,0.9102
vm2,136178,20261005-090518_clu_vm14-vm24_rate30_lat2node_r1,9298,perf_20261005-090518_clu_vm14-vm24_rate30_lat2node_r1,2,1128,1791191445868,0,1791191445872.232,51.893,4.341,1791191445928.659,Normal,0.94
vm2,136178,20261005-090518_clu_vm14-vm24_rate30_lat2node_r1,9302,perf_20261005-090518_clu_vm14-vm24_rate30_lat2node_r1,2,1129,1791191446001,0,1791191446006.44,75.947,5.718,1791191446088.331,Normal,0.9437
vm2,136178,20261005-090518_clu_vm14-vm24_rate30_lat2node_r1,9303,perf_20261005-090518_clu_vm14-vm24_rate30_lat2node_r1,2,1130,1791191446035,0,1791191446091.073,53.848,5.319,1791191446150.426,Normal,0.8954
vm2,136178,20261005-090518_clu_vm14-vm24_rate30_lat2node_r1,9320,perf_20261005-090518_clu_vm14-vm24_rate30_lat2node_r1,2,1131,1791191446601,0,1791191446606.494,86.861,4.393,1791191446697.957,Normal,0.8417
vm2,136178,20261005-090518_clu_vm14-vm24_rate30_lat2node_r1,9322,perf_20261005-090518_clu_vm14-vm24_rate30_lat2node_r1,2,1132,1791191446668,0,1791191446700.36,58.328,4.636,1791191446763.505,Normal,0.948
vm2,136178,20261005-090518_clu_vm14-vm24_rate30_lat2node_r1,9330,perf_20261005-090518_clu_vm14-vm24_rate30_lat2node_r1,2,1133,1791191446935,0,1791191446939.497,85.675,4.845,1791191447030.263,Normal,0.9815
vm2,136178,20261005-090518_clu_vm14-vm24_rate30_lat2node_r1,9339,perf_20261005-090518_clu_vm14-vm24_rate30_lat2node_r1,2,1134,1791191447235,0,1791191447239.689,73.14,5.116,1791191447318.137,Normal,0.8988
vm2,136178,20261005-090518_clu_vm14-vm24_rate30_lat2node_r1,9344,perf_20261005-090518_clu_vm14-vm24_rate30_lat2node_r1,2,1135,1791191447401,0,1791191447406.654,56.61,4.39,1791191447467.888,Normal,0.9375
vm2,136178,20261005-090518_clu_vm14-vm24_rate30_lat2node_r1,9345,perf_20261005-090518_clu_vm14-vm24_rate30_lat2node_r1,2,1136,1791191447435,0,1791191447470.24,48.253,3.707,1791191447522.387,Normal,0.9375
vm2,136178,20261005-090518_clu_vm14-vm24_rate30_lat2node_r1,9354,perf_20261005-090518_clu_vm14-vm24_rate30_lat2node_r1,2,1137,1791191447735,0,1791191447739.659,100.623,5.03,1791191447845.509,Normal,0.9398
vm2,136178,20261005-090518_clu_vm14-vm24_rate30_lat2node_r1,9355,perf_20261005-090518_clu_vm14-vm24_rate30_lat2node_r1,2,1138,1791191447768,0,1791191447848.036,65.014,5.259,1791191447918.601,Normal,0.9503
vm2,136178,20261005-090518_clu_vm14-vm24_rate30_lat2node_r1,9356,perf_20261005-090518_clu_vm14-vm24_rate30_lat2node_r1,2,1139,1791191447801,0,1791191447918.832,100.19,5.635,1791191448024.854,Normal,0.9769
vm2,136178,20261005-090518_clu_vm14-vm24_rate30_lat2node_r1,9358,perf_20261005-090518_clu_vm14-vm24_rate30_lat2node_r1,2,1140,1791191447868,0,1791191448027.911,49.938,4.512,1791191448082.555,Normal,0.9608
vm2,136178,20261005-090518_clu_vm14-vm24_rate30_lat2node_r1,9364,perf_20261005-090518_clu_vm14-vm24_rate30_lat2node_r1,2,1141,1791191448068,0,1791191448085.107,59.611,4.544,1791191448149.448,Normal,0.8297
vm2,136178,20261005-090518_clu_vm14-vm24_rate30_lat2node_r1,9365,perf_20261005-090518_clu_vm14-vm24_rate30_lat2node_r1,2,1142,1791191448101,0,1791191448152.116,82.306,10.518,1791191448245.135,Normal,0.9728
vm2,136178,20261005-090518_clu_vm14-vm24_rate30_lat2node_r1,9368,perf_20261005-090518_clu_vm14-vm24_rate30_lat2node_r1,2,1143,1791191448201,0,1791191448248.111,124.433,5.008,1791191448377.739,Normal,0.9742
vm2,136178,20261005-090518_clu_vm14-vm24_rate30_lat2node_r1,9370,perf_20261005-090518_clu_vm14-vm24_rate30_lat2node_r1,2,1144,1791191448268,0,1791191448380.394,49.302,5.008,1791191448434.89,Normal,0.9515
vm2,136178,20261005-090518_clu_vm14-vm24_rate30_lat2node_r1,9386,perf_20261005-090518_clu_vm14-vm24_rate30_lat2node_r1,2,1145,1791191448801,0,1791191448805.773,52.928,4.366,1791191448863.259,Normal,0.939
vm2,136178,20261005-090518_clu_vm14-vm24_rate30_lat2node_r1,9388,perf_20261005-090518_clu_vm14-vm24_rate30_lat2node_r1,2,1146,1791191448868,0,1791191448871.854,91.007,5.36,1791191448968.412,Normal,0.9706
vm2,136178,20261005-090518_clu_vm14-vm24_rate30_lat2node_r1,9414,perf_20261005-090518_clu_vm14-vm24_rate30_lat2node_r1,2,1147,1791191449735,0,1791191449739.683,55.32,5.019,1791191449800.213,Normal,0.9608
vm2,136178,20261005-090518_clu_vm14-vm24_rate30_lat2node_r1,9431,perf_20261005-090518_clu_vm14-vm24_rate30_lat2node_r1,2,1148,1791191450301,0,1791191450306.329,66.201,4.979,1791191450377.702,Normal,0.9683
vm2,136178,20261005-090518_clu_vm14-vm24_rate30_lat2node_r1,9442,perf_20261005-090518_clu_vm14-vm24_rate30_lat2node_r1,2,1149,1791191450668,0,1791191450672.617,70.135,4.914,1791191450747.856,Normal,0.9756
vm2,136178,20261005-090518_clu_vm14-vm24_rate30_lat2node_r1,9467,perf_20261005-090518_clu_vm14-vm24_rate30_lat2node_r1,2,1150,1791191451501,0,1791191451507.311,85.667,5.491,1791191451598.684,Normal,0.964
vm2,136178,20261005-090518_clu_vm14-vm24_rate30_lat2node_r1,9472,perf_20261005-090518_clu_vm14-vm24_rate30_lat2node_r1,2,1151,1791191451668,0,1791191451672.064,81.499,5.584,1791191451759.334,Normal,0.8958
vm2,136178,20261005-090518_clu_vm14-vm24_rate30_lat2node_r1,9473,perf_20261005-090518_clu_vm14-vm24_rate30_lat2node_r1,2,1152,1791191451701,0,1791191451762.284,79.448,4.287,1791191451846.202,Normal,0.9465
vm2,136178,20261005-090518_clu_vm14-vm24_rate30_lat2node_r1,9482,perf_20261005-090518_clu_vm14-vm24_rate30_lat2node_r1,2,1153,1791191452001,0,1791191452010.875,86.938,9.05,1791191452107.053,Normal,0.9004
vm2,136178,20261005-090518_clu_vm14-vm24_rate30_lat2node_r1,9495,perf_20261005-090518_clu_vm14-vm24_rate30_lat2node_r1,2,1154,1791191452434,0,1791191452440.978,85.157,4.332,1791191452530.658,Normal,0.9666
vm2,136178,20261005-090518_clu_vm14-vm24_rate30_lat2node_r1,9496,perf_20261005-090518_clu_vm14-vm24_rate30_lat2node_r1,2,1155,1791191452469,0,1791191452535.467,73.548,4.952,1791191452614.153,Normal,0.9491
vm2,136178,20261005-090518_clu_vm14-vm24_rate30_lat2node_r1,9500,perf_20261005-090518_clu_vm14-vm24_rate30_lat2node_r1,2,1156,1791191452601,0,1791191452631.547,82.669,4.9,1791191452719.316,Normal,0.8617
vm2,136178,20261005-090518_clu_vm14-vm24_rate30_lat2node_r1,9507,perf_20261005-090518_clu_vm14-vm24_rate30_lat2node_r1,2,1157,1791191452834,0,1791191452839.926,94.451,4.737,1791191452939.32,Normal,0.9712
vm2,136178,20261005-090518_clu_vm14-vm24_rate30_lat2node_r1,9520,perf_20261005-090518_clu_vm14-vm24_rate30_lat2node_r1,2,1158,1791191453268,0,1791191453273.29,87.101,4.986,1791191453365.58,Normal,0.8364
vm2,136178,20261005-090518_clu_vm14-vm24_rate30_lat2node_r1,9523,perf_20261005-090518_clu_vm14-vm24_rate30_lat2node_r1,2,1159,1791191453368,0,1791191453372.752,75.167,5.485,1791191453453.592,Normal,0.8702
vm2,136178,20261005-090518_clu_vm14-vm24_rate30_lat2node_r1,9543,perf_20261005-090518_clu_vm14-vm24_rate30_lat2node_r1,2,1160,1791191454035,0,1791191454038.992,73.222,4.888,1791191454117.294,Normal,0.9199
vm2,136178,20261005-090518_clu_vm14-vm24_rate30_lat2node_r1,9557,perf_20261005-090518_clu_vm14-vm24_rate30_lat2node_r1,2,1161,1791191454501,0,1791191454506.383,147.756,5.692,1791191454660.022,HATE,0.6249
vm2,136178,20261005-090518_clu_vm14-vm24_rate30_lat2node_r1,9559,perf_20261005-090518_clu_vm14-vm24_rate30_lat2node_r1,2,1162,1791191454568,0,1791191454663.101,77.313,4.97,1791191454745.57,Normal,0.9251
vm2,136178,20261005-090518_clu_vm14-vm24_rate30_lat2node_r1,9562,perf_20261005-090518_clu_vm14-vm24_rate30_lat2node_r1,2,1163,1791191454668,0,1791191454748.364,66.141,5.194,1791191454819.886,Normal,0.9728
vm2,136178,20261005-090518_clu_vm14-vm24_rate30_lat2node_r1,9564,perf_20261005-090518_clu_vm14-vm24_rate30_lat2node_r1,2,1164,1791191454735,0,1791191454820.114,266.477,4.583,1791191455091.372,Normal,0.9796
vm2,136178,20261005-090518_clu_vm14-vm24_rate30_lat2node_r1,9565,perf_20261005-090518_clu_vm14-vm24_rate30_lat2node_r1,2,1165,1791191454768,0,1791191455094.781,84.371,6.034,1791191455185.379,Normal,0.9646
vm2,136178,20261005-090518_clu_vm14-vm24_rate30_lat2node_r1,9567,perf_20261005-090518_clu_vm14-vm24_rate30_lat2node_r1,2,1166,1791191454835,0,1791191455185.607,84.84,4.687,1791191455275.312,OFFENSIVE,0.8616
vm2,136178,20261005-090518_clu_vm14-vm24_rate30_lat2node_r1,9570,perf_20261005-090518_clu_vm14-vm24_rate30_lat2node_r1,2,1167,1791191454935,0,1791191455275.549,104.604,4.618,1791191455384.974,Normal,0.9258
vm2,136178,20261005-090518_clu_vm14-vm24_rate30_lat2node_r1,9571,perf_20261005-090518_clu_vm14-vm24_rate30_lat2node_r1,2,1168,1791191454968,0,1791191455385.312,142.975,4.305,1791191455532.779,Normal,0.9436
vm2,136178,20261005-090518_clu_vm14-vm24_rate30_lat2node_r1,9580,perf_20261005-090518_clu_vm14-vm24_rate30_lat2node_r1,2,1169,1791191455268,0,1791191455536.281,80.362,5.162,1791191455621.99,Normal,0.8442
vm2,136178,20261005-090518_clu_vm14-vm24_rate30_lat2node_r1,9586,perf_20261005-090518_clu_vm14-vm24_rate30_lat2node_r1,2,1170,1791191455468,0,1791191455622.23,72.99,4.607,1791191455700.014,Normal,0.8636
vm2,136178,20261005-090518_clu_vm14-vm24_rate30_lat2node_r1,9590,perf_20261005-090518_clu_vm14-vm24_rate30_lat2node_r1,2,1171,1791191455601,0,1791191455702.835,73.423,4.525,1791191455780.966,Normal,0.9155
vm2,136178,20261005-090518_clu_vm14-vm24_rate30_lat2node_r1,9600,perf_20261005-090518_clu_vm14-vm24_rate30_lat2node_r1,2,1172,1791191455935,0,1791191455939.962,76.566,5.874,1791191456022.596,Normal,0.9695
vm2,136178,20261005-090518_clu_vm14-vm24_rate30_lat2node_r1,9601,perf_20261005-090518_clu_vm14-vm24_rate30_lat2node_r1,2,1173,1791191455968,0,1791191456025.704,76.438,5.027,1791191456107.358,Normal,0.9702
vm2,136178,20261005-090518_clu_vm14-vm24_rate30_lat2node_r1,9628,perf_20261005-090518_clu_vm14-vm24_rate30_lat2node_r1,2,1174,1791191456868,0,1791191456873.184,114.394,5.822,1791191456993.597,Normal,0.9777
vm2,136178,20261005-090518_clu_vm14-vm24_rate30_lat2node_r1,9630,perf_20261005-090518_clu_vm14-vm24_rate30_lat2node_r1,2,1175,1791191456935,0,1791191456996.431,138.216,5.131,1791191457139.968,Normal,0.9676
vm2,136178,20261005-090518_clu_vm14-vm24_rate30_lat2node_r1,9643,perf_20261005-090518_clu_vm14-vm24_rate30_lat2node_r1,2,1176,1791191457368,0,1791191457373.135,92.839,5.614,1791191457471.78,Normal,0.9543
vm2,136178,20261005-090518_clu_vm14-vm24_rate30_lat2node_r1,9706,perf_20261005-090518_clu_vm14-vm24_rate30_lat2node_r1,2,1177,1791191459468,0,1791191459473.923,93.451,4.803,1791191459572.44,Normal,0.9484
vm2,136178,20261005-090518_clu_vm14-vm24_rate30_lat2node_r1,9710,perf_20261005-090518_clu_vm14-vm24_rate30_lat2node_r1,2,1178,1791191459601,0,1791191459606.337,213.669,4.483,1791191459824.687,Normal,0.9655
vm2,136178,20261005-090518_clu_vm14-vm24_rate30_lat2node_r1,9712,perf_20261005-090518_clu_vm14-vm24_rate30_lat2node_r1,2,1179,1791191459668,0,1791191459827.637,81.105,4.587,1791191459913.517,Normal,0.9071
vm2,136178,20261005-090518_clu_vm14-vm24_rate30_lat2node_r1,9716,perf_20261005-090518_clu_vm14-vm24_rate30_lat2node_r1,2,1180,1791191459801,0,1791191459913.743,74.062,5.393,1791191459993.39,Normal,0.9426
vm2,136178,20261005-090518_clu_vm14-vm24_rate30_lat2node_r1,9718,perf_20261005-090518_clu_vm14-vm24_rate30_lat2node_r1,2,1181,1791191459868,0,1791191459996.251,82.711,5.094,1791191460084.244,Normal,0.9647
vm2,136178,20261005-090518_clu_vm14-vm24_rate30_lat2node_r1,9726,perf_20261005-090518_clu_vm14-vm24_rate30_lat2node_r1,2,1182,1791191460135,0,1791191460139.397,79.657,7.404,1791191460226.653,Normal,0.9683
vm2,136178,20261005-090518_clu_vm14-vm24_rate30_lat2node_r1,9730,perf_20261005-090518_clu_vm14-vm24_rate30_lat2node_r1,2,1183,1791191460268,0,1791191460273.04,88.362,4.694,1791191460366.288,Normal,0.9669
vm2,136178,20261005-090518_clu_vm14-vm24_rate30_lat2node_r1,9737,perf_20261005-090518_clu_vm14-vm24_rate30_lat2node_r1,2,1184,1791191460501,0,1791191460507.179,113.81,4.461,1791191460625.644,Normal,0.9565
vm2,136178,20261005-090518_clu_vm14-vm24_rate30_lat2node_r1,9742,perf_20261005-090518_clu_vm14-vm24_rate30_lat2node_r1,2,1185,1791191460668,0,1791191460672.972,69.887,4.956,1791191460748.018,Normal,0.9494
vm2,136178,20261005-090518_clu_vm14-vm24_rate30_lat2node_r1,9757,perf_20261005-090518_clu_vm14-vm24_rate30_lat2node_r1,2,1186,1791191461168,0,1791191461173.681,100.687,5.324,1791191461279.892,Normal,0.9198
vm2,136178,20261005-090518_clu_vm14-vm24_rate30_lat2node_r1,9759,perf_20261005-090518_clu_vm14-vm24_rate30_lat2node_r1,2,1187,1791191461235,0,1791191461282.535,90.614,5.576,1791191461378.977,Normal,0.8295
vm2,136178,20261005-090518_clu_vm14-vm24_rate30_lat2node_r1,9766,perf_20261005-090518_clu_vm14-vm24_rate30_lat2node_r1,2,1188,1791191461468,0,1791191461473.013,81.568,5.211,1791191461559.981,Normal,0.8941
vm2,136178,20261005-090518_clu_vm14-vm24_rate30_lat2node_r1,9767,perf_20261005-090518_clu_vm14-vm24_rate30_lat2node_r1,2,1189,1791191461501,0,1791191461562.915,87.932,5.2,1791191461656.248,OFFENSIVE,0.7866
vm2,136178,20261005-090518_clu_vm14-vm24_rate30_lat2node_r1,9774,perf_20261005-090518_clu_vm14-vm24_rate30_lat2node_r1,2,1190,1791191461735,0,1791191461740.222,88.89,6.296,1791191461835.671,Normal,0.9144
vm2,136178,20261005-090518_clu_vm14-vm24_rate30_lat2node_r1,9794,perf_20261005-090518_clu_vm14-vm24_rate30_lat2node_r1,2,1191,1791191462401,0,1791191462406.564,91.747,5.553,1791191462504.051,Normal,0.9192
vm2,136178,20261005-090518_clu_vm14-vm24_rate30_lat2node_r1,9826,perf_20261005-090518_clu_vm14-vm24_rate30_lat2node_r1,2,1192,1791191463468,0,1791191463472.986,78.097,5.289,1791191463556.571,Normal,0.8992
vm2,136178,20261005-090518_clu_vm14-vm24_rate30_lat2node_r1,9847,perf_20261005-090518_clu_vm14-vm24_rate30_lat2node_r1,2,1193,1791191464168,0,1791191464195.604,62.067,4.775,1791191464262.641,Normal,0.9366
vm2,136178,20261005-090518_clu_vm14-vm24_rate30_lat2node_r1,9858,perf_20261005-090518_clu_vm14-vm24_rate30_lat2node_r1,2,1194,1791191464534,0,1791191464538.772,72.156,4.55,1791191464615.662,Normal,0.9544
vm2,136178,20261005-090518_clu_vm14-vm24_rate30_lat2node_r1,9871,perf_20261005-090518_clu_vm14-vm24_rate30_lat2node_r1,2,1195,1791191464968,0,1791191464972.604,69.285,4.877,1791191465046.95,Normal,0.9014
vm2,136178,20261005-090518_clu_vm14-vm24_rate30_lat2node_r1,9874,perf_20261005-090518_clu_vm14-vm24_rate30_lat2node_r1,2,1196,1791191465068,0,1791191465071.841,66.451,5.014,1791191465143.587,Normal,0.9311
vm2,136178,20261005-090518_clu_vm14-vm24_rate30_lat2node_r1,9887,perf_20261005-090518_clu_vm14-vm24_rate30_lat2node_r1,2,1197,1791191465502,0,1791191465506.415,77.016,4.925,1791191465588.576,Normal,0.9151
vm2,136178,20261005-090518_clu_vm14-vm24_rate30_lat2node_r1,9892,perf_20261005-090518_clu_vm14-vm24_rate30_lat2node_r1,2,1198,1791191465668,0,1791191465672.824,59.993,7.485,1791191465740.488,Normal,0.9541
vm2,136178,20261005-090518_clu_vm14-vm24_rate30_lat2node_r1,9895,perf_20261005-090518_clu_vm14-vm24_rate30_lat2node_r1,2,1199,1791191465768,0,1791191465773.026,71.558,5.053,1791191465849.831,Normal,0.9583
vm2,136178,20261005-090518_clu_vm14-vm24_rate30_lat2node_r1,9908,perf_20261005-090518_clu_vm14-vm24_rate30_lat2node_r1,2,1200,1791191466201,0,1791191466205.941,55.72,5.802,1791191466267.641,Normal,0.9424
vm2,136178,20261005-090518_clu_vm14-vm24_rate30_lat2node_r1,9909,perf_20261005-090518_clu_vm14-vm24_rate30_lat2node_r1,2,1201,1791191466235,0,1791191466270.463,61.58,5.39,1791191466337.616,Normal,0.9487
vm2,136178,20261005-090518_clu_vm14-vm24_rate30_lat2node_r1,9913,perf_20261005-090518_clu_vm14-vm24_rate30_lat2node_r1,2,1202,1791191466368,0,1791191466373.032,61.495,5.551,1791191466440.266,Normal,0.8324
vm2,136178,20261005-090518_clu_vm14-vm24_rate30_lat2node_r1,9920,perf_20261005-090518_clu_vm14-vm24_rate30_lat2node_r1,2,1203,1791191466601,0,1791191466605.893,69.539,5.781,1791191466681.414,Normal,0.9437
vm2,136178,20261005-090518_clu_vm14-vm24_rate30_lat2node_r1,9924,perf_20261005-090518_clu_vm14-vm24_rate30_lat2node_r1,2,1204,1791191466734,0,1791191466739.748,78.71,5.85,1791191466824.496,Normal,0.9366
vm2,136178,20261005-090518_clu_vm14-vm24_rate30_lat2node_r1,9927,perf_20261005-090518_clu_vm14-vm24_rate30_lat2node_r1,2,1205,1791191466835,0,1791191466839.166,68.668,4.176,1791191466912.198,Normal,0.9309
vm2,136178,20261005-090518_clu_vm14-vm24_rate30_lat2node_r1,9935,perf_20261005-090518_clu_vm14-vm24_rate30_lat2node_r1,2,1206,1791191467101,0,1791191467106.269,83.455,5.49,1791191467195.406,Normal,0.5711
vm2,136178,20261005-090518_clu_vm14-vm24_rate30_lat2node_r1,9943,perf_20261005-090518_clu_vm14-vm24_rate30_lat2node_r1,2,1207,1791191467368,0,1791191467373.179,81.528,4.905,1791191467459.802,Normal,0.9493
vm2,136178,20261005-090518_clu_vm14-vm24_rate30_lat2node_r1,9950,perf_20261005-090518_clu_vm14-vm24_rate30_lat2node_r1,2,1208,1791191467601,0,1791191467606.622,146.692,5.213,1791191467758.746,Normal,0.9737
vm2,136178,20261005-090518_clu_vm14-vm24_rate30_lat2node_r1,9954,perf_20261005-090518_clu_vm14-vm24_rate30_lat2node_r1,2,1209,1791191467735,0,1791191467761.11,57.744,4.734,1791191467823.772,Normal,0.9705
vm2,136178,20261005-090518_clu_vm14-vm24_rate30_lat2node_r1,9960,perf_20261005-090518_clu_vm14-vm24_rate30_lat2node_r1,2,1210,1791191467935,0,1791191467939.747,75.61,5.651,1791191468021.208,Normal,0.9627
vm2,136178,20261005-090518_clu_vm14-vm24_rate30_lat2node_r1,9962,perf_20261005-090518_clu_vm14-vm24_rate30_lat2node_r1,2,1211,1791191468001,0,1791191468023.778,60.082,5.234,1791191468089.282,Normal,0.9546
vm2,136178,20261005-090518_clu_vm14-vm24_rate30_lat2node_r1,9973,perf_20261005-090518_clu_vm14-vm24_rate30_lat2node_r1,2,1212,1791191468368,0,1791191468372.707,60.644,5.634,1791191468439.181,Normal,0.9302
vm2,136178,20261005-090518_clu_vm14-vm24_rate30_lat2node_r1,9976,perf_20261005-090518_clu_vm14-vm24_rate30_lat2node_r1,2,1213,1791191468468,0,1791191468473.431,63.147,5.669,1791191468542.433,Normal,0.9657
