node,pid,run_id,seq,topic,partition,offset,kafka_ts_ms,kafka_ts_type,t_recv_ms,infer_ms,es_ms,t_done_ms,label,confidence
WIX,18416,20260926-174241_p4_c4_r3,5,perf_20260926-174241_p4_c4_r3,2,0,1790437382124,0,1790437382127.383,107.029,164.529,1790437382399.94,OFFENSIVE,0.5445
WIX,18416,20260926-174241_p4_c4_r3,6,perf_20260926-174241_p4_c4_r3,2,1,1790437382156,0,1790437382403.946,52.235,7.002,1790437382463.183,Normal,0.9157
WIX,18416,20260926-174241_p4_c4_r3,10,perf_20260926-174241_p4_c4_r3,2,2,1790437382296,0,1790437382464.178,58.749,47.668,1790437382572.596,Normal,0.8199
WIX,18416,20260926-174241_p4_c4_r3,12,perf_20260926-174241_p4_c4_r3,2,3,1790437382358,0,1790437382572.596,44.54,49.702,1790437382667.839,Normal,0.9532
WIX,18416,20260926-174241_p4_c4_r3,15,perf_20260926-174241_p4_c4_r3,2,4,1790437382469,0,1790437382670.843,47.696,45.989,1790437382764.528,Normal,0.7288
WIX,18416,20260926-174241_p4_c4_r3,20,perf_20260926-174241_p4_c4_r3,2,5,1790437382642,0,1790437382765.072,86.509,48.745,1790437382900.905,Normal,0.9603
WIX,18416,20260926-174241_p4_c4_r3,34,perf_20260926-174241_p4_c4_r3,2,6,1790437383113,0,1790437383115.749,28.773,48.741,1790437383193.263,Normal,0.9605
WIX,18416,20260926-174241_p4_c4_r3,36,perf_20260926-174241_p4_c4_r3,2,7,1790437383192,0,1790437383195.273,34.925,49.158,1790437383280.352,Normal,0.9351
WIX,18416,20260926-174241_p4_c4_r3,37,perf_20260926-174241_p4_c4_r3,2,8,1790437383223,0,1790437383283.355,38.687,44.573,1790437383367.339,Normal,0.9503
WIX,18416,20260926-174241_p4_c4_r3,43,perf_20260926-174241_p4_c4_r3,2,9,1790437383427,0,1790437383429.355,53.702,46.814,1790437383529.871,OFFENSIVE,0.5659
WIX,18416,20260926-174241_p4_c4_r3,47,perf_20260926-174241_p4_c4_r3,2,10,1790437383566,0,1790437383571.316,59.471,44.032,1790437383675.819,Normal,0.9515
WIX,18416,20260926-174241_p4_c4_r3,52,perf_20260926-174241_p4_c4_r3,2,11,1790437383738,0,1790437383741.84,24.723,45.162,1790437383813.095,Normal,0.8595
WIX,18416,20260926-174241_p4_c4_r3,54,perf_20260926-174241_p4_c4_r3,2,12,1790437383802,0,1790437383815.098,35.008,48.963,1790437383900.063,Normal,0.8958
WIX,18416,20260926-174241_p4_c4_r3,55,perf_20260926-174241_p4_c4_r3,2,13,1790437383850,0,1790437383903.057,60.163,49.738,1790437384013.962,Normal,0.9547
WIX,18416,20260926-174241_p4_c4_r3,56,perf_20260926-174241_p4_c4_r3,2,14,1790437383882,0,1790437384014.956,69.012,46.728,1790437384131.695,Normal,0.9532
WIX,18416,20260926-174241_p4_c4_r3,58,perf_20260926-174241_p4_c4_r3,2,15,1790437383945,0,1790437384134.694,52.2,47.897,1790437384235.791,Normal,0.9703
WIX,18416,20260926-174241_p4_c4_r3,61,perf_20260926-174241_p4_c4_r3,2,16,1790437384054,0,1790437384236.789,50.177,45.474,1790437384333.439,Normal,0.9489
WIX,18416,20260926-174241_p4_c4_r3,72,perf_20260926-174241_p4_c4_r3,2,17,1790437384432,0,1790437384434.922,41.002,44.71,1790437384521.633,Normal,0.9761
WIX,18416,20260926-174241_p4_c4_r3,74,perf_20260926-174241_p4_c4_r3,2,18,1790437384496,0,1790437384525.641,43.841,45.933,1790437384616.426,Normal,0.9719
WIX,18416,20260926-174241_p4_c4_r3,83,perf_20260926-174241_p4_c4_r3,2,19,1790437384809,0,1790437384816.795,94.391,52.047,1790437384964.346,Normal,0.9678
WIX,18416,20260926-174241_p4_c4_r3,101,perf_20260926-174241_p4_c4_r3,2,20,1790437385433,0,1790437385440.931,53.706,51.892,1790437385547.063,Normal,0.8852
WIX,18416,20260926-174241_p4_c4_r3,106,perf_20260926-174241_p4_c4_r3,2,21,1790437385606,0,1790437385610.0,66.081,55.533,1790437385731.615,Normal,0.9671
WIX,18416,20260926-174241_p4_c4_r3,110,perf_20260926-174241_p4_c4_r3,2,22,1790437385746,0,1790437385750.787,78.462,61.125,1790437385890.925,Normal,0.8809
WIX,18416,20260926-174241_p4_c4_r3,111,perf_20260926-174241_p4_c4_r3,2,23,1790437385777,0,1790437385902.879,70.844,47.263,1790437386021.521,Normal,0.9248
WIX,18416,20260926-174241_p4_c4_r3,118,perf_20260926-174241_p4_c4_r3,2,24,1790437386010,0,1790437386026.308,65.841,44.812,1790437386137.953,Normal,0.9087
WIX,18416,20260926-174241_p4_c4_r3,129,perf_20260926-174241_p4_c4_r3,2,25,1790437386398,0,1790437386402.925,51.301,47.776,1790437386502.001,Normal,0.9673
WIX,18416,20260926-174241_p4_c4_r3,137,perf_20260926-174241_p4_c4_r3,2,26,1790437386679,0,1790437386682.296,47.372,47.326,1790437386778.005,Normal,0.9294
WIX,18416,20260926-174241_p4_c4_r3,139,perf_20260926-174241_p4_c4_r3,2,27,1790437386742,0,1790437386780.035,40.555,45.004,1790437386865.594,Normal,0.9679
WIX,18416,20260926-174241_p4_c4_r3,140,perf_20260926-174241_p4_c4_r3,2,28,1790437386774,0,1790437386865.594,65.417,48.799,1790437386980.419,Normal,0.9753
WIX,18416,20260926-174241_p4_c4_r3,146,perf_20260926-174241_p4_c4_r3,2,29,1790437386979,0,1790437386983.444,37.159,48.573,1790437387069.176,Normal,0.931
WIX,18416,20260926-174241_p4_c4_r3,147,perf_20260926-174241_p4_c4_r3,2,30,1790437387011,0,1790437387072.174,42.839,49.394,1790437387165.407,Normal,0.9475
WIX,18416,20260926-174241_p4_c4_r3,148,perf_20260926-174241_p4_c4_r3,2,31,1790437387058,0,1790437387165.407,30.257,46.016,1790437387243.188,Normal,0.9539
WIX,18416,20260926-174241_p4_c4_r3,150,perf_20260926-174241_p4_c4_r3,2,32,1790437387120,0,1790437387246.184,35.003,47.154,1790437387328.34,Normal,0.8267
WIX,18416,20260926-174241_p4_c4_r3,151,perf_20260926-174241_p4_c4_r3,2,33,1790437387152,0,1790437387329.339,38.538,43.728,1790437387412.605,Normal,0.9057
WIX,18416,20260926-174241_p4_c4_r3,152,perf_20260926-174241_p4_c4_r3,2,34,1790437387183,0,1790437387412.605,49.796,45.325,1790437387508.731,Normal,0.9745
WIX,18416,20260926-174241_p4_c4_r3,161,perf_20260926-174241_p4_c4_r3,2,35,1790437387497,0,1790437387511.734,82.786,58.942,1790437387654.44,Normal,0.9305
WIX,18416,20260926-174241_p4_c4_r3,162,perf_20260926-174241_p4_c4_r3,2,36,1790437387528,0,1790437387658.442,67.692,43.422,1790437387770.552,Normal,0.87
WIX,18416,20260926-174241_p4_c4_r3,165,perf_20260926-174241_p4_c4_r3,2,37,1790437387650,0,1790437387771.551,62.665,45.361,1790437387880.578,Normal,0.9407
WIX,18416,20260926-174241_p4_c4_r3,167,perf_20260926-174241_p4_c4_r3,2,38,1790437387702,0,1790437387883.585,47.658,55.596,1790437387986.839,Normal,0.7275
WIX,18416,20260926-174241_p4_c4_r3,171,perf_20260926-174241_p4_c4_r3,2,39,1790437387843,0,1790437387987.839,47.075,45.098,1790437388080.961,Normal,0.9574
WIX,18416,20260926-174241_p4_c4_r3,175,perf_20260926-174241_p4_c4_r3,2,40,1790437387985,0,1790437388084.994,34.15,51.615,1790437388171.745,Normal,0.9314
WIX,18416,20260926-174241_p4_c4_r3,176,perf_20260926-174241_p4_c4_r3,2,41,1790437388017,0,1790437388173.259,58.34,46.595,1790437388278.193,Normal,0.7281
WIX,18416,20260926-174241_p4_c4_r3,185,perf_20260926-174241_p4_c4_r3,2,42,1790437388329,0,1790437388332.918,73.243,43.961,1790437388450.121,Normal,0.9335
WIX,18416,20260926-174241_p4_c4_r3,189,perf_20260926-174241_p4_c4_r3,2,43,1790437388472,0,1790437388474.507,41.758,45.02,1790437388561.284,Normal,0.8925
WIX,18416,20260926-174241_p4_c4_r3,192,perf_20260926-174241_p4_c4_r3,2,44,1790437388567,0,1790437388572.914,50.267,48.058,1790437388672.25,Normal,0.9544
WIX,18416,20260926-174241_p4_c4_r3,200,perf_20260926-174241_p4_c4_r3,2,45,1790437388847,0,1790437388849.899,34.193,50.042,1790437388934.134,Normal,0.9569
WIX,18416,20260926-174241_p4_c4_r3,201,perf_20260926-174241_p4_c4_r3,2,46,1790437388878,0,1790437388937.18,38.467,53.836,1790437389030.469,Normal,0.567
WIX,18416,20260926-174241_p4_c4_r3,202,perf_20260926-174241_p4_c4_r3,2,47,1790437388908,0,1790437389030.469,44.006,48.363,1790437389122.837,Normal,0.966
WIX,18416,20260926-174241_p4_c4_r3,203,perf_20260926-174241_p4_c4_r3,2,48,1790437388954,0,1790437389125.843,48.206,44.75,1790437389219.823,Normal,0.9589
WIX,18416,20260926-174241_p4_c4_r3,207,perf_20260926-174241_p4_c4_r3,2,49,1790437389079,0,1790437389220.818,34.542,46.898,1790437389303.26,Normal,0.9563
WIX,18416,20260926-174241_p4_c4_r3,213,perf_20260926-174241_p4_c4_r3,2,50,1790437389299,0,1790437389305.264,40.622,44.478,1790437389391.367,Normal,0.9629
WIX,18416,20260926-174241_p4_c4_r3,217,perf_20260926-174241_p4_c4_r3,2,51,1790437389425,0,1790437389427.561,51.843,44.984,1790437389525.397,Normal,0.9635
WIX,18416,20260926-174241_p4_c4_r3,220,perf_20260926-174241_p4_c4_r3,2,52,1790437389534,0,1790437389537.213,41.351,45.528,1790437389625.202,Normal,0.9627
WIX,18416,20260926-174241_p4_c4_r3,221,perf_20260926-174241_p4_c4_r3,2,53,1790437389566,0,1790437389627.204,39.02,47.26,1790437389713.484,Normal,0.9292
WIX,18416,20260926-174241_p4_c4_r3,229,perf_20260926-174241_p4_c4_r3,2,54,1790437389848,0,1790437389851.512,48.541,49.326,1790437389949.379,Normal,0.9234
WIX,18416,20260926-174241_p4_c4_r3,230,perf_20260926-174241_p4_c4_r3,2,55,1790437389880,0,1790437389952.381,49.396,50.791,1790437390052.568,Normal,0.7449
WIX,18416,20260926-174241_p4_c4_r3,234,perf_20260926-174241_p4_c4_r3,2,56,1790437390020,0,1790437390055.4,83.304,54.631,1790437390194.329,Normal,0.9447
WIX,18416,20260926-174241_p4_c4_r3,241,perf_20260926-174241_p4_c4_r3,2,57,1790437390255,0,1790437390258.938,45.611,45.772,1790437390351.33,Normal,0.9608
WIX,18416,20260926-174241_p4_c4_r3,244,perf_20260926-174241_p4_c4_r3,2,58,1790437390367,0,1790437390371.881,40.751,50.956,1790437390463.587,OFFENSIVE,0.7323
WIX,18416,20260926-174241_p4_c4_r3,247,perf_20260926-174241_p4_c4_r3,2,59,1790437390461,0,1790437390466.59,41.171,51.316,1790437390559.622,Normal,0.8993
WIX,18416,20260926-174241_p4_c4_r3,257,perf_20260926-174241_p4_c4_r3,2,60,1790437390805,0,1790437390808.592,63.625,44.84,1790437390917.057,Normal,0.961
WIX,18416,20260926-174241_p4_c4_r3,265,perf_20260926-174241_p4_c4_r3,2,61,1790437391086,0,1790437391088.83,38.038,42.829,1790437391170.701,Normal,0.9354
WIX,18416,20260926-174241_p4_c4_r3,278,perf_20260926-174241_p4_c4_r3,2,62,1790437391528,0,1790437391531.243,38.018,44.871,1790437391615.131,Normal,0.9589
WIX,18416,20260926-174241_p4_c4_r3,279,perf_20260926-174241_p4_c4_r3,2,63,1790437391574,0,1790437391619.126,42.969,44.32,1790437391706.95,Normal,0.8888
WIX,18416,20260926-174241_p4_c4_r3,284,perf_20260926-174241_p4_c4_r3,2,64,1790437391744,0,1790437391746.854,25.06,45.633,1790437391817.547,Normal,0.9561
WIX,18416,20260926-174241_p4_c4_r3,287,perf_20260926-174241_p4_c4_r3,2,65,1790437391837,0,1790437391840.552,42.039,46.277,1790437391929.864,HATE,0.4159
WIX,18416,20260926-174241_p4_c4_r3,297,perf_20260926-174241_p4_c4_r3,2,66,1790437392184,0,1790437392187.096,29.562,43.858,1790437392261.511,Normal,0.8081
WIX,18416,20260926-174241_p4_c4_r3,300,perf_20260926-174241_p4_c4_r3,2,67,1790437392295,0,1790437392298.521,30.872,45.349,1790437392374.742,Normal,0.9475
WIX,18416,20260926-174241_p4_c4_r3,303,perf_20260926-174241_p4_c4_r3,2,68,1790437392390,0,1790437392393.359,37.328,42.954,1790437392474.65,Normal,0.9381
WIX,18416,20260926-174241_p4_c4_r3,311,perf_20260926-174241_p4_c4_r3,2,69,1790437392674,0,1790437392678.185,54.871,49.01,1790437392782.065,Normal,0.8292
WIX,18416,20260926-174241_p4_c4_r3,313,perf_20260926-174241_p4_c4_r3,2,70,1790437392737,0,1790437392785.555,48.11,43.687,1790437392877.353,Normal,0.8096
WIX,18416,20260926-174241_p4_c4_r3,316,perf_20260926-174241_p4_c4_r3,2,71,1790437392848,0,1790437392880.165,71.68,49.765,1790437393002.612,Normal,0.9072
WIX,18416,20260926-174241_p4_c4_r3,318,perf_20260926-174241_p4_c4_r3,2,72,1790437392909,0,1790437393004.623,37.051,44.773,1790437393087.442,Normal,0.9281
WIX,18416,20260926-174241_p4_c4_r3,321,perf_20260926-174241_p4_c4_r3,2,73,1790437393019,0,1790437393090.969,58.645,47.832,1790437393197.991,Normal,0.9384
WIX,18416,20260926-174241_p4_c4_r3,332,perf_20260926-174241_p4_c4_r3,2,74,1790437393394,0,1790437393399.235,56.134,47.02,1790437393503.393,Normal,0.9379
WIX,18416,20260926-174241_p4_c4_r3,335,perf_20260926-174241_p4_c4_r3,2,75,1790437393506,0,1790437393510.969,33.719,49.184,1790437393594.844,Normal,0.9633
WIX,18416,20260926-174241_p4_c4_r3,336,perf_20260926-174241_p4_c4_r3,2,76,1790437393537,0,1790437393597.881,37.929,48.434,1790437393684.244,Normal,0.936
WIX,18416,20260926-174241_p4_c4_r3,337,perf_20260926-174241_p4_c4_r3,2,77,1790437393568,0,1790437393684.244,40.729,47.399,1790437393772.371,Normal,0.9677
WIX,18416,20260926-174241_p4_c4_r3,343,perf_20260926-174241_p4_c4_r3,2,78,1790437393771,0,1790437393775.374,39.369,45.279,1790437393860.021,Normal,0.9102
WIX,18416,20260926-174241_p4_c4_r3,345,perf_20260926-174241_p4_c4_r3,2,79,1790437393848,0,1790437393863.051,41.603,47.296,1790437393951.95,Normal,0.9451
WIX,18416,20260926-174241_p4_c4_r3,347,perf_20260926-174241_p4_c4_r3,2,80,1790437393911,0,1790437393954.95,43.775,50.898,1790437394050.623,Normal,0.4981
WIX,18416,20260926-174241_p4_c4_r3,352,perf_20260926-174241_p4_c4_r3,2,81,1790437394084,0,1790437394087.66,38.745,48.155,1790437394175.534,Normal,0.9434
WIX,18416,20260926-174241_p4_c4_r3,355,perf_20260926-174241_p4_c4_r3,2,82,1790437394195,0,1790437394197.856,25.646,47.971,1790437394271.472,Normal,0.9533
WIX,18416,20260926-174241_p4_c4_r3,357,perf_20260926-174241_p4_c4_r3,2,83,1790437394258,0,1790437394274.469,50.692,44.297,1790437394369.458,Normal,0.9697
WIX,18416,20260926-174241_p4_c4_r3,359,perf_20260926-174241_p4_c4_r3,2,84,1790437394320,0,1790437394372.458,62.118,45.606,1790437394480.182,Normal,0.9315
WIX,18416,20260926-174241_p4_c4_r3,361,perf_20260926-174241_p4_c4_r3,2,85,1790437394398,0,1790437394483.208,35.104,59.083,1790437394578.431,Normal,0.955
WIX,18416,20260926-174241_p4_c4_r3,362,perf_20260926-174241_p4_c4_r3,2,86,1790437394429,0,1790437394579.441,34.682,49.748,1790437394664.871,Normal,0.8661
WIX,18416,20260926-174241_p4_c4_r3,369,perf_20260926-174241_p4_c4_r3,2,87,1790437394665,0,1790437394668.87,32.024,43.623,1790437394744.516,Normal,0.931
WIX,18416,20260926-174241_p4_c4_r3,380,perf_20260926-174241_p4_c4_r3,2,88,1790437395057,0,1790437395059.171,28.004,51.584,1790437395139.763,Normal,0.9475
WIX,18416,20260926-174241_p4_c4_r3,381,perf_20260926-174241_p4_c4_r3,2,89,1790437395089,0,1790437395141.763,27.085,49.489,1790437395219.296,Normal,0.9162
WIX,18416,20260926-174241_p4_c4_r3,383,perf_20260926-174241_p4_c4_r3,2,90,1790437395151,0,1790437395222.295,36.029,48.429,1790437395307.761,Normal,0.9746
WIX,18416,20260926-174241_p4_c4_r3,386,perf_20260926-174241_p4_c4_r3,2,91,1790437395261,0,1790437395310.277,26.443,43.908,1790437395381.917,Normal,0.9673
WIX,18416,20260926-174241_p4_c4_r3,387,perf_20260926-174241_p4_c4_r3,2,92,1790437395292,0,1790437395381.917,28.209,43.526,1790437395455.08,Normal,0.9608
WIX,18416,20260926-174241_p4_c4_r3,389,perf_20260926-174241_p4_c4_r3,2,93,1790437395356,0,1790437395458.078,33.133,51.315,1790437395544.543,Normal,0.958
WIX,18416,20260926-174241_p4_c4_r3,390,perf_20260926-174241_p4_c4_r3,2,94,1790437395402,0,1790437395544.543,39.553,48.501,1790437395632.597,Normal,0.847
WIX,18416,20260926-174241_p4_c4_r3,394,perf_20260926-174241_p4_c4_r3,2,95,1790437395527,0,1790437395635.597,32.042,49.445,1790437395717.805,Normal,0.8427
WIX,18416,20260926-174241_p4_c4_r3,397,perf_20260926-174241_p4_c4_r3,2,96,1790437395638,0,1790437395720.375,56.013,50.653,1790437395828.04,Normal,0.9649
WIX,18416,20260926-174241_p4_c4_r3,402,perf_20260926-174241_p4_c4_r3,2,97,1790437395811,0,1790437395831.347,102.682,46.374,1790437395980.934,Normal,0.9746
WIX,18416,20260926-174241_p4_c4_r3,409,perf_20260926-174241_p4_c4_r3,2,98,1790437396044,0,1790437396046.971,74.879,46.414,1790437396168.264,Normal,0.9773
WIX,18416,20260926-174241_p4_c4_r3,410,perf_20260926-174241_p4_c4_r3,2,99,1790437396090,0,1790437396172.444,51.544,47.354,1790437396271.342,Normal,0.9553
WIX,18416,20260926-174241_p4_c4_r3,415,perf_20260926-174241_p4_c4_r3,2,100,1790437396262,0,1790437396273.297,45.167,45.379,1790437396363.844,Normal,0.7213
WIX,18416,20260926-174241_p4_c4_r3,423,perf_20260926-174241_p4_c4_r3,2,101,1790437396529,0,1790437396532.355,32.248,47.379,1790437396612.979,Normal,0.9592
WIX,18416,20260926-174241_p4_c4_r3,428,perf_20260926-174241_p4_c4_r3,2,102,1790437396700,0,1790437396703.886,47.485,58.623,1790437396809.993,Normal,0.9375
WIX,18416,20260926-174241_p4_c4_r3,446,perf_20260926-174241_p4_c4_r3,2,103,1790437397327,0,1790437397333.407,96.141,63.271,1790437397493.842,Normal,0.9723
WIX,18416,20260926-174241_p4_c4_r3,448,perf_20260926-174241_p4_c4_r3,2,104,1790437397390,0,1790437397497.902,45.948,56.842,1790437397601.69,Normal,0.9417
WIX,18416,20260926-174241_p4_c4_r3,450,perf_20260926-174241_p4_c4_r3,2,105,1790437397467,0,1790437397602.711,68.776,51.57,1790437397724.056,Normal,0.9547
WIX,18416,20260926-174241_p4_c4_r3,458,perf_20260926-174241_p4_c4_r3,2,106,1790437397746,0,1790437397750.038,50.163,45.812,1790437397847.026,Normal,0.9563
WIX,18416,20260926-174241_p4_c4_r3,459,perf_20260926-174241_p4_c4_r3,2,107,1790437397778,0,1790437397850.024,49.816,52.582,1790437397953.419,Normal,0.9543
WIX,18416,20260926-174241_p4_c4_r3,460,perf_20260926-174241_p4_c4_r3,2,108,1790437397810,0,1790437397954.416,55.415,44.835,1790437398055.66,Normal,0.9753
WIX,18416,20260926-174241_p4_c4_r3,465,perf_20260926-174241_p4_c4_r3,2,109,1790437397981,0,1790437398058.66,37.001,47.806,1790437398143.468,Normal,0.931
WIX,18416,20260926-174241_p4_c4_r3,466,perf_20260926-174241_p4_c4_r3,2,110,1790437398012,0,1790437398143.468,43.259,48.373,1790437398236.113,Normal,0.9689
WIX,18416,20260926-174241_p4_c4_r3,471,perf_20260926-174241_p4_c4_r3,2,111,1790437398186,0,1790437398238.081,43.503,49.426,1790437398332.01,Normal,0.8189
WIX,18416,20260926-174241_p4_c4_r3,474,perf_20260926-174241_p4_c4_r3,2,112,1790437398296,0,1790437398335.014,51.45,48.823,1790437398436.278,Normal,0.9303
WIX,18416,20260926-174241_p4_c4_r3,476,perf_20260926-174241_p4_c4_r3,2,113,1790437398360,0,1790437398440.293,62.323,46.6,1790437398550.212,Normal,0.9239
WIX,18416,20260926-174241_p4_c4_r3,482,perf_20260926-174241_p4_c4_r3,2,114,1790437398562,0,1790437398565.207,47.717,49.998,1790437398664.068,Normal,0.9319
WIX,18416,20260926-174241_p4_c4_r3,490,perf_20260926-174241_p4_c4_r3,2,115,1790437398846,0,1790437398849.327,37.395,46.449,1790437398933.172,Normal,0.8313
WIX,18416,20260926-174241_p4_c4_r3,499,perf_20260926-174241_p4_c4_r3,2,116,1790437399160,0,1790437399162.025,53.374,44.254,1790437399260.65,Normal,0.9378
WIX,18416,20260926-174241_p4_c4_r3,504,perf_20260926-174241_p4_c4_r3,2,117,1790437399331,0,1790437399334.333,33.092,44.678,1790437399413.071,Normal,0.4319
WIX,18416,20260926-174241_p4_c4_r3,511,perf_20260926-174241_p4_c4_r3,2,118,1790437399564,0,1790437399566.78,30.648,45.553,1790437399642.98,Normal,0.9509
WIX,18416,20260926-174241_p4_c4_r3,519,perf_20260926-174241_p4_c4_r3,2,119,1790437399847,0,1790437399848.955,33.003,48.313,1790437399930.271,Normal,0.9589
WIX,18416,20260926-174241_p4_c4_r3,528,perf_20260926-174241_p4_c4_r3,2,120,1790437400161,0,1790437400164.291,27.609,47.494,1790437400240.385,Normal,0.9375
WIX,18416,20260926-174241_p4_c4_r3,532,perf_20260926-174241_p4_c4_r3,2,121,1790437400287,0,1790437400289.379,48.766,44.37,1790437400383.47,Normal,0.9772
WIX,18416,20260926-174241_p4_c4_r3,533,perf_20260926-174241_p4_c4_r3,2,122,1790437400334,0,1790437400386.518,34.95,44.976,1790437400466.444,Normal,0.9612
WIX,18416,20260926-174241_p4_c4_r3,537,perf_20260926-174241_p4_c4_r3,2,123,1790437400460,0,1790437400469.439,49.541,46.535,1790437400565.516,Normal,0.9659
WIX,18416,20260926-174241_p4_c4_r3,539,perf_20260926-174241_p4_c4_r3,2,124,1790437400538,0,1790437400567.516,40.694,49.106,1790437400657.836,Normal,0.9345
WIX,18416,20260926-174241_p4_c4_r3,547,perf_20260926-174241_p4_c4_r3,2,125,1790437400806,0,1790437400810.497,43.222,47.914,1790437400902.202,Normal,0.9733
WIX,18416,20260926-174241_p4_c4_r3,548,perf_20260926-174241_p4_c4_r3,2,126,1790437400838,0,1790437400905.196,46.691,49.765,1790437401001.652,Normal,0.8177
WIX,18416,20260926-174241_p4_c4_r3,560,perf_20260926-174241_p4_c4_r3,2,127,1790437401257,0,1790437401261.546,79.451,46.418,1790437401388.499,Normal,0.9751
WIX,18416,20260926-174241_p4_c4_r3,562,perf_20260926-174241_p4_c4_r3,2,128,1790437401320,0,1790437401393.021,40.703,46.758,1790437401481.479,Normal,0.9601
WIX,18416,20260926-174241_p4_c4_r3,564,perf_20260926-174241_p4_c4_r3,2,129,1790437401397,0,1790437401484.477,59.725,43.344,1790437401587.546,Normal,0.9762
WIX,18416,20260926-174241_p4_c4_r3,565,perf_20260926-174241_p4_c4_r3,2,130,1790437401428,0,1790437401588.546,41.408,45.322,1790437401676.276,Normal,0.8109
WIX,18416,20260926-174241_p4_c4_r3,567,perf_20260926-174241_p4_c4_r3,2,131,1790437401492,0,1790437401678.219,36.021,45.376,1790437401760.63,Normal,0.9597
WIX,18416,20260926-174241_p4_c4_r3,568,perf_20260926-174241_p4_c4_r3,2,132,1790437401539,0,1790437401760.63,94.258,46.967,1790437401901.856,Normal,0.9723
WIX,18416,20260926-174241_p4_c4_r3,569,perf_20260926-174241_p4_c4_r3,2,133,1790437401570,0,1790437401902.864,41.851,45.101,1790437401990.809,Normal,0.8974
WIX,18416,20260926-174241_p4_c4_r3,579,perf_20260926-174241_p4_c4_r3,2,134,1790437401914,0,1790437401994.433,34.665,45.943,1790437402075.04,Normal,0.8954
WIX,18416,20260926-174241_p4_c4_r3,580,perf_20260926-174241_p4_c4_r3,2,135,1790437401945,0,1790437402076.067,37.027,50.48,1790437402164.885,Normal,0.9483
WIX,18416,20260926-174241_p4_c4_r3,587,perf_20260926-174241_p4_c4_r3,2,136,1790437402194,0,1790437402197.167,38.643,45.877,1790437402282.993,Normal,0.918
WIX,18416,20260926-174241_p4_c4_r3,589,perf_20260926-174241_p4_c4_r3,2,137,1790437402256,0,1790437402286.244,32.532,43.562,1790437402363.345,Normal,0.9309
WIX,18416,20260926-174241_p4_c4_r3,614,perf_20260926-174241_p4_c4_r3,2,138,1790437403116,0,1790437403121.446,42.529,47.439,1790437403212.353,Normal,0.9457
WIX,18416,20260926-174241_p4_c4_r3,620,perf_20260926-174241_p4_c4_r3,2,139,1790437403320,0,1790437403323.334,50.188,43.869,1790437403418.375,Normal,0.9613
WIX,18416,20260926-174241_p4_c4_r3,621,perf_20260926-174241_p4_c4_r3,2,140,1790437403367,0,1790437403421.383,38.682,42.959,1790437403503.024,Normal,0.8992
WIX,18416,20260926-174241_p4_c4_r3,623,perf_20260926-174241_p4_c4_r3,2,141,1790437403430,0,1790437403506.07,23.219,45.661,1790437403574.95,Normal,0.9309
WIX,18416,20260926-174241_p4_c4_r3,629,perf_20260926-174241_p4_c4_r3,2,142,1790437403635,0,1790437403638.156,36.005,46.929,1790437403721.09,Normal,0.6746
WIX,18416,20260926-174241_p4_c4_r3,630,perf_20260926-174241_p4_c4_r3,2,143,1790437403667,0,1790437403724.452,40.811,46.264,1790437403811.527,Normal,0.6003
WIX,18416,20260926-174241_p4_c4_r3,634,perf_20260926-174241_p4_c4_r3,2,144,1790437403807,0,1790437403815.53,39.58,47.646,1790437403903.722,Normal,0.9415
WIX,18416,20260926-174241_p4_c4_r3,636,perf_20260926-174241_p4_c4_r3,2,145,1790437403870,0,1790437403906.763,37.571,46.459,1790437403991.841,Normal,0.8753
WIX,18416,20260926-174241_p4_c4_r3,638,perf_20260926-174241_p4_c4_r3,2,146,1790437403949,0,1790437403994.843,67.036,42.669,1790437404105.095,Normal,0.932
WIX,18416,20260926-174241_p4_c4_r3,643,perf_20260926-174241_p4_c4_r3,2,147,1790437404120,0,1790437404122.301,37.795,45.476,1790437404206.156,Normal,0.858
WIX,18416,20260926-174241_p4_c4_r3,647,perf_20260926-174241_p4_c4_r3,2,148,1790437404260,0,1790437404262.98,44.003,48.982,1790437404355.965,Normal,0.9262
WIX,18416,20260926-174241_p4_c4_r3,648,perf_20260926-174241_p4_c4_r3,2,149,1790437404291,0,1790437404358.978,29.018,47.844,1790437404436.526,Normal,0.9608
WIX,18416,20260926-174241_p4_c4_r3,650,perf_20260926-174241_p4_c4_r3,2,150,1790437404355,0,1790437404436.526,62.0,45.661,1790437404545.186,Normal,0.9434
WIX,18416,20260926-174241_p4_c4_r3,652,perf_20260926-174241_p4_c4_r3,2,151,1790437404433,0,1790437404549.23,35.326,44.374,1790437404629.927,Normal,0.936
WIX,18416,20260926-174241_p4_c4_r3,655,perf_20260926-174241_p4_c4_r3,2,152,1790437404529,0,1790437404629.927,43.512,45.393,1790437404719.431,Normal,0.8426
WIX,18416,20260926-174241_p4_c4_r3,657,perf_20260926-174241_p4_c4_r3,2,153,1790437404606,0,1790437404722.57,37.565,44.135,1790437404804.27,OFFENSIVE,0.926
WIX,18416,20260926-174241_p4_c4_r3,658,perf_20260926-174241_p4_c4_r3,2,154,1790437404637,0,1790437404804.27,31.297,44.598,1790437404881.127,Normal,0.9375
WIX,18416,20260926-174241_p4_c4_r3,659,perf_20260926-174241_p4_c4_r3,2,155,1790437404668,0,1790437404881.127,46.562,50.904,1790437404979.587,Normal,0.9521
WIX,18416,20260926-174241_p4_c4_r3,661,perf_20260926-174241_p4_c4_r3,2,156,1790437404746,0,1790437404982.625,47.038,50.614,1790437405080.276,Normal,0.9544
WIX,18416,20260926-174241_p4_c4_r3,666,perf_20260926-174241_p4_c4_r3,2,157,1790437404919,0,1790437405080.276,49.557,49.024,1790437405179.864,Normal,0.9423
WIX,18416,20260926-174241_p4_c4_r3,674,perf_20260926-174241_p4_c4_r3,2,158,1790437405185,0,1790437405188.545,56.89,45.61,1790437405292.045,Normal,0.965
WIX,18416,20260926-174241_p4_c4_r3,680,perf_20260926-174241_p4_c4_r3,2,159,1790437405388,0,1790437405391.648,39.22,43.871,1790437405475.744,Normal,0.9423
WIX,18416,20260926-174241_p4_c4_r3,682,perf_20260926-174241_p4_c4_r3,2,160,1790437405465,0,1790437405478.75,31.076,47.785,1790437405557.612,Normal,0.8661
WIX,18416,20260926-174241_p4_c4_r3,687,perf_20260926-174241_p4_c4_r3,2,161,1790437405639,0,1790437405643.767,29.028,47.75,1790437405720.545,Normal,0.8661
WIX,18416,20260926-174241_p4_c4_r3,695,perf_20260926-174241_p4_c4_r3,2,162,1790437405918,0,1790437405924.25,47.101,46.822,1790437406018.173,Normal,0.9465
WIX,18416,20260926-174241_p4_c4_r3,697,perf_20260926-174241_p4_c4_r3,2,163,1790437405981,0,1790437406021.174,62.783,43.789,1790437406127.745,Normal,0.9333
WIX,18416,20260926-174241_p4_c4_r3,701,perf_20260926-174241_p4_c4_r3,2,164,1790437406122,0,1790437406129.746,58.166,46.34,1790437406235.258,Normal,0.9504
WIX,18416,20260926-174241_p4_c4_r3,703,perf_20260926-174241_p4_c4_r3,2,165,1790437406184,0,1790437406237.26,31.014,43.756,1790437406313.017,Normal,0.9475
WIX,18416,20260926-174241_p4_c4_r3,709,perf_20260926-174241_p4_c4_r3,2,166,1790437406388,0,1790437406391.095,35.992,44.36,1790437406471.956,Normal,0.9246
WIX,18416,20260926-174241_p4_c4_r3,714,perf_20260926-174241_p4_c4_r3,2,167,1790437406575,0,1790437406578.108,70.511,46.099,1790437406694.718,Normal,0.9766
WIX,18416,20260926-174241_p4_c4_r3,717,perf_20260926-174241_p4_c4_r3,2,168,1790437406668,0,1790437406697.716,54.185,46.011,1790437406798.906,Normal,0.9559
WIX,18416,20260926-174241_p4_c4_r3,719,perf_20260926-174241_p4_c4_r3,2,169,1790437406747,0,1790437406801.866,35.051,49.155,1790437406887.029,Normal,0.9364
WIX,18416,20260926-174241_p4_c4_r3,721,perf_20260926-174241_p4_c4_r3,2,170,1790437406809,0,1790437406889.031,30.22,50.954,1790437406971.199,Normal,0.9224
WIX,18416,20260926-174241_p4_c4_r3,724,perf_20260926-174241_p4_c4_r3,2,171,1790437406920,0,1790437406973.199,82.708,43.976,1790437407100.881,Normal,0.9772
WIX,18416,20260926-174241_p4_c4_r3,725,perf_20260926-174241_p4_c4_r3,2,172,1790437406951,0,1790437407100.881,43.668,46.634,1790437407192.181,Normal,0.9369
WIX,18416,20260926-174241_p4_c4_r3,733,perf_20260926-174241_p4_c4_r3,2,173,1790437407219,0,1790437407221.676,32.496,44.976,1790437407299.148,Normal,0.9375
WIX,18416,20260926-174241_p4_c4_r3,734,perf_20260926-174241_p4_c4_r3,2,174,1790437407250,0,1790437407302.149,51.91,47.776,1790437407401.835,Normal,0.9378
WIX,18416,20260926-174241_p4_c4_r3,747,perf_20260926-174241_p4_c4_r3,2,175,1790437407703,0,1790437407710.599,88.648,57.964,1790437407857.741,Normal,0.9704
WIX,18416,20260926-174241_p4_c4_r3,756,perf_20260926-174241_p4_c4_r3,2,176,1790437408015,0,1790437408021.213,54.718,51.544,1790437408128.462,Normal,0.9048
WIX,18416,20260926-174241_p4_c4_r3,760,perf_20260926-174241_p4_c4_r3,2,177,1790437408155,0,1790437408159.998,62.814,45.436,1790437408268.248,Normal,0.942
WIX,18416,20260926-174241_p4_c4_r3,762,perf_20260926-174241_p4_c4_r3,2,178,1790437408218,0,1790437408272.713,80.726,49.268,1790437408403.279,Normal,0.9375
WIX,18416,20260926-174241_p4_c4_r3,764,perf_20260926-174241_p4_c4_r3,2,179,1790437408298,0,1790437408407.826,92.741,48.113,1790437408549.689,Normal,0.9611
WIX,18416,20260926-174241_p4_c4_r3,773,perf_20260926-174241_p4_c4_r3,2,180,1790437408607,0,1790437408610.232,49.387,49.708,1790437408710.318,Normal,0.9375
WIX,18416,20260926-174241_p4_c4_r3,778,perf_20260926-174241_p4_c4_r3,2,181,1790437408777,0,1790437408784.715,70.219,46.267,1790437408902.71,Normal,0.9591
WIX,18416,20260926-174241_p4_c4_r3,782,perf_20260926-174241_p4_c4_r3,2,182,1790437408917,0,1790437408920.767,66.595,45.651,1790437409034.015,Normal,0.9525
WIX,18416,20260926-174241_p4_c4_r3,790,perf_20260926-174241_p4_c4_r3,2,183,1790437409185,0,1790437409192.128,81.82,53.272,1790437409328.221,Normal,0.9464
WIX,18416,20260926-174241_p4_c4_r3,794,perf_20260926-174241_p4_c4_r3,2,184,1790437409326,0,1790437409332.82,77.178,45.787,1790437409456.908,Normal,0.9711
WIX,18416,20260926-174241_p4_c4_r3,797,perf_20260926-174241_p4_c4_r3,2,185,1790437409433,0,1790437409460.834,39.216,48.034,1790437409548.641,Normal,0.9192
WIX,18416,20260926-174241_p4_c4_r3,803,perf_20260926-174241_p4_c4_r3,2,186,1790437409634,0,1790437409640.585,83.54,50.182,1790437409774.996,Normal,0.9485
WIX,18416,20260926-174241_p4_c4_r3,807,perf_20260926-174241_p4_c4_r3,2,187,1790437409771,0,1790437409781.071,74.341,48.865,1790437409904.831,Normal,0.9427
WIX,18416,20260926-174241_p4_c4_r3,812,perf_20260926-174241_p4_c4_r3,2,188,1790437409940,0,1790437409943.233,92.602,47.214,1790437410083.598,Normal,0.94
WIX,18416,20260926-174241_p4_c4_r3,813,perf_20260926-174241_p4_c4_r3,2,189,1790437409990,0,1790437410086.894,59.772,47.816,1790437410195.038,Normal,0.7331
WIX,18416,20260926-174241_p4_c4_r3,823,perf_20260926-174241_p4_c4_r3,2,190,1790437410329,0,1790437410334.795,58.4,48.883,1790437410443.079,Normal,0.9475
WIX,18416,20260926-174241_p4_c4_r3,829,perf_20260926-174241_p4_c4_r3,2,191,1790437410530,0,1790437410534.095,42.075,46.789,1790437410623.498,Normal,0.9556
WIX,18416,20260926-174241_p4_c4_r3,830,perf_20260926-174241_p4_c4_r3,2,192,1790437410561,0,1790437410626.256,60.349,47.586,1790437410734.741,Normal,0.9513
WIX,18416,20260926-174241_p4_c4_r3,832,perf_20260926-174241_p4_c4_r3,2,193,1790437410639,0,1790437410738.025,65.912,43.752,1790437410847.689,Normal,0.8724
WIX,18416,20260926-174241_p4_c4_r3,833,perf_20260926-174241_p4_c4_r3,2,194,1790437410670,0,1790437410847.689,54.003,45.026,1790437410946.718,Normal,0.9718
WIX,18416,20260926-174241_p4_c4_r3,836,perf_20260926-174241_p4_c4_r3,2,195,1790437410778,0,1790437410948.721,33.645,44.333,1790437411027.661,Normal,0.9501
WIX,18416,20260926-174241_p4_c4_r3,839,perf_20260926-174241_p4_c4_r3,2,196,1790437410872,0,1790437411027.661,33.091,48.004,1790437411108.756,Normal,0.9119
WIX,18416,20260926-174241_p4_c4_r3,840,perf_20260926-174241_p4_c4_r3,2,197,1790437410919,0,1790437411109.787,50.762,45.048,1790437411205.596,Normal,0.9144
WIX,18416,20260926-174241_p4_c4_r3,841,perf_20260926-174241_p4_c4_r3,2,198,1790437410950,0,1790437411208.621,32.072,45.824,1790437411287.52,Normal,0.9643
WIX,18416,20260926-174241_p4_c4_r3,842,perf_20260926-174241_p4_c4_r3,2,199,1790437410982,0,1790437411287.52,43.569,45.361,1790437411376.449,Normal,0.9313
WIX,18416,20260926-174241_p4_c4_r3,845,perf_20260926-174241_p4_c4_r3,2,200,1790437411092,0,1790437411376.449,44.241,44.201,1790437411464.892,Normal,0.4952
WIX,18416,20260926-174241_p4_c4_r3,847,perf_20260926-174241_p4_c4_r3,2,201,1790437411155,0,1790437411464.892,49.04,46.795,1790437411560.727,Normal,0.8808
WIX,18416,20260926-174241_p4_c4_r3,848,perf_20260926-174241_p4_c4_r3,2,202,1790437411187,0,1790437411560.727,58.062,42.835,1790437411662.622,Normal,0.9009
WIX,18416,20260926-174241_p4_c4_r3,874,perf_20260926-174241_p4_c4_r3,2,203,1790437412086,0,1790437412088.3,67.702,46.602,1790437412203.619,Normal,0.9319
WIX,18416,20260926-174241_p4_c4_r3,880,perf_20260926-174241_p4_c4_r3,2,204,1790437412288,0,1790437412291.978,62.727,51.272,1790437412406.972,Normal,0.8412
WIX,18416,20260926-174241_p4_c4_r3,882,perf_20260926-174241_p4_c4_r3,2,205,1790437412367,0,1790437412409.97,46.755,44.992,1790437412501.717,Normal,0.946
WIX,18416,20260926-174241_p4_c4_r3,886,perf_20260926-174241_p4_c4_r3,2,206,1790437412493,0,1790437412504.717,43.081,45.181,1790437412593.97,Normal,0.9649
WIX,18416,20260926-174241_p4_c4_r3,894,perf_20260926-174241_p4_c4_r3,2,207,1790437412776,0,1790437412778.212,40.557,42.526,1790437412862.862,Normal,0.7975
WIX,18416,20260926-174241_p4_c4_r3,897,perf_20260926-174241_p4_c4_r3,2,208,1790437412870,0,1790437412874.064,46.932,45.074,1790437412966.624,Normal,0.939
WIX,18416,20260926-174241_p4_c4_r3,900,perf_20260926-174241_p4_c4_r3,2,209,1790437412979,0,1790437412982.631,53.286,48.745,1790437413085.662,Normal,0.9649
WIX,18416,20260926-174241_p4_c4_r3,910,perf_20260926-174241_p4_c4_r3,2,210,1790437413323,0,1790437413326.192,44.259,51.428,1790437413421.879,Normal,0.9224
WIX,18416,20260926-174241_p4_c4_r3,912,perf_20260926-174241_p4_c4_r3,2,211,1790437413401,0,1790437413425.009,44.326,44.15,1790437413514.484,Normal,0.9126
WIX,18416,20260926-174241_p4_c4_r3,913,perf_20260926-174241_p4_c4_r3,2,212,1790437413432,0,1790437413517.536,27.657,49.396,1790437413594.589,Normal,0.9618
WIX,18416,20260926-174241_p4_c4_r3,914,perf_20260926-174241_p4_c4_r3,2,213,1790437413463,0,1790437413595.585,31.857,45.609,1790437413673.051,Normal,0.9514
WIX,18416,20260926-174241_p4_c4_r3,916,perf_20260926-174241_p4_c4_r3,2,214,1790437413526,0,1790437413675.046,52.067,46.538,1790437413773.651,Normal,0.9117
WIX,18416,20260926-174241_p4_c4_r3,921,perf_20260926-174241_p4_c4_r3,2,215,1790437413700,0,1790437413776.647,54.869,44.694,1790437413876.21,Normal,0.9747
WIX,18416,20260926-174241_p4_c4_r3,923,perf_20260926-174241_p4_c4_r3,2,216,1790437413778,0,1790437413879.242,57.87,44.486,1790437413982.593,Normal,0.9544
WIX,18416,20260926-174241_p4_c4_r3,924,perf_20260926-174241_p4_c4_r3,2,217,1790437413810,0,1790437413982.593,55.523,43.657,1790437414082.774,Normal,0.9706
WIX,18416,20260926-174241_p4_c4_r3,927,perf_20260926-174241_p4_c4_r3,2,218,1790437413919,0,1790437414085.772,48.017,46.745,1790437414181.533,Normal,0.974
WIX,18416,20260926-174241_p4_c4_r3,935,perf_20260926-174241_p4_c4_r3,2,219,1790437414187,0,1790437414190.539,42.212,48.633,1790437414281.934,Normal,0.9494
WIX,18416,20260926-174241_p4_c4_r3,939,perf_20260926-174241_p4_c4_r3,2,220,1790437414328,0,1790437414332.25,34.699,44.878,1790437414411.827,Normal,0.9375
WIX,18416,20260926-174241_p4_c4_r3,946,perf_20260926-174241_p4_c4_r3,2,221,1790437414562,0,1790437414565.787,34.157,46.098,1790437414647.04,OFFENSIVE,0.7203
WIX,18416,20260926-174241_p4_c4_r3,947,perf_20260926-174241_p4_c4_r3,2,222,1790437414594,0,1790437414651.039,43.0,50.876,1790437414744.915,Normal,0.9314
WIX,18416,20260926-174241_p4_c4_r3,948,perf_20260926-174241_p4_c4_r3,2,223,1790437414642,0,1790437414745.46,43.387,46.987,1790437414836.385,Normal,0.9546
WIX,18416,20260926-174241_p4_c4_r3,950,perf_20260926-174241_p4_c4_r3,2,224,1790437414706,0,1790437414838.728,51.649,44.004,1790437414935.382,Normal,0.9541
WIX,18416,20260926-174241_p4_c4_r3,960,perf_20260926-174241_p4_c4_r3,2,225,1790437415049,0,1790437415053.255,33.746,43.981,1790437415131.978,Normal,0.8412
WIX,18416,20260926-174241_p4_c4_r3,965,perf_20260926-174241_p4_c4_r3,2,226,1790437415223,0,1790437415225.732,36.934,46.178,1790437415309.877,Normal,0.9563
WIX,18416,20260926-174241_p4_c4_r3,966,perf_20260926-174241_p4_c4_r3,2,227,1790437415254,0,1790437415312.873,49.223,48.63,1790437415411.69,Normal,0.971
WIX,18416,20260926-174241_p4_c4_r3,976,perf_20260926-174241_p4_c4_r3,2,228,1790437415601,0,1790437415604.342,38.188,45.982,1790437415689.512,Normal,0.9522
WIX,18416,20260926-174241_p4_c4_r3,978,perf_20260926-174241_p4_c4_r3,2,229,1790437415664,0,1790437415691.512,184.11,44.331,1790437415920.509,Normal,0.9685
WIX,18416,20260926-174241_p4_c4_r3,979,perf_20260926-174241_p4_c4_r3,2,230,1790437415711,0,1790437415923.768,36.159,47.695,1790437416007.622,Normal,0.9626
WIX,18416,20260926-174241_p4_c4_r3,981,perf_20260926-174241_p4_c4_r3,2,231,1790437415774,0,1790437416007.622,35.815,46.491,1790437416090.93,Normal,0.9492
WIX,18416,20260926-174241_p4_c4_r3,982,perf_20260926-174241_p4_c4_r3,2,232,1790437415805,0,1790437416091.544,74.749,45.982,1790437416213.269,Normal,0.9784
WIX,18416,20260926-174241_p4_c4_r3,986,perf_20260926-174241_p4_c4_r3,2,233,1790437415943,0,1790437416216.313,52.833,47.974,1790437416317.119,Normal,0.9361
WIX,18416,20260926-174241_p4_c4_r3,997,perf_20260926-174241_p4_c4_r3,2,234,1790437416334,0,1790437416337.166,36.9,46.251,1790437416420.316,Normal,0.9554
WIX,18416,20260926-174241_p4_c4_r3,998,perf_20260926-174241_p4_c4_r3,2,235,1790437416365,0,1790437416423.844,46.381,45.962,1790437416516.187,Normal,0.9192
WIX,18416,20260926-174241_p4_c4_r3,1000,perf_20260926-174241_p4_c4_r3,2,236,1790437416429,0,1790437416519.186,41.423,48.421,1790437416609.029,Normal,0.9164
WIX,18416,20260926-174241_p4_c4_r3,1010,perf_20260926-174241_p4_c4_r3,2,237,1790437416775,0,1790437416778.844,48.33,46.137,1790437416873.31,Normal,0.8504
WIX,18416,20260926-174241_p4_c4_r3,1013,perf_20260926-174241_p4_c4_r3,2,238,1790437416885,0,1790437416888.308,35.997,43.528,1790437416968.883,Normal,0.9531
WIX,18416,20260926-174241_p4_c4_r3,1018,perf_20260926-174241_p4_c4_r3,2,239,1790437417043,0,1790437417045.774,29.001,45.001,1790437417120.776,Normal,0.9345
WIX,18416,20260926-174241_p4_c4_r3,1019,perf_20260926-174241_p4_c4_r3,2,240,1790437417090,0,1790437417123.778,37.758,45.715,1790437417207.251,Normal,0.9352
WIX,18416,20260926-174241_p4_c4_r3,1022,perf_20260926-174241_p4_c4_r3,2,241,1790437417185,0,1790437417211.094,36.917,46.999,1790437417295.009,Normal,0.8738
WIX,18416,20260926-174241_p4_c4_r3,1028,perf_20260926-174241_p4_c4_r3,2,242,1790437417388,0,1790437417393.582,36.226,47.036,1790437417477.883,Normal,0.6456
WIX,18416,20260926-174241_p4_c4_r3,1029,perf_20260926-174241_p4_c4_r3,2,243,1790437417436,0,1790437417479.884,29.011,43.751,1790437417553.638,Normal,0.9266
WIX,18416,20260926-174241_p4_c4_r3,1030,perf_20260926-174241_p4_c4_r3,2,244,1790437417466,0,1790437417553.638,47.293,44.194,1790437417645.125,Normal,0.9665
WIX,18416,20260926-174241_p4_c4_r3,1032,perf_20260926-174241_p4_c4_r3,2,245,1790437417530,0,1790437417648.122,128.816,45.003,1790437417822.929,Normal,0.9601
WIX,18416,20260926-174241_p4_c4_r3,1034,perf_20260926-174241_p4_c4_r3,2,246,1790437417607,0,1790437417822.929,36.196,47.664,1790437417906.789,Normal,0.4554
WIX,18416,20260926-174241_p4_c4_r3,1037,perf_20260926-174241_p4_c4_r3,2,247,1790437417704,0,1790437417909.795,51.835,43.913,1790437418006.543,Normal,0.9658
WIX,18416,20260926-174241_p4_c4_r3,1041,perf_20260926-174241_p4_c4_r3,2,248,1790437417845,0,1790437418007.544,35.286,44.958,1790437418087.789,Normal,0.9584
WIX,18416,20260926-174241_p4_c4_r3,1048,perf_20260926-174241_p4_c4_r3,2,249,1790437418079,0,1790437418089.785,32.843,50.154,1790437418173.99,Normal,0.9627
WIX,18416,20260926-174241_p4_c4_r3,1057,perf_20260926-174241_p4_c4_r3,2,250,1790437418396,0,1790437418398.579,76.666,43.996,1790437418520.239,Normal,0.9466
WIX,18416,20260926-174241_p4_c4_r3,1060,perf_20260926-174241_p4_c4_r3,2,251,1790437418491,0,1790437418522.262,29.983,44.718,1790437418596.963,Normal,0.7933
WIX,18416,20260926-174241_p4_c4_r3,1065,perf_20260926-174241_p4_c4_r3,2,252,1790437418664,0,1790437418668.042,47.943,46.6,1790437418763.694,Normal,0.9084
WIX,18416,20260926-174241_p4_c4_r3,1067,perf_20260926-174241_p4_c4_r3,2,253,1790437418741,0,1790437418766.376,66.646,45.135,1790437418878.158,Normal,0.9724
WIX,18416,20260926-174241_p4_c4_r3,1068,perf_20260926-174241_p4_c4_r3,2,254,1790437418772,0,1790437418881.16,37.012,44.79,1790437418963.964,Normal,0.9592
WIX,18416,20260926-174241_p4_c4_r3,1070,perf_20260926-174241_p4_c4_r3,2,255,1790437418851,0,1790437418963.964,36.006,47.208,1790437419048.176,Normal,0.9728
WIX,18416,20260926-174241_p4_c4_r3,1071,perf_20260926-174241_p4_c4_r3,2,256,1790437418883,0,1790437419051.179,29.044,47.008,1790437419128.648,Normal,0.881
WIX,18416,20260926-174241_p4_c4_r3,1072,perf_20260926-174241_p4_c4_r3,2,257,1790437418915,0,1790437419128.648,46.361,46.226,1790437419222.225,Normal,0.6321
WIX,18416,20260926-174241_p4_c4_r3,1073,perf_20260926-174241_p4_c4_r3,2,258,1790437418946,0,1790437419222.225,34.05,50.848,1790437419307.123,Normal,0.9375
WIX,18416,20260926-174241_p4_c4_r3,1074,perf_20260926-174241_p4_c4_r3,2,259,1790437418977,0,1790437419308.083,46.579,44.265,1790437419399.933,OFFENSIVE,0.6502
WIX,18416,20260926-174241_p4_c4_r3,1081,perf_20260926-174241_p4_c4_r3,2,260,1790437419227,0,1790437419403.934,51.479,47.966,1790437419503.378,Normal,0.9409
WIX,18416,20260926-174241_p4_c4_r3,1083,perf_20260926-174241_p4_c4_r3,2,261,1790437419289,0,1790437419503.378,45.415,46.317,1790437419595.643,Normal,0.9575
WIX,18416,20260926-174241_p4_c4_r3,1088,perf_20260926-174241_p4_c4_r3,2,262,1790437419461,0,1790437419597.642,59.472,50.956,1790437419709.587,Normal,0.9424
WIX,18416,20260926-174241_p4_c4_r3,1097,perf_20260926-174241_p4_c4_r3,2,263,1790437419773,0,1790437419775.896,39.177,45.14,1790437419861.213,Normal,0.9654
WIX,18416,20260926-174241_p4_c4_r3,1099,perf_20260926-174241_p4_c4_r3,2,264,1790437419851,0,1790437419865.209,66.992,52.297,1790437419985.495,Normal,0.9351
WIX,18416,20260926-174241_p4_c4_r3,1105,perf_20260926-174241_p4_c4_r3,2,265,1790437420057,0,1790437420061.261,76.889,48.169,1790437420187.327,Normal,0.951
WIX,18416,20260926-174241_p4_c4_r3,1109,perf_20260926-174241_p4_c4_r3,2,266,1790437420196,0,1790437420199.854,42.77,45.919,1790437420290.14,Normal,0.9257
WIX,18416,20260926-174241_p4_c4_r3,1110,perf_20260926-174241_p4_c4_r3,2,267,1790437420227,0,1790437420294.475,57.848,49.566,1790437420402.885,Normal,0.8559
WIX,18416,20260926-174241_p4_c4_r3,1113,perf_20260926-174241_p4_c4_r3,2,268,1790437420323,0,1790437420407.458,49.179,51.252,1790437420508.886,Normal,0.9694
WIX,18416,20260926-174241_p4_c4_r3,1119,perf_20260926-174241_p4_c4_r3,2,269,1790437420525,0,1790437420529.933,64.167,47.651,1790437420642.259,Normal,0.9721
WIX,18416,20260926-174241_p4_c4_r3,1120,perf_20260926-174241_p4_c4_r3,2,270,1790437420572,0,1790437420644.258,42.922,47.793,1790437420736.337,Normal,0.9608
WIX,18416,20260926-174241_p4_c4_r3,1123,perf_20260926-174241_p4_c4_r3,2,271,1790437420668,0,1790437420740.371,45.296,52.656,1790437420838.323,Normal,0.957
WIX,18416,20260926-174241_p4_c4_r3,1128,perf_20260926-174241_p4_c4_r3,2,272,1790437420841,0,1790437420846.635,103.057,44.143,1790437420993.835,Normal,0.968
WIX,18416,20260926-174241_p4_c4_r3,1132,perf_20260926-174241_p4_c4_r3,2,273,1790437420982,0,1790437420996.172,43.71,45.883,1790437421085.766,Normal,0.9555
WIX,18416,20260926-174241_p4_c4_r3,1134,perf_20260926-174241_p4_c4_r3,2,274,1790437421045,0,1790437421087.767,61.725,43.456,1790437421192.948,Normal,0.9473
WIX,18416,20260926-174241_p4_c4_r3,1136,perf_20260926-174241_p4_c4_r3,2,275,1790437421122,0,1790437421196.182,41.77,45.973,1790437421284.947,Normal,0.9561
WIX,18416,20260926-174241_p4_c4_r3,1137,perf_20260926-174241_p4_c4_r3,2,276,1790437421154,0,1790437421284.947,33.039,51.069,1790437421369.055,Normal,0.9473
WIX,18416,20260926-174241_p4_c4_r3,1138,perf_20260926-174241_p4_c4_r3,2,277,1790437421186,0,1790437421370.055,49.683,48.754,1790437421468.492,Normal,0.9413
WIX,18416,20260926-174241_p4_c4_r3,1141,perf_20260926-174241_p4_c4_r3,2,278,1790437421294,0,1790437421470.492,32.002,45.017,1790437421548.508,Normal,0.9405
WIX,18416,20260926-174241_p4_c4_r3,1145,perf_20260926-174241_p4_c4_r3,2,279,1790437421436,0,1790437421549.506,36.53,48.123,1790437421634.158,Normal,0.9711
WIX,18416,20260926-174241_p4_c4_r3,1147,perf_20260926-174241_p4_c4_r3,2,280,1790437421498,0,1790437421637.164,37.843,45.547,1790437421721.549,Normal,0.9096
WIX,18416,20260926-174241_p4_c4_r3,1152,perf_20260926-174241_p4_c4_r3,2,281,1790437421672,0,1790437421724.579,43.912,45.134,1790437421813.625,Normal,0.9568
WIX,18416,20260926-174241_p4_c4_r3,1159,perf_20260926-174241_p4_c4_r3,2,282,1790437421907,0,1790437421910.285,33.031,48.517,1790437421992.825,Normal,0.9627
WIX,18416,20260926-174241_p4_c4_r3,1162,perf_20260926-174241_p4_c4_r3,2,283,1790437422019,0,1790437422022.017,55.161,47.996,1790437422125.174,Normal,0.9411
WIX,18416,20260926-174241_p4_c4_r3,1172,perf_20260926-174241_p4_c4_r3,2,284,1790437422362,0,1790437422366.456,32.052,46.727,1790437422446.216,Normal,0.86
WIX,18416,20260926-174241_p4_c4_r3,1174,perf_20260926-174241_p4_c4_r3,2,285,1790437422425,0,1790437422448.216,49.55,46.111,1790437422544.847,Normal,0.9368
WIX,18416,20260926-174241_p4_c4_r3,1180,perf_20260926-174241_p4_c4_r3,2,286,1790437422643,0,1790437422646.387,53.34,49.274,1790437422749.001,Normal,0.968
WIX,18416,20260926-174241_p4_c4_r3,1183,perf_20260926-174241_p4_c4_r3,2,287,1790437422738,0,1790437422751.56,40.988,44.85,1790437422838.579,Normal,0.4246
WIX,18416,20260926-174241_p4_c4_r3,1184,perf_20260926-174241_p4_c4_r3,2,288,1790437422770,0,1790437422842.104,40.745,48.064,1790437422931.454,Normal,0.9507
WIX,18416,20260926-174241_p4_c4_r3,1189,perf_20260926-174241_p4_c4_r3,2,289,1790437422942,0,1790437422946.004,56.097,46.61,1790437423049.726,Normal,0.9629
WIX,18416,20260926-174241_p4_c4_r3,1193,perf_20260926-174241_p4_c4_r3,2,290,1790437423082,0,1790437423086.847,40.833,43.836,1790437423173.029,Normal,0.9171
WIX,18416,20260926-174241_p4_c4_r3,1194,perf_20260926-174241_p4_c4_r3,2,291,1790437423113,0,1790437423176.658,182.567,46.048,1790437423405.272,Normal,0.9511
WIX,18416,20260926-174241_p4_c4_r3,1198,perf_20260926-174241_p4_c4_r3,2,292,1790437423253,0,1790437423408.272,54.905,45.328,1790437423509.499,Normal,0.953
WIX,18416,20260926-174241_p4_c4_r3,1222,perf_20260926-174241_p4_c4_r3,2,293,1790437424084,0,1790437424086.096,35.003,45.122,1790437424167.232,Normal,0.932
WIX,18416,20260926-174241_p4_c4_r3,1224,perf_20260926-174241_p4_c4_r3,2,294,1790437424147,0,1790437424170.269,35.593,46.771,1790437424252.633,HATE,0.4387
WIX,18416,20260926-174241_p4_c4_r3,1226,perf_20260926-174241_p4_c4_r3,2,295,1790437424225,0,1790437424255.645,48.653,45.019,1790437424350.308,Normal,0.9765
WIX,18416,20260926-174241_p4_c4_r3,1237,perf_20260926-174241_p4_c4_r3,2,296,1790437424604,0,1790437424606.568,36.622,48.303,1790437424691.493,Normal,0.9761
WIX,18416,20260926-174241_p4_c4_r3,1244,perf_20260926-174241_p4_c4_r3,2,297,1790437424840,0,1790437424843.175,43.726,47.052,1790437424933.952,Normal,0.9604
WIX,18416,20260926-174241_p4_c4_r3,1248,perf_20260926-174241_p4_c4_r3,2,298,1790437424982,0,1790437424985.512,25.735,44.434,1790437425056.641,Normal,0.9423
WIX,18416,20260926-174241_p4_c4_r3,1249,perf_20260926-174241_p4_c4_r3,2,299,1790437425013,0,1790437425059.646,33.034,45.252,1790437425137.932,Normal,0.9556
WIX,18416,20260926-174241_p4_c4_r3,1254,perf_20260926-174241_p4_c4_r3,2,300,1790437425186,0,1790437425189.895,59.206,47.565,1790437425296.666,Normal,0.9677
WIX,18416,20260926-174241_p4_c4_r3,1260,perf_20260926-174241_p4_c4_r3,2,301,1790437425390,0,1790437425392.48,28.029,44.363,1790437425465.843,Normal,0.9453
WIX,18416,20260926-174241_p4_c4_r3,1266,perf_20260926-174241_p4_c4_r3,2,302,1790437425609,0,1790437425612.132,34.635,45.068,1790437425692.372,Normal,0.9547
WIX,18416,20260926-174241_p4_c4_r3,1270,perf_20260926-174241_p4_c4_r3,2,303,1790437425736,0,1790437425738.023,32.283,49.649,1790437425820.462,Normal,0.9274
WIX,18416,20260926-174241_p4_c4_r3,1277,perf_20260926-174241_p4_c4_r3,2,304,1790437425982,0,1790437425985.41,46.05,45.254,1790437426076.714,Normal,0.9497
WIX,18416,20260926-174241_p4_c4_r3,1278,perf_20260926-174241_p4_c4_r3,2,305,1790437426014,0,1790437426080.844,34.554,45.474,1790437426160.872,Normal,0.9105
WIX,18416,20260926-174241_p4_c4_r3,1284,perf_20260926-174241_p4_c4_r3,2,306,1790437426216,0,1790437426219.341,31.208,45.563,1790437426297.116,Normal,0.9008
WIX,18416,20260926-174241_p4_c4_r3,1286,perf_20260926-174241_p4_c4_r3,2,307,1790437426295,0,1790437426299.152,23.97,43.28,1790437426366.402,Normal,0.9537
WIX,18416,20260926-174241_p4_c4_r3,1291,perf_20260926-174241_p4_c4_r3,2,308,1790437426465,0,1790437426468.545,28.032,47.488,1790437426545.068,Normal,0.9788
WIX,18416,20260926-174241_p4_c4_r3,1292,perf_20260926-174241_p4_c4_r3,2,309,1790437426497,0,1790437426548.064,37.623,47.013,1790437426632.699,Normal,0.8965
WIX,18416,20260926-174241_p4_c4_r3,1297,perf_20260926-174241_p4_c4_r3,2,310,1790437426671,0,1790437426673.105,48.027,46.467,1790437426767.598,Normal,0.9775
WIX,18416,20260926-174241_p4_c4_r3,1298,perf_20260926-174241_p4_c4_r3,2,311,1790437426703,0,1790437426770.587,33.335,49.32,1790437426854.239,Normal,0.9584
WIX,18416,20260926-174241_p4_c4_r3,1305,perf_20260926-174241_p4_c4_r3,2,312,1790437426953,0,1790437426955.833,34.635,44.863,1790437427036.325,Normal,0.9475
WIX,18416,20260926-174241_p4_c4_r3,1307,perf_20260926-174241_p4_c4_r3,2,313,1790437427015,0,1790437427038.333,28.037,52.118,1790437427119.491,Normal,0.9375
WIX,18416,20260926-174241_p4_c4_r3,1308,perf_20260926-174241_p4_c4_r3,2,314,1790437427046,0,1790437427122.529,68.772,48.332,1790437427240.634,Normal,0.7337
WIX,18416,20260926-174241_p4_c4_r3,1309,perf_20260926-174241_p4_c4_r3,2,315,1790437427079,0,1790437427240.634,38.31,49.262,1790437427329.202,Normal,0.9694
WIX,18416,20260926-174241_p4_c4_r3,1315,perf_20260926-174241_p4_c4_r3,2,316,1790437427296,0,1790437427333.205,40.038,46.284,1790437427420.532,Normal,0.9523
WIX,18416,20260926-174241_p4_c4_r3,1318,perf_20260926-174241_p4_c4_r3,2,317,1790437427398,0,1790437427424.593,53.794,43.983,1790437427522.912,Normal,0.9479
WIX,18416,20260926-174241_p4_c4_r3,1320,perf_20260926-174241_p4_c4_r3,2,318,1790437427467,0,1790437427526.911,44.568,49.055,1790437427621.53,Normal,0.7209
WIX,18416,20260926-174241_p4_c4_r3,1323,perf_20260926-174241_p4_c4_r3,2,319,1790437427561,0,1790437427624.534,39.216,46.572,1790437427710.323,Normal,0.9394
WIX,18416,20260926-174241_p4_c4_r3,1325,perf_20260926-174241_p4_c4_r3,2,320,1790437427640,0,1790437427713.329,50.038,47.355,1790437427810.722,Normal,0.567
WIX,18416,20260926-174241_p4_c4_r3,1327,perf_20260926-174241_p4_c4_r3,2,321,1790437427703,0,1790437427811.741,46.158,45.806,1790437427904.219,Normal,0.958
WIX,18416,20260926-174241_p4_c4_r3,1330,perf_20260926-174241_p4_c4_r3,2,322,1790437427812,0,1790437427907.228,50.734,45.342,1790437428003.304,Normal,0.9194
WIX,18416,20260926-174241_p4_c4_r3,1339,perf_20260926-174241_p4_c4_r3,2,323,1790437428126,0,1790437428128.414,27.983,46.019,1790437428203.41,Normal,0.9479
WIX,18416,20260926-174241_p4_c4_r3,1340,perf_20260926-174241_p4_c4_r3,2,324,1790437428158,0,1790437428205.372,30.09,46.8,1790437428283.264,Normal,0.9438
WIX,18416,20260926-174241_p4_c4_r3,1345,perf_20260926-174241_p4_c4_r3,2,325,1790437428328,0,1790437428331.488,50.739,47.005,1790437428430.225,Normal,0.9447
WIX,18416,20260926-174241_p4_c4_r3,1348,perf_20260926-174241_p4_c4_r3,2,326,1790437428423,0,1790437428433.237,49.054,45.398,1790437428528.68,Normal,0.9727
WIX,18416,20260926-174241_p4_c4_r3,1353,perf_20260926-174241_p4_c4_r3,2,327,1790437428595,0,1790437428598.46,54.075,48.117,1790437428702.198,Normal,0.975
WIX,18416,20260926-174241_p4_c4_r3,1355,perf_20260926-174241_p4_c4_r3,2,328,1790437428674,0,1790437428705.197,92.688,46.02,1790437428844.862,Normal,0.9675
WIX,18416,20260926-174241_p4_c4_r3,1356,perf_20260926-174241_p4_c4_r3,2,329,1790437428706,0,1790437428847.876,27.403,49.64,1790437428925.892,Normal,0.9569
WIX,18416,20260926-174241_p4_c4_r3,1362,perf_20260926-174241_p4_c4_r3,2,330,1790437428908,0,1790437428927.896,35.549,43.076,1790437429006.521,Normal,0.9608
WIX,18416,20260926-174241_p4_c4_r3,1363,perf_20260926-174241_p4_c4_r3,2,331,1790437428940,0,1790437429009.524,35.036,50.29,1790437429094.85,Normal,0.9572
WIX,18416,20260926-174241_p4_c4_r3,1371,perf_20260926-174241_p4_c4_r3,2,332,1790437429224,0,1790437429226.949,38.282,48.094,1790437429314.292,Normal,0.9634
WIX,18416,20260926-174241_p4_c4_r3,1379,perf_20260926-174241_p4_c4_r3,2,333,1790437429505,0,1790437429508.719,28.004,46.047,1790437429582.771,Normal,0.9427
WIX,18416,20260926-174241_p4_c4_r3,1385,perf_20260926-174241_p4_c4_r3,2,334,1790437429710,0,1790437429713.644,29.973,49.619,1790437429793.236,Normal,0.9694
WIX,18416,20260926-174241_p4_c4_r3,1390,perf_20260926-174241_p4_c4_r3,2,335,1790437429882,0,1790437429885.376,23.03,46.686,1790437429956.086,Normal,0.9375
WIX,18416,20260926-174241_p4_c4_r3,1396,perf_20260926-174241_p4_c4_r3,2,336,1790437430086,0,1790437430088.378,30.02,44.72,1790437430163.118,Normal,0.9556
WIX,18416,20260926-174241_p4_c4_r3,1397,perf_20260926-174241_p4_c4_r3,2,337,1790437430118,0,1790437430165.132,42.257,44.044,1790437430251.433,Normal,0.9481
WIX,18416,20260926-174241_p4_c4_r3,1398,perf_20260926-174241_p4_c4_r3,2,338,1790437430149,0,1790437430251.433,38.134,49.366,1790437430339.932,Normal,0.9699
WIX,18416,20260926-174241_p4_c4_r3,1399,perf_20260926-174241_p4_c4_r3,2,339,1790437430180,0,1790437430342.815,33.863,45.141,1790437430421.819,Normal,0.9682
WIX,18416,20260926-174241_p4_c4_r3,1402,perf_20260926-174241_p4_c4_r3,2,340,1790437430290,0,1790437430421.819,43.548,43.591,1790437430508.958,Normal,0.9467
WIX,18416,20260926-174241_p4_c4_r3,1404,perf_20260926-174241_p4_c4_r3,2,341,1790437430368,0,1790437430511.962,67.536,46.861,1790437430626.359,OFFENSIVE,0.4954
WIX,18416,20260926-174241_p4_c4_r3,1414,perf_20260926-174241_p4_c4_r3,2,342,1790437430699,0,1790437430703.869,44.028,47.264,1790437430795.161,Normal,0.9386
WIX,18416,20260926-174241_p4_c4_r3,1419,perf_20260926-174241_p4_c4_r3,2,343,1790437430871,0,1790437430875.361,51.758,43.223,1790437430971.341,Normal,0.9629
WIX,18416,20260926-174241_p4_c4_r3,1420,perf_20260926-174241_p4_c4_r3,2,344,1790437430919,0,1790437430973.867,36.98,44.907,1790437431057.267,Normal,0.8593
WIX,18416,20260926-174241_p4_c4_r3,1422,perf_20260926-174241_p4_c4_r3,2,345,1790437430981,0,1790437431060.263,44.082,51.589,1790437431156.931,Normal,0.9597
WIX,18416,20260926-174241_p4_c4_r3,1430,perf_20260926-174241_p4_c4_r3,2,346,1790437431261,0,1790437431266.819,56.29,63.155,1790437431386.828,Normal,0.9375
WIX,18416,20260926-174241_p4_c4_r3,1446,perf_20260926-174241_p4_c4_r3,2,347,1790437431807,0,1790437431810.166,37.773,45.511,1790437431894.46,Normal,0.944
WIX,18416,20260926-174241_p4_c4_r3,1454,perf_20260926-174241_p4_c4_r3,2,348,1790437432088,0,1790437432093.121,59.542,48.047,1790437432200.71,Normal,0.9577
WIX,18416,20260926-174241_p4_c4_r3,1456,perf_20260926-174241_p4_c4_r3,2,349,1790437432150,0,1790437432206.247,55.341,47.638,1790437432310.224,Normal,0.9576
WIX,18416,20260926-174241_p4_c4_r3,1457,perf_20260926-174241_p4_c4_r3,2,350,1790437432181,0,1790437432310.224,48.39,48.291,1790437432406.905,Normal,0.9667
WIX,18416,20260926-174241_p4_c4_r3,1470,perf_20260926-174241_p4_c4_r3,2,351,1790437432636,0,1790437432641.296,54.674,46.617,1790437432743.583,Normal,0.9132
WIX,18416,20260926-174241_p4_c4_r3,1471,perf_20260926-174241_p4_c4_r3,2,352,1790437432668,0,1790437432746.584,169.203,45.79,1790437432962.124,Normal,0.8268
WIX,18416,20260926-174241_p4_c4_r3,1473,perf_20260926-174241_p4_c4_r3,2,353,1790437432747,0,1790437432967.124,42.232,47.737,1790437433057.093,Normal,0.9424
WIX,18416,20260926-174241_p4_c4_r3,1476,perf_20260926-174241_p4_c4_r3,2,354,1790437432841,0,1790437433058.123,55.344,50.392,1790437433164.878,Normal,0.9678
WIX,18416,20260926-174241_p4_c4_r3,1481,perf_20260926-174241_p4_c4_r3,2,355,1790437433012,0,1790437433167.39,46.305,47.124,1790437433260.819,Normal,0.8978
WIX,18416,20260926-174241_p4_c4_r3,1484,perf_20260926-174241_p4_c4_r3,2,356,1790437433122,0,1790437433261.342,42.988,47.199,1790437433352.533,Normal,0.89
WIX,18416,20260926-174241_p4_c4_r3,1487,perf_20260926-174241_p4_c4_r3,2,357,1790437433217,0,1790437433356.54,35.939,45.341,1790437433438.869,Normal,0.9348
WIX,18416,20260926-174241_p4_c4_r3,1488,perf_20260926-174241_p4_c4_r3,2,358,1790437433264,0,1790437433438.869,46.125,43.077,1790437433529.13,Normal,0.9148
WIX,18416,20260926-174241_p4_c4_r3,1490,perf_20260926-174241_p4_c4_r3,2,359,1790437433327,0,1790437433530.131,32.095,45.043,1790437433607.269,Normal,0.7759
WIX,18416,20260926-174241_p4_c4_r3,1494,perf_20260926-174241_p4_c4_r3,2,360,1790437433468,0,1790437433610.268,37.007,49.189,1790437433696.464,Normal,0.9649
WIX,18416,20260926-174241_p4_c4_r3,1497,perf_20260926-174241_p4_c4_r3,2,361,1790437433564,0,1790437433696.464,54.238,44.014,1790437433795.713,Normal,0.9631
WIX,18416,20260926-174241_p4_c4_r3,1498,perf_20260926-174241_p4_c4_r3,2,362,1790437433595,0,1790437433795.713,38.154,44.486,1790437433878.353,Normal,0.9655
WIX,18416,20260926-174241_p4_c4_r3,1503,perf_20260926-174241_p4_c4_r3,2,363,1790437433769,0,1790437433881.927,30.997,47.207,1790437433960.131,Normal,0.939
WIX,18416,20260926-174241_p4_c4_r3,1504,perf_20260926-174241_p4_c4_r3,2,364,1790437433801,0,1790437433960.131,48.976,44.975,1790437434055.09,Normal,0.6659
WIX,18416,20260926-174241_p4_c4_r3,1505,perf_20260926-174241_p4_c4_r3,2,365,1790437433848,0,1790437434056.095,30.611,45.005,1790437434133.708,Normal,0.7958
WIX,18416,20260926-174241_p4_c4_r3,1506,perf_20260926-174241_p4_c4_r3,2,366,1790437433879,0,1790437434136.72,63.837,45.392,1790437434246.509,HATE,0.6767
WIX,18416,20260926-174241_p4_c4_r3,1508,perf_20260926-174241_p4_c4_r3,2,367,1790437433942,0,1790437434246.509,41.048,50.952,1790437434338.508,Normal,0.9173
WIX,18416,20260926-174241_p4_c4_r3,1512,perf_20260926-174241_p4_c4_r3,2,368,1790437434084,0,1790437434338.508,31.591,47.586,1790437434418.726,OFFENSIVE,0.8825
WIX,18416,20260926-174241_p4_c4_r3,1515,perf_20260926-174241_p4_c4_r3,2,369,1790437434193,0,1790437434421.757,38.983,46.678,1790437434507.417,Normal,0.9642
WIX,18416,20260926-174241_p4_c4_r3,1518,perf_20260926-174241_p4_c4_r3,2,370,1790437434287,0,1790437434507.417,36.002,45.68,1790437434590.102,Normal,0.9556
WIX,18416,20260926-174241_p4_c4_r3,1519,perf_20260926-174241_p4_c4_r3,2,371,1790437434319,0,1790437434590.102,38.614,46.043,1790437434674.759,Normal,0.9475
WIX,18416,20260926-174241_p4_c4_r3,1521,perf_20260926-174241_p4_c4_r3,2,372,1790437434397,0,1790437434675.784,37.107,46.22,1790437434759.667,Normal,0.9675
WIX,18416,20260926-174241_p4_c4_r3,1525,perf_20260926-174241_p4_c4_r3,2,373,1790437434538,0,1790437434762.666,39.447,59.982,1790437434863.092,Normal,0.9545
WIX,18416,20260926-174241_p4_c4_r3,1533,perf_20260926-174241_p4_c4_r3,2,374,1790437434805,0,1790437434867.094,40.987,46.731,1790437434954.812,Normal,0.8626
WIX,18416,20260926-174241_p4_c4_r3,1535,perf_20260926-174241_p4_c4_r3,2,375,1790437434884,0,1790437434958.823,59.714,47.015,1790437435066.551,Normal,0.5226
WIX,18416,20260926-174241_p4_c4_r3,1537,perf_20260926-174241_p4_c4_r3,2,376,1790437434947,0,1790437435066.551,41.322,48.016,1790437435156.888,Normal,0.8772
WIX,18416,20260926-174241_p4_c4_r3,1538,perf_20260926-174241_p4_c4_r3,2,377,1790437434979,0,1790437435160.895,90.695,45.656,1790437435298.244,Normal,0.9766
WIX,18416,20260926-174241_p4_c4_r3,1542,perf_20260926-174241_p4_c4_r3,2,378,1790437435118,0,1790437435298.244,45.007,47.161,1790437435391.421,Normal,0.9259
WIX,18416,20260926-174241_p4_c4_r3,1543,perf_20260926-174241_p4_c4_r3,2,379,1790437435150,0,1790437435391.421,42.635,46.167,1790437435480.222,Normal,0.9708
WIX,18416,20260926-174241_p4_c4_r3,1555,perf_20260926-174241_p4_c4_r3,2,380,1790437435575,0,1790437435578.255,53.165,45.961,1790437435678.374,Normal,0.9674
WIX,18416,20260926-174241_p4_c4_r3,1564,perf_20260926-174241_p4_c4_r3,2,381,1790437435873,0,1790437435877.847,88.697,44.052,1790437436011.182,Normal,0.9806
WIX,18416,20260926-174241_p4_c4_r3,1568,perf_20260926-174241_p4_c4_r3,2,382,1790437436013,0,1790437436015.18,48.015,49.847,1790437436114.042,Normal,0.9441
WIX,18416,20260926-174241_p4_c4_r3,1574,perf_20260926-174241_p4_c4_r3,2,383,1790437436217,0,1790437436220.314,36.044,45.462,1790437436302.774,Normal,0.9556
WIX,18416,20260926-174241_p4_c4_r3,1576,perf_20260926-174241_p4_c4_r3,2,384,1790437436295,0,1790437436305.811,47.546,50.108,1790437436403.465,Normal,0.9284
WIX,18416,20260926-174241_p4_c4_r3,1585,perf_20260926-174241_p4_c4_r3,2,385,1790437436609,0,1790437436611.24,38.084,46.555,1790437436695.879,Normal,0.9728
WIX,18416,20260926-174241_p4_c4_r3,1590,perf_20260926-174241_p4_c4_r3,2,386,1790437436781,0,1790437436783.923,35.259,49.469,1790437436868.652,Normal,0.9215
WIX,18416,20260926-174241_p4_c4_r3,1595,perf_20260926-174241_p4_c4_r3,2,387,1790437436939,0,1790437436942.329,26.017,46.756,1790437437015.102,Normal,0.9715
WIX,18416,20260926-174241_p4_c4_r3,1600,perf_20260926-174241_p4_c4_r3,2,388,1790437437112,0,1790437437114.375,35.994,46.14,1790437437197.509,OFFENSIVE,0.7953
WIX,18416,20260926-174241_p4_c4_r3,1605,perf_20260926-174241_p4_c4_r3,2,389,1790437437285,0,1790437437289.446,36.949,48.321,1790437437374.717,Normal,0.9512
WIX,18416,20260926-174241_p4_c4_r3,1610,perf_20260926-174241_p4_c4_r3,2,390,1790437437457,0,1790437437459.284,39.688,44.972,1790437437546.968,Normal,0.9385
WIX,18416,20260926-174241_p4_c4_r3,1613,perf_20260926-174241_p4_c4_r3,2,391,1790437437569,0,1790437437572.071,32.213,45.003,1790437437650.282,Normal,0.9635
WIX,18416,20260926-174241_p4_c4_r3,1615,perf_20260926-174241_p4_c4_r3,2,392,1790437437632,0,1790437437653.279,30.853,47.949,1790437437732.081,Normal,0.9423
WIX,18416,20260926-174241_p4_c4_r3,1617,perf_20260926-174241_p4_c4_r3,2,393,1790437437711,0,1790437437735.078,58.364,51.585,1790437437846.039,Normal,0.9353
WIX,18416,20260926-174241_p4_c4_r3,1620,perf_20260926-174241_p4_c4_r3,2,394,1790437437806,0,1790437437848.548,28.069,49.461,1790437437927.127,Normal,0.9423
WIX,18416,20260926-174241_p4_c4_r3,1625,perf_20260926-174241_p4_c4_r3,2,395,1790437437976,0,1790437437979.751,43.691,46.06,1790437438070.513,Normal,0.954
WIX,18416,20260926-174241_p4_c4_r3,1626,perf_20260926-174241_p4_c4_r3,2,396,1790437438022,0,1790437438073.512,40.747,48.609,1790437438163.869,Normal,0.9373
WIX,18416,20260926-174241_p4_c4_r3,1634,perf_20260926-174241_p4_c4_r3,2,397,1790437438287,0,1790437438290.09,60.957,43.324,1790437438394.88,Normal,0.8795
WIX,18416,20260926-174241_p4_c4_r3,1635,perf_20260926-174241_p4_c4_r3,2,398,1790437438334,0,1790437438398.98,38.013,44.032,1790437438482.022,Normal,0.9324
WIX,18416,20260926-174241_p4_c4_r3,1636,perf_20260926-174241_p4_c4_r3,2,399,1790437438365,0,1790437438483.024,45.685,44.214,1790437438573.926,Normal,0.9536
WIX,18416,20260926-174241_p4_c4_r3,1651,perf_20260926-174241_p4_c4_r3,2,400,1790437438871,0,1790437438874.894,36.851,46.304,1790437438958.049,Normal,0.9724
WIX,18416,20260926-174241_p4_c4_r3,1671,perf_20260926-174241_p4_c4_r3,2,401,1790437439565,0,1790437439568.283,41.738,46.628,1790437439656.649,Normal,0.9423
WIX,18416,20260926-174241_p4_c4_r3,1675,perf_20260926-174241_p4_c4_r3,2,402,1790437439706,0,1790437439708.364,35.005,46.805,1790437439791.172,Normal,0.8661
WIX,18416,20260926-174241_p4_c4_r3,1680,perf_20260926-174241_p4_c4_r3,2,403,1790437439878,0,1790437439880.079,34.787,46.955,1790437439961.821,Normal,0.8959
WIX,18416,20260926-174241_p4_c4_r3,1682,perf_20260926-174241_p4_c4_r3,2,404,1790437439940,0,1790437439963.821,42.019,44.54,1790437440050.38,Normal,0.9592
WIX,18416,20260926-174241_p4_c4_r3,1692,perf_20260926-174241_p4_c4_r3,2,405,1790437440299,0,1790437440301.834,58.996,48.579,1790437440410.412,Normal,0.9544
WIX,18416,20260926-174241_p4_c4_r3,1693,perf_20260926-174241_p4_c4_r3,2,406,1790437440330,0,1790437440413.406,49.783,47.916,1790437440511.105,Normal,0.9657
WIX,18416,20260926-174241_p4_c4_r3,1697,perf_20260926-174241_p4_c4_r3,2,407,1790437440470,0,1790437440513.105,35.007,44.545,1790437440592.657,Normal,0.9319
WIX,18416,20260926-174241_p4_c4_r3,1699,perf_20260926-174241_p4_c4_r3,2,408,1790437440532,0,1790437440596.657,34.225,47.789,1790437440678.671,Normal,0.9423
WIX,18416,20260926-174241_p4_c4_r3,1701,perf_20260926-174241_p4_c4_r3,2,409,1790437440610,0,1790437440680.674,33.357,42.994,1790437440758.026,Normal,0.5379
WIX,18416,20260926-174241_p4_c4_r3,1704,perf_20260926-174241_p4_c4_r3,2,410,1790437440704,0,1790437440761.025,142.434,47.001,1790437440951.46,Normal,0.9762
WIX,18416,20260926-174241_p4_c4_r3,1709,perf_20260926-174241_p4_c4_r3,2,411,1790437440878,0,1790437440954.461,29.535,44.808,1790437441030.096,Normal,0.9565
WIX,18416,20260926-174241_p4_c4_r3,1715,perf_20260926-174241_p4_c4_r3,2,412,1790437441082,0,1790437441085.387,36.854,46.986,1790437441170.22,Normal,0.9733
WIX,18416,20260926-174241_p4_c4_r3,1716,perf_20260926-174241_p4_c4_r3,2,413,1790437441114,0,1790437441173.22,45.66,45.565,1790437441265.437,Normal,0.9519
WIX,18416,20260926-174241_p4_c4_r3,1722,perf_20260926-174241_p4_c4_r3,2,414,1790437441333,0,1790437441336.379,41.068,49.479,1790437441427.902,Normal,0.9438
WIX,18416,20260926-174241_p4_c4_r3,1725,perf_20260926-174241_p4_c4_r3,2,415,1790437441427,0,1790437441431.905,41.698,46.128,1790437441519.731,Normal,0.9377
WIX,18416,20260926-174241_p4_c4_r3,1731,perf_20260926-174241_p4_c4_r3,2,416,1790437441632,0,1790437441634.362,41.152,43.187,1790437441718.702,Normal,0.7255
WIX,18416,20260926-174241_p4_c4_r3,1732,perf_20260926-174241_p4_c4_r3,2,417,1790437441664,0,1790437441721.702,57.02,48.107,1790437441827.833,Normal,0.9594
WIX,18416,20260926-174241_p4_c4_r3,1733,perf_20260926-174241_p4_c4_r3,2,418,1790437441710,0,1790437441827.833,40.043,47.012,1790437441915.888,Normal,0.9262
WIX,18416,20260926-174241_p4_c4_r3,1736,perf_20260926-174241_p4_c4_r3,2,419,1790437441805,0,1790437441917.898,27.042,43.193,1790437441988.718,Normal,0.931
WIX,18416,20260926-174241_p4_c4_r3,1742,perf_20260926-174241_p4_c4_r3,2,420,1790437442009,0,1790437442011.901,25.002,43.939,1790437442081.84,Normal,0.6578
WIX,18416,20260926-174241_p4_c4_r3,1744,perf_20260926-174241_p4_c4_r3,2,421,1790437442088,0,1790437442091.884,33.034,45.084,1790437442170.002,Normal,0.7282
WIX,18416,20260926-174241_p4_c4_r3,1749,perf_20260926-174241_p4_c4_r3,2,422,1790437442260,0,1790437442263.289,51.043,47.413,1790437442362.735,Normal,0.9775
WIX,18416,20260926-174241_p4_c4_r3,1750,perf_20260926-174241_p4_c4_r3,2,423,1790437442291,0,1790437442366.288,39.392,46.89,1790437442453.568,Normal,0.9632
WIX,18416,20260926-174241_p4_c4_r3,1755,perf_20260926-174241_p4_c4_r3,2,424,1790437442462,0,1790437442467.12,43.222,46.617,1790437442557.993,Normal,0.9171
WIX,18416,20260926-174241_p4_c4_r3,1757,perf_20260926-174241_p4_c4_r3,2,425,1790437442541,0,1790437442560.832,46.748,49.733,1790437442658.313,Normal,0.9121
WIX,18416,20260926-174241_p4_c4_r3,1758,perf_20260926-174241_p4_c4_r3,2,426,1790437442573,0,1790437442662.309,48.302,45.666,1790437442757.26,Normal,0.9116
WIX,18416,20260926-174241_p4_c4_r3,1760,perf_20260926-174241_p4_c4_r3,2,427,1790437442635,0,1790437442757.26,63.764,53.906,1790437442874.93,Normal,0.9671
WIX,18416,20260926-174241_p4_c4_r3,1762,perf_20260926-174241_p4_c4_r3,2,428,1790437442699,0,1790437442878.943,77.135,48.809,1790437443005.997,Normal,0.9116
WIX,18416,20260926-174241_p4_c4_r3,1768,perf_20260926-174241_p4_c4_r3,2,429,1790437442917,0,1790437443016.02,40.316,45.03,1790437443101.365,Normal,0.9566
WIX,18416,20260926-174241_p4_c4_r3,1769,perf_20260926-174241_p4_c4_r3,2,430,1790437442948,0,1790437443101.365,63.873,45.103,1790437443210.341,Normal,0.7276
WIX,18416,20260926-174241_p4_c4_r3,1770,perf_20260926-174241_p4_c4_r3,2,431,1790437442979,0,1790437443210.341,46.304,51.184,1790437443308.834,Normal,0.9693
WIX,18416,20260926-174241_p4_c4_r3,1771,perf_20260926-174241_p4_c4_r3,2,432,1790437443009,0,1790437443311.832,39.529,47.631,1790437443398.991,Normal,0.368
WIX,18416,20260926-174241_p4_c4_r3,1779,perf_20260926-174241_p4_c4_r3,2,433,1790437443293,0,1790437443399.988,37.251,49.992,1790437443488.231,Normal,0.9685
WIX,18416,20260926-174241_p4_c4_r3,1780,perf_20260926-174241_p4_c4_r3,2,434,1790437443324,0,1790437443491.756,60.575,57.791,1790437443610.123,Normal,0.9501
WIX,18416,20260926-174241_p4_c4_r3,1802,perf_20260926-174241_p4_c4_r3,2,435,1790437444089,0,1790437444091.44,58.39,44.723,1790437444195.546,Normal,0.967
WIX,18416,20260926-174241_p4_c4_r3,1804,perf_20260926-174241_p4_c4_r3,2,436,1790437444151,0,1790437444197.543,49.414,45.94,1790437444292.898,Normal,0.8519
WIX,18416,20260926-174241_p4_c4_r3,1812,perf_20260926-174241_p4_c4_r3,2,437,1790437444433,0,1790437444435.36,39.029,42.763,1790437444518.166,Normal,0.9681
WIX,18416,20260926-174241_p4_c4_r3,1817,perf_20260926-174241_p4_c4_r3,2,438,1790437444606,0,1790437444608.922,33.471,45.717,1790437444688.111,Normal,0.7166
WIX,18416,20260926-174241_p4_c4_r3,1818,perf_20260926-174241_p4_c4_r3,2,439,1790437444637,0,1790437444691.658,45.931,45.745,1790437444783.894,Normal,0.9449
WIX,18416,20260926-174241_p4_c4_r3,1820,perf_20260926-174241_p4_c4_r3,2,440,1790437444701,0,1790437444786.9,31.347,46.611,1790437444866.206,Normal,0.9531
WIX,18416,20260926-174241_p4_c4_r3,1822,perf_20260926-174241_p4_c4_r3,2,441,1790437444779,0,1790437444866.206,43.672,47.938,1790437444958.812,Normal,0.9402
WIX,18416,20260926-174241_p4_c4_r3,1828,perf_20260926-174241_p4_c4_r3,2,442,1790437444982,0,1790437444986.196,53.763,44.667,1790437445086.146,Normal,0.9453
WIX,18416,20260926-174241_p4_c4_r3,1830,perf_20260926-174241_p4_c4_r3,2,443,1790437445045,0,1790437445088.144,38.734,43.96,1790437445171.877,Normal,0.9713
WIX,18416,20260926-174241_p4_c4_r3,1831,perf_20260926-174241_p4_c4_r3,2,444,1790437445091,0,1790437445174.916,37.135,45.743,1790437445257.794,Normal,0.9652
WIX,18416,20260926-174241_p4_c4_r3,1834,perf_20260926-174241_p4_c4_r3,2,445,1790437445186,0,1790437445259.795,38.717,45.0,1790437445344.506,Normal,0.9464
WIX,18416,20260926-174241_p4_c4_r3,1840,perf_20260926-174241_p4_c4_r3,2,446,1790437445391,0,1790437445395.137,36.153,46.57,1790437445477.86,Normal,0.9407
WIX,18416,20260926-174241_p4_c4_r3,1842,perf_20260926-174241_p4_c4_r3,2,447,1790437445468,0,1790437445480.888,32.805,44.396,1790437445559.07,Normal,0.9645
WIX,18416,20260926-174241_p4_c4_r3,1843,perf_20260926-174241_p4_c4_r3,2,448,1790437445500,0,1790437445562.069,60.695,45.869,1790437445668.633,Normal,0.9752
WIX,18416,20260926-174241_p4_c4_r3,1846,perf_20260926-174241_p4_c4_r3,2,449,1790437445610,0,1790437445670.633,50.862,43.688,1790437445766.146,OFFENSIVE,0.9314
WIX,18416,20260926-174241_p4_c4_r3,1848,perf_20260926-174241_p4_c4_r3,2,450,1790437445672,0,1790437445768.151,27.562,44.125,1790437445839.838,Normal,0.9556
WIX,18416,20260926-174241_p4_c4_r3,1850,perf_20260926-174241_p4_c4_r3,2,451,1790437445735,0,1790437445840.841,61.528,49.278,1790437445952.2,Normal,0.9192
WIX,18416,20260926-174241_p4_c4_r3,1856,perf_20260926-174241_p4_c4_r3,2,452,1790437445951,0,1790437445955.508,55.603,45.032,1790437446056.142,Normal,0.8644
WIX,18416,20260926-174241_p4_c4_r3,1857,perf_20260926-174241_p4_c4_r3,2,453,1790437445982,0,1790437446059.134,70.904,45.293,1790437446176.33,Normal,0.9595
WIX,18416,20260926-174241_p4_c4_r3,1858,perf_20260926-174241_p4_c4_r3,2,454,1790437446013,0,1790437446176.33,55.723,46.411,1790437446279.463,Normal,0.9756
WIX,18416,20260926-174241_p4_c4_r3,1862,perf_20260926-174241_p4_c4_r3,2,455,1790437446151,0,1790437446282.447,63.37,47.665,1790437446393.482,Normal,0.9585
WIX,18416,20260926-174241_p4_c4_r3,1865,perf_20260926-174241_p4_c4_r3,2,456,1790437446260,0,1790437446393.482,31.152,46.159,1790437446470.794,Normal,0.9503
WIX,18416,20260926-174241_p4_c4_r3,1866,perf_20260926-174241_p4_c4_r3,2,457,1790437446292,0,1790437446473.796,31.75,45.897,1790437446552.485,Normal,0.9536
WIX,18416,20260926-174241_p4_c4_r3,1869,perf_20260926-174241_p4_c4_r3,2,458,1790437446402,0,1790437446552.485,45.786,47.766,1790437446646.568,Normal,0.9733
WIX,18416,20260926-174241_p4_c4_r3,1872,perf_20260926-174241_p4_c4_r3,2,459,1790437446496,0,1790437446649.582,34.81,45.792,1790437446730.185,Normal,0.903
WIX,18416,20260926-174241_p4_c4_r3,1874,perf_20260926-174241_p4_c4_r3,2,460,1790437446574,0,1790437446730.185,43.021,45.327,1790437446819.533,OFFENSIVE,0.4948
WIX,18416,20260926-174241_p4_c4_r3,1878,perf_20260926-174241_p4_c4_r3,2,461,1790437446699,0,1790437446822.534,42.658,45.555,1790437446911.752,Normal,0.9663
WIX,18416,20260926-174241_p4_c4_r3,1882,perf_20260926-174241_p4_c4_r3,2,462,1790437446840,0,1790437446914.297,51.178,46.3,1790437447012.74,Normal,0.9677
WIX,18416,20260926-174241_p4_c4_r3,1885,perf_20260926-174241_p4_c4_r3,2,463,1790437446949,0,1790437447016.059,38.005,45.368,1790437447099.432,Normal,0.9102
WIX,18416,20260926-174241_p4_c4_r3,1888,perf_20260926-174241_p4_c4_r3,2,464,1790437447057,0,1790437447102.44,49.594,51.394,1790437447203.428,Normal,0.951
WIX,18416,20260926-174241_p4_c4_r3,1891,perf_20260926-174241_p4_c4_r3,2,465,1790437447151,0,1790437447206.114,53.877,50.65,1790437447311.611,Normal,0.9225
WIX,18416,20260926-174241_p4_c4_r3,1894,perf_20260926-174241_p4_c4_r3,2,466,1790437447260,0,1790437447314.646,25.002,47.879,1790437447387.527,Normal,0.955
WIX,18416,20260926-174241_p4_c4_r3,1896,perf_20260926-174241_p4_c4_r3,2,467,1790437447323,0,1790437447390.566,29.995,46.781,1790437447468.341,Normal,0.8701
WIX,18416,20260926-174241_p4_c4_r3,1897,perf_20260926-174241_p4_c4_r3,2,468,1790437447353,0,1790437447469.344,32.045,44.853,1790437447547.245,Normal,0.955
WIX,18416,20260926-174241_p4_c4_r3,1907,perf_20260926-174241_p4_c4_r3,2,469,1790437447712,0,1790437447715.113,73.721,43.419,1790437447833.209,Normal,0.9476
WIX,18416,20260926-174241_p4_c4_r3,1911,perf_20260926-174241_p4_c4_r3,2,470,1790437447839,0,1790437447841.215,38.007,45.088,1790437447925.313,Normal,0.9208
WIX,18416,20260926-174241_p4_c4_r3,1919,perf_20260926-174241_p4_c4_r3,2,471,1790437448125,0,1790437448128.273,32.959,49.124,1790437448210.357,Normal,0.9546
WIX,18416,20260926-174241_p4_c4_r3,1929,perf_20260926-174241_p4_c4_r3,2,472,1790437448471,0,1790437448473.348,40.67,42.676,1790437448560.481,Normal,0.8965
WIX,18416,20260926-174241_p4_c4_r3,1934,perf_20260926-174241_p4_c4_r3,2,473,1790437448630,0,1790437448633.277,34.127,43.768,1790437448712.164,Normal,0.9663
WIX,18416,20260926-174241_p4_c4_r3,1940,perf_20260926-174241_p4_c4_r3,2,474,1790437448847,0,1790437448849.821,29.037,43.005,1790437448922.863,Normal,0.9375
WIX,18416,20260926-174241_p4_c4_r3,1943,perf_20260926-174241_p4_c4_r3,2,475,1790437448940,0,1790437448942.524,33.006,44.926,1790437449021.452,Normal,0.9515
WIX,18416,20260926-174241_p4_c4_r3,1944,perf_20260926-174241_p4_c4_r3,2,476,1790437448988,0,1790437449024.47,35.995,47.08,1790437449108.549,Normal,0.9604
WIX,18416,20260926-174241_p4_c4_r3,1946,perf_20260926-174241_p4_c4_r3,2,477,1790437449050,0,1790437449111.55,43.603,41.932,1790437449198.086,Normal,0.9575
WIX,18416,20260926-174241_p4_c4_r3,1949,perf_20260926-174241_p4_c4_r3,2,478,1790437449160,0,1790437449201.085,70.441,44.6,1790437449317.124,Normal,0.5208
WIX,18416,20260926-174241_p4_c4_r3,1953,perf_20260926-174241_p4_c4_r3,2,479,1790437449285,0,1790437449320.135,53.005,44.16,1790437449418.302,Normal,0.849
WIX,18416,20260926-174241_p4_c4_r3,1963,perf_20260926-174241_p4_c4_r3,2,480,1790437449632,0,1790437449634.903,59.655,46.047,1790437449740.605,Normal,0.9638
WIX,18416,20260926-174241_p4_c4_r3,1964,perf_20260926-174241_p4_c4_r3,2,481,1790437449678,0,1790437449744.634,49.056,46.22,1790437449839.911,Normal,0.9565
WIX,18416,20260926-174241_p4_c4_r3,1970,perf_20260926-174241_p4_c4_r3,2,482,1790437449883,0,1790437449886.161,40.695,44.997,1790437449971.854,Normal,0.968
WIX,18416,20260926-174241_p4_c4_r3,1972,perf_20260926-174241_p4_c4_r3,2,483,1790437449945,0,1790437449974.851,29.671,43.705,1790437450049.217,Normal,0.9089
WIX,18416,20260926-174241_p4_c4_r3,1973,perf_20260926-174241_p4_c4_r3,2,484,1790437449977,0,1790437450052.214,29.005,48.303,1790437450129.522,Normal,0.9757
WIX,18416,20260926-174241_p4_c4_r3,1975,perf_20260926-174241_p4_c4_r3,2,485,1790437450056,0,1790437450132.555,28.96,46.602,1790437450209.088,Normal,0.9639
WIX,18416,20260926-174241_p4_c4_r3,1986,perf_20260926-174241_p4_c4_r3,2,486,1790437450436,0,1790437450439.104,58.578,51.388,1790437450549.071,Normal,0.8788
WIX,18416,20260926-174241_p4_c4_r3,1992,perf_20260926-174241_p4_c4_r3,2,487,1790437450638,0,1790437450641.368,37.002,44.945,1790437450724.328,Normal,0.5639
WIX,18416,20260926-174241_p4_c4_r3,1995,perf_20260926-174241_p4_c4_r3,2,488,1790437450747,0,1790437450750.839,30.769,45.631,1790437450828.195,Normal,0.9664
WIX,18416,20260926-174241_p4_c4_r3,1996,perf_20260926-174241_p4_c4_r3,2,489,1790437450777,0,1790437450831.189,39.002,48.841,1790437450919.032,Normal,0.9635
WIX,18416,20260926-174241_p4_c4_r3,2010,perf_20260926-174241_p4_c4_r3,2,490,1790437451263,0,1790437451265.063,33.228,45.125,1790437451344.848,Normal,0.9452
WIX,18416,20260926-174241_p4_c4_r3,2011,perf_20260926-174241_p4_c4_r3,2,491,1790437451295,0,1790437451347.864,38.021,45.029,1790437451431.91,Normal,0.9407
WIX,18416,20260926-174241_p4_c4_r3,2014,perf_20260926-174241_p4_c4_r3,2,492,1790437451389,0,1790437451434.907,67.554,47.887,1790437451551.347,Normal,0.9778
WIX,18416,20260926-174241_p4_c4_r3,2018,perf_20260926-174241_p4_c4_r3,2,493,1790437451530,0,1790437451554.343,56.65,46.906,1790437451658.895,Normal,0.776
WIX,18416,20260926-174241_p4_c4_r3,2020,perf_20260926-174241_p4_c4_r3,2,494,1790437451594,0,1790437451661.138,32.779,46.254,1790437451741.169,Normal,0.907
WIX,18416,20260926-174241_p4_c4_r3,2021,perf_20260926-174241_p4_c4_r3,2,495,1790437451641,0,1790437451741.169,33.007,49.891,1790437451825.058,Normal,0.9357
WIX,18416,20260926-174241_p4_c4_r3,2023,perf_20260926-174241_p4_c4_r3,2,496,1790437451703,0,1790437451828.084,37.632,44.621,1790437451911.336,Normal,0.965
WIX,18416,20260926-174241_p4_c4_r3,2025,perf_20260926-174241_p4_c4_r3,2,497,1790437451781,0,1790437451912.341,32.631,45.2,1790437451991.17,Normal,0.9277
WIX,18416,20260926-174241_p4_c4_r3,2030,perf_20260926-174241_p4_c4_r3,2,498,1790437451939,0,1790437451993.182,36.186,45.949,1790437452076.313,Normal,0.9562
WIX,18416,20260926-174241_p4_c4_r3,2031,perf_20260926-174241_p4_c4_r3,2,499,1790437451987,0,1790437452076.313,44.706,42.999,1790437452164.018,Normal,0.949
WIX,18416,20260926-174241_p4_c4_r3,2037,perf_20260926-174241_p4_c4_r3,2,500,1790437452191,0,1790437452193.06,34.056,44.488,1790437452271.605,Normal,0.9601
WIX,18416,20260926-174241_p4_c4_r3,2038,perf_20260926-174241_p4_c4_r3,2,501,1790437452222,0,1790437452274.609,43.833,48.838,1790437452368.331,Normal,0.966
WIX,18416,20260926-174241_p4_c4_r3,2046,perf_20260926-174241_p4_c4_r3,2,502,1790437452504,0,1790437452507.371,30.193,45.335,1790437452583.898,Normal,0.9267
WIX,18416,20260926-174241_p4_c4_r3,2055,perf_20260926-174241_p4_c4_r3,2,503,1790437452802,0,1790437452805.082,52.214,44.634,1790437452902.958,Normal,0.7212
WIX,18416,20260926-174241_p4_c4_r3,2061,perf_20260926-174241_p4_c4_r3,2,504,1790437453021,0,1790437453023.866,42.614,48.085,1790437453114.565,Normal,0.9105
WIX,18416,20260926-174241_p4_c4_r3,2064,perf_20260926-174241_p4_c4_r3,2,505,1790437453116,0,1790437453119.192,50.949,45.795,1790437453216.952,Normal,0.9126
WIX,18416,20260926-174241_p4_c4_r3,2070,perf_20260926-174241_p4_c4_r3,2,506,1790437453331,0,1790437453334.889,34.008,43.73,1790437453413.821,Normal,0.6564
WIX,18416,20260926-174241_p4_c4_r3,2076,perf_20260926-174241_p4_c4_r3,2,507,1790437453534,0,1790437453537.22,25.001,46.009,1790437453609.21,Normal,0.9698
WIX,18416,20260926-174241_p4_c4_r3,2077,perf_20260926-174241_p4_c4_r3,2,508,1790437453565,0,1790437453612.218,34.158,50.843,1790437453697.219,Normal,0.936
WIX,18416,20260926-174241_p4_c4_r3,2078,perf_20260926-174241_p4_c4_r3,2,509,1790437453597,0,1790437453698.219,39.734,44.576,1790437453783.524,Normal,0.8663
WIX,18416,20260926-174241_p4_c4_r3,2080,perf_20260926-174241_p4_c4_r3,2,510,1790437453676,0,1790437453786.533,38.578,51.906,1790437453877.017,Normal,0.9375
WIX,18416,20260926-174241_p4_c4_r3,2081,perf_20260926-174241_p4_c4_r3,2,511,1790437453707,0,1790437453877.586,54.087,45.796,1790437453977.469,Normal,0.9498
WIX,18416,20260926-174241_p4_c4_r3,2084,perf_20260926-174241_p4_c4_r3,2,512,1790437453802,0,1790437453980.593,43.68,43.978,1790437454069.306,Normal,0.9469
WIX,18416,20260926-174241_p4_c4_r3,2090,perf_20260926-174241_p4_c4_r3,2,513,1790437454019,0,1790437454073.337,51.292,50.08,1790437454174.709,OFFENSIVE,0.724
WIX,18416,20260926-174241_p4_c4_r3,2091,perf_20260926-174241_p4_c4_r3,2,514,1790437454050,0,1790437454175.717,72.029,45.997,1790437454294.735,Normal,0.9661
WIX,18416,20260926-174241_p4_c4_r3,2096,perf_20260926-174241_p4_c4_r3,2,515,1790437454224,0,1790437454297.748,52.988,52.975,1790437454404.708,Normal,0.9285
WIX,18416,20260926-174241_p4_c4_r3,2097,perf_20260926-174241_p4_c4_r3,2,516,1790437454254,0,1790437454404.708,57.068,46.778,1790437454508.553,Normal,0.966
WIX,18416,20260926-174241_p4_c4_r3,2103,perf_20260926-174241_p4_c4_r3,2,517,1790437454458,0,1790437454511.551,41.776,51.483,1790437454604.811,Normal,0.9684
WIX,18416,20260926-174241_p4_c4_r3,2111,perf_20260926-174241_p4_c4_r3,2,518,1790437454743,0,1790437454746.293,50.123,44.181,1790437454841.595,Normal,0.963
WIX,18416,20260926-174241_p4_c4_r3,2112,perf_20260926-174241_p4_c4_r3,2,519,1790437454775,0,1790437454845.597,37.882,50.339,1790437454934.814,Normal,0.9375
WIX,18416,20260926-174241_p4_c4_r3,2113,perf_20260926-174241_p4_c4_r3,2,520,1790437454807,0,1790437454934.814,54.604,44.56,1790437455033.979,Normal,0.9277
WIX,18416,20260926-174241_p4_c4_r3,2115,perf_20260926-174241_p4_c4_r3,2,521,1790437454885,0,1790437455036.982,113.008,46.07,1790437455196.06,Normal,0.9495
WIX,18416,20260926-174241_p4_c4_r3,2116,perf_20260926-174241_p4_c4_r3,2,522,1790437454916,0,1790437455197.064,65.829,46.154,1790437455310.042,Normal,0.9658
WIX,18416,20260926-174241_p4_c4_r3,2120,perf_20260926-174241_p4_c4_r3,2,523,1790437455058,0,1790437455314.898,66.136,47.03,1790437455429.06,Normal,0.9694
WIX,18416,20260926-174241_p4_c4_r3,2133,perf_20260926-174241_p4_c4_r3,2,524,1790437455497,0,1790437455499.846,39.392,43.003,1790437455583.233,Normal,0.9568
WIX,18416,20260926-174241_p4_c4_r3,2135,perf_20260926-174241_p4_c4_r3,2,525,1790437455576,0,1790437455586.243,52.599,46.6,1790437455685.441,Normal,0.8014
WIX,18416,20260926-174241_p4_c4_r3,2141,perf_20260926-174241_p4_c4_r3,2,526,1790437455767,0,1790437455770.01,31.069,55.347,1790437455856.426,Normal,0.9682
WIX,18416,20260926-174241_p4_c4_r3,2145,perf_20260926-174241_p4_c4_r3,2,527,1790437455906,0,1790437455909.867,57.407,43.511,1790437456010.785,Normal,0.9665
WIX,18416,20260926-174241_p4_c4_r3,2146,perf_20260926-174241_p4_c4_r3,2,528,1790437455952,0,1790437456013.781,49.139,47.194,1790437456111.114,Normal,0.9678
WIX,18416,20260926-174241_p4_c4_r3,2149,perf_20260926-174241_p4_c4_r3,2,529,1790437456046,0,1790437456113.153,38.774,46.025,1790437456197.951,Normal,0.9514
WIX,18416,20260926-174241_p4_c4_r3,2150,perf_20260926-174241_p4_c4_r3,2,530,1790437456078,0,1790437456197.951,51.786,47.202,1790437456297.942,Normal,0.9577
WIX,18416,20260926-174241_p4_c4_r3,2155,perf_20260926-174241_p4_c4_r3,2,531,1790437456251,0,1790437456300.946,65.138,49.139,1790437456415.223,Normal,0.9692
WIX,18416,20260926-174241_p4_c4_r3,2160,perf_20260926-174241_p4_c4_r3,2,532,1790437456424,0,1790437456427.238,50.157,43.879,1790437456522.266,Normal,0.9521
WIX,18416,20260926-174241_p4_c4_r3,2161,perf_20260926-174241_p4_c4_r3,2,533,1790437456471,0,1790437456524.261,32.693,45.402,1790437456603.348,Normal,0.943
WIX,18416,20260926-174241_p4_c4_r3,2162,perf_20260926-174241_p4_c4_r3,2,534,1790437456502,0,1790437456603.348,44.459,47.627,1790437456696.428,Normal,0.9516
WIX,18416,20260926-174241_p4_c4_r3,2168,perf_20260926-174241_p4_c4_r3,2,535,1790437456705,0,1790437456708.8,31.127,43.803,1790437456784.73,Normal,0.9479
WIX,18416,20260926-174241_p4_c4_r3,2171,perf_20260926-174241_p4_c4_r3,2,536,1790437456815,0,1790437456817.934,42.991,48.073,1790437456908.998,Normal,0.9595
WIX,18416,20260926-174241_p4_c4_r3,2175,perf_20260926-174241_p4_c4_r3,2,537,1790437456940,0,1790437456943.133,36.035,43.876,1790437457023.925,Normal,0.9716
WIX,18416,20260926-174241_p4_c4_r3,2178,perf_20260926-174241_p4_c4_r3,2,538,1790437457051,0,1790437457053.877,41.01,43.306,1790437457138.192,Normal,0.9709
WIX,18416,20260926-174241_p4_c4_r3,2179,perf_20260926-174241_p4_c4_r3,2,539,1790437457082,0,1790437457141.228,26.978,44.612,1790437457212.817,Normal,0.8853
WIX,18416,20260926-174241_p4_c4_r3,2183,perf_20260926-174241_p4_c4_r3,2,540,1790437457222,0,1790437457225.891,28.78,47.534,1790437457303.201,Normal,0.7715
WIX,18416,20260926-174241_p4_c4_r3,2185,perf_20260926-174241_p4_c4_r3,2,541,1790437457285,0,1790437457305.706,44.305,49.01,1790437457399.968,Normal,0.9306
WIX,18416,20260926-174241_p4_c4_r3,2191,perf_20260926-174241_p4_c4_r3,2,542,1790437457503,0,1790437457506.223,31.621,48.342,1790437457586.186,Normal,0.9375
WIX,18416,20260926-174241_p4_c4_r3,2195,perf_20260926-174241_p4_c4_r3,2,543,1790437457644,0,1790437457646.892,39.296,49.994,1790437457737.175,Normal,0.9502
WIX,18416,20260926-174241_p4_c4_r3,2199,perf_20260926-174241_p4_c4_r3,2,544,1790437457770,0,1790437457774.357,28.773,44.792,1790437457848.916,Normal,0.9655
WIX,18416,20260926-174241_p4_c4_r3,2205,perf_20260926-174241_p4_c4_r3,2,545,1790437457988,0,1790437457991.451,29.527,48.287,1790437458070.265,Normal,0.8885
WIX,18416,20260926-174241_p4_c4_r3,2208,perf_20260926-174241_p4_c4_r3,2,546,1790437458083,0,1790437458085.265,33.323,46.199,1790437458165.785,Normal,0.767
WIX,18416,20260926-174241_p4_c4_r3,2210,perf_20260926-174241_p4_c4_r3,2,547,1790437458161,0,1790437458167.753,24.999,45.497,1790437458238.249,Normal,0.9375
WIX,18416,20260926-174241_p4_c4_r3,2211,perf_20260926-174241_p4_c4_r3,2,548,1790437458193,0,1790437458241.815,31.277,45.984,1790437458319.076,Normal,0.9309
WIX,18416,20260926-174241_p4_c4_r3,2213,perf_20260926-174241_p4_c4_r3,2,549,1790437458257,0,1790437458322.069,35.824,46.021,1790437458404.912,Normal,0.9375
WIX,18416,20260926-174241_p4_c4_r3,2217,perf_20260926-174241_p4_c4_r3,2,550,1790437458395,0,1790437458406.91,47.369,46.763,1790437458502.04,Normal,0.9608
WIX,18416,20260926-174241_p4_c4_r3,2219,perf_20260926-174241_p4_c4_r3,2,551,1790437458458,0,1790437458506.042,37.79,43.896,1790437458588.719,Normal,0.7799
WIX,18416,20260926-174241_p4_c4_r3,2221,perf_20260926-174241_p4_c4_r3,2,552,1790437458536,0,1790437458590.691,35.537,43.725,1790437458670.981,Normal,0.958
WIX,18416,20260926-174241_p4_c4_r3,2225,perf_20260926-174241_p4_c4_r3,2,553,1790437458677,0,1790437458678.776,35.586,44.591,1790437458759.485,Normal,0.9243
WIX,18416,20260926-174241_p4_c4_r3,2227,perf_20260926-174241_p4_c4_r3,2,554,1790437458740,0,1790437458761.396,42.021,49.114,1790437458852.532,Normal,0.9618
WIX,18416,20260926-174241_p4_c4_r3,2229,perf_20260926-174241_p4_c4_r3,2,555,1790437458804,0,1790437458855.556,29.976,43.473,1790437458930.015,Normal,0.9728
WIX,18416,20260926-174241_p4_c4_r3,2230,perf_20260926-174241_p4_c4_r3,2,556,1790437458851,0,1790437458930.015,35.591,47.199,1790437459012.805,Normal,0.9606
WIX,18416,20260926-174241_p4_c4_r3,2231,perf_20260926-174241_p4_c4_r3,2,557,1790437458883,0,1790437459015.807,32.187,49.561,1790437459098.552,Normal,0.7756
WIX,18416,20260926-174241_p4_c4_r3,2235,perf_20260926-174241_p4_c4_r3,2,558,1790437459008,0,1790437459099.557,26.065,46.671,1790437459173.581,Normal,0.956
WIX,18416,20260926-174241_p4_c4_r3,2236,perf_20260926-174241_p4_c4_r3,2,559,1790437459055,0,1790437459177.606,27.268,49.069,1790437459254.941,Normal,0.9189
WIX,18416,20260926-174241_p4_c4_r3,2237,perf_20260926-174241_p4_c4_r3,2,560,1790437459086,0,1790437459254.941,36.639,43.666,1790437459336.218,Normal,0.892
WIX,18416,20260926-174241_p4_c4_r3,2238,perf_20260926-174241_p4_c4_r3,2,561,1790437459118,0,1790437459337.225,60.686,44.096,1790437459442.008,Normal,0.9303
WIX,18416,20260926-174241_p4_c4_r3,2251,perf_20260926-174241_p4_c4_r3,2,562,1790437459573,0,1790437459575.308,28.04,47.246,1790437459651.563,Normal,0.6873
WIX,18416,20260926-174241_p4_c4_r3,2252,perf_20260926-174241_p4_c4_r3,2,563,1790437459605,0,1790437459654.586,30.969,47.8,1790437459733.355,Normal,0.903
WIX,18416,20260926-174241_p4_c4_r3,2253,perf_20260926-174241_p4_c4_r3,2,564,1790437459636,0,1790437459733.355,39.002,45.572,1790437459818.926,Normal,0.9498
WIX,18416,20260926-174241_p4_c4_r3,2265,perf_20260926-174241_p4_c4_r3,2,565,1790437460044,0,1790437460047.338,29.029,50.031,1790437460127.369,Normal,0.9204
WIX,18416,20260926-174241_p4_c4_r3,2267,perf_20260926-174241_p4_c4_r3,2,566,1790437460123,0,1790437460131.898,37.78,48.545,1790437460219.214,Normal,0.9375
WIX,18416,20260926-174241_p4_c4_r3,2275,perf_20260926-174241_p4_c4_r3,2,567,1790437460391,0,1790437460394.989,33.562,48.109,1790437460477.66,Normal,0.9606
WIX,18416,20260926-174241_p4_c4_r3,2276,perf_20260926-174241_p4_c4_r3,2,568,1790437460423,0,1790437460481.669,45.561,44.165,1790437460571.395,Normal,0.9422
WIX,18416,20260926-174241_p4_c4_r3,2281,perf_20260926-174241_p4_c4_r3,2,569,1790437460596,0,1790437460598.391,31.538,43.225,1790437460674.157,Normal,0.6375
WIX,18416,20260926-174241_p4_c4_r3,2282,perf_20260926-174241_p4_c4_r3,2,570,1790437460643,0,1790437460677.158,32.05,49.437,1790437460759.644,Normal,0.9228
WIX,18416,20260926-174241_p4_c4_r3,2283,perf_20260926-174241_p4_c4_r3,2,571,1790437460675,0,1790437460762.673,35.009,45.075,1790437460842.758,Normal,0.9342
WIX,18416,20260926-174241_p4_c4_r3,2285,perf_20260926-174241_p4_c4_r3,2,572,1790437460738,0,1790437460842.758,60.614,45.498,1790437460948.869,Normal,0.9765
WIX,18416,20260926-174241_p4_c4_r3,2286,perf_20260926-174241_p4_c4_r3,2,573,1790437460769,0,1790437460950.874,40.004,46.53,1790437461037.408,OFFENSIVE,0.3833
WIX,18416,20260926-174241_p4_c4_r3,2291,perf_20260926-174241_p4_c4_r3,2,574,1790437460943,0,1790437461038.421,43.149,46.52,1790437461129.088,Normal,0.9427
WIX,18416,20260926-174241_p4_c4_r3,2292,perf_20260926-174241_p4_c4_r3,2,575,1790437460974,0,1790437461131.283,31.605,45.009,1790437461207.898,Normal,0.9499
WIX,18416,20260926-174241_p4_c4_r3,2295,perf_20260926-174241_p4_c4_r3,2,576,1790437461085,0,1790437461207.898,47.263,44.353,1790437461300.512,Normal,0.8185
WIX,18416,20260926-174241_p4_c4_r3,2296,perf_20260926-174241_p4_c4_r3,2,577,1790437461117,0,1790437461301.074,51.234,47.444,1790437461400.322,Normal,0.9608
WIX,18416,20260926-174241_p4_c4_r3,2300,perf_20260926-174241_p4_c4_r3,2,578,1790437461259,0,1790437461403.333,36.203,47.126,1790437461486.662,Normal,0.931
WIX,18416,20260926-174241_p4_c4_r3,2302,perf_20260926-174241_p4_c4_r3,2,579,1790437461321,0,1790437461486.662,35.65,49.265,1790437461572.57,Normal,0.9682
WIX,18416,20260926-174241_p4_c4_r3,2304,perf_20260926-174241_p4_c4_r3,2,580,1790437461399,0,1790437461573.581,36.052,46.879,1790437461657.506,Normal,0.8791
WIX,18416,20260926-174241_p4_c4_r3,2312,perf_20260926-174241_p4_c4_r3,2,581,1790437461667,0,1790437461670.082,33.026,43.712,1790437461746.82,Normal,0.9699
WIX,18416,20260926-174241_p4_c4_r3,2320,perf_20260926-174241_p4_c4_r3,2,582,1790437461951,0,1790437461955.521,32.038,46.433,1790437462034.973,Normal,0.9424
WIX,18416,20260926-174241_p4_c4_r3,2325,perf_20260926-174241_p4_c4_r3,2,583,1790437462126,0,1790437462128.375,40.199,45.415,1790437462214.988,Normal,0.8525
WIX,18416,20260926-174241_p4_c4_r3,2329,perf_20260926-174241_p4_c4_r3,2,584,1790437462252,0,1790437462257.563,57.115,45.339,1790437462360.016,Normal,0.9552
WIX,18416,20260926-174241_p4_c4_r3,2336,perf_20260926-174241_p4_c4_r3,2,585,1790437462505,0,1790437462508.503,29.641,49.457,1790437462588.611,Normal,0.881
WIX,18416,20260926-174241_p4_c4_r3,2337,perf_20260926-174241_p4_c4_r3,2,586,1790437462537,0,1790437462592.757,48.709,46.248,1790437462687.714,Normal,0.9389
WIX,18416,20260926-174241_p4_c4_r3,2341,perf_20260926-174241_p4_c4_r3,2,587,1790437462677,0,1790437462689.699,142.329,48.445,1790437462880.473,Normal,0.9407
WIX,18416,20260926-174241_p4_c4_r3,2344,perf_20260926-174241_p4_c4_r3,2,588,1790437462772,0,1790437462885.111,41.795,44.919,1790437462972.376,Normal,0.9768
WIX,18416,20260926-174241_p4_c4_r3,2346,perf_20260926-174241_p4_c4_r3,2,589,1790437462851,0,1790437462973.377,43.527,48.663,1790437463066.566,Normal,0.8414
WIX,18416,20260926-174241_p4_c4_r3,2347,perf_20260926-174241_p4_c4_r3,2,590,1790437462882,0,1790437463070.095,31.152,46.407,1790437463147.655,Normal,0.9454
WIX,18416,20260926-174241_p4_c4_r3,2349,perf_20260926-174241_p4_c4_r3,2,591,1790437462944,0,1790437463148.671,45.345,49.402,1790437463243.417,Normal,0.9584
WIX,18416,20260926-174241_p4_c4_r3,2352,perf_20260926-174241_p4_c4_r3,2,592,1790437463055,0,1790437463243.417,55.793,45.163,1790437463345.372,Normal,0.8532
WIX,18416,20260926-174241_p4_c4_r3,2361,perf_20260926-174241_p4_c4_r3,2,593,1790437463369,0,1790437463371.371,39.03,48.879,1790437463459.28,OFFENSIVE,0.832
WIX,18416,20260926-174241_p4_c4_r3,2363,perf_20260926-174241_p4_c4_r3,2,594,1790437463432,0,1790437463462.279,33.034,45.924,1790437463541.237,HATE,0.872
WIX,18416,20260926-174241_p4_c4_r3,2364,perf_20260926-174241_p4_c4_r3,2,595,1790437463463,0,1790437463544.88,46.001,46.5,1790437463637.629,Normal,0.9725
WIX,18416,20260926-174241_p4_c4_r3,2368,perf_20260926-174241_p4_c4_r3,2,596,1790437463605,0,1790437463640.634,50.265,49.179,1790437463741.004,Normal,0.9632
WIX,18416,20260926-174241_p4_c4_r3,2370,perf_20260926-174241_p4_c4_r3,2,597,1790437463667,0,1790437463743.793,29.652,45.069,1790437463818.899,Normal,0.9447
WIX,18416,20260926-174241_p4_c4_r3,2372,perf_20260926-174241_p4_c4_r3,2,598,1790437463746,0,1790437463821.953,25.652,49.763,1790437463898.241,Normal,0.8975
WIX,18416,20260926-174241_p4_c4_r3,2374,perf_20260926-174241_p4_c4_r3,2,599,1790437463808,0,1790437463898.241,27.681,47.962,1790437463973.884,Normal,0.9135
WIX,18416,20260926-174241_p4_c4_r3,2375,perf_20260926-174241_p4_c4_r3,2,600,1790437463840,0,1790437463976.928,27.018,47.855,1790437464051.801,Normal,0.8999
WIX,18416,20260926-174241_p4_c4_r3,2376,perf_20260926-174241_p4_c4_r3,2,601,1790437463871,0,1790437464051.801,52.757,44.021,1790437464149.586,Normal,0.9272
WIX,18416,20260926-174241_p4_c4_r3,2386,perf_20260926-174241_p4_c4_r3,2,602,1790437464217,0,1790437464220.122,35.688,44.651,1790437464301.458,Normal,0.898
WIX,18416,20260926-174241_p4_c4_r3,2389,perf_20260926-174241_p4_c4_r3,2,603,1790437464327,0,1790437464329.153,33.765,48.08,1790437464411.997,Normal,0.9375
WIX,18416,20260926-174241_p4_c4_r3,2390,perf_20260926-174241_p4_c4_r3,2,604,1790437464358,0,1790437464415.003,33.929,44.678,1790437464493.609,Normal,0.9669
WIX,18416,20260926-174241_p4_c4_r3,2391,perf_20260926-174241_p4_c4_r3,2,605,1790437464389,0,1790437464493.609,41.578,50.123,1790437464585.311,Normal,0.902
WIX,18416,20260926-174241_p4_c4_r3,2394,perf_20260926-174241_p4_c4_r3,2,606,1790437464500,0,1790437464588.311,33.525,45.394,1790437464668.49,Normal,0.9462
WIX,18416,20260926-174241_p4_c4_r3,2396,perf_20260926-174241_p4_c4_r3,2,607,1790437464563,0,1790437464668.49,34.601,46.16,1790437464749.251,Normal,0.9708
WIX,18416,20260926-174241_p4_c4_r3,2397,perf_20260926-174241_p4_c4_r3,2,608,1790437464595,0,1790437464753.793,33.186,44.929,1790437464832.874,Normal,0.9375
WIX,18416,20260926-174241_p4_c4_r3,2400,perf_20260926-174241_p4_c4_r3,2,609,1790437464705,0,1790437464832.874,32.295,45.954,1790437464911.122,Normal,0.9127
WIX,18416,20260926-174241_p4_c4_r3,2401,perf_20260926-174241_p4_c4_r3,2,610,1790437464736,0,1790437464911.122,38.723,50.46,1790437465000.305,Normal,0.7874
WIX,18416,20260926-174241_p4_c4_r3,2406,perf_20260926-174241_p4_c4_r3,2,611,1790437464908,0,1790437465003.35,49.719,45.052,1790437465098.765,Normal,0.9401
WIX,18416,20260926-174241_p4_c4_r3,2413,perf_20260926-174241_p4_c4_r3,2,612,1790437465157,0,1790437465161.257,66.755,44.798,1790437465272.811,Normal,0.9553
WIX,18416,20260926-174241_p4_c4_r3,2431,perf_20260926-174241_p4_c4_r3,2,613,1790437465782,0,1790437465787.243,64.202,46.201,1790437465898.155,Normal,0.9423
WIX,18416,20260926-174241_p4_c4_r3,2432,perf_20260926-174241_p4_c4_r3,2,614,1790437465813,0,1790437465902.183,71.307,54.399,1790437466028.99,Normal,0.9638
WIX,18416,20260926-174241_p4_c4_r3,2438,perf_20260926-174241_p4_c4_r3,2,615,1790437466013,0,1790437466034.28,59.303,49.546,1790437466143.741,Normal,0.8891
WIX,18416,20260926-174241_p4_c4_r3,2442,perf_20260926-174241_p4_c4_r3,2,616,1790437466153,0,1790437466157.958,50.611,49.59,1790437466258.159,Normal,0.9571
WIX,18416,20260926-174241_p4_c4_r3,2451,perf_20260926-174241_p4_c4_r3,2,617,1790437466465,0,1790437466471.293,65.329,48.464,1790437466585.086,Normal,0.8992
WIX,18416,20260926-174241_p4_c4_r3,2456,perf_20260926-174241_p4_c4_r3,2,618,1790437466637,0,1790437466639.218,46.973,47.19,1790437466733.382,Normal,0.8845
WIX,18416,20260926-174241_p4_c4_r3,2458,perf_20260926-174241_p4_c4_r3,2,619,1790437466699,0,1790437466736.378,31.617,44.303,1790437466813.297,Normal,0.9423
WIX,18416,20260926-174241_p4_c4_r3,2462,perf_20260926-174241_p4_c4_r3,2,620,1790437466839,0,1790437466841.256,48.49,46.931,1790437466939.632,Normal,0.9566
WIX,18416,20260926-174241_p4_c4_r3,2465,perf_20260926-174241_p4_c4_r3,2,621,1790437466949,0,1790437466952.105,46.246,48.868,1790437467048.221,Normal,0.9149
WIX,18416,20260926-174241_p4_c4_r3,2467,perf_20260926-174241_p4_c4_r3,2,622,1790437467011,0,1790437467051.747,36.242,48.295,1790437467136.283,Normal,0.9552
WIX,18416,20260926-174241_p4_c4_r3,2482,perf_20260926-174241_p4_c4_r3,2,623,1790437467528,0,1790437467530.486,37.153,47.771,1790437467615.411,Normal,0.9423
WIX,18416,20260926-174241_p4_c4_r3,2489,perf_20260926-174241_p4_c4_r3,2,624,1790437467778,0,1790437467781.126,29.045,50.232,1790437467860.402,Normal,0.9641
WIX,18416,20260926-174241_p4_c4_r3,2491,perf_20260926-174241_p4_c4_r3,2,625,1790437467840,0,1790437467862.4,41.995,44.93,1790437467950.323,Normal,0.9144
WIX,18416,20260926-174241_p4_c4_r3,2496,perf_20260926-174241_p4_c4_r3,2,626,1790437468012,0,1790437468014.182,27.257,47.957,1790437468090.394,Normal,0.9657
WIX,18416,20260926-174241_p4_c4_r3,2501,perf_20260926-174241_p4_c4_r3,2,627,1790437468184,0,1790437468187.819,35.086,50.581,1790437468275.027,Normal,0.8787
WIX,18416,20260926-174241_p4_c4_r3,2504,perf_20260926-174241_p4_c4_r3,2,628,1790437468295,0,1790437468298.282,34.743,48.98,1790437468382.751,Normal,0.9652
WIX,18416,20260926-174241_p4_c4_r3,2506,perf_20260926-174241_p4_c4_r3,2,629,1790437468357,0,1790437468385.754,48.714,47.185,1790437468481.654,Normal,0.9445
WIX,18416,20260926-174241_p4_c4_r3,2512,perf_20260926-174241_p4_c4_r3,2,630,1790437468563,0,1790437468565.547,45.024,42.894,1790437468653.466,Normal,0.9611
WIX,18416,20260926-174241_p4_c4_r3,2514,perf_20260926-174241_p4_c4_r3,2,631,1790437468642,0,1790437468656.562,25.633,46.631,1790437468729.831,Normal,0.9261
WIX,18416,20260926-174241_p4_c4_r3,2516,perf_20260926-174241_p4_c4_r3,2,632,1790437468705,0,1790437468731.813,31.312,47.262,1790437468810.388,Normal,0.9712
WIX,18416,20260926-174241_p4_c4_r3,2517,perf_20260926-174241_p4_c4_r3,2,633,1790437468736,0,1790437468812.397,52.377,47.462,1790437468912.237,Normal,0.8281
WIX,18416,20260926-174241_p4_c4_r3,2521,perf_20260926-174241_p4_c4_r3,2,634,1790437468878,0,1790437468915.269,42.728,50.35,1790437469009.347,Normal,0.9581
WIX,18416,20260926-174241_p4_c4_r3,2522,perf_20260926-174241_p4_c4_r3,2,635,1790437468909,0,1790437469010.351,63.796,46.973,1790437469121.12,Normal,0.976
WIX,18416,20260926-174241_p4_c4_r3,2527,perf_20260926-174241_p4_c4_r3,2,636,1790437469082,0,1790437469124.152,32.706,44.008,1790437469201.6,Normal,0.9291
WIX,18416,20260926-174241_p4_c4_r3,2529,perf_20260926-174241_p4_c4_r3,2,637,1790437469160,0,1790437469204.607,37.567,46.528,1790437469288.701,Normal,0.9423
WIX,18416,20260926-174241_p4_c4_r3,2533,perf_20260926-174241_p4_c4_r3,2,638,1790437469285,0,1790437469290.703,28.013,43.546,1790437469363.258,Normal,0.72
WIX,18416,20260926-174241_p4_c4_r3,2540,perf_20260926-174241_p4_c4_r3,2,639,1790437469537,0,1790437469540.134,31.257,48.295,1790437469619.685,Normal,0.8813
WIX,18416,20260926-174241_p4_c4_r3,2541,perf_20260926-174241_p4_c4_r3,2,640,1790437469568,0,1790437469622.688,41.721,45.614,1790437469710.869,Normal,0.9247
WIX,18416,20260926-174241_p4_c4_r3,2545,perf_20260926-174241_p4_c4_r3,2,641,1790437469709,0,1790437469714.934,49.745,44.548,1790437469810.22,Normal,0.9423
WIX,18416,20260926-174241_p4_c4_r3,2546,perf_20260926-174241_p4_c4_r3,2,642,1790437469753,0,1790437469813.236,44.574,47.311,1790437469906.119,Normal,0.9561
WIX,18416,20260926-174241_p4_c4_r3,2550,perf_20260926-174241_p4_c4_r3,2,643,1790437469882,0,1790437469908.118,43.598,46.346,1790437469999.035,Normal,0.9677
WIX,18416,20260926-174241_p4_c4_r3,2553,perf_20260926-174241_p4_c4_r3,2,644,1790437469976,0,1790437470001.035,31.55,46.831,1790437470080.415,Normal,0.9633
WIX,18416,20260926-174241_p4_c4_r3,2560,perf_20260926-174241_p4_c4_r3,2,645,1790437470229,0,1790437470232.325,39.903,47.567,1790437470320.811,Normal,0.9195
WIX,18416,20260926-174241_p4_c4_r3,2562,perf_20260926-174241_p4_c4_r3,2,646,1790437470292,0,1790437470323.586,41.32,47.609,1790437470412.515,Normal,0.6822
WIX,18416,20260926-174241_p4_c4_r3,2566,perf_20260926-174241_p4_c4_r3,2,647,1790437470433,0,1790437470437.028,62.764,45.844,1790437470546.755,Normal,0.964
WIX,18416,20260926-174241_p4_c4_r3,2567,perf_20260926-174241_p4_c4_r3,2,648,1790437470463,0,1790437470549.77,64.106,46.04,1790437470659.916,Normal,0.9813
WIX,18416,20260926-174241_p4_c4_r3,2571,perf_20260926-174241_p4_c4_r3,2,649,1790437470604,0,1790437470661.926,64.587,46.404,1790437470773.92,Normal,0.9757
WIX,18416,20260926-174241_p4_c4_r3,2577,perf_20260926-174241_p4_c4_r3,2,650,1790437470809,0,1790437470812.267,71.008,44.995,1790437470929.268,Normal,0.9539
WIX,18416,20260926-174241_p4_c4_r3,2581,perf_20260926-174241_p4_c4_r3,2,651,1790437470948,0,1790437470953.17,77.922,46.626,1790437471078.266,Normal,0.956
WIX,18416,20260926-174241_p4_c4_r3,2584,perf_20260926-174241_p4_c4_r3,2,652,1790437471056,0,1790437471082.167,41.4,45.709,1790437471170.593,Normal,0.781
WIX,18416,20260926-174241_p4_c4_r3,2585,perf_20260926-174241_p4_c4_r3,2,653,1790437471087,0,1790437471174.014,53.738,44.591,1790437471272.891,Normal,0.9572
WIX,18416,20260926-174241_p4_c4_r3,2590,perf_20260926-174241_p4_c4_r3,2,654,1790437471257,0,1790437471275.546,47.66,43.32,1790437471367.536,Normal,0.8772
WIX,18416,20260926-174241_p4_c4_r3,2592,perf_20260926-174241_p4_c4_r3,2,655,1790437471319,0,1790437471369.736,53.982,46.638,1790437471471.459,Normal,0.9673
WIX,18416,20260926-174241_p4_c4_r3,2595,perf_20260926-174241_p4_c4_r3,2,656,1790437471428,0,1790437471473.86,57.048,41.878,1790437471573.887,Normal,0.9304
WIX,18416,20260926-174241_p4_c4_r3,2604,perf_20260926-174241_p4_c4_r3,2,657,1790437471736,0,1790437471739.399,30.205,47.063,1790437471816.668,Normal,0.9256
WIX,18416,20260926-174241_p4_c4_r3,2616,perf_20260926-174241_p4_c4_r3,2,658,1790437472153,0,1790437472156.774,28.203,43.338,1790437472228.902,Normal,0.9324
WIX,18416,20260926-174241_p4_c4_r3,2617,perf_20260926-174241_p4_c4_r3,2,659,1790437472184,0,1790437472232.422,62.798,50.304,1790437472346.557,Normal,0.9616
WIX,18416,20260926-174241_p4_c4_r3,2623,perf_20260926-174241_p4_c4_r3,2,660,1790437472389,0,1790437472392.406,33.097,42.469,1790437472467.971,Normal,0.8008
WIX,18416,20260926-174241_p4_c4_r3,2624,perf_20260926-174241_p4_c4_r3,2,661,1790437472437,0,1790437472469.981,42.002,46.202,1790437472558.185,Normal,0.7771
WIX,18416,20260926-174241_p4_c4_r3,2627,perf_20260926-174241_p4_c4_r3,2,662,1790437472530,0,1790437472560.187,29.658,46.861,1790437472637.26,Normal,0.9704
WIX,18416,20260926-174241_p4_c4_r3,2638,perf_20260926-174241_p4_c4_r3,2,663,1790437472907,0,1790437472911.25,57.306,45.606,1790437473014.703,Normal,0.7809
WIX,18416,20260926-174241_p4_c4_r3,2641,perf_20260926-174241_p4_c4_r3,2,664,1790437473016,0,1790437473017.844,39.572,49.255,1790437473107.662,Normal,0.962
WIX,18416,20260926-174241_p4_c4_r3,2652,perf_20260926-174241_p4_c4_r3,2,665,1790437473391,0,1790437473394.775,40.548,44.091,1790437473480.428,Normal,0.9647
WIX,18416,20260926-174241_p4_c4_r3,2653,perf_20260926-174241_p4_c4_r3,2,666,1790437473422,0,1790437473483.429,53.542,51.106,1790437473588.078,Normal,0.9718
WIX,18416,20260926-174241_p4_c4_r3,2659,perf_20260926-174241_p4_c4_r3,2,667,1790437473642,0,1790437473645.633,38.215,47.754,1790437473732.597,Normal,0.9466
WIX,18416,20260926-174241_p4_c4_r3,2661,perf_20260926-174241_p4_c4_r3,2,668,1790437473705,0,1790437473735.633,91.604,44.23,1790437473872.469,Normal,0.9446
WIX,18416,20260926-174241_p4_c4_r3,2678,perf_20260926-174241_p4_c4_r3,2,669,1790437474284,0,1790437474287.402,41.019,42.625,1790437474373.051,Normal,0.8525
WIX,18416,20260926-174241_p4_c4_r3,2680,perf_20260926-174241_p4_c4_r3,2,670,1790437474362,0,1790437474375.053,36.712,56.676,1790437474469.008,Normal,0.9375
WIX,18416,20260926-174241_p4_c4_r3,2683,perf_20260926-174241_p4_c4_r3,2,671,1790437474471,0,1790437474475.947,44.229,44.349,1790437474564.525,Normal,0.9276
WIX,18416,20260926-174241_p4_c4_r3,2684,perf_20260926-174241_p4_c4_r3,2,672,1790437474503,0,1790437474567.527,40.127,46.442,1790437474654.096,Normal,0.9515
WIX,18416,20260926-174241_p4_c4_r3,2703,perf_20260926-174241_p4_c4_r3,2,673,1790437475157,0,1790437475159.526,40.126,44.824,1790437475245.467,OFFENSIVE,0.4995
WIX,18416,20260926-174241_p4_c4_r3,2707,perf_20260926-174241_p4_c4_r3,2,674,1790437475284,0,1790437475286.617,44.215,52.742,1790437475384.566,Normal,0.9543
WIX,18416,20260926-174241_p4_c4_r3,2714,perf_20260926-174241_p4_c4_r3,2,675,1790437475535,0,1790437475538.444,33.617,52.909,1790437475624.97,Normal,0.8908
WIX,18416,20260926-174241_p4_c4_r3,2715,perf_20260926-174241_p4_c4_r3,2,676,1790437475567,0,1790437475628.003,32.524,46.523,1790437475708.052,Normal,0.9047
WIX,18416,20260926-174241_p4_c4_r3,2718,perf_20260926-174241_p4_c4_r3,2,677,1790437475678,0,1790437475711.052,38.584,46.17,1790437475796.797,Normal,0.9201
WIX,18416,20260926-174241_p4_c4_r3,2721,perf_20260926-174241_p4_c4_r3,2,678,1790437475772,0,1790437475799.795,26.012,48.74,1790437475874.547,Normal,0.9239
WIX,18416,20260926-174241_p4_c4_r3,2722,perf_20260926-174241_p4_c4_r3,2,679,1790437475803,0,1790437475878.574,83.866,49.375,1790437476012.957,Normal,0.9275
WIX,18416,20260926-174241_p4_c4_r3,2726,perf_20260926-174241_p4_c4_r3,2,680,1790437475943,0,1790437476014.962,36.624,48.498,1790437476100.085,Normal,0.963
WIX,18416,20260926-174241_p4_c4_r3,2730,perf_20260926-174241_p4_c4_r3,2,681,1790437476081,0,1790437476103.606,37.331,44.454,1790437476186.904,Normal,0.9656
WIX,18416,20260926-174241_p4_c4_r3,2733,perf_20260926-174241_p4_c4_r3,2,682,1790437476189,0,1790437476192.904,42.061,46.143,1790437476281.108,Normal,0.9662
WIX,18416,20260926-174241_p4_c4_r3,2739,perf_20260926-174241_p4_c4_r3,2,683,1790437476393,0,1790437476395.635,48.648,44.999,1790437476490.278,Normal,0.8766
WIX,18416,20260926-174241_p4_c4_r3,2746,perf_20260926-174241_p4_c4_r3,2,684,1790437476645,0,1790437476648.441,42.764,45.057,1790437476737.258,Normal,0.9556
WIX,18416,20260926-174241_p4_c4_r3,2747,perf_20260926-174241_p4_c4_r3,2,685,1790437476676,0,1790437476739.768,148.755,42.688,1790437476932.208,Normal,0.9482
WIX,18416,20260926-174241_p4_c4_r3,2748,perf_20260926-174241_p4_c4_r3,2,686,1790437476707,0,1790437476932.208,67.068,46.295,1790437477046.568,Normal,0.9668
WIX,18416,20260926-174241_p4_c4_r3,2749,perf_20260926-174241_p4_c4_r3,2,687,1790437476739,0,1790437477048.585,47.369,48.259,1790437477145.244,Normal,0.9094
WIX,18416,20260926-174241_p4_c4_r3,2763,perf_20260926-174241_p4_c4_r3,2,688,1790437477220,0,1790437477227.641,56.406,48.617,1790437477333.687,Normal,0.9544
WIX,18416,20260926-174241_p4_c4_r3,2764,perf_20260926-174241_p4_c4_r3,2,689,1790437477251,0,1790437477338.266,59.086,50.219,1790437477448.57,Normal,0.9717
WIX,18416,20260926-174241_p4_c4_r3,2770,perf_20260926-174241_p4_c4_r3,2,690,1790437477456,0,1790437477459.979,70.349,47.532,1790437477577.86,Normal,0.9632
WIX,18416,20260926-174241_p4_c4_r3,2781,perf_20260926-174241_p4_c4_r3,2,691,1790437477846,0,1790437477850.633,46.507,49.904,1790437477947.045,Normal,0.9512
WIX,18416,20260926-174241_p4_c4_r3,2789,perf_20260926-174241_p4_c4_r3,2,692,1790437478112,0,1790437478117.33,70.352,46.319,1790437478234.001,Normal,0.9465
WIX,18416,20260926-174241_p4_c4_r3,2795,perf_20260926-174241_p4_c4_r3,2,693,1790437478330,0,1790437478332.717,45.569,48.815,1790437478427.101,Normal,0.8574
WIX,18416,20260926-174241_p4_c4_r3,2799,perf_20260926-174241_p4_c4_r3,2,694,1790437478470,0,1790437478473.636,73.085,46.761,1790437478594.477,Normal,0.9221
WIX,18416,20260926-174241_p4_c4_r3,2810,perf_20260926-174241_p4_c4_r3,2,695,1790437478847,0,1790437478849.031,45.371,48.538,1790437478943.942,Normal,0.8985
WIX,18416,20260926-174241_p4_c4_r3,2814,perf_20260926-174241_p4_c4_r3,2,696,1790437478988,0,1790437478992.389,43.023,45.054,1790437479081.464,Normal,0.9483
WIX,18416,20260926-174241_p4_c4_r3,2816,perf_20260926-174241_p4_c4_r3,2,697,1790437479051,0,1790437479084.066,41.017,47.581,1790437479173.658,Normal,0.9358
WIX,18416,20260926-174241_p4_c4_r3,2819,perf_20260926-174241_p4_c4_r3,2,698,1790437479161,0,1790437479176.659,51.136,44.83,1790437479273.641,Normal,0.9772
WIX,18416,20260926-174241_p4_c4_r3,2825,perf_20260926-174241_p4_c4_r3,2,699,1790437479365,0,1790437479368.01,38.114,42.613,1790437479449.734,Normal,0.9428
WIX,18416,20260926-174241_p4_c4_r3,2827,perf_20260926-174241_p4_c4_r3,2,700,1790437479428,0,1790437479451.736,132.622,47.789,1790437479633.837,Normal,0.9789
WIX,18416,20260926-174241_p4_c4_r3,2828,perf_20260926-174241_p4_c4_r3,2,701,1790437479460,0,1790437479635.838,89.26,47.148,1790437479772.247,Normal,0.9757
WIX,18416,20260926-174241_p4_c4_r3,2836,perf_20260926-174241_p4_c4_r3,2,702,1790437479742,0,1790437479775.251,32.141,45.891,1790437479853.283,Normal,0.8767
WIX,18416,20260926-174241_p4_c4_r3,2838,perf_20260926-174241_p4_c4_r3,2,703,1790437479805,0,1790437479857.321,44.079,43.796,1790437479946.16,Normal,0.8573
WIX,18416,20260926-174241_p4_c4_r3,2839,perf_20260926-174241_p4_c4_r3,2,704,1790437479836,0,1790437479946.16,44.543,46.591,1790437480038.295,Normal,0.9591
WIX,18416,20260926-174241_p4_c4_r3,2844,perf_20260926-174241_p4_c4_r3,2,705,1790437480009,0,1790437480040.295,36.13,45.123,1790437480122.553,Normal,0.847
WIX,18416,20260926-174241_p4_c4_r3,2847,perf_20260926-174241_p4_c4_r3,2,706,1790437480119,0,1790437480125.559,32.66,44.853,1790437480204.071,Normal,0.9043
WIX,18416,20260926-174241_p4_c4_r3,2849,perf_20260926-174241_p4_c4_r3,2,707,1790437480182,0,1790437480207.068,34.011,47.357,1790437480289.435,Normal,0.9487
WIX,18416,20260926-174241_p4_c4_r3,2851,perf_20260926-174241_p4_c4_r3,2,708,1790437480261,0,1790437480291.438,51.611,50.365,1790437480393.415,Normal,0.8052
WIX,18416,20260926-174241_p4_c4_r3,2853,perf_20260926-174241_p4_c4_r3,2,709,1790437480324,0,1790437480396.415,46.05,45.609,1790437480489.063,Normal,0.9471
WIX,18416,20260926-174241_p4_c4_r3,2856,perf_20260926-174241_p4_c4_r3,2,710,1790437480434,0,1790437480491.062,43.081,50.229,1790437480584.371,Normal,0.8748
WIX,18416,20260926-174241_p4_c4_r3,2858,perf_20260926-174241_p4_c4_r3,2,711,1790437480497,0,1790437480587.413,32.887,44.159,1790437480665.455,Normal,0.9344
WIX,18416,20260926-174241_p4_c4_r3,2867,perf_20260926-174241_p4_c4_r3,2,712,1790437480812,0,1790437480816.95,48.521,44.767,1790437480910.238,Normal,0.9439
WIX,18416,20260926-174241_p4_c4_r3,2868,perf_20260926-174241_p4_c4_r3,2,713,1790437480843,0,1790437480914.241,48.222,49.432,1790437481012.891,Normal,0.9529
WIX,18416,20260926-174241_p4_c4_r3,2871,perf_20260926-174241_p4_c4_r3,2,714,1790437480952,0,1790437481015.892,96.959,46.479,1790437481160.325,Normal,0.8248
WIX,18416,20260926-174241_p4_c4_r3,2873,perf_20260926-174241_p4_c4_r3,2,715,1790437481014,0,1790437481162.351,35.774,49.771,1790437481248.891,Normal,0.5852
WIX,18416,20260926-174241_p4_c4_r3,2878,perf_20260926-174241_p4_c4_r3,2,716,1790437481187,0,1790437481251.928,27.007,44.178,1790437481324.117,Normal,0.9555
WIX,18416,20260926-174241_p4_c4_r3,2879,perf_20260926-174241_p4_c4_r3,2,717,1790437481219,0,1790437481324.117,42.675,47.187,1790437481414.979,Normal,0.9786
WIX,18416,20260926-174241_p4_c4_r3,2887,perf_20260926-174241_p4_c4_r3,2,718,1790437481502,0,1790437481504.353,42.062,43.664,1790437481591.511,Normal,0.8961
WIX,18416,20260926-174241_p4_c4_r3,2889,perf_20260926-174241_p4_c4_r3,2,719,1790437481565,0,1790437481594.52,55.596,44.354,1790437481695.983,Normal,0.9662
WIX,18416,20260926-174241_p4_c4_r3,2894,perf_20260926-174241_p4_c4_r3,2,720,1790437481739,0,1790437481744.022,59.823,46.537,1790437481851.385,Normal,0.9699
WIX,18416,20260926-174241_p4_c4_r3,2897,perf_20260926-174241_p4_c4_r3,2,721,1790437481849,0,1790437481855.39,38.53,49.387,1790437481943.307,Normal,0.9289
WIX,18416,20260926-174241_p4_c4_r3,2916,perf_20260926-174241_p4_c4_r3,2,722,1790437482494,0,1790437482497.518,28.006,43.185,1790437482569.704,Normal,0.9392
WIX,18416,20260926-174241_p4_c4_r3,2918,perf_20260926-174241_p4_c4_r3,2,723,1790437482573,0,1790437482575.136,33.141,44.572,1790437482652.849,Normal,0.9414
WIX,18416,20260926-174241_p4_c4_r3,2919,perf_20260926-174241_p4_c4_r3,2,724,1790437482605,0,1790437482655.852,36.812,44.979,1790437482737.642,Normal,0.9338
WIX,18416,20260926-174241_p4_c4_r3,2921,perf_20260926-174241_p4_c4_r3,2,725,1790437482667,0,1790437482740.64,171.633,47.818,1790437482961.095,Normal,0.9035
WIX,18416,20260926-174241_p4_c4_r3,2926,perf_20260926-174241_p4_c4_r3,2,726,1790437482841,0,1790437482965.023,43.317,50.816,1790437483059.156,Normal,0.9683
WIX,18416,20260926-174241_p4_c4_r3,2929,perf_20260926-174241_p4_c4_r3,2,727,1790437482950,0,1790437483059.156,50.314,47.885,1790437483158.32,Normal,0.9144
WIX,18416,20260926-174241_p4_c4_r3,2931,perf_20260926-174241_p4_c4_r3,2,728,1790437483011,0,1790437483163.317,53.709,46.058,1790437483263.084,Normal,0.8293
WIX,18416,20260926-174241_p4_c4_r3,2933,perf_20260926-174241_p4_c4_r3,2,729,1790437483089,0,1790437483263.804,46.751,48.343,1790437483359.426,Normal,0.9629
WIX,18416,20260926-174241_p4_c4_r3,2934,perf_20260926-174241_p4_c4_r3,2,730,1790437483121,0,1790437483359.426,36.199,45.669,1790437483442.293,Normal,0.9572
WIX,18416,20260926-174241_p4_c4_r3,2936,perf_20260926-174241_p4_c4_r3,2,731,1790437483182,0,1790437483446.326,64.203,46.7,1790437483557.827,Normal,0.9275
WIX,18416,20260926-174241_p4_c4_r3,2939,perf_20260926-174241_p4_c4_r3,2,732,1790437483291,0,1790437483557.827,47.194,43.049,1790437483649.066,Normal,0.6014
WIX,18416,20260926-174241_p4_c4_r3,2961,perf_20260926-174241_p4_c4_r3,2,733,1790437484044,0,1790437484047.439,44.805,44.693,1790437484137.54,Normal,0.9374
WIX,18416,20260926-174241_p4_c4_r3,2968,perf_20260926-174241_p4_c4_r3,2,734,1790437484296,0,1790437484298.765,46.037,47.488,1790437484393.285,Normal,0.6727
WIX,18416,20260926-174241_p4_c4_r3,2974,perf_20260926-174241_p4_c4_r3,2,735,1790437484500,0,1790437484502.903,31.73,45.662,1790437484580.295,Normal,0.8575
WIX,18416,20260926-174241_p4_c4_r3,2976,perf_20260926-174241_p4_c4_r3,2,736,1790437484563,0,1790437484583.325,34.162,45.137,1790437484662.624,Normal,0.9448
WIX,18416,20260926-174241_p4_c4_r3,2979,perf_20260926-174241_p4_c4_r3,2,737,1790437484674,0,1790437484676.948,37.107,45.629,1790437484760.697,Normal,0.9658
WIX,18416,20260926-174241_p4_c4_r3,2984,perf_20260926-174241_p4_c4_r3,2,738,1790437484847,0,1790437484849.829,37.528,49.093,1790437484936.45,Normal,0.9574
WIX,18416,20260926-174241_p4_c4_r3,2986,perf_20260926-174241_p4_c4_r3,2,739,1790437484909,0,1790437484939.478,52.688,46.339,1790437485038.505,Normal,0.9342
WIX,18416,20260926-174241_p4_c4_r3,2993,perf_20260926-174241_p4_c4_r3,2,740,1790437485157,0,1790437485159.688,29.599,44.563,1790437485234.429,Normal,0.4327
WIX,18416,20260926-174241_p4_c4_r3,2998,perf_20260926-174241_p4_c4_r3,2,741,1790437485330,0,1790437485334.087,37.721,63.759,1790437485436.192,Normal,0.9511
WIX,18416,20260926-174241_p4_c4_r3,3001,perf_20260926-174241_p4_c4_r3,2,742,1790437485433,0,1790437485442.237,57.061,44.415,1790437485544.4,Normal,0.7101
WIX,18416,20260926-174241_p4_c4_r3,3008,perf_20260926-174241_p4_c4_r3,2,743,1790437485676,0,1790437485678.34,39.284,52.606,1790437485770.23,Normal,0.8661
WIX,18416,20260926-174241_p4_c4_r3,3009,perf_20260926-174241_p4_c4_r3,2,744,1790437485707,0,1790437485773.23,28.598,45.896,1790437485848.723,Normal,0.9272
WIX,18416,20260926-174241_p4_c4_r3,3011,perf_20260926-174241_p4_c4_r3,2,745,1790437485772,0,1790437485850.725,38.691,49.644,1790437485939.637,Normal,0.9642
WIX,18416,20260926-174241_p4_c4_r3,3012,perf_20260926-174241_p4_c4_r3,2,746,1790437485803,0,1790437485940.244,48.292,52.251,1790437486040.787,Normal,0.7723
WIX,18416,20260926-174241_p4_c4_r3,3013,perf_20260926-174241_p4_c4_r3,2,747,1790437485850,0,1790437486043.825,30.575,44.418,1790437486119.719,Normal,0.9618
WIX,18416,20260926-174241_p4_c4_r3,3014,perf_20260926-174241_p4_c4_r3,2,748,1790437485881,0,1790437486119.719,37.506,47.605,1790437486204.831,Normal,0.924
WIX,18416,20260926-174241_p4_c4_r3,3018,perf_20260926-174241_p4_c4_r3,2,749,1790437486020,0,1790437486204.831,39.015,45.398,1790437486289.244,Normal,0.9499
WIX,18416,20260926-174241_p4_c4_r3,3019,perf_20260926-174241_p4_c4_r3,2,750,1790437486051,0,1790437486292.807,65.261,44.621,1790437486403.689,Normal,0.9306
WIX,18416,20260926-174241_p4_c4_r3,3020,perf_20260926-174241_p4_c4_r3,2,751,1790437486082,0,1790437486403.689,29.044,45.49,1790437486479.18,Normal,0.9553
WIX,18416,20260926-174241_p4_c4_r3,3023,perf_20260926-174241_p4_c4_r3,2,752,1790437486191,0,1790437486479.18,42.666,43.681,1790437486566.529,Normal,0.9725
WIX,18416,20260926-174241_p4_c4_r3,3025,perf_20260926-174241_p4_c4_r3,2,753,1790437486255,0,1790437486567.518,41.349,45.474,1790437486655.302,Normal,0.9498
WIX,18416,20260926-174241_p4_c4_r3,3030,perf_20260926-174241_p4_c4_r3,2,754,1790437486428,0,1790437486657.972,37.57,48.582,1790437486745.127,Normal,0.9533
WIX,18416,20260926-174241_p4_c4_r3,3034,perf_20260926-174241_p4_c4_r3,2,755,1790437486568,0,1790437486745.127,41.604,49.392,1790437486837.165,Normal,0.9707
WIX,18416,20260926-174241_p4_c4_r3,3035,perf_20260926-174241_p4_c4_r3,2,756,1790437486600,0,1790437486838.159,33.507,44.532,1790437486917.199,Normal,0.9431
WIX,18416,20260926-174241_p4_c4_r3,3036,perf_20260926-174241_p4_c4_r3,2,757,1790437486630,0,1790437486917.199,38.052,50.751,1790437487006.971,Normal,0.9182
WIX,18416,20260926-174241_p4_c4_r3,3040,perf_20260926-174241_p4_c4_r3,2,758,1790437486770,0,1790437487010.97,31.089,44.618,1790437487087.635,Normal,0.9316
WIX,18416,20260926-174241_p4_c4_r3,3041,perf_20260926-174241_p4_c4_r3,2,759,1790437486802,0,1790437487087.635,26.304,47.58,1790437487162.493,Normal,0.9375
WIX,18416,20260926-174241_p4_c4_r3,3043,perf_20260926-174241_p4_c4_r3,2,760,1790437486879,0,1790437487162.493,30.021,44.104,1790437487237.641,Normal,0.9431
WIX,18416,20260926-174241_p4_c4_r3,3046,perf_20260926-174241_p4_c4_r3,2,761,1790437486988,0,1790437487238.643,51.539,51.079,1790437487342.258,Normal,0.9431
WIX,18416,20260926-174241_p4_c4_r3,3047,perf_20260926-174241_p4_c4_r3,2,762,1790437487020,0,1790437487346.261,50.696,44.599,1790437487441.557,Normal,0.9474
WIX,18416,20260926-174241_p4_c4_r3,3050,perf_20260926-174241_p4_c4_r3,2,763,1790437487113,0,1790437487441.557,46.511,46.34,1790437487534.973,Normal,0.9578
WIX,18416,20260926-174241_p4_c4_r3,3052,perf_20260926-174241_p4_c4_r3,2,764,1790437487193,0,1790437487534.973,35.531,46.644,1790437487618.151,Normal,0.9545
WIX,18416,20260926-174241_p4_c4_r3,3059,perf_20260926-174241_p4_c4_r3,2,765,1790437487429,0,1790437487621.152,42.381,42.215,1790437487705.747,Normal,0.9564
WIX,18416,20260926-174241_p4_c4_r3,3062,perf_20260926-174241_p4_c4_r3,2,766,1790437487536,0,1790437487706.75,33.067,49.868,1790437487790.681,Normal,0.9572
WIX,18416,20260926-174241_p4_c4_r3,3066,perf_20260926-174241_p4_c4_r3,2,767,1790437487678,0,1790437487795.893,53.347,47.039,1790437487896.279,Normal,0.9383
WIX,18416,20260926-174241_p4_c4_r3,3072,perf_20260926-174241_p4_c4_r3,2,768,1790437487881,0,1790437487898.892,49.913,50.687,1790437487999.492,Normal,0.9602
WIX,18416,20260926-174241_p4_c4_r3,3076,perf_20260926-174241_p4_c4_r3,2,769,1790437488022,0,1790437488026.119,41.539,46.422,1790437488114.08,Normal,0.8554
WIX,18416,20260926-174241_p4_c4_r3,3078,perf_20260926-174241_p4_c4_r3,2,770,1790437488083,0,1790437488117.083,48.588,51.251,1790437488217.922,Normal,0.9161
WIX,18416,20260926-174241_p4_c4_r3,3084,perf_20260926-174241_p4_c4_r3,2,771,1790437488288,0,1790437488295.661,76.669,57.51,1790437488430.838,Normal,0.9451
WIX,18416,20260926-174241_p4_c4_r3,3090,perf_20260926-174241_p4_c4_r3,2,772,1790437488505,0,1790437488510.31,69.975,48.722,1790437488629.007,Normal,0.9192
WIX,18416,20260926-174241_p4_c4_r3,3109,perf_20260926-174241_p4_c4_r3,2,773,1790437489150,0,1790437489154.031,52.07,50.005,1790437489257.609,Normal,0.9748
WIX,18416,20260926-174241_p4_c4_r3,3114,perf_20260926-174241_p4_c4_r3,2,774,1790437489320,0,1790437489323.732,32.531,50.133,1790437489406.397,Normal,0.9427
WIX,18416,20260926-174241_p4_c4_r3,3118,perf_20260926-174241_p4_c4_r3,2,775,1790437489460,0,1790437489463.567,69.112,48.228,1790437489581.905,Normal,0.8086
WIX,18416,20260926-174241_p4_c4_r3,3121,perf_20260926-174241_p4_c4_r3,2,776,1790437489571,0,1790437489585.427,69.482,44.251,1790437489700.671,Normal,0.4843
WIX,18416,20260926-174241_p4_c4_r3,3122,perf_20260926-174241_p4_c4_r3,2,777,1790437489602,0,1790437489704.667,66.032,52.799,1790437489824.492,Normal,0.7173
WIX,18416,20260926-174241_p4_c4_r3,3124,perf_20260926-174241_p4_c4_r3,2,778,1790437489665,0,1790437489824.492,64.546,47.821,1790437489937.86,Normal,0.929
WIX,18416,20260926-174241_p4_c4_r3,3127,perf_20260926-174241_p4_c4_r3,2,779,1790437489774,0,1790437489941.377,69.245,46.568,1790437490057.19,Normal,0.9313
WIX,18416,20260926-174241_p4_c4_r3,3129,perf_20260926-174241_p4_c4_r3,2,780,1790437489838,0,1790437490058.187,74.991,49.242,1790437490182.419,Normal,0.9761
WIX,18416,20260926-174241_p4_c4_r3,3141,perf_20260926-174241_p4_c4_r3,2,781,1790437490264,0,1790437490267.81,54.179,48.935,1790437490370.925,Normal,0.9669
WIX,18416,20260926-174241_p4_c4_r3,3144,perf_20260926-174241_p4_c4_r3,2,782,1790437490359,0,1790437490372.924,44.221,45.505,1790437490463.658,Normal,0.7989
WIX,18416,20260926-174241_p4_c4_r3,3149,perf_20260926-174241_p4_c4_r3,2,783,1790437490532,0,1790437490536.585,38.699,47.181,1790437490622.465,Normal,0.955
WIX,18416,20260926-174241_p4_c4_r3,3153,perf_20260926-174241_p4_c4_r3,2,784,1790437490673,0,1790437490676.317,210.688,50.129,1790437490937.671,Normal,0.9509
WIX,18416,20260926-174241_p4_c4_r3,3155,perf_20260926-174241_p4_c4_r3,2,785,1790437490736,0,1790437490940.622,47.57,45.198,1790437491034.39,Normal,0.9597
WIX,18416,20260926-174241_p4_c4_r3,3157,perf_20260926-174241_p4_c4_r3,2,786,1790437490815,0,1790437491034.39,39.504,46.196,1790437491120.091,Normal,0.9184
WIX,18416,20260926-174241_p4_c4_r3,3159,perf_20260926-174241_p4_c4_r3,2,787,1790437490878,0,1790437491120.091,46.55,43.974,1790437491211.62,Normal,0.9484
WIX,18416,20260926-174241_p4_c4_r3,3160,perf_20260926-174241_p4_c4_r3,2,788,1790437490908,0,1790437491211.62,41.027,46.548,1790437491299.195,Normal,0.9333
WIX,18416,20260926-174241_p4_c4_r3,3168,perf_20260926-174241_p4_c4_r3,2,789,1790437491189,0,1790437491302.722,173.493,44.123,1790437491521.335,Normal,0.9769
WIX,18416,20260926-174241_p4_c4_r3,3169,perf_20260926-174241_p4_c4_r3,2,790,1790437491220,0,1790437491521.335,217.024,45.357,1790437491783.717,Normal,0.9656
WIX,18416,20260926-174241_p4_c4_r3,3182,perf_20260926-174241_p4_c4_r3,2,791,1790437491677,0,1790437491785.714,40.585,44.688,1790437491871.983,Normal,0.9711
WIX,18416,20260926-174241_p4_c4_r3,3184,perf_20260926-174241_p4_c4_r3,2,792,1790437491739,0,1790437491872.985,52.77,44.501,1790437491971.263,Normal,0.9554
WIX,18416,20260926-174241_p4_c4_r3,3186,perf_20260926-174241_p4_c4_r3,2,793,1790437491802,0,1790437491974.26,58.929,44.594,1790437492078.817,Normal,0.9271
WIX,18416,20260926-174241_p4_c4_r3,3189,perf_20260926-174241_p4_c4_r3,2,794,1790437491912,0,1790437492079.848,32.554,45.638,1790437492159.026,Normal,0.9593
WIX,18416,20260926-174241_p4_c4_r3,3194,perf_20260926-174241_p4_c4_r3,2,795,1790437492085,0,1790437492162.045,38.525,43.892,1790437492245.463,Normal,0.9483
WIX,18416,20260926-174241_p4_c4_r3,3197,perf_20260926-174241_p4_c4_r3,2,796,1790437492196,0,1790437492247.469,59.741,45.64,1790437492352.85,Normal,0.8326
WIX,18416,20260926-174241_p4_c4_r3,3201,perf_20260926-174241_p4_c4_r3,2,797,1790437492322,0,1790437492355.86,47.309,43.797,1790437492447.968,Normal,0.9417
WIX,18416,20260926-174241_p4_c4_r3,3204,perf_20260926-174241_p4_c4_r3,2,798,1790437492430,0,1790437492449.968,39.582,47.121,1790437492537.668,Normal,0.9618
WIX,18416,20260926-174241_p4_c4_r3,3205,perf_20260926-174241_p4_c4_r3,2,799,1790437492462,0,1790437492540.666,51.415,42.178,1790437492635.26,Normal,0.9561
WIX,18416,20260926-174241_p4_c4_r3,3206,perf_20260926-174241_p4_c4_r3,2,800,1790437492494,0,1790437492635.26,29.019,45.485,1790437492709.764,Normal,0.8276
WIX,18416,20260926-174241_p4_c4_r3,3209,perf_20260926-174241_p4_c4_r3,2,801,1790437492604,0,1790437492712.734,75.902,46.613,1790437492836.246,Normal,0.9742
WIX,18416,20260926-174241_p4_c4_r3,3210,perf_20260926-174241_p4_c4_r3,2,802,1790437492636,0,1790437492836.246,48.556,46.394,1790437492931.196,Normal,0.6087
WIX,18416,20260926-174241_p4_c4_r3,3212,perf_20260926-174241_p4_c4_r3,2,803,1790437492700,0,1790437492931.731,52.662,48.089,1790437493032.482,Normal,0.9139
WIX,18416,20260926-174241_p4_c4_r3,3218,perf_20260926-174241_p4_c4_r3,2,804,1790437492919,0,1790437493035.486,51.11,60.436,1790437493147.032,Normal,0.9555
WIX,18416,20260926-174241_p4_c4_r3,3228,perf_20260926-174241_p4_c4_r3,2,805,1790437493264,0,1790437493267.043,35.841,49.07,1790437493351.955,Normal,0.8016
WIX,18416,20260926-174241_p4_c4_r3,3230,perf_20260926-174241_p4_c4_r3,2,806,1790437493326,0,1790437493353.973,25.537,45.423,1790437493426.304,Normal,0.9372
WIX,18416,20260926-174241_p4_c4_r3,3234,perf_20260926-174241_p4_c4_r3,2,807,1790437493468,0,1790437493471.366,53.14,44.65,1790437493570.158,HATE,0.8798
WIX,18416,20260926-174241_p4_c4_r3,3240,perf_20260926-174241_p4_c4_r3,2,808,1790437493672,0,1790437493674.165,36.582,44.336,1790437493755.083,Normal,0.5649
WIX,18416,20260926-174241_p4_c4_r3,3252,perf_20260926-174241_p4_c4_r3,2,809,1790437494082,0,1790437494084.447,23.518,44.663,1790437494153.635,Normal,0.9289
WIX,18416,20260926-174241_p4_c4_r3,3254,perf_20260926-174241_p4_c4_r3,2,810,1790437494161,0,1790437494163.68,32.112,46.952,1790437494243.784,Normal,0.9623
WIX,18416,20260926-174241_p4_c4_r3,3255,perf_20260926-174241_p4_c4_r3,2,811,1790437494192,0,1790437494245.782,31.673,48.151,1790437494326.603,Normal,0.9119
WIX,18416,20260926-174241_p4_c4_r3,3256,perf_20260926-174241_p4_c4_r3,2,812,1790437494223,0,1790437494326.603,176.842,44.218,1790437494548.7,Normal,0.9766
WIX,18416,20260926-174241_p4_c4_r3,3259,perf_20260926-174241_p4_c4_r3,2,813,1790437494332,0,1790437494551.702,82.757,52.547,1790437494687.005,Normal,0.9698
WIX,18416,20260926-174241_p4_c4_r3,3261,perf_20260926-174241_p4_c4_r3,2,814,1790437494396,0,1790437494687.005,30.522,46.317,1790437494763.844,Normal,0.8843
WIX,18416,20260926-174241_p4_c4_r3,3268,perf_20260926-174241_p4_c4_r3,2,815,1790437494633,0,1790437494766.845,39.886,45.973,1790437494852.705,Normal,0.9731
WIX,18416,20260926-174241_p4_c4_r3,3274,perf_20260926-174241_p4_c4_r3,2,816,1790437494836,0,1790437494854.704,44.661,44.592,1790437494944.957,Normal,0.9716
WIX,18416,20260926-174241_p4_c4_r3,3279,perf_20260926-174241_p4_c4_r3,2,817,1790437495009,0,1790437495011.862,54.682,45.374,1790437495112.915,Normal,0.9692
WIX,18416,20260926-174241_p4_c4_r3,3282,perf_20260926-174241_p4_c4_r3,2,818,1790437495118,0,1790437495121.483,52.609,45.571,1790437495220.629,Normal,0.4222
WIX,18416,20260926-174241_p4_c4_r3,3284,perf_20260926-174241_p4_c4_r3,2,819,1790437495182,0,1790437495223.633,39.006,46.558,1790437495310.192,Normal,0.974
WIX,18416,20260926-174241_p4_c4_r3,3285,perf_20260926-174241_p4_c4_r3,2,820,1790437495229,0,1790437495313.208,32.599,44.728,1790437495390.535,Normal,0.9536
WIX,18416,20260926-174241_p4_c4_r3,3286,perf_20260926-174241_p4_c4_r3,2,821,1790437495261,0,1790437495390.535,45.223,49.518,1790437495486.279,Normal,0.9609
WIX,18416,20260926-174241_p4_c4_r3,3287,perf_20260926-174241_p4_c4_r3,2,822,1790437495292,0,1790437495487.28,40.81,47.593,1790437495575.683,Normal,0.9683
WIX,18416,20260926-174241_p4_c4_r3,3298,perf_20260926-174241_p4_c4_r3,2,823,1790437495667,0,1790437495669.464,51.757,46.057,1790437495767.278,Normal,0.5354
WIX,18416,20260926-174241_p4_c4_r3,3309,perf_20260926-174241_p4_c4_r3,2,824,1790437496058,0,1790437496060.18,42.619,42.906,1790437496146.669,Normal,0.9675
WIX,18416,20260926-174241_p4_c4_r3,3310,perf_20260926-174241_p4_c4_r3,2,825,1790437496090,0,1790437496148.772,30.512,47.715,1790437496226.999,Normal,0.9186
WIX,18416,20260926-174241_p4_c4_r3,3321,perf_20260926-174241_p4_c4_r3,2,826,1790437496467,0,1790437496470.365,42.084,44.158,1790437496556.607,Normal,0.9635
WIX,18416,20260926-174241_p4_c4_r3,3322,perf_20260926-174241_p4_c4_r3,2,827,1790437496498,0,1790437496559.608,44.581,47.124,1790437496652.3,Normal,0.9095
WIX,18416,20260926-174241_p4_c4_r3,3326,perf_20260926-174241_p4_c4_r3,2,828,1790437496640,0,1790437496655.033,71.566,46.354,1790437496774.517,Normal,0.8044
WIX,18416,20260926-174241_p4_c4_r3,3335,perf_20260926-174241_p4_c4_r3,2,829,1790437496953,0,1790437496956.757,46.593,44.78,1790437497048.131,Normal,0.959
WIX,18416,20260926-174241_p4_c4_r3,3339,perf_20260926-174241_p4_c4_r3,2,830,1790437497079,0,1790437497082.658,33.715,45.997,1790437497162.371,Normal,0.9346
WIX,18416,20260926-174241_p4_c4_r3,3341,perf_20260926-174241_p4_c4_r3,2,831,1790437497158,0,1790437497164.378,37.602,45.501,1790437497247.481,Normal,0.9203
WIX,18416,20260926-174241_p4_c4_r3,3344,perf_20260926-174241_p4_c4_r3,2,832,1790437497253,0,1790437497255.48,55.593,46.227,1790437497358.294,Normal,0.9656
WIX,18416,20260926-174241_p4_c4_r3,3346,perf_20260926-174241_p4_c4_r3,2,833,1790437497332,0,1790437497360.299,47.557,42.741,1790437497450.597,Normal,0.9673
WIX,18416,20260926-174241_p4_c4_r3,3347,perf_20260926-174241_p4_c4_r3,2,834,1790437497364,0,1790437497454.217,32.474,45.175,1790437497532.821,Normal,0.9535
WIX,18416,20260926-174241_p4_c4_r3,3353,perf_20260926-174241_p4_c4_r3,2,835,1790437497568,0,1790437497570.825,110.004,47.292,1790437497729.092,Normal,0.9796
WIX,18416,20260926-174241_p4_c4_r3,3355,perf_20260926-174241_p4_c4_r3,2,836,1790437497632,0,1790437497732.089,38.023,46.369,1790437497817.482,Normal,0.977
WIX,18416,20260926-174241_p4_c4_r3,3356,perf_20260926-174241_p4_c4_r3,2,837,1790437497664,0,1790437497818.44,45.806,44.555,1790437497908.802,Normal,0.9427
WIX,18416,20260926-174241_p4_c4_r3,3359,perf_20260926-174241_p4_c4_r3,2,838,1790437497774,0,1790437497911.801,87.006,47.229,1790437498046.035,Normal,0.9672
WIX,18416,20260926-174241_p4_c4_r3,3364,perf_20260926-174241_p4_c4_r3,2,839,1790437497946,0,1790437498051.045,50.086,44.247,1790437498145.378,Normal,0.9707
WIX,18416,20260926-174241_p4_c4_r3,3366,perf_20260926-174241_p4_c4_r3,2,840,1790437498009,0,1790437498146.38,38.548,47.841,1790437498232.768,Normal,0.9748
WIX,18416,20260926-174241_p4_c4_r3,3369,perf_20260926-174241_p4_c4_r3,2,841,1790437498119,0,1790437498235.775,53.537,45.802,1790437498336.107,Normal,0.9719
WIX,18416,20260926-174241_p4_c4_r3,3380,perf_20260926-174241_p4_c4_r3,2,842,1790437498495,0,1790437498497.116,109.51,45.223,1790437498651.85,Normal,0.9399
WIX,18416,20260926-174241_p4_c4_r3,3382,perf_20260926-174241_p4_c4_r3,2,843,1790437498573,0,1790437498655.863,73.146,43.603,1790437498773.613,Normal,0.9724
WIX,18416,20260926-174241_p4_c4_r3,3385,perf_20260926-174241_p4_c4_r3,2,844,1790437498667,0,1790437498776.615,72.648,45.619,1790437498895.886,Normal,0.9794
WIX,18416,20260926-174241_p4_c4_r3,3386,perf_20260926-174241_p4_c4_r3,2,845,1790437498699,0,1790437498895.886,34.272,45.126,1790437498975.284,Normal,0.6675
WIX,18416,20260926-174241_p4_c4_r3,3387,perf_20260926-174241_p4_c4_r3,2,846,1790437498745,0,1790437498975.284,121.28,45.815,1790437499142.379,Normal,0.9805
WIX,18416,20260926-174241_p4_c4_r3,3389,perf_20260926-174241_p4_c4_r3,2,847,1790437498809,0,1790437499145.403,27.025,43.84,1790437499216.269,Normal,0.881
WIX,18416,20260926-174241_p4_c4_r3,3395,perf_20260926-174241_p4_c4_r3,2,848,1790437499013,0,1790437499217.285,27.349,43.896,1790437499289.358,Normal,0.9473
WIX,18416,20260926-174241_p4_c4_r3,3396,perf_20260926-174241_p4_c4_r3,2,849,1790437499045,0,1790437499290.358,29.665,47.749,1790437499367.772,Normal,0.901
WIX,18416,20260926-174241_p4_c4_r3,3402,perf_20260926-174241_p4_c4_r3,2,850,1790437499265,0,1790437499369.733,55.892,43.782,1790437499470.406,Normal,0.5131
WIX,18416,20260926-174241_p4_c4_r3,3404,perf_20260926-174241_p4_c4_r3,2,851,1790437499329,0,1790437499471.404,53.116,45.004,1790437499570.52,Normal,0.9624
WIX,18416,20260926-174241_p4_c4_r3,3413,perf_20260926-174241_p4_c4_r3,2,852,1790437499644,0,1790437499647.315,43.571,45.65,1790437499736.536,Normal,0.9331
WIX,18416,20260926-174241_p4_c4_r3,3414,perf_20260926-174241_p4_c4_r3,2,853,1790437499676,0,1790437499739.539,41.1,46.801,1790437499827.949,Normal,0.9311
WIX,18416,20260926-174241_p4_c4_r3,3415,perf_20260926-174241_p4_c4_r3,2,854,1790437499707,0,1790437499827.949,65.626,44.184,1790437499938.759,Normal,0.9398
WIX,18416,20260926-174241_p4_c4_r3,3420,perf_20260926-174241_p4_c4_r3,2,855,1790437499879,0,1790437499940.768,50.167,49.653,1790437500041.595,Normal,0.9643
WIX,18416,20260926-174241_p4_c4_r3,3422,perf_20260926-174241_p4_c4_r3,2,856,1790437499940,0,1790437500044.594,46.549,48.813,1790437500140.956,Normal,0.8297
WIX,18416,20260926-174241_p4_c4_r3,3423,perf_20260926-174241_p4_c4_r3,2,857,1790437499987,0,1790437500140.956,62.681,52.391,1790437500257.032,Normal,0.8806
WIX,18416,20260926-174241_p4_c4_r3,3425,perf_20260926-174241_p4_c4_r3,2,858,1790437500051,0,1790437500262.552,48.761,49.427,1790437500360.741,Normal,0.9556
WIX,18416,20260926-174241_p4_c4_r3,3426,perf_20260926-174241_p4_c4_r3,2,859,1790437500082,0,1790437500360.741,70.018,49.987,1790437500482.257,Normal,0.9094
WIX,18416,20260926-174241_p4_c4_r3,3431,perf_20260926-174241_p4_c4_r3,2,860,1790437500254,0,1790437500482.817,102.708,48.278,1790437500634.818,Normal,0.9775
WIX,18416,20260926-174241_p4_c4_r3,3439,perf_20260926-174241_p4_c4_r3,2,861,1790437500535,0,1790437500637.822,79.565,46.532,1790437500763.919,Normal,0.9361
WIX,18416,20260926-174241_p4_c4_r3,3446,perf_20260926-174241_p4_c4_r3,2,862,1790437500782,0,1790437500787.835,57.839,46.326,1790437500893.003,Normal,0.9616
WIX,18416,20260926-174241_p4_c4_r3,3457,perf_20260926-174241_p4_c4_r3,2,863,1790437501157,0,1790437501160.427,43.112,57.248,1790437501260.787,Normal,0.9475
WIX,18416,20260926-174241_p4_c4_r3,3459,perf_20260926-174241_p4_c4_r3,2,864,1790437501219,0,1790437501264.298,55.701,45.843,1790437501365.842,Normal,0.9718
WIX,18416,20260926-174241_p4_c4_r3,3465,perf_20260926-174241_p4_c4_r3,2,865,1790437501424,0,1790437501426.708,34.731,47.194,1790437501508.632,Normal,0.9085
WIX,18416,20260926-174241_p4_c4_r3,3468,perf_20260926-174241_p4_c4_r3,2,866,1790437501533,0,1790437501536.013,38.764,48.025,1790437501623.804,Normal,0.9179
WIX,18416,20260926-174241_p4_c4_r3,3471,perf_20260926-174241_p4_c4_r3,2,867,1790437501642,0,1790437501647.369,65.372,45.674,1790437501759.408,Normal,0.8296
WIX,18416,20260926-174241_p4_c4_r3,3473,perf_20260926-174241_p4_c4_r3,2,868,1790437501704,0,1790437501761.411,38.559,44.126,1790437501845.099,Normal,0.933
WIX,18416,20260926-174241_p4_c4_r3,3474,perf_20260926-174241_p4_c4_r3,2,869,1790437501736,0,1790437501845.099,41.088,47.159,1790437501933.345,Normal,0.9712
WIX,18416,20260926-174241_p4_c4_r3,3481,perf_20260926-174241_p4_c4_r3,2,870,1790437501989,0,1790437501992.447,45.12,45.8,1790437502083.368,Normal,0.9622
WIX,18416,20260926-174241_p4_c4_r3,3484,perf_20260926-174241_p4_c4_r3,2,871,1790437502084,0,1790437502089.422,37.189,46.83,1790437502173.99,Normal,0.9641
WIX,18416,20260926-174241_p4_c4_r3,3496,perf_20260926-174241_p4_c4_r3,2,872,1790437502495,0,1790437502498.74,68.451,48.687,1790437502616.872,OFFENSIVE,0.6317
WIX,18416,20260926-174241_p4_c4_r3,3498,perf_20260926-174241_p4_c4_r3,2,873,1790437502574,0,1790437502620.044,36.797,45.554,1790437502702.395,Normal,0.9716
WIX,18416,20260926-174241_p4_c4_r3,3499,perf_20260926-174241_p4_c4_r3,2,874,1790437502604,0,1790437502702.395,40.188,43.783,1790437502787.325,Normal,0.9653
WIX,18416,20260926-174241_p4_c4_r3,3504,perf_20260926-174241_p4_c4_r3,2,875,1790437502778,0,1790437502790.332,34.026,51.067,1790437502876.418,Normal,0.9379
WIX,18416,20260926-174241_p4_c4_r3,3513,perf_20260926-174241_p4_c4_r3,2,876,1790437503088,0,1790437503091.717,47.184,44.479,1790437503184.378,Normal,0.979
WIX,18416,20260926-174241_p4_c4_r3,3515,perf_20260926-174241_p4_c4_r3,2,877,1790437503151,0,1790437503186.891,29.705,45.763,1790437503262.359,Normal,0.8972
WIX,18416,20260926-174241_p4_c4_r3,3516,perf_20260926-174241_p4_c4_r3,2,878,1790437503182,0,1790437503262.359,32.542,49.193,1790437503344.094,Normal,0.9039
WIX,18416,20260926-174241_p4_c4_r3,3517,perf_20260926-174241_p4_c4_r3,2,879,1790437503229,0,1790437503347.129,31.993,45.929,1790437503426.031,Normal,0.9608
WIX,18416,20260926-174241_p4_c4_r3,3522,perf_20260926-174241_p4_c4_r3,2,880,1790437503402,0,1790437503429.584,33.646,43.428,1790437503506.658,Normal,0.8943
WIX,18416,20260926-174241_p4_c4_r3,3524,perf_20260926-174241_p4_c4_r3,2,881,1790437503465,0,1790437503509.644,57.17,48.861,1790437503616.667,Normal,0.8876
WIX,18416,20260926-174241_p4_c4_r3,3531,perf_20260926-174241_p4_c4_r3,2,882,1790437503701,0,1790437503704.429,39.927,49.798,1790437503795.111,Normal,0.9701
WIX,18416,20260926-174241_p4_c4_r3,3532,perf_20260926-174241_p4_c4_r3,2,883,1790437503732,0,1790437503798.11,52.261,47.507,1790437503897.878,Normal,0.9561
WIX,18416,20260926-174241_p4_c4_r3,3536,perf_20260926-174241_p4_c4_r3,2,884,1790437503876,0,1790437503900.878,41.198,43.775,1790437503985.851,Normal,0.9608
WIX,18416,20260926-174241_p4_c4_r3,3542,perf_20260926-174241_p4_c4_r3,2,885,1790437504078,0,1790437504081.971,34.964,49.628,1790437504167.557,Normal,0.9589
WIX,18416,20260926-174241_p4_c4_r3,3543,perf_20260926-174241_p4_c4_r3,2,886,1790437504126,0,1790437504170.52,45.189,43.762,1790437504259.471,Normal,0.9673
WIX,18416,20260926-174241_p4_c4_r3,3546,perf_20260926-174241_p4_c4_r3,2,887,1790437504221,0,1790437504261.471,88.046,44.838,1790437504394.355,Normal,0.7104
WIX,18416,20260926-174241_p4_c4_r3,3553,perf_20260926-174241_p4_c4_r3,2,888,1790437504471,0,1790437504474.629,55.942,46.924,1790437504578.495,Normal,0.9231
WIX,18416,20260926-174241_p4_c4_r3,3555,perf_20260926-174241_p4_c4_r3,2,889,1790437504535,0,1790437504580.499,50.143,49.273,1790437504680.963,Normal,0.9321
WIX,18416,20260926-174241_p4_c4_r3,3564,perf_20260926-174241_p4_c4_r3,2,890,1790437504849,0,1790437504851.862,47.666,47.747,1790437504949.272,Normal,0.9306
WIX,18416,20260926-174241_p4_c4_r3,3575,perf_20260926-174241_p4_c4_r3,2,891,1790437505225,0,1790437505227.12,34.813,46.238,1790437505309.17,Normal,0.8088
WIX,18416,20260926-174241_p4_c4_r3,3581,perf_20260926-174241_p4_c4_r3,2,892,1790437505430,0,1790437505432.596,30.669,43.55,1790437505507.811,Normal,0.8787
WIX,18416,20260926-174241_p4_c4_r3,3591,perf_20260926-174241_p4_c4_r3,2,893,1790437505776,0,1790437505778.271,41.587,49.408,1790437505869.265,Normal,0.9744
WIX,18416,20260926-174241_p4_c4_r3,3592,perf_20260926-174241_p4_c4_r3,2,894,1790437505807,0,1790437505871.305,53.334,44.636,1790437505969.833,Normal,0.9281
WIX,18416,20260926-174241_p4_c4_r3,3595,perf_20260926-174241_p4_c4_r3,2,895,1790437505916,0,1790437505972.583,155.771,48.267,1790437506177.615,Normal,0.9799
WIX,18416,20260926-174241_p4_c4_r3,3597,perf_20260926-174241_p4_c4_r3,2,896,1790437505977,0,1790437506180.221,44.858,47.832,1790437506272.911,Normal,0.9545
WIX,18416,20260926-174241_p4_c4_r3,3601,perf_20260926-174241_p4_c4_r3,2,897,1790437506116,0,1790437506272.911,67.413,48.142,1790437506389.465,Normal,0.9583
WIX,18416,20260926-174241_p4_c4_r3,3607,perf_20260926-174241_p4_c4_r3,2,898,1790437506319,0,1790437506392.654,34.006,48.028,1790437506475.688,Normal,0.742
WIX,18416,20260926-174241_p4_c4_r3,3610,perf_20260926-174241_p4_c4_r3,2,899,1790437506429,0,1790437506478.71,51.568,45.713,1790437506575.991,Normal,0.9571
WIX,18416,20260926-174241_p4_c4_r3,3614,perf_20260926-174241_p4_c4_r3,2,900,1790437506570,0,1790437506578.992,52.709,46.556,1790437506678.256,Normal,0.9411
WIX,18416,20260926-174241_p4_c4_r3,3633,perf_20260926-174241_p4_c4_r3,2,901,1790437507228,0,1790437507231.173,46.588,44.889,1790437507323.618,Normal,0.9559
WIX,18416,20260926-174241_p4_c4_r3,3636,perf_20260926-174241_p4_c4_r3,2,902,1790437507322,0,1790437507326.613,26.13,48.836,1790437507402.575,Normal,0.8617
WIX,18416,20260926-174241_p4_c4_r3,3639,perf_20260926-174241_p4_c4_r3,2,903,1790437507431,0,1790437507434.552,70.491,49.232,1790437507555.001,Normal,0.9543
WIX,18416,20260926-174241_p4_c4_r3,3649,perf_20260926-174241_p4_c4_r3,2,904,1790437507775,0,1790437507780.565,42.935,45.249,1790437507869.301,Normal,0.9628
WIX,18416,20260926-174241_p4_c4_r3,3650,perf_20260926-174241_p4_c4_r3,2,905,1790437507806,0,1790437507872.303,36.534,50.413,1790437507959.25,Normal,0.9194
WIX,18416,20260926-174241_p4_c4_r3,3653,perf_20260926-174241_p4_c4_r3,2,906,1790437507916,0,1790437507961.275,27.988,44.532,1790437508034.796,Normal,0.9512
WIX,18416,20260926-174241_p4_c4_r3,3657,perf_20260926-174241_p4_c4_r3,2,907,1790437508043,0,1790437508045.96,34.001,47.051,1790437508128.006,Normal,0.8733
WIX,18416,20260926-174241_p4_c4_r3,3668,perf_20260926-174241_p4_c4_r3,2,908,1790437508437,0,1790437508439.621,51.646,47.99,1790437508539.257,Normal,0.9425
WIX,18416,20260926-174241_p4_c4_r3,3671,perf_20260926-174241_p4_c4_r3,2,909,1790437508530,0,1790437508542.258,46.656,44.796,1790437508634.749,Normal,0.9375
WIX,18416,20260926-174241_p4_c4_r3,3682,perf_20260926-174241_p4_c4_r3,2,910,1790437508906,0,1790437508908.669,29.866,45.616,1790437508985.16,Normal,0.9141
WIX,18416,20260926-174241_p4_c4_r3,3691,perf_20260926-174241_p4_c4_r3,2,911,1790437509221,0,1790437509226.683,40.673,42.876,1790437509310.232,Normal,0.9398
WIX,18416,20260926-174241_p4_c4_r3,3692,perf_20260926-174241_p4_c4_r3,2,912,1790437509253,0,1790437509313.229,52.148,44.657,1790437509411.037,Normal,0.9739
WIX,18416,20260926-174241_p4_c4_r3,3696,perf_20260926-174241_p4_c4_r3,2,913,1790437509394,0,1790437509413.555,40.502,44.129,1790437509499.184,Normal,0.9553
WIX,18416,20260926-174241_p4_c4_r3,3698,perf_20260926-174241_p4_c4_r3,2,914,1790437509472,0,1790437509501.22,29.028,46.209,1790437509577.427,Normal,0.6258
WIX,18416,20260926-174241_p4_c4_r3,3704,perf_20260926-174241_p4_c4_r3,2,915,1790437509677,0,1790437509679.506,47.104,45.642,1790437509772.783,Normal,0.9677
WIX,18416,20260926-174241_p4_c4_r3,3715,perf_20260926-174241_p4_c4_r3,2,916,1790437510055,0,1790437510058.381,51.576,47.203,1790437510157.16,Normal,0.7753
WIX,18416,20260926-174241_p4_c4_r3,3717,perf_20260926-174241_p4_c4_r3,2,917,1790437510117,0,1790437510161.161,59.535,48.126,1790437510268.822,Normal,0.7756
WIX,18416,20260926-174241_p4_c4_r3,3719,perf_20260926-174241_p4_c4_r3,2,918,1790437510196,0,1790437510272.825,34.572,45.507,1790437510352.905,Normal,0.9126
WIX,18416,20260926-174241_p4_c4_r3,3726,perf_20260926-174241_p4_c4_r3,2,919,1790437510432,0,1790437510435.554,43.3,47.473,1790437510527.281,Normal,0.9569
WIX,18416,20260926-174241_p4_c4_r3,3727,perf_20260926-174241_p4_c4_r3,2,920,1790437510463,0,1790437510529.282,35.322,46.414,1790437510612.014,Normal,0.8716
WIX,18416,20260926-174241_p4_c4_r3,3729,perf_20260926-174241_p4_c4_r3,2,921,1790437510527,0,1790437510612.014,57.517,48.214,1790437510718.748,Normal,0.9533
WIX,18416,20260926-174241_p4_c4_r3,3730,perf_20260926-174241_p4_c4_r3,2,922,1790437510573,0,1790437510722.747,31.235,48.05,1790437510802.032,Normal,0.9025
WIX,18416,20260926-174241_p4_c4_r3,3731,perf_20260926-174241_p4_c4_r3,2,923,1790437510604,0,1790437510803.032,50.574,45.406,1790437510899.012,Normal,0.9641
WIX,18416,20260926-174241_p4_c4_r3,3733,perf_20260926-174241_p4_c4_r3,2,924,1790437510667,0,1790437510900.016,26.019,50.021,1790437510976.921,Normal,0.933
WIX,18416,20260926-174241_p4_c4_r3,3735,perf_20260926-174241_p4_c4_r3,2,925,1790437510745,0,1790437510979.922,35.544,44.526,1790437511060.992,Normal,0.9444
WIX,18416,20260926-174241_p4_c4_r3,3740,perf_20260926-174241_p4_c4_r3,2,926,1790437510918,0,1790437511062.0,50.344,49.705,1790437511162.048,Normal,0.9117
WIX,18416,20260926-174241_p4_c4_r3,3748,perf_20260926-174241_p4_c4_r3,2,927,1790437511185,0,1790437511188.788,35.055,46.766,1790437511271.259,Normal,0.7143
WIX,18416,20260926-174241_p4_c4_r3,3749,perf_20260926-174241_p4_c4_r3,2,928,1790437511216,0,1790437511274.286,47.09,45.398,1790437511366.774,Normal,0.9428
WIX,18416,20260926-174241_p4_c4_r3,3757,perf_20260926-174241_p4_c4_r3,2,929,1790437511499,0,1790437511502.457,63.124,54.245,1790437511620.828,Normal,0.9677
WIX,18416,20260926-174241_p4_c4_r3,3760,perf_20260926-174241_p4_c4_r3,2,930,1790437511610,0,1790437511623.836,85.549,45.816,1790437511755.202,OFFENSIVE,0.9422
WIX,18416,20260926-174241_p4_c4_r3,3764,perf_20260926-174241_p4_c4_r3,2,931,1790437511748,0,1790437511759.199,60.74,55.94,1790437511875.879,Normal,0.9173
WIX,18416,20260926-174241_p4_c4_r3,3766,perf_20260926-174241_p4_c4_r3,2,932,1790437511810,0,1790437511878.399,54.008,45.169,1790437511978.092,Normal,0.7998
WIX,18416,20260926-174241_p4_c4_r3,3775,perf_20260926-174241_p4_c4_r3,2,933,1790437512126,0,1790437512130.194,57.988,44.134,1790437512233.824,Normal,0.9747
WIX,18416,20260926-174241_p4_c4_r3,3776,perf_20260926-174241_p4_c4_r3,2,934,1790437512157,0,1790437512236.829,50.117,47.353,1790437512335.3,Normal,0.8424
WIX,18416,20260926-174241_p4_c4_r3,3777,perf_20260926-174241_p4_c4_r3,2,935,1790437512189,0,1790437512336.3,37.174,51.663,1790437512426.135,Normal,0.8866
WIX,18416,20260926-174241_p4_c4_r3,3778,perf_20260926-174241_p4_c4_r3,2,936,1790437512220,0,1790437512427.132,67.402,52.969,1790437512549.016,Normal,0.9633
WIX,18416,20260926-174241_p4_c4_r3,3780,perf_20260926-174241_p4_c4_r3,2,937,1790437512297,0,1790437512554.646,52.481,50.355,1790437512658.479,Normal,0.9546
WIX,18416,20260926-174241_p4_c4_r3,3781,perf_20260926-174241_p4_c4_r3,2,938,1790437512329,0,1790437512659.109,67.924,44.519,1790437512771.552,Normal,0.9302
WIX,18416,20260926-174241_p4_c4_r3,3782,perf_20260926-174241_p4_c4_r3,2,939,1790437512360,0,1790437512771.552,38.107,49.945,1790437512859.604,Normal,0.9484
WIX,18416,20260926-174241_p4_c4_r3,3787,perf_20260926-174241_p4_c4_r3,2,940,1790437512533,0,1790437512859.604,42.006,48.837,1790437512951.443,Normal,0.9423
WIX,18416,20260926-174241_p4_c4_r3,3788,perf_20260926-174241_p4_c4_r3,2,941,1790437512565,0,1790437512955.877,63.194,48.686,1790437513068.325,Normal,0.8992
WIX,18416,20260926-174241_p4_c4_r3,3792,perf_20260926-174241_p4_c4_r3,2,942,1790437512704,0,1790437513069.462,52.007,42.222,1790437513164.692,Normal,0.9436
WIX,18416,20260926-174241_p4_c4_r3,3794,perf_20260926-174241_p4_c4_r3,2,943,1790437512768,0,1790437513164.692,79.912,44.702,1790437513290.305,Normal,0.9053
WIX,18416,20260926-174241_p4_c4_r3,3796,perf_20260926-174241_p4_c4_r3,2,944,1790437512847,0,1790437513290.305,27.976,50.156,1790437513368.947,Normal,0.7337
WIX,18416,20260926-174241_p4_c4_r3,3798,perf_20260926-174241_p4_c4_r3,2,945,1790437512908,0,1790437513369.949,37.544,51.731,1790437513459.223,Normal,0.9551
WIX,18416,20260926-174241_p4_c4_r3,3802,perf_20260926-174241_p4_c4_r3,2,946,1790437513047,0,1790437513463.173,42.093,42.667,1790437513548.931,Normal,0.9639
WIX,18416,20260926-174241_p4_c4_r3,3808,perf_20260926-174241_p4_c4_r3,2,947,1790437513250,0,1790437513548.931,32.009,44.449,1790437513626.379,Normal,0.9373
WIX,18416,20260926-174241_p4_c4_r3,3809,perf_20260926-174241_p4_c4_r3,2,948,1790437513296,0,1790437513626.379,72.216,46.113,1790437513745.669,Normal,0.9553
WIX,18416,20260926-174241_p4_c4_r3,3811,perf_20260926-174241_p4_c4_r3,2,949,1790437513358,0,1790437513745.669,56.157,50.507,1790437513852.333,Normal,0.9193
WIX,18416,20260926-174241_p4_c4_r3,3816,perf_20260926-174241_p4_c4_r3,2,950,1790437513531,0,1790437513855.333,42.03,50.107,1790437513948.472,Normal,0.9605
WIX,18416,20260926-174241_p4_c4_r3,3820,perf_20260926-174241_p4_c4_r3,2,951,1790437513673,0,1790437513948.472,50.775,45.11,1790437514045.391,Normal,0.9356
WIX,18416,20260926-174241_p4_c4_r3,3825,perf_20260926-174241_p4_c4_r3,2,952,1790437513845,0,1790437514045.391,36.153,47.264,1790437514129.814,Normal,0.9261
WIX,18416,20260926-174241_p4_c4_r3,3829,perf_20260926-174241_p4_c4_r3,2,953,1790437513986,0,1790437514133.833,28.875,48.919,1790437514212.121,Normal,0.9098
WIX,18416,20260926-174241_p4_c4_r3,3831,perf_20260926-174241_p4_c4_r3,2,954,1790437514049,0,1790437514213.118,36.074,46.744,1790437514295.936,Normal,0.818
WIX,18416,20260926-174241_p4_c4_r3,3833,perf_20260926-174241_p4_c4_r3,2,955,1790437514112,0,1790437514296.967,40.182,47.058,1790437514385.177,OFFENSIVE,0.5659
WIX,18416,20260926-174241_p4_c4_r3,3836,perf_20260926-174241_p4_c4_r3,2,956,1790437514222,0,1790437514388.22,39.621,46.506,1790437514474.347,Normal,0.9623
WIX,18416,20260926-174241_p4_c4_r3,3837,perf_20260926-174241_p4_c4_r3,2,957,1790437514254,0,1790437514475.342,43.546,44.88,1790437514564.766,Normal,0.9651
WIX,18416,20260926-174241_p4_c4_r3,3840,perf_20260926-174241_p4_c4_r3,2,958,1790437514364,0,1790437514564.766,42.544,50.559,1790437514657.87,Normal,0.9471
WIX,18416,20260926-174241_p4_c4_r3,3842,perf_20260926-174241_p4_c4_r3,2,959,1790437514427,0,1790437514660.889,33.678,47.536,1790437514742.103,Normal,0.7132
WIX,18416,20260926-174241_p4_c4_r3,3846,perf_20260926-174241_p4_c4_r3,2,960,1790437514568,0,1790437514743.104,52.958,46.932,1790437514843.987,OFFENSIVE,0.4752
WIX,18416,20260926-174241_p4_c4_r3,3849,perf_20260926-174241_p4_c4_r3,2,961,1790437514678,0,1790437514846.973,31.177,43.664,1790437514922.812,Normal,0.9078
WIX,18416,20260926-174241_p4_c4_r3,3850,perf_20260926-174241_p4_c4_r3,2,962,1790437514710,0,1790437514923.815,33.555,46.785,1790437515005.155,OFFENSIVE,0.545
WIX,18416,20260926-174241_p4_c4_r3,3853,perf_20260926-174241_p4_c4_r3,2,963,1790437514803,0,1790437515005.155,38.655,45.322,1790437515090.134,Normal,0.7401
WIX,18416,20260926-174241_p4_c4_r3,3865,perf_20260926-174241_p4_c4_r3,2,964,1790437515226,0,1790437515229.939,47.87,45.139,1790437515322.948,Normal,0.9559
WIX,18416,20260926-174241_p4_c4_r3,3868,perf_20260926-174241_p4_c4_r3,2,965,1790437515320,0,1790437515326.47,47.565,43.236,1790437515418.349,Normal,0.9751
WIX,18416,20260926-174241_p4_c4_r3,3873,perf_20260926-174241_p4_c4_r3,2,966,1790437515492,0,1790437515496.91,79.569,43.514,1790437515619.993,Normal,0.9641
WIX,18416,20260926-174241_p4_c4_r3,3876,perf_20260926-174241_p4_c4_r3,2,967,1790437515603,0,1790437515623.026,43.501,50.649,1790437515717.758,OFFENSIVE,0.7875
WIX,18416,20260926-174241_p4_c4_r3,3882,perf_20260926-174241_p4_c4_r3,2,968,1790437515807,0,1790437515810.816,40.083,47.692,1790437515898.591,Normal,0.8586
WIX,18416,20260926-174241_p4_c4_r3,3886,perf_20260926-174241_p4_c4_r3,2,969,1790437515948,0,1790437515952.683,56.789,46.789,1790437516057.258,Normal,0.9618
WIX,18416,20260926-174241_p4_c4_r3,3889,perf_20260926-174241_p4_c4_r3,2,970,1790437516057,0,1790437516061.781,44.543,45.545,1790437516152.406,Normal,0.9384
WIX,18416,20260926-174241_p4_c4_r3,3890,perf_20260926-174241_p4_c4_r3,2,971,1790437516088,0,1790437516154.948,36.604,45.094,1790437516237.646,Normal,0.767
WIX,18416,20260926-174241_p4_c4_r3,3895,perf_20260926-174241_p4_c4_r3,2,972,1790437516259,0,1790437516262.392,29.09,45.55,1790437516337.987,Normal,0.9094
WIX,18416,20260926-174241_p4_c4_r3,3900,perf_20260926-174241_p4_c4_r3,2,973,1790437516433,0,1790437516436.006,26.212,48.669,1790437516511.885,Normal,0.9474
WIX,18416,20260926-174241_p4_c4_r3,3907,perf_20260926-174241_p4_c4_r3,2,974,1790437516670,0,1790437516674.678,44.555,49.875,1790437516770.11,Normal,0.9656
WIX,18416,20260926-174241_p4_c4_r3,3916,perf_20260926-174241_p4_c4_r3,2,975,1790437516986,0,1790437516989.535,46.542,43.835,1790437517079.911,Normal,0.844
WIX,18416,20260926-174241_p4_c4_r3,3917,perf_20260926-174241_p4_c4_r3,2,976,1790437517018,0,1790437517083.911,49.769,45.911,1790437517179.591,Normal,0.3739
WIX,18416,20260926-174241_p4_c4_r3,3921,perf_20260926-174241_p4_c4_r3,2,977,1790437517158,0,1790437517181.589,31.507,50.915,1790437517264.012,Normal,0.8936
WIX,18416,20260926-174241_p4_c4_r3,3922,perf_20260926-174241_p4_c4_r3,2,978,1790437517190,0,1790437517266.017,38.672,43.761,1790437517348.45,Normal,0.8096
WIX,18416,20260926-174241_p4_c4_r3,3925,perf_20260926-174241_p4_c4_r3,2,979,1790437517284,0,1790437517350.453,41.177,48.908,1790437517441.549,Normal,0.8827
WIX,18416,20260926-174241_p4_c4_r3,3934,perf_20260926-174241_p4_c4_r3,2,980,1790437517598,0,1790437517600.866,42.656,45.108,1790437517689.636,Normal,0.9327
WIX,18416,20260926-174241_p4_c4_r3,3954,perf_20260926-174241_p4_c4_r3,2,981,1790437518289,0,1790437518291.969,32.057,47.794,1790437518372.353,Normal,0.9526
WIX,18416,20260926-174241_p4_c4_r3,3956,perf_20260926-174241_p4_c4_r3,2,982,1790437518366,0,1790437518375.396,50.141,50.98,1790437518477.528,OFFENSIVE,0.7763
WIX,18416,20260926-174241_p4_c4_r3,3961,perf_20260926-174241_p4_c4_r3,2,983,1790437518552,0,1790437518568.273,102.482,45.611,1790437518716.964,OFFENSIVE,0.4084
WIX,18416,20260926-174241_p4_c4_r3,3972,perf_20260926-174241_p4_c4_r3,2,984,1790437518918,0,1790437518920.225,36.443,46.339,1790437519003.006,Normal,0.9108
WIX,18416,20260926-174241_p4_c4_r3,3973,perf_20260926-174241_p4_c4_r3,2,985,1790437518949,0,1790437519006.042,30.52,44.705,1790437519081.267,Normal,0.9584
WIX,18416,20260926-174241_p4_c4_r3,3974,perf_20260926-174241_p4_c4_r3,2,986,1790437518981,0,1790437519081.267,27.521,45.613,1790437519154.401,Normal,0.9203
WIX,18416,20260926-174241_p4_c4_r3,3977,perf_20260926-174241_p4_c4_r3,2,987,1790437519091,0,1790437519156.92,44.758,44.794,1790437519247.475,Normal,0.9474
WIX,18416,20260926-174241_p4_c4_r3,3980,perf_20260926-174241_p4_c4_r3,2,988,1790437519185,0,1790437519251.245,30.91,49.868,1790437519333.018,Normal,0.9386
WIX,18416,20260926-174241_p4_c4_r3,3986,perf_20260926-174241_p4_c4_r3,2,989,1790437519389,0,1790437519391.36,34.197,46.014,1790437519472.605,Normal,0.8867
WIX,18416,20260926-174241_p4_c4_r3,3987,perf_20260926-174241_p4_c4_r3,2,990,1790437519436,0,1790437519475.606,58.552,46.091,1790437519580.249,Normal,0.9721
WIX,18416,20260926-174241_p4_c4_r3,3994,perf_20260926-174241_p4_c4_r3,2,991,1790437519673,0,1790437519675.994,135.326,43.971,1790437519855.291,Normal,0.9736
WIX,18416,20260926-174241_p4_c4_r3,3996,perf_20260926-174241_p4_c4_r3,2,992,1790437519736,0,1790437519857.293,30.156,49.578,1790437519937.028,Normal,0.9466
WIX,18416,20260926-174241_p4_c4_r3,4009,perf_20260926-174241_p4_c4_r3,2,993,1790437520193,0,1790437520196.741,24.603,47.559,1790437520268.903,Normal,0.9608
WIX,18416,20260926-174241_p4_c4_r3,4010,perf_20260926-174241_p4_c4_r3,2,994,1790437520225,0,1790437520271.933,31.642,46.498,1790437520350.073,Normal,0.944
WIX,18416,20260926-174241_p4_c4_r3,4011,perf_20260926-174241_p4_c4_r3,2,995,1790437520256,0,1790437520350.073,29.849,49.736,1790437520429.658,Normal,0.9627
WIX,18416,20260926-174241_p4_c4_r3,4013,perf_20260926-174241_p4_c4_r3,2,996,1790437520319,0,1790437520432.656,117.768,46.846,1790437520598.264,Normal,0.9543
WIX,18416,20260926-174241_p4_c4_r3,4017,perf_20260926-174241_p4_c4_r3,2,997,1790437520461,0,1790437520601.268,92.667,43.171,1790437520738.106,Normal,0.9741
WIX,18416,20260926-174241_p4_c4_r3,4021,perf_20260926-174241_p4_c4_r3,2,998,1790437520603,0,1790437520740.107,40.246,45.888,1790437520826.896,Normal,0.9346
WIX,18416,20260926-174241_p4_c4_r3,4022,perf_20260926-174241_p4_c4_r3,2,999,1790437520634,0,1790437520827.901,36.037,46.586,1790437520911.039,Normal,0.9608
WIX,18416,20260926-174241_p4_c4_r3,4023,perf_20260926-174241_p4_c4_r3,2,1000,1790437520666,0,1790437520912.053,52.726,47.659,1790437521012.439,Normal,0.9065
WIX,18416,20260926-174241_p4_c4_r3,4025,perf_20260926-174241_p4_c4_r3,2,1001,1790437520743,0,1790437521016.451,29.018,46.599,1790437521093.069,Normal,0.9691
WIX,18416,20260926-174241_p4_c4_r3,4027,perf_20260926-174241_p4_c4_r3,2,1002,1790437520805,0,1790437521094.064,41.569,44.829,1790437521181.428,Normal,0.9292
WIX,18416,20260926-174241_p4_c4_r3,4029,perf_20260926-174241_p4_c4_r3,2,1003,1790437520884,0,1790437521181.428,46.678,46.005,1790437521274.112,Normal,0.9503
WIX,18416,20260926-174241_p4_c4_r3,4032,perf_20260926-174241_p4_c4_r3,2,1004,1790437520978,0,1790437521275.114,62.151,47.513,1790437521385.288,Normal,0.9502
WIX,18416,20260926-174241_p4_c4_r3,4033,perf_20260926-174241_p4_c4_r3,2,1005,1790437521010,0,1790437521385.928,41.553,48.202,1790437521476.216,Normal,0.943
WIX,18416,20260926-174241_p4_c4_r3,4038,perf_20260926-174241_p4_c4_r3,2,1006,1790437521183,0,1790437521479.902,37.521,44.542,1790437521562.958,Normal,0.945
WIX,18416,20260926-174241_p4_c4_r3,4051,perf_20260926-174241_p4_c4_r3,2,1007,1790437521635,0,1790437521638.027,38.118,43.548,1790437521719.692,Normal,0.9468
WIX,18416,20260926-174241_p4_c4_r3,4056,perf_20260926-174241_p4_c4_r3,2,1008,1790437521807,0,1790437521810.634,33.596,45.21,1790437521890.433,OFFENSIVE,0.5584
WIX,18416,20260926-174241_p4_c4_r3,4072,perf_20260926-174241_p4_c4_r3,2,1009,1790437522359,0,1790437522363.494,32.733,43.755,1790437522440.97,Normal,0.8936
WIX,18416,20260926-174241_p4_c4_r3,4073,perf_20260926-174241_p4_c4_r3,2,1010,1790437522391,0,1790437522442.969,53.311,44.307,1790437522540.587,Normal,0.9754
WIX,18416,20260926-174241_p4_c4_r3,4079,perf_20260926-174241_p4_c4_r3,2,1011,1790437522594,0,1790437522597.293,34.53,44.134,1790437522676.953,Normal,0.9074
WIX,18416,20260926-174241_p4_c4_r3,4083,perf_20260926-174241_p4_c4_r3,2,1012,1790437522735,0,1790437522738.878,45.436,46.712,1790437522832.028,Normal,0.8194
WIX,18416,20260926-174241_p4_c4_r3,4085,perf_20260926-174241_p4_c4_r3,2,1013,1790437522814,0,1790437522835.027,65.469,51.998,1790437522952.494,Normal,0.9722
WIX,18416,20260926-174241_p4_c4_r3,4087,perf_20260926-174241_p4_c4_r3,2,1014,1790437522877,0,1790437522957.627,63.248,47.154,1790437523068.595,Normal,0.4718
WIX,18416,20260926-174241_p4_c4_r3,4090,perf_20260926-174241_p4_c4_r3,2,1015,1790437522984,0,1790437523074.112,40.828,47.616,1790437523163.066,Normal,0.9472
WIX,18416,20260926-174241_p4_c4_r3,4091,perf_20260926-174241_p4_c4_r3,2,1016,1790437523014,0,1790437523164.071,71.105,50.655,1790437523285.83,Normal,0.9343
WIX,18416,20260926-174241_p4_c4_r3,4095,perf_20260926-174241_p4_c4_r3,2,1017,1790437523154,0,1790437523291.836,72.428,50.337,1790437523415.114,Normal,0.9623
WIX,18416,20260926-174241_p4_c4_r3,4102,perf_20260926-174241_p4_c4_r3,2,1018,1790437523388,0,1790437523418.172,45.158,48.743,1790437523513.088,Normal,0.9203
WIX,18416,20260926-174241_p4_c4_r3,4103,perf_20260926-174241_p4_c4_r3,2,1019,1790437523436,0,1790437523518.611,64.035,47.211,1790437523629.857,Normal,0.8871
WIX,18416,20260926-174241_p4_c4_r3,4104,perf_20260926-174241_p4_c4_r3,2,1020,1790437523467,0,1790437523629.857,73.243,44.539,1790437523747.639,Normal,0.9459
WIX,18416,20260926-174241_p4_c4_r3,4105,perf_20260926-174241_p4_c4_r3,2,1021,1790437523498,0,1790437523747.639,46.952,48.254,1790437523842.845,Normal,0.9361
WIX,18416,20260926-174241_p4_c4_r3,4111,perf_20260926-174241_p4_c4_r3,2,1022,1790437523701,0,1790437523847.369,63.49,47.973,1790437523958.833,Normal,0.9672
WIX,18416,20260926-174241_p4_c4_r3,4112,perf_20260926-174241_p4_c4_r3,2,1023,1790437523747,0,1790437523958.833,82.437,48.08,1790437524091.353,Normal,0.9668
WIX,18416,20260926-174241_p4_c4_r3,4113,perf_20260926-174241_p4_c4_r3,2,1024,1790437523778,0,1790437524091.353,41.969,49.832,1790437524183.153,Normal,0.9775
WIX,18416,20260926-174241_p4_c4_r3,4117,perf_20260926-174241_p4_c4_r3,2,1025,1790437523920,0,1790437524189.152,68.217,51.91,1790437524310.279,Normal,0.9687
WIX,18416,20260926-174241_p4_c4_r3,4124,perf_20260926-174241_p4_c4_r3,2,1026,1790437524157,0,1790437524311.286,43.715,47.838,1790437524402.839,Normal,0.955
WIX,18416,20260926-174241_p4_c4_r3,4135,perf_20260926-174241_p4_c4_r3,2,1027,1790437524529,0,1790437524534.908,67.38,46.981,1790437524649.269,Normal,0.9533
WIX,18416,20260926-174241_p4_c4_r3,4136,perf_20260926-174241_p4_c4_r3,2,1028,1790437524560,0,1790437524653.717,42.624,47.446,1790437524743.787,Normal,0.9476
WIX,18416,20260926-174241_p4_c4_r3,4137,perf_20260926-174241_p4_c4_r3,2,1029,1790437524607,0,1790437524744.33,39.301,46.705,1790437524830.336,Normal,0.8747
WIX,18416,20260926-174241_p4_c4_r3,4146,perf_20260926-174241_p4_c4_r3,2,1030,1790437524920,0,1790437524923.387,30.195,46.934,1790437525000.517,Normal,0.9622
WIX,18416,20260926-174241_p4_c4_r3,4155,perf_20260926-174241_p4_c4_r3,2,1031,1790437525217,0,1790437525219.563,51.02,49.005,1790437525321.102,Normal,0.9653
WIX,18416,20260926-174241_p4_c4_r3,4162,perf_20260926-174241_p4_c4_r3,2,1032,1790437525467,0,1790437525470.468,50.663,46.764,1790437525568.884,Normal,0.9779
WIX,18416,20260926-174241_p4_c4_r3,4168,perf_20260926-174241_p4_c4_r3,2,1033,1790437525670,0,1790437525672.999,32.662,46.877,1790437525753.508,Normal,0.9556
WIX,18416,20260926-174241_p4_c4_r3,4174,perf_20260926-174241_p4_c4_r3,2,1034,1790437525875,0,1790437525879.906,54.208,50.756,1790437525986.031,Normal,0.9126
WIX,18416,20260926-174241_p4_c4_r3,4175,perf_20260926-174241_p4_c4_r3,2,1035,1790437525907,0,1790437525992.073,77.681,46.525,1790437526117.274,Normal,0.9644
WIX,18416,20260926-174241_p4_c4_r3,4183,perf_20260926-174241_p4_c4_r3,2,1036,1790437526187,0,1790437526189.152,25.403,42.426,1790437526257.936,Normal,0.9401
WIX,18416,20260926-174241_p4_c4_r3,4184,perf_20260926-174241_p4_c4_r3,2,1037,1790437526219,0,1790437526259.948,30.884,46.894,1790437526337.725,Normal,0.9536
WIX,18416,20260926-174241_p4_c4_r3,4192,perf_20260926-174241_p4_c4_r3,2,1038,1790437526501,0,1790437526505.107,27.231,47.314,1790437526580.652,Normal,0.9572
WIX,18416,20260926-174241_p4_c4_r3,4193,perf_20260926-174241_p4_c4_r3,2,1039,1790437526532,0,1790437526584.659,33.01,45.947,1790437526665.371,Normal,0.912
WIX,18416,20260926-174241_p4_c4_r3,4195,perf_20260926-174241_p4_c4_r3,2,1040,1790437526594,0,1790437526667.345,68.007,47.875,1790437526784.228,Normal,0.9688
WIX,18416,20260926-174241_p4_c4_r3,4202,perf_20260926-174241_p4_c4_r3,2,1041,1790437526844,0,1790437526846.903,56.25,46.328,1790437526949.481,Normal,0.969
WIX,18416,20260926-174241_p4_c4_r3,4207,perf_20260926-174241_p4_c4_r3,2,1042,1790437527018,0,1790437527020.011,39.52,44.245,1790437527103.776,Normal,0.9633
WIX,18416,20260926-174241_p4_c4_r3,4219,perf_20260926-174241_p4_c4_r3,2,1043,1790437527424,0,1790437527427.822,55.56,45.167,1790437527529.524,Normal,0.3969
WIX,18416,20260926-174241_p4_c4_r3,4221,perf_20260926-174241_p4_c4_r3,2,1044,1790437527504,0,1790437527532.553,40.491,44.677,1790437527617.721,Normal,0.9047
WIX,18416,20260926-174241_p4_c4_r3,4234,perf_20260926-174241_p4_c4_r3,2,1045,1790437527943,0,1790437527946.563,55.493,47.111,1790437528049.167,Normal,0.8231
WIX,18416,20260926-174241_p4_c4_r3,4235,perf_20260926-174241_p4_c4_r3,2,1046,1790437527975,0,1790437528052.164,59.801,47.16,1790437528159.125,Normal,0.9508
WIX,18416,20260926-174241_p4_c4_r3,4239,perf_20260926-174241_p4_c4_r3,2,1047,1790437528114,0,1790437528162.131,46.165,45.561,1790437528254.897,Normal,0.907
WIX,18416,20260926-174241_p4_c4_r3,4246,perf_20260926-174241_p4_c4_r3,2,1048,1790437528366,0,1790437528370.828,72.286,46.573,1790437528489.688,Normal,0.9637
WIX,18416,20260926-174241_p4_c4_r3,4249,perf_20260926-174241_p4_c4_r3,2,1049,1790437528460,0,1790437528493.267,31.637,54.261,1790437528580.18,Normal,0.8994
WIX,18416,20260926-174241_p4_c4_r3,4250,perf_20260926-174241_p4_c4_r3,2,1050,1790437528491,0,1790437528586.181,43.213,43.722,1790437528673.115,Normal,0.8661
WIX,18416,20260926-174241_p4_c4_r3,4259,perf_20260926-174241_p4_c4_r3,2,1051,1790437528803,0,1790437528806.859,31.529,46.61,1790437528884.998,Normal,0.9643
WIX,18416,20260926-174241_p4_c4_r3,4265,perf_20260926-174241_p4_c4_r3,2,1052,1790437529009,0,1790437529010.916,25.661,46.063,1790437529082.64,Normal,0.4857
WIX,18416,20260926-174241_p4_c4_r3,4266,perf_20260926-174241_p4_c4_r3,2,1053,1790437529056,0,1790437529085.636,30.699,47.513,1790437529163.848,Normal,0.901
WIX,18416,20260926-174241_p4_c4_r3,4270,perf_20260926-174241_p4_c4_r3,2,1054,1790437529182,0,1790437529184.996,29.048,46.251,1790437529261.249,Normal,0.8953
WIX,18416,20260926-174241_p4_c4_r3,4277,perf_20260926-174241_p4_c4_r3,2,1055,1790437529433,0,1790437529435.815,50.29,45.566,1790437529531.671,Normal,0.9747
WIX,18416,20260926-174241_p4_c4_r3,4280,perf_20260926-174241_p4_c4_r3,2,1056,1790437529527,0,1790437529534.664,28.028,44.014,1790437529607.526,Normal,0.9633
WIX,18416,20260926-174241_p4_c4_r3,4282,perf_20260926-174241_p4_c4_r3,2,1057,1790437529606,0,1790437529610.529,68.689,46.27,1790437529725.487,Normal,0.8676
WIX,18416,20260926-174241_p4_c4_r3,4285,perf_20260926-174241_p4_c4_r3,2,1058,1790437529701,0,1790437529727.671,46.084,42.265,1790437529816.984,Normal,0.6294
WIX,18416,20260926-174241_p4_c4_r3,4286,perf_20260926-174241_p4_c4_r3,2,1059,1790437529732,0,1790437529819.985,43.647,45.127,1790437529909.757,Normal,0.9435
WIX,18416,20260926-174241_p4_c4_r3,4288,perf_20260926-174241_p4_c4_r3,2,1060,1790437529812,0,1790437529909.757,34.6,48.8,1790437529993.157,Normal,0.9679
WIX,18416,20260926-174241_p4_c4_r3,4292,perf_20260926-174241_p4_c4_r3,2,1061,1790437529953,0,1790437529996.202,29.032,48.993,1790437530074.226,Normal,0.9622
WIX,18416,20260926-174241_p4_c4_r3,4293,perf_20260926-174241_p4_c4_r3,2,1062,1790437529984,0,1790437530074.226,31.956,44.454,1790437530151.535,Normal,0.9608
WIX,18416,20260926-174241_p4_c4_r3,4296,perf_20260926-174241_p4_c4_r3,2,1063,1790437530078,0,1790437530154.539,42.928,47.493,1790437530245.914,Normal,0.6352
WIX,18416,20260926-174241_p4_c4_r3,4299,perf_20260926-174241_p4_c4_r3,2,1064,1790437530187,0,1790437530247.913,47.115,45.836,1790437530341.863,HATE,0.4246
WIX,18416,20260926-174241_p4_c4_r3,4302,perf_20260926-174241_p4_c4_r3,2,1065,1790437530296,0,1790437530344.89,41.565,44.143,1790437530431.603,Normal,0.9493
WIX,18416,20260926-174241_p4_c4_r3,4309,perf_20260926-174241_p4_c4_r3,2,1066,1790437530531,0,1790437530534.552,32.013,47.207,1790437530613.771,Normal,0.9585
WIX,18416,20260926-174241_p4_c4_r3,4318,perf_20260926-174241_p4_c4_r3,2,1067,1790437530848,0,1790437530851.108,48.148,43.971,1790437530943.227,HATE,0.359
WIX,18416,20260926-174241_p4_c4_r3,4320,perf_20260926-174241_p4_c4_r3,2,1068,1790437530911,0,1790437530947.228,41.662,43.825,1790437531033.345,Normal,0.9695
WIX,18416,20260926-174241_p4_c4_r3,4321,perf_20260926-174241_p4_c4_r3,2,1069,1790437530943,0,1790437531033.345,48.055,43.132,1790437531124.532,Normal,0.7666
WIX,18416,20260926-174241_p4_c4_r3,4322,perf_20260926-174241_p4_c4_r3,2,1070,1790437530988,0,1790437531126.531,44.544,45.992,1790437531218.061,Normal,0.9674
WIX,18416,20260926-174241_p4_c4_r3,4329,perf_20260926-174241_p4_c4_r3,2,1071,1790437531223,0,1790437531225.072,42.516,44.379,1790437531312.97,Normal,0.9552
WIX,18416,20260926-174241_p4_c4_r3,4331,perf_20260926-174241_p4_c4_r3,2,1072,1790437531286,0,1790437531316.037,33.253,45.494,1790437531394.785,Normal,0.7086
WIX,18416,20260926-174241_p4_c4_r3,4332,perf_20260926-174241_p4_c4_r3,2,1073,1790437531332,0,1790437531397.383,38.702,46.511,1790437531483.74,Normal,0.9439
WIX,18416,20260926-174241_p4_c4_r3,4337,perf_20260926-174241_p4_c4_r3,2,1074,1790437531504,0,1790437531507.378,34.561,43.831,1790437531586.677,Normal,0.9375
WIX,18416,20260926-174241_p4_c4_r3,4339,perf_20260926-174241_p4_c4_r3,2,1075,1790437531567,0,1790437531589.681,40.655,46.87,1790437531677.207,Normal,0.9566
WIX,18416,20260926-174241_p4_c4_r3,4345,perf_20260926-174241_p4_c4_r3,2,1076,1790437531771,0,1790437531775.271,35.178,46.213,1790437531856.663,Normal,0.9232
WIX,18416,20260926-174241_p4_c4_r3,4346,perf_20260926-174241_p4_c4_r3,2,1077,1790437531802,0,1790437531859.662,34.541,46.287,1790437531941.514,Normal,0.9255
WIX,18416,20260926-174241_p4_c4_r3,4351,perf_20260926-174241_p4_c4_r3,2,1078,1790437531977,0,1790437531980.282,33.212,46.477,1790437532059.972,Normal,0.951
WIX,18416,20260926-174241_p4_c4_r3,4352,perf_20260926-174241_p4_c4_r3,2,1079,1790437532008,0,1790437532061.973,54.255,44.469,1790437532161.703,Normal,0.9658
WIX,18416,20260926-174241_p4_c4_r3,4359,perf_20260926-174241_p4_c4_r3,2,1080,1790437532258,0,1790437532261.408,43.505,44.95,1790437532350.862,Normal,0.9599
WIX,18416,20260926-174241_p4_c4_r3,4360,perf_20260926-174241_p4_c4_r3,2,1081,1790437532289,0,1790437532354.476,51.86,45.726,1790437532452.591,Normal,0.9687
WIX,18416,20260926-174241_p4_c4_r3,4362,perf_20260926-174241_p4_c4_r3,2,1082,1790437532367,0,1790437532456.883,40.038,45.95,1790437532543.412,Normal,0.9475
WIX,18416,20260926-174241_p4_c4_r3,4371,perf_20260926-174241_p4_c4_r3,2,1083,1790437532676,0,1790437532679.725,34.171,46.144,1790437532761.119,Normal,0.9494
WIX,18416,20260926-174241_p4_c4_r3,4378,perf_20260926-174241_p4_c4_r3,2,1084,1790437532906,0,1790437532911.266,146.137,48.416,1790437533106.383,Normal,0.9704
WIX,18416,20260926-174241_p4_c4_r3,4385,perf_20260926-174241_p4_c4_r3,2,1085,1790437533152,0,1790437533155.548,53.837,45.661,1790437533255.615,Normal,0.9148
WIX,18416,20260926-174241_p4_c4_r3,4388,perf_20260926-174241_p4_c4_r3,2,1086,1790437533260,0,1790437533264.11,60.07,47.221,1790437533372.419,Normal,0.6735
WIX,18416,20260926-174241_p4_c4_r3,4392,perf_20260926-174241_p4_c4_r3,2,1087,1790437533398,0,1790437533402.379,35.414,48.563,1790437533486.894,Normal,0.9375
WIX,18416,20260926-174241_p4_c4_r3,4394,perf_20260926-174241_p4_c4_r3,2,1088,1790437533460,0,1790437533489.027,34.456,46.318,1790437533569.801,Normal,0.9512
WIX,18416,20260926-174241_p4_c4_r3,4395,perf_20260926-174241_p4_c4_r3,2,1089,1790437533506,0,1790437533572.811,32.242,50.954,1790437533657.019,Normal,0.9494
WIX,18416,20260926-174241_p4_c4_r3,4396,perf_20260926-174241_p4_c4_r3,2,1090,1790437533538,0,1790437533658.018,27.087,48.932,1790437533734.797,Normal,0.8952
WIX,18416,20260926-174241_p4_c4_r3,4397,perf_20260926-174241_p4_c4_r3,2,1091,1790437533568,0,1790437533736.225,36.004,48.152,1790437533821.393,Normal,0.9541
WIX,18416,20260926-174241_p4_c4_r3,4399,perf_20260926-174241_p4_c4_r3,2,1092,1790437533632,0,1790437533825.394,68.129,48.155,1790437533942.676,HATE,0.4258
WIX,18416,20260926-174241_p4_c4_r3,4407,perf_20260926-174241_p4_c4_r3,2,1093,1790437533916,0,1790437533945.677,31.094,48.059,1790437534025.784,Normal,0.8135
WIX,18416,20260926-174241_p4_c4_r3,4411,perf_20260926-174241_p4_c4_r3,2,1094,1790437534056,0,1790437534058.67,61.152,51.979,1790437534172.857,Normal,0.9684
WIX,18416,20260926-174241_p4_c4_r3,4417,perf_20260926-174241_p4_c4_r3,2,1095,1790437534259,0,1790437534262.457,59.955,46.837,1790437534369.25,Normal,0.9712
WIX,18416,20260926-174241_p4_c4_r3,4419,perf_20260926-174241_p4_c4_r3,2,1096,1790437534321,0,1790437534373.78,55.173,43.096,1790437534473.039,Normal,0.9695
WIX,18416,20260926-174241_p4_c4_r3,4421,perf_20260926-174241_p4_c4_r3,2,1097,1790437534400,0,1790437534480.006,40.981,43.626,1790437534565.612,Normal,0.9622
WIX,18416,20260926-174241_p4_c4_r3,4423,perf_20260926-174241_p4_c4_r3,2,1098,1790437534462,0,1790437534566.615,59.134,50.586,1790437534677.332,Normal,0.8502
WIX,18416,20260926-174241_p4_c4_r3,4428,perf_20260926-174241_p4_c4_r3,2,1099,1790437534634,0,1790437534680.339,80.178,52.404,1790437534813.936,Normal,0.6746
WIX,18416,20260926-174241_p4_c4_r3,4437,perf_20260926-174241_p4_c4_r3,2,1100,1790437534949,0,1790437534956.95,71.065,57.554,1790437535086.079,Normal,0.9567
WIX,18416,20260926-174241_p4_c4_r3,4438,perf_20260926-174241_p4_c4_r3,2,1101,1790437534980,0,1790437535090.38,61.569,45.084,1790437535198.032,Normal,0.9375
WIX,18416,20260926-174241_p4_c4_r3,4443,perf_20260926-174241_p4_c4_r3,2,1102,1790437535151,0,1790437535202.5,65.364,50.697,1790437535318.561,Normal,0.9199
WIX,18416,20260926-174241_p4_c4_r3,4446,perf_20260926-174241_p4_c4_r3,2,1103,1790437535261,0,1790437535323.58,63.589,52.462,1790437535439.631,Normal,0.9374
WIX,18416,20260926-174241_p4_c4_r3,4450,perf_20260926-174241_p4_c4_r3,2,1104,1790437535401,0,1790437535442.638,56.051,45.96,1790437535545.641,Normal,0.9511
WIX,18416,20260926-174241_p4_c4_r3,4454,perf_20260926-174241_p4_c4_r3,2,1105,1790437535540,0,1790437535548.642,42.524,47.05,1790437535639.758,Normal,0.9336
WIX,18416,20260926-174241_p4_c4_r3,4457,perf_20260926-174241_p4_c4_r3,2,1106,1790437535635,0,1790437535644.303,40.189,44.749,1790437535729.241,Normal,0.9521
WIX,18416,20260926-174241_p4_c4_r3,4460,perf_20260926-174241_p4_c4_r3,2,1107,1790437535745,0,1790437535747.276,34.114,49.654,1790437535831.043,Normal,0.9711
WIX,18416,20260926-174241_p4_c4_r3,4463,perf_20260926-174241_p4_c4_r3,2,1108,1790437535839,0,1790437535843.62,46.91,46.161,1790437535937.695,Normal,0.9497
WIX,18416,20260926-174241_p4_c4_r3,4465,perf_20260926-174241_p4_c4_r3,2,1109,1790437535917,0,1790437535941.976,71.958,46.44,1790437536060.995,Normal,0.9451
WIX,18416,20260926-174241_p4_c4_r3,4467,perf_20260926-174241_p4_c4_r3,2,1110,1790437535978,0,1790437536063.998,48.05,46.734,1790437536159.814,Normal,0.9678
WIX,18416,20260926-174241_p4_c4_r3,4475,perf_20260926-174241_p4_c4_r3,2,1111,1790437536258,0,1790437536261.754,34.369,45.101,1790437536342.412,Normal,0.9733
WIX,18416,20260926-174241_p4_c4_r3,4479,perf_20260926-174241_p4_c4_r3,2,1112,1790437536400,0,1790437536404.206,52.565,46.671,1790437536504.447,Normal,0.9359
WIX,18416,20260926-174241_p4_c4_r3,4484,perf_20260926-174241_p4_c4_r3,2,1113,1790437536573,0,1790437536575.683,51.714,49.348,1790437536677.738,Normal,0.9636
WIX,18416,20260926-174241_p4_c4_r3,4492,perf_20260926-174241_p4_c4_r3,2,1114,1790437536840,0,1790437536843.277,37.012,44.622,1790437536925.906,Normal,0.9593
WIX,18416,20260926-174241_p4_c4_r3,4494,perf_20260926-174241_p4_c4_r3,2,1115,1790437536919,0,1790437536928.903,42.526,46.845,1790437537018.273,Normal,0.89
WIX,18416,20260926-174241_p4_c4_r3,4496,perf_20260926-174241_p4_c4_r3,2,1116,1790437536983,0,1790437537022.121,29.578,43.235,1790437537094.934,Normal,0.9423
WIX,18416,20260926-174241_p4_c4_r3,4497,perf_20260926-174241_p4_c4_r3,2,1117,1790437537013,0,1790437537094.934,25.188,45.534,1790437537166.655,Normal,0.9423
WIX,18416,20260926-174241_p4_c4_r3,4499,perf_20260926-174241_p4_c4_r3,2,1118,1790437537091,0,1790437537169.656,35.124,44.66,1790437537249.44,Normal,0.9302
WIX,18416,20260926-174241_p4_c4_r3,4516,perf_20260926-174241_p4_c4_r3,2,1119,1790437537671,0,1790437537674.682,66.644,42.151,1790437537784.473,Normal,0.9283
WIX,18416,20260926-174241_p4_c4_r3,4519,perf_20260926-174241_p4_c4_r3,2,1120,1790437537780,0,1790437537787.472,34.105,45.14,1790437537867.718,Normal,0.9451
WIX,18416,20260926-174241_p4_c4_r3,4521,perf_20260926-174241_p4_c4_r3,2,1121,1790437537843,0,1790437537869.7,86.735,43.529,1790437537999.965,Normal,0.9489
WIX,18416,20260926-174241_p4_c4_r3,4524,perf_20260926-174241_p4_c4_r3,2,1122,1790437537953,0,1790437538002.594,48.544,44.241,1790437538096.378,Normal,0.969
WIX,18416,20260926-174241_p4_c4_r3,4530,perf_20260926-174241_p4_c4_r3,2,1123,1790437538157,0,1790437538159.141,43.539,48.282,1790437538251.958,Normal,0.9664
WIX,18416,20260926-174241_p4_c4_r3,4533,perf_20260926-174241_p4_c4_r3,2,1124,1790437538251,0,1790437538253.957,38.073,43.666,1790437538336.68,Normal,0.9749
WIX,18416,20260926-174241_p4_c4_r3,4537,perf_20260926-174241_p4_c4_r3,2,1125,1790437538394,0,1790437538396.711,26.636,44.927,1790437538468.779,Normal,0.903
WIX,18416,20260926-174241_p4_c4_r3,4539,perf_20260926-174241_p4_c4_r3,2,1126,1790437538472,0,1790437538473.781,24.533,44.253,1790437538543.972,Normal,0.9468
WIX,18416,20260926-174241_p4_c4_r3,4548,perf_20260926-174241_p4_c4_r3,2,1127,1790437538771,0,1790437538775.116,59.167,45.442,1790437538880.723,Normal,0.9757
WIX,18416,20260926-174241_p4_c4_r3,4549,perf_20260926-174241_p4_c4_r3,2,1128,1790437538802,0,1790437538884.742,53.944,43.241,1790437538981.927,OFFENSIVE,0.4537
WIX,18416,20260926-174241_p4_c4_r3,4553,perf_20260926-174241_p4_c4_r3,2,1129,1790437538944,0,1790437538984.96,40.752,48.317,1790437539075.034,Normal,0.9324
WIX,18416,20260926-174241_p4_c4_r3,4555,perf_20260926-174241_p4_c4_r3,2,1130,1790437539022,0,1790437539078.031,62.165,44.907,1790437539185.104,Normal,0.9704
WIX,18416,20260926-174241_p4_c4_r3,4556,perf_20260926-174241_p4_c4_r3,2,1131,1790437539054,0,1790437539186.133,46.139,44.691,1790437539276.962,Normal,0.9611
WIX,18416,20260926-174241_p4_c4_r3,4561,perf_20260926-174241_p4_c4_r3,2,1132,1790437539225,0,1790437539279.962,27.725,47.522,1790437539356.206,Normal,0.9375
WIX,18416,20260926-174241_p4_c4_r3,4562,perf_20260926-174241_p4_c4_r3,2,1133,1790437539257,0,1790437539356.206,30.013,44.842,1790437539432.056,Normal,0.9535
WIX,18416,20260926-174241_p4_c4_r3,4569,perf_20260926-174241_p4_c4_r3,2,1134,1790437539506,0,1790437539510.207,65.14,46.783,1790437539622.688,Normal,0.9349
WIX,18416,20260926-174241_p4_c4_r3,4586,perf_20260926-174241_p4_c4_r3,2,1135,1790437540086,0,1790437540089.03,37.123,45.528,1790437540171.682,Normal,0.9607
WIX,18416,20260926-174241_p4_c4_r3,4602,perf_20260926-174241_p4_c4_r3,2,1136,1790437540636,0,1790437540638.751,46.548,50.191,1790437540736.485,Normal,0.8121
WIX,18416,20260926-174241_p4_c4_r3,4606,perf_20260926-174241_p4_c4_r3,2,1137,1790437540777,0,1790437540779.511,27.76,47.18,1790437540855.448,Normal,0.9477
WIX,18416,20260926-174241_p4_c4_r3,4607,perf_20260926-174241_p4_c4_r3,2,1138,1790437540808,0,1790437540857.487,48.174,46.931,1790437540953.59,Normal,0.9658
WIX,18416,20260926-174241_p4_c4_r3,4625,perf_20260926-174241_p4_c4_r3,2,1139,1790437541422,0,1790437541425.696,23.649,44.388,1790437541493.734,Normal,0.8412
WIX,18416,20260926-174241_p4_c4_r3,4626,perf_20260926-174241_p4_c4_r3,2,1140,1790437541470,0,1790437541497.771,25.2,44.563,1790437541567.533,Normal,0.9217
WIX,18416,20260926-174241_p4_c4_r3,4630,perf_20260926-174241_p4_c4_r3,2,1141,1790437541596,0,1790437541599.553,60.697,46.703,1790437541707.509,Normal,0.975
WIX,18416,20260926-174241_p4_c4_r3,4632,perf_20260926-174241_p4_c4_r3,2,1142,1790437541673,0,1790437541710.506,50.528,47.848,1790437541808.883,Normal,0.8636
WIX,18416,20260926-174241_p4_c4_r3,4634,perf_20260926-174241_p4_c4_r3,2,1143,1790437541737,0,1790437541811.914,44.638,45.403,1790437541902.956,Normal,0.919
WIX,18416,20260926-174241_p4_c4_r3,4639,perf_20260926-174241_p4_c4_r3,2,1144,1790437541910,0,1790437541913.121,46.535,45.548,1790437542006.205,Normal,0.9789
WIX,18416,20260926-174241_p4_c4_r3,4643,perf_20260926-174241_p4_c4_r3,2,1145,1790437542051,0,1790437542054.867,40.039,45.431,1790437542141.333,Normal,0.956
WIX,18416,20260926-174241_p4_c4_r3,4645,perf_20260926-174241_p4_c4_r3,2,1146,1790437542115,0,1790437542143.376,41.933,50.669,1790437542236.98,Normal,0.9386
WIX,18416,20260926-174241_p4_c4_r3,4648,perf_20260926-174241_p4_c4_r3,2,1147,1790437542226,0,1790437542239.034,42.413,45.914,1790437542328.362,Normal,0.9725
WIX,18416,20260926-174241_p4_c4_r3,4650,perf_20260926-174241_p4_c4_r3,2,1148,1790437542289,0,1790437542330.365,45.576,46.051,1790437542422.995,Normal,0.9434
WIX,18416,20260926-174241_p4_c4_r3,4655,perf_20260926-174241_p4_c4_r3,2,1149,1790437542462,0,1790437542465.346,30.011,45.691,1790437542542.049,Normal,0.9668
WIX,18416,20260926-174241_p4_c4_r3,4656,perf_20260926-174241_p4_c4_r3,2,1150,1790437542494,0,1790437542545.051,28.523,44.89,1790437542619.461,Normal,0.9645
WIX,18416,20260926-174241_p4_c4_r3,4657,perf_20260926-174241_p4_c4_r3,2,1151,1790437542526,0,1790437542620.087,46.22,46.663,1790437542712.97,Normal,0.9241
WIX,18416,20260926-174241_p4_c4_r3,4663,perf_20260926-174241_p4_c4_r3,2,1152,1790437542745,0,1790437542749.191,99.469,47.984,1790437542897.641,OFFENSIVE,0.3854
WIX,18416,20260926-174241_p4_c4_r3,4664,perf_20260926-174241_p4_c4_r3,2,1153,1790437542777,0,1790437542900.669,30.749,44.394,1790437542976.822,Normal,0.9048
WIX,18416,20260926-174241_p4_c4_r3,4665,perf_20260926-174241_p4_c4_r3,2,1154,1790437542808,0,1790437542977.363,44.8,45.986,1790437543069.224,Normal,0.6064
WIX,18416,20260926-174241_p4_c4_r3,4668,perf_20260926-174241_p4_c4_r3,2,1155,1790437542918,0,1790437543071.228,35.045,44.076,1790437543150.349,Normal,0.9608
WIX,18416,20260926-174241_p4_c4_r3,4669,perf_20260926-174241_p4_c4_r3,2,1156,1790437542950,0,1790437543150.349,48.8,49.424,1790437543249.137,Normal,0.9646
WIX,18416,20260926-174241_p4_c4_r3,4681,perf_20260926-174241_p4_c4_r3,2,1157,1790437543354,0,1790437543356.188,44.119,45.169,1790437543446.465,Normal,0.9711
WIX,18416,20260926-174241_p4_c4_r3,4687,perf_20260926-174241_p4_c4_r3,2,1158,1790437543573,0,1790437543576.784,41.16,49.27,1790437543668.213,Normal,0.7883
WIX,18416,20260926-174241_p4_c4_r3,4692,perf_20260926-174241_p4_c4_r3,2,1159,1790437543746,0,1790437543748.467,32.459,49.838,1790437543830.765,Normal,0.9468
WIX,18416,20260926-174241_p4_c4_r3,4696,perf_20260926-174241_p4_c4_r3,2,1160,1790437543873,0,1790437543876.21,37.84,45.239,1790437543959.289,Normal,0.9309
WIX,18416,20260926-174241_p4_c4_r3,4697,perf_20260926-174241_p4_c4_r3,2,1161,1790437543920,0,1790437543962.288,59.206,47.213,1790437544069.708,Normal,0.9681
WIX,18416,20260926-174241_p4_c4_r3,4705,perf_20260926-174241_p4_c4_r3,2,1162,1790437544185,0,1790437544188.71,35.882,44.789,1790437544269.381,Normal,0.9475
WIX,18416,20260926-174241_p4_c4_r3,4711,perf_20260926-174241_p4_c4_r3,2,1163,1790437544390,0,1790437544393.041,35.134,45.786,1790437544473.96,Normal,0.9412
WIX,18416,20260926-174241_p4_c4_r3,4716,perf_20260926-174241_p4_c4_r3,2,1164,1790437544561,0,1790437544563.383,30.012,47.369,1790437544640.764,Normal,0.8095
WIX,18416,20260926-174241_p4_c4_r3,4717,perf_20260926-174241_p4_c4_r3,2,1165,1790437544608,0,1790437544642.75,31.528,44.12,1790437544719.4,Normal,0.9557
WIX,18416,20260926-174241_p4_c4_r3,4723,perf_20260926-174241_p4_c4_r3,2,1166,1790437544813,0,1790437544815.664,36.755,44.137,1790437544897.55,Normal,0.8039
WIX,18416,20260926-174241_p4_c4_r3,4727,perf_20260926-174241_p4_c4_r3,2,1167,1790437544954,0,1790437544957.503,63.574,51.046,1790437545072.123,OFFENSIVE,0.9518
WIX,18416,20260926-174241_p4_c4_r3,4728,perf_20260926-174241_p4_c4_r3,2,1168,1790437544986,0,1790437545075.127,46.57,45.982,1790437545168.676,Normal,0.929
WIX,18416,20260926-174241_p4_c4_r3,4729,perf_20260926-174241_p4_c4_r3,2,1169,1790437545017,0,1790437545168.676,39.018,47.755,1790437545256.445,Normal,0.9285
WIX,18416,20260926-174241_p4_c4_r3,4731,perf_20260926-174241_p4_c4_r3,2,1170,1790437545080,0,1790437545259.443,37.002,49.033,1790437545346.492,Normal,0.9718
WIX,18416,20260926-174241_p4_c4_r3,4732,perf_20260926-174241_p4_c4_r3,2,1171,1790437545127,0,1790437545347.485,33.177,44.593,1790437545426.246,Normal,0.942
WIX,18416,20260926-174241_p4_c4_r3,4733,perf_20260926-174241_p4_c4_r3,2,1172,1790437545159,0,1790437545426.246,49.523,44.3,1790437545521.064,Normal,0.9442
WIX,18416,20260926-174241_p4_c4_r3,4738,perf_20260926-174241_p4_c4_r3,2,1173,1790437545332,0,1790437545523.59,32.149,47.685,1790437545603.424,Normal,0.9375
WIX,18416,20260926-174241_p4_c4_r3,4742,perf_20260926-174241_p4_c4_r3,2,1174,1790437545457,0,1790437545604.452,38.713,43.664,1790437545687.839,Normal,0.5899
WIX,18416,20260926-174241_p4_c4_r3,4743,perf_20260926-174241_p4_c4_r3,2,1175,1790437545505,0,1790437545687.839,46.19,44.898,1790437545778.927,Normal,0.4662
WIX,18416,20260926-174241_p4_c4_r3,4745,perf_20260926-174241_p4_c4_r3,2,1176,1790437545568,0,1790437545780.93,46.296,44.04,1790437545871.266,Normal,0.9068
WIX,18416,20260926-174241_p4_c4_r3,4752,perf_20260926-174241_p4_c4_r3,2,1177,1790437545806,0,1790437545873.268,61.676,49.472,1790437545984.416,Normal,0.9388
WIX,18416,20260926-174241_p4_c4_r3,4754,perf_20260926-174241_p4_c4_r3,2,1178,1790437545884,0,1790437545987.712,51.49,44.581,1790437546084.358,Normal,0.9375
WIX,18416,20260926-174241_p4_c4_r3,4755,perf_20260926-174241_p4_c4_r3,2,1179,1790437545915,0,1790437546085.357,41.179,50.418,1790437546176.954,Normal,0.9571
WIX,18416,20260926-174241_p4_c4_r3,4758,perf_20260926-174241_p4_c4_r3,2,1180,1790437546008,0,1790437546180.105,48.601,54.301,1790437546284.024,Normal,0.9469
WIX,18416,20260926-174241_p4_c4_r3,4759,perf_20260926-174241_p4_c4_r3,2,1181,1790437546055,0,1790437546285.032,69.619,48.801,1790437546404.454,Normal,0.8566
WIX,18416,20260926-174241_p4_c4_r3,4761,perf_20260926-174241_p4_c4_r3,2,1182,1790437546117,0,1790437546405.45,238.671,47.292,1790437546691.413,Normal,0.98
WIX,18416,20260926-174241_p4_c4_r3,4768,perf_20260926-174241_p4_c4_r3,2,1183,1790437546367,0,1790437546698.944,85.967,52.086,1790437546838.0,OFFENSIVE,0.4995
WIX,18416,20260926-174241_p4_c4_r3,4771,perf_20260926-174241_p4_c4_r3,2,1184,1790437546460,0,1790437546838.0,62.487,49.932,1790437546950.419,Normal,0.8892
WIX,18416,20260926-174241_p4_c4_r3,4774,perf_20260926-174241_p4_c4_r3,2,1185,1790437546570,0,1790437546950.419,49.213,44.925,1790437547045.656,Normal,0.9498
WIX,18416,20260926-174241_p4_c4_r3,4784,perf_20260926-174241_p4_c4_r3,2,1186,1790437546917,0,1790437547048.655,49.045,47.992,1790437547145.692,Normal,0.8658
WIX,18416,20260926-174241_p4_c4_r3,4791,perf_20260926-174241_p4_c4_r3,2,1187,1790437547153,0,1790437547157.204,64.167,45.687,1790437547267.057,Normal,0.951
WIX,18416,20260926-174241_p4_c4_r3,4792,perf_20260926-174241_p4_c4_r3,2,1188,1790437547184,0,1790437547270.059,50.22,51.227,1790437547372.493,Normal,0.9561
WIX,18416,20260926-174241_p4_c4_r3,4793,perf_20260926-174241_p4_c4_r3,2,1189,1790437547216,0,1790437547372.493,79.593,45.129,1790437547498.229,Normal,0.9629
WIX,18416,20260926-174241_p4_c4_r3,4794,perf_20260926-174241_p4_c4_r3,2,1190,1790437547264,0,1790437547498.825,56.649,54.156,1790437547609.631,Normal,0.8735
WIX,18416,20260926-174241_p4_c4_r3,4796,perf_20260926-174241_p4_c4_r3,2,1191,1790437547326,0,1790437547617.997,77.608,50.297,1790437547745.903,Normal,0.9255
WIX,18416,20260926-174241_p4_c4_r3,4798,perf_20260926-174241_p4_c4_r3,2,1192,1790437547388,0,1790437547745.903,63.876,42.203,1790437547854.468,Normal,0.8842
WIX,18416,20260926-174241_p4_c4_r3,4799,perf_20260926-174241_p4_c4_r3,2,1193,1790437547435,0,1790437547854.468,49.804,44.706,1790437547949.978,Normal,0.9023
WIX,18416,20260926-174241_p4_c4_r3,4801,perf_20260926-174241_p4_c4_r3,2,1194,1790437547498,0,1790437547949.978,34.098,47.227,1790437548032.286,Normal,0.4513
WIX,18416,20260926-174241_p4_c4_r3,4802,perf_20260926-174241_p4_c4_r3,2,1195,1790437547528,0,1790437548032.286,42.478,47.204,1790437548122.474,Normal,0.9497
WIX,18416,20260926-174241_p4_c4_r3,4807,perf_20260926-174241_p4_c4_r3,2,1196,1790437547699,0,1790437548126.472,40.004,47.017,1790437548213.492,Normal,0.4863
WIX,18416,20260926-174241_p4_c4_r3,4814,perf_20260926-174241_p4_c4_r3,2,1197,1790437547948,0,1790437548213.492,64.715,44.902,1790437548324.112,Normal,0.9541
WIX,18416,20260926-174241_p4_c4_r3,4816,perf_20260926-174241_p4_c4_r3,2,1198,1790437548011,0,1790437548325.126,28.163,47.105,1790437548400.911,Normal,0.9608
WIX,18416,20260926-174241_p4_c4_r3,4821,perf_20260926-174241_p4_c4_r3,2,1199,1790437548182,0,1790437548406.65,60.638,46.01,1790437548513.299,Normal,0.963
WIX,18416,20260926-174241_p4_c4_r3,4825,perf_20260926-174241_p4_c4_r3,2,1200,1790437548323,0,1790437548514.298,50.602,59.243,1790437548625.144,Normal,0.3707
WIX,18416,20260926-174241_p4_c4_r3,4831,perf_20260926-174241_p4_c4_r3,2,1201,1790437548526,0,1790437548629.687,76.753,48.31,1790437548756.25,Normal,0.9475
WIX,18416,20260926-174241_p4_c4_r3,4832,perf_20260926-174241_p4_c4_r3,2,1202,1790437548573,0,1790437548756.25,74.311,45.96,1790437548877.536,Normal,0.9593
WIX,18416,20260926-174241_p4_c4_r3,4835,perf_20260926-174241_p4_c4_r3,2,1203,1790437548668,0,1790437548880.897,24.756,46.14,1790437548952.786,Normal,0.9504
WIX,18416,20260926-174241_p4_c4_r3,4845,perf_20260926-174241_p4_c4_r3,2,1204,1790437549011,0,1790437549013.24,41.912,46.034,1790437549101.187,Normal,0.9567
WIX,18416,20260926-174241_p4_c4_r3,4847,perf_20260926-174241_p4_c4_r3,2,1205,1790437549090,0,1790437549103.188,31.211,44.641,1790437549180.034,Normal,0.9384
WIX,18416,20260926-174241_p4_c4_r3,4851,perf_20260926-174241_p4_c4_r3,2,1206,1790437549217,0,1790437549219.925,37.811,43.03,1790437549301.767,Normal,0.9097
WIX,18416,20260926-174241_p4_c4_r3,4860,perf_20260926-174241_p4_c4_r3,2,1207,1790437549531,0,1790437549533.988,24.652,47.158,1790437549606.765,Normal,0.9584
WIX,18416,20260926-174241_p4_c4_r3,4864,perf_20260926-174241_p4_c4_r3,2,1208,1790437549672,0,1790437549676.189,46.167,42.715,1790437549766.06,Normal,0.9711
WIX,18416,20260926-174241_p4_c4_r3,4865,perf_20260926-174241_p4_c4_r3,2,1209,1790437549704,0,1790437549769.06,54.569,45.647,1790437549870.276,Normal,0.9715
WIX,18416,20260926-174241_p4_c4_r3,4868,perf_20260926-174241_p4_c4_r3,2,1210,1790437549815,0,1790437549873.276,48.04,48.692,1790437549970.547,Normal,0.6944
WIX,18416,20260926-174241_p4_c4_r3,4871,perf_20260926-174241_p4_c4_r3,2,1211,1790437549909,0,1790437549973.543,37.011,43.795,1790437550054.349,Normal,0.9723
WIX,18416,20260926-174241_p4_c4_r3,4872,perf_20260926-174241_p4_c4_r3,2,1212,1790437549940,0,1790437550055.348,33.582,44.358,1790437550134.243,Normal,0.5047
WIX,18416,20260926-174241_p4_c4_r3,4873,perf_20260926-174241_p4_c4_r3,2,1213,1790437549987,0,1790437550137.248,49.569,45.241,1790437550232.058,Normal,0.9766
WIX,18416,20260926-174241_p4_c4_r3,4876,perf_20260926-174241_p4_c4_r3,2,1214,1790437550079,0,1790437550233.06,29.705,43.945,1790437550306.71,OFFENSIVE,0.8193
WIX,18416,20260926-174241_p4_c4_r3,4894,perf_20260926-174241_p4_c4_r3,2,1215,1790437550708,0,1790437550710.335,31.205,47.53,1790437550789.07,Normal,0.9475
WIX,18416,20260926-174241_p4_c4_r3,4896,perf_20260926-174241_p4_c4_r3,2,1216,1790437550771,0,1790437550792.068,32.53,47.119,1790437550872.717,Normal,0.9475
WIX,18416,20260926-174241_p4_c4_r3,4900,perf_20260926-174241_p4_c4_r3,2,1217,1790437550911,0,1790437550914.727,35.188,46.519,1790437550997.432,Normal,0.9233
WIX,18416,20260926-174241_p4_c4_r3,4902,perf_20260926-174241_p4_c4_r3,2,1218,1790437550989,0,1790437551000.431,32.14,44.572,1790437551078.143,Normal,0.943
WIX,18416,20260926-174241_p4_c4_r3,4907,perf_20260926-174241_p4_c4_r3,2,1219,1790437551147,0,1790437551151.248,47.515,46.966,1790437551246.725,Normal,0.9473
WIX,18416,20260926-174241_p4_c4_r3,4909,perf_20260926-174241_p4_c4_r3,2,1220,1790437551226,0,1790437551250.731,36.543,44.911,1790437551333.183,Normal,0.9096
WIX,18416,20260926-174241_p4_c4_r3,4917,perf_20260926-174241_p4_c4_r3,2,1221,1790437551493,0,1790437551496.211,33.167,47.941,1790437551577.32,Normal,0.9473
WIX,18416,20260926-174241_p4_c4_r3,4918,perf_20260926-174241_p4_c4_r3,2,1222,1790437551540,0,1790437551580.319,56.263,44.222,1790437551680.804,Normal,0.971
WIX,18416,20260926-174241_p4_c4_r3,4923,perf_20260926-174241_p4_c4_r3,2,1223,1790437551712,0,1790437551714.912,25.258,46.262,1790437551786.433,Normal,0.7874
WIX,18416,20260926-174241_p4_c4_r3,4925,perf_20260926-174241_p4_c4_r3,2,1224,1790437551775,0,1790437551789.401,57.095,44.553,1790437551891.049,Normal,0.934
WIX,18416,20260926-174241_p4_c4_r3,4943,perf_20260926-174241_p4_c4_r3,2,1225,1790437552388,0,1790437552392.168,35.9,45.428,1790437552473.496,Normal,0.9509
WIX,18416,20260926-174241_p4_c4_r3,4946,perf_20260926-174241_p4_c4_r3,2,1226,1790437552499,0,1790437552502.495,33.36,47.128,1790437552582.983,Normal,0.956
WIX,18416,20260926-174241_p4_c4_r3,4952,perf_20260926-174241_p4_c4_r3,2,1227,1790437552701,0,1790437552704.935,36.228,50.503,1790437552791.665,Normal,0.9653
WIX,18416,20260926-174241_p4_c4_r3,4957,perf_20260926-174241_p4_c4_r3,2,1228,1790437552874,0,1790437552876.367,42.013,46.643,1790437552965.022,Normal,0.9659
WIX,18416,20260926-174241_p4_c4_r3,4961,perf_20260926-174241_p4_c4_r3,2,1229,1790437553015,0,1790437553019.424,44.449,44.361,1790437553108.802,Normal,0.9385
WIX,18416,20260926-174241_p4_c4_r3,4964,perf_20260926-174241_p4_c4_r3,2,1230,1790437553122,0,1790437553124.808,43.672,46.244,1790437553215.721,Normal,0.8887
WIX,18416,20260926-174241_p4_c4_r3,4970,perf_20260926-174241_p4_c4_r3,2,1231,1790437553327,0,1790437553330.571,33.557,42.569,1790437553406.697,Normal,0.9608
WIX,18416,20260926-174241_p4_c4_r3,4971,perf_20260926-174241_p4_c4_r3,2,1232,1790437553359,0,1790437553408.696,48.281,50.708,1790437553508.686,Normal,0.8973
WIX,18416,20260926-174241_p4_c4_r3,4972,perf_20260926-174241_p4_c4_r3,2,1233,1790437553390,0,1790437553509.687,44.365,46.195,1790437553600.247,Normal,0.9198
WIX,18416,20260926-174241_p4_c4_r3,4977,perf_20260926-174241_p4_c4_r3,2,1234,1790437553561,0,1790437553602.249,35.671,50.973,1790437553688.893,Normal,0.9629
WIX,18416,20260926-174241_p4_c4_r3,4979,perf_20260926-174241_p4_c4_r3,2,1235,1790437553640,0,1790437553691.896,42.55,45.712,1790437553781.157,Normal,0.9473
WIX,18416,20260926-174241_p4_c4_r3,4994,perf_20260926-174241_p4_c4_r3,2,1236,1790437554160,0,1790437554162.829,29.009,47.014,1790437554238.851,Normal,0.9418
WIX,18416,20260926-174241_p4_c4_r3,5002,perf_20260926-174241_p4_c4_r3,2,1237,1790437554427,0,1790437554434.481,42.629,49.066,1790437554526.177,Normal,0.7995
WIX,18416,20260926-174241_p4_c4_r3,5005,perf_20260926-174241_p4_c4_r3,2,1238,1790437554536,0,1790437554538.475,34.558,54.354,1790437554628.385,Normal,0.8695
WIX,18416,20260926-174241_p4_c4_r3,5007,perf_20260926-174241_p4_c4_r3,2,1239,1790437554600,0,1790437554630.987,29.03,46.07,1790437554706.086,Normal,0.9625
WIX,18416,20260926-174241_p4_c4_r3,5010,perf_20260926-174241_p4_c4_r3,2,1240,1790437554710,0,1790437554713.088,24.042,47.119,1790437554785.258,Normal,0.9375
WIX,18416,20260926-174241_p4_c4_r3,5015,perf_20260926-174241_p4_c4_r3,2,1241,1790437554881,0,1790437554884.892,32.009,48.776,1790437554966.68,Normal,0.8683
WIX,18416,20260926-174241_p4_c4_r3,5029,perf_20260926-174241_p4_c4_r3,2,1242,1790437555368,0,1790437555371.506,42.999,45.826,1790437555461.334,Normal,0.9703
WIX,18416,20260926-174241_p4_c4_r3,5031,perf_20260926-174241_p4_c4_r3,2,1243,1790437555431,0,1790437555464.331,25.519,44.064,1790437555534.91,Normal,0.9572
WIX,18416,20260926-174241_p4_c4_r3,5033,perf_20260926-174241_p4_c4_r3,2,1244,1790437555494,0,1790437555537.938,32.265,45.979,1790437555616.182,Normal,0.8966
WIX,18416,20260926-174241_p4_c4_r3,5034,perf_20260926-174241_p4_c4_r3,2,1245,1790437555526,0,1790437555616.182,32.193,44.538,1790437555693.91,Normal,0.9642
WIX,18416,20260926-174241_p4_c4_r3,5036,perf_20260926-174241_p4_c4_r3,2,1246,1790437555605,0,1790437555696.914,41.653,43.012,1790437555781.579,Normal,0.9441
WIX,18416,20260926-174241_p4_c4_r3,5047,perf_20260926-174241_p4_c4_r3,2,1247,1790437555980,0,1790437555985.367,60.92,44.529,1790437556091.354,Normal,0.9104
WIX,18416,20260926-174241_p4_c4_r3,5049,perf_20260926-174241_p4_c4_r3,2,1248,1790437556057,0,1790437556093.357,29.453,44.848,1790437556168.693,Normal,0.9627
WIX,18416,20260926-174241_p4_c4_r3,5053,perf_20260926-174241_p4_c4_r3,2,1249,1790437556181,0,1790437556184.218,27.894,46.747,1790437556258.859,Normal,0.7826
WIX,18416,20260926-174241_p4_c4_r3,5055,perf_20260926-174241_p4_c4_r3,2,1250,1790437556259,0,1790437556262.856,49.515,45.663,1790437556359.035,Normal,0.9473
WIX,18416,20260926-174241_p4_c4_r3,5056,perf_20260926-174241_p4_c4_r3,2,1251,1790437556291,0,1790437556362.039,26.618,46.614,1790437556436.497,Normal,0.878
WIX,18416,20260926-174241_p4_c4_r3,5058,perf_20260926-174241_p4_c4_r3,2,1252,1790437556354,0,1790437556437.495,28.053,44.522,1790437556510.07,Normal,0.8052
WIX,18416,20260926-174241_p4_c4_r3,5059,perf_20260926-174241_p4_c4_r3,2,1253,1790437556401,0,1790437556513.069,43.936,43.533,1790437556600.538,Normal,0.9527
WIX,18416,20260926-174241_p4_c4_r3,5065,perf_20260926-174241_p4_c4_r3,2,1254,1790437556605,0,1790437556607.606,26.061,45.384,1790437556679.051,Normal,0.8661
WIX,18416,20260926-174241_p4_c4_r3,5067,perf_20260926-174241_p4_c4_r3,2,1255,1790437556666,0,1790437556682.054,37.523,44.71,1790437556764.287,Normal,0.9686
WIX,18416,20260926-174241_p4_c4_r3,5074,perf_20260926-174241_p4_c4_r3,2,1256,1790437556918,0,1790437556921.932,55.673,43.464,1790437557022.068,OFFENSIVE,0.8184
WIX,18416,20260926-174241_p4_c4_r3,5077,perf_20260926-174241_p4_c4_r3,2,1257,1790437557012,0,1790437557025.068,29.127,44.925,1790437557099.119,Normal,0.9672
WIX,18416,20260926-174241_p4_c4_r3,5083,perf_20260926-174241_p4_c4_r3,2,1258,1790437557215,0,1790437557217.38,31.582,48.57,1790437557298.509,Normal,0.9604
WIX,18416,20260926-174241_p4_c4_r3,5085,perf_20260926-174241_p4_c4_r3,2,1259,1790437557293,0,1790437557300.965,40.223,51.73,1790437557393.932,Normal,0.9444
WIX,18416,20260926-174241_p4_c4_r3,5086,perf_20260926-174241_p4_c4_r3,2,1260,1790437557325,0,1790437557395.935,59.867,50.701,1790437557506.503,Normal,0.9679
WIX,18416,20260926-174241_p4_c4_r3,5089,perf_20260926-174241_p4_c4_r3,2,1261,1790437557433,0,1790437557510.525,63.546,44.473,1790437557620.529,Normal,0.9593
WIX,18416,20260926-174241_p4_c4_r3,5091,perf_20260926-174241_p4_c4_r3,2,1262,1790437557496,0,1790437557621.52,47.556,50.392,1790437557720.458,Normal,0.6308
WIX,18416,20260926-174241_p4_c4_r3,5094,perf_20260926-174241_p4_c4_r3,2,1263,1790437557604,0,1790437557722.459,31.189,44.636,1790437557799.281,Normal,0.9219
WIX,18416,20260926-174241_p4_c4_r3,5095,perf_20260926-174241_p4_c4_r3,2,1264,1790437557636,0,1790437557800.3,52.89,46.611,1790437557900.365,OFFENSIVE,0.9006
WIX,18416,20260926-174241_p4_c4_r3,5097,perf_20260926-174241_p4_c4_r3,2,1265,1790437557715,0,1790437557901.877,46.051,51.305,1790437558000.245,Normal,0.9669
WIX,18416,20260926-174241_p4_c4_r3,5103,perf_20260926-174241_p4_c4_r3,2,1266,1790437557919,0,1790437558003.797,52.583,49.859,1790437558106.803,Normal,0.7772
WIX,18416,20260926-174241_p4_c4_r3,5107,perf_20260926-174241_p4_c4_r3,2,1267,1790437558044,0,1790437558116.689,80.211,46.461,1790437558243.361,Normal,0.8844
WIX,18416,20260926-174241_p4_c4_r3,5114,perf_20260926-174241_p4_c4_r3,2,1268,1790437558294,0,1790437558299.554,64.488,48.768,1790437558413.94,Normal,0.9566
WIX,18416,20260926-174241_p4_c4_r3,5119,perf_20260926-174241_p4_c4_r3,2,1269,1790437558466,0,1790437558469.201,64.574,50.046,1790437558584.821,Normal,0.9608
WIX,18416,20260926-174241_p4_c4_r3,5122,perf_20260926-174241_p4_c4_r3,2,1270,1790437558576,0,1790437558587.824,66.032,45.574,1790437558699.429,Normal,0.9727
WIX,18416,20260926-174241_p4_c4_r3,5125,perf_20260926-174241_p4_c4_r3,2,1271,1790437558672,0,1790437558703.435,73.455,45.052,1790437558822.925,Normal,0.9483
WIX,18416,20260926-174241_p4_c4_r3,5128,perf_20260926-174241_p4_c4_r3,2,1272,1790437558779,0,1790437558825.963,31.653,54.136,1790437558912.745,Normal,0.9451
WIX,18416,20260926-174241_p4_c4_r3,5147,perf_20260926-174241_p4_c4_r3,2,1273,1790437559423,0,1790437559427.431,46.533,44.011,1790437559520.272,Normal,0.9521
WIX,18416,20260926-174241_p4_c4_r3,5150,perf_20260926-174241_p4_c4_r3,2,1274,1790437559534,0,1790437559536.331,26.293,44.39,1790437559607.775,Normal,0.9616
WIX,18416,20260926-174241_p4_c4_r3,5151,perf_20260926-174241_p4_c4_r3,2,1275,1790437559566,0,1790437559611.774,51.323,44.585,1790437559707.683,Normal,0.7381
WIX,18416,20260926-174241_p4_c4_r3,5152,perf_20260926-174241_p4_c4_r3,2,1276,1790437559597,0,1790437559708.698,31.917,44.04,1790437559785.242,Normal,0.9401
WIX,18416,20260926-174241_p4_c4_r3,5157,perf_20260926-174241_p4_c4_r3,2,1277,1790437559769,0,1790437559788.242,43.047,50.743,1790437559882.032,Normal,0.9026
WIX,18416,20260926-174241_p4_c4_r3,5160,perf_20260926-174241_p4_c4_r3,2,1278,1790437559880,0,1790437559885.032,32.046,48.089,1790437559966.146,Normal,0.954
WIX,18416,20260926-174241_p4_c4_r3,5162,perf_20260926-174241_p4_c4_r3,2,1279,1790437559943,0,1790437559968.148,46.601,50.572,1790437560065.322,Normal,0.9206
WIX,18416,20260926-174241_p4_c4_r3,5164,perf_20260926-174241_p4_c4_r3,2,1280,1790437560022,0,1790437560068.369,58.62,45.323,1790437560173.272,Normal,0.9266
WIX,18416,20260926-174241_p4_c4_r3,5167,perf_20260926-174241_p4_c4_r3,2,1281,1790437560116,0,1790437560175.678,36.004,44.148,1790437560256.829,Normal,0.7848
WIX,18416,20260926-174241_p4_c4_r3,5169,perf_20260926-174241_p4_c4_r3,2,1282,1790437560194,0,1790437560259.86,34.626,48.545,1790437560343.031,Normal,0.8657
WIX,18416,20260926-174241_p4_c4_r3,5177,perf_20260926-174241_p4_c4_r3,2,1283,1790437560463,0,1790437560466.957,38.822,50.982,1790437560557.304,Normal,0.9389
WIX,18416,20260926-174241_p4_c4_r3,5178,perf_20260926-174241_p4_c4_r3,2,1284,1790437560494,0,1790437560560.322,35.517,48.541,1790437560645.378,Normal,0.9608
WIX,18416,20260926-174241_p4_c4_r3,5185,perf_20260926-174241_p4_c4_r3,2,1285,1790437560745,0,1790437560748.359,45.548,48.477,1790437560842.384,Normal,0.9544
WIX,18416,20260926-174241_p4_c4_r3,5198,perf_20260926-174241_p4_c4_r3,2,1286,1790437561186,0,1790437561190.763,38.093,43.095,1790437561271.952,Normal,0.9407
WIX,18416,20260926-174241_p4_c4_r3,5199,perf_20260926-174241_p4_c4_r3,2,1287,1790437561218,0,1790437561274.957,42.06,46.868,1790437561364.912,Normal,0.9375
WIX,18416,20260926-174241_p4_c4_r3,5200,perf_20260926-174241_p4_c4_r3,2,1288,1790437561265,0,1790437561365.912,49.52,48.036,1790437561464.467,Normal,0.9662
WIX,18416,20260926-174241_p4_c4_r3,5206,perf_20260926-174241_p4_c4_r3,2,1289,1790437561469,0,1790437561472.468,33.218,48.261,1790437561553.948,Normal,0.8853
WIX,18416,20260926-174241_p4_c4_r3,5211,perf_20260926-174241_p4_c4_r3,2,1290,1790437561643,0,1790437561645.779,50.112,44.656,1790437561741.549,Normal,0.9655
WIX,18416,20260926-174241_p4_c4_r3,5216,perf_20260926-174241_p4_c4_r3,2,1291,1790437561814,0,1790437561816.351,40.172,43.365,1790437561900.884,Normal,0.9688
WIX,18416,20260926-174241_p4_c4_r3,5217,perf_20260926-174241_p4_c4_r3,2,1292,1790437561845,0,1790437561902.897,50.543,49.211,1790437562002.651,Normal,0.9702
WIX,18416,20260926-174241_p4_c4_r3,5218,perf_20260926-174241_p4_c4_r3,2,1293,1790437561877,0,1790437562002.651,41.593,45.897,1790437562091.136,Normal,0.9476
WIX,18416,20260926-174241_p4_c4_r3,5221,perf_20260926-174241_p4_c4_r3,2,1294,1790437561985,0,1790437562093.138,31.008,44.405,1790437562168.551,Normal,0.9423
WIX,18416,20260926-174241_p4_c4_r3,5225,perf_20260926-174241_p4_c4_r3,2,1295,1790437562112,0,1790437562171.552,39.527,43.496,1790437562254.574,Normal,0.9631
WIX,18416,20260926-174241_p4_c4_r3,5228,perf_20260926-174241_p4_c4_r3,2,1296,1790437562223,0,1790437562256.583,39.544,45.099,1790437562342.227,Normal,0.9555
WIX,18416,20260926-174241_p4_c4_r3,5232,perf_20260926-174241_p4_c4_r3,2,1297,1790437562364,0,1790437562367.383,186.401,44.123,1790437562597.907,Normal,0.974
WIX,18416,20260926-174241_p4_c4_r3,5234,perf_20260926-174241_p4_c4_r3,2,1298,1790437562426,0,1790437562601.457,52.323,43.865,1790437562697.646,Normal,0.9668
WIX,18416,20260926-174241_p4_c4_r3,5237,perf_20260926-174241_p4_c4_r3,2,1299,1790437562537,0,1790437562697.646,59.864,46.821,1790437562805.329,Normal,0.9494
WIX,18416,20260926-174241_p4_c4_r3,5246,perf_20260926-174241_p4_c4_r3,2,1300,1790437562837,0,1790437562839.138,66.205,44.339,1790437562950.265,Normal,0.9578
WIX,18416,20260926-174241_p4_c4_r3,5247,perf_20260926-174241_p4_c4_r3,2,1301,1790437562883,0,1790437562952.262,50.213,45.583,1790437563048.588,Normal,0.9505
WIX,18416,20260926-174241_p4_c4_r3,5252,perf_20260926-174241_p4_c4_r3,2,1302,1790437563054,0,1790437563058.391,84.561,48.654,1790437563192.612,Normal,0.9641
WIX,18416,20260926-174241_p4_c4_r3,5255,perf_20260926-174241_p4_c4_r3,2,1303,1790437563148,0,1790437563195.608,45.279,45.444,1790437563287.837,Normal,0.9425
WIX,18416,20260926-174241_p4_c4_r3,5256,perf_20260926-174241_p4_c4_r3,2,1304,1790437563195,0,1790437563290.838,36.007,50.713,1790437563377.558,Normal,0.9375
WIX,18416,20260926-174241_p4_c4_r3,5259,perf_20260926-174241_p4_c4_r3,2,1305,1790437563288,0,1790437563379.516,26.033,53.123,1790437563459.644,Normal,0.9526
WIX,18416,20260926-174241_p4_c4_r3,5260,perf_20260926-174241_p4_c4_r3,2,1306,1790437563320,0,1790437563459.644,40.566,46.478,1790437563546.688,Normal,0.9348
WIX,18416,20260926-174241_p4_c4_r3,5261,perf_20260926-174241_p4_c4_r3,2,1307,1790437563368,0,1790437563547.685,27.229,49.699,1790437563624.614,Normal,0.9645
WIX,18416,20260926-174241_p4_c4_r3,5262,perf_20260926-174241_p4_c4_r3,2,1308,1790437563399,0,1790437563627.653,33.159,47.107,1790437563708.917,Normal,0.9725
WIX,18416,20260926-174241_p4_c4_r3,5263,perf_20260926-174241_p4_c4_r3,2,1309,1790437563430,0,1790437563708.917,42.538,48.04,1790437563800.485,OFFENSIVE,0.4827
WIX,18416,20260926-174241_p4_c4_r3,5266,perf_20260926-174241_p4_c4_r3,2,1310,1790437563540,0,1790437563800.485,33.004,45.735,1790437563879.224,Normal,0.9677
WIX,18416,20260926-174241_p4_c4_r3,5268,perf_20260926-174241_p4_c4_r3,2,1311,1790437563602,0,1790437563879.224,33.011,44.201,1790437563957.436,Normal,0.9119
WIX,18416,20260926-174241_p4_c4_r3,5273,perf_20260926-174241_p4_c4_r3,2,1312,1790437563776,0,1790437563959.434,51.243,48.776,1790437564059.453,Normal,0.9347
WIX,18416,20260926-174241_p4_c4_r3,5274,perf_20260926-174241_p4_c4_r3,2,1313,1790437563806,0,1790437564060.461,45.566,49.516,1790437564155.544,Normal,0.9677
WIX,18416,20260926-174241_p4_c4_r3,5283,perf_20260926-174241_p4_c4_r3,2,1314,1790437564121,0,1790437564158.543,45.695,48.855,1790437564253.094,Normal,0.9173
WIX,18416,20260926-174241_p4_c4_r3,5286,perf_20260926-174241_p4_c4_r3,2,1315,1790437564216,0,1790437564255.866,28.073,45.877,1790437564329.816,Normal,0.9173
WIX,18416,20260926-174241_p4_c4_r3,5287,perf_20260926-174241_p4_c4_r3,2,1316,1790437564263,0,1790437564332.815,42.271,47.048,1790437564422.134,Normal,0.9604
WIX,18416,20260926-174241_p4_c4_r3,5290,perf_20260926-174241_p4_c4_r3,2,1317,1790437564358,0,1790437564424.135,29.36,47.653,1790437564501.148,Normal,0.9549
WIX,18416,20260926-174241_p4_c4_r3,5295,perf_20260926-174241_p4_c4_r3,2,1318,1790437564531,0,1790437564533.145,34.745,45.515,1790437564614.36,Normal,0.9746
WIX,18416,20260926-174241_p4_c4_r3,5297,perf_20260926-174241_p4_c4_r3,2,1319,1790437564610,0,1790437564616.36,37.554,44.114,1790437564698.028,Normal,0.9549
WIX,18416,20260926-174241_p4_c4_r3,5298,perf_20260926-174241_p4_c4_r3,2,1320,1790437564642,0,1790437564701.029,59.509,45.892,1790437564806.959,Normal,0.9718
WIX,18416,20260926-174241_p4_c4_r3,5309,perf_20260926-174241_p4_c4_r3,2,1321,1790437565018,0,1790437565022.158,36.269,48.048,1790437565107.488,Normal,0.9375
WIX,18416,20260926-174241_p4_c4_r3,5311,perf_20260926-174241_p4_c4_r3,2,1322,1790437565081,0,1790437565110.515,49.646,43.26,1790437565204.392,Normal,0.9614
WIX,18416,20260926-174241_p4_c4_r3,5314,perf_20260926-174241_p4_c4_r3,2,1323,1790437565192,0,1790437565206.406,38.121,45.331,1790437565289.858,Normal,0.9663
WIX,18416,20260926-174241_p4_c4_r3,5324,perf_20260926-174241_p4_c4_r3,2,1324,1790437565540,0,1790437565543.043,43.414,46.048,1790437565633.5,Normal,0.9626
WIX,18416,20260926-174241_p4_c4_r3,5330,perf_20260926-174241_p4_c4_r3,2,1325,1790437565743,0,1790437565746.25,27.177,43.568,1790437565817.966,Normal,0.9262
WIX,18416,20260926-174241_p4_c4_r3,5337,perf_20260926-174241_p4_c4_r3,2,1326,1790437565979,0,1790437565983.702,47.912,42.842,1790437566075.035,Normal,0.9616
WIX,18416,20260926-174241_p4_c4_r3,5338,perf_20260926-174241_p4_c4_r3,2,1327,1790437566009,0,1790437566077.052,26.599,46.378,1790437566150.58,Normal,0.95
WIX,18416,20260926-174241_p4_c4_r3,5345,perf_20260926-174241_p4_c4_r3,2,1328,1790437566260,0,1790437566263.131,25.526,45.918,1790437566335.604,Normal,0.943
WIX,18416,20260926-174241_p4_c4_r3,5351,perf_20260926-174241_p4_c4_r3,2,1329,1790437566464,0,1790437566466.724,34.673,47.257,1790437566549.616,Normal,0.8827
WIX,18416,20260926-174241_p4_c4_r3,5353,perf_20260926-174241_p4_c4_r3,2,1330,1790437566527,0,1790437566552.619,37.875,51.174,1790437566641.668,Normal,0.9313
WIX,18416,20260926-174241_p4_c4_r3,5356,perf_20260926-174241_p4_c4_r3,2,1331,1790437566637,0,1790437566644.7,50.942,45.797,1790437566741.44,Normal,0.9529
WIX,18416,20260926-174241_p4_c4_r3,5358,perf_20260926-174241_p4_c4_r3,2,1332,1790437566700,0,1790437566743.441,27.159,43.975,1790437566815.572,Normal,0.9427
WIX,18416,20260926-174241_p4_c4_r3,5360,perf_20260926-174241_p4_c4_r3,2,1333,1790437566778,0,1790437566818.579,65.24,44.994,1790437566929.812,Normal,0.9714
WIX,18416,20260926-174241_p4_c4_r3,5363,perf_20260926-174241_p4_c4_r3,2,1334,1790437566872,0,1790437566931.811,39.207,46.106,1790437567018.158,Normal,0.9469
WIX,18416,20260926-174241_p4_c4_r3,5366,perf_20260926-174241_p4_c4_r3,2,1335,1790437566983,0,1790437567021.158,68.83,45.954,1790437567135.943,Normal,0.9727
WIX,18416,20260926-174241_p4_c4_r3,5377,perf_20260926-174241_p4_c4_r3,2,1336,1790437567358,0,1790437567361.068,37.663,45.667,1790437567444.942,Normal,0.9509
WIX,18416,20260926-174241_p4_c4_r3,5382,perf_20260926-174241_p4_c4_r3,2,1337,1790437567532,0,1790437567535.33,47.028,44.524,1790437567627.431,Normal,0.9478
WIX,18416,20260926-174241_p4_c4_r3,5384,perf_20260926-174241_p4_c4_r3,2,1338,1790437567609,0,1790437567629.45,28.887,45.122,1790437567704.466,Normal,0.9373
WIX,18416,20260926-174241_p4_c4_r3,5386,perf_20260926-174241_p4_c4_r3,2,1339,1790437567672,0,1790437567708.468,35.011,44.042,1790437567788.518,Normal,0.9701
WIX,18416,20260926-174241_p4_c4_r3,5388,perf_20260926-174241_p4_c4_r3,2,1340,1790437567735,0,1790437567791.514,49.006,48.04,1790437567889.558,Normal,0.9324
WIX,18416,20260926-174241_p4_c4_r3,5395,perf_20260926-174241_p4_c4_r3,2,1341,1790437567985,0,1790437567988.425,31.982,47.559,1790437568067.966,Normal,0.9495
WIX,18416,20260926-174241_p4_c4_r3,5397,perf_20260926-174241_p4_c4_r3,2,1342,1790437568048,0,1790437568069.974,46.593,47.577,1790437568165.141,Normal,0.9331
WIX,18416,20260926-174241_p4_c4_r3,5399,perf_20260926-174241_p4_c4_r3,2,1343,1790437568126,0,1790437568168.252,47.108,45.553,1790437568261.904,Normal,0.8726
WIX,18416,20260926-174241_p4_c4_r3,5404,perf_20260926-174241_p4_c4_r3,2,1344,1790437568285,0,1790437568287.075,26.045,45.267,1790437568358.387,Normal,0.8477
WIX,18416,20260926-174241_p4_c4_r3,5408,perf_20260926-174241_p4_c4_r3,2,1345,1790437568426,0,1790437568428.612,29.555,47.851,1790437568506.018,Normal,0.9667
WIX,18416,20260926-174241_p4_c4_r3,5409,perf_20260926-174241_p4_c4_r3,2,1346,1790437568458,0,1790437568509.038,29.986,43.254,1790437568582.278,Normal,0.9455
WIX,18416,20260926-174241_p4_c4_r3,5412,perf_20260926-174241_p4_c4_r3,2,1347,1790437568568,0,1790437568584.283,29.554,47.137,1790437568661.974,Normal,0.942
WIX,18416,20260926-174241_p4_c4_r3,5420,perf_20260926-174241_p4_c4_r3,2,1348,1790437568850,0,1790437568853.309,48.785,47.406,1790437568950.502,Normal,0.8948
WIX,18416,20260926-174241_p4_c4_r3,5423,perf_20260926-174241_p4_c4_r3,2,1349,1790437568944,0,1790437568952.731,36.575,43.038,1790437569033.33,Normal,0.8959
WIX,18416,20260926-174241_p4_c4_r3,5430,perf_20260926-174241_p4_c4_r3,2,1350,1790437569194,0,1790437569196.408,54.193,52.819,1790437569303.42,Normal,0.9166
WIX,18416,20260926-174241_p4_c4_r3,5431,perf_20260926-174241_p4_c4_r3,2,1351,1790437569225,0,1790437569307.925,54.799,44.796,1790437569408.086,Normal,0.8958
WIX,18416,20260926-174241_p4_c4_r3,5440,perf_20260926-174241_p4_c4_r3,2,1352,1790437569538,0,1790437569542.395,40.584,44.605,1790437569628.582,Normal,0.9308
WIX,18416,20260926-174241_p4_c4_r3,5443,perf_20260926-174241_p4_c4_r3,2,1353,1790437569633,0,1790437569636.115,47.132,47.406,1790437569730.654,Normal,0.9626
WIX,18416,20260926-174241_p4_c4_r3,5444,perf_20260926-174241_p4_c4_r3,2,1354,1790437569665,0,1790437569732.652,69.381,45.632,1790437569848.664,Normal,0.9435
WIX,18416,20260926-174241_p4_c4_r3,5457,perf_20260926-174241_p4_c4_r3,2,1355,1790437570122,0,1790437570125.49,39.246,53.733,1790437570219.463,Normal,0.9439
WIX,18416,20260926-174241_p4_c4_r3,5461,perf_20260926-174241_p4_c4_r3,2,1356,1790437570263,0,1790437570265.589,48.911,47.23,1790437570361.73,Normal,0.8575
WIX,18416,20260926-174241_p4_c4_r3,5462,perf_20260926-174241_p4_c4_r3,2,1357,1790437570293,0,1790437570363.78,48.526,45.318,1790437570458.616,Normal,0.8813
WIX,18416,20260926-174241_p4_c4_r3,5463,perf_20260926-174241_p4_c4_r3,2,1358,1790437570324,0,1790437570458.616,55.305,44.298,1790437570558.961,Normal,0.9375
WIX,18416,20260926-174241_p4_c4_r3,5471,perf_20260926-174241_p4_c4_r3,2,1359,1790437570607,0,1790437570610.066,45.022,51.376,1790437570707.479,Normal,0.8445
WIX,18416,20260926-174241_p4_c4_r3,5476,perf_20260926-174241_p4_c4_r3,2,1360,1790437570780,0,1790437570783.071,30.55,43.707,1790437570857.329,Normal,0.9725
WIX,18416,20260926-174241_p4_c4_r3,5477,perf_20260926-174241_p4_c4_r3,2,1361,1790437570812,0,1790437570859.331,40.419,46.494,1790437570946.245,Normal,0.9501
WIX,18416,20260926-174241_p4_c4_r3,5480,perf_20260926-174241_p4_c4_r3,2,1362,1790437570907,0,1790437570949.244,27.925,51.248,1790437571028.417,Normal,0.7648
WIX,18416,20260926-174241_p4_c4_r3,5482,perf_20260926-174241_p4_c4_r3,2,1363,1790437570986,0,1790437571031.418,47.312,44.917,1790437571124.245,Normal,0.9638
WIX,18416,20260926-174241_p4_c4_r3,5493,perf_20260926-174241_p4_c4_r3,2,1364,1790437571362,0,1790437571365.431,47.966,46.209,1790437571460.61,Normal,0.9279
WIX,18416,20260926-174241_p4_c4_r3,5500,perf_20260926-174241_p4_c4_r3,2,1365,1790437571598,0,1790437571601.179,43.02,46.114,1790437571691.319,Normal,0.9116
WIX,18416,20260926-174241_p4_c4_r3,5502,perf_20260926-174241_p4_c4_r3,2,1366,1790437571676,0,1790437571694.326,39.006,46.674,1790437571781.001,Normal,0.9506
WIX,18416,20260926-174241_p4_c4_r3,5515,perf_20260926-174241_p4_c4_r3,2,1367,1790437572115,0,1790437572117.678,48.045,46.619,1790437572212.343,Normal,0.908
WIX,18416,20260926-174241_p4_c4_r3,5517,perf_20260926-174241_p4_c4_r3,2,1368,1790437572195,0,1790437572214.321,38.01,47.783,1790437572301.151,Normal,0.9569
WIX,18416,20260926-174241_p4_c4_r3,5524,perf_20260926-174241_p4_c4_r3,2,1369,1790437572431,0,1790437572434.993,30.754,51.155,1790437572516.903,Normal,0.6987
WIX,18416,20260926-174241_p4_c4_r3,5526,perf_20260926-174241_p4_c4_r3,2,1370,1790437572495,0,1790437572518.901,31.001,47.417,1790437572598.318,Normal,0.9639
WIX,18416,20260926-174241_p4_c4_r3,5530,perf_20260926-174241_p4_c4_r3,2,1371,1790437572637,0,1790437572639.311,34.138,44.315,1790437572718.764,Normal,0.9484
WIX,18416,20260926-174241_p4_c4_r3,5540,perf_20260926-174241_p4_c4_r3,2,1372,1790437572982,0,1790437572985.447,57.412,43.502,1790437573087.46,Normal,0.9802
WIX,18416,20260926-174241_p4_c4_r3,5542,perf_20260926-174241_p4_c4_r3,2,1373,1790437573044,0,1790437573089.557,44.161,44.965,1790437573179.668,Normal,0.9561
WIX,18416,20260926-174241_p4_c4_r3,5544,perf_20260926-174241_p4_c4_r3,2,1374,1790437573121,0,1790437573182.679,44.194,45.693,1790437573273.122,Normal,0.9485
WIX,18416,20260926-174241_p4_c4_r3,5546,perf_20260926-174241_p4_c4_r3,2,1375,1790437573184,0,1790437573277.025,42.397,47.652,1790437573367.074,Normal,0.9255
WIX,18416,20260926-174241_p4_c4_r3,5550,perf_20260926-174241_p4_c4_r3,2,1376,1790437573323,0,1790437573370.081,48.364,45.887,1790437573465.359,Normal,0.9173
WIX,18416,20260926-174241_p4_c4_r3,5567,perf_20260926-174241_p4_c4_r3,2,1377,1790437573916,0,1790437573918.539,35.545,44.866,1790437573998.95,Normal,0.949
WIX,18416,20260926-174241_p4_c4_r3,5572,perf_20260926-174241_p4_c4_r3,2,1378,1790437574088,0,1790437574090.331,28.6,43.583,1790437574162.514,Normal,0.8029
WIX,18416,20260926-174241_p4_c4_r3,5574,perf_20260926-174241_p4_c4_r3,2,1379,1790437574150,0,1790437574165.326,26.907,44.878,1790437574237.517,Normal,0.9375
WIX,18416,20260926-174241_p4_c4_r3,5575,perf_20260926-174241_p4_c4_r3,2,1380,1790437574181,0,1790437574239.521,25.245,45.369,1790437574311.102,Normal,0.9639
WIX,18416,20260926-174241_p4_c4_r3,5582,perf_20260926-174241_p4_c4_r3,2,1381,1790437574433,0,1790437574435.993,33.154,44.819,1790437574513.966,Normal,0.8992
WIX,18416,20260926-174241_p4_c4_r3,5588,perf_20260926-174241_p4_c4_r3,2,1382,1790437574638,0,1790437574641.599,42.238,46.423,1790437574731.252,Normal,0.9633
WIX,18416,20260926-174241_p4_c4_r3,5595,perf_20260926-174241_p4_c4_r3,2,1383,1790437574874,0,1790437574877.615,48.673,44.608,1790437574970.895,Normal,0.872
WIX,18416,20260926-174241_p4_c4_r3,5603,perf_20260926-174241_p4_c4_r3,2,1384,1790437575158,0,1790437575161.134,45.276,44.998,1790437575252.41,Normal,0.9099
WIX,18416,20260926-174241_p4_c4_r3,5608,perf_20260926-174241_p4_c4_r3,2,1385,1790437575331,0,1790437575334.361,26.007,54.182,1790437575415.504,Normal,0.9375
WIX,18416,20260926-174241_p4_c4_r3,5612,perf_20260926-174241_p4_c4_r3,2,1386,1790437575457,0,1790437575459.647,31.877,44.218,1790437575535.742,Normal,0.9375
WIX,18416,20260926-174241_p4_c4_r3,5615,perf_20260926-174241_p4_c4_r3,2,1387,1790437575567,0,1790437575570.373,37.728,46.154,1790437575654.254,Normal,0.9559
WIX,18416,20260926-174241_p4_c4_r3,5621,perf_20260926-174241_p4_c4_r3,2,1388,1790437575771,0,1790437575774.792,28.388,51.004,1790437575854.184,Normal,0.4452
WIX,18416,20260926-174241_p4_c4_r3,5627,perf_20260926-174241_p4_c4_r3,2,1389,1790437575976,0,1790437575979.501,42.976,49.762,1790437576073.342,Normal,0.9583
WIX,18416,20260926-174241_p4_c4_r3,5628,perf_20260926-174241_p4_c4_r3,2,1390,1790437576022,0,1790437576078.339,34.534,46.442,1790437576160.094,Normal,0.5207
WIX,18416,20260926-174241_p4_c4_r3,5630,perf_20260926-174241_p4_c4_r3,2,1391,1790437576084,0,1790437576162.094,30.701,44.864,1790437576237.659,Normal,0.9119
WIX,18416,20260926-174241_p4_c4_r3,5631,perf_20260926-174241_p4_c4_r3,2,1392,1790437576116,0,1790437576237.659,33.905,44.61,1790437576318.863,Normal,0.9589
WIX,18416,20260926-174241_p4_c4_r3,5636,perf_20260926-174241_p4_c4_r3,2,1393,1790437576288,0,1790437576321.812,38.109,47.317,1790437576407.237,Normal,0.8877
WIX,18416,20260926-174241_p4_c4_r3,5643,perf_20260926-174241_p4_c4_r3,2,1394,1790437576538,0,1790437576541.967,36.016,45.706,1790437576629.209,Normal,0.9457
WIX,18416,20260926-174241_p4_c4_r3,5645,perf_20260926-174241_p4_c4_r3,2,1395,1790437576601,0,1790437576632.21,43.207,43.061,1790437576719.488,Normal,0.9117
WIX,18416,20260926-174241_p4_c4_r3,5652,perf_20260926-174241_p4_c4_r3,2,1396,1790437576850,0,1790437576853.709,40.694,45.431,1790437576940.873,Normal,0.9529
WIX,18416,20260926-174241_p4_c4_r3,5662,perf_20260926-174241_p4_c4_r3,2,1397,1790437577194,0,1790437577197.165,36.552,47.198,1790437577280.916,Normal,0.9683
WIX,18416,20260926-174241_p4_c4_r3,5665,perf_20260926-174241_p4_c4_r3,2,1398,1790437577288,0,1790437577290.954,32.14,47.032,1790437577371.125,Normal,0.9722
WIX,18416,20260926-174241_p4_c4_r3,5670,perf_20260926-174241_p4_c4_r3,2,1399,1790437577461,0,1790437577464.9,39.243,46.901,1790437577552.045,Normal,0.9491
WIX,18416,20260926-174241_p4_c4_r3,5671,perf_20260926-174241_p4_c4_r3,2,1400,1790437577493,0,1790437577555.369,82.559,48.126,1790437577687.053,Normal,0.9574
WIX,18416,20260926-174241_p4_c4_r3,5687,perf_20260926-174241_p4_c4_r3,2,1401,1790437578053,0,1790437578056.179,47.738,50.166,1790437578155.085,Normal,0.8908
WIX,18416,20260926-174241_p4_c4_r3,5689,perf_20260926-174241_p4_c4_r3,2,1402,1790437578116,0,1790437578157.089,26.618,44.254,1790437578228.829,Normal,0.9527
WIX,18416,20260926-174241_p4_c4_r3,5691,perf_20260926-174241_p4_c4_r3,2,1403,1790437578194,0,1790437578231.829,43.008,44.94,1790437578320.774,Normal,0.9779
WIX,18416,20260926-174241_p4_c4_r3,5693,perf_20260926-174241_p4_c4_r3,2,1404,1790437578257,0,1790437578322.794,27.214,50.714,1790437578401.718,Normal,0.9083
WIX,18416,20260926-174241_p4_c4_r3,5695,perf_20260926-174241_p4_c4_r3,2,1405,1790437578320,0,1790437578406.352,231.05,45.346,1790437578682.747,Normal,0.9534
WIX,18416,20260926-174241_p4_c4_r3,5704,perf_20260926-174241_p4_c4_r3,2,1406,1790437578650,0,1790437578685.755,39.132,45.661,1790437578770.548,Normal,0.8674
WIX,18416,20260926-174241_p4_c4_r3,5711,perf_20260926-174241_p4_c4_r3,2,1407,1790437578883,0,1790437578886.563,86.598,43.915,1790437579017.076,Normal,0.9608
WIX,18416,20260926-174241_p4_c4_r3,5714,perf_20260926-174241_p4_c4_r3,2,1408,1790437578979,0,1790437579020.077,47.788,45.645,1790437579114.469,Normal,0.9598
WIX,18416,20260926-174241_p4_c4_r3,5717,perf_20260926-174241_p4_c4_r3,2,1409,1790437579089,0,1790437579117.51,59.991,46.149,1790437579224.648,Normal,0.973
WIX,18416,20260926-174241_p4_c4_r3,5718,perf_20260926-174241_p4_c4_r3,2,1410,1790437579121,0,1790437579227.656,97.452,46.319,1790437579372.029,Normal,0.9736
WIX,18416,20260926-174241_p4_c4_r3,5720,perf_20260926-174241_p4_c4_r3,2,1411,1790437579185,0,1790437579372.029,39.717,44.92,1790437579457.928,Normal,0.9626
WIX,18416,20260926-174241_p4_c4_r3,5721,perf_20260926-174241_p4_c4_r3,2,1412,1790437579215,0,1790437579457.928,47.678,46.788,1790437579553.391,Normal,0.7072
WIX,18416,20260926-174241_p4_c4_r3,5725,perf_20260926-174241_p4_c4_r3,2,1413,1790437579357,0,1790437579555.393,71.816,47.012,1790437579675.222,Normal,0.9766
WIX,18416,20260926-174241_p4_c4_r3,5738,perf_20260926-174241_p4_c4_r3,2,1414,1790437579811,0,1790437579813.966,32.004,49.111,1790437579896.082,Normal,0.9537
WIX,18416,20260926-174241_p4_c4_r3,5744,perf_20260926-174241_p4_c4_r3,2,1415,1790437580016,0,1790437580019.368,42.001,49.995,1790437580111.363,Normal,0.9357
WIX,18416,20260926-174241_p4_c4_r3,5746,perf_20260926-174241_p4_c4_r3,2,1416,1790437580079,0,1790437580114.338,46.996,47.518,1790437580208.852,Normal,0.9604
WIX,18416,20260926-174241_p4_c4_r3,5749,perf_20260926-174241_p4_c4_r3,2,1417,1790437580190,0,1790437580211.849,105.705,50.704,1790437580368.798,Normal,0.9795
WIX,18416,20260926-174241_p4_c4_r3,5751,perf_20260926-174241_p4_c4_r3,2,1418,1790437580253,0,1790437580371.8,41.689,46.936,1790437580461.423,Normal,0.9459
WIX,18416,20260926-174241_p4_c4_r3,5760,perf_20260926-174241_p4_c4_r3,2,1419,1790437580566,0,1790437580570.901,127.281,47.057,1790437580748.233,Normal,0.9664
WIX,18416,20260926-174241_p4_c4_r3,5761,perf_20260926-174241_p4_c4_r3,2,1420,1790437580597,0,1790437580752.231,59.425,52.71,1790437580866.354,Normal,0.8835
WIX,18416,20260926-174241_p4_c4_r3,5763,perf_20260926-174241_p4_c4_r3,2,1421,1790437580676,0,1790437580867.355,54.458,47.561,1790437580970.375,Normal,0.4703
WIX,18416,20260926-174241_p4_c4_r3,5765,perf_20260926-174241_p4_c4_r3,2,1422,1790437580738,0,1790437580970.375,45.406,52.211,1790437581068.987,Normal,0.9514
WIX,18416,20260926-174241_p4_c4_r3,5771,perf_20260926-174241_p4_c4_r3,2,1423,1790437580943,0,1790437581072.903,69.625,45.714,1790437581188.243,Normal,0.8783
WIX,18416,20260926-174241_p4_c4_r3,5772,perf_20260926-174241_p4_c4_r3,2,1424,1790437580989,0,1790437581189.26,79.385,46.758,1790437581315.404,Normal,0.9622
WIX,18416,20260926-174241_p4_c4_r3,5776,perf_20260926-174241_p4_c4_r3,2,1425,1790437581113,0,1790437581318.416,54.61,49.937,1790437581423.529,Normal,0.9631
WIX,18416,20260926-174241_p4_c4_r3,5784,perf_20260926-174241_p4_c4_r3,2,1426,1790437581395,0,1790437581427.961,61.049,49.469,1790437581539.053,Normal,0.9412
WIX,18416,20260926-174241_p4_c4_r3,5786,perf_20260926-174241_p4_c4_r3,2,1427,1790437581457,0,1790437581543.056,100.976,56.148,1790437581700.18,Normal,0.9667
WIX,18416,20260926-174241_p4_c4_r3,5787,perf_20260926-174241_p4_c4_r3,2,1428,1790437581503,0,1790437581701.179,34.283,49.719,1790437581785.691,Normal,0.9361
WIX,18416,20260926-174241_p4_c4_r3,5789,perf_20260926-174241_p4_c4_r3,2,1429,1790437581566,0,1790437581790.793,57.716,47.221,1790437581895.73,Normal,0.9562
WIX,18416,20260926-174241_p4_c4_r3,5792,perf_20260926-174241_p4_c4_r3,2,1430,1790437581675,0,1790437581896.741,117.255,52.56,1790437582066.556,Normal,0.9651
WIX,18416,20260926-174241_p4_c4_r3,5795,perf_20260926-174241_p4_c4_r3,2,1431,1790437581769,0,1790437582067.067,58.188,45.631,1790437582171.875,Normal,0.9434
WIX,18416,20260926-174241_p4_c4_r3,5801,perf_20260926-174241_p4_c4_r3,2,1432,1790437581988,0,1790437582176.91,93.372,48.707,1790437582319.99,Normal,0.9408
WIX,18416,20260926-174241_p4_c4_r3,5802,perf_20260926-174241_p4_c4_r3,2,1433,1790437582019,0,1790437582320.989,37.004,49.848,1790437582408.839,Normal,0.9522
WIX,18416,20260926-174241_p4_c4_r3,5809,perf_20260926-174241_p4_c4_r3,2,1434,1790437582253,0,1790437582413.47,44.181,48.631,1790437582507.284,Normal,0.9608
WIX,18416,20260926-174241_p4_c4_r3,5812,perf_20260926-174241_p4_c4_r3,2,1435,1790437582363,0,1790437582507.284,30.015,47.309,1790437582585.604,Normal,0.9375
WIX,18416,20260926-174241_p4_c4_r3,5814,perf_20260926-174241_p4_c4_r3,2,1436,1790437582425,0,1790437582588.952,43.27,45.12,1790437582677.341,Normal,0.5254
WIX,18416,20260926-174241_p4_c4_r3,5819,perf_20260926-174241_p4_c4_r3,2,1437,1790437582599,0,1790437582680.371,29.818,47.973,1790437582758.163,Normal,0.8885
WIX,18416,20260926-174241_p4_c4_r3,5823,perf_20260926-174241_p4_c4_r3,2,1438,1790437582739,0,1790437582761.189,42.785,49.743,1790437582853.717,Normal,0.8831
WIX,18416,20260926-174241_p4_c4_r3,5837,perf_20260926-174241_p4_c4_r3,2,1439,1790437583226,0,1790437583228.998,44.712,44.52,1790437583319.254,Normal,0.9268
WIX,18416,20260926-174241_p4_c4_r3,5841,perf_20260926-174241_p4_c4_r3,2,1440,1790437583364,0,1790437583367.572,44.698,44.033,1790437583456.303,Normal,0.9651
WIX,18416,20260926-174241_p4_c4_r3,5844,perf_20260926-174241_p4_c4_r3,2,1441,1790437583459,0,1790437583462.305,63.655,44.114,1790437583571.371,Normal,0.9648
WIX,18416,20260926-174241_p4_c4_r3,5852,perf_20260926-174241_p4_c4_r3,2,1442,1790437583743,0,1790437583746.992,41.028,48.279,1790437583836.298,Normal,0.873
WIX,18416,20260926-174241_p4_c4_r3,5853,perf_20260926-174241_p4_c4_r3,2,1443,1790437583774,0,1790437583839.303,50.565,53.164,1790437583943.032,Normal,0.9647
WIX,18416,20260926-174241_p4_c4_r3,5854,perf_20260926-174241_p4_c4_r3,2,1444,1790437583806,0,1790437583943.032,56.087,45.806,1790437584051.48,Normal,0.9388
WIX,18416,20260926-174241_p4_c4_r3,5857,perf_20260926-174241_p4_c4_r3,2,1445,1790437583915,0,1790437584054.968,30.684,46.928,1790437584133.537,Normal,0.9563
WIX,18416,20260926-174241_p4_c4_r3,5860,perf_20260926-174241_p4_c4_r3,2,1446,1790437584008,0,1790437584133.537,43.016,51.65,1790437584228.203,Normal,0.9711
WIX,18416,20260926-174241_p4_c4_r3,5862,perf_20260926-174241_p4_c4_r3,2,1447,1790437584086,0,1790437584231.782,47.829,51.897,1790437584332.498,Normal,0.9264
WIX,18416,20260926-174241_p4_c4_r3,5879,perf_20260926-174241_p4_c4_r3,2,1448,1790437584668,0,1790437584671.204,42.618,50.433,1790437584764.255,Normal,0.9681
WIX,18416,20260926-174241_p4_c4_r3,5883,perf_20260926-174241_p4_c4_r3,2,1449,1790437584809,0,1790437584812.172,49.286,43.522,1790437584905.996,Normal,0.9679
WIX,18416,20260926-174241_p4_c4_r3,5885,perf_20260926-174241_p4_c4_r3,2,1450,1790437584873,0,1790437584909.029,31.551,45.833,1790437584986.413,Normal,0.9151
WIX,18416,20260926-174241_p4_c4_r3,5888,perf_20260926-174241_p4_c4_r3,2,1451,1790437584984,0,1790437584988.413,40.626,42.217,1790437585072.246,Normal,0.9691
WIX,18416,20260926-174241_p4_c4_r3,5890,perf_20260926-174241_p4_c4_r3,2,1452,1790437585047,0,1790437585075.289,28.253,43.966,1790437585147.508,Normal,0.8909
WIX,18416,20260926-174241_p4_c4_r3,5900,perf_20260926-174241_p4_c4_r3,2,1453,1790437585391,0,1790437585394.098,25.384,44.367,1790437585464.812,Normal,0.9375
WIX,18416,20260926-174241_p4_c4_r3,5904,perf_20260926-174241_p4_c4_r3,2,1454,1790437585531,0,1790437585534.647,35.968,45.342,1790437585616.959,Normal,0.9336
WIX,18416,20260926-174241_p4_c4_r3,5905,perf_20260926-174241_p4_c4_r3,2,1455,1790437585563,0,1790437585619.959,55.004,44.318,1790437585719.281,Normal,0.9683
WIX,18416,20260926-174241_p4_c4_r3,5925,perf_20260926-174241_p4_c4_r3,2,1456,1790437586264,0,1790437586267.455,32.408,47.474,1790437586348.29,Normal,0.9375
WIX,18416,20260926-174241_p4_c4_r3,5931,perf_20260926-174241_p4_c4_r3,2,1457,1790437586468,0,1790437586471.255,31.322,56.541,1790437586560.148,Normal,0.9615
WIX,18416,20260926-174241_p4_c4_r3,5932,perf_20260926-174241_p4_c4_r3,2,1458,1790437586499,0,1790437586563.148,39.684,46.448,1790437586649.99,Normal,0.9665
WIX,18416,20260926-174241_p4_c4_r3,5935,perf_20260926-174241_p4_c4_r3,2,1459,1790437586595,0,1790437586652.745,27.318,48.828,1790437586729.881,Normal,0.9455
WIX,18416,20260926-174241_p4_c4_r3,5936,perf_20260926-174241_p4_c4_r3,2,1460,1790437586642,0,1790437586730.878,29.003,43.837,1790437586804.718,Normal,0.9706
WIX,18416,20260926-174241_p4_c4_r3,5938,perf_20260926-174241_p4_c4_r3,2,1461,1790437586704,0,1790437586806.69,37.079,47.97,1790437586896.737,Normal,0.7756
WIX,18416,20260926-174241_p4_c4_r3,5939,perf_20260926-174241_p4_c4_r3,2,1462,1790437586735,0,1790437586896.737,39.625,45.399,1790437586982.312,Normal,0.9303
WIX,18416,20260926-174241_p4_c4_r3,5940,perf_20260926-174241_p4_c4_r3,2,1463,1790437586766,0,1790437586982.312,34.019,45.626,1790437587063.165,Normal,0.9473
WIX,18416,20260926-174241_p4_c4_r3,5944,perf_20260926-174241_p4_c4_r3,2,1464,1790437586909,0,1790437587067.166,34.105,51.764,1790437587153.035,Normal,0.9304
WIX,18416,20260926-174241_p4_c4_r3,5948,perf_20260926-174241_p4_c4_r3,2,1465,1790437587051,0,1790437587153.035,33.902,47.63,1790437587234.568,Normal,0.8184
WIX,18416,20260926-174241_p4_c4_r3,5955,perf_20260926-174241_p4_c4_r3,2,1466,1790437587289,0,1790437587292.344,53.452,45.674,1790437587392.436,Normal,0.9621
WIX,18416,20260926-174241_p4_c4_r3,5956,perf_20260926-174241_p4_c4_r3,2,1467,1790437587320,0,1790437587394.438,28.641,45.969,1790437587469.048,Normal,0.8717
WIX,18416,20260926-174241_p4_c4_r3,5958,perf_20260926-174241_p4_c4_r3,2,1468,1790437587399,0,1790437587472.05,47.685,44.659,1790437587565.433,Normal,0.965
WIX,18416,20260926-174241_p4_c4_r3,5961,perf_20260926-174241_p4_c4_r3,2,1469,1790437587495,0,1790437587568.433,32.037,49.712,1790437587651.409,Normal,0.8501
WIX,18416,20260926-174241_p4_c4_r3,5963,perf_20260926-174241_p4_c4_r3,2,1470,1790437587575,0,1790437587654.418,40.617,49.185,1790437587745.26,Normal,0.9371
WIX,18416,20260926-174241_p4_c4_r3,5965,perf_20260926-174241_p4_c4_r3,2,1471,1790437587638,0,1790437587745.26,46.024,50.354,1790437587842.636,Normal,0.5119
WIX,18416,20260926-174241_p4_c4_r3,5967,perf_20260926-174241_p4_c4_r3,2,1472,1790437587701,0,1790437587845.201,34.036,47.573,1790437587927.866,Normal,0.9719
WIX,18416,20260926-174241_p4_c4_r3,5975,perf_20260926-174241_p4_c4_r3,2,1473,1790437587985,0,1790437587988.26,25.172,46.646,1790437588060.8,Normal,0.8636
WIX,18416,20260926-174241_p4_c4_r3,5982,perf_20260926-174241_p4_c4_r3,2,1474,1790437588218,0,1790437588221.504,33.005,45.079,1790437588300.586,Normal,0.9486
WIX,18416,20260926-174241_p4_c4_r3,5985,perf_20260926-174241_p4_c4_r3,2,1475,1790437588329,0,1790437588332.19,35.548,44.663,1790437588412.402,Normal,0.9557
WIX,18416,20260926-174241_p4_c4_r3,5986,perf_20260926-174241_p4_c4_r3,2,1476,1790437588360,0,1790437588416.375,58.8,50.609,1790437588526.776,Normal,0.9514
WIX,18416,20260926-174241_p4_c4_r3,5991,perf_20260926-174241_p4_c4_r3,2,1477,1790437588531,0,1790437588535.775,58.017,50.413,1790437588644.205,Normal,0.5178
WIX,18416,20260926-174241_p4_c4_r3,5993,perf_20260926-174241_p4_c4_r3,2,1478,1790437588595,0,1790437588648.211,87.725,42.981,1790437588779.915,Normal,0.976
WIX,18416,20260926-174241_p4_c4_r3,6000,perf_20260926-174241_p4_c4_r3,2,1479,1790437588846,0,1790437588848.808,43.013,45.747,1790437588938.57,Normal,0.9263
WIX,18416,20260926-174241_p4_c4_r3,6012,perf_20260926-174241_p4_c4_r3,2,1480,1790437589255,0,1790437589257.766,35.083,45.733,1790437589338.582,Normal,0.9595
WIX,18416,20260926-174241_p4_c4_r3,6013,perf_20260926-174241_p4_c4_r3,2,1481,1790437589286,0,1790437589341.582,26.001,47.969,1790437589416.592,Normal,0.9261
WIX,18416,20260926-174241_p4_c4_r3,6015,perf_20260926-174241_p4_c4_r3,2,1482,1790437589365,0,1790437589419.597,37.283,46.544,1790437589504.419,Normal,0.6733
WIX,18416,20260926-174241_p4_c4_r3,6018,perf_20260926-174241_p4_c4_r3,2,1483,1790437589459,0,1790437589506.991,37.65,43.971,1790437589589.597,Normal,0.9478
WIX,18416,20260926-174241_p4_c4_r3,6045,perf_20260926-174241_p4_c4_r3,2,1484,1790437590403,0,1790437590406.965,67.801,47.97,1790437590522.735,Normal,0.4923
WIX,18416,20260926-174241_p4_c4_r3,6048,perf_20260926-174241_p4_c4_r3,2,1485,1790437590497,0,1790437590526.01,63.935,47.581,1790437590638.05,Normal,0.9479
WIX,18416,20260926-174241_p4_c4_r3,6049,perf_20260926-174241_p4_c4_r3,2,1486,1790437590529,0,1790437590640.046,37.998,45.812,1790437590724.857,Normal,0.9264
WIX,18416,20260926-174241_p4_c4_r3,6054,perf_20260926-174241_p4_c4_r3,2,1487,1790437590701,0,1790437590727.572,45.85,44.774,1790437590818.735,Normal,0.4538
WIX,18416,20260926-174241_p4_c4_r3,6057,perf_20260926-174241_p4_c4_r3,2,1488,1790437590809,0,1790437590821.739,46.126,45.134,1790437590913.999,Normal,0.9751
WIX,18416,20260926-174241_p4_c4_r3,6060,perf_20260926-174241_p4_c4_r3,2,1489,1790437590919,0,1790437590923.049,102.771,47.013,1790437591073.831,Normal,0.9641
WIX,18416,20260926-174241_p4_c4_r3,6066,perf_20260926-174241_p4_c4_r3,2,1490,1790437591124,0,1790437591126.701,31.003,43.64,1790437591202.342,Normal,0.9119
WIX,18416,20260926-174241_p4_c4_r3,6067,perf_20260926-174241_p4_c4_r3,2,1491,1790437591156,0,1790437591204.346,37.193,46.098,1790437591288.953,Normal,0.9572
WIX,18416,20260926-174241_p4_c4_r3,6071,perf_20260926-174241_p4_c4_r3,2,1492,1790437591297,0,1790437591300.954,38.959,45.944,1790437591386.863,Normal,0.9547
WIX,18416,20260926-174241_p4_c4_r3,6082,perf_20260926-174241_p4_c4_r3,2,1493,1790437591672,0,1790437591674.709,37.139,43.853,1790437591755.702,Normal,0.9408
WIX,18416,20260926-174241_p4_c4_r3,6087,perf_20260926-174241_p4_c4_r3,2,1494,1790437591843,0,1790437591845.976,28.525,42.699,1790437591918.202,Normal,0.9528
WIX,18416,20260926-174241_p4_c4_r3,6095,perf_20260926-174241_p4_c4_r3,2,1495,1790437592126,0,1790437592131.029,34.027,62.509,1790437592227.565,Normal,0.9474
WIX,18416,20260926-174241_p4_c4_r3,6096,perf_20260926-174241_p4_c4_r3,2,1496,1790437592158,0,1790437592232.089,86.885,45.759,1790437592366.252,OFFENSIVE,0.7868
WIX,18416,20260926-174241_p4_c4_r3,6098,perf_20260926-174241_p4_c4_r3,2,1497,1790437592220,0,1790437592366.252,94.918,52.554,1790437592514.72,OFFENSIVE,0.5033
WIX,18416,20260926-174241_p4_c4_r3,6103,perf_20260926-174241_p4_c4_r3,2,1498,1790437592394,0,1790437592518.737,47.143,47.015,1790437592613.894,Normal,0.9665
WIX,18416,20260926-174241_p4_c4_r3,6107,perf_20260926-174241_p4_c4_r3,2,1499,1790437592535,0,1790437592617.429,53.12,47.236,1790437592717.785,Normal,0.9343
WIX,18416,20260926-174241_p4_c4_r3,6112,perf_20260926-174241_p4_c4_r3,2,1500,1790437592705,0,1790437592720.791,45.067,51.278,1790437592817.136,Normal,0.8803
WIX,18416,20260926-174241_p4_c4_r3,6115,perf_20260926-174241_p4_c4_r3,2,1501,1790437592815,0,1790437592820.676,46.649,49.78,1790437592918.094,Normal,0.8156
WIX,18416,20260926-174241_p4_c4_r3,6119,perf_20260926-174241_p4_c4_r3,2,1502,1790437592940,0,1790437592943.45,48.381,47.661,1790437593040.497,Normal,0.9696
WIX,18416,20260926-174241_p4_c4_r3,6124,perf_20260926-174241_p4_c4_r3,2,1503,1790437593126,0,1790437593129.727,41.241,43.707,1790437593214.675,Normal,0.9503
WIX,18416,20260926-174241_p4_c4_r3,6130,perf_20260926-174241_p4_c4_r3,2,1504,1790437593331,0,1790437593334.061,46.576,47.92,1790437593428.557,Normal,0.9777
WIX,18416,20260926-174241_p4_c4_r3,6131,perf_20260926-174241_p4_c4_r3,2,1505,1790437593363,0,1790437593432.444,38.78,50.357,1790437593522.578,OFFENSIVE,0.3814
WIX,18416,20260926-174241_p4_c4_r3,6135,perf_20260926-174241_p4_c4_r3,2,1506,1790437593503,0,1790437593526.356,60.899,47.025,1790437593635.281,Normal,0.9583
WIX,18416,20260926-174241_p4_c4_r3,6138,perf_20260926-174241_p4_c4_r3,2,1507,1790437593596,0,1790437593637.294,36.284,48.248,1790437593722.396,Normal,0.9561
WIX,18416,20260926-174241_p4_c4_r3,6144,perf_20260926-174241_p4_c4_r3,2,1508,1790437593812,0,1790437593816.179,38.789,49.494,1790437593905.413,Normal,0.9537
WIX,18416,20260926-174241_p4_c4_r3,6146,perf_20260926-174241_p4_c4_r3,2,1509,1790437593874,0,1790437593908.248,61.1,45.618,1790437594016.074,Normal,0.9676
WIX,18416,20260926-174241_p4_c4_r3,6163,perf_20260926-174241_p4_c4_r3,2,1510,1790437594457,0,1790437594460.086,40.177,47.022,1790437594547.843,Normal,0.9526
WIX,18416,20260926-174241_p4_c4_r3,6164,perf_20260926-174241_p4_c4_r3,2,1511,1790437594504,0,1790437594550.06,63.847,44.507,1790437594658.414,Normal,0.9594
WIX,18416,20260926-174241_p4_c4_r3,6166,perf_20260926-174241_p4_c4_r3,2,1512,1790437594566,0,1790437594661.177,34.052,43.358,1790437594739.167,Normal,0.9623
WIX,18416,20260926-174241_p4_c4_r3,6167,perf_20260926-174241_p4_c4_r3,2,1513,1790437594597,0,1790437594739.71,48.138,48.001,1790437594836.402,Normal,0.8287
WIX,18416,20260926-174241_p4_c4_r3,6168,perf_20260926-174241_p4_c4_r3,2,1514,1790437594643,0,1790437594836.402,39.569,45.797,1790437594921.768,Normal,0.9623
WIX,18416,20260926-174241_p4_c4_r3,6171,perf_20260926-174241_p4_c4_r3,2,1515,1790437594736,0,1790437594925.344,39.54,44.078,1790437595008.962,Normal,0.9337
WIX,18416,20260926-174241_p4_c4_r3,6172,perf_20260926-174241_p4_c4_r3,2,1516,1790437594767,0,1790437595008.962,57.387,45.342,1790437595111.692,Normal,0.9569
WIX,18416,20260926-174241_p4_c4_r3,6175,perf_20260926-174241_p4_c4_r3,2,1517,1790437594876,0,1790437595111.692,41.712,46.638,1790437595201.036,Normal,0.9431
WIX,18416,20260926-174241_p4_c4_r3,6180,perf_20260926-174241_p4_c4_r3,2,1518,1790437595050,0,1790437595203.029,40.77,44.048,1790437595289.848,Normal,0.9627
WIX,18416,20260926-174241_p4_c4_r3,6201,perf_20260926-174241_p4_c4_r3,2,1519,1790437595770,0,1790437595773.769,37.514,46.494,1790437595858.779,Normal,0.9452
WIX,18416,20260926-174241_p4_c4_r3,6204,perf_20260926-174241_p4_c4_r3,2,1520,1790437595880,0,1790437595884.778,33.717,49.532,1790437595968.027,Normal,0.944
WIX,18416,20260926-174241_p4_c4_r3,6209,perf_20260926-174241_p4_c4_r3,2,1521,1790437596052,0,1790437596056.805,55.775,45.645,1790437596158.225,Normal,0.9199
WIX,18416,20260926-174241_p4_c4_r3,6213,perf_20260926-174241_p4_c4_r3,2,1522,1790437596191,0,1790437596194.977,44.631,47.352,1790437596286.96,Normal,0.9159
WIX,18416,20260926-174241_p4_c4_r3,6217,perf_20260926-174241_p4_c4_r3,2,1523,1790437596332,0,1790437596334.232,33.236,46.355,1790437596413.823,Normal,0.7016
WIX,18416,20260926-174241_p4_c4_r3,6233,perf_20260926-174241_p4_c4_r3,2,1524,1790437596878,0,1790437596882.775,38.261,46.277,1790437596967.313,OFFENSIVE,0.904
WIX,18416,20260926-174241_p4_c4_r3,6237,perf_20260926-174241_p4_c4_r3,2,1525,1790437597020,0,1790437597022.765,23.278,44.602,1790437597091.605,Normal,0.9375
WIX,18416,20260926-174241_p4_c4_r3,6241,perf_20260926-174241_p4_c4_r3,2,1526,1790437597161,0,1790437597165.044,54.008,51.161,1790437597270.213,Normal,0.9093
WIX,18416,20260926-174241_p4_c4_r3,6245,perf_20260926-174241_p4_c4_r3,2,1527,1790437597287,0,1790437597290.217,36.377,45.582,1790437597373.174,Normal,0.9378
WIX,18416,20260926-174241_p4_c4_r3,6249,perf_20260926-174241_p4_c4_r3,2,1528,1790437597428,0,1790437597431.667,51.17,43.124,1790437597526.965,OFFENSIVE,0.6673
WIX,18416,20260926-174241_p4_c4_r3,6251,perf_20260926-174241_p4_c4_r3,2,1529,1790437597491,0,1790437597529.969,35.799,46.264,1790437597613.023,Normal,0.6819
WIX,18416,20260926-174241_p4_c4_r3,6257,perf_20260926-174241_p4_c4_r3,2,1530,1790437597709,0,1790437597712.886,45.749,44.71,1790437597804.342,Normal,0.9412
WIX,18416,20260926-174241_p4_c4_r3,6262,perf_20260926-174241_p4_c4_r3,2,1531,1790437597883,0,1790437597886.427,31.57,43.482,1790437597962.482,Normal,0.9416
WIX,18416,20260926-174241_p4_c4_r3,6264,perf_20260926-174241_p4_c4_r3,2,1532,1790437597946,0,1790437597964.496,23.992,44.67,1790437598034.155,Normal,0.9126
WIX,18416,20260926-174241_p4_c4_r3,6265,perf_20260926-174241_p4_c4_r3,2,1533,1790437597978,0,1790437598036.668,43.142,46.477,1790437598126.287,Normal,0.925
WIX,18416,20260926-174241_p4_c4_r3,6268,perf_20260926-174241_p4_c4_r3,2,1534,1790437598089,0,1790437598128.287,40.556,45.003,1790437598213.846,Normal,0.9535
WIX,18416,20260926-174241_p4_c4_r3,6274,perf_20260926-174241_p4_c4_r3,2,1535,1790437598295,0,1790437598298.326,38.427,46.957,1790437598383.71,Normal,0.9074
WIX,18416,20260926-174241_p4_c4_r3,6278,perf_20260926-174241_p4_c4_r3,2,1536,1790437598436,0,1790437598438.871,41.782,42.765,1790437598523.418,Normal,0.9768
WIX,18416,20260926-174241_p4_c4_r3,6279,perf_20260926-174241_p4_c4_r3,2,1537,1790437598467,0,1790437598526.455,47.145,46.716,1790437598621.313,Normal,0.9285
WIX,18416,20260926-174241_p4_c4_r3,6283,perf_20260926-174241_p4_c4_r3,2,1538,1790437598608,0,1790437598623.36,53.736,47.187,1790437598724.282,Normal,0.9343
WIX,18416,20260926-174241_p4_c4_r3,6286,perf_20260926-174241_p4_c4_r3,2,1539,1790437598703,0,1790437598726.283,28.713,45.535,1790437598801.528,Normal,0.7409
WIX,18416,20260926-174241_p4_c4_r3,6288,perf_20260926-174241_p4_c4_r3,2,1540,1790437598781,0,1790437598803.689,59.098,45.026,1790437598907.813,Normal,0.856
WIX,18416,20260926-174241_p4_c4_r3,6294,perf_20260926-174241_p4_c4_r3,2,1541,1790437598984,0,1790437598987.476,31.564,50.592,1790437599069.632,HATE,0.4481
WIX,18416,20260926-174241_p4_c4_r3,6299,perf_20260926-174241_p4_c4_r3,2,1542,1790437599158,0,1790437599160.751,35.017,51.229,1790437599248.991,Normal,0.922
WIX,18416,20260926-174241_p4_c4_r3,6305,perf_20260926-174241_p4_c4_r3,2,1543,1790437599361,0,1790437599364.797,44.017,45.59,1790437599454.404,Normal,0.9622
WIX,18416,20260926-174241_p4_c4_r3,6306,perf_20260926-174241_p4_c4_r3,2,1544,1790437599393,0,1790437599457.401,56.063,43.708,1790437599558.134,Normal,0.9456
WIX,18416,20260926-174241_p4_c4_r3,6310,perf_20260926-174241_p4_c4_r3,2,1545,1790437599534,0,1790437599560.106,32.992,45.438,1790437599638.536,Normal,0.9199
WIX,18416,20260926-174241_p4_c4_r3,6319,perf_20260926-174241_p4_c4_r3,2,1546,1790437599847,0,1790437599850.168,32.025,48.79,1790437599931.982,Normal,0.5162
WIX,18416,20260926-174241_p4_c4_r3,6322,perf_20260926-174241_p4_c4_r3,2,1547,1790437599941,0,1790437599943.154,34.312,50.743,1790437600028.21,Normal,0.9837
WIX,18416,20260926-174241_p4_c4_r3,6324,perf_20260926-174241_p4_c4_r3,2,1548,1790437600019,0,1790437600033.974,34.088,44.586,1790437600112.648,Normal,0.9433
WIX,18416,20260926-174241_p4_c4_r3,6328,perf_20260926-174241_p4_c4_r3,2,1549,1790437600158,0,1790437600160.967,32.999,45.905,1790437600242.903,Normal,0.9622
WIX,18416,20260926-174241_p4_c4_r3,6329,perf_20260926-174241_p4_c4_r3,2,1550,1790437600190,0,1790437600245.405,45.608,46.102,1790437600337.115,Normal,0.9599
WIX,18416,20260926-174241_p4_c4_r3,6332,perf_20260926-174241_p4_c4_r3,2,1551,1790437600285,0,1790437600339.123,40.573,44.905,1790437600424.6,Normal,0.9012
WIX,18416,20260926-174241_p4_c4_r3,6334,perf_20260926-174241_p4_c4_r3,2,1552,1790437600363,0,1790437600427.596,26.804,47.434,1790437600502.661,Normal,0.912
WIX,18416,20260926-174241_p4_c4_r3,6335,perf_20260926-174241_p4_c4_r3,2,1553,1790437600394,0,1790437600502.661,27.372,48.685,1790437600579.716,Normal,0.9396
WIX,18416,20260926-174241_p4_c4_r3,6336,perf_20260926-174241_p4_c4_r3,2,1554,1790437600425,0,1790437600582.746,44.347,44.75,1790437600672.84,Normal,0.6582
WIX,18416,20260926-174241_p4_c4_r3,6338,perf_20260926-174241_p4_c4_r3,2,1555,1790437600505,0,1790437600673.378,27.082,50.039,1790437600750.499,OFFENSIVE,0.7953
WIX,18416,20260926-174241_p4_c4_r3,6340,perf_20260926-174241_p4_c4_r3,2,1556,1790437600567,0,1790437600750.499,53.614,44.163,1790437600850.867,Normal,0.968
WIX,18416,20260926-174241_p4_c4_r3,6342,perf_20260926-174241_p4_c4_r3,2,1557,1790437600631,0,1790437600852.868,25.52,45.195,1790437600924.581,Normal,0.9154
WIX,18416,20260926-174241_p4_c4_r3,6345,perf_20260926-174241_p4_c4_r3,2,1558,1790437600740,0,1790437600925.59,26.805,45.299,1790437600998.691,Normal,0.9512
WIX,18416,20260926-174241_p4_c4_r3,6346,perf_20260926-174241_p4_c4_r3,2,1559,1790437600771,0,1790437600998.691,55.881,46.371,1790437601101.947,Normal,0.9637
WIX,18416,20260926-174241_p4_c4_r3,6354,perf_20260926-174241_p4_c4_r3,2,1560,1790437601052,0,1790437601104.947,37.142,45.156,1790437601187.709,Normal,0.9224
WIX,18416,20260926-174241_p4_c4_r3,6358,perf_20260926-174241_p4_c4_r3,2,1561,1790437601193,0,1790437601196.175,35.392,42.539,1790437601274.105,Normal,0.9212
WIX,18416,20260926-174241_p4_c4_r3,6359,perf_20260926-174241_p4_c4_r3,2,1562,1790437601224,0,1790437601277.127,33.057,46.413,1790437601357.563,Normal,0.9515
WIX,18416,20260926-174241_p4_c4_r3,6360,perf_20260926-174241_p4_c4_r3,2,1563,1790437601255,0,1790437601357.563,46.295,44.713,1790437601449.565,Normal,0.5679
WIX,18416,20260926-174241_p4_c4_r3,6361,perf_20260926-174241_p4_c4_r3,2,1564,1790437601287,0,1790437601451.698,27.71,46.216,1790437601526.543,Normal,0.9622
WIX,18416,20260926-174241_p4_c4_r3,6366,perf_20260926-174241_p4_c4_r3,2,1565,1790437601458,0,1790437601529.542,33.566,43.992,1790437601607.1,Normal,0.9635
WIX,18416,20260926-174241_p4_c4_r3,6376,perf_20260926-174241_p4_c4_r3,2,1566,1790437601803,0,1790437601805.307,29.052,52.108,1790437601886.467,Normal,0.9556
WIX,18416,20260926-174241_p4_c4_r3,6379,perf_20260926-174241_p4_c4_r3,2,1567,1790437601913,0,1790437601915.061,26.835,45.842,1790437601988.75,Normal,0.9572
WIX,18416,20260926-174241_p4_c4_r3,6381,perf_20260926-174241_p4_c4_r3,2,1568,1790437601974,0,1790437601990.773,34.011,49.473,1790437602075.283,Normal,0.9798
WIX,18416,20260926-174241_p4_c4_r3,6385,perf_20260926-174241_p4_c4_r3,2,1569,1790437602116,0,1790437602118.228,31.893,43.994,1790437602194.116,Normal,0.957
WIX,18416,20260926-174241_p4_c4_r3,6391,perf_20260926-174241_p4_c4_r3,2,1570,1790437602322,0,1790437602325.713,37.22,47.069,1790437602410.002,Normal,0.9535
WIX,18416,20260926-174241_p4_c4_r3,6395,perf_20260926-174241_p4_c4_r3,2,1571,1790437602462,0,1790437602465.406,32.035,45.579,1790437602544.017,Normal,0.7973
WIX,18416,20260926-174241_p4_c4_r3,6396,perf_20260926-174241_p4_c4_r3,2,1572,1790437602494,0,1790437602546.015,25.036,42.97,1790437602614.987,Normal,0.9572
WIX,18416,20260926-174241_p4_c4_r3,6397,perf_20260926-174241_p4_c4_r3,2,1573,1790437602525,0,1790437602615.996,48.885,48.945,1790437602714.796,Normal,0.9636
WIX,18416,20260926-174241_p4_c4_r3,6405,perf_20260926-174241_p4_c4_r3,2,1574,1790437602806,0,1790437602809.592,48.923,47.538,1790437602907.081,Normal,0.9723
WIX,18416,20260926-174241_p4_c4_r3,6407,perf_20260926-174241_p4_c4_r3,2,1575,1790437602885,0,1790437602910.092,33.186,44.329,1790437602988.556,Normal,0.8945
WIX,18416,20260926-174241_p4_c4_r3,6414,perf_20260926-174241_p4_c4_r3,2,1576,1790437603118,0,1790437603120.512,35.533,46.533,1790437603202.578,Normal,0.9491
WIX,18416,20260926-174241_p4_c4_r3,6417,perf_20260926-174241_p4_c4_r3,2,1577,1790437603229,0,1790437603231.658,49.778,53.604,1790437603335.04,Normal,0.9714
WIX,18416,20260926-174241_p4_c4_r3,6425,perf_20260926-174241_p4_c4_r3,2,1578,1790437603493,0,1790437603496.866,56.898,53.062,1790437603607.823,Normal,0.6607
WIX,18416,20260926-174241_p4_c4_r3,6427,perf_20260926-174241_p4_c4_r3,2,1579,1790437603572,0,1790437603615.354,78.051,44.821,1790437603738.226,Normal,0.9562
WIX,18416,20260926-174241_p4_c4_r3,6431,perf_20260926-174241_p4_c4_r3,2,1580,1790437603712,0,1790437603742.556,50.369,44.152,1790437603837.076,Normal,0.977
WIX,18416,20260926-174241_p4_c4_r3,6433,perf_20260926-174241_p4_c4_r3,2,1581,1790437603775,0,1790437603839.076,66.78,44.616,1790437603951.473,Normal,0.9419
WIX,18416,20260926-174241_p4_c4_r3,6435,perf_20260926-174241_p4_c4_r3,2,1582,1790437603837,0,1790437603953.635,71.783,45.051,1790437604071.48,Normal,0.9758
WIX,18416,20260926-174241_p4_c4_r3,6436,perf_20260926-174241_p4_c4_r3,2,1583,1790437603883,0,1790437604071.48,64.695,46.73,1790437604183.902,Normal,0.9451
WIX,18416,20260926-174241_p4_c4_r3,6438,perf_20260926-174241_p4_c4_r3,2,1584,1790437603946,0,1790437604184.902,38.279,46.255,1790437604269.436,Normal,0.9396
WIX,18416,20260926-174241_p4_c4_r3,6442,perf_20260926-174241_p4_c4_r3,2,1585,1790437604087,0,1790437604273.497,61.743,45.785,1790437604381.024,Normal,0.9455
WIX,18416,20260926-174241_p4_c4_r3,6445,perf_20260926-174241_p4_c4_r3,2,1586,1790437604195,0,1790437604382.022,73.998,50.236,1790437604506.257,Normal,0.9803
WIX,18416,20260926-174241_p4_c4_r3,6446,perf_20260926-174241_p4_c4_r3,2,1587,1790437604227,0,1790437604506.257,55.04,45.71,1790437604607.007,Normal,0.9576
WIX,18416,20260926-174241_p4_c4_r3,6449,perf_20260926-174241_p4_c4_r3,2,1588,1790437604322,0,1790437604609.98,64.709,46.545,1790437604721.234,Normal,0.8732
WIX,18416,20260926-174241_p4_c4_r3,6453,perf_20260926-174241_p4_c4_r3,2,1589,1790437604462,0,1790437604721.831,78.475,45.088,1790437604845.394,Normal,0.9684
WIX,18416,20260926-174241_p4_c4_r3,6455,perf_20260926-174241_p4_c4_r3,2,1590,1790437604540,0,1790437604846.413,56.966,49.031,1790437604953.423,OFFENSIVE,0.572
WIX,18416,20260926-174241_p4_c4_r3,6459,perf_20260926-174241_p4_c4_r3,2,1591,1790437604664,0,1790437604958.654,57.76,43.147,1790437605059.561,Normal,0.9633
WIX,18416,20260926-174241_p4_c4_r3,6461,perf_20260926-174241_p4_c4_r3,2,1592,1790437604744,0,1790437605060.572,62.427,46.859,1790437605170.857,Normal,0.9766
WIX,18416,20260926-174241_p4_c4_r3,6463,perf_20260926-174241_p4_c4_r3,2,1593,1790437604805,0,1790437605171.854,37.996,49.232,1790437605259.082,Normal,0.9683
WIX,18416,20260926-174241_p4_c4_r3,6465,perf_20260926-174241_p4_c4_r3,2,1594,1790437604884,0,1790437605260.083,35.607,45.785,1790437605341.475,Normal,0.8947
WIX,18416,20260926-174241_p4_c4_r3,6466,perf_20260926-174241_p4_c4_r3,2,1595,1790437604915,0,1790437605342.006,43.471,46.076,1790437605432.543,Normal,0.9558
WIX,18416,20260926-174241_p4_c4_r3,6469,perf_20260926-174241_p4_c4_r3,2,1596,1790437605008,0,1790437605435.519,49.681,47.645,1790437605533.85,Normal,0.9205
WIX,18416,20260926-174241_p4_c4_r3,6473,perf_20260926-174241_p4_c4_r3,2,1597,1790437605150,0,1790437605534.884,32.093,45.764,1790437605613.716,Normal,0.9422
WIX,18416,20260926-174241_p4_c4_r3,6475,perf_20260926-174241_p4_c4_r3,2,1598,1790437605229,0,1790437605613.716,46.406,45.064,1790437605705.186,Normal,0.9303
WIX,18416,20260926-174241_p4_c4_r3,6476,perf_20260926-174241_p4_c4_r3,2,1599,1790437605260,0,1790437605705.186,49.915,44.82,1790437605800.91,Normal,0.9534
WIX,18416,20260926-174241_p4_c4_r3,6480,perf_20260926-174241_p4_c4_r3,2,1600,1790437605401,0,1790437605801.909,49.179,48.22,1790437605900.314,Normal,0.9438
WIX,18416,20260926-174241_p4_c4_r3,6485,perf_20260926-174241_p4_c4_r3,2,1601,1790437605574,0,1790437605902.304,40.004,44.542,1790437605989.814,Normal,0.9736
WIX,18416,20260926-174241_p4_c4_r3,6488,perf_20260926-174241_p4_c4_r3,2,1602,1790437605669,0,1790437605989.814,65.369,44.129,1790437606100.429,Normal,0.9756
WIX,18416,20260926-174241_p4_c4_r3,6493,perf_20260926-174241_p4_c4_r3,2,1603,1790437605841,0,1790437606100.429,34.588,45.479,1790437606181.491,Normal,0.9409
WIX,18416,20260926-174241_p4_c4_r3,6496,perf_20260926-174241_p4_c4_r3,2,1604,1790437605949,0,1790437606183.492,30.052,47.689,1790437606261.234,Normal,0.9515
WIX,18416,20260926-174241_p4_c4_r3,6505,perf_20260926-174241_p4_c4_r3,2,1605,1790437606262,0,1790437606265.339,33.756,46.287,1790437606345.382,Normal,0.9668
WIX,18416,20260926-174241_p4_c4_r3,6506,perf_20260926-174241_p4_c4_r3,2,1606,1790437606294,0,1790437606348.413,42.681,46.381,1790437606437.476,Normal,0.9631
WIX,18416,20260926-174241_p4_c4_r3,6509,perf_20260926-174241_p4_c4_r3,2,1607,1790437606388,0,1790437606440.513,35.591,45.995,1790437606522.099,Normal,0.7125
WIX,18416,20260926-174241_p4_c4_r3,6510,perf_20260926-174241_p4_c4_r3,2,1608,1790437606435,0,1790437606523.13,41.857,45.184,1790437606610.17,Normal,0.9663
WIX,18416,20260926-174241_p4_c4_r3,6511,perf_20260926-174241_p4_c4_r3,2,1609,1790437606466,0,1790437606613.198,41.579,49.073,1790437606712.099,Normal,0.9119
WIX,18416,20260926-174241_p4_c4_r3,6517,perf_20260926-174241_p4_c4_r3,2,1610,1790437606667,0,1790437606715.14,29.193,47.082,1790437606792.411,Normal,0.9375
WIX,18416,20260926-174241_p4_c4_r3,6521,perf_20260926-174241_p4_c4_r3,2,1611,1790437606811,0,1790437606814.504,35.072,48.249,1790437606897.825,Normal,0.9394
WIX,18416,20260926-174241_p4_c4_r3,6522,perf_20260926-174241_p4_c4_r3,2,1612,1790437606843,0,1790437606899.77,41.693,44.126,1790437606986.585,Normal,0.963
WIX,18416,20260926-174241_p4_c4_r3,6524,perf_20260926-174241_p4_c4_r3,2,1613,1790437606905,0,1790437606989.584,34.023,46.74,1790437607078.356,Normal,0.9182
WIX,18416,20260926-174241_p4_c4_r3,6530,perf_20260926-174241_p4_c4_r3,2,1614,1790437607126,0,1790437607129.379,26.899,45.356,1790437607201.635,Normal,0.9542
WIX,18416,20260926-174241_p4_c4_r3,6531,perf_20260926-174241_p4_c4_r3,2,1615,1790437607157,0,1790437607203.633,25.048,45.707,1790437607275.48,Normal,0.9671
WIX,18416,20260926-174241_p4_c4_r3,6532,perf_20260926-174241_p4_c4_r3,2,1616,1790437607188,0,1790437607275.48,39.003,50.92,1790437607365.403,Normal,0.8109
WIX,18416,20260926-174241_p4_c4_r3,6533,perf_20260926-174241_p4_c4_r3,2,1617,1790437607219,0,1790437607368.403,45.001,47.352,1790437607461.755,Normal,0.8869
WIX,18416,20260926-174241_p4_c4_r3,6535,perf_20260926-174241_p4_c4_r3,2,1618,1790437607298,0,1790437607461.755,38.641,46.168,1790437607546.563,Normal,0.9691
WIX,18416,20260926-174241_p4_c4_r3,6536,perf_20260926-174241_p4_c4_r3,2,1619,1790437607330,0,1790437607546.563,30.534,48.67,1790437607626.336,Normal,0.7856
WIX,18416,20260926-174241_p4_c4_r3,6543,perf_20260926-174241_p4_c4_r3,2,1620,1790437607564,0,1790437607629.865,87.71,45.634,1790437607763.209,Normal,0.8083
WIX,18416,20260926-174241_p4_c4_r3,6544,perf_20260926-174241_p4_c4_r3,2,1621,1790437607595,0,1790437607764.209,44.749,44.556,1790437607853.514,Normal,0.9023
WIX,18416,20260926-174241_p4_c4_r3,6550,perf_20260926-174241_p4_c4_r3,2,1622,1790437607815,0,1790437607856.51,35.507,48.102,1790437607941.115,Normal,0.9728
WIX,18416,20260926-174241_p4_c4_r3,6554,perf_20260926-174241_p4_c4_r3,2,1623,1790437607940,0,1790437607944.126,31.589,44.03,1790437608025.181,Normal,0.9309
WIX,18416,20260926-174241_p4_c4_r3,6563,perf_20260926-174241_p4_c4_r3,2,1624,1790437608254,0,1790437608257.422,76.954,45.163,1790437608379.538,Normal,0.9543
WIX,18416,20260926-174241_p4_c4_r3,6564,perf_20260926-174241_p4_c4_r3,2,1625,1790437608286,0,1790437608382.557,44.304,44.253,1790437608472.124,Normal,0.9266
WIX,18416,20260926-174241_p4_c4_r3,6569,perf_20260926-174241_p4_c4_r3,2,1626,1790437608459,0,1790437608475.123,40.003,44.602,1790437608560.727,Normal,0.9494
WIX,18416,20260926-174241_p4_c4_r3,6583,perf_20260926-174241_p4_c4_r3,2,1627,1790437608946,0,1790437608948.881,37.624,45.442,1790437609032.891,Normal,0.9107
WIX,18416,20260926-174241_p4_c4_r3,6584,perf_20260926-174241_p4_c4_r3,2,1628,1790437608977,0,1790437609035.909,40.695,42.99,1790437609120.59,Normal,0.8941
WIX,18416,20260926-174241_p4_c4_r3,6585,perf_20260926-174241_p4_c4_r3,2,1629,1790437609009,0,1790437609120.59,43.744,48.002,1790437609213.335,Normal,0.9263
WIX,18416,20260926-174241_p4_c4_r3,6587,perf_20260926-174241_p4_c4_r3,2,1630,1790437609087,0,1790437609216.359,40.055,45.419,1790437609301.833,Normal,0.9517
WIX,18416,20260926-174241_p4_c4_r3,6589,perf_20260926-174241_p4_c4_r3,2,1631,1790437609150,0,1790437609301.833,31.018,51.56,1790437609384.937,Normal,0.9696
WIX,18416,20260926-174241_p4_c4_r3,6593,perf_20260926-174241_p4_c4_r3,2,1632,1790437609292,0,1790437609388.744,33.836,45.308,1790437609468.449,Normal,0.9689
WIX,18416,20260926-174241_p4_c4_r3,6594,perf_20260926-174241_p4_c4_r3,2,1633,1790437609324,0,1790437609468.449,30.004,47.646,1790437609547.092,Normal,0.9332
WIX,18416,20260926-174241_p4_c4_r3,6599,perf_20260926-174241_p4_c4_r3,2,1634,1790437609496,0,1790437609550.09,29.596,43.996,1790437609623.682,Normal,0.8838
WIX,18416,20260926-174241_p4_c4_r3,6605,perf_20260926-174241_p4_c4_r3,2,1635,1790437609701,0,1790437609704.014,68.735,45.404,1790437609818.154,Normal,0.9642
WIX,18416,20260926-174241_p4_c4_r3,6612,perf_20260926-174241_p4_c4_r3,2,1636,1790437609948,0,1790437609951.476,29.037,52.976,1790437610034.039,Normal,0.9238
WIX,18416,20260926-174241_p4_c4_r3,6618,perf_20260926-174241_p4_c4_r3,2,1637,1790437610152,0,1790437610155.48,73.585,48.924,1790437610277.99,Normal,0.9756
WIX,18416,20260926-174241_p4_c4_r3,6626,perf_20260926-174241_p4_c4_r3,2,1638,1790437610434,0,1790437610437.408,40.3,45.999,1790437610523.707,Normal,0.8341
WIX,18416,20260926-174241_p4_c4_r3,6630,perf_20260926-174241_p4_c4_r3,2,1639,1790437610575,0,1790437610577.378,28.004,45.015,1790437610650.397,Normal,0.9512
WIX,18416,20260926-174241_p4_c4_r3,6631,perf_20260926-174241_p4_c4_r3,2,1640,1790437610607,0,1790437610653.4,87.343,45.108,1790437610786.868,Normal,0.9588
WIX,18416,20260926-174241_p4_c4_r3,6644,perf_20260926-174241_p4_c4_r3,2,1641,1790437611049,0,1790437611052.673,58.268,48.104,1790437611159.044,Normal,0.9609
WIX,18416,20260926-174241_p4_c4_r3,6650,perf_20260926-174241_p4_c4_r3,2,1642,1790437611254,0,1790437611257.243,31.311,45.859,1790437611335.412,Normal,0.9375
WIX,18416,20260926-174241_p4_c4_r3,6654,perf_20260926-174241_p4_c4_r3,2,1643,1790437611395,0,1790437611398.323,35.094,46.07,1790437611480.062,Normal,0.9081
WIX,18416,20260926-174241_p4_c4_r3,6655,perf_20260926-174241_p4_c4_r3,2,1644,1790437611426,0,1790437611482.258,28.192,43.669,1790437611554.118,Normal,0.9291
WIX,18416,20260926-174241_p4_c4_r3,6656,perf_20260926-174241_p4_c4_r3,2,1645,1790437611457,0,1790437611554.118,28.599,48.051,1790437611631.74,Normal,0.9477
WIX,18416,20260926-174241_p4_c4_r3,6663,perf_20260926-174241_p4_c4_r3,2,1646,1790437611709,0,1790437611714.041,36.223,44.268,1790437611795.45,Normal,0.8661
WIX,18416,20260926-174241_p4_c4_r3,6667,perf_20260926-174241_p4_c4_r3,2,1647,1790437611849,0,1790437611853.0,35.886,46.223,1790437611935.11,Normal,0.873
WIX,18416,20260926-174241_p4_c4_r3,6671,perf_20260926-174241_p4_c4_r3,2,1648,1790437611976,0,1790437611979.225,38.006,47.593,1790437612065.839,Normal,0.7521
WIX,18416,20260926-174241_p4_c4_r3,6673,perf_20260926-174241_p4_c4_r3,2,1649,1790437612055,0,1790437612067.395,35.652,45.855,1790437612149.894,Normal,0.9584
WIX,18416,20260926-174241_p4_c4_r3,6676,perf_20260926-174241_p4_c4_r3,2,1650,1790437612148,0,1790437612152.894,26.518,47.43,1790437612226.841,Normal,0.9075
WIX,18416,20260926-174241_p4_c4_r3,6683,perf_20260926-174241_p4_c4_r3,2,1651,1790437612398,0,1790437612404.57,43.368,45.18,1790437612493.118,Normal,0.9304
WIX,18416,20260926-174241_p4_c4_r3,6687,perf_20260926-174241_p4_c4_r3,2,1652,1790437612541,0,1790437612545.229,48.561,45.227,1790437612640.531,Normal,0.8142
WIX,18416,20260926-174241_p4_c4_r3,6688,perf_20260926-174241_p4_c4_r3,2,1653,1790437612571,0,1790437612645.534,66.865,44.73,1790437612760.133,Normal,0.9441
WIX,18416,20260926-174241_p4_c4_r3,6693,perf_20260926-174241_p4_c4_r3,2,1654,1790437612744,0,1790437612762.276,26.002,43.845,1790437612832.123,Normal,0.4778
WIX,18416,20260926-174241_p4_c4_r3,6694,perf_20260926-174241_p4_c4_r3,2,1655,1790437612775,0,1790437612834.124,30.174,44.553,1790437612909.85,Normal,0.9441
WIX,18416,20260926-174241_p4_c4_r3,6704,perf_20260926-174241_p4_c4_r3,2,1656,1790437613118,0,1790437613122.077,56.72,46.416,1790437613225.213,Normal,0.9674
WIX,18416,20260926-174241_p4_c4_r3,6710,perf_20260926-174241_p4_c4_r3,2,1657,1790437613323,0,1790437613328.264,44.635,45.337,1790437613419.23,Normal,0.9533
WIX,18416,20260926-174241_p4_c4_r3,6713,perf_20260926-174241_p4_c4_r3,2,1658,1790437613433,0,1790437613435.942,31.438,47.271,1790437613515.651,Normal,0.9375
WIX,18416,20260926-174241_p4_c4_r3,6716,perf_20260926-174241_p4_c4_r3,2,1659,1790437613528,0,1790437613531.172,33.877,44.966,1790437613610.015,Normal,0.9313
WIX,18416,20260926-174241_p4_c4_r3,6719,perf_20260926-174241_p4_c4_r3,2,1660,1790437613638,0,1790437613641.018,40.315,43.562,1790437613725.555,Normal,0.9661
WIX,18416,20260926-174241_p4_c4_r3,6727,perf_20260926-174241_p4_c4_r3,2,1661,1790437613920,0,1790437613923.195,38.747,54.549,1790437614017.49,Normal,0.975
WIX,18416,20260926-174241_p4_c4_r3,6728,perf_20260926-174241_p4_c4_r3,2,1662,1790437613951,0,1790437614020.49,59.523,45.324,1790437614125.337,Normal,0.9695
WIX,18416,20260926-174241_p4_c4_r3,6733,perf_20260926-174241_p4_c4_r3,2,1663,1790437614122,0,1790437614130.348,54.846,47.736,1790437614232.931,Normal,0.9746
WIX,18416,20260926-174241_p4_c4_r3,6737,perf_20260926-174241_p4_c4_r3,2,1664,1790437614263,0,1790437614269.63,50.504,42.895,1790437614363.627,Normal,0.9774
WIX,18416,20260926-174241_p4_c4_r3,6738,perf_20260926-174241_p4_c4_r3,2,1665,1790437614294,0,1790437614366.146,29.005,45.428,1790437614441.573,Normal,0.9457
WIX,18416,20260926-174241_p4_c4_r3,6739,perf_20260926-174241_p4_c4_r3,2,1666,1790437614325,0,1790437614441.573,34.997,45.644,1790437614523.09,Normal,0.9468
WIX,18416,20260926-174241_p4_c4_r3,6743,perf_20260926-174241_p4_c4_r3,2,1667,1790437614468,0,1790437614526.093,65.739,45.464,1790437614637.296,Normal,0.8458
WIX,18416,20260926-174241_p4_c4_r3,6749,perf_20260926-174241_p4_c4_r3,2,1668,1790437614672,0,1790437614674.158,60.598,52.008,1790437614786.764,Normal,0.9738
WIX,18416,20260926-174241_p4_c4_r3,6750,perf_20260926-174241_p4_c4_r3,2,1669,1790437614702,0,1790437614790.324,66.695,50.087,1790437614907.107,Normal,0.9718
WIX,18416,20260926-174241_p4_c4_r3,6755,perf_20260926-174241_p4_c4_r3,2,1670,1790437614874,0,1790437614911.107,217.409,48.176,1790437615176.692,Normal,0.9738
WIX,18416,20260926-174241_p4_c4_r3,6759,perf_20260926-174241_p4_c4_r3,2,1671,1790437615016,0,1790437615182.315,67.636,57.017,1790437615306.968,Normal,0.9768
WIX,18416,20260926-174241_p4_c4_r3,6761,perf_20260926-174241_p4_c4_r3,2,1672,1790437615079,0,1790437615307.989,108.179,52.462,1790437615469.625,Normal,0.9729
WIX,18416,20260926-174241_p4_c4_r3,6765,perf_20260926-174241_p4_c4_r3,2,1673,1790437615219,0,1790437615472.141,72.753,44.057,1790437615589.953,Normal,0.9141
WIX,18416,20260926-174241_p4_c4_r3,6775,perf_20260926-174241_p4_c4_r3,2,1674,1790437615575,0,1790437615593.772,44.269,45.109,1790437615683.15,Normal,0.9421
WIX,18416,20260926-174241_p4_c4_r3,6777,perf_20260926-174241_p4_c4_r3,2,1675,1790437615638,0,1790437615685.684,34.816,46.711,1790437615768.207,Normal,0.9667
WIX,18416,20260926-174241_p4_c4_r3,6781,perf_20260926-174241_p4_c4_r3,2,1676,1790437615777,0,1790437615780.263,31.439,48.63,1790437615861.328,Normal,0.9788
WIX,18416,20260926-174241_p4_c4_r3,6782,perf_20260926-174241_p4_c4_r3,2,1677,1790437615808,0,1790437615865.399,74.418,59.397,1790437615999.214,Normal,0.9777
WIX,18416,20260926-174241_p4_c4_r3,6785,perf_20260926-174241_p4_c4_r3,2,1678,1790437615919,0,1790437616004.427,54.68,54.242,1790437616113.903,Normal,0.9373
WIX,18416,20260926-174241_p4_c4_r3,6786,perf_20260926-174241_p4_c4_r3,2,1679,1790437615950,0,1790437616114.459,54.839,48.625,1790437616217.923,Normal,0.9441
WIX,18416,20260926-174241_p4_c4_r3,6787,perf_20260926-174241_p4_c4_r3,2,1680,1790437615982,0,1790437616217.923,63.455,50.428,1790437616332.808,Normal,0.9595
WIX,18416,20260926-174241_p4_c4_r3,6791,perf_20260926-174241_p4_c4_r3,2,1681,1790437616119,0,1790437616335.809,40.642,46.959,1790437616431.951,Normal,0.9119
WIX,18416,20260926-174241_p4_c4_r3,6793,perf_20260926-174241_p4_c4_r3,2,1682,1790437616182,0,1790437616432.946,46.344,47.922,1790437616527.735,Normal,0.8599
WIX,18416,20260926-174241_p4_c4_r3,6800,perf_20260926-174241_p4_c4_r3,2,1683,1790437616429,0,1790437616530.741,81.88,43.009,1790437616656.631,Normal,0.9561
WIX,18416,20260926-174241_p4_c4_r3,6811,perf_20260926-174241_p4_c4_r3,2,1684,1790437616806,0,1790437616809.216,37.996,44.863,1790437616893.073,Normal,0.9535
WIX,18416,20260926-174241_p4_c4_r3,6814,perf_20260926-174241_p4_c4_r3,2,1685,1790437616917,0,1790437616920.17,68.479,44.003,1790437617033.659,Normal,0.9592
WIX,18416,20260926-174241_p4_c4_r3,6818,perf_20260926-174241_p4_c4_r3,2,1686,1790437617042,0,1790437617045.659,42.695,45.009,1790437617133.983,Normal,0.9815
WIX,18416,20260926-174241_p4_c4_r3,6824,perf_20260926-174241_p4_c4_r3,2,1687,1790437617261,0,1790437617264.355,33.885,51.238,1790437617350.321,Normal,0.944
WIX,18416,20260926-174241_p4_c4_r3,6825,perf_20260926-174241_p4_c4_r3,2,1688,1790437617292,0,1790437617352.87,35.181,47.995,1790437617436.046,Normal,0.973
WIX,18416,20260926-174241_p4_c4_r3,6829,perf_20260926-174241_p4_c4_r3,2,1689,1790437617435,0,1790437617440.054,29.136,50.319,1790437617519.51,Normal,0.9608
WIX,18416,20260926-174241_p4_c4_r3,6834,perf_20260926-174241_p4_c4_r3,2,1690,1790437617609,0,1790437617612.012,43.043,56.846,1790437617712.895,Normal,0.9644
WIX,18416,20260926-174241_p4_c4_r3,6836,perf_20260926-174241_p4_c4_r3,2,1691,1790437617671,0,1790437617715.926,39.532,46.414,1790437617802.869,Normal,0.951
WIX,18416,20260926-174241_p4_c4_r3,6837,perf_20260926-174241_p4_c4_r3,2,1692,1790437617702,0,1790437617802.869,34.801,49.299,1790437617886.969,Normal,0.9708
WIX,18416,20260926-174241_p4_c4_r3,6848,perf_20260926-174241_p4_c4_r3,2,1693,1790437618092,0,1790437618095.797,47.157,47.287,1790437618190.241,Normal,0.82
WIX,18416,20260926-174241_p4_c4_r3,6849,perf_20260926-174241_p4_c4_r3,2,1694,1790437618124,0,1790437618193.274,52.999,48.729,1790437618295.984,Normal,0.9597
WIX,18416,20260926-174241_p4_c4_r3,6850,perf_20260926-174241_p4_c4_r3,2,1695,1790437618155,0,1790437618295.984,27.001,43.824,1790437618366.809,Normal,0.9685
WIX,18416,20260926-174241_p4_c4_r3,6851,perf_20260926-174241_p4_c4_r3,2,1696,1790437618187,0,1790437618367.819,51.07,44.357,1790437618463.787,Normal,0.9736
WIX,18416,20260926-174241_p4_c4_r3,6859,perf_20260926-174241_p4_c4_r3,2,1697,1790437618470,0,1790437618474.476,42.865,45.107,1790437618563.447,Normal,0.8883
WIX,18416,20260926-174241_p4_c4_r3,6860,perf_20260926-174241_p4_c4_r3,2,1698,1790437618501,0,1790437618566.462,53.592,48.178,1790437618669.232,Normal,0.9798
WIX,18416,20260926-174241_p4_c4_r3,6863,perf_20260926-174241_p4_c4_r3,2,1699,1790437618608,0,1790437618671.827,56.12,44.591,1790437618773.535,Normal,0.9545
WIX,18416,20260926-174241_p4_c4_r3,6866,perf_20260926-174241_p4_c4_r3,2,1700,1790437618702,0,1790437618776.542,33.003,44.99,1790437618854.534,Normal,0.9394
WIX,18416,20260926-174241_p4_c4_r3,6867,perf_20260926-174241_p4_c4_r3,2,1701,1790437618747,0,1790437618855.535,49.315,44.01,1790437618949.86,Normal,0.9562
WIX,18416,20260926-174241_p4_c4_r3,6873,perf_20260926-174241_p4_c4_r3,2,1702,1790437618951,0,1790437618954.859,43.668,51.997,1790437619050.524,Normal,0.9657
WIX,18416,20260926-174241_p4_c4_r3,6883,perf_20260926-174241_p4_c4_r3,2,1703,1790437619295,0,1790437619298.117,50.03,47.87,1790437619397.046,Normal,0.6613
WIX,18416,20260926-174241_p4_c4_r3,6884,perf_20260926-174241_p4_c4_r3,2,1704,1790437619327,0,1790437619399.054,28.79,47.342,1790437619476.675,Normal,0.9531
WIX,18416,20260926-174241_p4_c4_r3,6885,perf_20260926-174241_p4_c4_r3,2,1705,1790437619358,0,1790437619476.675,26.758,46.059,1790437619549.493,Normal,0.4778
WIX,18416,20260926-174241_p4_c4_r3,6886,perf_20260926-174241_p4_c4_r3,2,1706,1790437619390,0,1790437619550.489,33.453,49.035,1790437619633.975,Normal,0.9128
WIX,18416,20260926-174241_p4_c4_r3,6895,perf_20260926-174241_p4_c4_r3,2,1707,1790437619703,0,1790437619707.808,55.2,46.544,1790437619810.585,Normal,0.9572
WIX,18416,20260926-174241_p4_c4_r3,6896,perf_20260926-174241_p4_c4_r3,2,1708,1790437619735,0,1790437619813.584,32.031,48.576,1790437619895.156,Normal,0.9121
WIX,18416,20260926-174241_p4_c4_r3,6898,perf_20260926-174241_p4_c4_r3,2,1709,1790437619814,0,1790437619898.159,34.003,44.913,1790437619977.564,Normal,0.9739
WIX,18416,20260926-174241_p4_c4_r3,6901,perf_20260926-174241_p4_c4_r3,2,1710,1790437619908,0,1790437619980.561,35.042,48.92,1790437620064.523,Normal,0.9673
WIX,18416,20260926-174241_p4_c4_r3,6903,perf_20260926-174241_p4_c4_r3,2,1711,1790437619984,0,1790437620067.552,27.06,47.242,1790437620144.022,Normal,0.7835
WIX,18416,20260926-174241_p4_c4_r3,6904,perf_20260926-174241_p4_c4_r3,2,1712,1790437620015,0,1790437620144.022,45.72,44.084,1790437620234.808,Normal,0.9693
WIX,18416,20260926-174241_p4_c4_r3,6905,perf_20260926-174241_p4_c4_r3,2,1713,1790437620046,0,1790437620235.811,44.077,43.836,1790437620323.724,Normal,0.9546
WIX,18416,20260926-174241_p4_c4_r3,6906,perf_20260926-174241_p4_c4_r3,2,1714,1790437620077,0,1790437620325.728,32.018,46.711,1790437620405.452,Normal,0.8708
WIX,18416,20260926-174241_p4_c4_r3,6920,perf_20260926-174241_p4_c4_r3,2,1715,1790437620564,0,1790437620569.623,57.646,43.539,1790437620670.808,Normal,0.9434
WIX,18416,20260926-174241_p4_c4_r3,6924,perf_20260926-174241_p4_c4_r3,2,1716,1790437620704,0,1790437620707.312,32.003,45.346,1790437620784.661,Normal,0.9527
WIX,18416,20260926-174241_p4_c4_r3,6929,perf_20260926-174241_p4_c4_r3,2,1717,1790437620875,0,1790437620878.165,29.11,46.012,1790437620953.287,Normal,0.8243
WIX,18416,20260926-174241_p4_c4_r3,6934,perf_20260926-174241_p4_c4_r3,2,1718,1790437621049,0,1790437621052.246,26.57,44.938,1790437621124.749,Normal,0.9586
WIX,18416,20260926-174241_p4_c4_r3,6940,perf_20260926-174241_p4_c4_r3,2,1719,1790437621252,0,1790437621254.379,35.392,50.014,1790437621340.755,Normal,0.9519
WIX,18416,20260926-174241_p4_c4_r3,6944,perf_20260926-174241_p4_c4_r3,2,1720,1790437621394,0,1790437621396.553,40.0,46.172,1790437621482.726,Normal,0.853
WIX,18416,20260926-174241_p4_c4_r3,6947,perf_20260926-174241_p4_c4_r3,2,1721,1790437621504,0,1790437621507.796,47.272,45.682,1790437621601.344,Normal,0.9622
WIX,18416,20260926-174241_p4_c4_r3,6956,perf_20260926-174241_p4_c4_r3,2,1722,1790437621802,0,1790437621804.286,29.006,45.847,1790437621880.157,Normal,0.9496
WIX,18416,20260926-174241_p4_c4_r3,6959,perf_20260926-174241_p4_c4_r3,2,1723,1790437621913,0,1790437621915.831,100.773,49.97,1790437622066.574,Normal,0.9518
WIX,18416,20260926-174241_p4_c4_r3,6960,perf_20260926-174241_p4_c4_r3,2,1724,1790437621944,0,1790437622069.577,46.872,46.536,1790437622162.985,Normal,0.9137
WIX,18416,20260926-174241_p4_c4_r3,6965,perf_20260926-174241_p4_c4_r3,2,1725,1790437622118,0,1790437622164.998,43.163,46.997,1790437622256.147,Normal,0.9616
WIX,18416,20260926-174241_p4_c4_r3,6970,perf_20260926-174241_p4_c4_r3,2,1726,1790437622291,0,1790437622295.342,35.008,49.79,1790437622381.13,Normal,0.9388
WIX,18416,20260926-174241_p4_c4_r3,6971,perf_20260926-174241_p4_c4_r3,2,1727,1790437622323,0,1790437622384.13,111.888,48.31,1790437622545.326,Normal,0.9178
WIX,18416,20260926-174241_p4_c4_r3,6973,perf_20260926-174241_p4_c4_r3,2,1728,1790437622401,0,1790437622548.36,55.268,47.313,1790437622654.935,Normal,0.9592
WIX,18416,20260926-174241_p4_c4_r3,6974,perf_20260926-174241_p4_c4_r3,2,1729,1790437622433,0,1790437622654.935,159.864,46.037,1790437622860.835,Normal,0.9687
WIX,18416,20260926-174241_p4_c4_r3,6984,perf_20260926-174241_p4_c4_r3,2,1730,1790437622777,0,1790437622863.84,30.433,49.368,1790437622944.614,Normal,0.9653
WIX,18416,20260926-174241_p4_c4_r3,6985,perf_20260926-174241_p4_c4_r3,2,1731,1790437622808,0,1790437622944.614,72.781,45.516,1790437623063.916,Normal,0.976
WIX,18416,20260926-174241_p4_c4_r3,6988,perf_20260926-174241_p4_c4_r3,2,1732,1790437622919,0,1790437623066.631,48.347,46.479,1790437623162.359,Normal,0.8778
WIX,18416,20260926-174241_p4_c4_r3,6991,perf_20260926-174241_p4_c4_r3,2,1733,1790437623013,0,1790437623162.359,54.278,57.294,1790437623274.894,Normal,0.6353
WIX,18416,20260926-174241_p4_c4_r3,6993,perf_20260926-174241_p4_c4_r3,2,1734,1790437623090,0,1790437623277.405,33.207,47.84,1790437623358.452,Normal,0.9556
WIX,18416,20260926-174241_p4_c4_r3,6996,perf_20260926-174241_p4_c4_r3,2,1735,1790437623184,0,1790437623358.452,68.084,46.321,1790437623472.857,Normal,0.973
WIX,18416,20260926-174241_p4_c4_r3,7001,perf_20260926-174241_p4_c4_r3,2,1736,1790437623356,0,1790437623474.859,33.019,51.896,1790437623559.773,Normal,0.9305
WIX,18416,20260926-174241_p4_c4_r3,7004,perf_20260926-174241_p4_c4_r3,2,1737,1790437623465,0,1790437623559.773,32.623,50.434,1790437623644.083,Normal,0.9521
WIX,18416,20260926-174241_p4_c4_r3,7005,perf_20260926-174241_p4_c4_r3,2,1738,1790437623496,0,1790437623647.083,30.013,45.798,1790437623724.183,Normal,0.9441
WIX,18416,20260926-174241_p4_c4_r3,7009,perf_20260926-174241_p4_c4_r3,2,1739,1790437623638,0,1790437623724.183,84.252,48.07,1790437623857.509,Normal,0.9793
WIX,18416,20260926-174241_p4_c4_r3,7010,perf_20260926-174241_p4_c4_r3,2,1740,1790437623669,0,1790437623860.509,35.423,46.424,1790437623942.711,Normal,0.9332
WIX,18416,20260926-174241_p4_c4_r3,7012,perf_20260926-174241_p4_c4_r3,2,1741,1790437623747,0,1790437623942.711,35.334,46.955,1790437624024.999,Normal,0.9517
WIX,18416,20260926-174241_p4_c4_r3,7014,perf_20260926-174241_p4_c4_r3,2,1742,1790437623809,0,1790437624024.999,46.015,44.95,1790437624116.96,Normal,0.9617
WIX,18416,20260926-174241_p4_c4_r3,7016,perf_20260926-174241_p4_c4_r3,2,1743,1790437623872,0,1790437624120.003,26.959,46.288,1790437624194.255,Normal,0.9339
WIX,18416,20260926-174241_p4_c4_r3,7032,perf_20260926-174241_p4_c4_r3,2,1744,1790437624422,0,1790437624425.114,65.843,45.403,1790437624537.36,Normal,0.9031
WIX,18416,20260926-174241_p4_c4_r3,7035,perf_20260926-174241_p4_c4_r3,2,1745,1790437624533,0,1790437624540.384,27.848,47.176,1790437624615.408,Normal,0.9475
WIX,18416,20260926-174241_p4_c4_r3,7038,perf_20260926-174241_p4_c4_r3,2,1746,1790437624640,0,1790437624642.906,33.025,48.084,1790437624724.016,Normal,0.9608
WIX,18416,20260926-174241_p4_c4_r3,7045,perf_20260926-174241_p4_c4_r3,2,1747,1790437624877,0,1790437624880.195,39.823,54.221,1790437624974.239,Normal,0.8683
WIX,18416,20260926-174241_p4_c4_r3,7047,perf_20260926-174241_p4_c4_r3,2,1748,1790437624940,0,1790437624977.276,26.577,45.277,1790437625050.125,Normal,0.9369
WIX,18416,20260926-174241_p4_c4_r3,7049,perf_20260926-174241_p4_c4_r3,2,1749,1790437625017,0,1790437625053.15,34.492,47.07,1790437625135.345,Normal,0.9784
WIX,18416,20260926-174241_p4_c4_r3,7050,perf_20260926-174241_p4_c4_r3,2,1750,1790437625048,0,1790437625135.906,36.235,44.475,1790437625216.617,Normal,0.9283
WIX,18416,20260926-174241_p4_c4_r3,7055,perf_20260926-174241_p4_c4_r3,2,1751,1790437625220,0,1790437625222.586,23.043,49.636,1790437625296.229,Normal,0.9491
WIX,18416,20260926-174241_p4_c4_r3,7056,perf_20260926-174241_p4_c4_r3,2,1752,1790437625252,0,1790437625298.24,37.527,52.997,1790437625388.763,HATE,0.5177
WIX,18416,20260926-174241_p4_c4_r3,7064,perf_20260926-174241_p4_c4_r3,2,1753,1790437625536,0,1790437625539.869,40.181,49.475,1790437625630.519,Normal,0.9303
WIX,18416,20260926-174241_p4_c4_r3,7065,perf_20260926-174241_p4_c4_r3,2,1754,1790437625568,0,1790437625633.525,36.086,49.157,1790437625718.768,Normal,0.9139
WIX,18416,20260926-174241_p4_c4_r3,7066,perf_20260926-174241_p4_c4_r3,2,1755,1790437625599,0,1790437625718.768,49.105,49.533,1790437625818.398,Normal,0.9731
WIX,18416,20260926-174241_p4_c4_r3,7073,perf_20260926-174241_p4_c4_r3,2,1756,1790437625849,0,1790437625852.597,30.011,46.154,1790437625930.271,Normal,0.9417
WIX,18416,20260926-174241_p4_c4_r3,7075,perf_20260926-174241_p4_c4_r3,2,1757,1790437625913,0,1790437625933.277,37.538,46.611,1790437626018.433,OFFENSIVE,0.389
WIX,18416,20260926-174241_p4_c4_r3,7078,perf_20260926-174241_p4_c4_r3,2,1758,1790437626022,0,1790437626025.152,52.98,45.597,1790437626124.256,Normal,0.9583
WIX,18416,20260926-174241_p4_c4_r3,7079,perf_20260926-174241_p4_c4_r3,2,1759,1790437626053,0,1790437626126.267,36.002,44.059,1790437626206.328,Normal,0.913
WIX,18416,20260926-174241_p4_c4_r3,7080,perf_20260926-174241_p4_c4_r3,2,1760,1790437626083,0,1790437626206.866,26.765,45.809,1790437626280.49,Normal,0.9491
WIX,18416,20260926-174241_p4_c4_r3,7083,perf_20260926-174241_p4_c4_r3,2,1761,1790437626192,0,1790437626283.038,35.186,49.545,1790437626369.288,Normal,0.8944
WIX,18416,20260926-174241_p4_c4_r3,7088,perf_20260926-174241_p4_c4_r3,2,1762,1790437626363,0,1790437626371.814,39.315,45.48,1790437626456.609,Normal,0.9574
WIX,18416,20260926-174241_p4_c4_r3,7090,perf_20260926-174241_p4_c4_r3,2,1763,1790437626425,0,1790437626459.666,37.395,53.849,1790437626550.91,Normal,0.8511
WIX,18416,20260926-174241_p4_c4_r3,7091,perf_20260926-174241_p4_c4_r3,2,1764,1790437626471,0,1790437626554.913,43.371,46.103,1790437626645.386,Normal,0.9619
WIX,18416,20260926-174241_p4_c4_r3,7093,perf_20260926-174241_p4_c4_r3,2,1765,1790437626533,0,1790437626646.375,45.563,45.259,1790437626738.197,Normal,0.7727
WIX,18416,20260926-174241_p4_c4_r3,7094,perf_20260926-174241_p4_c4_r3,2,1766,1790437626564,0,1790437626741.226,79.613,52.355,1790437626873.195,Normal,0.9783
WIX,18416,20260926-174241_p4_c4_r3,7096,perf_20260926-174241_p4_c4_r3,2,1767,1790437626643,0,1790437626873.195,47.383,45.606,1790437626967.193,Normal,0.9481
WIX,18416,20260926-174241_p4_c4_r3,7097,perf_20260926-174241_p4_c4_r3,2,1768,1790437626674,0,1790437626967.193,72.093,45.084,1790437627085.369,Normal,0.9588
WIX,18416,20260926-174241_p4_c4_r3,7102,perf_20260926-174241_p4_c4_r3,2,1769,1790437626847,0,1790437627089.438,89.494,48.525,1790437627232.98,Normal,0.963
WIX,18416,20260926-174241_p4_c4_r3,7109,perf_20260926-174241_p4_c4_r3,2,1770,1790437627080,0,1790437627232.98,92.181,44.36,1790437627369.521,Normal,0.8505
WIX,18416,20260926-174241_p4_c4_r3,7111,perf_20260926-174241_p4_c4_r3,2,1771,1790437627157,0,1790437627374.589,99.814,54.42,1790437627529.82,Normal,0.9748
WIX,18416,20260926-174241_p4_c4_r3,7115,perf_20260926-174241_p4_c4_r3,2,1772,1790437627300,0,1790437627529.82,52.1,50.112,1790437627633.162,Normal,0.9309
WIX,18416,20260926-174241_p4_c4_r3,7119,perf_20260926-174241_p4_c4_r3,2,1773,1790437627423,0,1790437627639.232,65.79,49.335,1790437627755.372,Normal,0.9475
WIX,18416,20260926-174241_p4_c4_r3,7122,perf_20260926-174241_p4_c4_r3,2,1774,1790437627533,0,1790437627755.372,74.067,74.934,1790437627904.373,Normal,0.6094
WIX,18416,20260926-174241_p4_c4_r3,7128,perf_20260926-174241_p4_c4_r3,2,1775,1790437627735,0,1790437627908.887,56.831,44.699,1790437628010.417,Normal,0.9475
WIX,18416,20260926-174241_p4_c4_r3,7132,perf_20260926-174241_p4_c4_r3,2,1776,1790437627893,0,1790437628010.417,43.496,49.033,1790437628113.024,Normal,0.9387
WIX,18416,20260926-174241_p4_c4_r3,7137,perf_20260926-174241_p4_c4_r3,2,1777,1790437628049,0,1790437628116.555,91.911,47.717,1790437628257.185,Normal,0.9671
WIX,18416,20260926-174241_p4_c4_r3,7140,perf_20260926-174241_p4_c4_r3,2,1778,1790437628159,0,1790437628261.001,62.133,52.375,1790437628376.502,Normal,0.9775
WIX,18416,20260926-174241_p4_c4_r3,7141,perf_20260926-174241_p4_c4_r3,2,1779,1790437628191,0,1790437628376.502,50.18,48.796,1790437628475.478,Normal,0.9491
WIX,18416,20260926-174241_p4_c4_r3,7144,perf_20260926-174241_p4_c4_r3,2,1780,1790437628286,0,1790437628478.473,167.377,50.691,1790437628697.101,Normal,0.9743
WIX,18416,20260926-174241_p4_c4_r3,7148,perf_20260926-174241_p4_c4_r3,2,1781,1790437628428,0,1790437628698.126,36.185,44.166,1790437628779.468,Normal,0.9166
WIX,18416,20260926-174241_p4_c4_r3,7150,perf_20260926-174241_p4_c4_r3,2,1782,1790437628505,0,1790437628782.802,50.061,43.903,1790437628877.306,Normal,0.8661
WIX,18416,20260926-174241_p4_c4_r3,7153,perf_20260926-174241_p4_c4_r3,2,1783,1790437628601,0,1790437628877.306,38.563,43.201,1790437628959.07,Normal,0.9689
WIX,18416,20260926-174241_p4_c4_r3,7156,perf_20260926-174241_p4_c4_r3,2,1784,1790437628711,0,1790437628959.07,27.25,44.944,1790437629032.377,Normal,0.9473
WIX,18416,20260926-174241_p4_c4_r3,7161,perf_20260926-174241_p4_c4_r3,2,1785,1790437628884,0,1790437629036.093,30.372,43.665,1790437629111.126,Normal,0.913
WIX,18416,20260926-174241_p4_c4_r3,7163,perf_20260926-174241_p4_c4_r3,2,1786,1790437628946,0,1790437629111.126,47.999,47.73,1790437629207.86,Normal,0.9694
WIX,18416,20260926-174241_p4_c4_r3,7165,perf_20260926-174241_p4_c4_r3,2,1787,1790437629009,0,1790437629208.867,32.92,46.71,1790437629293.126,Normal,0.913
WIX,18416,20260926-174241_p4_c4_r3,7169,perf_20260926-174241_p4_c4_r3,2,1788,1790437629151,0,1790437629295.135,27.919,51.92,1790437629375.547,Normal,0.9475
WIX,18416,20260926-174241_p4_c4_r3,7174,perf_20260926-174241_p4_c4_r3,2,1789,1790437629323,0,1790437629378.084,29.071,47.879,1790437629456.144,Normal,0.9686
WIX,18416,20260926-174241_p4_c4_r3,7176,perf_20260926-174241_p4_c4_r3,2,1790,1790437629401,0,1790437629458.145,36.068,47.356,1790437629541.569,Normal,0.9384
WIX,18416,20260926-174241_p4_c4_r3,7184,perf_20260926-174241_p4_c4_r3,2,1791,1790437629667,0,1790437629670.297,30.202,45.162,1790437629746.658,Normal,0.9375
WIX,18416,20260926-174241_p4_c4_r3,7186,perf_20260926-174241_p4_c4_r3,2,1792,1790437629745,0,1790437629748.655,48.745,46.263,1790437629843.664,Normal,0.9752
WIX,18416,20260926-174241_p4_c4_r3,7189,perf_20260926-174241_p4_c4_r3,2,1793,1790437629839,0,1790437629845.671,39.645,45.558,1790437629932.415,Normal,0.9738
WIX,18416,20260926-174241_p4_c4_r3,7191,perf_20260926-174241_p4_c4_r3,2,1794,1790437629917,0,1790437629935.413,41.019,46.069,1790437630023.494,Normal,0.9637
WIX,18416,20260926-174241_p4_c4_r3,7194,perf_20260926-174241_p4_c4_r3,2,1795,1790437630013,0,1790437630025.497,33.041,46.439,1790437630104.976,Normal,0.9545
WIX,18416,20260926-174241_p4_c4_r3,7208,perf_20260926-174241_p4_c4_r3,2,1796,1790437630501,0,1790437630503.83,28.219,48.181,1790437630580.231,Normal,0.9718
WIX,18416,20260926-174241_p4_c4_r3,7211,perf_20260926-174241_p4_c4_r3,2,1797,1790437630595,0,1790437630598.183,41.742,44.004,1790437630683.928,Normal,0.8386
WIX,18416,20260926-174241_p4_c4_r3,7212,perf_20260926-174241_p4_c4_r3,2,1798,1790437630641,0,1790437630686.928,173.318,45.824,1790437630909.066,OFFENSIVE,0.9248
WIX,18416,20260926-174241_p4_c4_r3,7216,perf_20260926-174241_p4_c4_r3,2,1799,1790437630768,0,1790437630911.677,36.017,44.82,1790437630993.505,Normal,0.9473
WIX,18416,20260926-174241_p4_c4_r3,7217,perf_20260926-174241_p4_c4_r3,2,1800,1790437630815,0,1790437630994.476,37.997,46.014,1790437631079.491,Normal,0.971
WIX,18416,20260926-174241_p4_c4_r3,7219,perf_20260926-174241_p4_c4_r3,2,1801,1790437630879,0,1790437631080.496,38.875,45.579,1790437631164.95,Normal,0.9473
WIX,18416,20260926-174241_p4_c4_r3,7226,perf_20260926-174241_p4_c4_r3,2,1802,1790437631115,0,1790437631167.961,30.784,52.947,1790437631251.692,OFFENSIVE,0.5369
WIX,18416,20260926-174241_p4_c4_r3,7229,perf_20260926-174241_p4_c4_r3,2,1803,1790437631224,0,1790437631253.703,181.894,45.689,1790437631482.281,Normal,0.9503
WIX,18416,20260926-174241_p4_c4_r3,7233,perf_20260926-174241_p4_c4_r3,2,1804,1790437631363,0,1790437631485.295,36.846,46.653,1790437631578.222,Normal,0.9259
WIX,18416,20260926-174241_p4_c4_r3,7235,perf_20260926-174241_p4_c4_r3,2,1805,1790437631425,0,1790437631579.227,38.649,43.625,1790437631662.829,Normal,0.9375
WIX,18416,20260926-174241_p4_c4_r3,7237,perf_20260926-174241_p4_c4_r3,2,1806,1790437631504,0,1790437631666.417,42.343,46.692,1790437631755.452,Normal,0.9375
WIX,18416,20260926-174241_p4_c4_r3,7238,perf_20260926-174241_p4_c4_r3,2,1807,1790437631535,0,1790437631756.452,66.8,50.514,1790437631874.763,Normal,0.9741
WIX,18416,20260926-174241_p4_c4_r3,7244,perf_20260926-174241_p4_c4_r3,2,1808,1790437631738,0,1790437631878.775,39.873,44.286,1790437631962.934,Normal,0.9717
WIX,18416,20260926-174241_p4_c4_r3,7249,perf_20260926-174241_p4_c4_r3,2,1809,1790437631911,0,1790437631965.935,54.703,47.992,1790437632069.648,Normal,0.9721
WIX,18416,20260926-174241_p4_c4_r3,7264,perf_20260926-174241_p4_c4_r3,2,1810,1790437632430,0,1790437632433.112,48.02,46.753,1790437632531.885,Normal,0.9356
WIX,18416,20260926-174241_p4_c4_r3,7266,perf_20260926-174241_p4_c4_r3,2,1811,1790437632493,0,1790437632533.981,70.719,46.784,1790437632652.483,Normal,0.941
WIX,18416,20260926-174241_p4_c4_r3,7272,perf_20260926-174241_p4_c4_r3,2,1812,1790437632713,0,1790437632717.393,66.865,48.21,1790437632833.476,Normal,0.971
WIX,18416,20260926-174241_p4_c4_r3,7274,perf_20260926-174241_p4_c4_r3,2,1813,1790437632775,0,1790437632835.479,28.039,48.147,1790437632912.264,Normal,0.9688
WIX,18416,20260926-174241_p4_c4_r3,7276,perf_20260926-174241_p4_c4_r3,2,1814,1790437632839,0,1790437632915.26,25.693,44.359,1790437632985.312,Normal,0.7394
WIX,18416,20260926-174241_p4_c4_r3,7282,perf_20260926-174241_p4_c4_r3,2,1815,1790437633044,0,1790437633047.3,60.321,49.432,1790437633157.617,Normal,0.9357
WIX,18416,20260926-174241_p4_c4_r3,7285,perf_20260926-174241_p4_c4_r3,2,1816,1790437633153,0,1790437633160.634,39.675,46.002,1790437633246.311,Normal,0.9338
WIX,18416,20260926-174241_p4_c4_r3,7288,perf_20260926-174241_p4_c4_r3,2,1817,1790437633263,0,1790437633266.673,44.461,49.575,1790437633361.25,Normal,0.8926
WIX,18416,20260926-174241_p4_c4_r3,7290,perf_20260926-174241_p4_c4_r3,2,1818,1790437633324,0,1790437633363.489,37.177,44.994,1790437633445.66,Normal,0.9524
WIX,18416,20260926-174241_p4_c4_r3,7294,perf_20260926-174241_p4_c4_r3,2,1819,1790437633465,0,1790437633467.657,32.872,49.597,1790437633551.125,Normal,0.9425
WIX,18416,20260926-174241_p4_c4_r3,7295,perf_20260926-174241_p4_c4_r3,2,1820,1790437633497,0,1790437633554.126,29.387,46.539,1790437633631.046,Normal,0.9661
WIX,18416,20260926-174241_p4_c4_r3,7299,perf_20260926-174241_p4_c4_r3,2,1821,1790437633637,0,1790437633639.047,34.0,48.109,1790437633721.156,Normal,0.967
WIX,18416,20260926-174241_p4_c4_r3,7300,perf_20260926-174241_p4_c4_r3,2,1822,1790437633669,0,1790437633724.155,33.043,47.422,1790437633805.518,Normal,0.956
WIX,18416,20260926-174241_p4_c4_r3,7306,perf_20260926-174241_p4_c4_r3,2,1823,1790437633873,0,1790437633877.371,48.913,45.104,1790437633971.388,HATE,0.6851
WIX,18416,20260926-174241_p4_c4_r3,7307,perf_20260926-174241_p4_c4_r3,2,1824,1790437633905,0,1790437633975.385,44.758,46.441,1790437634067.168,Normal,0.8977
WIX,18416,20260926-174241_p4_c4_r3,7309,perf_20260926-174241_p4_c4_r3,2,1825,1790437633982,0,1790437634070.212,33.294,50.065,1790437634154.564,Normal,0.9424
WIX,18416,20260926-174241_p4_c4_r3,7310,perf_20260926-174241_p4_c4_r3,2,1826,1790437634013,0,1790437634154.564,44.173,46.587,1790437634246.321,Normal,0.9519
WIX,18416,20260926-174241_p4_c4_r3,7318,perf_20260926-174241_p4_c4_r3,2,1827,1790437634296,0,1790437634298.079,33.978,49.052,1790437634381.109,Normal,0.9177
WIX,18416,20260926-174241_p4_c4_r3,7323,perf_20260926-174241_p4_c4_r3,2,1828,1790437634469,0,1790437634472.417,32.561,46.057,1790437634551.034,Normal,0.9507
WIX,18416,20260926-174241_p4_c4_r3,7326,perf_20260926-174241_p4_c4_r3,2,1829,1790437634565,0,1790437634567.034,30.785,45.346,1790437634643.165,Normal,0.9073
WIX,18416,20260926-174241_p4_c4_r3,7328,perf_20260926-174241_p4_c4_r3,2,1830,1790437634642,0,1790437634645.167,26.028,46.796,1790437634718.958,Normal,0.9695
WIX,18416,20260926-174241_p4_c4_r3,7336,perf_20260926-174241_p4_c4_r3,2,1831,1790437634911,0,1790437634913.426,40.604,45.575,1790437635000.705,Normal,0.9644
WIX,18416,20260926-174241_p4_c4_r3,7340,perf_20260926-174241_p4_c4_r3,2,1832,1790437635051,0,1790437635054.406,56.306,43.482,1790437635155.158,Normal,0.9757
WIX,18416,20260926-174241_p4_c4_r3,7348,perf_20260926-174241_p4_c4_r3,2,1833,1790437635332,0,1790437635335.764,38.001,42.801,1790437635417.579,Normal,0.9371
WIX,18416,20260926-174241_p4_c4_r3,7352,perf_20260926-174241_p4_c4_r3,2,1834,1790437635457,0,1790437635460.719,34.627,50.994,1790437635546.869,Normal,0.9471
WIX,18416,20260926-174241_p4_c4_r3,7354,perf_20260926-174241_p4_c4_r3,2,1835,1790437635535,0,1790437635549.865,70.712,45.571,1790437635667.184,Normal,0.9629
WIX,18416,20260926-174241_p4_c4_r3,7355,perf_20260926-174241_p4_c4_r3,2,1836,1790437635567,0,1790437635670.189,45.596,46.263,1790437635762.595,Normal,0.9221
WIX,18416,20260926-174241_p4_c4_r3,7356,perf_20260926-174241_p4_c4_r3,2,1837,1790437635599,0,1790437635762.595,47.742,46.8,1790437635858.139,Normal,0.9673
WIX,18416,20260926-174241_p4_c4_r3,7357,perf_20260926-174241_p4_c4_r3,2,1838,1790437635631,0,1790437635859.086,42.539,48.207,1790437635958.96,Normal,0.859
WIX,18416,20260926-174241_p4_c4_r3,7363,perf_20260926-174241_p4_c4_r3,2,1839,1790437635851,0,1790437635960.961,79.468,49.413,1790437636090.398,Normal,0.9696
WIX,18416,20260926-174241_p4_c4_r3,7371,perf_20260926-174241_p4_c4_r3,2,1840,1790437636115,0,1790437636119.471,44.393,43.926,1790437636207.79,Normal,0.9349
WIX,18416,20260926-174241_p4_c4_r3,7373,perf_20260926-174241_p4_c4_r3,2,1841,1790437636192,0,1790437636210.797,32.615,45.865,1790437636296.43,Normal,0.9422
WIX,18416,20260926-174241_p4_c4_r3,7374,perf_20260926-174241_p4_c4_r3,2,1842,1790437636223,0,1790437636298.438,35.974,47.292,1790437636381.705,Normal,0.6048
WIX,18416,20260926-174241_p4_c4_r3,7382,perf_20260926-174241_p4_c4_r3,2,1843,1790437636505,0,1790437636508.304,34.209,50.139,1790437636594.631,Normal,0.9514
WIX,18416,20260926-174241_p4_c4_r3,7390,perf_20260926-174241_p4_c4_r3,2,1844,1790437636771,0,1790437636773.857,34.735,48.916,1790437636858.751,Normal,0.8787
WIX,18416,20260926-174241_p4_c4_r3,7392,perf_20260926-174241_p4_c4_r3,2,1845,1790437636850,0,1790437636861.75,34.016,47.142,1790437636944.054,Normal,0.9529
WIX,18416,20260926-174241_p4_c4_r3,7395,perf_20260926-174241_p4_c4_r3,2,1846,1790437636945,0,1790437636948.056,45.078,44.894,1790437637039.263,Normal,0.9275
WIX,18416,20260926-174241_p4_c4_r3,7401,perf_20260926-174241_p4_c4_r3,2,1847,1790437637148,0,1790437637150.854,26.018,48.393,1790437637225.265,Normal,0.9375
WIX,18416,20260926-174241_p4_c4_r3,7404,perf_20260926-174241_p4_c4_r3,2,1848,1790437637258,0,1790437637261.002,58.102,44.73,1790437637364.354,Normal,0.9469
WIX,18416,20260926-174241_p4_c4_r3,7406,perf_20260926-174241_p4_c4_r3,2,1849,1790437637321,0,1790437637366.352,49.904,45.419,1790437637462.69,HATE,0.4362
WIX,18416,20260926-174241_p4_c4_r3,7411,perf_20260926-174241_p4_c4_r3,2,1850,1790437637494,0,1790437637496.155,35.796,45.631,1790437637586.732,Normal,0.9629
WIX,18416,20260926-174241_p4_c4_r3,7420,perf_20260926-174241_p4_c4_r3,2,1851,1790437637804,0,1790437637808.283,65.367,49.521,1790437637923.733,Normal,0.7693
WIX,18416,20260926-174241_p4_c4_r3,7423,perf_20260926-174241_p4_c4_r3,2,1852,1790437637913,0,1790437637927.607,50.303,52.058,1790437638040.512,Normal,0.8615
WIX,18416,20260926-174241_p4_c4_r3,7425,perf_20260926-174241_p4_c4_r3,2,1853,1790437637976,0,1790437638044.563,47.387,56.547,1790437638148.498,Normal,0.8459
WIX,18416,20260926-174241_p4_c4_r3,7426,perf_20260926-174241_p4_c4_r3,2,1854,1790437638023,0,1790437638148.498,33.601,44.854,1790437638227.95,Normal,0.8751
WIX,18416,20260926-174241_p4_c4_r3,7427,perf_20260926-174241_p4_c4_r3,2,1855,1790437638055,0,1790437638231.95,38.771,53.152,1790437638323.874,Normal,0.7856
WIX,18416,20260926-174241_p4_c4_r3,7432,perf_20260926-174241_p4_c4_r3,2,1856,1790437638227,0,1790437638324.883,63.722,45.201,1790437638436.031,Normal,0.9665
WIX,18416,20260926-174241_p4_c4_r3,7434,perf_20260926-174241_p4_c4_r3,2,1857,1790437638291,0,1790437638446.552,70.724,50.572,1790437638568.37,Normal,0.9505
WIX,18416,20260926-174241_p4_c4_r3,7440,perf_20260926-174241_p4_c4_r3,2,1858,1790437638494,0,1790437638572.373,115.061,69.638,1790437638757.616,Normal,0.9474
WIX,18416,20260926-174241_p4_c4_r3,7441,perf_20260926-174241_p4_c4_r3,2,1859,1790437638541,0,1790437638758.609,71.52,53.109,1790437638884.246,Normal,0.9444
WIX,18416,20260926-174241_p4_c4_r3,7448,perf_20260926-174241_p4_c4_r3,2,1860,1790437638777,0,1790437638887.921,64.425,52.832,1790437639005.178,Normal,0.944
WIX,18416,20260926-174241_p4_c4_r3,7455,perf_20260926-174241_p4_c4_r3,2,1861,1790437639012,0,1790437639018.747,67.479,51.682,1790437639137.909,Normal,0.9599
WIX,18416,20260926-174241_p4_c4_r3,7459,perf_20260926-174241_p4_c4_r3,2,1862,1790437639153,0,1790437639157.078,71.953,46.347,1790437639275.377,Normal,0.9568
WIX,18416,20260926-174241_p4_c4_r3,7461,perf_20260926-174241_p4_c4_r3,2,1863,1790437639215,0,1790437639278.383,71.009,49.445,1790437639399.836,Normal,0.9268
WIX,18416,20260926-174241_p4_c4_r3,7462,perf_20260926-174241_p4_c4_r3,2,1864,1790437639262,0,1790437639399.836,49.521,43.482,1790437639493.788,Normal,0.9075
WIX,18416,20260926-174241_p4_c4_r3,7464,perf_20260926-174241_p4_c4_r3,2,1865,1790437639324,0,1790437639495.781,29.662,45.766,1790437639576.208,Normal,0.9475
WIX,18416,20260926-174241_p4_c4_r3,7467,perf_20260926-174241_p4_c4_r3,2,1866,1790437639432,0,1790437639577.21,60.162,44.86,1790437639683.266,Normal,0.9702
WIX,18416,20260926-174241_p4_c4_r3,7475,perf_20260926-174241_p4_c4_r3,2,1867,1790437639698,0,1790437639703.332,49.966,43.559,1790437639796.857,Normal,0.959
WIX,18416,20260926-174241_p4_c4_r3,7477,perf_20260926-174241_p4_c4_r3,2,1868,1790437639777,0,1790437639800.899,38.594,43.899,1790437639884.395,HATE,0.7838
WIX,18416,20260926-174241_p4_c4_r3,7479,perf_20260926-174241_p4_c4_r3,2,1869,1790437639839,0,1790437639886.434,29.099,44.322,1790437639961.38,Normal,0.958
WIX,18416,20260926-174241_p4_c4_r3,7480,perf_20260926-174241_p4_c4_r3,2,1870,1790437639871,0,1790437639962.416,49.799,44.957,1790437640058.176,Normal,0.7301
WIX,18416,20260926-174241_p4_c4_r3,7485,perf_20260926-174241_p4_c4_r3,2,1871,1790437640044,0,1790437640061.18,39.93,45.692,1790437640147.807,Normal,0.9668
WIX,18416,20260926-174241_p4_c4_r3,7486,perf_20260926-174241_p4_c4_r3,2,1872,1790437640091,0,1790437640150.805,40.676,44.547,1790437640237.031,Normal,0.4851
WIX,18416,20260926-174241_p4_c4_r3,7492,perf_20260926-174241_p4_c4_r3,2,1873,1790437640296,0,1790437640298.999,30.85,47.372,1790437640377.221,Normal,0.9519
WIX,18416,20260926-174241_p4_c4_r3,7496,perf_20260926-174241_p4_c4_r3,2,1874,1790437640436,0,1790437640439.99,29.053,45.04,1790437640515.033,Normal,0.939
WIX,18416,20260926-174241_p4_c4_r3,7501,perf_20260926-174241_p4_c4_r3,2,1875,1790437640594,0,1790437640596.783,45.742,47.034,1790437640690.561,Normal,0.9677
WIX,18416,20260926-174241_p4_c4_r3,7503,perf_20260926-174241_p4_c4_r3,2,1876,1790437640673,0,1790437640693.56,99.918,44.884,1790437640839.326,Normal,0.9721
WIX,18416,20260926-174241_p4_c4_r3,7506,perf_20260926-174241_p4_c4_r3,2,1877,1790437640767,0,1790437640842.329,38.997,47.729,1790437640930.097,Normal,0.9095
WIX,18416,20260926-174241_p4_c4_r3,7509,perf_20260926-174241_p4_c4_r3,2,1878,1790437640878,0,1790437640932.104,52.233,43.732,1790437641029.077,Normal,0.9655
WIX,18416,20260926-174241_p4_c4_r3,7521,perf_20260926-174241_p4_c4_r3,2,1879,1790437641288,0,1790437641290.181,34.785,51.902,1790437641378.903,Normal,0.9705
WIX,18416,20260926-174241_p4_c4_r3,7523,perf_20260926-174241_p4_c4_r3,2,1880,1790437641366,0,1790437641381.902,54.755,45.996,1790437641483.664,Normal,0.9608
WIX,18416,20260926-174241_p4_c4_r3,7528,perf_20260926-174241_p4_c4_r3,2,1881,1790437641539,0,1790437641542.694,37.613,44.869,1790437641625.764,Normal,0.9245
WIX,18416,20260926-174241_p4_c4_r3,7529,perf_20260926-174241_p4_c4_r3,2,1882,1790437641570,0,1790437641628.77,46.127,55.322,1790437641730.219,Normal,0.9144
WIX,18416,20260926-174241_p4_c4_r3,7533,perf_20260926-174241_p4_c4_r3,2,1883,1790437641709,0,1790437641732.213,27.248,46.305,1790437641805.767,Normal,0.9743
WIX,18416,20260926-174241_p4_c4_r3,7538,perf_20260926-174241_p4_c4_r3,2,1884,1790437641882,0,1790437641885.193,56.771,44.116,1790437641986.079,Normal,0.9751
WIX,18416,20260926-174241_p4_c4_r3,7542,perf_20260926-174241_p4_c4_r3,2,1885,1790437642023,0,1790437642025.242,38.299,42.614,1790437642107.153,Normal,0.9173
WIX,18416,20260926-174241_p4_c4_r3,7546,perf_20260926-174241_p4_c4_r3,2,1886,1790437642148,0,1790437642151.328,33.053,49.207,1790437642233.588,Normal,0.9474
WIX,18416,20260926-174241_p4_c4_r3,7553,perf_20260926-174241_p4_c4_r3,2,1887,1790437642399,0,1790437642401.69,39.679,49.135,1790437642491.503,Normal,0.9641
WIX,18416,20260926-174241_p4_c4_r3,7557,perf_20260926-174241_p4_c4_r3,2,1888,1790437642540,0,1790437642543.155,27.162,44.319,1790437642614.635,Normal,0.933
WIX,18416,20260926-174241_p4_c4_r3,7558,perf_20260926-174241_p4_c4_r3,2,1889,1790437642571,0,1790437642618.648,57.773,56.006,1790437642732.427,Normal,0.9397
WIX,18416,20260926-174241_p4_c4_r3,7565,perf_20260926-174241_p4_c4_r3,2,1890,1790437642805,0,1790437642808.423,34.999,42.961,1790437642887.424,OFFENSIVE,0.4865
WIX,18416,20260926-174241_p4_c4_r3,7567,perf_20260926-174241_p4_c4_r3,2,1891,1790437642885,0,1790437642890.428,29.043,45.439,1790437642964.91,Normal,0.931
WIX,18416,20260926-174241_p4_c4_r3,7569,perf_20260926-174241_p4_c4_r3,2,1892,1790437642948,0,1790437642967.91,45.829,45.79,1790437643060.53,Normal,0.9739
WIX,18416,20260926-174241_p4_c4_r3,7577,perf_20260926-174241_p4_c4_r3,2,1893,1790437643229,0,1790437643231.633,61.183,48.203,1790437643341.019,Normal,0.6278
WIX,18416,20260926-174241_p4_c4_r3,7578,perf_20260926-174241_p4_c4_r3,2,1894,1790437643260,0,1790437643344.026,30.144,45.988,1790437643425.119,Normal,0.9569
WIX,18416,20260926-174241_p4_c4_r3,7579,perf_20260926-174241_p4_c4_r3,2,1895,1790437643291,0,1790437643425.119,64.016,42.868,1790437643532.998,Normal,0.9612
WIX,18416,20260926-174241_p4_c4_r3,7580,perf_20260926-174241_p4_c4_r3,2,1896,1790437643321,0,1790437643532.998,52.597,47.946,1790437643634.551,Normal,0.974
WIX,18416,20260926-174241_p4_c4_r3,7587,perf_20260926-174241_p4_c4_r3,2,1897,1790437643574,0,1790437643637.592,175.171,45.92,1790437643859.685,Normal,0.9798
WIX,18416,20260926-174241_p4_c4_r3,7592,perf_20260926-174241_p4_c4_r3,2,1898,1790437643746,0,1790437643862.676,84.845,46.65,1790437643995.188,Normal,0.9613
WIX,18416,20260926-174241_p4_c4_r3,7597,perf_20260926-174241_p4_c4_r3,2,1899,1790437643918,0,1790437643997.183,29.833,45.487,1790437644072.504,Normal,0.8889
WIX,18416,20260926-174241_p4_c4_r3,7599,perf_20260926-174241_p4_c4_r3,2,1900,1790437643982,0,1790437644072.504,34.791,52.283,1790437644159.578,Normal,0.9336
WIX,18416,20260926-174241_p4_c4_r3,7600,perf_20260926-174241_p4_c4_r3,2,1901,1790437644012,0,1790437644162.609,41.979,45.438,1790437644250.026,HATE,0.788
WIX,18416,20260926-174241_p4_c4_r3,7602,perf_20260926-174241_p4_c4_r3,2,1902,1790437644092,0,1790437644250.026,41.132,49.706,1790437644341.863,Normal,0.7752
WIX,18416,20260926-174241_p4_c4_r3,7603,perf_20260926-174241_p4_c4_r3,2,1903,1790437644123,0,1790437644341.863,37.872,47.522,1790437644428.248,Normal,0.8661
WIX,18416,20260926-174241_p4_c4_r3,7609,perf_20260926-174241_p4_c4_r3,2,1904,1790437644325,0,1790437644431.25,35.999,47.706,1790437644517.989,Normal,0.8196
WIX,18416,20260926-174241_p4_c4_r3,7614,perf_20260926-174241_p4_c4_r3,2,1905,1790437644497,0,1790437644520.99,27.643,44.582,1790437644594.223,Normal,0.9372
WIX,18416,20260926-174241_p4_c4_r3,7615,perf_20260926-174241_p4_c4_r3,2,1906,1790437644529,0,1790437644597.257,37.228,47.79,1790437644682.274,Normal,0.9701
WIX,18416,20260926-174241_p4_c4_r3,7616,perf_20260926-174241_p4_c4_r3,2,1907,1790437644560,0,1790437644682.274,40.61,45.664,1790437644769.063,Normal,0.9493
WIX,18416,20260926-174241_p4_c4_r3,7618,perf_20260926-174241_p4_c4_r3,2,1908,1790437644639,0,1790437644772.094,26.023,46.708,1790437644845.835,Normal,0.9423
WIX,18416,20260926-174241_p4_c4_r3,7624,perf_20260926-174241_p4_c4_r3,2,1909,1790437644841,0,1790437644849.836,28.563,46.1,1790437644925.497,Normal,0.9288
WIX,18416,20260926-174241_p4_c4_r3,7627,perf_20260926-174241_p4_c4_r3,2,1910,1790437644951,0,1790437644952.922,35.031,51.201,1790437645041.123,Normal,0.9262
WIX,18416,20260926-174241_p4_c4_r3,7628,perf_20260926-174241_p4_c4_r3,2,1911,1790437644982,0,1790437645044.119,24.004,54.312,1790437645123.257,Normal,0.9423
WIX,18416,20260926-174241_p4_c4_r3,7633,perf_20260926-174241_p4_c4_r3,2,1912,1790437645156,0,1790437645158.775,29.998,47.859,1790437645236.632,Normal,0.9423
WIX,18416,20260926-174241_p4_c4_r3,7635,perf_20260926-174241_p4_c4_r3,2,1913,1790437645219,0,1790437645239.626,35.002,44.958,1790437645320.583,Normal,0.9691
WIX,18416,20260926-174241_p4_c4_r3,7647,perf_20260926-174241_p4_c4_r3,2,1914,1790437645644,0,1790437645647.389,23.007,44.966,1790437645716.352,Normal,0.8661
WIX,18416,20260926-174241_p4_c4_r3,7651,perf_20260926-174241_p4_c4_r3,2,1915,1790437645769,0,1790437645771.349,44.089,48.622,1790437645864.06,Normal,0.8833
WIX,18416,20260926-174241_p4_c4_r3,7657,perf_20260926-174241_p4_c4_r3,2,1916,1790437645989,0,1790437645992.977,94.095,44.494,1790437646132.299,Normal,0.9749
WIX,18416,20260926-174241_p4_c4_r3,7660,perf_20260926-174241_p4_c4_r3,2,1917,1790437646081,0,1790437646135.022,27.252,44.163,1790437646214.473,Normal,0.9695
WIX,18416,20260926-174241_p4_c4_r3,7661,perf_20260926-174241_p4_c4_r3,2,1918,1790437646112,0,1790437646214.473,36.188,44.531,1790437646295.192,Normal,0.9738
WIX,18416,20260926-174241_p4_c4_r3,7662,perf_20260926-174241_p4_c4_r3,2,1919,1790437646158,0,1790437646297.705,37.973,44.665,1790437646380.343,Normal,0.9619
WIX,18416,20260926-174241_p4_c4_r3,7664,perf_20260926-174241_p4_c4_r3,2,1920,1790437646221,0,1790437646381.343,39.022,48.232,1790437646468.596,Normal,0.7626
WIX,18416,20260926-174241_p4_c4_r3,7671,perf_20260926-174241_p4_c4_r3,2,1921,1790437646471,0,1790437646474.6,69.75,47.426,1790437646591.775,HATE,0.3612
WIX,18416,20260926-174241_p4_c4_r3,7677,perf_20260926-174241_p4_c4_r3,2,1922,1790437646674,0,1790437646678.608,48.233,43.784,1790437646770.625,Normal,0.9765
WIX,18416,20260926-174241_p4_c4_r3,7684,perf_20260926-174241_p4_c4_r3,2,1923,1790437646911,0,1790437646913.388,55.453,47.284,1790437647017.12,Normal,0.9544
WIX,18416,20260926-174241_p4_c4_r3,7687,perf_20260926-174241_p4_c4_r3,2,1924,1790437647021,0,1790437647024.027,51.979,46.463,1790437647128.46,Normal,0.8472
WIX,18416,20260926-174241_p4_c4_r3,7701,perf_20260926-174241_p4_c4_r3,2,1925,1790437647493,0,1790437647496.09,41.198,44.984,1790437647583.238,Normal,0.9688
WIX,18416,20260926-174241_p4_c4_r3,7702,perf_20260926-174241_p4_c4_r3,2,1926,1790437647541,0,1790437647586.558,41.672,44.342,1790437647672.572,Normal,0.9613
WIX,18416,20260926-174241_p4_c4_r3,7703,perf_20260926-174241_p4_c4_r3,2,1927,1790437647573,0,1790437647672.572,43.587,46.362,1790437647763.514,Normal,0.9765
WIX,18416,20260926-174241_p4_c4_r3,7707,perf_20260926-174241_p4_c4_r3,2,1928,1790437647698,0,1790437647766.551,38.977,43.671,1790437647850.198,Normal,0.9532
WIX,18416,20260926-174241_p4_c4_r3,7710,perf_20260926-174241_p4_c4_r3,2,1929,1790437647808,0,1790437647853.195,36.066,49.702,1790437647938.963,Normal,0.6793
WIX,18416,20260926-174241_p4_c4_r3,7714,perf_20260926-174241_p4_c4_r3,2,1930,1790437647948,0,1790437647951.98,38.149,47.245,1790437648038.315,Normal,0.8813
WIX,18416,20260926-174241_p4_c4_r3,7716,perf_20260926-174241_p4_c4_r3,2,1931,1790437648010,0,1790437648041.322,34.034,49.517,1790437648126.869,Normal,0.9643
WIX,18416,20260926-174241_p4_c4_r3,7719,perf_20260926-174241_p4_c4_r3,2,1932,1790437648121,0,1790437648128.86,49.301,44.291,1790437648222.452,Normal,0.9645
WIX,18416,20260926-174241_p4_c4_r3,7723,perf_20260926-174241_p4_c4_r3,2,1933,1790437648263,0,1790437648266.36,38.013,48.99,1790437648354.362,Normal,0.9422
WIX,18416,20260926-174241_p4_c4_r3,7725,perf_20260926-174241_p4_c4_r3,2,1934,1790437648327,0,1790437648357.56,48.662,43.228,1790437648451.449,Normal,0.9566
WIX,18416,20260926-174241_p4_c4_r3,7732,perf_20260926-174241_p4_c4_r3,2,1935,1790437648560,0,1790437648563.321,59.614,44.389,1790437648668.32,Normal,0.9306
WIX,18416,20260926-174241_p4_c4_r3,7738,perf_20260926-174241_p4_c4_r3,2,1936,1790437648780,0,1790437648784.486,39.066,49.592,1790437648874.061,Normal,0.9501
WIX,18416,20260926-174241_p4_c4_r3,7742,perf_20260926-174241_p4_c4_r3,2,1937,1790437648907,0,1790437648909.455,27.05,47.507,1790437648984.011,Normal,0.9395
WIX,18416,20260926-174241_p4_c4_r3,7743,perf_20260926-174241_p4_c4_r3,2,1938,1790437648954,0,1790437648987.048,24.01,49.345,1790437649061.746,Normal,0.9409
WIX,18416,20260926-174241_p4_c4_r3,7745,perf_20260926-174241_p4_c4_r3,2,1939,1790437649018,0,1790437649064.748,30.004,44.121,1790437649138.872,Normal,0.9496
WIX,18416,20260926-174241_p4_c4_r3,7746,perf_20260926-174241_p4_c4_r3,2,1940,1790437649049,0,1790437649138.872,31.765,46.854,1790437649223.488,Normal,0.9262
WIX,18416,20260926-174241_p4_c4_r3,7748,perf_20260926-174241_p4_c4_r3,2,1941,1790437649113,0,1790437649225.494,32.155,50.018,1790437649308.671,Normal,0.9346
WIX,18416,20260926-174241_p4_c4_r3,7750,perf_20260926-174241_p4_c4_r3,2,1942,1790437649190,0,1790437649309.667,51.497,50.217,1790437649411.382,Normal,0.9415
WIX,18416,20260926-174241_p4_c4_r3,7757,perf_20260926-174241_p4_c4_r3,2,1943,1790437649426,0,1790437649429.259,38.036,49.371,1790437649516.667,Normal,0.96
WIX,18416,20260926-174241_p4_c4_r3,7766,perf_20260926-174241_p4_c4_r3,2,1944,1790437649741,0,1790437649743.643,53.965,47.868,1790437649846.474,Normal,0.7436
WIX,18416,20260926-174241_p4_c4_r3,7768,perf_20260926-174241_p4_c4_r3,2,1945,1790437649803,0,1790437649849.473,67.33,44.724,1790437649962.522,Normal,0.9464
WIX,18416,20260926-174241_p4_c4_r3,7775,perf_20260926-174241_p4_c4_r3,2,1946,1790437650055,0,1790437650059.35,41.429,49.396,1790437650150.176,Normal,0.7545
WIX,18416,20260926-174241_p4_c4_r3,7780,perf_20260926-174241_p4_c4_r3,2,1947,1790437650228,0,1790437650230.612,45.428,44.469,1790437650320.509,Normal,0.9375
WIX,18416,20260926-174241_p4_c4_r3,7781,perf_20260926-174241_p4_c4_r3,2,1948,1790437650259,0,1790437650323.506,45.26,43.197,1790437650411.964,Normal,0.9585
WIX,18416,20260926-174241_p4_c4_r3,7784,perf_20260926-174241_p4_c4_r3,2,1949,1790437650353,0,1790437650414.97,61.422,46.297,1790437650523.684,Normal,0.961
WIX,18416,20260926-174241_p4_c4_r3,7788,perf_20260926-174241_p4_c4_r3,2,1950,1790437650494,0,1790437650527.202,63.942,62.574,1790437650653.718,Normal,0.9684
WIX,18416,20260926-174241_p4_c4_r3,7792,perf_20260926-174241_p4_c4_r3,2,1951,1790437650634,0,1790437650656.717,65.891,45.778,1790437650769.382,Normal,0.8739
WIX,18416,20260926-174241_p4_c4_r3,7794,perf_20260926-174241_p4_c4_r3,2,1952,1790437650713,0,1790437650772.208,41.396,44.383,1790437650858.985,Normal,0.8639
WIX,18416,20260926-174241_p4_c4_r3,7795,perf_20260926-174241_p4_c4_r3,2,1953,1790437650744,0,1790437650859.991,58.156,46.222,1790437650965.371,Normal,0.9765
WIX,18416,20260926-174241_p4_c4_r3,7796,perf_20260926-174241_p4_c4_r3,2,1954,1790437650776,0,1790437650969.378,45.081,48.486,1790437651063.945,Normal,0.9268
WIX,18416,20260926-174241_p4_c4_r3,7797,perf_20260926-174241_p4_c4_r3,2,1955,1790437650807,0,1790437651064.946,57.204,58.944,1790437651181.094,Normal,0.9709
WIX,18416,20260926-174241_p4_c4_r3,7801,perf_20260926-174241_p4_c4_r3,2,1956,1790437650949,0,1790437651181.094,68.186,48.245,1790437651297.525,Normal,0.9633
WIX,18416,20260926-174241_p4_c4_r3,7803,perf_20260926-174241_p4_c4_r3,2,1957,1790437651012,0,1790437651300.528,43.471,43.997,1790437651389.973,Normal,0.9283
WIX,18416,20260926-174241_p4_c4_r3,7815,perf_20260926-174241_p4_c4_r3,2,1958,1790437651433,0,1790437651436.709,35.003,44.115,1790437651516.824,Normal,0.951
WIX,18416,20260926-174241_p4_c4_r3,7817,perf_20260926-174241_p4_c4_r3,2,1959,1790437651497,0,1790437651518.35,36.537,46.059,1790437651601.514,Normal,0.974
WIX,18416,20260926-174241_p4_c4_r3,7818,perf_20260926-174241_p4_c4_r3,2,1960,1790437651529,0,1790437651603.521,82.25,43.643,1790437651730.418,Normal,0.9326
WIX,18416,20260926-174241_p4_c4_r3,7819,perf_20260926-174241_p4_c4_r3,2,1961,1790437651560,0,1790437651731.45,37.761,44.892,1790437651815.1,Normal,0.9241
WIX,18416,20260926-174241_p4_c4_r3,7820,perf_20260926-174241_p4_c4_r3,2,1962,1790437651607,0,1790437651817.367,29.087,49.999,1790437651896.453,Normal,0.9679
WIX,18416,20260926-174241_p4_c4_r3,7826,perf_20260926-174241_p4_c4_r3,2,1963,1790437651812,0,1790437651896.453,60.763,49.147,1790437652007.369,Normal,0.9146
WIX,18416,20260926-174241_p4_c4_r3,7830,perf_20260926-174241_p4_c4_r3,2,1964,1790437651953,0,1790437652010.37,44.705,49.387,1790437652105.465,Normal,0.963
WIX,18416,20260926-174241_p4_c4_r3,7834,perf_20260926-174241_p4_c4_r3,2,1965,1790437652078,0,1790437652108.497,181.99,45.668,1790437652336.155,Normal,0.9568
WIX,18416,20260926-174241_p4_c4_r3,7836,perf_20260926-174241_p4_c4_r3,2,1966,1790437652156,0,1790437652338.695,51.751,46.119,1790437652436.564,Normal,0.9694
WIX,18416,20260926-174241_p4_c4_r3,7839,perf_20260926-174241_p4_c4_r3,2,1967,1790437652250,0,1790437652436.564,37.136,47.043,1790437652520.743,Normal,0.9667
WIX,18416,20260926-174241_p4_c4_r3,7840,perf_20260926-174241_p4_c4_r3,2,1968,1790437652298,0,1790437652521.782,51.333,44.848,1790437652617.963,Normal,0.9264
WIX,18416,20260926-174241_p4_c4_r3,7841,perf_20260926-174241_p4_c4_r3,2,1969,1790437652330,0,1790437652617.963,44.562,44.585,1790437652708.103,Normal,0.9634
WIX,18416,20260926-174241_p4_c4_r3,7843,perf_20260926-174241_p4_c4_r3,2,1970,1790437652392,0,1790437652711.129,33.311,44.878,1790437652790.333,Normal,0.9561
WIX,18416,20260926-174241_p4_c4_r3,7845,perf_20260926-174241_p4_c4_r3,2,1971,1790437652470,0,1790437652790.333,31.701,49.03,1790437652872.016,Normal,0.9551
WIX,18416,20260926-174241_p4_c4_r3,7853,perf_20260926-174241_p4_c4_r3,2,1972,1790437652736,0,1790437652875.021,50.663,44.899,1790437652971.612,Normal,0.8644
WIX,18416,20260926-174241_p4_c4_r3,7864,perf_20260926-174241_p4_c4_r3,2,1973,1790437653126,0,1790437653131.37,51.053,45.298,1790437653229.86,Normal,0.9325
WIX,18416,20260926-174241_p4_c4_r3,7866,perf_20260926-174241_p4_c4_r3,2,1974,1790437653188,0,1790437653233.861,33.6,50.015,1790437653317.477,Normal,0.9339
WIX,18416,20260926-174241_p4_c4_r3,7873,perf_20260926-174241_p4_c4_r3,2,1975,1790437653436,0,1790437653439.468,108.469,46.134,1790437653595.126,Normal,0.9794
WIX,18416,20260926-174241_p4_c4_r3,7879,perf_20260926-174241_p4_c4_r3,2,1976,1790437653640,0,1790437653643.051,45.005,48.099,1790437653736.156,Normal,0.9279
WIX,18416,20260926-174241_p4_c4_r3,7881,perf_20260926-174241_p4_c4_r3,2,1977,1790437653703,0,1790437653739.155,32.524,45.547,1790437653817.225,Normal,0.9147
WIX,18416,20260926-174241_p4_c4_r3,7886,perf_20260926-174241_p4_c4_r3,2,1978,1790437653875,0,1790437653878.818,30.021,49.25,1790437653958.089,Normal,0.9287
WIX,18416,20260926-174241_p4_c4_r3,7889,perf_20260926-174241_p4_c4_r3,2,1979,1790437653984,0,1790437653987.223,108.574,45.447,1790437654142.557,Normal,0.9721
WIX,18416,20260926-174241_p4_c4_r3,7894,perf_20260926-174241_p4_c4_r3,2,1980,1790437654157,0,1790437654160.617,74.233,46.265,1790437654281.114,Normal,0.975
WIX,18416,20260926-174241_p4_c4_r3,7896,perf_20260926-174241_p4_c4_r3,2,1981,1790437654220,0,1790437654284.115,40.782,44.37,1790437654370.271,Normal,0.933
WIX,18416,20260926-174241_p4_c4_r3,7902,perf_20260926-174241_p4_c4_r3,2,1982,1790437654424,0,1790437654427.44,36.136,45.489,1790437654509.905,Normal,0.9257
WIX,18416,20260926-174241_p4_c4_r3,7905,perf_20260926-174241_p4_c4_r3,2,1983,1790437654534,0,1790437654536.527,30.328,46.776,1790437654615.138,Normal,0.7551
WIX,18416,20260926-174241_p4_c4_r3,7909,perf_20260926-174241_p4_c4_r3,2,1984,1790437654675,0,1790437654678.793,26.036,49.435,1790437654755.22,Normal,0.9313
WIX,18416,20260926-174241_p4_c4_r3,7911,perf_20260926-174241_p4_c4_r3,2,1985,1790437654739,0,1790437654758.259,56.306,46.495,1790437654862.02,Normal,0.9762
WIX,18416,20260926-174241_p4_c4_r3,7914,perf_20260926-174241_p4_c4_r3,2,1986,1790437654849,0,1790437654867.215,40.972,50.747,1790437654961.584,Normal,0.9525
WIX,18416,20260926-174241_p4_c4_r3,7915,perf_20260926-174241_p4_c4_r3,2,1987,1790437654878,0,1790437654965.205,58.457,51.5,1790437655076.156,Normal,0.9515
WIX,18416,20260926-174241_p4_c4_r3,7919,perf_20260926-174241_p4_c4_r3,2,1988,1790437655018,0,1790437655078.939,47.187,44.606,1790437655171.991,Normal,0.9707
WIX,18416,20260926-174241_p4_c4_r3,7923,perf_20260926-174241_p4_c4_r3,2,1989,1790437655157,0,1790437655175.927,40.926,46.25,1790437655264.043,Normal,0.8996
WIX,18416,20260926-174241_p4_c4_r3,7924,perf_20260926-174241_p4_c4_r3,2,1990,1790437655189,0,1790437655267.367,42.242,44.93,1790437655355.538,Normal,0.7898
WIX,18416,20260926-174241_p4_c4_r3,7925,perf_20260926-174241_p4_c4_r3,2,1991,1790437655220,0,1790437655355.538,30.561,44.708,1790437655431.358,Normal,0.9691
WIX,18416,20260926-174241_p4_c4_r3,7928,perf_20260926-174241_p4_c4_r3,2,1992,1790437655328,0,1790437655435.317,32.359,45.096,1790437655513.339,Normal,0.9572
WIX,18416,20260926-174241_p4_c4_r3,7929,perf_20260926-174241_p4_c4_r3,2,1993,1790437655359,0,1790437655514.341,49.219,44.024,1790437655607.584,Normal,0.9417
WIX,18416,20260926-174241_p4_c4_r3,7936,perf_20260926-174241_p4_c4_r3,2,1994,1790437655607,0,1790437655611.589,36.583,45.553,1790437655693.725,Normal,0.9542
WIX,18416,20260926-174241_p4_c4_r3,7938,perf_20260926-174241_p4_c4_r3,2,1995,1790437655669,0,1790437655697.277,46.538,44.37,1790437655788.718,Normal,0.9531
WIX,18416,20260926-174241_p4_c4_r3,7939,perf_20260926-174241_p4_c4_r3,2,1996,1790437655700,0,1790437655792.077,40.818,43.571,1790437655877.047,Normal,0.7436
WIX,18416,20260926-174241_p4_c4_r3,7940,perf_20260926-174241_p4_c4_r3,2,1997,1790437655747,0,1790437655877.047,47.676,45.784,1790437655970.507,Normal,0.9472
WIX,18416,20260926-174241_p4_c4_r3,7942,perf_20260926-174241_p4_c4_r3,2,1998,1790437655809,0,1790437655974.074,54.316,58.914,1790437656087.855,Normal,0.9572
WIX,18416,20260926-174241_p4_c4_r3,7950,perf_20260926-174241_p4_c4_r3,2,1999,1790437656085,0,1790437656093.641,80.101,51.974,1790437656226.247,HATE,0.5672
WIX,18416,20260926-174241_p4_c4_r3,7952,perf_20260926-174241_p4_c4_r3,2,2000,1790437656146,0,1790437656229.609,45.304,46.606,1790437656321.518,Normal,0.939
WIX,18416,20260926-174241_p4_c4_r3,7964,perf_20260926-174241_p4_c4_r3,2,2001,1790437656568,0,1790437656571.799,61.824,45.98,1790437656679.603,Normal,0.9611
WIX,18416,20260926-174241_p4_c4_r3,7970,perf_20260926-174241_p4_c4_r3,2,2002,1790437656770,0,1790437656773.979,56.218,44.127,1790437656874.324,Normal,0.9434
WIX,18416,20260926-174241_p4_c4_r3,7972,perf_20260926-174241_p4_c4_r3,2,2003,1790437656848,0,1790437656877.32,45.542,51.519,1790437656975.383,Normal,0.9526
WIX,18416,20260926-174241_p4_c4_r3,7977,perf_20260926-174241_p4_c4_r3,2,2004,1790437657021,0,1790437657024.88,28.287,51.718,1790437657105.493,Normal,0.9672
WIX,18416,20260926-174241_p4_c4_r3,7980,perf_20260926-174241_p4_c4_r3,2,2005,1790437657114,0,1790437657116.969,29.03,47.519,1790437657194.085,Normal,0.9154
WIX,18416,20260926-174241_p4_c4_r3,7984,perf_20260926-174241_p4_c4_r3,2,2006,1790437657254,0,1790437657257.963,47.005,44.565,1790437657350.534,Normal,0.6229
WIX,18416,20260926-174241_p4_c4_r3,7993,perf_20260926-174241_p4_c4_r3,2,2007,1790437657568,0,1790437657571.313,59.343,44.275,1790437657674.931,Normal,0.975
WIX,18416,20260926-174241_p4_c4_r3,7994,perf_20260926-174241_p4_c4_r3,2,2008,1790437657598,0,1790437657677.943,28.05,47.275,1790437657753.268,Normal,0.9361
WIX,18416,20260926-174241_p4_c4_r3,7995,perf_20260926-174241_p4_c4_r3,2,2009,1790437657630,0,1790437657753.268,61.749,47.353,1790437657863.37,Normal,0.9743
WIX,18416,20260926-174241_p4_c4_r3,7996,perf_20260926-174241_p4_c4_r3,2,2010,1790437657675,0,1790437657868.032,28.994,45.399,1790437657942.426,Normal,0.9632
WIX,18416,20260926-174241_p4_c4_r3,7997,perf_20260926-174241_p4_c4_r3,2,2011,1790437657707,0,1790437657942.426,30.269,54.073,1790437658027.764,Normal,0.9388
WIX,18416,20260926-174241_p4_c4_r3,7999,perf_20260926-174241_p4_c4_r3,2,2012,1790437657769,0,1790437658028.767,48.111,46.01,1790437658123.881,Normal,0.9566
WIX,18416,20260926-174241_p4_c4_r3,8000,perf_20260926-174241_p4_c4_r3,2,2013,1790437657801,0,1790437658123.881,95.764,48.478,1790437658268.124,Normal,0.9785
WIX,18416,20260926-174241_p4_c4_r3,8001,perf_20260926-174241_p4_c4_r3,2,2014,1790437657848,0,1790437658268.124,33.038,46.601,1790437658347.762,Normal,0.9079
WIX,18416,20260926-174241_p4_c4_r3,8002,perf_20260926-174241_p4_c4_r3,2,2015,1790437657879,0,1790437658351.316,39.887,45.73,1790437658436.933,Normal,0.9419
WIX,18416,20260926-174241_p4_c4_r3,8009,perf_20260926-174241_p4_c4_r3,2,2016,1790437658116,0,1790437658436.933,36.624,45.768,1790437658520.323,Normal,0.9596
WIX,18416,20260926-174241_p4_c4_r3,8010,perf_20260926-174241_p4_c4_r3,2,2017,1790437658148,0,1790437658521.323,33.078,47.071,1790437658609.125,Normal,0.9689
WIX,18416,20260926-174241_p4_c4_r3,8012,perf_20260926-174241_p4_c4_r3,2,2018,1790437658227,0,1790437658610.122,54.059,45.084,1790437658710.271,Normal,0.9592
WIX,18416,20260926-174241_p4_c4_r3,8015,perf_20260926-174241_p4_c4_r3,2,2019,1790437658322,0,1790437658710.271,42.71,44.729,1790437658798.723,Normal,0.9691
WIX,18416,20260926-174241_p4_c4_r3,8019,perf_20260926-174241_p4_c4_r3,2,2020,1790437658462,0,1790437658801.706,67.687,44.925,1790437658914.911,Normal,0.9514
WIX,18416,20260926-174241_p4_c4_r3,8020,perf_20260926-174241_p4_c4_r3,2,2021,1790437658493,0,1790437658915.921,74.941,51.741,1790437659042.603,Normal,0.9821
WIX,18416,20260926-174241_p4_c4_r3,8022,perf_20260926-174241_p4_c4_r3,2,2022,1790437658573,0,1790437659042.603,39.238,42.58,1790437659125.405,Normal,0.9514
WIX,18416,20260926-174241_p4_c4_r3,8026,perf_20260926-174241_p4_c4_r3,2,2023,1790437658713,0,1790437659125.405,28.048,45.713,1790437659200.176,Normal,0.9576
WIX,18416,20260926-174241_p4_c4_r3,8030,perf_20260926-174241_p4_c4_r3,2,2024,1790437658837,0,1790437659203.175,33.542,47.227,1790437659283.945,Normal,0.9572
WIX,18416,20260926-174241_p4_c4_r3,8032,perf_20260926-174241_p4_c4_r3,2,2025,1790437658914,0,1790437659283.945,41.067,46.915,1790437659372.927,Normal,0.9363
WIX,18416,20260926-174241_p4_c4_r3,8033,perf_20260926-174241_p4_c4_r3,2,2026,1790437658946,0,1790437659372.927,39.987,45.155,1790437659458.069,Normal,0.8456
WIX,18416,20260926-174241_p4_c4_r3,8036,perf_20260926-174241_p4_c4_r3,2,2027,1790437659054,0,1790437659458.069,59.171,44.737,1790437659565.961,Normal,0.9417
WIX,18416,20260926-174241_p4_c4_r3,8037,perf_20260926-174241_p4_c4_r3,2,2028,1790437659084,0,1790437659566.96,34.137,44.86,1790437659645.958,Normal,0.9579
WIX,18416,20260926-174241_p4_c4_r3,8045,perf_20260926-174241_p4_c4_r3,2,2029,1790437659367,0,1790437659648.549,33.001,45.544,1790437659728.415,Normal,0.9639
WIX,18416,20260926-174241_p4_c4_r3,8047,perf_20260926-174241_p4_c4_r3,2,2030,1790437659429,0,1790437659728.415,39.21,44.768,1790437659812.392,Normal,0.8898
WIX,18416,20260926-174241_p4_c4_r3,8049,perf_20260926-174241_p4_c4_r3,2,2031,1790437659492,0,1790437659813.403,28.569,44.714,1790437659892.688,Normal,0.9565
WIX,18416,20260926-174241_p4_c4_r3,8051,perf_20260926-174241_p4_c4_r3,2,2032,1790437659569,0,1790437659893.689,39.649,43.821,1790437659978.126,Normal,0.9558
WIX,18416,20260926-174241_p4_c4_r3,8054,perf_20260926-174241_p4_c4_r3,2,2033,1790437659678,0,1790437659982.258,27.493,42.224,1790437660051.974,Normal,0.9608
WIX,18416,20260926-174241_p4_c4_r3,8059,perf_20260926-174241_p4_c4_r3,2,2034,1790437659850,0,1790437660051.974,33.622,43.535,1790437660130.126,Normal,0.9457
WIX,18416,20260926-174241_p4_c4_r3,8060,perf_20260926-174241_p4_c4_r3,2,2035,1790437659881,0,1790437660130.126,55.86,43.536,1790437660229.522,Normal,0.9696
WIX,18416,20260926-174241_p4_c4_r3,8062,perf_20260926-174241_p4_c4_r3,2,2036,1790437659944,0,1790437660229.522,45.65,48.014,1790437660323.187,Normal,0.9289
WIX,18416,20260926-174241_p4_c4_r3,8064,perf_20260926-174241_p4_c4_r3,2,2037,1790437660021,0,1790437660326.186,37.727,43.684,1790437660407.598,Normal,0.9375
WIX,18416,20260926-174241_p4_c4_r3,8068,perf_20260926-174241_p4_c4_r3,2,2038,1790437660148,0,1790437660408.597,40.453,47.987,1790437660503.293,Normal,0.9663
WIX,18416,20260926-174241_p4_c4_r3,8072,perf_20260926-174241_p4_c4_r3,2,2039,1790437660291,0,1790437660503.865,41.079,45.486,1790437660591.421,Normal,0.8885
WIX,18416,20260926-174241_p4_c4_r3,8073,perf_20260926-174241_p4_c4_r3,2,2040,1790437660323,0,1790437660594.435,69.372,45.495,1790437660709.302,Normal,0.9142
WIX,18416,20260926-174241_p4_c4_r3,8074,perf_20260926-174241_p4_c4_r3,2,2041,1790437660355,0,1790437660709.302,50.014,48.47,1790437660816.896,Normal,0.8831
WIX,18416,20260926-174241_p4_c4_r3,8077,perf_20260926-174241_p4_c4_r3,2,2042,1790437660464,0,1790437660817.902,58.414,48.385,1790437660925.696,Normal,0.9579
WIX,18416,20260926-174241_p4_c4_r3,8079,perf_20260926-174241_p4_c4_r3,2,2043,1790437660527,0,1790437660926.709,70.897,46.556,1790437661045.158,Normal,0.9663
WIX,18416,20260926-174241_p4_c4_r3,8085,perf_20260926-174241_p4_c4_r3,2,2044,1790437660746,0,1790437661050.177,56.276,51.193,1790437661157.646,Normal,0.9652
WIX,18416,20260926-174241_p4_c4_r3,8089,perf_20260926-174241_p4_c4_r3,2,2045,1790437660872,0,1790437661158.644,76.381,44.779,1790437661280.385,Normal,0.9268
WIX,18416,20260926-174241_p4_c4_r3,8095,perf_20260926-174241_p4_c4_r3,2,2046,1790437661091,0,1790437661284.423,58.468,50.456,1790437661394.347,Normal,0.9644
WIX,18416,20260926-174241_p4_c4_r3,8104,perf_20260926-174241_p4_c4_r3,2,2047,1790437661388,0,1790437661401.47,54.005,48.38,1790437661504.839,Normal,0.9474
WIX,18416,20260926-174241_p4_c4_r3,8119,perf_20260926-174241_p4_c4_r3,2,2048,1790437661906,0,1790437661909.985,121.581,45.456,1790437662078.022,Normal,0.9203
WIX,18416,20260926-174241_p4_c4_r3,8131,perf_20260926-174241_p4_c4_r3,2,2049,1790437662327,0,1790437662331.421,42.835,45.259,1790437662419.516,Normal,0.9435
WIX,18416,20260926-174241_p4_c4_r3,8132,perf_20260926-174241_p4_c4_r3,2,2050,1790437662359,0,1790437662422.519,49.388,47.083,1790437662519.988,Normal,0.9303
WIX,18416,20260926-174241_p4_c4_r3,8141,perf_20260926-174241_p4_c4_r3,2,2051,1790437662671,0,1790437662673.871,52.643,46.542,1790437662774.085,Normal,0.9093
WIX,18416,20260926-174241_p4_c4_r3,8143,perf_20260926-174241_p4_c4_r3,2,2052,1790437662734,0,1790437662777.084,29.102,44.206,1790437662851.394,Normal,0.9451
WIX,18416,20260926-174241_p4_c4_r3,8150,perf_20260926-174241_p4_c4_r3,2,2053,1790437662984,0,1790437662988.486,241.021,50.855,1790437663280.362,Normal,0.9729
WIX,18416,20260926-174241_p4_c4_r3,8152,perf_20260926-174241_p4_c4_r3,2,2054,1790437663047,0,1790437663283.39,50.298,46.797,1790437663381.495,Normal,0.7301
WIX,18416,20260926-174241_p4_c4_r3,8155,perf_20260926-174241_p4_c4_r3,2,2055,1790437663155,0,1790437663382.048,51.48,48.799,1790437663482.327,Normal,0.9001
WIX,18416,20260926-174241_p4_c4_r3,8160,perf_20260926-174241_p4_c4_r3,2,2056,1790437663328,0,1790437663485.326,30.997,46.671,1790437663562.995,Normal,0.9567
WIX,18416,20260926-174241_p4_c4_r3,8164,perf_20260926-174241_p4_c4_r3,2,2057,1790437663467,0,1790437663562.995,164.093,44.765,1790437663771.852,Normal,0.977
WIX,18416,20260926-174241_p4_c4_r3,8167,perf_20260926-174241_p4_c4_r3,2,2058,1790437663564,0,1790437663775.863,40.166,44.317,1790437663860.346,Normal,0.9267
WIX,18416,20260926-174241_p4_c4_r3,8169,perf_20260926-174241_p4_c4_r3,2,2059,1790437663641,0,1790437663860.346,25.636,51.461,1790437663937.444,Normal,0.9661
WIX,18416,20260926-174241_p4_c4_r3,8171,perf_20260926-174241_p4_c4_r3,2,2060,1790437663704,0,1790437663937.444,145.742,45.447,1790437664129.188,Normal,0.9729
WIX,18416,20260926-174241_p4_c4_r3,8175,perf_20260926-174241_p4_c4_r3,2,2061,1790437663845,0,1790437664132.219,24.601,45.012,1790437664202.831,Normal,0.9556
WIX,18416,20260926-174241_p4_c4_r3,8177,perf_20260926-174241_p4_c4_r3,2,2062,1790437663906,0,1790437664202.831,44.095,45.641,1790437664292.567,Normal,0.9606
WIX,18416,20260926-174241_p4_c4_r3,8181,perf_20260926-174241_p4_c4_r3,2,2063,1790437664047,0,1790437664292.567,98.113,45.714,1790437664436.395,Normal,0.9791
WIX,18416,20260926-174241_p4_c4_r3,8182,perf_20260926-174241_p4_c4_r3,2,2064,1790437664077,0,1790437664436.395,31.38,45.697,1790437664513.472,Normal,0.962
WIX,18416,20260926-174241_p4_c4_r3,8183,perf_20260926-174241_p4_c4_r3,2,2065,1790437664123,0,1790437664513.472,41.603,45.622,1790437664600.696,Normal,0.5607
WIX,18416,20260926-174241_p4_c4_r3,8184,perf_20260926-174241_p4_c4_r3,2,2066,1790437664155,0,1790437664603.717,40.611,44.629,1790437664689.91,Normal,0.9375
WIX,18416,20260926-174241_p4_c4_r3,8187,perf_20260926-174241_p4_c4_r3,2,2067,1790437664250,0,1790437664689.91,45.547,45.323,1790437664781.778,Normal,0.6558
WIX,18416,20260926-174241_p4_c4_r3,8192,perf_20260926-174241_p4_c4_r3,2,2068,1790437664436,0,1790437664782.781,35.159,48.172,1790437664867.125,Normal,0.9755
WIX,18416,20260926-174241_p4_c4_r3,8193,perf_20260926-174241_p4_c4_r3,2,2069,1790437664467,0,1790437664868.126,37.034,47.393,1790437664953.546,Normal,0.9488
WIX,18416,20260926-174241_p4_c4_r3,8199,perf_20260926-174241_p4_c4_r3,2,2070,1790437664670,0,1790437664956.587,59.392,45.482,1790437665063.093,Normal,0.8696
WIX,18416,20260926-174241_p4_c4_r3,8202,perf_20260926-174241_p4_c4_r3,2,2071,1790437664779,0,1790437665063.093,26.039,44.536,1790437665134.667,Normal,0.9047
WIX,18416,20260926-174241_p4_c4_r3,8204,perf_20260926-174241_p4_c4_r3,2,2072,1790437664842,0,1790437665135.666,72.738,45.231,1790437665258.629,Normal,0.656
WIX,18416,20260926-174241_p4_c4_r3,8211,perf_20260926-174241_p4_c4_r3,2,2073,1790437665092,0,1790437665261.63,36.675,43.745,1790437665343.084,Normal,0.9471
WIX,18416,20260926-174241_p4_c4_r3,8212,perf_20260926-174241_p4_c4_r3,2,2074,1790437665124,0,1790437665343.65,30.856,51.652,1790437665427.208,Normal,0.9538
WIX,18416,20260926-174241_p4_c4_r3,8218,perf_20260926-174241_p4_c4_r3,2,2075,1790437665326,0,1790437665431.262,37.239,45.961,1790437665515.016,Normal,0.9409
WIX,18416,20260926-174241_p4_c4_r3,8234,perf_20260926-174241_p4_c4_r3,2,2076,1790437665873,0,1790437665876.538,50.075,48.432,1790437665976.041,Normal,0.9512
WIX,18416,20260926-174241_p4_c4_r3,8236,perf_20260926-174241_p4_c4_r3,2,2077,1790437665951,0,1790437665978.021,67.029,45.004,1790437666090.627,Normal,0.8864
WIX,18416,20260926-174241_p4_c4_r3,8238,perf_20260926-174241_p4_c4_r3,2,2078,1790437666013,0,1790437666095.079,72.226,43.818,1790437666211.123,Normal,0.9521
WIX,18416,20260926-174241_p4_c4_r3,8245,perf_20260926-174241_p4_c4_r3,2,2079,1790437666263,0,1790437666267.655,52.07,47.307,1790437666367.031,Normal,0.9663
WIX,18416,20260926-174241_p4_c4_r3,8253,perf_20260926-174241_p4_c4_r3,2,2080,1790437666529,0,1790437666531.65,43.118,43.495,1790437666620.284,Normal,0.965
WIX,18416,20260926-174241_p4_c4_r3,8254,perf_20260926-174241_p4_c4_r3,2,2081,1790437666561,0,1790437666623.292,37.907,45.487,1790437666706.687,Normal,0.9311
WIX,18416,20260926-174241_p4_c4_r3,8257,perf_20260926-174241_p4_c4_r3,2,2082,1790437666671,0,1790437666708.687,28.547,47.161,1790437666784.395,Normal,0.9375
WIX,18416,20260926-174241_p4_c4_r3,8260,perf_20260926-174241_p4_c4_r3,2,2083,1790437666766,0,1790437666786.396,97.042,44.571,1790437666928.009,Normal,0.9687
WIX,18416,20260926-174241_p4_c4_r3,8263,perf_20260926-174241_p4_c4_r3,2,2084,1790437666876,0,1790437666931.0,36.801,44.615,1790437667012.416,Normal,0.9072
WIX,18416,20260926-174241_p4_c4_r3,8270,perf_20260926-174241_p4_c4_r3,2,2085,1790437667126,0,1790437667129.944,27.618,43.86,1790437667201.422,Normal,0.9277
WIX,18416,20260926-174241_p4_c4_r3,8278,perf_20260926-174241_p4_c4_r3,2,2086,1790437667393,0,1790437667396.891,51.564,48.395,1790437667496.851,Normal,0.9759
WIX,18416,20260926-174241_p4_c4_r3,8284,perf_20260926-174241_p4_c4_r3,2,2087,1790437667596,0,1790437667602.003,61.033,43.327,1790437667706.977,Normal,0.9608
WIX,18416,20260926-174241_p4_c4_r3,8289,perf_20260926-174241_p4_c4_r3,2,2088,1790437667768,0,1790437667772.569,26.533,54.612,1790437667854.708,Normal,0.9389
WIX,18416,20260926-174241_p4_c4_r3,8290,perf_20260926-174241_p4_c4_r3,2,2089,1790437667815,0,1790437667857.23,31.662,50.438,1790437667939.33,Normal,0.9389
WIX,18416,20260926-174241_p4_c4_r3,8294,perf_20260926-174241_p4_c4_r3,2,2090,1790437667942,0,1790437667947.33,36.839,44.131,1790437668029.524,Normal,0.8045
WIX,18416,20260926-174241_p4_c4_r3,8302,perf_20260926-174241_p4_c4_r3,2,2091,1790437668222,0,1790437668226.089,39.686,47.322,1790437668313.096,Normal,0.9553
WIX,18416,20260926-174241_p4_c4_r3,8304,perf_20260926-174241_p4_c4_r3,2,2092,1790437668300,0,1790437668317.097,42.743,45.412,1790437668406.439,Normal,0.9662
WIX,18416,20260926-174241_p4_c4_r3,8307,perf_20260926-174241_p4_c4_r3,2,2093,1790437668394,0,1790437668408.445,40.392,45.628,1790437668504.249,Normal,0.9709
WIX,18416,20260926-174241_p4_c4_r3,8310,perf_20260926-174241_p4_c4_r3,2,2094,1790437668503,0,1790437668507.258,47.668,47.274,1790437668603.217,Normal,0.9465
WIX,18416,20260926-174241_p4_c4_r3,8313,perf_20260926-174241_p4_c4_r3,2,2095,1790437668597,0,1790437668607.215,48.598,44.323,1790437668700.136,Normal,0.9607
WIX,18416,20260926-174241_p4_c4_r3,8314,perf_20260926-174241_p4_c4_r3,2,2096,1790437668629,0,1790437668703.13,28.009,53.227,1790437668784.367,Normal,0.9157
WIX,18416,20260926-174241_p4_c4_r3,8316,perf_20260926-174241_p4_c4_r3,2,2097,1790437668708,0,1790437668788.364,29.91,49.583,1790437668867.856,Normal,0.8954
WIX,18416,20260926-174241_p4_c4_r3,8318,perf_20260926-174241_p4_c4_r3,2,2098,1790437668770,0,1790437668868.408,99.365,45.312,1790437669013.447,Normal,0.9667
WIX,18416,20260926-174241_p4_c4_r3,8326,perf_20260926-174241_p4_c4_r3,2,2099,1790437669053,0,1790437669055.139,37.267,43.386,1790437669135.793,Normal,0.978
WIX,18416,20260926-174241_p4_c4_r3,8329,perf_20260926-174241_p4_c4_r3,2,2100,1790437669147,0,1790437669150.37,35.994,45.284,1790437669232.686,Normal,0.959
WIX,18416,20260926-174241_p4_c4_r3,8333,perf_20260926-174241_p4_c4_r3,2,2101,1790437669288,0,1790437669290.138,32.998,46.051,1790437669369.187,Normal,0.9255
WIX,18416,20260926-174241_p4_c4_r3,8336,perf_20260926-174241_p4_c4_r3,2,2102,1790437669397,0,1790437669402.41,34.186,51.285,1790437669487.88,Normal,0.9255
WIX,18416,20260926-174241_p4_c4_r3,8341,perf_20260926-174241_p4_c4_r3,2,2103,1790437669571,0,1790437669573.481,28.877,46.701,1790437669649.654,Normal,0.8548
WIX,18416,20260926-174241_p4_c4_r3,8346,perf_20260926-174241_p4_c4_r3,2,2104,1790437669742,0,1790437669746.95,35.722,42.722,1790437669826.394,Normal,0.8308
WIX,18416,20260926-174241_p4_c4_r3,8347,perf_20260926-174241_p4_c4_r3,2,2105,1790437669774,0,1790437669828.428,32.178,47.232,1790437669907.838,Normal,0.9168
WIX,18416,20260926-174241_p4_c4_r3,8356,perf_20260926-174241_p4_c4_r3,2,2106,1790437670088,0,1790437670092.635,57.23,45.062,1790437670195.455,Normal,0.9293
WIX,18416,20260926-174241_p4_c4_r3,8360,perf_20260926-174241_p4_c4_r3,2,2107,1790437670229,0,1790437670232.624,29.685,44.169,1790437670306.478,Normal,0.9491
WIX,18416,20260926-174241_p4_c4_r3,8363,perf_20260926-174241_p4_c4_r3,2,2108,1790437670324,0,1790437670326.549,40.903,45.096,1790437670413.507,Normal,0.9429
WIX,18416,20260926-174241_p4_c4_r3,8365,perf_20260926-174241_p4_c4_r3,2,2109,1790437670402,0,1790437670415.505,31.625,50.367,1790437670498.488,Normal,0.9016
WIX,18416,20260926-174241_p4_c4_r3,8367,perf_20260926-174241_p4_c4_r3,2,2110,1790437670465,0,1790437670501.486,43.534,45.105,1790437670591.123,Normal,0.7922
WIX,18416,20260926-174241_p4_c4_r3,8368,perf_20260926-174241_p4_c4_r3,2,2111,1790437670496,0,1790437670591.123,36.881,50.848,1790437670679.801,Normal,0.9483
WIX,18416,20260926-174241_p4_c4_r3,8374,perf_20260926-174241_p4_c4_r3,2,2112,1790437670698,0,1790437670701.417,29.048,45.655,1790437670776.12,Normal,0.9178
WIX,18416,20260926-174241_p4_c4_r3,8378,perf_20260926-174241_p4_c4_r3,2,2113,1790437670841,0,1790437670845.679,52.384,46.545,1790437670945.602,Normal,0.9647
WIX,18416,20260926-174241_p4_c4_r3,8389,perf_20260926-174241_p4_c4_r3,2,2114,1790437671216,0,1790437671219.952,59.252,44.006,1790437671328.832,Normal,0.5529
WIX,18416,20260926-174241_p4_c4_r3,8394,perf_20260926-174241_p4_c4_r3,2,2115,1790437671389,0,1790437671393.524,42.778,47.303,1790437671484.604,Normal,0.9677
WIX,18416,20260926-174241_p4_c4_r3,8396,perf_20260926-174241_p4_c4_r3,2,2116,1790437671467,0,1790437671487.975,40.295,43.65,1790437671572.489,Normal,0.9181
WIX,18416,20260926-174241_p4_c4_r3,8398,perf_20260926-174241_p4_c4_r3,2,2117,1790437671528,0,1790437671574.507,24.288,45.222,1790437671646.686,Normal,0.9423
WIX,18416,20260926-174241_p4_c4_r3,8402,perf_20260926-174241_p4_c4_r3,2,2118,1790437671669,0,1790437671671.516,37.834,45.316,1790437671755.664,Normal,0.8354
WIX,18416,20260926-174241_p4_c4_r3,8405,perf_20260926-174241_p4_c4_r3,2,2119,1790437671778,0,1790437671781.054,46.339,42.858,1790437671870.25,Normal,0.9423
WIX,18416,20260926-174241_p4_c4_r3,8406,perf_20260926-174241_p4_c4_r3,2,2120,1790437671810,0,1790437671873.36,34.024,49.322,1790437671963.697,Normal,0.9614
WIX,18416,20260926-174241_p4_c4_r3,8407,perf_20260926-174241_p4_c4_r3,2,2121,1790437671841,0,1790437671963.697,37.688,46.63,1790437672048.015,Normal,0.9609
WIX,18416,20260926-174241_p4_c4_r3,8410,perf_20260926-174241_p4_c4_r3,2,2122,1790437671951,0,1790437672051.014,25.052,49.785,1790437672126.845,Normal,0.8931
WIX,18416,20260926-174241_p4_c4_r3,8411,perf_20260926-174241_p4_c4_r3,2,2123,1790437671982,0,1790437672126.845,27.645,47.243,1790437672201.733,Normal,0.9564
WIX,18416,20260926-174241_p4_c4_r3,8412,perf_20260926-174241_p4_c4_r3,2,2124,1790437672014,0,1790437672201.733,28.762,53.59,1790437672285.041,Normal,0.9639
WIX,18416,20260926-174241_p4_c4_r3,8413,perf_20260926-174241_p4_c4_r3,2,2125,1790437672045,0,1790437672285.595,39.066,50.087,1790437672375.736,Normal,0.9669
WIX,18416,20260926-174241_p4_c4_r3,8417,perf_20260926-174241_p4_c4_r3,2,2126,1790437672188,0,1790437672379.273,45.291,48.123,1790437672472.687,Normal,0.4952
WIX,18416,20260926-174241_p4_c4_r3,8422,perf_20260926-174241_p4_c4_r3,2,2127,1790437672359,0,1790437672473.196,52.588,48.719,1790437672574.502,Normal,0.9602
WIX,18416,20260926-174241_p4_c4_r3,8424,perf_20260926-174241_p4_c4_r3,2,2128,1790437672422,0,1790437672579.836,73.094,51.123,1790437672705.049,Normal,0.9015
WIX,18416,20260926-174241_p4_c4_r3,8426,perf_20260926-174241_p4_c4_r3,2,2129,1790437672500,0,1790437672706.042,60.804,46.985,1790437672813.831,Normal,0.9275
WIX,18416,20260926-174241_p4_c4_r3,8436,perf_20260926-174241_p4_c4_r3,2,2130,1790437672843,0,1790437672849.065,65.005,43.947,1790437672958.018,Normal,0.9604
WIX,18416,20260926-174241_p4_c4_r3,8438,perf_20260926-174241_p4_c4_r3,2,2131,1790437672906,0,1790437672962.549,54.119,48.831,1790437673066.085,Normal,0.882
WIX,18416,20260926-174241_p4_c4_r3,8439,perf_20260926-174241_p4_c4_r3,2,2132,1790437672954,0,1790437673067.624,84.256,49.603,1790437673202.073,Normal,0.8816
WIX,18416,20260926-174241_p4_c4_r3,8443,perf_20260926-174241_p4_c4_r3,2,2133,1790437673080,0,1790437673207.211,70.71,48.209,1790437673327.13,Normal,0.4318
WIX,18416,20260926-174241_p4_c4_r3,8445,perf_20260926-174241_p4_c4_r3,2,2134,1790437673157,0,1790437673328.131,116.491,49.166,1790437673494.802,Normal,0.9692
WIX,18416,20260926-174241_p4_c4_r3,8447,perf_20260926-174241_p4_c4_r3,2,2135,1790437673219,0,1790437673499.345,48.039,50.661,1790437673599.044,Normal,0.9144
WIX,18416,20260926-174241_p4_c4_r3,8451,perf_20260926-174241_p4_c4_r3,2,2136,1790437673359,0,1790437673600.043,52.649,47.814,1790437673701.505,Normal,0.9271
WIX,18416,20260926-174241_p4_c4_r3,8461,perf_20260926-174241_p4_c4_r3,2,2137,1790437673708,0,1790437673711.52,52.559,53.293,1790437673817.373,Normal,0.9589
WIX,18416,20260926-174241_p4_c4_r3,8470,perf_20260926-174241_p4_c4_r3,2,2138,1790437674019,0,1790437674022.446,60.18,46.349,1790437674128.975,Normal,0.9377
WIX,18416,20260926-174241_p4_c4_r3,8471,perf_20260926-174241_p4_c4_r3,2,2139,1790437674050,0,1790437674132.021,43.658,47.402,1790437674224.688,Normal,0.9397
WIX,18416,20260926-174241_p4_c4_r3,8482,perf_20260926-174241_p4_c4_r3,2,2140,1790437674424,0,1790437674427.4,29.574,46.013,1790437674502.987,Normal,0.9643
WIX,18416,20260926-174241_p4_c4_r3,8487,perf_20260926-174241_p4_c4_r3,2,2141,1790437674597,0,1790437674599.619,42.192,50.247,1790437674693.06,Normal,0.9582
WIX,18416,20260926-174241_p4_c4_r3,8489,perf_20260926-174241_p4_c4_r3,2,2142,1790437674676,0,1790437674695.06,43.01,48.561,1790437674787.673,Normal,0.506
WIX,18416,20260926-174241_p4_c4_r3,8493,perf_20260926-174241_p4_c4_r3,2,2143,1790437674802,0,1790437674805.354,46.198,45.077,1790437674896.63,Normal,0.9682
WIX,18416,20260926-174241_p4_c4_r3,8497,perf_20260926-174241_p4_c4_r3,2,2144,1790437674942,0,1790437674944.65,30.621,45.341,1790437675021.571,Normal,0.9427
WIX,18416,20260926-174241_p4_c4_r3,8498,perf_20260926-174241_p4_c4_r3,2,2145,1790437674989,0,1790437675023.578,56.83,47.433,1790437675128.806,Normal,0.936
WIX,18416,20260926-174241_p4_c4_r3,8500,perf_20260926-174241_p4_c4_r3,2,2146,1790437675050,0,1790437675131.819,27.644,49.126,1790437675209.556,Normal,0.9232
WIX,18416,20260926-174241_p4_c4_r3,8501,perf_20260926-174241_p4_c4_r3,2,2147,1790437675082,0,1790437675209.556,55.679,45.872,1790437675312.078,Normal,0.8965
WIX,18416,20260926-174241_p4_c4_r3,8502,perf_20260926-174241_p4_c4_r3,2,2148,1790437675114,0,1790437675313.078,40.666,46.184,1790437675400.93,Normal,0.9437
WIX,18416,20260926-174241_p4_c4_r3,8515,perf_20260926-174241_p4_c4_r3,2,2149,1790437675572,0,1790437675574.653,48.251,43.9,1790437675667.803,Normal,0.8102
WIX,18416,20260926-174241_p4_c4_r3,8518,perf_20260926-174241_p4_c4_r3,2,2150,1790437675665,0,1790437675670.333,44.194,45.002,1790437675760.531,Normal,0.9102
WIX,18416,20260926-174241_p4_c4_r3,8519,perf_20260926-174241_p4_c4_r3,2,2151,1790437675713,0,1790437675762.515,90.585,46.99,1790437675901.096,Normal,0.7638
WIX,18416,20260926-174241_p4_c4_r3,8521,perf_20260926-174241_p4_c4_r3,2,2152,1790437675777,0,1790437675904.095,67.669,46.751,1790437676019.478,Normal,0.9564
WIX,18416,20260926-174241_p4_c4_r3,8527,perf_20260926-174241_p4_c4_r3,2,2153,1790437675982,0,1790437676022.822,156.088,48.089,1790437676234.519,Normal,0.9749
WIX,18416,20260926-174241_p4_c4_r3,8531,perf_20260926-174241_p4_c4_r3,2,2154,1790437676121,0,1790437676238.518,41.065,44.355,1790437676323.938,Normal,0.964
WIX,18416,20260926-174241_p4_c4_r3,8535,perf_20260926-174241_p4_c4_r3,2,2155,1790437676262,0,1790437676326.529,26.06,46.955,1790437676399.544,Normal,0.9556
WIX,18416,20260926-174241_p4_c4_r3,8538,perf_20260926-174241_p4_c4_r3,2,2156,1790437676356,0,1790437676402.592,42.294,47.242,1790437676492.127,Normal,0.9643
WIX,18416,20260926-174241_p4_c4_r3,8545,perf_20260926-174241_p4_c4_r3,2,2157,1790437676606,0,1790437676609.163,66.026,47.892,1790437676723.081,Normal,0.9751
WIX,18416,20260926-174241_p4_c4_r3,8548,perf_20260926-174241_p4_c4_r3,2,2158,1790437676699,0,1790437676726.083,44.251,45.462,1790437676816.791,Normal,0.9752
WIX,18416,20260926-174241_p4_c4_r3,8558,perf_20260926-174241_p4_c4_r3,2,2159,1790437677058,0,1790437677060.102,31.219,45.045,1790437677137.367,Normal,0.5139
WIX,18416,20260926-174241_p4_c4_r3,8563,perf_20260926-174241_p4_c4_r3,2,2160,1790437677230,0,1790437677233.867,36.593,47.645,1790437677319.102,Normal,0.9449
WIX,18416,20260926-174241_p4_c4_r3,8564,perf_20260926-174241_p4_c4_r3,2,2161,1790437677261,0,1790437677321.103,27.524,43.051,1790437677391.678,Normal,0.9597
WIX,18416,20260926-174241_p4_c4_r3,8566,perf_20260926-174241_p4_c4_r3,2,2162,1790437677324,0,1790437677394.7,31.952,50.939,1790437677477.592,Normal,0.9228
WIX,18416,20260926-174241_p4_c4_r3,8573,perf_20260926-174241_p4_c4_r3,2,2163,1790437677575,0,1790437677579.064,56.453,47.459,1790437677682.976,Normal,0.9606
WIX,18416,20260926-174241_p4_c4_r3,8575,perf_20260926-174241_p4_c4_r3,2,2164,1790437677638,0,1790437677685.6,34.008,45.898,1790437677765.506,Normal,0.9694
WIX,18416,20260926-174241_p4_c4_r3,8576,perf_20260926-174241_p4_c4_r3,2,2165,1790437677670,0,1790437677765.506,33.275,43.274,1790437677842.055,Normal,0.9747
WIX,18416,20260926-174241_p4_c4_r3,8578,perf_20260926-174241_p4_c4_r3,2,2166,1790437677748,0,1790437677845.097,39.082,46.559,1790437677931.253,Normal,0.9667
WIX,18416,20260926-174241_p4_c4_r3,8583,perf_20260926-174241_p4_c4_r3,2,2167,1790437677919,0,1790437677935.838,44.396,45.713,1790437678026.948,Normal,0.9479
WIX,18416,20260926-174241_p4_c4_r3,8584,perf_20260926-174241_p4_c4_r3,2,2168,1790437677950,0,1790437678029.945,39.686,50.021,1790437678119.652,Normal,0.9473
WIX,18416,20260926-174241_p4_c4_r3,8588,perf_20260926-174241_p4_c4_r3,2,2169,1790437678092,0,1790437678121.704,32.605,45.593,1790437678200.867,Normal,0.901
WIX,18416,20260926-174241_p4_c4_r3,8593,perf_20260926-174241_p4_c4_r3,2,2170,1790437678250,0,1790437678253.109,49.632,44.863,1790437678348.607,Normal,0.9099
WIX,18416,20260926-174241_p4_c4_r3,8595,perf_20260926-174241_p4_c4_r3,2,2171,1790437678328,0,1790437678351.139,39.025,46.238,1790437678436.917,Normal,0.9479
WIX,18416,20260926-174241_p4_c4_r3,8598,perf_20260926-174241_p4_c4_r3,2,2172,1790437678437,0,1790437678440.549,61.329,45.959,1790437678547.836,Normal,0.953
WIX,18416,20260926-174241_p4_c4_r3,8601,perf_20260926-174241_p4_c4_r3,2,2173,1790437678530,0,1790437678551.369,45.192,56.718,1790437678654.231,Normal,0.962
WIX,18416,20260926-174241_p4_c4_r3,8604,perf_20260926-174241_p4_c4_r3,2,2174,1790437678647,0,1790437678658.231,60.099,47.607,1790437678766.907,Normal,0.9334
WIX,18416,20260926-174241_p4_c4_r3,8606,perf_20260926-174241_p4_c4_r3,2,2175,1790437678703,0,1790437678769.907,36.18,44.11,1790437678850.197,Normal,0.9509
WIX,18416,20260926-174241_p4_c4_r3,8609,perf_20260926-174241_p4_c4_r3,2,2176,1790437678814,0,1790437678853.192,31.254,46.735,1790437678931.181,Normal,0.9119
WIX,18416,20260926-174241_p4_c4_r3,8610,perf_20260926-174241_p4_c4_r3,2,2177,1790437678846,0,1790437678931.181,33.64,46.486,1790437679011.307,Normal,0.9612
WIX,18416,20260926-174241_p4_c4_r3,8621,perf_20260926-174241_p4_c4_r3,2,2178,1790437679221,0,1790437679224.853,41.215,46.052,1790437679312.119,Normal,0.7882
WIX,18416,20260926-174241_p4_c4_r3,8625,perf_20260926-174241_p4_c4_r3,2,2179,1790437679363,0,1790437679366.731,32.376,49.618,1790437679448.725,Normal,0.9556
WIX,18416,20260926-174241_p4_c4_r3,8629,perf_20260926-174241_p4_c4_r3,2,2180,1790437679504,0,1790437679507.242,61.646,48.912,1790437679618.797,Normal,0.931
WIX,18416,20260926-174241_p4_c4_r3,8634,perf_20260926-174241_p4_c4_r3,2,2181,1790437679676,0,1790437679677.842,48.162,50.645,1790437679777.655,Normal,0.9275
WIX,18416,20260926-174241_p4_c4_r3,8642,perf_20260926-174241_p4_c4_r3,2,2182,1790437679943,0,1790437679947.138,39.542,46.574,1790437680033.255,Normal,0.9081
WIX,18416,20260926-174241_p4_c4_r3,8646,perf_20260926-174241_p4_c4_r3,2,2183,1790437680083,0,1790437680086.022,27.264,48.659,1790437680161.945,Normal,0.9081
WIX,18416,20260926-174241_p4_c4_r3,8651,perf_20260926-174241_p4_c4_r3,2,2184,1790437680255,0,1790437680258.19,41.341,49.395,1790437680349.886,Normal,0.9715
WIX,18416,20260926-174241_p4_c4_r3,8654,perf_20260926-174241_p4_c4_r3,2,2185,1790437680363,0,1790437680365.405,25.1,50.689,1790437680442.152,Normal,0.9264
WIX,18416,20260926-174241_p4_c4_r3,8663,perf_20260926-174241_p4_c4_r3,2,2186,1790437680675,0,1790437680678.126,46.642,45.797,1790437680774.568,Normal,0.933
WIX,18416,20260926-174241_p4_c4_r3,8667,perf_20260926-174241_p4_c4_r3,2,2187,1790437680816,0,1790437680818.318,27.138,47.069,1790437680893.52,Normal,0.9651
WIX,18416,20260926-174241_p4_c4_r3,8670,perf_20260926-174241_p4_c4_r3,2,2188,1790437680910,0,1790437680913.125,86.06,43.226,1790437681043.411,Normal,0.9761
WIX,18416,20260926-174241_p4_c4_r3,8671,perf_20260926-174241_p4_c4_r3,2,2189,1790437680941,0,1790437681045.411,82.933,42.691,1790437681172.034,Normal,0.9741
WIX,18416,20260926-174241_p4_c4_r3,8681,perf_20260926-174241_p4_c4_r3,2,2190,1790437681285,0,1790437681288.435,34.133,46.304,1790437681372.868,Normal,0.9696
WIX,18416,20260926-174241_p4_c4_r3,8691,perf_20260926-174241_p4_c4_r3,2,2191,1790437681631,0,1790437681633.75,45.325,47.352,1790437681727.381,Normal,0.9358
WIX,18416,20260926-174241_p4_c4_r3,8694,perf_20260926-174241_p4_c4_r3,2,2192,1790437681741,0,1790437681743.742,61.682,46.608,1790437681853.036,Normal,0.9307
WIX,18416,20260926-174241_p4_c4_r3,8711,perf_20260926-174241_p4_c4_r3,2,2193,1790437682320,0,1790437682323.159,63.631,44.411,1790437682432.212,Normal,0.9715
WIX,18416,20260926-174241_p4_c4_r3,8713,perf_20260926-174241_p4_c4_r3,2,2194,1790437682398,0,1790437682434.218,83.193,46.544,1790437682564.978,Normal,0.8688
WIX,18416,20260926-174241_p4_c4_r3,8721,perf_20260926-174241_p4_c4_r3,2,2195,1790437682664,0,1790437682667.36,38.498,44.052,1790437682749.91,Normal,0.9543
WIX,18416,20260926-174241_p4_c4_r3,8728,perf_20260926-174241_p4_c4_r3,2,2196,1790437682916,0,1790437682919.441,35.071,46.51,1790437683001.572,Normal,0.912
WIX,18416,20260926-174241_p4_c4_r3,8731,perf_20260926-174241_p4_c4_r3,2,2197,1790437683010,0,1790437683013.164,67.226,46.375,1790437683126.765,Normal,0.974
WIX,18416,20260926-174241_p4_c4_r3,8744,perf_20260926-174241_p4_c4_r3,2,2198,1790437683461,0,1790437683465.739,58.236,45.643,1790437683570.609,Normal,0.9688
WIX,18416,20260926-174241_p4_c4_r3,8745,perf_20260926-174241_p4_c4_r3,2,2199,1790437683493,0,1790437683573.608,48.684,47.67,1790437683669.961,Normal,0.91
WIX,18416,20260926-174241_p4_c4_r3,8747,perf_20260926-174241_p4_c4_r3,2,2200,1790437683572,0,1790437683672.97,38.834,49.246,1790437683762.046,Normal,0.9646
WIX,18416,20260926-174241_p4_c4_r3,8749,perf_20260926-174241_p4_c4_r3,2,2201,1790437683635,0,1790437683763.045,41.541,48.198,1790437683853.782,Normal,0.9565
WIX,18416,20260926-174241_p4_c4_r3,8750,perf_20260926-174241_p4_c4_r3,2,2202,1790437683666,0,1790437683853.782,38.642,46.424,1790437683939.847,Normal,0.9676
WIX,18416,20260926-174241_p4_c4_r3,8752,perf_20260926-174241_p4_c4_r3,2,2203,1790437683745,0,1790437683943.366,43.049,52.878,1790437684039.293,Normal,0.9608
WIX,18416,20260926-174241_p4_c4_r3,8756,perf_20260926-174241_p4_c4_r3,2,2204,1790437683871,0,1790437684039.293,51.225,49.079,1790437684141.217,Normal,0.9117
WIX,18416,20260926-174241_p4_c4_r3,8764,perf_20260926-174241_p4_c4_r3,2,2205,1790437684154,0,1790437684157.716,113.447,42.418,1790437684313.58,Normal,0.9679
WIX,18416,20260926-174241_p4_c4_r3,8766,perf_20260926-174241_p4_c4_r3,2,2206,1790437684216,0,1790437684316.714,53.394,43.946,1790437684418.579,Normal,0.9532
WIX,18416,20260926-174241_p4_c4_r3,8768,perf_20260926-174241_p4_c4_r3,2,2207,1790437684295,0,1790437684419.123,48.35,48.817,1790437684517.28,Normal,0.9645
WIX,18416,20260926-174241_p4_c4_r3,8769,perf_20260926-174241_p4_c4_r3,2,2208,1790437684326,0,1790437684524.375,53.129,52.675,1790437684630.178,Normal,0.9601
WIX,18416,20260926-174241_p4_c4_r3,8772,perf_20260926-174241_p4_c4_r3,2,2209,1790437684436,0,1790437684631.19,79.01,51.288,1790437684762.482,Normal,0.9519
WIX,18416,20260926-174241_p4_c4_r3,8774,perf_20260926-174241_p4_c4_r3,2,2210,1790437684499,0,1790437684763.999,85.268,51.408,1790437684900.675,Normal,0.9528
WIX,18416,20260926-174241_p4_c4_r3,8780,perf_20260926-174241_p4_c4_r3,2,2211,1790437684702,0,1790437684905.687,51.809,50.304,1790437685007.801,Normal,0.9637
WIX,18416,20260926-174241_p4_c4_r3,8784,perf_20260926-174241_p4_c4_r3,2,2212,1790437684843,0,1790437685008.796,53.501,47.471,1790437685110.298,Normal,0.8661
WIX,18416,20260926-174241_p4_c4_r3,8786,perf_20260926-174241_p4_c4_r3,2,2213,1790437684907,0,1790437685114.148,43.561,45.743,1790437685204.469,Normal,0.953
WIX,18416,20260926-174241_p4_c4_r3,8788,perf_20260926-174241_p4_c4_r3,2,2214,1790437684986,0,1790437685205.485,43.474,47.214,1790437685296.173,Normal,0.9375
WIX,18416,20260926-174241_p4_c4_r3,8789,perf_20260926-174241_p4_c4_r3,2,2215,1790437685017,0,1790437685296.173,54.524,46.801,1790437685398.497,Normal,0.9587
WIX,18416,20260926-174241_p4_c4_r3,8792,perf_20260926-174241_p4_c4_r3,2,2216,1790437685124,0,1790437685403.513,55.635,44.285,1790437685504.431,Normal,0.9603
WIX,18416,20260926-174241_p4_c4_r3,8795,perf_20260926-174241_p4_c4_r3,2,2217,1790437685219,0,1790437685505.436,50.403,43.274,1790437685600.109,Normal,0.94
WIX,18416,20260926-174241_p4_c4_r3,8796,perf_20260926-174241_p4_c4_r3,2,2218,1790437685250,0,1790437685600.109,55.068,45.072,1790437685700.249,Normal,0.967
WIX,18416,20260926-174241_p4_c4_r3,8798,perf_20260926-174241_p4_c4_r3,2,2219,1790437685329,0,1790437685700.249,63.647,46.27,1790437685810.685,Normal,0.9706
WIX,18416,20260926-174241_p4_c4_r3,8801,perf_20260926-174241_p4_c4_r3,2,2220,1790437685424,0,1790437685813.685,37.717,44.252,1790437685895.655,Normal,0.9636
WIX,18416,20260926-174241_p4_c4_r3,8805,perf_20260926-174241_p4_c4_r3,2,2221,1790437685565,0,1790437685895.655,86.354,49.28,1790437686032.253,Normal,0.9686
WIX,18416,20260926-174241_p4_c4_r3,8808,perf_20260926-174241_p4_c4_r3,2,2222,1790437685675,0,1790437686032.253,71.187,49.377,1790437686153.384,HATE,0.5216
WIX,18416,20260926-174241_p4_c4_r3,8813,perf_20260926-174241_p4_c4_r3,2,2223,1790437685847,0,1790437686157.321,53.799,44.99,1790437686257.108,Normal,0.9725
WIX,18416,20260926-174241_p4_c4_r3,8825,perf_20260926-174241_p4_c4_r3,2,2224,1790437686254,0,1790437686260.114,51.783,44.725,1790437686356.621,Normal,0.9752
WIX,18416,20260926-174241_p4_c4_r3,8831,perf_20260926-174241_p4_c4_r3,2,2225,1790437686458,0,1790437686461.61,46.247,48.845,1790437686556.702,Normal,0.6244
WIX,18416,20260926-174241_p4_c4_r3,8839,perf_20260926-174241_p4_c4_r3,2,2226,1790437686741,0,1790437686744.77,191.666,45.638,1790437686983.079,Normal,0.9742
WIX,18416,20260926-174241_p4_c4_r3,8841,perf_20260926-174241_p4_c4_r3,2,2227,1790437686805,0,1790437686986.115,26.239,51.015,1790437687065.39,Normal,0.9109
WIX,18416,20260926-174241_p4_c4_r3,8844,perf_20260926-174241_p4_c4_r3,2,2228,1790437686914,0,1790437687065.39,35.338,46.884,1790437687148.195,Normal,0.9458
WIX,18416,20260926-174241_p4_c4_r3,8845,perf_20260926-174241_p4_c4_r3,2,2229,1790437686946,0,1790437687148.195,32.515,45.078,1790437687226.785,Normal,0.8435
WIX,18416,20260926-174241_p4_c4_r3,8846,perf_20260926-174241_p4_c4_r3,2,2230,1790437686978,0,1790437687227.791,48.867,43.479,1790437687320.137,Normal,0.9423
WIX,18416,20260926-174241_p4_c4_r3,8847,perf_20260926-174241_p4_c4_r3,2,2231,1790437687009,0,1790437687323.137,35.014,43.612,1790437687401.764,Normal,0.9657
WIX,18416,20260926-174241_p4_c4_r3,8848,perf_20260926-174241_p4_c4_r3,2,2232,1790437687056,0,1790437687402.762,32.649,49.107,1790437687485.812,Normal,0.9626
WIX,18416,20260926-174241_p4_c4_r3,8857,perf_20260926-174241_p4_c4_r3,2,2233,1790437687353,0,1790437687489.809,45.753,47.191,1790437687583.746,Normal,0.9264
WIX,18416,20260926-174241_p4_c4_r3,8862,perf_20260926-174241_p4_c4_r3,2,2234,1790437687541,0,1790437687587.202,60.674,44.975,1790437687692.852,Normal,0.9635
WIX,18416,20260926-174241_p4_c4_r3,8863,perf_20260926-174241_p4_c4_r3,2,2235,1790437687572,0,1790437687693.861,43.816,69.657,1790437687814.285,Normal,0.9539
WIX,18416,20260926-174241_p4_c4_r3,8864,perf_20260926-174241_p4_c4_r3,2,2236,1790437687603,0,1790437687818.3,217.73,45.444,1790437688081.475,Normal,0.9762
WIX,18416,20260926-174241_p4_c4_r3,8865,perf_20260926-174241_p4_c4_r3,2,2237,1790437687636,0,1790437688081.475,43.464,44.2,1790437688169.139,Normal,0.9694
WIX,18416,20260926-174241_p4_c4_r3,8873,perf_20260926-174241_p4_c4_r3,2,2238,1790437687914,0,1790437688172.135,209.663,50.935,1790437688433.131,Normal,0.6473
WIX,18416,20260926-174241_p4_c4_r3,8882,perf_20260926-174241_p4_c4_r3,2,2239,1790437688228,0,1790437688435.644,38.159,46.781,1790437688520.584,Normal,0.9648
WIX,18416,20260926-174241_p4_c4_r3,8885,perf_20260926-174241_p4_c4_r3,2,2240,1790437688323,0,1790437688521.59,41.031,46.21,1790437688608.831,Normal,0.9561
WIX,18416,20260926-174241_p4_c4_r3,8886,perf_20260926-174241_p4_c4_r3,2,2241,1790437688354,0,1790437688608.831,35.323,53.606,1790437688698.752,Normal,0.9414
WIX,18416,20260926-174241_p4_c4_r3,8889,perf_20260926-174241_p4_c4_r3,2,2242,1790437688463,0,1790437688703.28,40.229,49.173,1790437688793.677,Normal,0.9598
WIX,18416,20260926-174241_p4_c4_r3,8893,perf_20260926-174241_p4_c4_r3,2,2243,1790437688605,0,1790437688794.222,64.5,47.157,1790437688905.878,Normal,0.832
WIX,18416,20260926-174241_p4_c4_r3,8895,perf_20260926-174241_p4_c4_r3,2,2244,1790437688667,0,1790437688905.878,31.655,48.702,1790437688987.342,Normal,0.9464
WIX,18416,20260926-174241_p4_c4_r3,8902,perf_20260926-174241_p4_c4_r3,2,2245,1790437688915,0,1790437688989.339,39.395,44.803,1790437689074.538,Normal,0.8878
WIX,18416,20260926-174241_p4_c4_r3,8904,perf_20260926-174241_p4_c4_r3,2,2246,1790437688978,0,1790437689075.539,47.371,47.496,1790437689171.403,Normal,0.9339
WIX,18416,20260926-174241_p4_c4_r3,8907,perf_20260926-174241_p4_c4_r3,2,2247,1790437689088,0,1790437689174.411,46.552,52.645,1790437689273.609,Normal,0.9591
WIX,18416,20260926-174241_p4_c4_r3,8927,perf_20260926-174241_p4_c4_r3,2,2248,1790437689778,0,1790437689781.956,54.426,46.26,1790437689882.642,Normal,0.9326
WIX,18416,20260926-174241_p4_c4_r3,8931,perf_20260926-174241_p4_c4_r3,2,2249,1790437689918,0,1790437689921.632,32.33,45.516,1790437690000.475,Normal,0.9201
WIX,18416,20260926-174241_p4_c4_r3,8934,perf_20260926-174241_p4_c4_r3,2,2250,1790437690013,0,1790437690015.29,57.003,45.811,1790437690119.107,Normal,0.9122
WIX,18416,20260926-174241_p4_c4_r3,8937,perf_20260926-174241_p4_c4_r3,2,2251,1790437690123,0,1790437690125.101,56.692,44.55,1790437690227.366,Normal,0.8053
WIX,18416,20260926-174241_p4_c4_r3,8941,perf_20260926-174241_p4_c4_r3,2,2252,1790437690264,0,1790437690267.484,32.536,43.838,1790437690344.856,Normal,0.9077
WIX,18416,20260926-174241_p4_c4_r3,8944,perf_20260926-174241_p4_c4_r3,2,2253,1790437690359,0,1790437690363.913,28.527,43.431,1790437690436.872,Normal,0.9779
WIX,18416,20260926-174241_p4_c4_r3,8945,perf_20260926-174241_p4_c4_r3,2,2254,1790437690391,0,1790437690438.871,26.194,44.762,1790437690510.551,Normal,0.9372
WIX,18416,20260926-174241_p4_c4_r3,8946,perf_20260926-174241_p4_c4_r3,2,2255,1790437690423,0,1790437690511.553,38.652,46.428,1790437690598.013,Normal,0.9556
WIX,18416,20260926-174241_p4_c4_r3,8950,perf_20260926-174241_p4_c4_r3,2,2256,1790437690565,0,1790437690601.006,43.103,43.078,1790437690688.197,Normal,0.976
WIX,18416,20260926-174241_p4_c4_r3,8951,perf_20260926-174241_p4_c4_r3,2,2257,1790437690597,0,1790437690688.197,188.254,44.061,1790437690920.512,Normal,0.9723
WIX,18416,20260926-174241_p4_c4_r3,8952,perf_20260926-174241_p4_c4_r3,2,2258,1790437690643,0,1790437690924.516,43.097,45.269,1790437691013.875,Normal,0.7465
WIX,18416,20260926-174241_p4_c4_r3,8953,perf_20260926-174241_p4_c4_r3,2,2259,1790437690675,0,1790437691013.875,40.03,45.146,1790437691099.052,Normal,0.9623
WIX,18416,20260926-174241_p4_c4_r3,8957,perf_20260926-174241_p4_c4_r3,2,2260,1790437690815,0,1790437691099.052,31.063,46.797,1790437691176.912,Normal,0.951
WIX,18416,20260926-174241_p4_c4_r3,8961,perf_20260926-174241_p4_c4_r3,2,2261,1790437690940,0,1790437691179.983,47.411,47.196,1790437691275.59,Normal,0.9803
WIX,18416,20260926-174241_p4_c4_r3,8963,perf_20260926-174241_p4_c4_r3,2,2262,1790437691019,0,1790437691275.59,24.103,45.856,1790437691346.491,Normal,0.9567
WIX,18416,20260926-174241_p4_c4_r3,8965,perf_20260926-174241_p4_c4_r3,2,2263,1790437691081,0,1790437691347.49,33.573,52.631,1790437691434.165,Normal,0.9586
WIX,18416,20260926-174241_p4_c4_r3,8968,perf_20260926-174241_p4_c4_r3,2,2264,1790437691190,0,1790437691437.169,36.696,44.779,1790437691519.679,Normal,0.9412
WIX,18416,20260926-174241_p4_c4_r3,8969,perf_20260926-174241_p4_c4_r3,2,2265,1790437691221,0,1790437691519.679,36.031,44.581,1790437691601.304,Normal,0.9087
WIX,18416,20260926-174241_p4_c4_r3,8970,perf_20260926-174241_p4_c4_r3,2,2266,1790437691252,0,1790437691601.304,32.206,48.426,1790437691682.93,Normal,0.9431
WIX,18416,20260926-174241_p4_c4_r3,8976,perf_20260926-174241_p4_c4_r3,2,2267,1790437691471,0,1790437691686.933,36.335,51.524,1790437691774.792,Normal,0.9556
WIX,18416,20260926-174241_p4_c4_r3,8977,perf_20260926-174241_p4_c4_r3,2,2268,1790437691502,0,1790437691774.792,35.014,48.293,1790437691858.099,Normal,0.964
WIX,18416,20260926-174241_p4_c4_r3,8978,perf_20260926-174241_p4_c4_r3,2,2269,1790437691533,0,1790437691859.096,35.539,44.721,1790437691939.356,Normal,0.8734
WIX,18416,20260926-174241_p4_c4_r3,8982,perf_20260926-174241_p4_c4_r3,2,2270,1790437691673,0,1790437691940.35,48.579,48.872,1790437692038.795,Normal,0.9144
WIX,18416,20260926-174241_p4_c4_r3,8986,perf_20260926-174241_p4_c4_r3,2,2271,1790437691815,0,1790437692041.794,48.514,43.633,1790437692134.935,Normal,0.9523
WIX,18416,20260926-174241_p4_c4_r3,8994,perf_20260926-174241_p4_c4_r3,2,2272,1790437692081,0,1790437692137.935,55.613,48.347,1790437692242.9,Normal,0.9534
WIX,18416,20260926-174241_p4_c4_r3,8998,perf_20260926-174241_p4_c4_r3,2,2273,1790437692223,0,1790437692244.912,53.203,51.77,1790437692350.884,Normal,0.9387
WIX,18416,20260926-174241_p4_c4_r3,9001,perf_20260926-174241_p4_c4_r3,2,2274,1790437692332,0,1790437692354.85,41.555,46.346,1790437692449.752,Normal,0.9592
WIX,18416,20260926-174241_p4_c4_r3,9005,perf_20260926-174241_p4_c4_r3,2,2275,1790437692459,0,1790437692462.762,205.177,46.675,1790437692714.614,Normal,0.968
WIX,18416,20260926-174241_p4_c4_r3,9009,perf_20260926-174241_p4_c4_r3,2,2276,1790437692602,0,1790437692716.615,40.624,45.825,1790437692803.065,Normal,0.9432
WIX,18416,20260926-174241_p4_c4_r3,9013,perf_20260926-174241_p4_c4_r3,2,2277,1790437692742,0,1790437692805.065,32.329,46.827,1790437692885.22,Normal,0.9323
WIX,18416,20260926-174241_p4_c4_r3,9014,perf_20260926-174241_p4_c4_r3,2,2278,1790437692773,0,1790437692885.22,38.87,46.01,1790437692970.1,Normal,0.9465
WIX,18416,20260926-174241_p4_c4_r3,9015,perf_20260926-174241_p4_c4_r3,2,2279,1790437692805,0,1790437692973.099,38.592,48.276,1790437693059.967,HATE,0.7966
WIX,18416,20260926-174241_p4_c4_r3,9020,perf_20260926-174241_p4_c4_r3,2,2280,1790437692978,0,1790437693061.969,38.766,44.995,1790437693146.729,Normal,0.9547
WIX,18416,20260926-174241_p4_c4_r3,9033,perf_20260926-174241_p4_c4_r3,2,2281,1790437693427,0,1790437693430.417,55.136,45.338,1790437693531.89,Normal,0.9729
WIX,18416,20260926-174241_p4_c4_r3,9034,perf_20260926-174241_p4_c4_r3,2,2282,1790437693458,0,1790437693534.891,34.635,48.825,1790437693619.352,Normal,0.9423
WIX,18416,20260926-174241_p4_c4_r3,9036,perf_20260926-174241_p4_c4_r3,2,2283,1790437693536,0,1790437693621.374,29.091,45.288,1790437693696.771,Normal,0.8914
WIX,18416,20260926-174241_p4_c4_r3,9044,perf_20260926-174241_p4_c4_r3,2,2284,1790437693802,0,1790437693805.043,56.331,53.165,1790437693914.539,Normal,0.8924
WIX,18416,20260926-174241_p4_c4_r3,9052,perf_20260926-174241_p4_c4_r3,2,2285,1790437694082,0,1790437694084.881,52.04,46.517,1790437694184.436,Normal,0.9323
WIX,18416,20260926-174241_p4_c4_r3,9055,perf_20260926-174241_p4_c4_r3,2,2286,1790437694191,0,1790437694193.538,31.013,43.267,1790437694269.273,Normal,0.9174
WIX,18416,20260926-174241_p4_c4_r3,9060,perf_20260926-174241_p4_c4_r3,2,2287,1790437694364,0,1790437694366.505,57.603,44.01,1790437694468.117,Normal,0.9561
WIX,18416,20260926-174241_p4_c4_r3,9062,perf_20260926-174241_p4_c4_r3,2,2288,1790437694427,0,1790437694471.117,49.602,44.592,1790437694565.311,Normal,0.9178
WIX,18416,20260926-174241_p4_c4_r3,9064,perf_20260926-174241_p4_c4_r3,2,2289,1790437694505,0,1790437694568.294,54.621,46.643,1790437694669.558,Normal,0.9429
WIX,18416,20260926-174241_p4_c4_r3,9069,perf_20260926-174241_p4_c4_r3,2,2290,1790437694678,0,1790437694680.083,39.055,47.587,1790437694766.725,Normal,0.7744
WIX,18416,20260926-174241_p4_c4_r3,9073,perf_20260926-174241_p4_c4_r3,2,2291,1790437694804,0,1790437694806.69,37.178,47.7,1790437694891.568,Normal,0.9617
WIX,18416,20260926-174241_p4_c4_r3,9074,perf_20260926-174241_p4_c4_r3,2,2292,1790437694851,0,1790437694893.543,39.422,44.796,1790437694977.761,Normal,0.9505
WIX,18416,20260926-174241_p4_c4_r3,9075,perf_20260926-174241_p4_c4_r3,2,2293,1790437694882,0,1790437694979.212,32.126,45.633,1790437695057.519,Normal,0.9335
WIX,18416,20260926-174241_p4_c4_r3,9078,perf_20260926-174241_p4_c4_r3,2,2294,1790437694975,0,1790437695059.517,28.66,46.072,1790437695134.249,Normal,0.9359
WIX,18416,20260926-174241_p4_c4_r3,9082,perf_20260926-174241_p4_c4_r3,2,2295,1790437695115,0,1790437695137.248,29.144,57.332,1790437695224.723,Normal,0.9083
WIX,18416,20260926-174241_p4_c4_r3,9087,perf_20260926-174241_p4_c4_r3,2,2296,1790437695286,0,1790437695289.341,41.531,47.742,1790437695379.611,Normal,0.9494
WIX,18416,20260926-174241_p4_c4_r3,9090,perf_20260926-174241_p4_c4_r3,2,2297,1790437695395,0,1790437695401.087,48.716,50.935,1790437695501.271,Normal,0.4583
WIX,18416,20260926-174241_p4_c4_r3,9099,perf_20260926-174241_p4_c4_r3,2,2298,1790437695704,0,1790437695707.726,54.744,62.922,1790437695825.391,Normal,0.9652
WIX,18416,20260926-174241_p4_c4_r3,9104,perf_20260926-174241_p4_c4_r3,2,2299,1790437695875,0,1790437695880.353,84.189,44.894,1790437696009.436,Normal,0.979
WIX,18416,20260926-174241_p4_c4_r3,9110,perf_20260926-174241_p4_c4_r3,2,2300,1790437696078,0,1790437696083.237,77.441,48.682,1790437696210.463,Normal,0.8075
WIX,18416,20260926-174241_p4_c4_r3,9112,perf_20260926-174241_p4_c4_r3,2,2301,1790437696156,0,1790437696213.466,38.236,44.827,1790437696297.528,Normal,0.9652
WIX,18416,20260926-174241_p4_c4_r3,9114,perf_20260926-174241_p4_c4_r3,2,2302,1790437696216,0,1790437696302.536,58.286,48.04,1790437696409.847,Normal,0.9119
WIX,18416,20260926-174241_p4_c4_r3,9117,perf_20260926-174241_p4_c4_r3,2,2303,1790437696326,0,1790437696414.369,154.322,49.766,1790437696619.457,Normal,0.9643
WIX,18416,20260926-174241_p4_c4_r3,9123,perf_20260926-174241_p4_c4_r3,2,2304,1790437696530,0,1790437696623.457,64.116,60.371,1790437696747.943,Normal,0.9779
WIX,18416,20260926-174241_p4_c4_r3,9128,perf_20260926-174241_p4_c4_r3,2,2305,1790437696702,0,1790437696750.958,41.574,46.649,1790437696840.183,Normal,0.961
WIX,18416,20260926-174241_p4_c4_r3,9129,perf_20260926-174241_p4_c4_r3,2,2306,1790437696734,0,1790437696840.183,66.506,46.956,1790437696953.644,Normal,0.9689
WIX,18416,20260926-174241_p4_c4_r3,9130,perf_20260926-174241_p4_c4_r3,2,2307,1790437696782,0,1790437696956.771,45.353,45.69,1790437697048.827,Normal,0.9315
WIX,18416,20260926-174241_p4_c4_r3,9137,perf_20260926-174241_p4_c4_r3,2,2308,1790437697016,0,1790437697051.828,44.578,48.697,1790437697145.672,Normal,0.9709
WIX,18416,20260926-174241_p4_c4_r3,9142,perf_20260926-174241_p4_c4_r3,2,2309,1790437697189,0,1790437697192.367,48.502,50.223,1790437697292.628,Normal,0.9351
WIX,18416,20260926-174241_p4_c4_r3,9150,perf_20260926-174241_p4_c4_r3,2,2310,1790437697470,0,1790437697473.102,35.621,48.985,1790437697558.658,Normal,0.7492
WIX,18416,20260926-174241_p4_c4_r3,9159,perf_20260926-174241_p4_c4_r3,2,2311,1790437697782,0,1790437697785.616,123.29,48.241,1790437697958.146,Normal,0.915
WIX,18416,20260926-174241_p4_c4_r3,9162,perf_20260926-174241_p4_c4_r3,2,2312,1790437697875,0,1790437697961.149,40.593,53.036,1790437698054.778,Normal,0.9544
WIX,18416,20260926-174241_p4_c4_r3,9168,perf_20260926-174241_p4_c4_r3,2,2313,1790437698081,0,1790437698084.589,48.237,47.146,1790437698179.972,Normal,0.971
WIX,18416,20260926-174241_p4_c4_r3,9169,perf_20260926-174241_p4_c4_r3,2,2314,1790437698112,0,1790437698183.404,30.688,47.93,1790437698262.021,Normal,0.9375
WIX,18416,20260926-174241_p4_c4_r3,9173,perf_20260926-174241_p4_c4_r3,2,2315,1790437698253,0,1790437698264.026,44.229,45.064,1790437698353.319,Normal,0.9259
WIX,18416,20260926-174241_p4_c4_r3,9176,perf_20260926-174241_p4_c4_r3,2,2316,1790437698361,0,1790437698364.358,38.481,49.849,1790437698453.677,Normal,0.6371
WIX,18416,20260926-174241_p4_c4_r3,9182,perf_20260926-174241_p4_c4_r3,2,2317,1790437698564,0,1790437698567.612,48.714,46.247,1790437698663.573,Normal,0.9508
WIX,18416,20260926-174241_p4_c4_r3,9183,perf_20260926-174241_p4_c4_r3,2,2318,1790437698596,0,1790437698666.571,63.196,48.858,1790437698778.626,Normal,0.7809
WIX,18416,20260926-174241_p4_c4_r3,9188,perf_20260926-174241_p4_c4_r3,2,2319,1790437698768,0,1790437698781.627,34.522,47.458,1790437698863.606,Normal,0.9335
WIX,18416,20260926-174241_p4_c4_r3,9189,perf_20260926-174241_p4_c4_r3,2,2320,1790437698815,0,1790437698866.623,42.557,44.852,1790437698954.033,Normal,0.95
WIX,18416,20260926-174241_p4_c4_r3,9190,perf_20260926-174241_p4_c4_r3,2,2321,1790437698847,0,1790437698954.033,54.3,46.518,1790437699055.803,Normal,0.9591
WIX,18416,20260926-174241_p4_c4_r3,9195,perf_20260926-174241_p4_c4_r3,2,2322,1790437699019,0,1790437699057.895,38.094,48.64,1790437699145.626,Normal,0.6082
WIX,18416,20260926-174241_p4_c4_r3,9196,perf_20260926-174241_p4_c4_r3,2,2323,1790437699051,0,1790437699146.663,38.476,45.982,1790437699232.16,Normal,0.8317
WIX,18416,20260926-174241_p4_c4_r3,9198,perf_20260926-174241_p4_c4_r3,2,2324,1790437699113,0,1790437699235.162,32.163,46.179,1790437699314.501,Normal,0.8273
WIX,18416,20260926-174241_p4_c4_r3,9201,perf_20260926-174241_p4_c4_r3,2,2325,1790437699222,0,1790437699314.501,35.289,43.587,1790437699394.373,Normal,0.9561
WIX,18416,20260926-174241_p4_c4_r3,9205,perf_20260926-174241_p4_c4_r3,2,2326,1790437699362,0,1790437699397.375,32.757,43.104,1790437699475.276,Normal,0.9406
WIX,18416,20260926-174241_p4_c4_r3,9206,perf_20260926-174241_p4_c4_r3,2,2327,1790437699394,0,1790437699478.566,32.985,50.173,1790437699561.724,Normal,0.9302
WIX,18416,20260926-174241_p4_c4_r3,9218,perf_20260926-174241_p4_c4_r3,2,2328,1790437699815,0,1790437699817.247,39.175,45.884,1790437699903.297,Normal,0.8636
WIX,18416,20260926-174241_p4_c4_r3,9219,perf_20260926-174241_p4_c4_r3,2,2329,1790437699846,0,1790437699905.33,30.244,46.175,1790437699982.729,Normal,0.9321
WIX,18416,20260926-174241_p4_c4_r3,9221,perf_20260926-174241_p4_c4_r3,2,2330,1790437699909,0,1790437699984.77,70.713,44.673,1790437700111.306,Normal,0.6402
WIX,18416,20260926-174241_p4_c4_r3,9231,perf_20260926-174241_p4_c4_r3,2,2331,1790437700252,0,1790437700255.254,35.486,44.805,1790437700336.54,Normal,0.971
WIX,18416,20260926-174241_p4_c4_r3,9236,perf_20260926-174241_p4_c4_r3,2,2332,1790437700425,0,1790437700427.355,33.51,44.162,1790437700506.027,Normal,0.9327
WIX,18416,20260926-174241_p4_c4_r3,9252,perf_20260926-174241_p4_c4_r3,2,2333,1790437700988,0,1790437700990.381,36.0,43.386,1790437701070.762,Normal,0.9459
WIX,18416,20260926-174241_p4_c4_r3,9253,perf_20260926-174241_p4_c4_r3,2,2334,1790437701020,0,1790437701074.784,84.471,44.535,1790437701204.789,Normal,0.9712
WIX,18416,20260926-174241_p4_c4_r3,9257,perf_20260926-174241_p4_c4_r3,2,2335,1790437701161,0,1790437701209.787,46.633,56.661,1790437701313.663,Normal,0.6919
WIX,18416,20260926-174241_p4_c4_r3,9258,perf_20260926-174241_p4_c4_r3,2,2336,1790437701192,0,1790437701314.661,36.222,45.532,1790437701396.415,Normal,0.8856
WIX,18416,20260926-174241_p4_c4_r3,9262,perf_20260926-174241_p4_c4_r3,2,2337,1790437701319,0,1790437701399.42,32.041,45.879,1790437701477.341,OFFENSIVE,0.7524
WIX,18416,20260926-174241_p4_c4_r3,9263,perf_20260926-174241_p4_c4_r3,2,2338,1790437701367,0,1790437701478.356,43.144,44.532,1790437701566.032,Normal,0.9552
WIX,18416,20260926-174241_p4_c4_r3,9265,perf_20260926-174241_p4_c4_r3,2,2339,1790437701429,0,1790437701569.438,40.932,44.677,1790437701655.589,Normal,0.9391
WIX,18416,20260926-174241_p4_c4_r3,9266,perf_20260926-174241_p4_c4_r3,2,2340,1790437701460,0,1790437701656.151,40.697,49.733,1790437701747.29,Normal,0.9428
WIX,18416,20260926-174241_p4_c4_r3,9267,perf_20260926-174241_p4_c4_r3,2,2341,1790437701491,0,1790437701748.293,69.088,47.678,1790437701866.068,Normal,0.954
WIX,18416,20260926-174241_p4_c4_r3,9268,perf_20260926-174241_p4_c4_r3,2,2342,1790437701538,0,1790437701866.068,40.192,45.776,1790437701952.036,Normal,0.9622
WIX,18416,20260926-174241_p4_c4_r3,9269,perf_20260926-174241_p4_c4_r3,2,2343,1790437701568,0,1790437701955.035,51.591,48.485,1790437702055.112,Normal,0.947
WIX,18416,20260926-174241_p4_c4_r3,9276,perf_20260926-174241_p4_c4_r3,2,2344,1790437701804,0,1790437702056.119,84.875,49.412,1790437702191.409,Normal,0.4076
WIX,18416,20260926-174241_p4_c4_r3,9281,perf_20260926-174241_p4_c4_r3,2,2345,1790437701976,0,1790437702195.449,33.964,43.749,1790437702274.172,Normal,0.9558
WIX,18416,20260926-174241_p4_c4_r3,9282,perf_20260926-174241_p4_c4_r3,2,2346,1790437702023,0,1790437702274.757,40.563,47.336,1790437702363.653,Normal,0.9727
WIX,18416,20260926-174241_p4_c4_r3,9284,perf_20260926-174241_p4_c4_r3,2,2347,1790437702086,0,1790437702363.653,47.534,44.678,1790437702456.865,Normal,0.5068
WIX,18416,20260926-174241_p4_c4_r3,9285,perf_20260926-174241_p4_c4_r3,2,2348,1790437702117,0,1790437702456.865,33.768,46.436,1790437702537.069,Normal,0.9556
WIX,18416,20260926-174241_p4_c4_r3,9286,perf_20260926-174241_p4_c4_r3,2,2349,1790437702148,0,1790437702537.069,50.355,44.53,1790437702632.618,Normal,0.9555
WIX,18416,20260926-174241_p4_c4_r3,9288,perf_20260926-174241_p4_c4_r3,2,2350,1790437702227,0,1790437702635.617,48.522,44.319,1790437702728.459,Normal,0.9102
WIX,18416,20260926-174241_p4_c4_r3,9290,perf_20260926-174241_p4_c4_r3,2,2351,1790437702290,0,1790437702729.988,34.247,48.976,1790437702814.195,Normal,0.9119
WIX,18416,20260926-174241_p4_c4_r3,9298,perf_20260926-174241_p4_c4_r3,2,2352,1790437702571,0,1790437702815.201,50.339,50.609,1790437702916.148,Normal,0.94
WIX,18416,20260926-174241_p4_c4_r3,9299,perf_20260926-174241_p4_c4_r3,2,2353,1790437702602,0,1790437702916.148,49.25,46.935,1790437703013.309,Normal,0.7756
WIX,18416,20260926-174241_p4_c4_r3,9302,perf_20260926-174241_p4_c4_r3,2,2354,1790437702711,0,1790437703016.312,45.298,46.641,1790437703109.251,Normal,0.9437
WIX,18416,20260926-174241_p4_c4_r3,9303,perf_20260926-174241_p4_c4_r3,2,2355,1790437702742,0,1790437703110.251,51.614,46.401,1790437703208.266,Normal,0.8954
WIX,18416,20260926-174241_p4_c4_r3,9306,perf_20260926-174241_p4_c4_r3,2,2356,1790437702836,0,1790437703208.829,41.574,49.019,1790437703300.433,Normal,0.9207
WIX,18416,20260926-174241_p4_c4_r3,9309,perf_20260926-174241_p4_c4_r3,2,2357,1790437702946,0,1790437703300.433,41.185,44.06,1790437703386.675,Normal,0.973
WIX,18416,20260926-174241_p4_c4_r3,9320,perf_20260926-174241_p4_c4_r3,2,2358,1790437703320,0,1790437703388.671,52.019,49.385,1790437703490.076,Normal,0.8417
WIX,18416,20260926-174241_p4_c4_r3,9322,perf_20260926-174241_p4_c4_r3,2,2359,1790437703397,0,1790437703493.593,40.532,47.923,1790437703583.053,Normal,0.948
WIX,18416,20260926-174241_p4_c4_r3,9328,perf_20260926-174241_p4_c4_r3,2,2360,1790437703602,0,1790437703605.604,34.044,45.914,1790437703685.561,Normal,0.796
WIX,18416,20260926-174241_p4_c4_r3,9330,perf_20260926-174241_p4_c4_r3,2,2361,1790437703666,0,1790437703688.564,32.546,45.319,1790437703767.432,Normal,0.9815
WIX,18416,20260926-174241_p4_c4_r3,9334,perf_20260926-174241_p4_c4_r3,2,2362,1790437703807,0,1790437703809.008,26.017,44.631,1790437703880.648,Normal,0.9695
WIX,18416,20260926-174241_p4_c4_r3,9339,perf_20260926-174241_p4_c4_r3,2,2363,1790437703979,0,1790437703982.398,34.931,44.2,1790437704062.524,Normal,0.8988
WIX,18416,20260926-174241_p4_c4_r3,9344,perf_20260926-174241_p4_c4_r3,2,2364,1790437704151,0,1790437704153.902,37.086,47.48,1790437704239.467,Normal,0.9375
WIX,18416,20260926-174241_p4_c4_r3,9345,perf_20260926-174241_p4_c4_r3,2,2365,1790437704182,0,1790437704242.467,34.27,50.898,1790437704328.633,Normal,0.9375
WIX,18416,20260926-174241_p4_c4_r3,9346,perf_20260926-174241_p4_c4_r3,2,2366,1790437704230,0,1790437704328.633,40.542,45.354,1790437704415.759,Normal,0.9027
WIX,18416,20260926-174241_p4_c4_r3,9354,perf_20260926-174241_p4_c4_r3,2,2367,1790437704497,0,1790437704500.248,43.535,44.305,1790437704589.085,Normal,0.9398
WIX,18416,20260926-174241_p4_c4_r3,9355,perf_20260926-174241_p4_c4_r3,2,2368,1790437704529,0,1790437704592.636,41.475,49.718,1790437704684.833,Normal,0.9503
WIX,18416,20260926-174241_p4_c4_r3,9356,perf_20260926-174241_p4_c4_r3,2,2369,1790437704561,0,1790437704685.834,66.904,51.51,1790437704804.249,Normal,0.9769
WIX,18416,20260926-174241_p4_c4_r3,9358,perf_20260926-174241_p4_c4_r3,2,2370,1790437704640,0,1790437704807.245,44.957,44.048,1790437704896.251,Normal,0.9608
WIX,18416,20260926-174241_p4_c4_r3,9362,perf_20260926-174241_p4_c4_r3,2,2371,1790437704781,0,1790437704896.251,48.485,49.621,1790437704994.356,Normal,0.9623
WIX,18416,20260926-174241_p4_c4_r3,9364,perf_20260926-174241_p4_c4_r3,2,2372,1790437704843,0,1790437704997.394,33.969,47.803,1790437705079.167,Normal,0.8297
WIX,18416,20260926-174241_p4_c4_r3,9365,perf_20260926-174241_p4_c4_r3,2,2373,1790437704874,0,1790437705080.199,37.827,46.636,1790437705165.618,Normal,0.9728
WIX,18416,20260926-174241_p4_c4_r3,9367,perf_20260926-174241_p4_c4_r3,2,2374,1790437704952,0,1790437705166.619,43.548,44.011,1790437705255.155,Normal,0.9209
WIX,18416,20260926-174241_p4_c4_r3,9368,perf_20260926-174241_p4_c4_r3,2,2375,1790437704983,0,1790437705256.184,71.682,43.455,1790437705372.322,Normal,0.9742
WIX,18416,20260926-174241_p4_c4_r3,9370,perf_20260926-174241_p4_c4_r3,2,2376,1790437705046,0,1790437705375.323,32.609,46.29,1790437705462.265,Normal,0.9515
WIX,18416,20260926-174241_p4_c4_r3,9382,perf_20260926-174241_p4_c4_r3,2,2377,1790437705469,0,1790437705471.79,50.005,45.421,1790437705568.229,Normal,0.9133
WIX,18416,20260926-174241_p4_c4_r3,9386,perf_20260926-174241_p4_c4_r3,2,2378,1790437705594,0,1790437705596.646,33.998,45.353,1790437705675.997,Normal,0.939
WIX,18416,20260926-174241_p4_c4_r3,9388,perf_20260926-174241_p4_c4_r3,2,2379,1790437705673,0,1790437705680.008,52.537,49.752,1790437705783.295,Normal,0.9706
WIX,18416,20260926-174241_p4_c4_r3,9394,perf_20260926-174241_p4_c4_r3,2,2380,1790437705878,0,1790437705882.12,40.565,43.422,1790437705967.104,Normal,0.9434
WIX,18416,20260926-174241_p4_c4_r3,9401,perf_20260926-174241_p4_c4_r3,2,2381,1790437706128,0,1790437706134.625,62.571,45.013,1790437706242.773,Normal,0.9556
WIX,18416,20260926-174241_p4_c4_r3,9403,perf_20260926-174241_p4_c4_r3,2,2382,1790437706187,0,1790437706244.784,38.348,44.673,1790437706328.804,Normal,0.9403
WIX,18416,20260926-174241_p4_c4_r3,9407,perf_20260926-174241_p4_c4_r3,2,2383,1790437706328,0,1790437706330.815,28.786,46.432,1790437706406.033,Normal,0.9255
WIX,18416,20260926-174241_p4_c4_r3,9408,perf_20260926-174241_p4_c4_r3,2,2384,1790437706359,0,1790437706409.012,33.04,43.635,1790437706486.656,Normal,0.9507
WIX,18416,20260926-174241_p4_c4_r3,9414,perf_20260926-174241_p4_c4_r3,2,2385,1790437706564,0,1790437706566.746,35.552,45.694,1790437706648.987,Normal,0.9608
WIX,18416,20260926-174241_p4_c4_r3,9416,perf_20260926-174241_p4_c4_r3,2,2386,1790437706641,0,1790437706652.191,38.384,43.598,1790437706735.198,Normal,0.9366
WIX,18416,20260926-174241_p4_c4_r3,9425,perf_20260926-174241_p4_c4_r3,2,2387,1790437706954,0,1790437706957.668,44.254,44.595,1790437707047.512,Normal,0.8385
WIX,18416,20260926-174241_p4_c4_r3,9431,perf_20260926-174241_p4_c4_r3,2,2388,1790437707157,0,1790437707160.633,34.393,47.105,1790437707243.142,Normal,0.9683
WIX,18416,20260926-174241_p4_c4_r3,9433,perf_20260926-174241_p4_c4_r3,2,2389,1790437707220,0,1790437707246.143,38.784,48.892,1790437707334.816,Normal,0.9634
WIX,18416,20260926-174241_p4_c4_r3,9434,perf_20260926-174241_p4_c4_r3,2,2390,1790437707252,0,1790437707340.162,67.726,52.794,1790437707460.681,Normal,0.9672
WIX,18416,20260926-174241_p4_c4_r3,9442,perf_20260926-174241_p4_c4_r3,2,2391,1790437707532,0,1790437707536.899,68.198,43.31,1790437707649.914,Normal,0.9756
WIX,18416,20260926-174241_p4_c4_r3,9444,perf_20260926-174241_p4_c4_r3,2,2392,1790437707595,0,1790437707652.916,66.571,49.783,1790437707770.282,Normal,0.967
WIX,18416,20260926-174241_p4_c4_r3,9450,perf_20260926-174241_p4_c4_r3,2,2393,1790437707814,0,1790437707817.604,70.434,46.567,1790437707935.584,Normal,0.9264
WIX,18416,20260926-174241_p4_c4_r3,9460,perf_20260926-174241_p4_c4_r3,2,2394,1790437708158,0,1790437708161.228,71.891,57.568,1790437708290.686,Normal,0.8004
WIX,18416,20260926-174241_p4_c4_r3,9461,perf_20260926-174241_p4_c4_r3,2,2395,1790437708190,0,1790437708293.198,61.313,53.042,1790437708408.553,Normal,0.959
WIX,18416,20260926-174241_p4_c4_r3,9466,perf_20260926-174241_p4_c4_r3,2,2396,1790437708361,0,1790437708411.552,52.108,55.556,1790437708519.216,Normal,0.9405
WIX,18416,20260926-174241_p4_c4_r3,9467,perf_20260926-174241_p4_c4_r3,2,2397,1790437708392,0,1790437708519.877,63.025,47.616,1790437708631.099,Normal,0.964
WIX,18416,20260926-174241_p4_c4_r3,9472,perf_20260926-174241_p4_c4_r3,2,2398,1790437708563,0,1790437708636.625,66.758,49.035,1790437708753.413,Normal,0.8958
WIX,18416,20260926-174241_p4_c4_r3,9473,perf_20260926-174241_p4_c4_r3,2,2399,1790437708609,0,1790437708754.428,72.744,62.453,1790437708889.625,Normal,0.9465
WIX,18416,20260926-174241_p4_c4_r3,9478,perf_20260926-174241_p4_c4_r3,2,2400,1790437708779,0,1790437708895.548,224.589,42.213,1790437709163.352,Normal,0.9717
WIX,18416,20260926-174241_p4_c4_r3,9482,perf_20260926-174241_p4_c4_r3,2,2401,1790437708905,0,1790437709166.36,41.203,44.845,1790437709252.407,Normal,0.9004
WIX,18416,20260926-174241_p4_c4_r3,9490,perf_20260926-174241_p4_c4_r3,2,2402,1790437709189,0,1790437709255.422,47.815,44.827,1790437709348.064,Normal,0.9574
WIX,18416,20260926-174241_p4_c4_r3,9491,perf_20260926-174241_p4_c4_r3,2,2403,1790437709220,0,1790437709349.084,52.698,45.052,1790437709447.827,Normal,0.9749
WIX,18416,20260926-174241_p4_c4_r3,9492,perf_20260926-174241_p4_c4_r3,2,2404,1790437709250,0,1790437709448.826,36.343,43.764,1790437709528.933,Normal,0.9645
WIX,18416,20260926-174241_p4_c4_r3,9495,perf_20260926-174241_p4_c4_r3,2,2405,1790437709359,0,1790437709531.927,47.312,45.475,1790437709625.709,Normal,0.9666
WIX,18416,20260926-174241_p4_c4_r3,9496,perf_20260926-174241_p4_c4_r3,2,2406,1790437709391,0,1790437709625.709,30.015,43.888,1790437709700.607,Normal,0.9491
WIX,18416,20260926-174241_p4_c4_r3,9500,perf_20260926-174241_p4_c4_r3,2,2407,1790437709532,0,1790437709703.636,45.617,50.352,1790437709800.603,Normal,0.8617
WIX,18416,20260926-174241_p4_c4_r3,9504,perf_20260926-174241_p4_c4_r3,2,2408,1790437709673,0,1790437709800.603,30.98,44.202,1790437709876.782,Normal,0.9457
WIX,18416,20260926-174241_p4_c4_r3,9507,perf_20260926-174241_p4_c4_r3,2,2409,1790437709767,0,1790437709881.008,47.322,49.093,1790437709978.43,Normal,0.9712
WIX,18416,20260926-174241_p4_c4_r3,9514,perf_20260926-174241_p4_c4_r3,2,2410,1790437710017,0,1790437710019.968,33.008,56.384,1790437710110.359,Normal,0.8787
WIX,18416,20260926-174241_p4_c4_r3,9516,perf_20260926-174241_p4_c4_r3,2,2411,1790437710081,0,1790437710112.399,40.523,44.866,1790437710197.789,Normal,0.8296
WIX,18416,20260926-174241_p4_c4_r3,9518,perf_20260926-174241_p4_c4_r3,2,2412,1790437710158,0,1790437710201.301,34.003,47.16,1790437710283.461,Normal,0.9679
WIX,18416,20260926-174241_p4_c4_r3,9520,perf_20260926-174241_p4_c4_r3,2,2413,1790437710221,0,1790437710286.044,29.634,46.42,1790437710363.091,Normal,0.8364
WIX,18416,20260926-174241_p4_c4_r3,9523,perf_20260926-174241_p4_c4_r3,2,2414,1790437710332,0,1790437710365.689,34.021,42.983,1790437710448.284,Normal,0.8702
WIX,18416,20260926-174241_p4_c4_r3,9533,perf_20260926-174241_p4_c4_r3,2,2415,1790437710676,0,1790437710680.812,44.273,55.231,1790437710780.317,Normal,0.8948
WIX,18416,20260926-174241_p4_c4_r3,9534,perf_20260926-174241_p4_c4_r3,2,2416,1790437710708,0,1790437710783.316,41.534,44.66,1790437710870.507,Normal,0.9487
WIX,18416,20260926-174241_p4_c4_r3,9536,perf_20260926-174241_p4_c4_r3,2,2417,1790437710771,0,1790437710871.506,56.386,45.639,1790437710973.531,Normal,0.9735
WIX,18416,20260926-174241_p4_c4_r3,9542,perf_20260926-174241_p4_c4_r3,2,2418,1790437710975,0,1790437710978.159,33.563,46.005,1790437711058.726,Normal,0.9363
WIX,18416,20260926-174241_p4_c4_r3,9543,perf_20260926-174241_p4_c4_r3,2,2419,1790437711022,0,1790437711061.756,45.537,45.263,1790437711153.555,Normal,0.9199
WIX,18416,20260926-174241_p4_c4_r3,9550,perf_20260926-174241_p4_c4_r3,2,2420,1790437711259,0,1790437711261.364,39.345,48.533,1790437711349.241,Normal,0.962
WIX,18416,20260926-174241_p4_c4_r3,9555,perf_20260926-174241_p4_c4_r3,2,2421,1790437711431,0,1790437711434.06,46.214,49.094,1790437711533.635,Normal,0.9759
WIX,18416,20260926-174241_p4_c4_r3,9557,perf_20260926-174241_p4_c4_r3,2,2422,1790437711493,0,1790437711535.635,70.18,49.299,1790437711656.11,HATE,0.6249
WIX,18416,20260926-174241_p4_c4_r3,9559,perf_20260926-174241_p4_c4_r3,2,2423,1790437711571,0,1790437711658.904,31.309,47.157,1790437711738.368,Normal,0.9251
WIX,18416,20260926-174241_p4_c4_r3,9562,perf_20260926-174241_p4_c4_r3,2,2424,1790437711664,0,1790437711741.366,24.657,50.722,1790437711817.736,Normal,0.9728
WIX,18416,20260926-174241_p4_c4_r3,9564,perf_20260926-174241_p4_c4_r3,2,2425,1790437711742,0,1790437711820.885,118.996,45.29,1790437711986.168,Normal,0.9796
WIX,18416,20260926-174241_p4_c4_r3,9565,perf_20260926-174241_p4_c4_r3,2,2426,1790437711773,0,1790437711986.168,32.615,44.31,1790437712064.088,Normal,0.9646
WIX,18416,20260926-174241_p4_c4_r3,9567,perf_20260926-174241_p4_c4_r3,2,2427,1790437711850,0,1790437712067.654,42.018,49.046,1790437712159.755,OFFENSIVE,0.8616
WIX,18416,20260926-174241_p4_c4_r3,9568,perf_20260926-174241_p4_c4_r3,2,2428,1790437711882,0,1790437712160.314,50.307,47.199,1790437712258.781,Normal,0.9243
WIX,18416,20260926-174241_p4_c4_r3,9570,perf_20260926-174241_p4_c4_r3,2,2429,1790437711945,0,1790437712259.782,60.405,48.74,1790437712369.895,Normal,0.9258
WIX,18416,20260926-174241_p4_c4_r3,9571,perf_20260926-174241_p4_c4_r3,2,2430,1790437711977,0,1790437712369.895,67.824,45.611,1790437712484.483,Normal,0.9436
WIX,18416,20260926-174241_p4_c4_r3,9580,perf_20260926-174241_p4_c4_r3,2,2431,1790437712288,0,1790437712487.499,44.257,46.227,1790437712578.974,Normal,0.8442
WIX,18416,20260926-174241_p4_c4_r3,9582,perf_20260926-174241_p4_c4_r3,2,2432,1790437712366,0,1790437712578.974,43.613,43.878,1790437712667.461,Normal,0.9608
WIX,18416,20260926-174241_p4_c4_r3,9584,perf_20260926-174241_p4_c4_r3,2,2433,1790437712429,0,1790437712667.461,33.804,45.046,1790437712746.312,Normal,0.9684
WIX,18416,20260926-174241_p4_c4_r3,9586,perf_20260926-174241_p4_c4_r3,2,2434,1790437712491,0,1790437712749.832,23.881,46.669,1790437712820.381,Normal,0.8636
WIX,18416,20260926-174241_p4_c4_r3,9589,perf_20260926-174241_p4_c4_r3,2,2435,1790437712601,0,1790437712820.381,45.068,45.053,1790437712911.461,Normal,0.8348
WIX,18416,20260926-174241_p4_c4_r3,9590,perf_20260926-174241_p4_c4_r3,2,2436,1790437712632,0,1790437712911.461,35.01,45.998,1790437712994.476,Normal,0.9155
WIX,18416,20260926-174241_p4_c4_r3,9593,perf_20260926-174241_p4_c4_r3,2,2437,1790437712740,0,1790437712994.476,29.521,49.603,1790437713074.63,Normal,0.9346
WIX,18416,20260926-174241_p4_c4_r3,9598,perf_20260926-174241_p4_c4_r3,2,2438,1790437712913,0,1790437713078.633,66.03,45.668,1790437713190.857,Normal,0.9615
WIX,18416,20260926-174241_p4_c4_r3,9599,perf_20260926-174241_p4_c4_r3,2,2439,1790437712945,0,1790437713191.475,41.45,44.021,1790437713277.912,Normal,0.9316
WIX,18416,20260926-174241_p4_c4_r3,9600,perf_20260926-174241_p4_c4_r3,2,2440,1790437712977,0,1790437713277.912,57.703,44.7,1790437713381.33,Normal,0.9695
WIX,18416,20260926-174241_p4_c4_r3,9601,perf_20260926-174241_p4_c4_r3,2,2441,1790437713023,0,1790437713381.33,36.247,43.769,1790437713462.344,Normal,0.9702
WIX,18416,20260926-174241_p4_c4_r3,9611,perf_20260926-174241_p4_c4_r3,2,2442,1790437713364,0,1790437713465.352,92.494,43.685,1790437713602.531,Normal,0.9347
WIX,18416,20260926-174241_p4_c4_r3,9624,perf_20260926-174241_p4_c4_r3,2,2443,1790437713801,0,1790437713804.593,43.562,49.616,1790437713897.771,Normal,0.8525
WIX,18416,20260926-174241_p4_c4_r3,9627,perf_20260926-174241_p4_c4_r3,2,2444,1790437713911,0,1790437713914.326,33.057,50.226,1790437713998.303,Normal,0.9621
WIX,18416,20260926-174241_p4_c4_r3,9628,perf_20260926-174241_p4_c4_r3,2,2445,1790437713943,0,1790437714001.335,39.555,44.632,1790437714087.0,Normal,0.9777
WIX,18416,20260926-174241_p4_c4_r3,9629,perf_20260926-174241_p4_c4_r3,2,2446,1790437713974,0,1790437714087.0,29.808,46.096,1790437714163.889,Normal,0.9422
WIX,18416,20260926-174241_p4_c4_r3,9630,perf_20260926-174241_p4_c4_r3,2,2447,1790437714020,0,1790437714166.928,54.801,44.356,1790437714267.084,Normal,0.9676
WIX,18416,20260926-174241_p4_c4_r3,9632,perf_20260926-174241_p4_c4_r3,2,2448,1790437714084,0,1790437714268.647,32.286,48.014,1790437714349.945,Normal,0.9602
WIX,18416,20260926-174241_p4_c4_r3,9637,perf_20260926-174241_p4_c4_r3,2,2449,1790437714256,0,1790437714353.499,37.807,49.575,1790437714440.88,Normal,0.9244
WIX,18416,20260926-174241_p4_c4_r3,9638,perf_20260926-174241_p4_c4_r3,2,2450,1790437714287,0,1790437714441.88,38.161,48.564,1790437714528.605,Normal,0.8444
WIX,18416,20260926-174241_p4_c4_r3,9639,perf_20260926-174241_p4_c4_r3,2,2451,1790437714334,0,1790437714528.605,40.791,44.701,1790437714617.708,Normal,0.9587
WIX,18416,20260926-174241_p4_c4_r3,9643,perf_20260926-174241_p4_c4_r3,2,2452,1790437714457,0,1790437714621.714,38.018,46.933,1790437714707.672,Normal,0.9543
WIX,18416,20260926-174241_p4_c4_r3,9666,perf_20260926-174241_p4_c4_r3,2,2453,1790437715252,0,1790437715256.94,63.548,46.227,1790437715367.68,Normal,0.8504
WIX,18416,20260926-174241_p4_c4_r3,9667,perf_20260926-174241_p4_c4_r3,2,2454,1790437715284,0,1790437715370.678,36.454,44.177,1790437715451.309,Normal,0.8848
WIX,18416,20260926-174241_p4_c4_r3,9669,perf_20260926-174241_p4_c4_r3,2,2455,1790437715362,0,1790437715452.315,31.224,46.243,1790437715529.782,Normal,0.9457
WIX,18416,20260926-174241_p4_c4_r3,9671,perf_20260926-174241_p4_c4_r3,2,2456,1790437715424,0,1790437715531.783,31.682,42.715,1790437715606.933,Normal,0.9586
WIX,18416,20260926-174241_p4_c4_r3,9673,perf_20260926-174241_p4_c4_r3,2,2457,1790437715503,0,1790437715606.933,41.565,47.247,1790437715697.714,Normal,0.9163
WIX,18416,20260926-174241_p4_c4_r3,9680,perf_20260926-174241_p4_c4_r3,2,2458,1790437715739,0,1790437715742.539,34.061,49.169,1790437715825.769,Normal,0.96
WIX,18416,20260926-174241_p4_c4_r3,9691,perf_20260926-174241_p4_c4_r3,2,2459,1790437716117,0,1790437716121.655,49.216,43.107,1790437716214.98,Normal,0.8612
WIX,18416,20260926-174241_p4_c4_r3,9699,perf_20260926-174241_p4_c4_r3,2,2460,1790437716395,0,1790437716398.768,35.795,44.451,1790437716479.936,Normal,0.9772
WIX,18416,20260926-174241_p4_c4_r3,9704,perf_20260926-174241_p4_c4_r3,2,2461,1790437716564,0,1790437716568.147,41.258,48.313,1790437716658.33,Normal,0.9618
WIX,18416,20260926-174241_p4_c4_r3,9706,perf_20260926-174241_p4_c4_r3,2,2462,1790437716642,0,1790437716661.114,47.788,46.061,1790437716755.348,Normal,0.9484
WIX,18416,20260926-174241_p4_c4_r3,9707,perf_20260926-174241_p4_c4_r3,2,2463,1790437716673,0,1790437716758.493,41.231,44.23,1790437716844.517,Normal,0.9638
WIX,18416,20260926-174241_p4_c4_r3,9708,perf_20260926-174241_p4_c4_r3,2,2464,1790437716704,0,1790437716845.072,37.279,46.824,1790437716929.716,Normal,0.9735
WIX,18416,20260926-174241_p4_c4_r3,9709,perf_20260926-174241_p4_c4_r3,2,2465,1790437716734,0,1790437716929.716,42.799,45.334,1790437717021.681,OFFENSIVE,0.6035
WIX,18416,20260926-174241_p4_c4_r3,9710,perf_20260926-174241_p4_c4_r3,2,2466,1790437716780,0,1790437717026.241,115.028,44.875,1790437717186.692,Normal,0.9655
WIX,18416,20260926-174241_p4_c4_r3,9712,perf_20260926-174241_p4_c4_r3,2,2467,1790437716842,0,1790437717186.692,46.071,50.797,1790437717284.743,Normal,0.9071
WIX,18416,20260926-174241_p4_c4_r3,9713,perf_20260926-174241_p4_c4_r3,2,2468,1790437716873,0,1790437717284.743,80.909,49.819,1790437717416.046,Normal,0.9702
WIX,18416,20260926-174241_p4_c4_r3,9716,perf_20260926-174241_p4_c4_r3,2,2469,1790437716981,0,1790437717416.046,35.534,46.294,1790437717498.509,Normal,0.9426
WIX,18416,20260926-174241_p4_c4_r3,9718,perf_20260926-174241_p4_c4_r3,2,2470,1790437717043,0,1790437717501.334,42.063,48.963,1790437717592.911,Normal,0.9647
WIX,18416,20260926-174241_p4_c4_r3,9722,perf_20260926-174241_p4_c4_r3,2,2471,1790437717181,0,1790437717592.911,47.676,46.404,1790437717693.994,Normal,0.9234
WIX,18416,20260926-174241_p4_c4_r3,9726,perf_20260926-174241_p4_c4_r3,2,2472,1790437717320,0,1790437717694.546,52.037,45.781,1790437717793.355,Normal,0.9683
WIX,18416,20260926-174241_p4_c4_r3,9728,perf_20260926-174241_p4_c4_r3,2,2473,1790437717396,0,1790437717793.355,44.578,46.107,1790437717885.036,Normal,0.9533
WIX,18416,20260926-174241_p4_c4_r3,9730,perf_20260926-174241_p4_c4_r3,2,2474,1790437717457,0,1790437717885.036,82.911,45.877,1790437718013.824,Normal,0.9669
WIX,18416,20260926-174241_p4_c4_r3,9733,perf_20260926-174241_p4_c4_r3,2,2475,1790437717566,0,1790437718016.827,39.002,47.055,1790437718102.884,Normal,0.9756
WIX,18416,20260926-174241_p4_c4_r3,9737,perf_20260926-174241_p4_c4_r3,2,2476,1790437717705,0,1790437718103.887,53.575,48.749,1790437718207.207,Normal,0.9565
WIX,18416,20260926-174241_p4_c4_r3,9742,perf_20260926-174241_p4_c4_r3,2,2477,1790437717878,0,1790437718208.208,31.051,53.986,1790437718294.25,Normal,0.9494
WIX,18416,20260926-174241_p4_c4_r3,9752,perf_20260926-174241_p4_c4_r3,2,2478,1790437718225,0,1790437718297.333,26.097,46.229,1790437718370.608,Normal,0.921
WIX,18416,20260926-174241_p4_c4_r3,9757,perf_20260926-174241_p4_c4_r3,2,2479,1790437718397,0,1790437718400.784,46.525,42.83,1790437718490.139,Normal,0.9198
WIX,18416,20260926-174241_p4_c4_r3,9759,perf_20260926-174241_p4_c4_r3,2,2480,1790437718461,0,1790437718492.137,33.84,46.721,1790437718572.698,Normal,0.8295
WIX,18416,20260926-174241_p4_c4_r3,9766,perf_20260926-174241_p4_c4_r3,2,2481,1790437718709,0,1790437718712.391,45.202,47.571,1790437718806.129,Normal,0.8941
WIX,18416,20260926-174241_p4_c4_r3,9767,perf_20260926-174241_p4_c4_r3,2,2482,1790437718740,0,1790437718810.13,47.16,56.986,1790437718914.276,OFFENSIVE,0.7866
WIX,18416,20260926-174241_p4_c4_r3,9769,perf_20260926-174241_p4_c4_r3,2,2483,1790437718803,0,1790437718914.841,62.209,45.899,1790437719023.947,Normal,0.9704
WIX,18416,20260926-174241_p4_c4_r3,9770,perf_20260926-174241_p4_c4_r3,2,2484,1790437718849,0,1790437719028.964,47.477,47.352,1790437719125.312,Normal,0.9264
WIX,18416,20260926-174241_p4_c4_r3,9774,perf_20260926-174241_p4_c4_r3,2,2485,1790437718987,0,1790437719126.31,55.836,52.302,1790437719246.044,Normal,0.9144
WIX,18416,20260926-174241_p4_c4_r3,9790,perf_20260926-174241_p4_c4_r3,2,2486,1790437719534,0,1790437719537.973,242.725,56.977,1790437719838.197,Normal,0.9742
WIX,18416,20260926-174241_p4_c4_r3,9793,perf_20260926-174241_p4_c4_r3,2,2487,1790437719629,0,1790437719843.505,53.335,44.442,1790437719941.838,Normal,0.9442
WIX,18416,20260926-174241_p4_c4_r3,9794,perf_20260926-174241_p4_c4_r3,2,2488,1790437719676,0,1790437719942.84,51.622,43.94,1790437720038.402,Normal,0.9192
WIX,18416,20260926-174241_p4_c4_r3,9795,perf_20260926-174241_p4_c4_r3,2,2489,1790437719707,0,1790437720039.403,48.367,49.983,1790437720137.752,Normal,0.9254
WIX,18416,20260926-174241_p4_c4_r3,9801,perf_20260926-174241_p4_c4_r3,2,2490,1790437719911,0,1790437720141.757,60.018,46.765,1790437720249.53,Normal,0.7156
WIX,18416,20260926-174241_p4_c4_r3,9809,perf_20260926-174241_p4_c4_r3,2,2491,1790437720191,0,1790437720253.545,61.15,53.722,1790437720368.417,Normal,0.9198
WIX,18416,20260926-174241_p4_c4_r3,9814,perf_20260926-174241_p4_c4_r3,2,2492,1790437720361,0,1790437720371.955,47.647,45.526,1790437720465.128,Normal,0.9255
WIX,18416,20260926-174241_p4_c4_r3,9826,perf_20260926-174241_p4_c4_r3,2,2493,1790437720771,0,1790437720774.51,34.212,55.879,1790437720868.596,Normal,0.8992
WIX,18416,20260926-174241_p4_c4_r3,9838,perf_20260926-174241_p4_c4_r3,2,2494,1790437721194,0,1790437721197.553,41.57,46.755,1790437721286.874,Normal,0.9366
WIX,18416,20260926-174241_p4_c4_r3,9845,perf_20260926-174241_p4_c4_r3,2,2495,1790437721429,0,1790437721432.312,55.087,46.317,1790437721542.089,Normal,0.9424
WIX,18416,20260926-174241_p4_c4_r3,9847,perf_20260926-174241_p4_c4_r3,2,2496,1790437721491,0,1790437721545.089,33.189,44.012,1790437721622.291,Normal,0.9366
WIX,18416,20260926-174241_p4_c4_r3,9848,perf_20260926-174241_p4_c4_r3,2,2497,1790437721539,0,1790437721622.291,43.177,46.67,1790437721712.138,Normal,0.9013
WIX,18416,20260926-174241_p4_c4_r3,9850,perf_20260926-174241_p4_c4_r3,2,2498,1790437721602,0,1790437721714.147,36.552,44.696,1790437721796.401,Normal,0.9424
WIX,18416,20260926-174241_p4_c4_r3,9858,perf_20260926-174241_p4_c4_r3,2,2499,1790437721885,0,1790437721888.276,34.45,47.598,1790437721970.324,Normal,0.9544
WIX,18416,20260926-174241_p4_c4_r3,9859,perf_20260926-174241_p4_c4_r3,2,2500,1790437721916,0,1790437721973.341,33.833,50.141,1790437722057.315,Normal,0.9125
WIX,18416,20260926-174241_p4_c4_r3,9867,perf_20260926-174241_p4_c4_r3,2,2501,1790437722183,0,1790437722185.634,28.896,48.111,1790437722262.642,Normal,0.9603
WIX,18416,20260926-174241_p4_c4_r3,9868,perf_20260926-174241_p4_c4_r3,2,2502,1790437722229,0,1790437722265.646,71.972,44.948,1790437722383.522,Normal,0.9699
WIX,18416,20260926-174241_p4_c4_r3,9871,perf_20260926-174241_p4_c4_r3,2,2503,1790437722323,0,1790437722386.625,44.608,44.214,1790437722475.447,Normal,0.9014
WIX,18416,20260926-174241_p4_c4_r3,9874,perf_20260926-174241_p4_c4_r3,2,2504,1790437722433,0,1790437722478.475,29.734,47.891,1790437722565.726,Normal,0.9311
WIX,18416,20260926-174241_p4_c4_r3,9875,perf_20260926-174241_p4_c4_r3,2,2505,1790437722465,0,1790437722565.726,41.441,45.604,1790437722652.771,Normal,0.8985
WIX,18416,20260926-174241_p4_c4_r3,9877,perf_20260926-174241_p4_c4_r3,2,2506,1790437722527,0,1790437722655.773,31.574,46.639,1790437722735.011,Normal,0.9309
WIX,18416,20260926-174241_p4_c4_r3,9881,perf_20260926-174241_p4_c4_r3,2,2507,1790437722667,0,1790437722737.012,31.012,47.003,1790437722815.027,Normal,0.9323
WIX,18416,20260926-174241_p4_c4_r3,9882,perf_20260926-174241_p4_c4_r3,2,2508,1790437722699,0,1790437722816.028,35.522,48.1,1790437722899.996,Normal,0.9627
WIX,18416,20260926-174241_p4_c4_r3,9884,perf_20260926-174241_p4_c4_r3,2,2509,1790437722776,0,1790437722902.995,35.276,47.572,1790437722985.844,Normal,0.9642
WIX,18416,20260926-174241_p4_c4_r3,9887,perf_20260926-174241_p4_c4_r3,2,2510,1790437722886,0,1790437722987.355,37.252,45.997,1790437723071.579,Normal,0.9151
WIX,18416,20260926-174241_p4_c4_r3,9891,perf_20260926-174241_p4_c4_r3,2,2511,1790437723011,0,1790437723074.587,31.684,43.957,1790437723151.222,Normal,0.9366
WIX,18416,20260926-174241_p4_c4_r3,9892,perf_20260926-174241_p4_c4_r3,2,2512,1790437723058,0,1790437723151.767,46.874,45.92,1790437723251.225,Normal,0.9541
WIX,18416,20260926-174241_p4_c4_r3,9895,perf_20260926-174241_p4_c4_r3,2,2513,1790437723151,0,1790437723254.226,38.674,46.967,1790437723340.491,Normal,0.9583
WIX,18416,20260926-174241_p4_c4_r3,9896,perf_20260926-174241_p4_c4_r3,2,2514,1790437723182,0,1790437723341.492,61.793,47.159,1790437723451.456,Normal,0.5688
WIX,18416,20260926-174241_p4_c4_r3,9908,perf_20260926-174241_p4_c4_r3,2,2515,1790437723604,0,1790437723606.944,30.145,44.399,1790437723682.489,Normal,0.9424
WIX,18416,20260926-174241_p4_c4_r3,9909,perf_20260926-174241_p4_c4_r3,2,2516,1790437723637,0,1790437723686.096,32.291,49.164,1790437723768.511,Normal,0.9487
WIX,18416,20260926-174241_p4_c4_r3,9913,perf_20260926-174241_p4_c4_r3,2,2517,1790437723778,0,1790437723781.68,31.252,55.691,1790437723869.507,Normal,0.8324
WIX,18416,20260926-174241_p4_c4_r3,9920,perf_20260926-174241_p4_c4_r3,2,2518,1790437724011,0,1790437724013.756,38.616,49.385,1790437724102.753,Normal,0.9437
WIX,18416,20260926-174241_p4_c4_r3,9924,perf_20260926-174241_p4_c4_r3,2,2519,1790437724154,0,1790437724157.869,24.554,47.261,1790437724230.127,Normal,0.9366
WIX,18416,20260926-174241_p4_c4_r3,9926,perf_20260926-174241_p4_c4_r3,2,2520,1790437724217,0,1790437724233.137,32.186,49.874,1790437724315.197,Normal,0.6449
WIX,18416,20260926-174241_p4_c4_r3,9927,perf_20260926-174241_p4_c4_r3,2,2521,1790437724264,0,1790437724318.231,35.214,49.6,1790437724403.045,Normal,0.9309
WIX,18416,20260926-174241_p4_c4_r3,9933,perf_20260926-174241_p4_c4_r3,2,2522,1790437724466,0,1790437724468.89,43.728,44.8,1790437724558.404,Normal,0.9699
WIX,18416,20260926-174241_p4_c4_r3,9935,perf_20260926-174241_p4_c4_r3,2,2523,1790437724528,0,1790437724561.442,30.392,49.274,1790437724641.108,Normal,0.5711
WIX,18416,20260926-174241_p4_c4_r3,9943,perf_20260926-174241_p4_c4_r3,2,2524,1790437724811,0,1790437724814.508,27.567,48.815,1790437724890.889,Normal,0.9493
WIX,18416,20260926-174241_p4_c4_r3,9950,perf_20260926-174241_p4_c4_r3,2,2525,1790437725047,0,1790437725053.281,79.073,44.52,1790437725191.828,Normal,0.9737
WIX,18416,20260926-174241_p4_c4_r3,9954,perf_20260926-174241_p4_c4_r3,2,2526,1790437725186,0,1790437725194.375,30.138,50.294,1790437725274.807,Normal,0.9705
WIX,18416,20260926-174241_p4_c4_r3,9960,perf_20260926-174241_p4_c4_r3,2,2527,1790437725390,0,1790437725392.643,39.148,44.506,1790437725487.331,Normal,0.9627
WIX,18416,20260926-174241_p4_c4_r3,9962,perf_20260926-174241_p4_c4_r3,2,2528,1790437725468,0,1790437725489.352,29.005,50.854,1790437725569.211,Normal,0.9546
WIX,18416,20260926-174241_p4_c4_r3,9963,perf_20260926-174241_p4_c4_r3,2,2529,1790437725499,0,1790437725574.629,46.57,47.341,1790437725669.163,Normal,0.913
WIX,18416,20260926-174241_p4_c4_r3,9969,perf_20260926-174241_p4_c4_r3,2,2530,1790437725702,0,1790437725705.312,25.875,51.175,1790437725782.363,Normal,0.9165
WIX,18416,20260926-174241_p4_c4_r3,9971,perf_20260926-174241_p4_c4_r3,2,2531,1790437725780,0,1790437725785.359,30.23,44.911,1790437725861.473,Normal,0.87
WIX,18416,20260926-174241_p4_c4_r3,9973,perf_20260926-174241_p4_c4_r3,2,2532,1790437725843,0,1790437725863.502,25.033,45.956,1790437725935.476,Normal,0.9302
WIX,18416,20260926-174241_p4_c4_r3,9976,perf_20260926-174241_p4_c4_r3,2,2533,1790437725951,0,1790437725954.514,31.777,48.727,1790437726035.018,Normal,0.9657
WIX,18416,20260926-174241_p4_c4_r3,9991,perf_20260926-174241_p4_c4_r3,2,2534,1790437726465,0,1790437726468.895,35.199,47.058,1790437726552.148,Normal,0.9418
