---- STARTING OMNI-PROCESSOR ----
-> Connected to Elasticsearch at http://172.16.10.94:9200 | Index: perf_20261005-093416_clu_vm24_rate20_lat1node_r2
-> Loading model from /home/ubuntu/hsp/src/../models/bert_final on cpu...
-> BERT Model Loaded successfully.
-> Benchmark log: /home/ubuntu/hsp/reports/scaling/20261005-093416_clu_vm24_rate20_lat1node_r2/bench_vm2_3.csv | node vm2 | group g_20261005-093416_clu_vm24_rate20_lat1node_r2
------------------------------------------------------------------------------------------------------------------------
DOMAIN       | SOURCE   | PREDICTION   | CONF.  | LATENCY  | TEXT
------------------------------------------------------------------------------------------------------------------------
[NEWS/LIVE ] | YouTube  | [Normal]     | 95%    |   78.6ms | just to get rich...
[PSYCHOLOGY] | YouTube  | [Normal]     | 94%    |   63.7ms | Hola...
[GAMING/SUR] | YouTube  | [OFFENSIVE]  | 68%    |  107.2ms | :collision::collision:LETSSSS RIDEEEEE1:...
[GAMING/SUR] | YouTube  | [Normal]     | 97%    |   93.1ms | finally playing a top game that has been...
[GAMING/SUR] | YouTube  | [Normal]     | 94%    |   53.8ms | Ride harder...
[GAMING/SUR] | YouTube  | [Normal]     | 91%    |   66.7ms | Hey...
[GAMING/SUR] | YouTube  | [Normal]     | 93%    |   83.8ms | ok this peanut has a lil season to him b...
[GAMING/SUR] | YouTube  | [Normal]     | 90%    |   69.2ms | NICE BROS !...
[GAMING/SUR] | YouTube  | [Normal]     | 96%    |   58.2ms | Happy birthday peanut...
[GAMING/SUR] | YouTube  | [Normal]     | 98%    |  101.6ms | Bro was up until sunrise :face_with_tear...
[GAMING/SUR] | YouTube  | [OFFENSIVE]  | 73%    |   92.8ms | thank fuck he's on  hutch is boring af...
[GAMING/SUR] | YouTube  | [Normal]     | 95%    |   61.2ms | THE KING HAS RETURNED...
[GAMING/SUR] | YouTube  | [Normal]     | 66%    |  111.3ms | LETS GOOOOOOOOOOOOOOOOOOOOOOOOOOOOOOOOOO...
[GAMING/SUR] | YouTube  | [Normal]     | 95%    |   81.9ms | no  no. how are YOUUUU peanut...
[GAMING/SUR] | YouTube  | [Normal]     | 97%    |   67.7ms | let's ride...
[GAMING/SUR] | YouTube  | [Normal]     | 73%    |   63.5ms | whats wrong with your eye...
[GAMING/SUR] | YouTube  | [Normal]     | 95%    |   70.9ms | We are so fkn back...
[GAMING/SUR] | YouTube  | [Normal]     | 74%    |   72.9ms | He and Gingy and Rogue have been grindin...
[MUSIC/CHIL] | YouTube  | [Normal]     | 95%    |   62.7ms | .......
[GAMING/SUR] | YouTube  | [Normal]     | 91%    |   79.5ms | About to go lose all y’all’s money at th...
[GAMING/SUR] | YouTube  | [Normal]     | 94%    |   64.4ms | GINGY DID 20 HOURS...
[MUSIC/CHIL] | YouTube  | [Normal]     | 95%    |  130.0ms | Suz :rolling_on_the_floor_laughing::roll...
[GAMING/SUR] | YouTube  | [Normal]     | 95%    |  121.8ms | Yes rust will do that to you I haven’t p...
[GAMING/SUR] | YouTube  | [Normal]     | 97%    |   82.9ms | hmmmm.hmmm.hmmmm...
[PSYCHOLOGY] | YouTube  | [Normal]     | 84%    |   57.3ms | jungian punch...
[SELF-HELP/] | YouTube  | [Normal]     | 94%    |   56.1ms | hi...
[GAMING/SUR] | YouTube  | [Normal]     | 52%    |   66.8ms | GOOP GOOP GOOP...
[GAMING/SUR] | YouTube  | [Normal]     | 92%    |  171.1ms | Oh my god he's already on :rolling_on_th...
[GAMING/SUR] | YouTube  | [Normal]     | 97%    |   74.7ms | H20 :red_heart:...
[GAMING/SUR] | YouTube  | [Normal]     | 95%    |   59.7ms | h2o...
[GAMING/SUR] | YouTube  | [Normal]     | 96%    |   58.3ms | LOL...
[GAMING/SUR] | YouTube  | [Normal]     | 96%    |   75.0ms | That’s everyone’s childhood...
[GAMING/SUR] | YouTube  | [Normal]     | 96%    |   69.0ms | Vanoss crew og member...
[GAMING/SUR] | YouTube  | [Normal]     | 96%    |   61.4ms | tab top right...
[GAMING/SUR] | YouTube  | [Normal]     | 89%    |   66.7ms | YOUR GATE IS OPEN THERE BUD...
[GAMING/SUR] | YouTube  | [Normal]     | 98%    |  103.9ms | Golfing in the rain in FL rn :saluting_f...
[NEWS/LIVE ] | YouTube  | [Normal]     | 95%    |   52.3ms | MAGA...
[NEWS/LIVE ] | YouTube  | [Normal]     | 92%    |   94.4ms | I only help American Citizens :star_stru...
[GAMING/SUR] | YouTube  | [Normal]     | 81%    |   63.7ms | WALL GATE...
[GAMING/SUR] | YouTube  | [Normal]     | 97%    |   61.0ms | Need to work on research tree...
[MUSIC/CHIL] | YouTube  | [Normal]     | 93%    |   71.5ms | :camel:...
[NEWS/LIVE ] | YouTube  | [Normal]     | 97%    |   62.7ms | DESANTIS 2028...
[MUSIC/CHIL] | YouTube  | [Normal]     | 93%    |   67.7ms | fred me ? :thinking_face:...
[GAMING/SUR] | YouTube  | [Normal]     | 90%    |   72.2ms | Hutch and gingy got a air strike...
[MUSIC/CHIL] | YouTube  | [Normal]     | 97%    |  121.8ms | suz saaanu peru sam :face_with_tears_of_...
[NEWS/LIVE ] | YouTube  | [Normal]     | 94%    |   80.0ms | I don't think you can work out even simp...
[GAMING/SUR] | YouTube  | [Normal]     | 92%    |   82.2ms | hello you are funny you pinaput...
[GAMING/SUR] | YouTube  | [Normal]     | 92%    |   68.8ms | crack in the box...
[PSYCHOLOGY] | YouTube  | [Normal]     | 96%    |   71.9ms | it's both :3...
[GAMING/SUR] | YouTube  | [Normal]     | 93%    |   75.5ms | Helf is Welf...
[SELF-HELP/] | YouTube  | [Normal]     | 85%    |   73.1ms | remember the bonk...
[GAMING/SUR] | YouTube  | [Normal]     | 98%    |  132.7ms | 2boys 1 cup:face-green-smiling::face-gre...
[PSYCHOLOGY] | YouTube  | [Normal]     | 96%    |   63.7ms | HAPPY TO BE HERE...
[GAMING/SUR] | YouTube  | [Normal]     | 76%    |   72.6ms | These naked bodies crack me up...
[PSYCHOLOGY] | YouTube  | [Normal]     | 96%    |   70.2ms | RAINBOW ROAD WOOT WOOT...
[GAMING/SUR] | YouTube  | [Normal]     | 94%    |   61.9ms | 5...
[GAMING/SUR] | YouTube  | [Normal]     | 97%    |   56.9ms | GRAB H20...
[GAMING/SUR] | YouTube  | [Normal]     | 94%    |   57.6ms | 10...
[PSYCHOLOGY] | YouTube  | [Normal]     | 92%    |  119.6ms | be careful of the spam  y'all we got our...
[GAMING/SUR] | YouTube  | [Normal]     | 89%    |   72.9ms | Yes it’s him...
[MUSIC/CHIL] | YouTube  | [Normal]     | 97%    |   77.5ms | Manoj puri Kahani Samajh aayi...
[MUSIC/CHIL] | YouTube  | [Normal]     | 95%    |   82.3ms | e amuzat Ai cu termenii...
[GAMING/SUR] | YouTube  | [Normal]     | 90%    |   57.0ms | HAHAHA...
[GAMING/SUR] | YouTube  | [Normal]     | 97%    |  248.7ms | :face_with_tears_of_joy::face_with_tears...
[GAMING/SUR] | YouTube  | [Normal]     | 96%    |   65.1ms | h20 ??...
[GAMING/SUR] | YouTube  | [Normal]     | 96%    |   68.4ms | LMAO...
[GAMING/SUR] | YouTube  | [Normal]     | 95%    |   57.6ms | HJune...
[GAMING/SUR] | YouTube  | [Normal]     | 94%    |   74.3ms | don't swing at people there  lol...
[GAMING/SUR] | YouTube  | [Normal]     | 97%    |   72.2ms | 1/3 have more spaces...
[PSYCHOLOGY] | YouTube  | [Normal]     | 96%    |   69.9ms | I am food...
[GAMING/SUR] | YouTube  | [Normal]     | 55%    |   78.4ms | Check the dead guys machine...
[GAMING/SUR] | YouTube  | [Normal]     | 96%    |   70.4ms | lmaaoo...
[SPORTS/FOO] | YouTube  | [Normal]     | 97%    |   65.1ms | this live?...
[GAMING/SUR] | YouTube  | [Normal]     | 90%    |   69.4ms | hahahaha...
[GAMING/SUR] | YouTube  | [Normal]     | 96%    |   71.6ms | :fire::fire:...
[GAMING/SUR] | YouTube  | [Normal]     | 89%    |   75.8ms | we are sooooooooooooooooo back...
[GAMING/SUR] | YouTube  | [Normal]     | 84%    |   58.6ms | gonna lose...
[MUSIC/CHIL] | YouTube  | [Normal]     | 97%    |   71.6ms | halinkan hindi :pouting_cat:...
[GAMING/SUR] | YouTube  | [Normal]     | 94%    |   81.7ms | Omg hahahahahaha...
[PSYCHOLOGY] | YouTube  | [Normal]     | 85%    |   70.8ms | called you out...
[GAMING/SUR] | YouTube  | [Normal]     | 95%    |   96.4ms | :fire::fire::fire::fire::fire:...
[GAMING/SUR] | YouTube  | [Normal]     | 96%    |   54.1ms | lol...
[GAMING/SUR] | YouTube  | [Normal]     | 72%    |   57.5ms | GET WREAKED...
[MUSIC/CHIL] | YouTube  | [Normal]     | 97%    |  245.4ms | Secret Puzzle Code:(8+0) (4×1) (4) (1+1)...
[SELF-HELP/] | YouTube  | [Normal]     | 96%    |   69.3ms | Hello dr.k...
[GAMING/SUR] | YouTube  | [Normal]     | 97%    |   82.3ms | :peanuts: loves gambling...
[GAMING/SUR] | YouTube  | [Normal]     | 95%    |   50.9ms | hit...
[GAMING/SUR] | YouTube  | [Normal]     | 95%    |   55.3ms | HIT...
[GAMING/SUR] | YouTube  | [OFFENSIVE]  | 60%    |   73.4ms | :_LetsGo:...
[PSYCHOLOGY] | YouTube  | [Normal]     | 97%    |  145.9ms | Cultivate the skills you need to overcom...
[SELF-HELP/] | YouTube  | [Normal]     | 96%    |   65.4ms | It certainly is a day today...
[SELF-HELP/] | YouTube  | [Normal]     | 93%    |   68.4ms | very gut thanks man...
[GAMING/SUR] | YouTube  | [Normal]     | 92%    |   69.5ms | how do i join...
[GAMING/SUR] | YouTube  | [OFFENSIVE]  | 41%    |   79.5ms | Yes he’s stupid....
[MUSIC/CHIL] | YouTube  | [Normal]     | 96%    |   58.2ms | haa...
[GAMING/SUR] | YouTube  | [Normal]     | 91%    |   87.0ms | I mean ur kinda trash at blackjack ngl l...
[GAMING/SUR] | YouTube  | [Normal]     | 94%    |   76.1ms | he wasnt up 500 he just got his scrap ba...
[GAMING/SUR] | YouTube  | [Normal]     | 96%    |  100.1ms | Praise god he has to leave his house to ...
[GAMING/SUR] | YouTube  | [Normal]     | 98%    |   80.4ms | complimentary ball check?...
[SELF-HELP/] | YouTube  | [Normal]     | 85%    |   95.6ms | Left handed people slander as usual :_Dr...
[GAMING/SUR] | YouTube  | [Normal]     | 45%    |  119.5ms | being sore losers literally ruined the s...
[ENTERTAINM] | YouTube  | [Normal]     | 95%    |   73.2ms | india opppp...
[NEWS/LIVE ] | YouTube  | [Normal]     | 88%    |   65.2ms | It was a joke really...
[ENTERTAINM] | YouTube  | [Normal]     | 91%    |   57.5ms | W...
[GAMING/GAM] | YouTube  | [Normal]     | 93%    |   53.1ms | E...
[GAMING/GAM] | YouTube  | [Normal]     | 96%    |   74.7ms | IRON LUNG 2 CONFIRMED?...
[ENTERTAINM] | YouTube  | [Normal]     | 94%    |   55.5ms | Hi...
[GAMING/GAM] | YouTube  | [Normal]     | 95%    |   51.9ms | hello...
[GAMING/GAM] | YouTube  | [Normal]     | 96%    |   69.8ms | hiiiiiii...
[GAMING/GAM] | YouTube  | [Normal]     | 94%    |   56.7ms | hi...
[GAMING/GAM] | YouTube  | [Normal]     | 94%    |   64.7ms | hi...
[GAMING/GAM] | YouTube  | [Normal]     | 95%    |   71.3ms | HIIIIIII MARLKKKKKK...
[ENTERTAINM] | YouTube  | [Normal]     | 89%    |   66.3ms | yoooo...
[ENTERTAINM] | YouTube  | [Normal]     | 97%    |  131.3ms | MR beast day by day :fire::red_heart:& C...
[PSYCHOLOGY] | YouTube  | [Normal]     | 96%    |   67.4ms | lmao...
[GAMING/GAM] | YouTube  | [Normal]     | 97%    |   82.7ms | More news? is it 4 TIMES? xD...
[ENTERTAINM] | YouTube  | [Normal]     | 95%    |   59.5ms | love ya bro...
[GAMING/GAM] | YouTube  | [OFFENSIVE]  | 82%    |   80.8ms | YOO CONGRATSSSSSS OMGGG...
[ENTERTAINM] | YouTube  | [Normal]     | 96%    |   57.1ms | 500M W...
[PSYCHOLOGY] | YouTube  | [Normal]     | 95%    |   64.6ms | bajs...
[ENTERTAINM] | YouTube  | [Normal]     | 94%    |   70.4ms | SAY MY NAME...
[ENTERTAINM] | YouTube  | [Normal]     | 95%    |   80.0ms | best plz give me a iphone plz...
[NEWS/LIVE ] | YouTube  | [Normal]     | 94%    |  100.9ms | I can't disagree with irresponsible:cat-...
[ENTERTAINM] | YouTube  | [Normal]     | 94%    |   59.6ms | Hi...
[GAMING/SUR] | YouTube  | [Normal]     | 96%    |   70.5ms | missed a k...
[ENTERTAINM] | YouTube  | [Normal]     | 96%    |  115.0ms | I think y'all do it....but I've been sub...
[GAMING/GAM] | YouTube  | [Normal]     | 94%    |   69.8ms | im going to see the movie tomorrow...
[GAMING/GAM] | YouTube  | [Normal]     | 96%    |   64.4ms | Ayeeeeeee...
[GAMING/SUR] | YouTube  | [Normal]     | 64%    |   91.5ms | CAPTAINSPIDEY HES BEEN PLAYING FOR HOURS...
[GAMING/GAM] | YouTube  | [Normal]     | 93%    |   62.6ms | OH YEAHHHH...
[GAMING/GAM] | YouTube  | [Normal]     | 48%    |   62.8ms | Da goat....
[GAMING/GAM] | YouTube  | [Normal]     | 96%    |  174.6ms | you know what my favorite scene was? THA...
[GAMING/GAM] | YouTube  | [Normal]     | 95%    |   57.9ms | WE ARE NUMBER ONE...
[ENTERTAINM] | YouTube  | [Normal]     | 95%    |   59.5ms | good...
[PSYCHOLOGY] | YouTube  | [Normal]     | 96%    |   66.1ms | oo...
[MUSIC/CHIL] | YouTube  | [Normal]     | 90%    |   94.6ms | D mall ki vellavaa ninna:woman_detective...
[ENTERTAINM] | YouTube  | [Normal]     | 97%    |   53.9ms | 500m...
[GAMING/GAM] | YouTube  | [Normal]     | 94%    |   97.4ms | CONGRATULATIONS ON TH3 MOVIE MARK I WAT ...
[GAMING/GAM] | YouTube  | [Normal]     | 97%    |   81.7ms | HIIIIIIIIIII...
[MUSIC/CHIL] | YouTube  | [Normal]     | 97%    |   76.8ms | vsannu:body-blue-raised-arms:...
[ENTERTAINM] | YouTube  | [Normal]     | 91%    |   56.9ms | W...
[GAMING/GAM] | YouTube  | [Normal]     | 96%    |   59.4ms | Epic...
[GAMING/GAM] | YouTube  | [Normal]     | 97%    |   60.0ms | Welcome New Member!...
[GAMING/GAM] | YouTube  | [OFFENSIVE]  | 92%    |   84.2ms | WOWOWOAHAGGAHAHA...
[PSYCHOLOGY] | YouTube  | [Normal]     | 96%    |  134.5ms | @Valt-142 it's a sort of yin/yang divine...
[GAMING/SUR] | YouTube  | [Normal]     | 94%    |   77.9ms | Play with H20 Delirious...
[ENTERTAINM] | YouTube  | [Normal]     | 96%    |   68.7ms | Hello from SC!...
[GAMING/GAM] | YouTube  | [HATE]       | 50%    |   60.5ms | fax...
[ENTERTAINM] | YouTube  | [Normal]     | 97%    |  120.9ms | :green_heart::green_heart::green_heart::...
[ENTERTAINM] | YouTube  | [Normal]     | 68%    |   70.7ms | it is lagging...
[GAMING/SUR] | YouTube  | [Normal]     | 79%    |   64.9ms | Blackjack...
[GAMING/GAM] | YouTube  | [Normal]     | 96%    |   66.3ms | AIRPLAIN...
[ENTERTAINM] | YouTube  | [Normal]     | 96%    |   59.7ms | hiiiiiiiiii...
[NEWS/LIVE ] | YouTube  | [Normal]     | 90%    |   80.6ms | Thanks shoutout to anyone international ...
[GAMING/SUR] | YouTube  | [Normal]     | 94%    |  129.8ms | Hutch literally has more hours in this g...
[GAMING/SUR] | YouTube  | [Normal]     | 93%    |   66.9ms | what is rogue on 30 hours...
[ENTERTAINM] | YouTube  | [Normal]     | 95%    |   65.3ms | Hiii...
[GAMING/GAM] | YouTube  | [Normal]     | 93%    |   53.8ms | lighthouse...
[GAMING/GAM] | YouTube  | [Normal]     | 93%    |   59.1ms | Lighthouse...
[GAMING/GAM] | YouTube  | [Normal]     | 96%    |   72.7ms | NUMBER ONE MOVIE...
[ENTERTAINM] | YouTube  | [Normal]     | 97%    |   97.4ms | :red_heart::red_heart::red_heart:...
[GAMING/GAM] | YouTube  | [Normal]     | 97%    |   57.0ms | HIIIII...
[GAMING/SUR] | YouTube  | [Normal]     | 92%    |   55.9ms | PLAY THE WHEEL...
[GAMING/GAM] | YouTube  | [Normal]     | 98%    |  367.5ms | :face-blue-smiling::face-blue-smiling::f...
[ENTERTAINM] | YouTube  | [Normal]     | 96%    |   59.7ms | hiiiiii...
[GAMING/GAM] | YouTube  | [Normal]     | 93%    |   62.5ms | Lighthouse...
[ENTERTAINM] | YouTube  | [Normal]     | 97%    |   88.5ms | :red_heart::red_heart::red_heart:...
[ENTERTAINM] | YouTube  | [Normal]     | 91%    |   62.9ms | helooo...
[GAMING/GAM] | YouTube  | [Normal]     | 96%    |   56.7ms | LIGHTHOUSEE...
[ENTERTAINM] | YouTube  | [Normal]     | 95%    |   74.9ms | Mr bean please give me a 10000 dollar...
[GAMING/GAM] | YouTube  | [Normal]     | 97%    |   68.4ms | mark I really love you...
[GAMING/GAM] | YouTube  | [Normal]     | 93%    |   57.7ms | DEMOCRACY!...
[ENTERTAINM] | YouTube  | [Normal]     | 94%    |   72.1ms | omg this was crazy 500mil...
[MUSIC/CHIL] | YouTube  | [Normal]     | 96%    |   78.3ms | Vadiki future ekadidi...
[ENTERTAINM] | YouTube  | [Normal]     | 95%    |   74.7ms | gw dari indo...
[GAMING/GAM] | YouTube  | [OFFENSIVE]  | 61%    |   75.3ms | your movie was fuckin fire...
[ENTERTAINM] | YouTube  | [Normal]     | 97%    |   77.9ms | congratulations :confetti_ball:...
[GAMING/GAM] | YouTube  | [Normal]     | 90%    |   81.3ms | When Iron Lung is out of theaters where ...
[GAMING/GAM] | YouTube  | [Normal]     | 96%    |   61.6ms | oo awesome!!!...
[GAMING/SUR] | YouTube  | [OFFENSIVE]  | 75%    |   75.3ms | LETS FUCKING GOOOOOOOOOO...
[GAMING/GAM] | YouTube  | [Normal]     | 98%    |  361.3ms | :hands-yellow-heart-red::hands-yellow-he...
[GAMING/SUR] | YouTube  | [Normal]     | 88%    |   54.5ms | lucky sob...
[ENTERTAINM] | YouTube  | [Normal]     | 95%    |  104.0ms | hiiiiiii!!!!!!!!!!!!!!...
[GAMING/GAM] | YouTube  | [Normal]     | 93%    |   80.6ms | LIGHT HOUSEEEEEEEEEEEEE...
[ENTERTAINM] | YouTube  | [Normal]     | 94%    |   57.9ms | 1...
[GAMING/SUR] | YouTube  | [Normal]     | 88%    |   86.9ms | BRO STOOD ON A 12 WTF HOW DOES PEANUT GA...
[GAMING/SUR] | YouTube  | [Normal]     | 96%    |   58.1ms | spilt...
[GAMING/SUR] | YouTube  | [Normal]     | 87%    |   65.3ms | it laughed at you...
[GAMING/GAM] | YouTube  | [Normal]     | 83%    |   58.7ms | waste...
[GAMING/GAM] | YouTube  | [Normal]     | 45%    |   63.9ms | ITALYYYY...
[ENTERTAINM] | YouTube  | [Normal]     | 94%    |   63.0ms | Hi...
[GAMING/SUR] | YouTube  | [Normal]     | 87%    |   57.1ms | NO...
[ENTERTAINM] | YouTube  | [Normal]     | 96%    |   72.1ms | mrbeast luv from india...
[ENTERTAINM] | YouTube  | [Normal]     | 95%    |   70.3ms | 1111111111...
[GAMING/GAM] | YouTube  | [Normal]     | 85%    |   67.5ms | what about africa...
[GAMING/GAM] | YouTube  | [Normal]     | 90%    |   62.3ms | Turkey when...
[GAMING/GAM] | YouTube  | [Normal]     | 94%    |   73.6ms | portugal!? MY PEOPLE...
[ENTERTAINM] | YouTube  | [Normal]     | 98%    |   73.6ms | iphone 16 pro max :wrapped_gift:...
[ENTERTAINM] | YouTube  | [Normal]     | 94%    |   55.0ms | 1...
[GAMING/ESP] | YouTube  | [Normal]     | 98%    |  101.6ms | lgd gonna be fly high :clapping_hands::c...
[GAMING/GAM] | YouTube  | [Normal]     | 96%    |   93.0ms | the sound on my second viewing was much ...
[GAMING/GAM] | YouTube  | [Normal]     | 97%    |  119.5ms | i made a review of your movie!!! i loved...
[GAMING/GAM] | YouTube  | [Normal]     | 97%    |   77.0ms | Welcome to Member!...
[GAMING/GAM] | YouTube  | [Normal]     | 97%    |   79.9ms | Welcome to Member!...
[ENTERTAINM] | YouTube  | [Normal]     | 96%    |   86.5ms | Hi in Türkiye...
[GAMING/GAM] | YouTube  | [Normal]     | 97%    |   94.6ms | When are we getting the Distractable tou...
[MUSIC/CHIL] | YouTube  | [Normal]     | 98%    |  186.4ms | EXITO:face-red-heart-shape::face-red-hea...
[ENTERTAINM] | YouTube  | [Normal]     | 96%    |   65.4ms | love you...
[GAMING/SUR] | YouTube  | [Normal]     | 93%    |   67.3ms | max bet...
[GAMING/GAM] | YouTube  | [Normal]     | 96%    |  134.3ms | I went to see Iron Lung in theaters with...
[GAMING/GAM] | YouTube  | [Normal]     | 96%    |   88.3ms | Watching this while doing my BioCalc...
[ENTERTAINM] | YouTube  | [Normal]     | 96%    |   82.2ms | I’m From Canada...
[MUSIC/CHIL] | YouTube  | [Normal]     | 96%    |   70.5ms | Rosa ??...
[GAMING/GAM] | YouTube  | [Normal]     | 96%    |   79.1ms | First...
[GAMING/SUR] | YouTube  | [Normal]     | 90%    |   95.7ms | Peanut shows that gambling doesn't pay i...
[GAMING/SUR] | YouTube  | [Normal]     | 94%    |   79.3ms | all in!...
[ENTERTAINM] | YouTube  | [Normal]     | 97%    |  134.8ms | LOVE FROM INDIA JIMMY:sparkles::bottle_w...
[GAMING/SUR] | YouTube  | [Normal]     | 92%    |   66.7ms | lower bet...
[GAMING/SUR] | YouTube  | [Normal]     | 94%    |   76.2ms | 500 before hutch is back...
[GAMING/GAM] | YouTube  | [Normal]     | 97%    |   82.0ms | Hi Mark!Love all the streams...
[GAMING/GAM] | YouTube  | [Normal]     | 96%    |  111.9ms | haven't seen it yet but I'm excited to e...
[GAMING/GAM] | YouTube  | [Normal]     | 95%    |   72.0ms | 6 7...
[GAMING/GAM] | YouTube  | [Normal]     | 96%    |   88.2ms | huh I learned something today...
[GAMING/GAM] | YouTube  | [Normal]     | 91%    |   66.8ms | Airplanee...
[GAMING/SUR] | YouTube  | [Normal]     | 96%    |  134.1ms | dude u can't bet so high every hand afte...
[GAMING/GAM] | YouTube  | [Normal]     | 97%    |   97.7ms | The surround sound was so good for my th...
[GAMING/SUR] | YouTube  | [Normal]     | 92%    |   77.1ms | Stay...
[GAMING/SUR] | YouTube  | [Normal]     | 57%    |   76.0ms | now let them win...
[GAMING/GAM] | YouTube  | [Normal]     | 95%    |  131.4ms | @celestialservicek9s498 omg stay strong ...
[ENTERTAINM] | YouTube  | [Normal]     | 95%    |   80.8ms | my my study...
[ENTERTAINM] | YouTube  | [Normal]     | 91%    |   81.1ms | w...
[SELF-HELP/] | YouTube  | [Normal]     | 97%    |  100.8ms | hello Alok.:waving_hand:...
[ENTERTAINM] | YouTube  | [Normal]     | 95%    |   75.1ms | Hello...
[ENTERTAINM] | YouTube  | [Normal]     | 96%    |   71.3ms | hellooou...
[GAMING/SUR] | YouTube  | [Normal]     | 97%    |   90.8ms | I just got MILKED and I feel so refreshe...
[GAMING/SUR] | YouTube  | [Normal]     | 89%    |   91.0ms | peanut you are no longer allowed to make...
[GAMING/SUR] | YouTube  | [Normal]     | 94%    |   86.4ms | 3 of a kind in blackjack???...
[GAMING/SUR] | YouTube  | [Normal]     | 93%    |   81.5ms | bro...
[ENTERTAINM] | YouTube  | [Normal]     | 93%    |   68.8ms | Molar...
[ENTERTAINM] | YouTube  | [Normal]     | 94%    |  124.2ms | :thumbs_up::thumbs_up::thumbs_up::thumbs...
[GAMING/GAM] | YouTube  | [Normal]     | 63%    |   80.4ms | AIRPLANE GANG RISE UPPP...
[ENTERTAINM] | YouTube  | [Normal]     | 97%    |   96.9ms | sar please help me :pleading_face::disap...
[GAMING/GAM] | YouTube  | [Normal]     | 90%    |   65.5ms | LIGHT HOUSE...
[GAMING/GAM] | YouTube  | [OFFENSIVE]  | 44%    |   71.2ms | Airplane ganggggg...
[GAMING/GAM] | YouTube  | [Normal]     | 93%    |  106.9ms | that explains why I couldn't hear some t...
[GAMING/GAM] | YouTube  | [Normal]     | 97%    |   70.4ms | Atmos is...
[GAMING/GAM] | YouTube  | [Normal]     | 96%    |   67.9ms | Hi mark...
[GAMING/GAM] | YouTube  | [Normal]     | 96%    |   80.3ms | airplne ok...
[GAMING/GAM] | YouTube  | [Normal]     | 97%    |  115.2ms | I saw it in two different theatres in di...
[GAMING/GAM] | YouTube  | [Normal]     | 92%    |   99.4ms | LIGHTHOUSE I WANNA SEE A GUY JORK IT LIK...
[GAMING/GAM] | YouTube  | [Normal]     | 92%    |  119.9ms | Loved Iron lung!!!!!! ugh best movie eve...
[ENTERTAINM] | YouTube  | [Normal]     | 91%    |   72.3ms | love you mr beast...
[ENTERTAINM] | YouTube  | [Normal]     | 92%    |   73.0ms | Yeah budy...
[ENTERTAINM] | YouTube  | [Normal]     | 96%    |   71.6ms | New member...
[ENTERTAINM] | YouTube  | [Normal]     | 96%    |   92.3ms | мистер бист...
[GAMING/SUR] | YouTube  | [Normal]     | 96%    |   75.6ms | lmao...
[GAMING/SUR] | YouTube  | [Normal]     | 89%    |   84.4ms | Big youtubers are in...
[ENTERTAINM] | YouTube  | [Normal]     | 83%    |   74.6ms | crinnnge...
[MUSIC/CHIL] | YouTube  | [Normal]     | 95%    |   81.0ms | .......
[ENTERTAINM] | YouTube  | [Normal]     | 95%    |   79.2ms | hello...
[ENTERTAINM] | YouTube  | [Normal]     | 93%    |  107.8ms | Mrbeast can you give me money please :pl...
[GAMING/GAM] | YouTube  | [Normal]     | 95%    |  114.8ms | I finally made it to a live but I’m work...
[GAMING/GAM] | YouTube  | [Normal]     | 96%    |   83.9ms | I just watched from Germany  very nice !...
[GAMING/SUR] | YouTube  | [Normal]     | 49%    |  131.5ms | gingy gonna be mad when she gets back on...
[ENTERTAINM] | YouTube  | [Normal]     | 94%    |   71.8ms | hi...
[ENTERTAINM] | YouTube  | [Normal]     | 80%    |  120.4ms | GREAT JOB MRBEAST YOUR THE BEST  LOOK JO...
[ENTERTAINM] | YouTube  | [Normal]     | 98%    |  104.3ms | Jimmy big fan :heart_suit: $100 please :...
[ENTERTAINM] | YouTube  | [HATE]       | 45%    |   76.1ms | Asian Sticker...
[ENTERTAINM] | YouTube  | [Normal]     | 96%    |   82.1ms | 500mmm...
[ENTERTAINM] | YouTube  | [Normal]     | 94%    |   73.7ms | Hi...
[ENTERTAINM] | YouTube  | [Normal]     | 81%    |  383.0ms | mr mrbeast!!!!!!!!!!!!!!!!!!!!!!!!!!!!!!...
[GAMING/GAM] | YouTube  | [Normal]     | 95%    |   71.9ms | airplane...
[GAMING/SUR] | YouTube  | [Normal]     | 96%    |   84.9ms | lmfaaaaaaaaaao...
[GAMING/GAM] | YouTube  | [Normal]     | 98%    |   86.0ms | Airplane. :airplane: second tower...
[ENTERTAINM] | YouTube  | [Normal]     | 98%    |  125.8ms | :blue_heart::blue_heart::blue_heart::blu...
[MUSIC/CHIL] | YouTube  | [Normal]     | 97%    |  115.1ms | @kavya-c9c1j apki shaadi kab hogi...
[SELF-HELP/] | YouTube  | [Normal]     | 75%    |   87.5ms | a life they want for themself...
[ENTERTAINM] | YouTube  | [Normal]     | 95%    |   79.8ms | hello...
[GAMING/SUR] | YouTube  | [Normal]     | 56%    |   77.2ms | omggg...
[ENTERTAINM] | YouTube  | [Normal]     | 95%    |   67.3ms | love feom pakistan...
[GAMING/GAM] | YouTube  | [Normal]     | 97%    |  166.4ms | I’m just happy to be watching you. My ne...
[GAMING/SUR] | YouTube  | [Normal]     | 48%    |   78.7ms | XDDDDDDDDDDDDDDDDDD...
[GAMING/GAM] | YouTube  | [Normal]     | 96%    |  153.5ms | I know it hasn't been a whole lot of tim...
[GAMING/GAM] | YouTube  | [Normal]     | 95%    |  110.2ms | ive never seen this game before but i kn...
[GAMING/GAM] | YouTube  | [Normal]     | 94%    |   50.9ms | hi...
[MUSIC/CHIL] | YouTube  | [Normal]     | 97%    |   89.7ms | Amul vasthundhi le tension Enduku :pouti...
[ENTERTAINM] | YouTube  | [Normal]     | 95%    |  231.1ms | mantap luar biasa 500Mmantap luar biasa ...
[GAMING/GAM] | YouTube  | [Normal]     | 96%    |  182.5ms | Hi Mark! Hope you're doing well. First o...
[GAMING/SUR] | YouTube  | [Normal]     | 95%    |   58.7ms | Happy Happy Happy...
[ENTERTAINM] | YouTube  | [Normal]     | 92%    |   51.7ms | help me...
[GAMING/SUR] | YouTube  | [Normal]     | 94%    |   52.6ms | 5...
[GAMING/GAM] | YouTube  | [Normal]     | 91%    |   68.0ms | WE ARE SO PROUD OF YOU...
[GAMING/GAM] | YouTube  | [Normal]     | 96%    |   56.9ms | holy peak...
[SPORTS/PEN] | YouTube  | [Normal]     | 94%    |   77.0ms | i didnt know there was a budget...
[GAMING/SUR] | YouTube  | [Normal]     | 83%    |   65.5ms | Rogue is gonna...
[ENTERTAINM] | YouTube  | [Normal]     | 98%    |  138.3ms | pls say my name :folded_hands::folded_ha...
[PSYCHOLOGY] | YouTube  | [Normal]     | 96%    |   67.4ms | isn't that sadly partially true?...
[GAMING/GAM] | YouTube  | [Normal]     | 94%    |  113.2ms | I just got back from my second viewing o...
[GAMING/SUR] | YouTube  | [Normal]     | 92%    |   51.7ms | no luck...
[ENTERTAINM] | YouTube  | [Normal]     | 95%    |   53.6ms | hello...
[GAMING/GAM] | YouTube  | [Normal]     | 89%    |   64.1ms | Stream anomaly...
[GAMING/GAM] | YouTube  | [Normal]     | 94%    |   72.6ms | imagine the light turns into a disco bal...
[MUSIC/CHIL] | YouTube  | [Normal]     | 91%    |   57.0ms | go poop...
[ENTERTAINM] | YouTube  | [Normal]     | 97%    |   83.7ms | love from india :red_heart:...
[GAMING/GAM] | YouTube  | [Normal]     | 95%    |   58.7ms | SPELLING...
[ENTERTAINM] | YouTube  | [Normal]     | 86%    |   55.7ms | Yo...
[ENTERTAINM] | YouTube  | [Normal]     | 97%    |   56.9ms | سلام...
[GAMING/GAM] | YouTube  | [Normal]     | 91%    |   70.9ms | Typo anomaly in the title...
[ENTERTAINM] | YouTube  | [Normal]     | 94%    |   69.4ms | tower of terror best tower...
[ENTERTAINM] | YouTube  | [Normal]     | 98%    |   76.7ms | my gift :wrapped_gift:...
[GAMING/GAM] | YouTube  | [Normal]     | 90%    |   67.1ms | u spelled wrong mark...
[GAMING/GAM] | YouTube  | [Normal]     | 94%    |   67.9ms | There's a typo...
[GAMING/SUR] | YouTube  | [Normal]     | 96%    |   62.1ms | lol...
[GAMING/SUR] | YouTube  | [Normal]     | 92%    |   68.7ms | LMFAOOOOOO...
[GAMING/GAM] | YouTube  | [Normal]     | 94%    |   56.7ms | hi...
[ENTERTAINM] | YouTube  | [Normal]     | 91%    |  129.0ms | MRBEEEEEEEEEEEEEEEAAAAAAAAAASSSSSSSSSST6...
[GAMING/SUR] | YouTube  | [Normal]     | 96%    |   67.5ms | YOU HAD 1000 SCRAP WHEN YOU LOGGED IN...
[GAMING/SUR] | YouTube  | [Normal]     | 90%    |   77.4ms | Where’s the scarp peanut...
[ENTERTAINM] | YouTube  | [Normal]     | 92%    |  123.9ms | I WASSS HEREEEEE :fire::fire::fire::fire...
[GAMING/SUR] | YouTube  | [Normal]     | 98%    |  167.5ms | Keep On Bungulating LATE Into The Night ...
[ENTERTAINM] | YouTube  | [Normal]     | 97%    |  136.3ms | I am your big fan bro and I subscribed y...
[ENTERTAINM] | YouTube  | [Normal]     | 94%    |   60.8ms | Ok...
[GAMING/GAM] | YouTube  | [Normal]     | 84%    |   59.1ms | TYPOOOOO...
[GAMING/GAM] | YouTube  | [Normal]     | 94%    |   87.8ms | im gonna have an obversation with my bes...
[ENTERTAINM] | YouTube  | [Normal]     | 95%    |   59.3ms | hi Jimmy...
[GAMING/SUR] | YouTube  | [Normal]     | 68%    |   81.6ms | YOU CANT COUNT CARDS AGAINST A CLANKA DU...
[ENTERTAINM] | YouTube  | [Normal]     | 97%    |  172.0ms | Jimmyyyyyyyyyyyyyy  I can not believe th...
[GAMING/GAM] | YouTube  | [Normal]     | 94%    |   70.3ms | THE TITLE IS MISSPELLED...
[GAMING/SUR] | YouTube  | [Normal]     | 96%    |  110.4ms | He’s never gonna stop lol :face_with_tea...
[GAMING/GAM] | YouTube  | [Normal]     | 95%    |   56.6ms | xD...
[SELF-HELP/] | YouTube  | [Normal]     | 97%    |  124.7ms | Sometimes I think  my partner used to mi...
[ENTERTAINM] | YouTube  | [Normal]     | 95%    |   78.4ms | call speed!!!...
[GAMING/GAM] | YouTube  | [Normal]     | 94%    |   70.1ms | ovbersation...
[GAMING/GAM] | YouTube  | [Normal]     | 80%    |   95.4ms | I will be of absolutely NO help  I have ...
[GAMING/GAM] | YouTube  | [Normal]     | 95%    |   66.2ms | obversation...
[GAMING/SUR] | YouTube  | [Normal]     | 98%    |   71.1ms | :text-yellow-goal:...
[GAMING/GAM] | YouTube  | [Normal]     | 89%    |   69.5ms | the way i didnt even see...
[ENTERTAINM] | YouTube  | [Normal]     | 91%    |   73.9ms | is it weird watching your old videos...
[MUSIC/CHIL] | YouTube  | [Normal]     | 96%    |   81.2ms | :gar:welcm...
[GAMING/SUR] | YouTube  | [Normal]     | 74%    |   87.3ms | Peanut is an addict!!! lol...
[GAMING/SUR] | YouTube  | [Normal]     | 61%    |   66.5ms | a true addict...
[ENTERTAINM] | YouTube  | [Normal]     | 95%    |   51.7ms | Yooo...
[GAMING/SUR] | YouTube  | [Normal]     | 94%    |   59.4ms | 5...
[ENTERTAINM] | YouTube  | [Normal]     | 91%    |   59.4ms | mr beast...
[GAMING/GAM] | YouTube  | [Normal]     | 96%    |   84.4ms | I almost missed the stream  due to the t...
[GAMING/GAM] | YouTube  | [Normal]     | 95%    |   68.3ms | does this game is like fred nights ?...
[ENTERTAINM] | YouTube  | [Normal]     | 94%    |   63.6ms | 1...
[ENTERTAINM] | YouTube  | [Normal]     | 95%    |   66.7ms | please big fan...
[ENTERTAINM] | YouTube  | [Normal]     | 96%    |   71.5ms | jsjsj...
[ENTERTAINM] | YouTube  | [Normal]     | 97%    |  111.4ms | Jimmy:person-turqouise-waving::person-tu...
[MUSIC/CHIL] | YouTube  | [Normal]     | 98%    |   82.4ms | ...:face-turquoise-music-note:...
[GAMING/GAM] | YouTube  | [Normal]     | 93%    |   72.3ms | mark you pick dr pepper or coke...
[GAMING/GAM] | YouTube  | [Normal]     | 95%    |   72.2ms | obversation...
[GAMING/GAM] | YouTube  | [Normal]     | 95%    |   58.4ms | Hiiii...
[GAMING/GAM] | YouTube  | [Normal]     | 96%    |  104.2ms | gotta love my dyslexic five time champio...
[GAMING/GAM] | YouTube  | [Normal]     | 92%    |   80.1ms | Do you still play Ultrakill?...
[GAMING/GAM] | YouTube  | [Normal]     | 97%    |   95.7ms | OBVERSATION DUTY THE MOVIE?!??!?!?!...
[GAMING/GAM] | YouTube  | [Normal]     | 91%    |   71.4ms | MARK FIX YOUR POSTURE...
[GAMING/GAM] | YouTube  | [Normal]     | 97%    |   57.7ms | the poll is still going...
[GAMING/SUR] | YouTube  | [Normal]     | 97%    |   77.4ms | They logged in with 2000 scrap and left ...
[GAMING/GAM] | YouTube  | [Normal]     | 98%    |   71.6ms | was there always light in that shed?...
[GAMING/GAM] | YouTube  | [Normal]     | 91%    |  106.1ms | Guys let him turn his brain off after ho...
[ENTERTAINM] | YouTube  | [Normal]     | 93%    |   66.4ms | Are you okay?...
[PSYCHOLOGY] | YouTube  | [Normal]     | 97%    |   79.1ms | That was personal lol...
[MUSIC/CHIL] | YouTube  | [Normal]     | 85%    |   73.3ms | GTA ohh jealous...
[GAMING/GAM] | YouTube  | [Normal]     | 96%    |   72.8ms | LOL...
[GAMING/GAM] | YouTube  | [Normal]     | 98%    |  149.8ms | Iron Lung is so amazing :red_heart::red_...
[ENTERTAINM] | YouTube  | [Normal]     | 98%    |   96.0ms | Watching all World Cup games for 50K?:th...
[GAMING/GAM] | YouTube  | [Normal]     | 65%    |  112.3ms | IM GOING TO WATCH IRON LUNG RN IN OHIO!!...
[ENTERTAINM] | YouTube  | [Normal]     | 94%    |   75.5ms | 5...
[GAMING/GAM] | YouTube  | [Normal]     | 96%    |   66.8ms | LOL...
[GAMING/GAM] | YouTube  | [Normal]     | 97%    |   82.0ms | mousetrap in interior?...
[GAMING/GAM] | YouTube  | [Normal]     | 73%    |   97.2ms | Absolutely loved Iron Lung  you and the ...
[ENTERTAINM] | YouTube  | [Normal]     | 95%    |   76.1ms | 129...
[GAMING/GAM] | YouTube  | [Normal]     | 92%    |   76.6ms | bed...
[ENTERTAINM] | YouTube  | [Normal]     | 92%    |   83.7ms | "MrBeast  I would like a computer  pleas...
[PSYCHOLOGY] | YouTube  | [Normal]     | 95%    |  128.1ms | oof it me but w workaholism  codepednecy...
[ENTERTAINM] | YouTube  | [Normal]     | 94%    |   74.6ms | 2...
[GAMING/GAM] | YouTube  | [Normal]     | 97%    |   82.7ms | that done been there...
[GAMING/GAM] | YouTube  | [Normal]     | 83%    |   74.7ms | why are you blue...
[ENTERTAINM] | YouTube  | [Normal]     | 94%    |   75.3ms | heloooo...
[GAMING/GAM] | YouTube  | [Normal]     | 96%    |   82.8ms | :_markiBRAIN:...
[GAMING/GAM] | YouTube  | [Normal]     | 97%    |   70.7ms | Welcome to Member!...
[GAMING/GAM] | YouTube  | [Normal]     | 96%    |  108.3ms | I printed the popcorn bucket but the tee...
[ENTERTAINM] | YouTube  | [Normal]     | 97%    |   86.0ms | Bro lot's of love from Nepal :red_heart:...
[ENTERTAINM] | YouTube  | [Normal]     | 91%    |   61.7ms | mrbeast give me money...
[ENTERTAINM] | YouTube  | [Normal]     | 85%    |   75.9ms | Mr beast I watch you everyday hope you s...
[GAMING/GAM] | YouTube  | [Normal]     | 86%    |   74.5ms | that's not good...
[GAMING/SUR] | YouTube  | [Normal]     | 96%    |   67.3ms | a box??...
[ENTERTAINM] | YouTube  | [Normal]     | 92%    |   63.3ms | hi MrBeast...
[GAMING/GAM] | YouTube  | [Normal]     | 96%    |   63.3ms | we have a keen eye...
[GAMING/GAM] | YouTube  | [Normal]     | 60%    |   77.7ms | LETS GOOOOOOOOOOOOOOOOOOOOOO...
[GAMING/GAM] | YouTube  | [Normal]     | 96%    |   71.4ms | hi!!...
[ENTERTAINM] | YouTube  | [Normal]     | 95%    |   52.3ms | 67...
[GAMING/GAM] | YouTube  | [Normal]     | 56%    |   87.8ms | MARK IM ABOUT TO GO SEE IORN LUNG YOU BE...
[ENTERTAINM] | YouTube  | [Normal]     | 95%    |   58.8ms | Mr best...
[MUSIC/CHIL] | YouTube  | [OFFENSIVE]  | 40%    |  135.6ms | Dream dude I can't tell if work is chasi...
[SELF-HELP/] | YouTube  | [Normal]     | 97%    |   73.1ms | I just been enlighten...
[GAMING/GAM] | YouTube  | [Normal]     | 88%    |  103.6ms | thank god I'm not on duty y'all got this...
[GAMING/GAM] | YouTube  | [Normal]     | 96%    |   81.9ms | my cat is watching very closely rn...
[ENTERTAINM] | YouTube  | [Normal]     | 96%    |   69.2ms | hiiiiiii...
[GAMING/GAM] | YouTube  | [Normal]     | 93%    |  106.7ms | man standing in stair well!!!!!!!!!...
[ENTERTAINM] | YouTube  | [OFFENSIVE]  | 56%    |  121.7ms | Funny shorts:rolling_on_the_floor_laughi...
[GAMING/GAM] | YouTube  | [Normal]     | 90%    |   58.9ms | BLINDIPLIER...
[GAMING/SUR] | YouTube  | [Normal]     | 97%    |   74.6ms | the tea is pretty solid...
[GAMING/GAM] | YouTube  | [Normal]     | 95%    |   72.4ms | Poster I’m stairwell...
[GAMING/GAM] | YouTube  | [Normal]     | 94%    |   58.0ms | Bed Mark...
[ENTERTAINM] | YouTube  | [Normal]     | 95%    |   73.7ms | noob lol...
[GAMING/GAM] | YouTube  | [Normal]     | 97%    |   67.7ms | markiplier...
[GAMING/GAM] | YouTube  | [Normal]     | 94%    |   78.8ms | Man on the dock?...
[MUSIC/CHIL] | YouTube  | [Normal]     | 98%    |   84.1ms | Dream vanakam:pillow-turquoise-hot-choco...
[ENTERTAINM] | YouTube  | [Normal]     | 88%    |   92.6ms | Your last concept are really cool ex on ...
[ENTERTAINM] | YouTube  | [Normal]     | 94%    |   80.0ms | Hi...
[GAMING/GAM] | YouTube  | [Normal]     | 88%    |   76.2ms | The door...
[GAMING/GAM] | YouTube  | [Normal]     | 97%    |   81.1ms | INTERIOR LANTERN MOVEMENT...
[GAMING/SUR] | YouTube  | [Normal]     | 97%    |  130.7ms | NGL I might play the dino game before I ...
[ENTERTAINM] | YouTube  | [Normal]     | 96%    |   70.9ms | I want money...
[GAMING/SUR] | YouTube  | [Normal]     | 80%    |   81.6ms | he needs to be rebagged...
[GAMING/GAM] | YouTube  | [Normal]     | 95%    |   94.7ms | Was the bottle always standing up? In th...
[ENTERTAINM] | YouTube  | [Normal]     | 98%    |  219.6ms | rajasthan:face-blue-smiling::face-blue-s...
[GAMING/SUR] | YouTube  | [Normal]     | 75%    |  113.4ms | is he not allowed to use guns though is ...
[GAMING/GAM] | YouTube  | [Normal]     | 94%    |   83.3ms | lanternnnn in interirorrrr...
[ENTERTAINM] | YouTube  | [Normal]     | 95%    |   74.3ms | hello...
[PSYCHOLOGY] | YouTube  | [Normal]     | 95%    |   82.6ms | EVERY REDDITOR...
[SELF-HELP/] | YouTube  | [Normal]     | 97%    |   93.0ms | Can I share this live or save it for lat...
[GAMING/GAM] | YouTube  | [Normal]     | 95%    |   70.8ms | RAILING MOVED...
[ENTERTAINM] | YouTube  | [Normal]     | 93%    |   80.3ms | l...
[GAMING/SUR] | YouTube  | [Normal]     | 96%    |   74.9ms | Wait for welyn...
[GAMING/GAM] | YouTube  | [Normal]     | 97%    |   77.6ms | 5 gallon bucket?...
[GAMING/SUR] | YouTube  | [Normal]     | 90%    |   68.0ms | No  that’s only solar...
[ENTERTAINM] | YouTube  | [Normal]     | 94%    |   57.4ms | 1...
[GAMING/GAM] | YouTube  | [Normal]     | 94%    |   56.9ms | FOG...
[GAMING/GAM] | YouTube  | [Normal]     | 93%    |  105.2ms | Just got back from the theater. Iron Lun...
[ENTERTAINM] | YouTube  | [Normal]     | 94%    |   76.5ms | 1...
[GAMING/GAM] | YouTube  | [Normal]     | 93%    |   81.3ms | Yes...
[GAMING/SUR] | YouTube  | [Normal]     | 87%    |   89.7ms | no...
[GAMING/GAM] | YouTube  | [Normal]     | 93%    |  121.2ms | HEY MARK ME AND MY GIRLFRIEND LOVE YOU S...
[ENTERTAINM] | YouTube  | [Normal]     | 92%    |   78.3ms | 1one...
[GAMING/SUR] | YouTube  | [Normal]     | 87%    |   76.6ms | no...
[GAMING/GAM] | YouTube  | [Normal]     | 93%    |   75.6ms | bedroom camera missing...
[GAMING/SUR] | YouTube  | [Normal]     | 79%    |   90.5ms | LET THE PRO DO IT...
[GAMING/GAM] | YouTube  | [Normal]     | 66%    |   79.5ms | YOUR CUPBOARD DOOR MIRK...
[ENTERTAINM] | YouTube  | [Normal]     | 94%    |   73.5ms | 2...
[ENTERTAINM] | YouTube  | [Normal]     | 52%    |  376.8ms | HAPPY FOR YOU :face-fuchsia-wide-eyes::f...
[GAMING/SUR] | YouTube  | [Normal]     | 96%    |   73.7ms | WAIT FOR WELYN...
[GAMING/SUR] | YouTube  | [Normal]     | 86%    |   66.2ms | Higher but...
[ENTERTAINM] | YouTube  | [Normal]     | 93%    |   76.4ms | Yes...
[ENTERTAINM] | YouTube  | [Normal]     | 97%    |   86.9ms | :heart_suit::heart_suit:...
[GAMING/GAM] | YouTube  | [Normal]     | 96%    |   85.8ms | Hold on have u been live for ahhhhh...
[GAMING/SUR] | YouTube  | [Normal]     | 84%    |   76.4ms | build it up...
[ENTERTAINM] | YouTube  | [Normal]     | 94%    |   78.6ms | 6...
[GAMING/SUR] | YouTube  | [Normal]     | 83%    |   68.7ms | Just wait...
[GAMING/SUR] | YouTube  | [Normal]     | 90%    |   78.9ms | wait...
[GAMING/SUR] | YouTube  | [Normal]     | 95%    |   76.4ms | ASKIN WEYLYN...
[ENTERTAINM] | YouTube  | [Normal]     | 96%    |   73.3ms | love u from Bangladesh...
[GAMING/GAM] | YouTube  | [Normal]     | 86%    |   77.9ms | intruder...
[GAMING/GAM] | YouTube  | [Normal]     | 87%    |  100.8ms | MARK YOUR LIVE DURING THE DAY HERE!!! YA...
[ENTERTAINM] | YouTube  | [Normal]     | 97%    |   80.2ms | nikooo???...
[GAMING/GAM] | YouTube  | [Normal]     | 94%    |   67.6ms | Rip...
[ENTERTAINM] | YouTube  | [Normal]     | 94%    |   64.8ms | Venezuela...
[GAMING/GAM] | YouTube  | [Normal]     | 93%    |   68.1ms | n00b hahaha...
[GAMING/GAM] | YouTube  | [Normal]     | 95%    |   57.9ms | oh hi Mark...
[GAMING/GAM] | YouTube  | [Normal]     | 90%    |   63.5ms | You nearly did it...
[GAMING/GAM] | YouTube  | [Normal]     | 91%    |   62.2ms | Noob...
[GAMING/GAM] | YouTube  | [Normal]     | 94%    |   74.5ms | his ego has consumed him...
[ENTERTAINM] | YouTube  | [Normal]     | 98%    |  114.2ms | I am big fan of your channel. I am from ...
[GAMING/GAM] | YouTube  | [Normal]     | 94%    |   68.9ms | ur my fav noob <3...
[ENTERTAINM] | YouTube  | [Normal]     | 95%    |   68.1ms | Beluga is in the chat...
[MUSIC/CHIL] | YouTube  | [Normal]     | 97%    |  146.7ms | :person-turquoise-writing-headphones::pe...
[GAMING/SUR] | YouTube  | [Normal]     | 87%    |   63.0ms | lets go...
[GAMING/GAM] | YouTube  | [Normal]     | 90%    |   78.0ms | We are the obversers  clearly....
[GAMING/SUR] | YouTube  | [Normal]     | 83%    |   60.8ms | Welyn too nice...
[GAMING/GAM] | YouTube  | [Normal]     | 95%    |   81.1ms | lmao i did notice that when i made the l...
[GAMING/GAM] | YouTube  | [Normal]     | 96%    |   58.7ms | see exactly lol...
[GAMING/GAM] | YouTube  | [Normal]     | 91%    |   64.1ms | Hahahah...
[MUSIC/CHIL] | YouTube  | [Normal]     | 97%    |   81.9ms | new job vacancy :face_with_hand_over_mou...
[GAMING/SUR] | YouTube  | [Normal]     | 95%    |   69.0ms | positive guy he is Welyb...
[ENTERTAINM] | YouTube  | [Normal]     | 96%    |   75.5ms | :folded_hands:...
[GAMING/GAM] | YouTube  | [Normal]     | 92%    |   78.3ms | camera malfunction in keeper cabin...
[ENTERTAINM] | YouTube  | [Normal]     | 97%    |  128.6ms | @Mrbeast your big fan please give me an ...
[ENTERTAINM] | YouTube  | [Normal]     | 97%    |   62.2ms | hallo...
[GAMING/GAM] | YouTube  | [Normal]     | 64%    |   64.5ms | Obversate better!...
[GAMING/SUR] | YouTube  | [Normal]     | 73%    |  113.6ms | this is what i mean.... peanut is the wo...
[ENTERTAINM] | YouTube  | [Normal]     | 98%    |  171.7ms | :red_heart::red_heart::red_heart::red_he...
[PSYCHOLOGY] | YouTube  | [Normal]     | 96%    |   73.9ms | I would've been a nun...
[PSYCHOLOGY] | YouTube  | [Normal]     | 87%    |  115.5ms | thinking you're getting canceled about u...
[ENTERTAINM] | YouTube  | [Normal]     | 96%    |   77.3ms | congratulations :party_popper::clapping_...
[GAMING/GAM] | YouTube  | [Normal]     | 91%    |   54.4ms | PERSON...
[GAMING/GAM] | YouTube  | [Normal]     | 96%    |   71.9ms | YEAAAAAHAHAHH...
[GAMING/GAM] | YouTube  | [Normal]     | 95%    |   54.6ms | YAY...
[GAMING/GAM] | YouTube  | [Normal]     | 45%    |   69.7ms | YIPPEEE...
[MUSIC/CHIL] | YouTube  | [Normal]     | 96%    |  115.1ms | @kavya-c9c1j ap kab kroge mooh dikhai...
[ENTERTAINM] | YouTube  | [Normal]     | 97%    |   68.1ms | I watched then and would totally watch t...
[GAMING/GAM] | YouTube  | [Normal]     | 94%    |   55.5ms | woot...
[ENTERTAINM] | YouTube  | [Normal]     | 98%    |  351.6ms | :text-yellow-goal::text-yellow-goal::tex...
[ENTERTAINM] | YouTube  | [Normal]     | 96%    |   52.8ms | oi...
[GAMING/GAM] | YouTube  | [Normal]     | 94%    |   83.4ms | OMFGGGG OBSERVATION DUTY?!?!?!?!...
[GAMING/GAM] | YouTube  | [Normal]     | 96%    |   77.4ms | mark does know that nothing appears unti...
[GAMING/GAM] | YouTube  | [Normal]     | 96%    |   69.4ms | what about mii side??...
[GAMING/GAM] | YouTube  | [Normal]     | 86%    |   68.2ms | THERES A PERSONNNNN...
[GAMING/GAM] | YouTube  | [Normal]     | 72%    |   73.4ms | are you gonna play the new resident evil...
[ENTERTAINM] | YouTube  | [Normal]     | 97%    |   78.9ms | :red_heart::red_heart:...
[ENTERTAINM] | YouTube  | [Normal]     | 96%    |   86.9ms | кто из русских...
[GAMING/GAM] | YouTube  | [Normal]     | 88%    |   63.5ms | mark behind you...
[GAMING/GAM] | YouTube  | [Normal]     | 91%    |   58.3ms | IRON MY LUNG MARK...
[ENTERTAINM] | YouTube  | [Normal]     | 95%    |   55.4ms | 67...
[ENTERTAINM] | YouTube  | [Normal]     | 93%    |   57.7ms | Hello Mr Beast...
[GAMING/GAM] | YouTube  | [Normal]     | 92%    |   68.5ms | WOOD FELL IN QUARTERS...
[MUSIC/CHIL] | YouTube  | [Normal]     | 95%    |   82.7ms | m bhi nhi krungi kbhi...
[GAMING/SUR] | YouTube  | [Normal]     | 96%    |   63.2ms | LMFAO...
[GAMING/SUR] | YouTube  | [Normal]     | 86%    |   64.3ms | oh nbooo...
[ENTERTAINM] | YouTube  | [Normal]     | 95%    |   61.5ms | hiiii...
[GAMING/GAM] | YouTube  | [Normal]     | 97%    |   70.4ms | 2 pipes next to each other in interior...
[GAMING/GAM] | YouTube  | [Normal]     | 98%    |  200.5ms | :face-blue-wide-eyes::face-blue-wide-eye...
[GAMING/GAM] | YouTube  | [Normal]     | 96%    |   64.1ms | its mark!!!...
[GAMING/GAM] | YouTube  | [Normal]     | 93%    |   70.5ms | IMSCARED...
[GAMING/SUR] | YouTube  | [Normal]     | 71%    |   74.8ms | It’s going to destroy your whole base...
[GAMING/GAM] | YouTube  | [Normal]     | 95%    |   58.4ms | you missed one...
[GAMING/GAM] | YouTube  | [Normal]     | 97%    |   96.4ms | did the oil lantern on the dresser at th...
[ENTERTAINM] | YouTube  | [Normal]     | 97%    |   77.0ms | Can I have a dollar?...
[ENTERTAINM] | YouTube  | [Normal]     | 94%    |   75.4ms | Minecraft...
[GAMING/GAM] | YouTube  | [Normal]     | 96%    |   81.2ms | WOOD ON FLOOR...
[ENTERTAINM] | YouTube  | [Normal]     | 94%    |   72.9ms | Now I remember it...
[MUSIC/CHIL] | YouTube  | [Normal]     | 91%    |   84.5ms | emkdhule...
[GAMING/GAM] | YouTube  | [Normal]     | 95%    |   90.6ms | 03o eyes peeled...
[ENTERTAINM] | YouTube  | [Normal]     | 97%    |  113.6ms | I'm playing Minecraft :beaming_face_with...
[ENTERTAINM] | YouTube  | [Normal]     | 96%    |   98.0ms | Hi  hi MrBeast  I am from Pakistan...
[ENTERTAINM] | YouTube  | [Normal]     | 98%    |  252.4ms | :hand-pink-waving::hand-pink-waving::han...
[GAMING/GAM] | YouTube  | [Normal]     | 95%    |   81.0ms | Why is the door open?...
[SELF-HELP/] | YouTube  | [Normal]     | 96%    |   73.9ms | 1 v Universe...
[GAMING/GAM] | YouTube  | [Normal]     | 78%    |   87.4ms | seeing is for the weak...
[ENTERTAINM] | YouTube  | [Normal]     | 95%    |   80.0ms | pin...
[ENTERTAINM] | YouTube  | [Normal]     | 95%    |   76.7ms | bro please say my name...
[GAMING/GAM] | YouTube  | [Normal]     | 95%    |   82.7ms | Was there something on the bed?...
[ENTERTAINM] | YouTube  | [Normal]     | 95%    |   85.9ms | please do something special on 500M subs...
[GAMING/GAM] | YouTube  | [Normal]     | 85%    |   80.3ms | SLIME IN THE ICE MACHINE...
[MUSIC/CHIL] | YouTube  | [HATE]       | 58%    |  116.5ms | Raggy how are u :clinking_glasses::backh...
[GAMING/GAM] | YouTube  | [Normal]     | 91%    |   96.3ms | ah yes  thats why we stopped the floodin...
[GAMING/GAM] | YouTube  | [Normal]     | 97%    |   93.2ms | i really like the new map designs...
[ENTERTAINM] | YouTube  | [Normal]     | 88%    |   90.2ms | nice :thumbs_up:...
[GAMING/GAM] | YouTube  | [Normal]     | 95%    |   76.5ms | it looks cool...
[ENTERTAINM] | YouTube  | [Normal]     | 97%    |  207.4ms | MrBeast  congrats on 500 million! As you...
[ENTERTAINM] | YouTube  | [Normal]     | 95%    |  102.8ms | been subscribes since mr beast had 30m s...
[MUSIC/CHIL] | YouTube  | [Normal]     | 98%    |  175.6ms | prasa :comet::small_blue_diamond:I'm fin...
[GAMING/GAM] | YouTube  | [Normal]     | 96%    |   97.8ms | hey mark! this is my first time catching...
[GAMING/GAM] | YouTube  | [Normal]     | 96%    |  144.3ms | @markiplier Congrats on the film man!!! ...
[GAMING/GAM] | YouTube  | [Normal]     | 91%    |   88.7ms | You’re so cool...
[GAMING/SUR] | YouTube  | [Normal]     | 89%    |   74.3ms | Consider Yourselves LUCKY...
[ENTERTAINM] | YouTube  | [Normal]     | 94%    |   77.6ms | hi Mr beast...
[ENTERTAINM] | YouTube  | [Normal]     | 96%    |   89.0ms | please give my dream phone iphone 17 Pro...
[ENTERTAINM] | YouTube  | [Normal]     | 96%    |   74.6ms | :)...
[GAMING/GAM] | YouTube  | [Normal]     | 95%    |   97.3ms | I see iron lung on Thursday January 29th...
[GAMING/GAM] | YouTube  | [Normal]     | 86%    |   78.2ms | THE FLOOR IS MISSING...
[GAMING/GAM] | YouTube  | [Normal]     | 92%    |   80.9ms | THE HANDLE IN THE INTERIOR...
[ENTERTAINM] | YouTube  | [Normal]     | 98%    |  118.7ms | help me my dream complete jimmy my dream...
[MUSIC/CHIL] | YouTube  | [Normal]     | 97%    |  108.5ms | :peach::smiling_face_with_halo::rose::al...
[GAMING/SUR] | YouTube  | [Normal]     | 96%    |   67.7ms | lol...
[GAMING/SUR] | YouTube  | [Normal]     | 92%    |   75.4ms | SHOW THE BASE...
[SELF-HELP/] | YouTube  | [Normal]     | 89%    |   81.4ms | omg dr k likes us...
[GAMING/SUR] | YouTube  | [Normal]     | 96%    |   81.0ms | M2 and ak for heli brother...
[GAMING/GAM] | YouTube  | [Normal]     | 91%    |   80.8ms | What’s under the bed??...
[GAMING/GAM] | YouTube  | [Normal]     | 96%    |   92.2ms | the second bottle is missing in the pier...
[PSYCHOLOGY] | YouTube  | [Normal]     | 66%    |  124.9ms | wasent their problem before femenism . i...
[GAMING/GAM] | YouTube  | [Normal]     | 97%    |  100.6ms | Mark looks so cool doing his lifeguard t...
[ENTERTAINM] | YouTube  | [Normal]     | 87%    |   72.4ms | heeeee...
[GAMING/GAM] | YouTube  | [Normal]     | 96%    |   81.9ms | Were the logs always on the floor?...
[ENTERTAINM] | YouTube  | [Normal]     | 98%    |  158.8ms | :hand-pink-waving::face-blue-smiling::fa...
[MUSIC/CHIL] | YouTube  | [Normal]     | 96%    |  101.1ms | emo vastadi repu ga puttey di ela vastdi...
[ENTERTAINM] | YouTube  | [Normal]     | 88%    |  102.8ms | if I could I would subscribe again :loud...
[ENTERTAINM] | YouTube  | [Normal]     | 94%    |   82.4ms | big fan of your...
[GAMING/GAM] | YouTube  | [Normal]     | 97%    |  191.4ms | Hey mark! I’m currently in the parking l...
[ENTERTAINM] | YouTube  | [Normal]     | 97%    |  131.1ms | я Армения живу в Абхазии:heart_suit::hea...
[ENTERTAINM] | YouTube  | [Normal]     | 94%    |   72.0ms | ishowspeed...
[ENTERTAINM] | YouTube  | [Normal]     | 93%    |   69.7ms | ДА...
[GAMING/GAM] | YouTube  | [Normal]     | 96%    |   79.0ms | Helloo!!!...
[GAMING/GAM] | YouTube  | [Normal]     | 63%    |   86.5ms | Le little mousetrap they say...
[ENTERTAINM] | YouTube  | [Normal]     | 70%    |   87.0ms | what is that Mr bean...
[ENTERTAINM] | YouTube  | [Normal]     | 74%    |   83.4ms | congratulation mr beast from Bangladesh...
[GAMING/GAM] | YouTube  | [OFFENSIVE]  | 82%    |   96.4ms | "I PISS IN THE YARD"...
[ENTERTAINM] | YouTube  | [Normal]     | 89%    |   83.2ms | Casey is og...
[ENTERTAINM] | YouTube  | [Normal]     | 96%    |   79.9ms | New member...
[GAMING/GAM] | YouTube  | [Normal]     | 96%    |   80.3ms | Stool  top of light house?...
[ENTERTAINM] | YouTube  | [Normal]     | 93%    |   65.3ms | gg...
[ENTERTAINM] | YouTube  | [Normal]     | 94%    |   75.8ms | hi...
[PSYCHOLOGY] | YouTube  | [Normal]     | 84%    |   93.9ms | don't have kids  anti-natalism....
[ENTERTAINM] | YouTube  | [Normal]     | 96%    |   76.9ms | tnx...
[ENTERTAINM] | YouTube  | [Normal]     | 94%    |   82.0ms | hi...
[GAMING/GAM] | YouTube  | [Normal]     | 97%    |   85.3ms | The lantern moved in the interior...
[GAMING/GAM] | YouTube  | [Normal]     | 93%    |  122.1ms | what is it like being back here playing ...
[MUSIC/CHIL] | YouTube  | [HATE]       | 84%    |   84.0ms | Raggy buy her a Barista machine...
[GAMING/GAM] | YouTube  | [Normal]     | 94%    |   87.8ms | room anomaly in middle of stairwell agai...
[ENTERTAINM] | YouTube  | [Normal]     | 97%    |  320.9ms | Translate my message. Здравствуйте я из ...
[GAMING/GAM] | YouTube  | [Normal]     | 97%    |   81.7ms | in before Markiplier nails this level...
[GAMING/SUR] | YouTube  | [Normal]     | 80%    |   72.6ms | Leroy Jenkins them...
[SELF-HELP/] | YouTube  | [Normal]     | 90%    |  177.9ms | Hey there! how are you. I have a questio...
[SPORTS/FOO] | YouTube  | [Normal]     | 96%    |  153.3ms | 일본 월요일 네덜란드랑 첫경기인걸로 아는데...
[GAMING/GAM] | YouTube  | [OFFENSIVE]  | 87%    |   96.5ms | How the fuck does he keep up with chat?...
[GAMING/GAM] | YouTube  | [Normal]     | 93%    |   82.0ms | circuit breaker!!!!...
[GAMING/GAM] | YouTube  | [Normal]     | 88%    |  121.9ms | I love observation duty but does anyone ...
[GAMING/GAM] | YouTube  | [Normal]     | 96%    |   76.5ms | fuse boxxx...
[GAMING/GAM] | YouTube  | [Normal]     | 97%    |   91.9ms | light anomoly in the lantern room...
[ENTERTAINM] | YouTube  | [Normal]     | 96%    |   70.4ms | :registered:...
[ENTERTAINM] | YouTube  | [Normal]     | 96%    |  119.2ms | Every one knows youuu:smiling_face_with_...
[ENTERTAINM] | YouTube  | [Normal]     | 96%    |   76.2ms | New member...
[ENTERTAINM] | YouTube  | [Normal]     | 94%    |   80.8ms | Hi...
[ENTERTAINM] | YouTube  | [Normal]     | 98%    |  122.1ms | :hand-pink-waving::hand-pink-waving::han...
[ENTERTAINM] | YouTube  | [Normal]     | 94%    |   76.7ms | Mr...
[ENTERTAINM] | YouTube  | [Normal]     | 95%    |   64.2ms | hii...
[GAMING/GAM] | YouTube  | [Normal]     | 96%    |   64.2ms | Pier background...
[ENTERTAINM] | YouTube  | [Normal]     | 98%    |  373.5ms | :cat-orange-whistling::cat-orange-whistl...
[GAMING/GAM] | YouTube  | [Normal]     | 94%    |   72.8ms | ITS BIG BRAIN TIME...
[ENTERTAINM] | YouTube  | [Normal]     | 98%    |  168.2ms | :hand-pink-waving::hand-pink-waving::han...
[GAMING/GAM] | YouTube  | [Normal]     | 96%    |  133.1ms | I’ve been distracted on instagram reels ...
[GAMING/GAM] | YouTube  | [Normal]     | 93%    |   82.2ms | nah mark i saw it too...
[ENTERTAINM] | YouTube  | [Normal]     | 96%    |   66.5ms | New member...
[GAMING/GAM] | YouTube  | [Normal]     | 97%    |   91.5ms | FUSE BOX in the Interior!!...
[GAMING/GAM] | YouTube  | [Normal]     | 95%    |   75.6ms | LIGHT...
[GAMING/GAM] | YouTube  | [Normal]     | 98%    |  105.0ms | :face-orange-biting-nails::face-orange-b...
[GAMING/GAM] | YouTube  | [Normal]     | 93%    |   76.8ms | WOOD...
[ENTERTAINM] | YouTube  | [Normal]     | 96%    |   60.5ms | New member...
[ENTERTAINM] | YouTube  | [Normal]     | 91%    |   70.2ms | Caseoh...
[PSYCHOLOGY] | YouTube  | [Normal]     | 92%    |   92.0ms | @SivTheScribe DO YOU REMEMBER ME...
[ENTERTAINM] | YouTube  | [Normal]     | 95%    |   86.2ms | kasimofficial94...
[ENTERTAINM] | YouTube  | [Normal]     | 95%    |   83.0ms | hello...
[ENTERTAINM] | YouTube  | [Normal]     | 96%    |   85.2ms | indiaaaa...
[MUSIC/CHIL] | YouTube  | [Normal]     | 97%    |  199.9ms | Some doctors here are guys with girls ac...
[GAMING/SUR] | YouTube  | [Normal]     | 94%    |  106.2ms | GAME NAME IS: DILLON DANIS IS NOT IN THE...
[NEWS/LIVE ] | YouTube  | [OFFENSIVE]  | 44%    |   96.0ms | You are a racist Oatmeal Toes...
[GAMING/GAM] | YouTube  | [Normal]     | 96%    |   73.5ms | mark pls...
[MUSIC/CHIL] | YouTube  | [Normal]     | 97%    |   92.5ms | Altair pedarast:smiling_face_with_tear:...
[ENTERTAINM] | YouTube  | [Normal]     | 96%    |   51.7ms | From Nepal...
[ENTERTAINM] | YouTube  | [Normal]     | 95%    |   63.4ms | shout out jimmy from Mindanao Philippine...
[GAMING/GAM] | YouTube  | [Normal]     | 96%    |   77.3ms | Mark  the FUSE BOX isn't supposed to be ...
[GAMING/SUR] | YouTube  | [Normal]     | 97%    |   66.7ms | oil...
[GAMING/SUR] | YouTube  | [Normal]     | 93%    |   63.2ms | Build...
[GAMING/SUR] | YouTube  | [Normal]     | 95%    |   61.1ms | TURRETS...
[PSYCHOLOGY] | YouTube  | [Normal]     | 91%    |   69.1ms | Gotta have a side piece...
[ENTERTAINM] | YouTube  | [Normal]     | 94%    |   56.0ms | 1...
[ENTERTAINM] | YouTube  | [Normal]     | 94%    |   51.1ms | 1...
[GAMING/SUR] | YouTube  | [Normal]     | 90%    |   62.3ms | Stay home...
[SELF-HELP/] | YouTube  | [Normal]     | 93%    |   75.4ms | DR K!!!!...
[GAMING/GAM] | YouTube  | [Normal]     | 93%    |   77.1ms | I saw it too when I played  it just happ...
[GAMING/GAM] | YouTube  | [Normal]     | 93%    |   66.6ms | YEEEE...
[GAMING/SUR] | YouTube  | [Normal]     | 67%    |   70.7ms | Rust is so lame...
[GAMING/GAM] | YouTube  | [Normal]     | 97%    |   63.4ms | Welcome New Member!...
[ENTERTAINM] | YouTube  | [Normal]     | 94%    |   52.5ms | 1...
[GAMING/SUR] | YouTube  | [Normal]     | 95%    |   79.6ms | turrets...
[MUSIC/CHIL] | YouTube  | [Normal]     | 97%    |   86.6ms | exit:smiling_face_with_tear:...
[ENTERTAINM] | YouTube  | [Normal]     | 96%    |   64.8ms | New member...
[GAMING/GAM] | YouTube  | [Normal]     | 96%    |   86.3ms | theres and extra symbol on the barrels!...
[GAMING/SUR] | YouTube  | [Normal]     | 94%    |   76.7ms | just let welyn do it...
[ENTERTAINM] | YouTube  | [Normal]     | 94%    |   75.7ms | 1...
[GAMING/SUR] | YouTube  | [Normal]     | 93%    |   84.5ms | need gun and ammo...
[ENTERTAINM] | YouTube  | [Normal]     | 94%    |   78.8ms | 1...
[GAMING/SUR] | YouTube  | [Normal]     | 87%    |  107.2ms | you've got plenty of loot for now  prepa...
[ENTERTAINM] | YouTube  | [Normal]     | 94%    |   73.3ms | Indonesia...
[GAMING/GAM] | YouTube  | [Normal]     | 89%    |   66.0ms | Yoooo...
[GAMING/GAM] | YouTube  | [Normal]     | 95%    |  142.6ms | can someone tell Mark that in the baseme...
[ENTERTAINM] | YouTube  | [Normal]     | 97%    |  102.0ms | :beaming_face_with_smiling_eyes:...
[GAMING/ESP] | YouTube  | [Normal]     | 97%    |  105.2ms | Lgd will ve a new king in dota 2!!...
[GAMING/SUR] | YouTube  | [Normal]     | 97%    |   75.9ms | Windmill gone?...
[PSYCHOLOGY] | YouTube  | [Normal]     | 78%    |   64.3ms | No way...
[ENTERTAINM] | YouTube  | [Normal]     | 93%    |   75.2ms | Lo...
[ENTERTAINM] | YouTube  | [Normal]     | 94%    |   79.1ms | MR BEAST GIVE ME 1$...
[GAMING/GAM] | YouTube  | [Normal]     | 79%    |   74.2ms | my eyes are hurting...
[PSYCHOLOGY] | YouTube  | [Normal]     | 95%    |   80.9ms | kitna bolega dr...
[GAMING/GAM] | YouTube  | [Normal]     | 96%    |   80.8ms | you have such good vibes!...
[GAMING/GAM] | YouTube  | [Normal]     | 92%    |   86.7ms | ROPE IS LOWER IN INTERIOR...
[ENTERTAINM] | YouTube  | [Normal]     | 97%    |   89.7ms | Hello :waving_hand: Mr. Beast...
[GAMING/GAM] | YouTube  | [Normal]     | 97%    |   90.6ms | lighthouse poster always there?...
[ENTERTAINM] | YouTube  | [Normal]     | 94%    |   72.7ms | hi...
[GAMING/SUR] | YouTube  | [Normal]     | 92%    |   83.3ms | u got the bp...
[GAMING/GAM] | YouTube  | [Normal]     | 96%    |   87.8ms | Fuse box is open...
[GAMING/GAM] | YouTube  | [Normal]     | 94%    |   81.1ms | extra barrel?...
[GAMING/GAM] | YouTube  | [Normal]     | 92%    |   82.4ms | interior lamp on the dresser is off...
[GAMING/GAM] | YouTube  | [Normal]     | 97%    |   82.9ms | mark what did I miss...
[MUSIC/CHIL] | YouTube  | [Normal]     | 95%    |  131.1ms | Now I wanna real beautiful girl like urs...
[MUSIC/CHIL] | YouTube  | [Normal]     | 93%    |   88.2ms | :person-blue-wheelchair-race:...
[GAMING/GAM] | YouTube  | [Normal]     | 94%    |   80.8ms | frozen window at cabin...
[GAMING/GAM] | YouTube  | [Normal]     | 98%    |  104.8ms | Is the little red oil can on the pier su...
[GAMING/GAM] | YouTube  | [Normal]     | 94%    |  100.1ms | there's a cloth missing from right next ...
[GAMING/GAM] | YouTube  | [Normal]     | 97%    |   70.3ms | I love this game...
[GAMING/GAM] | YouTube  | [Normal]     | 96%    |   64.5ms | lol...
[GAMING/GAM] | YouTube  | [Normal]     | 96%    |   67.1ms | lol...
[GAMING/GAM] | YouTube  | [Normal]     | 94%    |  132.3ms | It was my first time going to the movies...
[ENTERTAINM] | YouTube  | [Normal]     | 96%    |   82.2ms | LAST 100k!!!!!...
[GAMING/GAM] | YouTube  | [Normal]     | 97%    |   91.3ms | Extra bottle in the pier MARK PLEASE...
[SELF-HELP/] | YouTube  | [Normal]     | 71%    |  134.9ms | what's the healthy alternative to using ...
[GAMING/GAM] | YouTube  | [Normal]     | 96%    |   70.5ms | STAIRWELL RAILING MOVED...
[GAMING/GAM] | YouTube  | [Normal]     | 96%    |   76.6ms | fuse box has always been open...
[ENTERTAINM] | YouTube  | [Normal]     | 95%    |   80.3ms | wow...
[ENTERTAINM] | YouTube  | [Normal]     | 94%    |   80.2ms | Hi...
[SPORTS/FOO] | YouTube  | [Normal]     | 96%    |   69.0ms | hadir...
[GAMING/GAM] | YouTube  | [Normal]     | 97%    |  137.4ms | SRRY IM LATE I COULVE JOINED EARLIER BUT...
[GAMING/GAM] | YouTube  | [Normal]     | 95%    |   96.9ms | I think there’s extra ropes hanging inte...
[GAMING/GAM] | YouTube  | [Normal]     | 96%    |   69.7ms | THERE WAS...
[GAMING/GAM] | YouTube  | [Normal]     | 96%    |   65.9ms | stairwell pillar...
[GAMING/GAM] | YouTube  | [Normal]     | 96%    |   71.6ms | LIGHT IN THE YARD...
[ENTERTAINM] | YouTube  | [Normal]     | 98%    |  391.5ms | :face-blue-smiling::face-blue-smiling::f...
[ENTERTAINM] | YouTube  | [Normal]     | 96%    |   70.2ms | New member...
[GAMING/GAM] | YouTube  | [Normal]     | 97%    |  111.0ms | Railing behind ropes on the stairwell ca...
[GAMING/GAM] | YouTube  | [Normal]     | 94%    |   87.0ms | My goldfish brain could not...
[ENTERTAINM] | YouTube  | [Normal]     | 95%    |   78.6ms | I am carryminati...
[GAMING/GAM] | YouTube  | [Normal]     | 92%    |   81.3ms | WHAT WAS THAT...
[GAMING/GAM] | YouTube  | [Normal]     | 92%    |   76.6ms | Iron lung in Egypt??...
[ENTERTAINM] | YouTube  | [Normal]     | 95%    |   70.7ms | HIIII...
[GAMING/GAM] | YouTube  | [Normal]     | 97%    |  109.5ms | Did the bucket at the top left on the li...
[ENTERTAINM] | YouTube  | [Normal]     | 96%    |  101.3ms | yes.............
[ENTERTAINM] | YouTube  | [Normal]     | 96%    |   74.1ms | New member...
[GAMING/GAM] | YouTube  | [Normal]     | 97%    |   97.2ms | the pillar is spinning :loudly_crying_fa...
[ENTERTAINM] | YouTube  | [Normal]     | 96%    |   91.4ms | :red_heart:...
[GAMING/GAM] | YouTube  | [Normal]     | 91%    |   84.5ms | ooooh...
[ENTERTAINM] | YouTube  | [Normal]     | 89%    |   81.3ms | do you know Indonesia...
[ENTERTAINM] | YouTube  | [Normal]     | 95%    |   67.3ms | Bangladesh Please...
[MUSIC/CHIL] | YouTube  | [Normal]     | 97%    |   96.8ms | andrej bro hru:grinning_face_with_sweat:...
[GAMING/GAM] | YouTube  | [Normal]     | 49%    |   73.8ms | like a creature from Courage the Cowardl...
[ENTERTAINM] | YouTube  | [Normal]     | 95%    |   61.1ms | hello...
[MUSIC/CHIL] | YouTube  | [Normal]     | 98%    |  103.5ms | Tera chehra jb nazar aaye:face-turquoise...
[PSYCHOLOGY] | YouTube  | [Normal]     | 49%    |  112.0ms | i can thank my covert  communal  maligna...
[ENTERTAINM] | YouTube  | [Normal]     | 96%    |  164.5ms | :yt::yt::yt::yt::yt::yt::yt::yt::yt::yt:...
[ENTERTAINM] | YouTube  | [Normal]     | 97%    |   65.8ms | love from Pakistan...
[GAMING/GAM] | YouTube  | [Normal]     | 97%    |   82.0ms | the stairwell railing switched sides mar...
[GAMING/GAM] | YouTube  | [Normal]     | 98%    |   79.6ms | I miss Bob. Play a game with Bob!...
[SELF-HELP/] | YouTube  | [Normal]     | 90%    |   61.5ms | Jesus...
[GAMING/SUR] | YouTube  | [Normal]     | 55%    |   77.0ms | fix the base and go raid theirs take you...
[ENTERTAINM] | YouTube  | [Normal]     | 96%    |   78.4ms | mister best please give me gaming pc...
[GAMING/GAM] | YouTube  | [Normal]     | 95%    |   58.2ms | it moved...
[GAMING/GAM] | YouTube  | [Normal]     | 97%    |   63.8ms | 3 ropes interior...
[GAMING/GAM] | YouTube  | [Normal]     | 96%    |   76.0ms | stairwell railing moved...
[ENTERTAINM] | YouTube  | [Normal]     | 97%    |   98.0ms | PUERTO RICO EN LA CASAAAAAAAAAAAAAAAAA...
[ENTERTAINM] | YouTube  | [Normal]     | 91%    |   73.5ms | Pakistan...
[GAMING/SUR] | YouTube  | [Normal]     | 92%    |   72.0ms | RIP Roe Jogan...
[ENTERTAINM] | YouTube  | [Normal]     | 98%    |  202.3ms | :hand-pink-waving::hand-pink-waving::han...
[ENTERTAINM] | YouTube  | [Normal]     | 93%    |   98.0ms | Дай 5 тыс пж...
[GAMING/GAM] | YouTube  | [Normal]     | 80%    |   72.9ms | TOP LEFT INTRUDER...
[GAMING/GAM] | YouTube  | [Normal]     | 96%    |   75.5ms | SPINNING PILLAR IN STAIRWELL...
[GAMING/GAM] | YouTube  | [Normal]     | 94%    |   82.2ms | MARK THAT WASNT THE STAIRWELL...
[PSYCHOLOGY] | YouTube  | [Normal]     | 94%    |   99.6ms | @MuslimaxonAxrorxojayeva yep! it will im...
[ENTERTAINM] | YouTube  | [OFFENSIVE]  | 79%    |   88.0ms | Letssssss goooo Canessss...
[SELF-HELP/] | YouTube  | [Normal]     | 68%    |  120.0ms | @HealthyGamerGG how to deal with miss in...
[ENTERTAINM] | YouTube  | [Normal]     | 97%    |  178.9ms | :finger-red-number-one::finger-red-numbe...
[GAMING/GAM] | YouTube  | [Normal]     | 97%    |   72.3ms | THE MIDDLE POLE...
[ENTERTAINM] | YouTube  | [Normal]     | 95%    |   75.1ms | bro come to bangladesh...
[GAMING/GAM] | YouTube  | [Normal]     | 93%    |   70.1ms | ON THE RIGHT...
[GAMING/SUR] | YouTube  | [Normal]     | 94%    |   85.6ms | What’s peanuts McDonald’s order...
[MUSIC/CHIL] | YouTube  | [Normal]     | 98%    |  105.5ms | :face-blue-wide-eyes::face-blue-wide-eye...
[GAMING/GAM] | YouTube  | [Normal]     | 97%    |   91.6ms | Dear penthouse forum  Mark finally read ...
[ENTERTAINM] | YouTube  | [Normal]     | 95%    |  105.8ms | UUUUUUUSSSSSSSAAAAAAAAA...
[SELF-HELP/] | YouTube  | [Normal]     | 96%    |   77.8ms | science!...
[GAMING/GAM] | YouTube  | [Normal]     | 91%    |   70.3ms | top left...
[GAMING/SUR] | YouTube  | [Normal]     | 94%    |   85.0ms | DILLON DANIS BANNED FROM UFC...
[ENTERTAINM] | YouTube  | [Normal]     | 94%    |   71.5ms | HELLOOOOʻ...
[GAMING/GAM] | YouTube  | [Normal]     | 95%    |  169.9ms | Congrats on Iron Lung's success Mark!! A...
[GAMING/GAM] | YouTube  | [Normal]     | 98%    |   95.5ms | text on the box in interior has changed...
[GAMING/GAM] | YouTube  | [Normal]     | 93%    |   77.3ms | Carpetttttttt...
[GAMING/GAM] | YouTube  | [Normal]     | 97%    |   70.5ms | Fuse box open interior...
[GAMING/GAM] | YouTube  | [Normal]     | 95%    |   74.1ms | BROKEN RAILING MOVED HIGHER...
[GAMING/GAM] | YouTube  | [Normal]     | 86%    |   85.5ms | I saw the picture above the bed glitch...
[ENTERTAINM] | YouTube  | [Normal]     | 93%    |   79.1ms | Hello mr beast...
[GAMING/GAM] | YouTube  | [Normal]     | 97%    |   74.2ms | artic TURN...
[GAMING/GAM] | YouTube  | [Normal]     | 96%    |   83.4ms | WASSUP MARK...
[MUSIC/CHIL] | YouTube  | [Normal]     | 95%    |  104.4ms | prasa i was not but some people make me ...
[ENTERTAINM] | YouTube  | [Normal]     | 97%    |   75.5ms | congratulations on 500 million subscribe...
[SELF-HELP/] | YouTube  | [Normal]     | 97%    |   77.6ms | I loved the sunshine room...
[ENTERTAINM] | YouTube  | [Normal]     | 93%    |  312.7ms | :elbowcough::elbowcough::elbowcough::elb...
[NEWS/LIVE ] | YouTube  | [Normal]     | 97%    |  372.1ms | JOEY NEEDS 12 ACCOUNTS TO BEAT MAGA!!:sq...
[GAMING/GAM] | YouTube  | [Normal]     | 86%    |   80.5ms | THE spiral staircase is ominous...
[MUSIC/CHIL] | YouTube  | [Normal]     | 96%    |   82.3ms | para la residencia después...
[PSYCHOLOGY] | YouTube  | [Normal]     | 93%    |  101.2ms | when are we supposed to remind dr k abou...
[ENTERTAINM] | YouTube  | [Normal]     | 95%    |   81.8ms | HELLO GUYS...
[ENTERTAINM] | YouTube  | [Normal]     | 93%    |   94.2ms | Can someone send me some money to build ...
[ENTERTAINM] | YouTube  | [Normal]     | 93%    |   81.2ms | Malawi...
[GAMING/GAM] | YouTube  | [Normal]     | 94%    |   77.2ms | T U R N...
[MUSIC/CHIL] | YouTube  | [Normal]     | 97%    |   96.2ms | asa ho gya hai:face-green-smiling:...
[GAMING/GAM] | YouTube  | [Normal]     | 97%    |   75.3ms | The railing moved in stairwell!...
[GAMING/GAM] | YouTube  | [Normal]     | 97%    |   77.2ms | fireplace?...
[ENTERTAINM] | YouTube  | [Normal]     | 94%    |   79.6ms | hi...
[GAMING/GAM] | YouTube  | [Normal]     | 46%    |   76.6ms | DING DONG DING DONG...
[ENTERTAINM] | YouTube  | [Normal]     | 94%    |   94.8ms | 500 đi để trả lại mess...
[GAMING/GAM] | YouTube  | [Normal]     | 96%    |   89.6ms | for whom does the bell now toll...
[GAMING/GAM] | YouTube  | [Normal]     | 96%    |   62.3ms | MAP INTERIOR...
[GAMING/GAM] | YouTube  | [Normal]     | 95%    |   69.5ms | a... what...
[ENTERTAINM] | YouTube  | [Normal]     | 91%    |   61.7ms | mr beast...
[SELF-HELP/] | YouTube  | [Normal]     | 91%    |   83.0ms | @blångoesaurr just put some ribbon on yo...
[GAMING/GAM] | YouTube  | [Normal]     | 95%    |   65.3ms | WATER BENEATH DOOR INTERIOR...
[ENTERTAINM] | YouTube  | [Normal]     | 96%    |   66.3ms | New member...
[GAMING/SUR] | YouTube  | [Normal]     | 97%    |   68.0ms | 1 aelective output 2 remaining output...
[ENTERTAINM] | YouTube  | [Normal]     | 94%    |   57.6ms | CONGRATS...
[PSYCHOLOGY] | YouTube  | [Normal]     | 94%    |   73.3ms | WOAH WOAH WOAH...
[ENTERTAINM] | YouTube  | [Normal]     | 96%    |   99.4ms | Hey  i wonder  which video was the first...
[GAMING/GAM] | YouTube  | [Normal]     | 91%    |   92.5ms | MARK THE GAS CAN MOVED IN THE YARD IM TE...
[GAMING/GAM] | YouTube  | [Normal]     | 95%    |   73.5ms | Looked perfect for Kayaking  not an anom...
[GAMING/GAM] | YouTube  | [Normal]     | 90%    |   74.9ms | the broken rail in the stairwell moved...
[GAMING/GAM] | YouTube  | [Normal]     | 95%    |   66.9ms | Lav mic recommendations anyone??...
[GAMING/GAM] | YouTube  | [Normal]     | 97%    |   73.7ms | red railing on the left moved up in stai...
[PSYCHOLOGY] | YouTube  | [Normal]     | 89%    |   58.5ms | shes so cool...
[GAMING/GAM] | YouTube  | [Normal]     | 96%    |   88.0ms | Stairwell. left side railing that's brok...
[ENTERTAINM] | YouTube  | [Normal]     | 94%    |   60.4ms | cod...
[GAMING/GAM] | YouTube  | [Normal]     | 96%    |   64.0ms | RAIL MOVED MARK...
[ENTERTAINM] | YouTube  | [Normal]     | 95%    |   54.5ms | hope...
[PSYCHOLOGY] | YouTube  | [Normal]     | 97%    |   59.3ms | wild adventures...
[GAMING/GAM] | YouTube  | [Normal]     | 95%    |   65.0ms | oh  hi Mark...
[GAMING/GAM] | YouTube  | [Normal]     | 95%    |   70.4ms | Look Mark you caught one!...
[ENTERTAINM] | YouTube  | [Normal]     | 94%    |   63.6ms | gdgh...
[ENTERTAINM] | YouTube  | [Normal]     | 94%    |   74.4ms | Mr beast can I get a shoutout please...
[GAMING/SUR] | YouTube  | [Normal]     | 96%    |   67.7ms | PEANUT IS BASE BIXTCHIN...
[ENTERTAINM] | YouTube  | [Normal]     | 89%    |  133.5ms | heeeeeeeeeeeeeeeeeeeeellllllllllllllllll...
[ENTERTAINM] | YouTube  | [Normal]     | 95%    |   64.0ms | Congrats bro...
[ENTERTAINM] | YouTube  | [Normal]     | 96%    |   73.8ms | what we will have in 500 milon...
[GAMING/GAM] | YouTube  | [Normal]     | 96%    |   75.6ms | Missing object in front of map INTERIOR...
[GAMING/GAM] | YouTube  | [Normal]     | 94%    |   66.6ms | Didn't love that!...
[NEWS/LIVE ] | YouTube  | [Normal]     | 87%    |   91.6ms | lol how much time u al think u have in h...
[SELF-HELP/] | YouTube  | [Normal]     | 55%    |   84.7ms | Because only Dr. Eggman has that IQ...
[GAMING/GAM] | YouTube  | [Normal]     | 92%    |  114.6ms | Going to see Iron Lug tomorrow! So excit...
[GAMING/SUR] | YouTube  | [Normal]     | 97%    |   83.4ms | Welyn has 18k hrs who knows atp...
[GAMING/GAM] | YouTube  | [Normal]     | 97%    |   72.7ms | MOVEMENT RAILING NEAR PAINT CANS !!!...
[ENTERTAINM] | YouTube  | [Normal]     | 91%    |   56.2ms | free fire...
[GAMING/GAM] | YouTube  | [Normal]     | 95%    |   70.3ms | MISSING OBJECT ON THE RIGHT DESK IN INTE...
[GAMING/GAM] | YouTube  | [Normal]     | 94%    |   97.7ms | i saw someone at the top left of the scr...
[GAMING/GAM] | YouTube  | [Normal]     | 95%    |   77.9ms | IT USED TO BE ON THE BOTTOM...
[ENTERTAINM] | YouTube  | [Normal]     | 70%    |   81.3ms | Mr Beast say Kurdistan Iraq...
[GAMING/GAM] | YouTube  | [Normal]     | 92%    |   72.3ms | GAURD rail movedddd...
[ENTERTAINM] | YouTube  | [Normal]     | 98%    |  124.0ms | :palm_tree::palm_tree::sheaf_of_rice::sh...
[ENTERTAINM] | YouTube  | [Normal]     | 94%    |   73.8ms | WHAAAAAAAAAAT...
[GAMING/GAM] | YouTube  | [Normal]     | 77%    |  108.2ms | So have we already talked about how Iron...
[GAMING/GAM] | YouTube  | [Normal]     | 96%    |   63.8ms | Earthquake!...
[ENTERTAINM] | YouTube  | [Normal]     | 96%    |   64.8ms | hiiiiiiiiijans...
[SELF-HELP/] | YouTube  | [Normal]     | 92%    |   73.2ms | yt chat is superior...
[GAMING/GAM] | YouTube  | [Normal]     | 95%    |   89.1ms | smoke in yard by house mark!!!...
[ENTERTAINM] | YouTube  | [Normal]     | 94%    |   61.1ms | hi...
[GAMING/GAM] | YouTube  | [Normal]     | 96%    |   83.6ms | extra object light house top...
[ENTERTAINM] | YouTube  | [Normal]     | 94%    |   71.1ms | hhhii...
[ENTERTAINM] | YouTube  | [Normal]     | 93%    |  101.3ms | Im 10 pls notice mine Im from pakistan...
[GAMING/GAM] | YouTube  | [Normal]     | 87%    |   71.4ms | WOOOOOOO...
[SPORTS/FOO] | YouTube  | [Normal]     | 90%    |   80.8ms | ㅋㅋㅋㅋ...
[ENTERTAINM] | YouTube  | [Normal]     | 97%    |  102.8ms | Egor privet a Veronika dyra:red_heart:...
[ENTERTAINM] | YouTube  | [Normal]     | 96%    |  111.3ms | привет слава Україні...
[ENTERTAINM] | YouTube  | [Normal]     | 95%    |   99.5ms | acomerlaaaa!!!!!...
[ENTERTAINM] | YouTube  | [Normal]     | 92%    |   70.1ms | GIVE ME PC...
[ENTERTAINM] | YouTube  | [HATE]       | 46%    |  372.7ms | :face-fuchsia-wide-eyes::face-fuchsia-wi...
[ENTERTAINM] | YouTube  | [Normal]     | 93%    |   80.1ms | omg...
[ENTERTAINM] | YouTube  | [Normal]     | 94%    |  134.3ms | @MrBeast ur the best youtuber i really l...
[ENTERTAINM] | YouTube  | [Normal]     | 95%    |   71.1ms | Husnain...
[MUSIC/CHIL] | YouTube  | [Normal]     | 96%    |   85.1ms | :slightly_smiling_face:...
[ENTERTAINM] | YouTube  | [Normal]     | 90%    |   82.9ms | yooooo @MrBeast...
[GAMING/GAM] | YouTube  | [Normal]     | 95%    |   71.3ms | yooo...
[GAMING/GAM] | YouTube  | [Normal]     | 95%    |   71.8ms | Xd...
[GAMING/GAM] | YouTube  | [Normal]     | 98%    |   93.0ms | :medal-yellow-first-red:...
[ENTERTAINM] | YouTube  | [Normal]     | 92%    |   88.9ms | Now nobody can message me...
[GAMING/GAM] | YouTube  | [Normal]     | 91%    |   77.5ms | yeahhhhhhh...
[ENTERTAINM] | YouTube  | [Normal]     | 96%    |   79.5ms | betaaaa...
[ENTERTAINM] | YouTube  | [Normal]     | 97%    |  265.5ms | :triangular_flag::triangular_flag::trian...
[GAMING/GAM] | YouTube  | [Normal]     | 95%    |   73.3ms | airpain!...
[SELF-HELP/] | YouTube  | [Normal]     | 97%    |   90.9ms | The Big Short has been in my algorithm l...
[SELF-HELP/] | YouTube  | [Normal]     | 96%    |   67.0ms | good movie...
[GAMING/SUR] | YouTube  | [Normal]     | 86%    |  133.9ms | peanut asks the rust pro what he should ...
[GAMING/GAM] | YouTube  | [Normal]     | 94%    |   75.9ms | YAY LETS GO...
[GAMING/GAM] | YouTube  | [Normal]     | 93%    |   77.3ms | iron lung was so good...
[GAMING/GAM] | YouTube  | [Normal]     | 94%    |   82.1ms | okay thanks for catching me up on it...
[PSYCHOLOGY] | YouTube  | [Normal]     | 91%    |   82.0ms | @ArlichVomalites nice...
[GAMING/GAM] | YouTube  | [Normal]     | 95%    |   90.3ms | I haven't watched it because of snow :(...
[ENTERTAINM] | YouTube  | [Normal]     | 95%    |   85.9ms | u have 500 mil button?...
[GAMING/SUR] | YouTube  | [Normal]     | 87%    |   73.4ms | no...
[GAMING/GAM] | YouTube  | [Normal]     | 68%    |  121.8ms | anyone ever tell you  you look like the ...
[ENTERTAINM] | YouTube  | [Normal]     | 92%    |   71.1ms | congrulation...
[ENTERTAINM] | YouTube  | [Normal]     | 93%    |   92.0ms | hello mrbeast!...
[GAMING/GAM] | YouTube  | [Normal]     | 96%    |  105.0ms | I just came back from watching Iron Lung...
[SPORTS/FOO] | YouTube  | [Normal]     | 97%    |  169.8ms | BLUE LOCK! BLUE LOCK! BLUE LOCK! BLUE LO...
[GAMING/GAM] | YouTube  | [Normal]     | 96%    |  122.6ms | NIRAMI ANIMATED FANART OF IRON LUNG  I J...
[MUSIC/CHIL] | YouTube  | [Normal]     | 98%    |  170.6ms | Kejti :comet::small_blue_diamond: I'm no...
[GAMING/SUR] | YouTube  | [Normal]     | 93%    |   81.8ms | omg please fix please...
[GAMING/GAM] | YouTube  | [Normal]     | 97%    |   77.2ms | DVD mark ???...
[GAMING/GAM] | YouTube  | [Normal]     | 97%    |  102.6ms | I've seen some real cool fan art...
[MUSIC/CHIL] | YouTube  | [HATE]       | 63%    |   81.4ms | Raggy and??...
[GAMING/GAM] | YouTube  | [Normal]     | 94%    |   88.7ms | ARE THERE GOING TO BE DVDS...
[GAMING/SUR] | YouTube  | [Normal]     | 93%    |   68.4ms | right click...
[GAMING/GAM] | YouTube  | [Normal]     | 78%    |   76.2ms | can you get it to Mexico...
[ENTERTAINM] | YouTube  | [Normal]     | 95%    |   82.4ms | iii iii iii ISI not...
[GAMING/GAM] | YouTube  | [Normal]     | 95%    |  121.8ms | I love you mark!!!!!!!!!!!!!!!!...
[GAMING/GAM] | YouTube  | [Normal]     | 94%    |  143.7ms | I was going to see it with my girlfriend...
[GAMING/GAM] | YouTube  | [Normal]     | 97%    |   77.1ms | Watched it today… amazing experience...
[GAMING/GAM] | YouTube  | [Normal]     | 95%    |   74.3ms | Can I get it in the Mariana Trench?...
[SELF-HELP/] | YouTube  | [Normal]     | 97%    |   62.3ms | ignorance is bliss?...
[ENTERTAINM] | YouTube  | [Normal]     | 94%    |   53.3ms | hi...
[ENTERTAINM] | YouTube  | [Normal]     | 98%    |  364.6ms | :hand-pink-waving::hand-pink-waving::han...
[GAMING/GAM] | YouTube  | [Normal]     | 95%    |   72.5ms | olympics too! lol...
[GAMING/GAM] | YouTube  | [Normal]     | 95%    |  142.6ms | I can't wait to stream it :red_heart: I'...
[GAMING/GAM] | YouTube  | [Normal]     | 96%    |   65.3ms | game shmame...
[GAMING/GAM] | YouTube  | [Normal]     | 90%    |   66.0ms | mark do you like bad bunny?...
[GAMING/GAM] | YouTube  | [Normal]     | 88%    |   51.8ms | Ouch...
[GAMING/SUR] | YouTube  | [Normal]     | 47%    |   59.0ms | a leeever...
[ENTERTAINM] | YouTube  | [Normal]     | 94%    |   68.0ms | 50000 PEOPLE LEFT...
[GAMING/SUR] | YouTube  | [Normal]     | 95%    |   71.9ms | GOD BLESS WELYNS PATIENCE...
[GAMING/GAM] | YouTube  | [Normal]     | 96%    |   52.4ms | Airplane time...
[ENTERTAINM] | YouTube  | [Normal]     | 97%    |   64.3ms | :waving_hand:...
[GAMING/GAM] | YouTube  | [Normal]     | 65%    |   92.5ms | You cant legally talk about the bowl of ...
[GAMING/GAM] | YouTube  | [Normal]     | 97%    |   79.7ms | did you see the second cup?...
[PSYCHOLOGY] | YouTube  | [Normal]     | 85%    |  118.9ms | Actually what I realized is I really tru...
[ENTERTAINM] | YouTube  | [Normal]     | 97%    |   72.8ms | yoyoyoyo Mr. beastie...
[GAMING/GAM] | YouTube  | [Normal]     | 87%    |   56.9ms | gamma too low...
[ENTERTAINM] | YouTube  | [Normal]     | 95%    |   59.2ms | let's go...
[GAMING/GAM] | YouTube  | [Normal]     | 94%    |   65.0ms | Mark yell at me...
[ENTERTAINM] | YouTube  | [Normal]     | 77%    |   75.3ms | You are the Best YouTuber...
[GAMING/GAM] | YouTube  | [Normal]     | 94%    |   57.6ms | bottom right...
[GAMING/SUR] | YouTube  | [Normal]     | 95%    |   53.2ms | hello all...
[ENTERTAINM] | YouTube  | [Normal]     | 91%    |   67.5ms | congretchulation Mr beans...
[ENTERTAINM] | YouTube  | [Normal]     | 95%    |   71.7ms | :loudly_crying_face:...
[GAMING/SUR] | YouTube  | [Normal]     | 97%    |   95.9ms | Escape from Peanut Compound:face-blue-sm...
[GAMING/GAM] | YouTube  | [Normal]     | 94%    |   81.7ms | when does Iron Lung come to streaming?...
[ENTERTAINM] | YouTube  | [Normal]     | 97%    |   63.0ms | been here since 50 mil...
[ENTERTAINM] | YouTube  | [Normal]     | 97%    |   77.5ms | from Bangladesh mr best love you :heart_...
[ENTERTAINM] | YouTube  | [Normal]     | 95%    |   68.9ms | im your big fan sir...
[ENTERTAINM] | YouTube  | [Normal]     | 88%    |   74.9ms | do you watch soccer...
[GAMING/GAM] | YouTube  | [Normal]     | 89%    |   87.0ms | why is there a camrea in the bathroom?!...
[GAMING/SUR] | YouTube  | [Normal]     | 88%    |   80.0ms | NO NO NO NO WHY DID YOU REDEEM IT...
[ENTERTAINM] | YouTube  | [Normal]     | 96%    |   75.6ms | mr beast can you sponsor to build my hou...
[ENTERTAINM] | YouTube  | [Normal]     | 93%    |   67.1ms | when 1B subs...
[ENTERTAINM] | YouTube  | [Normal]     | 98%    |   81.2ms | :hand-pink-waving:...
[GAMING/GAM] | YouTube  | [Normal]     | 94%    |   87.2ms | OMG HES OUTSIDE THE WINDOW AT THE GATE. ...
[GAMING/GAM] | YouTube  | [Normal]     | 97%    |   64.5ms | image change!...
[PSYCHOLOGY] | YouTube  | [Normal]     | 97%    |  120.0ms | I know I have stuff I love in the world ...
[GAMING/GAM] | YouTube  | [Normal]     | 92%    |   74.8ms | carbage missing in wc...
[GAMING/GAM] | YouTube  | [Normal]     | 96%    |   75.7ms | were there always shoes under the seat?...
[GAMING/GAM] | YouTube  | [Normal]     | 90%    |   78.4ms | BANNED BY THE SOCIAL SECURITY NUMBER LMA...
[ENTERTAINM] | YouTube  | [Normal]     | 95%    |   59.2ms | hello...
[GAMING/SUR] | YouTube  | [Normal]     | 96%    |   77.1ms | You would absolutely love Ark Ascended P...
[ENTERTAINM] | YouTube  | [Normal]     | 96%    |   81.8ms | hi ive been subscribed since 300k...
[GAMING/GAM] | YouTube  | [Normal]     | 96%    |   66.9ms | poster on right in business class is ext...
[ENTERTAINM] | YouTube  | [Normal]     | 97%    |  227.1ms | please jimmy give me 10 milion dollar :f...
[GAMING/GAM] | YouTube  | [Normal]     | 93%    |   57.3ms | poop in toilet...
[GAMING/GAM] | YouTube  | [Normal]     | 87%    |   61.3ms | SOMEONE SHAT IN THE TOILET...
[NEWS/LIVE ] | YouTube  | [Normal]     | 90%    |   76.4ms | BLACK FATIGUE EVEN HIS PARENTS...
[ENTERTAINM] | YouTube  | [Normal]     | 93%    |   72.6ms | :buffering:...
[GAMING/GAM] | YouTube  | [Normal]     | 97%    |   84.6ms | Heart has been moved.... By you...
[GAMING/GAM] | YouTube  | [Normal]     | 93%    |   51.7ms | It was...
[ENTERTAINM] | YouTube  | [Normal]     | 95%    |   59.8ms | 67...
[ENTERTAINM] | YouTube  | [Normal]     | 94%    |   56.3ms | hi...
[ENTERTAINM] | YouTube  | [Normal]     | 96%    |   67.1ms | 10000$ please...
[GAMING/GAM] | YouTube  | [Normal]     | 96%    |   73.7ms | Longer catwalk!!...
[ENTERTAINM] | YouTube  | [Normal]     | 78%    |   57.3ms | you are the best...
[GAMING/GAM] | YouTube  | [Normal]     | 96%    |   65.8ms | B class pic on wall??...
[GAMING/GAM] | YouTube  | [Normal]     | 90%    |   78.1ms | i picked the wrong corner i guess...
[GAMING/SUR] | YouTube  | [Normal]     | 95%    |   72.3ms | check lobby boxes...
[ENTERTAINM] | YouTube  | [Normal]     | 97%    |  101.5ms | Can you sing us your favorite song :smil...
[ENTERTAINM] | YouTube  | [Normal]     | 97%    |   76.8ms | I LOVE NOLANS MOM...
[MUSIC/CHIL] | YouTube  | [Normal]     | 95%    |   83.2ms | sis kya kr rhi...
[GAMING/GAM] | YouTube  | [Normal]     | 89%    |   69.3ms | Resident evil 4 Remake...
[GAMING/GAM] | YouTube  | [Normal]     | 77%    |   69.9ms | DEAD SPACE MOVIE...
[GAMING/GAM] | YouTube  | [Normal]     | 91%    |   55.8ms | hey boss...
[GAMING/GAM] | YouTube  | [Normal]     | 93%    |   51.7ms | OH...
[PSYCHOLOGY] | YouTube  | [Normal]     | 97%    |  123.6ms | bro if we had livestreams like this with...
[GAMING/GAM] | YouTube  | [Normal]     | 96%    |   62.8ms | Secret item...
[GAMING/SUR] | YouTube  | [Normal]     | 96%    |   68.3ms | cameras up top 2nd box...
[MUSIC/CHIL] | YouTube  | [Normal]     | 98%    |   99.8ms | :face-blue-wide-eyes::face-blue-wide-eye...
[GAMING/GAM] | YouTube  | [Normal]     | 98%    |   84.4ms | The lights on the panal changed...
[GAMING/GAM] | YouTube  | [Normal]     | 87%    |   65.7ms | Ban Ban!...
[GAMING/GAM] | YouTube  | [Normal]     | 96%    |   68.3ms | door opened in business...
[GAMING/GAM] | YouTube  | [Normal]     | 96%    |   69.7ms | The lights in business...
[GAMING/SUR] | YouTube  | [Normal]     | 92%    |   90.5ms | I CAN'T FIND THE MINECRAFT MOD CALLED RU...
[PSYCHOLOGY] | YouTube  | [Normal]     | 93%    |  112.3ms | sometimes I feel like the small triggers...
[GAMING/GAM] | YouTube  | [Normal]     | 95%    |   75.1ms | There are extra donuts no?...
[GAMING/GAM] | YouTube  | [Normal]     | 89%    |   73.5ms | Camera malfunction in bathroom...
[GAMING/GAM] | YouTube  | [Normal]     | 98%    |   70.7ms | Flowers in vase...
[GAMING/GAM] | YouTube  | [Normal]     | 96%    |   80.5ms | what about the green lights in business ...
[SPORTS/FOO] | YouTube  | [Normal]     | 95%    |  101.8ms | 언제인지 모르고 평가전같음...
[ENTERTAINM] | YouTube  | [Normal]     | 97%    |  116.0ms | 30000 beast to come :partying_face::part...
[ENTERTAINM] | YouTube  | [Normal]     | 81%    |   63.9ms | IM QUIT...
[ENTERTAINM] | YouTube  | [Normal]     | 94%    |  125.5ms | Can you give us a hint on what ur doing ...
[GAMING/GAM] | YouTube  | [Normal]     | 88%    |   67.4ms | INTRUDER TOP LEFT...
[GAMING/GAM] | YouTube  | [Normal]     | 91%    |   56.9ms | oh no oH NO...
[ENTERTAINM] | YouTube  | [Normal]     | 94%    |   52.5ms | gvd...
[ENTERTAINM] | YouTube  | [Normal]     | 96%    |   68.2ms | New member...
[GAMING/GAM] | YouTube  | [OFFENSIVE]  | 95%    |  139.6ms | holy crap I made it to my first stream! ...
[MUSIC/CHIL] | YouTube  | [Normal]     | 98%    |  145.8ms | Prasa :cat_with_tears_of_joy::rolling_on...
[GAMING/GAM] | YouTube  | [Normal]     | 96%    |   65.9ms | whoa!!!...
[GAMING/GAM] | YouTube  | [Normal]     | 96%    |   63.3ms | Purse on seat...
[ENTERTAINM] | YouTube  | [Normal]     | 98%    |  388.6ms | :hand-green-crystal-ball::hand-green-cry...
[GAMING/GAM] | YouTube  | [Normal]     | 92%    |   97.2ms | the lights on the walkway at the gate wh...
[GAMING/GAM] | YouTube  | [Normal]     | 92%    |   92.4ms | I was gonna call the poster out in busin...
[NEWS/LIVE ] | YouTube  | [Normal]     | 43%    |   80.4ms | Its poor people robbing you...
[GAMING/SUR] | YouTube  | [Normal]     | 89%    |   60.2ms | Lesgi...
[GAMING/SUR] | YouTube  | [Normal]     | 95%    |   61.6ms | 1st...
[GAMING/SUR] | YouTube  | [Normal]     | 96%    |   78.9ms | 20 seconds is toe tickling ngl...
[GAMING/SUR] | YouTube  | [Normal]     | 69%    |   69.2ms | Like ya do...
[PSYCHOLOGY] | YouTube  | [HATE]       | 52%    |   77.5ms | streamers are never late...
[GAMING/SUR] | YouTube  | [Normal]     | 84%    |   90.7ms | Can u guys hear anything??????...
[GAMING/SUR] | YouTube  | [Normal]     | 94%    |   64.4ms | New into...
[GAMING/SUR] | YouTube  | [Normal]     | 97%    |  132.1ms | StreamElements bot running :robot: - Lea...
[GAMING/SUR] | YouTube  | [Normal]     | 94%    |   72.1ms | LOLOLOLOL...
[GAMING/SUR] | YouTube  | [Normal]     | 91%    |   80.5ms | LETS FKN GFOOOOOOOOO...
[GAMING/SUR] | YouTube  | [Normal]     | 90%    |   64.1ms | Sick intro Johnny cash...
[NEWS/LIVE ] | YouTube  | [Normal]     | 97%    |   68.4ms | a code of conduct...
[GAMING/SUR] | YouTube  | [Normal]     | 80%    |   86.1ms | NO SLEEP TILL BUNGLYN!!!!!!!!!!...
[GAMING/SUR] | YouTube  | [Normal]     | 86%    |   75.9ms | from a "6" pack of tacos? weak...
[GAMING/SUR] | YouTube  | [Normal]     | 86%    |   73.4ms | Yaehhhhhhh...
[NEWS/LIVE ] | YouTube  | [Normal]     | 98%    |   93.8ms | Even animals and birds have their own ho...
[MUSIC/CHIL] | YouTube  | [Normal]     | 97%    |  145.1ms | kya to phir kyu abhi purani batei soch r...
[GAMING/SUR] | YouTube  | [Normal]     | 90%    |   65.8ms | they did...
[GAMING/SUR] | YouTube  | [Normal]     | 94%    |  116.4ms | Yeah gingy did 20 hours on 30 minutes sl...
[SELF-HELP/] | YouTube  | [Normal]     | 97%    |   77.5ms | it's pretty quiet until stream starts...
[MUSIC/CHIL] | YouTube  | [Normal]     | 96%    |   68.0ms | Shivani hy...
[GAMING/SUR] | YouTube  | [Normal]     | 92%    |   65.2ms | gingy dropped 20 hours today...
[GAMING/SUR] | YouTube  | [Normal]     | 72%    |  128.1ms | Gingy is insane idk if I could stay up 2...
[MUSIC/CHIL] | YouTube  | [Normal]     | 97%    |   92.8ms | Ayeee :smiling_face_with_sunglasses:...
[MUSIC/CHIL] | YouTube  | [Normal]     | 97%    |  112.7ms | Bhaskar nenu mik telusaa sir :grinning_f...
[GAMING/SUR] | YouTube  | [Normal]     | 97%    |   66.5ms | H20 :red_heart:...
[GAMING/SUR] | YouTube  | [Normal]     | 95%    |   71.3ms | delirious...
[GAMING/SUR] | YouTube  | [Normal]     | 96%    |   69.1ms | Vanoss crew og member...
[NEWS/LIVE ] | YouTube  | [Normal]     | 96%    |  109.3ms | and you said IQ:face-green-smiling::body...
[NEWS/LIVE ] | YouTube  | [Normal]     | 96%    |  136.9ms | :oncoming_fist::beer_mug::left_facing_fi...
[GAMING/SUR] | YouTube  | [Normal]     | 87%    |   71.4ms | Is this called addiction on games?hahaha...
[NEWS/LIVE ] | YouTube  | [Normal]     | 94%    |   90.4ms | nobody wants to be commie:cat-orange-whi...
[GAMING/SUR] | YouTube  | [Normal]     | 47%    |   64.3ms | them furnaces gonna be empty...
[GAMING/SUR] | YouTube  | [Normal]     | 67%    |   78.0ms | Wheel is at Bandit Campt...
[GAMING/SUR] | YouTube  | [Normal]     | 94%    |  180.6ms | Yesssss POKERRRR NIGHTTTT :_PeanutJork::...
[MUSIC/CHIL] | YouTube  | [Normal]     | 97%    |  158.5ms | Suz is my fpf better now?:face_with_tear...
[NEWS/LIVE ] | YouTube  | [Normal]     | 96%    |   69.3ms | THE TANK IS CLEAN?...
[MUSIC/CHIL] | YouTube  | [Normal]     | 97%    |  110.1ms | murr who is he in dp :cat_with_tears_of_...
[MUSIC/CHIL] | YouTube  | [Normal]     | 91%    |   77.1ms | before now :zany_face:...
[GAMING/SUR] | YouTube  | [Normal]     | 54%    |   71.5ms | cracky has a bobcat...
[GAMING/SUR] | YouTube  | [Normal]     | 94%    |   65.7ms | On the ground...
[GAMING/SUR] | YouTube  | [HATE]       | 39%    |  111.9ms | you gonna be shittin and poopin and poop...
[GAMING/SUR] | YouTube  | [Normal]     | 94%    |   87.4ms | wheel is on ground floor in one of the c...
[GAMING/SUR] | YouTube  | [Normal]     | 96%    |   66.0ms | It’s ground level...
[GAMING/SUR] | YouTube  | [Normal]     | 78%    |   61.1ms | no way...
[MUSIC/CHIL] | YouTube  | [Normal]     | 97%    |  119.1ms | fir hero ki entry hogi fir hero bachayeg...
[MUSIC/CHIL] | YouTube  | [Normal]     | 88%    |   64.7ms | Stranger net slow...
[GAMING/SUR] | YouTube  | [Normal]     | 94%    |   51.2ms | PRG...
[PSYCHOLOGY] | YouTube  | [Normal]     | 96%    |  103.5ms | I loved your deep dive into psychoanalis...
[GAMING/SUR] | YouTube  | [Normal]     | 94%    |   63.5ms | PEANUT NUTS!...
[PSYCHOLOGY] | YouTube  | [Normal]     | 82%    |   77.6ms | What even is mental health...
[GAMING/SUR] | YouTube  | [Normal]     | 95%    |   62.0ms | 3  5  10...
[PSYCHOLOGY] | YouTube  | [Normal]     | 95%    |   76.5ms | When is the mobile app coming Dr K?...
[GAMING/SUR] | YouTube  | [Normal]     | 96%    |   73.3ms | WERE WINNING BIG THIS TIME...
[GAMING/SUR] | YouTube  | [Normal]     | 96%    |   63.8ms | Invite HJune...
[MUSIC/CHIL] | YouTube  | [Normal]     | 98%    |  117.5ms | I see now.. :face_with_tears_of_joy: tha...
[GAMING/SUR] | YouTube  | [Normal]     | 96%    |   65.7ms | another day in vegas...
[GAMING/SUR] | YouTube  | [Normal]     | 90%    |  109.2ms | :_LetsRide::_LetsRide::_LetsRide::_LetsR...
[MUSIC/CHIL] | YouTube  | [Normal]     | 98%    |   83.9ms | marriage :face_with_tears_of_joy:...
[GAMING/SUR] | YouTube  | [OFFENSIVE]  | 97%    |  109.7ms | Damn . i bet he hasnt even slept yet .. ...
[GAMING/SUR] | YouTube  | [Normal]     | 91%    |   56.6ms | w...
[PSYCHOLOGY] | YouTube  | [Normal]     | 96%    |   94.7ms | Ye  true love is hilarious. You can love...
[PSYCHOLOGY] | YouTube  | [Normal]     | 90%    |  141.7ms | Anima and animus  when they are represse...
[GAMING/SUR] | YouTube  | [Normal]     | 94%    |   90.5ms | Would you ever consider playing Tarkov a...
[GAMING/SUR] | YouTube  | [Normal]     | 95%    |   53.3ms | wow...
[GAMING/SUR] | YouTube  | [Normal]     | 65%    |   57.5ms | Lets goo...
[GAMING/SUR] | YouTube  | [Normal]     | 96%    |   62.4ms | lol...
[GAMING/SUR] | YouTube  | [Normal]     | 96%    |   79.1ms | I've seen that look at the casino...
[GAMING/SUR] | YouTube  | [Normal]     | 95%    |   69.4ms | Well that's gambling...
[GAMING/SUR] | YouTube  | [Normal]     | 91%    |   57.6ms | W...
[GAMING/SUR] | YouTube  | [Normal]     | 94%    |   56.0ms | RIP...
[GAMING/SUR] | YouTube  | [Normal]     | 94%    |   51.6ms | stand...
[PSYCHOLOGY] | YouTube  | [Normal]     | 94%    |   78.3ms | !relationship \@Saurora6...
[GAMING/SUR] | YouTube  | [Normal]     | 93%    |   60.5ms | Yes...
[SELF-HELP/] | YouTube  | [Normal]     | 84%    |   81.3ms | All hatred begins with Self-hatred!...
[GAMING/SUR] | YouTube  | [Normal]     | 92%    |   77.2ms | That’s like 00...
[NEWS/LIVE ] | YouTube  | [Normal]     | 92%    |   98.4ms | it's meant to be a party for beleiverss ...
[SELF-HELP/] | YouTube  | [Normal]     | 94%    |   81.8ms | LIKE THE STREAM BOIIIS!!...
[GAMING/SUR] | YouTube  | [Normal]     | 94%    |   56.8ms | 1 INCOMING...
[MUSIC/CHIL] | YouTube  | [Normal]     | 96%    |   73.0ms | shivu aaj spneme kl?...
[ENTERTAINM] | YouTube  | [Normal]     | 93%    |   54.2ms | Bro how...
[ENTERTAINM] | YouTube  | [Normal]     | 94%    |   58.7ms | jimmy...
[ENTERTAINM] | YouTube  | [Normal]     | 92%    |   57.0ms | h...
[MUSIC/CHIL] | YouTube  | [Normal]     | 97%    |  110.5ms | @kavya-c9c1j kis se kre baate kon h apna...
[ENTERTAINM] | YouTube  | [Normal]     | 88%    |   69.9ms | YOOOOOOOOOOOOOOO...
[MUSIC/CHIL] | YouTube  | [Normal]     | 96%    |   92.8ms | Vani vhi kab h :thinking_face:...
[ENTERTAINM] | YouTube  | [Normal]     | 95%    |   73.9ms | Emm......
[GAMING/SUR] | YouTube  | [Normal]     | 80%    |   71.0ms | Scrap the base and gamble that...
[GAMING/GAM] | YouTube  | [Normal]     | 96%    |   74.7ms | IRON LUNG 2 CONFIRMED?...
[GAMING/GAM] | YouTube  | [Normal]     | 96%    |   63.6ms | HIIIIIII...
[GAMING/GAM] | YouTube  | [Normal]     | 94%    |   99.8ms | guys its my birthday on the 12th and im ...
[ENTERTAINM] | YouTube  | [Normal]     | 95%    |   64.6ms | Hiii...
[GAMING/GAM] | YouTube  | [Normal]     | 93%    |   70.8ms | PEAKKKK...
[GAMING/SUR] | YouTube  | [Normal]     | 93%    |   71.0ms | he was lying y'all...
[GAMING/GAM] | YouTube  | [Normal]     | 88%    |   67.9ms | HEYYY GUYS...
[ENTERTAINM] | YouTube  | [Normal]     | 96%    |   80.9ms | мистэр бист...
[ENTERTAINM] | YouTube  | [Normal]     | 95%    |   57.6ms | ผมให้เงินเลย 100 000 บาท...
[GAMING/GAM] | YouTube  | [Normal]     | 95%    |   56.4ms | obversation...
[ENTERTAINM] | YouTube  | [Normal]     | 96%    |   57.1ms | lol...
[ENTERTAINM] | YouTube  | [Normal]     | 95%    |   51.1ms | hiii...
[GAMING/GAM] | YouTube  | [Normal]     | 97%    |   66.3ms | hiiiii marrkkkk...
[ENTERTAINM] | YouTube  | [Normal]     | 97%    |   96.6ms | :red_heart::red_heart::red_heart::red_he...
[GAMING/GAM] | YouTube  | [Normal]     | 95%    |   73.8ms | hello!!!!...
[GAMING/GAM] | YouTube  | [Normal]     | 87%    |   70.3ms | WOOOOOOO...
[ENTERTAINM] | YouTube  | [Normal]     | 98%    |  112.6ms | :hand-pink-waving::hand-pink-waving::han...
[ENTERTAINM] | YouTube  | [Normal]     | 90%    |   56.7ms | the beast king...
[ENTERTAINM] | YouTube  | [Normal]     | 95%    |   53.6ms | mister...
[LIFESTYLE/] | YouTube  | [Normal]     | 97%    |   98.6ms | ahh sounds good :beaming_face_with_smili...
[ENTERTAINM] | YouTube  | [Normal]     | 98%    |   88.5ms | :rocket-red-countdown-liftoff:...
[GAMING/GAM] | YouTube  | [Normal]     | 96%    |   66.3ms | What perfect timing is this XD...
[MUSIC/CHIL] | YouTube  | [Normal]     | 97%    |  107.8ms | ai văzut vreo fantomă?:face_with_rolling...
[PSYCHOLOGY] | YouTube  | [Normal]     | 93%    |   60.6ms | loosely...
[GAMING/GAM] | YouTube  | [Normal]     | 95%    |   68.8ms | hii markkkkk...
[GAMING/GAM] | YouTube  | [Normal]     | 94%    |  134.5ms | HI MARK!!!!!!! Congrats on your movie!!!...
[GAMING/GAM] | YouTube  | [Normal]     | 92%    |   53.9ms | its me...
[ENTERTAINM] | YouTube  | [Normal]     | 98%    |  149.3ms | :face-blue-wide-eyes::face-blue-wide-eye...
[GAMING/GAM] | YouTube  | [Normal]     | 97%    |   74.0ms | Welcome to Member!...
[ENTERTAINM] | YouTube  | [Normal]     | 95%    |   61.3ms | Mer...
[ENTERTAINM] | YouTube  | [Normal]     | 97%    |  145.6ms | congratulations :clapping_hands::party_p...
[GAMING/GAM] | YouTube  | [Normal]     | 95%    |   72.0ms | could you look into the game Casualties ...
[GAMING/GAM] | YouTube  | [Normal]     | 95%    |   57.6ms | hello mr plier...
[GAMING/GAM] | YouTube  | [Normal]     | 90%    |   73.9ms | WOOOOAAAHH...
[GAMING/GAM] | YouTube  | [Normal]     | 85%    |   68.6ms | YOU DO BE BETTER...
[PSYCHOLOGY] | YouTube  | [Normal]     | 94%    |   88.4ms | Thomas the tank engine characters are ar...
[ENTERTAINM] | YouTube  | [Normal]     | 95%    |   61.5ms | 67...
[ENTERTAINM] | YouTube  | [Normal]     | 95%    |   71.1ms | firdt streammmmm...
[ENTERTAINM] | YouTube  | [Normal]     | 96%    |   69.6ms | مرحبا...
[GAMING/SUR] | YouTube  | [HATE]       | 45%    |   86.6ms | stop them they are going to come back he...
[ENTERTAINM] | YouTube  | [Normal]     | 95%    |   81.2ms | hi is heim em casa e...
[GAMING/GAM] | YouTube  | [Normal]     | 97%    |   70.7ms | Markiplier Markiplier...
[ENTERTAINM] | YouTube  | [Normal]     | 97%    |   97.1ms | :red_heart::red_heart::red_heart::red_he...
[GAMING/GAM] | YouTube  | [Normal]     | 91%    |   56.5ms | HALOOOOO...
[GAMING/GAM] | YouTube  | [Normal]     | 94%    |   52.5ms | Hi...
[ENTERTAINM] | YouTube  | [Normal]     | 97%    |   60.6ms | can i have a job?...
[GAMING/GAM] | YouTube  | [Normal]     | 94%    |   66.4ms | so happy for you and the team!...
[MUSIC/CHIL] | YouTube  | [Normal]     | 97%    |  113.5ms | kavya me to daily aata hu tum notice n k...
[ENTERTAINM] | YouTube  | [Normal]     | 95%    |   78.3ms | 500 MILLIONS SUB!!!!!...
[GAMING/SUR] | YouTube  | [Normal]     | 98%    |  105.3ms | I worked for 17 hours last night  headin...
[GAMING/GAM] | YouTube  | [Normal]     | 93%    |   64.4ms | HI HI...
[ENTERTAINM] | YouTube  | [Normal]     | 96%    |   60.4ms | 500 000 000...
[MUSIC/CHIL] | YouTube  | [Normal]     | 94%    |   72.4ms | :hot_face:...
[MUSIC/CHIL] | YouTube  | [Normal]     | 98%    |   77.5ms | :musical_note::musical_notes:...
[ENTERTAINM] | YouTube  | [Normal]     | 94%    |   63.3ms | HI...
[ENTERTAINM] | YouTube  | [Normal]     | 98%    |  181.7ms | :heart_on_fire::heart_on_fire::heart_on_...
[MUSIC/CHIL] | YouTube  | [Normal]     | 98%    |  125.3ms | :smiling_face_with_halo::beaming_face_wi...
[ENTERTAINM] | YouTube  | [Normal]     | 94%    |   61.2ms | Rest...
[ENTERTAINM] | YouTube  | [Normal]     | 94%    |   51.2ms | hi...
[GAMING/GAM] | YouTube  | [Normal]     | 95%    |   68.0ms | Airplanneeeee...
[ENTERTAINM] | YouTube  | [Normal]     | 97%    |  276.0ms | :smiling_face_with_smiling_eyes::smiling...
[GAMING/GAM] | YouTube  | [Normal]     | 97%    |   90.0ms | I lost my membership bc I had no job. Bu...
[MUSIC/CHIL] | YouTube  | [Normal]     | 96%    |   57.9ms | paddati tc...
[ENTERTAINM] | YouTube  | [Normal]     | 92%    |   62.7ms | xichao...
[GAMING/GAM] | YouTube  | [Normal]     | 81%    |   59.9ms | let's goo...
[GAMING/GAM] | YouTube  | [Normal]     | 87%    |  131.5ms | How did send help win “money-wise” if it...
[PSYCHOLOGY] | YouTube  | [Normal]     | 76%    |   52.6ms | green pill...
[GAMING/GAM] | YouTube  | [Normal]     | 94%    |   57.9ms | fashion...
[GAMING/GAM] | YouTube  | [Normal]     | 97%    |   73.9ms | airplane come on!!!...
[ENTERTAINM] | YouTube  | [Normal]     | 96%    |   74.4ms | hiiiiiii...
[ENTERTAINM] | YouTube  | [Normal]     | 95%    |   55.6ms | HALO...
[GAMING/GAM] | YouTube  | [Normal]     | 93%    |   66.1ms | light houseeeeeeeeee...
[GAMING/GAM] | YouTube  | [Normal]     | 97%    |   94.1ms | airplane is gonna make a comeback....
[GAMING/GAM] | YouTube  | [Normal]     | 95%    |   60.7ms | Yes!...
[ENTERTAINM] | YouTube  | [Normal]     | 95%    |   87.6ms | please give me redeem codes :loudly_cryi...
[GAMING/GAM] | YouTube  | [Normal]     | 94%    |   92.9ms | I vote fore prusa:rolling_on_the_floor_l...
[ENTERTAINM] | YouTube  | [Normal]     | 94%    |   64.5ms | hi...
[ENTERTAINM] | YouTube  | [Normal]     | 94%    |   57.1ms | hi...
[GAMING/SUR] | YouTube  | [Normal]     | 82%    |   67.5ms | what you doing man...
[ENTERTAINM] | YouTube  | [Normal]     | 95%    |   59.0ms | 1q...
[GAMING/GAM] | YouTube  | [Normal]     | 96%    |   89.1ms | MARK THERES AN ANOMOLY ON THE WINDOW...
[GAMING/GAM] | YouTube  | [Normal]     | 96%    |   82.7ms | Could the film go to South Africa???...
[ENTERTAINM] | YouTube  | [Normal]     | 94%    |   54.2ms | 1...
[GAMING/SUR] | YouTube  | [Normal]     | 94%    |   56.9ms | yess...
[GAMING/GAM] | YouTube  | [Normal]     | 95%    |   76.6ms | Just saw Iron Lung 10/10...
[GAMING/GAM] | YouTube  | [Normal]     | 96%    |   62.2ms | PHILIPPINES???...
[GAMING/SUR] | YouTube  | [Normal]     | 94%    |   58.3ms | Double...
[GAMING/SUR] | YouTube  | [Normal]     | 90%    |   67.4ms | chill...
[ENTERTAINM] | YouTube  | [Normal]     | 95%    |   69.8ms | sup jimmy...
[GAMING/GAM] | YouTube  | [Normal]     | 93%    |  111.3ms | The Fashion Venue is also a good level  ...
[PSYCHOLOGY] | YouTube  | [Normal]     | 82%    |   57.9ms | unga bunga...
[MUSIC/CHIL] | YouTube  | [Normal]     | 98%    |   76.6ms | :musical_notes::musical_note:...
[MUSIC/CHIL] | YouTube  | [Normal]     | 63%    |   62.5ms | thik ho tm?...
[GAMING/GAM] | YouTube  | [Normal]     | 96%    |  120.3ms | IRON LUNG PHILIPPINES!!!! :face-red-hear...
[GAMING/GAM] | YouTube  | [Normal]     | 97%    |   97.5ms | MARKIPLIER  LET THE MOVIE BE IN ENGLAND ...
[ENTERTAINM] | YouTube  | [Normal]     | 96%    |   60.4ms | BRO PLEASE PLEASE GIVE MINECRAFT...
[ENTERTAINM] | YouTube  | [Normal]     | 96%    |   74.3ms | Pls let me compete in a Mr beast challen...
[ENTERTAINM] | YouTube  | [Normal]     | 95%    |   58.0ms | hello soy...
[GAMING/GAM] | YouTube  | [Normal]     | 95%    |   59.4ms | Hi markkk...
[GAMING/SUR] | YouTube  | [Normal]     | 84%    |   58.5ms | rigged...
[ENTERTAINM] | YouTube  | [Normal]     | 98%    |   69.7ms | :hand-pink-waving:...
[GAMING/GAM] | YouTube  | [Normal]     | 97%    |   72.3ms | ETA on online release?...
[GAMING/SUR] | YouTube  | [Normal]     | 95%    |   59.5ms | HIT...
[ENTERTAINM] | YouTube  | [Normal]     | 84%    |   73.0ms | You got 500 subs...
[ENTERTAINM] | YouTube  | [Normal]     | 96%    |   59.1ms | New member...
[ENTERTAINM] | YouTube  | [Normal]     | 94%    |   58.3ms | free palastina...
[ENTERTAINM] | YouTube  | [Normal]     | 95%    |   73.3ms | Hiiii...
[ENTERTAINM] | YouTube  | [Normal]     | 96%    |   80.1ms | Pls shoutout...
[GAMING/SUR] | YouTube  | [Normal]     | 70%    |   69.8ms | BRO ADDICTED...
[ENTERTAINM] | YouTube  | [Normal]     | 96%    |  117.2ms | :yt::yt::yt::yt::yt::yt::yt:...
[MUSIC/CHIL] | YouTube  | [Normal]     | 96%    |   56.6ms | :ice:...
[ENTERTAINM] | YouTube  | [Normal]     | 92%    |   56.4ms | Yooooo...
[GAMING/SUR] | YouTube  | [Normal]     | 95%    |   56.4ms | All in...
[ENTERTAINM] | YouTube  | [Normal]     | 94%    |   72.2ms | 𝘼𝙣𝙮𝙤𝙣𝙚 𝙛𝙧𝙤𝙢 𝙄𝙣𝙙𝙞𝙖???...
[GAMING/GAM] | YouTube  | [Normal]     | 96%    |  122.0ms | Just watched Iron Lung with a friend. We...
[ENTERTAINM] | YouTube  | [Normal]     | 97%    |   57.6ms | Hello Mr. Beast...
[GAMING/SUR] | YouTube  | [Normal]     | 73%    |   77.5ms | Glad they got the base back after GINGY ...
[GAMING/SUR] | YouTube  | [Normal]     | 92%    |   66.6ms | Bunguloser...
[ENTERTAINM] | YouTube  | [Normal]     | 98%    |  129.6ms | :hand-purple-blue-peace::hand-purple-blu...
[ENTERTAINM] | YouTube  | [Normal]     | 97%    |  106.7ms | :face-green-smiling::face-green-smiling:...
[GAMING/GAM] | YouTube  | [Normal]     | 96%    |   53.8ms | hi mark...
[SPORTS/FOO] | YouTube  | [Normal]     | 97%    |  114.7ms | :hand-pink-waving:WINNING GOD GO:face-re...
[GAMING/GAM] | YouTube  | [Normal]     | 94%    |   96.4ms | The chat’s moving so fast nobody knows I...
[GAMING/GAM] | YouTube  | [Normal]     | 96%    |   86.4ms | I literally JUST came from watching the ...
[GAMING/GAM] | YouTube  | [Normal]     | 85%    |   92.7ms | had a hard time hearing the whispers fro...
[ENTERTAINM] | YouTube  | [Normal]     | 80%    |   51.9ms | how wild...
[ENTERTAINM] | YouTube  | [Normal]     | 95%    |   73.8ms | my mom found my channel...
[GAMING/GAM] | YouTube  | [Normal]     | 87%    |   72.0ms | Do better how bout that...
[GAMING/GAM] | YouTube  | [Normal]     | 89%    |  104.7ms | The movie has random parts where you can...
[ENTERTAINM] | YouTube  | [Normal]     | 94%    |   57.3ms | please...
[GAMING/GAM] | YouTube  | [Normal]     | 91%    |   78.5ms | they mixed it right the second time I sa...
[ENTERTAINM] | YouTube  | [Normal]     | 95%    |   71.0ms | very courteous...
[GAMING/GAM] | YouTube  | [Normal]     | 97%    |   76.5ms | Hi Markiplier!...
[ENTERTAINM] | YouTube  | [Normal]     | 96%    |   73.3ms | my mom found my YouTube channel...
[GAMING/GAM] | YouTube  | [Normal]     | 97%    |   78.6ms | Your movie was amazing I love it a lot...
[SELF-HELP/] | YouTube  | [Normal]     | 97%    |   71.5ms | hello Alok.:waving_hand:...
[ENTERTAINM] | YouTube  | [Normal]     | 97%    |   59.9ms | i am from Bangladesh...
[GAMING/GAM] | YouTube  | [HATE]       | 68%    |   72.7ms | twas goated...
[ENTERTAINM] | YouTube  | [Normal]     | 95%    |   86.7ms | 500 MİLLİON SUBSCİRİBERRRRR...
[ENTERTAINM] | YouTube  | [Normal]     | 86%    |   53.3ms | Yo...
[ENTERTAINM] | YouTube  | [Normal]     | 91%    |  229.3ms | :money_bag: :money_bag: :money_bag::mone...
[GAMING/SUR] | YouTube  | [Normal]     | 95%    |   58.6ms | WEEEEELP...
[MUSIC/CHIL] | YouTube  | [Normal]     | 95%    |   74.1ms | mujhe toh nhi yad...
[SELF-HELP/] | YouTube  | [Normal]     | 95%    |   64.5ms | whoa doc  careful...
[GAMING/GAM] | YouTube  | [Normal]     | 96%    |  126.5ms | finally seeing iron lung tomorrow! i eve...
[ENTERTAINM] | YouTube  | [Normal]     | 92%    |   76.8ms | Türkler burdamı...
[GAMING/GAM] | YouTube  | [Normal]     | 96%    |   60.2ms | HI MARK...
[GAMING/GAM] | YouTube  | [Normal]     | 98%    |   76.0ms | I saw the movie on the 3rd! It was amazi...
[ENTERTAINM] | YouTube  | [Normal]     | 92%    |  103.6ms | no Manisha :loudly_crying_face::loudly_c...
[MUSIC/CHIL] | YouTube  | [Normal]     | 95%    |   89.2ms | kya chlra h thekedaar...
[GAMING/GAM] | YouTube  | [Normal]     | 94%    |   86.4ms | lighthouse seems like it would be most i...
[GAMING/GAM] | YouTube  | [Normal]     | 95%    |  136.0ms | Hiiii Mark!!! How’s Amy enjoying the new...
[ENTERTAINM] | YouTube  | [Normal]     | 96%    |   72.3ms | big fan please...
[GAMING/GAM] | YouTube  | [Normal]     | 87%    |  109.5ms | Mark I can't see it:[ I'm sick!...
[ENTERTAINM] | YouTube  | [Normal]     | 97%    |  111.5ms | کوردی لێیە؟:red_heart::sun::green_heart:...
[ENTERTAINM] | YouTube  | [Normal]     | 96%    |   57.5ms | lol...
[GAMING/GAM] | YouTube  | [Normal]     | 96%    |   72.6ms | im back mark my power went out...
[GAMING/SUR] | YouTube  | [Normal]     | 95%    |   50.8ms | H20...
[ENTERTAINM] | YouTube  | [Normal]     | 96%    |   89.1ms | Славяне пишите...
[ENTERTAINM] | YouTube  | [Normal]     | 98%    |  100.4ms | Jimmy big fan :heart_suit: $100 please :...
[ENTERTAINM] | YouTube  | [Normal]     | 96%    |   81.2ms | السلام عليكم...
[ENTERTAINM] | YouTube  | [Normal]     | 96%    |  136.5ms | Can you give me your @BeastReacts channe...
[ENTERTAINM] | YouTube  | [Normal]     | 95%    |   55.0ms | hi Jimmy...
[ENTERTAINM] | YouTube  | [Normal]     | 95%    |   60.8ms | hello...
[ENTERTAINM] | YouTube  | [Normal]     | 86%    |   76.2ms | This is beyond insane what this man has ...
[GAMING/GAM] | YouTube  | [Normal]     | 95%    |  131.3ms | MARK IM SEEING IRON LUNG TONIGHT!!! 9:35...
[GAMING/GAM] | YouTube  | [Normal]     | 91%    |   63.3ms | YEAHHHH...
[PSYCHOLOGY] | YouTube  | [Normal]     | 91%    |   64.1ms | Charlie is animus...
[GAMING/GAM] | YouTube  | [Normal]     | 96%    |   97.2ms | oooo and the vibes are vibing for sure...
[ENTERTAINM] | YouTube  | [Normal]     | 96%    |  276.3ms | :washhands::washhands::washhands::washha...
[GAMING/GAM] | YouTube  | [Normal]     | 94%    |   91.1ms | I just lay down to get some sleep  not a...
[PSYCHOLOGY] | YouTube  | [Normal]     | 96%    |   65.3ms | I feel called out...
[GAMING/SUR] | YouTube  | [Normal]     | 69%    |   74.3ms | H2O HELL YEAH...
[ENTERTAINM] | YouTube  | [Normal]     | 95%    |   50.6ms | Bangladesh...
[ENTERTAINM] | YouTube  | [HATE]       | 51%    |   60.7ms | HI JIMMY YOUR SO GOATED...
[GAMING/GAM] | YouTube  | [Normal]     | 96%    |   70.2ms | :_markiEEE:...
[PSYCHOLOGY] | YouTube  | [Normal]     | 97%    |   73.2ms | Gonna use emotional-focused coping....
[ENTERTAINM] | YouTube  | [Normal]     | 96%    |   56.5ms | Congratulations sir...
[GAMING/GAM] | YouTube  | [Normal]     | 90%    |   82.2ms | you could make a movie about this type o...
[MUSIC/CHIL] | YouTube  | [Normal]     | 96%    |   82.0ms | :baseball-white-cap-out:...
[GAMING/SUR] | YouTube  | [Normal]     | 96%    |   65.1ms | h2o got motion...
[ENTERTAINM] | YouTube  | [Normal]     | 94%    |   66.1ms | hi...
[ENTERTAINM] | YouTube  | [Normal]     | 94%    |   59.1ms | hi...
[PSYCHOLOGY] | YouTube  | [Normal]     | 95%    |   60.2ms | kekw...
[PSYCHOLOGY] | YouTube  | [Normal]     | 92%    |   92.4ms | ive concludes this is the only way some ...
[GAMING/GAM] | YouTube  | [Normal]     | 88%    |   72.4ms | do you want our help...
[GAMING/SUR] | YouTube  | [Normal]     | 97%    |   80.5ms | Go Back To Base & REFLECT....
[GAMING/GAM] | YouTube  | [Normal]     | 81%    |   77.1ms | AUSSIE HERE! MOOORNING MARK!...
[GAMING/GAM] | YouTube  | [Normal]     | 97%    |   72.9ms | What is this game??...
[ENTERTAINM] | YouTube  | [Normal]     | 97%    |   67.9ms | سلام...
[PSYCHOLOGY] | YouTube  | [Normal]     | 97%    |   68.8ms | suiiiii...
[ENTERTAINM] | YouTube  | [Normal]     | 92%    |   63.0ms | give me some money...
[GAMING/GAM] | YouTube  | [Normal]     | 98%    |   85.8ms | welcome to the game 3 came out.......
[GAMING/GAM] | YouTube  | [Normal]     | 96%    |   99.6ms | I loved how you included Sean in your mo...
[GAMING/GAM] | YouTube  | [Normal]     | 96%    |   91.4ms | Watch out for The Willem Dafoe - creatur...
[GAMING/GAM] | YouTube  | [Normal]     | 95%    |   58.0ms | obversation...
[GAMING/GAM] | YouTube  | [Normal]     | 89%    |   68.3ms | TITLE WEEWOOO...
[GAMING/GAM] | YouTube  | [Normal]     | 97%    |   66.7ms | Observation...
[GAMING/GAM] | YouTube  | [Normal]     | 95%    |   57.8ms | Obversation Duty...
[ENTERTAINM] | YouTube  | [Normal]     | 76%    |   82.7ms | me i was watching you wenn you were mrbe...
[GAMING/GAM] | YouTube  | [Normal]     | 95%    |   74.2ms | MinorSpellingMistake :pensive:...
[GAMING/GAM] | YouTube  | [Normal]     | 97%    |  159.5ms | Just got back from watching iron lung a ...
[GAMING/SUR] | YouTube  | [Normal]     | 92%    |   67.1ms | never come back here lmao...
[GAMING/SUR] | YouTube  | [Normal]     | 89%    |   88.1ms | You can’t have worse luck lol...
[GAMING/GAM] | YouTube  | [Normal]     | 88%    |   98.4ms | 1AM in Poland  working night shift  but ...
[ENTERTAINM] | YouTube  | [Normal]     | 92%    |   58.9ms | hai...
[GAMING/GAM] | YouTube  | [Normal]     | 92%    |   69.7ms | We got a misspelling anomaly in the titl...
[NEWS/LIVE ] | YouTube  | [Normal]     | 97%    |  109.2ms | lol Ben that's that one movie with the g...
[GAMING/SUR] | YouTube  | [Normal]     | 96%    |   70.7ms | with 4 cards...
[GAMING/SUR] | YouTube  | [Normal]     | 97%    |   74.9ms | I hope we've learned a lesson...
[PSYCHOLOGY] | YouTube  | [Normal]     | 92%    |   68.0ms | investment banking sounds unhinged lol...
[SELF-HELP/] | YouTube  | [Normal]     | 85%    |   69.6ms | Crabs in a bucket syndrome...
[GAMING/SUR] | YouTube  | [Normal]     | 49%    |   70.0ms | EVIL ROBOT LAUGH...
[ENTERTAINM] | YouTube  | [Normal]     | 97%    |   67.7ms | i already watched your all video...
[NEWS/LIVE ] | YouTube  | [Normal]     | 87%    |   99.7ms | Bangers in Texas form up with Treasury S...
[GAMING/GAM] | YouTube  | [Normal]     | 97%    |   92.5ms | "hello everybody my name is welcome":vic...
[ENTERTAINM] | YouTube  | [Normal]     | 95%    |   58.2ms | hello bro...
[PSYCHOLOGY] | YouTube  | [Normal]     | 93%    |  123.4ms | I often project and fantasize on women I...
[MUSIC/CHIL] | YouTube  | [Normal]     | 97%    |   81.1ms | @vsaanu:rat:...
[ENTERTAINM] | YouTube  | [Normal]     | 94%    |   60.1ms | 1...
[GAMING/GAM] | YouTube  | [Normal]     | 96%    |   75.8ms | @markiplier will you play umigari?...
[ENTERTAINM] | YouTube  | [Normal]     | 95%    |   51.1ms | hello...
[ENTERTAINM] | YouTube  | [Normal]     | 93%    |   53.4ms | smart...
[ENTERTAINM] | YouTube  | [Normal]     | 96%    |  188.7ms | 500m :grinning_face_with_big_eyes::grinn...
[GAMING/SUR] | YouTube  | [Normal]     | 92%    |   71.8ms | Bro is great at losing scrap...
[GAMING/SUR] | YouTube  | [HATE]       | 65%    |   70.6ms | you are a bad gambler...
[GAMING/GAM] | YouTube  | [Normal]     | 97%    |   77.5ms | :_markiBRAIN:obversation...
[GAMING/GAM] | YouTube  | [Normal]     | 93%    |   72.3ms | He's on obversation doodie...
[GAMING/SUR] | YouTube  | [Normal]     | 93%    |  107.1ms | congrats BP - teaching everyone gambling...
[SELF-HELP/] | YouTube  | [Normal]     | 92%    |  116.4ms | @VeneraEchos I know but I try to avoid t...
[GAMING/GAM] | YouTube  | [Normal]     | 97%    |   58.1ms | hiiiii...
[GAMING/GAM] | YouTube  | [Normal]     | 96%    |  155.0ms | Y'all  if you watch 'The distractible po...
[GAMING/GAM] | YouTube  | [Normal]     | 95%    |   72.3ms | :eye::mouth::eye:...
[GAMING/SUR] | YouTube  | [Normal]     | 90%    |   61.0ms | HAHAHAHA...
[GAMING/GAM] | YouTube  | [Normal]     | 96%    |   73.0ms | DVD RELEASE DATE...
[GAMING/GAM] | YouTube  | [Normal]     | 95%    |   59.8ms | obversation...
[ENTERTAINM] | YouTube  | [Normal]     | 94%    |   63.4ms | hi...
[GAMING/GAM] | YouTube  | [Normal]     | 93%    |   50.5ms | yes...
[ENTERTAINM] | YouTube  | [Normal]     | 94%    |   53.1ms | hi...
[ENTERTAINM] | YouTube  | [Normal]     | 84%    |   70.7ms | it is kinda crazy...
[ENTERTAINM] | YouTube  | [Normal]     | 91%    |   61.6ms | Love u beast...
[GAMING/SUR] | YouTube  | [Normal]     | 97%    |   63.1ms | better hit some barrels lol...
[GAMING/GAM] | YouTube  | [Normal]     | 91%    |   68.3ms | MARK FIX YOUR POSTURE...
[PSYCHOLOGY] | YouTube  | [Normal]     | 95%    |   68.1ms | ono andrew tate mentioned...
[GAMING/GAM] | YouTube  | [Normal]     | 95%    |   62.1ms | Hello father...
[GAMING/GAM] | YouTube  | [Normal]     | 89%    |   91.2ms | do the life guard scan! don't forget you...
[ENTERTAINM] | YouTube  | [Normal]     | 94%    |   77.9ms | HAHAHAHAHAHHA...
[GAMING/GAM] | YouTube  | [Normal]     | 79%    |   55.3ms | MOUSE TRAP...
[GAMING/GAM] | YouTube  | [Normal]     | 95%    |   58.2ms | hiii...
[SPORTS/FOO] | YouTube  | [Normal]     | 97%    |   97.9ms | may be Japan 3-1 :face_with_tears_of_joy...
[ENTERTAINM] | YouTube  | [Normal]     | 98%    |  284.2ms | :hand-purple-blue-peace::hand-purple-blu...
[ENTERTAINM] | YouTube  | [Normal]     | 97%    |   61.8ms | Please invite me to a video...
[GAMING/GAM] | YouTube  | [Normal]     | 97%    |   82.5ms | MARK THERES A GUY LIVESTREAMING IN THE T...
[ENTERTAINM] | YouTube  | [Normal]     | 90%    |   66.4ms | absolutely no one knows it i bet...
[GAMING/GAM] | YouTube  | [Normal]     | 95%    |  115.8ms | hi mark I wanted to tell you that your m...
[GAMING/GAM] | YouTube  | [Normal]     | 97%    |  178.7ms | hi mark! longtime fan here and i have no...
[ENTERTAINM] | YouTube  | [Normal]     | 89%    |   54.3ms | YOOOO...
[ENTERTAINM] | YouTube  | [Normal]     | 93%    |   54.6ms | OH YEAH...
[ENTERTAINM] | YouTube  | [Normal]     | 94%    |   58.9ms | 5...
[ENTERTAINM] | YouTube  | [Normal]     | 94%    |   58.4ms | 5...
[ENTERTAINM] | YouTube  | [Normal]     | 96%    |   53.3ms | brazill...
[GAMING/GAM] | YouTube  | [Normal]     | 96%    |   77.9ms | Was that small table always there?...
[PSYCHOLOGY] | YouTube  | [Normal]     | 92%    |   87.3ms | @andreicionescu pethatic excuse to desol...
[GAMING/GAM] | YouTube  | [HATE]       | 48%    |   74.9ms | Freddy Fazbear behind you...
[GAMING/GAM] | YouTube  | [Normal]     | 92%    |   58.5ms | the stairs...
[GAMING/GAM] | YouTube  | [Normal]     | 92%    |   77.6ms | I there is an anomaly...
[MUSIC/CHIL] | YouTube  | [Normal]     | 95%    |   91.8ms | pighal jaane ka khauf hai tumhe......
[GAMING/GAM] | YouTube  | [Normal]     | 97%    |   66.6ms | The movie was amazing...
[ENTERTAINM] | YouTube  | [Normal]     | 97%    |   93.7ms | From india  North East :beating_heart: c...
[GAMING/SUR] | YouTube  | [Normal]     | 98%    |  110.6ms | Peanut would you ever do this exact same...
[GAMING/GAM] | YouTube  | [Normal]     | 93%    |   72.9ms | Are you going to make a second movie?...
[GAMING/GAM] | YouTube  | [Normal]     | 95%    |   74.4ms | stair moving basemnt...
[PSYCHOLOGY] | YouTube  | [Normal]     | 81%    |  137.9ms | @andreicionescu What? There are many har...
[ENTERTAINM] | YouTube  | [Normal]     | 95%    |   53.5ms | hii...
[MUSIC/CHIL] | YouTube  | [Normal]     | 97%    |   97.1ms | morni or ki haal soniye:person-turqouise...
[NEWS/LIVE ] | YouTube  | [Normal]     | 77%    |   84.2ms | the tarp is no laughing matter either it...
[GAMING/GAM] | YouTube  | [Normal]     | 94%    |   63.1ms | OUR EYES...
[GAMING/GAM] | YouTube  | [Normal]     | 92%    |   61.2ms | WOAH...
[GAMING/GAM] | YouTube  | [Normal]     | 95%    |  146.9ms | I told you :rolling_on_the_floor_laughin...
[GAMING/GAM] | YouTube  | [Normal]     | 95%    |   57.3ms | HELLO...
[GAMING/GAM] | YouTube  | [Normal]     | 51%    |   82.0ms | i tihnk the bed is fook...
[GAMING/GAM] | YouTube  | [Normal]     | 97%    |   63.7ms | Welcome New Member!...
[GAMING/SUR] | YouTube  | [Normal]     | 74%    |   67.4ms | someone really needs to organize those d...
[ENTERTAINM] | YouTube  | [Normal]     | 96%    |  103.3ms | hello Mr beast I'm from Nepal and I subs...
[GAMING/SUR] | YouTube  | [Normal]     | 47%    |   80.5ms | @jgs4819 gooner jfc...
[GAMING/GAM] | YouTube  | [Normal]     | 95%    |   62.8ms | mark the bed...
[ENTERTAINM] | YouTube  | [Normal]     | 96%    |   65.2ms | hiiiiiii...
[GAMING/SUR] | YouTube  | [Normal]     | 84%    |   65.2ms | CLOSE THE DOORS...
[MUSIC/CHIL] | YouTube  | [Normal]     | 96%    |  172.8ms | Lasusi your gf is hot :rolling_on_the_fl...
[ENTERTAINM] | YouTube  | [Normal]     | 97%    |   62.4ms | love from india...
[ENTERTAINM] | YouTube  | [Normal]     | 96%    |   92.9ms | Show the video of you gifting your mom $...
[ENTERTAINM] | YouTube  | [Normal]     | 95%    |  162.8ms | :police_car_light::police_car_light::pol...
[GAMING/GAM] | YouTube  | [Normal]     | 92%    |   59.8ms | BED...
[ENTERTAINM] | YouTube  | [Normal]     | 95%    |   53.2ms | Mr best...
[ENTERTAINM] | YouTube  | [Normal]     | 98%    |   79.3ms | 1 iphon plis.....
[ENTERTAINM] | YouTube  | [Normal]     | 86%    |   60.4ms | Yo...
[GAMING/GAM] | YouTube  | [Normal]     | 81%    |   79.6ms | woah are you the guy from Iron Lung :D...
[ENTERTAINM] | YouTube  | [Normal]     | 98%    |  118.5ms | waiting for new video on Saturday waitin...
[GAMING/GAM] | YouTube  | [Normal]     | 53%    |   58.5ms | well damn...
[ENTERTAINM] | YouTube  | [Normal]     | 94%    |   55.3ms | bruh...
[GAMING/GAM] | YouTube  | [Normal]     | 98%    |   99.8ms | INTERIOR LANTERN :fish-orange-wide-eyes:...
[GAMING/GAM] | YouTube  | [Normal]     | 97%    |   58.1ms | MARK THE LANTERN...
[PSYCHOLOGY] | YouTube  | [Normal]     | 96%    |   64.5ms | Self actualization...
[GAMING/SUR] | YouTube  | [Normal]     | 64%    |   64.9ms | you can only have 12...
[GAMING/GAM] | YouTube  | [Normal]     | 92%    |  110.3ms | Hey mark could you get Iron to some sort...
[GAMING/GAM] | YouTube  | [Normal]     | 98%    |   87.2ms | mark ffs stay on a camera for more than ...
[GAMING/GAM] | YouTube  | [Normal]     | 96%    |   73.4ms | mark the rode is side ways lmao...
[ENTERTAINM] | YouTube  | [Normal]     | 94%    |   53.6ms | 1...
[GAMING/GAM] | YouTube  | [Normal]     | 87%    |   55.4ms | NO...
[ENTERTAINM] | YouTube  | [Normal]     | 98%    |  365.0ms | :hand-pink-waving::hand-pink-waving::han...
[GAMING/SUR] | YouTube  | [Normal]     | 94%    |   71.4ms | LOL CANT SEE SHII...
[ENTERTAINM] | YouTube  | [Normal]     | 94%    |   55.7ms | 1...
[GAMING/GAM] | YouTube  | [Normal]     | 92%    |   79.7ms | GONNA SEE IRON LUNG TMR!!...
[GAMING/SUR] | YouTube  | [Normal]     | 86%    |   77.0ms | Don’t be nuts  wait for Welyn...
[GAMING/GAM] | YouTube  | [Normal]     | 96%    |   68.8ms | :_markiBRAIN:...
[GAMING/GAM] | YouTube  | [Normal]     | 96%    |   65.6ms | STAIRWELL RIGHT RAILING MOVED...
[GAMING/GAM] | YouTube  | [Normal]     | 97%    |   65.3ms | The lantern moved in interior...
[GAMING/GAM] | YouTube  | [Normal]     | 97%    |   72.3ms | bottom right moving of lighthouse?...
[GAMING/SUR] | YouTube  | [Normal]     | 96%    |   69.7ms | Higher. Build up first...
[GAMING/SUR] | YouTube  | [Normal]     | 91%    |   64.1ms | Wait oh god...
[GAMING/SUR] | YouTube  | [Normal]     | 96%    |   70.2ms | Needs to be higher P...
[ENTERTAINM] | YouTube  | [Normal]     | 95%    |   78.9ms | I am a student and I need money...
[GAMING/GAM] | YouTube  | [Normal]     | 98%    |   66.4ms | red lights red lights red lights...
[GAMING/GAM] | YouTube  | [Normal]     | 98%    |   85.7ms | Was the red light at the top of the ligh...
[ENTERTAINM] | YouTube  | [Normal]     | 97%    |   86.7ms | please help :loudly_crying_face::folded_...
[ENTERTAINM] | YouTube  | [Normal]     | 96%    |   59.7ms | Speak in Bengali....
[GAMING/GAM] | YouTube  | [Normal]     | 92%    |   52.5ms | Oh no...
[ENTERTAINM] | YouTube  | [Normal]     | 94%    |   53.5ms | hi...
[GAMING/GAM] | YouTube  | [Normal]     | 93%    |   61.4ms | F...
[ENTERTAINM] | YouTube  | [Normal]     | 98%    |   70.4ms | Ronaldo and Messi...
[ENTERTAINM] | YouTube  | [Normal]     | 95%    |   67.5ms | :red_heart:U mr beast...
[GAMING/GAM] | YouTube  | [Normal]     | 93%    |   54.5ms | yes...
[GAMING/GAM] | YouTube  | [Normal]     | 96%    |   74.5ms | There was a spinning pillar in the stair...
[GAMING/GAM] | YouTube  | [Normal]     | 96%    |   52.4ms | lol...
[GAMING/GAM] | YouTube  | [Normal]     | 94%    |   53.0ms | Try Again...
[ENTERTAINM] | YouTube  | [Normal]     | 89%    |   59.9ms | BACON BACON BACON...
[GAMING/GAM] | YouTube  | [Normal]     | 89%    |   61.0ms | NOOOOOB...
[GAMING/GAM] | YouTube  | [Normal]     | 96%    |   68.3ms | :_markiLOL:...
[ENTERTAINM] | YouTube  | [Normal]     | 93%    |   68.6ms | congretchulation...
[PSYCHOLOGY] | YouTube  | [Normal]     | 96%    |   72.7ms | Anime? JJK? Jung Jung Kaisen?...
[GAMING/GAM] | YouTube  | [Normal]     | 86%    |  135.3ms | who just called the #1 director in Ameri...
[ENTERTAINM] | YouTube  | [Normal]     | 84%    |   88.1ms | please Mr beast im home less my mom is k...
[ENTERTAINM] | YouTube  | [Normal]     | 62%    |   78.5ms | let's goooo chatt...
[GAMING/SUR] | YouTube  | [Normal]     | 96%    |   73.2ms | lol peanut loves the glaze...
[ENTERTAINM] | YouTube  | [Normal]     | 96%    |   83.7ms | This stream is better than world cup liv...
[ENTERTAINM] | YouTube  | [Normal]     | 95%    |  118.3ms | let's go 500M guys. let's go 500M guys. ...
[GAMING/GAM] | YouTube  | [Normal]     | 87%    |   63.0ms | your mom...
[MUSIC/CHIL] | YouTube  | [Normal]     | 97%    |  145.7ms | :beaming_face_with_smiling_eyes::rolling...
[ENTERTAINM] | YouTube  | [Normal]     | 89%    |   71.3ms | You are close to 500 million  MrBeast....
[ENTERTAINM] | YouTube  | [Normal]     | 97%    |   86.4ms | :flexed_biceps::flexed_biceps::flexed_bi...
[ENTERTAINM] | YouTube  | [Normal]     | 95%    |   58.9ms | thanks Mr beast...
[GAMING/GAM] | YouTube  | [Normal]     | 83%    |   75.5ms | Remember there are THREE mousetraps in t...
[ENTERTAINM] | YouTube  | [Normal]     | 98%    |  111.3ms | :hand-pink-waving::hand-pink-waving::han...
[ENTERTAINM] | YouTube  | [Normal]     | 97%    |   64.5ms | congrats for 500M...
[ENTERTAINM] | YouTube  | [Normal]     | 94%    |   68.1ms | Congrats already Jimmy  from Madagascarr...
[ENTERTAINM] | YouTube  | [Normal]     | 97%    |  142.9ms | а Мистер Бист умеет по русски разговарив...
[GAMING/SUR] | YouTube  | [Normal]     | 97%    |   58.6ms | Over 1000 scrap...
[GAMING/GAM] | YouTube  | [Normal]     | 94%    |   60.3ms | peakiplier...
[GAMING/SUR] | YouTube  | [Normal]     | 97%    |   78.6ms | You're doing amazing work peanut...
[ENTERTAINM] | YouTube  | [Normal]     | 94%    |   58.5ms | 78...
[ENTERTAINM] | YouTube  | [Normal]     | 94%    |   52.3ms | hi...
[GAMING/GAM] | YouTube  | [Normal]     | 96%    |   74.3ms | railing in the stairway moved behind the...
[ENTERTAINM] | YouTube  | [Normal]     | 97%    |  159.0ms | :person-turquoise-crowd-surf::yt::yt::yt...
[ENTERTAINM] | YouTube  | [Normal]     | 93%    |   64.7ms | ii dont see that...
[GAMING/GAM] | YouTube  | [Normal]     | 93%    |   73.7ms | Might be the least practical game to rea...
[ENTERTAINM] | YouTube  | [Normal]     | 95%    |   63.8ms | xin cahaof...
[GAMING/GAM] | YouTube  | [Normal]     | 70%    |   77.6ms | u should play more among us they've chan...
[MUSIC/CHIL] | YouTube  | [Normal]     | 94%    |   58.7ms | bolo bhi...
[ENTERTAINM] | YouTube  | [Normal]     | 95%    |   76.6ms | ай красава...
[GAMING/GAM] | YouTube  | [Normal]     | 96%    |  101.5ms | This guy looks like the actor in iron lu...
[GAMING/GAM] | YouTube  | [Normal]     | 49%    |   68.4ms | YIPPEEEE...
[MUSIC/CHIL] | YouTube  | [Normal]     | 97%    |   91.3ms | deep koi news wala nhi hu b khud dekho...
[GAMING/GAM] | YouTube  | [Normal]     | 97%    |  110.3ms | Hello Mr. Mark Fischbach. Just watched y...
[GAMING/SUR] | YouTube  | [Normal]     | 96%    |   67.8ms | its napalm so a sec...
[SELF-HELP/] | YouTube  | [Normal]     | 95%    |   54.6ms | hmmmm...
[ENTERTAINM] | YouTube  | [Normal]     | 96%    |   60.2ms | Hello Jimmy...
[GAMING/GAM] | YouTube  | [Normal]     | 93%    |   64.3ms | Yay! Nice job...
[GAMING/GAM] | YouTube  | [Normal]     | 95%    |   81.2ms | THANK THE LORD FOR SILENT HILL F...
[GAMING/SUR] | YouTube  | [Normal]     | 84%    |  109.8ms | MY MAN @TheBurntPeanut Wakes up gets rai...
[NEWS/LIVE ] | YouTube  | [Normal]     | 83%    |   94.8ms | BLACK BOY KARMELO IS IN CHAINS!! AS IT S...
[GAMING/SUR] | YouTube  | [Normal]     | 72%    |   81.1ms | how dose one join this sever! there goes...
[GAMING/GAM] | YouTube  | [Normal]     | 95%    |   68.3ms | STAIRWELL@@@@@...
[MUSIC/CHIL] | YouTube  | [Normal]     | 87%    |  102.2ms | agarbatti to tum jalarhi ho...
[ENTERTAINM] | YouTube  | [Normal]     | 95%    |   53.7ms | i know...
[GAMING/SUR] | YouTube  | [Normal]     | 95%    |  208.8ms | :rolling_on_the_floor_laughing::rolling_...
[GAMING/GAM] | YouTube  | [Normal]     | 49%    |   74.6ms | Look up iron butt from SpongeBob...
[GAMING/GAM] | YouTube  | [Normal]     | 92%    |   58.1ms | MISSING ]...
[GAMING/GAM] | YouTube  | [Normal]     | 93%    |   51.8ms | BEDROOM...
[GAMING/SUR] | YouTube  | [Normal]     | 98%    |   64.3ms | PERFECT SONG FOR THE DOORS...
[MUSIC/CHIL] | YouTube  | [Normal]     | 95%    |   62.2ms | !....
[GAMING/SUR] | YouTube  | [HATE]       | 45%    |   68.0ms | Who’s attacking them?...
[GAMING/GAM] | YouTube  | [Normal]     | 96%    |   81.0ms | What’s your thoughts on John?...
[ENTERTAINM] | YouTube  | [Normal]     | 93%    |   62.8ms | yes yes yes...
[ENTERTAINM] | YouTube  | [Normal]     | 96%    |   54.3ms | hello Jimmy...
[ENTERTAINM] | YouTube  | [Normal]     | 94%    |   51.5ms | Minecraft...
[GAMING/GAM] | YouTube  | [Normal]     | 95%    |   69.5ms | MOUSETRAP IN BASEMENT...
[GAMING/GAM] | YouTube  | [Normal]     | 83%    |   59.1ms | sabotage...
[GAMING/GAM] | YouTube  | [Normal]     | 94%    |   61.7ms | Yess...
[MUSIC/CHIL] | YouTube  | [Normal]     | 95%    |   59.8ms | 11 baje...
[GAMING/GAM] | YouTube  | [Normal]     | 94%    |   63.5ms | BASEMENT...
[ENTERTAINM] | YouTube  | [Normal]     | 96%    |   80.4ms | Some of us are in our 40s...
[GAMING/GAM] | YouTube  | [Normal]     | 94%    |   72.3ms | self sabatoge...
[SPORTS/FOO] | YouTube  | [Normal]     | 96%    |   68.6ms | :flexed_biceps:...
[ENTERTAINM] | YouTube  | [Normal]     | 87%    |   80.6ms | yesss...
[GAMING/GAM] | YouTube  | [Normal]     | 67%    |   81.5ms | there is a body in the bed...
[ENTERTAINM] | YouTube  | [Normal]     | 98%    |   93.2ms | :face-pink-tears:...
[ENTERTAINM] | YouTube  | [Normal]     | 65%    |   75.7ms | crazy...
[MUSIC/CHIL] | YouTube  | [Normal]     | 96%    |   80.7ms | sry endhuku...
[GAMING/GAM] | YouTube  | [Normal]     | 96%    |   91.3ms | i got the phone and TV setup...
[ENTERTAINM] | YouTube  | [Normal]     | 94%    |   79.6ms | Please...
[GAMING/GAM] | YouTube  | [Normal]     | 94%    |   87.2ms | HEY MARKIPLIER YOUR NUMBER ONE...
[GAMING/GAM] | YouTube  | [Normal]     | 94%    |   93.2ms | what's up markiplier how are you ?...
[GAMING/GAM] | YouTube  | [Normal]     | 94%    |   73.0ms | STAIRS...
[GAMING/GAM] | YouTube  | [Normal]     | 96%    |   81.3ms | the lantern shadow in intwerior...
[GAMING/GAM] | YouTube  | [Normal]     | 95%    |   91.4ms | STAIRWAY...
[GAMING/GAM] | YouTube  | [Normal]     | 93%    |   73.8ms | nah...
[GAMING/GAM] | YouTube  | [Normal]     | 98%    |   84.3ms | the jacket changed colours...
[GAMING/GAM] | YouTube  | [Normal]     | 96%    |   72.5ms | it looks cool bud...
[GAMING/GAM] | YouTube  | [Normal]     | 72%    |   71.7ms | it looks dumb...
[GAMING/GAM] | YouTube  | [Normal]     | 96%    |   66.8ms | so cool...
[ENTERTAINM] | YouTube  | [Normal]     | 93%    |   81.4ms | haaa...
[GAMING/GAM] | YouTube  | [Normal]     | 96%    |   66.2ms | Water?...
[ENTERTAINM] | YouTube  | [Normal]     | 97%    |  116.2ms | I am from India please give me money :mo...
[ENTERTAINM] | YouTube  | [Normal]     | 96%    |   97.5ms | please give my dream phone iphone 17 Pro...
[GAMING/GAM] | YouTube  | [Normal]     | 94%    |   70.2ms | D O N G...
[GAMING/GAM] | YouTube  | [Normal]     | 96%    |  159.1ms | oh yeah there’s an intruder at the dock ...
[GAMING/SUR] | YouTube  | [Normal]     | 97%    |   98.6ms | Peanut pulled aggro and ran into the hea...
[GAMING/GAM] | YouTube  | [Normal]     | 81%    |   74.3ms | MARK IS AN ANOMALY...
[GAMING/GAM] | YouTube  | [Normal]     | 94%    |   80.6ms | Missing RAILING in stairwell!...
[GAMING/GAM] | YouTube  | [Normal]     | 95%    |   95.4ms | I’m just here for the vibes...
[GAMING/GAM] | YouTube  | [Normal]     | 81%    |   95.6ms | i think hes obversating the duty...
[ENTERTAINM] | YouTube  | [HATE]       | 68%    |  124.3ms | Greetings from Argentina (The country of...
[GAMING/GAM] | YouTube  | [Normal]     | 96%    |   71.9ms | MARK THE BASEMENT...
[PSYCHOLOGY] | YouTube  | [Normal]     | 95%    |   78.9ms | 67...
[GAMING/GAM] | YouTube  | [Normal]     | 96%    |   81.0ms | extra bottle by the shed thing...
[GAMING/GAM] | YouTube  | [Normal]     | 89%    |   63.3ms | noice...
[NEWS/LIVE ] | YouTube  | [Normal]     | 64%    |  106.8ms | vulnerable bloke from Ulster ... is in a...
[GAMING/SUR] | YouTube  | [Normal]     | 95%    |   54.7ms | Repair armour...
[ENTERTAINM] | YouTube  | [Normal]     | 97%    |  150.4ms | :rolling_on_the_floor_laughing::rolling_...
[GAMING/GAM] | YouTube  | [Normal]     | 95%    |   57.5ms | Hi markkk...
[GAMING/SUR] | YouTube  | [Normal]     | 91%    |   62.7ms | GET TO THE CHOPPA...
[GAMING/SUR] | YouTube  | [Normal]     | 95%    |   52.8ms | M249...
[GAMING/GAM] | YouTube  | [Normal]     | 97%    |   76.2ms | Watched Iron Lung last weekend! It was A...
[MUSIC/CHIL] | YouTube  | [Normal]     | 96%    |   71.2ms | :man_in_steamy_room:...
[ENTERTAINM] | YouTube  | [Normal]     | 90%    |   91.0ms | you can hit 500m just keep on going  I'm...
[MUSIC/CHIL] | YouTube  | [Normal]     | 97%    |  137.0ms | Kejti Bezti Ketli :face_with_hand_over_m...
[ENTERTAINM] | YouTube  | [Normal]     | 50%    |   81.4ms | People voting no are just trolling...
[MUSIC/CHIL] | YouTube  | [Normal]     | 97%    |   90.9ms | @kavya-c9c1j face reveal...
[GAMING/GAM] | YouTube  | [Normal]     | 93%    |   57.7ms | less mousetrap...
[GAMING/GAM] | YouTube  | [Normal]     | 97%    |   79.6ms | Loved the film!!!!!...
[GAMING/GAM] | YouTube  | [Normal]     | 95%    |   94.4ms | not an abyss in the yard! not again!!!...
[GAMING/GAM] | YouTube  | [Normal]     | 96%    |   83.4ms | what's hanging in the light room?...
[GAMING/GAM] | YouTube  | [Normal]     | 87%    |   71.3ms | END OF THE HARBOUR...
[MUSIC/CHIL] | YouTube  | [Normal]     | 96%    |  120.2ms | Kezti haram :banana::face_with_hand_over...
[ENTERTAINM] | YouTube  | [Normal]     | 97%    |   78.2ms | :face-orange-raised-eyebrow:...
[GAMING/GAM] | YouTube  | [Normal]     | 94%    |   67.4ms | mjhmhm...
[ENTERTAINM] | YouTube  | [Normal]     | 96%    |   68.8ms | I know everyone there...
[ENTERTAINM] | YouTube  | [Normal]     | 94%    |   54.5ms | india india...
[ENTERTAINM] | YouTube  | [Normal]     | 86%    |   82.4ms | do you think these kids know smosh...
[PSYCHOLOGY] | YouTube  | [Normal]     | 96%    |   51.3ms | agreed...
[GAMING/GAM] | YouTube  | [Normal]     | 97%    |   73.3ms | Box next to purple towel!!...
[MUSIC/CHIL] | YouTube  | [Normal]     | 93%    |   60.8ms | haaa...
[GAMING/SUR] | YouTube  | [Normal]     | 95%    |   60.9ms | get better internet lmao...
[ENTERTAINM] | YouTube  | [Normal]     | 96%    |   65.3ms | New member...
[GAMING/SUR] | YouTube  | [OFFENSIVE]  | 80%    |   66.8ms | NO LAGGG HERE...
[ENTERTAINM] | YouTube  | [Normal]     | 95%    |   60.5ms | hello...
[ENTERTAINM] | YouTube  | [Normal]     | 93%    |   58.8ms | india...
[ENTERTAINM] | YouTube  | [Normal]     | 91%    |   67.7ms | everybody knows him...
[GAMING/GAM] | YouTube  | [Normal]     | 97%    |   92.4ms | I don't think I have ever been in a live...
[GAMING/GAM] | YouTube  | [Normal]     | 94%    |   78.9ms | mark has ADHD demand avoidance lolol...
[GAMING/GAM] | YouTube  | [Normal]     | 97%    |  113.2ms | MARK IN THE LANTERN ROOM  WASN'T THE HAN...
[GAMING/GAM] | YouTube  | [Normal]     | 96%    |   63.3ms | DELIVERY GUY ON BASEMENT...
[GAMING/GAM] | YouTube  | [Normal]     | 92%    |   73.1ms | CABIN WALLS CRACKING...
[SELF-HELP/] | YouTube  | [Normal]     | 71%    |  130.1ms | Thats what my manager said to me  if we ...
[PSYCHOLOGY] | YouTube  | [Normal]     | 97%    |   71.9ms | member lecture is next tuesday i think?...
[GAMING/SUR] | YouTube  | [Normal]     | 87%    |   66.1ms | lets go...
[GAMING/SUR] | YouTube  | [OFFENSIVE]  | 68%    |  102.4ms | :collision::collision:LETSSSS RIDEEEEE1:...
[GAMING/SUR] | YouTube  | [Normal]     | 86%    |   68.8ms | this is a bomb song...
[GAMING/SUR] | YouTube  | [OFFENSIVE]  | 78%    |   96.3ms | :_LetsGo::_LetsGo::_LetsGo::_LetsGo:...
[MUSIC/CHIL] | YouTube  | [Normal]     | 95%    |  182.4ms | nu  ea e o "sfântă"  dar are tupeul jego...
[GAMING/SUR] | YouTube  | [Normal]     | 88%    |   87.1ms | LOCK IN!...
[GAMING/SUR] | YouTube  | [Normal]     | 96%    |  151.9ms | EEEEEEEEEEE EEEEEEEEEEE EEEEEEEEEEE EEEE...
[GAMING/SUR] | YouTube  | [Normal]     | 94%    |   74.3ms | New into...
[GAMING/SUR] | YouTube  | [Normal]     | 89%    |  103.8ms | :_LetsRide::_LetsRide::_LetsRide:...
[GAMING/SUR] | YouTube  | [Normal]     | 94%    |   63.1ms | W song...
[GAMING/SUR] | YouTube  | [OFFENSIVE]  | 94%    |   92.9ms | Holy shit Peanut is pregnant!?!?!?!?!?!...
[GAMING/SUR] | YouTube  | [Normal]     | 90%    |   81.5ms | slurzy Saturday!!!...
[GAMING/SUR] | YouTube  | [Normal]     | 82%    |   77.8ms | His voice is so cracked...
[NEWS/LIVE ] | YouTube  | [Normal]     | 92%    |   80.2ms | Will Smith slapped a guy and suffered no...
[MUSIC/CHIL] | YouTube  | [Normal]     | 98%    |   77.8ms | good evening :cityscape_at_dusk:...
[GAMING/SUR] | YouTube  | [OFFENSIVE]  | 76%    |   73.8ms | LETTTTTSSSS GOOOOOOO...
[GAMING/SUR] | YouTube  | [Normal]     | 96%    |   68.9ms | morning!!!!!...
[NEWS/LIVE ] | YouTube  | [Normal]     | 95%    |   73.9ms | I care for my fellow Americans  here...
[GAMING/SUR] | YouTube  | [Normal]     | 87%    |   80.9ms | get the poop bucket...
[GAMING/SUR] | YouTube  | [OFFENSIVE]  | 54%    |   61.8ms | happy birthday nutter...
[GAMING/SUR] | YouTube  | [Normal]     | 94%    |   64.5ms | W meth boy...
[GAMING/SUR] | YouTube  | [Normal]     | 96%    |   90.4ms | peanut thank you for making me laugh alr...
[GAMING/SUR] | YouTube  | [Normal]     | 97%    |   94.3ms | reminds me of when H1Z1 was at its peak....
[GAMING/SUR] | YouTube  | [OFFENSIVE]  | 60%    |   72.1ms | :_LetsGo:...
[SELF-HELP/] | YouTube  | [Normal]     | 89%    |   64.3ms | wroooom...
[GAMING/SUR] | YouTube  | [Normal]     | 90%    |   58.5ms | yessssss...
[GAMING/SUR] | YouTube  | [Normal]     | 91%    |   55.9ms | DOOR...
[GAMING/SUR] | YouTube  | [Normal]     | 95%    |   68.0ms | h2o...
[GAMING/SUR] | YouTube  | [OFFENSIVE]  | 82%    |   88.4ms | He’s a fucking LEGEND!!!!!...
[NEWS/LIVE ] | YouTube  | [Normal]     | 60%    |   86.0ms | Technically YOU  don't own your home the...
[GAMING/SUR] | YouTube  | [Normal]     | 96%    |   68.1ms | Welcome to Bungulator Board Member!...
[GAMING/SUR] | YouTube  | [Normal]     | 87%    |   71.2ms | he is a very hilarious youtuber...
[GAMING/SUR] | YouTube  | [Normal]     | 97%    |  131.6ms | :crown::crown: LONG LIVE THE KING PEANUT...
[GAMING/SUR] | YouTube  | [Normal]     | 95%    |   52.8ms | Doors open...
[GAMING/SUR] | YouTube  | [Normal]     | 91%    |   57.7ms | look at timer...
[GAMING/SUR] | YouTube  | [Normal]     | 92%    |   60.8ms | Gate...
[SELF-HELP/] | YouTube  | [Normal]     | 92%    |   80.6ms | have you seen the astral beings laffey...
[PSYCHOLOGY] | YouTube  | [Normal]     | 96%    |   69.3ms | i got lost listening to him...
[GAMING/SUR] | YouTube  | [Normal]     | 97%    |  148.4ms | was in the middle of a ranked match when...
[MUSIC/CHIL] | YouTube  | [Normal]     | 95%    |   74.5ms | How is your weekend so far @Cata...
[GAMING/SUR] | YouTube  | [Normal]     | 89%    |   80.7ms | woooooooooooah...
[GAMING/SUR] | YouTube  | [Normal]     | 96%    |   66.5ms | lmao...
[GAMING/SUR] | YouTube  | [Normal]     | 94%    |   64.3ms | On the ground...
[GAMING/SUR] | YouTube  | [Normal]     | 95%    |   79.7ms | what is a die-a-ria?...
[GAMING/SUR] | YouTube  | [Normal]     | 93%    |   74.6ms | Southside...
[GAMING/SUR] | YouTube  | [Normal]     | 78%    |   62.2ms | no way...
[GAMING/SUR] | YouTube  | [Normal]     | 96%    |   62.1ms | ITS H20!!!...
[GAMING/SUR] | YouTube  | [Normal]     | 96%    |   65.2ms | H2O and P...
[GAMING/SUR] | YouTube  | [Normal]     | 95%    |   66.4ms | Lmaooo...
[NEWS/LIVE ] | YouTube  | [Normal]     | 94%    |  116.9ms | we're not going back :back_arrow: we're ...
[GAMING/SUR] | YouTube  | [Normal]     | 95%    |   70.3ms | oooo my god h2o...
[NEWS/LIVE ] | YouTube  | [Normal]     | 84%    |   78.4ms | well it's time to stop succeding...
[GAMING/SUR] | YouTube  | [Normal]     | 96%    |   57.6ms | blue...
[GAMING/SUR] | YouTube  | [Normal]     | 94%    |   57.3ms | 10...
[GAMING/ESP] | YouTube  | [Normal]     | 95%    |   57.9ms | :skull:...
[PSYCHOLOGY] | YouTube  | [Normal]     | 78%    |   59.3ms | !sexy...
[GAMING/SUR] | YouTube  | [Normal]     | 96%    |   64.2ms | lmqo...
[PSYCHOLOGY] | YouTube  | [Normal]     | 93%    |   83.2ms | A video on maladaptive daydreaming might...
[PSYCHOLOGY] | YouTube  | [Normal]     | 96%    |   75.5ms | is doc reading the chat...
[GAMING/SUR] | YouTube  | [Normal]     | 97%    |   72.6ms | 1/3 have more spaces...
[GAMING/SUR] | YouTube  | [Normal]     | 45%    |   75.0ms | the wheel is not a good investment...
[GAMING/SUR] | YouTube  | [Normal]     | 96%    |   69.9ms | o7 for the scrap...
[GAMING/SUR] | YouTube  | [Normal]     | 49%    |   72.6ms | Standing at 14 is dumb af...
[GAMING/SUR] | YouTube  | [Normal]     | 82%    |  102.5ms | LMFAAAAAOOOOOOOOOOOOOOOOOOOOOOOOOOOO...
[PSYCHOLOGY] | YouTube  | [Normal]     | 96%    |   78.1ms | guide helped in pick up on cue to keep p...
[GAMING/SUR] | YouTube  | [Normal]     | 95%    |  103.0ms | :rolling_on_the_floor_laughing::rolling_...
[GAMING/SUR] | YouTube  | [Normal]     | 95%    |   56.4ms | hit...
[PSYCHOLOGY] | YouTube  | [Normal]     | 91%    |   66.5ms | it was hard to choose...
[GAMING/SUR] | YouTube  | [Normal]     | 95%    |   61.9ms | good push...
[PSYCHOLOGY] | YouTube  | [Normal]     | 98%    |   95.8ms | there are more surveys? i need to check ...
[GAMING/SUR] | YouTube  | [Normal]     | 97%    |   92.5ms | Brooooo peanut on rust again?! Back to b...
[GAMING/SUR] | YouTube  | [Normal]     | 96%    |   57.7ms | LMAO...
[GAMING/SUR] | YouTube  | [Normal]     | 96%    |   61.8ms | lmao...
[GAMING/SUR] | YouTube  | [Normal]     | 95%    |   73.3ms | Fun’s over lol...
[GAMING/SUR] | YouTube  | [Normal]     | 95%    |   62.0ms | LOLLLL...
[GAMING/SUR] | YouTube  | [Normal]     | 97%    |   83.4ms | someone please clip that from both Peanu...
[PSYCHOLOGY] | YouTube  | [Normal]     | 75%    |   77.2ms | How helpful is this for those who have p...
[GAMING/SUR] | YouTube  | [Normal]     | 97%    |   71.1ms | HARD WORK WORK...
[GAMING/SUR] | YouTube  | [Normal]     | 95%    |   62.3ms | its 1...
[GAMING/SUR] | YouTube  | [Normal]     | 97%    |  131.3ms | :crown::crown: LONG LIVE THE KING PEANUT...
[SPORTS/FOO] | YouTube  | [Normal]     | 82%    |   75.9ms | workd cup matchesdoes this channel broad...
[GAMING/SUR] | YouTube  | [Normal]     | 44%    |   85.0ms | you don’t fold in black jack idiot...
[GAMING/SUR] | YouTube  | [Normal]     | 96%    |  132.6ms | haa:rolling_on_the_floor_laughing::rolli...
[GAMING/SUR] | YouTube  | [Normal]     | 90%    |   64.0ms | Hahahaha...
[GAMING/SUR] | YouTube  | [Normal]     | 53%    |   73.5ms | stop gambling and go build the base wtf...
[MUSIC/CHIL] | YouTube  | [OFFENSIVE]  | 59%    |   81.1ms | ap kaise ho @kavya-c9c1j...
[GAMING/SUR] | YouTube  | [Normal]     | 87%    |   59.4ms | yer working backwards...
[GAMING/SUR] | YouTube  | [Normal]     | 79%    |   64.6ms | gambling away the family fortune...
[MUSIC/CHIL] | YouTube  | [Normal]     | 95%    |  115.7ms | :fountain::backhand_index_pointing_left:...
[MUSIC/CHIL] | YouTube  | [Normal]     | 97%    |   88.4ms | Pyar Kiya tho darna Kya :musical_notes:...
[ENTERTAINM] | YouTube  | [Normal]     | 94%    |   68.2ms | Oh a ad...
[ENTERTAINM] | YouTube  | [Normal]     | 95%    |   62.0ms | ураааа...
[ENTERTAINM] | YouTube  | [Normal]     | 95%    |   62.5ms | wow...
[ENTERTAINM] | YouTube  | [Normal]     | 91%    |   62.1ms | Yooooooooooo...
[ENTERTAINM] | YouTube  | [Normal]     | 82%    |   53.1ms | Yas...
[ENTERTAINM] | YouTube  | [Normal]     | 87%    |   58.2ms | yooow...
[PSYCHOLOGY] | YouTube  | [Normal]     | 91%    |   74.3ms | but what do you mean by explain?...
[GAMING/GAM] | YouTube  | [Normal]     | 95%    |   76.8ms | YAYYYYY JUST IN TIME FOR DINNER...
[ENTERTAINM] | YouTube  | [Normal]     | 93%    |   59.0ms | lolololo...
[ENTERTAINM] | YouTube  | [Normal]     | 95%    |   63.5ms | HELLOOOOO...
[GAMING/SUR] | YouTube  | [Normal]     | 87%    |   60.2ms | no music...
[GAMING/SUR] | YouTube  | [OFFENSIVE]  | 52%    |   62.8ms | oh shit...
[ENTERTAINM] | YouTube  | [Normal]     | 87%    |   70.4ms | UNFOL gues...
[MUSIC/CHIL] | YouTube  | [Normal]     | 97%    |   90.7ms | seren sare:smiling_face_with_tear:...
[ENTERTAINM] | YouTube  | [Normal]     | 97%    |   94.1ms | :smiling_face_with_heart_eyes:...
[ENTERTAINM] | YouTube  | [Normal]     | 97%    |   69.6ms | Love from New Zealand...
[GAMING/GAM] | YouTube  | [Normal]     | 97%    |   62.1ms | GREETINGS...
[SELF-HELP/] | YouTube  | [Normal]     | 44%    |   73.4ms | is the hate coming from outside or insid...
[MUSIC/CHIL] | YouTube  | [Normal]     | 95%    |   71.4ms | Good:cigarette::face_exhaling:...
[SELF-HELP/] | YouTube  | [Normal]     | 57%    |   69.6ms | Hate is ego...
[ENTERTAINM] | YouTube  | [Normal]     | 90%    |   68.2ms | yoooooo...
[ENTERTAINM] | YouTube  | [Normal]     | 65%    |   92.5ms | mr beast if ur channel was stocks i woul...
[PSYCHOLOGY] | YouTube  | [Normal]     | 94%    |   66.5ms | jung takover 21st century...
[GAMING/GAM] | YouTube  | [Normal]     | 96%    |   62.0ms | Hi Mark...
[ENTERTAINM] | YouTube  | [Normal]     | 97%    |   64.8ms | Faaaaa...
[MUSIC/CHIL] | YouTube  | [Normal]     | 95%    |  108.4ms | Vsannu ninnu kottina aa kukkani kottina ...
[PSYCHOLOGY] | YouTube  | [Normal]     | 94%    |   69.4ms | no not really...
[GAMING/GAM] | YouTube  | [Normal]     | 97%    |  117.7ms | Good afternoon Love your content  been w...
[GAMING/GAM] | YouTube  | [Normal]     | 96%    |  110.6ms | :_markiYAY::_markiLOVE::_markiYAY::_mark...
[PSYCHOLOGY] | YouTube  | [Normal]     | 96%    |   74.0ms | nope only from the atlus game...
[ENTERTAINM] | YouTube  | [Normal]     | 92%    |   57.2ms | yeah...
[GAMING/GAM] | YouTube  | [OFFENSIVE]  | 78%    |   58.9ms | Hell yeah!!...
[ENTERTAINM] | YouTube  | [Normal]     | 96%    |   84.6ms | I want help br beast I am an Indian...
[MUSIC/CHIL] | YouTube  | [Normal]     | 95%    |   89.7ms | shish Singh me badhiya hu tum batao...
[GAMING/GAM] | YouTube  | [Normal]     | 97%    |   70.4ms | we love you mark!...
[ENTERTAINM] | YouTube  | [Normal]     | 95%    |   52.4ms | so good...
[ENTERTAINM] | YouTube  | [Normal]     | 93%    |   52.1ms | Deam...
[ENTERTAINM] | YouTube  | [Normal]     | 95%    |   67.5ms | give me only one ipad please sir...
[SELF-HELP/] | YouTube  | [Normal]     | 92%    |   72.1ms | yo smash?...
[GAMING/GAM] | YouTube  | [Normal]     | 97%    |   71.8ms | best horror movie i've seen in a while...
[GAMING/GAM] | YouTube  | [Normal]     | 97%    |   61.9ms | I loved the movie <3...
[GAMING/GAM] | YouTube  | [Normal]     | 97%    |   84.5ms | Loved the movie! Great job! :clapping_ha...
[NEWS/LIVE ] | YouTube  | [Normal]     | 96%    |   84.6ms | ...by the wolves :lion:...
[GAMING/GAM] | YouTube  | [Normal]     | 96%    |   78.0ms | :_markiHEART:...
[GAMING/GAM] | YouTube  | [Normal]     | 89%    |   79.1ms | YAY IRON LUNG!!!!!...
[GAMING/GAM] | YouTube  | [Normal]     | 96%    |   57.4ms | YEAAA...
[ENTERTAINM] | YouTube  | [Normal]     | 97%    |   72.6ms | can i have a job?...
[MUSIC/CHIL] | YouTube  | [Normal]     | 97%    |   97.5ms | kavya me to daily aata hu tum notice n k...
[GAMING/GAM] | YouTube  | [Normal]     | 93%    |   68.2ms | LIGHT HOUSE!!...
[ENTERTAINM] | YouTube  | [Normal]     | 94%    |   58.3ms | hi...
[ENTERTAINM] | YouTube  | [Normal]     | 94%    |   62.5ms | Hi...
[PSYCHOLOGY] | YouTube  | [Normal]     | 96%    |   57.8ms | samskaras...
[ENTERTAINM] | YouTube  | [Normal]     | 94%    |   58.3ms | Rest...
[GAMING/GAM] | YouTube  | [Normal]     | 95%    |  140.8ms | Have you ever played Outer Wilds? seems ...
[GAMING/GAM] | YouTube  | [Normal]     | 95%    |  100.8ms | im currently driving (red light) home fr...
[ENTERTAINM] | YouTube  | [Normal]     | 78%    |   88.0ms | GG! you should get new special button...
[ENTERTAINM] | YouTube  | [Normal]     | 92%    |   65.0ms | from videos to milliones!...
[GAMING/GAM] | YouTube  | [Normal]     | 95%    |   54.2ms | Airplane...
[PSYCHOLOGY] | YouTube  | [Normal]     | 93%    |   69.9ms | TRUTH!!!...
[ENTERTAINM] | YouTube  | [Normal]     | 97%    |  117.8ms | :red_heart::red_heart::red_heart::red_he...
[GAMING/SUR] | YouTube  | [Normal]     | 97%    |   65.3ms | That billboard was :fire:...
[GAMING/GAM] | YouTube  | [Normal]     | 72%    |   58.5ms | AIRPLANE IS TOO EASY...
[GAMING/GAM] | YouTube  | [Normal]     | 96%    |   72.9ms | lighthouse sounds like a cool one...
[GAMING/GAM] | YouTube  | [Normal]     | 98%    |  108.0ms | AIRPLANE:face-blue-smiling::face-blue-sm...
[ENTERTAINM] | YouTube  | [OFFENSIVE]  | 67%    |   75.1ms | Congratssssss mr beasttt...
[GAMING/GAM] | YouTube  | [Normal]     | 94%    |   60.1ms | fashion...
[GAMING/GAM] | YouTube  | [Normal]     | 94%    |   87.4ms | Saw Iron Lung Yesterday and was absolute...
[ENTERTAINM] | YouTube  | [Normal]     | 94%    |   93.8ms | 한국인이다...
[GAMING/GAM] | YouTube  | [Normal]     | 97%    |   83.9ms | Markiplier fell down the stairs and star...
[ENTERTAINM] | YouTube  | [Normal]     | 94%    |   67.3ms | hi...
[ENTERTAINM] | YouTube  | [Normal]     | 97%    |   68.1ms | I FROM INDONESIA...
[MUSIC/CHIL] | YouTube  | [Normal]     | 93%    |   68.5ms | @GTALife--872...
[ENTERTAINM] | YouTube  | [Normal]     | 92%    |   61.6ms | Mr beats...
[GAMING/GAM] | YouTube  | [Normal]     | 91%    |   79.5ms | PORTUGAL...
[ENTERTAINM] | YouTube  | [Normal]     | 90%    |   69.8ms | Yoooooo...
[GAMING/GAM] | YouTube  | [Normal]     | 93%    |   88.0ms | Mark  I walked away from Iron Lung psych...
[GAMING/SUR] | YouTube  | [Normal]     | 93%    |   85.9ms | Expect to lose next so bet small...
[GAMING/SUR] | YouTube  | [Normal]     | 95%    |   86.3ms | why didnt dealer draw on 18...
[GAMING/GAM] | YouTube  | [Normal]     | 96%    |   85.3ms | This is my first Iive!...
[ENTERTAINM] | YouTube  | [Normal]     | 96%    |   75.7ms | please reply me frome Bangladesh...
[GAMING/SUR] | YouTube  | [Normal]     | 97%    |   73.1ms | stand on 12 ?...
[GAMING/SUR] | YouTube  | [Normal]     | 96%    |   80.7ms | It’s high cards now...
[GAMING/SUR] | YouTube  | [Normal]     | 90%    |   68.2ms | no problem...
[ENTERTAINM] | YouTube  | [Normal]     | 94%    |   76.1ms | 1...
[ENTERTAINM] | YouTube  | [Normal]     | 89%    |   76.2ms | YOOOOOOOOOOOO...
[ENTERTAINM] | YouTube  | [Normal]     | 94%    |   80.2ms | 2...
[ENTERTAINM] | YouTube  | [Normal]     | 94%    |   73.9ms | 1...
[GAMING/GAM] | YouTube  | [Normal]     | 86%    |   86.7ms | Airplane is really boring guys...
[GAMING/SUR] | YouTube  | [Normal]     | 89%    |   70.4ms | noooooo...
[GAMING/SUR] | YouTube  | [Normal]     | 91%    |   78.3ms | Split...
[GAMING/SUR] | YouTube  | [Normal]     | 87%    |   80.5ms | No...
[GAMING/SUR] | YouTube  | [Normal]     | 90%    |   77.3ms | stick...
[MUSIC/CHIL] | YouTube  | [Normal]     | 87%    |   80.5ms | deepzz hey...
[GAMING/GAM] | YouTube  | [Normal]     | 97%    |   71.5ms | Welcome to Member!...
[GAMING/GAM] | YouTube  | [Normal]     | 97%    |   98.8ms | airplane!!!!!!!!...
[MUSIC/CHIL] | YouTube  | [Normal]     | 96%    |  112.5ms | fred no I haven't seen her in  I think  ...
[GAMING/GAM] | YouTube  | [Normal]     | 93%    |   88.2ms | JUST SAW IRON LUNG WEDNESDAY IT WAS AMAZ...
[GAMING/GAM] | YouTube  | [Normal]     | 88%    |  117.0ms | I have a friend in Mexico who wants to s...
[GAMING/SUR] | YouTube  | [Normal]     | 97%    |   87.0ms | After this win be done lol...
[GAMING/GAM] | YouTube  | [Normal]     | 94%    |   80.3ms | hi...
[GAMING/GAM] | YouTube  | [Normal]     | 92%    |   89.5ms | I JUST SAW IRON LUNG AGAIN YAY YAY YAY...
[GAMING/GAM] | YouTube  | [Normal]     | 97%    |  114.7ms | I heard it fine :beaming_face_with_smili...
[GAMING/GAM] | YouTube  | [Normal]     | 95%    |   80.0ms | interesting...
[GAMING/SUR] | YouTube  | [Normal]     | 93%    |   65.5ms | Max bet...
[ENTERTAINM] | YouTube  | [OFFENSIVE]  | 50%    |   99.1ms | 500m Let's gooooo!!!...
[GAMING/GAM] | YouTube  | [Normal]     | 96%    |   80.0ms | First...
[GAMING/GAM] | YouTube  | [Normal]     | 97%    |  102.3ms | Woooooooo:hand-pink-waving:...
[GAMING/GAM] | YouTube  | [Normal]     | 96%    |  181.5ms | Hey Mark… I really really needed one of ...
[GAMING/SUR] | YouTube  | [Normal]     | 95%    |  118.1ms | :washhands::washhands::washhands:...
[GAMING/SUR] | YouTube  | [Normal]     | 97%    |  101.4ms | 1/3 of total every bet.. always split 10...
[SPORTS/FOO] | YouTube  | [Normal]     | 94%    |   81.6ms | Japan will win...
[GAMING/GAM] | YouTube  | [Normal]     | 98%    |   82.3ms | i had atmos!...
[ENTERTAINM] | YouTube  | [Normal]     | 96%    |   81.8ms | Going to Area 51...
[GAMING/SUR] | YouTube  | [Normal]     | 95%    |   82.3ms | hit...
[GAMING/SUR] | YouTube  | [Normal]     | 96%    |   86.0ms | HYUGE :kissing_face:...
[GAMING/GAM] | YouTube  | [Normal]     | 97%    |   80.6ms | hi mark :red_heart:...
[GAMING/GAM] | YouTube  | [Normal]     | 97%    |   99.8ms | Audio was fine in the theatre I went to ...
[GAMING/GAM] | YouTube  | [Normal]     | 95%    |   87.8ms | Mr.Lung had a YouTube Channel?...
[GAMING/SUR] | YouTube  | [Normal]     | 97%    |  117.1ms | PEANUT PLAY YOUR INTRO! Astro :fire::fir...
[GAMING/GAM] | YouTube  | [Normal]     | 97%    |  111.4ms | Saw the movie  was the only one in the t...
[GAMING/GAM] | YouTube  | [Normal]     | 95%    |   87.6ms | Mark isn't reading out messages. :(...
[ENTERTAINM] | YouTube  | [Normal]     | 96%    |  260.9ms | :yt::yt::yt::yt::yt::yt::yt::yt::yt::yt:...
[GAMING/GAM] | YouTube  | [Normal]     | 96%    |   84.8ms | the theater i went to had the 7...
[GAMING/GAM] | YouTube  | [Normal]     | 93%    |  182.9ms | Hey Mark just saw iron lung and i want t...
[MUSIC/CHIL] | YouTube  | [Normal]     | 96%    |   75.7ms | lol...
[ENTERTAINM] | YouTube  | [Normal]     | 96%    |  100.9ms | привет друн...
[SELF-HELP/] | YouTube  | [Normal]     | 72%    |  152.8ms | He's right. Consider being insulted in a...
[NEWS/LIVE ] | YouTube  | [Normal]     | 83%    |   83.2ms | no thats called tyranny...
[GAMING/SUR] | YouTube  | [Normal]     | 97%    |  110.3ms | :face-green-smiling::face-green-smiling:...
[ENTERTAINM] | YouTube  | [Normal]     | 96%    |  103.6ms | I'm from India hello I'm new in YouTube...
[GAMING/GAM] | YouTube  | [Normal]     | 97%    |   92.6ms | Did you set a timer for the poll?...
[PSYCHOLOGY] | YouTube  | [Normal]     | 96%    |   73.9ms | balance in all things...
[GAMING/GAM] | YouTube  | [Normal]     | 94%    |   73.2ms | AIRPLANE AIRPLANE...
[GAMING/GAM] | YouTube  | [Normal]     | 91%    |   84.8ms | IS IRON LING STILL IN THEATERS ??!?...
[ENTERTAINM] | YouTube  | [Normal]     | 94%    |   77.9ms | Hi...
[GAMING/GAM] | YouTube  | [Normal]     | 94%    |   67.3ms | hi dude...
[GAMING/GAM] | YouTube  | [Normal]     | 91%    |  111.6ms | If I was able to watch Iron Lung for the...
[ENTERTAINM] | YouTube  | [Normal]     | 97%    |  112.0ms | harás un vídeo celebrando tus 500millone...
[GAMING/SUR] | YouTube  | [Normal]     | 97%    |   71.2ms | Lend peanut 500 scrap...
[ENTERTAINM] | YouTube  | [Normal]     | 97%    |   75.1ms | i am from brasil...
[GAMING/GAM] | YouTube  | [Normal]     | 92%    |   82.3ms | Lighthouse for iron lung...
[ENTERTAINM] | YouTube  | [Normal]     | 98%    |  125.9ms | :stopwatch-blue-hand-timer::yt::yt::yt::...
[GAMING/GAM] | YouTube  | [Normal]     | 94%    |   80.8ms | partyfoulval take it back...
[GAMING/GAM] | YouTube  | [Normal]     | 94%    |   74.8ms | Airplaneeeeee...
[GAMING/SUR] | YouTube  | [Normal]     | 78%    |  115.7ms | Get Ninirust to finish your base. she is...
[GAMING/SUR] | YouTube  | [Normal]     | 96%    |   73.5ms | sooo much...
[ENTERTAINM] | YouTube  | [Normal]     | 94%    |   73.5ms | hi...
[GAMING/SUR] | YouTube  | [Normal]     | 56%    |   72.3ms | let him coook...
[GAMING/SUR] | YouTube  | [Normal]     | 84%    |   81.1ms | rigged...
[ENTERTAINM] | YouTube  | [Normal]     | 94%    |   82.0ms | congretchulation bro...
[GAMING/SUR] | YouTube  | [Normal]     | 67%    |   89.0ms | Gingy going to be pissed...
[GAMING/GAM] | YouTube  | [Normal]     | 96%    |   80.9ms | mark its observation not obversation...
[ENTERTAINM] | YouTube  | [Normal]     | 87%    |   73.4ms | raid...
[GAMING/GAM] | YouTube  | [Normal]     | 59%    |   96.2ms | At least they put you in Guam...
[GAMING/GAM] | YouTube  | [Normal]     | 76%    |  111.5ms | #NO.1 let's gooooooooooooooc...
[ENTERTAINM] | YouTube  | [Normal]     | 97%    |  373.6ms | invite me in live stream :folded_hands::...
[ENTERTAINM] | YouTube  | [Normal]     | 97%    |   72.6ms | I am from Brazil...
[ENTERTAINM] | YouTube  | [Normal]     | 97%    |   91.6ms | hello :waving_hand::hugging_face:...
[GAMING/GAM] | YouTube  | [Normal]     | 96%    |   83.8ms | The movie was so cool...
[ENTERTAINM] | YouTube  | [Normal]     | 92%    |   98.7ms | but you hit 13Million views...
[ENTERTAINM] | YouTube  | [Normal]     | 97%    |  136.6ms | I watch you 5 years please see that plea...
[GAMING/GAM] | YouTube  | [Normal]     | 87%    |   74.5ms | LOCK IN...
[GAMING/GAM] | YouTube  | [Normal]     | 96%    |   83.3ms | :_markiJIM:...
[ENTERTAINM] | YouTube  | [Normal]     | 93%    |   81.7ms | ༼ つ ◕_◕ ༽つ...
[GAMING/GAM] | YouTube  | [Normal]     | 94%    |   85.5ms | YAAAAYYYYY...
[GAMING/GAM] | YouTube  | [Normal]     | 98%    |   91.6ms | Airplane. :airplane: second tower...
[GAMING/GAM] | YouTube  | [Normal]     | 93%    |   82.6ms | Distractable herm merch...
[GAMING/GAM] | YouTube  | [Normal]     | 94%    |   74.4ms | The OCEAN...
[GAMING/GAM] | YouTube  | [Normal]     | 95%    |   80.9ms | I love your moive!...
[GAMING/GAM] | YouTube  | [Normal]     | 91%    |   66.0ms | the fog...
[GAMING/GAM] | YouTube  | [Normal]     | 95%    |  110.2ms | everyone at my local theater on Iron Lun...
[SELF-HELP/] | YouTube  | [HATE]       | 41%    |   83.9ms | because they're not trying in life...
[GAMING/SUR] | YouTube  | [Normal]     | 94%    |   74.0ms | Lost...
[SELF-HELP/] | YouTube  | [Normal]     | 62%    |   90.1ms | They tried once and it hurt them so now ...
[NEWS/LIVE ] | YouTube  | [Normal]     | 97%    |   93.1ms | Administration full of criminals demandi...
[GAMING/GAM] | YouTube  | [Normal]     | 92%    |  303.9ms | :virtualhug::virtualhug::virtualhug::vir...
[ENTERTAINM] | YouTube  | [Normal]     | 95%    |   68.7ms | hii...
[GAMING/SUR] | YouTube  | [Normal]     | 94%    |   97.9ms | No way h20 is playing lmao...
[ENTERTAINM] | YouTube  | [Normal]     | 93%    |   91.9ms | アメリカは何時ですか...
[MUSIC/CHIL] | YouTube  | [Normal]     | 97%    |  187.3ms | with my soul you play   with my heart yo...
[GAMING/GAM] | YouTube  | [Normal]     | 95%    |   79.4ms | I watched Iron lung it's really good...
[GAMING/GAM] | YouTube  | [Normal]     | 79%    |  108.9ms | I can't see it because it's rated r and ...
[SELF-HELP/] | YouTube  | [Normal]     | 37%    |   71.6ms | It makes them feel like they are not doi...
[ENTERTAINM] | YouTube  | [Normal]     | 94%    |   53.7ms | hi...
[GAMING/SUR] | YouTube  | [Normal]     | 95%    |   64.0ms | Happy Happy Happy...
[GAMING/SUR] | YouTube  | [Normal]     | 98%    |   52.9ms | BLUE BLUE...
[ENTERTAINM] | YouTube  | [Normal]     | 94%    |   58.2ms | hi...
[GAMING/GAM] | YouTube  | [Normal]     | 93%    |   52.4ms | meow...
[ENTERTAINM] | YouTube  | [Normal]     | 95%    |   72.4ms | give me ps5 from india...
[ENTERTAINM] | YouTube  | [Normal]     | 93%    |   54.2ms | W stream...
[PSYCHOLOGY] | YouTube  | [Normal]     | 93%    |   55.6ms | YEP...
[ENTERTAINM] | YouTube  | [Normal]     | 96%    |   63.9ms | give me 10000 dollars...
[ENTERTAINM] | YouTube  | [Normal]     | 97%    |   73.3ms | where's cookie...
[GAMING/SUR] | YouTube  | [Normal]     | 96%    |   68.9ms | LMAO...
[GAMING/SUR] | YouTube  | [OFFENSIVE]  | 55%    |   70.7ms | HOLY HELL HE SUCKS...
[GAMING/GAM] | YouTube  | [Normal]     | 91%    |   88.3ms | lol the title says Obversation Duty that...
[GAMING/GAM] | YouTube  | [Normal]     | 96%    |   67.2ms | save the cheese...
[GAMING/SUR] | YouTube  | [Normal]     | 84%    |   76.7ms | dont worry the come up is coming back ri...
[ENTERTAINM] | YouTube  | [Normal]     | 96%    |   61.6ms | اا...
[GAMING/GAM] | YouTube  | [Normal]     | 98%    |   76.1ms | Mark my words... Markiplier...
[GAMING/SUR] | YouTube  | [Normal]     | 98%    |   82.1ms | first purple box 1k in it...
[GAMING/GAM] | YouTube  | [Normal]     | 90%    |   60.5ms | 草...
[GAMING/GAM] | YouTube  | [Normal]     | 91%    |   68.8ms | GO BACK SOMETHING MOVED...
[GAMING/SUR] | YouTube  | [Normal]     | 96%    |   74.9ms | lol...
[ENTERTAINM] | YouTube  | [Normal]     | 97%    |   71.5ms | Welcome New Member!...
[MUSIC/CHIL] | YouTube  | [Normal]     | 97%    |   81.9ms | :woman_getting_massage::musical_notes:...
[ENTERTAINM] | YouTube  | [Normal]     | 92%    |   66.9ms | meeeeeeeeeeeeee...
[GAMING/SUR] | YouTube  | [Normal]     | 97%    |  245.4ms | :face_with_tears_of_joy::face_with_tears...
[GAMING/SUR] | YouTube  | [Normal]     | 86%    |   65.6ms | ITS SO RIGGED...
[GAMING/SUR] | YouTube  | [Normal]     | 97%    |  132.3ms | :face_with_tears_of_joy::face_with_tears...
[GAMING/GAM] | YouTube  | [Normal]     | 96%    |   70.1ms | BEST GAME TO FILM ADAPTATION TO DATE...
[GAMING/GAM] | YouTube  | [Normal]     | 54%    |   66.9ms | OBVERSALLY THE TITLE IS FUCKED UP...
[GAMING/GAM] | YouTube  | [Normal]     | 94%    |   54.5ms | TYPO...
[GAMING/GAM] | YouTube  | [Normal]     | 96%    |   62.4ms | I love obversing...
[GAMING/GAM] | YouTube  | [Normal]     | 92%    |   76.8ms | We got a misspelling anomaly in the titl...
[GAMING/GAM] | YouTube  | [Normal]     | 97%    |   78.2ms | Report: Typo anomaly in the title....
[ENTERTAINM] | YouTube  | [Normal]     | 97%    |  135.6ms | :face-purple-crying::face-purple-crying:...
[GAMING/GAM] | YouTube  | [Normal]     | 96%    |   62.1ms | im on onversation duty...
[ENTERTAINM] | YouTube  | [Normal]     | 91%    |   59.6ms | me...
[ENTERTAINM] | YouTube  | [Normal]     | 94%    |   82.9ms | Mr Beast Let you have not 500 million su...
[ENTERTAINM] | YouTube  | [Normal]     | 97%    |  277.4ms | Mr beast I'm your biggest fan :beating_h...
[GAMING/GAM] | YouTube  | [Normal]     | 90%    |   72.2ms | HAHAHAAHHAHAHA...
[GAMING/GAM] | YouTube  | [Normal]     | 95%    |   57.5ms | obversation...
[MUSIC/CHIL] | YouTube  | [Normal]     | 97%    |   95.3ms | cricket ground kaa pothunvaaa tv lo kdhu...
[GAMING/GAM] | YouTube  | [Normal]     | 96%    |   56.8ms | lol...
[MUSIC/CHIL] | YouTube  | [Normal]     | 96%    |   75.5ms | m dusro ka bhala hee sochti hu...
[ENTERTAINM] | YouTube  | [Normal]     | 95%    |   62.5ms | yay...
[GAMING/SUR] | YouTube  | [Normal]     | 95%    |   62.6ms | so good...
[GAMING/GAM] | YouTube  | [Normal]     | 95%    |   74.7ms | Please try Max Payne 3 multiplayer...
[GAMING/GAM] | YouTube  | [Normal]     | 92%    |   77.6ms | I like to Obversate as well...
[GAMING/SUR] | YouTube  | [Normal]     | 97%    |   64.9ms | gold gold gold...
[GAMING/SUR] | YouTube  | [Normal]     | 94%    |   55.8ms | 3...
[ENTERTAINM] | YouTube  | [Normal]     | 97%    |  148.1ms | what if you hit 500 millions  will you g...
[GAMING/GAM] | YouTube  | [Normal]     | 97%    |  119.0ms | Omg I just noticed the typo :face_with_t...
[ENTERTAINM] | YouTube  | [Normal]     | 92%    |   62.4ms | shout out Mr beast please...
[GAMING/GAM] | YouTube  | [Normal]     | 88%    |   91.5ms | love a good misspellling Always make the...
[MUSIC/CHIL] | YouTube  | [Normal]     | 95%    |   70.7ms | :sleeping_face:...
[GAMING/GAM] | YouTube  | [Normal]     | 83%    |  112.8ms | i can’t wait to watch iron lung in theat...
[GAMING/GAM] | YouTube  | [Normal]     | 95%    |   87.1ms | I'm obversing this live rn...
[SELF-HELP/] | YouTube  | [Normal]     | 63%    |   80.0ms | i disagree influencers are not human...
[GAMING/GAM] | YouTube  | [Normal]     | 96%    |   78.3ms | Time for me to sleep...
[GAMING/GAM] | YouTube  | [Normal]     | 98%    |   81.8ms | extra mouse traps in basement?...
[GAMING/SUR] | YouTube  | [Normal]     | 95%    |   68.2ms | Scrappers lives matter...
[ENTERTAINM] | YouTube  | [Normal]     | 96%    |   99.2ms | :sign_of_the_horns::victory_hand:...
[ENTERTAINM] | YouTube  | [Normal]     | 96%    |   89.4ms | Indiaaaaaaaaaaaaaaaaaaaa...
[GAMING/GAM] | YouTube  | [Normal]     | 96%    |   81.3ms | When is the next sprunki video mark...
[GAMING/GAM] | YouTube  | [Normal]     | 97%    |   66.6ms | Next movie idea? observation duty mm...
[GAMING/GAM] | YouTube  | [Normal]     | 91%    |  150.1ms | this is the first time i made it to a st...
[GAMING/GAM] | YouTube  | [Normal]     | 97%    |   75.9ms | observation duty movie by markiplier whe...
[GAMING/SUR] | YouTube  | [Normal]     | 96%    |   71.4ms | Still 1000 scarp in base...
[GAMING/GAM] | YouTube  | [Normal]     | 93%    |   55.5ms | YES...
[GAMING/SUR] | YouTube  | [Normal]     | 95%    |   86.3ms | hutch is just strolling around with 4k m...
[GAMING/GAM] | YouTube  | [Normal]     | 96%    |   66.5ms | light on beach...
[PSYCHOLOGY] | YouTube  | [Normal]     | 97%    |   77.8ms | narcissist?...
[ENTERTAINM] | YouTube  | [Normal]     | 94%    |   59.7ms | 5...
[ENTERTAINM] | YouTube  | [Normal]     | 94%    |   57.1ms | 5...
[ENTERTAINM] | YouTube  | [Normal]     | 94%    |   63.6ms | 5...
[ENTERTAINM] | YouTube  | [Normal]     | 95%    |   78.3ms | 129...
[GAMING/GAM] | YouTube  | [Normal]     | 96%    |   71.2ms | STAIRS???...
[GAMING/GAM] | YouTube  | [Normal]     | 92%    |   71.5ms | MARK THE STAIRS ARE UNDULATING...
[GAMING/GAM] | YouTube  | [Normal]     | 95%    |   56.4ms | BASEMENT STAIRS MOVING...
[MUSIC/CHIL] | YouTube  | [Normal]     | 98%    |  115.6ms | :helicopter::roll_of_paper::roll_of_pape...
[GAMING/GAM] | YouTube  | [Normal]     | 86%    |   71.9ms | the bed!...
[ENTERTAINM] | YouTube  | [Normal]     | 89%    |   98.1ms | :ok_hand::ok_hand::ok_hand:...
[GAMING/GAM] | YouTube  | [Normal]     | 94%    |   74.6ms | No way the number one director missed th...
[ENTERTAINM] | YouTube  | [Normal]     | 98%    |   84.2ms | :rock: :scroll: :scissors:...
[NEWS/LIVE ] | YouTube  | [Normal]     | 94%    |   78.4ms | Don’t cry for me Argentina :musical_note...
[GAMING/GAM] | YouTube  | [Normal]     | 95%    |   72.9ms | wow...
[ENTERTAINM] | YouTube  | [Normal]     | 96%    |  106.5ms | today will go down in history is being t...
[GAMING/GAM] | YouTube  | [Normal]     | 56%    |   89.5ms | MARK IM ABOUT TO GO SEE IORN LUNG YOU BE...
[ENTERTAINM] | YouTube  | [Normal]     | 94%    |   57.1ms | hi...
[GAMING/GAM] | YouTube  | [Normal]     | 97%    |   74.5ms | LANTERN MOVEMENT INTERIOR...
[GAMING/GAM] | YouTube  | [Normal]     | 93%    |   97.8ms | hey Mark are you gonna play White Knuckl...
[GAMING/GAM] | YouTube  | [Normal]     | 95%    |  122.1ms | HI MARKKKK CONGRATS ON YOUR MOVIE!!!!!!!...
[ENTERTAINM] | YouTube  | [Normal]     | 94%    |   57.0ms | hi...
[GAMING/GAM] | YouTube  | [Normal]     | 95%    |   62.4ms | Absolute Cinema...
[GAMING/GAM] | YouTube  | [Normal]     | 97%    |   74.2ms | OIL LAMP MOVED OIL LAMP MOVED OIL LAMP M...
[ENTERTAINM] | YouTube  | [Normal]     | 90%    |   53.6ms | 𝚑𝚘𝚕𝚊...
[GAMING/GAM] | YouTube  | [Normal]     | 96%    |   88.2ms | My 9 month old is captivated by your voi...
[GAMING/GAM] | YouTube  | [Normal]     | 91%    |   86.9ms | if we all scream about the same issue we...
[ENTERTAINM] | YouTube  | [Normal]     | 93%    |   51.1ms | yes...
[GAMING/GAM] | YouTube  | [OFFENSIVE]  | 56%    |   88.1ms | BBBEEEEEDDDDDDDDDDDDDDDDD...
[GAMING/GAM] | YouTube  | [Normal]     | 96%    |   58.0ms | Bench....
[ENTERTAINM] | YouTube  | [Normal]     | 91%    |   57.2ms | PAKISTAN...
[GAMING/GAM] | YouTube  | [Normal]     | 97%    |   80.4ms | Marker plier look at the bed...
[GAMING/GAM] | YouTube  | [Normal]     | 94%    |   58.6ms | MARKKK...
[ENTERTAINM] | YouTube  | [Normal]     | 93%    |   73.0ms | Mr Beast Can you give 100$ pls...
[MUSIC/CHIL] | YouTube  | [Normal]     | 98%    |   69.3ms | bye:washhands:...
[GAMING/GAM] | YouTube  | [Normal]     | 87%    |   72.1ms | THE BED MISTER...
[GAMING/GAM] | YouTube  | [Normal]     | 94%    |   59.1ms | Hi...
[GAMING/SUR] | YouTube  | [Normal]     | 96%    |   76.1ms | MTNBAY 11% VOODOO RANGER G FORCE IS BETT...
[GAMING/GAM] | YouTube  | [Normal]     | 97%    |   69.2ms | FUSE BOX!!!!...
[ENTERTAINM] | YouTube  | [Normal]     | 94%    |   62.8ms | hi...
[GAMING/GAM] | YouTube  | [Normal]     | 87%    |   80.6ms | There's something strange  in your neigh...
[NEWS/LIVE ] | YouTube  | [Normal]     | 86%    |   97.8ms | Argentina por favor jogue o melhor futeb...
[PSYCHOLOGY] | YouTube  | [Normal]     | 92%    |  103.1ms | what should i do if my therapist tells m...
[GAMING/SUR] | YouTube  | [Normal]     | 94%    |   55.1ms | 12...
[MUSIC/CHIL] | YouTube  | [Normal]     | 96%    |  134.6ms | :eyes-purple-crying:yehh I'd tumari shot...
[ENTERTAINM] | YouTube  | [Normal]     | 90%    |  153.6ms | :stayhome::stayhome::stayhome::stayhome:...
[GAMING/GAM] | YouTube  | [Normal]     | 86%    |   71.4ms | heck yeah...
[GAMING/GAM] | YouTube  | [Normal]     | 90%    |   75.5ms | LIGHT HOUSE...
[GAMING/GAM] | YouTube  | [Normal]     | 94%    |   64.2ms | The stairwell fence moved...
[ENTERTAINM] | YouTube  | [Normal]     | 94%    |   58.3ms | 1...
[ENTERTAINM] | YouTube  | [Normal]     | 94%    |   61.4ms | 1...
[GAMING/GAM] | YouTube  | [Normal]     | 96%    |   61.8ms | Cheese!...
[MUSIC/CHIL] | YouTube  | [Normal]     | 96%    |   56.1ms | rey...
[GAMING/GAM] | YouTube  | [Normal]     | 95%    |   64.2ms | yay...
[GAMING/SUR] | YouTube  | [Normal]     | 93%    |   52.8ms | go higher...
[GAMING/SUR] | YouTube  | [Normal]     | 87%    |   83.1ms | No...
[ENTERTAINM] | YouTube  | [Normal]     | 94%    |   81.8ms | 6...
[GAMING/GAM] | YouTube  | [Normal]     | 96%    |  126.4ms | CONGRATS ON THE MOVIE BRO!!!!!! :clapper...
[ENTERTAINM] | YouTube  | [Normal]     | 95%    |   85.1ms | 1111111...
[ENTERTAINM] | YouTube  | [Normal]     | 94%    |   77.7ms | 1...
[ENTERTAINM] | YouTube  | [Normal]     | 94%    |   77.4ms | 1...
[ENTERTAINM] | YouTube  | [Normal]     | 93%    |   79.5ms | omg...
[GAMING/GAM] | YouTube  | [Normal]     | 93%    |   68.5ms | extra railing...
[GAMING/SUR] | YouTube  | [Normal]     | 85%    |   79.8ms | nooooo...
[PSYCHOLOGY] | YouTube  | [Normal]     | 96%    |   88.4ms | What about the future?...
[GAMING/SUR] | YouTube  | [Normal]     | 93%    |   80.8ms | it doesnt matter...
[GAMING/GAM] | YouTube  | [Normal]     | 86%    |   72.3ms | KERFUKLED...
[GAMING/GAM] | YouTube  | [Normal]     | 95%    |  106.3ms | I’m working and my extra duty is observi...
[GAMING/GAM] | YouTube  | [Normal]     | 97%    |   70.3ms | Interior lantern...
[GAMING/SUR] | YouTube  | [Normal]     | 91%    |   70.9ms | Wait oh god...
[ENTERTAINM] | YouTube  | [Normal]     | 95%    |   82.5ms | please shout-out mr beast bro...
[ENTERTAINM] | YouTube  | [Normal]     | 94%    |  105.6ms | यह तो पागलपन है mrbeast...
[ENTERTAINM] | YouTube  | [Normal]     | 86%    |   70.6ms | call Pewdiepie...
[ENTERTAINM] | YouTube  | [Normal]     | 97%    |   70.7ms | i love Mr Best...
[ENTERTAINM] | YouTube  | [Normal]     | 97%    |   75.1ms | I am a sponsor...
[ENTERTAINM] | YouTube  | [Normal]     | 96%    |   74.3ms | love u from Bangladesh...
[GAMING/GAM] | YouTube  | [Normal]     | 96%    |  104.3ms | so far it seems like there aren't any ai...
[GAMING/GAM] | YouTube  | [Normal]     | 97%    |   96.7ms | IRON LUNG WAS AMAZING!!!!!...
[GAMING/SUR] | YouTube  | [Normal]     | 73%    |   98.2ms | doesn't matter wh8ch way...
[GAMING/GAM] | YouTube  | [Normal]     | 93%    |   80.9ms | F...
[GAMING/SUR] | YouTube  | [Normal]     | 85%    |   81.6ms | lies...
[GAMING/GAM] | YouTube  | [Normal]     | 96%    |   98.2ms | so mark when are we getting the observat...
[GAMING/GAM] | YouTube  | [Normal]     | 88%    |   72.1ms | ocean madness...
[ENTERTAINM] | YouTube  | [Normal]     | 94%    |   80.4ms | 1...
[GAMING/GAM] | YouTube  | [Normal]     | 96%    |   71.0ms | conversation duty...
[ENTERTAINM] | YouTube  | [Normal]     | 96%    |   88.8ms | 500 mln!!!...
[GAMING/GAM] | YouTube  | [Normal]     | 95%    |   87.0ms | as a librarian I stand behind you lol...
[GAMING/GAM] | YouTube  | [Normal]     | 97%    |  173.6ms | just watched Iron Lung. awesome work Mar...
[ENTERTAINM] | YouTube  | [Normal]     | 96%    |  102.3ms | This stream is better than world cup liv...
[GAMING/GAM] | YouTube  | [Normal]     | 94%    |   77.1ms | it's like some kind of observ...
[GAMING/GAM] | YouTube  | [Normal]     | 88%    |  103.4ms | I love observation duty but does anyone ...
[ENTERTAINM] | YouTube  | [Normal]     | 93%    |   51.6ms | omg...
[GAMING/GAM] | YouTube  | [Normal]     | 96%    |   65.8ms | bro missed the anomaly in the title...
[GAMING/GAM] | YouTube  | [Normal]     | 95%    |   62.8ms | obserdution duty...
[PSYCHOLOGY] | YouTube  | [Normal]     | 95%    |   66.7ms | Soooo interesting...
[MUSIC/CHIL] | YouTube  | [Normal]     | 90%    |   71.4ms | GTA really so You too...
[GAMING/GAM] | YouTube  | [Normal]     | 97%    |   84.5ms | My goldfish memory can’t handle this gam...
[GAMING/GAM] | YouTube  | [Normal]     | 91%    |  106.2ms | it's okay Mark  I would be trash at this...
[GAMING/GAM] | YouTube  | [Normal]     | 98%    |  113.2ms | Mark check for a flash on the camera in ...
[GAMING/GAM] | YouTube  | [Normal]     | 94%    |   68.4ms | I believe in you...
[GAMING/GAM] | YouTube  | [Normal]     | 88%    |   96.7ms | camera malfunction means you lost camera...
[ENTERTAINM] | YouTube  | [Normal]     | 94%    |   53.3ms | hi...
[GAMING/GAM] | YouTube  | [Normal]     | 95%    |   79.5ms | The railing changed in the stairwell las...
[ENTERTAINM] | YouTube  | [Normal]     | 94%    |   54.8ms | hi...
[GAMING/GAM] | YouTube  | [Normal]     | 90%    |   82.9ms | who up obversation they duty...
[ENTERTAINM] | YouTube  | [Normal]     | 96%    |   78.8ms | I gonna use these videos to study Englis...
[PSYCHOLOGY] | YouTube  | [Normal]     | 96%    |   73.5ms | 100% would've been a nun...
[GAMING/SUR] | YouTube  | [OFFENSIVE]  | 52%    |   51.3ms | oh shit...
[GAMING/GAM] | YouTube  | [Normal]     | 94%    |   57.0ms | yapee...
[GAMING/GAM] | YouTube  | [Normal]     | 97%    |   85.8ms | Hi mark  loved Iron Lung. Watched it wit...
[ENTERTAINM] | YouTube  | [Normal]     | 96%    |   62.8ms | Hello Jimmy...
[ENTERTAINM] | YouTube  | [Normal]     | 89%    |   74.1ms | Helooooooooo...
[ENTERTAINM] | YouTube  | [Normal]     | 94%    |   56.1ms | 1...
[ENTERTAINM] | YouTube  | [Normal]     | 94%    |   59.0ms | WA...
[GAMING/GAM] | YouTube  | [Normal]     | 94%    |   87.8ms | hey mark are you going to play thr fatal...
[GAMING/GAM] | YouTube  | [Normal]     | 89%    |   76.8ms | You’re the best YouTuber ever mark...
[GAMING/GAM] | YouTube  | [Normal]     | 77%    |   70.6ms | yessssssssssssssssss...
[PSYCHOLOGY] | YouTube  | [Normal]     | 76%    |  123.1ms | So  my animus is out of control because ...
[ENTERTAINM] | YouTube  | [Normal]     | 96%    |   66.2ms | Love from North Carolina...
[GAMING/GAM] | YouTube  | [Normal]     | 94%    |   75.8ms | maybe the anomaly was the friends we mad...
[GAMING/SUR] | YouTube  | [Normal]     | 93%    |   67.5ms | OMG!!!!!...
[GAMING/GAM] | YouTube  | [Normal]     | 92%    |   56.7ms | yeah...
[GAMING/SUR] | YouTube  | [Normal]     | 94%    |   64.7ms | LOLOLOL...
[ENTERTAINM] | YouTube  | [Normal]     | 94%    |   66.1ms | Mr Beast Hello from Russia...
[GAMING/GAM] | YouTube  | [Normal]     | 91%    |   67.1ms | Yes your fine...
[SELF-HELP/] | YouTube  | [Normal]     | 69%    |  158.4ms | How do you navigate the hate before it l...
[GAMING/SUR] | YouTube  | [OFFENSIVE]  | 95%    |  192.1ms | this is the worst heli take ive ever see...
[GAMING/SUR] | YouTube  | [Normal]     | 95%    |   82.8ms | let me just run down 9 floors to reload....
[GAMING/GAM] | YouTube  | [Normal]     | 98%    |  101.5ms | This lvl is in demo  we can play along f...
[ENTERTAINM] | YouTube  | [Normal]     | 83%    |   72.6ms | no dont...
[GAMING/GAM] | YouTube  | [Normal]     | 97%    |   75.9ms | extra mous3 trap?...
[ENTERTAINM] | YouTube  | [Normal]     | 90%    |   62.2ms | හලෝ...
[ENTERTAINM] | YouTube  | [Normal]     | 96%    |   65.3ms | I KNOW THE SONG...
[GAMING/SUR] | YouTube  | [Normal]     | 97%    |   69.5ms | 5 bullets out of 30...
[GAMING/GAM] | YouTube  | [Normal]     | 93%    |   70.1ms | Oooo...
[ENTERTAINM] | YouTube  | [Normal]     | 87%    |   64.0ms | A...
[ENTERTAINM] | YouTube  | [Normal]     | 96%    |   73.1ms | Some of us are in our 40s...
[GAMING/SUR] | YouTube  | [Normal]     | 90%    |   74.8ms | welyn having way too much fun...
[ENTERTAINM] | YouTube  | [Normal]     | 89%    |   73.4ms | nahhh i just aint playin minecraft...
[ENTERTAINM] | YouTube  | [Normal]     | 86%    |   66.3ms | yo...
[GAMING/GAM] | YouTube  | [Normal]     | 67%    |   79.1ms | there is a body in the bed...
[ENTERTAINM] | YouTube  | [Normal]     | 93%    |   73.5ms | idk why I'm cry...
[GAMING/SUR] | YouTube  | [Normal]     | 96%    |   61.3ms | thank you...
[GAMING/GAM] | YouTube  | [Normal]     | 40%    |   83.0ms | They’re trying to “send help”...
[GAMING/SUR] | YouTube  | [Normal]     | 94%    |   62.7ms | Shoulda hit it with rocks...
[ENTERTAINM] | YouTube  | [Normal]     | 97%    |   73.9ms | can you gift me a free pc?...
[ENTERTAINM] | YouTube  | [Normal]     | 97%    |   64.0ms | Close to 1 billion subscribers...
[ENTERTAINM] | YouTube  | [Normal]     | 98%    |  334.7ms | :hand-pink-waving::hand-pink-waving::han...
[GAMING/GAM] | YouTube  | [Normal]     | 96%    |  148.7ms | @markiplier Congrats on the film man!!! ...
[GAMING/GAM] | YouTube  | [Normal]     | 78%    |   89.5ms | you are an apex predator  on the prowl f...
[GAMING/GAM] | YouTube  | [Normal]     | 97%    |  177.7ms | Make sure to give IRON LUNG A 10 ON IMDB...
[ENTERTAINM] | YouTube  | [OFFENSIVE]  | 49%    |   68.8ms | 500 millions it's crazyy...
[ENTERTAINM] | YouTube  | [Normal]     | 96%    |   82.7ms | bro I I need I phone 17 pro maxxx...
[MUSIC/CHIL] | YouTube  | [Normal]     | 98%    |  146.1ms | Ask about ur tom and Jerry fight :face_w...
[GAMING/SUR] | YouTube  | [Normal]     | 47%    |   68.3ms | PUT ON SOME CLOTHES YOU FREAK LOL...
[MUSIC/CHIL] | YouTube  | [Normal]     | 98%    |   72.6ms | :musical_score::hot_beverage:...
[GAMING/SUR] | YouTube  | [Normal]     | 96%    |  102.6ms | shut the doors this time p:face_with_tea...
[SPORTS/FOO] | YouTube  | [Normal]     | 95%    |   67.9ms | 독일 왜그랴?...
[GAMING/GAM] | YouTube  | [Normal]     | 97%    |   62.7ms | i love this show...
[GAMING/SUR] | YouTube  | [Normal]     | 96%    |   82.3ms | What’s this walnut doing tonight?...
[GAMING/GAM] | YouTube  | [Normal]     | 97%    |   96.9ms | was there always boards or something on ...
[GAMING/GAM] | YouTube  | [Normal]     | 92%    |   72.4ms | I think there is extra mouse traps in th...
[GAMING/GAM] | YouTube  | [Normal]     | 95%    |  193.4ms | :_markiLOVE::_markiLOVE::_markiLOVE::_ma...
[GAMING/SUR] | YouTube  | [Normal]     | 86%    |   60.0ms | Go to the boat...
[ENTERTAINM] | YouTube  | [Normal]     | 97%    |   64.8ms | try tecnoblade...
[GAMING/GAM] | YouTube  | [Normal]     | 96%    |   65.4ms | hi from France !!...
[ENTERTAINM] | YouTube  | [Normal]     | 97%    |  135.9ms | я Армения живу в Абхазии:heart_suit::hea...
[ENTERTAINM] | YouTube  | [Normal]     | 90%    |   73.7ms | YOU DONT KNOW I SHOW SPEED...
[MUSIC/CHIL] | YouTube  | [Normal]     | 95%    |   58.5ms | :zzz:...
[ENTERTAINM] | YouTube  | [Normal]     | 40%    |   68.6ms | suiiiiiiiiii speeed...
[ENTERTAINM] | YouTube  | [Normal]     | 97%    |   85.9ms | awhat are we doing for 500k?...
[GAMING/GAM] | YouTube  | [Normal]     | 95%    |   53.4ms | :(...
[GAMING/GAM] | YouTube  | [Normal]     | 97%    |   58.7ms | 3 ROPES IN INTERIOR...
[MUSIC/CHIL] | YouTube  | [Normal]     | 95%    |  217.1ms | :rolling_on_the_floor_laughing::rolling_...
[GAMING/GAM] | YouTube  | [Normal]     | 97%    |   64.3ms | SECOND MOUSETRAP IN BASEMENT...
[ENTERTAINM] | YouTube  | [Normal]     | 92%    |   69.5ms | yooooo...
[SELF-HELP/] | YouTube  | [Normal]     | 86%    |   58.4ms | freudian slip...
[GAMING/GAM] | YouTube  | [Normal]     | 90%    |   77.4ms | The shadow in the carpet looks weird...
[GAMING/GAM] | YouTube  | [Normal]     | 77%    |   64.6ms | spookyy...
[GAMING/GAM] | YouTube  | [Normal]     | 90%    |   77.4ms | I swear those pipes besides the stairs l...
[GAMING/GAM] | YouTube  | [Normal]     | 97%    |   79.0ms | abosvertion duudi anomomaly 3...
[ENTERTAINM] | YouTube  | [Normal]     | 97%    |  315.0ms | Translate my message. Здравствуйте я из ...
[ENTERTAINM] | YouTube  | [Normal]     | 97%    |  133.0ms | :slightly_smiling_face::slightly_smiling...
[GAMING/SUR] | YouTube  | [OFFENSIVE]  | 80%    |   81.5ms | NO LAGGG HERE...
[ENTERTAINM] | YouTube  | [Normal]     | 97%    |   79.9ms | i was there...
[GAMING/GAM] | YouTube  | [Normal]     | 77%    |  100.3ms | no iron lung for Ukrainian?(((...
[GAMING/GAM] | YouTube  | [Normal]     | 97%    |   71.9ms | lantern in interior...
[MUSIC/CHIL] | YouTube  | [Normal]     | 98%    |   95.8ms | ...:face-turquoise-music-note:...
[GAMING/GAM] | YouTube  | [Normal]     | 97%    |   74.4ms | LANTERN movement bottom stair!...
[GAMING/GAM] | YouTube  | [OFFENSIVE]  | 87%    |   78.4ms | How the fuck does he keep up with chat?...
[ENTERTAINM] | YouTube  | [Normal]     | 97%    |  160.9ms | :grinning_face_with_smiling_eyes::grinni...
[ENTERTAINM] | YouTube  | [Normal]     | 95%    |   56.5ms | call speed...
[GAMING/GAM] | YouTube  | [Normal]     | 96%    |   65.8ms | Check the lighthouse light?...
[GAMING/SUR] | YouTube  | [Normal]     | 96%    |   53.0ms | wide open...
[GAMING/GAM] | YouTube  | [Normal]     | 85%    |   64.5ms | the eyes...
[ENTERTAINM] | YouTube  | [Normal]     | 97%    |  217.7ms | @MrBeast #MrBeast I’m Masud from Banglad...
[GAMING/SUR] | YouTube  | [Normal]     | 75%    |  102.2ms | GATE IS AN AIRLOCK STOP SAYING ITS OPEN ...
[MUSIC/CHIL] | YouTube  | [Normal]     | 95%    |   68.6ms | ab mujhe neend aari...
[GAMING/SUR] | YouTube  | [Normal]     | 94%    |   74.1ms | lock your external tcs peanut!...
[GAMING/GAM] | YouTube  | [Normal]     | 79%    |   87.6ms | there is a crazy man on the top left:chi...
[GAMING/GAM] | YouTube  | [Normal]     | 96%    |   67.5ms | MAKE SURE TO DOUBLE CHECK CAMERAS MARK...
[ENTERTAINM] | YouTube  | [Normal]     | 94%    |   70.2ms | jimmy ask them who knows Ronaldo...
[GAMING/SUR] | YouTube  | [Normal]     | 91%    |   89.3ms | why tf does bro live in whiterun...
[GAMING/SUR] | YouTube  | [Normal]     | 94%    |   64.7ms | CLOSE FIRST GATE...
[GAMING/SUR] | YouTube  | [Normal]     | 96%    |   64.1ms | Is AK spray good?...
[GAMING/GAM] | YouTube  | [Normal]     | 94%    |   70.0ms | intruder top left on all cams...
[ENTERTAINM] | YouTube  | [Normal]     | 97%    |   62.9ms | I'm big fan jimmy...
[ENTERTAINM] | YouTube  | [Normal]     | 94%    |   59.5ms | hola...
[SELF-HELP/] | YouTube  | [Normal]     | 95%    |   80.0ms | de-clare literally means to clarify thor...
[GAMING/GAM] | YouTube  | [Normal]     | 96%    |   88.7ms | fence in stairwell PLEASE:face-purple-cr...
[MUSIC/CHIL] | YouTube  | [Normal]     | 96%    |  101.1ms | Jiyaara dhak dhak karne laga :face_with_...
[GAMING/SUR] | YouTube  | [Normal]     | 87%    |   63.1ms | oh damn is that welyn...
[ENTERTAINM] | YouTube  | [Normal]     | 97%    |   70.8ms | Welcome New Member!...
[ENTERTAINM] | YouTube  | [Normal]     | 93%    |  179.8ms | amen you see this jimmy i really wanna b...
[ENTERTAINM] | YouTube  | [Normal]     | 94%    |   59.3ms | WW Aura Farm...
[GAMING/GAM] | YouTube  | [Normal]     | 97%    |   64.6ms | Extra fuel cans outside?...
[MUSIC/CHIL] | YouTube  | [Normal]     | 95%    |   67.2ms | :moai::knot:...
[GAMING/SUR] | YouTube  | [Normal]     | 83%    |   67.3ms | DOOR IS AN AIRLOCK...
[ENTERTAINM] | YouTube  | [Normal]     | 97%    |  128.6ms | :clock-turquoise-looking-up::clock-turqu...
[GAMING/GAM] | YouTube  | [Normal]     | 94%    |   76.9ms | feel like the furnace in the keeper's ho...
[GAMING/GAM] | YouTube  | [Normal]     | 92%    |   79.2ms | can't believe this guy made iron lung...
[GAMING/GAM] | YouTube  | [Normal]     | 97%    |   62.7ms | WOOD PILE IN CABIN??...
[GAMING/GAM] | YouTube  | [Normal]     | 82%    |   58.9ms | check the boat...
[ENTERTAINM] | YouTube  | [Normal]     | 96%    |   78.3ms | Hiiiii bro 500MMMM...
[ENTERTAINM] | YouTube  | [Normal]     | 94%    |  249.1ms | :buffering::buffering::buffering::buffer...
[MUSIC/CHIL] | YouTube  | [Normal]     | 50%    |   91.4ms | kejti sis he is disgusting:face_with_sym...
[PSYCHOLOGY] | YouTube  | [Normal]     | 90%    |   64.9ms | also extremely sexualised...
[GAMING/SUR] | YouTube  | [Normal]     | 89%    |   57.9ms | rust...
[GAMING/GAM] | YouTube  | [Normal]     | 92%    |   99.9ms | Love you  Mark. Can't wait to see Iron L...
[NEWS/LIVE ] | YouTube  | [Normal]     | 92%    |   58.8ms | Yeah I keep forgetting...
[GAMING/GAM] | YouTube  | [Normal]     | 97%    |   64.1ms | THE FUSE BOX...
[ENTERTAINM] | YouTube  | [Normal]     | 77%    |   87.6ms | broooooooooo9ooooooooooooo...
[GAMING/GAM] | YouTube  | [Normal]     | 97%    |  130.5ms | LANTERN SHADOW INTERIOR PLEASE :loudly_c...
[GAMING/GAM] | YouTube  | [Normal]     | 95%    |  195.8ms | There's no way you will see this. but yo...
[ENTERTAINM] | YouTube  | [Normal]     | 93%    |   57.6ms | India...
[ENTERTAINM] | YouTube  | [Normal]     | 92%    |   60.0ms | Zimbabwe...
[MUSIC/CHIL] | YouTube  | [Normal]     | 97%    |  181.2ms | Some doctors here are guys with girls ac...
[GAMING/GAM] | YouTube  | [Normal]     | 90%    |   60.3ms | Lightly anomalous...
[GAMING/GAM] | YouTube  | [Normal]     | 96%    |   70.4ms | THE LIGHT MARKKKK...
[ENTERTAINM] | YouTube  | [Normal]     | 95%    |   58.5ms | unsub?...
[GAMING/GAM] | YouTube  | [Normal]     | 94%    |   80.4ms | light malfunction in the yard for sure...
[GAMING/SUR] | YouTube  | [Normal]     | 97%    |   58.6ms | for its content...
[GAMING/GAM] | YouTube  | [Normal]     | 92%    |   70.9ms | Light anomaly in the yard...
[GAMING/SUR] | YouTube  | [Normal]     | 91%    |   64.6ms | STAY HOME!...
[GAMING/GAM] | YouTube  | [Normal]     | 96%    |   58.0ms | light anomaly?...
[GAMING/SUR] | YouTube  | [Normal]     | 95%    |   66.0ms | Turrets...
[GAMING/GAM] | YouTube  | [Normal]     | 97%    |   77.5ms | Welcome to the new members...
[GAMING/SUR] | YouTube  | [Normal]     | 91%    |   72.4ms | STAY HOME!...
[PSYCHOLOGY] | YouTube  | [Normal]     | 92%    |   88.3ms | nah bruh not a bot...
[ENTERTAINM] | YouTube  | [Normal]     | 94%    |   76.5ms | 1...
[GAMING/GAM] | YouTube  | [Normal]     | 96%    |   87.3ms | isn't one mouse trap missing?...
[GAMING/SUR] | YouTube  | [Normal]     | 96%    |   64.6ms | defense 1st...
[SELF-HELP/] | YouTube  | [Normal]     | 91%    |   85.3ms | jordan isnt the greatest example of ment...
[GAMING/GAM] | YouTube  | [Normal]     | 79%    |   87.9ms | the pole on the dock is bigger...
[GAMING/GAM] | YouTube  | [Normal]     | 88%    |   70.6ms | @markiplier the wobble s a distraction...
[GAMING/SUR] | YouTube  | [Normal]     | 97%    |   60.8ms | Oil...
[GAMING/GAM] | YouTube  | [Normal]     | 96%    |   76.3ms | barrels in the basement moved...
[ENTERTAINM] | YouTube  | [Normal]     | 94%    |   54.8ms | 1...
[GAMING/GAM] | YouTube  | [Normal]     | 97%    |   73.9ms | The yard!!!...
[ENTERTAINM] | YouTube  | [Normal]     | 94%    |   56.9ms | 1...
[GAMING/GAM] | YouTube  | [Normal]     | 69%    |   75.8ms | It’s the wibble wobble...
[GAMING/GAM] | YouTube  | [Normal]     | 95%    |   88.3ms | THE BUCKET WASNT FULL BEFORE. AT THE TOP...
[GAMING/GAM] | YouTube  | [Normal]     | 97%    |   95.1ms | was the object on a rope swinging before...
[ENTERTAINM] | YouTube  | [Normal]     | 88%    |   73.5ms | I don't want to lose my history!...
[GAMING/GAM] | YouTube  | [Normal]     | 93%    |   56.9ms | OMG...
[GAMING/GAM] | YouTube  | [Normal]     | 85%    |   73.7ms | DID U SEE THE NASA PEEPO...
[ENTERTAINM] | YouTube  | [Normal]     | 94%    |   78.4ms | 1...
[GAMING/GAM] | YouTube  | [Normal]     | 95%    |   77.9ms | wth was that!!!...
[ENTERTAINM] | YouTube  | [Normal]     | 97%    |   73.1ms | :face-purple-crying:...
[GAMING/SUR] | YouTube  | [Normal]     | 78%    |   79.5ms | They defo raided an external tc...
[ENTERTAINM] | YouTube  | [Normal]     | 94%    |   57.3ms | hi...
[GAMING/GAM] | YouTube  | [Normal]     | 96%    |   60.6ms | stairwell pillar movement...
[ENTERTAINM] | YouTube  | [Normal]     | 96%    |   69.1ms | love you jimmy...
[GAMING/GAM] | YouTube  | [Normal]     | 96%    |   70.4ms | hi markkkk...
[GAMING/GAM] | YouTube  | [Normal]     | 95%    |  106.6ms | Mark you are the best YouTuber on the pl...
[GAMING/GAM] | YouTube  | [Normal]     | 88%    |   58.7ms | THEY MOVED...
[ENTERTAINM] | YouTube  | [Normal]     | 96%    |   57.8ms | New member...
[GAMING/GAM] | YouTube  | [Normal]     | 95%    |   80.9ms | Watching group hysteria happen in real t...
[ENTERTAINM] | YouTube  | [Normal]     | 88%    |   57.5ms | @mrbeast...
[GAMING/GAM] | YouTube  | [Normal]     | 96%    |   67.8ms | tiny box tim...
[GAMING/GAM] | YouTube  | [Normal]     | 79%    |   60.9ms | im not paying attention tbh...
[GAMING/GAM] | YouTube  | [Normal]     | 97%    |   74.4ms | 'CMON MARK BARRELS...
[ENTERTAINM] | YouTube  | [Normal]     | 96%    |  229.1ms | :skull_and_crossbones::skull_and_crossbo...
[MUSIC/CHIL] | YouTube  | [Normal]     | 97%    |   61.4ms | hello:hot_beverage:...
[GAMING/GAM] | YouTube  | [Normal]     | 86%    |   57.2ms | ROPES TOO LONG HANGING...
[GAMING/GAM] | YouTube  | [Normal]     | 94%    |   66.2ms | ADDICTIONAL ITEMS MARK...
[ENTERTAINM] | YouTube  | [Normal]     | 96%    |   72.2ms | hiiiiii...
[SELF-HELP/] | YouTube  | [Normal]     | 81%    |   67.0ms | yah they're valid...
[GAMING/SUR] | YouTube  | [Normal]     | 94%    |   75.5ms | building on quicksand. Repair your base...
[MUSIC/CHIL] | YouTube  | [Normal]     | 87%    |   67.4ms | shish tc...
[ENTERTAINM] | YouTube  | [Normal]     | 97%    |   68.1ms | We love you...
[GAMING/SUR] | YouTube  | [OFFENSIVE]  | 92%    |  119.7ms | BRO IF I HEAR PEANUT SAY DANIS IS A UFC ...
[GAMING/GAM] | YouTube  | [Normal]     | 96%    |   51.8ms | STAIRWELL PILLAR...
[GAMING/SUR] | YouTube  | [Normal]     | 73%    |   73.7ms | TAKE THE GUN OFF HOTBAR...
[NEWS/LIVE ] | YouTube  | [Normal]     | 93%    |   63.7ms | :buffering:...
[GAMING/GAM] | YouTube  | [Normal]     | 95%    |   65.8ms | YES THE BARRELS ROTATED I KNEW IT...
[MUSIC/CHIL] | YouTube  | [Normal]     | 94%    |   80.1ms | @Dude-23zx btw  whts ur name?...
[MUSIC/CHIL] | YouTube  | [Normal]     | 98%    |   87.6ms | ..:face-turquoise-music-note:...
[ENTERTAINM] | YouTube  | [Normal]     | 94%    |   51.5ms | W jimmy...
[GAMING/GAM] | YouTube  | [Normal]     | 96%    |   56.3ms | Stairwell railing moved...
[GAMING/GAM] | YouTube  | [Normal]     | 95%    |   61.1ms | WINDOW IN CABIN...
[MUSIC/CHIL] | YouTube  | [Normal]     | 96%    |   95.3ms | campur gandul mentah men AKEH banyu susu...
[ENTERTAINM] | YouTube  | [Normal]     | 96%    |  162.4ms | :loudly_crying_face::face_with_rolling_e...
[GAMING/GAM] | YouTube  | [Normal]     | 97%    |   74.2ms | The railing moved on the stairs!!!...
[MUSIC/CHIL] | YouTube  | [Normal]     | 97%    |  100.2ms | nu jocul ăla mă ține să nu merg mai depa...
[ENTERTAINM] | YouTube  | [Normal]     | 94%    |   60.4ms | Omegle...
[SELF-HELP/] | YouTube  | [OFFENSIVE]  | 81%    |   71.3ms | damn  didn't know he'd be live...
[GAMING/GAM] | YouTube  | [Normal]     | 97%    |   78.7ms | movement at the fog????...
[GAMING/GAM] | YouTube  | [Normal]     | 94%    |   78.4ms | STAIRWELL!! THE BROKEN FENCE MOVED!!...
[ENTERTAINM] | YouTube  | [Normal]     | 96%    |  113.2ms | help meere :folded_hands::folded_hands::...
[GAMING/GAM] | YouTube  | [Normal]     | 97%    |   99.0ms | Hi nice to see you...:kiss::kiss::kiss:...
[GAMING/GAM] | YouTube  | [Normal]     | 91%    |   75.7ms | THE LEFT MORE IT MOVED UP...
[ENTERTAINM] | YouTube  | [Normal]     | 98%    |   80.4ms | :hand-pink-waving::hand-pink-waving:...
[SPORTS/FOO] | YouTube  | [Normal]     | 93%    |   69.2ms | ig dulu...
[GAMING/SUR] | YouTube  | [Normal]     | 68%    |   63.8ms | dont do it...
[GAMING/GAM] | YouTube  | [Normal]     | 95%    |   65.4ms | friend!!!!...
[GAMING/GAM] | YouTube  | [Normal]     | 92%    |   58.8ms | oh no...
[GAMING/GAM] | YouTube  | [OFFENSIVE]  | 50%    |   62.9ms | WHAT THE HELL...
[GAMING/GAM] | YouTube  | [Normal]     | 96%    |   66.1ms | aaaaaaaaaaaaaa...
[GAMING/SUR] | YouTube  | [OFFENSIVE]  | 83%    |  164.9ms | peanut is the guy who has his doctor tel...
[GAMING/GAM] | YouTube  | [Normal]     | 97%    |   74.2ms | I eat that for snacks...
[ENTERTAINM] | YouTube  | [Normal]     | 95%    |   62.6ms | kel...
[GAMING/GAM] | YouTube  | [Normal]     | 96%    |   63.5ms | fireflies in the stairwell...
[ENTERTAINM] | YouTube  | [Normal]     | 94%    |   51.1ms | Hay...
[GAMING/GAM] | YouTube  | [Normal]     | 96%    |   72.7ms | forgot for a second that I was watching ...
[GAMING/SUR] | YouTube  | [Normal]     | 96%    |   92.7ms | DIDN'T BRO JUST SAY HE ATE JAC IN THE BO...
[GAMING/GAM] | YouTube  | [Normal]     | 94%    |   75.5ms | YES ITS SO GOOD...
[GAMING/GAM] | YouTube  | [Normal]     | 81%    |   68.3ms | THE SWINGING THING ON THE LIGHTHOUSE...
[GAMING/GAM] | YouTube  | [Normal]     | 95%    |   58.4ms | LIGHT...
[GAMING/GAM] | YouTube  | [Normal]     | 95%    |   55.4ms | Yooo...
[GAMING/GAM] | YouTube  | [Normal]     | 95%    |   63.6ms | fuse box is nowopen...
[SELF-HELP/] | YouTube  | [Normal]     | 81%    |  112.9ms | dr k whats the difference between hate m...
[GAMING/GAM] | YouTube  | [Normal]     | 79%    |   74.7ms | DUNGEON CRAWLER CARL MENTIONED  POG...
[GAMING/SUR] | YouTube  | [Normal]     | 91%    |   69.1ms | RIP hulk hogan...
[ENTERTAINM] | YouTube  | [Normal]     | 98%    |  361.1ms | :hand-pink-waving::hand-pink-waving::han...
[GAMING/GAM] | YouTube  | [Normal]     | 78%    |   61.7ms | that do be strange...
[GAMING/GAM] | YouTube  | [Normal]     | 92%    |   69.7ms | Barrel knocked over...
[GAMING/GAM] | YouTube  | [Normal]     | 93%    |   81.8ms | cross at the end of the pier...
[GAMING/GAM] | YouTube  | [Normal]     | 97%    |   96.0ms | hello mark iplier i liked the movie :):)...
[GAMING/GAM] | YouTube  | [Normal]     | 89%    |   63.6ms | the bags look funny in basement...
[GAMING/GAM] | YouTube  | [Normal]     | 92%    |   59.8ms | YUMMY...
[GAMING/GAM] | YouTube  | [Normal]     | 97%    |   81.0ms | extra object in lantern !!!...
[ENTERTAINM] | YouTube  | [Normal]     | 92%    |   57.3ms | Virginia...
[ENTERTAINM] | YouTube  | [Normal]     | 94%    |   52.8ms | hi...
[GAMING/GAM] | YouTube  | [Normal]     | 91%    |   66.6ms | On the left...
[GAMING/GAM] | YouTube  | [Normal]     | 94%    |   50.8ms | Hi...
[GAMING/SUR] | YouTube  | [Normal]     | 79%    |   57.5ms | Turn gun bob off...
[GAMING/SUR] | YouTube  | [Normal]     | 93%    |   68.0ms | tehe...
[ENTERTAINM] | YouTube  | [Normal]     | 96%    |   75.1ms | Hi Mr beast :thumbs_up:...
[GAMING/GAM] | YouTube  | [Normal]     | 94%    |   65.4ms | broken stairwell railing moved...
[GAMING/SUR] | YouTube  | [Normal]     | 91%    |   77.6ms | me im a funny guy pick me...
[GAMING/GAM] | YouTube  | [Normal]     | 97%    |   78.3ms | Markiplier i love your videos!...
[ENTERTAINM] | YouTube  | [Normal]     | 95%    |   67.2ms | Imagine if speed joins the stream...
[ENTERTAINM] | YouTube  | [Normal]     | 96%    |   70.5ms | nepal flag...
[ENTERTAINM] | YouTube  | [Normal]     | 90%    |   73.9ms | How the 500 million button looks like?...
[GAMING/GAM] | YouTube  | [Normal]     | 83%    |   76.7ms | theres a dead body in interior...
[ENTERTAINM] | YouTube  | [Normal]     | 94%    |   63.4ms | Нормас...
[GAMING/GAM] | YouTube  | [Normal]     | 95%    |   62.8ms | Flood!...
[ENTERTAINM] | YouTube  | [Normal]     | 94%    |   79.7ms | yo beast can you throw me 100 buck am sa...
[ENTERTAINM] | YouTube  | [Normal]     | 91%    |   56.6ms | hey...
[GAMING/GAM] | YouTube  | [Normal]     | 95%    |   84.7ms | I love watching streamers play this game...
[SELF-HELP/] | YouTube  | [Normal]     | 98%    |   83.4ms | I scored 9 / 10 on ACE. I'm special....
[GAMING/GAM] | YouTube  | [Normal]     | 92%    |   68.4ms | BROKEN RAIL MOVED...
[ENTERTAINM] | YouTube  | [Normal]     | 94%    |   59.9ms | Hi beast...
[GAMING/GAM] | YouTube  | [Normal]     | 94%    |   70.9ms | I tried telling yall…...
[GAMING/SUR] | YouTube  | [Normal]     | 96%    |   83.4ms | Jethro Toe......
[SPORTS/FOO] | YouTube  | [Normal]     | 94%    |   84.1ms | 와 해딩으로...
[GAMING/SUR] | YouTube  | [Normal]     | 87%    |   82.1ms | @Justin-rockz telll me a joke...
[ENTERTAINM] | YouTube  | [Normal]     | 94%    |   75.7ms | jimmy...
[ENTERTAINM] | YouTube  | [Normal]     | 94%    |  123.5ms | Nooo:loudly_crying_face::loudly_crying_f...
[ENTERTAINM] | YouTube  | [Normal]     | 94%    |   59.3ms | nice...
[GAMING/GAM] | YouTube  | [Normal]     | 94%    |   65.1ms | really mark...
[GAMING/GAM] | YouTube  | [Normal]     | 94%    |   75.2ms | WHAT HAPPENED MR BIG BRAIN PERFECT EYES ...
[GAMING/GAM] | YouTube  | [Normal]     | 88%    |   67.1ms | Mark  sometimes we worry about you...
[SELF-HELP/] | YouTube  | [Normal]     | 87%    |   67.3ms | Quite the opposite...
[GAMING/GAM] | YouTube  | [Normal]     | 83%    |   86.9ms | mark watch out there's a intruder top le...
[PSYCHOLOGY] | YouTube  | [OFFENSIVE]  | 54%    |  131.9ms | you lost all that Shakti and now you're ...
[GAMING/GAM] | YouTube  | [Normal]     | 97%    |   74.2ms | Hi from Michigan :heart_hands:...
[ENTERTAINM] | YouTube  | [Normal]     | 95%    |   61.3ms | Bangladesh...
[ENTERTAINM] | YouTube  | [Normal]     | 97%    |   94.6ms | :red_square::white_large_square::green_s...
[ENTERTAINM] | YouTube  | [Normal]     | 91%    |   52.0ms | Free fire...
[GAMING/GAM] | YouTube  | [Normal]     | 94%    |   77.0ms | Can we talk about iron lung or did i mis...
[GAMING/GAM] | YouTube  | [Normal]     | 93%    |   72.3ms | every time I look away something happens...
[ENTERTAINM] | YouTube  | [Normal]     | 96%    |   56.6ms | Love you...
[GAMING/GAM] | YouTube  | [OFFENSIVE]  | 86%    |   81.7ms | THE BROKEN RAIL MOVEDDDD!!!!!!!...
[ENTERTAINM] | YouTube  | [Normal]     | 97%    |   72.8ms | :smiling_face_with_hearts:...
[GAMING/SUR] | YouTube  | [Normal]     | 90%    |   79.2ms | Neechi slang lol...
[ENTERTAINM] | YouTube  | [Normal]     | 95%    |   60.7ms | I am subscribed you...
[GAMING/GAM] | YouTube  | [Normal]     | 76%    |   77.3ms | whys he talking in our ears...
[MUSIC/CHIL] | YouTube  | [Normal]     | 95%    |   74.5ms | mai yhii huu...
[GAMING/GAM] | YouTube  | [Normal]     | 93%    |   73.1ms | I like my HyperX...
[ENTERTAINM] | YouTube  | [Normal]     | 84%    |  211.1ms | :man_facepalming::man_facepalming::man_f...
[ENTERTAINM] | YouTube  | [Normal]     | 96%    |   81.4ms | plz gift me some money for buying laptop...
[GAMING/GAM] | YouTube  | [Normal]     | 96%    |   82.2ms | The ropes on the barrels...
[ENTERTAINM] | YouTube  | [Normal]     | 96%    |  370.7ms | :hand-pink-waving::face-blue-smiling::fa...
[GAMING/SUR] | YouTube  | [Normal]     | 97%    |   98.7ms | 720p ahh game :grinning_squinting_face: ...
[GAMING/GAM] | YouTube  | [Normal]     | 71%    |   54.9ms | silly...
[GAMING/SUR] | YouTube  | [Normal]     | 90%    |   57.9ms | its literally all backwards...
[PSYCHOLOGY] | YouTube  | [Normal]     | 96%    |   74.7ms | :_DrKCopium:...
[GAMING/GAM] | YouTube  | [Normal]     | 91%    |   60.7ms | STUFF IS MISSING ON THE DESK...
[GAMING/GAM] | YouTube  | [Normal]     | 95%    |   68.5ms | Missing object in front of the map...
[GAMING/SUR] | YouTube  | [Normal]     | 96%    |   72.0ms | do deepsea :3...
[GAMING/GAM] | YouTube  | [Normal]     | 95%    |   64.8ms | THE GALLON CHANGE POSITION...
[PSYCHOLOGY] | YouTube  | [Normal]     | 95%    |   63.0ms | Hhhaaahaaa...
[ENTERTAINM] | YouTube  | [Normal]     | 97%    |   83.6ms | Hello Mr. Beast  I'm Artem...
[GAMING/GAM] | YouTube  | [Normal]     | 96%    |   85.6ms | Railing next to the hole on the stairwel...
[ENTERTAINM] | YouTube  | [Normal]     | 96%    |   88.8ms | 5000000000000000m...
[GAMING/GAM] | YouTube  | [Normal]     | 95%    |   53.9ms | :O...
[GAMING/GAM] | YouTube  | [Normal]     | 93%    |   57.8ms | Sus...
[GAMING/GAM] | YouTube  | [Normal]     | 90%    |   56.9ms | jesus...
[ENTERTAINM] | YouTube  | [Normal]     | 98%    |   94.9ms | hello! :hand-pink-waving:...
[GAMING/GAM] | YouTube  | [Normal]     | 96%    |   86.6ms | STAIRWELL: left side railing moved  INTE...
[PSYCHOLOGY] | YouTube  | [Normal]     | 83%    |   72.0ms | brother fantasy is all we inferior genet...
[ENTERTAINM] | YouTube  | [Normal]     | 95%    |   58.0ms | COME TO PHILIPPINES...
[SELF-HELP/] | YouTube  | [Normal]     | 95%    |   67.8ms | no i m def not gifted lol...
[ENTERTAINM] | YouTube  | [Normal]     | 98%    |  362.1ms | :face-red-droopy-eyes:hiiii:text-green-g...
[GAMING/SUR] | YouTube  | [Normal]     | 95%    |   68.4ms | No Fost  but I am...
[GAMING/GAM] | YouTube  | [Normal]     | 97%    |   72.2ms | Painting above the bed?...
[GAMING/SUR] | YouTube  | [Normal]     | 94%    |  115.6ms | @FostuRKid I was going to drink whiskey ...
[GAMING/GAM] | YouTube  | [Normal]     | 72%    |   87.3ms | That might have been the guy they send t...
[GAMING/GAM] | YouTube  | [Normal]     | 94%    |   86.5ms | serves me right for having my volume up ...
[ENTERTAINM] | YouTube  | [Normal]     | 94%    |   59.1ms | hi me...
[GAMING/GAM] | YouTube  | [Normal]     | 92%    |   65.6ms | Something weird about light in lantern r...
[GAMING/GAM] | YouTube  | [Normal]     | 97%    |   63.0ms | rotating pillar in STAIRWELL...
[GAMING/GAM] | YouTube  | [Normal]     | 96%    |   77.8ms | INTERIOR MISSING OBJECT NEAR MAP...
[GAMING/GAM] | YouTube  | [Normal]     | 97%    |   68.0ms | missing item under the map!!...
[GAMING/GAM] | YouTube  | [Normal]     | 94%    |   72.0ms | MISSING TYPEWRITER IN INTERIOR NEAR MAP...
[GAMING/GAM] | YouTube  | [Normal]     | 93%    |   59.4ms | desk missing object  interior...
[GAMING/GAM] | YouTube  | [Normal]     | 96%    |   56.9ms | Cross??...
[GAMING/GAM] | YouTube  | [Normal]     | 96%    |   68.7ms | Fog over the light house in the yard...
[MUSIC/CHIL] | YouTube  | [Normal]     | 98%    |   96.3ms | :face-blue-wide-eyes::face-blue-wide-eye...
[SELF-HELP/] | YouTube  | [Normal]     | 97%    |   61.5ms | Nurture v nature!!...
[GAMING/GAM] | YouTube  | [Normal]     | 91%    |   73.7ms | RADIO FACING WRONG WAY IN THE INTERIOR...
[GAMING/GAM] | YouTube  | [Normal]     | 94%    |   79.7ms | MISSING TYPEWRITER ON THE RIGHT INTERIOR...
[ENTERTAINM] | YouTube  | [Normal]     | 97%    |   66.2ms | :face-green-smiling:...
[ENTERTAINM] | YouTube  | [Normal]     | 93%    |   70.2ms | هههههههههه...
[ENTERTAINM] | YouTube  | [Normal]     | 94%    |  111.3ms | IM SO HAPPY YOUR ON THIS PLANET!!!! :glo...
[PSYCHOLOGY] | YouTube  | [HATE]       | 44%    |   65.6ms | goon gripped...
[GAMING/GAM] | YouTube  | [Normal]     | 96%    |   69.9ms | give me a kiss mark...
[GAMING/GAM] | YouTube  | [Normal]     | 96%    |   79.6ms | THE RAILING ON THE LEFT ON STAIRCASE DID...
[GAMING/GAM] | YouTube  | [Normal]     | 94%    |   74.4ms | yay!! we are smart!!!...
[GAMING/GAM] | YouTube  | [Normal]     | 73%    |   51.8ms | dead body...
[GAMING/GAM] | YouTube  | [Normal]     | 94%    |   63.0ms | THE BAGS IN THE BASEMENT...
[ENTERTAINM] | YouTube  | [Normal]     | 92%    |   65.6ms | heyyyyy...
[GAMING/GAM] | YouTube  | [Normal]     | 92%    |   82.6ms | :brain::brain::brain::brain:...
[GAMING/GAM] | YouTube  | [Normal]     | 96%    |   59.6ms | oneth...
[GAMING/SUR] | YouTube  | [Normal]     | 85%    |   82.1ms | Anyone experienced a deadly auntie befor...
[GAMING/SUR] | YouTube  | [Normal]     | 89%    |   65.0ms | JUST LISTEN TO HIM...
[ENTERTAINM] | YouTube  | [Normal]     | 93%    |  145.7ms | :call_me_hand::call_me_hand::call_me_han...
[SELF-HELP/] | YouTube  | [Normal]     | 71%    |   68.4ms | it sucks to be too smart...
[MUSIC/CHIL] | YouTube  | [Normal]     | 95%    |   63.3ms | :goodvibes:...
[GAMING/GAM] | YouTube  | [Normal]     | 97%    |   59.3ms | Lol aot...
[GAMING/GAM] | YouTube  | [Normal]     | 94%    |   75.5ms | we're the walls always cracked in the be...
[GAMING/GAM] | YouTube  | [Normal]     | 71%    |   74.7ms | no way they gotta captcha...
[GAMING/GAM] | YouTube  | [Normal]     | 92%    |   71.0ms | LOL THE CAPTCHA IS SO FUNNY...
[ENTERTAINM] | YouTube  | [Normal]     | 94%    |   57.3ms | jimmy...
[ENTERTAINM] | YouTube  | [Normal]     | 94%    |   58.3ms | hi...
[GAMING/GAM] | YouTube  | [Normal]     | 92%    |   65.1ms | the rail !...
[ENTERTAINM] | YouTube  | [Normal]     | 96%    |   71.4ms | brazil Argentina or portugal?...
[GAMING/GAM] | YouTube  | [Normal]     | 95%    |  140.8ms | STAIRWELL: left side railing moved  you ...
[GAMING/GAM] | YouTube  | [Normal]     | 97%    |   66.8ms | aot mentioned!!...
[GAMING/GAM] | YouTube  | [Normal]     | 95%    |   74.3ms | I ARRIVED LATE BUT HI MARK...
[ENTERTAINM] | YouTube  | [Normal]     | 98%    |  123.6ms | :hand-pink-waving::hand-pink-waving::han...
[GAMING/GAM] | YouTube  | [Normal]     | 87%    |   65.9ms | WOOOOOOO...
[ENTERTAINM] | YouTube  | [Normal]     | 82%    |   63.3ms | you best bloger...
[GAMING/GAM] | YouTube  | [Normal]     | 87%    |   71.2ms | WOOOOOO...
[ENTERTAINM] | YouTube  | [Normal]     | 98%    |  381.9ms | :cherry_blossom::cherry_blossom::cherry_...
[MUSIC/CHIL] | YouTube  | [Normal]     | 97%    |   87.0ms | ....:face-turquoise-music-note:...
[MUSIC/CHIL] | YouTube  | [Normal]     | 96%    |   70.5ms | :slightly_smiling_face:...
[GAMING/GAM] | YouTube  | [Normal]     | 91%    |   62.8ms | W...
[ENTERTAINM] | YouTube  | [Normal]     | 98%    |   80.4ms | :hand-pink-waving:...
[GAMING/GAM] | YouTube  | [Normal]     | 93%    |   63.7ms | gg...
[ENTERTAINM] | YouTube  | [Normal]     | 95%    |   76.8ms | hi hi hihi hi hi hi hi...
[ENTERTAINM] | YouTube  | [Normal]     | 96%    |  184.9ms | :rolling_on_the_floor_laughing::rolling_...
[GAMING/GAM] | YouTube  | [Normal]     | 98%    |  112.7ms | :face-blue-smiling::face-blue-smiling::f...
[GAMING/GAM] | YouTube  | [Normal]     | 96%    |   69.5ms | Lots of Tiktoks!...
[GAMING/GAM] | YouTube  | [Normal]     | 94%    |  111.0ms | I'm at a pep band game but I'm watching ...
[GAMING/GAM] | YouTube  | [Normal]     | 95%    |  128.1ms | CHECK STAIRS!!!!!! :folded_hands::folded...
[PSYCHOLOGY] | YouTube  | [Normal]     | 88%    |   70.5ms | @andreicionescu giggity giggity...
[GAMING/GAM] | YouTube  | [Normal]     | 90%    |   57.1ms | yesssss...
[PSYCHOLOGY] | YouTube  | [Normal]     | 78%    |   87.1ms | equalfuckupmaxxing...
[GAMING/GAM] | YouTube  | [Normal]     | 97%    |   75.5ms | i am SO ready for the home release...
[ENTERTAINM] | YouTube  | [Normal]     | 52%    |   71.8ms | you are the goted...
[PSYCHOLOGY] | YouTube  | [Normal]     | 93%    |   73.2ms | @yashnair4854 rip...
[GAMING/GAM] | YouTube  | [Normal]     | 94%    |  101.7ms | Just saw Iron Long with my gf in Germany...
[PSYCHOLOGY] | YouTube  | [Normal]     | 95%    |   54.7ms | Exactly !...
[GAMING/GAM] | YouTube  | [Normal]     | 96%    |   76.1ms | Would love to see a BTS documentary...
[GAMING/GAM] | YouTube  | [Normal]     | 93%    |   68.3ms | YAYYY...
[ENTERTAINM] | YouTube  | [Normal]     | 90%    |   54.1ms | ㅋㅋㅋㅋㅋ...
[GAMING/GAM] | YouTube  | [Normal]     | 97%    |   69.9ms | will it b available in Canada?...
[GAMING/GAM] | YouTube  | [Normal]     | 98%    |  137.0ms | :trophy-yellow-smiling::trophy-yellow-sm...
[ENTERTAINM] | YouTube  | [Normal]     | 94%    |   91.2ms | @আল্লাহ -আমার-রব...
[SELF-HELP/] | YouTube  | [Normal]     | 97%    |   70.9ms | like Dr. Strange lol...
[GAMING/GAM] | YouTube  | [Normal]     | 98%    |   68.6ms | The Superb Owl at last....
[GAMING/GAM] | YouTube  | [Normal]     | 94%    |   74.4ms | how you doing mark?...
[GAMING/GAM] | YouTube  | [Normal]     | 95%    |   68.1ms | Rules smules...
[ENTERTAINM] | YouTube  | [Normal]     | 96%    |  109.2ms | çuando llegue a 500 seguidores regalame ...
[ENTERTAINM] | YouTube  | [Normal]     | 93%    |   65.4ms | HELLO MRBEAST...
[GAMING/GAM] | YouTube  | [Normal]     | 96%    |   65.8ms | The soup bowl...
[PSYCHOLOGY] | YouTube  | [Normal]     | 95%    |   67.8ms | my brain probably has anime?...
[ENTERTAINM] | YouTube  | [Normal]     | 96%    |  112.6ms | :learning::learning::learning::learning:...
[ENTERTAINM] | YouTube  | [Normal]     | 93%    |   84.4ms | ааааааааааа...
[GAMING/GAM] | YouTube  | [Normal]     | 92%    |   74.0ms | It’s nudie magazine day!...
[ENTERTAINM] | YouTube  | [Normal]     | 96%    |   51.2ms | New member...
[GAMING/GAM] | YouTube  | [Normal]     | 96%    |   51.7ms | hello mark...
[GAMING/GAM] | YouTube  | [Normal]     | 92%    |   52.1ms | ye...
[GAMING/SUR] | YouTube  | [Normal]     | 95%    |   57.2ms | Fort Knox...
[GAMING/SUR] | YouTube  | [Normal]     | 66%    |   98.9ms | at least the only person hes got to worr...
[ENTERTAINM] | YouTube  | [Normal]     | 98%    |  360.1ms | :face-blue-smiling::face-blue-smiling::f...
[GAMING/SUR] | YouTube  | [Normal]     | 90%    |   79.2ms | Gingy FOUND A TURRET AND PUT IT SOMEWHER...
[MUSIC/CHIL] | YouTube  | [Normal]     | 94%    |   81.2ms | :cigarette::thinking_face:...
[GAMING/GAM] | YouTube  | [Normal]     | 91%    |   60.1ms | Corner...
[PSYCHOLOGY] | YouTube  | [Normal]     | 98%    |   76.6ms | on mets le patate...
[ENTERTAINM] | YouTube  | [Normal]     | 91%    |   60.8ms | w...
[ENTERTAINM] | YouTube  | [Normal]     | 94%    |   59.6ms | hi...
[GAMING/GAM] | YouTube  | [Normal]     | 97%    |   69.6ms | dont forget the flights hours at gate...
[ENTERTAINM] | YouTube  | [Normal]     | 94%    |  320.1ms | :thanksdoc::thanksdoc::thanksdoc::thanks...
[SELF-HELP/] | YouTube  | [Normal]     | 96%    |  103.4ms | slap on some adhd  double it  pass it on...
[GAMING/GAM] | YouTube  | [Normal]     | 96%    |   66.0ms | oop...
[MUSIC/CHIL] | YouTube  | [Normal]     | 96%    |  149.3ms | nu mai am rezistenta că când eram sănăto...
[GAMING/GAM] | YouTube  | [Normal]     | 94%    |   61.4ms | eyes in the windows...
[ENTERTAINM] | YouTube  | [Normal]     | 94%    |  295.5ms | :elbowcough::elbowcough::elbowcough::elb...
[GAMING/GAM] | YouTube  | [Normal]     | 98%    |   72.1ms | extra red cup next to banana in cockpit...
[GAMING/GAM] | YouTube  | [Normal]     | 93%    |   67.1ms | RAHHH...
[ENTERTAINM] | YouTube  | [Normal]     | 95%    |   62.9ms | :thinking_face:...
[GAMING/GAM] | YouTube  | [Normal]     | 91%    |   89.5ms | i just got back from walking my roommate...
[MUSIC/CHIL] | YouTube  | [Normal]     | 97%    |   97.5ms | SKOLIM & CLEO - Lubimy (Official Video) ...
[GAMING/GAM] | YouTube  | [Normal]     | 88%    |   71.7ms | Who said that? Everyone  GET EM!...
[GAMING/GAM] | YouTube  | [Normal]     | 96%    |   63.6ms | case in hall...
[ENTERTAINM] | YouTube  | [Normal]     | 95%    |   79.3ms | Mr beast you are such an amazing creator...
[GAMING/GAM] | YouTube  | [Normal]     | 91%    |   78.1ms | im hungryyy can we get McDonald's?...
[ENTERTAINM] | YouTube  | [Normal]     | 95%    |   59.6ms | hiii...
[GAMING/GAM] | YouTube  | [Normal]     | 86%    |   90.8ms | too much luggage in the open cabin stora...
[GAMING/GAM] | YouTube  | [Normal]     | 96%    |  103.9ms | NOOOOOO I was focused on the bag in chai...
[GAMING/SUR] | YouTube  | [Normal]     | 94%    |   75.7ms | try checking all the same boxes over and...
[GAMING/GAM] | YouTube  | [Normal]     | 87%    |   63.6ms | banned...
[GAMING/GAM] | YouTube  | [Normal]     | 97%    |   74.1ms | Extra luggage compartment open in busine...
[GAMING/SUR] | YouTube  | [Normal]     | 97%    |   68.9ms | cargo for cameras...
[GAMING/GAM] | YouTube  | [Normal]     | 89%    |   63.1ms | BUISNESS PILLOW...
[ENTERTAINM] | YouTube  | [Normal]     | 95%    |  119.4ms | ааааааааа аараиаиапап...
[ENTERTAINM] | YouTube  | [Normal]     | 70%    |   91.5ms | let's goooooo… 500 millliiii...
[GAMING/SUR] | YouTube  | [Normal]     | 86%    |   72.3ms | OUT BY FROUNT DOOR...
[GAMING/GAM] | YouTube  | [Normal]     | 87%    |   75.5ms | My tummy hurt bro...
[ENTERTAINM] | YouTube  | [Normal]     | 94%    |   60.2ms | Hi...
[GAMING/GAM] | YouTube  | [Normal]     | 95%    |   59.4ms | interesting...
[GAMING/GAM] | YouTube  | [Normal]     | 82%    |   94.1ms | if he ever sees someone mention the bana...
[GAMING/GAM] | YouTube  | [Normal]     | 95%    |   88.9ms | Your movie was absolutely amazing  btw a...
[ENTERTAINM] | YouTube  | [Normal]     | 95%    |   56.9ms | Hello...
[GAMING/GAM] | YouTube  | [Normal]     | 98%    |   70.4ms | Flight board at the gate...
[MUSIC/CHIL] | YouTube  | [Normal]     | 98%    |  119.3ms | sirina:face-red-heart-shape::face-red-he...
[GAMING/SUR] | YouTube  | [Normal]     | 94%    |   59.2ms | 1box has it...
[GAMING/SUR] | YouTube  | [Normal]     | 92%    |   63.3ms | Outside...
[ENTERTAINM] | YouTube  | [Normal]     | 95%    |   62.0ms | said hi...
[GAMING/GAM] | YouTube  | [HATE]       | 60%    |  133.8ms | Mark i beg you help a man with buying a ...
[MUSIC/CHIL] | YouTube  | [Normal]     | 74%    |   77.1ms | KEJTI because smart people will think ab...
[PSYCHOLOGY] | YouTube  | [Normal]     | 93%    |   78.7ms | That does seem VERY Puer to me yeah...
[GAMING/GAM] | YouTube  | [Normal]     | 97%    |   77.7ms | There’s an extra storage space open abov...
[SPORTS/FOO] | YouTube  | [Normal]     | 96%    |  107.6ms | 이거 어디 경기야? 혹시 캐나다?...
[GAMING/GAM] | YouTube  | [Normal]     | 95%    |   84.1ms | was there a suitcase always in top of ec...
[ENTERTAINM] | YouTube  | [Normal]     | 95%    |   80.7ms | yooo mr beasttttttt...
[GAMING/GAM] | YouTube  | [Normal]     | 91%    |   64.4ms | Bag left side Business...
[GAMING/GAM] | YouTube  | [Normal]     | 96%    |   67.2ms | hi chat  hi Mark...
[MUSIC/CHIL] | YouTube  | [OFFENSIVE]  | 77%    |  134.4ms | No time for u idiot bla bla bla :zany_fa...
[GAMING/GAM] | YouTube  | [Normal]     | 79%    |   69.7ms | heavenly toilet...
[GAMING/GAM] | YouTube  | [Normal]     | 93%    |   77.0ms | THE BROWN SUITCASE IN THE CAT WALK...
[GAMING/TOU] | Twitch   | [Normal]     | 94%    |   55.7ms | gas...
[GAMING/TOU] | Twitch   | [Normal]     | 96%    |  121.2ms | HO CAMBIATO IL MIO CODICE IN  *nezakfn* ...
[GAMING/TOU] | Twitch   | [Normal]     | 96%    |   63.8ms | cosi balla...
[VALORANT/G] | Twitch   | [Normal]     | 90%    |   62.2ms | 康神...
[VALORANT/G] | Twitch   | [Normal]     | 94%    |   67.0ms | @jeanguo conter strik...
[VALORANT/G] | Twitch   | [Normal]     | 92%    |   68.6ms | @caffeinediff LOL...
[RELATIONSH] | Twitch   | [Normal]     | 77%    |   77.8ms | was soooo goooood TwitchConHYPE...
[RELATIONSH] | Twitch   | [Normal]     | 96%    |   95.8ms | Wake has more improv experience (derogat...
[VALORANT/G] | Twitch   | [Normal]     | 96%    |   87.4ms | so I’m gonna see edg live tmrw?...
[VALORANT/G] | Twitch   | [Normal]     | 91%    |   95.2ms | @caffeinediff HAH maybe ask for help nex...
[VALORANT/G] | Twitch   | [Normal]     | 90%    |   62.3ms | not looking too strong...
[RELATIONSH] | Twitch   | [Normal]     | 95%    |   60.6ms | LOLL...
[VALORANT/G] | Twitch   | [Normal]     | 95%    |   68.2ms | @LifenUpT +1...
[VALORANT/G] | Twitch   | [Normal]     | 96%    |   92.9ms | @mavhawk64 Glaze in his chat then?...
[VALORANT/G] | Twitch   | [Normal]     | 90%    |   83.7ms | @caffeinediff the regions they play in m...
[RELATIONSH] | Twitch   | [Normal]     | 93%    |   69.1ms | nmpBuddy...
[RELATIONSH] | Twitch   | [Normal]     | 93%    |   68.4ms | Jammies...
[RELATIONSH] | Twitch   | [Normal]     | 93%    |   59.8ms | Jammies...
[VALORANT/G] | Twitch   | [Normal]     | 95%    |   66.5ms | GG KK...
[RELATIONSH] | Twitch   | [Normal]     | 98%    |  210.4ms | TriHard FBCatch HolidayPresent ANY GIFTA...
[RELATIONSH] | Twitch   | [Normal]     | 94%    |   58.3ms | MOVE...
[RELATIONSH] | Twitch   | [Normal]     | 93%    |   63.8ms | Jammies ͏...
[VALORANT/G] | Twitch   | [Normal]     | 95%    |   72.5ms | kk do something  i need this pls...
[RELATIONSH] | Twitch   | [Normal]     | 96%    |  288.6ms | H-HE SO F-I-I-I-NE 😩 😩 😍 💕 💕 💕 H-HE SO F...
[RELATIONSH] | Twitch   | [Normal]     | 87%    |   51.1ms | no...
[RELATIONSH] | Twitch   | [Normal]     | 87%    |   51.6ms | no...
[RELATIONSH] | Twitch   | [Normal]     | 94%    |   80.2ms | I am rich and have money but can someone...
[RELATIONSH] | Twitch   | [Normal]     | 96%    |   63.6ms | that’s the spirit...
[RELATIONSH] | Twitch   | [Normal]     | 95%    |   58.8ms | Only once per life...
[RELATIONSH] | Twitch   | [Normal]     | 97%    |   71.8ms | 1 in 6?...
[RELATIONSH] | Twitch   | [Normal]     | 96%    |   62.9ms | LUL...
[RELATIONSH] | Twitch   | [Normal]     | 71%    |   58.5ms | nick will say anal...
[RELATIONSH] | Twitch   | [Normal]     | 40%    |   52.5ms | PEGGERS...
[RELATIONSH] | Twitch   | [Normal]     | 93%    |   59.4ms | rofl...
[ENTERTAINM] | Twitch   | [Normal]     | 92%    |   59.1ms | HUH  ͏...
[RELATIONSH] | Twitch   | [Normal]     | 94%    |   58.7ms | o7...
[RELATIONSH] | Twitch   | [Normal]     | 94%    |   52.3ms | o7...
[RELATIONSH] | Twitch   | [Normal]     | 93%    |   92.3ms | o7 Arther is helping Julia complete a su...
[RELATIONSH] | Twitch   | [Normal]     | 95%    |   54.8ms | Saved...
[RELATIONSH] | Twitch   | [Normal]     | 94%    |   64.8ms | omgBruh...
[RELATIONSH] | Twitch   | [Normal]     | 95%    |   55.0ms | Saved...
[ENTERTAINM] | Twitch   | [Normal]     | 82%    |   58.0ms | HAH...
[RELATIONSH] | Twitch   | [Normal]     | 96%    |   52.4ms | Good save...
[RELATIONSH] | Twitch   | [Normal]     | 94%    |   67.4ms | ooo mg...
[RELATIONSH] | Twitch   | [Normal]     | 67%    |   79.2ms | Is he implying he wants kids?...
[RELATIONSH] | Twitch   | [Normal]     | 86%    |   74.8ms | @MISTERARTHER are you high?...
[RELATIONSH] | Twitch   | [Normal]     | 94%    |   55.3ms | o7...
[RELATIONSH] | Twitch   | [Normal]     | 97%    |   66.8ms | arthur single arc coming soon...
[ENTERTAINM] | Twitch   | [Normal]     | 95%    |   66.7ms | is that bulbasaur...
[RELATIONSH] | Twitch   | [OFFENSIVE]  | 52%    |   59.0ms | oh shit...
[RELATIONSH] | Twitch   | [Normal]     | 94%    |   52.3ms | Aww...
[ENTERTAINM] | Twitch   | [Normal]     | 70%    |   59.4ms | too long...
[RELATIONSH] | Twitch   | [Normal]     | 93%    |   73.7ms | o7 just act confused again...
[ENTERTAINM] | Twitch   | [Normal]     | 88%    |   98.7ms | child? your own body?  self-fertilizatio...
[LEGO/UPDAT] | Twitch   | [Normal]     | 72%    |   58.2ms | portugal coasts are nice...
[ENTERTAINM] | Twitch   | [Normal]     | 96%    |   63.0ms | qoqsikOO...
[RELATIONSH] | Twitch   | [Normal]     | 95%    |   53.3ms | what?...
[RELATIONSH] | Twitch   | [Normal]     | 96%    |   60.1ms | W Dr. Dean...
[RELATIONSH] | Twitch   | [Normal]     | 93%    |   65.3ms | hes cooked...
[RELATIONSH] | Twitch   | [Normal]     | 96%    |   59.4ms | FF arthur...
[RELATIONSH] | Twitch   | [Normal]     | 93%    |   73.2ms | It's a habit problem...
[RELATIONSH] | Twitch   | [Normal]     | 85%    |   84.7ms | This is fucking brilliant LMFAOOOO...
[RELATIONSH] | Twitch   | [Normal]     | 96%    |   72.3ms | I pray to god this is scripted...
[RELATIONSH] | Twitch   | [Normal]     | 92%    |   67.3ms | BRO ARTHER...
[RELATIONSH] | Twitch   | [Normal]     | 94%    |   64.4ms | hesRight...
[RELATIONSH] | Twitch   | [Normal]     | 92%    |   66.8ms | OOOOOOOOO...
[RELATIONSH] | Twitch   | [Normal]     | 93%    |   52.4ms | mhm...
[RELATIONSH] | Twitch   | [Normal]     | 94%    |   68.6ms | this conversation will be clipped bad lo...
[RELATIONSH] | Twitch   | [OFFENSIVE]  | 60%    |   59.7ms | Bullshit...
[RELATIONSH] | Twitch   | [Normal]     | 94%    |   56.5ms | om...
[RELATIONSH] | Twitch   | [Normal]     | 94%    |   59.7ms | om...
[ENTERTAINM] | Twitch   | [Normal]     | 88%    |   59.0ms | scam...
[GAMING/CO‑] | Twitch   | [Normal]     | 95%    |   65.1ms | Hi mama Lily...
[GAMING/CO‑] | Twitch   | [Normal]     | 89%    |   77.5ms | Lol the peeps are clipping like crazy lo...
[GAMING/CO‑] | Twitch   | [Normal]     | 89%    |   76.3ms | Do you have a gimp mask for him tho?...
