---- STARTING OMNI-PROCESSOR ----
-> Connected to Elasticsearch at http://172.16.10.94:9200 | Index: perf_20261002-190145_clu_rasp24_pi8gb_r3
-> Loading model from /home/rasp2/hsp/src/../models/bert_final on cpu...
-> BERT Model Loaded successfully.
-> Benchmark log: /home/rasp2/hsp/reports/scaling/20261002-190145_clu_rasp24_pi8gb_r3/bench_rasp2_2.csv | node rasp2 | group g_20261002-190145_clu_rasp24_pi8gb_r3
------------------------------------------------------------------------------------------------------------------------
DOMAIN       | SOURCE   | PREDICTION   | CONF.  | LATENCY  | TEXT
------------------------------------------------------------------------------------------------------------------------
[NEWS/LIVE ] | YouTube  | [Normal]     | 95%    |  550.8ms | just to get rich...
[PSYCHOLOGY] | YouTube  | [Normal]     | 94%    |  531.8ms | Hola...
[GAMING/SUR] | YouTube  | [OFFENSIVE]  | 68%    |  693.2ms | :collision::collision:LETSSSS RIDEEEEE1:...
[GAMING/SUR] | YouTube  | [Normal]     | 97%    |  682.5ms | finally playing a top game that has been...
[GAMING/SUR] | YouTube  | [Normal]     | 94%    |  452.7ms | Ride harder...
[GAMING/SUR] | YouTube  | [Normal]     | 91%    |  372.9ms | Hey...
[GAMING/SUR] | YouTube  | [Normal]     | 93%    |  594.0ms | ok this peanut has a lil season to him b...
[GAMING/SUR] | YouTube  | [Normal]     | 90%    |  486.2ms | NICE BROS !...
[GAMING/SUR] | YouTube  | [Normal]     | 96%    |  513.2ms | Happy birthday peanut...
[GAMING/SUR] | YouTube  | [Normal]     | 98%    |  601.0ms | Bro was up until sunrise :face_with_tear...
[GAMING/SUR] | YouTube  | [OFFENSIVE]  | 73%    |  548.8ms | thank fuck he's on  hutch is boring af...
[GAMING/SUR] | YouTube  | [Normal]     | 95%    |  488.6ms | THE KING HAS RETURNED...
[GAMING/SUR] | YouTube  | [Normal]     | 66%    |  687.0ms | LETS GOOOOOOOOOOOOOOOOOOOOOOOOOOOOOOOOOO...
[GAMING/SUR] | YouTube  | [Normal]     | 95%    |  507.7ms | no  no. how are YOUUUU peanut...
[GAMING/SUR] | YouTube  | [Normal]     | 97%    |  474.8ms | let's ride...
[GAMING/SUR] | YouTube  | [Normal]     | 73%    |  537.1ms | whats wrong with your eye...
[GAMING/SUR] | YouTube  | [Normal]     | 95%    |  634.9ms | We are so fkn back...
[GAMING/SUR] | YouTube  | [Normal]     | 74%    |  680.2ms | He and Gingy and Rogue have been grindin...
[MUSIC/CHIL] | YouTube  | [Normal]     | 95%    |  516.1ms | .......
[GAMING/SUR] | YouTube  | [Normal]     | 91%    |  650.1ms | About to go lose all y’all’s money at th...
[GAMING/SUR] | YouTube  | [Normal]     | 94%    |  526.1ms | GINGY DID 20 HOURS...
[MUSIC/CHIL] | YouTube  | [Normal]     | 95%    |  793.0ms | Suz :rolling_on_the_floor_laughing::roll...
[GAMING/SUR] | YouTube  | [Normal]     | 95%    |  781.8ms | Yes rust will do that to you I haven’t p...
[GAMING/SUR] | YouTube  | [Normal]     | 97%    |  612.8ms | hmmmm.hmmm.hmmmm...
[PSYCHOLOGY] | YouTube  | [Normal]     | 84%    |  548.4ms | jungian punch...
[SELF-HELP/] | YouTube  | [Normal]     | 94%    |  451.3ms | hi...
[GAMING/SUR] | YouTube  | [Normal]     | 52%    |  517.2ms | GOOP GOOP GOOP...
[GAMING/SUR] | YouTube  | [Normal]     | 92%    | 1275.9ms | Oh my god he's already on :rolling_on_th...
[GAMING/SUR] | YouTube  | [Normal]     | 97%    |  578.5ms | H20 :red_heart:...
[GAMING/SUR] | YouTube  | [Normal]     | 95%    |  503.5ms | h2o...
[GAMING/SUR] | YouTube  | [Normal]     | 96%    |  518.1ms | LOL...
[GAMING/SUR] | YouTube  | [Normal]     | 96%    |  553.5ms | That’s everyone’s childhood...
[GAMING/SUR] | YouTube  | [Normal]     | 96%    |  517.1ms | Vanoss crew og member...
[GAMING/SUR] | YouTube  | [Normal]     | 96%    |  557.7ms | tab top right...
[GAMING/SUR] | YouTube  | [Normal]     | 89%    |  613.8ms | YOUR GATE IS OPEN THERE BUD...
[GAMING/SUR] | YouTube  | [Normal]     | 98%    |  819.9ms | Golfing in the rain in FL rn :saluting_f...
[NEWS/LIVE ] | YouTube  | [Normal]     | 95%    |  617.1ms | MAGA...
[NEWS/LIVE ] | YouTube  | [Normal]     | 92%    |  736.4ms | I only help American Citizens :star_stru...
[GAMING/SUR] | YouTube  | [Normal]     | 81%    |  620.9ms | WALL GATE...
[GAMING/SUR] | YouTube  | [Normal]     | 97%    |  631.3ms | Need to work on research tree...
[MUSIC/CHIL] | YouTube  | [Normal]     | 93%    |  555.0ms | :camel:...
[NEWS/LIVE ] | YouTube  | [Normal]     | 97%    |  543.9ms | DESANTIS 2028...
[MUSIC/CHIL] | YouTube  | [Normal]     | 93%    |  600.4ms | fred me ? :thinking_face:...
[GAMING/SUR] | YouTube  | [Normal]     | 90%    |  653.5ms | Hutch and gingy got a air strike...
[MUSIC/CHIL] | YouTube  | [Normal]     | 97%    |  936.7ms | suz saaanu peru sam :face_with_tears_of_...
[NEWS/LIVE ] | YouTube  | [Normal]     | 94%    |  618.1ms | I don't think you can work out even simp...
[GAMING/SUR] | YouTube  | [Normal]     | 92%    |  558.4ms | hello you are funny you pinaput...
[GAMING/SUR] | YouTube  | [Normal]     | 92%    |  522.7ms | crack in the box...
[PSYCHOLOGY] | YouTube  | [Normal]     | 96%    |  558.4ms | it's both :3...
[GAMING/SUR] | YouTube  | [Normal]     | 93%    |  540.0ms | Helf is Welf...
[SELF-HELP/] | YouTube  | [Normal]     | 85%    |  557.6ms | remember the bonk...
[GAMING/SUR] | YouTube  | [Normal]     | 98%    | 1106.3ms | 2boys 1 cup:face-green-smiling::face-gre...
[PSYCHOLOGY] | YouTube  | [Normal]     | 96%    |  548.7ms | HAPPY TO BE HERE...
[GAMING/SUR] | YouTube  | [Normal]     | 76%    |  583.7ms | These naked bodies crack me up...
[PSYCHOLOGY] | YouTube  | [Normal]     | 96%    |  591.2ms | RAINBOW ROAD WOOT WOOT...
[GAMING/SUR] | YouTube  | [Normal]     | 94%    |  590.0ms | 5...
[GAMING/SUR] | YouTube  | [Normal]     | 97%    |  620.2ms | GRAB H20...
[GAMING/SUR] | YouTube  | [Normal]     | 94%    |  549.1ms | 10...
[PSYCHOLOGY] | YouTube  | [Normal]     | 92%    | 1044.1ms | be careful of the spam  y'all we got our...
[GAMING/SUR] | YouTube  | [Normal]     | 89%    |  665.0ms | Yes it’s him...
[MUSIC/CHIL] | YouTube  | [Normal]     | 97%    |  767.3ms | Manoj puri Kahani Samajh aayi...
[MUSIC/CHIL] | YouTube  | [Normal]     | 95%    |  713.2ms | e amuzat Ai cu termenii...
[GAMING/SUR] | YouTube  | [Normal]     | 90%    |  545.2ms | HAHAHA...
[GAMING/SUR] | YouTube  | [Normal]     | 97%    | 2141.2ms | :face_with_tears_of_joy::face_with_tears...
[GAMING/SUR] | YouTube  | [Normal]     | 96%    |  505.8ms | h20 ??...
[GAMING/SUR] | YouTube  | [Normal]     | 96%    |  525.3ms | LMAO...
[GAMING/SUR] | YouTube  | [Normal]     | 95%    |  546.5ms | HJune...
[GAMING/SUR] | YouTube  | [Normal]     | 94%    |  578.8ms | don't swing at people there  lol...
[GAMING/SUR] | YouTube  | [Normal]     | 97%    |  516.8ms | 1/3 have more spaces...
[PSYCHOLOGY] | YouTube  | [Normal]     | 96%    |  534.3ms | I am food...
[GAMING/SUR] | YouTube  | [Normal]     | 55%    |  566.7ms | Check the dead guys machine...
[GAMING/SUR] | YouTube  | [Normal]     | 96%    |  543.0ms | lmaaoo...
[SPORTS/FOO] | YouTube  | [Normal]     | 97%    |  475.5ms | this live?...
[GAMING/SUR] | YouTube  | [Normal]     | 90%    |  516.8ms | hahahaha...
[GAMING/SUR] | YouTube  | [Normal]     | 96%    |  558.4ms | :fire::fire:...
[GAMING/SUR] | YouTube  | [Normal]     | 89%    |  611.9ms | we are sooooooooooooooooo back...
[GAMING/SUR] | YouTube  | [Normal]     | 84%    |  455.8ms | gonna lose...
[MUSIC/CHIL] | YouTube  | [Normal]     | 97%    |  561.3ms | halinkan hindi :pouting_cat:...
[GAMING/SUR] | YouTube  | [Normal]     | 94%    |  548.1ms | Omg hahahahahaha...
[PSYCHOLOGY] | YouTube  | [Normal]     | 85%    |  485.3ms | called you out...
[GAMING/SUR] | YouTube  | [Normal]     | 95%    |  707.5ms | :fire::fire::fire::fire::fire:...
[GAMING/SUR] | YouTube  | [Normal]     | 96%    |  752.1ms | lol...
[GAMING/SUR] | YouTube  | [Normal]     | 72%    |  780.7ms | GET WREAKED...
[MUSIC/CHIL] | YouTube  | [Normal]     | 97%    | 2213.1ms | Secret Puzzle Code:(8+0) (4×1) (4) (1+1)...
[SELF-HELP/] | YouTube  | [Normal]     | 96%    |  578.1ms | Hello dr.k...
[GAMING/SUR] | YouTube  | [Normal]     | 97%    |  531.9ms | :peanuts: loves gambling...
[GAMING/SUR] | YouTube  | [Normal]     | 95%    |  440.6ms | hit...
[GAMING/SUR] | YouTube  | [Normal]     | 95%    |  464.0ms | HIT...
[GAMING/SUR] | YouTube  | [OFFENSIVE]  | 60%    |  482.6ms | :_LetsGo:...
[PSYCHOLOGY] | YouTube  | [Normal]     | 97%    |  932.6ms | Cultivate the skills you need to overcom...
[SELF-HELP/] | YouTube  | [Normal]     | 96%    |  564.5ms | It certainly is a day today...
[SELF-HELP/] | YouTube  | [Normal]     | 93%    |  512.1ms | very gut thanks man...
[GAMING/SUR] | YouTube  | [Normal]     | 92%    |  517.8ms | how do i join...
[GAMING/SUR] | YouTube  | [OFFENSIVE]  | 41%    |  559.6ms | Yes he’s stupid....
[MUSIC/CHIL] | YouTube  | [Normal]     | 96%    |  535.6ms | haa...
[GAMING/SUR] | YouTube  | [Normal]     | 91%    |  684.2ms | I mean ur kinda trash at blackjack ngl l...
[GAMING/SUR] | YouTube  | [Normal]     | 94%    |  696.2ms | he wasnt up 500 he just got his scrap ba...
[GAMING/SUR] | YouTube  | [Normal]     | 96%    |  746.8ms | Praise god he has to leave his house to ...
[GAMING/SUR] | YouTube  | [Normal]     | 98%    |  556.4ms | complimentary ball check?...
[SELF-HELP/] | YouTube  | [Normal]     | 85%    |  770.5ms | Left handed people slander as usual :_Dr...
[GAMING/SUR] | YouTube  | [Normal]     | 45%    | 1162.3ms | being sore losers literally ruined the s...
[ENTERTAINM] | YouTube  | [Normal]     | 95%    |  586.3ms | india opppp...
[NEWS/LIVE ] | YouTube  | [Normal]     | 88%    |  620.0ms | It was a joke really...
[ENTERTAINM] | YouTube  | [Normal]     | 91%    |  550.4ms | W...
[GAMING/GAM] | YouTube  | [Normal]     | 93%    |  489.7ms | E...
[GAMING/GAM] | YouTube  | [Normal]     | 96%    |  631.2ms | IRON LUNG 2 CONFIRMED?...
[ENTERTAINM] | YouTube  | [Normal]     | 94%    |  519.8ms | Hi...
[GAMING/GAM] | YouTube  | [Normal]     | 95%    |  505.0ms | hello...
[GAMING/GAM] | YouTube  | [Normal]     | 96%    |  548.7ms | hiiiiiii...
[GAMING/GAM] | YouTube  | [Normal]     | 94%    |  505.0ms | hi...
[GAMING/GAM] | YouTube  | [Normal]     | 94%    |  528.5ms | hi...
[GAMING/GAM] | YouTube  | [Normal]     | 95%    |  581.8ms | HIIIIIII MARLKKKKKK...
[ENTERTAINM] | YouTube  | [Normal]     | 89%    |  481.2ms | yoooo...
[ENTERTAINM] | YouTube  | [Normal]     | 97%    | 1015.6ms | MR beast day by day :fire::red_heart:& C...
[PSYCHOLOGY] | YouTube  | [Normal]     | 96%    |  559.3ms | lmao...
[GAMING/GAM] | YouTube  | [Normal]     | 97%    |  633.3ms | More news? is it 4 TIMES? xD...
[ENTERTAINM] | YouTube  | [Normal]     | 95%    |  545.9ms | love ya bro...
[GAMING/GAM] | YouTube  | [OFFENSIVE]  | 82%    |  596.1ms | YOO CONGRATSSSSSS OMGGG...
[ENTERTAINM] | YouTube  | [Normal]     | 96%    |  626.9ms | 500M W...
[PSYCHOLOGY] | YouTube  | [Normal]     | 95%    |  616.7ms | bajs...
[ENTERTAINM] | YouTube  | [Normal]     | 94%    |  517.6ms | SAY MY NAME...
[ENTERTAINM] | YouTube  | [Normal]     | 95%    |  674.2ms | best plz give me a iphone plz...
[NEWS/LIVE ] | YouTube  | [Normal]     | 94%    |  714.1ms | I can't disagree with irresponsible:cat-...
[ENTERTAINM] | YouTube  | [Normal]     | 94%    |  521.5ms | Hi...
[GAMING/SUR] | YouTube  | [Normal]     | 96%    |  549.7ms | missed a k...
[ENTERTAINM] | YouTube  | [Normal]     | 96%    |  806.6ms | I think y'all do it....but I've been sub...
[GAMING/GAM] | YouTube  | [Normal]     | 94%    |  532.3ms | im going to see the movie tomorrow...
[GAMING/GAM] | YouTube  | [Normal]     | 96%    |  489.8ms | Ayeeeeeee...
[GAMING/SUR] | YouTube  | [Normal]     | 64%    |  645.8ms | CAPTAINSPIDEY HES BEEN PLAYING FOR HOURS...
[GAMING/GAM] | YouTube  | [Normal]     | 93%    |  519.2ms | OH YEAHHHH...
[GAMING/GAM] | YouTube  | [Normal]     | 48%    |  510.9ms | Da goat....
[GAMING/GAM] | YouTube  | [Normal]     | 96%    | 1392.0ms | you know what my favorite scene was? THA...
[GAMING/GAM] | YouTube  | [Normal]     | 95%    |  547.9ms | WE ARE NUMBER ONE...
[ENTERTAINM] | YouTube  | [Normal]     | 95%    |  540.0ms | good...
[PSYCHOLOGY] | YouTube  | [Normal]     | 96%    |  539.1ms | oo...
[MUSIC/CHIL] | YouTube  | [Normal]     | 90%    |  645.1ms | D mall ki vellavaa ninna:woman_detective...
[ENTERTAINM] | YouTube  | [Normal]     | 97%    |  528.1ms | 500m...
[GAMING/GAM] | YouTube  | [Normal]     | 94%    |  659.0ms | CONGRATULATIONS ON TH3 MOVIE MARK I WAT ...
[GAMING/GAM] | YouTube  | [Normal]     | 97%    |  669.2ms | HIIIIIIIIIII...
[MUSIC/CHIL] | YouTube  | [Normal]     | 97%    |  751.3ms | vsannu:body-blue-raised-arms:...
[ENTERTAINM] | YouTube  | [Normal]     | 91%    |  528.4ms | W...
[GAMING/GAM] | YouTube  | [Normal]     | 96%    |  493.2ms | Epic...
[GAMING/GAM] | YouTube  | [Normal]     | 97%    |  568.3ms | Welcome New Member!...
[GAMING/GAM] | YouTube  | [OFFENSIVE]  | 92%    |  491.8ms | WOWOWOAHAGGAHAHA...
[PSYCHOLOGY] | YouTube  | [Normal]     | 96%    |  888.6ms | @Valt-142 it's a sort of yin/yang divine...
[GAMING/SUR] | YouTube  | [Normal]     | 94%    |  580.9ms | Play with H20 Delirious...
[ENTERTAINM] | YouTube  | [Normal]     | 96%    |  551.3ms | Hello from SC!...
[GAMING/GAM] | YouTube  | [HATE]       | 50%    |  518.2ms | fax...
[ENTERTAINM] | YouTube  | [Normal]     | 97%    |  938.4ms | :green_heart::green_heart::green_heart::...
[ENTERTAINM] | YouTube  | [Normal]     | 68%    |  571.3ms | it is lagging...
[GAMING/SUR] | YouTube  | [Normal]     | 79%    |  556.2ms | Blackjack...
[GAMING/GAM] | YouTube  | [Normal]     | 96%    |  514.7ms | AIRPLAIN...
[ENTERTAINM] | YouTube  | [Normal]     | 96%    |  511.1ms | hiiiiiiiiii...
[NEWS/LIVE ] | YouTube  | [Normal]     | 90%    |  588.4ms | Thanks shoutout to anyone international ...
[GAMING/SUR] | YouTube  | [Normal]     | 94%    | 1030.6ms | Hutch literally has more hours in this g...
[GAMING/SUR] | YouTube  | [Normal]     | 93%    |  574.7ms | what is rogue on 30 hours...
[ENTERTAINM] | YouTube  | [Normal]     | 95%    |  553.9ms | Hiii...
[GAMING/GAM] | YouTube  | [Normal]     | 93%    |  522.3ms | lighthouse...
[GAMING/GAM] | YouTube  | [Normal]     | 93%    |  604.6ms | Lighthouse...
[GAMING/GAM] | YouTube  | [Normal]     | 96%    |  541.7ms | NUMBER ONE MOVIE...
[ENTERTAINM] | YouTube  | [Normal]     | 97%    |  626.6ms | :red_heart::red_heart::red_heart:...
[GAMING/GAM] | YouTube  | [Normal]     | 97%    |  411.1ms | HIIIII...
[GAMING/SUR] | YouTube  | [Normal]     | 92%    |  456.5ms | PLAY THE WHEEL...
[GAMING/GAM] | YouTube  | [Normal]     | 98%    | 3313.1ms | :face-blue-smiling::face-blue-smiling::f...
[ENTERTAINM] | YouTube  | [Normal]     | 96%    |  513.4ms | hiiiiii...
[GAMING/GAM] | YouTube  | [Normal]     | 93%    |  479.0ms | Lighthouse...
[ENTERTAINM] | YouTube  | [Normal]     | 97%    |  632.5ms | :red_heart::red_heart::red_heart:...
[ENTERTAINM] | YouTube  | [Normal]     | 91%    |  535.1ms | helooo...
[GAMING/GAM] | YouTube  | [Normal]     | 96%    |  556.0ms | LIGHTHOUSEE...
[ENTERTAINM] | YouTube  | [Normal]     | 95%    |  605.2ms | Mr bean please give me a 10000 dollar...
[GAMING/GAM] | YouTube  | [Normal]     | 97%    |  610.9ms | mark I really love you...
[GAMING/GAM] | YouTube  | [Normal]     | 93%    |  563.2ms | DEMOCRACY!...
[ENTERTAINM] | YouTube  | [Normal]     | 94%    |  640.6ms | omg this was crazy 500mil...
[MUSIC/CHIL] | YouTube  | [Normal]     | 96%    |  606.0ms | Vadiki future ekadidi...
[ENTERTAINM] | YouTube  | [Normal]     | 95%    |  514.7ms | gw dari indo...
[GAMING/GAM] | YouTube  | [OFFENSIVE]  | 61%    |  539.7ms | your movie was fuckin fire...
[ENTERTAINM] | YouTube  | [Normal]     | 97%    |  658.3ms | congratulations :confetti_ball:...
[GAMING/GAM] | YouTube  | [Normal]     | 90%    |  717.8ms | When Iron Lung is out of theaters where ...
[GAMING/GAM] | YouTube  | [Normal]     | 96%    |  615.1ms | oo awesome!!!...
[GAMING/SUR] | YouTube  | [OFFENSIVE]  | 75%    |  743.9ms | LETS FUCKING GOOOOOOOOOO...
[GAMING/GAM] | YouTube  | [Normal]     | 98%    | 3272.1ms | :hands-yellow-heart-red::hands-yellow-he...
[GAMING/SUR] | YouTube  | [Normal]     | 88%    |  552.7ms | lucky sob...
[ENTERTAINM] | YouTube  | [Normal]     | 95%    |  720.8ms | hiiiiiii!!!!!!!!!!!!!!...
[GAMING/GAM] | YouTube  | [Normal]     | 93%    |  619.8ms | LIGHT HOUSEEEEEEEEEEEEE...
[ENTERTAINM] | YouTube  | [Normal]     | 94%    |  450.6ms | 1...
[GAMING/SUR] | YouTube  | [Normal]     | 88%    |  597.0ms | BRO STOOD ON A 12 WTF HOW DOES PEANUT GA...
[GAMING/SUR] | YouTube  | [Normal]     | 96%    |  438.3ms | spilt...
[GAMING/SUR] | YouTube  | [Normal]     | 87%    |  448.1ms | it laughed at you...
[GAMING/GAM] | YouTube  | [Normal]     | 83%    |  527.7ms | waste...
[GAMING/GAM] | YouTube  | [Normal]     | 45%    |  524.9ms | ITALYYYY...
[ENTERTAINM] | YouTube  | [Normal]     | 94%    |  496.2ms | Hi...
[GAMING/SUR] | YouTube  | [Normal]     | 87%    |  497.8ms | NO...
[ENTERTAINM] | YouTube  | [Normal]     | 96%    |  584.2ms | mrbeast luv from india...
[ENTERTAINM] | YouTube  | [Normal]     | 95%    |  539.1ms | 1111111111...
[GAMING/GAM] | YouTube  | [Normal]     | 85%    |  522.2ms | what about africa...
[GAMING/GAM] | YouTube  | [Normal]     | 90%    |  549.9ms | Turkey when...
[GAMING/GAM] | YouTube  | [Normal]     | 94%    |  670.9ms | portugal!? MY PEOPLE...
[ENTERTAINM] | YouTube  | [Normal]     | 98%    |  593.5ms | iphone 16 pro max :wrapped_gift:...
[ENTERTAINM] | YouTube  | [Normal]     | 94%    |  455.7ms | 1...
[GAMING/ESP] | YouTube  | [Normal]     | 98%    |  751.8ms | lgd gonna be fly high :clapping_hands::c...
[GAMING/GAM] | YouTube  | [Normal]     | 96%    |  588.9ms | the sound on my second viewing was much ...
[GAMING/GAM] | YouTube  | [Normal]     | 97%    |  756.4ms | i made a review of your movie!!! i loved...
[GAMING/GAM] | YouTube  | [Normal]     | 97%    |  454.5ms | Welcome to Member!...
[GAMING/GAM] | YouTube  | [Normal]     | 97%    |  544.5ms | Welcome to Member!...
[ENTERTAINM] | YouTube  | [Normal]     | 96%    |  569.8ms | Hi in Türkiye...
[GAMING/GAM] | YouTube  | [Normal]     | 97%    |  618.9ms | When are we getting the Distractable tou...
[MUSIC/CHIL] | YouTube  | [Normal]     | 98%    | 1363.1ms | EXITO:face-red-heart-shape::face-red-hea...
[ENTERTAINM] | YouTube  | [Normal]     | 96%    |  530.7ms | love you...
[GAMING/SUR] | YouTube  | [Normal]     | 93%    |  545.9ms | max bet...
[GAMING/GAM] | YouTube  | [Normal]     | 96%    | 1002.0ms | I went to see Iron Lung in theaters with...
[GAMING/GAM] | YouTube  | [Normal]     | 96%    |  645.4ms | Watching this while doing my BioCalc...
[ENTERTAINM] | YouTube  | [Normal]     | 96%    |  502.8ms | I’m From Canada...
[MUSIC/CHIL] | YouTube  | [Normal]     | 96%    |  517.6ms | Rosa ??...
[GAMING/GAM] | YouTube  | [Normal]     | 96%    |  557.7ms | First...
[GAMING/SUR] | YouTube  | [Normal]     | 90%    |  557.8ms | Peanut shows that gambling doesn't pay i...
[GAMING/SUR] | YouTube  | [Normal]     | 94%    |  575.3ms | all in!...
[ENTERTAINM] | YouTube  | [Normal]     | 97%    |  824.3ms | LOVE FROM INDIA JIMMY:sparkles::bottle_w...
[GAMING/SUR] | YouTube  | [Normal]     | 92%    |  430.9ms | lower bet...
[GAMING/SUR] | YouTube  | [Normal]     | 94%    |  418.1ms | 500 before hutch is back...
[GAMING/GAM] | YouTube  | [Normal]     | 97%    |  454.1ms | Hi Mark!Love all the streams...
[GAMING/GAM] | YouTube  | [Normal]     | 96%    |  607.6ms | haven't seen it yet but I'm excited to e...
[GAMING/GAM] | YouTube  | [Normal]     | 95%    |  504.1ms | 6 7...
[GAMING/GAM] | YouTube  | [Normal]     | 96%    |  551.2ms | huh I learned something today...
[GAMING/GAM] | YouTube  | [Normal]     | 91%    |  486.5ms | Airplanee...
[GAMING/SUR] | YouTube  | [Normal]     | 96%    |  859.7ms | dude u can't bet so high every hand afte...
[GAMING/GAM] | YouTube  | [Normal]     | 97%    |  613.0ms | The surround sound was so good for my th...
[GAMING/SUR] | YouTube  | [Normal]     | 92%    |  517.3ms | Stay...
[GAMING/SUR] | YouTube  | [Normal]     | 57%    |  546.4ms | now let them win...
[GAMING/GAM] | YouTube  | [Normal]     | 95%    |  879.2ms | @celestialservicek9s498 omg stay strong ...
[ENTERTAINM] | YouTube  | [Normal]     | 95%    |  574.5ms | my my study...
[ENTERTAINM] | YouTube  | [Normal]     | 91%    |  547.8ms | w...
[SELF-HELP/] | YouTube  | [Normal]     | 97%    |  628.2ms | hello Alok.:waving_hand:...
[ENTERTAINM] | YouTube  | [Normal]     | 95%    |  521.4ms | Hello...
[ENTERTAINM] | YouTube  | [Normal]     | 96%    |  553.7ms | hellooou...
[GAMING/SUR] | YouTube  | [Normal]     | 97%    |  600.5ms | I just got MILKED and I feel so refreshe...
[GAMING/SUR] | YouTube  | [Normal]     | 89%    |  637.1ms | peanut you are no longer allowed to make...
[GAMING/SUR] | YouTube  | [Normal]     | 94%    |  564.5ms | 3 of a kind in blackjack???...
[GAMING/SUR] | YouTube  | [Normal]     | 93%    |  526.2ms | bro...
[ENTERTAINM] | YouTube  | [Normal]     | 93%    |  444.9ms | Molar...
[ENTERTAINM] | YouTube  | [Normal]     | 94%    |  697.8ms | :thumbs_up::thumbs_up::thumbs_up::thumbs...
[GAMING/GAM] | YouTube  | [Normal]     | 63%    |  526.4ms | AIRPLANE GANG RISE UPPP...
[ENTERTAINM] | YouTube  | [Normal]     | 97%    |  586.4ms | sar please help me :pleading_face::disap...
[GAMING/GAM] | YouTube  | [Normal]     | 90%    |  480.7ms | LIGHT HOUSE...
[GAMING/GAM] | YouTube  | [OFFENSIVE]  | 44%    |  454.9ms | Airplane ganggggg...
[GAMING/GAM] | YouTube  | [Normal]     | 93%    |  659.2ms | that explains why I couldn't hear some t...
[GAMING/GAM] | YouTube  | [Normal]     | 97%    |  544.8ms | Atmos is...
[GAMING/GAM] | YouTube  | [Normal]     | 96%    |  487.6ms | Hi mark...
[GAMING/GAM] | YouTube  | [Normal]     | 96%    |  502.1ms | airplne ok...
[GAMING/GAM] | YouTube  | [Normal]     | 97%    |  736.9ms | I saw it in two different theatres in di...
[GAMING/GAM] | YouTube  | [Normal]     | 92%    |  686.0ms | LIGHTHOUSE I WANNA SEE A GUY JORK IT LIK...
[GAMING/GAM] | YouTube  | [Normal]     | 92%    |  826.8ms | Loved Iron lung!!!!!! ugh best movie eve...
[ENTERTAINM] | YouTube  | [Normal]     | 91%    |  541.2ms | love you mr beast...
[ENTERTAINM] | YouTube  | [Normal]     | 92%    |  545.9ms | Yeah budy...
[ENTERTAINM] | YouTube  | [Normal]     | 96%    |  547.7ms | New member...
[ENTERTAINM] | YouTube  | [Normal]     | 96%    |  596.3ms | мистер бист...
[GAMING/SUR] | YouTube  | [Normal]     | 96%    |  509.2ms | lmao...
[GAMING/SUR] | YouTube  | [Normal]     | 89%    |  708.4ms | Big youtubers are in...
[ENTERTAINM] | YouTube  | [Normal]     | 83%    |  523.7ms | crinnnge...
[MUSIC/CHIL] | YouTube  | [Normal]     | 95%    |  490.7ms | .......
[ENTERTAINM] | YouTube  | [Normal]     | 95%    |  513.6ms | hello...
[ENTERTAINM] | YouTube  | [Normal]     | 93%    |  688.0ms | Mrbeast can you give me money please :pl...
[GAMING/GAM] | YouTube  | [Normal]     | 95%    |  821.4ms | I finally made it to a live but I’m work...
[GAMING/GAM] | YouTube  | [Normal]     | 96%    |  638.8ms | I just watched from Germany  very nice !...
[GAMING/SUR] | YouTube  | [Normal]     | 49%    |  840.6ms | gingy gonna be mad when she gets back on...
[ENTERTAINM] | YouTube  | [Normal]     | 94%    |  478.9ms | hi...
[ENTERTAINM] | YouTube  | [Normal]     | 80%    |  716.7ms | GREAT JOB MRBEAST YOUR THE BEST  LOOK JO...
[ENTERTAINM] | YouTube  | [Normal]     | 98%    |  534.3ms | Jimmy big fan :heart_suit: $100 please :...
[ENTERTAINM] | YouTube  | [HATE]       | 45%    |  429.7ms | Asian Sticker...
[ENTERTAINM] | YouTube  | [Normal]     | 96%    |  485.6ms | 500mmm...
[ENTERTAINM] | YouTube  | [Normal]     | 94%    |  475.8ms | Hi...
[ENTERTAINM] | YouTube  | [Normal]     | 81%    | 3403.4ms | mr mrbeast!!!!!!!!!!!!!!!!!!!!!!!!!!!!!!...
[GAMING/GAM] | YouTube  | [Normal]     | 95%    |  460.5ms | airplane...
[GAMING/SUR] | YouTube  | [Normal]     | 96%    |  591.3ms | lmfaaaaaaaaaao...
[GAMING/GAM] | YouTube  | [Normal]     | 98%    |  768.1ms | Airplane. :airplane: second tower...
[ENTERTAINM] | YouTube  | [Normal]     | 98%    | 1039.1ms | :blue_heart::blue_heart::blue_heart::blu...
[MUSIC/CHIL] | YouTube  | [Normal]     | 97%    |  730.9ms | @kavya-c9c1j apki shaadi kab hogi...
[SELF-HELP/] | YouTube  | [Normal]     | 75%    |  573.3ms | a life they want for themself...
[ENTERTAINM] | YouTube  | [Normal]     | 95%    |  455.3ms | hello...
[GAMING/SUR] | YouTube  | [Normal]     | 56%    |  533.5ms | omggg...
[ENTERTAINM] | YouTube  | [Normal]     | 95%    |  511.5ms | love feom pakistan...
[GAMING/GAM] | YouTube  | [Normal]     | 97%    | 1477.5ms | I’m just happy to be watching you. My ne...
[GAMING/SUR] | YouTube  | [Normal]     | 48%    |  548.2ms | XDDDDDDDDDDDDDDDDDD...
[GAMING/GAM] | YouTube  | [Normal]     | 96%    | 1131.9ms | I know it hasn't been a whole lot of tim...
[GAMING/GAM] | YouTube  | [Normal]     | 95%    |  813.1ms | ive never seen this game before but i kn...
[GAMING/GAM] | YouTube  | [Normal]     | 94%    |  500.0ms | hi...
[MUSIC/CHIL] | YouTube  | [Normal]     | 97%    |  705.0ms | Amul vasthundhi le tension Enduku :pouti...
[ENTERTAINM] | YouTube  | [Normal]     | 95%    | 2005.5ms | mantap luar biasa 500Mmantap luar biasa ...
[GAMING/GAM] | YouTube  | [Normal]     | 96%    | 2151.6ms | Hi Mark! Hope you're doing well. First o...
[GAMING/SUR] | YouTube  | [Normal]     | 95%    |  602.5ms | Happy Happy Happy...
[ENTERTAINM] | YouTube  | [Normal]     | 92%    |  554.1ms | help me...
[GAMING/SUR] | YouTube  | [Normal]     | 94%    |  494.6ms | 5...
[GAMING/GAM] | YouTube  | [Normal]     | 91%    |  618.7ms | WE ARE SO PROUD OF YOU...
[GAMING/GAM] | YouTube  | [Normal]     | 96%    |  565.5ms | holy peak...
[SPORTS/PEN] | YouTube  | [Normal]     | 94%    |  583.5ms | i didnt know there was a budget...
[GAMING/SUR] | YouTube  | [Normal]     | 83%    |  483.7ms | Rogue is gonna...
[ENTERTAINM] | YouTube  | [Normal]     | 98%    |  820.6ms | pls say my name :folded_hands::folded_ha...
[PSYCHOLOGY] | YouTube  | [Normal]     | 96%    |  649.9ms | isn't that sadly partially true?...
[GAMING/GAM] | YouTube  | [Normal]     | 94%    |  757.5ms | I just got back from my second viewing o...
[GAMING/SUR] | YouTube  | [Normal]     | 92%    |  574.3ms | no luck...
[ENTERTAINM] | YouTube  | [Normal]     | 95%    |  542.7ms | hello...
[GAMING/GAM] | YouTube  | [Normal]     | 89%    |  485.0ms | Stream anomaly...
[GAMING/GAM] | YouTube  | [Normal]     | 94%    |  568.2ms | imagine the light turns into a disco bal...
[MUSIC/CHIL] | YouTube  | [Normal]     | 91%    |  469.3ms | go poop...
[ENTERTAINM] | YouTube  | [Normal]     | 97%    |  619.6ms | love from india :red_heart:...
[GAMING/GAM] | YouTube  | [Normal]     | 95%    |  524.0ms | SPELLING...
[ENTERTAINM] | YouTube  | [Normal]     | 86%    |  484.1ms | Yo...
[ENTERTAINM] | YouTube  | [Normal]     | 97%    |  472.9ms | سلام...
[GAMING/GAM] | YouTube  | [Normal]     | 91%    |  605.6ms | Typo anomaly in the title...
[ENTERTAINM] | YouTube  | [Normal]     | 94%    |  625.2ms | tower of terror best tower...
[ENTERTAINM] | YouTube  | [Normal]     | 98%    |  575.2ms | my gift :wrapped_gift:...
[GAMING/GAM] | YouTube  | [Normal]     | 90%    |  521.9ms | u spelled wrong mark...
[GAMING/GAM] | YouTube  | [Normal]     | 94%    |  569.1ms | There's a typo...
[GAMING/SUR] | YouTube  | [Normal]     | 96%    |  498.7ms | lol...
[GAMING/SUR] | YouTube  | [Normal]     | 92%    |  507.4ms | LMFAOOOOOO...
[GAMING/GAM] | YouTube  | [Normal]     | 94%    |  492.8ms | hi...
[ENTERTAINM] | YouTube  | [Normal]     | 91%    |  873.4ms | MRBEEEEEEEEEEEEEEEAAAAAAAAAASSSSSSSSSST6...
[GAMING/SUR] | YouTube  | [Normal]     | 96%    |  567.7ms | YOU HAD 1000 SCRAP WHEN YOU LOGGED IN...
[GAMING/SUR] | YouTube  | [Normal]     | 90%    |  629.2ms | Where’s the scarp peanut...
[ENTERTAINM] | YouTube  | [Normal]     | 92%    |  791.3ms | I WASSS HEREEEEE :fire::fire::fire::fire...
[GAMING/SUR] | YouTube  | [Normal]     | 98%    | 1347.2ms | Keep On Bungulating LATE Into The Night ...
[ENTERTAINM] | YouTube  | [Normal]     | 97%    | 1139.9ms | I am your big fan bro and I subscribed y...
[ENTERTAINM] | YouTube  | [Normal]     | 94%    |  505.6ms | Ok...
[GAMING/GAM] | YouTube  | [Normal]     | 84%    |  525.8ms | TYPOOOOO...
[GAMING/GAM] | YouTube  | [Normal]     | 94%    |  669.3ms | im gonna have an obversation with my bes...
[ENTERTAINM] | YouTube  | [Normal]     | 95%    |  576.6ms | hi Jimmy...
[GAMING/SUR] | YouTube  | [Normal]     | 68%    |  649.5ms | YOU CANT COUNT CARDS AGAINST A CLANKA DU...
[ENTERTAINM] | YouTube  | [Normal]     | 97%    | 1717.4ms | Jimmyyyyyyyyyyyyyy  I can not believe th...
[GAMING/GAM] | YouTube  | [Normal]     | 94%    |  716.1ms | THE TITLE IS MISSPELLED...
[GAMING/SUR] | YouTube  | [Normal]     | 96%    |  777.5ms | He’s never gonna stop lol :face_with_tea...
[GAMING/GAM] | YouTube  | [Normal]     | 95%    |  542.9ms | xD...
[SELF-HELP/] | YouTube  | [Normal]     | 97%    |  770.1ms | Sometimes I think  my partner used to mi...
[ENTERTAINM] | YouTube  | [Normal]     | 95%    |  436.4ms | call speed!!!...
[GAMING/GAM] | YouTube  | [Normal]     | 94%    |  502.4ms | ovbersation...
[GAMING/GAM] | YouTube  | [Normal]     | 80%    |  627.5ms | I will be of absolutely NO help  I have ...
[GAMING/GAM] | YouTube  | [Normal]     | 95%    |  485.0ms | obversation...
[GAMING/SUR] | YouTube  | [Normal]     | 98%    |  497.7ms | :text-yellow-goal:...
[GAMING/GAM] | YouTube  | [Normal]     | 89%    |  563.4ms | the way i didnt even see...
[ENTERTAINM] | YouTube  | [Normal]     | 91%    |  580.6ms | is it weird watching your old videos...
[MUSIC/CHIL] | YouTube  | [Normal]     | 96%    |  566.6ms | :gar:welcm...
[GAMING/SUR] | YouTube  | [Normal]     | 74%    |  565.4ms | Peanut is an addict!!! lol...
[GAMING/SUR] | YouTube  | [Normal]     | 61%    |  498.5ms | a true addict...
[ENTERTAINM] | YouTube  | [Normal]     | 95%    |  472.6ms | Yooo...
[GAMING/SUR] | YouTube  | [Normal]     | 94%    |  501.9ms | 5...
[ENTERTAINM] | YouTube  | [Normal]     | 91%    |  540.4ms | mr beast...
[GAMING/GAM] | YouTube  | [Normal]     | 96%    |  542.5ms | I almost missed the stream  due to the t...
[GAMING/GAM] | YouTube  | [Normal]     | 95%    |  602.3ms | does this game is like fred nights ?...
[ENTERTAINM] | YouTube  | [Normal]     | 94%    |  592.2ms | 1...
[ENTERTAINM] | YouTube  | [Normal]     | 95%    |  623.3ms | please big fan...
[ENTERTAINM] | YouTube  | [Normal]     | 96%    |  494.8ms | jsjsj...
[ENTERTAINM] | YouTube  | [Normal]     | 97%    |  942.9ms | Jimmy:person-turqouise-waving::person-tu...
[MUSIC/CHIL] | YouTube  | [Normal]     | 98%    |  608.6ms | ...:face-turquoise-music-note:...
[GAMING/GAM] | YouTube  | [Normal]     | 93%    |  623.8ms | mark you pick dr pepper or coke...
[GAMING/GAM] | YouTube  | [Normal]     | 95%    |  565.5ms | obversation...
[GAMING/GAM] | YouTube  | [Normal]     | 95%    |  529.3ms | Hiiii...
[GAMING/GAM] | YouTube  | [Normal]     | 96%    |  749.1ms | gotta love my dyslexic five time champio...
[GAMING/GAM] | YouTube  | [Normal]     | 92%    |  650.8ms | Do you still play Ultrakill?...
[GAMING/GAM] | YouTube  | [Normal]     | 97%    |  835.4ms | OBVERSATION DUTY THE MOVIE?!??!?!?!...
[GAMING/GAM] | YouTube  | [Normal]     | 91%    |  561.9ms | MARK FIX YOUR POSTURE...
[GAMING/GAM] | YouTube  | [Normal]     | 97%    |  559.5ms | the poll is still going...
[GAMING/SUR] | YouTube  | [Normal]     | 97%    |  679.5ms | They logged in with 2000 scrap and left ...
[GAMING/GAM] | YouTube  | [Normal]     | 98%    |  479.9ms | was there always light in that shed?...
[GAMING/GAM] | YouTube  | [Normal]     | 91%    |  658.8ms | Guys let him turn his brain off after ho...
[ENTERTAINM] | YouTube  | [Normal]     | 93%    |  488.3ms | Are you okay?...
[PSYCHOLOGY] | YouTube  | [Normal]     | 97%    |  551.8ms | That was personal lol...
[MUSIC/CHIL] | YouTube  | [Normal]     | 85%    |  519.7ms | GTA ohh jealous...
[GAMING/GAM] | YouTube  | [Normal]     | 96%    |  435.0ms | LOL...
[GAMING/GAM] | YouTube  | [Normal]     | 98%    | 1084.1ms | Iron Lung is so amazing :red_heart::red_...
[ENTERTAINM] | YouTube  | [Normal]     | 98%    |  660.0ms | Watching all World Cup games for 50K?:th...
[GAMING/GAM] | YouTube  | [Normal]     | 65%    |  722.3ms | IM GOING TO WATCH IRON LUNG RN IN OHIO!!...
[ENTERTAINM] | YouTube  | [Normal]     | 94%    |  494.5ms | 5...
[GAMING/GAM] | YouTube  | [Normal]     | 96%    |  542.1ms | LOL...
[GAMING/GAM] | YouTube  | [Normal]     | 97%    |  584.8ms | mousetrap in interior?...
[GAMING/GAM] | YouTube  | [Normal]     | 73%    |  657.4ms | Absolutely loved Iron Lung  you and the ...
[ENTERTAINM] | YouTube  | [Normal]     | 95%    |  500.0ms | 129...
[GAMING/GAM] | YouTube  | [Normal]     | 92%    |  479.7ms | bed...
[ENTERTAINM] | YouTube  | [Normal]     | 92%    |  594.5ms | "MrBeast  I would like a computer  pleas...
[PSYCHOLOGY] | YouTube  | [Normal]     | 95%    |  913.0ms | oof it me but w workaholism  codepednecy...
[ENTERTAINM] | YouTube  | [Normal]     | 94%    |  528.8ms | 2...
[GAMING/GAM] | YouTube  | [Normal]     | 97%    |  526.1ms | that done been there...
[GAMING/GAM] | YouTube  | [Normal]     | 83%    |  529.2ms | why are you blue...
[ENTERTAINM] | YouTube  | [Normal]     | 94%    |  516.7ms | heloooo...
[GAMING/GAM] | YouTube  | [Normal]     | 96%    |  531.4ms | :_markiBRAIN:...
[GAMING/GAM] | YouTube  | [Normal]     | 97%    |  519.4ms | Welcome to Member!...
[GAMING/GAM] | YouTube  | [Normal]     | 96%    |  820.0ms | I printed the popcorn bucket but the tee...
[ENTERTAINM] | YouTube  | [Normal]     | 97%    |  715.2ms | Bro lot's of love from Nepal :red_heart:...
[ENTERTAINM] | YouTube  | [Normal]     | 91%    |  577.5ms | mrbeast give me money...
[ENTERTAINM] | YouTube  | [Normal]     | 85%    |  668.0ms | Mr beast I watch you everyday hope you s...
[GAMING/GAM] | YouTube  | [Normal]     | 86%    |  552.6ms | that's not good...
[GAMING/SUR] | YouTube  | [Normal]     | 96%    |  773.8ms | a box??...
[ENTERTAINM] | YouTube  | [Normal]     | 92%    |  579.6ms | hi MrBeast...
[GAMING/GAM] | YouTube  | [Normal]     | 96%    |  630.8ms | we have a keen eye...
[GAMING/GAM] | YouTube  | [Normal]     | 60%    |  705.0ms | LETS GOOOOOOOOOOOOOOOOOOOOOO...
[GAMING/GAM] | YouTube  | [Normal]     | 96%    |  521.7ms | hi!!...
[ENTERTAINM] | YouTube  | [Normal]     | 95%    |  486.7ms | 67...
[GAMING/GAM] | YouTube  | [Normal]     | 56%    |  646.6ms | MARK IM ABOUT TO GO SEE IORN LUNG YOU BE...
[ENTERTAINM] | YouTube  | [Normal]     | 95%    |  525.8ms | Mr best...
[MUSIC/CHIL] | YouTube  | [OFFENSIVE]  | 40%    |  894.9ms | Dream dude I can't tell if work is chasi...
[SELF-HELP/] | YouTube  | [Normal]     | 97%    |  469.3ms | I just been enlighten...
[GAMING/GAM] | YouTube  | [Normal]     | 88%    |  560.3ms | thank god I'm not on duty y'all got this...
[GAMING/GAM] | YouTube  | [Normal]     | 96%    |  512.0ms | my cat is watching very closely rn...
[ENTERTAINM] | YouTube  | [Normal]     | 96%    |  505.2ms | hiiiiiii...
[GAMING/GAM] | YouTube  | [Normal]     | 93%    |  615.4ms | man standing in stair well!!!!!!!!!...
[ENTERTAINM] | YouTube  | [OFFENSIVE]  | 56%    | 1030.7ms | Funny shorts:rolling_on_the_floor_laughi...
[GAMING/GAM] | YouTube  | [Normal]     | 90%    |  570.5ms | BLINDIPLIER...
[GAMING/SUR] | YouTube  | [Normal]     | 97%    |  544.1ms | the tea is pretty solid...
[GAMING/GAM] | YouTube  | [Normal]     | 95%    |  561.9ms | Poster I’m stairwell...
[GAMING/GAM] | YouTube  | [Normal]     | 94%    |  596.9ms | Bed Mark...
[ENTERTAINM] | YouTube  | [Normal]     | 95%    |  613.6ms | noob lol...
[GAMING/GAM] | YouTube  | [Normal]     | 97%    |  582.2ms | markiplier...
[GAMING/GAM] | YouTube  | [Normal]     | 94%    |  670.0ms | Man on the dock?...
[MUSIC/CHIL] | YouTube  | [Normal]     | 98%    |  760.3ms | Dream vanakam:pillow-turquoise-hot-choco...
[ENTERTAINM] | YouTube  | [Normal]     | 88%    |  620.7ms | Your last concept are really cool ex on ...
[ENTERTAINM] | YouTube  | [Normal]     | 94%    |  512.1ms | Hi...
[GAMING/GAM] | YouTube  | [Normal]     | 88%    |  521.2ms | The door...
[GAMING/GAM] | YouTube  | [Normal]     | 97%    |  541.9ms | INTERIOR LANTERN MOVEMENT...
[GAMING/SUR] | YouTube  | [Normal]     | 97%    |  882.5ms | NGL I might play the dino game before I ...
[ENTERTAINM] | YouTube  | [Normal]     | 96%    |  531.9ms | I want money...
[GAMING/SUR] | YouTube  | [Normal]     | 80%    |  577.7ms | he needs to be rebagged...
[GAMING/GAM] | YouTube  | [Normal]     | 95%    |  589.4ms | Was the bottle always standing up? In th...
[ENTERTAINM] | YouTube  | [Normal]     | 98%    | 1824.0ms | rajasthan:face-blue-smiling::face-blue-s...
[GAMING/SUR] | YouTube  | [Normal]     | 75%    |  775.1ms | is he not allowed to use guns though is ...
[GAMING/GAM] | YouTube  | [Normal]     | 94%    |  577.9ms | lanternnnn in interirorrrr...
[ENTERTAINM] | YouTube  | [Normal]     | 95%    |  501.0ms | hello...
[PSYCHOLOGY] | YouTube  | [Normal]     | 95%    |  572.9ms | EVERY REDDITOR...
[SELF-HELP/] | YouTube  | [Normal]     | 97%    |  601.6ms | Can I share this live or save it for lat...
[GAMING/GAM] | YouTube  | [Normal]     | 95%    |  481.6ms | RAILING MOVED...
[ENTERTAINM] | YouTube  | [Normal]     | 93%    |  486.8ms | l...
[GAMING/SUR] | YouTube  | [Normal]     | 96%    |  443.4ms | Wait for welyn...
[GAMING/GAM] | YouTube  | [Normal]     | 97%    |  644.2ms | 5 gallon bucket?...
[GAMING/SUR] | YouTube  | [Normal]     | 90%    |  674.3ms | No  that’s only solar...
[ENTERTAINM] | YouTube  | [Normal]     | 94%    |  541.0ms | 1...
[GAMING/GAM] | YouTube  | [Normal]     | 94%    |  448.3ms | FOG...
[GAMING/GAM] | YouTube  | [Normal]     | 93%    |  591.3ms | Just got back from the theater. Iron Lun...
[ENTERTAINM] | YouTube  | [Normal]     | 94%    |  511.8ms | 1...
[GAMING/GAM] | YouTube  | [Normal]     | 93%    |  498.6ms | Yes...
[GAMING/SUR] | YouTube  | [Normal]     | 87%    |  477.7ms | no...
[GAMING/GAM] | YouTube  | [Normal]     | 93%    |  677.3ms | HEY MARK ME AND MY GIRLFRIEND LOVE YOU S...
[ENTERTAINM] | YouTube  | [Normal]     | 92%    |  479.5ms | 1one...
[GAMING/SUR] | YouTube  | [Normal]     | 87%    |  468.0ms | no...
[GAMING/GAM] | YouTube  | [Normal]     | 93%    |  499.4ms | bedroom camera missing...
[GAMING/SUR] | YouTube  | [Normal]     | 79%    |  524.7ms | LET THE PRO DO IT...
[GAMING/GAM] | YouTube  | [Normal]     | 66%    |  613.1ms | YOUR CUPBOARD DOOR MIRK...
[ENTERTAINM] | YouTube  | [Normal]     | 94%    |  522.8ms | 2...
[ENTERTAINM] | YouTube  | [Normal]     | 52%    | 3240.0ms | HAPPY FOR YOU :face-fuchsia-wide-eyes::f...
[GAMING/SUR] | YouTube  | [Normal]     | 96%    |  581.7ms | WAIT FOR WELYN...
[GAMING/SUR] | YouTube  | [Normal]     | 86%    |  564.5ms | Higher but...
[ENTERTAINM] | YouTube  | [Normal]     | 93%    |  599.9ms | Yes...
[ENTERTAINM] | YouTube  | [Normal]     | 97%    |  891.8ms | :heart_suit::heart_suit:...
[GAMING/GAM] | YouTube  | [Normal]     | 96%    |  595.8ms | Hold on have u been live for ahhhhh...
[GAMING/SUR] | YouTube  | [Normal]     | 84%    |  497.3ms | build it up...
[ENTERTAINM] | YouTube  | [Normal]     | 94%    |  488.7ms | 6...
[GAMING/SUR] | YouTube  | [Normal]     | 83%    |  558.0ms | Just wait...
[GAMING/SUR] | YouTube  | [Normal]     | 90%    |  512.2ms | wait...
[GAMING/SUR] | YouTube  | [Normal]     | 95%    |  558.6ms | ASKIN WEYLYN...
[ENTERTAINM] | YouTube  | [Normal]     | 96%    |  506.3ms | love u from Bangladesh...
[GAMING/GAM] | YouTube  | [Normal]     | 86%    |  483.0ms | intruder...
[GAMING/GAM] | YouTube  | [Normal]     | 87%    |  649.9ms | MARK YOUR LIVE DURING THE DAY HERE!!! YA...
[ENTERTAINM] | YouTube  | [Normal]     | 97%    |  575.7ms | nikooo???...
[GAMING/GAM] | YouTube  | [Normal]     | 94%    |  493.6ms | Rip...
[ENTERTAINM] | YouTube  | [Normal]     | 94%    |  431.1ms | Venezuela...
[GAMING/GAM] | YouTube  | [Normal]     | 93%    |  504.8ms | n00b hahaha...
[GAMING/GAM] | YouTube  | [Normal]     | 95%    |  545.9ms | oh hi Mark...
[GAMING/GAM] | YouTube  | [Normal]     | 90%    |  578.1ms | You nearly did it...
[GAMING/GAM] | YouTube  | [Normal]     | 91%    |  515.1ms | Noob...
[GAMING/GAM] | YouTube  | [Normal]     | 94%    |  568.3ms | his ego has consumed him...
[ENTERTAINM] | YouTube  | [Normal]     | 98%    |  872.4ms | I am big fan of your channel. I am from ...
[GAMING/GAM] | YouTube  | [Normal]     | 94%    |  641.5ms | ur my fav noob <3...
[ENTERTAINM] | YouTube  | [Normal]     | 95%    |  577.6ms | Beluga is in the chat...
[MUSIC/CHIL] | YouTube  | [Normal]     | 97%    | 1262.2ms | :person-turquoise-writing-headphones::pe...
[GAMING/SUR] | YouTube  | [Normal]     | 87%    |  448.4ms | lets go...
[GAMING/GAM] | YouTube  | [Normal]     | 90%    |  607.6ms | We are the obversers  clearly....
[GAMING/SUR] | YouTube  | [Normal]     | 83%    |  539.1ms | Welyn too nice...
[GAMING/GAM] | YouTube  | [Normal]     | 95%    |  654.5ms | lmao i did notice that when i made the l...
[GAMING/GAM] | YouTube  | [Normal]     | 96%    |  639.2ms | see exactly lol...
[GAMING/GAM] | YouTube  | [Normal]     | 91%    |  603.7ms | Hahahah...
[MUSIC/CHIL] | YouTube  | [Normal]     | 97%    |  688.8ms | new job vacancy :face_with_hand_over_mou...
[GAMING/SUR] | YouTube  | [Normal]     | 95%    |  412.1ms | positive guy he is Welyb...
[ENTERTAINM] | YouTube  | [Normal]     | 96%    |  398.9ms | :folded_hands:...
[GAMING/GAM] | YouTube  | [Normal]     | 92%    |  457.7ms | camera malfunction in keeper cabin...
[ENTERTAINM] | YouTube  | [Normal]     | 97%    |  681.5ms | @Mrbeast your big fan please give me an ...
[ENTERTAINM] | YouTube  | [Normal]     | 97%    |  305.8ms | hallo...
[GAMING/GAM] | YouTube  | [Normal]     | 64%    |  301.4ms | Obversate better!...
[GAMING/SUR] | YouTube  | [Normal]     | 73%    |  462.0ms | this is what i mean.... peanut is the wo...
[ENTERTAINM] | YouTube  | [Normal]     | 98%    | 1361.7ms | :red_heart::red_heart::red_heart::red_he...
[PSYCHOLOGY] | YouTube  | [Normal]     | 96%    |  598.8ms | I would've been a nun...
[PSYCHOLOGY] | YouTube  | [Normal]     | 87%    |  836.1ms | thinking you're getting canceled about u...
[ENTERTAINM] | YouTube  | [Normal]     | 96%    |  556.9ms | congratulations :party_popper::clapping_...
[GAMING/GAM] | YouTube  | [Normal]     | 91%    |  419.6ms | PERSON...
[GAMING/GAM] | YouTube  | [Normal]     | 96%    |  548.7ms | YEAAAAAHAHAHH...
[GAMING/GAM] | YouTube  | [Normal]     | 95%    |  487.1ms | YAY...
[GAMING/GAM] | YouTube  | [Normal]     | 45%    |  513.8ms | YIPPEEE...
[MUSIC/CHIL] | YouTube  | [Normal]     | 96%    |  715.7ms | @kavya-c9c1j ap kab kroge mooh dikhai...
[ENTERTAINM] | YouTube  | [Normal]     | 97%    |  492.7ms | I watched then and would totally watch t...
[GAMING/GAM] | YouTube  | [Normal]     | 94%    |  464.7ms | woot...
[ENTERTAINM] | YouTube  | [Normal]     | 98%    | 2856.1ms | :text-yellow-goal::text-yellow-goal::tex...
[ENTERTAINM] | YouTube  | [Normal]     | 96%    |  379.6ms | oi...
[GAMING/GAM] | YouTube  | [Normal]     | 94%    |  544.5ms | OMFGGGG OBSERVATION DUTY?!?!?!?!...
[GAMING/GAM] | YouTube  | [Normal]     | 96%    |  462.7ms | mark does know that nothing appears unti...
[GAMING/GAM] | YouTube  | [Normal]     | 96%    |  430.5ms | what about mii side??...
[GAMING/GAM] | YouTube  | [Normal]     | 86%    |  436.0ms | THERES A PERSONNNNN...
[GAMING/GAM] | YouTube  | [Normal]     | 96%    |  596.8ms | you look very cool mark...
[GAMING/SUR] | YouTube  | [Normal]     | 97%    |  623.7ms | learning experience that's the way to lo...
[ENTERTAINM] | YouTube  | [Normal]     | 93%    |  527.2ms | unsub...
[GAMING/GAM] | YouTube  | [Normal]     | 72%    |  790.5ms | I will rent out a movie theater and put ...
[GAMING/GAM] | YouTube  | [Normal]     | 91%    |  530.4ms | nothing in pit...
[GAMING/GAM] | YouTube  | [Normal]     | 91%    |  448.9ms | hey...
[GAMING/GAM] | YouTube  | [Normal]     | 66%    |  481.2ms | TOO LOUYD...
[GAMING/GAM] | YouTube  | [Normal]     | 97%    |  547.2ms | fog in yard?...
[ENTERTAINM] | YouTube  | [Normal]     | 94%    |  438.8ms | Jimmy...
[ENTERTAINM] | YouTube  | [Normal]     | 87%    |  488.6ms | No who is that?...
[ENTERTAINM] | YouTube  | [Normal]     | 94%    |  443.6ms | hi...
[GAMING/GAM] | YouTube  | [Normal]     | 95%    |  487.6ms | :O...
[GAMING/GAM] | YouTube  | [Normal]     | 95%    |  483.1ms | EXTRA MOUSE TRAP...
[GAMING/GAM] | YouTube  | [OFFENSIVE]  | 72%    |  533.3ms | Creepppyyy...
[GAMING/GAM] | YouTube  | [Normal]     | 97%    |  488.8ms | the bags mark...
[GAMING/SUR] | YouTube  | [Normal]     | 93%    |  701.3ms | sattle it up...
[GAMING/GAM] | YouTube  | [Normal]     | 97%    |  705.5ms | number one crate!...
[ENTERTAINM] | YouTube  | [Normal]     | 97%    |  575.8ms | congratulations for 1 million...
[GAMING/GAM] | YouTube  | [Normal]     | 96%    |  541.5ms | THR MOUSETRAP...
[ENTERTAINM] | YouTube  | [Normal]     | 94%    |  473.0ms | hi...
[ENTERTAINM] | YouTube  | [Normal]     | 93%    |  487.3ms | you watching the usa game today...
[GAMING/GAM] | YouTube  | [Normal]     | 95%    | 1452.8ms | :_markiLOVE::_markiLOVE::_markiLOVE::_ma...
[GAMING/GAM] | YouTube  | [Normal]     | 97%    |  552.8ms | Watched Iron Lung last weekend! It was A...
[GAMING/GAM] | YouTube  | [Normal]     | 97%    |  485.1ms | FUSE BOX in Interior...
[PSYCHOLOGY] | YouTube  | [Normal]     | 96%    |  613.0ms | When will it equalize?...
[GAMING/GAM] | YouTube  | [Normal]     | 80%    |  675.9ms | MOUSETRAP IN BASEMENT THE MOST RIGHT ONE...
[ENTERTAINM] | YouTube  | [Normal]     | 97%    |  438.4ms | Suuuuuuiiiiii...
[GAMING/SUR] | YouTube  | [Normal]     | 97%    |  501.7ms | Lmfao this is great...
[GAMING/SUR] | YouTube  | [Normal]     | 97%    |  512.1ms | every door wide open lmao...
[ENTERTAINM] | YouTube  | [Normal]     | 95%    |  541.4ms | hi Mr Beast I love u...
[GAMING/GAM] | YouTube  | [Normal]     | 96%    |  594.5ms | Bottle change in basement?...
[GAMING/GAM] | YouTube  | [Normal]     | 97%    |  593.3ms | EXTRA MOUSETRAP IN BASEMENT...
[ENTERTAINM] | YouTube  | [Normal]     | 95%    |  612.9ms | :person-turqouise-waving:...
[GAMING/GAM] | YouTube  | [Normal]     | 94%    |  547.7ms | Lamp Post Cables...
[ENTERTAINM] | YouTube  | [Normal]     | 95%    |  521.7ms | Play Minecraft...
[GAMING/GAM] | YouTube  | [Normal]     | 95%    |  553.4ms | light...
[ENTERTAINM] | YouTube  | [Normal]     | 96%    |  521.2ms | I know everyone there...
[MUSIC/CHIL] | YouTube  | [Normal]     | 97%    |  552.3ms | :person-turquoise-wizard-wand:...
[GAMING/GAM] | YouTube  | [Normal]     | 97%    |  689.3ms | strange broadcast? That's just Alastor f...
[ENTERTAINM] | YouTube  | [Normal]     | 89%    |  500.0ms | yoooo...
[GAMING/GAM] | YouTube  | [Normal]     | 77%    |  489.6ms | spookyy...
[GAMING/GAM] | YouTube  | [Normal]     | 93%    |  641.5ms | The keepers roam sounds like someone is ...
[ENTERTAINM] | YouTube  | [Normal]     | 94%    |  494.3ms | hi...
[ENTERTAINM] | YouTube  | [Normal]     | 95%    |  577.2ms | hi mr beast i love you...
[ENTERTAINM] | YouTube  | [Normal]     | 97%    |  517.4ms | give 100k...
[GAMING/GAM] | YouTube  | [Normal]     | 89%    |  464.7ms | Resident evil 4 Remake...
[GAMING/GAM] | YouTube  | [Normal]     | 77%    |  507.1ms | THE PIER THING IS BENT...
[ENTERTAINM] | YouTube  | [Normal]     | 94%    |  511.9ms | Hi...
[ENTERTAINM] | YouTube  | [Normal]     | 93%    |  517.2ms | OMG...
[ENTERTAINM] | YouTube  | [Normal]     | 94%    |  503.6ms | HI...
[GAMING/GAM] | YouTube  | [Normal]     | 96%    |  518.0ms | lol...
[ENTERTAINM] | YouTube  | [Normal]     | 78%    |  473.2ms | YOU...
[MUSIC/CHIL] | YouTube  | [Normal]     | 96%    |  507.7ms | Vishuu u understand now...
[GAMING/SUR] | YouTube  | [Normal]     | 92%    |  453.1ms | CLOSE DOOR...
[GAMING/GAM] | YouTube  | [Normal]     | 96%    |  635.1ms | Has there always been a puddle in front ...
[GAMING/GAM] | YouTube  | [Normal]     | 97%    |  568.6ms | Welcome to Member!...
[GAMING/GAM] | YouTube  | [Normal]     | 96%    |  574.4ms | extra bottle pier?...
[ENTERTAINM] | YouTube  | [Normal]     | 78%    |  646.6ms | @mrbeast your the best...
[GAMING/GAM] | YouTube  | [Normal]     | 96%    |  710.4ms | ELEXTRIC BOX...
[GAMING/SUR] | YouTube  | [Normal]     | 92%    |  765.6ms | heli...
[GAMING/SUR] | YouTube  | [Normal]     | 89%    |  635.8ms | CLOSE THE GATE PEANUT...
[GAMING/GAM] | YouTube  | [Normal]     | 93%    |  526.9ms | WE ALL BELIEVED IN YOU MARK...
[GAMING/GAM] | YouTube  | [Normal]     | 69%    |  537.9ms | the ears...
[GAMING/GAM] | YouTube  | [Normal]     | 90%    |  504.6ms | yoo...
[ENTERTAINM] | YouTube  | [Normal]     | 95%    |  686.6ms | تاج راسك :thumbs_up:...
[GAMING/GAM] | YouTube  | [Normal]     | 92%    |  570.9ms | its right there...
[ENTERTAINM] | YouTube  | [Normal]     | 94%    |  549.1ms | hi...
[GAMING/GAM] | YouTube  | [Normal]     | 96%    |  511.6ms | extra bottle pier?...
[NEWS/LIVE ] | YouTube  | [Normal]     | 94%    |  571.0ms | Who killed who ..?...
[GAMING/GAM] | YouTube  | [Normal]     | 64%    |  563.5ms | What a large brain you have...
[ENTERTAINM] | YouTube  | [Normal]     | 92%    |  575.7ms | you give one i phone please...
[GAMING/GAM] | YouTube  | [Normal]     | 93%    |  587.4ms | 2 door knobs in Interior?...
[MUSIC/CHIL] | YouTube  | [Normal]     | 98%    |  616.2ms | ...:face-turquoise-music-note:...
[GAMING/GAM] | YouTube  | [OFFENSIVE]  | 38%    |  688.4ms | Intruder Top Left :face-fuchsia-tongue-o...
[ENTERTAINM] | YouTube  | [Normal]     | 94%    |  560.2ms | WW Aura Farm...
[ENTERTAINM] | YouTube  | [Normal]     | 95%    |  540.2ms | said hi...
[GAMING/GAM] | YouTube  | [Normal]     | 82%    |  752.4ms | Pretty sure I saw an Iron Lung out in th...
[PSYCHOLOGY] | YouTube  | [Normal]     | 96%    |  681.2ms | lol...
[ENTERTAINM] | YouTube  | [Normal]     | 93%    |  613.9ms | Yes...
[MUSIC/CHIL] | YouTube  | [Normal]     | 97%    |  608.0ms | yes good New my :spade_suit:...
[GAMING/GAM] | YouTube  | [Normal]     | 88%    |  595.6ms | wibble wobble...
[ENTERTAINM] | YouTube  | [Normal]     | 97%    |  486.6ms | Hi Mr.Beast...
[GAMING/GAM] | YouTube  | [Normal]     | 94%    |  475.9ms | Camera...
[GAMING/GAM] | YouTube  | [Normal]     | 85%    |  567.4ms | there was a wibble wobble!...
[GAMING/GAM] | YouTube  | [Normal]     | 96%    |  528.7ms | THE PILLAR AT THE STAIRWELL IS ROTATING...
[ENTERTAINM] | YouTube  | [Normal]     | 88%    |  544.1ms | @Mrbeast...
[GAMING/GAM] | YouTube  | [Normal]     | 94%    |  510.2ms | FOG...
[ENTERTAINM] | YouTube  | [Normal]     | 94%    | 2194.8ms | :buffering::buffering::buffering::buffer...
[ENTERTAINM] | YouTube  | [Normal]     | 98%    |  582.4ms | :hand-pink-waving:...
[GAMING/GAM] | YouTube  | [Normal]     | 84%    |  614.3ms | the cross is missing from the end of the...
[GAMING/GAM] | YouTube  | [Normal]     | 95%    |  513.8ms | extra lamp...
[ENTERTAINM] | YouTube  | [Normal]     | 96%    |  527.2ms | привет...
[GAMING/GAM] | YouTube  | [Normal]     | 85%    |  574.3ms | DEAD BODY IN CABIN...
[ENTERTAINM] | YouTube  | [OFFENSIVE]  | 83%    |  625.9ms | Letsssss goooooooooo...
[PSYCHOLOGY] | YouTube  | [HATE]       | 87%    |  473.8ms | Cockblockers...
[GAMING/GAM] | YouTube  | [Normal]     | 97%    |  444.7ms | I had a dream of this...
[ENTERTAINM] | YouTube  | [Normal]     | 96%    |  551.6ms | Jimmy  do you think you can handle 600 m...
[ENTERTAINM] | YouTube  | [Normal]     | 94%    |  553.3ms | Indonesia...
[ENTERTAINM] | YouTube  | [Normal]     | 90%    |  452.1ms | USA...
[ENTERTAINM] | YouTube  | [Normal]     | 91%    |  473.6ms | DO for carry...
[ENTERTAINM] | YouTube  | [Normal]     | 90%    |  484.3ms | mexico...
[GAMING/GAM] | YouTube  | [Normal]     | 93%    |  882.5ms | blahblahblah im markiplier. 27 million r...
[GAMING/GAM] | YouTube  | [Normal]     | 90%    |  497.5ms | light anomaly in the light house...
[ENTERTAINM] | YouTube  | [Normal]     | 94%    |  616.4ms | hi...
[GAMING/GAM] | YouTube  | [Normal]     | 97%    |  553.2ms | PURPLE TOWEL IN LANTERN ROOM!!...
[GAMING/GAM] | YouTube  | [Normal]     | 90%    |  915.1ms | I’m just waiting for an intruder to pop ...
[NEWS/LIVE ] | YouTube  | [Normal]     | 95%    |  635.6ms | GOD BLESS MY WHITENESS. JOEY AGREES!!...
[ENTERTAINM] | YouTube  | [Normal]     | 97%    |  588.0ms | i love Hollywood horror movie's...
[ENTERTAINM] | YouTube  | [Normal]     | 94%    |  494.1ms | hi...
[ENTERTAINM] | YouTube  | [Normal]     | 91%    |  517.1ms | Portugal...
[GAMING/SUR] | YouTube  | [Normal]     | 79%    |  636.4ms | p you must start shutting doors and gate...
[MUSIC/CHIL] | YouTube  | [Normal]     | 94%    |  665.7ms | eu nu alerg după bogății...
[GAMING/GAM] | YouTube  | [Normal]     | 96%    |  630.1ms | :_markiJIM:...
[ENTERTAINM] | YouTube  | [Normal]     | 94%    |  541.0ms | 1...
[GAMING/GAM] | YouTube  | [Normal]     | 96%    |  583.4ms | BARRELS TURNED...
[PSYCHOLOGY] | YouTube  | [Normal]     | 89%    |  656.9ms | but it goes both for men and women...
[GAMING/GAM] | YouTube  | [Normal]     | 96%    |  530.4ms | BARREL ORIENTATION IN BASEMENT...
[ENTERTAINM] | YouTube  | [Normal]     | 90%    |  493.0ms | 𝙷𝚎𝚕𝚕𝚘...
[GAMING/GAM] | YouTube  | [Normal]     | 88%    |  645.0ms | There is a camera malfunction in basemen...
[ENTERTAINM] | YouTube  | [Normal]     | 94%    |  485.4ms | 1...
[GAMING/SUR] | YouTube  | [Normal]     | 96%    |  492.0ms | Oil let welyn do the turrets...
[GAMING/SUR] | YouTube  | [Normal]     | 91%    |  525.7ms | a welyn's work is never done...
[SELF-HELP/] | YouTube  | [Normal]     | 96%    |  537.9ms | :D...
[ENTERTAINM] | YouTube  | [Normal]     | 94%    |  486.3ms | 1...
[GAMING/GAM] | YouTube  | [Normal]     | 96%    |  493.9ms | lamp moved in interior...
[GAMING/SUR] | YouTube  | [Normal]     | 91%    |  587.2ms | DILLON DANIS IS NOT IN UFC...
[PSYCHOLOGY] | YouTube  | [Normal]     | 97%    |  663.6ms | a big part...
[GAMING/GAM] | YouTube  | [Normal]     | 88%    |  659.9ms | pluggin a movie with a few clicks is wil...
[GAMING/GAM] | YouTube  | [Normal]     | 97%    |  594.8ms | hiiii mark!!!!!...
[ENTERTAINM] | YouTube  | [Normal]     | 94%    |  594.2ms | Unsubscribed what...
[PSYCHOLOGY] | YouTube  | [Normal]     | 96%    |  711.6ms | Dr. K to restaurant bro: So let's think ...
[GAMING/GAM] | YouTube  | [Normal]     | 93%    |  586.3ms | Light not spinning...
[GAMING/GAM] | YouTube  | [Normal]     | 97%    |  600.4ms | PIER: extra bottle by shack...
[GAMING/GAM] | YouTube  | [Normal]     | 83%    |  531.3ms | Iron lung is peak fiction...
[GAMING/GAM] | YouTube  | [Normal]     | 96%    |  556.0ms | :anxious_face_with_sweat:...
[MUSIC/CHIL] | YouTube  | [Normal]     | 98%    |  974.1ms | Syed :comet::small_blue_diamond:me moral...
[ENTERTAINM] | YouTube  | [Normal]     | 93%    |  581.0ms | Mr beast can you pay my world cup ticket...
[GAMING/GAM] | YouTube  | [Normal]     | 94%    |  559.8ms | I saw that wobble!!...
[SELF-HELP/] | YouTube  | [Normal]     | 72%    |  514.6ms | dr k are you broken...
[GAMING/GAM] | YouTube  | [Normal]     | 88%    |  452.3ms | dock...
[PSYCHOLOGY] | YouTube  | [Normal]     | 92%    |  591.1ms | hih go dr k...
[ENTERTAINM] | YouTube  | [Normal]     | 94%    |  517.5ms | 1...
[GAMING/GAM] | YouTube  | [Normal]     | 96%    |  570.2ms | hi markkkk...
[GAMING/GAM] | YouTube  | [Normal]     | 97%    |  570.4ms | BARRELS MOVED DIRECTIONS IN BASEMENT...
[GAMING/SUR] | YouTube  | [Normal]     | 96%    |  541.5ms | he has the bp...
[GAMING/GAM] | YouTube  | [Normal]     | 92%    |  501.0ms | the ropes...
[GAMING/GAM] | YouTube  | [Normal]     | 68%    |  618.3ms | TOO MUCH LADDER...
[GAMING/GAM] | YouTube  | [Normal]     | 96%    |  603.7ms | EXTRA. BOTTLE. IN. THE. PEIR...
[ENTERTAINM] | YouTube  | [Normal]     | 98%    | 1053.6ms | bro I want to participate in your challe...
[ENTERTAINM] | YouTube  | [Normal]     | 98%    | 1232.4ms | :text-green-game-over::text-green-game-o...
[GAMING/GAM] | YouTube  | [Normal]     | 95%    |  686.5ms | The panel in front of the lighthouse lig...
[GAMING/GAM] | YouTube  | [Normal]     | 96%    |  525.0ms | try max payne 3 multiplayer...
[PSYCHOLOGY] | YouTube  | [Normal]     | 78%    |  596.6ms | A part of you opposite to identity...
[GAMING/GAM] | YouTube  | [Normal]     | 96%    |  556.0ms | hi mark...
[GAMING/GAM] | YouTube  | [Normal]     | 88%    |  568.9ms | THE BARREL IS SHORTER...
[MUSIC/CHIL] | YouTube  | [Normal]     | 97%    |  610.6ms | :moai::blue_heart::balloon:...
[GAMING/SUR] | YouTube  | [Normal]     | 93%    |  540.5ms | Gingy is a cool guy and excellent suppor...
[ENTERTAINM] | YouTube  | [Normal]     | 93%    |  488.7ms | wtf...
[GAMING/GAM] | YouTube  | [Normal]     | 93%    |  469.0ms | Stair rail moved...
[MUSIC/CHIL] | YouTube  | [Normal]     | 96%    |  720.3ms | :musical_note::man_in_steamy_room:...
[GAMING/SUR] | YouTube  | [Normal]     | 80%    |  583.8ms | YOU GOT IT...
[GAMING/GAM] | YouTube  | [Normal]     | 78%    |  642.3ms | INTRUDER TOP LEFT OMGGGG...
[GAMING/GAM] | YouTube  | [Normal]     | 97%    |  490.6ms | BARRELS ROTATED...
[GAMING/GAM] | YouTube  | [Normal]     | 78%    |  621.0ms | Just watched Iron Lung in Germany!...
[GAMING/GAM] | YouTube  | [Normal]     | 96%    |  679.5ms | There's extra bottles at the dock...
[GAMING/SUR] | YouTube  | [Normal]     | 96%    |  611.3ms | windmill to main battery...
[GAMING/GAM] | YouTube  | [Normal]     | 97%    |  736.0ms | green bucket is filled @markiplier...
[GAMING/GAM] | YouTube  | [Normal]     | 95%    |  658.7ms | We see the hairline mark...
[ENTERTAINM] | YouTube  | [Normal]     | 94%    | 1220.7ms | :ok_hand::ok_hand::ok_hand::ok_hand::ok_...
[GAMING/GAM] | YouTube  | [Normal]     | 85%    |  429.2ms | foggy yard...
[GAMING/GAM] | YouTube  | [Normal]     | 94%    |  396.4ms | hi...
[ENTERTAINM] | YouTube  | [Normal]     | 93%    |  522.9ms | Who are you bro?...
[MUSIC/CHIL] | YouTube  | [Normal]     | 95%    |  545.1ms | my name is Ani adyhh sister...
[GAMING/GAM] | YouTube  | [OFFENSIVE]  | 50%    |  444.9ms | WHAT THE HELL...
[ENTERTAINM] | YouTube  | [Normal]     | 95%    |  663.8ms | Россия Россия Россия Россия...
[GAMING/SUR] | YouTube  | [Normal]     | 89%    |  588.0ms | wtf they capped the amount of turrets...
[GAMING/GAM] | YouTube  | [Normal]     | 90%    |  544.2ms | Sirens huh...
[ENTERTAINM] | YouTube  | [Normal]     | 92%    |  512.1ms | MrBeast...
[GAMING/GAM] | YouTube  | [Normal]     | 92%    |  454.2ms | Woah...
[GAMING/GAM] | YouTube  | [Normal]     | 93%    |  614.0ms | is iron lung going to be on a streaming ...
[GAMING/GAM] | YouTube  | [Normal]     | 96%    |  545.9ms | MARK PLEASE FIREPLACE...
[ENTERTAINM] | YouTube  | [Normal]     | 97%    |  580.3ms | kitabi rujhaan ask...
[GAMING/GAM] | YouTube  | [Normal]     | 97%    |  632.8ms | BACKPACK HANGING FROM LANTERN ROOM HAS A...
[GAMING/GAM] | YouTube  | [Normal]     | 88%    |  775.2ms | ypu telling me the crab lady counts as a...
[ENTERTAINM] | YouTube  | [Normal]     | 96%    |  529.4ms | New member...
[MUSIC/CHIL] | YouTube  | [Normal]     | 95%    | 1925.7ms | nu te judeca dur nu te taxează vezi daca...
[GAMING/GAM] | YouTube  | [Normal]     | 97%    |  737.8ms | I saw that one but havent checked it out...
[ENTERTAINM] | YouTube  | [Normal]     | 91%    |  512.3ms | yo jimmy...
[GAMING/GAM] | YouTube  | [Normal]     | 95%    |  472.8ms | THE RAILING MARK THE RAILING...
[GAMING/SUR] | YouTube  | [Normal]     | 97%    |  549.6ms | Get a fajita-rrito...
[GAMING/GAM] | YouTube  | [Normal]     | 96%    |  662.4ms | whats that red thing on the lower left i...
[ENTERTAINM] | YouTube  | [Normal]     | 95%    |  515.3ms | yooo...
[GAMING/GAM] | YouTube  | [Normal]     | 95%    |  731.1ms | it seems fine I don't think anything cha...
[GAMING/GAM] | YouTube  | [Normal]     | 86%    |  476.5ms | Middle post in Yard is too long...
[GAMING/GAM] | YouTube  | [Normal]     | 92%    |  513.4ms | im on the last one...
[PSYCHOLOGY] | YouTube  | [Normal]     | 90%    |  617.1ms | It confusing when the words are almost t...
[MUSIC/CHIL] | YouTube  | [Normal]     | 95%    |  603.5ms | :frowning_face:...
[GAMING/SUR] | YouTube  | [Normal]     | 94%    |  558.6ms | RIP TRUMP...
[ENTERTAINM] | YouTube  | [Normal]     | 98%    |  553.9ms | :wilted_flower:...
[ENTERTAINM] | YouTube  | [Normal]     | 94%    |  512.1ms | follow...
[ENTERTAINM] | YouTube  | [Normal]     | 98%    | 1645.9ms | :purple_heart::purple_heart::purple_hear...
[GAMING/GAM] | YouTube  | [Normal]     | 98%    | 1129.5ms | Red light in the top left Red light in t...
[GAMING/GAM] | YouTube  | [Normal]     | 88%    |  452.2ms | intruder top left...
[GAMING/SUR] | YouTube  | [Normal]     | 86%    |  602.4ms | Im funny then...
[GAMING/GAM] | YouTube  | [Normal]     | 96%    |  660.4ms | it's BENT...
[GAMING/GAM] | YouTube  | [Normal]     | 85%    |  604.0ms | IT MOOOOOOVED...
[NEWS/LIVE ] | YouTube  | [Normal]     | 90%    |  511.7ms | No remorse...
[GAMING/GAM] | YouTube  | [Normal]     | 95%    |  537.5ms | RAILING MOVEMENT...
[SELF-HELP/] | YouTube  | [Normal]     | 81%    |  829.1ms | be special and weird  got it  ill try th...
[GAMING/GAM] | YouTube  | [Normal]     | 95%    |  667.6ms | THE BROKEN RAIL MOVED FOR THE LOVE OF AL...
[NEWS/LIVE ] | YouTube  | [Normal]     | 87%    |  684.2ms | WHAT HAPPENED TICKLETOES?? YOU SWITCHED ...
[GAMING/GAM] | YouTube  | [Normal]     | 93%    |  497.4ms | BROKEN ONE MOVED...
[GAMING/GAM] | YouTube  | [Normal]     | 94%    |  564.7ms | Wait go back i think i saw diamonds...
[ENTERTAINM] | YouTube  | [Normal]     | 95%    |  479.0ms | Paul from UGANDA...
[ENTERTAINM] | YouTube  | [Normal]     | 82%    | 1527.9ms | :party_popper::party_popper::party_poppe...
[SELF-HELP/] | YouTube  | [Normal]     | 59%    |  572.8ms | twitch chat kicks our ass every single t...
[GAMING/GAM] | YouTube  | [Normal]     | 96%    |  545.0ms | gotteem...
[SELF-HELP/] | YouTube  | [Normal]     | 98%    |  622.3ms | I scored 9 / 10 on ACE. I'm special....
[ENTERTAINM] | YouTube  | [Normal]     | 90%    |  529.8ms | what is your favourite youtuber...
[ENTERTAINM] | YouTube  | [Normal]     | 97%    |  516.1ms | hello mr.beast...
[ENTERTAINM] | YouTube  | [Normal]     | 97%    |  652.7ms | ازيك يا مستر بيست...
[GAMING/SUR] | YouTube  | [Normal]     | 93%    |  592.9ms | it's a grid cap...
[SELF-HELP/] | YouTube  | [Normal]     | 94%    |  491.8ms | ish...
[ENTERTAINM] | YouTube  | [Normal]     | 94%    |  492.9ms | come to Ukraine friend...
[ENTERTAINM] | YouTube  | [Normal]     | 93%    |  464.4ms | лол...
[ENTERTAINM] | YouTube  | [Normal]     | 90%    | 2626.5ms | :stayhome::stayhome::stayhome::stayhome:...
[ENTERTAINM] | YouTube  | [Normal]     | 97%    |  470.2ms | congratulations 500M...
[GAMING/GAM] | YouTube  | [Normal]     | 91%    |  597.4ms | MARK THE GAS CAN MOVED IN THE YARD IM TE...
[GAMING/GAM] | YouTube  | [Normal]     | 83%    |  446.1ms | THE RAIL IS BROKEN IS THE STAIRWELL...
[GAMING/GAM] | YouTube  | [Normal]     | 96%    |  369.9ms | 2 mark...
[GAMING/GAM] | YouTube  | [Normal]     | 96%    |  467.8ms | Hi mark...
[SELF-HELP/] | YouTube  | [Normal]     | 93%    |  851.8ms | As a child  I was put into an accelerati...
[GAMING/GAM] | YouTube  | [Normal]     | 60%    |  624.4ms | There's a devilishly handsome man in the...
[GAMING/GAM] | YouTube  | [Normal]     | 94%    |  549.0ms | The papers are missing from the desk in ...
[GAMING/GAM] | YouTube  | [Normal]     | 67%    |  624.8ms | THE LONGER ONEEEEEEEE MARK THE LONGER RO...
[GAMING/GAM] | YouTube  | [Normal]     | 86%    |  446.1ms | INTRUDER...
[GAMING/SUR] | YouTube  | [Normal]     | 94%    |  610.9ms | bro should've did some cable management...
[GAMING/GAM] | YouTube  | [Normal]     | 97%    |  606.9ms | extra box in the stairwell top left...
[ENTERTAINM] | YouTube  | [Normal]     | 96%    |  613.8ms | hiiiiiiiiiiiiiiiiiiiiiiiiii...
[ENTERTAINM] | YouTube  | [Normal]     | 93%    |  517.1ms | how to get XP...
[ENTERTAINM] | YouTube  | [Normal]     | 43%    |  586.6ms | leeeeetsssss gooo...
[ENTERTAINM] | YouTube  | [Normal]     | 95%    |  459.8ms | ff...
[GAMING/SUR] | YouTube  | [Normal]     | 71%    |  746.8ms | NOOOOOOOOOOOOOOOOOOOOOOOOOO...
[GAMING/SUR] | YouTube  | [Normal]     | 87%    |  590.0ms | No...
[ENTERTAINM] | YouTube  | [Normal]     | 93%    |  544.9ms | hlo...
[GAMING/GAM] | YouTube  | [Normal]     | 96%    |  614.2ms | STAIRWELL RAILING ROTATED LEFT OF THE SQ...
[ENTERTAINM] | YouTube  | [Normal]     | 77%    |  529.5ms | PUBG AND FREFIRE...
[GAMING/GAM] | YouTube  | [Normal]     | 96%    |  598.9ms | ARROW ANOMALIES ON UR SCREEN...
[GAMING/GAM] | YouTube  | [Normal]     | 92%    |  603.5ms | Intruder behind Makiplier...
[GAMING/GAM] | YouTube  | [Normal]     | 95%    |  523.1ms | THE STAIRWELL IS FINE...
[ENTERTAINM] | YouTube  | [Normal]     | 93%    |  708.9ms | mr beast im frommm the Philippines can y...
[ENTERTAINM] | YouTube  | [Normal]     | 96%    |  553.3ms | Mr beast vs chandler...
[GAMING/GAM] | YouTube  | [Normal]     | 97%    |  614.4ms | was the little red oil can always in the...
[ENTERTAINM] | YouTube  | [Normal]     | 95%    |  438.0ms | aaaaaaaaa...
[GAMING/GAM] | YouTube  | [Normal]     | 95%    |  469.1ms | Missing box in front of the map...
[PSYCHOLOGY] | YouTube  | [Normal]     | 97%    |  424.3ms | I FEEL SEEN lol...
[GAMING/SUR] | YouTube  | [Normal]     | 94%    |  397.0ms | 10...
[GAMING/GAM] | YouTube  | [Normal]     | 92%    |  532.6ms | Not the wind...
[GAMING/SUR] | YouTube  | [Normal]     | 93%    |  604.6ms | hahahahahhahah...
[ENTERTAINM] | YouTube  | [Normal]     | 94%    |  528.8ms | hi...
[GAMING/SUR] | YouTube  | [Normal]     | 94%    |  514.1ms | 10...
[GAMING/SUR] | YouTube  | [Normal]     | 94%    |  533.8ms | 10...
[GAMING/SUR] | YouTube  | [Normal]     | 95%    |  624.7ms | ?????...
[GAMING/GAM] | YouTube  | [Normal]     | 96%    |  553.9ms | HOLA PLAYER2...
[PSYCHOLOGY] | YouTube  | [Normal]     | 95%    |  543.5ms | INCEL...
[ENTERTAINM] | YouTube  | [Normal]     | 96%    |  597.1ms | 2k...
[PSYCHOLOGY] | YouTube  | [Normal]     | 96%    |  647.8ms | respect for being honest...
[GAMING/SUR] | YouTube  | [Normal]     | 94%    |  604.8ms | LOL ofc its still wrong...
[GAMING/GAM] | YouTube  | [Normal]     | 96%    |  703.1ms | when will that movie be in Europe?...
[GAMING/GAM] | YouTube  | [Normal]     | 86%    |  528.9ms | Under the bed...
[ENTERTAINM] | YouTube  | [Normal]     | 92%    |  585.9ms | Let’s go!!!!...
[GAMING/GAM] | YouTube  | [Normal]     | 95%    |  476.9ms | GASOLINE TANK...
[GAMING/GAM] | YouTube  | [Normal]     | 92%    |  425.2ms | uhoh...
[ENTERTAINM] | YouTube  | [Normal]     | 97%    |  575.8ms | love from Bangladesh :red_heart:...
[ENTERTAINM] | YouTube  | [Normal]     | 94%    |  546.9ms | 67k left...
[GAMING/GAM] | YouTube  | [Normal]     | 81%    |  711.9ms | Clearly the dead body that was called in...
[GAMING/GAM] | YouTube  | [Normal]     | 48%    |  608.8ms | WHAT DO YOU MEAN SHES PRETTY...
[GAMING/GAM] | YouTube  | [Normal]     | 72%    |  615.9ms | That might have been the guy they send t...
[GAMING/GAM] | YouTube  | [Normal]     | 93%    |  426.4ms | WWW...
[GAMING/GAM] | YouTube  | [Normal]     | 93%    |  446.0ms | pan under the bed...
[GAMING/GAM] | YouTube  | [Normal]     | 98%    |  490.5ms | purple cloth!! moved!!!...
[ENTERTAINM] | YouTube  | [Normal]     | 97%    |  470.3ms | Been subscribed since 7 million...
[GAMING/GAM] | YouTube  | [Normal]     | 80%    |  467.9ms | dead body under the sheets...
[ENTERTAINM] | YouTube  | [Normal]     | 95%    |  462.4ms | hii...
[ENTERTAINM] | YouTube  | [Normal]     | 95%    | 3530.6ms | :nazar_amulet::nazar_amulet::nazar_amule...
[ENTERTAINM] | YouTube  | [Normal]     | 96%    |  694.0ms | Mr beast make your next Video a challeng...
[GAMING/GAM] | YouTube  | [Normal]     | 92%    |  550.8ms | HEY WSPPP...
[ENTERTAINM] | YouTube  | [Normal]     | 95%    |  530.0ms | bro please 1k please...
[ENTERTAINM] | YouTube  | [Normal]     | 93%    |  585.6ms | هههههههههه...
[ENTERTAINM] | YouTube  | [Normal]     | 98%    | 1847.6ms | :chequered_flag::chequered_flag::chequer...
[ENTERTAINM] | YouTube  | [Normal]     | 97%    | 3146.8ms | :face-purple-crying::face-purple-crying:...
[ENTERTAINM] | YouTube  | [Normal]     | 97%    |  474.0ms | love from nepal...
[GAMING/GAM] | YouTube  | [Normal]     | 96%    |  618.2ms | it’s faint but there’s a few extra rope ...
[ENTERTAINM] | YouTube  | [Normal]     | 93%    |  724.2ms | Man I remember when you used to do pewDi...
[GAMING/GAM] | YouTube  | [Normal]     | 96%    |  442.9ms | thanks...
[NEWS/LIVE ] | YouTube  | [Normal]     | 95%    |  608.6ms | My covid has AIDS...
[SELF-HELP/] | YouTube  | [Normal]     | 83%    |  715.2ms | There is a cost for IQ just as there is ...
[GAMING/GAM] | YouTube  | [Normal]     | 94%    |  569.0ms | uhhhh...
[ENTERTAINM] | YouTube  | [Normal]     | 96%    |  652.6ms | where is your outro song?...
[ENTERTAINM] | YouTube  | [Normal]     | 96%    |  628.2ms | базар жок...
[GAMING/GAM] | YouTube  | [Normal]     | 83%    |  486.1ms | THE RUMBLING...
[ENTERTAINM] | YouTube  | [Normal]     | 97%    | 1240.9ms | :persevering_face::revolving_hearts::per...
[SELF-HELP/] | YouTube  | [Normal]     | 61%    |  652.0ms | higher Iq does not correlate with better...
[GAMING/SUR] | YouTube  | [Normal]     | 91%    |  597.4ms | I think u need wind turbine...
[GAMING/GAM] | YouTube  | [Normal]     | 96%    |  634.5ms | bed in the cabin?...
[GAMING/SUR] | YouTube  | [Normal]     | 80%    |  620.6ms | half wall the back side...
[ENTERTAINM] | YouTube  | [Normal]     | 94%    |  496.3ms | wooo...
[GAMING/GAM] | YouTube  | [HATE]       | 88%    |  676.9ms | Humans are way creepier than we give our...
[GAMING/GAM] | YouTube  | [Normal]     | 56%    |  541.1ms | LETSGOOO...
[ENTERTAINM] | YouTube  | [Normal]     | 93%    |  548.1ms | Ski...
[ENTERTAINM] | YouTube  | [Normal]     | 96%    |  616.0ms | الكفن505...
[GAMING/GAM] | YouTube  | [Normal]     | 91%    |  474.1ms | w...
[ENTERTAINM] | YouTube  | [Normal]     | 98%    | 3333.3ms | رد مستر بيست :pensive_face::folded_hands...
[ENTERTAINM] | YouTube  | [Normal]     | 97%    | 1480.8ms | Yo MrBeast! Watching the stream  you're ...
[GAMING/GAM] | YouTube  | [Normal]     | 88%    |  544.6ms | ggy...
[ENTERTAINM] | YouTube  | [Normal]     | 97%    |  549.6ms | Welcome to the final show...
[ENTERTAINM] | YouTube  | [Normal]     | 97%    |  506.2ms | cookies Mr beast don't forget...
[ENTERTAINM] | YouTube  | [Normal]     | 97%    |  431.0ms | hallo shabil...
[GAMING/SUR] | YouTube  | [Normal]     | 42%    |  555.3ms | put one wall on the right side of each t...
[ENTERTAINM] | YouTube  | [Normal]     | 97%    |  491.0ms | :text-green-game-over:...
[GAMING/GAM] | YouTube  | [Normal]     | 95%    |  481.5ms | yay...
[ENTERTAINM] | YouTube  | [Normal]     | 96%    |  537.5ms | I need new running shoes...
[GAMING/GAM] | YouTube  | [Normal]     | 97%    |  578.3ms | observation duty movie?!...
[GAMING/SUR] | YouTube  | [Normal]     | 54%    |  763.8ms | the proper question is "are we partaking...
[GAMING/GAM] | YouTube  | [Normal]     | 97%    |  556.5ms | thank you mark we love you mark...
[GAMING/SUR] | YouTube  | [Normal]     | 92%    |  551.6ms | you can do multiple clicks...
[GAMING/GAM] | YouTube  | [Normal]     | 96%    |  480.7ms | is it coming to Brazil ?...
[GAMING/GAM] | YouTube  | [Normal]     | 91%    |  437.3ms | UR SO ATTRACTIVE...
[GAMING/GAM] | YouTube  | [Normal]     | 80%    |  660.5ms | Hey mark  is it true to went on a date w...
[MUSIC/CHIL] | YouTube  | [Normal]     | 96%    |  777.2ms | :face_with_raised_eyebrow::face_with_rai...
[GAMING/GAM] | YouTube  | [Normal]     | 93%    |  536.3ms | NUMBER ONE BABY...
[GAMING/GAM] | YouTube  | [Normal]     | 92%    |  596.8ms | so no showing in Italy?...
[ENTERTAINM] | YouTube  | [Normal]     | 97%    |  698.3ms | Мистер Бист  я хочу пиццу...
[GAMING/GAM] | YouTube  | [Normal]     | 97%    |  783.4ms | Watched the movie last Tuesday and drew ...
[GAMING/SUR] | YouTube  | [Normal]     | 95%    |  497.6ms | Hello guys...
[ENTERTAINM] | YouTube  | [Normal]     | 98%    | 1877.8ms | :face-blue-smiling::face-blue-smiling::f...
[GAMING/GAM] | YouTube  | [Normal]     | 98%    |  535.0ms | Blu-ray...
[ENTERTAINM] | YouTube  | [Normal]     | 94%    |  510.1ms | ok...
[ENTERTAINM] | YouTube  | [Normal]     | 97%    |  952.8ms | بعد ما توصل نص مليون هتعمل ايه يعني...
[ENTERTAINM] | YouTube  | [Normal]     | 97%    |  568.6ms | love from india...
[GAMING/GAM] | YouTube  | [Normal]     | 97%    |  616.8ms | I NEED THTA BLU-RAY...
[MUSIC/CHIL] | YouTube  | [Normal]     | 97%    |  697.8ms | :musical_notes::musical_notes::hot_bever...
[PSYCHOLOGY] | YouTube  | [Normal]     | 94%    | 1159.2ms | The ideal is that we live in a society t...
[ENTERTAINM] | YouTube  | [Normal]     | 97%    | 1158.3ms | Can you give me a free phone  Jimmy? I o...
[ENTERTAINM] | YouTube  | [Normal]     | 98%    | 1171.2ms | :stopwatch-blue-hand-timer::stopwatch-bl...
[ENTERTAINM] | YouTube  | [Normal]     | 67%    |  473.7ms | les gooo...
[ENTERTAINM] | YouTube  | [Normal]     | 98%    | 1817.6ms | :hand-pink-waving::hand-pink-waving::han...
[ENTERTAINM] | YouTube  | [Normal]     | 88%    |  621.8ms | @MrBeast...
[ENTERTAINM] | YouTube  | [Normal]     | 95%    |  595.8ms | 6 7...
[ENTERTAINM] | YouTube  | [Normal]     | 90%    |  438.1ms | What...
[PSYCHOLOGY] | YouTube  | [Normal]     | 51%    |  845.6ms | why has the facade of social justice all...
[GAMING/GAM] | YouTube  | [Normal]     | 96%    |  609.1ms | can't wait to buy the dvd!...
[ENTERTAINM] | YouTube  | [Normal]     | 93%    |  533.8ms | suomi...
[PSYCHOLOGY] | YouTube  | [Normal]     | 93%    |  585.3ms | ayo anime that I can get behind...
[GAMING/SUR] | YouTube  | [Normal]     | 94%    |  688.3ms | at this rate of electrical engineering w...
[GAMING/GAM] | YouTube  | [Normal]     | 96%    |  648.5ms | garten of banban movie when ? u promised...
[GAMING/GAM] | YouTube  | [Normal]     | 83%    |  565.1ms | The Iron Lung guy!...
[GAMING/GAM] | YouTube  | [Normal]     | 88%    |  695.0ms | I’ve never seen someone more deserving t...
[ENTERTAINM] | YouTube  | [Normal]     | 96%    |  505.3ms | New member...
[ENTERTAINM] | YouTube  | [Normal]     | 91%    |  418.9ms | yo jimmy...
[ENTERTAINM] | YouTube  | [Normal]     | 98%    |  870.1ms | :face-blue-smiling::face-blue-smiling::f...
[PSYCHOLOGY] | YouTube  | [Normal]     | 94%    |  583.0ms | Was gonna be Goku for awhile...
[ENTERTAINM] | YouTube  | [Normal]     | 96%    |  587.9ms | im your biggest fan from sri lanka...
[ENTERTAINM] | YouTube  | [Normal]     | 95%    |  510.3ms | Hello...
[GAMING/GAM] | YouTube  | [Normal]     | 97%    |  683.5ms | -------liquid vinyl for soundtrack?-----...
[GAMING/SUR] | YouTube  | [Normal]     | 91%    |  455.7ms | make the switch just for the turrets...
[GAMING/SUR] | YouTube  | [Normal]     | 92%    |  661.8ms | HAHAHHAHAHA...
[GAMING/GAM] | YouTube  | [Normal]     | 83%    |  598.3ms | There's an intruder in the top left corn...
[GAMING/GAM] | YouTube  | [Normal]     | 93%    |  629.8ms | mark dont miss the anomaly behind you...
[MUSIC/CHIL] | YouTube  | [Normal]     | 97%    |  854.7ms | Gibbs ft. Pezet - Karnawał [TARKA REMIX]...
[GAMING/SUR] | YouTube  | [Normal]     | 96%    |  657.6ms | let welyn do this for the love of god...
[ENTERTAINM] | YouTube  | [Normal]     | 96%    |  554.1ms | I was here...
[GAMING/SUR] | YouTube  | [OFFENSIVE]  | 63%    |  751.5ms | as a dayz player the base and building i...
[GAMING/GAM] | YouTube  | [Normal]     | 97%    |  494.9ms | the skeleton moved...
[ENTERTAINM] | YouTube  | [Normal]     | 97%    |  542.7ms | hy bro i am from pakistan...
[ENTERTAINM] | YouTube  | [Normal]     | 94%    |  467.3ms | 46212...
[ENTERTAINM] | YouTube  | [Normal]     | 98%    |  699.2ms | :hand-pink-waving::hand-pink-waving::han...
[ENTERTAINM] | YouTube  | [Normal]     | 90%    |  511.1ms | 快五億了...
[GAMING/GAM] | YouTube  | [Normal]     | 90%    |  593.1ms | Slender man looking figure in window of ...
[GAMING/SUR] | YouTube  | [Normal]     | 96%    |  500.3ms | lol...
[SELF-HELP/] | YouTube  | [Normal]     | 89%    |  492.3ms | unbearable amount to carry...
[GAMING/GAM] | YouTube  | [Normal]     | 89%    |  653.3ms | You're the anomaly (imagine this as rosa...
[ENTERTAINM] | YouTube  | [Normal]     | 97%    |  583.3ms | Who's winning the fifa world cup broda...
[ENTERTAINM] | YouTube  | [Normal]     | 96%    |  497.4ms | My name is Ahmad...
[GAMING/GAM] | YouTube  | [Normal]     | 96%    |  480.0ms | lol...
[MUSIC/CHIL] | YouTube  | [Normal]     | 96%    |  569.3ms | mn to nhi tha aane ka...
[GAMING/GAM] | YouTube  | [Normal]     | 97%    |  487.5ms | donuts?...
[ENTERTAINM] | YouTube  | [Normal]     | 71%    | 1553.8ms | mister beast 500m ho gaya 10000$ dijiye ...
[MUSIC/CHIL] | YouTube  | [Normal]     | 92%    |  573.8ms | hey guys...
[GAMING/GAM] | YouTube  | [Normal]     | 93%    |  914.5ms | I know you will not see this but I have ...
[ENTERTAINM] | YouTube  | [Normal]     | 93%    |  860.9ms | HI FROM ARGENTINA  I’m a programmer! If ...
[PSYCHOLOGY] | YouTube  | [Normal]     | 81%    |  493.6ms | you*...
[GAMING/GAM] | YouTube  | [Normal]     | 88%    |  473.9ms | Something in Toilet as well...
[GAMING/GAM] | YouTube  | [Normal]     | 97%    |  555.7ms | light in pilot room?...
[ENTERTAINM] | YouTube  | [Normal]     | 93%    |  670.3ms | টাকা দেন ভাই...
[ENTERTAINM] | YouTube  | [Normal]     | 98%    | 2415.5ms | give me money pls I need for study . I n...
[ENTERTAINM] | YouTube  | [Normal]     | 95%    |  652.9ms | w MR beast I sub like 5years ago:yt:...
[ENTERTAINM] | YouTube  | [Normal]     | 96%    |  924.8ms | Hi jimmy i have been watching ur video a...
[GAMING/GAM] | YouTube  | [Normal]     | 74%    |  600.6ms | NO SIGHT FOR YOU...
[GAMING/GAM] | YouTube  | [Normal]     | 96%    |  656.2ms | Exit sign at business NOT green???...
[GAMING/GAM] | YouTube  | [Normal]     | 94%    |  559.9ms | LIGHT ANOMALY IN THE TOP LEFT...
[GAMING/GAM] | YouTube  | [Normal]     | 96%    |  650.6ms | since when was there a suitcase in the h...
[GAMING/GAM] | YouTube  | [Normal]     | 86%    |  506.1ms | BANANA...
[PSYCHOLOGY] | YouTube  | [Normal]     | 95%    |  992.0ms | I once told a friend "I used to be a bet...
[PSYCHOLOGY] | YouTube  | [Normal]     | 96%    |  755.5ms | Spa with children and million dollars co...
[GAMING/GAM] | YouTube  | [Normal]     | 92%    |  582.9ms | can i get banned for fun...
[ENTERTAINM] | YouTube  | [Normal]     | 95%    |  527.7ms | :duck:...
[GAMING/GAM] | YouTube  | [Normal]     | 87%    |  593.6ms | they aren't strawberry - banned...
[SPORTS/FOO] | YouTube  | [Normal]     | 94%    |  813.5ms | 그래도 일본 잘하네...
[ENTERTAINM] | YouTube  | [Normal]     | 94%    |  542.0ms | hi...
[GAMING/SUR] | YouTube  | [Normal]     | 91%    |  510.6ms | nope...
[GAMING/GAM] | YouTube  | [Normal]     | 94%    |  529.5ms | Banban???...
[ENTERTAINM] | YouTube  | [Normal]     | 97%    |  655.1ms | l love ur all videos :red_heart::camera:...
[GAMING/GAM] | YouTube  | [Normal]     | 96%    |  637.9ms | was there always a suitcase in the hall...
[GAMING/GAM] | YouTube  | [Normal]     | 63%    |  608.8ms | buisness class floor dirty...
[ENTERTAINM] | YouTube  | [Normal]     | 97%    |  691.8ms | I AM 14 YEARS DOING A CHANNEL FOR 2 YEAR...
[GAMING/GAM] | YouTube  | [Normal]     | 78%    |  658.0ms | yo chat we should ban Mark for banning u...
[GAMING/GAM] | YouTube  | [Normal]     | 78%    |  725.9ms | working in pairs  the blindfolded partne...
[ENTERTAINM] | YouTube  | [Normal]     | 91%    |  481.0ms | hey...
[GAMING/GAM] | YouTube  | [Normal]     | 96%    |  577.0ms | oh i did this one not too long ago...
[GAMING/GAM] | YouTube  | [Normal]     | 87%    |  628.6ms | camera in bathroom is completely off...
[MUSIC/CHIL] | YouTube  | [Normal]     | 95%    |  856.4ms | LV who :face_with_hand_over_mouth::face_...
[GAMING/GAM] | YouTube  | [Normal]     | 90%    |  591.5ms | I TRUST THE OVERLORD...
[GAMING/GAM] | YouTube  | [Normal]     | 96%    |  875.3ms | ECONOMY CLASS CART -- EXTRA BOTTLES (onl...
[ENTERTAINM] | YouTube  | [Normal]     | 93%    |  551.8ms | bro...
[MUSIC/CHIL] | YouTube  | [Normal]     | 94%    |  744.1ms | HYPE...
[GAMING/GAM] | YouTube  | [Normal]     | 91%    |  515.9ms | Noooo...
[GAMING/SUR] | YouTube  | [Normal]     | 71%    |  487.4ms | He needs to build a boat base...
[MUSIC/CHIL] | YouTube  | [Normal]     | 94%    |  454.6ms | BR0D4 - Somebody...
[MUSIC/CHIL] | YouTube  | [Normal]     | 97%    |  503.5ms | LV miss ??...
[GAMING/GAM] | YouTube  | [OFFENSIVE]  | 94%    |  618.7ms | damn i missed the first hour of the stre...
[GAMING/GAM] | YouTube  | [Normal]     | 92%    |  516.3ms | GATE 2 Window person...
[GAMING/GAM] | YouTube  | [Normal]     | 80%    |  488.6ms | JUST GET OUT...
[GAMING/GAM] | YouTube  | [Normal]     | 97%    |  563.6ms | Hi MARK :D...
[GAMING/GAM] | YouTube  | [Normal]     | 84%    |  601.4ms | SLOW DOWN I CANT SEE...
[PSYCHOLOGY] | YouTube  | [Normal]     | 89%    |  538.8ms | sorry  i am tired  *facepalm...
[SELF-HELP/] | YouTube  | [Normal]     | 96%    |  542.1ms | needs a lot of mindfulness to help...
[SELF-HELP/] | YouTube  | [Normal]     | 95%    |  543.5ms | Yay!!! Transference...
[SELF-HELP/] | YouTube  | [Normal]     | 93%    |  740.0ms | hmm  isn't anxiety present in everyone? ...
[NEWS/LIVE ] | YouTube  | [Normal]     | 95%    |  564.9ms | ww2 isn't over...
[GAMING/SUR] | YouTube  | [Normal]     | 94%    |  545.6ms | 1...
[GAMING/SUR] | YouTube  | [Normal]     | 90%    |  578.2ms | YESSSSSS...
[GAMING/SUR] | YouTube  | [Normal]     | 94%    |  568.8ms | RUST STOLE MY SOUL...
[GAMING/SUR] | YouTube  | [Normal]     | 91%    | 1189.4ms | :_Dance::_LetsGo::_BUNGULATE::_Stare::_G...
[GAMING/SUR] | YouTube  | [Normal]     | 73%    |  520.1ms | Gang...
[GAMING/SUR] | YouTube  | [Normal]     | 96%    |  553.3ms | King Peanut is awake...
[GAMING/SUR] | YouTube  | [Normal]     | 96%    |  764.0ms | Just finished his last one...
[GAMING/SUR] | YouTube  | [Normal]     | 94%    |  533.7ms | 2...
[GAMING/SUR] | YouTube  | [Normal]     | 96%    | 1137.6ms | EEEEEEEEEEE EEEEEEEEEEE EEEEEEEEEEE EEEE...
[MUSIC/CHIL] | YouTube  | [Normal]     | 92%    |  531.4ms | leave it....
[GAMING/SUR] | YouTube  | [Normal]     | 96%    |  531.0ms | Happy birthday peanut...
[PSYCHOLOGY] | YouTube  | [Normal]     | 94%    |  544.3ms | its over we need new doc now rip...
[GAMING/SUR] | YouTube  | [Normal]     | 93%    |  501.5ms | holy...
[GAMING/SUR] | YouTube  | [Normal]     | 91%    |  594.9ms | Slur Saturday!!!!...
[NEWS/LIVE ] | YouTube  | [Normal]     | 82%    |  589.8ms | Weed is legal here and not a crime now...
[GAMING/SUR] | YouTube  | [OFFENSIVE]  | 57%    |  625.1ms | SHESSSSHHHH LETS GOOO EARLY AS HELL...
[GAMING/SUR] | YouTube  | [Normal]     | 96%    |  631.5ms | You ended the night with Jack in the Box...
[PSYCHOLOGY] | YouTube  | [Normal]     | 97%    |  538.0ms | we need the flutes back...
[GAMING/SUR] | YouTube  | [Normal]     | 95%    |  538.3ms | no twitch?...
[GAMING/SUR] | YouTube  | [Normal]     | 71%    |  537.7ms | a true rust gamer...
[GAMING/SUR] | YouTube  | [OFFENSIVE]  | 48%    |  687.3ms | Bro STFU about diarrhea all the time lmf...
[GAMING/SUR] | YouTube  | [Normal]     | 91%    |  513.8ms | yeahhhhhh...
[GAMING/SUR] | YouTube  | [OFFENSIVE]  | 54%    |  539.5ms | happy birthday nutter...
[GAMING/SUR] | YouTube  | [Normal]     | 74%    |  646.7ms | Hutch is going to gamble...
[MUSIC/CHIL] | YouTube  | [Normal]     | 96%    |  856.8ms | Ee piyya evaru...
[MUSIC/CHIL] | YouTube  | [Normal]     | 98%    |  664.2ms | serendi marchipoya :smiling_face_with_te...
[GAMING/SUR] | YouTube  | [Normal]     | 96%    | 1501.6ms | :saluting_face::saluting_face::saluting_...
[GAMING/SUR] | YouTube  | [OFFENSIVE]  | 79%    |  670.2ms | :_LetsRide::_LetsGo::_LetsRide:...
[MUSIC/CHIL] | YouTube  | [Normal]     | 86%    |  573.0ms | kitni bar sorry bologe...
[GAMING/SUR] | YouTube  | [Normal]     | 96%    |  518.3ms | Delirious!...
[GAMING/SUR] | YouTube  | [Normal]     | 94%    |  500.3ms | H20 is OG...
[GAMING/SUR] | YouTube  | [Normal]     | 77%    |  416.4ms | hell yeah lets ride...
[GAMING/SUR] | YouTube  | [Normal]     | 91%    |  513.4ms | Bring up map it shows...
[NEWS/LIVE ] | YouTube  | [Normal]     | 95%    |  512.4ms | MAGA...
[SELF-HELP/] | YouTube  | [Normal]     | 97%    |  651.5ms | OMORI be like: waiting for something to ...
[GAMING/SUR] | YouTube  | [Normal]     | 84%    |  652.8ms | each of them will have users sneaking wi...
[MUSIC/CHIL] | YouTube  | [Normal]     | 37%    |  668.1ms | Raggy goes to another live channel and a...
[MUSIC/CHIL] | YouTube  | [Normal]     | 89%    |  495.3ms | Stranger how are you...
[MUSIC/CHIL] | YouTube  | [Normal]     | 81%    |  585.3ms | Bating I wonder how hot you could be...
[MUSIC/CHIL] | YouTube  | [Normal]     | 88%    |  496.0ms | then...
[GAMING/SUR] | YouTube  | [Normal]     | 93%    |  565.2ms | Helf is Welf...
[GAMING/SUR] | YouTube  | [Normal]     | 95%    |  499.2ms | H2O...
[PSYCHOLOGY] | YouTube  | [OFFENSIVE]  | 78%    |  533.1ms | HELLLOOOOOO...
[NEWS/LIVE ] | YouTube  | [OFFENSIVE]  | 41%    |  965.2ms | ron you coulda done this before trump :f...
[PSYCHOLOGY] | YouTube  | [Normal]     | 91%    |  647.3ms | :smirking_face:...
[GAMING/SUR] | YouTube  | [Normal]     | 96%    |  493.9ms | all in on 1...
[GAMING/SUR] | YouTube  | [Normal]     | 92%    |  441.5ms | Red...
[NEWS/LIVE ] | YouTube  | [Normal]     | 95%    |  501.9ms | DeSantis is the BenG of Florida...
[GAMING/SUR] | YouTube  | [Normal]     | 94%    |  397.7ms | 3...
[GAMING/SUR] | YouTube  | [Normal]     | 89%    |  443.8ms | HUTCH HAS AN AIRSTRIKE...
[MUSIC/CHIL] | YouTube  | [Normal]     | 97%    |  515.8ms | G hostel lo unava :smiling_face_with_tea...
[GAMING/SUR] | YouTube  | [Normal]     | 97%    | 1232.6ms | :face_with_tears_of_joy::face_with_tears...
[GAMING/SUR] | YouTube  | [Normal]     | 95%    |  463.4ms | Green...
[GAMING/SUR] | YouTube  | [Normal]     | 96%    |  472.8ms | lol...
[GAMING/SUR] | YouTube  | [Normal]     | 94%    |  515.1ms | LMAOOOO...
[GAMING/SUR] | YouTube  | [Normal]     | 96%    |  487.9ms | lmao...
[GAMING/SUR] | YouTube  | [Normal]     | 95%    | 1630.8ms | :rolling_on_the_floor_laughing::rolling_...
[GAMING/SUR] | YouTube  | [Normal]     | 97%    | 1334.2ms | :face_with_tears_of_joy::face_with_tears...
[GAMING/SUR] | YouTube  | [Normal]     | 93%    |  479.7ms | PRO TIP ALWAYS ASSUME THE UNSEEN CARD IS...
[GAMING/SUR] | YouTube  | [Normal]     | 96%    |  407.4ms | lol...
[NEWS/LIVE ] | YouTube  | [Normal]     | 95%    |  561.4ms | just to get rich...
[PSYCHOLOGY] | YouTube  | [Normal]     | 94%    |  502.9ms | Hola...
[GAMING/SUR] | YouTube  | [OFFENSIVE]  | 68%    |  786.1ms | :collision::collision:LETSSSS RIDEEEEE1:...
[GAMING/SUR] | YouTube  | [Normal]     | 97%    |  642.2ms | finally playing a top game that has been...
[GAMING/SUR] | YouTube  | [Normal]     | 94%    |  529.9ms | Ride harder...
[GAMING/SUR] | YouTube  | [Normal]     | 91%    |  484.3ms | Hey...
[GAMING/SUR] | YouTube  | [Normal]     | 93%    |  638.2ms | ok this peanut has a lil season to him b...
[GAMING/SUR] | YouTube  | [Normal]     | 90%    |  498.8ms | NICE BROS !...
[GAMING/SUR] | YouTube  | [Normal]     | 96%    |  516.2ms | Happy birthday peanut...
[GAMING/SUR] | YouTube  | [Normal]     | 98%    |  667.5ms | Bro was up until sunrise :face_with_tear...
[GAMING/SUR] | YouTube  | [OFFENSIVE]  | 73%    |  604.1ms | thank fuck he's on  hutch is boring af...
[GAMING/SUR] | YouTube  | [Normal]     | 95%    |  513.7ms | THE KING HAS RETURNED...
[GAMING/SUR] | YouTube  | [Normal]     | 66%    |  723.3ms | LETS GOOOOOOOOOOOOOOOOOOOOOOOOOOOOOOOOOO...
[GAMING/SUR] | YouTube  | [Normal]     | 95%    |  546.2ms | no  no. how are YOUUUU peanut...
[GAMING/SUR] | YouTube  | [Normal]     | 97%    |  549.9ms | let's ride...
[GAMING/SUR] | YouTube  | [Normal]     | 73%    |  512.7ms | whats wrong with your eye...
[GAMING/SUR] | YouTube  | [Normal]     | 95%    |  486.8ms | We are so fkn back...
[GAMING/SUR] | YouTube  | [Normal]     | 74%    |  509.5ms | He and Gingy and Rogue have been grindin...
[MUSIC/CHIL] | YouTube  | [Normal]     | 95%    |  517.3ms | .......
[GAMING/SUR] | YouTube  | [Normal]     | 91%    |  675.8ms | About to go lose all y’all’s money at th...
[GAMING/SUR] | YouTube  | [Normal]     | 94%    |  477.7ms | GINGY DID 20 HOURS...
[MUSIC/CHIL] | YouTube  | [Normal]     | 95%    |  743.5ms | Suz :rolling_on_the_floor_laughing::roll...
[GAMING/SUR] | YouTube  | [Normal]     | 95%    |  808.5ms | Yes rust will do that to you I haven’t p...
[GAMING/SUR] | YouTube  | [Normal]     | 97%    |  576.8ms | hmmmm.hmmm.hmmmm...
[PSYCHOLOGY] | YouTube  | [Normal]     | 84%    |  464.4ms | jungian punch...
[SELF-HELP/] | YouTube  | [Normal]     | 94%    |  450.0ms | hi...
[GAMING/SUR] | YouTube  | [Normal]     | 52%    |  560.7ms | GOOP GOOP GOOP...
[GAMING/SUR] | YouTube  | [Normal]     | 92%    | 1324.3ms | Oh my god he's already on :rolling_on_th...
[GAMING/SUR] | YouTube  | [Normal]     | 97%    |  589.6ms | H20 :red_heart:...
[GAMING/SUR] | YouTube  | [Normal]     | 95%    |  557.3ms | h2o...
[GAMING/SUR] | YouTube  | [Normal]     | 96%    |  537.9ms | LOL...
[GAMING/SUR] | YouTube  | [Normal]     | 96%    |  572.2ms | That’s everyone’s childhood...
[GAMING/SUR] | YouTube  | [Normal]     | 96%    |  577.8ms | Vanoss crew og member...
[GAMING/SUR] | YouTube  | [Normal]     | 96%    |  567.5ms | tab top right...
[GAMING/SUR] | YouTube  | [Normal]     | 89%    |  531.4ms | YOUR GATE IS OPEN THERE BUD...
[GAMING/SUR] | YouTube  | [Normal]     | 98%    |  888.4ms | Golfing in the rain in FL rn :saluting_f...
[NEWS/LIVE ] | YouTube  | [Normal]     | 95%    |  615.6ms | MAGA...
[NEWS/LIVE ] | YouTube  | [Normal]     | 92%    |  642.2ms | I only help American Citizens :star_stru...
[GAMING/SUR] | YouTube  | [Normal]     | 81%    |  439.3ms | WALL GATE...
[GAMING/SUR] | YouTube  | [Normal]     | 97%    |  585.0ms | Need to work on research tree...
[MUSIC/CHIL] | YouTube  | [Normal]     | 93%    |  551.6ms | :camel:...
[NEWS/LIVE ] | YouTube  | [Normal]     | 97%    |  524.3ms | DESANTIS 2028...
[MUSIC/CHIL] | YouTube  | [Normal]     | 93%    |  602.8ms | fred me ? :thinking_face:...
[GAMING/SUR] | YouTube  | [Normal]     | 90%    |  613.9ms | Hutch and gingy got a air strike...
[MUSIC/CHIL] | YouTube  | [Normal]     | 97%    |  832.3ms | suz saaanu peru sam :face_with_tears_of_...
[NEWS/LIVE ] | YouTube  | [Normal]     | 94%    |  617.6ms | I don't think you can work out even simp...
[GAMING/SUR] | YouTube  | [Normal]     | 92%    |  501.7ms | hello you are funny you pinaput...
[GAMING/SUR] | YouTube  | [Normal]     | 92%    |  407.8ms | crack in the box...
[PSYCHOLOGY] | YouTube  | [Normal]     | 96%    |  463.2ms | it's both :3...
[GAMING/SUR] | YouTube  | [Normal]     | 93%    |  552.7ms | Helf is Welf...
[SELF-HELP/] | YouTube  | [Normal]     | 85%    |  564.7ms | remember the bonk...
[GAMING/SUR] | YouTube  | [Normal]     | 98%    | 1073.6ms | 2boys 1 cup:face-green-smiling::face-gre...
[PSYCHOLOGY] | YouTube  | [Normal]     | 96%    |  562.2ms | HAPPY TO BE HERE...
[GAMING/SUR] | YouTube  | [Normal]     | 76%    |  578.1ms | These naked bodies crack me up...
[PSYCHOLOGY] | YouTube  | [Normal]     | 96%    |  537.0ms | RAINBOW ROAD WOOT WOOT...
[GAMING/SUR] | YouTube  | [Normal]     | 94%    |  493.9ms | 5...
[GAMING/SUR] | YouTube  | [Normal]     | 97%    |  444.8ms | GRAB H20...
[GAMING/SUR] | YouTube  | [Normal]     | 94%    |  413.4ms | 10...
[PSYCHOLOGY] | YouTube  | [Normal]     | 92%    | 1106.2ms | be careful of the spam  y'all we got our...
[GAMING/SUR] | YouTube  | [Normal]     | 89%    |  507.4ms | Yes it’s him...
[MUSIC/CHIL] | YouTube  | [Normal]     | 97%    |  697.3ms | Manoj puri Kahani Samajh aayi...
[MUSIC/CHIL] | YouTube  | [Normal]     | 95%    |  656.5ms | e amuzat Ai cu termenii...
[GAMING/SUR] | YouTube  | [Normal]     | 90%    |  531.6ms | HAHAHA...
[GAMING/SUR] | YouTube  | [Normal]     | 97%    | 2141.0ms | :face_with_tears_of_joy::face_with_tears...
[GAMING/SUR] | YouTube  | [Normal]     | 96%    |  473.1ms | h20 ??...
[GAMING/SUR] | YouTube  | [Normal]     | 96%    |  523.5ms | LMAO...
[GAMING/SUR] | YouTube  | [Normal]     | 95%    |  518.1ms | HJune...
[GAMING/SUR] | YouTube  | [Normal]     | 94%    |  613.8ms | don't swing at people there  lol...
[GAMING/SUR] | YouTube  | [Normal]     | 97%    |  602.1ms | 1/3 have more spaces...
[PSYCHOLOGY] | YouTube  | [Normal]     | 96%    |  576.1ms | I am food...
[GAMING/SUR] | YouTube  | [Normal]     | 55%    |  565.5ms | Check the dead guys machine...
[GAMING/SUR] | YouTube  | [Normal]     | 96%    |  574.2ms | lmaaoo...
[SPORTS/FOO] | YouTube  | [Normal]     | 97%    |  572.0ms | this live?...
[GAMING/SUR] | YouTube  | [Normal]     | 90%    |  515.2ms | hahahaha...
[GAMING/SUR] | YouTube  | [Normal]     | 96%    |  564.8ms | :fire::fire:...
[GAMING/SUR] | YouTube  | [Normal]     | 89%    |  606.1ms | we are sooooooooooooooooo back...
[GAMING/SUR] | YouTube  | [Normal]     | 84%    |  718.1ms | gonna lose...
[MUSIC/CHIL] | YouTube  | [Normal]     | 97%    |  620.6ms | halinkan hindi :pouting_cat:...
[GAMING/SUR] | YouTube  | [Normal]     | 94%    |  586.3ms | Omg hahahahahaha...
[PSYCHOLOGY] | YouTube  | [Normal]     | 85%    |  678.7ms | called you out...
[GAMING/SUR] | YouTube  | [Normal]     | 95%    |  849.9ms | :fire::fire::fire::fire::fire:...
[GAMING/SUR] | YouTube  | [Normal]     | 96%    |  503.9ms | lol...
[GAMING/SUR] | YouTube  | [Normal]     | 72%    |  475.1ms | GET WREAKED...
[MUSIC/CHIL] | YouTube  | [Normal]     | 97%    | 2389.1ms | Secret Puzzle Code:(8+0) (4×1) (4) (1+1)...
[SELF-HELP/] | YouTube  | [Normal]     | 96%    |  593.2ms | Hello dr.k...
[GAMING/SUR] | YouTube  | [Normal]     | 97%    |  535.8ms | :peanuts: loves gambling...
[GAMING/SUR] | YouTube  | [Normal]     | 95%    |  417.2ms | hit...
[GAMING/SUR] | YouTube  | [Normal]     | 95%    |  426.1ms | HIT...
[GAMING/SUR] | YouTube  | [OFFENSIVE]  | 60%    |  480.5ms | :_LetsGo:...
[PSYCHOLOGY] | YouTube  | [Normal]     | 97%    |  944.5ms | Cultivate the skills you need to overcom...
[SELF-HELP/] | YouTube  | [Normal]     | 96%    |  535.7ms | It certainly is a day today...
[SELF-HELP/] | YouTube  | [Normal]     | 93%    |  511.3ms | very gut thanks man...
[GAMING/SUR] | YouTube  | [Normal]     | 92%    |  499.8ms | how do i join...
[GAMING/SUR] | YouTube  | [OFFENSIVE]  | 41%    |  549.4ms | Yes he’s stupid....
[MUSIC/CHIL] | YouTube  | [Normal]     | 96%    |  564.2ms | haa...
[GAMING/SUR] | YouTube  | [Normal]     | 91%    |  650.9ms | I mean ur kinda trash at blackjack ngl l...
[GAMING/SUR] | YouTube  | [Normal]     | 94%    |  639.2ms | he wasnt up 500 he just got his scrap ba...
[GAMING/SUR] | YouTube  | [Normal]     | 96%    |  734.2ms | Praise god he has to leave his house to ...
[GAMING/SUR] | YouTube  | [Normal]     | 98%    |  584.0ms | complimentary ball check?...
[SELF-HELP/] | YouTube  | [Normal]     | 85%    |  686.7ms | Left handed people slander as usual :_Dr...
[GAMING/SUR] | YouTube  | [Normal]     | 45%    |  997.1ms | being sore losers literally ruined the s...
[ENTERTAINM] | YouTube  | [Normal]     | 95%    |  547.5ms | india opppp...
[NEWS/LIVE ] | YouTube  | [Normal]     | 88%    |  606.1ms | It was a joke really...
[ENTERTAINM] | YouTube  | [Normal]     | 91%    |  562.1ms | W...
[GAMING/GAM] | YouTube  | [Normal]     | 93%    |  507.7ms | E...
[GAMING/GAM] | YouTube  | [Normal]     | 96%    |  608.3ms | IRON LUNG 2 CONFIRMED?...
[ENTERTAINM] | YouTube  | [Normal]     | 94%    |  511.0ms | Hi...
[GAMING/GAM] | YouTube  | [Normal]     | 95%    |  507.1ms | hello...
[GAMING/GAM] | YouTube  | [Normal]     | 96%    |  530.5ms | hiiiiiii...
[GAMING/GAM] | YouTube  | [Normal]     | 94%    |  438.9ms | hi...
[GAMING/GAM] | YouTube  | [Normal]     | 94%    |  455.2ms | hi...
[GAMING/GAM] | YouTube  | [Normal]     | 95%    |  543.9ms | HIIIIIII MARLKKKKKK...
[ENTERTAINM] | YouTube  | [Normal]     | 89%    |  443.0ms | yoooo...
[ENTERTAINM] | YouTube  | [Normal]     | 97%    |  985.8ms | MR beast day by day :fire::red_heart:& C...
[PSYCHOLOGY] | YouTube  | [Normal]     | 96%    |  544.9ms | lmao...
[GAMING/GAM] | YouTube  | [Normal]     | 97%    |  629.5ms | More news? is it 4 TIMES? xD...
[ENTERTAINM] | YouTube  | [Normal]     | 95%    |  566.1ms | love ya bro...
[GAMING/GAM] | YouTube  | [OFFENSIVE]  | 82%    |  544.6ms | YOO CONGRATSSSSSS OMGGG...
[ENTERTAINM] | YouTube  | [Normal]     | 96%    |  442.7ms | 500M W...
[PSYCHOLOGY] | YouTube  | [Normal]     | 95%    |  491.3ms | bajs...
[ENTERTAINM] | YouTube  | [Normal]     | 94%    |  495.3ms | SAY MY NAME...
[ENTERTAINM] | YouTube  | [Normal]     | 95%    |  588.9ms | best plz give me a iphone plz...
[NEWS/LIVE ] | YouTube  | [Normal]     | 94%    |  792.8ms | I can't disagree with irresponsible:cat-...
[ENTERTAINM] | YouTube  | [Normal]     | 94%    |  540.1ms | Hi...
[GAMING/SUR] | YouTube  | [Normal]     | 96%    |  653.7ms | missed a k...
[ENTERTAINM] | YouTube  | [Normal]     | 96%    |  845.0ms | I think y'all do it....but I've been sub...
[GAMING/GAM] | YouTube  | [Normal]     | 94%    |  585.0ms | im going to see the movie tomorrow...
[GAMING/GAM] | YouTube  | [Normal]     | 96%    |  540.7ms | Ayeeeeeee...
[GAMING/SUR] | YouTube  | [Normal]     | 64%    |  677.7ms | CAPTAINSPIDEY HES BEEN PLAYING FOR HOURS...
[GAMING/GAM] | YouTube  | [Normal]     | 93%    |  556.4ms | OH YEAHHHH...
[GAMING/GAM] | YouTube  | [Normal]     | 48%    |  551.7ms | Da goat....
[GAMING/GAM] | YouTube  | [Normal]     | 96%    | 1381.5ms | you know what my favorite scene was? THA...
[GAMING/GAM] | YouTube  | [Normal]     | 95%    |  520.0ms | WE ARE NUMBER ONE...
[ENTERTAINM] | YouTube  | [Normal]     | 95%    |  467.6ms | good...
[PSYCHOLOGY] | YouTube  | [Normal]     | 96%    |  524.8ms | oo...
[MUSIC/CHIL] | YouTube  | [Normal]     | 90%    |  661.0ms | D mall ki vellavaa ninna:woman_detective...
[ENTERTAINM] | YouTube  | [Normal]     | 97%    |  552.3ms | 500m...
[GAMING/GAM] | YouTube  | [Normal]     | 94%    |  717.6ms | CONGRATULATIONS ON TH3 MOVIE MARK I WAT ...
[GAMING/GAM] | YouTube  | [Normal]     | 97%    |  526.3ms | HIIIIIIIIIII...
[MUSIC/CHIL] | YouTube  | [Normal]     | 97%    |  564.4ms | vsannu:body-blue-raised-arms:...
[ENTERTAINM] | YouTube  | [Normal]     | 91%    |  472.0ms | W...
[GAMING/GAM] | YouTube  | [Normal]     | 96%    |  534.3ms | Epic...
[GAMING/GAM] | YouTube  | [Normal]     | 97%    |  543.2ms | Welcome New Member!...
[GAMING/GAM] | YouTube  | [OFFENSIVE]  | 92%    |  545.6ms | WOWOWOAHAGGAHAHA...
[PSYCHOLOGY] | YouTube  | [Normal]     | 96%    |  796.1ms | @Valt-142 it's a sort of yin/yang divine...
[GAMING/SUR] | YouTube  | [Normal]     | 94%    |  590.2ms | Play with H20 Delirious...
[ENTERTAINM] | YouTube  | [Normal]     | 96%    |  530.8ms | Hello from SC!...
[GAMING/GAM] | YouTube  | [HATE]       | 50%    |  509.0ms | fax...
[ENTERTAINM] | YouTube  | [Normal]     | 97%    |  851.8ms | :green_heart::green_heart::green_heart::...
[ENTERTAINM] | YouTube  | [Normal]     | 68%    |  583.2ms | it is lagging...
[GAMING/SUR] | YouTube  | [Normal]     | 79%    |  578.2ms | Blackjack...
[GAMING/GAM] | YouTube  | [Normal]     | 96%    |  512.2ms | AIRPLAIN...
[ENTERTAINM] | YouTube  | [Normal]     | 96%    |  519.1ms | hiiiiiiiiii...
[NEWS/LIVE ] | YouTube  | [Normal]     | 90%    |  569.6ms | Thanks shoutout to anyone international ...
[GAMING/SUR] | YouTube  | [Normal]     | 94%    |  963.1ms | Hutch literally has more hours in this g...
[GAMING/SUR] | YouTube  | [Normal]     | 93%    |  636.4ms | what is rogue on 30 hours...
[ENTERTAINM] | YouTube  | [Normal]     | 95%    |  565.7ms | Hiii...
[GAMING/GAM] | YouTube  | [Normal]     | 93%    |  456.0ms | lighthouse...
[GAMING/GAM] | YouTube  | [Normal]     | 93%    |  472.5ms | Lighthouse...
[GAMING/GAM] | YouTube  | [Normal]     | 96%    |  525.8ms | NUMBER ONE MOVIE...
[ENTERTAINM] | YouTube  | [Normal]     | 97%    |  678.6ms | :red_heart::red_heart::red_heart:...
[GAMING/GAM] | YouTube  | [Normal]     | 97%    |  528.4ms | HIIIII...
[GAMING/SUR] | YouTube  | [Normal]     | 92%    |  481.0ms | PLAY THE WHEEL...
[GAMING/GAM] | YouTube  | [Normal]     | 98%    | 3560.9ms | :face-blue-smiling::face-blue-smiling::f...
[ENTERTAINM] | YouTube  | [Normal]     | 96%    |  499.7ms | hiiiiii...
[GAMING/GAM] | YouTube  | [Normal]     | 93%    |  465.2ms | Lighthouse...
[ENTERTAINM] | YouTube  | [Normal]     | 97%    |  696.0ms | :red_heart::red_heart::red_heart:...
[ENTERTAINM] | YouTube  | [Normal]     | 91%    |  563.5ms | helooo...
[GAMING/GAM] | YouTube  | [Normal]     | 96%    |  577.8ms | LIGHTHOUSEE...
[ENTERTAINM] | YouTube  | [Normal]     | 95%    |  592.5ms | Mr bean please give me a 10000 dollar...
[GAMING/GAM] | YouTube  | [Normal]     | 97%    |  538.7ms | mark I really love you...
[GAMING/GAM] | YouTube  | [Normal]     | 93%    |  512.6ms | DEMOCRACY!...
[ENTERTAINM] | YouTube  | [Normal]     | 94%    |  553.9ms | omg this was crazy 500mil...
[MUSIC/CHIL] | YouTube  | [Normal]     | 96%    |  563.9ms | Vadiki future ekadidi...
[ENTERTAINM] | YouTube  | [Normal]     | 95%    |  521.0ms | gw dari indo...
[GAMING/GAM] | YouTube  | [OFFENSIVE]  | 61%    |  576.1ms | your movie was fuckin fire...
[ENTERTAINM] | YouTube  | [Normal]     | 97%    |  615.8ms | congratulations :confetti_ball:...
[GAMING/GAM] | YouTube  | [Normal]     | 90%    |  726.5ms | When Iron Lung is out of theaters where ...
[GAMING/GAM] | YouTube  | [Normal]     | 96%    |  592.5ms | oo awesome!!!...
[GAMING/SUR] | YouTube  | [OFFENSIVE]  | 75%    |  545.0ms | LETS FUCKING GOOOOOOOOOO...
[GAMING/GAM] | YouTube  | [Normal]     | 98%    | 3363.7ms | :hands-yellow-heart-red::hands-yellow-he...
[GAMING/SUR] | YouTube  | [Normal]     | 88%    |  555.1ms | lucky sob...
[ENTERTAINM] | YouTube  | [Normal]     | 95%    |  877.4ms | hiiiiiii!!!!!!!!!!!!!!...
[GAMING/GAM] | YouTube  | [Normal]     | 93%    |  642.5ms | LIGHT HOUSEEEEEEEEEEEEE...
[ENTERTAINM] | YouTube  | [Normal]     | 94%    |  696.3ms | 1...
[GAMING/SUR] | YouTube  | [Normal]     | 88%    |  638.3ms | BRO STOOD ON A 12 WTF HOW DOES PEANUT GA...
[GAMING/SUR] | YouTube  | [Normal]     | 96%    |  457.0ms | spilt...
[GAMING/SUR] | YouTube  | [Normal]     | 87%    |  469.5ms | it laughed at you...
[GAMING/GAM] | YouTube  | [Normal]     | 83%    |  489.9ms | waste...
[GAMING/GAM] | YouTube  | [Normal]     | 45%    |  524.4ms | ITALYYYY...
[ENTERTAINM] | YouTube  | [Normal]     | 94%    |  506.0ms | Hi...
[GAMING/SUR] | YouTube  | [Normal]     | 87%    |  525.7ms | NO...
[ENTERTAINM] | YouTube  | [Normal]     | 96%    |  612.7ms | mrbeast luv from india...
[ENTERTAINM] | YouTube  | [Normal]     | 95%    |  577.4ms | 1111111111...
[GAMING/GAM] | YouTube  | [Normal]     | 85%    |  532.1ms | what about africa...
[GAMING/GAM] | YouTube  | [Normal]     | 90%    |  523.4ms | Turkey when...
[GAMING/GAM] | YouTube  | [Normal]     | 94%    |  457.1ms | portugal!? MY PEOPLE...
[ENTERTAINM] | YouTube  | [Normal]     | 98%    |  514.0ms | iphone 16 pro max :wrapped_gift:...
[ENTERTAINM] | YouTube  | [Normal]     | 94%    |  474.9ms | 1...
[GAMING/ESP] | YouTube  | [Normal]     | 98%    |  673.8ms | lgd gonna be fly high :clapping_hands::c...
[GAMING/GAM] | YouTube  | [Normal]     | 96%    |  567.0ms | the sound on my second viewing was much ...
[GAMING/GAM] | YouTube  | [Normal]     | 97%    |  757.0ms | i made a review of your movie!!! i loved...
[GAMING/GAM] | YouTube  | [Normal]     | 97%    |  511.9ms | Welcome to Member!...
[GAMING/GAM] | YouTube  | [Normal]     | 97%    |  515.9ms | Welcome to Member!...
[ENTERTAINM] | YouTube  | [Normal]     | 96%    |  576.8ms | Hi in Türkiye...
[GAMING/GAM] | YouTube  | [Normal]     | 97%    |  759.8ms | When are we getting the Distractable tou...
[MUSIC/CHIL] | YouTube  | [Normal]     | 98%    | 1441.3ms | EXITO:face-red-heart-shape::face-red-hea...
[ENTERTAINM] | YouTube  | [Normal]     | 96%    |  498.3ms | love you...
[GAMING/SUR] | YouTube  | [Normal]     | 93%    |  492.5ms | max bet...
[GAMING/GAM] | YouTube  | [Normal]     | 96%    |  832.5ms | I went to see Iron Lung in theaters with...
[GAMING/GAM] | YouTube  | [Normal]     | 96%    |  535.3ms | Watching this while doing my BioCalc...
[ENTERTAINM] | YouTube  | [Normal]     | 96%    |  551.0ms | I’m From Canada...
[MUSIC/CHIL] | YouTube  | [Normal]     | 96%    |  520.8ms | Rosa ??...
[GAMING/GAM] | YouTube  | [Normal]     | 96%    |  494.3ms | First...
[GAMING/SUR] | YouTube  | [Normal]     | 90%    |  632.7ms | Peanut shows that gambling doesn't pay i...
[GAMING/SUR] | YouTube  | [Normal]     | 94%    |  487.8ms | all in!...
[ENTERTAINM] | YouTube  | [Normal]     | 97%    |  797.8ms | LOVE FROM INDIA JIMMY:sparkles::bottle_w...
[GAMING/SUR] | YouTube  | [Normal]     | 92%    |  490.8ms | lower bet...
[GAMING/SUR] | YouTube  | [Normal]     | 94%    |  537.0ms | 500 before hutch is back...
[GAMING/GAM] | YouTube  | [Normal]     | 97%    |  557.0ms | Hi Mark!Love all the streams...
[GAMING/GAM] | YouTube  | [Normal]     | 96%    |  615.6ms | haven't seen it yet but I'm excited to e...
[GAMING/GAM] | YouTube  | [Normal]     | 95%    |  525.8ms | 6 7...
[GAMING/GAM] | YouTube  | [Normal]     | 96%    |  551.3ms | huh I learned something today...
[GAMING/GAM] | YouTube  | [Normal]     | 91%    |  537.1ms | Airplanee...
[GAMING/SUR] | YouTube  | [Normal]     | 96%    | 1002.5ms | dude u can't bet so high every hand afte...
[GAMING/GAM] | YouTube  | [Normal]     | 97%    |  636.2ms | The surround sound was so good for my th...
[GAMING/SUR] | YouTube  | [Normal]     | 92%    |  595.0ms | Stay...
[GAMING/SUR] | YouTube  | [Normal]     | 57%    |  570.3ms | now let them win...
[GAMING/GAM] | YouTube  | [Normal]     | 95%    |  826.2ms | @celestialservicek9s498 omg stay strong ...
[ENTERTAINM] | YouTube  | [Normal]     | 95%    |  506.1ms | my my study...
[ENTERTAINM] | YouTube  | [Normal]     | 91%    |  537.9ms | w...
[SELF-HELP/] | YouTube  | [Normal]     | 97%    |  660.5ms | hello Alok.:waving_hand:...
[ENTERTAINM] | YouTube  | [Normal]     | 95%    |  501.5ms | Hello...
[ENTERTAINM] | YouTube  | [Normal]     | 96%    |  487.1ms | hellooou...
[GAMING/SUR] | YouTube  | [Normal]     | 97%    |  632.9ms | I just got MILKED and I feel so refreshe...
[GAMING/SUR] | YouTube  | [Normal]     | 89%    |  585.7ms | peanut you are no longer allowed to make...
[GAMING/SUR] | YouTube  | [Normal]     | 94%    |  569.6ms | 3 of a kind in blackjack???...
[GAMING/SUR] | YouTube  | [Normal]     | 93%    |  495.1ms | bro...
[ENTERTAINM] | YouTube  | [Normal]     | 93%    |  547.7ms | Molar...
[ENTERTAINM] | YouTube  | [Normal]     | 94%    |  683.2ms | :thumbs_up::thumbs_up::thumbs_up::thumbs...
[GAMING/GAM] | YouTube  | [Normal]     | 63%    |  503.9ms | AIRPLANE GANG RISE UPPP...
[ENTERTAINM] | YouTube  | [Normal]     | 97%    |  671.8ms | sar please help me :pleading_face::disap...
[GAMING/GAM] | YouTube  | [Normal]     | 90%    |  499.5ms | LIGHT HOUSE...
[GAMING/GAM] | YouTube  | [OFFENSIVE]  | 44%    |  461.0ms | Airplane ganggggg...
[GAMING/GAM] | YouTube  | [Normal]     | 93%    |  750.4ms | that explains why I couldn't hear some t...
[GAMING/GAM] | YouTube  | [Normal]     | 97%    |  496.8ms | Atmos is...
[GAMING/GAM] | YouTube  | [Normal]     | 96%    |  585.5ms | Hi mark...
[GAMING/GAM] | YouTube  | [Normal]     | 96%    |  592.7ms | airplne ok...
[GAMING/GAM] | YouTube  | [Normal]     | 97%    |  702.6ms | I saw it in two different theatres in di...
[GAMING/GAM] | YouTube  | [Normal]     | 92%    |  669.6ms | LIGHTHOUSE I WANNA SEE A GUY JORK IT LIK...
[GAMING/GAM] | YouTube  | [Normal]     | 92%    |  821.2ms | Loved Iron lung!!!!!! ugh best movie eve...
[ENTERTAINM] | YouTube  | [Normal]     | 91%    |  563.7ms | love you mr beast...
[ENTERTAINM] | YouTube  | [Normal]     | 92%    |  563.3ms | Yeah budy...
[ENTERTAINM] | YouTube  | [Normal]     | 96%    |  505.2ms | New member...
[ENTERTAINM] | YouTube  | [Normal]     | 96%    |  562.2ms | мистер бист...
[GAMING/SUR] | YouTube  | [Normal]     | 96%    |  517.2ms | lmao...
[GAMING/SUR] | YouTube  | [Normal]     | 89%    |  530.7ms | Big youtubers are in...
[ENTERTAINM] | YouTube  | [Normal]     | 83%    |  524.4ms | crinnnge...
[MUSIC/CHIL] | YouTube  | [Normal]     | 95%    |  530.9ms | .......
[ENTERTAINM] | YouTube  | [Normal]     | 95%    |  512.7ms | hello...
[ENTERTAINM] | YouTube  | [Normal]     | 93%    |  707.2ms | Mrbeast can you give me money please :pl...
[GAMING/GAM] | YouTube  | [Normal]     | 95%    |  740.8ms | I finally made it to a live but I’m work...
[GAMING/GAM] | YouTube  | [Normal]     | 96%    |  575.9ms | I just watched from Germany  very nice !...
[GAMING/SUR] | YouTube  | [Normal]     | 49%    |  856.6ms | gingy gonna be mad when she gets back on...
[ENTERTAINM] | YouTube  | [Normal]     | 94%    |  475.0ms | hi...
[ENTERTAINM] | YouTube  | [Normal]     | 80%    |  790.1ms | GREAT JOB MRBEAST YOUR THE BEST  LOOK JO...
[ENTERTAINM] | YouTube  | [Normal]     | 98%    |  591.4ms | Jimmy big fan :heart_suit: $100 please :...
[ENTERTAINM] | YouTube  | [HATE]       | 45%    |  494.9ms | Asian Sticker...
[ENTERTAINM] | YouTube  | [Normal]     | 96%    |  480.7ms | 500mmm...
[ENTERTAINM] | YouTube  | [Normal]     | 94%    |  437.2ms | Hi...
[ENTERTAINM] | YouTube  | [Normal]     | 81%    | 3209.4ms | mr mrbeast!!!!!!!!!!!!!!!!!!!!!!!!!!!!!!...
[GAMING/GAM] | YouTube  | [Normal]     | 95%    |  473.7ms | airplane...
[GAMING/SUR] | YouTube  | [Normal]     | 96%    |  572.1ms | lmfaaaaaaaaaao...
[GAMING/GAM] | YouTube  | [Normal]     | 98%    |  560.7ms | Airplane. :airplane: second tower...
[ENTERTAINM] | YouTube  | [Normal]     | 98%    |  894.4ms | :blue_heart::blue_heart::blue_heart::blu...
[MUSIC/CHIL] | YouTube  | [Normal]     | 97%    |  750.1ms | @kavya-c9c1j apki shaadi kab hogi...
[SELF-HELP/] | YouTube  | [Normal]     | 75%    |  623.6ms | a life they want for themself...
[ENTERTAINM] | YouTube  | [Normal]     | 95%    |  489.9ms | hello...
[GAMING/SUR] | YouTube  | [Normal]     | 56%    |  521.7ms | omggg...
[ENTERTAINM] | YouTube  | [Normal]     | 95%    |  485.2ms | love feom pakistan...
[GAMING/GAM] | YouTube  | [Normal]     | 97%    | 1821.9ms | I’m just happy to be watching you. My ne...
[GAMING/SUR] | YouTube  | [Normal]     | 48%    |  676.3ms | XDDDDDDDDDDDDDDDDDD...
[GAMING/GAM] | YouTube  | [Normal]     | 96%    | 1120.6ms | I know it hasn't been a whole lot of tim...
[GAMING/GAM] | YouTube  | [Normal]     | 95%    |  724.2ms | ive never seen this game before but i kn...
[GAMING/GAM] | YouTube  | [Normal]     | 94%    |  426.8ms | hi...
[MUSIC/CHIL] | YouTube  | [Normal]     | 97%    |  634.6ms | Amul vasthundhi le tension Enduku :pouti...
[ENTERTAINM] | YouTube  | [Normal]     | 95%    | 2049.4ms | mantap luar biasa 500Mmantap luar biasa ...
[GAMING/GAM] | YouTube  | [Normal]     | 96%    | 1488.1ms | Hi Mark! Hope you're doing well. First o...
[GAMING/SUR] | YouTube  | [Normal]     | 95%    |  480.5ms | Happy Happy Happy...
[ENTERTAINM] | YouTube  | [Normal]     | 92%    |  518.8ms | help me...
[GAMING/SUR] | YouTube  | [Normal]     | 94%    |  538.3ms | 5...
[GAMING/GAM] | YouTube  | [Normal]     | 91%    |  597.0ms | WE ARE SO PROUD OF YOU...
[GAMING/GAM] | YouTube  | [Normal]     | 96%    |  568.5ms | holy peak...
[SPORTS/PEN] | YouTube  | [Normal]     | 94%    |  612.4ms | i didnt know there was a budget...
[GAMING/SUR] | YouTube  | [Normal]     | 83%    |  549.5ms | Rogue is gonna...
[ENTERTAINM] | YouTube  | [Normal]     | 98%    | 1015.1ms | pls say my name :folded_hands::folded_ha...
[PSYCHOLOGY] | YouTube  | [Normal]     | 96%    |  628.5ms | isn't that sadly partially true?...
[GAMING/GAM] | YouTube  | [Normal]     | 94%    |  831.6ms | I just got back from my second viewing o...
[GAMING/SUR] | YouTube  | [Normal]     | 92%    |  518.6ms | no luck...
[ENTERTAINM] | YouTube  | [Normal]     | 95%    |  519.4ms | hello...
[GAMING/GAM] | YouTube  | [Normal]     | 89%    |  532.3ms | Stream anomaly...
[GAMING/GAM] | YouTube  | [Normal]     | 94%    |  609.1ms | imagine the light turns into a disco bal...
[MUSIC/CHIL] | YouTube  | [Normal]     | 91%    |  571.9ms | go poop...
[ENTERTAINM] | YouTube  | [Normal]     | 97%    |  609.5ms | love from india :red_heart:...
[GAMING/GAM] | YouTube  | [Normal]     | 95%    |  488.8ms | SPELLING...
[ENTERTAINM] | YouTube  | [Normal]     | 86%    |  464.3ms | Yo...
[ENTERTAINM] | YouTube  | [Normal]     | 97%    |  469.8ms | سلام...
[GAMING/GAM] | YouTube  | [Normal]     | 91%    |  557.4ms | Typo anomaly in the title...
[ENTERTAINM] | YouTube  | [Normal]     | 94%    |  531.7ms | tower of terror best tower...
[ENTERTAINM] | YouTube  | [Normal]     | 98%    |  544.8ms | my gift :wrapped_gift:...
[GAMING/GAM] | YouTube  | [Normal]     | 90%    |  473.6ms | u spelled wrong mark...
[GAMING/GAM] | YouTube  | [Normal]     | 94%    |  507.1ms | There's a typo...
[GAMING/SUR] | YouTube  | [Normal]     | 96%    |  515.7ms | lol...
[GAMING/SUR] | YouTube  | [Normal]     | 92%    |  489.8ms | LMFAOOOOOO...
[GAMING/GAM] | YouTube  | [Normal]     | 94%    |  430.3ms | hi...
[ENTERTAINM] | YouTube  | [Normal]     | 91%    |  833.8ms | MRBEEEEEEEEEEEEEEEAAAAAAAAAASSSSSSSSSST6...
[GAMING/SUR] | YouTube  | [Normal]     | 96%    |  539.6ms | YOU HAD 1000 SCRAP WHEN YOU LOGGED IN...
[GAMING/SUR] | YouTube  | [Normal]     | 90%    |  692.8ms | Where’s the scarp peanut...
[ENTERTAINM] | YouTube  | [Normal]     | 92%    |  936.8ms | I WASSS HEREEEEE :fire::fire::fire::fire...
[GAMING/SUR] | YouTube  | [Normal]     | 98%    | 1337.9ms | Keep On Bungulating LATE Into The Night ...
[ENTERTAINM] | YouTube  | [Normal]     | 97%    | 1073.9ms | I am your big fan bro and I subscribed y...
[ENTERTAINM] | YouTube  | [Normal]     | 94%    |  507.2ms | Ok...
[GAMING/GAM] | YouTube  | [Normal]     | 84%    |  571.8ms | TYPOOOOO...
[GAMING/GAM] | YouTube  | [Normal]     | 94%    |  612.7ms | im gonna have an obversation with my bes...
[ENTERTAINM] | YouTube  | [Normal]     | 95%    |  508.7ms | hi Jimmy...
[GAMING/SUR] | YouTube  | [Normal]     | 68%    |  611.2ms | YOU CANT COUNT CARDS AGAINST A CLANKA DU...
[ENTERTAINM] | YouTube  | [Normal]     | 97%    | 1558.2ms | Jimmyyyyyyyyyyyyyy  I can not believe th...
[GAMING/GAM] | YouTube  | [Normal]     | 94%    |  592.3ms | THE TITLE IS MISSPELLED...
[GAMING/SUR] | YouTube  | [Normal]     | 96%    |  776.5ms | He’s never gonna stop lol :face_with_tea...
[GAMING/GAM] | YouTube  | [Normal]     | 95%    |  447.8ms | xD...
[SELF-HELP/] | YouTube  | [Normal]     | 97%    |  843.5ms | Sometimes I think  my partner used to mi...
[ENTERTAINM] | YouTube  | [Normal]     | 95%    |  559.7ms | call speed!!!...
[GAMING/GAM] | YouTube  | [Normal]     | 94%    |  565.4ms | ovbersation...
[GAMING/GAM] | YouTube  | [Normal]     | 80%    |  685.6ms | I will be of absolutely NO help  I have ...
[GAMING/GAM] | YouTube  | [Normal]     | 95%    |  585.5ms | obversation...
[GAMING/SUR] | YouTube  | [Normal]     | 98%    |  626.7ms | :text-yellow-goal:...
[GAMING/GAM] | YouTube  | [Normal]     | 89%    |  746.9ms | the way i didnt even see...
[ENTERTAINM] | YouTube  | [Normal]     | 91%    |  667.4ms | is it weird watching your old videos...
[MUSIC/CHIL] | YouTube  | [Normal]     | 96%    |  583.7ms | :gar:welcm...
[GAMING/SUR] | YouTube  | [Normal]     | 74%    |  608.6ms | Peanut is an addict!!! lol...
[GAMING/SUR] | YouTube  | [Normal]     | 61%    |  557.2ms | a true addict...
[ENTERTAINM] | YouTube  | [Normal]     | 95%    |  556.2ms | Yooo...
[GAMING/SUR] | YouTube  | [Normal]     | 94%    |  517.1ms | 5...
[ENTERTAINM] | YouTube  | [Normal]     | 91%    |  514.8ms | mr beast...
[GAMING/GAM] | YouTube  | [Normal]     | 96%    |  580.3ms | I almost missed the stream  due to the t...
[GAMING/GAM] | YouTube  | [Normal]     | 95%    |  613.4ms | does this game is like fred nights ?...
[ENTERTAINM] | YouTube  | [Normal]     | 94%    |  477.1ms | 1...
[ENTERTAINM] | YouTube  | [Normal]     | 95%    |  486.0ms | please big fan...
[ENTERTAINM] | YouTube  | [Normal]     | 96%    |  489.9ms | jsjsj...
[ENTERTAINM] | YouTube  | [Normal]     | 97%    |  781.1ms | Jimmy:person-turqouise-waving::person-tu...
[MUSIC/CHIL] | YouTube  | [Normal]     | 98%    |  665.5ms | ...:face-turquoise-music-note:...
[GAMING/GAM] | YouTube  | [Normal]     | 93%    |  579.2ms | mark you pick dr pepper or coke...
[GAMING/GAM] | YouTube  | [Normal]     | 95%    |  466.7ms | obversation...
[GAMING/GAM] | YouTube  | [Normal]     | 95%    |  461.0ms | Hiiii...
[GAMING/GAM] | YouTube  | [Normal]     | 96%    |  652.5ms | gotta love my dyslexic five time champio...
[GAMING/GAM] | YouTube  | [Normal]     | 92%    |  504.1ms | Do you still play Ultrakill?...
[GAMING/GAM] | YouTube  | [Normal]     | 97%    |  741.5ms | OBVERSATION DUTY THE MOVIE?!??!?!?!...
[GAMING/GAM] | YouTube  | [Normal]     | 91%    |  689.3ms | MARK FIX YOUR POSTURE...
[GAMING/GAM] | YouTube  | [Normal]     | 97%    |  551.6ms | the poll is still going...
[GAMING/SUR] | YouTube  | [Normal]     | 97%    |  672.0ms | They logged in with 2000 scrap and left ...
[GAMING/GAM] | YouTube  | [Normal]     | 98%    |  627.8ms | was there always light in that shed?...
[GAMING/GAM] | YouTube  | [Normal]     | 91%    |  808.4ms | Guys let him turn his brain off after ho...
[ENTERTAINM] | YouTube  | [Normal]     | 93%    |  493.7ms | Are you okay?...
[PSYCHOLOGY] | YouTube  | [Normal]     | 97%    |  528.2ms | That was personal lol...
[MUSIC/CHIL] | YouTube  | [Normal]     | 85%    |  565.0ms | GTA ohh jealous...
[GAMING/GAM] | YouTube  | [Normal]     | 96%    |  487.3ms | LOL...
[GAMING/GAM] | YouTube  | [Normal]     | 98%    |  979.2ms | Iron Lung is so amazing :red_heart::red_...
[ENTERTAINM] | YouTube  | [Normal]     | 98%    |  597.8ms | Watching all World Cup games for 50K?:th...
[GAMING/GAM] | YouTube  | [Normal]     | 65%    |  688.6ms | IM GOING TO WATCH IRON LUNG RN IN OHIO!!...
[ENTERTAINM] | YouTube  | [Normal]     | 94%    |  454.3ms | 5...
[GAMING/GAM] | YouTube  | [Normal]     | 96%    |  545.5ms | LOL...
[GAMING/GAM] | YouTube  | [Normal]     | 97%    |  620.5ms | mousetrap in interior?...
[GAMING/GAM] | YouTube  | [Normal]     | 73%    |  690.4ms | Absolutely loved Iron Lung  you and the ...
[ENTERTAINM] | YouTube  | [Normal]     | 95%    |  490.0ms | 129...
[GAMING/GAM] | YouTube  | [Normal]     | 92%    |  615.9ms | bed...
[ENTERTAINM] | YouTube  | [Normal]     | 92%    |  673.7ms | "MrBeast  I would like a computer  pleas...
[PSYCHOLOGY] | YouTube  | [Normal]     | 95%    | 1010.9ms | oof it me but w workaholism  codepednecy...
[ENTERTAINM] | YouTube  | [Normal]     | 94%    |  404.1ms | 2...
[GAMING/GAM] | YouTube  | [Normal]     | 97%    |  426.7ms | that done been there...
[GAMING/GAM] | YouTube  | [Normal]     | 83%    |  478.6ms | why are you blue...
[ENTERTAINM] | YouTube  | [Normal]     | 94%    |  446.8ms | heloooo...
[GAMING/GAM] | YouTube  | [Normal]     | 96%    |  546.3ms | :_markiBRAIN:...
[GAMING/GAM] | YouTube  | [Normal]     | 97%    |  470.1ms | Welcome to Member!...
[GAMING/GAM] | YouTube  | [Normal]     | 96%    |  723.5ms | I printed the popcorn bucket but the tee...
[ENTERTAINM] | YouTube  | [Normal]     | 97%    |  586.1ms | Bro lot's of love from Nepal :red_heart:...
[ENTERTAINM] | YouTube  | [Normal]     | 91%    |  463.2ms | mrbeast give me money...
[ENTERTAINM] | YouTube  | [Normal]     | 85%    |  442.7ms | Mr beast I watch you everyday hope you s...
[GAMING/GAM] | YouTube  | [Normal]     | 86%    |  467.6ms | that's not good...
[GAMING/SUR] | YouTube  | [Normal]     | 96%    |  591.7ms | a box??...
[ENTERTAINM] | YouTube  | [Normal]     | 92%    |  508.5ms | hi MrBeast...
[GAMING/GAM] | YouTube  | [Normal]     | 96%    |  570.0ms | we have a keen eye...
[GAMING/GAM] | YouTube  | [Normal]     | 60%    |  648.7ms | LETS GOOOOOOOOOOOOOOOOOOOOOO...
[GAMING/GAM] | YouTube  | [Normal]     | 96%    |  523.2ms | hi!!...
[ENTERTAINM] | YouTube  | [Normal]     | 95%    |  504.1ms | 67...
[GAMING/GAM] | YouTube  | [Normal]     | 56%    |  623.1ms | MARK IM ABOUT TO GO SEE IORN LUNG YOU BE...
[ENTERTAINM] | YouTube  | [Normal]     | 95%    |  485.2ms | Mr best...
[MUSIC/CHIL] | YouTube  | [OFFENSIVE]  | 40%    |  999.4ms | Dream dude I can't tell if work is chasi...
[SELF-HELP/] | YouTube  | [Normal]     | 97%    |  608.0ms | I just been enlighten...
[GAMING/GAM] | YouTube  | [Normal]     | 88%    |  833.1ms | thank god I'm not on duty y'all got this...
[GAMING/GAM] | YouTube  | [Normal]     | 96%    |  603.9ms | my cat is watching very closely rn...
[ENTERTAINM] | YouTube  | [Normal]     | 96%    |  499.7ms | hiiiiiii...
[GAMING/GAM] | YouTube  | [Normal]     | 93%    |  585.4ms | man standing in stair well!!!!!!!!!...
[ENTERTAINM] | YouTube  | [OFFENSIVE]  | 56%    |  792.2ms | Funny shorts:rolling_on_the_floor_laughi...
[GAMING/GAM] | YouTube  | [Normal]     | 90%    |  466.3ms | BLINDIPLIER...
[GAMING/SUR] | YouTube  | [Normal]     | 97%    |  529.0ms | the tea is pretty solid...
[GAMING/GAM] | YouTube  | [Normal]     | 95%    |  534.5ms | Poster I’m stairwell...
[GAMING/GAM] | YouTube  | [Normal]     | 94%    |  496.8ms | Bed Mark...
[ENTERTAINM] | YouTube  | [Normal]     | 95%    |  522.7ms | noob lol...
[GAMING/GAM] | YouTube  | [Normal]     | 97%    |  497.9ms | markiplier...
[GAMING/GAM] | YouTube  | [Normal]     | 94%    |  586.4ms | Man on the dock?...
[MUSIC/CHIL] | YouTube  | [Normal]     | 98%    |  654.3ms | Dream vanakam:pillow-turquoise-hot-choco...
[ENTERTAINM] | YouTube  | [Normal]     | 88%    |  591.5ms | Your last concept are really cool ex on ...
[ENTERTAINM] | YouTube  | [Normal]     | 94%    |  497.7ms | Hi...
[GAMING/GAM] | YouTube  | [Normal]     | 88%    |  505.3ms | The door...
[GAMING/GAM] | YouTube  | [Normal]     | 97%    |  534.9ms | INTERIOR LANTERN MOVEMENT...
[GAMING/SUR] | YouTube  | [Normal]     | 97%    |  797.8ms | NGL I might play the dino game before I ...
[ENTERTAINM] | YouTube  | [Normal]     | 96%    |  432.8ms | I want money...
[GAMING/SUR] | YouTube  | [Normal]     | 80%    |  546.6ms | he needs to be rebagged...
[GAMING/GAM] | YouTube  | [Normal]     | 95%    |  741.8ms | Was the bottle always standing up? In th...
[ENTERTAINM] | YouTube  | [Normal]     | 98%    | 1885.5ms | rajasthan:face-blue-smiling::face-blue-s...
[GAMING/SUR] | YouTube  | [Normal]     | 75%    |  732.1ms | is he not allowed to use guns though is ...
[GAMING/GAM] | YouTube  | [Normal]     | 94%    |  492.4ms | lanternnnn in interirorrrr...
[ENTERTAINM] | YouTube  | [Normal]     | 95%    |  418.6ms | hello...
[PSYCHOLOGY] | YouTube  | [Normal]     | 95%    |  502.2ms | EVERY REDDITOR...
[SELF-HELP/] | YouTube  | [Normal]     | 97%    |  628.6ms | Can I share this live or save it for lat...
[GAMING/GAM] | YouTube  | [Normal]     | 95%    |  544.0ms | RAILING MOVED...
[ENTERTAINM] | YouTube  | [Normal]     | 93%    |  506.4ms | l...
[GAMING/SUR] | YouTube  | [Normal]     | 96%    |  498.0ms | Wait for welyn...
[GAMING/GAM] | YouTube  | [Normal]     | 97%    |  466.5ms | 5 gallon bucket?...
[GAMING/SUR] | YouTube  | [Normal]     | 90%    |  516.1ms | No  that’s only solar...
[ENTERTAINM] | YouTube  | [Normal]     | 94%    |  431.5ms | 1...
[GAMING/GAM] | YouTube  | [Normal]     | 94%    |  461.8ms | FOG...
[GAMING/GAM] | YouTube  | [Normal]     | 93%    |  560.3ms | Just got back from the theater. Iron Lun...
[ENTERTAINM] | YouTube  | [Normal]     | 94%    |  439.4ms | 1...
[GAMING/GAM] | YouTube  | [Normal]     | 93%    |  471.4ms | Yes...
[GAMING/SUR] | YouTube  | [Normal]     | 87%    |  500.0ms | no...
[GAMING/GAM] | YouTube  | [Normal]     | 93%    |  750.3ms | HEY MARK ME AND MY GIRLFRIEND LOVE YOU S...
[ENTERTAINM] | YouTube  | [Normal]     | 92%    |  557.1ms | 1one...
[GAMING/SUR] | YouTube  | [Normal]     | 87%    |  517.6ms | no...
[GAMING/GAM] | YouTube  | [Normal]     | 93%    |  595.1ms | bedroom camera missing...
[GAMING/SUR] | YouTube  | [Normal]     | 79%    |  610.0ms | LET THE PRO DO IT...
[GAMING/GAM] | YouTube  | [Normal]     | 66%    |  623.8ms | YOUR CUPBOARD DOOR MIRK...
[ENTERTAINM] | YouTube  | [Normal]     | 94%    |  531.7ms | 2...
[ENTERTAINM] | YouTube  | [Normal]     | 52%    | 3277.5ms | HAPPY FOR YOU :face-fuchsia-wide-eyes::f...
[GAMING/SUR] | YouTube  | [Normal]     | 96%    |  536.9ms | WAIT FOR WELYN...
[GAMING/SUR] | YouTube  | [Normal]     | 86%    |  531.4ms | Higher but...
[ENTERTAINM] | YouTube  | [Normal]     | 93%    |  517.3ms | Yes...
[ENTERTAINM] | YouTube  | [Normal]     | 97%    |  618.1ms | :heart_suit::heart_suit:...
[GAMING/GAM] | YouTube  | [Normal]     | 96%    |  612.0ms | Hold on have u been live for ahhhhh...
[GAMING/SUR] | YouTube  | [Normal]     | 84%    |  535.8ms | build it up...
[ENTERTAINM] | YouTube  | [Normal]     | 94%    |  521.4ms | 6...
[GAMING/SUR] | YouTube  | [Normal]     | 83%    |  536.5ms | Just wait...
[GAMING/SUR] | YouTube  | [Normal]     | 90%    |  489.4ms | wait...
[GAMING/SUR] | YouTube  | [Normal]     | 95%    |  576.0ms | ASKIN WEYLYN...
[ENTERTAINM] | YouTube  | [Normal]     | 96%    |  586.2ms | love u from Bangladesh...
[GAMING/GAM] | YouTube  | [Normal]     | 86%    |  509.2ms | intruder...
[GAMING/GAM] | YouTube  | [Normal]     | 87%    |  804.9ms | MARK YOUR LIVE DURING THE DAY HERE!!! YA...
[ENTERTAINM] | YouTube  | [Normal]     | 97%    |  595.1ms | nikooo???...
[GAMING/GAM] | YouTube  | [Normal]     | 94%    |  625.8ms | Rip...
[ENTERTAINM] | YouTube  | [Normal]     | 94%    |  546.9ms | Venezuela...
[GAMING/GAM] | YouTube  | [Normal]     | 93%    |  573.4ms | n00b hahaha...
[GAMING/GAM] | YouTube  | [Normal]     | 95%    |  556.7ms | oh hi Mark...
[GAMING/GAM] | YouTube  | [Normal]     | 90%    |  578.0ms | You nearly did it...
[GAMING/GAM] | YouTube  | [Normal]     | 91%    |  532.7ms | Noob...
[GAMING/GAM] | YouTube  | [Normal]     | 94%    |  582.0ms | his ego has consumed him...
[ENTERTAINM] | YouTube  | [Normal]     | 98%    |  790.8ms | I am big fan of your channel. I am from ...
[GAMING/GAM] | YouTube  | [Normal]     | 94%    |  519.2ms | ur my fav noob <3...
[ENTERTAINM] | YouTube  | [Normal]     | 95%    |  570.1ms | Beluga is in the chat...
[MUSIC/CHIL] | YouTube  | [Normal]     | 97%    | 1106.0ms | :person-turquoise-writing-headphones::pe...
[GAMING/SUR] | YouTube  | [Normal]     | 87%    |  536.5ms | lets go...
[GAMING/GAM] | YouTube  | [Normal]     | 90%    |  575.6ms | We are the obversers  clearly....
[GAMING/SUR] | YouTube  | [Normal]     | 83%    |  538.6ms | Welyn too nice...
[GAMING/GAM] | YouTube  | [Normal]     | 95%    |  687.5ms | lmao i did notice that when i made the l...
[GAMING/GAM] | YouTube  | [Normal]     | 96%    |  495.9ms | see exactly lol...
[GAMING/GAM] | YouTube  | [Normal]     | 91%    |  484.2ms | Hahahah...
[MUSIC/CHIL] | YouTube  | [Normal]     | 97%    |  604.1ms | new job vacancy :face_with_hand_over_mou...
[GAMING/SUR] | YouTube  | [Normal]     | 95%    |  546.7ms | positive guy he is Welyb...
[ENTERTAINM] | YouTube  | [Normal]     | 96%    |  483.1ms | :folded_hands:...
[GAMING/GAM] | YouTube  | [Normal]     | 92%    |  676.2ms | camera malfunction in keeper cabin...
[ENTERTAINM] | YouTube  | [Normal]     | 97%    | 1252.5ms | @Mrbeast your big fan please give me an ...
[ENTERTAINM] | YouTube  | [Normal]     | 97%    |  569.0ms | hallo...
[GAMING/GAM] | YouTube  | [Normal]     | 64%    |  535.9ms | Obversate better!...
[GAMING/SUR] | YouTube  | [Normal]     | 73%    |  803.0ms | this is what i mean.... peanut is the wo...
[ENTERTAINM] | YouTube  | [Normal]     | 98%    | 1272.8ms | :red_heart::red_heart::red_heart::red_he...
[PSYCHOLOGY] | YouTube  | [Normal]     | 96%    |  517.7ms | I would've been a nun...
[PSYCHOLOGY] | YouTube  | [Normal]     | 87%    |  663.5ms | thinking you're getting canceled about u...
[ENTERTAINM] | YouTube  | [Normal]     | 96%    |  395.3ms | congratulations :party_popper::clapping_...
[GAMING/GAM] | YouTube  | [Normal]     | 91%    |  243.3ms | PERSON...
[GAMING/GAM] | YouTube  | [Normal]     | 96%    |  300.9ms | YEAAAAAHAHAHH...
[GAMING/GAM] | YouTube  | [Normal]     | 95%    |  281.5ms | YAY...
[GAMING/GAM] | YouTube  | [Normal]     | 45%    |  283.4ms | YIPPEEE...
[MUSIC/CHIL] | YouTube  | [Normal]     | 96%    |  482.5ms | @kavya-c9c1j ap kab kroge mooh dikhai...
[ENTERTAINM] | YouTube  | [Normal]     | 97%    |  292.6ms | I watched then and would totally watch t...
[GAMING/GAM] | YouTube  | [Normal]     | 94%    |  232.9ms | woot...
[ENTERTAINM] | YouTube  | [Normal]     | 98%    | 2716.4ms | :text-yellow-goal::text-yellow-goal::tex...
[ENTERTAINM] | YouTube  | [Normal]     | 96%    |  555.6ms | oi...
[GAMING/GAM] | YouTube  | [Normal]     | 94%    |  756.5ms | OMFGGGG OBSERVATION DUTY?!?!?!?!...
[GAMING/GAM] | YouTube  | [Normal]     | 96%    |  661.8ms | mark does know that nothing appears unti...
[GAMING/GAM] | YouTube  | [Normal]     | 96%    |  522.5ms | what about mii side??...
[GAMING/GAM] | YouTube  | [Normal]     | 86%    |  519.7ms | THERES A PERSONNNNN...
[NEWS/LIVE ] | YouTube  | [Normal]     | 95%    |  638.1ms | I mistyped because I have BIG hands lol...
[SELF-HELP/] | YouTube  | [Normal]     | 97%    |  590.2ms | I'm on a plane...
[NEWS/LIVE ] | YouTube  | [Normal]     | 94%    |  720.6ms | so the best thing is the worst? hmm:cat-...
[GAMING/SUR] | YouTube  | [Normal]     | 86%    |  506.3ms | Yo...
[GAMING/SUR] | YouTube  | [Normal]     | 93%    |  609.0ms | LETS GO!!!...
[GAMING/SUR] | YouTube  | [Normal]     | 96%    | 1556.4ms | :thumbs_up::thumbs_up::thumbs_up::thumbs...
[GAMING/SUR] | YouTube  | [Normal]     | 90%    |  575.4ms | why are you all so early?...
[MUSIC/CHIL] | YouTube  | [Normal]     | 97%    |  988.3ms | shivu apun k papa mujko wada ki h shivu ...
[GAMING/SUR] | YouTube  | [Normal]     | 93%    | 2697.4ms | :elbowcough::elbowcough::elbowcough::elb...
[SELF-HELP/] | YouTube  | [Normal]     | 94%    |  655.4ms | domestic flight ye...
[GAMING/SUR] | YouTube  | [Normal]     | 96%    |  599.0ms | Happy birthday peanut...
[GAMING/SUR] | YouTube  | [HATE]       | 52%    | 1831.6ms | PEANUTS STREAMINGGGGGG:face-fuchsia-tong...
[GAMING/SUR] | YouTube  | [Normal]     | 97%    |  605.2ms | Happy birthday Peanut!!!!...
[GAMING/SUR] | YouTube  | [Normal]     | 94%    |  960.7ms | :ok_hand::ok_hand::ok_hand::thumbs_up::t...
[GAMING/SUR] | YouTube  | [Normal]     | 98%    |  818.9ms | :peanuts::peanuts::peanuts::peanuts::pea...
[GAMING/SUR] | YouTube  | [Normal]     | 96%    |  516.0ms | Great song...
[PSYCHOLOGY] | YouTube  | [Normal]     | 88%    |  491.7ms | Woo...
[MUSIC/CHIL] | YouTube  | [Normal]     | 98%    | 1027.2ms | muje tu bhi kabhi kabhi lgta pgl ashiqq ...
[GAMING/SUR] | YouTube  | [Normal]     | 97%    |  698.8ms | :crown::crown: LONG LIVE THE KING PEANUT...
[GAMING/SUR] | YouTube  | [Normal]     | 56%    |  515.9ms | ILl ALLoW IT...
[GAMING/SUR] | YouTube  | [Normal]     | 97%    |  582.9ms | Happy birthday Peanut!!!!...
[GAMING/SUR] | YouTube  | [Normal]     | 93%    |  629.9ms | Gingy and Rouge did 20 Hours...
[GAMING/SUR] | YouTube  | [Normal]     | 97%    |  546.9ms | 19 hours...
[GAMING/SUR] | YouTube  | [Normal]     | 92%    |  601.3ms | got off an hr before u got on...
[GAMING/SUR] | YouTube  | [Normal]     | 96%    |  586.9ms | CREAM OF SUM YOUNG GUY...
[NEWS/LIVE ] | YouTube  | [Normal]     | 43%    |  715.3ms | Ok how about the poor dig a hole or make...
[MUSIC/CHIL] | YouTube  | [Normal]     | 97%    |  766.0ms | Ayeee :smiling_face_with_sunglasses:...
[MUSIC/CHIL] | YouTube  | [OFFENSIVE]  | 93%    | 1037.8ms | Aha....Don't defame my name by taking my...
[MUSIC/CHIL] | YouTube  | [Normal]     | 94%    |  527.8ms | hi...
[GAMING/SUR] | YouTube  | [Normal]     | 91%    |  536.8ms | he closed it...
[GAMING/SUR] | YouTube  | [OFFENSIVE]  | 90%    |  589.5ms | fuckin delerious LOL...
[GAMING/SUR] | YouTube  | [Normal]     | 91%    |  565.2ms | h2o no way...
[GAMING/SUR] | YouTube  | [OFFENSIVE]  | 35%    |  612.4ms | my OG GOAT GAMER H20!...
[MUSIC/CHIL] | YouTube  | [Normal]     | 97%    |  694.9ms | :hot_beverage::musical_notes::ok_hand:...
[GAMING/SUR] | YouTube  | [Normal]     | 91%    |  535.9ms | he is a fucking legend...
[GAMING/SUR] | YouTube  | [Normal]     | 84%    |  506.8ms | close the gate...
[GAMING/SUR] | YouTube  | [Normal]     | 96%    |  549.3ms | !peanuts...
[GAMING/SUR] | YouTube  | [Normal]     | 81%    |  571.6ms | h20 my kinggg...
[NEWS/LIVE ] | YouTube  | [Normal]     | 80%    |  680.4ms | Pete doesnt care what God you support in...
[MUSIC/CHIL] | YouTube  | [Normal]     | 95%    |  610.7ms | what so :briefs::duck:...
[MUSIC/CHIL] | YouTube  | [Normal]     | 97%    | 1058.6ms | D same dialogue cheppi force chesthe vac...
[NEWS/LIVE ] | YouTube  | [Normal]     | 89%    |  620.9ms | you know it's 2026 this world is like la...
[GAMING/SUR] | YouTube  | [Normal]     | 64%    |  549.2ms | Dubl’n up the zyn is sick...
[GAMING/SUR] | YouTube  | [Normal]     | 96%    |  527.5ms | ground floor I think...
[GAMING/SUR] | YouTube  | [Normal]     | 85%    |  463.7ms | KEEP GOING DOWN...
[GAMING/SUR] | YouTube  | [Normal]     | 69%    |  452.3ms | battleShits...
[GAMING/SUR] | YouTube  | [Normal]     | 95%    |  628.6ms | train car...
[SELF-HELP/] | YouTube  | [Normal]     | 92%    |  730.1ms | oh no the bonk continues...
[NEWS/LIVE ] | YouTube  | [Normal]     | 49%    |  734.6ms | that's a yes to feminist:face-green-smil...
[NEWS/LIVE ] | YouTube  | [Normal]     | 97%    |  637.4ms | :people_hugging: :hugging_face: :open_ha...
[GAMING/SUR] | YouTube  | [Normal]     | 96%    |  546.7ms | OG H2O...
[GAMING/SUR] | YouTube  | [Normal]     | 97%    |  599.8ms | 500 ON RED P~!!...
[GAMING/SUR] | YouTube  | [Normal]     | 95%    |  565.0ms | H2O...
[GAMING/SUR] | YouTube  | [Normal]     | 94%    |  493.6ms | 5...
[GAMING/SUR] | YouTube  | [Normal]     | 94%    |  463.1ms | 3...
[GAMING/SUR] | YouTube  | [Normal]     | 94%    |  521.8ms | no way h20 is there lmao...
[GAMING/SUR] | YouTube  | [Normal]     | 93%    |  440.9ms | clip it...
[GAMING/SUR] | YouTube  | [Normal]     | 76%    |  629.2ms | Can’t loot him it’s in a safe zone...
[MUSIC/CHIL] | YouTube  | [Normal]     | 93%    |  584.5ms | shikha basically i don't eat   certainly...
[MUSIC/CHIL] | YouTube  | [Normal]     | 97%    | 1320.0ms | @Dreamon_888 hi   how are you ? :backhan...
[GAMING/SUR] | YouTube  | [Normal]     | 88%    |  647.3ms | blavkjack super rigged on rust...
[GAMING/SUR] | YouTube  | [Normal]     | 87%    |  592.1ms | that was you  not winning...
[GAMING/SUR] | YouTube  | [Normal]     | 94%    |  565.7ms | it was a 4 bro...
[GAMING/SUR] | YouTube  | [Normal]     | 96%    |  515.3ms | lol...
[GAMING/SUR] | YouTube  | [Normal]     | 84%    |  542.2ms | It’s rigged...
[MUSIC/CHIL] | YouTube  | [Normal]     | 70%    |  573.0ms | she is asking do u eat wtf...
[GAMING/ESP] | YouTube  | [Normal]     | 94%    |  479.3ms | :moai:...
[GAMING/SUR] | YouTube  | [Normal]     | 96%    |  701.5ms | Alll in...
[GAMING/SUR] | YouTube  | [Normal]     | 96%    |  908.5ms | bit.ly/EA_-The-ytlscb-na #ad...
[GAMING/SUR] | YouTube  | [Normal]     | 71%    |  738.2ms | NOOOOOOOOOOOOOOOOOOOOOOOOOO...
[GAMING/SUR] | YouTube  | [Normal]     | 95%    |  697.1ms | LMAO FFFFFFFFFFFFFFFFF...
[GAMING/SUR] | YouTube  | [Normal]     | 95%    |  818.2ms | back to oil rig!!!!!!!!!!!!...
[GAMING/SUR] | YouTube  | [Normal]     | 92%    |  757.7ms | Can we get the mortgage to bet on...
[MUSIC/CHIL] | YouTube  | [Normal]     | 96%    |  614.7ms | bnane chali gayi?...
[GAMING/SUR] | YouTube  | [Normal]     | 74%    |  549.0ms | you wouldve lost anyways...
[GAMING/SUR] | YouTube  | [Normal]     | 95%    |  621.2ms | i knew this would happen with these 2...
[SELF-HELP/] | YouTube  | [Normal]     | 95%    |  513.2ms | Hi Dr k:winking_face:...
[GAMING/SUR] | YouTube  | [Normal]     | 94%    |  417.0ms | 5...
[MUSIC/CHIL] | YouTube  | [Normal]     | 96%    |  485.8ms | .....
[GAMING/SUR] | YouTube  | [Normal]     | 86%    |  547.3ms | going bust in rust...
[MUSIC/CHIL] | YouTube  | [Normal]     | 97%    |  784.5ms | Ida :face_with_tears_of_joy::face_with_t...
[GAMING/SUR] | YouTube  | [Normal]     | 94%    |  515.8ms | 1...
[PSYCHOLOGY] | YouTube  | [Normal]     | 94%    |  573.3ms | hello. Jung will never die...
[GAMING/SUR] | YouTube  | [Normal]     | 97%    | 1046.1ms | Peanut & Starforge PC's are partnered! C...
[MUSIC/CHIL] | YouTube  | [OFFENSIVE]  | 80%    |  709.4ms | shish sing wclm bro :smiling_face_with_t...
[GAMING/SUR] | YouTube  | [Normal]     | 88%    |  691.7ms | Rust can be a trivia game if you play it...
[GAMING/SUR] | YouTube  | [Normal]     | 92%    |  592.6ms | nah just gamble it all away...
[ENTERTAINM] | YouTube  | [Normal]     | 94%    |  549.0ms | hi...
[PSYCHOLOGY] | YouTube  | [Normal]     | 91%    |  565.9ms | but what do you mean by explain?...
[ENTERTAINM] | YouTube  | [Normal]     | 95%    |  498.4ms | HELLOOOOO...
[GAMING/GAM] | YouTube  | [Normal]     | 92%    |  605.7ms | this is gonna be so metal my lungs might...
[GAMING/SUR] | YouTube  | [OFFENSIVE]  | 52%    |  471.0ms | oh shit...
[GAMING/SUR] | YouTube  | [Normal]     | 92%    |  604.6ms | thaTS MIND FROM DIUNOS...
[ENTERTAINM] | YouTube  | [Normal]     | 95%    |  609.6ms | Congratulations...
[GAMING/SUR] | YouTube  | [Normal]     | 63%    |  546.0ms | TAKE IT TO GAMBLEEEE...
[ENTERTAINM] | YouTube  | [Normal]     | 94%    |  507.1ms | hi...
[ENTERTAINM] | YouTube  | [Normal]     | 95%    |  604.1ms | Здарова всем...
[ENTERTAINM] | YouTube  | [Normal]     | 93%    |  543.0ms | omg...
[ENTERTAINM] | YouTube  | [Normal]     | 97%    |  613.4ms | hi please give me an gift plz...
[GAMING/GAM] | YouTube  | [Normal]     | 95%    |  553.0ms | MARK...
[GAMING/GAM] | YouTube  | [Normal]     | 96%    |  542.2ms | hi mark...
[GAMING/GAM] | YouTube  | [Normal]     | 95%    |  554.9ms | HIII...
[GAMING/GAM] | YouTube  | [Normal]     | 94%    |  532.3ms | #1...
[MUSIC/CHIL] | YouTube  | [Normal]     | 95%    |  604.1ms | Stranger my net is not slow...
[MUSIC/CHIL] | YouTube  | [Normal]     | 95%    |  589.5ms | Chi na brathuku...
[GAMING/GAM] | YouTube  | [Normal]     | 97%    |  517.7ms | Welcome New Member!...
[PSYCHOLOGY] | YouTube  | [Normal]     | 97%    |  540.6ms | Dr. K needs a NAS...
[ENTERTAINM] | YouTube  | [Normal]     | 98%    |  648.5ms | hola espero que te encuentres bien...
[GAMING/SUR] | YouTube  | [Normal]     | 94%    |  500.4ms | Hello everybody...
[PSYCHOLOGY] | YouTube  | [Normal]     | 95%    |  597.9ms | a faaah moment from dr K...
[MUSIC/CHIL] | YouTube  | [Normal]     | 97%    |  874.0ms | mohit mujhe nii pata    friends Aapke he...
[ENTERTAINM] | YouTube  | [Normal]     | 96%    |  614.4ms | Jimmy  how does it feel to be rich...
[ENTERTAINM] | YouTube  | [Normal]     | 81%    |  572.2ms | UwU...
[GAMING/GAM] | YouTube  | [Normal]     | 97%    |  619.4ms | HIIIII...
[GAMING/GAM] | YouTube  | [Normal]     | 63%    |  540.1ms | GOING AGAIN THIS WEEKEND LES GOOOOO...
[ENTERTAINM] | YouTube  | [Normal]     | 93%    |  612.7ms | 와우...
[GAMING/GAM] | YouTube  | [Normal]     | 94%    |  655.8ms | is that a DJI gimbal in the background o...
[GAMING/GAM] | YouTube  | [Normal]     | 98%    |  627.5ms | please please please release on streamin...
[ENTERTAINM] | YouTube  | [Normal]     | 86%    |  548.0ms | Yo...
[PSYCHOLOGY] | YouTube  | [Normal]     | 96%    |  615.2ms | nope only from the atlus game...
[GAMING/GAM] | YouTube  | [Normal]     | 98%    |  946.0ms | LFG MARKKKKK:cat-orange-whistling::cat-o...
[GAMING/SUR] | YouTube  | [Normal]     | 98%    |  479.4ms | mlb team for adam...
[GAMING/GAM] | YouTube  | [Normal]     | 92%    |  474.1ms | YOOOOO...
[ENTERTAINM] | YouTube  | [Normal]     | 95%    |  511.0ms | give me 10k$ please...
[GAMING/GAM] | YouTube  | [Normal]     | 96%    |  549.0ms | hi mark!!!...
[GAMING/SUR] | YouTube  | [Normal]     | 96%    |  567.0ms | wow Rogue must have had an hours sleep l...
[MUSIC/CHIL] | YouTube  | [OFFENSIVE]  | 51%    |  472.4ms | sick:woozy_face:...
[ENTERTAINM] | YouTube  | [Normal]     | 94%    |  408.3ms | hi...
[GAMING/SUR] | YouTube  | [Normal]     | 97%    |  559.9ms | rogue slept for 20 minutes ll...
[ENTERTAINM] | YouTube  | [Normal]     | 92%    |  614.0ms | congratulations brooooooooooooooo...
[GAMING/GAM] | YouTube  | [Normal]     | 94%    |  619.4ms | MARKPLIERR IS LIVEVEE...
[GAMING/GAM] | YouTube  | [Normal]     | 98%    |  739.3ms | will there be ever a digital copy? :smil...
[ENTERTAINM] | YouTube  | [Normal]     | 95%    |  556.0ms | give me only one ipad please sir...
[GAMING/GAM] | YouTube  | [Normal]     | 97%    |  561.4ms | Welcome to Member!...
[GAMING/GAM] | YouTube  | [Normal]     | 95%    |  504.6ms | hiii...
[PSYCHOLOGY] | YouTube  | [Normal]     | 91%    |  521.6ms | sounds like a tongue twister...
[ENTERTAINM] | YouTube  | [Normal]     | 97%    |  602.3ms | Hiiiii...
[GAMING/GAM] | YouTube  | [Normal]     | 96%    |  694.7ms | 3 TIME CHAMPION!!!...
[NEWS/LIVE ] | YouTube  | [Normal]     | 96%    |  636.2ms | ...by the wolves :lion:...
[GAMING/GAM] | YouTube  | [Normal]     | 95%    |  617.4ms | I hope you bring more scp videos back!...
[GAMING/GAM] | YouTube  | [Normal]     | 96%    |  508.4ms | hi mark...
[PSYCHOLOGY] | YouTube  | [Normal]     | 93%    |  490.5ms | Yes...
[GAMING/GAM] | YouTube  | [Normal]     | 91%    |  600.9ms | im telling everyone to see it...
[GAMING/GAM] | YouTube  | [Normal]     | 96%    |  528.0ms | WE WON...
[ENTERTAINM] | YouTube  | [Normal]     | 82%    |  857.6ms | Please give me $200000 my loan will be a...
[ENTERTAINM] | YouTube  | [Normal]     | 98%    |  888.5ms | congratulations jimmy if this video gets...
[ENTERTAINM] | YouTube  | [Normal]     | 96%    |  650.6ms | hi jimmy please shout out kabir...
[GAMING/SUR] | YouTube  | [Normal]     | 86%    |  566.7ms | CLose the door...
[GAMING/GAM] | YouTube  | [Normal]     | 95%    |  556.5ms | Ranch!!!...
[GAMING/GAM] | YouTube  | [Normal]     | 95%    |  418.6ms | AIRPLANE...
[ENTERTAINM] | YouTube  | [Normal]     | 97%    |  446.0ms | Welcome New Member!...
[ENTERTAINM] | YouTube  | [Normal]     | 90%    |  499.7ms | w mrbeast...
[GAMING/GAM] | YouTube  | [Normal]     | 93%    |  478.0ms | lighthouse...
[ENTERTAINM] | YouTube  | [Normal]     | 95%    |  593.9ms | hiii beast...
[ENTERTAINM] | YouTube  | [Normal]     | 96%    |  611.1ms | faaaaaa...
[GAMING/SUR] | YouTube  | [Normal]     | 96%    |  650.5ms | not a fan of this game but the content i...
[GAMING/GAM] | YouTube  | [Normal]     | 93%    |  479.3ms | lighthouse...
[GAMING/GAM] | YouTube  | [Normal]     | 95%    |  553.8ms | airplane...
[GAMING/GAM] | YouTube  | [Normal]     | 95%    |  612.3ms | Airplanneeeee...
[GAMING/SUR] | YouTube  | [Normal]     | 96%    |  528.1ms | broo check the billboards yooo...
[GAMING/GAM] | YouTube  | [Normal]     | 94%    |  650.3ms | Imagine 23 000 people trying to talk ove...
[GAMING/GAM] | YouTube  | [Normal]     | 91%    |  437.0ms | people be voting...
[GAMING/GAM] | YouTube  | [Normal]     | 96%    |  556.1ms | Saw Iron Lung last night! IT WAS SO GOOD...
[ENTERTAINM] | YouTube  | [Normal]     | 98%    |  891.3ms | :purple_heart::green_heart::purple_heart...
[GAMING/GAM] | YouTube  | [Normal]     | 93%    |  447.5ms | lighthouse...
[GAMING/SUR] | YouTube  | [Normal]     | 49%    |  581.7ms | You guys are terrible gamblers lol...
[ENTERTAINM] | YouTube  | [Normal]     | 92%    |  525.9ms | hayyyy...
[MUSIC/CHIL] | YouTube  | [Normal]     | 96%    | 1225.5ms | @szarek-c2u m doing good :backhand_index...
[ENTERTAINM] | YouTube  | [Normal]     | 62%    |  579.4ms | The fact that he is almost at 500 mil...
[GAMING/GAM] | YouTube  | [Normal]     | 77%    |  677.9ms | SCOTLAAAAANDD FOREVEEEEEEEER...
[GAMING/GAM] | YouTube  | [Normal]     | 97%    |  691.5ms | I saw it yesterday  and it was awesome! ...
[ENTERTAINM] | YouTube  | [Normal]     | 94%    |  438.2ms | 1...
[ENTERTAINM] | YouTube  | [Normal]     | 94%    |  461.0ms | 1...
[SELF-HELP/] | YouTube  | [Normal]     | 69%    |  786.9ms | @VenaraEchoes im sure there are way our ...
[ENTERTAINM] | YouTube  | [Normal]     | 94%    |  486.9ms | 1...
[GAMING/SUR] | YouTube  | [Normal]     | 87%    |  449.8ms | NO...
[GAMING/GAM] | YouTube  | [Normal]     | 94%    |  618.4ms | japan?...
[ENTERTAINM] | YouTube  | [Normal]     | 94%    |  549.4ms | 1...
[GAMING/GAM] | YouTube  | [Normal]     | 95%    | 1000.9ms | Iron Lung is coming soon not that far aw...
[GAMING/GAM] | YouTube  | [Normal]     | 92%    |  672.9ms | AIIIIRRRRRPLAAAANNNEE...
[ENTERTAINM] | YouTube  | [Normal]     | 94%    |  461.0ms | 1...
[GAMING/GAM] | YouTube  | [Normal]     | 97%    |  410.5ms | Welcome to Member!...
[ENTERTAINM] | YouTube  | [Normal]     | 91%    |  382.7ms | pakistan...
[GAMING/GAM] | YouTube  | [Normal]     | 89%    |  529.7ms | are you going to make a second movie...
[GAMING/GAM] | YouTube  | [Normal]     | 95%    |  680.9ms | you've come a long way mark:red_heart:...
[ENTERTAINM] | YouTube  | [Normal]     | 97%    |  659.5ms | :red_heart::red_heart::red_heart:...
[GAMING/GAM] | YouTube  | [Normal]     | 97%    |  527.2ms | Loved your Movie :red_heart:...
[GAMING/SUR] | YouTube  | [Normal]     | 93%    |  511.0ms | push...
[NEWS/LIVE ] | YouTube  | [Normal]     | 48%    |  543.2ms | Weegee getting that italian sausage now...
[MUSIC/CHIL] | YouTube  | [Normal]     | 97%    |  608.5ms | mohit tumhari gf h ??...
[GAMING/SUR] | YouTube  | [Normal]     | 94%    |  494.3ms | Double...
[ENTERTAINM] | YouTube  | [Normal]     | 96%    |  613.4ms | when does the stream end?...
[ENTERTAINM] | YouTube  | [Normal]     | 93%    |  584.2ms | :ok_hand:...
[GAMING/SUR] | YouTube  | [Normal]     | 95%    |  528.5ms | hit...
[GAMING/SUR] | YouTube  | [Normal]     | 95%    |  498.4ms | 250...
[GAMING/GAM] | YouTube  | [OFFENSIVE]  | 61%    |  533.9ms | THE HECK? A SHAM...
[GAMING/GAM] | YouTube  | [Normal]     | 97%    | 1109.8ms | I must admit first time I saw it  audio ...
[ENTERTAINM] | YouTube  | [Normal]     | 94%    |  698.9ms | PLS GIVE ME SHOUTOUT JIMMY...
[GAMING/GAM] | YouTube  | [Normal]     | 94%    |  693.3ms | I LOVE IRON LUNG  MY FAVORITE MOVIEEE...
[GAMING/GAM] | YouTube  | [Normal]     | 97%    |  819.4ms | I loved the movie  thank you!...
[GAMING/GAM] | YouTube  | [Normal]     | 97%    |  523.7ms | 6-7...
[ENTERTAINM] | YouTube  | [Normal]     | 93%    |  468.6ms | india...
[GAMING/SUR] | YouTube  | [Normal]     | 96%    |  537.4ms | Maxxxx...
[GAMING/SUR] | YouTube  | [Normal]     | 90%    |  572.6ms | THIS IS SO RIGGED OH MY GOD...
[GAMING/GAM] | YouTube  | [Normal]     | 97%    | 1690.0ms | can't lie  im glad to see mark back. I m...
[GAMING/GAM] | YouTube  | [Normal]     | 92%    |  982.6ms | oh yeah penguinzoo said he couldn't unde...
[GAMING/GAM] | YouTube  | [Normal]     | 95%    |  484.8ms | lighthouse plss...
[ENTERTAINM] | YouTube  | [Normal]     | 94%    |  523.8ms | 𝘼𝙣𝙮𝙤𝙣𝙚 𝙛𝙧𝙤𝙢 𝙄𝙣𝙙𝙞𝙖???...
[ENTERTAINM] | YouTube  | [Normal]     | 98%    |  960.5ms | :face-blue-smiling::face-blue-smiling::f...
[GAMING/SUR] | YouTube  | [Normal]     | 94%    |  498.1ms | papa hutch...
[ENTERTAINM] | YouTube  | [Normal]     | 95%    |  518.2ms | please help me...
[ENTERTAINM] | YouTube  | [Normal]     | 97%    |  595.4ms | hi Mr beast :smiling_face_with_halo:...
[GAMING/GAM] | YouTube  | [Normal]     | 94%    |  742.6ms | I struggled to hear a bit at odeon in th...
[GAMING/GAM] | YouTube  | [Normal]     | 97%    |  733.7ms | wow movie star and celebrity director Ma...
[GAMING/SUR] | YouTube  | [Normal]     | 94%    |  506.1ms | go Aul In...
[GAMING/SUR] | YouTube  | [Normal]     | 73%    |  718.3ms | GOOOOOOOOOD MORNING BUNGULATORS...
[GAMING/GAM] | YouTube  | [Normal]     | 95%    |  608.4ms | CLOAK IRON LUNG MERCH!!!???...
[GAMING/SUR] | YouTube  | [OFFENSIVE]  | 55%    |  498.3ms | ur screwed...
[GAMING/SUR] | YouTube  | [Normal]     | 54%    |  630.7ms | try bandit...
[MUSIC/CHIL] | YouTube  | [OFFENSIVE]  | 82%    |  960.6ms | tc too dearshish:waving_hand::waving_han...
[ENTERTAINM] | YouTube  | [Normal]     | 97%    | 3127.6ms | bhai 500 milian subscriber hone wale Hai...
[SELF-HELP/] | YouTube  | [Normal]     | 59%    |  613.4ms | Yah my biggest fear in life is proving t...
[GAMING/GAM] | YouTube  | [Normal]     | 97%    |  538.3ms | The sound was great at my theatre....
[GAMING/GAM] | YouTube  | [Normal]     | 94%    |  682.9ms | if the movie is environmentally telling ...
[ENTERTAINM] | YouTube  | [Normal]     | 97%    |  574.8ms | Bangladesh :red_heart:...
[GAMING/GAM] | YouTube  | [Normal]     | 84%    |  734.8ms | my brother in law saw you in guam   he w...
[GAMING/SUR] | YouTube  | [Normal]     | 96%    |  619.0ms | Peanut can never go to vegas lol...
[ENTERTAINM] | YouTube  | [Normal]     | 91%    |  591.8ms | W MRBEADY...
[ENTERTAINM] | YouTube  | [Normal]     | 97%    |  575.2ms | :pink_heart:...
[ENTERTAINM] | YouTube  | [Normal]     | 97%    |  543.3ms | Hi:red_heart:...
[GAMING/SUR] | YouTube  | [Normal]     | 96%    |  475.1ms | Who stands at 14...
[GAMING/SUR] | YouTube  | [Normal]     | 93%    |  561.8ms | GG...
[GAMING/SUR] | YouTube  | [Normal]     | 94%    |  521.7ms | OOF...
[ENTERTAINM] | YouTube  | [Normal]     | 91%    |  450.2ms | pakistan...
[ENTERTAINM] | YouTube  | [Normal]     | 98%    |  620.9ms | Dominos :check_mark_button:...
[GAMING/SUR] | YouTube  | [Normal]     | 93%    |  576.0ms | ruunn...
[GAMING/GAM] | YouTube  | [Normal]     | 95%    |  681.9ms | okay that makes sense why some of the vo...
[GAMING/SUR] | YouTube  | [Normal]     | 97%    |  615.7ms | theres 1000 scrap at the base...
[GAMING/GAM] | YouTube  | [Normal]     | 96%    |  661.0ms | I went to a AMC theater once and I liked...
[MUSIC/CHIL] | YouTube  | [Normal]     | 95%    |  597.6ms | take me back to the La...
[GAMING/GAM] | YouTube  | [Normal]     | 97%    | 1156.3ms | its my birthday today 25 :partying_face:...
[ENTERTAINM] | YouTube  | [Normal]     | 95%    |  525.0ms | let's go...
[ENTERTAINM] | YouTube  | [Normal]     | 96%    |  786.8ms | ONE OUT OF 17.2 PEOPLE ALIVE ON EARTH RI...
[ENTERTAINM] | YouTube  | [Normal]     | 97%    | 1203.0ms | :smiling_face_with_smiling_eyes::smiling...
[ENTERTAINM] | YouTube  | [Normal]     | 98%    |  644.6ms | big fan sri lanka fan:star_struck::fire:...
[ENTERTAINM] | YouTube  | [Normal]     | 97%    |  662.1ms | hello sir I am your big fan...I am from ...
[ENTERTAINM] | YouTube  | [Normal]     | 95%    |  542.5ms | what?...
[ENTERTAINM] | YouTube  | [Normal]     | 94%    |  484.4ms | hi...
[GAMING/GAM] | YouTube  | [Normal]     | 96%    |  597.9ms | Pfffft  amateur hour...
[GAMING/GAM] | YouTube  | [Normal]     | 95%    |  511.2ms | AIRPLANE...
[GAMING/GAM] | YouTube  | [Normal]     | 97%    |  756.2ms | woah markimoo stream this early...
[GAMING/GAM] | YouTube  | [Normal]     | 96%    |  594.0ms | WE WIN...
[GAMING/GAM] | YouTube  | [Normal]     | 67%    |  658.2ms | NUMBER ONEEE! :party_popper:...
[GAMING/GAM] | YouTube  | [Normal]     | 95%    |  776.9ms | Just caught your movie last night  Mark ...
[GAMING/GAM] | YouTube  | [Normal]     | 96%    |  475.4ms | WE WIN...
[NEWS/LIVE ] | YouTube  | [Normal]     | 98%    |  501.1ms | Birds are singing o...
[MUSIC/CHIL] | YouTube  | [Normal]     | 94%    |  717.1ms | ko*...
[MUSIC/CHIL] | YouTube  | [Normal]     | 98%    | 1208.2ms | Jaitsii saccha pyar long time me hota h ...
