node,pid,run_id,seq,topic,partition,offset,kafka_ts_ms,kafka_ts_type,t_recv_ms,infer_ms,es_ms,t_done_ms,label,confidence
rasp1,31195,20261002-151629_clu_vm14-vm24-rasp14-rasp24-rasp34_allfive_r2,1,perf_20261002-151629_clu_vm14-vm24-rasp14-rasp24-rasp34_allfive_r2,19,0,1790954198658,0,1790954283734.965,616.559,7.177,1790954284359.417,Normal,0.9452
rasp1,31195,20261002-151629_clu_vm14-vm24-rasp14-rasp24-rasp34_allfive_r2,7,perf_20261002-151629_clu_vm14-vm24-rasp14-rasp24-rasp34_allfive_r2,19,1,1790954198659,0,1790954284361.017,663.108,6.697,1790954285031.851,Normal,0.9439
rasp1,31195,20261002-151629_clu_vm14-vm24-rasp14-rasp24-rasp34_allfive_r2,44,perf_20261002-151629_clu_vm14-vm24-rasp14-rasp24-rasp34_allfive_r2,19,2,1790954198668,0,1790954285033.466,412.442,9.235,1790954285455.651,Normal,0.8797
rasp1,31195,20261002-151629_clu_vm14-vm24-rasp14-rasp24-rasp34_allfive_r2,64,perf_20261002-151629_clu_vm14-vm24-rasp14-rasp24-rasp34_allfive_r2,19,3,1790954198671,0,1790954285458.244,534.685,7.383,1790954286001.031,Normal,0.9683
rasp1,31195,20261002-151629_clu_vm14-vm24-rasp14-rasp24-rasp34_allfive_r2,71,perf_20261002-151629_clu_vm14-vm24-rasp14-rasp24-rasp34_allfive_r2,19,4,1790954198672,0,1790954286002.954,440.53,6.717,1790954286450.59,Normal,0.9162
rasp1,31195,20261002-151629_clu_vm14-vm24-rasp14-rasp24-rasp34_allfive_r2,92,perf_20261002-151629_clu_vm14-vm24-rasp14-rasp24-rasp34_allfive_r2,19,5,1790954198675,0,1790954286451.435,310.535,7.074,1790954286769.514,Normal,0.9115
rasp1,31195,20261002-151629_clu_vm14-vm24-rasp14-rasp24-rasp34_allfive_r2,108,perf_20261002-151629_clu_vm14-vm24-rasp14-rasp24-rasp34_allfive_r2,19,6,1790954198677,0,1790954286770.644,354.355,7.604,1790954287132.938,Normal,0.9137
rasp1,31195,20261002-151629_clu_vm14-vm24-rasp14-rasp24-rasp34_allfive_r2,159,perf_20261002-151629_clu_vm14-vm24-rasp14-rasp24-rasp34_allfive_r2,19,7,1790954198681,0,1790954287134.08,450.425,6.676,1790954287591.641,Normal,0.8903
rasp1,31195,20261002-151629_clu_vm14-vm24-rasp14-rasp24-rasp34_allfive_r2,166,perf_20261002-151629_clu_vm14-vm24-rasp14-rasp24-rasp34_allfive_r2,19,8,1790954198682,0,1790954287592.646,315.568,6.855,1790954287915.396,Normal,0.9626
rasp1,31195,20261002-151629_clu_vm14-vm24-rasp14-rasp24-rasp34_allfive_r2,177,perf_20261002-151629_clu_vm14-vm24-rasp14-rasp24-rasp34_allfive_r2,19,9,1790954198683,0,1790954287916.352,344.846,7.208,1790954288268.824,Normal,0.9156
rasp1,31195,20261002-151629_clu_vm14-vm24-rasp14-rasp24-rasp34_allfive_r2,193,perf_20261002-151629_clu_vm14-vm24-rasp14-rasp24-rasp34_allfive_r2,19,10,1790954198684,0,1790954288269.58,298.589,5.431,1790954288573.963,Normal,0.9526
rasp1,31195,20261002-151629_clu_vm14-vm24-rasp14-rasp24-rasp34_allfive_r2,211,perf_20261002-151629_clu_vm14-vm24-rasp14-rasp24-rasp34_allfive_r2,19,11,1790954198691,0,1790954288574.49,260.283,16.901,1790954288852.014,Normal,0.9386
rasp1,31195,20261002-151629_clu_vm14-vm24-rasp14-rasp24-rasp34_allfive_r2,252,perf_20261002-151629_clu_vm14-vm24-rasp14-rasp24-rasp34_allfive_r2,19,12,1790954198728,0,1790954288852.764,272.212,7.638,1790954289132.973,Normal,0.9608
rasp1,31195,20261002-151629_clu_vm14-vm24-rasp14-rasp24-rasp34_allfive_r2,275,perf_20261002-151629_clu_vm14-vm24-rasp14-rasp24-rasp34_allfive_r2,19,13,1790954198751,0,1790954289133.736,461.73,6.873,1790954289602.901,Normal,0.7101
rasp1,31195,20261002-151629_clu_vm14-vm24-rasp14-rasp24-rasp34_allfive_r2,309,perf_20261002-151629_clu_vm14-vm24-rasp14-rasp24-rasp34_allfive_r2,19,14,1790954198767,0,1790954289603.602,323.75,7.013,1790954289934.823,Normal,0.9401
rasp1,31195,20261002-151629_clu_vm14-vm24-rasp14-rasp24-rasp34_allfive_r2,317,perf_20261002-151629_clu_vm14-vm24-rasp14-rasp24-rasp34_allfive_r2,19,15,1790954198770,0,1790954289935.686,593.108,5.703,1790954290534.832,Normal,0.9744
rasp1,31195,20261002-151629_clu_vm14-vm24-rasp14-rasp24-rasp34_allfive_r2,341,perf_20261002-151629_clu_vm14-vm24-rasp14-rasp24-rasp34_allfive_r2,19,16,1790954198775,0,1790954290535.407,381.922,6.592,1790954290924.223,Normal,0.8806
rasp1,31195,20261002-151629_clu_vm14-vm24-rasp14-rasp24-rasp34_allfive_r2,346,perf_20261002-151629_clu_vm14-vm24-rasp14-rasp24-rasp34_allfive_r2,19,17,1790954198776,0,1790954290924.879,194.243,4.62,1790954291124.028,Normal,0.9375
rasp1,31195,20261002-151629_clu_vm14-vm24-rasp14-rasp24-rasp34_allfive_r2,358,perf_20261002-151629_clu_vm14-vm24-rasp14-rasp24-rasp34_allfive_r2,19,18,1790954198779,0,1790954291124.609,214.607,5.745,1790954291345.241,Normal,0.9483
rasp1,31195,20261002-151629_clu_vm14-vm24-rasp14-rasp24-rasp34_allfive_r2,391,perf_20261002-151629_clu_vm14-vm24-rasp14-rasp24-rasp34_allfive_r2,19,19,1790954198804,0,1790954291345.795,194.522,5.023,1790954291545.62,Normal,0.9375
rasp1,31195,20261002-151629_clu_vm14-vm24-rasp14-rasp24-rasp34_allfive_r2,403,perf_20261002-151629_clu_vm14-vm24-rasp14-rasp24-rasp34_allfive_r2,19,20,1790954198805,0,1790954291546.178,208.208,4.995,1790954291759.761,Normal,0.9309
rasp1,31195,20261002-151629_clu_vm14-vm24-rasp14-rasp24-rasp34_allfive_r2,422,perf_20261002-151629_clu_vm14-vm24-rasp14-rasp24-rasp34_allfive_r2,19,21,1790954198822,0,1790954291760.304,238.029,6.969,1790954292005.582,Normal,0.9527
rasp1,31195,20261002-151629_clu_vm14-vm24-rasp14-rasp24-rasp34_allfive_r2,424,perf_20261002-151629_clu_vm14-vm24-rasp14-rasp24-rasp34_allfive_r2,19,22,1790954198822,0,1790954292006.127,218.075,5.439,1790954292229.916,Normal,0.9695
rasp1,31195,20261002-151629_clu_vm14-vm24-rasp14-rasp24-rasp34_allfive_r2,431,perf_20261002-151629_clu_vm14-vm24-rasp14-rasp24-rasp34_allfive_r2,19,23,1790954198824,0,1790954292230.442,329.025,4.675,1790954292564.472,Normal,0.9759
rasp1,31195,20261002-151629_clu_vm14-vm24-rasp14-rasp24-rasp34_allfive_r2,440,perf_20261002-151629_clu_vm14-vm24-rasp14-rasp24-rasp34_allfive_r2,19,24,1790954198828,0,1790954292565.062,271.214,8.276,1790954292844.847,Normal,0.9599
rasp1,31195,20261002-151629_clu_vm14-vm24-rasp14-rasp24-rasp34_allfive_r2,461,perf_20261002-151629_clu_vm14-vm24-rasp14-rasp24-rasp34_allfive_r2,19,25,1790954198832,0,1790954292845.384,192.242,5.57,1790954293043.589,Normal,0.8636
rasp1,31195,20261002-151629_clu_vm14-vm24-rasp14-rasp24-rasp34_allfive_r2,486,perf_20261002-151629_clu_vm14-vm24-rasp14-rasp24-rasp34_allfive_r2,19,26,1790954198840,0,1790954293044.139,276.747,4.993,1790954293326.164,Normal,0.9601
rasp1,31195,20261002-151629_clu_vm14-vm24-rasp14-rasp24-rasp34_allfive_r2,487,perf_20261002-151629_clu_vm14-vm24-rasp14-rasp24-rasp34_allfive_r2,19,27,1790954198840,0,1790954293326.685,250.304,5.628,1790954293582.894,OFFENSIVE,0.5103
rasp1,31195,20261002-151629_clu_vm14-vm24-rasp14-rasp24-rasp34_allfive_r2,520,perf_20261002-151629_clu_vm14-vm24-rasp14-rasp24-rasp34_allfive_r2,19,28,1790954198847,0,1790954293583.417,246.44,5.666,1790954293835.807,Normal,0.9568
rasp1,31195,20261002-151629_clu_vm14-vm24-rasp14-rasp24-rasp34_allfive_r2,522,perf_20261002-151629_clu_vm14-vm24-rasp14-rasp24-rasp34_allfive_r2,19,29,1790954198848,0,1790954293836.335,268.602,5.881,1790954294111.096,Normal,0.963
rasp1,31195,20261002-151629_clu_vm14-vm24-rasp14-rasp24-rasp34_allfive_r2,540,perf_20261002-151629_clu_vm14-vm24-rasp14-rasp24-rasp34_allfive_r2,19,30,1790954198850,0,1790954294111.607,205.418,7.105,1790954294324.407,Normal,0.9606
rasp1,31195,20261002-151629_clu_vm14-vm24-rasp14-rasp24-rasp34_allfive_r2,543,perf_20261002-151629_clu_vm14-vm24-rasp14-rasp24-rasp34_allfive_r2,19,31,1790954198851,0,1790954294324.954,504.957,5.375,1790954294835.573,Normal,0.8165
rasp1,31195,20261002-151629_clu_vm14-vm24-rasp14-rasp24-rasp34_allfive_r2,573,perf_20261002-151629_clu_vm14-vm24-rasp14-rasp24-rasp34_allfive_r2,19,32,1790954198853,0,1790954294836.15,198.779,5.819,1790954295041.04,Normal,0.9494
rasp1,31195,20261002-151629_clu_vm14-vm24-rasp14-rasp24-rasp34_allfive_r2,575,perf_20261002-151629_clu_vm14-vm24-rasp14-rasp24-rasp34_allfive_r2,19,33,1790954198853,0,1790954295041.562,216.167,12.267,1790954295270.3,Normal,0.9695
rasp1,31195,20261002-151629_clu_vm14-vm24-rasp14-rasp24-rasp34_allfive_r2,582,perf_20261002-151629_clu_vm14-vm24-rasp14-rasp24-rasp34_allfive_r2,19,34,1790954198855,0,1790954295270.917,224.945,5.588,1790954295501.735,Normal,0.9474
rasp1,31195,20261002-151629_clu_vm14-vm24-rasp14-rasp24-rasp34_allfive_r2,592,perf_20261002-151629_clu_vm14-vm24-rasp14-rasp24-rasp34_allfive_r2,19,35,1790954198855,0,1790954295502.363,191.957,4.867,1790954295699.469,Normal,0.9494
rasp1,31195,20261002-151629_clu_vm14-vm24-rasp14-rasp24-rasp34_allfive_r2,610,perf_20261002-151629_clu_vm14-vm24-rasp14-rasp24-rasp34_allfive_r2,19,36,1790954198857,0,1790954295700.039,211.707,4.658,1790954295916.689,Normal,0.9107
rasp1,31195,20261002-151629_clu_vm14-vm24-rasp14-rasp24-rasp34_allfive_r2,660,perf_20261002-151629_clu_vm14-vm24-rasp14-rasp24-rasp34_allfive_r2,19,37,1790954198864,0,1790954295917.252,268.778,6.346,1790954296192.658,Normal,0.6213
rasp1,31195,20261002-151629_clu_vm14-vm24-rasp14-rasp24-rasp34_allfive_r2,663,perf_20261002-151629_clu_vm14-vm24-rasp14-rasp24-rasp34_allfive_r2,19,38,1790954198865,0,1790954296193.222,339.352,5.1,1790954296538.055,Normal,0.9672
rasp1,31195,20261002-151629_clu_vm14-vm24-rasp14-rasp24-rasp34_allfive_r2,667,perf_20261002-151629_clu_vm14-vm24-rasp14-rasp24-rasp34_allfive_r2,19,39,1790954198865,0,1790954296538.572,190.473,5.659,1790954296734.973,Normal,0.9423
rasp1,31195,20261002-151629_clu_vm14-vm24-rasp14-rasp24-rasp34_allfive_r2,699,perf_20261002-151629_clu_vm14-vm24-rasp14-rasp24-rasp34_allfive_r2,19,40,1790954198870,0,1790954296735.482,275.589,6.87,1790954297018.233,Normal,0.9202
rasp1,31195,20261002-151629_clu_vm14-vm24-rasp14-rasp24-rasp34_allfive_r2,712,perf_20261002-151629_clu_vm14-vm24-rasp14-rasp24-rasp34_allfive_r2,19,41,1790954198871,0,1790954297018.79,211.716,4.763,1790954297235.593,Normal,0.9728
rasp1,31195,20261002-151629_clu_vm14-vm24-rasp14-rasp24-rasp34_allfive_r2,736,perf_20261002-151629_clu_vm14-vm24-rasp14-rasp24-rasp34_allfive_r2,19,42,1790954198874,0,1790954297236.152,274.06,5.629,1790954297516.113,Normal,0.966
rasp1,31195,20261002-151629_clu_vm14-vm24-rasp14-rasp24-rasp34_allfive_r2,766,perf_20261002-151629_clu_vm14-vm24-rasp14-rasp24-rasp34_allfive_r2,19,43,1790954198877,0,1790954297516.635,258.826,5.623,1790954297781.396,Normal,0.9415
rasp1,31195,20261002-151629_clu_vm14-vm24-rasp14-rasp24-rasp34_allfive_r2,774,perf_20261002-151629_clu_vm14-vm24-rasp14-rasp24-rasp34_allfive_r2,19,44,1790954198878,0,1790954297781.968,210.01,4.975,1790954297997.221,Normal,0.9734
rasp1,31195,20261002-151629_clu_vm14-vm24-rasp14-rasp24-rasp34_allfive_r2,791,perf_20261002-151629_clu_vm14-vm24-rasp14-rasp24-rasp34_allfive_r2,19,45,1790954198879,0,1790954297997.772,511.571,4.743,1790954298514.369,Normal,0.9192
rasp1,31195,20261002-151629_clu_vm14-vm24-rasp14-rasp24-rasp34_allfive_r2,805,perf_20261002-151629_clu_vm14-vm24-rasp14-rasp24-rasp34_allfive_r2,19,46,1790954198880,0,1790954298514.918,393.433,5.719,1790954298914.349,Normal,0.9428
rasp1,31195,20261002-151629_clu_vm14-vm24-rasp14-rasp24-rasp34_allfive_r2,883,perf_20261002-151629_clu_vm14-vm24-rasp14-rasp24-rasp34_allfive_r2,19,47,1790954198905,0,1790954298914.905,189.571,5.326,1790954299110.108,Normal,0.9105
rasp1,31195,20261002-151629_clu_vm14-vm24-rasp14-rasp24-rasp34_allfive_r2,893,perf_20261002-151629_clu_vm14-vm24-rasp14-rasp24-rasp34_allfive_r2,19,48,1790954198906,0,1790954299110.624,209.652,5.713,1790954299326.26,Normal,0.9323
rasp1,31195,20261002-151629_clu_vm14-vm24-rasp14-rasp24-rasp34_allfive_r2,901,perf_20261002-151629_clu_vm14-vm24-rasp14-rasp24-rasp34_allfive_r2,19,49,1790954198906,0,1790954299326.81,246.577,6.302,1790954299579.963,Normal,0.974
rasp1,31195,20261002-151629_clu_vm14-vm24-rasp14-rasp24-rasp34_allfive_r2,903,perf_20261002-151629_clu_vm14-vm24-rasp14-rasp24-rasp34_allfive_r2,19,50,1790954198907,0,1790954299580.493,297.066,5.102,1790954299882.979,Normal,0.9632
rasp1,31195,20261002-151629_clu_vm14-vm24-rasp14-rasp24-rasp34_allfive_r2,940,perf_20261002-151629_clu_vm14-vm24-rasp14-rasp24-rasp34_allfive_r2,19,51,1790954198934,0,1790954299883.558,190.475,4.688,1790954300078.987,Normal,0.9375
rasp1,31195,20261002-151629_clu_vm14-vm24-rasp14-rasp24-rasp34_allfive_r2,1006,perf_20261002-151629_clu_vm14-vm24-rasp14-rasp24-rasp34_allfive_r2,19,52,1790954198968,0,1790954300079.514,233.536,6.08,1790954300319.406,Normal,0.9653
rasp1,31195,20261002-151629_clu_vm14-vm24-rasp14-rasp24-rasp34_allfive_r2,1008,perf_20261002-151629_clu_vm14-vm24-rasp14-rasp24-rasp34_allfive_r2,19,53,1790954198969,0,1790954300320.026,192.845,5.404,1790954300518.574,Normal,0.936
rasp1,31195,20261002-151629_clu_vm14-vm24-rasp14-rasp24-rasp34_allfive_r2,1017,perf_20261002-151629_clu_vm14-vm24-rasp14-rasp24-rasp34_allfive_r2,19,54,1790954198976,0,1790954300519.16,584.038,5.109,1790954301108.6,Normal,0.9781
rasp1,31195,20261002-151629_clu_vm14-vm24-rasp14-rasp24-rasp34_allfive_r2,1020,perf_20261002-151629_clu_vm14-vm24-rasp14-rasp24-rasp34_allfive_r2,19,55,1790954198976,0,1790954301109.181,257.051,6.433,1790954301372.956,Normal,0.8984
rasp1,31195,20261002-151629_clu_vm14-vm24-rasp14-rasp24-rasp34_allfive_r2,1027,perf_20261002-151629_clu_vm14-vm24-rasp14-rasp24-rasp34_allfive_r2,19,56,1790954198978,0,1790954301373.542,216.364,5.57,1790954301595.773,Normal,0.942
rasp1,31195,20261002-151629_clu_vm14-vm24-rasp14-rasp24-rasp34_allfive_r2,1033,perf_20261002-151629_clu_vm14-vm24-rasp14-rasp24-rasp34_allfive_r2,19,57,1790954198979,0,1790954301596.368,262.791,8.745,1790954301868.192,Normal,0.9584
rasp1,31195,20261002-151629_clu_vm14-vm24-rasp14-rasp24-rasp34_allfive_r2,1040,perf_20261002-151629_clu_vm14-vm24-rasp14-rasp24-rasp34_allfive_r2,19,58,1790954198980,0,1790954301868.75,217.348,6.148,1790954302096.173,Normal,0.971
rasp1,31195,20261002-151629_clu_vm14-vm24-rasp14-rasp24-rasp34_allfive_r2,1042,perf_20261002-151629_clu_vm14-vm24-rasp14-rasp24-rasp34_allfive_r2,19,59,1790954198986,0,1790954302096.738,241.835,5.664,1790954302344.566,Normal,0.9694
rasp1,31195,20261002-151629_clu_vm14-vm24-rasp14-rasp24-rasp34_allfive_r2,1053,perf_20261002-151629_clu_vm14-vm24-rasp14-rasp24-rasp34_allfive_r2,19,60,1790954198988,0,1790954302345.149,235.828,7.394,1790954302588.664,Normal,0.9517
rasp1,31195,20261002-151629_clu_vm14-vm24-rasp14-rasp24-rasp34_allfive_r2,1077,perf_20261002-151629_clu_vm14-vm24-rasp14-rasp24-rasp34_allfive_r2,19,61,1790954198998,0,1790954302589.251,258.201,6.151,1790954302853.925,Normal,0.8059
rasp1,31195,20261002-151629_clu_vm14-vm24-rasp14-rasp24-rasp34_allfive_r2,1100,perf_20261002-151629_clu_vm14-vm24-rasp14-rasp24-rasp34_allfive_r2,19,62,1790954199020,0,1790954302854.448,324.637,27.078,1790954303206.455,Normal,0.9779
rasp1,31195,20261002-151629_clu_vm14-vm24-rasp14-rasp24-rasp34_allfive_r2,1150,perf_20261002-151629_clu_vm14-vm24-rasp14-rasp24-rasp34_allfive_r2,19,63,1790954199076,0,1790954303207.463,405.389,5.451,1790954303618.596,Normal,0.9655
rasp1,31195,20261002-151629_clu_vm14-vm24-rasp14-rasp24-rasp34_allfive_r2,1179,perf_20261002-151629_clu_vm14-vm24-rasp14-rasp24-rasp34_allfive_r2,19,64,1790954199087,0,1790954303619.163,1336.576,5.914,1790954304961.96,Normal,0.979
rasp1,31195,20261002-151629_clu_vm14-vm24-rasp14-rasp24-rasp34_allfive_r2,1218,perf_20261002-151629_clu_vm14-vm24-rasp14-rasp24-rasp34_allfive_r2,19,65,1790954199110,0,1790954304962.494,283.024,5.371,1790954305251.238,Normal,0.7388
rasp1,31195,20261002-151629_clu_vm14-vm24-rasp14-rasp24-rasp34_allfive_r2,1261,perf_20261002-151629_clu_vm14-vm24-rasp14-rasp24-rasp34_allfive_r2,19,66,1790954199118,0,1790954305251.873,268.545,7.289,1790954305528.05,Normal,0.8683
rasp1,31195,20261002-151629_clu_vm14-vm24-rasp14-rasp24-rasp34_allfive_r2,1268,perf_20261002-151629_clu_vm14-vm24-rasp14-rasp24-rasp34_allfive_r2,19,67,1790954199120,0,1790954305528.684,233.628,5.512,1790954305768.161,Normal,0.8931
rasp1,31195,20261002-151629_clu_vm14-vm24-rasp14-rasp24-rasp34_allfive_r2,1273,perf_20261002-151629_clu_vm14-vm24-rasp14-rasp24-rasp34_allfive_r2,19,68,1790954199121,0,1790954305768.786,213.967,5.737,1790954305988.799,Normal,0.9441
rasp1,31195,20261002-151629_clu_vm14-vm24-rasp14-rasp24-rasp34_allfive_r2,1301,perf_20261002-151629_clu_vm14-vm24-rasp14-rasp24-rasp34_allfive_r2,19,69,1790954199138,0,1790954305989.379,211.667,5.755,1790954306207.089,Normal,0.943
rasp1,31195,20261002-151629_clu_vm14-vm24-rasp14-rasp24-rasp34_allfive_r2,1329,perf_20261002-151629_clu_vm14-vm24-rasp14-rasp24-rasp34_allfive_r2,19,70,1790954199149,0,1790954306207.64,366.131,5.836,1790954306579.911,Normal,0.9524
rasp1,31195,20261002-151629_clu_vm14-vm24-rasp14-rasp24-rasp34_allfive_r2,1331,perf_20261002-151629_clu_vm14-vm24-rasp14-rasp24-rasp34_allfive_r2,19,71,1790954199149,0,1790954306580.531,294.895,5.624,1790954306881.38,Normal,0.9722
rasp1,31195,20261002-151629_clu_vm14-vm24-rasp14-rasp24-rasp34_allfive_r2,1338,perf_20261002-151629_clu_vm14-vm24-rasp14-rasp24-rasp34_allfive_r2,19,72,1790954199151,0,1790954306882.003,210.657,6.016,1790954307099.045,Normal,0.9449
rasp1,31195,20261002-151629_clu_vm14-vm24-rasp14-rasp24-rasp34_allfive_r2,1343,perf_20261002-151629_clu_vm14-vm24-rasp14-rasp24-rasp34_allfive_r2,19,73,1790954199152,0,1790954307099.569,346.885,6.413,1790954307453.203,Normal,0.9445
rasp1,31195,20261002-151629_clu_vm14-vm24-rasp14-rasp24-rasp34_allfive_r2,1378,perf_20261002-151629_clu_vm14-vm24-rasp14-rasp24-rasp34_allfive_r2,19,74,1790954199198,0,1790954307453.803,301.136,6.923,1790954307762.179,Normal,0.9083
rasp1,31195,20261002-151629_clu_vm14-vm24-rasp14-rasp24-rasp34_allfive_r2,1423,perf_20261002-151629_clu_vm14-vm24-rasp14-rasp24-rasp34_allfive_r2,19,75,1790954199240,0,1790954307762.825,263.813,6.447,1790954308033.616,Normal,0.9611
rasp1,31195,20261002-151629_clu_vm14-vm24-rasp14-rasp24-rasp34_allfive_r2,1466,perf_20261002-151629_clu_vm14-vm24-rasp14-rasp24-rasp34_allfive_r2,19,76,1790954199269,0,1790954308034.861,463.561,5.368,1790954308504.137,Normal,0.9461
rasp1,31195,20261002-151629_clu_vm14-vm24-rasp14-rasp24-rasp34_allfive_r2,1482,perf_20261002-151629_clu_vm14-vm24-rasp14-rasp24-rasp34_allfive_r2,19,77,1790954199275,0,1790954308504.674,206.873,5.923,1790954308717.81,Normal,0.9556
rasp1,31195,20261002-151629_clu_vm14-vm24-rasp14-rasp24-rasp34_allfive_r2,1486,perf_20261002-151629_clu_vm14-vm24-rasp14-rasp24-rasp34_allfive_r2,19,78,1790954199276,0,1790954308718.346,285.667,5.576,1790954309009.878,Normal,0.9623
rasp1,31195,20261002-151629_clu_vm14-vm24-rasp14-rasp24-rasp34_allfive_r2,1501,perf_20261002-151629_clu_vm14-vm24-rasp14-rasp24-rasp34_allfive_r2,19,79,1790954199279,0,1790954309010.408,362.588,5.092,1790954309378.373,Normal,0.9758
rasp1,31195,20261002-151629_clu_vm14-vm24-rasp14-rasp24-rasp34_allfive_r2,1510,perf_20261002-151629_clu_vm14-vm24-rasp14-rasp24-rasp34_allfive_r2,19,80,1790954199280,0,1790954309378.94,216.288,4.994,1790954309600.509,Normal,0.9716
rasp1,31195,20261002-151629_clu_vm14-vm24-rasp14-rasp24-rasp34_allfive_r2,1528,perf_20261002-151629_clu_vm14-vm24-rasp14-rasp24-rasp34_allfive_r2,19,81,1790954199284,0,1790954309601.083,195.709,4.93,1790954309802.013,Normal,0.9173
rasp1,31195,20261002-151629_clu_vm14-vm24-rasp14-rasp24-rasp34_allfive_r2,1530,perf_20261002-151629_clu_vm14-vm24-rasp14-rasp24-rasp34_allfive_r2,19,82,1790954199284,0,1790954309802.554,330.508,6.03,1790954310139.377,Normal,0.9335
rasp1,31195,20261002-151629_clu_vm14-vm24-rasp14-rasp24-rasp34_allfive_r2,1565,perf_20261002-151629_clu_vm14-vm24-rasp14-rasp24-rasp34_allfive_r2,19,83,1790954199291,0,1790954310139.932,191.969,4.832,1790954310337.014,Normal,0.9176
rasp1,31195,20261002-151629_clu_vm14-vm24-rasp14-rasp24-rasp34_allfive_r2,1580,perf_20261002-151629_clu_vm14-vm24-rasp14-rasp24-rasp34_allfive_r2,19,84,1790954199292,0,1790954310337.601,216.78,5.318,1790954310559.979,Normal,0.9728
rasp1,31195,20261002-151629_clu_vm14-vm24-rasp14-rasp24-rasp34_allfive_r2,1586,perf_20261002-151629_clu_vm14-vm24-rasp14-rasp24-rasp34_allfive_r2,19,85,1790954199293,0,1790954310560.508,222.464,6.33,1790954310789.645,Normal,0.9401
rasp1,31195,20261002-151629_clu_vm14-vm24-rasp14-rasp24-rasp34_allfive_r2,1643,perf_20261002-151629_clu_vm14-vm24-rasp14-rasp24-rasp34_allfive_r2,19,86,1790954199301,0,1790954310790.291,354.272,5.129,1790954311150.017,Normal,0.9443
rasp1,31195,20261002-151629_clu_vm14-vm24-rasp14-rasp24-rasp34_allfive_r2,1652,perf_20261002-151629_clu_vm14-vm24-rasp14-rasp24-rasp34_allfive_r2,19,87,1790954199302,0,1790954311150.556,206.426,5.008,1790954311362.289,Normal,0.9662
rasp1,31195,20261002-151629_clu_vm14-vm24-rasp14-rasp24-rasp34_allfive_r2,1656,perf_20261002-151629_clu_vm14-vm24-rasp14-rasp24-rasp34_allfive_r2,19,88,1790954199302,0,1790954311362.924,204.853,6.281,1790954311574.346,Normal,0.9551
rasp1,31195,20261002-151629_clu_vm14-vm24-rasp14-rasp24-rasp34_allfive_r2,1661,perf_20261002-151629_clu_vm14-vm24-rasp14-rasp24-rasp34_allfive_r2,19,89,1790954199304,0,1790954311574.905,992.155,5.797,1790954312577.431,Normal,0.9774
rasp1,31195,20261002-151629_clu_vm14-vm24-rasp14-rasp24-rasp34_allfive_r2,1672,perf_20261002-151629_clu_vm14-vm24-rasp14-rasp24-rasp34_allfive_r2,19,90,1790954199306,0,1790954312578.029,206.602,7.232,1790954312792.186,Normal,0.9432
rasp1,31195,20261002-151629_clu_vm14-vm24-rasp14-rasp24-rasp34_allfive_r2,1676,perf_20261002-151629_clu_vm14-vm24-rasp14-rasp24-rasp34_allfive_r2,19,91,1790954199307,0,1790954312792.85,258.661,5.101,1790954313056.941,Normal,0.9771
rasp1,31195,20261002-151629_clu_vm14-vm24-rasp14-rasp24-rasp34_allfive_r2,1677,perf_20261002-151629_clu_vm14-vm24-rasp14-rasp24-rasp34_allfive_r2,19,92,1790954199307,0,1790954313057.458,235.454,7.796,1790954313300.989,Normal,0.8616
rasp1,31195,20261002-151629_clu_vm14-vm24-rasp14-rasp24-rasp34_allfive_r2,1678,perf_20261002-151629_clu_vm14-vm24-rasp14-rasp24-rasp34_allfive_r2,19,93,1790954199308,0,1790954313301.51,213.439,6.258,1790954313521.49,Normal,0.9599
rasp1,31195,20261002-151629_clu_vm14-vm24-rasp14-rasp24-rasp34_allfive_r2,1708,perf_20261002-151629_clu_vm14-vm24-rasp14-rasp24-rasp34_allfive_r2,19,94,1790954199312,0,1790954313522.052,300.611,4.826,1790954313827.824,Normal,0.9101
rasp1,31195,20261002-151629_clu_vm14-vm24-rasp14-rasp24-rasp34_allfive_r2,1714,perf_20261002-151629_clu_vm14-vm24-rasp14-rasp24-rasp34_allfive_r2,19,95,1790954199312,0,1790954313828.343,191.603,5.06,1790954314025.283,Normal,0.9423
rasp1,31195,20261002-151629_clu_vm14-vm24-rasp14-rasp24-rasp34_allfive_r2,1724,perf_20261002-151629_clu_vm14-vm24-rasp14-rasp24-rasp34_allfive_r2,19,96,1790954199313,0,1790954314025.837,204.341,4.572,1790954314235.035,Normal,0.9396
rasp1,31195,20261002-151629_clu_vm14-vm24-rasp14-rasp24-rasp34_allfive_r2,1735,perf_20261002-151629_clu_vm14-vm24-rasp14-rasp24-rasp34_allfive_r2,19,97,1790954199319,0,1790954314235.56,314.853,5.187,1790954314555.885,Normal,0.9086
rasp1,31195,20261002-151629_clu_vm14-vm24-rasp14-rasp24-rasp34_allfive_r2,1740,perf_20261002-151629_clu_vm14-vm24-rasp14-rasp24-rasp34_allfive_r2,19,98,1790954199319,0,1790954314556.395,509.942,5.622,1790954315072.249,Normal,0.9559
rasp1,31195,20261002-151629_clu_vm14-vm24-rasp14-rasp24-rasp34_allfive_r2,1741,perf_20261002-151629_clu_vm14-vm24-rasp14-rasp24-rasp34_allfive_r2,19,99,1790954199319,0,1790954315072.795,208.113,5.248,1790954315286.433,Normal,0.9116
rasp1,31195,20261002-151629_clu_vm14-vm24-rasp14-rasp24-rasp34_allfive_r2,1753,perf_20261002-151629_clu_vm14-vm24-rasp14-rasp24-rasp34_allfive_r2,19,100,1790954199320,0,1790954315286.989,267.547,5.133,1790954315560.018,Normal,0.85
rasp1,31195,20261002-151629_clu_vm14-vm24-rasp14-rasp24-rasp34_allfive_r2,1763,perf_20261002-151629_clu_vm14-vm24-rasp14-rasp24-rasp34_allfive_r2,19,101,1790954199321,0,1790954315560.57,243.498,5.546,1790954315809.894,Normal,0.9664
rasp1,31195,20261002-151629_clu_vm14-vm24-rasp14-rasp24-rasp34_allfive_r2,1773,perf_20261002-151629_clu_vm14-vm24-rasp14-rasp24-rasp34_allfive_r2,19,102,1790954199322,0,1790954315810.405,298.652,5.497,1790954316114.836,Normal,0.6974
rasp1,31195,20261002-151629_clu_vm14-vm24-rasp14-rasp24-rasp34_allfive_r2,1825,perf_20261002-151629_clu_vm14-vm24-rasp14-rasp24-rasp34_allfive_r2,19,103,1790954199328,0,1790954316115.37,215.61,17.388,1790954316348.663,Normal,0.9473
rasp1,31195,20261002-151629_clu_vm14-vm24-rasp14-rasp24-rasp34_allfive_r2,1832,perf_20261002-151629_clu_vm14-vm24-rasp14-rasp24-rasp34_allfive_r2,19,104,1790954199328,0,1790954316349.255,630.736,4.955,1790954316985.257,Normal,0.9606
rasp1,31195,20261002-151629_clu_vm14-vm24-rasp14-rasp24-rasp34_allfive_r2,1906,perf_20261002-151629_clu_vm14-vm24-rasp14-rasp24-rasp34_allfive_r2,19,105,1790954199336,0,1790954316985.837,217.192,4.982,1790954317208.296,Normal,0.9445
rasp1,31195,20261002-151629_clu_vm14-vm24-rasp14-rasp24-rasp34_allfive_r2,1930,perf_20261002-151629_clu_vm14-vm24-rasp14-rasp24-rasp34_allfive_r2,19,106,1790954199338,0,1790954317208.918,299.576,5.109,1790954317513.934,Normal,0.8651
rasp1,31195,20261002-151629_clu_vm14-vm24-rasp14-rasp24-rasp34_allfive_r2,1931,perf_20261002-151629_clu_vm14-vm24-rasp14-rasp24-rasp34_allfive_r2,19,107,1790954199338,0,1790954317514.468,210.634,5.892,1790954317735.862,Normal,0.8996
rasp1,31195,20261002-151629_clu_vm14-vm24-rasp14-rasp24-rasp34_allfive_r2,1951,perf_20261002-151629_clu_vm14-vm24-rasp14-rasp24-rasp34_allfive_r2,19,108,1790954199340,0,1790954317736.404,216.873,6.711,1790954317960.378,Normal,0.965
rasp1,31195,20261002-151629_clu_vm14-vm24-rasp14-rasp24-rasp34_allfive_r2,1976,perf_20261002-151629_clu_vm14-vm24-rasp14-rasp24-rasp34_allfive_r2,19,109,1790954199346,0,1790954317960.968,209.336,5.849,1790954318176.546,Normal,0.944
rasp1,31195,20261002-151629_clu_vm14-vm24-rasp14-rasp24-rasp34_allfive_r2,1985,perf_20261002-151629_clu_vm14-vm24-rasp14-rasp24-rasp34_allfive_r2,19,110,1790954199347,0,1790954318177.12,217.24,5.149,1790954318399.801,Normal,0.9646
rasp1,31195,20261002-151629_clu_vm14-vm24-rasp14-rasp24-rasp34_allfive_r2,1990,perf_20261002-151629_clu_vm14-vm24-rasp14-rasp24-rasp34_allfive_r2,19,111,1790954199347,0,1790954318400.35,212.415,5.405,1790954318618.454,Normal,0.964
rasp1,31195,20261002-151629_clu_vm14-vm24-rasp14-rasp24-rasp34_allfive_r2,1997,perf_20261002-151629_clu_vm14-vm24-rasp14-rasp24-rasp34_allfive_r2,19,112,1790954199348,0,1790954318619.013,259.846,5.519,1790954318884.66,Normal,0.9289
rasp1,31195,20261002-151629_clu_vm14-vm24-rasp14-rasp24-rasp34_allfive_r2,2067,perf_20261002-151629_clu_vm14-vm24-rasp14-rasp24-rasp34_allfive_r2,19,113,1790954199359,0,1790954318885.255,236.187,5.223,1790954319127.0,Normal,0.9079
rasp1,31195,20261002-151629_clu_vm14-vm24-rasp14-rasp24-rasp34_allfive_r2,2072,perf_20261002-151629_clu_vm14-vm24-rasp14-rasp24-rasp34_allfive_r2,19,114,1790954199360,0,1790954319127.519,195.831,5.574,1790954319329.213,Normal,0.9335
rasp1,31195,20261002-151629_clu_vm14-vm24-rasp14-rasp24-rasp34_allfive_r2,2074,perf_20261002-151629_clu_vm14-vm24-rasp14-rasp24-rasp34_allfive_r2,19,115,1790954199360,0,1790954319329.788,206.525,5.437,1790954319542.083,Normal,0.9608
rasp1,31195,20261002-151629_clu_vm14-vm24-rasp14-rasp24-rasp34_allfive_r2,2079,perf_20261002-151629_clu_vm14-vm24-rasp14-rasp24-rasp34_allfive_r2,19,116,1790954199360,0,1790954319542.612,222.989,5.943,1790954319771.873,Normal,0.9502
rasp1,31195,20261002-151629_clu_vm14-vm24-rasp14-rasp24-rasp34_allfive_r2,2098,perf_20261002-151629_clu_vm14-vm24-rasp14-rasp24-rasp34_allfive_r2,19,117,1790954199364,0,1790954319772.469,436.571,6.974,1790954320216.303,HATE,0.5104
rasp1,31195,20261002-151629_clu_vm14-vm24-rasp14-rasp24-rasp34_allfive_r2,2099,perf_20261002-151629_clu_vm14-vm24-rasp14-rasp24-rasp34_allfive_r2,19,118,1790954199364,0,1790954320216.858,211.994,5.125,1790954320434.254,Normal,0.8308
rasp1,31195,20261002-151629_clu_vm14-vm24-rasp14-rasp24-rasp34_allfive_r2,2148,perf_20261002-151629_clu_vm14-vm24-rasp14-rasp24-rasp34_allfive_r2,19,119,1790954199368,0,1790954320434.81,212.289,5.265,1790954320652.647,Normal,0.9647
rasp1,31195,20261002-151629_clu_vm14-vm24-rasp14-rasp24-rasp34_allfive_r2,2165,perf_20261002-151629_clu_vm14-vm24-rasp14-rasp24-rasp34_allfive_r2,19,120,1790954199371,0,1790954320653.269,338.401,6.813,1790954320998.813,Normal,0.9186
rasp1,31195,20261002-151629_clu_vm14-vm24-rasp14-rasp24-rasp34_allfive_r2,2173,perf_20261002-151629_clu_vm14-vm24-rasp14-rasp24-rasp34_allfive_r2,19,121,1790954199371,0,1790954320999.33,268.088,5.842,1790954321273.573,Normal,0.9298
rasp1,31195,20261002-151629_clu_vm14-vm24-rasp14-rasp24-rasp34_allfive_r2,2194,perf_20261002-151629_clu_vm14-vm24-rasp14-rasp24-rasp34_allfive_r2,19,122,1790954199373,0,1790954321274.131,248.452,5.207,1790954321528.113,Normal,0.9747
rasp1,31195,20261002-151629_clu_vm14-vm24-rasp14-rasp24-rasp34_allfive_r2,2204,perf_20261002-151629_clu_vm14-vm24-rasp14-rasp24-rasp34_allfive_r2,19,123,1790954199374,0,1790954321528.641,472.576,6.011,1790954322007.531,Normal,0.9388
rasp1,31195,20261002-151629_clu_vm14-vm24-rasp14-rasp24-rasp34_allfive_r2,2209,perf_20261002-151629_clu_vm14-vm24-rasp14-rasp24-rasp34_allfive_r2,19,124,1790954199375,0,1790954322008.159,232.167,5.84,1790954322246.45,Normal,0.9298
rasp1,31195,20261002-151629_clu_vm14-vm24-rasp14-rasp24-rasp34_allfive_r2,2234,perf_20261002-151629_clu_vm14-vm24-rasp14-rasp24-rasp34_allfive_r2,19,125,1790954199377,0,1790954322247.004,326.582,4.998,1790954322578.909,Normal,0.9651
rasp1,31195,20261002-151629_clu_vm14-vm24-rasp14-rasp24-rasp34_allfive_r2,2245,perf_20261002-151629_clu_vm14-vm24-rasp14-rasp24-rasp34_allfive_r2,19,126,1790954199378,0,1790954322579.441,231.681,17.613,1790954322829.113,Normal,0.932
rasp1,31195,20261002-151629_clu_vm14-vm24-rasp14-rasp24-rasp34_allfive_r2,2254,perf_20261002-151629_clu_vm14-vm24-rasp14-rasp24-rasp34_allfive_r2,19,127,1790954199379,0,1790954322829.675,250.415,6.102,1790954323086.479,Normal,0.9601
rasp1,31195,20261002-151629_clu_vm14-vm24-rasp14-rasp24-rasp34_allfive_r2,2255,perf_20261002-151629_clu_vm14-vm24-rasp14-rasp24-rasp34_allfive_r2,19,128,1790954199379,0,1790954323087.045,311.784,5.97,1790954323405.091,Normal,0.9404
rasp1,31195,20261002-151629_clu_vm14-vm24-rasp14-rasp24-rasp34_allfive_r2,2273,perf_20261002-151629_clu_vm14-vm24-rasp14-rasp24-rasp34_allfive_r2,19,129,1790954199381,0,1790954323405.629,211.954,5.517,1790954323623.423,Normal,0.8862
rasp1,31195,20261002-151629_clu_vm14-vm24-rasp14-rasp24-rasp34_allfive_r2,2278,perf_20261002-151629_clu_vm14-vm24-rasp14-rasp24-rasp34_allfive_r2,19,130,1790954199381,0,1790954323623.978,270.777,4.705,1790954323899.747,Normal,0.9637
rasp1,31195,20261002-151629_clu_vm14-vm24-rasp14-rasp24-rasp34_allfive_r2,2289,perf_20261002-151629_clu_vm14-vm24-rasp14-rasp24-rasp34_allfive_r2,19,131,1790954199382,0,1790954323900.268,277.939,5.98,1790954324184.475,Normal,0.9455
rasp1,31195,20261002-151629_clu_vm14-vm24-rasp14-rasp24-rasp34_allfive_r2,2298,perf_20261002-151629_clu_vm14-vm24-rasp14-rasp24-rasp34_allfive_r2,19,132,1790954199383,0,1790954324185.039,261.047,5.916,1790954324452.29,Normal,0.9327
rasp1,31195,20261002-151629_clu_vm14-vm24-rasp14-rasp24-rasp34_allfive_r2,2327,perf_20261002-151629_clu_vm14-vm24-rasp14-rasp24-rasp34_allfive_r2,19,133,1790954199385,0,1790954324452.855,260.323,6.762,1790954324720.283,Normal,0.9515
rasp1,31195,20261002-151629_clu_vm14-vm24-rasp14-rasp24-rasp34_allfive_r2,2351,perf_20261002-151629_clu_vm14-vm24-rasp14-rasp24-rasp34_allfive_r2,19,134,1790954199388,0,1790954324720.864,264.228,5.302,1790954324990.673,Normal,0.8729
rasp1,31195,20261002-151629_clu_vm14-vm24-rasp14-rasp24-rasp34_allfive_r2,2366,perf_20261002-151629_clu_vm14-vm24-rasp14-rasp24-rasp34_allfive_r2,19,135,1790954199389,0,1790954324991.248,278.911,6.495,1790954325277.288,Normal,0.9408
rasp1,31195,20261002-151629_clu_vm14-vm24-rasp14-rasp24-rasp34_allfive_r2,2367,perf_20261002-151629_clu_vm14-vm24-rasp14-rasp24-rasp34_allfive_r2,19,136,1790954199389,0,1790954325277.848,193.136,5.749,1790954325477.01,Normal,0.8975
rasp1,31195,20261002-151629_clu_vm14-vm24-rasp14-rasp24-rasp34_allfive_r2,2371,perf_20261002-151629_clu_vm14-vm24-rasp14-rasp24-rasp34_allfive_r2,19,137,1790954199389,0,1790954325477.538,193.36,6.012,1790954325677.177,Normal,0.9447
rasp1,31195,20261002-151629_clu_vm14-vm24-rasp14-rasp24-rasp34_allfive_r2,2381,perf_20261002-151629_clu_vm14-vm24-rasp14-rasp24-rasp34_allfive_r2,19,138,1790954199390,0,1790954325677.693,215.622,4.727,1790954325898.345,Normal,0.9409
rasp1,31195,20261002-151629_clu_vm14-vm24-rasp14-rasp24-rasp34_allfive_r2,2412,perf_20261002-151629_clu_vm14-vm24-rasp14-rasp24-rasp34_allfive_r2,19,139,1790954199395,0,1790954325898.906,343.886,7.869,1790954326250.953,Normal,0.9735
rasp1,31195,20261002-151629_clu_vm14-vm24-rasp14-rasp24-rasp34_allfive_r2,2426,perf_20261002-151629_clu_vm14-vm24-rasp14-rasp24-rasp34_allfive_r2,19,140,1790954199396,0,1790954326251.506,252.113,6.656,1790954326510.6,HATE,0.4822
rasp1,31195,20261002-151629_clu_vm14-vm24-rasp14-rasp24-rasp34_allfive_r2,2439,perf_20261002-151629_clu_vm14-vm24-rasp14-rasp24-rasp34_allfive_r2,19,141,1790954199397,0,1790954326511.205,456.094,6.633,1790954326974.218,Normal,0.9059
rasp1,31195,20261002-151629_clu_vm14-vm24-rasp14-rasp24-rasp34_allfive_r2,2470,perf_20261002-151629_clu_vm14-vm24-rasp14-rasp24-rasp34_allfive_r2,19,142,1790954199405,0,1790954326974.803,205.796,6.008,1790954327187.016,Normal,0.391
rasp1,31195,20261002-151629_clu_vm14-vm24-rasp14-rasp24-rasp34_allfive_r2,2477,perf_20261002-151629_clu_vm14-vm24-rasp14-rasp24-rasp34_allfive_r2,19,143,1790954199406,0,1790954327187.549,213.197,6.457,1790954327407.492,Normal,0.9634
rasp1,31195,20261002-151629_clu_vm14-vm24-rasp14-rasp24-rasp34_allfive_r2,2478,perf_20261002-151629_clu_vm14-vm24-rasp14-rasp24-rasp34_allfive_r2,19,144,1790954199406,0,1790954327408.062,196.283,5.773,1790954327610.401,Normal,0.9423
rasp1,31195,20261002-151629_clu_vm14-vm24-rasp14-rasp24-rasp34_allfive_r2,2495,perf_20261002-151629_clu_vm14-vm24-rasp14-rasp24-rasp34_allfive_r2,19,145,1790954199407,0,1790954327610.965,216.893,5.903,1790954327839.176,Normal,0.9431
rasp1,31195,20261002-151629_clu_vm14-vm24-rasp14-rasp24-rasp34_allfive_r2,2552,perf_20261002-151629_clu_vm14-vm24-rasp14-rasp24-rasp34_allfive_r2,19,146,1790954199413,0,1790954327839.756,313.487,5.828,1790954328159.357,Normal,0.9552
rasp1,31195,20261002-151629_clu_vm14-vm24-rasp14-rasp24-rasp34_allfive_r2,2589,perf_20261002-151629_clu_vm14-vm24-rasp14-rasp24-rasp34_allfive_r2,19,147,1790954199420,0,1790954328159.91,441.269,5.436,1790954328606.914,Normal,0.9773
rasp1,31195,20261002-151629_clu_vm14-vm24-rasp14-rasp24-rasp34_allfive_r2,2635,perf_20261002-151629_clu_vm14-vm24-rasp14-rasp24-rasp34_allfive_r2,19,148,1790954199426,0,1790954328607.461,207.164,9.793,1790954328824.735,Normal,0.955
rasp1,31195,20261002-151629_clu_vm14-vm24-rasp14-rasp24-rasp34_allfive_r2,2654,perf_20261002-151629_clu_vm14-vm24-rasp14-rasp24-rasp34_allfive_r2,19,149,1790954199428,0,1790954328825.302,558.51,5.18,1790954329389.283,Normal,0.7837
rasp1,31195,20261002-151629_clu_vm14-vm24-rasp14-rasp24-rasp34_allfive_r2,2674,perf_20261002-151629_clu_vm14-vm24-rasp14-rasp24-rasp34_allfive_r2,19,150,1790954199437,0,1790954329389.855,260.665,5.615,1790954329656.474,Normal,0.9625
rasp1,31195,20261002-151629_clu_vm14-vm24-rasp14-rasp24-rasp34_allfive_r2,2686,perf_20261002-151629_clu_vm14-vm24-rasp14-rasp24-rasp34_allfive_r2,19,151,1790954199439,0,1790954329657.052,238.806,5.542,1790954329901.684,Normal,0.9484
rasp1,31195,20261002-151629_clu_vm14-vm24-rasp14-rasp24-rasp34_allfive_r2,2687,perf_20261002-151629_clu_vm14-vm24-rasp14-rasp24-rasp34_allfive_r2,19,152,1790954199439,0,1790954329902.246,410.33,5.892,1790954330318.797,Normal,0.9548
rasp1,31195,20261002-151629_clu_vm14-vm24-rasp14-rasp24-rasp34_allfive_r2,2704,perf_20261002-151629_clu_vm14-vm24-rasp14-rasp24-rasp34_allfive_r2,19,153,1790954199440,0,1790954330319.318,209.937,7.937,1790954330537.494,Normal,0.9434
rasp1,31195,20261002-151629_clu_vm14-vm24-rasp14-rasp24-rasp34_allfive_r2,2725,perf_20261002-151629_clu_vm14-vm24-rasp14-rasp24-rasp34_allfive_r2,19,154,1790954199442,0,1790954330538.168,727.493,9.178,1790954331275.207,Normal,0.9761
rasp1,31195,20261002-151629_clu_vm14-vm24-rasp14-rasp24-rasp34_allfive_r2,2738,perf_20261002-151629_clu_vm14-vm24-rasp14-rasp24-rasp34_allfive_r2,19,155,1790954199446,0,1790954331275.827,258.42,4.821,1790954331539.363,Normal,0.9519
rasp1,31195,20261002-151629_clu_vm14-vm24-rasp14-rasp24-rasp34_allfive_r2,2745,perf_20261002-151629_clu_vm14-vm24-rasp14-rasp24-rasp34_allfive_r2,19,156,1790954199446,0,1790954331539.949,268.188,5.004,1790954331813.43,Normal,0.9666
rasp1,31195,20261002-151629_clu_vm14-vm24-rasp14-rasp24-rasp34_allfive_r2,2753,perf_20261002-151629_clu_vm14-vm24-rasp14-rasp24-rasp34_allfive_r2,19,157,1790954199447,0,1790954331813.997,219.487,5.881,1790954332039.694,Normal,0.9518
rasp1,31195,20261002-151629_clu_vm14-vm24-rasp14-rasp24-rasp34_allfive_r2,2756,perf_20261002-151629_clu_vm14-vm24-rasp14-rasp24-rasp34_allfive_r2,19,158,1790954199447,0,1790954332040.273,282.839,4.877,1790954332328.293,Normal,0.9606
rasp1,31195,20261002-151629_clu_vm14-vm24-rasp14-rasp24-rasp34_allfive_r2,2767,perf_20261002-151629_clu_vm14-vm24-rasp14-rasp24-rasp34_allfive_r2,19,159,1790954199448,0,1790954332328.93,213.687,11.461,1790954332554.413,Normal,0.9468
rasp1,31195,20261002-151629_clu_vm14-vm24-rasp14-rasp24-rasp34_allfive_r2,2768,perf_20261002-151629_clu_vm14-vm24-rasp14-rasp24-rasp34_allfive_r2,19,160,1790954199448,0,1790954332554.986,217.114,5.76,1790954332778.145,Normal,0.9514
rasp1,31195,20261002-151629_clu_vm14-vm24-rasp14-rasp24-rasp34_allfive_r2,2834,perf_20261002-151629_clu_vm14-vm24-rasp14-rasp24-rasp34_allfive_r2,19,161,1790954199483,0,1790954332778.685,307.36,6.111,1790954333092.479,Normal,0.9774
rasp1,31195,20261002-151629_clu_vm14-vm24-rasp14-rasp24-rasp34_allfive_r2,2841,perf_20261002-151629_clu_vm14-vm24-rasp14-rasp24-rasp34_allfive_r2,19,162,1790954199484,0,1790954333093.038,241.114,14.135,1790954333348.576,Normal,0.9785
rasp1,31195,20261002-151629_clu_vm14-vm24-rasp14-rasp24-rasp34_allfive_r2,2863,perf_20261002-151629_clu_vm14-vm24-rasp14-rasp24-rasp34_allfive_r2,19,163,1790954199486,0,1790954333349.146,257.0,6.55,1790954333612.983,Normal,0.9375
rasp1,31195,20261002-151629_clu_vm14-vm24-rasp14-rasp24-rasp34_allfive_r2,2882,perf_20261002-151629_clu_vm14-vm24-rasp14-rasp24-rasp34_allfive_r2,19,164,1790954199488,0,1790954333613.514,262.075,9.095,1790954333885.073,Normal,0.9768
rasp1,31195,20261002-151629_clu_vm14-vm24-rasp14-rasp24-rasp34_allfive_r2,2925,perf_20261002-151629_clu_vm14-vm24-rasp14-rasp24-rasp34_allfive_r2,19,165,1790954199533,0,1790954333885.598,215.904,6.257,1790954334108.092,Normal,0.8554
rasp1,31195,20261002-151629_clu_vm14-vm24-rasp14-rasp24-rasp34_allfive_r2,2947,perf_20261002-151629_clu_vm14-vm24-rasp14-rasp24-rasp34_allfive_r2,19,166,1790954199547,0,1790954334108.617,211.003,5.629,1790954334325.576,Normal,0.9228
rasp1,31195,20261002-151629_clu_vm14-vm24-rasp14-rasp24-rasp34_allfive_r2,2951,perf_20261002-151629_clu_vm14-vm24-rasp14-rasp24-rasp34_allfive_r2,19,167,1790954199548,0,1790954334326.149,378.085,5.196,1790954334709.733,Normal,0.9093
rasp1,31195,20261002-151629_clu_vm14-vm24-rasp14-rasp24-rasp34_allfive_r2,2964,perf_20261002-151629_clu_vm14-vm24-rasp14-rasp24-rasp34_allfive_r2,19,168,1790954199558,0,1790954334710.319,219.083,5.308,1790954334934.997,Normal,0.9049
rasp1,31195,20261002-151629_clu_vm14-vm24-rasp14-rasp24-rasp34_allfive_r2,2973,perf_20261002-151629_clu_vm14-vm24-rasp14-rasp24-rasp34_allfive_r2,19,169,1790954199566,0,1790954334935.519,303.53,5.201,1790954335244.534,Normal,0.9275
rasp1,31195,20261002-151629_clu_vm14-vm24-rasp14-rasp24-rasp34_allfive_r2,2977,perf_20261002-151629_clu_vm14-vm24-rasp14-rasp24-rasp34_allfive_r2,19,170,1790954199566,0,1790954335245.104,194.025,5.885,1790954335445.303,Normal,0.9475
rasp1,31195,20261002-151629_clu_vm14-vm24-rasp14-rasp24-rasp34_allfive_r2,2985,perf_20261002-151629_clu_vm14-vm24-rasp14-rasp24-rasp34_allfive_r2,19,171,1790954199567,0,1790954335445.871,252.64,5.169,1790954335704.015,Normal,0.934
rasp1,31195,20261002-151629_clu_vm14-vm24-rasp14-rasp24-rasp34_allfive_r2,3070,perf_20261002-151629_clu_vm14-vm24-rasp14-rasp24-rasp34_allfive_r2,19,172,1790954199596,0,1790954335704.542,246.981,5.917,1790954335957.768,Normal,0.9515
rasp1,31195,20261002-151629_clu_vm14-vm24-rasp14-rasp24-rasp34_allfive_r2,3089,perf_20261002-151629_clu_vm14-vm24-rasp14-rasp24-rasp34_allfive_r2,19,173,1790954199606,0,1790954335958.294,462.772,5.941,1790954336427.301,Normal,0.9742
rasp1,31195,20261002-151629_clu_vm14-vm24-rasp14-rasp24-rasp34_allfive_r2,3097,perf_20261002-151629_clu_vm14-vm24-rasp14-rasp24-rasp34_allfive_r2,19,174,1790954199607,0,1790954336427.865,276.034,4.67,1790954336708.857,Normal,0.8682
rasp1,31195,20261002-151629_clu_vm14-vm24-rasp14-rasp24-rasp34_allfive_r2,3113,perf_20261002-151629_clu_vm14-vm24-rasp14-rasp24-rasp34_allfive_r2,19,175,1790954199608,0,1790954336709.389,608.115,5.749,1790954337323.592,Normal,0.8909
rasp1,31195,20261002-151629_clu_vm14-vm24-rasp14-rasp24-rasp34_allfive_r2,3115,perf_20261002-151629_clu_vm14-vm24-rasp14-rasp24-rasp34_allfive_r2,19,176,1790954199608,0,1790954337324.206,243.72,5.55,1790954337573.779,Normal,0.9235
rasp1,31195,20261002-151629_clu_vm14-vm24-rasp14-rasp24-rasp34_allfive_r2,3137,perf_20261002-151629_clu_vm14-vm24-rasp14-rasp24-rasp34_allfive_r2,19,177,1790954199622,0,1790954337574.333,214.622,5.365,1790954337794.675,OFFENSIVE,0.3534
rasp1,31195,20261002-151629_clu_vm14-vm24-rasp14-rasp24-rasp34_allfive_r2,3170,perf_20261002-151629_clu_vm14-vm24-rasp14-rasp24-rasp34_allfive_r2,19,178,1790954199643,0,1790954337795.304,217.13,5.937,1790954338018.689,Normal,0.948
rasp1,31195,20261002-151629_clu_vm14-vm24-rasp14-rasp24-rasp34_allfive_r2,3179,perf_20261002-151629_clu_vm14-vm24-rasp14-rasp24-rasp34_allfive_r2,19,179,1790954199656,0,1790954338019.261,274.224,4.992,1790954338298.802,Normal,0.9468
rasp1,31195,20261002-151629_clu_vm14-vm24-rasp14-rasp24-rasp34_allfive_r2,3183,perf_20261002-151629_clu_vm14-vm24-rasp14-rasp24-rasp34_allfive_r2,19,180,1790954199657,0,1790954338299.359,305.536,5.949,1790954338611.128,Normal,0.9222
rasp1,31195,20261002-151629_clu_vm14-vm24-rasp14-rasp24-rasp34_allfive_r2,3193,perf_20261002-151629_clu_vm14-vm24-rasp14-rasp24-rasp34_allfive_r2,19,181,1790954199666,0,1790954338611.664,235.279,5.838,1790954338853.054,Normal,0.9505
rasp1,31195,20261002-151629_clu_vm14-vm24-rasp14-rasp24-rasp34_allfive_r2,3196,perf_20261002-151629_clu_vm14-vm24-rasp14-rasp24-rasp34_allfive_r2,19,182,1790954199666,0,1790954338853.576,212.299,6.063,1790954339072.209,Normal,0.9254
rasp1,31195,20261002-151629_clu_vm14-vm24-rasp14-rasp24-rasp34_allfive_r2,3211,perf_20261002-151629_clu_vm14-vm24-rasp14-rasp24-rasp34_allfive_r2,19,183,1790954199675,0,1790954339072.762,260.989,5.577,1790954339339.601,Normal,0.9393
rasp1,31195,20261002-151629_clu_vm14-vm24-rasp14-rasp24-rasp34_allfive_r2,3224,perf_20261002-151629_clu_vm14-vm24-rasp14-rasp24-rasp34_allfive_r2,19,184,1790954199686,0,1790954339340.164,277.925,6.035,1790954339624.409,Normal,0.6058
rasp1,31195,20261002-151629_clu_vm14-vm24-rasp14-rasp24-rasp34_allfive_r2,3246,perf_20261002-151629_clu_vm14-vm24-rasp14-rasp24-rasp34_allfive_r2,19,185,1790954199698,0,1790954339625.0,442.263,4.874,1790954340072.426,Normal,0.9564
rasp1,31195,20261002-151629_clu_vm14-vm24-rasp14-rasp24-rasp34_allfive_r2,3247,perf_20261002-151629_clu_vm14-vm24-rasp14-rasp24-rasp34_allfive_r2,19,186,1790954199698,0,1790954340073.01,243.284,6.012,1790954340322.587,Normal,0.957
rasp1,31195,20261002-151629_clu_vm14-vm24-rasp14-rasp24-rasp34_allfive_r2,3327,perf_20261002-151629_clu_vm14-vm24-rasp14-rasp24-rasp34_allfive_r2,19,187,1790954199739,0,1790954340323.185,190.773,4.969,1790954340519.201,Normal,0.9375
rasp1,31195,20261002-151629_clu_vm14-vm24-rasp14-rasp24-rasp34_allfive_r2,3357,perf_20261002-151629_clu_vm14-vm24-rasp14-rasp24-rasp34_allfive_r2,19,188,1790954199743,0,1790954340519.779,1779.722,6.578,1790954342306.456,Normal,0.9805
rasp1,31195,20261002-151629_clu_vm14-vm24-rasp14-rasp24-rasp34_allfive_r2,3371,perf_20261002-151629_clu_vm14-vm24-rasp14-rasp24-rasp34_allfive_r2,19,189,1790954199745,0,1790954342307.079,195.829,6.291,1790954342509.473,Normal,0.9474
rasp1,31195,20261002-151629_clu_vm14-vm24-rasp14-rasp24-rasp34_allfive_r2,3434,perf_20261002-151629_clu_vm14-vm24-rasp14-rasp24-rasp34_allfive_r2,19,190,1790954199752,0,1790954342510.032,191.198,5.562,1790954342707.069,Normal,0.9375
rasp1,31195,20261002-151629_clu_vm14-vm24-rasp14-rasp24-rasp34_allfive_r2,3477,perf_20261002-151629_clu_vm14-vm24-rasp14-rasp24-rasp34_allfive_r2,19,191,1790954199756,0,1790954342707.607,197.68,5.649,1790954342911.216,Normal,0.9375
rasp1,31195,20261002-151629_clu_vm14-vm24-rasp14-rasp24-rasp34_allfive_r2,3478,perf_20261002-151629_clu_vm14-vm24-rasp14-rasp24-rasp34_allfive_r2,19,192,1790954199756,0,1790954342911.781,276.203,5.049,1790954343193.338,Normal,0.9784
rasp1,31195,20261002-151629_clu_vm14-vm24-rasp14-rasp24-rasp34_allfive_r2,3482,perf_20261002-151629_clu_vm14-vm24-rasp14-rasp24-rasp34_allfive_r2,19,193,1790954199757,0,1790954343193.941,238.944,5.782,1790954343439.011,Normal,0.9265
rasp1,31195,20261002-151629_clu_vm14-vm24-rasp14-rasp24-rasp34_allfive_r2,3487,perf_20261002-151629_clu_vm14-vm24-rasp14-rasp24-rasp34_allfive_r2,19,194,1790954199757,0,1790954343439.627,263.256,6.142,1790954343709.309,Normal,0.9772
rasp1,31195,20261002-151629_clu_vm14-vm24-rasp14-rasp24-rasp34_allfive_r2,3494,perf_20261002-151629_clu_vm14-vm24-rasp14-rasp24-rasp34_allfive_r2,19,195,1790954199758,0,1790954343709.868,246.161,5.658,1790954343961.982,Normal,0.9636
rasp1,31195,20261002-151629_clu_vm14-vm24-rasp14-rasp24-rasp34_allfive_r2,3503,perf_20261002-151629_clu_vm14-vm24-rasp14-rasp24-rasp34_allfive_r2,19,196,1790954199759,0,1790954343962.532,305.577,5.72,1790954344274.124,Normal,0.843
rasp1,31195,20261002-151629_clu_vm14-vm24-rasp14-rasp24-rasp34_allfive_r2,3508,perf_20261002-151629_clu_vm14-vm24-rasp14-rasp24-rasp34_allfive_r2,19,197,1790954199759,0,1790954344274.674,191.729,6.288,1790954344472.976,Normal,0.9375
rasp1,31195,20261002-151629_clu_vm14-vm24-rasp14-rasp24-rasp34_allfive_r2,3518,perf_20261002-151629_clu_vm14-vm24-rasp14-rasp24-rasp34_allfive_r2,19,198,1790954199760,0,1790954344473.517,216.718,6.31,1790954344696.836,Normal,0.928
rasp1,31195,20261002-151629_clu_vm14-vm24-rasp14-rasp24-rasp34_allfive_r2,3533,perf_20261002-151629_clu_vm14-vm24-rasp14-rasp24-rasp34_allfive_r2,19,199,1790954199761,0,1790954344697.377,217.389,5.788,1790954344920.848,Normal,0.9063
rasp1,31195,20261002-151629_clu_vm14-vm24-rasp14-rasp24-rasp34_allfive_r2,3547,perf_20261002-151629_clu_vm14-vm24-rasp14-rasp24-rasp34_allfive_r2,19,200,1790954199763,0,1790954344921.393,417.463,6.629,1790954345345.786,Normal,0.9646
rasp1,31195,20261002-151629_clu_vm14-vm24-rasp14-rasp24-rasp34_allfive_r2,3561,perf_20261002-151629_clu_vm14-vm24-rasp14-rasp24-rasp34_allfive_r2,19,201,1790954199764,0,1790954345346.332,238.142,7.023,1790954345591.837,Normal,0.959
rasp1,31195,20261002-151629_clu_vm14-vm24-rasp14-rasp24-rasp34_allfive_r2,3578,perf_20261002-151629_clu_vm14-vm24-rasp14-rasp24-rasp34_allfive_r2,19,202,1790954199765,0,1790954345592.364,391.397,5.814,1790954345989.868,Normal,0.934
rasp1,31195,20261002-151629_clu_vm14-vm24-rasp14-rasp24-rasp34_allfive_r2,3625,perf_20261002-151629_clu_vm14-vm24-rasp14-rasp24-rasp34_allfive_r2,19,203,1790954199769,0,1790954345990.397,278.726,6.906,1790954346276.329,Normal,0.9719
rasp1,31195,20261002-151629_clu_vm14-vm24-rasp14-rasp24-rasp34_allfive_r2,3646,perf_20261002-151629_clu_vm14-vm24-rasp14-rasp24-rasp34_allfive_r2,19,204,1790954199771,0,1790954346277.022,218.767,5.668,1790954346501.799,Normal,0.9457
rasp1,31195,20261002-151629_clu_vm14-vm24-rasp14-rasp24-rasp34_allfive_r2,3680,perf_20261002-151629_clu_vm14-vm24-rasp14-rasp24-rasp34_allfive_r2,19,205,1790954199776,0,1790954346502.397,302.893,6.511,1790954346812.116,Normal,0.9626
rasp1,31195,20261002-151629_clu_vm14-vm24-rasp14-rasp24-rasp34_allfive_r2,3683,perf_20261002-151629_clu_vm14-vm24-rasp14-rasp24-rasp34_allfive_r2,19,206,1790954199776,0,1790954346812.736,690.455,5.81,1790954347509.306,Normal,0.9789
rasp1,31195,20261002-151629_clu_vm14-vm24-rasp14-rasp24-rasp34_allfive_r2,3695,perf_20261002-151629_clu_vm14-vm24-rasp14-rasp24-rasp34_allfive_r2,19,207,1790954199777,0,1790954347509.873,217.904,5.423,1790954347733.487,Normal,0.8501
rasp1,31195,20261002-151629_clu_vm14-vm24-rasp14-rasp24-rasp34_allfive_r2,3732,perf_20261002-151629_clu_vm14-vm24-rasp14-rasp24-rasp34_allfive_r2,19,208,1790954199783,0,1790954347734.066,221.394,6.209,1790954347961.989,Normal,0.9567
rasp1,31195,20261002-151629_clu_vm14-vm24-rasp14-rasp24-rasp34_allfive_r2,3739,perf_20261002-151629_clu_vm14-vm24-rasp14-rasp24-rasp34_allfive_r2,19,209,1790954199783,0,1790954347962.506,291.89,6.553,1790954348261.246,Normal,0.9152
rasp1,31195,20261002-151629_clu_vm14-vm24-rasp14-rasp24-rasp34_allfive_r2,3742,perf_20261002-151629_clu_vm14-vm24-rasp14-rasp24-rasp34_allfive_r2,19,210,1790954199783,0,1790954348261.865,213.732,6.12,1790954348486.421,Normal,0.8767
rasp1,31195,20261002-151629_clu_vm14-vm24-rasp14-rasp24-rasp34_allfive_r2,3762,perf_20261002-151629_clu_vm14-vm24-rasp14-rasp24-rasp34_allfive_r2,19,211,1790954199785,0,1790954348487.151,461.9,5.817,1790954348955.183,Normal,0.9757
rasp1,31195,20261002-151629_clu_vm14-vm24-rasp14-rasp24-rasp34_allfive_r2,3814,perf_20261002-151629_clu_vm14-vm24-rasp14-rasp24-rasp34_allfive_r2,19,212,1790954199791,0,1790954348955.769,272.227,5.616,1790954349233.897,OFFENSIVE,0.7298
rasp1,31195,20261002-151629_clu_vm14-vm24-rasp14-rasp24-rasp34_allfive_r2,3824,perf_20261002-151629_clu_vm14-vm24-rasp14-rasp24-rasp34_allfive_r2,19,213,1790954199792,0,1790954349234.441,389.495,5.702,1790954349629.938,Normal,0.9516
rasp1,31195,20261002-151629_clu_vm14-vm24-rasp14-rasp24-rasp34_allfive_r2,3847,perf_20261002-151629_clu_vm14-vm24-rasp14-rasp24-rasp34_allfive_r2,19,214,1790954199794,0,1790954349630.479,248.844,6.62,1790954349886.245,OFFENSIVE,0.5809
rasp1,31195,20261002-151629_clu_vm14-vm24-rasp14-rasp24-rasp34_allfive_r2,3858,perf_20261002-151629_clu_vm14-vm24-rasp14-rasp24-rasp34_allfive_r2,19,215,1790954199795,0,1790954349886.978,284.256,5.25,1790954350176.783,Normal,0.931
rasp1,31195,20261002-151629_clu_vm14-vm24-rasp14-rasp24-rasp34_allfive_r2,3880,perf_20261002-151629_clu_vm14-vm24-rasp14-rasp24-rasp34_allfive_r2,19,216,1790954199797,0,1790954350177.375,216.486,5.78,1790954350399.925,Normal,0.9562
rasp1,31195,20261002-151629_clu_vm14-vm24-rasp14-rasp24-rasp34_allfive_r2,3929,perf_20261002-151629_clu_vm14-vm24-rasp14-rasp24-rasp34_allfive_r2,19,217,1790954199801,0,1790954350400.467,252.72,5.504,1790954350658.984,Normal,0.9543
rasp1,31195,20261002-151629_clu_vm14-vm24-rasp14-rasp24-rasp34_allfive_r2,3937,perf_20261002-151629_clu_vm14-vm24-rasp14-rasp24-rasp34_allfive_r2,19,218,1790954199802,0,1790954350659.528,485.506,5.648,1790954351150.976,Normal,0.9738
rasp1,31195,20261002-151629_clu_vm14-vm24-rasp14-rasp24-rasp34_allfive_r2,3962,perf_20261002-151629_clu_vm14-vm24-rasp14-rasp24-rasp34_allfive_r2,19,219,1790954199804,0,1790954351151.508,250.669,6.072,1790954351408.532,Normal,0.7583
rasp1,31195,20261002-151629_clu_vm14-vm24-rasp14-rasp24-rasp34_allfive_r2,3965,perf_20261002-151629_clu_vm14-vm24-rasp14-rasp24-rasp34_allfive_r2,19,220,1790954199805,0,1790954351409.219,244.421,5.785,1790954351659.76,Normal,0.9591
rasp1,31195,20261002-151629_clu_vm14-vm24-rasp14-rasp24-rasp34_allfive_r2,3993,perf_20261002-151629_clu_vm14-vm24-rasp14-rasp24-rasp34_allfive_r2,19,221,1790954199807,0,1790954351660.289,286.746,6.01,1790954351953.341,Normal,0.885
rasp1,31195,20261002-151629_clu_vm14-vm24-rasp14-rasp24-rasp34_allfive_r2,4006,perf_20261002-151629_clu_vm14-vm24-rasp14-rasp24-rasp34_allfive_r2,19,222,1790954199808,0,1790954351954.035,193.833,5.679,1790954352153.83,Normal,0.9431
rasp1,31195,20261002-151629_clu_vm14-vm24-rasp14-rasp24-rasp34_allfive_r2,4028,perf_20261002-151629_clu_vm14-vm24-rasp14-rasp24-rasp34_allfive_r2,19,223,1790954199810,0,1790954352154.356,378.025,5.282,1790954352537.951,Normal,0.961
rasp1,31195,20261002-151629_clu_vm14-vm24-rasp14-rasp24-rasp34_allfive_r2,4052,perf_20261002-151629_clu_vm14-vm24-rasp14-rasp24-rasp34_allfive_r2,19,224,1790954199812,0,1790954352538.47,214.907,6.117,1790954352759.855,Normal,0.9656
rasp1,31195,20261002-151629_clu_vm14-vm24-rasp14-rasp24-rasp34_allfive_r2,4057,perf_20261002-151629_clu_vm14-vm24-rasp14-rasp24-rasp34_allfive_r2,19,225,1790954199813,0,1790954352760.369,453.644,5.833,1790954353220.136,Normal,0.9614
rasp1,31195,20261002-151629_clu_vm14-vm24-rasp14-rasp24-rasp34_allfive_r2,4078,perf_20261002-151629_clu_vm14-vm24-rasp14-rasp24-rasp34_allfive_r2,19,226,1790954199815,0,1790954353220.751,311.107,5.78,1790954353537.938,Normal,0.9482
rasp1,31195,20261002-151629_clu_vm14-vm24-rasp14-rasp24-rasp34_allfive_r2,4089,perf_20261002-151629_clu_vm14-vm24-rasp14-rasp24-rasp34_allfive_r2,19,227,1790954199816,0,1790954353538.49,252.357,6.193,1790954353797.336,Normal,0.9185
rasp1,31195,20261002-151629_clu_vm14-vm24-rasp14-rasp24-rasp34_allfive_r2,4125,perf_20261002-151629_clu_vm14-vm24-rasp14-rasp24-rasp34_allfive_r2,19,228,1790954199819,0,1790954353797.933,209.373,6.369,1790954354013.954,Normal,0.9503
rasp1,31195,20261002-151629_clu_vm14-vm24-rasp14-rasp24-rasp34_allfive_r2,4132,perf_20261002-151629_clu_vm14-vm24-rasp14-rasp24-rasp34_allfive_r2,19,229,1790954199820,0,1790954354014.538,516.44,6.39,1790954354537.681,Normal,0.4517
rasp1,31195,20261002-151629_clu_vm14-vm24-rasp14-rasp24-rasp34_allfive_r2,4149,perf_20261002-151629_clu_vm14-vm24-rasp14-rasp24-rasp34_allfive_r2,19,230,1790954199821,0,1790954354538.272,228.778,6.051,1790954354773.391,Normal,0.9396
rasp1,31195,20261002-151629_clu_vm14-vm24-rasp14-rasp24-rasp34_allfive_r2,4161,perf_20261002-151629_clu_vm14-vm24-rasp14-rasp24-rasp34_allfive_r2,19,231,1790954199822,0,1790954354773.964,279.624,6.16,1790954355060.081,Normal,0.9485
rasp1,31195,20261002-151629_clu_vm14-vm24-rasp14-rasp24-rasp34_allfive_r2,4171,perf_20261002-151629_clu_vm14-vm24-rasp14-rasp24-rasp34_allfive_r2,19,232,1790954199823,0,1790954355060.626,245.259,5.791,1790954355311.963,Normal,0.9332
rasp1,31195,20261002-151629_clu_vm14-vm24-rasp14-rasp24-rasp34_allfive_r2,4203,perf_20261002-151629_clu_vm14-vm24-rasp14-rasp24-rasp34_allfive_r2,19,233,1790954199826,0,1790954355312.498,354.9,5.712,1790954355673.406,Normal,0.9629
rasp1,31195,20261002-151629_clu_vm14-vm24-rasp14-rasp24-rasp34_allfive_r2,4212,perf_20261002-151629_clu_vm14-vm24-rasp14-rasp24-rasp34_allfive_r2,19,234,1790954199827,0,1790954355673.989,235.157,5.717,1790954355915.143,Normal,0.9548
rasp1,31195,20261002-151629_clu_vm14-vm24-rasp14-rasp24-rasp34_allfive_r2,4267,perf_20261002-151629_clu_vm14-vm24-rasp14-rasp24-rasp34_allfive_r2,19,235,1790954199832,0,1790954355915.665,262.839,6.135,1790954356184.972,Normal,0.9058
rasp1,31195,20261002-151629_clu_vm14-vm24-rasp14-rasp24-rasp34_allfive_r2,4326,perf_20261002-151629_clu_vm14-vm24-rasp14-rasp24-rasp34_allfive_r2,19,236,1790954199837,0,1790954356185.506,394.835,5.454,1790954356586.093,Normal,0.973
rasp1,31195,20261002-151629_clu_vm14-vm24-rasp14-rasp24-rasp34_allfive_r2,4327,perf_20261002-151629_clu_vm14-vm24-rasp14-rasp24-rasp34_allfive_r2,19,237,1790954199837,0,1790954356586.619,243.726,5.88,1790954356836.515,Normal,0.9614
rasp1,31195,20261002-151629_clu_vm14-vm24-rasp14-rasp24-rasp34_allfive_r2,4344,perf_20261002-151629_clu_vm14-vm24-rasp14-rasp24-rasp34_allfive_r2,19,238,1790954199839,0,1790954356837.079,234.017,5.464,1790954357076.848,Normal,0.9411
rasp1,31195,20261002-151629_clu_vm14-vm24-rasp14-rasp24-rasp34_allfive_r2,4361,perf_20261002-151629_clu_vm14-vm24-rasp14-rasp24-rasp34_allfive_r2,19,239,1790954199840,0,1790954357077.397,406.715,5.721,1790954357490.117,Normal,0.9664
rasp1,31195,20261002-151629_clu_vm14-vm24-rasp14-rasp24-rasp34_allfive_r2,4410,perf_20261002-151629_clu_vm14-vm24-rasp14-rasp24-rasp34_allfive_r2,19,240,1790954199845,0,1790954357490.643,191.149,5.597,1790954357687.667,Normal,0.9375
rasp1,31195,20261002-151629_clu_vm14-vm24-rasp14-rasp24-rasp34_allfive_r2,4430,perf_20261002-151629_clu_vm14-vm24-rasp14-rasp24-rasp34_allfive_r2,19,241,1790954199847,0,1790954357688.219,192.135,5.911,1790954357886.553,Normal,0.9494
rasp1,31195,20261002-151629_clu_vm14-vm24-rasp14-rasp24-rasp34_allfive_r2,4444,perf_20261002-151629_clu_vm14-vm24-rasp14-rasp24-rasp34_allfive_r2,19,242,1790954199848,0,1790954357887.144,219.641,5.216,1790954358112.287,Normal,0.9728
rasp1,31195,20261002-151629_clu_vm14-vm24-rasp14-rasp24-rasp34_allfive_r2,4476,perf_20261002-151629_clu_vm14-vm24-rasp14-rasp24-rasp34_allfive_r2,19,243,1790954199851,0,1790954358112.86,238.914,6.081,1790954358358.137,Normal,0.9469
rasp1,31195,20261002-151629_clu_vm14-vm24-rasp14-rasp24-rasp34_allfive_r2,4481,perf_20261002-151629_clu_vm14-vm24-rasp14-rasp24-rasp34_allfive_r2,19,244,1790954199851,0,1790954358358.659,192.522,5.894,1790954358557.458,Normal,0.8932
rasp1,31195,20261002-151629_clu_vm14-vm24-rasp14-rasp24-rasp34_allfive_r2,4486,perf_20261002-151629_clu_vm14-vm24-rasp14-rasp24-rasp34_allfive_r2,19,245,1790954199852,0,1790954358558.014,193.786,6.39,1790954358758.471,Normal,0.8661
rasp1,31195,20261002-151629_clu_vm14-vm24-rasp14-rasp24-rasp34_allfive_r2,4515,perf_20261002-151629_clu_vm14-vm24-rasp14-rasp24-rasp34_allfive_r2,19,246,1790954199854,0,1790954358759.084,264.354,6.142,1790954359029.911,Normal,0.9499
rasp1,31195,20261002-151629_clu_vm14-vm24-rasp14-rasp24-rasp34_allfive_r2,4538,perf_20261002-151629_clu_vm14-vm24-rasp14-rasp24-rasp34_allfive_r2,19,247,1790954199856,0,1790954359030.451,212.212,6.301,1790954359249.293,Normal,0.9556
rasp1,31195,20261002-151629_clu_vm14-vm24-rasp14-rasp24-rasp34_allfive_r2,4545,perf_20261002-151629_clu_vm14-vm24-rasp14-rasp24-rasp34_allfive_r2,19,248,1790954199857,0,1790954359249.852,215.533,5.001,1790954359470.669,Normal,0.9256
rasp1,31195,20261002-151629_clu_vm14-vm24-rasp14-rasp24-rasp34_allfive_r2,4559,perf_20261002-151629_clu_vm14-vm24-rasp14-rasp24-rasp34_allfive_r2,19,249,1790954199858,0,1790954359471.232,260.592,5.449,1790954359737.563,Normal,0.9581
rasp1,31195,20261002-151629_clu_vm14-vm24-rasp14-rasp24-rasp34_allfive_r2,4590,perf_20261002-151629_clu_vm14-vm24-rasp14-rasp24-rasp34_allfive_r2,19,250,1790954199861,0,1790954359738.134,237.082,5.261,1790954359980.788,Normal,0.974
rasp1,31195,20261002-151629_clu_vm14-vm24-rasp14-rasp24-rasp34_allfive_r2,4621,perf_20261002-151629_clu_vm14-vm24-rasp14-rasp24-rasp34_allfive_r2,19,251,1790954199864,0,1790954359981.357,214.571,5.451,1790954360201.664,Normal,0.9602
rasp1,31195,20261002-151629_clu_vm14-vm24-rasp14-rasp24-rasp34_allfive_r2,4636,perf_20261002-151629_clu_vm14-vm24-rasp14-rasp24-rasp34_allfive_r2,19,252,1790954199865,0,1790954360202.237,214.646,5.17,1790954360422.344,Normal,0.9488
rasp1,31195,20261002-151629_clu_vm14-vm24-rasp14-rasp24-rasp34_allfive_r2,4637,perf_20261002-151629_clu_vm14-vm24-rasp14-rasp24-rasp34_allfive_r2,19,253,1790954199865,0,1790954360422.928,358.665,8.403,1790954360790.336,Normal,0.9642
rasp1,31195,20261002-151629_clu_vm14-vm24-rasp14-rasp24-rasp34_allfive_r2,4647,perf_20261002-151629_clu_vm14-vm24-rasp14-rasp24-rasp34_allfive_r2,19,254,1790954199866,0,1790954360790.921,444.135,6.074,1790954361241.429,Normal,0.9439
rasp1,31195,20261002-151629_clu_vm14-vm24-rasp14-rasp24-rasp34_allfive_r2,4652,perf_20261002-151629_clu_vm14-vm24-rasp14-rasp24-rasp34_allfive_r2,19,255,1790954199867,0,1790954361242.013,336.381,6.317,1790954361585.019,Normal,0.9244
rasp1,31195,20261002-151629_clu_vm14-vm24-rasp14-rasp24-rasp34_allfive_r2,4662,perf_20261002-151629_clu_vm14-vm24-rasp14-rasp24-rasp34_allfive_r2,19,256,1790954199867,0,1790954361585.586,388.149,5.974,1790954361980.104,Normal,0.8436
rasp1,31195,20261002-151629_clu_vm14-vm24-rasp14-rasp24-rasp34_allfive_r2,4671,perf_20261002-151629_clu_vm14-vm24-rasp14-rasp24-rasp34_allfive_r2,19,257,1790954199868,0,1790954361981.284,924.006,6.012,1790954362911.626,Normal,0.9719
rasp1,31195,20261002-151629_clu_vm14-vm24-rasp14-rasp24-rasp34_allfive_r2,4686,perf_20261002-151629_clu_vm14-vm24-rasp14-rasp24-rasp34_allfive_r2,19,258,1790954199870,0,1790954362912.212,254.064,6.288,1790954363172.857,Normal,0.9395
rasp1,31195,20261002-151629_clu_vm14-vm24-rasp14-rasp24-rasp34_allfive_r2,4690,perf_20261002-151629_clu_vm14-vm24-rasp14-rasp24-rasp34_allfive_r2,19,259,1790954199870,0,1790954363173.402,219.239,5.988,1790954363398.969,Normal,0.9518
rasp1,31195,20261002-151629_clu_vm14-vm24-rasp14-rasp24-rasp34_allfive_r2,4707,perf_20261002-151629_clu_vm14-vm24-rasp14-rasp24-rasp34_allfive_r2,19,260,1790954199872,0,1790954363399.506,1192.355,6.065,1790954364598.245,Normal,0.9795
rasp1,31195,20261002-151629_clu_vm14-vm24-rasp14-rasp24-rasp34_allfive_r2,4744,perf_20261002-151629_clu_vm14-vm24-rasp14-rasp24-rasp34_allfive_r2,19,261,1790954199875,0,1790954364598.816,192.658,5.779,1790954364797.585,Normal,0.9475
rasp1,31195,20261002-151629_clu_vm14-vm24-rasp14-rasp24-rasp34_allfive_r2,4762,perf_20261002-151629_clu_vm14-vm24-rasp14-rasp24-rasp34_allfive_r2,19,262,1790954199877,0,1790954364798.176,215.505,6.077,1790954365020.114,Normal,0.9641
rasp1,31195,20261002-151629_clu_vm14-vm24-rasp14-rasp24-rasp34_allfive_r2,4767,perf_20261002-151629_clu_vm14-vm24-rasp14-rasp24-rasp34_allfive_r2,19,263,1790954199877,0,1790954365020.683,234.955,5.482,1790954365261.448,Normal,0.8653
rasp1,31195,20261002-151629_clu_vm14-vm24-rasp14-rasp24-rasp34_allfive_r2,4778,perf_20261002-151629_clu_vm14-vm24-rasp14-rasp24-rasp34_allfive_r2,19,264,1790954199878,0,1790954365262.078,195.433,6.04,1790954365463.874,Normal,0.8636
rasp1,31195,20261002-151629_clu_vm14-vm24-rasp14-rasp24-rasp34_allfive_r2,4830,perf_20261002-151629_clu_vm14-vm24-rasp14-rasp24-rasp34_allfive_r2,19,265,1790954199883,0,1790954365464.396,287.944,6.3,1790954365758.94,Normal,0.9784
rasp1,31195,20261002-151629_clu_vm14-vm24-rasp14-rasp24-rasp34_allfive_r2,4838,perf_20261002-151629_clu_vm14-vm24-rasp14-rasp24-rasp34_allfive_r2,19,266,1790954199884,0,1790954365759.493,259.425,5.848,1790954366025.066,Normal,0.9595
rasp1,31195,20261002-151629_clu_vm14-vm24-rasp14-rasp24-rasp34_allfive_r2,4908,perf_20261002-151629_clu_vm14-vm24-rasp14-rasp24-rasp34_allfive_r2,19,267,1790954199890,0,1790954366025.611,210.401,5.954,1790954366242.251,Normal,0.9052
rasp1,31195,20261002-151629_clu_vm14-vm24-rasp14-rasp24-rasp34_allfive_r2,4931,perf_20261002-151629_clu_vm14-vm24-rasp14-rasp24-rasp34_allfive_r2,19,268,1790954199892,0,1790954366242.811,247.976,6.178,1790954366497.258,Normal,0.9217
rasp1,31195,20261002-151629_clu_vm14-vm24-rasp14-rasp24-rasp34_allfive_r2,4949,perf_20261002-151629_clu_vm14-vm24-rasp14-rasp24-rasp34_allfive_r2,19,269,1790954199894,0,1790954366497.835,246.762,5.615,1790954366750.539,Normal,0.9064
rasp1,31195,20261002-151629_clu_vm14-vm24-rasp14-rasp24-rasp34_allfive_r2,4950,perf_20261002-151629_clu_vm14-vm24-rasp14-rasp24-rasp34_allfive_r2,19,270,1790954199894,0,1790954366751.114,208.437,6.079,1790954366965.97,Normal,0.9608
rasp1,31195,20261002-151629_clu_vm14-vm24-rasp14-rasp24-rasp34_allfive_r2,4980,perf_20261002-151629_clu_vm14-vm24-rasp14-rasp24-rasp34_allfive_r2,19,271,1790954199896,0,1790954366966.515,263.433,5.718,1790954367235.963,Normal,0.9643
rasp1,31195,20261002-151629_clu_vm14-vm24-rasp14-rasp24-rasp34_allfive_r2,4999,perf_20261002-151629_clu_vm14-vm24-rasp14-rasp24-rasp34_allfive_r2,19,272,1790954199898,0,1790954367236.516,238.521,6.312,1790954367481.688,Normal,0.9552
rasp1,31195,20261002-151629_clu_vm14-vm24-rasp14-rasp24-rasp34_allfive_r2,5035,perf_20261002-151629_clu_vm14-vm24-rasp14-rasp24-rasp34_allfive_r2,19,273,1790954199901,0,1790954367482.265,378.834,6.237,1790954367867.625,Normal,0.8441
rasp1,31195,20261002-151629_clu_vm14-vm24-rasp14-rasp24-rasp34_allfive_r2,5116,perf_20261002-151629_clu_vm14-vm24-rasp14-rasp24-rasp34_allfive_r2,19,274,1790954199909,0,1790954367868.197,213.909,7.251,1790954368089.637,Normal,0.9717
rasp1,31195,20261002-151629_clu_vm14-vm24-rasp14-rasp24-rasp34_allfive_r2,5135,perf_20261002-151629_clu_vm14-vm24-rasp14-rasp24-rasp34_allfive_r2,19,275,1790954199910,0,1790954368090.213,200.193,6.768,1790954368297.457,Normal,0.9427
rasp1,31195,20261002-151629_clu_vm14-vm24-rasp14-rasp24-rasp34_allfive_r2,5168,perf_20261002-151629_clu_vm14-vm24-rasp14-rasp24-rasp34_allfive_r2,19,276,1790954199914,0,1790954368298.037,285.946,5.331,1790954368589.594,Normal,0.9732
rasp1,31195,20261002-151629_clu_vm14-vm24-rasp14-rasp24-rasp34_allfive_r2,5170,perf_20261002-151629_clu_vm14-vm24-rasp14-rasp24-rasp34_allfive_r2,19,277,1790954199914,0,1790954368590.178,324.683,6.099,1790954368921.237,Normal,0.9802
rasp1,31195,20261002-151629_clu_vm14-vm24-rasp14-rasp24-rasp34_allfive_r2,5186,perf_20261002-151629_clu_vm14-vm24-rasp14-rasp24-rasp34_allfive_r2,19,278,1790954199915,0,1790954368921.8,195.2,5.383,1790954369122.656,Normal,0.9435
rasp1,31195,20261002-151629_clu_vm14-vm24-rasp14-rasp24-rasp34_allfive_r2,5187,perf_20261002-151629_clu_vm14-vm24-rasp14-rasp24-rasp34_allfive_r2,19,279,1790954199915,0,1790954369123.223,376.54,5.544,1790954369505.604,Normal,0.9661
rasp1,31195,20261002-151629_clu_vm14-vm24-rasp14-rasp24-rasp34_allfive_r2,5189,perf_20261002-151629_clu_vm14-vm24-rasp14-rasp24-rasp34_allfive_r2,19,280,1790954199915,0,1790954369506.229,206.338,5.246,1790954369718.144,Normal,0.5445
rasp1,31195,20261002-151629_clu_vm14-vm24-rasp14-rasp24-rasp34_allfive_r2,5209,perf_20261002-151629_clu_vm14-vm24-rasp14-rasp24-rasp34_allfive_r2,19,281,1790954199917,0,1790954369718.759,221.391,5.804,1790954369946.242,Normal,0.8575
rasp1,31195,20261002-151629_clu_vm14-vm24-rasp14-rasp24-rasp34_allfive_r2,5214,perf_20261002-151629_clu_vm14-vm24-rasp14-rasp24-rasp34_allfive_r2,19,282,1790954199917,0,1790954369946.821,601.573,6.346,1790954370555.099,Normal,0.9269
rasp1,31195,20261002-151629_clu_vm14-vm24-rasp14-rasp24-rasp34_allfive_r2,5222,perf_20261002-151629_clu_vm14-vm24-rasp14-rasp24-rasp34_allfive_r2,19,283,1790954199918,0,1790954370555.651,214.95,6.205,1790954370777.133,Normal,0.8608
rasp1,31195,20261002-151629_clu_vm14-vm24-rasp14-rasp24-rasp34_allfive_r2,5245,perf_20261002-151629_clu_vm14-vm24-rasp14-rasp24-rasp34_allfive_r2,19,284,1790954199920,0,1790954370777.666,246.165,5.929,1790954371030.044,Normal,0.9583
rasp1,31195,20261002-151629_clu_vm14-vm24-rasp14-rasp24-rasp34_allfive_r2,5270,perf_20261002-151629_clu_vm14-vm24-rasp14-rasp24-rasp34_allfive_r2,19,285,1790954199923,0,1790954371030.618,380.115,5.285,1790954371416.311,Normal,0.9501
rasp1,31195,20261002-151629_clu_vm14-vm24-rasp14-rasp24-rasp34_allfive_r2,5276,perf_20261002-151629_clu_vm14-vm24-rasp14-rasp24-rasp34_allfive_r2,19,286,1790954199923,0,1790954371416.888,196.636,5.717,1790954371619.574,Normal,0.9173
rasp1,31195,20261002-151629_clu_vm14-vm24-rasp14-rasp24-rasp34_allfive_r2,5282,perf_20261002-151629_clu_vm14-vm24-rasp14-rasp24-rasp34_allfive_r2,19,287,1790954199924,0,1790954371620.147,215.657,5.721,1790954371841.817,Normal,0.9705
rasp1,31195,20261002-151629_clu_vm14-vm24-rasp14-rasp24-rasp34_allfive_r2,5316,perf_20261002-151629_clu_vm14-vm24-rasp14-rasp24-rasp34_allfive_r2,19,288,1790954199927,0,1790954371842.361,243.634,5.513,1790954372091.802,Normal,0.9641
rasp1,31195,20261002-151629_clu_vm14-vm24-rasp14-rasp24-rasp34_allfive_r2,5318,perf_20261002-151629_clu_vm14-vm24-rasp14-rasp24-rasp34_allfive_r2,19,289,1790954199927,0,1790954372092.341,627.652,6.504,1790954372726.801,Normal,0.9511
rasp1,31195,20261002-151629_clu_vm14-vm24-rasp14-rasp24-rasp34_allfive_r2,5333,perf_20261002-151629_clu_vm14-vm24-rasp14-rasp24-rasp34_allfive_r2,19,290,1790954199928,0,1790954372727.409,378.084,9.548,1790954373115.383,Normal,0.8477
rasp1,31195,20261002-151629_clu_vm14-vm24-rasp14-rasp24-rasp34_allfive_r2,5340,perf_20261002-151629_clu_vm14-vm24-rasp14-rasp24-rasp34_allfive_r2,19,291,1790954199929,0,1790954373115.949,335.983,6.576,1790954373458.808,Normal,0.9323
rasp1,31195,20261002-151629_clu_vm14-vm24-rasp14-rasp24-rasp34_allfive_r2,5341,perf_20261002-151629_clu_vm14-vm24-rasp14-rasp24-rasp34_allfive_r2,19,292,1790954199929,0,1790954373459.351,262.556,5.43,1790954373727.635,Normal,0.9457
rasp1,31195,20261002-151629_clu_vm14-vm24-rasp14-rasp24-rasp34_allfive_r2,5344,perf_20261002-151629_clu_vm14-vm24-rasp14-rasp24-rasp34_allfive_r2,19,293,1790954199929,0,1790954373728.232,251.504,5.008,1790954373985.035,Normal,0.9566
rasp1,31195,20261002-151629_clu_vm14-vm24-rasp14-rasp24-rasp34_allfive_r2,5347,perf_20261002-151629_clu_vm14-vm24-rasp14-rasp24-rasp34_allfive_r2,19,294,1790954199930,0,1790954373985.566,336.323,6.234,1790954374328.415,Normal,0.9719
rasp1,31195,20261002-151629_clu_vm14-vm24-rasp14-rasp24-rasp34_allfive_r2,5359,perf_20261002-151629_clu_vm14-vm24-rasp14-rasp24-rasp34_allfive_r2,19,295,1790954199931,0,1790954374328.977,200.544,4.89,1790954374534.74,Normal,0.9423
rasp1,31195,20261002-151629_clu_vm14-vm24-rasp14-rasp24-rasp34_allfive_r2,5378,perf_20261002-151629_clu_vm14-vm24-rasp14-rasp24-rasp34_allfive_r2,19,296,1790954199932,0,1790954374535.274,217.71,6.627,1790954374759.931,Normal,0.9435
rasp1,31195,20261002-151629_clu_vm14-vm24-rasp14-rasp24-rasp34_allfive_r2,5381,perf_20261002-151629_clu_vm14-vm24-rasp14-rasp24-rasp34_allfive_r2,19,297,1790954199933,0,1790954374760.463,219.38,5.996,1790954374986.133,Normal,0.8953
rasp1,31195,20261002-151629_clu_vm14-vm24-rasp14-rasp24-rasp34_allfive_r2,5385,perf_20261002-151629_clu_vm14-vm24-rasp14-rasp24-rasp34_allfive_r2,19,298,1790954199933,0,1790954374986.685,195.854,5.304,1790954375188.212,Normal,0.9423
rasp1,31195,20261002-151629_clu_vm14-vm24-rasp14-rasp24-rasp34_allfive_r2,5419,perf_20261002-151629_clu_vm14-vm24-rasp14-rasp24-rasp34_allfive_r2,19,299,1790954199936,0,1790954375188.899,211.666,5.879,1790954375406.849,Normal,0.8607
rasp1,31195,20261002-151629_clu_vm14-vm24-rasp14-rasp24-rasp34_allfive_r2,5447,perf_20261002-151629_clu_vm14-vm24-rasp14-rasp24-rasp34_allfive_r2,19,300,1790954199938,0,1790954375407.406,222.759,6.165,1790954375636.626,Normal,0.8607
rasp1,31195,20261002-151629_clu_vm14-vm24-rasp14-rasp24-rasp34_allfive_r2,5448,perf_20261002-151629_clu_vm14-vm24-rasp14-rasp24-rasp34_allfive_r2,19,301,1790954199939,0,1790954375637.218,260.285,5.361,1790954375903.219,Normal,0.9759
rasp1,31195,20261002-151629_clu_vm14-vm24-rasp14-rasp24-rasp34_allfive_r2,5453,perf_20261002-151629_clu_vm14-vm24-rasp14-rasp24-rasp34_allfive_r2,19,302,1790954199939,0,1790954375903.837,250.921,5.404,1790954376160.458,Normal,0.9279
rasp1,31195,20261002-151629_clu_vm14-vm24-rasp14-rasp24-rasp34_allfive_r2,5459,perf_20261002-151629_clu_vm14-vm24-rasp14-rasp24-rasp34_allfive_r2,19,303,1790954199943,0,1790954376161.172,225.316,6.326,1790954376393.142,Normal,0.9671
rasp1,31195,20261002-151629_clu_vm14-vm24-rasp14-rasp24-rasp34_allfive_r2,5465,perf_20261002-151629_clu_vm14-vm24-rasp14-rasp24-rasp34_allfive_r2,19,304,1790954199944,0,1790954376393.745,214.704,5.957,1790954376614.756,Normal,0.9704
rasp1,31195,20261002-151629_clu_vm14-vm24-rasp14-rasp24-rasp34_allfive_r2,5472,perf_20261002-151629_clu_vm14-vm24-rasp14-rasp24-rasp34_allfive_r2,19,305,1790954199945,0,1790954376615.32,338.576,7.111,1790954376961.313,Normal,0.9219
rasp1,31195,20261002-151629_clu_vm14-vm24-rasp14-rasp24-rasp34_allfive_r2,5488,perf_20261002-151629_clu_vm14-vm24-rasp14-rasp24-rasp34_allfive_r2,19,306,1790954199947,0,1790954376962.0,243.37,6.207,1790954377211.898,Normal,0.8953
rasp1,31195,20261002-151629_clu_vm14-vm24-rasp14-rasp24-rasp34_allfive_r2,5495,perf_20261002-151629_clu_vm14-vm24-rasp14-rasp24-rasp34_allfive_r2,19,307,1790954199963,0,1790954377212.474,339.097,5.512,1790954377557.441,Normal,0.9719
rasp1,31195,20261002-151629_clu_vm14-vm24-rasp14-rasp24-rasp34_allfive_r2,5520,perf_20261002-151629_clu_vm14-vm24-rasp14-rasp24-rasp34_allfive_r2,19,308,1790954199972,0,1790954377558.127,275.435,5.532,1790954377839.457,Normal,0.9464
rasp1,31195,20261002-151629_clu_vm14-vm24-rasp14-rasp24-rasp34_allfive_r2,5562,perf_20261002-151629_clu_vm14-vm24-rasp14-rasp24-rasp34_allfive_r2,19,309,1790954199992,0,1790954377840.132,323.404,7.068,1790954378170.938,Normal,0.9442
rasp1,31195,20261002-151629_clu_vm14-vm24-rasp14-rasp24-rasp34_allfive_r2,5565,perf_20261002-151629_clu_vm14-vm24-rasp14-rasp24-rasp34_allfive_r2,19,310,1790954199992,0,1790954378171.534,228.748,6.825,1790954378407.571,Normal,0.9211
rasp1,31195,20261002-151629_clu_vm14-vm24-rasp14-rasp24-rasp34_allfive_r2,5601,perf_20261002-151629_clu_vm14-vm24-rasp14-rasp24-rasp34_allfive_r2,19,311,1790954200006,0,1790954378408.532,462.313,5.445,1790954378876.612,Normal,0.9093
rasp1,31195,20261002-151629_clu_vm14-vm24-rasp14-rasp24-rasp34_allfive_r2,5642,perf_20261002-151629_clu_vm14-vm24-rasp14-rasp24-rasp34_allfive_r2,19,312,1790954200024,0,1790954378877.281,302.005,7.205,1790954379186.896,Normal,0.9695
rasp1,31195,20261002-151629_clu_vm14-vm24-rasp14-rasp24-rasp34_allfive_r2,5672,perf_20261002-151629_clu_vm14-vm24-rasp14-rasp24-rasp34_allfive_r2,19,313,1790954200046,0,1790954379187.87,325.741,5.682,1790954379519.641,Normal,0.7909
rasp1,31195,20261002-151629_clu_vm14-vm24-rasp14-rasp24-rasp34_allfive_r2,5680,perf_20261002-151629_clu_vm14-vm24-rasp14-rasp24-rasp34_allfive_r2,19,314,1790954200056,0,1790954379520.246,232.105,5.871,1790954379758.521,Normal,0.7672
rasp1,31195,20261002-151629_clu_vm14-vm24-rasp14-rasp24-rasp34_allfive_r2,5733,perf_20261002-151629_clu_vm14-vm24-rasp14-rasp24-rasp34_allfive_r2,19,315,1790954200078,0,1790954379763.571,260.786,5.671,1790954380030.326,Normal,0.8164
rasp1,31195,20261002-151629_clu_vm14-vm24-rasp14-rasp24-rasp34_allfive_r2,5775,perf_20261002-151629_clu_vm14-vm24-rasp14-rasp24-rasp34_allfive_r2,19,316,1790954200082,0,1790954380030.963,309.385,6.219,1790954380346.868,Normal,0.8535
rasp1,31195,20261002-151629_clu_vm14-vm24-rasp14-rasp24-rasp34_allfive_r2,5805,perf_20261002-151629_clu_vm14-vm24-rasp14-rasp24-rasp34_allfive_r2,19,317,1790954200084,0,1790954380347.428,245.769,6.143,1790954380599.627,Normal,0.663
rasp1,31195,20261002-151629_clu_vm14-vm24-rasp14-rasp24-rasp34_allfive_r2,5811,perf_20261002-151629_clu_vm14-vm24-rasp14-rasp24-rasp34_allfive_r2,19,318,1790954200085,0,1790954380600.204,253.634,5.889,1790954380860.018,Normal,0.8987
rasp1,31195,20261002-151629_clu_vm14-vm24-rasp14-rasp24-rasp34_allfive_r2,5816,perf_20261002-151629_clu_vm14-vm24-rasp14-rasp24-rasp34_allfive_r2,19,319,1790954200085,0,1790954380860.567,193.203,5.273,1790954381059.375,Normal,0.9475
rasp1,31195,20261002-151629_clu_vm14-vm24-rasp14-rasp24-rasp34_allfive_r2,5846,perf_20261002-151629_clu_vm14-vm24-rasp14-rasp24-rasp34_allfive_r2,19,320,1790954200089,0,1790954381059.955,210.719,5.734,1790954381276.739,Normal,0.9351
rasp1,31195,20261002-151629_clu_vm14-vm24-rasp14-rasp24-rasp34_allfive_r2,5865,perf_20261002-151629_clu_vm14-vm24-rasp14-rasp24-rasp34_allfive_r2,19,321,1790954200091,0,1790954381277.31,362.349,5.766,1790954381645.869,Normal,0.9493
rasp1,31195,20261002-151629_clu_vm14-vm24-rasp14-rasp24-rasp34_allfive_r2,5870,perf_20261002-151629_clu_vm14-vm24-rasp14-rasp24-rasp34_allfive_r2,19,322,1790954200091,0,1790954381646.458,254.441,6.049,1790954381907.235,Normal,0.9611
rasp1,31195,20261002-151629_clu_vm14-vm24-rasp14-rasp24-rasp34_allfive_r2,5872,perf_20261002-151629_clu_vm14-vm24-rasp14-rasp24-rasp34_allfive_r2,19,323,1790954200092,0,1790954381907.817,259.784,5.502,1790954382173.438,Normal,0.968
rasp1,31195,20261002-151629_clu_vm14-vm24-rasp14-rasp24-rasp34_allfive_r2,5886,perf_20261002-151629_clu_vm14-vm24-rasp14-rasp24-rasp34_allfive_r2,19,324,1790954200093,0,1790954382174.027,264.96,5.833,1790954382445.124,Normal,0.9438
rasp1,31195,20261002-151629_clu_vm14-vm24-rasp14-rasp24-rasp34_allfive_r2,5907,perf_20261002-151629_clu_vm14-vm24-rasp14-rasp24-rasp34_allfive_r2,19,325,1790954200095,0,1790954382445.676,194.38,5.982,1790954382646.328,Normal,0.9375
rasp1,31195,20261002-151629_clu_vm14-vm24-rasp14-rasp24-rasp34_allfive_r2,5918,perf_20261002-151629_clu_vm14-vm24-rasp14-rasp24-rasp34_allfive_r2,19,326,1790954200096,0,1790954382646.958,210.903,5.752,1790954382863.895,Normal,0.9572
rasp1,31195,20261002-151629_clu_vm14-vm24-rasp14-rasp24-rasp34_allfive_r2,5923,perf_20261002-151629_clu_vm14-vm24-rasp14-rasp24-rasp34_allfive_r2,19,327,1790954200097,0,1790954382864.414,382.515,6.06,1790954383253.288,Normal,0.8845
rasp1,31195,20261002-151629_clu_vm14-vm24-rasp14-rasp24-rasp34_allfive_r2,5927,perf_20261002-151629_clu_vm14-vm24-rasp14-rasp24-rasp34_allfive_r2,19,328,1790954200097,0,1790954383253.875,281.779,6.601,1790954383542.595,Normal,0.7652
rasp1,31195,20261002-151629_clu_vm14-vm24-rasp14-rasp24-rasp34_allfive_r2,5951,perf_20261002-151629_clu_vm14-vm24-rasp14-rasp24-rasp34_allfive_r2,19,329,1790954200100,0,1790954383543.172,216.986,5.511,1790954383765.967,Normal,0.9567
rasp1,31195,20261002-151629_clu_vm14-vm24-rasp14-rasp24-rasp34_allfive_r2,5966,perf_20261002-151629_clu_vm14-vm24-rasp14-rasp24-rasp34_allfive_r2,19,330,1790954200101,0,1790954383766.501,257.607,5.902,1790954384030.31,Normal,0.5107
rasp1,31195,20261002-151629_clu_vm14-vm24-rasp14-rasp24-rasp34_allfive_r2,5969,perf_20261002-151629_clu_vm14-vm24-rasp14-rasp24-rasp34_allfive_r2,19,331,1790954200144,0,1790954384030.888,207.864,5.212,1790954384244.25,Normal,0.944
rasp1,31195,20261002-151629_clu_vm14-vm24-rasp14-rasp24-rasp34_allfive_r2,5971,perf_20261002-151629_clu_vm14-vm24-rasp14-rasp24-rasp34_allfive_r2,19,332,1790954200144,0,1790954384244.823,283.083,5.827,1790954384534.022,Normal,0.9813
rasp1,31195,20261002-151629_clu_vm14-vm24-rasp14-rasp24-rasp34_allfive_r2,6020,perf_20261002-151629_clu_vm14-vm24-rasp14-rasp24-rasp34_allfive_r2,19,333,1790954200153,0,1790954384534.554,588.563,6.005,1790954385129.435,Normal,0.9522
rasp1,31195,20261002-151629_clu_vm14-vm24-rasp14-rasp24-rasp34_allfive_r2,6025,perf_20261002-151629_clu_vm14-vm24-rasp14-rasp24-rasp34_allfive_r2,19,334,1790954200154,0,1790954385130.076,209.25,7.607,1790954385347.217,Normal,0.9606
rasp1,31195,20261002-151629_clu_vm14-vm24-rasp14-rasp24-rasp34_allfive_r2,6029,perf_20261002-151629_clu_vm14-vm24-rasp14-rasp24-rasp34_allfive_r2,19,335,1790954200154,0,1790954385347.762,223.742,5.579,1790954385577.414,Normal,0.9168
rasp1,31195,20261002-151629_clu_vm14-vm24-rasp14-rasp24-rasp34_allfive_r2,6042,perf_20261002-151629_clu_vm14-vm24-rasp14-rasp24-rasp34_allfive_r2,19,336,1790954200155,0,1790954385577.991,254.589,6.141,1790954385839.057,Normal,0.9297
rasp1,31195,20261002-151629_clu_vm14-vm24-rasp14-rasp24-rasp34_allfive_r2,6044,perf_20261002-151629_clu_vm14-vm24-rasp14-rasp24-rasp34_allfive_r2,19,337,1790954200155,0,1790954385839.595,286.268,5.063,1790954386131.222,Normal,0.5369
rasp1,31195,20261002-151629_clu_vm14-vm24-rasp14-rasp24-rasp34_allfive_r2,6062,perf_20261002-151629_clu_vm14-vm24-rasp14-rasp24-rasp34_allfive_r2,19,338,1790954200157,0,1790954386131.806,322.284,6.104,1790954386460.499,Normal,0.9629
rasp1,31195,20261002-151629_clu_vm14-vm24-rasp14-rasp24-rasp34_allfive_r2,6068,perf_20261002-151629_clu_vm14-vm24-rasp14-rasp24-rasp34_allfive_r2,19,339,1790954200157,0,1790954386461.092,350.501,5.344,1790954386817.286,Normal,0.9751
rasp1,31195,20261002-151629_clu_vm14-vm24-rasp14-rasp24-rasp34_allfive_r2,6073,perf_20261002-151629_clu_vm14-vm24-rasp14-rasp24-rasp34_allfive_r2,19,340,1790954200158,0,1790954386817.978,223.468,5.885,1790954387047.69,Normal,0.9509
rasp1,31195,20261002-151629_clu_vm14-vm24-rasp14-rasp24-rasp34_allfive_r2,6101,perf_20261002-151629_clu_vm14-vm24-rasp14-rasp24-rasp34_allfive_r2,19,341,1790954200161,0,1790954387048.305,246.254,5.562,1790954387300.452,Normal,0.9595
rasp1,31195,20261002-151629_clu_vm14-vm24-rasp14-rasp24-rasp34_allfive_r2,6104,perf_20261002-151629_clu_vm14-vm24-rasp14-rasp24-rasp34_allfive_r2,19,342,1790954200161,0,1790954387301.042,403.346,5.78,1790954387710.463,OFFENSIVE,0.9821
rasp1,31195,20261002-151629_clu_vm14-vm24-rasp14-rasp24-rasp34_allfive_r2,6118,perf_20261002-151629_clu_vm14-vm24-rasp14-rasp24-rasp34_allfive_r2,19,343,1790954200162,0,1790954387711.16,381.974,5.713,1790954388099.139,Normal,0.8125
rasp1,31195,20261002-151629_clu_vm14-vm24-rasp14-rasp24-rasp34_allfive_r2,6137,perf_20261002-151629_clu_vm14-vm24-rasp14-rasp24-rasp34_allfive_r2,19,344,1790954200164,0,1790954388099.67,254.208,6.227,1790954388360.395,Normal,0.8052
rasp1,31195,20261002-151629_clu_vm14-vm24-rasp14-rasp24-rasp34_allfive_r2,6155,perf_20261002-151629_clu_vm14-vm24-rasp14-rasp24-rasp34_allfive_r2,19,345,1790954200166,0,1790954388360.972,246.593,5.433,1790954388613.33,Normal,0.9591
rasp1,31195,20261002-151629_clu_vm14-vm24-rasp14-rasp24-rasp34_allfive_r2,6187,perf_20261002-151629_clu_vm14-vm24-rasp14-rasp24-rasp34_allfive_r2,19,346,1790954200169,0,1790954388613.914,320.586,7.052,1790954388941.889,Normal,0.8199
rasp1,31195,20261002-151629_clu_vm14-vm24-rasp14-rasp24-rasp34_allfive_r2,6206,perf_20261002-151629_clu_vm14-vm24-rasp14-rasp24-rasp34_allfive_r2,19,347,1790954200171,0,1790954388942.434,210.791,6.778,1790954389160.3,Normal,0.9608
rasp1,31195,20261002-151629_clu_vm14-vm24-rasp14-rasp24-rasp34_allfive_r2,6220,perf_20261002-151629_clu_vm14-vm24-rasp14-rasp24-rasp34_allfive_r2,19,348,1790954200172,0,1790954389160.927,200.468,6.34,1790954389368.025,Normal,0.8636
rasp1,31195,20261002-151629_clu_vm14-vm24-rasp14-rasp24-rasp34_allfive_r2,6225,perf_20261002-151629_clu_vm14-vm24-rasp14-rasp24-rasp34_allfive_r2,19,349,1790954200172,0,1790954389368.56,347.008,5.987,1790954389721.886,Normal,0.969
rasp1,31195,20261002-151629_clu_vm14-vm24-rasp14-rasp24-rasp34_allfive_r2,6235,perf_20261002-151629_clu_vm14-vm24-rasp14-rasp24-rasp34_allfive_r2,19,350,1790954200173,0,1790954389722.42,350.459,7.756,1790954390080.941,Normal,0.9494
rasp1,31195,20261002-151629_clu_vm14-vm24-rasp14-rasp24-rasp34_allfive_r2,6287,perf_20261002-151629_clu_vm14-vm24-rasp14-rasp24-rasp34_allfive_r2,19,351,1790954200178,0,1790954390081.551,198.251,5.731,1790954390289.769,Normal,0.9401
rasp1,31195,20261002-151629_clu_vm14-vm24-rasp14-rasp24-rasp34_allfive_r2,6291,perf_20261002-151629_clu_vm14-vm24-rasp14-rasp24-rasp34_allfive_r2,19,352,1790954200179,0,1790954390290.306,195.844,6.642,1790954390493.085,Normal,0.9157
rasp1,31195,20261002-151629_clu_vm14-vm24-rasp14-rasp24-rasp34_allfive_r2,6296,perf_20261002-151629_clu_vm14-vm24-rasp14-rasp24-rasp34_allfive_r2,19,353,1790954200179,0,1790954390493.622,218.345,5.417,1790954390717.677,Normal,0.7376
rasp1,31195,20261002-151629_clu_vm14-vm24-rasp14-rasp24-rasp34_allfive_r2,6308,perf_20261002-151629_clu_vm14-vm24-rasp14-rasp24-rasp34_allfive_r2,19,354,1790954200180,0,1790954390718.256,244.53,6.486,1790954390969.56,Normal,0.9084
rasp1,31195,20261002-151629_clu_vm14-vm24-rasp14-rasp24-rasp34_allfive_r2,6341,perf_20261002-151629_clu_vm14-vm24-rasp14-rasp24-rasp34_allfive_r2,19,355,1790954200183,0,1790954390970.127,240.38,5.737,1790954391216.582,Normal,0.9488
rasp1,31195,20261002-151629_clu_vm14-vm24-rasp14-rasp24-rasp34_allfive_r2,6371,perf_20261002-151629_clu_vm14-vm24-rasp14-rasp24-rasp34_allfive_r2,19,356,1790954200186,0,1790954391217.179,411.2,6.092,1790954391634.771,Normal,0.9415
rasp1,31195,20261002-151629_clu_vm14-vm24-rasp14-rasp24-rasp34_allfive_r2,6421,perf_20261002-151629_clu_vm14-vm24-rasp14-rasp24-rasp34_allfive_r2,19,357,1790954200190,0,1790954391635.312,280.553,5.24,1790954391921.403,Normal,0.9679
rasp1,31195,20261002-151629_clu_vm14-vm24-rasp14-rasp24-rasp34_allfive_r2,6507,perf_20261002-151629_clu_vm14-vm24-rasp14-rasp24-rasp34_allfive_r2,19,358,1790954200198,0,1790954391921.983,221.304,5.896,1790954392149.497,OFFENSIVE,0.6533
rasp1,31195,20261002-151629_clu_vm14-vm24-rasp14-rasp24-rasp34_allfive_r2,6516,perf_20261002-151629_clu_vm14-vm24-rasp14-rasp24-rasp34_allfive_r2,19,359,1790954200200,0,1790954392150.112,290.647,5.964,1790954392447.024,Normal,0.9696
rasp1,31195,20261002-151629_clu_vm14-vm24-rasp14-rasp24-rasp34_allfive_r2,6523,perf_20261002-151629_clu_vm14-vm24-rasp14-rasp24-rasp34_allfive_r2,19,360,1790954200200,0,1790954392447.583,327.04,5.205,1790954392780.166,Normal,0.9695
rasp1,31195,20261002-151629_clu_vm14-vm24-rasp14-rasp24-rasp34_allfive_r2,6529,perf_20261002-151629_clu_vm14-vm24-rasp14-rasp24-rasp34_allfive_r2,19,361,1790954200201,0,1790954392780.744,223.607,6.877,1790954393011.516,Normal,0.9676
rasp1,31195,20261002-151629_clu_vm14-vm24-rasp14-rasp24-rasp34_allfive_r2,6541,perf_20261002-151629_clu_vm14-vm24-rasp14-rasp24-rasp34_allfive_r2,19,362,1790954200202,0,1790954393012.1,260.208,6.237,1790954393278.84,Normal,0.9596
rasp1,31195,20261002-151629_clu_vm14-vm24-rasp14-rasp24-rasp34_allfive_r2,6555,perf_20261002-151629_clu_vm14-vm24-rasp14-rasp24-rasp34_allfive_r2,19,363,1790954200203,0,1790954393279.438,208.519,6.064,1790954393494.31,Normal,0.8059
rasp1,31195,20261002-151629_clu_vm14-vm24-rasp14-rasp24-rasp34_allfive_r2,6556,perf_20261002-151629_clu_vm14-vm24-rasp14-rasp24-rasp34_allfive_r2,19,364,1790954200203,0,1790954393494.888,218.785,5.444,1790954393719.452,Normal,0.9408
rasp1,31195,20261002-151629_clu_vm14-vm24-rasp14-rasp24-rasp34_allfive_r2,6573,perf_20261002-151629_clu_vm14-vm24-rasp14-rasp24-rasp34_allfive_r2,19,365,1790954200205,0,1790954393720.04,226.554,6.559,1790954393953.488,Normal,0.9642
rasp1,31195,20261002-151629_clu_vm14-vm24-rasp14-rasp24-rasp34_allfive_r2,6575,perf_20261002-151629_clu_vm14-vm24-rasp14-rasp24-rasp34_allfive_r2,19,366,1790954200205,0,1790954393954.072,206.606,5.212,1790954394166.279,Normal,0.9663
rasp1,31195,20261002-151629_clu_vm14-vm24-rasp14-rasp24-rasp34_allfive_r2,6607,perf_20261002-151629_clu_vm14-vm24-rasp14-rasp24-rasp34_allfive_r2,19,367,1790954200208,0,1790954394166.848,252.619,5.098,1790954394424.951,Normal,0.975
rasp1,31195,20261002-151629_clu_vm14-vm24-rasp14-rasp24-rasp34_allfive_r2,6615,perf_20261002-151629_clu_vm14-vm24-rasp14-rasp24-rasp34_allfive_r2,19,368,1790954200209,0,1790954394425.48,212.013,4.824,1790954394642.628,Normal,0.9608
rasp1,31195,20261002-151629_clu_vm14-vm24-rasp14-rasp24-rasp34_allfive_r2,6638,perf_20261002-151629_clu_vm14-vm24-rasp14-rasp24-rasp34_allfive_r2,19,369,1790954200211,0,1790954394643.232,193.311,5.669,1790954394842.537,Normal,0.9127
rasp1,31195,20261002-151629_clu_vm14-vm24-rasp14-rasp24-rasp34_allfive_r2,6662,perf_20261002-151629_clu_vm14-vm24-rasp14-rasp24-rasp34_allfive_r2,19,370,1790954200214,0,1790954394843.126,305.146,5.645,1790954395154.201,Normal,0.9055
rasp1,31195,20261002-151629_clu_vm14-vm24-rasp14-rasp24-rasp34_allfive_r2,6680,perf_20261002-151629_clu_vm14-vm24-rasp14-rasp24-rasp34_allfive_r2,19,371,1790954200215,0,1790954395154.767,225.874,7.245,1790954395388.24,Normal,0.942
rasp1,31195,20261002-151629_clu_vm14-vm24-rasp14-rasp24-rasp34_allfive_r2,6691,perf_20261002-151629_clu_vm14-vm24-rasp14-rasp24-rasp34_allfive_r2,19,372,1790954200216,0,1790954395388.844,242.083,6.278,1790954395637.491,Normal,0.9393
rasp1,31195,20261002-151629_clu_vm14-vm24-rasp14-rasp24-rasp34_allfive_r2,6695,perf_20261002-151629_clu_vm14-vm24-rasp14-rasp24-rasp34_allfive_r2,19,373,1790954200217,0,1790954395638.06,210.004,5.595,1790954395853.938,Normal,0.9514
rasp1,31195,20261002-151629_clu_vm14-vm24-rasp14-rasp24-rasp34_allfive_r2,6697,perf_20261002-151629_clu_vm14-vm24-rasp14-rasp24-rasp34_allfive_r2,19,374,1790954200217,0,1790954395854.473,277.903,5.825,1790954396138.492,Normal,0.979
rasp1,31195,20261002-151629_clu_vm14-vm24-rasp14-rasp24-rasp34_allfive_r2,6725,perf_20261002-151629_clu_vm14-vm24-rasp14-rasp24-rasp34_allfive_r2,19,375,1790954200220,0,1790954396139.078,211.236,5.72,1790954396356.321,Normal,0.9484
rasp1,31195,20261002-151629_clu_vm14-vm24-rasp14-rasp24-rasp34_allfive_r2,6741,perf_20261002-151629_clu_vm14-vm24-rasp14-rasp24-rasp34_allfive_r2,19,376,1790954200221,0,1790954396356.908,323.324,5.406,1790954396685.921,Normal,0.9528
rasp1,31195,20261002-151629_clu_vm14-vm24-rasp14-rasp24-rasp34_allfive_r2,6748,perf_20261002-151629_clu_vm14-vm24-rasp14-rasp24-rasp34_allfive_r2,19,377,1790954200222,0,1790954396686.448,521.541,5.839,1790954397214.117,Normal,0.9242
rasp1,31195,20261002-151629_clu_vm14-vm24-rasp14-rasp24-rasp34_allfive_r2,6796,perf_20261002-151629_clu_vm14-vm24-rasp14-rasp24-rasp34_allfive_r2,19,378,1790954200227,0,1790954397214.657,198.902,5.65,1790954397419.559,Normal,0.9655
rasp1,31195,20261002-151629_clu_vm14-vm24-rasp14-rasp24-rasp34_allfive_r2,6819,perf_20261002-151629_clu_vm14-vm24-rasp14-rasp24-rasp34_allfive_r2,19,379,1790954200229,0,1790954397420.172,215.961,5.687,1790954397642.108,Normal,0.9571
rasp1,31195,20261002-151629_clu_vm14-vm24-rasp14-rasp24-rasp34_allfive_r2,6844,perf_20261002-151629_clu_vm14-vm24-rasp14-rasp24-rasp34_allfive_r2,19,380,1790954200232,0,1790954397642.643,332.013,5.229,1790954397980.225,Normal,0.9242
rasp1,31195,20261002-151629_clu_vm14-vm24-rasp14-rasp24-rasp34_allfive_r2,6845,perf_20261002-151629_clu_vm14-vm24-rasp14-rasp24-rasp34_allfive_r2,19,381,1790954200232,0,1790954397980.817,197.037,6.099,1790954398184.24,Normal,0.9494
rasp1,31195,20261002-151629_clu_vm14-vm24-rasp14-rasp24-rasp34_allfive_r2,6872,perf_20261002-151629_clu_vm14-vm24-rasp14-rasp24-rasp34_allfive_r2,19,382,1790954200234,0,1790954398184.817,388.575,7.077,1790954398580.763,Normal,0.9301
rasp1,31195,20261002-151629_clu_vm14-vm24-rasp14-rasp24-rasp34_allfive_r2,6874,perf_20261002-151629_clu_vm14-vm24-rasp14-rasp24-rasp34_allfive_r2,19,383,1790954200234,0,1790954398581.296,222.837,5.235,1790954398809.658,Normal,0.9561
rasp1,31195,20261002-151629_clu_vm14-vm24-rasp14-rasp24-rasp34_allfive_r2,6889,perf_20261002-151629_clu_vm14-vm24-rasp14-rasp24-rasp34_allfive_r2,19,384,1790954200236,0,1790954398810.245,198.347,5.839,1790954399014.779,Normal,0.9475
rasp1,31195,20261002-151629_clu_vm14-vm24-rasp14-rasp24-rasp34_allfive_r2,6902,perf_20261002-151629_clu_vm14-vm24-rasp14-rasp24-rasp34_allfive_r2,19,385,1790954200238,0,1790954399015.351,281.274,5.629,1790954399302.586,Normal,0.9327
rasp1,31195,20261002-151629_clu_vm14-vm24-rasp14-rasp24-rasp34_allfive_r2,6908,perf_20261002-151629_clu_vm14-vm24-rasp14-rasp24-rasp34_allfive_r2,19,386,1790954200238,0,1790954399303.187,240.692,5.577,1790954399549.75,Normal,0.9374
rasp1,31195,20261002-151629_clu_vm14-vm24-rasp14-rasp24-rasp34_allfive_r2,6911,perf_20261002-151629_clu_vm14-vm24-rasp14-rasp24-rasp34_allfive_r2,19,387,1790954200239,0,1790954399550.366,250.391,5.743,1790954399806.792,Normal,0.9588
rasp1,31195,20261002-151629_clu_vm14-vm24-rasp14-rasp24-rasp34_allfive_r2,6914,perf_20261002-151629_clu_vm14-vm24-rasp14-rasp24-rasp34_allfive_r2,19,388,1790954200239,0,1790954399807.347,221.39,6.103,1790954400035.14,Normal,0.9446
rasp1,31195,20261002-151629_clu_vm14-vm24-rasp14-rasp24-rasp34_allfive_r2,6915,perf_20261002-151629_clu_vm14-vm24-rasp14-rasp24-rasp34_allfive_r2,19,389,1790954200239,0,1790954400035.689,195.302,6.689,1790954400237.994,Normal,0.9375
rasp1,31195,20261002-151629_clu_vm14-vm24-rasp14-rasp24-rasp34_allfive_r2,6930,perf_20261002-151629_clu_vm14-vm24-rasp14-rasp24-rasp34_allfive_r2,19,390,1790954200240,0,1790954400238.526,249.331,5.695,1790954400493.886,Normal,0.9248
rasp1,31195,20261002-151629_clu_vm14-vm24-rasp14-rasp24-rasp34_allfive_r2,6932,perf_20261002-151629_clu_vm14-vm24-rasp14-rasp24-rasp34_allfive_r2,19,391,1790954200241,0,1790954400494.441,267.739,6.568,1790954400769.047,Normal,0.9557
rasp1,31195,20261002-151629_clu_vm14-vm24-rasp14-rasp24-rasp34_allfive_r2,6961,perf_20261002-151629_clu_vm14-vm24-rasp14-rasp24-rasp34_allfive_r2,19,392,1790954200244,0,1790954400769.613,195.76,6.013,1790954400971.675,Normal,0.9375
rasp1,31195,20261002-151629_clu_vm14-vm24-rasp14-rasp24-rasp34_allfive_r2,6976,perf_20261002-151629_clu_vm14-vm24-rasp14-rasp24-rasp34_allfive_r2,19,393,1790954200245,0,1790954400972.25,196.787,5.829,1790954401175.157,Normal,0.9475
rasp1,31195,20261002-151629_clu_vm14-vm24-rasp14-rasp24-rasp34_allfive_r2,6992,perf_20261002-151629_clu_vm14-vm24-rasp14-rasp24-rasp34_allfive_r2,19,394,1790954200247,0,1790954401175.742,251.554,5.686,1790954401433.278,Normal,0.8803
rasp1,31195,20261002-151629_clu_vm14-vm24-rasp14-rasp24-rasp34_allfive_r2,6995,perf_20261002-151629_clu_vm14-vm24-rasp14-rasp24-rasp34_allfive_r2,19,395,1790954200247,0,1790954401433.87,230.997,10.932,1790954401676.103,Normal,0.9566
rasp1,31195,20261002-151629_clu_vm14-vm24-rasp14-rasp24-rasp34_allfive_r2,7086,perf_20261002-151629_clu_vm14-vm24-rasp14-rasp24-rasp34_allfive_r2,19,396,1790954200258,0,1790954401676.753,291.534,7.045,1790954401975.635,Normal,0.9695
rasp1,31195,20261002-151629_clu_vm14-vm24-rasp14-rasp24-rasp34_allfive_r2,7151,perf_20261002-151629_clu_vm14-vm24-rasp14-rasp24-rasp34_allfive_r2,19,397,1790954200265,0,1790954401976.29,230.906,6.207,1790954402213.695,Normal,0.9473
rasp1,31195,20261002-151629_clu_vm14-vm24-rasp14-rasp24-rasp34_allfive_r2,7196,perf_20261002-151629_clu_vm14-vm24-rasp14-rasp24-rasp34_allfive_r2,19,398,1790954200275,0,1790954402214.331,1056.078,6.468,1790954403277.252,Normal,0.9537
rasp1,31195,20261002-151629_clu_vm14-vm24-rasp14-rasp24-rasp34_allfive_r2,7222,perf_20261002-151629_clu_vm14-vm24-rasp14-rasp24-rasp34_allfive_r2,19,399,1790954200277,0,1790954403277.85,210.486,5.913,1790954403494.539,Normal,0.951
rasp1,31195,20261002-151629_clu_vm14-vm24-rasp14-rasp24-rasp34_allfive_r2,7239,perf_20261002-151629_clu_vm14-vm24-rasp14-rasp24-rasp34_allfive_r2,19,400,1790954200286,0,1790954403495.152,210.92,5.708,1790954403712.074,OFFENSIVE,0.5402
rasp1,31195,20261002-151629_clu_vm14-vm24-rasp14-rasp24-rasp34_allfive_r2,7247,perf_20261002-151629_clu_vm14-vm24-rasp14-rasp24-rasp34_allfive_r2,19,401,1790954200287,0,1790954403712.693,603.712,5.285,1790954404322.071,Normal,0.9652
rasp1,31195,20261002-151629_clu_vm14-vm24-rasp14-rasp24-rasp34_allfive_r2,7334,perf_20261002-151629_clu_vm14-vm24-rasp14-rasp24-rasp34_allfive_r2,19,402,1790954200295,0,1790954404322.623,218.739,4.948,1790954404546.6,Normal,0.9329
rasp1,31195,20261002-151629_clu_vm14-vm24-rasp14-rasp24-rasp34_allfive_r2,7384,perf_20261002-151629_clu_vm14-vm24-rasp14-rasp24-rasp34_allfive_r2,19,403,1790954200300,0,1790954404547.161,201.885,5.752,1790954404755.092,Normal,0.9457
rasp1,31195,20261002-151629_clu_vm14-vm24-rasp14-rasp24-rasp34_allfive_r2,7387,perf_20261002-151629_clu_vm14-vm24-rasp14-rasp24-rasp34_allfive_r2,19,404,1790954200300,0,1790954404755.692,198.313,5.939,1790954404960.271,Normal,0.9459
rasp1,31195,20261002-151629_clu_vm14-vm24-rasp14-rasp24-rasp34_allfive_r2,7389,perf_20261002-151629_clu_vm14-vm24-rasp14-rasp24-rasp34_allfive_r2,19,405,1790954200300,0,1790954404960.856,248.487,5.538,1790954405215.167,Normal,0.8771
rasp1,31195,20261002-151629_clu_vm14-vm24-rasp14-rasp24-rasp34_allfive_r2,7397,perf_20261002-151629_clu_vm14-vm24-rasp14-rasp24-rasp34_allfive_r2,19,406,1790954200301,0,1790954405215.683,199.94,5.728,1790954405421.692,Normal,0.9423
rasp1,31195,20261002-151629_clu_vm14-vm24-rasp14-rasp24-rasp34_allfive_r2,7417,perf_20261002-151629_clu_vm14-vm24-rasp14-rasp24-rasp34_allfive_r2,19,407,1790954200304,0,1790954405422.287,255.975,5.609,1790954405684.168,Normal,0.7241
rasp1,31195,20261002-151629_clu_vm14-vm24-rasp14-rasp24-rasp34_allfive_r2,7438,perf_20261002-151629_clu_vm14-vm24-rasp14-rasp24-rasp34_allfive_r2,19,408,1790954200306,0,1790954405684.697,237.818,6.714,1790954405929.586,Normal,0.8999
rasp1,31195,20261002-151629_clu_vm14-vm24-rasp14-rasp24-rasp34_allfive_r2,7442,perf_20261002-151629_clu_vm14-vm24-rasp14-rasp24-rasp34_allfive_r2,19,409,1790954200306,0,1790954405930.153,309.341,6.086,1790954406245.924,Normal,0.973
rasp1,31195,20261002-151629_clu_vm14-vm24-rasp14-rasp24-rasp34_allfive_r2,7493,perf_20261002-151629_clu_vm14-vm24-rasp14-rasp24-rasp34_allfive_r2,19,410,1790954200311,0,1790954406246.478,273.298,5.065,1790954406525.148,Normal,0.9422
rasp1,31195,20261002-151629_clu_vm14-vm24-rasp14-rasp24-rasp34_allfive_r2,7497,perf_20261002-151629_clu_vm14-vm24-rasp14-rasp24-rasp34_allfive_r2,19,411,1790954200311,0,1790954406525.678,355.174,4.977,1790954406886.121,Normal,0.8922
rasp1,31195,20261002-151629_clu_vm14-vm24-rasp14-rasp24-rasp34_allfive_r2,7504,perf_20261002-151629_clu_vm14-vm24-rasp14-rasp24-rasp34_allfive_r2,19,412,1790954200312,0,1790954406886.644,217.985,5.387,1790954407110.36,Normal,0.9645
rasp1,31195,20261002-151629_clu_vm14-vm24-rasp14-rasp24-rasp34_allfive_r2,7510,perf_20261002-151629_clu_vm14-vm24-rasp14-rasp24-rasp34_allfive_r2,19,413,1790954200312,0,1790954407110.945,487.839,5.746,1790954407604.824,Normal,0.9663
rasp1,31195,20261002-151629_clu_vm14-vm24-rasp14-rasp24-rasp34_allfive_r2,7513,perf_20261002-151629_clu_vm14-vm24-rasp14-rasp24-rasp34_allfive_r2,19,414,1790954200312,0,1790954407605.354,211.188,5.708,1790954407822.74,Normal,0.824
rasp1,31195,20261002-151629_clu_vm14-vm24-rasp14-rasp24-rasp34_allfive_r2,7520,perf_20261002-151629_clu_vm14-vm24-rasp14-rasp24-rasp34_allfive_r2,19,415,1790954200313,0,1790954407823.287,210.336,5.878,1790954408039.883,Normal,0.7856
rasp1,31195,20261002-151629_clu_vm14-vm24-rasp14-rasp24-rasp34_allfive_r2,7545,perf_20261002-151629_clu_vm14-vm24-rasp14-rasp24-rasp34_allfive_r2,19,416,1790954200319,0,1790954408040.418,287.875,6.895,1790954408335.475,Normal,0.9509
rasp1,31195,20261002-151629_clu_vm14-vm24-rasp14-rasp24-rasp34_allfive_r2,7556,perf_20261002-151629_clu_vm14-vm24-rasp14-rasp24-rasp34_allfive_r2,19,417,1790954200320,0,1790954408336.049,259.348,6.664,1790954408602.406,Normal,0.9447
rasp1,31195,20261002-151629_clu_vm14-vm24-rasp14-rasp24-rasp34_allfive_r2,7584,perf_20261002-151629_clu_vm14-vm24-rasp14-rasp24-rasp34_allfive_r2,19,418,1790954200322,0,1790954408603.115,279.997,5.549,1790954408888.962,Normal,0.9423
rasp1,31195,20261002-151629_clu_vm14-vm24-rasp14-rasp24-rasp34_allfive_r2,7585,perf_20261002-151629_clu_vm14-vm24-rasp14-rasp24-rasp34_allfive_r2,19,419,1790954200322,0,1790954408889.52,242.908,4.992,1790954409137.74,Normal,0.9714
rasp1,31195,20261002-151629_clu_vm14-vm24-rasp14-rasp24-rasp34_allfive_r2,7632,perf_20261002-151629_clu_vm14-vm24-rasp14-rasp24-rasp34_allfive_r2,19,420,1790954200328,0,1790954409138.261,199.291,5.945,1790954409343.833,Normal,0.9423
rasp1,31195,20261002-151629_clu_vm14-vm24-rasp14-rasp24-rasp34_allfive_r2,7654,perf_20261002-151629_clu_vm14-vm24-rasp14-rasp24-rasp34_allfive_r2,19,421,1790954200331,0,1790954409344.384,474.346,6.101,1790954409825.134,Normal,0.9551
rasp1,31195,20261002-151629_clu_vm14-vm24-rasp14-rasp24-rasp34_allfive_r2,7672,perf_20261002-151629_clu_vm14-vm24-rasp14-rasp24-rasp34_allfive_r2,19,422,1790954200332,0,1790954409825.754,243.427,5.496,1790954410074.973,Normal,0.974
rasp1,31195,20261002-151629_clu_vm14-vm24-rasp14-rasp24-rasp34_allfive_r2,7675,perf_20261002-151629_clu_vm14-vm24-rasp14-rasp24-rasp34_allfive_r2,19,423,1790954200332,0,1790954410075.518,220.443,6.313,1790954410302.571,Normal,0.7473
rasp1,31195,20261002-151629_clu_vm14-vm24-rasp14-rasp24-rasp34_allfive_r2,7718,perf_20261002-151629_clu_vm14-vm24-rasp14-rasp24-rasp34_allfive_r2,19,424,1790954200341,0,1790954410303.165,281.58,6.063,1790954410591.117,Normal,0.9438
rasp1,31195,20261002-151629_clu_vm14-vm24-rasp14-rasp24-rasp34_allfive_r2,7722,perf_20261002-151629_clu_vm14-vm24-rasp14-rasp24-rasp34_allfive_r2,19,425,1790954200341,0,1790954410591.682,280.559,5.909,1790954410878.458,Normal,0.9686
rasp1,31195,20261002-151629_clu_vm14-vm24-rasp14-rasp24-rasp34_allfive_r2,7727,perf_20261002-151629_clu_vm14-vm24-rasp14-rasp24-rasp34_allfive_r2,19,426,1790954200341,0,1790954410879.077,251.814,6.381,1790954411137.579,Normal,0.962
rasp1,31195,20261002-151629_clu_vm14-vm24-rasp14-rasp24-rasp34_allfive_r2,7737,perf_20261002-151629_clu_vm14-vm24-rasp14-rasp24-rasp34_allfive_r2,19,427,1790954200342,0,1790954411138.189,226.826,5.817,1790954411371.128,Normal,0.9486
rasp1,31195,20261002-151629_clu_vm14-vm24-rasp14-rasp24-rasp34_allfive_r2,7798,perf_20261002-151629_clu_vm14-vm24-rasp14-rasp24-rasp34_allfive_r2,19,428,1790954200389,0,1790954411371.737,199.118,6.126,1790954411577.267,Normal,0.9303
rasp1,31195,20261002-151629_clu_vm14-vm24-rasp14-rasp24-rasp34_allfive_r2,7810,perf_20261002-151629_clu_vm14-vm24-rasp14-rasp24-rasp34_allfive_r2,19,429,1790954200405,0,1790954411577.832,224.012,5.724,1790954411807.868,Normal,0.9641
rasp1,31195,20261002-151629_clu_vm14-vm24-rasp14-rasp24-rasp34_allfive_r2,7828,perf_20261002-151629_clu_vm14-vm24-rasp14-rasp24-rasp34_allfive_r2,19,430,1790954200417,0,1790954411808.438,355.646,6.04,1790954412170.438,Normal,0.9765
rasp1,31195,20261002-151629_clu_vm14-vm24-rasp14-rasp24-rasp34_allfive_r2,7863,perf_20261002-151629_clu_vm14-vm24-rasp14-rasp24-rasp34_allfive_r2,19,431,1790954200449,0,1790954412171.151,203.752,5.704,1790954412380.918,Normal,0.903
rasp1,31195,20261002-151629_clu_vm14-vm24-rasp14-rasp24-rasp34_allfive_r2,7874,perf_20261002-151629_clu_vm14-vm24-rasp14-rasp24-rasp34_allfive_r2,19,432,1790954200467,0,1790954412381.506,755.27,6.094,1790954413143.196,Normal,0.8151
rasp1,31195,20261002-151629_clu_vm14-vm24-rasp14-rasp24-rasp34_allfive_r2,7906,perf_20261002-151629_clu_vm14-vm24-rasp14-rasp24-rasp34_allfive_r2,19,433,1790954200507,0,1790954413143.802,221.277,6.231,1790954413371.597,Normal,0.9554
rasp1,31195,20261002-151629_clu_vm14-vm24-rasp14-rasp24-rasp34_allfive_r2,7932,perf_20261002-151629_clu_vm14-vm24-rasp14-rasp24-rasp34_allfive_r2,19,434,1790954200511,0,1790954413372.203,197.944,4.869,1790954413575.302,Normal,0.9375
rasp1,31195,20261002-151629_clu_vm14-vm24-rasp14-rasp24-rasp34_allfive_r2,7954,perf_20261002-151629_clu_vm14-vm24-rasp14-rasp24-rasp34_allfive_r2,19,435,1790954200514,0,1790954413575.875,713.581,5.299,1790954414295.111,Normal,0.9713
rasp1,31195,20261002-151629_clu_vm14-vm24-rasp14-rasp24-rasp34_allfive_r2,7998,perf_20261002-151629_clu_vm14-vm24-rasp14-rasp24-rasp34_allfive_r2,19,436,1790954200528,0,1790954414295.895,443.05,5.249,1790954414744.492,Normal,0.9778
rasp1,31195,20261002-151629_clu_vm14-vm24-rasp14-rasp24-rasp34_allfive_r2,8014,perf_20261002-151629_clu_vm14-vm24-rasp14-rasp24-rasp34_allfive_r2,19,437,1790954200545,0,1790954414745.077,196.99,5.715,1790954414948.079,Normal,0.9401
rasp1,31195,20261002-151629_clu_vm14-vm24-rasp14-rasp24-rasp34_allfive_r2,8065,perf_20261002-151629_clu_vm14-vm24-rasp14-rasp24-rasp34_allfive_r2,19,438,1790954200580,0,1790954414948.637,324.197,5.796,1790954415278.93,Normal,0.9388
rasp1,31195,20261002-151629_clu_vm14-vm24-rasp14-rasp24-rasp34_allfive_r2,8115,perf_20261002-151629_clu_vm14-vm24-rasp14-rasp24-rasp34_allfive_r2,19,439,1790954200594,0,1790954415279.644,221.384,6.15,1790954415507.477,Normal,0.9565
rasp1,31195,20261002-151629_clu_vm14-vm24-rasp14-rasp24-rasp34_allfive_r2,8118,perf_20261002-151629_clu_vm14-vm24-rasp14-rasp24-rasp34_allfive_r2,19,440,1790954200595,0,1790954415508.054,398.952,6.277,1790954415913.586,Normal,0.9558
rasp1,31195,20261002-151629_clu_vm14-vm24-rasp14-rasp24-rasp34_allfive_r2,8137,perf_20261002-151629_clu_vm14-vm24-rasp14-rasp24-rasp34_allfive_r2,19,441,1790954200606,0,1790954415914.187,224.8,6.128,1790954416145.406,Normal,0.9718
rasp1,31195,20261002-151629_clu_vm14-vm24-rasp14-rasp24-rasp34_allfive_r2,8145,perf_20261002-151629_clu_vm14-vm24-rasp14-rasp24-rasp34_allfive_r2,19,442,1790954200607,0,1790954416145.98,194.543,4.924,1790954416345.848,Normal,0.9375
rasp1,31195,20261002-151629_clu_vm14-vm24-rasp14-rasp24-rasp34_allfive_r2,8166,perf_20261002-151629_clu_vm14-vm24-rasp14-rasp24-rasp34_allfive_r2,19,443,1790954200608,0,1790954416346.362,286.628,7.123,1790954416640.406,Normal,0.8442
rasp1,31195,20261002-151629_clu_vm14-vm24-rasp14-rasp24-rasp34_allfive_r2,8178,perf_20261002-151629_clu_vm14-vm24-rasp14-rasp24-rasp34_allfive_r2,19,444,1790954200620,0,1790954416640.977,347.674,5.942,1790954416994.944,Normal,0.9594
rasp1,31195,20261002-151629_clu_vm14-vm24-rasp14-rasp24-rasp34_allfive_r2,8186,perf_20261002-151629_clu_vm14-vm24-rasp14-rasp24-rasp34_allfive_r2,19,445,1790954200620,0,1790954416995.498,253.567,6.288,1790954417255.652,Normal,0.9595
rasp1,31195,20261002-151629_clu_vm14-vm24-rasp14-rasp24-rasp34_allfive_r2,8219,perf_20261002-151629_clu_vm14-vm24-rasp14-rasp24-rasp34_allfive_r2,19,446,1790954200635,0,1790954417256.258,281.885,6.287,1790954417544.738,Normal,0.9718
rasp1,31195,20261002-151629_clu_vm14-vm24-rasp14-rasp24-rasp34_allfive_r2,8223,perf_20261002-151629_clu_vm14-vm24-rasp14-rasp24-rasp34_allfive_r2,19,447,1790954200642,0,1790954417545.349,361.302,6.844,1790954417913.925,Normal,0.9702
rasp1,31195,20261002-151629_clu_vm14-vm24-rasp14-rasp24-rasp34_allfive_r2,8272,perf_20261002-151629_clu_vm14-vm24-rasp14-rasp24-rasp34_allfive_r2,19,448,1790954200653,0,1790954417914.96,314.059,6.172,1790954418235.606,Normal,0.8365
rasp1,31195,20261002-151629_clu_vm14-vm24-rasp14-rasp24-rasp34_allfive_r2,8285,perf_20261002-151629_clu_vm14-vm24-rasp14-rasp24-rasp34_allfive_r2,19,449,1790954200654,0,1790954418236.227,258.373,6.261,1790954418501.271,Normal,0.8474
rasp1,31195,20261002-151629_clu_vm14-vm24-rasp14-rasp24-rasp34_allfive_r2,8286,perf_20261002-151629_clu_vm14-vm24-rasp14-rasp24-rasp34_allfive_r2,19,450,1790954200655,0,1790954418501.832,341.674,5.919,1790954418849.769,Normal,0.9751
rasp1,31195,20261002-151629_clu_vm14-vm24-rasp14-rasp24-rasp34_allfive_r2,8297,perf_20261002-151629_clu_vm14-vm24-rasp14-rasp24-rasp34_allfive_r2,19,451,1790954200656,0,1790954418850.305,219.604,6.156,1790954419076.355,Normal,0.9277
rasp1,31195,20261002-151629_clu_vm14-vm24-rasp14-rasp24-rasp34_allfive_r2,8353,perf_20261002-151629_clu_vm14-vm24-rasp14-rasp24-rasp34_allfive_r2,19,452,1790954200664,0,1790954419076.931,291.445,5.708,1790954419374.388,Normal,0.9462
rasp1,31195,20261002-151629_clu_vm14-vm24-rasp14-rasp24-rasp34_allfive_r2,8437,perf_20261002-151629_clu_vm14-vm24-rasp14-rasp24-rasp34_allfive_r2,19,453,1790954200678,0,1790954419374.982,291.997,5.72,1790954419672.989,Normal,0.7989
rasp1,31195,20261002-151629_clu_vm14-vm24-rasp14-rasp24-rasp34_allfive_r2,8454,perf_20261002-151629_clu_vm14-vm24-rasp14-rasp24-rasp34_allfive_r2,19,454,1790954200679,0,1790954419673.513,284.239,5.756,1790954419963.824,Normal,0.919
rasp1,31195,20261002-151629_clu_vm14-vm24-rasp14-rasp24-rasp34_allfive_r2,8474,perf_20261002-151629_clu_vm14-vm24-rasp14-rasp24-rasp34_allfive_r2,19,455,1790954200681,0,1790954419964.399,267.685,6.596,1790954420238.972,Normal,0.9638
rasp1,31195,20261002-151629_clu_vm14-vm24-rasp14-rasp24-rasp34_allfive_r2,8476,perf_20261002-151629_clu_vm14-vm24-rasp14-rasp24-rasp34_allfive_r2,19,456,1790954200681,0,1790954420239.517,193.436,5.645,1790954420438.888,Normal,0.8992
rasp1,31195,20261002-151629_clu_vm14-vm24-rasp14-rasp24-rasp34_allfive_r2,8478,perf_20261002-151629_clu_vm14-vm24-rasp14-rasp24-rasp34_allfive_r2,19,457,1790954200681,0,1790954420439.532,650.457,5.819,1790954421096.105,Normal,0.775
rasp1,31195,20261002-151629_clu_vm14-vm24-rasp14-rasp24-rasp34_allfive_r2,8529,perf_20261002-151629_clu_vm14-vm24-rasp14-rasp24-rasp34_allfive_r2,19,458,1790954200686,0,1790954421096.636,213.394,5.952,1790954421316.28,Normal,0.9499
rasp1,31195,20261002-151629_clu_vm14-vm24-rasp14-rasp24-rasp34_allfive_r2,8530,perf_20261002-151629_clu_vm14-vm24-rasp14-rasp24-rasp34_allfive_r2,19,459,1790954200686,0,1790954421316.865,197.044,5.67,1790954421519.86,Normal,0.8674
rasp1,31195,20261002-151629_clu_vm14-vm24-rasp14-rasp24-rasp34_allfive_r2,8553,perf_20261002-151629_clu_vm14-vm24-rasp14-rasp24-rasp34_allfive_r2,19,460,1790954200689,0,1790954421520.381,259.398,6.171,1790954421786.25,Normal,0.9342
rasp1,31195,20261002-151629_clu_vm14-vm24-rasp14-rasp24-rasp34_allfive_r2,8683,perf_20261002-151629_clu_vm14-vm24-rasp14-rasp24-rasp34_allfive_r2,19,461,1790954200706,0,1790954421786.953,218.304,6.082,1790954422011.677,Normal,0.6206
rasp1,31195,20261002-151629_clu_vm14-vm24-rasp14-rasp24-rasp34_allfive_r2,8689,perf_20261002-151629_clu_vm14-vm24-rasp14-rasp24-rasp34_allfive_r2,19,462,1790954200707,0,1790954422012.238,210.205,6.138,1790954422228.897,Normal,0.9626
rasp1,31195,20261002-151629_clu_vm14-vm24-rasp14-rasp24-rasp34_allfive_r2,8706,perf_20261002-151629_clu_vm14-vm24-rasp14-rasp24-rasp34_allfive_r2,19,463,1790954200708,0,1790954422229.44,1187.531,8.046,1790954423425.333,Normal,0.9778
rasp1,31195,20261002-151629_clu_vm14-vm24-rasp14-rasp24-rasp34_allfive_r2,8717,perf_20261002-151629_clu_vm14-vm24-rasp14-rasp24-rasp34_allfive_r2,19,464,1790954200709,0,1790954423425.928,220.628,6.121,1790954423653.002,Normal,0.9441
rasp1,31195,20261002-151629_clu_vm14-vm24-rasp14-rasp24-rasp34_allfive_r2,8791,perf_20261002-151629_clu_vm14-vm24-rasp14-rasp24-rasp34_allfive_r2,19,465,1790954200719,0,1790954423653.534,307.85,6.667,1790954423968.328,Normal,0.9471
rasp1,31195,20261002-151629_clu_vm14-vm24-rasp14-rasp24-rasp34_allfive_r2,8840,perf_20261002-151629_clu_vm14-vm24-rasp14-rasp24-rasp34_allfive_r2,19,466,1790954200723,0,1790954423968.898,222.192,6.206,1790954424197.581,Normal,0.9558
rasp1,31195,20261002-151629_clu_vm14-vm24-rasp14-rasp24-rasp34_allfive_r2,8843,perf_20261002-151629_clu_vm14-vm24-rasp14-rasp24-rasp34_allfive_r2,19,467,1790954200727,0,1790954424198.168,194.663,6.145,1790954424399.252,Normal,0.8296
rasp1,31195,20261002-151629_clu_vm14-vm24-rasp14-rasp24-rasp34_allfive_r2,8855,perf_20261002-151629_clu_vm14-vm24-rasp14-rasp24-rasp34_allfive_r2,19,468,1790954200728,0,1790954424399.827,637.752,5.017,1790954425042.925,Normal,0.7309
rasp1,31195,20261002-151629_clu_vm14-vm24-rasp14-rasp24-rasp34_allfive_r2,8903,perf_20261002-151629_clu_vm14-vm24-rasp14-rasp24-rasp34_allfive_r2,19,469,1790954200733,0,1790954425043.515,212.714,6.3,1790954425262.815,Normal,0.9475
rasp1,31195,20261002-151629_clu_vm14-vm24-rasp14-rasp24-rasp34_allfive_r2,8915,perf_20261002-151629_clu_vm14-vm24-rasp14-rasp24-rasp34_allfive_r2,19,470,1790954200734,0,1790954425263.362,220.491,6.969,1790954425491.124,Normal,0.9271
rasp1,31195,20261002-151629_clu_vm14-vm24-rasp14-rasp24-rasp34_allfive_r2,8920,perf_20261002-151629_clu_vm14-vm24-rasp14-rasp24-rasp34_allfive_r2,19,471,1790954200734,0,1790954425491.675,269.71,5.878,1790954425767.568,Normal,0.9622
rasp1,31195,20261002-151629_clu_vm14-vm24-rasp14-rasp24-rasp34_allfive_r2,8935,perf_20261002-151629_clu_vm14-vm24-rasp14-rasp24-rasp34_allfive_r2,19,472,1790954200735,0,1790954425768.213,247.898,7.247,1790954426023.66,Normal,0.947
rasp1,31195,20261002-151629_clu_vm14-vm24-rasp14-rasp24-rasp34_allfive_r2,8964,perf_20261002-151629_clu_vm14-vm24-rasp14-rasp24-rasp34_allfive_r2,19,473,1790954200738,0,1790954426024.234,287.709,5.898,1790954426318.141,Normal,0.9651
rasp1,31195,20261002-151629_clu_vm14-vm24-rasp14-rasp24-rasp34_allfive_r2,9022,perf_20261002-151629_clu_vm14-vm24-rasp14-rasp24-rasp34_allfive_r2,19,474,1790954200743,0,1790954426318.776,289.828,6.198,1790954426615.126,Normal,0.9562
rasp1,31195,20261002-151629_clu_vm14-vm24-rasp14-rasp24-rasp34_allfive_r2,9030,perf_20261002-151629_clu_vm14-vm24-rasp14-rasp24-rasp34_allfive_r2,19,475,1790954200744,0,1790954426615.677,193.593,6.391,1790954426815.946,Normal,0.7342
rasp1,31195,20261002-151629_clu_vm14-vm24-rasp14-rasp24-rasp34_allfive_r2,9058,perf_20261002-151629_clu_vm14-vm24-rasp14-rasp24-rasp34_allfive_r2,19,476,1790954200746,0,1790954426816.513,269.94,6.336,1790954427093.125,Normal,0.9384
rasp1,31195,20261002-151629_clu_vm14-vm24-rasp14-rasp24-rasp34_allfive_r2,9086,perf_20261002-151629_clu_vm14-vm24-rasp14-rasp24-rasp34_allfive_r2,19,477,1790954200749,0,1790954427093.677,311.836,5.466,1790954427411.328,Normal,0.9587
rasp1,31195,20261002-151629_clu_vm14-vm24-rasp14-rasp24-rasp34_allfive_r2,9101,perf_20261002-151629_clu_vm14-vm24-rasp14-rasp24-rasp34_allfive_r2,19,478,1790954200750,0,1790954427411.918,286.027,5.897,1790954427704.139,Normal,0.963
rasp1,31195,20261002-151629_clu_vm14-vm24-rasp14-rasp24-rasp34_allfive_r2,9152,perf_20261002-151629_clu_vm14-vm24-rasp14-rasp24-rasp34_allfive_r2,19,479,1790954200755,0,1790954427704.696,216.525,5.548,1790954427927.192,Normal,0.6448
rasp1,31195,20261002-151629_clu_vm14-vm24-rasp14-rasp24-rasp34_allfive_r2,9227,perf_20261002-151629_clu_vm14-vm24-rasp14-rasp24-rasp34_allfive_r2,19,480,1790954200764,0,1790954427927.74,195.575,5.302,1790954428128.909,Normal,0.9375
rasp1,31195,20261002-151629_clu_vm14-vm24-rasp14-rasp24-rasp34_allfive_r2,9240,perf_20261002-151629_clu_vm14-vm24-rasp14-rasp24-rasp34_allfive_r2,19,481,1790954200765,0,1790954428129.466,351.008,6.238,1790954428492.966,Normal,0.8861
rasp1,31195,20261002-151629_clu_vm14-vm24-rasp14-rasp24-rasp34_allfive_r2,9254,perf_20261002-151629_clu_vm14-vm24-rasp14-rasp24-rasp34_allfive_r2,19,482,1790954200770,0,1790954428493.547,294.749,6.579,1790954428795.175,OFFENSIVE,0.8989
rasp1,31195,20261002-151629_clu_vm14-vm24-rasp14-rasp24-rasp34_allfive_r2,9273,perf_20261002-151629_clu_vm14-vm24-rasp14-rasp24-rasp34_allfive_r2,19,483,1790954200772,0,1790954428795.756,499.67,5.709,1790954429301.551,Normal,0.5852
rasp1,31195,20261002-151629_clu_vm14-vm24-rasp14-rasp24-rasp34_allfive_r2,9287,perf_20261002-151629_clu_vm14-vm24-rasp14-rasp24-rasp34_allfive_r2,19,484,1790954200774,0,1790954429302.167,218.975,5.916,1790954429527.345,Normal,0.979
rasp1,31195,20261002-151629_clu_vm14-vm24-rasp14-rasp24-rasp34_allfive_r2,9315,perf_20261002-151629_clu_vm14-vm24-rasp14-rasp24-rasp34_allfive_r2,19,485,1790954200776,0,1790954429528.023,256.511,5.94,1790954429790.808,Normal,0.9699
rasp1,31195,20261002-151629_clu_vm14-vm24-rasp14-rasp24-rasp34_allfive_r2,9349,perf_20261002-151629_clu_vm14-vm24-rasp14-rasp24-rasp34_allfive_r2,19,486,1790954200779,0,1790954429791.343,448.425,5.245,1790954430245.3,Normal,0.9235
rasp1,31195,20261002-151629_clu_vm14-vm24-rasp14-rasp24-rasp34_allfive_r2,9350,perf_20261002-151629_clu_vm14-vm24-rasp14-rasp24-rasp34_allfive_r2,19,487,1790954200779,0,1790954430245.862,244.514,5.77,1790954430496.441,Normal,0.9516
rasp1,31195,20261002-151629_clu_vm14-vm24-rasp14-rasp24-rasp34_allfive_r2,9376,perf_20261002-151629_clu_vm14-vm24-rasp14-rasp24-rasp34_allfive_r2,19,488,1790954200782,0,1790954430497.022,616.049,5.592,1790954431118.984,Normal,0.9626
rasp1,31195,20261002-151629_clu_vm14-vm24-rasp14-rasp24-rasp34_allfive_r2,9390,perf_20261002-151629_clu_vm14-vm24-rasp14-rasp24-rasp34_allfive_r2,19,489,1790954200784,0,1790954431119.553,312.38,5.387,1790954431437.613,Normal,0.9712
rasp1,31195,20261002-151629_clu_vm14-vm24-rasp14-rasp24-rasp34_allfive_r2,9418,perf_20261002-151629_clu_vm14-vm24-rasp14-rasp24-rasp34_allfive_r2,19,490,1790954200786,0,1790954431438.206,381.57,5.714,1790954431825.793,Normal,0.9442
rasp1,31195,20261002-151629_clu_vm14-vm24-rasp14-rasp24-rasp34_allfive_r2,9449,perf_20261002-151629_clu_vm14-vm24-rasp14-rasp24-rasp34_allfive_r2,19,491,1790954200792,0,1790954431826.346,647.764,5.919,1790954432480.323,Normal,0.9567
rasp1,31195,20261002-151629_clu_vm14-vm24-rasp14-rasp24-rasp34_allfive_r2,9471,perf_20261002-151629_clu_vm14-vm24-rasp14-rasp24-rasp34_allfive_r2,19,492,1790954200794,0,1790954432480.943,320.204,6.216,1790954432807.677,Normal,0.8936
rasp1,31195,20261002-151629_clu_vm14-vm24-rasp14-rasp24-rasp34_allfive_r2,9509,perf_20261002-151629_clu_vm14-vm24-rasp14-rasp24-rasp34_allfive_r2,19,493,1790954200798,0,1790954432808.313,344.907,5.858,1790954433159.385,Normal,0.9461
rasp1,31195,20261002-151629_clu_vm14-vm24-rasp14-rasp24-rasp34_allfive_r2,9566,perf_20261002-151629_clu_vm14-vm24-rasp14-rasp24-rasp34_allfive_r2,19,494,1790954200804,0,1790954433160.002,294.443,6.611,1790954433461.428,Normal,0.9329
rasp1,31195,20261002-151629_clu_vm14-vm24-rasp14-rasp24-rasp34_allfive_r2,9626,perf_20261002-151629_clu_vm14-vm24-rasp14-rasp24-rasp34_allfive_r2,19,495,1790954200812,0,1790954433462.088,218.545,5.484,1790954433686.507,Normal,0.8809
rasp1,31195,20261002-151629_clu_vm14-vm24-rasp14-rasp24-rasp34_allfive_r2,9631,perf_20261002-151629_clu_vm14-vm24-rasp14-rasp24-rasp34_allfive_r2,19,496,1790954200813,0,1790954433687.16,226.0,5.594,1790954433919.051,Normal,0.9556
rasp1,31195,20261002-151629_clu_vm14-vm24-rasp14-rasp24-rasp34_allfive_r2,9652,perf_20261002-151629_clu_vm14-vm24-rasp14-rasp24-rasp34_allfive_r2,19,497,1790954200814,0,1790954433919.594,345.968,6.067,1790954434271.965,Normal,0.9651
rasp1,31195,20261002-151629_clu_vm14-vm24-rasp14-rasp24-rasp34_allfive_r2,9670,perf_20261002-151629_clu_vm14-vm24-rasp14-rasp24-rasp34_allfive_r2,19,498,1790954200816,0,1790954434272.524,219.45,5.756,1790954434498.018,Normal,0.9603
rasp1,31195,20261002-151629_clu_vm14-vm24-rasp14-rasp24-rasp34_allfive_r2,9675,perf_20261002-151629_clu_vm14-vm24-rasp14-rasp24-rasp34_allfive_r2,19,499,1790954200817,0,1790954434498.55,197.987,6.218,1790954434703.086,Normal,0.8702
rasp1,31195,20261002-151629_clu_vm14-vm24-rasp14-rasp24-rasp34_allfive_r2,9685,perf_20261002-151629_clu_vm14-vm24-rasp14-rasp24-rasp34_allfive_r2,19,500,1790954200817,0,1790954434710.307,250.995,6.229,1790954434967.927,Normal,0.9649
rasp1,31195,20261002-151629_clu_vm14-vm24-rasp14-rasp24-rasp34_allfive_r2,9731,perf_20261002-151629_clu_vm14-vm24-rasp14-rasp24-rasp34_allfive_r2,19,501,1790954200822,0,1790954434968.522,315.53,5.667,1790954435290.015,Normal,0.9516
rasp1,31195,20261002-151629_clu_vm14-vm24-rasp14-rasp24-rasp34_allfive_r2,9741,perf_20261002-151629_clu_vm14-vm24-rasp14-rasp24-rasp34_allfive_r2,19,502,1790954200823,0,1790954435290.549,485.415,5.77,1790954435782.038,Normal,0.9663
rasp1,31195,20261002-151629_clu_vm14-vm24-rasp14-rasp24-rasp34_allfive_r2,9747,perf_20261002-151629_clu_vm14-vm24-rasp14-rasp24-rasp34_allfive_r2,19,503,1790954200823,0,1790954435782.586,216.352,5.306,1790954436004.535,Normal,0.9627
rasp1,31195,20261002-151629_clu_vm14-vm24-rasp14-rasp24-rasp34_allfive_r2,9778,perf_20261002-151629_clu_vm14-vm24-rasp14-rasp24-rasp34_allfive_r2,19,504,1790954200826,0,1790954436005.134,218.765,5.81,1790954436230.015,Normal,0.95
rasp1,31195,20261002-151629_clu_vm14-vm24-rasp14-rasp24-rasp34_allfive_r2,9822,perf_20261002-151629_clu_vm14-vm24-rasp14-rasp24-rasp34_allfive_r2,19,505,1790954200830,0,1790954436230.572,347.373,5.685,1790954436583.937,Normal,0.957
rasp1,31195,20261002-151629_clu_vm14-vm24-rasp14-rasp24-rasp34_allfive_r2,9835,perf_20261002-151629_clu_vm14-vm24-rasp14-rasp24-rasp34_allfive_r2,19,506,1790954200831,0,1790954436584.509,214.63,6.557,1790954436805.992,Normal,0.9301
rasp1,31195,20261002-151629_clu_vm14-vm24-rasp14-rasp24-rasp34_allfive_r2,9839,perf_20261002-151629_clu_vm14-vm24-rasp14-rasp24-rasp34_allfive_r2,19,507,1790954200832,0,1790954436806.552,214.319,4.974,1790954437026.188,Normal,0.9414
rasp1,31195,20261002-151629_clu_vm14-vm24-rasp14-rasp24-rasp34_allfive_r2,9851,perf_20261002-151629_clu_vm14-vm24-rasp14-rasp24-rasp34_allfive_r2,19,508,1790954200833,0,1790954437026.77,219.129,6.065,1790954437252.235,Normal,0.8718
rasp1,31195,20261002-151629_clu_vm14-vm24-rasp14-rasp24-rasp34_allfive_r2,9869,perf_20261002-151629_clu_vm14-vm24-rasp14-rasp24-rasp34_allfive_r2,19,509,1790954200834,0,1790954437252.853,255.035,5.408,1790954437513.577,Normal,0.9582
rasp1,31195,20261002-151629_clu_vm14-vm24-rasp14-rasp24-rasp34_allfive_r2,9889,perf_20261002-151629_clu_vm14-vm24-rasp14-rasp24-rasp34_allfive_r2,19,510,1790954200836,0,1790954437514.172,223.695,5.186,1790954437743.327,Normal,0.9675
rasp1,31195,20261002-151629_clu_vm14-vm24-rasp14-rasp24-rasp34_allfive_r2,9907,perf_20261002-151629_clu_vm14-vm24-rasp14-rasp24-rasp34_allfive_r2,19,511,1790954200838,0,1790954437744.018,215.145,6.431,1790954437965.876,Normal,0.9424
rasp1,31195,20261002-151629_clu_vm14-vm24-rasp14-rasp24-rasp34_allfive_r2,9931,perf_20261002-151629_clu_vm14-vm24-rasp14-rasp24-rasp34_allfive_r2,19,512,1790954200840,0,1790954437966.417,197.431,5.625,1790954438169.763,Normal,0.9176
rasp1,31195,20261002-151629_clu_vm14-vm24-rasp14-rasp24-rasp34_allfive_r2,9932,perf_20261002-151629_clu_vm14-vm24-rasp14-rasp24-rasp34_allfive_r2,19,513,1790954200840,0,1790954438170.308,198.207,5.467,1790954438374.308,Normal,0.9176
rasp1,31195,20261002-151629_clu_vm14-vm24-rasp14-rasp24-rasp34_allfive_r2,9968,perf_20261002-151629_clu_vm14-vm24-rasp14-rasp24-rasp34_allfive_r2,19,514,1790954200843,0,1790954438374.89,213.24,6.134,1790954438594.539,Normal,0.9424
