---- STARTING OMNI-PROCESSOR ----
-> Connected to Elasticsearch at http://172.16.10.94:9200 | Index: perf_20261002-135013_clu_vm24_onenode_r1
-> Loading model from /home/ubuntu/hsp/src/../models/bert_final on cpu...
-> BERT Model Loaded successfully.
-> Benchmark log: /home/ubuntu/hsp/reports/scaling/20261002-135013_clu_vm24_onenode_r1/bench_vm2_1.csv | node vm2 | group g_20261002-135013_clu_vm24_onenode_r1
------------------------------------------------------------------------------------------------------------------------
DOMAIN       | SOURCE   | PREDICTION   | CONF.  | LATENCY  | TEXT
------------------------------------------------------------------------------------------------------------------------
[GAMING/SUR] | YouTube  | [OFFENSIVE]  | 54%    |   91.1ms | Hellyeah...
[GAMING/SUR] | YouTube  | [Normal]     | 92%    |   89.4ms | Let’s rideee...
[GAMING/SUR] | YouTube  | [Normal]     | 82%    |   89.5ms | Bangaaaaaaa Bungus Bussss :bus:...
[GAMING/SUR] | YouTube  | [Normal]     | 95%    |   72.8ms | sing please...
[GAMING/SUR] | YouTube  | [Normal]     | 73%    |   69.3ms | The grind is real...
[MUSIC/CHIL] | YouTube  | [Normal]     | 96%    |  104.2ms | Annayyaa nen miss ayina nin ekkuvaa:loud...
[GAMING/SUR] | YouTube  | [Normal]     | 96%    |   59.2ms | new intro...
[GAMING/SUR] | YouTube  | [Normal]     | 94%    |   54.9ms | JOHNNY...
[GAMING/SUR] | YouTube  | [Normal]     | 95%    |   75.0ms | EEEEE...
[GAMING/SUR] | YouTube  | [OFFENSIVE]  | 57%    |   84.8ms | SHESSSSHHHH LETS GOOO EARLY AS HELL...
[GAMING/SUR] | YouTube  | [Normal]     | 95%    |   68.8ms | good to see ya P...
[GAMING/SUR] | YouTube  | [Normal]     | 86%    |   58.7ms | bungus...
[GAMING/SUR] | YouTube  | [Normal]     | 90%    |   59.2ms | hahaha...
[GAMING/SUR] | YouTube  | [Normal]     | 95%    |   95.1ms | :_PeanutJork::_PeanutJork::_PeanutJork:...
[GAMING/SUR] | YouTube  | [Normal]     | 95%    |  162.1ms | :thumbs_up::thumbs_up::thumbs_up::thumbs...
[MUSIC/CHIL] | YouTube  | [Normal]     | 97%    |  115.9ms | tu sach mei sanki to nhi ho gyaa:face_wi...
[MUSIC/CHIL] | YouTube  | [Normal]     | 95%    |   62.6ms | late sam...
[GAMING/SUR] | YouTube  | [Normal]     | 98%    |   73.0ms | HUTCH HAS MADE OFF WITH 1000 SCRAP...
[PSYCHOLOGY] | YouTube  | [Normal]     | 97%    |   71.7ms | wait did stream rest a little?...
[MUSIC/CHIL] | YouTube  | [Normal]     | 97%    |  104.9ms | G ey area lo park chesav ?:baseball-whit...
[GAMING/SUR] | YouTube  | [Normal]     | 89%    |   71.7ms | h2o coool...
[GAMING/SUR] | YouTube  | [Normal]     | 97%    |   74.0ms | H20 and Kyle have been getting fed all d...
[GAMING/SUR] | YouTube  | [Normal]     | 88%    |   66.4ms | rogue tries too hard...
[GAMING/SUR] | YouTube  | [Normal]     | 92%    |   65.6ms | Watch the zone...
[PSYCHOLOGY] | YouTube  | [Normal]     | 91%    |   70.1ms | must have been the wind...
[MUSIC/CHIL] | YouTube  | [Normal]     | 97%    |   73.5ms | se han cargado la fiesta...
[GAMING/SUR] | YouTube  | [Normal]     | 93%    |   68.7ms | never leave anything open...
[MUSIC/CHIL] | YouTube  | [Normal]     | 97%    |   68.4ms | Suz is rasem?...
[MUSIC/CHIL] | YouTube  | [Normal]     | 98%    |   88.0ms | dream sam na :face_with_tears_of_joy:...
[PSYCHOLOGY] | YouTube  | [Normal]     | 93%    |   68.9ms | jungee...
[NEWS/LIVE ] | YouTube  | [Normal]     | 95%    |   82.2ms | Rubio 2028 if we really being serious...
[GAMING/SUR] | YouTube  | [Normal]     | 95%    |   57.9ms | MOTION...
[GAMING/SUR] | YouTube  | [Normal]     | 83%    |  105.3ms | do real liars bar with clkzy...
[NEWS/LIVE ] | YouTube  | [Normal]     | 91%    |  103.9ms | that means trump goes to jail for his cr...
[NEWS/LIVE ] | YouTube  | [Normal]     | 97%    |   97.3ms | interesting:face-green-smiling:...
[PSYCHOLOGY] | YouTube  | [Normal]     | 93%    |  161.3ms | @snuffy4992 unfortunately a lot of publi...
[GAMING/SUR] | YouTube  | [Normal]     | 87%    |   90.7ms | omg hes addicted! I love it!...
[SELF-HELP/] | YouTube  | [Normal]     | 94%    |   77.6ms | :_DrKAOEBonk:...
[GAMING/SUR] | YouTube  | [Normal]     | 73%    |   90.6ms | @TheBurntPeanut The wheel is down by the...
[GAMING/SUR] | YouTube  | [Normal]     | 96%    |   74.6ms | mercs was on the wheel...
[GAMING/SUR] | YouTube  | [Normal]     | 93%    |   72.6ms | Lower level...
[GAMING/SUR] | YouTube  | [Normal]     | 73%    |   97.3ms | HUTCHS WEINER IS OUT...
[PSYCHOLOGY] | YouTube  | [Normal]     | 93%    |  158.8ms | Is it possible to have more than one ani...
[GAMING/SUR] | YouTube  | [Normal]     | 89%    |   67.7ms | No way H20...
[GAMING/SUR] | YouTube  | [Normal]     | 95%    |   86.6ms | lmfao it's delirious wtf...
[MUSIC/CHIL] | YouTube  | [Normal]     | 96%    |   83.9ms | Musalola gola...
[SELF-HELP/] | YouTube  | [Normal]     | 57%    |  106.1ms | no hate as motivation? what is this jedi...
[MUSIC/CHIL] | YouTube  | [Normal]     | 97%    |   87.0ms | Story competition challu hai kay...
[PSYCHOLOGY] | YouTube  | [Normal]     | 96%    |   73.5ms | lmfao...
[GAMING/SUR] | YouTube  | [Normal]     | 96%    |   80.2ms | WERE WINNING BIG THIS TIME...
[GAMING/SUR] | YouTube  | [Normal]     | 96%    |   82.0ms | Invite HJune...
[PSYCHOLOGY] | YouTube  | [Normal]     | 96%    |   86.8ms | @crowserainance ah thank you...
[GAMING/SUR] | YouTube  | [Normal]     | 96%    |   83.7ms | Lmao...
[GAMING/SUR] | YouTube  | [Normal]     | 93%    |  101.7ms | Misinput...
[PSYCHOLOGY] | YouTube  | [Normal]     | 92%    |   85.5ms | the meditation index is lowkey the best ...
[GAMING/SUR] | YouTube  | [Normal]     | 74%    |   82.5ms | noooooo Deliriousss...
[GAMING/SUR] | YouTube  | [Normal]     | 94%    |  114.5ms | Never thought I’d see H2O Delirious and ...
[GAMING/SUR] | YouTube  | [Normal]     | 96%    |   74.5ms | lol...
[GAMING/SUR] | YouTube  | [OFFENSIVE]  | 73%    |   83.1ms | shits rigged...
[GAMING/SUR] | YouTube  | [Normal]     | 90%    |   94.7ms | its called a miscalculation sir...
[MUSIC/CHIL] | YouTube  | [Normal]     | 96%    |  111.8ms | Vani busy rhta hu :face_with_hand_over_m...
[GAMING/SUR] | YouTube  | [Normal]     | 94%    |   65.0ms | CHASE...
[GAMING/SUR] | YouTube  | [Normal]     | 96%    |   68.7ms | lmfao...
[GAMING/SUR] | YouTube  | [Normal]     | 89%    |   74.3ms | Dude no way...
[GAMING/SUR] | YouTube  | [Normal]     | 96%    |   78.2ms | 9+10...
[GAMING/SUR] | YouTube  | [HATE]       | 42%    |   77.9ms | the machine is cheating...
[GAMING/SUR] | YouTube  | [Normal]     | 81%    |   72.9ms | better odds...
[SELF-HELP/] | YouTube  | [Normal]     | 95%    |   62.2ms | Hello...
[PSYCHOLOGY] | YouTube  | [Normal]     | 94%    |   76.2ms | !relationship \@Saurora6...
[SELF-HELP/] | YouTube  | [Normal]     | 83%    |   82.4ms | you do have some jedi mind tricks...
[SELF-HELP/] | YouTube  | [Normal]     | 81%    |   87.6ms | the dark arts!!!!!...
[GAMING/SUR] | YouTube  | [Normal]     | 91%    |  119.1ms | she spent so much time getting that scra...
[SELF-HELP/] | YouTube  | [Normal]     | 93%    |   91.5ms | oh snap i actually caught one of these l...
[GAMING/SUR] | YouTube  | [Normal]     | 94%    |   71.1ms | 1 INCOMING...
[NEWS/LIVE ] | YouTube  | [Normal]     | 94%    |  129.7ms | SPENCER PRATT THIS WILL HELP YOU. KAREN ...
[ENTERTAINM] | YouTube  | [Normal]     | 96%    |   70.3ms | let's start...
[ENTERTAINM] | YouTube  | [Normal]     | 94%    |   70.5ms | jimmy...
[MUSIC/CHIL] | YouTube  | [Normal]     | 97%    |   88.7ms | suz ok mari tinnava...
[ENTERTAINM] | YouTube  | [Normal]     | 91%    |   74.5ms | yeahhhh!!!...
[MUSIC/CHIL] | YouTube  | [Normal]     | 95%    |   79.1ms | Manoj jb free hoti...
[ENTERTAINM] | YouTube  | [Normal]     | 50%    |   89.6ms | you are late...
[SELF-HELP/] | YouTube  | [Normal]     | 94%    |   88.5ms | is there a limit to energy build up?...
[GAMING/GAM] | YouTube  | [Normal]     | 95%    |   67.5ms | 1 min...
[ENTERTAINM] | YouTube  | [Normal]     | 97%    |  115.5ms | MrBeast  please bless me with a gaming s...
[ENTERTAINM] | YouTube  | [Normal]     | 93%    |  160.0ms | heyy alreadyy gz gz JIMYY :party_popper:...
[ENTERTAINM] | YouTube  | [Normal]     | 95%    |   71.4ms | hii...
[GAMING/SUR] | YouTube  | [Normal]     | 87%    |   73.9ms | no...
[ENTERTAINM] | YouTube  | [Normal]     | 93%    |   67.3ms | yes...
[GAMING/GAM] | YouTube  | [Normal]     | 95%    |   74.8ms | hello...
[ENTERTAINM] | YouTube  | [Normal]     | 92%    |   71.1ms | yooooo...
[SELF-HELP/] | YouTube  | [Normal]     | 97%    |   91.4ms | nooo we love it. love to learn......
[GAMING/GAM] | YouTube  | [Normal]     | 97%    |   70.2ms | amazing refresh pull...
[GAMING/SUR] | YouTube  | [Normal]     | 96%    |   69.5ms | LOL...
[GAMING/GAM] | YouTube  | [Normal]     | 96%    |   71.3ms | hi!...
[GAMING/SUR] | YouTube  | [Normal]     | 85%    |   85.1ms | go get your own scrap and gamble that...
[NEWS/LIVE ] | YouTube  | [Normal]     | 84%    |   90.8ms | he's so stiff...
[MUSIC/CHIL] | YouTube  | [Normal]     | 96%    |   91.2ms | :lizard::person:‍:ballet_shoes::ram:...
[ENTERTAINM] | YouTube  | [Normal]     | 97%    |  159.7ms | jimmy give me 10000 dollar pls :pleading...
[MUSIC/CHIL] | YouTube  | [Normal]     | 98%    |  180.6ms | Anna edi okasari chelli ani piluvu :grin...
[NEWS/LIVE ] | YouTube  | [Normal]     | 96%    |   91.9ms | Huh? It’s literally a question...
[GAMING/SUR] | YouTube  | [Normal]     | 72%    |   89.2ms | how you gonna play a game worse than tar...
[GAMING/GAM] | YouTube  | [Normal]     | 96%    |   82.2ms | epic...
[ENTERTAINM] | YouTube  | [Normal]     | 94%    |   61.5ms | hi...
[ENTERTAINM] | YouTube  | [Normal]     | 97%    |  105.7ms | 500 complete done :thumbs_up::check_mark...
[PSYCHOLOGY] | YouTube  | [Normal]     | 94%    |   65.0ms | somewhat...
[ENTERTAINM] | YouTube  | [Normal]     | 95%    |   74.9ms | bro is staring at 200k in advance...
[GAMING/SUR] | YouTube  | [Normal]     | 96%    |  106.5ms | @FellowshipInGod he paid me 10 bucks for...
[GAMING/SUR] | YouTube  | [Normal]     | 95%    |   97.5ms | @Sharktooth17 brother this is the origin...
[PSYCHOLOGY] | YouTube  | [Normal]     | 98%    |   95.5ms | themes of fairytales...
[PSYCHOLOGY] | YouTube  | [Normal]     | 93%    |   71.8ms | yes...
[GAMING/GAM] | YouTube  | [Normal]     | 97%    |   75.2ms | Hello :waving_hand:...
[ENTERTAINM] | YouTube  | [Normal]     | 82%    |   91.1ms | we cant hear u that much...
[GAMING/GAM] | YouTube  | [Normal]     | 93%    |   82.0ms | NUMBER ONE BABY!!!...
[ENTERTAINM] | YouTube  | [Normal]     | 92%    |   72.2ms | Woah...
[GAMING/GAM] | YouTube  | [Normal]     | 93%    |  106.3ms | I sadly couldnt make it to see the movie...
[GAMING/GAM] | YouTube  | [Normal]     | 83%    |   79.0ms | Whooooooo!!!...
[NEWS/LIVE ] | YouTube  | [Normal]     | 94%    |   99.3ms | I know your not trying to fight but that...
[GAMING/SUR] | YouTube  | [Normal]     | 43%    |   96.6ms | stoo the rouge  they have a problem...
[NEWS/LIVE ] | YouTube  | [Normal]     | 95%    |   70.7ms | taught...
[GAMING/GAM] | YouTube  | [Normal]     | 96%    |   73.0ms | lmfao...
[ENTERTAINM] | YouTube  | [Normal]     | 94%    |   70.1ms | hi...
[ENTERTAINM] | YouTube  | [Normal]     | 98%    |  113.1ms | :triangular_flag::triangular_flag::trian...
[PSYCHOLOGY] | YouTube  | [Normal]     | 96%    |  100.3ms | Dr. K rocking linux? :O...
[MUSIC/CHIL] | YouTube  | [Normal]     | 97%    |  120.9ms | kavya me to daily aata hu tum notice n k...
[GAMING/GAM] | YouTube  | [Normal]     | 93%    |   93.8ms | YOOOOO HELLOOOOOOO...
[ENTERTAINM] | YouTube  | [Normal]     | 97%    |  104.5ms | Dattabayo Dattabayo...
[ENTERTAINM] | YouTube  | [Normal]     | 82%    |   90.4ms | half a billion subscribers is crazy...
[GAMING/GAM] | YouTube  | [Normal]     | 98%    |  114.0ms | WEEEEEEEEEEEEEEEEEE ARE THE CHAMPIONS :m...
[GAMING/SUR] | YouTube  | [Normal]     | 96%    |   88.2ms | My husband Michael loves you...
[GAMING/GAM] | YouTube  | [Normal]     | 98%    |  138.2ms | I just got back from my third viewing :r...
[SELF-HELP/] | YouTube  | [Normal]     | 81%    |   95.4ms | we dont get that sort of clarity about w...
[GAMING/GAM] | YouTube  | [Normal]     | 96%    |   85.0ms | FASHION!!...
[ENTERTAINM] | YouTube  | [Normal]     | 97%    |  203.8ms | Me and my fam have devoted our lives to ...
[GAMING/SUR] | YouTube  | [Normal]     | 90%    |   86.6ms | JACKHAMMER THE ROADSIGNS...
[ENTERTAINM] | YouTube  | [Normal]     | 90%    |   78.1ms | yoooooo...
[GAMING/GAM] | YouTube  | [Normal]     | 95%    |   67.6ms | The lighthouse!!...
[NEWS/LIVE ] | YouTube  | [Normal]     | 92%    |   94.3ms | :thumbs_up::call_me_hand:...
[GAMING/GAM] | YouTube  | [Normal]     | 93%    |   70.7ms | Lighthouse...
[ENTERTAINM] | YouTube  | [Normal]     | 95%    |   78.7ms | 54 bucks...
[ENTERTAINM] | YouTube  | [Normal]     | 96%    |   79.3ms | I'm from Philippines I sub...
[ENTERTAINM] | YouTube  | [Normal]     | 90%    |   62.8ms | ٠٠٠...
[GAMING/GAM] | YouTube  | [Normal]     | 93%    |   84.3ms | LIGHTHOUSE...
[ENTERTAINM] | YouTube  | [Normal]     | 67%    |   90.0ms | That is insane :exploding_head:...
[GAMING/GAM] | YouTube  | [Normal]     | 60%    |   98.7ms | LIGHTHOUSERS RISE UP...
[GAMING/SUR] | YouTube  | [Normal]     | 94%    |  103.8ms | When was the last time he played maratho...
[MUSIC/CHIL] | YouTube  | [Normal]     | 88%    |  102.1ms | waise v mai new hun...
[PSYCHOLOGY] | YouTube  | [Normal]     | 93%    |  166.0ms | Where you trot out statistics and treat ...
[GAMING/GAM] | YouTube  | [Normal]     | 86%    |   95.9ms | The plane sounds interesting  the lighth...
[GAMING/GAM] | YouTube  | [Normal]     | 93%    |  143.5ms | LOVE YOU MARK!!!! CONGRATS ON THE HUGE S...
[GAMING/GAM] | YouTube  | [Normal]     | 96%    |  109.6ms | congrats on the film!...
[GAMING/GAM] | YouTube  | [Normal]     | 94%    |  134.0ms | I vote fore prusa:rolling_on_the_floor_l...
[ENTERTAINM] | YouTube  | [Normal]     | 94%    |   85.3ms | jimmy...
[ENTERTAINM] | YouTube  | [Normal]     | 84%    |   93.3ms | حح...
[MUSIC/CHIL] | YouTube  | [OFFENSIVE]  | 93%    |  103.9ms | I'm awesome shish u say?...
[ENTERTAINM] | YouTube  | [Normal]     | 94%    |   82.1ms | Hi...
[GAMING/SUR] | YouTube  | [Normal]     | 95%    |   73.3ms | why didnt dealer draw on 18...
[GAMING/GAM] | YouTube  | [Normal]     | 95%    |   59.9ms | SOUTH AMERICA?...
[ENTERTAINM] | YouTube  | [Normal]     | 94%    |   59.1ms | 1...
[GAMING/GAM] | YouTube  | [Normal]     | 96%    |   92.9ms | Definitely watch it  it was 10/10 at lea...
[ENTERTAINM] | YouTube  | [Normal]     | 94%    |   61.9ms | 1...
[GAMING/SUR] | YouTube  | [Normal]     | 87%    |   69.0ms | no...
[GAMING/SUR] | YouTube  | [Normal]     | 87%    |   62.9ms | No...
[GAMING/SUR] | YouTube  | [Normal]     | 95%    |   61.9ms | Always hit...
[GAMING/GAM] | YouTube  | [Normal]     | 93%    |   81.8ms | Will there be IRON LUNG merch??...
[GAMING/GAM] | YouTube  | [Normal]     | 95%    |   71.8ms | IM LATE HELLO...
[ENTERTAINM] | YouTube  | [Normal]     | 95%    |   68.2ms | hello...
[GAMING/SUR] | YouTube  | [Normal]     | 92%    |   79.1ms | Tables are hot!!...
[GAMING/GAM] | YouTube  | [Normal]     | 98%    |  154.2ms | AIRPLANE YALLL VOTE AIRPLANE:airplane::a...
[ENTERTAINM] | YouTube  | [Normal]     | 96%    |   97.6ms | пригласите меня на шоу...
[GAMING/SUR] | YouTube  | [Normal]     | 94%    |   53.4ms | double...
[ENTERTAINM] | YouTube  | [Normal]     | 92%    |   61.5ms | h...
[ENTERTAINM] | YouTube  | [Normal]     | 98%    |  194.2ms | :heart_with_ribbon::heart_with_ribbon::h...
[GAMING/SUR] | YouTube  | [Normal]     | 94%    |   78.6ms | do itttttt...
[GAMING/GAM] | YouTube  | [Normal]     | 94%    |   54.5ms | hi...
[PSYCHOLOGY] | YouTube  | [Normal]     | 94%    |  109.0ms | Masculine/Outwards/Physical/Yang vs Femi...
[GAMING/GAM] | YouTube  | [Normal]     | 97%    |  133.9ms | Hey mark seen iron Lung last night while...
[ENTERTAINM] | YouTube  | [Normal]     | 90%    |   60.6ms | GGG...
[GAMING/SUR] | YouTube  | [Normal]     | 94%    |   72.3ms | GOOD MORNING BUNGULATOR...
[ENTERTAINM] | YouTube  | [Normal]     | 94%    |   56.6ms | hi...
[GAMING/SUR] | YouTube  | [Normal]     | 96%    |   80.2ms | Lmao good thought @morfius...
[ENTERTAINM] | YouTube  | [Normal]     | 94%    |   62.8ms | Hi...
[GAMING/GAM] | YouTube  | [Normal]     | 96%    |   82.1ms | MARKIMOOOOOO...
[ENTERTAINM] | YouTube  | [Normal]     | 95%    |   78.1ms | plz give me i phone in india...
[GAMING/GAM] | YouTube  | [Normal]     | 95%    |  103.9ms | I loved iron lung It was the best movie ...
[GAMING/GAM] | YouTube  | [Normal]     | 97%    |  101.7ms | Markiplier Im gon watch the movie today ...
[GAMING/SUR] | YouTube  | [Normal]     | 92%    |   61.8ms | smaller bets...
[PSYCHOLOGY] | YouTube  | [Normal]     | 95%    |   96.3ms | I keep hearing about "problems with the ...
[GAMING/GAM] | YouTube  | [Normal]     | 94%    |   91.6ms | me and my brother watched Iron Lung and ...
[MUSIC/CHIL] | YouTube  | [Normal]     | 94%    |  115.7ms | tc too dear fredox:waving_hand::waving_h...
[GAMING/SUR] | YouTube  | [Normal]     | 73%    |  100.8ms | People acting like pro gamblers when the...
[ENTERTAINM] | YouTube  | [Normal]     | 95%    |   58.5ms | hello...
[ENTERTAINM] | YouTube  | [Normal]     | 96%    |   58.1ms | New member...
[SPORTS/FOO] | YouTube  | [Normal]     | 95%    |   70.9ms | Love you Japan...
[GAMING/GAM] | YouTube  | [Normal]     | 87%    |   75.0ms | IRON LUNG TO ASIAAAAA...
[GAMING/GAM] | YouTube  | [Normal]     | 97%    |   81.9ms | My theater sounded fine from what i can ...
[ENTERTAINM] | YouTube  | [Normal]     | 95%    |   73.7ms | learn with speed...
[ENTERTAINM] | YouTube  | [Normal]     | 91%    |   64.1ms | mom...
[GAMING/GAM] | YouTube  | [Normal]     | 91%    |  102.6ms | I told my brother's girlfriend about wha...
[ENTERTAINM] | YouTube  | [Normal]     | 96%    |   64.9ms | 100 vidio...
[GAMING/GAM] | YouTube  | [Normal]     | 93%    |   67.2ms | my theater jacked it up...
[GAMING/GAM] | YouTube  | [Normal]     | 50%    |   95.6ms | At my place  I didn't have any issues wi...
[GAMING/SUR] | YouTube  | [Normal]     | 88%    |   65.3ms | ouch...
[GAMING/GAM] | YouTube  | [Normal]     | 90%    |   93.7ms | all the boxes in the movie theaters had ...
[GAMING/GAM] | YouTube  | [Normal]     | 93%    |  124.6ms | i don't know if that was the issue at my...
[GAMING/SUR] | YouTube  | [Normal]     | 84%    |   61.2ms | RIGGED...
[GAMING/GAM] | YouTube  | [Normal]     | 95%    |   91.5ms | MAGANDANG UMAGA LAPISPLAIS!!!...
[GAMING/GAM] | YouTube  | [Normal]     | 96%    |   92.0ms | 3 time #1 movie maker!?!?!...
[GAMING/SUR] | YouTube  | [Normal]     | 80%    |   80.5ms | its hard out here for a scrapper...
[GAMING/GAM] | YouTube  | [Normal]     | 94%    |   65.8ms | Hey Mark...
[GAMING/GAM] | YouTube  | [Normal]     | 96%    |  109.6ms | I love that I'm learning about the diffe...
[ENTERTAINM] | YouTube  | [Normal]     | 92%    |   68.1ms | hello los franços...
[NEWS/LIVE ] | YouTube  | [Normal]     | 91%    |   88.4ms | We all were having a nice morning chat…M...
[GAMING/GAM] | YouTube  | [Normal]     | 96%    |   66.7ms | :3c...
[GAMING/GAM] | YouTube  | [Normal]     | 95%    |   59.1ms | sup...
[GAMING/GAM] | YouTube  | [Normal]     | 91%    |  109.8ms | yeah i wasn't able to really hear anythi...
[ENTERTAINM] | YouTube  | [Normal]     | 97%    |  113.1ms | Hello Mr. Beast  I'm from Indonesia.:fac...
[GAMING/GAM] | YouTube  | [Normal]     | 95%    |  125.9ms | :_markiHEART::_markiHEART::_markiHEART::...
[GAMING/GAM] | YouTube  | [Normal]     | 97%    |  113.4ms | sup Markiplier:smiling_face_with_sunglas...
[GAMING/GAM] | YouTube  | [Normal]     | 97%    |   84.6ms | :text-green-game-over:...
[GAMING/GAM] | YouTube  | [Normal]     | 95%    |   55.3ms | Airplane...
[ENTERTAINM] | YouTube  | [Normal]     | 94%    |   58.1ms | hi...
[GAMING/GAM] | YouTube  | [OFFENSIVE]  | 72%    |   74.8ms | hELL YEA...
[GAMING/GAM] | YouTube  | [Normal]     | 93%    |   82.9ms | nooo my break is almost done:face-purple...
[GAMING/GAM] | YouTube  | [Normal]     | 95%    |   67.4ms | CMON MARK I BELIEVE IN YOU...
[GAMING/GAM] | YouTube  | [Normal]     | 95%    |   61.4ms | YEAAH...
[GAMING/SUR] | YouTube  | [Normal]     | 84%    |   56.0ms | rigged...
[GAMING/GAM] | YouTube  | [Normal]     | 96%    |   73.1ms | I love obs duty!...
[GAMING/GAM] | YouTube  | [Normal]     | 97%    |  104.7ms | just watched the movie 30 minutes ago an...
[ENTERTAINM] | YouTube  | [Normal]     | 95%    |   67.5ms | 500 milian subscribe...
[GAMING/GAM] | YouTube  | [Normal]     | 97%    |  325.2ms | :finger-red-number-one::finger-red-numbe...
[GAMING/GAM] | YouTube  | [Normal]     | 96%    |   64.0ms | :_markiSHUSH:...
[ENTERTAINM] | YouTube  | [Normal]     | 95%    |   64.2ms | please follow me...
[SPORTS/FOO] | YouTube  | [Normal]     | 98%    |  106.2ms | ok  thank you:red_heart::cat_with_tears_...
[ENTERTAINM] | YouTube  | [Normal]     | 94%    |   86.8ms | bahlillllllllllllllllllll...
[ENTERTAINM] | YouTube  | [Normal]     | 96%    |   63.3ms | dkvic...
[ENTERTAINM] | YouTube  | [Normal]     | 92%    |   76.2ms | I love you jimi...
[ENTERTAINM] | YouTube  | [Normal]     | 92%    |   80.0ms | Is Dobby freed when you hit 500m?...
[ENTERTAINM] | YouTube  | [Normal]     | 85%    |   72.6ms | buy me a new phone mr beast...
[GAMING/GAM] | YouTube  | [Normal]     | 95%    |   66.9ms | I'M BROKE...
[GAMING/GAM] | YouTube  | [Normal]     | 93%    |   61.2ms | #1ST...
[GAMING/GAM] | YouTube  | [Normal]     | 94%    |   70.8ms | YAAAAYYYYY...
[GAMING/GAM] | YouTube  | [Normal]     | 87%    |   58.4ms | <3...
[ENTERTAINM] | YouTube  | [Normal]     | 65%    |   74.2ms | Can you speak Vietnamese ?...
[GAMING/GAM] | YouTube  | [Normal]     | 93%    |   76.4ms | yayyy...
[GAMING/GAM] | YouTube  | [Normal]     | 97%    |   76.0ms | Hai Marikipliaer!!!!...
[ENTERTAINM] | YouTube  | [Normal]     | 96%    |  215.8ms | :cowboy_hat_face::cowboy_hat_face::cowbo...
[GAMING/GAM] | YouTube  | [Normal]     | 46%    |   69.1ms | LESS goooo...
[ENTERTAINM] | YouTube  | [Normal]     | 97%    |   82.5ms | :green_heart:...
[ENTERTAINM] | YouTube  | [Normal]     | 96%    |   80.5ms | heloooooooo! Mr. Beast...
[GAMING/SUR] | YouTube  | [Normal]     | 96%    |   71.1ms | Lmao...
[ENTERTAINM] | YouTube  | [Normal]     | 95%    |  148.2ms | আমাকে কিছু টাকা দিকে পারবেন প্লিজ প্লিজ ...
[GAMING/SUR] | YouTube  | [Normal]     | 79%    |   60.6ms | blackjack...
[ENTERTAINM] | YouTube  | [Normal]     | 91%    |   77.7ms | mrbeast you will soon get 1 billion...
[GAMING/GAM] | YouTube  | [Normal]     | 97%    |  158.7ms | Hi Mark! Just wanted to pop in and say g...
[GAMING/GAM] | YouTube  | [Normal]     | 96%    |   84.5ms | Wait  did you see that?...
[GAMING/GAM] | YouTube  | [Normal]     | 97%    |   85.8ms | Welcome to Member!...
[GAMING/GAM] | YouTube  | [Normal]     | 88%    |   95.7ms | what do you do in this game...
[SELF-HELP/] | YouTube  | [Normal]     | 63%    |   84.1ms | so they give the feedback they think the...
[ENTERTAINM] | YouTube  | [Normal]     | 94%    |   68.8ms | hi...
[GAMING/GAM] | YouTube  | [OFFENSIVE]  | 65%    |   95.6ms | oooh I don't like the creepy stairs...
[GAMING/GAM] | YouTube  | [Normal]     | 94%    |  122.9ms | markiplierr help me i need 9000000009 do...
[ENTERTAINM] | YouTube  | [Normal]     | 96%    |   87.9ms | give me 10000 dollars...
[GAMING/SUR] | YouTube  | [Normal]     | 94%    |   95.1ms | AYEEEEEEEEEEEEEEEEEEEEEEEEE...
[GAMING/GAM] | YouTube  | [Normal]     | 97%    |   79.1ms | markiplier i love you...
[ENTERTAINM] | YouTube  | [Normal]     | 94%    |  122.8ms | if you make it to 500 000 000 subscriber...
[GAMING/GAM] | YouTube  | [Normal]     | 95%    |   78.9ms | was the breaker always open?...
[ENTERTAINM] | YouTube  | [Normal]     | 93%    |   90.7ms | okkkklkkkkkkk...
[PSYCHOLOGY] | YouTube  | [Normal]     | 86%    |   80.8ms | "when the two become one"...
[ENTERTAINM] | YouTube  | [Normal]     | 97%    |   85.0ms | i love boss...
[GAMING/GAM] | YouTube  | [Normal]     | 97%    |   76.2ms | obversation lmao...
[GAMING/GAM] | YouTube  | [Normal]     | 96%    |   66.4ms | lol...
[GAMING/GAM] | YouTube  | [Normal]     | 96%    |   86.2ms | Observation is spelled wrong...
[PSYCHOLOGY] | YouTube  | [Normal]     | 97%    |  143.0ms | Dr. K's NEW Guide to Love  Sex  & Relati...
[ENTERTAINM] | YouTube  | [Normal]     | 96%    |   87.5ms | 0 5 billon subscriptions...
[SELF-HELP/] | YouTube  | [Normal]     | 95%    |   85.7ms | Ohhh my god sooo true...
[ENTERTAINM] | YouTube  | [Normal]     | 96%    |   67.8ms | I do...
[GAMING/GAM] | YouTube  | [Normal]     | 95%    |   95.6ms | obversation...
[PSYCHOLOGY] | YouTube  | [Normal]     | 94%    |   82.5ms | God bless you  Dr. K...
[NEWS/LIVE ] | YouTube  | [Normal]     | 94%    |   65.5ms | trend...
[ENTERTAINM] | YouTube  | [Normal]     | 97%    |   76.3ms | love form Bangladesh...
[ENTERTAINM] | YouTube  | [Normal]     | 91%    |   79.5ms | me...
[GAMING/GAM] | YouTube  | [Normal]     | 96%    |   89.6ms | OBVERSATION LMFAOO...
[GAMING/SUR] | YouTube  | [Normal]     | 96%    |   78.0ms | LMAO...
[MUSIC/CHIL] | YouTube  | [Normal]     | 94%    |  132.1ms | @kavya-c9c1j bs kuch saal aur fir workpl...
[MUSIC/CHIL] | YouTube  | [Normal]     | 86%    |   86.8ms | **hungry...
[ENTERTAINM] | YouTube  | [Normal]     | 94%    |   87.9ms | NEED TO CHANGE IT TO BILLION...
[ENTERTAINM] | YouTube  | [Normal]     | 97%    |  137.6ms | congestion mr beast:smiling_face_with_sm...
[SPORTS/FOO] | YouTube  | [Normal]     | 42%    |   94.2ms | yeeeeeeaaaaaah Germany gooooo...
[GAMING/GAM] | YouTube  | [Normal]     | 95%    |   86.1ms | This looks so good1...
[GAMING/SUR] | YouTube  | [Normal]     | 96%    |   86.0ms | I have literal tears in my eyes...
[GAMING/GAM] | YouTube  | [Normal]     | 92%    |   71.3ms | yeah...
[GAMING/SUR] | YouTube  | [Normal]     | 95%    |  301.2ms | :rolling_on_the_floor_laughing::rolling_...
[PSYCHOLOGY] | YouTube  | [Normal]     | 95%    |   91.0ms | Animus seed  oldschool runescape...
[GAMING/GAM] | YouTube  | [Normal]     | 93%    |   79.9ms | LMMAOOOOO...
[GAMING/GAM] | YouTube  | [HATE]       | 44%    |   79.0ms | theyre gonna scream and cry...
[MUSIC/CHIL] | YouTube  | [Normal]     | 98%    |   92.7ms | ...:face-turquoise-music-note:...
[ENTERTAINM] | YouTube  | [Normal]     | 98%    |   92.6ms | sir please visit chhattisgarh india for ...
[ENTERTAINM] | YouTube  | [Normal]     | 96%    |  103.4ms | мистер фури какашка...
[GAMING/SUR] | YouTube  | [Normal]     | 94%    |   69.7ms | 1...
[ENTERTAINM] | YouTube  | [Normal]     | 96%    |   64.9ms | New member...
[ENTERTAINM] | YouTube  | [Normal]     | 97%    |  152.8ms | what if you hit 500 millions  will you g...
[ENTERTAINM] | YouTube  | [Normal]     | 95%    |   73.3ms | 10$help...
[PSYCHOLOGY] | YouTube  | [Normal]     | 95%    |   88.6ms | well yeah it's a paradox and stuff....
[GAMING/SUR] | YouTube  | [Normal]     | 93%    |   80.4ms | bet green...
[GAMING/GAM] | YouTube  | [Normal]     | 95%    |  107.7ms | I just watched Iron Lung you truly did a...
[ENTERTAINM] | YouTube  | [Normal]     | 91%    |   59.0ms | Pakistan...
[GAMING/SUR] | YouTube  | [Normal]     | 90%    |   71.2ms | HAHAHAHA...
[ENTERTAINM] | YouTube  | [Normal]     | 95%    |   66.3ms | hz...
[MUSIC/CHIL] | YouTube  | [Normal]     | 98%    |   68.4ms | :dove:...
[ENTERTAINM] | YouTube  | [Normal]     | 90%    |   76.5ms | yoooooooooooooo9...
[MUSIC/CHIL] | YouTube  | [Normal]     | 98%    |  124.0ms | Dream dude :face_with_tears_of_joy: is S...
[GAMING/GAM] | YouTube  | [Normal]     | 96%    |   86.5ms | Hi all!! Hi Mark!...
[GAMING/GAM] | YouTube  | [Normal]     | 95%    |   69.4ms | obversation duty...
[ENTERTAINM] | YouTube  | [Normal]     | 94%    |   61.7ms | hi...
[SELF-HELP/] | YouTube  | [Normal]     | 73%    |  185.9ms | For me I'm just really confused by why t...
[ENTERTAINM] | YouTube  | [Normal]     | 97%    |   72.1ms | 100k...
[GAMING/GAM] | YouTube  | [Normal]     | 95%    |   78.5ms | Mark do You have Your Grade 11?...
[GAMING/GAM] | YouTube  | [Normal]     | 95%    |   74.8ms | mark the title is an anomaly...
[ENTERTAINM] | YouTube  | [Normal]     | 72%    |   79.7ms | WHERE ARE THE OTHER BEAST MEMBERS...
[GAMING/GAM] | YouTube  | [Normal]     | 94%    |   78.5ms | observation duty; schizophrenia mods...
[GAMING/GAM] | YouTube  | [Normal]     | 57%    |   75.9ms | we are doomed...
[ENTERTAINM] | YouTube  | [Normal]     | 96%    |   89.0ms | indiaaaa...
[GAMING/GAM] | YouTube  | [Normal]     | 92%    |   80.0ms | THE STAIRS...
[GAMING/GAM] | YouTube  | [Normal]     | 95%    |   66.2ms | light...
[GAMING/GAM] | YouTube  | [Normal]     | 94%    |   80.8ms | pier normal...
[ENTERTAINM] | YouTube  | [Normal]     | 94%    |   82.1ms | Indonesia...
[GAMING/GAM] | YouTube  | [Normal]     | 97%    |   92.3ms | rope moved in stairs!!!...
[ENTERTAINM] | YouTube  | [Normal]     | 97%    |   93.6ms | Lots of love from pakistan...
[GAMING/GAM] | YouTube  | [Normal]     | 97%    |  194.1ms | hi mark! longtime fan here and i have no...
[PSYCHOLOGY] | YouTube  | [Normal]     | 96%    |   69.4ms | Kanye...
[GAMING/GAM] | YouTube  | [Normal]     | 96%    |   74.8ms | lol...
[GAMING/GAM] | YouTube  | [Normal]     | 96%    |   66.6ms | hi mark...
[GAMING/GAM] | YouTube  | [Normal]     | 96%    |   83.5ms | Marks closet is creaking open......
[ENTERTAINM] | YouTube  | [Normal]     | 94%    |   71.3ms | 4...
[GAMING/GAM] | YouTube  | [Normal]     | 97%    |   84.1ms | I LOVE YOUR MOVIE...
[ENTERTAINM] | YouTube  | [Normal]     | 94%    |   71.1ms | hi...
[ENTERTAINM] | YouTube  | [Normal]     | 96%    |   69.3ms | New member...
[ENTERTAINM] | YouTube  | [Normal]     | 95%    |  108.0ms | mrbeast can you pls give me a ps5 and ip...
[ENTERTAINM] | YouTube  | [Normal]     | 97%    |   74.6ms | Hi Mr. Beast...
[GAMING/GAM] | YouTube  | [Normal]     | 97%    |   78.1ms | first time making a live...
[ENTERTAINM] | YouTube  | [Normal]     | 95%    |   83.2ms | Mr beast big fan please come india...
[GAMING/GAM] | YouTube  | [OFFENSIVE]  | 50%    |  153.8ms | Mark  I'm gonna cry. Iron Lung is not th...
[ENTERTAINM] | YouTube  | [Normal]     | 94%    |   63.2ms | 3...
[ENTERTAINM] | YouTube  | [Normal]     | 96%    |   76.0ms | 1-1...
[PSYCHOLOGY] | YouTube  | [Normal]     | 86%    |   67.5ms | Avoidant...
[ENTERTAINM] | YouTube  | [Normal]     | 96%    |   81.2ms | fede...
[ENTERTAINM] | YouTube  | [Normal]     | 94%    |   84.1ms | hi...
[ENTERTAINM] | YouTube  | [Normal]     | 94%    |   68.1ms | 6...
[ENTERTAINM] | YouTube  | [Normal]     | 96%    |   93.3ms | I love mr beast...
[GAMING/GAM] | YouTube  | [Normal]     | 96%    |   89.3ms | hello everybody my name is observiplier...
[ENTERTAINM] | YouTube  | [Normal]     | 97%    |   64.0ms | LOVE FROM PAKISTAN...
[GAMING/GAM] | YouTube  | [Normal]     | 91%    |   77.2ms | how dare that anomaly send a distress fl...
[ENTERTAINM] | YouTube  | [Normal]     | 83%    |  334.2ms | :face-blue-smiling::face-blue-smiling::f...
[GAMING/GAM] | YouTube  | [Normal]     | 94%    |   73.1ms | Dam y’all good...
[MUSIC/CHIL] | YouTube  | [Normal]     | 97%    |   84.4ms | thik hun mohit :monkey:...
[PSYCHOLOGY] | YouTube  | [Normal]     | 90%    |   81.1ms | oh no  I'm animus obsessed!...
[ENTERTAINM] | YouTube  | [Normal]     | 89%    |   71.0ms | CONGRATS! YOU DESERVE IT!...
[ENTERTAINM] | YouTube  | [Normal]     | 93%    |   68.8ms | inshallah you reach 500 millions...
[GAMING/GAM] | YouTube  | [Normal]     | 91%    |   63.8ms | bucket...
[ENTERTAINM] | YouTube  | [Normal]     | 78%    |   67.8ms | OGGG...
[GAMING/GAM] | YouTube  | [Normal]     | 96%    |   63.9ms | Extra Mouse Trap!...
[ENTERTAINM] | YouTube  | [Normal]     | 96%    |  142.3ms | :yt::yt::yt::yt::yt:...
[SELF-HELP/] | YouTube  | [Normal]     | 97%    |   82.9ms | abundance mindset seems important...
[GAMING/GAM] | YouTube  | [Normal]     | 94%    |   85.8ms | Hey mark...
[SPORTS/FOO] | YouTube  | [Normal]     | 67%    |  116.7ms | Germany are way to slow. it's like watch...
[GAMING/SUR] | YouTube  | [Normal]     | 80%    |   73.6ms | this is too funny...
[ENTERTAINM] | YouTube  | [HATE]       | 68%    |  141.6ms | ELON MUSK JUST CROSSED 1TRILLION DOLLARS...
[GAMING/GAM] | YouTube  | [Normal]     | 92%    |   66.0ms | bed...
[GAMING/SUR] | YouTube  | [OFFENSIVE]  | 88%    |   85.1ms | Bro.. close the fucking doors...
[ENTERTAINM] | YouTube  | [Normal]     | 96%    |   94.0ms | please give me a laptop for my college s...
[ENTERTAINM] | YouTube  | [Normal]     | 96%    |   72.8ms | New member...
[ENTERTAINM] | YouTube  | [Normal]     | 95%    |   62.5ms | Hello...
[MUSIC/CHIL] | YouTube  | [Normal]     | 97%    |   76.7ms | hay que criticar...
[GAMING/GAM] | YouTube  | [Normal]     | 95%    |   74.3ms | what game?...
[ENTERTAINM] | YouTube  | [Normal]     | 86%    |   78.4ms | absg...
[SELF-HELP/] | YouTube  | [Normal]     | 52%    |  134.4ms | Should I tell my freind that he can’t do...
[GAMING/GAM] | YouTube  | [Normal]     | 88%    |   81.7ms | the bed!!!...
[ENTERTAINM] | YouTube  | [Normal]     | 98%    |  194.8ms | :text-yellow-goal::text-yellow-goal::tex...
[GAMING/GAM] | YouTube  | [Normal]     | 93%    |   94.1ms | no but it's an option...
[GAMING/GAM] | YouTube  | [Normal]     | 97%    |   85.7ms | Marker plier look at the bed...
[GAMING/GAM] | YouTube  | [Normal]     | 97%    |  100.1ms | I'm watching Iron Lung tomorrow night wi...
[GAMING/SUR] | YouTube  | [Normal]     | 98%    |   95.2ms | :face-orange-frowning::medal-yellow-firs...
[ENTERTAINM] | YouTube  | [Normal]     | 94%    |  105.0ms | om om om om om om om om om om om om om o...
[ENTERTAINM] | YouTube  | [Normal]     | 96%    |   60.0ms | New member...
[ENTERTAINM] | YouTube  | [Normal]     | 93%    |  105.3ms | :elbowcough::elbowcough::elbowcough::elb...
[GAMING/GAM] | YouTube  | [Normal]     | 97%    |   64.9ms | Welcome to Member!...
[GAMING/GAM] | YouTube  | [Normal]     | 92%    |   71.2ms | you're right rail position moved...
[ENTERTAINM] | YouTube  | [Normal]     | 97%    |   78.1ms | love from Bangladesh...
[PSYCHOLOGY] | YouTube  | [OFFENSIVE]  | 80%    |   57.3ms | DAMN...
[MUSIC/CHIL] | YouTube  | [Normal]     | 95%    |   67.5ms | Ankit what?...
[GAMING/GAM] | YouTube  | [Normal]     | 94%    |   81.2ms | hey maybe its the lifesaver by the dock...
[GAMING/GAM] | YouTube  | [Normal]     | 96%    |   74.6ms | the railing??...
[ENTERTAINM] | YouTube  | [Normal]     | 94%    |   61.3ms | 1...
[GAMING/GAM] | YouTube  | [Normal]     | 94%    |   88.8ms | in the back of the pier !!!!!...
[ENTERTAINM] | YouTube  | [Normal]     | 94%    |   65.9ms | 1...
[GAMING/SUR] | YouTube  | [Normal]     | 95%    |   69.9ms | its based on height...
[ENTERTAINM] | YouTube  | [Normal]     | 94%    |   60.6ms | 2...
[GAMING/GAM] | YouTube  | [Normal]     | 88%    |   71.7ms | THERE IS A LEAK IN THE ROOM...
[GAMING/GAM] | YouTube  | [Normal]     | 93%    |   71.2ms | lantern is gone from interior...
[GAMING/GAM] | YouTube  | [Normal]     | 95%    |   73.0ms | the king of observation duty...
[MUSIC/CHIL] | YouTube  | [Normal]     | 97%    |   70.9ms | :hot_beverage:...
[ENTERTAINM] | YouTube  | [Normal]     | 94%    |   58.1ms | 1...
[GAMING/SUR] | YouTube  | [Normal]     | 87%    |   58.3ms | no...
[GAMING/SUR] | YouTube  | [Normal]     | 90%    |   56.5ms | WAIT...
[GAMING/SUR] | YouTube  | [Normal]     | 96%    |   75.6ms | Así welyn...
[GAMING/GAM] | YouTube  | [Normal]     | 95%    |  111.6ms | Why don't we ever see other blockbusting...
[GAMING/GAM] | YouTube  | [Normal]     | 97%    |   65.5ms | Good morning...
[GAMING/GAM] | YouTube  | [Normal]     | 93%    |   75.2ms | LAMPPPP...
[ENTERTAINM] | YouTube  | [Normal]     | 94%    |   63.1ms | 1...
[MUSIC/CHIL] | YouTube  | [Normal]     | 54%    |   73.1ms | shish that's fantastic...
[ENTERTAINM] | YouTube  | [Normal]     | 98%    |  237.9ms | :face-turquoise-covering-eyes::face-turq...
[GAMING/GAM] | YouTube  | [Normal]     | 96%    |   80.3ms | BASEMENT MOUSE TRAPS...
[ENTERTAINM] | YouTube  | [Normal]     | 97%    |   86.4ms | love from Maharashtra :red_heart:...
[GAMING/GAM] | YouTube  | [Normal]     | 95%    |   80.1ms | There's a shadow...
[SPORTS/FOO] | YouTube  | [Normal]     | 94%    |   84.3ms | よっしゃ(ﾉ･ω･)ﾉ...
[ENTERTAINM] | YouTube  | [Normal]     | 94%    |   78.8ms | r u gonna watch any world cup games...
[GAMING/SUR] | YouTube  | [Normal]     | 73%    |   79.5ms | doesn't matter wh8ch way...
[GAMING/GAM] | YouTube  | [Normal]     | 96%    |  108.7ms | :grinning_squinting_face::grinning_squin...
[GAMING/GAM] | YouTube  | [Normal]     | 93%    |   56.4ms | F...
[ENTERTAINM] | YouTube  | [Normal]     | 93%    |   61.3ms | yes...
[GAMING/SUR] | YouTube  | [Normal]     | 66%    |   77.2ms | practically radiating smug...
[GAMING/SUR] | YouTube  | [Normal]     | 73%    |   76.4ms | it's like abortion lol...
[ENTERTAINM] | YouTube  | [Normal]     | 98%    |  119.1ms | :face-blue-smiling::face-blue-smiling::f...
[ENTERTAINM] | YouTube  | [Normal]     | 96%    |   76.5ms | Ako ay pilipina...
[GAMING/GAM] | YouTube  | [Normal]     | 92%    |   56.4ms | yeah...
[GAMING/GAM] | YouTube  | [Normal]     | 91%    |   73.6ms | a new try...
[GAMING/GAM] | YouTube  | [Normal]     | 91%    |   72.2ms | noob...
[ENTERTAINM] | YouTube  | [Normal]     | 97%    |   69.4ms | please :pleading_face:...
[GAMING/GAM] | YouTube  | [Normal]     | 91%    |   60.7ms | Noob...
[ENTERTAINM] | YouTube  | [Normal]     | 96%    |   69.8ms | hello jimmy...
[GAMING/GAM] | YouTube  | [Normal]     | 73%    |   64.6ms | Nobo...
[GAMING/SUR] | YouTube  | [Normal]     | 97%    |   75.9ms | dude gave that speech more than once lol...
[GAMING/GAM] | YouTube  | [Normal]     | 37%    |   72.3ms | BAN THEM THEY ARE WRONG...
[GAMING/GAM] | YouTube  | [Normal]     | 97%    |   72.2ms | Actor of the year...
[GAMING/GAM] | YouTube  | [Normal]     | 95%    |   81.5ms | as a librarian I stand behind you lol...
[GAMING/GAM] | YouTube  | [Normal]     | 97%    |   94.6ms | Obversation Duty!!! Leave it. It’s coole...
[GAMING/GAM] | YouTube  | [Normal]     | 85%    |   57.5ms | YOU RIGHT...
[GAMING/GAM] | YouTube  | [Normal]     | 97%    |   77.2ms | STARIWELL RAILING IS MISSING???...
[ENTERTAINM] | YouTube  | [Normal]     | 72%    |   70.8ms | mr pist...
[ENTERTAINM] | YouTube  | [Normal]     | 94%    |   62.2ms | Sri Lanka...
[ENTERTAINM] | YouTube  | [Normal]     | 95%    |   67.2ms | we want to see play button...
[GAMING/GAM] | YouTube  | [Normal]     | 94%    |   73.1ms | THE DAMM BACKPACK...
[MUSIC/CHIL] | YouTube  | [Normal]     | 95%    |   64.8ms | Tutututu...
[GAMING/SUR] | YouTube  | [Normal]     | 97%    |   81.0ms | I wanna see rainbow Six Siege!...
[ENTERTAINM] | YouTube  | [Normal]     | 97%    |   84.8ms | suuuuuuuuuu...
[GAMING/GAM] | YouTube  | [Normal]     | 95%    |   76.9ms | it looks good so far...
[ENTERTAINM] | YouTube  | [Normal]     | 94%    |   63.9ms | SO OLD BUT GOLD...
[ENTERTAINM] | YouTube  | [Normal]     | 96%    |   66.9ms | Altaf...
[ENTERTAINM] | YouTube  | [Normal]     | 98%    |   87.9ms | shoutout please love from Darjeeling :pu...
[GAMING/GAM] | YouTube  | [OFFENSIVE]  | 93%    |   92.6ms | :_markiCHICA::_markiCHICA::_markiCHICA:...
[ENTERTAINM] | YouTube  | [Normal]     | 96%    |   57.2ms | New member...
[GAMING/GAM] | YouTube  | [Normal]     | 92%    |   74.9ms | camera malfunction just means the camera...
[NEWS/LIVE ] | YouTube  | [Normal]     | 86%    |  106.8ms | @mikebriganti2187 you are or arent into ...
[GAMING/GAM] | YouTube  | [Normal]     | 96%    |   96.9ms | This guy looks like the actor in iron lu...
[ENTERTAINM] | YouTube  | [Normal]     | 98%    |   85.7ms | I love watching your videos:smiling_face...
[MUSIC/CHIL] | YouTube  | [Normal]     | 96%    |  131.8ms | Where is your wife Prasa or r uh here fo...
[ENTERTAINM] | YouTube  | [Normal]     | 95%    |   61.9ms | I FROM...
[GAMING/GAM] | YouTube  | [Normal]     | 95%    |   67.0ms | yay...
[GAMING/GAM] | YouTube  | [Normal]     | 97%    |   83.0ms | I love that game. super bizarre tho...
[ENTERTAINM] | YouTube  | [Normal]     | 90%    |   64.9ms | yoo...
[GAMING/GAM] | YouTube  | [OFFENSIVE]  | 49%    |   78.3ms | camera messed up in yard?...
[ENTERTAINM] | YouTube  | [Normal]     | 97%    |   68.6ms | i wanted an iPhone...
[GAMING/GAM] | YouTube  | [Normal]     | 97%    |  110.2ms | Mark the Oscar is comming for you :sligh...
[GAMING/GAM] | YouTube  | [Normal]     | 91%    |   69.0ms | dang this level seems hard...
[GAMING/GAM] | YouTube  | [Normal]     | 95%    |  102.5ms | I hope I can get to the theater to see t...
[PSYCHOLOGY] | YouTube  | [Normal]     | 92%    |  127.9ms | Too often I spend time internally  think...
[GAMING/GAM] | YouTube  | [Normal]     | 95%    |   70.1ms | Hii...
[GAMING/GAM] | YouTube  | [Normal]     | 87%    |   67.2ms | ITS IN YOUR CUPBOARD...
[ENTERTAINM] | YouTube  | [Normal]     | 95%    |   62.3ms | Hii...
[SELF-HELP/] | YouTube  | [Normal]     | 95%    |  137.4ms | @goutham9604 do you feel the same way we...
[GAMING/GAM] | YouTube  | [Normal]     | 92%    |   73.9ms | i liked iron lung mrk good job...
[ENTERTAINM] | YouTube  | [Normal]     | 95%    |   58.5ms | i know...
[GAMING/GAM] | YouTube  | [Normal]     | 90%    |   85.5ms | Hopefully he can obverse these anomalies...
[ENTERTAINM] | YouTube  | [Normal]     | 97%    |   69.5ms | hello from Philippines...
[ENTERTAINM] | YouTube  | [Normal]     | 94%    |   60.5ms | hi...
[ENTERTAINM] | YouTube  | [Normal]     | 95%    |   57.1ms | hiiii...
[SELF-HELP/] | YouTube  | [Normal]     | 96%    |   68.9ms | All this is Love only...
[ENTERTAINM] | YouTube  | [Normal]     | 96%    |   76.2ms | :fire::fire::fire:...
[NEWS/LIVE ] | YouTube  | [Normal]     | 52%    |   85.1ms | WHITE IS THE BEST!!! KARMELO IS PRISON F...
[GAMING/GAM] | YouTube  | [Normal]     | 85%    |   96.8ms | It’s like spooky where’s waldo...
[ENTERTAINM] | YouTube  | [Normal]     | 96%    |  138.7ms | buy me a Car luv from India mrbeast :spa...
[GAMING/GAM] | YouTube  | [Normal]     | 96%    |  113.9ms | HI MARK!! MY BOYFRIEND LOVES YOUUU!!...
[GAMING/SUR] | YouTube  | [Normal]     | 97%    |   78.4ms | aim for the router!...
[GAMING/GAM] | YouTube  | [Normal]     | 91%    |   76.5ms | GUYS HELPPP HIM...
[ENTERTAINM] | YouTube  | [Normal]     | 98%    |   62.1ms | binod...
[GAMING/GAM] | YouTube  | [Normal]     | 96%    |   77.5ms | :red_heart:...
[ENTERTAINM] | YouTube  | [Normal]     | 88%    |   90.5ms | meta crashedd!!!!!!!!!...
[GAMING/GAM] | YouTube  | [Normal]     | 56%    |   93.4ms | yous a goofy boy...
[MUSIC/CHIL] | YouTube  | [Normal]     | 97%    |   73.1ms | bye tc...
[ENTERTAINM] | YouTube  | [Normal]     | 96%    |   73.3ms | Kai cenat?...
[GAMING/GAM] | YouTube  | [Normal]     | 95%    |   70.8ms | yalow mark...
[ENTERTAINM] | YouTube  | [Normal]     | 94%    |   68.8ms | Please...
[ENTERTAINM] | YouTube  | [Normal]     | 98%    |  116.7ms | FROM BANGLADESH :green_circle::red_circl...
[ENTERTAINM] | YouTube  | [Normal]     | 78%    |   70.6ms | ALMOST THETE...
[ENTERTAINM] | YouTube  | [Normal]     | 91%    |   85.4ms | Broooo...
[GAMING/GAM] | YouTube  | [Normal]     | 94%    |  103.9ms | something moved...
[GAMING/GAM] | YouTube  | [Normal]     | 97%    |   78.0ms | stairwell?...
[GAMING/GAM] | YouTube  | [Normal]     | 93%    |   72.9ms | e...
[ENTERTAINM] | YouTube  | [Normal]     | 96%    |   82.5ms | i love u Mr beast from Indonesia...
[ENTERTAINM] | YouTube  | [Normal]     | 95%    |   83.8ms | im 14 years old...
[GAMING/GAM] | YouTube  | [Normal]     | 96%    |   80.3ms | you look very cool mark...
[GAMING/SUR] | YouTube  | [Normal]     | 97%    |   89.6ms | learning experience that's the way to lo...
[ENTERTAINM] | YouTube  | [Normal]     | 93%    |   71.0ms | unsub...
[GAMING/GAM] | YouTube  | [Normal]     | 72%    |  115.9ms | I will rent out a movie theater and put ...
[GAMING/GAM] | YouTube  | [Normal]     | 91%    |   83.8ms | nothing in pit...
[GAMING/GAM] | YouTube  | [Normal]     | 91%    |   60.4ms | hey...
[GAMING/GAM] | YouTube  | [Normal]     | 66%    |   74.4ms | TOO LOUYD...
[GAMING/GAM] | YouTube  | [Normal]     | 97%    |   79.9ms | fog in yard?...
[ENTERTAINM] | YouTube  | [Normal]     | 94%    |   78.4ms | Jimmy...
[ENTERTAINM] | YouTube  | [Normal]     | 87%    |   96.8ms | No who is that?...
[ENTERTAINM] | YouTube  | [Normal]     | 94%    |   68.0ms | hi...
[GAMING/GAM] | YouTube  | [Normal]     | 95%    |   65.2ms | :O...
[GAMING/GAM] | YouTube  | [Normal]     | 95%    |   86.4ms | EXTRA MOUSE TRAP...
[GAMING/GAM] | YouTube  | [OFFENSIVE]  | 72%    |   83.3ms | Creepppyyy...
[GAMING/GAM] | YouTube  | [Normal]     | 97%    |   79.0ms | the bags mark...
[GAMING/SUR] | YouTube  | [Normal]     | 93%    |   77.2ms | sattle it up...
[GAMING/GAM] | YouTube  | [Normal]     | 97%    |   86.3ms | number one crate!...
[ENTERTAINM] | YouTube  | [Normal]     | 97%    |   76.6ms | congratulations for 1 million...
[GAMING/GAM] | YouTube  | [Normal]     | 96%    |   91.5ms | THR MOUSETRAP...
[ENTERTAINM] | YouTube  | [Normal]     | 94%    |   66.0ms | hi...
[ENTERTAINM] | YouTube  | [Normal]     | 93%    |   72.7ms | you watching the usa game today...
[GAMING/GAM] | YouTube  | [Normal]     | 95%    |  214.6ms | :_markiLOVE::_markiLOVE::_markiLOVE::_ma...
[GAMING/GAM] | YouTube  | [Normal]     | 97%    |   97.6ms | Watched Iron Lung last weekend! It was A...
[GAMING/GAM] | YouTube  | [Normal]     | 97%    |   82.8ms | FUSE BOX in Interior...
[PSYCHOLOGY] | YouTube  | [Normal]     | 96%    |   79.9ms | When will it equalize?...
[GAMING/GAM] | YouTube  | [Normal]     | 80%    |  112.9ms | MOUSETRAP IN BASEMENT THE MOST RIGHT ONE...
[ENTERTAINM] | YouTube  | [Normal]     | 97%    |   78.2ms | Suuuuuuiiiiii...
[GAMING/SUR] | YouTube  | [Normal]     | 97%    |   77.4ms | Lmfao this is great...
[GAMING/SUR] | YouTube  | [Normal]     | 97%    |   83.8ms | every door wide open lmao...
[ENTERTAINM] | YouTube  | [Normal]     | 95%    |   75.2ms | hi Mr Beast I love u...
[GAMING/GAM] | YouTube  | [Normal]     | 96%    |   87.3ms | Bottle change in basement?...
[GAMING/GAM] | YouTube  | [Normal]     | 97%    |   83.7ms | EXTRA MOUSETRAP IN BASEMENT...
[ENTERTAINM] | YouTube  | [Normal]     | 95%    |  102.3ms | :person-turqouise-waving:...
[GAMING/GAM] | YouTube  | [Normal]     | 94%    |   78.1ms | Lamp Post Cables...
[ENTERTAINM] | YouTube  | [Normal]     | 95%    |   95.8ms | Play Minecraft...
[GAMING/GAM] | YouTube  | [Normal]     | 95%    |   68.4ms | light...
[ENTERTAINM] | YouTube  | [Normal]     | 96%    |   77.3ms | I know everyone there...
[MUSIC/CHIL] | YouTube  | [Normal]     | 97%    |   91.7ms | :person-turquoise-wizard-wand:...
[GAMING/GAM] | YouTube  | [Normal]     | 97%    |  104.4ms | strange broadcast? That's just Alastor f...
[ENTERTAINM] | YouTube  | [Normal]     | 89%    |   59.4ms | yoooo...
[GAMING/GAM] | YouTube  | [Normal]     | 77%    |   65.7ms | spookyy...
[GAMING/GAM] | YouTube  | [Normal]     | 93%    |   86.9ms | The keepers roam sounds like someone is ...
[ENTERTAINM] | YouTube  | [Normal]     | 94%    |   61.4ms | hi...
[ENTERTAINM] | YouTube  | [Normal]     | 95%    |   70.6ms | hi mr beast i love you...
[ENTERTAINM] | YouTube  | [Normal]     | 97%    |   90.0ms | give 100k...
[GAMING/GAM] | YouTube  | [Normal]     | 89%    |   79.4ms | Resident evil 4 Remake...
[GAMING/GAM] | YouTube  | [Normal]     | 77%    |   81.3ms | THE PIER THING IS BENT...
[ENTERTAINM] | YouTube  | [Normal]     | 94%    |   73.2ms | Hi...
[ENTERTAINM] | YouTube  | [Normal]     | 93%    |   66.7ms | OMG...
[ENTERTAINM] | YouTube  | [Normal]     | 94%    |   74.8ms | HI...
[GAMING/GAM] | YouTube  | [Normal]     | 96%    |   67.6ms | lol...
[ENTERTAINM] | YouTube  | [Normal]     | 78%    |   60.2ms | YOU...
[MUSIC/CHIL] | YouTube  | [Normal]     | 96%    |   75.4ms | Vishuu u understand now...
[GAMING/SUR] | YouTube  | [Normal]     | 92%    |   79.6ms | CLOSE DOOR...
[GAMING/GAM] | YouTube  | [Normal]     | 96%    |   95.4ms | Has there always been a puddle in front ...
[GAMING/GAM] | YouTube  | [Normal]     | 97%    |   77.6ms | Welcome to Member!...
[GAMING/GAM] | YouTube  | [Normal]     | 96%    |   70.9ms | extra bottle pier?...
[ENTERTAINM] | YouTube  | [Normal]     | 78%    |   80.1ms | @mrbeast your the best...
[GAMING/GAM] | YouTube  | [Normal]     | 96%    |   87.6ms | ELEXTRIC BOX...
[GAMING/SUR] | YouTube  | [Normal]     | 92%    |   67.9ms | heli...
[GAMING/SUR] | YouTube  | [Normal]     | 89%    |   72.2ms | CLOSE THE GATE PEANUT...
[GAMING/GAM] | YouTube  | [Normal]     | 93%    |   80.5ms | WE ALL BELIEVED IN YOU MARK...
[GAMING/GAM] | YouTube  | [Normal]     | 69%    |   68.0ms | the ears...
[GAMING/GAM] | YouTube  | [Normal]     | 90%    |   87.2ms | yoo...
[ENTERTAINM] | YouTube  | [Normal]     | 95%    |   88.8ms | تاج راسك :thumbs_up:...
[GAMING/GAM] | YouTube  | [Normal]     | 92%    |   73.3ms | its right there...
[ENTERTAINM] | YouTube  | [Normal]     | 94%    |   73.2ms | hi...
[GAMING/GAM] | YouTube  | [Normal]     | 96%    |   88.9ms | extra bottle pier?...
[NEWS/LIVE ] | YouTube  | [Normal]     | 94%    |   75.3ms | Who killed who ..?...
[GAMING/GAM] | YouTube  | [Normal]     | 64%    |   72.4ms | What a large brain you have...
[ENTERTAINM] | YouTube  | [Normal]     | 92%    |   73.2ms | you give one i phone please...
[GAMING/GAM] | YouTube  | [Normal]     | 93%    |   80.5ms | 2 door knobs in Interior?...
[MUSIC/CHIL] | YouTube  | [Normal]     | 98%    |   96.7ms | ...:face-turquoise-music-note:...
[GAMING/GAM] | YouTube  | [OFFENSIVE]  | 38%    |   88.2ms | Intruder Top Left :face-fuchsia-tongue-o...
[ENTERTAINM] | YouTube  | [Normal]     | 94%    |   71.4ms | WW Aura Farm...
[ENTERTAINM] | YouTube  | [Normal]     | 95%    |   76.5ms | said hi...
[GAMING/GAM] | YouTube  | [Normal]     | 82%    |  100.7ms | Pretty sure I saw an Iron Lung out in th...
[PSYCHOLOGY] | YouTube  | [Normal]     | 96%    |   80.2ms | lol...
[ENTERTAINM] | YouTube  | [Normal]     | 93%    |   73.3ms | Yes...
[MUSIC/CHIL] | YouTube  | [Normal]     | 97%    |   95.6ms | yes good New my :spade_suit:...
[GAMING/GAM] | YouTube  | [Normal]     | 88%    |   87.0ms | wibble wobble...
[ENTERTAINM] | YouTube  | [Normal]     | 97%    |   87.1ms | Hi Mr.Beast...
[GAMING/GAM] | YouTube  | [Normal]     | 94%    |   81.4ms | Camera...
[GAMING/GAM] | YouTube  | [Normal]     | 85%    |   88.1ms | there was a wibble wobble!...
[GAMING/GAM] | YouTube  | [Normal]     | 96%    |   80.4ms | THE PILLAR AT THE STAIRWELL IS ROTATING...
[ENTERTAINM] | YouTube  | [Normal]     | 88%    |   72.8ms | @Mrbeast...
[GAMING/GAM] | YouTube  | [Normal]     | 94%    |   69.2ms | FOG...
[ENTERTAINM] | YouTube  | [Normal]     | 94%    |  262.1ms | :buffering::buffering::buffering::buffer...
[ENTERTAINM] | YouTube  | [Normal]     | 98%    |   87.4ms | :hand-pink-waving:...
[GAMING/GAM] | YouTube  | [Normal]     | 84%    |   91.2ms | the cross is missing from the end of the...
[GAMING/GAM] | YouTube  | [Normal]     | 95%    |   69.6ms | extra lamp...
[ENTERTAINM] | YouTube  | [Normal]     | 96%    |   82.5ms | привет...
[GAMING/GAM] | YouTube  | [Normal]     | 85%    |   78.0ms | DEAD BODY IN CABIN...
[ENTERTAINM] | YouTube  | [OFFENSIVE]  | 83%    |   83.4ms | Letsssss goooooooooo...
[PSYCHOLOGY] | YouTube  | [HATE]       | 87%    |  106.5ms | Cockblockers...
[GAMING/GAM] | YouTube  | [Normal]     | 97%    |   81.9ms | I had a dream of this...
[ENTERTAINM] | YouTube  | [Normal]     | 96%    |  106.3ms | Jimmy  do you think you can handle 600 m...
[ENTERTAINM] | YouTube  | [Normal]     | 94%    |   73.7ms | Indonesia...
[ENTERTAINM] | YouTube  | [Normal]     | 90%    |   70.4ms | USA...
[ENTERTAINM] | YouTube  | [Normal]     | 91%    |   87.5ms | DO for carry...
[ENTERTAINM] | YouTube  | [Normal]     | 90%    |   68.7ms | mexico...
[GAMING/GAM] | YouTube  | [Normal]     | 93%    |  151.4ms | blahblahblah im markiplier. 27 million r...
[GAMING/GAM] | YouTube  | [Normal]     | 90%    |   79.0ms | light anomaly in the light house...
[ENTERTAINM] | YouTube  | [Normal]     | 94%    |   70.4ms | hi...
[GAMING/GAM] | YouTube  | [Normal]     | 97%    |   79.7ms | PURPLE TOWEL IN LANTERN ROOM!!...
[GAMING/GAM] | YouTube  | [Normal]     | 90%    |   96.3ms | I’m just waiting for an intruder to pop ...
[NEWS/LIVE ] | YouTube  | [Normal]     | 95%    |   81.7ms | GOD BLESS MY WHITENESS. JOEY AGREES!!...
[ENTERTAINM] | YouTube  | [Normal]     | 97%    |   81.9ms | i love Hollywood horror movie's...
[ENTERTAINM] | YouTube  | [Normal]     | 94%    |   68.6ms | hi...
[ENTERTAINM] | YouTube  | [Normal]     | 91%    |   72.1ms | Portugal...
[GAMING/SUR] | YouTube  | [Normal]     | 79%    |   75.3ms | p you must start shutting doors and gate...
[MUSIC/CHIL] | YouTube  | [Normal]     | 94%    |   79.2ms | eu nu alerg după bogății...
[GAMING/GAM] | YouTube  | [Normal]     | 96%    |   69.1ms | :_markiJIM:...
[ENTERTAINM] | YouTube  | [Normal]     | 94%    |   58.0ms | 1...
[GAMING/GAM] | YouTube  | [Normal]     | 96%    |   71.6ms | BARRELS TURNED...
[PSYCHOLOGY] | YouTube  | [Normal]     | 89%    |   87.9ms | but it goes both for men and women...
[GAMING/GAM] | YouTube  | [Normal]     | 96%    |   75.7ms | BARREL ORIENTATION IN BASEMENT...
[ENTERTAINM] | YouTube  | [Normal]     | 90%    |   64.0ms | 𝙷𝚎𝚕𝚕𝚘...
[GAMING/GAM] | YouTube  | [Normal]     | 88%    |   97.0ms | There is a camera malfunction in basemen...
[ENTERTAINM] | YouTube  | [Normal]     | 94%    |   83.4ms | 1...
[GAMING/SUR] | YouTube  | [Normal]     | 96%    |   82.9ms | Oil let welyn do the turrets...
[GAMING/SUR] | YouTube  | [Normal]     | 91%    |   93.7ms | a welyn's work is never done...
[SELF-HELP/] | YouTube  | [Normal]     | 96%    |   75.5ms | :D...
[ENTERTAINM] | YouTube  | [Normal]     | 94%    |   68.6ms | 1...
[GAMING/GAM] | YouTube  | [Normal]     | 96%    |   89.1ms | lamp moved in interior...
[GAMING/SUR] | YouTube  | [Normal]     | 91%    |   83.6ms | DILLON DANIS IS NOT IN UFC...
[PSYCHOLOGY] | YouTube  | [Normal]     | 97%    |   83.4ms | a big part...
[GAMING/GAM] | YouTube  | [Normal]     | 88%    |  103.6ms | pluggin a movie with a few clicks is wil...
[GAMING/GAM] | YouTube  | [Normal]     | 97%    |   98.0ms | hiiii mark!!!!!...
[ENTERTAINM] | YouTube  | [Normal]     | 94%    |   92.1ms | Unsubscribed what...
[PSYCHOLOGY] | YouTube  | [Normal]     | 96%    |  117.8ms | Dr. K to restaurant bro: So let's think ...
[GAMING/GAM] | YouTube  | [Normal]     | 93%    |   92.9ms | Light not spinning...
[GAMING/GAM] | YouTube  | [Normal]     | 97%    |   78.1ms | PIER: extra bottle by shack...
[GAMING/GAM] | YouTube  | [Normal]     | 83%    |   87.8ms | Iron lung is peak fiction...
[GAMING/GAM] | YouTube  | [Normal]     | 96%    |   94.5ms | :anxious_face_with_sweat:...
[MUSIC/CHIL] | YouTube  | [Normal]     | 98%    |  162.2ms | Syed :comet::small_blue_diamond:me moral...
[ENTERTAINM] | YouTube  | [Normal]     | 93%    |   93.2ms | Mr beast can you pay my world cup ticket...
[GAMING/GAM] | YouTube  | [Normal]     | 94%    |   85.1ms | I saw that wobble!!...
[SELF-HELP/] | YouTube  | [Normal]     | 72%    |   82.1ms | dr k are you broken...
[GAMING/GAM] | YouTube  | [Normal]     | 88%    |   78.1ms | dock...
[PSYCHOLOGY] | YouTube  | [Normal]     | 92%    |   94.3ms | hih go dr k...
[ENTERTAINM] | YouTube  | [Normal]     | 94%    |   64.5ms | 1...
[GAMING/GAM] | YouTube  | [Normal]     | 96%    |   80.2ms | hi markkkk...
[GAMING/GAM] | YouTube  | [Normal]     | 97%    |  103.5ms | BARRELS MOVED DIRECTIONS IN BASEMENT...
[GAMING/SUR] | YouTube  | [Normal]     | 96%    |   75.9ms | he has the bp...
[GAMING/GAM] | YouTube  | [Normal]     | 92%    |   67.4ms | the ropes...
[GAMING/GAM] | YouTube  | [Normal]     | 68%    |   70.8ms | TOO MUCH LADDER...
[GAMING/GAM] | YouTube  | [Normal]     | 96%    |   79.3ms | EXTRA. BOTTLE. IN. THE. PEIR...
[ENTERTAINM] | YouTube  | [Normal]     | 98%    |  153.2ms | bro I want to participate in your challe...
[ENTERTAINM] | YouTube  | [Normal]     | 98%    |  167.8ms | :text-green-game-over::text-green-game-o...
[GAMING/GAM] | YouTube  | [Normal]     | 95%    |  102.0ms | The panel in front of the lighthouse lig...
[GAMING/GAM] | YouTube  | [Normal]     | 96%    |   85.8ms | try max payne 3 multiplayer...
[PSYCHOLOGY] | YouTube  | [Normal]     | 78%    |   84.0ms | A part of you opposite to identity...
[GAMING/GAM] | YouTube  | [Normal]     | 96%    |   79.4ms | hi mark...
[GAMING/GAM] | YouTube  | [Normal]     | 88%    |   91.1ms | THE BARREL IS SHORTER...
[MUSIC/CHIL] | YouTube  | [Normal]     | 97%    |  101.3ms | :moai::blue_heart::balloon:...
[GAMING/SUR] | YouTube  | [Normal]     | 93%    |   91.1ms | Gingy is a cool guy and excellent suppor...
[ENTERTAINM] | YouTube  | [Normal]     | 93%    |   77.0ms | wtf...
[GAMING/GAM] | YouTube  | [Normal]     | 93%    |   96.5ms | Stair rail moved...
[MUSIC/CHIL] | YouTube  | [Normal]     | 96%    |  110.8ms | :musical_note::man_in_steamy_room:...
[GAMING/SUR] | YouTube  | [Normal]     | 80%    |   77.4ms | YOU GOT IT...
[GAMING/GAM] | YouTube  | [Normal]     | 78%    |   79.6ms | INTRUDER TOP LEFT OMGGGG...
[GAMING/GAM] | YouTube  | [Normal]     | 97%    |   79.6ms | BARRELS ROTATED...
[GAMING/GAM] | YouTube  | [Normal]     | 78%    |   95.8ms | Just watched Iron Lung in Germany!...
[GAMING/GAM] | YouTube  | [Normal]     | 96%    |   93.7ms | There's extra bottles at the dock...
[GAMING/SUR] | YouTube  | [Normal]     | 96%    |   78.0ms | windmill to main battery...
[GAMING/GAM] | YouTube  | [Normal]     | 97%    |   84.1ms | green bucket is filled @markiplier...
[GAMING/GAM] | YouTube  | [Normal]     | 95%    |   79.2ms | We see the hairline mark...
[ENTERTAINM] | YouTube  | [Normal]     | 94%    |  162.2ms | :ok_hand::ok_hand::ok_hand::ok_hand::ok_...
[GAMING/GAM] | YouTube  | [Normal]     | 85%    |   63.8ms | foggy yard...
[GAMING/GAM] | YouTube  | [Normal]     | 94%    |   61.4ms | hi...
[ENTERTAINM] | YouTube  | [Normal]     | 93%    |   73.0ms | Who are you bro?...
[MUSIC/CHIL] | YouTube  | [Normal]     | 95%    |   86.4ms | my name is Ani adyhh sister...
[GAMING/GAM] | YouTube  | [OFFENSIVE]  | 50%    |   75.7ms | WHAT THE HELL...
[ENTERTAINM] | YouTube  | [Normal]     | 95%    |  119.0ms | Россия Россия Россия Россия...
[GAMING/SUR] | YouTube  | [Normal]     | 89%    |   81.4ms | wtf they capped the amount of turrets...
[GAMING/GAM] | YouTube  | [Normal]     | 90%    |   71.0ms | Sirens huh...
[ENTERTAINM] | YouTube  | [Normal]     | 92%    |   76.2ms | MrBeast...
[GAMING/GAM] | YouTube  | [Normal]     | 92%    |   74.1ms | Woah...
[GAMING/GAM] | YouTube  | [Normal]     | 93%    |   92.4ms | is iron lung going to be on a streaming ...
[GAMING/GAM] | YouTube  | [Normal]     | 96%    |   86.4ms | MARK PLEASE FIREPLACE...
[ENTERTAINM] | YouTube  | [Normal]     | 97%    |   77.8ms | kitabi rujhaan ask...
[GAMING/GAM] | YouTube  | [Normal]     | 97%    |  101.3ms | BACKPACK HANGING FROM LANTERN ROOM HAS A...
[GAMING/GAM] | YouTube  | [Normal]     | 88%    |  108.8ms | ypu telling me the crab lady counts as a...
[ENTERTAINM] | YouTube  | [Normal]     | 96%    |   66.2ms | New member...
[MUSIC/CHIL] | YouTube  | [Normal]     | 95%    |  202.9ms | nu te judeca dur nu te taxează vezi daca...
[GAMING/GAM] | YouTube  | [Normal]     | 97%    |   97.4ms | I saw that one but havent checked it out...
[ENTERTAINM] | YouTube  | [Normal]     | 91%    |   79.4ms | yo jimmy...
[GAMING/GAM] | YouTube  | [Normal]     | 95%    |   94.8ms | THE RAILING MARK THE RAILING...
[GAMING/SUR] | YouTube  | [Normal]     | 97%    |   85.4ms | Get a fajita-rrito...
[GAMING/GAM] | YouTube  | [Normal]     | 96%    |  100.8ms | whats that red thing on the lower left i...
[ENTERTAINM] | YouTube  | [Normal]     | 95%    |   78.1ms | yooo...
[GAMING/GAM] | YouTube  | [Normal]     | 95%    |  103.8ms | it seems fine I don't think anything cha...
[GAMING/GAM] | YouTube  | [Normal]     | 86%    |   80.7ms | Middle post in Yard is too long...
[GAMING/GAM] | YouTube  | [Normal]     | 92%    |   75.1ms | im on the last one...
[PSYCHOLOGY] | YouTube  | [Normal]     | 90%    |   81.3ms | It confusing when the words are almost t...
[MUSIC/CHIL] | YouTube  | [Normal]     | 95%    |   76.3ms | :frowning_face:...
[GAMING/SUR] | YouTube  | [Normal]     | 94%    |   64.7ms | RIP TRUMP...
[ENTERTAINM] | YouTube  | [Normal]     | 98%    |   73.0ms | :wilted_flower:...
[ENTERTAINM] | YouTube  | [Normal]     | 94%    |   64.8ms | follow...
[ENTERTAINM] | YouTube  | [Normal]     | 98%    |  207.2ms | :purple_heart::purple_heart::purple_hear...
[GAMING/GAM] | YouTube  | [Normal]     | 98%    |  166.0ms | Red light in the top left Red light in t...
[GAMING/GAM] | YouTube  | [Normal]     | 88%    |   94.3ms | intruder top left...
[GAMING/SUR] | YouTube  | [Normal]     | 86%    |   73.4ms | Im funny then...
[GAMING/GAM] | YouTube  | [Normal]     | 96%    |   88.3ms | it's BENT...
[GAMING/GAM] | YouTube  | [Normal]     | 85%    |   76.7ms | IT MOOOOOOVED...
[NEWS/LIVE ] | YouTube  | [Normal]     | 90%    |  113.3ms | No remorse...
[GAMING/GAM] | YouTube  | [Normal]     | 95%    |  122.1ms | RAILING MOVEMENT...
[SELF-HELP/] | YouTube  | [Normal]     | 81%    |  196.8ms | be special and weird  got it  ill try th...
[GAMING/GAM] | YouTube  | [Normal]     | 95%    |  106.6ms | THE BROKEN RAIL MOVED FOR THE LOVE OF AL...
[NEWS/LIVE ] | YouTube  | [Normal]     | 87%    |  100.0ms | WHAT HAPPENED TICKLETOES?? YOU SWITCHED ...
[GAMING/GAM] | YouTube  | [Normal]     | 93%    |   69.7ms | BROKEN ONE MOVED...
[GAMING/GAM] | YouTube  | [Normal]     | 94%    |   75.8ms | Wait go back i think i saw diamonds...
[ENTERTAINM] | YouTube  | [Normal]     | 95%    |   67.4ms | Paul from UGANDA...
[ENTERTAINM] | YouTube  | [Normal]     | 82%    |  189.9ms | :party_popper::party_popper::party_poppe...
[SELF-HELP/] | YouTube  | [Normal]     | 59%    |   74.6ms | twitch chat kicks our ass every single t...
[GAMING/GAM] | YouTube  | [Normal]     | 96%    |   65.7ms | gotteem...
[SELF-HELP/] | YouTube  | [Normal]     | 98%    |   93.0ms | I scored 9 / 10 on ACE. I'm special....
[ENTERTAINM] | YouTube  | [Normal]     | 90%    |   63.7ms | what is your favourite youtuber...
[ENTERTAINM] | YouTube  | [Normal]     | 97%    |   68.6ms | hello mr.beast...
[ENTERTAINM] | YouTube  | [Normal]     | 97%    |   98.2ms | ازيك يا مستر بيست...
[GAMING/SUR] | YouTube  | [Normal]     | 93%    |   65.8ms | it's a grid cap...
[SELF-HELP/] | YouTube  | [Normal]     | 94%    |   60.6ms | ish...
[ENTERTAINM] | YouTube  | [Normal]     | 94%    |   79.8ms | come to Ukraine friend...
[ENTERTAINM] | YouTube  | [Normal]     | 93%    |   74.3ms | лол...
[ENTERTAINM] | YouTube  | [Normal]     | 90%    |  314.8ms | :stayhome::stayhome::stayhome::stayhome:...
[ENTERTAINM] | YouTube  | [Normal]     | 97%    |   74.7ms | congratulations 500M...
[GAMING/GAM] | YouTube  | [Normal]     | 91%    |   83.2ms | MARK THE GAS CAN MOVED IN THE YARD IM TE...
[GAMING/GAM] | YouTube  | [Normal]     | 83%    |   71.2ms | THE RAIL IS BROKEN IS THE STAIRWELL...
[GAMING/GAM] | YouTube  | [Normal]     | 96%    |   60.7ms | 2 mark...
[GAMING/GAM] | YouTube  | [Normal]     | 96%    |   65.8ms | Hi mark...
[SELF-HELP/] | YouTube  | [Normal]     | 93%    |  122.2ms | As a child  I was put into an accelerati...
[GAMING/GAM] | YouTube  | [Normal]     | 60%    |   98.8ms | There's a devilishly handsome man in the...
[GAMING/GAM] | YouTube  | [Normal]     | 94%    |   92.5ms | The papers are missing from the desk in ...
[GAMING/GAM] | YouTube  | [Normal]     | 67%    |   97.4ms | THE LONGER ONEEEEEEEE MARK THE LONGER RO...
[GAMING/GAM] | YouTube  | [Normal]     | 86%    |   63.0ms | INTRUDER...
[GAMING/SUR] | YouTube  | [Normal]     | 94%    |   69.7ms | bro should've did some cable management...
[GAMING/GAM] | YouTube  | [Normal]     | 97%    |   71.7ms | extra box in the stairwell top left...
[ENTERTAINM] | YouTube  | [Normal]     | 96%    |   93.0ms | hiiiiiiiiiiiiiiiiiiiiiiiiii...
[ENTERTAINM] | YouTube  | [Normal]     | 93%    |   66.5ms | how to get XP...
[ENTERTAINM] | YouTube  | [Normal]     | 43%    |   72.3ms | leeeeetsssss gooo...
[ENTERTAINM] | YouTube  | [Normal]     | 95%    |   68.4ms | ff...
[GAMING/SUR] | YouTube  | [Normal]     | 71%    |  103.1ms | NOOOOOOOOOOOOOOOOOOOOOOOOOO...
[GAMING/SUR] | YouTube  | [Normal]     | 87%    |   63.4ms | No...
[ENTERTAINM] | YouTube  | [Normal]     | 93%    |   62.8ms | hlo...
[GAMING/GAM] | YouTube  | [Normal]     | 96%    |   73.1ms | STAIRWELL RAILING ROTATED LEFT OF THE SQ...
[ENTERTAINM] | YouTube  | [Normal]     | 77%    |   67.1ms | PUBG AND FREFIRE...
[GAMING/GAM] | YouTube  | [Normal]     | 96%    |   72.1ms | ARROW ANOMALIES ON UR SCREEN...
[GAMING/GAM] | YouTube  | [Normal]     | 92%    |   70.9ms | Intruder behind Makiplier...
[GAMING/GAM] | YouTube  | [Normal]     | 95%    |   72.4ms | THE STAIRWELL IS FINE...
[ENTERTAINM] | YouTube  | [Normal]     | 93%    |  104.7ms | mr beast im frommm the Philippines can y...
[ENTERTAINM] | YouTube  | [Normal]     | 96%    |   63.7ms | Mr beast vs chandler...
[GAMING/GAM] | YouTube  | [Normal]     | 97%    |   87.8ms | was the little red oil can always in the...
[ENTERTAINM] | YouTube  | [Normal]     | 95%    |   67.5ms | aaaaaaaaa...
[GAMING/GAM] | YouTube  | [Normal]     | 95%    |   70.1ms | Missing box in front of the map...
[PSYCHOLOGY] | YouTube  | [Normal]     | 97%    |   75.8ms | I FEEL SEEN lol...
[GAMING/SUR] | YouTube  | [Normal]     | 94%    |   67.7ms | 10...
[GAMING/GAM] | YouTube  | [Normal]     | 92%    |   69.8ms | Not the wind...
[GAMING/SUR] | YouTube  | [Normal]     | 93%    |   76.7ms | hahahahahhahah...
[ENTERTAINM] | YouTube  | [Normal]     | 94%    |   64.1ms | hi...
[GAMING/SUR] | YouTube  | [Normal]     | 94%    |   59.2ms | 10...
[GAMING/SUR] | YouTube  | [Normal]     | 94%    |   61.2ms | 10...
[GAMING/SUR] | YouTube  | [Normal]     | 95%    |   71.1ms | ?????...
[GAMING/GAM] | YouTube  | [Normal]     | 96%    |   66.8ms | HOLA PLAYER2...
[PSYCHOLOGY] | YouTube  | [Normal]     | 95%    |   62.2ms | INCEL...
[ENTERTAINM] | YouTube  | [Normal]     | 96%    |   65.6ms | 2k...
[PSYCHOLOGY] | YouTube  | [Normal]     | 96%    |   60.7ms | respect for being honest...
[GAMING/SUR] | YouTube  | [Normal]     | 94%    |   68.8ms | LOL ofc its still wrong...
[GAMING/GAM] | YouTube  | [Normal]     | 96%    |   73.9ms | when will that movie be in Europe?...
[GAMING/GAM] | YouTube  | [Normal]     | 86%    |   72.1ms | Under the bed...
[ENTERTAINM] | YouTube  | [Normal]     | 92%    |   73.5ms | Let’s go!!!!...
[GAMING/GAM] | YouTube  | [Normal]     | 95%    |   63.7ms | GASOLINE TANK...
[GAMING/GAM] | YouTube  | [Normal]     | 92%    |   58.0ms | uhoh...
[ENTERTAINM] | YouTube  | [Normal]     | 97%    |   71.6ms | love from Bangladesh :red_heart:...
[ENTERTAINM] | YouTube  | [Normal]     | 94%    |   72.6ms | 67k left...
[GAMING/GAM] | YouTube  | [Normal]     | 81%    |   98.6ms | Clearly the dead body that was called in...
[GAMING/GAM] | YouTube  | [Normal]     | 48%    |   70.9ms | WHAT DO YOU MEAN SHES PRETTY...
[GAMING/GAM] | YouTube  | [Normal]     | 72%    |   85.9ms | That might have been the guy they send t...
[GAMING/GAM] | YouTube  | [Normal]     | 93%    |   57.8ms | WWW...
[GAMING/GAM] | YouTube  | [Normal]     | 93%    |   62.8ms | pan under the bed...
[GAMING/GAM] | YouTube  | [Normal]     | 98%    |   83.1ms | purple cloth!! moved!!!...
[ENTERTAINM] | YouTube  | [Normal]     | 97%    |   85.5ms | Been subscribed since 7 million...
[GAMING/GAM] | YouTube  | [Normal]     | 80%    |   88.9ms | dead body under the sheets...
[ENTERTAINM] | YouTube  | [Normal]     | 95%    |   91.5ms | hii...
[ENTERTAINM] | YouTube  | [Normal]     | 95%    |  391.0ms | :nazar_amulet::nazar_amulet::nazar_amule...
[ENTERTAINM] | YouTube  | [Normal]     | 96%    |  110.4ms | Mr beast make your next Video a challeng...
[GAMING/GAM] | YouTube  | [Normal]     | 92%    |   73.6ms | HEY WSPPP...
[ENTERTAINM] | YouTube  | [Normal]     | 95%    |   81.9ms | bro please 1k please...
[ENTERTAINM] | YouTube  | [Normal]     | 93%    |   92.1ms | هههههههههه...
[ENTERTAINM] | YouTube  | [Normal]     | 98%    |  250.3ms | :chequered_flag::chequered_flag::chequer...
[ENTERTAINM] | YouTube  | [Normal]     | 97%    |  386.4ms | :face-purple-crying::face-purple-crying:...
[ENTERTAINM] | YouTube  | [Normal]     | 97%    |   78.2ms | love from nepal...
[GAMING/GAM] | YouTube  | [Normal]     | 96%    |  116.2ms | it’s faint but there’s a few extra rope ...
[ENTERTAINM] | YouTube  | [Normal]     | 93%    |  141.0ms | Man I remember when you used to do pewDi...
[GAMING/GAM] | YouTube  | [Normal]     | 96%    |   61.4ms | thanks...
[NEWS/LIVE ] | YouTube  | [Normal]     | 95%    |   72.4ms | My covid has AIDS...
[SELF-HELP/] | YouTube  | [Normal]     | 83%    |   95.6ms | There is a cost for IQ just as there is ...
[GAMING/GAM] | YouTube  | [Normal]     | 94%    |   68.9ms | uhhhh...
[ENTERTAINM] | YouTube  | [Normal]     | 96%    |   80.7ms | where is your outro song?...
[ENTERTAINM] | YouTube  | [Normal]     | 96%    |   77.6ms | базар жок...
[GAMING/GAM] | YouTube  | [Normal]     | 83%    |   63.1ms | THE RUMBLING...
[ENTERTAINM] | YouTube  | [Normal]     | 97%    |  161.9ms | :persevering_face::revolving_hearts::per...
[SELF-HELP/] | YouTube  | [Normal]     | 61%    |   99.9ms | higher Iq does not correlate with better...
[GAMING/SUR] | YouTube  | [Normal]     | 91%    |   86.8ms | I think u need wind turbine...
[GAMING/GAM] | YouTube  | [Normal]     | 96%    |   84.6ms | bed in the cabin?...
[GAMING/SUR] | YouTube  | [Normal]     | 80%    |   99.2ms | half wall the back side...
[ENTERTAINM] | YouTube  | [Normal]     | 94%    |   66.4ms | wooo...
[GAMING/GAM] | YouTube  | [HATE]       | 88%    |  102.2ms | Humans are way creepier than we give our...
[GAMING/GAM] | YouTube  | [Normal]     | 56%    |   87.0ms | LETSGOOO...
[ENTERTAINM] | YouTube  | [Normal]     | 93%    |   76.2ms | Ski...
[ENTERTAINM] | YouTube  | [Normal]     | 96%    |   85.7ms | الكفن505...
[GAMING/GAM] | YouTube  | [Normal]     | 91%    |   65.6ms | w...
[ENTERTAINM] | YouTube  | [Normal]     | 98%    |  390.1ms | رد مستر بيست :pensive_face::folded_hands...
[ENTERTAINM] | YouTube  | [Normal]     | 97%    |  208.3ms | Yo MrBeast! Watching the stream  you're ...
[GAMING/GAM] | YouTube  | [Normal]     | 88%    |   70.4ms | ggy...
[ENTERTAINM] | YouTube  | [Normal]     | 97%    |   77.6ms | Welcome to the final show...
[ENTERTAINM] | YouTube  | [Normal]     | 97%    |   77.1ms | cookies Mr beast don't forget...
[ENTERTAINM] | YouTube  | [Normal]     | 97%    |   76.5ms | hallo shabil...
[GAMING/SUR] | YouTube  | [Normal]     | 42%    |   93.6ms | put one wall on the right side of each t...
[ENTERTAINM] | YouTube  | [Normal]     | 97%    |   88.6ms | :text-green-game-over:...
[GAMING/GAM] | YouTube  | [Normal]     | 95%    |   76.7ms | yay...
[ENTERTAINM] | YouTube  | [Normal]     | 96%    |   90.5ms | I need new running shoes...
[GAMING/GAM] | YouTube  | [Normal]     | 97%    |   89.4ms | observation duty movie?!...
[GAMING/SUR] | YouTube  | [Normal]     | 54%    |  118.1ms | the proper question is "are we partaking...
[GAMING/GAM] | YouTube  | [Normal]     | 97%    |   77.9ms | thank you mark we love you mark...
[GAMING/SUR] | YouTube  | [Normal]     | 92%    |   81.1ms | you can do multiple clicks...
[GAMING/GAM] | YouTube  | [Normal]     | 96%    |   73.3ms | is it coming to Brazil ?...
[GAMING/GAM] | YouTube  | [Normal]     | 91%    |   87.9ms | UR SO ATTRACTIVE...
[GAMING/GAM] | YouTube  | [Normal]     | 80%    |  129.0ms | Hey mark  is it true to went on a date w...
[MUSIC/CHIL] | YouTube  | [Normal]     | 96%    |  113.2ms | :face_with_raised_eyebrow::face_with_rai...
[GAMING/GAM] | YouTube  | [Normal]     | 93%    |   72.2ms | NUMBER ONE BABY...
[GAMING/GAM] | YouTube  | [Normal]     | 92%    |   70.8ms | so no showing in Italy?...
[ENTERTAINM] | YouTube  | [Normal]     | 97%    |  102.7ms | Мистер Бист  я хочу пиццу...
[GAMING/GAM] | YouTube  | [Normal]     | 97%    |  107.4ms | Watched the movie last Tuesday and drew ...
[GAMING/SUR] | YouTube  | [Normal]     | 95%    |   91.2ms | Hello guys...
[ENTERTAINM] | YouTube  | [Normal]     | 98%    |  227.5ms | :face-blue-smiling::face-blue-smiling::f...
[GAMING/GAM] | YouTube  | [Normal]     | 98%    |   91.0ms | Blu-ray...
[ENTERTAINM] | YouTube  | [Normal]     | 94%    |   64.5ms | ok...
[ENTERTAINM] | YouTube  | [Normal]     | 97%    |  129.2ms | بعد ما توصل نص مليون هتعمل ايه يعني...
[ENTERTAINM] | YouTube  | [Normal]     | 97%    |   76.0ms | love from india...
[GAMING/GAM] | YouTube  | [Normal]     | 97%    |   86.0ms | I NEED THTA BLU-RAY...
[MUSIC/CHIL] | YouTube  | [Normal]     | 97%    |  102.1ms | :musical_notes::musical_notes::hot_bever...
[PSYCHOLOGY] | YouTube  | [Normal]     | 94%    |  167.0ms | The ideal is that we live in a society t...
[ENTERTAINM] | YouTube  | [Normal]     | 97%    |  153.1ms | Can you give me a free phone  Jimmy? I o...
[ENTERTAINM] | YouTube  | [Normal]     | 98%    |  167.5ms | :stopwatch-blue-hand-timer::stopwatch-bl...
[ENTERTAINM] | YouTube  | [Normal]     | 67%    |   69.0ms | les gooo...
[ENTERTAINM] | YouTube  | [Normal]     | 98%    |  230.9ms | :hand-pink-waving::hand-pink-waving::han...
[ENTERTAINM] | YouTube  | [Normal]     | 88%    |   78.1ms | @MrBeast...
[ENTERTAINM] | YouTube  | [Normal]     | 95%    |   64.7ms | 6 7...
[ENTERTAINM] | YouTube  | [Normal]     | 90%    |   69.9ms | What...
[PSYCHOLOGY] | YouTube  | [Normal]     | 51%    |  115.3ms | why has the facade of social justice all...
[GAMING/GAM] | YouTube  | [Normal]     | 96%    |   96.6ms | can't wait to buy the dvd!...
[ENTERTAINM] | YouTube  | [Normal]     | 93%    |   79.4ms | suomi...
[PSYCHOLOGY] | YouTube  | [Normal]     | 93%    |   83.4ms | ayo anime that I can get behind...
[GAMING/SUR] | YouTube  | [Normal]     | 94%    |  101.9ms | at this rate of electrical engineering w...
[GAMING/GAM] | YouTube  | [Normal]     | 96%    |   93.6ms | garten of banban movie when ? u promised...
[GAMING/GAM] | YouTube  | [Normal]     | 83%    |   83.7ms | The Iron Lung guy!...
[GAMING/GAM] | YouTube  | [Normal]     | 88%    |   94.5ms | I’ve never seen someone more deserving t...
[ENTERTAINM] | YouTube  | [Normal]     | 96%    |   82.6ms | New member...
[ENTERTAINM] | YouTube  | [Normal]     | 91%    |   77.0ms | yo jimmy...
[ENTERTAINM] | YouTube  | [Normal]     | 98%    |  134.9ms | :face-blue-smiling::face-blue-smiling::f...
[PSYCHOLOGY] | YouTube  | [Normal]     | 94%    |   79.3ms | Was gonna be Goku for awhile...
[ENTERTAINM] | YouTube  | [Normal]     | 96%    |   76.8ms | im your biggest fan from sri lanka...
[ENTERTAINM] | YouTube  | [Normal]     | 95%    |   57.4ms | Hello...
[GAMING/GAM] | YouTube  | [Normal]     | 97%    |  107.5ms | -------liquid vinyl for soundtrack?-----...
[GAMING/SUR] | YouTube  | [Normal]     | 91%    |   77.4ms | make the switch just for the turrets...
[GAMING/SUR] | YouTube  | [Normal]     | 92%    |   75.3ms | HAHAHHAHAHA...
[GAMING/GAM] | YouTube  | [Normal]     | 83%    |   81.1ms | There's an intruder in the top left corn...
[GAMING/GAM] | YouTube  | [Normal]     | 93%    |   78.8ms | mark dont miss the anomaly behind you...
[MUSIC/CHIL] | YouTube  | [Normal]     | 97%    |   96.0ms | Gibbs ft. Pezet - Karnawał [TARKA REMIX]...
[GAMING/SUR] | YouTube  | [Normal]     | 96%    |   85.4ms | let welyn do this for the love of god...
[ENTERTAINM] | YouTube  | [Normal]     | 96%    |   70.6ms | I was here...
[GAMING/SUR] | YouTube  | [OFFENSIVE]  | 63%    |   99.8ms | as a dayz player the base and building i...
[GAMING/GAM] | YouTube  | [Normal]     | 97%    |   71.5ms | the skeleton moved...
[ENTERTAINM] | YouTube  | [Normal]     | 97%    |   91.5ms | hy bro i am from pakistan...
[ENTERTAINM] | YouTube  | [Normal]     | 94%    |   81.9ms | 46212...
[ENTERTAINM] | YouTube  | [Normal]     | 98%    |  138.2ms | :hand-pink-waving::hand-pink-waving::han...
[ENTERTAINM] | YouTube  | [Normal]     | 90%    |   69.1ms | 快五億了...
[GAMING/GAM] | YouTube  | [Normal]     | 90%    |   77.0ms | Slender man looking figure in window of ...
[GAMING/SUR] | YouTube  | [Normal]     | 96%    |   66.0ms | lol...
[SELF-HELP/] | YouTube  | [Normal]     | 89%    |   75.9ms | unbearable amount to carry...
[GAMING/GAM] | YouTube  | [Normal]     | 89%    |  101.1ms | You're the anomaly (imagine this as rosa...
[ENTERTAINM] | YouTube  | [Normal]     | 97%    |   90.9ms | Who's winning the fifa world cup broda...
[ENTERTAINM] | YouTube  | [Normal]     | 96%    |   86.8ms | My name is Ahmad...
[GAMING/GAM] | YouTube  | [Normal]     | 96%    |   79.1ms | lol...
[MUSIC/CHIL] | YouTube  | [Normal]     | 96%    |   85.6ms | mn to nhi tha aane ka...
[GAMING/GAM] | YouTube  | [Normal]     | 97%    |   75.5ms | donuts?...
[ENTERTAINM] | YouTube  | [Normal]     | 71%    |  194.0ms | mister beast 500m ho gaya 10000$ dijiye ...
[MUSIC/CHIL] | YouTube  | [Normal]     | 92%    |   64.7ms | hey guys...
[GAMING/GAM] | YouTube  | [Normal]     | 93%    |  119.6ms | I know you will not see this but I have ...
[ENTERTAINM] | YouTube  | [Normal]     | 93%    |  125.5ms | HI FROM ARGENTINA  I’m a programmer! If ...
[PSYCHOLOGY] | YouTube  | [Normal]     | 81%    |   76.3ms | you*...
[GAMING/GAM] | YouTube  | [Normal]     | 88%    |   81.6ms | Something in Toilet as well...
[GAMING/GAM] | YouTube  | [Normal]     | 97%    |   75.5ms | light in pilot room?...
[ENTERTAINM] | YouTube  | [Normal]     | 93%    |   87.9ms | টাকা দেন ভাই...
[ENTERTAINM] | YouTube  | [Normal]     | 98%    |  326.4ms | give me money pls I need for study . I n...
[ENTERTAINM] | YouTube  | [Normal]     | 95%    |  101.0ms | w MR beast I sub like 5years ago:yt:...
[ENTERTAINM] | YouTube  | [Normal]     | 96%    |  162.6ms | Hi jimmy i have been watching ur video a...
[GAMING/GAM] | YouTube  | [Normal]     | 74%    |   73.9ms | NO SIGHT FOR YOU...
[GAMING/GAM] | YouTube  | [Normal]     | 96%    |   87.7ms | Exit sign at business NOT green???...
[GAMING/GAM] | YouTube  | [Normal]     | 94%    |   74.2ms | LIGHT ANOMALY IN THE TOP LEFT...
[GAMING/GAM] | YouTube  | [Normal]     | 96%    |  101.5ms | since when was there a suitcase in the h...
[GAMING/GAM] | YouTube  | [Normal]     | 86%    |   67.5ms | BANANA...
[PSYCHOLOGY] | YouTube  | [Normal]     | 95%    |  153.3ms | I once told a friend "I used to be a bet...
[PSYCHOLOGY] | YouTube  | [Normal]     | 96%    |   96.2ms | Spa with children and million dollars co...
[GAMING/GAM] | YouTube  | [Normal]     | 92%    |   74.7ms | can i get banned for fun...
[ENTERTAINM] | YouTube  | [Normal]     | 95%    |   73.8ms | :duck:...
[GAMING/GAM] | YouTube  | [Normal]     | 87%    |   85.2ms | they aren't strawberry - banned...
[SPORTS/FOO] | YouTube  | [Normal]     | 94%    |  119.5ms | 그래도 일본 잘하네...
[ENTERTAINM] | YouTube  | [Normal]     | 94%    |   67.6ms | hi...
[GAMING/SUR] | YouTube  | [Normal]     | 91%    |   71.8ms | nope...
[GAMING/GAM] | YouTube  | [Normal]     | 94%    |   84.8ms | Banban???...
[ENTERTAINM] | YouTube  | [Normal]     | 97%    |  120.0ms | l love ur all videos :red_heart::camera:...
[GAMING/GAM] | YouTube  | [Normal]     | 96%    |   81.6ms | was there always a suitcase in the hall...
[GAMING/GAM] | YouTube  | [Normal]     | 63%    |   78.9ms | buisness class floor dirty...
[ENTERTAINM] | YouTube  | [Normal]     | 97%    |  127.1ms | I AM 14 YEARS DOING A CHANNEL FOR 2 YEAR...
[GAMING/GAM] | YouTube  | [Normal]     | 78%    |  104.4ms | yo chat we should ban Mark for banning u...
[GAMING/GAM] | YouTube  | [Normal]     | 78%    |  126.8ms | working in pairs  the blindfolded partne...
[ENTERTAINM] | YouTube  | [Normal]     | 91%    |   70.2ms | hey...
[GAMING/GAM] | YouTube  | [Normal]     | 96%    |   87.5ms | oh i did this one not too long ago...
[GAMING/GAM] | YouTube  | [Normal]     | 87%    |   71.6ms | camera in bathroom is completely off...
[MUSIC/CHIL] | YouTube  | [Normal]     | 95%    |  124.4ms | LV who :face_with_hand_over_mouth::face_...
[GAMING/GAM] | YouTube  | [Normal]     | 90%    |   73.7ms | I TRUST THE OVERLORD...
[GAMING/GAM] | YouTube  | [Normal]     | 96%    |   87.4ms | ECONOMY CLASS CART -- EXTRA BOTTLES (onl...
[ENTERTAINM] | YouTube  | [Normal]     | 93%    |   59.4ms | bro...
[MUSIC/CHIL] | YouTube  | [Normal]     | 94%    |   65.6ms | HYPE...
[GAMING/GAM] | YouTube  | [Normal]     | 91%    |   74.8ms | Noooo...
[GAMING/SUR] | YouTube  | [Normal]     | 71%    |   90.8ms | He needs to build a boat base...
[MUSIC/CHIL] | YouTube  | [Normal]     | 94%    |   72.8ms | BR0D4 - Somebody...
[MUSIC/CHIL] | YouTube  | [Normal]     | 97%    |   79.1ms | LV miss ??...
[GAMING/GAM] | YouTube  | [OFFENSIVE]  | 94%    |   88.9ms | damn i missed the first hour of the stre...
[GAMING/GAM] | YouTube  | [Normal]     | 92%    |   78.8ms | GATE 2 Window person...
[GAMING/GAM] | YouTube  | [Normal]     | 80%    |   79.9ms | JUST GET OUT...
[GAMING/GAM] | YouTube  | [Normal]     | 97%    |   79.2ms | Hi MARK :D...
[GAMING/GAM] | YouTube  | [Normal]     | 84%    |   82.6ms | SLOW DOWN I CANT SEE...
[PSYCHOLOGY] | YouTube  | [Normal]     | 89%    |   78.9ms | sorry  i am tired  *facepalm...
[SELF-HELP/] | YouTube  | [Normal]     | 96%    |   85.8ms | needs a lot of mindfulness to help...
[SELF-HELP/] | YouTube  | [Normal]     | 95%    |   79.1ms | Yay!!! Transference...
[SELF-HELP/] | YouTube  | [Normal]     | 93%    |  117.3ms | hmm  isn't anxiety present in everyone? ...
[NEWS/LIVE ] | YouTube  | [Normal]     | 95%    |   86.1ms | ww2 isn't over...
[GAMING/SUR] | YouTube  | [Normal]     | 94%    |   68.3ms | 1...
[GAMING/SUR] | YouTube  | [Normal]     | 90%    |   73.4ms | YESSSSSS...
[GAMING/SUR] | YouTube  | [Normal]     | 94%    |   84.4ms | RUST STOLE MY SOUL...
[GAMING/SUR] | YouTube  | [Normal]     | 91%    |  152.7ms | :_Dance::_LetsGo::_BUNGULATE::_Stare::_G...
[GAMING/SUR] | YouTube  | [Normal]     | 73%    |   57.0ms | Gang...
[GAMING/SUR] | YouTube  | [Normal]     | 96%    |   68.6ms | King Peanut is awake...
[GAMING/SUR] | YouTube  | [Normal]     | 96%    |   94.1ms | Just finished his last one...
[GAMING/SUR] | YouTube  | [Normal]     | 94%    |   65.8ms | 2...
[GAMING/SUR] | YouTube  | [Normal]     | 96%    |  147.6ms | EEEEEEEEEEE EEEEEEEEEEE EEEEEEEEEEE EEEE...
[MUSIC/CHIL] | YouTube  | [Normal]     | 92%    |   66.5ms | leave it....
[GAMING/SUR] | YouTube  | [Normal]     | 96%    |   68.7ms | Happy birthday peanut...
[PSYCHOLOGY] | YouTube  | [Normal]     | 94%    |   95.9ms | its over we need new doc now rip...
[GAMING/SUR] | YouTube  | [Normal]     | 93%    |   71.9ms | holy...
[GAMING/SUR] | YouTube  | [Normal]     | 91%    |   76.4ms | Slur Saturday!!!!...
[NEWS/LIVE ] | YouTube  | [Normal]     | 82%    |   83.2ms | Weed is legal here and not a crime now...
[GAMING/SUR] | YouTube  | [OFFENSIVE]  | 57%    |   82.5ms | SHESSSSHHHH LETS GOOO EARLY AS HELL...
[GAMING/SUR] | YouTube  | [Normal]     | 96%    |   94.3ms | You ended the night with Jack in the Box...
[PSYCHOLOGY] | YouTube  | [Normal]     | 97%    |   76.8ms | we need the flutes back...
[GAMING/SUR] | YouTube  | [Normal]     | 95%    |   69.1ms | no twitch?...
[GAMING/SUR] | YouTube  | [Normal]     | 71%    |   70.4ms | a true rust gamer...
[GAMING/SUR] | YouTube  | [OFFENSIVE]  | 48%    |   85.7ms | Bro STFU about diarrhea all the time lmf...
[GAMING/SUR] | YouTube  | [Normal]     | 91%    |   64.9ms | yeahhhhhh...
[GAMING/SUR] | YouTube  | [OFFENSIVE]  | 54%    |   85.9ms | happy birthday nutter...
[GAMING/SUR] | YouTube  | [Normal]     | 74%    |   74.7ms | Hutch is going to gamble...
[MUSIC/CHIL] | YouTube  | [Normal]     | 96%    |   81.0ms | Ee piyya evaru...
[MUSIC/CHIL] | YouTube  | [Normal]     | 98%    |   93.9ms | serendi marchipoya :smiling_face_with_te...
[GAMING/SUR] | YouTube  | [Normal]     | 96%    |  176.8ms | :saluting_face::saluting_face::saluting_...
[GAMING/SUR] | YouTube  | [OFFENSIVE]  | 79%    |  101.0ms | :_LetsRide::_LetsGo::_LetsRide:...
[MUSIC/CHIL] | YouTube  | [Normal]     | 86%    |   81.8ms | kitni bar sorry bologe...
[GAMING/SUR] | YouTube  | [Normal]     | 96%    |   80.1ms | Delirious!...
[GAMING/SUR] | YouTube  | [Normal]     | 94%    |   71.3ms | H20 is OG...
[GAMING/SUR] | YouTube  | [Normal]     | 77%    |   76.1ms | hell yeah lets ride...
[GAMING/SUR] | YouTube  | [Normal]     | 91%    |   99.8ms | Bring up map it shows...
[NEWS/LIVE ] | YouTube  | [Normal]     | 95%    |   79.9ms | MAGA...
[SELF-HELP/] | YouTube  | [Normal]     | 97%    |   91.3ms | OMORI be like: waiting for something to ...
[GAMING/SUR] | YouTube  | [Normal]     | 84%    |   96.9ms | each of them will have users sneaking wi...
[MUSIC/CHIL] | YouTube  | [Normal]     | 37%    |  107.1ms | Raggy goes to another live channel and a...
[MUSIC/CHIL] | YouTube  | [Normal]     | 89%    |   74.9ms | Stranger how are you...
[MUSIC/CHIL] | YouTube  | [Normal]     | 81%    |   91.7ms | Bating I wonder how hot you could be...
[MUSIC/CHIL] | YouTube  | [Normal]     | 88%    |   67.4ms | then...
[GAMING/SUR] | YouTube  | [Normal]     | 93%    |   81.7ms | Helf is Welf...
[GAMING/SUR] | YouTube  | [Normal]     | 95%    |   71.8ms | H2O...
[PSYCHOLOGY] | YouTube  | [OFFENSIVE]  | 78%    |   90.2ms | HELLLOOOOOO...
[NEWS/LIVE ] | YouTube  | [OFFENSIVE]  | 41%    |  130.7ms | ron you coulda done this before trump :f...
[PSYCHOLOGY] | YouTube  | [Normal]     | 91%    |   80.9ms | :smirking_face:...
[GAMING/SUR] | YouTube  | [Normal]     | 96%    |   81.2ms | all in on 1...
[GAMING/SUR] | YouTube  | [Normal]     | 92%    |   62.0ms | Red...
[NEWS/LIVE ] | YouTube  | [Normal]     | 95%    |   89.4ms | DeSantis is the BenG of Florida...
[GAMING/SUR] | YouTube  | [Normal]     | 94%    |   70.1ms | 3...
[GAMING/SUR] | YouTube  | [Normal]     | 89%    |   87.6ms | HUTCH HAS AN AIRSTRIKE...
[MUSIC/CHIL] | YouTube  | [Normal]     | 97%    |  113.5ms | G hostel lo unava :smiling_face_with_tea...
[GAMING/SUR] | YouTube  | [Normal]     | 97%    |  295.1ms | :face_with_tears_of_joy::face_with_tears...
[GAMING/SUR] | YouTube  | [Normal]     | 95%    |   80.2ms | Green...
[GAMING/SUR] | YouTube  | [Normal]     | 96%    |   75.6ms | lol...
[GAMING/SUR] | YouTube  | [Normal]     | 94%    |   77.9ms | LMAOOOO...
[GAMING/SUR] | YouTube  | [Normal]     | 96%    |   77.0ms | lmao...
[GAMING/SUR] | YouTube  | [Normal]     | 95%    |  208.5ms | :rolling_on_the_floor_laughing::rolling_...
[GAMING/SUR] | YouTube  | [Normal]     | 97%    |  208.3ms | :face_with_tears_of_joy::face_with_tears...
[GAMING/SUR] | YouTube  | [Normal]     | 93%    |   77.9ms | PRO TIP ALWAYS ASSUME THE UNSEEN CARD IS...
[GAMING/SUR] | YouTube  | [Normal]     | 96%    |   67.8ms | lol...
[GAMING/SUR] | YouTube  | [Normal]     | 91%    |   82.1ms | THIS IS A PSA AGAINST GAMBLING HAHA...
[GAMING/SUR] | YouTube  | [Normal]     | 97%    |   84.5ms | :rat:...
[GAMING/SUR] | YouTube  | [Normal]     | 93%    |   70.5ms | EZZZZZZZZZ...
[PSYCHOLOGY] | YouTube  | [Normal]     | 95%    |  103.7ms | @whatifi-g2e best of luck!!!!!...
[SPORTS/FOO] | YouTube  | [Normal]     | 95%    |   92.2ms | Where toni kroos...
[GAMING/SUR] | YouTube  | [Normal]     | 94%    |   77.5ms | big oof...
[PSYCHOLOGY] | YouTube  | [Normal]     | 95%    |   82.8ms | dr k help me? or not...
[GAMING/SUR] | YouTube  | [Normal]     | 95%    |   86.7ms | Fun’s over lol...
[GAMING/SUR] | YouTube  | [OFFENSIVE]  | 56%    |   90.7ms | No wayyyy...
[PSYCHOLOGY] | YouTube  | [Normal]     | 89%    |   97.4ms | hot dr k...
[GAMING/SUR] | YouTube  | [Normal]     | 98%    |   91.7ms | I LOVE :smiling_face_with_hearts:...
[SELF-HELP/] | YouTube  | [Normal]     | 91%    |   94.1ms | @acetophenone820 not true...
[SELF-HELP/] | YouTube  | [Normal]     | 82%    |   88.9ms | How are you doing man on the internet...
[GAMING/SUR] | YouTube  | [Normal]     | 97%    |   84.3ms | she played for like 20.5 hours...
[GAMING/SUR] | YouTube  | [Normal]     | 47%    |   85.6ms | I THINK GOD HATES YOU...
[SELF-HELP/] | YouTube  | [Normal]     | 95%    |   65.0ms | Dark magic...
[GAMING/SUR] | YouTube  | [Normal]     | 93%    |  103.6ms | not even 30 minutes in and Peanut has lo...
[NEWS/LIVE ] | YouTube  | [Normal]     | 96%    |   70.5ms | Same here dove...
[GAMING/SUR] | YouTube  | [Normal]     | 92%    |   68.5ms | how do i join...
[GAMING/SUR] | YouTube  | [Normal]     | 89%    |  119.5ms | an this is how ppl loose their house car...
[MUSIC/CHIL] | YouTube  | [Normal]     | 95%    |  124.7ms | :backhand_index_pointing_left: :church::...
[PSYCHOLOGY] | YouTube  | [Normal]     | 94%    |   97.6ms | So excited to hear Dr K's take on these ...
[GAMING/SUR] | YouTube  | [Normal]     | 97%    |  113.1ms | All those gifted subs last night and I m...
[GAMING/SUR] | YouTube  | [Normal]     | 97%    |  120.4ms | fps streamer of the year  ladies and gen...
[GAMING/SUR] | YouTube  | [Normal]     | 98%    |   77.5ms | complimentary ball check?...
[NEWS/LIVE ] | YouTube  | [Normal]     | 97%    |  128.8ms | :face_savoring_food: cold brew..I’m actu...
[ENTERTAINM] | YouTube  | [Normal]     | 95%    |   71.0ms | Hii...
[GAMING/GAM] | YouTube  | [Normal]     | 95%    |   63.3ms | 1 min...
[ENTERTAINM] | YouTube  | [Normal]     | 95%    |   75.2ms | whaaaaat...
[ENTERTAINM] | YouTube  | [Normal]     | 87%    |   89.2ms | Yoooooooooooooo...
[GAMING/SUR] | YouTube  | [Normal]     | 96%    |   93.6ms | is that scotty?...
[GAMING/GAM] | YouTube  | [Normal]     | 97%    |   93.4ms | Yooo it’s 00:45 am...
[ENTERTAINM] | YouTube  | [Normal]     | 98%    |   92.4ms | :hand-pink-waving::hand-pink-waving:...
[ENTERTAINM] | YouTube  | [Normal]     | 96%    |   65.2ms | New member...
[ENTERTAINM] | YouTube  | [Normal]     | 91%    |   69.6ms | hey...
[ENTERTAINM] | YouTube  | [Normal]     | 96%    |  106.4ms | I am watching you glad to see you:face_h...
[GAMING/GAM] | YouTube  | [Normal]     | 94%    |   83.3ms | Sup dude...
[ENTERTAINM] | YouTube  | [Normal]     | 95%    |   75.5ms | )...
[GAMING/GAM] | YouTube  | [Normal]     | 96%    |   85.5ms | Hi mark...
[ENTERTAINM] | YouTube  | [Normal]     | 91%    |   75.6ms | mr beast...
[MUSIC/CHIL] | YouTube  | [Normal]     | 97%    |  147.2ms | shivu unke naam h shivani.. kaam h kahan...
[SELF-HELP/] | YouTube  | [Normal]     | 97%    |  138.9ms | Man Doc talking about tantra is first ti...
[GAMING/GAM] | YouTube  | [Normal]     | 96%    |   99.8ms | hello everyone my name is welcome...
[GAMING/SUR] | YouTube  | [Normal]     | 40%    |  142.7ms | WHY NOT TAKE A TRIPP TO THE SCRAPPER AND...
[PSYCHOLOGY] | YouTube  | [Normal]     | 90%    |   77.6ms | metaphor refantazio archetypes...
[GAMING/SUR] | YouTube  | [Normal]     | 82%    |   84.4ms | scrap the turrets and gamble them!...
[GAMING/GAM] | YouTube  | [Normal]     | 95%    |   77.5ms | Seeing it tomorrow!!...
[ENTERTAINM] | YouTube  | [Normal]     | 91%    |   98.3ms | NOOOO WAAYYYYYYY MRBEAST...
[GAMING/GAM] | YouTube  | [Normal]     | 96%    |  125.4ms | YAY MARKKK!! :red_heart::red_heart:...
[NEWS/LIVE ] | YouTube  | [Normal]     | 90%    |   90.8ms | thats all...
[PSYCHOLOGY] | YouTube  | [Normal]     | 87%    |   82.5ms | no...
[ENTERTAINM] | YouTube  | [Normal]     | 96%    |   82.6ms | 500 milyommm...
[GAMING/GAM] | YouTube  | [Normal]     | 49%    |   79.1ms | You da man...
[GAMING/GAM] | YouTube  | [Normal]     | 90%    |   83.5ms | YOOOOOOOOOO...
[ENTERTAINM] | YouTube  | [Normal]     | 90%    |  100.8ms | Yessss...
[MUSIC/CHIL] | YouTube  | [Normal]     | 97%    |  128.1ms | aaron fechter on the other stage Looney ...
[ENTERTAINM] | YouTube  | [Normal]     | 96%    |   89.8ms | yea...
[GAMING/GAM] | YouTube  | [Normal]     | 87%    |  166.2ms | what amazing timing! i just got home fro...
[MUSIC/CHIL] | YouTube  | [Normal]     | 63%    |  128.0ms | ce prostie era să zic :rolling_on_the_fl...
[GAMING/GAM] | YouTube  | [Normal]     | 94%    |   90.9ms | Hey Mark  hope you have a good day. Take...
[GAMING/GAM] | YouTube  | [Normal]     | 97%    |   69.9ms | I LOVE YOUUUU...
[ENTERTAINM] | YouTube  | [Normal]     | 96%    |   80.4ms | hiiiiii...
[GAMING/SUR] | YouTube  | [Normal]     | 96%    |   71.6ms | LOL...
[GAMING/GAM] | YouTube  | [Normal]     | 64%    |   90.1ms | NUMBER 50 LETSGOOO!!!...
[PSYCHOLOGY] | YouTube  | [HATE]       | 42%    |   88.2ms | latin is funny...
[GAMING/SUR] | YouTube  | [Normal]     | 95%    |   82.7ms | finally SoT stream...
[GAMING/GAM] | YouTube  | [Normal]     | 96%    |   75.3ms | YEAAA...
[GAMING/GAM] | YouTube  | [HATE]       | 36%    |  100.0ms | So they “won” by charging people more?...
[GAMING/GAM] | YouTube  | [Normal]     | 97%    |   97.5ms | I just watched it today! Such a good mov...
[NEWS/LIVE ] | YouTube  | [Normal]     | 77%    |   96.9ms | ya can't argue with something you agree ...
[GAMING/GAM] | YouTube  | [Normal]     | 97%    |   79.4ms | watching the movie tonight...
[ENTERTAINM] | YouTube  | [Normal]     | 96%    |   92.9ms | hi jimmy please shout out kabir...
[ENTERTAINM] | YouTube  | [Normal]     | 71%    |   72.1ms | whats up...
[GAMING/SUR] | YouTube  | [Normal]     | 94%    |   81.0ms | Play with H20 Delirious...
[ENTERTAINM] | YouTube  | [Normal]     | 94%    |   76.3ms | hi...
[ENTERTAINM] | YouTube  | [Normal]     | 96%    |   63.9ms | Oi...
[ENTERTAINM] | YouTube  | [Normal]     | 92%    |   64.9ms | hi mrbeast...
[ENTERTAINM] | YouTube  | [Normal]     | 93%    |   66.4ms | India...
[GAMING/GAM] | YouTube  | [Normal]     | 95%    |   81.2ms | lighthouse!...
[ENTERTAINM] | YouTube  | [Normal]     | 97%    |  111.8ms | 1000$ :folded_hands::folded_hands::folde...
[ENTERTAINM] | YouTube  | [Normal]     | 96%    |   74.5ms | i love mrbeast...
[LIFESTYLE/] | YouTube  | [Normal]     | 97%    |  111.1ms | Still cooler than usual here  but at lea...
[ENTERTAINM] | YouTube  | [Normal]     | 95%    |   73.4ms | Hello...
[GAMING/GAM] | YouTube  | [Normal]     | 95%    |   69.0ms | airplane...
[ENTERTAINM] | YouTube  | [Normal]     | 97%    |  221.6ms | hlo:slightly_smiling_face::slightly_smil...
[GAMING/GAM] | YouTube  | [Normal]     | 91%    |   69.0ms | heightlouse...
[GAMING/GAM] | YouTube  | [Normal]     | 67%    |   85.3ms | airplane would be so creepy and cool...
[ENTERTAINM] | YouTube  | [Normal]     | 94%    |   87.0ms | Hi...
[ENTERTAINM] | YouTube  | [Normal]     | 95%    |   65.5ms | yooo...
[GAMING/GAM] | YouTube  | [Normal]     | 95%    |   66.7ms | airplane...
[GAMING/GAM] | YouTube  | [Normal]     | 90%    |   64.9ms | AIR HOUSE...
[GAMING/GAM] | YouTube  | [Normal]     | 95%    |   83.4ms | lighthouse!!!...
[PSYCHOLOGY] | YouTube  | [HATE]       | 43%    |  170.0ms | humans are far too obsessed with gender ...
[GAMING/SUR] | YouTube  | [Normal]     | 81%    |  103.6ms | close your gate pnut...
[MUSIC/CHIL] | YouTube  | [Normal]     | 97%    |  134.2ms | D ni future naku kanipistundi:grinning_f...
[GAMING/GAM] | YouTube  | [Normal]     | 97%    |   86.9ms | HI MARKIPLIER I'VE WATCHED YOUR VIDEOS F...
[GAMING/GAM] | YouTube  | [Normal]     | 97%    |   76.2ms | Welcome New Member!...
[ENTERTAINM] | YouTube  | [Normal]     | 96%    |   76.3ms | hiiiiii...
[GAMING/GAM] | YouTube  | [Normal]     | 85%    |   70.0ms | Airplane guyysss...
[ENTERTAINM] | YouTube  | [Normal]     | 67%    |   78.8ms | That is insane :exploding_head:...
[ENTERTAINM] | YouTube  | [Normal]     | 96%    |   70.8ms | Love it...
[ENTERTAINM] | YouTube  | [Normal]     | 94%    |   81.5ms | hi...
[GAMING/GAM] | YouTube  | [Normal]     | 92%    |  111.0ms | MARK  IM FROM PORTUGAL  EXTEND THE FILM ...
[NEWS/LIVE ] | YouTube  | [Normal]     | 94%    |  113.9ms | fractional reserve banking allows banks ...
[ENTERTAINM] | YouTube  | [Normal]     | 95%    |  104.6ms | from phillipines...
[ENTERTAINM] | YouTube  | [Normal]     | 93%    |   87.9ms | marlon...
[GAMING/SUR] | YouTube  | [Normal]     | 95%    |   98.8ms | why didnt dealer draw on 18...
[GAMING/SUR] | YouTube  | [Normal]     | 97%    |   88.8ms | stand on 12 ?...
[GAMING/GAM] | YouTube  | [Normal]     | 95%    |   91.5ms | What about Greece???...
[MUSIC/CHIL] | YouTube  | [Normal]     | 95%    |   92.3ms | Catalina have u seen Mon?...
[GAMING/SUR] | YouTube  | [Normal]     | 97%    |  127.2ms | Stand on a 12?...
[GAMING/SUR] | YouTube  | [Normal]     | 97%    |   99.1ms | stand on 12 wtf?...
[GAMING/GAM] | YouTube  | [Normal]     | 94%    |  128.1ms | ya'll im at my bf basketball game lmaoo...
[GAMING/GAM] | YouTube  | [Normal]     | 96%    |  109.3ms | does fashion have mannequins? o.o...
[GAMING/GAM] | YouTube  | [Normal]     | 96%    |   99.1ms | how about the balkans??...
[GAMING/SUR] | YouTube  | [Normal]     | 89%    |  103.0ms | NNNNOOOOOO...
[ENTERTAINM] | YouTube  | [Normal]     | 94%    |   82.9ms | 1...
[ENTERTAINM] | YouTube  | [Normal]     | 94%    |   89.1ms | 1...
[GAMING/SUR] | YouTube  | [Normal]     | 93%    |   97.8ms | Time to leave!...
[GAMING/GAM] | YouTube  | [Normal]     | 93%    |  112.5ms | meow...
[ENTERTAINM] | YouTube  | [Normal]     | 95%    |   86.9ms | hiii...
[GAMING/GAM] | YouTube  | [Normal]     | 95%    |  212.5ms | :_markiLOVE::_markiLOVE::_markiLOVE::_ma...
[ENTERTAINM] | YouTube  | [Normal]     | 97%    |  122.5ms | Jimmy :face_holding_back_tears: hi have ...
[GAMING/GAM] | YouTube  | [Normal]     | 97%    |  106.9ms | when does the 2nd season of the edge of ...
[GAMING/GAM] | YouTube  | [Normal]     | 97%    |   83.9ms | I watched in an encore theater!...
[ENTERTAINM] | YouTube  | [Normal]     | 90%    |   70.3ms | yoo...
[GAMING/SUR] | YouTube  | [Normal]     | 95%    |   71.7ms | hit...
[GAMING/GAM] | YouTube  | [Normal]     | 98%    |  153.4ms | :red_heart::red_heart::red_heart::red_he...
[GAMING/SUR] | YouTube  | [OFFENSIVE]  | 45%    |  108.0ms | you don't really play rust  you end up l...
[GAMING/GAM] | YouTube  | [Normal]     | 93%    |   80.4ms | IRON LUNG WE LOVE IT...
[GAMING/SUR] | YouTube  | [Normal]     | 97%    |  108.3ms | on you p :smiling_face_with_hearts::hugg...
[GAMING/SUR] | YouTube  | [Normal]     | 96%    |   95.8ms | Lmao good thought @morfius...
[GAMING/GAM] | YouTube  | [Normal]     | 94%    |   67.8ms | Hi...
[GAMING/SUR] | YouTube  | [Normal]     | 95%    |   83.1ms | now bet 500...
[GAMING/GAM] | YouTube  | [Normal]     | 93%    |  115.0ms | y'all didn't pick the one with mannequin...
[ENTERTAINM] | YouTube  | [Normal]     | 96%    |   81.1ms | i form Bangladesh give me 500$ place sir...
[GAMING/GAM] | YouTube  | [Normal]     | 81%    |   72.5ms | A WHOLE SCAM...
[GAMING/GAM] | YouTube  | [Normal]     | 95%    |   69.5ms | @Markiplier...
[GAMING/GAM] | YouTube  | [Normal]     | 97%    |   75.2ms | 5.1 vs 7.1...
[GAMING/SUR] | YouTube  | [Normal]     | 84%    |   78.1ms | rigged...
[GAMING/SUR] | YouTube  | [Normal]     | 92%    |   61.5ms | lets leave...
[MUSIC/CHIL] | YouTube  | [Normal]     | 97%    |  136.7ms | kavya benne dose and filter coffee :face...
[SELF-HELP/] | YouTube  | [Normal]     | 86%    |  105.9ms | Imagine repurposing hate instead of just...
[GAMING/GAM] | YouTube  | [Normal]     | 92%    |   98.2ms | mark needs to build a theatre that only ...
[ENTERTAINM] | YouTube  | [Normal]     | 98%    |  106.1ms | IM FROM INDONESIA:hand-pink-waving::hand...
[GAMING/GAM] | YouTube  | [Normal]     | 96%    |   92.6ms | Did anyone else who saw the movie had a ...
[GAMING/GAM] | YouTube  | [Normal]     | 94%    |   95.7ms | IM SEENING THE ITON LUNG AGAIN WITH MY D...
[SELF-HELP/] | YouTube  | [Normal]     | 97%    |   90.2ms | happy anniversary Dr K :sparkling_heart:...
[GAMING/GAM] | YouTube  | [Normal]     | 94%    |   98.9ms | if the movie is environmentally telling ...
[ENTERTAINM] | YouTube  | [Normal]     | 97%    |   86.9ms | 100 vid spechel...
[SELF-HELP/] | YouTube  | [Normal]     | 96%    |   94.4ms | Harness the darkness...
[GAMING/SUR] | YouTube  | [Normal]     | 92%    |   72.7ms | oh nah...
[GAMING/SUR] | YouTube  | [OFFENSIVE]  | 39%    |  204.9ms | :face-fuchsia-tongue-out::face-fuchsia-t...
[GAMING/SUR] | YouTube  | [Normal]     | 90%    |   70.8ms | poooooor...
[GAMING/SUR] | YouTube  | [Normal]     | 61%    |   78.4ms | GINGY IS GOING TO MURDER YOU...
[GAMING/SUR] | YouTube  | [Normal]     | 96%    |   61.6ms | LOL...
[GAMING/SUR] | YouTube  | [Normal]     | 96%    |   94.2ms | Арахис  где яйцо?...
[GAMING/GAM] | YouTube  | [Normal]     | 97%    |   80.4ms | aeroplaaaaaane...
[GAMING/GAM] | YouTube  | [Normal]     | 79%    |   84.1ms | Sounds like excuses...
[ENTERTAINM] | YouTube  | [Normal]     | 95%    |   81.0ms | MR BEAST I LOVE YOU...
[GAMING/GAM] | YouTube  | [Normal]     | 93%    |   60.0ms | LIGHTHOUSE...
[ENTERTAINM] | YouTube  | [Normal]     | 97%    |  103.2ms | plz Jimmy :pensive_face::red_heart: just...
[GAMING/GAM] | YouTube  | [Normal]     | 95%    |   68.8ms | hello...
[GAMING/SUR] | YouTube  | [Normal]     | 94%    |   71.1ms | haaaaaaa...
[GAMING/GAM] | YouTube  | [Normal]     | 81%    |   79.3ms | IRON LUNG IRON LUNG...
[ENTERTAINM] | YouTube  | [Normal]     | 96%    |   77.8ms | thank you...
[GAMING/GAM] | YouTube  | [Normal]     | 80%    |   91.6ms | so youre saying i should rewatch it...
[GAMING/GAM] | YouTube  | [OFFENSIVE]  | 95%    |  165.8ms | Iron Lung didn't show in my town  Mark  ...
[GAMING/GAM] | YouTube  | [Normal]     | 93%    |  107.1ms | is iron lung movie going to be in louisi...
[ENTERTAINM] | YouTube  | [Normal]     | 93%    |   75.0ms | :stop_sign:...
[ENTERTAINM] | YouTube  | [Normal]     | 97%    |   73.2ms | hello from Indonesia...
[GAMING/GAM] | YouTube  | [Normal]     | 94%    |   86.1ms | yeah WE win...
[GAMING/GAM] | YouTube  | [Normal]     | 94%    |   82.4ms | lol start before airplane catches up...
[ENTERTAINM] | YouTube  | [Normal]     | 94%    |   62.1ms | hi...
[GAMING/GAM] | YouTube  | [Normal]     | 59%    |   97.6ms | At least they put you in Guam...
[GAMING/SUR] | YouTube  | [Normal]     | 47%    |   88.9ms | OH SHIT IT'S H2O AND DEAD SQUIRREL...
[ENTERTAINM] | YouTube  | [Normal]     | 91%    |   94.0ms | If you see my comment  can you do number...
[ENTERTAINM] | YouTube  | [Normal]     | 94%    |   95.1ms | i has subs But i unsub and sub again...
[ENTERTAINM] | YouTube  | [Normal]     | 94%    |   69.8ms | hi...
[GAMING/GAM] | YouTube  | [Normal]     | 96%    |   86.4ms | you have reignited my passion for film g...
[ENTERTAINM] | YouTube  | [Normal]     | 95%    |   63.1ms | saja...
[ENTERTAINM] | YouTube  | [Normal]     | 86%    |   88.5ms | @MrBeast Why do you sound so tired?...
[ENTERTAINM] | YouTube  | [Normal]     | 98%    |  409.8ms | :hand-pink-waving::hand-pink-waving::han...
[ENTERTAINM] | YouTube  | [OFFENSIVE]  | 50%    |  104.2ms | will u leaak a viddddddddddddddddddddd...
[ENTERTAINM] | YouTube  | [Normal]     | 89%    |  103.3ms | bro your voice was soo goofy lol luv u b...
[GAMING/SUR] | YouTube  | [Normal]     | 95%    |   91.7ms | Bahahahaha...
[GAMING/GAM] | YouTube  | [Normal]     | 87%    |   90.2ms | WOOOO...
[GAMING/SUR] | YouTube  | [Normal]     | 95%    |   92.8ms | I’m about to play rust again lol...
[GAMING/GAM] | YouTube  | [Normal]     | 96%    |   85.2ms | When is it going to be online?...
[GAMING/GAM] | YouTube  | [Normal]     | 96%    |   99.1ms | I literally started jumping and clapping...
[GAMING/SUR] | YouTube  | [Normal]     | 87%    |   75.7ms | BURPLE!...
[GAMING/GAM] | YouTube  | [Normal]     | 93%    |   92.1ms | AIIIIRRRPLLLAAAAANNNNNEEEEEE...
[ENTERTAINM] | YouTube  | [Normal]     | 88%    |   66.6ms | give money...
[GAMING/GAM] | YouTube  | [Normal]     | 90%    |   99.9ms | I REGRET LIGHTHOUSE...
[MUSIC/CHIL] | YouTube  | [Normal]     | 45%    |   91.0ms | Costly people...
[ENTERTAINM] | YouTube  | [Normal]     | 95%    |   94.6ms | MR BEAST CAN I GET A SHOUTOUT ITS MY BIR...
[GAMING/GAM] | YouTube  | [Normal]     | 49%    |   81.3ms | i have a fear of lighthouses...
[GAMING/SUR] | YouTube  | [Normal]     | 95%    |  158.4ms | :rolling_on_the_floor_laughing::rolling_...
[GAMING/SUR] | YouTube  | [Normal]     | 96%    |   69.4ms | lol...
[GAMING/GAM] | YouTube  | [Normal]     | 96%    |  102.1ms | I love showing up for a live in time for...
[SELF-HELP/] | YouTube  | [Normal]     | 37%    |   98.1ms | It makes them feel like they are not doi...
[ENTERTAINM] | YouTube  | [Normal]     | 95%    |   62.6ms | hello...
[GAMING/SUR] | YouTube  | [Normal]     | 96%    |   78.5ms | WTH is this lol...
[ENTERTAINM] | YouTube  | [Normal]     | 95%    |   73.6ms | lms...
[GAMING/GAM] | YouTube  | [Normal]     | 96%    |   70.3ms | cheese...
[ENTERTAINM] | YouTube  | [Normal]     | 94%    |   75.5ms | YouTube de Boss...
[GAMING/SUR] | YouTube  | [Normal]     | 91%    |   89.0ms | HAHAHAHAHA...
[ENTERTAINM] | YouTube  | [Normal]     | 96%    |   77.3ms | hello reply me...
[GAMING/GAM] | YouTube  | [Normal]     | 97%    |   80.0ms | stream can at the perfect time...
[GAMING/SUR] | YouTube  | [Normal]     | 97%    |  101.8ms | :face-green-smiling::face-green-smiling:...
[ENTERTAINM] | YouTube  | [Normal]     | 69%    |   80.8ms | now you are the biggest so you proved th...
[MUSIC/CHIL] | YouTube  | [Normal]     | 97%    |   87.5ms | jatsii soch ko bdlo...
[GAMING/GAM] | YouTube  | [Normal]     | 50%    |   86.0ms | The drowned man...
[GAMING/GAM] | YouTube  | [Normal]     | 98%    |  115.4ms | There's a great playlist of music that's...
[GAMING/SUR] | YouTube  | [OFFENSIVE]  | 82%    |   69.8ms | YOUFIEND...
[GAMING/GAM] | YouTube  | [Normal]     | 95%    |   70.6ms | obversation duty...
[ENTERTAINM] | YouTube  | [Normal]     | 95%    |   68.1ms | hello...
[GAMING/GAM] | YouTube  | [Normal]     | 92%    |   77.7ms | oh noooo...
[ENTERTAINM] | YouTube  | [Normal]     | 94%    |   79.1ms | 10 000 dollors please...
[GAMING/GAM] | YouTube  | [Normal]     | 95%    |   79.0ms | OBVERSATION INSTEAD OF OBSERVATION...
[ENTERTAINM] | YouTube  | [Normal]     | 91%    |   60.3ms | me...
[GAMING/GAM] | YouTube  | [Normal]     | 95%    |   67.1ms | Obversation...
[GAMING/GAM] | YouTube  | [Normal]     | 97%    |   72.4ms | obversation duty lol...
[GAMING/SUR] | YouTube  | [Normal]     | 79%    |   64.9ms | ITS RIGGED...
[GAMING/GAM] | YouTube  | [Normal]     | 93%    |  130.2ms | We know you learned a lot working on the...
[ENTERTAINM] | YouTube  | [Normal]     | 95%    |   74.9ms | Twitch...
[GAMING/GAM] | YouTube  | [Normal]     | 96%    |   88.2ms | Try Max Payne 3 multiplayer...
[GAMING/GAM] | YouTube  | [Normal]     | 97%    |   79.7ms | :grinning_squinting_face: Obversation...
[ENTERTAINM] | YouTube  | [Normal]     | 97%    |  108.1ms | :melting_face::melting_face::melting_fac...
[GAMING/GAM] | YouTube  | [Normal]     | 94%    |   72.5ms | bro obversating...
[GAMING/GAM] | YouTube  | [Normal]     | 89%    |   98.0ms | Pierre looks like there's a guy on it bu...
[GAMING/GAM] | YouTube  | [Normal]     | 96%    |   81.7ms | lol...
[GAMING/SUR] | YouTube  | [Normal]     | 90%    |   96.1ms | sir you have to have scrap to sit there...
[ENTERTAINM] | YouTube  | [Normal]     | 92%    |   71.9ms | wheres chandler...
[GAMING/GAM] | YouTube  | [Normal]     | 96%    |   86.0ms | Obversation!!!!...
[GAMING/GAM] | YouTube  | [Normal]     | 95%    |   85.3ms | obversation...
[PSYCHOLOGY] | YouTube  | [Normal]     | 94%    |   61.2ms | true...
[GAMING/SUR] | YouTube  | [Normal]     | 80%    |   81.9ms | got any eh that scarp man...
[GAMING/SUR] | YouTube  | [Normal]     | 87%    |   73.4ms | Haha...
[GAMING/SUR] | YouTube  | [Normal]     | 96%    |   70.4ms | will land on 1...
[ENTERTAINM] | YouTube  | [Normal]     | 94%    |   73.3ms | hi...
[GAMING/SUR] | YouTube  | [Normal]     | 87%    |   78.3ms | Poor gingy and all her work...
[GAMING/GAM] | YouTube  | [Normal]     | 97%    |   91.0ms | Ia there still a members discord for Mar...
[GAMING/GAM] | YouTube  | [Normal]     | 96%    |   65.0ms | HI MARK...
[SELF-HELP/] | YouTube  | [Normal]     | 90%    |   85.0ms | how could you believe in yourself...
[MUSIC/CHIL] | YouTube  | [Normal]     | 96%    |   89.5ms | :slightly_smiling_face:...
[GAMING/GAM] | YouTube  | [Normal]     | 94%    |  107.0ms | Will you try to get Iron Lung on blu-ray...
[GAMING/GAM] | YouTube  | [Normal]     | 91%    |   86.5ms | I wish eveyone would just wake up from t...
[GAMING/SUR] | YouTube  | [Normal]     | 96%    |   67.5ms | lmao...
[GAMING/SUR] | YouTube  | [Normal]     | 78%    |   86.3ms | Fight people...
[GAMING/GAM] | YouTube  | [Normal]     | 95%    |  124.4ms | This feels like dora the explorer and I ...
[GAMING/SUR] | YouTube  | [Normal]     | 88%    |   92.5ms | there goes the house...
[GAMING/SUR] | YouTube  | [Normal]     | 81%    |   75.2ms | SCRAP THE JACKHAMMER...
[GAMING/GAM] | YouTube  | [Normal]     | 95%    |  106.0ms | :_markiJIM::_markiJIM::_markiJIM:...
[GAMING/GAM] | YouTube  | [Normal]     | 87%    |   60.1ms | no...
[ENTERTAINM] | YouTube  | [Normal]     | 97%    |   86.7ms | I love you Mr Beast :red_heart:...
[SELF-HELP/] | YouTube  | [OFFENSIVE]  | 82%    |  115.9ms | Oooooh  so that's where those shitty fre...
[PSYCHOLOGY] | YouTube  | [Normal]     | 97%    |   71.4ms | the hound irl...
[GAMING/SUR] | YouTube  | [Normal]     | 96%    |   69.0ms | Still 1000 in base...
[GAMING/SUR] | YouTube  | [Normal]     | 94%    |   82.3ms | gingy stayed up alllllllll night...
[GAMING/GAM] | YouTube  | [Normal]     | 97%    |   78.7ms | DVD RELEASE WHEN???...
[GAMING/SUR] | YouTube  | [Normal]     | 96%    |   77.6ms | I can...
[SELF-HELP/] | YouTube  | [Normal]     | 63%    |  101.3ms | if they didnt do it they couldnt do it t...
[ENTERTAINM] | YouTube  | [Normal]     | 92%    |   80.3ms | how...
[GAMING/SUR] | YouTube  | [OFFENSIVE]  | 90%    |   98.4ms | Damn rouge took a power nap....
[GAMING/SUR] | YouTube  | [Normal]     | 97%    |   85.5ms | WE EARLY TODAY CHAT...
[ENTERTAINM] | YouTube  | [Normal]     | 78%    |   88.3ms | call ur frnds...
[ENTERTAINM] | YouTube  | [Normal]     | 88%    |   98.8ms | Leeeeeesgooooooo Juaaaaaaaan!!!!...
[GAMING/GAM] | YouTube  | [Normal]     | 96%    |   76.6ms | theres a cross on the dock?...
[GAMING/GAM] | YouTube  | [Normal]     | 96%    |   66.1ms | LOL...
[GAMING/GAM] | YouTube  | [Normal]     | 97%    |   78.0ms | rope moved in stairs!!!...
[ENTERTAINM] | YouTube  | [Normal]     | 95%    |   92.1ms | imagine 500M play button :skull_and_cros...
[ENTERTAINM] | YouTube  | [Normal]     | 95%    |   73.6ms | hiii...
[GAMING/GAM] | YouTube  | [Normal]     | 95%    |   94.1ms | LIGHT IN THE SPINNY LIGHT ROOM LOST ITS ...
[GAMING/GAM] | YouTube  | [Normal]     | 96%    |   71.7ms | STAIRS???...
[ENTERTAINM] | YouTube  | [Normal]     | 74%    |  125.3ms | In honest my English it’s not good..my l...
[ENTERTAINM] | YouTube  | [Normal]     | 94%    |   64.3ms | 5...
[GAMING/GAM] | YouTube  | [Normal]     | 90%    |   76.3ms | hi everyone im sick lol...
[ENTERTAINM] | YouTube  | [Normal]     | 95%    |   76.7ms | 6000...
[SELF-HELP/] | YouTube  | [Normal]     | 92%    |   96.3ms | thats in ur head we dont know what ppl r...
[GAMING/SUR] | YouTube  | [Normal]     | 93%    |  104.8ms | gingy was on 18 hours and you lost all h...
[GAMING/GAM] | YouTube  | [Normal]     | 78%    |  101.3ms | Where is lung of iron...
[ENTERTAINM] | YouTube  | [Normal]     | 87%    |   83.9ms | you r fabulous...
[GAMING/GAM] | YouTube  | [Normal]     | 94%    |   85.6ms | BASEMENT STAIRS ARE PULSING...
[GAMING/GAM] | YouTube  | [Normal]     | 96%    |   92.0ms | THE AIR IS DIFFERENT...
[GAMING/GAM] | YouTube  | [Normal]     | 95%    |   83.7ms | THE STAIR IN THE BASEMENT...
[ENTERTAINM] | YouTube  | [Normal]     | 94%    |   75.7ms | please...
[ENTERTAINM] | YouTube  | [Normal]     | 94%    |   71.1ms | hi...
[MUSIC/CHIL] | YouTube  | [Normal]     | 97%    |   92.5ms | :musical_notes::clinking_glasses:...
[ENTERTAINM] | YouTube  | [Normal]     | 89%    |   75.0ms | yoooo...
[GAMING/GAM] | YouTube  | [Normal]     | 97%    |   82.2ms | Rug in bedroom?...
[NEWS/LIVE ] | YouTube  | [Normal]     | 97%    |   76.6ms | biden got lost a stage...
[PSYCHOLOGY] | YouTube  | [Normal]     | 97%    |   71.0ms | My biggest issue......
[ENTERTAINM] | YouTube  | [Normal]     | 95%    |   74.3ms | Almost there!!...
[ENTERTAINM] | YouTube  | [Normal]     | 94%    |   72.2ms | 1...
[ENTERTAINM] | YouTube  | [Normal]     | 96%    |   95.3ms | massive???...
[ENTERTAINM] | YouTube  | [Normal]     | 96%    |   91.0ms | big fan...
[SPORTS/FOO] | YouTube  | [Normal]     | 97%    |  398.6ms | hi:open_mailbox_with_lowered_flag::posta...
[ENTERTAINM] | YouTube  | [Normal]     | 97%    |   93.9ms | hola me saludas por favor soy de México...
[ENTERTAINM] | YouTube  | [Normal]     | 95%    |   93.6ms | mrbeast give me money for my dream 1st h...
[GAMING/GAM] | YouTube  | [Normal]     | 96%    |  146.3ms | beeeeeeeeeeeeeeeeeeeeeeeeeeeeeeeeeeeeeee...
[GAMING/GAM] | YouTube  | [Normal]     | 95%    |   92.6ms | I finally got to see iron lung and I lov...
[MUSIC/CHIL] | YouTube  | [Normal]     | 96%    |  179.9ms | Come on baby my love oh na na na :backha...
[ENTERTAINM] | YouTube  | [Normal]     | 94%    |   81.9ms | MIIISTER BEEEAST SIX THOUUSAND...
[ENTERTAINM] | YouTube  | [Normal]     | 94%    |   67.4ms | hi...
[ENTERTAINM] | YouTube  | [Normal]     | 95%    |   76.1ms | .......
[ENTERTAINM] | YouTube  | [Normal]     | 93%    |   83.6ms | inshallah you reach 500 millions...
[GAMING/GAM] | YouTube  | [Normal]     | 96%    |   89.6ms | i feel so helpful...
[MUSIC/CHIL] | YouTube  | [Normal]     | 97%    |   91.5ms | RUSIA...
[GAMING/GAM] | YouTube  | [OFFENSIVE]  | 48%    |   69.9ms | the beddd...
[GAMING/GAM] | YouTube  | [Normal]     | 97%    |   71.2ms | extra mousetrap??...
[ENTERTAINM] | YouTube  | [Normal]     | 91%    |   62.4ms | w...
[GAMING/GAM] | YouTube  | [Normal]     | 93%    |   93.9ms | man standing in stair well!!!!!!!!!...
[GAMING/GAM] | YouTube  | [Normal]     | 97%    |   77.6ms | lighthouse lighting is different...
[GAMING/GAM] | YouTube  | [Normal]     | 92%    |   70.3ms | BED...
[GAMING/GAM] | YouTube  | [Normal]     | 92%    |   64.1ms | bed...
[GAMING/GAM] | YouTube  | [Normal]     | 96%    |   78.2ms | extra bottle in the pier...
[ENTERTAINM] | YouTube  | [Normal]     | 95%    |   78.8ms | noob lol...
[GAMING/GAM] | YouTube  | [Normal]     | 97%    |   94.9ms | THE LANTERN MOVED IN THE INTERIOR...
[GAMING/GAM] | YouTube  | [Normal]     | 95%    |   93.5ms | bed? :slightly_frowning_face:...
[MUSIC/CHIL] | YouTube  | [Normal]     | 97%    |  131.9ms | Good and thanks for asking having :clink...
[ENTERTAINM] | YouTube  | [Normal]     | 94%    |   78.7ms | hi...
[ENTERTAINM] | YouTube  | [Normal]     | 96%    |  132.3ms | give me 10k dollars  please :pleading_fa...
[MUSIC/CHIL] | YouTube  | [Normal]     | 97%    |   86.5ms | kisko boli ji nariyal pani ??...
[MUSIC/CHIL] | YouTube  | [Normal]     | 96%    |  106.9ms | lav profit share karega toh unko b lalac...
[ENTERTAINM] | YouTube  | [Normal]     | 93%    |   69.1ms | F...
[MUSIC/CHIL] | YouTube  | [Normal]     | 96%    |   75.7ms | jatsi means MORE...
[GAMING/GAM] | YouTube  | [Normal]     | 95%    |   98.6ms | loins...
[ENTERTAINM] | YouTube  | [Normal]     | 94%    |   75.9ms | nepal...
[GAMING/GAM] | YouTube  | [Normal]     | 88%    |   70.9ms | THE DOOR...
[GAMING/GAM] | YouTube  | [Normal]     | 93%    |   75.6ms | BOTTLE...
[ENTERTAINM] | YouTube  | [Normal]     | 95%    |  122.0ms | I have a question how is it possible tha...
[GAMING/SUR] | YouTube  | [Normal]     | 94%    |   79.7ms | 4...
[ENTERTAINM] | YouTube  | [Normal]     | 97%    |  148.4ms | :dollar_banknote::check_mark_button::che...
[PSYCHOLOGY] | YouTube  | [Normal]     | 95%    |   64.1ms | BOOM!...
[GAMING/GAM] | YouTube  | [Normal]     | 97%    |   91.6ms | Amazing movie mark I really loved watchi...
[GAMING/GAM] | YouTube  | [Normal]     | 95%    |   82.0ms | lights...
[GAMING/GAM] | YouTube  | [Normal]     | 95%    |   89.2ms | :elbowcough:...
[ENTERTAINM] | YouTube  | [Normal]     | 94%    |   80.1ms | 2...
[GAMING/GAM] | YouTube  | [Normal]     | 97%    |   93.0ms | RAILING NEAR PAINT CANS MOVED...
[GAMING/GAM] | YouTube  | [Normal]     | 93%    |  109.5ms | Mark isn't good at this :rolling_on_the_...
[ENTERTAINM] | YouTube  | [Normal]     | 95%    |   91.5ms | hi I watch your video...
[GAMING/GAM] | YouTube  | [Normal]     | 93%    |   92.7ms | 40k people are here mark I don't think w...
[GAMING/GAM] | YouTube  | [Normal]     | 87%    |   95.2ms | What if we were the anomalies all along...
[GAMING/SUR] | YouTube  | [Normal]     | 85%    |   84.4ms | NOOOOO...
[ENTERTAINM] | YouTube  | [Normal]     | 97%    |   74.5ms | 500 milin compete...
[GAMING/SUR] | YouTube  | [Normal]     | 95%    |   62.4ms | higher...
[GAMING/GAM] | YouTube  | [Normal]     | 94%    |   73.5ms | The ego is strong today...
[GAMING/GAM] | YouTube  | [Normal]     | 89%    |  123.1ms | Iron lung looked so amazing w a tched it...
[GAMING/SUR] | YouTube  | [Normal]     | 90%    |   62.7ms | WAIT...
[GAMING/SUR] | YouTube  | [Normal]     | 92%    |   78.1ms | Get welyn in the discord...
[MUSIC/CHIL] | YouTube  | [Normal]     | 90%    |   67.9ms | Hahaha...
[ENTERTAINM] | YouTube  | [Normal]     | 93%    |   62.1ms | Me please...
[GAMING/GAM] | YouTube  | [Normal]     | 96%    |   82.4ms | lamp in interior...
[ENTERTAINM] | YouTube  | [Normal]     | 94%    |   95.4ms | यह तो पागलपन है mrbeast...
[GAMING/GAM] | YouTube  | [Normal]     | 94%    |   66.9ms | fire wood...
[GAMING/GAM] | YouTube  | [Normal]     | 86%    |   65.0ms | intruder...
[GAMING/GAM] | YouTube  | [Normal]     | 88%    |   77.1ms | answer the people paying to speak mark...
[ENTERTAINM] | YouTube  | [Normal]     | 94%    |   67.8ms | wow that so closes...
[GAMING/SUR] | YouTube  | [Normal]     | 84%    |   76.0ms | Ya’ll were sayin that...
[ENTERTAINM] | YouTube  | [Normal]     | 97%    |   71.0ms | THE HISTORY...
[ENTERTAINM] | YouTube  | [Normal]     | 95%    |   87.2ms | 1111111111111111...
[GAMING/GAM] | YouTube  | [Normal]     | 76%    |   74.5ms | LAME...
[ENTERTAINM] | YouTube  | [Normal]     | 96%    |   91.2ms | Jimmy  can I have $1000 to pay off my de...
[ENTERTAINM] | YouTube  | [Normal]     | 93%    |  114.2ms | I subscribed but you never gave me the c...
[GAMING/GAM] | YouTube  | [Normal]     | 91%    |   75.9ms | noob...
[GAMING/SUR] | YouTube  | [Normal]     | 95%    |   95.3ms | Welyn....is the MAN...
[ENTERTAINM] | YouTube  | [Normal]     | 91%    |  107.1ms | I was thinking that you gave a biggest g...
[ENTERTAINM] | YouTube  | [Normal]     | 96%    |   75.8ms | since when did this happen...
[GAMING/GAM] | YouTube  | [Normal]     | 70%    |   77.5ms | Yeah it sucks...
[ENTERTAINM] | YouTube  | [Normal]     | 96%    |   87.9ms | :red_heart:...
[ENTERTAINM] | YouTube  | [Normal]     | 95%    |   81.7ms | come to venezuela...
[MUSIC/CHIL] | YouTube  | [Normal]     | 98%    |  131.4ms | :cat-orange-whistling::cat-orange-whistl...
[ENTERTAINM] | YouTube  | [Normal]     | 96%    |   84.1ms | youtuber please give me some money...
[GAMING/GAM] | YouTube  | [Normal]     | 95%    |   75.3ms | obserdution duty...
[ENTERTAINM] | YouTube  | [Normal]     | 93%    |   65.1ms | INDIA...
[ENTERTAINM] | YouTube  | [Normal]     | 92%    |   66.3ms | kook...
[GAMING/GAM] | YouTube  | [Normal]     | 95%    |   74.7ms | #1 director btw...
[GAMING/SUR] | YouTube  | [Normal]     | 80%    |   68.6ms | shut doors...
[ENTERTAINM] | YouTube  | [Normal]     | 94%    |   59.7ms | hi...
[MUSIC/CHIL] | YouTube  | [Normal]     | 96%    |   64.6ms | ledu...
[ENTERTAINM] | YouTube  | [Normal]     | 90%    |   64.8ms | 𝗵𝗲𝗹𝗹𝗼...
[ENTERTAINM] | YouTube  | [Normal]     | 96%    |   76.4ms | I LOVE YOU BRO...
[PSYCHOLOGY] | YouTube  | [Normal]     | 87%    |   90.0ms | @VenaraEchoes how about Dr Peterson and ...
[GAMING/GAM] | YouTube  | [Normal]     | 91%    |  107.2ms | the camera malfunction was the camera wa...
[ENTERTAINM] | YouTube  | [Normal]     | 94%    |   70.7ms | hi...
[ENTERTAINM] | YouTube  | [Normal]     | 94%    |   64.8ms | Hi...
[ENTERTAINM] | YouTube  | [Normal]     | 96%    |   73.8ms | please say my name...
[GAMING/GAM] | YouTube  | [Normal]     | 45%    |   88.1ms | Yippeee...
[ENTERTAINM] | YouTube  | [Normal]     | 96%    |   86.8ms | need 1 million Cash...
[GAMING/GAM] | YouTube  | [Normal]     | 52%    |   85.7ms | LETS GOOOOOOOO...
[GAMING/GAM] | YouTube  | [Normal]     | 91%    |   59.1ms | w...
[GAMING/GAM] | YouTube  | [Normal]     | 96%    |   73.6ms | loved your movie man...
[GAMING/GAM] | YouTube  | [Normal]     | 89%    |  102.3ms | You’re the best YouTuber ever mark...
[ENTERTAINM] | YouTube  | [Normal]     | 95%    |   75.1ms | 67...
[GAMING/GAM] | YouTube  | [Normal]     | 91%    |   85.3ms | looks cythulu like...
[ENTERTAINM] | YouTube  | [Normal]     | 95%    |   88.1ms | :folded_hands::folded_hands:...
[ENTERTAINM] | YouTube  | [Normal]     | 97%    |   77.8ms | i love you...
[GAMING/GAM] | YouTube  | [Normal]     | 97%    |   82.8ms | the depth......
[ENTERTAINM] | YouTube  | [Normal]     | 95%    |   68.7ms | Bangladesh...
[GAMING/GAM] | YouTube  | [Normal]     | 96%    |  108.6ms | Saw Iron Lung last night  I really liked...
[GAMING/GAM] | YouTube  | [Normal]     | 89%    |  123.7ms | aaaah the shadow changed!!!! at the dock...
[GAMING/GAM] | YouTube  | [Normal]     | 95%    |   75.8ms | extra gas can...
[ENTERTAINM] | YouTube  | [Normal]     | 98%    |  111.5ms | Hi Mr beast huge fan. Can I please have ...
[GAMING/GAM] | YouTube  | [Normal]     | 91%    |   93.9ms | hellavator...
[ENTERTAINM] | YouTube  | [Normal]     | 95%    |  396.3ms | :face-red-droopy-eyes::face-red-droopy-e...
[ENTERTAINM] | YouTube  | [Normal]     | 87%    |   66.4ms | A...
[ENTERTAINM] | YouTube  | [Normal]     | 96%    |  163.1ms | unsubscribe :grinning_squinting_face::gr...
[GAMING/GAM] | YouTube  | [Normal]     | 96%    |   85.4ms | was that poster always on the wall?...
[ENTERTAINM] | YouTube  | [Normal]     | 97%    |  102.1ms | :growing_heart::growing_heart::growing_h...
[GAMING/GAM] | YouTube  | [Normal]     | 97%    |  161.0ms | The red hanging thing lantern room is mo...
[GAMING/GAM] | YouTube  | [Normal]     | 96%    |   94.0ms | I just came back from watching Iron Lung...
[GAMING/GAM] | YouTube  | [Normal]     | 71%    |   73.1ms | what a professional you are...
[ENTERTAINM] | YouTube  | [Normal]     | 98%    |  127.7ms | :face-blue-smiling::face-blue-smiling::f...
[ENTERTAINM] | YouTube  | [Normal]     | 95%    |   75.0ms | I’m 9...
[ENTERTAINM] | YouTube  | [Normal]     | 94%    |   93.6ms | hey :waving_hand: how are you...
[GAMING/GAM] | YouTube  | [Normal]     | 96%    |   98.9ms | instructions unclear  I peeled my eyes n...
[ENTERTAINM] | YouTube  | [Normal]     | 98%    |  243.9ms | :person-turqouise-waving::face-blue-smil...
[ENTERTAINM] | YouTube  | [Normal]     | 95%    |   78.6ms | soy tu fan...
[SPORTS/FOO] | YouTube  | [Normal]     | 97%    |  205.4ms | 현재 팀으로서 아시아 1황은 재팬이다. 부정 안한다....
[GAMING/GAM] | YouTube  | [Normal]     | 88%    |   86.5ms | MARK THE THING HANGING FROM THE LIGHTHOU...
[GAMING/GAM] | YouTube  | [Normal]     | 47%    |   91.3ms | mark should i watch on tv and risk wakin...
[GAMING/SUR] | YouTube  | [Normal]     | 95%    |   74.4ms | 200...
[GAMING/GAM] | YouTube  | [Normal]     | 88%    |  103.5ms | Me and my brother seen Iron Lung the oth...
[ENTERTAINM] | YouTube  | [Normal]     | 96%    |  130.0ms | :yt::yt::yt::yt::yt::yt::yt:...
[GAMING/GAM] | YouTube  | [Normal]     | 96%    |   93.6ms | i watch stream on my gameboy sp thank yo...
[PSYCHOLOGY] | YouTube  | [Normal]     | 94%    |  104.2ms | That honestly sounds like a choice to pr...
[MUSIC/CHIL] | YouTube  | [Normal]     | 97%    |  174.4ms | I was about to ask thay bro :face_with_t...
[GAMING/GAM] | YouTube  | [Normal]     | 94%    |   72.4ms | Chair!!...
[ENTERTAINM] | YouTube  | [Normal]     | 96%    |  111.4ms | I’m a really big fan of your channel  an...
[GAMING/GAM] | YouTube  | [Normal]     | 97%    |  185.8ms | Make sure to give IRON LUNG A 10 ON IMDB...
[ENTERTAINM] | YouTube  | [Normal]     | 94%    |   81.8ms | Hi Mr Beast...
[GAMING/SUR] | YouTube  | [Normal]     | 94%    |  125.7ms | Guys guys guys PLEASE can someone tell a...
[ENTERTAINM] | YouTube  | [Normal]     | 95%    |   99.0ms | mrbeast can I have 20 dolla...
[ENTERTAINM] | YouTube  | [Normal]     | 96%    |   63.6ms | lol...
[ENTERTAINM] | YouTube  | [Normal]     | 94%    |   68.3ms | hi...
[GAMING/SUR] | YouTube  | [Normal]     | 53%    |   74.5ms | That dang ol stupid oil...
[GAMING/GAM] | YouTube  | [Normal]     | 89%    |   69.5ms | Resident evil 4 Remake...
[ENTERTAINM] | YouTube  | [Normal]     | 88%    |   90.6ms | I know who he is  but dont watch it...
[GAMING/GAM] | YouTube  | [Normal]     | 93%    |  124.3ms | in the older games I just screenshot the...
[ENTERTAINM] | YouTube  | [Normal]     | 97%    |  105.6ms | سلام منم تو ایران...
[MUSIC/CHIL] | YouTube  | [Normal]     | 96%    |  144.6ms | hiburan beee :face_with_tongue::face_wit...
[GAMING/GAM] | YouTube  | [Normal]     | 87%    |   60.7ms | body...
[ENTERTAINM] | YouTube  | [Normal]     | 96%    |   68.9ms | hi jimmy!!...
[GAMING/GAM] | YouTube  | [Normal]     | 94%    |   82.6ms | There's a dude in the top left corner...
[GAMING/GAM] | YouTube  | [Normal]     | 96%    |   81.5ms | EXTRA BOTTLES...
[ENTERTAINM] | YouTube  | [Normal]     | 97%    |  101.6ms | :full_moon_face:...
[ENTERTAINM] | YouTube  | [Normal]     | 93%    |   89.3ms | YEP...
[GAMING/GAM] | YouTube  | [Normal]     | 97%    |  114.8ms | top right of lantern room folded bit of ...
[MUSIC/CHIL] | YouTube  | [Normal]     | 97%    |  102.7ms | :bubbles::smiling_face_with_halo::bubble...
[ENTERTAINM] | YouTube  | [Normal]     | 92%    |   67.9ms | help me...
[GAMING/GAM] | YouTube  | [Normal]     | 97%    |   87.3ms | I made it!!!!!...
[ENTERTAINM] | YouTube  | [Normal]     | 89%    |   80.7ms | helo...
[ENTERTAINM] | YouTube  | [Normal]     | 94%    |   84.4ms | hi...
[ENTERTAINM] | YouTube  | [Normal]     | 93%    |  110.8ms | :alien::alien::alien:...
[ENTERTAINM] | YouTube  | [Normal]     | 97%    |  124.5ms | hi mr beast im new:face_holding_back_tea...
[ENTERTAINM] | YouTube  | [Normal]     | 94%    |   85.8ms | hi...
[ENTERTAINM] | YouTube  | [Normal]     | 96%    |   99.2ms | bro give me some money......
[GAMING/GAM] | YouTube  | [Normal]     | 97%    |  106.9ms | anomiplier........
[GAMING/GAM] | YouTube  | [Normal]     | 95%    |   74.8ms | FIREWOOD ON FLOOR...
[GAMING/GAM] | YouTube  | [Normal]     | 97%    |   66.3ms | LANTERN MARKYMO...
[ENTERTAINM] | YouTube  | [Normal]     | 78%    |   78.9ms | @mrbeast your the best...
[GAMING/GAM] | YouTube  | [Normal]     | 93%    |   81.5ms | circuit breaker!!!!...
[PSYCHOLOGY] | YouTube  | [Normal]     | 95%    |   86.1ms | lol jung v clavicular...
[GAMING/GAM] | YouTube  | [Normal]     | 93%    |   78.4ms | person on bed in cabin...
[GAMING/GAM] | YouTube  | [Normal]     | 82%    |   76.0ms | It’s the lung of iron...
[GAMING/SUR] | YouTube  | [Normal]     | 96%    |   72.4ms | c4 on a timer...
[GAMING/SUR] | YouTube  | [Normal]     | 87%    |   64.5ms | lock in...
[GAMING/GAM] | YouTube  | [Normal]     | 97%    |   88.7ms | The hanging ropes in stairwell look bend...
[ENTERTAINM] | YouTube  | [Normal]     | 85%    |   76.6ms | wooooow...
[PSYCHOLOGY] | YouTube  | [Normal]     | 94%    |   91.4ms | off topic but chat what should I get a d...
[NEWS/LIVE ] | YouTube  | [Normal]     | 51%    |   85.8ms | nothing objectionable about it but it sh...
[GAMING/SUR] | YouTube  | [Normal]     | 97%    |   66.9ms | Yuuuur...
[GAMING/SUR] | YouTube  | [Normal]     | 86%    |   62.3ms | Yo...
[GAMING/SUR] | YouTube  | [Normal]     | 95%    |   70.8ms | let's go...
[GAMING/SUR] | YouTube  | [Normal]     | 96%    |   66.4ms | finally my man...
[GAMING/SUR] | YouTube  | [Normal]     | 95%    |   70.7ms | sup...
[GAMING/SUR] | YouTube  | [Normal]     | 52%    |   76.4ms | GOOP GOOP GOOP...
[MUSIC/CHIL] | YouTube  | [Normal]     | 98%    |  129.5ms | bating lol:face_with_tears_of_joy::face_...
[MUSIC/CHIL] | YouTube  | [Normal]     | 93%    |   79.9ms | Emicheyatle free...
[GAMING/SUR] | YouTube  | [Normal]     | 96%    |   76.7ms | Mr cash thank you...
[GAMING/SUR] | YouTube  | [Normal]     | 93%    |   79.3ms | holy...
[GAMING/SUR] | YouTube  | [Normal]     | 67%    |   72.7ms | Johnny casssssh...
[GAMING/SUR] | YouTube  | [Normal]     | 95%    |   82.3ms | Lfg!!!!!!!...
[GAMING/SUR] | YouTube  | [Normal]     | 49%    |   78.5ms | Purnt Beanut...
[PSYCHOLOGY] | YouTube  | [Normal]     | 95%    |   88.1ms | dr k should discuss adler as well alongs...
[GAMING/SUR] | YouTube  | [Normal]     | 93%    |   80.0ms | yep...
[GAMING/SUR] | YouTube  | [Normal]     | 45%    |   77.3ms | LETS GOOOOOO...
[MUSIC/CHIL] | YouTube  | [Normal]     | 98%    |  100.9ms | serendi marchipoya :smiling_face_with_te...
[GAMING/SUR] | YouTube  | [Normal]     | 96%    |  185.9ms | :saluting_face::saluting_face::saluting_...
[GAMING/SUR] | YouTube  | [Normal]     | 91%    |   67.7ms | w...
[MUSIC/CHIL] | YouTube  | [Normal]     | 96%    |   80.6ms | Annaye kada na brathuku...
[GAMING/SUR] | YouTube  | [Normal]     | 95%    |   83.8ms | Good evening Mr Peanut and Bungulators!...
[PSYCHOLOGY] | YouTube  | [Normal]     | 94%    |  100.1ms | freud is gigachad and jung is gigachad...
[GAMING/SUR] | YouTube  | [Normal]     | 95%    |   76.1ms | 40s...
[NEWS/LIVE ] | YouTube  | [Normal]     | 95%    |   65.9ms | MAGA...
[PSYCHOLOGY] | YouTube  | [OFFENSIVE]  | 79%    |  146.7ms | @snuffy4992 you’re goddamn right  dr. K ...
[MUSIC/CHIL] | YouTube  | [OFFENSIVE]  | 50%    |  180.9ms | Shivani gen-z ko ap hi sahi rahh dikha s...
[GAMING/SUR] | YouTube  | [Normal]     | 97%    |   81.6ms | Need to work on research tree...
[MUSIC/CHIL] | YouTube  | [Normal]     | 93%    |   93.0ms | fred me ? :thinking_face:...
[SELF-HELP/] | YouTube  | [Normal]     | 88%    |   87.5ms | andddd something happened...
[GAMING/SUR] | YouTube  | [Normal]     | 82%    |   71.9ms | put some pants on...
[NEWS/LIVE ] | YouTube  | [Normal]     | 97%    |   90.8ms | :person-blue-holding-pencil:...
[GAMING/SUR] | YouTube  | [Normal]     | 95%    |   76.0ms | train...
[GAMING/SUR] | YouTube  | [Normal]     | 98%    |   91.6ms | peanut streaming earlier hrs now??...
[NEWS/LIVE ] | YouTube  | [OFFENSIVE]  | 38%    |   86.6ms | I believe the gov is invading .....
[GAMING/SUR] | YouTube  | [Normal]     | 96%    |   83.4ms | 9 milly velo better...
[GAMING/SUR] | YouTube  | [Normal]     | 96%    |   76.4ms | Is the base ok chat?...
[MUSIC/CHIL] | YouTube  | [Normal]     | 95%    |   78.1ms | Musali Munda musalodu...
[GAMING/SUR] | YouTube  | [Normal]     | 97%    |   79.3ms | the wheels on the car......
[GAMING/SUR] | YouTube  | [Normal]     | 95%    |   83.2ms | H2O...
[GAMING/SUR] | YouTube  | [Normal]     | 96%    |  131.6ms | Man I grew up watching H20 and vanoss. S...
[GAMING/SUR] | YouTube  | [Normal]     | 96%    |   77.4ms | ALL ON RED FN...
[GAMING/SUR] | YouTube  | [Normal]     | 83%    |   87.4ms | hutch goiiiiiiiiiiiiiing hard...
[GAMING/SUR] | YouTube  | [Normal]     | 96%    |   70.6ms | 10 on 20...
[NEWS/LIVE ] | YouTube  | [Normal]     | 93%    |   72.3ms | Pudding Fingers Ron...
[PSYCHOLOGY] | YouTube  | [Normal]     | 96%    |   86.2ms | :grinning_squinting_face:...
[GAMING/SUR] | YouTube  | [Normal]     | 94%    |   63.8ms | 10...
[GAMING/SUR] | YouTube  | [Normal]     | 96%    |   77.8ms | LMAO...
[GAMING/SUR] | YouTube  | [Normal]     | 95%    |   68.8ms | WELP...
[GAMING/SUR] | YouTube  | [Normal]     | 94%    |   71.4ms | LMAOOOO...
[GAMING/SUR] | YouTube  | [Normal]     | 92%    |   86.0ms | hahahhahahahahahaha...
[GAMING/SUR] | YouTube  | [Normal]     | 92%    |   73.1ms | normal...
[MUSIC/CHIL] | YouTube  | [Normal]     | 70%    |   80.2ms | she is asking do u eat wtf...
[GAMING/SUR] | YouTube  | [OFFENSIVE]  | 90%    |   72.2ms | HOLY SHITTTTT...
[GAMING/SUR] | YouTube  | [Normal]     | 94%    |   88.7ms | hi...
[GAMING/SUR] | YouTube  | [Normal]     | 91%    |   77.3ms | lmaooooooooo...
[GAMING/SUR] | YouTube  | [Normal]     | 94%    |   84.8ms | LMAOAOSKAOAOOAOA...
[GAMING/SUR] | YouTube  | [OFFENSIVE]  | 67%    |   95.9ms | XXXXXXXXXXXXXXDDDDDDDDDDDD...
[GAMING/SUR] | YouTube  | [Normal]     | 68%    |   76.3ms | Sorry...
[GAMING/SUR] | YouTube  | [Normal]     | 94%    |   94.7ms | still alive boys...
[SELF-HELP/] | YouTube  | [Normal]     | 94%    |   72.6ms | hi dr k...
[SELF-HELP/] | YouTube  | [Normal]     | 91%    |   63.1ms | hey...
[PSYCHOLOGY] | YouTube  | [Normal]     | 92%    |  105.7ms | Group was the only form of HG coaching t...
[PSYCHOLOGY] | YouTube  | [Normal]     | 95%    |   70.4ms | AND ANIME...
[SELF-HELP/] | YouTube  | [Normal]     | 91%    |   85.6ms | @acetophenone820 not true...
[MUSIC/CHIL] | YouTube  | [Normal]     | 98%    |   87.1ms | :bell::bell::bell:...
[PSYCHOLOGY] | YouTube  | [Normal]     | 93%    |   74.4ms | lets go anime crew...
[GAMING/SUR] | YouTube  | [Normal]     | 93%    |  101.2ms | not even 30 minutes in and Peanut has lo...
[GAMING/SUR] | YouTube  | [Normal]     | 74%    |   68.6ms | not worth...
[PSYCHOLOGY] | YouTube  | [Normal]     | 86%    |  102.5ms | mr beast can u give me 1 milion dolars...
[PSYCHOLOGY] | YouTube  | [HATE]       | 45%    |   87.7ms | Jung is the goat fr...
[GAMING/SUR] | YouTube  | [Normal]     | 92%    |   74.2ms | You Live And You Learn!...
[SELF-HELP/] | YouTube  | [Normal]     | 96%    |   81.3ms | Hey dr K.. love from Canada!...
[NEWS/LIVE ] | YouTube  | [Normal]     | 95%    |  102.1ms | Apparently IQ can drop twenty points due...
[ENTERTAINM] | YouTube  | [Normal]     | 92%    |   67.9ms | Jimmy start it...
[ENTERTAINM] | YouTube  | [Normal]     | 52%    |   73.6ms | Mr beast trolling...
[MUSIC/CHIL] | YouTube  | [Normal]     | 98%    |   80.4ms | :fish::bird:...
[ENTERTAINM] | YouTube  | [Normal]     | 94%    |   96.2ms | hello mr beast!!!!!...
[ENTERTAINM] | YouTube  | [Normal]     | 96%    |   76.1ms | hiiiiii...
[ENTERTAINM] | YouTube  | [Normal]     | 96%    |   62.9ms | witnessing...
[ENTERTAINM] | YouTube  | [Normal]     | 90%    |   74.3ms | hhi...
[ENTERTAINM] | YouTube  | [Normal]     | 91%    |   83.9ms | MR BEAST...
[GAMING/GAM] | YouTube  | [Normal]     | 94%    |   77.4ms | Maaark!...
[GAMING/GAM] | YouTube  | [Normal]     | 66%    |  105.4ms | for everyone who already saw iron lung  ...
[GAMING/GAM] | YouTube  | [OFFENSIVE]  | 80%    |   71.4ms | damn...
[PSYCHOLOGY] | YouTube  | [Normal]     | 97%    |  141.8ms | Dr. K's NEW Guide to Love  Sex  & Relati...
[ENTERTAINM] | YouTube  | [Normal]     | 92%    |   77.9ms | hai...
[ENTERTAINM] | YouTube  | [Normal]     | 95%    |   72.1ms | yooo...
[SELF-HELP/] | YouTube  | [Normal]     | 96%    |  134.0ms | Dr. K is it possible to have John Kiriak...
[GAMING/SUR] | YouTube  | [Normal]     | 92%    |  115.5ms | thaTS MIND FROM DIUNOS...
[ENTERTAINM] | YouTube  | [Normal]     | 92%    |  104.0ms | HELLO MRBEAST!!!...
[ENTERTAINM] | YouTube  | [Normal]     | 95%    |   83.7ms | Hiiii...
[NEWS/LIVE ] | YouTube  | [Normal]     | 57%    |  142.5ms | One them is going to drop out and push p...
[ENTERTAINM] | YouTube  | [Normal]     | 96%    |  104.5ms | Hiiiiii...
[GAMING/GAM] | YouTube  | [Normal]     | 96%    |   96.9ms | :fox:...
[ENTERTAINM] | YouTube  | [Normal]     | 96%    |  100.0ms | New member...
[GAMING/GAM] | YouTube  | [Normal]     | 96%    |   97.3ms | hi mark...
[ENTERTAINM] | YouTube  | [Normal]     | 98%    |   96.9ms | :hand-purple-blue-peace:...
[GAMING/GAM] | YouTube  | [Normal]     | 96%    |   94.9ms | hello!...
[GAMING/GAM] | YouTube  | [Normal]     | 95%    |  101.9ms | hello!!!!...
[GAMING/SUR] | YouTube  | [Normal]     | 80%    |   88.6ms | Doc is better than peanut boy...
[GAMING/GAM] | YouTube  | [Normal]     | 96%    |   86.8ms | HI MARK...
[ENTERTAINM] | YouTube  | [Normal]     | 96%    |  111.5ms | :heart_suit::loudly_crying_face:...
[GAMING/SUR] | YouTube  | [Normal]     | 97%    |  101.3ms | :face-green-smiling:...
[ENTERTAINM] | YouTube  | [Normal]     | 89%    |  102.5ms | selam mrbeast...
[ENTERTAINM] | YouTube  | [Normal]     | 95%    |   78.2ms | Bangladesh...
[ENTERTAINM] | YouTube  | [Normal]     | 97%    |   92.1ms | hallo...
[GAMING/GAM] | YouTube  | [Normal]     | 66%    |  115.5ms | WHOOO LET"S GO!!!...
[ENTERTAINM] | YouTube  | [Normal]     | 96%    |  139.5ms | عطيني مليون دولار :sleepy_face:...
[NEWS/LIVE ] | YouTube  | [Normal]     | 98%    |   99.6ms | :crown:KING TRUMP WINS AGAIN:crown:...
[GAMING/GAM] | YouTube  | [Normal]     | 94%    |  131.7ms | I still really want to see it  haven’t h...
[ENTERTAINM] | YouTube  | [Normal]     | 98%    |  110.0ms | congratulations in advance :beaming_face...
[GAMING/GAM] | YouTube  | [Normal]     | 95%    |  105.6ms | HIII...
[ENTERTAINM] | YouTube  | [Normal]     | 94%    |   87.9ms | Speak in Hindi...
[GAMING/GAM] | YouTube  | [Normal]     | 95%    |  100.1ms | I saw the Iron Lung on Wednesday!...
[ENTERTAINM] | YouTube  | [Normal]     | 98%    |  167.8ms | 500m :red_heart::blue_heart::green_heart...
[GAMING/GAM] | YouTube  | [Normal]     | 96%    |  107.8ms | saw it on Sunday!!!! loved it!!...
[GAMING/GAM] | YouTube  | [Normal]     | 87%    |   94.2ms | WOOOOOOOOO...
[GAMING/GAM] | YouTube  | [Normal]     | 97%    |  103.9ms | WE LOVE MATH!!!!...
[ENTERTAINM] | YouTube  | [OFFENSIVE]  | 57%    |  100.4ms | letssss goooo...
[ENTERTAINM] | YouTube  | [Normal]     | 96%    |  105.6ms | yea...
[GAMING/GAM] | YouTube  | [Normal]     | 98%    |  152.9ms | :face-blue-spam-shape::face-blue-spam-sh...
[PSYCHOLOGY] | YouTube  | [Normal]     | 97%    |   98.5ms | idealized representations of the roles h...
[GAMING/GAM] | YouTube  | [Normal]     | 89%    |   93.1ms | WOOOOOO!!!...
[GAMING/GAM] | YouTube  | [Normal]     | 96%    |  125.1ms | im seeing the movie this Sunday !!!! so ...
[ENTERTAINM] | YouTube  | [Normal]     | 92%    |  128.8ms | congratulations brooooooooooooooo...
[ENTERTAINM] | YouTube  | [Normal]     | 94%    |   85.2ms | great...
[MUSIC/CHIL] | YouTube  | [Normal]     | 93%    |  114.4ms | :rolling_on_the_floor_laughing:...
[GAMING/GAM] | YouTube  | [Normal]     | 95%    |  111.1ms | WHERE DO YOU FIND THAT STATISTIC????...
[MUSIC/CHIL] | YouTube  | [Normal]     | 94%    |  106.0ms | lo mismo hay cine gratis...
[GAMING/SUR] | YouTube  | [Normal]     | 97%    |   90.7ms | missed 1000 scrap...
[GAMING/GAM] | YouTube  | [Normal]     | 98%    |  100.2ms | hello everybody:hand-pink-waving:...
[ENTERTAINM] | YouTube  | [Normal]     | 94%    |   80.1ms | Tate...
[GAMING/GAM] | YouTube  | [Normal]     | 95%    |   79.0ms | hiiii...
[GAMING/GAM] | YouTube  | [Normal]     | 97%    |   89.5ms | Well done...
[ENTERTAINM] | YouTube  | [Normal]     | 96%    |  106.6ms | may play uzbekiston...
[GAMING/GAM] | YouTube  | [Normal]     | 71%    |  110.5ms | Why do you look more shorter than usual?...
[GAMING/GAM] | YouTube  | [Normal]     | 97%    |   81.7ms | NUMERO UNO!!...
[ENTERTAINM] | YouTube  | [Normal]     | 91%    |   82.1ms | W...
[GAMING/GAM] | YouTube  | [Normal]     | 94%    |   86.8ms | hi...
[PSYCHOLOGY] | YouTube  | [Normal]     | 94%    |   83.8ms | forsen...
[MUSIC/CHIL] | YouTube  | [Normal]     | 96%    |  107.5ms | shish badiya hu aap bataye?...
[GAMING/GAM] | YouTube  | [Normal]     | 92%    |   96.8ms | King fr fr...
[SPORTS/PEN] | YouTube  | [Normal]     | 95%    |   99.4ms | gvh...
[GAMING/GAM] | YouTube  | [Normal]     | 97%    |   85.8ms | Well deserved Mark...
[SELF-HELP/] | YouTube  | [Normal]     | 81%    |  113.8ms | we dont get that sort of clarity about w...
[GAMING/GAM] | YouTube  | [Normal]     | 89%    |  111.7ms | GLOAT WHOOOO?? US THATS WHOOO...
[GAMING/GAM] | YouTube  | [Normal]     | 97%    |  100.7ms | Your movie was amazing mark!!...
[GAMING/GAM] | YouTube  | [Normal]     | 79%    |   93.8ms | your you...
[GAMING/GAM] | YouTube  | [Normal]     | 81%    |  207.1ms | mark  I hope you see this  Ive been a hu...
[GAMING/SUR] | YouTube  | [Normal]     | 90%    |  105.6ms | someone walked in your base when you wal...
[GAMING/GAM] | YouTube  | [Normal]     | 97%    |   87.5ms | Welcome to Member!...
[GAMING/GAM] | YouTube  | [Normal]     | 93%    |  101.0ms | Lighthouse...
[MUSIC/CHIL] | YouTube  | [Normal]     | 95%    |  189.1ms | @szarek-c2u hi   how are you ? :backhand...
[GAMING/GAM] | YouTube  | [Normal]     | 93%    |   93.7ms | Light home...
[GAMING/GAM] | YouTube  | [Normal]     | 95%    |   90.2ms | airplane...
[GAMING/GAM] | YouTube  | [Normal]     | 91%    |   99.3ms | people be voting...
[ENTERTAINM] | YouTube  | [Normal]     | 89%    |   85.2ms | heyyy...
[ENTERTAINM] | YouTube  | [Normal]     | 93%    |   97.1ms | hello mrbeast!!...
[GAMING/GAM] | YouTube  | [Normal]     | 95%    |  106.2ms | I WATCHED IRON LUNG EARLIER THIS WEEK AN...
[GAMING/GAM] | YouTube  | [Normal]     | 97%    |  103.8ms | Mark please say hello to my son Wade...
[NEWS/LIVE ] | YouTube  | [Normal]     | 97%    |   94.6ms | Amen  D...
[ENTERTAINM] | YouTube  | [Normal]     | 93%    |  102.3ms | plzzzz...
[GAMING/GAM] | YouTube  | [Normal]     | 88%    |   97.2ms | no office?...
[MUSIC/CHIL] | YouTube  | [Normal]     | 96%    |  198.7ms | @Stranger1801 m good thanks :backhand_in...
[ENTERTAINM] | YouTube  | [Normal]     | 92%    |  103.3ms | hayyyy...
[GAMING/GAM] | YouTube  | [Normal]     | 98%    |  173.8ms | left a twitch live to watch you Mark! Lo...
[GAMING/GAM] | YouTube  | [Normal]     | 83%    |  101.8ms | LETS GOOO AIRPLANNNNEEEEE...
[GAMING/SUR] | YouTube  | [Normal]     | 95%    |  114.1ms | WWWWW...
[MUSIC/CHIL] | YouTube  | [Normal]     | 96%    |  192.0ms | @szarek-c2u m doing good :backhand_index...
[GAMING/GAM] | YouTube  | [Normal]     | 96%    |  144.2ms | WHEN DOES S2 OF EDGE OF SLEEP RELEASE?!?...
[ENTERTAINM] | YouTube  | [Normal]     | 94%    |   80.5ms | hi...
[GAMING/GAM] | YouTube  | [Normal]     | 91%    |   99.5ms | SERBIA PLSSSSS...
[MUSIC/CHIL] | YouTube  | [Normal]     | 93%    |   85.7ms | por no ir...
[GAMING/GAM] | YouTube  | [Normal]     | 95%    |   94.4ms | I LOVE YOUR VIDS...
[GAMING/SUR] | YouTube  | [Normal]     | 87%    |   83.1ms | No...
[GAMING/SUR] | YouTube  | [Normal]     | 87%    |  100.5ms | it laughed at you...
[GAMING/SUR] | YouTube  | [Normal]     | 75%    |  121.7ms | nooooooooooooooooooooooooo...
[GAMING/GAM] | YouTube  | [Normal]     | 96%    |  101.2ms | Love ya Mark! So proud of you!...
[GAMING/SUR] | YouTube  | [Normal]     | 91%    |   87.8ms | split...
[GAMING/GAM] | YouTube  | [Normal]     | 93%    |  125.4ms | OMG MARK!!! Ur my inspiration :astonishe...
[GAMING/GAM] | YouTube  | [Normal]     | 81%    |   99.0ms | Airplane and lighthouse fighting like ir...
[GAMING/GAM] | YouTube  | [Normal]     | 94%    |  120.5ms | i saw your movie tonight in the netherla...
[GAMING/GAM] | YouTube  | [Normal]     | 48%    |   87.2ms | airplane gang...
[GAMING/SUR] | YouTube  | [Normal]     | 94%    |   67.5ms | stand...
[ENTERTAINM] | YouTube  | [Normal]     | 97%    |  135.0ms | :smiling_face::smiling_face::smiling_fac...
[ENTERTAINM] | YouTube  | [Normal]     | 95%    |   91.8ms | :partying_face::partying_face:...
[ENTERTAINM] | YouTube  | [Normal]     | 94%    |   72.4ms | hi...
[ENTERTAINM] | YouTube  | [Normal]     | 93%    |   91.8ms | Mr beast The best...
[GAMING/GAM] | YouTube  | [Normal]     | 97%    |   94.2ms | Revote between airplane and lighthouse!...
[ENTERTAINM] | YouTube  | [Normal]     | 98%    |   90.3ms | Ronaldo...
[GAMING/GAM] | YouTube  | [Normal]     | 97%    |  135.1ms | MARKIPLIER ADRESS THE MAYONNAISE MUSTARD...
[PSYCHOLOGY] | YouTube  | [Normal]     | 97%    |  107.6ms | the sun and the moon...
[GAMING/GAM] | YouTube  | [Normal]     | 98%    |  118.0ms | Got tickets for my family to see the mov...
[GAMING/GAM] | YouTube  | [Normal]     | 95%    |   80.5ms | 67...
[GAMING/SUR] | YouTube  | [Normal]     | 95%    |   82.8ms | HIT...
[GAMING/GAM] | YouTube  | [Normal]     | 85%    |  138.3ms | very true- the Cinemark I went to gave u...
[NEWS/LIVE ] | YouTube  | [Normal]     | 97%    |   97.2ms | anyone know what the green flag is ?...
[ENTERTAINM] | YouTube  | [Normal]     | 97%    |  102.5ms | Mr. Twenty  I want an iPhone 17....
[ENTERTAINM] | YouTube  | [Normal]     | 97%    |  367.0ms | Please help me for complete my dream ple...
[ENTERTAINM] | YouTube  | [Normal]     | 98%    |  101.2ms | :hand-pink-waving:...
[ENTERTAINM] | YouTube  | [Normal]     | 97%    |  203.4ms | Speed Up Subscriber :high_voltage::high_...
[GAMING/GAM] | YouTube  | [Normal]     | 91%    |  117.4ms | What if you alternate maps whenever you ...
[GAMING/SUR] | YouTube  | [Normal]     | 94%    |   73.9ms | MAX...
[ENTERTAINM] | YouTube  | [Normal]     | 97%    |   86.5ms | love from Pakistan...
[MUSIC/CHIL] | YouTube  | [Normal]     | 98%    |   90.2ms | :dove:...
[GAMING/GAM] | YouTube  | [Normal]     | 98%    |   93.0ms | AMAZING MOVIE MARK 10/10...
[ENTERTAINM] | YouTube  | [Normal]     | 94%    |   75.7ms | 2...
[GAMING/SUR] | YouTube  | [Normal]     | 94%    |   64.5ms | STAND...
[GAMING/GAM] | YouTube  | [Normal]     | 96%    |  107.5ms | dude i accidentally stumbled upon this v...
[ENTERTAINM] | YouTube  | [Normal]     | 91%    |   69.9ms | MOM...
[GAMING/GAM] | YouTube  | [Normal]     | 86%    |   82.7ms | the numbers on this stream are crazy...
[GAMING/GAM] | YouTube  | [Normal]     | 96%    |  134.3ms | my showing this evening the audio was a ...
[ENTERTAINM] | YouTube  | [Normal]     | 95%    |   79.0ms | my mom found my channel...
[GAMING/GAM] | YouTube  | [Normal]     | 96%    |   98.1ms | MARKPLIERR PLAY THE NEW FNAF GAMEEE...
[GAMING/GAM] | YouTube  | [Normal]     | 98%    |   88.5ms | :popcorn-yellow-striped-smile:...
[GAMING/SUR] | YouTube  | [Normal]     | 94%    |   73.6ms | lmaoooo...
[ENTERTAINM] | YouTube  | [Normal]     | 97%    |   75.2ms | Bangladesh :red_heart:...
[GAMING/SUR] | YouTube  | [Normal]     | 96%    |   72.6ms | LOL...
[GAMING/GAM] | YouTube  | [Normal]     | 96%    |  115.1ms | what brand was the crayon in the movie??...
[GAMING/GAM] | YouTube  | [Normal]     | 95%    |  103.0ms | The poll is giving me a heartache :loudl...
[ENTERTAINM] | YouTube  | [Normal]     | 97%    |   68.9ms | i am from Bangladesh...
[GAMING/GAM] | YouTube  | [Normal]     | 82%    |   79.4ms | Shame on my theater then...
[GAMING/GAM] | YouTube  | [Normal]     | 96%    |  139.9ms | There was a bit that I struggled to hear...
[ENTERTAINM] | YouTube  | [Normal]     | 97%    |   87.7ms | haloo Indonesia...
[GAMING/GAM] | YouTube  | [Normal]     | 97%    |  116.9ms | VOTE AIRPLANEEEE :airplane::airplane::ai...
[GAMING/SUR] | YouTube  | [Normal]     | 89%    |   75.9ms | looooool...
[ENTERTAINM] | YouTube  | [Normal]     | 98%    |   92.5ms | :planet-orange-purple-ring:...
[ENTERTAINM] | YouTube  | [Normal]     | 95%    |  109.4ms | @itzsheeraluvs the samee samaalahhhh...
[GAMING/SUR] | YouTube  | [Normal]     | 94%    |   71.9ms | +rekt...
[GAMING/GAM] | YouTube  | [Normal]     | 96%    |  128.5ms | Is it an option to see it in the Xtreme ...
[GAMING/GAM] | YouTube  | [Normal]     | 97%    |  109.9ms | my place just didn't have the screen lin...
[GAMING/GAM] | YouTube  | [Normal]     | 66%    |  116.0ms | I thought airplane would be cooler becau...
[ENTERTAINM] | YouTube  | [Normal]     | 95%    |   84.9ms | always with you bro.keep going...
[GAMING/GAM] | YouTube  | [Normal]     | 48%    |   68.7ms | airplane gang...
[GAMING/GAM] | YouTube  | [Normal]     | 91%    |   78.6ms | llighthouse! lol...
[GAMING/GAM] | YouTube  | [Normal]     | 96%    |   82.4ms | HI MARK...
[ENTERTAINM] | YouTube  | [Normal]     | 91%    |   73.5ms | love you mr beast...
[GAMING/SUR] | YouTube  | [Normal]     | 97%    |   67.0ms | DELRIOUS...
[ENTERTAINM] | YouTube  | [Normal]     | 97%    |   86.4ms | hi bro :hugging_face:...
[GAMING/GAM] | YouTube  | [Normal]     | 78%    |   80.1ms | whats up guys...
[GAMING/SUR] | YouTube  | [Normal]     | 97%    |   86.2ms | LOL H2o is there!...
[ENTERTAINM] | YouTube  | [Normal]     | 95%    |   70.3ms | c'mon...
[ENTERTAINM] | YouTube  | [Normal]     | 87%    |   75.2ms | เย้...
[GAMING/SUR] | YouTube  | [Normal]     | 94%    |   72.8ms | Ask H2O...
[GAMING/GAM] | YouTube  | [Normal]     | 95%    |   79.0ms | I was bored thanks...
[SPORTS/FOO] | YouTube  | [Normal]     | 82%    |   80.2ms | notorious BAD BOY:penguin:...
[ENTERTAINM] | YouTube  | [Normal]     | 96%    |   72.8ms | big fan please...
[GAMING/SUR] | YouTube  | [Normal]     | 95%    |   81.4ms | H20...
[GAMING/SUR] | YouTube  | [Normal]     | 85%    |  102.5ms | THAT GUY IS ZESTYYYYYY...
[GAMING/GAM] | YouTube  | [Normal]     | 96%    |   92.1ms | MARK I LOVE YOU MAN CONGRATULATIONS TO E...
[ENTERTAINM] | YouTube  | [Normal]     | 95%    |   64.1ms | hello bro...
[ENTERTAINM] | YouTube  | [Normal]     | 95%    |  245.3ms | Love you mrbeast Love you mrbeastLove yo...
[ENTERTAINM] | YouTube  | [Normal]     | 91%    |   91.6ms | Is that really your voice? xD you sound ...
[GAMING/SUR] | YouTube  | [Normal]     | 96%    |   89.0ms | ALL ON BLAAAAAAAAAAAACK...
[ENTERTAINM] | YouTube  | [Normal]     | 94%    |  100.8ms | i has subs But i unsub and sub again...
[ENTERTAINM] | YouTube  | [Normal]     | 92%    |  270.3ms | :stayhome::stayhome::stayhome::stayhome:...
[ENTERTAINM] | YouTube  | [Normal]     | 96%    |  102.2ms | السلام عليكم...
[ENTERTAINM] | YouTube  | [Normal]     | 97%    |  289.5ms | поздравляю! Жаль не смогу досмотреть тво...
[ENTERTAINM] | YouTube  | [Normal]     | 97%    |   78.5ms | i bern on 2013...
[ENTERTAINM] | YouTube  | [Normal]     | 98%    |  143.6ms | pls say my name :folded_hands::folded_ha...
[ENTERTAINM] | YouTube  | [Normal]     | 88%    |   85.5ms | yooooooooóooloooo...
[SELF-HELP/] | YouTube  | [Normal]     | 64%    |  143.7ms | he has tangible evidence of the hate tho...
[ENTERTAINM] | YouTube  | [Normal]     | 96%    |   69.0ms | New member...
[GAMING/GAM] | YouTube  | [Normal]     | 97%    |   93.4ms | I'm seeing it in Scotland in Monday....
[ENTERTAINM] | YouTube  | [Normal]     | 93%    |   86.6ms | Аааааааа...
[GAMING/GAM] | YouTube  | [Normal]     | 95%    |   77.3ms | lighthouseeeeee...
[ENTERTAINM] | YouTube  | [Normal]     | 94%    |   67.8ms | gz...
[ENTERTAINM] | YouTube  | [Normal]     | 98%    |  208.2ms | :face-blue-smiling::face-blue-smiling::f...
[GAMING/GAM] | YouTube  | [Normal]     | 93%    |   86.2ms | when will you finish silent hill?...
[MUSIC/CHIL] | YouTube  | [Normal]     | 95%    |   77.2ms | ........
[GAMING/SUR] | YouTube  | [Normal]     | 96%    |   75.4ms | h20????...
[ENTERTAINM] | YouTube  | [Normal]     | 93%    |   77.3ms | yooo mr beast...
[GAMING/GAM] | YouTube  | [Normal]     | 90%    |  101.4ms | Hey it was a good fight us airplanes wil...
[ENTERTAINM] | YouTube  | [Normal]     | 95%    |   74.3ms | hello...
[PSYCHOLOGY] | YouTube  | [Normal]     | 96%    |   79.7ms | LOL...
[PSYCHOLOGY] | YouTube  | [Normal]     | 87%    |   92.8ms | Im not a PHD but you sre wrong...
[ENTERTAINM] | YouTube  | [Normal]     | 94%    |   85.6ms | rc...
[GAMING/GAM] | YouTube  | [Normal]     | 98%    |  108.0ms | Hi mark love movie....
[GAMING/GAM] | YouTube  | [Normal]     | 93%    |   65.2ms | Meow...
[ENTERTAINM] | YouTube  | [Normal]     | 95%    |   69.5ms | Bangladesh...
[GAMING/SUR] | YouTube  | [HATE]       | 52%    |   81.7ms | they are horrible at this...
[GAMING/SUR] | YouTube  | [Normal]     | 93%    |   95.0ms | :rolling_on_the_floor_laughing:...
[GAMING/SUR] | YouTube  | [Normal]     | 91%    |   86.0ms | H20 DELIRIOUS NO WAY...
[GAMING/GAM] | YouTube  | [Normal]     | 97%    |  108.8ms | will there be an iron lung CD for collec...
[GAMING/SUR] | YouTube  | [Normal]     | 94%    |   68.5ms | 3 5...
[GAMING/GAM] | YouTube  | [OFFENSIVE]  | 39%    |   78.8ms | yippieee light house...
[ENTERTAINM] | YouTube  | [Normal]     | 96%    |   66.5ms | gift me...
[GAMING/GAM] | YouTube  | [Normal]     | 91%    |   91.5ms | spoooky game...
[ENTERTAINM] | YouTube  | [Normal]     | 95%    |   74.3ms | 123k left...
[GAMING/SUR] | YouTube  | [Normal]     | 89%    |   55.4ms | black...
[ENTERTAINM] | YouTube  | [Normal]     | 96%    |   68.5ms | waw...
[GAMING/GAM] | YouTube  | [Normal]     | 85%    |   72.4ms | You got this...
[MUSIC/CHIL] | YouTube  | [Normal]     | 96%    |   87.3ms | :baseball-white-cap-out:...
[ENTERTAINM] | YouTube  | [Normal]     | 77%    |   75.2ms | what are you drinking jimmy?...
[ENTERTAINM] | YouTube  | [Normal]     | 98%    |  139.1ms | from Bangladesh  :heart_suit: :red_heart...
[GAMING/GAM] | YouTube  | [Normal]     | 95%    |   79.5ms | срууіу...
[GAMING/SUR] | YouTube  | [Normal]     | 96%    |  108.5ms | What do we need? Scrap. When do we need ...
[MUSIC/CHIL] | YouTube  | [Normal]     | 96%    |  127.6ms | kyuki tumne kbhi Apna naam nahi bataya k...
[SELF-HELP/] | YouTube  | [Normal]     | 85%    |  119.9ms | if a person succeeded in ways I can't i ...
[GAMING/SUR] | YouTube  | [Normal]     | 97%    |  161.7ms | :face_with_tears_of_joy::face_with_tears...
[ENTERTAINM] | YouTube  | [Normal]     | 93%    |   63.5ms | omg...
[GAMING/GAM] | YouTube  | [Normal]     | 95%    |   64.8ms | cool...
[GAMING/SUR] | YouTube  | [Normal]     | 61%    |   82.0ms | YOU ARE AN ENDLESS PIT OF LOST MONEY...
[GAMING/GAM] | YouTube  | [Normal]     | 95%    |   78.4ms | obversation duty...
[GAMING/GAM] | YouTube  | [Normal]     | 94%    |   87.8ms | "obversation"...
[ENTERTAINM] | YouTube  | [Normal]     | 97%    |  166.1ms | :face_with_tears_of_joy::face_with_tears...
[ENTERTAINM] | YouTube  | [Normal]     | 98%    |  129.2ms | :face-blue-smiling::face-blue-smiling::f...
[GAMING/GAM] | YouTube  | [Normal]     | 95%    |   81.3ms | lmao minor spelling mistake...
[ENTERTAINM] | YouTube  | [Normal]     | 97%    |  349.1ms | :face-orange-frowning::face-orange-frown...
[GAMING/GAM] | YouTube  | [Normal]     | 92%    |   75.8ms | Breaker is open...
[ENTERTAINM] | YouTube  | [Normal]     | 87%    |   61.6ms | no...
[ENTERTAINM] | YouTube  | [Normal]     | 97%    |   79.4ms | hello :waving_hand:...
[GAMING/GAM] | YouTube  | [Normal]     | 95%    |   72.7ms | obversation...
[GAMING/GAM] | YouTube  | [Normal]     | 91%    |   85.8ms | YOU SPELLED OBSERVATION WRONG MARK...
[ENTERTAINM] | YouTube  | [Normal]     | 97%    |   90.2ms | :red_heart::red_heart:...
[GAMING/SUR] | YouTube  | [Normal]     | 91%    |   82.0ms | hahahahahaha...
[GAMING/GAM] | YouTube  | [Normal]     | 95%    |   84.0ms | Obversation Duty...
[ENTERTAINM] | YouTube  | [Normal]     | 97%    |   81.6ms | 500M spacial video please...
[ENTERTAINM] | YouTube  | [Normal]     | 94%    |   87.5ms | never knew...
[GAMING/GAM] | YouTube  | [Normal]     | 94%    |   62.8ms | hi...
[ENTERTAINM] | YouTube  | [Normal]     | 98%    |   88.7ms | Love from Bangladesh MR :red_heart:...
[ENTERTAINM] | YouTube  | [Normal]     | 97%    |  107.3ms | MrBeast 3000:face-blue-wide-eyes:...
[GAMING/GAM] | YouTube  | [Normal]     | 96%    |   74.8ms | Typo mark in the title...
[GAMING/GAM] | YouTube  | [Normal]     | 95%    |   81.1ms | wait mark the title is misspelled...
[GAMING/SUR] | YouTube  | [Normal]     | 97%    |   67.2ms | Boiled peanut...
[GAMING/SUR] | YouTube  | [Normal]     | 84%    |  101.8ms | Whoooooooorayyyyyyy...
[GAMING/SUR] | YouTube  | [OFFENSIVE]  | 92%    |  444.7ms | ----------------------------------------...
[GAMING/GAM] | YouTube  | [Normal]     | 95%    |   76.1ms | OBVERSATION...
[GAMING/SUR] | YouTube  | [Normal]     | 97%    |   95.9ms | good thing peanut didn't see 1000 scrap ...
[GAMING/GAM] | YouTube  | [Normal]     | 95%    |   78.6ms | obversation...
[GAMING/GAM] | YouTube  | [OFFENSIVE]  | 54%    |   80.8ms | STUPIDplier...
[GAMING/SUR] | YouTube  | [Normal]     | 95%    |  412.6ms | THIS GSME TELL YOU TO GO PLAY ARC RAIDER...
[GAMING/GAM] | YouTube  | [Normal]     | 93%    |   89.2ms | the entire stream is ruined mark try aga...
[ENTERTAINM] | YouTube  | [Normal]     | 94%    |   65.6ms | HI...
[ENTERTAINM] | YouTube  | [Normal]     | 94%    |   61.6ms | hi...
[ENTERTAINM] | YouTube  | [Normal]     | 97%    |  124.8ms | :face_with_tears_of_joy::face_with_tears...
[GAMING/SUR] | YouTube  | [Normal]     | 97%    |   75.1ms | bye bye 40 scrap...
[GAMING/GAM] | YouTube  | [Normal]     | 97%    |   77.8ms | obversation lmao...
[GAMING/SUR] | YouTube  | [Normal]     | 94%    |   82.6ms | :_BUNGULATE:...
[ENTERTAINM] | YouTube  | [Normal]     | 94%    |   81.7ms | Can you give me $10 000...
[ENTERTAINM] | YouTube  | [Normal]     | 97%    |  135.3ms | i was here :double_exclamation_mark::dou...
[GAMING/GAM] | YouTube  | [Normal]     | 97%    |   74.8ms | HIIIIII MARK...
[ENTERTAINM] | YouTube  | [Normal]     | 74%    |   61.5ms | Funny...
[GAMING/SUR] | YouTube  | [Normal]     | 94%    |   96.4ms | I told you!!!!!! 3...
[GAMING/GAM] | YouTube  | [Normal]     | 93%    |   92.1ms | He's on obversation doodie...
[GAMING/GAM] | YouTube  | [Normal]     | 89%    |   80.2ms | I just watched iron lung good movie...
[GAMING/GAM] | YouTube  | [Normal]     | 95%    |   86.8ms | OBVERSATION DUTY IS COMING OUT MARK...
[GAMING/SUR] | YouTube  | [Normal]     | 94%    |   73.0ms | lolol...
[ENTERTAINM] | YouTube  | [Normal]     | 97%    |   75.0ms | pls reply...
[GAMING/GAM] | YouTube  | [Normal]     | 97%    |   90.8ms | MOST PPL DIDNT EVEN NOTICE...
[GAMING/GAM] | YouTube  | [Normal]     | 96%    |   93.3ms | Don't worry bout the title bruh...
[PSYCHOLOGY] | YouTube  | [HATE]       | 69%    |  101.5ms | A man has to permanently kill the b*tch ...
[GAMING/SUR] | YouTube  | [Normal]     | 90%    |   85.4ms | great bounty ayyyyy...
[GAMING/SUR] | YouTube  | [Normal]     | 94%    |   65.7ms | o7...
[PSYCHOLOGY] | YouTube  | [Normal]     | 95%    |   92.6ms | Time for my weekly HG dissection...
[GAMING/GAM] | YouTube  | [Normal]     | 92%    |   82.2ms | Do you still play Ultrakill?...
[GAMING/GAM] | YouTube  | [Normal]     | 95%    |   76.1ms | Hey Mark!!...
[GAMING/GAM] | YouTube  | [Normal]     | 91%    |   66.1ms | MARK FIX YOUR POSTURE...
[GAMING/GAM] | YouTube  | [Normal]     | 97%    |   86.1ms | Welcome New Member!...
[GAMING/GAM] | YouTube  | [Normal]     | 96%    |   82.6ms | Hi Mark  how have you been??...
[ENTERTAINM] | YouTube  | [Normal]     | 98%    |   99.1ms | :face-blue-smiling::face-blue-smiling:...
[ENTERTAINM] | YouTube  | [Normal]     | 94%    |   88.4ms | HAHAHAHAHAHHA...
[GAMING/GAM] | YouTube  | [Normal]     | 95%    |   76.7ms | the light...
[ENTERTAINM] | YouTube  | [Normal]     | 96%    |  188.3ms | :red_heart: From Colombia! Need help wit...
[GAMING/GAM] | YouTube  | [Normal]     | 92%    |  106.5ms | Are you planning to release iron lung ph...
[ENTERTAINM] | YouTube  | [Normal]     | 97%    |   80.8ms | 1k usd yooo...
[GAMING/SUR] | YouTube  | [Normal]     | 86%    |   90.9ms | Forty  second floor is hilarious...
[GAMING/GAM] | YouTube  | [Normal]     | 97%    |  108.0ms | mark is the first person I've joined as ...
[GAMING/GAM] | YouTube  | [Normal]     | 93%    |   81.0ms | bed looked funky but idk...
[ENTERTAINM] | YouTube  | [Normal]     | 94%    |   71.2ms | ggs...
[GAMING/GAM] | YouTube  | [Normal]     | 60%    |   83.1ms | Holy shit here he is...
[GAMING/GAM] | YouTube  | [Normal]     | 95%    |   70.9ms | joined just in time...
[GAMING/GAM] | YouTube  | [Normal]     | 88%    |   73.1ms | Howdy chat...
[ENTERTAINM] | YouTube  | [Normal]     | 95%    |   74.8ms | Please iphone jemmi...
[GAMING/GAM] | YouTube  | [Normal]     | 93%    |   86.5ms | his ego will never recover from this lma...
[ENTERTAINM] | YouTube  | [Normal]     | 94%    |   70.7ms | hi...
[GAMING/GAM] | YouTube  | [Normal]     | 95%    |  111.9ms | HE CLICKED ON THE STAIRS AND DIDNT REPOR...
[ENTERTAINM] | YouTube  | [HATE]       | 44%    |   99.4ms | whyd they remove it? sounds SICK...
[GAMING/GAM] | YouTube  | [Normal]     | 96%    |   74.7ms | LIGHT ON BEACH...
[GAMING/SUR] | YouTube  | [Normal]     | 77%    |  109.2ms | id be more scared to face gingy than the...
[GAMING/GAM] | YouTube  | [Normal]     | 86%    |   84.1ms | the bed!...
[GAMING/GAM] | YouTube  | [Normal]     | 85%    |  104.9ms | the bed?? i swear theres something on th...
[SPORTS/FOO] | YouTube  | [Normal]     | 88%    |   66.1ms | ？...
[GAMING/GAM] | YouTube  | [Normal]     | 79%    |   60.8ms | THE BED...
[GAMING/SUR] | YouTube  | [Normal]     | 97%    |   76.0ms | ayeeee I am...
[GAMING/GAM] | YouTube  | [Normal]     | 95%    |   78.8ms | stair moving basemnt...
[ENTERTAINM] | YouTube  | [Normal]     | 95%    |  133.1ms | :takeout::takeout::hydrate::chillwdog::c...
[GAMING/GAM] | YouTube  | [Normal]     | 94%    |   69.3ms | the staircase...
[GAMING/GAM] | YouTube  | [Normal]     | 94%    |   76.5ms | LMAOOOO...
[GAMING/GAM] | YouTube  | [Normal]     | 96%    |   76.5ms | weren't the lights off in the yard?...
[ENTERTAINM] | YouTube  | [Normal]     | 96%    |  109.8ms | hiiiiiiiiiiiiiiiiiiiiiiiiiiiiiiiiiiiiii ...
[ENTERTAINM] | YouTube  | [Normal]     | 93%    |  110.9ms | :buffering::buffering::buffering::buffer...
[GAMING/GAM] | YouTube  | [Normal]     | 91%    |   77.7ms | FINALLYYYY...
[ENTERTAINM] | YouTube  | [Normal]     | 95%    |   56.7ms | hello...
[PSYCHOLOGY] | YouTube  | [Normal]     | 97%    |   66.8ms | My biggest issue......
[GAMING/GAM] | YouTube  | [Normal]     | 96%    |   68.6ms | hello market place...
[MUSIC/CHIL] | YouTube  | [HATE]       | 78%    |   73.8ms | goat don't survive eid...
[ENTERTAINM] | YouTube  | [Normal]     | 96%    |   68.3ms | hiiiiiiiiiiiiiii...
[GAMING/GAM] | YouTube  | [Normal]     | 73%    |  108.8ms | is it just me or do markiplier and jacks...
[ENTERTAINM] | YouTube  | [Normal]     | 97%    |   81.0ms | hola me saludas por favor soy de México...
[GAMING/GAM] | YouTube  | [Normal]     | 49%    |   83.8ms | dont help him  hes too good at this...
[GAMING/GAM] | YouTube  | [Normal]     | 95%    |   72.7ms | what is this poll...
[GAMING/GAM] | YouTube  | [Normal]     | 94%    |   62.6ms | Hey mark...
[ENTERTAINM] | YouTube  | [Normal]     | 97%    |  101.8ms | :heart_suit::heart_suit::heart_suit:...
[GAMING/GAM] | YouTube  | [Normal]     | 97%    |  150.2ms | Hi mark! This is the first live I’ve cau...
[GAMING/SUR] | YouTube  | [Normal]     | 91%    |   69.0ms | get me in!...
[SELF-HELP/] | YouTube  | [Normal]     | 97%    |   77.2ms | abundance mindset seems important...
[GAMING/GAM] | YouTube  | [Normal]     | 97%    |   72.9ms | fuse box?...
[GAMING/GAM] | YouTube  | [Normal]     | 96%    |   72.9ms | the cone was always there...
[GAMING/GAM] | YouTube  | [Normal]     | 92%    |   74.8ms | BED BED BED BED BED BED BED BED...
[ENTERTAINM] | YouTube  | [Normal]     | 91%    |  100.5ms | Give me shout out guys...
[GAMING/GAM] | YouTube  | [Normal]     | 97%    |  103.5ms | VASE o. stairway...
[GAMING/GAM] | YouTube  | [Normal]     | 98%    |  134.6ms | I heard a bell. Is that supposed to sign...
[GAMING/GAM] | YouTube  | [Normal]     | 92%    |   90.6ms | bed...
[GAMING/GAM] | YouTube  | [Normal]     | 95%    |   99.9ms | The bed Mark  look there...
[GAMING/GAM] | YouTube  | [Normal]     | 96%    |   92.8ms | There’s two bottles?...
[GAMING/GAM] | YouTube  | [Normal]     | 93%    |   87.6ms | bro...
[GAMING/SUR] | YouTube  | [Normal]     | 94%    |  113.2ms | Welyn On...
[GAMING/GAM] | YouTube  | [OFFENSIVE]  | 49%    |   97.4ms | bag haggling on top lighthouse...
[GAMING/GAM] | YouTube  | [Normal]     | 93%    |   86.9ms | yes...
[GAMING/GAM] | YouTube  | [Normal]     | 97%    |  117.3ms | the lantern moved in the bottom of the s...
[SELF-HELP/] | YouTube  | [Normal]     | 63%    |  114.3ms | I’m so glad i don’t hate on anyone thank...
[ENTERTAINM] | YouTube  | [Normal]     | 96%    |   92.8ms | Jimmy can i get an iphone...
[ENTERTAINM] | YouTube  | [Normal]     | 96%    |  166.3ms | :saluting_face::saluting_face::saluting_...
[PSYCHOLOGY] | YouTube  | [Normal]     | 97%    |  113.4ms | I'm aminus...
[ENTERTAINM] | YouTube  | [Normal]     | 98%    |  420.6ms | :hand-pink-waving::person-turqouise-wavi...
[GAMING/GAM] | YouTube  | [Normal]     | 96%    |  188.3ms | hi mark   your a huge inspiration and ha...
[GAMING/SUR] | YouTube  | [Normal]     | 89%    |   98.9ms | Early stream?? Hell yeah bois...
[PSYCHOLOGY] | YouTube  | [Normal]     | 93%    |  103.6ms | Clocked me...
[GAMING/GAM] | YouTube  | [HATE]       | 79%    |   91.0ms | There should only be one bottle outside...
[ENTERTAINM] | YouTube  | [Normal]     | 78%    |  100.3ms | Mr beast you need your own car in forza...
[GAMING/GAM] | YouTube  | [Normal]     | 87%    |   91.6ms | No...
[GAMING/GAM] | YouTube  | [Normal]     | 82%    |   86.8ms | THE RAIL IS BROKE...
[GAMING/GAM] | YouTube  | [Normal]     | 94%    |   87.4ms | OVER THERE MARK...
[GAMING/GAM] | YouTube  | [Normal]     | 97%    |   75.7ms | Iron Lung was AMAZING! Great movie!...
[GAMING/GAM] | YouTube  | [Normal]     | 95%    |   80.4ms | basement left crate missing object...
[ENTERTAINM] | YouTube  | [Normal]     | 94%    |   78.6ms | 1...
[GAMING/SUR] | YouTube  | [Normal]     | 93%    |   81.4ms | go higher...
[GAMING/GAM] | YouTube  | [Normal]     | 93%    |   98.8ms | so white knuckle is the next movie right...
[ENTERTAINM] | YouTube  | [Normal]     | 94%    |   74.5ms | 1...
[ENTERTAINM] | YouTube  | [Normal]     | 94%    |   84.6ms | 1...
[ENTERTAINM] | YouTube  | [Normal]     | 97%    |   96.6ms | What do you support in the 2026 World Cu...
[GAMING/SUR] | YouTube  | [Normal]     | 87%    |   67.3ms | No...
[MUSIC/CHIL] | YouTube  | [Normal]     | 88%    |   82.0ms | fumez...
[MUSIC/CHIL] | YouTube  | [Normal]     | 97%    |   98.0ms | momo :billed_cap::beaming_face_with_smil...
[ENTERTAINM] | YouTube  | [Normal]     | 97%    |   66.9ms | Welcome New Member!...
[GAMING/GAM] | YouTube  | [Normal]     | 97%    |   93.5ms | INTERIOR: lantern movement! STAIRWELL: l...
[GAMING/GAM] | YouTube  | [Normal]     | 96%    |   85.7ms | THE ROPES ARE MOVING!!!...
[SELF-HELP/] | YouTube  | [Normal]     | 76%    |   86.8ms | but you level up...
[PSYCHOLOGY] | YouTube  | [HATE]       | 36%    |  160.6ms | I think the only reason it's equated to ...
[GAMING/ESP] | YouTube  | [Normal]     | 98%    |   90.1ms | :stopwatch-blue-hand-timer:...
[GAMING/GAM] | YouTube  | [Normal]     | 95%    |  113.9ms | Why don't we ever see other blockbusting...
[ENTERTAINM] | YouTube  | [Normal]     | 85%    |   79.5ms | Where are you in the world...
[GAMING/GAM] | YouTube  | [Normal]     | 97%    |  115.9ms | THERES 3 ROPES AT THE BOTTOM OF THE LIGH...
[ENTERTAINM] | YouTube  | [Normal]     | 96%    |   89.7ms | please give 1000000000000 dollar...
[GAMING/GAM] | YouTube  | [Normal]     | 98%    |   72.0ms | extra mouse trap in basement?...
[GAMING/SUR] | YouTube  | [Normal]     | 95%    |  109.0ms | it'll spin toward the wind...
[GAMING/GAM] | YouTube  | [Normal]     | 68%    |   87.9ms | a lighthouse huh...
[GAMING/GAM] | YouTube  | [Normal]     | 88%    |   83.8ms | answer the people paying to speak mark...
[ENTERTAINM] | YouTube  | [Normal]     | 96%    |   76.6ms | i from india...
[GAMING/GAM] | YouTube  | [Normal]     | 96%    |   89.2ms | Will there ever be a Blu-ray release of ...
[PSYCHOLOGY] | YouTube  | [Normal]     | 94%    |   84.9ms | Are there Ex-Somethings in the Anima wor...
[GAMING/GAM] | YouTube  | [Normal]     | 96%    |   71.1ms | :_markiRIP:...
[GAMING/GAM] | YouTube  | [Normal]     | 93%    |   76.3ms | Just got here...
[ENTERTAINM] | YouTube  | [Normal]     | 95%    |   89.1ms | 1111111111111111...
[GAMING/GAM] | YouTube  | [Normal]     | 94%    |   76.6ms | Do hard mode...
[ENTERTAINM] | YouTube  | [Normal]     | 94%    |   98.5ms | yess...
[PSYCHOLOGY] | YouTube  | [Normal]     | 95%    |   88.3ms | I am cold...
[GAMING/GAM] | YouTube  | [Normal]     | 93%    |   99.3ms | n00b hahaha...
[GAMING/GAM] | YouTube  | [Normal]     | 93%    |   93.6ms | L...
[GAMING/GAM] | YouTube  | [Normal]     | 94%    |  116.1ms | the ropes were moving in the basement bu...
[ENTERTAINM] | YouTube  | [Normal]     | 96%    |   82.5ms | pease give me shout out...
[GAMING/GAM] | YouTube  | [Normal]     | 74%    |  102.2ms | NOOOOOOOOOOOOOOOOB...
[GAMING/GAM] | YouTube  | [Normal]     | 95%    |   93.5ms | not a noob lol...
[GAMING/GAM] | YouTube  | [Normal]     | 75%    |   98.4ms | NUH UH...
[ENTERTAINM] | YouTube  | [Normal]     | 94%    |   86.2ms | hi...
[GAMING/GAM] | YouTube  | [Normal]     | 96%    |   97.1ms | see exactly lol...
[GAMING/GAM] | YouTube  | [Normal]     | 96%    |  103.5ms | bro definitely did it on purpose...
[MUSIC/CHIL] | YouTube  | [Normal]     | 97%    |  117.2ms | new job vacancy :face_with_hand_over_mou...
[GAMING/GAM] | YouTube  | [Normal]     | 87%    |  115.1ms | If I just don’t refresh then it’s fine...
[GAMING/GAM] | YouTube  | [Normal]     | 86%    |   99.1ms | “\ö”\...
[MUSIC/CHIL] | YouTube  | [Normal]     | 98%    |  104.8ms | ...:face-turquoise-music-note:...
[GAMING/SUR] | YouTube  | [Normal]     | 93%    |   98.4ms | watching peanut gamble scrap is peak bun...
[ENTERTAINM] | YouTube  | [Normal]     | 97%    |  159.0ms | j'aime tes vidéos...
[PSYCHOLOGY] | YouTube  | [Normal]     | 96%    |   69.1ms | yea...
[GAMING/GAM] | YouTube  | [Normal]     | 93%    |   78.1ms | Meow...
[GAMING/GAM] | YouTube  | [Normal]     | 95%    |   78.3ms | cam mal in cabin...
[ENTERTAINM] | YouTube  | [Normal]     | 97%    |   75.9ms | hi jimmy. I'm From Bangladesh...
[ENTERTAINM] | YouTube  | [Normal]     | 93%    |  164.2ms | congratulations Jimmy for 500M i know yo...
[GAMING/GAM] | YouTube  | [Normal]     | 92%    |   74.0ms | oddverpation moody...
[GAMING/SUR] | YouTube  | [Normal]     | 97%    |   72.4ms | Over 1000 scrap...
[GAMING/GAM] | YouTube  | [Normal]     | 91%    |  127.3ms | if it makes you feel any better  I didn'...
[ENTERTAINM] | YouTube  | [Normal]     | 96%    |   92.9ms | А кто ты такой???...
[ENTERTAINM] | YouTube  | [Normal]     | 96%    |  430.6ms | :partying_face::partying_face::partying_...
[ENTERTAINM] | YouTube  | [Normal]     | 97%    |  155.5ms | Коментарий на русском языке....
[MUSIC/CHIL] | YouTube  | [Normal]     | 97%    |  101.1ms | Vishu new id?...
[GAMING/GAM] | YouTube  | [Normal]     | 93%    |  105.9ms | osberving the dutee :saluting_face:...
[MUSIC/CHIL] | YouTube  | [Normal]     | 96%    |  106.6ms | :smiling_face_with_halo::alien:...
[ENTERTAINM] | YouTube  | [Normal]     | 96%    |   82.8ms | Jimmyyy...
[ENTERTAINM] | YouTube  | [Normal]     | 96%    |   80.7ms | from india...
[NEWS/LIVE ] | YouTube  | [Normal]     | 86%    |  142.1ms | @mikebriganti2187 you are or arent into ...
[ENTERTAINM] | YouTube  | [Normal]     | 93%    |  105.3ms | jimmy  try to watch technoblade vs dream...
[ENTERTAINM] | YouTube  | [Normal]     | 93%    |  106.3ms | muscles glasses...
[GAMING/GAM] | YouTube  | [Normal]     | 98%    |  247.4ms | :face-blue-wide-eyes::face-blue-wide-eye...
[ENTERTAINM] | YouTube  | [Normal]     | 93%    |  122.6ms | I subscribed but you never gave me the c...
[GAMING/SUR] | YouTube  | [Normal]     | 91%    |   87.1ms | use the A...
[GAMING/SUR] | YouTube  | [Normal]     | 93%    |   93.7ms | rip base...
[ENTERTAINM] | YouTube  | [Normal]     | 97%    |  276.7ms | congratulations 500m i wish u rich 1 bil...
[ENTERTAINM] | YouTube  | [Normal]     | 97%    |  167.7ms | Mr. Beast  I am very happy with your suc...
[GAMING/SUR] | YouTube  | [Normal]     | 93%    |   96.8ms | oh my god...
[GAMING/GAM] | YouTube  | [Normal]     | 93%    |  100.3ms | the anomaly were the friends we made alo...
[PSYCHOLOGY] | YouTube  | [Normal]     | 76%    |   95.3ms | what no you dont...
[GAMING/GAM] | YouTube  | [Normal]     | 93%    |   88.9ms | ooo...
[MUSIC/CHIL] | YouTube  | [Normal]     | 98%    |  148.8ms | Women has lot of house works :face_with_...
[ENTERTAINM] | YouTube  | [Normal]     | 95%    |   86.9ms | congratulations...
[ENTERTAINM] | YouTube  | [Normal]     | 95%    |   82.5ms | hiiii...
[GAMING/GAM] | YouTube  | [Normal]     | 97%    |   83.5ms | the map in interior can change...
[ENTERTAINM] | YouTube  | [Normal]     | 90%    |   77.8ms | mr bets...
[ENTERTAINM] | YouTube  | [Normal]     | 79%    |   94.3ms | do you like norway...
[GAMING/GAM] | YouTube  | [Normal]     | 97%    |   83.5ms | Harness  Mark?...
[GAMING/GAM] | YouTube  | [Normal]     | 96%    |   93.3ms | Hi mark...
[GAMING/GAM] | YouTube  | [Normal]     | 94%    |   82.8ms | in om o lee...
[GAMING/GAM] | YouTube  | [Normal]     | 95%    |  107.0ms | LIGHTHOUSE TOP HAS A WEIRD CIRCLE SYMBOL...
[MUSIC/CHIL] | YouTube  | [Normal]     | 95%    |  120.3ms | mohit Vo m sham ko jalati hu dhoop...
[GAMING/GAM] | YouTube  | [Normal]     | 74%    |   96.2ms | peir has a creepo...
[ENTERTAINM] | YouTube  | [Normal]     | 95%    |  101.9ms | halo adakah Indonesia nonton...
[ENTERTAINM] | YouTube  | [Normal]     | 96%    |  106.5ms | 2 680 000...
[MUSIC/CHIL] | YouTube  | [HATE]       | 57%    |  150.2ms | Raggy :clinking_glasses::backhand_index_...
[GAMING/GAM] | YouTube  | [Normal]     | 94%    |  109.9ms | this doesn't look like Silent Hill F :th...
[GAMING/GAM] | YouTube  | [Normal]     | 96%    |  160.4ms | Got to pass on my markiplier tour t shir...
[SPORTS/FOO] | YouTube  | [Normal]     | 94%    |  119.4ms | 일본 좋다~~^^...
[GAMING/GAM] | YouTube  | [Normal]     | 95%    |  109.4ms | mark giving himself eye strain...
[GAMING/GAM] | YouTube  | [Normal]     | 97%    |  105.1ms | CENTER POLE STAIRWELL...
[ENTERTAINM] | YouTube  | [Normal]     | 92%    |   82.8ms | hai...
[GAMING/SUR] | YouTube  | [Normal]     | 62%    |  110.1ms | stop using the mini gun and us AK or M24...
[GAMING/GAM] | YouTube  | [Normal]     | 98%    |  150.9ms | Watched the movie yesterday. it was lite...
[GAMING/GAM] | YouTube  | [Normal]     | 94%    |  103.5ms | Chair!!...
[ENTERTAINM] | YouTube  | [Normal]     | 97%    |  139.4ms | :face-green-smiling::face-green-smiling:...
[ENTERTAINM] | YouTube  | [Normal]     | 96%    |   82.0ms | I'm 13...
[GAMING/GAM] | YouTube  | [Normal]     | 94%    |   95.0ms | camera malfunction in keep?...
[GAMING/GAM] | YouTube  | [Normal]     | 96%    |  109.3ms | THERE'S AND EXTRA GAS CAN IN THE YARD...
[ENTERTAINM] | YouTube  | [Normal]     | 98%    |  224.3ms | siempre participamos con la esperanza de...
[GAMING/GAM] | YouTube  | [Normal]     | 91%    |  106.9ms | I SEE NASA PEEPO...
[GAMING/GAM] | YouTube  | [Normal]     | 94%    |  107.6ms | mark is SO skilled in obversation...
[GAMING/GAM] | YouTube  | [Normal]     | 96%    |  105.8ms | I feel called out...
[GAMING/SUR] | YouTube  | [Normal]     | 97%    |  107.1ms | that was amazing...
[ENTERTAINM] | YouTube  | [Normal]     | 96%    |  104.9ms | السلام عليكم...
[ENTERTAINM] | YouTube  | [Normal]     | 97%    |  104.7ms | i am from india its possible...
[ENTERTAINM] | YouTube  | [Normal]     | 95%    |  128.2ms | been subscribes since mr beast had 30m s...
[MUSIC/CHIL] | YouTube  | [Normal]     | 98%    |  198.5ms | prasa :comet::small_blue_diamond:I'm fin...
[GAMING/SUR] | YouTube  | [Normal]     | 95%    |   97.7ms | 200...
[GAMING/GAM] | YouTube  | [Normal]     | 96%    |  102.2ms | Water?...
[GAMING/GAM] | YouTube  | [Normal]     | 96%    |   87.2ms | hi Mark...
[GAMING/GAM] | YouTube  | [Normal]     | 94%    |  118.0ms | is there not a gltich above the map???...
[GAMING/GAM] | YouTube  | [Normal]     | 85%    |   93.2ms | HEEEEYYY...
[ENTERTAINM] | YouTube  | [Normal]     | 94%    |  123.1ms | Mr beasttttttttttttttttttttttt...
[GAMING/GAM] | YouTube  | [Normal]     | 96%    |  100.3ms | is the poster moved?...
[GAMING/GAM] | YouTube  | [Normal]     | 96%    |  119.0ms | can i have a membershipppppppppp...
[GAMING/GAM] | YouTube  | [Normal]     | 89%    |  133.8ms | MOUSE TRAP IN THE INTERIORRRR MARRKK...
[ENTERTAINM] | YouTube  | [Normal]     | 96%    |   85.2ms | From Bangladesh...
[MUSIC/CHIL] | YouTube  | [Normal]     | 96%    |  106.4ms | :sun_with_face:...
[ENTERTAINM] | YouTube  | [Normal]     | 96%    |  107.8ms | lol...
[PSYCHOLOGY] | YouTube  | [Normal]     | 95%    |   82.9ms | 67...
[GAMING/GAM] | YouTube  | [Normal]     | 97%    |  136.4ms | wasn't the door to the shack with the li...
[GAMING/GAM] | YouTube  | [Normal]     | 93%    |   94.3ms | missing dock pkst...
[ENTERTAINM] | YouTube  | [Normal]     | 94%    |   80.4ms | hi...
[GAMING/GAM] | YouTube  | [Normal]     | 97%    |  106.6ms | little guy by the big light!...
[GAMING/GAM] | YouTube  | [Normal]     | 89%    |   83.0ms | Resident evil 4 Remake...
[ENTERTAINM] | YouTube  | [Normal]     | 91%    |  113.4ms | Hi MrBeast im u fan!!!!!!!...
[ENTERTAINM] | YouTube  | [Normal]     | 88%    |  136.4ms | I know who he is  but dont watch it...
[SELF-HELP/] | YouTube  | [Normal]     | 96%    |  109.9ms | my ego isn't seeking validation  it's se...
[GAMING/GAM] | YouTube  | [Normal]     | 97%    |   88.3ms | Mark looks so cool doing his lifeguard t...
[GAMING/GAM] | YouTube  | [Normal]     | 97%    |   84.9ms | light anomoly in the lantern room...
[GAMING/GAM] | YouTube  | [Normal]     | 93%    |  120.1ms | in the older games I just screenshot the...
[ENTERTAINM] | YouTube  | [Normal]     | 96%    |  100.3ms | big goals...
[ENTERTAINM] | YouTube  | [Normal]     | 95%    |   94.6ms | Hello Jimmi...
[GAMING/GAM] | YouTube  | [Normal]     | 92%    |  186.2ms | :_markiSHAME::_markiSHAME::_markiSHAME::...
[GAMING/GAM] | YouTube  | [Normal]     | 94%    |   78.5ms | Basement...
[ENTERTAINM] | YouTube  | [Normal]     | 93%    |   73.9ms | AA...
[GAMING/ESP] | YouTube  | [Normal]     | 91%    |   83.0ms | Lgd lezzgaw...
[ENTERTAINM] | YouTube  | [Normal]     | 95%    |   72.0ms | hiii...
[ENTERTAINM] | YouTube  | [Normal]     | 97%    |  394.2ms | :beating_heart::beating_heart::beating_h...
[ENTERTAINM] | YouTube  | [Normal]     | 73%    |   85.0ms | 500mil is insane...
[GAMING/GAM] | YouTube  | [Normal]     | 90%    |   64.2ms | abyss...
[GAMING/SUR] | YouTube  | [Normal]     | 96%    |   71.3ms | PEANUT THE DOOR...
[ENTERTAINM] | YouTube  | [Normal]     | 98%    |  329.5ms | :face-red-heart-shape::face-red-heart-sh...
[GAMING/GAM] | YouTube  | [Normal]     | 93%    |   91.1ms | whimsy and JOY...
[PSYCHOLOGY] | YouTube  | [Normal]     | 97%    |   73.9ms | Amen...
[ENTERTAINM] | YouTube  | [Normal]     | 97%    |  291.6ms | MR BEAST:face-purple-crying::face-purple...
[ENTERTAINM] | YouTube  | [Normal]     | 96%    |   83.0ms | New member...
[MUSIC/CHIL] | YouTube  | [Normal]     | 96%    |  130.1ms | :soap::dog2::soap:...
[GAMING/GAM] | YouTube  | [Normal]     | 98%    |  230.2ms | MOVING RED LIGHT ROPE LIGHTHOUSE OUTSIDE...
[GAMING/GAM] | YouTube  | [Normal]     | 96%    |   96.9ms | extra bags...
[GAMING/GAM] | YouTube  | [Normal]     | 56%    |   96.3ms | THE MOST RIGHT ONE IS FAKE...
[ENTERTAINM] | YouTube  | [Normal]     | 94%    |   88.5ms | hi...
[GAMING/GAM] | YouTube  | [Normal]     | 66%    |   93.8ms | you're observing too hard...
[MUSIC/CHIL] | YouTube  | [Normal]     | 98%    |   92.6ms | :text-yellow-goal:...
[GAMING/GAM] | YouTube  | [Normal]     | 95%    |   88.0ms | a whole lot of eyes...
[PSYCHOLOGY] | YouTube  | [Normal]     | 87%    |  165.5ms | is int that good? like you reach to heig...
[GAMING/GAM] | YouTube  | [Normal]     | 90%    |  102.2ms | eye see you...
[SELF-HELP/] | YouTube  | [Normal]     | 66%    |  198.9ms | My actual question is  why do I look at ...
[ENTERTAINM] | YouTube  | [Normal]     | 95%    |   90.5ms | halo...
[GAMING/SUR] | YouTube  | [Normal]     | 95%    |   85.9ms | CHOPPER...
[GAMING/GAM] | YouTube  | [Normal]     | 94%    |   95.6ms | wow a lighthouse...
[ENTERTAINM] | YouTube  | [Normal]     | 95%    |   92.8ms | yooo...
[MUSIC/CHIL] | YouTube  | [Normal]     | 89%    |  115.6ms | milegi toh jealous hogi?...
[GAMING/GAM] | YouTube  | [Normal]     | 95%    |  111.7ms | :person-turqouise-waving:...
[MUSIC/CHIL] | YouTube  | [Normal]     | 97%    |  129.3ms | Malik :clinking_glasses::backhand_index_...
[GAMING/GAM] | YouTube  | [Normal]     | 96%    |  105.5ms | turned into Beetlejuice for a second the...
[GAMING/GAM] | YouTube  | [Normal]     | 93%    |   89.5ms | The fuse is open...
[ENTERTAINM] | YouTube  | [Normal]     | 94%    |   85.3ms | Hi...
[GAMING/GAM] | YouTube  | [Normal]     | 97%    |  229.6ms | I LOVE YOU I LOVE YOU I LOVE YOU I LOVE ...
[MUSIC/CHIL] | YouTube  | [Normal]     | 91%    |   92.2ms | heyh!...
[ENTERTAINM] | YouTube  | [Normal]     | 93%    |   89.3ms | E...
[MUSIC/CHIL] | YouTube  | [Normal]     | 98%    |  113.0ms | :musical_note::fire:...
[ENTERTAINM] | YouTube  | [Normal]     | 96%    |   81.4ms | Salam...
[GAMING/GAM] | YouTube  | [Normal]     | 94%    |   83.9ms | fog...
[GAMING/GAM] | YouTube  | [Normal]     | 94%    |   82.9ms | FOG...
[GAMING/GAM] | YouTube  | [Normal]     | 80%    |   96.7ms | THEY WERE COVERED...
[GAMING/GAM] | YouTube  | [Normal]     | 96%    |  100.9ms | LIGHT TURNED ON OUTSIDE...
[MUSIC/CHIL] | YouTube  | [Normal]     | 97%    |  111.8ms | Blinkittt ejjjjj...
[ENTERTAINM] | YouTube  | [Normal]     | 97%    |  100.2ms | hi bro Congratulations. Iam from Banglad...
[GAMING/GAM] | YouTube  | [Normal]     | 95%    |  116.6ms | In the stairs the red rail next to the r...
[GAMING/GAM] | YouTube  | [Normal]     | 96%    |   93.9ms | Yes play more bolatro...
[GAMING/SUR] | YouTube  | [Normal]     | 92%    |   86.4ms | Raid time...
[ENTERTAINM] | YouTube  | [Normal]     | 90%    |   93.1ms | yoooooo...
[ENTERTAINM] | YouTube  | [Normal]     | 97%    |  235.1ms | hello super Mrbeast  please  Help me buy...
[MUSIC/CHIL] | YouTube  | [Normal]     | 98%    |  102.0ms | :cat-orange-whistling:...
[GAMING/GAM] | YouTube  | [Normal]     | 96%    |   90.4ms | youtuber...
[ENTERTAINM] | YouTube  | [Normal]     | 93%    |   85.2ms | india...
[ENTERTAINM] | YouTube  | [Normal]     | 93%    |   94.3ms | India...
[GAMING/GAM] | YouTube  | [Normal]     | 85%    |   95.9ms | Look at the End of the Bridge...
[ENTERTAINM] | YouTube  | [Normal]     | 83%    |   91.6ms | dang...
[GAMING/GAM] | YouTube  | [Normal]     | 92%    |   90.6ms | Iron lung in Egypt??...
[GAMING/GAM] | YouTube  | [Normal]     | 93%    |  110.8ms | brother the bottle at the pier its by th...
[ENTERTAINM] | YouTube  | [Normal]     | 95%    |   76.5ms | bangladesh...
[SELF-HELP/] | YouTube  | [Normal]     | 94%    |  133.6ms | @laffeybunn8557 bro just take the first ...
[ENTERTAINM] | YouTube  | [Normal]     | 90%    |   87.7ms | England...
[MUSIC/CHIL] | YouTube  | [Normal]     | 79%    |  114.7ms | xit:front_facing_baby_chick:...
[ENTERTAINM] | YouTube  | [Normal]     | 95%    |   84.8ms | indea...
[ENTERTAINM] | YouTube  | [Normal]     | 92%    |   77.8ms | Russia...
[ENTERTAINM] | YouTube  | [Normal]     | 96%    |  109.1ms | Hi mr beast i subcrice for you . Im from...
[SELF-HELP/] | YouTube  | [Normal]     | 55%    |   90.1ms | the key is to be stubborn...
[ENTERTAINM] | YouTube  | [Normal]     | 97%    |   83.2ms | hi :...
[GAMING/SUR] | YouTube  | [Normal]     | 92%    |   84.3ms | Stay...
[ENTERTAINM] | YouTube  | [Normal]     | 94%    |   79.2ms | 1...
[GAMING/GAM] | YouTube  | [Normal]     | 84%    |  107.1ms | I think you might be trippin...
[ENTERTAINM] | YouTube  | [Normal]     | 94%    |   97.6ms | 1...
[ENTERTAINM] | YouTube  | [Normal]     | 96%    |  113.0ms | i am...
[GAMING/SUR] | YouTube  | [Normal]     | 96%    |  132.5ms | Dillon Danis is a black belt under Marce...
[GAMING/GAM] | YouTube  | [Normal]     | 89%    |   93.4ms | You swear ?...
[ENTERTAINM] | YouTube  | [Normal]     | 96%    |   79.6ms | from Indonesia...
[ENTERTAINM] | YouTube  | [Normal]     | 96%    |  100.9ms | :red_heart:...
[GAMING/GAM] | YouTube  | [Normal]     | 97%    |   95.1ms | ah next markiplier hospital trip...
[GAMING/GAM] | YouTube  | [Normal]     | 50%    |  103.2ms | Haha you kinda look like the guy from ir...
[GAMING/GAM] | YouTube  | [Normal]     | 96%    |  100.6ms | just a life preserver on a mountain...
[GAMING/SUR] | YouTube  | [Normal]     | 90%    |  113.6ms | you playing with welyn too broo this is ...
[GAMING/SUR] | YouTube  | [Normal]     | 93%    |   86.1ms | Quick sort...
[GAMING/GAM] | YouTube  | [Normal]     | 96%    |  103.8ms | MARK FOR ALL THATS HOLY FUSE BOX...
[GAMING/SUR] | YouTube  | [Normal]     | 88%    |   87.7ms | Go...
[GAMING/GAM] | YouTube  | [Normal]     | 88%    |   96.2ms | cam anomaly in the yard...
[SELF-HELP/] | YouTube  | [Normal]     | 43%    |  101.5ms | When is it healthy to listen to haters v...
[ENTERTAINM] | YouTube  | [Normal]     | 97%    |  189.0ms | Im from south africa and I love all your...
[GAMING/GAM] | YouTube  | [Normal]     | 91%    |   80.0ms | camera malfunction in the yard...
[GAMING/GAM] | YouTube  | [Normal]     | 93%    |   68.8ms | EXTRA BOTTLE PIER...
[GAMING/GAM] | YouTube  | [Normal]     | 96%    |   64.5ms | OPEN FUSE BOX...
[MUSIC/CHIL] | YouTube  | [Normal]     | 94%    |   98.7ms | kejtiii sis:downcast_face_with_sweat:...
[GAMING/GAM] | YouTube  | [Normal]     | 94%    |   83.3ms | INDTRUde...
[GAMING/GAM] | YouTube  | [Normal]     | 96%    |   68.8ms | lovely friend...
[GAMING/GAM] | YouTube  | [Normal]     | 96%    |   87.9ms | fuse box markimoooooooooooo...
[GAMING/GAM] | YouTube  | [Normal]     | 51%    |   82.2ms | No but they weren't facing each other...
[ENTERTAINM] | YouTube  | [Normal]     | 97%    |   70.0ms | 500 mili...
[GAMING/GAM] | YouTube  | [Normal]     | 94%    |   74.3ms | Light anomaly in the Yard Mark!...
[GAMING/SUR] | YouTube  | [Normal]     | 94%    |  149.8ms | this base designnn dudeee whoo builtt th...
[ENTERTAINM] | YouTube  | [Normal]     | 92%    |   92.3ms | hi mrbeast...
[GAMING/GAM] | YouTube  | [Normal]     | 90%    |  150.2ms | hey Mark  enjoyed Iron Lung! Now that yo...
[GAMING/GAM] | YouTube  | [Normal]     | 94%    |   99.2ms | I SAW IT...
[GAMING/GAM] | YouTube  | [Normal]     | 81%    |  117.9ms | I think malfunction is for when you can'...
[GAMING/GAM] | YouTube  | [Normal]     | 91%    |  104.2ms | CAMERA MALFUNCTION IS WHEN A CAMERA DOES...
[ENTERTAINM] | YouTube  | [Normal]     | 76%    |  228.5ms | :eyes-purple-crying::eyes-purple-crying:...
[MUSIC/CHIL] | YouTube  | [Normal]     | 96%    |  105.5ms | :crown::tropical_drink::moai:...
[ENTERTAINM] | YouTube  | [Normal]     | 97%    |  299.2ms | :red_heart::red_heart::red_heart::red_he...
[GAMING/GAM] | YouTube  | [Normal]     | 96%    |   97.7ms | FUSE BOX OPEN...
[ENTERTAINM] | YouTube  | [Normal]     | 96%    |   86.1ms | New member...
[SELF-HELP/] | YouTube  | [Normal]     | 96%    |  104.2ms | ... Itadori Yuji coded...
[ENTERTAINM] | YouTube  | [Normal]     | 98%    |  153.6ms | :red_heart::red_heart::red_heart::red_he...
[GAMING/GAM] | YouTube  | [Normal]     | 98%    |  110.9ms | HIIII MARKIPLIER :D...
[GAMING/GAM] | YouTube  | [Normal]     | 51%    |   93.5ms | your doomed...
[ENTERTAINM] | YouTube  | [Normal]     | 94%    |   92.8ms | বাংলাদেশ...
[ENTERTAINM] | YouTube  | [Normal]     | 96%    |   77.8ms | hello sir...
[GAMING/GAM] | YouTube  | [Normal]     | 92%    |   90.0ms | bars in starwell...
[ENTERTAINM] | YouTube  | [Normal]     | 96%    |  114.7ms | @MrBeast I LOVE YOU MY BEAST :red_heart:...
[GAMING/GAM] | YouTube  | [Normal]     | 97%    |   93.5ms | The railing moved on the stairs!!...
[GAMING/GAM] | YouTube  | [Normal]     | 97%    |   84.2ms | Hi mark :)...
[GAMING/GAM] | YouTube  | [Normal]     | 97%    |   87.4ms | mark please the fuse boxxx...
[GAMING/GAM] | YouTube  | [Normal]     | 95%    |   80.1ms | Barrels...
[GAMING/GAM] | YouTube  | [Normal]     | 95%    |  107.0ms | WE'RE TRYING OUR BEST :thinking_face:...
[ENTERTAINM] | YouTube  | [Normal]     | 90%    |   76.1ms | english or spanish...
[GAMING/GAM] | YouTube  | [Normal]     | 91%    |   94.1ms | THE GAS CAN IN THE YARD MOVED MARK IT MO...
[ENTERTAINM] | YouTube  | [Normal]     | 95%    |   92.7ms | ask who knows who i am...
[ENTERTAINM] | YouTube  | [Normal]     | 95%    |  109.1ms | en verdad solo sé un poco de English...
[GAMING/GAM] | YouTube  | [Normal]     | 96%    |   94.4ms | There's extra bottles at the dock...
[GAMING/GAM] | YouTube  | [Normal]     | 93%    |   98.5ms | ohhhhh i didnt see that...
[MUSIC/CHIL] | YouTube  | [Normal]     | 95%    |   90.3ms | kya bolu...
[GAMING/GAM] | YouTube  | [Normal]     | 91%    |  117.8ms | extra bottle dock...
[ENTERTAINM] | YouTube  | [Normal]     | 96%    |  102.3ms | всем привет...
[GAMING/GAM] | YouTube  | [Normal]     | 79%    |  112.6ms | YOU COULD TELL CAUSE OF THE HOLES ONTOP ...
[ENTERTAINM] | YouTube  | [Normal]     | 96%    |   75.8ms | New member...
[MUSIC/CHIL] | YouTube  | [Normal]     | 93%    |  136.2ms | Momo:face-turquoise-covering-eyes:chines...
[GAMING/GAM] | YouTube  | [Normal]     | 93%    |  107.9ms | is iron lung going to be on a streaming ...
[GAMING/GAM] | YouTube  | [Normal]     | 91%    |   82.2ms | DOOR YARD...
[GAMING/GAM] | YouTube  | [Normal]     | 91%    |   92.6ms | door yard...
[ENTERTAINM] | YouTube  | [Normal]     | 97%    |   98.0ms | I love you mr best :ok_hand:...
[SELF-HELP/] | YouTube  | [Normal]     | 93%    |   77.3ms | yep...
[GAMING/GAM] | YouTube  | [Normal]     | 93%    |   86.3ms | oh my god...
[ENTERTAINM] | YouTube  | [Normal]     | 97%    |  102.5ms | Ya casi los 500...
[ENTERTAINM] | YouTube  | [Normal]     | 98%    |  201.5ms | :fog::fog::fog::neutral_face::neutral_fa...
[GAMING/SUR] | YouTube  | [Normal]     | 97%    |  184.3ms | Peanut & Starforge PC's are partnered! C...
[GAMING/GAM] | YouTube  | [Normal]     | 97%    |  101.1ms | extra object in lantern !!!...
[ENTERTAINM] | YouTube  | [Normal]     | 94%    |  115.5ms | Mr beast can you give me 5 cents please ...
[GAMING/GAM] | YouTube  | [Normal]     | 93%    |  149.1ms | I saw you discussing it on Distractible!...
[MUSIC/CHIL] | YouTube  | [Normal]     | 97%    |  140.2ms | PRASA sry if i cant comment on that. tak...
[GAMING/SUR] | YouTube  | [Normal]     | 87%    |  181.4ms | :_PeanutJork::_BungusMac::_PeanutJork::_...
[MUSIC/CHIL] | YouTube  | [Normal]     | 95%    |   94.0ms | suz sis......
[ENTERTAINM] | YouTube  | [Normal]     | 91%    |  101.3ms | mr beast...
[ENTERTAINM] | YouTube  | [Normal]     | 97%    |  169.0ms | congratulations 500 million :party_poppe...
[GAMING/GAM] | YouTube  | [Normal]     | 97%    |  109.6ms | Small man top left :grinning_face_with_s...
[GAMING/GAM] | YouTube  | [Normal]     | 91%    |  134.3ms | Mark I missed your movie because of fina...
[ENTERTAINM] | YouTube  | [Normal]     | 96%    |   92.2ms | What is uour next video?...
[GAMING/GAM] | YouTube  | [Normal]     | 96%    |  110.6ms | Just got home from watching Iron Lung. R...
[ENTERTAINM] | YouTube  | [Normal]     | 97%    |  100.9ms | from asia east or west of asia...
[SELF-HELP/] | YouTube  | [Normal]     | 96%    |   95.0ms | lol...
[GAMING/GAM] | YouTube  | [Normal]     | 91%    |  102.0ms | noooo...
[ENTERTAINM] | YouTube  | [Normal]     | 97%    |  220.2ms | :fire: 500 000 000 SUBSCRIBERS!! HISTORY...
[GAMING/GAM] | YouTube  | [Normal]     | 95%    |   81.9ms | Idk chat just said stairwell...
[GAMING/GAM] | YouTube  | [Normal]     | 96%    |   82.4ms | down the spiral area...
[GAMING/GAM] | YouTube  | [Normal]     | 96%    |   92.1ms | WE LOVE YOU MARKK...
[SELF-HELP/] | YouTube  | [Normal]     | 95%    |   99.8ms | Yt better...
[GAMING/GAM] | YouTube  | [Normal]     | 95%    |   85.8ms | DID YOU WATCH SMILING FRIENDS TWIN...
[GAMING/GAM] | YouTube  | [Normal]     | 96%    |  100.8ms | have the stairs in the stairwell always ...
[GAMING/GAM] | YouTube  | [Normal]     | 87%    |   78.4ms | no...
[GAMING/GAM] | YouTube  | [Normal]     | 95%    |   88.8ms | ITS SPINNING...
[ENTERTAINM] | YouTube  | [Normal]     | 94%    |   86.0ms | hi...
[ENTERTAINM] | YouTube  | [Normal]     | 96%    |  108.7ms | FROM  INDIA... INDIA ... INDIA......
[ENTERTAINM] | YouTube  | [Normal]     | 96%    |  100.2ms | vah vah vah...
[MUSIC/CHIL] | YouTube  | [Normal]     | 94%    |   88.4ms | My hand pains now...
[ENTERTAINM] | YouTube  | [Normal]     | 97%    |   86.9ms | LOVE FROM MALAYSIA...
[GAMING/GAM] | YouTube  | [Normal]     | 97%    |   98.1ms | we're all anomalies mark...
[GAMING/GAM] | YouTube  | [Normal]     | 96%    |  107.8ms | the never ending story reference?...
[GAMING/SUR] | YouTube  | [Normal]     | 97%    |  169.1ms | HUTCH is DEEP STATE:card-red-penalty::ca...
[GAMING/SUR] | YouTube  | [HATE]       | 52%    |   73.1ms | RIP BLOW MELON...
[MUSIC/CHIL] | YouTube  | [Normal]     | 97%    |   98.2ms | :face-orange-raised-eyebrow:...
[GAMING/GAM] | YouTube  | [Normal]     | 98%    |   80.9ms | text on the box in interior has changed...
[SELF-HELP/] | YouTube  | [Normal]     | 62%    |   89.4ms | @laffeybunn8557 I'm taking that hate per...
[ENTERTAINM] | YouTube  | [Normal]     | 97%    |  416.4ms | :face-purple-wide-eyes::face-purple-wide...
[GAMING/GAM] | YouTube  | [Normal]     | 91%    |   70.9ms | turn...
[SELF-HELP/] | YouTube  | [Normal]     | 95%    |   72.6ms | we love u dr k...
[ENTERTAINM] | YouTube  | [Normal]     | 84%    |   75.7ms | I don’t have your number...
[GAMING/GAM] | YouTube  | [Normal]     | 94%    |   98.2ms | idk what this game is but have you gotte...
[ENTERTAINM] | YouTube  | [Normal]     | 97%    |   83.9ms | KING OF YOUTUBE...
[GAMING/GAM] | YouTube  | [Normal]     | 96%    |   85.1ms | :_markiSHUSH:...
[ENTERTAINM] | YouTube  | [Normal]     | 93%    |   71.6ms | Malawi...
[GAMING/GAM] | YouTube  | [Normal]     | 96%    |   69.0ms | Mr....
[ENTERTAINM] | YouTube  | [Normal]     | 95%    |   81.6ms | Yo bro big fan give me a grand...
[ENTERTAINM] | YouTube  | [Normal]     | 98%    |  411.8ms | :face-red-heart-shape::face-red-heart-sh...
[GAMING/GAM] | YouTube  | [Normal]     | 97%    |   81.3ms | bottom rope in stairwell moved...
[ENTERTAINM] | YouTube  | [Normal]     | 65%    |  411.7ms | :party_popper::party_popper::party_poppe...
[GAMING/GAM] | YouTube  | [Normal]     | 96%    |   84.7ms | mark please the red broken railing moved...
[ENTERTAINM] | YouTube  | [Normal]     | 96%    |   76.9ms | Where are my messages...
[GAMING/GAM] | YouTube  | [Normal]     | 94%    |   95.1ms | The anomalies are inside us?...
[ENTERTAINM] | YouTube  | [Normal]     | 96%    |   77.7ms | 500 million...
[SELF-HELP/] | YouTube  | [Normal]     | 83%    |  123.2ms | @laffeybunn8557 no man I'm actually curi...
[GAMING/GAM] | YouTube  | [Normal]     | 95%    |   88.4ms | it moved...
[GAMING/GAM] | YouTube  | [Normal]     | 89%    |   96.2ms | Did you get the worm yet?...
[GAMING/GAM] | YouTube  | [Normal]     | 93%    |   96.6ms | was the dust always in the stairwell...
[GAMING/GAM] | YouTube  | [Normal]     | 96%    |  106.7ms | MARK THE BROKEN BAR ON THE STAIR MOVED...
[GAMING/GAM] | YouTube  | [Normal]     | 93%    |  156.1ms | Actually I been inspired and my friend i...
[ENTERTAINM] | YouTube  | [Normal]     | 92%    |  112.4ms | mrbeast...
[ENTERTAINM] | YouTube  | [Normal]     | 91%    |  128.9ms | This will mean that over 6% of the globa...
[GAMING/GAM] | YouTube  | [Normal]     | 81%    |  148.3ms | Railing in the stairwell changed I'm not...
[ENTERTAINM] | YouTube  | [Normal]     | 91%    |   93.0ms | IMAGINE IF U REACH 1B SUBSCRIBERS...
[GAMING/GAM] | YouTube  | [Normal]     | 98%    |   90.6ms | frosted glass again...
[GAMING/SUR] | YouTube  | [Normal]     | 94%    |   88.2ms | Branch out to turrets...
[GAMING/GAM] | YouTube  | [Normal]     | 96%    |  100.6ms | MOVEMENT RAMP !!!!...
[ENTERTAINM] | YouTube  | [Normal]     | 98%    |  129.0ms | :mushroom::mushroom::mushroom::mushroom:...
[ENTERTAINM] | YouTube  | [Normal]     | 97%    |  425.5ms | :red_heart::red_heart::red_heart::red_he...
[GAMING/SUR] | YouTube  | [Normal]     | 75%    |  123.0ms | NOOOOOOOOOOOOOOOOOOOOOOOOOOOOOOO...
[GAMING/GAM] | YouTube  | [Normal]     | 96%    |   89.9ms | can we get more ASMR...
[GAMING/SUR] | YouTube  | [Normal]     | 95%    |  100.4ms | rip big joe rogan...
[ENTERTAINM] | YouTube  | [Normal]     | 98%    |  128.0ms | mine birthday :birthday_cake::birthday_c...
[ENTERTAINM] | YouTube  | [Normal]     | 96%    |   90.6ms | cheese...
[GAMING/GAM] | YouTube  | [Normal]     | 96%    |   98.5ms | its flicking :O...
[GAMING/GAM] | YouTube  | [Normal]     | 94%    |  119.0ms | Mark  the broken railing in stairwell MO...
[GAMING/SUR] | YouTube  | [Normal]     | 91%    |  102.6ms | AAAHHHHHHHHHHHHHH...
[GAMING/SUR] | YouTube  | [Normal]     | 94%    |   86.9ms | 10...
[ENTERTAINM] | YouTube  | [Normal]     | 96%    |  100.7ms | mr list mr list...
[GAMING/SUR] | YouTube  | [Normal]     | 96%    |   93.7ms | 10 on all...
[ENTERTAINM] | YouTube  | [Normal]     | 87%    |   90.1ms | help meeee...
[GAMING/GAM] | YouTube  | [Normal]     | 91%    |  108.7ms | MARK THE GAS CAN MOVED IN THE YARD IM TE...
[ENTERTAINM] | YouTube  | [Normal]     | 95%    |   87.4ms | call of duty...
[GAMING/SUR] | YouTube  | [Normal]     | 95%    |   96.2ms | one branch per turrets...
[ENTERTAINM] | YouTube  | [Normal]     | 94%    |  132.3ms | Are we living in a simulation or is this...
[GAMING/GAM] | YouTube  | [Normal]     | 96%    |  110.6ms | BUCKET OF SAND ON THE LIGHTHOUSE MARK MA...
[ENTERTAINM] | YouTube  | [Normal]     | 97%    |  420.1ms | :finger-red-number-one::finger-red-numbe...
[GAMING/SUR] | YouTube  | [Normal]     | 94%    |   83.9ms | No power out not branch out...
[GAMING/GAM] | YouTube  | [Normal]     | 93%    |   99.0ms | low key tripping  but the pier feels sho...
[GAMING/SUR] | YouTube  | [Normal]     | 95%    |  103.3ms | POWER OUT TO NEXT E BRANCH NOT BRANCH OU...
[SELF-HELP/] | YouTube  | [HATE]       | 80%    |   84.7ms | You're the goat  doc....
[ENTERTAINM] | YouTube  | [Normal]     | 95%    |   73.0ms | wow...
[ENTERTAINM] | YouTube  | [Normal]     | 97%    |  107.8ms | first live video :smiling_face_with_sung...
[PSYCHOLOGY] | YouTube  | [Normal]     | 94%    |   99.5ms | Is this an exposé about me?...
[SELF-HELP/] | YouTube  | [Normal]     | 89%    |   89.0ms | Both...
[GAMING/SUR] | YouTube  | [Normal]     | 89%    |  147.8ms | None of the games you`ve played recently...
[MUSIC/CHIL] | YouTube  | [Normal]     | 93%    |   93.2ms | I'm lovely not Lv :ogre:...
[GAMING/GAM] | YouTube  | [Normal]     | 92%    |   76.5ms | rahhhh...
[GAMING/GAM] | YouTube  | [Normal]     | 96%    |  131.7ms | omg a markimoo stream  go for it yooo  c...
[GAMING/GAM] | YouTube  | [Normal]     | 92%    |   96.6ms | I feel like something is missing on the ...
[ENTERTAINM] | YouTube  | [Normal]     | 94%    |   80.1ms | i love you mrbeast...
[GAMING/SUR] | YouTube  | [Normal]     | 77%    |   82.7ms | GINGY HAS PYTHON...
[ENTERTAINM] | YouTube  | [Normal]     | 96%    |  109.9ms | GIVE US 500 MILLION COOKIE FOR SUBSCRIBI...
[ENTERTAINM] | YouTube  | [Normal]     | 95%    |   99.7ms | Who do you think is going to win the nba...
[GAMING/GAM] | YouTube  | [Normal]     | 93%    |   75.2ms | buey in boat...
[GAMING/GAM] | YouTube  | [Normal]     | 94%    |   67.9ms | FOG YARD...
[GAMING/GAM] | YouTube  | [Normal]     | 91%    |   82.3ms | JESUS THAT ASCARED ME...
[SELF-HELP/] | YouTube  | [Normal]     | 95%    |   83.4ms | to reproduce more...
[SELF-HELP/] | YouTube  | [Normal]     | 46%    |   96.5ms | Because you have to split skill points w...
[GAMING/GAM] | YouTube  | [Normal]     | 97%    |   89.6ms | extra bottle by door on pier...
[ENTERTAINM] | YouTube  | [Normal]     | 98%    |  129.0ms | :hand-pink-waving::hand-pink-waving::han...
[SELF-HELP/] | YouTube  | [Normal]     | 81%    |   97.8ms | because it make us disfunctional...
[PSYCHOLOGY] | YouTube  | [Normal]     | 97%    |   77.8ms | yup lol...
[ENTERTAINM] | YouTube  | [Normal]     | 91%    |   82.0ms | W...
[ENTERTAINM] | YouTube  | [Normal]     | 96%    |  260.3ms | :soccer_ball::soccer_ball::soccer_ball::...
[GAMING/GAM] | YouTube  | [Normal]     | 98%    |   96.1ms | frosted glass again...
[GAMING/SUR] | YouTube  | [Normal]     | 96%    |   84.7ms | line of fire with the roof...
[ENTERTAINM] | YouTube  | [Normal]     | 97%    |   92.8ms | 5000 dollar help me :folded_hands::folde...
[PSYCHOLOGY] | YouTube  | [Normal]     | 93%    |   57.3ms | smart...
[ENTERTAINM] | YouTube  | [Normal]     | 97%    |   67.4ms | مستر بيست...
[ENTERTAINM] | YouTube  | [Normal]     | 94%    |   71.3ms | 66666666666666666...
[GAMING/SUR] | YouTube  | [Normal]     | 75%    |   51.4ms | ya...
[ENTERTAINM] | YouTube  | [Normal]     | 92%    |  199.4ms | how are you doing:elbowbump::elbowbump::...
[GAMING/GAM] | YouTube  | [Normal]     | 95%    |   74.2ms | smoke in yard by house mark!!!...
[GAMING/GAM] | YouTube  | [Normal]     | 97%    |   57.3ms | ATTACK ON TITAN...
[ENTERTAINM] | YouTube  | [Normal]     | 94%    |   54.2ms | hi...
[GAMING/GAM] | YouTube  | [Normal]     | 93%    |   81.0ms | THEY ADDED CAPTCHAS TO THE ANOMALY SERVI...
[GAMING/GAM] | YouTube  | [Normal]     | 64%    |   51.7ms | zombies...
[SELF-HELP/] | YouTube  | [Normal]     | 95%    |   65.3ms | like being left handed :0...
[GAMING/GAM] | YouTube  | [Normal]     | 78%    |   86.5ms | THE SAPCE ON THAT RAILING WAS UPPER SIDE...
[ENTERTAINM] | YouTube  | [Normal]     | 93%    |   56.8ms | HELLO MR BEAST...
[GAMING/GAM] | YouTube  | [Normal]     | 95%    |   79.3ms | I saw Iron Lung recently  amazing job  i...
[GAMING/GAM] | YouTube  | [Normal]     | 96%    |  104.8ms | THE RAILING MOVED!!!!!!!!!!!!!!!!!!...
[GAMING/GAM] | YouTube  | [Normal]     | 61%    |   71.5ms | theres a person on the bed!...
[GAMING/GAM] | YouTube  | [Normal]     | 83%    |   73.0ms | THE PICTURE ABOVE THE BED KEEPS GLITCHIN...
[MUSIC/CHIL] | YouTube  | [Normal]     | 83%    |   70.9ms | Itssa good protest...
[ENTERTAINM] | YouTube  | [Normal]     | 96%    |   61.6ms | love you...
[GAMING/GAM] | YouTube  | [Normal]     | 94%    |   60.2ms | YUHHH...
[GAMING/GAM] | YouTube  | [Normal]     | 93%    |   74.1ms | gg...
[ENTERTAINM] | YouTube  | [Normal]     | 86%    |   68.2ms | Yo...
[GAMING/GAM] | YouTube  | [Normal]     | 93%    |   66.2ms | YAYY...
[ENTERTAINM] | YouTube  | [Normal]     | 64%    |   93.6ms | I think your incoming subs are higher th...
[ENTERTAINM] | YouTube  | [Normal]     | 97%    |   68.2ms | I am from India...
[PSYCHOLOGY] | YouTube  | [Normal]     | 93%    |   70.1ms | LFG Jung talk!...
[NEWS/LIVE ] | YouTube  | [Normal]     | 95%    |   75.0ms | *Checks telegram* Yes :neutral_face:...
[ENTERTAINM] | YouTube  | [Normal]     | 97%    |  161.2ms | Congratulations MrBeast on almost reachi...
[PSYCHOLOGY] | YouTube  | [Normal]     | 69%    |   96.4ms | if i goon like some times and talk to gi...
[GAMING/GAM] | YouTube  | [Normal]     | 89%    |   83.6ms | IM GOING TO SEE IRON LUNG IN AN HOUR!!...
[GAMING/GAM] | YouTube  | [OFFENSIVE]  | 75%    |   64.8ms | lets goooo!!!...
[GAMING/GAM] | YouTube  | [Normal]     | 96%    |   79.7ms | when is it coming to BRAZIL?????...
[ENTERTAINM] | YouTube  | [Normal]     | 94%    |   74.9ms | congrats   well deserved...
[GAMING/GAM] | YouTube  | [Normal]     | 94%    |   90.1ms | YEAAAAHHHH...
[ENTERTAINM] | YouTube  | [Normal]     | 95%    |   68.8ms | :shushing_face:...
[ENTERTAINM] | YouTube  | [Normal]     | 96%    |   66.6ms | Hiiiiii...
[GAMING/SUR] | YouTube  | [Normal]     | 95%    |   88.1ms | Bro it’s day 2!!!!...
[SELF-HELP/] | YouTube  | [Normal]     | 41%    |  120.5ms | I've been told I have high emotional int...
[GAMING/GAM] | YouTube  | [Normal]     | 96%    |   81.2ms | I MADE FANART!...
[GAMING/GAM] | YouTube  | [Normal]     | 97%    |   84.6ms | is it going to be released on any stream...
[GAMING/GAM] | YouTube  | [Normal]     | 51%    |   79.1ms | SO glad you beat out that dumb Melania m...
[ENTERTAINM] | YouTube  | [Normal]     | 96%    |   60.1ms | New member...
[ENTERTAINM] | YouTube  | [Normal]     | 96%    |   56.8ms | BIG FAN...
[GAMING/GAM] | YouTube  | [Normal]     | 91%    |   75.9ms | hot topic has iron lung tshirts...
[ENTERTAINM] | YouTube  | [Normal]     | 91%    |   55.7ms | W...
[ENTERTAINM] | YouTube  | [Normal]     | 94%    |   57.2ms | hi bro...
[SELF-HELP/] | YouTube  | [Normal]     | 78%    |   89.3ms | 2 loans on a house and having 5 houses w...
[GAMING/GAM] | YouTube  | [Normal]     | 94%    |   80.3ms | IM WATCHING IT TOMORROW !!!!!!!...
[ENTERTAINM] | YouTube  | [Normal]     | 90%    |   68.9ms | yoooooo...
[GAMING/GAM] | YouTube  | [Normal]     | 92%    |   69.9ms | thank you for the portugal oones...
[ENTERTAINM] | YouTube  | [Normal]     | 97%    |   70.2ms | I love you MR.Beast...
[ENTERTAINM] | YouTube  | [Normal]     | 84%    |   85.6ms | BEAST IS IT POSSIBLE FOR YOU TO GIVE ME ...
[GAMING/GAM] | YouTube  | [Normal]     | 95%    |   76.5ms | watched it like an hour ago...
[PSYCHOLOGY] | YouTube  | [Normal]     | 80%    |   98.9ms | Dating is so overrated...
[GAMING/GAM] | YouTube  | [Normal]     | 98%    |   78.6ms | :popcorn-yellow-striped-smile:...
[GAMING/GAM] | YouTube  | [Normal]     | 97%    |   64.5ms | Welcome New Member!...
[ENTERTAINM] | YouTube  | [Normal]     | 90%    |   58.2ms | labdbdh...
[ENTERTAINM] | YouTube  | [Normal]     | 94%    |   53.3ms | Hi...
[ENTERTAINM] | YouTube  | [Normal]     | 94%    |   55.9ms | hi...
[GAMING/GAM] | YouTube  | [Normal]     | 90%    |   71.0ms | All the fan art is SOOO COOOOL...
[GAMING/SUR] | YouTube  | [Normal]     | 94%    |   88.8ms | at this rate of electrical engineering w...
[ENTERTAINM] | YouTube  | [Normal]     | 95%    |   70.3ms | you like Armeniaa???...
[ENTERTAINM] | YouTube  | [Normal]     | 98%    |  104.6ms | GOOD EVENING BRO :face_blowing_a_kiss::s...
[GAMING/GAM] | YouTube  | [Normal]     | 96%    |   56.3ms | lol...
[PSYCHOLOGY] | YouTube  | [Normal]     | 96%    |   68.7ms | harem arc...
[GAMING/GAM] | YouTube  | [Normal]     | 83%    |   81.2ms | The Iron Lung guy!...
[GAMING/GAM] | YouTube  | [Normal]     | 97%    |   87.9ms | Just watched The movie and it was based ...
[GAMING/SUR] | YouTube  | [Normal]     | 92%    |   72.3ms | WHY DIDNT HE JUST DISC IT LOL...
[ENTERTAINM] | YouTube  | [Normal]     | 97%    |  135.3ms | 500m special king been an og for an long...
[ENTERTAINM] | YouTube  | [Normal]     | 95%    |   56.1ms | hiiii...
[GAMING/SUR] | YouTube  | [Normal]     | 91%    |   85.0ms | :_Zing::_Zing::_Zing:...
[GAMING/GAM] | YouTube  | [Normal]     | 94%    |   52.0ms | Hey mark...
[GAMING/GAM] | YouTube  | [Normal]     | 97%    |   95.1ms | my friend and i are seeing it again toni...
[PSYCHOLOGY] | YouTube  | [Normal]     | 94%    |   58.2ms | reincarnation anime...
[ENTERTAINM] | YouTube  | [Normal]     | 96%    |   52.0ms | New member...
[GAMING/GAM] | YouTube  | [Normal]     | 94%    |   93.3ms | I hope we get merch! Though I love all t...
[ENTERTAINM] | YouTube  | [Normal]     | 93%    |   58.2ms | india...
[MUSIC/CHIL] | YouTube  | [Normal]     | 95%    |   54.6ms | Fact*...
[GAMING/SUR] | YouTube  | [Normal]     | 96%    |   54.8ms | LOL...
[ENTERTAINM] | YouTube  | [Normal]     | 94%    |   58.5ms | Salut Jimi...
[GAMING/GAM] | YouTube  | [Normal]     | 84%    |   54.6ms | Nooo...
[ENTERTAINM] | YouTube  | [Normal]     | 97%    |   79.0ms | shout-out...
[GAMING/GAM] | YouTube  | [Normal]     | 96%    |   86.2ms | Feet in business class oof!...
[PSYCHOLOGY] | YouTube  | [Normal]     | 97%    |   86.2ms | anime reconnects us to our anima?...
[GAMING/GAM] | YouTube  | [Normal]     | 98%    |   63.9ms | Terminal map from MW2...
[ENTERTAINM] | YouTube  | [Normal]     | 97%    |  107.7ms | My Kid is a HUGE FAN. He woke up just to...
[GAMING/GAM] | YouTube  | [Normal]     | 93%    |   89.8ms | I bet the schematics on the left in the ...
[GAMING/GAM] | YouTube  | [Normal]     | 80%    |   92.2ms | there's a guy in the top left who's look...
[GAMING/GAM] | YouTube  | [Normal]     | 96%    |   74.0ms | Theres one in the bottom corner its a pi...
[ENTERTAINM] | YouTube  | [Normal]     | 94%    |   64.1ms | Nintendo switch 2 plsssss...
[GAMING/SUR] | YouTube  | [Normal]     | 96%    |   56.5ms | lol!...
[GAMING/SUR] | YouTube  | [Normal]     | 90%    |   55.1ms | Hahaha...
[ENTERTAINM] | YouTube  | [Normal]     | 95%    |   56.2ms | Congrats Jimmy...
[ENTERTAINM] | YouTube  | [Normal]     | 97%    |  345.8ms | HI HI:face-purple-crying::face-purple-cr...
[GAMING/GAM] | YouTube  | [Normal]     | 90%    |   60.3ms | Look at the window for gate...
[GAMING/GAM] | YouTube  | [Normal]     | 96%    |   83.7ms | there's only 4 trays down on business cl...
[LIFESTYLE/] | YouTube  | [Normal]     | 97%    |  100.0ms | Parlez en Anglais  s'il vous plait  plea...
[ENTERTAINM] | YouTube  | [Normal]     | 96%    |   65.1ms | مشاء الله...
[GAMING/GAM] | YouTube  | [Normal]     | 97%    |   59.0ms | Hello mark great movie btw...
[ENTERTAINM] | YouTube  | [Normal]     | 95%    |   49.1ms | Bangladesh...
[GAMING/GAM] | YouTube  | [Normal]     | 86%    |   48.9ms | banana...
[ENTERTAINM] | YouTube  | [Normal]     | 95%    |   47.9ms | 67...
[GAMING/GAM] | YouTube  | [Normal]     | 97%    |   61.2ms | Plant at the gates?...
[GAMING/GAM] | YouTube  | [Normal]     | 88%    |   61.8ms | Something in Toilet as well...
[GAMING/GAM] | YouTube  | [Normal]     | 83%    |   68.0ms | There's an intruder in the top left corn...
[GAMING/GAM] | YouTube  | [Normal]     | 97%    |   62.4ms | jacket in cockpit...
[GAMING/GAM] | YouTube  | [Normal]     | 84%    |   61.7ms | Toilet!!!!...
[GAMING/GAM] | YouTube  | [Normal]     | 87%    |   46.7ms | BANNED...
[GAMING/SUR] | YouTube  | [Normal]     | 89%    |   68.6ms | @traviii420 such a bad game...
[SELF-HELP/] | YouTube  | [Normal]     | 95%    |   58.8ms | true this sounds like intp...
[GAMING/GAM] | YouTube  | [Normal]     | 97%    |   59.2ms | king mark!!!!...
[GAMING/SUR] | YouTube  | [Normal]     | 94%    |   54.5ms | need auto sort...
[ENTERTAINM] | YouTube  | [Normal]     | 92%    |   54.8ms | remove slow mode...
[GAMING/GAM] | YouTube  | [Normal]     | 96%    |   62.0ms | RED MUG IN COCKPIT...
[ENTERTAINM] | YouTube  | [Normal]     | 98%    |   87.5ms | :clapping_hands::clapping_hands::clappin...
[MUSIC/CHIL] | YouTube  | [HATE]       | 62%    |  118.5ms | No fights no friend neutral Raggy today ...
[ENTERTAINM] | YouTube  | [Normal]     | 93%    |   63.2ms | do you watch world cup...
[GAMING/GAM] | YouTube  | [Normal]     | 97%    |   53.3ms | Flight board...
[ENTERTAINM] | YouTube  | [Normal]     | 98%    |  242.7ms | :eyes-pink-heart-shape::eyes-pink-heart-...
[GAMING/GAM] | YouTube  | [Normal]     | 96%    |   64.8ms | object movement on food cart  bottle rot...
[GAMING/GAM] | YouTube  | [OFFENSIVE]  | 86%    |   54.9ms | helllooo...
[GAMING/SUR] | YouTube  | [Normal]     | 92%    |   47.2ms | EAT...
[GAMING/GAM] | YouTube  | [Normal]     | 93%    |   85.9ms | I feel you  Mark helps me with my autism...
[GAMING/GAM] | YouTube  | [Normal]     | 94%    |  123.6ms | the dude at the window just begging to b...
[GAMING/GAM] | YouTube  | [Normal]     | 84%    |   58.3ms | cabinet in economy is too wide...
[GAMING/GAM] | YouTube  | [Normal]     | 96%    |   49.4ms | LOL...
[GAMING/GAM] | YouTube  | [Normal]     | 97%    |   64.4ms | looks like extra object in cockpit??...
[ENTERTAINM] | YouTube  | [Normal]     | 86%    |   46.1ms | yo...
[GAMING/GAM] | YouTube  | [Normal]     | 83%    |   67.9ms | let's eat 'em just to be sure...
[MUSIC/CHIL] | YouTube  | [Normal]     | 92%    |   54.7ms | She is gem...
[GAMING/SUR] | YouTube  | [Normal]     | 93%    |   56.0ms | Check the entry room...
[ENTERTAINM] | YouTube  | [Normal]     | 96%    |  107.2ms | Can I promote you?:winking_face_with_ton...
[GAMING/SUR] | YouTube  | [Normal]     | 93%    |   58.9ms | Hes on his way back...
[GAMING/GAM] | YouTube  | [Normal]     | 97%    |   55.8ms | Welcome New Member!...
[GAMING/GAM] | YouTube  | [Normal]     | 97%    |   55.5ms | BANANA NEAR RED CUP...
[ENTERTAINM] | YouTube  | [Normal]     | 93%    |  139.1ms | :elbowcough::elbowcough::elbowcough::elb...
[GAMING/GAM] | YouTube  | [Normal]     | 85%    |   47.2ms | Lies...
[GAMING/GAM] | YouTube  | [Normal]     | 96%    |   50.3ms | doom?...
[GAMING/GAM] | YouTube  | [Normal]     | 98%    |   89.7ms | can I eat the banana and old coffee :fac...
[ENTERTAINM] | YouTube  | [Normal]     | 94%    |   63.6ms | can I get a shout pls...
[ENTERTAINM] | YouTube  | [Normal]     | 97%    |  115.2ms | My first video I ever saw was microwavin...
[ENTERTAINM] | YouTube  | [Normal]     | 96%    |   63.7ms | Jimmy your YouTube journey Is my Inspira...
[GAMING/GAM] | YouTube  | [Normal]     | 92%    |   70.8ms | NEVER SEEN A TOILET WITH A WINDOW! LOL...
[SELF-HELP/] | YouTube  | [Normal]     | 84%    |   69.8ms | dangit microslop!...
[GAMING/GAM] | YouTube  | [Normal]     | 96%    |   58.7ms | door opened in business...
[ENTERTAINM] | YouTube  | [Normal]     | 95%    |   65.1ms | say 500m times "subscribe"...
[GAMING/SUR] | YouTube  | [Normal]     | 85%    |   87.3ms | As long as it’s not the door codes too. ...
[GAMING/GAM] | YouTube  | [Normal]     | 88%    |   70.5ms | world renowned director on the top left...
[GAMING/GAM] | YouTube  | [Normal]     | 95%    |   64.6ms | was iron lung number one!@...
[GAMING/GAM] | YouTube  | [Normal]     | 96%    |   70.0ms | magazine cover change in the bathroom???...
[ENTERTAINM] | YouTube  | [Normal]     | 92%    |   73.9ms | Thinking that to him it’s ONLY 30 thousa...
[GAMING/GAM] | YouTube  | [Normal]     | 96%    |   56.1ms | RAT IN B CLASS...
[ENTERTAINM] | YouTube  | [Normal]     | 86%    |   62.1ms | let go mrbeast...
[GAMING/GAM] | YouTube  | [Normal]     | 98%    |   54.7ms | cockpit red cup...
[MUSIC/CHIL] | YouTube  | [Normal]     | 96%    |   55.4ms | aha Hello beta...
[GAMING/SUR] | YouTube  | [Normal]     | 95%    |   65.6ms | you got another burger the same day?...
[GAMING/GAM] | YouTube  | [Normal]     | 96%    |   61.1ms | Duplicate Departure Sign in Terminal...
[ENTERTAINM] | YouTube  | [Normal]     | 97%    |   55.5ms | next video topic?...
[ENTERTAINM] | YouTube  | [OFFENSIVE]  | 60%    |   61.1ms | LET'S GOOOO...
[ENTERTAINM] | YouTube  | [Normal]     | 97%    |  179.0ms | :soccer_ball::soccer_ball::soccer_ball::...
[GAMING/SUR] | YouTube  | [Normal]     | 91%    |   65.3ms | GIVE ME THE SECOND BUG MAC PEANUT...
[GAMING/GAM] | YouTube  | [Normal]     | 97%    |   73.9ms | overhead bin doors? were there always th...
[GAMING/SUR] | YouTube  | [Normal]     | 94%    |   47.8ms | 13...
[GAMING/SUR] | YouTube  | [Normal]     | 96%    |   64.0ms | Peanut *rolls to the door*...
[GAMING/GAM] | YouTube  | [Normal]     | 92%    |   83.5ms | I was gonna call the poster out in busin...
[GAMING/GAM] | YouTube  | [Normal]     | 97%    |   54.1ms | I have returned...
[GAMING/ESP] | YouTube  | [Normal]     | 95%    |   54.7ms | Meepo...
[GAMING/TOU] | Twitch   | [Normal]     | 97%    |   78.3ms | trulex x chic0 che duo...
[GAMING/TOU] | Twitch   | [Normal]     | 98%    |   76.9ms | 203 sono in?...
[GAMING/TOU] | Twitch   | [Normal]     | 96%    |   81.5ms | 183 è qual o stai scherzando @ù...
[VALORANT/G] | Twitch   | [Normal]     | 95%    |   50.3ms | !score...
[VALORANT/G] | Twitch   | [Normal]     | 92%    |   55.4ms | NICEEEEE...
[RELATIONSH] | Twitch   | [Normal]     | 92%    |   74.3ms | TwitchConHYPE TwitchConHYPE TwitchConHYP...
[VALORANT/G] | Twitch   | [Normal]     | 83%    |   56.0ms | DinoDance DinoDance...
[VALORANT/G] | Twitch   | [Normal]     | 89%    |   63.4ms | @brokenshep probably xd...
[RELATIONSH] | Twitch   | [OFFENSIVE]  | 79%    |   67.8ms | can't shit talk about tech it was good...
[VALORANT/G] | Twitch   | [Normal]     | 97%    |   78.5ms | at least I get zmjKK auto tmrw...
[RELATIONSH] | Twitch   | [Normal]     | 93%    |   46.6ms | YEP...
[RELATIONSH] | Twitch   | [Normal]     | 91%    |   55.6ms | a little bit yeah...
[RELATIONSH] | Twitch   | [Normal]     | 97%    |  296.3ms | TriHard  FBCatch HolidayPresent ANY GIFT...
[VALORANT/G] | Twitch   | [Normal]     | 94%    |   50.2ms | bruh...
[VALORANT/G] | Twitch   | [Normal]     | 92%    |   65.1ms | @arsboiz nah really bro?...
[RELATIONSH] | Twitch   | [Normal]     | 93%    |   53.6ms | OOOO...
[RELATIONSH] | Twitch   | [Normal]     | 72%    |   58.2ms | damn he still does the dance...
[RELATIONSH] | Twitch   | [Normal]     | 92%    |   72.8ms | TwitchConHYPE TwitchConHYPE TwitchConHYP...
[RELATIONSH] | Twitch   | [Normal]     | 93%    |   48.9ms | Jammies...
[RELATIONSH] | Twitch   | [Normal]     | 90%    |   46.4ms | 👀...
[RELATIONSH] | Twitch   | [Normal]     | 94%    |   46.4ms | om...
[RELATIONSH] | Twitch   | [Normal]     | 94%    |   71.8ms | PogO i know what Nick's thinking...
[RELATIONSH] | Twitch   | [Normal]     | 94%    |   48.3ms | om...
[RELATIONSH] | Twitch   | [Normal]     | 90%    |   48.7ms | W answer...
[RELATIONSH] | Twitch   | [Normal]     | 94%    |   50.4ms | o7...
[RELATIONSH] | Twitch   | [Normal]     | 95%    |   60.5ms | monkaLaugh uhoh...
[RELATIONSH] | Twitch   | [Normal]     | 91%    |   48.3ms | Caught...
[RELATIONSH] | Twitch   | [Normal]     | 96%    |   53.9ms | EZ saved...
[RELATIONSH] | Twitch   | [Normal]     | 97%    |  116.7ms | @blingximus I judge solely by Dean's sta...
[RELATIONSH] | Twitch   | [Normal]     | 90%    |   64.1ms | STAND ON TEN TOES AND TELL HER ARTHUR...
[RELATIONSH] | Twitch   | [Normal]     | 93%    |   54.6ms | GG BRO...
[ENTERTAINM] | Twitch   | [Normal]     | 90%    |   55.9ms | whahaha...
[RELATIONSH] | Twitch   | [Normal]     | 93%    |   49.5ms | OMG...
[RELATIONSH] | Twitch   | [Normal]     | 93%    |   49.1ms | LO...
[RELATIONSH] | Twitch   | [Normal]     | 96%    |   55.8ms | LMAO...
[ENTERTAINM] | Twitch   | [Normal]     | 96%    |   49.3ms | LUL...
[RELATIONSH] | Twitch   | [Normal]     | 92%    |   63.4ms | HAHAHAHAH...
[RELATIONSH] | Twitch   | [Normal]     | 94%    |   47.5ms | om...
[RELATIONSH] | Twitch   | [Normal]     | 95%    |   47.9ms | Saved...
[ENTERTAINM] | Twitch   | [Normal]     | 96%    |   58.7ms | +1 BEER = +aura...
[RELATIONSH] | Twitch   | [Normal]     | 57%    |   77.4ms | arthur is an idiot.. the questions had w...
[RELATIONSH] | Twitch   | [Normal]     | 94%    |   50.9ms | o7...
[RELATIONSH] | Twitch   | [Normal]     | 95%    |   48.5ms | drama...
[RELATIONSH] | Twitch   | [Normal]     | 83%    |   49.1ms | man child...
[RELATIONSH] | Twitch   | [Normal]     | 94%    |   49.9ms | SipTime...
[RELATIONSH] | Twitch   | [Normal]     | 94%    |   46.5ms | om ͏...
[RELATIONSH] | Twitch   | [Normal]     | 64%    |   64.4ms | Stop him!!!!!!...
[RELATIONSH] | Twitch   | [Normal]     | 93%    |   49.8ms | SAVE HIM...
[RELATIONSH] | Twitch   | [Normal]     | 97%    |   72.5ms | Classic BRO HASN'T LEARNED FROM LAST TIM...
[ENTERTAINM] | Twitch   | [Normal]     | 57%    |   54.7ms | lets gooo...
[RELATIONSH] | Twitch   | [Normal]     | 95%    |   50.9ms | BASED...
[LIFESTYLE/] | Twitch   | [Normal]     | 97%    |  129.2ms | @DraculaEST The inn  where Ruth Wakefiel...
[RELATIONSH] | Twitch   | [Normal]     | 97%    |   55.1ms | oop-...
[ENTERTAINM] | Twitch   | [Normal]     | 96%    |   64.9ms | Lying plus speaking different language i...
[RELATIONSH] | Twitch   | [Normal]     | 95%    |   60.3ms | o7 arthur...
[LEGO/UPDAT] | Twitch   | [Normal]     | 91%    |   47.8ms | HA...
[RELATIONSH] | Twitch   | [Normal]     | 92%    |   49.5ms | OH SHI...
[LEGO/UPDAT] | Twitch   | [Normal]     | 87%    |   59.7ms | kitchen is manky  other way...
[RELATIONSH] | Twitch   | [Normal]     | 93%    |   49.8ms | gg...
[RELATIONSH] | Twitch   | [Normal]     | 97%    |   58.5ms | o7 he's cooked...
[RELATIONSH] | Twitch   | [Normal]     | 94%    |   47.3ms | true...
