---- STARTING OMNI-PROCESSOR ----
-> Connected to Elasticsearch at http://172.16.10.94:9200 | Index: perf_20261002-135013_clu_vm24_onenode_r1
-> Loading model from /home/ubuntu/hsp/src/../models/bert_final on cpu...
-> BERT Model Loaded successfully.
-> Benchmark log: /home/ubuntu/hsp/reports/scaling/20261002-135013_clu_vm24_onenode_r1/bench_vm2_3.csv | node vm2 | group g_20261002-135013_clu_vm24_onenode_r1
------------------------------------------------------------------------------------------------------------------------
DOMAIN       | SOURCE   | PREDICTION   | CONF.  | LATENCY  | TEXT
------------------------------------------------------------------------------------------------------------------------
[NEWS/LIVE ] | YouTube  | [Normal]     | 95%    |  107.6ms | I mistyped because I have BIG hands lol...
[SELF-HELP/] | YouTube  | [Normal]     | 97%    |   82.6ms | I'm on a plane...
[NEWS/LIVE ] | YouTube  | [Normal]     | 94%    |   97.7ms | so the best thing is the worst? hmm:cat-...
[GAMING/SUR] | YouTube  | [Normal]     | 86%    |   78.9ms | Yo...
[GAMING/SUR] | YouTube  | [Normal]     | 93%    |   76.8ms | LETS GO!!!...
[GAMING/SUR] | YouTube  | [Normal]     | 96%    |  179.4ms | :thumbs_up::thumbs_up::thumbs_up::thumbs...
[GAMING/SUR] | YouTube  | [Normal]     | 90%    |   84.1ms | why are you all so early?...
[MUSIC/CHIL] | YouTube  | [Normal]     | 97%    |  138.4ms | shivu apun k papa mujko wada ki h shivu ...
[GAMING/SUR] | YouTube  | [Normal]     | 93%    |  305.7ms | :elbowcough::elbowcough::elbowcough::elb...
[SELF-HELP/] | YouTube  | [Normal]     | 94%    |   71.2ms | domestic flight ye...
[GAMING/SUR] | YouTube  | [Normal]     | 96%    |   63.9ms | Happy birthday peanut...
[GAMING/SUR] | YouTube  | [HATE]       | 52%    |  217.2ms | PEANUTS STREAMINGGGGGG:face-fuchsia-tong...
[GAMING/SUR] | YouTube  | [Normal]     | 97%    |   75.5ms | Happy birthday Peanut!!!!...
[GAMING/SUR] | YouTube  | [Normal]     | 94%    |  130.7ms | :ok_hand::ok_hand::ok_hand::thumbs_up::t...
[GAMING/SUR] | YouTube  | [Normal]     | 98%    |  116.4ms | :peanuts::peanuts::peanuts::peanuts::pea...
[GAMING/SUR] | YouTube  | [Normal]     | 96%    |   61.1ms | Great song...
[PSYCHOLOGY] | YouTube  | [Normal]     | 88%    |   70.3ms | Woo...
[MUSIC/CHIL] | YouTube  | [Normal]     | 98%    |  144.9ms | muje tu bhi kabhi kabhi lgta pgl ashiqq ...
[GAMING/SUR] | YouTube  | [Normal]     | 97%    |  107.3ms | :crown::crown: LONG LIVE THE KING PEANUT...
[GAMING/SUR] | YouTube  | [Normal]     | 56%    |   66.5ms | ILl ALLoW IT...
[GAMING/SUR] | YouTube  | [Normal]     | 97%    |   80.6ms | Happy birthday Peanut!!!!...
[GAMING/SUR] | YouTube  | [Normal]     | 93%    |   80.9ms | Gingy and Rouge did 20 Hours...
[GAMING/SUR] | YouTube  | [Normal]     | 97%    |   62.7ms | 19 hours...
[GAMING/SUR] | YouTube  | [Normal]     | 92%    |   79.8ms | got off an hr before u got on...
[GAMING/SUR] | YouTube  | [Normal]     | 96%    |   86.7ms | CREAM OF SUM YOUNG GUY...
[NEWS/LIVE ] | YouTube  | [Normal]     | 43%    |  111.0ms | Ok how about the poor dig a hole or make...
[MUSIC/CHIL] | YouTube  | [Normal]     | 97%    |   83.3ms | Ayeee :smiling_face_with_sunglasses:...
[MUSIC/CHIL] | YouTube  | [OFFENSIVE]  | 93%    |  128.7ms | Aha....Don't defame my name by taking my...
[MUSIC/CHIL] | YouTube  | [Normal]     | 94%    |   62.0ms | hi...
[GAMING/SUR] | YouTube  | [Normal]     | 91%    |   61.1ms | he closed it...
[GAMING/SUR] | YouTube  | [OFFENSIVE]  | 90%    |   69.9ms | fuckin delerious LOL...
[GAMING/SUR] | YouTube  | [Normal]     | 91%    |   65.9ms | h2o no way...
[GAMING/SUR] | YouTube  | [OFFENSIVE]  | 35%    |   71.7ms | my OG GOAT GAMER H20!...
[MUSIC/CHIL] | YouTube  | [Normal]     | 97%    |   92.6ms | :hot_beverage::musical_notes::ok_hand:...
[GAMING/SUR] | YouTube  | [Normal]     | 91%    |   77.0ms | he is a fucking legend...
[GAMING/SUR] | YouTube  | [Normal]     | 84%    |   65.7ms | close the gate...
[GAMING/SUR] | YouTube  | [Normal]     | 96%    |   58.1ms | !peanuts...
[GAMING/SUR] | YouTube  | [Normal]     | 81%    |   70.6ms | h20 my kinggg...
[NEWS/LIVE ] | YouTube  | [Normal]     | 80%    |   79.1ms | Pete doesnt care what God you support in...
[MUSIC/CHIL] | YouTube  | [Normal]     | 95%    |   69.2ms | what so :briefs::duck:...
[MUSIC/CHIL] | YouTube  | [Normal]     | 97%    |  137.2ms | D same dialogue cheppi force chesthe vac...
[NEWS/LIVE ] | YouTube  | [Normal]     | 89%    |   93.5ms | you know it's 2026 this world is like la...
[GAMING/SUR] | YouTube  | [Normal]     | 64%    |   75.8ms | Dubl’n up the zyn is sick...
[GAMING/SUR] | YouTube  | [Normal]     | 96%    |   61.1ms | ground floor I think...
[GAMING/SUR] | YouTube  | [Normal]     | 85%    |   66.1ms | KEEP GOING DOWN...
[GAMING/SUR] | YouTube  | [Normal]     | 69%    |   65.4ms | battleShits...
[GAMING/SUR] | YouTube  | [Normal]     | 95%    |   60.4ms | train car...
[SELF-HELP/] | YouTube  | [Normal]     | 92%    |   69.3ms | oh no the bonk continues...
[NEWS/LIVE ] | YouTube  | [Normal]     | 49%    |   94.7ms | that's a yes to feminist:face-green-smil...
[NEWS/LIVE ] | YouTube  | [Normal]     | 97%    |   95.2ms | :people_hugging: :hugging_face: :open_ha...
[GAMING/SUR] | YouTube  | [Normal]     | 96%    |   61.1ms | OG H2O...
[GAMING/SUR] | YouTube  | [Normal]     | 97%    |   69.8ms | 500 ON RED P~!!...
[GAMING/SUR] | YouTube  | [Normal]     | 95%    |   64.0ms | H2O...
[GAMING/SUR] | YouTube  | [Normal]     | 94%    |   55.3ms | 5...
[GAMING/SUR] | YouTube  | [Normal]     | 94%    |   65.2ms | 3...
[GAMING/SUR] | YouTube  | [Normal]     | 94%    |   83.3ms | no way h20 is there lmao...
[GAMING/SUR] | YouTube  | [Normal]     | 93%    |   62.6ms | clip it...
[GAMING/SUR] | YouTube  | [Normal]     | 76%    |   91.0ms | Can’t loot him it’s in a safe zone...
[MUSIC/CHIL] | YouTube  | [Normal]     | 93%    |   80.6ms | shikha basically i don't eat   certainly...
[MUSIC/CHIL] | YouTube  | [Normal]     | 97%    |  157.5ms | @Dreamon_888 hi   how are you ? :backhan...
[GAMING/SUR] | YouTube  | [Normal]     | 88%    |   74.8ms | blavkjack super rigged on rust...
[GAMING/SUR] | YouTube  | [Normal]     | 87%    |   70.4ms | that was you  not winning...
[GAMING/SUR] | YouTube  | [Normal]     | 94%    |   71.3ms | it was a 4 bro...
[GAMING/SUR] | YouTube  | [Normal]     | 96%    |   54.8ms | lol...
[GAMING/SUR] | YouTube  | [Normal]     | 84%    |   59.0ms | It’s rigged...
[MUSIC/CHIL] | YouTube  | [Normal]     | 70%    |   74.2ms | she is asking do u eat wtf...
[GAMING/ESP] | YouTube  | [Normal]     | 94%    |   60.9ms | :moai:...
[GAMING/SUR] | YouTube  | [Normal]     | 96%    |   64.1ms | Alll in...
[GAMING/SUR] | YouTube  | [Normal]     | 96%    |  103.0ms | bit.ly/EA_-The-ytlscb-na #ad...
[GAMING/SUR] | YouTube  | [Normal]     | 71%    |   86.1ms | NOOOOOOOOOOOOOOOOOOOOOOOOOO...
[GAMING/SUR] | YouTube  | [Normal]     | 95%    |   84.1ms | LMAO FFFFFFFFFFFFFFFFF...
[GAMING/SUR] | YouTube  | [Normal]     | 95%    |   93.4ms | back to oil rig!!!!!!!!!!!!...
[GAMING/SUR] | YouTube  | [Normal]     | 92%    |   71.6ms | Can we get the mortgage to bet on...
[MUSIC/CHIL] | YouTube  | [Normal]     | 96%    |   69.7ms | bnane chali gayi?...
[GAMING/SUR] | YouTube  | [Normal]     | 74%    |   68.0ms | you wouldve lost anyways...
[GAMING/SUR] | YouTube  | [Normal]     | 95%    |   76.6ms | i knew this would happen with these 2...
[SELF-HELP/] | YouTube  | [Normal]     | 95%    |   77.1ms | Hi Dr k:winking_face:...
[GAMING/SUR] | YouTube  | [Normal]     | 94%    |   56.6ms | 5...
[MUSIC/CHIL] | YouTube  | [Normal]     | 96%    |   54.8ms | .....
[GAMING/SUR] | YouTube  | [Normal]     | 86%    |   68.4ms | going bust in rust...
[MUSIC/CHIL] | YouTube  | [Normal]     | 97%    |  110.9ms | Ida :face_with_tears_of_joy::face_with_t...
[GAMING/SUR] | YouTube  | [Normal]     | 94%    |   56.9ms | 1...
[PSYCHOLOGY] | YouTube  | [Normal]     | 94%    |   69.7ms | hello. Jung will never die...
[GAMING/SUR] | YouTube  | [Normal]     | 97%    |  141.2ms | Peanut & Starforge PC's are partnered! C...
[MUSIC/CHIL] | YouTube  | [OFFENSIVE]  | 80%    |   92.2ms | shish sing wclm bro :smiling_face_with_t...
[GAMING/SUR] | YouTube  | [Normal]     | 88%    |   95.7ms | Rust can be a trivia game if you play it...
[GAMING/SUR] | YouTube  | [Normal]     | 92%    |   67.8ms | nah just gamble it all away...
[ENTERTAINM] | YouTube  | [Normal]     | 94%    |   65.6ms | hi...
[PSYCHOLOGY] | YouTube  | [Normal]     | 91%    |   71.6ms | but what do you mean by explain?...
[ENTERTAINM] | YouTube  | [Normal]     | 95%    |   62.5ms | HELLOOOOO...
[GAMING/GAM] | YouTube  | [Normal]     | 92%    |   73.3ms | this is gonna be so metal my lungs might...
[GAMING/SUR] | YouTube  | [OFFENSIVE]  | 52%    |   57.5ms | oh shit...
[GAMING/SUR] | YouTube  | [Normal]     | 92%    |   71.4ms | thaTS MIND FROM DIUNOS...
[ENTERTAINM] | YouTube  | [Normal]     | 95%    |   63.3ms | Congratulations...
[GAMING/SUR] | YouTube  | [Normal]     | 63%    |   64.8ms | TAKE IT TO GAMBLEEEE...
[ENTERTAINM] | YouTube  | [Normal]     | 94%    |   67.3ms | hi...
[ENTERTAINM] | YouTube  | [Normal]     | 95%    |   76.1ms | Здарова всем...
[ENTERTAINM] | YouTube  | [Normal]     | 93%    |   53.5ms | omg...
[ENTERTAINM] | YouTube  | [Normal]     | 97%    |   69.8ms | hi please give me an gift plz...
[GAMING/GAM] | YouTube  | [Normal]     | 95%    |   63.2ms | MARK...
[GAMING/GAM] | YouTube  | [Normal]     | 96%    |   57.8ms | hi mark...
[GAMING/GAM] | YouTube  | [Normal]     | 95%    |   60.5ms | HIII...
[GAMING/GAM] | YouTube  | [Normal]     | 94%    |   56.7ms | #1...
[MUSIC/CHIL] | YouTube  | [Normal]     | 95%    |   71.9ms | Stranger my net is not slow...
[MUSIC/CHIL] | YouTube  | [Normal]     | 95%    |   72.7ms | Chi na brathuku...
[GAMING/GAM] | YouTube  | [Normal]     | 97%    |   65.6ms | Welcome New Member!...
[PSYCHOLOGY] | YouTube  | [Normal]     | 97%    |   69.5ms | Dr. K needs a NAS...
[ENTERTAINM] | YouTube  | [Normal]     | 98%    |   80.6ms | hola espero que te encuentres bien...
[GAMING/SUR] | YouTube  | [Normal]     | 94%    |   61.2ms | Hello everybody...
[PSYCHOLOGY] | YouTube  | [Normal]     | 95%    |   71.9ms | a faaah moment from dr K...
[MUSIC/CHIL] | YouTube  | [Normal]     | 97%    |  119.4ms | mohit mujhe nii pata    friends Aapke he...
[ENTERTAINM] | YouTube  | [Normal]     | 96%    |   76.5ms | Jimmy  how does it feel to be rich...
[ENTERTAINM] | YouTube  | [Normal]     | 81%    |   59.1ms | UwU...
[GAMING/GAM] | YouTube  | [Normal]     | 97%    |   61.8ms | HIIIII...
[GAMING/GAM] | YouTube  | [Normal]     | 63%    |   81.9ms | GOING AGAIN THIS WEEKEND LES GOOOOO...
[ENTERTAINM] | YouTube  | [Normal]     | 93%    |   64.3ms | 와우...
[GAMING/GAM] | YouTube  | [Normal]     | 94%    |   89.0ms | is that a DJI gimbal in the background o...
[GAMING/GAM] | YouTube  | [Normal]     | 98%    |   77.1ms | please please please release on streamin...
[ENTERTAINM] | YouTube  | [Normal]     | 86%    |   60.4ms | Yo...
[PSYCHOLOGY] | YouTube  | [Normal]     | 96%    |   73.4ms | nope only from the atlus game...
[GAMING/GAM] | YouTube  | [Normal]     | 98%    |  133.7ms | LFG MARKKKKK:cat-orange-whistling::cat-o...
[GAMING/SUR] | YouTube  | [Normal]     | 98%    |   61.3ms | mlb team for adam...
[GAMING/GAM] | YouTube  | [Normal]     | 92%    |   64.1ms | YOOOOO...
[ENTERTAINM] | YouTube  | [Normal]     | 95%    |   69.2ms | give me 10k$ please...
[GAMING/GAM] | YouTube  | [Normal]     | 96%    |   73.0ms | hi mark!!!...
[GAMING/SUR] | YouTube  | [Normal]     | 96%    |   77.6ms | wow Rogue must have had an hours sleep l...
[MUSIC/CHIL] | YouTube  | [OFFENSIVE]  | 51%    |   71.3ms | sick:woozy_face:...
[ENTERTAINM] | YouTube  | [Normal]     | 94%    |   57.5ms | hi...
[GAMING/SUR] | YouTube  | [Normal]     | 97%    |   73.0ms | rogue slept for 20 minutes ll...
[ENTERTAINM] | YouTube  | [Normal]     | 92%    |   86.0ms | congratulations brooooooooooooooo...
[GAMING/GAM] | YouTube  | [Normal]     | 94%    |   74.5ms | MARKPLIERR IS LIVEVEE...
[GAMING/GAM] | YouTube  | [Normal]     | 98%    |  103.5ms | will there be ever a digital copy? :smil...
[ENTERTAINM] | YouTube  | [Normal]     | 95%    |   75.0ms | give me only one ipad please sir...
[GAMING/GAM] | YouTube  | [Normal]     | 97%    |   72.4ms | Welcome to Member!...
[GAMING/GAM] | YouTube  | [Normal]     | 95%    |   63.3ms | hiii...
[PSYCHOLOGY] | YouTube  | [Normal]     | 91%    |   90.6ms | sounds like a tongue twister...
[ENTERTAINM] | YouTube  | [Normal]     | 97%    |   91.5ms | Hiiiii...
[GAMING/GAM] | YouTube  | [Normal]     | 96%    |   88.2ms | 3 TIME CHAMPION!!!...
[NEWS/LIVE ] | YouTube  | [Normal]     | 96%    |  106.8ms | ...by the wolves :lion:...
[GAMING/GAM] | YouTube  | [Normal]     | 95%    |   95.9ms | I hope you bring more scp videos back!...
[GAMING/GAM] | YouTube  | [Normal]     | 96%    |   83.7ms | hi mark...
[PSYCHOLOGY] | YouTube  | [Normal]     | 93%    |   80.7ms | Yes...
[GAMING/GAM] | YouTube  | [Normal]     | 91%    |   85.8ms | im telling everyone to see it...
[GAMING/GAM] | YouTube  | [Normal]     | 96%    |   87.6ms | WE WON...
[ENTERTAINM] | YouTube  | [Normal]     | 82%    |  153.0ms | Please give me $200000 my loan will be a...
[ENTERTAINM] | YouTube  | [Normal]     | 98%    |  135.5ms | congratulations jimmy if this video gets...
[ENTERTAINM] | YouTube  | [Normal]     | 96%    |   98.7ms | hi jimmy please shout out kabir...
[GAMING/SUR] | YouTube  | [Normal]     | 86%    |   85.9ms | CLose the door...
[GAMING/GAM] | YouTube  | [Normal]     | 95%    |   81.8ms | Ranch!!!...
[GAMING/GAM] | YouTube  | [Normal]     | 95%    |   76.2ms | AIRPLANE...
[ENTERTAINM] | YouTube  | [Normal]     | 97%    |   82.6ms | Welcome New Member!...
[ENTERTAINM] | YouTube  | [Normal]     | 90%    |   76.4ms | w mrbeast...
[GAMING/GAM] | YouTube  | [Normal]     | 93%    |   59.5ms | lighthouse...
[ENTERTAINM] | YouTube  | [Normal]     | 95%    |   71.5ms | hiii beast...
[ENTERTAINM] | YouTube  | [Normal]     | 96%    |   62.3ms | faaaaaa...
[GAMING/SUR] | YouTube  | [Normal]     | 96%    |   81.2ms | not a fan of this game but the content i...
[GAMING/GAM] | YouTube  | [Normal]     | 93%    |   57.0ms | lighthouse...
[GAMING/GAM] | YouTube  | [Normal]     | 95%    |   63.7ms | airplane...
[GAMING/GAM] | YouTube  | [Normal]     | 95%    |   67.3ms | Airplanneeeee...
[GAMING/SUR] | YouTube  | [Normal]     | 96%    |   70.6ms | broo check the billboards yooo...
[GAMING/GAM] | YouTube  | [Normal]     | 94%    |   93.6ms | Imagine 23 000 people trying to talk ove...
[GAMING/GAM] | YouTube  | [Normal]     | 91%    |   63.8ms | people be voting...
[GAMING/GAM] | YouTube  | [Normal]     | 96%    |   92.6ms | Saw Iron Lung last night! IT WAS SO GOOD...
[ENTERTAINM] | YouTube  | [Normal]     | 98%    |  129.1ms | :purple_heart::green_heart::purple_heart...
[GAMING/GAM] | YouTube  | [Normal]     | 93%    |   59.4ms | lighthouse...
[GAMING/SUR] | YouTube  | [Normal]     | 49%    |   78.1ms | You guys are terrible gamblers lol...
[ENTERTAINM] | YouTube  | [Normal]     | 92%    |   63.1ms | hayyyy...
[MUSIC/CHIL] | YouTube  | [Normal]     | 96%    |  158.4ms | @szarek-c2u m doing good :backhand_index...
[ENTERTAINM] | YouTube  | [Normal]     | 62%    |   98.3ms | The fact that he is almost at 500 mil...
[GAMING/GAM] | YouTube  | [Normal]     | 77%    |  104.6ms | SCOTLAAAAANDD FOREVEEEEEEEER...
[GAMING/GAM] | YouTube  | [Normal]     | 97%    |  114.7ms | I saw it yesterday  and it was awesome! ...
[ENTERTAINM] | YouTube  | [Normal]     | 94%    |  100.2ms | 1...
[ENTERTAINM] | YouTube  | [Normal]     | 94%    |  100.0ms | 1...
[SELF-HELP/] | YouTube  | [Normal]     | 69%    |  131.8ms | @VenaraEchoes im sure there are way our ...
[ENTERTAINM] | YouTube  | [Normal]     | 94%    |  104.1ms | 1...
[GAMING/SUR] | YouTube  | [Normal]     | 87%    |   98.9ms | NO...
[GAMING/GAM] | YouTube  | [Normal]     | 94%    |   73.0ms | japan?...
[ENTERTAINM] | YouTube  | [Normal]     | 94%    |   73.0ms | 1...
[GAMING/GAM] | YouTube  | [Normal]     | 95%    |  125.7ms | Iron Lung is coming soon not that far aw...
[GAMING/GAM] | YouTube  | [Normal]     | 92%    |  100.5ms | AIIIIRRRRRPLAAAANNNEE...
[ENTERTAINM] | YouTube  | [Normal]     | 94%    |   91.0ms | 1...
[GAMING/GAM] | YouTube  | [Normal]     | 97%    |   92.5ms | Welcome to Member!...
[ENTERTAINM] | YouTube  | [Normal]     | 91%    |   90.1ms | pakistan...
[GAMING/GAM] | YouTube  | [Normal]     | 89%    |  102.7ms | are you going to make a second movie...
[GAMING/GAM] | YouTube  | [Normal]     | 95%    |  115.1ms | you've come a long way mark:red_heart:...
[ENTERTAINM] | YouTube  | [Normal]     | 97%    |  114.2ms | :red_heart::red_heart::red_heart:...
[GAMING/GAM] | YouTube  | [Normal]     | 97%    |   92.0ms | Loved your Movie :red_heart:...
[GAMING/SUR] | YouTube  | [Normal]     | 93%    |   82.8ms | push...
[NEWS/LIVE ] | YouTube  | [Normal]     | 48%    |   99.8ms | Weegee getting that italian sausage now...
[MUSIC/CHIL] | YouTube  | [Normal]     | 97%    |  105.1ms | mohit tumhari gf h ??...
[GAMING/SUR] | YouTube  | [Normal]     | 94%    |   89.4ms | Double...
[ENTERTAINM] | YouTube  | [Normal]     | 96%    |   93.5ms | when does the stream end?...
[ENTERTAINM] | YouTube  | [Normal]     | 93%    |   95.1ms | :ok_hand:...
[GAMING/SUR] | YouTube  | [Normal]     | 95%    |   88.7ms | hit...
[GAMING/SUR] | YouTube  | [Normal]     | 95%    |   90.6ms | 250...
[GAMING/GAM] | YouTube  | [OFFENSIVE]  | 61%    |   81.7ms | THE HECK? A SHAM...
[GAMING/GAM] | YouTube  | [Normal]     | 97%    |  162.0ms | I must admit first time I saw it  audio ...
[ENTERTAINM] | YouTube  | [Normal]     | 94%    |   91.4ms | PLS GIVE ME SHOUTOUT JIMMY...
[GAMING/GAM] | YouTube  | [Normal]     | 94%    |  101.5ms | I LOVE IRON LUNG  MY FAVORITE MOVIEEE...
[GAMING/GAM] | YouTube  | [Normal]     | 97%    |   96.9ms | I loved the movie  thank you!...
[GAMING/GAM] | YouTube  | [Normal]     | 97%    |   90.6ms | 6-7...
[ENTERTAINM] | YouTube  | [Normal]     | 93%    |  109.2ms | india...
[GAMING/SUR] | YouTube  | [Normal]     | 96%    |   83.0ms | Maxxxx...
[GAMING/SUR] | YouTube  | [Normal]     | 90%    |   92.5ms | THIS IS SO RIGGED OH MY GOD...
[GAMING/GAM] | YouTube  | [Normal]     | 97%    |  231.4ms | can't lie  im glad to see mark back. I m...
[GAMING/GAM] | YouTube  | [Normal]     | 92%    |  153.4ms | oh yeah penguinzoo said he couldn't unde...
[GAMING/GAM] | YouTube  | [Normal]     | 95%    |   82.0ms | lighthouse plss...
[ENTERTAINM] | YouTube  | [Normal]     | 94%    |   96.5ms | 𝘼𝙣𝙮𝙤𝙣𝙚 𝙛𝙧𝙤𝙢 𝙄𝙣𝙙𝙞𝙖???...
[ENTERTAINM] | YouTube  | [Normal]     | 98%    |  157.7ms | :face-blue-smiling::face-blue-smiling::f...
[GAMING/SUR] | YouTube  | [Normal]     | 94%    |   91.3ms | papa hutch...
[ENTERTAINM] | YouTube  | [Normal]     | 95%    |   93.7ms | please help me...
[ENTERTAINM] | YouTube  | [Normal]     | 97%    |  114.7ms | hi Mr beast :smiling_face_with_halo:...
[GAMING/GAM] | YouTube  | [Normal]     | 94%    |  126.4ms | I struggled to hear a bit at odeon in th...
[GAMING/GAM] | YouTube  | [Normal]     | 97%    |  121.9ms | wow movie star and celebrity director Ma...
[GAMING/SUR] | YouTube  | [Normal]     | 94%    |   88.4ms | go Aul In...
[GAMING/SUR] | YouTube  | [Normal]     | 73%    |   95.7ms | GOOOOOOOOOD MORNING BUNGULATORS...
[GAMING/GAM] | YouTube  | [Normal]     | 95%    |  101.7ms | CLOAK IRON LUNG MERCH!!!???...
[GAMING/SUR] | YouTube  | [OFFENSIVE]  | 55%    |   78.3ms | ur screwed...
[GAMING/SUR] | YouTube  | [Normal]     | 54%    |   85.1ms | try bandit...
[MUSIC/CHIL] | YouTube  | [OFFENSIVE]  | 82%    |  154.0ms | tc too dearshish:waving_hand::waving_han...
[ENTERTAINM] | YouTube  | [Normal]     | 97%    |  401.3ms | bhai 500 milian subscriber hone wale Hai...
[SELF-HELP/] | YouTube  | [Normal]     | 59%    |  116.2ms | Yah my biggest fear in life is proving t...
[GAMING/GAM] | YouTube  | [Normal]     | 97%    |   93.6ms | The sound was great at my theatre....
[GAMING/GAM] | YouTube  | [Normal]     | 94%    |  113.2ms | if the movie is environmentally telling ...
[ENTERTAINM] | YouTube  | [Normal]     | 97%    |   79.8ms | Bangladesh :red_heart:...
[GAMING/GAM] | YouTube  | [Normal]     | 84%    |  115.9ms | my brother in law saw you in guam   he w...
[GAMING/SUR] | YouTube  | [Normal]     | 96%    |   91.7ms | Peanut can never go to vegas lol...
[ENTERTAINM] | YouTube  | [Normal]     | 91%    |   96.5ms | W MRBEADY...
[ENTERTAINM] | YouTube  | [Normal]     | 97%    |   95.5ms | :pink_heart:...
[ENTERTAINM] | YouTube  | [Normal]     | 97%    |   86.3ms | Hi:red_heart:...
[GAMING/SUR] | YouTube  | [Normal]     | 96%    |   95.5ms | Who stands at 14...
[GAMING/SUR] | YouTube  | [Normal]     | 93%    |   78.3ms | GG...
[GAMING/SUR] | YouTube  | [Normal]     | 94%    |   74.3ms | OOF...
[ENTERTAINM] | YouTube  | [Normal]     | 91%    |   84.1ms | pakistan...
[ENTERTAINM] | YouTube  | [Normal]     | 98%    |  101.4ms | Dominos :check_mark_button:...
[GAMING/SUR] | YouTube  | [Normal]     | 93%    |   81.0ms | ruunn...
[GAMING/GAM] | YouTube  | [Normal]     | 95%    |  113.3ms | okay that makes sense why some of the vo...
[GAMING/SUR] | YouTube  | [Normal]     | 97%    |   98.3ms | theres 1000 scrap at the base...
[GAMING/GAM] | YouTube  | [Normal]     | 96%    |   99.3ms | I went to a AMC theater once and I liked...
[MUSIC/CHIL] | YouTube  | [Normal]     | 95%    |   85.5ms | take me back to the La...
[GAMING/GAM] | YouTube  | [Normal]     | 97%    |  171.1ms | its my birthday today 25 :partying_face:...
[ENTERTAINM] | YouTube  | [Normal]     | 95%    |   89.6ms | let's go...
[ENTERTAINM] | YouTube  | [Normal]     | 96%    |  141.2ms | ONE OUT OF 17.2 PEOPLE ALIVE ON EARTH RI...
[ENTERTAINM] | YouTube  | [Normal]     | 97%    |  186.2ms | :smiling_face_with_smiling_eyes::smiling...
[ENTERTAINM] | YouTube  | [Normal]     | 98%    |  103.5ms | big fan sri lanka fan:star_struck::fire:...
[ENTERTAINM] | YouTube  | [Normal]     | 97%    |  106.0ms | hello sir I am your big fan...I am from ...
[ENTERTAINM] | YouTube  | [Normal]     | 95%    |   63.1ms | what?...
[ENTERTAINM] | YouTube  | [Normal]     | 94%    |   59.5ms | hi...
[GAMING/GAM] | YouTube  | [Normal]     | 96%    |   72.6ms | Pfffft  amateur hour...
[GAMING/GAM] | YouTube  | [Normal]     | 95%    |   67.9ms | AIRPLANE...
[GAMING/GAM] | YouTube  | [Normal]     | 97%    |   70.3ms | woah markimoo stream this early...
[GAMING/GAM] | YouTube  | [Normal]     | 96%    |   56.1ms | WE WIN...
[GAMING/GAM] | YouTube  | [Normal]     | 67%    |   74.3ms | NUMBER ONEEE! :party_popper:...
[GAMING/GAM] | YouTube  | [Normal]     | 95%    |   92.6ms | Just caught your movie last night  Mark ...
[GAMING/GAM] | YouTube  | [Normal]     | 96%    |   65.3ms | WE WIN...
[NEWS/LIVE ] | YouTube  | [Normal]     | 98%    |   63.5ms | Birds are singing o...
[MUSIC/CHIL] | YouTube  | [Normal]     | 94%    |   59.5ms | ko*...
[MUSIC/CHIL] | YouTube  | [Normal]     | 98%    |  147.2ms | Jaitsii saccha pyar long time me hota h ...
[GAMING/SUR] | YouTube  | [Normal]     | 85%    |   74.2ms | THAT GUY IS ZESTYYYYYY...
[GAMING/SUR] | YouTube  | [Normal]     | 96%    |   62.7ms | REAL H20...
[GAMING/GAM] | YouTube  | [Normal]     | 70%    |   68.1ms | YIPPIEEEEEE...
[GAMING/GAM] | YouTube  | [Normal]     | 96%    |   58.5ms | Hi mark...
[ENTERTAINM] | YouTube  | [Normal]     | 94%    |   62.7ms | ya des français ?...
[ENTERTAINM] | YouTube  | [Normal]     | 94%    |   59.9ms | Hi Mr Beast...
[ENTERTAINM] | YouTube  | [Normal]     | 97%    |  158.5ms | AKO RA ISA BISAYA??????????? AHAHAHAHHAH...
[ENTERTAINM] | YouTube  | [Normal]     | 92%    |  230.9ms | :stayhome::stayhome::stayhome::stayhome:...
[ENTERTAINM] | YouTube  | [Normal]     | 96%    |  127.8ms | Can you give me your @BeastReacts channe...
[ENTERTAINM] | YouTube  | [Normal]     | 97%    |   69.1ms | I love you mr best...
[ENTERTAINM] | YouTube  | [Normal]     | 94%    |   60.2ms | Jimmy...
[ENTERTAINM] | YouTube  | [Normal]     | 96%    |   67.0ms | :red_heart:...
[GAMING/SUR] | YouTube  | [Normal]     | 96%    |   88.8ms | Omg :face_screaming_in_fear:...
[GAMING/SUR] | YouTube  | [Normal]     | 98%    |  143.9ms | :face-turquoise-drinking-coffee::face-tu...
[ENTERTAINM] | YouTube  | [Normal]     | 90%    |   72.2ms | give me PC broooooo...
[GAMING/GAM] | YouTube  | [Normal]     | 94%    |   58.8ms | The OCEAN...
[ENTERTAINM] | YouTube  | [Normal]     | 96%    |   76.7ms | i still remember when he got 100 mil...
[ENTERTAINM] | YouTube  | [Normal]     | 97%    |   63.5ms | I am from India...
[GAMING/GAM] | YouTube  | [Normal]     | 97%    |   65.8ms | 'obversation' duty...
[GAMING/GAM] | YouTube  | [Normal]     | 97%    |  136.1ms | its my birthday today 25 :partying_face:...
[MUSIC/CHIL] | YouTube  | [Normal]     | 95%    |   74.8ms | ........
[GAMING/GAM] | YouTube  | [Normal]     | 92%    |  109.3ms | Mark did you hear they made a video game...
[GAMING/SUR] | YouTube  | [Normal]     | 81%    |   74.1ms | seeing Delirious on here is crazy...
[SPORTS/FOO] | YouTube  | [Normal]     | 92%    |   60.3ms | Japan is the winner...
[GAMING/GAM] | YouTube  | [Normal]     | 97%    |   64.0ms | Welcome to Member!...
[ENTERTAINM] | YouTube  | [Normal]     | 94%    |   61.5ms | same...
[GAMING/GAM] | YouTube  | [Normal]     | 78%    |   88.8ms | why does some of it look like Resident E...
[GAMING/SUR] | YouTube  | [Normal]     | 95%    |  110.1ms | :loudly_crying_face::loudly_crying_face:...
[ENTERTAINM] | YouTube  | [Normal]     | 98%    |   83.7ms | :hand-pink-waving::hand-pink-waving:...
[ENTERTAINM] | YouTube  | [Normal]     | 96%    |   53.8ms | New member...
[GAMING/GAM] | YouTube  | [Normal]     | 95%    |   62.4ms | Lmaooo...
[GAMING/GAM] | YouTube  | [Normal]     | 90%    |   78.3ms | ohhhh at least it isn't blood...
[ENTERTAINM] | YouTube  | [Normal]     | 95%    |   58.6ms | hii...
[GAMING/GAM] | YouTube  | [Normal]     | 96%    |  178.4ms | chat. stop talking  you're distracting m...
[GAMING/GAM] | YouTube  | [Normal]     | 97%    |   73.1ms | hiiiiiiii!!!...
[GAMING/GAM] | YouTube  | [Normal]     | 96%    |   53.4ms | Water cheese...
[ENTERTAINM] | YouTube  | [Normal]     | 95%    |   56.5ms | said hi...
[ENTERTAINM] | YouTube  | [Normal]     | 83%    |   55.6ms | w beast...
[ENTERTAINM] | YouTube  | [Normal]     | 97%    |   68.1ms | Lots of love to you...
[ENTERTAINM] | YouTube  | [Normal]     | 91%    |   57.0ms | me...
[GAMING/GAM] | YouTube  | [Normal]     | 97%    |  101.7ms | omg lmao the real challenge isn't the ha...
[GAMING/GAM] | YouTube  | [Normal]     | 95%    |   60.8ms | obversation...
[GAMING/GAM] | YouTube  | [Normal]     | 95%    |   62.4ms | HI MARKKK...
[GAMING/SUR] | YouTube  | [Normal]     | 93%    |   69.9ms | UR SO BAD LMAOOO...
[GAMING/SUR] | YouTube  | [Normal]     | 96%    |   57.3ms | LOL...
[GAMING/SUR] | YouTube  | [Normal]     | 96%    |  115.3ms | 4 CARD 21????????????????????...
[ENTERTAINM] | YouTube  | [Normal]     | 91%    |   51.0ms | me...
[GAMING/SUR] | YouTube  | [Normal]     | 93%    |   58.0ms | Never seen colder tables...
[ENTERTAINM] | YouTube  | [Normal]     | 96%    |   75.6ms | i am happy for your 500 million YouTube ...
[ENTERTAINM] | YouTube  | [Normal]     | 95%    |   55.2ms | hii...
[GAMING/SUR] | YouTube  | [Normal]     | 80%    |   69.5ms | what is the discord...
[ENTERTAINM] | YouTube  | [Normal]     | 98%    |  178.8ms | :hand-purple-blue-peace::hand-purple-blu...
[GAMING/SUR] | YouTube  | [Normal]     | 75%    |   70.7ms | THATS IT SCRAP THE GUN...
[GAMING/GAM] | YouTube  | [Normal]     | 96%    |   74.2ms | is this a prerecorded video...
[ENTERTAINM] | YouTube  | [Normal]     | 98%    |  291.8ms | :face-blue-smiling::face-blue-smiling::f...
[GAMING/GAM] | YouTube  | [Normal]     | 95%    |   61.4ms | obversation duty...
[GAMING/SUR] | YouTube  | [Normal]     | 82%    |   88.5ms | :person_facepalming:...
[GAMING/GAM] | YouTube  | [Normal]     | 95%    |   75.9ms | OBVERSATION...
[GAMING/GAM] | YouTube  | [Normal]     | 68%    |   82.3ms | the drenched sarcasm...
[GAMING/SUR] | YouTube  | [Normal]     | 87%    |   61.3ms | LETS GO...
[GAMING/GAM] | YouTube  | [Normal]     | 98%    |  137.6ms | :cat_with_tears_of_joy::cat_with_tears_o...
[GAMING/GAM] | YouTube  | [Normal]     | 96%    |   72.8ms | lol lmao even...
[GAMING/SUR] | YouTube  | [Normal]     | 74%    |   81.5ms | does it say cheat on the screan...
[NEWS/LIVE ] | YouTube  | [Normal]     | 91%    |   65.4ms | HES WORKING ON IT?...
[ENTERTAINM] | YouTube  | [Normal]     | 94%    |   61.2ms | Hi...
[GAMING/GAM] | YouTube  | [Normal]     | 95%    |   75.8ms | He is very Obersational...
[ENTERTAINM] | YouTube  | [Normal]     | 95%    |   60.3ms | hiii...
[GAMING/GAM] | YouTube  | [Normal]     | 92%    |   70.6ms | thats the best part tho...
[GAMING/GAM] | YouTube  | [Normal]     | 95%    |   78.2ms | LMAO SOMEONE SAID TITLE ANOMALY...
[GAMING/SUR] | YouTube  | [Normal]     | 96%    |   61.9ms | lmao...
[GAMING/GAM] | YouTube  | [Normal]     | 88%    |   70.2ms | IT's an anomaly...
[GAMING/GAM] | YouTube  | [Normal]     | 96%    |   67.8ms | obsVERSTAPEN...
[GAMING/SUR] | YouTube  | [Normal]     | 92%    |   73.9ms | so were just throwing it away lol...
[GAMING/SUR] | YouTube  | [Normal]     | 87%    |   73.3ms | Poor gingy and all her work...
[GAMING/GAM] | YouTube  | [Normal]     | 95%    |  101.2ms | I thought i saw an anomaly  then realize...
[GAMING/SUR] | YouTube  | [Normal]     | 89%    |   59.8ms | should of played slots...
[GAMING/SUR] | YouTube  | [Normal]     | 93%    |   64.0ms | sheeeesh...
[GAMING/GAM] | YouTube  | [Normal]     | 94%    |   64.4ms | THREE...
[GAMING/SUR] | YouTube  | [Normal]     | 96%    |   58.1ms | LOL...
[GAMING/GAM] | YouTube  | [Normal]     | 92%    |   62.2ms | Obversation Lung...
[GAMING/SUR] | YouTube  | [Normal]     | 90%    |   60.9ms | hahahaha...
[ENTERTAINM] | YouTube  | [Normal]     | 98%    |  129.5ms | WATCH UR FIRST VIDEO:hand-pink-waving::h...
[GAMING/SUR] | YouTube  | [Normal]     | 94%    |   57.8ms | well...
[GAMING/SUR] | YouTube  | [Normal]     | 96%    |   76.2ms | YOU HAD 1000+ SCRAP WHEN YOU LOGGED IN...
[GAMING/SUR] | YouTube  | [Normal]     | 92%    |   70.2ms | Peanut needs to stay out of Vegas...
[GAMING/SUR] | YouTube  | [Normal]     | 95%    |   90.5ms | hutch is just strolling around with 4k m...
[MUSIC/CHIL] | YouTube  | [Normal]     | 97%    |   73.3ms | :musical_notes::relieved_face:...
[ENTERTAINM] | YouTube  | [Normal]     | 94%    |   70.0ms | HAHAHAHAHAHHA...
[GAMING/GAM] | YouTube  | [Normal]     | 79%    |   57.4ms | MOUSE TRAP...
[GAMING/GAM] | YouTube  | [Normal]     | 96%    |   80.0ms | CONGRATS ON THE MOVIE!!!...
[GAMING/GAM] | YouTube  | [Normal]     | 94%    |   58.6ms | John...
[GAMING/GAM] | YouTube  | [Normal]     | 95%    |  116.1ms | how did he get through there? intrude th...
[GAMING/GAM] | YouTube  | [Normal]     | 94%    |   84.8ms | intruder? how did he get in? intruder wi...
[MUSIC/CHIL] | YouTube  | [Normal]     | 97%    |  149.1ms | @kavya-c9c1j fir kya tumhe chris evans c...
[GAMING/GAM] | YouTube  | [Normal]     | 96%    |   74.8ms | LOL...
[ENTERTAINM] | YouTube  | [Normal]     | 94%    |   82.9ms | 5...
[ENTERTAINM] | YouTube  | [Normal]     | 94%    |   77.9ms | 4...
[GAMING/SUR] | YouTube  | [Normal]     | 91%    |   98.4ms | gambling losses are much funnier when it...
[ENTERTAINM] | YouTube  | [Normal]     | 94%    |   82.7ms | 3...
[GAMING/GAM] | YouTube  | [Normal]     | 92%    |   78.4ms | the stairs...
[GAMING/GAM] | YouTube  | [Normal]     | 91%    |  100.3ms | YEAH GUYS! HE DIRECTED IRNO LUNG!...
[GAMING/GAM] | YouTube  | [Normal]     | 94%    |   83.7ms | stairs were moving...
[GAMING/GAM] | YouTube  | [Normal]     | 95%    |   84.9ms | #1 director in America...
[GAMING/SUR] | YouTube  | [Normal]     | 84%    |  100.4ms | Who else is drinking some silly with me?...
[GAMING/GAM] | YouTube  | [Normal]     | 89%    |  102.6ms | you’re literally my reason for living...
[GAMING/GAM] | YouTube  | [Normal]     | 96%    |   75.5ms | BASEMENT STAIRS...
[ENTERTAINM] | YouTube  | [Normal]     | 94%    |   77.0ms | 3...
[GAMING/GAM] | YouTube  | [Normal]     | 96%    |   71.7ms | please still be live in an hour...
[GAMING/GAM] | YouTube  | [Normal]     | 96%    |   67.6ms | The jacket was always there...
[GAMING/GAM] | YouTube  | [Normal]     | 94%    |   65.1ms | Hey mark...
[ENTERTAINM] | YouTube  | [Normal]     | 97%    |  366.0ms | :red_heart::red_heart::red_heart::red_he...
[ENTERTAINM] | YouTube  | [Normal]     | 94%    |   63.2ms | Nepal...
[GAMING/GAM] | YouTube  | [Normal]     | 96%    |   67.8ms | please mark the basement stairs...
[ENTERTAINM] | YouTube  | [Normal]     | 94%    |   61.3ms | 2...
[GAMING/GAM] | YouTube  | [Normal]     | 94%    |   69.7ms | THE STAIIIRS...
[ENTERTAINM] | YouTube  | [Normal]     | 96%    |   62.2ms | I'm poor...
[GAMING/GAM] | YouTube  | [Normal]     | 92%    |   83.0ms | I don't know. I wasn't paying attention...
[ENTERTAINM] | YouTube  | [Normal]     | 96%    |   57.8ms | 20k...
[GAMING/GAM] | YouTube  | [Normal]     | 96%    |   57.1ms | lol...
[ENTERTAINM] | YouTube  | [Normal]     | 96%    |  127.7ms | bro don't clap i am in the middle of my ...
[ENTERTAINM] | YouTube  | [Normal]     | 56%    |   84.8ms | I’ve watched since 3000 subs bro this is...
[GAMING/SUR] | YouTube  | [Normal]     | 95%    |   66.5ms | :mending_heart:...
[GAMING/GAM] | YouTube  | [Normal]     | 95%    |  109.3ms | I printed the popcorn bucket but the tee...
[ENTERTAINM] | YouTube  | [Normal]     | 92%    |   61.4ms | mrbeast...
[GAMING/GAM] | YouTube  | [Normal]     | 73%    |  118.1ms | is it just me or do markiplier and jacks...
[ENTERTAINM] | YouTube  | [Normal]     | 98%    |  169.2ms | :hand-pink-waving::hand-pink-waving::han...
[ENTERTAINM] | YouTube  | [Normal]     | 96%    |   80.4ms | :1st_place_medal:...
[GAMING/GAM] | YouTube  | [Normal]     | 97%    |   77.3ms | what did i miss?...
[GAMING/GAM] | YouTube  | [Normal]     | 97%    |   70.8ms | THE GREEN BOTTLE...
[ENTERTAINM] | YouTube  | [Normal]     | 96%    |   63.2ms | new member...
[GAMING/GAM] | YouTube  | [Normal]     | 96%    |   85.2ms | Hi from 2am in South Africa!!!...
[GAMING/GAM] | YouTube  | [Normal]     | 97%    |   73.0ms | another mousetrap?...
[ENTERTAINM] | YouTube  | [Normal]     | 97%    |   61.4ms | 500m...
[ENTERTAINM] | YouTube  | [Normal]     | 96%    |   84.2ms | I was here...
[GAMING/GAM] | YouTube  | [Normal]     | 98%    |  108.9ms | I once ate deodorant and still doing it ...
[ENTERTAINM] | YouTube  | [Normal]     | 97%    |   72.1ms | I LOVE INDONESIA...
[GAMING/GAM] | YouTube  | [Normal]     | 92%    |   78.6ms | BED...
[GAMING/GAM] | YouTube  | [Normal]     | 97%    |   72.0ms | lantern moved in interior...
[GAMING/GAM] | YouTube  | [Normal]     | 95%    |   84.3ms | The blanket on the bed moved!!...
[GAMING/GAM] | YouTube  | [Normal]     | 92%    |   88.1ms | bed...
[GAMING/SUR] | YouTube  | [Normal]     | 82%    |   81.6ms | Put wood inside man its just 100...
[GAMING/GAM] | YouTube  | [Normal]     | 93%    |   92.8ms | theres three ropes hanging at the interi...
[GAMING/GAM] | YouTube  | [Normal]     | 92%    |   67.0ms | BED...
[ENTERTAINM] | YouTube  | [Normal]     | 97%    |  181.0ms | Hallo sir I am alok kumar and I am from ...
[GAMING/GAM] | YouTube  | [Normal]     | 87%    |   69.4ms | CHECK THE BED...
[ENTERTAINM] | YouTube  | [Normal]     | 95%    |   65.0ms | hii...
[GAMING/GAM] | YouTube  | [Normal]     | 92%    |   83.9ms | Under the bed?...
[GAMING/GAM] | YouTube  | [Normal]     | 92%    |   77.9ms | IN MOVIES FOR IRON LUNG RN...
[ENTERTAINM] | YouTube  | [Normal]     | 95%    |   98.0ms | Assalamu Alaikum sir  how are you?...
[ENTERTAINM] | YouTube  | [Normal]     | 95%    |   73.4ms | xd...
[ENTERTAINM] | YouTube  | [Normal]     | 97%    |   92.8ms | :face-red-heart-shape:...
[ENTERTAINM] | YouTube  | [Normal]     | 88%    |   70.2ms | ،...
[PSYCHOLOGY] | YouTube  | [Normal]     | 92%    |   65.2ms | huh...
[ENTERTAINM] | YouTube  | [Normal]     | 96%    |   74.4ms | im from israel i love this stream...
[GAMING/GAM] | YouTube  | [Normal]     | 97%    |   67.9ms | Lantern ??...
[GAMING/GAM] | YouTube  | [Normal]     | 93%    |   84.7ms | yes...
[GAMING/GAM] | YouTube  | [Normal]     | 97%    |   81.2ms | Welcome to Member!...
[GAMING/SUR] | YouTube  | [Normal]     | 98%    |   84.0ms | Nectar of the gods....
[ENTERTAINM] | YouTube  | [Normal]     | 94%    |   81.7ms | mr queef!...
[GAMING/GAM] | YouTube  | [Normal]     | 97%    |   93.1ms | the hanging thing off the right balcony ...
[PSYCHOLOGY] | YouTube  | [Normal]     | 97%    |   77.2ms | I'm aminus...
[GAMING/GAM] | YouTube  | [Normal]     | 74%    |   66.2ms | The hangy thing...
[SELF-HELP/] | YouTube  | [Normal]     | 63%    |   77.5ms | Can I hate jeffery Epstine...
[GAMING/GAM] | YouTube  | [Normal]     | 88%    |   74.4ms | Light anomaly light house...
[ENTERTAINM] | YouTube  | [Normal]     | 94%    |   94.1ms | 1...
[SPORTS/FOO] | YouTube  | [Normal]     | 97%    |  163.2ms | 일본이 독일을 이기는건가? 놀랍다...
[GAMING/GAM] | YouTube  | [Normal]     | 96%    |  126.9ms | this is literally a dream come true i ha...
[GAMING/GAM] | YouTube  | [Normal]     | 91%    |   83.8ms | w...
[GAMING/GAM] | YouTube  | [Normal]     | 51%    |  101.7ms | The one eyed man that runs the lighthous...
[LIFESTYLE/] | YouTube  | [Normal]     | 97%    |  116.1ms | These Summer months are going to fly by ...
[ENTERTAINM] | YouTube  | [Normal]     | 94%    |   84.3ms | 1...
[ENTERTAINM] | YouTube  | [Normal]     | 94%    |   76.8ms | 1...
[ENTERTAINM] | YouTube  | [Normal]     | 97%    |   87.9ms | What do you support in the 2026 World Cu...
[GAMING/GAM] | YouTube  | [Normal]     | 94%    |  106.1ms | WHAT THE GAME ABOUT? I CAME LATE:loudly_...
[GAMING/GAM] | YouTube  | [Normal]     | 97%    |  150.6ms | Hi Markiplier  my mom had taken my car o...
[GAMING/GAM] | YouTube  | [Normal]     | 98%    |   85.6ms | :hand-orange-covering-eyes:...
[GAMING/GAM] | YouTube  | [Normal]     | 97%    |   77.6ms | Is there a extra light here also?...
[ENTERTAINM] | YouTube  | [Normal]     | 97%    |   66.9ms | Jets go...
[ENTERTAINM] | YouTube  | [Normal]     | 95%    |   72.5ms | hii mr beast...
[PSYCHOLOGY] | YouTube  | [Normal]     | 96%    |   65.4ms | hmmm...
[GAMING/SUR] | YouTube  | [Normal]     | 84%    |   76.6ms | Can’t see...
[ENTERTAINM] | YouTube  | [Normal]     | 98%    |  242.8ms | congratulations for 500M:clapping_hands:...
[GAMING/GAM] | YouTube  | [Normal]     | 96%    |  127.4ms | Saw iron lung last night and I can’t sto...
[ENTERTAINM] | YouTube  | [Normal]     | 94%    |   75.2ms | 1...
[GAMING/GAM] | YouTube  | [Normal]     | 94%    |   62.7ms | LAMP MARK...
[MUSIC/CHIL] | YouTube  | [Normal]     | 98%    |   74.1ms | Prasa :potable_water:...
[GAMING/SUR] | YouTube  | [Normal]     | 86%    |   70.7ms | NOOOOOOOOO...
[GAMING/GAM] | YouTube  | [Normal]     | 96%    |   64.5ms | LIGHT !!...
[GAMING/GAM] | YouTube  | [Normal]     | 96%    |   67.4ms | It’s observation duty 8...
[GAMING/GAM] | YouTube  | [Normal]     | 75%    |   89.4ms | I'M FAILING YOU  I'M SORRY :tired_face:...
[GAMING/SUR] | YouTube  | [Normal]     | 93%    |   77.7ms | WEYLYN ASK HIMMMMM...
[GAMING/GAM] | YouTube  | [Normal]     | 94%    |  100.5ms | I watched the iron lung movie it’s the b...
[ENTERTAINM] | YouTube  | [Normal]     | 97%    |   74.6ms | Hi Mr. Beast...
[GAMING/GAM] | YouTube  | [Normal]     | 91%    |   90.9ms | There’s a mousetrap in the basement!...
[GAMING/GAM] | YouTube  | [Normal]     | 96%    |   69.9ms | hi mark...
[ENTERTAINM] | YouTube  | [Normal]     | 94%    |   76.1ms | 1...
[GAMING/GAM] | YouTube  | [Normal]     | 96%    |   76.7ms | OOP...
[GAMING/SUR] | YouTube  | [Normal]     | 98%    |   89.1ms | windmill will turn lol...
[GAMING/GAM] | YouTube  | [Normal]     | 94%    |   67.8ms | Aww...
[ENTERTAINM] | YouTube  | [Normal]     | 95%    |   63.3ms | 67...
[GAMING/GAM] | YouTube  | [Normal]     | 91%    |   97.5ms | camera malfunction means that the camera...
[ENTERTAINM] | YouTube  | [Normal]     | 96%    |  134.2ms | @Bhavesh_Kalyankar @Bhavesh_Kalyankar @B...
[GAMING/GAM] | YouTube  | [Normal]     | 91%    |   59.5ms | NOOB...
[GAMING/SUR] | YouTube  | [Normal]     | 96%    |   69.8ms | well said...
[GAMING/GAM] | YouTube  | [Normal]     | 85%    |   88.6ms | the lamp in interiorr moveddddd...
[PSYCHOLOGY] | YouTube  | [Normal]     | 97%    |   75.0ms | animus anima and anime...
[ENTERTAINM] | YouTube  | [Normal]     | 92%    |   81.8ms | if it gets 500 million will I get 20 gra...
[GAMING/SUR] | YouTube  | [Normal]     | 70%    |   87.9ms | HUTCH AND ROGUE GONNA HAVE TO KEEP PEANU...
[GAMING/SUR] | YouTube  | [Normal]     | 91%    |   68.3ms | stoopid...
[ENTERTAINM] | YouTube  | [Normal]     | 97%    |   68.6ms | Love frome bangladesh...
[ENTERTAINM] | YouTube  | [Normal]     | 81%    |   74.1ms | let's goo...
[GAMING/GAM] | YouTube  | [Normal]     | 81%    |   68.7ms | crazy work...
[GAMING/GAM] | YouTube  | [Normal]     | 95%    |   77.9ms | obserdution duty...
[ENTERTAINM] | YouTube  | [Normal]     | 96%    |  101.9ms | I have a exam:loudly_crying_face::loudly...
[GAMING/GAM] | YouTube  | [Normal]     | 95%    |   64.7ms | OBVERSATION...
[GAMING/GAM] | YouTube  | [Normal]     | 97%    |   74.1ms | I'm on obversation duty...
[GAMING/GAM] | YouTube  | [Normal]     | 90%    |  161.0ms | as a dyslexic guy  I couldn't see the di...
[GAMING/GAM] | YouTube  | [Normal]     | 96%    |   72.2ms | oh hi chat  hi Mark...
[SELF-HELP/] | YouTube  | [Normal]     | 96%    |   59.1ms | lol...
[PSYCHOLOGY] | YouTube  | [Normal]     | 96%    |   73.8ms | jungs domain expansion is teh sol...
[GAMING/GAM] | YouTube  | [Normal]     | 93%    |   61.2ms | e...
[ENTERTAINM] | YouTube  | [Normal]     | 95%    |   67.4ms | I Like your video bro...
[GAMING/GAM] | YouTube  | [Normal]     | 95%    |   62.9ms | Obversation...
[MUSIC/CHIL] | YouTube  | [Normal]     | 96%    |  149.2ms | Vishuu cockroaches :face_with_tears_of_j...
[GAMING/GAM] | YouTube  | [Normal]     | 66%    |   71.0ms | because you lost the camera in the cabin...
[GAMING/GAM] | YouTube  | [Normal]     | 94%    |   69.0ms | hi...
[MUSIC/CHIL] | YouTube  | [Normal]     | 94%    |   70.8ms | @syedsoul ky...
[GAMING/GAM] | YouTube  | [Normal]     | 94%    |   76.4ms | I want a word with who built those stair...
[GAMING/GAM] | YouTube  | [Normal]     | 94%    |   60.1ms | yay!...
[ENTERTAINM] | YouTube  | [Normal]     | 94%    |   81.1ms | WRITE 67 IN THE COMMENTS IF TOU WANT JIM...
[GAMING/GAM] | YouTube  | [Normal]     | 97%    |   86.7ms | does he know about new game plus..........
[GAMING/SUR] | YouTube  | [Normal]     | 84%    |   94.1ms | MY MAN @TheBurntPeanut Wakes up gets rai...
[GAMING/GAM] | YouTube  | [Normal]     | 95%    |   72.3ms | is that a figure in the fog?...
[GAMING/GAM] | YouTube  | [Normal]     | 95%    |   75.5ms | Extra bottle by the dock...
[GAMING/SUR] | YouTube  | [Normal]     | 94%    |   69.7ms | AHAHAHAHA...
[GAMING/SUR] | YouTube  | [Normal]     | 96%    |   60.6ms | LOL...
[GAMING/SUR] | YouTube  | [Normal]     | 96%    |   61.8ms | all over...
[GAMING/SUR] | YouTube  | [Normal]     | 98%    |  164.6ms | Keep On Bungulating LATE Into The Night ...
[ENTERTAINM] | YouTube  | [Normal]     | 98%    |  296.9ms | :face-red-heart-shape::face-red-heart-sh...
[NEWS/LIVE ] | YouTube  | [Normal]     | 59%    |   90.1ms | FREE KARMELO ANTHONY:: WHITE SUPREMACIST...
[GAMING/GAM] | YouTube  | [Normal]     | 87%    |   84.8ms | i wanna watch iron lung SOOOOO bad icl...
[ENTERTAINM] | YouTube  | [Normal]     | 90%    |   60.2ms | mr bets...
[GAMING/GAM] | YouTube  | [Normal]     | 97%    |   62.2ms | Harness  Mark?...
[GAMING/GAM] | YouTube  | [Normal]     | 98%    |   73.5ms | :hand-pink-waving:...
[ENTERTAINM] | YouTube  | [Normal]     | 95%    |   72.5ms | halo adakah Indonesia nonton...
[ENTERTAINM] | YouTube  | [Normal]     | 96%    |   63.1ms | LeBron James...
[ENTERTAINM] | YouTube  | [Normal]     | 92%    |   74.9ms | i don't know...
[GAMING/GAM] | YouTube  | [Normal]     | 94%    |   85.3ms | BRO I WANNA BE AN ANAOMOLY!! YESS!!...
[GAMING/GAM] | YouTube  | [Normal]     | 95%    |   71.7ms | vote for anomaly's...
[GAMING/GAM] | YouTube  | [Normal]     | 97%    |   87.0ms | TY FOR THE MEMBERSHIP:_markiHEART:...
[ENTERTAINM] | YouTube  | [Normal]     | 56%    |   63.4ms | omggg...
[ENTERTAINM] | YouTube  | [Normal]     | 90%    |   57.5ms | 🄷🄴🄻🄻🄾🄾...
[ENTERTAINM] | YouTube  | [Normal]     | 94%    |   59.0ms | to old...
[GAMING/GAM] | YouTube  | [Normal]     | 81%    |   71.3ms | Look at him making up excuses...
[ENTERTAINM] | YouTube  | [Normal]     | 98%    |   84.6ms | It is my dream to receive a gift from yo...
[GAMING/GAM] | YouTube  | [Normal]     | 93%    |   91.7ms | was there always a tv control thing in t...
[GAMING/GAM] | YouTube  | [Normal]     | 96%    |   62.4ms | I MADE IT...
[GAMING/GAM] | YouTube  | [Normal]     | 97%    |   63.3ms | thank youuuuu...
[GAMING/GAM] | YouTube  | [Normal]     | 96%    |   60.4ms | firework?...
[GAMING/GAM] | YouTube  | [Normal]     | 96%    |   59.2ms | flare???...
[GAMING/GAM] | YouTube  | [Normal]     | 93%    |   72.7ms | Still never got over clickolding...
[GAMING/SUR] | YouTube  | [Normal]     | 94%    |   75.4ms | that patrol heli got lucky this time...
[GAMING/GAM] | YouTube  | [Normal]     | 89%    |   71.3ms | THERES A MOUSE TRAP IN THE BASEMENT...
[ENTERTAINM] | YouTube  | [Normal]     | 95%    |   88.1ms | уууууууурааааа...
[ENTERTAINM] | YouTube  | [Normal]     | 96%    |   73.9ms | ive heard bout neistat...
[SPORTS/FOO] | YouTube  | [Normal]     | 90%    |   58.9ms | ยับ...
[GAMING/GAM] | YouTube  | [Normal]     | 95%    |   89.6ms | I'm on the toilet can bring a 20 inch mo...
[GAMING/GAM] | YouTube  | [Normal]     | 94%    |   68.1ms | i swear something was moving under the b...
[GAMING/SUR] | YouTube  | [Normal]     | 97%    |   83.6ms | :eyes-purple-crying::eyes-purple-crying:...
[GAMING/SUR] | YouTube  | [Normal]     | 92%    |   71.2ms | Welyn the ultimate optimist...
[GAMING/GAM] | YouTube  | [Normal]     | 95%    |   68.7ms | extra mouse trap in cellar...
[ENTERTAINM] | YouTube  | [Normal]     | 93%    |   58.1ms | KPOP...
[ENTERTAINM] | YouTube  | [Normal]     | 97%    |   93.3ms | :red_heart::red_heart::red_heart:...
[ENTERTAINM] | YouTube  | [Normal]     | 92%    |   65.3ms | z...
[ENTERTAINM] | YouTube  | [Normal]     | 96%    |   65.7ms | Yuppp...
[ENTERTAINM] | YouTube  | [Normal]     | 96%    |  111.6ms | I’m a really big fan of your channel  an...
[GAMING/GAM] | YouTube  | [Normal]     | 91%    |   68.6ms | I SEE NASA PEEPO...
[ENTERTAINM] | YouTube  | [Normal]     | 94%    |   63.3ms | Mrbest hi...
[PSYCHOLOGY] | YouTube  | [Normal]     | 93%    |   57.0ms | tech...
[ENTERTAINM] | YouTube  | [Normal]     | 96%    |   58.0ms | lol...
[GAMING/SUR] | YouTube  | [Normal]     | 95%    |   65.4ms | 2000 SCRAP LATER...
[GAMING/GAM] | YouTube  | [Normal]     | 97%    |   72.2ms | What’s the lore of this game?...
[GAMING/GAM] | YouTube  | [Normal]     | 93%    |   51.4ms | THE CHAIR...
[PSYCHOLOGY] | YouTube  | [HATE]       | 51%    |  107.1ms | So women get stuck in their own animus b...
[GAMING/GAM] | YouTube  | [Normal]     | 83%    |   59.1ms | Underneath the bed...
[GAMING/SUR] | YouTube  | [Normal]     | 95%    |   53.2ms | Repair armour...
[MUSIC/CHIL] | YouTube  | [Normal]     | 98%    |   72.7ms | .:face-turquoise-music-note:...
[ENTERTAINM] | YouTube  | [Normal]     | 94%    |   69.0ms | q...
[ENTERTAINM] | YouTube  | [Normal]     | 97%    |   68.5ms | try tecnoblade...
[ENTERTAINM] | YouTube  | [Normal]     | 90%    |   63.0ms | we only know jimmy...
[ENTERTAINM] | YouTube  | [Normal]     | 95%    |   78.0ms | MR BEAST 6000 OOOOOOOOOOOOH...
[GAMING/GAM] | YouTube  | [Normal]     | 92%    |   55.2ms | ooh...
[ENTERTAINM] | YouTube  | [Normal]     | 96%    |   65.5ms | am from sweden...
[GAMING/GAM] | YouTube  | [Normal]     | 97%    |   56.6ms | pro fireworks...
[GAMING/GAM] | YouTube  | [Normal]     | 49%    |   62.1ms | That’s creepy...
[ENTERTAINM] | YouTube  | [Normal]     | 98%    |   68.2ms | love you Jimmy. love from India...
[SELF-HELP/] | YouTube  | [Normal]     | 92%    |   90.8ms | Piccolo: "Power comes in response to a n...
[ENTERTAINM] | YouTube  | [Normal]     | 97%    |   86.1ms | ХУУУУУУУУУУУЙ...
[MUSIC/CHIL] | YouTube  | [Normal]     | 98%    |   95.7ms | Cold coffee :hot_beverage::face_with_tea...
[GAMING/GAM] | YouTube  | [Normal]     | 93%    |   75.7ms | the mouse trap in basement mark  check i...
[GAMING/GAM] | YouTube  | [Normal]     | 97%    |   74.0ms | Papers on the table in the cabin are mov...
[MUSIC/CHIL] | YouTube  | [Normal]     | 97%    |   75.6ms | :face-blue-smiling:...
[PSYCHOLOGY] | YouTube  | [Normal]     | 93%    |   56.4ms | Inversion...
[ENTERTAINM] | YouTube  | [Normal]     | 94%    |   70.7ms | Mr beast Can you give me computer?...
[GAMING/GAM] | YouTube  | [Normal]     | 97%    |   69.3ms | bootle at the pierrrü...
[SELF-HELP/] | YouTube  | [Normal]     | 94%    |  124.0ms | Oh. That's how I spent 8 years with a co...
[GAMING/GAM] | YouTube  | [Normal]     | 93%    |   71.5ms | yard is hunted for sure...
[GAMING/GAM] | YouTube  | [Normal]     | 97%    |   74.8ms | cross on the pier moving closer?...
[MUSIC/CHIL] | YouTube  | [Normal]     | 97%    |   80.7ms | :musical_note::tumbler_glass:...
[GAMING/GAM] | YouTube  | [Normal]     | 97%    |   69.6ms | wait is this markiplier?...
[ENTERTAINM] | YouTube  | [Normal]     | 97%    |   90.3ms | siuuuuuuuuuuuu...
[NEWS/LIVE ] | YouTube  | [Normal]     | 90%    |   85.2ms | KARMELO IS DONE. BYE BYE DUMB LACK BOY....
[SPORTS/FOO] | YouTube  | [Normal]     | 61%    |   73.9ms | LETS SEE BRAZILL WILL LET YOU HAHAHA...
[GAMING/SUR] | YouTube  | [Normal]     | 93%    |   65.3ms | the gate airlocks...
[GAMING/GAM] | YouTube  | [Normal]     | 96%    |   67.9ms | MAKE SURE TO DOUBLE CHECK CAMERAS MARK...
[ENTERTAINM] | YouTube  | [Normal]     | 94%    |   82.6ms | Mr beast can you give me a laptop i am f...
[GAMING/GAM] | YouTube  | [Normal]     | 90%    |   57.8ms | the fuse...
[GAMING/GAM] | YouTube  | [Normal]     | 97%    |   62.0ms | PURPLE SCARF IS NOT AN ANOMALY...
[GAMING/GAM] | YouTube  | [OFFENSIVE]  | 53%    |   77.0ms | :face-fuchsia-tongue-out:...
[GAMING/GAM] | YouTube  | [Normal]     | 92%    |   58.8ms | Breaker box...
[MUSIC/CHIL] | YouTube  | [Normal]     | 94%    |   63.2ms | blinkit block...
[ENTERTAINM] | YouTube  | [Normal]     | 69%    |   75.0ms | when are you coming to Indonesia Mr beas...
[ENTERTAINM] | YouTube  | [Normal]     | 95%    |   87.3ms | :person-turqouise-waving:...
[GAMING/SUR] | YouTube  | [Normal]     | 89%    |   66.2ms | whats the TC...
[MUSIC/CHIL] | YouTube  | [Normal]     | 40%    |   72.7ms | Raggy that's true bro...
[MUSIC/CHIL] | YouTube  | [Normal]     | 96%    |   83.5ms | :moai::blue_heart:...
[GAMING/GAM] | YouTube  | [Normal]     | 95%    |   57.8ms | hello...
[ENTERTAINM] | YouTube  | [Normal]     | 95%    |   60.1ms | HIIII...
[GAMING/GAM] | YouTube  | [Normal]     | 96%    |   78.7ms | was that bucket always in the cabin ?...
[GAMING/GAM] | YouTube  | [Normal]     | 95%    |   79.4ms | @markiplier looks like eyes in the TV...
[ENTERTAINM] | YouTube  | [Normal]     | 98%    |  107.9ms | please give me 10000 :heavy_dollar_sign:...
[ENTERTAINM] | YouTube  | [Normal]     | 93%    |   70.7ms | yeeeeeeeeeeeeeees...
[GAMING/GAM] | YouTube  | [Normal]     | 94%    |   68.6ms | extra plank at the pier...
[GAMING/GAM] | YouTube  | [Normal]     | 97%    |   57.3ms | EXTRA SACK IN BASEMENT...
[ENTERTAINM] | YouTube  | [Normal]     | 97%    |   74.1ms | been watching since the intros!!!...
[NEWS/LIVE ] | YouTube  | [Normal]     | 96%    |   60.6ms | All lives matter Michael...
[GAMING/GAM] | YouTube  | [Normal]     | 97%    |   68.2ms | Extra bottle by door on pier!!...
[GAMING/GAM] | YouTube  | [Normal]     | 93%    |   66.0ms | EXTRA BOTTLE PIER...
[GAMING/GAM] | YouTube  | [Normal]     | 96%    |   68.4ms | it's the wind!...
[GAMING/GAM] | YouTube  | [Normal]     | 97%    |   67.8ms | light in yard??...
[GAMING/SUR] | YouTube  | [Normal]     | 95%    |   74.8ms | that game looks like gta mad max...
[GAMING/GAM] | YouTube  | [Normal]     | 96%    |   83.8ms | the light is changing a bit  but no anom...
[GAMING/GAM] | YouTube  | [Normal]     | 88%    |   60.6ms | cross on the dock...
[ENTERTAINM] | YouTube  | [Normal]     | 97%    |   59.4ms | please gift me...
[GAMING/GAM] | YouTube  | [Normal]     | 87%    |   73.5ms | WE ALL BELIEVED IN YOU MARKKKK...
[PSYCHOLOGY] | YouTube  | [Normal]     | 96%    |   80.7ms | @Moonlight_dark-47 thank you bro...
[GAMING/GAM] | YouTube  | [Normal]     | 77%    |   67.3ms | haha too much wood...
[GAMING/GAM] | YouTube  | [Normal]     | 97%    |   66.5ms | THE FUSE BOX...
[GAMING/GAM] | YouTube  | [Normal]     | 94%    |   81.4ms | Why can’t I send super chats...
[ENTERTAINM] | YouTube  | [Normal]     | 90%    |   58.8ms | USA...
[ENTERTAINM] | YouTube  | [Normal]     | 94%    |   68.4ms | indonesia...
[GAMING/GAM] | YouTube  | [Normal]     | 87%    |   60.1ms | no...
[GAMING/GAM] | YouTube  | [Normal]     | 94%    |   69.6ms | smaller barrel basement=...
[ENTERTAINM] | YouTube  | [Normal]     | 93%    |   58.3ms | Ukraine...
[GAMING/SUR] | YouTube  | [Normal]     | 94%    |   62.1ms | Rust is 100...
[GAMING/GAM] | YouTube  | [Normal]     | 94%    |   73.6ms | henlo mr observation duty iplier...
[ENTERTAINM] | YouTube  | [Normal]     | 94%    |   58.6ms | Hi...
[SELF-HELP/] | YouTube  | [Normal]     | 94%    |   86.2ms | @laffeybunn8557 bro just take the first ...
[ENTERTAINM] | YouTube  | [Normal]     | 92%    |   58.6ms | Russia...
[GAMING/GAM] | YouTube  | [Normal]     | 86%    |   95.5ms | Every time I see Mark I think of "Where'...
[ENTERTAINM] | YouTube  | [Normal]     | 97%    |   91.8ms | i haven't receive my cookie yet i haven'...
[GAMING/SUR] | YouTube  | [Normal]     | 93%    |   61.4ms | Yes...
[ENTERTAINM] | YouTube  | [Normal]     | 91%    |   64.4ms | Australia...
[GAMING/SUR] | YouTube  | [HATE]       | 48%    |   68.2ms | Go oil let them set up turrets...
[MUSIC/CHIL] | YouTube  | [Normal]     | 98%    |  145.6ms | Rich with neighbour wifi :face_with_tear...
[GAMING/GAM] | YouTube  | [Normal]     | 91%    |  117.0ms | camera malfunction means the camera does...
[GAMING/SUR] | YouTube  | [Normal]     | 87%    |   61.3ms | get turrets up...
[ENTERTAINM] | YouTube  | [Normal]     | 94%    |   64.0ms | 1...
[GAMING/GAM] | YouTube  | [Normal]     | 93%    |   67.8ms | Think that was there before...
[GAMING/GAM] | YouTube  | [Normal]     | 81%    |   66.2ms | Too many pillars in the stairwell...
[ENTERTAINM] | YouTube  | [Normal]     | 93%    |   67.0ms | India...
[GAMING/GAM] | YouTube  | [Normal]     | 90%    |   74.7ms | light anomaly in the yard good sir...
[GAMING/GAM] | YouTube  | [Normal]     | 96%    |   66.8ms | barrels in basement...
[GAMING/GAM] | YouTube  | [Normal]     | 97%    |   70.3ms | THE FUSE BOX IS OPEN!!!...
[GAMING/GAM] | YouTube  | [Normal]     | 39%    |   61.0ms | Goon...
[ENTERTAINM] | YouTube  | [Normal]     | 94%    |   59.4ms | 1...
[GAMING/SUR] | YouTube  | [Normal]     | 96%    |  101.0ms | Dude I love welyn can’t wait to see his ...
[GAMING/GAM] | YouTube  | [Normal]     | 96%    |   70.0ms | Spinning pillar in stairwell...
[ENTERTAINM] | YouTube  | [Normal]     | 94%    |   56.3ms | 1...
[ENTERTAINM] | YouTube  | [Normal]     | 94%    |   57.9ms | 1...
[GAMING/GAM] | YouTube  | [Normal]     | 97%    |   71.3ms | The yard!!!...
[GAMING/GAM] | YouTube  | [Normal]     | 96%    |   70.4ms | pillar spinning in stairway...
[GAMING/GAM] | YouTube  | [Normal]     | 96%    |   59.9ms | HI mark...
[GAMING/GAM] | YouTube  | [Normal]     | 95%    |   62.8ms | movement...
[GAMING/GAM] | YouTube  | [Normal]     | 97%    |   74.5ms | radio. under the stairs...
[GAMING/GAM] | YouTube  | [Normal]     | 94%    |   65.0ms | LIGHTHOUSE SPINNING OTHER WAY...
[GAMING/GAM] | YouTube  | [Normal]     | 89%    |   57.4ms | YOOOO...
[GAMING/GAM] | YouTube  | [Normal]     | 97%    |   80.2ms | Did the ladder move on the Lantern room...
[GAMING/GAM] | YouTube  | [Normal]     | 95%    |   63.1ms | EWW...
[GAMING/GAM] | YouTube  | [Normal]     | 95%    |   61.2ms | featuring the creature...
[GAMING/GAM] | YouTube  | [Normal]     | 96%    |   70.6ms | Fuse box pl I beg...
[GAMING/GAM] | YouTube  | [Normal]     | 74%    |   67.4ms | he be crawlin...
[GAMING/GAM] | YouTube  | [Normal]     | 94%    |   68.8ms | THEY ROTATED THE BARRELS...
[GAMING/GAM] | YouTube  | [Normal]     | 53%    |   76.8ms | wonder what they do to "fix" it...
[GAMING/GAM] | YouTube  | [Normal]     | 96%    |   60.2ms | FUSE BOX...
[GAMING/GAM] | YouTube  | [Normal]     | 84%    |   78.0ms | movement on barrels they weren't facing ...
[GAMING/GAM] | YouTube  | [HATE]       | 36%    |   59.5ms | Youre crazy...
[ENTERTAINM] | YouTube  | [Normal]     | 96%    |   91.2ms | iiiiiiiiiiiiiiiiiiiiiiiiiiiiiiiiiiiiiii...
[GAMING/SUR] | YouTube  | [Normal]     | 92%    |   73.0ms | You had extra scrap SOMEWHERE...
[GAMING/GAM] | YouTube  | [Normal]     | 91%    |   68.1ms | WE ARE TRYING...
[ENTERTAINM] | YouTube  | [Normal]     | 98%    |  223.5ms | sir please please help me sir please hel...
[PSYCHOLOGY] | YouTube  | [Normal]     | 95%    |   65.4ms | :(...
[GAMING/GAM] | YouTube  | [Normal]     | 96%    |   80.3ms | I just watched ur other vids on observat...
[ENTERTAINM] | YouTube  | [Normal]     | 97%    |   65.3ms | hi :waving_hand:...
[MUSIC/CHIL] | YouTube  | [Normal]     | 98%    |  108.4ms | momo:face-blue-smiling::face-blue-smilin...
[GAMING/GAM] | YouTube  | [Normal]     | 95%    |   83.8ms | wasn't there 4 mousetraps in the basemen...
[GAMING/GAM] | YouTube  | [Normal]     | 93%    |   68.3ms | the pillar in the stairwell maybe...
[PSYCHOLOGY] | YouTube  | [Normal]     | 95%    |   67.8ms | dissregulation...
[GAMING/SUR] | YouTube  | [Normal]     | 88%    |   66.5ms | hear helo...
[ENTERTAINM] | YouTube  | [Normal]     | 97%    |   66.7ms | :pirate_flag:...
[MUSIC/CHIL] | YouTube  | [Normal]     | 97%    |   76.3ms | :face-turquoise-covering-eyes:...
[GAMING/GAM] | YouTube  | [Normal]     | 96%    |   59.9ms | MARK BARRELS...
[ENTERTAINM] | YouTube  | [Normal]     | 98%    |  102.7ms | :triangular_flag::triangular_flag::trian...
[ENTERTAINM] | YouTube  | [Normal]     | 91%    |   65.7ms | hiie...
[GAMING/GAM] | YouTube  | [Normal]     | 95%    |   75.2ms | this is bros next movie...
[GAMING/GAM] | YouTube  | [Normal]     | 95%    |   92.2ms | At the lighthouse the object that hangin...
[MUSIC/CHIL] | YouTube  | [Normal]     | 96%    |   68.0ms | evaru jagrata?...
[ENTERTAINM] | YouTube  | [Normal]     | 95%    |   55.9ms | hii...
[GAMING/GAM] | YouTube  | [Normal]     | 97%    |   63.7ms | rotat...
[MUSIC/CHIL] | YouTube  | [Normal]     | 96%    |   91.5ms | Rabbia i am good and you:red_heart:...
[ENTERTAINM] | YouTube  | [Normal]     | 95%    |   60.5ms | hiii...
[PSYCHOLOGY] | YouTube  | [Normal]     | 78%    |  137.8ms | I heard the joke that when aliens will v...
[GAMING/GAM] | YouTube  | [Normal]     | 96%    |   61.5ms | shadow moved in bain...
[ENTERTAINM] | YouTube  | [Normal]     | 97%    |   68.4ms | Welcome New Member!...
[SPORTS/FOO] | YouTube  | [Normal]     | 95%    |   60.7ms | ternate...
[GAMING/GAM] | YouTube  | [Normal]     | 96%    |   73.3ms | MUG MISSING FROM TOP OF LIGHTHOUSE TABLE...
[GAMING/GAM] | YouTube  | [Normal]     | 97%    |   73.7ms | Extra object on table  top of light hous...
[ENTERTAINM] | YouTube  | [Normal]     | 95%    |   69.1ms | Do virat kohli poll...
[GAMING/GAM] | YouTube  | [Normal]     | 95%    |  106.8ms | There's a bottle on the front crates in ...
[ENTERTAINM] | YouTube  | [Normal]     | 95%    |   63.2ms | congratulations...
[GAMING/GAM] | YouTube  | [Normal]     | 95%    |   80.4ms | Theres a light on the door in the yard!...
[PSYCHOLOGY] | YouTube  | [Normal]     | 94%    |   98.8ms | I can't remeber if anima or animus is ma...
[ENTERTAINM] | YouTube  | [Normal]     | 97%    |  109.1ms | thank you Jimmy for deciding to join the...
[GAMING/GAM] | YouTube  | [Normal]     | 96%    |   60.0ms | the light is mine...
[MUSIC/CHIL] | YouTube  | [Normal]     | 94%    |   55.1ms | kya...
[ENTERTAINM] | YouTube  | [Normal]     | 97%    |   70.8ms | :man_raising_hand:...
[ENTERTAINM] | YouTube  | [Normal]     | 92%    |   65.3ms | How do you feel right now...
[GAMING/SUR] | YouTube  | [Normal]     | 88%    |   69.5ms | hey i have that ak skin...
[ENTERTAINM] | YouTube  | [Normal]     | 98%    |  160.6ms | :fog::fog::fog::neutral_face::neutral_fa...
[GAMING/GAM] | YouTube  | [Normal]     | 94%    |   58.3ms | Silver lounge...
[GAMING/SUR] | YouTube  | [Normal]     | 97%    |   72.0ms | wow he does read youtube chat lol...
[MUSIC/CHIL] | YouTube  | [Normal]     | 92%    |   57.5ms | exit...
[SELF-HELP/] | YouTube  | [Normal]     | 95%    |   63.8ms | doing it right now ngl...
[GAMING/GAM] | YouTube  | [Normal]     | 94%    |   76.3ms | BROKEN RAIL ON LEFT MOVED IN STAIRWELL...
[ENTERTAINM] | YouTube  | [Normal]     | 98%    |  346.7ms | :revolving_hearts::revolving_hearts::rev...
[GAMING/GAM] | YouTube  | [Normal]     | 97%    |   67.2ms | ROTATING PILLAR IN STAIRWELL!!!!...
[ENTERTAINM] | YouTube  | [Normal]     | 96%    |   72.3ms | МИСТЕР БИСТ...
[GAMING/GAM] | YouTube  | [Normal]     | 95%    |   60.3ms | stair well railing moved...
[GAMING/GAM] | YouTube  | [Normal]     | 97%    |   58.5ms | thank you :3...
[GAMING/GAM] | YouTube  | [Normal]     | 96%    |   79.9ms | We watch distractible  man. Come on now....
[ENTERTAINM] | YouTube  | [Normal]     | 97%    |   66.1ms | Love from India...
[ENTERTAINM] | YouTube  | [Normal]     | 93%    |   64.3ms | india...
[GAMING/GAM] | YouTube  | [Normal]     | 95%    |   63.6ms | PICTURE ABOVE BED...
[ENTERTAINM] | YouTube  | [Normal]     | 95%    |   61.5ms | hii mr beast...
[GAMING/GAM] | YouTube  | [Normal]     | 95%    |   66.1ms | THE OTHER BOTTLE ON THE PIER...
[GAMING/GAM] | YouTube  | [Normal]     | 83%    |   61.7ms | wrong bottle...
[ENTERTAINM] | YouTube  | [Normal]     | 95%    |   59.5ms | 10k LEFT...
[GAMING/GAM] | YouTube  | [Normal]     | 95%    |   67.1ms | RED BARREL IN THE BASEMENTTTTT...
[ENTERTAINM] | YouTube  | [Normal]     | 81%    |   70.4ms | Where are you from/are you...
[GAMING/GAM] | YouTube  | [Normal]     | 97%    |   74.7ms | Broken red railing in the spiral stairca...
[GAMING/SUR] | YouTube  | [Normal]     | 92%    |   62.3ms | hahahahaahaha...
[ENTERTAINM] | YouTube  | [Normal]     | 82%    |  152.6ms | dhoni x messi:goat::goat::goat::goat::go...
[GAMING/GAM] | YouTube  | [Normal]     | 96%    |   55.6ms | stairWELL mark...
[GAMING/GAM] | YouTube  | [Normal]     | 94%    |   85.1ms | BigFoot is no longer in gaming limbo  an...
[GAMING/GAM] | YouTube  | [Normal]     | 91%    |   79.3ms | MARK THE GAS CAN MOVED IN THE YARD IM TE...
[SELF-HELP/] | YouTube  | [Normal]     | 94%    |   55.3ms | Hi...
[PSYCHOLOGY] | YouTube  | [Normal]     | 77%    |   58.7ms | Let him think...
[MUSIC/CHIL] | YouTube  | [Normal]     | 92%    |   93.4ms | it's against my morals to treat harshly ...
[GAMING/SUR] | YouTube  | [Normal]     | 92%    |   65.1ms | RIP Roe Jogan...
[GAMING/GAM] | YouTube  | [Normal]     | 93%    |   73.7ms | LIGHT ANOMALY AT THE YARD...
[ENTERTAINM] | YouTube  | [Normal]     | 98%    |   83.3ms | Historical live :rocket::rocket::rocket:...
[PSYCHOLOGY] | YouTube  | [Normal]     | 98%    |   71.0ms | chat am I cooked?...
[ENTERTAINM] | YouTube  | [Normal]     | 98%    |  243.4ms | wow :star_struck::star_struck::star_stru...
[ENTERTAINM] | YouTube  | [Normal]     | 98%    |  206.0ms | :face-blue-wide-eyes::face-blue-wide-eye...
[ENTERTAINM] | YouTube  | [Normal]     | 96%    |   78.9ms | hiiiiiiiiiiiii...
[GAMING/GAM] | YouTube  | [Normal]     | 88%    |   74.0ms | nooo there is one...
[ENTERTAINM] | YouTube  | [Normal]     | 94%    |   83.5ms | pls say umar pls sir...
[ENTERTAINM] | YouTube  | [Normal]     | 97%    |  113.2ms | :text-green-game-over::text-green-game-o...
[MUSIC/CHIL] | YouTube  | [Normal]     | 98%    |   92.9ms | Lisa :smiling_face_with_halo::bouquet:...
[ENTERTAINM] | YouTube  | [Normal]     | 94%    |   74.4ms | WERE GETTING IT THERE 500 MILL...
[ENTERTAINM] | YouTube  | [Normal]     | 85%    |   57.2ms | INDONESIAN HERE...
[GAMING/GAM] | YouTube  | [Normal]     | 87%    |   66.6ms | NOW WE ARE DROWNING...
[ENTERTAINM] | YouTube  | [Normal]     | 98%    |   81.3ms | :star:big fan Jimmy :star:...
[GAMING/GAM] | YouTube  | [Normal]     | 98%    |   78.7ms | purple on the railing of the lighthouse!...
[MUSIC/CHIL] | YouTube  | [Normal]     | 97%    |   76.9ms | los recogen rápido...
[GAMING/GAM] | YouTube  | [Normal]     | 91%    |   65.9ms | Turn...
[ENTERTAINM] | YouTube  | [Normal]     | 98%    |  198.0ms | :whistle-red-blow::whistle-red-blow::whi...
[GAMING/GAM] | YouTube  | [Normal]     | 92%    |   71.8ms | No Mark tell us...
[GAMING/GAM] | YouTube  | [Normal]     | 75%    |   78.4ms | Mark soundin like an annoyed mom...
[GAMING/GAM] | YouTube  | [Normal]     | 95%    |   92.9ms | OBJECT MOVEMENT CANNISTER IN LIGHT...
[GAMING/GAM] | YouTube  | [Normal]     | 86%    |   77.6ms | UNDER THE BED...
[GAMING/SUR] | YouTube  | [Normal]     | 90%    |   65.5ms | Make me laugh...
[ENTERTAINM] | YouTube  | [Normal]     | 95%    |   64.3ms | hello...
[GAMING/SUR] | YouTube  | [Normal]     | 95%    |   69.3ms | E BRANCH...
[ENTERTAINM] | YouTube  | [Normal]     | 94%    |   62.4ms | hi from...
[GAMING/GAM] | YouTube  | [Normal]     | 96%    |   74.3ms | LIGHT ANAMOLY OUTSIDE...
[GAMING/GAM] | YouTube  | [Normal]     | 92%    |   65.6ms | RAILING LEFT...
[GAMING/GAM] | YouTube  | [Normal]     | 96%    |   73.5ms | BROKEN RAIL STAIRWELL MOVED!...
[MUSIC/CHIL] | YouTube  | [Normal]     | 94%    |   70.0ms | 74...
[GAMING/GAM] | YouTube  | [Normal]     | 91%    |  107.4ms | Mark! You should play Ena Dream BBQ  I t...
[GAMING/SUR] | YouTube  | [Normal]     | 96%    |   85.1ms | Play Marathon  it's a really good game t...
[GAMING/GAM] | YouTube  | [Normal]     | 96%    |   69.1ms | Missing object on interior...
[GAMING/SUR] | YouTube  | [Normal]     | 96%    |   82.0ms | Oh no. Wire everywhere incoming...
[GAMING/GAM] | YouTube  | [Normal]     | 96%    |   74.9ms | Hi mark...
[GAMING/SUR] | YouTube  | [Normal]     | 90%    |   74.8ms | Root combiners...
[GAMING/SUR] | YouTube  | [Normal]     | 95%    |   84.1ms | Awe… did Roe Jogan pass?...
[GAMING/GAM] | YouTube  | [Normal]     | 90%    |  108.5ms | You should make the movie adaptation of ...
[ENTERTAINM] | YouTube  | [Normal]     | 98%    |   86.2ms | 1 billion before GTA6?...
[GAMING/GAM] | YouTube  | [Normal]     | 93%    |   93.2ms | is iron lung going to be on a streaming ...
[ENTERTAINM] | YouTube  | [Normal]     | 95%    |   64.1ms | hello...
[ENTERTAINM] | YouTube  | [Normal]     | 94%    |   75.1ms | please give me iphone...
[ENTERTAINM] | YouTube  | [Normal]     | 94%    |   81.6ms | hi...
[GAMING/SUR] | YouTube  | [Normal]     | 93%    |   87.5ms | ELEC BRANCH ONLY 10 POWER PER...
[NEWS/LIVE ] | YouTube  | [Normal]     | 87%    |   90.0ms | Boston is like the Cancer Capital of the...
[GAMING/GAM] | YouTube  | [Normal]     | 91%    |   61.1ms | top left...
[LIFESTYLE/] | YouTube  | [Normal]     | 90%    |  126.5ms | I wonder if this man on the road needs h...
[ENTERTAINM] | YouTube  | [Normal]     | 94%    |   71.9ms | hi...
[GAMING/GAM] | YouTube  | [Normal]     | 85%    |   85.1ms | you’re almost to the end!!!...
[GAMING/GAM] | YouTube  | [Normal]     | 81%    |  124.4ms | Railing in the stairwell changed I'm not...
[GAMING/GAM] | YouTube  | [Normal]     | 96%    |   95.3ms | STAIRWELL: left side railing moved  you ...
[GAMING/GAM] | YouTube  | [Normal]     | 97%    |   82.8ms | Missing item in interior! under the map!...
[GAMING/GAM] | YouTube  | [Normal]     | 91%    |   72.3ms | must have been the wind...
[ENTERTAINM] | YouTube  | [Normal]     | 72%    |   73.3ms | CONGRATSSS...
[GAMING/SUR] | YouTube  | [Normal]     | 94%    |   78.3ms | 10...
[ENTERTAINM] | YouTube  | [Normal]     | 94%    |   73.6ms | congrats...
[PSYCHOLOGY] | YouTube  | [Normal]     | 87%    |   93.7ms | omg i wanna hear her day " get in the ch...
[GAMING/SUR] | YouTube  | [Normal]     | 96%    |   93.5ms | my adhd loves how the power boxes are pe...
[ENTERTAINM] | YouTube  | [Normal]     | 98%    |  101.1ms | :triangular_flag::triangular_flag::trian...
[GAMING/GAM] | YouTube  | [Normal]     | 96%    |   96.0ms | MARK THE RAILING HAS MOVED IN THE STAIRW...
[GAMING/GAM] | YouTube  | [Normal]     | 95%    |   79.8ms | MISSING OBJECT ON THE DESK IN INTERIOR...
[ENTERTAINM] | YouTube  | [Normal]     | 96%    |   67.6ms | New member...
[ENTERTAINM] | YouTube  | [Normal]     | 97%    |  368.1ms | :finger-red-number-one::finger-red-numbe...
[GAMING/GAM] | YouTube  | [Normal]     | 95%    |   78.9ms | there is a camera anomaly top left...
[GAMING/GAM] | YouTube  | [Normal]     | 97%    |   67.0ms | EXTRA SACK IN BASEMENT...
[GAMING/GAM] | YouTube  | [Normal]     | 94%    |   68.2ms | missing object  typewriter  desk  interi...
[GAMING/SUR] | YouTube  | [Normal]     | 94%    |   76.5ms | RIP...
[GAMING/GAM] | YouTube  | [Normal]     | 94%    |   70.1ms | AAA...
[ENTERTAINM] | YouTube  | [Normal]     | 97%    |  121.7ms | :red_heart::red_heart::red_heart::red_he...
[GAMING/GAM] | YouTube  | [Normal]     | 85%    |   66.8ms | DEMON...
[ENTERTAINM] | YouTube  | [Normal]     | 97%    |   78.5ms | Mr beast can I have a cookie...
[GAMING/GAM] | YouTube  | [Normal]     | 87%    |   83.7ms | I think there's an intruder in the basem...
[GAMING/GAM] | YouTube  | [Normal]     | 94%    |   58.7ms | dear lord...
[GAMING/GAM] | YouTube  | [Normal]     | 93%    |   76.6ms | THAT GOT ME...
[MUSIC/CHIL] | YouTube  | [Normal]     | 96%    |  166.6ms | mai shadi karunga tab aogii aap ???:roll...
[GAMING/GAM] | YouTube  | [Normal]     | 89%    |  148.3ms | THE BBROKEN RAILING IN THE STAIRWELL MOV...
[GAMING/GAM] | YouTube  | [Normal]     | 92%    |   68.6ms | BROKEN RAIL OBJECT MOVEMENT IN STAIRWELL...
[GAMING/GAM] | YouTube  | [Normal]     | 85%    |   63.0ms | DEAD BODY ON CABIN...
[GAMING/GAM] | YouTube  | [Normal]     | 95%    |   64.5ms | smoke in yard...
[ENTERTAINM] | YouTube  | [Normal]     | 94%    |   58.1ms | hi me...
[ENTERTAINM] | YouTube  | [Normal]     | 93%    |   71.8ms | hi from Kurdistan...
[GAMING/SUR] | YouTube  | [Normal]     | 94%    |   82.0ms | @fomo_9386 everyone almost cares...
[GAMING/GAM] | YouTube  | [Normal]     | 93%    |   68.9ms | desk missing object  interior...
[GAMING/GAM] | YouTube  | [Normal]     | 94%    |   65.0ms | IT DID...
[SELF-HELP/] | YouTube  | [OFFENSIVE]  | 35%    |   62.3ms | because intelligence bad...
[GAMING/GAM] | YouTube  | [Normal]     | 94%    |   71.0ms | 30 to go!...
[ENTERTAINM] | YouTube  | [Normal]     | 96%    |   83.8ms | What’s it like having the most subscribe...
[ENTERTAINM] | YouTube  | [Normal]     | 95%    |   60.3ms | please help...
[SELF-HELP/] | YouTube  | [Normal]     | 42%    |   69.1ms | too high iq is detrimental...
[GAMING/GAM] | YouTube  | [Normal]     | 96%    |   70.1ms | MISSING ITEM BY INTERIOR DESK...
[GAMING/GAM] | YouTube  | [Normal]     | 95%    |   62.5ms | Railing moved a little...
[SELF-HELP/] | YouTube  | [Normal]     | 95%    |   56.5ms | Idk...
[SELF-HELP/] | YouTube  | [Normal]     | 72%    |   76.5ms | Because that’s the average duhhh...
[GAMING/GAM] | YouTube  | [Normal]     | 95%    |   84.5ms | the top of the lighthouse down right cor...
[ENTERTAINM] | YouTube  | [Normal]     | 95%    |   90.9ms | Zoybean Pod!!!!...
[GAMING/GAM] | YouTube  | [Normal]     | 96%    |  111.7ms | :_markiSHUSH::_markiDEEP::_markiBRAIN:...
[GAMING/GAM] | YouTube  | [Normal]     | 92%    |   88.5ms | :brain::brain::brain::brain:...
[ENTERTAINM] | YouTube  | [Normal]     | 90%    |   59.4ms | ไง...
[GAMING/GAM] | YouTube  | [Normal]     | 91%    |   81.3ms | yeeeeeeeeaaaaaaasssssss...
[ENTERTAINM] | YouTube  | [Normal]     | 53%    |   66.0ms | wsp Jimmmyyy...
[GAMING/GAM] | YouTube  | [Normal]     | 95%    |   69.1ms | 2Nd!!!!...
[GAMING/GAM] | YouTube  | [Normal]     | 93%    |   66.0ms | YOU"RE WELCOME...
[ENTERTAINM] | YouTube  | [Normal]     | 97%    |  183.7ms | :face_screaming_in_fear::face_screaming_...
[SELF-HELP/] | YouTube  | [Normal]     | 94%    |   75.3ms | being smart is stressful and depressing...
[ENTERTAINM] | YouTube  | [Normal]     | 93%    |   82.1ms | DANIEL MAU 1JT DOLAR BANG MISTER BIS...
[GAMING/SUR] | YouTube  | [Normal]     | 83%    |   85.8ms | omg PEANUT YOURE MAKING IT WAY TO DIFFIC...
[GAMING/SUR] | YouTube  | [Normal]     | 80%    |   80.3ms | half wall the back side...
[GAMING/GAM] | YouTube  | [Normal]     | 61%    |   85.2ms | damn they really did an ARE YOU A ROBOT ...
[ENTERTAINM] | YouTube  | [Normal]     | 91%    |   81.5ms | w...
[GAMING/GAM] | YouTube  | [Normal]     | 87%    |   66.5ms | Broken rail movement...
[GAMING/GAM] | YouTube  | [Normal]     | 92%    |  112.5ms | Oooo... Don't die in the end... >-<...
[GAMING/GAM] | YouTube  | [Normal]     | 91%    |   83.8ms | hey mark I found an anomaly behind you...
[GAMING/GAM] | YouTube  | [Normal]     | 96%    |   67.9ms | WE WON...
[ENTERTAINM] | YouTube  | [Normal]     | 96%    |  119.5ms | @MrBeast I been watching you since 2022 ...
[ENTERTAINM] | YouTube  | [Normal]     | 96%    |   72.6ms | превет...
[ENTERTAINM] | YouTube  | [Normal]     | 98%    |  163.4ms | Winning a random person":coconut::coconu...
[ENTERTAINM] | YouTube  | [Normal]     | 91%    |   84.7ms | So  do you think that 1 Billion subs IS ...
[ENTERTAINM] | YouTube  | [Normal]     | 93%    |   79.3ms | hello mr beast...
[ENTERTAINM] | YouTube  | [Normal]     | 95%    |   72.9ms | Congratulations...
[ENTERTAINM] | YouTube  | [Normal]     | 97%    |  103.8ms | I'm 19 years old and I work in a Russian...
[GAMING/GAM] | YouTube  | [Normal]     | 91%    |   60.1ms | W...
[GAMING/GAM] | YouTube  | [Normal]     | 83%    |   99.9ms | Dun dun dun dunnnn.. dun dun dun dun...
[SELF-HELP/] | YouTube  | [Normal]     | 74%    |   65.0ms | no taxes...
[GAMING/GAM] | YouTube  | [Normal]     | 95%    |   69.5ms | NUMBER 1 <3...
[GAMING/GAM] | YouTube  | [Normal]     | 93%    |   80.5ms | NO IM NOT A HUMAN MOVIE PLS...
[ENTERTAINM] | YouTube  | [Normal]     | 95%    |   65.5ms | XD...
[GAMING/GAM] | YouTube  | [Normal]     | 95%    |   65.3ms | yay...
[GAMING/GAM] | YouTube  | [Normal]     | 96%    |   98.8ms | when is it coming to BRAZIL?????...
[ENTERTAINM] | YouTube  | [Normal]     | 94%    |   71.5ms | hi...
[GAMING/SUR] | YouTube  | [Normal]     | 89%    |   70.3ms | DO IT...
[ENTERTAINM] | YouTube  | [Normal]     | 92%    |   70.2ms | Hi mrbeast...
[SELF-HELP/] | YouTube  | [HATE]       | 69%    |   80.4ms | autistic traits lend to higher intellige...
[GAMING/GAM] | YouTube  | [Normal]     | 96%    |  147.9ms | Wait is this Iron Lung??? The #1 movie i...
[ENTERTAINM] | YouTube  | [Normal]     | 98%    |  178.5ms | :red_heart::red_heart::red_heart::red_he...
[GAMING/GAM] | YouTube  | [Normal]     | 91%    |  113.4ms | SO MUCH fanart of you in that shirtless ...
[ENTERTAINM] | YouTube  | [Normal]     | 95%    |   71.3ms | HELLO...
[ENTERTAINM] | YouTube  | [Normal]     | 98%    |  412.6ms | :buffering::stayhome::dothefive::person-...
[GAMING/GAM] | YouTube  | [Normal]     | 96%    |   97.8ms | outer wilds time...
[GAMING/GAM] | YouTube  | [Normal]     | 97%    |  113.9ms | I enjoyed the movie in Indiana  can’t wa...
[GAMING/SUR] | YouTube  | [Normal]     | 77%    |   83.8ms | That guy is super annoying...
[GAMING/GAM] | YouTube  | [Normal]     | 95%    |   95.0ms | GOODNIGHT...
[GAMING/GAM] | YouTube  | [Normal]     | 61%    |   83.7ms | WE ARE WIENERS...
[GAMING/GAM] | YouTube  | [Normal]     | 97%    |   87.2ms | Marky moo I love you...
[GAMING/GAM] | YouTube  | [Normal]     | 93%    |   79.9ms | YAYYY...
[GAMING/GAM] | YouTube  | [Normal]     | 96%    |   95.2ms | is it showing in UK???...
[GAMING/GAM] | YouTube  | [Normal]     | 91%    |   77.1ms | WHEN WHEN WHEN...
[GAMING/GAM] | YouTube  | [Normal]     | 86%    |   91.7ms | yeah  I can't leave the house...
[MUSIC/CHIL] | YouTube  | [Normal]     | 95%    |   80.5ms | :candy:...
[MUSIC/CHIL] | YouTube  | [Normal]     | 98%    |  117.4ms | :face-blue-wide-eyes::face-blue-wide-eye...
[ENTERTAINM] | YouTube  | [Normal]     | 94%    |   78.0ms | Hi...
[ENTERTAINM] | YouTube  | [Normal]     | 95%    |   78.2ms | 88888...
[GAMING/SUR] | YouTube  | [Normal]     | 89%    |   96.8ms | WELYNS KNOW WE APPREACIATE YOU...
[MUSIC/CHIL] | YouTube  | [Normal]     | 97%    |  101.3ms | lovely :smiling_face_with_heart_eyes:...
[GAMING/GAM] | YouTube  | [Normal]     | 92%    |   82.9ms | Yeah...
[GAMING/GAM] | YouTube  | [Normal]     | 87%    |  102.1ms | I have low blood sugar I can’t focus i s...
[ENTERTAINM] | YouTube  | [Normal]     | 94%    |   85.6ms | hi...
[GAMING/GAM] | YouTube  | [Normal]     | 98%    |   98.9ms | ONE EXTRA RED LIGHT IN COCKPIT TOP LEFT ...
[GAMING/GAM] | YouTube  | [Normal]     | 93%    |   87.3ms | I wasn’t looking...
[SELF-HELP/] | YouTube  | [Normal]     | 74%    |   88.9ms | you are but im not...
[GAMING/GAM] | YouTube  | [Normal]     | 94%    |  102.3ms | the stairwell railing on the stair broke...
[MUSIC/CHIL] | YouTube  | [Normal]     | 98%    |   95.1ms | hello:hand-pink-waving:...
[GAMING/GAM] | YouTube  | [Normal]     | 80%    |   86.9ms | WE’RE NOT DOGS...
[MUSIC/CHIL] | YouTube  | [Normal]     | 95%    |   85.3ms | :thinking_face:...
[GAMING/SUR] | YouTube  | [Normal]     | 94%    |  126.7ms | This is differently not gonna be Maduro ...
[MUSIC/CHIL] | YouTube  | [Normal]     | 98%    |   85.8ms | B R B :comet:...
[GAMING/GAM] | YouTube  | [Normal]     | 96%    |   92.4ms | FREDDY!!!!!...
[GAMING/GAM] | YouTube  | [Normal]     | 84%    |   97.0ms | plane says its on time  anomaly planes a...
[ENTERTAINM] | YouTube  | [Normal]     | 94%    |   69.2ms | congragulation...
[ENTERTAINM] | YouTube  | [Normal]     | 94%    |   59.6ms | hi...
[GAMING/GAM] | YouTube  | [Normal]     | 97%    |   81.2ms | Banana next to mug in the cockpit....
[GAMING/GAM] | YouTube  | [Normal]     | 89%    |   78.1ms | Someone was doing something in that bath...
[GAMING/GAM] | YouTube  | [Normal]     | 93%    |   69.7ms | PERSON IN A SEAT...
[ENTERTAINM] | YouTube  | [Normal]     | 95%    |   69.5ms | Congrats Jimmy...
[GAMING/GAM] | YouTube  | [Normal]     | 92%    |  109.5ms | mannnn he plays observation duty  but he...
[GAMING/SUR] | YouTube  | [Normal]     | 91%    |   68.9ms | !DISCORD...
[GAMING/GAM] | YouTube  | [Normal]     | 97%    |   92.5ms | I gotta run. have fun everyone. Bye Mark...
[ENTERTAINM] | YouTube  | [Normal]     | 97%    |   79.2ms | everyone loves a good heros journey...
[SPORTS/FOO] | YouTube  | [Normal]     | 96%    |  123.0ms | 지금생방아니에요???...
[GAMING/GAM] | YouTube  | [Normal]     | 55%    |   85.8ms | ALIEN LOOKING THING IN THE BACK OF THE E...
[GAMING/GAM] | YouTube  | [Normal]     | 96%    |   80.0ms | Idk man I just started paying attention...
[GAMING/GAM] | YouTube  | [Normal]     | 93%    |   79.6ms | I may be crazy but banana moved?...
[ENTERTAINM] | YouTube  | [Normal]     | 95%    |   60.8ms | hello...
[GAMING/GAM] | YouTube  | [Normal]     | 87%    |   75.4ms | Woooooo...
[ENTERTAINM] | YouTube  | [Normal]     | 97%    |   76.4ms | 500M PUSH...
[GAMING/GAM] | YouTube  | [Normal]     | 96%    |   85.4ms | MAY I get banned?...
[GAMING/GAM] | YouTube  | [Normal]     | 95%    |  100.2ms | this round's gonna get a ton of bans lma...
[ENTERTAINM] | YouTube  | [Normal]     | 95%    |  132.7ms | JiMMY can I get a shout out pls? and wha...
[GAMING/GAM] | YouTube  | [Normal]     | 91%    |   78.8ms | NO CAMERA SIGN IN BATHROOM...
[ENTERTAINM] | YouTube  | [Normal]     | 95%    |   96.1ms | Mr beast can you please give me an ipad ...
[GAMING/GAM] | YouTube  | [Normal]     | 93%    |  119.3ms | what has been your favorite horror game?...
[GAMING/GAM] | YouTube  | [HATE]       | 41%    |   91.6ms | what if they british? so social security...
[NEWS/LIVE ] | YouTube  | [Normal]     | 74%    |   77.8ms | STOP THE GENOCIDE...
[GAMING/GAM] | YouTube  | [Normal]     | 91%    |   65.1ms | tuff...
[GAMING/SUR] | YouTube  | [Normal]     | 89%    |   81.1ms | @traviii420 such a bad game...
[ENTERTAINM] | YouTube  | [Normal]     | 96%    |   62.7ms | hii sir...
[MUSIC/CHIL] | YouTube  | [Normal]     | 90%    |   84.4ms | oxigen :loudly_crying_face: yes u should...
[SELF-HELP/] | YouTube  | [Normal]     | 90%    |   72.5ms | how to solve rumination...
[ENTERTAINM] | YouTube  | [Normal]     | 96%    |   77.6ms | can you lower the cost of festable in in...
[GAMING/GAM] | YouTube  | [Normal]     | 95%    |   68.1ms | window by the gate...
[MUSIC/CHIL] | YouTube  | [HATE]       | 62%    |  132.2ms | No fights no friend neutral Raggy today ...
[GAMING/GAM] | YouTube  | [Normal]     | 97%    |   83.3ms | Gate entrance lights swapped I think?...
[GAMING/GAM] | YouTube  | [Normal]     | 91%    |   72.8ms | Mark is going mad with power...
[GAMING/GAM] | YouTube  | [Normal]     | 97%    |   73.3ms | Extra bottle on table with donuts?...
[GAMING/GAM] | YouTube  | [Normal]     | 96%    |   70.6ms | BClass extra hatch open...
[GAMING/GAM] | YouTube  | [OFFENSIVE]  | 86%    |   63.8ms | helllooo...
[ENTERTAINM] | YouTube  | [Normal]     | 95%    |   63.9ms | 67...
[ENTERTAINM] | YouTube  | [Normal]     | 92%    |   72.2ms | Hii you are the best...
[GAMING/GAM] | YouTube  | [Normal]     | 97%    |   63.7ms | COCKPIT FLOOR...
[GAMING/SUR] | YouTube  | [Normal]     | 92%    |   61.7ms | EAT...
[GAMING/GAM] | YouTube  | [Normal]     | 97%    |   71.0ms | Light shining through the cockpit...
[MUSIC/CHIL] | YouTube  | [Normal]     | 98%    |   89.7ms | :musical_notes::rose::cloud:...
[GAMING/SUR] | YouTube  | [Normal]     | 91%    |   81.4ms | i saw a turrent...
[GAMING/GAM] | YouTube  | [Normal]     | 79%    |   69.6ms | spooky...
[MUSIC/CHIL] | YouTube  | [Normal]     | 96%    |   74.2ms | aunque sean del espacio...
[ENTERTAINM] | YouTube  | [Normal]     | 96%    |   63.0ms | Jeeez...
[ENTERTAINM] | YouTube  | [Normal]     | 98%    |  160.7ms | As you soon reach 500 million subscriber...
[GAMING/GAM] | YouTube  | [Normal]     | 81%    |   71.1ms | TOILET...
[ENTERTAINM] | YouTube  | [Normal]     | 85%    |   62.9ms | wooooow...
[ENTERTAINM] | YouTube  | [Normal]     | 95%    |   59.7ms | hellooo...
[MUSIC/CHIL] | YouTube  | [Normal]     | 97%    |   97.4ms | :beer_mug::beer_mug::person_kneeling:...
[ENTERTAINM] | YouTube  | [Normal]     | 96%    |   57.7ms | love you...
[GAMING/GAM] | YouTube  | [Normal]     | 98%    |   68.3ms | B CLASS GREEN LIGHTS...
[GAMING/GAM] | YouTube  | [Normal]     | 97%    |   67.9ms | cockpit blanket on floor...
[GAMING/SUR] | YouTube  | [Normal]     | 94%    |   59.5ms | code leaked...
[GAMING/SUR] | YouTube  | [Normal]     | 85%    |   97.3ms | As long as it’s not the door codes too. ...
[GAMING/SUR] | YouTube  | [Normal]     | 97%    |   80.8ms | Like Minecraft on Fent?...
[ENTERTAINM] | YouTube  | [Normal]     | 96%    |   75.5ms | hi i am korean...
[ENTERTAINM] | YouTube  | [Normal]     | 96%    |   65.0ms | New member...
[GAMING/GAM] | YouTube  | [Normal]     | 94%    |   82.0ms | Economy class white cup...
[GAMING/GAM] | YouTube  | [Normal]     | 92%    |   90.5ms | THERES A MIRROR IN THE TOILET MARKIPLIER...
[GAMING/GAM] | YouTube  | [Normal]     | 88%    |   68.3ms | Intruder top left...
[GAMING/SUR] | YouTube  | [Normal]     | 90%    |  113.5ms | You aren't cooking literally enough. Bro...
[ENTERTAINM] | YouTube  | [Normal]     | 96%    |  120.5ms | :hundred_points::hundred_points::hundred...
[GAMING/GAM] | YouTube  | [Normal]     | 98%    |  127.3ms | Were the boarding gate/termnials always ...
[ENTERTAINM] | YouTube  | [Normal]     | 90%    |   70.0ms | bro you cooked...
[ENTERTAINM] | YouTube  | [Normal]     | 93%    |  107.6ms | @MrBeast BEEN SUBBED SINCE 2019! LOVE U ...
[SELF-HELP/] | YouTube  | [Normal]     | 95%    |   70.0ms | hello...
[NEWS/LIVE ] | YouTube  | [Normal]     | 95%    |   78.2ms | I mistyped because I have BIG hands lol...
[NEWS/LIVE ] | YouTube  | [Normal]     | 98%    |   91.3ms | lol exactly bro:hands-yellow-heart-red:...
[GAMING/SUR] | YouTube  | [Normal]     | 87%    |   73.5ms | LETSSS RIIIIDE!!!...
[GAMING/SUR] | YouTube  | [Normal]     | 98%    |  274.6ms | :face-blue-wide-eyes::face-blue-wide-eye...
[GAMING/SUR] | YouTube  | [Normal]     | 93%    |   75.7ms | USA USA USA...
[MUSIC/CHIL] | YouTube  | [Normal]     | 96%    |   71.9ms | best thi pr wo...
[GAMING/SUR] | YouTube  | [Normal]     | 94%    |   66.4ms | Ride harder...
[MUSIC/CHIL] | YouTube  | [Normal]     | 97%    |   97.0ms | abe chal na :face_with_tears_of_joy:...
[SELF-HELP/] | YouTube  | [Normal]     | 97%    |   78.4ms | is it a domestic flight?...
[GAMING/SUR] | YouTube  | [OFFENSIVE]  | 68%    |  136.9ms | :_LetsGo::_LetsGo::_LetsGo::_LetsRide::_...
[GAMING/SUR] | YouTube  | [OFFENSIVE]  | 73%    |   87.5ms | LETSSS GOOOOOOOOOOOOOO...
[GAMING/SUR] | YouTube  | [Normal]     | 88%    |   83.8ms | Thank god I don’t gotta watch hutch...
[GAMING/SUR] | YouTube  | [Normal]     | 86%    |   74.7ms | SLUR SATURDAY...
[GAMING/SUR] | YouTube  | [Normal]     | 95%    |  108.8ms | Hopefully he isn’t half asleep still :fa...
[MUSIC/CHIL] | YouTube  | [Normal]     | 96%    |   64.4ms | Nikita hy...
[GAMING/SUR] | YouTube  | [OFFENSIVE]  | 50%    |   74.8ms | godll cut ya down...
[MUSIC/CHIL] | YouTube  | [Normal]     | 96%    |   77.2ms | 300 € tamborilero...
[MUSIC/CHIL] | YouTube  | [Normal]     | 74%    |   85.2ms | abhy lol :woman_shrugging:...
[GAMING/SUR] | YouTube  | [OFFENSIVE]  | 58%    |   73.1ms | Where’s Gingy?...
[GAMING/SUR] | YouTube  | [Normal]     | 79%    |   83.9ms | What happened to your whiskey throat?...
[GAMING/SUR] | YouTube  | [Normal]     | 93%    |   81.0ms | Gingy and rouge have done a lot of work...
[GAMING/SUR] | YouTube  | [Normal]     | 97%    |   98.4ms | :crown::crown: LONG LIVE THE KING PEANUT...
[GAMING/SUR] | YouTube  | [Normal]     | 94%    |   61.0ms | nice...
[PSYCHOLOGY] | YouTube  | [Normal]     | 96%    |   74.7ms | aaaaalrighty chat...
[MUSIC/CHIL] | YouTube  | [Normal]     | 96%    |  153.2ms | sam ila matladte ninnu annaya :pensive_f...
[PSYCHOLOGY] | YouTube  | [Normal]     | 97%    |  127.9ms | StreamElements bot running :robot: - Lea...
[GAMING/SUR] | YouTube  | [Normal]     | 96%    |   64.7ms | WHEEL OF FORTUNE...
[GAMING/SUR] | YouTube  | [Normal]     | 95%    |   65.2ms | DELIRIOUS...
[GAMING/SUR] | YouTube  | [Normal]     | 91%    |   80.6ms | Door...
[GAMING/SUR] | YouTube  | [OFFENSIVE]  | 98%    |  122.2ms | H20 STARTED THIS SHIT :face_with_tears_o...
[GAMING/SUR] | YouTube  | [Normal]     | 92%    |   70.3ms | Tim aint getting on tonight...
[MUSIC/CHIL] | YouTube  | [OFFENSIVE]  | 95%    |  108.1ms | Aha...so How much do you charge for suck...
[MUSIC/CHIL] | YouTube  | [Normal]     | 95%    |   59.5ms | hi fred...
[MUSIC/CHIL] | YouTube  | [Normal]     | 97%    |  106.6ms | evar calls anta ganam :alien_monster::fa...
[GAMING/SUR] | YouTube  | [Normal]     | 96%    |  134.9ms | :_Dance::_Dance::_Dance::_Dance::_Dance:...
[GAMING/SUR] | YouTube  | [Normal]     | 93%    |   59.5ms | ARC RAIDERS...
[GAMING/SUR] | YouTube  | [Normal]     | 90%    |   90.6ms | Hutch and gingy got a air strike...
[GAMING/SUR] | YouTube  | [Normal]     | 94%    |   67.4ms | Bro built a city...
[GAMING/SUR] | YouTube  | [Normal]     | 95%    |   77.4ms | its in the train at the bottom...
[GAMING/SUR] | YouTube  | [Normal]     | 38%    |   65.4ms | Bandit camp...
[MUSIC/CHIL] | YouTube  | [Normal]     | 95%    |   82.8ms | yeah Halinkan nice pic :winking_face:...
[GAMING/SUR] | YouTube  | [Normal]     | 97%    |  132.1ms | :smiling_face_with_hearts::smiling_face_...
[PSYCHOLOGY] | YouTube  | [Normal]     | 96%    |   84.4ms | hahah.. whoopsie :p...
[MUSIC/CHIL] | YouTube  | [Normal]     | 97%    |   86.6ms | Idi deeni musala bf chi nee amma...
[GAMING/SUR] | YouTube  | [Normal]     | 93%    |   63.7ms | Lower level...
[GAMING/SUR] | YouTube  | [Normal]     | 93%    |   71.6ms | Southside...
[GAMING/SUR] | YouTube  | [Normal]     | 95%    |   65.3ms | delirious...
[GAMING/SUR] | YouTube  | [Normal]     | 76%    |   75.5ms | These naked bodies crack me up...
[GAMING/SUR] | YouTube  | [Normal]     | 96%    |   89.5ms | oh its h20 lol...
[PSYCHOLOGY] | YouTube  | [Normal]     | 91%    |   78.2ms | lesgoo...
[PSYCHOLOGY] | YouTube  | [Normal]     | 95%    |   70.3ms | :crying_face:...
[GAMING/SUR] | YouTube  | [Normal]     | 94%    |   64.6ms | 3...
[GAMING/SUR] | YouTube  | [Normal]     | 96%    |   65.3ms | lol...
[GAMING/SUR] | YouTube  | [Normal]     | 89%    |   82.0ms | LLOL THE IMMIDIATE GOOP REACTION...
[GAMING/SUR] | YouTube  | [Normal]     | 93%    |   64.9ms | clip it...
[SELF-HELP/] | YouTube  | [Normal]     | 97%    |   80.2ms | when does the stream start again?...
[GAMING/SUR] | YouTube  | [Normal]     | 88%    |   75.5ms | Loot him...
[GAMING/SUR] | YouTube  | [Normal]     | 94%    |   66.3ms | 1...
[MUSIC/CHIL] | YouTube  | [Normal]     | 94%    |   67.4ms | Suz*...
[GAMING/SUR] | YouTube  | [Normal]     | 94%    |   64.3ms | 10...
[MUSIC/CHIL] | YouTube  | [Normal]     | 98%    |   93.8ms | :rose::musical_notes::cloud:...
[PSYCHOLOGY] | YouTube  | [Normal]     | 93%    |  101.9ms | yo dr k im almost certain that im a lost...
[MUSIC/CHIL] | YouTube  | [Normal]     | 95%    |   73.1ms | Na brathuku...
[GAMING/SUR] | YouTube  | [Normal]     | 84%    |   80.0ms | Go all innnnn...
[MUSIC/CHIL] | YouTube  | [Normal]     | 96%    |  104.7ms | Vani busy rhta hu :face_with_hand_over_m...
[PSYCHOLOGY] | YouTube  | [Normal]     | 96%    |   84.7ms | guide helped in pick up on cue to keep p...
[GAMING/SUR] | YouTube  | [Normal]     | 96%    |   73.8ms | I LOVE BLACK JACK...
[GAMING/SUR] | YouTube  | [Normal]     | 96%    |   72.7ms | AHAHAH...
[GAMING/SUR] | YouTube  | [Normal]     | 96%    |   73.4ms | lmao...
[GAMING/SUR] | YouTube  | [Normal]     | 87%    |   63.5ms | ooof...
[MUSIC/CHIL] | YouTube  | [Normal]     | 96%    |   82.9ms | :grinning_squinting_face:...
[GAMING/SUR] | YouTube  | [Normal]     | 93%    |   68.4ms | get rekt...
[GAMING/SUR] | YouTube  | [Normal]     | 97%    |   76.8ms | top tier!...
[GAMING/SUR] | YouTube  | [Normal]     | 92%    |   86.2ms | hAHAHAHHAHAHA...
[PSYCHOLOGY] | YouTube  | [Normal]     | 96%    |  128.3ms | :robot::skull_and_crossbones::skull_and_...
[GAMING/SUR] | YouTube  | [Normal]     | 91%    |   69.2ms | W...
[GAMING/SUR] | YouTube  | [Normal]     | 96%    |   94.2ms | lol everyone gonna get on and there will...
[GAMING/SUR] | YouTube  | [Normal]     | 87%    |   60.4ms | Yesss...
[GAMING/SUR] | YouTube  | [HATE]       | 87%    |   62.2ms | CRACKHEAD...
[SELF-HELP/] | YouTube  | [Normal]     | 95%    |   60.4ms | o/...
[SELF-HELP/] | YouTube  | [Normal]     | 82%    |   77.3ms | How are you doing man on the internet...
[SELF-HELP/] | YouTube  | [Normal]     | 95%    |   61.0ms | hellooo...
[GAMING/SUR] | YouTube  | [Normal]     | 95%    |   83.9ms | Waiting for Peanut to tear down the cast...
[MUSIC/CHIL] | YouTube  | [Normal]     | 96%    |   67.7ms | Saransh ?...
[MUSIC/CHIL] | YouTube  | [Normal]     | 92%    |   65.5ms | whre u from shikha...
[SELF-HELP/] | YouTube  | [Normal]     | 95%    |   63.0ms | _/\_...
[GAMING/SUR] | YouTube  | [Normal]     | 72%    |   64.6ms | YOU BETTER WIN DUDE...
[GAMING/SUR] | YouTube  | [OFFENSIVE]  | 46%    |   78.6ms | IDIOTS...
[GAMING/SUR] | YouTube  | [Normal]     | 93%    |   71.1ms | let it riiide...
[MUSIC/CHIL] | YouTube  | [Normal]     | 95%    |   84.7ms | Edaina moham paina adigeyi...
[GAMING/SUR] | YouTube  | [Normal]     | 97%    |   94.8ms | Will be trading in there base at this ra...
[GAMING/SUR] | YouTube  | [Normal]     | 93%    |   67.2ms | rofl...
[ENTERTAINM] | YouTube  | [Normal]     | 95%    |   81.7ms | казакстан...
[SELF-HELP/] | YouTube  | [Normal]     | 74%    |   77.1ms | portugal lessgo...
[GAMING/SUR] | YouTube  | [Normal]     | 84%    |  102.9ms | Gambling is bad  okay? Don’t try this at...
[MUSIC/CHIL] | YouTube  | [Normal]     | 95%    |   73.0ms | Orini...
[ENTERTAINM] | YouTube  | [Normal]     | 93%    |   75.3ms | late...
[PSYCHOLOGY] | YouTube  | [Normal]     | 90%    |  109.8ms | You have to be in a decent place mentall...
[GAMING/SUR] | YouTube  | [Normal]     | 45%    |  139.4ms | being sore losers literally ruined the s...
[SELF-HELP/] | YouTube  | [Normal]     | 98%    |   74.0ms | white and black tantra?...
[SELF-HELP/] | YouTube  | [Normal]     | 96%    |   82.0ms | I'm a sith lord....
[GAMING/GAM] | YouTube  | [Normal]     | 76%    |  105.8ms | Never gonna give you up  never gonna let...
[ENTERTAINM] | YouTube  | [Normal]     | 93%    |   68.7ms | jimyy...
[GAMING/GAM] | YouTube  | [Normal]     | 88%    |   80.6ms | RAHHHHHHHHHHHHHHHHH...
[GAMING/GAM] | YouTube  | [Normal]     | 94%    |   66.3ms | Maaark!...
[ENTERTAINM] | YouTube  | [Normal]     | 95%    |  101.5ms | SUBSCRIBEEEEEEEE...
[GAMING/SUR] | YouTube  | [Normal]     | 96%    |   74.2ms | NEGATIVE ON THAT BIG CHIEF...
[GAMING/GAM] | YouTube  | [Normal]     | 96%    |   72.6ms | Hi Mark!...
[ENTERTAINM] | YouTube  | [Normal]     | 95%    |   97.9ms | hello Mr beast I am your big fan please...
[GAMING/GAM] | YouTube  | [Normal]     | 91%    |   67.7ms | HEY...
[GAMING/SUR] | YouTube  | [Normal]     | 93%    |   77.3ms | LUT THE CLOTHES THING ON...
[ENTERTAINM] | YouTube  | [Normal]     | 98%    |  241.7ms | :text-green-game-over::text-green-game-o...
[SELF-HELP/] | YouTube  | [Normal]     | 96%    |   66.8ms | hmmm...
[GAMING/SUR] | YouTube  | [Normal]     | 96%    |   86.3ms | poker night might be broadcast to the wh...
[GAMING/GAM] | YouTube  | [Normal]     | 96%    |   68.1ms | HIII MARK...
[ENTERTAINM] | YouTube  | [Normal]     | 93%    |   63.7ms | gg...
[GAMING/GAM] | YouTube  | [Normal]     | 49%    |   79.4ms | yipeeeee...
[MUSIC/CHIL] | YouTube  | [Normal]     | 96%    |  108.7ms | andar pettandi req :hugging_face:1k foll...
[ENTERTAINM] | YouTube  | [Normal]     | 95%    |   77.8ms | Is this your first live...
[GAMING/GAM] | YouTube  | [Normal]     | 95%    |   78.3ms | alright im the best at this game...
[ENTERTAINM] | YouTube  | [Normal]     | 95%    |   77.3ms | Wassuppppp...
[ENTERTAINM] | YouTube  | [Normal]     | 94%    |   62.0ms | hi...
[ENTERTAINM] | YouTube  | [Normal]     | 96%    |   74.8ms | hola desde Colombia...
[ENTERTAINM] | YouTube  | [Normal]     | 97%    |   76.4ms | hello jimmy :)...
[SELF-HELP/] | YouTube  | [Normal]     | 96%    |   74.6ms | achchha...
[PSYCHOLOGY] | YouTube  | [Normal]     | 93%    |   72.4ms | nah...
[GAMING/GAM] | YouTube  | [Normal]     | 95%    |   86.2ms | Loved the movie! Damn good job Mark...
[ENTERTAINM] | YouTube  | [Normal]     | 96%    |   67.0ms | yayaya...
[GAMING/SUR] | YouTube  | [Normal]     | 94%    |   72.7ms | we need more doors...
[ENTERTAINM] | YouTube  | [Normal]     | 90%    |   66.8ms | มีคนไทยไหมม...
[GAMING/GAM] | YouTube  | [Normal]     | 94%    |   73.5ms | L ads...
[ENTERTAINM] | YouTube  | [Normal]     | 86%    |   76.5ms | Yo...
[ENTERTAINM] | YouTube  | [Normal]     | 96%    |  119.3ms | ЧЕЛ ГОВОРИ ПО РУССКИ...
[GAMING/GAM] | YouTube  | [Normal]     | 97%    |   81.4ms | i watched it TWICE in one week...
[ENTERTAINM] | YouTube  | [Normal]     | 96%    |  123.9ms | I think y'all do it....but I've been sub...
[GAMING/GAM] | YouTube  | [Normal]     | 91%    |   59.3ms | w...
[GAMING/GAM] | YouTube  | [Normal]     | 96%    |   61.5ms | hi br...
[GAMING/GAM] | YouTube  | [Normal]     | 91%    |   84.2ms | OHHHH YEAAAHHHHH...
[ENTERTAINM] | YouTube  | [Normal]     | 94%    |   77.6ms | hi...
[ENTERTAINM] | YouTube  | [Normal]     | 96%    |   76.4ms | hello sirrrr...
[GAMING/GAM] | YouTube  | [Normal]     | 95%    |   76.9ms | congratulations!!!...
[ENTERTAINM] | YouTube  | [Normal]     | 96%    |   71.6ms | aaaaaa...
[GAMING/SUR] | YouTube  | [Normal]     | 95%    |  125.1ms | Gingy is having a nightmare of this situ...
[GAMING/GAM] | YouTube  | [Normal]     | 96%    |   66.8ms | LOL...
[MUSIC/CHIL] | YouTube  | [Normal]     | 98%    |   85.4ms | :musical_notes:...
[GAMING/GAM] | YouTube  | [Normal]     | 96%    |   81.6ms | :_markiBING:...
[GAMING/GAM] | YouTube  | [Normal]     | 94%    |   75.6ms | such a good movie...
[GAMING/SUR] | YouTube  | [Normal]     | 94%    |   94.2ms | For got to close!!!!!...
[GAMING/GAM] | YouTube  | [Normal]     | 93%    |   67.1ms | W MOVIE...
[GAMING/GAM] | YouTube  | [Normal]     | 97%    |  120.8ms | Great job  Markimoo! You deserve all the...
[GAMING/GAM] | YouTube  | [Normal]     | 96%    |   84.7ms | CONGRATS MARK!!...
[GAMING/GAM] | YouTube  | [Normal]     | 95%    |   78.6ms | Hello Mark from Bulgaria how is the day...
[NEWS/LIVE ] | YouTube  | [Normal]     | 77%    |   78.5ms | Shoutout to every American in the chat...
[GAMING/GAM] | YouTube  | [Normal]     | 97%    |   69.9ms | Welcome New Member!...
[ENTERTAINM] | YouTube  | [Normal]     | 94%    |   79.6ms | m New subscriber...
[GAMING/GAM] | YouTube  | [Normal]     | 93%    |   60.1ms | lighthouse...
[ENTERTAINM] | YouTube  | [Normal]     | 94%    |   75.3ms | Türkiye...
[MUSIC/CHIL] | YouTube  | [Normal]     | 97%    |  124.1ms | great...mai isliye puchi ki yha sab le j...
[GAMING/GAM] | YouTube  | [Normal]     | 95%    |   62.7ms | airplane...
[GAMING/GAM] | YouTube  | [Normal]     | 91%    |   64.4ms | AIRPLANEE...
[GAMING/SUR] | YouTube  | [Normal]     | 91%    |   71.3ms | poker...
[PSYCHOLOGY] | YouTube  | [Normal]     | 84%    |   79.5ms | The world is animus possessed...
[ENTERTAINM] | YouTube  | [Normal]     | 95%    |   72.2ms | mr beast pls 1$...
[GAMING/SUR] | YouTube  | [Normal]     | 93%    |   66.9ms | DEALER Resets...
[PSYCHOLOGY] | YouTube  | [Normal]     | 93%    |   75.6ms | Back Pill is forever...
[GAMING/SUR] | YouTube  | [Normal]     | 92%    |   74.5ms | PLAY THE WHEEL...
[GAMING/GAM] | YouTube  | [Normal]     | 95%    |  103.4ms | Markiplier there's a game that I would l...
[GAMING/GAM] | YouTube  | [Normal]     | 93%    |   59.4ms | LIGHTHOUSE...
[ENTERTAINM] | YouTube  | [Normal]     | 94%    |   69.6ms | Hi...
[GAMING/GAM] | YouTube  | [Normal]     | 96%    |   62.0ms | Hi Mark...
[GAMING/GAM] | YouTube  | [Normal]     | 91%    |   96.3ms | pLEAAASEE AAGGHHH AIRPLAAANNNUHHH...
[GAMING/GAM] | YouTube  | [Normal]     | 95%    |   99.1ms | Just saw Iron Lung in Czechia... genuine...
[ENTERTAINM] | YouTube  | [Normal]     | 91%    |   66.4ms | mr beast...
[ENTERTAINM] | YouTube  | [Normal]     | 94%    |   63.2ms | Cek...
[ENTERTAINM] | YouTube  | [Normal]     | 91%    |   90.8ms | @andersondeoliveira2024 - SEGUE...
[GAMING/GAM] | YouTube  | [Normal]     | 95%    |   64.2ms | airplane...
[GAMING/GAM] | YouTube  | [Normal]     | 95%    |   62.4ms | hello...
[GAMING/GAM] | YouTube  | [Normal]     | 81%    |   73.3ms | ITS THE LUNG GUY...
[MUSIC/CHIL] | YouTube  | [Normal]     | 97%    |  101.6ms | trade dusri job dhundrii previous job ch...
[GAMING/GAM] | YouTube  | [Normal]     | 97%    |   71.8ms | Welcome to Member!...
[ENTERTAINM] | YouTube  | [Normal]     | 92%    |   69.2ms | Paraguay...
[ENTERTAINM] | YouTube  | [Normal]     | 96%    |  301.1ms | bro please tell my name :loudly_crying_f...
[ENTERTAINM] | YouTube  | [Normal]     | 94%    |   74.9ms | everyone unsubscribe...
[GAMING/GAM] | YouTube  | [Normal]     | 94%    |   69.5ms | PORTUGALLLLL...
[GAMING/GAM] | YouTube  | [Normal]     | 95%    |   69.3ms | mark...
[ENTERTAINM] | YouTube  | [Normal]     | 96%    |   71.3ms | please reply me frome Bangladesh...
[GAMING/GAM] | YouTube  | [Normal]     | 36%    |  143.7ms | If only there could be more of them in Q...
[ENTERTAINM] | YouTube  | [Normal]     | 94%    |   75.3ms | 1...
[ENTERTAINM] | YouTube  | [Normal]     | 94%    |   54.5ms | 1...
[ENTERTAINM] | YouTube  | [Normal]     | 94%    |   57.6ms | 1...
[GAMING/GAM] | YouTube  | [Normal]     | 95%    |   81.5ms | Iron Lung was a 50 or more out of 10...
[GAMING/GAM] | YouTube  | [Normal]     | 95%    |   75.7ms | heyyyy mark...
[GAMING/GAM] | YouTube  | [Normal]     | 89%    |   61.4ms | potato...
[GAMING/SUR] | YouTube  | [Normal]     | 87%    |   60.8ms | no...
[MUSIC/CHIL] | YouTube  | [Normal]     | 96%    |  172.9ms | @Dude-23zx m good thanks :backhand_index...
[GAMING/SUR] | YouTube  | [Normal]     | 95%    |   70.7ms | Always hit...
[ENTERTAINM] | YouTube  | [Normal]     | 95%    |   65.2ms | telugu...
[GAMING/GAM] | YouTube  | [Normal]     | 92%    |   83.5ms | LIXIAN CAN FINALLY SEE THE MOVIE...
[ENTERTAINM] | YouTube  | [Normal]     | 97%    |   89.0ms | :new_moon_face:...
[ENTERTAINM] | YouTube  | [Normal]     | 84%    |   92.9ms | yoooooooooooooooooooo...
[MUSIC/CHIL] | YouTube  | [Normal]     | 95%    |   86.1ms | ce mare a crescut I...
[ENTERTAINM] | YouTube  | [Normal]     | 98%    |  203.3ms | :heart_with_ribbon::heart_with_ribbon::h...
[GAMING/GAM] | YouTube  | [Normal]     | 96%    |   68.6ms | yall vote airplane...
[MUSIC/CHIL] | YouTube  | [Normal]     | 92%    |   70.9ms | ha kyu...
[GAMING/GAM] | YouTube  | [Normal]     | 80%    |   71.6ms | too many big words...
[ENTERTAINM] | YouTube  | [Normal]     | 96%    |   81.4ms | New member...
[GAMING/SUR] | YouTube  | [Normal]     | 86%    |   75.8ms | looose...
[PSYCHOLOGY] | YouTube  | [Normal]     | 93%    |   69.0ms | ohhhhhh...
[GAMING/GAM] | YouTube  | [Normal]     | 95%    |   79.8ms | marklipleri...
[GAMING/GAM] | YouTube  | [Normal]     | 94%    |  113.6ms | When I was watching the movie it buffere...
[ENTERTAINM] | YouTube  | [Normal]     | 96%    |   81.6ms | Mr beast can you see my chat?...
[GAMING/GAM] | YouTube  | [Normal]     | 89%    |  111.6ms | in my theater it sounded like it was com...
[GAMING/SUR] | YouTube  | [Normal]     | 96%    |   78.9ms | 500 on 1 on the wheel trust...
[GAMING/SUR] | YouTube  | [Normal]     | 96%    |   73.3ms | house always wins...
[GAMING/GAM] | YouTube  | [Normal]     | 96%    |  104.0ms | in my theatre I could hear whispers with...
[GAMING/GAM] | YouTube  | [Normal]     | 95%    |   69.0ms | lighthouse plss...
[GAMING/SUR] | YouTube  | [Normal]     | 96%    |   92.3ms | Max betttttt...
[GAMING/SUR] | YouTube  | [Normal]     | 92%    |   65.4ms | smaller bets...
[NEWS/LIVE ] | YouTube  | [Normal]     | 75%    |   85.7ms | I won't go hungry i.ll start stealing...
[GAMING/GAM] | YouTube  | [Normal]     | 97%    |   65.1ms | Welcome New Member!...
[GAMING/GAM] | YouTube  | [Normal]     | 97%    |   76.8ms | how long been streaming?...
[ENTERTAINM] | YouTube  | [Normal]     | 94%    |   63.3ms | hi...
[GAMING/GAM] | YouTube  | [Normal]     | 88%    |   88.2ms | Mark stop being so sad when you make mov...
[GAMING/GAM] | YouTube  | [Normal]     | 96%    |  112.5ms | dude i accidentally stumbled upon this v...
[GAMING/GAM] | YouTube  | [Normal]     | 72%    |   84.0ms | THEIR IN THE WALLS...
[ENTERTAINM] | YouTube  | [Normal]     | 94%    |   86.9ms | ishowspeed...
[ENTERTAINM] | YouTube  | [Normal]     | 96%    |   83.5ms | the first video...
[NEWS/LIVE ] | YouTube  | [Normal]     | 82%    |   72.9ms | Get out...
[GAMING/GAM] | YouTube  | [Normal]     | 52%    |   87.5ms | AIRPLANE GUYSSSSSS...
[GAMING/SUR] | YouTube  | [Normal]     | 95%    |   73.4ms | All in...
[GAMING/SUR] | YouTube  | [Normal]     | 82%    |  109.0ms | mean while back at base the doors where ...
[GAMING/GAM] | YouTube  | [Normal]     | 95%    |   71.5ms | Come on please airplane...
[GAMING/GAM] | YouTube  | [Normal]     | 96%    |  109.0ms | Hey Mark :smiling_face_with_sunglasses::...
[GAMING/GAM] | YouTube  | [Normal]     | 96%    |   74.0ms | CLUTCH UP AIRPLANE...
[GAMING/GAM] | YouTube  | [Normal]     | 94%    |   97.9ms | dude that was literally by biggest criti...
[GAMING/GAM] | YouTube  | [Normal]     | 61%    |   71.9ms | that's such a shame...
[GAMING/GAM] | YouTube  | [Normal]     | 94%    |  127.9ms | :red_question_mark:will iron lung come t...
[ENTERTAINM] | YouTube  | [Normal]     | 92%    |   92.0ms | aaaəə mr beast iphone 15 plsssssss...
[ENTERTAINM] | YouTube  | [Normal]     | 97%    |  175.6ms | It all feels so much fun and I've been f...
[GAMING/GAM] | YouTube  | [Normal]     | 84%    |  102.0ms | Are you ever going to play the new "mine...
[MUSIC/CHIL] | YouTube  | [Normal]     | 97%    |  225.9ms | mohit kon kehta hey being single is sad ...
[GAMING/GAM] | YouTube  | [Normal]     | 93%    |   65.4ms | bass boosted...
[GAMING/GAM] | YouTube  | [Normal]     | 94%    |  109.1ms | Saw iron lung Monday night it was the be...
[GAMING/SUR] | YouTube  | [Normal]     | 96%    |   63.3ms | masterclass...
[ENTERTAINM] | YouTube  | [Normal]     | 95%    |   71.9ms | this is my channel...
[GAMING/SUR] | YouTube  | [Normal]     | 96%    |   66.7ms | PLAY ARC...
[ENTERTAINM] | YouTube  | [Normal]     | 96%    |   62.8ms | Hello Jimmy...
[GAMING/SUR] | YouTube  | [Normal]     | 95%    |   68.6ms | well well well...
[GAMING/SUR] | YouTube  | [Normal]     | 94%    |   80.6ms | weeeeeeeeeelp...
[GAMING/SUR] | YouTube  | [Normal]     | 80%    |   92.6ms | its hard out here for a scrapper...
[ENTERTAINM] | YouTube  | [Normal]     | 95%    |   73.0ms | im form Indonesia...
[PSYCHOLOGY] | YouTube  | [Normal]     | 93%    |  114.1ms | @majoraman6477 I wonder how much more he...
[GAMING/SUR] | YouTube  | [Normal]     | 98%    |  300.5ms | :goat-turquoise-white-horns::hand-purple...
[PSYCHOLOGY] | YouTube  | [Normal]     | 95%    |   71.3ms | 8008!...
[GAMING/GAM] | YouTube  | [Normal]     | 97%    |  210.5ms | Hey Mark  just wanted to share that your...
[ENTERTAINM] | YouTube  | [Normal]     | 95%    |   83.3ms | dayum you've grown so much...
[ENTERTAINM] | YouTube  | [Normal]     | 97%    |   85.4ms | salam Azerbaycanli var?...
[ENTERTAINM] | YouTube  | [Normal]     | 95%    |   59.6ms | Hello...
[ENTERTAINM] | YouTube  | [Normal]     | 96%    |   95.5ms | 500 mil. that's...something!...
[ENTERTAINM] | YouTube  | [Normal]     | 96%    |   68.9ms | :mosque:...
[ENTERTAINM] | YouTube  | [Normal]     | 96%    |   80.4ms | l am Your big fan...
[ENTERTAINM] | YouTube  | [Normal]     | 87%    |   80.6ms | smile or not haha...
[ENTERTAINM] | YouTube  | [Normal]     | 94%    |   73.2ms | big fan mr beast...
[ENTERTAINM] | YouTube  | [Normal]     | 86%    |   58.3ms | yo...
[GAMING/SUR] | YouTube  | [Normal]     | 95%    |   67.9ms | gotem...
[ENTERTAINM] | YouTube  | [Normal]     | 98%    |  201.1ms | :face-blue-smiling::face-blue-smiling::f...
[GAMING/GAM] | YouTube  | [Normal]     | 96%    |  111.4ms | :partying_face::partying_face::partying_...
[MUSIC/CHIL] | YouTube  | [Normal]     | 95%    |   81.9ms | ........
[GAMING/GAM] | YouTube  | [Normal]     | 83%    |  139.7ms | OMG Hi Mark I'm so exited to see Iron Lu...
[GAMING/SUR] | YouTube  | [Normal]     | 94%    |   67.7ms | Dude...
[GAMING/GAM] | YouTube  | [Normal]     | 94%    |   83.0ms | EEEEEEEEEEEEEEEE...
[MUSIC/CHIL] | YouTube  | [Normal]     | 98%    |  111.5ms | :hand-pink-waving:I'l take leave nw  bye...
[SELF-HELP/] | YouTube  | [Normal]     | 86%    |   96.2ms | if they would try that the expect to get...
[GAMING/SUR] | YouTube  | [Normal]     | 95%    |   72.9ms | All in on green...
[ENTERTAINM] | YouTube  | [Normal]     | 89%    |   75.4ms | can you come to sri  lanka...
[MUSIC/CHIL] | YouTube  | [Normal]     | 98%    |   85.9ms | :face-turquoise-music-note:....
[GAMING/SUR] | YouTube  | [Normal]     | 94%    |   68.9ms | Any old scrap...
[MUSIC/CHIL] | YouTube  | [Normal]     | 87%    |   94.7ms | aaron fechter people holding butter knif...
[SELF-HELP/] | YouTube  | [Normal]     | 96%    |   86.3ms | It projection  it's always projection...
[GAMING/SUR] | YouTube  | [Normal]     | 95%    |   74.3ms | Patrick he loves gambling lol...
[GAMING/GAM] | YouTube  | [Normal]     | 94%    |   59.2ms | nice...
[GAMING/GAM] | YouTube  | [Normal]     | 97%    |   63.7ms | ah....
[GAMING/GAM] | YouTube  | [OFFENSIVE]  | 52%    |   62.7ms | oh shit...
[SELF-HELP/] | YouTube  | [Normal]     | 93%    |   78.9ms | He’s a grifter...
[GAMING/GAM] | YouTube  | [Normal]     | 95%    |   69.9ms | oh good heavens...
[ENTERTAINM] | YouTube  | [Normal]     | 95%    |   67.7ms | hiii...
[GAMING/GAM] | YouTube  | [Normal]     | 95%    |   77.6ms | TITLE MISTAKE!!...
[ENTERTAINM] | YouTube  | [Normal]     | 93%    |   76.0ms | india...
[ENTERTAINM] | YouTube  | [Normal]     | 91%    |   67.2ms | W...
[GAMING/GAM] | YouTube  | [Normal]     | 88%    |   71.1ms | ITS WRONG MARKK...
[PSYCHOLOGY] | YouTube  | [Normal]     | 81%    |  146.8ms | If the feeling is going to happen regard...
[ENTERTAINM] | YouTube  | [Normal]     | 97%    |   99.8ms | muja 1miloen ₹ do:dollar_banknote:...
[ENTERTAINM] | YouTube  | [Normal]     | 93%    |  121.5ms | Hi from RUSSIA!!!!!!!!!!!!!!!!!!!...
[ENTERTAINM] | YouTube  | [Normal]     | 91%    |   74.0ms | Meee...
[ENTERTAINM] | YouTube  | [Normal]     | 95%    |   81.5ms | Bangladesh...
[GAMING/SUR] | YouTube  | [Normal]     | 95%    |   67.4ms | TF...
[GAMING/SUR] | YouTube  | [Normal]     | 84%    |   94.5ms | LMAOOOOOOOOOOOOOOOOO...
[GAMING/SUR] | YouTube  | [Normal]     | 95%    |   75.1ms | Bruh stop lmao...
[GAMING/SUR] | YouTube  | [Normal]     | 92%    |   81.7ms | omg aint no way...
[GAMING/SUR] | YouTube  | [Normal]     | 90%    |   63.8ms | called it...
[ENTERTAINM] | YouTube  | [Normal]     | 96%    |  104.8ms | Mr Beast can I get a good camera I want ...
[ENTERTAINM] | YouTube  | [Normal]     | 98%    |   89.2ms | Love from Bangladesh MR :red_heart:...
[GAMING/GAM] | YouTube  | [Normal]     | 95%    |  114.7ms | Omg I didn’t even notice it’s obversatio...
[ENTERTAINM] | YouTube  | [Normal]     | 96%    |   67.6ms | hello friends...
[GAMING/SUR] | YouTube  | [Normal]     | 82%    |   89.3ms | They gambled so much away lmaoooo...
[GAMING/GAM] | YouTube  | [Normal]     | 91%    |   79.5ms | When is the observation duty movie...
[GAMING/SUR] | YouTube  | [Normal]     | 96%    |   66.9ms | LOL...
[GAMING/GAM] | YouTube  | [Normal]     | 95%    |   76.0ms | obversation...
[GAMING/GAM] | YouTube  | [Normal]     | 90%    |   84.0ms | HAHAHAAHHAHAHA...
[GAMING/SUR] | YouTube  | [Normal]     | 48%    |   95.3ms | the blackjack is a computer you will los...
[ENTERTAINM] | YouTube  | [Normal]     | 97%    |   85.2ms | sub since 10M. sup Jimmy...
[ENTERTAINM] | YouTube  | [Normal]     | 96%    |   79.5ms | im İran:saluting_face:...
[ENTERTAINM] | YouTube  | [Normal]     | 94%    |   59.6ms | pr...
[GAMING/GAM] | YouTube  | [Normal]     | 96%    |  129.8ms | just saw your movie it was a 10 out of 1...
[ENTERTAINM] | YouTube  | [Normal]     | 95%    |   68.6ms | 10 k bro...
[PSYCHOLOGY] | YouTube  | [OFFENSIVE]  | 54%    |   63.4ms | HOLY SHIT...
[NEWS/LIVE ] | YouTube  | [HATE]       | 44%    |   92.3ms | I see them being the law and we will hav...
[GAMING/GAM] | YouTube  | [Normal]     | 96%    |   76.8ms | AYYYEEE...
[GAMING/SUR] | YouTube  | [Normal]     | 94%    |   62.8ms | 3...
[SELF-HELP/] | YouTube  | [Normal]     | 87%    |   77.1ms | how about just not caring?...
[GAMING/GAM] | YouTube  | [Normal]     | 96%    |   75.2ms | obsVERSTAPEN...
[GAMING/GAM] | YouTube  | [Normal]     | 96%    |   75.8ms | mark its big brain time...
[GAMING/GAM] | YouTube  | [Normal]     | 97%    |   68.3ms | HIIIIII MARK...
[GAMING/GAM] | YouTube  | [Normal]     | 96%    |   73.9ms | chat is my pfp peak...
[ENTERTAINM] | YouTube  | [Normal]     | 93%    |   63.2ms | axuet...
[GAMING/GAM] | YouTube  | [Normal]     | 84%    |  115.2ms | luckily for him  i’m so damn dislexic i ...
[GAMING/SUR] | YouTube  | [Normal]     | 95%    |   69.4ms | SLOTS...
[MUSIC/CHIL] | YouTube  | [Normal]     | 98%    |   81.4ms | :cross_mark::tiger:...
[GAMING/GAM] | YouTube  | [Normal]     | 90%    |   84.2ms | THIS IS THE GUY FROM IRON LUNG!...
[GAMING/SUR] | YouTube  | [Normal]     | 97%    |  216.5ms | :rolling_on_the_floor_laughing::rolling_...
[GAMING/GAM] | YouTube  | [Normal]     | 39%    |  108.1ms | no Mark. the world is ending because you...
[ENTERTAINM] | YouTube  | [Normal]     | 90%    |   89.4ms | you mr.beast i from Indonesian...
[GAMING/SUR] | YouTube  | [Normal]     | 96%    |   86.2ms | that was the fastest loss ever...
[SPORTS/PEN] | YouTube  | [Normal]     | 95%    |   64.0ms | ofc...
[GAMING/SUR] | YouTube  | [Normal]     | 97%    |   91.5ms | :face-orange-raised-eyebrow:...
[ENTERTAINM] | YouTube  | [Normal]     | 96%    |  139.0ms | :fearful_face::fearful_face::fearful_fac...
[GAMING/GAM] | YouTube  | [Normal]     | 75%    |   73.0ms | is backseating allowed...
[GAMING/GAM] | YouTube  | [Normal]     | 95%    |   95.9ms | MARK I JUST WATCHED IRON LUNG AND I LOVE...
[ENTERTAINM] | YouTube  | [Normal]     | 95%    |   64.7ms | call speed...
[GAMING/GAM] | YouTube  | [HATE]       | 67%    |   86.9ms | should i go seee iron lung...
[ENTERTAINM] | YouTube  | [Normal]     | 97%    |  256.0ms | congratulations :party_popper::party_pop...
[GAMING/GAM] | YouTube  | [Normal]     | 97%    |   74.8ms | mmm stream-...
[GAMING/SUR] | YouTube  | [Normal]     | 92%    |   81.2ms | Yes it does AYeeee...
[ENTERTAINM] | YouTube  | [Normal]     | 98%    |  296.1ms | :yt::yt::yt::yt::stopwatch-blue-hand-tim...
[ENTERTAINM] | YouTube  | [Normal]     | 94%    |   72.8ms | 4...
[ENTERTAINM] | YouTube  | [Normal]     | 95%    |   64.1ms | 67...
[ENTERTAINM] | YouTube  | [Normal]     | 94%    |   63.0ms | 3...
[GAMING/GAM] | YouTube  | [Normal]     | 97%    |   94.6ms | light at yard? by the lighthouse door?...
[GAMING/SUR] | YouTube  | [Normal]     | 97%    |   80.8ms | never thought I'd see the day...
[GAMING/GAM] | YouTube  | [Normal]     | 96%    |   92.9ms | Camera was pulsating in the basement im ...
[GAMING/GAM] | YouTube  | [Normal]     | 88%    |   69.3ms | THE STAIRCASEEEEE...
[ENTERTAINM] | YouTube  | [Normal]     | 96%    |   76.8ms | hi @beluga1...
[ENTERTAINM] | YouTube  | [Normal]     | 94%    |   60.9ms | 5...
[MUSIC/CHIL] | YouTube  | [Normal]     | 97%    |   85.8ms | mohini chai:hot_beverage:...
[ENTERTAINM] | YouTube  | [Normal]     | 98%    |   98.3ms | advanced congratulations on 500M :maple_...
[ENTERTAINM] | YouTube  | [Normal]     | 91%    |   79.3ms | beast your the best bro love you...
[GAMING/GAM] | YouTube  | [OFFENSIVE]  | 55%    |   72.5ms | the stairsss...
[GAMING/GAM] | YouTube  | [Normal]     | 97%    |   75.8ms | GREEN STAIRS MARK...
[GAMING/GAM] | YouTube  | [Normal]     | 94%    |   78.0ms | BASEMENT...
[NEWS/LIVE ] | YouTube  | [Normal]     | 97%    |  117.5ms | eu torço pra Argentina mas esse ano nao ...
[ENTERTAINM] | YouTube  | [Normal]     | 54%    |   73.1ms | Free palestine...
[PSYCHOLOGY] | YouTube  | [Normal]     | 96%    |   88.5ms | i am the boss babe lmao...
[ENTERTAINM] | YouTube  | [Normal]     | 94%    |   74.6ms | 5...
[ENTERTAINM] | YouTube  | [Normal]     | 97%    |  150.1ms | Hello MrBeast  I’m Ahmed from Gaza. Work...
[GAMING/GAM] | YouTube  | [Normal]     | 86%    |   70.0ms | The ominous stairs breathing...
[GAMING/GAM] | YouTube  | [Normal]     | 93%    |  167.5ms | I HAVEN'T SEEN THE MOVIE YET AND IM SAD ...
[GAMING/GAM] | YouTube  | [Normal]     | 86%    |   68.2ms | Undulating!...
[GAMING/GAM] | YouTube  | [Normal]     | 96%    |   73.6ms | hi!!...
[GAMING/GAM] | YouTube  | [Normal]     | 97%    |   94.6ms | I'M SEEING IRON LUNG FOR THE 5TH TIME TO...
[GAMING/GAM] | YouTube  | [Normal]     | 90%    |   79.6ms | the title is an anamoly...
[GAMING/GAM] | YouTube  | [Normal]     | 95%    |   73.3ms | HIIII...
[ENTERTAINM] | YouTube  | [Normal]     | 95%    |   64.7ms | INDONESIA  INDONESIA...
[GAMING/GAM] | YouTube  | [Normal]     | 94%    |   63.3ms | Hi...
[ENTERTAINM] | YouTube  | [Normal]     | 96%    |   86.8ms | :1st_place_medal:...
[NEWS/LIVE ] | YouTube  | [Normal]     | 92%    |   71.2ms | Hey ENNOS bro...
[ENTERTAINM] | YouTube  | [Normal]     | 96%    |   72.7ms | Is this your first live stream...
[ENTERTAINM] | YouTube  | [Normal]     | 94%    |   62.3ms | hi...
[GAMING/GAM] | YouTube  | [Normal]     | 91%    |   78.6ms | BUCKET...
[PSYCHOLOGY] | YouTube  | [Normal]     | 90%    |   94.2ms | oh no  I'm animus obsessed!...
[GAMING/GAM] | YouTube  | [Normal]     | 95%    |   94.4ms | Have the bed sheets in the bedroom moved...
[ENTERTAINM] | YouTube  | [Normal]     | 90%    |   77.6ms | 𝚑𝚘𝚕𝚊...
[GAMING/GAM] | YouTube  | [Normal]     | 95%    |  114.0ms | hiya mark jus wanted to say congrats on ...
[GAMING/GAM] | YouTube  | [Normal]     | 92%    |   71.9ms | BED...
[GAMING/GAM] | YouTube  | [Normal]     | 91%    |   92.2ms | IM HEADING TO WATCH YOUR MOVIIIIEEE...
[ENTERTAINM] | YouTube  | [Normal]     | 95%    |   59.4ms | Hello...
[GAMING/GAM] | YouTube  | [Normal]     | 97%    |   74.3ms | fuse box?...
[GAMING/GAM] | YouTube  | [Normal]     | 96%    |   75.3ms | Suppp...
[GAMING/GAM] | YouTube  | [Normal]     | 97%    |   91.6ms | HI MARK this is my first stream...
[PSYCHOLOGY] | YouTube  | [Normal]     | 96%    |   92.8ms | I daydream about having super powers tbh...
[ENTERTAINM] | YouTube  | [Normal]     | 98%    |  105.1ms | Thank you for uploading an interesting v...
[PSYCHOLOGY] | YouTube  | [Normal]     | 65%    |   90.9ms | too real...
[GAMING/GAM] | YouTube  | [Normal]     | 92%    |  104.9ms | anomaly in the top left...
[ENTERTAINM] | YouTube  | [Normal]     | 95%    |   76.1ms | jimmy hello...
[GAMING/GAM] | YouTube  | [Normal]     | 96%    |   87.3ms | There’s two bottles?...
[GAMING/GAM] | YouTube  | [Normal]     | 95%    |  171.2ms | Hey Mark! Congratulations on the movie m...
[GAMING/GAM] | YouTube  | [Normal]     | 93%    |  113.9ms | mark are you a fan of that new movie  th...
[ENTERTAINM] | YouTube  | [Normal]     | 95%    |   74.1ms | Hii...
[GAMING/GAM] | YouTube  | [Normal]     | 97%    |   79.7ms | LIGHT INTERIOR...
[GAMING/GAM] | YouTube  | [Normal]     | 85%    |  121.9ms | mark is too good  he doesnt need our hel...
[GAMING/SUR] | YouTube  | [Normal]     | 91%    |   82.6ms | welcome my goopa...
[MUSIC/CHIL] | YouTube  | [Normal]     | 94%    |   87.6ms | जिसने pucha usko...
[GAMING/GAM] | YouTube  | [Normal]     | 97%    |   95.5ms | Was the fuse box open in Interior???...
[ENTERTAINM] | YouTube  | [Normal]     | 93%    |  105.3ms | 돈줘 비스트형...
[MUSIC/CHIL] | YouTube  | [Normal]     | 95%    |   97.9ms | ai mușcat pe timpi...
[MUSIC/CHIL] | YouTube  | [Normal]     | 96%    |   89.3ms | kisne ??...
[GAMING/SUR] | YouTube  | [Normal]     | 96%    |  102.8ms | FUEL IN THE BOXES IN FRONT HALL...
[ENTERTAINM] | YouTube  | [Normal]     | 96%    |   89.5ms | hello Jimmy...
[GAMING/GAM] | YouTube  | [Normal]     | 97%    |  104.4ms | mark do you allow fan animations??:red_h...
[GAMING/GAM] | YouTube  | [Normal]     | 95%    |   71.0ms | the bottle...
[GAMING/SUR] | YouTube  | [Normal]     | 97%    |   74.3ms | alot...
[ENTERTAINM] | YouTube  | [Normal]     | 94%    |   81.0ms | hi...
[ENTERTAINM] | YouTube  | [Normal]     | 94%    |   84.2ms | 1...
[GAMING/GAM] | YouTube  | [Normal]     | 88%    |   84.5ms | Light anomaly light house...
[GAMING/SUR] | YouTube  | [Normal]     | 90%    |   75.6ms | NO PEANUT...
[GAMING/GAM] | YouTube  | [Normal]     | 96%    |   93.8ms | cross in the distance of the porch?...
[GAMING/GAM] | YouTube  | [Normal]     | 94%    |   93.5ms | The stairwell fence moved...
[GAMING/GAM] | YouTube  | [Normal]     | 90%    |   85.4ms | YESSSS...
[GAMING/GAM] | YouTube  | [Normal]     | 96%    |   64.8ms | Cheese!...
[ENTERTAINM] | YouTube  | [Normal]     | 94%    |   85.3ms | 1...
[ENTERTAINM] | YouTube  | [Normal]     | 96%    |   88.3ms | where's ur crew???...
[GAMING/SUR] | YouTube  | [Normal]     | 95%    |   75.8ms | Higher...
[GAMING/GAM] | YouTube  | [Normal]     | 93%    |   83.5ms | I think you missed the ocean of blood!...
[GAMING/GAM] | YouTube  | [Normal]     | 96%    |  120.3ms | Saw iron lung last night and I can’t sto...
[ENTERTAINM] | YouTube  | [Normal]     | 97%    |  126.5ms | Hola saludos desde Venezuela :hugging_fa...
[ENTERTAINM] | YouTube  | [Normal]     | 97%    |   77.6ms | bro i am sri lanaka...
[SELF-HELP/] | YouTube  | [Normal]     | 76%    |   89.1ms | but you level up...
[ENTERTAINM] | YouTube  | [Normal]     | 92%    |   80.5ms | MRBEAST...
[ENTERTAINM] | YouTube  | [Normal]     | 97%    |   79.0ms | can you sing a song?...
[GAMING/SUR] | YouTube  | [Normal]     | 86%    |   64.1ms | Higher but...
[ENTERTAINM] | YouTube  | [Normal]     | 95%    |   77.1ms | Congratulations...
[PSYCHOLOGY] | YouTube  | [Normal]     | 94%    |  111.4ms | It's interesting how Anima relates to Pu...
[GAMING/SUR] | YouTube  | [Normal]     | 95%    |   60.1ms | 7 high...
[GAMING/GAM] | YouTube  | [Normal]     | 94%    |   74.1ms | Mark you're good so far...
[ENTERTAINM] | YouTube  | [Normal]     | 86%    |   66.5ms | call Pewdiepie...
[GAMING/GAM] | YouTube  | [Normal]     | 98%    |   81.1ms | painting my nails red for the lungs...
[GAMING/SUR] | YouTube  | [Normal]     | 94%    |   87.3ms | rip...
[GAMING/GAM] | YouTube  | [Normal]     | 93%    |   76.4ms | YOURE SO COOL MARKKK...
[GAMING/GAM] | YouTube  | [Normal]     | 94%    |   89.1ms | Nice...
[GAMING/GAM] | YouTube  | [Normal]     | 97%    |   68.9ms | Dock farther??...
[GAMING/GAM] | YouTube  | [Normal]     | 95%    |   94.0ms | IRON LUNG IS AN INSPIRATION TO MY NEXT S...
[GAMING/SUR] | YouTube  | [Normal]     | 97%    |   86.4ms | pumpkin...
[GAMING/GAM] | YouTube  | [Normal]     | 68%    |   62.2ms | you bad at this...
[ENTERTAINM] | YouTube  | [Normal]     | 92%    |  127.2ms | I CANT WAIT!!!!!!!!...
[ENTERTAINM] | YouTube  | [Normal]     | 97%    |  125.3ms | :eyes-purple-crying::eyes-purple-crying:...
[GAMING/SUR] | YouTube  | [Normal]     | 85%    |   66.5ms | lies...
[GAMING/GAM] | YouTube  | [Normal]     | 90%    |   69.1ms | yessss...
[ENTERTAINM] | YouTube  | [Normal]     | 97%    |   91.4ms | please play sidhu moose wala song - mera...
[GAMING/GAM] | YouTube  | [Normal]     | 94%    |   62.9ms | W Mark...
[SELF-HELP/] | YouTube  | [Normal]     | 97%    |   78.4ms | Thank you Dr. K...
[PSYCHOLOGY] | YouTube  | [Normal]     | 96%    |   75.7ms | Ani me!^^...
[GAMING/GAM] | YouTube  | [Normal]     | 94%    |   76.9ms | chat  is he being real...
[GAMING/GAM] | YouTube  | [Normal]     | 37%    |   73.9ms | BAN THEM THEY ARE WRONG...
[ENTERTAINM] | YouTube  | [Normal]     | 94%    |   69.2ms | y...
[GAMING/GAM] | YouTube  | [Normal]     | 96%    |   69.2ms | hiiiiiiiiii...
[GAMING/GAM] | YouTube  | [Normal]     | 95%    |   76.2ms | not a noob lol...
[GAMING/GAM] | YouTube  | [Normal]     | 94%    |   71.4ms | noobbbbb...
[ENTERTAINM] | YouTube  | [Normal]     | 95%    |   60.0ms | 67...
[ENTERTAINM] | YouTube  | [Normal]     | 97%    |  115.3ms | :heart_hands::heart_hands::heart_hands::...
[GAMING/GAM] | YouTube  | [Normal]     | 94%    |   67.8ms | HAHAHAA...
[ENTERTAINM] | YouTube  | [Normal]     | 96%    |   73.9ms | I was here...
[GAMING/GAM] | YouTube  | [Normal]     | 97%    |  131.7ms | OBVERSATION :loudly_crying_face::loudly_...
[MUSIC/CHIL] | YouTube  | [Normal]     | 87%    |   76.8ms | thnx sis...
[ENTERTAINM] | YouTube  | [Normal]     | 97%    |   70.9ms | please pay 1000$...
[GAMING/GAM] | YouTube  | [OFFENSIVE]  | 62%    |  101.4ms | Goofy goober yea :smiling_face_with_sung...
[GAMING/GAM] | YouTube  | [Normal]     | 90%    |   80.9ms | You fixed the title anomaly...
[GAMING/GAM] | YouTube  | [Normal]     | 94%    |  100.0ms | not sure if its just me  but Mark feels ...
[ENTERTAINM] | YouTube  | [Normal]     | 92%    |   65.9ms | ww...
[GAMING/GAM] | YouTube  | [Normal]     | 95%    |   71.6ms | Obversation...
[ENTERTAINM] | YouTube  | [Normal]     | 97%    |  120.0ms | Promoting another YT…:chart_increasing::...
[ENTERTAINM] | YouTube  | [Normal]     | 94%    |   76.2ms | sup jim...
[GAMING/GAM] | YouTube  | [Normal]     | 91%    |   91.6ms | lowkey kinda like Five Nights at JR's...
[GAMING/GAM] | YouTube  | [Normal]     | 80%    |   89.9ms | Camera malfunction means it was gone...
[ENTERTAINM] | YouTube  | [Normal]     | 97%    |   97.3ms | :smiling_face_with_heart_eyes:...
[ENTERTAINM] | YouTube  | [Normal]     | 74%    |  143.3ms | :party_popper::party_popper::party_poppe...
[GAMING/GAM] | YouTube  | [Normal]     | 91%    |  117.4ms | camera malfunction was when the game end...
[ENTERTAINM] | YouTube  | [Normal]     | 62%    |   69.1ms | les goooo...
[GAMING/GAM] | YouTube  | [Normal]     | 95%    |   66.0ms | yay...
[ENTERTAINM] | YouTube  | [Normal]     | 96%    |   86.8ms | jimmy i am subscribed you from 2020...
[ENTERTAINM] | YouTube  | [Normal]     | 95%    |  228.6ms | Bro give A super bike like bmw 1000 RR :...
[PSYCHOLOGY] | YouTube  | [Normal]     | 92%    |  141.9ms | Too often I spend time internally  think...
[PSYCHOLOGY] | YouTube  | [Normal]     | 96%    |   73.2ms | Makes sens...
[GAMING/SUR] | YouTube  | [Normal]     | 89%    |   72.6ms | nice windmill haha...
[ENTERTAINM] | YouTube  | [Normal]     | 97%    |   86.0ms | :thanksdoc::yt:...
[ENTERTAINM] | YouTube  | [Normal]     | 93%    |   96.6ms | :rolling_on_the_floor_laughing:...
[GAMING/GAM] | YouTube  | [Normal]     | 87%    |   79.7ms | lock the door...
[GAMING/SUR] | YouTube  | [Normal]     | 93%    |   73.5ms | oh my god...
[MUSIC/CHIL] | YouTube  | [Normal]     | 98%    |  197.8ms | BLOSS :bouquet::small_blue_diamond: Boll...
[ENTERTAINM] | YouTube  | [Normal]     | 96%    |   89.0ms | for my business brother pzz help me...
[GAMING/GAM] | YouTube  | [Normal]     | 79%    |   92.3ms | There's a man in the top left corner...
[MUSIC/CHIL] | YouTube  | [Normal]     | 97%    |  106.6ms | Prasa hey bro :handshake: :clinking_beer...
[ENTERTAINM] | YouTube  | [Normal]     | 93%    |   68.4ms | hlo...
[GAMING/SUR] | YouTube  | [Normal]     | 77%    |   72.7ms | ACTUAL FOOLISHNESS...
[GAMING/GAM] | YouTube  | [Normal]     | 88%    |   81.3ms | IN THE THEATER BOUTA WATCH IRON LUNG...
[ENTERTAINM] | YouTube  | [Normal]     | 95%    |   69.4ms | Asalamualaikum...
[GAMING/GAM] | YouTube  | [Normal]     | 93%    |   67.7ms | L...
[MUSIC/CHIL] | YouTube  | [Normal]     | 97%    |   87.5ms | :green_heart::elephant:...
[GAMING/SUR] | YouTube  | [Normal]     | 87%    |   72.8ms | Let him help...
[GAMING/GAM] | YouTube  | [Normal]     | 96%    |   66.7ms | flare???...
[GAMING/GAM] | YouTube  | [Normal]     | 94%    |   86.6ms | Keep an eye on the map in the interior...
[GAMING/GAM] | YouTube  | [Normal]     | 89%    |   79.0ms | PHONE ANOMALY...
[ENTERTAINM] | YouTube  | [Normal]     | 97%    |   83.2ms | from Pakistan :red_heart:...
[PSYCHOLOGY] | YouTube  | [Normal]     | 82%    |   75.5ms | how u guys deal with conformity...
[GAMING/GAM] | YouTube  | [Normal]     | 91%    |   61.8ms | Hey...
[ENTERTAINM] | YouTube  | [Normal]     | 98%    |  186.3ms | siempre participamos con la esperanza de...
[GAMING/SUR] | YouTube  | [Normal]     | 83%    |   75.3ms | weiner is on fire...
[ENTERTAINM] | YouTube  | [Normal]     | 94%    |   75.0ms | hi...
[GAMING/SUR] | YouTube  | [Normal]     | 91%    |   85.8ms | and you lost all your money lol...
[PSYCHOLOGY] | YouTube  | [Normal]     | 58%    |  110.0ms | What if I don’t want to have kids? (As a...
[ENTERTAINM] | YouTube  | [Normal]     | 85%    |   84.6ms | you are the best !!!!!!¡...
[ENTERTAINM] | YouTube  | [Normal]     | 94%    |   68.9ms | Yeeeee...
[ENTERTAINM] | YouTube  | [Normal]     | 88%    |   67.5ms | give me money...
[ENTERTAINM] | YouTube  | [Normal]     | 96%    |   79.3ms | U.S. and no clue lol...
[GAMING/GAM] | YouTube  | [Normal]     | 90%    |   80.0ms | don't see a face "yet"...
[GAMING/SUR] | YouTube  | [Normal]     | 66%    |   73.0ms | you need cloaksy RPG...
[MUSIC/CHIL] | YouTube  | [Normal]     | 96%    |   72.2ms | vizz raaledhe...
[ENTERTAINM] | YouTube  | [Normal]     | 90%    |   76.0ms | But for real who is he...
[SELF-HELP/] | YouTube  | [Normal]     | 95%    |   73.0ms | Ws for chat...
[ENTERTAINM] | YouTube  | [Normal]     | 95%    |   67.8ms | hello...
[GAMING/GAM] | YouTube  | [Normal]     | 90%    |   69.3ms | Oh my GOD NO...
[GAMING/GAM] | YouTube  | [Normal]     | 97%    |  174.6ms | Hey Mark  I have been watching your cont...
[GAMING/GAM] | YouTube  | [Normal]     | 93%    |   68.7ms | MISSING CAMERA...
[GAMING/SUR] | YouTube  | [HATE]       | 66%    |   79.0ms | well at least the windmill should be gon...
[ENTERTAINM] | YouTube  | [Normal]     | 93%    |   74.7ms | Mr beast is best...
[GAMING/GAM] | YouTube  | [Normal]     | 87%    |   86.0ms | You’re live whattt since when...
[GAMING/GAM] | YouTube  | [Normal]     | 95%    |   72.7ms | the stairs look oddly green...
[GAMING/GAM] | YouTube  | [Normal]     | 97%    |   69.6ms | FUSE BOX in Interior...
[ENTERTAINM] | YouTube  | [Normal]     | 93%    |   81.9ms | I LOVE YOU MR BEAST SIR...
[ENTERTAINM] | YouTube  | [Normal]     | 94%    |   67.8ms | Do speed...
[NEWS/LIVE ] | YouTube  | [Normal]     | 92%    |   78.1ms | They rejected him from the press confere...
[ENTERTAINM] | YouTube  | [Normal]     | 91%    |   67.6ms | منم...
[MUSIC/CHIL] | YouTube  | [Normal]     | 95%    |   71.1ms | :zzz:...
[GAMING/GAM] | YouTube  | [Normal]     | 93%    |   67.7ms | extra bottle pier...
[ENTERTAINM] | YouTube  | [Normal]     | 87%    |   67.2ms | a...
[ENTERTAINM] | YouTube  | [Normal]     | 95%    |  106.1ms | হ্যালো মিস্টার বিস্ট...
[GAMING/GAM] | YouTube  | [Normal]     | 85%    |   74.1ms | What if mark is the anomaly...
[GAMING/GAM] | YouTube  | [Normal]     | 96%    |   76.6ms | What time does stream start?...
[GAMING/GAM] | YouTube  | [Normal]     | 97%    |   82.1ms | THE RED ROPE MOVED BACK I SWEAR...
[GAMING/GAM] | YouTube  | [Normal]     | 90%    |   72.7ms | It's the lung!...
[GAMING/GAM] | YouTube  | [Normal]     | 96%    |   74.8ms | camera is zoomed on lighthouse...
[GAMING/GAM] | YouTube  | [Normal]     | 97%    |   78.9ms | SECOND MOUSETRAP IN BASEMENT...
[GAMING/SUR] | YouTube  | [Normal]     | 94%    |   82.5ms | it's about to go down...
[MUSIC/CHIL] | YouTube  | [Normal]     | 97%    |   85.0ms | Kavya face reveal...
[ENTERTAINM] | YouTube  | [Normal]     | 94%    |   64.3ms | hi...
[ENTERTAINM] | YouTube  | [Normal]     | 97%    |   68.6ms | I love you...
[ENTERTAINM] | YouTube  | [Normal]     | 90%    |   66.1ms | หวัดดี มิสเตอร์บีย...
[GAMING/GAM] | YouTube  | [Normal]     | 93%    |   93.7ms | The keepers roam sounds like someone is ...
[MUSIC/CHIL] | YouTube  | [HATE]       | 84%    |   79.7ms | Raggy buy her a Barista machine...
[ENTERTAINM] | YouTube  | [Normal]     | 94%    |   62.3ms | Hi...
[GAMING/SUR] | YouTube  | [Normal]     | 74%    |   79.5ms | YOU NEED TO BE FASTER...
[GAMING/GAM] | YouTube  | [Normal]     | 98%    |   71.7ms | Mark the pole...
[GAMING/GAM] | YouTube  | [Normal]     | 96%    |   68.0ms | hi Mark...
[GAMING/GAM] | YouTube  | [Normal]     | 88%    |  109.7ms | i'm really waiting for a person to show ...
[GAMING/GAM] | YouTube  | [Normal]     | 77%    |   84.8ms | no iron lung for Ukrainian?(((...
[GAMING/GAM] | YouTube  | [Normal]     | 97%    |   69.6ms | The lantern moved interior...
[GAMING/GAM] | YouTube  | [Normal]     | 97%    |   75.3ms | the fuse box was open...
[GAMING/GAM] | YouTube  | [Normal]     | 98%    |   87.7ms | extra box by the purple scarf lantern ro...
[ENTERTAINM] | YouTube  | [Normal]     | 96%    |   81.1ms | FROM UZBEKISTAN...
[PSYCHOLOGY] | YouTube  | [Normal]     | 95%    |  194.5ms | @guywithnohouse.6808 Yeah like  okay rec...
[GAMING/GAM] | YouTube  | [Normal]     | 91%    |   88.2ms | you need to cool it...
[GAMING/SUR] | YouTube  | [Normal]     | 51%    |   80.1ms | Let’s gooooooo...
[GAMING/SUR] | YouTube  | [Normal]     | 94%    |   64.1ms | YUH...
[GAMING/SUR] | YouTube  | [Normal]     | 96%    |   70.4ms | Yurrrrr...
[PSYCHOLOGY] | YouTube  | [Normal]     | 98%    |   92.8ms | :glasses-purple-yellow-diamond:...
[GAMING/SUR] | YouTube  | [Normal]     | 96%    |   72.6ms | First...
[GAMING/SUR] | YouTube  | [Normal]     | 92%    |   78.6ms | Wuuhuu...
[GAMING/SUR] | YouTube  | [Normal]     | 69%    |   72.0ms | Gooooop...
[GAMING/SUR] | YouTube  | [Normal]     | 95%    |   68.2ms | yyyeeer...
[GAMING/SUR] | YouTube  | [Normal]     | 52%    |   83.4ms | GOOP GOOP GOOP...
[GAMING/SUR] | YouTube  | [Normal]     | 87%    |   72.1ms | LOCK IN...
[GAMING/SUR] | YouTube  | [Normal]     | 92%    |   86.3ms | Knights of the bungus!!!...
[MUSIC/CHIL] | YouTube  | [Normal]     | 97%    |  268.0ms | Mother and daughter having children toge...
[GAMING/SUR] | YouTube  | [Normal]     | 92%    |   96.2ms | The Myth  The peanut  The mf legend in d...
[GAMING/SUR] | YouTube  | [Normal]     | 95%    |   73.2ms | EEEEE...
[GAMING/SUR] | YouTube  | [Normal]     | 95%    |  162.5ms | :thumbs_up::thumbs_up::thumbs_up::thumbs...
[GAMING/SUR] | YouTube  | [Normal]     | 96%    |   61.4ms | HAPPY SATURDAY...
[GAMING/SUR] | YouTube  | [Normal]     | 92%    |   68.0ms | hes ;leaving...
[GAMING/SUR] | YouTube  | [Normal]     | 91%    |   67.6ms | yeahhhhhh...
[GAMING/SUR] | YouTube  | [Normal]     | 74%    |   74.7ms | hutch is going to gamble...
[GAMING/SUR] | YouTube  | [Normal]     | 93%    |   82.4ms | Gingy and Rouge did 20 Hours...
[GAMING/SUR] | YouTube  | [Normal]     | 54%    |   84.2ms | Hutch robbed you of your gun and armor...
[MUSIC/CHIL] | YouTube  | [Normal]     | 97%    |  132.6ms | serendi lechi podam ani chelli ekkadikel...
[GAMING/SUR] | YouTube  | [Normal]     | 87%    |   76.8ms | give gingy her flowers...
[GAMING/SUR] | YouTube  | [Normal]     | 78%    |   79.1ms | Gingy and Rogue need a promotion peanut...
[GAMING/SUR] | YouTube  | [OFFENSIVE]  | 79%    |  135.7ms | :_LetsGo::_LetsGo::_LetsGo::_LetsGo::_Le...
[NEWS/LIVE ] | YouTube  | [Normal]     | 96%    |   92.3ms | Won won :backhand_index_pointing_left:...
[GAMING/SUR] | YouTube  | [Normal]     | 91%    |   99.5ms | ayyyeee. he's baccckkk...
[MUSIC/CHIL] | YouTube  | [Normal]     | 98%    |  105.6ms | serendi marchipoya :smiling_face_with_te...
[GAMING/SUR] | YouTube  | [Normal]     | 80%    |   84.6ms | They have slot machines as well haha...
[GAMING/SUR] | YouTube  | [Normal]     | 95%    |   72.0ms | GATE LEFT OPEN P...
[GAMING/SUR] | YouTube  | [Normal]     | 68%    |   67.6ms | goop his body...
[GAMING/SUR] | YouTube  | [Normal]     | 96%    |   62.9ms | !peanuts...
[NEWS/LIVE ] | YouTube  | [Normal]     | 93%    |   69.2ms | :buffering:...
[GAMING/SUR] | YouTube  | [Normal]     | 93%    |   72.1ms | $UFD...
[GAMING/SUR] | YouTube  | [Normal]     | 98%    |  102.6ms | Peanut on a game I actually play????...
[GAMING/SUR] | YouTube  | [Normal]     | 97%    |   76.1ms | where is telaviv?...
[SELF-HELP/] | YouTube  | [Normal]     | 96%    |   75.4ms | hows it going chat?...
[NEWS/LIVE ] | YouTube  | [Normal]     | 94%    |  100.3ms | nobody wants to be commie:cat-orange-whi...
[GAMING/SUR] | YouTube  | [OFFENSIVE]  | 98%    |  122.5ms | is this loser still using Rust pros when...
[MUSIC/CHIL] | YouTube  | [Normal]     | 97%    |  140.7ms | pranam leni paddati kosam pranam una pra...
[MUSIC/CHIL] | YouTube  | [Normal]     | 98%    |  156.0ms | :face_with_tears_of_joy::cat_with_tears_...
[MUSIC/CHIL] | YouTube  | [Normal]     | 97%    |  109.7ms | G  :face_with_tears_of_joy:Bagunda corpo...
[PSYCHOLOGY] | YouTube  | [Normal]     | 96%    |   69.5ms | alrighty chattt...
[GAMING/SUR] | YouTube  | [Normal]     | 81%    |  112.3ms | gingy owned butch the hutt :rolling_on_t...
[GAMING/SUR] | YouTube  | [Normal]     | 94%    |   72.6ms | below...
[PSYCHOLOGY] | YouTube  | [Normal]     | 97%    |   95.7ms | Hi Dr. K ! Hi team ! Hi chat !...
[GAMING/SUR] | YouTube  | [Normal]     | 95%    |   64.3ms | pure diesel...
[MUSIC/CHIL] | YouTube  | [Normal]     | 85%    |  124.2ms | If he says it's a lie  I'll never come h...
[GAMING/SUR] | YouTube  | [OFFENSIVE]  | 49%    |   95.5ms | GINGY KILLED CLOAKZY?!?!...
[GAMING/SUR] | YouTube  | [Normal]     | 94%    |   83.1ms | RAAAQAAAAAHHHH...
[MUSIC/CHIL] | YouTube  | [Normal]     | 95%    |  171.2ms | Suz I can’t cover my face anymore :face_...
[MUSIC/CHIL] | YouTube  | [Normal]     | 97%    |  124.0ms | Manoj kyu mana kr rhe isse Acha to mar j...
[MUSIC/CHIL] | YouTube  | [Normal]     | 95%    |   89.2ms | Shivani your pfp is giving those vibes...
[NEWS/LIVE ] | YouTube  | [Normal]     | 88%    |  107.8ms | as a former USA teacher  what went wrong...
[GAMING/SUR] | YouTube  | [Normal]     | 92%    |   81.0ms | HES ON EARLY HI MR NUT...
[GAMING/SUR] | YouTube  | [Normal]     | 81%    |   81.1ms | there is a wheel in the train...
[GAMING/SUR] | YouTube  | [Normal]     | 91%    |   71.9ms | its in the front...
[GAMING/SUR] | YouTube  | [Normal]     | 94%    |   71.9ms | ON the ground...
[GAMING/SUR] | YouTube  | [Normal]     | 91%    |   73.0ms | South...
[GAMING/SUR] | YouTube  | [Normal]     | 92%    |   75.7ms | haahahahah...
[MUSIC/CHIL] | YouTube  | [Normal]     | 88%    |   67.5ms | Stranger net slow...
[GAMING/SUR] | YouTube  | [Normal]     | 96%    |   74.6ms | oh its h20 lol...
[GAMING/SUR] | YouTube  | [OFFENSIVE]  | 89%    |   74.7ms | DELIROOUSSSSS...
[GAMING/SUR] | YouTube  | [Normal]     | 91%    |   75.2ms | DO IT AND YOUR COOL...
[MUSIC/CHIL] | YouTube  | [Normal]     | 96%    |   72.4ms | i can be...
[GAMING/SUR] | YouTube  | [Normal]     | 92%    |   79.8ms | W GAMBLING :_PeanutJork:...
[GAMING/SUR] | YouTube  | [Normal]     | 90%    |   82.7ms | bro needs to put some clothes on...
[GAMING/SUR] | YouTube  | [Normal]     | 94%    |  105.4ms | @titeacevedo7791 wahhhh wahhhh...
[GAMING/SUR] | YouTube  | [HATE]       | 61%    |   66.8ms | Goat :goat:...
[GAMING/SUR] | YouTube  | [Normal]     | 96%    |   66.9ms | Classic...
[MUSIC/CHIL] | YouTube  | [Normal]     | 95%    |  162.3ms | what so :rolling_on_the_floor_laughing::...
[GAMING/SUR] | YouTube  | [Normal]     | 82%    |   97.9ms | why the hell is delerious here lmfao...
[GAMING/SUR] | YouTube  | [Normal]     | 95%    |   69.1ms | well that escalated quickly...
[GAMING/SUR] | YouTube  | [OFFENSIVE]  | 78%    |  115.3ms | :_LetsGo::_LetsGo::_LetsGo::_LetsGo:...
[MUSIC/CHIL] | YouTube  | [Normal]     | 96%    |   97.8ms | so you love me :smiling_face_with_sungla...
[GAMING/SUR] | YouTube  | [Normal]     | 94%    |   69.0ms | 10...
[GAMING/SUR] | YouTube  | [Normal]     | 96%    |   75.2ms | LOL...
[GAMING/SUR] | YouTube  | [Normal]     | 96%    |   63.2ms | LOL...
[GAMING/SUR] | YouTube  | [Normal]     | 97%    |  158.5ms | :face_with_tears_of_joy::face_with_tears...
[MUSIC/CHIL] | YouTube  | [Normal]     | 97%    |   97.3ms | Vsaanu Anna:slightly_smiling_face:...
[PSYCHOLOGY] | YouTube  | [Normal]     | 92%    |   80.8ms | good news there are billions of humans!...
[SELF-HELP/] | YouTube  | [Normal]     | 86%    |   59.4ms | yo...
[GAMING/SUR] | YouTube  | [Normal]     | 93%    |   75.4ms | AHHHHHHHH...
[PSYCHOLOGY] | YouTube  | [Normal]     | 97%    |  104.6ms | is he streaming on twitch too? is that t...
[GAMING/SUR] | YouTube  | [Normal]     | 95%    |   61.1ms | 6 7...
[GAMING/SUR] | YouTube  | [Normal]     | 95%    |  105.8ms | :fire::fire::fire::fire::fire:...
[GAMING/SUR] | YouTube  | [Normal]     | 92%    |  128.7ms | :_PeanutJork::_GOOP::_GOOP::_GOOP:...
[GAMING/SUR] | YouTube  | [Normal]     | 93%    |   70.5ms | get rekt...
[GAMING/SUR] | YouTube  | [Normal]     | 96%    |   72.5ms | lmao righed...
[GAMING/SUR] | YouTube  | [Normal]     | 94%    |   71.4ms | Haahahahahhaa...
[GAMING/SUR] | YouTube  | [Normal]     | 89%    |   72.0ms | There goes the house Mrs peanut...
[GAMING/SUR] | YouTube  | [Normal]     | 91%    |   62.1ms | W...
[GAMING/SUR] | YouTube  | [Normal]     | 98%    |   80.5ms | W PEANUT :fire::fire:...
[PSYCHOLOGY] | YouTube  | [Normal]     | 94%    |  134.9ms | @atomicaxioms which one of your testicle...
[MUSIC/CHIL] | YouTube  | [OFFENSIVE]  | 57%    |   77.3ms | mohit kaise ho...
[GAMING/SUR] | YouTube  | [Normal]     | 95%    |   62.5ms | 3 again...
[GAMING/SUR] | YouTube  | [Normal]     | 96%    |   67.9ms | lol...
[GAMING/SUR] | YouTube  | [Normal]     | 94%    |   68.5ms | 5...
[GAMING/SUR] | YouTube  | [Normal]     | 92%    |   66.4ms | bust...
[GAMING/SUR] | YouTube  | [Normal]     | 74%    |   70.2ms | This is Depressing...
[NEWS/LIVE ] | YouTube  | [Normal]     | 94%    |  129.2ms | SPENCER PRATT THIS WILL HELP YOU. KAREN ...
[ENTERTAINM] | YouTube  | [Normal]     | 96%    |   79.8ms | Let's Go 500M Subscribers!...
[SELF-HELP/] | YouTube  | [Normal]     | 94%    |   66.6ms | Jedi soccer...
[PSYCHOLOGY] | YouTube  | [Normal]     | 91%    |   81.9ms | Where does he finds these names...
[ENTERTAINM] | YouTube  | [Normal]     | 96%    |   88.1ms | MR BEAST I LOVE YOUUUUUU...
[ENTERTAINM] | YouTube  | [Normal]     | 88%    |  124.8ms | :stayhome::stayhome::stayhome::stayhome:...
[ENTERTAINM] | YouTube  | [Normal]     | 96%    |   94.8ms | hy pls take my name...
[ENTERTAINM] | YouTube  | [Normal]     | 94%    |   76.6ms | unsubscribe...
[GAMING/SUR] | YouTube  | [Normal]     | 87%    |   61.9ms | no...
[GAMING/SUR] | YouTube  | [Normal]     | 94%    |   74.1ms | JAMMMM...
[MUSIC/CHIL] | YouTube  | [Normal]     | 95%    |   87.3ms | D icheyi Ra...
[ENTERTAINM] | YouTube  | [Normal]     | 94%    |   65.9ms | hi...
[GAMING/GAM] | YouTube  | [Normal]     | 95%    |   74.3ms | hello...
[GAMING/GAM] | YouTube  | [Normal]     | 93%    |   72.6ms | THERE HE IS...
[GAMING/GAM] | YouTube  | [Normal]     | 96%    |   87.3ms | hello!! I exist!!...
[GAMING/GAM] | YouTube  | [Normal]     | 96%    |   85.5ms | HELLO FROM Ireland!!...
[SELF-HELP/] | YouTube  | [Normal]     | 94%    |  117.8ms | I remember you talking about all kinds o...
[GAMING/GAM] | YouTube  | [Normal]     | 96%    |   82.4ms | AAHHH HI MARK HI CHAT...
[GAMING/GAM] | YouTube  | [Normal]     | 96%    |   71.2ms | HIIIIIII...
[ENTERTAINM] | YouTube  | [Normal]     | 93%    |   66.6ms | omg...
[ENTERTAINM] | YouTube  | [Normal]     | 95%    |   59.7ms | hii...
[GAMING/SUR] | YouTube  | [Normal]     | 48%    |   68.5ms | you should play some rust tomorrow...
[GAMING/GAM] | YouTube  | [Normal]     | 96%    |   88.5ms | WOOOOO I finally caught a stream!!!...
[GAMING/SUR] | YouTube  | [Normal]     | 96%    |   88.5ms | it's 5 o'clock time for a beer...
[GAMING/GAM] | YouTube  | [Normal]     | 96%    |   75.6ms | Hi Mark!!!...
[GAMING/GAM] | YouTube  | [Normal]     | 97%    |   65.9ms | Welcome to Member!...
[GAMING/GAM] | YouTube  | [Normal]     | 94%    |   69.7ms | hi...
[MUSIC/CHIL] | YouTube  | [Normal]     | 97%    |  108.3ms | ai văzut vreo fantomă?:face_with_rolling...
[ENTERTAINM] | YouTube  | [Normal]     | 86%    |   73.9ms | YO...
[GAMING/SUR] | YouTube  | [Normal]     | 78%    |  112.0ms | i dont understand how you have so much e...
[GAMING/GAM] | YouTube  | [Normal]     | 94%    |   72.6ms | w!!!...
[GAMING/GAM] | YouTube  | [Normal]     | 96%    |  105.1ms | Hey Mark. It would mean a lot if you sai...
[MUSIC/CHIL] | YouTube  | [Normal]     | 97%    |   83.8ms | shikha I can see.......
[ENTERTAINM] | YouTube  | [Normal]     | 97%    |  103.2ms | ниче не понимаю:slightly_smiling_face:...
[ENTERTAINM] | YouTube  | [Normal]     | 94%    |   64.0ms | IND...
[PSYCHOLOGY] | YouTube  | [Normal]     | 87%    |   81.0ms | no...
[GAMING/GAM] | YouTube  | [Normal]     | 97%    |   87.3ms | i saw it yesterday and i loved it!!!...
[ENTERTAINM] | YouTube  | [Normal]     | 96%    |   64.9ms | hello sirrrr...
[ENTERTAINM] | YouTube  | [Normal]     | 90%    |   64.9ms | india brother...
[GAMING/GAM] | YouTube  | [Normal]     | 88%    |   76.7ms | Who cares about dollars FR...
[GAMING/GAM] | YouTube  | [Normal]     | 97%    |   86.7ms | Does it help that I saw it multiple time...
[GAMING/GAM] | YouTube  | [Normal]     | 91%    |   66.8ms | YEAHHHHHHH...
[GAMING/GAM] | YouTube  | [Normal]     | 97%    |   76.5ms | MARK MY BROTHER AND I LOVED YOUR MOVIE...
[GAMING/GAM] | YouTube  | [Normal]     | 91%    |   95.7ms | Mark  you look shorter than usual  every...
[ENTERTAINM] | YouTube  | [Normal]     | 95%    |   69.3ms | CONGRATULATIONS...
[GAMING/GAM] | YouTube  | [Normal]     | 95%    |   84.3ms | I hope you bring more scp videos back!...
[GAMING/GAM] | YouTube  | [Normal]     | 96%    |   81.6ms | MARKIPLIERRRRRR...
[GAMING/GAM] | YouTube  | [Normal]     | 97%    |   70.4ms | Welcome New Member!...
[GAMING/GAM] | YouTube  | [Normal]     | 97%    |   93.3ms | FINALLY GOT TICKETS TO SEE THE MOVIE ON ...
[GAMING/GAM] | YouTube  | [OFFENSIVE]  | 65%    |   66.1ms | congratssss...
[GAMING/SUR] | YouTube  | [OFFENSIVE]  | 77%    |  138.9ms | what an asshole to come and take all the...
[GAMING/GAM] | YouTube  | [Normal]     | 97%    |   78.9ms | I need a physical copy as soon as it rel...
[GAMING/GAM] | YouTube  | [Normal]     | 97%    |   79.5ms | im seeing the movie tomorrow! very excit...
[ENTERTAINM] | YouTube  | [Normal]     | 95%    |   85.7ms | MR BEAST I HAVE A QUESTION...
[ENTERTAINM] | YouTube  | [Normal]     | 97%    |   96.2ms | I love you bro :face_blowing_a_kiss:...
[ENTERTAINM] | YouTube  | [Normal]     | 96%    |   60.7ms | Oi...
[ENTERTAINM] | YouTube  | [Normal]     | 93%    |   68.5ms | j...
[GAMING/SUR] | YouTube  | [Normal]     | 97%    |   69.3ms | did rouge sleep?...
[GAMING/GAM] | YouTube  | [Normal]     | 89%    |  140.4ms | I remember initially tuning in when Drun...
[GAMING/SUR] | YouTube  | [Normal]     | 96%    |   79.5ms | he didn't close the gate...
[GAMING/GAM] | YouTube  | [Normal]     | 77%    |   75.1ms | liiiight houuuuse...
[SELF-HELP/] | YouTube  | [Normal]     | 65%    |  103.9ms | David Goggins records hate comments and ...
[GAMING/SUR] | YouTube  | [Normal]     | 81%    |   60.7ms | THEN QUIT...
[GAMING/SUR] | YouTube  | [Normal]     | 94%    |   68.5ms | who is doug buck...
[SELF-HELP/] | YouTube  | [Normal]     | 70%    |  102.4ms | if one hates the self isnt that part of ...
[SELF-HELP/] | YouTube  | [HATE]       | 93%    |   93.7ms | You should listen to them but not dwell ...
[GAMING/GAM] | YouTube  | [Normal]     | 93%    |   67.8ms | lighthouse...
[GAMING/GAM] | YouTube  | [Normal]     | 95%    |   77.9ms | this music is BUMPING...
[GAMING/SUR] | YouTube  | [Normal]     | 96%    |   70.2ms | roulette...
[GAMING/GAM] | YouTube  | [Normal]     | 97%    |   63.9ms | LIGHT PLANE...
[ENTERTAINM] | YouTube  | [Normal]     | 83%    |   72.3ms | they grow up so fast...
[ENTERTAINM] | YouTube  | [Normal]     | 94%    |   73.8ms | bro still looks the same...
[GAMING/SUR] | YouTube  | [Normal]     | 93%    |   82.0ms | PEANUT SOMEONE SPRAYED A PEEN ON YOUR BI...
[GAMING/GAM] | YouTube  | [Normal]     | 95%    |   77.3ms | Light house for sure...
[GAMING/GAM] | YouTube  | [Normal]     | 96%    |   72.0ms | :sanitizer:...
[GAMING/GAM] | YouTube  | [Normal]     | 96%    |   58.1ms | Hi Mark...
[GAMING/SUR] | YouTube  | [Normal]     | 94%    |   65.1ms | Dude...
[GAMING/GAM] | YouTube  | [Normal]     | 98%    |   92.7ms | HII MARK YOUR MOVIE WAS AMAZING I LOVED ...
[GAMING/GAM] | YouTube  | [Normal]     | 96%    |  148.6ms | :_markiHEART::_markiHEART::_markiHEART::...
[MUSIC/CHIL] | YouTube  | [Normal]     | 98%    |   81.7ms | :cloud_with_rain:...
[GAMING/GAM] | YouTube  | [OFFENSIVE]  | 61%    |   69.4ms | your movie was fuckin fire...
[ENTERTAINM] | YouTube  | [Normal]     | 90%    |   67.8ms | Wazzzzup...
[GAMING/GAM] | YouTube  | [Normal]     | 97%    |   85.0ms | MARK PLAY ON AIRPLNE AND MY LIFE IS YOUR...
[ENTERTAINM] | YouTube  | [Normal]     | 95%    |  108.8ms | OI MRBEAST!!!!!! SOU DO BRASIL!!!!...
[GAMING/SUR] | YouTube  | [Normal]     | 96%    |   60.3ms | lol...
[ENTERTAINM] | YouTube  | [Normal]     | 94%    |   84.1ms | hi...
[ENTERTAINM] | YouTube  | [Normal]     | 98%    |  157.5ms | Elon about to hit $1 Trillion and Jimmy ...
[GAMING/GAM] | YouTube  | [Normal]     | 91%    |   69.1ms | PORTUGAL...
[ENTERTAINM] | YouTube  | [Normal]     | 94%    |   68.6ms | nice...
[ENTERTAINM] | YouTube  | [Normal]     | 91%    |   70.1ms | mr beast...
[ENTERTAINM] | YouTube  | [Normal]     | 94%    |   66.2ms | 1...
[GAMING/SUR] | YouTube  | [Normal]     | 91%    |   89.1ms | no way:face_with_open_mouth:...
[GAMING/GAM] | YouTube  | [Normal]     | 96%    |   74.9ms | hello mark are you considering doing con...
[GAMING/GAM] | YouTube  | [Normal]     | 87%    |   73.5ms | I hope it comes to Chile...
[ENTERTAINM] | YouTube  | [Normal]     | 95%    |  132.4ms | seeing you going from 40 million subscri...
[GAMING/SUR] | YouTube  | [Normal]     | 94%    |   72.1ms | larry Joseph barringer...
[ENTERTAINM] | YouTube  | [Normal]     | 96%    |   77.7ms | I was hereeee...
[GAMING/SUR] | YouTube  | [Normal]     | 89%    |   94.0ms | Im Busting...!!!!!!...
[GAMING/GAM] | YouTube  | [Normal]     | 94%    |   81.5ms | portugal!? MY PEOPLE...
[GAMING/GAM] | YouTube  | [Normal]     | 95%    |   58.5ms | bcb...
[GAMING/GAM] | YouTube  | [Normal]     | 98%    |   89.9ms | I want airplane :airplane::airplane:...
[GAMING/SUR] | YouTube  | [Normal]     | 98%    |   80.5ms | :trophy-yellow-smiling:W...
[ENTERTAINM] | YouTube  | [Normal]     | 95%    |   77.2ms | Bangladesh...
[ENTERTAINM] | YouTube  | [Normal]     | 95%    |   63.2ms | i'm here...
[GAMING/GAM] | YouTube  | [Normal]     | 77%    |   68.3ms | WHERE CAN I WATCH IRON LUNG...
[GAMING/GAM] | YouTube  | [Normal]     | 95%    |  174.5ms | :_markiLOVE::_markiLOVE::_markiLOVE::_ma...
[GAMING/SUR] | YouTube  | [Normal]     | 95%    |   74.8ms | DOUBLE DOUBLE...
[GAMING/GAM] | YouTube  | [Normal]     | 95%    |   87.9ms | i was just seen your video of dont starv...
[GAMING/SUR] | YouTube  | [Normal]     | 94%    |   68.5ms | DOUBLE...
[GAMING/GAM] | YouTube  | [Normal]     | 93%    |   65.7ms | Ohhhh...
[GAMING/SUR] | YouTube  | [Normal]     | 95%    |   67.9ms | hit...
[GAMING/GAM] | YouTube  | [Normal]     | 95%    |  148.3ms | hey mark do you ever plan on playing doo...
[PSYCHOLOGY] | YouTube  | [Normal]     | 90%    |   71.8ms | yin and yang...
[GAMING/GAM] | YouTube  | [Normal]     | 95%    |   59.7ms | hellooo...
[GAMING/GAM] | YouTube  | [Normal]     | 48%    |   84.9ms | sound was fab for me in the UK :)...
[MUSIC/CHIL] | YouTube  | [Normal]     | 98%    |  178.2ms | EXITO:face-red-heart-shape::face-red-hea...
[NEWS/LIVE ] | YouTube  | [Normal]     | 93%    |   76.5ms | for not taking covid shots...
[MUSIC/CHIL] | YouTube  | [Normal]     | 95%    |   90.1ms | lo que hagas entre semana da igual...
[GAMING/SUR] | YouTube  | [Normal]     | 91%    |   70.5ms | Risking way to much...
[GAMING/GAM] | YouTube  | [Normal]     | 92%    |  141.5ms | I just assumed it was supposed to be a b...
[GAMING/SUR] | YouTube  | [Normal]     | 86%    |   80.2ms | Just like the casino...
[GAMING/SUR] | YouTube  | [Normal]     | 96%    |   75.1ms | 500 on 1 on the wheel trust...
[GAMING/GAM] | YouTube  | [Normal]     | 95%    |   68.6ms | AIRPLANE PLZZZ...
[GAMING/SUR] | YouTube  | [Normal]     | 73%    |  103.9ms | Glad they got the base back after GINGY ...
[MUSIC/CHIL] | YouTube  | [Normal]     | 96%    |   93.1ms | @Tradexlav tera to katgya bro...
[GAMING/SUR] | YouTube  | [Normal]     | 91%    |   76.0ms | do 50 scrap hands and build...
[GAMING/GAM] | YouTube  | [Normal]     | 97%    |   80.4ms | Release Iron Long IN ROMANIA!...
[SELF-HELP/] | YouTube  | [Normal]     | 42%    |   97.0ms | out of curiosity.... why waste time and ...
[ENTERTAINM] | YouTube  | [Normal]     | 94%    |   64.0ms | hi...
[GAMING/GAM] | YouTube  | [Normal]     | 96%    |  182.2ms | WE'RE GETTING IRON LUNG IN PORTUGAL :dou...
[ENTERTAINM] | YouTube  | [Normal]     | 93%    |   77.1ms | so proud of you sir...
[GAMING/GAM] | YouTube  | [Normal]     | 95%    |   68.3ms | L3...
[ENTERTAINM] | YouTube  | [Normal]     | 95%    |   63.6ms | Bangladesh...
[ENTERTAINM] | YouTube  | [Normal]     | 97%    |   84.7ms | 100th...
[MUSIC/CHIL] | YouTube  | [Normal]     | 98%    |  181.9ms | mohit kata to sabka h kabhi n kabhi :fac...
[ENTERTAINM] | YouTube  | [Normal]     | 97%    |   99.0ms | let's go :beaming_face_with_smiling_eyes...
[GAMING/GAM] | YouTube  | [Normal]     | 52%    |   83.9ms | do a poll with just airplane and lightho...
[GAMING/GAM] | YouTube  | [Normal]     | 87%    |  100.0ms | it was problematic on an imax theater he...
[ENTERTAINM] | YouTube  | [Normal]     | 96%    |   75.9ms | aura aura aura aura aura aura aura aura...
[GAMING/GAM] | YouTube  | [Normal]     | 92%    |   74.5ms | AAAAHHHHHHH...
[ENTERTAINM] | YouTube  | [Normal]     | 96%    |   67.2ms | YAY SO CLOSE...
[NEWS/LIVE ] | YouTube  | [Normal]     | 94%    |   67.1ms | buddy...
[ENTERTAINM] | YouTube  | [Normal]     | 94%    |   68.3ms | nurrlana...
[GAMING/SUR] | YouTube  | [Normal]     | 90%    |   68.9ms | hahaha...
[PSYCHOLOGY] | YouTube  | [Normal]     | 95%    |  128.3ms | The key is threading the needle in the w...
[GAMING/GAM] | YouTube  | [Normal]     | 92%    |   90.5ms | im seeing the movie tomorrow im so excxi...
[GAMING/GAM] | YouTube  | [Normal]     | 95%    |   70.1ms | airplane...
[GAMING/GAM] | YouTube  | [Normal]     | 91%    |   60.5ms | RAM RANCH...
[GAMING/SUR] | YouTube  | [Normal]     | 95%    |   62.1ms | ATM time...
[ENTERTAINM] | YouTube  | [Normal]     | 94%    |   67.4ms | give me one laptop...
[GAMING/GAM] | YouTube  | [Normal]     | 93%    |  111.0ms | that explains why I couldn't hear some t...
[GAMING/GAM] | YouTube  | [Normal]     | 96%    |   80.5ms | HI MARKKKK...
[ENTERTAINM] | YouTube  | [Normal]     | 94%    |   82.0ms | Indonesia...
[ENTERTAINM] | YouTube  | [Normal]     | 96%    |   93.4ms | plz give me I :mobile_phone:...
[ENTERTAINM] | YouTube  | [Normal]     | 94%    |   89.6ms | 1...
[ENTERTAINM] | YouTube  | [Normal]     | 95%    |   83.1ms | hello...
[ENTERTAINM] | YouTube  | [Normal]     | 97%    |   89.0ms | :smiling_face_with_smiling_eyes:...
[GAMING/SUR] | YouTube  | [Normal]     | 96%    |   82.2ms | rust streams are by far some of my favor...
[MUSIC/CHIL] | YouTube  | [Normal]     | 93%    |   91.6ms | Leave me :palm_down_hand:...
[GAMING/GAM] | YouTube  | [Normal]     | 94%    |   77.9ms | hai warkiplier...
[GAMING/SUR] | YouTube  | [Normal]     | 96%    |   73.6ms | thats a shareable amount...
[ENTERTAINM] | YouTube  | [Normal]     | 94%    |   64.8ms | عرب...
[ENTERTAINM] | YouTube  | [Normal]     | 94%    |   69.6ms | hi...
[GAMING/SUR] | YouTube  | [Normal]     | 46%    |   74.3ms | go to the scapper...
[ENTERTAINM] | YouTube  | [Normal]     | 94%    |   66.4ms | IM NOT NPC...
[GAMING/SUR] | YouTube  | [Normal]     | 92%    |   67.6ms | Peanut is itchy to gamble...
[GAMING/GAM] | YouTube  | [Normal]     | 95%    |   82.5ms | what's cracking mark  long time no see...
[GAMING/SUR] | YouTube  | [Normal]     | 96%    |   78.6ms | H20!!!!!!...
[GAMING/GAM] | YouTube  | [Normal]     | 95%    |   76.4ms | NUMBA ONEEEEEEEE...
[GAMING/GAM] | YouTube  | [Normal]     | 94%    |   78.2ms | airplane enclosed space like iron lung...
[ENTERTAINM] | YouTube  | [Normal]     | 96%    |   73.6ms | New member...
[ENTERTAINM] | YouTube  | [Normal]     | 96%    |   66.3ms | come to Rajasthan india...
[SELF-HELP/] | YouTube  | [Normal]     | 95%    |   84.1ms | cuz they jele :pensive_face:...
[GAMING/GAM] | YouTube  | [Normal]     | 97%    |  147.1ms | its my birthday today 25 :partying_face:...
[GAMING/GAM] | YouTube  | [Normal]     | 94%    |  108.6ms | our audio was great (could feel the floo...
[ENTERTAINM] | YouTube  | [Normal]     | 93%    |   82.3ms | mushtariy...
[ENTERTAINM] | YouTube  | [Normal]     | 94%    |   74.4ms | oh my your voice changed so much...
[ENTERTAINM] | YouTube  | [Normal]     | 94%    |   68.0ms | Hi...
[ENTERTAINM] | YouTube  | [Normal]     | 94%    |   67.1ms | hi...
[ENTERTAINM] | YouTube  | [Normal]     | 95%    |   70.2ms | Hello...
[MUSIC/CHIL] | YouTube  | [Normal]     | 92%    |   70.6ms | ai mușcat...
[ENTERTAINM] | YouTube  | [Normal]     | 94%    |   66.8ms | hi...
[ENTERTAINM] | YouTube  | [Normal]     | 71%    |   75.8ms | bro your moom ware...
[GAMING/GAM] | YouTube  | [Normal]     | 96%    |   87.5ms | gonna try to see it for a second time to...
[ENTERTAINM] | YouTube  | [Normal]     | 97%    |   64.5ms | 500M...
[PSYCHOLOGY] | YouTube  | [Normal]     | 88%    |   76.3ms | Gigachad vs normies...
[ENTERTAINM] | YouTube  | [Normal]     | 96%    |   63.9ms | hello jimmy...
[ENTERTAINM] | YouTube  | [Normal]     | 96%    |   74.2ms | :red_heart:...
[GAMING/SUR] | YouTube  | [Normal]     | 94%    |   64.2ms | 1...
[NEWS/LIVE ] | YouTube  | [Normal]     | 96%    |   73.8ms | 1984 on the way XD...
[ENTERTAINM] | YouTube  | [Normal]     | 96%    |   80.7ms | 500m:saluting_face:...
[GAMING/SUR] | YouTube  | [Normal]     | 78%    |   72.9ms | no way...
[GAMING/SUR] | YouTube  | [Normal]     | 96%    |   62.6ms | LOL...
[GAMING/GAM] | YouTube  | [Normal]     | 95%    |  379.5ms | :face-red-droopy-eyes::face-red-droopy-e...
[MUSIC/CHIL] | YouTube  | [Normal]     | 97%    |  124.4ms | por lo menos los de la puerta de la igle...
[GAMING/GAM] | YouTube  | [Normal]     | 93%    |   65.5ms | gg...
[MUSIC/CHIL] | YouTube  | [Normal]     | 95%    |   77.3ms | e șubred dudul...
[ENTERTAINM] | YouTube  | [Normal]     | 89%    |  107.2ms | I am your subscriber Mr beast I am be ha...
[GAMING/SUR] | YouTube  | [Normal]     | 97%    |  105.2ms | we got delirious on a peanut stream lol...
[ENTERTAINM] | YouTube  | [Normal]     | 86%    |   89.4ms | like done :thumbs_up:...
[GAMING/GAM] | YouTube  | [Normal]     | 95%    |   88.4ms | honestly restarted the Garten of banban ...
[GAMING/SUR] | YouTube  | [Normal]     | 94%    |   69.8ms | ITS GONNA BE 5 FOR SURE...
[ENTERTAINM] | YouTube  | [Normal]     | 97%    |   77.9ms | hi :check_mark_button:...
[MUSIC/CHIL] | YouTube  | [Normal]     | 94%    |  121.0ms | mohit :face_with_tears_of_joy::face_with...
[PSYCHOLOGY] | YouTube  | [Normal]     | 96%    |   76.9ms | isn't that sadly partially true?...
[GAMING/SUR] | YouTube  | [Normal]     | 91%    |   69.4ms | hahahahaha...
[ENTERTAINM] | YouTube  | [Normal]     | 97%    |   73.9ms | :heart_suit:...
[GAMING/SUR] | YouTube  | [Normal]     | 93%    |   70.0ms | deserved...
[ENTERTAINM] | YouTube  | [Normal]     | 96%    |   63.3ms | New member...
[ENTERTAINM] | YouTube  | [Normal]     | 97%    |  241.7ms | Jai jagannathJai jagannathJai jagannathJ...
[ENTERTAINM] | YouTube  | [Normal]     | 97%    |  110.7ms | love :face_blowing_a_kiss::two_hearts: y...
[GAMING/GAM] | YouTube  | [Normal]     | 96%    |   68.6ms | That was fast lol...
[GAMING/GAM] | YouTube  | [Normal]     | 97%    |   68.5ms | What is this game??...
[ENTERTAINM] | YouTube  | [Normal]     | 66%    |   62.8ms | that is crazy...
[ENTERTAINM] | YouTube  | [Normal]     | 69%    |   72.3ms | you can't see me...
[GAMING/GAM] | YouTube  | [Normal]     | 97%    |  125.7ms | Typo :face_with_tears_of_joy::face_with_...
[GAMING/GAM] | YouTube  | [Normal]     | 96%    |   77.2ms | observation is spelt wrong...
[GAMING/SUR] | YouTube  | [Normal]     | 95%    |   62.1ms | TF...
[GAMING/SUR] | YouTube  | [Normal]     | 84%    |   69.6ms | rigged...
[ENTERTAINM] | YouTube  | [Normal]     | 91%    |   71.6ms | me...
[PSYCHOLOGY] | YouTube  | [Normal]     | 51%    |   76.0ms | People hate their moms...
[ENTERTAINM] | YouTube  | [Normal]     | 91%    |   68.8ms | me...
[PSYCHOLOGY] | YouTube  | [Normal]     | 95%    |   90.9ms | Never done drugs i use 20 hours gaming s...
[GAMING/SUR] | YouTube  | [Normal]     | 92%    |   75.5ms | never come back here lmao...
[ENTERTAINM] | YouTube  | [Normal]     | 90%    |   73.3ms | Usa...
[GAMING/SUR] | YouTube  | [Normal]     | 95%    |  216.0ms | :rolling_on_the_floor_laughing::rolling_...
[PSYCHOLOGY] | YouTube  | [Normal]     | 91%    |   75.7ms | animals...
[SELF-HELP/] | YouTube  | [Normal]     | 93%    |   92.3ms | @exozl That's legitimate. Carbs = sugar....
[GAMING/GAM] | YouTube  | [Normal]     | 95%    |   61.1ms | W title...
[ENTERTAINM] | YouTube  | [Normal]     | 97%    |   69.9ms | Welcome New Member!...
[PSYCHOLOGY] | YouTube  | [OFFENSIVE]  | 54%    |   63.8ms | HOLY SHIT...
[ENTERTAINM] | YouTube  | [Normal]     | 93%    |   77.3ms | م...
[GAMING/SUR] | YouTube  | [Normal]     | 95%    |   83.2ms | peanut sick lol...
[ENTERTAINM] | YouTube  | [Normal]     | 95%    |   86.2ms | sir mujhe dollar chahie...
[ENTERTAINM] | YouTube  | [Normal]     | 97%    |  141.8ms | just add slowmode gang :broken_heart::br...
[GAMING/GAM] | YouTube  | [Normal]     | 96%    |   73.4ms | extra object...
[GAMING/SUR] | YouTube  | [Normal]     | 95%    |   73.4ms | Hu20?...
[GAMING/GAM] | YouTube  | [OFFENSIVE]  | 90%    |  100.2ms | Damn it time zones it’s too late to watc...
[GAMING/SUR] | YouTube  | [Normal]     | 93%    |   80.7ms | casinos love to see you coming lol...
[GAMING/GAM] | YouTube  | [Normal]     | 96%    |  113.4ms | Iron lung was so peak :raising_hands::ra...
[GAMING/SUR] | YouTube  | [Normal]     | 71%    |   70.8ms | stop...
[MUSIC/CHIL] | YouTube  | [Normal]     | 96%    |   80.3ms | mohit nahi...
[ENTERTAINM] | YouTube  | [Normal]     | 95%    |   61.9ms | hello...
[ENTERTAINM] | YouTube  | [Normal]     | 96%    |   80.3ms | hidup Jokowi!!!...
[GAMING/GAM] | YouTube  | [Normal]     | 96%    |   63.5ms | HI MARK...
[GAMING/GAM] | YouTube  | [Normal]     | 97%    |  110.2ms | obversation...:rolling_on_the_floor_laug...
[ENTERTAINM] | YouTube  | [Normal]     | 95%    |   82.4ms | WHERE'S MOM NOW?...
[ENTERTAINM] | YouTube  | [Normal]     | 94%    |   62.4ms | Hi...
[GAMING/GAM] | YouTube  | [Normal]     | 96%    |  166.5ms | Y'all  if you watch 'The distractible po...
[GAMING/GAM] | YouTube  | [Normal]     | 93%    |   66.3ms | no not that one...
[ENTERTAINM] | YouTube  | [Normal]     | 97%    |  101.8ms | Привет Мистер Бист!...
[GAMING/GAM] | YouTube  | [Normal]     | 91%    |   70.5ms | you got this Mark...
[GAMING/GAM] | YouTube  | [Normal]     | 78%    |   73.2ms | We on observation duty babyy...
[GAMING/GAM] | YouTube  | [Normal]     | 94%    |   84.7ms | Me too mark:skull: (spelling)...
[MUSIC/CHIL] | YouTube  | [Normal]     | 98%    |   96.8ms | ...:face-turquoise-music-note:...
[GAMING/GAM] | YouTube  | [Normal]     | 79%    |   59.1ms | THE BED...
[GAMING/GAM] | YouTube  | [Normal]     | 96%    |   93.1ms | I couldn't go watch your movie so I offe...
[GAMING/GAM] | YouTube  | [Normal]     | 93%    |   74.3ms | talk tuah...
[GAMING/GAM] | YouTube  | [Normal]     | 95%    |   61.1ms | Hello father...
[GAMING/SUR] | YouTube  | [Normal]     | 80%    |   68.7ms | YOU CANT?...
[GAMING/SUR] | YouTube  | [Normal]     | 96%    |   68.6ms | house always win!...
[ENTERTAINM] | YouTube  | [Normal]     | 97%    |  105.4ms | love you mr beast :face_blowing_a_kiss::...
[GAMING/GAM] | YouTube  | [Normal]     | 96%    |  109.7ms | i'm so dyslexic i did not even notice th...
[NEWS/LIVE ] | YouTube  | [Normal]     | 97%    |   88.6ms | lol:face-green-smiling:...
[GAMING/GAM] | YouTube  | [Normal]     | 93%    |   72.3ms | yes...
[GAMING/GAM] | YouTube  | [Normal]     | 94%    |   79.0ms | intruder? how did he get in? intruder wi...
[GAMING/GAM] | YouTube  | [Normal]     | 96%    |   62.2ms | Hi Mark...
[ENTERTAINM] | YouTube  | [Normal]     | 96%    |   72.6ms | bro remember video replies...
[GAMING/GAM] | YouTube  | [Normal]     | 96%    |   63.0ms | poster!...
[ENTERTAINM] | YouTube  | [Normal]     | 94%    |   70.6ms | 5...
[ENTERTAINM] | YouTube  | [Normal]     | 94%    |   70.4ms | 4...
[GAMING/GAM] | YouTube  | [Normal]     | 96%    |   89.2ms | SO humble! Number 1 director in america!...
[ENTERTAINM] | YouTube  | [Normal]     | 95%    |   65.5ms | 67...
[ENTERTAINM] | YouTube  | [Normal]     | 94%    |   69.0ms | 5...
[GAMING/GAM] | YouTube  | [Normal]     | 83%    |   75.0ms | THE STAIRS IN THE BASEMENT ARE MOVING...
[GAMING/GAM] | YouTube  | [Normal]     | 95%    |   70.2ms | Staircase...
[GAMING/GAM] | YouTube  | [Normal]     | 88%    |   70.2ms | You're number one!...
[GAMING/GAM] | YouTube  | [Normal]     | 90%    |   72.8ms | ignore everyone in chat...
[ENTERTAINM] | YouTube  | [Normal]     | 94%    |   75.7ms | 5...
[ENTERTAINM] | YouTube  | [Normal]     | 94%    |   70.4ms | 5...
[ENTERTAINM] | YouTube  | [Normal]     | 94%    |   67.9ms | 1...
[GAMING/GAM] | YouTube  | [Normal]     | 94%    |   85.7ms | stairs are moving!!!!!...
[ENTERTAINM] | YouTube  | [Normal]     | 94%    |   78.2ms | 5...
[ENTERTAINM] | YouTube  | [Normal]     | 88%    |   75.1ms | give me money...
[PSYCHOLOGY] | YouTube  | [Normal]     | 72%    |   94.3ms | thats where drugs come in huh...
[ENTERTAINM] | YouTube  | [Normal]     | 98%    |   89.1ms | ....... ronaldo or messi...
[ENTERTAINM] | YouTube  | [Normal]     | 95%    |   64.0ms | 111...
[ENTERTAINM] | YouTube  | [Normal]     | 96%    |   72.4ms | 1-1...
[GAMING/GAM] | YouTube  | [Normal]     | 97%    |   66.5ms | Lantern moved...
[NEWS/LIVE ] | YouTube  | [Normal]     | 93%    |   95.5ms | Flatulence is no laughing matter :grinni...
[GAMING/GAM] | YouTube  | [Normal]     | 89%    |   74.5ms | maybe the jacket is missing...
[GAMING/GAM] | YouTube  | [Normal]     | 97%    |  101.7ms | I am on observation duty for the observe...
[GAMING/GAM] | YouTube  | [Normal]     | 90%    |   73.4ms | the basement stairs are moving...
[MUSIC/CHIL] | YouTube  | [Normal]     | 97%    |   92.8ms | :face_with_tears_of_joy:...
[ENTERTAINM] | YouTube  | [Normal]     | 95%    |   79.0ms | hlo bhaii...
[ENTERTAINM] | YouTube  | [Normal]     | 96%    |   69.0ms | op...
[GAMING/GAM] | YouTube  | [Normal]     | 98%    |   94.4ms | I love you Mark. Please Make more videos...
[ENTERTAINM] | YouTube  | [Normal]     | 89%    |   71.4ms | yoooo...
[GAMING/GAM] | YouTube  | [OFFENSIVE]  | 44%    |   71.8ms | you're going crazy...
[PSYCHOLOGY] | YouTube  | [Normal]     | 93%    |   69.1ms | daydreaming...
[GAMING/GAM] | YouTube  | [Normal]     | 96%    |   84.0ms | we have a keen eye...
[GAMING/GAM] | YouTube  | [Normal]     | 93%    |  101.0ms | :rolling_on_the_floor_laughing:...
[GAMING/GAM] | YouTube  | [OFFENSIVE]  | 43%    |   89.1ms | That’s disgusting! What a obversation...
[GAMING/GAM] | YouTube  | [Normal]     | 97%    |   84.8ms | R.I.P who ever needed help lol...
[GAMING/GAM] | YouTube  | [Normal]     | 95%    |  101.0ms | I'm over here yelling at my computer scr...
[ENTERTAINM] | YouTube  | [Normal]     | 94%    |   76.2ms | MR BEAST I’VE MET YOU BEFORE...
[GAMING/GAM] | YouTube  | [Normal]     | 89%    |  101.1ms | I dont rememver there being wood planks ...
[GAMING/GAM] | YouTube  | [Normal]     | 94%    |   80.9ms | it's coming right for you Mark...
[GAMING/GAM] | YouTube  | [Normal]     | 96%    |   69.6ms | i feel so helpful...
[GAMING/GAM] | YouTube  | [Normal]     | 97%    |   72.4ms | INTERIOR: lantern movement!...
[GAMING/GAM] | YouTube  | [Normal]     | 97%    |  124.3ms | I love how Mark always pops up when I ne...
[GAMING/GAM] | YouTube  | [Normal]     | 82%    |   61.4ms | ßung...
[GAMING/GAM] | YouTube  | [Normal]     | 97%    |   73.7ms | THE GREEN BOTTLE...
[MUSIC/CHIL] | YouTube  | [Normal]     | 97%    |   72.2ms | ye pgla gya...
[GAMING/SUR] | YouTube  | [Normal]     | 80%    |   69.2ms | this is too funny...
[GAMING/GAM] | YouTube  | [Normal]     | 92%    |   76.2ms | bed...
[GAMING/GAM] | YouTube  | [Normal]     | 79%    |   65.3ms | the bed...
[ENTERTAINM] | YouTube  | [Normal]     | 94%    |   62.9ms | Hy...
[MUSIC/CHIL] | YouTube  | [Normal]     | 97%    |   85.6ms | es lo único que podrás...
[SELF-HELP/] | YouTube  | [Normal]     | 52%    |  130.4ms | Should I tell my freind that he can’t do...
[GAMING/GAM] | YouTube  | [Normal]     | 97%    |   72.3ms | ladder?...
[ENTERTAINM] | YouTube  | [Normal]     | 97%    |   96.7ms | :thumbs_up: :clapping_hands:...
[GAMING/GAM] | YouTube  | [Normal]     | 95%    |   98.4ms | im going to see your movie tonight Mark!...
[GAMING/GAM] | YouTube  | [Normal]     | 86%    |   88.8ms | Not the bed...
[ENTERTAINM] | YouTube  | [Normal]     | 96%    |  116.7ms | please shoutout me :pleading_face::loudl...
[GAMING/GAM] | YouTube  | [Normal]     | 83%    |   92.5ms | Can you please finish Slient Hill...
[GAMING/GAM] | YouTube  | [Normal]     | 96%    |  127.8ms | Just got done watching Iron Lung. Fantas...
[GAMING/SUR] | YouTube  | [Normal]     | 94%    |   94.5ms | what is voodoo ranger???...
[GAMING/GAM] | YouTube  | [Normal]     | 96%    |   82.5ms | LANTERN...
[MUSIC/CHIL] | YouTube  | [Normal]     | 97%    |  135.2ms | mujhe chhune k bahaane dhund ri kya...ma...
[GAMING/GAM] | YouTube  | [Normal]     | 88%    |  128.5ms | I love observation duty but does anyone ...
[ENTERTAINM] | YouTube  | [Normal]     | 90%    |   80.9ms | hay mr beast...
[MUSIC/CHIL] | YouTube  | [Normal]     | 97%    |   83.8ms | bandhiya lol...
[GAMING/GAM] | YouTube  | [Normal]     | 94%    |  103.2ms | the thing swings bottom right of the lig...
[GAMING/GAM] | YouTube  | [Normal]     | 97%    |   94.1ms | Lantern on the dresser in interior...
[GAMING/GAM] | YouTube  | [Normal]     | 88%    |   72.3ms | THE DOOR...
[SELF-HELP/] | YouTube  | [Normal]     | 97%    |   91.1ms | Can I share this live or save it for lat...
[GAMING/GAM] | YouTube  | [Normal]     | 92%    |   89.7ms | they need a baby mode specially for mark...
[ENTERTAINM] | YouTube  | [Normal]     | 95%    |   92.6ms | can you pay me 1000000 dollar...
[GAMING/GAM] | YouTube  | [Normal]     | 87%    |  112.4ms | youre tweaking stop thinking so much vro...
[GAMING/GAM] | YouTube  | [Normal]     | 89%    |  132.5ms | stealing my jokes Mark lol I invented th...
[ENTERTAINM] | YouTube  | [Normal]     | 94%    |   86.4ms | 1...
[ENTERTAINM] | YouTube  | [Normal]     | 94%    |   85.5ms | 1...
[ENTERTAINM] | YouTube  | [Normal]     | 94%    |   80.2ms | 1...
[ENTERTAINM] | YouTube  | [Normal]     | 81%    |   75.1ms | Uwu...
[ENTERTAINM] | YouTube  | [Normal]     | 94%    |   87.2ms | 1...
[ENTERTAINM] | YouTube  | [Normal]     | 95%    |   83.3ms | CAN U PLEASE TAKE MY NAME...
[ENTERTAINM] | YouTube  | [Normal]     | 94%    |   91.6ms | 1...
[MUSIC/CHIL] | YouTube  | [Normal]     | 92%    |  109.5ms | Aman you look like a puncture wala...
[GAMING/GAM] | YouTube  | [Normal]     | 87%    |  100.4ms | What if we were the anomalies all along...
[GAMING/GAM] | YouTube  | [Normal]     | 96%    |  124.2ms | Saw iron lung last night and I can’t sto...
[ENTERTAINM] | YouTube  | [Normal]     | 94%    |   62.4ms | 5...
[GAMING/GAM] | YouTube  | [Normal]     | 93%    |   75.7ms | fun...
[GAMING/GAM] | YouTube  | [Normal]     | 96%    |   76.5ms | INTERIOR LAMP MOVED...
[GAMING/GAM] | YouTube  | [Normal]     | 97%    |   93.7ms | 3 mouse traps??...
[PSYCHOLOGY] | YouTube  | [Normal]     | 96%    |   88.6ms | this dude is an angel sent by god...
[GAMING/SUR] | YouTube  | [Normal]     | 75%    |   75.4ms | height is only importance...
[GAMING/GAM] | YouTube  | [Normal]     | 94%    |   78.2ms | :shelterin:...
[GAMING/GAM] | YouTube  | [Normal]     | 96%    |   65.6ms | fuse box...
[GAMING/GAM] | YouTube  | [Normal]     | 97%    |  115.5ms | oscar for best indie movie.... ? lol not...
[GAMING/GAM] | YouTube  | [Normal]     | 90%    |   94.3ms | Maybe...
[ENTERTAINM] | YouTube  | [Normal]     | 96%    |   85.5ms | plzz sent money sir :pleading_face:...
[SPORTS/FOO] | YouTube  | [Normal]     | 94%    |   77.2ms | よっしゃ(ﾉ･ω･)ﾉ...
[GAMING/GAM] | YouTube  | [Normal]     | 95%    |   70.4ms | THE RAIL BY THE ROPES MARK...
[ENTERTAINM] | YouTube  | [Normal]     | 97%    |   88.1ms | I want to see 500M play button...
[GAMING/GAM] | YouTube  | [Normal]     | 96%    |   85.0ms | mark it was over there...
[ENTERTAINM] | YouTube  | [Normal]     | 96%    |   74.1ms | please give me $10000...
[GAMING/GAM] | YouTube  | [Normal]     | 96%    |   67.7ms | i miss my ex...
[ENTERTAINM] | YouTube  | [Normal]     | 96%    |   73.1ms | 1111qq...
[MUSIC/CHIL] | YouTube  | [Normal]     | 95%    |   75.0ms | ......
[ENTERTAINM] | YouTube  | [Normal]     | 95%    |   79.8ms | let's go...
[GAMING/GAM] | YouTube  | [Normal]     | 97%    |   79.2ms | 3 missed anomalies?!!...
[MUSIC/CHIL] | YouTube  | [Normal]     | 97%    |  125.2ms | achcha:face-orange-raised-eyebrow::face-...
[GAMING/GAM] | YouTube  | [Normal]     | 94%    |   84.0ms | Noob alert...
[GAMING/SUR] | YouTube  | [Normal]     | 96%    |   76.1ms | Teamwork makes the dream work...
[ENTERTAINM] | YouTube  | [Normal]     | 98%    |  111.2ms | I am Indian :heart_suit::heart_suit::hea...
[GAMING/GAM] | YouTube  | [Normal]     | 81%    |   99.3ms | @TEUPAIOFICIAL im sorry i hope youre oka...
[GAMING/GAM] | YouTube  | [Normal]     | 95%    |   67.1ms | WWWW...
[GAMING/SUR] | YouTube  | [Normal]     | 89%    |   87.8ms | tell him about the scrap...
[GAMING/GAM] | YouTube  | [OFFENSIVE]  | 90%    |  139.8ms | OR THEYS WRONG PERIODDDDDD:sparkles::nai...
[ENTERTAINM] | YouTube  | [Normal]     | 96%    |  127.2ms | :folded_hands::folded_hands::folded_hand...
[GAMING/SUR] | YouTube  | [HATE]       | 49%    |   77.2ms | you are so dumb...
[GAMING/GAM] | YouTube  | [Normal]     | 97%    |   75.2ms | TEXT ANOMALY: TITLE...
[ENTERTAINM] | YouTube  | [Normal]     | 95%    |   65.9ms | hiiii...
[ENTERTAINM] | YouTube  | [Normal]     | 93%    |   71.5ms | aa...
[PSYCHOLOGY] | YouTube  | [Normal]     | 94%    |   95.9ms | @KilleRoy_NL Yes  it can be either or...
[ENTERTAINM] | YouTube  | [Normal]     | 96%    |   72.9ms | I was here...
[ENTERTAINM] | YouTube  | [Normal]     | 72%    |   68.1ms | mr pist...
[ENTERTAINM] | YouTube  | [Normal]     | 94%    |   65.5ms | Sri Lanka...
[GAMING/GAM] | YouTube  | [Normal]     | 88%    |   75.0ms | Oh the light you...
[ENTERTAINM] | YouTube  | [Normal]     | 97%    |  100.0ms | suuuuuuuuuu...
[GAMING/GAM] | YouTube  | [Normal]     | 91%    |  151.4ms | Dear Markiplier  I am very grateful that...
[ENTERTAINM] | YouTube  | [Normal]     | 98%    |  102.0ms | it's there a prize :trophy: for the 500k...
[ENTERTAINM] | YouTube  | [Normal]     | 94%    |   70.9ms | HI...
[ENTERTAINM] | YouTube  | [Normal]     | 97%    |   72.6ms | love:red_heart:...
[ENTERTAINM] | YouTube  | [Normal]     | 94%    |  127.0ms | دروووووووووووووووووووووود...
[ENTERTAINM] | YouTube  | [Normal]     | 93%    |   69.2ms | JORDANNNNNNN...
[GAMING/GAM] | YouTube  | [Normal]     | 90%    |   85.3ms | I WISH I HAD A MEMBERSHIPPPPUHHH...
[SELF-HELP/] | YouTube  | [OFFENSIVE]  | 80%    |   73.6ms | Fuck "fuck ego"...
[ENTERTAINM] | YouTube  | [Normal]     | 90%    |   81.5ms | yoo...
[GAMING/GAM] | YouTube  | [Normal]     | 94%    |   89.0ms | OMFGGGG OBSERVATION DUTY?!?!?!?!...
[ENTERTAINM] | YouTube  | [Normal]     | 97%    |  119.6ms | Mr beast sir please help me  I am your b...
[ENTERTAINM] | YouTube  | [Normal]     | 82%    |  161.2ms | :party_popper::party_popper::party_poppe...
[NEWS/LIVE ] | YouTube  | [Normal]     | 83%    |   99.0ms | BLACK BOY KARMELO IS IN CHAINS!! AS IT S...
[GAMING/GAM] | YouTube  | [Normal]     | 89%    |   99.8ms | i shall head to sleep and leave this on ...
[MUSIC/CHIL] | YouTube  | [OFFENSIVE]  | 96%    |  120.5ms | shish glad to know be grateful :grinning...
[GAMING/GAM] | YouTube  | [Normal]     | 94%    |   81.2ms | Basement...
[GAMING/GAM] | YouTube  | [Normal]     | 92%    |   60.1ms | yeah...
[ENTERTAINM] | YouTube  | [Normal]     | 96%    |   60.2ms | lran...
[MUSIC/CHIL] | YouTube  | [Normal]     | 98%    |   81.4ms | :musical_score::hot_beverage:...
[GAMING/SUR] | YouTube  | [Normal]     | 93%    |   79.3ms | F...
[GAMING/GAM] | YouTube  | [Normal]     | 97%    |   68.5ms | this game looks amazing...
[ENTERTAINM] | YouTube  | [Normal]     | 97%    |   69.6ms | Love from nepal...
[GAMING/GAM] | YouTube  | [Normal]     | 87%    |   95.7ms | i wanna watch iron lung SOOOOO bad icl...
[GAMING/GAM] | YouTube  | [Normal]     | 93%    |   91.3ms | omg just saw iron lung its amazing...
[MUSIC/CHIL] | YouTube  | [Normal]     | 96%    |  101.2ms | :slightly_smiling_face:...
[ENTERTAINM] | YouTube  | [Normal]     | 94%    |   92.3ms | Hi...
[SELF-HELP/] | YouTube  | [Normal]     | 92%    |  101.3ms | what if we really break down???...
[GAMING/GAM] | YouTube  | [Normal]     | 89%    |  147.9ms | aaaah the shadow changed!!!! at the dock...
[ENTERTAINM] | YouTube  | [Normal]     | 95%    |   81.2ms | RCB...
[GAMING/GAM] | YouTube  | [Normal]     | 91%    |  113.3ms | okay  so silent hill f is finished  what...
[GAMING/GAM] | YouTube  | [Normal]     | 93%    |   95.3ms | But you can’t spell jkjk...
[GAMING/GAM] | YouTube  | [Normal]     | 94%    |   97.2ms | What live action do you want to bring in...
[ENTERTAINM] | YouTube  | [Normal]     | 97%    |  181.1ms | Hi MrBeast  Iam from the Philippines  Ia...
[GAMING/GAM] | YouTube  | [Normal]     | 97%    |  159.6ms | I left mark in the kitchen on my iPad an...
[GAMING/SUR] | YouTube  | [Normal]     | 88%    |   82.3ms | close the doors peanut...
[GAMING/GAM] | YouTube  | [Normal]     | 94%    |   96.6ms | hi hello  have a nice day/night everybod...
[ENTERTAINM] | YouTube  | [OFFENSIVE]  | 39%    |  165.5ms | :face-fuchsia-wide-eyes::face-fuchsia-wi...
[GAMING/SUR] | YouTube  | [Normal]     | 95%    |   84.9ms | Bbc...
[ENTERTAINM] | YouTube  | [Normal]     | 96%    |   85.6ms | noted!...
[GAMING/GAM] | YouTube  | [Normal]     | 78%    |  172.3ms | yooooooooooooooooooooooooooooooooooooooo...
[ENTERTAINM] | YouTube  | [Normal]     | 95%    |  106.7ms | good...
[ENTERTAINM] | YouTube  | [Normal]     | 95%    |   96.2ms | Omg please shout out...
[ENTERTAINM] | YouTube  | [Normal]     | 98%    |  134.6ms | FROM BANGLADESH :green_circle::red_circl...
[ENTERTAINM] | YouTube  | [Normal]     | 95%    |   76.1ms | sir help me...
[ENTERTAINM] | YouTube  | [Normal]     | 96%    |   79.5ms | please say my name balaj...
[ENTERTAINM] | YouTube  | [Normal]     | 94%    |   90.1ms | 5억 드가자...
[ENTERTAINM] | YouTube  | [Normal]     | 88%    |  109.7ms | Jimmy I have no clue who any of these pe...
[PSYCHOLOGY] | YouTube  | [Normal]     | 96%    |  175.1ms | I thought our psychological drive was su...
[ENTERTAINM] | YouTube  | [Normal]     | 94%    |   77.5ms | 5...
[SPORTS/FOO] | YouTube  | [Normal]     | 97%    |  188.7ms | 현재 팀으로서 아시아 1황은 재팬이다. 부정 안한다....
[GAMING/SUR] | YouTube  | [Normal]     | 96%    |   68.4ms | lol...
[GAMING/GAM] | YouTube  | [Normal]     | 97%    |   86.0ms | saw the movie on Tuesday  loved it. cong...
[GAMING/GAM] | YouTube  | [Normal]     | 97%    |   89.8ms | im not so sure it works in this scenario...
[ENTERTAINM] | YouTube  | [Normal]     | 98%    |  262.2ms | :hands-yellow-heart-red::hands-yellow-he...
[GAMING/GAM] | YouTube  | [Normal]     | 96%    |   68.8ms | hi mark...
[PSYCHOLOGY] | YouTube  | [Normal]     | 97%    |   81.0ms | holy shii these are hard conversations...
[SPORTS/FOO] | YouTube  | [Normal]     | 94%    |   88.7ms | 인정하기 싫지만...
[ENTERTAINM] | YouTube  | [Normal]     | 86%    |   66.9ms | Yo...
[GAMING/GAM] | YouTube  | [Normal]     | 96%    |  158.7ms | Just watched the start of the stream - c...
[GAMING/GAM] | YouTube  | [Normal]     | 97%    |   71.2ms | HIIIII MARK...
[GAMING/GAM] | YouTube  | [Normal]     | 98%    |  127.2ms | i just finished silver stars of wisdom o...
[ENTERTAINM] | YouTube  | [Normal]     | 94%    |  144.9ms | bro u need to brake the usa bubble of wh...
[ENTERTAINM] | YouTube  | [Normal]     | 95%    |   57.2ms | hii...
[ENTERTAINM] | YouTube  | [Normal]     | 97%    |  105.1ms | I want sony fx3 with some accessories :s...
[GAMING/GAM] | YouTube  | [Normal]     | 97%    |  128.8ms | I can’t help but feel like one of the bu...
[GAMING/GAM] | YouTube  | [Normal]     | 95%    |   76.3ms | ITS FINE...
[GAMING/GAM] | YouTube  | [Normal]     | 87%    |   80.7ms | body...
[ENTERTAINM] | YouTube  | [Normal]     | 93%    |   66.7ms | ДА...
[ENTERTAINM] | YouTube  | [Normal]     | 83%    |   69.1ms | How do you do...
[GAMING/GAM] | YouTube  | [Normal]     | 96%    |   72.8ms | there's a cross...
[GAMING/GAM] | YouTube  | [Normal]     | 97%    |   66.7ms | trash moved in cabin...
[SELF-HELP/] | YouTube  | [Normal]     | 96%    |   70.1ms | huh lol...
[ENTERTAINM] | YouTube  | [Normal]     | 96%    |  107.8ms | the bottom corner of your green screen i...
[GAMING/GAM] | YouTube  | [Normal]     | 91%    |   81.3ms | I THOUGHT THAT WAS A BIG SLUG...
[ENTERTAINM] | YouTube  | [Normal]     | 92%    |   75.4ms | yeah...
[GAMING/GAM] | YouTube  | [Normal]     | 89%    |   88.7ms | teeth cup moveeeeed...
[MUSIC/CHIL] | YouTube  | [Normal]     | 95%    |   89.9ms | Prasa :rolling_on_the_floor_laughing:...
[MUSIC/CHIL] | YouTube  | [Normal]     | 96%    |  122.1ms | e fain doar am zis din suflet că vreau s...
[GAMING/GAM] | YouTube  | [Normal]     | 97%    |   67.2ms | MARKIPLIER!...
[GAMING/GAM] | YouTube  | [Normal]     | 94%    |   68.1ms | diddy-...
[GAMING/GAM] | YouTube  | [Normal]     | 97%    |   98.7ms | strange broadcast? That's just Alastor f...
[ENTERTAINM] | YouTube  | [Normal]     | 94%    |   73.3ms | hi...
[ENTERTAINM] | YouTube  | [Normal]     | 97%    |  289.4ms | :index_pointing_at_the_viewer::index_poi...
[GAMING/GAM] | YouTube  | [Normal]     | 95%    |   75.2ms | THERES AN EXTRA BOTTLE IN THE CRATE...
[ENTERTAINM] | YouTube  | [Normal]     | 91%    |   69.1ms | yooooooooooo...
[GAMING/GAM] | YouTube  | [Normal]     | 97%    |   74.7ms | top of lighthouse  rope swinging bottom ...
[GAMING/GAM] | YouTube  | [Normal]     | 84%    |   83.4ms | WILL YOU PLAY RESIDENT EVIL 9 ON STREAM ...
[GAMING/GAM] | YouTube  | [Normal]     | 88%    |   87.9ms | iron lung twice gang :call_me_hand:...
[ENTERTAINM] | YouTube  | [Normal]     | 96%    |  101.7ms | I can’t wait for the the video tomorrow ...
[GAMING/GAM] | YouTube  | [Normal]     | 96%    |   75.0ms | did he die yet lol...
[GAMING/SUR] | YouTube  | [Normal]     | 79%    |   74.2ms | Gingy probably would be freaking out rn...
[GAMING/GAM] | YouTube  | [Normal]     | 97%    |   67.3ms | THE FUSE BOX IN INTERIOR?...
[GAMING/GAM] | YouTube  | [Normal]     | 97%    |   75.8ms | Markiplier:gaslight simulator...
[GAMING/GAM] | YouTube  | [Normal]     | 96%    |  101.4ms | has there always been a fuel can in the ...
[GAMING/GAM] | YouTube  | [Normal]     | 97%    |   74.6ms | red box bottom left yard...
[GAMING/GAM] | YouTube  | [Normal]     | 97%    |   99.6ms | LANTERN. SHADOW INTERIOR¡!!!!!!!!!...
[GAMING/GAM] | YouTube  | [Normal]     | 97%    |   81.1ms | Was there always 2 bottles on the pier?...
[ENTERTAINM] | YouTube  | [Normal]     | 97%    |   81.8ms | saludos desde un Colombiano en España!...
[ENTERTAINM] | YouTube  | [Normal]     | 92%    |   60.1ms | press no...
[ENTERTAINM] | YouTube  | [Normal]     | 97%    |  190.8ms | :face_with_tears_of_joy::face_with_tears...
[SPORTS/FOO] | YouTube  | [Normal]     | 96%    |   74.5ms | thanks...
[GAMING/GAM] | YouTube  | [Normal]     | 84%    |   80.3ms | Why’d you spill yer beans  Tommy?...
[ENTERTAINM] | YouTube  | [Normal]     | 43%    |  373.8ms | do you people know who jimmy is :face-fu...
[GAMING/GAM] | YouTube  | [Normal]     | 58%    |   86.1ms | MARK THE EVIL FUSE BOX!!!!...
[ENTERTAINM] | YouTube  | [Normal]     | 96%    |   58.8ms | New member...
[GAMING/GAM] | YouTube  | [Normal]     | 85%    |   73.3ms | THE CAMERA IS DOING WEIRD...
[MUSIC/CHIL] | YouTube  | [Normal]     | 98%    |   88.3ms | :black_heart::sleeping_face::bouquet:...
[GAMING/SUR] | YouTube  | [Normal]     | 91%    |   77.6ms | DILLON DANIS IS NOT IN UFC...
[GAMING/GAM] | YouTube  | [Normal]     | 95%    |  105.7ms | IM GOING TO WATCH IRON LUNG IN A COUPLE ...
[GAMING/SUR] | YouTube  | [Normal]     | 93%    |   63.7ms | i got em...
[ENTERTAINM] | YouTube  | [Normal]     | 96%    |   67.5ms | love it...
[GAMING/GAM] | YouTube  | [Normal]     | 88%    |   64.1ms | Camera malfunction...
[GAMING/GAM] | YouTube  | [Normal]     | 95%    |   64.6ms | Hey Mark!...
[ENTERTAINM] | YouTube  | [Normal]     | 96%    |   68.0ms | New member...
[ENTERTAINM] | YouTube  | [Normal]     | 93%    |   75.5ms | India...
[GAMING/SUR] | YouTube  | [Normal]     | 94%    |   66.9ms | Rust is 100...
[MUSIC/CHIL] | YouTube  | [Normal]     | 96%    |   71.8ms | suno na...
[NEWS/LIVE ] | YouTube  | [Normal]     | 95%    |   84.3ms | GOD BLESS MY WHITENESS. JOEY AGREES!!...
[ENTERTAINM] | YouTube  | [Normal]     | 96%    |   68.0ms | oiii philippines...
[GAMING/GAM] | YouTube  | [Normal]     | 94%    |   90.8ms | he's starting to go crazy...
[GAMING/GAM] | YouTube  | [Normal]     | 97%    |   85.5ms | extra ropes in the interior room!!!!...
[MUSIC/CHIL] | YouTube  | [Normal]     | 94%    |  131.6ms | dokter kodok NU kotor kotor :zany_face::...
[MUSIC/CHIL] | YouTube  | [Normal]     | 96%    |   62.3ms | Kejti okay...
[GAMING/GAM] | YouTube  | [Normal]     | 97%    |   84.6ms | I thought there were only 4 sacks in tha...
[SELF-HELP/] | YouTube  | [Normal]     | 95%    |  126.3ms | I don't even care that I'm late I finall...
[GAMING/GAM] | YouTube  | [Normal]     | 93%    |   84.6ms | Mark are you having a stroke?...
[ENTERTAINM] | YouTube  | [Normal]     | 94%    |   84.9ms | 1...
[ENTERTAINM] | YouTube  | [Normal]     | 97%    |   90.5ms | :euro_banknote::euro_banknote:...
[GAMING/GAM] | YouTube  | [Normal]     | 94%    |   78.1ms | You need a lasik renewal LMAO...
[GAMING/GAM] | YouTube  | [Normal]     | 96%    |   66.4ms | BARRELS TURNED...
[GAMING/GAM] | YouTube  | [Normal]     | 97%    |   90.6ms | mark reading the ghost chat that agreeds...
[GAMING/SUR] | YouTube  | [Normal]     | 95%    |   70.1ms | turrets...
[ENTERTAINM] | YouTube  | [Normal]     | 94%    |   79.7ms | :pinched_fingers:...
[GAMING/GAM] | YouTube  | [Normal]     | 88%    |   70.2ms | Look for the bear...
[ENTERTAINM] | YouTube  | [Normal]     | 96%    |   70.3ms | USA Minnesota capital Saint Paul...
[SELF-HELP/] | YouTube  | [Normal]     | 85%    |   99.4ms | What should I do when I’m trapped by my ...
[GAMING/GAM] | YouTube  | [Normal]     | 80%    |   80.5ms | there's a strange man on the top left...
[ENTERTAINM] | YouTube  | [Normal]     | 94%    |   72.0ms | 1...
[GAMING/GAM] | YouTube  | [Normal]     | 96%    |   62.9ms | fog in the yard...
[GAMING/GAM] | YouTube  | [Normal]     | 92%    |   81.7ms | i think theres smth in your bed...
[GAMING/GAM] | YouTube  | [Normal]     | 95%    |   70.5ms | extra ropse in interior room...
[GAMING/SUR] | YouTube  | [Normal]     | 60%    |   68.5ms | nobody is farming...
[GAMING/GAM] | YouTube  | [Normal]     | 97%    |   80.2ms | Keepers room  maybe the painting??...
[GAMING/GAM] | YouTube  | [Normal]     | 89%    |   64.9ms | YOOOO...
[GAMING/GAM] | YouTube  | [Normal]     | 95%    |   72.7ms | interior...
[GAMING/GAM] | YouTube  | [Normal]     | 96%    |   82.0ms | spinning pillar is spinning the light i ...
[SPORTS/FOO] | YouTube  | [Normal]     | 90%    |   79.9ms | こんばんわ...
[GAMING/SUR] | YouTube  | [Normal]     | 78%    |  155.7ms | @TheBurntPeanut when you do the turrets ...
[ENTERTAINM] | YouTube  | [Normal]     | 93%    |   73.9ms | hello mr beast...
[ENTERTAINM] | YouTube  | [Normal]     | 94%    |   80.5ms | 1...
[GAMING/SUR] | YouTube  | [Normal]     | 93%    |   71.6ms | tur'dits...
[GAMING/GAM] | YouTube  | [Normal]     | 86%    |   70.2ms | You’re missing some Mark...
[GAMING/GAM] | YouTube  | [Normal]     | 96%    |   75.0ms | LAMP ON NIGHTSTAND @markiplier...
[PSYCHOLOGY] | YouTube  | [Normal]     | 97%    |   86.0ms | press f to pay respect...
[ENTERTAINM] | YouTube  | [Normal]     | 97%    |   88.9ms | abonnez vous :collision:...
[GAMING/GAM] | YouTube  | [Normal]     | 96%    |   64.6ms | FUSE BOX...
[GAMING/GAM] | YouTube  | [Normal]     | 97%    |   89.6ms | are the spiral stairs supposed to be che...
[GAMING/GAM] | YouTube  | [Normal]     | 83%    |  110.3ms | THEY MOVEDCAMERA MALFUNCTION IS FOR WHEN...
[MUSIC/CHIL] | YouTube  | [Normal]     | 73%    |   87.0ms | Rabbia its okay sis calm down its okayyy...
[GAMING/GAM] | YouTube  | [Normal]     | 92%    |   71.6ms | person in the yard...
[GAMING/GAM] | YouTube  | [Normal]     | 96%    |  108.1ms | "I am going to saw through your bones!" ...
[SPORTS/FOO] | YouTube  | [Normal]     | 91%    |   63.2ms | ほん...
[ENTERTAINM] | YouTube  | [Normal]     | 95%    |   76.0ms | said hi...
[PSYCHOLOGY] | YouTube  | [Normal]     | 87%    |   85.4ms | A...
[GAMING/GAM] | YouTube  | [Normal]     | 92%    |   67.7ms | RIGHT...
[MUSIC/CHIL] | YouTube  | [Normal]     | 93%    |  138.8ms | RABIA we all have our flaws. dont be too...
[ENTERTAINM] | YouTube  | [Normal]     | 96%    |   85.5ms | give 100 people 100 dollars...
[ENTERTAINM] | YouTube  | [Normal]     | 95%    |   70.6ms | Jimmy please bless me...
[ENTERTAINM] | YouTube  | [Normal]     | 93%    |   80.7ms | hey mrbeast come to india...
[GAMING/SUR] | YouTube  | [Normal]     | 71%    |  101.3ms | Peanut have Hutch and rogue do oil and y...
[ENTERTAINM] | YouTube  | [Normal]     | 95%    |   63.5ms | Vamos...
[GAMING/GAM] | YouTube  | [Normal]     | 93%    |   71.5ms | the pillar in the stairwell maybe...
[GAMING/GAM] | YouTube  | [Normal]     | 92%    |   78.3ms | The middle barrel is smaller!!...
[ENTERTAINM] | YouTube  | [Normal]     | 95%    |   65.1ms | hello...
[ENTERTAINM] | YouTube  | [Normal]     | 98%    |  373.0ms | :beaming_face_with_smiling_eyes::beaming...
[ENTERTAINM] | YouTube  | [Normal]     | 75%    |   79.9ms | Omg love ma beast ım from turkeyy...
[ENTERTAINM] | YouTube  | [Normal]     | 90%    |   65.7ms | heyyyy...
[GAMING/GAM] | YouTube  | [Normal]     | 97%    |   68.0ms | THE 4 BARRELS  TOP LEFT...
[PSYCHOLOGY] | YouTube  | [Normal]     | 95%    |   61.1ms | ratchet?...
[GAMING/GAM] | YouTube  | [Normal]     | 98%    |   83.6ms | was the light in the interior always tha...
[GAMING/GAM] | YouTube  | [Normal]     | 91%    |   72.9ms | CAMERA MALFUNCTION TOP LEFT...
[GAMING/GAM] | YouTube  | [Normal]     | 84%    |   80.0ms | their "eyes" faced each other's...
[GAMING/GAM] | YouTube  | [Normal]     | 97%    |   70.4ms | git gud Mark...
[MUSIC/CHIL] | YouTube  | [Normal]     | 98%    |   96.0ms | :black_heart::sleeping_face::bouquet:...
[GAMING/SUR] | YouTube  | [Normal]     | 82%    |   66.4ms | SHUT THE DOORS...
[MUSIC/CHIL] | YouTube  | [Normal]     | 98%    |   75.5ms | :text-yellow-goal:...
[MUSIC/CHIL] | YouTube  | [Normal]     | 95%    |   68.4ms | kuchh khaya...
[GAMING/GAM] | YouTube  | [Normal]     | 92%    |   77.1ms | isn't the railing in the wrong place?...
[GAMING/SUR] | YouTube  | [Normal]     | 95%    |   78.3ms | I found different power sources can some...
[GAMING/GAM] | YouTube  | [Normal]     | 96%    |  128.2ms | mark  ive been watching on my tv  and i ...
[MUSIC/CHIL] | YouTube  | [Normal]     | 92%    |   60.6ms | te cred...
[GAMING/GAM] | YouTube  | [Normal]     | 62%    |   59.9ms | stairwall moving pillar...
[GAMING/GAM] | YouTube  | [Normal]     | 96%    |   59.5ms | SKIP SPONSOR...
[ENTERTAINM] | YouTube  | [Normal]     | 97%    |   64.4ms | I am from Gotham...
[SELF-HELP/] | YouTube  | [Normal]     | 81%    |   67.6ms | I dont get it...
[ENTERTAINM] | YouTube  | [Normal]     | 98%    |  252.2ms | :body-green-covering-eyes::body-green-co...
[ENTERTAINM] | YouTube  | [Normal]     | 93%    |   81.1ms | hello Mr beast can you give me an iPhone...
[ENTERTAINM] | YouTube  | [Normal]     | 92%    |   61.0ms | Hy Mr Beast...
[GAMING/GAM] | YouTube  | [Normal]     | 90%    |   92.3ms | You should read Project Hail Mary it wil...
[GAMING/GAM] | YouTube  | [Normal]     | 94%    |   63.2ms | stairwell  slimy boxes...
[ENTERTAINM] | YouTube  | [Normal]     | 94%    |   64.9ms | Hi Mr Beast...
[GAMING/GAM] | YouTube  | [Normal]     | 96%    |   61.3ms | BARRELL BASEMENT FELL...
[ENTERTAINM] | YouTube  | [Normal]     | 75%    |   61.0ms | do you know Pakistan...
[GAMING/GAM] | YouTube  | [Normal]     | 96%    |   75.7ms | RAIL NEAR PAINT CANS MOVED MARKKKKKKKK...
[GAMING/GAM] | YouTube  | [Normal]     | 93%    |   70.8ms | that was interior not stairwell...
[GAMING/GAM] | YouTube  | [Normal]     | 97%    |   82.1ms | red railing left top of stairwell moveme...
[ENTERTAINM] | YouTube  | [Normal]     | 93%    |   69.0ms | indonesian...
[MUSIC/CHIL] | YouTube  | [Normal]     | 97%    |  240.8ms | Syed :comet::small_blue_diamond:I don't ...
[GAMING/GAM] | YouTube  | [Normal]     | 73%    |   71.1ms | LEFT OF THE SQAURE...
[GAMING/GAM] | YouTube  | [Normal]     | 62%    |   66.7ms | stairwall moving pillar...
[ENTERTAINM] | YouTube  | [Normal]     | 97%    |   60.4ms | am i visible...
[GAMING/SUR] | YouTube  | [Normal]     | 96%    |   90.3ms | Ok 2 Big Mac = $20 :unamused_face:...
[ENTERTAINM] | YouTube  | [Normal]     | 96%    |   73.4ms | HELLO MRBEAST  I AM FROM...
[GAMING/GAM] | YouTube  | [Normal]     | 95%    |  167.2ms | THE GAS CAN MOVED!!!!THE GAS CAN MOVED!!...
[GAMING/GAM] | YouTube  | [Normal]     | 73%    |   70.3ms | Ya'll are confusing me too...
[ENTERTAINM] | YouTube  | [Normal]     | 65%    |   74.1ms | jimmy you should try being a youtuber...
[GAMING/GAM] | YouTube  | [Normal]     | 92%    |   64.6ms | its under there...
[GAMING/GAM] | YouTube  | [Normal]     | 91%    |   63.7ms | top left...
[GAMING/SUR] | YouTube  | [Normal]     | 97%    |   65.2ms | Whats your order Peanut?...
[GAMING/GAM] | YouTube  | [Normal]     | 90%    |   66.0ms | The broken one moved!...
[GAMING/GAM] | YouTube  | [Normal]     | 95%    |   82.9ms | THE BROKEN RAIL MOVED FOR THE LOVE OF AL...
[SELF-HELP/] | YouTube  | [Normal]     | 97%    |   77.8ms | The gram? Of insta?...
[GAMING/GAM] | YouTube  | [Normal]     | 79%    |   73.0ms | That nothing sneaks up on you...
[GAMING/GAM] | YouTube  | [Normal]     | 85%    |   63.7ms | mmmm dirty water...
[GAMING/GAM] | YouTube  | [Normal]     | 95%    |   77.2ms | mark have you seen iron lung?...
[ENTERTAINM] | YouTube  | [Normal]     | 96%    |   80.0ms | ALGUIEN QUE HABLE ESPAÑOL...
[ENTERTAINM] | YouTube  | [Normal]     | 98%    |   84.8ms | :star:big fan Jimmy :star:...
[GAMING/SUR] | YouTube  | [Normal]     | 89%    |   74.0ms | im a funny guy :eyes:...
[PSYCHOLOGY] | YouTube  | [Normal]     | 96%    |   69.8ms | Anima and Animus hmmm...
[ENTERTAINM] | YouTube  | [Normal]     | 96%    |  105.1ms | Всем Привет Всем Хаюхай...
[ENTERTAINM] | YouTube  | [Normal]     | 90%    |   79.4ms | Are u going to do any World Cup content...
[ENTERTAINM] | YouTube  | [Normal]     | 96%    |   98.4ms | классно сидим пацаны...
[GAMING/GAM] | YouTube  | [Normal]     | 96%    |   62.9ms | Missing bottle?...
[ENTERTAINM] | YouTube  | [Normal]     | 83%    |   58.9ms | Korea...
[ENTERTAINM] | YouTube  | [Normal]     | 97%    |   67.8ms | I love supporting small creators...
[ENTERTAINM] | YouTube  | [Normal]     | 73%    |  147.1ms | hhhhhhhhhhhhhhhhhhhhhhhhhhhhhhhhhhhhhhhh...
[GAMING/GAM] | YouTube  | [Normal]     | 84%    |   75.0ms | you should worry abt us tbh...
[ENTERTAINM] | YouTube  | [Normal]     | 94%    |   58.7ms | Hi...
[ENTERTAINM] | YouTube  | [Normal]     | 94%    |   60.7ms | Hi...
[GAMING/SUR] | YouTube  | [Normal]     | 96%    |   67.0ms | INCREDIBLE...
[GAMING/SUR] | YouTube  | [Normal]     | 77%    |   67.0ms | No he’s still kicking...
[GAMING/GAM] | YouTube  | [Normal]     | 87%    |   91.1ms | don't lump us all in with that guy I KNE...
[GAMING/SUR] | YouTube  | [Normal]     | 97%    |   88.7ms | lmfao. just a cord running thru the whol...
[ENTERTAINM] | YouTube  | [Normal]     | 98%    |  148.2ms | :face-blue-wide-eyes::face-green-smiling...
[GAMING/GAM] | YouTube  | [Normal]     | 75%    |   69.1ms | DESK BYY BED...
[GAMING/GAM] | YouTube  | [Normal]     | 97%    |   64.7ms | mark the fireplace...
[GAMING/GAM] | YouTube  | [Normal]     | 94%    |   76.6ms | wait i think an object was missing in th...
[GAMING/GAM] | YouTube  | [Normal]     | 97%    |   57.7ms | fireplace?...
[ENTERTAINM] | YouTube  | [Normal]     | 95%    |  122.0ms | congratulations sirrrrrrrr i love you an...
[GAMING/SUR] | YouTube  | [Normal]     | 95%    |   57.7ms | ELECTRICAL BRANCH...
[GAMING/GAM] | YouTube  | [Normal]     | 79%    |   61.4ms | thats not polite...
[ENTERTAINM] | YouTube  | [Normal]     | 96%    |   75.7ms | hiiiiiiiiiiiiiiiiiiiiiiiiii...
[GAMING/GAM] | YouTube  | [Normal]     | 93%    |   64.1ms | Extra bottle pier...
[ENTERTAINM] | YouTube  | [Normal]     | 95%    |   55.8ms | HELLO...
[GAMING/SUR] | YouTube  | [Normal]     | 96%    |   71.8ms | take branch's to branch's...
[PSYCHOLOGY] | YouTube  | [Normal]     | 93%    |   66.3ms | this lady great...
[GAMING/GAM] | YouTube  | [Normal]     | 88%    |   55.1ms | Mark anomaly...
[PSYCHOLOGY] | YouTube  | [Normal]     | 91%    |   60.9ms | …...
[MUSIC/CHIL] | YouTube  | [Normal]     | 96%    |  109.4ms | ohh ok ok:grinning_face_with_sweat::grin...
[GAMING/GAM] | YouTube  | [Normal]     | 95%    |   63.3ms | WATER BENEATH DOOR INTERIOR...
[SELF-HELP/] | YouTube  | [Normal]     | 95%    |   67.2ms | i have subpowers...
[ENTERTAINM] | YouTube  | [Normal]     | 90%    |   74.4ms | how much likes for new airpods...
[GAMING/GAM] | YouTube  | [Normal]     | 97%    |   75.8ms | The railing on the stairs moved!!!...
[ENTERTAINM] | YouTube  | [Normal]     | 98%    |   76.7ms | :hand-pink-waving:...
[SELF-HELP/] | YouTube  | [Normal]     | 90%    |   68.8ms | i m def not gifted...
[ENTERTAINM] | YouTube  | [Normal]     | 93%    |   77.5ms | CRAZY 5MIL WE R A BIG FAN MRBEAST...
[GAMING/GAM] | YouTube  | [Normal]     | 97%    |   73.0ms | marks an ASMR channel now lol...
[GAMING/GAM] | YouTube  | [Normal]     | 92%    |   80.6ms | you were IN OUR EARHOLES!... lol...
[GAMING/SUR] | YouTube  | [Normal]     | 71%    |   85.8ms | or you can do 30 to a spliter...
[ENTERTAINM] | YouTube  | [Normal]     | 94%    |   87.1ms | GAS PRICES COME DOWN WHEN MRBEAST HITS 5...
[GAMING/GAM] | YouTube  | [Normal]     | 93%    |   63.6ms | Oh god Mark why...
[GAMING/GAM] | YouTube  | [Normal]     | 98%    |   62.9ms | frosted glass again...
[PSYCHOLOGY] | YouTube  | [Normal]     | 95%    |   69.2ms | She have such an aura...
[NEWS/LIVE ] | YouTube  | [Normal]     | 93%    |   60.8ms | :buffering:...
[GAMING/SUR] | YouTube  | [Normal]     | 60%    |   77.6ms | I’ve been waiting for you to play rust m...
[GAMING/GAM] | YouTube  | [Normal]     | 96%    |   71.3ms | THE RAILING IN THE STAIRWAY THE RAILING ...
[GAMING/GAM] | YouTube  | [Normal]     | 92%    |   65.9ms | CHECK THE LEFT MOST ROPE...
[ENTERTAINM] | YouTube  | [Normal]     | 94%    |   55.8ms | Hi...
[GAMING/SUR] | YouTube  | [Normal]     | 73%    |   55.5ms | wrong...
[PSYCHOLOGY] | YouTube  | [OFFENSIVE]  | 57%    |   71.0ms | shitting on our copium...
[GAMING/GAM] | YouTube  | [Normal]     | 97%    |   71.4ms | Im on Observation Duty movie next?...
[ENTERTAINM] | YouTube  | [Normal]     | 90%    |   56.8ms | 🇧...
[GAMING/GAM] | YouTube  | [Normal]     | 94%    |   75.5ms | that hurt my chest omg.....
[GAMING/GAM] | YouTube  | [Normal]     | 92%    |   89.5ms | HOW WAS IT SHOOTING IRON LUNG? HOW WAS T...
[GAMING/GAM] | YouTube  | [Normal]     | 94%    |   94.6ms | There’s stuff missing from the desk in t...
[ENTERTAINM] | YouTube  | [Normal]     | 97%    |   89.3ms | 500m subscribe to complit sir congratula...
[SELF-HELP/] | YouTube  | [Normal]     | 95%    |   58.4ms | by definition...
[GAMING/GAM] | YouTube  | [Normal]     | 91%    |   64.8ms | IT DID TOO...
[ENTERTAINM] | YouTube  | [Normal]     | 96%    |   80.9ms | What’s it like having the most subscribe...
[GAMING/GAM] | YouTube  | [Normal]     | 96%    |   63.8ms | Mark!!!...
[SELF-HELP/] | YouTube  | [Normal]     | 92%    |   62.5ms | everyone is complex...
[GAMING/GAM] | YouTube  | [Normal]     | 96%    |   65.9ms | it did though......
[ENTERTAINM] | YouTube  | [Normal]     | 96%    |   93.3ms | Big fan from Pakistan . Supporting MrBea...
[SELF-HELP/] | YouTube  | [Normal]     | 96%    |   73.5ms | I SWEAR dude he's answered this before...
[ENTERTAINM] | YouTube  | [Normal]     | 95%    |   58.8ms | please help...
[GAMING/GAM] | YouTube  | [Normal]     | 97%    |   74.0ms | literally rewound. it DID MOVE...
[GAMING/GAM] | YouTube  | [Normal]     | 95%    |   57.6ms | green stairs...
[GAMING/GAM] | YouTube  | [Normal]     | 94%    |  115.5ms | it switched from towards the front of th...
[GAMING/GAM] | YouTube  | [Normal]     | 98%    |   88.6ms | :face-blue-smiling::face-blue-smiling:...
[GAMING/GAM] | YouTube  | [Normal]     | 97%    |   71.3ms | Thank you were so smart and cool...
[PSYCHOLOGY] | YouTube  | [Normal]     | 64%    |   73.1ms | Goonian psychology...
[ENTERTAINM] | YouTube  | [Normal]     | 98%    |  109.1ms | yeahhh:growing_heart::growing_heart::gro...
[ENTERTAINM] | YouTube  | [Normal]     | 96%    |  100.4ms | sir i want to buy a laptop but I can't b...
[ENTERTAINM] | YouTube  | [Normal]     | 97%    |   83.3ms | Can I have a shoutout..it's my birthday...
[ENTERTAINM] | YouTube  | [Normal]     | 93%    |  267.8ms | :virtualhug::virtualhug::virtualhug::vir...
[ENTERTAINM] | YouTube  | [Normal]     | 85%    |   68.0ms | no no Mr beast...
[ENTERTAINM] | YouTube  | [Normal]     | 96%    |   72.3ms | HAPPY 500 MILLION FOLLOWERS!!!...
[GAMING/GAM] | YouTube  | [Normal]     | 97%    |   70.2ms | stream achievment...
[ENTERTAINM] | YouTube  | [Normal]     | 94%    |   57.6ms | hi...
[ENTERTAINM] | YouTube  | [Normal]     | 98%    |  310.3ms | :hand-pink-waving::hand-pink-waving::han...
[GAMING/SUR] | YouTube  | [Normal]     | 93%    |   62.7ms | your building12...
[ENTERTAINM] | YouTube  | [Normal]     | 95%    |   54.0ms | hii...
[GAMING/SUR] | YouTube  | [Normal]     | 92%    |   58.5ms | clean...
[ENTERTAINM] | YouTube  | [Normal]     | 89%    |   96.3ms | BROOOOOOOOOOOOOOOOOOOOO 500000000...
[ENTERTAINM] | YouTube  | [Normal]     | 97%    |  246.1ms | :triangular_flag::triangular_flag::trian...
[ENTERTAINM] | YouTube  | [OFFENSIVE]  | 90%    |   75.7ms | Ilyyyy congratsss!...
[NEWS/LIVE ] | YouTube  | [HATE]       | 58%    |  116.3ms | even pope said ''if you want to come in ...
[PSYCHOLOGY] | YouTube  | [Normal]     | 96%    |   65.2ms | hyper enema?...
[GAMING/GAM] | YouTube  | [Normal]     | 59%    |  118.3ms | This is great  but real-world issues mat...
[ENTERTAINM] | YouTube  | [Normal]     | 91%    |   76.9ms | GET ITTTTTTTTTTTTTTT...
[MUSIC/CHIL] | YouTube  | [Normal]     | 95%    |   57.4ms | accha h...
[ENTERTAINM] | YouTube  | [Normal]     | 98%    |   59.7ms | :eagle:...
[LIFESTYLE/] | YouTube  | [Normal]     | 96%    |   84.3ms | :face_with_peeking_eye:...
[ENTERTAINM] | YouTube  | [Normal]     | 95%    |   54.7ms | Yooo...
[GAMING/SUR] | YouTube  | [Normal]     | 82%    |   54.9ms | not good...
[GAMING/GAM] | YouTube  | [Normal]     | 92%    |   67.7ms | Any plans for Germany...
[GAMING/GAM] | YouTube  | [Normal]     | 97%    |   79.6ms | Which platform is it going to be in?...
[GAMING/GAM] | YouTube  | [Normal]     | 97%    |   59.8ms | PERFECTION TAKES TIME...
[MUSIC/CHIL] | YouTube  | [HATE]       | 63%    |   67.0ms | Raggy and??...
[GAMING/GAM] | YouTube  | [Normal]     | 97%    |   70.4ms | Which streaming services are you plannin...
[GAMING/GAM] | YouTube  | [Normal]     | 52%    |  108.5ms | THAAAAAAAAIIIILANDDDDDDDDDDDDDDDDDDDDDDD...
[GAMING/SUR] | YouTube  | [Normal]     | 92%    |   69.9ms | rogue always eating...
[GAMING/GAM] | YouTube  | [Normal]     | 95%    |   69.2ms | title!!!...
[ENTERTAINM] | YouTube  | [Normal]     | 98%    |  175.3ms | :face-blue-smiling::face-blue-smiling::f...
[GAMING/GAM] | YouTube  | [Normal]     | 97%    |   60.8ms | vhs release?...
[ENTERTAINM] | YouTube  | [Normal]     | 97%    |   63.4ms | Welcome New Member!...
[GAMING/GAM] | YouTube  | [Normal]     | 96%    |   70.4ms | 4K please!!...
[ENTERTAINM] | YouTube  | [Normal]     | 97%    |  356.2ms | :finger-red-number-one::finger-red-numbe...
[GAMING/GAM] | YouTube  | [Normal]     | 92%    |  111.4ms | I wish I could see it in theaters but no...
[GAMING/GAM] | YouTube  | [Normal]     | 95%    |   65.2ms | olympics too! lol...
[ENTERTAINM] | YouTube  | [Normal]     | 97%    |  103.8ms | Hallo Evin du bist nd cool oke :face_wit...
[ENTERTAINM] | YouTube  | [Normal]     | 91%    |   70.0ms | Do you know who mickal jackson is...
[GAMING/GAM] | YouTube  | [Normal]     | 97%    |   86.7ms | mark where will we able to buy the dvd??...
[GAMING/GAM] | YouTube  | [Normal]     | 96%    |   82.5ms | garten of banban movie when ? u promised...
[ENTERTAINM] | YouTube  | [Normal]     | 96%    |  146.6ms | "500 MILLION SUBSCRIBERS! :exploding_hea...
[MUSIC/CHIL] | YouTube  | [Normal]     | 81%    |   83.8ms | what's on your mind:cigarette::thinking_...
[GAMING/GAM] | YouTube  | [Normal]     | 93%    |   71.1ms | iron lung merch?...
[GAMING/GAM] | YouTube  | [Normal]     | 96%    |  126.6ms | I know I'm gonna be missing the Big Game...
[GAMING/GAM] | YouTube  | [Normal]     | 97%    |   81.0ms | Love you mark I love yoooouuuu...
[GAMING/GAM] | YouTube  | [Normal]     | 95%    |   62.1ms | hellooo...
[GAMING/GAM] | YouTube  | [Normal]     | 97%    |   73.8ms | there's snakes on the plane!!...
[GAMING/SUR] | YouTube  | [Normal]     | 89%    |   70.4ms | WELYNS KNOW WE APPREACIATE YOU...
[ENTERTAINM] | YouTube  | [Normal]     | 94%    |   65.9ms | :cold_face:...
[GAMING/GAM] | YouTube  | [Normal]     | 94%    |   95.2ms | Personal question mark do you think you’...
[GAMING/GAM] | YouTube  | [Normal]     | 96%    |   70.8ms | remember to look at the windows and refl...
[GAMING/GAM] | YouTube  | [Normal]     | 85%    |   56.1ms | broken railing...
[GAMING/GAM] | YouTube  | [Normal]     | 93%    |   66.9ms | market plier...
[GAMING/SUR] | YouTube  | [Normal]     | 93%    |   57.0ms | wsp...
[ENTERTAINM] | YouTube  | [HATE]       | 56%    |  138.5ms | CONGRATSSSSSSS. IM SO PROUD OF U. YOU HA...
[GAMING/GAM] | YouTube  | [Normal]     | 97%    |   56.8ms | RED LIGHT TOP LEFT...
[SELF-HELP/] | YouTube  | [Normal]     | 96%    |  151.4ms | im not high iq but when i went to a prof...
[GAMING/GAM] | YouTube  | [Normal]     | 97%    |   79.6ms | MARK ECONOMY CLASS IN THE OVERHEAD BIN!!...
[GAMING/SUR] | YouTube  | [Normal]     | 95%    |   54.9ms | PEANUT...
[ENTERTAINM] | YouTube  | [Normal]     | 94%    |   83.0ms | 비스트햄!!!...
[GAMING/GAM] | YouTube  | [Normal]     | 97%    |   78.9ms | EXTRA PLANE PAINTING IN THE CLASS ON THE...
[GAMING/GAM] | YouTube  | [Normal]     | 91%    |   56.0ms | normal rn...
[GAMING/GAM] | YouTube  | [Normal]     | 95%    |   57.1ms | Hellooo...
[ENTERTAINM] | YouTube  | [Normal]     | 95%    |   59.6ms | yooo hi...
[GAMING/GAM] | YouTube  | [Normal]     | 95%    |   66.3ms | the banana flip!...
[GAMING/GAM] | YouTube  | [Normal]     | 89%    |   83.0ms | why is there a camrea in the bathroom?!...
[ENTERTAINM] | YouTube  | [Normal]     | 96%    |   56.2ms | New member...
[SPORTS/FOO] | YouTube  | [Normal]     | 98%    |   90.8ms | :hand-pink-waving::hand-pink-waving:...
[GAMING/GAM] | YouTube  | [Normal]     | 80%    |   64.7ms | NO DON’T...
[GAMING/SUR] | YouTube  | [Normal]     | 92%    |   72.0ms | lol hes good at that...
[GAMING/GAM] | YouTube  | [Normal]     | 96%    |   69.5ms | missing life vest??...
[GAMING/GAM] | YouTube  | [Normal]     | 94%    |   59.8ms | exit lights maybe...
[GAMING/GAM] | YouTube  | [Normal]     | 94%    |   70.2ms | I'm so bad at these games...
[ENTERTAINM] | YouTube  | [Normal]     | 94%    |   71.4ms | арбуз...
[SELF-HELP/] | YouTube  | [Normal]     | 95%    |   91.2ms | Oh god  didn't realize that is what's ha...
[GAMING/GAM] | YouTube  | [Normal]     | 91%    |   74.5ms | There’s a moon in the toilet...
[MUSIC/CHIL] | YouTube  | [Normal]     | 97%    |  177.6ms | These fakes love me :face_with_tears_of_...
[GAMING/GAM] | YouTube  | [Normal]     | 81%    |   59.3ms | In the toilet...
[GAMING/GAM] | YouTube  | [Normal]     | 89%    |   67.8ms | not the spleen...
[ENTERTAINM] | YouTube  | [Normal]     | 97%    |   95.0ms | It's been such a short time  I remember ...
[GAMING/GAM] | YouTube  | [Normal]     | 94%    |   65.2ms | banned by DNA FOR LIFE...
[ENTERTAINM] | YouTube  | [Normal]     | 96%    |  101.8ms | 500 mil :partying_face::partying_face::p...
[GAMING/GAM] | YouTube  | [Normal]     | 93%    |   61.0ms | E...
[ENTERTAINM] | YouTube  | [Normal]     | 93%    |   58.2ms | SON...
[ENTERTAINM] | YouTube  | [Normal]     | 92%    |   60.6ms | help me...
[ENTERTAINM] | YouTube  | [Normal]     | 97%    |   84.0ms | tomorrow is my birthday :red_heart:...
[ENTERTAINM] | YouTube  | [Normal]     | 97%    |  110.7ms | happy 500 million subscribers:elbowcough...
[ENTERTAINM] | YouTube  | [Normal]     | 93%    |   67.6ms | hhhh...
[ENTERTAINM] | YouTube  | [Normal]     | 97%    |   59.8ms | Greetings from Mongolia...
[GAMING/GAM] | YouTube  | [Normal]     | 97%    |  200.7ms | MARK  THERE'S A MAN IN THE TOP LEFT!! HE...
[GAMING/GAM] | YouTube  | [Normal]     | 96%    |   61.6ms | B CLASS EXTRA COMPARTMENT...
[NEWS/LIVE ] | YouTube  | [Normal]     | 97%    |   74.7ms | :people_hugging:...
[ENTERTAINM] | YouTube  | [Normal]     | 98%    |  185.7ms | :red_heart::red_heart::red_heart::red_he...
[ENTERTAINM] | YouTube  | [Normal]     | 94%    |   69.6ms | hey beast how can I become a member...
[GAMING/SUR] | YouTube  | [Normal]     | 97%    |   63.7ms | Eat a FOODS...
[GAMING/GAM] | YouTube  | [Normal]     | 98%    |  162.2ms | Mark  I'm am such a big fan of your chan...
[ENTERTAINM] | YouTube  | [Normal]     | 91%    |   96.1ms | Peanut is insane when he streams  that g...
[GAMING/SUR] | YouTube  | [Normal]     | 93%    |   64.8ms | Front drop off box...
[ENTERTAINM] | YouTube  | [Normal]     | 96%    |   70.0ms | kto z Polski...
[ENTERTAINM] | YouTube  | [Normal]     | 91%    |   71.4ms | @MrBeast how’s your day?...
[ENTERTAINM] | YouTube  | [Normal]     | 97%    |  132.9ms | I love you so much Mr Beast  I am From M...
[GAMING/GAM] | YouTube  | [Normal]     | 96%    |   61.5ms | Window ice?...
[ENTERTAINM] | YouTube  | [Normal]     | 97%    |  121.7ms | Jimmy  we need another beast games :hand...
[MUSIC/CHIL] | YouTube  | [Normal]     | 97%    |  110.3ms | :face_exhaling::green_heart:...
[PSYCHOLOGY] | YouTube  | [Normal]     | 88%    |   74.1ms | sensitive...
[ENTERTAINM] | YouTube  | [Normal]     | 96%    |   69.7ms | New member...
[SELF-HELP/] | YouTube  | [Normal]     | 96%    |  130.4ms | How do u know if a problem u r thinking ...
[ENTERTAINM] | YouTube  | [Normal]     | 97%    |  118.3ms | :text-green-game-over::text-green-game-o...
[ENTERTAINM] | YouTube  | [Normal]     | 90%    |   63.9ms | yoooooo...
[GAMING/SUR] | YouTube  | [Normal]     | 73%    |   63.2ms | hutch scrap them...
[SELF-HELP/] | YouTube  | [Normal]     | 97%    |   82.6ms | prioritizing helped me personally and fo...
[GAMING/GAM] | YouTube  | [Normal]     | 97%    |   88.1ms | bann the anomaly!! :magic_wand:...
[GAMING/GAM] | YouTube  | [Normal]     | 94%    |   65.2ms | Hi...
[ENTERTAINM] | YouTube  | [Normal]     | 93%    |   79.7ms | here since the pewdiepiew vs tseries era...
[GAMING/GAM] | YouTube  | [Normal]     | 92%    |   62.2ms | Man in window at the gate...
[ENTERTAINM] | YouTube  | [Normal]     | 96%    |   58.4ms | 500million...
[GAMING/GAM] | YouTube  | [Normal]     | 92%    |   82.1ms | just got home from work glad to spend my...
[GAMING/GAM] | YouTube  | [Normal]     | 97%    |   68.0ms | MARK THE BANANAS OVER-RIPE...
[GAMING/GAM] | YouTube  | [Normal]     | 87%    |   58.5ms | banned...
[GAMING/GAM] | YouTube  | [Normal]     | 91%    |   77.4ms | was there always shoes beneath the seat ...
[GAMING/SUR] | YouTube  | [Normal]     | 69%    |   70.5ms | you can authorise them...
[GAMING/GAM] | YouTube  | [Normal]     | 82%    |   84.3ms | can't tell if im seeing things or if my ...
[GAMING/GAM] | YouTube  | [Normal]     | 96%    |   66.7ms | entrance: distorted camera maybe?...
[SELF-HELP/] | YouTube  | [Normal]     | 93%    |   63.6ms | @loban_88 yes...
[GAMING/GAM] | YouTube  | [Normal]     | 96%    |   86.4ms | #1 :finger-red-number-one:...
[ENTERTAINM] | YouTube  | [Normal]     | 94%    |   92.7ms | love you from Bangladesh :white_heart::s...
[GAMING/GAM] | YouTube  | [Normal]     | 97%    |   88.2ms | Was there a suitcase in the entryway? Th...
[SELF-HELP/] | YouTube  | [OFFENSIVE]  | 45%    |   84.3ms | So what happens  you morph into final fo...
[GAMING/SUR] | YouTube  | [Normal]     | 76%    |   72.3ms | never beating those fat allegations...
[GAMING/GAM] | YouTube  | [Normal]     | 86%    |   52.2ms | toilet changed...
[PSYCHOLOGY] | YouTube  | [Normal]     | 96%    |  137.8ms | I practice by walking in the rain to get...
[GAMING/GAM] | YouTube  | [Normal]     | 97%    |   63.2ms | THE AIRPORT CHARTS...
[GAMING/GAM] | YouTube  | [Normal]     | 98%    |   76.3ms | ive said the calendar like three times...
[PSYCHOLOGY] | YouTube  | [Normal]     | 90%    |   74.2ms | hahaha  well im kinda vibing too myself...
[GAMING/TOU] | Twitch   | [Normal]     | 92%    |  112.1ms | Ricbor è l'amico che fa finta di essere ...
[GAMING/TOU] | Twitch   | [Normal]     | 95%    |   88.8ms | da 5 punti in 4 a 225 in 8 CRAZY...
[GAMING/TOU] | Twitch   | [Normal]     | 98%    |   70.8ms | 10k bits so tipo 100 euro...
[GAMING/TOU] | Twitch   | [Normal]     | 95%    |   60.0ms | pred in...
[VALORANT/G] | Twitch   | [Normal]     | 97%    |  118.8ms | VALORANT Masters London | Playoffs | BO3...
[VALORANT/G] | Twitch   | [Normal]     | 96%    |   65.5ms | Jame time...
[VALORANT/G] | Twitch   | [Normal]     | 96%    |   60.7ms | jame time...
[VALORANT/G] | Twitch   | [Normal]     | 95%    |   62.7ms | it’s just map 1...
[RELATIONSH] | Twitch   | [Normal]     | 94%    |   57.4ms | om...
[VALORANT/G] | Twitch   | [Normal]     | 95%    |   64.5ms | YUTEGOAT...
[RELATIONSH] | Twitch   | [Normal]     | 93%    |   63.2ms | OOOO...
[RELATIONSH] | Twitch   | [Normal]     | 96%    |   55.7ms | Cheers...
[VALORANT/G] | Twitch   | [Normal]     | 93%    |   67.8ms | EDG 加油！...
[RELATIONSH] | Twitch   | [Normal]     | 97%    |  111.2ms | ANY GIFTAS? TriHard FBCatch 🎁 IT'S 35% O...
[GAMING/DAR] | Twitch   | [Normal]     | 92%    |   62.1ms | Yeah...
[RELATIONSH] | Twitch   | [Normal]     | 92%    |   63.5ms | Amy gifters...
[RELATIONSH] | Twitch   | [Normal]     | 93%    |   56.9ms | Jammies...
[RELATIONSH] | Twitch   | [Normal]     | 92%    |   54.1ms | WW...
[RELATIONSH] | Twitch   | [Normal]     | 82%    |   63.3ms | What a phisyq...
[RELATIONSH] | Twitch   | [Normal]     | 92%    |   64.8ms | jebiatedD...
[RELATIONSH] | Twitch   | [Normal]     | 64%    |   63.5ms | yes Sadge...
[RELATIONSH] | Twitch   | [Normal]     | 96%    |   65.4ms | we need a new dance...
[RELATIONSH] | Twitch   | [Normal]     | 96%    |   85.9ms | exemSturdy exemFloss exemSturdy...
[RELATIONSH] | Twitch   | [Normal]     | 98%    |  213.4ms | TriHard FBCatch HolidayPresent ANY GIFTA...
[RELATIONSH] | Twitch   | [Normal]     | 93%    |   54.6ms | mhm...
[RELATIONSH] | Twitch   | [Normal]     | 94%    |   54.3ms | OOF...
[ENTERTAINM] | Twitch   | [Normal]     | 87%    |   61.4ms | NotLikeThis...
[RELATIONSH] | Twitch   | [Normal]     | 96%    |   60.6ms | Arther is cooked...
[RELATIONSH] | Twitch   | [Normal]     | 94%    |   56.6ms | o7...
[RELATIONSH] | Twitch   | [Normal]     | 96%    |   59.9ms | monkaLaugh...
[RELATIONSH] | Twitch   | [Normal]     | 94%    |   55.4ms | o7...
[RELATIONSH] | Twitch   | [Normal]     | 95%    |   57.3ms | ICANT...
[RELATIONSH] | Twitch   | [Normal]     | 96%    |   68.7ms | davay in deutsch...
[RELATIONSH] | Twitch   | [Normal]     | 96%    |   59.2ms | OMEGALUL...
[RELATIONSH] | Twitch   | [Normal]     | 97%    |   66.8ms | eyebrows LMAO...
[RELATIONSH] | Twitch   | [Normal]     | 89%    |   54.6ms | Sure confused...
[RELATIONSH] | Twitch   | [Normal]     | 97%    |   58.4ms | MONKA...
[RELATIONSH] | Twitch   | [Normal]     | 95%    |   60.7ms | AHAHAHA...
[RELATIONSH] | Twitch   | [Normal]     | 94%    |   61.9ms | o7...
[RELATIONSH] | Twitch   | [Normal]     | 93%    |   71.5ms | this is intense than the court...
[RELATIONSH] | Twitch   | [Normal]     | 94%    |   55.5ms | o7...
[RELATIONSH] | Twitch   | [Normal]     | 94%    |   68.8ms | o7...
[RELATIONSH] | Twitch   | [Normal]     | 86%    |   60.6ms | so awkward...
[RELATIONSH] | Twitch   | [Normal]     | 79%    |   55.5ms | anal...
[RELATIONSH] | Twitch   | [Normal]     | 83%    |   61.9ms | Poor arthur...
[RELATIONSH] | Twitch   | [Normal]     | 94%    |   57.5ms | o7...
[RELATIONSH] | Twitch   | [Normal]     | 92%    |   60.0ms | HUH...
[RELATIONSH] | Twitch   | [Normal]     | 92%    |   62.6ms | HUH...
[ENTERTAINM] | Twitch   | [Normal]     | 84%    |   61.6ms | let'd goo...
[RELATIONSH] | Twitch   | [Normal]     | 96%    |   63.5ms | ABORT MISSION...
[ENTERTAINM] | Twitch   | [Normal]     | 97%    |   65.8ms | soon? tonight?...
[RELATIONSH] | Twitch   | [Normal]     | 95%    |  165.2ms | monkaLaugh uh oh monkaLaugh uh oh monkaL...
[RELATIONSH] | Twitch   | [Normal]     | 94%    |   67.4ms | hesRight...
[RELATIONSH] | Twitch   | [Normal]     | 94%    |   78.0ms | Nicks face LMAOOOOOOOOOO...
[RELATIONSH] | Twitch   | [Normal]     | 94%    |   56.9ms | o7...
[RELATIONSH] | Twitch   | [Normal]     | 93%    |   60.1ms | gg...
[RELATIONSH] | Twitch   | [Normal]     | 94%    |   53.0ms | o7 ͏...
[RELATIONSH] | Twitch   | [Normal]     | 93%    |   54.9ms | mhm...
[RELATIONSH] | Twitch   | [Normal]     | 96%    |   55.3ms | LUL...
[RELATIONSH] | Twitch   | [Normal]     | 93%    |   53.4ms | mhm...
[RELATIONSH] | Twitch   | [Normal]     | 94%    |   59.0ms | om...
