node,pid,run_id,seq,topic,partition,offset,kafka_ts_ms,kafka_ts_type,t_recv_ms,infer_ms,es_ms,t_done_ms,label,confidence
rasp1,48487,20261002-161933_clu_rasp14_pi4gb_r2,5,perf_20261002-161933_clu_rasp14_pi4gb_r2,2,0,1790957978046,0,1790958035554.023,1085.146,16.37,1790958036656.291,OFFENSIVE,0.5445
rasp1,48487,20261002-161933_clu_rasp14_pi4gb_r2,6,perf_20261002-161933_clu_rasp14_pi4gb_r2,2,1,1790957978046,0,1790958036658.154,994.015,11.056,1790958037663.942,Normal,0.9157
rasp1,48487,20261002-161933_clu_rasp14_pi4gb_r2,10,perf_20261002-161933_clu_rasp14_pi4gb_r2,2,2,1790957978047,0,1790958037674.962,1226.976,11.235,1790958038913.899,Normal,0.8199
rasp1,48487,20261002-161933_clu_rasp14_pi4gb_r2,12,perf_20261002-161933_clu_rasp14_pi4gb_r2,2,3,1790957978047,0,1790958038916.249,718.502,10.628,1790958039646.175,Normal,0.9532
rasp1,48487,20261002-161933_clu_rasp14_pi4gb_r2,15,perf_20261002-161933_clu_rasp14_pi4gb_r2,2,4,1790957978048,0,1790958039647.646,679.455,9.363,1790958040337.621,Normal,0.7288
rasp1,48487,20261002-161933_clu_rasp14_pi4gb_r2,20,perf_20261002-161933_clu_rasp14_pi4gb_r2,2,5,1790957978049,0,1790958040339.035,1350.487,12.017,1790958041702.282,Normal,0.9603
rasp1,48487,20261002-161933_clu_rasp14_pi4gb_r2,34,perf_20261002-161933_clu_rasp14_pi4gb_r2,2,6,1790957978051,0,1790958041704.002,573.173,11.093,1790958042289.273,Normal,0.9605
rasp1,48487,20261002-161933_clu_rasp14_pi4gb_r2,36,perf_20261002-161933_clu_rasp14_pi4gb_r2,2,7,1790957978052,0,1790958042291.652,659.55,11.662,1790958042963.644,Normal,0.9351
rasp1,48487,20261002-161933_clu_rasp14_pi4gb_r2,37,perf_20261002-161933_clu_rasp14_pi4gb_r2,2,8,1790957978052,0,1790958042968.485,651.441,13.767,1790958043634.605,Normal,0.9503
rasp1,48487,20261002-161933_clu_rasp14_pi4gb_r2,43,perf_20261002-161933_clu_rasp14_pi4gb_r2,2,9,1790957978054,0,1790958043637.467,976.89,10.965,1790958044625.942,OFFENSIVE,0.5659
rasp1,48487,20261002-161933_clu_rasp14_pi4gb_r2,47,perf_20261002-161933_clu_rasp14_pi4gb_r2,2,10,1790957978055,0,1790958044627.244,871.118,14.152,1790958045513.251,Normal,0.9515
rasp1,48487,20261002-161933_clu_rasp14_pi4gb_r2,52,perf_20261002-161933_clu_rasp14_pi4gb_r2,2,11,1790957978056,0,1790958045521.102,602.751,9.74,1790958046134.283,Normal,0.8595
rasp1,48487,20261002-161933_clu_rasp14_pi4gb_r2,54,perf_20261002-161933_clu_rasp14_pi4gb_r2,2,12,1790957978056,0,1790958046142.193,631.705,9.302,1790958046783.826,Normal,0.8958
rasp1,48487,20261002-161933_clu_rasp14_pi4gb_r2,55,perf_20261002-161933_clu_rasp14_pi4gb_r2,2,13,1790957978056,0,1790958046785.204,1130.571,9.267,1790958047925.932,Normal,0.9547
rasp1,48487,20261002-161933_clu_rasp14_pi4gb_r2,56,perf_20261002-161933_clu_rasp14_pi4gb_r2,2,14,1790957978056,0,1790958047927.442,2169.915,9.463,1790958050107.96,Normal,0.9532
rasp1,48487,20261002-161933_clu_rasp14_pi4gb_r2,58,perf_20261002-161933_clu_rasp14_pi4gb_r2,2,15,1790957978057,0,1790958050109.433,1561.78,11.245,1790958051683.182,Normal,0.9703
rasp1,48487,20261002-161933_clu_rasp14_pi4gb_r2,61,perf_20261002-161933_clu_rasp14_pi4gb_r2,2,16,1790957978057,0,1790958051685.371,660.404,16.376,1790958052363.072,Normal,0.9489
rasp1,48487,20261002-161933_clu_rasp14_pi4gb_r2,72,perf_20261002-161933_clu_rasp14_pi4gb_r2,2,17,1790957978059,0,1790958052364.625,808.727,9.324,1790958053183.385,Normal,0.9761
rasp1,48487,20261002-161933_clu_rasp14_pi4gb_r2,74,perf_20261002-161933_clu_rasp14_pi4gb_r2,2,18,1790957978060,0,1790958053184.67,729.73,9.688,1790958053924.852,Normal,0.9719
rasp1,48487,20261002-161933_clu_rasp14_pi4gb_r2,83,perf_20261002-161933_clu_rasp14_pi4gb_r2,2,19,1790957978061,0,1790958053926.635,1225.588,9.577,1790958055162.567,Normal,0.9678
rasp1,48487,20261002-161933_clu_rasp14_pi4gb_r2,101,perf_20261002-161933_clu_rasp14_pi4gb_r2,2,20,1790957978065,0,1790958055164.546,708.477,10.296,1790958055883.997,Normal,0.8852
rasp1,48487,20261002-161933_clu_rasp14_pi4gb_r2,106,perf_20261002-161933_clu_rasp14_pi4gb_r2,2,21,1790957978066,0,1790958055885.844,1011.172,15.86,1790958056914.003,Normal,0.9671
rasp1,48487,20261002-161933_clu_rasp14_pi4gb_r2,110,perf_20261002-161933_clu_rasp14_pi4gb_r2,2,22,1790957978066,0,1790958056915.569,797.063,12.185,1790958057725.764,Normal,0.8809
rasp1,48487,20261002-161933_clu_rasp14_pi4gb_r2,111,perf_20261002-161933_clu_rasp14_pi4gb_r2,2,23,1790957978066,0,1790958057733.23,810.917,14.929,1790958058563.331,Normal,0.9248
rasp1,48487,20261002-161933_clu_rasp14_pi4gb_r2,118,perf_20261002-161933_clu_rasp14_pi4gb_r2,2,24,1790957978067,0,1790958058569.305,919.188,11.966,1790958059501.42,Normal,0.9087
rasp1,48487,20261002-161933_clu_rasp14_pi4gb_r2,129,perf_20261002-161933_clu_rasp14_pi4gb_r2,2,25,1790957978073,0,1790958059503.521,890.468,17.312,1790958060411.972,Normal,0.9673
rasp1,48487,20261002-161933_clu_rasp14_pi4gb_r2,137,perf_20261002-161933_clu_rasp14_pi4gb_r2,2,26,1790957978097,0,1790958060413.241,646.054,10.769,1790958061070.797,Normal,0.9294
rasp1,48487,20261002-161933_clu_rasp14_pi4gb_r2,139,perf_20261002-161933_clu_rasp14_pi4gb_r2,2,27,1790957978098,0,1790958061072.105,808.327,11.713,1790958061893.002,Normal,0.9679
rasp1,48487,20261002-161933_clu_rasp14_pi4gb_r2,140,perf_20261002-161933_clu_rasp14_pi4gb_r2,2,28,1790957978098,0,1790958061895.425,1026.116,10.592,1790958062932.845,Normal,0.9753
rasp1,48487,20261002-161933_clu_rasp14_pi4gb_r2,146,perf_20261002-161933_clu_rasp14_pi4gb_r2,2,29,1790957978100,0,1790958062934.273,548.86,10.01,1790958063493.881,Normal,0.931
rasp1,48487,20261002-161933_clu_rasp14_pi4gb_r2,147,perf_20261002-161933_clu_rasp14_pi4gb_r2,2,30,1790957978100,0,1790958063495.799,855.552,12.388,1790958064365.064,Normal,0.9475
rasp1,48487,20261002-161933_clu_rasp14_pi4gb_r2,148,perf_20261002-161933_clu_rasp14_pi4gb_r2,2,31,1790957978101,0,1790958064366.544,596.849,12.307,1790958064976.59,Normal,0.9539
rasp1,48487,20261002-161933_clu_rasp14_pi4gb_r2,150,perf_20261002-161933_clu_rasp14_pi4gb_r2,2,32,1790957978101,0,1790958064978.411,857.924,9.871,1790958065846.977,Normal,0.8267
rasp1,48487,20261002-161933_clu_rasp14_pi4gb_r2,151,perf_20261002-161933_clu_rasp14_pi4gb_r2,2,33,1790957978101,0,1790958065848.764,1025.414,10.726,1790958066885.643,Normal,0.9057
rasp1,48487,20261002-161933_clu_rasp14_pi4gb_r2,152,perf_20261002-161933_clu_rasp14_pi4gb_r2,2,34,1790957978101,0,1790958066887.255,846.096,10.579,1790958067744.665,Normal,0.9745
rasp1,48487,20261002-161933_clu_rasp14_pi4gb_r2,161,perf_20261002-161933_clu_rasp14_pi4gb_r2,2,35,1790957978103,0,1790958067746.424,1662.488,11.792,1790958069421.984,Normal,0.9305
rasp1,48487,20261002-161933_clu_rasp14_pi4gb_r2,162,perf_20261002-161933_clu_rasp14_pi4gb_r2,2,36,1790957978103,0,1790958069423.44,876.769,9.056,1790958070309.921,Normal,0.87
rasp1,48487,20261002-161933_clu_rasp14_pi4gb_r2,165,perf_20261002-161933_clu_rasp14_pi4gb_r2,2,37,1790957978104,0,1790958070311.626,957.324,12.205,1790958071281.994,Normal,0.9407
rasp1,48487,20261002-161933_clu_rasp14_pi4gb_r2,167,perf_20261002-161933_clu_rasp14_pi4gb_r2,2,38,1790957978104,0,1790958071286.952,1301.636,14.371,1790958072604.009,Normal,0.7275
rasp1,48487,20261002-161933_clu_rasp14_pi4gb_r2,171,perf_20261002-161933_clu_rasp14_pi4gb_r2,2,39,1790957978105,0,1790958072611.928,816.923,10.35,1790958073439.847,Normal,0.9574
rasp1,48487,20261002-161933_clu_rasp14_pi4gb_r2,175,perf_20261002-161933_clu_rasp14_pi4gb_r2,2,40,1790957978106,0,1790958073441.163,691.096,12.94,1790958074145.976,Normal,0.9314
rasp1,48487,20261002-161933_clu_rasp14_pi4gb_r2,176,perf_20261002-161933_clu_rasp14_pi4gb_r2,2,41,1790957978106,0,1790958074155.14,879.284,11.711,1790958075046.937,Normal,0.7281
rasp1,48487,20261002-161933_clu_rasp14_pi4gb_r2,185,perf_20261002-161933_clu_rasp14_pi4gb_r2,2,42,1790957978108,0,1790958075048.513,2023.69,11.563,1790958077085.054,Normal,0.9335
rasp1,48487,20261002-161933_clu_rasp14_pi4gb_r2,189,perf_20261002-161933_clu_rasp14_pi4gb_r2,2,43,1790957978109,0,1790958077086.695,663.167,10.383,1790958077761.044,Normal,0.8925
rasp1,48487,20261002-161933_clu_rasp14_pi4gb_r2,192,perf_20261002-161933_clu_rasp14_pi4gb_r2,2,44,1790957978109,0,1790958077762.817,1031.384,10.189,1790958078805.102,Normal,0.9544
rasp1,48487,20261002-161933_clu_rasp14_pi4gb_r2,200,perf_20261002-161933_clu_rasp14_pi4gb_r2,2,45,1790957978111,0,1790958078806.632,773.162,9.658,1790958079590.122,Normal,0.9569
rasp1,48487,20261002-161933_clu_rasp14_pi4gb_r2,201,perf_20261002-161933_clu_rasp14_pi4gb_r2,2,46,1790957978111,0,1790958079591.975,972.843,17.354,1790958080583.606,Normal,0.567
rasp1,48487,20261002-161933_clu_rasp14_pi4gb_r2,202,perf_20261002-161933_clu_rasp14_pi4gb_r2,2,47,1790957978111,0,1790958080586.028,911.103,13.035,1790958081511.465,Normal,0.966
rasp1,48487,20261002-161933_clu_rasp14_pi4gb_r2,203,perf_20261002-161933_clu_rasp14_pi4gb_r2,2,48,1790957978111,0,1790958081515.047,701.929,10.447,1790958082228.454,Normal,0.9589
rasp1,48487,20261002-161933_clu_rasp14_pi4gb_r2,207,perf_20261002-161933_clu_rasp14_pi4gb_r2,2,49,1790957978112,0,1790958082230.004,755.401,11.32,1790958082997.841,Normal,0.9563
rasp1,48487,20261002-161933_clu_rasp14_pi4gb_r2,213,perf_20261002-161933_clu_rasp14_pi4gb_r2,2,50,1790957978113,0,1790958082999.338,595.322,9.122,1790958083605.26,Normal,0.9629
rasp1,48487,20261002-161933_clu_rasp14_pi4gb_r2,217,perf_20261002-161933_clu_rasp14_pi4gb_r2,2,51,1790957978115,0,1790958083606.779,777.588,11.303,1790958084396.601,Normal,0.9635
rasp1,48487,20261002-161933_clu_rasp14_pi4gb_r2,220,perf_20261002-161933_clu_rasp14_pi4gb_r2,2,52,1790957978131,0,1790958084397.675,640.44,9.309,1790958085049.384,Normal,0.9627
rasp1,48487,20261002-161933_clu_rasp14_pi4gb_r2,221,perf_20261002-161933_clu_rasp14_pi4gb_r2,2,53,1790957978131,0,1790958085050.668,689.795,18.082,1790958085760.154,Normal,0.9292
rasp1,48487,20261002-161933_clu_rasp14_pi4gb_r2,229,perf_20261002-161933_clu_rasp14_pi4gb_r2,2,54,1790957978150,0,1790958085765.218,1078.788,17.293,1790958086861.988,Normal,0.9234
rasp1,48487,20261002-161933_clu_rasp14_pi4gb_r2,230,perf_20261002-161933_clu_rasp14_pi4gb_r2,2,55,1790957978152,0,1790958086873.381,995.844,10.006,1790958087880.154,Normal,0.7449
rasp1,48487,20261002-161933_clu_rasp14_pi4gb_r2,234,perf_20261002-161933_clu_rasp14_pi4gb_r2,2,56,1790957978152,0,1790958087881.798,1491.629,11.833,1790958089386.171,Normal,0.9447
rasp1,48487,20261002-161933_clu_rasp14_pi4gb_r2,241,perf_20261002-161933_clu_rasp14_pi4gb_r2,2,57,1790957978154,0,1790958089389.059,655.098,9.324,1790958090054.373,Normal,0.9608
rasp1,48487,20261002-161933_clu_rasp14_pi4gb_r2,244,perf_20261002-161933_clu_rasp14_pi4gb_r2,2,58,1790957978154,0,1790958090056.189,653.001,10.407,1790958090720.401,OFFENSIVE,0.7323
rasp1,48487,20261002-161933_clu_rasp14_pi4gb_r2,247,perf_20261002-161933_clu_rasp14_pi4gb_r2,2,59,1790957978155,0,1790958090722.404,861.827,9.274,1790958091594.45,Normal,0.8993
rasp1,48487,20261002-161933_clu_rasp14_pi4gb_r2,257,perf_20261002-161933_clu_rasp14_pi4gb_r2,2,60,1790957978157,0,1790958091596.646,1364.972,11.81,1790958092974.266,Normal,0.961
rasp1,48487,20261002-161933_clu_rasp14_pi4gb_r2,265,perf_20261002-161933_clu_rasp14_pi4gb_r2,2,61,1790957978158,0,1790958092976.675,577.685,9.453,1790958093564.62,Normal,0.9354
rasp1,48487,20261002-161933_clu_rasp14_pi4gb_r2,278,perf_20261002-161933_clu_rasp14_pi4gb_r2,2,62,1790957978161,0,1790958093566.106,643.534,8.836,1790958094219.136,Normal,0.9589
rasp1,48487,20261002-161933_clu_rasp14_pi4gb_r2,279,perf_20261002-161933_clu_rasp14_pi4gb_r2,2,63,1790957978161,0,1790958094220.541,691.947,9.83,1790958094923.047,Normal,0.8888
rasp1,48487,20261002-161933_clu_rasp14_pi4gb_r2,284,perf_20261002-161933_clu_rasp14_pi4gb_r2,2,64,1790957978162,0,1790958094924.38,636.675,10.208,1790958095572.174,Normal,0.9561
rasp1,48487,20261002-161933_clu_rasp14_pi4gb_r2,287,perf_20261002-161933_clu_rasp14_pi4gb_r2,2,65,1790957978163,0,1790958095574.272,632.373,10.886,1790958096218.384,HATE,0.4159
rasp1,48487,20261002-161933_clu_rasp14_pi4gb_r2,297,perf_20261002-161933_clu_rasp14_pi4gb_r2,2,66,1790957978164,0,1790958096220.567,661.511,9.284,1790958096892.059,Normal,0.8081
rasp1,48487,20261002-161933_clu_rasp14_pi4gb_r2,300,perf_20261002-161933_clu_rasp14_pi4gb_r2,2,67,1790957978165,0,1790958096893.901,660.15,10.991,1790958097565.865,Normal,0.9475
rasp1,48487,20261002-161933_clu_rasp14_pi4gb_r2,303,perf_20261002-161933_clu_rasp14_pi4gb_r2,2,68,1790957978166,0,1790958097567.867,868.299,10.657,1790958098447.536,Normal,0.9381
rasp1,48487,20261002-161933_clu_rasp14_pi4gb_r2,311,perf_20261002-161933_clu_rasp14_pi4gb_r2,2,69,1790957978168,0,1790958098455.149,905.1,10.641,1790958099371.671,Normal,0.8292
rasp1,48487,20261002-161933_clu_rasp14_pi4gb_r2,313,perf_20261002-161933_clu_rasp14_pi4gb_r2,2,70,1790957978168,0,1790958099373.767,1018.559,11.756,1790958100404.989,Normal,0.8096
rasp1,48487,20261002-161933_clu_rasp14_pi4gb_r2,316,perf_20261002-161933_clu_rasp14_pi4gb_r2,2,71,1790957978169,0,1790958100412.852,1741.422,8.64,1790958102163.611,Normal,0.9072
rasp1,48487,20261002-161933_clu_rasp14_pi4gb_r2,318,perf_20261002-161933_clu_rasp14_pi4gb_r2,2,72,1790957978169,0,1790958102169.227,1053.709,17.041,1790958103241.081,Normal,0.9281
rasp1,48487,20261002-161933_clu_rasp14_pi4gb_r2,321,perf_20261002-161933_clu_rasp14_pi4gb_r2,2,73,1790957978170,0,1790958103242.974,1026.251,12.345,1790958104282.254,Normal,0.9384
rasp1,48487,20261002-161933_clu_rasp14_pi4gb_r2,332,perf_20261002-161933_clu_rasp14_pi4gb_r2,2,74,1790957978172,0,1790958104286.909,1895.265,12.03,1790958106195.063,Normal,0.9379
rasp1,48487,20261002-161933_clu_rasp14_pi4gb_r2,335,perf_20261002-161933_clu_rasp14_pi4gb_r2,2,75,1790957978173,0,1790958106196.569,732.323,12.703,1790958106942.63,Normal,0.9633
rasp1,48487,20261002-161933_clu_rasp14_pi4gb_r2,336,perf_20261002-161933_clu_rasp14_pi4gb_r2,2,76,1790957978173,0,1790958106945.9,618.652,9.777,1790958107575.223,Normal,0.936
rasp1,48487,20261002-161933_clu_rasp14_pi4gb_r2,337,perf_20261002-161933_clu_rasp14_pi4gb_r2,2,77,1790957978173,0,1790958107576.799,842.24,9.945,1790958108429.944,Normal,0.9677
rasp1,48487,20261002-161933_clu_rasp14_pi4gb_r2,343,perf_20261002-161933_clu_rasp14_pi4gb_r2,2,78,1790957978175,0,1790958108431.77,766.269,8.838,1790958109207.615,Normal,0.9102
rasp1,48487,20261002-161933_clu_rasp14_pi4gb_r2,345,perf_20261002-161933_clu_rasp14_pi4gb_r2,2,79,1790957978175,0,1790958109209.383,805.367,11.727,1790958110027.971,Normal,0.9451
rasp1,48487,20261002-161933_clu_rasp14_pi4gb_r2,347,perf_20261002-161933_clu_rasp14_pi4gb_r2,2,80,1790957978175,0,1790958110030.558,712.044,12.539,1790958110756.663,Normal,0.4981
rasp1,48487,20261002-161933_clu_rasp14_pi4gb_r2,352,perf_20261002-161933_clu_rasp14_pi4gb_r2,2,81,1790957978176,0,1790958110758.587,847.351,9.508,1790958111616.199,Normal,0.9434
rasp1,48487,20261002-161933_clu_rasp14_pi4gb_r2,355,perf_20261002-161933_clu_rasp14_pi4gb_r2,2,82,1790957978177,0,1790958111617.926,565.116,9.997,1790958112193.881,Normal,0.9533
rasp1,48487,20261002-161933_clu_rasp14_pi4gb_r2,357,perf_20261002-161933_clu_rasp14_pi4gb_r2,2,83,1790957978178,0,1790958112195.628,1287.795,9.77,1790958113494.012,Normal,0.9697
rasp1,48487,20261002-161933_clu_rasp14_pi4gb_r2,359,perf_20261002-161933_clu_rasp14_pi4gb_r2,2,84,1790957978178,0,1790958113495.191,2081.187,9.586,1790958115586.753,Normal,0.9315
rasp1,48487,20261002-161933_clu_rasp14_pi4gb_r2,361,perf_20261002-161933_clu_rasp14_pi4gb_r2,2,85,1790957978178,0,1790958115588.061,548.07,11.244,1790958116148.066,Normal,0.955
rasp1,48487,20261002-161933_clu_rasp14_pi4gb_r2,362,perf_20261002-161933_clu_rasp14_pi4gb_r2,2,86,1790957978179,0,1790958116149.801,529.15,16.106,1790958116695.77,Normal,0.8661
rasp1,48487,20261002-161933_clu_rasp14_pi4gb_r2,369,perf_20261002-161933_clu_rasp14_pi4gb_r2,2,87,1790957978180,0,1790958116700.167,671.641,12.317,1790958117384.755,Normal,0.931
rasp1,48487,20261002-161933_clu_rasp14_pi4gb_r2,380,perf_20261002-161933_clu_rasp14_pi4gb_r2,2,88,1790957978183,0,1790958117389.143,739.867,11.836,1790958118147.949,Normal,0.9475
rasp1,48487,20261002-161933_clu_rasp14_pi4gb_r2,381,perf_20261002-161933_clu_rasp14_pi4gb_r2,2,89,1790957978183,0,1790958118155.441,839.604,9.519,1790958119005.15,Normal,0.9162
rasp1,48487,20261002-161933_clu_rasp14_pi4gb_r2,383,perf_20261002-161933_clu_rasp14_pi4gb_r2,2,90,1790957978183,0,1790958119006.916,1059.585,10.71,1790958120077.929,Normal,0.9746
rasp1,48487,20261002-161933_clu_rasp14_pi4gb_r2,386,perf_20261002-161933_clu_rasp14_pi4gb_r2,2,91,1790957978184,0,1790958120080.027,775.909,10.839,1790958120867.677,Normal,0.9673
rasp1,48487,20261002-161933_clu_rasp14_pi4gb_r2,387,perf_20261002-161933_clu_rasp14_pi4gb_r2,2,92,1790957978184,0,1790958120869.527,719.646,12.651,1790958121602.929,Normal,0.9608
rasp1,48487,20261002-161933_clu_rasp14_pi4gb_r2,389,perf_20261002-161933_clu_rasp14_pi4gb_r2,2,93,1790957978184,0,1790958121605.674,755.191,10.462,1790958122372.33,Normal,0.958
rasp1,48487,20261002-161933_clu_rasp14_pi4gb_r2,390,perf_20261002-161933_clu_rasp14_pi4gb_r2,2,94,1790957978184,0,1790958122374.859,886.932,10.982,1790958123279.906,Normal,0.847
rasp1,48487,20261002-161933_clu_rasp14_pi4gb_r2,394,perf_20261002-161933_clu_rasp14_pi4gb_r2,2,95,1790957978185,0,1790958123282.056,766.536,10.361,1790958124059.988,Normal,0.8427
rasp1,48487,20261002-161933_clu_rasp14_pi4gb_r2,397,perf_20261002-161933_clu_rasp14_pi4gb_r2,2,96,1790957978186,0,1790958124061.315,1164.986,11.245,1790958125238.428,Normal,0.9649
rasp1,48487,20261002-161933_clu_rasp14_pi4gb_r2,402,perf_20261002-161933_clu_rasp14_pi4gb_r2,2,97,1790957978186,0,1790958125240.287,2050.97,9.692,1790958127301.985,Normal,0.9746
rasp1,48487,20261002-161933_clu_rasp14_pi4gb_r2,409,perf_20261002-161933_clu_rasp14_pi4gb_r2,2,98,1790957978187,0,1790958127303.418,2291.393,9.336,1790958129604.995,Normal,0.9773
rasp1,48487,20261002-161933_clu_rasp14_pi4gb_r2,410,perf_20261002-161933_clu_rasp14_pi4gb_r2,2,99,1790957978187,0,1790958129606.486,796.982,11.993,1790958130416.266,Normal,0.9553
rasp1,48487,20261002-161933_clu_rasp14_pi4gb_r2,415,perf_20261002-161933_clu_rasp14_pi4gb_r2,2,100,1790957978193,0,1790958130420.877,1200.408,12.525,1790958131634.487,Normal,0.7213
rasp1,48487,20261002-161933_clu_rasp14_pi4gb_r2,423,perf_20261002-161933_clu_rasp14_pi4gb_r2,2,101,1790957978194,0,1790958131639.927,724.295,11.848,1790958132377.515,Normal,0.9592
rasp1,48487,20261002-161933_clu_rasp14_pi4gb_r2,428,perf_20261002-161933_clu_rasp14_pi4gb_r2,2,102,1790957978194,0,1790958132379.257,631.211,15.864,1790958133027.207,Normal,0.9375
rasp1,48487,20261002-161933_clu_rasp14_pi4gb_r2,446,perf_20261002-161933_clu_rasp14_pi4gb_r2,2,103,1790957978195,0,1790958133032.044,1307.002,12.429,1790958134352.273,Normal,0.9723
rasp1,48487,20261002-161933_clu_rasp14_pi4gb_r2,448,perf_20261002-161933_clu_rasp14_pi4gb_r2,2,104,1790957978196,0,1790958134354.032,567.209,9.814,1790958134931.942,Normal,0.9417
rasp1,48487,20261002-161933_clu_rasp14_pi4gb_r2,450,perf_20261002-161933_clu_rasp14_pi4gb_r2,2,105,1790957978196,0,1790958134933.461,860.916,10.062,1790958135805.128,Normal,0.9547
rasp1,48487,20261002-161933_clu_rasp14_pi4gb_r2,458,perf_20261002-161933_clu_rasp14_pi4gb_r2,2,106,1790957978197,0,1790958135807.686,1092.623,9.971,1790958136911.198,Normal,0.9563
rasp1,48487,20261002-161933_clu_rasp14_pi4gb_r2,459,perf_20261002-161933_clu_rasp14_pi4gb_r2,2,107,1790957978197,0,1790958136913.329,1200.981,11.412,1790958138126.684,Normal,0.9543
rasp1,48487,20261002-161933_clu_rasp14_pi4gb_r2,460,perf_20261002-161933_clu_rasp14_pi4gb_r2,2,108,1790957978197,0,1790958138128.276,895.082,11.371,1790958139035.648,Normal,0.9753
rasp1,48487,20261002-161933_clu_rasp14_pi4gb_r2,465,perf_20261002-161933_clu_rasp14_pi4gb_r2,2,109,1790957978197,0,1790958139038.067,687.495,12.918,1790958139739.979,Normal,0.931
rasp1,48487,20261002-161933_clu_rasp14_pi4gb_r2,466,perf_20261002-161933_clu_rasp14_pi4gb_r2,2,110,1790957978197,0,1790958139742.528,904.247,11.716,1790958140659.59,Normal,0.9689
rasp1,48487,20261002-161933_clu_rasp14_pi4gb_r2,471,perf_20261002-161933_clu_rasp14_pi4gb_r2,2,111,1790957978209,0,1790958140661.885,940.356,11.987,1790958141615.114,Normal,0.8189
rasp1,48487,20261002-161933_clu_rasp14_pi4gb_r2,474,perf_20261002-161933_clu_rasp14_pi4gb_r2,2,112,1790957978219,0,1790958141617.662,921.259,11.45,1790958142551.967,Normal,0.9303
rasp1,48487,20261002-161933_clu_rasp14_pi4gb_r2,476,perf_20261002-161933_clu_rasp14_pi4gb_r2,2,113,1790957978219,0,1790958142553.639,706.597,11.014,1790958143272.383,Normal,0.9239
rasp1,48487,20261002-161933_clu_rasp14_pi4gb_r2,482,perf_20261002-161933_clu_rasp14_pi4gb_r2,2,114,1790957978235,0,1790958143274.05,1302.131,15.297,1790958144592.395,Normal,0.9319
rasp1,48487,20261002-161933_clu_rasp14_pi4gb_r2,490,perf_20261002-161933_clu_rasp14_pi4gb_r2,2,115,1790957978238,0,1790958144599.1,931.932,17.874,1790958145549.537,Normal,0.8313
rasp1,48487,20261002-161933_clu_rasp14_pi4gb_r2,499,perf_20261002-161933_clu_rasp14_pi4gb_r2,2,116,1790957978240,0,1790958145551.092,1248.952,11.554,1790958146814.651,Normal,0.9378
rasp1,48487,20261002-161933_clu_rasp14_pi4gb_r2,504,perf_20261002-161933_clu_rasp14_pi4gb_r2,2,117,1790957978241,0,1790958146816.655,846.696,10.839,1790958147675.313,Normal,0.4319
rasp1,48487,20261002-161933_clu_rasp14_pi4gb_r2,511,perf_20261002-161933_clu_rasp14_pi4gb_r2,2,118,1790957978242,0,1790958147676.974,664.638,14.894,1790958148357.983,Normal,0.9509
rasp1,48487,20261002-161933_clu_rasp14_pi4gb_r2,519,perf_20261002-161933_clu_rasp14_pi4gb_r2,2,119,1790957978263,0,1790958148361.041,722.021,12.029,1790958149096.115,Normal,0.9589
rasp1,48487,20261002-161933_clu_rasp14_pi4gb_r2,528,perf_20261002-161933_clu_rasp14_pi4gb_r2,2,120,1790957978264,0,1790958149097.953,572.462,9.83,1790958149680.963,Normal,0.9375
rasp1,48487,20261002-161933_clu_rasp14_pi4gb_r2,532,perf_20261002-161933_clu_rasp14_pi4gb_r2,2,121,1790957978265,0,1790958149682.368,1138.744,10.259,1790958150832.107,Normal,0.9772
rasp1,48487,20261002-161933_clu_rasp14_pi4gb_r2,533,perf_20261002-161933_clu_rasp14_pi4gb_r2,2,122,1790957978265,0,1790958150833.786,889.758,13.616,1790958151738.013,Normal,0.9612
rasp1,48487,20261002-161933_clu_rasp14_pi4gb_r2,537,perf_20261002-161933_clu_rasp14_pi4gb_r2,2,123,1790957978266,0,1790958151740.114,1425.451,11.185,1790958153178.105,Normal,0.9659
rasp1,48487,20261002-161933_clu_rasp14_pi4gb_r2,539,perf_20261002-161933_clu_rasp14_pi4gb_r2,2,124,1790957978266,0,1790958153180.593,845.457,11.089,1790958154038.035,Normal,0.9345
rasp1,48487,20261002-161933_clu_rasp14_pi4gb_r2,547,perf_20261002-161933_clu_rasp14_pi4gb_r2,2,125,1790957978268,0,1790958154039.885,901.174,10.352,1790958154952.287,Normal,0.9733
rasp1,48487,20261002-161933_clu_rasp14_pi4gb_r2,548,perf_20261002-161933_clu_rasp14_pi4gb_r2,2,126,1790957978268,0,1790958154954.341,772.245,10.502,1790958155737.839,Normal,0.8177
rasp1,48487,20261002-161933_clu_rasp14_pi4gb_r2,560,perf_20261002-161933_clu_rasp14_pi4gb_r2,2,127,1790957978271,0,1790958155739.457,1330.079,9.792,1790958157080.179,Normal,0.9751
rasp1,48487,20261002-161933_clu_rasp14_pi4gb_r2,562,perf_20261002-161933_clu_rasp14_pi4gb_r2,2,128,1790957978271,0,1790958157082.523,1099.482,11.972,1790958158197.95,Normal,0.9601
rasp1,48487,20261002-161933_clu_rasp14_pi4gb_r2,564,perf_20261002-161933_clu_rasp14_pi4gb_r2,2,129,1790957978271,0,1790958158199.234,1696.287,12.384,1790958159908.682,Normal,0.9762
rasp1,48487,20261002-161933_clu_rasp14_pi4gb_r2,565,perf_20261002-161933_clu_rasp14_pi4gb_r2,2,130,1790957978272,0,1790958159913.324,1158.56,16.809,1790958161089.306,Normal,0.8109
rasp1,48487,20261002-161933_clu_rasp14_pi4gb_r2,567,perf_20261002-161933_clu_rasp14_pi4gb_r2,2,131,1790957978272,0,1790958161091.127,701.886,14.821,1790958161809.182,Normal,0.9597
rasp1,48487,20261002-161933_clu_rasp14_pi4gb_r2,568,perf_20261002-161933_clu_rasp14_pi4gb_r2,2,132,1790957978272,0,1790958161811.582,3027.393,9.944,1790958164849.923,Normal,0.9723
rasp1,48487,20261002-161933_clu_rasp14_pi4gb_r2,569,perf_20261002-161933_clu_rasp14_pi4gb_r2,2,133,1790957978272,0,1790958164851.444,770.038,10.781,1790958165632.971,Normal,0.8974
rasp1,48487,20261002-161933_clu_rasp14_pi4gb_r2,579,perf_20261002-161933_clu_rasp14_pi4gb_r2,2,134,1790957978276,0,1790958165634.453,653.941,10.646,1790958166299.806,Normal,0.8954
rasp1,48487,20261002-161933_clu_rasp14_pi4gb_r2,580,perf_20261002-161933_clu_rasp14_pi4gb_r2,2,135,1790957978276,0,1790958166301.639,692.69,12.704,1790958167008.094,Normal,0.9483
rasp1,48487,20261002-161933_clu_rasp14_pi4gb_r2,587,perf_20261002-161933_clu_rasp14_pi4gb_r2,2,136,1790957978277,0,1790958167009.644,1020.223,10.794,1790958168041.271,Normal,0.918
rasp1,48487,20261002-161933_clu_rasp14_pi4gb_r2,589,perf_20261002-161933_clu_rasp14_pi4gb_r2,2,137,1790957978278,0,1790958168043.602,541.333,8.625,1790958168594.119,Normal,0.9309
rasp1,48487,20261002-161933_clu_rasp14_pi4gb_r2,614,perf_20261002-161933_clu_rasp14_pi4gb_r2,2,138,1790957978283,0,1790958168595.884,679.675,8.766,1790958169284.941,Normal,0.9457
rasp1,48487,20261002-161933_clu_rasp14_pi4gb_r2,620,perf_20261002-161933_clu_rasp14_pi4gb_r2,2,139,1790957978284,0,1790958169286.931,850.292,10.722,1790958170149.1,Normal,0.9613
rasp1,48487,20261002-161933_clu_rasp14_pi4gb_r2,621,perf_20261002-161933_clu_rasp14_pi4gb_r2,2,140,1790957978284,0,1790958170151.212,602.418,9.699,1790958170764.342,Normal,0.8992
rasp1,48487,20261002-161933_clu_rasp14_pi4gb_r2,623,perf_20261002-161933_clu_rasp14_pi4gb_r2,2,141,1790957978285,0,1790958170765.903,625.285,11.343,1790958171403.347,Normal,0.9309
rasp1,48487,20261002-161933_clu_rasp14_pi4gb_r2,629,perf_20261002-161933_clu_rasp14_pi4gb_r2,2,142,1790957978286,0,1790958171404.75,928.49,14.806,1790958172348.948,Normal,0.6746
rasp1,48487,20261002-161933_clu_rasp14_pi4gb_r2,630,perf_20261002-161933_clu_rasp14_pi4gb_r2,2,143,1790957978286,0,1790958172351.018,752.761,19.866,1790958173124.261,Normal,0.6003
rasp1,48487,20261002-161933_clu_rasp14_pi4gb_r2,634,perf_20261002-161933_clu_rasp14_pi4gb_r2,2,144,1790957978286,0,1790958173126.378,1060.922,18.111,1790958174206.119,Normal,0.9415
rasp1,48487,20261002-161933_clu_rasp14_pi4gb_r2,636,perf_20261002-161933_clu_rasp14_pi4gb_r2,2,145,1790957978287,0,1790958174209.638,1001.162,9.331,1790958175220.839,Normal,0.8753
rasp1,48487,20261002-161933_clu_rasp14_pi4gb_r2,638,perf_20261002-161933_clu_rasp14_pi4gb_r2,2,146,1790957978287,0,1790958175222.145,1850.427,11.671,1790958177085.168,Normal,0.932
rasp1,48487,20261002-161933_clu_rasp14_pi4gb_r2,643,perf_20261002-161933_clu_rasp14_pi4gb_r2,2,147,1790957978287,0,1790958177088.211,885.919,11.607,1790958177986.533,Normal,0.858
rasp1,48487,20261002-161933_clu_rasp14_pi4gb_r2,647,perf_20261002-161933_clu_rasp14_pi4gb_r2,2,148,1790957978288,0,1790958177988.257,1558.135,9.989,1790958179557.166,Normal,0.9262
rasp1,48487,20261002-161933_clu_rasp14_pi4gb_r2,648,perf_20261002-161933_clu_rasp14_pi4gb_r2,2,149,1790957978288,0,1790958179559.198,747.672,9.531,1790958180317.007,Normal,0.9608
rasp1,48487,20261002-161933_clu_rasp14_pi4gb_r2,650,perf_20261002-161933_clu_rasp14_pi4gb_r2,2,150,1790957978288,0,1790958180318.691,1072.688,9.721,1790958181402.058,Normal,0.9434
rasp1,48487,20261002-161933_clu_rasp14_pi4gb_r2,652,perf_20261002-161933_clu_rasp14_pi4gb_r2,2,151,1790957978288,0,1790958181403.458,544.843,9.699,1790958181959.032,Normal,0.936
rasp1,48487,20261002-161933_clu_rasp14_pi4gb_r2,655,perf_20261002-161933_clu_rasp14_pi4gb_r2,2,152,1790957978288,0,1790958181960.497,644.348,10.021,1790958182615.582,Normal,0.8426
rasp1,48487,20261002-161933_clu_rasp14_pi4gb_r2,657,perf_20261002-161933_clu_rasp14_pi4gb_r2,2,153,1790957978288,0,1790958182617.35,911.226,12.096,1790958183542.157,OFFENSIVE,0.926
rasp1,48487,20261002-161933_clu_rasp14_pi4gb_r2,658,perf_20261002-161933_clu_rasp14_pi4gb_r2,2,154,1790957978289,0,1790958183543.602,584.692,10.24,1790958184139.525,Normal,0.9375
rasp1,48487,20261002-161933_clu_rasp14_pi4gb_r2,659,perf_20261002-161933_clu_rasp14_pi4gb_r2,2,155,1790957978289,0,1790958184140.932,930.29,12.13,1790958185084.027,Normal,0.9521
rasp1,48487,20261002-161933_clu_rasp14_pi4gb_r2,661,perf_20261002-161933_clu_rasp14_pi4gb_r2,2,156,1790957978289,0,1790958185086.129,638.596,16.861,1790958185742.406,Normal,0.9544
rasp1,48487,20261002-161933_clu_rasp14_pi4gb_r2,666,perf_20261002-161933_clu_rasp14_pi4gb_r2,2,157,1790957978289,0,1790958185747.347,685.722,9.911,1790958186443.848,Normal,0.9423
rasp1,48487,20261002-161933_clu_rasp14_pi4gb_r2,674,perf_20261002-161933_clu_rasp14_pi4gb_r2,2,158,1790957978315,0,1790958186445.848,1258.133,12.895,1790958187717.473,Normal,0.965
rasp1,48487,20261002-161933_clu_rasp14_pi4gb_r2,680,perf_20261002-161933_clu_rasp14_pi4gb_r2,2,159,1790957978316,0,1790958187724.908,840.485,12.072,1790958188578.365,Normal,0.9423
rasp1,48487,20261002-161933_clu_rasp14_pi4gb_r2,682,perf_20261002-161933_clu_rasp14_pi4gb_r2,2,160,1790957978316,0,1790958188580.168,706.91,21.119,1790958189309.116,Normal,0.8661
rasp1,48487,20261002-161933_clu_rasp14_pi4gb_r2,687,perf_20261002-161933_clu_rasp14_pi4gb_r2,2,161,1790957978333,0,1790958189321.216,774.807,11.569,1790958190108.503,Normal,0.8661
rasp1,48487,20261002-161933_clu_rasp14_pi4gb_r2,695,perf_20261002-161933_clu_rasp14_pi4gb_r2,2,162,1790957978337,0,1790958190110.302,645.744,8.161,1790958190764.808,Normal,0.9465
rasp1,48487,20261002-161933_clu_rasp14_pi4gb_r2,697,perf_20261002-161933_clu_rasp14_pi4gb_r2,2,163,1790957978338,0,1790958190766.124,924.969,10.788,1790958191702.864,Normal,0.9333
rasp1,48487,20261002-161933_clu_rasp14_pi4gb_r2,701,perf_20261002-161933_clu_rasp14_pi4gb_r2,2,164,1790957978339,0,1790958191704.468,707.834,9.523,1790958192422.556,Normal,0.9504
rasp1,48487,20261002-161933_clu_rasp14_pi4gb_r2,703,perf_20261002-161933_clu_rasp14_pi4gb_r2,2,165,1790957978339,0,1790958192423.987,595.315,9.994,1790958193030.193,Normal,0.9475
rasp1,48487,20261002-161933_clu_rasp14_pi4gb_r2,709,perf_20261002-161933_clu_rasp14_pi4gb_r2,2,166,1790957978340,0,1790958193031.634,845.512,12.126,1790958193890.305,Normal,0.9246
rasp1,48487,20261002-161933_clu_rasp14_pi4gb_r2,714,perf_20261002-161933_clu_rasp14_pi4gb_r2,2,167,1790957978341,0,1790958193892.115,2436.077,10.87,1790958196340.088,Normal,0.9766
rasp1,48487,20261002-161933_clu_rasp14_pi4gb_r2,717,perf_20261002-161933_clu_rasp14_pi4gb_r2,2,168,1790957978342,0,1790958196341.586,1285.376,10.463,1790958197638.321,Normal,0.9559
rasp1,48487,20261002-161933_clu_rasp14_pi4gb_r2,719,perf_20261002-161933_clu_rasp14_pi4gb_r2,2,169,1790957978342,0,1790958197641.306,544.966,8.965,1790958198196.166,Normal,0.9364
rasp1,48487,20261002-161933_clu_rasp14_pi4gb_r2,721,perf_20261002-161933_clu_rasp14_pi4gb_r2,2,170,1790957978343,0,1790958198197.498,515.4,9.293,1790958198722.805,Normal,0.9224
rasp1,48487,20261002-161933_clu_rasp14_pi4gb_r2,724,perf_20261002-161933_clu_rasp14_pi4gb_r2,2,171,1790957978344,0,1790958198724.051,3105.582,10.116,1790958201840.508,Normal,0.9772
rasp1,48487,20261002-161933_clu_rasp14_pi4gb_r2,725,perf_20261002-161933_clu_rasp14_pi4gb_r2,2,172,1790957978344,0,1790958201841.952,914.084,15.537,1790958202772.309,Normal,0.9369
rasp1,48487,20261002-161933_clu_rasp14_pi4gb_r2,733,perf_20261002-161933_clu_rasp14_pi4gb_r2,2,173,1790957978345,0,1790958202777.904,633.625,12.395,1790958203427.258,Normal,0.9375
rasp1,48487,20261002-161933_clu_rasp14_pi4gb_r2,734,perf_20261002-161933_clu_rasp14_pi4gb_r2,2,174,1790957978346,0,1790958203428.875,1449.94,10.289,1790958204889.792,Normal,0.9378
rasp1,48487,20261002-161933_clu_rasp14_pi4gb_r2,747,perf_20261002-161933_clu_rasp14_pi4gb_r2,2,175,1790957978348,0,1790958204891.646,2056.231,11.351,1790958206960.557,Normal,0.9704
rasp1,48487,20261002-161933_clu_rasp14_pi4gb_r2,756,perf_20261002-161933_clu_rasp14_pi4gb_r2,2,176,1790957978350,0,1790958206962.003,709.243,10.443,1790958207682.552,Normal,0.9048
rasp1,48487,20261002-161933_clu_rasp14_pi4gb_r2,760,perf_20261002-161933_clu_rasp14_pi4gb_r2,2,177,1790957978351,0,1790958207684.278,900.298,9.28,1790958208594.849,Normal,0.942
rasp1,48487,20261002-161933_clu_rasp14_pi4gb_r2,762,perf_20261002-161933_clu_rasp14_pi4gb_r2,2,178,1790957978351,0,1790958208596.231,565.149,11.071,1790958209173.333,Normal,0.9375
rasp1,48487,20261002-161933_clu_rasp14_pi4gb_r2,764,perf_20261002-161933_clu_rasp14_pi4gb_r2,2,179,1790957978351,0,1790958209175.312,921.854,11.383,1790958210109.638,Normal,0.9611
rasp1,48487,20261002-161933_clu_rasp14_pi4gb_r2,773,perf_20261002-161933_clu_rasp14_pi4gb_r2,2,180,1790957978368,0,1790958210111.302,637.679,12.699,1790958210762.624,Normal,0.9375
rasp1,48487,20261002-161933_clu_rasp14_pi4gb_r2,778,perf_20261002-161933_clu_rasp14_pi4gb_r2,2,181,1790957978375,0,1790958210764.572,869.294,10.637,1790958211645.497,Normal,0.9591
rasp1,48487,20261002-161933_clu_rasp14_pi4gb_r2,782,perf_20261002-161933_clu_rasp14_pi4gb_r2,2,182,1790957978375,0,1790958211647.161,907.432,10.958,1790958212566.275,Normal,0.9525
rasp1,48487,20261002-161933_clu_rasp14_pi4gb_r2,790,perf_20261002-161933_clu_rasp14_pi4gb_r2,2,183,1790957978377,0,1790958212568.668,1622.766,11.781,1790958214203.951,Normal,0.9464
rasp1,48487,20261002-161933_clu_rasp14_pi4gb_r2,794,perf_20261002-161933_clu_rasp14_pi4gb_r2,2,184,1790957978378,0,1790958214208.453,1361.744,19.175,1790958215590.256,Normal,0.9711
rasp1,48487,20261002-161933_clu_rasp14_pi4gb_r2,797,perf_20261002-161933_clu_rasp14_pi4gb_r2,2,185,1790957978378,0,1790958215598.058,731.109,22.148,1790958216352.115,Normal,0.9192
rasp1,48487,20261002-161933_clu_rasp14_pi4gb_r2,803,perf_20261002-161933_clu_rasp14_pi4gb_r2,2,186,1790957978379,0,1790958216353.893,1507.71,13.493,1790958217876.392,Normal,0.9485
rasp1,48487,20261002-161933_clu_rasp14_pi4gb_r2,807,perf_20261002-161933_clu_rasp14_pi4gb_r2,2,187,1790957978381,0,1790958217878.898,1147.707,10.86,1790958219038.192,Normal,0.9427
rasp1,48487,20261002-161933_clu_rasp14_pi4gb_r2,812,perf_20261002-161933_clu_rasp14_pi4gb_r2,2,188,1790957978382,0,1790958219040.39,1680.136,11.911,1790958220733.614,Normal,0.94
rasp1,48487,20261002-161933_clu_rasp14_pi4gb_r2,813,perf_20261002-161933_clu_rasp14_pi4gb_r2,2,189,1790957978382,0,1790958220735.372,1480.806,9.489,1790958222226.36,Normal,0.7331
rasp1,48487,20261002-161933_clu_rasp14_pi4gb_r2,823,perf_20261002-161933_clu_rasp14_pi4gb_r2,2,190,1790957978384,0,1790958222228.237,553.666,10.317,1790958222792.834,Normal,0.9475
rasp1,48487,20261002-161933_clu_rasp14_pi4gb_r2,829,perf_20261002-161933_clu_rasp14_pi4gb_r2,2,191,1790957978385,0,1790958222794.612,642.707,9.415,1790958223447.406,Normal,0.9556
rasp1,48487,20261002-161933_clu_rasp14_pi4gb_r2,830,perf_20261002-161933_clu_rasp14_pi4gb_r2,2,192,1790957978386,0,1790958223449.062,683.933,13.0,1790958224147.411,Normal,0.9513
rasp1,48487,20261002-161933_clu_rasp14_pi4gb_r2,832,perf_20261002-161933_clu_rasp14_pi4gb_r2,2,193,1790957978386,0,1790958224149.042,919.105,9.285,1790958225078.161,Normal,0.8724
rasp1,48487,20261002-161933_clu_rasp14_pi4gb_r2,833,perf_20261002-161933_clu_rasp14_pi4gb_r2,2,194,1790957978386,0,1790958225079.926,990.079,11.558,1790958226082.976,Normal,0.9718
rasp1,48487,20261002-161933_clu_rasp14_pi4gb_r2,836,perf_20261002-161933_clu_rasp14_pi4gb_r2,2,195,1790957978387,0,1790958226084.471,810.467,13.029,1790958226909.41,Normal,0.9501
rasp1,48487,20261002-161933_clu_rasp14_pi4gb_r2,839,perf_20261002-161933_clu_rasp14_pi4gb_r2,2,196,1790957978387,0,1790958226911.36,658.042,11.292,1790958227581.572,Normal,0.9119
rasp1,48487,20261002-161933_clu_rasp14_pi4gb_r2,840,perf_20261002-161933_clu_rasp14_pi4gb_r2,2,197,1790957978388,0,1790958227585.525,1564.72,8.894,1790958229159.887,Normal,0.9144
rasp1,48487,20261002-161933_clu_rasp14_pi4gb_r2,841,perf_20261002-161933_clu_rasp14_pi4gb_r2,2,198,1790957978388,0,1790958229164.343,868.819,13.758,1790958230047.61,Normal,0.9643
rasp1,48487,20261002-161933_clu_rasp14_pi4gb_r2,842,perf_20261002-161933_clu_rasp14_pi4gb_r2,2,199,1790957978388,0,1790958230054.845,891.458,13.806,1790958230960.854,Normal,0.9313
rasp1,48487,20261002-161933_clu_rasp14_pi4gb_r2,845,perf_20261002-161933_clu_rasp14_pi4gb_r2,2,200,1790957978388,0,1790958230962.605,1151.497,9.758,1790958232124.604,Normal,0.4952
rasp1,48487,20261002-161933_clu_rasp14_pi4gb_r2,847,perf_20261002-161933_clu_rasp14_pi4gb_r2,2,201,1790957978389,0,1790958232126.11,676.9,10.451,1790958232814.219,Normal,0.8808
rasp1,48487,20261002-161933_clu_rasp14_pi4gb_r2,848,perf_20261002-161933_clu_rasp14_pi4gb_r2,2,202,1790957978389,0,1790958232816.44,1162.956,11.477,1790958233991.797,Normal,0.9009
rasp1,48487,20261002-161933_clu_rasp14_pi4gb_r2,874,perf_20261002-161933_clu_rasp14_pi4gb_r2,2,203,1790957978394,0,1790958233993.875,1870.646,20.562,1790958235885.91,Normal,0.9319
rasp1,48487,20261002-161933_clu_rasp14_pi4gb_r2,880,perf_20261002-161933_clu_rasp14_pi4gb_r2,2,204,1790957978396,0,1790958235887.955,580.132,11.303,1790958236480.135,Normal,0.8412
rasp1,48487,20261002-161933_clu_rasp14_pi4gb_r2,882,perf_20261002-161933_clu_rasp14_pi4gb_r2,2,205,1790957978396,0,1790958236481.848,1020.136,10.725,1790958237513.363,Normal,0.946
rasp1,48487,20261002-161933_clu_rasp14_pi4gb_r2,886,perf_20261002-161933_clu_rasp14_pi4gb_r2,2,206,1790957978397,0,1790958237515.497,1011.652,14.6,1790958238543.051,Normal,0.9649
rasp1,48487,20261002-161933_clu_rasp14_pi4gb_r2,894,perf_20261002-161933_clu_rasp14_pi4gb_r2,2,207,1790957978399,0,1790958238545.599,865.653,9.739,1790958239421.784,Normal,0.7975
rasp1,48487,20261002-161933_clu_rasp14_pi4gb_r2,897,perf_20261002-161933_clu_rasp14_pi4gb_r2,2,208,1790957978399,0,1790958239423.396,656.089,10.202,1790958240090.578,Normal,0.939
rasp1,48487,20261002-161933_clu_rasp14_pi4gb_r2,900,perf_20261002-161933_clu_rasp14_pi4gb_r2,2,209,1790957978400,0,1790958240092.289,1384.11,12.143,1790958241494.278,Normal,0.9649
rasp1,48487,20261002-161933_clu_rasp14_pi4gb_r2,910,perf_20261002-161933_clu_rasp14_pi4gb_r2,2,210,1790957978402,0,1790958241499.938,695.027,10.978,1790958242207.061,Normal,0.9224
rasp1,48487,20261002-161933_clu_rasp14_pi4gb_r2,912,perf_20261002-161933_clu_rasp14_pi4gb_r2,2,211,1790957978402,0,1790958242211.181,1189.771,16.252,1790958243418.099,Normal,0.9126
rasp1,48487,20261002-161933_clu_rasp14_pi4gb_r2,913,perf_20261002-161933_clu_rasp14_pi4gb_r2,2,212,1790957978403,0,1790958243419.942,751.601,10.37,1790958244182.975,Normal,0.9618
rasp1,48487,20261002-161933_clu_rasp14_pi4gb_r2,914,perf_20261002-161933_clu_rasp14_pi4gb_r2,2,213,1790957978403,0,1790958244184.474,620.058,12.252,1790958244817.467,Normal,0.9514
rasp1,48487,20261002-161933_clu_rasp14_pi4gb_r2,916,perf_20261002-161933_clu_rasp14_pi4gb_r2,2,214,1790957978404,0,1790958244822.317,1373.056,10.89,1790958246207.146,Normal,0.9117
rasp1,48487,20261002-161933_clu_rasp14_pi4gb_r2,921,perf_20261002-161933_clu_rasp14_pi4gb_r2,2,215,1790957978405,0,1790958246209.876,1557.049,9.415,1790958247777.026,Normal,0.9747
rasp1,48487,20261002-161933_clu_rasp14_pi4gb_r2,923,perf_20261002-161933_clu_rasp14_pi4gb_r2,2,216,1790957978405,0,1790958247778.521,1820.26,10.638,1790958249610.119,Normal,0.9544
rasp1,48487,20261002-161933_clu_rasp14_pi4gb_r2,924,perf_20261002-161933_clu_rasp14_pi4gb_r2,2,217,1790957978405,0,1790958249611.674,1517.597,16.57,1790958251147.187,Normal,0.9706
rasp1,48487,20261002-161933_clu_rasp14_pi4gb_r2,927,perf_20261002-161933_clu_rasp14_pi4gb_r2,2,218,1790957978406,0,1790958251148.825,989.478,9.262,1790958252148.428,Normal,0.974
rasp1,48487,20261002-161933_clu_rasp14_pi4gb_r2,935,perf_20261002-161933_clu_rasp14_pi4gb_r2,2,219,1790957978406,0,1790958252149.787,584.729,9.112,1790958252744.325,Normal,0.9494
rasp1,48487,20261002-161933_clu_rasp14_pi4gb_r2,939,perf_20261002-161933_clu_rasp14_pi4gb_r2,2,220,1790957978407,0,1790958252745.99,550.517,9.938,1790958253307.145,Normal,0.9375
rasp1,48487,20261002-161933_clu_rasp14_pi4gb_r2,946,perf_20261002-161933_clu_rasp14_pi4gb_r2,2,221,1790957978407,0,1790958253308.81,629.843,11.696,1790958253951.178,OFFENSIVE,0.7203
rasp1,48487,20261002-161933_clu_rasp14_pi4gb_r2,947,perf_20261002-161933_clu_rasp14_pi4gb_r2,2,222,1790957978407,0,1790958253953.084,1042.498,9.462,1790958255005.868,Normal,0.9314
rasp1,48487,20261002-161933_clu_rasp14_pi4gb_r2,948,perf_20261002-161933_clu_rasp14_pi4gb_r2,2,223,1790957978407,0,1790958255007.142,924.319,12.649,1790958255944.804,Normal,0.9546
rasp1,48487,20261002-161933_clu_rasp14_pi4gb_r2,950,perf_20261002-161933_clu_rasp14_pi4gb_r2,2,224,1790957978408,0,1790958255950.405,765.954,14.925,1790958256731.987,Normal,0.9541
rasp1,48487,20261002-161933_clu_rasp14_pi4gb_r2,960,perf_20261002-161933_clu_rasp14_pi4gb_r2,2,225,1790957978409,0,1790958256735.984,663.913,14.588,1790958257415.127,Normal,0.8412
rasp1,48487,20261002-161933_clu_rasp14_pi4gb_r2,965,perf_20261002-161933_clu_rasp14_pi4gb_r2,2,226,1790957978410,0,1790958257422.833,910.466,13.235,1790958258347.4,Normal,0.9563
rasp1,48487,20261002-161933_clu_rasp14_pi4gb_r2,966,perf_20261002-161933_clu_rasp14_pi4gb_r2,2,227,1790957978410,0,1790958258352.169,1516.077,10.298,1790958259879.684,Normal,0.971
rasp1,48487,20261002-161933_clu_rasp14_pi4gb_r2,976,perf_20261002-161933_clu_rasp14_pi4gb_r2,2,228,1790957978411,0,1790958259881.015,779.241,9.216,1790958260670.176,Normal,0.9522
rasp1,48487,20261002-161933_clu_rasp14_pi4gb_r2,978,perf_20261002-161933_clu_rasp14_pi4gb_r2,2,229,1790957978411,0,1790958260671.836,5858.281,10.285,1790958266541.292,Normal,0.9685
rasp1,48487,20261002-161933_clu_rasp14_pi4gb_r2,979,perf_20261002-161933_clu_rasp14_pi4gb_r2,2,230,1790957978411,0,1790958266543.191,918.071,11.176,1790958267514.448,Normal,0.9626
rasp1,48487,20261002-161933_clu_rasp14_pi4gb_r2,981,perf_20261002-161933_clu_rasp14_pi4gb_r2,2,231,1790957978411,0,1790958267515.926,672.613,9.325,1790958268198.759,Normal,0.9492
rasp1,48487,20261002-161933_clu_rasp14_pi4gb_r2,982,perf_20261002-161933_clu_rasp14_pi4gb_r2,2,232,1790957978411,0,1790958268200.147,1547.855,13.98,1790958269763.048,Normal,0.9784
rasp1,48487,20261002-161933_clu_rasp14_pi4gb_r2,986,perf_20261002-161933_clu_rasp14_pi4gb_r2,2,233,1790957978412,0,1790958269764.551,1261.282,10.189,1790958271036.633,Normal,0.9361
rasp1,48487,20261002-161933_clu_rasp14_pi4gb_r2,997,perf_20261002-161933_clu_rasp14_pi4gb_r2,2,234,1790957978413,0,1790958271042.294,876.149,17.666,1790958271936.867,Normal,0.9554
rasp1,48487,20261002-161933_clu_rasp14_pi4gb_r2,998,perf_20261002-161933_clu_rasp14_pi4gb_r2,2,235,1790957978413,0,1790958271943.239,789.962,9.753,1790958272744.2,Normal,0.9192
rasp1,48487,20261002-161933_clu_rasp14_pi4gb_r2,1000,perf_20261002-161933_clu_rasp14_pi4gb_r2,2,236,1790957978413,0,1790958272751.572,1052.594,13.039,1790958273817.966,Normal,0.9164
rasp1,48487,20261002-161933_clu_rasp14_pi4gb_r2,1010,perf_20261002-161933_clu_rasp14_pi4gb_r2,2,237,1790957978414,0,1790958273820.289,1014.298,10.887,1790958274846.345,Normal,0.8504
rasp1,48487,20261002-161933_clu_rasp14_pi4gb_r2,1013,perf_20261002-161933_clu_rasp14_pi4gb_r2,2,238,1790957978414,0,1790958274848.434,700.109,10.779,1790958275560.88,Normal,0.9531
rasp1,48487,20261002-161933_clu_rasp14_pi4gb_r2,1018,perf_20261002-161933_clu_rasp14_pi4gb_r2,2,239,1790957978415,0,1790958275562.322,655.28,10.113,1790958276228.424,Normal,0.9345
rasp1,48487,20261002-161933_clu_rasp14_pi4gb_r2,1019,perf_20261002-161933_clu_rasp14_pi4gb_r2,2,240,1790957978415,0,1790958276229.867,967.37,10.993,1790958277209.287,Normal,0.9352
rasp1,48487,20261002-161933_clu_rasp14_pi4gb_r2,1022,perf_20261002-161933_clu_rasp14_pi4gb_r2,2,241,1790957978415,0,1790958277212.239,636.062,9.323,1790958277858.546,Normal,0.8738
rasp1,48487,20261002-161933_clu_rasp14_pi4gb_r2,1028,perf_20261002-161933_clu_rasp14_pi4gb_r2,2,242,1790957978416,0,1790958277860.08,798.547,11.506,1790958278671.169,Normal,0.6456
rasp1,48487,20261002-161933_clu_rasp14_pi4gb_r2,1029,perf_20261002-161933_clu_rasp14_pi4gb_r2,2,243,1790957978416,0,1790958278673.308,753.609,10.525,1790958279438.947,Normal,0.9266
rasp1,48487,20261002-161933_clu_rasp14_pi4gb_r2,1030,perf_20261002-161933_clu_rasp14_pi4gb_r2,2,244,1790957978416,0,1790958279441.17,990.999,11.699,1790958280444.944,Normal,0.9665
rasp1,48487,20261002-161933_clu_rasp14_pi4gb_r2,1032,perf_20261002-161933_clu_rasp14_pi4gb_r2,2,245,1790957978416,0,1790958280446.351,3885.425,10.633,1790958284343.679,Normal,0.9601
rasp1,48487,20261002-161933_clu_rasp14_pi4gb_r2,1034,perf_20261002-161933_clu_rasp14_pi4gb_r2,2,246,1790957978416,0,1790958284347.785,769.281,10.737,1790958285128.444,Normal,0.4554
rasp1,48487,20261002-161933_clu_rasp14_pi4gb_r2,1037,perf_20261002-161933_clu_rasp14_pi4gb_r2,2,247,1790957978416,0,1790958285136.834,885.675,11.357,1790958286034.69,Normal,0.9658
rasp1,48487,20261002-161933_clu_rasp14_pi4gb_r2,1041,perf_20261002-161933_clu_rasp14_pi4gb_r2,2,248,1790957978417,0,1790958286042.248,1049.355,10.792,1790958287103.134,Normal,0.9584
rasp1,48487,20261002-161933_clu_rasp14_pi4gb_r2,1048,perf_20261002-161933_clu_rasp14_pi4gb_r2,2,249,1790957978417,0,1790958287105.593,625.683,9.694,1790958287741.752,Normal,0.9627
rasp1,48487,20261002-161933_clu_rasp14_pi4gb_r2,1057,perf_20261002-161933_clu_rasp14_pi4gb_r2,2,250,1790957978418,0,1790958287743.204,2361.761,10.411,1790958290116.246,Normal,0.9466
rasp1,48487,20261002-161933_clu_rasp14_pi4gb_r2,1060,perf_20261002-161933_clu_rasp14_pi4gb_r2,2,251,1790957978418,0,1790958290118.044,677.719,14.93,1790958290812.094,Normal,0.7933
rasp1,48487,20261002-161933_clu_rasp14_pi4gb_r2,1065,perf_20261002-161933_clu_rasp14_pi4gb_r2,2,252,1790957978419,0,1790958290814.802,878.03,10.633,1790958291704.173,Normal,0.9084
rasp1,48487,20261002-161933_clu_rasp14_pi4gb_r2,1067,perf_20261002-161933_clu_rasp14_pi4gb_r2,2,253,1790957978419,0,1790958291706.924,2450.246,10.875,1790958294168.802,Normal,0.9724
rasp1,48487,20261002-161933_clu_rasp14_pi4gb_r2,1068,perf_20261002-161933_clu_rasp14_pi4gb_r2,2,254,1790957978419,0,1790958294170.823,1054.6,11.296,1790958295237.535,Normal,0.9592
rasp1,48487,20261002-161933_clu_rasp14_pi4gb_r2,1070,perf_20261002-161933_clu_rasp14_pi4gb_r2,2,255,1790957978419,0,1790958295239.242,724.324,10.076,1790958295974.391,Normal,0.9728
rasp1,48487,20261002-161933_clu_rasp14_pi4gb_r2,1071,perf_20261002-161933_clu_rasp14_pi4gb_r2,2,256,1790957978419,0,1790958295977.57,860.157,25.054,1790958296863.446,Normal,0.881
rasp1,48487,20261002-161933_clu_rasp14_pi4gb_r2,1072,perf_20261002-161933_clu_rasp14_pi4gb_r2,2,257,1790957978419,0,1790958296865.282,1306.457,18.768,1790958298191.265,Normal,0.6321
rasp1,48487,20261002-161933_clu_rasp14_pi4gb_r2,1073,perf_20261002-161933_clu_rasp14_pi4gb_r2,2,258,1790957978419,0,1790958298198.149,674.878,9.747,1790958298883.567,Normal,0.9375
rasp1,48487,20261002-161933_clu_rasp14_pi4gb_r2,1074,perf_20261002-161933_clu_rasp14_pi4gb_r2,2,259,1790957978419,0,1790958298885.19,1311.935,11.431,1790958300209.478,OFFENSIVE,0.6502
rasp1,48487,20261002-161933_clu_rasp14_pi4gb_r2,1081,perf_20261002-161933_clu_rasp14_pi4gb_r2,2,260,1790957978420,0,1790958300224.76,1348.173,13.557,1790958301587.126,Normal,0.9409
rasp1,48487,20261002-161933_clu_rasp14_pi4gb_r2,1083,perf_20261002-161933_clu_rasp14_pi4gb_r2,2,261,1790957978420,0,1790958301591.673,867.285,10.536,1790958302470.205,Normal,0.9575
rasp1,48487,20261002-161933_clu_rasp14_pi4gb_r2,1088,perf_20261002-161933_clu_rasp14_pi4gb_r2,2,262,1790957978421,0,1790958302471.577,1179.637,16.416,1790958303669.566,Normal,0.9424
rasp1,48487,20261002-161933_clu_rasp14_pi4gb_r2,1097,perf_20261002-161933_clu_rasp14_pi4gb_r2,2,263,1790957978422,0,1790958303672.957,863.048,10.034,1790958304546.892,Normal,0.9654
rasp1,48487,20261002-161933_clu_rasp14_pi4gb_r2,1099,perf_20261002-161933_clu_rasp14_pi4gb_r2,2,264,1790957978422,0,1790958304548.282,1520.579,9.754,1790958306079.31,Normal,0.9351
rasp1,48487,20261002-161933_clu_rasp14_pi4gb_r2,1105,perf_20261002-161933_clu_rasp14_pi4gb_r2,2,265,1790957978422,0,1790958306080.786,787.728,9.875,1790958306879.149,Normal,0.951
rasp1,48487,20261002-161933_clu_rasp14_pi4gb_r2,1109,perf_20261002-161933_clu_rasp14_pi4gb_r2,2,266,1790957978423,0,1790958306880.614,811.136,10.011,1790958307702.472,Normal,0.9257
rasp1,48487,20261002-161933_clu_rasp14_pi4gb_r2,1110,perf_20261002-161933_clu_rasp14_pi4gb_r2,2,267,1790957978423,0,1790958307704.198,853.916,9.273,1790958308568.126,Normal,0.8559
rasp1,48487,20261002-161933_clu_rasp14_pi4gb_r2,1113,perf_20261002-161933_clu_rasp14_pi4gb_r2,2,268,1790957978423,0,1790958308569.532,580.251,10.167,1790958309160.559,Normal,0.9694
rasp1,48487,20261002-161933_clu_rasp14_pi4gb_r2,1119,perf_20261002-161933_clu_rasp14_pi4gb_r2,2,269,1790957978423,0,1790958309162.188,834.896,9.328,1790958310007.118,Normal,0.9721
rasp1,48487,20261002-161933_clu_rasp14_pi4gb_r2,1120,perf_20261002-161933_clu_rasp14_pi4gb_r2,2,270,1790957978423,0,1790958310008.438,567.935,9.959,1790958310587.026,Normal,0.9608
rasp1,48487,20261002-161933_clu_rasp14_pi4gb_r2,1123,perf_20261002-161933_clu_rasp14_pi4gb_r2,2,271,1790957978424,0,1790958310588.402,695.881,10.147,1790958311295.399,Normal,0.957
rasp1,48487,20261002-161933_clu_rasp14_pi4gb_r2,1128,perf_20261002-161933_clu_rasp14_pi4gb_r2,2,272,1790957978424,0,1790958311296.821,2273.066,13.402,1790958313584.179,Normal,0.968
rasp1,48487,20261002-161933_clu_rasp14_pi4gb_r2,1132,perf_20261002-161933_clu_rasp14_pi4gb_r2,2,273,1790957978424,0,1790958313586.551,1109.42,13.412,1790958314710.579,Normal,0.9555
rasp1,48487,20261002-161933_clu_rasp14_pi4gb_r2,1134,perf_20261002-161933_clu_rasp14_pi4gb_r2,2,274,1790957978425,0,1790958314713.608,870.46,9.482,1790958315594.39,Normal,0.9473
rasp1,48487,20261002-161933_clu_rasp14_pi4gb_r2,1136,perf_20261002-161933_clu_rasp14_pi4gb_r2,2,275,1790957978425,0,1790958315596.12,566.294,10.758,1790958316173.948,Normal,0.9561
rasp1,48487,20261002-161933_clu_rasp14_pi4gb_r2,1137,perf_20261002-161933_clu_rasp14_pi4gb_r2,2,276,1790957978427,0,1790958316175.744,580.644,10.828,1790958316768.111,Normal,0.9473
rasp1,48487,20261002-161933_clu_rasp14_pi4gb_r2,1138,perf_20261002-161933_clu_rasp14_pi4gb_r2,2,277,1790957978427,0,1790958316769.987,788.219,9.016,1790958317567.907,Normal,0.9413
rasp1,48487,20261002-161933_clu_rasp14_pi4gb_r2,1141,perf_20261002-161933_clu_rasp14_pi4gb_r2,2,278,1790957978427,0,1790958317569.686,623.099,10.636,1790958318204.21,Normal,0.9405
rasp1,48487,20261002-161933_clu_rasp14_pi4gb_r2,1145,perf_20261002-161933_clu_rasp14_pi4gb_r2,2,279,1790957978428,0,1790958318205.992,719.397,10.545,1790958318936.668,Normal,0.9711
rasp1,48487,20261002-161933_clu_rasp14_pi4gb_r2,1147,perf_20261002-161933_clu_rasp14_pi4gb_r2,2,280,1790957978428,0,1790958318938.791,694.2,16.16,1790958319650.653,Normal,0.9096
rasp1,48487,20261002-161933_clu_rasp14_pi4gb_r2,1152,perf_20261002-161933_clu_rasp14_pi4gb_r2,2,281,1790957978428,0,1790958319653.125,904.243,14.635,1790958320573.168,Normal,0.9568
rasp1,48487,20261002-161933_clu_rasp14_pi4gb_r2,1159,perf_20261002-161933_clu_rasp14_pi4gb_r2,2,282,1790957978429,0,1790958320575.885,691.594,13.758,1790958321282.569,Normal,0.9627
rasp1,48487,20261002-161933_clu_rasp14_pi4gb_r2,1162,perf_20261002-161933_clu_rasp14_pi4gb_r2,2,283,1790957978429,0,1790958321285.253,2060.501,9.844,1790958323356.654,Normal,0.9411
rasp1,48487,20261002-161933_clu_rasp14_pi4gb_r2,1172,perf_20261002-161933_clu_rasp14_pi4gb_r2,2,284,1790957978430,0,1790958323357.919,596.516,10.048,1790958323965.309,Normal,0.86
rasp1,48487,20261002-161933_clu_rasp14_pi4gb_r2,1174,perf_20261002-161933_clu_rasp14_pi4gb_r2,2,285,1790957978430,0,1790958323966.776,759.657,21.128,1790958324750.097,Normal,0.9368
rasp1,48487,20261002-161933_clu_rasp14_pi4gb_r2,1180,perf_20261002-161933_clu_rasp14_pi4gb_r2,2,286,1790957978431,0,1790958324751.596,1900.519,10.096,1790958326663.034,Normal,0.968
rasp1,48487,20261002-161933_clu_rasp14_pi4gb_r2,1183,perf_20261002-161933_clu_rasp14_pi4gb_r2,2,287,1790957978431,0,1790958326667.565,1216.531,9.684,1790958327894.335,Normal,0.4246
rasp1,48487,20261002-161933_clu_rasp14_pi4gb_r2,1184,perf_20261002-161933_clu_rasp14_pi4gb_r2,2,288,1790957978431,0,1790958327900.782,794.77,27.133,1790958328727.969,Normal,0.9507
rasp1,48487,20261002-161933_clu_rasp14_pi4gb_r2,1189,perf_20261002-161933_clu_rasp14_pi4gb_r2,2,289,1790957978432,0,1790958328732.427,812.913,8.798,1790958329555.007,Normal,0.9629
rasp1,48487,20261002-161933_clu_rasp14_pi4gb_r2,1193,perf_20261002-161933_clu_rasp14_pi4gb_r2,2,290,1790957978432,0,1790958329556.389,630.445,10.704,1790958330198.571,Normal,0.9171
rasp1,48487,20261002-161933_clu_rasp14_pi4gb_r2,1194,perf_20261002-161933_clu_rasp14_pi4gb_r2,2,291,1790957978432,0,1790958330201.484,4822.685,9.939,1790958335035.039,Normal,0.9511
rasp1,48487,20261002-161933_clu_rasp14_pi4gb_r2,1198,perf_20261002-161933_clu_rasp14_pi4gb_r2,2,292,1790957978434,0,1790958335036.369,875.836,9.919,1790958335922.914,Normal,0.953
rasp1,48487,20261002-161933_clu_rasp14_pi4gb_r2,1222,perf_20261002-161933_clu_rasp14_pi4gb_r2,2,293,1790957978436,0,1790958335924.638,811.356,10.207,1790958336746.841,Normal,0.932
rasp1,48487,20261002-161933_clu_rasp14_pi4gb_r2,1224,perf_20261002-161933_clu_rasp14_pi4gb_r2,2,294,1790957978436,0,1790958336748.58,855.908,11.495,1790958337616.68,HATE,0.4387
rasp1,48487,20261002-161933_clu_rasp14_pi4gb_r2,1226,perf_20261002-161933_clu_rasp14_pi4gb_r2,2,295,1790957978436,0,1790958337618.874,1050.377,11.404,1790958338681.451,Normal,0.9765
rasp1,48487,20261002-161933_clu_rasp14_pi4gb_r2,1237,perf_20261002-161933_clu_rasp14_pi4gb_r2,2,296,1790957978437,0,1790958338689.51,1050.414,16.411,1790958339757.224,Normal,0.9761
rasp1,48487,20261002-161933_clu_rasp14_pi4gb_r2,1244,perf_20261002-161933_clu_rasp14_pi4gb_r2,2,297,1790957978437,0,1790958339760.352,1391.55,24.766,1790958341177.433,Normal,0.9604
rasp1,48487,20261002-161933_clu_rasp14_pi4gb_r2,1248,perf_20261002-161933_clu_rasp14_pi4gb_r2,2,298,1790957978438,0,1790958341179.186,850.741,14.566,1790958342045.147,Normal,0.9423
rasp1,48487,20261002-161933_clu_rasp14_pi4gb_r2,1249,perf_20261002-161933_clu_rasp14_pi4gb_r2,2,299,1790957978438,0,1790958342046.954,820.016,10.42,1790958342878.056,Normal,0.9556
rasp1,48487,20261002-161933_clu_rasp14_pi4gb_r2,1254,perf_20261002-161933_clu_rasp14_pi4gb_r2,2,300,1790957978438,0,1790958342882.499,1986.716,11.566,1790958344881.78,Normal,0.9677
rasp1,48487,20261002-161933_clu_rasp14_pi4gb_r2,1260,perf_20261002-161933_clu_rasp14_pi4gb_r2,2,301,1790957978439,0,1790958344883.484,651.695,9.21,1790958345545.049,Normal,0.9453
rasp1,48487,20261002-161933_clu_rasp14_pi4gb_r2,1266,perf_20261002-161933_clu_rasp14_pi4gb_r2,2,302,1790957978440,0,1790958345546.479,891.162,10.623,1790958346449.156,Normal,0.9547
rasp1,48487,20261002-161933_clu_rasp14_pi4gb_r2,1270,perf_20261002-161933_clu_rasp14_pi4gb_r2,2,303,1790957978440,0,1790958346450.55,618.973,14.761,1790958347086.181,Normal,0.9274
rasp1,48487,20261002-161933_clu_rasp14_pi4gb_r2,1277,perf_20261002-161933_clu_rasp14_pi4gb_r2,2,304,1790957978440,0,1790958347088.989,1403.168,10.878,1790958348504.063,Normal,0.9497
rasp1,48487,20261002-161933_clu_rasp14_pi4gb_r2,1278,perf_20261002-161933_clu_rasp14_pi4gb_r2,2,305,1790957978441,0,1790958348505.609,591.83,9.859,1790958349107.982,Normal,0.9105
rasp1,48487,20261002-161933_clu_rasp14_pi4gb_r2,1284,perf_20261002-161933_clu_rasp14_pi4gb_r2,2,306,1790957978441,0,1790958349110.507,676.718,10.993,1790958349798.996,Normal,0.9008
rasp1,48487,20261002-161933_clu_rasp14_pi4gb_r2,1286,perf_20261002-161933_clu_rasp14_pi4gb_r2,2,307,1790957978441,0,1790958349800.41,621.006,10.834,1790958350433.369,Normal,0.9537
rasp1,48487,20261002-161933_clu_rasp14_pi4gb_r2,1291,perf_20261002-161933_clu_rasp14_pi4gb_r2,2,308,1790957978442,0,1790958350435.336,730.673,12.41,1790958351180.355,Normal,0.9788
rasp1,48487,20261002-161933_clu_rasp14_pi4gb_r2,1292,perf_20261002-161933_clu_rasp14_pi4gb_r2,2,309,1790957978442,0,1790958351182.42,976.924,10.203,1790958352170.385,Normal,0.8965
rasp1,48487,20261002-161933_clu_rasp14_pi4gb_r2,1297,perf_20261002-161933_clu_rasp14_pi4gb_r2,2,310,1790957978442,0,1790958352173.495,1635.979,11.585,1790958353821.96,Normal,0.9775
rasp1,48487,20261002-161933_clu_rasp14_pi4gb_r2,1298,perf_20261002-161933_clu_rasp14_pi4gb_r2,2,311,1790957978442,0,1790958353829.69,894.347,15.195,1790958354740.142,Normal,0.9584
rasp1,48487,20261002-161933_clu_rasp14_pi4gb_r2,1305,perf_20261002-161933_clu_rasp14_pi4gb_r2,2,312,1790957978443,0,1790958354741.438,887.162,29.965,1790958355659.356,Normal,0.9475
rasp1,48487,20261002-161933_clu_rasp14_pi4gb_r2,1307,perf_20261002-161933_clu_rasp14_pi4gb_r2,2,313,1790957978443,0,1790958355661.598,821.982,14.299,1790958356498.77,Normal,0.9375
rasp1,48487,20261002-161933_clu_rasp14_pi4gb_r2,1308,perf_20261002-161933_clu_rasp14_pi4gb_r2,2,314,1790957978443,0,1790958356504.236,3205.085,9.561,1790958359719.78,Normal,0.7337
rasp1,48487,20261002-161933_clu_rasp14_pi4gb_r2,1309,perf_20261002-161933_clu_rasp14_pi4gb_r2,2,315,1790957978443,0,1790958359721.223,691.302,9.927,1790958360423.263,Normal,0.9694
rasp1,48487,20261002-161933_clu_rasp14_pi4gb_r2,1315,perf_20261002-161933_clu_rasp14_pi4gb_r2,2,316,1790957978444,0,1790958360425.869,842.503,10.373,1790958361279.612,Normal,0.9523
rasp1,48487,20261002-161933_clu_rasp14_pi4gb_r2,1318,perf_20261002-161933_clu_rasp14_pi4gb_r2,2,317,1790957978444,0,1790958361281.541,816.009,10.668,1790958362108.964,Normal,0.9479
rasp1,48487,20261002-161933_clu_rasp14_pi4gb_r2,1320,perf_20261002-161933_clu_rasp14_pi4gb_r2,2,318,1790957978448,0,1790958362110.538,793.434,9.306,1790958362913.982,Normal,0.7209
rasp1,48487,20261002-161933_clu_rasp14_pi4gb_r2,1323,perf_20261002-161933_clu_rasp14_pi4gb_r2,2,319,1790957978448,0,1790958362915.769,879.192,10.812,1790958363806.649,Normal,0.9394
rasp1,48487,20261002-161933_clu_rasp14_pi4gb_r2,1325,perf_20261002-161933_clu_rasp14_pi4gb_r2,2,320,1790957978449,0,1790958363809.219,696.71,10.532,1790958364517.362,Normal,0.567
rasp1,48487,20261002-161933_clu_rasp14_pi4gb_r2,1327,perf_20261002-161933_clu_rasp14_pi4gb_r2,2,321,1790957978449,0,1790958364518.918,708.502,8.474,1790958365236.657,Normal,0.958
rasp1,48487,20261002-161933_clu_rasp14_pi4gb_r2,1330,perf_20261002-161933_clu_rasp14_pi4gb_r2,2,322,1790957978449,0,1790958365238.593,699.996,13.317,1790958365953.178,Normal,0.9194
rasp1,48487,20261002-161933_clu_rasp14_pi4gb_r2,1339,perf_20261002-161933_clu_rasp14_pi4gb_r2,2,323,1790957978450,0,1790958365955.197,625.645,10.026,1790958366591.472,Normal,0.9479
rasp1,48487,20261002-161933_clu_rasp14_pi4gb_r2,1340,perf_20261002-161933_clu_rasp14_pi4gb_r2,2,324,1790957978450,0,1790958366593.437,585.838,9.764,1790958367189.652,Normal,0.9438
rasp1,48487,20261002-161933_clu_rasp14_pi4gb_r2,1345,perf_20261002-161933_clu_rasp14_pi4gb_r2,2,325,1790957978450,0,1790958367190.946,634.256,19.038,1790958367854.291,Normal,0.9447
rasp1,48487,20261002-161933_clu_rasp14_pi4gb_r2,1348,perf_20261002-161933_clu_rasp14_pi4gb_r2,2,326,1790957978450,0,1790958367855.562,848.299,13.443,1790958368717.945,Normal,0.9727
rasp1,48487,20261002-161933_clu_rasp14_pi4gb_r2,1353,perf_20261002-161933_clu_rasp14_pi4gb_r2,2,327,1790957978451,0,1790958368719.388,998.427,16.025,1790958369734.96,Normal,0.975
rasp1,48487,20261002-161933_clu_rasp14_pi4gb_r2,1355,perf_20261002-161933_clu_rasp14_pi4gb_r2,2,328,1790957978451,0,1790958369736.314,3131.772,9.26,1790958372883.113,Normal,0.9675
rasp1,48487,20261002-161933_clu_rasp14_pi4gb_r2,1356,perf_20261002-161933_clu_rasp14_pi4gb_r2,2,329,1790957978451,0,1790958372884.356,562.027,11.731,1790958373459.149,Normal,0.9569
rasp1,48487,20261002-161933_clu_rasp14_pi4gb_r2,1362,perf_20261002-161933_clu_rasp14_pi4gb_r2,2,330,1790957978452,0,1790958373460.784,770.165,10.297,1790958374241.918,Normal,0.9608
rasp1,48487,20261002-161933_clu_rasp14_pi4gb_r2,1363,perf_20261002-161933_clu_rasp14_pi4gb_r2,2,331,1790957978452,0,1790958374243.531,667.684,10.636,1790958374922.661,Normal,0.9572
rasp1,48487,20261002-161933_clu_rasp14_pi4gb_r2,1371,perf_20261002-161933_clu_rasp14_pi4gb_r2,2,332,1790957978452,0,1790958374924.29,909.091,10.555,1790958375844.688,Normal,0.9634
rasp1,48487,20261002-161933_clu_rasp14_pi4gb_r2,1379,perf_20261002-161933_clu_rasp14_pi4gb_r2,2,333,1790957978453,0,1790958375846.315,616.94,9.702,1790958376473.872,Normal,0.9427
rasp1,48487,20261002-161933_clu_rasp14_pi4gb_r2,1385,perf_20261002-161933_clu_rasp14_pi4gb_r2,2,334,1790957978454,0,1790958376475.151,761.39,9.552,1790958377246.963,Normal,0.9694
rasp1,48487,20261002-161933_clu_rasp14_pi4gb_r2,1390,perf_20261002-161933_clu_rasp14_pi4gb_r2,2,335,1790957978454,0,1790958377248.76,577.247,9.248,1790958377835.858,Normal,0.9375
rasp1,48487,20261002-161933_clu_rasp14_pi4gb_r2,1396,perf_20261002-161933_clu_rasp14_pi4gb_r2,2,336,1790957978455,0,1790958377837.51,633.54,14.565,1790958378486.938,Normal,0.9556
rasp1,48487,20261002-161933_clu_rasp14_pi4gb_r2,1397,perf_20261002-161933_clu_rasp14_pi4gb_r2,2,337,1790957978455,0,1790958378489.333,1298.007,15.261,1790958379803.851,Normal,0.9481
rasp1,48487,20261002-161933_clu_rasp14_pi4gb_r2,1398,perf_20261002-161933_clu_rasp14_pi4gb_r2,2,338,1790957978455,0,1790958379806.983,687.235,8.434,1790958380503.315,Normal,0.9699
rasp1,48487,20261002-161933_clu_rasp14_pi4gb_r2,1399,perf_20261002-161933_clu_rasp14_pi4gb_r2,2,339,1790957978455,0,1790958380504.867,830.434,12.697,1790958381348.917,Normal,0.9682
rasp1,48487,20261002-161933_clu_rasp14_pi4gb_r2,1402,perf_20261002-161933_clu_rasp14_pi4gb_r2,2,340,1790957978455,0,1790958381351.152,999.995,13.475,1790958382365.909,Normal,0.9467
rasp1,48487,20261002-161933_clu_rasp14_pi4gb_r2,1404,perf_20261002-161933_clu_rasp14_pi4gb_r2,2,341,1790957978456,0,1790958382370.4,2529.421,15.083,1790958384921.835,OFFENSIVE,0.4954
rasp1,48487,20261002-161933_clu_rasp14_pi4gb_r2,1414,perf_20261002-161933_clu_rasp14_pi4gb_r2,2,342,1790957978456,0,1790958384923.565,839.649,9.251,1790958385773.165,Normal,0.9386
rasp1,48487,20261002-161933_clu_rasp14_pi4gb_r2,1419,perf_20261002-161933_clu_rasp14_pi4gb_r2,2,343,1790957978457,0,1790958385774.783,715.504,11.184,1790958386502.617,Normal,0.9629
rasp1,48487,20261002-161933_clu_rasp14_pi4gb_r2,1420,perf_20261002-161933_clu_rasp14_pi4gb_r2,2,344,1790957978457,0,1790958386504.2,654.11,9.774,1790958387168.895,Normal,0.8593
rasp1,48487,20261002-161933_clu_rasp14_pi4gb_r2,1422,perf_20261002-161933_clu_rasp14_pi4gb_r2,2,345,1790957978457,0,1790958387170.303,706.722,10.737,1790958387888.569,Normal,0.9597
rasp1,48487,20261002-161933_clu_rasp14_pi4gb_r2,1430,perf_20261002-161933_clu_rasp14_pi4gb_r2,2,346,1790957978458,0,1790958387890.301,562.241,11.751,1790958388471.8,Normal,0.9375
rasp1,48487,20261002-161933_clu_rasp14_pi4gb_r2,1446,perf_20261002-161933_clu_rasp14_pi4gb_r2,2,347,1790957978477,0,1790958388473.247,627.255,9.307,1790958389110.449,Normal,0.944
rasp1,48487,20261002-161933_clu_rasp14_pi4gb_r2,1454,perf_20261002-161933_clu_rasp14_pi4gb_r2,2,348,1790957978494,0,1790958389112.052,740.326,10.223,1790958389863.398,Normal,0.9577
rasp1,48487,20261002-161933_clu_rasp14_pi4gb_r2,1456,perf_20261002-161933_clu_rasp14_pi4gb_r2,2,349,1790957978495,0,1790958389866.347,1123.091,11.707,1790958391002.219,Normal,0.9576
rasp1,48487,20261002-161933_clu_rasp14_pi4gb_r2,1457,perf_20261002-161933_clu_rasp14_pi4gb_r2,2,350,1790957978496,0,1790958391004.598,746.713,18.584,1790958391770.664,Normal,0.9667
rasp1,48487,20261002-161933_clu_rasp14_pi4gb_r2,1470,perf_20261002-161933_clu_rasp14_pi4gb_r2,2,351,1790957978498,0,1790958391772.311,899.289,10.389,1790958392682.812,Normal,0.9132
rasp1,48487,20261002-161933_clu_rasp14_pi4gb_r2,1471,perf_20261002-161933_clu_rasp14_pi4gb_r2,2,352,1790957978498,0,1790958392685.818,6392.62,11.08,1790958399090.602,Normal,0.8268
rasp1,48487,20261002-161933_clu_rasp14_pi4gb_r2,1473,perf_20261002-161933_clu_rasp14_pi4gb_r2,2,353,1790957978499,0,1790958399092.198,948.855,13.045,1790958400055.388,Normal,0.9424
rasp1,48487,20261002-161933_clu_rasp14_pi4gb_r2,1476,perf_20261002-161933_clu_rasp14_pi4gb_r2,2,354,1790957978499,0,1790958400057.025,1020.756,10.616,1790958401089.208,Normal,0.9678
rasp1,48487,20261002-161933_clu_rasp14_pi4gb_r2,1481,perf_20261002-161933_clu_rasp14_pi4gb_r2,2,355,1790957978500,0,1790958401091.375,993.619,10.438,1790958402096.329,Normal,0.8978
rasp1,48487,20261002-161933_clu_rasp14_pi4gb_r2,1484,perf_20261002-161933_clu_rasp14_pi4gb_r2,2,356,1790957978501,0,1790958402097.839,974.937,12.606,1790958403086.133,Normal,0.89
rasp1,48487,20261002-161933_clu_rasp14_pi4gb_r2,1487,perf_20261002-161933_clu_rasp14_pi4gb_r2,2,357,1790957978501,0,1790958403088.011,949.858,8.616,1790958404052.667,Normal,0.9348
rasp1,48487,20261002-161933_clu_rasp14_pi4gb_r2,1488,perf_20261002-161933_clu_rasp14_pi4gb_r2,2,358,1790957978507,0,1790958404054.08,517.031,10.403,1790958404582.211,Normal,0.9148
rasp1,48487,20261002-161933_clu_rasp14_pi4gb_r2,1490,perf_20261002-161933_clu_rasp14_pi4gb_r2,2,359,1790957978516,0,1790958404584.637,655.998,9.72,1790958405251.21,Normal,0.7759
rasp1,48487,20261002-161933_clu_rasp14_pi4gb_r2,1494,perf_20261002-161933_clu_rasp14_pi4gb_r2,2,360,1790957978520,0,1790958405252.801,774.65,9.303,1790958406037.465,Normal,0.9649
rasp1,48487,20261002-161933_clu_rasp14_pi4gb_r2,1497,perf_20261002-161933_clu_rasp14_pi4gb_r2,2,361,1790957978522,0,1790958406038.926,1427.168,9.948,1790958407476.914,Normal,0.9631
rasp1,48487,20261002-161933_clu_rasp14_pi4gb_r2,1498,perf_20261002-161933_clu_rasp14_pi4gb_r2,2,362,1790957978522,0,1790958407478.616,847.748,9.539,1790958408337.087,Normal,0.9655
rasp1,48487,20261002-161933_clu_rasp14_pi4gb_r2,1503,perf_20261002-161933_clu_rasp14_pi4gb_r2,2,363,1790957978522,0,1790958408338.652,763.227,11.827,1790958409119.506,Normal,0.939
rasp1,48487,20261002-161933_clu_rasp14_pi4gb_r2,1504,perf_20261002-161933_clu_rasp14_pi4gb_r2,2,364,1790957978522,0,1790958409121.315,1534.548,10.828,1790958410667.49,Normal,0.6659
rasp1,48487,20261002-161933_clu_rasp14_pi4gb_r2,1505,perf_20261002-161933_clu_rasp14_pi4gb_r2,2,365,1790957978522,0,1790958410669.209,845.66,12.069,1790958411528.122,Normal,0.7958
rasp1,48487,20261002-161933_clu_rasp14_pi4gb_r2,1506,perf_20261002-161933_clu_rasp14_pi4gb_r2,2,366,1790957978522,0,1790958411530.692,2400.145,13.397,1790958413948.605,HATE,0.6767
rasp1,48487,20261002-161933_clu_rasp14_pi4gb_r2,1508,perf_20261002-161933_clu_rasp14_pi4gb_r2,2,367,1790957978523,0,1790958413950.221,700.838,13.965,1790958414665.799,Normal,0.9173
rasp1,48487,20261002-161933_clu_rasp14_pi4gb_r2,1512,perf_20261002-161933_clu_rasp14_pi4gb_r2,2,368,1790957978523,0,1790958414669.621,993.587,11.395,1790958415675.6,OFFENSIVE,0.8825
rasp1,48487,20261002-161933_clu_rasp14_pi4gb_r2,1515,perf_20261002-161933_clu_rasp14_pi4gb_r2,2,369,1790957978524,0,1790958415677.164,950.346,10.151,1790958416638.542,Normal,0.9642
rasp1,48487,20261002-161933_clu_rasp14_pi4gb_r2,1518,perf_20261002-161933_clu_rasp14_pi4gb_r2,2,370,1790957978524,0,1790958416640.053,650.94,8.61,1790958417300.176,Normal,0.9556
rasp1,48487,20261002-161933_clu_rasp14_pi4gb_r2,1519,perf_20261002-161933_clu_rasp14_pi4gb_r2,2,371,1790957978524,0,1790958417301.454,696.378,10.904,1790958418009.563,Normal,0.9475
rasp1,48487,20261002-161933_clu_rasp14_pi4gb_r2,1521,perf_20261002-161933_clu_rasp14_pi4gb_r2,2,372,1790957978524,0,1790958418012.384,801.447,10.28,1790958418825.097,Normal,0.9675
rasp1,48487,20261002-161933_clu_rasp14_pi4gb_r2,1525,perf_20261002-161933_clu_rasp14_pi4gb_r2,2,373,1790957978525,0,1790958418826.974,750.029,13.374,1790958419596.904,Normal,0.9545
rasp1,48487,20261002-161933_clu_rasp14_pi4gb_r2,1533,perf_20261002-161933_clu_rasp14_pi4gb_r2,2,374,1790957978525,0,1790958419598.933,630.665,10.59,1790958420240.958,Normal,0.8626
rasp1,48487,20261002-161933_clu_rasp14_pi4gb_r2,1535,perf_20261002-161933_clu_rasp14_pi4gb_r2,2,375,1790957978525,0,1790958420243.582,1975.529,15.065,1790958422235.549,Normal,0.5226
rasp1,48487,20261002-161933_clu_rasp14_pi4gb_r2,1537,perf_20261002-161933_clu_rasp14_pi4gb_r2,2,376,1790957978525,0,1790958422237.957,780.871,13.063,1790958423033.005,Normal,0.8772
rasp1,48487,20261002-161933_clu_rasp14_pi4gb_r2,1538,perf_20261002-161933_clu_rasp14_pi4gb_r2,2,377,1790957978526,0,1790958423035.457,2775.769,22.672,1790958425835.176,Normal,0.9766
rasp1,48487,20261002-161933_clu_rasp14_pi4gb_r2,1542,perf_20261002-161933_clu_rasp14_pi4gb_r2,2,378,1790957978526,0,1790958425843.788,958.617,13.594,1790958426819.781,Normal,0.9259
rasp1,48487,20261002-161933_clu_rasp14_pi4gb_r2,1543,perf_20261002-161933_clu_rasp14_pi4gb_r2,2,379,1790957978526,0,1790958426824.269,907.042,22.096,1790958427755.034,Normal,0.9708
rasp1,48487,20261002-161933_clu_rasp14_pi4gb_r2,1555,perf_20261002-161933_clu_rasp14_pi4gb_r2,2,380,1790957978527,0,1790958427759.59,1431.917,15.956,1790958429209.276,Normal,0.9674
rasp1,48487,20261002-161933_clu_rasp14_pi4gb_r2,1564,perf_20261002-161933_clu_rasp14_pi4gb_r2,2,381,1790957978528,0,1790958429212.642,1408.247,13.02,1790958430634.948,Normal,0.9806
rasp1,48487,20261002-161933_clu_rasp14_pi4gb_r2,1568,perf_20261002-161933_clu_rasp14_pi4gb_r2,2,382,1790957978528,0,1790958430637.275,1415.886,9.712,1790958432063.981,Normal,0.9441
rasp1,48487,20261002-161933_clu_rasp14_pi4gb_r2,1574,perf_20261002-161933_clu_rasp14_pi4gb_r2,2,383,1790957978529,0,1790958432066.322,635.864,8.875,1790958432711.863,Normal,0.9556
rasp1,48487,20261002-161933_clu_rasp14_pi4gb_r2,1576,perf_20261002-161933_clu_rasp14_pi4gb_r2,2,384,1790957978529,0,1790958432713.198,1592.053,12.49,1790958434318.614,Normal,0.9284
rasp1,48487,20261002-161933_clu_rasp14_pi4gb_r2,1585,perf_20261002-161933_clu_rasp14_pi4gb_r2,2,385,1790957978530,0,1790958434320.794,750.21,9.223,1790958435080.904,Normal,0.9728
rasp1,48487,20261002-161933_clu_rasp14_pi4gb_r2,1590,perf_20261002-161933_clu_rasp14_pi4gb_r2,2,386,1790957978530,0,1790958435082.31,836.809,11.115,1790958435930.949,Normal,0.9215
rasp1,48487,20261002-161933_clu_rasp14_pi4gb_r2,1595,perf_20261002-161933_clu_rasp14_pi4gb_r2,2,387,1790957978531,0,1790958435932.377,720.89,10.334,1790958436664.322,Normal,0.9715
rasp1,48487,20261002-161933_clu_rasp14_pi4gb_r2,1600,perf_20261002-161933_clu_rasp14_pi4gb_r2,2,388,1790957978531,0,1790958436666.166,577.961,12.131,1790958437257.044,OFFENSIVE,0.7953
rasp1,48487,20261002-161933_clu_rasp14_pi4gb_r2,1605,perf_20261002-161933_clu_rasp14_pi4gb_r2,2,389,1790957978531,0,1790958437259.042,680.584,12.114,1790958437952.683,Normal,0.9512
rasp1,48487,20261002-161933_clu_rasp14_pi4gb_r2,1610,perf_20261002-161933_clu_rasp14_pi4gb_r2,2,390,1790957978532,0,1790958437954.869,983.687,9.078,1790958438948.353,Normal,0.9385
rasp1,48487,20261002-161933_clu_rasp14_pi4gb_r2,1613,perf_20261002-161933_clu_rasp14_pi4gb_r2,2,391,1790957978534,0,1790958438949.672,917.156,11.764,1790958439886.954,Normal,0.9635
rasp1,48487,20261002-161933_clu_rasp14_pi4gb_r2,1615,perf_20261002-161933_clu_rasp14_pi4gb_r2,2,392,1790957978534,0,1790958439888.24,749.352,10.708,1790958440648.95,Normal,0.9423
rasp1,48487,20261002-161933_clu_rasp14_pi4gb_r2,1617,perf_20261002-161933_clu_rasp14_pi4gb_r2,2,393,1790957978534,0,1790958440650.837,1322.358,12.812,1790958441987.075,Normal,0.9353
rasp1,48487,20261002-161933_clu_rasp14_pi4gb_r2,1620,perf_20261002-161933_clu_rasp14_pi4gb_r2,2,394,1790957978534,0,1790958441990.995,601.152,10.609,1790958442603.509,Normal,0.9423
rasp1,48487,20261002-161933_clu_rasp14_pi4gb_r2,1625,perf_20261002-161933_clu_rasp14_pi4gb_r2,2,395,1790957978535,0,1790958442609.613,804.845,9.258,1790958443424.469,Normal,0.954
rasp1,48487,20261002-161933_clu_rasp14_pi4gb_r2,1626,perf_20261002-161933_clu_rasp14_pi4gb_r2,2,396,1790957978535,0,1790958443425.897,612.55,10.749,1790958444050.192,Normal,0.9373
rasp1,48487,20261002-161933_clu_rasp14_pi4gb_r2,1634,perf_20261002-161933_clu_rasp14_pi4gb_r2,2,397,1790957978535,0,1790958444052.389,927.019,8.23,1790958444994.428,Normal,0.8795
rasp1,48487,20261002-161933_clu_rasp14_pi4gb_r2,1635,perf_20261002-161933_clu_rasp14_pi4gb_r2,2,398,1790957978535,0,1790958444995.777,856.503,11.81,1790958445865.089,Normal,0.9324
rasp1,48487,20261002-161933_clu_rasp14_pi4gb_r2,1636,perf_20261002-161933_clu_rasp14_pi4gb_r2,2,399,1790957978536,0,1790958445866.816,951.332,10.455,1790958446829.617,Normal,0.9536
rasp1,48487,20261002-161933_clu_rasp14_pi4gb_r2,1651,perf_20261002-161933_clu_rasp14_pi4gb_r2,2,400,1790957978537,0,1790958446831.051,949.136,12.944,1790958447794.353,Normal,0.9724
rasp1,48487,20261002-161933_clu_rasp14_pi4gb_r2,1671,perf_20261002-161933_clu_rasp14_pi4gb_r2,2,401,1790957978538,0,1790958447797.033,618.977,11.108,1790958448427.914,Normal,0.9423
rasp1,48487,20261002-161933_clu_rasp14_pi4gb_r2,1675,perf_20261002-161933_clu_rasp14_pi4gb_r2,2,402,1790957978539,0,1790958448430.246,709.947,10.56,1790958449151.592,Normal,0.8661
rasp1,48487,20261002-161933_clu_rasp14_pi4gb_r2,1680,perf_20261002-161933_clu_rasp14_pi4gb_r2,2,403,1790957978540,0,1790958449153.531,757.036,10.604,1790958449922.0,Normal,0.8959
rasp1,48487,20261002-161933_clu_rasp14_pi4gb_r2,1682,perf_20261002-161933_clu_rasp14_pi4gb_r2,2,404,1790957978540,0,1790958449924.577,708.172,16.83,1790958450651.007,Normal,0.9592
rasp1,48487,20261002-161933_clu_rasp14_pi4gb_r2,1692,perf_20261002-161933_clu_rasp14_pi4gb_r2,2,405,1790957978541,0,1790958450653.582,1501.06,10.433,1790958452165.884,Normal,0.9544
rasp1,48487,20261002-161933_clu_rasp14_pi4gb_r2,1693,perf_20261002-161933_clu_rasp14_pi4gb_r2,2,406,1790957978541,0,1790958452167.269,721.337,11.284,1790958452900.971,Normal,0.9657
rasp1,48487,20261002-161933_clu_rasp14_pi4gb_r2,1697,perf_20261002-161933_clu_rasp14_pi4gb_r2,2,407,1790957978541,0,1790958452902.638,724.8,12.997,1790958453641.272,Normal,0.9319
rasp1,48487,20261002-161933_clu_rasp14_pi4gb_r2,1699,perf_20261002-161933_clu_rasp14_pi4gb_r2,2,408,1790957978541,0,1790958453646.069,974.45,15.254,1790958454636.662,Normal,0.9423
rasp1,48487,20261002-161933_clu_rasp14_pi4gb_r2,1701,perf_20261002-161933_clu_rasp14_pi4gb_r2,2,409,1790957978541,0,1790958454638.663,1000.644,21.379,1790958455661.978,Normal,0.5379
rasp1,48487,20261002-161933_clu_rasp14_pi4gb_r2,1704,perf_20261002-161933_clu_rasp14_pi4gb_r2,2,410,1790957978542,0,1790958455664.073,4366.747,9.095,1790958460040.626,Normal,0.9762
rasp1,48487,20261002-161933_clu_rasp14_pi4gb_r2,1709,perf_20261002-161933_clu_rasp14_pi4gb_r2,2,411,1790957978542,0,1790958460042.078,588.717,10.186,1790958460641.86,Normal,0.9565
rasp1,48487,20261002-161933_clu_rasp14_pi4gb_r2,1715,perf_20261002-161933_clu_rasp14_pi4gb_r2,2,412,1790957978542,0,1790958460649.103,975.781,7.899,1790958461633.431,Normal,0.9733
rasp1,48487,20261002-161933_clu_rasp14_pi4gb_r2,1716,perf_20261002-161933_clu_rasp14_pi4gb_r2,2,413,1790957978543,0,1790958461634.868,822.608,10.736,1790958462468.926,Normal,0.9519
rasp1,48487,20261002-161933_clu_rasp14_pi4gb_r2,1722,perf_20261002-161933_clu_rasp14_pi4gb_r2,2,414,1790957978543,0,1790958462470.783,838.35,9.634,1790958463319.691,Normal,0.9438
rasp1,48487,20261002-161933_clu_rasp14_pi4gb_r2,1725,perf_20261002-161933_clu_rasp14_pi4gb_r2,2,415,1790957978543,0,1790958463321.213,893.401,9.933,1790958464225.319,Normal,0.9377
rasp1,48487,20261002-161933_clu_rasp14_pi4gb_r2,1731,perf_20261002-161933_clu_rasp14_pi4gb_r2,2,416,1790957978544,0,1790958464227.145,940.369,10.513,1790958465179.051,Normal,0.7255
rasp1,48487,20261002-161933_clu_rasp14_pi4gb_r2,1732,perf_20261002-161933_clu_rasp14_pi4gb_r2,2,417,1790957978544,0,1790958465181.082,1524.9,9.565,1790958466716.347,Normal,0.9594
rasp1,48487,20261002-161933_clu_rasp14_pi4gb_r2,1733,perf_20261002-161933_clu_rasp14_pi4gb_r2,2,418,1790957978544,0,1790958466723.913,658.509,13.75,1790958467396.94,Normal,0.9262
rasp1,48487,20261002-161933_clu_rasp14_pi4gb_r2,1736,perf_20261002-161933_clu_rasp14_pi4gb_r2,2,419,1790957978545,0,1790958467399.323,646.964,18.867,1790958468066.204,Normal,0.931
rasp1,48487,20261002-161933_clu_rasp14_pi4gb_r2,1742,perf_20261002-161933_clu_rasp14_pi4gb_r2,2,420,1790957978545,0,1790958468067.621,800.325,10.166,1790958468879.094,Normal,0.6578
rasp1,48487,20261002-161933_clu_rasp14_pi4gb_r2,1744,perf_20261002-161933_clu_rasp14_pi4gb_r2,2,421,1790957978545,0,1790958468888.932,1086.201,11.287,1790958469987.166,Normal,0.7282
rasp1,48487,20261002-161933_clu_rasp14_pi4gb_r2,1749,perf_20261002-161933_clu_rasp14_pi4gb_r2,2,422,1790957978546,0,1790958469989.189,1682.181,11.237,1790958471683.385,Normal,0.9775
rasp1,48487,20261002-161933_clu_rasp14_pi4gb_r2,1750,perf_20261002-161933_clu_rasp14_pi4gb_r2,2,423,1790957978546,0,1790958471685.207,1010.69,11.14,1790958472707.674,Normal,0.9632
rasp1,48487,20261002-161933_clu_rasp14_pi4gb_r2,1755,perf_20261002-161933_clu_rasp14_pi4gb_r2,2,424,1790957978546,0,1790958472710.571,653.596,11.134,1790958473376.495,Normal,0.9171
rasp1,48487,20261002-161933_clu_rasp14_pi4gb_r2,1757,perf_20261002-161933_clu_rasp14_pi4gb_r2,2,425,1790957978546,0,1790958473378.011,655.733,13.635,1790958474048.225,Normal,0.9121
rasp1,48487,20261002-161933_clu_rasp14_pi4gb_r2,1758,perf_20261002-161933_clu_rasp14_pi4gb_r2,2,426,1790957978546,0,1790958474050.052,635.102,9.811,1790958474695.901,Normal,0.9116
rasp1,48487,20261002-161933_clu_rasp14_pi4gb_r2,1760,perf_20261002-161933_clu_rasp14_pi4gb_r2,2,427,1790957978547,0,1790958474697.89,937.435,11.947,1790958475647.936,Normal,0.9671
rasp1,48487,20261002-161933_clu_rasp14_pi4gb_r2,1762,perf_20261002-161933_clu_rasp14_pi4gb_r2,2,428,1790957978547,0,1790958475649.364,648.118,9.927,1790958476308.355,Normal,0.9116
rasp1,48487,20261002-161933_clu_rasp14_pi4gb_r2,1768,perf_20261002-161933_clu_rasp14_pi4gb_r2,2,429,1790957978547,0,1790958476309.812,628.803,11.012,1790958476950.313,Normal,0.9566
rasp1,48487,20261002-161933_clu_rasp14_pi4gb_r2,1769,perf_20261002-161933_clu_rasp14_pi4gb_r2,2,430,1790957978547,0,1790958476952.295,610.926,9.579,1790958477573.487,Normal,0.7276
rasp1,48487,20261002-161933_clu_rasp14_pi4gb_r2,1770,perf_20261002-161933_clu_rasp14_pi4gb_r2,2,431,1790957978547,0,1790958477575.019,952.882,13.638,1790958478542.548,Normal,0.9693
rasp1,48487,20261002-161933_clu_rasp14_pi4gb_r2,1771,perf_20261002-161933_clu_rasp14_pi4gb_r2,2,432,1790957978548,0,1790958478545.783,806.589,9.7,1790958479362.914,Normal,0.368
rasp1,48487,20261002-161933_clu_rasp14_pi4gb_r2,1779,perf_20261002-161933_clu_rasp14_pi4gb_r2,2,433,1790957978548,0,1790958479364.376,612.39,10.622,1790958479988.167,Normal,0.9685
rasp1,48487,20261002-161933_clu_rasp14_pi4gb_r2,1780,perf_20261002-161933_clu_rasp14_pi4gb_r2,2,434,1790957978548,0,1790958479990.518,956.571,12.486,1790958480967.617,Normal,0.9501
rasp1,48487,20261002-161933_clu_rasp14_pi4gb_r2,1802,perf_20261002-161933_clu_rasp14_pi4gb_r2,2,435,1790957978553,0,1790958480969.271,1302.356,13.645,1790958482286.175,Normal,0.967
rasp1,48487,20261002-161933_clu_rasp14_pi4gb_r2,1804,perf_20261002-161933_clu_rasp14_pi4gb_r2,2,436,1790957978553,0,1790958482290.672,584.065,16.456,1790958482891.804,Normal,0.8519
rasp1,48487,20261002-161933_clu_rasp14_pi4gb_r2,1812,perf_20261002-161933_clu_rasp14_pi4gb_r2,2,437,1790957978554,0,1790958482899.214,1167.295,23.604,1790958484091.247,Normal,0.9681
rasp1,48487,20261002-161933_clu_rasp14_pi4gb_r2,1817,perf_20261002-161933_clu_rasp14_pi4gb_r2,2,438,1790957978554,0,1790958484099.852,704.189,11.038,1790958484815.693,Normal,0.7166
rasp1,48487,20261002-161933_clu_rasp14_pi4gb_r2,1818,perf_20261002-161933_clu_rasp14_pi4gb_r2,2,439,1790957978554,0,1790958484820.192,656.652,10.605,1790958485488.439,Normal,0.9449
rasp1,48487,20261002-161933_clu_rasp14_pi4gb_r2,1820,perf_20261002-161933_clu_rasp14_pi4gb_r2,2,440,1790957978554,0,1790958485490.423,963.809,16.101,1790958486472.115,Normal,0.9531
rasp1,48487,20261002-161933_clu_rasp14_pi4gb_r2,1822,perf_20261002-161933_clu_rasp14_pi4gb_r2,2,441,1790957978554,0,1790958486475.602,738.863,13.249,1790958487229.188,Normal,0.9402
rasp1,48487,20261002-161933_clu_rasp14_pi4gb_r2,1828,perf_20261002-161933_clu_rasp14_pi4gb_r2,2,442,1790957978555,0,1790958487231.45,737.878,11.834,1790958487981.891,Normal,0.9453
rasp1,48487,20261002-161933_clu_rasp14_pi4gb_r2,1830,perf_20261002-161933_clu_rasp14_pi4gb_r2,2,443,1790957978555,0,1790958487983.431,902.36,11.524,1790958488898.032,Normal,0.9713
rasp1,48487,20261002-161933_clu_rasp14_pi4gb_r2,1831,perf_20261002-161933_clu_rasp14_pi4gb_r2,2,444,1790957978555,0,1790958488899.999,1081.653,10.717,1790958489993.238,Normal,0.9652
rasp1,48487,20261002-161933_clu_rasp14_pi4gb_r2,1834,perf_20261002-161933_clu_rasp14_pi4gb_r2,2,445,1790957978555,0,1790958489995.387,980.957,9.483,1790958490986.494,Normal,0.9464
rasp1,48487,20261002-161933_clu_rasp14_pi4gb_r2,1840,perf_20261002-161933_clu_rasp14_pi4gb_r2,2,446,1790957978556,0,1790958490988.604,878.732,12.743,1790958491881.151,Normal,0.9407
rasp1,48487,20261002-161933_clu_rasp14_pi4gb_r2,1842,perf_20261002-161933_clu_rasp14_pi4gb_r2,2,447,1790957978556,0,1790958491883.888,769.313,14.528,1790958492669.06,Normal,0.9645
rasp1,48487,20261002-161933_clu_rasp14_pi4gb_r2,1843,perf_20261002-161933_clu_rasp14_pi4gb_r2,2,448,1790957978556,0,1790958492670.823,1056.791,10.409,1790958493740.114,Normal,0.9752
rasp1,48487,20261002-161933_clu_rasp14_pi4gb_r2,1846,perf_20261002-161933_clu_rasp14_pi4gb_r2,2,449,1790957978556,0,1790958493741.618,1466.614,15.785,1790958495226.985,OFFENSIVE,0.9314
rasp1,48487,20261002-161933_clu_rasp14_pi4gb_r2,1848,perf_20261002-161933_clu_rasp14_pi4gb_r2,2,450,1790957978557,0,1790958495228.56,804.612,10.817,1790958496044.798,Normal,0.9556
rasp1,48487,20261002-161933_clu_rasp14_pi4gb_r2,1850,perf_20261002-161933_clu_rasp14_pi4gb_r2,2,451,1790957978557,0,1790958496052.55,1139.831,10.612,1790958497203.677,Normal,0.9192
rasp1,48487,20261002-161933_clu_rasp14_pi4gb_r2,1856,perf_20261002-161933_clu_rasp14_pi4gb_r2,2,452,1790957978557,0,1790958497211.23,1839.282,23.089,1790958499075.986,Normal,0.8644
rasp1,48487,20261002-161933_clu_rasp14_pi4gb_r2,1857,perf_20261002-161933_clu_rasp14_pi4gb_r2,2,453,1790957978557,0,1790958499077.808,1447.153,9.466,1790958500535.263,Normal,0.9595
rasp1,48487,20261002-161933_clu_rasp14_pi4gb_r2,1858,perf_20261002-161933_clu_rasp14_pi4gb_r2,2,454,1790957978557,0,1790958500536.853,1274.665,14.553,1790958501827.42,Normal,0.9756
rasp1,48487,20261002-161933_clu_rasp14_pi4gb_r2,1862,perf_20261002-161933_clu_rasp14_pi4gb_r2,2,455,1790957978558,0,1790958501830.136,1770.803,9.75,1790958503611.393,Normal,0.9585
rasp1,48487,20261002-161933_clu_rasp14_pi4gb_r2,1865,perf_20261002-161933_clu_rasp14_pi4gb_r2,2,456,1790957978558,0,1790958503612.676,574.929,10.557,1790958504199.225,Normal,0.9503
rasp1,48487,20261002-161933_clu_rasp14_pi4gb_r2,1866,perf_20261002-161933_clu_rasp14_pi4gb_r2,2,457,1790957978558,0,1790958504200.518,660.111,13.495,1790958504875.431,Normal,0.9536
rasp1,48487,20261002-161933_clu_rasp14_pi4gb_r2,1869,perf_20261002-161933_clu_rasp14_pi4gb_r2,2,458,1790957978558,0,1790958504877.903,826.411,9.997,1790958505715.203,Normal,0.9733
rasp1,48487,20261002-161933_clu_rasp14_pi4gb_r2,1872,perf_20261002-161933_clu_rasp14_pi4gb_r2,2,459,1790957978559,0,1790958505717.023,531.995,10.292,1790958506259.976,Normal,0.903
rasp1,48487,20261002-161933_clu_rasp14_pi4gb_r2,1874,perf_20261002-161933_clu_rasp14_pi4gb_r2,2,460,1790957978559,0,1790958506261.337,1021.023,13.957,1790958507297.144,OFFENSIVE,0.4948
rasp1,48487,20261002-161933_clu_rasp14_pi4gb_r2,1878,perf_20261002-161933_clu_rasp14_pi4gb_r2,2,461,1790957978559,0,1790958507298.611,750.292,11.601,1790958508061.206,Normal,0.9663
rasp1,48487,20261002-161933_clu_rasp14_pi4gb_r2,1882,perf_20261002-161933_clu_rasp14_pi4gb_r2,2,462,1790957978559,0,1790958508062.859,1956.951,11.97,1790958510032.472,Normal,0.9677
rasp1,48487,20261002-161933_clu_rasp14_pi4gb_r2,1885,perf_20261002-161933_clu_rasp14_pi4gb_r2,2,463,1790957978560,0,1790958510037.031,961.747,18.213,1790958511018.407,Normal,0.9102
rasp1,48487,20261002-161933_clu_rasp14_pi4gb_r2,1888,perf_20261002-161933_clu_rasp14_pi4gb_r2,2,464,1790957978560,0,1790958511030.325,1658.582,11.21,1790958512701.062,Normal,0.951
rasp1,48487,20261002-161933_clu_rasp14_pi4gb_r2,1891,perf_20261002-161933_clu_rasp14_pi4gb_r2,2,465,1790957978560,0,1790958512703.261,1996.382,13.685,1790958514714.644,Normal,0.9225
rasp1,48487,20261002-161933_clu_rasp14_pi4gb_r2,1894,perf_20261002-161933_clu_rasp14_pi4gb_r2,2,466,1790957978560,0,1790958514717.541,814.539,9.23,1790958515542.279,Normal,0.955
rasp1,48487,20261002-161933_clu_rasp14_pi4gb_r2,1896,perf_20261002-161933_clu_rasp14_pi4gb_r2,2,467,1790957978561,0,1790958515544.137,765.325,11.283,1790958516321.646,Normal,0.8701
rasp1,48487,20261002-161933_clu_rasp14_pi4gb_r2,1897,perf_20261002-161933_clu_rasp14_pi4gb_r2,2,468,1790957978561,0,1790958516324.309,612.07,10.323,1790958516947.393,Normal,0.955
rasp1,48487,20261002-161933_clu_rasp14_pi4gb_r2,1907,perf_20261002-161933_clu_rasp14_pi4gb_r2,2,469,1790957978561,0,1790958516949.572,2424.027,10.312,1790958519384.862,Normal,0.9476
rasp1,48487,20261002-161933_clu_rasp14_pi4gb_r2,1911,perf_20261002-161933_clu_rasp14_pi4gb_r2,2,470,1790957978586,0,1790958519386.61,873.265,9.63,1790958520270.094,Normal,0.9208
rasp1,48487,20261002-161933_clu_rasp14_pi4gb_r2,1919,perf_20261002-161933_clu_rasp14_pi4gb_r2,2,471,1790957978599,0,1790958520271.917,724.261,11.381,1790958521008.492,Normal,0.9546
rasp1,48487,20261002-161933_clu_rasp14_pi4gb_r2,1929,perf_20261002-161933_clu_rasp14_pi4gb_r2,2,472,1790957978600,0,1790958521011.382,1171.251,11.409,1790958522195.645,Normal,0.8965
rasp1,48487,20261002-161933_clu_rasp14_pi4gb_r2,1934,perf_20261002-161933_clu_rasp14_pi4gb_r2,2,473,1790957978600,0,1790958522197.368,681.033,14.646,1790958522894.591,Normal,0.9663
rasp1,48487,20261002-161933_clu_rasp14_pi4gb_r2,1940,perf_20261002-161933_clu_rasp14_pi4gb_r2,2,474,1790957978601,0,1790958522897.232,539.066,8.116,1790958523445.109,Normal,0.9375
rasp1,48487,20261002-161933_clu_rasp14_pi4gb_r2,1943,perf_20261002-161933_clu_rasp14_pi4gb_r2,2,475,1790957978601,0,1790958523446.396,703.865,16.887,1790958524167.966,Normal,0.9515
rasp1,48487,20261002-161933_clu_rasp14_pi4gb_r2,1944,perf_20261002-161933_clu_rasp14_pi4gb_r2,2,476,1790957978601,0,1790958524172.631,1013.009,18.923,1790958525205.917,Normal,0.9604
rasp1,48487,20261002-161933_clu_rasp14_pi4gb_r2,1946,perf_20261002-161933_clu_rasp14_pi4gb_r2,2,477,1790957978601,0,1790958525214.175,1166.538,9.568,1790958526391.098,Normal,0.9575
rasp1,48487,20261002-161933_clu_rasp14_pi4gb_r2,1949,perf_20261002-161933_clu_rasp14_pi4gb_r2,2,478,1790957978602,0,1790958526392.516,1154.581,11.066,1790958527559.451,Normal,0.5208
rasp1,48487,20261002-161933_clu_rasp14_pi4gb_r2,1953,perf_20261002-161933_clu_rasp14_pi4gb_r2,2,479,1790957978602,0,1790958527560.801,1181.75,9.224,1790958528752.519,Normal,0.849
rasp1,48487,20261002-161933_clu_rasp14_pi4gb_r2,1963,perf_20261002-161933_clu_rasp14_pi4gb_r2,2,480,1790957978603,0,1790958528753.948,1592.321,15.705,1790958530363.695,Normal,0.9638
rasp1,48487,20261002-161933_clu_rasp14_pi4gb_r2,1964,perf_20261002-161933_clu_rasp14_pi4gb_r2,2,481,1790957978603,0,1790958530366.495,1245.668,14.461,1790958531627.394,Normal,0.9565
rasp1,48487,20261002-161933_clu_rasp14_pi4gb_r2,1970,perf_20261002-161933_clu_rasp14_pi4gb_r2,2,482,1790957978603,0,1790958531629.4,884.111,10.194,1790958532524.59,Normal,0.968
rasp1,48487,20261002-161933_clu_rasp14_pi4gb_r2,1972,perf_20261002-161933_clu_rasp14_pi4gb_r2,2,483,1790957978604,0,1790958532526.336,712.019,9.98,1790958533249.191,Normal,0.9089
rasp1,48487,20261002-161933_clu_rasp14_pi4gb_r2,1973,perf_20261002-161933_clu_rasp14_pi4gb_r2,2,484,1790957978604,0,1790958533251.019,772.97,9.424,1790958534034.19,Normal,0.9757
rasp1,48487,20261002-161933_clu_rasp14_pi4gb_r2,1975,perf_20261002-161933_clu_rasp14_pi4gb_r2,2,485,1790957978604,0,1790958534036.09,940.174,12.946,1790958534990.602,Normal,0.9639
rasp1,48487,20261002-161933_clu_rasp14_pi4gb_r2,1986,perf_20261002-161933_clu_rasp14_pi4gb_r2,2,486,1790957978631,0,1790958534992.32,1083.756,11.897,1790958536089.291,Normal,0.8788
rasp1,48487,20261002-161933_clu_rasp14_pi4gb_r2,1992,perf_20261002-161933_clu_rasp14_pi4gb_r2,2,487,1790957978641,0,1790958536090.628,986.677,19.38,1790958537097.409,Normal,0.5639
rasp1,48487,20261002-161933_clu_rasp14_pi4gb_r2,1995,perf_20261002-161933_clu_rasp14_pi4gb_r2,2,488,1790957978645,0,1790958537101.642,759.177,15.401,1790958537877.254,Normal,0.9664
rasp1,48487,20261002-161933_clu_rasp14_pi4gb_r2,1996,perf_20261002-161933_clu_rasp14_pi4gb_r2,2,489,1790957978645,0,1790958537882.195,914.03,20.728,1790958538822.152,Normal,0.9635
rasp1,48487,20261002-161933_clu_rasp14_pi4gb_r2,2010,perf_20261002-161933_clu_rasp14_pi4gb_r2,2,490,1790957978646,0,1790958538832.9,740.294,9.348,1790958539583.276,Normal,0.9452
rasp1,48487,20261002-161933_clu_rasp14_pi4gb_r2,2011,perf_20261002-161933_clu_rasp14_pi4gb_r2,2,491,1790957978646,0,1790958539584.998,550.965,20.027,1790958540157.147,Normal,0.9407
rasp1,48487,20261002-161933_clu_rasp14_pi4gb_r2,2014,perf_20261002-161933_clu_rasp14_pi4gb_r2,2,492,1790957978647,0,1790958540163.318,1662.053,12.161,1790958541838.513,Normal,0.9778
rasp1,48487,20261002-161933_clu_rasp14_pi4gb_r2,2018,perf_20261002-161933_clu_rasp14_pi4gb_r2,2,493,1790957978649,0,1790958541840.639,866.625,12.064,1790958542721.185,Normal,0.776
rasp1,48487,20261002-161933_clu_rasp14_pi4gb_r2,2020,perf_20261002-161933_clu_rasp14_pi4gb_r2,2,494,1790957978650,0,1790958542722.676,703.023,9.932,1790958543436.609,Normal,0.907
rasp1,48487,20261002-161933_clu_rasp14_pi4gb_r2,2021,perf_20261002-161933_clu_rasp14_pi4gb_r2,2,495,1790957978650,0,1790958543438.324,750.023,13.959,1790958544203.461,Normal,0.9357
rasp1,48487,20261002-161933_clu_rasp14_pi4gb_r2,2023,perf_20261002-161933_clu_rasp14_pi4gb_r2,2,496,1790957978650,0,1790958544206.442,638.484,9.612,1790958544865.221,Normal,0.965
rasp1,48487,20261002-161933_clu_rasp14_pi4gb_r2,2025,perf_20261002-161933_clu_rasp14_pi4gb_r2,2,497,1790957978651,0,1790958544866.61,544.434,14.727,1790958545426.391,Normal,0.9277
rasp1,48487,20261002-161933_clu_rasp14_pi4gb_r2,2030,perf_20261002-161933_clu_rasp14_pi4gb_r2,2,498,1790957978651,0,1790958545427.905,841.469,7.906,1790958546277.964,Normal,0.9562
rasp1,48487,20261002-161933_clu_rasp14_pi4gb_r2,2031,perf_20261002-161933_clu_rasp14_pi4gb_r2,2,499,1790957978651,0,1790958546279.285,568.739,9.662,1790958546858.29,Normal,0.949
rasp1,48487,20261002-161933_clu_rasp14_pi4gb_r2,5,perf_20261002-161933_clu_rasp14_pi4gb_r2,2,0,1790957978046,0,1790958551132.822,711.689,14.93,1790958551860.988,OFFENSIVE,0.5445
rasp1,48487,20261002-161933_clu_rasp14_pi4gb_r2,6,perf_20261002-161933_clu_rasp14_pi4gb_r2,2,1,1790957978046,0,1790958551863.3,844.964,24.015,1790958552733.567,Normal,0.9157
rasp1,48487,20261002-161933_clu_rasp14_pi4gb_r2,10,perf_20261002-161933_clu_rasp14_pi4gb_r2,2,2,1790957978047,0,1790958552748.464,1130.751,9.902,1790958553890.185,Normal,0.8199
rasp1,48487,20261002-161933_clu_rasp14_pi4gb_r2,12,perf_20261002-161933_clu_rasp14_pi4gb_r2,2,3,1790957978047,0,1790958553896.768,721.757,9.856,1790958554629.351,Normal,0.9532
rasp1,48487,20261002-161933_clu_rasp14_pi4gb_r2,15,perf_20261002-161933_clu_rasp14_pi4gb_r2,2,4,1790957978048,0,1790958554631.228,709.526,9.131,1790958555350.668,Normal,0.7288
rasp1,48487,20261002-161933_clu_rasp14_pi4gb_r2,20,perf_20261002-161933_clu_rasp14_pi4gb_r2,2,5,1790957978049,0,1790958555352.104,1315.012,11.275,1790958556679.693,Normal,0.9603
rasp1,48487,20261002-161933_clu_rasp14_pi4gb_r2,34,perf_20261002-161933_clu_rasp14_pi4gb_r2,2,6,1790957978051,0,1790958556681.393,671.579,15.376,1790958557369.524,Normal,0.9605
rasp1,48487,20261002-161933_clu_rasp14_pi4gb_r2,36,perf_20261002-161933_clu_rasp14_pi4gb_r2,2,7,1790957978052,0,1790958557372.554,587.731,10.976,1790958557972.04,Normal,0.9351
rasp1,48487,20261002-161933_clu_rasp14_pi4gb_r2,37,perf_20261002-161933_clu_rasp14_pi4gb_r2,2,8,1790957978052,0,1790958557973.415,661.996,10.123,1790958558646.286,Normal,0.9503
rasp1,48487,20261002-161933_clu_rasp14_pi4gb_r2,43,perf_20261002-161933_clu_rasp14_pi4gb_r2,2,9,1790957978054,0,1790958558648.412,906.449,8.65,1790958559564.082,OFFENSIVE,0.5659
rasp1,48487,20261002-161933_clu_rasp14_pi4gb_r2,47,perf_20261002-161933_clu_rasp14_pi4gb_r2,2,10,1790957978055,0,1790958559565.247,527.981,8.82,1790958560102.659,Normal,0.9515
rasp1,48487,20261002-161933_clu_rasp14_pi4gb_r2,52,perf_20261002-161933_clu_rasp14_pi4gb_r2,2,11,1790957978056,0,1790958560104.043,476.112,8.762,1790958560589.586,Normal,0.8595
rasp1,48487,20261002-161933_clu_rasp14_pi4gb_r2,54,perf_20261002-161933_clu_rasp14_pi4gb_r2,2,12,1790957978056,0,1790958560590.8,445.321,8.345,1790958561045.038,Normal,0.8958
rasp1,48487,20261002-161933_clu_rasp14_pi4gb_r2,55,perf_20261002-161933_clu_rasp14_pi4gb_r2,2,13,1790957978056,0,1790958561046.333,971.548,13.051,1790958562032.15,Normal,0.9547
rasp1,48487,20261002-161933_clu_rasp14_pi4gb_r2,56,perf_20261002-161933_clu_rasp14_pi4gb_r2,2,14,1790957978056,0,1790958562034.356,1657.677,9.388,1790958563702.073,Normal,0.9532
rasp1,48487,20261002-161933_clu_rasp14_pi4gb_r2,58,perf_20261002-161933_clu_rasp14_pi4gb_r2,2,15,1790957978057,0,1790958563703.398,1243.89,9.035,1790958564957.149,Normal,0.9703
rasp1,48487,20261002-161933_clu_rasp14_pi4gb_r2,61,perf_20261002-161933_clu_rasp14_pi4gb_r2,2,16,1790957978057,0,1790958564961.415,498.335,8.823,1790958565469.38,Normal,0.9489
rasp1,48487,20261002-161933_clu_rasp14_pi4gb_r2,72,perf_20261002-161933_clu_rasp14_pi4gb_r2,2,17,1790957978059,0,1790958565472.387,713.321,9.769,1790958566196.209,Normal,0.9761
rasp1,48487,20261002-161933_clu_rasp14_pi4gb_r2,74,perf_20261002-161933_clu_rasp14_pi4gb_r2,2,18,1790957978060,0,1790958566197.518,706.804,9.203,1790958566914.183,Normal,0.9719
rasp1,48487,20261002-161933_clu_rasp14_pi4gb_r2,83,perf_20261002-161933_clu_rasp14_pi4gb_r2,2,19,1790957978061,0,1790958566915.844,987.376,7.516,1790958567911.27,Normal,0.9678
rasp1,48487,20261002-161933_clu_rasp14_pi4gb_r2,101,perf_20261002-161933_clu_rasp14_pi4gb_r2,2,20,1790957978065,0,1790958567912.254,455.157,7.982,1790958568375.921,Normal,0.8852
rasp1,48487,20261002-161933_clu_rasp14_pi4gb_r2,106,perf_20261002-161933_clu_rasp14_pi4gb_r2,2,21,1790957978066,0,1790958568377.147,559.323,8.319,1790958568945.307,Normal,0.9671
rasp1,48487,20261002-161933_clu_rasp14_pi4gb_r2,110,perf_20261002-161933_clu_rasp14_pi4gb_r2,2,22,1790957978066,0,1790958568946.275,402.563,8.055,1790958569357.351,Normal,0.8809
rasp1,48487,20261002-161933_clu_rasp14_pi4gb_r2,111,perf_20261002-161933_clu_rasp14_pi4gb_r2,2,23,1790957978066,0,1790958569358.297,387.549,8.184,1790958569754.492,Normal,0.9248
rasp1,48487,20261002-161933_clu_rasp14_pi4gb_r2,118,perf_20261002-161933_clu_rasp14_pi4gb_r2,2,24,1790957978067,0,1790958569755.439,448.652,6.676,1790958570211.226,Normal,0.9087
rasp1,48487,20261002-161933_clu_rasp14_pi4gb_r2,129,perf_20261002-161933_clu_rasp14_pi4gb_r2,2,25,1790957978073,0,1790958570212.193,484.746,7.388,1790958570704.816,Normal,0.9673
rasp1,48487,20261002-161933_clu_rasp14_pi4gb_r2,137,perf_20261002-161933_clu_rasp14_pi4gb_r2,2,26,1790957978097,0,1790958570705.802,406.082,8.26,1790958571120.616,Normal,0.9294
rasp1,48487,20261002-161933_clu_rasp14_pi4gb_r2,139,perf_20261002-161933_clu_rasp14_pi4gb_r2,2,27,1790957978098,0,1790958571121.575,465.643,8.904,1790958571596.586,Normal,0.9679
rasp1,48487,20261002-161933_clu_rasp14_pi4gb_r2,140,perf_20261002-161933_clu_rasp14_pi4gb_r2,2,28,1790957978098,0,1790958571597.528,666.435,9.117,1790958572273.547,Normal,0.9753
rasp1,48487,20261002-161933_clu_rasp14_pi4gb_r2,146,perf_20261002-161933_clu_rasp14_pi4gb_r2,2,29,1790957978100,0,1790958572274.497,365.232,8.801,1790958572648.997,Normal,0.931
rasp1,48487,20261002-161933_clu_rasp14_pi4gb_r2,147,perf_20261002-161933_clu_rasp14_pi4gb_r2,2,30,1790957978100,0,1790958572649.949,534.308,7.519,1790958573192.397,Normal,0.9475
rasp1,48487,20261002-161933_clu_rasp14_pi4gb_r2,148,perf_20261002-161933_clu_rasp14_pi4gb_r2,2,31,1790957978101,0,1790958573193.352,340.79,7.895,1790958573542.5,Normal,0.9539
rasp1,48487,20261002-161933_clu_rasp14_pi4gb_r2,150,perf_20261002-161933_clu_rasp14_pi4gb_r2,2,32,1790957978101,0,1790958573543.453,534.988,8.166,1790958574087.134,Normal,0.8267
rasp1,48487,20261002-161933_clu_rasp14_pi4gb_r2,151,perf_20261002-161933_clu_rasp14_pi4gb_r2,2,33,1790957978101,0,1790958574088.09,604.027,7.765,1790958574700.351,Normal,0.9057
rasp1,48487,20261002-161933_clu_rasp14_pi4gb_r2,152,perf_20261002-161933_clu_rasp14_pi4gb_r2,2,34,1790957978101,0,1790958574701.323,508.817,7.491,1790958575218.097,Normal,0.9745
rasp1,48487,20261002-161933_clu_rasp14_pi4gb_r2,161,perf_20261002-161933_clu_rasp14_pi4gb_r2,2,35,1790957978103,0,1790958575219.141,1026.718,8.156,1790958576254.508,Normal,0.9305
rasp1,48487,20261002-161933_clu_rasp14_pi4gb_r2,162,perf_20261002-161933_clu_rasp14_pi4gb_r2,2,36,1790957978103,0,1790958576255.651,553.873,7.91,1790958576817.951,Normal,0.87
rasp1,48487,20261002-161933_clu_rasp14_pi4gb_r2,165,perf_20261002-161933_clu_rasp14_pi4gb_r2,2,37,1790957978104,0,1790958576818.904,511.909,8.819,1790958577340.106,Normal,0.9407
rasp1,48487,20261002-161933_clu_rasp14_pi4gb_r2,167,perf_20261002-161933_clu_rasp14_pi4gb_r2,2,38,1790957978104,0,1790958577341.072,678.988,9.144,1790958578029.688,Normal,0.7275
rasp1,48487,20261002-161933_clu_rasp14_pi4gb_r2,171,perf_20261002-161933_clu_rasp14_pi4gb_r2,2,39,1790957978105,0,1790958578030.666,477.797,8.085,1790958578517.076,Normal,0.9574
rasp1,48487,20261002-161933_clu_rasp14_pi4gb_r2,175,perf_20261002-161933_clu_rasp14_pi4gb_r2,2,40,1790957978106,0,1790958578518.084,375.856,9.481,1790958578903.896,Normal,0.9314
rasp1,48487,20261002-161933_clu_rasp14_pi4gb_r2,176,perf_20261002-161933_clu_rasp14_pi4gb_r2,2,41,1790957978106,0,1790958578904.917,477.188,8.044,1790958579390.613,Normal,0.7281
rasp1,48487,20261002-161933_clu_rasp14_pi4gb_r2,185,perf_20261002-161933_clu_rasp14_pi4gb_r2,2,42,1790957978108,0,1790958579391.652,1144.693,8.32,1790958580545.21,Normal,0.9335
rasp1,48487,20261002-161933_clu_rasp14_pi4gb_r2,189,perf_20261002-161933_clu_rasp14_pi4gb_r2,2,43,1790957978109,0,1790958580546.205,426.681,8.402,1790958580981.801,Normal,0.8925
rasp1,48487,20261002-161933_clu_rasp14_pi4gb_r2,192,perf_20261002-161933_clu_rasp14_pi4gb_r2,2,44,1790957978109,0,1790958580983.025,649.295,8.249,1790958581641.109,Normal,0.9544
rasp1,48487,20261002-161933_clu_rasp14_pi4gb_r2,200,perf_20261002-161933_clu_rasp14_pi4gb_r2,2,45,1790957978111,0,1790958581642.136,467.915,9.122,1790958582119.688,Normal,0.9569
rasp1,48487,20261002-161933_clu_rasp14_pi4gb_r2,201,perf_20261002-161933_clu_rasp14_pi4gb_r2,2,46,1790957978111,0,1790958582120.927,569.094,8.558,1790958582699.07,Normal,0.567
rasp1,48487,20261002-161933_clu_rasp14_pi4gb_r2,202,perf_20261002-161933_clu_rasp14_pi4gb_r2,2,47,1790957978111,0,1790958582700.026,490.788,7.751,1790958583199.033,Normal,0.966
rasp1,48487,20261002-161933_clu_rasp14_pi4gb_r2,203,perf_20261002-161933_clu_rasp14_pi4gb_r2,2,48,1790957978111,0,1790958583200.184,401.449,8.022,1790958583610.174,Normal,0.9589
rasp1,48487,20261002-161933_clu_rasp14_pi4gb_r2,207,perf_20261002-161933_clu_rasp14_pi4gb_r2,2,49,1790957978112,0,1790958583611.306,448.654,7.853,1790958584068.279,Normal,0.9563
rasp1,48487,20261002-161933_clu_rasp14_pi4gb_r2,213,perf_20261002-161933_clu_rasp14_pi4gb_r2,2,50,1790957978113,0,1790958584069.23,401.545,7.874,1790958584479.109,Normal,0.9629
rasp1,48487,20261002-161933_clu_rasp14_pi4gb_r2,217,perf_20261002-161933_clu_rasp14_pi4gb_r2,2,51,1790957978115,0,1790958584480.072,509.96,7.971,1790958584998.512,Normal,0.9635
rasp1,48487,20261002-161933_clu_rasp14_pi4gb_r2,220,perf_20261002-161933_clu_rasp14_pi4gb_r2,2,52,1790957978131,0,1790958584999.479,384.811,7.59,1790958585392.407,Normal,0.9627
rasp1,48487,20261002-161933_clu_rasp14_pi4gb_r2,221,perf_20261002-161933_clu_rasp14_pi4gb_r2,2,53,1790957978131,0,1790958585393.364,388.173,7.297,1790958585789.364,Normal,0.9292
rasp1,48487,20261002-161933_clu_rasp14_pi4gb_r2,229,perf_20261002-161933_clu_rasp14_pi4gb_r2,2,54,1790957978150,0,1790958585790.33,536.323,7.875,1790958586335.068,Normal,0.9234
rasp1,48487,20261002-161933_clu_rasp14_pi4gb_r2,230,perf_20261002-161933_clu_rasp14_pi4gb_r2,2,55,1790957978152,0,1790958586336.032,509.619,7.974,1790958586859.614,Normal,0.7449
rasp1,48487,20261002-161933_clu_rasp14_pi4gb_r2,234,perf_20261002-161933_clu_rasp14_pi4gb_r2,2,56,1790957978152,0,1790958586860.598,823.493,7.978,1790958587692.573,Normal,0.9447
rasp1,48487,20261002-161933_clu_rasp14_pi4gb_r2,241,perf_20261002-161933_clu_rasp14_pi4gb_r2,2,57,1790957978154,0,1790958587693.543,366.395,8.748,1790958588069.168,Normal,0.9608
rasp1,48487,20261002-161933_clu_rasp14_pi4gb_r2,244,perf_20261002-161933_clu_rasp14_pi4gb_r2,2,58,1790957978154,0,1790958588070.135,386.713,7.596,1790958588464.926,OFFENSIVE,0.7323
rasp1,48487,20261002-161933_clu_rasp14_pi4gb_r2,247,perf_20261002-161933_clu_rasp14_pi4gb_r2,2,59,1790957978155,0,1790958588465.898,510.018,8.21,1790958588984.614,Normal,0.8993
rasp1,48487,20261002-161933_clu_rasp14_pi4gb_r2,257,perf_20261002-161933_clu_rasp14_pi4gb_r2,2,60,1790957978157,0,1790958588985.58,760.283,8.466,1790958589754.82,Normal,0.961
rasp1,48487,20261002-161933_clu_rasp14_pi4gb_r2,265,perf_20261002-161933_clu_rasp14_pi4gb_r2,2,61,1790957978158,0,1790958589755.769,340.231,7.108,1790958590103.662,Normal,0.9354
rasp1,48487,20261002-161933_clu_rasp14_pi4gb_r2,278,perf_20261002-161933_clu_rasp14_pi4gb_r2,2,62,1790957978161,0,1790958590104.662,401.179,7.823,1790958590514.127,Normal,0.9589
rasp1,48487,20261002-161933_clu_rasp14_pi4gb_r2,279,perf_20261002-161933_clu_rasp14_pi4gb_r2,2,63,1790957978161,0,1790958590515.087,385.865,7.21,1790958590908.625,Normal,0.8888
rasp1,48487,20261002-161933_clu_rasp14_pi4gb_r2,284,perf_20261002-161933_clu_rasp14_pi4gb_r2,2,64,1790957978162,0,1790958590909.587,387.182,8.133,1790958591305.364,Normal,0.9561
rasp1,48487,20261002-161933_clu_rasp14_pi4gb_r2,287,perf_20261002-161933_clu_rasp14_pi4gb_r2,2,65,1790957978163,0,1790958591306.33,401.581,7.841,1790958591716.212,HATE,0.4159
rasp1,48487,20261002-161933_clu_rasp14_pi4gb_r2,297,perf_20261002-161933_clu_rasp14_pi4gb_r2,2,66,1790957978164,0,1790958591717.167,366.132,8.999,1790958592092.823,Normal,0.8081
rasp1,48487,20261002-161933_clu_rasp14_pi4gb_r2,300,perf_20261002-161933_clu_rasp14_pi4gb_r2,2,67,1790957978165,0,1790958592093.877,337.874,8.651,1790958592440.867,Normal,0.9475
rasp1,48487,20261002-161933_clu_rasp14_pi4gb_r2,303,perf_20261002-161933_clu_rasp14_pi4gb_r2,2,68,1790957978166,0,1790958592441.998,514.158,9.176,1790958592965.802,Normal,0.9381
rasp1,48487,20261002-161933_clu_rasp14_pi4gb_r2,311,perf_20261002-161933_clu_rasp14_pi4gb_r2,2,69,1790957978168,0,1790958592966.774,499.347,8.339,1790958593474.944,Normal,0.8292
rasp1,48487,20261002-161933_clu_rasp14_pi4gb_r2,313,perf_20261002-161933_clu_rasp14_pi4gb_r2,2,70,1790957978168,0,1790958593475.949,524.971,9.122,1790958594010.613,Normal,0.8096
rasp1,48487,20261002-161933_clu_rasp14_pi4gb_r2,316,perf_20261002-161933_clu_rasp14_pi4gb_r2,2,71,1790957978169,0,1790958594011.91,786.386,8.981,1790958594807.807,Normal,0.9072
rasp1,48487,20261002-161933_clu_rasp14_pi4gb_r2,318,perf_20261002-161933_clu_rasp14_pi4gb_r2,2,72,1790957978169,0,1790958594808.886,534.69,8.383,1790958595352.583,Normal,0.9281
rasp1,48487,20261002-161933_clu_rasp14_pi4gb_r2,321,perf_20261002-161933_clu_rasp14_pi4gb_r2,2,73,1790957978170,0,1790958595353.534,366.368,8.504,1790958595728.863,Normal,0.9384
rasp1,48487,20261002-161933_clu_rasp14_pi4gb_r2,332,perf_20261002-161933_clu_rasp14_pi4gb_r2,2,74,1790957978172,0,1790958595729.808,937.616,8.422,1790958596676.385,Normal,0.9379
rasp1,48487,20261002-161933_clu_rasp14_pi4gb_r2,335,perf_20261002-161933_clu_rasp14_pi4gb_r2,2,75,1790957978173,0,1790958596677.361,402.562,7.941,1790958597088.329,Normal,0.9633
rasp1,48487,20261002-161933_clu_rasp14_pi4gb_r2,336,perf_20261002-161933_clu_rasp14_pi4gb_r2,2,76,1790957978173,0,1790958597097.228,341.008,8.092,1790958597446.967,Normal,0.936
rasp1,48487,20261002-161933_clu_rasp14_pi4gb_r2,337,perf_20261002-161933_clu_rasp14_pi4gb_r2,2,77,1790957978173,0,1790958597447.915,486.891,8.849,1790958597944.119,Normal,0.9677
rasp1,48487,20261002-161933_clu_rasp14_pi4gb_r2,343,perf_20261002-161933_clu_rasp14_pi4gb_r2,2,78,1790957978175,0,1790958597945.069,466.085,7.892,1790958598419.505,Normal,0.9102
rasp1,48487,20261002-161933_clu_rasp14_pi4gb_r2,345,perf_20261002-161933_clu_rasp14_pi4gb_r2,2,79,1790957978175,0,1790958598420.461,486.471,7.815,1790958598915.208,Normal,0.9451
rasp1,48487,20261002-161933_clu_rasp14_pi4gb_r2,347,perf_20261002-161933_clu_rasp14_pi4gb_r2,2,80,1790957978175,0,1790958598916.166,386.233,8.075,1790958599310.999,Normal,0.4981
rasp1,48487,20261002-161933_clu_rasp14_pi4gb_r2,352,perf_20261002-161933_clu_rasp14_pi4gb_r2,2,81,1790957978176,0,1790958599311.953,535.057,8.157,1790958599855.635,Normal,0.9434
rasp1,48487,20261002-161933_clu_rasp14_pi4gb_r2,355,perf_20261002-161933_clu_rasp14_pi4gb_r2,2,82,1790957978177,0,1790958599856.603,366.729,7.693,1790958600231.53,Normal,0.9533
rasp1,48487,20261002-161933_clu_rasp14_pi4gb_r2,357,perf_20261002-161933_clu_rasp14_pi4gb_r2,2,83,1790957978178,0,1790958600232.473,823.111,8.034,1790958601064.14,Normal,0.9697
rasp1,48487,20261002-161933_clu_rasp14_pi4gb_r2,359,perf_20261002-161933_clu_rasp14_pi4gb_r2,2,84,1790957978178,0,1790958601065.259,1240.36,9.24,1790958602315.535,Normal,0.9315
rasp1,48487,20261002-161933_clu_rasp14_pi4gb_r2,361,perf_20261002-161933_clu_rasp14_pi4gb_r2,2,85,1790957978178,0,1790958602316.51,365.834,8.068,1790958602690.922,Normal,0.955
rasp1,48487,20261002-161933_clu_rasp14_pi4gb_r2,362,perf_20261002-161933_clu_rasp14_pi4gb_r2,2,86,1790957978179,0,1790958602691.881,341.323,8.658,1790958603042.324,Normal,0.8661
rasp1,48487,20261002-161933_clu_rasp14_pi4gb_r2,369,perf_20261002-161933_clu_rasp14_pi4gb_r2,2,87,1790957978180,0,1790958603043.289,339.032,8.257,1790958603391.078,Normal,0.931
rasp1,48487,20261002-161933_clu_rasp14_pi4gb_r2,380,perf_20261002-161933_clu_rasp14_pi4gb_r2,2,88,1790957978183,0,1790958603392.024,341.458,8.348,1790958603742.336,Normal,0.9475
rasp1,48487,20261002-161933_clu_rasp14_pi4gb_r2,381,perf_20261002-161933_clu_rasp14_pi4gb_r2,2,89,1790957978183,0,1790958603743.289,388.282,8.171,1790958604140.252,Normal,0.9162
rasp1,48487,20261002-161933_clu_rasp14_pi4gb_r2,383,perf_20261002-161933_clu_rasp14_pi4gb_r2,2,90,1790957978183,0,1790958604141.279,622.836,8.093,1790958604772.674,Normal,0.9746
rasp1,48487,20261002-161933_clu_rasp14_pi4gb_r2,386,perf_20261002-161933_clu_rasp14_pi4gb_r2,2,91,1790957978184,0,1790958604773.633,411.849,8.015,1790958605194.026,Normal,0.9673
rasp1,48487,20261002-161933_clu_rasp14_pi4gb_r2,387,perf_20261002-161933_clu_rasp14_pi4gb_r2,2,92,1790957978184,0,1790958605195.06,374.954,8.076,1790958605578.563,Normal,0.9608
rasp1,48487,20261002-161933_clu_rasp14_pi4gb_r2,389,perf_20261002-161933_clu_rasp14_pi4gb_r2,2,93,1790957978184,0,1790958605579.6,373.704,8.602,1790958605962.404,Normal,0.958
rasp1,48487,20261002-161933_clu_rasp14_pi4gb_r2,390,perf_20261002-161933_clu_rasp14_pi4gb_r2,2,94,1790957978184,0,1790958605963.402,531.593,7.459,1790958606502.924,Normal,0.847
rasp1,48487,20261002-161933_clu_rasp14_pi4gb_r2,394,perf_20261002-161933_clu_rasp14_pi4gb_r2,2,95,1790957978185,0,1790958606503.923,457.995,7.79,1790958606970.992,Normal,0.8427
rasp1,48487,20261002-161933_clu_rasp14_pi4gb_r2,397,perf_20261002-161933_clu_rasp14_pi4gb_r2,2,96,1790957978186,0,1790958606971.963,664.811,9.106,1790958607646.378,Normal,0.9649
rasp1,48487,20261002-161933_clu_rasp14_pi4gb_r2,402,perf_20261002-161933_clu_rasp14_pi4gb_r2,2,97,1790957978186,0,1790958607647.528,1165.963,8.162,1790958608822.186,Normal,0.9746
rasp1,48487,20261002-161933_clu_rasp14_pi4gb_r2,409,perf_20261002-161933_clu_rasp14_pi4gb_r2,2,98,1790957978187,0,1790958608823.151,1327.033,7.723,1790958610158.387,Normal,0.9773
rasp1,48487,20261002-161933_clu_rasp14_pi4gb_r2,410,perf_20261002-161933_clu_rasp14_pi4gb_r2,2,99,1790957978187,0,1790958610159.499,508.452,7.722,1790958610676.148,Normal,0.9553
rasp1,48487,20261002-161933_clu_rasp14_pi4gb_r2,415,perf_20261002-161933_clu_rasp14_pi4gb_r2,2,100,1790957978193,0,1790958610677.133,552.984,7.7,1790958611238.284,Normal,0.7213
rasp1,48487,20261002-161933_clu_rasp14_pi4gb_r2,423,perf_20261002-161933_clu_rasp14_pi4gb_r2,2,101,1790957978194,0,1790958611239.247,339.694,7.229,1790958611586.629,Normal,0.9592
rasp1,48487,20261002-161933_clu_rasp14_pi4gb_r2,428,perf_20261002-161933_clu_rasp14_pi4gb_r2,2,102,1790957978194,0,1790958611587.598,339.575,7.894,1790958611935.533,Normal,0.9375
rasp1,48487,20261002-161933_clu_rasp14_pi4gb_r2,446,perf_20261002-161933_clu_rasp14_pi4gb_r2,2,103,1790957978195,0,1790958611936.51,690.869,8.588,1790958612636.5,Normal,0.9723
rasp1,48487,20261002-161933_clu_rasp14_pi4gb_r2,448,perf_20261002-161933_clu_rasp14_pi4gb_r2,2,104,1790957978196,0,1790958612637.449,339.469,7.459,1790958612984.867,Normal,0.9417
rasp1,48487,20261002-161933_clu_rasp14_pi4gb_r2,450,perf_20261002-161933_clu_rasp14_pi4gb_r2,2,105,1790957978196,0,1790958612985.849,511.025,8.317,1790958613505.665,Normal,0.9547
rasp1,48487,20261002-161933_clu_rasp14_pi4gb_r2,458,perf_20261002-161933_clu_rasp14_pi4gb_r2,2,106,1790957978197,0,1790958613506.63,641.687,8.258,1790958614157.082,Normal,0.9563
rasp1,48487,20261002-161933_clu_rasp14_pi4gb_r2,459,perf_20261002-161933_clu_rasp14_pi4gb_r2,2,107,1790957978197,0,1790958614158.135,664.379,8.067,1790958614831.211,Normal,0.9543
rasp1,48487,20261002-161933_clu_rasp14_pi4gb_r2,460,perf_20261002-161933_clu_rasp14_pi4gb_r2,2,108,1790957978197,0,1790958614832.16,449.299,7.492,1790958615289.483,Normal,0.9753
rasp1,48487,20261002-161933_clu_rasp14_pi4gb_r2,465,perf_20261002-161933_clu_rasp14_pi4gb_r2,2,109,1790957978197,0,1790958615290.433,338.731,7.429,1790958615637.211,Normal,0.931
rasp1,48487,20261002-161933_clu_rasp14_pi4gb_r2,466,perf_20261002-161933_clu_rasp14_pi4gb_r2,2,110,1790957978197,0,1790958615638.213,468.59,7.409,1790958616114.678,Normal,0.9689
rasp1,48487,20261002-161933_clu_rasp14_pi4gb_r2,471,perf_20261002-161933_clu_rasp14_pi4gb_r2,2,111,1790957978209,0,1790958616115.696,485.598,7.542,1790958616609.379,Normal,0.8189
rasp1,48487,20261002-161933_clu_rasp14_pi4gb_r2,474,perf_20261002-161933_clu_rasp14_pi4gb_r2,2,112,1790957978219,0,1790958616610.368,473.087,7.656,1790958617091.649,Normal,0.9303
rasp1,48487,20261002-161933_clu_rasp14_pi4gb_r2,476,perf_20261002-161933_clu_rasp14_pi4gb_r2,2,113,1790957978219,0,1790958617092.799,375.02,7.82,1790958617476.127,Normal,0.9239
rasp1,48487,20261002-161933_clu_rasp14_pi4gb_r2,482,perf_20261002-161933_clu_rasp14_pi4gb_r2,2,114,1790957978235,0,1790958617477.102,788.558,9.042,1790958618275.326,Normal,0.9319
rasp1,48487,20261002-161933_clu_rasp14_pi4gb_r2,490,perf_20261002-161933_clu_rasp14_pi4gb_r2,2,115,1790957978238,0,1790958618288.253,496.294,8.139,1790958618793.218,Normal,0.8313
rasp1,48487,20261002-161933_clu_rasp14_pi4gb_r2,499,perf_20261002-161933_clu_rasp14_pi4gb_r2,2,116,1790957978240,0,1790958618794.365,571.452,7.94,1790958619374.225,Normal,0.9378
rasp1,48487,20261002-161933_clu_rasp14_pi4gb_r2,504,perf_20261002-161933_clu_rasp14_pi4gb_r2,2,117,1790957978241,0,1790958619375.198,510.059,8.532,1790958619894.302,Normal,0.4319
rasp1,48487,20261002-161933_clu_rasp14_pi4gb_r2,511,perf_20261002-161933_clu_rasp14_pi4gb_r2,2,118,1790957978242,0,1790958619895.26,338.74,8.781,1790958620243.251,Normal,0.9509
rasp1,48487,20261002-161933_clu_rasp14_pi4gb_r2,519,perf_20261002-161933_clu_rasp14_pi4gb_r2,2,119,1790957978263,0,1790958620244.197,401.582,7.928,1790958620654.168,Normal,0.9589
rasp1,48487,20261002-161933_clu_rasp14_pi4gb_r2,528,perf_20261002-161933_clu_rasp14_pi4gb_r2,2,120,1790957978264,0,1790958620655.116,340.032,7.44,1790958621003.051,Normal,0.9375
rasp1,48487,20261002-161933_clu_rasp14_pi4gb_r2,532,perf_20261002-161933_clu_rasp14_pi4gb_r2,2,121,1790957978265,0,1790958621004.028,691.586,7.784,1790958621703.912,Normal,0.9772
rasp1,48487,20261002-161933_clu_rasp14_pi4gb_r2,533,perf_20261002-161933_clu_rasp14_pi4gb_r2,2,122,1790957978265,0,1790958621704.869,511.599,7.855,1790958622224.838,Normal,0.9612
rasp1,48487,20261002-161933_clu_rasp14_pi4gb_r2,537,perf_20261002-161933_clu_rasp14_pi4gb_r2,2,123,1790957978266,0,1790958622225.785,760.381,8.643,1790958622995.286,Normal,0.9659
rasp1,48487,20261002-161933_clu_rasp14_pi4gb_r2,539,perf_20261002-161933_clu_rasp14_pi4gb_r2,2,124,1790957978266,0,1790958622996.231,486.045,8.207,1790958623491.21,Normal,0.9345
rasp1,48487,20261002-161933_clu_rasp14_pi4gb_r2,547,perf_20261002-161933_clu_rasp14_pi4gb_r2,2,125,1790957978268,0,1790958623492.167,428.739,7.761,1790958623929.13,Normal,0.9733
rasp1,48487,20261002-161933_clu_rasp14_pi4gb_r2,548,perf_20261002-161933_clu_rasp14_pi4gb_r2,2,126,1790957978268,0,1790958623930.265,466.594,8.316,1790958624405.636,Normal,0.8177
rasp1,48487,20261002-161933_clu_rasp14_pi4gb_r2,560,perf_20261002-161933_clu_rasp14_pi4gb_r2,2,127,1790957978271,0,1790958624406.59,761.804,8.117,1790958625177.034,Normal,0.9751
rasp1,48487,20261002-161933_clu_rasp14_pi4gb_r2,562,perf_20261002-161933_clu_rasp14_pi4gb_r2,2,128,1790957978271,0,1790958625177.992,450.176,9.282,1790958625637.914,Normal,0.9601
rasp1,48487,20261002-161933_clu_rasp14_pi4gb_r2,564,perf_20261002-161933_clu_rasp14_pi4gb_r2,2,129,1790957978271,0,1790958625638.88,919.042,8.006,1790958626566.401,Normal,0.9762
rasp1,48487,20261002-161933_clu_rasp14_pi4gb_r2,565,perf_20261002-161933_clu_rasp14_pi4gb_r2,2,130,1790957978272,0,1790958626567.35,665.882,7.595,1790958627241.342,Normal,0.8109
rasp1,48487,20261002-161933_clu_rasp14_pi4gb_r2,567,perf_20261002-161933_clu_rasp14_pi4gb_r2,2,131,1790957978272,0,1790958627242.468,385.962,7.641,1790958627636.6,Normal,0.9597
rasp1,48487,20261002-161933_clu_rasp14_pi4gb_r2,568,perf_20261002-161933_clu_rasp14_pi4gb_r2,2,132,1790957978272,0,1790958627637.54,1588.016,9.071,1790958629235.179,Normal,0.9723
rasp1,48487,20261002-161933_clu_rasp14_pi4gb_r2,569,perf_20261002-161933_clu_rasp14_pi4gb_r2,2,133,1790957978272,0,1790958629236.222,478.054,8.547,1790958629723.386,Normal,0.8974
rasp1,48487,20261002-161933_clu_rasp14_pi4gb_r2,579,perf_20261002-161933_clu_rasp14_pi4gb_r2,2,134,1790957978276,0,1790958629724.367,403.916,8.788,1790958630137.591,Normal,0.8954
rasp1,48487,20261002-161933_clu_rasp14_pi4gb_r2,580,perf_20261002-161933_clu_rasp14_pi4gb_r2,2,135,1790957978276,0,1790958630138.608,411.886,7.63,1790958630558.68,Normal,0.9483
rasp1,48487,20261002-161933_clu_rasp14_pi4gb_r2,587,perf_20261002-161933_clu_rasp14_pi4gb_r2,2,136,1790957978277,0,1790958630559.926,621.815,10.15,1790958631192.36,Normal,0.918
rasp1,48487,20261002-161933_clu_rasp14_pi4gb_r2,589,perf_20261002-161933_clu_rasp14_pi4gb_r2,2,137,1790957978278,0,1790958631192.96,274.352,8.454,1790958631476.269,Normal,0.9309
rasp1,48487,20261002-161933_clu_rasp14_pi4gb_r2,614,perf_20261002-161933_clu_rasp14_pi4gb_r2,2,138,1790957978283,0,1790958631477.229,365.914,8.338,1790958631851.942,Normal,0.9457
rasp1,48487,20261002-161933_clu_rasp14_pi4gb_r2,620,perf_20261002-161933_clu_rasp14_pi4gb_r2,2,139,1790957978284,0,1790958631852.895,474.092,7.303,1790958632334.599,Normal,0.9613
rasp1,48487,20261002-161933_clu_rasp14_pi4gb_r2,621,perf_20261002-161933_clu_rasp14_pi4gb_r2,2,140,1790957978284,0,1790958632335.19,287.744,7.031,1790958632630.265,Normal,0.8992
rasp1,48487,20261002-161933_clu_rasp14_pi4gb_r2,623,perf_20261002-161933_clu_rasp14_pi4gb_r2,2,141,1790957978285,0,1790958632630.896,338.776,7.965,1790958632978.148,Normal,0.9309
rasp1,48487,20261002-161933_clu_rasp14_pi4gb_r2,629,perf_20261002-161933_clu_rasp14_pi4gb_r2,2,142,1790957978286,0,1790958632979.18,509.683,8.621,1790958633497.947,Normal,0.6746
rasp1,48487,20261002-161933_clu_rasp14_pi4gb_r2,630,perf_20261002-161933_clu_rasp14_pi4gb_r2,2,143,1790957978286,0,1790958633498.91,401.347,7.713,1790958633908.496,Normal,0.6003
rasp1,48487,20261002-161933_clu_rasp14_pi4gb_r2,634,perf_20261002-161933_clu_rasp14_pi4gb_r2,2,144,1790957978286,0,1790958633909.478,510.552,8.137,1790958634428.638,Normal,0.9415
rasp1,48487,20261002-161933_clu_rasp14_pi4gb_r2,636,perf_20261002-161933_clu_rasp14_pi4gb_r2,2,145,1790957978287,0,1790958634429.593,408.37,7.567,1790958634845.991,Normal,0.8753
rasp1,48487,20261002-161933_clu_rasp14_pi4gb_r2,638,perf_20261002-161933_clu_rasp14_pi4gb_r2,2,146,1790957978287,0,1790958634846.944,983.202,7.934,1790958635838.553,Normal,0.932
rasp1,48487,20261002-161933_clu_rasp14_pi4gb_r2,643,perf_20261002-161933_clu_rasp14_pi4gb_r2,2,147,1790957978287,0,1790958635839.524,508.505,7.687,1790958636356.178,Normal,0.858
rasp1,48487,20261002-161933_clu_rasp14_pi4gb_r2,647,perf_20261002-161933_clu_rasp14_pi4gb_r2,2,148,1790957978288,0,1790958636357.13,851.794,8.57,1790958637217.966,Normal,0.9262
rasp1,48487,20261002-161933_clu_rasp14_pi4gb_r2,648,perf_20261002-161933_clu_rasp14_pi4gb_r2,2,149,1790957978288,0,1790958637218.939,486.166,8.315,1790958637713.885,Normal,0.9608
rasp1,48487,20261002-161933_clu_rasp14_pi4gb_r2,650,perf_20261002-161933_clu_rasp14_pi4gb_r2,2,150,1790957978288,0,1790958637714.853,709.957,8.506,1790958638433.79,Normal,0.9434
rasp1,48487,20261002-161933_clu_rasp14_pi4gb_r2,652,perf_20261002-161933_clu_rasp14_pi4gb_r2,2,151,1790957978288,0,1790958638434.75,275.697,8.638,1790958638719.614,Normal,0.936
rasp1,48487,20261002-161933_clu_rasp14_pi4gb_r2,655,perf_20261002-161933_clu_rasp14_pi4gb_r2,2,152,1790957978288,0,1790958638720.573,298.31,9.017,1790958639028.394,Normal,0.8426
rasp1,48487,20261002-161933_clu_rasp14_pi4gb_r2,657,perf_20261002-161933_clu_rasp14_pi4gb_r2,2,153,1790957978288,0,1790958639029.392,477.396,7.854,1790958639515.123,OFFENSIVE,0.926
rasp1,48487,20261002-161933_clu_rasp14_pi4gb_r2,658,perf_20261002-161933_clu_rasp14_pi4gb_r2,2,154,1790957978289,0,1790958639516.084,340.128,7.883,1790958639864.557,Normal,0.9375
rasp1,48487,20261002-161933_clu_rasp14_pi4gb_r2,659,perf_20261002-161933_clu_rasp14_pi4gb_r2,2,155,1790957978289,0,1790958639865.521,402.309,7.722,1790958640276.016,Normal,0.9521
rasp1,48487,20261002-161933_clu_rasp14_pi4gb_r2,661,perf_20261002-161933_clu_rasp14_pi4gb_r2,2,156,1790957978289,0,1790958640276.99,386.51,7.895,1790958640671.988,Normal,0.9544
rasp1,48487,20261002-161933_clu_rasp14_pi4gb_r2,666,perf_20261002-161933_clu_rasp14_pi4gb_r2,2,157,1790957978289,0,1790958640672.958,347.789,8.373,1790958641029.589,Normal,0.9423
rasp1,48487,20261002-161933_clu_rasp14_pi4gb_r2,674,perf_20261002-161933_clu_rasp14_pi4gb_r2,2,158,1790957978315,0,1790958641030.589,711.678,7.844,1790958641750.629,Normal,0.965
rasp1,48487,20261002-161933_clu_rasp14_pi4gb_r2,680,perf_20261002-161933_clu_rasp14_pi4gb_r2,2,159,1790957978316,0,1790958641751.677,359.347,8.289,1790958642119.812,Normal,0.9423
rasp1,48487,20261002-161933_clu_rasp14_pi4gb_r2,682,perf_20261002-161933_clu_rasp14_pi4gb_r2,2,160,1790957978316,0,1790958642120.81,348.691,9.058,1790958642479.116,Normal,0.8661
rasp1,48487,20261002-161933_clu_rasp14_pi4gb_r2,687,perf_20261002-161933_clu_rasp14_pi4gb_r2,2,161,1790957978333,0,1790958642480.193,281.139,8.128,1790958642769.951,Normal,0.8661
rasp1,48487,20261002-161933_clu_rasp14_pi4gb_r2,695,perf_20261002-161933_clu_rasp14_pi4gb_r2,2,162,1790957978337,0,1790958642771.07,367.268,7.575,1790958643146.42,Normal,0.9465
rasp1,48487,20261002-161933_clu_rasp14_pi4gb_r2,697,perf_20261002-161933_clu_rasp14_pi4gb_r2,2,163,1790957978338,0,1790958643147.571,488.192,6.982,1790958643643.053,Normal,0.9333
rasp1,48487,20261002-161933_clu_rasp14_pi4gb_r2,701,perf_20261002-161933_clu_rasp14_pi4gb_r2,2,164,1790957978339,0,1790958643643.623,287.296,8.587,1790958643939.958,Normal,0.9504
rasp1,48487,20261002-161933_clu_rasp14_pi4gb_r2,703,perf_20261002-161933_clu_rasp14_pi4gb_r2,2,165,1790957978339,0,1790958643940.924,340.198,8.982,1790958644290.594,Normal,0.9475
rasp1,48487,20261002-161933_clu_rasp14_pi4gb_r2,709,perf_20261002-161933_clu_rasp14_pi4gb_r2,2,166,1790957978340,0,1790958644291.592,386.497,7.195,1790958644685.603,Normal,0.9246
rasp1,48487,20261002-161933_clu_rasp14_pi4gb_r2,714,perf_20261002-161933_clu_rasp14_pi4gb_r2,2,167,1790957978341,0,1790958644686.223,1274.626,7.424,1790958645968.601,Normal,0.9766
rasp1,48487,20261002-161933_clu_rasp14_pi4gb_r2,717,perf_20261002-161933_clu_rasp14_pi4gb_r2,2,168,1790957978342,0,1790958645969.269,796.984,8.243,1790958646775.136,Normal,0.9559
rasp1,48487,20261002-161933_clu_rasp14_pi4gb_r2,719,perf_20261002-161933_clu_rasp14_pi4gb_r2,2,169,1790957978342,0,1790958646776.131,334.829,7.435,1790958647118.891,Normal,0.9364
rasp1,48487,20261002-161933_clu_rasp14_pi4gb_r2,721,perf_20261002-161933_clu_rasp14_pi4gb_r2,2,170,1790957978343,0,1790958647119.919,339.06,7.776,1790958647467.24,Normal,0.9224
rasp1,48487,20261002-161933_clu_rasp14_pi4gb_r2,724,perf_20261002-161933_clu_rasp14_pi4gb_r2,2,171,1790957978344,0,1790958647468.208,1397.698,7.996,1790958648874.405,Normal,0.9772
rasp1,48487,20261002-161933_clu_rasp14_pi4gb_r2,725,perf_20261002-161933_clu_rasp14_pi4gb_r2,2,172,1790957978344,0,1790958648875.402,452.683,8.47,1790958649337.115,Normal,0.9369
rasp1,48487,20261002-161933_clu_rasp14_pi4gb_r2,733,perf_20261002-161933_clu_rasp14_pi4gb_r2,2,173,1790957978345,0,1790958649338.363,325.619,8.088,1790958649672.548,Normal,0.9375
rasp1,48487,20261002-161933_clu_rasp14_pi4gb_r2,734,perf_20261002-161933_clu_rasp14_pi4gb_r2,2,174,1790957978346,0,1790958649673.514,765.683,7.992,1790958650447.677,Normal,0.9378
rasp1,48487,20261002-161933_clu_rasp14_pi4gb_r2,747,perf_20261002-161933_clu_rasp14_pi4gb_r2,2,175,1790957978348,0,1790958650448.647,922.331,6.447,1790958651377.755,Normal,0.9704
rasp1,48487,20261002-161933_clu_rasp14_pi4gb_r2,756,perf_20261002-161933_clu_rasp14_pi4gb_r2,2,176,1790957978350,0,1790958651378.327,369.779,7.74,1790958651756.315,Normal,0.9048
rasp1,48487,20261002-161933_clu_rasp14_pi4gb_r2,760,perf_20261002-161933_clu_rasp14_pi4gb_r2,2,177,1790957978351,0,1790958651757.359,388.818,6.121,1790958652152.612,Normal,0.942
rasp1,48487,20261002-161933_clu_rasp14_pi4gb_r2,762,perf_20261002-161933_clu_rasp14_pi4gb_r2,2,178,1790957978351,0,1790958652153.251,276.845,7.92,1790958652438.484,Normal,0.9375
rasp1,48487,20261002-161933_clu_rasp14_pi4gb_r2,764,perf_20261002-161933_clu_rasp14_pi4gb_r2,2,179,1790957978351,0,1790958652439.438,467.973,8.939,1790958652916.902,Normal,0.9611
rasp1,48487,20261002-161933_clu_rasp14_pi4gb_r2,773,perf_20261002-161933_clu_rasp14_pi4gb_r2,2,180,1790957978368,0,1790958652917.927,295.736,7.595,1790958653221.802,Normal,0.9375
rasp1,48487,20261002-161933_clu_rasp14_pi4gb_r2,778,perf_20261002-161933_clu_rasp14_pi4gb_r2,2,181,1790957978375,0,1790958653222.89,470.185,8.611,1790958653702.192,Normal,0.9591
rasp1,48487,20261002-161933_clu_rasp14_pi4gb_r2,782,perf_20261002-161933_clu_rasp14_pi4gb_r2,2,182,1790957978375,0,1790958653703.219,525.571,8.158,1790958654237.442,Normal,0.9525
rasp1,48487,20261002-161933_clu_rasp14_pi4gb_r2,790,perf_20261002-161933_clu_rasp14_pi4gb_r2,2,183,1790957978377,0,1790958654238.449,702.483,8.34,1790958654949.797,Normal,0.9464
rasp1,48487,20261002-161933_clu_rasp14_pi4gb_r2,794,perf_20261002-161933_clu_rasp14_pi4gb_r2,2,184,1790957978378,0,1790958654950.82,732.752,8.724,1790958655692.839,Normal,0.9711
rasp1,48487,20261002-161933_clu_rasp14_pi4gb_r2,797,perf_20261002-161933_clu_rasp14_pi4gb_r2,2,185,1790957978378,0,1790958655693.806,408.834,9.974,1790958656113.536,Normal,0.9192
rasp1,48487,20261002-161933_clu_rasp14_pi4gb_r2,803,perf_20261002-161933_clu_rasp14_pi4gb_r2,2,186,1790957978379,0,1790958656114.846,808.338,8.457,1790958656932.232,Normal,0.9485
rasp1,48487,20261002-161933_clu_rasp14_pi4gb_r2,807,perf_20261002-161933_clu_rasp14_pi4gb_r2,2,187,1790957978381,0,1790958656933.253,640.761,8.539,1790958657583.087,Normal,0.9427
rasp1,48487,20261002-161933_clu_rasp14_pi4gb_r2,812,perf_20261002-161933_clu_rasp14_pi4gb_r2,2,188,1790957978382,0,1790958657584.186,874.245,8.334,1790958658467.333,Normal,0.94
rasp1,48487,20261002-161933_clu_rasp14_pi4gb_r2,813,perf_20261002-161933_clu_rasp14_pi4gb_r2,2,189,1790957978382,0,1790958658468.298,641.807,7.685,1790958659118.127,Normal,0.7331
rasp1,48487,20261002-161933_clu_rasp14_pi4gb_r2,823,perf_20261002-161933_clu_rasp14_pi4gb_r2,2,190,1790957978384,0,1790958659119.078,340.109,7.536,1790958659467.204,Normal,0.9475
rasp1,48487,20261002-161933_clu_rasp14_pi4gb_r2,829,perf_20261002-161933_clu_rasp14_pi4gb_r2,2,191,1790957978385,0,1790958659468.155,366.719,7.948,1790958659843.305,Normal,0.9556
rasp1,48487,20261002-161933_clu_rasp14_pi4gb_r2,830,perf_20261002-161933_clu_rasp14_pi4gb_r2,2,192,1790957978386,0,1790958659844.256,271.838,5.888,1790958660122.3,Normal,0.9513
rasp1,48487,20261002-161933_clu_rasp14_pi4gb_r2,832,perf_20261002-161933_clu_rasp14_pi4gb_r2,2,193,1790957978386,0,1790958660123.112,352.127,6.49,1790958660482.054,Normal,0.8724
rasp1,48487,20261002-161933_clu_rasp14_pi4gb_r2,833,perf_20261002-161933_clu_rasp14_pi4gb_r2,2,194,1790957978386,0,1790958660482.626,468.199,8.004,1790958660959.311,Normal,0.9718
rasp1,48487,20261002-161933_clu_rasp14_pi4gb_r2,836,perf_20261002-161933_clu_rasp14_pi4gb_r2,2,195,1790957978387,0,1790958660960.415,386.17,8.083,1790958661355.204,Normal,0.9501
rasp1,48487,20261002-161933_clu_rasp14_pi4gb_r2,839,perf_20261002-161933_clu_rasp14_pi4gb_r2,2,196,1790957978387,0,1790958661356.16,340.738,8.003,1790958661705.38,Normal,0.9119
rasp1,48487,20261002-161933_clu_rasp14_pi4gb_r2,840,perf_20261002-161933_clu_rasp14_pi4gb_r2,2,197,1790957978388,0,1790958661706.051,783.472,7.624,1790958662497.681,Normal,0.9144
rasp1,48487,20261002-161933_clu_rasp14_pi4gb_r2,841,perf_20261002-161933_clu_rasp14_pi4gb_r2,2,198,1790957978388,0,1790958662498.632,350.59,8.648,1790958662858.449,Normal,0.9643
rasp1,48487,20261002-161933_clu_rasp14_pi4gb_r2,842,perf_20261002-161933_clu_rasp14_pi4gb_r2,2,199,1790957978388,0,1790958662859.406,388.63,7.79,1790958663256.314,Normal,0.9313
rasp1,48487,20261002-161933_clu_rasp14_pi4gb_r2,845,perf_20261002-161933_clu_rasp14_pi4gb_r2,2,200,1790957978388,0,1790958663257.266,548.054,8.091,1790958663813.947,Normal,0.4952
rasp1,48487,20261002-161933_clu_rasp14_pi4gb_r2,847,perf_20261002-161933_clu_rasp14_pi4gb_r2,2,201,1790957978389,0,1790958663814.902,300.248,8.211,1790958664123.846,Normal,0.8808
rasp1,48487,20261002-161933_clu_rasp14_pi4gb_r2,848,perf_20261002-161933_clu_rasp14_pi4gb_r2,2,202,1790957978389,0,1790958664124.969,510.201,8.28,1790958664643.943,Normal,0.9009
rasp1,48487,20261002-161933_clu_rasp14_pi4gb_r2,874,perf_20261002-161933_clu_rasp14_pi4gb_r2,2,203,1790957978394,0,1790958664644.886,729.24,8.055,1790958665382.8,Normal,0.9319
rasp1,48487,20261002-161933_clu_rasp14_pi4gb_r2,880,perf_20261002-161933_clu_rasp14_pi4gb_r2,2,204,1790957978396,0,1790958665383.818,340.209,7.947,1790958665732.432,Normal,0.8412
rasp1,48487,20261002-161933_clu_rasp14_pi4gb_r2,882,perf_20261002-161933_clu_rasp14_pi4gb_r2,2,205,1790957978396,0,1790958665733.522,606.481,7.483,1790958666347.803,Normal,0.946
rasp1,48487,20261002-161933_clu_rasp14_pi4gb_r2,886,perf_20261002-161933_clu_rasp14_pi4gb_r2,2,206,1790957978397,0,1790958666348.75,502.101,6.295,1790958666857.455,Normal,0.9649
rasp1,48487,20261002-161933_clu_rasp14_pi4gb_r2,894,perf_20261002-161933_clu_rasp14_pi4gb_r2,2,207,1790957978399,0,1790958666858.054,416.816,8.265,1790958667283.589,Normal,0.7975
rasp1,48487,20261002-161933_clu_rasp14_pi4gb_r2,897,perf_20261002-161933_clu_rasp14_pi4gb_r2,2,208,1790957978399,0,1790958667284.545,324.128,6.398,1790958667615.427,Normal,0.939
rasp1,48487,20261002-161933_clu_rasp14_pi4gb_r2,900,perf_20261002-161933_clu_rasp14_pi4gb_r2,2,209,1790957978400,0,1790958667616.052,681.08,8.65,1790958668306.272,Normal,0.9649
rasp1,48487,20261002-161933_clu_rasp14_pi4gb_r2,910,perf_20261002-161933_clu_rasp14_pi4gb_r2,2,210,1790957978402,0,1790958668307.342,410.675,8.074,1790958668726.564,Normal,0.9224
rasp1,48487,20261002-161933_clu_rasp14_pi4gb_r2,912,perf_20261002-161933_clu_rasp14_pi4gb_r2,2,211,1790957978402,0,1790958668727.628,691.62,8.864,1790958669428.666,Normal,0.9126
rasp1,48487,20261002-161933_clu_rasp14_pi4gb_r2,913,perf_20261002-161933_clu_rasp14_pi4gb_r2,2,212,1790957978403,0,1790958669429.929,388.469,8.025,1790958669826.951,Normal,0.9618
rasp1,48487,20261002-161933_clu_rasp14_pi4gb_r2,914,perf_20261002-161933_clu_rasp14_pi4gb_r2,2,213,1790957978403,0,1790958669827.898,297.078,7.695,1790958670133.132,Normal,0.9514
rasp1,48487,20261002-161933_clu_rasp14_pi4gb_r2,916,perf_20261002-161933_clu_rasp14_pi4gb_r2,2,214,1790957978404,0,1790958670134.277,733.65,7.895,1790958670876.293,Normal,0.9117
rasp1,48487,20261002-161933_clu_rasp14_pi4gb_r2,921,perf_20261002-161933_clu_rasp14_pi4gb_r2,2,215,1790957978405,0,1790958670877.251,691.206,6.053,1790958671574.871,Normal,0.9747
rasp1,48487,20261002-161933_clu_rasp14_pi4gb_r2,923,perf_20261002-161933_clu_rasp14_pi4gb_r2,2,216,1790957978405,0,1790958671575.433,646.435,7.958,1790958672230.295,Normal,0.9544
rasp1,48487,20261002-161933_clu_rasp14_pi4gb_r2,924,perf_20261002-161933_clu_rasp14_pi4gb_r2,2,217,1790957978405,0,1790958672231.253,621.411,6.854,1790958672859.877,Normal,0.9706
rasp1,48487,20261002-161933_clu_rasp14_pi4gb_r2,927,perf_20261002-161933_clu_rasp14_pi4gb_r2,2,218,1790957978406,0,1790958672860.44,450.033,7.322,1790958673323.377,Normal,0.974
rasp1,48487,20261002-161933_clu_rasp14_pi4gb_r2,935,perf_20261002-161933_clu_rasp14_pi4gb_r2,2,219,1790957978406,0,1790958673324.346,287.614,6.872,1790958673619.138,Normal,0.9494
rasp1,48487,20261002-161933_clu_rasp14_pi4gb_r2,939,perf_20261002-161933_clu_rasp14_pi4gb_r2,2,220,1790957978407,0,1790958673619.76,250.319,5.742,1790958673876.126,Normal,0.9375
rasp1,48487,20261002-161933_clu_rasp14_pi4gb_r2,946,perf_20261002-161933_clu_rasp14_pi4gb_r2,2,221,1790957978407,0,1790958673876.681,387.209,8.396,1790958674272.794,OFFENSIVE,0.7203
rasp1,48487,20261002-161933_clu_rasp14_pi4gb_r2,947,perf_20261002-161933_clu_rasp14_pi4gb_r2,2,222,1790957978407,0,1790958674273.748,531.237,7.62,1790958674813.074,Normal,0.9314
rasp1,48487,20261002-161933_clu_rasp14_pi4gb_r2,948,perf_20261002-161933_clu_rasp14_pi4gb_r2,2,223,1790957978407,0,1790958674813.754,272.436,5.765,1790958675092.26,Normal,0.9546
rasp1,48487,20261002-161933_clu_rasp14_pi4gb_r2,950,perf_20261002-161933_clu_rasp14_pi4gb_r2,2,224,1790957978408,0,1790958675092.853,268.445,6.566,1790958675368.159,Normal,0.9541
rasp1,48487,20261002-161933_clu_rasp14_pi4gb_r2,960,perf_20261002-161933_clu_rasp14_pi4gb_r2,2,225,1790957978409,0,1790958675368.758,273.437,7.774,1790958675650.435,Normal,0.8412
rasp1,48487,20261002-161933_clu_rasp14_pi4gb_r2,965,perf_20261002-161933_clu_rasp14_pi4gb_r2,2,226,1790957978410,0,1790958675651.386,382.604,7.322,1790958676041.777,Normal,0.9563
rasp1,48487,20261002-161933_clu_rasp14_pi4gb_r2,966,perf_20261002-161933_clu_rasp14_pi4gb_r2,2,227,1790957978410,0,1790958676042.82,644.167,7.515,1790958676694.975,Normal,0.971
rasp1,48487,20261002-161933_clu_rasp14_pi4gb_r2,976,perf_20261002-161933_clu_rasp14_pi4gb_r2,2,228,1790957978411,0,1790958676695.919,442.688,7.554,1790958677146.676,Normal,0.9522
rasp1,48487,20261002-161933_clu_rasp14_pi4gb_r2,978,perf_20261002-161933_clu_rasp14_pi4gb_r2,2,229,1790957978411,0,1790958677147.632,2945.549,8.752,1790958680102.586,Normal,0.9685
rasp1,48487,20261002-161933_clu_rasp14_pi4gb_r2,979,perf_20261002-161933_clu_rasp14_pi4gb_r2,2,230,1790957978411,0,1790958680103.635,477.618,8.655,1790958680590.449,Normal,0.9626
rasp1,48487,20261002-161933_clu_rasp14_pi4gb_r2,981,perf_20261002-161933_clu_rasp14_pi4gb_r2,2,231,1790957978411,0,1790958680591.433,345.001,7.366,1790958680944.178,Normal,0.9492
rasp1,48487,20261002-161933_clu_rasp14_pi4gb_r2,982,perf_20261002-161933_clu_rasp14_pi4gb_r2,2,232,1790957978411,0,1790958680945.202,809.238,7.842,1790958681762.846,Normal,0.9784
rasp1,48487,20261002-161933_clu_rasp14_pi4gb_r2,986,perf_20261002-161933_clu_rasp14_pi4gb_r2,2,233,1790957978412,0,1790958681763.805,611.588,6.33,1790958682382.082,Normal,0.9361
rasp1,48487,20261002-161933_clu_rasp14_pi4gb_r2,997,perf_20261002-161933_clu_rasp14_pi4gb_r2,2,234,1790957978413,0,1790958682382.644,310.022,7.593,1790958682700.795,Normal,0.9554
rasp1,48487,20261002-161933_clu_rasp14_pi4gb_r2,998,perf_20261002-161933_clu_rasp14_pi4gb_r2,2,235,1790957978413,0,1790958682701.772,317.694,6.612,1790958683026.443,Normal,0.9192
rasp1,48487,20261002-161933_clu_rasp14_pi4gb_r2,1000,perf_20261002-161933_clu_rasp14_pi4gb_r2,2,236,1790957978413,0,1790958683027.043,502.734,6.441,1790958683536.537,Normal,0.9164
rasp1,48487,20261002-161933_clu_rasp14_pi4gb_r2,1010,perf_20261002-161933_clu_rasp14_pi4gb_r2,2,237,1790957978414,0,1790958683537.132,362.656,8.021,1790958683908.282,Normal,0.8504
rasp1,48487,20261002-161933_clu_rasp14_pi4gb_r2,1013,perf_20261002-161933_clu_rasp14_pi4gb_r2,2,238,1790957978414,0,1790958683909.236,326.944,8.453,1790958684245.116,Normal,0.9531
rasp1,48487,20261002-161933_clu_rasp14_pi4gb_r2,1018,perf_20261002-161933_clu_rasp14_pi4gb_r2,2,239,1790957978415,0,1790958684246.075,340.776,7.728,1790958684595.061,Normal,0.9345
rasp1,48487,20261002-161933_clu_rasp14_pi4gb_r2,1019,perf_20261002-161933_clu_rasp14_pi4gb_r2,2,240,1790957978415,0,1790958684596.02,402.004,7.812,1790958685006.189,Normal,0.9352
rasp1,48487,20261002-161933_clu_rasp14_pi4gb_r2,1022,perf_20261002-161933_clu_rasp14_pi4gb_r2,2,241,1790957978415,0,1790958685007.166,341.577,7.373,1790958685356.435,Normal,0.8738
rasp1,48487,20261002-161933_clu_rasp14_pi4gb_r2,1028,perf_20261002-161933_clu_rasp14_pi4gb_r2,2,242,1790957978416,0,1790958685357.039,297.765,6.315,1790958685661.432,Normal,0.6456
rasp1,48487,20261002-161933_clu_rasp14_pi4gb_r2,1029,perf_20261002-161933_clu_rasp14_pi4gb_r2,2,243,1790957978416,0,1790958685662.032,316.742,5.607,1790958685984.693,Normal,0.9266
rasp1,48487,20261002-161933_clu_rasp14_pi4gb_r2,1030,perf_20261002-161933_clu_rasp14_pi4gb_r2,2,244,1790957978416,0,1790958685985.322,469.871,7.54,1790958686463.224,Normal,0.9665
rasp1,48487,20261002-161933_clu_rasp14_pi4gb_r2,1032,perf_20261002-161933_clu_rasp14_pi4gb_r2,2,245,1790957978416,0,1790958686464.18,1448.95,7.141,1790958687920.609,Normal,0.9601
rasp1,48487,20261002-161933_clu_rasp14_pi4gb_r2,1034,perf_20261002-161933_clu_rasp14_pi4gb_r2,2,246,1790957978416,0,1790958687921.501,251.312,7.72,1790958688181.016,Normal,0.4554
rasp1,48487,20261002-161933_clu_rasp14_pi4gb_r2,1037,perf_20261002-161933_clu_rasp14_pi4gb_r2,2,247,1790957978416,0,1790958688181.988,414.843,6.038,1790958688603.179,Normal,0.9658
rasp1,48487,20261002-161933_clu_rasp14_pi4gb_r2,1041,perf_20261002-161933_clu_rasp14_pi4gb_r2,2,248,1790957978417,0,1790958688603.753,552.146,8.244,1790958689164.625,Normal,0.9584
rasp1,48487,20261002-161933_clu_rasp14_pi4gb_r2,1048,perf_20261002-161933_clu_rasp14_pi4gb_r2,2,249,1790957978417,0,1790958689165.598,241.27,7.982,1790958689415.334,Normal,0.9627
rasp1,48487,20261002-161933_clu_rasp14_pi4gb_r2,1057,perf_20261002-161933_clu_rasp14_pi4gb_r2,2,250,1790957978418,0,1790958689416.381,1102.39,8.662,1790958690528.069,Normal,0.9466
rasp1,48487,20261002-161933_clu_rasp14_pi4gb_r2,1060,perf_20261002-161933_clu_rasp14_pi4gb_r2,2,251,1790957978418,0,1790958690557.649,299.505,8.248,1790958690865.872,Normal,0.7933
rasp1,48487,20261002-161933_clu_rasp14_pi4gb_r2,1065,perf_20261002-161933_clu_rasp14_pi4gb_r2,2,252,1790957978419,0,1790958690866.822,535.98,8.367,1790958691411.638,Normal,0.9084
rasp1,48487,20261002-161933_clu_rasp14_pi4gb_r2,1067,perf_20261002-161933_clu_rasp14_pi4gb_r2,2,253,1790957978419,0,1790958691412.603,1205.528,9.177,1790958692627.809,Normal,0.9724
rasp1,48487,20261002-161933_clu_rasp14_pi4gb_r2,1068,perf_20261002-161933_clu_rasp14_pi4gb_r2,2,254,1790957978419,0,1790958692628.788,477.156,10.391,1790958693116.812,Normal,0.9592
rasp1,48487,20261002-161933_clu_rasp14_pi4gb_r2,1070,perf_20261002-161933_clu_rasp14_pi4gb_r2,2,255,1790957978419,0,1790958693118.021,407.032,7.716,1790958693533.231,Normal,0.9728
rasp1,48487,20261002-161933_clu_rasp14_pi4gb_r2,1071,perf_20261002-161933_clu_rasp14_pi4gb_r2,2,256,1790957978419,0,1790958693533.833,411.941,7.812,1790958693954.043,Normal,0.881
rasp1,48487,20261002-161933_clu_rasp14_pi4gb_r2,1072,perf_20261002-161933_clu_rasp14_pi4gb_r2,2,257,1790957978419,0,1790958693955.003,554.155,7.989,1790958694517.61,Normal,0.6321
rasp1,48487,20261002-161933_clu_rasp14_pi4gb_r2,1073,perf_20261002-161933_clu_rasp14_pi4gb_r2,2,258,1790957978419,0,1790958694518.562,340.791,7.993,1790958694867.845,Normal,0.9375
rasp1,48487,20261002-161933_clu_rasp14_pi4gb_r2,1074,perf_20261002-161933_clu_rasp14_pi4gb_r2,2,259,1790957978419,0,1790958694868.799,457.548,6.207,1790958695332.872,OFFENSIVE,0.6502
rasp1,48487,20261002-161933_clu_rasp14_pi4gb_r2,1081,perf_20261002-161933_clu_rasp14_pi4gb_r2,2,260,1790957978420,0,1790958695333.438,689.582,7.685,1790958696031.181,Normal,0.9409
rasp1,48487,20261002-161933_clu_rasp14_pi4gb_r2,1083,perf_20261002-161933_clu_rasp14_pi4gb_r2,2,261,1790957978420,0,1790958696032.147,391.461,5.807,1790958696429.756,Normal,0.9575
rasp1,48487,20261002-161933_clu_rasp14_pi4gb_r2,1088,perf_20261002-161933_clu_rasp14_pi4gb_r2,2,262,1790957978421,0,1790958696430.295,638.093,8.833,1790958697077.843,Normal,0.9424
rasp1,48487,20261002-161933_clu_rasp14_pi4gb_r2,1097,perf_20261002-161933_clu_rasp14_pi4gb_r2,2,263,1790957978422,0,1790958697078.81,386.262,7.369,1790958697472.902,Normal,0.9654
rasp1,48487,20261002-161933_clu_rasp14_pi4gb_r2,1099,perf_20261002-161933_clu_rasp14_pi4gb_r2,2,264,1790957978422,0,1790958697473.853,668.058,7.744,1790958698150.127,Normal,0.9351
rasp1,48487,20261002-161933_clu_rasp14_pi4gb_r2,1105,perf_20261002-161933_clu_rasp14_pi4gb_r2,2,265,1790957978422,0,1790958698151.116,417.908,6.138,1790958698575.474,Normal,0.951
rasp1,48487,20261002-161933_clu_rasp14_pi4gb_r2,1109,perf_20261002-161933_clu_rasp14_pi4gb_r2,2,266,1790957978423,0,1790958698576.073,317.956,6.563,1790958698900.894,Normal,0.9257
rasp1,48487,20261002-161933_clu_rasp14_pi4gb_r2,1110,perf_20261002-161933_clu_rasp14_pi4gb_r2,2,267,1790957978423,0,1790958698901.465,410.562,8.548,1790958699320.881,Normal,0.8559
rasp1,48487,20261002-161933_clu_rasp14_pi4gb_r2,1113,perf_20261002-161933_clu_rasp14_pi4gb_r2,2,268,1790957978423,0,1790958699322.019,351.101,6.525,1790958699679.956,Normal,0.9694
rasp1,48487,20261002-161933_clu_rasp14_pi4gb_r2,1119,perf_20261002-161933_clu_rasp14_pi4gb_r2,2,269,1790957978423,0,1790958699680.522,465.852,7.708,1790958700154.576,Normal,0.9721
rasp1,48487,20261002-161933_clu_rasp14_pi4gb_r2,1120,perf_20261002-161933_clu_rasp14_pi4gb_r2,2,270,1790957978423,0,1790958700155.552,317.849,7.458,1790958700481.388,Normal,0.9608
rasp1,48487,20261002-161933_clu_rasp14_pi4gb_r2,1123,perf_20261002-161933_clu_rasp14_pi4gb_r2,2,271,1790957978424,0,1790958700482.535,401.115,7.749,1790958700891.912,Normal,0.957
rasp1,48487,20261002-161933_clu_rasp14_pi4gb_r2,1128,perf_20261002-161933_clu_rasp14_pi4gb_r2,2,272,1790957978424,0,1790958700892.964,954.229,7.305,1790958701854.996,Normal,0.968
rasp1,48487,20261002-161933_clu_rasp14_pi4gb_r2,1132,perf_20261002-161933_clu_rasp14_pi4gb_r2,2,273,1790957978424,0,1790958701855.578,339.178,6.028,1790958702201.094,Normal,0.9555
rasp1,48487,20261002-161933_clu_rasp14_pi4gb_r2,1134,perf_20261002-161933_clu_rasp14_pi4gb_r2,2,274,1790957978425,0,1790958702201.667,432.796,6.628,1790958702641.432,Normal,0.9473
rasp1,48487,20261002-161933_clu_rasp14_pi4gb_r2,1136,perf_20261002-161933_clu_rasp14_pi4gb_r2,2,275,1790957978425,0,1790958702642.039,311.159,6.309,1790958702959.809,Normal,0.9561
rasp1,48487,20261002-161933_clu_rasp14_pi4gb_r2,1137,perf_20261002-161933_clu_rasp14_pi4gb_r2,2,276,1790957978427,0,1790958702960.375,313.646,5.261,1790958703279.584,Normal,0.9473
rasp1,48487,20261002-161933_clu_rasp14_pi4gb_r2,1138,perf_20261002-161933_clu_rasp14_pi4gb_r2,2,277,1790957978427,0,1790958703280.204,330.816,8.361,1790958703619.835,Normal,0.9413
rasp1,48487,20261002-161933_clu_rasp14_pi4gb_r2,1141,perf_20261002-161933_clu_rasp14_pi4gb_r2,2,278,1790957978427,0,1790958703620.922,349.66,8.779,1790958703979.884,Normal,0.9405
rasp1,48487,20261002-161933_clu_rasp14_pi4gb_r2,1145,perf_20261002-161933_clu_rasp14_pi4gb_r2,2,279,1790957978428,0,1790958703980.972,396.326,9.921,1790958704388.131,Normal,0.9711
rasp1,48487,20261002-161933_clu_rasp14_pi4gb_r2,1147,perf_20261002-161933_clu_rasp14_pi4gb_r2,2,280,1790957978428,0,1790958704389.593,339.493,7.37,1790958704736.78,Normal,0.9096
rasp1,48487,20261002-161933_clu_rasp14_pi4gb_r2,1152,perf_20261002-161933_clu_rasp14_pi4gb_r2,2,281,1790957978428,0,1790958704737.388,416.513,7.859,1790958705162.217,Normal,0.9568
rasp1,48487,20261002-161933_clu_rasp14_pi4gb_r2,1159,perf_20261002-161933_clu_rasp14_pi4gb_r2,2,282,1790957978429,0,1790958705163.178,285.879,6.879,1790958705456.248,Normal,0.9627
rasp1,48487,20261002-161933_clu_rasp14_pi4gb_r2,1162,perf_20261002-161933_clu_rasp14_pi4gb_r2,2,283,1790957978429,0,1790958705456.843,998.025,8.116,1790958706463.454,Normal,0.9411
rasp1,48487,20261002-161933_clu_rasp14_pi4gb_r2,1172,perf_20261002-161933_clu_rasp14_pi4gb_r2,2,284,1790957978430,0,1790958706464.407,271.634,8.286,1790958706744.789,Normal,0.86
rasp1,48487,20261002-161933_clu_rasp14_pi4gb_r2,1174,perf_20261002-161933_clu_rasp14_pi4gb_r2,2,285,1790957978430,0,1790958706745.741,401.2,6.014,1790958707153.288,Normal,0.9368
rasp1,48487,20261002-161933_clu_rasp14_pi4gb_r2,1180,perf_20261002-161933_clu_rasp14_pi4gb_r2,2,286,1790957978431,0,1790958707153.898,729.249,7.498,1790958707891.115,Normal,0.968
rasp1,48487,20261002-161933_clu_rasp14_pi4gb_r2,1183,perf_20261002-161933_clu_rasp14_pi4gb_r2,2,287,1790957978431,0,1790958707892.259,541.385,6.755,1790958708440.747,Normal,0.4246
rasp1,48487,20261002-161933_clu_rasp14_pi4gb_r2,1184,perf_20261002-161933_clu_rasp14_pi4gb_r2,2,288,1790957978431,0,1790958708441.305,447.304,8.116,1790958708897.351,Normal,0.9507
rasp1,48487,20261002-161933_clu_rasp14_pi4gb_r2,1189,perf_20261002-161933_clu_rasp14_pi4gb_r2,2,289,1790957978432,0,1790958708898.299,402.497,8.321,1790958709309.584,Normal,0.9629
rasp1,48487,20261002-161933_clu_rasp14_pi4gb_r2,1193,perf_20261002-161933_clu_rasp14_pi4gb_r2,2,290,1790957978432,0,1790958709310.539,333.637,8.442,1790958709653.081,Normal,0.9171
rasp1,48487,20261002-161933_clu_rasp14_pi4gb_r2,1194,perf_20261002-161933_clu_rasp14_pi4gb_r2,2,291,1790957978432,0,1790958709654.039,2142.235,8.327,1790958711805.138,Normal,0.9511
rasp1,48487,20261002-161933_clu_rasp14_pi4gb_r2,1198,perf_20261002-161933_clu_rasp14_pi4gb_r2,2,292,1790957978434,0,1790958711806.097,420.397,8.311,1790958712235.343,Normal,0.953
rasp1,48487,20261002-161933_clu_rasp14_pi4gb_r2,1222,perf_20261002-161933_clu_rasp14_pi4gb_r2,2,293,1790957978436,0,1790958712236.311,367.254,8.202,1790958712612.282,Normal,0.932
rasp1,48487,20261002-161933_clu_rasp14_pi4gb_r2,1224,perf_20261002-161933_clu_rasp14_pi4gb_r2,2,294,1790957978436,0,1790958712613.243,353.716,6.163,1790958712973.428,HATE,0.4387
rasp1,48487,20261002-161933_clu_rasp14_pi4gb_r2,1226,perf_20261002-161933_clu_rasp14_pi4gb_r2,2,295,1790957978436,0,1790958712974.109,449.544,6.783,1790958713430.918,Normal,0.9765
rasp1,48487,20261002-161933_clu_rasp14_pi4gb_r2,1237,perf_20261002-161933_clu_rasp14_pi4gb_r2,2,296,1790957978437,0,1790958713431.467,373.144,5.951,1790958713810.996,Normal,0.9761
rasp1,48487,20261002-161933_clu_rasp14_pi4gb_r2,1244,perf_20261002-161933_clu_rasp14_pi4gb_r2,2,297,1790957978437,0,1790958713811.559,463.642,7.52,1790958714283.104,Normal,0.9604
rasp1,48487,20261002-161933_clu_rasp14_pi4gb_r2,1248,perf_20261002-161933_clu_rasp14_pi4gb_r2,2,298,1790957978438,0,1790958714284.074,311.095,7.059,1790958714602.535,Normal,0.9423
rasp1,48487,20261002-161933_clu_rasp14_pi4gb_r2,1249,perf_20261002-161933_clu_rasp14_pi4gb_r2,2,299,1790957978438,0,1790958714603.133,279.797,6.412,1790958714889.633,Normal,0.9556
rasp1,48487,20261002-161933_clu_rasp14_pi4gb_r2,1254,perf_20261002-161933_clu_rasp14_pi4gb_r2,2,300,1790957978438,0,1790958714890.224,932.97,5.723,1790958715829.239,Normal,0.9677
rasp1,48487,20261002-161933_clu_rasp14_pi4gb_r2,1260,perf_20261002-161933_clu_rasp14_pi4gb_r2,2,301,1790957978439,0,1790958715829.858,320.651,7.976,1790958716159.0,Normal,0.9453
rasp1,48487,20261002-161933_clu_rasp14_pi4gb_r2,1266,perf_20261002-161933_clu_rasp14_pi4gb_r2,2,302,1790957978440,0,1790958716160.023,480.802,8.766,1790958716650.062,Normal,0.9547
rasp1,48487,20261002-161933_clu_rasp14_pi4gb_r2,1270,perf_20261002-161933_clu_rasp14_pi4gb_r2,2,303,1790957978440,0,1790958716651.028,277.775,8.367,1790958716937.638,Normal,0.9274
rasp1,48487,20261002-161933_clu_rasp14_pi4gb_r2,1277,perf_20261002-161933_clu_rasp14_pi4gb_r2,2,304,1790957978440,0,1790958716938.601,667.269,6.368,1790958717612.567,Normal,0.9497
rasp1,48487,20261002-161933_clu_rasp14_pi4gb_r2,1278,perf_20261002-161933_clu_rasp14_pi4gb_r2,2,305,1790957978441,0,1790958717613.164,281.696,7.161,1790958717902.481,Normal,0.9105
rasp1,48487,20261002-161933_clu_rasp14_pi4gb_r2,1284,perf_20261002-161933_clu_rasp14_pi4gb_r2,2,306,1790957978441,0,1790958717903.438,357.875,6.3,1790958718267.923,Normal,0.9008
rasp1,48487,20261002-161933_clu_rasp14_pi4gb_r2,1286,perf_20261002-161933_clu_rasp14_pi4gb_r2,2,307,1790957978441,0,1790958718268.493,245.653,7.564,1790958718522.158,Normal,0.9537
rasp1,48487,20261002-161933_clu_rasp14_pi4gb_r2,1291,perf_20261002-161933_clu_rasp14_pi4gb_r2,2,308,1790957978442,0,1790958718523.115,268.819,6.576,1790958718798.817,Normal,0.9788
rasp1,48487,20261002-161933_clu_rasp14_pi4gb_r2,1292,perf_20261002-161933_clu_rasp14_pi4gb_r2,2,309,1790957978442,0,1790958718799.399,340.275,7.719,1790958719148.029,Normal,0.8965
rasp1,48487,20261002-161933_clu_rasp14_pi4gb_r2,1297,perf_20261002-161933_clu_rasp14_pi4gb_r2,2,310,1790957978442,0,1790958719148.998,678.36,9.237,1790958719837.115,Normal,0.9775
rasp1,48487,20261002-161933_clu_rasp14_pi4gb_r2,1298,perf_20261002-161933_clu_rasp14_pi4gb_r2,2,311,1790957978442,0,1790958719838.073,360.128,6.039,1790958720204.553,Normal,0.9584
rasp1,48487,20261002-161933_clu_rasp14_pi4gb_r2,1305,perf_20261002-161933_clu_rasp14_pi4gb_r2,2,312,1790957978443,0,1790958720205.168,237.698,7.315,1790958720450.479,Normal,0.9475
rasp1,48487,20261002-161933_clu_rasp14_pi4gb_r2,1307,perf_20261002-161933_clu_rasp14_pi4gb_r2,2,313,1790957978443,0,1790958720451.443,217.338,7.967,1790958720677.213,Normal,0.9375
rasp1,48487,20261002-161933_clu_rasp14_pi4gb_r2,1308,perf_20261002-161933_clu_rasp14_pi4gb_r2,2,314,1790957978443,0,1790958720678.26,1012.569,6.653,1790958721697.796,Normal,0.7337
rasp1,48487,20261002-161933_clu_rasp14_pi4gb_r2,1309,perf_20261002-161933_clu_rasp14_pi4gb_r2,2,315,1790957978443,0,1790958721698.353,222.006,6.736,1790958721927.397,Normal,0.9694
rasp1,48487,20261002-161933_clu_rasp14_pi4gb_r2,1315,perf_20261002-161933_clu_rasp14_pi4gb_r2,2,316,1790957978444,0,1790958721928.001,387.59,6.008,1790958722321.939,Normal,0.9523
rasp1,48487,20261002-161933_clu_rasp14_pi4gb_r2,1318,perf_20261002-161933_clu_rasp14_pi4gb_r2,2,317,1790957978444,0,1790958722322.49,347.566,7.623,1790958722678.159,Normal,0.9479
rasp1,48487,20261002-161933_clu_rasp14_pi4gb_r2,1320,perf_20261002-161933_clu_rasp14_pi4gb_r2,2,318,1790957978448,0,1790958722678.871,310.159,7.831,1790958722997.323,Normal,0.7209
rasp1,48487,20261002-161933_clu_rasp14_pi4gb_r2,1323,perf_20261002-161933_clu_rasp14_pi4gb_r2,2,319,1790957978448,0,1790958722998.299,389.968,8.045,1790958723396.824,Normal,0.9394
rasp1,48487,20261002-161933_clu_rasp14_pi4gb_r2,1325,perf_20261002-161933_clu_rasp14_pi4gb_r2,2,320,1790957978449,0,1790958723397.772,310.189,7.813,1790958723716.239,Normal,0.567
rasp1,48487,20261002-161933_clu_rasp14_pi4gb_r2,1327,perf_20261002-161933_clu_rasp14_pi4gb_r2,2,321,1790957978449,0,1790958723717.183,258.665,6.122,1790958723982.28,Normal,0.958
rasp1,48487,20261002-161933_clu_rasp14_pi4gb_r2,1330,perf_20261002-161933_clu_rasp14_pi4gb_r2,2,322,1790957978449,0,1790958723982.875,300.028,8.008,1790958724291.365,Normal,0.9194
rasp1,48487,20261002-161933_clu_rasp14_pi4gb_r2,1339,perf_20261002-161933_clu_rasp14_pi4gb_r2,2,323,1790957978450,0,1790958724292.321,330.631,6.022,1790958724629.277,Normal,0.9479
rasp1,48487,20261002-161933_clu_rasp14_pi4gb_r2,1340,perf_20261002-161933_clu_rasp14_pi4gb_r2,2,324,1790957978450,0,1790958724629.859,262.122,7.127,1790958724899.406,Normal,0.9438
rasp1,48487,20261002-161933_clu_rasp14_pi4gb_r2,1345,perf_20261002-161933_clu_rasp14_pi4gb_r2,2,325,1790957978450,0,1790958724900.122,330.759,5.99,1790958725237.169,Normal,0.9447
rasp1,48487,20261002-161933_clu_rasp14_pi4gb_r2,1348,perf_20261002-161933_clu_rasp14_pi4gb_r2,2,326,1790957978450,0,1790958725237.791,407.329,7.694,1790958725653.278,Normal,0.9727
rasp1,48487,20261002-161933_clu_rasp14_pi4gb_r2,1353,perf_20261002-161933_clu_rasp14_pi4gb_r2,2,327,1790957978451,0,1790958725654.233,449.563,7.273,1790958726111.533,Normal,0.975
rasp1,48487,20261002-161933_clu_rasp14_pi4gb_r2,1355,perf_20261002-161933_clu_rasp14_pi4gb_r2,2,328,1790957978451,0,1790958726112.482,1301.919,8.199,1790958727423.162,Normal,0.9675
rasp1,48487,20261002-161933_clu_rasp14_pi4gb_r2,1356,perf_20261002-161933_clu_rasp14_pi4gb_r2,2,329,1790957978451,0,1790958727424.159,348.573,8.448,1790958727781.742,Normal,0.9569
rasp1,48487,20261002-161933_clu_rasp14_pi4gb_r2,1362,perf_20261002-161933_clu_rasp14_pi4gb_r2,2,330,1790957978452,0,1790958727782.741,336.758,6.679,1790958728126.769,Normal,0.9608
rasp1,48487,20261002-161933_clu_rasp14_pi4gb_r2,1363,perf_20261002-161933_clu_rasp14_pi4gb_r2,2,331,1790957978452,0,1790958728127.365,293.156,8.488,1790958728429.504,Normal,0.9572
rasp1,48487,20261002-161933_clu_rasp14_pi4gb_r2,1371,perf_20261002-161933_clu_rasp14_pi4gb_r2,2,332,1790957978452,0,1790958728430.491,486.995,8.414,1790958728926.423,Normal,0.9634
rasp1,48487,20261002-161933_clu_rasp14_pi4gb_r2,1379,perf_20261002-161933_clu_rasp14_pi4gb_r2,2,333,1790957978453,0,1790958728927.473,349.171,8.05,1790958729285.211,Normal,0.9427
rasp1,48487,20261002-161933_clu_rasp14_pi4gb_r2,1385,perf_20261002-161933_clu_rasp14_pi4gb_r2,2,334,1790957978454,0,1790958729286.215,338.275,8.622,1790958729633.616,Normal,0.9694
rasp1,48487,20261002-161933_clu_rasp14_pi4gb_r2,1390,perf_20261002-161933_clu_rasp14_pi4gb_r2,2,335,1790957978454,0,1790958729634.612,318.807,9.311,1790958729963.324,Normal,0.9375
rasp1,48487,20261002-161933_clu_rasp14_pi4gb_r2,1396,perf_20261002-161933_clu_rasp14_pi4gb_r2,2,336,1790957978455,0,1790958729964.5,337.866,8.019,1790958730310.915,Normal,0.9556
rasp1,48487,20261002-161933_clu_rasp14_pi4gb_r2,1397,perf_20261002-161933_clu_rasp14_pi4gb_r2,2,337,1790957978455,0,1790958730311.934,789.039,8.151,1790958731109.61,Normal,0.9481
rasp1,48487,20261002-161933_clu_rasp14_pi4gb_r2,1398,perf_20261002-161933_clu_rasp14_pi4gb_r2,2,338,1790957978455,0,1790958731110.662,407.527,7.026,1790958731525.537,Normal,0.9699
rasp1,48487,20261002-161933_clu_rasp14_pi4gb_r2,1399,perf_20261002-161933_clu_rasp14_pi4gb_r2,2,339,1790957978455,0,1790958731526.622,453.586,8.111,1790958731988.788,Normal,0.9682
rasp1,48487,20261002-161933_clu_rasp14_pi4gb_r2,1402,perf_20261002-161933_clu_rasp14_pi4gb_r2,2,340,1790957978455,0,1790958731989.748,386.605,7.715,1790958732384.574,Normal,0.9467
rasp1,48487,20261002-161933_clu_rasp14_pi4gb_r2,1404,perf_20261002-161933_clu_rasp14_pi4gb_r2,2,341,1790957978456,0,1790958732385.228,994.339,8.589,1790958733388.694,OFFENSIVE,0.4954
rasp1,48487,20261002-161933_clu_rasp14_pi4gb_r2,1414,perf_20261002-161933_clu_rasp14_pi4gb_r2,2,342,1790957978456,0,1790958733389.67,276.436,7.994,1790958733674.558,Normal,0.9386
rasp1,48487,20261002-161933_clu_rasp14_pi4gb_r2,1419,perf_20261002-161933_clu_rasp14_pi4gb_r2,2,343,1790957978457,0,1790958733675.516,312.355,8.081,1790958733996.411,Normal,0.9629
rasp1,48487,20261002-161933_clu_rasp14_pi4gb_r2,1420,perf_20261002-161933_clu_rasp14_pi4gb_r2,2,344,1790957978457,0,1790958733997.371,301.388,8.091,1790958734307.309,Normal,0.8593
rasp1,48487,20261002-161933_clu_rasp14_pi4gb_r2,1422,perf_20261002-161933_clu_rasp14_pi4gb_r2,2,345,1790957978457,0,1790958734308.273,281.66,6.273,1790958734596.521,Normal,0.9597
rasp1,48487,20261002-161933_clu_rasp14_pi4gb_r2,1430,perf_20261002-161933_clu_rasp14_pi4gb_r2,2,346,1790957978458,0,1790958734597.127,336.939,8.679,1790958734943.197,Normal,0.9375
rasp1,48487,20261002-161933_clu_rasp14_pi4gb_r2,1446,perf_20261002-161933_clu_rasp14_pi4gb_r2,2,347,1790957978477,0,1790958734943.892,247.698,5.993,1790958735198.005,Normal,0.944
rasp1,48487,20261002-161933_clu_rasp14_pi4gb_r2,1454,perf_20261002-161933_clu_rasp14_pi4gb_r2,2,348,1790957978494,0,1790958735198.86,347.885,6.149,1790958735553.208,Normal,0.9577
rasp1,48487,20261002-161933_clu_rasp14_pi4gb_r2,1456,perf_20261002-161933_clu_rasp14_pi4gb_r2,2,349,1790957978495,0,1790958735553.856,488.936,6.272,1790958736049.36,Normal,0.9576
rasp1,48487,20261002-161933_clu_rasp14_pi4gb_r2,1457,perf_20261002-161933_clu_rasp14_pi4gb_r2,2,350,1790957978496,0,1790958736049.939,311.091,8.498,1790958736369.977,Normal,0.9667
rasp1,48487,20261002-161933_clu_rasp14_pi4gb_r2,1470,perf_20261002-161933_clu_rasp14_pi4gb_r2,2,351,1790957978498,0,1790958736370.991,331.988,5.898,1790958736709.196,Normal,0.9132
rasp1,48487,20261002-161933_clu_rasp14_pi4gb_r2,1471,perf_20261002-161933_clu_rasp14_pi4gb_r2,2,352,1790957978498,0,1790958736709.788,2166.297,6.994,1790958738883.434,Normal,0.8268
rasp1,48487,20261002-161933_clu_rasp14_pi4gb_r2,1473,perf_20261002-161933_clu_rasp14_pi4gb_r2,2,353,1790957978499,0,1790958738884.05,303.898,5.722,1790958739193.983,Normal,0.9424
rasp1,48487,20261002-161933_clu_rasp14_pi4gb_r2,1476,perf_20261002-161933_clu_rasp14_pi4gb_r2,2,354,1790957978499,0,1790958739194.549,344.577,7.267,1790958739546.849,Normal,0.9678
rasp1,48487,20261002-161933_clu_rasp14_pi4gb_r2,1481,perf_20261002-161933_clu_rasp14_pi4gb_r2,2,355,1790957978500,0,1790958739547.796,433.558,6.856,1790958739988.526,Normal,0.8978
rasp1,48487,20261002-161933_clu_rasp14_pi4gb_r2,1484,perf_20261002-161933_clu_rasp14_pi4gb_r2,2,356,1790957978501,0,1790958739989.117,421.801,8.307,1790958740419.674,Normal,0.89
rasp1,48487,20261002-161933_clu_rasp14_pi4gb_r2,1487,perf_20261002-161933_clu_rasp14_pi4gb_r2,2,357,1790957978501,0,1790958740420.628,464.156,6.835,1790958740891.925,Normal,0.9348
rasp1,48487,20261002-161933_clu_rasp14_pi4gb_r2,1488,perf_20261002-161933_clu_rasp14_pi4gb_r2,2,358,1790957978507,0,1790958740892.487,207.448,6.608,1790958741106.844,Normal,0.9148
rasp1,48487,20261002-161933_clu_rasp14_pi4gb_r2,1490,perf_20261002-161933_clu_rasp14_pi4gb_r2,2,359,1790957978516,0,1790958741107.405,319.447,5.853,1790958741432.995,Normal,0.7759
rasp1,48487,20261002-161933_clu_rasp14_pi4gb_r2,1494,perf_20261002-161933_clu_rasp14_pi4gb_r2,2,360,1790957978520,0,1790958741433.546,320.081,8.252,1790958741762.504,Normal,0.9649
rasp1,48487,20261002-161933_clu_rasp14_pi4gb_r2,1497,perf_20261002-161933_clu_rasp14_pi4gb_r2,2,361,1790957978522,0,1790958741763.498,664.447,8.488,1790958742436.925,Normal,0.9631
rasp1,48487,20261002-161933_clu_rasp14_pi4gb_r2,1498,perf_20261002-161933_clu_rasp14_pi4gb_r2,2,362,1790957978522,0,1790958742437.906,396.106,7.811,1790958742842.301,Normal,0.9655
rasp1,48487,20261002-161933_clu_rasp14_pi4gb_r2,1503,perf_20261002-161933_clu_rasp14_pi4gb_r2,2,363,1790957978522,0,1790958742843.404,235.516,7.018,1790958743086.273,Normal,0.939
rasp1,48487,20261002-161933_clu_rasp14_pi4gb_r2,1504,perf_20261002-161933_clu_rasp14_pi4gb_r2,2,364,1790957978522,0,1790958743087.261,644.305,6.933,1790958743738.851,Normal,0.6659
rasp1,48487,20261002-161933_clu_rasp14_pi4gb_r2,1505,perf_20261002-161933_clu_rasp14_pi4gb_r2,2,365,1790957978522,0,1790958743739.397,295.892,7.34,1790958744042.955,Normal,0.7958
rasp1,48487,20261002-161933_clu_rasp14_pi4gb_r2,1506,perf_20261002-161933_clu_rasp14_pi4gb_r2,2,366,1790957978522,0,1790958744043.933,784.15,6.395,1790958744834.814,HATE,0.6767
rasp1,48487,20261002-161933_clu_rasp14_pi4gb_r2,1508,perf_20261002-161933_clu_rasp14_pi4gb_r2,2,367,1790957978523,0,1790958744835.391,244.256,6.337,1790958745086.332,Normal,0.9173
rasp1,48487,20261002-161933_clu_rasp14_pi4gb_r2,1512,perf_20261002-161933_clu_rasp14_pi4gb_r2,2,368,1790957978523,0,1790958745086.925,370.528,6.202,1790958745463.995,OFFENSIVE,0.8825
rasp1,48487,20261002-161933_clu_rasp14_pi4gb_r2,1515,perf_20261002-161933_clu_rasp14_pi4gb_r2,2,369,1790957978524,0,1790958745464.544,370.888,8.145,1790958745844.127,Normal,0.9642
rasp1,48487,20261002-161933_clu_rasp14_pi4gb_r2,1518,perf_20261002-161933_clu_rasp14_pi4gb_r2,2,370,1790957978524,0,1790958745845.115,301.036,6.512,1790958746152.982,Normal,0.9556
rasp1,48487,20261002-161933_clu_rasp14_pi4gb_r2,1519,perf_20261002-161933_clu_rasp14_pi4gb_r2,2,371,1790957978524,0,1790958746153.55,215.631,7.576,1790958746377.231,Normal,0.9475
rasp1,48487,20261002-161933_clu_rasp14_pi4gb_r2,1521,perf_20261002-161933_clu_rasp14_pi4gb_r2,2,372,1790957978524,0,1790958746378.19,320.639,7.888,1790958746707.197,Normal,0.9675
rasp1,48487,20261002-161933_clu_rasp14_pi4gb_r2,1525,perf_20261002-161933_clu_rasp14_pi4gb_r2,2,373,1790957978525,0,1790958746708.162,284.391,6.624,1790958746999.532,Normal,0.9545
rasp1,48487,20261002-161933_clu_rasp14_pi4gb_r2,1533,perf_20261002-161933_clu_rasp14_pi4gb_r2,2,374,1790957978525,0,1790958747000.115,338.259,7.753,1790958747346.641,Normal,0.8626
rasp1,48487,20261002-161933_clu_rasp14_pi4gb_r2,1535,perf_20261002-161933_clu_rasp14_pi4gb_r2,2,375,1790957978525,0,1790958747347.291,581.866,7.981,1790958747937.635,Normal,0.5226
rasp1,48487,20261002-161933_clu_rasp14_pi4gb_r2,1537,perf_20261002-161933_clu_rasp14_pi4gb_r2,2,376,1790957978525,0,1790958747938.329,346.66,6.191,1790958748291.49,Normal,0.8772
rasp1,48487,20261002-161933_clu_rasp14_pi4gb_r2,1538,perf_20261002-161933_clu_rasp14_pi4gb_r2,2,377,1790957978526,0,1790958748292.2,953.544,7.341,1790958749253.476,Normal,0.9766
rasp1,48487,20261002-161933_clu_rasp14_pi4gb_r2,1542,perf_20261002-161933_clu_rasp14_pi4gb_r2,2,378,1790957978526,0,1790958749254.076,314.853,6.366,1790958749575.607,Normal,0.9259
rasp1,48487,20261002-161933_clu_rasp14_pi4gb_r2,1543,perf_20261002-161933_clu_rasp14_pi4gb_r2,2,379,1790957978526,0,1790958749576.239,486.053,7.73,1790958750070.674,Normal,0.9708
rasp1,48487,20261002-161933_clu_rasp14_pi4gb_r2,1555,perf_20261002-161933_clu_rasp14_pi4gb_r2,2,380,1790957978527,0,1790958750071.637,646.601,8.712,1790958750727.487,Normal,0.9674
rasp1,48487,20261002-161933_clu_rasp14_pi4gb_r2,1564,perf_20261002-161933_clu_rasp14_pi4gb_r2,2,381,1790957978528,0,1790958750728.63,702.724,5.842,1790958751437.525,Normal,0.9806
rasp1,48487,20261002-161933_clu_rasp14_pi4gb_r2,1568,perf_20261002-161933_clu_rasp14_pi4gb_r2,2,382,1790957978528,0,1790958751438.184,591.211,6.748,1790958752036.681,Normal,0.9441
rasp1,48487,20261002-161933_clu_rasp14_pi4gb_r2,1574,perf_20261002-161933_clu_rasp14_pi4gb_r2,2,383,1790957978529,0,1790958752037.282,301.23,6.089,1790958752344.958,Normal,0.9556
rasp1,48487,20261002-161933_clu_rasp14_pi4gb_r2,1576,perf_20261002-161933_clu_rasp14_pi4gb_r2,2,384,1790957978529,0,1790958752345.522,626.647,8.411,1790958752981.068,Normal,0.9284
rasp1,48487,20261002-161933_clu_rasp14_pi4gb_r2,1585,perf_20261002-161933_clu_rasp14_pi4gb_r2,2,385,1790957978530,0,1790958752982.027,296.048,6.372,1790958753284.762,Normal,0.9728
rasp1,48487,20261002-161933_clu_rasp14_pi4gb_r2,1590,perf_20261002-161933_clu_rasp14_pi4gb_r2,2,386,1790957978530,0,1790958753285.386,365.595,9.034,1790958753660.498,Normal,0.9215
rasp1,48487,20261002-161933_clu_rasp14_pi4gb_r2,1595,perf_20261002-161933_clu_rasp14_pi4gb_r2,2,387,1790957978531,0,1790958753661.478,331.035,7.793,1790958754000.835,Normal,0.9715
rasp1,48487,20261002-161933_clu_rasp14_pi4gb_r2,1600,perf_20261002-161933_clu_rasp14_pi4gb_r2,2,388,1790957978531,0,1790958754001.973,349.976,7.408,1790958754359.897,OFFENSIVE,0.7953
rasp1,48487,20261002-161933_clu_rasp14_pi4gb_r2,1605,perf_20261002-161933_clu_rasp14_pi4gb_r2,2,389,1790957978531,0,1790958754360.873,418.974,8.228,1790958754788.576,Normal,0.9512
rasp1,48487,20261002-161933_clu_rasp14_pi4gb_r2,1610,perf_20261002-161933_clu_rasp14_pi4gb_r2,2,390,1790957978532,0,1790958754789.591,510.835,8.38,1790958755309.352,Normal,0.9385
rasp1,48487,20261002-161933_clu_rasp14_pi4gb_r2,1613,perf_20261002-161933_clu_rasp14_pi4gb_r2,2,391,1790957978534,0,1790958755310.318,304.245,6.592,1790958755621.518,Normal,0.9635
rasp1,48487,20261002-161933_clu_rasp14_pi4gb_r2,1615,perf_20261002-161933_clu_rasp14_pi4gb_r2,2,392,1790957978534,0,1790958755622.114,337.903,7.464,1790958755967.955,Normal,0.9423
rasp1,48487,20261002-161933_clu_rasp14_pi4gb_r2,1617,perf_20261002-161933_clu_rasp14_pi4gb_r2,2,393,1790957978534,0,1790958755968.921,519.143,7.632,1790958756496.184,Normal,0.9353
rasp1,48487,20261002-161933_clu_rasp14_pi4gb_r2,1620,perf_20261002-161933_clu_rasp14_pi4gb_r2,2,394,1790957978534,0,1790958756496.858,270.571,7.094,1790958756775.137,Normal,0.9423
rasp1,48487,20261002-161933_clu_rasp14_pi4gb_r2,1625,perf_20261002-161933_clu_rasp14_pi4gb_r2,2,395,1790957978535,0,1790958756776.09,308.052,6.375,1790958757090.989,Normal,0.954
rasp1,48487,20261002-161933_clu_rasp14_pi4gb_r2,1626,perf_20261002-161933_clu_rasp14_pi4gb_r2,2,396,1790957978535,0,1790958757091.544,264.971,8.057,1790958757365.071,Normal,0.9373
rasp1,48487,20261002-161933_clu_rasp14_pi4gb_r2,1634,perf_20261002-161933_clu_rasp14_pi4gb_r2,2,397,1790957978535,0,1790958757366.027,407.863,7.718,1790958757782.069,Normal,0.8795
rasp1,48487,20261002-161933_clu_rasp14_pi4gb_r2,1635,perf_20261002-161933_clu_rasp14_pi4gb_r2,2,398,1790957978535,0,1790958757782.74,344.18,7.42,1790958758134.791,Normal,0.9324
rasp1,48487,20261002-161933_clu_rasp14_pi4gb_r2,1636,perf_20261002-161933_clu_rasp14_pi4gb_r2,2,399,1790957978536,0,1790958758135.745,367.901,7.616,1790958758511.904,Normal,0.9536
rasp1,48487,20261002-161933_clu_rasp14_pi4gb_r2,1651,perf_20261002-161933_clu_rasp14_pi4gb_r2,2,400,1790957978537,0,1790958758512.851,298.619,5.98,1790958758817.797,Normal,0.9724
rasp1,48487,20261002-161933_clu_rasp14_pi4gb_r2,1671,perf_20261002-161933_clu_rasp14_pi4gb_r2,2,401,1790957978538,0,1790958758818.357,291.907,6.422,1790958759116.988,Normal,0.9423
rasp1,48487,20261002-161933_clu_rasp14_pi4gb_r2,1675,perf_20261002-161933_clu_rasp14_pi4gb_r2,2,402,1790957978539,0,1790958759117.568,275.004,8.829,1790958759401.941,Normal,0.8661
rasp1,48487,20261002-161933_clu_rasp14_pi4gb_r2,1680,perf_20261002-161933_clu_rasp14_pi4gb_r2,2,403,1790957978540,0,1790958759402.914,222.87,6.247,1790958759632.346,Normal,0.8959
rasp1,48487,20261002-161933_clu_rasp14_pi4gb_r2,1682,perf_20261002-161933_clu_rasp14_pi4gb_r2,2,404,1790957978540,0,1790958759633.176,400.918,7.661,1790958760042.226,Normal,0.9592
rasp1,48487,20261002-161933_clu_rasp14_pi4gb_r2,1692,perf_20261002-161933_clu_rasp14_pi4gb_r2,2,405,1790957978541,0,1790958760043.386,657.609,7.333,1790958760708.644,Normal,0.9544
rasp1,48487,20261002-161933_clu_rasp14_pi4gb_r2,1693,perf_20261002-161933_clu_rasp14_pi4gb_r2,2,406,1790957978541,0,1790958760709.278,269.878,7.66,1790958760987.276,Normal,0.9657
rasp1,48487,20261002-161933_clu_rasp14_pi4gb_r2,1697,perf_20261002-161933_clu_rasp14_pi4gb_r2,2,407,1790957978541,0,1790958760988.24,255.434,6.258,1790958761250.293,Normal,0.9319
rasp1,48487,20261002-161933_clu_rasp14_pi4gb_r2,1699,perf_20261002-161933_clu_rasp14_pi4gb_r2,2,408,1790957978541,0,1790958761250.902,286.775,5.908,1790958761543.927,Normal,0.9423
rasp1,48487,20261002-161933_clu_rasp14_pi4gb_r2,1701,perf_20261002-161933_clu_rasp14_pi4gb_r2,2,409,1790957978541,0,1790958761544.536,376.893,7.513,1790958761929.452,Normal,0.5379
rasp1,48487,20261002-161933_clu_rasp14_pi4gb_r2,1704,perf_20261002-161933_clu_rasp14_pi4gb_r2,2,410,1790957978542,0,1790958761930.409,1653.999,7.546,1790958763592.502,Normal,0.9762
rasp1,48487,20261002-161933_clu_rasp14_pi4gb_r2,1709,perf_20261002-161933_clu_rasp14_pi4gb_r2,2,411,1790957978542,0,1790958763593.473,313.894,8.276,1790958763916.152,Normal,0.9565
rasp1,48487,20261002-161933_clu_rasp14_pi4gb_r2,1715,perf_20261002-161933_clu_rasp14_pi4gb_r2,2,412,1790957978542,0,1790958763917.305,420.461,8.457,1790958764346.693,Normal,0.9733
rasp1,48487,20261002-161933_clu_rasp14_pi4gb_r2,1716,perf_20261002-161933_clu_rasp14_pi4gb_r2,2,413,1790957978543,0,1790958764347.66,374.184,7.353,1790958764729.688,Normal,0.9519
rasp1,48487,20261002-161933_clu_rasp14_pi4gb_r2,1722,perf_20261002-161933_clu_rasp14_pi4gb_r2,2,414,1790957978543,0,1790958764730.284,327.991,7.161,1790958765065.752,Normal,0.9438
rasp1,48487,20261002-161933_clu_rasp14_pi4gb_r2,1725,perf_20261002-161933_clu_rasp14_pi4gb_r2,2,415,1790957978543,0,1790958765066.386,379.201,7.98,1790958765453.963,Normal,0.9377
rasp1,48487,20261002-161933_clu_rasp14_pi4gb_r2,1731,perf_20261002-161933_clu_rasp14_pi4gb_r2,2,416,1790957978544,0,1790958765455.155,495.835,7.86,1790958765959.33,Normal,0.7255
rasp1,48487,20261002-161933_clu_rasp14_pi4gb_r2,1732,perf_20261002-161933_clu_rasp14_pi4gb_r2,2,417,1790957978544,0,1790958765960.771,603.213,8.41,1790958766572.879,Normal,0.9594
rasp1,48487,20261002-161933_clu_rasp14_pi4gb_r2,1733,perf_20261002-161933_clu_rasp14_pi4gb_r2,2,418,1790957978544,0,1790958766574.033,279.354,5.931,1790958766859.629,Normal,0.9262
rasp1,48487,20261002-161933_clu_rasp14_pi4gb_r2,1736,perf_20261002-161933_clu_rasp14_pi4gb_r2,2,419,1790957978545,0,1790958766860.227,245.159,5.757,1790958767111.441,Normal,0.931
rasp1,48487,20261002-161933_clu_rasp14_pi4gb_r2,1742,perf_20261002-161933_clu_rasp14_pi4gb_r2,2,420,1790957978545,0,1790958767112.256,269.861,5.979,1790958767388.407,Normal,0.6578
rasp1,48487,20261002-161933_clu_rasp14_pi4gb_r2,1744,perf_20261002-161933_clu_rasp14_pi4gb_r2,2,421,1790957978545,0,1790958767389.01,275.556,6.287,1790958767671.195,Normal,0.7282
rasp1,48487,20261002-161933_clu_rasp14_pi4gb_r2,1749,perf_20261002-161933_clu_rasp14_pi4gb_r2,2,422,1790957978546,0,1790958767671.829,539.23,6.097,1790958768217.616,Normal,0.9775
rasp1,48487,20261002-161933_clu_rasp14_pi4gb_r2,1750,perf_20261002-161933_clu_rasp14_pi4gb_r2,2,423,1790957978546,0,1790958768218.216,403.261,7.537,1790958768629.52,Normal,0.9632
rasp1,48487,20261002-161933_clu_rasp14_pi4gb_r2,1755,perf_20261002-161933_clu_rasp14_pi4gb_r2,2,424,1790957978546,0,1790958768630.463,208.473,6.154,1790958768845.398,Normal,0.9171
rasp1,48487,20261002-161933_clu_rasp14_pi4gb_r2,1757,perf_20261002-161933_clu_rasp14_pi4gb_r2,2,425,1790957978546,0,1790958768846.032,385.835,7.808,1790958769240.299,Normal,0.9121
rasp1,48487,20261002-161933_clu_rasp14_pi4gb_r2,1758,perf_20261002-161933_clu_rasp14_pi4gb_r2,2,426,1790957978546,0,1790958769241.251,237.91,5.9,1790958769485.369,Normal,0.9116
rasp1,48487,20261002-161933_clu_rasp14_pi4gb_r2,1760,perf_20261002-161933_clu_rasp14_pi4gb_r2,2,427,1790957978547,0,1790958769486.089,258.885,6.162,1790958769751.447,Normal,0.9671
rasp1,48487,20261002-161933_clu_rasp14_pi4gb_r2,1762,perf_20261002-161933_clu_rasp14_pi4gb_r2,2,428,1790957978547,0,1790958769752.036,281.247,6.888,1790958770040.47,Normal,0.9116
rasp1,48487,20261002-161933_clu_rasp14_pi4gb_r2,1768,perf_20261002-161933_clu_rasp14_pi4gb_r2,2,429,1790957978547,0,1790958770041.047,256.04,8.147,1790958770305.682,Normal,0.9566
rasp1,48487,20261002-161933_clu_rasp14_pi4gb_r2,1769,perf_20261002-161933_clu_rasp14_pi4gb_r2,2,430,1790957978547,0,1790958770306.628,344.037,7.005,1790958770658.02,Normal,0.7276
rasp1,48487,20261002-161933_clu_rasp14_pi4gb_r2,1770,perf_20261002-161933_clu_rasp14_pi4gb_r2,2,431,1790957978547,0,1790958770658.618,380.202,6.333,1790958771045.451,Normal,0.9693
rasp1,48487,20261002-161933_clu_rasp14_pi4gb_r2,1771,perf_20261002-161933_clu_rasp14_pi4gb_r2,2,432,1790957978548,0,1790958771046.045,392.918,5.939,1790958771445.216,Normal,0.368
rasp1,48487,20261002-161933_clu_rasp14_pi4gb_r2,1779,perf_20261002-161933_clu_rasp14_pi4gb_r2,2,433,1790957978548,0,1790958771445.93,270.907,6.361,1790958771723.494,Normal,0.9685
rasp1,48487,20261002-161933_clu_rasp14_pi4gb_r2,1780,perf_20261002-161933_clu_rasp14_pi4gb_r2,2,434,1790957978548,0,1790958771724.093,444.318,7.674,1790958772176.598,Normal,0.9501
rasp1,48487,20261002-161933_clu_rasp14_pi4gb_r2,1802,perf_20261002-161933_clu_rasp14_pi4gb_r2,2,435,1790957978553,0,1790958772177.563,492.706,6.162,1790958772676.755,Normal,0.967
rasp1,48487,20261002-161933_clu_rasp14_pi4gb_r2,1804,perf_20261002-161933_clu_rasp14_pi4gb_r2,2,436,1790957978553,0,1790958772677.348,221.648,5.567,1790958772904.863,Normal,0.8519
rasp1,48487,20261002-161933_clu_rasp14_pi4gb_r2,1812,perf_20261002-161933_clu_rasp14_pi4gb_r2,2,437,1790957978554,0,1790958772905.42,335.537,5.862,1790958773247.122,Normal,0.9681
rasp1,48487,20261002-161933_clu_rasp14_pi4gb_r2,1817,perf_20261002-161933_clu_rasp14_pi4gb_r2,2,438,1790957978554,0,1790958773247.684,268.77,6.558,1790958773523.382,Normal,0.7166
rasp1,48487,20261002-161933_clu_rasp14_pi4gb_r2,1818,perf_20261002-161933_clu_rasp14_pi4gb_r2,2,439,1790957978554,0,1790958773524.089,294.648,7.429,1790958773826.625,Normal,0.9449
rasp1,48487,20261002-161933_clu_rasp14_pi4gb_r2,1820,perf_20261002-161933_clu_rasp14_pi4gb_r2,2,440,1790957978554,0,1790958773827.578,377.841,7.708,1790958774213.654,Normal,0.9531
rasp1,48487,20261002-161933_clu_rasp14_pi4gb_r2,1822,perf_20261002-161933_clu_rasp14_pi4gb_r2,2,441,1790957978554,0,1790958774214.614,270.135,6.344,1790958774491.407,Normal,0.9402
rasp1,48487,20261002-161933_clu_rasp14_pi4gb_r2,1828,perf_20261002-161933_clu_rasp14_pi4gb_r2,2,442,1790957978555,0,1790958774492.001,269.917,7.572,1790958774769.963,Normal,0.9453
rasp1,48487,20261002-161933_clu_rasp14_pi4gb_r2,1830,perf_20261002-161933_clu_rasp14_pi4gb_r2,2,443,1790957978555,0,1790958774770.981,362.215,5.634,1790958775139.197,Normal,0.9713
rasp1,48487,20261002-161933_clu_rasp14_pi4gb_r2,1831,perf_20261002-161933_clu_rasp14_pi4gb_r2,2,444,1790957978555,0,1790958775139.785,345.889,6.488,1790958775492.51,Normal,0.9652
rasp1,48487,20261002-161933_clu_rasp14_pi4gb_r2,1834,perf_20261002-161933_clu_rasp14_pi4gb_r2,2,445,1790957978555,0,1790958775493.142,298.115,7.569,1790958775799.334,Normal,0.9464
rasp1,48487,20261002-161933_clu_rasp14_pi4gb_r2,1840,perf_20261002-161933_clu_rasp14_pi4gb_r2,2,446,1790957978556,0,1790958775800.295,231.009,5.465,1790958776037.08,Normal,0.9407
rasp1,48487,20261002-161933_clu_rasp14_pi4gb_r2,1842,perf_20261002-161933_clu_rasp14_pi4gb_r2,2,447,1790957978556,0,1790958776037.647,247.924,6.118,1790958776292.029,Normal,0.9645
rasp1,48487,20261002-161933_clu_rasp14_pi4gb_r2,1843,perf_20261002-161933_clu_rasp14_pi4gb_r2,2,448,1790957978556,0,1790958776292.601,487.173,6.878,1790958776786.958,Normal,0.9752
rasp1,48487,20261002-161933_clu_rasp14_pi4gb_r2,1846,perf_20261002-161933_clu_rasp14_pi4gb_r2,2,449,1790957978556,0,1790958776787.553,701.409,9.246,1790958777498.747,OFFENSIVE,0.9314
rasp1,48487,20261002-161933_clu_rasp14_pi4gb_r2,1848,perf_20261002-161933_clu_rasp14_pi4gb_r2,2,450,1790957978557,0,1790958777499.688,308.241,8.518,1790958777816.953,Normal,0.9556
rasp1,48487,20261002-161933_clu_rasp14_pi4gb_r2,1850,perf_20261002-161933_clu_rasp14_pi4gb_r2,2,451,1790957978557,0,1790958777818.266,477.581,7.891,1790958778304.245,Normal,0.9192
rasp1,48487,20261002-161933_clu_rasp14_pi4gb_r2,1856,perf_20261002-161933_clu_rasp14_pi4gb_r2,2,452,1790957978557,0,1790958778305.272,659.772,6.655,1790958778972.014,Normal,0.8644
rasp1,48487,20261002-161933_clu_rasp14_pi4gb_r2,1857,perf_20261002-161933_clu_rasp14_pi4gb_r2,2,453,1790957978557,0,1790958778972.615,687.128,6.319,1790958779666.381,Normal,0.9595
rasp1,48487,20261002-161933_clu_rasp14_pi4gb_r2,1858,perf_20261002-161933_clu_rasp14_pi4gb_r2,2,454,1790957978557,0,1790958779667.032,448.826,6.132,1790958780122.309,Normal,0.9756
rasp1,48487,20261002-161933_clu_rasp14_pi4gb_r2,1862,perf_20261002-161933_clu_rasp14_pi4gb_r2,2,455,1790957978558,0,1790958780122.91,717.876,6.891,1790958780847.99,Normal,0.9585
rasp1,48487,20261002-161933_clu_rasp14_pi4gb_r2,1865,perf_20261002-161933_clu_rasp14_pi4gb_r2,2,456,1790957978558,0,1790958780848.844,225.177,6.108,1790958781080.432,Normal,0.9503
rasp1,48487,20261002-161933_clu_rasp14_pi4gb_r2,1866,perf_20261002-161933_clu_rasp14_pi4gb_r2,2,457,1790957978558,0,1790958781081.126,256.67,6.299,1790958781344.393,Normal,0.9536
rasp1,48487,20261002-161933_clu_rasp14_pi4gb_r2,1869,perf_20261002-161933_clu_rasp14_pi4gb_r2,2,458,1790957978558,0,1790958781344.987,344.411,6.12,1790958781696.041,Normal,0.9733
rasp1,48487,20261002-161933_clu_rasp14_pi4gb_r2,1872,perf_20261002-161933_clu_rasp14_pi4gb_r2,2,459,1790957978559,0,1790958781696.605,207.828,7.93,1790958781912.879,Normal,0.903
rasp1,48487,20261002-161933_clu_rasp14_pi4gb_r2,1874,perf_20261002-161933_clu_rasp14_pi4gb_r2,2,460,1790957978559,0,1790958781913.988,385.551,6.524,1790958782306.575,OFFENSIVE,0.4948
rasp1,48487,20261002-161933_clu_rasp14_pi4gb_r2,1878,perf_20261002-161933_clu_rasp14_pi4gb_r2,2,461,1790957978559,0,1790958782307.172,332.373,7.6,1790958782647.652,Normal,0.9663
rasp1,48487,20261002-161933_clu_rasp14_pi4gb_r2,1882,perf_20261002-161933_clu_rasp14_pi4gb_r2,2,462,1790957978559,0,1790958782648.333,612.762,8.125,1790958783269.681,Normal,0.9677
rasp1,48487,20261002-161933_clu_rasp14_pi4gb_r2,1885,perf_20261002-161933_clu_rasp14_pi4gb_r2,2,463,1790957978560,0,1790958783270.356,257.741,6.193,1790958783534.59,Normal,0.9102
rasp1,48487,20261002-161933_clu_rasp14_pi4gb_r2,1888,perf_20261002-161933_clu_rasp14_pi4gb_r2,2,464,1790957978560,0,1790958783535.19,630.742,7.312,1790958784173.556,Normal,0.951
rasp1,48487,20261002-161933_clu_rasp14_pi4gb_r2,1891,perf_20261002-161933_clu_rasp14_pi4gb_r2,2,465,1790957978560,0,1790958784174.178,810.798,8.003,1790958784993.458,Normal,0.9225
rasp1,48487,20261002-161933_clu_rasp14_pi4gb_r2,1894,perf_20261002-161933_clu_rasp14_pi4gb_r2,2,466,1790957978560,0,1790958784994.427,367.13,7.849,1790958785369.942,Normal,0.955
rasp1,48487,20261002-161933_clu_rasp14_pi4gb_r2,1896,perf_20261002-161933_clu_rasp14_pi4gb_r2,2,467,1790957978561,0,1790958785370.914,306.846,7.043,1790958785685.115,Normal,0.8701
rasp1,48487,20261002-161933_clu_rasp14_pi4gb_r2,1897,perf_20261002-161933_clu_rasp14_pi4gb_r2,2,468,1790957978561,0,1790958785685.663,219.937,6.094,1790958785912.107,Normal,0.955
rasp1,48487,20261002-161933_clu_rasp14_pi4gb_r2,1907,perf_20261002-161933_clu_rasp14_pi4gb_r2,2,469,1790957978561,0,1790958785912.652,825.454,7.37,1790958786745.78,Normal,0.9476
rasp1,48487,20261002-161933_clu_rasp14_pi4gb_r2,1911,perf_20261002-161933_clu_rasp14_pi4gb_r2,2,470,1790957978586,0,1790958786746.328,506.088,7.963,1790958787260.897,Normal,0.9208
rasp1,48487,20261002-161933_clu_rasp14_pi4gb_r2,1919,perf_20261002-161933_clu_rasp14_pi4gb_r2,2,471,1790957978599,0,1790958787262.029,263.616,5.548,1790958787531.542,Normal,0.9546
rasp1,48487,20261002-161933_clu_rasp14_pi4gb_r2,1929,perf_20261002-161933_clu_rasp14_pi4gb_r2,2,472,1790957978600,0,1790958787532.135,567.328,15.469,1790958788115.271,Normal,0.8965
rasp1,48487,20261002-161933_clu_rasp14_pi4gb_r2,1934,perf_20261002-161933_clu_rasp14_pi4gb_r2,2,473,1790957978600,0,1790958788115.885,314.721,6.713,1790958788437.668,Normal,0.9663
rasp1,48487,20261002-161933_clu_rasp14_pi4gb_r2,1940,perf_20261002-161933_clu_rasp14_pi4gb_r2,2,474,1790957978601,0,1790958788438.29,250.114,9.05,1790958788697.983,Normal,0.9375
rasp1,48487,20261002-161933_clu_rasp14_pi4gb_r2,1943,perf_20261002-161933_clu_rasp14_pi4gb_r2,2,475,1790957978601,0,1790958788698.976,345.421,7.248,1790958789052.008,Normal,0.9515
rasp1,48487,20261002-161933_clu_rasp14_pi4gb_r2,1944,perf_20261002-161933_clu_rasp14_pi4gb_r2,2,476,1790957978601,0,1790958789052.607,425.68,7.638,1790958789486.439,Normal,0.9604
rasp1,48487,20261002-161933_clu_rasp14_pi4gb_r2,1946,perf_20261002-161933_clu_rasp14_pi4gb_r2,2,477,1790957978601,0,1790958789487.471,544.531,6.248,1790958790038.582,Normal,0.9575
rasp1,48487,20261002-161933_clu_rasp14_pi4gb_r2,1949,perf_20261002-161933_clu_rasp14_pi4gb_r2,2,478,1790957978602,0,1790958790039.19,560.856,8.377,1790958790608.89,Normal,0.5208
rasp1,48487,20261002-161933_clu_rasp14_pi4gb_r2,1953,perf_20261002-161933_clu_rasp14_pi4gb_r2,2,479,1790957978602,0,1790958790609.886,424.481,8.483,1790958791043.372,Normal,0.849
rasp1,48487,20261002-161933_clu_rasp14_pi4gb_r2,1963,perf_20261002-161933_clu_rasp14_pi4gb_r2,2,480,1790957978603,0,1790958791044.376,617.818,6.326,1790958791668.826,Normal,0.9638
rasp1,48487,20261002-161933_clu_rasp14_pi4gb_r2,1964,perf_20261002-161933_clu_rasp14_pi4gb_r2,2,481,1790957978603,0,1790958791669.37,332.636,6.09,1790958792008.401,Normal,0.9565
rasp1,48487,20261002-161933_clu_rasp14_pi4gb_r2,1970,perf_20261002-161933_clu_rasp14_pi4gb_r2,2,482,1790957978603,0,1790958792009.002,307.31,5.595,1790958792322.209,Normal,0.968
rasp1,48487,20261002-161933_clu_rasp14_pi4gb_r2,1972,perf_20261002-161933_clu_rasp14_pi4gb_r2,2,483,1790957978604,0,1790958792322.814,318.321,5.624,1790958792647.061,Normal,0.9089
rasp1,48487,20261002-161933_clu_rasp14_pi4gb_r2,1973,perf_20261002-161933_clu_rasp14_pi4gb_r2,2,484,1790957978604,0,1790958792647.625,223.018,7.188,1790958792878.335,Normal,0.9757
rasp1,48487,20261002-161933_clu_rasp14_pi4gb_r2,1975,perf_20261002-161933_clu_rasp14_pi4gb_r2,2,485,1790957978604,0,1790958792879.303,289.688,5.849,1790958793175.147,Normal,0.9639
rasp1,48487,20261002-161933_clu_rasp14_pi4gb_r2,1986,perf_20261002-161933_clu_rasp14_pi4gb_r2,2,486,1790957978631,0,1790958793175.756,474.538,5.884,1790958793656.488,Normal,0.8788
rasp1,48487,20261002-161933_clu_rasp14_pi4gb_r2,1992,perf_20261002-161933_clu_rasp14_pi4gb_r2,2,487,1790957978641,0,1790958793657.218,257.706,5.735,1790958793920.959,Normal,0.5639
rasp1,48487,20261002-161933_clu_rasp14_pi4gb_r2,1995,perf_20261002-161933_clu_rasp14_pi4gb_r2,2,488,1790957978645,0,1790958793921.525,239.868,6.932,1790958794168.624,Normal,0.9664
rasp1,48487,20261002-161933_clu_rasp14_pi4gb_r2,1996,perf_20261002-161933_clu_rasp14_pi4gb_r2,2,489,1790957978645,0,1790958794169.302,323.498,7.362,1790958794500.636,Normal,0.9635
rasp1,48487,20261002-161933_clu_rasp14_pi4gb_r2,2010,perf_20261002-161933_clu_rasp14_pi4gb_r2,2,490,1790957978646,0,1790958794501.597,224.419,5.841,1790958794732.219,Normal,0.9452
rasp1,48487,20261002-161933_clu_rasp14_pi4gb_r2,2011,perf_20261002-161933_clu_rasp14_pi4gb_r2,2,491,1790957978646,0,1790958794732.868,228.864,6.29,1790958794968.325,Normal,0.9407
rasp1,48487,20261002-161933_clu_rasp14_pi4gb_r2,2014,perf_20261002-161933_clu_rasp14_pi4gb_r2,2,492,1790957978647,0,1790958794968.918,499.265,5.812,1790958795474.303,Normal,0.9778
rasp1,48487,20261002-161933_clu_rasp14_pi4gb_r2,2018,perf_20261002-161933_clu_rasp14_pi4gb_r2,2,493,1790957978649,0,1790958795475.021,308.821,7.016,1790958795791.17,Normal,0.776
rasp1,48487,20261002-161933_clu_rasp14_pi4gb_r2,2020,perf_20261002-161933_clu_rasp14_pi4gb_r2,2,494,1790957978650,0,1790958795791.765,265.917,5.847,1790958796063.876,Normal,0.907
rasp1,48487,20261002-161933_clu_rasp14_pi4gb_r2,2021,perf_20261002-161933_clu_rasp14_pi4gb_r2,2,495,1790957978650,0,1790958796064.426,302.38,8.037,1790958796375.293,Normal,0.9357
rasp1,48487,20261002-161933_clu_rasp14_pi4gb_r2,2023,perf_20261002-161933_clu_rasp14_pi4gb_r2,2,496,1790957978650,0,1790958796375.889,270.287,7.571,1790958796654.2,Normal,0.965
rasp1,48487,20261002-161933_clu_rasp14_pi4gb_r2,2025,perf_20261002-161933_clu_rasp14_pi4gb_r2,2,497,1790957978651,0,1790958796655.151,250.127,5.684,1790958796911.271,Normal,0.9277
rasp1,48487,20261002-161933_clu_rasp14_pi4gb_r2,2030,perf_20261002-161933_clu_rasp14_pi4gb_r2,2,498,1790957978651,0,1790958796912.006,330.651,5.501,1790958797248.523,Normal,0.9562
rasp1,48487,20261002-161933_clu_rasp14_pi4gb_r2,2031,perf_20261002-161933_clu_rasp14_pi4gb_r2,2,499,1790957978651,0,1790958797249.288,260.041,7.34,1790958797517.167,Normal,0.949
rasp1,48487,20261002-161933_clu_rasp14_pi4gb_r2,2037,perf_20261002-161933_clu_rasp14_pi4gb_r2,2,500,1790957978652,0,1790958797987.839,535.491,10.739,1790958798534.861,Normal,0.9601
rasp1,48487,20261002-161933_clu_rasp14_pi4gb_r2,2038,perf_20261002-161933_clu_rasp14_pi4gb_r2,2,501,1790957978652,0,1790958798536.683,1042.688,11.704,1790958799592.674,Normal,0.966
rasp1,48487,20261002-161933_clu_rasp14_pi4gb_r2,2046,perf_20261002-161933_clu_rasp14_pi4gb_r2,2,502,1790957978652,0,1790958799594.325,596.0,8.862,1790958800199.621,Normal,0.9267
rasp1,48487,20261002-161933_clu_rasp14_pi4gb_r2,2055,perf_20261002-161933_clu_rasp14_pi4gb_r2,2,503,1790957978653,0,1790958800201.013,1473.324,14.447,1790958801689.593,Normal,0.7212
rasp1,48487,20261002-161933_clu_rasp14_pi4gb_r2,2061,perf_20261002-161933_clu_rasp14_pi4gb_r2,2,504,1790957978654,0,1790958801691.176,737.164,12.161,1790958802441.194,Normal,0.9105
rasp1,48487,20261002-161933_clu_rasp14_pi4gb_r2,2064,perf_20261002-161933_clu_rasp14_pi4gb_r2,2,505,1790957978655,0,1790958802442.397,710.007,9.268,1790958803162.37,Normal,0.9126
rasp1,48487,20261002-161933_clu_rasp14_pi4gb_r2,2070,perf_20261002-161933_clu_rasp14_pi4gb_r2,2,506,1790957978655,0,1790958803165.913,723.51,14.205,1790958803907.351,Normal,0.6564
rasp1,48487,20261002-161933_clu_rasp14_pi4gb_r2,2076,perf_20261002-161933_clu_rasp14_pi4gb_r2,2,507,1790957978656,0,1790958803912.038,697.872,15.222,1790958804625.771,Normal,0.9698
rasp1,48487,20261002-161933_clu_rasp14_pi4gb_r2,2077,perf_20261002-161933_clu_rasp14_pi4gb_r2,2,508,1790957978656,0,1790958804633.812,608.699,21.688,1790958805267.921,Normal,0.936
rasp1,48487,20261002-161933_clu_rasp14_pi4gb_r2,2078,perf_20261002-161933_clu_rasp14_pi4gb_r2,2,509,1790957978656,0,1790958805269.2,852.088,15.927,1790958806138.027,Normal,0.8663
rasp1,48487,20261002-161933_clu_rasp14_pi4gb_r2,2080,perf_20261002-161933_clu_rasp14_pi4gb_r2,2,510,1790957978656,0,1790958806139.626,706.449,12.014,1790958806858.946,Normal,0.9375
rasp1,48487,20261002-161933_clu_rasp14_pi4gb_r2,2081,perf_20261002-161933_clu_rasp14_pi4gb_r2,2,511,1790957978656,0,1790958806864.831,668.517,13.165,1790958807547.272,Normal,0.9498
rasp1,48487,20261002-161933_clu_rasp14_pi4gb_r2,2084,perf_20261002-161933_clu_rasp14_pi4gb_r2,2,512,1790957978656,0,1790958807549.585,724.343,9.917,1790958808284.452,Normal,0.9469
rasp1,48487,20261002-161933_clu_rasp14_pi4gb_r2,2090,perf_20261002-161933_clu_rasp14_pi4gb_r2,2,513,1790957978657,0,1790958808286.13,586.041,15.058,1790958808887.947,OFFENSIVE,0.724
rasp1,48487,20261002-161933_clu_rasp14_pi4gb_r2,2091,perf_20261002-161933_clu_rasp14_pi4gb_r2,2,514,1790957978657,0,1790958808895.453,674.922,11.333,1790958809582.471,Normal,0.9661
rasp1,48487,20261002-161933_clu_rasp14_pi4gb_r2,2096,perf_20261002-161933_clu_rasp14_pi4gb_r2,2,515,1790957978657,0,1790958809584.377,593.882,9.481,1790958810188.472,Normal,0.9285
rasp1,48487,20261002-161933_clu_rasp14_pi4gb_r2,2097,perf_20261002-161933_clu_rasp14_pi4gb_r2,2,516,1790957978657,0,1790958810189.874,575.399,8.636,1790958810774.685,Normal,0.966
rasp1,48487,20261002-161933_clu_rasp14_pi4gb_r2,2103,perf_20261002-161933_clu_rasp14_pi4gb_r2,2,517,1790957978658,0,1790958810776.206,584.002,8.045,1790958811368.912,Normal,0.9684
rasp1,48487,20261002-161933_clu_rasp14_pi4gb_r2,2111,perf_20261002-161933_clu_rasp14_pi4gb_r2,2,518,1790957978658,0,1790958811370.14,667.098,10.648,1790958812048.851,Normal,0.963
rasp1,48487,20261002-161933_clu_rasp14_pi4gb_r2,2112,perf_20261002-161933_clu_rasp14_pi4gb_r2,2,519,1790957978658,0,1790958812050.182,536.413,9.998,1790958812597.39,Normal,0.9375
rasp1,48487,20261002-161933_clu_rasp14_pi4gb_r2,2113,perf_20261002-161933_clu_rasp14_pi4gb_r2,2,520,1790957978658,0,1790958812599.09,743.066,10.473,1790958813353.409,Normal,0.9277
rasp1,48487,20261002-161933_clu_rasp14_pi4gb_r2,2115,perf_20261002-161933_clu_rasp14_pi4gb_r2,2,521,1790957978659,0,1790958813355.24,2876.323,12.114,1790958816245.207,Normal,0.9495
rasp1,48487,20261002-161933_clu_rasp14_pi4gb_r2,2116,perf_20261002-161933_clu_rasp14_pi4gb_r2,2,522,1790957978659,0,1790958816246.698,905.714,9.227,1790958817162.429,Normal,0.9658
rasp1,48487,20261002-161933_clu_rasp14_pi4gb_r2,2120,perf_20261002-161933_clu_rasp14_pi4gb_r2,2,523,1790957978659,0,1790958817163.844,624.996,9.133,1790958817798.644,Normal,0.9694
rasp1,48487,20261002-161933_clu_rasp14_pi4gb_r2,2133,perf_20261002-161933_clu_rasp14_pi4gb_r2,2,524,1790957978660,0,1790958817800.162,706.143,10.48,1790958818517.566,Normal,0.9568
rasp1,48487,20261002-161933_clu_rasp14_pi4gb_r2,2135,perf_20261002-161933_clu_rasp14_pi4gb_r2,2,525,1790957978661,0,1790958818519.813,1140.209,13.74,1790958819674.508,Normal,0.8014
rasp1,48487,20261002-161933_clu_rasp14_pi4gb_r2,2141,perf_20261002-161933_clu_rasp14_pi4gb_r2,2,526,1790957978661,0,1790958819682.281,878.269,9.623,1790958820570.839,Normal,0.9682
rasp1,48487,20261002-161933_clu_rasp14_pi4gb_r2,2145,perf_20261002-161933_clu_rasp14_pi4gb_r2,2,527,1790957978661,0,1790958820580.237,880.216,14.631,1790958821482.893,Normal,0.9665
rasp1,48487,20261002-161933_clu_rasp14_pi4gb_r2,2146,perf_20261002-161933_clu_rasp14_pi4gb_r2,2,528,1790957978662,0,1790958821487.397,897.917,11.096,1790958822397.62,Normal,0.9678
rasp1,48487,20261002-161933_clu_rasp14_pi4gb_r2,2149,perf_20261002-161933_clu_rasp14_pi4gb_r2,2,529,1790957978662,0,1790958822399.432,758.901,10.141,1790958823169.252,Normal,0.9514
rasp1,48487,20261002-161933_clu_rasp14_pi4gb_r2,2150,perf_20261002-161933_clu_rasp14_pi4gb_r2,2,530,1790957978662,0,1790958823173.577,723.972,9.178,1790958823907.61,Normal,0.9577
rasp1,48487,20261002-161933_clu_rasp14_pi4gb_r2,2155,perf_20261002-161933_clu_rasp14_pi4gb_r2,2,531,1790957978662,0,1790958823909.094,704.661,10.047,1790958824624.567,Normal,0.9692
rasp1,48487,20261002-161933_clu_rasp14_pi4gb_r2,2160,perf_20261002-161933_clu_rasp14_pi4gb_r2,2,532,1790957978663,0,1790958824626.819,952.725,10.878,1790958825591.456,Normal,0.9521
rasp1,48487,20261002-161933_clu_rasp14_pi4gb_r2,2161,perf_20261002-161933_clu_rasp14_pi4gb_r2,2,533,1790957978663,0,1790958825593.608,545.91,10.46,1790958826150.766,Normal,0.943
rasp1,48487,20261002-161933_clu_rasp14_pi4gb_r2,2162,perf_20261002-161933_clu_rasp14_pi4gb_r2,2,534,1790957978663,0,1790958826152.034,541.211,10.625,1790958826710.543,Normal,0.9516
rasp1,48487,20261002-161933_clu_rasp14_pi4gb_r2,2168,perf_20261002-161933_clu_rasp14_pi4gb_r2,2,535,1790957978663,0,1790958826711.866,512.652,12.881,1790958827238.255,Normal,0.9479
rasp1,48487,20261002-161933_clu_rasp14_pi4gb_r2,2171,perf_20261002-161933_clu_rasp14_pi4gb_r2,2,536,1790957978664,0,1790958827240.68,623.869,9.586,1790958827874.978,Normal,0.9595
rasp1,48487,20261002-161933_clu_rasp14_pi4gb_r2,2175,perf_20261002-161933_clu_rasp14_pi4gb_r2,2,537,1790957978664,0,1790958827876.32,817.655,11.045,1790958828706.056,Normal,0.9716
rasp1,48487,20261002-161933_clu_rasp14_pi4gb_r2,2178,perf_20261002-161933_clu_rasp14_pi4gb_r2,2,538,1790957978664,0,1790958828707.446,1089.696,11.68,1790958829810.092,Normal,0.9709
rasp1,48487,20261002-161933_clu_rasp14_pi4gb_r2,2179,perf_20261002-161933_clu_rasp14_pi4gb_r2,2,539,1790957978664,0,1790958829812.327,585.579,10.323,1790958830409.302,Normal,0.8853
rasp1,48487,20261002-161933_clu_rasp14_pi4gb_r2,2183,perf_20261002-161933_clu_rasp14_pi4gb_r2,2,540,1790957978664,0,1790958830410.814,634.124,11.689,1790958831057.283,Normal,0.7715
rasp1,48487,20261002-161933_clu_rasp14_pi4gb_r2,2185,perf_20261002-161933_clu_rasp14_pi4gb_r2,2,541,1790957978665,0,1790958831060.363,972.985,10.061,1790958832044.162,Normal,0.9306
rasp1,48487,20261002-161933_clu_rasp14_pi4gb_r2,2191,perf_20261002-161933_clu_rasp14_pi4gb_r2,2,542,1790957978665,0,1790958832046.042,509.423,9.874,1790958832566.021,Normal,0.9375
rasp1,48487,20261002-161933_clu_rasp14_pi4gb_r2,2195,perf_20261002-161933_clu_rasp14_pi4gb_r2,2,543,1790957978666,0,1790958832567.585,692.348,11.164,1790958833271.677,Normal,0.9502
rasp1,48487,20261002-161933_clu_rasp14_pi4gb_r2,2199,perf_20261002-161933_clu_rasp14_pi4gb_r2,2,544,1790957978666,0,1790958833276.206,667.888,10.667,1790958833955.556,Normal,0.9655
rasp1,48487,20261002-161933_clu_rasp14_pi4gb_r2,2205,perf_20261002-161933_clu_rasp14_pi4gb_r2,2,545,1790957978667,0,1790958833957.578,667.675,11.403,1790958834637.38,Normal,0.8885
rasp1,48487,20261002-161933_clu_rasp14_pi4gb_r2,2208,perf_20261002-161933_clu_rasp14_pi4gb_r2,2,546,1790957978667,0,1790958834645.058,849.009,11.348,1790958835506.129,Normal,0.767
rasp1,48487,20261002-161933_clu_rasp14_pi4gb_r2,2210,perf_20261002-161933_clu_rasp14_pi4gb_r2,2,547,1790957978667,0,1790958835508.682,594.172,11.566,1790958836115.051,Normal,0.9375
rasp1,48487,20261002-161933_clu_rasp14_pi4gb_r2,2211,perf_20261002-161933_clu_rasp14_pi4gb_r2,2,548,1790957978667,0,1790958836120.23,704.721,15.027,1790958836840.655,Normal,0.9309
rasp1,48487,20261002-161933_clu_rasp14_pi4gb_r2,2213,perf_20261002-161933_clu_rasp14_pi4gb_r2,2,549,1790957978667,0,1790958836847.319,559.055,11.287,1790958837418.392,Normal,0.9375
rasp1,48487,20261002-161933_clu_rasp14_pi4gb_r2,2217,perf_20261002-161933_clu_rasp14_pi4gb_r2,2,550,1790957978668,0,1790958837419.967,586.328,11.634,1790958838018.603,Normal,0.9608
rasp1,48487,20261002-161933_clu_rasp14_pi4gb_r2,2219,perf_20261002-161933_clu_rasp14_pi4gb_r2,2,551,1790957978668,0,1790958838020.678,626.574,12.519,1790958838660.66,Normal,0.7799
rasp1,48487,20261002-161933_clu_rasp14_pi4gb_r2,2221,perf_20261002-161933_clu_rasp14_pi4gb_r2,2,552,1790957978668,0,1790958838662.272,823.749,10.269,1790958839497.568,Normal,0.958
rasp1,48487,20261002-161933_clu_rasp14_pi4gb_r2,2225,perf_20261002-161933_clu_rasp14_pi4gb_r2,2,553,1790957978668,0,1790958839499.165,648.32,9.82,1790958840158.086,Normal,0.9243
rasp1,48487,20261002-161933_clu_rasp14_pi4gb_r2,2227,perf_20261002-161933_clu_rasp14_pi4gb_r2,2,554,1790957978668,0,1790958840159.556,1186.542,11.276,1790958841358.108,Normal,0.9618
rasp1,48487,20261002-161933_clu_rasp14_pi4gb_r2,2229,perf_20261002-161933_clu_rasp14_pi4gb_r2,2,555,1790957978669,0,1790958841360.106,618.439,11.362,1790958841995.854,Normal,0.9728
rasp1,48487,20261002-161933_clu_rasp14_pi4gb_r2,2230,perf_20261002-161933_clu_rasp14_pi4gb_r2,2,556,1790957978669,0,1790958841997.472,610.044,9.362,1790958842617.605,Normal,0.9606
rasp1,48487,20261002-161933_clu_rasp14_pi4gb_r2,2231,perf_20261002-161933_clu_rasp14_pi4gb_r2,2,557,1790957978669,0,1790958842626.935,765.307,10.19,1790958843403.36,Normal,0.7756
rasp1,48487,20261002-161933_clu_rasp14_pi4gb_r2,2235,perf_20261002-161933_clu_rasp14_pi4gb_r2,2,558,1790957978669,0,1790958843404.899,672.402,11.797,1790958844090.386,Normal,0.956
rasp1,48487,20261002-161933_clu_rasp14_pi4gb_r2,2236,perf_20261002-161933_clu_rasp14_pi4gb_r2,2,559,1790957978669,0,1790958844092.278,672.709,12.105,1790958844778.228,Normal,0.9189
rasp1,48487,20261002-161933_clu_rasp14_pi4gb_r2,2237,perf_20261002-161933_clu_rasp14_pi4gb_r2,2,560,1790957978669,0,1790958844780.553,693.504,10.396,1790958845485.301,Normal,0.892
rasp1,48487,20261002-161933_clu_rasp14_pi4gb_r2,2238,perf_20261002-161933_clu_rasp14_pi4gb_r2,2,561,1790957978669,0,1790958845487.553,764.907,10.237,1790958846263.557,Normal,0.9303
rasp1,48487,20261002-161933_clu_rasp14_pi4gb_r2,2251,perf_20261002-161933_clu_rasp14_pi4gb_r2,2,562,1790957978671,0,1790958846265.853,587.466,10.602,1790958846864.674,Normal,0.6873
rasp1,48487,20261002-161933_clu_rasp14_pi4gb_r2,2252,perf_20261002-161933_clu_rasp14_pi4gb_r2,2,563,1790957978671,0,1790958846866.808,539.581,11.524,1790958847418.616,Normal,0.903
rasp1,48487,20261002-161933_clu_rasp14_pi4gb_r2,2253,perf_20261002-161933_clu_rasp14_pi4gb_r2,2,564,1790957978671,0,1790958847420.161,1239.24,12.346,1790958848672.423,Normal,0.9498
rasp1,48487,20261002-161933_clu_rasp14_pi4gb_r2,2265,perf_20261002-161933_clu_rasp14_pi4gb_r2,2,565,1790957978672,0,1790958848677.519,691.846,13.985,1790958849384.039,Normal,0.9204
rasp1,48487,20261002-161933_clu_rasp14_pi4gb_r2,2267,perf_20261002-161933_clu_rasp14_pi4gb_r2,2,566,1790957978672,0,1790958849387.23,591.395,11.882,1790958849991.192,Normal,0.9375
rasp1,48487,20261002-161933_clu_rasp14_pi4gb_r2,2275,perf_20261002-161933_clu_rasp14_pi4gb_r2,2,567,1790957978672,0,1790958850001.867,710.67,10.202,1790958850723.476,Normal,0.9606
rasp1,48487,20261002-161933_clu_rasp14_pi4gb_r2,2276,perf_20261002-161933_clu_rasp14_pi4gb_r2,2,568,1790957978673,0,1790958850725.538,744.851,10.369,1790958851481.502,Normal,0.9422
rasp1,48487,20261002-161933_clu_rasp14_pi4gb_r2,2281,perf_20261002-161933_clu_rasp14_pi4gb_r2,2,569,1790957978673,0,1790958851482.988,745.482,12.616,1790958852247.921,Normal,0.6376
rasp1,48487,20261002-161933_clu_rasp14_pi4gb_r2,2282,perf_20261002-161933_clu_rasp14_pi4gb_r2,2,570,1790957978673,0,1790958852249.883,783.473,11.884,1790958853046.207,Normal,0.9228
rasp1,48487,20261002-161933_clu_rasp14_pi4gb_r2,2283,perf_20261002-161933_clu_rasp14_pi4gb_r2,2,571,1790957978673,0,1790958853048.185,819.933,11.143,1790958853880.405,Normal,0.9342
rasp1,48487,20261002-161933_clu_rasp14_pi4gb_r2,2285,perf_20261002-161933_clu_rasp14_pi4gb_r2,2,572,1790957978673,0,1790958853881.919,1037.215,13.493,1790958854933.529,Normal,0.9765
rasp1,48487,20261002-161933_clu_rasp14_pi4gb_r2,2286,perf_20261002-161933_clu_rasp14_pi4gb_r2,2,573,1790957978673,0,1790958854935.644,1064.73,11.949,1790958856013.032,OFFENSIVE,0.3833
rasp1,48487,20261002-161933_clu_rasp14_pi4gb_r2,2291,perf_20261002-161933_clu_rasp14_pi4gb_r2,2,574,1790957978674,0,1790958856015.119,622.115,11.401,1790958856649.365,Normal,0.9427
rasp1,48487,20261002-161933_clu_rasp14_pi4gb_r2,2292,perf_20261002-161933_clu_rasp14_pi4gb_r2,2,575,1790957978674,0,1790958856651.413,586.537,10.352,1790958857248.919,Normal,0.9499
rasp1,48487,20261002-161933_clu_rasp14_pi4gb_r2,2295,perf_20261002-161933_clu_rasp14_pi4gb_r2,2,576,1790957978674,0,1790958857250.593,925.048,10.467,1790958858186.98,Normal,0.8185
rasp1,48487,20261002-161933_clu_rasp14_pi4gb_r2,2296,perf_20261002-161933_clu_rasp14_pi4gb_r2,2,577,1790957978674,0,1790958858188.654,557.281,12.065,1790958858758.612,Normal,0.9608
rasp1,48487,20261002-161933_clu_rasp14_pi4gb_r2,2300,perf_20261002-161933_clu_rasp14_pi4gb_r2,2,578,1790957978675,0,1790958858761.119,609.187,13.264,1790958859384.831,Normal,0.931
rasp1,48487,20261002-161933_clu_rasp14_pi4gb_r2,2302,perf_20261002-161933_clu_rasp14_pi4gb_r2,2,579,1790957978675,0,1790958859386.649,867.586,11.383,1790958860266.883,Normal,0.9682
rasp1,48487,20261002-161933_clu_rasp14_pi4gb_r2,2304,perf_20261002-161933_clu_rasp14_pi4gb_r2,2,580,1790957978675,0,1790958860268.255,810.088,10.669,1790958861089.771,Normal,0.8791
rasp1,48487,20261002-161933_clu_rasp14_pi4gb_r2,2312,perf_20261002-161933_clu_rasp14_pi4gb_r2,2,581,1790957978676,0,1790958861091.131,635.799,12.266,1790958861739.842,Normal,0.9699
rasp1,48487,20261002-161933_clu_rasp14_pi4gb_r2,2320,perf_20261002-161933_clu_rasp14_pi4gb_r2,2,582,1790957978676,0,1790958861744.21,637.866,13.494,1790958862403.768,Normal,0.9424
rasp1,48487,20261002-161933_clu_rasp14_pi4gb_r2,2325,perf_20261002-161933_clu_rasp14_pi4gb_r2,2,583,1790957978677,0,1790958862405.153,758.237,8.729,1790958863173.407,Normal,0.8525
rasp1,48487,20261002-161933_clu_rasp14_pi4gb_r2,2329,perf_20261002-161933_clu_rasp14_pi4gb_r2,2,584,1790957978677,0,1790958863175.045,814.063,9.516,1790958863999.536,Normal,0.9552
rasp1,48487,20261002-161933_clu_rasp14_pi4gb_r2,2336,perf_20261002-161933_clu_rasp14_pi4gb_r2,2,585,1790957978678,0,1790958864004.593,674.965,10.376,1790958864690.645,Normal,0.881
rasp1,48487,20261002-161933_clu_rasp14_pi4gb_r2,2337,perf_20261002-161933_clu_rasp14_pi4gb_r2,2,586,1790957978678,0,1790958864692.099,517.174,10.228,1790958865220.191,Normal,0.9389
rasp1,48487,20261002-161933_clu_rasp14_pi4gb_r2,2341,perf_20261002-161933_clu_rasp14_pi4gb_r2,2,587,1790957978678,0,1790958865222.011,4033.174,10.307,1790958869266.288,Normal,0.9407
rasp1,48487,20261002-161933_clu_rasp14_pi4gb_r2,2344,perf_20261002-161933_clu_rasp14_pi4gb_r2,2,588,1790957978678,0,1790958869267.837,769.096,10.504,1790958870048.383,Normal,0.9768
rasp1,48487,20261002-161933_clu_rasp14_pi4gb_r2,2346,perf_20261002-161933_clu_rasp14_pi4gb_r2,2,589,1790957978679,0,1790958870050.533,859.767,11.016,1790958870922.276,Normal,0.8414
rasp1,48487,20261002-161933_clu_rasp14_pi4gb_r2,2347,perf_20261002-161933_clu_rasp14_pi4gb_r2,2,590,1790957978679,0,1790958870924.0,615.163,10.988,1790958871551.176,Normal,0.9454
rasp1,48487,20261002-161933_clu_rasp14_pi4gb_r2,2349,perf_20261002-161933_clu_rasp14_pi4gb_r2,2,591,1790957978679,0,1790958871553.521,841.566,11.674,1790958872407.692,Normal,0.9584
rasp1,48487,20261002-161933_clu_rasp14_pi4gb_r2,2352,perf_20261002-161933_clu_rasp14_pi4gb_r2,2,592,1790957978679,0,1790958872409.612,643.355,10.077,1790958873064.167,Normal,0.8532
rasp1,48487,20261002-161933_clu_rasp14_pi4gb_r2,2361,perf_20261002-161933_clu_rasp14_pi4gb_r2,2,593,1790957978680,0,1790958873065.901,760.492,10.654,1790958873837.946,OFFENSIVE,0.832
rasp1,48487,20261002-161933_clu_rasp14_pi4gb_r2,2363,perf_20261002-161933_clu_rasp14_pi4gb_r2,2,594,1790957978680,0,1790958873839.652,632.192,10.994,1790958874490.262,HATE,0.872
rasp1,48487,20261002-161933_clu_rasp14_pi4gb_r2,2364,perf_20261002-161933_clu_rasp14_pi4gb_r2,2,595,1790957978680,0,1790958874504.804,967.569,10.31,1790958875483.375,Normal,0.9725
rasp1,48487,20261002-161933_clu_rasp14_pi4gb_r2,2368,perf_20261002-161933_clu_rasp14_pi4gb_r2,2,596,1790957978680,0,1790958875490.415,1033.022,12.783,1790958876536.879,Normal,0.9632
rasp1,48487,20261002-161933_clu_rasp14_pi4gb_r2,2370,perf_20261002-161933_clu_rasp14_pi4gb_r2,2,597,1790957978681,0,1790958876545.067,785.247,17.627,1790958877348.789,Normal,0.9447
rasp1,48487,20261002-161933_clu_rasp14_pi4gb_r2,2372,perf_20261002-161933_clu_rasp14_pi4gb_r2,2,598,1790957978681,0,1790958877350.014,493.194,9.565,1790958877853.548,Normal,0.8975
rasp1,48487,20261002-161933_clu_rasp14_pi4gb_r2,2374,perf_20261002-161933_clu_rasp14_pi4gb_r2,2,599,1790957978681,0,1790958877859.344,633.841,10.607,1790958878504.419,Normal,0.9135
rasp1,48487,20261002-161933_clu_rasp14_pi4gb_r2,2375,perf_20261002-161933_clu_rasp14_pi4gb_r2,2,600,1790957978681,0,1790958878510.019,708.006,14.338,1790958879232.938,Normal,0.8999
rasp1,48487,20261002-161933_clu_rasp14_pi4gb_r2,2376,perf_20261002-161933_clu_rasp14_pi4gb_r2,2,601,1790957978681,0,1790958879234.542,1760.342,15.687,1790958881011.248,Normal,0.9272
rasp1,48487,20261002-161933_clu_rasp14_pi4gb_r2,2386,perf_20261002-161933_clu_rasp14_pi4gb_r2,2,602,1790957978682,0,1790958881018.956,879.354,9.953,1790958881912.266,Normal,0.898
rasp1,48487,20261002-161933_clu_rasp14_pi4gb_r2,2389,perf_20261002-161933_clu_rasp14_pi4gb_r2,2,603,1790957978682,0,1790958881914.626,685.935,13.654,1790958882617.955,Normal,0.9375
rasp1,48487,20261002-161933_clu_rasp14_pi4gb_r2,2390,perf_20261002-161933_clu_rasp14_pi4gb_r2,2,604,1790957978683,0,1790958882625.486,953.016,12.478,1790958883591.902,Normal,0.9669
rasp1,48487,20261002-161933_clu_rasp14_pi4gb_r2,2391,perf_20261002-161933_clu_rasp14_pi4gb_r2,2,605,1790957978683,0,1790958883593.776,1072.851,9.892,1790958884677.473,Normal,0.902
rasp1,48487,20261002-161933_clu_rasp14_pi4gb_r2,2394,perf_20261002-161933_clu_rasp14_pi4gb_r2,2,606,1790957978683,0,1790958884679.422,970.157,13.109,1790958885663.982,Normal,0.9462
rasp1,48487,20261002-161933_clu_rasp14_pi4gb_r2,2396,perf_20261002-161933_clu_rasp14_pi4gb_r2,2,607,1790957978683,0,1790958885667.141,887.245,12.125,1790958886567.422,Normal,0.9708
rasp1,48487,20261002-161933_clu_rasp14_pi4gb_r2,2397,perf_20261002-161933_clu_rasp14_pi4gb_r2,2,608,1790957978683,0,1790958886570.014,638.458,10.953,1790958887220.321,Normal,0.9375
rasp1,48487,20261002-161933_clu_rasp14_pi4gb_r2,2400,perf_20261002-161933_clu_rasp14_pi4gb_r2,2,609,1790957978683,0,1790958887222.876,613.201,11.294,1790958887848.311,Normal,0.9127
rasp1,48487,20261002-161933_clu_rasp14_pi4gb_r2,2401,perf_20261002-161933_clu_rasp14_pi4gb_r2,2,610,1790957978683,0,1790958887849.805,825.389,9.354,1790958888685.191,Normal,0.7874
rasp1,48487,20261002-161933_clu_rasp14_pi4gb_r2,2406,perf_20261002-161933_clu_rasp14_pi4gb_r2,2,611,1790957978684,0,1790958888686.689,897.063,11.476,1790958889596.098,Normal,0.9401
rasp1,48487,20261002-161933_clu_rasp14_pi4gb_r2,2413,perf_20261002-161933_clu_rasp14_pi4gb_r2,2,612,1790957978684,0,1790958889597.908,712.531,8.881,1790958890320.073,Normal,0.9553
rasp1,48487,20261002-161933_clu_rasp14_pi4gb_r2,2431,perf_20261002-161933_clu_rasp14_pi4gb_r2,2,613,1790957978686,0,1790958890321.669,520.639,8.591,1790958890851.927,Normal,0.9423
rasp1,48487,20261002-161933_clu_rasp14_pi4gb_r2,2432,perf_20261002-161933_clu_rasp14_pi4gb_r2,2,614,1790957978686,0,1790958890853.603,600.579,10.772,1790958891466.122,Normal,0.9638
rasp1,48487,20261002-161933_clu_rasp14_pi4gb_r2,2438,perf_20261002-161933_clu_rasp14_pi4gb_r2,2,615,1790957978687,0,1790958891467.663,788.3,9.811,1790958892266.462,Normal,0.8891
rasp1,48487,20261002-161933_clu_rasp14_pi4gb_r2,2442,perf_20261002-161933_clu_rasp14_pi4gb_r2,2,616,1790957978687,0,1790958892267.885,621.405,10.135,1790958892900.06,Normal,0.9571
rasp1,48487,20261002-161933_clu_rasp14_pi4gb_r2,2451,perf_20261002-161933_clu_rasp14_pi4gb_r2,2,617,1790957978688,0,1790958892901.825,554.672,13.056,1790958893470.36,Normal,0.8992
rasp1,48487,20261002-161933_clu_rasp14_pi4gb_r2,2456,perf_20261002-161933_clu_rasp14_pi4gb_r2,2,618,1790957978688,0,1790958893471.988,809.914,14.942,1790958894297.39,Normal,0.8845
rasp1,48487,20261002-161933_clu_rasp14_pi4gb_r2,2458,perf_20261002-161933_clu_rasp14_pi4gb_r2,2,619,1790957978688,0,1790958894302.047,809.506,11.072,1790958895123.901,Normal,0.9423
rasp1,48487,20261002-161933_clu_rasp14_pi4gb_r2,2462,perf_20261002-161933_clu_rasp14_pi4gb_r2,2,620,1790957978689,0,1790958895125.278,1133.518,10.497,1790958896270.106,Normal,0.9566
rasp1,48487,20261002-161933_clu_rasp14_pi4gb_r2,2465,perf_20261002-161933_clu_rasp14_pi4gb_r2,2,621,1790957978689,0,1790958896272.812,899.375,11.373,1790958897184.545,Normal,0.9149
rasp1,48487,20261002-161933_clu_rasp14_pi4gb_r2,2467,perf_20261002-161933_clu_rasp14_pi4gb_r2,2,622,1790957978689,0,1790958897186.053,576.303,10.834,1790958897774.083,Normal,0.9552
rasp1,48487,20261002-161933_clu_rasp14_pi4gb_r2,2482,perf_20261002-161933_clu_rasp14_pi4gb_r2,2,623,1790957978690,0,1790958897775.806,563.343,10.276,1790958898350.178,Normal,0.9423
rasp1,48487,20261002-161933_clu_rasp14_pi4gb_r2,2489,perf_20261002-161933_clu_rasp14_pi4gb_r2,2,624,1790957978691,0,1790958898352.177,615.246,11.089,1790958898979.211,Normal,0.9641
rasp1,48487,20261002-161933_clu_rasp14_pi4gb_r2,2491,perf_20261002-161933_clu_rasp14_pi4gb_r2,2,625,1790957978691,0,1790958898980.578,757.694,12.783,1790958899751.786,Normal,0.9144
rasp1,48487,20261002-161933_clu_rasp14_pi4gb_r2,2496,perf_20261002-161933_clu_rasp14_pi4gb_r2,2,626,1790957978692,0,1790958899752.999,604.201,10.14,1790958900368.248,Normal,0.9657
rasp1,48487,20261002-161933_clu_rasp14_pi4gb_r2,2501,perf_20261002-161933_clu_rasp14_pi4gb_r2,2,627,1790957978693,0,1790958900370.134,885.483,12.0,1790958901269.048,Normal,0.8787
rasp1,48487,20261002-161933_clu_rasp14_pi4gb_r2,2504,perf_20261002-161933_clu_rasp14_pi4gb_r2,2,628,1790957978693,0,1790958901271.834,860.723,13.472,1790958902147.288,Normal,0.9652
rasp1,48487,20261002-161933_clu_rasp14_pi4gb_r2,2506,perf_20261002-161933_clu_rasp14_pi4gb_r2,2,629,1790957978693,0,1790958902150.104,856.122,10.086,1790958903017.476,Normal,0.9445
rasp1,48487,20261002-161933_clu_rasp14_pi4gb_r2,2512,perf_20261002-161933_clu_rasp14_pi4gb_r2,2,630,1790957978694,0,1790958903019.312,1277.127,10.904,1790958904308.073,Normal,0.9611
rasp1,48487,20261002-161933_clu_rasp14_pi4gb_r2,2514,perf_20261002-161933_clu_rasp14_pi4gb_r2,2,631,1790957978694,0,1790958904310.191,642.285,10.268,1790958904963.541,Normal,0.9261
rasp1,48487,20261002-161933_clu_rasp14_pi4gb_r2,2516,perf_20261002-161933_clu_rasp14_pi4gb_r2,2,632,1790957978694,0,1790958904965.486,801.075,9.183,1790958905776.581,Normal,0.9712
rasp1,48487,20261002-161933_clu_rasp14_pi4gb_r2,2517,perf_20261002-161933_clu_rasp14_pi4gb_r2,2,633,1790957978694,0,1790958905778.948,806.994,11.728,1790958906598.634,Normal,0.8281
rasp1,48487,20261002-161933_clu_rasp14_pi4gb_r2,2521,perf_20261002-161933_clu_rasp14_pi4gb_r2,2,634,1790957978694,0,1790958906601.512,956.11,11.4,1790958907570.382,Normal,0.9581
rasp1,48487,20261002-161933_clu_rasp14_pi4gb_r2,2522,perf_20261002-161933_clu_rasp14_pi4gb_r2,2,635,1790957978694,0,1790958907576.366,2080.991,16.52,1790958909674.555,Normal,0.976
rasp1,48487,20261002-161933_clu_rasp14_pi4gb_r2,2527,perf_20261002-161933_clu_rasp14_pi4gb_r2,2,636,1790957978695,0,1790958909676.038,1060.529,12.666,1790958910751.27,Normal,0.9291
rasp1,48487,20261002-161933_clu_rasp14_pi4gb_r2,2529,perf_20261002-161933_clu_rasp14_pi4gb_r2,2,637,1790957978695,0,1790958910753.414,761.859,9.821,1790958911525.914,Normal,0.9423
rasp1,48487,20261002-161933_clu_rasp14_pi4gb_r2,2533,perf_20261002-161933_clu_rasp14_pi4gb_r2,2,638,1790957978695,0,1790958911527.341,697.979,9.008,1790958912235.012,Normal,0.72
rasp1,48487,20261002-161933_clu_rasp14_pi4gb_r2,2540,perf_20261002-161933_clu_rasp14_pi4gb_r2,2,639,1790957978696,0,1790958912236.539,563.517,10.546,1790958912811.199,Normal,0.8813
rasp1,48487,20261002-161933_clu_rasp14_pi4gb_r2,2541,perf_20261002-161933_clu_rasp14_pi4gb_r2,2,640,1790957978696,0,1790958912812.802,750.946,10.773,1790958913575.391,Normal,0.9247
rasp1,48487,20261002-161933_clu_rasp14_pi4gb_r2,2545,perf_20261002-161933_clu_rasp14_pi4gb_r2,2,641,1790957978696,0,1790958913577.493,553.823,10.771,1790958914143.179,Normal,0.9423
rasp1,48487,20261002-161933_clu_rasp14_pi4gb_r2,2546,perf_20261002-161933_clu_rasp14_pi4gb_r2,2,642,1790957978696,0,1790958914144.625,601.794,10.681,1790958914758.047,Normal,0.9561
rasp1,48487,20261002-161933_clu_rasp14_pi4gb_r2,2550,perf_20261002-161933_clu_rasp14_pi4gb_r2,2,643,1790957978697,0,1790958914759.503,687.371,10.571,1790958915458.233,Normal,0.9677
rasp1,48487,20261002-161933_clu_rasp14_pi4gb_r2,2553,perf_20261002-161933_clu_rasp14_pi4gb_r2,2,644,1790957978697,0,1790958915459.582,633.989,8.929,1790958916103.149,Normal,0.9633
rasp1,48487,20261002-161933_clu_rasp14_pi4gb_r2,2560,perf_20261002-161933_clu_rasp14_pi4gb_r2,2,645,1790957978698,0,1790958916104.454,611.601,12.123,1790958916729.366,Normal,0.9195
rasp1,48487,20261002-161933_clu_rasp14_pi4gb_r2,2562,perf_20261002-161933_clu_rasp14_pi4gb_r2,2,646,1790957978698,0,1790958916731.394,693.658,16.063,1790958917442.323,Normal,0.6822
rasp1,48487,20261002-161933_clu_rasp14_pi4gb_r2,2566,perf_20261002-161933_clu_rasp14_pi4gb_r2,2,647,1790957978698,0,1790958917443.927,924.238,10.597,1790958918379.675,Normal,0.964
rasp1,48487,20261002-161933_clu_rasp14_pi4gb_r2,2567,perf_20261002-161933_clu_rasp14_pi4gb_r2,2,648,1790957978698,0,1790958918381.208,1593.077,9.966,1790958919985.255,Normal,0.9813
rasp1,48487,20261002-161933_clu_rasp14_pi4gb_r2,2571,perf_20261002-161933_clu_rasp14_pi4gb_r2,2,649,1790957978699,0,1790958919988.3,2220.987,9.405,1790958922219.657,Normal,0.9757
rasp1,48487,20261002-161933_clu_rasp14_pi4gb_r2,2577,perf_20261002-161933_clu_rasp14_pi4gb_r2,2,650,1790957978699,0,1790958922221.052,1228.137,8.762,1790958923458.649,Normal,0.9539
rasp1,48487,20261002-161933_clu_rasp14_pi4gb_r2,2581,perf_20261002-161933_clu_rasp14_pi4gb_r2,2,651,1790957978700,0,1790958923461.112,752.345,12.095,1790958924226.293,Normal,0.956
rasp1,48487,20261002-161933_clu_rasp14_pi4gb_r2,2584,perf_20261002-161933_clu_rasp14_pi4gb_r2,2,652,1790957978700,0,1790958924228.216,813.06,11.724,1790958925054.022,Normal,0.781
rasp1,48487,20261002-161933_clu_rasp14_pi4gb_r2,2585,perf_20261002-161933_clu_rasp14_pi4gb_r2,2,653,1790957978700,0,1790958925056.221,613.374,9.256,1790958925679.62,Normal,0.9572
rasp1,48487,20261002-161933_clu_rasp14_pi4gb_r2,2590,perf_20261002-161933_clu_rasp14_pi4gb_r2,2,654,1790957978700,0,1790958925681.129,691.304,10.422,1790958926383.584,Normal,0.8772
rasp1,48487,20261002-161933_clu_rasp14_pi4gb_r2,2592,perf_20261002-161933_clu_rasp14_pi4gb_r2,2,655,1790957978700,0,1790958926385.264,1071.645,12.095,1790958927469.777,Normal,0.9673
rasp1,48487,20261002-161933_clu_rasp14_pi4gb_r2,2595,perf_20261002-161933_clu_rasp14_pi4gb_r2,2,656,1790957978701,0,1790958927471.679,922.651,9.651,1790958928404.865,Normal,0.9304
rasp1,48487,20261002-161933_clu_rasp14_pi4gb_r2,2604,perf_20261002-161933_clu_rasp14_pi4gb_r2,2,657,1790957978701,0,1790958928406.943,611.109,10.706,1790958929029.495,Normal,0.9256
rasp1,48487,20261002-161933_clu_rasp14_pi4gb_r2,2616,perf_20261002-161933_clu_rasp14_pi4gb_r2,2,658,1790957978702,0,1790958929031.863,601.427,7.64,1790958929641.668,Normal,0.9324
rasp1,48487,20261002-161933_clu_rasp14_pi4gb_r2,2617,perf_20261002-161933_clu_rasp14_pi4gb_r2,2,659,1790957978702,0,1790958929642.844,1013.451,11.31,1790958930668.452,Normal,0.9616
rasp1,48487,20261002-161933_clu_rasp14_pi4gb_r2,2623,perf_20261002-161933_clu_rasp14_pi4gb_r2,2,660,1790957978704,0,1790958930670.369,658.381,9.39,1790958931338.988,Normal,0.8008
rasp1,48487,20261002-161933_clu_rasp14_pi4gb_r2,2624,perf_20261002-161933_clu_rasp14_pi4gb_r2,2,661,1790957978704,0,1790958931340.385,788.79,12.49,1790958932142.975,Normal,0.7771
rasp1,48487,20261002-161933_clu_rasp14_pi4gb_r2,2627,perf_20261002-161933_clu_rasp14_pi4gb_r2,2,662,1790957978704,0,1790958932144.954,580.175,12.045,1790958932738.402,Normal,0.9704
rasp1,48487,20261002-161933_clu_rasp14_pi4gb_r2,2638,perf_20261002-161933_clu_rasp14_pi4gb_r2,2,663,1790957978705,0,1790958932740.034,730.967,9.495,1790958933481.182,Normal,0.7809
rasp1,48487,20261002-161933_clu_rasp14_pi4gb_r2,2641,perf_20261002-161933_clu_rasp14_pi4gb_r2,2,664,1790957978705,0,1790958933482.434,895.934,15.321,1790958934394.634,Normal,0.962
rasp1,48487,20261002-161933_clu_rasp14_pi4gb_r2,2652,perf_20261002-161933_clu_rasp14_pi4gb_r2,2,665,1790957978706,0,1790958934402.4,650.859,12.451,1790958935066.398,Normal,0.9647
rasp1,48487,20261002-161933_clu_rasp14_pi4gb_r2,2653,perf_20261002-161933_clu_rasp14_pi4gb_r2,2,666,1790957978706,0,1790958935068.152,1026.733,16.358,1790958936112.315,Normal,0.9718
rasp1,48487,20261002-161933_clu_rasp14_pi4gb_r2,2659,perf_20261002-161933_clu_rasp14_pi4gb_r2,2,667,1790957978707,0,1790958936114.311,884.211,10.172,1790958937009.645,Normal,0.9466
rasp1,48487,20261002-161933_clu_rasp14_pi4gb_r2,2661,perf_20261002-161933_clu_rasp14_pi4gb_r2,2,668,1790957978707,0,1790958937015.236,2123.009,10.648,1790958939150.041,Normal,0.9446
rasp1,48487,20261002-161933_clu_rasp14_pi4gb_r2,2678,perf_20261002-161933_clu_rasp14_pi4gb_r2,2,669,1790957978709,0,1790958939151.6,612.182,9.539,1790958939774.122,Normal,0.8525
rasp1,48487,20261002-161933_clu_rasp14_pi4gb_r2,2680,perf_20261002-161933_clu_rasp14_pi4gb_r2,2,670,1790957978709,0,1790958939775.512,537.55,9.564,1790958940323.242,Normal,0.9375
rasp1,48487,20261002-161933_clu_rasp14_pi4gb_r2,2683,perf_20261002-161933_clu_rasp14_pi4gb_r2,2,671,1790957978709,0,1790958940324.602,666.644,9.858,1790958941001.896,Normal,0.9276
rasp1,48487,20261002-161933_clu_rasp14_pi4gb_r2,2684,perf_20261002-161933_clu_rasp14_pi4gb_r2,2,672,1790957978709,0,1790958941003.8,799.721,11.344,1790958941815.855,Normal,0.9515
rasp1,48487,20261002-161933_clu_rasp14_pi4gb_r2,2703,perf_20261002-161933_clu_rasp14_pi4gb_r2,2,673,1790957978711,0,1790958941817.504,663.486,10.982,1790958942492.799,OFFENSIVE,0.4995
rasp1,48487,20261002-161933_clu_rasp14_pi4gb_r2,2707,perf_20261002-161933_clu_rasp14_pi4gb_r2,2,674,1790957978711,0,1790958942495.414,1488.666,11.591,1790958943996.633,Normal,0.9543
rasp1,48487,20261002-161933_clu_rasp14_pi4gb_r2,2714,perf_20261002-161933_clu_rasp14_pi4gb_r2,2,675,1790957978712,0,1790958943998.486,802.619,10.391,1790958944812.226,Normal,0.8908
rasp1,48487,20261002-161933_clu_rasp14_pi4gb_r2,2715,perf_20261002-161933_clu_rasp14_pi4gb_r2,2,676,1790957978712,0,1790958944813.984,515.979,12.702,1790958945343.254,Normal,0.9047
rasp1,48487,20261002-161933_clu_rasp14_pi4gb_r2,2718,perf_20261002-161933_clu_rasp14_pi4gb_r2,2,677,1790957978712,0,1790958945346.139,522.434,11.143,1790958945883.546,Normal,0.9201
rasp1,48487,20261002-161933_clu_rasp14_pi4gb_r2,2721,perf_20261002-161933_clu_rasp14_pi4gb_r2,2,678,1790957978712,0,1790958945884.965,528.919,9.551,1790958946424.113,Normal,0.9239
rasp1,48487,20261002-161933_clu_rasp14_pi4gb_r2,2722,perf_20261002-161933_clu_rasp14_pi4gb_r2,2,679,1790957978712,0,1790958946425.675,975.881,9.584,1790958947411.979,Normal,0.9275
rasp1,48487,20261002-161933_clu_rasp14_pi4gb_r2,2726,perf_20261002-161933_clu_rasp14_pi4gb_r2,2,680,1790957978713,0,1790958947413.916,631.602,11.549,1790958948058.012,Normal,0.963
rasp1,48487,20261002-161933_clu_rasp14_pi4gb_r2,2730,perf_20261002-161933_clu_rasp14_pi4gb_r2,2,681,1790957978713,0,1790958948059.665,901.684,10.556,1790958948972.691,Normal,0.9656
rasp1,48487,20261002-161933_clu_rasp14_pi4gb_r2,2733,perf_20261002-161933_clu_rasp14_pi4gb_r2,2,682,1790957978713,0,1790958948976.077,1144.827,14.456,1790958950136.51,Normal,0.9662
rasp1,48487,20261002-161933_clu_rasp14_pi4gb_r2,2739,perf_20261002-161933_clu_rasp14_pi4gb_r2,2,683,1790957978714,0,1790958950139.506,1402.11,10.957,1790958951554.657,Normal,0.8766
rasp1,48487,20261002-161933_clu_rasp14_pi4gb_r2,2746,perf_20261002-161933_clu_rasp14_pi4gb_r2,2,684,1790957978715,0,1790958951556.254,638.336,9.185,1790958952204.45,Normal,0.9556
rasp1,48487,20261002-161933_clu_rasp14_pi4gb_r2,2747,perf_20261002-161933_clu_rasp14_pi4gb_r2,2,685,1790957978715,0,1790958952205.789,3227.44,10.456,1790958955444.609,Normal,0.9482
rasp1,48487,20261002-161933_clu_rasp14_pi4gb_r2,2748,perf_20261002-161933_clu_rasp14_pi4gb_r2,2,686,1790957978715,0,1790958955446.236,946.598,11.61,1790958956405.417,Normal,0.9668
rasp1,48487,20261002-161933_clu_rasp14_pi4gb_r2,2749,perf_20261002-161933_clu_rasp14_pi4gb_r2,2,687,1790957978715,0,1790958956406.983,600.784,9.875,1790958957018.526,Normal,0.9094
rasp1,48487,20261002-161933_clu_rasp14_pi4gb_r2,2763,perf_20261002-161933_clu_rasp14_pi4gb_r2,2,688,1790957978716,0,1790958957020.351,767.265,11.708,1790958957800.319,Normal,0.9544
rasp1,48487,20261002-161933_clu_rasp14_pi4gb_r2,2764,perf_20261002-161933_clu_rasp14_pi4gb_r2,2,689,1790957978716,0,1790958957802.42,848.617,10.264,1790958958662.533,Normal,0.9717
rasp1,48487,20261002-161933_clu_rasp14_pi4gb_r2,2770,perf_20261002-161933_clu_rasp14_pi4gb_r2,2,690,1790957978717,0,1790958958663.995,913.608,9.142,1790958959587.489,Normal,0.9632
rasp1,48487,20261002-161933_clu_rasp14_pi4gb_r2,2781,perf_20261002-161933_clu_rasp14_pi4gb_r2,2,691,1790957978718,0,1790958959588.982,533.778,10.096,1790958960133.644,Normal,0.9512
rasp1,48487,20261002-161933_clu_rasp14_pi4gb_r2,2789,perf_20261002-161933_clu_rasp14_pi4gb_r2,2,692,1790957978718,0,1790958960136.227,1172.971,9.626,1790958961319.541,Normal,0.9465
rasp1,48487,20261002-161933_clu_rasp14_pi4gb_r2,2795,perf_20261002-161933_clu_rasp14_pi4gb_r2,2,693,1790957978719,0,1790958961321.24,690.592,10.516,1790958962023.009,Normal,0.8574
rasp1,48487,20261002-161933_clu_rasp14_pi4gb_r2,2799,perf_20261002-161933_clu_rasp14_pi4gb_r2,2,694,1790957978719,0,1790958962032.442,1007.753,10.619,1790958963051.682,Normal,0.9221
rasp1,48487,20261002-161933_clu_rasp14_pi4gb_r2,2810,perf_20261002-161933_clu_rasp14_pi4gb_r2,2,695,1790957978720,0,1790958963056.045,995.034,15.834,1790958964067.649,Normal,0.8985
rasp1,48487,20261002-161933_clu_rasp14_pi4gb_r2,2814,perf_20261002-161933_clu_rasp14_pi4gb_r2,2,696,1790957978720,0,1790958964073.116,791.905,9.354,1790958964874.982,Normal,0.9483
rasp1,48487,20261002-161933_clu_rasp14_pi4gb_r2,2816,perf_20261002-161933_clu_rasp14_pi4gb_r2,2,697,1790957978721,0,1790958964876.504,637.835,9.149,1790958965524.386,Normal,0.9358
rasp1,48487,20261002-161933_clu_rasp14_pi4gb_r2,2819,perf_20261002-161933_clu_rasp14_pi4gb_r2,2,698,1790957978721,0,1790958965525.765,913.746,10.859,1790958966451.037,Normal,0.9772
rasp1,48487,20261002-161933_clu_rasp14_pi4gb_r2,2825,perf_20261002-161933_clu_rasp14_pi4gb_r2,2,699,1790957978721,0,1790958966452.866,621.578,14.544,1790958967090.193,Normal,0.9428
rasp1,48487,20261002-161933_clu_rasp14_pi4gb_r2,2827,perf_20261002-161933_clu_rasp14_pi4gb_r2,2,700,1790957978722,0,1790958967092.698,2990.721,10.081,1790958970094.653,Normal,0.9789
rasp1,48487,20261002-161933_clu_rasp14_pi4gb_r2,2828,perf_20261002-161933_clu_rasp14_pi4gb_r2,2,701,1790957978722,0,1790958970096.167,2107.17,11.748,1790958972216.052,Normal,0.9757
rasp1,48487,20261002-161933_clu_rasp14_pi4gb_r2,2836,perf_20261002-161933_clu_rasp14_pi4gb_r2,2,702,1790957978722,0,1790958972218.531,698.752,12.729,1790958972931.257,Normal,0.8767
rasp1,48487,20261002-161933_clu_rasp14_pi4gb_r2,2838,perf_20261002-161933_clu_rasp14_pi4gb_r2,2,703,1790957978722,0,1790958972933.635,667.97,10.264,1790958973612.781,Normal,0.8573
rasp1,48487,20261002-161933_clu_rasp14_pi4gb_r2,2839,perf_20261002-161933_clu_rasp14_pi4gb_r2,2,704,1790957978723,0,1790958973614.12,614.789,8.929,1790958974238.474,Normal,0.9591
rasp1,48487,20261002-161933_clu_rasp14_pi4gb_r2,2844,perf_20261002-161933_clu_rasp14_pi4gb_r2,2,705,1790957978723,0,1790958974240.174,732.864,8.76,1790958974982.559,Normal,0.847
rasp1,48487,20261002-161933_clu_rasp14_pi4gb_r2,2847,perf_20261002-161933_clu_rasp14_pi4gb_r2,2,706,1790957978723,0,1790958974984.082,678.19,8.913,1790958975672.058,Normal,0.9043
rasp1,48487,20261002-161933_clu_rasp14_pi4gb_r2,2849,perf_20261002-161933_clu_rasp14_pi4gb_r2,2,707,1790957978723,0,1790958975673.839,974.193,9.511,1790958976661.551,Normal,0.9487
rasp1,48487,20261002-161933_clu_rasp14_pi4gb_r2,2851,perf_20261002-161933_clu_rasp14_pi4gb_r2,2,708,1790957978723,0,1790958976665.023,1706.739,10.134,1790958978382.617,Normal,0.8052
rasp1,48487,20261002-161933_clu_rasp14_pi4gb_r2,2853,perf_20261002-161933_clu_rasp14_pi4gb_r2,2,709,1790957978724,0,1790958978390.17,1199.708,13.412,1790958979604.251,Normal,0.9471
rasp1,48487,20261002-161933_clu_rasp14_pi4gb_r2,2856,perf_20261002-161933_clu_rasp14_pi4gb_r2,2,710,1790957978724,0,1790958979605.905,1155.369,9.968,1790958980772.028,Normal,0.8748
rasp1,48487,20261002-161933_clu_rasp14_pi4gb_r2,2858,perf_20261002-161933_clu_rasp14_pi4gb_r2,2,711,1790957978724,0,1790958980773.564,610.011,10.175,1790958981394.548,Normal,0.9344
rasp1,48487,20261002-161933_clu_rasp14_pi4gb_r2,2867,perf_20261002-161933_clu_rasp14_pi4gb_r2,2,712,1790957978725,0,1790958981396.453,924.974,11.038,1790958982334.182,Normal,0.9439
rasp1,48487,20261002-161933_clu_rasp14_pi4gb_r2,2868,perf_20261002-161933_clu_rasp14_pi4gb_r2,2,713,1790957978725,0,1790958982336.675,609.4,9.238,1790958982956.894,Normal,0.9529
rasp1,48487,20261002-161933_clu_rasp14_pi4gb_r2,2871,perf_20261002-161933_clu_rasp14_pi4gb_r2,2,714,1790957978725,0,1790958982958.318,2723.542,10.298,1790958985692.861,Normal,0.8248
rasp1,48487,20261002-161933_clu_rasp14_pi4gb_r2,2873,perf_20261002-161933_clu_rasp14_pi4gb_r2,2,715,1790957978726,0,1790958985694.262,894.514,9.206,1790958986598.557,Normal,0.5852
rasp1,48487,20261002-161933_clu_rasp14_pi4gb_r2,2878,perf_20261002-161933_clu_rasp14_pi4gb_r2,2,716,1790957978726,0,1790958986600.976,617.455,11.878,1790958987231.204,Normal,0.9555
rasp1,48487,20261002-161933_clu_rasp14_pi4gb_r2,2879,perf_20261002-161933_clu_rasp14_pi4gb_r2,2,717,1790957978726,0,1790958987233.01,934.943,10.267,1790958988178.871,Normal,0.9786
rasp1,48487,20261002-161933_clu_rasp14_pi4gb_r2,2887,perf_20261002-161933_clu_rasp14_pi4gb_r2,2,718,1790957978727,0,1790958988180.61,789.507,11.971,1790958988982.913,Normal,0.8961
rasp1,48487,20261002-161933_clu_rasp14_pi4gb_r2,2889,perf_20261002-161933_clu_rasp14_pi4gb_r2,2,719,1790957978727,0,1790958988984.613,705.64,15.334,1790958989706.529,Normal,0.9662
rasp1,48487,20261002-161933_clu_rasp14_pi4gb_r2,2894,perf_20261002-161933_clu_rasp14_pi4gb_r2,2,720,1790957978727,0,1790958989714.305,1357.751,11.713,1790958991084.392,Normal,0.9699
rasp1,48487,20261002-161933_clu_rasp14_pi4gb_r2,2897,perf_20261002-161933_clu_rasp14_pi4gb_r2,2,721,1790957978727,0,1790958991091.098,952.48,25.832,1790958992073.38,Normal,0.9289
rasp1,48487,20261002-161933_clu_rasp14_pi4gb_r2,2916,perf_20261002-161933_clu_rasp14_pi4gb_r2,2,722,1790957978729,0,1790958992075.305,633.187,10.851,1790958992720.015,Normal,0.9392
rasp1,48487,20261002-161933_clu_rasp14_pi4gb_r2,2918,perf_20261002-161933_clu_rasp14_pi4gb_r2,2,723,1790957978729,0,1790958992727.84,840.117,10.34,1790958993578.928,Normal,0.9414
rasp1,48487,20261002-161933_clu_rasp14_pi4gb_r2,2919,perf_20261002-161933_clu_rasp14_pi4gb_r2,2,724,1790957978729,0,1790958993580.985,607.147,10.073,1790958994198.964,Normal,0.9338
rasp1,48487,20261002-161933_clu_rasp14_pi4gb_r2,2921,perf_20261002-161933_clu_rasp14_pi4gb_r2,2,725,1790957978729,0,1790958994200.499,4984.681,11.521,1790958999197.628,Normal,0.9035
rasp1,48487,20261002-161933_clu_rasp14_pi4gb_r2,2926,perf_20261002-161933_clu_rasp14_pi4gb_r2,2,726,1790957978737,0,1790958999199.959,679.336,9.659,1790958999889.85,Normal,0.9683
rasp1,48487,20261002-161933_clu_rasp14_pi4gb_r2,2929,perf_20261002-161933_clu_rasp14_pi4gb_r2,2,727,1790957978746,0,1790958999892.014,993.525,10.066,1790959000896.581,Normal,0.9144
rasp1,48487,20261002-161933_clu_rasp14_pi4gb_r2,2931,perf_20261002-161933_clu_rasp14_pi4gb_r2,2,728,1790957978746,0,1790959000898.492,776.686,10.688,1790959001690.507,Normal,0.8293
rasp1,48487,20261002-161933_clu_rasp14_pi4gb_r2,2933,perf_20261002-161933_clu_rasp14_pi4gb_r2,2,729,1790957978762,0,1790959001691.875,550.639,9.55,1790959002252.884,Normal,0.9629
rasp1,48487,20261002-161933_clu_rasp14_pi4gb_r2,2934,perf_20261002-161933_clu_rasp14_pi4gb_r2,2,730,1790957978762,0,1790959002254.578,580.72,10.345,1790959002846.314,Normal,0.9572
rasp1,48487,20261002-161933_clu_rasp14_pi4gb_r2,2936,perf_20261002-161933_clu_rasp14_pi4gb_r2,2,731,1790957978764,0,1790959002848.059,1638.932,10.645,1790959004498.255,Normal,0.9275
rasp1,48487,20261002-161933_clu_rasp14_pi4gb_r2,2939,perf_20261002-161933_clu_rasp14_pi4gb_r2,2,732,1790957978765,0,1790959004501.174,1125.281,10.059,1790959005637.149,Normal,0.6014
rasp1,48487,20261002-161933_clu_rasp14_pi4gb_r2,2961,perf_20261002-161933_clu_rasp14_pi4gb_r2,2,733,1790957978770,0,1790959005642.595,919.228,10.39,1790959006572.809,Normal,0.9374
rasp1,48487,20261002-161933_clu_rasp14_pi4gb_r2,2968,perf_20261002-161933_clu_rasp14_pi4gb_r2,2,734,1790957978771,0,1790959006574.462,1164.015,10.391,1790959007749.642,Normal,0.6727
rasp1,48487,20261002-161933_clu_rasp14_pi4gb_r2,2974,perf_20261002-161933_clu_rasp14_pi4gb_r2,2,735,1790957978773,0,1790959007751.658,595.839,11.275,1790959008359.976,Normal,0.8575
rasp1,48487,20261002-161933_clu_rasp14_pi4gb_r2,2976,perf_20261002-161933_clu_rasp14_pi4gb_r2,2,736,1790957978774,0,1790959008362.516,895.418,9.681,1790959009268.221,Normal,0.9448
rasp1,48487,20261002-161933_clu_rasp14_pi4gb_r2,2979,perf_20261002-161933_clu_rasp14_pi4gb_r2,2,737,1790957978774,0,1790959009270.264,731.154,9.169,1790959010011.24,Normal,0.9658
rasp1,48487,20261002-161933_clu_rasp14_pi4gb_r2,2984,perf_20261002-161933_clu_rasp14_pi4gb_r2,2,738,1790957978775,0,1790959010012.694,833.375,10.943,1790959010857.957,Normal,0.9574
rasp1,48487,20261002-161933_clu_rasp14_pi4gb_r2,2986,perf_20261002-161933_clu_rasp14_pi4gb_r2,2,739,1790957978775,0,1790959010859.774,755.462,9.476,1790959011625.499,Normal,0.9342
rasp1,48487,20261002-161933_clu_rasp14_pi4gb_r2,2993,perf_20261002-161933_clu_rasp14_pi4gb_r2,2,740,1790957978777,0,1790959011627.06,784.43,10.957,1790959012423.286,Normal,0.4327
rasp1,48487,20261002-161933_clu_rasp14_pi4gb_r2,2998,perf_20261002-161933_clu_rasp14_pi4gb_r2,2,741,1790957978778,0,1790959012425.81,569.481,10.494,1790959013006.543,Normal,0.9511
rasp1,48487,20261002-161933_clu_rasp14_pi4gb_r2,3001,perf_20261002-161933_clu_rasp14_pi4gb_r2,2,742,1790957978778,0,1790959013007.898,1033.452,11.48,1790959014053.578,Normal,0.7101
rasp1,48487,20261002-161933_clu_rasp14_pi4gb_r2,3008,perf_20261002-161933_clu_rasp14_pi4gb_r2,2,743,1790957978780,0,1790959014055.604,622.019,10.47,1790959014689.052,Normal,0.8661
rasp1,48487,20261002-161933_clu_rasp14_pi4gb_r2,3009,perf_20261002-161933_clu_rasp14_pi4gb_r2,2,744,1790957978780,0,1790959014690.5,725.546,11.244,1790959015428.308,Normal,0.9272
rasp1,48487,20261002-161933_clu_rasp14_pi4gb_r2,3011,perf_20261002-161933_clu_rasp14_pi4gb_r2,2,745,1790957978780,0,1790959015430.929,857.891,13.883,1790959016303.516,Normal,0.9642
rasp1,48487,20261002-161933_clu_rasp14_pi4gb_r2,3012,perf_20261002-161933_clu_rasp14_pi4gb_r2,2,746,1790957978780,0,1790959016306.056,842.244,11.565,1790959017165.55,Normal,0.7723
rasp1,48487,20261002-161933_clu_rasp14_pi4gb_r2,3013,perf_20261002-161933_clu_rasp14_pi4gb_r2,2,747,1790957978781,0,1790959017167.253,797.062,9.214,1790959017974.22,Normal,0.9618
rasp1,48487,20261002-161933_clu_rasp14_pi4gb_r2,3014,perf_20261002-161933_clu_rasp14_pi4gb_r2,2,748,1790957978781,0,1790959017975.772,850.274,11.101,1790959018837.914,Normal,0.924
rasp1,48487,20261002-161933_clu_rasp14_pi4gb_r2,3018,perf_20261002-161933_clu_rasp14_pi4gb_r2,2,749,1790957978782,0,1790959018842.406,767.356,18.995,1790959019629.507,Normal,0.9499
rasp1,48487,20261002-161933_clu_rasp14_pi4gb_r2,3019,perf_20261002-161933_clu_rasp14_pi4gb_r2,2,750,1790957978782,0,1790959019631.037,1536.461,24.561,1790959021193.509,Normal,0.9306
rasp1,48487,20261002-161933_clu_rasp14_pi4gb_r2,3020,perf_20261002-161933_clu_rasp14_pi4gb_r2,2,751,1790957978782,0,1790959021195.621,778.99,9.905,1790959021985.269,Normal,0.9553
rasp1,48487,20261002-161933_clu_rasp14_pi4gb_r2,3023,perf_20261002-161933_clu_rasp14_pi4gb_r2,2,752,1790957978783,0,1790959021987.111,1001.167,17.484,1790959023006.494,Normal,0.9725
rasp1,48487,20261002-161933_clu_rasp14_pi4gb_r2,3025,perf_20261002-161933_clu_rasp14_pi4gb_r2,2,753,1790957978783,0,1790959023008.364,575.833,8.762,1790959023593.626,Normal,0.9498
rasp1,48487,20261002-161933_clu_rasp14_pi4gb_r2,3030,perf_20261002-161933_clu_rasp14_pi4gb_r2,2,754,1790957978784,0,1790959023595.038,757.359,14.558,1790959024368.168,Normal,0.9533
rasp1,48487,20261002-161933_clu_rasp14_pi4gb_r2,3034,perf_20261002-161933_clu_rasp14_pi4gb_r2,2,755,1790957978785,0,1790959024370.565,735.194,10.342,1790959025116.952,Normal,0.9707
rasp1,48487,20261002-161933_clu_rasp14_pi4gb_r2,3035,perf_20261002-161933_clu_rasp14_pi4gb_r2,2,756,1790957978785,0,1790959025118.51,607.631,9.813,1790959025736.8,Normal,0.9431
rasp1,48487,20261002-161933_clu_rasp14_pi4gb_r2,3036,perf_20261002-161933_clu_rasp14_pi4gb_r2,2,757,1790957978785,0,1790959025738.431,617.405,14.453,1790959026371.522,Normal,0.9182
rasp1,48487,20261002-161933_clu_rasp14_pi4gb_r2,3040,perf_20261002-161933_clu_rasp14_pi4gb_r2,2,758,1790957978786,0,1790959026374.522,740.627,9.358,1790959027125.214,Normal,0.9316
rasp1,48487,20261002-161933_clu_rasp14_pi4gb_r2,3041,perf_20261002-161933_clu_rasp14_pi4gb_r2,2,759,1790957978786,0,1790959027126.975,468.288,8.99,1790959027605.171,Normal,0.9375
rasp1,48487,20261002-161933_clu_rasp14_pi4gb_r2,3043,perf_20261002-161933_clu_rasp14_pi4gb_r2,2,760,1790957978786,0,1790959027606.477,521.279,9.109,1790959028137.482,Normal,0.9431
rasp1,48487,20261002-161933_clu_rasp14_pi4gb_r2,3046,perf_20261002-161933_clu_rasp14_pi4gb_r2,2,761,1790957978787,0,1790959028138.971,614.237,8.266,1790959028762.138,Normal,0.9431
rasp1,48487,20261002-161933_clu_rasp14_pi4gb_r2,3047,perf_20261002-161933_clu_rasp14_pi4gb_r2,2,762,1790957978787,0,1790959028763.451,685.993,9.96,1790959029460.29,Normal,0.9474
rasp1,48487,20261002-161933_clu_rasp14_pi4gb_r2,3050,perf_20261002-161933_clu_rasp14_pi4gb_r2,2,763,1790957978787,0,1790959029461.643,734.607,10.958,1790959030208.055,Normal,0.9578
rasp1,48487,20261002-161933_clu_rasp14_pi4gb_r2,3052,perf_20261002-161933_clu_rasp14_pi4gb_r2,2,764,1790957978787,0,1790959030209.623,629.92,9.518,1790959030849.88,Normal,0.9545
rasp1,48487,20261002-161933_clu_rasp14_pi4gb_r2,3059,perf_20261002-161933_clu_rasp14_pi4gb_r2,2,765,1790957978788,0,1790959030851.591,535.879,10.65,1790959031398.806,Normal,0.9564
rasp1,48487,20261002-161933_clu_rasp14_pi4gb_r2,3062,perf_20261002-161933_clu_rasp14_pi4gb_r2,2,766,1790957978788,0,1790959031401.469,779.692,8.633,1790959032190.445,Normal,0.9572
rasp1,48487,20261002-161933_clu_rasp14_pi4gb_r2,3066,perf_20261002-161933_clu_rasp14_pi4gb_r2,2,767,1790957978788,0,1790959032191.763,777.161,18.785,1790959032988.404,Normal,0.9383
rasp1,48487,20261002-161933_clu_rasp14_pi4gb_r2,3072,perf_20261002-161933_clu_rasp14_pi4gb_r2,2,768,1790957978789,0,1790959032990.222,968.384,12.8,1790959033972.318,Normal,0.9602
rasp1,48487,20261002-161933_clu_rasp14_pi4gb_r2,3076,perf_20261002-161933_clu_rasp14_pi4gb_r2,2,769,1790957978789,0,1790959033974.011,869.342,14.043,1790959034858.076,Normal,0.8554
rasp1,48487,20261002-161933_clu_rasp14_pi4gb_r2,3078,perf_20261002-161933_clu_rasp14_pi4gb_r2,2,770,1790957978789,0,1790959034869.886,870.255,18.603,1790959035759.532,Normal,0.9161
rasp1,48487,20261002-161933_clu_rasp14_pi4gb_r2,3084,perf_20261002-161933_clu_rasp14_pi4gb_r2,2,771,1790957978790,0,1790959035760.943,642.503,9.519,1790959036414.22,Normal,0.9451
rasp1,48487,20261002-161933_clu_rasp14_pi4gb_r2,3090,perf_20261002-161933_clu_rasp14_pi4gb_r2,2,772,1790957978790,0,1790959036416.675,609.038,10.457,1790959037037.122,Normal,0.9192
rasp1,48487,20261002-161933_clu_rasp14_pi4gb_r2,3109,perf_20261002-161933_clu_rasp14_pi4gb_r2,2,773,1790957978792,0,1790959037039.158,855.726,10.19,1790959037911.465,Normal,0.9748
rasp1,48487,20261002-161933_clu_rasp14_pi4gb_r2,3114,perf_20261002-161933_clu_rasp14_pi4gb_r2,2,774,1790957978792,0,1790959037914.205,612.529,9.001,1790959038536.385,Normal,0.9427
rasp1,48487,20261002-161933_clu_rasp14_pi4gb_r2,3118,perf_20261002-161933_clu_rasp14_pi4gb_r2,2,775,1790957978793,0,1790959038538.232,1147.657,10.023,1790959039696.641,Normal,0.8086
rasp1,48487,20261002-161933_clu_rasp14_pi4gb_r2,3121,perf_20261002-161933_clu_rasp14_pi4gb_r2,2,776,1790957978793,0,1790959039698.22,785.137,12.148,1790959040496.543,Normal,0.4843
rasp1,48487,20261002-161933_clu_rasp14_pi4gb_r2,3122,perf_20261002-161933_clu_rasp14_pi4gb_r2,2,777,1790957978793,0,1790959040498.204,1038.767,13.17,1790959041551.818,Normal,0.7173
rasp1,48487,20261002-161933_clu_rasp14_pi4gb_r2,3124,perf_20261002-161933_clu_rasp14_pi4gb_r2,2,778,1790957978793,0,1790959041553.604,632.5,9.082,1790959042195.981,Normal,0.929
rasp1,48487,20261002-161933_clu_rasp14_pi4gb_r2,3127,perf_20261002-161933_clu_rasp14_pi4gb_r2,2,779,1790957978793,0,1790959042197.593,609.369,9.362,1790959042816.96,Normal,0.9313
rasp1,48487,20261002-161933_clu_rasp14_pi4gb_r2,3129,perf_20261002-161933_clu_rasp14_pi4gb_r2,2,780,1790957978794,0,1790959042818.572,853.564,9.257,1790959043682.434,Normal,0.9761
rasp1,48487,20261002-161933_clu_rasp14_pi4gb_r2,3141,perf_20261002-161933_clu_rasp14_pi4gb_r2,2,781,1790957978795,0,1790959043684.134,772.743,9.853,1790959044467.504,Normal,0.9669
rasp1,48487,20261002-161933_clu_rasp14_pi4gb_r2,3144,perf_20261002-161933_clu_rasp14_pi4gb_r2,2,782,1790957978795,0,1790959044468.869,722.996,14.563,1790959045207.643,Normal,0.7989
rasp1,48487,20261002-161933_clu_rasp14_pi4gb_r2,3149,perf_20261002-161933_clu_rasp14_pi4gb_r2,2,783,1790957978795,0,1790959045210.184,710.02,9.061,1790959045930.081,Normal,0.955
rasp1,48487,20261002-161933_clu_rasp14_pi4gb_r2,3153,perf_20261002-161933_clu_rasp14_pi4gb_r2,2,784,1790957978796,0,1790959045933.833,6791.007,9.311,1790959052734.885,Normal,0.9509
rasp1,48487,20261002-161933_clu_rasp14_pi4gb_r2,3155,perf_20261002-161933_clu_rasp14_pi4gb_r2,2,785,1790957978796,0,1790959052736.221,1052.93,9.586,1790959053804.858,Normal,0.9597
rasp1,48487,20261002-161933_clu_rasp14_pi4gb_r2,3157,perf_20261002-161933_clu_rasp14_pi4gb_r2,2,786,1790957978796,0,1790959053806.299,638.529,12.976,1790959054458.86,Normal,0.9184
rasp1,48487,20261002-161933_clu_rasp14_pi4gb_r2,3159,perf_20261002-161933_clu_rasp14_pi4gb_r2,2,787,1790957978796,0,1790959054461.821,836.034,10.073,1790959055308.68,Normal,0.9484
rasp1,48487,20261002-161933_clu_rasp14_pi4gb_r2,3160,perf_20261002-161933_clu_rasp14_pi4gb_r2,2,788,1790957978796,0,1790959055310.878,889.397,9.233,1790959056210.248,Normal,0.9333
rasp1,48487,20261002-161933_clu_rasp14_pi4gb_r2,3168,perf_20261002-161933_clu_rasp14_pi4gb_r2,2,789,1790957978797,0,1790959056211.628,4107.509,12.636,1790959060332.593,Normal,0.9769
rasp1,48487,20261002-161933_clu_rasp14_pi4gb_r2,3169,perf_20261002-161933_clu_rasp14_pi4gb_r2,2,790,1790957978797,0,1790959060341.063,7164.342,9.337,1790959067515.61,Normal,0.9656
rasp1,48487,20261002-161933_clu_rasp14_pi4gb_r2,3182,perf_20261002-161933_clu_rasp14_pi4gb_r2,2,791,1790957978798,0,1790959067517.937,582.926,14.61,1790959068116.135,Normal,0.9711
rasp1,48487,20261002-161933_clu_rasp14_pi4gb_r2,3184,perf_20261002-161933_clu_rasp14_pi4gb_r2,2,792,1790957978798,0,1790959068117.468,1056.809,12.77,1790959069196.144,Normal,0.9554
rasp1,48487,20261002-161933_clu_rasp14_pi4gb_r2,3186,perf_20261002-161933_clu_rasp14_pi4gb_r2,2,793,1790957978798,0,1790959069198.687,1786.341,12.798,1790959070998.876,Normal,0.9271
rasp1,48487,20261002-161933_clu_rasp14_pi4gb_r2,3189,perf_20261002-161933_clu_rasp14_pi4gb_r2,2,794,1790957978799,0,1790959071001.862,577.996,11.047,1790959071591.664,Normal,0.9593
rasp1,48487,20261002-161933_clu_rasp14_pi4gb_r2,3194,perf_20261002-161933_clu_rasp14_pi4gb_r2,2,795,1790957978799,0,1790959071594.076,789.652,9.912,1790959072394.326,Normal,0.9483
rasp1,48487,20261002-161933_clu_rasp14_pi4gb_r2,3197,perf_20261002-161933_clu_rasp14_pi4gb_r2,2,796,1790957978800,0,1790959072396.267,1199.347,26.903,1790959073626.013,Normal,0.8326
rasp1,48487,20261002-161933_clu_rasp14_pi4gb_r2,3201,perf_20261002-161933_clu_rasp14_pi4gb_r2,2,797,1790957978800,0,1790959073635.055,632.854,8.653,1790959074284.778,Normal,0.9417
rasp1,48487,20261002-161933_clu_rasp14_pi4gb_r2,3204,perf_20261002-161933_clu_rasp14_pi4gb_r2,2,798,1790957978800,0,1790959074294.115,897.944,9.036,1790959075201.992,Normal,0.9618
rasp1,48487,20261002-161933_clu_rasp14_pi4gb_r2,3205,perf_20261002-161933_clu_rasp14_pi4gb_r2,2,799,1790957978801,0,1790959075203.264,1065.093,11.849,1790959076281.061,Normal,0.9561
rasp1,48487,20261002-161933_clu_rasp14_pi4gb_r2,3206,perf_20261002-161933_clu_rasp14_pi4gb_r2,2,800,1790957978801,0,1790959076284.558,764.299,12.731,1790959077062.241,Normal,0.8276
rasp1,48487,20261002-161933_clu_rasp14_pi4gb_r2,3209,perf_20261002-161933_clu_rasp14_pi4gb_r2,2,801,1790957978801,0,1790959077073.667,2060.791,10.87,1790959079146.365,Normal,0.9742
rasp1,48487,20261002-161933_clu_rasp14_pi4gb_r2,3210,perf_20261002-161933_clu_rasp14_pi4gb_r2,2,802,1790957978801,0,1790959079148.205,997.745,10.313,1790959080156.954,Normal,0.6087
rasp1,48487,20261002-161933_clu_rasp14_pi4gb_r2,3212,perf_20261002-161933_clu_rasp14_pi4gb_r2,2,803,1790957978801,0,1790959080158.629,691.487,9.424,1790959080860.421,Normal,0.9139
rasp1,48487,20261002-161933_clu_rasp14_pi4gb_r2,3218,perf_20261002-161933_clu_rasp14_pi4gb_r2,2,804,1790957978802,0,1790959080861.785,750.241,9.997,1790959081622.889,Normal,0.9555
rasp1,48487,20261002-161933_clu_rasp14_pi4gb_r2,3228,perf_20261002-161933_clu_rasp14_pi4gb_r2,2,805,1790957978802,0,1790959081624.202,652.112,10.07,1790959082287.278,Normal,0.8016
rasp1,48487,20261002-161933_clu_rasp14_pi4gb_r2,3230,perf_20261002-161933_clu_rasp14_pi4gb_r2,2,806,1790957978803,0,1790959082288.609,646.614,9.572,1790959082945.679,Normal,0.9372
rasp1,48487,20261002-161933_clu_rasp14_pi4gb_r2,3234,perf_20261002-161933_clu_rasp14_pi4gb_r2,2,807,1790957978803,0,1790959082947.455,1013.171,8.613,1790959083970.153,HATE,0.8798
rasp1,48487,20261002-161933_clu_rasp14_pi4gb_r2,3240,perf_20261002-161933_clu_rasp14_pi4gb_r2,2,808,1790957978803,0,1790959083971.891,636.085,11.418,1790959084625.471,Normal,0.5649
rasp1,48487,20261002-161933_clu_rasp14_pi4gb_r2,3252,perf_20261002-161933_clu_rasp14_pi4gb_r2,2,809,1790957978805,0,1790959084627.689,662.081,12.876,1790959085303.833,Normal,0.9289
rasp1,48487,20261002-161933_clu_rasp14_pi4gb_r2,3254,perf_20261002-161933_clu_rasp14_pi4gb_r2,2,810,1790957978805,0,1790959085306.483,852.648,9.69,1790959086169.792,Normal,0.9623
rasp1,48487,20261002-161933_clu_rasp14_pi4gb_r2,3255,perf_20261002-161933_clu_rasp14_pi4gb_r2,2,811,1790957978805,0,1790959086171.279,645.817,11.715,1790959086829.881,Normal,0.9119
rasp1,48487,20261002-161933_clu_rasp14_pi4gb_r2,3256,perf_20261002-161933_clu_rasp14_pi4gb_r2,2,812,1790957978805,0,1790959086831.557,6857.023,13.753,1790959093703.875,Normal,0.9766
rasp1,48487,20261002-161933_clu_rasp14_pi4gb_r2,3259,perf_20261002-161933_clu_rasp14_pi4gb_r2,2,813,1790957978805,0,1790959093706.232,2686.409,9.867,1790959096403.314,Normal,0.9698
rasp1,48487,20261002-161933_clu_rasp14_pi4gb_r2,3261,perf_20261002-161933_clu_rasp14_pi4gb_r2,2,814,1790957978806,0,1790959096405.84,545.956,10.33,1790959096962.778,Normal,0.8843
rasp1,48487,20261002-161933_clu_rasp14_pi4gb_r2,3268,perf_20261002-161933_clu_rasp14_pi4gb_r2,2,815,1790957978806,0,1790959096965.44,722.37,9.906,1790959097698.509,Normal,0.9731
rasp1,48487,20261002-161933_clu_rasp14_pi4gb_r2,3274,perf_20261002-161933_clu_rasp14_pi4gb_r2,2,816,1790957978807,0,1790959097699.937,853.908,10.34,1790959098565.196,Normal,0.9716
rasp1,48487,20261002-161933_clu_rasp14_pi4gb_r2,3279,perf_20261002-161933_clu_rasp14_pi4gb_r2,2,817,1790957978807,0,1790959098566.671,677.736,10.033,1790959099255.283,Normal,0.9692
rasp1,48487,20261002-161933_clu_rasp14_pi4gb_r2,3282,perf_20261002-161933_clu_rasp14_pi4gb_r2,2,818,1790957978807,0,1790959099257.442,1307.851,11.011,1790959100577.219,Normal,0.4222
rasp1,48487,20261002-161933_clu_rasp14_pi4gb_r2,3284,perf_20261002-161933_clu_rasp14_pi4gb_r2,2,819,1790957978807,0,1790959100579.258,871.313,9.862,1790959101461.153,Normal,0.974
rasp1,48487,20261002-161933_clu_rasp14_pi4gb_r2,3285,perf_20261002-161933_clu_rasp14_pi4gb_r2,2,820,1790957978807,0,1790959101467.127,592.75,10.793,1790959102071.258,Normal,0.9536
rasp1,48487,20261002-161933_clu_rasp14_pi4gb_r2,3286,perf_20261002-161933_clu_rasp14_pi4gb_r2,2,821,1790957978808,0,1790959102072.607,823.691,11.088,1790959102908.483,Normal,0.9609
rasp1,48487,20261002-161933_clu_rasp14_pi4gb_r2,3287,perf_20261002-161933_clu_rasp14_pi4gb_r2,2,822,1790957978808,0,1790959102919.193,903.294,11.497,1790959103834.667,Normal,0.9683
rasp1,48487,20261002-161933_clu_rasp14_pi4gb_r2,3298,perf_20261002-161933_clu_rasp14_pi4gb_r2,2,823,1790957978809,0,1790959103839.875,1478.261,14.012,1790959105333.17,Normal,0.5354
rasp1,48487,20261002-161933_clu_rasp14_pi4gb_r2,3309,perf_20261002-161933_clu_rasp14_pi4gb_r2,2,824,1790957978810,0,1790959105334.804,858.527,10.468,1790959106205.421,Normal,0.9675
rasp1,48487,20261002-161933_clu_rasp14_pi4gb_r2,3310,perf_20261002-161933_clu_rasp14_pi4gb_r2,2,825,1790957978810,0,1790959106207.537,816.336,12.286,1790959107036.871,Normal,0.9186
rasp1,48487,20261002-161933_clu_rasp14_pi4gb_r2,3321,perf_20261002-161933_clu_rasp14_pi4gb_r2,2,826,1790957978811,0,1790959107038.825,789.398,10.313,1790959107839.383,Normal,0.9635
rasp1,48487,20261002-161933_clu_rasp14_pi4gb_r2,3322,perf_20261002-161933_clu_rasp14_pi4gb_r2,2,827,1790957978811,0,1790959107842.834,645.044,11.24,1790959108500.616,Normal,0.9095
rasp1,48487,20261002-161933_clu_rasp14_pi4gb_r2,3326,perf_20261002-161933_clu_rasp14_pi4gb_r2,2,828,1790957978811,0,1790959108502.122,1341.614,9.147,1790959109853.565,Normal,0.8044
rasp1,48487,20261002-161933_clu_rasp14_pi4gb_r2,3335,perf_20261002-161933_clu_rasp14_pi4gb_r2,2,829,1790957978812,0,1790959109855.363,1168.786,12.99,1790959111038.319,Normal,0.959
rasp1,48487,20261002-161933_clu_rasp14_pi4gb_r2,3339,perf_20261002-161933_clu_rasp14_pi4gb_r2,2,830,1790957978812,0,1790959111041.507,622.633,12.04,1790959111676.92,Normal,0.9346
rasp1,48487,20261002-161933_clu_rasp14_pi4gb_r2,3341,perf_20261002-161933_clu_rasp14_pi4gb_r2,2,831,1790957978812,0,1790959111679.333,954.593,12.456,1790959112647.528,Normal,0.9203
rasp1,48487,20261002-161933_clu_rasp14_pi4gb_r2,3344,perf_20261002-161933_clu_rasp14_pi4gb_r2,2,832,1790957978813,0,1790959112650.465,1475.269,9.708,1790959114136.144,Normal,0.9656
rasp1,48487,20261002-161933_clu_rasp14_pi4gb_r2,3346,perf_20261002-161933_clu_rasp14_pi4gb_r2,2,833,1790957978813,0,1790959114137.485,1487.513,12.712,1790959115638.69,Normal,0.9673
rasp1,48487,20261002-161933_clu_rasp14_pi4gb_r2,3347,perf_20261002-161933_clu_rasp14_pi4gb_r2,2,834,1790957978813,0,1790959115640.878,670.079,11.352,1790959116322.929,Normal,0.9535
rasp1,48487,20261002-161933_clu_rasp14_pi4gb_r2,3353,perf_20261002-161933_clu_rasp14_pi4gb_r2,2,835,1790957978813,0,1790959116325.282,3752.9,12.217,1790959120091.366,Normal,0.9796
rasp1,48487,20261002-161933_clu_rasp14_pi4gb_r2,3355,perf_20261002-161933_clu_rasp14_pi4gb_r2,2,836,1790957978814,0,1790959120093.171,649.361,15.998,1790959120759.881,Normal,0.977
rasp1,48487,20261002-161933_clu_rasp14_pi4gb_r2,3356,perf_20261002-161933_clu_rasp14_pi4gb_r2,2,837,1790957978814,0,1790959120761.164,665.375,10.254,1790959121437.463,Normal,0.9427
rasp1,48487,20261002-161933_clu_rasp14_pi4gb_r2,3359,perf_20261002-161933_clu_rasp14_pi4gb_r2,2,838,1790957978814,0,1790959121439.467,1837.371,9.332,1790959123286.905,Normal,0.9672
rasp1,48487,20261002-161933_clu_rasp14_pi4gb_r2,3364,perf_20261002-161933_clu_rasp14_pi4gb_r2,2,839,1790957978814,0,1790959123288.4,656.167,10.163,1790959123955.449,Normal,0.9707
rasp1,48487,20261002-161933_clu_rasp14_pi4gb_r2,3366,perf_20261002-161933_clu_rasp14_pi4gb_r2,2,840,1790957978814,0,1790959123956.893,933.412,10.003,1790959124901.005,Normal,0.9748
rasp1,48487,20261002-161933_clu_rasp14_pi4gb_r2,3369,perf_20261002-161933_clu_rasp14_pi4gb_r2,2,841,1790957978815,0,1790959124902.42,1190.567,7.75,1790959126101.32,Normal,0.9719
rasp1,48487,20261002-161933_clu_rasp14_pi4gb_r2,3380,perf_20261002-161933_clu_rasp14_pi4gb_r2,2,842,1790957978816,0,1790959126102.65,2275.832,9.751,1790959128389.08,Normal,0.9399
rasp1,48487,20261002-161933_clu_rasp14_pi4gb_r2,3382,perf_20261002-161933_clu_rasp14_pi4gb_r2,2,843,1790957978816,0,1790959128390.488,2347.588,32.04,1790959130777.197,Normal,0.9724
rasp1,48487,20261002-161933_clu_rasp14_pi4gb_r2,3385,perf_20261002-161933_clu_rasp14_pi4gb_r2,2,844,1790957978816,0,1790959130784.615,2509.661,9.297,1790959133304.339,Normal,0.9794
rasp1,48487,20261002-161933_clu_rasp14_pi4gb_r2,3386,perf_20261002-161933_clu_rasp14_pi4gb_r2,2,845,1790957978816,0,1790959133305.792,591.775,8.75,1790959133906.998,Normal,0.6675
rasp1,48487,20261002-161933_clu_rasp14_pi4gb_r2,3387,perf_20261002-161933_clu_rasp14_pi4gb_r2,2,846,1790957978816,0,1790959133908.351,3282.3,9.267,1790959137200.765,Normal,0.9805
rasp1,48487,20261002-161933_clu_rasp14_pi4gb_r2,3389,perf_20261002-161933_clu_rasp14_pi4gb_r2,2,847,1790957978816,0,1790959137202.103,576.864,8.062,1790959137787.602,Normal,0.881
rasp1,48487,20261002-161933_clu_rasp14_pi4gb_r2,3395,perf_20261002-161933_clu_rasp14_pi4gb_r2,2,848,1790957978817,0,1790959137788.961,592.937,12.28,1790959138395.002,Normal,0.9473
rasp1,48487,20261002-161933_clu_rasp14_pi4gb_r2,3396,perf_20261002-161933_clu_rasp14_pi4gb_r2,2,849,1790957978817,0,1790959138397.886,576.967,13.86,1790959138989.527,Normal,0.901
rasp1,48487,20261002-161933_clu_rasp14_pi4gb_r2,3402,perf_20261002-161933_clu_rasp14_pi4gb_r2,2,850,1790957978818,0,1790959138992.035,1587.957,10.593,1790959140591.271,Normal,0.5131
rasp1,48487,20261002-161933_clu_rasp14_pi4gb_r2,3404,perf_20261002-161933_clu_rasp14_pi4gb_r2,2,851,1790957978818,0,1790959140592.615,869.81,10.006,1790959141473.137,Normal,0.9624
rasp1,48487,20261002-161933_clu_rasp14_pi4gb_r2,3413,perf_20261002-161933_clu_rasp14_pi4gb_r2,2,852,1790957978818,0,1790959141474.608,649.834,9.017,1790959142134.166,Normal,0.9331
rasp1,48487,20261002-161933_clu_rasp14_pi4gb_r2,3414,perf_20261002-161933_clu_rasp14_pi4gb_r2,2,853,1790957978819,0,1790959142135.69,864.327,11.15,1790959143012.112,Normal,0.9311
rasp1,48487,20261002-161933_clu_rasp14_pi4gb_r2,3415,perf_20261002-161933_clu_rasp14_pi4gb_r2,2,854,1790957978819,0,1790959143020.423,1205.599,9.699,1790959144236.518,Normal,0.9398
rasp1,48487,20261002-161933_clu_rasp14_pi4gb_r2,3420,perf_20261002-161933_clu_rasp14_pi4gb_r2,2,855,1790957978819,0,1790959144238.218,1046.978,11.477,1790959145297.754,Normal,0.9643
rasp1,48487,20261002-161933_clu_rasp14_pi4gb_r2,3422,perf_20261002-161933_clu_rasp14_pi4gb_r2,2,856,1790957978819,0,1790959145302.136,783.488,12.251,1790959146098.891,Normal,0.8297
rasp1,48487,20261002-161933_clu_rasp14_pi4gb_r2,3423,perf_20261002-161933_clu_rasp14_pi4gb_r2,2,857,1790957978819,0,1790959146100.907,1100.574,10.343,1790959147212.638,Normal,0.8806
rasp1,48487,20261002-161933_clu_rasp14_pi4gb_r2,3425,perf_20261002-161933_clu_rasp14_pi4gb_r2,2,858,1790957978819,0,1790959147214.341,616.446,9.848,1790959147841.334,Normal,0.9556
rasp1,48487,20261002-161933_clu_rasp14_pi4gb_r2,3426,perf_20261002-161933_clu_rasp14_pi4gb_r2,2,859,1790957978819,0,1790959147842.879,597.393,9.534,1790959148450.506,Normal,0.9094
rasp1,48487,20261002-161933_clu_rasp14_pi4gb_r2,3431,perf_20261002-161933_clu_rasp14_pi4gb_r2,2,860,1790957978820,0,1790959148452.212,1760.646,10.109,1790959150223.623,Normal,0.9775
rasp1,48487,20261002-161933_clu_rasp14_pi4gb_r2,3439,perf_20261002-161933_clu_rasp14_pi4gb_r2,2,861,1790957978821,0,1790959150225.283,851.162,9.998,1790959151087.207,Normal,0.9361
rasp1,48487,20261002-161933_clu_rasp14_pi4gb_r2,3446,perf_20261002-161933_clu_rasp14_pi4gb_r2,2,862,1790957978821,0,1790959151088.977,795.284,9.657,1790959151894.948,Normal,0.9616
rasp1,48487,20261002-161933_clu_rasp14_pi4gb_r2,3457,perf_20261002-161933_clu_rasp14_pi4gb_r2,2,863,1790957978822,0,1790959151896.477,583.75,9.512,1790959152490.646,Normal,0.9475
rasp1,48487,20261002-161933_clu_rasp14_pi4gb_r2,3459,perf_20261002-161933_clu_rasp14_pi4gb_r2,2,864,1790957978822,0,1790959152492.172,1389.217,8.848,1790959153890.992,Normal,0.9718
rasp1,48487,20261002-161933_clu_rasp14_pi4gb_r2,3465,perf_20261002-161933_clu_rasp14_pi4gb_r2,2,865,1790957978823,0,1790959153892.664,797.586,8.575,1790959154699.605,Normal,0.9085
rasp1,48487,20261002-161933_clu_rasp14_pi4gb_r2,3468,perf_20261002-161933_clu_rasp14_pi4gb_r2,2,866,1790957978823,0,1790959154701.576,724.864,12.091,1790959155439.36,Normal,0.9179
rasp1,48487,20261002-161933_clu_rasp14_pi4gb_r2,3471,perf_20261002-161933_clu_rasp14_pi4gb_r2,2,867,1790957978823,0,1790959155441.879,908.406,10.548,1790959156361.681,Normal,0.8296
rasp1,48487,20261002-161933_clu_rasp14_pi4gb_r2,3473,perf_20261002-161933_clu_rasp14_pi4gb_r2,2,868,1790957978824,0,1790959156363.255,917.318,11.571,1790959157293.892,Normal,0.933
rasp1,48487,20261002-161933_clu_rasp14_pi4gb_r2,3474,perf_20261002-161933_clu_rasp14_pi4gb_r2,2,869,1790957978824,0,1790959157295.331,1318.242,15.658,1790959158630.097,Normal,0.9712
rasp1,48487,20261002-161933_clu_rasp14_pi4gb_r2,3481,perf_20261002-161933_clu_rasp14_pi4gb_r2,2,870,1790957978824,0,1790959158635.826,1101.743,24.609,1790959159763.288,Normal,0.9622
rasp1,48487,20261002-161933_clu_rasp14_pi4gb_r2,3484,perf_20261002-161933_clu_rasp14_pi4gb_r2,2,871,1790957978825,0,1790959159765.148,837.742,9.656,1790959160613.246,Normal,0.9641
rasp1,48487,20261002-161933_clu_rasp14_pi4gb_r2,3496,perf_20261002-161933_clu_rasp14_pi4gb_r2,2,872,1790957978826,0,1790959160618.962,1453.57,10.594,1790959162083.83,OFFENSIVE,0.6317
rasp1,48487,20261002-161933_clu_rasp14_pi4gb_r2,3498,perf_20261002-161933_clu_rasp14_pi4gb_r2,2,873,1790957978826,0,1790959162085.478,730.262,11.64,1790959162828.096,Normal,0.9716
rasp1,48487,20261002-161933_clu_rasp14_pi4gb_r2,3499,perf_20261002-161933_clu_rasp14_pi4gb_r2,2,874,1790957978826,0,1790959162830.975,867.402,10.48,1790959163709.633,Normal,0.9653
rasp1,48487,20261002-161933_clu_rasp14_pi4gb_r2,3504,perf_20261002-161933_clu_rasp14_pi4gb_r2,2,875,1790957978826,0,1790959163711.807,667.393,9.544,1790959164389.455,Normal,0.9379
rasp1,48487,20261002-161933_clu_rasp14_pi4gb_r2,3513,perf_20261002-161933_clu_rasp14_pi4gb_r2,2,876,1790957978827,0,1790959164391.468,1468.086,15.165,1790959165876.145,Normal,0.979
rasp1,48487,20261002-161933_clu_rasp14_pi4gb_r2,3515,perf_20261002-161933_clu_rasp14_pi4gb_r2,2,877,1790957978827,0,1790959165879.064,715.691,11.533,1790959166607.051,Normal,0.8972
rasp1,48487,20261002-161933_clu_rasp14_pi4gb_r2,3516,perf_20261002-161933_clu_rasp14_pi4gb_r2,2,878,1790957978827,0,1790959166609.951,897.06,9.112,1790959167516.814,Normal,0.9039
rasp1,48487,20261002-161933_clu_rasp14_pi4gb_r2,3517,perf_20261002-161933_clu_rasp14_pi4gb_r2,2,879,1790957978827,0,1790959167518.227,623.743,9.23,1790959168151.8,Normal,0.9608
rasp1,48487,20261002-161933_clu_rasp14_pi4gb_r2,3522,perf_20261002-161933_clu_rasp14_pi4gb_r2,2,880,1790957978828,0,1790959168153.145,678.859,10.539,1790959168843.149,Normal,0.8943
rasp1,48487,20261002-161933_clu_rasp14_pi4gb_r2,3524,perf_20261002-161933_clu_rasp14_pi4gb_r2,2,881,1790957978828,0,1790959168845.919,1137.351,9.642,1790959169993.824,Normal,0.8876
rasp1,48487,20261002-161933_clu_rasp14_pi4gb_r2,3531,perf_20261002-161933_clu_rasp14_pi4gb_r2,2,882,1790957978829,0,1790959169995.404,924.071,10.853,1790959170931.075,Normal,0.9701
rasp1,48487,20261002-161933_clu_rasp14_pi4gb_r2,3532,perf_20261002-161933_clu_rasp14_pi4gb_r2,2,883,1790957978829,0,1790959170932.976,736.424,14.091,1790959171685.305,Normal,0.9561
rasp1,48487,20261002-161933_clu_rasp14_pi4gb_r2,3536,perf_20261002-161933_clu_rasp14_pi4gb_r2,2,884,1790957978829,0,1790959171686.518,722.994,15.85,1790959172428.353,Normal,0.9608
rasp1,48487,20261002-161933_clu_rasp14_pi4gb_r2,3542,perf_20261002-161933_clu_rasp14_pi4gb_r2,2,885,1790957978830,0,1790959172430.544,1066.434,8.728,1790959173506.916,Normal,0.9589
rasp1,48487,20261002-161933_clu_rasp14_pi4gb_r2,3543,perf_20261002-161933_clu_rasp14_pi4gb_r2,2,886,1790957978830,0,1790959173516.59,710.695,12.504,1790959174240.512,Normal,0.9673
rasp1,48487,20261002-161933_clu_rasp14_pi4gb_r2,3546,perf_20261002-161933_clu_rasp14_pi4gb_r2,2,887,1790957978830,0,1790959174242.201,3165.345,11.825,1790959177420.453,Normal,0.7104
rasp1,48487,20261002-161933_clu_rasp14_pi4gb_r2,3553,perf_20261002-161933_clu_rasp14_pi4gb_r2,2,888,1790957978830,0,1790959177427.581,609.224,9.942,1790959178047.442,Normal,0.9231
rasp1,48487,20261002-161933_clu_rasp14_pi4gb_r2,3555,perf_20261002-161933_clu_rasp14_pi4gb_r2,2,889,1790957978831,0,1790959178048.883,1478.388,9.783,1790959179537.842,Normal,0.9321
rasp1,48487,20261002-161933_clu_rasp14_pi4gb_r2,3564,perf_20261002-161933_clu_rasp14_pi4gb_r2,2,890,1790957978832,0,1790959179539.373,1244.1,11.653,1790959180796.04,Normal,0.9306
rasp1,48487,20261002-161933_clu_rasp14_pi4gb_r2,3575,perf_20261002-161933_clu_rasp14_pi4gb_r2,2,891,1790957978832,0,1790959180797.771,687.619,11.416,1790959181497.602,Normal,0.8088
rasp1,48487,20261002-161933_clu_rasp14_pi4gb_r2,3581,perf_20261002-161933_clu_rasp14_pi4gb_r2,2,892,1790957978833,0,1790959181499.575,794.79,9.971,1790959182305.315,Normal,0.8787
rasp1,48487,20261002-161933_clu_rasp14_pi4gb_r2,3591,perf_20261002-161933_clu_rasp14_pi4gb_r2,2,893,1790957978834,0,1790959182307.085,797.52,9.745,1790959183115.175,Normal,0.9744
rasp1,48487,20261002-161933_clu_rasp14_pi4gb_r2,3592,perf_20261002-161933_clu_rasp14_pi4gb_r2,2,894,1790957978834,0,1790959183117.114,1037.919,10.461,1790959184166.295,Normal,0.9281
rasp1,48487,20261002-161933_clu_rasp14_pi4gb_r2,3595,perf_20261002-161933_clu_rasp14_pi4gb_r2,2,895,1790957978834,0,1790959184168.624,5299.785,10.85,1790959189480.001,Normal,0.9799
rasp1,48487,20261002-161933_clu_rasp14_pi4gb_r2,3597,perf_20261002-161933_clu_rasp14_pi4gb_r2,2,896,1790957978834,0,1790959189481.953,1086.122,8.729,1790959190577.57,Normal,0.9545
rasp1,48487,20261002-161933_clu_rasp14_pi4gb_r2,3601,perf_20261002-161933_clu_rasp14_pi4gb_r2,2,897,1790957978835,0,1790959190579.101,1922.224,10.297,1790959192512.901,Normal,0.9583
rasp1,48487,20261002-161933_clu_rasp14_pi4gb_r2,3607,perf_20261002-161933_clu_rasp14_pi4gb_r2,2,898,1790957978835,0,1790959192514.316,773.908,12.726,1790959193307.301,Normal,0.742
rasp1,48487,20261002-161933_clu_rasp14_pi4gb_r2,3610,perf_20261002-161933_clu_rasp14_pi4gb_r2,2,899,1790957978835,0,1790959193308.984,906.886,8.668,1790959194225.085,Normal,0.9571
rasp1,48487,20261002-161933_clu_rasp14_pi4gb_r2,3614,perf_20261002-161933_clu_rasp14_pi4gb_r2,2,900,1790957978836,0,1790959194226.777,816.003,11.088,1790959195054.465,Normal,0.9411
rasp1,48487,20261002-161933_clu_rasp14_pi4gb_r2,3633,perf_20261002-161933_clu_rasp14_pi4gb_r2,2,901,1790957978837,0,1790959195055.844,1018.396,10.864,1790959196086.203,Normal,0.9559
rasp1,48487,20261002-161933_clu_rasp14_pi4gb_r2,3636,perf_20261002-161933_clu_rasp14_pi4gb_r2,2,902,1790957978838,0,1790959196087.656,518.207,9.982,1790959196616.441,Normal,0.8617
rasp1,48487,20261002-161933_clu_rasp14_pi4gb_r2,3639,perf_20261002-161933_clu_rasp14_pi4gb_r2,2,903,1790957978838,0,1790959196618.076,2201.565,11.919,1790959198832.625,Normal,0.9543
rasp1,48487,20261002-161933_clu_rasp14_pi4gb_r2,3649,perf_20261002-161933_clu_rasp14_pi4gb_r2,2,904,1790957978839,0,1790959198834.899,1173.169,13.214,1790959200022.202,Normal,0.9628
rasp1,48487,20261002-161933_clu_rasp14_pi4gb_r2,3650,perf_20261002-161933_clu_rasp14_pi4gb_r2,2,905,1790957978839,0,1790959200031.778,787.585,12.812,1790959200833.438,Normal,0.9194
rasp1,48487,20261002-161933_clu_rasp14_pi4gb_r2,3653,perf_20261002-161933_clu_rasp14_pi4gb_r2,2,906,1790957978839,0,1790959200841.598,739.872,16.421,1790959201598.693,Normal,0.9512
rasp1,48487,20261002-161933_clu_rasp14_pi4gb_r2,3657,perf_20261002-161933_clu_rasp14_pi4gb_r2,2,907,1790957978839,0,1790959201602.856,942.743,9.042,1790959202555.608,Normal,0.8733
rasp1,48487,20261002-161933_clu_rasp14_pi4gb_r2,3668,perf_20261002-161933_clu_rasp14_pi4gb_r2,2,908,1790957978840,0,1790959202563.115,1405.777,9.923,1790959203979.458,Normal,0.9425
rasp1,48487,20261002-161933_clu_rasp14_pi4gb_r2,3671,perf_20261002-161933_clu_rasp14_pi4gb_r2,2,909,1790957978840,0,1790959203980.886,580.702,10.988,1790959204573.399,Normal,0.9375
rasp1,48487,20261002-161933_clu_rasp14_pi4gb_r2,3682,perf_20261002-161933_clu_rasp14_pi4gb_r2,2,910,1790957978842,0,1790959204574.904,667.586,11.783,1790959205255.381,Normal,0.9141
rasp1,48487,20261002-161933_clu_rasp14_pi4gb_r2,3691,perf_20261002-161933_clu_rasp14_pi4gb_r2,2,911,1790957978843,0,1790959205257.301,821.199,10.68,1790959206090.062,Normal,0.9398
rasp1,48487,20261002-161933_clu_rasp14_pi4gb_r2,3692,perf_20261002-161933_clu_rasp14_pi4gb_r2,2,912,1790957978843,0,1790959206092.43,998.94,11.979,1790959207104.248,Normal,0.9739
rasp1,48487,20261002-161933_clu_rasp14_pi4gb_r2,3696,perf_20261002-161933_clu_rasp14_pi4gb_r2,2,913,1790957978843,0,1790959207105.782,856.705,12.697,1790959207976.063,Normal,0.9553
rasp1,48487,20261002-161933_clu_rasp14_pi4gb_r2,3698,perf_20261002-161933_clu_rasp14_pi4gb_r2,2,914,1790957978843,0,1790959207978.009,936.948,11.7,1790959208928.5,Normal,0.6258
rasp1,48487,20261002-161933_clu_rasp14_pi4gb_r2,3704,perf_20261002-161933_clu_rasp14_pi4gb_r2,2,915,1790957978844,0,1790959208930.177,1054.127,9.194,1790959209994.316,Normal,0.9677
rasp1,48487,20261002-161933_clu_rasp14_pi4gb_r2,3715,perf_20261002-161933_clu_rasp14_pi4gb_r2,2,916,1790957978845,0,1790959209995.631,1117.548,10.102,1790959211124.204,Normal,0.7753
rasp1,48487,20261002-161933_clu_rasp14_pi4gb_r2,3717,perf_20261002-161933_clu_rasp14_pi4gb_r2,2,917,1790957978845,0,1790959211126.153,1325.85,11.014,1790959212463.967,Normal,0.7756
rasp1,48487,20261002-161933_clu_rasp14_pi4gb_r2,3719,perf_20261002-161933_clu_rasp14_pi4gb_r2,2,918,1790957978845,0,1790959212465.358,644.568,10.494,1790959213121.069,Normal,0.9126
rasp1,48487,20261002-161933_clu_rasp14_pi4gb_r2,3726,perf_20261002-161933_clu_rasp14_pi4gb_r2,2,919,1790957978845,0,1790959213123.555,887.344,9.322,1790959214020.941,Normal,0.9569
rasp1,48487,20261002-161933_clu_rasp14_pi4gb_r2,3727,perf_20261002-161933_clu_rasp14_pi4gb_r2,2,920,1790957978846,0,1790959214025.961,934.74,16.881,1790959214978.187,Normal,0.8716
rasp1,48487,20261002-161933_clu_rasp14_pi4gb_r2,3729,perf_20261002-161933_clu_rasp14_pi4gb_r2,2,921,1790957978846,0,1790959214983.941,1868.33,15.285,1790959216868.508,Normal,0.9533
rasp1,48487,20261002-161933_clu_rasp14_pi4gb_r2,3730,perf_20261002-161933_clu_rasp14_pi4gb_r2,2,922,1790957978846,0,1790959216873.334,789.868,15.052,1790959217679.032,Normal,0.9025
rasp1,48487,20261002-161933_clu_rasp14_pi4gb_r2,3731,perf_20261002-161933_clu_rasp14_pi4gb_r2,2,923,1790957978846,0,1790959217680.382,1156.687,10.897,1790959218848.911,Normal,0.9641
rasp1,48487,20261002-161933_clu_rasp14_pi4gb_r2,3733,perf_20261002-161933_clu_rasp14_pi4gb_r2,2,924,1790957978846,0,1790959218850.974,644.465,11.054,1790959219507.288,Normal,0.933
rasp1,48487,20261002-161933_clu_rasp14_pi4gb_r2,3735,perf_20261002-161933_clu_rasp14_pi4gb_r2,2,925,1790957978846,0,1790959219510.137,647.164,9.97,1790959220168.222,Normal,0.9444
rasp1,48487,20261002-161933_clu_rasp14_pi4gb_r2,3740,perf_20261002-161933_clu_rasp14_pi4gb_r2,2,926,1790957978847,0,1790959220169.867,701.1,8.629,1790959220880.157,Normal,0.9117
rasp1,48487,20261002-161933_clu_rasp14_pi4gb_r2,3748,perf_20261002-161933_clu_rasp14_pi4gb_r2,2,927,1790957978850,0,1790959220882.497,871.841,10.111,1790959221765.271,Normal,0.7143
rasp1,48487,20261002-161933_clu_rasp14_pi4gb_r2,3749,perf_20261002-161933_clu_rasp14_pi4gb_r2,2,928,1790957978850,0,1790959221766.819,891.566,11.343,1790959222670.642,Normal,0.9428
rasp1,48487,20261002-161933_clu_rasp14_pi4gb_r2,3757,perf_20261002-161933_clu_rasp14_pi4gb_r2,2,929,1790957978850,0,1790959222672.951,847.531,12.336,1790959223533.574,Normal,0.9677
rasp1,48487,20261002-161933_clu_rasp14_pi4gb_r2,3760,perf_20261002-161933_clu_rasp14_pi4gb_r2,2,930,1790957978851,0,1790959223535.988,1114.226,9.541,1790959224660.635,OFFENSIVE,0.9422
rasp1,48487,20261002-161933_clu_rasp14_pi4gb_r2,3764,perf_20261002-161933_clu_rasp14_pi4gb_r2,2,931,1790957978851,0,1790959224662.44,757.677,9.975,1790959225430.93,Normal,0.9173
rasp1,48487,20261002-161933_clu_rasp14_pi4gb_r2,3766,perf_20261002-161933_clu_rasp14_pi4gb_r2,2,932,1790957978851,0,1790959225433.52,735.824,12.21,1790959226182.317,Normal,0.7998
rasp1,48487,20261002-161933_clu_rasp14_pi4gb_r2,3775,perf_20261002-161933_clu_rasp14_pi4gb_r2,2,933,1790957978852,0,1790959226184.215,765.99,10.312,1790959226961.431,Normal,0.9747
rasp1,48487,20261002-161933_clu_rasp14_pi4gb_r2,3776,perf_20261002-161933_clu_rasp14_pi4gb_r2,2,934,1790957978852,0,1790959226962.996,839.284,14.26,1790959227817.822,Normal,0.8424
rasp1,48487,20261002-161933_clu_rasp14_pi4gb_r2,3777,perf_20261002-161933_clu_rasp14_pi4gb_r2,2,935,1790957978852,0,1790959227820.229,1227.889,10.106,1790959229060.003,Normal,0.8866
rasp1,48487,20261002-161933_clu_rasp14_pi4gb_r2,3778,perf_20261002-161933_clu_rasp14_pi4gb_r2,2,936,1790957978852,0,1790959229064.394,1101.781,14.304,1790959230181.108,Normal,0.9633
rasp1,48487,20261002-161933_clu_rasp14_pi4gb_r2,3780,perf_20261002-161933_clu_rasp14_pi4gb_r2,2,937,1790957978853,0,1790959230187.793,1031.089,8.892,1790959231228.447,Normal,0.9546
rasp1,48487,20261002-161933_clu_rasp14_pi4gb_r2,3781,perf_20261002-161933_clu_rasp14_pi4gb_r2,2,938,1790957978853,0,1790959231235.951,1491.93,9.7,1790959232738.182,Normal,0.9302
rasp1,48487,20261002-161933_clu_rasp14_pi4gb_r2,3782,perf_20261002-161933_clu_rasp14_pi4gb_r2,2,939,1790957978853,0,1790959232739.917,797.432,9.253,1790959233547.389,Normal,0.9484
rasp1,48487,20261002-161933_clu_rasp14_pi4gb_r2,3787,perf_20261002-161933_clu_rasp14_pi4gb_r2,2,940,1790957978853,0,1790959233548.922,692.511,9.846,1790959234252.077,Normal,0.9423
rasp1,48487,20261002-161933_clu_rasp14_pi4gb_r2,3788,perf_20261002-161933_clu_rasp14_pi4gb_r2,2,941,1790957978853,0,1790959234300.969,678.802,8.851,1790959234989.257,Normal,0.8992
rasp1,48487,20261002-161933_clu_rasp14_pi4gb_r2,3792,perf_20261002-161933_clu_rasp14_pi4gb_r2,2,942,1790957978853,0,1790959234990.526,682.546,11.023,1790959235685.001,Normal,0.9436
rasp1,48487,20261002-161933_clu_rasp14_pi4gb_r2,3794,perf_20261002-161933_clu_rasp14_pi4gb_r2,2,943,1790957978854,0,1790959235686.939,2132.096,12.012,1790959237831.86,Normal,0.9053
rasp1,48487,20261002-161933_clu_rasp14_pi4gb_r2,3796,perf_20261002-161933_clu_rasp14_pi4gb_r2,2,944,1790957978854,0,1790959237833.467,681.181,16.14,1790959238532.16,Normal,0.7337
rasp1,48487,20261002-161933_clu_rasp14_pi4gb_r2,3798,perf_20261002-161933_clu_rasp14_pi4gb_r2,2,945,1790957978854,0,1790959238534.995,746.02,9.805,1790959239292.088,Normal,0.9551
rasp1,48487,20261002-161933_clu_rasp14_pi4gb_r2,3802,perf_20261002-161933_clu_rasp14_pi4gb_r2,2,946,1790957978856,0,1790959239293.95,798.987,15.397,1790959240110.04,Normal,0.9639
rasp1,48487,20261002-161933_clu_rasp14_pi4gb_r2,3808,perf_20261002-161933_clu_rasp14_pi4gb_r2,2,947,1790957978857,0,1790959240112.649,607.467,13.032,1790959240734.346,Normal,0.9373
rasp1,48487,20261002-161933_clu_rasp14_pi4gb_r2,3809,perf_20261002-161933_clu_rasp14_pi4gb_r2,2,948,1790957978857,0,1790959240737.366,2355.799,21.09,1790959243114.955,Normal,0.9553
rasp1,48487,20261002-161933_clu_rasp14_pi4gb_r2,3811,perf_20261002-161933_clu_rasp14_pi4gb_r2,2,949,1790957978857,0,1790959243116.278,772.915,11.533,1790959243901.669,Normal,0.9193
rasp1,48487,20261002-161933_clu_rasp14_pi4gb_r2,3816,perf_20261002-161933_clu_rasp14_pi4gb_r2,2,950,1790957978858,0,1790959243909.784,812.686,10.956,1790959244739.553,Normal,0.9605
rasp1,48487,20261002-161933_clu_rasp14_pi4gb_r2,3820,perf_20261002-161933_clu_rasp14_pi4gb_r2,2,951,1790957978858,0,1790959244741.331,861.181,13.152,1790959245616.697,Normal,0.9356
rasp1,48487,20261002-161933_clu_rasp14_pi4gb_r2,3825,perf_20261002-161933_clu_rasp14_pi4gb_r2,2,952,1790957978858,0,1790959245623.22,740.938,13.201,1790959246378.622,Normal,0.9261
rasp1,48487,20261002-161933_clu_rasp14_pi4gb_r2,3829,perf_20261002-161933_clu_rasp14_pi4gb_r2,2,953,1790957978859,0,1790959246380.486,867.349,9.863,1790959247258.815,Normal,0.9098
rasp1,48487,20261002-161933_clu_rasp14_pi4gb_r2,3831,perf_20261002-161933_clu_rasp14_pi4gb_r2,2,954,1790957978859,0,1790959247260.373,925.429,12.182,1790959248198.875,Normal,0.818
rasp1,48487,20261002-161933_clu_rasp14_pi4gb_r2,3833,perf_20261002-161933_clu_rasp14_pi4gb_r2,2,955,1790957978859,0,1790959248200.868,1192.751,15.042,1790959249410.201,OFFENSIVE,0.5659
rasp1,48487,20261002-161933_clu_rasp14_pi4gb_r2,3836,perf_20261002-161933_clu_rasp14_pi4gb_r2,2,956,1790957978859,0,1790959249413.068,1128.224,10.689,1790959250552.829,Normal,0.9623
rasp1,48487,20261002-161933_clu_rasp14_pi4gb_r2,3837,perf_20261002-161933_clu_rasp14_pi4gb_r2,2,957,1790957978859,0,1790959250554.424,808.108,8.012,1790959251371.418,Normal,0.9651
rasp1,48487,20261002-161933_clu_rasp14_pi4gb_r2,3840,perf_20261002-161933_clu_rasp14_pi4gb_r2,2,958,1790957978860,0,1790959251373.424,568.457,10.467,1790959251953.047,Normal,0.9471
rasp1,48487,20261002-161933_clu_rasp14_pi4gb_r2,3842,perf_20261002-161933_clu_rasp14_pi4gb_r2,2,959,1790957978860,0,1790959251955.494,676.419,13.385,1790959252646.446,Normal,0.7132
rasp1,48487,20261002-161933_clu_rasp14_pi4gb_r2,3846,perf_20261002-161933_clu_rasp14_pi4gb_r2,2,960,1790957978860,0,1790959252648.997,1150.744,10.584,1790959253811.296,OFFENSIVE,0.4752
rasp1,48487,20261002-161933_clu_rasp14_pi4gb_r2,3849,perf_20261002-161933_clu_rasp14_pi4gb_r2,2,961,1790957978860,0,1790959253813.82,671.921,9.969,1790959254496.498,Normal,0.9078
rasp1,48487,20261002-161933_clu_rasp14_pi4gb_r2,3850,perf_20261002-161933_clu_rasp14_pi4gb_r2,2,962,1790957978860,0,1790959254498.673,701.5,9.085,1790959255209.92,OFFENSIVE,0.545
rasp1,48487,20261002-161933_clu_rasp14_pi4gb_r2,3853,perf_20261002-161933_clu_rasp14_pi4gb_r2,2,963,1790957978861,0,1790959255211.449,994.903,14.885,1790959256221.973,Normal,0.7401
rasp1,48487,20261002-161933_clu_rasp14_pi4gb_r2,3865,perf_20261002-161933_clu_rasp14_pi4gb_r2,2,964,1790957978862,0,1790959256223.149,826.37,19.694,1790959257070.147,Normal,0.9559
rasp1,48487,20261002-161933_clu_rasp14_pi4gb_r2,3868,perf_20261002-161933_clu_rasp14_pi4gb_r2,2,965,1790957978862,0,1790959257072.07,1455.059,15.646,1790959258543.635,Normal,0.9751
rasp1,48487,20261002-161933_clu_rasp14_pi4gb_r2,3873,perf_20261002-161933_clu_rasp14_pi4gb_r2,2,966,1790957978863,0,1790959258548.843,2686.647,9.952,1790959261246.18,Normal,0.9641
rasp1,48487,20261002-161933_clu_rasp14_pi4gb_r2,3876,perf_20261002-161933_clu_rasp14_pi4gb_r2,2,967,1790957978863,0,1790959261247.953,1080.095,12.418,1790959262341.111,OFFENSIVE,0.7875
rasp1,48487,20261002-161933_clu_rasp14_pi4gb_r2,3882,perf_20261002-161933_clu_rasp14_pi4gb_r2,2,968,1790957978864,0,1790959262343.241,801.99,9.969,1790959263156.083,Normal,0.8586
rasp1,48487,20261002-161933_clu_rasp14_pi4gb_r2,3886,perf_20261002-161933_clu_rasp14_pi4gb_r2,2,969,1790957978864,0,1790959263157.391,534.996,9.578,1790959263702.636,Normal,0.9618
rasp1,48487,20261002-161933_clu_rasp14_pi4gb_r2,3889,perf_20261002-161933_clu_rasp14_pi4gb_r2,2,970,1790957978864,0,1790959263704.424,620.91,9.295,1790959264335.422,Normal,0.9384
rasp1,48487,20261002-161933_clu_rasp14_pi4gb_r2,3890,perf_20261002-161933_clu_rasp14_pi4gb_r2,2,971,1790957978864,0,1790959264336.825,599.155,11.059,1790959264947.894,Normal,0.767
rasp1,48487,20261002-161933_clu_rasp14_pi4gb_r2,3895,perf_20261002-161933_clu_rasp14_pi4gb_r2,2,972,1790957978865,0,1790959264949.387,727.761,9.523,1790959265687.42,Normal,0.9094
rasp1,48487,20261002-161933_clu_rasp14_pi4gb_r2,3900,perf_20261002-161933_clu_rasp14_pi4gb_r2,2,973,1790957978865,0,1790959265688.951,599.834,9.088,1790959266298.631,Normal,0.9474
rasp1,48487,20261002-161933_clu_rasp14_pi4gb_r2,3907,perf_20261002-161933_clu_rasp14_pi4gb_r2,2,974,1790957978866,0,1790959266300.063,929.994,9.171,1790959267240.053,Normal,0.9656
rasp1,48487,20261002-161933_clu_rasp14_pi4gb_r2,3916,perf_20261002-161933_clu_rasp14_pi4gb_r2,2,975,1790957978867,0,1790959267241.481,1053.931,9.844,1790959268306.023,Normal,0.844
rasp1,48487,20261002-161933_clu_rasp14_pi4gb_r2,3917,perf_20261002-161933_clu_rasp14_pi4gb_r2,2,976,1790957978867,0,1790959268307.334,1338.14,10.235,1790959269656.665,Normal,0.3739
rasp1,48487,20261002-161933_clu_rasp14_pi4gb_r2,3921,perf_20261002-161933_clu_rasp14_pi4gb_r2,2,977,1790957978867,0,1790959269658.337,636.477,9.048,1790959270304.458,Normal,0.8936
rasp1,48487,20261002-161933_clu_rasp14_pi4gb_r2,3922,perf_20261002-161933_clu_rasp14_pi4gb_r2,2,978,1790957978867,0,1790959270307.896,1144.375,24.94,1790959271478.609,Normal,0.8096
rasp1,48487,20261002-161933_clu_rasp14_pi4gb_r2,3925,perf_20261002-161933_clu_rasp14_pi4gb_r2,2,979,1790957978867,0,1790959271484.866,614.364,14.436,1790959272116.92,Normal,0.8827
rasp1,48487,20261002-161933_clu_rasp14_pi4gb_r2,3934,perf_20261002-161933_clu_rasp14_pi4gb_r2,2,980,1790957978868,0,1790959272124.91,893.02,13.484,1790959273032.503,Normal,0.9327
rasp1,48487,20261002-161933_clu_rasp14_pi4gb_r2,3954,perf_20261002-161933_clu_rasp14_pi4gb_r2,2,981,1790957978870,0,1790959273037.447,1009.096,23.544,1790959274071.215,Normal,0.9526
rasp1,48487,20261002-161933_clu_rasp14_pi4gb_r2,3956,perf_20261002-161933_clu_rasp14_pi4gb_r2,2,982,1790957978870,0,1790959274079.191,970.165,10.409,1790959275060.982,OFFENSIVE,0.7763
rasp1,48487,20261002-161933_clu_rasp14_pi4gb_r2,3961,perf_20261002-161933_clu_rasp14_pi4gb_r2,2,983,1790957978870,0,1790959275062.79,1693.769,10.759,1790959276768.363,OFFENSIVE,0.4084
rasp1,48487,20261002-161933_clu_rasp14_pi4gb_r2,3972,perf_20261002-161933_clu_rasp14_pi4gb_r2,2,984,1790957978871,0,1790959276769.963,781.421,14.036,1790959277566.27,Normal,0.9108
rasp1,48487,20261002-161933_clu_rasp14_pi4gb_r2,3973,perf_20261002-161933_clu_rasp14_pi4gb_r2,2,985,1790957978872,0,1790959277568.998,742.558,9.982,1790959278322.333,Normal,0.9584
rasp1,48487,20261002-161933_clu_rasp14_pi4gb_r2,3974,perf_20261002-161933_clu_rasp14_pi4gb_r2,2,986,1790957978872,0,1790959278324.126,630.805,11.109,1790959278966.696,Normal,0.9203
rasp1,48487,20261002-161933_clu_rasp14_pi4gb_r2,3977,perf_20261002-161933_clu_rasp14_pi4gb_r2,2,987,1790957978873,0,1790959278968.51,931.612,11.582,1790959279912.531,Normal,0.9474
rasp1,48487,20261002-161933_clu_rasp14_pi4gb_r2,3980,perf_20261002-161933_clu_rasp14_pi4gb_r2,2,988,1790957978873,0,1790959279915.499,636.202,9.972,1790959280562.562,Normal,0.9386
rasp1,48487,20261002-161933_clu_rasp14_pi4gb_r2,3986,perf_20261002-161933_clu_rasp14_pi4gb_r2,2,989,1790957978874,0,1790959280564.218,903.688,11.944,1790959281481.242,Normal,0.8867
rasp1,48487,20261002-161933_clu_rasp14_pi4gb_r2,3987,perf_20261002-161933_clu_rasp14_pi4gb_r2,2,990,1790957978874,0,1790959281482.687,1346.553,11.295,1790959282842.353,Normal,0.9721
rasp1,48487,20261002-161933_clu_rasp14_pi4gb_r2,3994,perf_20261002-161933_clu_rasp14_pi4gb_r2,2,991,1790957978874,0,1790959282845.129,4750.026,14.618,1790959287611.012,Normal,0.9736
rasp1,48487,20261002-161933_clu_rasp14_pi4gb_r2,3996,perf_20261002-161933_clu_rasp14_pi4gb_r2,2,992,1790957978874,0,1790959287612.327,731.702,10.261,1790959288354.915,Normal,0.9466
rasp1,48487,20261002-161933_clu_rasp14_pi4gb_r2,4009,perf_20261002-161933_clu_rasp14_pi4gb_r2,2,993,1790957978875,0,1790959288356.864,731.91,11.816,1790959289101.604,Normal,0.9608
rasp1,48487,20261002-161933_clu_rasp14_pi4gb_r2,4010,perf_20261002-161933_clu_rasp14_pi4gb_r2,2,994,1790957978876,0,1790959289103.693,657.293,8.656,1790959289770.472,Normal,0.944
rasp1,48487,20261002-161933_clu_rasp14_pi4gb_r2,4011,perf_20261002-161933_clu_rasp14_pi4gb_r2,2,995,1790957978876,0,1790959289771.904,602.603,9.172,1790959290384.642,Normal,0.9627
rasp1,48487,20261002-161933_clu_rasp14_pi4gb_r2,4013,perf_20261002-161933_clu_rasp14_pi4gb_r2,2,996,1790957978876,0,1790959290385.997,3313.035,10.293,1790959293710.277,Normal,0.9543
rasp1,48487,20261002-161933_clu_rasp14_pi4gb_r2,4017,perf_20261002-161933_clu_rasp14_pi4gb_r2,2,997,1790957978876,0,1790959293712.171,3296.204,11.116,1790959297020.223,Normal,0.9741
rasp1,48487,20261002-161933_clu_rasp14_pi4gb_r2,4021,perf_20261002-161933_clu_rasp14_pi4gb_r2,2,998,1790957978876,0,1790959297021.504,853.383,15.54,1790959297892.421,Normal,0.9346
rasp1,48487,20261002-161933_clu_rasp14_pi4gb_r2,4022,perf_20261002-161933_clu_rasp14_pi4gb_r2,2,999,1790957978876,0,1790959297894.834,719.987,11.27,1790959298627.284,Normal,0.9608
rasp1,48487,20261002-161933_clu_rasp14_pi4gb_r2,0,perf_20261002-161933_clu_rasp14_pi4gb_r2,0,0,1790957978045,0,1790959302511.354,646.136,9.284,1790959303167.467,Normal,0.9501
rasp1,48487,20261002-161933_clu_rasp14_pi4gb_r2,2,perf_20261002-161933_clu_rasp14_pi4gb_r2,0,1,1790957978045,0,1790959303168.893,585.345,20.454,1790959303775.368,Normal,0.9403
rasp1,48487,20261002-161933_clu_rasp14_pi4gb_r2,11,perf_20261002-161933_clu_rasp14_pi4gb_r2,0,2,1790957978047,0,1790959303776.693,1307.678,9.605,1790959305094.984,OFFENSIVE,0.6827
rasp1,48487,20261002-161933_clu_rasp14_pi4gb_r2,17,perf_20261002-161933_clu_rasp14_pi4gb_r2,0,3,1790957978048,0,1790959305096.69,1031.523,9.496,1790959306138.596,Normal,0.9669
rasp1,48487,20261002-161933_clu_rasp14_pi4gb_r2,18,perf_20261002-161933_clu_rasp14_pi4gb_r2,0,4,1790957978048,0,1790959306140.269,610.075,8.638,1790959306759.674,Normal,0.9406
rasp1,48487,20261002-161933_clu_rasp14_pi4gb_r2,21,perf_20261002-161933_clu_rasp14_pi4gb_r2,0,5,1790957978049,0,1790959306761.486,594.433,8.871,1790959307365.333,Normal,0.9126
rasp1,48487,20261002-161933_clu_rasp14_pi4gb_r2,23,perf_20261002-161933_clu_rasp14_pi4gb_r2,0,6,1790957978049,0,1790959307367.066,1093.545,10.033,1790959308471.478,Normal,0.9264
rasp1,48487,20261002-161933_clu_rasp14_pi4gb_r2,26,perf_20261002-161933_clu_rasp14_pi4gb_r2,0,7,1790957978050,0,1790959308473.05,645.808,10.028,1790959309129.691,Normal,0.8983
rasp1,48487,20261002-161933_clu_rasp14_pi4gb_r2,27,perf_20261002-161933_clu_rasp14_pi4gb_r2,0,8,1790957978050,0,1790959309132.027,581.501,10.043,1790959309724.655,Normal,0.9605
rasp1,48487,20261002-161933_clu_rasp14_pi4gb_r2,38,perf_20261002-161933_clu_rasp14_pi4gb_r2,0,9,1790957978052,0,1790959309726.191,1195.327,10.161,1790959310932.396,Normal,0.9759
rasp1,48487,20261002-161933_clu_rasp14_pi4gb_r2,41,perf_20261002-161933_clu_rasp14_pi4gb_r2,0,10,1790957978053,0,1790959310934.524,1195.456,10.269,1790959312140.841,OFFENSIVE,0.7321
rasp1,48487,20261002-161933_clu_rasp14_pi4gb_r2,42,perf_20261002-161933_clu_rasp14_pi4gb_r2,0,11,1790957978054,0,1790959312142.337,888.116,15.443,1790959313046.646,Normal,0.9516
rasp1,48487,20261002-161933_clu_rasp14_pi4gb_r2,45,perf_20261002-161933_clu_rasp14_pi4gb_r2,0,12,1790957978054,0,1790959313048.406,1700.9,11.75,1790959314761.807,Normal,0.6606
rasp1,48487,20261002-161933_clu_rasp14_pi4gb_r2,48,perf_20261002-161933_clu_rasp14_pi4gb_r2,0,13,1790957978055,0,1790959314766.162,1119.439,11.531,1790959315898.096,Normal,0.9513
rasp1,48487,20261002-161933_clu_rasp14_pi4gb_r2,49,perf_20261002-161933_clu_rasp14_pi4gb_r2,0,14,1790957978055,0,1790959315903.692,737.759,9.995,1790959316652.198,Normal,0.9705
rasp1,48487,20261002-161933_clu_rasp14_pi4gb_r2,51,perf_20261002-161933_clu_rasp14_pi4gb_r2,0,15,1790957978055,0,1790959316654.641,887.603,12.324,1790959317555.521,Normal,0.7349
rasp1,48487,20261002-161933_clu_rasp14_pi4gb_r2,62,perf_20261002-161933_clu_rasp14_pi4gb_r2,0,16,1790957978057,0,1790959317558.517,809.043,9.542,1790959318377.978,Normal,0.9533
rasp1,48487,20261002-161933_clu_rasp14_pi4gb_r2,63,perf_20261002-161933_clu_rasp14_pi4gb_r2,0,17,1790957978058,0,1790959318379.782,868.751,10.346,1790959319259.857,Normal,0.7402
rasp1,48487,20261002-161933_clu_rasp14_pi4gb_r2,67,perf_20261002-161933_clu_rasp14_pi4gb_r2,0,18,1790957978058,0,1790959319261.391,692.818,10.762,1790959319966.03,Normal,0.9526
rasp1,48487,20261002-161933_clu_rasp14_pi4gb_r2,68,perf_20261002-161933_clu_rasp14_pi4gb_r2,0,19,1790957978059,0,1790959319967.448,1101.56,9.027,1790959321078.826,Normal,0.9052
rasp1,48487,20261002-161933_clu_rasp14_pi4gb_r2,69,perf_20261002-161933_clu_rasp14_pi4gb_r2,0,20,1790957978059,0,1790959321080.238,692.421,8.974,1790959321782.443,Normal,0.9362
rasp1,48487,20261002-161933_clu_rasp14_pi4gb_r2,76,perf_20261002-161933_clu_rasp14_pi4gb_r2,0,21,1790957978060,0,1790959321783.696,1421.518,13.125,1790959323219.398,Normal,0.9494
rasp1,48487,20261002-161933_clu_rasp14_pi4gb_r2,82,perf_20261002-161933_clu_rasp14_pi4gb_r2,0,22,1790957978061,0,1790959323221.557,1137.45,7.89,1790959324367.448,Normal,0.9547
rasp1,48487,20261002-161933_clu_rasp14_pi4gb_r2,85,perf_20261002-161933_clu_rasp14_pi4gb_r2,0,23,1790957978061,0,1790959324368.928,829.488,9.776,1790959325208.932,Normal,0.9656
rasp1,48487,20261002-161933_clu_rasp14_pi4gb_r2,86,perf_20261002-161933_clu_rasp14_pi4gb_r2,0,24,1790957978062,0,1790959325211.135,523.714,9.418,1790959325744.816,Normal,0.8367
rasp1,48487,20261002-161933_clu_rasp14_pi4gb_r2,89,perf_20261002-161933_clu_rasp14_pi4gb_r2,0,25,1790957978062,0,1790959325746.282,548.789,8.738,1790959326304.379,Normal,0.9375
rasp1,48487,20261002-161933_clu_rasp14_pi4gb_r2,91,perf_20261002-161933_clu_rasp14_pi4gb_r2,0,26,1790957978063,0,1790959326306.014,679.399,8.495,1790959326994.527,Normal,0.5178
rasp1,48487,20261002-161933_clu_rasp14_pi4gb_r2,93,perf_20261002-161933_clu_rasp14_pi4gb_r2,0,27,1790957978063,0,1790959326995.87,2052.335,9.422,1790959329058.197,Normal,0.9203
rasp1,48487,20261002-161933_clu_rasp14_pi4gb_r2,94,perf_20261002-161933_clu_rasp14_pi4gb_r2,0,28,1790957978063,0,1790959329059.27,515.805,8.44,1790959329584.012,Normal,0.9667
rasp1,48487,20261002-161933_clu_rasp14_pi4gb_r2,95,perf_20261002-161933_clu_rasp14_pi4gb_r2,0,29,1790957978064,0,1790959329585.062,408.983,7.669,1790959330002.212,Normal,0.9526
rasp1,48487,20261002-161933_clu_rasp14_pi4gb_r2,98,perf_20261002-161933_clu_rasp14_pi4gb_r2,0,30,1790957978064,0,1790959330003.289,390.269,7.215,1790959330401.348,Normal,0.9608
rasp1,48487,20261002-161933_clu_rasp14_pi4gb_r2,103,perf_20261002-161933_clu_rasp14_pi4gb_r2,0,31,1790957978065,0,1790959330402.415,520.86,8.44,1790959330932.344,Normal,0.9584
rasp1,48487,20261002-161933_clu_rasp14_pi4gb_r2,113,perf_20261002-161933_clu_rasp14_pi4gb_r2,0,32,1790957978066,0,1790959330933.417,478.821,8.851,1790959331426.791,Normal,0.9553
rasp1,48487,20261002-161933_clu_rasp14_pi4gb_r2,116,perf_20261002-161933_clu_rasp14_pi4gb_r2,0,33,1790957978066,0,1790959331427.87,458.919,8.562,1790959331895.868,Normal,0.9618
rasp1,48487,20261002-161933_clu_rasp14_pi4gb_r2,121,perf_20261002-161933_clu_rasp14_pi4gb_r2,0,34,1790957978067,0,1790959331896.928,496.418,8.303,1790959332402.208,Normal,0.8871
rasp1,48487,20261002-161933_clu_rasp14_pi4gb_r2,122,perf_20261002-161933_clu_rasp14_pi4gb_r2,0,35,1790957978067,0,1790959332403.463,1003.048,8.567,1790959333415.83,Normal,0.9763
rasp1,48487,20261002-161933_clu_rasp14_pi4gb_r2,124,perf_20261002-161933_clu_rasp14_pi4gb_r2,0,36,1790957978067,0,1790959333416.94,411.325,8.329,1790959333837.158,Normal,0.9474
rasp1,48487,20261002-161933_clu_rasp14_pi4gb_r2,125,perf_20261002-161933_clu_rasp14_pi4gb_r2,0,37,1790957978067,0,1790959333838.501,764.987,8.256,1790959334612.298,Normal,0.9226
rasp1,48487,20261002-161933_clu_rasp14_pi4gb_r2,130,perf_20261002-161933_clu_rasp14_pi4gb_r2,0,38,1790957978084,0,1790959334613.262,371.613,7.798,1790959334993.158,Normal,0.8125
rasp1,48487,20261002-161933_clu_rasp14_pi4gb_r2,131,perf_20261002-161933_clu_rasp14_pi4gb_r2,0,39,1790957978084,0,1790959334994.309,470.934,8.387,1790959335474.285,Normal,0.9665
rasp1,48487,20261002-161933_clu_rasp14_pi4gb_r2,134,perf_20261002-161933_clu_rasp14_pi4gb_r2,0,40,1790957978097,0,1790959335475.249,387.614,7.915,1790959335871.258,Normal,0.9298
rasp1,48487,20261002-161933_clu_rasp14_pi4gb_r2,135,perf_20261002-161933_clu_rasp14_pi4gb_r2,0,41,1790957978097,0,1790959335872.24,448.889,7.905,1790959336329.517,Normal,0.968
rasp1,48487,20261002-161933_clu_rasp14_pi4gb_r2,136,perf_20261002-161933_clu_rasp14_pi4gb_r2,0,42,1790957978097,0,1790959336330.563,511.457,8.052,1790959336854.651,Normal,0.9343
rasp1,48487,20261002-161933_clu_rasp14_pi4gb_r2,138,perf_20261002-161933_clu_rasp14_pi4gb_r2,0,43,1790957978098,0,1790959336855.618,535.38,8.08,1790959337399.57,Normal,0.899
rasp1,48487,20261002-161933_clu_rasp14_pi4gb_r2,144,perf_20261002-161933_clu_rasp14_pi4gb_r2,0,44,1790957978100,0,1790959337400.524,958.629,8.375,1790959338368.022,Normal,0.9733
rasp1,48487,20261002-161933_clu_rasp14_pi4gb_r2,145,perf_20261002-161933_clu_rasp14_pi4gb_r2,0,45,1790957978100,0,1790959338368.974,668.24,8.148,1790959339045.914,Normal,0.9424
rasp1,48487,20261002-161933_clu_rasp14_pi4gb_r2,149,perf_20261002-161933_clu_rasp14_pi4gb_r2,0,46,1790957978101,0,1790959339046.865,525.467,8.776,1790959339581.655,Normal,0.9224
rasp1,48487,20261002-161933_clu_rasp14_pi4gb_r2,154,perf_20261002-161933_clu_rasp14_pi4gb_r2,0,47,1790957978102,0,1790959339582.958,412.267,8.113,1790959340003.896,Normal,0.9163
rasp1,48487,20261002-161933_clu_rasp14_pi4gb_r2,156,perf_20261002-161933_clu_rasp14_pi4gb_r2,0,48,1790957978102,0,1790959340004.864,478.148,8.148,1790959340491.662,Normal,0.9631
rasp1,48487,20261002-161933_clu_rasp14_pi4gb_r2,158,perf_20261002-161933_clu_rasp14_pi4gb_r2,0,49,1790957978103,0,1790959340492.905,459.968,8.166,1790959340961.546,Normal,0.9327
rasp1,48487,20261002-161933_clu_rasp14_pi4gb_r2,169,perf_20261002-161933_clu_rasp14_pi4gb_r2,0,50,1790957978104,0,1790959340962.956,413.327,7.587,1790959341384.422,Normal,0.8485
rasp1,48487,20261002-161933_clu_rasp14_pi4gb_r2,181,perf_20261002-161933_clu_rasp14_pi4gb_r2,0,51,1790957978107,0,1790959341385.436,1203.196,8.176,1790959342597.365,Normal,0.9797
rasp1,48487,20261002-161933_clu_rasp14_pi4gb_r2,182,perf_20261002-161933_clu_rasp14_pi4gb_r2,0,52,1790957978107,0,1790959342598.367,411.666,8.11,1790959343018.66,Normal,0.9597
rasp1,48487,20261002-161933_clu_rasp14_pi4gb_r2,186,perf_20261002-161933_clu_rasp14_pi4gb_r2,0,53,1790957978108,0,1790959343019.648,477.628,9.577,1790959343507.506,Normal,0.7583
rasp1,48487,20261002-161933_clu_rasp14_pi4gb_r2,190,perf_20261002-161933_clu_rasp14_pi4gb_r2,0,54,1790957978109,0,1790959343508.835,485.041,8.019,1790959344002.47,Normal,0.9582
rasp1,48487,20261002-161933_clu_rasp14_pi4gb_r2,195,perf_20261002-161933_clu_rasp14_pi4gb_r2,0,55,1790957978110,0,1790959344003.424,346.123,7.253,1790959344357.309,Normal,0.9401
rasp1,48487,20261002-161933_clu_rasp14_pi4gb_r2,196,perf_20261002-161933_clu_rasp14_pi4gb_r2,0,56,1790957978110,0,1790959344358.259,387.686,7.696,1790959344754.103,Normal,0.968
rasp1,48487,20261002-161933_clu_rasp14_pi4gb_r2,198,perf_20261002-161933_clu_rasp14_pi4gb_r2,0,57,1790957978111,0,1790959344755.059,338.437,8.126,1790959345102.131,Normal,0.9431
rasp1,48487,20261002-161933_clu_rasp14_pi4gb_r2,199,perf_20261002-161933_clu_rasp14_pi4gb_r2,0,58,1790957978111,0,1790959345103.091,1092.467,8.249,1790959346204.333,Normal,0.924
rasp1,48487,20261002-161933_clu_rasp14_pi4gb_r2,204,perf_20261002-161933_clu_rasp14_pi4gb_r2,0,59,1790957978112,0,1790959346205.282,448.107,8.148,1790959346662.069,Normal,0.8864
rasp1,48487,20261002-161933_clu_rasp14_pi4gb_r2,205,perf_20261002-161933_clu_rasp14_pi4gb_r2,0,60,1790957978112,0,1790959346663.027,605.011,7.257,1790959347275.785,Normal,0.9654
rasp1,48487,20261002-161933_clu_rasp14_pi4gb_r2,214,perf_20261002-161933_clu_rasp14_pi4gb_r2,0,61,1790957978113,0,1790959347276.865,535.158,7.667,1790959347820.164,Normal,0.9527
rasp1,48487,20261002-161933_clu_rasp14_pi4gb_r2,215,perf_20261002-161933_clu_rasp14_pi4gb_r2,0,62,1790957978114,0,1790959347821.117,387.311,7.203,1790959348216.155,Normal,0.8958
rasp1,48487,20261002-161933_clu_rasp14_pi4gb_r2,219,perf_20261002-161933_clu_rasp14_pi4gb_r2,0,63,1790957978130,0,1790959348217.103,2374.833,8.118,1790959350600.55,Normal,0.9736
rasp1,48487,20261002-161933_clu_rasp14_pi4gb_r2,222,perf_20261002-161933_clu_rasp14_pi4gb_r2,0,64,1790957978131,0,1790959350601.497,401.287,7.662,1790959351010.908,Normal,0.9603
rasp1,48487,20261002-161933_clu_rasp14_pi4gb_r2,226,perf_20261002-161933_clu_rasp14_pi4gb_r2,0,65,1790957978140,0,1790959351011.971,387.104,7.447,1790959351406.98,Normal,0.9627
rasp1,48487,20261002-161933_clu_rasp14_pi4gb_r2,227,perf_20261002-161933_clu_rasp14_pi4gb_r2,0,66,1790957978140,0,1790959351407.939,388.103,7.48,1790959351803.981,Normal,0.9515
rasp1,48487,20261002-161933_clu_rasp14_pi4gb_r2,231,perf_20261002-161933_clu_rasp14_pi4gb_r2,0,67,1790957978152,0,1790959351804.947,536.362,7.781,1790959352349.624,Normal,0.9381
rasp1,48487,20261002-161933_clu_rasp14_pi4gb_r2,235,perf_20261002-161933_clu_rasp14_pi4gb_r2,0,68,1790957978153,0,1790959352350.617,466.365,8.109,1790959352825.562,Normal,0.9691
rasp1,48487,20261002-161933_clu_rasp14_pi4gb_r2,237,perf_20261002-161933_clu_rasp14_pi4gb_r2,0,69,1790957978153,0,1790959352826.534,388.608,7.89,1790959353223.491,Normal,0.9615
rasp1,48487,20261002-161933_clu_rasp14_pi4gb_r2,239,perf_20261002-161933_clu_rasp14_pi4gb_r2,0,70,1790957978153,0,1790959353224.457,448.594,8.732,1790959353682.249,Normal,0.5543
rasp1,48487,20261002-161933_clu_rasp14_pi4gb_r2,242,perf_20261002-161933_clu_rasp14_pi4gb_r2,0,71,1790957978154,0,1790959353683.211,401.21,7.966,1790959354092.93,Normal,0.9572
rasp1,48487,20261002-161933_clu_rasp14_pi4gb_r2,248,perf_20261002-161933_clu_rasp14_pi4gb_r2,0,72,1790957978155,0,1790959354093.894,391.922,8.054,1790959354494.348,Normal,0.9722
rasp1,48487,20261002-161933_clu_rasp14_pi4gb_r2,254,perf_20261002-161933_clu_rasp14_pi4gb_r2,0,73,1790957978156,0,1790959354495.461,414.164,6.899,1790959354917.054,Normal,0.9008
rasp1,48487,20261002-161933_clu_rasp14_pi4gb_r2,258,perf_20261002-161933_clu_rasp14_pi4gb_r2,0,74,1790957978157,0,1790959354918.073,479.071,7.467,1790959355405.077,Normal,0.9614
rasp1,48487,20261002-161933_clu_rasp14_pi4gb_r2,259,perf_20261002-161933_clu_rasp14_pi4gb_r2,0,75,1790957978157,0,1790959355406.029,645.895,9.443,1790959356061.86,Normal,0.8939
rasp1,48487,20261002-161933_clu_rasp14_pi4gb_r2,260,perf_20261002-161933_clu_rasp14_pi4gb_r2,0,76,1790957978158,0,1790959356063.121,371.85,7.772,1790959356443.207,Normal,0.8408
rasp1,48487,20261002-161933_clu_rasp14_pi4gb_r2,262,perf_20261002-161933_clu_rasp14_pi4gb_r2,0,77,1790957978158,0,1790959356444.169,554.641,8.235,1790959357007.516,Normal,0.9674
rasp1,48487,20261002-161933_clu_rasp14_pi4gb_r2,266,perf_20261002-161933_clu_rasp14_pi4gb_r2,0,78,1790957978159,0,1790959357008.478,510.322,7.991,1790959357527.282,Normal,0.9441
rasp1,48487,20261002-161933_clu_rasp14_pi4gb_r2,269,perf_20261002-161933_clu_rasp14_pi4gb_r2,0,79,1790957978159,0,1790959357528.275,388.71,7.656,1790959357925.109,Normal,0.8515
rasp1,48487,20261002-161933_clu_rasp14_pi4gb_r2,272,perf_20261002-161933_clu_rasp14_pi4gb_r2,0,80,1790957978160,0,1790959357926.072,691.848,9.243,1790959358627.635,Normal,0.9494
rasp1,48487,20261002-161933_clu_rasp14_pi4gb_r2,280,perf_20261002-161933_clu_rasp14_pi4gb_r2,0,81,1790957978161,0,1790959358628.603,365.757,8.0,1790959359002.864,Normal,0.9608
rasp1,48487,20261002-161933_clu_rasp14_pi4gb_r2,281,perf_20261002-161933_clu_rasp14_pi4gb_r2,0,82,1790957978162,0,1790959359003.836,402.608,8.455,1790959359415.427,Normal,0.7225
rasp1,48487,20261002-161933_clu_rasp14_pi4gb_r2,286,perf_20261002-161933_clu_rasp14_pi4gb_r2,0,83,1790957978162,0,1790959359416.393,2276.148,8.472,1790959361701.604,Normal,0.9702
rasp1,48487,20261002-161933_clu_rasp14_pi4gb_r2,288,perf_20261002-161933_clu_rasp14_pi4gb_r2,0,84,1790957978163,0,1790959361702.604,402.274,8.773,1790959362114.139,Normal,0.9633
rasp1,48487,20261002-161933_clu_rasp14_pi4gb_r2,293,perf_20261002-161933_clu_rasp14_pi4gb_r2,0,85,1790957978164,0,1790959362115.117,449.166,8.092,1790959362572.95,Normal,0.9719
rasp1,48487,20261002-161933_clu_rasp14_pi4gb_r2,294,perf_20261002-161933_clu_rasp14_pi4gb_r2,0,86,1790957978164,0,1790959362573.936,338.166,8.369,1790959362920.952,Normal,0.9468
rasp1,48487,20261002-161933_clu_rasp14_pi4gb_r2,295,perf_20261002-161933_clu_rasp14_pi4gb_r2,0,87,1790957978164,0,1790959362922.007,338.822,7.833,1790959363269.142,Normal,0.9468
rasp1,48487,20261002-161933_clu_rasp14_pi4gb_r2,298,perf_20261002-161933_clu_rasp14_pi4gb_r2,0,88,1790957978165,0,1790959363270.219,449.64,8.941,1790959363729.283,OFFENSIVE,0.603
rasp1,48487,20261002-161933_clu_rasp14_pi4gb_r2,304,perf_20261002-161933_clu_rasp14_pi4gb_r2,0,89,1790957978167,0,1790959363730.242,1187.539,8.988,1790959364927.275,Normal,0.9652
rasp1,48487,20261002-161933_clu_rasp14_pi4gb_r2,305,perf_20261002-161933_clu_rasp14_pi4gb_r2,0,90,1790957978167,0,1790959364928.229,467.626,7.122,1790959365403.606,Normal,0.9629
rasp1,48487,20261002-161933_clu_rasp14_pi4gb_r2,308,perf_20261002-161933_clu_rasp14_pi4gb_r2,0,91,1790957978167,0,1790959365404.554,401.627,7.637,1790959365814.304,Normal,0.9277
rasp1,48487,20261002-161933_clu_rasp14_pi4gb_r2,314,perf_20261002-161933_clu_rasp14_pi4gb_r2,0,92,1790957978168,0,1790959365815.256,403.687,8.175,1790959366227.602,Normal,0.9203
rasp1,48487,20261002-161933_clu_rasp14_pi4gb_r2,319,perf_20261002-161933_clu_rasp14_pi4gb_r2,0,93,1790957978169,0,1790959366228.557,477.164,8.428,1790959366714.641,OFFENSIVE,0.4147
rasp1,48487,20261002-161933_clu_rasp14_pi4gb_r2,323,perf_20261002-161933_clu_rasp14_pi4gb_r2,0,94,1790957978170,0,1790959366715.664,373.784,8.134,1790959367098.155,Normal,0.962
rasp1,48487,20261002-161933_clu_rasp14_pi4gb_r2,326,perf_20261002-161933_clu_rasp14_pi4gb_r2,0,95,1790957978171,0,1790959367099.16,645.614,8.899,1790959367758.154,Normal,0.9126
rasp1,48487,20261002-161933_clu_rasp14_pi4gb_r2,328,perf_20261002-161933_clu_rasp14_pi4gb_r2,0,96,1790957978172,0,1790959367759.213,617.196,7.84,1790959368384.803,Normal,0.945
rasp1,48487,20261002-161933_clu_rasp14_pi4gb_r2,329,perf_20261002-161933_clu_rasp14_pi4gb_r2,0,97,1790957978172,0,1790959368385.81,711.261,7.958,1790959369105.531,Normal,0.9573
rasp1,48487,20261002-161933_clu_rasp14_pi4gb_r2,333,perf_20261002-161933_clu_rasp14_pi4gb_r2,0,98,1790957978173,0,1790959369106.477,449.775,8.634,1790959369565.412,Normal,0.9775
rasp1,48487,20261002-161933_clu_rasp14_pi4gb_r2,348,perf_20261002-161933_clu_rasp14_pi4gb_r2,0,99,1790957978176,0,1790959369566.549,692.238,8.144,1790959370267.42,Normal,0.8482
rasp1,48487,20261002-161933_clu_rasp14_pi4gb_r2,350,perf_20261002-161933_clu_rasp14_pi4gb_r2,0,100,1790957978176,0,1790959370268.098,1085.832,7.853,1790959371362.272,Normal,0.4517
rasp1,48487,20261002-161933_clu_rasp14_pi4gb_r2,353,perf_20261002-161933_clu_rasp14_pi4gb_r2,0,101,1790957978177,0,1790959371363.408,402.239,7.925,1790959371774.107,Normal,0.9509
rasp1,48487,20261002-161933_clu_rasp14_pi4gb_r2,360,perf_20261002-161933_clu_rasp14_pi4gb_r2,0,102,1790957978178,0,1790959371775.055,450.978,7.833,1790959372234.351,Normal,0.878
rasp1,48487,20261002-161933_clu_rasp14_pi4gb_r2,366,perf_20261002-161933_clu_rasp14_pi4gb_r2,0,103,1790957978179,0,1790959372235.326,338.43,7.296,1790959372581.613,Normal,0.9119
rasp1,48487,20261002-161933_clu_rasp14_pi4gb_r2,367,perf_20261002-161933_clu_rasp14_pi4gb_r2,0,104,1790957978180,0,1790959372582.56,338.505,8.369,1790959372929.909,Normal,0.9277
rasp1,48487,20261002-161933_clu_rasp14_pi4gb_r2,372,perf_20261002-161933_clu_rasp14_pi4gb_r2,0,105,1790957978180,0,1790959372930.867,450.029,7.857,1790959373389.215,Normal,0.9565
rasp1,48487,20261002-161933_clu_rasp14_pi4gb_r2,375,perf_20261002-161933_clu_rasp14_pi4gb_r2,0,106,1790957978181,0,1790959373390.174,338.808,7.824,1790959373737.262,Normal,0.9375
rasp1,48487,20261002-161933_clu_rasp14_pi4gb_r2,376,perf_20261002-161933_clu_rasp14_pi4gb_r2,0,107,1790957978181,0,1790959373738.223,340.942,8.007,1790959374087.63,Normal,0.9475
rasp1,48487,20261002-161933_clu_rasp14_pi4gb_r2,396,perf_20261002-161933_clu_rasp14_pi4gb_r2,0,108,1790957978186,0,1790959374088.812,388.405,8.191,1790959374485.872,Normal,0.9577
rasp1,48487,20261002-161933_clu_rasp14_pi4gb_r2,399,perf_20261002-161933_clu_rasp14_pi4gb_r2,0,109,1790957978186,0,1790959374486.835,339.993,7.408,1790959374834.736,Normal,0.9375
rasp1,48487,20261002-161933_clu_rasp14_pi4gb_r2,405,perf_20261002-161933_clu_rasp14_pi4gb_r2,0,110,1790957978186,0,1790959374835.64,339.818,8.219,1790959375184.198,Normal,0.9375
rasp1,48487,20261002-161933_clu_rasp14_pi4gb_r2,412,perf_20261002-161933_clu_rasp14_pi4gb_r2,0,111,1790957978187,0,1790959375185.236,511.389,8.12,1790959375705.264,Normal,0.952
rasp1,48487,20261002-161933_clu_rasp14_pi4gb_r2,417,perf_20261002-161933_clu_rasp14_pi4gb_r2,0,112,1790957978193,0,1790959375706.212,366.677,7.888,1790959376081.247,Normal,0.8853
rasp1,48487,20261002-161933_clu_rasp14_pi4gb_r2,429,perf_20261002-161933_clu_rasp14_pi4gb_r2,0,113,1790957978194,0,1790959376082.214,1080.214,7.597,1790959377170.565,Normal,0.9687
rasp1,48487,20261002-161933_clu_rasp14_pi4gb_r2,432,perf_20261002-161933_clu_rasp14_pi4gb_r2,0,114,1790957978194,0,1790959377171.513,387.839,7.639,1790959377567.497,Normal,0.9627
rasp1,48487,20261002-161933_clu_rasp14_pi4gb_r2,437,perf_20261002-161933_clu_rasp14_pi4gb_r2,0,115,1790957978195,0,1790959377568.436,555.995,7.857,1790959378137.383,Normal,0.974
rasp1,48487,20261002-161933_clu_rasp14_pi4gb_r2,438,perf_20261002-161933_clu_rasp14_pi4gb_r2,0,116,1790957978195,0,1790959378138.41,393.419,7.54,1790959378539.838,Normal,0.949
rasp1,48487,20261002-161933_clu_rasp14_pi4gb_r2,439,perf_20261002-161933_clu_rasp14_pi4gb_r2,0,117,1790957978195,0,1790959378540.838,489.324,8.402,1790959379039.027,OFFENSIVE,0.8204
rasp1,48487,20261002-161933_clu_rasp14_pi4gb_r2,441,perf_20261002-161933_clu_rasp14_pi4gb_r2,0,118,1790957978195,0,1790959379040.045,398.48,9.38,1790959379448.502,Normal,0.9638
rasp1,48487,20261002-161933_clu_rasp14_pi4gb_r2,447,perf_20261002-161933_clu_rasp14_pi4gb_r2,0,119,1790957978196,0,1790959379449.641,381.283,8.119,1790959379839.521,Normal,0.9534
rasp1,48487,20261002-161933_clu_rasp14_pi4gb_r2,449,perf_20261002-161933_clu_rasp14_pi4gb_r2,0,120,1790957978196,0,1790959379840.529,393.803,8.503,1790959380243.337,Normal,0.945
rasp1,48487,20261002-161933_clu_rasp14_pi4gb_r2,455,perf_20261002-161933_clu_rasp14_pi4gb_r2,0,121,1790957978196,0,1790959380244.292,535.82,7.817,1790959380788.398,Normal,0.951
rasp1,48487,20261002-161933_clu_rasp14_pi4gb_r2,456,perf_20261002-161933_clu_rasp14_pi4gb_r2,0,122,1790957978196,0,1790959380789.358,761.232,8.618,1790959381559.733,Normal,0.9378
rasp1,48487,20261002-161933_clu_rasp14_pi4gb_r2,462,perf_20261002-161933_clu_rasp14_pi4gb_r2,0,123,1790957978197,0,1790959381560.644,290.542,5.905,1790959381857.403,Normal,0.9375
rasp1,48487,20261002-161933_clu_rasp14_pi4gb_r2,467,perf_20261002-161933_clu_rasp14_pi4gb_r2,0,124,1790957978197,0,1790959381858.056,384.056,7.574,1790959382250.141,Normal,0.9551
rasp1,48487,20261002-161933_clu_rasp14_pi4gb_r2,470,perf_20261002-161933_clu_rasp14_pi4gb_r2,0,125,1790957978198,0,1790959382251.089,850.916,8.224,1790959383110.739,Normal,0.9582
rasp1,48487,20261002-161933_clu_rasp14_pi4gb_r2,472,perf_20261002-161933_clu_rasp14_pi4gb_r2,0,126,1790957978219,0,1790959383111.687,486.67,7.676,1790959383611.058,Normal,0.9431
rasp1,48487,20261002-161933_clu_rasp14_pi4gb_r2,479,perf_20261002-161933_clu_rasp14_pi4gb_r2,0,127,1790957978230,0,1790959383612.025,402.887,8.201,1790959384023.575,Normal,0.9557
rasp1,48487,20261002-161933_clu_rasp14_pi4gb_r2,483,perf_20261002-161933_clu_rasp14_pi4gb_r2,0,128,1790957978236,0,1790959384024.742,642.003,8.357,1790959384675.578,Normal,0.6444
rasp1,48487,20261002-161933_clu_rasp14_pi4gb_r2,485,perf_20261002-161933_clu_rasp14_pi4gb_r2,0,129,1790957978236,0,1790959384676.528,401.379,7.872,1790959385086.253,Normal,0.9253
rasp1,48487,20261002-161933_clu_rasp14_pi4gb_r2,491,perf_20261002-161933_clu_rasp14_pi4gb_r2,0,130,1790957978238,0,1790959385087.226,387.089,7.622,1790959385482.441,Normal,0.479
rasp1,48487,20261002-161933_clu_rasp14_pi4gb_r2,493,perf_20261002-161933_clu_rasp14_pi4gb_r2,0,131,1790957978239,0,1790959385483.104,1224.541,8.359,1790959386716.533,Normal,0.96
rasp1,48487,20261002-161933_clu_rasp14_pi4gb_r2,496,perf_20261002-161933_clu_rasp14_pi4gb_r2,0,132,1790957978239,0,1790959386717.502,403.525,7.942,1790959387129.431,Normal,0.9536
rasp1,48487,20261002-161933_clu_rasp14_pi4gb_r2,500,perf_20261002-161933_clu_rasp14_pi4gb_r2,0,133,1790957978240,0,1790959387130.469,338.485,7.862,1790959387477.273,Normal,0.9509
rasp1,48487,20261002-161933_clu_rasp14_pi4gb_r2,503,perf_20261002-161933_clu_rasp14_pi4gb_r2,0,134,1790957978241,0,1790959387478.226,366.592,7.58,1790959387852.857,Normal,0.9601
rasp1,48487,20261002-161933_clu_rasp14_pi4gb_r2,512,perf_20261002-161933_clu_rasp14_pi4gb_r2,0,135,1790957978243,0,1790959387853.813,666.236,7.507,1790959388528.025,Normal,0.9021
rasp1,48487,20261002-161933_clu_rasp14_pi4gb_r2,514,perf_20261002-161933_clu_rasp14_pi4gb_r2,0,136,1790957978243,0,1790959388528.974,367.5,8.303,1790959388905.306,Normal,0.968
rasp1,48487,20261002-161933_clu_rasp14_pi4gb_r2,521,perf_20261002-161933_clu_rasp14_pi4gb_r2,0,137,1790957978263,0,1790959388906.285,556.571,8.476,1790959389471.805,Normal,0.9443
rasp1,48487,20261002-161933_clu_rasp14_pi4gb_r2,525,perf_20261002-161933_clu_rasp14_pi4gb_r2,0,138,1790957978264,0,1790959389472.758,449.826,8.094,1790959389931.184,Normal,0.966
rasp1,48487,20261002-161933_clu_rasp14_pi4gb_r2,527,perf_20261002-161933_clu_rasp14_pi4gb_r2,0,139,1790957978264,0,1790959389931.866,574.059,8.407,1790959390514.795,Normal,0.9741
rasp1,48487,20261002-161933_clu_rasp14_pi4gb_r2,531,perf_20261002-161933_clu_rasp14_pi4gb_r2,0,140,1790957978265,0,1790959390515.8,345.993,7.37,1790959390869.635,Normal,0.9119
rasp1,48487,20261002-161933_clu_rasp14_pi4gb_r2,534,perf_20261002-161933_clu_rasp14_pi4gb_r2,0,141,1790957978266,0,1790959390870.683,348.563,8.261,1790959391228.062,Normal,0.9592
rasp1,48487,20261002-161933_clu_rasp14_pi4gb_r2,535,perf_20261002-161933_clu_rasp14_pi4gb_r2,0,142,1790957978266,0,1790959391229.05,420.99,7.781,1790959391658.296,Normal,0.9695
rasp1,48487,20261002-161933_clu_rasp14_pi4gb_r2,541,perf_20261002-161933_clu_rasp14_pi4gb_r2,0,143,1790957978267,0,1790959391659.328,499.605,8.413,1790959392167.849,OFFENSIVE,0.924
rasp1,48487,20261002-161933_clu_rasp14_pi4gb_r2,546,perf_20261002-161933_clu_rasp14_pi4gb_r2,0,144,1790957978268,0,1790959392168.826,1009.153,7.452,1790959393185.933,Normal,0.9645
rasp1,48487,20261002-161933_clu_rasp14_pi4gb_r2,549,perf_20261002-161933_clu_rasp14_pi4gb_r2,0,145,1790957978269,0,1790959393186.901,487.196,8.042,1790959393682.623,Normal,0.9439
rasp1,48487,20261002-161933_clu_rasp14_pi4gb_r2,550,perf_20261002-161933_clu_rasp14_pi4gb_r2,0,146,1790957978269,0,1790959393683.587,402.911,9.073,1790959394096.155,Normal,0.957
rasp1,48487,20261002-161933_clu_rasp14_pi4gb_r2,553,perf_20261002-161933_clu_rasp14_pi4gb_r2,0,147,1790957978269,0,1790959394097.134,365.707,8.005,1790959394471.328,HATE,0.4958
rasp1,48487,20261002-161933_clu_rasp14_pi4gb_r2,554,perf_20261002-161933_clu_rasp14_pi4gb_r2,0,148,1790957978270,0,1790959394472.303,958.253,8.219,1790959395439.319,Normal,0.9743
rasp1,48487,20261002-161933_clu_rasp14_pi4gb_r2,558,perf_20261002-161933_clu_rasp14_pi4gb_r2,0,149,1790957978270,0,1790959395440.289,401.704,7.177,1790959395849.655,Normal,0.6794
rasp1,48487,20261002-161933_clu_rasp14_pi4gb_r2,563,perf_20261002-161933_clu_rasp14_pi4gb_r2,0,150,1790957978271,0,1790959395850.63,367.618,6.524,1790959396225.298,Normal,0.7933
rasp1,48487,20261002-161933_clu_rasp14_pi4gb_r2,566,perf_20261002-161933_clu_rasp14_pi4gb_r2,0,151,1790957978272,0,1790959396225.904,379.652,7.709,1790959396613.79,Normal,0.9622
rasp1,48487,20261002-161933_clu_rasp14_pi4gb_r2,570,perf_20261002-161933_clu_rasp14_pi4gb_r2,0,152,1790957978274,0,1790959396614.746,402.007,7.792,1790959397025.031,Normal,0.9584
rasp1,48487,20261002-161933_clu_rasp14_pi4gb_r2,572,perf_20261002-161933_clu_rasp14_pi4gb_r2,0,153,1790957978274,0,1790959397026.013,486.495,7.434,1790959397520.55,Normal,0.8979
rasp1,48487,20261002-161933_clu_rasp14_pi4gb_r2,574,perf_20261002-161933_clu_rasp14_pi4gb_r2,0,154,1790957978275,0,1790959397521.517,1094.429,7.969,1790959398624.389,Normal,0.9433
rasp1,48487,20261002-161933_clu_rasp14_pi4gb_r2,581,perf_20261002-161933_clu_rasp14_pi4gb_r2,0,155,1790957978276,0,1790959398625.49,466.837,10.4,1790959399103.255,Normal,0.9318
rasp1,48487,20261002-161933_clu_rasp14_pi4gb_r2,583,perf_20261002-161933_clu_rasp14_pi4gb_r2,0,156,1790957978276,0,1790959399124.198,365.32,8.485,1790959399498.521,Normal,0.9451
rasp1,48487,20261002-161933_clu_rasp14_pi4gb_r2,584,perf_20261002-161933_clu_rasp14_pi4gb_r2,0,157,1790957978277,0,1790959399499.472,273.559,8.844,1790959399782.342,Normal,0.9309
rasp1,48487,20261002-161933_clu_rasp14_pi4gb_r2,588,perf_20261002-161933_clu_rasp14_pi4gb_r2,0,158,1790957978278,0,1790959399783.285,337.693,7.9,1790959400129.336,Normal,0.9309
rasp1,48487,20261002-161933_clu_rasp14_pi4gb_r2,593,perf_20261002-161933_clu_rasp14_pi4gb_r2,0,159,1790957978278,0,1790959400130.444,386.871,7.561,1790959400525.386,Normal,0.9603
rasp1,48487,20261002-161933_clu_rasp14_pi4gb_r2,596,perf_20261002-161933_clu_rasp14_pi4gb_r2,0,160,1790957978280,0,1790959400526.419,693.754,7.28,1790959401227.922,Normal,0.9716
rasp1,48487,20261002-161933_clu_rasp14_pi4gb_r2,598,perf_20261002-161933_clu_rasp14_pi4gb_r2,0,161,1790957978280,0,1790959401228.877,386.785,7.725,1790959401623.899,Normal,0.9688
rasp1,48487,20261002-161933_clu_rasp14_pi4gb_r2,599,perf_20261002-161933_clu_rasp14_pi4gb_r2,0,162,1790957978280,0,1790959401624.858,386.186,7.754,1790959402019.259,Normal,0.925
rasp1,48487,20261002-161933_clu_rasp14_pi4gb_r2,600,perf_20261002-161933_clu_rasp14_pi4gb_r2,0,163,1790957978280,0,1790959402020.394,3653.697,6.864,1790959405681.332,Normal,0.9785
rasp1,48487,20261002-161933_clu_rasp14_pi4gb_r2,602,perf_20261002-161933_clu_rasp14_pi4gb_r2,0,164,1790957978281,0,1790959405681.951,386.913,7.244,1790959406076.573,Normal,0.9622
rasp1,48487,20261002-161933_clu_rasp14_pi4gb_r2,603,perf_20261002-161933_clu_rasp14_pi4gb_r2,0,165,1790957978281,0,1790959406077.526,299.699,7.674,1790959406385.361,Normal,0.9309
rasp1,48487,20261002-161933_clu_rasp14_pi4gb_r2,604,perf_20261002-161933_clu_rasp14_pi4gb_r2,0,166,1790957978281,0,1790959406386.463,600.639,7.772,1790959406995.345,Normal,0.9716
rasp1,48487,20261002-161933_clu_rasp14_pi4gb_r2,607,perf_20261002-161933_clu_rasp14_pi4gb_r2,0,167,1790957978282,0,1790959406996.483,315.374,7.936,1790959407320.265,Normal,0.91
rasp1,48487,20261002-161933_clu_rasp14_pi4gb_r2,608,perf_20261002-161933_clu_rasp14_pi4gb_r2,0,168,1790957978282,0,1790959407321.221,316.503,5.925,1790959407643.962,Normal,0.9577
rasp1,48487,20261002-161933_clu_rasp14_pi4gb_r2,611,perf_20261002-161933_clu_rasp14_pi4gb_r2,0,169,1790957978282,0,1790959407644.527,534.693,7.936,1790959408187.61,Normal,0.9485
rasp1,48487,20261002-161933_clu_rasp14_pi4gb_r2,615,perf_20261002-161933_clu_rasp14_pi4gb_r2,0,170,1790957978283,0,1790959408188.612,376.252,7.581,1790959408572.91,Normal,0.968
rasp1,48487,20261002-161933_clu_rasp14_pi4gb_r2,617,perf_20261002-161933_clu_rasp14_pi4gb_r2,0,171,1790957978283,0,1790959408573.864,366.652,7.512,1790959408948.539,Normal,0.9299
rasp1,48487,20261002-161933_clu_rasp14_pi4gb_r2,625,perf_20261002-161933_clu_rasp14_pi4gb_r2,0,172,1790957978285,0,1790959408949.667,508.56,8.59,1790959409467.345,Normal,0.9415
rasp1,48487,20261002-161933_clu_rasp14_pi4gb_r2,628,perf_20261002-161933_clu_rasp14_pi4gb_r2,0,173,1790957978286,0,1790959409468.323,487.772,8.132,1790959409964.751,Normal,0.96
rasp1,48487,20261002-161933_clu_rasp14_pi4gb_r2,633,perf_20261002-161933_clu_rasp14_pi4gb_r2,0,174,1790957978286,0,1790959409965.67,373.635,7.65,1790959410347.457,Normal,0.9468
rasp1,48487,20261002-161933_clu_rasp14_pi4gb_r2,635,perf_20261002-161933_clu_rasp14_pi4gb_r2,0,175,1790957978287,0,1790959410348.138,459.81,6.252,1790959410814.506,OFFENSIVE,0.6056
rasp1,48487,20261002-161933_clu_rasp14_pi4gb_r2,640,perf_20261002-161933_clu_rasp14_pi4gb_r2,0,176,1790957978287,0,1790959410815.095,504.365,6.074,1790959411325.948,Normal,0.9715
rasp1,48487,20261002-161933_clu_rasp14_pi4gb_r2,641,perf_20261002-161933_clu_rasp14_pi4gb_r2,0,177,1790957978287,0,1790959411326.506,568.617,8.451,1790959411904.035,Normal,0.9002
rasp1,48487,20261002-161933_clu_rasp14_pi4gb_r2,642,perf_20261002-161933_clu_rasp14_pi4gb_r2,0,178,1790957978287,0,1790959411904.997,448.721,6.282,1790959412360.313,Normal,0.965
rasp1,48487,20261002-161933_clu_rasp14_pi4gb_r2,644,perf_20261002-161933_clu_rasp14_pi4gb_r2,0,179,1790957978287,0,1790959412360.982,483.822,7.768,1790959412853.032,OFFENSIVE,0.7481
rasp1,48487,20261002-161933_clu_rasp14_pi4gb_r2,646,perf_20261002-161933_clu_rasp14_pi4gb_r2,0,180,1790957978287,0,1790959412854.001,3547.418,8.3,1790959416410.395,Normal,0.9812
rasp1,48487,20261002-161933_clu_rasp14_pi4gb_r2,649,perf_20261002-161933_clu_rasp14_pi4gb_r2,0,181,1790957978288,0,1790959416411.434,373.513,7.978,1790959416793.398,Normal,0.8781
rasp1,48487,20261002-161933_clu_rasp14_pi4gb_r2,665,perf_20261002-161933_clu_rasp14_pi4gb_r2,0,182,1790957978289,0,1790959416794.599,722.961,8.333,1790959417526.425,Normal,0.9482
rasp1,48487,20261002-161933_clu_rasp14_pi4gb_r2,668,perf_20261002-161933_clu_rasp14_pi4gb_r2,0,183,1790957978289,0,1790959417527.433,447.206,7.846,1790959417983.014,Normal,0.9348
rasp1,48487,20261002-161933_clu_rasp14_pi4gb_r2,670,perf_20261002-161933_clu_rasp14_pi4gb_r2,0,184,1790957978290,0,1790959417984.125,356.473,8.884,1790959418350.096,Normal,0.9423
rasp1,48487,20261002-161933_clu_rasp14_pi4gb_r2,673,perf_20261002-161933_clu_rasp14_pi4gb_r2,0,185,1790957978315,0,1790959418351.181,634.857,6.29,1790959418992.643,Normal,0.8782
rasp1,48487,20261002-161933_clu_rasp14_pi4gb_r2,675,perf_20261002-161933_clu_rasp14_pi4gb_r2,0,186,1790957978315,0,1790959418993.273,384.661,8.796,1790959419387.181,Normal,0.9635
rasp1,48487,20261002-161933_clu_rasp14_pi4gb_r2,677,perf_20261002-161933_clu_rasp14_pi4gb_r2,0,187,1790957978316,0,1790959419388.15,403.682,8.535,1790959419800.849,Normal,0.873
rasp1,48487,20261002-161933_clu_rasp14_pi4gb_r2,679,perf_20261002-161933_clu_rasp14_pi4gb_r2,0,188,1790957978316,0,1790959419801.83,314.173,8.193,1790959420124.668,Normal,0.8328
rasp1,48487,20261002-161933_clu_rasp14_pi4gb_r2,681,perf_20261002-161933_clu_rasp14_pi4gb_r2,0,189,1790957978316,0,1790959420125.625,403.45,7.82,1790959420537.357,Normal,0.4505
rasp1,48487,20261002-161933_clu_rasp14_pi4gb_r2,683,perf_20261002-161933_clu_rasp14_pi4gb_r2,0,190,1790957978316,0,1790959420538.32,338.547,7.907,1790959420885.235,Normal,0.9375
rasp1,48487,20261002-161933_clu_rasp14_pi4gb_r2,685,perf_20261002-161933_clu_rasp14_pi4gb_r2,0,191,1790957978316,0,1790959420886.198,274.049,6.786,1790959421167.35,Normal,0.8661
rasp1,48487,20261002-161933_clu_rasp14_pi4gb_r2,689,perf_20261002-161933_clu_rasp14_pi4gb_r2,0,192,1790957978334,0,1790959421168.581,405.47,7.308,1790959421581.825,Normal,0.9648
rasp1,48487,20261002-161933_clu_rasp14_pi4gb_r2,691,perf_20261002-161933_clu_rasp14_pi4gb_r2,0,193,1790957978334,0,1790959421582.777,453.956,7.672,1790959422044.872,Normal,0.9507
rasp1,48487,20261002-161933_clu_rasp14_pi4gb_r2,696,perf_20261002-161933_clu_rasp14_pi4gb_r2,0,194,1790957978338,0,1790959422045.525,295.731,9.033,1790959422350.775,Normal,0.8469
rasp1,48487,20261002-161933_clu_rasp14_pi4gb_r2,702,perf_20261002-161933_clu_rasp14_pi4gb_r2,0,195,1790957978339,0,1790959422351.69,272.611,5.812,1790959422630.688,Normal,0.9045
rasp1,48487,20261002-161933_clu_rasp14_pi4gb_r2,704,perf_20261002-161933_clu_rasp14_pi4gb_r2,0,196,1790957978340,0,1790959422631.284,450.499,8.392,1790959423090.661,Normal,0.9393
rasp1,48487,20261002-161933_clu_rasp14_pi4gb_r2,705,perf_20261002-161933_clu_rasp14_pi4gb_r2,0,197,1790957978340,0,1790959423091.617,453.882,9.034,1790959423555.069,Normal,0.9779
rasp1,48487,20261002-161933_clu_rasp14_pi4gb_r2,713,perf_20261002-161933_clu_rasp14_pi4gb_r2,0,198,1790957978341,0,1790959423556.039,310.504,7.973,1790959423875.049,Normal,0.9423
rasp1,48487,20261002-161933_clu_rasp14_pi4gb_r2,715,perf_20261002-161933_clu_rasp14_pi4gb_r2,0,199,1790957978342,0,1790959423876.02,604.267,7.015,1790959424487.635,Normal,0.9775
rasp1,48487,20261002-161933_clu_rasp14_pi4gb_r2,718,perf_20261002-161933_clu_rasp14_pi4gb_r2,0,200,1790957978342,0,1790959424488.354,452.405,8.041,1790959424949.33,Normal,0.9615
rasp1,48487,20261002-161933_clu_rasp14_pi4gb_r2,729,perf_20261002-161933_clu_rasp14_pi4gb_r2,0,201,1790957978345,0,1790959424950.309,710.008,7.439,1790959425668.291,Normal,0.9701
rasp1,48487,20261002-161933_clu_rasp14_pi4gb_r2,737,perf_20261002-161933_clu_rasp14_pi4gb_r2,0,202,1790957978346,0,1790959425669.028,275.889,6.024,1790959425951.305,Normal,0.9728
rasp1,48487,20261002-161933_clu_rasp14_pi4gb_r2,740,perf_20261002-161933_clu_rasp14_pi4gb_r2,0,203,1790957978347,0,1790959425952.023,312.013,8.487,1790959426272.974,Normal,0.9728
rasp1,48487,20261002-161933_clu_rasp14_pi4gb_r2,744,perf_20261002-161933_clu_rasp14_pi4gb_r2,0,204,1790957978347,0,1790959426273.922,449.499,7.676,1790959426731.627,Normal,0.9621
rasp1,48487,20261002-161933_clu_rasp14_pi4gb_r2,745,perf_20261002-161933_clu_rasp14_pi4gb_r2,0,205,1790957978348,0,1790959426732.585,512.298,7.452,1790959427252.803,Normal,0.9735
rasp1,48487,20261002-161933_clu_rasp14_pi4gb_r2,749,perf_20261002-161933_clu_rasp14_pi4gb_r2,0,206,1790957978348,0,1790959427253.764,1263.136,8.693,1790959428526.072,Normal,0.9792
rasp1,48487,20261002-161933_clu_rasp14_pi4gb_r2,750,perf_20261002-161933_clu_rasp14_pi4gb_r2,0,207,1790957978349,0,1790959428527.027,302.334,7.143,1790959428836.819,Normal,0.9561
rasp1,48487,20261002-161933_clu_rasp14_pi4gb_r2,753,perf_20261002-161933_clu_rasp14_pi4gb_r2,0,208,1790957978349,0,1790959428837.766,287.861,7.77,1790959429133.923,Normal,0.9302
rasp1,48487,20261002-161933_clu_rasp14_pi4gb_r2,759,perf_20261002-161933_clu_rasp14_pi4gb_r2,0,209,1790957978350,0,1790959429134.89,800.261,7.897,1790959429943.377,Normal,0.9634
rasp1,48487,20261002-161933_clu_rasp14_pi4gb_r2,761,perf_20261002-161933_clu_rasp14_pi4gb_r2,0,210,1790957978351,0,1790959429948.274,507.115,8.147,1790959430464.087,Normal,0.9607
rasp1,48487,20261002-161933_clu_rasp14_pi4gb_r2,765,perf_20261002-161933_clu_rasp14_pi4gb_r2,0,211,1790957978352,0,1790959430465.239,457.697,8.116,1790959430931.525,Normal,0.9566
rasp1,48487,20261002-161933_clu_rasp14_pi4gb_r2,767,perf_20261002-161933_clu_rasp14_pi4gb_r2,0,212,1790957978352,0,1790959430932.489,316.832,7.506,1790959431257.338,Normal,0.9574
rasp1,48487,20261002-161933_clu_rasp14_pi4gb_r2,770,perf_20261002-161933_clu_rasp14_pi4gb_r2,0,213,1790957978358,0,1790959431258.318,338.892,7.632,1790959431605.303,Normal,0.9588
rasp1,48487,20261002-161933_clu_rasp14_pi4gb_r2,771,perf_20261002-161933_clu_rasp14_pi4gb_r2,0,214,1790957978358,0,1790959431606.396,621.526,7.859,1790959432236.25,Normal,0.9038
rasp1,48487,20261002-161933_clu_rasp14_pi4gb_r2,780,perf_20261002-161933_clu_rasp14_pi4gb_r2,0,215,1790957978375,0,1790959432237.202,387.706,7.546,1790959432632.914,Normal,0.943
rasp1,48487,20261002-161933_clu_rasp14_pi4gb_r2,784,perf_20261002-161933_clu_rasp14_pi4gb_r2,0,216,1790957978376,0,1790959432634.048,851.711,5.766,1790959433491.843,Normal,0.9723
rasp1,48487,20261002-161933_clu_rasp14_pi4gb_r2,785,perf_20261002-161933_clu_rasp14_pi4gb_r2,0,217,1790957978376,0,1790959433492.394,367.459,7.203,1790959433867.503,Normal,0.9153
rasp1,48487,20261002-161933_clu_rasp14_pi4gb_r2,787,perf_20261002-161933_clu_rasp14_pi4gb_r2,0,218,1790957978376,0,1790959433868.454,390.42,6.46,1790959434265.801,Normal,0.9403
rasp1,48487,20261002-161933_clu_rasp14_pi4gb_r2,789,perf_20261002-161933_clu_rasp14_pi4gb_r2,0,219,1790957978377,0,1790959434266.363,485.058,8.46,1790959434760.396,Normal,0.9749
rasp1,48487,20261002-161933_clu_rasp14_pi4gb_r2,795,perf_20261002-161933_clu_rasp14_pi4gb_r2,0,220,1790957978378,0,1790959434761.37,557.438,8.102,1790959435327.4,Normal,0.9597
rasp1,48487,20261002-161933_clu_rasp14_pi4gb_r2,799,perf_20261002-161933_clu_rasp14_pi4gb_r2,0,221,1790957978379,0,1790959435350.261,366.535,7.547,1790959435724.812,Normal,0.9473
rasp1,48487,20261002-161933_clu_rasp14_pi4gb_r2,804,perf_20261002-161933_clu_rasp14_pi4gb_r2,0,222,1790957978380,0,1790959435725.768,364.589,7.491,1790959436098.352,Normal,0.9588
rasp1,48487,20261002-161933_clu_rasp14_pi4gb_r2,806,perf_20261002-161933_clu_rasp14_pi4gb_r2,0,223,1790957978381,0,1790959436099.301,300.223,7.066,1790959436407.097,Normal,0.9058
rasp1,48487,20261002-161933_clu_rasp14_pi4gb_r2,811,perf_20261002-161933_clu_rasp14_pi4gb_r2,0,224,1790957978382,0,1790959436408.237,982.956,7.675,1790959437399.347,Normal,0.9595
rasp1,48487,20261002-161933_clu_rasp14_pi4gb_r2,818,perf_20261002-161933_clu_rasp14_pi4gb_r2,0,225,1790957978383,0,1790959437400.38,451.197,7.881,1790959437859.969,Normal,0.9659
rasp1,48487,20261002-161933_clu_rasp14_pi4gb_r2,821,perf_20261002-161933_clu_rasp14_pi4gb_r2,0,226,1790957978384,0,1790959437860.934,305.386,8.453,1790959438175.273,Normal,0.9181
rasp1,48487,20261002-161933_clu_rasp14_pi4gb_r2,825,perf_20261002-161933_clu_rasp14_pi4gb_r2,0,227,1790957978384,0,1790959438176.23,403.075,8.379,1790959438588.195,Normal,0.5716
rasp1,48487,20261002-161933_clu_rasp14_pi4gb_r2,834,perf_20261002-161933_clu_rasp14_pi4gb_r2,0,228,1790957978387,0,1790959438589.228,918.57,8.012,1790959439516.285,Normal,0.9455
rasp1,48487,20261002-161933_clu_rasp14_pi4gb_r2,850,perf_20261002-161933_clu_rasp14_pi4gb_r2,0,229,1790957978389,0,1790959439517.236,317.204,6.07,1790959439840.856,Normal,0.952
rasp1,48487,20261002-161933_clu_rasp14_pi4gb_r2,856,perf_20261002-161933_clu_rasp14_pi4gb_r2,0,230,1790957978390,0,1790959439841.407,339.598,9.05,1790959440190.507,Normal,0.9119
rasp1,48487,20261002-161933_clu_rasp14_pi4gb_r2,863,perf_20261002-161933_clu_rasp14_pi4gb_r2,0,231,1790957978392,0,1790959440191.246,387.684,6.906,1790959440586.167,Normal,0.9717
rasp1,48487,20261002-161933_clu_rasp14_pi4gb_r2,864,perf_20261002-161933_clu_rasp14_pi4gb_r2,0,232,1790957978392,0,1790959440586.811,303.274,8.532,1790959440899.086,Normal,0.9475
rasp1,48487,20261002-161933_clu_rasp14_pi4gb_r2,866,perf_20261002-161933_clu_rasp14_pi4gb_r2,0,233,1790957978393,0,1790959440900.104,383.358,6.473,1790959441290.283,Normal,0.9618
rasp1,48487,20261002-161933_clu_rasp14_pi4gb_r2,868,perf_20261002-161933_clu_rasp14_pi4gb_r2,0,234,1790957978393,0,1790959441290.981,585.664,9.196,1790959441886.52,Normal,0.9662
rasp1,48487,20261002-161933_clu_rasp14_pi4gb_r2,869,perf_20261002-161933_clu_rasp14_pi4gb_r2,0,235,1790957978393,0,1790959441887.633,565.751,6.502,1790959442460.244,Normal,0.8865
rasp1,48487,20261002-161933_clu_rasp14_pi4gb_r2,871,perf_20261002-161933_clu_rasp14_pi4gb_r2,0,236,1790957978394,0,1790959442460.962,555.074,8.164,1790959443024.658,Normal,0.9409
rasp1,48487,20261002-161933_clu_rasp14_pi4gb_r2,876,perf_20261002-161933_clu_rasp14_pi4gb_r2,0,237,1790957978395,0,1790959443025.647,338.291,8.762,1790959443373.159,Normal,0.933
rasp1,48487,20261002-161933_clu_rasp14_pi4gb_r2,878,perf_20261002-161933_clu_rasp14_pi4gb_r2,0,238,1790957978395,0,1790959443374.127,367.424,8.299,1790959443750.478,Normal,0.9284
rasp1,48487,20261002-161933_clu_rasp14_pi4gb_r2,884,perf_20261002-161933_clu_rasp14_pi4gb_r2,0,239,1790957978397,0,1790959443751.44,747.225,5.966,1790959444504.99,Normal,0.9359
rasp1,48487,20261002-161933_clu_rasp14_pi4gb_r2,885,perf_20261002-161933_clu_rasp14_pi4gb_r2,0,240,1790957978397,0,1790959444505.553,369.968,8.236,1790959444884.255,Normal,0.6276
rasp1,48487,20261002-161933_clu_rasp14_pi4gb_r2,887,perf_20261002-161933_clu_rasp14_pi4gb_r2,0,241,1790957978397,0,1790959444885.222,559.232,8.383,1790959445453.367,Normal,0.9665
rasp1,48487,20261002-161933_clu_rasp14_pi4gb_r2,888,perf_20261002-161933_clu_rasp14_pi4gb_r2,0,242,1790957978397,0,1790959445454.333,366.527,7.813,1790959445829.162,Normal,0.9025
rasp1,48487,20261002-161933_clu_rasp14_pi4gb_r2,890,perf_20261002-161933_clu_rasp14_pi4gb_r2,0,243,1790957978398,0,1790959445830.162,329.871,7.059,1790959446167.569,OFFENSIVE,0.4388
rasp1,48487,20261002-161933_clu_rasp14_pi4gb_r2,892,perf_20261002-161933_clu_rasp14_pi4gb_r2,0,244,1790957978398,0,1790959446168.545,733.241,6.152,1790959446908.256,Normal,0.9301
rasp1,48487,20261002-161933_clu_rasp14_pi4gb_r2,895,perf_20261002-161933_clu_rasp14_pi4gb_r2,0,245,1790957978399,0,1790959446909.08,369.33,6.271,1790959447285.028,Normal,0.973
rasp1,48487,20261002-161933_clu_rasp14_pi4gb_r2,896,perf_20261002-161933_clu_rasp14_pi4gb_r2,0,246,1790957978399,0,1790959447285.597,295.979,8.12,1790959447590.195,Normal,0.9572
rasp1,48487,20261002-161933_clu_rasp14_pi4gb_r2,902,perf_20261002-161933_clu_rasp14_pi4gb_r2,0,247,1790957978400,0,1790959447591.247,326.553,7.3,1790959447925.565,Normal,0.9594
rasp1,48487,20261002-161933_clu_rasp14_pi4gb_r2,904,perf_20261002-161933_clu_rasp14_pi4gb_r2,0,248,1790957978401,0,1790959447926.538,615.308,7.683,1790959448549.841,Normal,0.9663
rasp1,48487,20261002-161933_clu_rasp14_pi4gb_r2,909,perf_20261002-161933_clu_rasp14_pi4gb_r2,0,249,1790957978402,0,1790959448550.415,533.63,7.439,1790959449092.027,Normal,0.9232
rasp1,48487,20261002-161933_clu_rasp14_pi4gb_r2,917,perf_20261002-161933_clu_rasp14_pi4gb_r2,0,250,1790957978404,0,1790959449093.042,769.158,8.141,1790959449870.813,Normal,0.9173
rasp1,48487,20261002-161933_clu_rasp14_pi4gb_r2,918,perf_20261002-161933_clu_rasp14_pi4gb_r2,0,251,1790957978404,0,1790959449871.776,330.411,7.931,1790959450210.583,Normal,0.9121
rasp1,48487,20261002-161933_clu_rasp14_pi4gb_r2,920,perf_20261002-161933_clu_rasp14_pi4gb_r2,0,252,1790957978404,0,1790959450211.567,328.735,8.505,1790959450549.319,Normal,0.9175
rasp1,48487,20261002-161933_clu_rasp14_pi4gb_r2,926,perf_20261002-161933_clu_rasp14_pi4gb_r2,0,253,1790957978405,0,1790959450550.329,323.53,5.854,1790959450880.042,Normal,0.9556
rasp1,48487,20261002-161933_clu_rasp14_pi4gb_r2,931,perf_20261002-161933_clu_rasp14_pi4gb_r2,0,254,1790957978406,0,1790959450880.63,451.513,6.899,1790959451339.357,Normal,0.9641
rasp1,48487,20261002-161933_clu_rasp14_pi4gb_r2,937,perf_20261002-161933_clu_rasp14_pi4gb_r2,0,255,1790957978406,0,1790959451339.966,224.192,6.454,1790959451570.914,Normal,0.9627
rasp1,48487,20261002-161933_clu_rasp14_pi4gb_r2,945,perf_20261002-161933_clu_rasp14_pi4gb_r2,0,256,1790957978407,0,1790959451571.5,365.618,7.182,1790959451944.61,Normal,0.8866
rasp1,48487,20261002-161933_clu_rasp14_pi4gb_r2,954,perf_20261002-161933_clu_rasp14_pi4gb_r2,0,257,1790957978408,0,1790959451945.212,343.296,6.91,1790959452295.766,Normal,0.8312
rasp1,48487,20261002-161933_clu_rasp14_pi4gb_r2,957,perf_20261002-161933_clu_rasp14_pi4gb_r2,0,258,1790957978409,0,1790959452296.333,296.745,7.739,1790959452601.271,Normal,0.9526
rasp1,48487,20261002-161933_clu_rasp14_pi4gb_r2,962,perf_20261002-161933_clu_rasp14_pi4gb_r2,0,259,1790957978410,0,1790959452602.229,291.913,7.861,1790959452902.479,Normal,0.9475
rasp1,48487,20261002-161933_clu_rasp14_pi4gb_r2,968,perf_20261002-161933_clu_rasp14_pi4gb_r2,0,260,1790957978410,0,1790959452903.5,655.423,8.37,1790959453567.804,Normal,0.9252
rasp1,48487,20261002-161933_clu_rasp14_pi4gb_r2,974,perf_20261002-161933_clu_rasp14_pi4gb_r2,0,261,1790957978411,0,1790959453568.855,742.288,8.663,1790959454320.312,Normal,0.9451
rasp1,48487,20261002-161933_clu_rasp14_pi4gb_r2,975,perf_20261002-161933_clu_rasp14_pi4gb_r2,0,262,1790957978411,0,1790959454321.302,349.988,7.838,1790959454679.662,Normal,0.959
rasp1,48487,20261002-161933_clu_rasp14_pi4gb_r2,990,perf_20261002-161933_clu_rasp14_pi4gb_r2,0,263,1790957978412,0,1790959454680.632,662.47,8.618,1790959455352.214,Normal,0.4942
rasp1,48487,20261002-161933_clu_rasp14_pi4gb_r2,992,perf_20261002-161933_clu_rasp14_pi4gb_r2,0,264,1790957978412,0,1790959455353.28,330.813,6.084,1790959455690.499,Normal,0.9375
rasp1,48487,20261002-161933_clu_rasp14_pi4gb_r2,993,perf_20261002-161933_clu_rasp14_pi4gb_r2,0,265,1790957978412,0,1790959455691.101,628.4,6.083,1790959456326.025,Normal,0.7998
rasp1,48487,20261002-161933_clu_rasp14_pi4gb_r2,996,perf_20261002-161933_clu_rasp14_pi4gb_r2,0,266,1790957978412,0,1790959456326.578,542.014,6.704,1790959456875.638,Normal,0.9779
rasp1,48487,20261002-161933_clu_rasp14_pi4gb_r2,1001,perf_20261002-161933_clu_rasp14_pi4gb_r2,0,267,1790957978413,0,1790959456876.218,319.661,6.342,1790959457202.532,HATE,0.4494
rasp1,48487,20261002-161933_clu_rasp14_pi4gb_r2,1004,perf_20261002-161933_clu_rasp14_pi4gb_r2,0,268,1790957978413,0,1790959457203.162,269.219,6.783,1790959457479.521,Normal,0.9589
rasp1,48487,20261002-161933_clu_rasp14_pi4gb_r2,1005,perf_20261002-161933_clu_rasp14_pi4gb_r2,0,269,1790957978413,0,1790959457480.483,214.466,6.505,1790959457701.771,Normal,0.9375
rasp1,48487,20261002-161933_clu_rasp14_pi4gb_r2,1009,perf_20261002-161933_clu_rasp14_pi4gb_r2,0,270,1790957978414,0,1790959457702.814,2686.759,7.336,1790959460397.336,Normal,0.8075
rasp1,48487,20261002-161933_clu_rasp14_pi4gb_r2,1015,perf_20261002-161933_clu_rasp14_pi4gb_r2,0,271,1790957978414,0,1790959460397.941,265.274,6.406,1790959460669.929,Normal,0.9494
rasp1,48487,20261002-161933_clu_rasp14_pi4gb_r2,1016,perf_20261002-161933_clu_rasp14_pi4gb_r2,0,272,1790957978415,0,1790959460670.491,423.04,7.583,1790959461101.641,Normal,0.9551
rasp1,48487,20261002-161933_clu_rasp14_pi4gb_r2,1021,perf_20261002-161933_clu_rasp14_pi4gb_r2,0,273,1790957978415,0,1790959461102.599,345.793,7.231,1790959461456.02,Normal,0.9812
rasp1,48487,20261002-161933_clu_rasp14_pi4gb_r2,1023,perf_20261002-161933_clu_rasp14_pi4gb_r2,0,274,1790957978415,0,1790959461456.99,666.68,7.876,1790959462132.091,Normal,0.9778
rasp1,48487,20261002-161933_clu_rasp14_pi4gb_r2,1026,perf_20261002-161933_clu_rasp14_pi4gb_r2,0,275,1790957978415,0,1790959462132.654,599.688,7.774,1790959462740.644,Normal,0.973
rasp1,48487,20261002-161933_clu_rasp14_pi4gb_r2,1031,perf_20261002-161933_clu_rasp14_pi4gb_r2,0,276,1790957978416,0,1790959462741.601,430.288,7.778,1790959463180.162,Normal,0.7532
rasp1,48487,20261002-161933_clu_rasp14_pi4gb_r2,1036,perf_20261002-161933_clu_rasp14_pi4gb_r2,0,277,1790957978416,0,1790959463181.153,338.591,7.212,1790959463527.443,Normal,0.9475
rasp1,48487,20261002-161933_clu_rasp14_pi4gb_r2,1038,perf_20261002-161933_clu_rasp14_pi4gb_r2,0,278,1790957978416,0,1790959463528.387,316.207,7.968,1790959463853.101,Normal,0.56
rasp1,48487,20261002-161933_clu_rasp14_pi4gb_r2,1044,perf_20261002-161933_clu_rasp14_pi4gb_r2,0,279,1790957978417,0,1790959463854.236,404.005,7.855,1790959464266.628,Normal,0.9524
rasp1,48487,20261002-161933_clu_rasp14_pi4gb_r2,1045,perf_20261002-161933_clu_rasp14_pi4gb_r2,0,280,1790957978417,0,1790959464267.647,1401.525,8.668,1790959465678.417,Normal,0.9742
rasp1,48487,20261002-161933_clu_rasp14_pi4gb_r2,1046,perf_20261002-161933_clu_rasp14_pi4gb_r2,0,281,1790957978417,0,1790959465679.425,485.021,7.596,1790959466172.582,Normal,0.4838
rasp1,48487,20261002-161933_clu_rasp14_pi4gb_r2,1047,perf_20261002-161933_clu_rasp14_pi4gb_r2,0,282,1790957978417,0,1790959466173.547,1058.244,7.912,1790959467240.219,Normal,0.9595
rasp1,48487,20261002-161933_clu_rasp14_pi4gb_r2,1050,perf_20261002-161933_clu_rasp14_pi4gb_r2,0,283,1790957978417,0,1790959467241.186,703.322,6.64,1790959467951.519,Normal,0.9462
rasp1,48487,20261002-161933_clu_rasp14_pi4gb_r2,1054,perf_20261002-161933_clu_rasp14_pi4gb_r2,0,284,1790957978418,0,1790959467952.108,333.492,6.216,1790959468292.179,Normal,0.9375
rasp1,48487,20261002-161933_clu_rasp14_pi4gb_r2,1055,perf_20261002-161933_clu_rasp14_pi4gb_r2,0,285,1790957978418,0,1790959468292.804,623.453,7.638,1790959468924.436,Normal,0.9676
rasp1,48487,20261002-161933_clu_rasp14_pi4gb_r2,1056,perf_20261002-161933_clu_rasp14_pi4gb_r2,0,286,1790957978418,0,1790959468925.39,1681.916,7.669,1790959470615.322,Normal,0.9478
rasp1,48487,20261002-161933_clu_rasp14_pi4gb_r2,1062,perf_20261002-161933_clu_rasp14_pi4gb_r2,0,287,1790957978418,0,1790959470616.275,1486.619,8.855,1790959472112.259,Normal,0.9595
rasp1,48487,20261002-161933_clu_rasp14_pi4gb_r2,1063,perf_20261002-161933_clu_rasp14_pi4gb_r2,0,288,1790957978418,0,1790959472113.226,387.947,7.506,1790959472509.413,Normal,0.9541
rasp1,48487,20261002-161933_clu_rasp14_pi4gb_r2,1064,perf_20261002-161933_clu_rasp14_pi4gb_r2,0,289,1790957978418,0,1790959472510.115,342.686,5.981,1790959472859.09,Normal,0.9151
rasp1,48487,20261002-161933_clu_rasp14_pi4gb_r2,1069,perf_20261002-161933_clu_rasp14_pi4gb_r2,0,290,1790957978419,0,1790959472859.659,286.241,7.888,1790959473154.258,Normal,0.9401
rasp1,48487,20261002-161933_clu_rasp14_pi4gb_r2,1075,perf_20261002-161933_clu_rasp14_pi4gb_r2,0,291,1790957978420,0,1790959473155.222,439.776,7.017,1790959473602.34,Normal,0.9061
rasp1,48487,20261002-161933_clu_rasp14_pi4gb_r2,1076,perf_20261002-161933_clu_rasp14_pi4gb_r2,0,292,1790957978420,0,1790959473603.293,272.712,8.001,1790959473884.49,Normal,0.96
rasp1,48487,20261002-161933_clu_rasp14_pi4gb_r2,1078,perf_20261002-161933_clu_rasp14_pi4gb_r2,0,293,1790957978420,0,1790959473885.26,401.498,7.284,1790959474294.358,Normal,0.9425
rasp1,48487,20261002-161933_clu_rasp14_pi4gb_r2,1080,perf_20261002-161933_clu_rasp14_pi4gb_r2,0,294,1790957978420,0,1790959474294.989,314.782,8.142,1790959474618.56,Normal,0.8295
rasp1,48487,20261002-161933_clu_rasp14_pi4gb_r2,1089,perf_20261002-161933_clu_rasp14_pi4gb_r2,0,295,1790957978421,0,1790959474619.514,717.596,8.385,1790959475345.994,Normal,0.976
rasp1,48487,20261002-161933_clu_rasp14_pi4gb_r2,1091,perf_20261002-161933_clu_rasp14_pi4gb_r2,0,296,1790957978421,0,1790959475347.14,398.978,8.878,1790959475755.559,Normal,0.9569
rasp1,48487,20261002-161933_clu_rasp14_pi4gb_r2,1092,perf_20261002-161933_clu_rasp14_pi4gb_r2,0,297,1790957978421,0,1790959475756.503,664.577,7.398,1790959476428.825,Normal,0.9417
rasp1,48487,20261002-161933_clu_rasp14_pi4gb_r2,1095,perf_20261002-161933_clu_rasp14_pi4gb_r2,0,298,1790957978421,0,1790959476429.449,308.591,6.521,1790959476744.856,Normal,0.917
rasp1,48487,20261002-161933_clu_rasp14_pi4gb_r2,1096,perf_20261002-161933_clu_rasp14_pi4gb_r2,0,299,1790957978422,0,1790959476745.488,293.841,5.918,1790959477045.554,Normal,0.9475
rasp1,48487,20261002-161933_clu_rasp14_pi4gb_r2,1108,perf_20261002-161933_clu_rasp14_pi4gb_r2,0,300,1790957978422,0,1790959477046.153,353.323,8.018,1790959477407.996,Normal,0.8943
rasp1,48487,20261002-161933_clu_rasp14_pi4gb_r2,1111,perf_20261002-161933_clu_rasp14_pi4gb_r2,0,301,1790957978423,0,1790959477409.064,385.722,6.518,1790959477801.624,Normal,0.9416
rasp1,48487,20261002-161933_clu_rasp14_pi4gb_r2,1112,perf_20261002-161933_clu_rasp14_pi4gb_r2,0,302,1790957978423,0,1790959477802.319,319.408,5.849,1790959478127.889,Normal,0.9089
rasp1,48487,20261002-161933_clu_rasp14_pi4gb_r2,1118,perf_20261002-161933_clu_rasp14_pi4gb_r2,0,303,1790957978423,0,1790959478128.459,423.573,8.164,1790959478560.653,Normal,0.9728
rasp1,48487,20261002-161933_clu_rasp14_pi4gb_r2,1124,perf_20261002-161933_clu_rasp14_pi4gb_r2,0,304,1790957978424,0,1790959478561.339,227.443,7.179,1790959478796.41,Normal,0.9459
rasp1,48487,20261002-161933_clu_rasp14_pi4gb_r2,1126,perf_20261002-161933_clu_rasp14_pi4gb_r2,0,305,1790957978424,0,1790959478797.093,248.414,6.297,1790959479052.164,Normal,0.8636
rasp1,48487,20261002-161933_clu_rasp14_pi4gb_r2,1127,perf_20261002-161933_clu_rasp14_pi4gb_r2,0,306,1790957978424,0,1790959479052.746,265.12,6.107,1790959479324.279,Normal,0.9704
rasp1,48487,20261002-161933_clu_rasp14_pi4gb_r2,1130,perf_20261002-161933_clu_rasp14_pi4gb_r2,0,307,1790957978424,0,1790959479324.878,352.262,6.224,1790959479683.664,Normal,0.9108
rasp1,48487,20261002-161933_clu_rasp14_pi4gb_r2,1133,perf_20261002-161933_clu_rasp14_pi4gb_r2,0,308,1790957978424,0,1790959479684.27,339.51,5.493,1790959480029.667,Normal,0.9385
rasp1,48487,20261002-161933_clu_rasp14_pi4gb_r2,1140,perf_20261002-161933_clu_rasp14_pi4gb_r2,0,309,1790957978427,0,1790959480030.249,342.069,6.969,1790959480379.588,Normal,0.9784
rasp1,48487,20261002-161933_clu_rasp14_pi4gb_r2,1142,perf_20261002-161933_clu_rasp14_pi4gb_r2,0,310,1790957978428,0,1790959480380.185,399.839,8.518,1790959480788.997,Normal,0.9014
rasp1,48487,20261002-161933_clu_rasp14_pi4gb_r2,1149,perf_20261002-161933_clu_rasp14_pi4gb_r2,0,311,1790957978428,0,1790959480789.961,400.12,5.653,1790959481196.043,Normal,0.9445
rasp1,48487,20261002-161933_clu_rasp14_pi4gb_r2,1151,perf_20261002-161933_clu_rasp14_pi4gb_r2,0,312,1790957978428,0,1790959481196.601,261.003,5.292,1790959481463.238,Normal,0.9608
rasp1,48487,20261002-161933_clu_rasp14_pi4gb_r2,1153,perf_20261002-161933_clu_rasp14_pi4gb_r2,0,313,1790957978429,0,1790959481463.961,263.577,6.123,1790959481734.085,Normal,0.9249
rasp1,48487,20261002-161933_clu_rasp14_pi4gb_r2,1155,perf_20261002-161933_clu_rasp14_pi4gb_r2,0,314,1790957978429,0,1790959481734.636,263.978,6.237,1790959482005.193,Normal,0.9375
rasp1,48487,20261002-161933_clu_rasp14_pi4gb_r2,1171,perf_20261002-161933_clu_rasp14_pi4gb_r2,0,315,1790957978430,0,1790959482005.999,669.143,6.006,1790959482681.456,Normal,0.9086
rasp1,48487,20261002-161933_clu_rasp14_pi4gb_r2,1173,perf_20261002-161933_clu_rasp14_pi4gb_r2,0,316,1790957978430,0,1790959482682.113,332.795,7.192,1790959483022.427,Normal,0.9606
rasp1,48487,20261002-161933_clu_rasp14_pi4gb_r2,1178,perf_20261002-161933_clu_rasp14_pi4gb_r2,0,317,1790957978431,0,1790959483023.14,271.738,6.841,1790959483302.031,Normal,0.8998
rasp1,48487,20261002-161933_clu_rasp14_pi4gb_r2,1181,perf_20261002-161933_clu_rasp14_pi4gb_r2,0,318,1790957978431,0,1790959483302.596,668.444,8.343,1790959483979.871,Normal,0.922
rasp1,48487,20261002-161933_clu_rasp14_pi4gb_r2,1188,perf_20261002-161933_clu_rasp14_pi4gb_r2,0,319,1790957978431,0,1790959483980.847,1131.293,7.761,1790959485120.406,Normal,0.9758
rasp1,48487,20261002-161933_clu_rasp14_pi4gb_r2,1190,perf_20261002-161933_clu_rasp14_pi4gb_r2,0,320,1790957978432,0,1790959485121.558,975.813,8.178,1790959486106.111,Normal,0.9706
rasp1,48487,20261002-161933_clu_rasp14_pi4gb_r2,1195,perf_20261002-161933_clu_rasp14_pi4gb_r2,0,321,1790957978432,0,1790959486107.08,302.5,7.159,1790959486417.096,Normal,0.9427
rasp1,48487,20261002-161933_clu_rasp14_pi4gb_r2,1196,perf_20261002-161933_clu_rasp14_pi4gb_r2,0,322,1790957978432,0,1790959486417.667,400.208,7.833,1790959486826.178,Normal,0.8421
rasp1,48487,20261002-161933_clu_rasp14_pi4gb_r2,1200,perf_20261002-161933_clu_rasp14_pi4gb_r2,0,323,1790957978434,0,1790959486826.867,431.648,6.787,1790959487265.663,Normal,0.9424
rasp1,48487,20261002-161933_clu_rasp14_pi4gb_r2,1201,perf_20261002-161933_clu_rasp14_pi4gb_r2,0,324,1790957978434,0,1790959487266.294,302.811,6.169,1790959487575.755,Normal,0.9526
rasp1,48487,20261002-161933_clu_rasp14_pi4gb_r2,1206,perf_20261002-161933_clu_rasp14_pi4gb_r2,0,325,1790957978434,0,1790959487576.325,547.582,8.138,1790959488132.54,Normal,0.6751
rasp1,48487,20261002-161933_clu_rasp14_pi4gb_r2,1207,perf_20261002-161933_clu_rasp14_pi4gb_r2,0,326,1790957978434,0,1790959488133.538,1498.375,7.259,1790959489639.51,Normal,0.9709
rasp1,48487,20261002-161933_clu_rasp14_pi4gb_r2,1208,perf_20261002-161933_clu_rasp14_pi4gb_r2,0,327,1790957978434,0,1790959489640.236,432.271,7.415,1790959490080.467,Normal,0.9392
rasp1,48487,20261002-161933_clu_rasp14_pi4gb_r2,1209,perf_20261002-161933_clu_rasp14_pi4gb_r2,0,328,1790957978434,0,1790959490081.488,827.8,9.188,1790959490919.177,Normal,0.9593
rasp1,48487,20261002-161933_clu_rasp14_pi4gb_r2,1210,perf_20261002-161933_clu_rasp14_pi4gb_r2,0,329,1790957978435,0,1790959490920.564,352.718,7.545,1790959491281.373,Normal,0.9538
rasp1,48487,20261002-161933_clu_rasp14_pi4gb_r2,1212,perf_20261002-161933_clu_rasp14_pi4gb_r2,0,330,1790957978435,0,1790959491282.445,903.026,7.867,1790959492193.901,Normal,0.9687
rasp1,48487,20261002-161933_clu_rasp14_pi4gb_r2,1217,perf_20261002-161933_clu_rasp14_pi4gb_r2,0,331,1790957978435,0,1790959492194.908,462.128,7.43,1790959492664.954,Normal,0.9531
rasp1,48487,20261002-161933_clu_rasp14_pi4gb_r2,1221,perf_20261002-161933_clu_rasp14_pi4gb_r2,0,332,1790957978435,0,1790959492665.919,403.087,7.205,1790959493076.759,Normal,0.9441
rasp1,48487,20261002-161933_clu_rasp14_pi4gb_r2,1231,perf_20261002-161933_clu_rasp14_pi4gb_r2,0,333,1790957978436,0,1790959493077.697,558.311,7.445,1790959493643.972,Normal,0.8017
rasp1,48487,20261002-161933_clu_rasp14_pi4gb_r2,1232,perf_20261002-161933_clu_rasp14_pi4gb_r2,0,334,1790957978436,0,1790959493644.522,354.603,5.97,1790959494005.409,Normal,0.9473
rasp1,48487,20261002-161933_clu_rasp14_pi4gb_r2,1234,perf_20261002-161933_clu_rasp14_pi4gb_r2,0,335,1790957978436,0,1790959494006.041,485.128,7.558,1790959494499.204,Normal,0.9755
rasp1,48487,20261002-161933_clu_rasp14_pi4gb_r2,1236,perf_20261002-161933_clu_rasp14_pi4gb_r2,0,336,1790957978437,0,1790959494500.171,345.034,7.978,1790959494853.674,Normal,0.8886
rasp1,48487,20261002-161933_clu_rasp14_pi4gb_r2,1238,perf_20261002-161933_clu_rasp14_pi4gb_r2,0,337,1790957978437,0,1790959494854.637,408.159,6.958,1790959495270.245,Normal,0.9062
rasp1,48487,20261002-161933_clu_rasp14_pi4gb_r2,1243,perf_20261002-161933_clu_rasp14_pi4gb_r2,0,338,1790957978437,0,1790959495271.3,487.639,8.875,1790959495768.299,Normal,0.9609
rasp1,48487,20261002-161933_clu_rasp14_pi4gb_r2,1247,perf_20261002-161933_clu_rasp14_pi4gb_r2,0,339,1790957978438,0,1790959495769.269,293.451,6.424,1790959496069.469,Normal,0.7392
rasp1,48487,20261002-161933_clu_rasp14_pi4gb_r2,1250,perf_20261002-161933_clu_rasp14_pi4gb_r2,0,340,1790957978438,0,1790959496070.063,295.953,7.366,1790959496373.858,Normal,0.61
rasp1,48487,20261002-161933_clu_rasp14_pi4gb_r2,1251,perf_20261002-161933_clu_rasp14_pi4gb_r2,0,341,1790957978438,0,1790959496374.802,275.351,7.56,1790959496658.197,Normal,0.9512
rasp1,48487,20261002-161933_clu_rasp14_pi4gb_r2,1256,perf_20261002-161933_clu_rasp14_pi4gb_r2,0,342,1790957978438,0,1790959496659.144,243.416,7.294,1790959496910.39,Normal,0.9401
rasp1,48487,20261002-161933_clu_rasp14_pi4gb_r2,1257,perf_20261002-161933_clu_rasp14_pi4gb_r2,0,343,1790957978438,0,1790959496911.336,224.778,5.592,1790959497142.072,Normal,0.912
rasp1,48487,20261002-161933_clu_rasp14_pi4gb_r2,1263,perf_20261002-161933_clu_rasp14_pi4gb_r2,0,344,1790957978439,0,1790959497142.62,333.454,5.542,1790959497481.919,Normal,0.9622
rasp1,48487,20261002-161933_clu_rasp14_pi4gb_r2,1264,perf_20261002-161933_clu_rasp14_pi4gb_r2,0,345,1790957978439,0,1790959497482.479,345.43,5.908,1790959497834.118,Normal,0.9542
rasp1,48487,20261002-161933_clu_rasp14_pi4gb_r2,1267,perf_20261002-161933_clu_rasp14_pi4gb_r2,0,346,1790957978440,0,1790959497834.683,278.811,7.571,1790959498121.591,Normal,0.9423
rasp1,48487,20261002-161933_clu_rasp14_pi4gb_r2,1274,perf_20261002-161933_clu_rasp14_pi4gb_r2,0,347,1790957978440,0,1790959498122.585,356.449,7.107,1790959498486.451,Normal,0.9527
rasp1,48487,20261002-161933_clu_rasp14_pi4gb_r2,1279,perf_20261002-161933_clu_rasp14_pi4gb_r2,0,348,1790957978441,0,1790959498487.036,283.123,7.399,1790959498778.011,Normal,0.962
rasp1,48487,20261002-161933_clu_rasp14_pi4gb_r2,1281,perf_20261002-161933_clu_rasp14_pi4gb_r2,0,349,1790957978441,0,1790959498778.953,605.323,7.013,1790959499391.606,Normal,0.9691
rasp1,48487,20261002-161933_clu_rasp14_pi4gb_r2,1283,perf_20261002-161933_clu_rasp14_pi4gb_r2,0,350,1790957978441,0,1790959499392.213,539.213,7.864,1790959499939.941,Normal,0.9765
rasp1,48487,20261002-161933_clu_rasp14_pi4gb_r2,1287,perf_20261002-161933_clu_rasp14_pi4gb_r2,0,351,1790957978441,0,1790959499940.892,370.566,6.69,1790959500318.502,Normal,0.9319
rasp1,48487,20261002-161933_clu_rasp14_pi4gb_r2,1293,perf_20261002-161933_clu_rasp14_pi4gb_r2,0,352,1790957978442,0,1790959500319.089,361.732,8.067,1790959500689.34,Normal,0.9473
rasp1,48487,20261002-161933_clu_rasp14_pi4gb_r2,1295,perf_20261002-161933_clu_rasp14_pi4gb_r2,0,353,1790957978442,0,1790959500690.479,299.886,8.389,1790959500999.262,Normal,0.9515
rasp1,48487,20261002-161933_clu_rasp14_pi4gb_r2,1300,perf_20261002-161933_clu_rasp14_pi4gb_r2,0,354,1790957978442,0,1790959501000.219,524.4,7.46,1790959501532.734,Normal,0.9589
rasp1,48487,20261002-161933_clu_rasp14_pi4gb_r2,1303,perf_20261002-161933_clu_rasp14_pi4gb_r2,0,355,1790957978443,0,1790959501533.654,376.197,8.742,1790959501919.062,Normal,0.9177
rasp1,48487,20261002-161933_clu_rasp14_pi4gb_r2,1304,perf_20261002-161933_clu_rasp14_pi4gb_r2,0,356,1790957978443,0,1790959501920.023,518.945,8.139,1790959502447.577,Normal,0.9663
rasp1,48487,20261002-161933_clu_rasp14_pi4gb_r2,1310,perf_20261002-161933_clu_rasp14_pi4gb_r2,0,357,1790957978443,0,1790959502448.531,325.251,8.373,1790959502782.616,Normal,0.9073
rasp1,48487,20261002-161933_clu_rasp14_pi4gb_r2,1311,perf_20261002-161933_clu_rasp14_pi4gb_r2,0,358,1790957978443,0,1790959502783.585,405.818,6.301,1790959503196.067,Normal,0.9662
rasp1,48487,20261002-161933_clu_rasp14_pi4gb_r2,1312,perf_20261002-161933_clu_rasp14_pi4gb_r2,0,359,1790957978443,0,1790959503196.649,625.103,6.762,1790959503828.849,Normal,0.9676
rasp1,48487,20261002-161933_clu_rasp14_pi4gb_r2,1316,perf_20261002-161933_clu_rasp14_pi4gb_r2,0,360,1790957978444,0,1790959503829.447,481.61,7.421,1790959504318.939,Normal,0.9751
rasp1,48487,20261002-161933_clu_rasp14_pi4gb_r2,1317,perf_20261002-161933_clu_rasp14_pi4gb_r2,0,361,1790957978444,0,1790959504319.576,571.099,6.482,1790959504897.508,Normal,0.9099
rasp1,48487,20261002-161933_clu_rasp14_pi4gb_r2,1319,perf_20261002-161933_clu_rasp14_pi4gb_r2,0,362,1790957978448,0,1790959504898.503,323.616,8.196,1790959505230.774,Normal,0.9273
rasp1,48487,20261002-161933_clu_rasp14_pi4gb_r2,1324,perf_20261002-161933_clu_rasp14_pi4gb_r2,0,363,1790957978448,0,1790959505231.819,291.668,7.646,1790959505531.637,Normal,0.9679
rasp1,48487,20261002-161933_clu_rasp14_pi4gb_r2,1334,perf_20261002-161933_clu_rasp14_pi4gb_r2,0,364,1790957978449,0,1790959505532.32,439.662,8.941,1790959505981.379,Normal,0.851
rasp1,48487,20261002-161933_clu_rasp14_pi4gb_r2,1346,perf_20261002-161933_clu_rasp14_pi4gb_r2,0,365,1790957978450,0,1790959505982.326,249.075,6.255,1790959506238.004,Normal,0.9608
rasp1,48487,20261002-161933_clu_rasp14_pi4gb_r2,1347,perf_20261002-161933_clu_rasp14_pi4gb_r2,0,366,1790957978450,0,1790959506238.595,1086.336,5.843,1790959507331.094,Normal,0.9779
rasp1,48487,20261002-161933_clu_rasp14_pi4gb_r2,1351,perf_20261002-161933_clu_rasp14_pi4gb_r2,0,367,1790957978451,0,1790959507331.654,453.898,8.441,1790959507794.501,Normal,0.9763
rasp1,48487,20261002-161933_clu_rasp14_pi4gb_r2,1357,perf_20261002-161933_clu_rasp14_pi4gb_r2,0,368,1790957978451,0,1790959507795.459,668.505,7.913,1790959508472.376,Normal,0.6517
rasp1,48487,20261002-161933_clu_rasp14_pi4gb_r2,1358,perf_20261002-161933_clu_rasp14_pi4gb_r2,0,369,1790957978451,0,1790959508473.362,286.794,6.009,1790959508766.481,Normal,0.9401
rasp1,48487,20261002-161933_clu_rasp14_pi4gb_r2,1359,perf_20261002-161933_clu_rasp14_pi4gb_r2,0,370,1790957978451,0,1790959508767.081,313.699,6.074,1790959509087.153,Normal,0.9608
rasp1,48487,20261002-161933_clu_rasp14_pi4gb_r2,1367,perf_20261002-161933_clu_rasp14_pi4gb_r2,0,371,1790957978452,0,1790959509087.958,468.656,7.326,1790959509564.461,Normal,0.9676
rasp1,48487,20261002-161933_clu_rasp14_pi4gb_r2,1369,perf_20261002-161933_clu_rasp14_pi4gb_r2,0,372,1790957978452,0,1790959509565.414,612.188,8.245,1790959510186.38,Normal,0.7311
rasp1,48487,20261002-161933_clu_rasp14_pi4gb_r2,1377,perf_20261002-161933_clu_rasp14_pi4gb_r2,0,373,1790957978453,0,1790959510187.009,243.933,8.21,1790959510439.599,Normal,0.9545
rasp1,48487,20261002-161933_clu_rasp14_pi4gb_r2,1381,perf_20261002-161933_clu_rasp14_pi4gb_r2,0,374,1790957978454,0,1790959510440.264,273.377,7.323,1790959510721.305,Normal,0.9173
rasp1,48487,20261002-161933_clu_rasp14_pi4gb_r2,1382,perf_20261002-161933_clu_rasp14_pi4gb_r2,0,375,1790957978454,0,1790959510722.029,384.956,7.585,1790959511115.026,Normal,0.9234
rasp1,48487,20261002-161933_clu_rasp14_pi4gb_r2,1383,perf_20261002-161933_clu_rasp14_pi4gb_r2,0,376,1790957978454,0,1790959511115.99,555.411,5.451,1790959511677.204,Normal,0.9501
rasp1,48487,20261002-161933_clu_rasp14_pi4gb_r2,1389,perf_20261002-161933_clu_rasp14_pi4gb_r2,0,377,1790957978454,0,1790959511677.923,270.553,6.247,1790959511955.14,Normal,0.9373
rasp1,48487,20261002-161933_clu_rasp14_pi4gb_r2,1394,perf_20261002-161933_clu_rasp14_pi4gb_r2,0,378,1790957978455,0,1790959511955.731,317.325,7.137,1790959512280.493,Normal,0.9657
rasp1,48487,20261002-161933_clu_rasp14_pi4gb_r2,1400,perf_20261002-161933_clu_rasp14_pi4gb_r2,0,379,1790957978455,0,1790959512281.091,234.765,6.869,1790959512523.028,Normal,0.8294
rasp1,48487,20261002-161933_clu_rasp14_pi4gb_r2,1403,perf_20261002-161933_clu_rasp14_pi4gb_r2,0,380,1790957978455,0,1790959512523.588,371.538,6.02,1790959512901.439,Normal,0.9427
rasp1,48487,20261002-161933_clu_rasp14_pi4gb_r2,1405,perf_20261002-161933_clu_rasp14_pi4gb_r2,0,381,1790957978456,0,1790959512902.029,326.311,5.516,1790959513234.16,Normal,0.959
rasp1,48487,20261002-161933_clu_rasp14_pi4gb_r2,1407,perf_20261002-161933_clu_rasp14_pi4gb_r2,0,382,1790957978456,0,1790959513234.755,299.166,7.363,1790959513541.76,Normal,0.9728
rasp1,48487,20261002-161933_clu_rasp14_pi4gb_r2,1408,perf_20261002-161933_clu_rasp14_pi4gb_r2,0,383,1790957978456,0,1790959513542.742,661.418,7.998,1790959514212.639,Normal,0.9603
rasp1,48487,20261002-161933_clu_rasp14_pi4gb_r2,1409,perf_20261002-161933_clu_rasp14_pi4gb_r2,0,384,1790957978456,0,1790959514213.677,505.102,8.723,1790959514728.246,Normal,0.9745
rasp1,48487,20261002-161933_clu_rasp14_pi4gb_r2,1424,perf_20261002-161933_clu_rasp14_pi4gb_r2,0,385,1790957978457,0,1790959514729.352,433.539,7.266,1790959515170.509,Normal,0.91
rasp1,48487,20261002-161933_clu_rasp14_pi4gb_r2,1431,perf_20261002-161933_clu_rasp14_pi4gb_r2,0,386,1790957978458,0,1790959515171.502,456.144,6.837,1790959515634.969,Normal,0.8495
rasp1,48487,20261002-161933_clu_rasp14_pi4gb_r2,1436,perf_20261002-161933_clu_rasp14_pi4gb_r2,0,387,1790957978458,0,1790959515635.934,360.064,6.909,1790959516003.226,Normal,0.8609
rasp1,48487,20261002-161933_clu_rasp14_pi4gb_r2,1445,perf_20261002-161933_clu_rasp14_pi4gb_r2,0,388,1790957978477,0,1790959516003.837,403.783,7.821,1790959516415.97,Normal,0.9648
rasp1,48487,20261002-161933_clu_rasp14_pi4gb_r2,1449,perf_20261002-161933_clu_rasp14_pi4gb_r2,0,389,1790957978477,0,1790959516416.935,326.672,7.677,1790959516751.822,Normal,0.9232
rasp1,48487,20261002-161933_clu_rasp14_pi4gb_r2,1450,perf_20261002-161933_clu_rasp14_pi4gb_r2,0,390,1790957978477,0,1790959516752.973,284.211,5.594,1790959517043.151,Normal,0.9642
rasp1,48487,20261002-161933_clu_rasp14_pi4gb_r2,1451,perf_20261002-161933_clu_rasp14_pi4gb_r2,0,391,1790957978477,0,1790959517043.792,434.649,5.629,1790959517484.413,Normal,0.6042
rasp1,48487,20261002-161933_clu_rasp14_pi4gb_r2,1458,perf_20261002-161933_clu_rasp14_pi4gb_r2,0,392,1790957978496,0,1790959517485.02,315.073,7.107,1790959517807.655,Normal,0.9576
rasp1,48487,20261002-161933_clu_rasp14_pi4gb_r2,1459,perf_20261002-161933_clu_rasp14_pi4gb_r2,0,393,1790957978496,0,1790959517808.796,303.575,5.738,1790959518118.474,Normal,0.9457
rasp1,48487,20261002-161933_clu_rasp14_pi4gb_r2,1463,perf_20261002-161933_clu_rasp14_pi4gb_r2,0,394,1790957978497,0,1790959518119.21,550.864,8.06,1790959518678.625,Normal,0.5605
rasp1,48487,20261002-161933_clu_rasp14_pi4gb_r2,1469,perf_20261002-161933_clu_rasp14_pi4gb_r2,0,395,1790957978498,0,1790959518679.644,303.319,6.16,1790959518989.438,Normal,0.9521
rasp1,48487,20261002-161933_clu_rasp14_pi4gb_r2,1479,perf_20261002-161933_clu_rasp14_pi4gb_r2,0,396,1790957978500,0,1790959518990.039,539.542,6.683,1790959519536.611,OFFENSIVE,0.3967
rasp1,48487,20261002-161933_clu_rasp14_pi4gb_r2,1480,perf_20261002-161933_clu_rasp14_pi4gb_r2,0,397,1790957978500,0,1790959519537.2,361.655,7.102,1790959519906.25,Normal,0.9661
rasp1,48487,20261002-161933_clu_rasp14_pi4gb_r2,1493,perf_20261002-161933_clu_rasp14_pi4gb_r2,0,398,1790957978520,0,1790959519906.835,490.638,6.406,1790959520404.212,Normal,0.8774
rasp1,48487,20261002-161933_clu_rasp14_pi4gb_r2,1502,perf_20261002-161933_clu_rasp14_pi4gb_r2,0,399,1790957978522,0,1790959520404.869,356.97,8.959,1790959520771.247,Normal,0.9648
rasp1,48487,20261002-161933_clu_rasp14_pi4gb_r2,1507,perf_20261002-161933_clu_rasp14_pi4gb_r2,0,400,1790957978522,0,1790959520772.214,272.887,6.86,1790959521052.27,Normal,0.9577
rasp1,48487,20261002-161933_clu_rasp14_pi4gb_r2,1509,perf_20261002-161933_clu_rasp14_pi4gb_r2,0,401,1790957978523,0,1790959521052.872,474.073,7.813,1790959521535.217,Normal,0.9347
rasp1,48487,20261002-161933_clu_rasp14_pi4gb_r2,1511,perf_20261002-161933_clu_rasp14_pi4gb_r2,0,402,1790957978523,0,1790959521536.174,695.741,6.218,1790959522238.446,OFFENSIVE,0.5584
rasp1,48487,20261002-161933_clu_rasp14_pi4gb_r2,1514,perf_20261002-161933_clu_rasp14_pi4gb_r2,0,403,1790957978524,0,1790959522239.032,228.401,5.563,1790959522473.336,Normal,0.9004
rasp1,48487,20261002-161933_clu_rasp14_pi4gb_r2,1522,perf_20261002-161933_clu_rasp14_pi4gb_r2,0,404,1790957978524,0,1790959522473.946,352.831,7.599,1790959522834.68,Normal,0.9698
rasp1,48487,20261002-161933_clu_rasp14_pi4gb_r2,1524,perf_20261002-161933_clu_rasp14_pi4gb_r2,0,405,1790957978524,0,1790959522835.292,374.148,7.181,1790959523217.182,Normal,0.9489
rasp1,48487,20261002-161933_clu_rasp14_pi4gb_r2,1527,perf_20261002-161933_clu_rasp14_pi4gb_r2,0,406,1790957978525,0,1790959523217.973,223.827,6.475,1790959523448.566,Normal,0.9388
rasp1,48487,20261002-161933_clu_rasp14_pi4gb_r2,1531,perf_20261002-161933_clu_rasp14_pi4gb_r2,0,407,1790957978525,0,1790959523449.159,272.64,7.175,1790959523729.462,Normal,0.9549
rasp1,48487,20261002-161933_clu_rasp14_pi4gb_r2,1534,perf_20261002-161933_clu_rasp14_pi4gb_r2,0,408,1790957978525,0,1790959523764.993,223.815,6.569,1790959523995.684,Normal,0.968
rasp1,48487,20261002-161933_clu_rasp14_pi4gb_r2,1545,perf_20261002-161933_clu_rasp14_pi4gb_r2,0,409,1790957978526,0,1790959523996.307,314.633,7.018,1790959524318.27,Normal,0.937
rasp1,48487,20261002-161933_clu_rasp14_pi4gb_r2,1546,perf_20261002-161933_clu_rasp14_pi4gb_r2,0,410,1790957978526,0,1790959524318.873,445.684,6.93,1790959524771.832,Normal,0.9793
rasp1,48487,20261002-161933_clu_rasp14_pi4gb_r2,1551,perf_20261002-161933_clu_rasp14_pi4gb_r2,0,411,1790957978527,0,1790959524772.395,324.47,6.847,1790959525104.014,Normal,0.8785
rasp1,48487,20261002-161933_clu_rasp14_pi4gb_r2,1554,perf_20261002-161933_clu_rasp14_pi4gb_r2,0,412,1790957978527,0,1790959525104.577,246.45,6.773,1790959525358.251,Normal,0.9375
rasp1,48487,20261002-161933_clu_rasp14_pi4gb_r2,1558,perf_20261002-161933_clu_rasp14_pi4gb_r2,0,413,1790957978527,0,1790959525358.954,296.346,6.27,1790959525661.873,Normal,0.8827
rasp1,48487,20261002-161933_clu_rasp14_pi4gb_r2,1562,perf_20261002-161933_clu_rasp14_pi4gb_r2,0,414,1790957978528,0,1790959525662.439,243.188,8.681,1790959525914.811,Normal,0.9712
rasp1,48487,20261002-161933_clu_rasp14_pi4gb_r2,1566,perf_20261002-161933_clu_rasp14_pi4gb_r2,0,415,1790957978528,0,1790959525915.762,650.2,7.998,1790959526574.439,Normal,0.9662
rasp1,48487,20261002-161933_clu_rasp14_pi4gb_r2,1569,perf_20261002-161933_clu_rasp14_pi4gb_r2,0,416,1790957978528,0,1790959526575.101,318.507,6.642,1790959526900.594,Normal,0.9617
rasp1,48487,20261002-161933_clu_rasp14_pi4gb_r2,1570,perf_20261002-161933_clu_rasp14_pi4gb_r2,0,417,1790957978528,0,1790959526901.215,449.13,8.54,1790959527359.463,Normal,0.7964
rasp1,48487,20261002-161933_clu_rasp14_pi4gb_r2,1578,perf_20261002-161933_clu_rasp14_pi4gb_r2,0,418,1790957978529,0,1790959527360.863,405.459,7.21,1790959527774.081,Normal,0.9478
rasp1,48487,20261002-161933_clu_rasp14_pi4gb_r2,1579,perf_20261002-161933_clu_rasp14_pi4gb_r2,0,419,1790957978529,0,1790959527774.688,1361.454,6.646,1790959529143.146,Normal,0.9808
rasp1,48487,20261002-161933_clu_rasp14_pi4gb_r2,1581,perf_20261002-161933_clu_rasp14_pi4gb_r2,0,420,1790957978529,0,1790959529143.855,522.961,7.814,1790959529675.094,Normal,0.7478
rasp1,48487,20261002-161933_clu_rasp14_pi4gb_r2,1582,perf_20261002-161933_clu_rasp14_pi4gb_r2,0,421,1790957978529,0,1790959529676.06,375.541,6.345,1790959530058.302,Normal,0.942
rasp1,48487,20261002-161933_clu_rasp14_pi4gb_r2,1592,perf_20261002-161933_clu_rasp14_pi4gb_r2,0,422,1790957978530,0,1790959530059.121,249.887,5.434,1790959530314.753,Normal,0.9475
rasp1,48487,20261002-161933_clu_rasp14_pi4gb_r2,1598,perf_20261002-161933_clu_rasp14_pi4gb_r2,0,423,1790957978531,0,1790959530315.316,396.831,7.29,1790959530719.888,Normal,0.9531
rasp1,48487,20261002-161933_clu_rasp14_pi4gb_r2,1599,perf_20261002-161933_clu_rasp14_pi4gb_r2,0,424,1790957978531,0,1790959530720.838,352.129,6.482,1790959531079.763,Normal,0.9668
rasp1,48487,20261002-161933_clu_rasp14_pi4gb_r2,1603,perf_20261002-161933_clu_rasp14_pi4gb_r2,0,425,1790957978531,0,1790959531080.334,292.535,7.36,1790959531380.681,Normal,0.9492
rasp1,48487,20261002-161933_clu_rasp14_pi4gb_r2,1606,perf_20261002-161933_clu_rasp14_pi4gb_r2,0,426,1790957978531,0,1790959531381.636,209.244,7.091,1790959531598.28,Normal,0.9346
rasp1,48487,20261002-161933_clu_rasp14_pi4gb_r2,1608,perf_20261002-161933_clu_rasp14_pi4gb_r2,0,427,1790957978532,0,1790959531598.891,293.924,6.746,1790959531899.864,Normal,0.9553
rasp1,48487,20261002-161933_clu_rasp14_pi4gb_r2,1611,perf_20261002-161933_clu_rasp14_pi4gb_r2,0,428,1790957978533,0,1790959531900.43,252.567,5.778,1790959532159.075,Normal,0.965
rasp1,48487,20261002-161933_clu_rasp14_pi4gb_r2,1619,perf_20261002-161933_clu_rasp14_pi4gb_r2,0,429,1790957978534,0,1790959532159.694,261.328,5.733,1790959532427.094,Normal,0.9031
rasp1,48487,20261002-161933_clu_rasp14_pi4gb_r2,1621,perf_20261002-161933_clu_rasp14_pi4gb_r2,0,430,1790957978534,0,1790959532427.664,315.687,7.703,1790959532751.552,Normal,0.9423
rasp1,48487,20261002-161933_clu_rasp14_pi4gb_r2,1623,perf_20261002-161933_clu_rasp14_pi4gb_r2,0,431,1790957978535,0,1790959532752.51,245.051,5.671,1790959533003.569,Normal,0.9389
rasp1,48487,20261002-161933_clu_rasp14_pi4gb_r2,1627,perf_20261002-161933_clu_rasp14_pi4gb_r2,0,432,1790957978535,0,1790959533004.14,361.404,5.898,1790959533371.795,Normal,0.9257
rasp1,48487,20261002-161933_clu_rasp14_pi4gb_r2,1631,perf_20261002-161933_clu_rasp14_pi4gb_r2,0,433,1790957978535,0,1790959533372.384,249.843,5.894,1790959533628.432,Normal,0.9423
rasp1,48487,20261002-161933_clu_rasp14_pi4gb_r2,1632,perf_20261002-161933_clu_rasp14_pi4gb_r2,0,434,1790957978535,0,1790959533629.03,269.484,7.603,1790959533906.61,Normal,0.931
rasp1,48487,20261002-161933_clu_rasp14_pi4gb_r2,1637,perf_20261002-161933_clu_rasp14_pi4gb_r2,0,435,1790957978536,0,1790959533907.64,235.623,6.24,1790959534149.83,Normal,0.8661
rasp1,48487,20261002-161933_clu_rasp14_pi4gb_r2,1646,perf_20261002-161933_clu_rasp14_pi4gb_r2,0,436,1790957978536,0,1790959534150.402,488.087,7.214,1790959534646.072,Normal,0.9309
rasp1,48487,20261002-161933_clu_rasp14_pi4gb_r2,1650,perf_20261002-161933_clu_rasp14_pi4gb_r2,0,437,1790957978537,0,1790959534646.636,267.299,8.128,1790959534922.513,Normal,0.9186
rasp1,48487,20261002-161933_clu_rasp14_pi4gb_r2,1655,perf_20261002-161933_clu_rasp14_pi4gb_r2,0,438,1790957978537,0,1790959534923.483,209.73,5.491,1790959535139.062,Normal,0.8661
rasp1,48487,20261002-161933_clu_rasp14_pi4gb_r2,1657,perf_20261002-161933_clu_rasp14_pi4gb_r2,0,439,1790957978537,0,1790959535139.614,289.863,6.23,1790959535436.047,Normal,0.9287
rasp1,48487,20261002-161933_clu_rasp14_pi4gb_r2,1659,perf_20261002-161933_clu_rasp14_pi4gb_r2,0,440,1790957978537,0,1790959535436.63,250.422,7.01,1790959535694.363,Normal,0.7903
rasp1,48487,20261002-161933_clu_rasp14_pi4gb_r2,1664,perf_20261002-161933_clu_rasp14_pi4gb_r2,0,441,1790957978538,0,1790959535695.178,370.101,8.52,1790959536074.299,Normal,0.6574
rasp1,48487,20261002-161933_clu_rasp14_pi4gb_r2,1666,perf_20261002-161933_clu_rasp14_pi4gb_r2,0,442,1790957978538,0,1790959536074.908,299.191,6.448,1790959536380.854,Normal,0.9373
rasp1,48487,20261002-161933_clu_rasp14_pi4gb_r2,1667,perf_20261002-161933_clu_rasp14_pi4gb_r2,0,443,1790957978538,0,1790959536381.429,2983.71,8.464,1790959539374.154,Normal,0.5167
rasp1,48487,20261002-161933_clu_rasp14_pi4gb_r2,1668,perf_20261002-161933_clu_rasp14_pi4gb_r2,0,444,1790957978538,0,1790959539375.146,325.711,7.454,1790959539708.77,Normal,0.9553
rasp1,48487,20261002-161933_clu_rasp14_pi4gb_r2,1674,perf_20261002-161933_clu_rasp14_pi4gb_r2,0,445,1790957978539,0,1790959539709.735,300.61,7.959,1790959540018.806,Normal,0.8607
rasp1,48487,20261002-161933_clu_rasp14_pi4gb_r2,1683,perf_20261002-161933_clu_rasp14_pi4gb_r2,0,446,1790957978540,0,1790959540019.768,272.511,5.711,1790959540298.299,Normal,0.931
rasp1,48487,20261002-161933_clu_rasp14_pi4gb_r2,1686,perf_20261002-161933_clu_rasp14_pi4gb_r2,0,447,1790957978540,0,1790959540298.913,466.758,7.4,1790959540773.578,Normal,0.9683
rasp1,48487,20261002-161933_clu_rasp14_pi4gb_r2,1687,perf_20261002-161933_clu_rasp14_pi4gb_r2,0,448,1790957978540,0,1790959540774.578,351.207,6.703,1790959541132.797,Normal,0.9573
rasp1,48487,20261002-161933_clu_rasp14_pi4gb_r2,1691,perf_20261002-161933_clu_rasp14_pi4gb_r2,0,449,1790957978541,0,1790959541133.359,253.677,6.685,1790959541394.021,Normal,0.8363
rasp1,48487,20261002-161933_clu_rasp14_pi4gb_r2,1696,perf_20261002-161933_clu_rasp14_pi4gb_r2,0,450,1790957978541,0,1790959541394.59,286.847,6.268,1790959541688.036,Normal,0.944
rasp1,48487,20261002-161933_clu_rasp14_pi4gb_r2,1698,perf_20261002-161933_clu_rasp14_pi4gb_r2,0,451,1790957978541,0,1790959541688.592,219.384,5.638,1790959541913.917,Normal,0.8288
rasp1,48487,20261002-161933_clu_rasp14_pi4gb_r2,1702,perf_20261002-161933_clu_rasp14_pi4gb_r2,0,452,1790957978541,0,1790959541914.54,214.612,7.602,1790959542137.206,Normal,0.8959
rasp1,48487,20261002-161933_clu_rasp14_pi4gb_r2,1703,perf_20261002-161933_clu_rasp14_pi4gb_r2,0,453,1790957978542,0,1790959542138.18,346.858,5.984,1790959542491.331,Normal,0.9528
rasp1,48487,20261002-161933_clu_rasp14_pi4gb_r2,1705,perf_20261002-161933_clu_rasp14_pi4gb_r2,0,454,1790957978542,0,1790959542491.937,315.189,7.36,1790959542814.94,Normal,0.9649
rasp1,48487,20261002-161933_clu_rasp14_pi4gb_r2,1717,perf_20261002-161933_clu_rasp14_pi4gb_r2,0,455,1790957978543,0,1790959542815.903,277.206,9.038,1790959543102.607,Normal,0.8575
rasp1,48487,20261002-161933_clu_rasp14_pi4gb_r2,1723,perf_20261002-161933_clu_rasp14_pi4gb_r2,0,456,1790957978543,0,1790959543103.581,471.209,8.905,1790959543584.177,Normal,0.8675
rasp1,48487,20261002-161933_clu_rasp14_pi4gb_r2,1727,perf_20261002-161933_clu_rasp14_pi4gb_r2,0,457,1790957978544,0,1790959543585.172,466.954,8.292,1790959544060.877,Normal,0.9707
rasp1,48487,20261002-161933_clu_rasp14_pi4gb_r2,1737,perf_20261002-161933_clu_rasp14_pi4gb_r2,0,458,1790957978545,0,1790959544061.839,248.281,7.891,1790959544318.496,Normal,0.9419
rasp1,48487,20261002-161933_clu_rasp14_pi4gb_r2,1743,perf_20261002-161933_clu_rasp14_pi4gb_r2,0,459,1790957978545,0,1790959544319.484,249.633,6.214,1790959544575.644,Normal,0.9357
rasp1,48487,20261002-161933_clu_rasp14_pi4gb_r2,1745,perf_20261002-161933_clu_rasp14_pi4gb_r2,0,460,1790957978545,0,1790959544576.366,258.855,6.396,1790959544841.911,Normal,0.9262
rasp1,48487,20261002-161933_clu_rasp14_pi4gb_r2,1746,perf_20261002-161933_clu_rasp14_pi4gb_r2,0,461,1790957978545,0,1790959544842.461,237.611,6.282,1790959545086.656,Normal,0.9539
rasp1,48487,20261002-161933_clu_rasp14_pi4gb_r2,1748,perf_20261002-161933_clu_rasp14_pi4gb_r2,0,462,1790957978546,0,1790959545087.299,260.822,6.151,1790959545354.575,Normal,0.9037
rasp1,48487,20261002-161933_clu_rasp14_pi4gb_r2,1754,perf_20261002-161933_clu_rasp14_pi4gb_r2,0,463,1790957978546,0,1790959545355.162,303.125,7.475,1790959545666.299,Normal,0.9116
rasp1,48487,20261002-161933_clu_rasp14_pi4gb_r2,1756,perf_20261002-161933_clu_rasp14_pi4gb_r2,0,464,1790957978546,0,1790959545667.294,362.906,7.251,1790959546037.943,Normal,0.9404
rasp1,48487,20261002-161933_clu_rasp14_pi4gb_r2,1759,perf_20261002-161933_clu_rasp14_pi4gb_r2,0,465,1790957978547,0,1790959546038.912,550.59,7.4,1790959546597.267,Normal,0.9765
rasp1,48487,20261002-161933_clu_rasp14_pi4gb_r2,1761,perf_20261002-161933_clu_rasp14_pi4gb_r2,0,466,1790957978547,0,1790959546597.977,373.892,6.404,1790959546978.58,Normal,0.9406
rasp1,48487,20261002-161933_clu_rasp14_pi4gb_r2,1765,perf_20261002-161933_clu_rasp14_pi4gb_r2,0,467,1790957978547,0,1790959546979.17,304.281,7.235,1790959547291.221,Normal,0.9531
rasp1,48487,20261002-161933_clu_rasp14_pi4gb_r2,1772,perf_20261002-161933_clu_rasp14_pi4gb_r2,0,468,1790957978548,0,1790959547291.886,712.253,7.22,1790959548011.685,Normal,0.9744
rasp1,48487,20261002-161933_clu_rasp14_pi4gb_r2,1778,perf_20261002-161933_clu_rasp14_pi4gb_r2,0,469,1790957978548,0,1790959548012.662,307.34,6.04,1790959548326.365,Normal,0.8716
rasp1,48487,20261002-161933_clu_rasp14_pi4gb_r2,1784,perf_20261002-161933_clu_rasp14_pi4gb_r2,0,470,1790957978549,0,1790959548327.034,423.621,8.763,1790959548759.948,Normal,0.8971
rasp1,48487,20261002-161933_clu_rasp14_pi4gb_r2,1788,perf_20261002-161933_clu_rasp14_pi4gb_r2,0,471,1790957978549,0,1790959548761.113,295.976,6.167,1790959549063.571,Normal,0.8315
rasp1,48487,20261002-161933_clu_rasp14_pi4gb_r2,1789,perf_20261002-161933_clu_rasp14_pi4gb_r2,0,472,1790957978549,0,1790959549064.168,486.308,9.642,1790959549560.667,Normal,0.9467
rasp1,48487,20261002-161933_clu_rasp14_pi4gb_r2,1791,perf_20261002-161933_clu_rasp14_pi4gb_r2,0,473,1790957978549,0,1790959549561.829,415.5,8.925,1790959549986.817,Normal,0.9585
rasp1,48487,20261002-161933_clu_rasp14_pi4gb_r2,1793,perf_20261002-161933_clu_rasp14_pi4gb_r2,0,474,1790957978549,0,1790959549987.845,341.233,7.886,1790959550337.507,Normal,0.9068
rasp1,48487,20261002-161933_clu_rasp14_pi4gb_r2,1794,perf_20261002-161933_clu_rasp14_pi4gb_r2,0,475,1790957978552,0,1790959550338.604,623.714,8.86,1790959550971.749,Normal,0.9684
rasp1,48487,20261002-161933_clu_rasp14_pi4gb_r2,1800,perf_20261002-161933_clu_rasp14_pi4gb_r2,0,476,1790957978553,0,1790959550972.678,275.303,7.078,1790959551255.599,Normal,0.9498
rasp1,48487,20261002-161933_clu_rasp14_pi4gb_r2,1803,perf_20261002-161933_clu_rasp14_pi4gb_r2,0,477,1790957978553,0,1790959551256.201,299.593,8.117,1790959551564.228,Normal,0.9573
rasp1,48487,20261002-161933_clu_rasp14_pi4gb_r2,1814,perf_20261002-161933_clu_rasp14_pi4gb_r2,0,478,1790957978554,0,1790959551565.192,312.951,7.737,1790959551886.371,Normal,0.9205
rasp1,48487,20261002-161933_clu_rasp14_pi4gb_r2,1819,perf_20261002-161933_clu_rasp14_pi4gb_r2,0,479,1790957978554,0,1790959551887.322,742.031,7.753,1790959552637.652,Normal,0.9654
rasp1,48487,20261002-161933_clu_rasp14_pi4gb_r2,1826,perf_20261002-161933_clu_rasp14_pi4gb_r2,0,480,1790957978555,0,1790959552638.258,258.885,6.022,1790959552903.462,Normal,0.9714
rasp1,48487,20261002-161933_clu_rasp14_pi4gb_r2,1827,perf_20261002-161933_clu_rasp14_pi4gb_r2,0,481,1790957978555,0,1790959552904.038,331.953,6.197,1790959553242.5,Normal,0.6358
rasp1,48487,20261002-161933_clu_rasp14_pi4gb_r2,1838,perf_20261002-161933_clu_rasp14_pi4gb_r2,0,482,1790957978556,0,1790959553243.222,503.426,6.502,1790959553753.515,Normal,0.7298
rasp1,48487,20261002-161933_clu_rasp14_pi4gb_r2,1844,perf_20261002-161933_clu_rasp14_pi4gb_r2,0,483,1790957978556,0,1790959553754.172,1021.59,6.324,1790959554782.58,Normal,0.976
rasp1,48487,20261002-161933_clu_rasp14_pi4gb_r2,1849,perf_20261002-161933_clu_rasp14_pi4gb_r2,0,484,1790957978557,0,1790959554783.175,309.102,7.831,1790959555100.627,Normal,0.963
rasp1,48487,20261002-161933_clu_rasp14_pi4gb_r2,1851,perf_20261002-161933_clu_rasp14_pi4gb_r2,0,485,1790957978557,0,1790959555101.583,580.393,8.052,1790959555690.524,Normal,0.8687
rasp1,48487,20261002-161933_clu_rasp14_pi4gb_r2,1852,perf_20261002-161933_clu_rasp14_pi4gb_r2,0,486,1790957978557,0,1790959555691.482,385.323,6.926,1790959556084.105,Normal,0.9648
rasp1,48487,20261002-161933_clu_rasp14_pi4gb_r2,1854,perf_20261002-161933_clu_rasp14_pi4gb_r2,0,487,1790957978557,0,1790959556084.672,204.917,6.711,1790959556296.639,Normal,0.9076
rasp1,48487,20261002-161933_clu_rasp14_pi4gb_r2,1859,perf_20261002-161933_clu_rasp14_pi4gb_r2,0,488,1790957978558,0,1790959556297.222,358.206,8.459,1790959556664.404,Normal,0.9552
rasp1,48487,20261002-161933_clu_rasp14_pi4gb_r2,1860,perf_20261002-161933_clu_rasp14_pi4gb_r2,0,489,1790957978558,0,1790959556665.368,226.519,5.989,1790959556898.184,Normal,0.9536
rasp1,48487,20261002-161933_clu_rasp14_pi4gb_r2,1864,perf_20261002-161933_clu_rasp14_pi4gb_r2,0,490,1790957978558,0,1790959556898.898,281.572,5.874,1790959557186.679,Normal,0.4452
rasp1,48487,20261002-161933_clu_rasp14_pi4gb_r2,1868,perf_20261002-161933_clu_rasp14_pi4gb_r2,0,491,1790957978558,0,1790959557187.273,552.907,7.835,1790959557748.479,Normal,0.9634
rasp1,48487,20261002-161933_clu_rasp14_pi4gb_r2,1870,perf_20261002-161933_clu_rasp14_pi4gb_r2,0,492,1790957978558,0,1790959557749.448,282.733,6.037,1790959558038.531,Normal,0.9672
rasp1,48487,20261002-161933_clu_rasp14_pi4gb_r2,1871,perf_20261002-161933_clu_rasp14_pi4gb_r2,0,493,1790957978558,0,1790959558039.163,301.677,7.608,1790959558348.907,Normal,0.9396
rasp1,48487,20261002-161933_clu_rasp14_pi4gb_r2,1873,perf_20261002-161933_clu_rasp14_pi4gb_r2,0,494,1790957978559,0,1790959558350.029,2172.767,8.789,1790959560532.167,Normal,0.9784
rasp1,48487,20261002-161933_clu_rasp14_pi4gb_r2,1876,perf_20261002-161933_clu_rasp14_pi4gb_r2,0,495,1790957978559,0,1790959560533.137,326.837,7.991,1790959560868.421,Normal,0.9566
rasp1,48487,20261002-161933_clu_rasp14_pi4gb_r2,1880,perf_20261002-161933_clu_rasp14_pi4gb_r2,0,496,1790957978559,0,1790959560869.381,491.734,9.227,1790959561370.832,Normal,0.944
rasp1,48487,20261002-161933_clu_rasp14_pi4gb_r2,1883,perf_20261002-161933_clu_rasp14_pi4gb_r2,0,497,1790957978559,0,1790959561371.942,461.374,7.364,1790959561840.995,Normal,0.9603
rasp1,48487,20261002-161933_clu_rasp14_pi4gb_r2,1884,perf_20261002-161933_clu_rasp14_pi4gb_r2,0,498,1790957978560,0,1790959561841.597,372.005,7.012,1790959562220.951,Normal,0.9628
rasp1,48487,20261002-161933_clu_rasp14_pi4gb_r2,1889,perf_20261002-161933_clu_rasp14_pi4gb_r2,0,499,1790957978560,0,1790959562221.561,400.074,7.415,1790959562629.554,Normal,0.855
rasp1,48487,20261002-161933_clu_rasp14_pi4gb_r2,4,perf_20261002-161933_clu_rasp14_pi4gb_r2,1,0,1790957978046,0,1790959563188.981,535.223,12.014,1790959563736.981,Normal,0.9588
rasp1,48487,20261002-161933_clu_rasp14_pi4gb_r2,16,perf_20261002-161933_clu_rasp14_pi4gb_r2,1,1,1790957978048,0,1790959563744.375,1026.523,28.294,1790959564800.087,Normal,0.9747
rasp1,48487,20261002-161933_clu_rasp14_pi4gb_r2,24,perf_20261002-161933_clu_rasp14_pi4gb_r2,1,2,1790957978049,0,1790959564801.963,1221.625,8.622,1790959566032.844,Normal,0.9411
rasp1,48487,20261002-161933_clu_rasp14_pi4gb_r2,25,perf_20261002-161933_clu_rasp14_pi4gb_r2,1,3,1790957978049,0,1790959566034.08,1128.409,9.557,1790959567172.688,Normal,0.6054
rasp1,48487,20261002-161933_clu_rasp14_pi4gb_r2,29,perf_20261002-161933_clu_rasp14_pi4gb_r2,1,4,1790957978051,0,1790959567179.009,2248.482,10.251,1790959569438.658,Normal,0.9553
rasp1,48487,20261002-161933_clu_rasp14_pi4gb_r2,40,perf_20261002-161933_clu_rasp14_pi4gb_r2,1,5,1790957978053,0,1790959569440.289,630.141,10.758,1790959570081.992,Normal,0.9018
rasp1,48487,20261002-161933_clu_rasp14_pi4gb_r2,46,perf_20261002-161933_clu_rasp14_pi4gb_r2,1,6,1790957978055,0,1790959570083.769,1295.888,10.546,1790959571391.416,Normal,0.8951
rasp1,48487,20261002-161933_clu_rasp14_pi4gb_r2,57,perf_20261002-161933_clu_rasp14_pi4gb_r2,1,7,1790957978057,0,1790959571393.533,890.416,9.258,1790959572294.236,Normal,0.5773
rasp1,48487,20261002-161933_clu_rasp14_pi4gb_r2,59,perf_20261002-161933_clu_rasp14_pi4gb_r2,1,8,1790957978057,0,1790959572296.172,2048.639,9.535,1790959574355.051,Normal,0.9787
rasp1,48487,20261002-161933_clu_rasp14_pi4gb_r2,65,perf_20261002-161933_clu_rasp14_pi4gb_r2,1,9,1790957978058,0,1790959574356.877,729.179,10.812,1790959575097.495,Normal,0.963
rasp1,48487,20261002-161933_clu_rasp14_pi4gb_r2,73,perf_20261002-161933_clu_rasp14_pi4gb_r2,1,10,1790957978059,0,1790959575099.468,1364.442,10.399,1790959576474.996,Normal,0.9591
rasp1,48487,20261002-161933_clu_rasp14_pi4gb_r2,75,perf_20261002-161933_clu_rasp14_pi4gb_r2,1,11,1790957978060,0,1790959576476.375,664.045,10.92,1790959577152.171,Normal,0.8729
rasp1,48487,20261002-161933_clu_rasp14_pi4gb_r2,77,perf_20261002-161933_clu_rasp14_pi4gb_r2,1,12,1790957978060,0,1790959577153.489,620.044,11.578,1790959577786.4,OFFENSIVE,0.8247
rasp1,48487,20261002-161933_clu_rasp14_pi4gb_r2,78,perf_20261002-161933_clu_rasp14_pi4gb_r2,1,13,1790957978060,0,1790959577787.647,916.399,16.031,1790959578723.94,Normal,0.9429
rasp1,48487,20261002-161933_clu_rasp14_pi4gb_r2,81,perf_20261002-161933_clu_rasp14_pi4gb_r2,1,14,1790957978061,0,1790959578730.394,1871.166,16.191,1790959580618.495,OFFENSIVE,0.7918
rasp1,48487,20261002-161933_clu_rasp14_pi4gb_r2,84,perf_20261002-161933_clu_rasp14_pi4gb_r2,1,15,1790957978061,0,1790959580627.113,1053.837,10.886,1790959581692.943,Normal,0.9755
rasp1,48487,20261002-161933_clu_rasp14_pi4gb_r2,97,perf_20261002-161933_clu_rasp14_pi4gb_r2,1,16,1790957978064,0,1790959581694.66,738.135,9.05,1790959582442.477,Normal,0.8164
rasp1,48487,20261002-161933_clu_rasp14_pi4gb_r2,100,perf_20261002-161933_clu_rasp14_pi4gb_r2,1,17,1790957978064,0,1790959582443.845,649.009,20.384,1790959583113.949,Normal,0.9603
rasp1,48487,20261002-161933_clu_rasp14_pi4gb_r2,102,perf_20261002-161933_clu_rasp14_pi4gb_r2,1,18,1790957978065,0,1790959583116.009,1009.51,9.102,1790959584135.423,HATE,0.6385
rasp1,48487,20261002-161933_clu_rasp14_pi4gb_r2,107,perf_20261002-161933_clu_rasp14_pi4gb_r2,1,19,1790957978066,0,1790959584137.303,843.639,11.056,1790959584992.632,Normal,0.9703
rasp1,48487,20261002-161933_clu_rasp14_pi4gb_r2,109,perf_20261002-161933_clu_rasp14_pi4gb_r2,1,20,1790957978066,0,1790959584994.562,613.585,11.707,1790959585620.66,Normal,0.9608
rasp1,48487,20261002-161933_clu_rasp14_pi4gb_r2,114,perf_20261002-161933_clu_rasp14_pi4gb_r2,1,21,1790957978066,0,1790959585622.322,581.926,10.078,1790959586215.11,Normal,0.9496
rasp1,48487,20261002-161933_clu_rasp14_pi4gb_r2,115,perf_20261002-161933_clu_rasp14_pi4gb_r2,1,22,1790957978066,0,1790959586216.421,943.67,11.089,1790959587171.99,Normal,0.9602
rasp1,48487,20261002-161933_clu_rasp14_pi4gb_r2,117,perf_20261002-161933_clu_rasp14_pi4gb_r2,1,23,1790957978067,0,1790959587173.99,736.879,9.023,1790959587921.119,Normal,0.9592
rasp1,48487,20261002-161933_clu_rasp14_pi4gb_r2,120,perf_20261002-161933_clu_rasp14_pi4gb_r2,1,24,1790957978067,0,1790959587922.474,1023.281,9.679,1790959588956.095,Normal,0.9646
rasp1,48487,20261002-161933_clu_rasp14_pi4gb_r2,123,perf_20261002-161933_clu_rasp14_pi4gb_r2,1,25,1790957978067,0,1790959588957.456,1340.342,12.005,1790959590310.685,OFFENSIVE,0.9503
rasp1,48487,20261002-161933_clu_rasp14_pi4gb_r2,127,perf_20261002-161933_clu_rasp14_pi4gb_r2,1,26,1790957978073,0,1790959590312.453,931.407,15.907,1790959591265.045,Normal,0.9559
rasp1,48487,20261002-161933_clu_rasp14_pi4gb_r2,128,perf_20261002-161933_clu_rasp14_pi4gb_r2,1,27,1790957978073,0,1790959591266.788,2254.646,19.008,1790959593541.171,Normal,0.9757
rasp1,48487,20261002-161933_clu_rasp14_pi4gb_r2,132,perf_20261002-161933_clu_rasp14_pi4gb_r2,1,28,1790957978092,0,1790959593547.165,3075.418,11.039,1790959596634.553,Normal,0.8913
rasp1,48487,20261002-161933_clu_rasp14_pi4gb_r2,141,perf_20261002-161933_clu_rasp14_pi4gb_r2,1,29,1790957978098,0,1790959596637.446,653.976,9.928,1790959597302.124,Normal,0.8146
rasp1,48487,20261002-161933_clu_rasp14_pi4gb_r2,143,perf_20261002-161933_clu_rasp14_pi4gb_r2,1,30,1790957978100,0,1790959597304.162,674.361,10.04,1790959597989.345,Normal,0.7611
rasp1,48487,20261002-161933_clu_rasp14_pi4gb_r2,153,perf_20261002-161933_clu_rasp14_pi4gb_r2,1,31,1790957978102,0,1790959597992.039,756.402,9.491,1790959598758.852,Normal,0.8867
rasp1,48487,20261002-161933_clu_rasp14_pi4gb_r2,155,perf_20261002-161933_clu_rasp14_pi4gb_r2,1,32,1790957978102,0,1790959598760.206,951.815,10.264,1790959599723.343,Normal,0.9005
rasp1,48487,20261002-161933_clu_rasp14_pi4gb_r2,163,perf_20261002-161933_clu_rasp14_pi4gb_r2,1,33,1790957978103,0,1790959599725.116,818.245,11.872,1790959600556.102,Normal,0.9591
rasp1,48487,20261002-161933_clu_rasp14_pi4gb_r2,164,perf_20261002-161933_clu_rasp14_pi4gb_r2,1,34,1790957978104,0,1790959600558.346,617.726,10.784,1790959601188.033,Normal,0.9336
rasp1,48487,20261002-161933_clu_rasp14_pi4gb_r2,170,perf_20261002-161933_clu_rasp14_pi4gb_r2,1,35,1790957978105,0,1790959601189.478,631.113,10.694,1790959601832.122,Normal,0.9651
rasp1,48487,20261002-161933_clu_rasp14_pi4gb_r2,174,perf_20261002-161933_clu_rasp14_pi4gb_r2,1,36,1790957978106,0,1790959601833.56,553.299,11.507,1790959602399.151,Normal,0.9135
rasp1,48487,20261002-161933_clu_rasp14_pi4gb_r2,179,perf_20261002-161933_clu_rasp14_pi4gb_r2,1,37,1790957978107,0,1790959602400.695,628.839,10.359,1790959603040.662,Normal,0.9672
rasp1,48487,20261002-161933_clu_rasp14_pi4gb_r2,180,perf_20261002-161933_clu_rasp14_pi4gb_r2,1,38,1790957978107,0,1790959603042.582,810.166,10.643,1790959603864.064,Normal,0.6954
rasp1,48487,20261002-161933_clu_rasp14_pi4gb_r2,183,perf_20261002-161933_clu_rasp14_pi4gb_r2,1,39,1790957978107,0,1790959603866.39,776.883,9.355,1790959604653.413,Normal,0.9708
rasp1,48487,20261002-161933_clu_rasp14_pi4gb_r2,191,perf_20261002-161933_clu_rasp14_pi4gb_r2,1,40,1790957978109,0,1790959604654.929,765.021,9.771,1790959605430.578,Normal,0.9336
rasp1,48487,20261002-161933_clu_rasp14_pi4gb_r2,197,perf_20261002-161933_clu_rasp14_pi4gb_r2,1,41,1790957978110,0,1790959605432.312,851.914,14.962,1790959606299.856,Normal,0.954
rasp1,48487,20261002-161933_clu_rasp14_pi4gb_r2,206,perf_20261002-161933_clu_rasp14_pi4gb_r2,1,42,1790957978112,0,1790959606309.257,556.94,9.091,1790959606876.002,Normal,0.9386
rasp1,48487,20261002-161933_clu_rasp14_pi4gb_r2,208,perf_20261002-161933_clu_rasp14_pi4gb_r2,1,43,1790957978112,0,1790959606877.544,740.782,9.176,1790959607628.226,Normal,0.9463
rasp1,48487,20261002-161933_clu_rasp14_pi4gb_r2,209,perf_20261002-161933_clu_rasp14_pi4gb_r2,1,44,1790957978112,0,1790959607635.311,1893.166,10.382,1790959609539.801,Normal,0.745
rasp1,48487,20261002-161933_clu_rasp14_pi4gb_r2,210,perf_20261002-161933_clu_rasp14_pi4gb_r2,1,45,1790957978113,0,1790959609541.578,870.362,9.812,1790959610422.95,Normal,0.958
rasp1,48487,20261002-161933_clu_rasp14_pi4gb_r2,216,perf_20261002-161933_clu_rasp14_pi4gb_r2,1,46,1790957978115,0,1790959610425.081,656.008,10.432,1790959611092.367,Normal,0.9589
rasp1,48487,20261002-161933_clu_rasp14_pi4gb_r2,218,perf_20261002-161933_clu_rasp14_pi4gb_r2,1,47,1790957978115,0,1790959611094.48,1254.858,10.831,1790959612361.081,Normal,0.9626
rasp1,48487,20261002-161933_clu_rasp14_pi4gb_r2,224,perf_20261002-161933_clu_rasp14_pi4gb_r2,1,48,1790957978140,0,1790959612362.53,739.789,12.821,1790959613116.232,Normal,0.9371
rasp1,48487,20261002-161933_clu_rasp14_pi4gb_r2,225,perf_20261002-161933_clu_rasp14_pi4gb_r2,1,49,1790957978140,0,1790959613117.995,1052.401,12.237,1790959614184.155,Normal,0.9715
rasp1,48487,20261002-161933_clu_rasp14_pi4gb_r2,228,perf_20261002-161933_clu_rasp14_pi4gb_r2,1,50,1790957978141,0,1790959614185.611,743.187,9.902,1790959614939.389,Normal,0.9609
rasp1,48487,20261002-161933_clu_rasp14_pi4gb_r2,236,perf_20261002-161933_clu_rasp14_pi4gb_r2,1,51,1790957978153,0,1790959614941.056,1003.545,10.406,1790959615956.066,Normal,0.9608
rasp1,48487,20261002-161933_clu_rasp14_pi4gb_r2,238,perf_20261002-161933_clu_rasp14_pi4gb_r2,1,52,1790957978153,0,1790959615957.551,654.969,11.002,1790959616624.506,Normal,0.9618
rasp1,48487,20261002-161933_clu_rasp14_pi4gb_r2,249,perf_20261002-161933_clu_rasp14_pi4gb_r2,1,53,1790957978155,0,1790959616627.295,708.911,13.131,1790959617350.32,Normal,0.9589
rasp1,48487,20261002-161933_clu_rasp14_pi4gb_r2,250,perf_20261002-161933_clu_rasp14_pi4gb_r2,1,54,1790957978155,0,1790959617352.244,596.167,10.415,1790959617959.597,Normal,0.8412
rasp1,48487,20261002-161933_clu_rasp14_pi4gb_r2,251,perf_20261002-161933_clu_rasp14_pi4gb_r2,1,55,1790957978156,0,1790959617962.368,904.192,10.669,1790959618878.192,Normal,0.882
rasp1,48487,20261002-161933_clu_rasp14_pi4gb_r2,255,perf_20261002-161933_clu_rasp14_pi4gb_r2,1,56,1790957978156,0,1790959618879.636,947.915,13.08,1790959619842.304,Normal,0.7941
rasp1,48487,20261002-161933_clu_rasp14_pi4gb_r2,256,perf_20261002-161933_clu_rasp14_pi4gb_r2,1,57,1790957978156,0,1790959619850.056,1151.921,15.218,1790959621017.845,Normal,0.9593
rasp1,48487,20261002-161933_clu_rasp14_pi4gb_r2,263,perf_20261002-161933_clu_rasp14_pi4gb_r2,1,58,1790957978158,0,1790959621022.305,678.627,10.416,1790959621711.971,Normal,0.9468
rasp1,48487,20261002-161933_clu_rasp14_pi4gb_r2,264,perf_20261002-161933_clu_rasp14_pi4gb_r2,1,59,1790957978158,0,1790959621713.595,809.204,9.458,1790959622532.919,Normal,0.9393
rasp1,48487,20261002-161933_clu_rasp14_pi4gb_r2,268,perf_20261002-161933_clu_rasp14_pi4gb_r2,1,60,1790957978159,0,1790959622534.27,523.105,9.517,1790959623067.547,Normal,0.9547
rasp1,48487,20261002-161933_clu_rasp14_pi4gb_r2,270,perf_20261002-161933_clu_rasp14_pi4gb_r2,1,61,1790957978159,0,1790959623069.094,4242.157,16.453,1790959627328.819,Normal,0.8744
rasp1,48487,20261002-161933_clu_rasp14_pi4gb_r2,273,perf_20261002-161933_clu_rasp14_pi4gb_r2,1,62,1790957978160,0,1790959627330.569,769.612,9.663,1790959628110.998,Normal,0.9007
rasp1,48487,20261002-161933_clu_rasp14_pi4gb_r2,276,perf_20261002-161933_clu_rasp14_pi4gb_r2,1,63,1790957978161,0,1790959628113.359,661.024,13.793,1790959628789.351,Normal,0.9627
rasp1,48487,20261002-161933_clu_rasp14_pi4gb_r2,282,perf_20261002-161933_clu_rasp14_pi4gb_r2,1,64,1790957978162,0,1790959628790.466,751.633,13.12,1790959629556.394,Normal,0.9468
rasp1,48487,20261002-161933_clu_rasp14_pi4gb_r2,283,perf_20261002-161933_clu_rasp14_pi4gb_r2,1,65,1790957978162,0,1790959629558.693,627.837,10.008,1790959630197.547,Normal,0.9555
rasp1,48487,20261002-161933_clu_rasp14_pi4gb_r2,285,perf_20261002-161933_clu_rasp14_pi4gb_r2,1,66,1790957978162,0,1790959630199.012,627.619,11.005,1790959630839.073,Normal,0.9385
rasp1,48487,20261002-161933_clu_rasp14_pi4gb_r2,290,perf_20261002-161933_clu_rasp14_pi4gb_r2,1,67,1790957978163,0,1790959630840.563,1940.852,15.759,1790959632798.001,Normal,0.9541
rasp1,48487,20261002-161933_clu_rasp14_pi4gb_r2,296,perf_20261002-161933_clu_rasp14_pi4gb_r2,1,68,1790957978164,0,1790959632805.359,699.628,12.833,1790959633518.439,Normal,0.9181
rasp1,48487,20261002-161933_clu_rasp14_pi4gb_r2,299,perf_20261002-161933_clu_rasp14_pi4gb_r2,1,69,1790957978165,0,1790959633523.961,676.497,11.967,1790959634213.111,HATE,0.4772
rasp1,48487,20261002-161933_clu_rasp14_pi4gb_r2,307,perf_20261002-161933_clu_rasp14_pi4gb_r2,1,70,1790957978167,0,1790959634220.233,2812.153,10.96,1790959637044.081,Normal,0.7019
rasp1,48487,20261002-161933_clu_rasp14_pi4gb_r2,312,perf_20261002-161933_clu_rasp14_pi4gb_r2,1,71,1790957978168,0,1790959637051.616,941.557,9.703,1790959638003.906,Normal,0.97
rasp1,48487,20261002-161933_clu_rasp14_pi4gb_r2,324,perf_20261002-161933_clu_rasp14_pi4gb_r2,1,72,1790957978170,0,1790959638005.88,1214.876,12.788,1790959639234.15,Normal,0.8205
rasp1,48487,20261002-161933_clu_rasp14_pi4gb_r2,325,perf_20261002-161933_clu_rasp14_pi4gb_r2,1,73,1790957978171,0,1790959639237.659,2214.787,9.573,1790959641462.864,Normal,0.9369
rasp1,48487,20261002-161933_clu_rasp14_pi4gb_r2,327,perf_20261002-161933_clu_rasp14_pi4gb_r2,1,74,1790957978171,0,1790959641464.336,960.667,10.227,1790959642435.887,Normal,0.7849
rasp1,48487,20261002-161933_clu_rasp14_pi4gb_r2,331,perf_20261002-161933_clu_rasp14_pi4gb_r2,1,75,1790957978172,0,1790959642437.81,1037.098,9.422,1790959643485.096,Normal,0.9246
rasp1,48487,20261002-161933_clu_rasp14_pi4gb_r2,338,perf_20261002-161933_clu_rasp14_pi4gb_r2,1,76,1790957978174,0,1790959643486.534,612.533,7.905,1790959644107.566,Normal,0.9247
rasp1,48487,20261002-161933_clu_rasp14_pi4gb_r2,339,perf_20261002-161933_clu_rasp14_pi4gb_r2,1,77,1790957978174,0,1790959644109.197,597.551,9.186,1790959644716.643,Normal,0.8636
rasp1,48487,20261002-161933_clu_rasp14_pi4gb_r2,340,perf_20261002-161933_clu_rasp14_pi4gb_r2,1,78,1790957978174,0,1790959644718.193,560.76,10.43,1790959645290.419,Normal,0.9273
rasp1,48487,20261002-161933_clu_rasp14_pi4gb_r2,342,perf_20261002-161933_clu_rasp14_pi4gb_r2,1,79,1790957978174,0,1790959645293.115,851.713,11.794,1790959646157.588,Normal,0.9492
rasp1,48487,20261002-161933_clu_rasp14_pi4gb_r2,349,perf_20261002-161933_clu_rasp14_pi4gb_r2,1,80,1790957978176,0,1790959646159.271,666.651,10.725,1790959646837.381,Normal,0.9309
rasp1,48487,20261002-161933_clu_rasp14_pi4gb_r2,351,perf_20261002-161933_clu_rasp14_pi4gb_r2,1,81,1790957978176,0,1790959646839.002,702.563,9.425,1790959647551.93,Normal,0.9297
rasp1,48487,20261002-161933_clu_rasp14_pi4gb_r2,356,perf_20261002-161933_clu_rasp14_pi4gb_r2,1,82,1790957978177,0,1790959647553.822,656.783,10.417,1790959648221.905,Normal,0.9157
rasp1,48487,20261002-161933_clu_rasp14_pi4gb_r2,363,perf_20261002-161933_clu_rasp14_pi4gb_r2,1,83,1790957978179,0,1790959648223.548,596.219,10.852,1790959648831.484,Normal,0.9403
rasp1,48487,20261002-161933_clu_rasp14_pi4gb_r2,365,perf_20261002-161933_clu_rasp14_pi4gb_r2,1,84,1790957978179,0,1790959648832.929,626.263,11.016,1790959649471.25,Normal,0.9371
rasp1,48487,20261002-161933_clu_rasp14_pi4gb_r2,370,perf_20261002-161933_clu_rasp14_pi4gb_r2,1,85,1790957978180,0,1790959649472.892,675.253,11.31,1790959650160.135,Normal,0.9512
rasp1,48487,20261002-161933_clu_rasp14_pi4gb_r2,371,perf_20261002-161933_clu_rasp14_pi4gb_r2,1,86,1790957978180,0,1790959650162.074,1198.052,13.205,1790959651374.448,Normal,0.9728
rasp1,48487,20261002-161933_clu_rasp14_pi4gb_r2,373,perf_20261002-161933_clu_rasp14_pi4gb_r2,1,87,1790957978181,0,1790959651382.415,786.653,8.334,1790959652177.933,Normal,0.5223
rasp1,48487,20261002-161933_clu_rasp14_pi4gb_r2,374,perf_20261002-161933_clu_rasp14_pi4gb_r2,1,88,1790957978181,0,1790959652187.49,3188.562,10.912,1790959655387.825,Normal,0.9543
rasp1,48487,20261002-161933_clu_rasp14_pi4gb_r2,377,perf_20261002-161933_clu_rasp14_pi4gb_r2,1,89,1790957978182,0,1790959655389.397,736.096,8.939,1790959656135.251,Normal,0.83
rasp1,48487,20261002-161933_clu_rasp14_pi4gb_r2,382,perf_20261002-161933_clu_rasp14_pi4gb_r2,1,90,1790957978183,0,1790959656136.668,597.437,9.677,1790959656744.768,Normal,0.9451
rasp1,48487,20261002-161933_clu_rasp14_pi4gb_r2,385,perf_20261002-161933_clu_rasp14_pi4gb_r2,1,91,1790957978183,0,1790959656746.195,806.47,9.446,1790959657562.95,OFFENSIVE,0.9346
rasp1,48487,20261002-161933_clu_rasp14_pi4gb_r2,388,perf_20261002-161933_clu_rasp14_pi4gb_r2,1,92,1790957978184,0,1790959657564.648,821.392,10.247,1790959658397.252,Normal,0.9424
rasp1,48487,20261002-161933_clu_rasp14_pi4gb_r2,392,perf_20261002-161933_clu_rasp14_pi4gb_r2,1,93,1790957978185,0,1790959658399.165,841.181,11.022,1790959659252.051,Normal,0.9482
rasp1,48487,20261002-161933_clu_rasp14_pi4gb_r2,393,perf_20261002-161933_clu_rasp14_pi4gb_r2,1,94,1790957978185,0,1790959659253.659,644.554,8.906,1790959659908.109,Normal,0.9671
rasp1,48487,20261002-161933_clu_rasp14_pi4gb_r2,395,perf_20261002-161933_clu_rasp14_pi4gb_r2,1,95,1790957978185,0,1790959659910.22,619.919,8.187,1790959660539.003,Normal,0.9255
rasp1,48487,20261002-161933_clu_rasp14_pi4gb_r2,398,perf_20261002-161933_clu_rasp14_pi4gb_r2,1,96,1790957978186,0,1790959660540.349,635.472,9.89,1790959661186.387,Normal,0.9401
rasp1,48487,20261002-161933_clu_rasp14_pi4gb_r2,401,perf_20261002-161933_clu_rasp14_pi4gb_r2,1,97,1790957978186,0,1790959661188.229,686.878,9.166,1790959661884.946,Normal,0.9572
rasp1,48487,20261002-161933_clu_rasp14_pi4gb_r2,406,perf_20261002-161933_clu_rasp14_pi4gb_r2,1,98,1790957978187,0,1790959661886.552,603.109,9.695,1790959662500.164,Normal,0.9375
rasp1,48487,20261002-161933_clu_rasp14_pi4gb_r2,407,perf_20261002-161933_clu_rasp14_pi4gb_r2,1,99,1790957978187,0,1790959662501.672,548.242,11.017,1790959663061.605,Normal,0.9375
rasp1,48487,20261002-161933_clu_rasp14_pi4gb_r2,413,perf_20261002-161933_clu_rasp14_pi4gb_r2,1,100,1790957978193,0,1790959663068.837,865.233,11.577,1790959663946.696,Normal,0.9717
rasp1,48487,20261002-161933_clu_rasp14_pi4gb_r2,416,perf_20261002-161933_clu_rasp14_pi4gb_r2,1,101,1790957978193,0,1790959663949.097,769.411,9.692,1790959664728.894,Normal,0.9646
rasp1,48487,20261002-161933_clu_rasp14_pi4gb_r2,418,perf_20261002-161933_clu_rasp14_pi4gb_r2,1,102,1790957978193,0,1790959664730.635,919.088,12.206,1790959665662.661,Normal,0.9585
rasp1,48487,20261002-161933_clu_rasp14_pi4gb_r2,420,perf_20261002-161933_clu_rasp14_pi4gb_r2,1,103,1790957978193,0,1790959665668.193,716.455,14.362,1790959666399.633,Normal,0.8658
rasp1,48487,20261002-161933_clu_rasp14_pi4gb_r2,425,perf_20261002-161933_clu_rasp14_pi4gb_r2,1,104,1790957978194,0,1790959666407.59,895.59,15.059,1790959667322.192,Normal,0.97
rasp1,48487,20261002-161933_clu_rasp14_pi4gb_r2,426,perf_20261002-161933_clu_rasp14_pi4gb_r2,1,105,1790957978194,0,1790959667326.88,1435.066,9.356,1790959668772.137,Normal,0.9742
rasp1,48487,20261002-161933_clu_rasp14_pi4gb_r2,430,perf_20261002-161933_clu_rasp14_pi4gb_r2,1,106,1790957978194,0,1790959668773.567,646.902,10.363,1790959669431.569,Normal,0.9661
rasp1,48487,20261002-161933_clu_rasp14_pi4gb_r2,433,perf_20261002-161933_clu_rasp14_pi4gb_r2,1,107,1790957978194,0,1790959669433.537,601.663,9.892,1790959670046.07,Normal,0.6391
rasp1,48487,20261002-161933_clu_rasp14_pi4gb_r2,442,perf_20261002-161933_clu_rasp14_pi4gb_r2,1,108,1790957978195,0,1790959670047.399,619.424,9.604,1790959670677.193,Normal,0.9435
rasp1,48487,20261002-161933_clu_rasp14_pi4gb_r2,444,perf_20261002-161933_clu_rasp14_pi4gb_r2,1,109,1790957978195,0,1790959670679.083,789.558,10.633,1790959671480.322,Normal,0.9668
rasp1,48487,20261002-161933_clu_rasp14_pi4gb_r2,454,perf_20261002-161933_clu_rasp14_pi4gb_r2,1,110,1790957978196,0,1790959671482.22,654.762,9.707,1790959672147.347,Normal,0.8658
rasp1,48487,20261002-161933_clu_rasp14_pi4gb_r2,463,perf_20261002-161933_clu_rasp14_pi4gb_r2,1,111,1790957978197,0,1790959672149.461,644.668,9.39,1790959672804.339,Normal,0.9462
rasp1,48487,20261002-161933_clu_rasp14_pi4gb_r2,464,perf_20261002-161933_clu_rasp14_pi4gb_r2,1,112,1790957978197,0,1790959672805.817,1186.002,9.606,1790959674002.097,Normal,0.9753
rasp1,48487,20261002-161933_clu_rasp14_pi4gb_r2,468,perf_20261002-161933_clu_rasp14_pi4gb_r2,1,113,1790957978197,0,1790959674003.443,758.348,20.865,1790959674784.031,Normal,0.948
rasp1,48487,20261002-161933_clu_rasp14_pi4gb_r2,477,perf_20261002-161933_clu_rasp14_pi4gb_r2,1,114,1790957978230,0,1790959674785.602,621.155,10.914,1790959675418.898,Normal,0.9536
rasp1,48487,20261002-161933_clu_rasp14_pi4gb_r2,481,perf_20261002-161933_clu_rasp14_pi4gb_r2,1,115,1790957978230,0,1790959675420.39,764.128,9.129,1790959676194.368,Normal,0.963
rasp1,48487,20261002-161933_clu_rasp14_pi4gb_r2,489,perf_20261002-161933_clu_rasp14_pi4gb_r2,1,116,1790957978237,0,1790959676195.919,593.35,9.232,1790959676799.196,Normal,0.9201
rasp1,48487,20261002-161933_clu_rasp14_pi4gb_r2,495,perf_20261002-161933_clu_rasp14_pi4gb_r2,1,117,1790957978239,0,1790959676801.028,566.465,8.839,1790959677377.088,Normal,0.9515
rasp1,48487,20261002-161933_clu_rasp14_pi4gb_r2,498,perf_20261002-161933_clu_rasp14_pi4gb_r2,1,118,1790957978240,0,1790959677378.453,939.171,13.043,1790959678331.483,Normal,0.9508
rasp1,48487,20261002-161933_clu_rasp14_pi4gb_r2,501,perf_20261002-161933_clu_rasp14_pi4gb_r2,1,119,1790957978240,0,1790959678334.577,742.055,16.793,1790959679094.122,Normal,0.9259
rasp1,48487,20261002-161933_clu_rasp14_pi4gb_r2,502,perf_20261002-161933_clu_rasp14_pi4gb_r2,1,120,1790957978241,0,1790959679095.869,693.226,20.701,1790959679810.644,Normal,0.9375
rasp1,48487,20261002-161933_clu_rasp14_pi4gb_r2,505,perf_20261002-161933_clu_rasp14_pi4gb_r2,1,121,1790957978241,0,1790959679818.997,1219.545,22.82,1790959681062.087,Normal,0.9435
rasp1,48487,20261002-161933_clu_rasp14_pi4gb_r2,509,perf_20261002-161933_clu_rasp14_pi4gb_r2,1,122,1790957978242,0,1790959681063.642,748.357,10.554,1790959681823.603,Normal,0.4947
rasp1,48487,20261002-161933_clu_rasp14_pi4gb_r2,510,perf_20261002-161933_clu_rasp14_pi4gb_r2,1,123,1790957978242,0,1790959681833.247,939.046,10.911,1790959682784.471,Normal,0.9581
rasp1,48487,20261002-161933_clu_rasp14_pi4gb_r2,513,perf_20261002-161933_clu_rasp14_pi4gb_r2,1,124,1790957978243,0,1790959682786.252,624.922,11.118,1790959683423.039,Normal,0.9627
rasp1,48487,20261002-161933_clu_rasp14_pi4gb_r2,516,perf_20261002-161933_clu_rasp14_pi4gb_r2,1,125,1790957978258,0,1790959683425.075,607.308,10.956,1790959684044.07,Normal,0.9529
rasp1,48487,20261002-161933_clu_rasp14_pi4gb_r2,524,perf_20261002-161933_clu_rasp14_pi4gb_r2,1,126,1790957978264,0,1790959684045.584,819.808,10.233,1790959684876.379,Normal,0.977
rasp1,48487,20261002-161933_clu_rasp14_pi4gb_r2,530,perf_20261002-161933_clu_rasp14_pi4gb_r2,1,127,1790957978265,0,1790959684877.697,603.536,9.878,1790959685491.91,OFFENSIVE,0.6533
rasp1,48487,20261002-161933_clu_rasp14_pi4gb_r2,536,perf_20261002-161933_clu_rasp14_pi4gb_r2,1,128,1790957978266,0,1790959685493.365,589.907,11.001,1790959686095.056,Normal,0.9394
rasp1,48487,20261002-161933_clu_rasp14_pi4gb_r2,542,perf_20261002-161933_clu_rasp14_pi4gb_r2,1,129,1790957978267,0,1790959686096.868,754.764,10.008,1790959686862.571,Normal,0.9717
rasp1,48487,20261002-161933_clu_rasp14_pi4gb_r2,551,perf_20261002-161933_clu_rasp14_pi4gb_r2,1,130,1790957978269,0,1790959686863.948,1937.305,9.156,1790959688811.453,Normal,0.9764
rasp1,48487,20261002-161933_clu_rasp14_pi4gb_r2,552,perf_20261002-161933_clu_rasp14_pi4gb_r2,1,131,1790957978269,0,1790959688813.173,1263.169,10.235,1790959690087.64,Normal,0.9501
rasp1,48487,20261002-161933_clu_rasp14_pi4gb_r2,555,perf_20261002-161933_clu_rasp14_pi4gb_r2,1,132,1790957978270,0,1790959690089.686,614.459,9.272,1790959690714.399,Normal,0.9387
rasp1,48487,20261002-161933_clu_rasp14_pi4gb_r2,556,perf_20261002-161933_clu_rasp14_pi4gb_r2,1,133,1790957978270,0,1790959690716.087,547.382,10.379,1790959691274.537,Normal,0.8661
rasp1,48487,20261002-161933_clu_rasp14_pi4gb_r2,557,perf_20261002-161933_clu_rasp14_pi4gb_r2,1,134,1790957978270,0,1790959691276.585,789.541,10.465,1790959692077.403,Normal,0.9607
rasp1,48487,20261002-161933_clu_rasp14_pi4gb_r2,559,perf_20261002-161933_clu_rasp14_pi4gb_r2,1,135,1790957978271,0,1790959692079.593,643.734,12.202,1790959692736.183,Normal,0.9652
rasp1,48487,20261002-161933_clu_rasp14_pi4gb_r2,577,perf_20261002-161933_clu_rasp14_pi4gb_r2,1,136,1790957978275,0,1790959692740.533,2350.082,10.586,1790959695102.235,Normal,0.9719
rasp1,48487,20261002-161933_clu_rasp14_pi4gb_r2,585,perf_20261002-161933_clu_rasp14_pi4gb_r2,1,137,1790957978277,0,1790959695103.828,1371.063,13.774,1790959696490.15,Normal,0.9524
rasp1,48487,20261002-161933_clu_rasp14_pi4gb_r2,595,perf_20261002-161933_clu_rasp14_pi4gb_r2,1,138,1790957978279,0,1790959696492.134,737.431,10.547,1790959697241.518,Normal,0.9467
rasp1,48487,20261002-161933_clu_rasp14_pi4gb_r2,601,perf_20261002-161933_clu_rasp14_pi4gb_r2,1,139,1790957978281,0,1790959697243.475,651.958,12.458,1790959697908.599,Normal,0.507
rasp1,48487,20261002-161933_clu_rasp14_pi4gb_r2,606,perf_20261002-161933_clu_rasp14_pi4gb_r2,1,140,1790957978282,0,1790959697911.098,562.409,11.758,1790959698486.036,Normal,0.9309
rasp1,48487,20261002-161933_clu_rasp14_pi4gb_r2,609,perf_20261002-161933_clu_rasp14_pi4gb_r2,1,141,1790957978282,0,1790959698488.488,546.156,8.907,1790959699044.304,Normal,0.9494
rasp1,48487,20261002-161933_clu_rasp14_pi4gb_r2,612,perf_20261002-161933_clu_rasp14_pi4gb_r2,1,142,1790957978283,0,1790959699045.674,797.138,11.974,1790959699855.922,Normal,0.9615
rasp1,48487,20261002-161933_clu_rasp14_pi4gb_r2,616,perf_20261002-161933_clu_rasp14_pi4gb_r2,1,143,1790957978283,0,1790959699858.839,2198.486,9.89,1790959702068.001,Normal,0.9635
rasp1,48487,20261002-161933_clu_rasp14_pi4gb_r2,618,perf_20261002-161933_clu_rasp14_pi4gb_r2,1,144,1790957978284,0,1790959702069.932,597.694,12.419,1790959702680.925,Normal,0.9525
rasp1,48487,20261002-161933_clu_rasp14_pi4gb_r2,624,perf_20261002-161933_clu_rasp14_pi4gb_r2,1,145,1790957978285,0,1790959702683.003,680.011,11.389,1790959703375.625,Normal,0.912
rasp1,48487,20261002-161933_clu_rasp14_pi4gb_r2,627,perf_20261002-161933_clu_rasp14_pi4gb_r2,1,146,1790957978286,0,1790959703377.385,1099.943,10.599,1790959704488.839,Normal,0.954
rasp1,48487,20261002-161933_clu_rasp14_pi4gb_r2,631,perf_20261002-161933_clu_rasp14_pi4gb_r2,1,147,1790957978286,0,1790959704490.405,620.985,15.39,1790959705127.522,Normal,0.9619
rasp1,48487,20261002-161933_clu_rasp14_pi4gb_r2,632,perf_20261002-161933_clu_rasp14_pi4gb_r2,1,148,1790957978286,0,1790959705129.434,1054.478,10.914,1790959706195.905,Normal,0.7526
rasp1,48487,20261002-161933_clu_rasp14_pi4gb_r2,637,perf_20261002-161933_clu_rasp14_pi4gb_r2,1,149,1790957978287,0,1790959706197.457,782.321,9.641,1790959706990.081,Normal,0.9534
rasp1,48487,20261002-161933_clu_rasp14_pi4gb_r2,645,perf_20261002-161933_clu_rasp14_pi4gb_r2,1,150,1790957978287,0,1790959706991.457,833.508,12.044,1790959707837.627,Normal,0.9333
rasp1,48487,20261002-161933_clu_rasp14_pi4gb_r2,651,perf_20261002-161933_clu_rasp14_pi4gb_r2,1,151,1790957978288,0,1790959707845.228,661.167,10.388,1790959708517.494,Normal,0.9172
rasp1,48487,20261002-161933_clu_rasp14_pi4gb_r2,653,perf_20261002-161933_clu_rasp14_pi4gb_r2,1,152,1790957978288,0,1790959708524.935,1149.527,13.011,1790959709688.656,Normal,0.9105
rasp1,48487,20261002-161933_clu_rasp14_pi4gb_r2,656,perf_20261002-161933_clu_rasp14_pi4gb_r2,1,153,1790957978288,0,1790959709691.989,2210.328,9.395,1790959711912.543,Normal,0.9752
rasp1,48487,20261002-161933_clu_rasp14_pi4gb_r2,671,perf_20261002-161933_clu_rasp14_pi4gb_r2,1,154,1790957978290,0,1790959711914.097,589.449,11.978,1790959712516.604,Normal,0.9373
rasp1,48487,20261002-161933_clu_rasp14_pi4gb_r2,672,perf_20261002-161933_clu_rasp14_pi4gb_r2,1,155,1790957978290,0,1790959712519.086,1620.915,10.458,1790959714151.281,Normal,0.9027
rasp1,48487,20261002-161933_clu_rasp14_pi4gb_r2,686,perf_20261002-161933_clu_rasp14_pi4gb_r2,1,156,1790957978327,0,1790959714154.035,600.554,10.267,1790959714771.644,Normal,0.9423
rasp1,48487,20261002-161933_clu_rasp14_pi4gb_r2,688,perf_20261002-161933_clu_rasp14_pi4gb_r2,1,157,1790957978334,0,1790959714773.398,640.633,9.73,1790959715424.437,Normal,0.8369
rasp1,48487,20261002-161933_clu_rasp14_pi4gb_r2,690,perf_20261002-161933_clu_rasp14_pi4gb_r2,1,158,1790957978334,0,1790959715426.255,956.831,11.943,1790959716396.04,Normal,0.8982
rasp1,48487,20261002-161933_clu_rasp14_pi4gb_r2,693,perf_20261002-161933_clu_rasp14_pi4gb_r2,1,159,1790957978335,0,1790959716398.145,639.361,12.811,1790959717051.424,Normal,0.9075
rasp1,48487,20261002-161933_clu_rasp14_pi4gb_r2,694,perf_20261002-161933_clu_rasp14_pi4gb_r2,1,160,1790957978335,0,1790959717053.246,1463.188,12.024,1790959718529.25,Normal,0.932
rasp1,48487,20261002-161933_clu_rasp14_pi4gb_r2,700,perf_20261002-161933_clu_rasp14_pi4gb_r2,1,161,1790957978339,0,1790959718531.054,1125.577,9.056,1790959719666.524,Normal,0.9612
rasp1,48487,20261002-161933_clu_rasp14_pi4gb_r2,706,perf_20261002-161933_clu_rasp14_pi4gb_r2,1,162,1790957978340,0,1790959719667.997,892.375,9.566,1790959720570.624,Normal,0.9605
rasp1,48487,20261002-161933_clu_rasp14_pi4gb_r2,707,perf_20261002-161933_clu_rasp14_pi4gb_r2,1,163,1790957978340,0,1790959720572.356,680.261,12.867,1790959721266.327,Normal,0.9514
rasp1,48487,20261002-161933_clu_rasp14_pi4gb_r2,710,perf_20261002-161933_clu_rasp14_pi4gb_r2,1,164,1790957978341,0,1790959721274.109,982.512,15.76,1790959722273.106,Normal,0.9473
rasp1,48487,20261002-161933_clu_rasp14_pi4gb_r2,711,perf_20261002-161933_clu_rasp14_pi4gb_r2,1,165,1790957978341,0,1790959722275.584,827.485,12.707,1790959723116.974,Normal,0.9306
rasp1,48487,20261002-161933_clu_rasp14_pi4gb_r2,727,perf_20261002-161933_clu_rasp14_pi4gb_r2,1,166,1790957978344,0,1790959723122.538,682.825,10.988,1790959723817.257,Normal,0.9411
rasp1,48487,20261002-161933_clu_rasp14_pi4gb_r2,728,perf_20261002-161933_clu_rasp14_pi4gb_r2,1,167,1790957978344,0,1790959723819.166,1120.804,10.543,1790959724951.322,Normal,0.9173
rasp1,48487,20261002-161933_clu_rasp14_pi4gb_r2,730,perf_20261002-161933_clu_rasp14_pi4gb_r2,1,168,1790957978345,0,1790959724953.134,565.786,10.091,1790959725529.874,Normal,0.9375
rasp1,48487,20261002-161933_clu_rasp14_pi4gb_r2,735,perf_20261002-161933_clu_rasp14_pi4gb_r2,1,169,1790957978346,0,1790959725532.1,859.206,9.316,1790959726401.496,Normal,0.965
rasp1,48487,20261002-161933_clu_rasp14_pi4gb_r2,743,perf_20261002-161933_clu_rasp14_pi4gb_r2,1,170,1790957978347,0,1790959726402.965,525.664,8.719,1790959726938.024,Normal,0.9255
rasp1,48487,20261002-161933_clu_rasp14_pi4gb_r2,746,perf_20261002-161933_clu_rasp14_pi4gb_r2,1,171,1790957978348,0,1790959726940.026,689.145,9.652,1790959727639.553,Normal,0.8735
rasp1,48487,20261002-161933_clu_rasp14_pi4gb_r2,748,perf_20261002-161933_clu_rasp14_pi4gb_r2,1,172,1790957978348,0,1790959727640.948,1160.961,9.533,1790959728812.116,Normal,0.9716
rasp1,48487,20261002-161933_clu_rasp14_pi4gb_r2,752,perf_20261002-161933_clu_rasp14_pi4gb_r2,1,173,1790957978349,0,1790959728814.007,851.332,8.358,1790959729674.414,Normal,0.9727
rasp1,48487,20261002-161933_clu_rasp14_pi4gb_r2,754,perf_20261002-161933_clu_rasp14_pi4gb_r2,1,174,1790957978349,0,1790959729676.201,645.926,8.75,1790959730334.438,Normal,0.9639
rasp1,48487,20261002-161933_clu_rasp14_pi4gb_r2,763,perf_20261002-161933_clu_rasp14_pi4gb_r2,1,175,1790957978351,0,1790959730335.82,764.83,9.109,1790959731110.541,Normal,0.9608
rasp1,48487,20261002-161933_clu_rasp14_pi4gb_r2,768,perf_20261002-161933_clu_rasp14_pi4gb_r2,1,176,1790957978352,0,1790959731112.25,806.089,12.141,1790959731931.531,Normal,0.9658
rasp1,48487,20261002-161933_clu_rasp14_pi4gb_r2,772,perf_20261002-161933_clu_rasp14_pi4gb_r2,1,177,1790957978368,0,1790959731933.604,583.856,14.676,1790959732533.308,Normal,0.5441
rasp1,48487,20261002-161933_clu_rasp14_pi4gb_r2,775,perf_20261002-161933_clu_rasp14_pi4gb_r2,1,178,1790957978373,0,1790959732536.576,566.414,10.698,1790959733114.354,Normal,0.9608
rasp1,48487,20261002-161933_clu_rasp14_pi4gb_r2,776,perf_20261002-161933_clu_rasp14_pi4gb_r2,1,179,1790957978373,0,1790959733116.395,681.246,10.7,1790959733810.002,Normal,0.806
rasp1,48487,20261002-161933_clu_rasp14_pi4gb_r2,786,perf_20261002-161933_clu_rasp14_pi4gb_r2,1,180,1790957978376,0,1790959733812.039,887.331,10.801,1790959734710.854,Normal,0.961
rasp1,48487,20261002-161933_clu_rasp14_pi4gb_r2,788,perf_20261002-161933_clu_rasp14_pi4gb_r2,1,181,1790957978376,0,1790959734718.242,803.045,10.122,1790959735532.311,Normal,0.9574
rasp1,48487,20261002-161933_clu_rasp14_pi4gb_r2,800,perf_20261002-161933_clu_rasp14_pi4gb_r2,1,182,1790957978379,0,1790959735535.833,756.522,10.017,1790959736303.056,Normal,0.9678
rasp1,48487,20261002-161933_clu_rasp14_pi4gb_r2,810,perf_20261002-161933_clu_rasp14_pi4gb_r2,1,183,1790957978382,0,1790959736310.137,731.676,15.603,1790959737058.044,Normal,0.9533
rasp1,48487,20261002-161933_clu_rasp14_pi4gb_r2,815,perf_20261002-161933_clu_rasp14_pi4gb_r2,1,184,1790957978383,0,1790959737065.525,978.232,11.212,1790959738055.837,Normal,0.9759
rasp1,48487,20261002-161933_clu_rasp14_pi4gb_r2,816,perf_20261002-161933_clu_rasp14_pi4gb_r2,1,185,1790957978383,0,1790959738058.54,687.972,10.431,1790959738757.66,Normal,0.7177
rasp1,48487,20261002-161933_clu_rasp14_pi4gb_r2,819,perf_20261002-161933_clu_rasp14_pi4gb_r2,1,186,1790957978383,0,1790959738759.292,658.285,10.417,1790959739428.831,Normal,0.9477
rasp1,48487,20261002-161933_clu_rasp14_pi4gb_r2,820,perf_20261002-161933_clu_rasp14_pi4gb_r2,1,187,1790957978384,0,1790959739431.228,894.361,9.408,1790959740335.795,Normal,0.9335
rasp1,48487,20261002-161933_clu_rasp14_pi4gb_r2,826,perf_20261002-161933_clu_rasp14_pi4gb_r2,1,188,1790957978385,0,1790959740337.125,1110.939,18.597,1790959741467.434,Normal,0.9634
rasp1,48487,20261002-161933_clu_rasp14_pi4gb_r2,831,perf_20261002-161933_clu_rasp14_pi4gb_r2,1,189,1790957978386,0,1790959741468.808,1675.352,10.339,1790959743155.768,Normal,0.9283
rasp1,48487,20261002-161933_clu_rasp14_pi4gb_r2,835,perf_20261002-161933_clu_rasp14_pi4gb_r2,1,190,1790957978387,0,1790959743157.23,779.936,9.352,1790959743947.201,Normal,0.969
rasp1,48487,20261002-161933_clu_rasp14_pi4gb_r2,837,perf_20261002-161933_clu_rasp14_pi4gb_r2,1,191,1790957978387,0,1790959743949.035,609.388,11.013,1790959744570.15,Normal,0.9757
rasp1,48487,20261002-161933_clu_rasp14_pi4gb_r2,844,perf_20261002-161933_clu_rasp14_pi4gb_r2,1,192,1790957978388,0,1790959744572.011,620.46,11.998,1790959745205.388,Normal,0.9442
rasp1,48487,20261002-161933_clu_rasp14_pi4gb_r2,846,perf_20261002-161933_clu_rasp14_pi4gb_r2,1,193,1790957978389,0,1790959745207.851,1594.254,13.611,1790959746816.933,Normal,0.702
rasp1,48487,20261002-161933_clu_rasp14_pi4gb_r2,851,perf_20261002-161933_clu_rasp14_pi4gb_r2,1,194,1790957978390,0,1790959746819.396,1483.945,9.449,1790959748313.618,Normal,0.967
rasp1,48487,20261002-161933_clu_rasp14_pi4gb_r2,853,perf_20261002-161933_clu_rasp14_pi4gb_r2,1,195,1790957978390,0,1790959748318.799,3666.529,10.388,1790959751996.575,Normal,0.9343
rasp1,48487,20261002-161933_clu_rasp14_pi4gb_r2,854,perf_20261002-161933_clu_rasp14_pi4gb_r2,1,196,1790957978390,0,1790959751999.015,613.307,9.232,1790959752622.277,Normal,0.9527
rasp1,48487,20261002-161933_clu_rasp14_pi4gb_r2,857,perf_20261002-161933_clu_rasp14_pi4gb_r2,1,197,1790957978391,0,1790959752623.637,874.544,9.308,1790959753508.39,Normal,0.8785
rasp1,48487,20261002-161933_clu_rasp14_pi4gb_r2,858,perf_20261002-161933_clu_rasp14_pi4gb_r2,1,198,1790957978391,0,1790959753510.1,643.861,11.202,1790959754166.033,Normal,0.944
rasp1,48487,20261002-161933_clu_rasp14_pi4gb_r2,861,perf_20261002-161933_clu_rasp14_pi4gb_r2,1,199,1790957978392,0,1790959754167.629,565.521,11.927,1790959754746.235,Normal,0.9539
rasp1,48487,20261002-161933_clu_rasp14_pi4gb_r2,862,perf_20261002-161933_clu_rasp14_pi4gb_r2,1,200,1790957978392,0,1790959754747.981,1163.063,12.152,1790959755924.431,Normal,0.9408
rasp1,48487,20261002-161933_clu_rasp14_pi4gb_r2,867,perf_20261002-161933_clu_rasp14_pi4gb_r2,1,201,1790957978393,0,1790959755927.309,961.452,11.255,1790959756900.865,Normal,0.8677
rasp1,48487,20261002-161933_clu_rasp14_pi4gb_r2,870,perf_20261002-161933_clu_rasp14_pi4gb_r2,1,202,1790957978394,0,1790959756903.608,872.928,10.887,1790959757788.36,Normal,0.8953
rasp1,48487,20261002-161933_clu_rasp14_pi4gb_r2,872,perf_20261002-161933_clu_rasp14_pi4gb_r2,1,203,1790957978394,0,1790959757790.245,626.148,10.218,1790959758427.408,Normal,0.9627
rasp1,48487,20261002-161933_clu_rasp14_pi4gb_r2,875,perf_20261002-161933_clu_rasp14_pi4gb_r2,1,204,1790957978395,0,1790959758430.096,1313.948,10.372,1790959759755.054,Normal,0.8758
rasp1,48487,20261002-161933_clu_rasp14_pi4gb_r2,891,perf_20261002-161933_clu_rasp14_pi4gb_r2,1,205,1790957978398,0,1790959759756.316,538.116,9.42,1790959760304.624,Normal,0.9629
rasp1,48487,20261002-161933_clu_rasp14_pi4gb_r2,898,perf_20261002-161933_clu_rasp14_pi4gb_r2,1,206,1790957978400,0,1790959760305.971,551.689,12.1,1790959760870.455,Normal,0.9656
rasp1,48487,20261002-161933_clu_rasp14_pi4gb_r2,905,perf_20261002-161933_clu_rasp14_pi4gb_r2,1,207,1790957978401,0,1790959760874.967,593.42,21.743,1790959761490.839,Normal,0.9375
rasp1,48487,20261002-161933_clu_rasp14_pi4gb_r2,907,perf_20261002-161933_clu_rasp14_pi4gb_r2,1,208,1790957978402,0,1790959761497.222,1843.24,12.141,1790959763353.439,Normal,0.9631
rasp1,48487,20261002-161933_clu_rasp14_pi4gb_r2,908,perf_20261002-161933_clu_rasp14_pi4gb_r2,1,209,1790957978402,0,1790959763355.974,1635.58,12.656,1790959765004.993,Normal,0.9725
rasp1,48487,20261002-161933_clu_rasp14_pi4gb_r2,915,perf_20261002-161933_clu_rasp14_pi4gb_r2,1,210,1790957978403,0,1790959765013.055,706.014,12.547,1790959765732.872,Normal,0.9455
rasp1,48487,20261002-161933_clu_rasp14_pi4gb_r2,919,perf_20261002-161933_clu_rasp14_pi4gb_r2,1,211,1790957978404,0,1790959765735.209,672.047,10.619,1790959766418.874,Normal,0.9375
rasp1,48487,20261002-161933_clu_rasp14_pi4gb_r2,929,perf_20261002-161933_clu_rasp14_pi4gb_r2,1,212,1790957978406,0,1790959766420.27,741.835,8.449,1790959767171.239,Normal,0.9374
rasp1,48487,20261002-161933_clu_rasp14_pi4gb_r2,930,perf_20261002-161933_clu_rasp14_pi4gb_r2,1,213,1790957978406,0,1790959767172.551,531.371,9.247,1790959767713.791,Normal,0.9494
rasp1,48487,20261002-161933_clu_rasp14_pi4gb_r2,934,perf_20261002-161933_clu_rasp14_pi4gb_r2,1,214,1790957978406,0,1790959767715.123,603.641,12.784,1790959768332.421,Normal,0.9304
rasp1,48487,20261002-161933_clu_rasp14_pi4gb_r2,938,perf_20261002-161933_clu_rasp14_pi4gb_r2,1,215,1790957978407,0,1790959768334.654,629.519,9.972,1790959768975.141,Normal,0.9751
rasp1,48487,20261002-161933_clu_rasp14_pi4gb_r2,942,perf_20261002-161933_clu_rasp14_pi4gb_r2,1,216,1790957978407,0,1790959768977.354,2457.921,9.025,1790959771445.697,Normal,0.9594
rasp1,48487,20261002-161933_clu_rasp14_pi4gb_r2,951,perf_20261002-161933_clu_rasp14_pi4gb_r2,1,217,1790957978408,0,1790959771447.23,964.034,17.931,1790959772429.959,Normal,0.9438
rasp1,48487,20261002-161933_clu_rasp14_pi4gb_r2,952,perf_20261002-161933_clu_rasp14_pi4gb_r2,1,218,1790957978408,0,1790959772431.174,643.464,11.617,1790959773086.944,Normal,0.9699
rasp1,48487,20261002-161933_clu_rasp14_pi4gb_r2,953,perf_20261002-161933_clu_rasp14_pi4gb_r2,1,219,1790957978408,0,1790959773088.282,691.45,9.107,1790959773789.479,OFFENSIVE,0.9024
rasp1,48487,20261002-161933_clu_rasp14_pi4gb_r2,959,perf_20261002-161933_clu_rasp14_pi4gb_r2,1,220,1790957978409,0,1790959773790.887,536.764,8.593,1790959774336.914,Normal,0.9494
rasp1,48487,20261002-161933_clu_rasp14_pi4gb_r2,963,perf_20261002-161933_clu_rasp14_pi4gb_r2,1,221,1790957978410,0,1790959774338.175,1236.561,15.365,1790959775590.873,Normal,0.9444
rasp1,48487,20261002-161933_clu_rasp14_pi4gb_r2,967,perf_20261002-161933_clu_rasp14_pi4gb_r2,1,222,1790957978410,0,1790959775592.903,876.689,20.596,1790959776490.925,Normal,0.9507
rasp1,48487,20261002-161933_clu_rasp14_pi4gb_r2,969,perf_20261002-161933_clu_rasp14_pi4gb_r2,1,223,1790957978410,0,1790959776492.287,709.125,15.041,1790959777217.506,Normal,0.9387
rasp1,48487,20261002-161933_clu_rasp14_pi4gb_r2,971,perf_20261002-161933_clu_rasp14_pi4gb_r2,1,224,1790957978410,0,1790959777225.457,2244.007,10.129,1790959779480.551,Normal,0.9721
rasp1,48487,20261002-161933_clu_rasp14_pi4gb_r2,983,perf_20261002-161933_clu_rasp14_pi4gb_r2,1,225,1790957978411,0,1790959779481.894,576.447,13.78,1790959780073.604,Normal,0.9514
rasp1,48487,20261002-161933_clu_rasp14_pi4gb_r2,984,perf_20261002-161933_clu_rasp14_pi4gb_r2,1,226,1790957978411,0,1790959780076.045,722.546,11.638,1790959780811.081,Normal,0.9617
rasp1,48487,20261002-161933_clu_rasp14_pi4gb_r2,985,perf_20261002-161933_clu_rasp14_pi4gb_r2,1,227,1790957978412,0,1790959780813.204,837.652,15.157,1790959781667.354,Normal,0.5899
rasp1,48487,20261002-161933_clu_rasp14_pi4gb_r2,987,perf_20261002-161933_clu_rasp14_pi4gb_r2,1,228,1790957978412,0,1790959781670.388,2250.21,12.639,1790959783934.423,Normal,0.979
rasp1,48487,20261002-161933_clu_rasp14_pi4gb_r2,991,perf_20261002-161933_clu_rasp14_pi4gb_r2,1,229,1790957978412,0,1790959783936.419,658.923,10.614,1790959784607.17,Normal,0.9667
rasp1,48487,20261002-161933_clu_rasp14_pi4gb_r2,995,perf_20261002-161933_clu_rasp14_pi4gb_r2,1,230,1790957978412,0,1790959784608.478,575.891,9.453,1790959785194.681,Normal,0.9375
rasp1,48487,20261002-161933_clu_rasp14_pi4gb_r2,1003,perf_20261002-161933_clu_rasp14_pi4gb_r2,1,231,1790957978413,0,1790959785196.046,1334.702,8.919,1790959786540.427,Normal,0.9268
rasp1,48487,20261002-161933_clu_rasp14_pi4gb_r2,1007,perf_20261002-161933_clu_rasp14_pi4gb_r2,1,232,1790957978413,0,1790959786541.766,1001.314,9.637,1790959787553.332,Normal,0.972
rasp1,48487,20261002-161933_clu_rasp14_pi4gb_r2,1011,perf_20261002-161933_clu_rasp14_pi4gb_r2,1,233,1790957978414,0,1790959787554.773,641.644,12.499,1790959788209.688,Normal,0.9486
rasp1,48487,20261002-161933_clu_rasp14_pi4gb_r2,1024,perf_20261002-161933_clu_rasp14_pi4gb_r2,1,234,1790957978415,0,1790959788212.352,942.607,17.769,1790959789174.161,Normal,0.9411
rasp1,48487,20261002-161933_clu_rasp14_pi4gb_r2,1025,perf_20261002-161933_clu_rasp14_pi4gb_r2,1,235,1790957978415,0,1790959789176.01,977.949,15.505,1790959790170.067,Normal,0.9748
rasp1,48487,20261002-161933_clu_rasp14_pi4gb_r2,1035,perf_20261002-161933_clu_rasp14_pi4gb_r2,1,236,1790957978416,0,1790959790171.796,878.224,9.61,1790959791060.443,Normal,0.9719
rasp1,48487,20261002-161933_clu_rasp14_pi4gb_r2,1039,perf_20261002-161933_clu_rasp14_pi4gb_r2,1,237,1790957978416,0,1790959791061.925,672.507,11.918,1790959791747.201,Normal,0.8477
rasp1,48487,20261002-161933_clu_rasp14_pi4gb_r2,1043,perf_20261002-161933_clu_rasp14_pi4gb_r2,1,238,1790957978417,0,1790959791753.033,859.497,12.708,1790959792626.06,Normal,0.9614
rasp1,48487,20261002-161933_clu_rasp14_pi4gb_r2,1049,perf_20261002-161933_clu_rasp14_pi4gb_r2,1,239,1790957978417,0,1790959792633.535,560.373,8.88,1790959793203.415,Normal,0.9375
rasp1,48487,20261002-161933_clu_rasp14_pi4gb_r2,1052,perf_20261002-161933_clu_rasp14_pi4gb_r2,1,240,1790957978418,0,1790959793204.915,627.099,10.636,1790959793843.326,Normal,0.9302
rasp1,48487,20261002-161933_clu_rasp14_pi4gb_r2,1058,perf_20261002-161933_clu_rasp14_pi4gb_r2,1,241,1790957978418,0,1790959793845.137,731.374,9.073,1790959794586.49,Normal,0.9525
rasp1,48487,20261002-161933_clu_rasp14_pi4gb_r2,1061,perf_20261002-161933_clu_rasp14_pi4gb_r2,1,242,1790957978418,0,1790959794587.985,642.226,8.646,1790959795239.547,Normal,0.9022
rasp1,48487,20261002-161933_clu_rasp14_pi4gb_r2,1066,perf_20261002-161933_clu_rasp14_pi4gb_r2,1,243,1790957978419,0,1790959795240.977,1536.576,8.951,1790959796787.306,Normal,0.8687
rasp1,48487,20261002-161933_clu_rasp14_pi4gb_r2,1079,perf_20261002-161933_clu_rasp14_pi4gb_r2,1,244,1790957978420,0,1790959796788.61,704.533,9.272,1790959797508.1,Normal,0.9639
rasp1,48487,20261002-161933_clu_rasp14_pi4gb_r2,1085,perf_20261002-161933_clu_rasp14_pi4gb_r2,1,245,1790957978421,0,1790959797509.933,650.061,14.18,1790959798175.483,Normal,0.9312
rasp1,48487,20261002-161933_clu_rasp14_pi4gb_r2,1086,perf_20261002-161933_clu_rasp14_pi4gb_r2,1,246,1790957978421,0,1790959798177.53,560.833,9.308,1790959798748.481,Normal,0.9375
rasp1,48487,20261002-161933_clu_rasp14_pi4gb_r2,1087,perf_20261002-161933_clu_rasp14_pi4gb_r2,1,247,1790957978421,0,1790959798750.186,1236.372,9.793,1790959799997.243,Normal,0.9469
rasp1,48487,20261002-161933_clu_rasp14_pi4gb_r2,1094,perf_20261002-161933_clu_rasp14_pi4gb_r2,1,248,1790957978421,0,1790959799998.802,1346.153,10.983,1790959801356.627,Normal,0.8505
rasp1,48487,20261002-161933_clu_rasp14_pi4gb_r2,1101,perf_20261002-161933_clu_rasp14_pi4gb_r2,1,249,1790957978422,0,1790959801358.874,1665.92,10.116,1790959803035.765,Normal,0.9326
rasp1,48487,20261002-161933_clu_rasp14_pi4gb_r2,1102,perf_20261002-161933_clu_rasp14_pi4gb_r2,1,250,1790957978422,0,1790959803037.31,903.894,23.591,1790959803968.258,HATE,0.747
rasp1,48487,20261002-161933_clu_rasp14_pi4gb_r2,1114,perf_20261002-161933_clu_rasp14_pi4gb_r2,1,251,1790957978423,0,1790959803975.783,999.025,9.535,1790959804985.061,Normal,0.9647
rasp1,48487,20261002-161933_clu_rasp14_pi4gb_r2,1115,perf_20261002-161933_clu_rasp14_pi4gb_r2,1,252,1790957978423,0,1790959804989.807,1207.057,10.545,1790959806208.212,Normal,0.9765
rasp1,48487,20261002-161933_clu_rasp14_pi4gb_r2,1116,perf_20261002-161933_clu_rasp14_pi4gb_r2,1,253,1790957978423,0,1790959806209.989,908.487,18.965,1790959807138.205,Normal,0.9556
rasp1,48487,20261002-161933_clu_rasp14_pi4gb_r2,1121,perf_20261002-161933_clu_rasp14_pi4gb_r2,1,254,1790957978424,0,1790959807140.218,1527.119,11.003,1790959808679.235,Normal,0.9653
rasp1,48487,20261002-161933_clu_rasp14_pi4gb_r2,1131,perf_20261002-161933_clu_rasp14_pi4gb_r2,1,255,1790957978424,0,1790959808681.215,708.673,8.934,1790959809399.52,Normal,0.9208
rasp1,48487,20261002-161933_clu_rasp14_pi4gb_r2,1139,perf_20261002-161933_clu_rasp14_pi4gb_r2,1,256,1790957978427,0,1790959809401.142,684.737,12.442,1790959810099.469,Normal,0.9621
rasp1,48487,20261002-161933_clu_rasp14_pi4gb_r2,1144,perf_20261002-161933_clu_rasp14_pi4gb_r2,1,257,1790957978428,0,1790959810101.621,728.682,9.45,1790959810840.669,Normal,0.9473
rasp1,48487,20261002-161933_clu_rasp14_pi4gb_r2,1148,perf_20261002-161933_clu_rasp14_pi4gb_r2,1,258,1790957978428,0,1790959810842.563,646.763,9.99,1790959811500.187,Normal,0.9435
rasp1,48487,20261002-161933_clu_rasp14_pi4gb_r2,1165,perf_20261002-161933_clu_rasp14_pi4gb_r2,1,259,1790957978430,0,1790959811502.001,570.577,8.764,1790959812082.241,Normal,0.9457
rasp1,48487,20261002-161933_clu_rasp14_pi4gb_r2,1168,perf_20261002-161933_clu_rasp14_pi4gb_r2,1,260,1790957978430,0,1790959812083.643,538.191,9.216,1790959812637.409,Normal,0.9375
rasp1,48487,20261002-161933_clu_rasp14_pi4gb_r2,1170,perf_20261002-161933_clu_rasp14_pi4gb_r2,1,261,1790957978430,0,1790959812638.87,622.991,10.135,1790959813272.785,Normal,0.9556
rasp1,48487,20261002-161933_clu_rasp14_pi4gb_r2,1176,perf_20261002-161933_clu_rasp14_pi4gb_r2,1,262,1790957978430,0,1790959813274.572,571.562,9.701,1790959813856.544,Normal,0.9401
rasp1,48487,20261002-161933_clu_rasp14_pi4gb_r2,1185,perf_20261002-161933_clu_rasp14_pi4gb_r2,1,263,1790957978431,0,1790959813858.467,658.552,11.404,1790959814529.31,Normal,0.9715
rasp1,48487,20261002-161933_clu_rasp14_pi4gb_r2,1186,perf_20261002-161933_clu_rasp14_pi4gb_r2,1,264,1790957978431,0,1790959814531.11,709.446,12.238,1790959815253.55,Normal,0.9627
rasp1,48487,20261002-161933_clu_rasp14_pi4gb_r2,1187,perf_20261002-161933_clu_rasp14_pi4gb_r2,1,265,1790957978431,0,1790959815255.65,919.197,12.217,1790959816188.419,Normal,0.9709
rasp1,48487,20261002-161933_clu_rasp14_pi4gb_r2,1191,perf_20261002-161933_clu_rasp14_pi4gb_r2,1,266,1790957978432,0,1790959816190.116,842.177,10.496,1790959817043.573,Normal,0.9443
rasp1,48487,20261002-161933_clu_rasp14_pi4gb_r2,1192,perf_20261002-161933_clu_rasp14_pi4gb_r2,1,267,1790957978432,0,1790959817046.099,910.242,24.746,1790959817988.083,Normal,0.9618
rasp1,48487,20261002-161933_clu_rasp14_pi4gb_r2,1197,perf_20261002-161933_clu_rasp14_pi4gb_r2,1,268,1790957978434,0,1790959817990.087,648.782,9.364,1790959818648.866,Normal,0.9475
rasp1,48487,20261002-161933_clu_rasp14_pi4gb_r2,1203,perf_20261002-161933_clu_rasp14_pi4gb_r2,1,269,1790957978434,0,1790959818655.532,894.002,11.581,1790959819565.064,Normal,0.9154
rasp1,48487,20261002-161933_clu_rasp14_pi4gb_r2,1204,perf_20261002-161933_clu_rasp14_pi4gb_r2,1,270,1790957978434,0,1790959819568.682,900.003,9.324,1790959820478.855,Normal,0.9655
rasp1,48487,20261002-161933_clu_rasp14_pi4gb_r2,1205,perf_20261002-161933_clu_rasp14_pi4gb_r2,1,271,1790957978434,0,1790959820482.03,963.44,9.774,1790959821456.16,Normal,0.8517
rasp1,48487,20261002-161933_clu_rasp14_pi4gb_r2,1211,perf_20261002-161933_clu_rasp14_pi4gb_r2,1,272,1790957978435,0,1790959821457.772,719.13,10.954,1790959822188.565,Normal,0.969
rasp1,48487,20261002-161933_clu_rasp14_pi4gb_r2,1219,perf_20261002-161933_clu_rasp14_pi4gb_r2,1,273,1790957978435,0,1790959822190.838,823.333,11.265,1790959823031.458,Normal,0.9643
rasp1,48487,20261002-161933_clu_rasp14_pi4gb_r2,1223,perf_20261002-161933_clu_rasp14_pi4gb_r2,1,274,1790957978436,0,1790959823033.091,716.814,15.161,1790959823766.471,Normal,0.9728
rasp1,48487,20261002-161933_clu_rasp14_pi4gb_r2,1225,perf_20261002-161933_clu_rasp14_pi4gb_r2,1,275,1790957978436,0,1790959823768.916,3340.886,9.989,1790959827121.212,Normal,0.9543
rasp1,48487,20261002-161933_clu_rasp14_pi4gb_r2,1227,perf_20261002-161933_clu_rasp14_pi4gb_r2,1,276,1790957978436,0,1790959827122.6,931.204,8.819,1790959828063.303,Normal,0.9715
rasp1,48487,20261002-161933_clu_rasp14_pi4gb_r2,1230,perf_20261002-161933_clu_rasp14_pi4gb_r2,1,277,1790957978436,0,1790959828064.924,827.517,9.142,1790959828902.229,Normal,0.9572
rasp1,48487,20261002-161933_clu_rasp14_pi4gb_r2,1235,perf_20261002-161933_clu_rasp14_pi4gb_r2,1,278,1790957978437,0,1790959828903.601,771.802,8.507,1790959829684.608,Normal,0.835
rasp1,48487,20261002-161933_clu_rasp14_pi4gb_r2,1240,perf_20261002-161933_clu_rasp14_pi4gb_r2,1,279,1790957978437,0,1790959829686.0,1039.448,10.016,1790959830736.22,Normal,0.8489
rasp1,48487,20261002-161933_clu_rasp14_pi4gb_r2,1242,perf_20261002-161933_clu_rasp14_pi4gb_r2,1,280,1790957978437,0,1790959830738.406,1350.673,11.675,1790959832101.325,Normal,0.8981
rasp1,48487,20261002-161933_clu_rasp14_pi4gb_r2,1245,perf_20261002-161933_clu_rasp14_pi4gb_r2,1,281,1790957978437,0,1790959832108.798,1274.43,13.76,1790959833397.822,Normal,0.7222
rasp1,48487,20261002-161933_clu_rasp14_pi4gb_r2,1252,perf_20261002-161933_clu_rasp14_pi4gb_r2,1,282,1790957978438,0,1790959833405.269,965.326,10.006,1790959834381.524,Normal,0.9269
rasp1,48487,20261002-161933_clu_rasp14_pi4gb_r2,1259,perf_20261002-161933_clu_rasp14_pi4gb_r2,1,283,1790957978439,0,1790959834389.091,598.77,9.783,1790959834998.367,Normal,0.9196
rasp1,48487,20261002-161933_clu_rasp14_pi4gb_r2,1262,perf_20261002-161933_clu_rasp14_pi4gb_r2,1,284,1790957978439,0,1790959835002.165,685.817,9.341,1790959835698.447,Normal,0.9374
rasp1,48487,20261002-161933_clu_rasp14_pi4gb_r2,1271,perf_20261002-161933_clu_rasp14_pi4gb_r2,1,285,1790957978440,0,1790959835699.985,652.84,9.851,1790959836363.25,Normal,0.9657
rasp1,48487,20261002-161933_clu_rasp14_pi4gb_r2,1272,perf_20261002-161933_clu_rasp14_pi4gb_r2,1,286,1790957978440,0,1790959836364.534,565.393,9.578,1790959836940.126,Normal,0.9375
rasp1,48487,20261002-161933_clu_rasp14_pi4gb_r2,1275,perf_20261002-161933_clu_rasp14_pi4gb_r2,1,287,1790957978440,0,1790959836941.908,1220.82,9.968,1790959838173.462,Normal,0.9687
rasp1,48487,20261002-161933_clu_rasp14_pi4gb_r2,1276,perf_20261002-161933_clu_rasp14_pi4gb_r2,1,288,1790957978440,0,1790959838179.137,709.085,9.35,1790959838898.236,OFFENSIVE,0.6806
rasp1,48487,20261002-161933_clu_rasp14_pi4gb_r2,1282,perf_20261002-161933_clu_rasp14_pi4gb_r2,1,289,1790957978441,0,1790959838899.943,586.225,9.491,1790959839496.333,Normal,0.9503
rasp1,48487,20261002-161933_clu_rasp14_pi4gb_r2,1285,perf_20261002-161933_clu_rasp14_pi4gb_r2,1,290,1790957978441,0,1790959839497.89,577.977,8.378,1790959840084.846,Normal,0.951
rasp1,48487,20261002-161933_clu_rasp14_pi4gb_r2,1290,perf_20261002-161933_clu_rasp14_pi4gb_r2,1,291,1790957978442,0,1790959840086.415,504.625,9.92,1790959840601.692,Normal,0.9475
rasp1,48487,20261002-161933_clu_rasp14_pi4gb_r2,1296,perf_20261002-161933_clu_rasp14_pi4gb_r2,1,292,1790957978442,0,1790959840603.46,1087.782,10.015,1790959841701.962,Normal,0.966
rasp1,48487,20261002-161933_clu_rasp14_pi4gb_r2,1299,perf_20261002-161933_clu_rasp14_pi4gb_r2,1,293,1790957978442,0,1790959841703.48,811.337,9.88,1790959842525.433,Normal,0.8937
rasp1,48487,20261002-161933_clu_rasp14_pi4gb_r2,1302,perf_20261002-161933_clu_rasp14_pi4gb_r2,1,294,1790957978443,0,1790959842526.687,612.744,10.208,1790959843150.532,Normal,0.9353
rasp1,48487,20261002-161933_clu_rasp14_pi4gb_r2,1313,perf_20261002-161933_clu_rasp14_pi4gb_r2,1,295,1790957978443,0,1790959843152.082,777.565,9.668,1790959843940.005,Normal,0.951
rasp1,48487,20261002-161933_clu_rasp14_pi4gb_r2,1321,perf_20261002-161933_clu_rasp14_pi4gb_r2,1,296,1790957978448,0,1790959843941.34,704.268,10.775,1790959844657.079,Normal,0.9545
rasp1,48487,20261002-161933_clu_rasp14_pi4gb_r2,1322,perf_20261002-161933_clu_rasp14_pi4gb_r2,1,297,1790957978448,0,1790959844658.824,1572.902,14.524,1790959846246.845,Normal,0.9641
rasp1,48487,20261002-161933_clu_rasp14_pi4gb_r2,1326,perf_20261002-161933_clu_rasp14_pi4gb_r2,1,298,1790957978449,0,1790959846249.353,997.765,20.231,1790959847267.997,Normal,0.9437
rasp1,48487,20261002-161933_clu_rasp14_pi4gb_r2,1328,perf_20261002-161933_clu_rasp14_pi4gb_r2,1,299,1790957978449,0,1790959847269.266,767.817,26.145,1790959848064.59,Normal,0.8317
rasp1,48487,20261002-161933_clu_rasp14_pi4gb_r2,1332,perf_20261002-161933_clu_rasp14_pi4gb_r2,1,300,1790957978449,0,1790959848073.925,852.089,12.313,1790959848939.004,Normal,0.9555
rasp1,48487,20261002-161933_clu_rasp14_pi4gb_r2,1335,perf_20261002-161933_clu_rasp14_pi4gb_r2,1,301,1790957978449,0,1790959848943.414,1271.238,10.282,1790959850225.635,Normal,0.9555
rasp1,48487,20261002-161933_clu_rasp14_pi4gb_r2,1342,perf_20261002-161933_clu_rasp14_pi4gb_r2,1,302,1790957978450,0,1790959850227.077,769.945,10.202,1790959851007.861,Normal,0.9547
rasp1,48487,20261002-161933_clu_rasp14_pi4gb_r2,1350,perf_20261002-161933_clu_rasp14_pi4gb_r2,1,303,1790957978451,0,1790959851009.192,1127.88,9.411,1790959852147.111,Normal,0.9483
rasp1,48487,20261002-161933_clu_rasp14_pi4gb_r2,1352,perf_20261002-161933_clu_rasp14_pi4gb_r2,1,304,1790957978451,0,1790959852148.611,572.867,9.76,1790959852732.084,Normal,0.8935
rasp1,48487,20261002-161933_clu_rasp14_pi4gb_r2,1354,perf_20261002-161933_clu_rasp14_pi4gb_r2,1,305,1790957978451,0,1790959852733.872,508.758,10.28,1790959853254.24,Normal,0.9418
rasp1,48487,20261002-161933_clu_rasp14_pi4gb_r2,1361,perf_20261002-161933_clu_rasp14_pi4gb_r2,1,306,1790957978452,0,1790959853256.177,1108.3,10.801,1790959854376.125,Normal,0.4861
rasp1,48487,20261002-161933_clu_rasp14_pi4gb_r2,1364,perf_20261002-161933_clu_rasp14_pi4gb_r2,1,307,1790957978452,0,1790959854378.005,1521.928,17.027,1790959855918.616,Normal,0.9358
rasp1,48487,20261002-161933_clu_rasp14_pi4gb_r2,1366,perf_20261002-161933_clu_rasp14_pi4gb_r2,1,308,1790957978452,0,1790959855920.553,547.952,10.753,1790959856480.118,Normal,0.9401
rasp1,48487,20261002-161933_clu_rasp14_pi4gb_r2,1370,perf_20261002-161933_clu_rasp14_pi4gb_r2,1,309,1790957978452,0,1790959856482.094,1498.464,8.812,1790959857990.075,Normal,0.9305
rasp1,48487,20261002-161933_clu_rasp14_pi4gb_r2,1372,perf_20261002-161933_clu_rasp14_pi4gb_r2,1,310,1790957978452,0,1790959857991.468,739.332,13.428,1790959858745.66,Normal,0.9482
rasp1,48487,20261002-161933_clu_rasp14_pi4gb_r2,1373,perf_20261002-161933_clu_rasp14_pi4gb_r2,1,311,1790957978452,0,1790959858748.165,664.184,13.646,1790959859427.304,Normal,0.954
rasp1,48487,20261002-161933_clu_rasp14_pi4gb_r2,1374,perf_20261002-161933_clu_rasp14_pi4gb_r2,1,312,1790957978453,0,1790959859429.542,1364.498,8.857,1790959860803.936,Normal,0.9695
rasp1,48487,20261002-161933_clu_rasp14_pi4gb_r2,1384,perf_20261002-161933_clu_rasp14_pi4gb_r2,1,313,1790957978454,0,1790959860805.27,1025.972,11.643,1790959861843.597,Normal,0.9682
rasp1,48487,20261002-161933_clu_rasp14_pi4gb_r2,1386,perf_20261002-161933_clu_rasp14_pi4gb_r2,1,314,1790957978454,0,1790959861854.193,797.093,9.833,1790959862661.812,Normal,0.956
rasp1,48487,20261002-161933_clu_rasp14_pi4gb_r2,1387,perf_20261002-161933_clu_rasp14_pi4gb_r2,1,315,1790957978454,0,1790959862664.976,795.433,16.833,1790959863479.022,Normal,0.9547
rasp1,48487,20261002-161933_clu_rasp14_pi4gb_r2,1388,perf_20261002-161933_clu_rasp14_pi4gb_r2,1,316,1790957978454,0,1790959863482.533,3109.078,9.713,1790959866602.168,Normal,0.9747
rasp1,48487,20261002-161933_clu_rasp14_pi4gb_r2,1391,perf_20261002-161933_clu_rasp14_pi4gb_r2,1,317,1790957978454,0,1790959866604.336,595.663,10.044,1790959867210.692,Normal,0.9491
rasp1,48487,20261002-161933_clu_rasp14_pi4gb_r2,1393,perf_20261002-161933_clu_rasp14_pi4gb_r2,1,318,1790957978455,0,1790959867212.15,800.039,11.117,1790959868024.225,Normal,0.906
rasp1,48487,20261002-161933_clu_rasp14_pi4gb_r2,1395,perf_20261002-161933_clu_rasp14_pi4gb_r2,1,319,1790957978455,0,1790959868025.649,824.643,10.137,1790959868861.311,Normal,0.9607
rasp1,48487,20261002-161933_clu_rasp14_pi4gb_r2,1410,perf_20261002-161933_clu_rasp14_pi4gb_r2,1,320,1790957978456,0,1790959868863.107,737.426,9.297,1790959869610.666,Normal,0.9725
rasp1,48487,20261002-161933_clu_rasp14_pi4gb_r2,1412,perf_20261002-161933_clu_rasp14_pi4gb_r2,1,321,1790957978456,0,1790959869612.333,854.774,9.025,1790959870477.181,Normal,0.9324
rasp1,48487,20261002-161933_clu_rasp14_pi4gb_r2,1413,perf_20261002-161933_clu_rasp14_pi4gb_r2,1,322,1790957978456,0,1790959870478.964,952.519,12.223,1790959871444.366,Normal,0.9482
rasp1,48487,20261002-161933_clu_rasp14_pi4gb_r2,1415,perf_20261002-161933_clu_rasp14_pi4gb_r2,1,323,1790957978456,0,1790959871446.17,835.843,10.698,1790959872293.789,Normal,0.9545
rasp1,48487,20261002-161933_clu_rasp14_pi4gb_r2,1418,perf_20261002-161933_clu_rasp14_pi4gb_r2,1,324,1790957978457,0,1790959872295.689,1563.216,18.601,1790959873878.419,Normal,0.963
rasp1,48487,20261002-161933_clu_rasp14_pi4gb_r2,1421,perf_20261002-161933_clu_rasp14_pi4gb_r2,1,325,1790957978457,0,1790959873882.984,816.566,13.506,1790959874724.135,Normal,0.8543
rasp1,48487,20261002-161933_clu_rasp14_pi4gb_r2,1425,perf_20261002-161933_clu_rasp14_pi4gb_r2,1,326,1790957978457,0,1790959874729.006,1042.198,10.622,1790959875782.679,Normal,0.9635
rasp1,48487,20261002-161933_clu_rasp14_pi4gb_r2,1427,perf_20261002-161933_clu_rasp14_pi4gb_r2,1,327,1790957978457,0,1790959875789.984,830.637,18.368,1790959876639.83,Normal,0.9296
rasp1,48487,20261002-161933_clu_rasp14_pi4gb_r2,1429,perf_20261002-161933_clu_rasp14_pi4gb_r2,1,328,1790957978458,0,1790959876644.443,928.798,12.509,1790959877586.767,Normal,0.9363
rasp1,48487,20261002-161933_clu_rasp14_pi4gb_r2,1434,perf_20261002-161933_clu_rasp14_pi4gb_r2,1,329,1790957978458,0,1790959877589.063,885.572,11.414,1790959878487.071,Normal,0.9394
rasp1,48487,20261002-161933_clu_rasp14_pi4gb_r2,1437,perf_20261002-161933_clu_rasp14_pi4gb_r2,1,330,1790957978458,0,1790959878488.686,844.496,10.29,1790959879344.467,Normal,0.5156
rasp1,48487,20261002-161933_clu_rasp14_pi4gb_r2,1439,perf_20261002-161933_clu_rasp14_pi4gb_r2,1,331,1790957978458,0,1790959879345.939,883.615,10.069,1790959880240.476,Normal,0.9634
rasp1,48487,20261002-161933_clu_rasp14_pi4gb_r2,1440,perf_20261002-161933_clu_rasp14_pi4gb_r2,1,332,1790957978459,0,1790959880241.96,920.79,9.267,1790959881172.847,Normal,0.973
rasp1,48487,20261002-161933_clu_rasp14_pi4gb_r2,1442,perf_20261002-161933_clu_rasp14_pi4gb_r2,1,333,1790957978466,0,1790959881174.275,645.246,10.391,1790959881830.577,Normal,0.92
rasp1,48487,20261002-161933_clu_rasp14_pi4gb_r2,1444,perf_20261002-161933_clu_rasp14_pi4gb_r2,1,334,1790957978466,0,1790959881832.111,1689.471,11.832,1790959883534.467,Normal,0.6834
rasp1,48487,20261002-161933_clu_rasp14_pi4gb_r2,1452,perf_20261002-161933_clu_rasp14_pi4gb_r2,1,335,1790957978488,0,1790959883536.613,630.884,11.842,1790959884180.379,Normal,0.9434
rasp1,48487,20261002-161933_clu_rasp14_pi4gb_r2,1455,perf_20261002-161933_clu_rasp14_pi4gb_r2,1,336,1790957978494,0,1790959884182.313,881.122,10.833,1790959885075.119,Normal,0.9555
rasp1,48487,20261002-161933_clu_rasp14_pi4gb_r2,1460,perf_20261002-161933_clu_rasp14_pi4gb_r2,1,337,1790957978496,0,1790959885077.046,618.514,10.458,1790959885706.692,Normal,0.9025
rasp1,48487,20261002-161933_clu_rasp14_pi4gb_r2,1462,perf_20261002-161933_clu_rasp14_pi4gb_r2,1,338,1790957978497,0,1790959885708.319,716.048,10.082,1790959886435.127,Normal,0.9616
rasp1,48487,20261002-161933_clu_rasp14_pi4gb_r2,1464,perf_20261002-161933_clu_rasp14_pi4gb_r2,1,339,1790957978497,0,1790959886436.917,2024.464,12.459,1790959888474.555,Normal,0.9673
rasp1,48487,20261002-161933_clu_rasp14_pi4gb_r2,1472,perf_20261002-161933_clu_rasp14_pi4gb_r2,1,340,1790957978499,0,1790959888477.305,1336.205,11.042,1790959889825.489,Normal,0.5727
rasp1,48487,20261002-161933_clu_rasp14_pi4gb_r2,1483,perf_20261002-161933_clu_rasp14_pi4gb_r2,1,341,1790957978501,0,1790959889832.132,1239.032,10.789,1790959891082.977,Normal,0.9652
rasp1,48487,20261002-161933_clu_rasp14_pi4gb_r2,1485,perf_20261002-161933_clu_rasp14_pi4gb_r2,1,342,1790957978501,0,1790959891085.324,896.671,9.971,1790959891992.633,Normal,0.9523
rasp1,48487,20261002-161933_clu_rasp14_pi4gb_r2,1489,perf_20261002-161933_clu_rasp14_pi4gb_r2,1,343,1790957978516,0,1790959891994.574,539.413,10.302,1790959892545.486,Normal,0.9178
rasp1,48487,20261002-161933_clu_rasp14_pi4gb_r2,1492,perf_20261002-161933_clu_rasp14_pi4gb_r2,1,344,1790957978520,0,1790959892547.003,899.225,9.076,1790959893456.08,Normal,0.9627
rasp1,48487,20261002-161933_clu_rasp14_pi4gb_r2,1495,perf_20261002-161933_clu_rasp14_pi4gb_r2,1,345,1790957978520,0,1790959893458.038,621.52,9.692,1790959894090.04,Normal,0.9365
rasp1,48487,20261002-161933_clu_rasp14_pi4gb_r2,1499,perf_20261002-161933_clu_rasp14_pi4gb_r2,1,346,1790957978522,0,1790959894091.449,996.608,9.689,1790959895098.563,Normal,0.9625
rasp1,48487,20261002-161933_clu_rasp14_pi4gb_r2,1513,perf_20261002-161933_clu_rasp14_pi4gb_r2,1,347,1790957978524,0,1790959895100.052,658.373,10.002,1790959895769.583,Normal,0.9666
rasp1,48487,20261002-161933_clu_rasp14_pi4gb_r2,1517,perf_20261002-161933_clu_rasp14_pi4gb_r2,1,348,1790957978524,0,1790959895771.129,827.337,9.143,1790959896613.642,Normal,0.9078
rasp1,48487,20261002-161933_clu_rasp14_pi4gb_r2,1520,perf_20261002-161933_clu_rasp14_pi4gb_r2,1,349,1790957978524,0,1790959896615.043,543.439,9.536,1790959897168.854,Normal,0.9631
rasp1,48487,20261002-161933_clu_rasp14_pi4gb_r2,1532,perf_20261002-161933_clu_rasp14_pi4gb_r2,1,350,1790957978525,0,1790959897170.302,668.154,10.414,1790959897849.586,Normal,0.904
rasp1,48487,20261002-161933_clu_rasp14_pi4gb_r2,1539,perf_20261002-161933_clu_rasp14_pi4gb_r2,1,351,1790957978526,0,1790959897851.329,1592.492,10.902,1790959899455.381,Normal,0.9444
rasp1,48487,20261002-161933_clu_rasp14_pi4gb_r2,1541,perf_20261002-161933_clu_rasp14_pi4gb_r2,1,352,1790957978526,0,1790959899457.514,1100.564,8.495,1790959900567.265,Normal,0.9599
rasp1,48487,20261002-161933_clu_rasp14_pi4gb_r2,1550,perf_20261002-161933_clu_rasp14_pi4gb_r2,1,353,1790957978527,0,1790959900568.545,797.797,10.27,1790959901377.462,Normal,0.9654
rasp1,48487,20261002-161933_clu_rasp14_pi4gb_r2,1552,perf_20261002-161933_clu_rasp14_pi4gb_r2,1,354,1790957978527,0,1790959901378.834,1244.41,12.91,1790959902637.286,Normal,0.976
rasp1,48487,20261002-161933_clu_rasp14_pi4gb_r2,1553,perf_20261002-161933_clu_rasp14_pi4gb_r2,1,355,1790957978527,0,1790959902640.01,861.255,13.06,1790959903515.155,Normal,0.977
rasp1,48487,20261002-161933_clu_rasp14_pi4gb_r2,1559,perf_20261002-161933_clu_rasp14_pi4gb_r2,1,356,1790957978528,0,1790959903516.793,1695.459,9.753,1790959905222.782,Normal,0.964
rasp1,48487,20261002-161933_clu_rasp14_pi4gb_r2,1563,perf_20261002-161933_clu_rasp14_pi4gb_r2,1,357,1790957978528,0,1790959905224.582,983.317,10.103,1790959906218.636,Normal,0.9065
rasp1,48487,20261002-161933_clu_rasp14_pi4gb_r2,1571,perf_20261002-161933_clu_rasp14_pi4gb_r2,1,358,1790957978529,0,1790959906220.281,586.354,10.982,1790959906824.323,Normal,0.9519
rasp1,48487,20261002-161933_clu_rasp14_pi4gb_r2,1572,perf_20261002-161933_clu_rasp14_pi4gb_r2,1,359,1790957978529,0,1790959906826.16,571.796,9.127,1790959907407.787,Normal,0.9386
rasp1,48487,20261002-161933_clu_rasp14_pi4gb_r2,1577,perf_20261002-161933_clu_rasp14_pi4gb_r2,1,360,1790957978529,0,1790959907409.479,1190.421,10.425,1790959908611.369,Normal,0.9606
rasp1,48487,20261002-161933_clu_rasp14_pi4gb_r2,1583,perf_20261002-161933_clu_rasp14_pi4gb_r2,1,361,1790957978530,0,1790959908612.886,902.237,10.766,1790959909526.585,Normal,0.9002
rasp1,48487,20261002-161933_clu_rasp14_pi4gb_r2,1588,perf_20261002-161933_clu_rasp14_pi4gb_r2,1,362,1790957978530,0,1790959909528.656,818.447,10.408,1790959910358.542,Normal,0.9606
rasp1,48487,20261002-161933_clu_rasp14_pi4gb_r2,1593,perf_20261002-161933_clu_rasp14_pi4gb_r2,1,363,1790957978530,0,1790959910360.417,1321.544,9.719,1790959911692.507,Normal,0.9529
rasp1,48487,20261002-161933_clu_rasp14_pi4gb_r2,1594,perf_20261002-161933_clu_rasp14_pi4gb_r2,1,364,1790957978530,0,1790959911694.222,1999.378,9.17,1790959913703.528,Normal,0.9035
rasp1,48487,20261002-161933_clu_rasp14_pi4gb_r2,1596,perf_20261002-161933_clu_rasp14_pi4gb_r2,1,365,1790957978531,0,1790959913705.319,813.926,9.906,1790959914530.007,Normal,0.9556
rasp1,48487,20261002-161933_clu_rasp14_pi4gb_r2,1597,perf_20261002-161933_clu_rasp14_pi4gb_r2,1,366,1790957978531,0,1790959914531.371,649.211,8.638,1790959915189.901,Normal,0.8688
rasp1,48487,20261002-161933_clu_rasp14_pi4gb_r2,1604,perf_20261002-161933_clu_rasp14_pi4gb_r2,1,367,1790957978531,0,1790959915191.177,941.875,14.46,1790959916148.067,Normal,0.9417
rasp1,48487,20261002-161933_clu_rasp14_pi4gb_r2,1612,perf_20261002-161933_clu_rasp14_pi4gb_r2,1,368,1790957978534,0,1790959916152.502,842.541,13.073,1790959917008.907,Normal,0.9608
rasp1,48487,20261002-161933_clu_rasp14_pi4gb_r2,1616,perf_20261002-161933_clu_rasp14_pi4gb_r2,1,369,1790957978534,0,1790959917010.346,1027.895,27.676,1790959918067.234,Normal,0.9701
rasp1,48487,20261002-161933_clu_rasp14_pi4gb_r2,1622,perf_20261002-161933_clu_rasp14_pi4gb_r2,1,370,1790957978534,0,1790959918072.938,758.881,13.961,1790959918846.819,Normal,0.9167
rasp1,48487,20261002-161933_clu_rasp14_pi4gb_r2,1629,perf_20261002-161933_clu_rasp14_pi4gb_r2,1,371,1790957978535,0,1790959918848.365,650.889,15.36,1790959919515.276,Normal,0.9187
rasp1,48487,20261002-161933_clu_rasp14_pi4gb_r2,1633,perf_20261002-161933_clu_rasp14_pi4gb_r2,1,372,1790957978535,0,1790959919516.877,668.355,16.402,1790959920202.457,Normal,0.8935
rasp1,48487,20261002-161933_clu_rasp14_pi4gb_r2,1638,perf_20261002-161933_clu_rasp14_pi4gb_r2,1,373,1790957978536,0,1790959920204.165,1441.949,12.105,1790959921659.262,Normal,0.9443
rasp1,48487,20261002-161933_clu_rasp14_pi4gb_r2,1640,perf_20261002-161933_clu_rasp14_pi4gb_r2,1,374,1790957978536,0,1790959921661.594,1065.53,12.399,1790959922740.454,Normal,0.9473
rasp1,48487,20261002-161933_clu_rasp14_pi4gb_r2,1642,perf_20261002-161933_clu_rasp14_pi4gb_r2,1,375,1790957978536,0,1790959922741.937,657.861,14.038,1790959923414.671,Normal,0.9551
rasp1,48487,20261002-161933_clu_rasp14_pi4gb_r2,1645,perf_20261002-161933_clu_rasp14_pi4gb_r2,1,376,1790957978536,0,1790959923416.922,1080.717,11.909,1790959924511.059,Normal,0.8036
rasp1,48487,20261002-161933_clu_rasp14_pi4gb_r2,1649,perf_20261002-161933_clu_rasp14_pi4gb_r2,1,377,1790957978537,0,1790959924513.171,1164.439,10.438,1790959925689.075,Normal,0.9297
rasp1,48487,20261002-161933_clu_rasp14_pi4gb_r2,1653,perf_20261002-161933_clu_rasp14_pi4gb_r2,1,378,1790957978537,0,1790959925692.04,501.831,9.336,1790959926203.853,Normal,0.944
rasp1,48487,20261002-161933_clu_rasp14_pi4gb_r2,1658,perf_20261002-161933_clu_rasp14_pi4gb_r2,1,379,1790957978537,0,1790959926205.541,504.275,9.231,1790959926719.831,Normal,0.9423
rasp1,48487,20261002-161933_clu_rasp14_pi4gb_r2,1663,perf_20261002-161933_clu_rasp14_pi4gb_r2,1,380,1790957978538,0,1790959926721.157,622.095,11.105,1790959927355.492,Normal,0.9423
rasp1,48487,20261002-161933_clu_rasp14_pi4gb_r2,1669,perf_20261002-161933_clu_rasp14_pi4gb_r2,1,381,1790957978538,0,1790959927357.412,636.145,9.555,1790959928004.453,Normal,0.9423
rasp1,48487,20261002-161933_clu_rasp14_pi4gb_r2,1670,perf_20261002-161933_clu_rasp14_pi4gb_r2,1,382,1790957978538,0,1790959928005.886,875.935,11.132,1790959928894.094,Normal,0.9365
rasp1,48487,20261002-161933_clu_rasp14_pi4gb_r2,1673,perf_20261002-161933_clu_rasp14_pi4gb_r2,1,383,1790957978539,0,1790959928896.417,755.432,9.403,1790959929661.91,Normal,0.8492
rasp1,48487,20261002-161933_clu_rasp14_pi4gb_r2,1679,perf_20261002-161933_clu_rasp14_pi4gb_r2,1,384,1790957978540,0,1790959929663.272,873.449,12.127,1790959930549.425,Normal,0.9498
rasp1,48487,20261002-161933_clu_rasp14_pi4gb_r2,1681,perf_20261002-161933_clu_rasp14_pi4gb_r2,1,385,1790957978540,0,1790959930553.918,1200.845,13.689,1790959931769.211,Normal,0.974
rasp1,48487,20261002-161933_clu_rasp14_pi4gb_r2,1685,perf_20261002-161933_clu_rasp14_pi4gb_r2,1,386,1790957978540,0,1790959931775.786,1053.03,17.744,1790959932847.178,Normal,0.9725
rasp1,48487,20261002-161933_clu_rasp14_pi4gb_r2,1689,perf_20261002-161933_clu_rasp14_pi4gb_r2,1,387,1790957978540,0,1790959932849.507,967.072,8.994,1790959933826.417,Normal,0.9458
rasp1,48487,20261002-161933_clu_rasp14_pi4gb_r2,1690,perf_20261002-161933_clu_rasp14_pi4gb_r2,1,388,1790957978540,0,1790959933828.334,742.112,9.867,1790959934581.21,Normal,0.8625
rasp1,48487,20261002-161933_clu_rasp14_pi4gb_r2,1695,perf_20261002-161933_clu_rasp14_pi4gb_r2,1,389,1790957978541,0,1790959934582.808,625.369,15.079,1790959935224.568,Normal,0.9208
rasp1,48487,20261002-161933_clu_rasp14_pi4gb_r2,1707,perf_20261002-161933_clu_rasp14_pi4gb_r2,1,390,1790957978542,0,1790959935227.42,726.931,13.271,1790959935968.819,Normal,0.9304
rasp1,48487,20261002-161933_clu_rasp14_pi4gb_r2,1710,perf_20261002-161933_clu_rasp14_pi4gb_r2,1,391,1790957978542,0,1790959935971.52,1729.604,9.285,1790959937711.169,Normal,0.9713
rasp1,48487,20261002-161933_clu_rasp14_pi4gb_r2,1711,perf_20261002-161933_clu_rasp14_pi4gb_r2,1,392,1790957978542,0,1790959937713.011,870.742,9.457,1790959938593.845,Normal,0.9355
rasp1,48487,20261002-161933_clu_rasp14_pi4gb_r2,1712,perf_20261002-161933_clu_rasp14_pi4gb_r2,1,393,1790957978542,0,1790959938595.151,2915.682,10.659,1790959941522.485,Normal,0.9358
rasp1,48487,20261002-161933_clu_rasp14_pi4gb_r2,1720,perf_20261002-161933_clu_rasp14_pi4gb_r2,1,394,1790957978543,0,1790959941524.422,689.89,10.371,1790959942225.595,Normal,0.8477
rasp1,48487,20261002-161933_clu_rasp14_pi4gb_r2,1721,perf_20261002-161933_clu_rasp14_pi4gb_r2,1,395,1790957978543,0,1790959942227.196,1270.846,8.909,1790959943507.817,Normal,0.9742
rasp1,48487,20261002-161933_clu_rasp14_pi4gb_r2,1726,perf_20261002-161933_clu_rasp14_pi4gb_r2,1,396,1790957978543,0,1790959943508.962,1184.206,13.358,1790959944707.336,Normal,0.9717
rasp1,48487,20261002-161933_clu_rasp14_pi4gb_r2,1728,perf_20261002-161933_clu_rasp14_pi4gb_r2,1,397,1790957978544,0,1790959944709.17,669.196,12.903,1790959945392.095,Normal,0.9444
rasp1,48487,20261002-161933_clu_rasp14_pi4gb_r2,1729,perf_20261002-161933_clu_rasp14_pi4gb_r2,1,398,1790957978544,0,1790959945393.797,774.127,11.456,1790959946180.033,Normal,0.8198
rasp1,48487,20261002-161933_clu_rasp14_pi4gb_r2,1730,perf_20261002-161933_clu_rasp14_pi4gb_r2,1,399,1790957978544,0,1790959946181.501,1422.326,10.568,1790959947615.137,Normal,0.9667
rasp1,48487,20261002-161933_clu_rasp14_pi4gb_r2,1738,perf_20261002-161933_clu_rasp14_pi4gb_r2,1,400,1790957978545,0,1790959947620.86,858.006,9.559,1790959948489.246,Normal,0.9636
rasp1,48487,20261002-161933_clu_rasp14_pi4gb_r2,1739,perf_20261002-161933_clu_rasp14_pi4gb_r2,1,401,1790957978545,0,1790959948490.753,544.684,8.582,1790959949044.692,Normal,0.9346
rasp1,48487,20261002-161933_clu_rasp14_pi4gb_r2,1751,perf_20261002-161933_clu_rasp14_pi4gb_r2,1,402,1790957978546,0,1790959949046.107,613.283,9.114,1790959949669.196,Normal,0.9516
rasp1,48487,20261002-161933_clu_rasp14_pi4gb_r2,1752,perf_20261002-161933_clu_rasp14_pi4gb_r2,1,403,1790957978546,0,1790959949670.914,1123.136,10.926,1790959950806.257,Normal,0.5147
rasp1,48487,20261002-161933_clu_rasp14_pi4gb_r2,1766,perf_20261002-161933_clu_rasp14_pi4gb_r2,1,404,1790957978547,0,1790959950808.87,609.907,10.149,1790959951429.658,Normal,0.9452
rasp1,48487,20261002-161933_clu_rasp14_pi4gb_r2,1767,perf_20261002-161933_clu_rasp14_pi4gb_r2,1,405,1790957978547,0,1790959951431.151,894.592,12.006,1790959952338.495,Normal,0.6332
rasp1,48487,20261002-161933_clu_rasp14_pi4gb_r2,1774,perf_20261002-161933_clu_rasp14_pi4gb_r2,1,406,1790957978548,0,1790959952340.933,837.787,10.22,1790959953189.657,Normal,0.9428
rasp1,48487,20261002-161933_clu_rasp14_pi4gb_r2,1775,perf_20261002-161933_clu_rasp14_pi4gb_r2,1,407,1790957978548,0,1790959953191.154,813.109,9.834,1790959954014.907,Normal,0.925
rasp1,48487,20261002-161933_clu_rasp14_pi4gb_r2,1776,perf_20261002-161933_clu_rasp14_pi4gb_r2,1,408,1790957978548,0,1790959954016.421,692.98,9.454,1790959954719.571,Normal,0.9584
rasp1,48487,20261002-161933_clu_rasp14_pi4gb_r2,1783,perf_20261002-161933_clu_rasp14_pi4gb_r2,1,409,1790957978549,0,1790959954720.819,726.245,10.646,1790959955458.562,Normal,0.9771
rasp1,48487,20261002-161933_clu_rasp14_pi4gb_r2,1785,perf_20261002-161933_clu_rasp14_pi4gb_r2,1,410,1790957978549,0,1790959955460.024,2212.991,10.124,1790959957683.927,Normal,0.954
rasp1,48487,20261002-161933_clu_rasp14_pi4gb_r2,1787,perf_20261002-161933_clu_rasp14_pi4gb_r2,1,411,1790957978549,0,1790959957685.657,594.25,10.029,1790959958290.637,Normal,0.9511
rasp1,48487,20261002-161933_clu_rasp14_pi4gb_r2,1790,perf_20261002-161933_clu_rasp14_pi4gb_r2,1,412,1790957978549,0,1790959958292.118,789.238,12.008,1790959959094.029,Normal,0.8405
rasp1,48487,20261002-161933_clu_rasp14_pi4gb_r2,1792,perf_20261002-161933_clu_rasp14_pi4gb_r2,1,413,1790957978549,0,1790959959098.48,688.943,14.621,1790959959803.547,Normal,0.9523
rasp1,48487,20261002-161933_clu_rasp14_pi4gb_r2,1795,perf_20261002-161933_clu_rasp14_pi4gb_r2,1,414,1790957978552,0,1790959959806.022,754.712,14.666,1790959960576.139,Normal,0.9309
rasp1,48487,20261002-161933_clu_rasp14_pi4gb_r2,1797,perf_20261002-161933_clu_rasp14_pi4gb_r2,1,415,1790957978552,0,1790959960577.969,594.224,9.598,1790959961182.611,Normal,0.8218
rasp1,48487,20261002-161933_clu_rasp14_pi4gb_r2,1798,perf_20261002-161933_clu_rasp14_pi4gb_r2,1,416,1790957978552,0,1790959961187.21,795.162,17.742,1790959962001.688,Normal,0.915
rasp1,48487,20261002-161933_clu_rasp14_pi4gb_r2,1809,perf_20261002-161933_clu_rasp14_pi4gb_r2,1,417,1790957978553,0,1790959962004.417,781.366,10.633,1790959962797.565,Normal,0.9283
rasp1,48487,20261002-161933_clu_rasp14_pi4gb_r2,1810,perf_20261002-161933_clu_rasp14_pi4gb_r2,1,418,1790957978553,0,1790959962799.955,631.029,12.274,1790959963444.199,Normal,0.9481
rasp1,48487,20261002-161933_clu_rasp14_pi4gb_r2,1811,perf_20261002-161933_clu_rasp14_pi4gb_r2,1,419,1790957978554,0,1790959963446.396,981.684,10.216,1790959964439.088,Normal,0.9398
rasp1,48487,20261002-161933_clu_rasp14_pi4gb_r2,1816,perf_20261002-161933_clu_rasp14_pi4gb_r2,1,420,1790957978554,0,1790959964440.786,525.975,9.488,1790959964976.984,Normal,0.9475
rasp1,48487,20261002-161933_clu_rasp14_pi4gb_r2,1821,perf_20261002-161933_clu_rasp14_pi4gb_r2,1,421,1790957978554,0,1790959964978.473,1058.684,11.291,1790959966049.394,Normal,0.9398
rasp1,48487,20261002-161933_clu_rasp14_pi4gb_r2,1823,perf_20261002-161933_clu_rasp14_pi4gb_r2,1,422,1790957978555,0,1790959966051.406,6326.478,10.14,1790959972388.777,Normal,0.9785
rasp1,48487,20261002-161933_clu_rasp14_pi4gb_r2,1829,perf_20261002-161933_clu_rasp14_pi4gb_r2,1,423,1790957978555,0,1790959972390.125,815.256,9.891,1790959973216.004,Normal,0.9239
rasp1,48487,20261002-161933_clu_rasp14_pi4gb_r2,1835,perf_20261002-161933_clu_rasp14_pi4gb_r2,1,424,1790957978556,0,1790959973217.692,725.398,8.738,1790959973952.596,Normal,0.9624
rasp1,48487,20261002-161933_clu_rasp14_pi4gb_r2,1836,perf_20261002-161933_clu_rasp14_pi4gb_r2,1,425,1790957978556,0,1790959973954.051,1278.885,12.622,1790959975246.2,Normal,0.9419
rasp1,48487,20261002-161933_clu_rasp14_pi4gb_r2,1837,perf_20261002-161933_clu_rasp14_pi4gb_r2,1,426,1790957978556,0,1790959975250.639,1379.639,9.588,1790959976640.598,Normal,0.8966
rasp1,48487,20261002-161933_clu_rasp14_pi4gb_r2,1841,perf_20261002-161933_clu_rasp14_pi4gb_r2,1,427,1790957978556,0,1790959976642.04,945.498,12.717,1790959977600.947,Normal,0.9281
rasp1,48487,20261002-161933_clu_rasp14_pi4gb_r2,1845,perf_20261002-161933_clu_rasp14_pi4gb_r2,1,428,1790957978556,0,1790959977603.109,920.832,9.572,1790959978534.48,Normal,0.9464
rasp1,48487,20261002-161933_clu_rasp14_pi4gb_r2,1847,perf_20261002-161933_clu_rasp14_pi4gb_r2,1,429,1790957978557,0,1790959978536.272,1009.033,11.318,1790959979557.89,Normal,0.9679
rasp1,48487,20261002-161933_clu_rasp14_pi4gb_r2,1861,perf_20261002-161933_clu_rasp14_pi4gb_r2,1,430,1790957978558,0,1790959979559.368,644.393,9.821,1790959980219.366,Normal,0.9723
rasp1,48487,20261002-161933_clu_rasp14_pi4gb_r2,1867,perf_20261002-161933_clu_rasp14_pi4gb_r2,1,431,1790957978558,0,1790959980220.985,1935.22,10.087,1790959982167.461,Normal,0.9714
rasp1,48487,20261002-161933_clu_rasp14_pi4gb_r2,1875,perf_20261002-161933_clu_rasp14_pi4gb_r2,1,432,1790957978559,0,1790959982168.894,636.033,10.386,1790959982816.245,Normal,0.9434
rasp1,48487,20261002-161933_clu_rasp14_pi4gb_r2,1879,perf_20261002-161933_clu_rasp14_pi4gb_r2,1,433,1790957978559,0,1790959982817.596,1184.59,14.589,1790959984018.017,Normal,0.7785
rasp1,48487,20261002-161933_clu_rasp14_pi4gb_r2,1886,perf_20261002-161933_clu_rasp14_pi4gb_r2,1,434,1790957978560,0,1790959984020.661,670.018,9.84,1790959984701.406,Normal,0.9396
rasp1,48487,20261002-161933_clu_rasp14_pi4gb_r2,1887,perf_20261002-161933_clu_rasp14_pi4gb_r2,1,435,1790957978560,0,1790959984704.237,646.577,11.469,1790959985367.844,Normal,0.9361
rasp1,48487,20261002-161933_clu_rasp14_pi4gb_r2,1892,perf_20261002-161933_clu_rasp14_pi4gb_r2,1,436,1790957978560,0,1790959985369.221,1030.085,15.451,1790959986416.428,Normal,0.9608
rasp1,48487,20261002-161933_clu_rasp14_pi4gb_r2,1900,perf_20261002-161933_clu_rasp14_pi4gb_r2,1,437,1790957978561,0,1790959986419.024,1140.296,12.818,1790959987573.211,Normal,0.791
rasp1,48487,20261002-161933_clu_rasp14_pi4gb_r2,1908,perf_20261002-161933_clu_rasp14_pi4gb_r2,1,438,1790957978573,0,1790959987574.857,768.871,11.712,1790959988356.337,Normal,0.9594
rasp1,48487,20261002-161933_clu_rasp14_pi4gb_r2,1909,perf_20261002-161933_clu_rasp14_pi4gb_r2,1,439,1790957978573,0,1790959988357.61,1054.682,11.574,1790959989424.624,Normal,0.9417
rasp1,48487,20261002-161933_clu_rasp14_pi4gb_r2,1912,perf_20261002-161933_clu_rasp14_pi4gb_r2,1,440,1790957978594,0,1790959989426.237,1448.848,15.159,1790959990891.054,Normal,0.8466
rasp1,48487,20261002-161933_clu_rasp14_pi4gb_r2,1913,perf_20261002-161933_clu_rasp14_pi4gb_r2,1,441,1790957978594,0,1790959990894.974,747.334,11.053,1790959991654.062,Normal,0.9584
rasp1,48487,20261002-161933_clu_rasp14_pi4gb_r2,1917,perf_20261002-161933_clu_rasp14_pi4gb_r2,1,442,1790957978598,0,1790959991658.892,636.36,10.064,1790959992306.181,OFFENSIVE,0.7955
rasp1,48487,20261002-161933_clu_rasp14_pi4gb_r2,1921,perf_20261002-161933_clu_rasp14_pi4gb_r2,1,443,1790957978599,0,1790959992308.192,608.159,15.101,1790959992932.959,Normal,0.9457
rasp1,48487,20261002-161933_clu_rasp14_pi4gb_r2,1923,perf_20261002-161933_clu_rasp14_pi4gb_r2,1,444,1790957978599,0,1790959992935.337,812.901,9.466,1790959993758.376,Normal,0.9315
rasp1,48487,20261002-161933_clu_rasp14_pi4gb_r2,1925,perf_20261002-161933_clu_rasp14_pi4gb_r2,1,445,1790957978600,0,1790959993759.821,750.352,10.668,1790959994521.821,Normal,0.9496
rasp1,48487,20261002-161933_clu_rasp14_pi4gb_r2,1928,perf_20261002-161933_clu_rasp14_pi4gb_r2,1,446,1790957978600,0,1790959994523.287,729.25,12.703,1790959995265.992,Normal,0.9558
rasp1,48487,20261002-161933_clu_rasp14_pi4gb_r2,1933,perf_20261002-161933_clu_rasp14_pi4gb_r2,1,447,1790957978600,0,1790959995268.519,620.924,9.283,1790959995899.48,HATE,0.3814
rasp1,48487,20261002-161933_clu_rasp14_pi4gb_r2,1950,perf_20261002-161933_clu_rasp14_pi4gb_r2,1,448,1790957978602,0,1790959995901.13,3188.388,10.089,1790959999100.424,Normal,0.9801
rasp1,48487,20261002-161933_clu_rasp14_pi4gb_r2,1959,perf_20261002-161933_clu_rasp14_pi4gb_r2,1,449,1790957978602,0,1790959999102.191,630.064,12.127,1790959999745.295,Normal,0.9409
rasp1,48487,20261002-161933_clu_rasp14_pi4gb_r2,1961,perf_20261002-161933_clu_rasp14_pi4gb_r2,1,450,1790957978603,0,1790959999747.367,652.755,10.906,1790960000411.968,Normal,0.9495
rasp1,48487,20261002-161933_clu_rasp14_pi4gb_r2,1962,perf_20261002-161933_clu_rasp14_pi4gb_r2,1,451,1790957978603,0,1790960000414.909,856.075,11.275,1790960001283.661,Normal,0.9046
rasp1,48487,20261002-161933_clu_rasp14_pi4gb_r2,1969,perf_20261002-161933_clu_rasp14_pi4gb_r2,1,452,1790957978603,0,1790960001285.25,2959.028,15.747,1790960004260.914,Normal,0.9713
rasp1,48487,20261002-161933_clu_rasp14_pi4gb_r2,1979,perf_20261002-161933_clu_rasp14_pi4gb_r2,1,453,1790957978619,0,1790960004268.466,845.402,22.432,1790960005137.433,Normal,0.4188
rasp1,48487,20261002-161933_clu_rasp14_pi4gb_r2,1981,perf_20261002-161933_clu_rasp14_pi4gb_r2,1,454,1790957978619,0,1790960005143.382,1063.003,16.914,1790960006231.096,Normal,0.9342
rasp1,48487,20261002-161933_clu_rasp14_pi4gb_r2,1982,perf_20261002-161933_clu_rasp14_pi4gb_r2,1,455,1790957978619,0,1790960006232.433,592.609,13.503,1790960006839.395,Normal,0.8701
rasp1,48487,20261002-161933_clu_rasp14_pi4gb_r2,1984,perf_20261002-161933_clu_rasp14_pi4gb_r2,1,456,1790957978623,0,1790960006842.485,719.665,11.698,1790960007575.073,Normal,0.9427
rasp1,48487,20261002-161933_clu_rasp14_pi4gb_r2,1991,perf_20261002-161933_clu_rasp14_pi4gb_r2,1,457,1790957978641,0,1790960007576.525,679.327,10.158,1790960008266.833,Normal,0.8897
rasp1,48487,20261002-161933_clu_rasp14_pi4gb_r2,2004,perf_20261002-161933_clu_rasp14_pi4gb_r2,1,458,1790957978646,0,1790960008268.356,1002.134,9.773,1790960009280.961,Normal,0.973
rasp1,48487,20261002-161933_clu_rasp14_pi4gb_r2,2005,perf_20261002-161933_clu_rasp14_pi4gb_r2,1,459,1790957978646,0,1790960009282.546,842.243,13.401,1790960010139.389,Normal,0.9526
rasp1,48487,20261002-161933_clu_rasp14_pi4gb_r2,2006,perf_20261002-161933_clu_rasp14_pi4gb_r2,1,460,1790957978646,0,1790960010141.827,1189.431,12.723,1790960011352.093,Normal,0.9731
rasp1,48487,20261002-161933_clu_rasp14_pi4gb_r2,2013,perf_20261002-161933_clu_rasp14_pi4gb_r2,1,461,1790957978646,0,1790960011353.85,911.048,11.448,1790960012276.998,Normal,0.9629
rasp1,48487,20261002-161933_clu_rasp14_pi4gb_r2,2015,perf_20261002-161933_clu_rasp14_pi4gb_r2,1,462,1790957978647,0,1790960012278.448,795.887,15.74,1790960013091.256,Normal,0.9425
rasp1,48487,20261002-161933_clu_rasp14_pi4gb_r2,2017,perf_20261002-161933_clu_rasp14_pi4gb_r2,1,463,1790957978649,0,1790960013094.038,734.579,9.299,1790960013839.229,Normal,0.9022
rasp1,48487,20261002-161933_clu_rasp14_pi4gb_r2,2022,perf_20261002-161933_clu_rasp14_pi4gb_r2,1,464,1790957978650,0,1790960013840.623,760.402,9.315,1790960014611.095,Normal,0.9211
rasp1,48487,20261002-161933_clu_rasp14_pi4gb_r2,2027,perf_20261002-161933_clu_rasp14_pi4gb_r2,1,465,1790957978651,0,1790960014612.528,1049.709,10.543,1790960015673.865,Normal,0.9604
rasp1,48487,20261002-161933_clu_rasp14_pi4gb_r2,2034,perf_20261002-161933_clu_rasp14_pi4gb_r2,1,466,1790957978651,0,1790960015675.079,687.993,8.979,1790960016372.778,Normal,0.9414
rasp1,48487,20261002-161933_clu_rasp14_pi4gb_r2,2039,perf_20261002-161933_clu_rasp14_pi4gb_r2,1,467,1790957978652,0,1790960016374.269,1170.243,11.486,1790960017556.683,Normal,0.9615
rasp1,48487,20261002-161933_clu_rasp14_pi4gb_r2,2044,perf_20261002-161933_clu_rasp14_pi4gb_r2,1,468,1790957978652,0,1790960017564.561,628.192,14.485,1790960018208.041,Normal,0.9375
rasp1,48487,20261002-161933_clu_rasp14_pi4gb_r2,2048,perf_20261002-161933_clu_rasp14_pi4gb_r2,1,469,1790957978652,0,1790960018212.532,1924.358,14.262,1790960020152.211,Normal,0.9472
rasp1,48487,20261002-161933_clu_rasp14_pi4gb_r2,2052,perf_20261002-161933_clu_rasp14_pi4gb_r2,1,470,1790957978653,0,1790960020156.641,1225.748,11.174,1790960021394.44,Normal,0.5847
rasp1,48487,20261002-161933_clu_rasp14_pi4gb_r2,2053,perf_20261002-161933_clu_rasp14_pi4gb_r2,1,471,1790957978653,0,1790960021396.11,859.671,13.104,1790960022270.249,Normal,0.9054
rasp1,48487,20261002-161933_clu_rasp14_pi4gb_r2,2059,perf_20261002-161933_clu_rasp14_pi4gb_r2,1,472,1790957978653,0,1790960022272.947,1031.028,13.82,1790960023319.129,Normal,0.9691
rasp1,48487,20261002-161933_clu_rasp14_pi4gb_r2,2063,perf_20261002-161933_clu_rasp14_pi4gb_r2,1,473,1790957978655,0,1790960023321.997,2178.006,14.679,1790960025515.6,Normal,0.9751
rasp1,48487,20261002-161933_clu_rasp14_pi4gb_r2,2082,perf_20261002-161933_clu_rasp14_pi4gb_r2,1,474,1790957978656,0,1790960025518.842,984.495,10.525,1790960026514.676,Normal,0.9265
rasp1,48487,20261002-161933_clu_rasp14_pi4gb_r2,2086,perf_20261002-161933_clu_rasp14_pi4gb_r2,1,475,1790957978656,0,1790960026517.646,715.394,14.639,1790960027248.372,Normal,0.4444
rasp1,48487,20261002-161933_clu_rasp14_pi4gb_r2,2094,perf_20261002-161933_clu_rasp14_pi4gb_r2,1,476,1790957978657,0,1790960027250.82,559.264,10.32,1790960027821.104,Normal,0.9105
rasp1,48487,20261002-161933_clu_rasp14_pi4gb_r2,2100,perf_20261002-161933_clu_rasp14_pi4gb_r2,1,477,1790957978657,0,1790960027823.191,896.609,12.629,1790960028733.45,Normal,0.8438
rasp1,48487,20261002-161933_clu_rasp14_pi4gb_r2,2106,perf_20261002-161933_clu_rasp14_pi4gb_r2,1,478,1790957978658,0,1790960028735.827,630.363,9.414,1790960029376.316,Normal,0.9701
rasp1,48487,20261002-161933_clu_rasp14_pi4gb_r2,2114,perf_20261002-161933_clu_rasp14_pi4gb_r2,1,479,1790957978659,0,1790960029378.158,1847.245,16.244,1790960031245.571,Normal,0.9653
rasp1,48487,20261002-161933_clu_rasp14_pi4gb_r2,2118,perf_20261002-161933_clu_rasp14_pi4gb_r2,1,480,1790957978659,0,1790960031249.438,837.853,22.183,1790960032110.288,Normal,0.9547
rasp1,48487,20261002-161933_clu_rasp14_pi4gb_r2,2119,perf_20261002-161933_clu_rasp14_pi4gb_r2,1,481,1790957978659,0,1790960032111.924,762.934,8.821,1790960032884.3,Normal,0.9444
rasp1,48487,20261002-161933_clu_rasp14_pi4gb_r2,2121,perf_20261002-161933_clu_rasp14_pi4gb_r2,1,482,1790957978659,0,1790960032892.314,2096.836,10.142,1790960035000.014,Normal,0.9607
rasp1,48487,20261002-161933_clu_rasp14_pi4gb_r2,2123,perf_20261002-161933_clu_rasp14_pi4gb_r2,1,483,1790957978659,0,1790960035001.679,595.087,11.919,1790960035609.781,Normal,0.9351
rasp1,48487,20261002-161933_clu_rasp14_pi4gb_r2,2127,perf_20261002-161933_clu_rasp14_pi4gb_r2,1,484,1790957978660,0,1790960035611.645,667.743,13.76,1790960036294.402,Normal,0.9578
rasp1,48487,20261002-161933_clu_rasp14_pi4gb_r2,2130,perf_20261002-161933_clu_rasp14_pi4gb_r2,1,485,1790957978660,0,1790960036297.391,1549.811,9.732,1790960037857.666,Normal,0.968
rasp1,48487,20261002-161933_clu_rasp14_pi4gb_r2,2137,perf_20261002-161933_clu_rasp14_pi4gb_r2,1,486,1790957978661,0,1790960037860.491,1120.623,13.271,1790960038995.595,OFFENSIVE,0.9296
rasp1,48487,20261002-161933_clu_rasp14_pi4gb_r2,2138,perf_20261002-161933_clu_rasp14_pi4gb_r2,1,487,1790957978661,0,1790960038998.07,530.153,9.527,1790960039538.694,Normal,0.9589
rasp1,48487,20261002-161933_clu_rasp14_pi4gb_r2,2140,perf_20261002-161933_clu_rasp14_pi4gb_r2,1,488,1790957978661,0,1790960039540.176,574.227,10.123,1790960040125.21,Normal,0.9198
rasp1,48487,20261002-161933_clu_rasp14_pi4gb_r2,2143,perf_20261002-161933_clu_rasp14_pi4gb_r2,1,489,1790957978661,0,1790960040126.823,2769.783,9.946,1790960042907.455,Normal,0.9684
rasp1,48487,20261002-161933_clu_rasp14_pi4gb_r2,2152,perf_20261002-161933_clu_rasp14_pi4gb_r2,1,490,1790957978662,0,1790960042909.2,2493.157,19.778,1790960045423.22,Normal,0.9555
rasp1,48487,20261002-161933_clu_rasp14_pi4gb_r2,2154,perf_20261002-161933_clu_rasp14_pi4gb_r2,1,491,1790957978662,0,1790960045432.126,737.392,13.861,1790960046184.532,Normal,0.9348
rasp1,48487,20261002-161933_clu_rasp14_pi4gb_r2,2158,perf_20261002-161933_clu_rasp14_pi4gb_r2,1,492,1790957978663,0,1790960046189.321,3140.162,11.316,1790960049341.998,Normal,0.9763
rasp1,48487,20261002-161933_clu_rasp14_pi4gb_r2,2163,perf_20261002-161933_clu_rasp14_pi4gb_r2,1,493,1790957978663,0,1790960049343.554,623.288,10.064,1790960049977.571,Normal,0.9681
rasp1,48487,20261002-161933_clu_rasp14_pi4gb_r2,2164,perf_20261002-161933_clu_rasp14_pi4gb_r2,1,494,1790957978663,0,1790960049979.865,656.429,17.537,1790960050654.972,Normal,0.9435
rasp1,48487,20261002-161933_clu_rasp14_pi4gb_r2,2176,perf_20261002-161933_clu_rasp14_pi4gb_r2,1,495,1790957978664,0,1790960050657.924,710.045,11.61,1790960051380.315,Normal,0.9391
rasp1,48487,20261002-161933_clu_rasp14_pi4gb_r2,2181,perf_20261002-161933_clu_rasp14_pi4gb_r2,1,496,1790957978664,0,1790960051382.346,651.688,10.571,1790960052045.438,Normal,0.6937
rasp1,48487,20261002-161933_clu_rasp14_pi4gb_r2,2184,perf_20261002-161933_clu_rasp14_pi4gb_r2,1,497,1790957978665,0,1790960052048.101,761.351,11.047,1790960052821.833,Normal,0.9269
rasp1,48487,20261002-161933_clu_rasp14_pi4gb_r2,2187,perf_20261002-161933_clu_rasp14_pi4gb_r2,1,498,1790957978665,0,1790960052829.533,1068.691,10.628,1790960053909.64,Normal,0.9045
rasp1,48487,20261002-161933_clu_rasp14_pi4gb_r2,2188,perf_20261002-161933_clu_rasp14_pi4gb_r2,1,499,1790957978665,0,1790960053911.142,1470.012,11.099,1790960055393.263,Normal,0.9643
rasp1,48487,20261002-161933_clu_rasp14_pi4gb_r2,1,perf_20261002-161933_clu_rasp14_pi4gb_r2,3,0,1790957978045,0,1790960059528.891,1134.876,10.186,1790960060674.658,Normal,0.9452
rasp1,48487,20261002-161933_clu_rasp14_pi4gb_r2,3,perf_20261002-161933_clu_rasp14_pi4gb_r2,3,1,1790957978045,0,1790960060676.142,1010.812,31.899,1790960061719.559,Normal,0.9685
rasp1,48487,20261002-161933_clu_rasp14_pi4gb_r2,7,perf_20261002-161933_clu_rasp14_pi4gb_r2,3,2,1790957978046,0,1790960061720.952,1261.344,10.133,1790960062993.176,Normal,0.9439
rasp1,48487,20261002-161933_clu_rasp14_pi4gb_r2,8,perf_20261002-161933_clu_rasp14_pi4gb_r2,3,3,1790957978046,0,1790960062994.593,703.041,13.322,1790960063711.881,Normal,0.8636
rasp1,48487,20261002-161933_clu_rasp14_pi4gb_r2,9,perf_20261002-161933_clu_rasp14_pi4gb_r2,3,4,1790957978047,0,1790960063714.539,744.653,9.722,1790960064469.644,Normal,0.9297
rasp1,48487,20261002-161933_clu_rasp14_pi4gb_r2,13,perf_20261002-161933_clu_rasp14_pi4gb_r2,3,5,1790957978047,0,1790960064471.089,3142.14,11.669,1790960067626.149,Normal,0.9557
rasp1,48487,20261002-161933_clu_rasp14_pi4gb_r2,14,perf_20261002-161933_clu_rasp14_pi4gb_r2,3,6,1790957978048,0,1790960067627.925,866.281,9.61,1790960068504.68,Normal,0.9029
rasp1,48487,20261002-161933_clu_rasp14_pi4gb_r2,19,perf_20261002-161933_clu_rasp14_pi4gb_r2,3,7,1790957978048,0,1790960068506.179,1781.968,9.5,1790960070298.664,Normal,0.9675
rasp1,48487,20261002-161933_clu_rasp14_pi4gb_r2,22,perf_20261002-161933_clu_rasp14_pi4gb_r2,3,8,1790957978049,0,1790960070300.199,5836.597,11.291,1790960076148.812,Normal,0.9286
rasp1,48487,20261002-161933_clu_rasp14_pi4gb_r2,28,perf_20261002-161933_clu_rasp14_pi4gb_r2,3,9,1790957978050,0,1790960076151.095,646.917,8.798,1790960076807.466,Normal,0.9447
rasp1,48487,20261002-161933_clu_rasp14_pi4gb_r2,30,perf_20261002-161933_clu_rasp14_pi4gb_r2,3,10,1790957978051,0,1790960076809.007,629.467,10.295,1790960077449.413,Normal,0.9605
rasp1,48487,20261002-161933_clu_rasp14_pi4gb_r2,31,perf_20261002-161933_clu_rasp14_pi4gb_r2,3,11,1790957978051,0,1790960077451.085,3243.302,10.072,1790960080705.346,HATE,0.5241
rasp1,48487,20261002-161933_clu_rasp14_pi4gb_r2,32,perf_20261002-161933_clu_rasp14_pi4gb_r2,3,12,1790957978051,0,1790960080707.044,1048.795,9.195,1790960081765.851,Normal,0.9683
rasp1,48487,20261002-161933_clu_rasp14_pi4gb_r2,33,perf_20261002-161933_clu_rasp14_pi4gb_r2,3,13,1790957978051,0,1790960081767.476,2201.779,9.997,1790960083980.259,Normal,0.9351
rasp1,48487,20261002-161933_clu_rasp14_pi4gb_r2,35,perf_20261002-161933_clu_rasp14_pi4gb_r2,3,14,1790957978052,0,1790960083982.046,1385.437,9.202,1790960085377.428,Normal,0.9791
rasp1,48487,20261002-161933_clu_rasp14_pi4gb_r2,39,perf_20261002-161933_clu_rasp14_pi4gb_r2,3,15,1790957978053,0,1790960085379.157,580.413,19.497,1790960085979.69,Normal,0.9641
rasp1,48487,20261002-161933_clu_rasp14_pi4gb_r2,44,perf_20261002-161933_clu_rasp14_pi4gb_r2,3,16,1790957978054,0,1790960085984.016,561.453,11.683,1790960086557.83,Normal,0.8797
rasp1,48487,20261002-161933_clu_rasp14_pi4gb_r2,50,perf_20261002-161933_clu_rasp14_pi4gb_r2,3,17,1790957978055,0,1790960086559.476,1994.741,9.398,1790960088564.326,Normal,0.9754
rasp1,48487,20261002-161933_clu_rasp14_pi4gb_r2,53,perf_20261002-161933_clu_rasp14_pi4gb_r2,3,18,1790957978056,0,1790960088570.696,1308.039,13.705,1790960089893.152,Normal,0.9739
rasp1,48487,20261002-161933_clu_rasp14_pi4gb_r2,60,perf_20261002-161933_clu_rasp14_pi4gb_r2,3,19,1790957978057,0,1790960089901.433,652.034,14.983,1790960090569.15,Normal,0.5606
rasp1,48487,20261002-161933_clu_rasp14_pi4gb_r2,64,perf_20261002-161933_clu_rasp14_pi4gb_r2,3,20,1790957978058,0,1790960090572.316,866.089,10.89,1790960091450.022,Normal,0.9683
rasp1,48487,20261002-161933_clu_rasp14_pi4gb_r2,66,perf_20261002-161933_clu_rasp14_pi4gb_r2,3,21,1790957978058,0,1790960091451.437,709.475,9.325,1790960092170.908,Normal,0.9297
rasp1,48487,20261002-161933_clu_rasp14_pi4gb_r2,70,perf_20261002-161933_clu_rasp14_pi4gb_r2,3,22,1790957978059,0,1790960092172.361,576.866,8.464,1790960092758.351,Normal,0.9656
rasp1,48487,20261002-161933_clu_rasp14_pi4gb_r2,71,perf_20261002-161933_clu_rasp14_pi4gb_r2,3,23,1790957978059,0,1790960092759.687,614.197,9.295,1790960093383.86,Normal,0.9162
rasp1,48487,20261002-161933_clu_rasp14_pi4gb_r2,79,perf_20261002-161933_clu_rasp14_pi4gb_r2,3,24,1790957978060,0,1790960093385.164,539.071,8.972,1790960093933.831,Normal,0.9619
rasp1,48487,20261002-161933_clu_rasp14_pi4gb_r2,80,perf_20261002-161933_clu_rasp14_pi4gb_r2,3,25,1790957978061,0,1790960093935.023,1000.393,13.78,1790960094957.186,Normal,0.4294
rasp1,48487,20261002-161933_clu_rasp14_pi4gb_r2,87,perf_20261002-161933_clu_rasp14_pi4gb_r2,3,26,1790957978062,0,1790960094959.376,803.854,8.89,1790960095772.845,Normal,0.9689
rasp1,48487,20261002-161933_clu_rasp14_pi4gb_r2,88,perf_20261002-161933_clu_rasp14_pi4gb_r2,3,27,1790957978062,0,1790960095774.489,1508.301,8.912,1790960097292.328,OFFENSIVE,0.9318
rasp1,48487,20261002-161933_clu_rasp14_pi4gb_r2,90,perf_20261002-161933_clu_rasp14_pi4gb_r2,3,28,1790957978063,0,1790960097293.562,451.086,9.237,1790960097754.678,Normal,0.9375
rasp1,48487,20261002-161933_clu_rasp14_pi4gb_r2,92,perf_20261002-161933_clu_rasp14_pi4gb_r2,3,29,1790957978063,0,1790960097756.057,546.081,10.188,1790960098313.362,Normal,0.9115
rasp1,48487,20261002-161933_clu_rasp14_pi4gb_r2,96,perf_20261002-161933_clu_rasp14_pi4gb_r2,3,30,1790957978064,0,1790960098314.892,675.858,11.094,1790960099002.682,OFFENSIVE,0.8992
rasp1,48487,20261002-161933_clu_rasp14_pi4gb_r2,99,perf_20261002-161933_clu_rasp14_pi4gb_r2,3,31,1790957978064,0,1790960099004.612,647.829,11.241,1790960099664.848,Normal,0.909
rasp1,48487,20261002-161933_clu_rasp14_pi4gb_r2,104,perf_20261002-161933_clu_rasp14_pi4gb_r2,3,32,1790957978065,0,1790960099666.117,824.465,9.886,1790960100501.212,OFFENSIVE,0.3516
rasp1,48487,20261002-161933_clu_rasp14_pi4gb_r2,105,perf_20261002-161933_clu_rasp14_pi4gb_r2,3,33,1790957978065,0,1790960100502.852,943.547,8.579,1790960101455.622,Normal,0.9736
rasp1,48487,20261002-161933_clu_rasp14_pi4gb_r2,108,perf_20261002-161933_clu_rasp14_pi4gb_r2,3,34,1790957978066,0,1790960101456.82,577.968,10.718,1790960102046.177,Normal,0.9137
rasp1,48487,20261002-161933_clu_rasp14_pi4gb_r2,112,perf_20261002-161933_clu_rasp14_pi4gb_r2,3,35,1790957978066,0,1790960102047.945,461.574,7.554,1790960102517.674,Normal,0.8386
rasp1,48487,20261002-161933_clu_rasp14_pi4gb_r2,119,perf_20261002-161933_clu_rasp14_pi4gb_r2,3,36,1790957978067,0,1790960102518.884,404.565,8.153,1790960102932.303,Normal,0.9569
rasp1,48487,20261002-161933_clu_rasp14_pi4gb_r2,126,perf_20261002-161933_clu_rasp14_pi4gb_r2,3,37,1790957978073,0,1790960102933.354,478.991,8.029,1790960103421.059,Normal,0.8098
rasp1,48487,20261002-161933_clu_rasp14_pi4gb_r2,133,perf_20261002-161933_clu_rasp14_pi4gb_r2,3,38,1790957978096,0,1790960103422.18,734.144,9.948,1790960104166.898,Normal,0.797
rasp1,48487,20261002-161933_clu_rasp14_pi4gb_r2,142,perf_20261002-161933_clu_rasp14_pi4gb_r2,3,39,1790957978099,0,1790960104168.094,571.157,8.065,1790960104747.904,Normal,0.9526
rasp1,48487,20261002-161933_clu_rasp14_pi4gb_r2,157,perf_20261002-161933_clu_rasp14_pi4gb_r2,3,40,1790957978102,0,1790960104748.997,1273.459,8.051,1790960106031.103,Normal,0.9679
rasp1,48487,20261002-161933_clu_rasp14_pi4gb_r2,159,perf_20261002-161933_clu_rasp14_pi4gb_r2,3,41,1790957978103,0,1790960106032.241,696.831,8.565,1790960106742.316,Normal,0.8903
rasp1,48487,20261002-161933_clu_rasp14_pi4gb_r2,160,perf_20261002-161933_clu_rasp14_pi4gb_r2,3,42,1790957978103,0,1790960106743.897,610.428,8.261,1790960107363.236,Normal,0.6424
rasp1,48487,20261002-161933_clu_rasp14_pi4gb_r2,166,perf_20261002-161933_clu_rasp14_pi4gb_r2,3,43,1790957978104,0,1790960107364.375,455.296,7.684,1790960107827.926,Normal,0.9626
rasp1,48487,20261002-161933_clu_rasp14_pi4gb_r2,168,perf_20261002-161933_clu_rasp14_pi4gb_r2,3,44,1790957978104,0,1790960107828.933,428.931,8.119,1790960108266.515,Normal,0.8523
rasp1,48487,20261002-161933_clu_rasp14_pi4gb_r2,172,perf_20261002-161933_clu_rasp14_pi4gb_r2,3,45,1790957978105,0,1790960108267.63,421.625,8.202,1790960108698.126,Normal,0.6914
rasp1,48487,20261002-161933_clu_rasp14_pi4gb_r2,173,perf_20261002-161933_clu_rasp14_pi4gb_r2,3,46,1790957978105,0,1790960108699.186,393.542,8.162,1790960109101.41,Normal,0.9493
rasp1,48487,20261002-161933_clu_rasp14_pi4gb_r2,177,perf_20261002-161933_clu_rasp14_pi4gb_r2,3,47,1790957978106,0,1790960109102.453,498.74,9.06,1790960109610.816,Normal,0.9156
rasp1,48487,20261002-161933_clu_rasp14_pi4gb_r2,178,perf_20261002-161933_clu_rasp14_pi4gb_r2,3,48,1790957978106,0,1790960109611.883,746.983,8.477,1790960110367.936,Normal,0.4923
rasp1,48487,20261002-161933_clu_rasp14_pi4gb_r2,184,perf_20261002-161933_clu_rasp14_pi4gb_r2,3,49,1790957978108,0,1790960110369.053,738.092,7.64,1790960111115.303,Normal,0.9685
rasp1,48487,20261002-161933_clu_rasp14_pi4gb_r2,187,perf_20261002-161933_clu_rasp14_pi4gb_r2,3,50,1790957978108,0,1790960111116.408,449.863,8.972,1790960111575.843,Normal,0.9594
rasp1,48487,20261002-161933_clu_rasp14_pi4gb_r2,188,perf_20261002-161933_clu_rasp14_pi4gb_r2,3,51,1790957978108,0,1790960111577.244,501.584,8.002,1790960112087.323,Normal,0.9731
rasp1,48487,20261002-161933_clu_rasp14_pi4gb_r2,193,perf_20261002-161933_clu_rasp14_pi4gb_r2,3,52,1790957978110,0,1790960112088.46,386.571,8.32,1790960112483.912,Normal,0.9526
rasp1,48487,20261002-161933_clu_rasp14_pi4gb_r2,194,perf_20261002-161933_clu_rasp14_pi4gb_r2,3,53,1790957978110,0,1790960112484.867,340.064,7.895,1790960112833.292,Normal,0.9401
rasp1,48487,20261002-161933_clu_rasp14_pi4gb_r2,211,perf_20261002-161933_clu_rasp14_pi4gb_r2,3,54,1790957978113,0,1790960112834.25,348.911,8.713,1790960113192.34,Normal,0.9386
rasp1,48487,20261002-161933_clu_rasp14_pi4gb_r2,212,perf_20261002-161933_clu_rasp14_pi4gb_r2,3,55,1790957978113,0,1790960113193.358,548.018,7.978,1790960113749.887,Normal,0.9407
rasp1,48487,20261002-161933_clu_rasp14_pi4gb_r2,223,perf_20261002-161933_clu_rasp14_pi4gb_r2,3,56,1790957978131,0,1790960113750.91,377.555,8.892,1790960114137.886,Normal,0.9303
rasp1,48487,20261002-161933_clu_rasp14_pi4gb_r2,232,perf_20261002-161933_clu_rasp14_pi4gb_r2,3,57,1790957978152,0,1790960114138.908,657.136,8.043,1790960114804.617,Normal,0.7608
rasp1,48487,20261002-161933_clu_rasp14_pi4gb_r2,233,perf_20261002-161933_clu_rasp14_pi4gb_r2,3,58,1790957978152,0,1790960114805.749,620.231,8.678,1790960115435.218,Normal,0.9321
rasp1,48487,20261002-161933_clu_rasp14_pi4gb_r2,240,perf_20261002-161933_clu_rasp14_pi4gb_r2,3,59,1790957978154,0,1790960115436.322,1473.519,8.124,1790960116918.482,Normal,0.9698
rasp1,48487,20261002-161933_clu_rasp14_pi4gb_r2,243,perf_20261002-161933_clu_rasp14_pi4gb_r2,3,60,1790957978154,0,1790960116919.51,532.296,7.669,1790960117459.981,Normal,0.8807
rasp1,48487,20261002-161933_clu_rasp14_pi4gb_r2,245,perf_20261002-161933_clu_rasp14_pi4gb_r2,3,61,1790957978154,0,1790960117461.0,463.588,7.341,1790960117932.5,Normal,0.872
rasp1,48487,20261002-161933_clu_rasp14_pi4gb_r2,246,perf_20261002-161933_clu_rasp14_pi4gb_r2,3,62,1790957978155,0,1790960117933.58,449.782,7.546,1790960118391.442,Normal,0.9352
rasp1,48487,20261002-161933_clu_rasp14_pi4gb_r2,252,perf_20261002-161933_clu_rasp14_pi4gb_r2,3,63,1790957978156,0,1790960118392.419,367.002,7.913,1790960118767.877,Normal,0.9608
rasp1,48487,20261002-161933_clu_rasp14_pi4gb_r2,253,perf_20261002-161933_clu_rasp14_pi4gb_r2,3,64,1790957978156,0,1790960118768.898,401.983,7.761,1790960119179.134,Normal,0.8428
rasp1,48487,20261002-161933_clu_rasp14_pi4gb_r2,261,perf_20261002-161933_clu_rasp14_pi4gb_r2,3,65,1790957978158,0,1790960119180.384,511.59,8.289,1790960119700.75,Normal,0.7016
rasp1,48487,20261002-161933_clu_rasp14_pi4gb_r2,267,perf_20261002-161933_clu_rasp14_pi4gb_r2,3,66,1790957978159,0,1790960119701.674,401.637,8.212,1790960120112.054,Normal,0.9382
rasp1,48487,20261002-161933_clu_rasp14_pi4gb_r2,271,perf_20261002-161933_clu_rasp14_pi4gb_r2,3,67,1790957978159,0,1790960120113.005,386.958,8.0,1790960120513.3,Normal,0.9563
rasp1,48487,20261002-161933_clu_rasp14_pi4gb_r2,274,perf_20261002-161933_clu_rasp14_pi4gb_r2,3,68,1790957978160,0,1790960120514.256,777.669,7.914,1790960121300.335,Normal,0.9626
rasp1,48487,20261002-161933_clu_rasp14_pi4gb_r2,275,perf_20261002-161933_clu_rasp14_pi4gb_r2,3,69,1790957978160,0,1790960121301.287,665.89,7.999,1790960121975.668,Normal,0.7101
rasp1,48487,20261002-161933_clu_rasp14_pi4gb_r2,277,perf_20261002-161933_clu_rasp14_pi4gb_r2,3,70,1790957978161,0,1790960121976.632,622.833,7.633,1790960122607.641,Normal,0.9512
rasp1,48487,20261002-161933_clu_rasp14_pi4gb_r2,289,perf_20261002-161933_clu_rasp14_pi4gb_r2,3,71,1790957978163,0,1790960122608.594,710.073,7.814,1790960123327.029,Normal,0.953
rasp1,48487,20261002-161933_clu_rasp14_pi4gb_r2,291,perf_20261002-161933_clu_rasp14_pi4gb_r2,3,72,1790957978163,0,1790960123327.987,510.909,7.434,1790960123846.819,Normal,0.9199
rasp1,48487,20261002-161933_clu_rasp14_pi4gb_r2,292,perf_20261002-161933_clu_rasp14_pi4gb_r2,3,73,1790957978163,0,1790960123847.773,488.377,8.299,1790960124344.937,Normal,0.963
rasp1,48487,20261002-161933_clu_rasp14_pi4gb_r2,301,perf_20261002-161933_clu_rasp14_pi4gb_r2,3,74,1790957978166,0,1790960124345.915,467.544,8.66,1790960124822.781,Normal,0.7405
rasp1,48487,20261002-161933_clu_rasp14_pi4gb_r2,302,perf_20261002-161933_clu_rasp14_pi4gb_r2,3,75,1790957978166,0,1790960124823.697,513.214,7.183,1790960125344.613,Normal,0.9519
rasp1,48487,20261002-161933_clu_rasp14_pi4gb_r2,306,perf_20261002-161933_clu_rasp14_pi4gb_r2,3,76,1790957978167,0,1790960125345.573,537.023,8.03,1790960125894.941,Normal,0.9521
rasp1,48487,20261002-161933_clu_rasp14_pi4gb_r2,309,perf_20261002-161933_clu_rasp14_pi4gb_r2,3,77,1790957978167,0,1790960125895.914,339.357,9.075,1790960126244.879,Normal,0.9401
rasp1,48487,20261002-161933_clu_rasp14_pi4gb_r2,310,perf_20261002-161933_clu_rasp14_pi4gb_r2,3,78,1790957978168,0,1790960126245.829,366.174,6.996,1790960126619.487,Normal,0.9552
rasp1,48487,20261002-161933_clu_rasp14_pi4gb_r2,315,perf_20261002-161933_clu_rasp14_pi4gb_r2,3,79,1790957978169,0,1790960126620.437,401.803,7.245,1790960127030.02,Normal,0.8624
rasp1,48487,20261002-161933_clu_rasp14_pi4gb_r2,317,perf_20261002-161933_clu_rasp14_pi4gb_r2,3,80,1790957978169,0,1790960127030.977,921.215,9.416,1790960127962.11,Normal,0.9744
rasp1,48487,20261002-161933_clu_rasp14_pi4gb_r2,320,perf_20261002-161933_clu_rasp14_pi4gb_r2,3,81,1790957978170,0,1790960127963.085,346.761,8.691,1790960128319.041,Normal,0.9423
rasp1,48487,20261002-161933_clu_rasp14_pi4gb_r2,322,perf_20261002-161933_clu_rasp14_pi4gb_r2,3,82,1790957978170,0,1790960128320.071,478.372,8.246,1790960128807.239,Normal,0.9425
rasp1,48487,20261002-161933_clu_rasp14_pi4gb_r2,330,perf_20261002-161933_clu_rasp14_pi4gb_r2,3,83,1790957978172,0,1790960128808.257,1292.778,8.386,1790960130109.928,Normal,0.9741
rasp1,48487,20261002-161933_clu_rasp14_pi4gb_r2,334,perf_20261002-161933_clu_rasp14_pi4gb_r2,3,84,1790957978173,0,1790960130110.916,692.957,8.43,1790960130812.797,OFFENSIVE,0.8015
rasp1,48487,20261002-161933_clu_rasp14_pi4gb_r2,341,perf_20261002-161933_clu_rasp14_pi4gb_r2,3,85,1790957978174,0,1790960130813.756,692.679,8.062,1790960131519.911,Normal,0.8806
rasp1,48487,20261002-161933_clu_rasp14_pi4gb_r2,344,perf_20261002-161933_clu_rasp14_pi4gb_r2,3,86,1790957978175,0,1790960131520.885,466.292,7.766,1790960131995.435,Normal,0.9232
rasp1,48487,20261002-161933_clu_rasp14_pi4gb_r2,346,perf_20261002-161933_clu_rasp14_pi4gb_r2,3,87,1790957978175,0,1790960131996.392,339.41,7.907,1790960132344.195,Normal,0.9375
rasp1,48487,20261002-161933_clu_rasp14_pi4gb_r2,354,perf_20261002-161933_clu_rasp14_pi4gb_r2,3,88,1790957978177,0,1790960132345.228,510.696,7.436,1790960132863.848,Normal,0.9122
rasp1,48487,20261002-161933_clu_rasp14_pi4gb_r2,358,perf_20261002-161933_clu_rasp14_pi4gb_r2,3,89,1790957978178,0,1790960132864.803,387.054,8.214,1790960133260.553,Normal,0.9483
rasp1,48487,20261002-161933_clu_rasp14_pi4gb_r2,364,perf_20261002-161933_clu_rasp14_pi4gb_r2,3,90,1790957978179,0,1790960133261.503,556.095,7.741,1790960133825.892,Normal,0.923
rasp1,48487,20261002-161933_clu_rasp14_pi4gb_r2,368,perf_20261002-161933_clu_rasp14_pi4gb_r2,3,91,1790957978180,0,1790960133827.023,366.783,7.626,1790960134201.918,OFFENSIVE,0.5247
rasp1,48487,20261002-161933_clu_rasp14_pi4gb_r2,378,perf_20261002-161933_clu_rasp14_pi4gb_r2,3,92,1790957978182,0,1790960134202.878,486.497,8.424,1790960134698.353,Normal,0.9224
rasp1,48487,20261002-161933_clu_rasp14_pi4gb_r2,379,perf_20261002-161933_clu_rasp14_pi4gb_r2,3,93,1790957978182,0,1790960134699.304,339.7,8.015,1790960135047.501,Normal,0.9525
rasp1,48487,20261002-161933_clu_rasp14_pi4gb_r2,384,perf_20261002-161933_clu_rasp14_pi4gb_r2,3,94,1790957978183,0,1790960135048.452,467.345,7.941,1790960135524.227,Normal,0.6311
rasp1,48487,20261002-161933_clu_rasp14_pi4gb_r2,391,perf_20261002-161933_clu_rasp14_pi4gb_r2,3,95,1790957978185,0,1790960135525.365,337.502,7.895,1790960135871.244,Normal,0.9375
rasp1,48487,20261002-161933_clu_rasp14_pi4gb_r2,400,perf_20261002-161933_clu_rasp14_pi4gb_r2,3,96,1790957978186,0,1790960135872.215,554.341,7.859,1790960136434.987,Normal,0.9525
rasp1,48487,20261002-161933_clu_rasp14_pi4gb_r2,403,perf_20261002-161933_clu_rasp14_pi4gb_r2,3,97,1790957978186,0,1790960136435.95,367.253,8.612,1790960136812.399,Normal,0.9309
rasp1,48487,20261002-161933_clu_rasp14_pi4gb_r2,404,perf_20261002-161933_clu_rasp14_pi4gb_r2,3,98,1790957978186,0,1790960136813.36,510.651,7.803,1790960137332.304,Normal,0.9655
rasp1,48487,20261002-161933_clu_rasp14_pi4gb_r2,408,perf_20261002-161933_clu_rasp14_pi4gb_r2,3,99,1790957978187,0,1790960137333.257,338.811,7.559,1790960137680.116,Normal,0.9486
rasp1,48487,20261002-161933_clu_rasp14_pi4gb_r2,411,perf_20261002-161933_clu_rasp14_pi4gb_r2,3,100,1790957978187,0,1790960137681.159,367.207,7.869,1790960138056.858,Normal,0.9572
rasp1,48487,20261002-161933_clu_rasp14_pi4gb_r2,414,perf_20261002-161933_clu_rasp14_pi4gb_r2,3,101,1790957978193,0,1790960138057.808,367.339,8.557,1790960138434.164,Normal,0.9451
rasp1,48487,20261002-161933_clu_rasp14_pi4gb_r2,419,perf_20261002-161933_clu_rasp14_pi4gb_r2,3,102,1790957978193,0,1790960138435.119,369.729,6.843,1790960138812.149,Normal,0.9364
rasp1,48487,20261002-161933_clu_rasp14_pi4gb_r2,421,perf_20261002-161933_clu_rasp14_pi4gb_r2,3,103,1790957978193,0,1790960138813.099,466.875,8.21,1790960139288.647,Normal,0.9502
rasp1,48487,20261002-161933_clu_rasp14_pi4gb_r2,422,perf_20261002-161933_clu_rasp14_pi4gb_r2,3,104,1790957978193,0,1790960139289.603,450.155,8.067,1790960139748.297,Normal,0.9527
rasp1,48487,20261002-161933_clu_rasp14_pi4gb_r2,424,perf_20261002-161933_clu_rasp14_pi4gb_r2,3,105,1790957978194,0,1790960139749.248,406.52,7.996,1790960140164.245,Normal,0.9695
rasp1,48487,20261002-161933_clu_rasp14_pi4gb_r2,427,perf_20261002-161933_clu_rasp14_pi4gb_r2,3,106,1790957978194,0,1790960140165.272,480.874,8.343,1790960140654.953,Normal,0.9717
rasp1,48487,20261002-161933_clu_rasp14_pi4gb_r2,431,perf_20261002-161933_clu_rasp14_pi4gb_r2,3,107,1790957978194,0,1790960140655.896,647.276,7.986,1790960141311.641,Normal,0.9759
rasp1,48487,20261002-161933_clu_rasp14_pi4gb_r2,434,perf_20261002-161933_clu_rasp14_pi4gb_r2,3,108,1790957978194,0,1790960141312.647,375.301,7.9,1790960141696.308,Normal,0.9447
rasp1,48487,20261002-161933_clu_rasp14_pi4gb_r2,435,perf_20261002-161933_clu_rasp14_pi4gb_r2,3,109,1790957978195,0,1790960141697.262,493.829,7.83,1790960142199.59,Normal,0.9503
rasp1,48487,20261002-161933_clu_rasp14_pi4gb_r2,436,perf_20261002-161933_clu_rasp14_pi4gb_r2,3,110,1790957978195,0,1790960142200.635,1011.555,7.608,1790960143220.278,Normal,0.9658
rasp1,48487,20261002-161933_clu_rasp14_pi4gb_r2,440,perf_20261002-161933_clu_rasp14_pi4gb_r2,3,111,1790957978195,0,1790960143221.237,512.833,7.241,1790960143741.772,Normal,0.9599
rasp1,48487,20261002-161933_clu_rasp14_pi4gb_r2,443,perf_20261002-161933_clu_rasp14_pi4gb_r2,3,112,1790957978195,0,1790960143742.687,367.06,7.867,1790960144118.116,Normal,0.8104
rasp1,48487,20261002-161933_clu_rasp14_pi4gb_r2,445,perf_20261002-161933_clu_rasp14_pi4gb_r2,3,113,1790957978195,0,1790960144119.07,388.564,8.198,1790960144516.344,Normal,0.9688
rasp1,48487,20261002-161933_clu_rasp14_pi4gb_r2,451,perf_20261002-161933_clu_rasp14_pi4gb_r2,3,114,1790957978196,0,1790960144517.295,511.344,9.989,1790960145039.144,Normal,0.6256
rasp1,48487,20261002-161933_clu_rasp14_pi4gb_r2,452,perf_20261002-161933_clu_rasp14_pi4gb_r2,3,115,1790957978196,0,1790960145040.12,401.496,7.801,1790960145449.951,Normal,0.9337
rasp1,48487,20261002-161933_clu_rasp14_pi4gb_r2,453,perf_20261002-161933_clu_rasp14_pi4gb_r2,3,116,1790957978196,0,1790960145450.931,667.107,7.803,1790960146126.358,Normal,0.9449
rasp1,48487,20261002-161933_clu_rasp14_pi4gb_r2,457,perf_20261002-161933_clu_rasp14_pi4gb_r2,3,117,1790957978196,0,1790960146127.361,553.661,8.718,1790960146690.231,Normal,0.9773
rasp1,48487,20261002-161933_clu_rasp14_pi4gb_r2,461,perf_20261002-161933_clu_rasp14_pi4gb_r2,3,118,1790957978197,0,1790960146691.208,339.96,7.802,1790960147039.477,Normal,0.8636
rasp1,48487,20261002-161933_clu_rasp14_pi4gb_r2,469,perf_20261002-161933_clu_rasp14_pi4gb_r2,3,119,1790957978197,0,1790960147040.455,488.562,7.931,1790960147537.435,Normal,0.9558
rasp1,48487,20261002-161933_clu_rasp14_pi4gb_r2,473,perf_20261002-161933_clu_rasp14_pi4gb_r2,3,120,1790957978219,0,1790960147538.414,1186.639,7.774,1790960148733.325,Normal,0.9809
rasp1,48487,20261002-161933_clu_rasp14_pi4gb_r2,475,perf_20261002-161933_clu_rasp14_pi4gb_r2,3,121,1790957978219,0,1790960148734.299,402.087,8.284,1790960149145.317,Normal,0.9786
rasp1,48487,20261002-161933_clu_rasp14_pi4gb_r2,478,perf_20261002-161933_clu_rasp14_pi4gb_r2,3,122,1790957978230,0,1790960149146.303,387.654,7.452,1790960149541.9,Normal,0.9162
rasp1,48487,20261002-161933_clu_rasp14_pi4gb_r2,480,perf_20261002-161933_clu_rasp14_pi4gb_r2,3,123,1790957978230,0,1790960149542.875,466.603,8.363,1790960150018.374,Normal,0.9512
rasp1,48487,20261002-161933_clu_rasp14_pi4gb_r2,484,perf_20261002-161933_clu_rasp14_pi4gb_r2,3,124,1790957978236,0,1790960150019.53,449.82,8.714,1790960150478.589,Normal,0.962
rasp1,48487,20261002-161933_clu_rasp14_pi4gb_r2,486,perf_20261002-161933_clu_rasp14_pi4gb_r2,3,125,1790957978236,0,1790960150479.569,555.446,7.037,1790960151042.541,Normal,0.9601
rasp1,48487,20261002-161933_clu_rasp14_pi4gb_r2,487,perf_20261002-161933_clu_rasp14_pi4gb_r2,3,126,1790957978237,0,1790960151043.523,486.651,7.149,1790960151537.807,OFFENSIVE,0.5103
rasp1,48487,20261002-161933_clu_rasp14_pi4gb_r2,488,perf_20261002-161933_clu_rasp14_pi4gb_r2,3,127,1790957978237,0,1790960151538.969,344.177,7.232,1790960151890.865,Normal,0.9375
rasp1,48487,20261002-161933_clu_rasp14_pi4gb_r2,492,perf_20261002-161933_clu_rasp14_pi4gb_r2,3,128,1790957978238,0,1790960151891.839,478.193,9.005,1790960152379.551,Normal,0.9707
rasp1,48487,20261002-161933_clu_rasp14_pi4gb_r2,494,perf_20261002-161933_clu_rasp14_pi4gb_r2,3,129,1790957978239,0,1790960152380.634,551.198,8.633,1790960152940.958,Normal,0.9205
rasp1,48487,20261002-161933_clu_rasp14_pi4gb_r2,497,perf_20261002-161933_clu_rasp14_pi4gb_r2,3,130,1790957978240,0,1790960152941.937,534.445,7.858,1790960153484.914,Normal,0.9381
rasp1,48487,20261002-161933_clu_rasp14_pi4gb_r2,506,perf_20261002-161933_clu_rasp14_pi4gb_r2,3,131,1790957978241,0,1790960153485.953,769.824,7.844,1790960154264.118,Normal,0.9766
rasp1,48487,20261002-161933_clu_rasp14_pi4gb_r2,507,perf_20261002-161933_clu_rasp14_pi4gb_r2,3,132,1790957978242,0,1790960154265.092,488.746,8.002,1790960154762.323,Normal,0.9539
rasp1,48487,20261002-161933_clu_rasp14_pi4gb_r2,508,perf_20261002-161933_clu_rasp14_pi4gb_r2,3,133,1790957978242,0,1790960154763.403,402.505,9.143,1790960155175.543,Normal,0.9728
rasp1,48487,20261002-161933_clu_rasp14_pi4gb_r2,515,perf_20261002-161933_clu_rasp14_pi4gb_r2,3,134,1790957978243,0,1790960155176.692,367.126,7.962,1790960155552.312,Normal,0.9451
rasp1,48487,20261002-161933_clu_rasp14_pi4gb_r2,517,perf_20261002-161933_clu_rasp14_pi4gb_r2,3,135,1790957978262,0,1790960155553.276,467.388,7.019,1790960156028.223,Normal,0.9051
rasp1,48487,20261002-161933_clu_rasp14_pi4gb_r2,518,perf_20261002-161933_clu_rasp14_pi4gb_r2,3,136,1790957978262,0,1790960156029.374,388.072,7.637,1790960156425.619,Normal,0.9688
rasp1,48487,20261002-161933_clu_rasp14_pi4gb_r2,520,perf_20261002-161933_clu_rasp14_pi4gb_r2,3,137,1790957978263,0,1790960156426.598,467.764,8.444,1790960156903.339,Normal,0.9568
rasp1,48487,20261002-161933_clu_rasp14_pi4gb_r2,522,perf_20261002-161933_clu_rasp14_pi4gb_r2,3,138,1790957978263,0,1790960156904.383,538.935,8.012,1790960157451.872,Normal,0.963
rasp1,48487,20261002-161933_clu_rasp14_pi4gb_r2,523,perf_20261002-161933_clu_rasp14_pi4gb_r2,3,139,1790957978263,0,1790960157452.833,555.291,7.85,1790960158016.46,Normal,0.9492
rasp1,48487,20261002-161933_clu_rasp14_pi4gb_r2,526,perf_20261002-161933_clu_rasp14_pi4gb_r2,3,140,1790957978264,0,1790960158017.418,362.684,8.372,1790960158388.956,Normal,0.9572
rasp1,48487,20261002-161933_clu_rasp14_pi4gb_r2,529,perf_20261002-161933_clu_rasp14_pi4gb_r2,3,141,1790957978264,0,1790960158389.905,339.949,7.797,1790960158738.128,Normal,0.931
rasp1,48487,20261002-161933_clu_rasp14_pi4gb_r2,538,perf_20261002-161933_clu_rasp14_pi4gb_r2,3,142,1790957978266,0,1790960158739.085,469.068,7.509,1790960159216.152,Normal,0.9103
rasp1,48487,20261002-161933_clu_rasp14_pi4gb_r2,540,perf_20261002-161933_clu_rasp14_pi4gb_r2,3,143,1790957978267,0,1790960159217.294,367.13,7.245,1790960159592.214,Normal,0.9606
rasp1,48487,20261002-161933_clu_rasp14_pi4gb_r2,543,perf_20261002-161933_clu_rasp14_pi4gb_r2,3,144,1790957978267,0,1790960159593.165,1094.702,7.902,1790960160696.263,Normal,0.8165
rasp1,48487,20261002-161933_clu_rasp14_pi4gb_r2,544,perf_20261002-161933_clu_rasp14_pi4gb_r2,3,145,1790957978268,0,1790960160697.217,936.727,8.113,1790960161642.552,Normal,0.9761
rasp1,48487,20261002-161933_clu_rasp14_pi4gb_r2,545,perf_20261002-161933_clu_rasp14_pi4gb_r2,3,146,1790957978268,0,1790960161643.509,487.26,7.528,1790960162138.788,Normal,0.9552
rasp1,48487,20261002-161933_clu_rasp14_pi4gb_r2,561,perf_20261002-161933_clu_rasp14_pi4gb_r2,3,147,1790957978271,0,1790960162139.738,387.034,8.9,1790960162536.247,Normal,0.8556
rasp1,48487,20261002-161933_clu_rasp14_pi4gb_r2,571,perf_20261002-161933_clu_rasp14_pi4gb_r2,3,148,1790957978274,0,1790960162537.201,401.866,7.035,1790960162946.565,Normal,0.9531
rasp1,48487,20261002-161933_clu_rasp14_pi4gb_r2,573,perf_20261002-161933_clu_rasp14_pi4gb_r2,3,149,1790957978275,0,1790960162947.693,340.074,7.555,1790960163295.823,Normal,0.9494
rasp1,48487,20261002-161933_clu_rasp14_pi4gb_r2,575,perf_20261002-161933_clu_rasp14_pi4gb_r2,3,150,1790957978275,0,1790960163296.781,401.02,8.856,1790960163707.12,Normal,0.9695
rasp1,48487,20261002-161933_clu_rasp14_pi4gb_r2,576,perf_20261002-161933_clu_rasp14_pi4gb_r2,3,151,1790957978275,0,1790960163708.074,409.003,7.781,1790960164125.323,Normal,0.9026
rasp1,48487,20261002-161933_clu_rasp14_pi4gb_r2,578,perf_20261002-161933_clu_rasp14_pi4gb_r2,3,152,1790957978275,0,1790960164126.3,350.145,8.32,1790960164485.288,Normal,0.9309
rasp1,48487,20261002-161933_clu_rasp14_pi4gb_r2,582,perf_20261002-161933_clu_rasp14_pi4gb_r2,3,153,1790957978276,0,1790960164486.303,395.158,11.321,1790960164893.312,Normal,0.9474
rasp1,48487,20261002-161933_clu_rasp14_pi4gb_r2,586,perf_20261002-161933_clu_rasp14_pi4gb_r2,3,154,1790957978277,0,1790960164894.3,404.003,8.729,1790960165307.559,Normal,0.9572
rasp1,48487,20261002-161933_clu_rasp14_pi4gb_r2,590,perf_20261002-161933_clu_rasp14_pi4gb_r2,3,155,1790957978278,0,1790960165308.656,619.681,8.979,1790960165937.831,Normal,0.9565
rasp1,48487,20261002-161933_clu_rasp14_pi4gb_r2,591,perf_20261002-161933_clu_rasp14_pi4gb_r2,3,156,1790957978278,0,1790960165938.861,341.5,8.16,1790960166289.023,Normal,0.9309
rasp1,48487,20261002-161933_clu_rasp14_pi4gb_r2,592,perf_20261002-161933_clu_rasp14_pi4gb_r2,3,157,1790957978278,0,1790960166289.984,338.965,8.121,1790960166637.532,Normal,0.9494
rasp1,48487,20261002-161933_clu_rasp14_pi4gb_r2,594,perf_20261002-161933_clu_rasp14_pi4gb_r2,3,158,1790957978279,0,1790960166638.488,451.102,9.238,1790960167099.336,Normal,0.9452
rasp1,48487,20261002-161933_clu_rasp14_pi4gb_r2,597,perf_20261002-161933_clu_rasp14_pi4gb_r2,3,159,1790957978280,0,1790960167100.297,511.149,7.99,1790960167624.464,Normal,0.9604
rasp1,48487,20261002-161933_clu_rasp14_pi4gb_r2,605,perf_20261002-161933_clu_rasp14_pi4gb_r2,3,160,1790957978281,0,1790960167625.439,693.082,8.039,1790960168327.078,Normal,0.9378
rasp1,48487,20261002-161933_clu_rasp14_pi4gb_r2,610,perf_20261002-161933_clu_rasp14_pi4gb_r2,3,161,1790957978282,0,1790960168328.039,380.601,6.374,1790960168715.366,Normal,0.9107
rasp1,48487,20261002-161933_clu_rasp14_pi4gb_r2,613,perf_20261002-161933_clu_rasp14_pi4gb_r2,3,162,1790957978283,0,1790960168716.079,596.961,8.028,1790960169321.534,Normal,0.9582
rasp1,48487,20261002-161933_clu_rasp14_pi4gb_r2,619,perf_20261002-161933_clu_rasp14_pi4gb_r2,3,163,1790957978284,0,1790960169322.495,1094.457,8.182,1790960170425.612,Normal,0.9782
rasp1,48487,20261002-161933_clu_rasp14_pi4gb_r2,622,perf_20261002-161933_clu_rasp14_pi4gb_r2,3,164,1790957978284,0,1790960170426.587,339.629,7.765,1790960170774.442,Normal,0.9309
rasp1,48487,20261002-161933_clu_rasp14_pi4gb_r2,626,perf_20261002-161933_clu_rasp14_pi4gb_r2,3,165,1790957978285,0,1790960170775.432,512.316,7.731,1790960171295.945,Normal,0.4948
rasp1,48487,20261002-161933_clu_rasp14_pi4gb_r2,639,perf_20261002-161933_clu_rasp14_pi4gb_r2,3,166,1790957978287,0,1790960171296.896,402.486,8.362,1790960171708.27,Normal,0.9238
rasp1,48487,20261002-161933_clu_rasp14_pi4gb_r2,654,perf_20261002-161933_clu_rasp14_pi4gb_r2,3,167,1790957978288,0,1790960171709.225,1131.041,8.102,1790960172848.907,Normal,0.9588
rasp1,48487,20261002-161933_clu_rasp14_pi4gb_r2,660,perf_20261002-161933_clu_rasp14_pi4gb_r2,3,168,1790957978289,0,1790960172849.889,536.136,8.31,1790960173394.809,Normal,0.6213
rasp1,48487,20261002-161933_clu_rasp14_pi4gb_r2,662,perf_20261002-161933_clu_rasp14_pi4gb_r2,3,169,1790957978289,0,1790960173395.766,622.226,8.048,1790960174026.505,Normal,0.7664
rasp1,48487,20261002-161933_clu_rasp14_pi4gb_r2,663,perf_20261002-161933_clu_rasp14_pi4gb_r2,3,170,1790957978289,0,1790960174027.453,578.822,7.656,1790960174614.439,Normal,0.9672
rasp1,48487,20261002-161933_clu_rasp14_pi4gb_r2,664,perf_20261002-161933_clu_rasp14_pi4gb_r2,3,171,1790957978289,0,1790960174615.39,339.675,7.914,1790960174963.44,Normal,0.9423
rasp1,48487,20261002-161933_clu_rasp14_pi4gb_r2,667,perf_20261002-161933_clu_rasp14_pi4gb_r2,3,172,1790957978289,0,1790960174964.564,338.889,8.512,1790960175312.512,Normal,0.9423
rasp1,48487,20261002-161933_clu_rasp14_pi4gb_r2,669,perf_20261002-161933_clu_rasp14_pi4gb_r2,3,173,1790957978289,0,1790960175313.696,672.226,6.852,1790960175993.279,Normal,0.6919
rasp1,48487,20261002-161933_clu_rasp14_pi4gb_r2,676,perf_20261002-161933_clu_rasp14_pi4gb_r2,3,174,1790957978315,0,1790960175994.233,350.164,8.237,1790960176353.174,Normal,0.9423
rasp1,48487,20261002-161933_clu_rasp14_pi4gb_r2,678,perf_20261002-161933_clu_rasp14_pi4gb_r2,3,175,1790957978316,0,1790960176354.183,347.08,8.646,1790960176710.436,Normal,0.8661
rasp1,48487,20261002-161933_clu_rasp14_pi4gb_r2,684,perf_20261002-161933_clu_rasp14_pi4gb_r2,3,176,1790957978316,0,1790960176711.438,376.028,9.042,1790960177097.035,Normal,0.9411
rasp1,48487,20261002-161933_clu_rasp14_pi4gb_r2,692,perf_20261002-161933_clu_rasp14_pi4gb_r2,3,177,1790957978335,0,1790960177097.996,358.665,7.826,1790960177465.045,Normal,0.9423
rasp1,48487,20261002-161933_clu_rasp14_pi4gb_r2,698,perf_20261002-161933_clu_rasp14_pi4gb_r2,3,178,1790957978338,0,1790960177466.086,776.574,7.681,1790960178250.902,Normal,0.9523
rasp1,48487,20261002-161933_clu_rasp14_pi4gb_r2,699,perf_20261002-161933_clu_rasp14_pi4gb_r2,3,179,1790957978339,0,1790960178251.983,455.963,7.84,1790960178716.279,Normal,0.9202
rasp1,48487,20261002-161933_clu_rasp14_pi4gb_r2,708,perf_20261002-161933_clu_rasp14_pi4gb_r2,3,180,1790957978340,0,1790960178717.25,332.655,7.137,1790960179057.531,Normal,0.9423
rasp1,48487,20261002-161933_clu_rasp14_pi4gb_r2,712,perf_20261002-161933_clu_rasp14_pi4gb_r2,3,181,1790957978341,0,1790960179058.495,403.294,8.71,1790960179470.987,Normal,0.9728
rasp1,48487,20261002-161933_clu_rasp14_pi4gb_r2,716,perf_20261002-161933_clu_rasp14_pi4gb_r2,3,182,1790957978342,0,1790960179472.021,340.38,7.379,1790960179820.328,Normal,0.9105
rasp1,48487,20261002-161933_clu_rasp14_pi4gb_r2,720,perf_20261002-161933_clu_rasp14_pi4gb_r2,3,183,1790957978343,0,1790960179821.293,512.144,8.519,1790960180342.506,Normal,0.8872
rasp1,48487,20261002-161933_clu_rasp14_pi4gb_r2,722,perf_20261002-161933_clu_rasp14_pi4gb_r2,3,184,1790957978343,0,1790960180343.651,555.39,7.474,1790960180907.001,Normal,0.9485
rasp1,48487,20261002-161933_clu_rasp14_pi4gb_r2,723,perf_20261002-161933_clu_rasp14_pi4gb_r2,3,185,1790957978343,0,1790960180907.674,607.637,6.182,1790960181521.813,Normal,0.9716
rasp1,48487,20261002-161933_clu_rasp14_pi4gb_r2,726,perf_20261002-161933_clu_rasp14_pi4gb_r2,3,186,1790957978344,0,1790960181522.385,512.687,7.481,1790960182043.031,Normal,0.9684
rasp1,48487,20261002-161933_clu_rasp14_pi4gb_r2,731,perf_20261002-161933_clu_rasp14_pi4gb_r2,3,187,1790957978345,0,1790960182044.008,339.106,8.036,1790960182391.639,Normal,0.9251
rasp1,48487,20261002-161933_clu_rasp14_pi4gb_r2,732,perf_20261002-161933_clu_rasp14_pi4gb_r2,3,188,1790957978345,0,1790960182392.604,405.89,7.421,1790960182806.45,Normal,0.4779
rasp1,48487,20261002-161933_clu_rasp14_pi4gb_r2,736,perf_20261002-161933_clu_rasp14_pi4gb_r2,3,189,1790957978346,0,1790960182807.411,487.427,5.798,1790960183301.064,Normal,0.966
rasp1,48487,20261002-161933_clu_rasp14_pi4gb_r2,738,perf_20261002-161933_clu_rasp14_pi4gb_r2,3,190,1790957978346,0,1790960183301.64,274.288,7.454,1790960183583.857,Normal,0.9364
rasp1,48487,20261002-161933_clu_rasp14_pi4gb_r2,739,perf_20261002-161933_clu_rasp14_pi4gb_r2,3,191,1790957978347,0,1790960183584.805,367.251,7.23,1790960183959.771,Normal,0.9601
rasp1,48487,20261002-161933_clu_rasp14_pi4gb_r2,741,perf_20261002-161933_clu_rasp14_pi4gb_r2,3,192,1790957978347,0,1790960183960.347,367.461,7.69,1790960184335.979,Normal,0.9332
rasp1,48487,20261002-161933_clu_rasp14_pi4gb_r2,742,perf_20261002-161933_clu_rasp14_pi4gb_r2,3,193,1790957978347,0,1790960184336.949,339.386,7.217,1790960184684.079,Normal,0.9468
rasp1,48487,20261002-161933_clu_rasp14_pi4gb_r2,751,perf_20261002-161933_clu_rasp14_pi4gb_r2,3,194,1790957978349,0,1790960184685.05,341.085,7.551,1790960185034.17,Normal,0.9495
rasp1,48487,20261002-161933_clu_rasp14_pi4gb_r2,755,perf_20261002-161933_clu_rasp14_pi4gb_r2,3,195,1790957978350,0,1790960185035.131,449.729,8.631,1790960185493.975,OFFENSIVE,0.6101
rasp1,48487,20261002-161933_clu_rasp14_pi4gb_r2,757,perf_20261002-161933_clu_rasp14_pi4gb_r2,3,196,1790957978350,0,1790960185494.64,1113.387,6.505,1790960186614.91,Normal,0.9724
rasp1,48487,20261002-161933_clu_rasp14_pi4gb_r2,758,perf_20261002-161933_clu_rasp14_pi4gb_r2,3,197,1790957978350,0,1790960186615.499,375.267,7.786,1790960186999.017,Normal,0.9438
rasp1,48487,20261002-161933_clu_rasp14_pi4gb_r2,766,perf_20261002-161933_clu_rasp14_pi4gb_r2,3,198,1790957978352,0,1790960186999.986,430.679,8.143,1790960187439.326,Normal,0.9415
rasp1,48487,20261002-161933_clu_rasp14_pi4gb_r2,769,perf_20261002-161933_clu_rasp14_pi4gb_r2,3,199,1790957978352,0,1790960187440.29,488.035,10.805,1790960187939.659,Normal,0.9713
rasp1,48487,20261002-161933_clu_rasp14_pi4gb_r2,774,perf_20261002-161933_clu_rasp14_pi4gb_r2,3,200,1790957978372,0,1790960187940.644,394.93,8.453,1790960188344.577,Normal,0.9734
rasp1,48487,20261002-161933_clu_rasp14_pi4gb_r2,777,perf_20261002-161933_clu_rasp14_pi4gb_r2,3,201,1790957978374,0,1790960188345.605,348.136,9.575,1790960188703.797,Normal,0.9255
rasp1,48487,20261002-161933_clu_rasp14_pi4gb_r2,779,perf_20261002-161933_clu_rasp14_pi4gb_r2,3,202,1790957978375,0,1790960188704.912,394.108,8.206,1790960189107.693,Normal,0.96
rasp1,48487,20261002-161933_clu_rasp14_pi4gb_r2,781,perf_20261002-161933_clu_rasp14_pi4gb_r2,3,203,1790957978375,0,1790960189108.764,499.215,7.973,1790960189616.431,Normal,0.9036
rasp1,48487,20261002-161933_clu_rasp14_pi4gb_r2,783,perf_20261002-161933_clu_rasp14_pi4gb_r2,3,204,1790957978375,0,1790960189617.439,1866.082,9.557,1790960191493.686,Normal,0.9689
rasp1,48487,20261002-161933_clu_rasp14_pi4gb_r2,791,perf_20261002-161933_clu_rasp14_pi4gb_r2,3,205,1790957978377,0,1790960191495.183,1118.837,8.352,1790960192622.877,Normal,0.9192
rasp1,48487,20261002-161933_clu_rasp14_pi4gb_r2,792,perf_20261002-161933_clu_rasp14_pi4gb_r2,3,206,1790957978377,0,1790960192623.873,398.009,8.049,1790960193030.427,Normal,0.9474
rasp1,48487,20261002-161933_clu_rasp14_pi4gb_r2,793,perf_20261002-161933_clu_rasp14_pi4gb_r2,3,207,1790957978377,0,1790960193031.417,466.551,8.596,1790960193507.042,Normal,0.9447
rasp1,48487,20261002-161933_clu_rasp14_pi4gb_r2,796,perf_20261002-161933_clu_rasp14_pi4gb_r2,3,208,1790957978378,0,1790960193508.112,1027.094,8.533,1790960194544.216,Normal,0.9775
rasp1,48487,20261002-161933_clu_rasp14_pi4gb_r2,798,perf_20261002-161933_clu_rasp14_pi4gb_r2,3,209,1790957978378,0,1790960194545.172,387.436,6.931,1790960194940.056,Normal,0.94
rasp1,48487,20261002-161933_clu_rasp14_pi4gb_r2,801,perf_20261002-161933_clu_rasp14_pi4gb_r2,3,210,1790957978379,0,1790960194940.625,372.712,8.501,1790960195322.335,Normal,0.9509
rasp1,48487,20261002-161933_clu_rasp14_pi4gb_r2,802,perf_20261002-161933_clu_rasp14_pi4gb_r2,3,211,1790957978379,0,1790960195323.298,621.897,8.912,1790960195954.579,Normal,0.9708
rasp1,48487,20261002-161933_clu_rasp14_pi4gb_r2,805,perf_20261002-161933_clu_rasp14_pi4gb_r2,3,212,1790957978381,0,1790960195955.527,824.016,8.525,1790960196788.591,Normal,0.9428
rasp1,48487,20261002-161933_clu_rasp14_pi4gb_r2,808,perf_20261002-161933_clu_rasp14_pi4gb_r2,3,213,1790957978381,0,1790960196789.543,689.927,8.352,1790960197488.342,Normal,0.9731
rasp1,48487,20261002-161933_clu_rasp14_pi4gb_r2,809,perf_20261002-161933_clu_rasp14_pi4gb_r2,3,214,1790957978381,0,1790960197489.304,402.003,7.963,1790960197899.782,Normal,0.9444
rasp1,48487,20261002-161933_clu_rasp14_pi4gb_r2,814,perf_20261002-161933_clu_rasp14_pi4gb_r2,3,215,1790957978382,0,1790960197900.697,450.283,7.802,1790960198359.302,Normal,0.7325
rasp1,48487,20261002-161933_clu_rasp14_pi4gb_r2,817,perf_20261002-161933_clu_rasp14_pi4gb_r2,3,216,1790957978383,0,1790960198360.291,549.836,8.533,1790960198919.134,Normal,0.9498
rasp1,48487,20261002-161933_clu_rasp14_pi4gb_r2,822,perf_20261002-161933_clu_rasp14_pi4gb_r2,3,217,1790957978384,0,1790960198920.092,368.26,7.21,1790960199296.071,OFFENSIVE,0.5474
rasp1,48487,20261002-161933_clu_rasp14_pi4gb_r2,824,perf_20261002-161933_clu_rasp14_pi4gb_r2,3,218,1790957978384,0,1790960199297.022,364.958,6.757,1790960199669.047,Normal,0.5359
rasp1,48487,20261002-161933_clu_rasp14_pi4gb_r2,827,perf_20261002-161933_clu_rasp14_pi4gb_r2,3,219,1790957978385,0,1790960199669.633,1002.238,8.367,1790960200680.559,OFFENSIVE,0.8225
rasp1,48487,20261002-161933_clu_rasp14_pi4gb_r2,828,perf_20261002-161933_clu_rasp14_pi4gb_r2,3,220,1790957978385,0,1790960200681.513,3595.693,8.992,1790960204286.838,Normal,0.9723
rasp1,48487,20261002-161933_clu_rasp14_pi4gb_r2,838,perf_20261002-161933_clu_rasp14_pi4gb_r2,3,221,1790957978387,0,1790960204287.881,657.157,7.962,1790960204953.47,Normal,0.5892
rasp1,48487,20261002-161933_clu_rasp14_pi4gb_r2,843,perf_20261002-161933_clu_rasp14_pi4gb_r2,3,222,1790957978388,0,1790960204954.425,510.587,9.316,1790960205474.791,Normal,0.9746
rasp1,48487,20261002-161933_clu_rasp14_pi4gb_r2,849,perf_20261002-161933_clu_rasp14_pi4gb_r2,3,223,1790957978389,0,1790960205475.92,693.964,7.774,1790960206178.126,Normal,0.9434
rasp1,48487,20261002-161933_clu_rasp14_pi4gb_r2,852,perf_20261002-161933_clu_rasp14_pi4gb_r2,3,224,1790957978390,0,1790960206179.205,398.585,6.26,1790960206584.36,Normal,0.973
rasp1,48487,20261002-161933_clu_rasp14_pi4gb_r2,855,perf_20261002-161933_clu_rasp14_pi4gb_r2,3,225,1790957978390,0,1790960206584.955,674.469,6.858,1790960207266.62,Normal,0.8357
rasp1,48487,20261002-161933_clu_rasp14_pi4gb_r2,859,perf_20261002-161933_clu_rasp14_pi4gb_r2,3,226,1790957978391,0,1790960207267.204,509.303,8.051,1790960207785.056,Normal,0.9588
rasp1,48487,20261002-161933_clu_rasp14_pi4gb_r2,860,perf_20261002-161933_clu_rasp14_pi4gb_r2,3,227,1790957978391,0,1790960207786.091,402.816,7.72,1790960208197.104,Normal,0.9128
rasp1,48487,20261002-161933_clu_rasp14_pi4gb_r2,865,perf_20261002-161933_clu_rasp14_pi4gb_r2,3,228,1790957978392,0,1790960208198.057,376.937,6.251,1790960208581.568,Normal,0.9684
rasp1,48487,20261002-161933_clu_rasp14_pi4gb_r2,873,perf_20261002-161933_clu_rasp14_pi4gb_r2,3,229,1790957978394,0,1790960208582.162,399.293,6.63,1790960208988.448,Normal,0.9707
rasp1,48487,20261002-161933_clu_rasp14_pi4gb_r2,877,perf_20261002-161933_clu_rasp14_pi4gb_r2,3,230,1790957978395,0,1790960208989.062,359.324,6.22,1790960209354.915,Normal,0.9594
rasp1,48487,20261002-161933_clu_rasp14_pi4gb_r2,879,perf_20261002-161933_clu_rasp14_pi4gb_r2,3,231,1790957978395,0,1790960209355.481,345.486,8.477,1790960209709.924,Normal,0.9302
rasp1,48487,20261002-161933_clu_rasp14_pi4gb_r2,881,perf_20261002-161933_clu_rasp14_pi4gb_r2,3,232,1790957978396,0,1790960209710.903,301.9,7.358,1790960210020.648,Normal,0.9414
rasp1,48487,20261002-161933_clu_rasp14_pi4gb_r2,883,perf_20261002-161933_clu_rasp14_pi4gb_r2,3,233,1790957978396,0,1790960210021.632,291.831,6.286,1790960210320.281,Normal,0.9105
rasp1,48487,20261002-161933_clu_rasp14_pi4gb_r2,889,perf_20261002-161933_clu_rasp14_pi4gb_r2,3,234,1790957978398,0,1790960210320.897,377.998,8.074,1790960210707.448,Normal,0.9771
rasp1,48487,20261002-161933_clu_rasp14_pi4gb_r2,893,perf_20261002-161933_clu_rasp14_pi4gb_r2,3,235,1790957978399,0,1790960210708.439,314.436,6.787,1790960211029.977,Normal,0.9323
rasp1,48487,20261002-161933_clu_rasp14_pi4gb_r2,899,perf_20261002-161933_clu_rasp14_pi4gb_r2,3,236,1790957978400,0,1790960211030.541,554.302,8.492,1790960211593.809,Normal,0.9464
rasp1,48487,20261002-161933_clu_rasp14_pi4gb_r2,901,perf_20261002-161933_clu_rasp14_pi4gb_r2,3,237,1790957978400,0,1790960211594.863,379.395,7.017,1790960211981.602,Normal,0.974
rasp1,48487,20261002-161933_clu_rasp14_pi4gb_r2,903,perf_20261002-161933_clu_rasp14_pi4gb_r2,3,238,1790957978401,0,1790960211982.379,541.827,7.371,1790960212531.908,Normal,0.9632
rasp1,48487,20261002-161933_clu_rasp14_pi4gb_r2,906,perf_20261002-161933_clu_rasp14_pi4gb_r2,3,239,1790957978401,0,1790960212532.866,466.865,8.683,1790960213008.909,Normal,0.947
rasp1,48487,20261002-161933_clu_rasp14_pi4gb_r2,911,perf_20261002-161933_clu_rasp14_pi4gb_r2,3,240,1790957978402,0,1790960213009.876,932.587,7.885,1790960213950.892,Normal,0.9722
rasp1,48487,20261002-161933_clu_rasp14_pi4gb_r2,922,perf_20261002-161933_clu_rasp14_pi4gb_r2,3,241,1790957978405,0,1790960213951.846,326.027,7.939,1790960214289.849,Normal,0.9486
rasp1,48487,20261002-161933_clu_rasp14_pi4gb_r2,925,perf_20261002-161933_clu_rasp14_pi4gb_r2,3,242,1790957978405,0,1790960214290.816,655.336,7.992,1790960214954.876,Normal,0.965
rasp1,48487,20261002-161933_clu_rasp14_pi4gb_r2,928,perf_20261002-161933_clu_rasp14_pi4gb_r2,3,243,1790957978406,0,1790960214955.838,1230.976,7.757,1790960216194.901,Normal,0.9704
rasp1,48487,20261002-161933_clu_rasp14_pi4gb_r2,932,perf_20261002-161933_clu_rasp14_pi4gb_r2,3,244,1790957978406,0,1790960216195.528,566.847,8.763,1790960216771.643,Normal,0.9769
rasp1,48487,20261002-161933_clu_rasp14_pi4gb_r2,933,perf_20261002-161933_clu_rasp14_pi4gb_r2,3,245,1790957978406,0,1790960216772.617,657.428,6.515,1790960217436.878,Normal,0.9743
rasp1,48487,20261002-161933_clu_rasp14_pi4gb_r2,936,perf_20261002-161933_clu_rasp14_pi4gb_r2,3,246,1790957978406,0,1790960217437.447,309.424,7.967,1790960217755.288,Normal,0.9478
rasp1,48487,20261002-161933_clu_rasp14_pi4gb_r2,940,perf_20261002-161933_clu_rasp14_pi4gb_r2,3,247,1790957978407,0,1790960217756.339,276.762,7.849,1790960218041.414,Normal,0.9375
rasp1,48487,20261002-161933_clu_rasp14_pi4gb_r2,941,perf_20261002-161933_clu_rasp14_pi4gb_r2,3,248,1790957978407,0,1790960218042.516,436.48,6.452,1790960218485.76,Normal,0.9642
rasp1,48487,20261002-161933_clu_rasp14_pi4gb_r2,943,perf_20261002-161933_clu_rasp14_pi4gb_r2,3,249,1790957978407,0,1790960218486.328,304.574,7.673,1790960218799.03,Normal,0.9494
rasp1,48487,20261002-161933_clu_rasp14_pi4gb_r2,944,perf_20261002-161933_clu_rasp14_pi4gb_r2,3,250,1790957978407,0,1790960218799.983,431.69,8.013,1790960219240.207,Normal,0.9708
rasp1,48487,20261002-161933_clu_rasp14_pi4gb_r2,949,perf_20261002-161933_clu_rasp14_pi4gb_r2,3,251,1790957978407,0,1790960219241.163,265.986,5.718,1790960219513.195,Normal,0.9587
rasp1,48487,20261002-161933_clu_rasp14_pi4gb_r2,955,perf_20261002-161933_clu_rasp14_pi4gb_r2,3,252,1790957978408,0,1790960219525.626,306.362,6.367,1790960219838.673,Normal,0.6686
rasp1,48487,20261002-161933_clu_rasp14_pi4gb_r2,956,perf_20261002-161933_clu_rasp14_pi4gb_r2,3,253,1790957978409,0,1790960219839.293,617.092,8.089,1790960220465.007,Normal,0.9457
rasp1,48487,20261002-161933_clu_rasp14_pi4gb_r2,958,perf_20261002-161933_clu_rasp14_pi4gb_r2,3,254,1790957978409,0,1790960220465.965,298.773,8.368,1790960220773.581,Normal,0.9587
rasp1,48487,20261002-161933_clu_rasp14_pi4gb_r2,961,perf_20261002-161933_clu_rasp14_pi4gb_r2,3,255,1790957978409,0,1790960220774.277,275.138,6.221,1790960221055.964,Normal,0.9816
rasp1,48487,20261002-161933_clu_rasp14_pi4gb_r2,964,perf_20261002-161933_clu_rasp14_pi4gb_r2,3,256,1790957978410,0,1790960221056.53,348.081,6.277,1790960221411.224,Normal,0.9395
rasp1,48487,20261002-161933_clu_rasp14_pi4gb_r2,970,perf_20261002-161933_clu_rasp14_pi4gb_r2,3,257,1790957978410,0,1790960221411.803,981.306,7.243,1790960222400.669,Normal,0.9765
rasp1,48487,20261002-161933_clu_rasp14_pi4gb_r2,972,perf_20261002-161933_clu_rasp14_pi4gb_r2,3,258,1790957978410,0,1790960222401.625,471.383,7.886,1790960222881.36,Normal,0.853
rasp1,48487,20261002-161933_clu_rasp14_pi4gb_r2,973,perf_20261002-161933_clu_rasp14_pi4gb_r2,3,259,1790957978410,0,1790960222882.309,369.593,7.651,1790960223260.012,Normal,0.9609
rasp1,48487,20261002-161933_clu_rasp14_pi4gb_r2,977,perf_20261002-161933_clu_rasp14_pi4gb_r2,3,260,1790957978411,0,1790960223260.575,266.183,7.602,1790960223534.817,Normal,0.6954
rasp1,48487,20261002-161933_clu_rasp14_pi4gb_r2,980,perf_20261002-161933_clu_rasp14_pi4gb_r2,3,261,1790957978411,0,1790960223535.781,301.15,7.928,1790960223845.322,Normal,0.9572
rasp1,48487,20261002-161933_clu_rasp14_pi4gb_r2,988,perf_20261002-161933_clu_rasp14_pi4gb_r2,3,262,1790957978412,0,1790960223846.288,403.241,8.117,1790960224258.285,Normal,0.9402
rasp1,48487,20261002-161933_clu_rasp14_pi4gb_r2,989,perf_20261002-161933_clu_rasp14_pi4gb_r2,3,263,1790957978412,0,1790960224259.247,382.762,7.16,1790960224649.496,Normal,0.9434
rasp1,48487,20261002-161933_clu_rasp14_pi4gb_r2,994,perf_20261002-161933_clu_rasp14_pi4gb_r2,3,264,1790957978412,0,1790960224650.097,1300.147,9.108,1790960225959.875,Normal,0.9714
rasp1,48487,20261002-161933_clu_rasp14_pi4gb_r2,999,perf_20261002-161933_clu_rasp14_pi4gb_r2,3,265,1790957978413,0,1790960225960.836,2118.208,8.998,1790960228088.546,Normal,0.9178
rasp1,48487,20261002-161933_clu_rasp14_pi4gb_r2,1002,perf_20261002-161933_clu_rasp14_pi4gb_r2,3,266,1790957978413,0,1790960228089.545,895.691,7.717,1790960228993.47,Normal,0.9641
rasp1,48487,20261002-161933_clu_rasp14_pi4gb_r2,1006,perf_20261002-161933_clu_rasp14_pi4gb_r2,3,267,1790957978413,0,1790960228994.42,449.871,7.233,1790960229452.033,Normal,0.9653
rasp1,48487,20261002-161933_clu_rasp14_pi4gb_r2,1008,perf_20261002-161933_clu_rasp14_pi4gb_r2,3,268,1790957978414,0,1790960229453.002,272.354,7.762,1790960229733.648,Normal,0.936
rasp1,48487,20261002-161933_clu_rasp14_pi4gb_r2,1012,perf_20261002-161933_clu_rasp14_pi4gb_r2,3,269,1790957978414,0,1790960229734.649,345.447,5.556,1790960230085.969,Normal,0.9639
rasp1,48487,20261002-161933_clu_rasp14_pi4gb_r2,1014,perf_20261002-161933_clu_rasp14_pi4gb_r2,3,270,1790957978414,0,1790960230086.622,515.592,6.002,1790960230608.521,Normal,0.9567
rasp1,48487,20261002-161933_clu_rasp14_pi4gb_r2,1017,perf_20261002-161933_clu_rasp14_pi4gb_r2,3,271,1790957978415,0,1790960230609.157,973.773,7.824,1790960231591.24,Normal,0.9781
rasp1,48487,20261002-161933_clu_rasp14_pi4gb_r2,1020,perf_20261002-161933_clu_rasp14_pi4gb_r2,3,272,1790957978415,0,1790960231592.198,473.326,6.025,1790960232071.913,Normal,0.8984
rasp1,48487,20261002-161933_clu_rasp14_pi4gb_r2,1027,perf_20261002-161933_clu_rasp14_pi4gb_r2,3,273,1790957978415,0,1790960232072.475,304.279,7.205,1790960232384.423,Normal,0.942
rasp1,48487,20261002-161933_clu_rasp14_pi4gb_r2,1033,perf_20261002-161933_clu_rasp14_pi4gb_r2,3,274,1790957978416,0,1790960232385.114,290.414,7.8,1790960232683.833,Normal,0.9584
rasp1,48487,20261002-161933_clu_rasp14_pi4gb_r2,1040,perf_20261002-161933_clu_rasp14_pi4gb_r2,3,275,1790957978416,0,1790960232684.784,350.242,7.421,1790960233042.914,Normal,0.971
rasp1,48487,20261002-161933_clu_rasp14_pi4gb_r2,1042,perf_20261002-161933_clu_rasp14_pi4gb_r2,3,276,1790957978417,0,1790960233043.867,402.162,6.604,1790960233452.945,Normal,0.9694
rasp1,48487,20261002-161933_clu_rasp14_pi4gb_r2,1051,perf_20261002-161933_clu_rasp14_pi4gb_r2,3,277,1790957978417,0,1790960233453.93,840.06,7.709,1790960234302.171,Normal,0.9722
rasp1,48487,20261002-161933_clu_rasp14_pi4gb_r2,1053,perf_20261002-161933_clu_rasp14_pi4gb_r2,3,278,1790957978418,0,1790960234302.888,307.646,7.79,1790960234618.828,Normal,0.9517
rasp1,48487,20261002-161933_clu_rasp14_pi4gb_r2,1059,perf_20261002-161933_clu_rasp14_pi4gb_r2,3,279,1790957978418,0,1790960234619.788,488.209,8.139,1790960235116.623,Normal,0.9193
rasp1,48487,20261002-161933_clu_rasp14_pi4gb_r2,1077,perf_20261002-161933_clu_rasp14_pi4gb_r2,3,280,1790957978420,0,1790960235117.309,448.551,8.196,1790960235574.512,Normal,0.8059
rasp1,48487,20261002-161933_clu_rasp14_pi4gb_r2,1082,perf_20261002-161933_clu_rasp14_pi4gb_r2,3,281,1790957978420,0,1790960235575.457,371.437,5.794,1790960235952.992,Normal,0.9197
rasp1,48487,20261002-161933_clu_rasp14_pi4gb_r2,1084,perf_20261002-161933_clu_rasp14_pi4gb_r2,3,282,1790957978420,0,1790960235953.54,287.326,6.605,1790960236247.767,Normal,0.9728
rasp1,48487,20261002-161933_clu_rasp14_pi4gb_r2,1090,perf_20261002-161933_clu_rasp14_pi4gb_r2,3,283,1790957978421,0,1790960236248.314,251.817,6.99,1790960236507.423,Normal,0.9354
rasp1,48487,20261002-161933_clu_rasp14_pi4gb_r2,1093,perf_20261002-161933_clu_rasp14_pi4gb_r2,3,284,1790957978421,0,1790960236508.388,487.736,7.154,1790960237003.581,Normal,0.7768
rasp1,48487,20261002-161933_clu_rasp14_pi4gb_r2,1098,perf_20261002-161933_clu_rasp14_pi4gb_r2,3,285,1790957978422,0,1790960237004.198,688.797,7.362,1790960237700.666,Normal,0.9476
rasp1,48487,20261002-161933_clu_rasp14_pi4gb_r2,1100,perf_20261002-161933_clu_rasp14_pi4gb_r2,3,286,1790957978422,0,1790960237701.286,518.17,5.984,1790960238225.794,Normal,0.9779
rasp1,48487,20261002-161933_clu_rasp14_pi4gb_r2,1103,perf_20261002-161933_clu_rasp14_pi4gb_r2,3,287,1790957978422,0,1790960238226.344,315.106,6.55,1790960238548.355,Normal,0.9556
rasp1,48487,20261002-161933_clu_rasp14_pi4gb_r2,1104,perf_20261002-161933_clu_rasp14_pi4gb_r2,3,288,1790957978422,0,1790960238548.99,344.909,8.136,1790960238902.576,Normal,0.9536
rasp1,48487,20261002-161933_clu_rasp14_pi4gb_r2,1106,perf_20261002-161933_clu_rasp14_pi4gb_r2,3,289,1790957978422,0,1790960238903.567,495.442,8.775,1790960239408.313,Normal,0.905
rasp1,48487,20261002-161933_clu_rasp14_pi4gb_r2,1107,perf_20261002-161933_clu_rasp14_pi4gb_r2,3,290,1790957978422,0,1790960239409.623,294.553,6.978,1790960239711.508,Normal,0.955
rasp1,48487,20261002-161933_clu_rasp14_pi4gb_r2,1117,perf_20261002-161933_clu_rasp14_pi4gb_r2,3,291,1790957978423,0,1790960239712.173,1355.011,9.414,1790960241077.107,Normal,0.9579
rasp1,48487,20261002-161933_clu_rasp14_pi4gb_r2,1122,perf_20261002-161933_clu_rasp14_pi4gb_r2,3,292,1790957978424,0,1790960241077.792,312.207,6.866,1790960241397.178,Normal,0.9684
rasp1,48487,20261002-161933_clu_rasp14_pi4gb_r2,1125,perf_20261002-161933_clu_rasp14_pi4gb_r2,3,293,1790957978424,0,1790960241398.244,300.534,6.013,1790960241705.124,Normal,0.9557
rasp1,48487,20261002-161933_clu_rasp14_pi4gb_r2,1129,perf_20261002-161933_clu_rasp14_pi4gb_r2,3,294,1790957978424,0,1790960241705.692,308.441,8.152,1790960242022.795,Normal,0.9499
rasp1,48487,20261002-161933_clu_rasp14_pi4gb_r2,1135,perf_20261002-161933_clu_rasp14_pi4gb_r2,3,295,1790957978425,0,1790960242023.943,366.221,7.785,1790960242398.436,Normal,0.8289
rasp1,48487,20261002-161933_clu_rasp14_pi4gb_r2,1143,perf_20261002-161933_clu_rasp14_pi4gb_r2,3,296,1790957978428,0,1790960242399.587,370.96,7.967,1790960242779.047,Normal,0.9728
rasp1,48487,20261002-161933_clu_rasp14_pi4gb_r2,1146,perf_20261002-161933_clu_rasp14_pi4gb_r2,3,297,1790957978428,0,1790960242779.737,248.247,5.911,1790960243034.195,Normal,0.9096
rasp1,48487,20261002-161933_clu_rasp14_pi4gb_r2,1150,perf_20261002-161933_clu_rasp14_pi4gb_r2,3,298,1790957978428,0,1790960243034.773,574.764,8.76,1790960243618.83,Normal,0.9655
rasp1,48487,20261002-161933_clu_rasp14_pi4gb_r2,1154,perf_20261002-161933_clu_rasp14_pi4gb_r2,3,299,1790957978429,0,1790960243619.797,269.052,6.353,1790960243895.527,Normal,0.9473
rasp1,48487,20261002-161933_clu_rasp14_pi4gb_r2,1156,perf_20261002-161933_clu_rasp14_pi4gb_r2,3,300,1790957978429,0,1790960243896.161,283.813,6.161,1790960244186.456,Normal,0.9485
rasp1,48487,20261002-161933_clu_rasp14_pi4gb_r2,1157,perf_20261002-161933_clu_rasp14_pi4gb_r2,3,301,1790957978429,0,1790960244187.091,329.229,7.203,1790960244524.208,Normal,0.9254
rasp1,48487,20261002-161933_clu_rasp14_pi4gb_r2,1158,perf_20261002-161933_clu_rasp14_pi4gb_r2,3,302,1790957978429,0,1790960244524.892,222.957,7.81,1790960244756.133,Normal,0.9608
rasp1,48487,20261002-161933_clu_rasp14_pi4gb_r2,1160,perf_20261002-161933_clu_rasp14_pi4gb_r2,3,303,1790957978429,0,1790960244757.097,911.302,6.745,1790960245675.531,Normal,0.9602
rasp1,48487,20261002-161933_clu_rasp14_pi4gb_r2,1161,perf_20261002-161933_clu_rasp14_pi4gb_r2,3,304,1790957978429,0,1790960245676.121,288.245,7.004,1790960245971.686,Normal,0.9096
rasp1,48487,20261002-161933_clu_rasp14_pi4gb_r2,1163,perf_20261002-161933_clu_rasp14_pi4gb_r2,3,305,1790957978429,0,1790960245972.294,318.966,8.61,1790960246300.488,Normal,0.927
rasp1,48487,20261002-161933_clu_rasp14_pi4gb_r2,1164,perf_20261002-161933_clu_rasp14_pi4gb_r2,3,306,1790957978429,0,1790960246301.54,345.026,6.137,1790960246653.073,Normal,0.9594
rasp1,48487,20261002-161933_clu_rasp14_pi4gb_r2,1166,perf_20261002-161933_clu_rasp14_pi4gb_r2,3,307,1790957978430,0,1790960246653.634,306.883,7.554,1790960246968.427,Normal,0.955
rasp1,48487,20261002-161933_clu_rasp14_pi4gb_r2,1167,perf_20261002-161933_clu_rasp14_pi4gb_r2,3,308,1790957978430,0,1790960246969.011,444.873,7.604,1790960247421.963,Normal,0.7957
rasp1,48487,20261002-161933_clu_rasp14_pi4gb_r2,1169,perf_20261002-161933_clu_rasp14_pi4gb_r2,3,309,1790957978430,0,1790960247422.929,1525.889,8.846,1790960248958.175,Normal,0.9813
rasp1,48487,20261002-161933_clu_rasp14_pi4gb_r2,1175,perf_20261002-161933_clu_rasp14_pi4gb_r2,3,310,1790957978430,0,1790960248959.133,385.442,7.853,1790960249352.957,Normal,0.7464
rasp1,48487,20261002-161933_clu_rasp14_pi4gb_r2,1177,perf_20261002-161933_clu_rasp14_pi4gb_r2,3,311,1790957978430,0,1790960249353.91,425.511,8.193,1790960249788.165,Normal,0.9609
rasp1,48487,20261002-161933_clu_rasp14_pi4gb_r2,1179,perf_20261002-161933_clu_rasp14_pi4gb_r2,3,312,1790957978431,0,1790960249789.143,2557.825,8.945,1790960252356.444,Normal,0.979
rasp1,48487,20261002-161933_clu_rasp14_pi4gb_r2,1182,perf_20261002-161933_clu_rasp14_pi4gb_r2,3,313,1790957978431,0,1790960252357.041,326.21,8.002,1790960252691.771,Normal,0.9475
rasp1,48487,20261002-161933_clu_rasp14_pi4gb_r2,1199,perf_20261002-161933_clu_rasp14_pi4gb_r2,3,314,1790957978434,0,1790960252692.687,327.469,8.14,1790960253029.045,Normal,0.8191
rasp1,48487,20261002-161933_clu_rasp14_pi4gb_r2,1202,perf_20261002-161933_clu_rasp14_pi4gb_r2,3,315,1790957978434,0,1790960253030.074,387.136,8.055,1790960253425.748,Normal,0.9473
rasp1,48487,20261002-161933_clu_rasp14_pi4gb_r2,1213,perf_20261002-161933_clu_rasp14_pi4gb_r2,3,316,1790957978435,0,1790960253426.668,387.369,7.552,1790960253822.073,Normal,0.6755
rasp1,48487,20261002-161933_clu_rasp14_pi4gb_r2,1214,perf_20261002-161933_clu_rasp14_pi4gb_r2,3,317,1790957978435,0,1790960253822.737,328.723,7.329,1790960254159.321,Normal,0.8716
rasp1,48487,20261002-161933_clu_rasp14_pi4gb_r2,1215,perf_20261002-161933_clu_rasp14_pi4gb_r2,3,318,1790957978435,0,1790960254160.273,902.505,7.689,1790960255070.799,Normal,0.9778
rasp1,48487,20261002-161933_clu_rasp14_pi4gb_r2,1216,perf_20261002-161933_clu_rasp14_pi4gb_r2,3,319,1790957978435,0,1790960255071.362,452.588,5.915,1790960255530.178,Normal,0.963
rasp1,48487,20261002-161933_clu_rasp14_pi4gb_r2,1218,perf_20261002-161933_clu_rasp14_pi4gb_r2,3,320,1790957978435,0,1790960255530.887,310.94,7.749,1790960255850.057,Normal,0.7388
rasp1,48487,20261002-161933_clu_rasp14_pi4gb_r2,1220,perf_20261002-161933_clu_rasp14_pi4gb_r2,3,321,1790957978435,0,1790960255851.021,468.18,8.303,1790960256327.988,Normal,0.9149
rasp1,48487,20261002-161933_clu_rasp14_pi4gb_r2,1228,perf_20261002-161933_clu_rasp14_pi4gb_r2,3,322,1790957978436,0,1790960256328.948,286.511,7.87,1790960256628.91,Normal,0.9375
rasp1,48487,20261002-161933_clu_rasp14_pi4gb_r2,1229,perf_20261002-161933_clu_rasp14_pi4gb_r2,3,323,1790957978436,0,1790960256629.874,426.511,8.036,1790960257064.97,Normal,0.9543
rasp1,48487,20261002-161933_clu_rasp14_pi4gb_r2,1233,perf_20261002-161933_clu_rasp14_pi4gb_r2,3,324,1790957978436,0,1790960257065.928,327.714,6.055,1790960257400.05,Normal,0.9451
rasp1,48487,20261002-161933_clu_rasp14_pi4gb_r2,1239,perf_20261002-161933_clu_rasp14_pi4gb_r2,3,325,1790957978437,0,1790960257400.592,362.572,8.758,1790960257772.4,Normal,0.9212
rasp1,48487,20261002-161933_clu_rasp14_pi4gb_r2,1241,perf_20261002-161933_clu_rasp14_pi4gb_r2,3,326,1790957978437,0,1790960257773.538,346.063,5.848,1790960258125.81,Normal,0.9475
rasp1,48487,20261002-161933_clu_rasp14_pi4gb_r2,1246,perf_20261002-161933_clu_rasp14_pi4gb_r2,3,327,1790957978438,0,1790960258126.363,241.718,7.507,1790960258376.07,Normal,0.9627
rasp1,48487,20261002-161933_clu_rasp14_pi4gb_r2,1253,perf_20261002-161933_clu_rasp14_pi4gb_r2,3,328,1790957978438,0,1790960258377.029,327.885,6.052,1790960258711.274,Normal,0.8754
rasp1,48487,20261002-161933_clu_rasp14_pi4gb_r2,1255,perf_20261002-161933_clu_rasp14_pi4gb_r2,3,329,1790957978438,0,1790960258711.849,255.955,6.259,1790960258974.368,Normal,0.9559
rasp1,48487,20261002-161933_clu_rasp14_pi4gb_r2,1258,perf_20261002-161933_clu_rasp14_pi4gb_r2,3,330,1790957978438,0,1790960258974.947,427.424,7.336,1790960259410.354,Normal,0.9159
rasp1,48487,20261002-161933_clu_rasp14_pi4gb_r2,1261,perf_20261002-161933_clu_rasp14_pi4gb_r2,3,331,1790957978439,0,1790960259411.345,363.31,6.796,1790960259781.814,Normal,0.8683
rasp1,48487,20261002-161933_clu_rasp14_pi4gb_r2,1265,perf_20261002-161933_clu_rasp14_pi4gb_r2,3,332,1790957978439,0,1790960259782.372,472.89,9.006,1790960260264.798,Normal,0.9539
rasp1,48487,20261002-161933_clu_rasp14_pi4gb_r2,1268,perf_20261002-161933_clu_rasp14_pi4gb_r2,3,333,1790957978440,0,1790960260265.917,234.945,8.175,1790960260509.521,Normal,0.8931
rasp1,48487,20261002-161933_clu_rasp14_pi4gb_r2,1269,perf_20261002-161933_clu_rasp14_pi4gb_r2,3,334,1790957978440,0,1790960260510.181,304.395,8.293,1790960260823.401,Normal,0.9255
rasp1,48487,20261002-161933_clu_rasp14_pi4gb_r2,1273,perf_20261002-161933_clu_rasp14_pi4gb_r2,3,335,1790957978440,0,1790960260824.51,275.386,7.899,1790960261108.275,Normal,0.9441
rasp1,48487,20261002-161933_clu_rasp14_pi4gb_r2,1280,perf_20261002-161933_clu_rasp14_pi4gb_r2,3,336,1790957978441,0,1790960261109.417,262.092,6.957,1790960261378.829,Normal,0.9608
rasp1,48487,20261002-161933_clu_rasp14_pi4gb_r2,1288,perf_20261002-161933_clu_rasp14_pi4gb_r2,3,337,1790957978441,0,1790960261379.385,389.393,7.139,1790960261780.13,Normal,0.9246
rasp1,48487,20261002-161933_clu_rasp14_pi4gb_r2,1289,perf_20261002-161933_clu_rasp14_pi4gb_r2,3,338,1790957978442,0,1790960261780.775,288.824,6.477,1790960262076.485,Normal,0.9008
rasp1,48487,20261002-161933_clu_rasp14_pi4gb_r2,1294,perf_20261002-161933_clu_rasp14_pi4gb_r2,3,339,1790957978442,0,1790960262077.107,1045.105,8.684,1790960263131.38,Normal,0.9796
rasp1,48487,20261002-161933_clu_rasp14_pi4gb_r2,1301,perf_20261002-161933_clu_rasp14_pi4gb_r2,3,340,1790957978442,0,1790960263132.369,289.541,7.23,1790960263429.604,Normal,0.943
rasp1,48487,20261002-161933_clu_rasp14_pi4gb_r2,1306,perf_20261002-161933_clu_rasp14_pi4gb_r2,3,341,1790957978443,0,1790960263430.648,472.146,9.035,1790960263912.31,Normal,0.9555
rasp1,48487,20261002-161933_clu_rasp14_pi4gb_r2,1314,perf_20261002-161933_clu_rasp14_pi4gb_r2,3,342,1790957978444,0,1790960263913.261,346.582,7.159,1790960264267.461,Normal,0.9227
rasp1,48487,20261002-161933_clu_rasp14_pi4gb_r2,1329,perf_20261002-161933_clu_rasp14_pi4gb_r2,3,343,1790957978449,0,1790960264268.451,606.649,7.837,1790960264883.41,Normal,0.9524
rasp1,48487,20261002-161933_clu_rasp14_pi4gb_r2,1331,perf_20261002-161933_clu_rasp14_pi4gb_r2,3,344,1790957978449,0,1790960264884.44,438.32,6.159,1790960265329.239,Normal,0.9722
rasp1,48487,20261002-161933_clu_rasp14_pi4gb_r2,1333,perf_20261002-161933_clu_rasp14_pi4gb_r2,3,345,1790957978449,0,1790960265329.901,485.366,9.451,1790960265825.256,Normal,0.9371
rasp1,48487,20261002-161933_clu_rasp14_pi4gb_r2,1336,perf_20261002-161933_clu_rasp14_pi4gb_r2,3,346,1790957978450,0,1790960265826.26,364.303,8.085,1790960266199.182,Normal,0.7884
rasp1,48487,20261002-161933_clu_rasp14_pi4gb_r2,1337,perf_20261002-161933_clu_rasp14_pi4gb_r2,3,347,1790957978450,0,1790960266200.147,349.48,6.748,1790960266556.736,Normal,0.9603
rasp1,48487,20261002-161933_clu_rasp14_pi4gb_r2,1338,perf_20261002-161933_clu_rasp14_pi4gb_r2,3,348,1790957978450,0,1790960266557.297,247.873,6.517,1790960266812.013,Normal,0.9449
rasp1,48487,20261002-161933_clu_rasp14_pi4gb_r2,1341,perf_20261002-161933_clu_rasp14_pi4gb_r2,3,349,1790957978450,0,1790960266812.998,843.379,7.5,1790960267664.419,Normal,0.9457
rasp1,48487,20261002-161933_clu_rasp14_pi4gb_r2,1343,perf_20261002-161933_clu_rasp14_pi4gb_r2,3,350,1790957978450,0,1790960267665.385,361.576,6.591,1790960268033.857,Normal,0.9445
rasp1,48487,20261002-161933_clu_rasp14_pi4gb_r2,1344,perf_20261002-161933_clu_rasp14_pi4gb_r2,3,351,1790957978450,0,1790960268034.397,645.627,6.468,1790960268686.798,Normal,0.9668
rasp1,48487,20261002-161933_clu_rasp14_pi4gb_r2,1349,perf_20261002-161933_clu_rasp14_pi4gb_r2,3,352,1790957978451,0,1790960268687.357,226.73,5.703,1790960268920.091,Normal,0.9608
rasp1,48487,20261002-161933_clu_rasp14_pi4gb_r2,1360,perf_20261002-161933_clu_rasp14_pi4gb_r2,3,353,1790957978451,0,1790960268920.682,283.073,6.095,1790960269210.351,Normal,0.9401
rasp1,48487,20261002-161933_clu_rasp14_pi4gb_r2,1365,perf_20261002-161933_clu_rasp14_pi4gb_r2,3,354,1790957978452,0,1790960269210.937,246.026,5.759,1790960269463.023,Normal,0.9427
rasp1,48487,20261002-161933_clu_rasp14_pi4gb_r2,1368,perf_20261002-161933_clu_rasp14_pi4gb_r2,3,355,1790957978452,0,1790960269463.586,481.173,7.96,1790960269953.178,Normal,0.9103
rasp1,48487,20261002-161933_clu_rasp14_pi4gb_r2,1375,perf_20261002-161933_clu_rasp14_pi4gb_r2,3,356,1790957978453,0,1790960269954.141,275.196,7.404,1790960270237.251,Normal,0.9386
rasp1,48487,20261002-161933_clu_rasp14_pi4gb_r2,1376,perf_20261002-161933_clu_rasp14_pi4gb_r2,3,357,1790957978453,0,1790960270238.213,264.631,6.003,1790960270509.181,Normal,0.9194
rasp1,48487,20261002-161933_clu_rasp14_pi4gb_r2,1378,perf_20261002-161933_clu_rasp14_pi4gb_r2,3,358,1790957978453,0,1790960270509.918,431.754,7.045,1790960270949.37,Normal,0.9083
rasp1,48487,20261002-161933_clu_rasp14_pi4gb_r2,1380,perf_20261002-161933_clu_rasp14_pi4gb_r2,3,359,1790957978454,0,1790960270949.975,224.595,6.231,1790960271181.157,Normal,0.9404
rasp1,48487,20261002-161933_clu_rasp14_pi4gb_r2,1392,perf_20261002-161933_clu_rasp14_pi4gb_r2,3,360,1790957978455,0,1790960271181.765,371.489,7.207,1790960271560.775,Normal,0.9467
rasp1,48487,20261002-161933_clu_rasp14_pi4gb_r2,1401,perf_20261002-161933_clu_rasp14_pi4gb_r2,3,361,1790957978455,0,1790960271561.506,376.969,7.295,1790960271949.834,Normal,0.8389
rasp1,48487,20261002-161933_clu_rasp14_pi4gb_r2,1406,perf_20261002-161933_clu_rasp14_pi4gb_r2,3,362,1790957978456,0,1790960271950.406,343.502,7.787,1790960272302.181,Normal,0.8872
rasp1,48487,20261002-161933_clu_rasp14_pi4gb_r2,1411,perf_20261002-161933_clu_rasp14_pi4gb_r2,3,363,1790957978456,0,1790960272303.163,308.614,5.642,1790960272617.741,Normal,0.9571
rasp1,48487,20261002-161933_clu_rasp14_pi4gb_r2,1416,perf_20261002-161933_clu_rasp14_pi4gb_r2,3,364,1790957978457,0,1790960272618.308,303.137,6.485,1790960272928.277,Normal,0.9386
rasp1,48487,20261002-161933_clu_rasp14_pi4gb_r2,1417,perf_20261002-161933_clu_rasp14_pi4gb_r2,3,365,1790957978457,0,1790960272929.002,339.218,6.073,1790960273274.61,Normal,0.9581
rasp1,48487,20261002-161933_clu_rasp14_pi4gb_r2,1423,perf_20261002-161933_clu_rasp14_pi4gb_r2,3,366,1790957978457,0,1790960273275.216,294.927,6.297,1790960273576.753,Normal,0.9611
rasp1,48487,20261002-161933_clu_rasp14_pi4gb_r2,1426,perf_20261002-161933_clu_rasp14_pi4gb_r2,3,367,1790957978457,0,1790960273577.322,299.97,7.232,1790960273885.04,Normal,0.939
rasp1,48487,20261002-161933_clu_rasp14_pi4gb_r2,1428,perf_20261002-161933_clu_rasp14_pi4gb_r2,3,368,1790957978458,0,1790960273886.014,2734.481,9.15,1790960276630.27,Normal,0.9723
rasp1,48487,20261002-161933_clu_rasp14_pi4gb_r2,1432,perf_20261002-161933_clu_rasp14_pi4gb_r2,3,369,1790957978458,0,1790960276631.248,287.733,8.813,1790960276928.273,Normal,0.943
rasp1,48487,20261002-161933_clu_rasp14_pi4gb_r2,1433,perf_20261002-161933_clu_rasp14_pi4gb_r2,3,370,1790957978458,0,1790960276929.328,393.786,8.514,1790960277340.291,Normal,0.965
rasp1,48487,20261002-161933_clu_rasp14_pi4gb_r2,1435,perf_20261002-161933_clu_rasp14_pi4gb_r2,3,371,1790957978458,0,1790960277341.465,266.328,6.191,1790960277614.32,Normal,0.9373
rasp1,48487,20261002-161933_clu_rasp14_pi4gb_r2,1438,perf_20261002-161933_clu_rasp14_pi4gb_r2,3,372,1790957978458,0,1790960277614.969,405.811,6.591,1790960278027.689,Normal,0.9384
rasp1,48487,20261002-161933_clu_rasp14_pi4gb_r2,1441,perf_20261002-161933_clu_rasp14_pi4gb_r2,3,373,1790957978466,0,1790960278028.323,325.915,7.59,1790960278362.36,Normal,0.9602
rasp1,48487,20261002-161933_clu_rasp14_pi4gb_r2,1443,perf_20261002-161933_clu_rasp14_pi4gb_r2,3,374,1790957978466,0,1790960278363.334,533.052,7.502,1790960278904.434,Normal,0.9183
rasp1,48487,20261002-161933_clu_rasp14_pi4gb_r2,1447,perf_20261002-161933_clu_rasp14_pi4gb_r2,3,375,1790957978477,0,1790960278905.415,262.699,7.25,1790960279175.849,Normal,0.9633
rasp1,48487,20261002-161933_clu_rasp14_pi4gb_r2,1448,perf_20261002-161933_clu_rasp14_pi4gb_r2,3,376,1790957978477,0,1790960279176.992,292.214,7.382,1790960279477.073,Normal,0.9608
rasp1,48487,20261002-161933_clu_rasp14_pi4gb_r2,1453,perf_20261002-161933_clu_rasp14_pi4gb_r2,3,377,1790957978488,0,1790960279478.128,910.949,7.365,1790960280396.943,Normal,0.9551
rasp1,48487,20261002-161933_clu_rasp14_pi4gb_r2,1461,perf_20261002-161933_clu_rasp14_pi4gb_r2,3,378,1790957978496,0,1790960280397.902,510.587,7.373,1790960280916.409,Normal,0.5618
rasp1,48487,20261002-161933_clu_rasp14_pi4gb_r2,1465,perf_20261002-161933_clu_rasp14_pi4gb_r2,3,379,1790957978497,0,1790960280917.562,321.799,8.072,1790960281247.963,Normal,0.9512
rasp1,48487,20261002-161933_clu_rasp14_pi4gb_r2,1466,perf_20261002-161933_clu_rasp14_pi4gb_r2,3,380,1790957978497,0,1790960281248.931,603.337,8.994,1790960281861.796,Normal,0.9461
rasp1,48487,20261002-161933_clu_rasp14_pi4gb_r2,1467,perf_20261002-161933_clu_rasp14_pi4gb_r2,3,381,1790957978498,0,1790960281862.747,309.497,8.333,1790960282181.104,Normal,0.9201
rasp1,48487,20261002-161933_clu_rasp14_pi4gb_r2,1468,perf_20261002-161933_clu_rasp14_pi4gb_r2,3,382,1790957978498,0,1790960282182.084,600.572,6.144,1790960282789.183,Normal,0.7301
rasp1,48487,20261002-161933_clu_rasp14_pi4gb_r2,1474,perf_20261002-161933_clu_rasp14_pi4gb_r2,3,383,1790957978499,0,1790960282789.905,907.39,7.139,1790960283704.973,Normal,0.9799
rasp1,48487,20261002-161933_clu_rasp14_pi4gb_r2,1475,perf_20261002-161933_clu_rasp14_pi4gb_r2,3,384,1790957978499,0,1790960283706.017,379.123,6.213,1790960284091.676,Normal,0.9615
rasp1,48487,20261002-161933_clu_rasp14_pi4gb_r2,1477,perf_20261002-161933_clu_rasp14_pi4gb_r2,3,385,1790957978500,0,1790960284092.281,367.833,6.893,1790960284467.371,Normal,0.9718
rasp1,48487,20261002-161933_clu_rasp14_pi4gb_r2,1478,perf_20261002-161933_clu_rasp14_pi4gb_r2,3,386,1790957978500,0,1790960284467.973,301.463,8.571,1790960284778.528,Normal,0.9702
rasp1,48487,20261002-161933_clu_rasp14_pi4gb_r2,1482,perf_20261002-161933_clu_rasp14_pi4gb_r2,3,387,1790957978500,0,1790960284779.48,263.688,9.778,1790960285053.256,Normal,0.9556
rasp1,48487,20261002-161933_clu_rasp14_pi4gb_r2,1486,perf_20261002-161933_clu_rasp14_pi4gb_r2,3,388,1790957978501,0,1790960285053.874,352.701,6.97,1790960285413.893,Normal,0.9623
rasp1,48487,20261002-161933_clu_rasp14_pi4gb_r2,1491,perf_20261002-161933_clu_rasp14_pi4gb_r2,3,389,1790957978520,0,1790960285414.439,342.337,5.587,1790960285762.658,Normal,0.9681
rasp1,48487,20261002-161933_clu_rasp14_pi4gb_r2,1496,perf_20261002-161933_clu_rasp14_pi4gb_r2,3,390,1790957978521,0,1790960285763.253,222.679,6.638,1790960285992.869,Normal,0.968
rasp1,48487,20261002-161933_clu_rasp14_pi4gb_r2,1500,perf_20261002-161933_clu_rasp14_pi4gb_r2,3,391,1790957978522,0,1790960285993.433,250.635,8.07,1790960286252.59,Normal,0.9641
rasp1,48487,20261002-161933_clu_rasp14_pi4gb_r2,1501,perf_20261002-161933_clu_rasp14_pi4gb_r2,3,392,1790957978522,0,1790960286253.546,463.317,7.026,1790960286724.203,Normal,0.9758
rasp1,48487,20261002-161933_clu_rasp14_pi4gb_r2,1510,perf_20261002-161933_clu_rasp14_pi4gb_r2,3,393,1790957978523,0,1790960286724.802,282.127,15.841,1790960287023.064,Normal,0.9716
rasp1,48487,20261002-161933_clu_rasp14_pi4gb_r2,1516,perf_20261002-161933_clu_rasp14_pi4gb_r2,3,394,1790957978524,0,1790960287023.618,244.051,5.635,1790960287273.631,Normal,0.9173
rasp1,48487,20261002-161933_clu_rasp14_pi4gb_r2,1523,perf_20261002-161933_clu_rasp14_pi4gb_r2,3,395,1790957978524,0,1790960287274.213,325.749,7.688,1790960287608.129,Normal,0.9731
rasp1,48487,20261002-161933_clu_rasp14_pi4gb_r2,1526,perf_20261002-161933_clu_rasp14_pi4gb_r2,3,396,1790957978525,0,1790960287609.103,330.716,8.166,1790960287948.306,Normal,0.95
rasp1,48487,20261002-161933_clu_rasp14_pi4gb_r2,1528,perf_20261002-161933_clu_rasp14_pi4gb_r2,3,397,1790957978525,0,1790960287949.276,347.775,8.654,1790960288306.176,Normal,0.9173
rasp1,48487,20261002-161933_clu_rasp14_pi4gb_r2,1529,perf_20261002-161933_clu_rasp14_pi4gb_r2,3,398,1790957978525,0,1790960288307.18,502.19,7.923,1790960288817.806,Normal,0.8239
rasp1,48487,20261002-161933_clu_rasp14_pi4gb_r2,1530,perf_20261002-161933_clu_rasp14_pi4gb_r2,3,399,1790957978525,0,1790960288818.815,524.175,8.114,1790960289351.592,Normal,0.9335
rasp1,48487,20261002-161933_clu_rasp14_pi4gb_r2,1536,perf_20261002-161933_clu_rasp14_pi4gb_r2,3,400,1790957978525,0,1790960289352.589,351.426,7.542,1790960289712.021,Normal,0.9173
rasp1,48487,20261002-161933_clu_rasp14_pi4gb_r2,1540,perf_20261002-161933_clu_rasp14_pi4gb_r2,3,401,1790957978526,0,1790960289712.98,1095.263,6.797,1790960290815.366,Normal,0.9675
rasp1,48487,20261002-161933_clu_rasp14_pi4gb_r2,1544,perf_20261002-161933_clu_rasp14_pi4gb_r2,3,402,1790957978526,0,1790960290815.974,289.295,7.703,1790960291113.467,Normal,0.8669
rasp1,48487,20261002-161933_clu_rasp14_pi4gb_r2,1547,perf_20261002-161933_clu_rasp14_pi4gb_r2,3,403,1790957978526,0,1790960291114.423,279.029,6.029,1790960291399.822,Normal,0.955
rasp1,48487,20261002-161933_clu_rasp14_pi4gb_r2,1548,perf_20261002-161933_clu_rasp14_pi4gb_r2,3,404,1790957978526,0,1790960291400.37,273.307,8.405,1790960291682.584,Normal,0.9202
rasp1,48487,20261002-161933_clu_rasp14_pi4gb_r2,1549,perf_20261002-161933_clu_rasp14_pi4gb_r2,3,405,1790957978526,0,1790960291683.53,383.224,8.144,1790960292075.362,Normal,0.9191
rasp1,48487,20261002-161933_clu_rasp14_pi4gb_r2,1556,perf_20261002-161933_clu_rasp14_pi4gb_r2,3,406,1790957978527,0,1790960292076.138,506.704,7.688,1790960292590.827,Normal,0.9456
rasp1,48487,20261002-161933_clu_rasp14_pi4gb_r2,1557,perf_20261002-161933_clu_rasp14_pi4gb_r2,3,407,1790957978527,0,1790960292591.776,239.305,8.051,1790960292839.616,Normal,0.9538
rasp1,48487,20261002-161933_clu_rasp14_pi4gb_r2,1560,perf_20261002-161933_clu_rasp14_pi4gb_r2,3,408,1790957978528,0,1790960292840.612,364.433,5.875,1790960293211.237,Normal,0.9691
rasp1,48487,20261002-161933_clu_rasp14_pi4gb_r2,1561,perf_20261002-161933_clu_rasp14_pi4gb_r2,3,409,1790957978528,0,1790960293212.034,274.018,7.518,1790960293494.046,Normal,0.8787
rasp1,48487,20261002-161933_clu_rasp14_pi4gb_r2,1565,perf_20261002-161933_clu_rasp14_pi4gb_r2,3,410,1790957978528,0,1790960293495.013,245.538,6.261,1790960293747.157,Normal,0.9176
rasp1,48487,20261002-161933_clu_rasp14_pi4gb_r2,1567,perf_20261002-161933_clu_rasp14_pi4gb_r2,3,411,1790957978528,0,1790960293747.8,366.671,8.124,1790960294123.112,Normal,0.9616
rasp1,48487,20261002-161933_clu_rasp14_pi4gb_r2,1573,perf_20261002-161933_clu_rasp14_pi4gb_r2,3,412,1790957978529,0,1790960294124.069,268.881,7.507,1790960294400.915,Normal,0.9702
rasp1,48487,20261002-161933_clu_rasp14_pi4gb_r2,1575,perf_20261002-161933_clu_rasp14_pi4gb_r2,3,413,1790957978529,0,1790960294402.042,248.085,5.956,1790960294656.396,Normal,0.931
rasp1,48487,20261002-161933_clu_rasp14_pi4gb_r2,1580,perf_20261002-161933_clu_rasp14_pi4gb_r2,3,414,1790957978529,0,1790960294657.211,331.075,7.518,1790960294996.31,Normal,0.9728
rasp1,48487,20261002-161933_clu_rasp14_pi4gb_r2,1584,perf_20261002-161933_clu_rasp14_pi4gb_r2,3,415,1790957978530,0,1790960294997.286,265.254,7.195,1790960295270.089,Normal,0.9795
rasp1,48487,20261002-161933_clu_rasp14_pi4gb_r2,1586,perf_20261002-161933_clu_rasp14_pi4gb_r2,3,416,1790957978530,0,1790960295270.65,379.517,6.161,1790960295656.631,Normal,0.9401
rasp1,48487,20261002-161933_clu_rasp14_pi4gb_r2,1587,perf_20261002-161933_clu_rasp14_pi4gb_r2,3,417,1790957978530,0,1790960295657.344,385.606,7.266,1790960296050.519,Normal,0.9741
rasp1,48487,20261002-161933_clu_rasp14_pi4gb_r2,1589,perf_20261002-161933_clu_rasp14_pi4gb_r2,3,418,1790957978530,0,1790960296051.116,301.225,8.006,1790960296360.842,Normal,0.974
rasp1,48487,20261002-161933_clu_rasp14_pi4gb_r2,1591,perf_20261002-161933_clu_rasp14_pi4gb_r2,3,419,1790957978530,0,1790960296361.792,319.479,6.789,1790960296688.373,Normal,0.7433
rasp1,48487,20261002-161933_clu_rasp14_pi4gb_r2,1601,perf_20261002-161933_clu_rasp14_pi4gb_r2,3,420,1790957978531,0,1790960296688.968,310.039,8.825,1790960297008.288,Normal,0.6309
rasp1,48487,20261002-161933_clu_rasp14_pi4gb_r2,1602,perf_20261002-161933_clu_rasp14_pi4gb_r2,3,421,1790957978531,0,1790960297009.24,291.252,8.618,1790960297309.619,Normal,0.8803
rasp1,48487,20261002-161933_clu_rasp14_pi4gb_r2,1607,perf_20261002-161933_clu_rasp14_pi4gb_r2,3,422,1790957978532,0,1790960297310.571,263.334,5.88,1790960297580.085,Normal,0.9423
rasp1,48487,20261002-161933_clu_rasp14_pi4gb_r2,1609,perf_20261002-161933_clu_rasp14_pi4gb_r2,3,423,1790957978532,0,1790960297580.638,753.7,6.727,1790960298341.395,Normal,0.9656
rasp1,48487,20261002-161933_clu_rasp14_pi4gb_r2,1614,perf_20261002-161933_clu_rasp14_pi4gb_r2,3,424,1790957978534,0,1790960298342.227,652.673,6.337,1790960299001.554,Normal,0.9558
rasp1,48487,20261002-161933_clu_rasp14_pi4gb_r2,1618,perf_20261002-161933_clu_rasp14_pi4gb_r2,3,425,1790957978534,0,1790960299002.154,267.654,7.319,1790960299277.576,Normal,0.9119
rasp1,48487,20261002-161933_clu_rasp14_pi4gb_r2,1624,perf_20261002-161933_clu_rasp14_pi4gb_r2,3,426,1790957978535,0,1790960299278.263,428.724,7.76,1790960299715.209,Normal,0.5058
rasp1,48487,20261002-161933_clu_rasp14_pi4gb_r2,1628,perf_20261002-161933_clu_rasp14_pi4gb_r2,3,427,1790957978535,0,1790960299716.174,705.338,8.534,1790960300430.564,Normal,0.972
rasp1,48487,20261002-161933_clu_rasp14_pi4gb_r2,1630,perf_20261002-161933_clu_rasp14_pi4gb_r2,3,428,1790957978535,0,1790960300431.635,348.293,7.717,1790960300788.107,Normal,0.9423
rasp1,48487,20261002-161933_clu_rasp14_pi4gb_r2,1639,perf_20261002-161933_clu_rasp14_pi4gb_r2,3,429,1790957978536,0,1790960300789.147,315.975,7.809,1790960301113.4,Normal,0.9423
rasp1,48487,20261002-161933_clu_rasp14_pi4gb_r2,1641,perf_20261002-161933_clu_rasp14_pi4gb_r2,3,430,1790957978536,0,1790960301114.388,618.138,7.838,1790960301740.919,Normal,0.9691
rasp1,48487,20261002-161933_clu_rasp14_pi4gb_r2,1643,perf_20261002-161933_clu_rasp14_pi4gb_r2,3,431,1790957978536,0,1790960301741.922,535.337,8.761,1790960302286.557,Normal,0.9443
rasp1,48487,20261002-161933_clu_rasp14_pi4gb_r2,1644,perf_20261002-161933_clu_rasp14_pi4gb_r2,3,432,1790957978536,0,1790960302287.54,1027.041,8.274,1790960303323.411,Normal,0.9668
rasp1,48487,20261002-161933_clu_rasp14_pi4gb_r2,1647,perf_20261002-161933_clu_rasp14_pi4gb_r2,3,433,1790957978536,0,1790960303324.381,391.182,6.372,1790960303722.368,Normal,0.9781
rasp1,48487,20261002-161933_clu_rasp14_pi4gb_r2,1648,perf_20261002-161933_clu_rasp14_pi4gb_r2,3,434,1790957978537,0,1790960303722.986,422.982,7.891,1790960304154.323,Normal,0.9697
rasp1,48487,20261002-161933_clu_rasp14_pi4gb_r2,1652,perf_20261002-161933_clu_rasp14_pi4gb_r2,3,435,1790957978537,0,1790960304155.301,217.553,7.429,1790960304380.745,Normal,0.9662
rasp1,48487,20261002-161933_clu_rasp14_pi4gb_r2,1654,perf_20261002-161933_clu_rasp14_pi4gb_r2,3,436,1790957978537,0,1790960304381.746,308.64,6.215,1790960304696.907,Normal,0.9514
rasp1,48487,20261002-161933_clu_rasp14_pi4gb_r2,1656,perf_20261002-161933_clu_rasp14_pi4gb_r2,3,437,1790957978537,0,1790960304697.474,289.497,5.52,1790960304992.79,Normal,0.9551
rasp1,48487,20261002-161933_clu_rasp14_pi4gb_r2,1660,perf_20261002-161933_clu_rasp14_pi4gb_r2,3,438,1790957978538,0,1790960304993.352,229.472,6.442,1790960305229.572,Normal,0.8388
rasp1,48487,20261002-161933_clu_rasp14_pi4gb_r2,1661,perf_20261002-161933_clu_rasp14_pi4gb_r2,3,439,1790957978538,0,1790960305230.403,1434.517,7.643,1790960306673.058,Normal,0.9774
rasp1,48487,20261002-161933_clu_rasp14_pi4gb_r2,1662,perf_20261002-161933_clu_rasp14_pi4gb_r2,3,440,1790957978538,0,1790960306674.038,624.435,6.736,1790960307305.583,Normal,0.9551
rasp1,48487,20261002-161933_clu_rasp14_pi4gb_r2,1665,perf_20261002-161933_clu_rasp14_pi4gb_r2,3,441,1790957978538,0,1790960307306.208,203.953,6.296,1790960307516.759,Normal,0.9423
rasp1,48487,20261002-161933_clu_rasp14_pi4gb_r2,1672,perf_20261002-161933_clu_rasp14_pi4gb_r2,3,442,1790957978539,0,1790960307517.694,309.232,5.888,1790960307833.161,Normal,0.9432
rasp1,48487,20261002-161933_clu_rasp14_pi4gb_r2,1676,perf_20261002-161933_clu_rasp14_pi4gb_r2,3,443,1790957978539,0,1790960307833.763,365.589,6.864,1790960308206.523,Normal,0.9771
rasp1,48487,20261002-161933_clu_rasp14_pi4gb_r2,1677,perf_20261002-161933_clu_rasp14_pi4gb_r2,3,444,1790957978539,0,1790960308207.423,306.486,6.315,1790960308520.533,Normal,0.8616
rasp1,48487,20261002-161933_clu_rasp14_pi4gb_r2,1678,perf_20261002-161933_clu_rasp14_pi4gb_r2,3,445,1790957978539,0,1790960308521.134,312.521,6.76,1790960308840.938,Normal,0.9599
rasp1,48487,20261002-161933_clu_rasp14_pi4gb_r2,1684,perf_20261002-161933_clu_rasp14_pi4gb_r2,3,446,1790957978540,0,1790960308841.508,312.763,7.795,1790960309162.583,Normal,0.9584
rasp1,48487,20261002-161933_clu_rasp14_pi4gb_r2,1688,perf_20261002-161933_clu_rasp14_pi4gb_r2,3,447,1790957978540,0,1790960309163.256,448.085,6.662,1790960309618.3,Normal,0.7545
rasp1,48487,20261002-161933_clu_rasp14_pi4gb_r2,1694,perf_20261002-161933_clu_rasp14_pi4gb_r2,3,448,1790957978541,0,1790960309618.884,284.209,6.72,1790960309910.115,Normal,0.9328
rasp1,48487,20261002-161933_clu_rasp14_pi4gb_r2,1700,perf_20261002-161933_clu_rasp14_pi4gb_r2,3,449,1790957978541,0,1790960309910.685,503.291,7.266,1790960310421.749,Normal,0.9398
rasp1,48487,20261002-161933_clu_rasp14_pi4gb_r2,1706,perf_20261002-161933_clu_rasp14_pi4gb_r2,3,450,1790957978542,0,1790960310422.681,321.084,7.38,1790960310751.684,Normal,0.9699
rasp1,48487,20261002-161933_clu_rasp14_pi4gb_r2,1708,perf_20261002-161933_clu_rasp14_pi4gb_r2,3,451,1790957978542,0,1790960310752.859,376.27,6.15,1790960311135.599,Normal,0.9101
rasp1,48487,20261002-161933_clu_rasp14_pi4gb_r2,1713,perf_20261002-161933_clu_rasp14_pi4gb_r2,3,452,1790957978542,0,1790960311136.263,302.293,6.491,1790960311445.389,Normal,0.9572
rasp1,48487,20261002-161933_clu_rasp14_pi4gb_r2,1714,perf_20261002-161933_clu_rasp14_pi4gb_r2,3,453,1790957978542,0,1790960311446.018,341.343,8.627,1790960311796.609,Normal,0.9423
rasp1,48487,20261002-161933_clu_rasp14_pi4gb_r2,1718,perf_20261002-161933_clu_rasp14_pi4gb_r2,3,454,1790957978543,0,1790960311797.68,313.736,7.956,1790960312119.816,Normal,0.96
rasp1,48487,20261002-161933_clu_rasp14_pi4gb_r2,1719,perf_20261002-161933_clu_rasp14_pi4gb_r2,3,455,1790957978543,0,1790960312120.49,414.675,8.69,1790960312544.314,Normal,0.9761
rasp1,48487,20261002-161933_clu_rasp14_pi4gb_r2,1724,perf_20261002-161933_clu_rasp14_pi4gb_r2,3,456,1790957978543,0,1790960312545.285,386.803,7.714,1790960312940.275,Normal,0.9396
rasp1,48487,20261002-161933_clu_rasp14_pi4gb_r2,1734,perf_20261002-161933_clu_rasp14_pi4gb_r2,3,457,1790957978544,0,1790960312941.325,349.605,7.746,1790960313299.144,Normal,0.9457
rasp1,48487,20261002-161933_clu_rasp14_pi4gb_r2,1735,perf_20261002-161933_clu_rasp14_pi4gb_r2,3,458,1790957978545,0,1790960313300.164,576.234,8.725,1790960313889.407,Normal,0.9086
rasp1,48487,20261002-161933_clu_rasp14_pi4gb_r2,1740,perf_20261002-161933_clu_rasp14_pi4gb_r2,3,459,1790957978545,0,1790960313890.382,898.564,8.139,1790960314797.555,Normal,0.9559
rasp1,48487,20261002-161933_clu_rasp14_pi4gb_r2,1741,perf_20261002-161933_clu_rasp14_pi4gb_r2,3,460,1790957978545,0,1790960314798.149,294.715,7.575,1790960315100.881,Normal,0.9116
rasp1,48487,20261002-161933_clu_rasp14_pi4gb_r2,1747,perf_20261002-161933_clu_rasp14_pi4gb_r2,3,461,1790957978546,0,1790960315101.542,303.24,6.244,1790960315411.325,Normal,0.9604
rasp1,48487,20261002-161933_clu_rasp14_pi4gb_r2,1753,perf_20261002-161933_clu_rasp14_pi4gb_r2,3,462,1790957978546,0,1790960315411.965,430.379,7.078,1790960315850.083,Normal,0.85
rasp1,48487,20261002-161933_clu_rasp14_pi4gb_r2,1763,perf_20261002-161933_clu_rasp14_pi4gb_r2,3,463,1790957978547,0,1790960315850.646,308.949,7.474,1790960316167.571,Normal,0.9664
rasp1,48487,20261002-161933_clu_rasp14_pi4gb_r2,1764,perf_20261002-161933_clu_rasp14_pi4gb_r2,3,464,1790957978547,0,1790960316168.524,388.798,8.032,1790960316565.864,Normal,0.9204
rasp1,48487,20261002-161933_clu_rasp14_pi4gb_r2,1773,perf_20261002-161933_clu_rasp14_pi4gb_r2,3,465,1790957978548,0,1790960316566.817,558.964,8.337,1790960317134.591,Normal,0.6974
rasp1,48487,20261002-161933_clu_rasp14_pi4gb_r2,1777,perf_20261002-161933_clu_rasp14_pi4gb_r2,3,466,1790957978548,0,1790960317135.555,298.211,7.745,1790960317441.977,Normal,0.9141
rasp1,48487,20261002-161933_clu_rasp14_pi4gb_r2,1781,perf_20261002-161933_clu_rasp14_pi4gb_r2,3,467,1790957978548,0,1790960317442.938,323.859,7.482,1790960317774.745,Normal,0.9711
rasp1,48487,20261002-161933_clu_rasp14_pi4gb_r2,1782,perf_20261002-161933_clu_rasp14_pi4gb_r2,3,468,1790957978548,0,1790960317775.659,329.103,9.901,1790960318115.123,Normal,0.8099
rasp1,48487,20261002-161933_clu_rasp14_pi4gb_r2,1786,perf_20261002-161933_clu_rasp14_pi4gb_r2,3,469,1790957978549,0,1790960318115.811,256.506,8.487,1790960318381.306,Normal,0.8093
rasp1,48487,20261002-161933_clu_rasp14_pi4gb_r2,1796,perf_20261002-161933_clu_rasp14_pi4gb_r2,3,470,1790957978552,0,1790960318382.262,342.798,6.412,1790960318731.774,Normal,0.9485
rasp1,48487,20261002-161933_clu_rasp14_pi4gb_r2,1799,perf_20261002-161933_clu_rasp14_pi4gb_r2,3,471,1790957978552,0,1790960318732.316,457.605,7.297,1790960319248.688,Normal,0.9617
rasp1,48487,20261002-161933_clu_rasp14_pi4gb_r2,1801,perf_20261002-161933_clu_rasp14_pi4gb_r2,3,472,1790957978553,0,1790960319249.274,268.875,7.879,1790960319526.478,Normal,0.9473
rasp1,48487,20261002-161933_clu_rasp14_pi4gb_r2,1805,perf_20261002-161933_clu_rasp14_pi4gb_r2,3,473,1790957978553,0,1790960319527.611,326.286,6.49,1790960319860.687,Normal,0.9678
rasp1,48487,20261002-161933_clu_rasp14_pi4gb_r2,1806,perf_20261002-161933_clu_rasp14_pi4gb_r2,3,474,1790957978553,0,1790960319861.313,812.494,6.819,1790960320680.942,Normal,0.8995
rasp1,48487,20261002-161933_clu_rasp14_pi4gb_r2,1807,perf_20261002-161933_clu_rasp14_pi4gb_r2,3,475,1790957978553,0,1790960320681.536,280.567,8.069,1790960320970.635,Normal,0.9589
rasp1,48487,20261002-161933_clu_rasp14_pi4gb_r2,1808,perf_20261002-161933_clu_rasp14_pi4gb_r2,3,476,1790957978553,0,1790960320971.588,243.635,6.35,1790960321221.878,Normal,0.9608
rasp1,48487,20261002-161933_clu_rasp14_pi4gb_r2,1813,perf_20261002-161933_clu_rasp14_pi4gb_r2,3,477,1790957978554,0,1790960321222.444,348.39,7.74,1790960321579.029,Normal,0.9607
rasp1,48487,20261002-161933_clu_rasp14_pi4gb_r2,1815,perf_20261002-161933_clu_rasp14_pi4gb_r2,3,478,1790957978554,0,1790960321579.993,245.2,5.368,1790960321830.866,Normal,0.9277
rasp1,48487,20261002-161933_clu_rasp14_pi4gb_r2,1824,perf_20261002-161933_clu_rasp14_pi4gb_r2,3,479,1790957978555,0,1790960321831.417,376.519,8.6,1790960322216.986,Normal,0.9468
rasp1,48487,20261002-161933_clu_rasp14_pi4gb_r2,1825,perf_20261002-161933_clu_rasp14_pi4gb_r2,3,480,1790957978555,0,1790960322217.648,267.601,6.346,1790960322491.891,Normal,0.9473
rasp1,48487,20261002-161933_clu_rasp14_pi4gb_r2,1832,perf_20261002-161933_clu_rasp14_pi4gb_r2,3,481,1790957978555,0,1790960322492.438,884.186,6.016,1790960323383.064,Normal,0.9606
rasp1,48487,20261002-161933_clu_rasp14_pi4gb_r2,1833,perf_20261002-161933_clu_rasp14_pi4gb_r2,3,482,1790957978555,0,1790960323383.67,455.382,8.922,1790960323848.434,Normal,0.6623
rasp1,48487,20261002-161933_clu_rasp14_pi4gb_r2,1839,perf_20261002-161933_clu_rasp14_pi4gb_r2,3,483,1790957978556,0,1790960323849.605,290.063,7.381,1790960324147.565,Normal,0.9375
rasp1,48487,20261002-161933_clu_rasp14_pi4gb_r2,1853,perf_20261002-161933_clu_rasp14_pi4gb_r2,3,484,1790957978557,0,1790960324148.569,407.244,6.438,1790960324562.603,Normal,0.9402
rasp1,48487,20261002-161933_clu_rasp14_pi4gb_r2,1855,perf_20261002-161933_clu_rasp14_pi4gb_r2,3,485,1790957978557,0,1790960324563.22,456.317,6.495,1790960325026.411,Normal,0.9417
rasp1,48487,20261002-161933_clu_rasp14_pi4gb_r2,1863,perf_20261002-161933_clu_rasp14_pi4gb_r2,3,486,1790957978558,0,1790960325027.072,340.443,6.406,1790960325374.271,Normal,0.9402
rasp1,48487,20261002-161933_clu_rasp14_pi4gb_r2,1877,perf_20261002-161933_clu_rasp14_pi4gb_r2,3,487,1790957978559,0,1790960325374.865,449.124,8.966,1790960325833.406,Normal,0.943
rasp1,48487,20261002-161933_clu_rasp14_pi4gb_r2,1881,perf_20261002-161933_clu_rasp14_pi4gb_r2,3,488,1790957978559,0,1790960325834.088,434.108,7.764,1790960326276.42,Normal,0.9657
rasp1,48487,20261002-161933_clu_rasp14_pi4gb_r2,1898,perf_20261002-161933_clu_rasp14_pi4gb_r2,3,489,1790957978561,0,1790960326277.558,486.551,7.458,1790960326772.04,Normal,0.8384
rasp1,48487,20261002-161933_clu_rasp14_pi4gb_r2,1899,perf_20261002-161933_clu_rasp14_pi4gb_r2,3,490,1790957978561,0,1790960326772.996,377.008,6.474,1790960327156.787,Normal,0.9457
rasp1,48487,20261002-161933_clu_rasp14_pi4gb_r2,1903,perf_20261002-161933_clu_rasp14_pi4gb_r2,3,491,1790957978561,0,1790960327157.348,320.988,8.468,1790960327487.3,Normal,0.9535
rasp1,48487,20261002-161933_clu_rasp14_pi4gb_r2,1906,perf_20261002-161933_clu_rasp14_pi4gb_r2,3,492,1790957978561,0,1790960327487.887,316.21,7.154,1790960327811.563,Normal,0.9445
rasp1,48487,20261002-161933_clu_rasp14_pi4gb_r2,1915,perf_20261002-161933_clu_rasp14_pi4gb_r2,3,493,1790957978598,0,1790960327812.516,310.735,5.612,1790960328129.171,Normal,0.9608
rasp1,48487,20261002-161933_clu_rasp14_pi4gb_r2,1918,perf_20261002-161933_clu_rasp14_pi4gb_r2,3,494,1790957978599,0,1790960328129.773,300.831,8.206,1790960328439.304,Normal,0.959
rasp1,48487,20261002-161933_clu_rasp14_pi4gb_r2,1920,perf_20261002-161933_clu_rasp14_pi4gb_r2,3,495,1790957978599,0,1790960328439.886,920.725,6.149,1790960329367.115,Normal,0.9758
rasp1,48487,20261002-161933_clu_rasp14_pi4gb_r2,1926,perf_20261002-161933_clu_rasp14_pi4gb_r2,3,496,1790957978600,0,1790960329367.687,2251.384,7.977,1790960331627.497,Normal,0.977
rasp1,48487,20261002-161933_clu_rasp14_pi4gb_r2,1927,perf_20261002-161933_clu_rasp14_pi4gb_r2,3,497,1790957978600,0,1790960331628.551,523.326,7.72,1790960332160.067,Normal,0.5939
rasp1,48487,20261002-161933_clu_rasp14_pi4gb_r2,1930,perf_20261002-161933_clu_rasp14_pi4gb_r2,3,498,1790957978600,0,1790960332161.031,420.754,5.649,1790960332587.766,Normal,0.8651
rasp1,48487,20261002-161933_clu_rasp14_pi4gb_r2,1931,perf_20261002-161933_clu_rasp14_pi4gb_r2,3,499,1790957978600,0,1790960332588.345,299.437,7.846,1790960332896.102,Normal,0.8996
rasp1,48487,20261002-161933_clu_rasp14_pi4gb_r2,4,perf_20261002-161933_clu_rasp14_pi4gb_r2,1,0,1790957978046,0,1790960333405.119,551.685,12.876,1790960333970.387,Normal,0.9588
rasp1,48487,20261002-161933_clu_rasp14_pi4gb_r2,16,perf_20261002-161933_clu_rasp14_pi4gb_r2,1,1,1790957978048,0,1790960333973.414,750.839,9.61,1790960334734.619,Normal,0.9747
rasp1,48487,20261002-161933_clu_rasp14_pi4gb_r2,24,perf_20261002-161933_clu_rasp14_pi4gb_r2,1,2,1790957978049,0,1790960334736.07,1083.941,9.138,1790960335833.397,Normal,0.9411
rasp1,48487,20261002-161933_clu_rasp14_pi4gb_r2,25,perf_20261002-161933_clu_rasp14_pi4gb_r2,1,3,1790957978049,0,1790960335837.138,1030.871,14.312,1790960336893.949,Normal,0.6054
rasp1,48487,20261002-161933_clu_rasp14_pi4gb_r2,29,perf_20261002-161933_clu_rasp14_pi4gb_r2,1,4,1790957978051,0,1790960336898.466,2638.883,14.3,1790960339553.201,Normal,0.9553
rasp1,48487,20261002-161933_clu_rasp14_pi4gb_r2,40,perf_20261002-161933_clu_rasp14_pi4gb_r2,1,5,1790957978053,0,1790960339555.239,667.383,10.686,1790960340234.257,Normal,0.9018
rasp1,48487,20261002-161933_clu_rasp14_pi4gb_r2,46,perf_20261002-161933_clu_rasp14_pi4gb_r2,1,6,1790957978055,0,1790960340236.117,1565.586,12.275,1790960341814.593,Normal,0.8951
rasp1,48487,20261002-161933_clu_rasp14_pi4gb_r2,57,perf_20261002-161933_clu_rasp14_pi4gb_r2,1,7,1790957978057,0,1790960341822.425,953.729,16.318,1790960342793.454,Normal,0.5773
rasp1,48487,20261002-161933_clu_rasp14_pi4gb_r2,59,perf_20261002-161933_clu_rasp14_pi4gb_r2,1,8,1790957978057,0,1790960342804.363,2430.149,11.584,1790960345246.975,Normal,0.9787
rasp1,48487,20261002-161933_clu_rasp14_pi4gb_r2,65,perf_20261002-161933_clu_rasp14_pi4gb_r2,1,9,1790957978058,0,1790960345249.667,765.758,9.215,1790960346025.473,Normal,0.963
rasp1,48487,20261002-161933_clu_rasp14_pi4gb_r2,73,perf_20261002-161933_clu_rasp14_pi4gb_r2,1,10,1790957978059,0,1790960346026.917,1463.956,10.181,1790960347502.033,Normal,0.9591
rasp1,48487,20261002-161933_clu_rasp14_pi4gb_r2,75,perf_20261002-161933_clu_rasp14_pi4gb_r2,1,11,1790957978060,0,1790960347503.956,733.486,11.831,1790960348250.317,Normal,0.8729
rasp1,48487,20261002-161933_clu_rasp14_pi4gb_r2,77,perf_20261002-161933_clu_rasp14_pi4gb_r2,1,12,1790957978060,0,1790960348252.323,680.718,12.081,1790960348946.374,OFFENSIVE,0.8247
rasp1,48487,20261002-161933_clu_rasp14_pi4gb_r2,78,perf_20261002-161933_clu_rasp14_pi4gb_r2,1,13,1790957978060,0,1790960348948.507,791.56,12.46,1790960349753.511,Normal,0.9429
rasp1,48487,20261002-161933_clu_rasp14_pi4gb_r2,81,perf_20261002-161933_clu_rasp14_pi4gb_r2,1,14,1790957978061,0,1790960349755.074,1497.346,9.151,1790960351262.322,OFFENSIVE,0.7918
rasp1,48487,20261002-161933_clu_rasp14_pi4gb_r2,84,perf_20261002-161933_clu_rasp14_pi4gb_r2,1,15,1790957978061,0,1790960351263.676,969.851,9.771,1790960352244.094,Normal,0.9755
rasp1,48487,20261002-161933_clu_rasp14_pi4gb_r2,97,perf_20261002-161933_clu_rasp14_pi4gb_r2,1,16,1790957978064,0,1790960352254.52,728.043,9.676,1790960352992.988,Normal,0.8164
rasp1,48487,20261002-161933_clu_rasp14_pi4gb_r2,100,perf_20261002-161933_clu_rasp14_pi4gb_r2,1,17,1790957978064,0,1790960352994.666,660.563,10.881,1790960353667.152,Normal,0.9603
rasp1,48487,20261002-161933_clu_rasp14_pi4gb_r2,102,perf_20261002-161933_clu_rasp14_pi4gb_r2,1,18,1790957978065,0,1790960353668.61,1050.006,12.346,1790960354731.903,HATE,0.6385
rasp1,48487,20261002-161933_clu_rasp14_pi4gb_r2,107,perf_20261002-161933_clu_rasp14_pi4gb_r2,1,19,1790957978066,0,1790960354733.519,965.385,10.668,1790960355710.224,Normal,0.9703
rasp1,48487,20261002-161933_clu_rasp14_pi4gb_r2,109,perf_20261002-161933_clu_rasp14_pi4gb_r2,1,20,1790957978066,0,1790960355712.197,685.385,10.035,1790960356408.253,Normal,0.9608
rasp1,48487,20261002-161933_clu_rasp14_pi4gb_r2,114,perf_20261002-161933_clu_rasp14_pi4gb_r2,1,21,1790957978066,0,1790960356409.487,756.112,15.215,1790960357181.522,Normal,0.9496
rasp1,48487,20261002-161933_clu_rasp14_pi4gb_r2,115,perf_20261002-161933_clu_rasp14_pi4gb_r2,1,22,1790957978066,0,1790960357189.657,1006.41,14.624,1790960358211.47,Normal,0.9602
rasp1,48487,20261002-161933_clu_rasp14_pi4gb_r2,117,perf_20261002-161933_clu_rasp14_pi4gb_r2,1,23,1790957978067,0,1790960358213.405,787.8,9.887,1790960359011.801,Normal,0.9592
rasp1,48487,20261002-161933_clu_rasp14_pi4gb_r2,120,perf_20261002-161933_clu_rasp14_pi4gb_r2,1,24,1790957978067,0,1790960359014.781,1075.428,10.809,1790960360101.806,Normal,0.9646
rasp1,48487,20261002-161933_clu_rasp14_pi4gb_r2,123,perf_20261002-161933_clu_rasp14_pi4gb_r2,1,25,1790957978067,0,1790960360103.281,1247.775,9.784,1790960361361.584,OFFENSIVE,0.9503
rasp1,48487,20261002-161933_clu_rasp14_pi4gb_r2,127,perf_20261002-161933_clu_rasp14_pi4gb_r2,1,26,1790957978073,0,1790960361363.346,780.104,10.532,1790960362154.953,Normal,0.9559
rasp1,48487,20261002-161933_clu_rasp14_pi4gb_r2,128,perf_20261002-161933_clu_rasp14_pi4gb_r2,1,27,1790957978073,0,1790960362156.189,1828.266,11.026,1790960363996.27,Normal,0.9757
rasp1,48487,20261002-161933_clu_rasp14_pi4gb_r2,132,perf_20261002-161933_clu_rasp14_pi4gb_r2,1,28,1790957978092,0,1790960363998.837,3050.42,9.026,1790960367059.521,Normal,0.8913
rasp1,48487,20261002-161933_clu_rasp14_pi4gb_r2,141,perf_20261002-161933_clu_rasp14_pi4gb_r2,1,29,1790957978098,0,1790960367061.048,591.372,10.861,1790960367664.654,Normal,0.8146
rasp1,48487,20261002-161933_clu_rasp14_pi4gb_r2,143,perf_20261002-161933_clu_rasp14_pi4gb_r2,1,30,1790957978100,0,1790960367666.816,640.502,9.45,1790960368317.59,Normal,0.7611
rasp1,48487,20261002-161933_clu_rasp14_pi4gb_r2,153,perf_20261002-161933_clu_rasp14_pi4gb_r2,1,31,1790957978102,0,1790960368319.212,884.687,9.47,1790960369214.281,Normal,0.8867
rasp1,48487,20261002-161933_clu_rasp14_pi4gb_r2,155,perf_20261002-161933_clu_rasp14_pi4gb_r2,1,32,1790957978102,0,1790960369216.561,1059.668,21.307,1790960370298.204,Normal,0.9005
rasp1,48487,20261002-161933_clu_rasp14_pi4gb_r2,163,perf_20261002-161933_clu_rasp14_pi4gb_r2,1,33,1790957978103,0,1790960370302.864,973.258,14.844,1790960371294.842,Normal,0.9591
rasp1,48487,20261002-161933_clu_rasp14_pi4gb_r2,164,perf_20261002-161933_clu_rasp14_pi4gb_r2,1,34,1790957978104,0,1790960371299.225,806.984,13.055,1790960372119.921,Normal,0.9336
rasp1,48487,20261002-161933_clu_rasp14_pi4gb_r2,170,perf_20261002-161933_clu_rasp14_pi4gb_r2,1,35,1790957978105,0,1790960372121.47,740.597,13.421,1790960372876.886,Normal,0.9651
rasp1,48487,20261002-161933_clu_rasp14_pi4gb_r2,174,perf_20261002-161933_clu_rasp14_pi4gb_r2,1,36,1790957978106,0,1790960372879.068,594.774,10.63,1790960373485.612,Normal,0.9135
rasp1,48487,20261002-161933_clu_rasp14_pi4gb_r2,179,perf_20261002-161933_clu_rasp14_pi4gb_r2,1,37,1790957978107,0,1790960373487.47,676.385,12.511,1790960374177.297,Normal,0.9672
rasp1,48487,20261002-161933_clu_rasp14_pi4gb_r2,180,perf_20261002-161933_clu_rasp14_pi4gb_r2,1,38,1790957978107,0,1790960374179.161,841.243,12.875,1790960375034.466,Normal,0.6954
rasp1,48487,20261002-161933_clu_rasp14_pi4gb_r2,183,perf_20261002-161933_clu_rasp14_pi4gb_r2,1,39,1790957978107,0,1790960375036.769,803.163,9.756,1790960375850.594,Normal,0.9708
rasp1,48487,20261002-161933_clu_rasp14_pi4gb_r2,191,perf_20261002-161933_clu_rasp14_pi4gb_r2,1,40,1790957978109,0,1790960375851.894,617.334,8.144,1790960376478.023,Normal,0.9336
rasp1,48487,20261002-161933_clu_rasp14_pi4gb_r2,197,perf_20261002-161933_clu_rasp14_pi4gb_r2,1,41,1790957978110,0,1790960376479.376,806.892,12.078,1790960377299.28,Normal,0.954
rasp1,48487,20261002-161933_clu_rasp14_pi4gb_r2,206,perf_20261002-161933_clu_rasp14_pi4gb_r2,1,42,1790957978112,0,1790960377301.077,610.064,9.648,1790960377921.547,Normal,0.9386
rasp1,48487,20261002-161933_clu_rasp14_pi4gb_r2,208,perf_20261002-161933_clu_rasp14_pi4gb_r2,1,43,1790957978112,0,1790960377923.332,654.663,9.133,1790960378592.507,Normal,0.9463
rasp1,48487,20261002-161933_clu_rasp14_pi4gb_r2,209,perf_20261002-161933_clu_rasp14_pi4gb_r2,1,44,1790957978112,0,1790960378593.845,1742.754,9.157,1790960380346.648,Normal,0.745
rasp1,48487,20261002-161933_clu_rasp14_pi4gb_r2,210,perf_20261002-161933_clu_rasp14_pi4gb_r2,1,45,1790957978113,0,1790960380348.433,828.518,10.733,1790960381188.336,Normal,0.958
rasp1,48487,20261002-161933_clu_rasp14_pi4gb_r2,216,perf_20261002-161933_clu_rasp14_pi4gb_r2,1,46,1790957978115,0,1790960381190.058,618.905,10.993,1790960381820.85,Normal,0.9589
rasp1,48487,20261002-161933_clu_rasp14_pi4gb_r2,218,perf_20261002-161933_clu_rasp14_pi4gb_r2,1,47,1790957978115,0,1790960381822.241,1265.297,11.859,1790960383100.325,Normal,0.9626
rasp1,48487,20261002-161933_clu_rasp14_pi4gb_r2,224,perf_20261002-161933_clu_rasp14_pi4gb_r2,1,48,1790957978140,0,1790960383102.362,896.968,13.566,1790960384013.69,Normal,0.9371
rasp1,48487,20261002-161933_clu_rasp14_pi4gb_r2,225,perf_20261002-161933_clu_rasp14_pi4gb_r2,1,49,1790957978140,0,1790960384018.139,1223.081,19.256,1790960385261.305,Normal,0.9715
rasp1,48487,20261002-161933_clu_rasp14_pi4gb_r2,228,perf_20261002-161933_clu_rasp14_pi4gb_r2,1,50,1790957978141,0,1790960385269.384,872.576,10.804,1790960386153.598,Normal,0.9609
rasp1,48487,20261002-161933_clu_rasp14_pi4gb_r2,236,perf_20261002-161933_clu_rasp14_pi4gb_r2,1,51,1790957978153,0,1790960386155.254,1138.297,9.91,1790960387304.25,Normal,0.9608
rasp1,48487,20261002-161933_clu_rasp14_pi4gb_r2,238,perf_20261002-161933_clu_rasp14_pi4gb_r2,1,52,1790957978153,0,1790960387306.071,632.995,11.147,1790960387950.843,Normal,0.9618
rasp1,48487,20261002-161933_clu_rasp14_pi4gb_r2,249,perf_20261002-161933_clu_rasp14_pi4gb_r2,1,53,1790957978155,0,1790960387952.189,670.013,12.089,1790960388635.193,Normal,0.9589
rasp1,48487,20261002-161933_clu_rasp14_pi4gb_r2,250,perf_20261002-161933_clu_rasp14_pi4gb_r2,1,54,1790957978155,0,1790960388637.693,619.361,9.632,1790960389267.531,Normal,0.8412
rasp1,48487,20261002-161933_clu_rasp14_pi4gb_r2,251,perf_20261002-161933_clu_rasp14_pi4gb_r2,1,55,1790957978156,0,1790960389268.883,859.693,10.847,1790960390140.519,Normal,0.882
rasp1,48487,20261002-161933_clu_rasp14_pi4gb_r2,255,perf_20261002-161933_clu_rasp14_pi4gb_r2,1,56,1790957978156,0,1790960390142.799,752.737,8.769,1790960390905.116,Normal,0.7941
rasp1,48487,20261002-161933_clu_rasp14_pi4gb_r2,256,perf_20261002-161933_clu_rasp14_pi4gb_r2,1,57,1790957978156,0,1790960390906.68,1020.174,10.485,1790960391938.039,Normal,0.9593
rasp1,48487,20261002-161933_clu_rasp14_pi4gb_r2,263,perf_20261002-161933_clu_rasp14_pi4gb_r2,1,58,1790957978158,0,1790960391939.979,576.343,9.962,1790960392527.186,Normal,0.9468
rasp1,48487,20261002-161933_clu_rasp14_pi4gb_r2,264,perf_20261002-161933_clu_rasp14_pi4gb_r2,1,59,1790957978158,0,1790960392528.889,782.577,9.306,1790960393321.525,Normal,0.9393
rasp1,48487,20261002-161933_clu_rasp14_pi4gb_r2,268,perf_20261002-161933_clu_rasp14_pi4gb_r2,1,60,1790957978159,0,1790960393323.438,541.12,10.224,1790960393875.614,Normal,0.9547
rasp1,48487,20261002-161933_clu_rasp14_pi4gb_r2,270,perf_20261002-161933_clu_rasp14_pi4gb_r2,1,61,1790957978159,0,1790960393877.142,4475.405,11.481,1790960398364.993,Normal,0.8744
rasp1,48487,20261002-161933_clu_rasp14_pi4gb_r2,273,perf_20261002-161933_clu_rasp14_pi4gb_r2,1,62,1790957978160,0,1790960398371.905,841.869,13.123,1790960399227.639,Normal,0.9007
rasp1,48487,20261002-161933_clu_rasp14_pi4gb_r2,276,perf_20261002-161933_clu_rasp14_pi4gb_r2,1,63,1790957978161,0,1790960399232.614,680.238,9.69,1790960399923.217,Normal,0.9627
rasp1,48487,20261002-161933_clu_rasp14_pi4gb_r2,282,perf_20261002-161933_clu_rasp14_pi4gb_r2,1,64,1790957978162,0,1790960399924.621,707.214,10.467,1790960400643.019,Normal,0.9468
rasp1,48487,20261002-161933_clu_rasp14_pi4gb_r2,283,perf_20261002-161933_clu_rasp14_pi4gb_r2,1,65,1790957978162,0,1790960400645.058,657.306,10.588,1790960401313.812,Normal,0.9555
rasp1,48487,20261002-161933_clu_rasp14_pi4gb_r2,285,perf_20261002-161933_clu_rasp14_pi4gb_r2,1,66,1790957978162,0,1790960401315.302,729.929,13.625,1790960402059.614,Normal,0.9385
rasp1,48487,20261002-161933_clu_rasp14_pi4gb_r2,290,perf_20261002-161933_clu_rasp14_pi4gb_r2,1,67,1790957978163,0,1790960402061.857,1947.332,9.166,1790960404019.374,Normal,0.9541
rasp1,48487,20261002-161933_clu_rasp14_pi4gb_r2,296,perf_20261002-161933_clu_rasp14_pi4gb_r2,1,68,1790957978164,0,1790960404020.95,584.106,10.41,1790960404621.858,Normal,0.9181
rasp1,48487,20261002-161933_clu_rasp14_pi4gb_r2,299,perf_20261002-161933_clu_rasp14_pi4gb_r2,1,69,1790957978165,0,1790960404623.482,643.858,10.296,1790960405278.349,HATE,0.4772
rasp1,48487,20261002-161933_clu_rasp14_pi4gb_r2,307,perf_20261002-161933_clu_rasp14_pi4gb_r2,1,70,1790957978167,0,1790960405280.058,2271.883,9.628,1790960407562.432,Normal,0.7019
rasp1,48487,20261002-161933_clu_rasp14_pi4gb_r2,312,perf_20261002-161933_clu_rasp14_pi4gb_r2,1,71,1790957978168,0,1790960407564.263,633.525,9.527,1790960408207.985,Normal,0.97
rasp1,48487,20261002-161933_clu_rasp14_pi4gb_r2,324,perf_20261002-161933_clu_rasp14_pi4gb_r2,1,72,1790957978170,0,1790960408209.374,1022.705,10.7,1790960409243.762,Normal,0.8205
rasp1,48487,20261002-161933_clu_rasp14_pi4gb_r2,325,perf_20261002-161933_clu_rasp14_pi4gb_r2,1,73,1790957978171,0,1790960409245.082,2373.465,10.175,1790960411629.423,Normal,0.9369
rasp1,48487,20261002-161933_clu_rasp14_pi4gb_r2,327,perf_20261002-161933_clu_rasp14_pi4gb_r2,1,74,1790957978171,0,1790960411631.029,1100.305,18.85,1790960412751.158,Normal,0.7849
rasp1,48487,20261002-161933_clu_rasp14_pi4gb_r2,331,perf_20261002-161933_clu_rasp14_pi4gb_r2,1,75,1790957978172,0,1790960412752.927,1109.393,11.607,1790960413875.009,Normal,0.9246
rasp1,48487,20261002-161933_clu_rasp14_pi4gb_r2,338,perf_20261002-161933_clu_rasp14_pi4gb_r2,1,76,1790957978174,0,1790960413876.411,595.871,16.434,1790960414489.561,Normal,0.9247
rasp1,48487,20261002-161933_clu_rasp14_pi4gb_r2,339,perf_20261002-161933_clu_rasp14_pi4gb_r2,1,77,1790957978174,0,1790960414497.559,852.503,14.674,1790960415365.373,Normal,0.8636
rasp1,48487,20261002-161933_clu_rasp14_pi4gb_r2,340,perf_20261002-161933_clu_rasp14_pi4gb_r2,1,78,1790957978174,0,1790960415373.332,771.293,13.844,1790960416162.273,Normal,0.9273
rasp1,48487,20261002-161933_clu_rasp14_pi4gb_r2,342,perf_20261002-161933_clu_rasp14_pi4gb_r2,1,79,1790957978174,0,1790960416170.53,869.053,9.363,1790960417049.618,Normal,0.9492
rasp1,48487,20261002-161933_clu_rasp14_pi4gb_r2,349,perf_20261002-161933_clu_rasp14_pi4gb_r2,1,80,1790957978176,0,1790960417056.498,733.03,11.815,1790960417802.076,Normal,0.9309
rasp1,48487,20261002-161933_clu_rasp14_pi4gb_r2,351,perf_20261002-161933_clu_rasp14_pi4gb_r2,1,81,1790957978176,0,1790960417810.357,751.384,18.801,1790960418581.304,Normal,0.9297
rasp1,48487,20261002-161933_clu_rasp14_pi4gb_r2,356,perf_20261002-161933_clu_rasp14_pi4gb_r2,1,82,1790957978177,0,1790960418582.779,823.582,19.637,1790960419426.995,Normal,0.9157
rasp1,48487,20261002-161933_clu_rasp14_pi4gb_r2,363,perf_20261002-161933_clu_rasp14_pi4gb_r2,1,83,1790957978179,0,1790960419428.942,689.958,10.952,1790960420130.666,Normal,0.9403
rasp1,48487,20261002-161933_clu_rasp14_pi4gb_r2,365,perf_20261002-161933_clu_rasp14_pi4gb_r2,1,84,1790957978179,0,1790960420133.285,723.964,11.396,1790960420869.688,Normal,0.9371
rasp1,48487,20261002-161933_clu_rasp14_pi4gb_r2,370,perf_20261002-161933_clu_rasp14_pi4gb_r2,1,85,1790957978180,0,1790960420871.334,709.657,10.525,1790960421592.448,Normal,0.9512
rasp1,48487,20261002-161933_clu_rasp14_pi4gb_r2,371,perf_20261002-161933_clu_rasp14_pi4gb_r2,1,86,1790957978180,0,1790960421593.849,1079.233,9.894,1790960422683.764,Normal,0.9728
rasp1,48487,20261002-161933_clu_rasp14_pi4gb_r2,373,perf_20261002-161933_clu_rasp14_pi4gb_r2,1,87,1790957978181,0,1790960422685.224,818.209,12.001,1790960423516.407,Normal,0.5223
rasp1,48487,20261002-161933_clu_rasp14_pi4gb_r2,374,perf_20261002-161933_clu_rasp14_pi4gb_r2,1,88,1790957978181,0,1790960423518.862,3103.782,9.507,1790960426632.961,Normal,0.9543
rasp1,48487,20261002-161933_clu_rasp14_pi4gb_r2,377,perf_20261002-161933_clu_rasp14_pi4gb_r2,1,89,1790957978182,0,1790960426634.492,740.855,9.557,1790960427385.831,Normal,0.83
rasp1,48487,20261002-161933_clu_rasp14_pi4gb_r2,382,perf_20261002-161933_clu_rasp14_pi4gb_r2,1,90,1790957978183,0,1790960427387.233,616.637,11.93,1790960428016.88,Normal,0.9451
rasp1,48487,20261002-161933_clu_rasp14_pi4gb_r2,385,perf_20261002-161933_clu_rasp14_pi4gb_r2,1,91,1790957978183,0,1790960428018.466,957.562,12.174,1790960428988.865,OFFENSIVE,0.9346
rasp1,48487,20261002-161933_clu_rasp14_pi4gb_r2,388,perf_20261002-161933_clu_rasp14_pi4gb_r2,1,92,1790957978184,0,1790960428991.033,1005.911,11.096,1790960430008.628,Normal,0.9424
rasp1,48487,20261002-161933_clu_rasp14_pi4gb_r2,392,perf_20261002-161933_clu_rasp14_pi4gb_r2,1,93,1790957978185,0,1790960430013.53,1023.812,9.42,1790960431047.445,Normal,0.9482
rasp1,48487,20261002-161933_clu_rasp14_pi4gb_r2,393,perf_20261002-161933_clu_rasp14_pi4gb_r2,1,94,1790957978185,0,1790960431048.968,776.054,16.342,1790960431842.125,Normal,0.9671
rasp1,48487,20261002-161933_clu_rasp14_pi4gb_r2,395,perf_20261002-161933_clu_rasp14_pi4gb_r2,1,95,1790957978185,0,1790960431844.23,894.018,15.337,1790960432754.371,Normal,0.9255
rasp1,48487,20261002-161933_clu_rasp14_pi4gb_r2,398,perf_20261002-161933_clu_rasp14_pi4gb_r2,1,96,1790957978186,0,1790960432759.422,642.806,10.2,1790960433413.256,Normal,0.9401
rasp1,48487,20261002-161933_clu_rasp14_pi4gb_r2,401,perf_20261002-161933_clu_rasp14_pi4gb_r2,1,97,1790957978186,0,1790960433415.121,626.75,10.907,1790960434053.526,Normal,0.9572
rasp1,48487,20261002-161933_clu_rasp14_pi4gb_r2,406,perf_20261002-161933_clu_rasp14_pi4gb_r2,1,98,1790957978187,0,1790960434055.303,532.768,9.736,1790960434598.559,Normal,0.9375
rasp1,48487,20261002-161933_clu_rasp14_pi4gb_r2,407,perf_20261002-161933_clu_rasp14_pi4gb_r2,1,99,1790957978187,0,1790960434600.538,557.284,10.647,1790960435169.251,Normal,0.9375
rasp1,48487,20261002-161933_clu_rasp14_pi4gb_r2,413,perf_20261002-161933_clu_rasp14_pi4gb_r2,1,100,1790957978193,0,1790960435170.817,903.482,10.351,1790960436085.388,Normal,0.9717
rasp1,48487,20261002-161933_clu_rasp14_pi4gb_r2,416,perf_20261002-161933_clu_rasp14_pi4gb_r2,1,101,1790957978193,0,1790960436088.294,747.59,9.924,1790960436846.908,Normal,0.9646
rasp1,48487,20261002-161933_clu_rasp14_pi4gb_r2,418,perf_20261002-161933_clu_rasp14_pi4gb_r2,1,102,1790957978193,0,1790960436849.167,731.358,10.339,1790960437591.552,Normal,0.9585
rasp1,48487,20261002-161933_clu_rasp14_pi4gb_r2,420,perf_20261002-161933_clu_rasp14_pi4gb_r2,1,103,1790957978193,0,1790960437593.896,606.691,9.326,1790960438210.647,Normal,0.8658
rasp1,48487,20261002-161933_clu_rasp14_pi4gb_r2,425,perf_20261002-161933_clu_rasp14_pi4gb_r2,1,104,1790957978194,0,1790960438212.573,630.494,11.292,1790960438855.134,Normal,0.97
rasp1,48487,20261002-161933_clu_rasp14_pi4gb_r2,426,perf_20261002-161933_clu_rasp14_pi4gb_r2,1,105,1790957978194,0,1790960438857.228,1386.297,13.36,1790960440263.036,Normal,0.9742
rasp1,48487,20261002-161933_clu_rasp14_pi4gb_r2,430,perf_20261002-161933_clu_rasp14_pi4gb_r2,1,106,1790957978194,0,1790960440264.835,605.228,9.885,1790960440880.877,Normal,0.9661
rasp1,48487,20261002-161933_clu_rasp14_pi4gb_r2,433,perf_20261002-161933_clu_rasp14_pi4gb_r2,1,107,1790957978194,0,1790960440882.332,603.468,9.52,1790960441495.901,Normal,0.6391
rasp1,48487,20261002-161933_clu_rasp14_pi4gb_r2,442,perf_20261002-161933_clu_rasp14_pi4gb_r2,1,108,1790957978195,0,1790960441497.374,639.472,11.293,1790960442149.144,Normal,0.9435
rasp1,48487,20261002-161933_clu_rasp14_pi4gb_r2,444,perf_20261002-161933_clu_rasp14_pi4gb_r2,1,109,1790957978195,0,1790960442151.61,741.968,8.937,1790960442903.252,Normal,0.9668
rasp1,48487,20261002-161933_clu_rasp14_pi4gb_r2,454,perf_20261002-161933_clu_rasp14_pi4gb_r2,1,110,1790957978196,0,1790960442905.129,719.18,16.085,1790960443641.332,Normal,0.8658
rasp1,48487,20261002-161933_clu_rasp14_pi4gb_r2,463,perf_20261002-161933_clu_rasp14_pi4gb_r2,1,111,1790957978197,0,1790960443648.952,752.967,9.984,1790960444412.852,Normal,0.9462
rasp1,48487,20261002-161933_clu_rasp14_pi4gb_r2,464,perf_20261002-161933_clu_rasp14_pi4gb_r2,1,112,1790957978197,0,1790960444414.201,1503.207,12.36,1790960445930.904,Normal,0.9753
rasp1,48487,20261002-161933_clu_rasp14_pi4gb_r2,468,perf_20261002-161933_clu_rasp14_pi4gb_r2,1,113,1790957978197,0,1790960445934.921,767.37,14.31,1790960446717.362,Normal,0.948
rasp1,48487,20261002-161933_clu_rasp14_pi4gb_r2,477,perf_20261002-161933_clu_rasp14_pi4gb_r2,1,114,1790957978230,0,1790960446725.233,701.878,10.117,1790960447438.373,Normal,0.9536
rasp1,48487,20261002-161933_clu_rasp14_pi4gb_r2,481,perf_20261002-161933_clu_rasp14_pi4gb_r2,1,115,1790957978230,0,1790960447439.863,766.544,9.976,1790960448217.452,Normal,0.963
rasp1,48487,20261002-161933_clu_rasp14_pi4gb_r2,489,perf_20261002-161933_clu_rasp14_pi4gb_r2,1,116,1790957978237,0,1790960448219.105,628.346,9.692,1790960448858.031,Normal,0.9201
rasp1,48487,20261002-161933_clu_rasp14_pi4gb_r2,495,perf_20261002-161933_clu_rasp14_pi4gb_r2,1,117,1790957978239,0,1790960448860.844,612.944,12.8,1790960449487.46,Normal,0.9515
rasp1,48487,20261002-161933_clu_rasp14_pi4gb_r2,498,perf_20261002-161933_clu_rasp14_pi4gb_r2,1,118,1790957978240,0,1790960449490.079,970.652,10.556,1790960450478.032,Normal,0.9508
rasp1,48487,20261002-161933_clu_rasp14_pi4gb_r2,501,perf_20261002-161933_clu_rasp14_pi4gb_r2,1,119,1790957978240,0,1790960450479.635,682.665,9.875,1790960451173.06,Normal,0.9259
rasp1,48487,20261002-161933_clu_rasp14_pi4gb_r2,502,perf_20261002-161933_clu_rasp14_pi4gb_r2,1,120,1790957978241,0,1790960451174.654,566.236,13.744,1790960451755.975,Normal,0.9375
rasp1,48487,20261002-161933_clu_rasp14_pi4gb_r2,505,perf_20261002-161933_clu_rasp14_pi4gb_r2,1,121,1790957978241,0,1790960451758.125,1019.889,10.141,1790960452788.829,Normal,0.9435
rasp1,48487,20261002-161933_clu_rasp14_pi4gb_r2,509,perf_20261002-161933_clu_rasp14_pi4gb_r2,1,122,1790957978242,0,1790960452790.358,615.757,9.06,1790960453416.037,Normal,0.4947
rasp1,48487,20261002-161933_clu_rasp14_pi4gb_r2,510,perf_20261002-161933_clu_rasp14_pi4gb_r2,1,123,1790957978242,0,1790960453417.454,691.19,11.963,1790960454121.447,Normal,0.9581
rasp1,48487,20261002-161933_clu_rasp14_pi4gb_r2,513,perf_20261002-161933_clu_rasp14_pi4gb_r2,1,124,1790957978243,0,1790960454123.101,610.326,12.697,1790960454747.576,Normal,0.9627
rasp1,48487,20261002-161933_clu_rasp14_pi4gb_r2,516,perf_20261002-161933_clu_rasp14_pi4gb_r2,1,125,1790957978258,0,1790960454749.281,607.261,10.427,1790960455367.95,Normal,0.9529
rasp1,48487,20261002-161933_clu_rasp14_pi4gb_r2,524,perf_20261002-161933_clu_rasp14_pi4gb_r2,1,126,1790957978264,0,1790960455370.532,765.76,12.177,1790960456149.336,Normal,0.977
rasp1,48487,20261002-161933_clu_rasp14_pi4gb_r2,530,perf_20261002-161933_clu_rasp14_pi4gb_r2,1,127,1790957978265,0,1790960456151.003,652.519,9.684,1790960456814.16,OFFENSIVE,0.6533
rasp1,48487,20261002-161933_clu_rasp14_pi4gb_r2,536,perf_20261002-161933_clu_rasp14_pi4gb_r2,1,128,1790957978266,0,1790960456815.57,712.507,9.51,1790960457538.118,Normal,0.9394
rasp1,48487,20261002-161933_clu_rasp14_pi4gb_r2,542,perf_20261002-161933_clu_rasp14_pi4gb_r2,1,129,1790957978267,0,1790960457539.869,826.9,19.977,1790960458387.379,Normal,0.9717
rasp1,48487,20261002-161933_clu_rasp14_pi4gb_r2,551,perf_20261002-161933_clu_rasp14_pi4gb_r2,1,130,1790957978269,0,1790960458392.107,2389.392,9.247,1790960460791.478,Normal,0.9764
rasp1,48487,20261002-161933_clu_rasp14_pi4gb_r2,552,perf_20261002-161933_clu_rasp14_pi4gb_r2,1,131,1790957978269,0,1790960460794.1,1355.206,10.289,1790960462160.43,Normal,0.9501
rasp1,48487,20261002-161933_clu_rasp14_pi4gb_r2,555,perf_20261002-161933_clu_rasp14_pi4gb_r2,1,132,1790957978270,0,1790960462162.586,621.027,9.928,1790960462794.335,Normal,0.9387
rasp1,48487,20261002-161933_clu_rasp14_pi4gb_r2,556,perf_20261002-161933_clu_rasp14_pi4gb_r2,1,133,1790957978270,0,1790960462796.1,508.29,11.07,1790960463316.148,Normal,0.8661
rasp1,48487,20261002-161933_clu_rasp14_pi4gb_r2,557,perf_20261002-161933_clu_rasp14_pi4gb_r2,1,134,1790957978270,0,1790960463318.181,778.357,10.89,1790960464108.282,Normal,0.9607
rasp1,48487,20261002-161933_clu_rasp14_pi4gb_r2,559,perf_20261002-161933_clu_rasp14_pi4gb_r2,1,135,1790957978271,0,1790960464110.163,595.798,9.845,1790960464716.42,Normal,0.9652
rasp1,48487,20261002-161933_clu_rasp14_pi4gb_r2,577,perf_20261002-161933_clu_rasp14_pi4gb_r2,1,136,1790957978275,0,1790960464717.85,2041.649,11.147,1790960466771.569,Normal,0.9719
rasp1,48487,20261002-161933_clu_rasp14_pi4gb_r2,585,perf_20261002-161933_clu_rasp14_pi4gb_r2,1,137,1790957978277,0,1790960466773.386,1291.71,11.916,1790960468078.096,Normal,0.9524
rasp1,48487,20261002-161933_clu_rasp14_pi4gb_r2,595,perf_20261002-161933_clu_rasp14_pi4gb_r2,1,138,1790957978279,0,1790960468080.349,773.485,10.783,1790960468865.362,Normal,0.9467
rasp1,48487,20261002-161933_clu_rasp14_pi4gb_r2,601,perf_20261002-161933_clu_rasp14_pi4gb_r2,1,139,1790957978281,0,1790960468868.358,632.785,11.973,1790960469513.814,Normal,0.507
rasp1,48487,20261002-161933_clu_rasp14_pi4gb_r2,606,perf_20261002-161933_clu_rasp14_pi4gb_r2,1,140,1790957978282,0,1790960469515.291,541.371,12.202,1790960470069.654,Normal,0.9309
rasp1,48487,20261002-161933_clu_rasp14_pi4gb_r2,609,perf_20261002-161933_clu_rasp14_pi4gb_r2,1,141,1790957978282,0,1790960470071.688,622.61,22.176,1790960470717.459,Normal,0.9494
rasp1,48487,20261002-161933_clu_rasp14_pi4gb_r2,612,perf_20261002-161933_clu_rasp14_pi4gb_r2,1,142,1790957978283,0,1790960470719.833,1035.556,10.072,1790960471766.413,Normal,0.9615
rasp1,48487,20261002-161933_clu_rasp14_pi4gb_r2,616,perf_20261002-161933_clu_rasp14_pi4gb_r2,1,143,1790957978283,0,1790960471773.57,2480.528,10.067,1790960474265.071,Normal,0.9635
rasp1,48487,20261002-161933_clu_rasp14_pi4gb_r2,618,perf_20261002-161933_clu_rasp14_pi4gb_r2,1,144,1790957978284,0,1790960474266.833,596.287,9.721,1790960474873.647,Normal,0.9525
rasp1,48487,20261002-161933_clu_rasp14_pi4gb_r2,624,perf_20261002-161933_clu_rasp14_pi4gb_r2,1,145,1790957978285,0,1790960474875.599,635.861,11.79,1790960475524.083,Normal,0.912
rasp1,48487,20261002-161933_clu_rasp14_pi4gb_r2,627,perf_20261002-161933_clu_rasp14_pi4gb_r2,1,146,1790957978286,0,1790960475526.239,964.281,9.911,1790960476501.449,Normal,0.954
rasp1,48487,20261002-161933_clu_rasp14_pi4gb_r2,631,perf_20261002-161933_clu_rasp14_pi4gb_r2,1,147,1790957978286,0,1790960476502.871,672.904,12.157,1790960477188.628,Normal,0.9619
rasp1,48487,20261002-161933_clu_rasp14_pi4gb_r2,632,perf_20261002-161933_clu_rasp14_pi4gb_r2,1,148,1790957978286,0,1790960477191.046,939.724,8.507,1790960478139.902,Normal,0.7526
rasp1,48487,20261002-161933_clu_rasp14_pi4gb_r2,637,perf_20261002-161933_clu_rasp14_pi4gb_r2,1,149,1790957978287,0,1790960478141.472,732.326,10.818,1790960478885.445,Normal,0.9534
rasp1,48487,20261002-161933_clu_rasp14_pi4gb_r2,645,perf_20261002-161933_clu_rasp14_pi4gb_r2,1,150,1790957978287,0,1790960478887.131,781.368,11.66,1790960479681.686,Normal,0.9333
rasp1,48487,20261002-161933_clu_rasp14_pi4gb_r2,651,perf_20261002-161933_clu_rasp14_pi4gb_r2,1,151,1790957978288,0,1790960479683.428,610.706,11.608,1790960480306.761,Normal,0.9172
rasp1,48487,20261002-161933_clu_rasp14_pi4gb_r2,653,perf_20261002-161933_clu_rasp14_pi4gb_r2,1,152,1790957978288,0,1790960480308.159,1053.126,9.592,1790960481371.661,Normal,0.9105
rasp1,48487,20261002-161933_clu_rasp14_pi4gb_r2,656,perf_20261002-161933_clu_rasp14_pi4gb_r2,1,153,1790957978288,0,1790960481373.529,2354.384,10.797,1790960483739.763,Normal,0.9752
rasp1,48487,20261002-161933_clu_rasp14_pi4gb_r2,671,perf_20261002-161933_clu_rasp14_pi4gb_r2,1,154,1790957978290,0,1790960483741.846,613.997,11.039,1790960484367.641,Normal,0.9373
rasp1,48487,20261002-161933_clu_rasp14_pi4gb_r2,672,perf_20261002-161933_clu_rasp14_pi4gb_r2,1,155,1790957978290,0,1790960484378.825,1830.935,11.401,1790960486222.361,Normal,0.9027
rasp1,48487,20261002-161933_clu_rasp14_pi4gb_r2,686,perf_20261002-161933_clu_rasp14_pi4gb_r2,1,156,1790957978327,0,1790960486224.794,684.343,15.106,1790960486925.125,Normal,0.9423
rasp1,48487,20261002-161933_clu_rasp14_pi4gb_r2,688,perf_20261002-161933_clu_rasp14_pi4gb_r2,1,157,1790957978334,0,1790960486927.291,653.594,10.945,1790960487592.591,Normal,0.8369
rasp1,48487,20261002-161933_clu_rasp14_pi4gb_r2,690,perf_20261002-161933_clu_rasp14_pi4gb_r2,1,158,1790957978334,0,1790960487600.137,1051.826,10.682,1790960488663.55,Normal,0.8982
rasp1,48487,20261002-161933_clu_rasp14_pi4gb_r2,693,perf_20261002-161933_clu_rasp14_pi4gb_r2,1,159,1790957978335,0,1790960488665.13,604.188,10.574,1790960489280.848,Normal,0.9075
rasp1,48487,20261002-161933_clu_rasp14_pi4gb_r2,694,perf_20261002-161933_clu_rasp14_pi4gb_r2,1,160,1790957978335,0,1790960489282.759,1383.271,11.571,1790960490678.53,Normal,0.932
rasp1,48487,20261002-161933_clu_rasp14_pi4gb_r2,700,perf_20261002-161933_clu_rasp14_pi4gb_r2,1,161,1790957978339,0,1790960490680.315,1113.313,10.903,1790960491805.866,Normal,0.9612
rasp1,48487,20261002-161933_clu_rasp14_pi4gb_r2,706,perf_20261002-161933_clu_rasp14_pi4gb_r2,1,162,1790957978340,0,1790960491808.45,817.443,13.727,1790960492641.031,Normal,0.9605
rasp1,48487,20261002-161933_clu_rasp14_pi4gb_r2,707,perf_20261002-161933_clu_rasp14_pi4gb_r2,1,163,1790957978340,0,1790960492643.356,673.194,9.998,1790960493327.327,Normal,0.9514
rasp1,48487,20261002-161933_clu_rasp14_pi4gb_r2,710,perf_20261002-161933_clu_rasp14_pi4gb_r2,1,164,1790957978341,0,1790960493329.337,641.45,10.427,1790960493981.864,Normal,0.9473
rasp1,48487,20261002-161933_clu_rasp14_pi4gb_r2,711,perf_20261002-161933_clu_rasp14_pi4gb_r2,1,165,1790957978341,0,1790960493983.58,617.545,12.404,1790960494614.496,Normal,0.9306
rasp1,48487,20261002-161933_clu_rasp14_pi4gb_r2,727,perf_20261002-161933_clu_rasp14_pi4gb_r2,1,166,1790957978344,0,1790960494616.186,589.597,14.808,1790960495221.951,Normal,0.9411
rasp1,48487,20261002-161933_clu_rasp14_pi4gb_r2,728,perf_20261002-161933_clu_rasp14_pi4gb_r2,1,167,1790957978344,0,1790960495224.291,1158.878,9.998,1790960496394.291,Normal,0.9173
rasp1,48487,20261002-161933_clu_rasp14_pi4gb_r2,730,perf_20261002-161933_clu_rasp14_pi4gb_r2,1,168,1790957978345,0,1790960496396.239,582.64,10.292,1790960496989.949,Normal,0.9375
rasp1,48487,20261002-161933_clu_rasp14_pi4gb_r2,735,perf_20261002-161933_clu_rasp14_pi4gb_r2,1,169,1790957978346,0,1790960496991.433,893.686,10.146,1790960497895.993,Normal,0.965
rasp1,48487,20261002-161933_clu_rasp14_pi4gb_r2,743,perf_20261002-161933_clu_rasp14_pi4gb_r2,1,170,1790957978347,0,1790960497897.348,533.488,16.031,1790960498447.568,Normal,0.9255
rasp1,48487,20261002-161933_clu_rasp14_pi4gb_r2,746,perf_20261002-161933_clu_rasp14_pi4gb_r2,1,171,1790957978348,0,1790960498452.381,802.897,10.857,1790960499266.906,Normal,0.8735
rasp1,48487,20261002-161933_clu_rasp14_pi4gb_r2,748,perf_20261002-161933_clu_rasp14_pi4gb_r2,1,172,1790957978348,0,1790960499269.011,1230.592,32.477,1790960500533.591,Normal,0.9716
rasp1,48487,20261002-161933_clu_rasp14_pi4gb_r2,752,perf_20261002-161933_clu_rasp14_pi4gb_r2,1,173,1790957978349,0,1790960500539.314,764.533,13.501,1790960501318.37,Normal,0.9727
rasp1,48487,20261002-161933_clu_rasp14_pi4gb_r2,754,perf_20261002-161933_clu_rasp14_pi4gb_r2,1,174,1790957978349,0,1790960501323.819,685.482,9.41,1790960502019.624,Normal,0.9639
rasp1,48487,20261002-161933_clu_rasp14_pi4gb_r2,763,perf_20261002-161933_clu_rasp14_pi4gb_r2,1,175,1790957978351,0,1790960502021.301,978.082,10.429,1790960503010.588,Normal,0.9608
rasp1,48487,20261002-161933_clu_rasp14_pi4gb_r2,768,perf_20261002-161933_clu_rasp14_pi4gb_r2,1,176,1790957978352,0,1790960503012.231,758.857,10.898,1790960503788.302,Normal,0.9658
rasp1,48487,20261002-161933_clu_rasp14_pi4gb_r2,772,perf_20261002-161933_clu_rasp14_pi4gb_r2,1,177,1790957978368,0,1790960503790.017,603.952,9.728,1790960504404.357,Normal,0.5441
rasp1,48487,20261002-161933_clu_rasp14_pi4gb_r2,775,perf_20261002-161933_clu_rasp14_pi4gb_r2,1,178,1790957978373,0,1790960504406.114,580.129,9.527,1790960504996.612,Normal,0.9608
rasp1,48487,20261002-161933_clu_rasp14_pi4gb_r2,776,perf_20261002-161933_clu_rasp14_pi4gb_r2,1,179,1790957978373,0,1790960504998.102,538.702,9.721,1790960505547.159,Normal,0.806
rasp1,48487,20261002-161933_clu_rasp14_pi4gb_r2,786,perf_20261002-161933_clu_rasp14_pi4gb_r2,1,180,1790957978376,0,1790960505548.818,751.676,11.638,1790960506313.15,Normal,0.961
rasp1,48487,20261002-161933_clu_rasp14_pi4gb_r2,788,perf_20261002-161933_clu_rasp14_pi4gb_r2,1,181,1790957978376,0,1790960506314.604,664.806,14.079,1790960506994.293,Normal,0.9574
rasp1,48487,20261002-161933_clu_rasp14_pi4gb_r2,800,perf_20261002-161933_clu_rasp14_pi4gb_r2,1,182,1790957978379,0,1790960506996.821,793.825,10.912,1790960507802.312,Normal,0.9678
rasp1,48487,20261002-161933_clu_rasp14_pi4gb_r2,810,perf_20261002-161933_clu_rasp14_pi4gb_r2,1,183,1790957978382,0,1790960507804.106,683.275,12.198,1790960508500.668,Normal,0.9533
rasp1,48487,20261002-161933_clu_rasp14_pi4gb_r2,815,perf_20261002-161933_clu_rasp14_pi4gb_r2,1,184,1790957978383,0,1790960508502.796,901.622,14.506,1790960509420.389,Normal,0.9759
rasp1,48487,20261002-161933_clu_rasp14_pi4gb_r2,816,perf_20261002-161933_clu_rasp14_pi4gb_r2,1,185,1790957978383,0,1790960509423.019,621.593,11.508,1790960510057.015,Normal,0.7177
rasp1,48487,20261002-161933_clu_rasp14_pi4gb_r2,819,perf_20261002-161933_clu_rasp14_pi4gb_r2,1,186,1790957978383,0,1790960510058.369,705.241,10.699,1790960510775.164,Normal,0.9477
rasp1,48487,20261002-161933_clu_rasp14_pi4gb_r2,820,perf_20261002-161933_clu_rasp14_pi4gb_r2,1,187,1790957978384,0,1790960510776.911,805.33,11.036,1790960511594.04,Normal,0.9335
rasp1,48487,20261002-161933_clu_rasp14_pi4gb_r2,826,perf_20261002-161933_clu_rasp14_pi4gb_r2,1,188,1790957978385,0,1790960511595.497,992.126,12.07,1790960512600.431,Normal,0.9634
rasp1,48487,20261002-161933_clu_rasp14_pi4gb_r2,831,perf_20261002-161933_clu_rasp14_pi4gb_r2,1,189,1790957978386,0,1790960512605.221,2102.962,9.198,1790960514718.085,Normal,0.9283
rasp1,48487,20261002-161933_clu_rasp14_pi4gb_r2,835,perf_20261002-161933_clu_rasp14_pi4gb_r2,1,190,1790957978387,0,1790960514724.966,1197.497,13.7,1790960515940.193,Normal,0.969
rasp1,48487,20261002-161933_clu_rasp14_pi4gb_r2,837,perf_20261002-161933_clu_rasp14_pi4gb_r2,1,191,1790957978387,0,1790960515949.023,729.934,10.135,1790960516690.083,Normal,0.9757
rasp1,48487,20261002-161933_clu_rasp14_pi4gb_r2,844,perf_20261002-161933_clu_rasp14_pi4gb_r2,1,192,1790957978388,0,1790960516692.115,579.472,9.856,1790960517282.251,Normal,0.9442
rasp1,48487,20261002-161933_clu_rasp14_pi4gb_r2,846,perf_20261002-161933_clu_rasp14_pi4gb_r2,1,193,1790957978389,0,1790960517284.078,1464.067,10.171,1790960518759.02,Normal,0.702
rasp1,48487,20261002-161933_clu_rasp14_pi4gb_r2,851,perf_20261002-161933_clu_rasp14_pi4gb_r2,1,194,1790957978390,0,1790960518760.654,1172.554,10.847,1790960519944.993,Normal,0.967
rasp1,48487,20261002-161933_clu_rasp14_pi4gb_r2,853,perf_20261002-161933_clu_rasp14_pi4gb_r2,1,195,1790957978390,0,1790960519946.825,3215.417,9.994,1790960523173.076,Normal,0.9343
rasp1,48487,20261002-161933_clu_rasp14_pi4gb_r2,854,perf_20261002-161933_clu_rasp14_pi4gb_r2,1,196,1790957978390,0,1790960523174.944,523.271,9.48,1790960523708.386,Normal,0.9527
rasp1,48487,20261002-161933_clu_rasp14_pi4gb_r2,857,perf_20261002-161933_clu_rasp14_pi4gb_r2,1,197,1790957978391,0,1790960523710.112,764.847,10.471,1790960524486.045,Normal,0.8785
rasp1,48487,20261002-161933_clu_rasp14_pi4gb_r2,858,perf_20261002-161933_clu_rasp14_pi4gb_r2,1,198,1790957978391,0,1790960524487.407,630.24,10.542,1790960525128.952,Normal,0.944
rasp1,48487,20261002-161933_clu_rasp14_pi4gb_r2,861,perf_20261002-161933_clu_rasp14_pi4gb_r2,1,199,1790957978392,0,1790960525130.821,547.378,11.522,1790960525690.494,Normal,0.9539
rasp1,48487,20261002-161933_clu_rasp14_pi4gb_r2,862,perf_20261002-161933_clu_rasp14_pi4gb_r2,1,200,1790957978392,0,1790960525692.521,1143.661,10.834,1790960526848.294,Normal,0.9408
rasp1,48487,20261002-161933_clu_rasp14_pi4gb_r2,867,perf_20261002-161933_clu_rasp14_pi4gb_r2,1,201,1790957978393,0,1790960526852.55,990.31,10.698,1790960527854.174,Normal,0.8677
rasp1,48487,20261002-161933_clu_rasp14_pi4gb_r2,870,perf_20261002-161933_clu_rasp14_pi4gb_r2,1,202,1790957978394,0,1790960527856.446,917.765,9.131,1790960528784.013,Normal,0.8953
rasp1,48487,20261002-161933_clu_rasp14_pi4gb_r2,872,perf_20261002-161933_clu_rasp14_pi4gb_r2,1,203,1790957978394,0,1790960528791.571,658.989,9.149,1790960529460.401,Normal,0.9627
rasp1,48487,20261002-161933_clu_rasp14_pi4gb_r2,875,perf_20261002-161933_clu_rasp14_pi4gb_r2,1,204,1790957978395,0,1790960529463.876,1522.506,10.899,1790960530998.148,Normal,0.8758
rasp1,48487,20261002-161933_clu_rasp14_pi4gb_r2,891,perf_20261002-161933_clu_rasp14_pi4gb_r2,1,205,1790957978398,0,1790960530999.886,647.728,10.549,1790960531659.002,Normal,0.9629
rasp1,48487,20261002-161933_clu_rasp14_pi4gb_r2,898,perf_20261002-161933_clu_rasp14_pi4gb_r2,1,206,1790957978400,0,1790960531660.665,643.146,9.722,1790960532314.347,Normal,0.9656
rasp1,48487,20261002-161933_clu_rasp14_pi4gb_r2,905,perf_20261002-161933_clu_rasp14_pi4gb_r2,1,207,1790957978401,0,1790960532316.113,584.742,10.096,1790960532911.981,Normal,0.9375
rasp1,48487,20261002-161933_clu_rasp14_pi4gb_r2,907,perf_20261002-161933_clu_rasp14_pi4gb_r2,1,208,1790957978402,0,1790960532913.43,1736.445,12.346,1790960534683.43,Normal,0.9631
rasp1,48487,20261002-161933_clu_rasp14_pi4gb_r2,908,perf_20261002-161933_clu_rasp14_pi4gb_r2,1,209,1790957978402,0,1790960534685.285,1316.346,11.077,1790960536013.783,Normal,0.9725
rasp1,48487,20261002-161933_clu_rasp14_pi4gb_r2,915,perf_20261002-161933_clu_rasp14_pi4gb_r2,1,210,1790957978403,0,1790960536015.328,618.053,14.317,1790960536649.204,Normal,0.9455
rasp1,48487,20261002-161933_clu_rasp14_pi4gb_r2,919,perf_20261002-161933_clu_rasp14_pi4gb_r2,1,211,1790957978404,0,1790960536650.904,622.695,9.881,1790960537284.249,Normal,0.9375
rasp1,48487,20261002-161933_clu_rasp14_pi4gb_r2,929,perf_20261002-161933_clu_rasp14_pi4gb_r2,1,212,1790957978406,0,1790960537286.039,749.713,9.984,1790960538046.596,Normal,0.9374
rasp1,48487,20261002-161933_clu_rasp14_pi4gb_r2,930,perf_20261002-161933_clu_rasp14_pi4gb_r2,1,213,1790957978406,0,1790960538047.98,494.023,9.465,1790960538552.08,Normal,0.9494
rasp1,48487,20261002-161933_clu_rasp14_pi4gb_r2,934,perf_20261002-161933_clu_rasp14_pi4gb_r2,1,214,1790957978406,0,1790960538553.587,579.21,10.922,1790960539144.397,Normal,0.9304
rasp1,48487,20261002-161933_clu_rasp14_pi4gb_r2,938,perf_20261002-161933_clu_rasp14_pi4gb_r2,1,215,1790957978407,0,1790960539146.218,606.675,12.863,1790960539771.131,Normal,0.9751
rasp1,48487,20261002-161933_clu_rasp14_pi4gb_r2,942,perf_20261002-161933_clu_rasp14_pi4gb_r2,1,216,1790957978407,0,1790960539773.195,2535.645,8.656,1790960542318.101,Normal,0.9594
rasp1,48487,20261002-161933_clu_rasp14_pi4gb_r2,951,perf_20261002-161933_clu_rasp14_pi4gb_r2,1,217,1790957978408,0,1790960542321.519,1276.09,12.962,1790960543611.78,Normal,0.9438
rasp1,48487,20261002-161933_clu_rasp14_pi4gb_r2,952,perf_20261002-161933_clu_rasp14_pi4gb_r2,1,218,1790957978408,0,1790960543616.465,685.505,13.835,1790960544316.859,Normal,0.9699
rasp1,48487,20261002-161933_clu_rasp14_pi4gb_r2,953,perf_20261002-161933_clu_rasp14_pi4gb_r2,1,219,1790957978408,0,1790960544324.251,671.379,11.812,1790960545008.259,OFFENSIVE,0.9024
rasp1,48487,20261002-161933_clu_rasp14_pi4gb_r2,959,perf_20261002-161933_clu_rasp14_pi4gb_r2,1,220,1790957978409,0,1790960545009.867,556.093,9.539,1790960545576.459,Normal,0.9494
rasp1,48487,20261002-161933_clu_rasp14_pi4gb_r2,963,perf_20261002-161933_clu_rasp14_pi4gb_r2,1,221,1790957978410,0,1790960545578.186,1169.452,9.856,1790960546758.242,Normal,0.9444
rasp1,48487,20261002-161933_clu_rasp14_pi4gb_r2,967,perf_20261002-161933_clu_rasp14_pi4gb_r2,1,222,1790957978410,0,1790960546759.685,749.059,10.074,1790960547519.637,Normal,0.9507
rasp1,48487,20261002-161933_clu_rasp14_pi4gb_r2,969,perf_20261002-161933_clu_rasp14_pi4gb_r2,1,223,1790957978410,0,1790960547521.095,544.358,9.335,1790960548075.542,Normal,0.9387
rasp1,48487,20261002-161933_clu_rasp14_pi4gb_r2,971,perf_20261002-161933_clu_rasp14_pi4gb_r2,1,224,1790957978410,0,1790960548076.912,2066.516,10.956,1790960550155.366,Normal,0.9721
rasp1,48487,20261002-161933_clu_rasp14_pi4gb_r2,983,perf_20261002-161933_clu_rasp14_pi4gb_r2,1,225,1790957978411,0,1790960550158.348,623.423,10.629,1790960550793.188,Normal,0.9514
rasp1,48487,20261002-161933_clu_rasp14_pi4gb_r2,984,perf_20261002-161933_clu_rasp14_pi4gb_r2,1,226,1790957978411,0,1790960550794.836,800.176,10.267,1790960551606.038,Normal,0.9617
rasp1,48487,20261002-161933_clu_rasp14_pi4gb_r2,985,perf_20261002-161933_clu_rasp14_pi4gb_r2,1,227,1790957978412,0,1790960551607.496,791.904,11.004,1790960552411.039,Normal,0.5899
rasp1,48487,20261002-161933_clu_rasp14_pi4gb_r2,987,perf_20261002-161933_clu_rasp14_pi4gb_r2,1,228,1790957978412,0,1790960552413.325,1982.556,10.724,1790960554407.688,Normal,0.979
rasp1,48487,20261002-161933_clu_rasp14_pi4gb_r2,991,perf_20261002-161933_clu_rasp14_pi4gb_r2,1,229,1790957978412,0,1790960554409.154,552.483,8.877,1790960554971.167,Normal,0.9667
rasp1,48487,20261002-161933_clu_rasp14_pi4gb_r2,995,perf_20261002-161933_clu_rasp14_pi4gb_r2,1,230,1790957978412,0,1790960554972.512,604.797,11.71,1790960555597.802,Normal,0.9375
rasp1,48487,20261002-161933_clu_rasp14_pi4gb_r2,1003,perf_20261002-161933_clu_rasp14_pi4gb_r2,1,231,1790957978413,0,1790960555599.103,1640.549,12.903,1790960557253.374,Normal,0.9268
rasp1,48487,20261002-161933_clu_rasp14_pi4gb_r2,1007,perf_20261002-161933_clu_rasp14_pi4gb_r2,1,232,1790957978413,0,1790960557258.528,1264.429,13.42,1790960558537.09,Normal,0.972
rasp1,48487,20261002-161933_clu_rasp14_pi4gb_r2,1011,perf_20261002-161933_clu_rasp14_pi4gb_r2,1,233,1790957978414,0,1790960558538.786,717.346,9.838,1790960559266.546,Normal,0.9486
rasp1,48487,20261002-161933_clu_rasp14_pi4gb_r2,1024,perf_20261002-161933_clu_rasp14_pi4gb_r2,1,234,1790957978415,0,1790960559268.133,1071.807,9.522,1790960560350.52,Normal,0.9411
rasp1,48487,20261002-161933_clu_rasp14_pi4gb_r2,1025,perf_20261002-161933_clu_rasp14_pi4gb_r2,1,235,1790957978415,0,1790960560352.273,952.914,10.997,1790960561317.164,Normal,0.9748
rasp1,48487,20261002-161933_clu_rasp14_pi4gb_r2,1035,perf_20261002-161933_clu_rasp14_pi4gb_r2,1,236,1790957978416,0,1790960561319.073,859.001,10.918,1790960562189.761,Normal,0.9719
rasp1,48487,20261002-161933_clu_rasp14_pi4gb_r2,1039,perf_20261002-161933_clu_rasp14_pi4gb_r2,1,237,1790957978416,0,1790960562191.247,651.218,9.732,1790960562852.895,Normal,0.8477
rasp1,48487,20261002-161933_clu_rasp14_pi4gb_r2,1043,perf_20261002-161933_clu_rasp14_pi4gb_r2,1,238,1790957978417,0,1790960562854.311,804.728,10.115,1790960563670.423,Normal,0.9614
rasp1,48487,20261002-161933_clu_rasp14_pi4gb_r2,1049,perf_20261002-161933_clu_rasp14_pi4gb_r2,1,239,1790957978417,0,1790960563672.958,639.248,10.48,1790960564323.603,Normal,0.9375
rasp1,48487,20261002-161933_clu_rasp14_pi4gb_r2,1052,perf_20261002-161933_clu_rasp14_pi4gb_r2,1,240,1790957978418,0,1790960564325.384,648.064,8.413,1790960564982.6,Normal,0.9302
rasp1,48487,20261002-161933_clu_rasp14_pi4gb_r2,1058,perf_20261002-161933_clu_rasp14_pi4gb_r2,1,241,1790957978418,0,1790960564984.375,719.362,9.833,1790960565714.294,Normal,0.9525
rasp1,48487,20261002-161933_clu_rasp14_pi4gb_r2,1061,perf_20261002-161933_clu_rasp14_pi4gb_r2,1,242,1790957978418,0,1790960565715.648,717.399,10.889,1790960566444.569,Normal,0.9022
rasp1,48487,20261002-161933_clu_rasp14_pi4gb_r2,1066,perf_20261002-161933_clu_rasp14_pi4gb_r2,1,243,1790957978419,0,1790960566446.119,1513.387,10.525,1790960567971.021,Normal,0.8687
rasp1,48487,20261002-161933_clu_rasp14_pi4gb_r2,1079,perf_20261002-161933_clu_rasp14_pi4gb_r2,1,244,1790957978420,0,1790960567972.669,768.808,9.595,1790960568752.03,Normal,0.9639
rasp1,48487,20261002-161933_clu_rasp14_pi4gb_r2,1085,perf_20261002-161933_clu_rasp14_pi4gb_r2,1,245,1790957978421,0,1790960568753.494,627.84,9.073,1790960569391.139,Normal,0.9312
rasp1,48487,20261002-161933_clu_rasp14_pi4gb_r2,1086,perf_20261002-161933_clu_rasp14_pi4gb_r2,1,246,1790957978421,0,1790960569392.391,537.583,9.037,1790960569939.561,Normal,0.9375
rasp1,48487,20261002-161933_clu_rasp14_pi4gb_r2,1087,perf_20261002-161933_clu_rasp14_pi4gb_r2,1,247,1790957978421,0,1790960569940.972,1472.588,12.745,1790960571427.028,Normal,0.9469
rasp1,48487,20261002-161933_clu_rasp14_pi4gb_r2,1094,perf_20261002-161933_clu_rasp14_pi4gb_r2,1,248,1790957978421,0,1790960571434.696,1392.28,12.047,1790960572839.949,Normal,0.8505
rasp1,48487,20261002-161933_clu_rasp14_pi4gb_r2,1101,perf_20261002-161933_clu_rasp14_pi4gb_r2,1,249,1790957978422,0,1790960572847.631,1670.478,13.843,1790960574533.027,Normal,0.9326
rasp1,48487,20261002-161933_clu_rasp14_pi4gb_r2,1102,perf_20261002-161933_clu_rasp14_pi4gb_r2,1,250,1790957978422,0,1790960574535.035,764.703,10.422,1790960575310.948,HATE,0.747
rasp1,48487,20261002-161933_clu_rasp14_pi4gb_r2,1114,perf_20261002-161933_clu_rasp14_pi4gb_r2,1,251,1790957978423,0,1790960575312.526,833.306,13.645,1790960576160.447,Normal,0.9647
rasp1,48487,20261002-161933_clu_rasp14_pi4gb_r2,1115,perf_20261002-161933_clu_rasp14_pi4gb_r2,1,252,1790957978423,0,1790960576162.611,1136.719,12.928,1790960577313.481,Normal,0.9765
rasp1,48487,20261002-161933_clu_rasp14_pi4gb_r2,1116,perf_20261002-161933_clu_rasp14_pi4gb_r2,1,253,1790957978423,0,1790960577315.935,672.943,9.619,1790960577999.94,Normal,0.9556
rasp1,48487,20261002-161933_clu_rasp14_pi4gb_r2,1121,perf_20261002-161933_clu_rasp14_pi4gb_r2,1,254,1790957978424,0,1790960578001.487,1504.467,12.862,1790960579520.026,Normal,0.9653
rasp1,48487,20261002-161933_clu_rasp14_pi4gb_r2,1131,perf_20261002-161933_clu_rasp14_pi4gb_r2,1,255,1790957978424,0,1790960579521.905,699.362,11.469,1790960580234.261,Normal,0.9208
rasp1,48487,20261002-161933_clu_rasp14_pi4gb_r2,1139,perf_20261002-161933_clu_rasp14_pi4gb_r2,1,256,1790957978427,0,1790960580236.059,639.73,11.917,1790960580888.536,Normal,0.9621
rasp1,48487,20261002-161933_clu_rasp14_pi4gb_r2,1144,perf_20261002-161933_clu_rasp14_pi4gb_r2,1,257,1790957978428,0,1790960580890.576,665.015,11.452,1790960581567.909,Normal,0.9473
rasp1,48487,20261002-161933_clu_rasp14_pi4gb_r2,1148,perf_20261002-161933_clu_rasp14_pi4gb_r2,1,258,1790957978428,0,1790960581570.585,619.203,11.031,1790960582201.68,Normal,0.9435
rasp1,48487,20261002-161933_clu_rasp14_pi4gb_r2,1165,perf_20261002-161933_clu_rasp14_pi4gb_r2,1,259,1790957978430,0,1790960582203.219,564.296,9.346,1790960582777.652,Normal,0.9457
rasp1,48487,20261002-161933_clu_rasp14_pi4gb_r2,1168,perf_20261002-161933_clu_rasp14_pi4gb_r2,1,260,1790957978430,0,1790960582779.691,601.136,11.103,1790960583393.007,Normal,0.9375
rasp1,48487,20261002-161933_clu_rasp14_pi4gb_r2,1170,perf_20261002-161933_clu_rasp14_pi4gb_r2,1,261,1790957978430,0,1790960583395.005,578.443,25.611,1790960583999.771,Normal,0.9556
rasp1,48487,20261002-161933_clu_rasp14_pi4gb_r2,1176,perf_20261002-161933_clu_rasp14_pi4gb_r2,1,262,1790957978430,0,1790960584001.171,798.013,11.223,1790960584811.48,Normal,0.9401
rasp1,48487,20261002-161933_clu_rasp14_pi4gb_r2,1185,perf_20261002-161933_clu_rasp14_pi4gb_r2,1,263,1790957978431,0,1790960584813.173,894.884,14.366,1790960585729.37,Normal,0.9715
rasp1,48487,20261002-161933_clu_rasp14_pi4gb_r2,1186,perf_20261002-161933_clu_rasp14_pi4gb_r2,1,264,1790957978431,0,1790960585738.432,860.367,21.464,1790960586621.488,Normal,0.9627
rasp1,48487,20261002-161933_clu_rasp14_pi4gb_r2,1187,perf_20261002-161933_clu_rasp14_pi4gb_r2,1,265,1790957978431,0,1790960586622.961,1251.4,9.032,1790960587884.217,Normal,0.9709
rasp1,48487,20261002-161933_clu_rasp14_pi4gb_r2,1191,perf_20261002-161933_clu_rasp14_pi4gb_r2,1,266,1790957978432,0,1790960587885.47,764.663,10.116,1790960588660.973,Normal,0.9443
rasp1,48487,20261002-161933_clu_rasp14_pi4gb_r2,1192,perf_20261002-161933_clu_rasp14_pi4gb_r2,1,267,1790957978432,0,1790960588662.635,842.266,9.658,1790960589515.206,Normal,0.9618
rasp1,48487,20261002-161933_clu_rasp14_pi4gb_r2,1197,perf_20261002-161933_clu_rasp14_pi4gb_r2,1,268,1790957978434,0,1790960589516.632,607.989,10.924,1790960590136.892,Normal,0.9475
rasp1,48487,20261002-161933_clu_rasp14_pi4gb_r2,1203,perf_20261002-161933_clu_rasp14_pi4gb_r2,1,269,1790957978434,0,1790960590138.241,822.953,12.275,1790960590974.916,Normal,0.9154
rasp1,48487,20261002-161933_clu_rasp14_pi4gb_r2,1204,perf_20261002-161933_clu_rasp14_pi4gb_r2,1,270,1790957978434,0,1790960590976.394,716.6,14.728,1790960591708.373,Normal,0.9655
rasp1,48487,20261002-161933_clu_rasp14_pi4gb_r2,1205,perf_20261002-161933_clu_rasp14_pi4gb_r2,1,271,1790957978434,0,1790960591710.839,826.211,9.763,1790960592547.47,Normal,0.8517
rasp1,48487,20261002-161933_clu_rasp14_pi4gb_r2,1211,perf_20261002-161933_clu_rasp14_pi4gb_r2,1,272,1790957978435,0,1790960592549.021,790.771,11.735,1790960593352.376,Normal,0.969
rasp1,48487,20261002-161933_clu_rasp14_pi4gb_r2,1219,perf_20261002-161933_clu_rasp14_pi4gb_r2,1,273,1790957978435,0,1790960593354.871,897.453,10.808,1790960594263.967,Normal,0.9643
rasp1,48487,20261002-161933_clu_rasp14_pi4gb_r2,1223,perf_20261002-161933_clu_rasp14_pi4gb_r2,1,274,1790957978436,0,1790960594265.595,722.629,10.136,1790960594999.467,Normal,0.9728
rasp1,48487,20261002-161933_clu_rasp14_pi4gb_r2,1225,perf_20261002-161933_clu_rasp14_pi4gb_r2,1,275,1790957978436,0,1790960595001.271,3065.053,12.314,1790960598079.365,Normal,0.9543
rasp1,48487,20261002-161933_clu_rasp14_pi4gb_r2,1227,perf_20261002-161933_clu_rasp14_pi4gb_r2,1,276,1790957978436,0,1790960598080.69,1207.564,9.193,1790960599301.334,Normal,0.9715
rasp1,48487,20261002-161933_clu_rasp14_pi4gb_r2,1230,perf_20261002-161933_clu_rasp14_pi4gb_r2,1,277,1790957978436,0,1790960599308.227,1000.901,10.137,1790960600319.902,Normal,0.9572
rasp1,48487,20261002-161933_clu_rasp14_pi4gb_r2,1235,perf_20261002-161933_clu_rasp14_pi4gb_r2,1,278,1790957978437,0,1790960600326.271,1057.547,9.865,1790960601394.407,Normal,0.835
rasp1,48487,20261002-161933_clu_rasp14_pi4gb_r2,1240,perf_20261002-161933_clu_rasp14_pi4gb_r2,1,279,1790957978437,0,1790960601421.432,1180.692,9.844,1790960602612.857,Normal,0.8489
rasp1,48487,20261002-161933_clu_rasp14_pi4gb_r2,1242,perf_20261002-161933_clu_rasp14_pi4gb_r2,1,280,1790957978437,0,1790960602614.528,1087.886,10.398,1790960603713.562,Normal,0.8981
rasp1,48487,20261002-161933_clu_rasp14_pi4gb_r2,1245,perf_20261002-161933_clu_rasp14_pi4gb_r2,1,281,1790957978437,0,1790960603717.276,1104.278,11.373,1790960604833.593,Normal,0.7222
rasp1,48487,20261002-161933_clu_rasp14_pi4gb_r2,1252,perf_20261002-161933_clu_rasp14_pi4gb_r2,1,282,1790957978438,0,1790960604835.763,833.882,11.217,1790960605681.923,Normal,0.9269
rasp1,48487,20261002-161933_clu_rasp14_pi4gb_r2,1259,perf_20261002-161933_clu_rasp14_pi4gb_r2,1,283,1790957978439,0,1790960605683.321,591.812,11.059,1790960606286.907,Normal,0.9196
rasp1,48487,20261002-161933_clu_rasp14_pi4gb_r2,1262,perf_20261002-161933_clu_rasp14_pi4gb_r2,1,284,1790957978439,0,1790960606288.519,778.243,10.137,1790960607077.617,Normal,0.9374
rasp1,48487,20261002-161933_clu_rasp14_pi4gb_r2,1271,perf_20261002-161933_clu_rasp14_pi4gb_r2,1,285,1790957978440,0,1790960607079.995,625.17,10.703,1790960607716.836,Normal,0.9657
rasp1,48487,20261002-161933_clu_rasp14_pi4gb_r2,1272,perf_20261002-161933_clu_rasp14_pi4gb_r2,1,286,1790957978440,0,1790960607718.532,611.296,9.793,1790960608340.349,Normal,0.9375
rasp1,48487,20261002-161933_clu_rasp14_pi4gb_r2,1275,perf_20261002-161933_clu_rasp14_pi4gb_r2,1,287,1790957978440,0,1790960608342.501,1190.044,9.099,1790960609542.46,Normal,0.9687
rasp1,48487,20261002-161933_clu_rasp14_pi4gb_r2,1276,perf_20261002-161933_clu_rasp14_pi4gb_r2,1,288,1790957978440,0,1790960609544.465,731.171,11.122,1790960610287.688,OFFENSIVE,0.6806
rasp1,48487,20261002-161933_clu_rasp14_pi4gb_r2,1282,perf_20261002-161933_clu_rasp14_pi4gb_r2,1,289,1790957978441,0,1790960610289.444,581.403,10.189,1790960610881.677,Normal,0.9503
rasp1,48487,20261002-161933_clu_rasp14_pi4gb_r2,1285,perf_20261002-161933_clu_rasp14_pi4gb_r2,1,290,1790957978441,0,1790960610883.489,685.843,10.985,1790960611581.181,Normal,0.951
rasp1,48487,20261002-161933_clu_rasp14_pi4gb_r2,1290,perf_20261002-161933_clu_rasp14_pi4gb_r2,1,291,1790957978442,0,1790960611584.003,849.059,8.679,1790960612442.552,Normal,0.9475
rasp1,48487,20261002-161933_clu_rasp14_pi4gb_r2,1296,perf_20261002-161933_clu_rasp14_pi4gb_r2,1,292,1790957978442,0,1790960612443.884,1389.088,12.174,1790960613845.972,Normal,0.966
rasp1,48487,20261002-161933_clu_rasp14_pi4gb_r2,1299,perf_20261002-161933_clu_rasp14_pi4gb_r2,1,293,1790957978442,0,1790960613853.518,950.8,15.274,1790960614820.301,Normal,0.8937
rasp1,48487,20261002-161933_clu_rasp14_pi4gb_r2,1302,perf_20261002-161933_clu_rasp14_pi4gb_r2,1,294,1790957978443,0,1790960614824.666,788.653,8.806,1790960615622.984,Normal,0.9353
rasp1,48487,20261002-161933_clu_rasp14_pi4gb_r2,1313,perf_20261002-161933_clu_rasp14_pi4gb_r2,1,295,1790957978443,0,1790960615624.202,762.048,9.515,1790960616396.464,Normal,0.951
rasp1,48487,20261002-161933_clu_rasp14_pi4gb_r2,1321,perf_20261002-161933_clu_rasp14_pi4gb_r2,1,296,1790957978448,0,1790960616397.818,705.689,9.98,1790960617119.343,Normal,0.9545
rasp1,48487,20261002-161933_clu_rasp14_pi4gb_r2,1322,perf_20261002-161933_clu_rasp14_pi4gb_r2,1,297,1790957978448,0,1790960617120.929,1472.37,9.475,1790960618603.5,Normal,0.9641
rasp1,48487,20261002-161933_clu_rasp14_pi4gb_r2,1326,perf_20261002-161933_clu_rasp14_pi4gb_r2,1,298,1790957978449,0,1790960618604.982,864.648,10.079,1790960619480.674,Normal,0.9437
rasp1,48487,20261002-161933_clu_rasp14_pi4gb_r2,1328,perf_20261002-161933_clu_rasp14_pi4gb_r2,1,299,1790957978449,0,1790960619482.174,706.855,10.827,1790960620200.62,Normal,0.8317
rasp1,48487,20261002-161933_clu_rasp14_pi4gb_r2,1332,perf_20261002-161933_clu_rasp14_pi4gb_r2,1,300,1790957978449,0,1790960620202.381,678.736,11.098,1790960620893.095,Normal,0.9555
rasp1,48487,20261002-161933_clu_rasp14_pi4gb_r2,1335,perf_20261002-161933_clu_rasp14_pi4gb_r2,1,301,1790957978449,0,1790960620895.058,1274.152,12.447,1790960622182.619,Normal,0.9555
rasp1,48487,20261002-161933_clu_rasp14_pi4gb_r2,1342,perf_20261002-161933_clu_rasp14_pi4gb_r2,1,302,1790957978450,0,1790960622184.1,780.763,15.609,1790960622981.611,Normal,0.9547
rasp1,48487,20261002-161933_clu_rasp14_pi4gb_r2,1350,perf_20261002-161933_clu_rasp14_pi4gb_r2,1,303,1790957978451,0,1790960622984.85,1094.551,10.74,1790960624090.835,Normal,0.9483
rasp1,48487,20261002-161933_clu_rasp14_pi4gb_r2,1352,perf_20261002-161933_clu_rasp14_pi4gb_r2,1,304,1790957978451,0,1790960624092.209,685.061,10.528,1790960624789.192,Normal,0.8935
rasp1,48487,20261002-161933_clu_rasp14_pi4gb_r2,1354,perf_20261002-161933_clu_rasp14_pi4gb_r2,1,305,1790957978451,0,1790960624790.616,501.576,9.405,1790960625302.563,Normal,0.9418
rasp1,48487,20261002-161933_clu_rasp14_pi4gb_r2,1361,perf_20261002-161933_clu_rasp14_pi4gb_r2,1,306,1790957978452,0,1790960625303.976,970.859,16.791,1790960626292.243,Normal,0.4861
rasp1,48487,20261002-161933_clu_rasp14_pi4gb_r2,1364,perf_20261002-161933_clu_rasp14_pi4gb_r2,1,307,1790957978452,0,1790960626294.903,1397.988,17.086,1790960627718.281,Normal,0.9358
rasp1,48487,20261002-161933_clu_rasp14_pi4gb_r2,1366,perf_20261002-161933_clu_rasp14_pi4gb_r2,1,308,1790957978452,0,1790960627720.312,815.001,17.531,1790960628553.858,Normal,0.9401
rasp1,48487,20261002-161933_clu_rasp14_pi4gb_r2,1370,perf_20261002-161933_clu_rasp14_pi4gb_r2,1,309,1790957978452,0,1790960628555.365,1824.975,12.602,1790960630394.417,Normal,0.9305
rasp1,48487,20261002-161933_clu_rasp14_pi4gb_r2,1372,perf_20261002-161933_clu_rasp14_pi4gb_r2,1,310,1790957978452,0,1790960630395.797,691.753,12.069,1790960631101.017,Normal,0.9482
rasp1,48487,20261002-161933_clu_rasp14_pi4gb_r2,1373,perf_20261002-161933_clu_rasp14_pi4gb_r2,1,311,1790957978452,0,1790960631102.469,591.113,9.234,1790960631703.505,Normal,0.954
rasp1,48487,20261002-161933_clu_rasp14_pi4gb_r2,1374,perf_20261002-161933_clu_rasp14_pi4gb_r2,1,312,1790957978453,0,1790960631704.978,1196.91,11.117,1790960632914.179,Normal,0.9695
rasp1,48487,20261002-161933_clu_rasp14_pi4gb_r2,1384,perf_20261002-161933_clu_rasp14_pi4gb_r2,1,313,1790957978454,0,1790960632915.882,958.616,14.016,1790960633889.822,Normal,0.9682
rasp1,48487,20261002-161933_clu_rasp14_pi4gb_r2,1386,perf_20261002-161933_clu_rasp14_pi4gb_r2,1,314,1790957978454,0,1790960633892.994,677.606,11.444,1790960634583.036,Normal,0.956
rasp1,48487,20261002-161933_clu_rasp14_pi4gb_r2,1387,perf_20261002-161933_clu_rasp14_pi4gb_r2,1,315,1790957978454,0,1790960634584.997,562.237,12.4,1790960635160.521,Normal,0.9547
rasp1,48487,20261002-161933_clu_rasp14_pi4gb_r2,1388,perf_20261002-161933_clu_rasp14_pi4gb_r2,1,316,1790957978454,0,1790960635163.221,3177.74,12.866,1790960638355.393,Normal,0.9747
rasp1,48487,20261002-161933_clu_rasp14_pi4gb_r2,1391,perf_20261002-161933_clu_rasp14_pi4gb_r2,1,317,1790957978454,0,1790960638357.809,644.744,10.084,1790960639013.567,Normal,0.9491
rasp1,48487,20261002-161933_clu_rasp14_pi4gb_r2,1393,perf_20261002-161933_clu_rasp14_pi4gb_r2,1,318,1790957978455,0,1790960639015.247,846.369,14.972,1790960639877.416,Normal,0.906
rasp1,48487,20261002-161933_clu_rasp14_pi4gb_r2,1395,perf_20261002-161933_clu_rasp14_pi4gb_r2,1,319,1790957978455,0,1790960639882.379,1045.721,16.972,1790960640945.861,Normal,0.9607
rasp1,48487,20261002-161933_clu_rasp14_pi4gb_r2,1410,perf_20261002-161933_clu_rasp14_pi4gb_r2,1,320,1790957978456,0,1790960640947.264,828.559,9.527,1790960641785.985,Normal,0.9725
rasp1,48487,20261002-161933_clu_rasp14_pi4gb_r2,1412,perf_20261002-161933_clu_rasp14_pi4gb_r2,1,321,1790957978456,0,1790960641787.762,844.697,9.978,1790960642643.147,Normal,0.9324
rasp1,48487,20261002-161933_clu_rasp14_pi4gb_r2,1413,perf_20261002-161933_clu_rasp14_pi4gb_r2,1,322,1790957978456,0,1790960642651.58,1130.978,11.517,1790960643795.451,Normal,0.9482
rasp1,48487,20261002-161933_clu_rasp14_pi4gb_r2,1415,perf_20261002-161933_clu_rasp14_pi4gb_r2,1,323,1790957978456,0,1790960643797.059,850.78,11.606,1790960644660.435,Normal,0.9545
rasp1,48487,20261002-161933_clu_rasp14_pi4gb_r2,1418,perf_20261002-161933_clu_rasp14_pi4gb_r2,1,324,1790957978457,0,1790960644662.113,1446.722,11.078,1790960646120.769,Normal,0.963
rasp1,48487,20261002-161933_clu_rasp14_pi4gb_r2,1421,perf_20261002-161933_clu_rasp14_pi4gb_r2,1,325,1790957978457,0,1790960646122.088,748.803,11.172,1790960646882.691,Normal,0.8543
rasp1,48487,20261002-161933_clu_rasp14_pi4gb_r2,1425,perf_20261002-161933_clu_rasp14_pi4gb_r2,1,326,1790957978457,0,1790960646884.605,907.775,9.798,1790960647802.837,Normal,0.9635
rasp1,48487,20261002-161933_clu_rasp14_pi4gb_r2,1427,perf_20261002-161933_clu_rasp14_pi4gb_r2,1,327,1790957978457,0,1790960647804.196,639.268,15.783,1790960648460.386,Normal,0.9296
rasp1,48487,20261002-161933_clu_rasp14_pi4gb_r2,1429,perf_20261002-161933_clu_rasp14_pi4gb_r2,1,328,1790957978458,0,1790960648463.221,742.862,9.26,1790960649216.033,Normal,0.9363
rasp1,48487,20261002-161933_clu_rasp14_pi4gb_r2,1434,perf_20261002-161933_clu_rasp14_pi4gb_r2,1,329,1790957978458,0,1790960649217.674,929.185,11.311,1790960650158.988,Normal,0.9394
rasp1,48487,20261002-161933_clu_rasp14_pi4gb_r2,1437,perf_20261002-161933_clu_rasp14_pi4gb_r2,1,330,1790957978458,0,1790960650161.42,778.342,9.227,1790960650949.631,Normal,0.5156
rasp1,48487,20261002-161933_clu_rasp14_pi4gb_r2,1439,perf_20261002-161933_clu_rasp14_pi4gb_r2,1,331,1790957978458,0,1790960650951.443,917.952,11.825,1790960651882.12,Normal,0.9634
rasp1,48487,20261002-161933_clu_rasp14_pi4gb_r2,1440,perf_20261002-161933_clu_rasp14_pi4gb_r2,1,332,1790957978459,0,1790960651884.629,974.317,10.654,1790960652870.241,Normal,0.973
rasp1,48487,20261002-161933_clu_rasp14_pi4gb_r2,1442,perf_20261002-161933_clu_rasp14_pi4gb_r2,1,333,1790957978466,0,1790960652872.188,720.412,11.763,1790960653606.06,Normal,0.92
rasp1,48487,20261002-161933_clu_rasp14_pi4gb_r2,1444,perf_20261002-161933_clu_rasp14_pi4gb_r2,1,334,1790957978466,0,1790960653607.979,2003.924,14.632,1790960655627.604,Normal,0.6834
rasp1,48487,20261002-161933_clu_rasp14_pi4gb_r2,1452,perf_20261002-161933_clu_rasp14_pi4gb_r2,1,335,1790957978488,0,1790960655629.517,796.085,21.522,1790960656451.0,Normal,0.9434
rasp1,48487,20261002-161933_clu_rasp14_pi4gb_r2,1455,perf_20261002-161933_clu_rasp14_pi4gb_r2,1,336,1790957978494,0,1790960656459.432,954.012,17.458,1790960657432.015,Normal,0.9555
rasp1,48487,20261002-161933_clu_rasp14_pi4gb_r2,1460,perf_20261002-161933_clu_rasp14_pi4gb_r2,1,337,1790957978496,0,1790960657433.507,829.958,12.029,1790960658276.632,Normal,0.9025
rasp1,48487,20261002-161933_clu_rasp14_pi4gb_r2,1462,perf_20261002-161933_clu_rasp14_pi4gb_r2,1,338,1790957978497,0,1790960658279.192,759.352,10.674,1790960659050.331,Normal,0.9616
rasp1,48487,20261002-161933_clu_rasp14_pi4gb_r2,1464,perf_20261002-161933_clu_rasp14_pi4gb_r2,1,339,1790957978497,0,1790960659052.287,1780.183,10.17,1790960660843.542,Normal,0.9673
rasp1,48487,20261002-161933_clu_rasp14_pi4gb_r2,1472,perf_20261002-161933_clu_rasp14_pi4gb_r2,1,340,1790957978499,0,1790960660845.216,1119.896,10.795,1790960661976.766,Normal,0.5727
rasp1,48487,20261002-161933_clu_rasp14_pi4gb_r2,1483,perf_20261002-161933_clu_rasp14_pi4gb_r2,1,341,1790957978501,0,1790960661979.209,999.36,10.749,1790960662990.049,Normal,0.9652
rasp1,48487,20261002-161933_clu_rasp14_pi4gb_r2,1485,perf_20261002-161933_clu_rasp14_pi4gb_r2,1,342,1790957978501,0,1790960662991.557,738.434,13.648,1790960663745.092,Normal,0.9523
rasp1,48487,20261002-161933_clu_rasp14_pi4gb_r2,1489,perf_20261002-161933_clu_rasp14_pi4gb_r2,1,343,1790957978516,0,1790960663747.832,684.346,12.72,1790960664446.098,Normal,0.9178
rasp1,48487,20261002-161933_clu_rasp14_pi4gb_r2,1492,perf_20261002-161933_clu_rasp14_pi4gb_r2,1,344,1790957978520,0,1790960664448.976,1021.883,11.974,1790960665484.292,Normal,0.9627
rasp1,48487,20261002-161933_clu_rasp14_pi4gb_r2,1495,perf_20261002-161933_clu_rasp14_pi4gb_r2,1,345,1790957978520,0,1790960665486.221,707.802,10.626,1790960666205.627,Normal,0.9365
rasp1,48487,20261002-161933_clu_rasp14_pi4gb_r2,1499,perf_20261002-161933_clu_rasp14_pi4gb_r2,1,346,1790957978522,0,1790960666207.044,1036.777,12.593,1790960667257.604,Normal,0.9625
rasp1,48487,20261002-161933_clu_rasp14_pi4gb_r2,1513,perf_20261002-161933_clu_rasp14_pi4gb_r2,1,347,1790957978524,0,1790960667259.153,662.317,9.835,1790960667932.077,Normal,0.9666
rasp1,48487,20261002-161933_clu_rasp14_pi4gb_r2,1517,perf_20261002-161933_clu_rasp14_pi4gb_r2,1,348,1790957978524,0,1790960667933.772,1244.208,11.98,1790960669190.915,Normal,0.9078
rasp1,48487,20261002-161933_clu_rasp14_pi4gb_r2,1520,perf_20261002-161933_clu_rasp14_pi4gb_r2,1,349,1790957978524,0,1790960669197.317,735.341,15.022,1790960669948.373,Normal,0.9631
rasp1,48487,20261002-161933_clu_rasp14_pi4gb_r2,1532,perf_20261002-161933_clu_rasp14_pi4gb_r2,1,350,1790957978525,0,1790960669956.669,752.238,9.854,1790960670719.91,Normal,0.904
rasp1,48487,20261002-161933_clu_rasp14_pi4gb_r2,1539,perf_20261002-161933_clu_rasp14_pi4gb_r2,1,351,1790957978526,0,1790960670721.08,1591.846,11.609,1790960672325.663,Normal,0.9444
rasp1,48487,20261002-161933_clu_rasp14_pi4gb_r2,1541,perf_20261002-161933_clu_rasp14_pi4gb_r2,1,352,1790957978526,0,1790960672327.841,1169.369,10.744,1790960673508.988,Normal,0.9599
rasp1,48487,20261002-161933_clu_rasp14_pi4gb_r2,1550,perf_20261002-161933_clu_rasp14_pi4gb_r2,1,353,1790957978527,0,1790960673510.374,732.814,12.565,1790960674257.067,Normal,0.9654
rasp1,48487,20261002-161933_clu_rasp14_pi4gb_r2,1552,perf_20261002-161933_clu_rasp14_pi4gb_r2,1,354,1790957978527,0,1790960674259.595,843.232,9.084,1790960675112.592,Normal,0.976
rasp1,48487,20261002-161933_clu_rasp14_pi4gb_r2,1553,perf_20261002-161933_clu_rasp14_pi4gb_r2,1,355,1790957978527,0,1790960675113.949,810.07,10.136,1790960675935.345,Normal,0.977
rasp1,48487,20261002-161933_clu_rasp14_pi4gb_r2,1559,perf_20261002-161933_clu_rasp14_pi4gb_r2,1,356,1790957978528,0,1790960675936.66,1368.254,10.415,1790960677316.006,Normal,0.964
rasp1,48487,20261002-161933_clu_rasp14_pi4gb_r2,1563,perf_20261002-161933_clu_rasp14_pi4gb_r2,1,357,1790957978528,0,1790960677318.842,942.507,14.996,1790960678277.596,Normal,0.9065
rasp1,48487,20261002-161933_clu_rasp14_pi4gb_r2,1571,perf_20261002-161933_clu_rasp14_pi4gb_r2,1,358,1790957978529,0,1790960678280.506,698.505,9.959,1790960678994.331,Normal,0.9519
rasp1,48487,20261002-161933_clu_rasp14_pi4gb_r2,1572,perf_20261002-161933_clu_rasp14_pi4gb_r2,1,359,1790957978529,0,1790960678996.05,557.086,8.447,1790960679562.249,Normal,0.9386
rasp1,48487,20261002-161933_clu_rasp14_pi4gb_r2,1577,perf_20261002-161933_clu_rasp14_pi4gb_r2,1,360,1790957978529,0,1790960679563.625,1037.405,10.282,1790960680612.51,Normal,0.9606
rasp1,48487,20261002-161933_clu_rasp14_pi4gb_r2,1583,perf_20261002-161933_clu_rasp14_pi4gb_r2,1,361,1790957978530,0,1790960680613.913,858.414,10.35,1790960681483.443,Normal,0.9002
rasp1,48487,20261002-161933_clu_rasp14_pi4gb_r2,1588,perf_20261002-161933_clu_rasp14_pi4gb_r2,1,362,1790957978530,0,1790960681485.364,749.632,10.462,1790960682246.083,Normal,0.9606
rasp1,48487,20261002-161933_clu_rasp14_pi4gb_r2,1593,perf_20261002-161933_clu_rasp14_pi4gb_r2,1,363,1790957978530,0,1790960682247.692,1474.049,13.979,1790960683736.373,Normal,0.9529
rasp1,48487,20261002-161933_clu_rasp14_pi4gb_r2,1594,perf_20261002-161933_clu_rasp14_pi4gb_r2,1,364,1790957978530,0,1790960683738.143,2498.025,10.79,1790960686247.651,Normal,0.9035
rasp1,48487,20261002-161933_clu_rasp14_pi4gb_r2,1596,perf_20261002-161933_clu_rasp14_pi4gb_r2,1,365,1790957978531,0,1790960686249.331,858.093,9.852,1790960687117.966,Normal,0.9556
rasp1,48487,20261002-161933_clu_rasp14_pi4gb_r2,1597,perf_20261002-161933_clu_rasp14_pi4gb_r2,1,366,1790957978531,0,1790960687119.531,648.765,14.686,1790960687784.311,Normal,0.8688
rasp1,48487,20261002-161933_clu_rasp14_pi4gb_r2,1604,perf_20261002-161933_clu_rasp14_pi4gb_r2,1,367,1790957978531,0,1790960687787.217,1031.66,10.364,1790960688829.979,Normal,0.9417
rasp1,48487,20261002-161933_clu_rasp14_pi4gb_r2,1612,perf_20261002-161933_clu_rasp14_pi4gb_r2,1,368,1790957978534,0,1790960688832.331,642.438,16.039,1790960689492.073,Normal,0.9608
rasp1,48487,20261002-161933_clu_rasp14_pi4gb_r2,1616,perf_20261002-161933_clu_rasp14_pi4gb_r2,1,369,1790957978534,0,1790960689495.029,822.757,10.206,1790960690329.256,Normal,0.9701
rasp1,48487,20261002-161933_clu_rasp14_pi4gb_r2,1622,perf_20261002-161933_clu_rasp14_pi4gb_r2,1,370,1790957978534,0,1790960690330.785,644.813,9.64,1790960690986.002,Normal,0.9167
rasp1,48487,20261002-161933_clu_rasp14_pi4gb_r2,1629,perf_20261002-161933_clu_rasp14_pi4gb_r2,1,371,1790957978535,0,1790960690987.593,632.547,11.621,1790960691632.475,Normal,0.9187
rasp1,48487,20261002-161933_clu_rasp14_pi4gb_r2,1633,perf_20261002-161933_clu_rasp14_pi4gb_r2,1,372,1790957978535,0,1790960691634.844,492.057,11.676,1790960692139.937,Normal,0.8935
rasp1,48487,20261002-161933_clu_rasp14_pi4gb_r2,1638,perf_20261002-161933_clu_rasp14_pi4gb_r2,1,373,1790957978536,0,1790960692141.174,1311.293,10.089,1790960693463.272,Normal,0.9443
rasp1,48487,20261002-161933_clu_rasp14_pi4gb_r2,1640,perf_20261002-161933_clu_rasp14_pi4gb_r2,1,374,1790957978536,0,1790960693464.573,938.828,14.933,1790960694419.505,Normal,0.9473
rasp1,48487,20261002-161933_clu_rasp14_pi4gb_r2,1642,perf_20261002-161933_clu_rasp14_pi4gb_r2,1,375,1790957978536,0,1790960694422.22,556.619,9.426,1790960694989.286,Normal,0.9551
rasp1,48487,20261002-161933_clu_rasp14_pi4gb_r2,1645,perf_20261002-161933_clu_rasp14_pi4gb_r2,1,376,1790957978536,0,1790960694990.858,768.705,10.535,1790960695770.999,Normal,0.8036
rasp1,48487,20261002-161933_clu_rasp14_pi4gb_r2,1649,perf_20261002-161933_clu_rasp14_pi4gb_r2,1,377,1790957978537,0,1790960695772.931,1223.589,15.635,1790960697013.043,Normal,0.9297
rasp1,48487,20261002-161933_clu_rasp14_pi4gb_r2,1653,perf_20261002-161933_clu_rasp14_pi4gb_r2,1,378,1790957978537,0,1790960697038.206,590.829,9.712,1790960697639.657,Normal,0.944
rasp1,48487,20261002-161933_clu_rasp14_pi4gb_r2,1658,perf_20261002-161933_clu_rasp14_pi4gb_r2,1,379,1790957978537,0,1790960697641.032,527.942,9.417,1790960698178.98,Normal,0.9423
rasp1,48487,20261002-161933_clu_rasp14_pi4gb_r2,1663,perf_20261002-161933_clu_rasp14_pi4gb_r2,1,380,1790957978538,0,1790960698187.423,667.881,12.246,1790960698868.815,Normal,0.9423
rasp1,48487,20261002-161933_clu_rasp14_pi4gb_r2,1669,perf_20261002-161933_clu_rasp14_pi4gb_r2,1,381,1790957978538,0,1790960698875.147,536.945,9.347,1790960699422.024,Normal,0.9423
rasp1,48487,20261002-161933_clu_rasp14_pi4gb_r2,1670,perf_20261002-161933_clu_rasp14_pi4gb_r2,1,382,1790957978538,0,1790960699431.65,838.215,14.923,1790960700289.902,Normal,0.9365
rasp1,48487,20261002-161933_clu_rasp14_pi4gb_r2,1673,perf_20261002-161933_clu_rasp14_pi4gb_r2,1,383,1790957978539,0,1790960700297.426,798.447,10.132,1790960701106.918,Normal,0.8492
rasp1,48487,20261002-161933_clu_rasp14_pi4gb_r2,1679,perf_20261002-161933_clu_rasp14_pi4gb_r2,1,384,1790957978540,0,1790960701108.327,691.492,10.974,1790960701811.54,Normal,0.9498
rasp1,48487,20261002-161933_clu_rasp14_pi4gb_r2,1681,perf_20261002-161933_clu_rasp14_pi4gb_r2,1,385,1790957978540,0,1790960701812.973,851.652,10.754,1790960702676.083,Normal,0.974
rasp1,48487,20261002-161933_clu_rasp14_pi4gb_r2,1685,perf_20261002-161933_clu_rasp14_pi4gb_r2,1,386,1790957978540,0,1790960702677.437,739.612,10.04,1790960703427.933,Normal,0.9725
rasp1,48487,20261002-161933_clu_rasp14_pi4gb_r2,1689,perf_20261002-161933_clu_rasp14_pi4gb_r2,1,387,1790957978540,0,1790960703429.444,751.305,10.343,1790960704191.927,Normal,0.9458
rasp1,48487,20261002-161933_clu_rasp14_pi4gb_r2,1690,perf_20261002-161933_clu_rasp14_pi4gb_r2,1,388,1790957978540,0,1790960704193.598,666.832,9.99,1790960704871.338,Normal,0.8625
rasp1,48487,20261002-161933_clu_rasp14_pi4gb_r2,1695,perf_20261002-161933_clu_rasp14_pi4gb_r2,1,389,1790957978541,0,1790960704873.024,715.803,12.79,1790960705607.997,Normal,0.9208
rasp1,48487,20261002-161933_clu_rasp14_pi4gb_r2,1707,perf_20261002-161933_clu_rasp14_pi4gb_r2,1,390,1790957978542,0,1790960705609.828,601.339,11.657,1790960706224.15,Normal,0.9304
rasp1,48487,20261002-161933_clu_rasp14_pi4gb_r2,1710,perf_20261002-161933_clu_rasp14_pi4gb_r2,1,391,1790957978542,0,1790960706226.184,1941.124,12.213,1790960708180.416,Normal,0.9713
rasp1,48487,20261002-161933_clu_rasp14_pi4gb_r2,1711,perf_20261002-161933_clu_rasp14_pi4gb_r2,1,392,1790957978542,0,1790960708183.045,942.531,10.254,1790960709136.556,Normal,0.9355
rasp1,48487,20261002-161933_clu_rasp14_pi4gb_r2,1712,perf_20261002-161933_clu_rasp14_pi4gb_r2,1,393,1790957978542,0,1790960709138.668,3199.446,15.161,1790960712354.26,Normal,0.9358
rasp1,48487,20261002-161933_clu_rasp14_pi4gb_r2,1720,perf_20261002-161933_clu_rasp14_pi4gb_r2,1,394,1790957978543,0,1790960712365.362,669.783,12.143,1790960713047.948,Normal,0.8477
rasp1,48487,20261002-161933_clu_rasp14_pi4gb_r2,1721,perf_20261002-161933_clu_rasp14_pi4gb_r2,1,395,1790957978543,0,1790960713055.515,1311.763,12.464,1790960714382.998,Normal,0.9742
rasp1,48487,20261002-161933_clu_rasp14_pi4gb_r2,1726,perf_20261002-161933_clu_rasp14_pi4gb_r2,1,396,1790957978543,0,1790960714384.443,963.555,11.175,1790960715359.781,Normal,0.9717
rasp1,48487,20261002-161933_clu_rasp14_pi4gb_r2,1728,perf_20261002-161933_clu_rasp14_pi4gb_r2,1,397,1790957978544,0,1790960715361.076,651.426,10.602,1790960716024.614,Normal,0.9444
rasp1,48487,20261002-161933_clu_rasp14_pi4gb_r2,1729,perf_20261002-161933_clu_rasp14_pi4gb_r2,1,398,1790957978544,0,1790960716026.524,653.545,9.329,1790960716690.195,Normal,0.8198
rasp1,48487,20261002-161933_clu_rasp14_pi4gb_r2,1730,perf_20261002-161933_clu_rasp14_pi4gb_r2,1,399,1790957978544,0,1790960716691.929,1129.024,15.179,1790960717837.383,Normal,0.9667
rasp1,48487,20261002-161933_clu_rasp14_pi4gb_r2,1738,perf_20261002-161933_clu_rasp14_pi4gb_r2,1,400,1790957978545,0,1790960717840.305,701.535,10.769,1790960718553.788,Normal,0.9636
rasp1,48487,20261002-161933_clu_rasp14_pi4gb_r2,1739,perf_20261002-161933_clu_rasp14_pi4gb_r2,1,401,1790957978545,0,1790960718555.363,599.779,9.669,1790960719165.621,Normal,0.9346
rasp1,48487,20261002-161933_clu_rasp14_pi4gb_r2,1751,perf_20261002-161933_clu_rasp14_pi4gb_r2,1,402,1790957978546,0,1790960719167.309,694.213,10.91,1790960719873.274,Normal,0.9516
rasp1,48487,20261002-161933_clu_rasp14_pi4gb_r2,1752,perf_20261002-161933_clu_rasp14_pi4gb_r2,1,403,1790957978546,0,1790960719875.629,1115.722,9.012,1790960721001.139,Normal,0.5147
rasp1,48487,20261002-161933_clu_rasp14_pi4gb_r2,1766,perf_20261002-161933_clu_rasp14_pi4gb_r2,1,404,1790957978547,0,1790960721002.686,687.396,10.44,1790960721701.355,Normal,0.9452
rasp1,48487,20261002-161933_clu_rasp14_pi4gb_r2,1767,perf_20261002-161933_clu_rasp14_pi4gb_r2,1,405,1790957978547,0,1790960721704.438,853.511,15.818,1790960722575.161,Normal,0.6332
rasp1,48487,20261002-161933_clu_rasp14_pi4gb_r2,1774,perf_20261002-161933_clu_rasp14_pi4gb_r2,1,406,1790957978548,0,1790960722578.158,921.588,9.841,1790960723510.445,Normal,0.9428
rasp1,48487,20261002-161933_clu_rasp14_pi4gb_r2,1775,perf_20261002-161933_clu_rasp14_pi4gb_r2,1,407,1790957978548,0,1790960723512.502,807.284,10.324,1790960724331.245,Normal,0.925
rasp1,48487,20261002-161933_clu_rasp14_pi4gb_r2,1776,perf_20261002-161933_clu_rasp14_pi4gb_r2,1,408,1790957978548,0,1790960724332.803,673.971,10.439,1790960725017.942,Normal,0.9584
rasp1,48487,20261002-161933_clu_rasp14_pi4gb_r2,1783,perf_20261002-161933_clu_rasp14_pi4gb_r2,1,409,1790957978549,0,1790960725019.513,815.228,12.84,1790960725848.92,Normal,0.9771
rasp1,48487,20261002-161933_clu_rasp14_pi4gb_r2,1785,perf_20261002-161933_clu_rasp14_pi4gb_r2,1,410,1790957978549,0,1790960725850.266,2729.747,12.235,1790960728592.94,Normal,0.954
rasp1,48487,20261002-161933_clu_rasp14_pi4gb_r2,1787,perf_20261002-161933_clu_rasp14_pi4gb_r2,1,411,1790957978549,0,1790960728597.626,819.607,12.96,1790960729431.192,Normal,0.9511
rasp1,48487,20261002-161933_clu_rasp14_pi4gb_r2,1790,perf_20261002-161933_clu_rasp14_pi4gb_r2,1,412,1790957978549,0,1790960729432.793,659.684,9.088,1790960730102.255,Normal,0.8405
rasp1,48487,20261002-161933_clu_rasp14_pi4gb_r2,1792,perf_20261002-161933_clu_rasp14_pi4gb_r2,1,413,1790957978549,0,1790960730103.625,689.856,9.771,1790960730803.979,Normal,0.9523
rasp1,48487,20261002-161933_clu_rasp14_pi4gb_r2,1795,perf_20261002-161933_clu_rasp14_pi4gb_r2,1,414,1790957978552,0,1790960730810.062,675.929,11.037,1790960731497.961,Normal,0.9309
rasp1,48487,20261002-161933_clu_rasp14_pi4gb_r2,1797,perf_20261002-161933_clu_rasp14_pi4gb_r2,1,415,1790957978552,0,1790960731499.791,669.174,10.445,1790960732180.067,Normal,0.8218
rasp1,48487,20261002-161933_clu_rasp14_pi4gb_r2,1798,perf_20261002-161933_clu_rasp14_pi4gb_r2,1,416,1790957978552,0,1790960732181.795,700.947,10.537,1790960732894.135,Normal,0.915
rasp1,48487,20261002-161933_clu_rasp14_pi4gb_r2,1809,perf_20261002-161933_clu_rasp14_pi4gb_r2,1,417,1790957978553,0,1790960732895.543,677.855,13.276,1790960733587.93,Normal,0.9283
rasp1,48487,20261002-161933_clu_rasp14_pi4gb_r2,1810,perf_20261002-161933_clu_rasp14_pi4gb_r2,1,418,1790957978553,0,1790960733589.347,624.902,9.709,1790960734224.879,Normal,0.9481
rasp1,48487,20261002-161933_clu_rasp14_pi4gb_r2,1811,perf_20261002-161933_clu_rasp14_pi4gb_r2,1,419,1790957978554,0,1790960734226.641,949.708,10.271,1790960735187.358,Normal,0.9398
rasp1,48487,20261002-161933_clu_rasp14_pi4gb_r2,1816,perf_20261002-161933_clu_rasp14_pi4gb_r2,1,420,1790957978554,0,1790960735189.205,595.607,9.213,1790960735794.638,Normal,0.9475
rasp1,48487,20261002-161933_clu_rasp14_pi4gb_r2,1821,perf_20261002-161933_clu_rasp14_pi4gb_r2,1,421,1790957978554,0,1790960735795.925,943.822,8.808,1790960736749.201,Normal,0.9398
rasp1,48487,20261002-161933_clu_rasp14_pi4gb_r2,1823,perf_20261002-161933_clu_rasp14_pi4gb_r2,1,422,1790957978555,0,1790960736750.907,7712.306,11.758,1790960744476.104,Normal,0.9785
rasp1,48487,20261002-161933_clu_rasp14_pi4gb_r2,1829,perf_20261002-161933_clu_rasp14_pi4gb_r2,1,423,1790957978555,0,1790960744478.906,817.181,10.455,1790960745307.358,Normal,0.9239
rasp1,48487,20261002-161933_clu_rasp14_pi4gb_r2,1835,perf_20261002-161933_clu_rasp14_pi4gb_r2,1,424,1790957978556,0,1790960745310.147,670.794,10.993,1790960745993.016,Normal,0.9624
rasp1,48487,20261002-161933_clu_rasp14_pi4gb_r2,1836,perf_20261002-161933_clu_rasp14_pi4gb_r2,1,425,1790957978556,0,1790960745995.163,1356.611,10.923,1790960747363.575,Normal,0.9419
rasp1,48487,20261002-161933_clu_rasp14_pi4gb_r2,1837,perf_20261002-161933_clu_rasp14_pi4gb_r2,1,426,1790957978556,0,1790960747365.219,1003.965,13.938,1790960748384.303,Normal,0.8966
rasp1,48487,20261002-161933_clu_rasp14_pi4gb_r2,1841,perf_20261002-161933_clu_rasp14_pi4gb_r2,1,427,1790957978556,0,1790960748387.209,892.15,9.372,1790960749289.451,Normal,0.9281
rasp1,48487,20261002-161933_clu_rasp14_pi4gb_r2,1845,perf_20261002-161933_clu_rasp14_pi4gb_r2,1,428,1790957978556,0,1790960749291.063,941.913,12.363,1790960750246.356,Normal,0.9464
rasp1,48487,20261002-161933_clu_rasp14_pi4gb_r2,1847,perf_20261002-161933_clu_rasp14_pi4gb_r2,1,429,1790957978557,0,1790960750248.638,948.725,10.071,1790960751208.139,Normal,0.9679
rasp1,48487,20261002-161933_clu_rasp14_pi4gb_r2,1861,perf_20261002-161933_clu_rasp14_pi4gb_r2,1,430,1790957978558,0,1790960751210.031,721.893,13.082,1790960751946.357,Normal,0.9723
rasp1,48487,20261002-161933_clu_rasp14_pi4gb_r2,1867,perf_20261002-161933_clu_rasp14_pi4gb_r2,1,431,1790957978558,0,1790960751948.631,1764.293,12.043,1790960753725.679,Normal,0.9714
rasp1,48487,20261002-161933_clu_rasp14_pi4gb_r2,1875,perf_20261002-161933_clu_rasp14_pi4gb_r2,1,432,1790957978559,0,1790960753727.395,740.557,14.712,1790960754483.276,Normal,0.9434
rasp1,48487,20261002-161933_clu_rasp14_pi4gb_r2,1879,perf_20261002-161933_clu_rasp14_pi4gb_r2,1,433,1790957978559,0,1790960754484.604,1211.217,18.467,1790960755715.115,Normal,0.7785
rasp1,48487,20261002-161933_clu_rasp14_pi4gb_r2,1886,perf_20261002-161933_clu_rasp14_pi4gb_r2,1,434,1790957978560,0,1790960755718.984,917.333,9.047,1790960756652.236,Normal,0.9396
rasp1,48487,20261002-161933_clu_rasp14_pi4gb_r2,1887,perf_20261002-161933_clu_rasp14_pi4gb_r2,1,435,1790957978560,0,1790960756658.155,713.175,13.897,1790960757386.442,Normal,0.9361
rasp1,48487,20261002-161933_clu_rasp14_pi4gb_r2,1892,perf_20261002-161933_clu_rasp14_pi4gb_r2,1,436,1790957978560,0,1790960757389.309,1034.205,9.862,1790960758434.096,Normal,0.9608
rasp1,48487,20261002-161933_clu_rasp14_pi4gb_r2,1900,perf_20261002-161933_clu_rasp14_pi4gb_r2,1,437,1790957978561,0,1790960758435.406,995.428,9.896,1790960759441.515,Normal,0.791
rasp1,48487,20261002-161933_clu_rasp14_pi4gb_r2,1908,perf_20261002-161933_clu_rasp14_pi4gb_r2,1,438,1790957978573,0,1790960759443.259,592.095,10.36,1790960760046.599,Normal,0.9594
rasp1,48487,20261002-161933_clu_rasp14_pi4gb_r2,1909,perf_20261002-161933_clu_rasp14_pi4gb_r2,1,439,1790957978573,0,1790960760048.338,801.739,8.993,1790960760859.954,Normal,0.9417
rasp1,48487,20261002-161933_clu_rasp14_pi4gb_r2,1912,perf_20261002-161933_clu_rasp14_pi4gb_r2,1,440,1790957978594,0,1790960760861.271,1025.292,10.128,1790960761897.587,Normal,0.8466
rasp1,48487,20261002-161933_clu_rasp14_pi4gb_r2,1913,perf_20261002-161933_clu_rasp14_pi4gb_r2,1,441,1790957978594,0,1790960761899.09,666.254,12.994,1790960762579.2,Normal,0.9584
rasp1,48487,20261002-161933_clu_rasp14_pi4gb_r2,1917,perf_20261002-161933_clu_rasp14_pi4gb_r2,1,442,1790957978598,0,1790960762581.581,663.188,9.473,1790960763254.929,OFFENSIVE,0.7955
rasp1,48487,20261002-161933_clu_rasp14_pi4gb_r2,1921,perf_20261002-161933_clu_rasp14_pi4gb_r2,1,443,1790957978599,0,1790960763256.437,517.168,9.523,1790960763783.836,Normal,0.9457
rasp1,48487,20261002-161933_clu_rasp14_pi4gb_r2,1923,perf_20261002-161933_clu_rasp14_pi4gb_r2,1,444,1790957978599,0,1790960763785.614,735.855,11.468,1790960764533.635,Normal,0.9315
rasp1,48487,20261002-161933_clu_rasp14_pi4gb_r2,1925,perf_20261002-161933_clu_rasp14_pi4gb_r2,1,445,1790957978600,0,1790960764536.048,788.289,10.751,1790960765336.636,Normal,0.9496
rasp1,48487,20261002-161933_clu_rasp14_pi4gb_r2,1928,perf_20261002-161933_clu_rasp14_pi4gb_r2,1,446,1790957978600,0,1790960765338.442,961.98,10.603,1790960766311.838,Normal,0.9558
rasp1,48487,20261002-161933_clu_rasp14_pi4gb_r2,1933,perf_20261002-161933_clu_rasp14_pi4gb_r2,1,447,1790957978600,0,1790960766313.211,821.033,11.226,1790960767146.332,HATE,0.3814
rasp1,48487,20261002-161933_clu_rasp14_pi4gb_r2,1950,perf_20261002-161933_clu_rasp14_pi4gb_r2,1,448,1790957978602,0,1790960767149.262,3708.221,12.999,1790960770871.486,Normal,0.9801
rasp1,48487,20261002-161933_clu_rasp14_pi4gb_r2,1959,perf_20261002-161933_clu_rasp14_pi4gb_r2,1,449,1790957978602,0,1790960770873.232,666.551,14.59,1790960771555.972,Normal,0.9409
rasp1,48487,20261002-161933_clu_rasp14_pi4gb_r2,1961,perf_20261002-161933_clu_rasp14_pi4gb_r2,1,450,1790957978603,0,1790960771558.847,660.854,9.186,1790960772235.629,Normal,0.9495
rasp1,48487,20261002-161933_clu_rasp14_pi4gb_r2,1962,perf_20261002-161933_clu_rasp14_pi4gb_r2,1,451,1790957978603,0,1790960772238.068,889.663,8.843,1790960773137.267,Normal,0.9046
rasp1,48487,20261002-161933_clu_rasp14_pi4gb_r2,1969,perf_20261002-161933_clu_rasp14_pi4gb_r2,1,452,1790957978603,0,1790960773138.68,2442.1,13.057,1790960775594.986,Normal,0.9713
rasp1,48487,20261002-161933_clu_rasp14_pi4gb_r2,1979,perf_20261002-161933_clu_rasp14_pi4gb_r2,1,453,1790957978619,0,1790960775597.826,674.046,12.4,1790960776285.401,Normal,0.4188
rasp1,48487,20261002-161933_clu_rasp14_pi4gb_r2,1981,perf_20261002-161933_clu_rasp14_pi4gb_r2,1,454,1790957978619,0,1790960776287.035,865.294,11.233,1790960777164.501,Normal,0.9342
rasp1,48487,20261002-161933_clu_rasp14_pi4gb_r2,1982,perf_20261002-161933_clu_rasp14_pi4gb_r2,1,455,1790957978619,0,1790960777167.452,709.081,12.695,1790960777889.908,Normal,0.8701
rasp1,48487,20261002-161933_clu_rasp14_pi4gb_r2,1984,perf_20261002-161933_clu_rasp14_pi4gb_r2,1,456,1790957978623,0,1790960777892.427,620.432,8.125,1790960778521.547,Normal,0.9427
rasp1,48487,20261002-161933_clu_rasp14_pi4gb_r2,1991,perf_20261002-161933_clu_rasp14_pi4gb_r2,1,457,1790957978641,0,1790960778522.861,596.266,9.128,1790960779129.034,Normal,0.8897
rasp1,48487,20261002-161933_clu_rasp14_pi4gb_r2,2004,perf_20261002-161933_clu_rasp14_pi4gb_r2,1,458,1790957978646,0,1790960779130.364,1144.151,13.765,1790960780289.463,Normal,0.973
rasp1,48487,20261002-161933_clu_rasp14_pi4gb_r2,2005,perf_20261002-161933_clu_rasp14_pi4gb_r2,1,459,1790957978646,0,1790960780291.882,952.018,10.554,1790960781255.16,Normal,0.9526
rasp1,48487,20261002-161933_clu_rasp14_pi4gb_r2,2006,perf_20261002-161933_clu_rasp14_pi4gb_r2,1,460,1790957978646,0,1790960781256.924,1339.442,11.815,1790960782609.381,Normal,0.9731
rasp1,48487,20261002-161933_clu_rasp14_pi4gb_r2,2013,perf_20261002-161933_clu_rasp14_pi4gb_r2,1,461,1790957978646,0,1790960782613.43,995.617,11.723,1790960783621.623,Normal,0.9629
rasp1,48487,20261002-161933_clu_rasp14_pi4gb_r2,2015,perf_20261002-161933_clu_rasp14_pi4gb_r2,1,462,1790957978647,0,1790960783628.291,864.664,16.228,1790960784510.308,Normal,0.9425
rasp1,48487,20261002-161933_clu_rasp14_pi4gb_r2,2017,perf_20261002-161933_clu_rasp14_pi4gb_r2,1,463,1790957978649,0,1790960784512.27,800.976,12.497,1790960785326.691,Normal,0.9022
rasp1,48487,20261002-161933_clu_rasp14_pi4gb_r2,2022,perf_20261002-161933_clu_rasp14_pi4gb_r2,1,464,1790957978650,0,1790960785334.988,943.035,11.146,1790960786289.855,Normal,0.9211
rasp1,48487,20261002-161933_clu_rasp14_pi4gb_r2,2027,perf_20261002-161933_clu_rasp14_pi4gb_r2,1,465,1790957978651,0,1790960786291.671,1097.108,10.922,1790960787400.595,Normal,0.9604
rasp1,48487,20261002-161933_clu_rasp14_pi4gb_r2,2034,perf_20261002-161933_clu_rasp14_pi4gb_r2,1,466,1790957978651,0,1790960787403.848,637.687,9.029,1790960788051.299,Normal,0.9414
rasp1,48487,20261002-161933_clu_rasp14_pi4gb_r2,2039,perf_20261002-161933_clu_rasp14_pi4gb_r2,1,467,1790957978652,0,1790960788053.284,970.67,12.185,1790960789037.056,Normal,0.9615
rasp1,48487,20261002-161933_clu_rasp14_pi4gb_r2,2044,perf_20261002-161933_clu_rasp14_pi4gb_r2,1,468,1790957978652,0,1790960789038.566,672.92,11.165,1790960789723.441,Normal,0.9375
rasp1,48487,20261002-161933_clu_rasp14_pi4gb_r2,2048,perf_20261002-161933_clu_rasp14_pi4gb_r2,1,469,1790957978652,0,1790960789725.249,1771.926,16.326,1790960791514.921,Normal,0.9472
rasp1,48487,20261002-161933_clu_rasp14_pi4gb_r2,2052,perf_20261002-161933_clu_rasp14_pi4gb_r2,1,470,1790957978653,0,1790960791518.332,1293.474,16.796,1790960792830.293,Normal,0.5847
rasp1,48487,20261002-161933_clu_rasp14_pi4gb_r2,2053,perf_20261002-161933_clu_rasp14_pi4gb_r2,1,471,1790957978653,0,1790960792833.793,847.424,16.382,1790960793699.427,Normal,0.9054
rasp1,48487,20261002-161933_clu_rasp14_pi4gb_r2,2059,perf_20261002-161933_clu_rasp14_pi4gb_r2,1,472,1790957978653,0,1790960793702.479,994.739,10.105,1790960794708.063,Normal,0.9691
rasp1,48487,20261002-161933_clu_rasp14_pi4gb_r2,2063,perf_20261002-161933_clu_rasp14_pi4gb_r2,1,473,1790957978655,0,1790960794709.835,2324.886,9.637,1790960797045.106,Normal,0.9751
rasp1,48487,20261002-161933_clu_rasp14_pi4gb_r2,2082,perf_20261002-161933_clu_rasp14_pi4gb_r2,1,474,1790957978656,0,1790960797046.627,1030.967,12.527,1790960798091.038,Normal,0.9265
rasp1,48487,20261002-161933_clu_rasp14_pi4gb_r2,2086,perf_20261002-161933_clu_rasp14_pi4gb_r2,1,475,1790957978656,0,1790960798095.951,983.619,14.496,1790960799094.937,Normal,0.4444
rasp1,48487,20261002-161933_clu_rasp14_pi4gb_r2,2094,perf_20261002-161933_clu_rasp14_pi4gb_r2,1,476,1790957978657,0,1790960799096.265,774.265,9.651,1790960799881.258,Normal,0.9105
rasp1,48487,20261002-161933_clu_rasp14_pi4gb_r2,2100,perf_20261002-161933_clu_rasp14_pi4gb_r2,1,477,1790957978657,0,1790960799883.06,869.199,9.807,1790960800763.38,Normal,0.8438
rasp1,48487,20261002-161933_clu_rasp14_pi4gb_r2,2106,perf_20261002-161933_clu_rasp14_pi4gb_r2,1,478,1790957978658,0,1790960800764.987,671.382,11.203,1790960801448.446,Normal,0.9701
rasp1,48487,20261002-161933_clu_rasp14_pi4gb_r2,2114,perf_20261002-161933_clu_rasp14_pi4gb_r2,1,479,1790957978659,0,1790960801451.247,1782.056,11.733,1790960803246.083,Normal,0.9653
rasp1,48487,20261002-161933_clu_rasp14_pi4gb_r2,2118,perf_20261002-161933_clu_rasp14_pi4gb_r2,1,480,1790957978659,0,1790960803248.098,631.667,11.602,1790960803892.214,Normal,0.9547
rasp1,48487,20261002-161933_clu_rasp14_pi4gb_r2,2119,perf_20261002-161933_clu_rasp14_pi4gb_r2,1,481,1790957978659,0,1790960803894.94,660.13,10.108,1790960804566.106,Normal,0.9444
rasp1,48487,20261002-161933_clu_rasp14_pi4gb_r2,2121,perf_20261002-161933_clu_rasp14_pi4gb_r2,1,482,1790957978659,0,1790960804568.249,1758.94,9.996,1790960806337.922,Normal,0.9607
rasp1,48487,20261002-161933_clu_rasp14_pi4gb_r2,2123,perf_20261002-161933_clu_rasp14_pi4gb_r2,1,483,1790957978659,0,1790960806339.252,621.685,10.238,1790960806972.127,Normal,0.9351
rasp1,48487,20261002-161933_clu_rasp14_pi4gb_r2,2127,perf_20261002-161933_clu_rasp14_pi4gb_r2,1,484,1790957978660,0,1790960806973.521,619.312,10.138,1790960807603.786,Normal,0.9578
rasp1,48487,20261002-161933_clu_rasp14_pi4gb_r2,2130,perf_20261002-161933_clu_rasp14_pi4gb_r2,1,485,1790957978660,0,1790960807605.236,1536.025,9.859,1790960809151.978,Normal,0.968
rasp1,48487,20261002-161933_clu_rasp14_pi4gb_r2,2137,perf_20261002-161933_clu_rasp14_pi4gb_r2,1,486,1790957978661,0,1790960809154.803,1058.795,10.008,1790960810224.576,OFFENSIVE,0.9296
rasp1,48487,20261002-161933_clu_rasp14_pi4gb_r2,2138,perf_20261002-161933_clu_rasp14_pi4gb_r2,1,487,1790957978661,0,1790960810230.659,826.494,11.565,1790960811069.367,Normal,0.9589
rasp1,48487,20261002-161933_clu_rasp14_pi4gb_r2,2140,perf_20261002-161933_clu_rasp14_pi4gb_r2,1,488,1790957978661,0,1790960811077.03,691.873,12.132,1790960811782.001,Normal,0.9198
rasp1,48487,20261002-161933_clu_rasp14_pi4gb_r2,2143,perf_20261002-161933_clu_rasp14_pi4gb_r2,1,489,1790957978661,0,1790960811789.516,3422.777,16.43,1790960815230.293,Normal,0.9684
rasp1,48487,20261002-161933_clu_rasp14_pi4gb_r2,2152,perf_20261002-161933_clu_rasp14_pi4gb_r2,1,490,1790957978662,0,1790960815233.248,2220.082,10.922,1790960817465.277,Normal,0.9555
rasp1,48487,20261002-161933_clu_rasp14_pi4gb_r2,2154,perf_20261002-161933_clu_rasp14_pi4gb_r2,1,491,1790957978662,0,1790960817466.679,685.204,11.422,1790960818164.671,Normal,0.9348
rasp1,48487,20261002-161933_clu_rasp14_pi4gb_r2,2158,perf_20261002-161933_clu_rasp14_pi4gb_r2,1,492,1790957978663,0,1790960818166.251,2715.563,9.517,1790960820892.345,Normal,0.9763
rasp1,48487,20261002-161933_clu_rasp14_pi4gb_r2,2163,perf_20261002-161933_clu_rasp14_pi4gb_r2,1,493,1790957978663,0,1790960820894.083,646.494,9.714,1790960821551.119,Normal,0.9681
rasp1,48487,20261002-161933_clu_rasp14_pi4gb_r2,2164,perf_20261002-161933_clu_rasp14_pi4gb_r2,1,494,1790957978663,0,1790960821552.491,657.537,13.941,1790960822225.253,Normal,0.9435
rasp1,48487,20261002-161933_clu_rasp14_pi4gb_r2,2176,perf_20261002-161933_clu_rasp14_pi4gb_r2,1,495,1790957978664,0,1790960822228.25,691.772,10.72,1790960822931.762,Normal,0.9391
rasp1,48487,20261002-161933_clu_rasp14_pi4gb_r2,2181,perf_20261002-161933_clu_rasp14_pi4gb_r2,1,496,1790957978664,0,1790960822933.455,607.283,10.428,1790960823551.966,Normal,0.6937
rasp1,48487,20261002-161933_clu_rasp14_pi4gb_r2,2184,perf_20261002-161933_clu_rasp14_pi4gb_r2,1,497,1790957978665,0,1790960823553.614,918.691,14.666,1790960824488.497,Normal,0.9269
rasp1,48487,20261002-161933_clu_rasp14_pi4gb_r2,2187,perf_20261002-161933_clu_rasp14_pi4gb_r2,1,498,1790957978665,0,1790960824491.469,1109.961,18.638,1790960825621.559,Normal,0.9045
rasp1,48487,20261002-161933_clu_rasp14_pi4gb_r2,2188,perf_20261002-161933_clu_rasp14_pi4gb_r2,1,499,1790957978665,0,1790960825623.521,1698.793,15.996,1790960827339.415,Normal,0.9643
rasp1,48487,20261002-161933_clu_rasp14_pi4gb_r2,2037,perf_20261002-161933_clu_rasp14_pi4gb_r2,2,500,1790957978652,0,1790960831648.898,795.448,10.196,1790960832455.45,Normal,0.9601
rasp1,48487,20261002-161933_clu_rasp14_pi4gb_r2,2038,perf_20261002-161933_clu_rasp14_pi4gb_r2,2,501,1790957978652,0,1790960832456.639,899.436,9.492,1790960833366.265,Normal,0.966
rasp1,48487,20261002-161933_clu_rasp14_pi4gb_r2,2046,perf_20261002-161933_clu_rasp14_pi4gb_r2,2,502,1790957978652,0,1790960833367.812,628.184,10.433,1790960834007.021,Normal,0.9267
rasp1,48487,20261002-161933_clu_rasp14_pi4gb_r2,2055,perf_20261002-161933_clu_rasp14_pi4gb_r2,2,503,1790957978653,0,1790960834008.663,1339.282,10.092,1790960835359.05,Normal,0.7212
rasp1,48487,20261002-161933_clu_rasp14_pi4gb_r2,2061,perf_20261002-161933_clu_rasp14_pi4gb_r2,2,504,1790957978654,0,1790960835360.357,758.216,10.9,1790960836130.197,Normal,0.9105
rasp1,48487,20261002-161933_clu_rasp14_pi4gb_r2,2064,perf_20261002-161933_clu_rasp14_pi4gb_r2,2,505,1790957978655,0,1790960836133.52,628.855,9.897,1790960836773.019,Normal,0.9126
rasp1,48487,20261002-161933_clu_rasp14_pi4gb_r2,2070,perf_20261002-161933_clu_rasp14_pi4gb_r2,2,506,1790957978655,0,1790960836774.505,636.796,9.963,1790960837422.031,Normal,0.6564
rasp1,48487,20261002-161933_clu_rasp14_pi4gb_r2,2076,perf_20261002-161933_clu_rasp14_pi4gb_r2,2,507,1790957978656,0,1790960837424.111,730.927,12.678,1790960838168.482,Normal,0.9698
rasp1,48487,20261002-161933_clu_rasp14_pi4gb_r2,2077,perf_20261002-161933_clu_rasp14_pi4gb_r2,2,508,1790957978656,0,1790960838170.777,590.859,9.815,1790960838772.126,Normal,0.936
rasp1,48487,20261002-161933_clu_rasp14_pi4gb_r2,2078,perf_20261002-161933_clu_rasp14_pi4gb_r2,2,509,1790957978656,0,1790960838778.781,947.257,9.8,1790960839736.397,Normal,0.8663
rasp1,48487,20261002-161933_clu_rasp14_pi4gb_r2,2080,perf_20261002-161933_clu_rasp14_pi4gb_r2,2,510,1790957978656,0,1790960839739.994,747.469,17.302,1790960840505.396,Normal,0.9375
rasp1,48487,20261002-161933_clu_rasp14_pi4gb_r2,2081,perf_20261002-161933_clu_rasp14_pi4gb_r2,2,511,1790957978656,0,1790960840513.21,706.23,10.413,1790960841230.565,Normal,0.9498
rasp1,48487,20261002-161933_clu_rasp14_pi4gb_r2,2084,perf_20261002-161933_clu_rasp14_pi4gb_r2,2,512,1790957978656,0,1790960841232.66,617.626,9.603,1790960841860.926,Normal,0.9469
rasp1,48487,20261002-161933_clu_rasp14_pi4gb_r2,2090,perf_20261002-161933_clu_rasp14_pi4gb_r2,2,513,1790957978657,0,1790960841862.894,793.537,12.966,1790960842670.161,OFFENSIVE,0.724
rasp1,48487,20261002-161933_clu_rasp14_pi4gb_r2,2091,perf_20261002-161933_clu_rasp14_pi4gb_r2,2,514,1790957978657,0,1790960842675.88,758.193,9.286,1790960843444.316,Normal,0.9661
rasp1,48487,20261002-161933_clu_rasp14_pi4gb_r2,2096,perf_20261002-161933_clu_rasp14_pi4gb_r2,2,515,1790957978657,0,1790960843445.878,609.266,10.556,1790960844066.376,Normal,0.9285
rasp1,48487,20261002-161933_clu_rasp14_pi4gb_r2,2097,perf_20261002-161933_clu_rasp14_pi4gb_r2,2,516,1790957978657,0,1790960844067.781,668.071,10.313,1790960844746.94,Normal,0.966
rasp1,48487,20261002-161933_clu_rasp14_pi4gb_r2,2103,perf_20261002-161933_clu_rasp14_pi4gb_r2,2,517,1790957978658,0,1790960844748.884,596.582,10.078,1790960845356.217,Normal,0.9684
rasp1,48487,20261002-161933_clu_rasp14_pi4gb_r2,2111,perf_20261002-161933_clu_rasp14_pi4gb_r2,2,518,1790957978658,0,1790960845357.887,857.874,15.791,1790960846239.095,Normal,0.963
rasp1,48487,20261002-161933_clu_rasp14_pi4gb_r2,2112,perf_20261002-161933_clu_rasp14_pi4gb_r2,2,519,1790957978658,0,1790960846241.521,637.468,9.692,1790960846889.348,Normal,0.9375
rasp1,48487,20261002-161933_clu_rasp14_pi4gb_r2,2113,perf_20261002-161933_clu_rasp14_pi4gb_r2,2,520,1790957978658,0,1790960846891.124,644.212,7.731,1790960847543.659,Normal,0.9277
rasp1,48487,20261002-161933_clu_rasp14_pi4gb_r2,2115,perf_20261002-161933_clu_rasp14_pi4gb_r2,2,521,1790957978659,0,1790960847544.851,2353.756,8.726,1790960849907.958,Normal,0.9495
rasp1,48487,20261002-161933_clu_rasp14_pi4gb_r2,2116,perf_20261002-161933_clu_rasp14_pi4gb_r2,2,522,1790957978659,0,1790960849909.1,723.266,9.061,1790960850642.103,Normal,0.9658
rasp1,48487,20261002-161933_clu_rasp14_pi4gb_r2,2120,perf_20261002-161933_clu_rasp14_pi4gb_r2,2,523,1790957978659,0,1790960850643.576,583.364,9.892,1790960851242.876,Normal,0.9694
rasp1,48487,20261002-161933_clu_rasp14_pi4gb_r2,2133,perf_20261002-161933_clu_rasp14_pi4gb_r2,2,524,1790957978660,0,1790960851244.26,691.196,10.883,1790960851947.052,Normal,0.9568
rasp1,48487,20261002-161933_clu_rasp14_pi4gb_r2,2135,perf_20261002-161933_clu_rasp14_pi4gb_r2,2,525,1790957978661,0,1790960851948.875,1136.718,8.386,1790960853094.627,Normal,0.8014
rasp1,48487,20261002-161933_clu_rasp14_pi4gb_r2,2141,perf_20261002-161933_clu_rasp14_pi4gb_r2,2,526,1790957978661,0,1790960853095.895,764.263,9.622,1790960853870.562,Normal,0.9682
rasp1,48487,20261002-161933_clu_rasp14_pi4gb_r2,2145,perf_20261002-161933_clu_rasp14_pi4gb_r2,2,527,1790957978661,0,1790960853871.956,625.022,10.254,1790960854507.813,Normal,0.9665
rasp1,48487,20261002-161933_clu_rasp14_pi4gb_r2,2146,perf_20261002-161933_clu_rasp14_pi4gb_r2,2,528,1790957978662,0,1790960854509.064,687.37,9.766,1790960855206.891,Normal,0.9678
rasp1,48487,20261002-161933_clu_rasp14_pi4gb_r2,2149,perf_20261002-161933_clu_rasp14_pi4gb_r2,2,529,1790957978662,0,1790960855208.191,592.824,8.469,1790960855810.046,Normal,0.9514
rasp1,48487,20261002-161933_clu_rasp14_pi4gb_r2,2150,perf_20261002-161933_clu_rasp14_pi4gb_r2,2,530,1790957978662,0,1790960855812.648,584.08,8.528,1790960856411.228,Normal,0.9577
rasp1,48487,20261002-161933_clu_rasp14_pi4gb_r2,2155,perf_20261002-161933_clu_rasp14_pi4gb_r2,2,531,1790957978662,0,1790960856412.467,544.396,9.453,1790960856967.03,Normal,0.9692
rasp1,48487,20261002-161933_clu_rasp14_pi4gb_r2,2160,perf_20261002-161933_clu_rasp14_pi4gb_r2,2,532,1790957978663,0,1790960856968.225,797.41,12.41,1790960857779.109,Normal,0.9521
rasp1,48487,20261002-161933_clu_rasp14_pi4gb_r2,2161,perf_20261002-161933_clu_rasp14_pi4gb_r2,2,533,1790957978663,0,1790960857781.165,460.789,8.453,1790960858250.984,Normal,0.943
rasp1,48487,20261002-161933_clu_rasp14_pi4gb_r2,2162,perf_20261002-161933_clu_rasp14_pi4gb_r2,2,534,1790957978663,0,1790960858252.157,480.701,8.853,1790960858742.459,Normal,0.9516
rasp1,48487,20261002-161933_clu_rasp14_pi4gb_r2,2168,perf_20261002-161933_clu_rasp14_pi4gb_r2,2,535,1790957978663,0,1790960858744.518,441.481,9.667,1790960859196.344,Normal,0.9479
rasp1,48487,20261002-161933_clu_rasp14_pi4gb_r2,2171,perf_20261002-161933_clu_rasp14_pi4gb_r2,2,536,1790957978664,0,1790960859198.056,522.258,8.056,1790960859729.108,Normal,0.9595
rasp1,48487,20261002-161933_clu_rasp14_pi4gb_r2,2175,perf_20261002-161933_clu_rasp14_pi4gb_r2,2,537,1790957978664,0,1790960859730.48,622.045,8.748,1790960860361.865,Normal,0.9716
rasp1,48487,20261002-161933_clu_rasp14_pi4gb_r2,2178,perf_20261002-161933_clu_rasp14_pi4gb_r2,2,538,1790957978664,0,1790960860362.965,785.49,8.819,1790960861157.939,Normal,0.9709
rasp1,48487,20261002-161933_clu_rasp14_pi4gb_r2,2179,perf_20261002-161933_clu_rasp14_pi4gb_r2,2,539,1790957978664,0,1790960861159.345,427.806,9.174,1790960861596.858,Normal,0.8853
rasp1,48487,20261002-161933_clu_rasp14_pi4gb_r2,2183,perf_20261002-161933_clu_rasp14_pi4gb_r2,2,540,1790957978664,0,1790960861598.184,467.973,8.004,1790960862074.695,Normal,0.7715
rasp1,48487,20261002-161933_clu_rasp14_pi4gb_r2,2185,perf_20261002-161933_clu_rasp14_pi4gb_r2,2,541,1790957978665,0,1790960862075.962,694.808,8.713,1790960862780.168,Normal,0.9306
rasp1,48487,20261002-161933_clu_rasp14_pi4gb_r2,2191,perf_20261002-161933_clu_rasp14_pi4gb_r2,2,542,1790957978665,0,1790960862781.347,391.526,8.544,1790960863182.092,Normal,0.9375
rasp1,48487,20261002-161933_clu_rasp14_pi4gb_r2,2195,perf_20261002-161933_clu_rasp14_pi4gb_r2,2,543,1790957978666,0,1790960863183.25,520.956,8.626,1790960863713.419,Normal,0.9502
rasp1,48487,20261002-161933_clu_rasp14_pi4gb_r2,2199,perf_20261002-161933_clu_rasp14_pi4gb_r2,2,544,1790957978666,0,1790960863714.541,430.679,9.046,1790960864154.86,Normal,0.9655
rasp1,48487,20261002-161933_clu_rasp14_pi4gb_r2,2205,perf_20261002-161933_clu_rasp14_pi4gb_r2,2,545,1790957978667,0,1790960864155.931,457.661,8.353,1790960864622.613,Normal,0.8885
rasp1,48487,20261002-161933_clu_rasp14_pi4gb_r2,2208,perf_20261002-161933_clu_rasp14_pi4gb_r2,2,546,1790957978667,0,1790960864623.968,486.608,9.084,1790960865120.403,Normal,0.767
rasp1,48487,20261002-161933_clu_rasp14_pi4gb_r2,2210,perf_20261002-161933_clu_rasp14_pi4gb_r2,2,547,1790957978667,0,1790960865121.455,357.709,8.862,1790960865488.542,Normal,0.9375
rasp1,48487,20261002-161933_clu_rasp14_pi4gb_r2,2211,perf_20261002-161933_clu_rasp14_pi4gb_r2,2,548,1790957978667,0,1790960865489.98,391.467,8.344,1790960865890.392,Normal,0.9309
rasp1,48487,20261002-161933_clu_rasp14_pi4gb_r2,2213,perf_20261002-161933_clu_rasp14_pi4gb_r2,2,549,1790957978667,0,1790960865891.456,400.619,8.469,1790960866301.262,Normal,0.9375
rasp1,48487,20261002-161933_clu_rasp14_pi4gb_r2,2217,perf_20261002-161933_clu_rasp14_pi4gb_r2,2,550,1790957978668,0,1790960866302.687,449.01,8.116,1790960866760.437,Normal,0.9608
rasp1,48487,20261002-161933_clu_rasp14_pi4gb_r2,2219,perf_20261002-161933_clu_rasp14_pi4gb_r2,2,551,1790957978668,0,1790960866762.197,406.824,8.661,1790960867178.203,Normal,0.7799
rasp1,48487,20261002-161933_clu_rasp14_pi4gb_r2,2221,perf_20261002-161933_clu_rasp14_pi4gb_r2,2,552,1790957978668,0,1790960867179.658,562.393,8.478,1790960867751.167,Normal,0.958
rasp1,48487,20261002-161933_clu_rasp14_pi4gb_r2,2225,perf_20261002-161933_clu_rasp14_pi4gb_r2,2,553,1790957978668,0,1790960867752.422,454.673,8.951,1790960868216.579,Normal,0.9243
rasp1,48487,20261002-161933_clu_rasp14_pi4gb_r2,2227,perf_20261002-161933_clu_rasp14_pi4gb_r2,2,554,1790957978668,0,1790960868218.156,798.434,8.606,1790960869025.776,Normal,0.9618
rasp1,48487,20261002-161933_clu_rasp14_pi4gb_r2,2229,perf_20261002-161933_clu_rasp14_pi4gb_r2,2,555,1790957978669,0,1790960869026.856,463.16,9.05,1790960869499.599,Normal,0.9728
rasp1,48487,20261002-161933_clu_rasp14_pi4gb_r2,2230,perf_20261002-161933_clu_rasp14_pi4gb_r2,2,556,1790957978669,0,1790960869500.847,471.636,9.751,1790960869982.822,Normal,0.9606
rasp1,48487,20261002-161933_clu_rasp14_pi4gb_r2,2231,perf_20261002-161933_clu_rasp14_pi4gb_r2,2,557,1790957978669,0,1790960869984.455,638.471,8.958,1790960870632.439,Normal,0.7756
rasp1,48487,20261002-161933_clu_rasp14_pi4gb_r2,2235,perf_20261002-161933_clu_rasp14_pi4gb_r2,2,558,1790957978669,0,1790960870633.912,479.528,8.934,1790960871122.972,Normal,0.956
rasp1,48487,20261002-161933_clu_rasp14_pi4gb_r2,2236,perf_20261002-161933_clu_rasp14_pi4gb_r2,2,559,1790957978669,0,1790960871124.108,443.118,9.738,1790960871577.783,Normal,0.9189
rasp1,48487,20261002-161933_clu_rasp14_pi4gb_r2,2237,perf_20261002-161933_clu_rasp14_pi4gb_r2,2,560,1790957978669,0,1790960871579.198,465.969,8.925,1790960872054.689,Normal,0.892
rasp1,48487,20261002-161933_clu_rasp14_pi4gb_r2,2238,perf_20261002-161933_clu_rasp14_pi4gb_r2,2,561,1790957978669,0,1790960872055.927,515.985,8.193,1790960872580.597,Normal,0.9303
rasp1,48487,20261002-161933_clu_rasp14_pi4gb_r2,2251,perf_20261002-161933_clu_rasp14_pi4gb_r2,2,562,1790957978671,0,1790960872581.64,429.659,8.964,1790960873020.82,Normal,0.6873
rasp1,48487,20261002-161933_clu_rasp14_pi4gb_r2,2252,perf_20261002-161933_clu_rasp14_pi4gb_r2,2,563,1790957978671,0,1790960873022.167,375.188,8.654,1790960873406.559,Normal,0.903
rasp1,48487,20261002-161933_clu_rasp14_pi4gb_r2,2253,perf_20261002-161933_clu_rasp14_pi4gb_r2,2,564,1790957978671,0,1790960873407.619,663.936,8.424,1790960874080.547,Normal,0.9498
rasp1,48487,20261002-161933_clu_rasp14_pi4gb_r2,2265,perf_20261002-161933_clu_rasp14_pi4gb_r2,2,565,1790957978672,0,1790960874081.976,437.843,9.032,1790960874529.372,Normal,0.9204
rasp1,48487,20261002-161933_clu_rasp14_pi4gb_r2,2267,perf_20261002-161933_clu_rasp14_pi4gb_r2,2,566,1790957978672,0,1790960874530.443,356.683,7.025,1790960874894.617,Normal,0.9375
rasp1,48487,20261002-161933_clu_rasp14_pi4gb_r2,2275,perf_20261002-161933_clu_rasp14_pi4gb_r2,2,567,1790957978672,0,1790960874895.578,401.751,6.773,1790960875304.606,Normal,0.9606
rasp1,48487,20261002-161933_clu_rasp14_pi4gb_r2,2276,perf_20261002-161933_clu_rasp14_pi4gb_r2,2,568,1790957978673,0,1790960875305.578,463.444,8.668,1790960875778.148,Normal,0.9422
rasp1,48487,20261002-161933_clu_rasp14_pi4gb_r2,2281,perf_20261002-161933_clu_rasp14_pi4gb_r2,2,569,1790957978673,0,1790960875779.111,462.888,8.948,1790960876251.409,Normal,0.6376
rasp1,48487,20261002-161933_clu_rasp14_pi4gb_r2,2282,perf_20261002-161933_clu_rasp14_pi4gb_r2,2,570,1790957978673,0,1790960876252.366,462.832,8.359,1790960876724.021,Normal,0.9228
rasp1,48487,20261002-161933_clu_rasp14_pi4gb_r2,2283,perf_20261002-161933_clu_rasp14_pi4gb_r2,2,571,1790957978673,0,1790960876725.126,484.599,7.59,1790960877217.809,Normal,0.9342
rasp1,48487,20261002-161933_clu_rasp14_pi4gb_r2,2285,perf_20261002-161933_clu_rasp14_pi4gb_r2,2,572,1790957978673,0,1790960877218.78,618.976,8.149,1790960877846.389,Normal,0.9765
rasp1,48487,20261002-161933_clu_rasp14_pi4gb_r2,2286,perf_20261002-161933_clu_rasp14_pi4gb_r2,2,573,1790957978673,0,1790960877847.488,661.519,7.935,1790960878517.41,OFFENSIVE,0.3833
rasp1,48487,20261002-161933_clu_rasp14_pi4gb_r2,2291,perf_20261002-161933_clu_rasp14_pi4gb_r2,2,574,1790957978674,0,1790960878518.357,400.474,7.729,1790960878927.017,Normal,0.9427
rasp1,48487,20261002-161933_clu_rasp14_pi4gb_r2,2292,perf_20261002-161933_clu_rasp14_pi4gb_r2,2,575,1790957978674,0,1790960878927.977,364.502,7.682,1790960879300.673,Normal,0.9499
rasp1,48487,20261002-161933_clu_rasp14_pi4gb_r2,2295,perf_20261002-161933_clu_rasp14_pi4gb_r2,2,576,1790957978674,0,1790960879301.643,601.272,7.906,1790960879911.289,Normal,0.8185
rasp1,48487,20261002-161933_clu_rasp14_pi4gb_r2,2296,perf_20261002-161933_clu_rasp14_pi4gb_r2,2,577,1790957978674,0,1790960879912.257,364.702,8.505,1790960880285.929,Normal,0.9608
rasp1,48487,20261002-161933_clu_rasp14_pi4gb_r2,2300,perf_20261002-161933_clu_rasp14_pi4gb_r2,2,578,1790957978675,0,1790960880286.883,332.462,7.275,1790960880627.125,Normal,0.931
rasp1,48487,20261002-161933_clu_rasp14_pi4gb_r2,2302,perf_20261002-161933_clu_rasp14_pi4gb_r2,2,579,1790957978675,0,1790960880628.089,532.965,8.622,1790960881170.144,Normal,0.9682
rasp1,48487,20261002-161933_clu_rasp14_pi4gb_r2,2304,perf_20261002-161933_clu_rasp14_pi4gb_r2,2,580,1790957978675,0,1790960881171.106,401.227,7.428,1790960881580.274,Normal,0.8791
rasp1,48487,20261002-161933_clu_rasp14_pi4gb_r2,2312,perf_20261002-161933_clu_rasp14_pi4gb_r2,2,581,1790957978676,0,1790960881581.231,400.256,8.154,1790960881990.148,Normal,0.9699
rasp1,48487,20261002-161933_clu_rasp14_pi4gb_r2,2320,perf_20261002-161933_clu_rasp14_pi4gb_r2,2,582,1790957978676,0,1790960881991.097,337.125,8.52,1790960882337.273,Normal,0.9424
rasp1,48487,20261002-161933_clu_rasp14_pi4gb_r2,2325,perf_20261002-161933_clu_rasp14_pi4gb_r2,2,583,1790957978677,0,1790960882338.262,518.883,7.932,1790960882865.563,Normal,0.8525
rasp1,48487,20261002-161933_clu_rasp14_pi4gb_r2,2329,perf_20261002-161933_clu_rasp14_pi4gb_r2,2,584,1790957978677,0,1790960882866.618,497.85,8.942,1790960883373.944,Normal,0.9552
rasp1,48487,20261002-161933_clu_rasp14_pi4gb_r2,2336,perf_20261002-161933_clu_rasp14_pi4gb_r2,2,585,1790957978678,0,1790960883374.959,421.366,9.427,1790960883806.262,Normal,0.881
rasp1,48487,20261002-161933_clu_rasp14_pi4gb_r2,2337,perf_20261002-161933_clu_rasp14_pi4gb_r2,2,586,1790957978678,0,1790960883807.378,344.13,8.08,1790960884160.103,Normal,0.9389
rasp1,48487,20261002-161933_clu_rasp14_pi4gb_r2,2341,perf_20261002-161933_clu_rasp14_pi4gb_r2,2,587,1790957978678,0,1790960884161.05,2477.745,8.573,1790960886647.907,Normal,0.9407
rasp1,48487,20261002-161933_clu_rasp14_pi4gb_r2,2344,perf_20261002-161933_clu_rasp14_pi4gb_r2,2,588,1790957978678,0,1790960886648.915,488.381,6.644,1790960887144.474,Normal,0.9768
rasp1,48487,20261002-161933_clu_rasp14_pi4gb_r2,2346,perf_20261002-161933_clu_rasp14_pi4gb_r2,2,589,1790957978679,0,1790960887145.457,558.329,8.527,1790960887712.863,Normal,0.8414
rasp1,48487,20261002-161933_clu_rasp14_pi4gb_r2,2347,perf_20261002-161933_clu_rasp14_pi4gb_r2,2,590,1790957978679,0,1790960887714.1,375.011,8.774,1790960888098.37,Normal,0.9454
rasp1,48487,20261002-161933_clu_rasp14_pi4gb_r2,2349,perf_20261002-161933_clu_rasp14_pi4gb_r2,2,591,1790957978679,0,1790960888099.582,466.292,8.601,1790960888574.969,Normal,0.9584
rasp1,48487,20261002-161933_clu_rasp14_pi4gb_r2,2352,perf_20261002-161933_clu_rasp14_pi4gb_r2,2,592,1790957978679,0,1790960888575.966,405.695,7.775,1790960888990.104,Normal,0.8532
rasp1,48487,20261002-161933_clu_rasp14_pi4gb_r2,2361,perf_20261002-161933_clu_rasp14_pi4gb_r2,2,593,1790957978680,0,1790960888991.085,511.069,8.163,1790960889510.808,OFFENSIVE,0.832
rasp1,48487,20261002-161933_clu_rasp14_pi4gb_r2,2363,perf_20261002-161933_clu_rasp14_pi4gb_r2,2,594,1790957978680,0,1790960889511.786,394.456,7.228,1790960889913.996,HATE,0.872
rasp1,48487,20261002-161933_clu_rasp14_pi4gb_r2,2364,perf_20261002-161933_clu_rasp14_pi4gb_r2,2,595,1790957978680,0,1790960889914.965,467.381,8.452,1790960890391.33,Normal,0.9725
rasp1,48487,20261002-161933_clu_rasp14_pi4gb_r2,2368,perf_20261002-161933_clu_rasp14_pi4gb_r2,2,596,1790957978680,0,1790960890392.324,639.777,7.809,1790960891040.401,Normal,0.9632
rasp1,48487,20261002-161933_clu_rasp14_pi4gb_r2,2370,perf_20261002-161933_clu_rasp14_pi4gb_r2,2,597,1790957978681,0,1790960891041.388,334.478,7.892,1790960891384.242,Normal,0.9447
rasp1,48487,20261002-161933_clu_rasp14_pi4gb_r2,2372,perf_20261002-161933_clu_rasp14_pi4gb_r2,2,598,1790957978681,0,1790960891385.215,334.296,7.441,1790960891727.484,Normal,0.8975
rasp1,48487,20261002-161933_clu_rasp14_pi4gb_r2,2374,perf_20261002-161933_clu_rasp14_pi4gb_r2,2,599,1790957978681,0,1790960891728.449,390.971,7.72,1790960892127.764,Normal,0.9135
rasp1,48487,20261002-161933_clu_rasp14_pi4gb_r2,2375,perf_20261002-161933_clu_rasp14_pi4gb_r2,2,600,1790957978681,0,1790960892128.743,334.833,7.799,1790960892471.886,Normal,0.8999
rasp1,48487,20261002-161933_clu_rasp14_pi4gb_r2,2376,perf_20261002-161933_clu_rasp14_pi4gb_r2,2,601,1790957978681,0,1790960892472.861,1003.648,9.846,1790960893486.901,Normal,0.9272
rasp1,48487,20261002-161933_clu_rasp14_pi4gb_r2,2386,perf_20261002-161933_clu_rasp14_pi4gb_r2,2,602,1790957978682,0,1790960893487.918,463.115,8.694,1790960893960.193,Normal,0.898
rasp1,48487,20261002-161933_clu_rasp14_pi4gb_r2,2389,perf_20261002-161933_clu_rasp14_pi4gb_r2,2,603,1790957978682,0,1790960893961.173,335.353,8.663,1790960894305.745,Normal,0.9375
rasp1,48487,20261002-161933_clu_rasp14_pi4gb_r2,2390,perf_20261002-161933_clu_rasp14_pi4gb_r2,2,604,1790957978683,0,1790960894306.769,492.642,8.526,1790960894808.469,Normal,0.9669
rasp1,48487,20261002-161933_clu_rasp14_pi4gb_r2,2391,perf_20261002-161933_clu_rasp14_pi4gb_r2,2,605,1790957978683,0,1790960894809.476,677.734,8.963,1790960895496.654,Normal,0.902
rasp1,48487,20261002-161933_clu_rasp14_pi4gb_r2,2394,perf_20261002-161933_clu_rasp14_pi4gb_r2,2,606,1790957978683,0,1790960895497.87,574.114,8.34,1790960896080.803,Normal,0.9462
rasp1,48487,20261002-161933_clu_rasp14_pi4gb_r2,2396,perf_20261002-161933_clu_rasp14_pi4gb_r2,2,607,1790957978683,0,1790960896081.809,492.104,8.035,1790960896582.412,Normal,0.9708
rasp1,48487,20261002-161933_clu_rasp14_pi4gb_r2,2397,perf_20261002-161933_clu_rasp14_pi4gb_r2,2,608,1790957978683,0,1790960896583.394,334.799,8.252,1790960896926.907,Normal,0.9375
rasp1,48487,20261002-161933_clu_rasp14_pi4gb_r2,2400,perf_20261002-161933_clu_rasp14_pi4gb_r2,2,609,1790957978683,0,1790960896927.973,333.634,7.533,1790960897269.655,Normal,0.9127
rasp1,48487,20261002-161933_clu_rasp14_pi4gb_r2,2401,perf_20261002-161933_clu_rasp14_pi4gb_r2,2,610,1790957978683,0,1790960897270.62,507.427,8.303,1790960897786.818,Normal,0.7874
rasp1,48487,20261002-161933_clu_rasp14_pi4gb_r2,2406,perf_20261002-161933_clu_rasp14_pi4gb_r2,2,611,1790957978684,0,1790960897787.78,534.331,7.641,1790960898330.229,Normal,0.9401
rasp1,48487,20261002-161933_clu_rasp14_pi4gb_r2,2413,perf_20261002-161933_clu_rasp14_pi4gb_r2,2,612,1790957978684,0,1790960898331.207,462.325,8.044,1790960898802.114,Normal,0.9553
rasp1,48487,20261002-161933_clu_rasp14_pi4gb_r2,2431,perf_20261002-161933_clu_rasp14_pi4gb_r2,2,613,1790957978686,0,1790960898803.297,335.197,8.04,1790960899147.055,Normal,0.9423
rasp1,48487,20261002-161933_clu_rasp14_pi4gb_r2,2432,perf_20261002-161933_clu_rasp14_pi4gb_r2,2,614,1790957978686,0,1790960899148.026,364.806,7.561,1790960899520.858,Normal,0.9638
rasp1,48487,20261002-161933_clu_rasp14_pi4gb_r2,2438,perf_20261002-161933_clu_rasp14_pi4gb_r2,2,615,1790957978687,0,1790960899521.824,507.328,9.653,1790960900039.274,Normal,0.8891
rasp1,48487,20261002-161933_clu_rasp14_pi4gb_r2,2442,perf_20261002-161933_clu_rasp14_pi4gb_r2,2,616,1790957978687,0,1790960900040.243,400.95,9.253,1790960900451.093,Normal,0.9571
rasp1,48487,20261002-161933_clu_rasp14_pi4gb_r2,2451,perf_20261002-161933_clu_rasp14_pi4gb_r2,2,617,1790957978688,0,1790960900452.058,333.585,8.242,1790960900794.408,Normal,0.8992
rasp1,48487,20261002-161933_clu_rasp14_pi4gb_r2,2456,perf_20261002-161933_clu_rasp14_pi4gb_r2,2,618,1790957978688,0,1790960900795.542,534.111,7.622,1790960901337.796,Normal,0.8845
rasp1,48487,20261002-161933_clu_rasp14_pi4gb_r2,2458,perf_20261002-161933_clu_rasp14_pi4gb_r2,2,619,1790957978688,0,1790960901338.815,333.518,7.846,1790960901680.683,Normal,0.9423
rasp1,48487,20261002-161933_clu_rasp14_pi4gb_r2,2462,perf_20261002-161933_clu_rasp14_pi4gb_r2,2,620,1790957978689,0,1790960901681.644,484.248,8.037,1790960902174.396,Normal,0.9566
rasp1,48487,20261002-161933_clu_rasp14_pi4gb_r2,2465,perf_20261002-161933_clu_rasp14_pi4gb_r2,2,621,1790957978689,0,1790960902175.356,532.876,8.256,1790960902716.953,Normal,0.9149
rasp1,48487,20261002-161933_clu_rasp14_pi4gb_r2,2467,perf_20261002-161933_clu_rasp14_pi4gb_r2,2,622,1790957978689,0,1790960902717.915,365.6,7.665,1790960903091.691,Normal,0.9552
rasp1,48487,20261002-161933_clu_rasp14_pi4gb_r2,2482,perf_20261002-161933_clu_rasp14_pi4gb_r2,2,623,1790957978690,0,1790960903092.661,334.64,7.669,1790960903435.477,Normal,0.9423
rasp1,48487,20261002-161933_clu_rasp14_pi4gb_r2,2489,perf_20261002-161933_clu_rasp14_pi4gb_r2,2,624,1790957978691,0,1790960903436.439,401.101,8.571,1790960903846.652,Normal,0.9641
rasp1,48487,20261002-161933_clu_rasp14_pi4gb_r2,2491,perf_20261002-161933_clu_rasp14_pi4gb_r2,2,625,1790957978691,0,1790960903847.644,483.145,8.095,1790960904339.365,Normal,0.9144
rasp1,48487,20261002-161933_clu_rasp14_pi4gb_r2,2496,perf_20261002-161933_clu_rasp14_pi4gb_r2,2,626,1790957978692,0,1790960904340.332,390.562,7.875,1790960904739.231,Normal,0.9657
rasp1,48487,20261002-161933_clu_rasp14_pi4gb_r2,2501,perf_20261002-161933_clu_rasp14_pi4gb_r2,2,627,1790957978693,0,1790960904740.371,552.231,8.578,1790960905301.74,Normal,0.8787
rasp1,48487,20261002-161933_clu_rasp14_pi4gb_r2,2504,perf_20261002-161933_clu_rasp14_pi4gb_r2,2,628,1790957978693,0,1790960905302.656,506.678,8.088,1790960905817.931,Normal,0.9652
rasp1,48487,20261002-161933_clu_rasp14_pi4gb_r2,2506,perf_20261002-161933_clu_rasp14_pi4gb_r2,2,629,1790957978693,0,1790960905818.893,484.283,7.786,1790960906311.43,Normal,0.9445
rasp1,48487,20261002-161933_clu_rasp14_pi4gb_r2,2512,perf_20261002-161933_clu_rasp14_pi4gb_r2,2,630,1790957978694,0,1790960906312.396,774.335,7.985,1790960907095.198,Normal,0.9611
rasp1,48487,20261002-161933_clu_rasp14_pi4gb_r2,2514,perf_20261002-161933_clu_rasp14_pi4gb_r2,2,631,1790957978694,0,1790960907096.265,399.947,7.474,1790960907504.152,Normal,0.9261
rasp1,48487,20261002-161933_clu_rasp14_pi4gb_r2,2516,perf_20261002-161933_clu_rasp14_pi4gb_r2,2,632,1790957978694,0,1790960907505.109,484.087,8.441,1790960907998.113,Normal,0.9712
rasp1,48487,20261002-161933_clu_rasp14_pi4gb_r2,2517,perf_20261002-161933_clu_rasp14_pi4gb_r2,2,633,1790957978694,0,1790960907999.129,455.846,7.787,1790960908463.228,Normal,0.8281
rasp1,48487,20261002-161933_clu_rasp14_pi4gb_r2,2521,perf_20261002-161933_clu_rasp14_pi4gb_r2,2,634,1790957978694,0,1790960908464.183,534.781,8.197,1790960909007.641,Normal,0.9581
rasp1,48487,20261002-161933_clu_rasp14_pi4gb_r2,2522,perf_20261002-161933_clu_rasp14_pi4gb_r2,2,635,1790957978694,0,1790960909008.825,1139.222,8.127,1790960910156.656,Normal,0.976
rasp1,48487,20261002-161933_clu_rasp14_pi4gb_r2,2527,perf_20261002-161933_clu_rasp14_pi4gb_r2,2,636,1790957978695,0,1790960910157.615,534.838,7.714,1790960910700.821,Normal,0.9291
rasp1,48487,20261002-161933_clu_rasp14_pi4gb_r2,2529,perf_20261002-161933_clu_rasp14_pi4gb_r2,2,637,1790957978695,0,1790960910701.769,485.709,7.438,1790960911195.43,Normal,0.9423
rasp1,48487,20261002-161933_clu_rasp14_pi4gb_r2,2533,perf_20261002-161933_clu_rasp14_pi4gb_r2,2,638,1790957978695,0,1790960911196.383,446.25,8.221,1790960911651.378,Normal,0.72
rasp1,48487,20261002-161933_clu_rasp14_pi4gb_r2,2540,perf_20261002-161933_clu_rasp14_pi4gb_r2,2,639,1790957978696,0,1790960911652.354,334.264,8.673,1790960911995.807,Normal,0.8813
rasp1,48487,20261002-161933_clu_rasp14_pi4gb_r2,2541,perf_20261002-161933_clu_rasp14_pi4gb_r2,2,640,1790957978696,0,1790960911996.765,447.271,9.73,1790960912454.235,Normal,0.9247
rasp1,48487,20261002-161933_clu_rasp14_pi4gb_r2,2545,perf_20261002-161933_clu_rasp14_pi4gb_r2,2,641,1790957978696,0,1790960912455.184,334.695,8.476,1790960912798.821,Normal,0.9423
rasp1,48487,20261002-161933_clu_rasp14_pi4gb_r2,2546,perf_20261002-161933_clu_rasp14_pi4gb_r2,2,642,1790957978696,0,1790960912799.767,400.421,7.806,1790960913208.458,Normal,0.9561
rasp1,48487,20261002-161933_clu_rasp14_pi4gb_r2,2550,perf_20261002-161933_clu_rasp14_pi4gb_r2,2,643,1790957978697,0,1790960913209.41,447.211,9.181,1790960913666.317,Normal,0.9677
rasp1,48487,20261002-161933_clu_rasp14_pi4gb_r2,2553,perf_20261002-161933_clu_rasp14_pi4gb_r2,2,644,1790957978697,0,1790960913667.282,402.188,8.523,1790960914078.65,Normal,0.9633
rasp1,48487,20261002-161933_clu_rasp14_pi4gb_r2,2560,perf_20261002-161933_clu_rasp14_pi4gb_r2,2,645,1790957978698,0,1790960914079.628,365.364,7.707,1790960914453.171,Normal,0.9195
rasp1,48487,20261002-161933_clu_rasp14_pi4gb_r2,2562,perf_20261002-161933_clu_rasp14_pi4gb_r2,2,646,1790957978698,0,1790960914454.127,391.007,7.569,1790960914853.25,Normal,0.6822
rasp1,48487,20261002-161933_clu_rasp14_pi4gb_r2,2566,perf_20261002-161933_clu_rasp14_pi4gb_r2,2,647,1790957978698,0,1790960914854.205,550.872,8.216,1790960915413.759,Normal,0.964
rasp1,48487,20261002-161933_clu_rasp14_pi4gb_r2,2567,perf_20261002-161933_clu_rasp14_pi4gb_r2,2,648,1790957978698,0,1790960915414.677,909.065,8.13,1790960916332.39,Normal,0.9813
rasp1,48487,20261002-161933_clu_rasp14_pi4gb_r2,2571,perf_20261002-161933_clu_rasp14_pi4gb_r2,2,649,1790957978699,0,1790960916333.059,1244.102,7.734,1790960917585.411,Normal,0.9757
rasp1,48487,20261002-161933_clu_rasp14_pi4gb_r2,2577,perf_20261002-161933_clu_rasp14_pi4gb_r2,2,650,1790957978699,0,1790960917586.429,691.334,8.403,1790960918286.672,Normal,0.9539
rasp1,48487,20261002-161933_clu_rasp14_pi4gb_r2,2581,perf_20261002-161933_clu_rasp14_pi4gb_r2,2,651,1790957978700,0,1790960918287.696,457.319,8.237,1790960918753.812,Normal,0.956
rasp1,48487,20261002-161933_clu_rasp14_pi4gb_r2,2584,perf_20261002-161933_clu_rasp14_pi4gb_r2,2,652,1790957978700,0,1790960918754.831,495.378,7.997,1790960919263.573,Normal,0.781
rasp1,48487,20261002-161933_clu_rasp14_pi4gb_r2,2585,perf_20261002-161933_clu_rasp14_pi4gb_r2,2,653,1790957978700,0,1790960919264.58,378.895,8.845,1790960919652.99,Normal,0.9572
rasp1,48487,20261002-161933_clu_rasp14_pi4gb_r2,2590,perf_20261002-161933_clu_rasp14_pi4gb_r2,2,654,1790957978700,0,1790960919654.241,415.002,8.502,1790960920078.293,Normal,0.8772
rasp1,48487,20261002-161933_clu_rasp14_pi4gb_r2,2592,perf_20261002-161933_clu_rasp14_pi4gb_r2,2,655,1790957978700,0,1790960920079.383,626.207,8.133,1790960920714.257,Normal,0.9673
rasp1,48487,20261002-161933_clu_rasp14_pi4gb_r2,2595,perf_20261002-161933_clu_rasp14_pi4gb_r2,2,656,1790957978701,0,1790960920715.222,552.299,8.06,1790960921276.115,Normal,0.9304
rasp1,48487,20261002-161933_clu_rasp14_pi4gb_r2,2604,perf_20261002-161933_clu_rasp14_pi4gb_r2,2,657,1790957978701,0,1790960921277.258,364.405,7.309,1790960921649.512,Normal,0.9256
rasp1,48487,20261002-161933_clu_rasp14_pi4gb_r2,2616,perf_20261002-161933_clu_rasp14_pi4gb_r2,2,658,1790957978702,0,1790960921650.46,323.558,7.852,1790960921982.354,Normal,0.9324
rasp1,48487,20261002-161933_clu_rasp14_pi4gb_r2,2617,perf_20261002-161933_clu_rasp14_pi4gb_r2,2,659,1790957978702,0,1790960921983.322,603.983,8.476,1790960922596.317,Normal,0.9616
rasp1,48487,20261002-161933_clu_rasp14_pi4gb_r2,2623,perf_20261002-161933_clu_rasp14_pi4gb_r2,2,660,1790957978704,0,1790960922597.275,390.558,8.151,1790960922996.465,Normal,0.8008
rasp1,48487,20261002-161933_clu_rasp14_pi4gb_r2,2624,perf_20261002-161933_clu_rasp14_pi4gb_r2,2,661,1790957978704,0,1790960922997.415,463.369,8.082,1790960923469.357,Normal,0.7771
rasp1,48487,20261002-161933_clu_rasp14_pi4gb_r2,2627,perf_20261002-161933_clu_rasp14_pi4gb_r2,2,662,1790957978704,0,1790960923470.307,364.061,6.966,1790960923841.867,Normal,0.9704
rasp1,48487,20261002-161933_clu_rasp14_pi4gb_r2,2638,perf_20261002-161933_clu_rasp14_pi4gb_r2,2,663,1790957978705,0,1790960923842.529,475.704,10.328,1790960924360.549,Normal,0.7809
rasp1,48487,20261002-161933_clu_rasp14_pi4gb_r2,2641,perf_20261002-161933_clu_rasp14_pi4gb_r2,2,664,1790957978705,0,1790960924361.541,507.775,8.294,1790960924878.141,Normal,0.962
rasp1,48487,20261002-161933_clu_rasp14_pi4gb_r2,2652,perf_20261002-161933_clu_rasp14_pi4gb_r2,2,665,1790957978706,0,1790960924879.103,401.391,7.592,1790960925288.618,Normal,0.9647
rasp1,48487,20261002-161933_clu_rasp14_pi4gb_r2,2653,perf_20261002-161933_clu_rasp14_pi4gb_r2,2,666,1790957978706,0,1790960925289.61,428.858,8.358,1790960925727.366,Normal,0.9718
rasp1,48487,20261002-161933_clu_rasp14_pi4gb_r2,2659,perf_20261002-161933_clu_rasp14_pi4gb_r2,2,667,1790957978707,0,1790960925728.33,463.042,7.779,1790960926199.696,Normal,0.9466
rasp1,48487,20261002-161933_clu_rasp14_pi4gb_r2,2661,perf_20261002-161933_clu_rasp14_pi4gb_r2,2,668,1790957978707,0,1790960926200.657,1234.178,8.435,1790960927443.772,Normal,0.9446
rasp1,48487,20261002-161933_clu_rasp14_pi4gb_r2,2678,perf_20261002-161933_clu_rasp14_pi4gb_r2,2,669,1790957978709,0,1790960927444.691,391.53,7.309,1790960927844.21,Normal,0.8525
rasp1,48487,20261002-161933_clu_rasp14_pi4gb_r2,2680,perf_20261002-161933_clu_rasp14_pi4gb_r2,2,670,1790957978709,0,1790960927845.155,334.935,8.212,1790960928188.787,Normal,0.9375
rasp1,48487,20261002-161933_clu_rasp14_pi4gb_r2,2683,perf_20261002-161933_clu_rasp14_pi4gb_r2,2,671,1790957978709,0,1790960928189.764,442.999,5.989,1790960928639.073,Normal,0.9276
rasp1,48487,20261002-161933_clu_rasp14_pi4gb_r2,2684,perf_20261002-161933_clu_rasp14_pi4gb_r2,2,672,1790957978709,0,1790960928639.642,531.922,7.986,1790960929180.071,Normal,0.9515
rasp1,48487,20261002-161933_clu_rasp14_pi4gb_r2,2703,perf_20261002-161933_clu_rasp14_pi4gb_r2,2,673,1790957978711,0,1790960929181.028,394.01,7.889,1790960929583.661,OFFENSIVE,0.4995
rasp1,48487,20261002-161933_clu_rasp14_pi4gb_r2,2707,perf_20261002-161933_clu_rasp14_pi4gb_r2,2,674,1790957978711,0,1790960929584.638,730.247,8.138,1790960930323.531,Normal,0.9543
rasp1,48487,20261002-161933_clu_rasp14_pi4gb_r2,2714,perf_20261002-161933_clu_rasp14_pi4gb_r2,2,675,1790957978712,0,1790960930324.519,517.498,8.779,1790960930851.285,Normal,0.8908
rasp1,48487,20261002-161933_clu_rasp14_pi4gb_r2,2715,perf_20261002-161933_clu_rasp14_pi4gb_r2,2,676,1790957978712,0,1790960930852.322,316.089,8.022,1790960931176.986,Normal,0.9047
rasp1,48487,20261002-161933_clu_rasp14_pi4gb_r2,2718,perf_20261002-161933_clu_rasp14_pi4gb_r2,2,677,1790957978712,0,1790960931178.073,396.368,6.654,1790960931581.452,Normal,0.9201
rasp1,48487,20261002-161933_clu_rasp14_pi4gb_r2,2721,perf_20261002-161933_clu_rasp14_pi4gb_r2,2,678,1790957978712,0,1790960931582.061,323.958,7.832,1790960931914.325,Normal,0.9239
rasp1,48487,20261002-161933_clu_rasp14_pi4gb_r2,2722,perf_20261002-161933_clu_rasp14_pi4gb_r2,2,679,1790957978712,0,1790960931915.341,549.877,6.678,1790960932472.216,Normal,0.9275
rasp1,48487,20261002-161933_clu_rasp14_pi4gb_r2,2726,perf_20261002-161933_clu_rasp14_pi4gb_r2,2,680,1790957978713,0,1790960932472.848,392.785,8.295,1790960932874.471,Normal,0.963
rasp1,48487,20261002-161933_clu_rasp14_pi4gb_r2,2730,perf_20261002-161933_clu_rasp14_pi4gb_r2,2,681,1790957978713,0,1790960932875.442,493.426,7.714,1790960933377.083,Normal,0.9656
rasp1,48487,20261002-161933_clu_rasp14_pi4gb_r2,2733,perf_20261002-161933_clu_rasp14_pi4gb_r2,2,682,1790957978713,0,1790960933378.098,683.411,9.288,1790960934071.386,Normal,0.9662
rasp1,48487,20261002-161933_clu_rasp14_pi4gb_r2,2739,perf_20261002-161933_clu_rasp14_pi4gb_r2,2,683,1790957978714,0,1790960934072.446,783.733,9.024,1790960934865.987,Normal,0.8766
rasp1,48487,20261002-161933_clu_rasp14_pi4gb_r2,2746,perf_20261002-161933_clu_rasp14_pi4gb_r2,2,684,1790957978715,0,1790960934867.314,389.278,7.333,1790960935264.494,Normal,0.9556
rasp1,48487,20261002-161933_clu_rasp14_pi4gb_r2,2747,perf_20261002-161933_clu_rasp14_pi4gb_r2,2,685,1790957978715,0,1790960935265.507,1705.551,9.251,1790960936980.836,Normal,0.9482
rasp1,48487,20261002-161933_clu_rasp14_pi4gb_r2,2748,perf_20261002-161933_clu_rasp14_pi4gb_r2,2,686,1790957978715,0,1790960936981.83,620.397,7.987,1790960937610.752,Normal,0.9668
rasp1,48487,20261002-161933_clu_rasp14_pi4gb_r2,2749,perf_20261002-161933_clu_rasp14_pi4gb_r2,2,687,1790957978715,0,1790960937611.669,365.601,7.616,1790960937985.415,Normal,0.9094
rasp1,48487,20261002-161933_clu_rasp14_pi4gb_r2,2763,perf_20261002-161933_clu_rasp14_pi4gb_r2,2,688,1790957978716,0,1790960937986.371,329.917,6.428,1790960938323.04,Normal,0.9544
rasp1,48487,20261002-161933_clu_rasp14_pi4gb_r2,2764,perf_20261002-161933_clu_rasp14_pi4gb_r2,2,689,1790957978716,0,1790960938323.603,387.297,7.839,1790960938719.217,Normal,0.9717
rasp1,48487,20261002-161933_clu_rasp14_pi4gb_r2,2770,perf_20261002-161933_clu_rasp14_pi4gb_r2,2,690,1790957978717,0,1790960938720.171,575.486,7.751,1790960939304.076,Normal,0.9632
rasp1,48487,20261002-161933_clu_rasp14_pi4gb_r2,2781,perf_20261002-161933_clu_rasp14_pi4gb_r2,2,691,1790957978718,0,1790960939305.113,321.811,8.113,1790960939635.524,Normal,0.9512
rasp1,48487,20261002-161933_clu_rasp14_pi4gb_r2,2789,perf_20261002-161933_clu_rasp14_pi4gb_r2,2,692,1790957978718,0,1790960939636.471,757.841,8.102,1790960940403.183,Normal,0.9465
rasp1,48487,20261002-161933_clu_rasp14_pi4gb_r2,2795,perf_20261002-161933_clu_rasp14_pi4gb_r2,2,693,1790957978719,0,1790960940404.151,416.221,8.311,1790960940829.305,Normal,0.8574
rasp1,48487,20261002-161933_clu_rasp14_pi4gb_r2,2799,perf_20261002-161933_clu_rasp14_pi4gb_r2,2,694,1790957978719,0,1790960940830.251,371.98,8.585,1790960941211.28,Normal,0.9221
rasp1,48487,20261002-161933_clu_rasp14_pi4gb_r2,2810,perf_20261002-161933_clu_rasp14_pi4gb_r2,2,695,1790957978720,0,1790960941212.228,441.712,6.945,1790960941661.2,Normal,0.8985
rasp1,48487,20261002-161933_clu_rasp14_pi4gb_r2,2814,perf_20261002-161933_clu_rasp14_pi4gb_r2,2,696,1790957978720,0,1790960941661.911,367.527,8.15,1790960942038.236,Normal,0.9483
rasp1,48487,20261002-161933_clu_rasp14_pi4gb_r2,2816,perf_20261002-161933_clu_rasp14_pi4gb_r2,2,697,1790957978721,0,1790960942039.199,364.35,8.783,1790960942412.843,Normal,0.9358
rasp1,48487,20261002-161933_clu_rasp14_pi4gb_r2,2819,perf_20261002-161933_clu_rasp14_pi4gb_r2,2,698,1790957978721,0,1790960942413.8,400.712,6.4,1790960942821.274,Normal,0.9772
rasp1,48487,20261002-161933_clu_rasp14_pi4gb_r2,2825,perf_20261002-161933_clu_rasp14_pi4gb_r2,2,699,1790957978721,0,1790960942821.872,330.985,8.091,1790960943161.4,Normal,0.9428
rasp1,48487,20261002-161933_clu_rasp14_pi4gb_r2,2827,perf_20261002-161933_clu_rasp14_pi4gb_r2,2,700,1790957978722,0,1790960943162.429,1661.333,8.847,1790960944833.107,Normal,0.9789
rasp1,48487,20261002-161933_clu_rasp14_pi4gb_r2,2828,perf_20261002-161933_clu_rasp14_pi4gb_r2,2,701,1790957978722,0,1790960944834.085,1113.432,7.616,1790960945955.531,Normal,0.9757
rasp1,48487,20261002-161933_clu_rasp14_pi4gb_r2,2836,perf_20261002-161933_clu_rasp14_pi4gb_r2,2,702,1790957978722,0,1790960945956.25,382.567,8.082,1790960946347.38,Normal,0.8767
rasp1,48487,20261002-161933_clu_rasp14_pi4gb_r2,2838,perf_20261002-161933_clu_rasp14_pi4gb_r2,2,703,1790957978722,0,1790960946348.377,398.257,10.018,1790960946757.317,Normal,0.8573
rasp1,48487,20261002-161933_clu_rasp14_pi4gb_r2,2839,perf_20261002-161933_clu_rasp14_pi4gb_r2,2,704,1790957978723,0,1790960946758.604,421.987,7.836,1790960947188.993,Normal,0.9591
rasp1,48487,20261002-161933_clu_rasp14_pi4gb_r2,2844,perf_20261002-161933_clu_rasp14_pi4gb_r2,2,705,1790957978723,0,1790960947190.048,476.894,8.713,1790960947676.119,Normal,0.847
rasp1,48487,20261002-161933_clu_rasp14_pi4gb_r2,2847,perf_20261002-161933_clu_rasp14_pi4gb_r2,2,706,1790957978723,0,1790960947677.084,365.087,9.148,1790960948051.782,Normal,0.9043
rasp1,48487,20261002-161933_clu_rasp14_pi4gb_r2,2849,perf_20261002-161933_clu_rasp14_pi4gb_r2,2,707,1790957978723,0,1790960948052.696,365.125,8.028,1790960948426.389,Normal,0.9487
rasp1,48487,20261002-161933_clu_rasp14_pi4gb_r2,2851,perf_20261002-161933_clu_rasp14_pi4gb_r2,2,708,1790957978723,0,1790960948427.018,855.6,8.483,1790960949291.651,Normal,0.8052
rasp1,48487,20261002-161933_clu_rasp14_pi4gb_r2,2853,perf_20261002-161933_clu_rasp14_pi4gb_r2,2,709,1790957978724,0,1790960949292.625,590.159,7.622,1790960949890.899,Normal,0.9471
rasp1,48487,20261002-161933_clu_rasp14_pi4gb_r2,2856,perf_20261002-161933_clu_rasp14_pi4gb_r2,2,710,1790957978724,0,1790960949891.968,669.937,7.928,1790960950570.326,Normal,0.8748
rasp1,48487,20261002-161933_clu_rasp14_pi4gb_r2,2858,perf_20261002-161933_clu_rasp14_pi4gb_r2,2,711,1790957978724,0,1790960950571.304,324.564,8.557,1790960950905.003,Normal,0.9344
rasp1,48487,20261002-161933_clu_rasp14_pi4gb_r2,2867,perf_20261002-161933_clu_rasp14_pi4gb_r2,2,712,1790957978725,0,1790960950906.003,425.737,8.791,1790960951341.022,Normal,0.9439
rasp1,48487,20261002-161933_clu_rasp14_pi4gb_r2,2868,perf_20261002-161933_clu_rasp14_pi4gb_r2,2,713,1790957978725,0,1790960951342.006,309.307,8.173,1790960951660.013,Normal,0.9529
rasp1,48487,20261002-161933_clu_rasp14_pi4gb_r2,2871,perf_20261002-161933_clu_rasp14_pi4gb_r2,2,714,1790957978725,0,1790960951660.999,1525.151,8.249,1790960953194.908,Normal,0.8248
rasp1,48487,20261002-161933_clu_rasp14_pi4gb_r2,2873,perf_20261002-161933_clu_rasp14_pi4gb_r2,2,715,1790957978726,0,1790960953195.882,507.852,8.054,1790960953712.282,Normal,0.5852
rasp1,48487,20261002-161933_clu_rasp14_pi4gb_r2,2878,perf_20261002-161933_clu_rasp14_pi4gb_r2,2,716,1790957978726,0,1790960953713.447,351.074,6.574,1790960954071.468,Normal,0.9555
rasp1,48487,20261002-161933_clu_rasp14_pi4gb_r2,2879,perf_20261002-161933_clu_rasp14_pi4gb_r2,2,717,1790957978726,0,1790960954072.07,550.337,8.173,1790960954631.254,Normal,0.9786
rasp1,48487,20261002-161933_clu_rasp14_pi4gb_r2,2887,perf_20261002-161933_clu_rasp14_pi4gb_r2,2,718,1790957978727,0,1790960954632.226,431.304,6.591,1790960955070.49,Normal,0.8961
rasp1,48487,20261002-161933_clu_rasp14_pi4gb_r2,2889,perf_20261002-161933_clu_rasp14_pi4gb_r2,2,719,1790957978727,0,1790960955071.174,381.203,6.861,1790960955459.561,Normal,0.9662
rasp1,48487,20261002-161933_clu_rasp14_pi4gb_r2,2894,perf_20261002-161933_clu_rasp14_pi4gb_r2,2,720,1790957978727,0,1790960955460.551,483.611,7.762,1790960955956.153,Normal,0.9699
rasp1,48487,20261002-161933_clu_rasp14_pi4gb_r2,2897,perf_20261002-161933_clu_rasp14_pi4gb_r2,2,721,1790957978727,0,1790960955956.855,348.246,7.002,1790960956312.416,Normal,0.9289
rasp1,48487,20261002-161933_clu_rasp14_pi4gb_r2,2916,perf_20261002-161933_clu_rasp14_pi4gb_r2,2,722,1790957978729,0,1790960956313.29,301.443,8.049,1790960956623.271,Normal,0.9392
rasp1,48487,20261002-161933_clu_rasp14_pi4gb_r2,2918,perf_20261002-161933_clu_rasp14_pi4gb_r2,2,723,1790957978729,0,1790960956624.242,327.127,7.918,1790960956959.824,Normal,0.9414
rasp1,48487,20261002-161933_clu_rasp14_pi4gb_r2,2919,perf_20261002-161933_clu_rasp14_pi4gb_r2,2,724,1790957978729,0,1790960956960.875,390.04,7.265,1790960957358.67,Normal,0.9338
rasp1,48487,20261002-161933_clu_rasp14_pi4gb_r2,2921,perf_20261002-161933_clu_rasp14_pi4gb_r2,2,725,1790957978729,0,1790960957359.265,2665.663,7.952,1790960960033.395,Normal,0.9035
rasp1,48487,20261002-161933_clu_rasp14_pi4gb_r2,2926,perf_20261002-161933_clu_rasp14_pi4gb_r2,2,726,1790957978737,0,1790960960034.374,391.922,8.757,1790960960435.582,Normal,0.9683
rasp1,48487,20261002-161933_clu_rasp14_pi4gb_r2,2929,perf_20261002-161933_clu_rasp14_pi4gb_r2,2,727,1790957978746,0,1790960960436.543,447.839,6.72,1790960960891.462,Normal,0.9144
rasp1,48487,20261002-161933_clu_rasp14_pi4gb_r2,2931,perf_20261002-161933_clu_rasp14_pi4gb_r2,2,728,1790957978746,0,1790960960892.168,309.909,8.618,1790960961214.932,Normal,0.8293
rasp1,48487,20261002-161933_clu_rasp14_pi4gb_r2,2933,perf_20261002-161933_clu_rasp14_pi4gb_r2,2,729,1790957978762,0,1790960961216.026,364.453,7.97,1790960961588.983,Normal,0.9629
rasp1,48487,20261002-161933_clu_rasp14_pi4gb_r2,2934,perf_20261002-161933_clu_rasp14_pi4gb_r2,2,730,1790957978762,0,1790960961589.941,301.235,8.075,1790960961899.739,Normal,0.9572
rasp1,48487,20261002-161933_clu_rasp14_pi4gb_r2,2936,perf_20261002-161933_clu_rasp14_pi4gb_r2,2,731,1790957978764,0,1790960961900.656,839.648,8.303,1790960962749.147,Normal,0.9275
rasp1,48487,20261002-161933_clu_rasp14_pi4gb_r2,2939,perf_20261002-161933_clu_rasp14_pi4gb_r2,2,732,1790957978765,0,1790960962750.104,452.534,7.635,1790960963210.942,Normal,0.6014
rasp1,48487,20261002-161933_clu_rasp14_pi4gb_r2,2961,perf_20261002-161933_clu_rasp14_pi4gb_r2,2,733,1790957978770,0,1790960963211.886,468.717,8.552,1790960963689.696,Normal,0.9374
rasp1,48487,20261002-161933_clu_rasp14_pi4gb_r2,2968,perf_20261002-161933_clu_rasp14_pi4gb_r2,2,734,1790957978771,0,1790960963690.634,607.606,7.02,1790960964305.588,Normal,0.6727
rasp1,48487,20261002-161933_clu_rasp14_pi4gb_r2,2974,perf_20261002-161933_clu_rasp14_pi4gb_r2,2,735,1790957978773,0,1790960964306.183,300.44,6.488,1790960964613.517,Normal,0.8575
rasp1,48487,20261002-161933_clu_rasp14_pi4gb_r2,2976,perf_20261002-161933_clu_rasp14_pi4gb_r2,2,736,1790957978774,0,1790960964614.111,425.286,8.164,1790960965048.098,Normal,0.9448
rasp1,48487,20261002-161933_clu_rasp14_pi4gb_r2,2979,perf_20261002-161933_clu_rasp14_pi4gb_r2,2,737,1790957978774,0,1790960965049.053,391.884,7.804,1790960965449.304,Normal,0.9658
rasp1,48487,20261002-161933_clu_rasp14_pi4gb_r2,2984,perf_20261002-161933_clu_rasp14_pi4gb_r2,2,738,1790957978775,0,1790960965450.256,454.888,6.027,1790960965911.484,Normal,0.9574
rasp1,48487,20261002-161933_clu_rasp14_pi4gb_r2,2986,perf_20261002-161933_clu_rasp14_pi4gb_r2,2,739,1790957978775,0,1790960965912.084,323.461,6.661,1790960966242.661,Normal,0.9342
rasp1,48487,20261002-161933_clu_rasp14_pi4gb_r2,2993,perf_20261002-161933_clu_rasp14_pi4gb_r2,2,740,1790957978777,0,1790960966243.27,360.729,6.859,1790960966611.16,Normal,0.4327
rasp1,48487,20261002-161933_clu_rasp14_pi4gb_r2,2998,perf_20261002-161933_clu_rasp14_pi4gb_r2,2,741,1790957978778,0,1790960966611.75,332.791,8.071,1790960966953.114,Normal,0.9511
rasp1,48487,20261002-161933_clu_rasp14_pi4gb_r2,3001,perf_20261002-161933_clu_rasp14_pi4gb_r2,2,742,1790957978778,0,1790960966954.072,491.129,7.917,1790960967453.588,Normal,0.7101
rasp1,48487,20261002-161933_clu_rasp14_pi4gb_r2,3008,perf_20261002-161933_clu_rasp14_pi4gb_r2,2,743,1790957978780,0,1790960967454.759,267.224,5.749,1790960967728.044,Normal,0.8661
rasp1,48487,20261002-161933_clu_rasp14_pi4gb_r2,3009,perf_20261002-161933_clu_rasp14_pi4gb_r2,2,744,1790957978780,0,1790960967728.604,300.791,6.084,1790960968035.781,Normal,0.9272
rasp1,48487,20261002-161933_clu_rasp14_pi4gb_r2,3011,perf_20261002-161933_clu_rasp14_pi4gb_r2,2,745,1790957978780,0,1790960968036.498,439.0,5.785,1790960968481.636,Normal,0.9642
rasp1,48487,20261002-161933_clu_rasp14_pi4gb_r2,3012,perf_20261002-161933_clu_rasp14_pi4gb_r2,2,746,1790957978780,0,1790960968482.272,305.324,8.492,1790960968796.601,Normal,0.7723
rasp1,48487,20261002-161933_clu_rasp14_pi4gb_r2,3013,perf_20261002-161933_clu_rasp14_pi4gb_r2,2,747,1790957978781,0,1790960968797.281,378.202,7.786,1790960969183.771,Normal,0.9618
rasp1,48487,20261002-161933_clu_rasp14_pi4gb_r2,3014,perf_20261002-161933_clu_rasp14_pi4gb_r2,2,748,1790957978781,0,1790960969184.34,268.276,8.384,1790960969461.643,Normal,0.924
rasp1,48487,20261002-161933_clu_rasp14_pi4gb_r2,3018,perf_20261002-161933_clu_rasp14_pi4gb_r2,2,749,1790957978782,0,1790960969462.766,407.731,8.387,1790960969879.426,Normal,0.9499
rasp1,48487,20261002-161933_clu_rasp14_pi4gb_r2,3019,perf_20261002-161933_clu_rasp14_pi4gb_r2,2,750,1790957978782,0,1790960969880.438,732.599,8.329,1790960970621.861,Normal,0.9306
rasp1,48487,20261002-161933_clu_rasp14_pi4gb_r2,3020,perf_20261002-161933_clu_rasp14_pi4gb_r2,2,751,1790957978782,0,1790960970622.886,412.121,7.779,1790960971043.257,Normal,0.9553
rasp1,48487,20261002-161933_clu_rasp14_pi4gb_r2,3023,perf_20261002-161933_clu_rasp14_pi4gb_r2,2,752,1790957978783,0,1790960971044.21,427.588,8.41,1790960971480.682,Normal,0.9725
rasp1,48487,20261002-161933_clu_rasp14_pi4gb_r2,3025,perf_20261002-161933_clu_rasp14_pi4gb_r2,2,753,1790957978783,0,1790960971481.642,326.938,8.098,1790960971817.307,Normal,0.9498
rasp1,48487,20261002-161933_clu_rasp14_pi4gb_r2,3030,perf_20261002-161933_clu_rasp14_pi4gb_r2,2,754,1790957978784,0,1790960971818.26,405.14,8.4,1790960972232.338,Normal,0.9533
rasp1,48487,20261002-161933_clu_rasp14_pi4gb_r2,3034,perf_20261002-161933_clu_rasp14_pi4gb_r2,2,755,1790957978785,0,1790960972233.306,369.272,8.486,1790960972611.58,Normal,0.9707
rasp1,48487,20261002-161933_clu_rasp14_pi4gb_r2,3035,perf_20261002-161933_clu_rasp14_pi4gb_r2,2,756,1790957978785,0,1790960972612.549,333.937,8.619,1790960972955.608,Normal,0.9431
rasp1,48487,20261002-161933_clu_rasp14_pi4gb_r2,3036,perf_20261002-161933_clu_rasp14_pi4gb_r2,2,757,1790957978785,0,1790960972956.549,321.512,8.04,1790960973286.567,Normal,0.9182
rasp1,48487,20261002-161933_clu_rasp14_pi4gb_r2,3040,perf_20261002-161933_clu_rasp14_pi4gb_r2,2,758,1790957978786,0,1790960973287.52,402.95,5.888,1790960973696.758,Normal,0.9316
rasp1,48487,20261002-161933_clu_rasp14_pi4gb_r2,3041,perf_20261002-161933_clu_rasp14_pi4gb_r2,2,759,1790957978786,0,1790960973697.365,333.573,7.608,1790960974039.003,Normal,0.9375
rasp1,48487,20261002-161933_clu_rasp14_pi4gb_r2,3043,perf_20261002-161933_clu_rasp14_pi4gb_r2,2,760,1790957978786,0,1790960974039.958,312.209,6.759,1790960974359.231,Normal,0.9431
rasp1,48487,20261002-161933_clu_rasp14_pi4gb_r2,3046,perf_20261002-161933_clu_rasp14_pi4gb_r2,2,761,1790957978787,0,1790960974359.815,247.093,7.709,1790960974615.075,Normal,0.9431
rasp1,48487,20261002-161933_clu_rasp14_pi4gb_r2,3047,perf_20261002-161933_clu_rasp14_pi4gb_r2,2,762,1790957978787,0,1790960974616.031,338.834,5.348,1790960974960.523,Normal,0.9474
rasp1,48487,20261002-161933_clu_rasp14_pi4gb_r2,3050,perf_20261002-161933_clu_rasp14_pi4gb_r2,2,763,1790957978787,0,1790960974961.13,322.173,6.07,1790960975289.679,Normal,0.9578
rasp1,48487,20261002-161933_clu_rasp14_pi4gb_r2,3052,perf_20261002-161933_clu_rasp14_pi4gb_r2,2,764,1790957978787,0,1790960975290.282,282.738,7.671,1790960975581.142,Normal,0.9545
rasp1,48487,20261002-161933_clu_rasp14_pi4gb_r2,3059,perf_20261002-161933_clu_rasp14_pi4gb_r2,2,765,1790957978788,0,1790960975582.097,364.73,7.85,1790960975955.135,Normal,0.9564
rasp1,48487,20261002-161933_clu_rasp14_pi4gb_r2,3062,perf_20261002-161933_clu_rasp14_pi4gb_r2,2,766,1790957978788,0,1790960975956.087,397.151,7.288,1790960976360.858,Normal,0.9572
rasp1,48487,20261002-161933_clu_rasp14_pi4gb_r2,3066,perf_20261002-161933_clu_rasp14_pi4gb_r2,2,767,1790957978788,0,1790960976361.438,402.03,7.487,1790960976771.602,Normal,0.9383
rasp1,48487,20261002-161933_clu_rasp14_pi4gb_r2,3072,perf_20261002-161933_clu_rasp14_pi4gb_r2,2,768,1790957978789,0,1790960976772.637,364.533,6.65,1790960977144.133,Normal,0.9602
rasp1,48487,20261002-161933_clu_rasp14_pi4gb_r2,3076,perf_20261002-161933_clu_rasp14_pi4gb_r2,2,769,1790957978789,0,1790960977144.762,322.028,6.256,1790960977473.505,Normal,0.8554
rasp1,48487,20261002-161933_clu_rasp14_pi4gb_r2,3078,perf_20261002-161933_clu_rasp14_pi4gb_r2,2,770,1790957978789,0,1790960977474.085,410.058,6.037,1790960977890.494,Normal,0.9161
rasp1,48487,20261002-161933_clu_rasp14_pi4gb_r2,3084,perf_20261002-161933_clu_rasp14_pi4gb_r2,2,771,1790957978790,0,1790960977891.095,263.02,6.144,1790960978160.561,Normal,0.9451
rasp1,48487,20261002-161933_clu_rasp14_pi4gb_r2,3090,perf_20261002-161933_clu_rasp14_pi4gb_r2,2,772,1790957978790,0,1790960978161.158,344.967,5.982,1790960978512.405,Normal,0.9192
rasp1,48487,20261002-161933_clu_rasp14_pi4gb_r2,3109,perf_20261002-161933_clu_rasp14_pi4gb_r2,2,773,1790957978792,0,1790960978512.998,372.851,7.753,1790960978894.054,Normal,0.9748
rasp1,48487,20261002-161933_clu_rasp14_pi4gb_r2,3114,perf_20261002-161933_clu_rasp14_pi4gb_r2,2,774,1790957978792,0,1790960978895.025,341.103,7.68,1790960979244.273,Normal,0.9427
rasp1,48487,20261002-161933_clu_rasp14_pi4gb_r2,3118,perf_20261002-161933_clu_rasp14_pi4gb_r2,2,775,1790957978793,0,1790960979245.214,576.105,7.869,1790960979829.748,Normal,0.8086
rasp1,48487,20261002-161933_clu_rasp14_pi4gb_r2,3121,perf_20261002-161933_clu_rasp14_pi4gb_r2,2,776,1790957978793,0,1790960979830.739,402.224,8.228,1790960980241.683,Normal,0.4843
rasp1,48487,20261002-161933_clu_rasp14_pi4gb_r2,3122,perf_20261002-161933_clu_rasp14_pi4gb_r2,2,777,1790957978793,0,1790960980242.662,446.091,6.052,1790960980695.119,Normal,0.7173
rasp1,48487,20261002-161933_clu_rasp14_pi4gb_r2,3124,perf_20261002-161933_clu_rasp14_pi4gb_r2,2,778,1790957978793,0,1790960980695.671,292.801,5.96,1790960980994.797,Normal,0.929
rasp1,48487,20261002-161933_clu_rasp14_pi4gb_r2,3127,perf_20261002-161933_clu_rasp14_pi4gb_r2,2,779,1790957978793,0,1790960980995.442,393.431,9.178,1790960981398.596,Normal,0.9313
rasp1,48487,20261002-161933_clu_rasp14_pi4gb_r2,3129,perf_20261002-161933_clu_rasp14_pi4gb_r2,2,780,1790957978794,0,1790960981399.63,482.097,8.243,1790960981890.325,Normal,0.9761
rasp1,48487,20261002-161933_clu_rasp14_pi4gb_r2,3141,perf_20261002-161933_clu_rasp14_pi4gb_r2,2,781,1790957978795,0,1790960981890.985,474.951,8.364,1790960982374.788,Normal,0.9669
rasp1,48487,20261002-161933_clu_rasp14_pi4gb_r2,3144,perf_20261002-161933_clu_rasp14_pi4gb_r2,2,782,1790957978795,0,1790960982375.805,456.709,8.43,1790960982841.505,Normal,0.7989
rasp1,48487,20261002-161933_clu_rasp14_pi4gb_r2,3149,perf_20261002-161933_clu_rasp14_pi4gb_r2,2,783,1790957978795,0,1790960982842.531,370.369,8.654,1790960983222.042,Normal,0.955
rasp1,48487,20261002-161933_clu_rasp14_pi4gb_r2,3153,perf_20261002-161933_clu_rasp14_pi4gb_r2,2,784,1790957978796,0,1790960983223.019,2857.268,9.375,1790960986090.301,Normal,0.9509
rasp1,48487,20261002-161933_clu_rasp14_pi4gb_r2,3155,perf_20261002-161933_clu_rasp14_pi4gb_r2,2,785,1790957978796,0,1790960986091.281,517.917,8.601,1790960986618.859,Normal,0.9597
rasp1,48487,20261002-161933_clu_rasp14_pi4gb_r2,3157,perf_20261002-161933_clu_rasp14_pi4gb_r2,2,786,1790957978796,0,1790960986619.843,353.052,6.396,1790960986979.661,Normal,0.9184
rasp1,48487,20261002-161933_clu_rasp14_pi4gb_r2,3159,perf_20261002-161933_clu_rasp14_pi4gb_r2,2,787,1790957978796,0,1790960986980.267,445.027,8.092,1790960987433.881,Normal,0.9484
rasp1,48487,20261002-161933_clu_rasp14_pi4gb_r2,3160,perf_20261002-161933_clu_rasp14_pi4gb_r2,2,788,1790957978796,0,1790960987434.555,398.938,7.088,1790960987841.089,Normal,0.9333
rasp1,48487,20261002-161933_clu_rasp14_pi4gb_r2,3168,perf_20261002-161933_clu_rasp14_pi4gb_r2,2,789,1790957978797,0,1790960987841.657,1633.466,8.672,1790960989484.284,Normal,0.9769
rasp1,48487,20261002-161933_clu_rasp14_pi4gb_r2,3169,perf_20261002-161933_clu_rasp14_pi4gb_r2,2,790,1790957978797,0,1790960989485.343,2829.798,7.942,1790960992323.491,Normal,0.9656
rasp1,48487,20261002-161933_clu_rasp14_pi4gb_r2,3182,perf_20261002-161933_clu_rasp14_pi4gb_r2,2,791,1790957978798,0,1790960992324.602,342.036,6.744,1790960992673.745,Normal,0.9711
rasp1,48487,20261002-161933_clu_rasp14_pi4gb_r2,3184,perf_20261002-161933_clu_rasp14_pi4gb_r2,2,792,1790957978798,0,1790960992674.333,600.155,8.589,1790960993283.624,Normal,0.9554
rasp1,48487,20261002-161933_clu_rasp14_pi4gb_r2,3186,perf_20261002-161933_clu_rasp14_pi4gb_r2,2,793,1790957978798,0,1790960993284.623,801.749,7.581,1790960994094.538,Normal,0.9271
rasp1,48487,20261002-161933_clu_rasp14_pi4gb_r2,3189,perf_20261002-161933_clu_rasp14_pi4gb_r2,2,794,1790957978799,0,1790960994095.854,334.755,17.058,1790960994448.219,Normal,0.9593
rasp1,48487,20261002-161933_clu_rasp14_pi4gb_r2,3194,perf_20261002-161933_clu_rasp14_pi4gb_r2,2,795,1790957978799,0,1790960994449.239,384.06,6.906,1790960994840.518,Normal,0.9483
rasp1,48487,20261002-161933_clu_rasp14_pi4gb_r2,3197,perf_20261002-161933_clu_rasp14_pi4gb_r2,2,796,1790957978800,0,1790960994841.11,601.435,7.792,1790960995450.855,Normal,0.8326
rasp1,48487,20261002-161933_clu_rasp14_pi4gb_r2,3201,perf_20261002-161933_clu_rasp14_pi4gb_r2,2,797,1790957978800,0,1790960995451.482,311.364,6.346,1790960995769.492,Normal,0.9417
rasp1,48487,20261002-161933_clu_rasp14_pi4gb_r2,3204,perf_20261002-161933_clu_rasp14_pi4gb_r2,2,798,1790957978800,0,1790960995770.2,407.985,5.957,1790960996184.448,Normal,0.9618
rasp1,48487,20261002-161933_clu_rasp14_pi4gb_r2,3205,perf_20261002-161933_clu_rasp14_pi4gb_r2,2,799,1790957978801,0,1790960996185.044,441.675,6.156,1790960996633.286,Normal,0.9561
rasp1,48487,20261002-161933_clu_rasp14_pi4gb_r2,3206,perf_20261002-161933_clu_rasp14_pi4gb_r2,2,800,1790957978801,0,1790960996633.898,295.95,7.485,1790960996937.786,Normal,0.8276
rasp1,48487,20261002-161933_clu_rasp14_pi4gb_r2,3209,perf_20261002-161933_clu_rasp14_pi4gb_r2,2,801,1790957978801,0,1790960996938.743,876.289,7.317,1790960997822.686,Normal,0.9742
rasp1,48487,20261002-161933_clu_rasp14_pi4gb_r2,3210,perf_20261002-161933_clu_rasp14_pi4gb_r2,2,802,1790957978801,0,1790960997823.666,441.897,6.466,1790960998272.393,Normal,0.6087
rasp1,48487,20261002-161933_clu_rasp14_pi4gb_r2,3212,perf_20261002-161933_clu_rasp14_pi4gb_r2,2,803,1790957978801,0,1790960998273.036,464.184,8.2,1790960998746.108,Normal,0.9139
rasp1,48487,20261002-161933_clu_rasp14_pi4gb_r2,3218,perf_20261002-161933_clu_rasp14_pi4gb_r2,2,804,1790957978802,0,1790960998746.672,384.179,6.454,1790960999137.603,Normal,0.9555
rasp1,48487,20261002-161933_clu_rasp14_pi4gb_r2,3228,perf_20261002-161933_clu_rasp14_pi4gb_r2,2,805,1790957978802,0,1790960999138.199,360.818,14.58,1790960999513.898,Normal,0.8016
rasp1,48487,20261002-161933_clu_rasp14_pi4gb_r2,3230,perf_20261002-161933_clu_rasp14_pi4gb_r2,2,806,1790957978803,0,1790960999514.465,294.428,7.919,1790960999817.264,Normal,0.9372
rasp1,48487,20261002-161933_clu_rasp14_pi4gb_r2,3234,perf_20261002-161933_clu_rasp14_pi4gb_r2,2,807,1790957978803,0,1790960999818.211,469.766,6.3,1790961000294.59,HATE,0.8798
rasp1,48487,20261002-161933_clu_rasp14_pi4gb_r2,3240,perf_20261002-161933_clu_rasp14_pi4gb_r2,2,808,1790957978803,0,1790961000295.182,378.637,8.15,1790961000682.438,Normal,0.5649
rasp1,48487,20261002-161933_clu_rasp14_pi4gb_r2,3252,perf_20261002-161933_clu_rasp14_pi4gb_r2,2,809,1790957978805,0,1790961000683.39,312.6,7.402,1790961001003.851,Normal,0.9289
rasp1,48487,20261002-161933_clu_rasp14_pi4gb_r2,3254,perf_20261002-161933_clu_rasp14_pi4gb_r2,2,810,1790957978805,0,1790961001004.791,483.183,9.474,1790961001497.92,Normal,0.9623
rasp1,48487,20261002-161933_clu_rasp14_pi4gb_r2,3255,perf_20261002-161933_clu_rasp14_pi4gb_r2,2,811,1790957978805,0,1790961001498.93,284.816,8.119,1790961001792.328,Normal,0.9119
rasp1,48487,20261002-161933_clu_rasp14_pi4gb_r2,3256,perf_20261002-161933_clu_rasp14_pi4gb_r2,2,812,1790957978805,0,1790961001793.286,2987.046,8.358,1790961004789.358,Normal,0.9766
rasp1,48487,20261002-161933_clu_rasp14_pi4gb_r2,3259,perf_20261002-161933_clu_rasp14_pi4gb_r2,2,813,1790957978805,0,1790961004790.451,1246.98,7.403,1790961006045.204,Normal,0.9698
rasp1,48487,20261002-161933_clu_rasp14_pi4gb_r2,3261,perf_20261002-161933_clu_rasp14_pi4gb_r2,2,814,1790957978806,0,1790961006046.064,340.02,9.011,1790961006395.647,Normal,0.8843
rasp1,48487,20261002-161933_clu_rasp14_pi4gb_r2,3268,perf_20261002-161933_clu_rasp14_pi4gb_r2,2,815,1790957978806,0,1790961006396.642,385.226,8.666,1790961006791.004,Normal,0.9731
rasp1,48487,20261002-161933_clu_rasp14_pi4gb_r2,3274,perf_20261002-161933_clu_rasp14_pi4gb_r2,2,816,1790957978807,0,1790961006792.05,418.622,6.558,1790961007217.587,Normal,0.9716
rasp1,48487,20261002-161933_clu_rasp14_pi4gb_r2,3279,perf_20261002-161933_clu_rasp14_pi4gb_r2,2,817,1790957978807,0,1790961007218.234,368.034,7.567,1790961007594.263,Normal,0.9692
rasp1,48487,20261002-161933_clu_rasp14_pi4gb_r2,3282,perf_20261002-161933_clu_rasp14_pi4gb_r2,2,818,1790957978807,0,1790961007595.33,619.082,6.423,1790961008221.19,Normal,0.4222
rasp1,48487,20261002-161933_clu_rasp14_pi4gb_r2,3284,perf_20261002-161933_clu_rasp14_pi4gb_r2,2,819,1790957978807,0,1790961008222.228,489.858,8.988,1790961008721.645,Normal,0.974
rasp1,48487,20261002-161933_clu_rasp14_pi4gb_r2,3285,perf_20261002-161933_clu_rasp14_pi4gb_r2,2,820,1790957978807,0,1790961008722.591,316.293,8.254,1790961009047.62,Normal,0.9536
rasp1,48487,20261002-161933_clu_rasp14_pi4gb_r2,3286,perf_20261002-161933_clu_rasp14_pi4gb_r2,2,821,1790957978808,0,1790961009048.645,455.826,7.58,1790961009512.564,Normal,0.9609
rasp1,48487,20261002-161933_clu_rasp14_pi4gb_r2,3287,perf_20261002-161933_clu_rasp14_pi4gb_r2,2,822,1790957978808,0,1790961009513.532,368.748,7.552,1790961009890.341,Normal,0.9683
rasp1,48487,20261002-161933_clu_rasp14_pi4gb_r2,3298,perf_20261002-161933_clu_rasp14_pi4gb_r2,2,823,1790957978809,0,1790961009891.462,616.637,6.188,1790961010514.606,Normal,0.5354
rasp1,48487,20261002-161933_clu_rasp14_pi4gb_r2,3309,perf_20261002-161933_clu_rasp14_pi4gb_r2,2,824,1790957978810,0,1790961010515.244,484.951,7.914,1790961011008.663,Normal,0.9675
rasp1,48487,20261002-161933_clu_rasp14_pi4gb_r2,3310,perf_20261002-161933_clu_rasp14_pi4gb_r2,2,825,1790957978810,0,1790961011009.659,326.637,5.777,1790961011342.398,Normal,0.9186
rasp1,48487,20261002-161933_clu_rasp14_pi4gb_r2,3321,perf_20261002-161933_clu_rasp14_pi4gb_r2,2,826,1790957978811,0,1790961011343.01,394.472,6.025,1790961011743.859,Normal,0.9635
rasp1,48487,20261002-161933_clu_rasp14_pi4gb_r2,3322,perf_20261002-161933_clu_rasp14_pi4gb_r2,2,827,1790957978811,0,1790961011744.426,321.16,8.619,1790961012074.732,Normal,0.9095
rasp1,48487,20261002-161933_clu_rasp14_pi4gb_r2,3326,perf_20261002-161933_clu_rasp14_pi4gb_r2,2,828,1790957978811,0,1790961012075.675,612.162,7.707,1790961012696.071,Normal,0.8044
rasp1,48487,20261002-161933_clu_rasp14_pi4gb_r2,3335,perf_20261002-161933_clu_rasp14_pi4gb_r2,2,829,1790957978812,0,1790961012697.056,688.065,8.068,1790961013393.688,Normal,0.959
rasp1,48487,20261002-161933_clu_rasp14_pi4gb_r2,3339,perf_20261002-161933_clu_rasp14_pi4gb_r2,2,830,1790957978812,0,1790961013394.657,390.209,7.406,1790961013792.815,Normal,0.9346
rasp1,48487,20261002-161933_clu_rasp14_pi4gb_r2,3341,perf_20261002-161933_clu_rasp14_pi4gb_r2,2,831,1790957978812,0,1790961013793.377,395.894,6.727,1790961014196.313,Normal,0.9203
rasp1,48487,20261002-161933_clu_rasp14_pi4gb_r2,3344,perf_20261002-161933_clu_rasp14_pi4gb_r2,2,832,1790957978813,0,1790961014197.295,731.453,7.933,1790961014937.263,Normal,0.9656
rasp1,48487,20261002-161933_clu_rasp14_pi4gb_r2,3346,perf_20261002-161933_clu_rasp14_pi4gb_r2,2,833,1790957978813,0,1790961014937.992,640.806,8.005,1790961015587.267,Normal,0.9673
rasp1,48487,20261002-161933_clu_rasp14_pi4gb_r2,3347,perf_20261002-161933_clu_rasp14_pi4gb_r2,2,834,1790957978813,0,1790961015588.24,273.723,7.325,1790961015869.749,Normal,0.9535
rasp1,48487,20261002-161933_clu_rasp14_pi4gb_r2,3353,perf_20261002-161933_clu_rasp14_pi4gb_r2,2,835,1790957978813,0,1790961015870.682,1556.47,7.344,1790961017434.859,Normal,0.9796
rasp1,48487,20261002-161933_clu_rasp14_pi4gb_r2,3355,perf_20261002-161933_clu_rasp14_pi4gb_r2,2,836,1790957978814,0,1790961017435.494,372.694,8.011,1790961017816.656,Normal,0.977
rasp1,48487,20261002-161933_clu_rasp14_pi4gb_r2,3356,perf_20261002-161933_clu_rasp14_pi4gb_r2,2,837,1790957978814,0,1790961017817.622,297.926,7.648,1790961018123.827,Normal,0.9427
rasp1,48487,20261002-161933_clu_rasp14_pi4gb_r2,3359,perf_20261002-161933_clu_rasp14_pi4gb_r2,2,838,1790957978814,0,1790961018124.789,760.186,6.529,1790961018891.85,Normal,0.9672
rasp1,48487,20261002-161933_clu_rasp14_pi4gb_r2,3364,perf_20261002-161933_clu_rasp14_pi4gb_r2,2,839,1790957978814,0,1790961018892.443,325.842,7.584,1790961019226.376,Normal,0.9707
rasp1,48487,20261002-161933_clu_rasp14_pi4gb_r2,3366,perf_20261002-161933_clu_rasp14_pi4gb_r2,2,840,1790957978814,0,1790961019227.351,412.159,7.295,1790961019647.198,Normal,0.9748
rasp1,48487,20261002-161933_clu_rasp14_pi4gb_r2,3369,perf_20261002-161933_clu_rasp14_pi4gb_r2,2,841,1790957978815,0,1790961019647.86,622.768,7.545,1790961020278.687,Normal,0.9719
rasp1,48487,20261002-161933_clu_rasp14_pi4gb_r2,3380,perf_20261002-161933_clu_rasp14_pi4gb_r2,2,842,1790957978816,0,1790961020279.777,1233.709,6.498,1790961021520.356,Normal,0.9399
rasp1,48487,20261002-161933_clu_rasp14_pi4gb_r2,3382,perf_20261002-161933_clu_rasp14_pi4gb_r2,2,843,1790957978816,0,1790961021521.088,1038.351,8.702,1790961022568.683,Normal,0.9724
rasp1,48487,20261002-161933_clu_rasp14_pi4gb_r2,3385,perf_20261002-161933_clu_rasp14_pi4gb_r2,2,844,1790957978816,0,1790961022569.644,1070.99,8.802,1790961023649.971,Normal,0.9794
rasp1,48487,20261002-161933_clu_rasp14_pi4gb_r2,3386,perf_20261002-161933_clu_rasp14_pi4gb_r2,2,845,1790957978816,0,1790961023650.943,280.897,6.443,1790961023938.615,Normal,0.6675
rasp1,48487,20261002-161933_clu_rasp14_pi4gb_r2,3387,perf_20261002-161933_clu_rasp14_pi4gb_r2,2,846,1790957978816,0,1790961023939.605,1816.29,7.238,1790961025763.47,Normal,0.9805
rasp1,48487,20261002-161933_clu_rasp14_pi4gb_r2,3389,perf_20261002-161933_clu_rasp14_pi4gb_r2,2,847,1790957978816,0,1790961025764.077,284.107,6.422,1790961026054.905,Normal,0.881
rasp1,48487,20261002-161933_clu_rasp14_pi4gb_r2,3395,perf_20261002-161933_clu_rasp14_pi4gb_r2,2,848,1790957978817,0,1790961026055.545,364.382,7.786,1790961026428.175,Normal,0.9473
rasp1,48487,20261002-161933_clu_rasp14_pi4gb_r2,3396,perf_20261002-161933_clu_rasp14_pi4gb_r2,2,849,1790957978817,0,1790961026429.137,271.69,7.714,1790961026709.005,Normal,0.901
rasp1,48487,20261002-161933_clu_rasp14_pi4gb_r2,3402,perf_20261002-161933_clu_rasp14_pi4gb_r2,2,850,1790957978818,0,1790961026709.967,765.134,8.862,1790961027484.439,Normal,0.5131
rasp1,48487,20261002-161933_clu_rasp14_pi4gb_r2,3404,perf_20261002-161933_clu_rasp14_pi4gb_r2,2,851,1790957978818,0,1790961027485.386,389.843,6.769,1790961027882.31,Normal,0.9624
rasp1,48487,20261002-161933_clu_rasp14_pi4gb_r2,3413,perf_20261002-161933_clu_rasp14_pi4gb_r2,2,852,1790957978818,0,1790961027882.939,297.889,7.758,1790961028189.042,Normal,0.9331
rasp1,48487,20261002-161933_clu_rasp14_pi4gb_r2,3414,perf_20261002-161933_clu_rasp14_pi4gb_r2,2,853,1790957978819,0,1790961028189.728,373.791,6.304,1790961028570.173,Normal,0.9311
rasp1,48487,20261002-161933_clu_rasp14_pi4gb_r2,3415,perf_20261002-161933_clu_rasp14_pi4gb_r2,2,854,1790957978819,0,1790961028570.797,513.938,6.391,1790961029091.468,Normal,0.9398
rasp1,48487,20261002-161933_clu_rasp14_pi4gb_r2,3420,perf_20261002-161933_clu_rasp14_pi4gb_r2,2,855,1790957978819,0,1790961029092.076,425.352,6.538,1790961029524.321,Normal,0.9643
rasp1,48487,20261002-161933_clu_rasp14_pi4gb_r2,3422,perf_20261002-161933_clu_rasp14_pi4gb_r2,2,856,1790957978819,0,1790961029525.033,354.555,5.965,1790961029885.896,Normal,0.8297
rasp1,48487,20261002-161933_clu_rasp14_pi4gb_r2,3423,perf_20261002-161933_clu_rasp14_pi4gb_r2,2,857,1790957978819,0,1790961029886.45,508.179,14.227,1790961030409.3,Normal,0.8806
rasp1,48487,20261002-161933_clu_rasp14_pi4gb_r2,3425,perf_20261002-161933_clu_rasp14_pi4gb_r2,2,858,1790957978819,0,1790961030410.216,282.264,6.542,1790961030699.382,Normal,0.9556
rasp1,48487,20261002-161933_clu_rasp14_pi4gb_r2,3426,perf_20261002-161933_clu_rasp14_pi4gb_r2,2,859,1790957978819,0,1790961030699.979,301.849,5.868,1790961031007.998,Normal,0.9094
rasp1,48487,20261002-161933_clu_rasp14_pi4gb_r2,3431,perf_20261002-161933_clu_rasp14_pi4gb_r2,2,860,1790957978820,0,1790961031008.564,845.818,8.882,1790961031863.799,Normal,0.9775
rasp1,48487,20261002-161933_clu_rasp14_pi4gb_r2,3439,perf_20261002-161933_clu_rasp14_pi4gb_r2,2,861,1790957978821,0,1790961031864.813,477.63,6.4,1790961032349.287,Normal,0.9361
rasp1,48487,20261002-161933_clu_rasp14_pi4gb_r2,3446,perf_20261002-161933_clu_rasp14_pi4gb_r2,2,862,1790957978821,0,1790961032350.357,412.243,6.492,1790961032769.454,Normal,0.9616
rasp1,48487,20261002-161933_clu_rasp14_pi4gb_r2,3457,perf_20261002-161933_clu_rasp14_pi4gb_r2,2,863,1790957978822,0,1790961032770.112,285.632,8.179,1790961033064.38,Normal,0.9475
rasp1,48487,20261002-161933_clu_rasp14_pi4gb_r2,3459,perf_20261002-161933_clu_rasp14_pi4gb_r2,2,864,1790957978822,0,1790961033065.512,730.394,8.376,1790961033804.755,Normal,0.9718
rasp1,48487,20261002-161933_clu_rasp14_pi4gb_r2,3465,perf_20261002-161933_clu_rasp14_pi4gb_r2,2,865,1790957978823,0,1790961033805.669,368.471,7.309,1790961034181.783,Normal,0.9085
rasp1,48487,20261002-161933_clu_rasp14_pi4gb_r2,3468,perf_20261002-161933_clu_rasp14_pi4gb_r2,2,866,1790957978823,0,1790961034182.751,404.422,5.793,1790961034593.281,Normal,0.9179
rasp1,48487,20261002-161933_clu_rasp14_pi4gb_r2,3471,perf_20261002-161933_clu_rasp14_pi4gb_r2,2,867,1790957978823,0,1790961034593.868,375.693,8.389,1790961034978.453,Normal,0.8296
rasp1,48487,20261002-161933_clu_rasp14_pi4gb_r2,3473,perf_20261002-161933_clu_rasp14_pi4gb_r2,2,868,1790957978824,0,1790961034979.419,428.334,7.865,1790961035416.088,Normal,0.933
rasp1,48487,20261002-161933_clu_rasp14_pi4gb_r2,3474,perf_20261002-161933_clu_rasp14_pi4gb_r2,2,869,1790957978824,0,1790961035417.039,615.916,7.63,1790961036041.063,Normal,0.9712
rasp1,48487,20261002-161933_clu_rasp14_pi4gb_r2,3481,perf_20261002-161933_clu_rasp14_pi4gb_r2,2,870,1790957978824,0,1790961036042.218,470.455,8.129,1790961036521.322,Normal,0.9622
rasp1,48487,20261002-161933_clu_rasp14_pi4gb_r2,3484,perf_20261002-161933_clu_rasp14_pi4gb_r2,2,871,1790957978825,0,1790961036522.275,333.182,6.348,1790961036862.153,Normal,0.9641
rasp1,48487,20261002-161933_clu_rasp14_pi4gb_r2,3496,perf_20261002-161933_clu_rasp14_pi4gb_r2,2,872,1790957978826,0,1790961036862.779,601.032,7.876,1790961037472.304,OFFENSIVE,0.6317
rasp1,48487,20261002-161933_clu_rasp14_pi4gb_r2,3498,perf_20261002-161933_clu_rasp14_pi4gb_r2,2,873,1790957978826,0,1790961037472.901,240.749,8.001,1790961037722.157,Normal,0.9716
rasp1,48487,20261002-161933_clu_rasp14_pi4gb_r2,3499,perf_20261002-161933_clu_rasp14_pi4gb_r2,2,874,1790957978826,0,1790961037723.13,316.045,6.518,1790961038046.008,Normal,0.9653
rasp1,48487,20261002-161933_clu_rasp14_pi4gb_r2,3504,perf_20261002-161933_clu_rasp14_pi4gb_r2,2,875,1790957978826,0,1790961038046.574,247.946,7.91,1790961038302.923,Normal,0.9379
rasp1,48487,20261002-161933_clu_rasp14_pi4gb_r2,3513,perf_20261002-161933_clu_rasp14_pi4gb_r2,2,876,1790957978827,0,1790961038303.48,488.759,6.722,1790961038799.263,Normal,0.979
rasp1,48487,20261002-161933_clu_rasp14_pi4gb_r2,3515,perf_20261002-161933_clu_rasp14_pi4gb_r2,2,877,1790957978827,0,1790961038799.859,356.093,6.044,1790961039162.36,Normal,0.8972
rasp1,48487,20261002-161933_clu_rasp14_pi4gb_r2,3516,perf_20261002-161933_clu_rasp14_pi4gb_r2,2,878,1790957978827,0,1790961039162.969,299.379,5.673,1790961039468.338,Normal,0.9039
rasp1,48487,20261002-161933_clu_rasp14_pi4gb_r2,3517,perf_20261002-161933_clu_rasp14_pi4gb_r2,2,879,1790957978827,0,1790961039469.068,223.446,5.984,1790961039698.857,Normal,0.9608
rasp1,48487,20261002-161933_clu_rasp14_pi4gb_r2,3522,perf_20261002-161933_clu_rasp14_pi4gb_r2,2,880,1790957978828,0,1790961039699.421,228.817,5.966,1790961039934.494,Normal,0.8943
rasp1,48487,20261002-161933_clu_rasp14_pi4gb_r2,3524,perf_20261002-161933_clu_rasp14_pi4gb_r2,2,881,1790957978828,0,1790961039935.259,459.518,6.437,1790961040401.525,Normal,0.8876
rasp1,48487,20261002-161933_clu_rasp14_pi4gb_r2,3531,perf_20261002-161933_clu_rasp14_pi4gb_r2,2,882,1790957978829,0,1790961040402.298,368.754,7.799,1790961040779.305,Normal,0.9701
rasp1,48487,20261002-161933_clu_rasp14_pi4gb_r2,3532,perf_20261002-161933_clu_rasp14_pi4gb_r2,2,883,1790957978829,0,1790961040780.268,254.855,6.051,1790961041041.485,Normal,0.9561
rasp1,48487,20261002-161933_clu_rasp14_pi4gb_r2,3536,perf_20261002-161933_clu_rasp14_pi4gb_r2,2,884,1790957978829,0,1790961041042.068,285.168,7.231,1790961041334.919,Normal,0.9608
rasp1,48487,20261002-161933_clu_rasp14_pi4gb_r2,3542,perf_20261002-161933_clu_rasp14_pi4gb_r2,2,885,1790957978830,0,1790961041335.863,416.092,6.328,1790961041758.593,Normal,0.9589
rasp1,48487,20261002-161933_clu_rasp14_pi4gb_r2,3543,perf_20261002-161933_clu_rasp14_pi4gb_r2,2,886,1790957978830,0,1790961041759.267,309.842,6.331,1790961042075.771,Normal,0.9673
rasp1,48487,20261002-161933_clu_rasp14_pi4gb_r2,3546,perf_20261002-161933_clu_rasp14_pi4gb_r2,2,887,1790957978830,0,1790961042076.351,1332.733,7.077,1790961043416.659,Normal,0.7104
rasp1,48487,20261002-161933_clu_rasp14_pi4gb_r2,3553,perf_20261002-161933_clu_rasp14_pi4gb_r2,2,888,1790957978830,0,1790961043417.655,375.342,8.617,1790961043802.102,Normal,0.9231
rasp1,48487,20261002-161933_clu_rasp14_pi4gb_r2,3555,perf_20261002-161933_clu_rasp14_pi4gb_r2,2,889,1790957978831,0,1790961043803.089,643.805,7.169,1790961044454.564,Normal,0.9321
rasp1,48487,20261002-161933_clu_rasp14_pi4gb_r2,3564,perf_20261002-161933_clu_rasp14_pi4gb_r2,2,890,1790957978832,0,1790961044455.539,737.791,8.561,1790961045202.57,Normal,0.9306
rasp1,48487,20261002-161933_clu_rasp14_pi4gb_r2,3575,perf_20261002-161933_clu_rasp14_pi4gb_r2,2,891,1790957978832,0,1790961045203.578,300.057,8.526,1790961045512.695,Normal,0.8088
rasp1,48487,20261002-161933_clu_rasp14_pi4gb_r2,3581,perf_20261002-161933_clu_rasp14_pi4gb_r2,2,892,1790957978833,0,1790961045513.658,370.326,8.132,1790961045892.601,Normal,0.8787
rasp1,48487,20261002-161933_clu_rasp14_pi4gb_r2,3591,perf_20261002-161933_clu_rasp14_pi4gb_r2,2,893,1790957978834,0,1790961045893.569,364.497,7.875,1790961046266.424,Normal,0.9744
rasp1,48487,20261002-161933_clu_rasp14_pi4gb_r2,3592,perf_20261002-161933_clu_rasp14_pi4gb_r2,2,894,1790957978834,0,1790961046267.396,429.188,8.099,1790961046705.221,Normal,0.9281
rasp1,48487,20261002-161933_clu_rasp14_pi4gb_r2,3595,perf_20261002-161933_clu_rasp14_pi4gb_r2,2,895,1790957978834,0,1790961046706.205,2093.152,7.34,1790961048807.083,Normal,0.9799
rasp1,48487,20261002-161933_clu_rasp14_pi4gb_r2,3597,perf_20261002-161933_clu_rasp14_pi4gb_r2,2,896,1790957978834,0,1790961048807.668,575.296,8.222,1790961049391.671,Normal,0.9545
rasp1,48487,20261002-161933_clu_rasp14_pi4gb_r2,3601,perf_20261002-161933_clu_rasp14_pi4gb_r2,2,897,1790957978835,0,1790961049392.648,802.913,9.703,1790961050205.831,Normal,0.9583
rasp1,48487,20261002-161933_clu_rasp14_pi4gb_r2,3607,perf_20261002-161933_clu_rasp14_pi4gb_r2,2,898,1790957978835,0,1790961050207.024,391.012,7.397,1790961050605.754,Normal,0.742
rasp1,48487,20261002-161933_clu_rasp14_pi4gb_r2,3610,perf_20261002-161933_clu_rasp14_pi4gb_r2,2,899,1790957978835,0,1790961050606.334,440.803,7.726,1790961051055.347,Normal,0.9571
rasp1,48487,20261002-161933_clu_rasp14_pi4gb_r2,3614,perf_20261002-161933_clu_rasp14_pi4gb_r2,2,900,1790957978836,0,1790961051056.32,359.01,6.496,1790961051422.15,Normal,0.9411
rasp1,48487,20261002-161933_clu_rasp14_pi4gb_r2,3633,perf_20261002-161933_clu_rasp14_pi4gb_r2,2,901,1790957978837,0,1790961051422.751,587.223,7.658,1790961052018.114,Normal,0.9559
rasp1,48487,20261002-161933_clu_rasp14_pi4gb_r2,3636,perf_20261002-161933_clu_rasp14_pi4gb_r2,2,902,1790957978838,0,1790961052019.092,288.679,7.729,1790961052315.986,Normal,0.8617
rasp1,48487,20261002-161933_clu_rasp14_pi4gb_r2,3639,perf_20261002-161933_clu_rasp14_pi4gb_r2,2,903,1790957978838,0,1790961052317.149,676.511,6.979,1790961053001.016,Normal,0.9543
rasp1,48487,20261002-161933_clu_rasp14_pi4gb_r2,3649,perf_20261002-161933_clu_rasp14_pi4gb_r2,2,904,1790957978839,0,1790961053001.688,383.849,6.639,1790961053392.587,Normal,0.9628
rasp1,48487,20261002-161933_clu_rasp14_pi4gb_r2,3650,perf_20261002-161933_clu_rasp14_pi4gb_r2,2,905,1790957978839,0,1790961053393.224,407.83,6.471,1790961053807.85,Normal,0.9194
rasp1,48487,20261002-161933_clu_rasp14_pi4gb_r2,3653,perf_20261002-161933_clu_rasp14_pi4gb_r2,2,906,1790957978839,0,1790961053808.414,316.08,8.089,1790961054133.102,Normal,0.9512
rasp1,48487,20261002-161933_clu_rasp14_pi4gb_r2,3657,perf_20261002-161933_clu_rasp14_pi4gb_r2,2,907,1790957978839,0,1790961054134.066,391.775,7.484,1790961054533.822,Normal,0.8733
rasp1,48487,20261002-161933_clu_rasp14_pi4gb_r2,3668,perf_20261002-161933_clu_rasp14_pi4gb_r2,2,908,1790957978840,0,1790961054534.804,723.449,11.475,1790961055274.632,Normal,0.9425
rasp1,48487,20261002-161933_clu_rasp14_pi4gb_r2,3671,perf_20261002-161933_clu_rasp14_pi4gb_r2,2,909,1790957978840,0,1790961055275.753,283.724,8.934,1790961055568.957,Normal,0.9375
rasp1,48487,20261002-161933_clu_rasp14_pi4gb_r2,3682,perf_20261002-161933_clu_rasp14_pi4gb_r2,2,910,1790957978842,0,1790961055569.957,348.315,8.651,1790961055927.563,Normal,0.9141
rasp1,48487,20261002-161933_clu_rasp14_pi4gb_r2,3691,perf_20261002-161933_clu_rasp14_pi4gb_r2,2,911,1790957978843,0,1790961055928.921,386.942,8.412,1790961056324.79,Normal,0.9398
rasp1,48487,20261002-161933_clu_rasp14_pi4gb_r2,3692,perf_20261002-161933_clu_rasp14_pi4gb_r2,2,912,1790957978843,0,1790961056325.754,509.075,6.974,1790961056842.131,Normal,0.9739
rasp1,48487,20261002-161933_clu_rasp14_pi4gb_r2,3696,perf_20261002-161933_clu_rasp14_pi4gb_r2,2,913,1790957978843,0,1790961056842.83,500.211,9.175,1790961057352.693,Normal,0.9553
rasp1,48487,20261002-161933_clu_rasp14_pi4gb_r2,3698,perf_20261002-161933_clu_rasp14_pi4gb_r2,2,914,1790957978843,0,1790961057353.444,349.324,6.775,1790961057709.859,Normal,0.6258
rasp1,48487,20261002-161933_clu_rasp14_pi4gb_r2,3704,perf_20261002-161933_clu_rasp14_pi4gb_r2,2,915,1790957978844,0,1790961057710.424,567.848,7.627,1790961058286.446,Normal,0.9677
rasp1,48487,20261002-161933_clu_rasp14_pi4gb_r2,3715,perf_20261002-161933_clu_rasp14_pi4gb_r2,2,916,1790957978845,0,1790961058287.116,540.503,6.156,1790961058834.128,Normal,0.7753
rasp1,48487,20261002-161933_clu_rasp14_pi4gb_r2,3717,perf_20261002-161933_clu_rasp14_pi4gb_r2,2,917,1790957978845,0,1790961058834.688,627.795,6.339,1790961059469.236,Normal,0.7756
rasp1,48487,20261002-161933_clu_rasp14_pi4gb_r2,3719,perf_20261002-161933_clu_rasp14_pi4gb_r2,2,918,1790957978845,0,1790961059469.818,330.376,7.838,1790961059808.512,Normal,0.9126
rasp1,48487,20261002-161933_clu_rasp14_pi4gb_r2,3726,perf_20261002-161933_clu_rasp14_pi4gb_r2,2,919,1790957978845,0,1790961059809.465,390.502,5.81,1790961060206.094,Normal,0.9569
rasp1,48487,20261002-161933_clu_rasp14_pi4gb_r2,3727,perf_20261002-161933_clu_rasp14_pi4gb_r2,2,920,1790957978846,0,1790961060206.646,303.385,6.086,1790961060516.465,Normal,0.8716
rasp1,48487,20261002-161933_clu_rasp14_pi4gb_r2,3729,perf_20261002-161933_clu_rasp14_pi4gb_r2,2,921,1790957978846,0,1790961060517.057,690.417,6.618,1790961061214.459,Normal,0.9533
rasp1,48487,20261002-161933_clu_rasp14_pi4gb_r2,3730,perf_20261002-161933_clu_rasp14_pi4gb_r2,2,922,1790957978846,0,1790961061215.18,389.472,7.478,1790961061612.538,Normal,0.9025
rasp1,48487,20261002-161933_clu_rasp14_pi4gb_r2,3731,perf_20261002-161933_clu_rasp14_pi4gb_r2,2,923,1790957978846,0,1790961061613.134,565.268,9.206,1790961062188.127,Normal,0.9641
rasp1,48487,20261002-161933_clu_rasp14_pi4gb_r2,3733,perf_20261002-161933_clu_rasp14_pi4gb_r2,2,924,1790957978846,0,1790961062188.808,284.255,6.273,1790961062479.637,Normal,0.933
rasp1,48487,20261002-161933_clu_rasp14_pi4gb_r2,3735,perf_20261002-161933_clu_rasp14_pi4gb_r2,2,925,1790957978846,0,1790961062480.239,303.548,7.319,1790961062791.407,Normal,0.9444
rasp1,48487,20261002-161933_clu_rasp14_pi4gb_r2,3740,perf_20261002-161933_clu_rasp14_pi4gb_r2,2,926,1790957978847,0,1790961062792.292,313.5,7.787,1790961063114.043,Normal,0.9117
rasp1,48487,20261002-161933_clu_rasp14_pi4gb_r2,3748,perf_20261002-161933_clu_rasp14_pi4gb_r2,2,927,1790957978850,0,1790961063115.001,316.985,6.101,1790961063438.401,Normal,0.7143
rasp1,48487,20261002-161933_clu_rasp14_pi4gb_r2,3749,perf_20261002-161933_clu_rasp14_pi4gb_r2,2,928,1790957978850,0,1790961063439.008,349.622,8.062,1790961063797.326,Normal,0.9428
rasp1,48487,20261002-161933_clu_rasp14_pi4gb_r2,3757,perf_20261002-161933_clu_rasp14_pi4gb_r2,2,929,1790957978850,0,1790961063798.278,382.222,8.479,1790961064189.488,Normal,0.9677
rasp1,48487,20261002-161933_clu_rasp14_pi4gb_r2,3760,perf_20261002-161933_clu_rasp14_pi4gb_r2,2,930,1790957978851,0,1790961064190.166,476.571,6.561,1790961064673.604,OFFENSIVE,0.9422
rasp1,48487,20261002-161933_clu_rasp14_pi4gb_r2,3764,perf_20261002-161933_clu_rasp14_pi4gb_r2,2,931,1790957978851,0,1790961064674.202,272.557,6.532,1790961064953.6,Normal,0.9173
rasp1,48487,20261002-161933_clu_rasp14_pi4gb_r2,3766,perf_20261002-161933_clu_rasp14_pi4gb_r2,2,932,1790957978851,0,1790961064954.227,248.173,6.922,1790961065209.668,Normal,0.7998
rasp1,48487,20261002-161933_clu_rasp14_pi4gb_r2,3775,perf_20261002-161933_clu_rasp14_pi4gb_r2,2,933,1790957978852,0,1790961065210.27,257.0,7.616,1790961065475.386,Normal,0.9747
rasp1,48487,20261002-161933_clu_rasp14_pi4gb_r2,3776,perf_20261002-161933_clu_rasp14_pi4gb_r2,2,934,1790957978852,0,1790961065476.333,260.769,7.113,1790961065744.534,Normal,0.8424
rasp1,48487,20261002-161933_clu_rasp14_pi4gb_r2,3777,perf_20261002-161933_clu_rasp14_pi4gb_r2,2,935,1790957978852,0,1790961065746.888,370.641,6.736,1790961066124.772,Normal,0.8866
rasp1,48487,20261002-161933_clu_rasp14_pi4gb_r2,3778,perf_20261002-161933_clu_rasp14_pi4gb_r2,2,936,1790957978852,0,1790961066125.325,350.937,8.104,1790961066484.935,Normal,0.9633
rasp1,48487,20261002-161933_clu_rasp14_pi4gb_r2,3780,perf_20261002-161933_clu_rasp14_pi4gb_r2,2,937,1790957978853,0,1790961066486.0,342.542,15.926,1790961066844.9,Normal,0.9546
rasp1,48487,20261002-161933_clu_rasp14_pi4gb_r2,3781,perf_20261002-161933_clu_rasp14_pi4gb_r2,2,938,1790957978853,0,1790961066847.495,820.614,7.886,1790961067676.542,Normal,0.9302
rasp1,48487,20261002-161933_clu_rasp14_pi4gb_r2,3782,perf_20261002-161933_clu_rasp14_pi4gb_r2,2,939,1790957978853,0,1790961067677.603,329.07,6.264,1790961068013.301,Normal,0.9484
rasp1,48487,20261002-161933_clu_rasp14_pi4gb_r2,3787,perf_20261002-161933_clu_rasp14_pi4gb_r2,2,940,1790957978853,0,1790961068014.013,271.775,8.512,1790961068294.761,Normal,0.9423
rasp1,48487,20261002-161933_clu_rasp14_pi4gb_r2,3788,perf_20261002-161933_clu_rasp14_pi4gb_r2,2,941,1790957978853,0,1790961068295.676,315.053,7.269,1790961068618.678,Normal,0.8992
rasp1,48487,20261002-161933_clu_rasp14_pi4gb_r2,3792,perf_20261002-161933_clu_rasp14_pi4gb_r2,2,942,1790957978853,0,1790961068619.625,247.657,6.571,1790961068874.152,Normal,0.9436
rasp1,48487,20261002-161933_clu_rasp14_pi4gb_r2,3794,perf_20261002-161933_clu_rasp14_pi4gb_r2,2,943,1790957978854,0,1790961068874.693,778.934,6.592,1790961069660.673,Normal,0.9053
rasp1,48487,20261002-161933_clu_rasp14_pi4gb_r2,3796,perf_20261002-161933_clu_rasp14_pi4gb_r2,2,944,1790957978854,0,1790961069661.243,210.192,6.457,1790961069878.225,Normal,0.7337
rasp1,48487,20261002-161933_clu_rasp14_pi4gb_r2,3798,perf_20261002-161933_clu_rasp14_pi4gb_r2,2,945,1790957978854,0,1790961069878.83,236.162,6.15,1790961070121.449,Normal,0.9551
rasp1,48487,20261002-161933_clu_rasp14_pi4gb_r2,3802,perf_20261002-161933_clu_rasp14_pi4gb_r2,2,946,1790957978856,0,1790961070122.269,367.53,6.507,1790961070496.618,Normal,0.9639
rasp1,48487,20261002-161933_clu_rasp14_pi4gb_r2,3808,perf_20261002-161933_clu_rasp14_pi4gb_r2,2,947,1790957978857,0,1790961070497.219,276.719,7.161,1790961070781.574,Normal,0.9373
rasp1,48487,20261002-161933_clu_rasp14_pi4gb_r2,3809,perf_20261002-161933_clu_rasp14_pi4gb_r2,2,948,1790957978857,0,1790961070782.153,787.748,6.107,1790961071576.328,Normal,0.9553
rasp1,48487,20261002-161933_clu_rasp14_pi4gb_r2,3811,perf_20261002-161933_clu_rasp14_pi4gb_r2,2,949,1790957978857,0,1790961071576.983,271.796,14.282,1790961071863.35,Normal,0.9193
rasp1,48487,20261002-161933_clu_rasp14_pi4gb_r2,3816,perf_20261002-161933_clu_rasp14_pi4gb_r2,2,950,1790957978858,0,1790961071863.997,281.136,6.523,1790961072151.964,Normal,0.9605
rasp1,48487,20261002-161933_clu_rasp14_pi4gb_r2,3820,perf_20261002-161933_clu_rasp14_pi4gb_r2,2,951,1790957978858,0,1790961072152.685,385.661,5.692,1790961072544.372,Normal,0.9356
rasp1,48487,20261002-161933_clu_rasp14_pi4gb_r2,3825,perf_20261002-161933_clu_rasp14_pi4gb_r2,2,952,1790957978858,0,1790961072545.111,208.355,6.74,1790961072760.565,Normal,0.9261
rasp1,48487,20261002-161933_clu_rasp14_pi4gb_r2,3829,perf_20261002-161933_clu_rasp14_pi4gb_r2,2,953,1790957978859,0,1790961072761.176,333.781,5.789,1790961073101.061,Normal,0.9098
rasp1,48487,20261002-161933_clu_rasp14_pi4gb_r2,3831,perf_20261002-161933_clu_rasp14_pi4gb_r2,2,954,1790957978859,0,1790961073101.659,371.361,8.093,1790961073481.593,Normal,0.818
rasp1,48487,20261002-161933_clu_rasp14_pi4gb_r2,3833,perf_20261002-161933_clu_rasp14_pi4gb_r2,2,955,1790957978859,0,1790961073482.281,369.977,6.525,1790961073859.099,OFFENSIVE,0.5659
rasp1,48487,20261002-161933_clu_rasp14_pi4gb_r2,3836,perf_20261002-161933_clu_rasp14_pi4gb_r2,2,956,1790957978859,0,1790961073859.675,456.235,7.631,1790961074324.023,Normal,0.9623
rasp1,48487,20261002-161933_clu_rasp14_pi4gb_r2,3837,perf_20261002-161933_clu_rasp14_pi4gb_r2,2,957,1790957978859,0,1790961074324.696,303.18,5.678,1790961074633.878,Normal,0.9651
rasp1,48487,20261002-161933_clu_rasp14_pi4gb_r2,3840,perf_20261002-161933_clu_rasp14_pi4gb_r2,2,958,1790957978860,0,1790961074634.439,314.99,7.28,1790961074957.241,Normal,0.9471
rasp1,48487,20261002-161933_clu_rasp14_pi4gb_r2,3842,perf_20261002-161933_clu_rasp14_pi4gb_r2,2,959,1790957978860,0,1790961074958.206,326.313,8.393,1790961075293.56,Normal,0.7132
rasp1,48487,20261002-161933_clu_rasp14_pi4gb_r2,3846,perf_20261002-161933_clu_rasp14_pi4gb_r2,2,960,1790957978860,0,1790961075294.532,565.022,8.21,1790961075868.368,OFFENSIVE,0.4752
rasp1,48487,20261002-161933_clu_rasp14_pi4gb_r2,3849,perf_20261002-161933_clu_rasp14_pi4gb_r2,2,961,1790957978860,0,1790961075869.356,318.013,6.309,1790961076193.996,Normal,0.9078
rasp1,48487,20261002-161933_clu_rasp14_pi4gb_r2,3850,perf_20261002-161933_clu_rasp14_pi4gb_r2,2,962,1790957978860,0,1790961076194.558,232.33,6.568,1790961076433.769,OFFENSIVE,0.545
rasp1,48487,20261002-161933_clu_rasp14_pi4gb_r2,3853,perf_20261002-161933_clu_rasp14_pi4gb_r2,2,963,1790957978861,0,1790961076434.37,308.496,5.895,1790961076749.083,Normal,0.7401
rasp1,48487,20261002-161933_clu_rasp14_pi4gb_r2,3865,perf_20261002-161933_clu_rasp14_pi4gb_r2,2,964,1790957978862,0,1790961076749.655,338.871,15.349,1790961077104.389,Normal,0.9559
rasp1,48487,20261002-161933_clu_rasp14_pi4gb_r2,3868,perf_20261002-161933_clu_rasp14_pi4gb_r2,2,965,1790957978862,0,1790961077104.979,438.78,7.491,1790961077551.738,Normal,0.9751
rasp1,48487,20261002-161933_clu_rasp14_pi4gb_r2,3873,perf_20261002-161933_clu_rasp14_pi4gb_r2,2,966,1790957978863,0,1790961077552.678,852.134,7.439,1790961078412.641,Normal,0.9641
rasp1,48487,20261002-161933_clu_rasp14_pi4gb_r2,3876,perf_20261002-161933_clu_rasp14_pi4gb_r2,2,967,1790957978863,0,1790961078413.346,524.396,6.218,1790961078944.285,OFFENSIVE,0.7875
rasp1,48487,20261002-161933_clu_rasp14_pi4gb_r2,3882,perf_20261002-161933_clu_rasp14_pi4gb_r2,2,968,1790957978864,0,1790961078944.919,285.233,8.477,1790961079239.124,Normal,0.8586
rasp1,48487,20261002-161933_clu_rasp14_pi4gb_r2,3886,perf_20261002-161933_clu_rasp14_pi4gb_r2,2,969,1790957978864,0,1790961079240.166,342.491,8.922,1790961079592.186,Normal,0.9618
rasp1,48487,20261002-161933_clu_rasp14_pi4gb_r2,3889,perf_20261002-161933_clu_rasp14_pi4gb_r2,2,970,1790957978864,0,1790961079593.171,338.089,7.895,1790961079939.678,Normal,0.9384
rasp1,48487,20261002-161933_clu_rasp14_pi4gb_r2,3890,perf_20261002-161933_clu_rasp14_pi4gb_r2,2,971,1790957978864,0,1790961079940.308,284.337,7.285,1790961080232.37,Normal,0.767
rasp1,48487,20261002-161933_clu_rasp14_pi4gb_r2,3895,perf_20261002-161933_clu_rasp14_pi4gb_r2,2,972,1790957978865,0,1790961080233.116,390.381,7.072,1790961080630.936,Normal,0.9094
rasp1,48487,20261002-161933_clu_rasp14_pi4gb_r2,3900,perf_20261002-161933_clu_rasp14_pi4gb_r2,2,973,1790957978865,0,1790961080631.524,336.847,8.742,1790961080982.376,Normal,0.9474
rasp1,48487,20261002-161933_clu_rasp14_pi4gb_r2,3907,perf_20261002-161933_clu_rasp14_pi4gb_r2,2,974,1790957978866,0,1790961080983.573,581.385,8.468,1790961081573.92,Normal,0.9656
rasp1,48487,20261002-161933_clu_rasp14_pi4gb_r2,3916,perf_20261002-161933_clu_rasp14_pi4gb_r2,2,975,1790957978867,0,1790961081574.931,479.453,8.007,1790961082062.939,Normal,0.844
rasp1,48487,20261002-161933_clu_rasp14_pi4gb_r2,3917,perf_20261002-161933_clu_rasp14_pi4gb_r2,2,976,1790957978867,0,1790961082063.939,686.193,16.311,1790961082766.915,Normal,0.3739
rasp1,48487,20261002-161933_clu_rasp14_pi4gb_r2,3921,perf_20261002-161933_clu_rasp14_pi4gb_r2,2,977,1790957978867,0,1790961082767.481,313.392,6.897,1790961083088.062,Normal,0.8936
rasp1,48487,20261002-161933_clu_rasp14_pi4gb_r2,3922,perf_20261002-161933_clu_rasp14_pi4gb_r2,2,978,1790957978867,0,1790961083088.62,293.115,6.291,1790961083388.331,Normal,0.8096
rasp1,48487,20261002-161933_clu_rasp14_pi4gb_r2,3925,perf_20261002-161933_clu_rasp14_pi4gb_r2,2,979,1790957978867,0,1790961083389.16,275.27,8.041,1790961083673.0,Normal,0.8827
rasp1,48487,20261002-161933_clu_rasp14_pi4gb_r2,3934,perf_20261002-161933_clu_rasp14_pi4gb_r2,2,980,1790957978868,0,1790961083673.96,300.709,6.275,1790961083981.302,Normal,0.9327
rasp1,48487,20261002-161933_clu_rasp14_pi4gb_r2,3954,perf_20261002-161933_clu_rasp14_pi4gb_r2,2,981,1790957978870,0,1790961083982.007,312.057,7.491,1790961084302.013,Normal,0.9526
rasp1,48487,20261002-161933_clu_rasp14_pi4gb_r2,3956,perf_20261002-161933_clu_rasp14_pi4gb_r2,2,982,1790957978870,0,1790961084302.972,297.2,7.12,1790961084607.6,OFFENSIVE,0.7763
rasp1,48487,20261002-161933_clu_rasp14_pi4gb_r2,3961,perf_20261002-161933_clu_rasp14_pi4gb_r2,2,983,1790957978870,0,1790961084608.579,674.704,6.491,1790961085290.091,OFFENSIVE,0.4084
rasp1,48487,20261002-161933_clu_rasp14_pi4gb_r2,3972,perf_20261002-161933_clu_rasp14_pi4gb_r2,2,984,1790957978871,0,1790961085290.657,348.175,6.696,1790961085645.83,Normal,0.9108
rasp1,48487,20261002-161933_clu_rasp14_pi4gb_r2,3973,perf_20261002-161933_clu_rasp14_pi4gb_r2,2,985,1790957978872,0,1790961085646.397,249.517,6.927,1790961085903.134,Normal,0.9584
rasp1,48487,20261002-161933_clu_rasp14_pi4gb_r2,3974,perf_20261002-161933_clu_rasp14_pi4gb_r2,2,986,1790957978872,0,1790961085903.688,316.951,6.856,1790961086228.054,Normal,0.9203
rasp1,48487,20261002-161933_clu_rasp14_pi4gb_r2,3977,perf_20261002-161933_clu_rasp14_pi4gb_r2,2,987,1790957978873,0,1790961086228.619,335.83,6.42,1790961086571.219,Normal,0.9474
rasp1,48487,20261002-161933_clu_rasp14_pi4gb_r2,3980,perf_20261002-161933_clu_rasp14_pi4gb_r2,2,988,1790957978873,0,1790961086571.828,296.952,7.311,1790961086876.549,Normal,0.9386
rasp1,48487,20261002-161933_clu_rasp14_pi4gb_r2,3986,perf_20261002-161933_clu_rasp14_pi4gb_r2,2,989,1790957978874,0,1790961086877.6,391.239,6.058,1790961087275.206,Normal,0.8867
rasp1,48487,20261002-161933_clu_rasp14_pi4gb_r2,3987,perf_20261002-161933_clu_rasp14_pi4gb_r2,2,990,1790957978874,0,1790961087275.844,470.307,7.764,1790961087754.619,Normal,0.9721
rasp1,48487,20261002-161933_clu_rasp14_pi4gb_r2,3994,perf_20261002-161933_clu_rasp14_pi4gb_r2,2,991,1790957978874,0,1790961087755.58,1553.545,6.084,1790961089315.533,Normal,0.9736
rasp1,48487,20261002-161933_clu_rasp14_pi4gb_r2,3996,perf_20261002-161933_clu_rasp14_pi4gb_r2,2,992,1790957978874,0,1790961089316.109,242.975,6.13,1790961089565.509,Normal,0.9466
rasp1,48487,20261002-161933_clu_rasp14_pi4gb_r2,4009,perf_20261002-161933_clu_rasp14_pi4gb_r2,2,993,1790957978875,0,1790961089566.096,222.526,5.978,1790961089794.937,Normal,0.9608
rasp1,48487,20261002-161933_clu_rasp14_pi4gb_r2,4010,perf_20261002-161933_clu_rasp14_pi4gb_r2,2,994,1790957978876,0,1790961089795.548,273.124,5.965,1790961090074.98,Normal,0.944
rasp1,48487,20261002-161933_clu_rasp14_pi4gb_r2,4011,perf_20261002-161933_clu_rasp14_pi4gb_r2,2,995,1790957978876,0,1790961090075.529,283.677,5.709,1790961090365.217,Normal,0.9627
rasp1,48487,20261002-161933_clu_rasp14_pi4gb_r2,4013,perf_20261002-161933_clu_rasp14_pi4gb_r2,2,996,1790957978876,0,1790961090365.814,1030.278,6.367,1790961091402.798,Normal,0.9543
rasp1,48487,20261002-161933_clu_rasp14_pi4gb_r2,4017,perf_20261002-161933_clu_rasp14_pi4gb_r2,2,997,1790957978876,0,1790961091403.374,1368.822,8.309,1790961092780.997,Normal,0.9741
rasp1,48487,20261002-161933_clu_rasp14_pi4gb_r2,4021,perf_20261002-161933_clu_rasp14_pi4gb_r2,2,998,1790957978876,0,1790961092782.012,453.124,8.343,1790961093243.956,Normal,0.9346
rasp1,48487,20261002-161933_clu_rasp14_pi4gb_r2,4022,perf_20261002-161933_clu_rasp14_pi4gb_r2,2,999,1790957978876,0,1790961093245.055,313.236,9.318,1790961093568.254,Normal,0.9608
rasp1,48487,20261002-161933_clu_rasp14_pi4gb_r2,4,perf_20261002-161933_clu_rasp14_pi4gb_r2,1,0,1790957978046,0,1790961094209.994,498.959,19.857,1790961094729.436,Normal,0.9588
rasp1,48487,20261002-161933_clu_rasp14_pi4gb_r2,16,perf_20261002-161933_clu_rasp14_pi4gb_r2,1,1,1790957978048,0,1790961094731.105,794.736,9.394,1790961095535.817,Normal,0.9747
rasp1,48487,20261002-161933_clu_rasp14_pi4gb_r2,24,perf_20261002-161933_clu_rasp14_pi4gb_r2,1,2,1790957978049,0,1790961095538.044,1419.558,9.665,1790961096967.987,Normal,0.9411
rasp1,48487,20261002-161933_clu_rasp14_pi4gb_r2,25,perf_20261002-161933_clu_rasp14_pi4gb_r2,1,3,1790957978049,0,1790961096974.432,991.921,11.888,1790961097978.915,Normal,0.6054
