---- STARTING OMNI-PROCESSOR ----
-> Connected to Elasticsearch at http://localhost:9200 | Index: perf_20260926-171024_p4_c4_r2
-> Loading model from F:\hate-speech-pipeline\src\../models\bert_final on cpu...
-> BERT Model Loaded successfully.
-> Benchmark log: F:\hate-speech-pipeline\reports\scaling\20260926-171024_p4_c4_r2\bench_WIX_2.csv | node WIX | group grp_20260926-171024_p4_c4_r2
------------------------------------------------------------------------------------------------------------------------
DOMAIN       | SOURCE   | PREDICTION   | CONF.  | LATENCY  | TEXT
------------------------------------------------------------------------------------------------------------------------
[NEWS/LIVE ] | YouTube  | [Normal]     | 95%    |  126.9ms | just to get rich...
[PSYCHOLOGY] | YouTube  | [Normal]     | 94%    |   50.2ms | Hola...
[GAMING/SUR] | YouTube  | [OFFENSIVE]  | 68%    |   59.7ms | :collision::collision:LETSSSS RIDEEEEE1:...
[GAMING/SUR] | YouTube  | [Normal]     | 97%    |   38.0ms | finally playing a top game that has been...
[GAMING/SUR] | YouTube  | [Normal]     | 94%    |   27.2ms | Ride harder...
[GAMING/SUR] | YouTube  | [Normal]     | 91%    |   26.6ms | Hey...
[GAMING/SUR] | YouTube  | [Normal]     | 93%    |   39.0ms | ok this peanut has a lil season to him b...
[GAMING/SUR] | YouTube  | [Normal]     | 90%    |   57.2ms | NICE BROS !...
[GAMING/SUR] | YouTube  | [Normal]     | 96%    |   52.6ms | Happy birthday peanut...
[GAMING/SUR] | YouTube  | [Normal]     | 98%    |   43.6ms | Bro was up until sunrise :face_with_tear...
[GAMING/SUR] | YouTube  | [OFFENSIVE]  | 73%    |   37.0ms | thank fuck he's on  hutch is boring af...
[GAMING/SUR] | YouTube  | [Normal]     | 95%    |   31.6ms | THE KING HAS RETURNED...
[GAMING/SUR] | YouTube  | [Normal]     | 66%    |   49.9ms | LETS GOOOOOOOOOOOOOOOOOOOOOOOOOOOOOOOOOO...
[GAMING/SUR] | YouTube  | [Normal]     | 95%    |   41.6ms | no  no. how are YOUUUU peanut...
[GAMING/SUR] | YouTube  | [Normal]     | 97%    |   41.5ms | let's ride...
[GAMING/SUR] | YouTube  | [Normal]     | 73%    |   36.9ms | whats wrong with your eye...
[GAMING/SUR] | YouTube  | [Normal]     | 95%    |   49.1ms | We are so fkn back...
[GAMING/SUR] | YouTube  | [Normal]     | 74%    |   39.7ms | He and Gingy and Rogue have been grindin...
[MUSIC/CHIL] | YouTube  | [Normal]     | 95%    |   30.7ms | .......
[GAMING/SUR] | YouTube  | [Normal]     | 91%    |   45.0ms | About to go lose all y’all’s money at th...
[GAMING/SUR] | YouTube  | [Normal]     | 94%    |   41.0ms | GINGY DID 20 HOURS...
[MUSIC/CHIL] | YouTube  | [Normal]     | 95%    |   50.7ms | Suz :rolling_on_the_floor_laughing::roll...
[GAMING/SUR] | YouTube  | [Normal]     | 95%    |   43.4ms | Yes rust will do that to you I haven’t p...
[GAMING/SUR] | YouTube  | [Normal]     | 97%    |   29.5ms | hmmmm.hmmm.hmmmm...
[PSYCHOLOGY] | YouTube  | [Normal]     | 84%    |   24.2ms | jungian punch...
[SELF-HELP/] | YouTube  | [Normal]     | 94%    |   27.6ms | hi...
[GAMING/SUR] | YouTube  | [Normal]     | 52%    |   28.0ms | GOOP GOOP GOOP...
[GAMING/SUR] | YouTube  | [Normal]     | 92%    |   69.4ms | Oh my god he's already on :rolling_on_th...
[GAMING/SUR] | YouTube  | [Normal]     | 97%    |   30.6ms | H20 :red_heart:...
[GAMING/SUR] | YouTube  | [Normal]     | 95%    |   31.2ms | h2o...
[GAMING/SUR] | YouTube  | [Normal]     | 96%    |   27.0ms | LOL...
[GAMING/SUR] | YouTube  | [Normal]     | 96%    |   29.6ms | That’s everyone’s childhood...
[GAMING/SUR] | YouTube  | [Normal]     | 96%    |   30.0ms | Vanoss crew og member...
[GAMING/SUR] | YouTube  | [Normal]     | 96%    |   26.0ms | tab top right...
[GAMING/SUR] | YouTube  | [Normal]     | 89%    |   29.1ms | YOUR GATE IS OPEN THERE BUD...
[GAMING/SUR] | YouTube  | [Normal]     | 98%    |   67.6ms | Golfing in the rain in FL rn :saluting_f...
[NEWS/LIVE ] | YouTube  | [Normal]     | 95%    |   39.9ms | MAGA...
[NEWS/LIVE ] | YouTube  | [Normal]     | 92%    |   63.3ms | I only help American Citizens :star_stru...
[GAMING/SUR] | YouTube  | [Normal]     | 81%    |   32.1ms | WALL GATE...
[GAMING/SUR] | YouTube  | [Normal]     | 97%    |   29.0ms | Need to work on research tree...
[MUSIC/CHIL] | YouTube  | [Normal]     | 93%    |   32.0ms | :camel:...
[NEWS/LIVE ] | YouTube  | [Normal]     | 97%    |   30.6ms | DESANTIS 2028...
[MUSIC/CHIL] | YouTube  | [Normal]     | 93%    |   35.7ms | fred me ? :thinking_face:...
[GAMING/SUR] | YouTube  | [Normal]     | 90%    |   31.1ms | Hutch and gingy got a air strike...
[MUSIC/CHIL] | YouTube  | [Normal]     | 97%    |   52.2ms | suz saaanu peru sam :face_with_tears_of_...
[NEWS/LIVE ] | YouTube  | [Normal]     | 94%    |   42.1ms | I don't think you can work out even simp...
[GAMING/SUR] | YouTube  | [Normal]     | 92%    |   35.0ms | hello you are funny you pinaput...
[GAMING/SUR] | YouTube  | [Normal]     | 92%    |   30.1ms | crack in the box...
[PSYCHOLOGY] | YouTube  | [Normal]     | 96%    |   41.8ms | it's both :3...
[GAMING/SUR] | YouTube  | [Normal]     | 93%    |   40.5ms | Helf is Welf...
[SELF-HELP/] | YouTube  | [Normal]     | 85%    |   32.3ms | remember the bonk...
[GAMING/SUR] | YouTube  | [Normal]     | 98%    |   63.6ms | 2boys 1 cup:face-green-smiling::face-gre...
[PSYCHOLOGY] | YouTube  | [Normal]     | 96%    |   34.1ms | HAPPY TO BE HERE...
[GAMING/SUR] | YouTube  | [Normal]     | 76%    |   29.2ms | These naked bodies crack me up...
[PSYCHOLOGY] | YouTube  | [Normal]     | 96%    |   31.0ms | RAINBOW ROAD WOOT WOOT...
[GAMING/SUR] | YouTube  | [Normal]     | 94%    |   33.4ms | 5...
[GAMING/SUR] | YouTube  | [Normal]     | 97%    |   32.6ms | GRAB H20...
[GAMING/SUR] | YouTube  | [Normal]     | 94%    |   26.2ms | 10...
[PSYCHOLOGY] | YouTube  | [Normal]     | 92%    |   55.0ms | be careful of the spam  y'all we got our...
[GAMING/SUR] | YouTube  | [Normal]     | 89%    |   37.3ms | Yes it’s him...
[MUSIC/CHIL] | YouTube  | [Normal]     | 97%    |   51.7ms | Manoj puri Kahani Samajh aayi...
[MUSIC/CHIL] | YouTube  | [Normal]     | 95%    |   36.0ms | e amuzat Ai cu termenii...
[GAMING/SUR] | YouTube  | [Normal]     | 90%    |   29.4ms | HAHAHA...
[GAMING/SUR] | YouTube  | [Normal]     | 97%    |  154.9ms | :face_with_tears_of_joy::face_with_tears...
[GAMING/SUR] | YouTube  | [Normal]     | 96%    |   32.6ms | h20 ??...
[GAMING/SUR] | YouTube  | [Normal]     | 96%    |   27.0ms | LMAO...
[GAMING/SUR] | YouTube  | [Normal]     | 95%    |   27.8ms | HJune...
[GAMING/SUR] | YouTube  | [Normal]     | 94%    |   33.7ms | don't swing at people there  lol...
[GAMING/SUR] | YouTube  | [Normal]     | 97%    |   31.3ms | 1/3 have more spaces...
[PSYCHOLOGY] | YouTube  | [Normal]     | 96%    |   28.0ms | I am food...
[GAMING/SUR] | YouTube  | [Normal]     | 55%    |   30.2ms | Check the dead guys machine...
[GAMING/SUR] | YouTube  | [Normal]     | 96%    |   30.6ms | lmaaoo...
[SPORTS/FOO] | YouTube  | [Normal]     | 97%    |   37.1ms | this live?...
[GAMING/SUR] | YouTube  | [Normal]     | 90%    |   27.0ms | hahahaha...
[GAMING/SUR] | YouTube  | [Normal]     | 96%    |   29.6ms | :fire::fire:...
[GAMING/SUR] | YouTube  | [Normal]     | 89%    |   38.5ms | we are sooooooooooooooooo back...
[GAMING/SUR] | YouTube  | [Normal]     | 84%    |   31.0ms | gonna lose...
[MUSIC/CHIL] | YouTube  | [Normal]     | 97%    |   39.7ms | halinkan hindi :pouting_cat:...
[GAMING/SUR] | YouTube  | [Normal]     | 94%    |   32.0ms | Omg hahahahahaha...
[PSYCHOLOGY] | YouTube  | [Normal]     | 85%    |   27.6ms | called you out...
[GAMING/SUR] | YouTube  | [Normal]     | 95%    |   44.2ms | :fire::fire::fire::fire::fire:...
[GAMING/SUR] | YouTube  | [Normal]     | 96%    |   31.7ms | lol...
[GAMING/SUR] | YouTube  | [Normal]     | 72%    |   34.3ms | GET WREAKED...
[MUSIC/CHIL] | YouTube  | [Normal]     | 97%    |  108.6ms | Secret Puzzle Code:(8+0) (4×1) (4) (1+1)...
[SELF-HELP/] | YouTube  | [Normal]     | 96%    |   31.2ms | Hello dr.k...
[GAMING/SUR] | YouTube  | [Normal]     | 97%    |   28.1ms | :peanuts: loves gambling...
[GAMING/SUR] | YouTube  | [Normal]     | 95%    |   23.0ms | hit...
[GAMING/SUR] | YouTube  | [Normal]     | 95%    |   25.2ms | HIT...
[GAMING/SUR] | YouTube  | [OFFENSIVE]  | 60%    |   30.8ms | :_LetsGo:...
[PSYCHOLOGY] | YouTube  | [Normal]     | 97%    |   55.1ms | Cultivate the skills you need to overcom...
[SELF-HELP/] | YouTube  | [Normal]     | 96%    |   35.0ms | It certainly is a day today...
[SELF-HELP/] | YouTube  | [Normal]     | 93%    |   27.0ms | very gut thanks man...
[GAMING/SUR] | YouTube  | [Normal]     | 92%    |   31.7ms | how do i join...
[GAMING/SUR] | YouTube  | [OFFENSIVE]  | 41%    |   31.3ms | Yes he’s stupid....
[MUSIC/CHIL] | YouTube  | [Normal]     | 96%    |   28.6ms | haa...
[GAMING/SUR] | YouTube  | [Normal]     | 91%    |   39.0ms | I mean ur kinda trash at blackjack ngl l...
[GAMING/SUR] | YouTube  | [Normal]     | 94%    |   38.0ms | he wasnt up 500 he just got his scrap ba...
[GAMING/SUR] | YouTube  | [Normal]     | 96%    |   39.0ms | Praise god he has to leave his house to ...
[GAMING/SUR] | YouTube  | [Normal]     | 98%    |   42.7ms | complimentary ball check?...
[SELF-HELP/] | YouTube  | [Normal]     | 85%    |   42.3ms | Left handed people slander as usual :_Dr...
[GAMING/SUR] | YouTube  | [Normal]     | 45%    |   57.8ms | being sore losers literally ruined the s...
[ENTERTAINM] | YouTube  | [Normal]     | 95%    |   40.0ms | india opppp...
[NEWS/LIVE ] | YouTube  | [Normal]     | 88%    |   45.3ms | It was a joke really...
[ENTERTAINM] | YouTube  | [Normal]     | 91%    |   38.1ms | W...
[GAMING/GAM] | YouTube  | [Normal]     | 93%    |   38.0ms | E...
[GAMING/GAM] | YouTube  | [Normal]     | 96%    |   43.9ms | IRON LUNG 2 CONFIRMED?...
[ENTERTAINM] | YouTube  | [Normal]     | 94%    |   30.0ms | Hi...
[GAMING/GAM] | YouTube  | [Normal]     | 95%    |   31.9ms | hello...
[GAMING/GAM] | YouTube  | [Normal]     | 96%    |   27.0ms | hiiiiiii...
[GAMING/GAM] | YouTube  | [Normal]     | 94%    |   36.0ms | hi...
[GAMING/GAM] | YouTube  | [Normal]     | 94%    |   23.0ms | hi...
[GAMING/GAM] | YouTube  | [Normal]     | 95%    |   30.0ms | HIIIIIII MARLKKKKKK...
[ENTERTAINM] | YouTube  | [Normal]     | 89%    |   24.5ms | yoooo...
[ENTERTAINM] | YouTube  | [Normal]     | 97%    |   52.2ms | MR beast day by day :fire::red_heart:& C...
[PSYCHOLOGY] | YouTube  | [Normal]     | 96%    |   29.0ms | lmao...
[GAMING/GAM] | YouTube  | [Normal]     | 97%    |   38.0ms | More news? is it 4 TIMES? xD...
[ENTERTAINM] | YouTube  | [Normal]     | 95%    |   27.6ms | love ya bro...
[GAMING/GAM] | YouTube  | [OFFENSIVE]  | 82%    |   36.8ms | YOO CONGRATSSSSSS OMGGG...
[ENTERTAINM] | YouTube  | [Normal]     | 96%    |   28.9ms | 500M W...
[PSYCHOLOGY] | YouTube  | [Normal]     | 95%    |   24.2ms | bajs...
[ENTERTAINM] | YouTube  | [Normal]     | 94%    |   27.0ms | SAY MY NAME...
[ENTERTAINM] | YouTube  | [Normal]     | 95%    |   35.2ms | best plz give me a iphone plz...
[NEWS/LIVE ] | YouTube  | [Normal]     | 94%    |   42.5ms | I can't disagree with irresponsible:cat-...
[ENTERTAINM] | YouTube  | [Normal]     | 94%    |   23.4ms | Hi...
[GAMING/SUR] | YouTube  | [Normal]     | 96%    |   26.1ms | missed a k...
[ENTERTAINM] | YouTube  | [Normal]     | 96%    |   45.1ms | I think y'all do it....but I've been sub...
[GAMING/GAM] | YouTube  | [Normal]     | 94%    |   29.8ms | im going to see the movie tomorrow...
[GAMING/GAM] | YouTube  | [Normal]     | 96%    |   27.0ms | Ayeeeeeee...
[GAMING/SUR] | YouTube  | [Normal]     | 64%    |   47.3ms | CAPTAINSPIDEY HES BEEN PLAYING FOR HOURS...
[GAMING/GAM] | YouTube  | [Normal]     | 93%    |   27.0ms | OH YEAHHHH...
[GAMING/GAM] | YouTube  | [Normal]     | 48%    |   27.0ms | Da goat....
[GAMING/GAM] | YouTube  | [Normal]     | 96%    |   68.1ms | you know what my favorite scene was? THA...
[GAMING/GAM] | YouTube  | [Normal]     | 95%    |   28.0ms | WE ARE NUMBER ONE...
[ENTERTAINM] | YouTube  | [Normal]     | 95%    |   29.0ms | good...
[PSYCHOLOGY] | YouTube  | [Normal]     | 96%    |   25.0ms | oo...
[MUSIC/CHIL] | YouTube  | [Normal]     | 90%    |   39.4ms | D mall ki vellavaa ninna:woman_detective...
[ENTERTAINM] | YouTube  | [Normal]     | 97%    |   29.0ms | 500m...
[GAMING/GAM] | YouTube  | [Normal]     | 94%    |   36.0ms | CONGRATULATIONS ON TH3 MOVIE MARK I WAT ...
[GAMING/GAM] | YouTube  | [Normal]     | 97%    |   32.5ms | HIIIIIIIIIII...
[MUSIC/CHIL] | YouTube  | [Normal]     | 97%    |   37.2ms | vsannu:body-blue-raised-arms:...
[ENTERTAINM] | YouTube  | [Normal]     | 91%    |   26.0ms | W...
[GAMING/GAM] | YouTube  | [Normal]     | 96%    |   37.2ms | Epic...
[GAMING/GAM] | YouTube  | [Normal]     | 97%    |   35.5ms | Welcome New Member!...
[GAMING/GAM] | YouTube  | [OFFENSIVE]  | 92%    |   32.0ms | WOWOWOAHAGGAHAHA...
[PSYCHOLOGY] | YouTube  | [Normal]     | 96%    |   54.6ms | @Valt-142 it's a sort of yin/yang divine...
[GAMING/SUR] | YouTube  | [Normal]     | 94%    |   34.6ms | Play with H20 Delirious...
[ENTERTAINM] | YouTube  | [Normal]     | 96%    |   26.8ms | Hello from SC!...
[GAMING/GAM] | YouTube  | [HATE]       | 50%    |   32.8ms | fax...
[ENTERTAINM] | YouTube  | [Normal]     | 97%    |   57.7ms | :green_heart::green_heart::green_heart::...
[ENTERTAINM] | YouTube  | [Normal]     | 68%    |   40.2ms | it is lagging...
[GAMING/SUR] | YouTube  | [Normal]     | 79%    |   31.1ms | Blackjack...
[GAMING/GAM] | YouTube  | [Normal]     | 96%    |   48.9ms | AIRPLAIN...
[ENTERTAINM] | YouTube  | [Normal]     | 96%    |   41.2ms | hiiiiiiiiii...
[NEWS/LIVE ] | YouTube  | [Normal]     | 90%    |   35.6ms | Thanks shoutout to anyone international ...
[GAMING/SUR] | YouTube  | [Normal]     | 94%    |   61.6ms | Hutch literally has more hours in this g...
[GAMING/SUR] | YouTube  | [Normal]     | 93%    |   54.8ms | what is rogue on 30 hours...
[ENTERTAINM] | YouTube  | [Normal]     | 95%    |   31.0ms | Hiii...
[GAMING/GAM] | YouTube  | [Normal]     | 93%    |   23.7ms | lighthouse...
[GAMING/GAM] | YouTube  | [Normal]     | 93%    |   26.0ms | Lighthouse...
[GAMING/GAM] | YouTube  | [Normal]     | 96%    |   33.0ms | NUMBER ONE MOVIE...
[ENTERTAINM] | YouTube  | [Normal]     | 97%    |   39.0ms | :red_heart::red_heart::red_heart:...
[GAMING/GAM] | YouTube  | [Normal]     | 97%    |   27.1ms | HIIIII...
[GAMING/SUR] | YouTube  | [Normal]     | 92%    |   24.6ms | PLAY THE WHEEL...
[GAMING/GAM] | YouTube  | [Normal]     | 98%    |  160.6ms | :face-blue-smiling::face-blue-smiling::f...
[ENTERTAINM] | YouTube  | [Normal]     | 96%    |   26.6ms | hiiiiii...
[GAMING/GAM] | YouTube  | [Normal]     | 93%    |   36.0ms | Lighthouse...
[ENTERTAINM] | YouTube  | [Normal]     | 97%    |   36.1ms | :red_heart::red_heart::red_heart:...
[ENTERTAINM] | YouTube  | [Normal]     | 91%    |   31.7ms | helooo...
[GAMING/GAM] | YouTube  | [Normal]     | 96%    |   26.0ms | LIGHTHOUSEE...
[ENTERTAINM] | YouTube  | [Normal]     | 95%    |   36.0ms | Mr bean please give me a 10000 dollar...
[GAMING/GAM] | YouTube  | [Normal]     | 97%    |   29.5ms | mark I really love you...
[GAMING/GAM] | YouTube  | [Normal]     | 93%    |   34.9ms | DEMOCRACY!...
[ENTERTAINM] | YouTube  | [Normal]     | 94%    |   32.0ms | omg this was crazy 500mil...
[MUSIC/CHIL] | YouTube  | [Normal]     | 96%    |   28.8ms | Vadiki future ekadidi...
[ENTERTAINM] | YouTube  | [Normal]     | 95%    |   28.6ms | gw dari indo...
[GAMING/GAM] | YouTube  | [OFFENSIVE]  | 61%    |   30.7ms | your movie was fuckin fire...
[ENTERTAINM] | YouTube  | [Normal]     | 97%    |   31.1ms | congratulations :confetti_ball:...
[GAMING/GAM] | YouTube  | [Normal]     | 90%    |   35.5ms | When Iron Lung is out of theaters where ...
[GAMING/GAM] | YouTube  | [Normal]     | 96%    |   35.0ms | oo awesome!!!...
[GAMING/SUR] | YouTube  | [OFFENSIVE]  | 75%    |   34.0ms | LETS FUCKING GOOOOOOOOOO...
[GAMING/GAM] | YouTube  | [Normal]     | 98%    |  187.1ms | :hands-yellow-heart-red::hands-yellow-he...
[GAMING/SUR] | YouTube  | [Normal]     | 88%    |   30.0ms | lucky sob...
[ENTERTAINM] | YouTube  | [Normal]     | 95%    |   46.7ms | hiiiiiii!!!!!!!!!!!!!!...
[GAMING/GAM] | YouTube  | [Normal]     | 93%    |   33.0ms | LIGHT HOUSEEEEEEEEEEEEE...
[ENTERTAINM] | YouTube  | [Normal]     | 94%    |   26.0ms | 1...
[GAMING/SUR] | YouTube  | [Normal]     | 88%    |   38.5ms | BRO STOOD ON A 12 WTF HOW DOES PEANUT GA...
[GAMING/SUR] | YouTube  | [Normal]     | 96%    |   27.0ms | spilt...
[GAMING/SUR] | YouTube  | [Normal]     | 87%    |   28.0ms | it laughed at you...
[GAMING/GAM] | YouTube  | [Normal]     | 83%    |   26.0ms | waste...
[GAMING/GAM] | YouTube  | [Normal]     | 45%    |   30.1ms | ITALYYYY...
[ENTERTAINM] | YouTube  | [Normal]     | 94%    |   26.0ms | Hi...
[GAMING/SUR] | YouTube  | [Normal]     | 87%    |   25.6ms | NO...
[ENTERTAINM] | YouTube  | [Normal]     | 96%    |   30.8ms | mrbeast luv from india...
[ENTERTAINM] | YouTube  | [Normal]     | 95%    |   30.6ms | 1111111111...
[GAMING/GAM] | YouTube  | [Normal]     | 85%    |   28.7ms | what about africa...
[GAMING/GAM] | YouTube  | [Normal]     | 90%    |   23.5ms | Turkey when...
[GAMING/GAM] | YouTube  | [Normal]     | 94%    |   31.0ms | portugal!? MY PEOPLE...
[ENTERTAINM] | YouTube  | [Normal]     | 98%    |   33.6ms | iphone 16 pro max :wrapped_gift:...
[ENTERTAINM] | YouTube  | [Normal]     | 94%    |   27.0ms | 1...
[GAMING/ESP] | YouTube  | [Normal]     | 98%    |   56.8ms | lgd gonna be fly high :clapping_hands::c...
[GAMING/GAM] | YouTube  | [Normal]     | 96%    |   32.9ms | the sound on my second viewing was much ...
[GAMING/GAM] | YouTube  | [Normal]     | 97%    |   46.7ms | i made a review of your movie!!! i loved...
[GAMING/GAM] | YouTube  | [Normal]     | 97%    |   28.0ms | Welcome to Member!...
[GAMING/GAM] | YouTube  | [Normal]     | 97%    |   29.0ms | Welcome to Member!...
[ENTERTAINM] | YouTube  | [Normal]     | 96%    |   31.9ms | Hi in Türkiye...
[GAMING/GAM] | YouTube  | [Normal]     | 97%    |   41.0ms | When are we getting the Distractable tou...
[MUSIC/CHIL] | YouTube  | [Normal]     | 98%    |   71.5ms | EXITO:face-red-heart-shape::face-red-hea...
[ENTERTAINM] | YouTube  | [Normal]     | 96%    |   40.4ms | love you...
[GAMING/SUR] | YouTube  | [Normal]     | 93%    |   32.0ms | max bet...
[GAMING/GAM] | YouTube  | [Normal]     | 96%    |   92.3ms | I went to see Iron Lung in theaters with...
[GAMING/GAM] | YouTube  | [Normal]     | 96%    |   51.7ms | Watching this while doing my BioCalc...
[ENTERTAINM] | YouTube  | [Normal]     | 96%    |   34.3ms | I’m From Canada...
[MUSIC/CHIL] | YouTube  | [Normal]     | 96%    |   31.8ms | Rosa ??...
[GAMING/GAM] | YouTube  | [Normal]     | 96%    |   32.3ms | First...
[GAMING/SUR] | YouTube  | [Normal]     | 90%    |   48.5ms | Peanut shows that gambling doesn't pay i...
[GAMING/SUR] | YouTube  | [Normal]     | 94%    |   27.0ms | all in!...
[ENTERTAINM] | YouTube  | [Normal]     | 97%    |   55.0ms | LOVE FROM INDIA JIMMY:sparkles::bottle_w...
[GAMING/SUR] | YouTube  | [Normal]     | 92%    |   32.5ms | lower bet...
[GAMING/SUR] | YouTube  | [Normal]     | 94%    |   33.0ms | 500 before hutch is back...
[GAMING/GAM] | YouTube  | [Normal]     | 97%    |   34.0ms | Hi Mark!Love all the streams...
[GAMING/GAM] | YouTube  | [Normal]     | 96%    |   40.0ms | haven't seen it yet but I'm excited to e...
[GAMING/GAM] | YouTube  | [Normal]     | 95%    |   26.6ms | 6 7...
[GAMING/GAM] | YouTube  | [Normal]     | 96%    |   29.1ms | huh I learned something today...
[GAMING/GAM] | YouTube  | [Normal]     | 91%    |   25.0ms | Airplanee...
[GAMING/SUR] | YouTube  | [Normal]     | 96%    |   51.4ms | dude u can't bet so high every hand afte...
[GAMING/GAM] | YouTube  | [Normal]     | 97%    |   32.0ms | The surround sound was so good for my th...
[GAMING/SUR] | YouTube  | [Normal]     | 92%    |   24.5ms | Stay...
[GAMING/SUR] | YouTube  | [Normal]     | 57%    |   28.0ms | now let them win...
[GAMING/GAM] | YouTube  | [Normal]     | 95%    |   45.0ms | @celestialservicek9s498 omg stay strong ...
[ENTERTAINM] | YouTube  | [Normal]     | 95%    |   28.0ms | my my study...
[ENTERTAINM] | YouTube  | [Normal]     | 91%    |   25.0ms | w...
[SELF-HELP/] | YouTube  | [Normal]     | 97%    |   32.9ms | hello Alok.:waving_hand:...
[ENTERTAINM] | YouTube  | [Normal]     | 95%    |   30.0ms | Hello...
[ENTERTAINM] | YouTube  | [Normal]     | 96%    |   27.8ms | hellooou...
[GAMING/SUR] | YouTube  | [Normal]     | 97%    |   36.6ms | I just got MILKED and I feel so refreshe...
[GAMING/SUR] | YouTube  | [Normal]     | 89%    |   35.4ms | peanut you are no longer allowed to make...
[GAMING/SUR] | YouTube  | [Normal]     | 94%    |   34.1ms | 3 of a kind in blackjack???...
[GAMING/SUR] | YouTube  | [Normal]     | 93%    |   27.1ms | bro...
[ENTERTAINM] | YouTube  | [Normal]     | 93%    |   26.0ms | Molar...
[ENTERTAINM] | YouTube  | [Normal]     | 94%    |   47.9ms | :thumbs_up::thumbs_up::thumbs_up::thumbs...
[GAMING/GAM] | YouTube  | [Normal]     | 63%    |   34.5ms | AIRPLANE GANG RISE UPPP...
[ENTERTAINM] | YouTube  | [Normal]     | 97%    |   37.8ms | sar please help me :pleading_face::disap...
[GAMING/GAM] | YouTube  | [Normal]     | 90%    |   32.0ms | LIGHT HOUSE...
[GAMING/GAM] | YouTube  | [OFFENSIVE]  | 44%    |   29.1ms | Airplane ganggggg...
[GAMING/GAM] | YouTube  | [Normal]     | 93%    |   43.0ms | that explains why I couldn't hear some t...
[GAMING/GAM] | YouTube  | [Normal]     | 97%    |   40.9ms | Atmos is...
[GAMING/GAM] | YouTube  | [Normal]     | 96%    |   27.4ms | Hi mark...
[GAMING/GAM] | YouTube  | [Normal]     | 96%    |   26.2ms | airplne ok...
[GAMING/GAM] | YouTube  | [Normal]     | 97%    |   40.6ms | I saw it in two different theatres in di...
[GAMING/GAM] | YouTube  | [Normal]     | 92%    |   41.9ms | LIGHTHOUSE I WANNA SEE A GUY JORK IT LIK...
[GAMING/GAM] | YouTube  | [Normal]     | 92%    |   44.1ms | Loved Iron lung!!!!!! ugh best movie eve...
[ENTERTAINM] | YouTube  | [Normal]     | 91%    |   33.5ms | love you mr beast...
[ENTERTAINM] | YouTube  | [Normal]     | 92%    |   26.8ms | Yeah budy...
[ENTERTAINM] | YouTube  | [Normal]     | 96%    |   28.8ms | New member...
[ENTERTAINM] | YouTube  | [Normal]     | 96%    |   31.9ms | мистер бист...
[GAMING/SUR] | YouTube  | [Normal]     | 96%    |   27.0ms | lmao...
[GAMING/SUR] | YouTube  | [Normal]     | 89%    |   29.2ms | Big youtubers are in...
[ENTERTAINM] | YouTube  | [Normal]     | 83%    |   40.1ms | crinnnge...
[MUSIC/CHIL] | YouTube  | [Normal]     | 95%    |   40.7ms | .......
[ENTERTAINM] | YouTube  | [Normal]     | 95%    |   32.1ms | hello...
[ENTERTAINM] | YouTube  | [Normal]     | 93%    |   41.4ms | Mrbeast can you give me money please :pl...
[GAMING/GAM] | YouTube  | [Normal]     | 95%    |   42.9ms | I finally made it to a live but I’m work...
[GAMING/GAM] | YouTube  | [Normal]     | 96%    |   33.6ms | I just watched from Germany  very nice !...
[GAMING/SUR] | YouTube  | [Normal]     | 49%    |   42.1ms | gingy gonna be mad when she gets back on...
[ENTERTAINM] | YouTube  | [Normal]     | 94%    |   26.9ms | hi...
[ENTERTAINM] | YouTube  | [Normal]     | 80%    |   43.0ms | GREAT JOB MRBEAST YOUR THE BEST  LOOK JO...
[ENTERTAINM] | YouTube  | [Normal]     | 98%    |   43.1ms | Jimmy big fan :heart_suit: $100 please :...
[ENTERTAINM] | YouTube  | [HATE]       | 45%    |   36.6ms | Asian Sticker...
[ENTERTAINM] | YouTube  | [Normal]     | 96%    |   28.0ms | 500mmm...
[ENTERTAINM] | YouTube  | [Normal]     | 94%    |   26.0ms | Hi...
[ENTERTAINM] | YouTube  | [Normal]     | 81%    |  173.7ms | mr mrbeast!!!!!!!!!!!!!!!!!!!!!!!!!!!!!!...
[GAMING/GAM] | YouTube  | [Normal]     | 95%    |   26.0ms | airplane...
[GAMING/SUR] | YouTube  | [Normal]     | 96%    |   30.1ms | lmfaaaaaaaaaao...
[GAMING/GAM] | YouTube  | [Normal]     | 98%    |   30.7ms | Airplane. :airplane: second tower...
[ENTERTAINM] | YouTube  | [Normal]     | 98%    |   67.4ms | :blue_heart::blue_heart::blue_heart::blu...
[MUSIC/CHIL] | YouTube  | [Normal]     | 97%    |   41.1ms | @kavya-c9c1j apki shaadi kab hogi...
[SELF-HELP/] | YouTube  | [Normal]     | 75%    |   36.6ms | a life they want for themself...
[ENTERTAINM] | YouTube  | [Normal]     | 95%    |   25.0ms | hello...
[GAMING/SUR] | YouTube  | [Normal]     | 56%    |   29.0ms | omggg...
[ENTERTAINM] | YouTube  | [Normal]     | 95%    |   31.2ms | love feom pakistan...
[GAMING/GAM] | YouTube  | [Normal]     | 97%    |   69.6ms | I’m just happy to be watching you. My ne...
[GAMING/SUR] | YouTube  | [Normal]     | 48%    |   38.0ms | XDDDDDDDDDDDDDDDDDD...
[GAMING/GAM] | YouTube  | [Normal]     | 96%    |   60.5ms | I know it hasn't been a whole lot of tim...
[GAMING/GAM] | YouTube  | [Normal]     | 95%    |   60.9ms | ive never seen this game before but i kn...
[GAMING/GAM] | YouTube  | [Normal]     | 94%    |   23.2ms | hi...
[MUSIC/CHIL] | YouTube  | [Normal]     | 97%    |   40.5ms | Amul vasthundhi le tension Enduku :pouti...
[ENTERTAINM] | YouTube  | [Normal]     | 95%    |  115.0ms | mantap luar biasa 500Mmantap luar biasa ...
[GAMING/GAM] | YouTube  | [Normal]     | 96%    |   84.2ms | Hi Mark! Hope you're doing well. First o...
[GAMING/SUR] | YouTube  | [Normal]     | 95%    |   28.9ms | Happy Happy Happy...
[ENTERTAINM] | YouTube  | [Normal]     | 92%    |   44.1ms | help me...
[GAMING/SUR] | YouTube  | [Normal]     | 94%    |   31.0ms | 5...
[GAMING/GAM] | YouTube  | [Normal]     | 91%    |   50.6ms | WE ARE SO PROUD OF YOU...
[GAMING/GAM] | YouTube  | [Normal]     | 96%    |   37.7ms | holy peak...
[SPORTS/PEN] | YouTube  | [Normal]     | 94%    |   34.3ms | i didnt know there was a budget...
[GAMING/SUR] | YouTube  | [Normal]     | 83%    |   27.3ms | Rogue is gonna...
[ENTERTAINM] | YouTube  | [Normal]     | 98%    |   52.4ms | pls say my name :folded_hands::folded_ha...
[PSYCHOLOGY] | YouTube  | [Normal]     | 96%    |   33.1ms | isn't that sadly partially true?...
[GAMING/GAM] | YouTube  | [Normal]     | 94%    |   47.3ms | I just got back from my second viewing o...
[GAMING/SUR] | YouTube  | [Normal]     | 92%    |   26.2ms | no luck...
[ENTERTAINM] | YouTube  | [Normal]     | 95%    |   23.2ms | hello...
[GAMING/GAM] | YouTube  | [Normal]     | 89%    |   25.8ms | Stream anomaly...
[GAMING/GAM] | YouTube  | [Normal]     | 94%    |   32.3ms | imagine the light turns into a disco bal...
[MUSIC/CHIL] | YouTube  | [Normal]     | 91%    |   27.9ms | go poop...
[ENTERTAINM] | YouTube  | [Normal]     | 97%    |   37.2ms | love from india :red_heart:...
[GAMING/GAM] | YouTube  | [Normal]     | 95%    |   26.6ms | SPELLING...
[ENTERTAINM] | YouTube  | [Normal]     | 86%    |   30.6ms | Yo...
[ENTERTAINM] | YouTube  | [Normal]     | 97%    |   26.6ms | سلام...
[GAMING/GAM] | YouTube  | [Normal]     | 91%    |   31.0ms | Typo anomaly in the title...
[ENTERTAINM] | YouTube  | [Normal]     | 94%    |   31.7ms | tower of terror best tower...
[ENTERTAINM] | YouTube  | [Normal]     | 98%    |   32.9ms | my gift :wrapped_gift:...
[GAMING/GAM] | YouTube  | [Normal]     | 90%    |   28.7ms | u spelled wrong mark...
[GAMING/GAM] | YouTube  | [Normal]     | 94%    |   36.6ms | There's a typo...
[GAMING/SUR] | YouTube  | [Normal]     | 96%    |   41.2ms | lol...
[GAMING/SUR] | YouTube  | [Normal]     | 92%    |   48.9ms | LMFAOOOOOO...
[GAMING/GAM] | YouTube  | [Normal]     | 94%    |   39.9ms | hi...
[ENTERTAINM] | YouTube  | [Normal]     | 91%    |   73.6ms | MRBEEEEEEEEEEEEEEEAAAAAAAAAASSSSSSSSSST6...
[GAMING/SUR] | YouTube  | [Normal]     | 96%    |   75.4ms | YOU HAD 1000 SCRAP WHEN YOU LOGGED IN...
[GAMING/SUR] | YouTube  | [Normal]     | 90%    |   36.5ms | Where’s the scarp peanut...
[ENTERTAINM] | YouTube  | [Normal]     | 92%    |   50.1ms | I WASSS HEREEEEE :fire::fire::fire::fire...
[GAMING/SUR] | YouTube  | [Normal]     | 98%    |   73.6ms | Keep On Bungulating LATE Into The Night ...
[ENTERTAINM] | YouTube  | [Normal]     | 97%    |   59.0ms | I am your big fan bro and I subscribed y...
[ENTERTAINM] | YouTube  | [Normal]     | 94%    |   26.0ms | Ok...
[GAMING/GAM] | YouTube  | [Normal]     | 84%    |   29.5ms | TYPOOOOO...
[GAMING/GAM] | YouTube  | [Normal]     | 94%    |   36.6ms | im gonna have an obversation with my bes...
[ENTERTAINM] | YouTube  | [Normal]     | 95%    |   25.9ms | hi Jimmy...
[GAMING/SUR] | YouTube  | [Normal]     | 68%    |   34.0ms | YOU CANT COUNT CARDS AGAINST A CLANKA DU...
[ENTERTAINM] | YouTube  | [Normal]     | 97%    |   72.7ms | Jimmyyyyyyyyyyyyyy  I can not believe th...
[GAMING/GAM] | YouTube  | [Normal]     | 94%    |   32.0ms | THE TITLE IS MISSPELLED...
[GAMING/SUR] | YouTube  | [Normal]     | 96%    |   40.7ms | He’s never gonna stop lol :face_with_tea...
[GAMING/GAM] | YouTube  | [Normal]     | 95%    |   30.0ms | xD...
[SELF-HELP/] | YouTube  | [Normal]     | 97%    |   50.0ms | Sometimes I think  my partner used to mi...
[ENTERTAINM] | YouTube  | [Normal]     | 95%    |   33.2ms | call speed!!!...
[GAMING/GAM] | YouTube  | [Normal]     | 94%    |   30.9ms | ovbersation...
[GAMING/GAM] | YouTube  | [Normal]     | 80%    |   36.0ms | I will be of absolutely NO help  I have ...
[GAMING/GAM] | YouTube  | [Normal]     | 95%    |   27.0ms | obversation...
[GAMING/SUR] | YouTube  | [Normal]     | 98%    |   38.3ms | :text-yellow-goal:...
[GAMING/GAM] | YouTube  | [Normal]     | 89%    |   31.0ms | the way i didnt even see...
[ENTERTAINM] | YouTube  | [Normal]     | 91%    |   31.3ms | is it weird watching your old videos...
[MUSIC/CHIL] | YouTube  | [Normal]     | 96%    |   31.6ms | :gar:welcm...
[GAMING/SUR] | YouTube  | [Normal]     | 74%    |   35.3ms | Peanut is an addict!!! lol...
[GAMING/SUR] | YouTube  | [Normal]     | 61%    |   29.1ms | a true addict...
[ENTERTAINM] | YouTube  | [Normal]     | 95%    |   23.5ms | Yooo...
[GAMING/SUR] | YouTube  | [Normal]     | 94%    |   36.5ms | 5...
[ENTERTAINM] | YouTube  | [Normal]     | 91%    |   23.5ms | mr beast...
[GAMING/GAM] | YouTube  | [Normal]     | 96%    |   34.8ms | I almost missed the stream  due to the t...
[GAMING/GAM] | YouTube  | [Normal]     | 95%    |   30.6ms | does this game is like fred nights ?...
[ENTERTAINM] | YouTube  | [Normal]     | 94%    |   23.0ms | 1...
[ENTERTAINM] | YouTube  | [Normal]     | 95%    |   28.0ms | please big fan...
[ENTERTAINM] | YouTube  | [Normal]     | 96%    |   29.5ms | jsjsj...
[ENTERTAINM] | YouTube  | [Normal]     | 97%    |   46.1ms | Jimmy:person-turqouise-waving::person-tu...
[MUSIC/CHIL] | YouTube  | [Normal]     | 98%    |   36.0ms | ...:face-turquoise-music-note:...
[GAMING/GAM] | YouTube  | [Normal]     | 93%    |   30.0ms | mark you pick dr pepper or coke...
[GAMING/GAM] | YouTube  | [Normal]     | 95%    |   28.0ms | obversation...
[GAMING/GAM] | YouTube  | [Normal]     | 95%    |   27.1ms | Hiiii...
[GAMING/GAM] | YouTube  | [Normal]     | 96%    |   45.0ms | gotta love my dyslexic five time champio...
[GAMING/GAM] | YouTube  | [Normal]     | 92%    |   30.4ms | Do you still play Ultrakill?...
[GAMING/GAM] | YouTube  | [Normal]     | 97%    |   37.7ms | OBVERSATION DUTY THE MOVIE?!??!?!?!...
[GAMING/GAM] | YouTube  | [Normal]     | 91%    |   25.9ms | MARK FIX YOUR POSTURE...
[GAMING/GAM] | YouTube  | [Normal]     | 97%    |   28.0ms | the poll is still going...
[GAMING/SUR] | YouTube  | [Normal]     | 97%    |   38.2ms | They logged in with 2000 scrap and left ...
[GAMING/GAM] | YouTube  | [Normal]     | 98%    |   33.1ms | was there always light in that shed?...
[GAMING/GAM] | YouTube  | [Normal]     | 91%    |   44.0ms | Guys let him turn his brain off after ho...
[ENTERTAINM] | YouTube  | [Normal]     | 93%    |   27.0ms | Are you okay?...
[PSYCHOLOGY] | YouTube  | [Normal]     | 97%    |   32.2ms | That was personal lol...
[MUSIC/CHIL] | YouTube  | [Normal]     | 85%    |   29.0ms | GTA ohh jealous...
[GAMING/GAM] | YouTube  | [Normal]     | 96%    |   27.7ms | LOL...
[GAMING/GAM] | YouTube  | [Normal]     | 98%    |   66.2ms | Iron Lung is so amazing :red_heart::red_...
[ENTERTAINM] | YouTube  | [Normal]     | 98%    |   42.2ms | Watching all World Cup games for 50K?:th...
[GAMING/GAM] | YouTube  | [Normal]     | 65%    |   64.8ms | IM GOING TO WATCH IRON LUNG RN IN OHIO!!...
[ENTERTAINM] | YouTube  | [Normal]     | 94%    |   35.8ms | 5...
[GAMING/GAM] | YouTube  | [Normal]     | 96%    |   33.8ms | LOL...
[GAMING/GAM] | YouTube  | [Normal]     | 97%    |   39.7ms | mousetrap in interior?...
[GAMING/GAM] | YouTube  | [Normal]     | 73%    |   43.8ms | Absolutely loved Iron Lung  you and the ...
[ENTERTAINM] | YouTube  | [Normal]     | 95%    |   24.0ms | 129...
[GAMING/GAM] | YouTube  | [Normal]     | 92%    |   25.0ms | bed...
[ENTERTAINM] | YouTube  | [Normal]     | 92%    |   34.1ms | "MrBeast  I would like a computer  pleas...
[PSYCHOLOGY] | YouTube  | [Normal]     | 95%    |   51.6ms | oof it me but w workaholism  codepednecy...
[ENTERTAINM] | YouTube  | [Normal]     | 94%    |   29.1ms | 2...
[GAMING/GAM] | YouTube  | [Normal]     | 97%    |   28.0ms | that done been there...
[GAMING/GAM] | YouTube  | [Normal]     | 83%    |   28.8ms | why are you blue...
[ENTERTAINM] | YouTube  | [Normal]     | 94%    |   28.0ms | heloooo...
[GAMING/GAM] | YouTube  | [Normal]     | 96%    |   29.0ms | :_markiBRAIN:...
[GAMING/GAM] | YouTube  | [Normal]     | 97%    |   28.2ms | Welcome to Member!...
[GAMING/GAM] | YouTube  | [Normal]     | 96%    |   41.5ms | I printed the popcorn bucket but the tee...
[ENTERTAINM] | YouTube  | [Normal]     | 97%    |   38.3ms | Bro lot's of love from Nepal :red_heart:...
[ENTERTAINM] | YouTube  | [Normal]     | 91%    |   31.1ms | mrbeast give me money...
[ENTERTAINM] | YouTube  | [Normal]     | 85%    |   34.0ms | Mr beast I watch you everyday hope you s...
[GAMING/GAM] | YouTube  | [Normal]     | 86%    |   40.6ms | that's not good...
[GAMING/SUR] | YouTube  | [Normal]     | 96%    |   24.5ms | a box??...
[ENTERTAINM] | YouTube  | [Normal]     | 92%    |   27.0ms | hi MrBeast...
[GAMING/GAM] | YouTube  | [Normal]     | 96%    |   27.9ms | we have a keen eye...
[GAMING/GAM] | YouTube  | [Normal]     | 60%    |   39.0ms | LETS GOOOOOOOOOOOOOOOOOOOOOO...
[GAMING/GAM] | YouTube  | [Normal]     | 96%    |   27.0ms | hi!!...
[ENTERTAINM] | YouTube  | [Normal]     | 95%    |   23.6ms | 67...
[GAMING/GAM] | YouTube  | [Normal]     | 56%    |   49.0ms | MARK IM ABOUT TO GO SEE IORN LUNG YOU BE...
[ENTERTAINM] | YouTube  | [Normal]     | 95%    |   25.0ms | Mr best...
[MUSIC/CHIL] | YouTube  | [OFFENSIVE]  | 40%    |   50.0ms | Dream dude I can't tell if work is chasi...
[SELF-HELP/] | YouTube  | [Normal]     | 97%    |   35.6ms | I just been enlighten...
[GAMING/GAM] | YouTube  | [Normal]     | 88%    |   38.2ms | thank god I'm not on duty y'all got this...
[GAMING/GAM] | YouTube  | [Normal]     | 96%    |   32.0ms | my cat is watching very closely rn...
[ENTERTAINM] | YouTube  | [Normal]     | 96%    |   28.0ms | hiiiiiii...
[GAMING/GAM] | YouTube  | [Normal]     | 93%    |   46.1ms | man standing in stair well!!!!!!!!!...
[ENTERTAINM] | YouTube  | [OFFENSIVE]  | 56%    |   53.3ms | Funny shorts:rolling_on_the_floor_laughi...
[GAMING/GAM] | YouTube  | [Normal]     | 90%    |   28.0ms | BLINDIPLIER...
[GAMING/SUR] | YouTube  | [Normal]     | 97%    |   31.0ms | the tea is pretty solid...
[GAMING/GAM] | YouTube  | [Normal]     | 95%    |   29.6ms | Poster I’m stairwell...
[GAMING/GAM] | YouTube  | [Normal]     | 94%    |   29.3ms | Bed Mark...
[ENTERTAINM] | YouTube  | [Normal]     | 95%    |   33.0ms | noob lol...
[GAMING/GAM] | YouTube  | [Normal]     | 97%    |   26.0ms | markiplier...
[GAMING/GAM] | YouTube  | [Normal]     | 94%    |   34.3ms | Man on the dock?...
[MUSIC/CHIL] | YouTube  | [Normal]     | 98%    |   47.8ms | Dream vanakam:pillow-turquoise-hot-choco...
[ENTERTAINM] | YouTube  | [Normal]     | 88%    |   41.1ms | Your last concept are really cool ex on ...
[ENTERTAINM] | YouTube  | [Normal]     | 94%    |   44.3ms | Hi...
[GAMING/GAM] | YouTube  | [Normal]     | 88%    |   42.1ms | The door...
[GAMING/GAM] | YouTube  | [Normal]     | 97%    |   44.1ms | INTERIOR LANTERN MOVEMENT...
[GAMING/SUR] | YouTube  | [Normal]     | 97%    |   61.6ms | NGL I might play the dino game before I ...
[ENTERTAINM] | YouTube  | [Normal]     | 96%    |   30.2ms | I want money...
[GAMING/SUR] | YouTube  | [Normal]     | 80%    |   39.9ms | he needs to be rebagged...
[GAMING/GAM] | YouTube  | [Normal]     | 95%    |   33.0ms | Was the bottle always standing up? In th...
[ENTERTAINM] | YouTube  | [Normal]     | 98%    |   97.9ms | rajasthan:face-blue-smiling::face-blue-s...
[GAMING/SUR] | YouTube  | [Normal]     | 75%    |   42.0ms | is he not allowed to use guns though is ...
[GAMING/GAM] | YouTube  | [Normal]     | 94%    |   43.7ms | lanternnnn in interirorrrr...
[ENTERTAINM] | YouTube  | [Normal]     | 95%    |   25.0ms | hello...
[PSYCHOLOGY] | YouTube  | [Normal]     | 95%    |   34.5ms | EVERY REDDITOR...
[SELF-HELP/] | YouTube  | [Normal]     | 97%    |   38.7ms | Can I share this live or save it for lat...
[GAMING/GAM] | YouTube  | [Normal]     | 95%    |   26.0ms | RAILING MOVED...
[ENTERTAINM] | YouTube  | [Normal]     | 93%    |   29.0ms | l...
[GAMING/SUR] | YouTube  | [Normal]     | 96%    |   29.1ms | Wait for welyn...
[GAMING/GAM] | YouTube  | [Normal]     | 97%    |   25.9ms | 5 gallon bucket?...
[GAMING/SUR] | YouTube  | [Normal]     | 90%    |   30.1ms | No  that’s only solar...
[ENTERTAINM] | YouTube  | [Normal]     | 94%    |   26.0ms | 1...
[GAMING/GAM] | YouTube  | [Normal]     | 94%    |   23.6ms | FOG...
[GAMING/GAM] | YouTube  | [Normal]     | 93%    |   34.2ms | Just got back from the theater. Iron Lun...
[ENTERTAINM] | YouTube  | [Normal]     | 94%    |   25.7ms | 1...
[GAMING/GAM] | YouTube  | [Normal]     | 93%    |   23.4ms | Yes...
[GAMING/SUR] | YouTube  | [Normal]     | 87%    |   30.0ms | no...
[GAMING/GAM] | YouTube  | [Normal]     | 93%    |   44.0ms | HEY MARK ME AND MY GIRLFRIEND LOVE YOU S...
[ENTERTAINM] | YouTube  | [Normal]     | 92%    |   26.2ms | 1one...
[GAMING/SUR] | YouTube  | [Normal]     | 87%    |   24.0ms | no...
[GAMING/GAM] | YouTube  | [Normal]     | 93%    |   28.8ms | bedroom camera missing...
[GAMING/SUR] | YouTube  | [Normal]     | 79%    |   37.5ms | LET THE PRO DO IT...
[GAMING/GAM] | YouTube  | [Normal]     | 66%    |   31.0ms | YOUR CUPBOARD DOOR MIRK...
[ENTERTAINM] | YouTube  | [Normal]     | 94%    |   27.0ms | 2...
[ENTERTAINM] | YouTube  | [Normal]     | 52%    |  163.5ms | HAPPY FOR YOU :face-fuchsia-wide-eyes::f...
[GAMING/SUR] | YouTube  | [Normal]     | 96%    |   44.0ms | WAIT FOR WELYN...
[GAMING/SUR] | YouTube  | [Normal]     | 86%    |   30.2ms | Higher but...
[ENTERTAINM] | YouTube  | [Normal]     | 93%    |   26.6ms | Yes...
[ENTERTAINM] | YouTube  | [Normal]     | 97%    |   36.0ms | :heart_suit::heart_suit:...
[GAMING/GAM] | YouTube  | [Normal]     | 96%    |   33.0ms | Hold on have u been live for ahhhhh...
[GAMING/SUR] | YouTube  | [Normal]     | 84%    |   25.1ms | build it up...
[ENTERTAINM] | YouTube  | [Normal]     | 94%    |   25.0ms | 6...
[GAMING/SUR] | YouTube  | [Normal]     | 83%    |   32.0ms | Just wait...
[GAMING/SUR] | YouTube  | [Normal]     | 90%    |   27.0ms | wait...
[GAMING/SUR] | YouTube  | [Normal]     | 95%    |   30.1ms | ASKIN WEYLYN...
[ENTERTAINM] | YouTube  | [Normal]     | 96%    |   33.0ms | love u from Bangladesh...
[GAMING/GAM] | YouTube  | [Normal]     | 86%    |   23.0ms | intruder...
[GAMING/GAM] | YouTube  | [Normal]     | 87%    |   37.6ms | MARK YOUR LIVE DURING THE DAY HERE!!! YA...
[ENTERTAINM] | YouTube  | [Normal]     | 97%    |   29.0ms | nikooo???...
[GAMING/GAM] | YouTube  | [Normal]     | 94%    |   27.1ms | Rip...
[ENTERTAINM] | YouTube  | [Normal]     | 94%    |   30.1ms | Venezuela...
[GAMING/GAM] | YouTube  | [Normal]     | 93%    |   33.3ms | n00b hahaha...
[GAMING/GAM] | YouTube  | [Normal]     | 95%    |   37.9ms | oh hi Mark...
[GAMING/GAM] | YouTube  | [Normal]     | 90%    |   35.6ms | You nearly did it...
[GAMING/GAM] | YouTube  | [Normal]     | 91%    |   38.0ms | Noob...
[GAMING/GAM] | YouTube  | [Normal]     | 94%    |   44.5ms | his ego has consumed him...
[ENTERTAINM] | YouTube  | [Normal]     | 98%    |   54.2ms | I am big fan of your channel. I am from ...
[GAMING/GAM] | YouTube  | [Normal]     | 94%    |   41.6ms | ur my fav noob <3...
[ENTERTAINM] | YouTube  | [Normal]     | 95%    |   47.8ms | Beluga is in the chat...
[MUSIC/CHIL] | YouTube  | [Normal]     | 97%    |   61.5ms | :person-turquoise-writing-headphones::pe...
[GAMING/SUR] | YouTube  | [Normal]     | 87%    |   25.0ms | lets go...
[GAMING/GAM] | YouTube  | [Normal]     | 90%    |   34.1ms | We are the obversers  clearly....
[GAMING/SUR] | YouTube  | [Normal]     | 83%    |   26.6ms | Welyn too nice...
[GAMING/GAM] | YouTube  | [Normal]     | 95%    |   40.4ms | lmao i did notice that when i made the l...
[GAMING/GAM] | YouTube  | [Normal]     | 96%    |   28.0ms | see exactly lol...
[GAMING/GAM] | YouTube  | [Normal]     | 91%    |   31.4ms | Hahahah...
[MUSIC/CHIL] | YouTube  | [Normal]     | 97%    |   46.4ms | new job vacancy :face_with_hand_over_mou...
[GAMING/SUR] | YouTube  | [Normal]     | 95%    |   30.2ms | positive guy he is Welyb...
[ENTERTAINM] | YouTube  | [Normal]     | 96%    |   30.0ms | :folded_hands:...
[GAMING/GAM] | YouTube  | [Normal]     | 92%    |   31.5ms | camera malfunction in keeper cabin...
[ENTERTAINM] | YouTube  | [Normal]     | 97%    |   52.0ms | @Mrbeast your big fan please give me an ...
[ENTERTAINM] | YouTube  | [Normal]     | 97%    |   24.0ms | hallo...
[GAMING/GAM] | YouTube  | [Normal]     | 64%    |   27.6ms | Obversate better!...
[GAMING/SUR] | YouTube  | [Normal]     | 73%    |   57.5ms | this is what i mean.... peanut is the wo...
[ENTERTAINM] | YouTube  | [Normal]     | 98%    |   73.0ms | :red_heart::red_heart::red_heart::red_he...
[PSYCHOLOGY] | YouTube  | [Normal]     | 96%    |   31.6ms | I would've been a nun...
[PSYCHOLOGY] | YouTube  | [Normal]     | 87%    |   44.2ms | thinking you're getting canceled about u...
[ENTERTAINM] | YouTube  | [Normal]     | 96%    |   40.6ms | congratulations :party_popper::clapping_...
[GAMING/GAM] | YouTube  | [Normal]     | 91%    |   30.2ms | PERSON...
[GAMING/GAM] | YouTube  | [Normal]     | 96%    |   36.0ms | YEAAAAAHAHAHH...
[GAMING/GAM] | YouTube  | [Normal]     | 95%    |   27.0ms | YAY...
[GAMING/GAM] | YouTube  | [Normal]     | 45%    |   26.0ms | YIPPEEE...
[MUSIC/CHIL] | YouTube  | [Normal]     | 96%    |   42.1ms | @kavya-c9c1j ap kab kroge mooh dikhai...
[ENTERTAINM] | YouTube  | [Normal]     | 97%    |   32.0ms | I watched then and would totally watch t...
[GAMING/GAM] | YouTube  | [Normal]     | 94%    |   28.0ms | woot...
[ENTERTAINM] | YouTube  | [Normal]     | 98%    |  221.4ms | :text-yellow-goal::text-yellow-goal::tex...
[ENTERTAINM] | YouTube  | [Normal]     | 96%    |   38.6ms | oi...
[GAMING/GAM] | YouTube  | [Normal]     | 94%    |   36.0ms | OMFGGGG OBSERVATION DUTY?!?!?!?!...
[GAMING/GAM] | YouTube  | [Normal]     | 96%    |   35.3ms | mark does know that nothing appears unti...
[GAMING/GAM] | YouTube  | [Normal]     | 96%    |   31.0ms | what about mii side??...
[GAMING/GAM] | YouTube  | [Normal]     | 86%    |   30.6ms | THERES A PERSONNNNN...
[GAMING/GAM] | YouTube  | [Normal]     | 72%    |   31.7ms | are you gonna play the new resident evil...
[ENTERTAINM] | YouTube  | [Normal]     | 97%    |   33.1ms | :red_heart::red_heart:...
[ENTERTAINM] | YouTube  | [Normal]     | 96%    |   36.0ms | кто из русских...
[GAMING/GAM] | YouTube  | [Normal]     | 88%    |   30.3ms | mark behind you...
[GAMING/GAM] | YouTube  | [Normal]     | 91%    |   26.0ms | IRON MY LUNG MARK...
[ENTERTAINM] | YouTube  | [Normal]     | 95%    |   27.0ms | 67...
[ENTERTAINM] | YouTube  | [Normal]     | 93%    |   26.0ms | Hello Mr Beast...
[GAMING/GAM] | YouTube  | [Normal]     | 92%    |   25.4ms | WOOD FELL IN QUARTERS...
[MUSIC/CHIL] | YouTube  | [Normal]     | 95%    |   32.3ms | m bhi nhi krungi kbhi...
[GAMING/SUR] | YouTube  | [Normal]     | 96%    |   26.8ms | LMFAO...
[GAMING/SUR] | YouTube  | [Normal]     | 86%    |   28.1ms | oh nbooo...
[ENTERTAINM] | YouTube  | [Normal]     | 95%    |   33.0ms | hiiii...
[GAMING/GAM] | YouTube  | [Normal]     | 97%    |   33.0ms | 2 pipes next to each other in interior...
[GAMING/GAM] | YouTube  | [Normal]     | 98%    |   90.8ms | :face-blue-wide-eyes::face-blue-wide-eye...
[GAMING/GAM] | YouTube  | [Normal]     | 96%    |   34.6ms | its mark!!!...
[GAMING/GAM] | YouTube  | [Normal]     | 93%    |   30.1ms | IMSCARED...
[GAMING/SUR] | YouTube  | [Normal]     | 71%    |   54.3ms | It’s going to destroy your whole base...
[GAMING/GAM] | YouTube  | [Normal]     | 95%    |   42.9ms | you missed one...
[GAMING/GAM] | YouTube  | [Normal]     | 97%    |   56.4ms | did the oil lantern on the dresser at th...
[ENTERTAINM] | YouTube  | [Normal]     | 97%    |   40.6ms | Can I have a dollar?...
[ENTERTAINM] | YouTube  | [Normal]     | 94%    |   43.4ms | Minecraft...
[GAMING/GAM] | YouTube  | [Normal]     | 96%    |   46.5ms | WOOD ON FLOOR...
[ENTERTAINM] | YouTube  | [Normal]     | 94%    |   39.3ms | Now I remember it...
[MUSIC/CHIL] | YouTube  | [Normal]     | 91%    |   33.1ms | emkdhule...
[GAMING/GAM] | YouTube  | [Normal]     | 95%    |   35.1ms | 03o eyes peeled...
[ENTERTAINM] | YouTube  | [Normal]     | 97%    |   40.0ms | I'm playing Minecraft :beaming_face_with...
[ENTERTAINM] | YouTube  | [Normal]     | 96%    |   34.4ms | Hi  hi MrBeast  I am from Pakistan...
[ENTERTAINM] | YouTube  | [Normal]     | 98%    |  106.7ms | :hand-pink-waving::hand-pink-waving::han...
[GAMING/GAM] | YouTube  | [Normal]     | 95%    |   31.0ms | Why is the door open?...
[SELF-HELP/] | YouTube  | [Normal]     | 96%    |   25.0ms | 1 v Universe...
[GAMING/GAM] | YouTube  | [Normal]     | 78%    |   29.8ms | seeing is for the weak...
[ENTERTAINM] | YouTube  | [Normal]     | 95%    |   26.6ms | pin...
[ENTERTAINM] | YouTube  | [Normal]     | 95%    |   27.0ms | bro please say my name...
[GAMING/GAM] | YouTube  | [Normal]     | 95%    |   36.0ms | Was there something on the bed?...
[ENTERTAINM] | YouTube  | [Normal]     | 95%    |   33.7ms | please do something special on 500M subs...
[GAMING/GAM] | YouTube  | [Normal]     | 85%    |   38.9ms | SLIME IN THE ICE MACHINE...
[MUSIC/CHIL] | YouTube  | [HATE]       | 58%    |   55.9ms | Raggy how are u :clinking_glasses::backh...
[GAMING/GAM] | YouTube  | [Normal]     | 91%    |   37.2ms | ah yes  thats why we stopped the floodin...
[GAMING/GAM] | YouTube  | [Normal]     | 97%    |   29.0ms | i really like the new map designs...
[ENTERTAINM] | YouTube  | [Normal]     | 88%    |   31.0ms | nice :thumbs_up:...
[GAMING/GAM] | YouTube  | [Normal]     | 95%    |   24.5ms | it looks cool...
[ENTERTAINM] | YouTube  | [Normal]     | 97%    |   81.1ms | MrBeast  congrats on 500 million! As you...
[ENTERTAINM] | YouTube  | [Normal]     | 95%    |   35.6ms | been subscribes since mr beast had 30m s...
[MUSIC/CHIL] | YouTube  | [Normal]     | 98%    |   68.9ms | prasa :comet::small_blue_diamond:I'm fin...
[GAMING/GAM] | YouTube  | [Normal]     | 96%    |   36.8ms | hey mark! this is my first time catching...
[GAMING/GAM] | YouTube  | [Normal]     | 96%    |   55.3ms | @markiplier Congrats on the film man!!! ...
[GAMING/GAM] | YouTube  | [Normal]     | 91%    |   28.6ms | You’re so cool...
[GAMING/SUR] | YouTube  | [Normal]     | 89%    |   32.9ms | Consider Yourselves LUCKY...
[ENTERTAINM] | YouTube  | [Normal]     | 94%    |   31.7ms | hi Mr beast...
[ENTERTAINM] | YouTube  | [Normal]     | 96%    |   32.0ms | please give my dream phone iphone 17 Pro...
[ENTERTAINM] | YouTube  | [Normal]     | 96%    |   27.5ms | :)...
[GAMING/GAM] | YouTube  | [Normal]     | 95%    |   31.0ms | I see iron lung on Thursday January 29th...
[GAMING/GAM] | YouTube  | [Normal]     | 86%    |   26.1ms | THE FLOOR IS MISSING...
[GAMING/GAM] | YouTube  | [Normal]     | 92%    |   30.0ms | THE HANDLE IN THE INTERIOR...
[ENTERTAINM] | YouTube  | [Normal]     | 98%    |   38.1ms | help me my dream complete jimmy my dream...
[MUSIC/CHIL] | YouTube  | [Normal]     | 97%    |   41.0ms | :peach::smiling_face_with_halo::rose::al...
[GAMING/SUR] | YouTube  | [Normal]     | 96%    |   28.0ms | lol...
[GAMING/SUR] | YouTube  | [Normal]     | 92%    |   25.0ms | SHOW THE BASE...
[SELF-HELP/] | YouTube  | [Normal]     | 89%    |   31.3ms | omg dr k likes us...
[GAMING/SUR] | YouTube  | [Normal]     | 96%    |   29.0ms | M2 and ak for heli brother...
[GAMING/GAM] | YouTube  | [Normal]     | 91%    |   33.5ms | What’s under the bed??...
[GAMING/GAM] | YouTube  | [Normal]     | 96%    |   49.0ms | the second bottle is missing in the pier...
[PSYCHOLOGY] | YouTube  | [Normal]     | 66%    |   40.3ms | wasent their problem before femenism . i...
[GAMING/GAM] | YouTube  | [Normal]     | 97%    |   38.1ms | Mark looks so cool doing his lifeguard t...
[ENTERTAINM] | YouTube  | [Normal]     | 87%    |   28.5ms | heeeee...
[GAMING/GAM] | YouTube  | [Normal]     | 96%    |   30.8ms | Were the logs always on the floor?...
[ENTERTAINM] | YouTube  | [Normal]     | 98%    |   57.2ms | :hand-pink-waving::face-blue-smiling::fa...
[MUSIC/CHIL] | YouTube  | [Normal]     | 96%    |   36.3ms | emo vastadi repu ga puttey di ela vastdi...
[ENTERTAINM] | YouTube  | [Normal]     | 88%    |   38.7ms | if I could I would subscribe again :loud...
[ENTERTAINM] | YouTube  | [Normal]     | 94%    |   26.0ms | big fan of your...
[GAMING/GAM] | YouTube  | [Normal]     | 97%    |   70.7ms | Hey mark! I’m currently in the parking l...
[ENTERTAINM] | YouTube  | [Normal]     | 97%    |   54.5ms | я Армения живу в Абхазии:heart_suit::hea...
[ENTERTAINM] | YouTube  | [Normal]     | 94%    |   26.9ms | ishowspeed...
[ENTERTAINM] | YouTube  | [Normal]     | 93%    |   29.8ms | ДА...
[GAMING/GAM] | YouTube  | [Normal]     | 96%    |   34.8ms | Helloo!!!...
[GAMING/GAM] | YouTube  | [Normal]     | 63%    |   30.3ms | Le little mousetrap they say...
[ENTERTAINM] | YouTube  | [Normal]     | 70%    |   31.3ms | what is that Mr bean...
[ENTERTAINM] | YouTube  | [Normal]     | 74%    |   41.3ms | congratulation mr beast from Bangladesh...
[GAMING/GAM] | YouTube  | [OFFENSIVE]  | 82%    |   39.2ms | "I PISS IN THE YARD"...
[ENTERTAINM] | YouTube  | [Normal]     | 89%    |   37.7ms | Casey is og...
[ENTERTAINM] | YouTube  | [Normal]     | 96%    |   37.5ms | New member...
[GAMING/GAM] | YouTube  | [Normal]     | 96%    |   47.5ms | Stool  top of light house?...
[ENTERTAINM] | YouTube  | [Normal]     | 93%    |   28.4ms | gg...
[ENTERTAINM] | YouTube  | [Normal]     | 94%    |   32.0ms | hi...
[PSYCHOLOGY] | YouTube  | [Normal]     | 84%    |   39.6ms | don't have kids  anti-natalism....
[ENTERTAINM] | YouTube  | [Normal]     | 96%    |   26.5ms | tnx...
[ENTERTAINM] | YouTube  | [Normal]     | 94%    |   24.0ms | hi...
[GAMING/GAM] | YouTube  | [Normal]     | 97%    |   29.4ms | The lantern moved in the interior...
[GAMING/GAM] | YouTube  | [Normal]     | 93%    |   41.2ms | what is it like being back here playing ...
[MUSIC/CHIL] | YouTube  | [HATE]       | 84%    |   45.7ms | Raggy buy her a Barista machine...
[GAMING/GAM] | YouTube  | [Normal]     | 94%    |   32.2ms | room anomaly in middle of stairwell agai...
[ENTERTAINM] | YouTube  | [Normal]     | 97%    |  159.9ms | Translate my message. Здравствуйте я из ...
[GAMING/GAM] | YouTube  | [Normal]     | 97%    |   35.8ms | in before Markiplier nails this level...
[GAMING/SUR] | YouTube  | [Normal]     | 80%    |   27.3ms | Leroy Jenkins them...
[SELF-HELP/] | YouTube  | [Normal]     | 90%    |   64.9ms | Hey there! how are you. I have a questio...
[SPORTS/FOO] | YouTube  | [Normal]     | 96%    |   66.6ms | 일본 월요일 네덜란드랑 첫경기인걸로 아는데...
[GAMING/GAM] | YouTube  | [OFFENSIVE]  | 87%    |   34.6ms | How the fuck does he keep up with chat?...
[GAMING/GAM] | YouTube  | [Normal]     | 93%    |   32.7ms | circuit breaker!!!!...
[GAMING/GAM] | YouTube  | [Normal]     | 88%    |   42.7ms | I love observation duty but does anyone ...
[GAMING/GAM] | YouTube  | [Normal]     | 96%    |   35.0ms | fuse boxxx...
[GAMING/GAM] | YouTube  | [Normal]     | 97%    |   34.2ms | light anomoly in the lantern room...
[ENTERTAINM] | YouTube  | [Normal]     | 96%    |   29.9ms | :registered:...
[ENTERTAINM] | YouTube  | [Normal]     | 96%    |   44.2ms | Every one knows youuu:smiling_face_with_...
[ENTERTAINM] | YouTube  | [Normal]     | 96%    |   23.3ms | New member...
[ENTERTAINM] | YouTube  | [Normal]     | 94%    |   26.4ms | Hi...
[ENTERTAINM] | YouTube  | [Normal]     | 98%    |   44.3ms | :hand-pink-waving::hand-pink-waving::han...
[ENTERTAINM] | YouTube  | [Normal]     | 94%    |   28.5ms | Mr...
[ENTERTAINM] | YouTube  | [Normal]     | 95%    |   25.0ms | hii...
[GAMING/GAM] | YouTube  | [Normal]     | 96%    |   25.0ms | Pier background...
[ENTERTAINM] | YouTube  | [Normal]     | 98%    |  164.4ms | :cat-orange-whistling::cat-orange-whistl...
[GAMING/GAM] | YouTube  | [Normal]     | 94%    |   33.0ms | ITS BIG BRAIN TIME...
[ENTERTAINM] | YouTube  | [Normal]     | 98%    |   69.5ms | :hand-pink-waving::hand-pink-waving::han...
[GAMING/GAM] | YouTube  | [Normal]     | 96%    |   85.2ms | I’ve been distracted on instagram reels ...
[GAMING/GAM] | YouTube  | [Normal]     | 93%    |   31.2ms | nah mark i saw it too...
[ENTERTAINM] | YouTube  | [Normal]     | 96%    |   25.8ms | New member...
[GAMING/GAM] | YouTube  | [Normal]     | 97%    |   30.2ms | FUSE BOX in the Interior!!...
[GAMING/GAM] | YouTube  | [Normal]     | 95%    |   30.7ms | LIGHT...
[GAMING/GAM] | YouTube  | [Normal]     | 98%    |   57.2ms | :face-orange-biting-nails::face-orange-b...
[GAMING/GAM] | YouTube  | [Normal]     | 93%    |   31.4ms | WOOD...
[ENTERTAINM] | YouTube  | [Normal]     | 96%    |   29.0ms | New member...
[ENTERTAINM] | YouTube  | [Normal]     | 91%    |   27.1ms | Caseoh...
[PSYCHOLOGY] | YouTube  | [Normal]     | 92%    |   33.6ms | @SivTheScribe DO YOU REMEMBER ME...
[ENTERTAINM] | YouTube  | [Normal]     | 95%    |   31.0ms | kasimofficial94...
[ENTERTAINM] | YouTube  | [Normal]     | 95%    |   23.0ms | hello...
[ENTERTAINM] | YouTube  | [Normal]     | 96%    |   27.4ms | indiaaaa...
[MUSIC/CHIL] | YouTube  | [Normal]     | 97%    |   90.5ms | Some doctors here are guys with girls ac...
[GAMING/SUR] | YouTube  | [Normal]     | 94%    |   40.0ms | GAME NAME IS: DILLON DANIS IS NOT IN THE...
[NEWS/LIVE ] | YouTube  | [OFFENSIVE]  | 44%    |   32.0ms | You are a racist Oatmeal Toes...
[GAMING/GAM] | YouTube  | [Normal]     | 96%    |   24.8ms | mark pls...
[MUSIC/CHIL] | YouTube  | [Normal]     | 97%    |   37.2ms | Altair pedarast:smiling_face_with_tear:...
[ENTERTAINM] | YouTube  | [Normal]     | 96%    |   26.6ms | From Nepal...
[ENTERTAINM] | YouTube  | [Normal]     | 95%    |   47.6ms | shout out jimmy from Mindanao Philippine...
[GAMING/GAM] | YouTube  | [Normal]     | 96%    |   39.6ms | Mark  the FUSE BOX isn't supposed to be ...
[GAMING/SUR] | YouTube  | [Normal]     | 97%    |   29.0ms | oil...
[GAMING/SUR] | YouTube  | [Normal]     | 93%    |   25.0ms | Build...
[GAMING/SUR] | YouTube  | [Normal]     | 95%    |   23.7ms | TURRETS...
[PSYCHOLOGY] | YouTube  | [Normal]     | 91%    |   32.0ms | Gotta have a side piece...
[ENTERTAINM] | YouTube  | [Normal]     | 94%    |   27.4ms | 1...
[ENTERTAINM] | YouTube  | [Normal]     | 94%    |   24.0ms | 1...
[GAMING/SUR] | YouTube  | [Normal]     | 90%    |   29.1ms | Stay home...
[SELF-HELP/] | YouTube  | [Normal]     | 93%    |   31.0ms | DR K!!!!...
[GAMING/GAM] | YouTube  | [Normal]     | 93%    |   33.9ms | I saw it too when I played  it just happ...
[GAMING/GAM] | YouTube  | [Normal]     | 93%    |   28.0ms | YEEEE...
[GAMING/SUR] | YouTube  | [Normal]     | 67%    |   28.2ms | Rust is so lame...
[GAMING/GAM] | YouTube  | [Normal]     | 97%    |   27.0ms | Welcome New Member!...
[ENTERTAINM] | YouTube  | [Normal]     | 94%    |   23.6ms | 1...
[GAMING/SUR] | YouTube  | [Normal]     | 95%    |   27.0ms | turrets...
[MUSIC/CHIL] | YouTube  | [Normal]     | 97%    |   32.0ms | exit:smiling_face_with_tear:...
[ENTERTAINM] | YouTube  | [Normal]     | 96%    |   26.0ms | New member...
[GAMING/GAM] | YouTube  | [Normal]     | 96%    |   33.7ms | theres and extra symbol on the barrels!...
[GAMING/SUR] | YouTube  | [Normal]     | 94%    |   30.6ms | just let welyn do it...
[ENTERTAINM] | YouTube  | [Normal]     | 94%    |   25.0ms | 1...
[GAMING/SUR] | YouTube  | [Normal]     | 93%    |   47.0ms | need gun and ammo...
[ENTERTAINM] | YouTube  | [Normal]     | 94%    |   26.9ms | 1...
[GAMING/SUR] | YouTube  | [Normal]     | 87%    |   39.0ms | you've got plenty of loot for now  prepa...
[ENTERTAINM] | YouTube  | [Normal]     | 94%    |   25.1ms | Indonesia...
[GAMING/GAM] | YouTube  | [Normal]     | 89%    |   27.6ms | Yoooo...
[GAMING/GAM] | YouTube  | [Normal]     | 95%    |   50.3ms | can someone tell Mark that in the baseme...
[ENTERTAINM] | YouTube  | [Normal]     | 97%    |   35.2ms | :beaming_face_with_smiling_eyes:...
[GAMING/ESP] | YouTube  | [Normal]     | 97%    |   39.0ms | Lgd will ve a new king in dota 2!!...
[GAMING/SUR] | YouTube  | [Normal]     | 97%    |   26.0ms | Windmill gone?...
[PSYCHOLOGY] | YouTube  | [Normal]     | 78%    |   25.1ms | No way...
[ENTERTAINM] | YouTube  | [Normal]     | 93%    |   28.2ms | Lo...
[ENTERTAINM] | YouTube  | [Normal]     | 94%    |   35.1ms | MR BEAST GIVE ME 1$...
[GAMING/GAM] | YouTube  | [Normal]     | 79%    |   48.0ms | my eyes are hurting...
[PSYCHOLOGY] | YouTube  | [Normal]     | 95%    |   46.0ms | kitna bolega dr...
[GAMING/GAM] | YouTube  | [Normal]     | 96%    |   49.5ms | you have such good vibes!...
[GAMING/GAM] | YouTube  | [Normal]     | 92%    |   43.5ms | ROPE IS LOWER IN INTERIOR...
[ENTERTAINM] | YouTube  | [Normal]     | 97%    |   45.6ms | Hello :waving_hand: Mr. Beast...
[GAMING/GAM] | YouTube  | [Normal]     | 97%    |   46.9ms | lighthouse poster always there?...
[ENTERTAINM] | YouTube  | [Normal]     | 94%    |   42.8ms | hi...
[GAMING/SUR] | YouTube  | [Normal]     | 92%    |   31.2ms | u got the bp...
[GAMING/GAM] | YouTube  | [Normal]     | 96%    |   29.0ms | Fuse box is open...
[GAMING/GAM] | YouTube  | [Normal]     | 94%    |   30.5ms | extra barrel?...
[GAMING/GAM] | YouTube  | [Normal]     | 92%    |   30.6ms | interior lamp on the dresser is off...
[GAMING/GAM] | YouTube  | [Normal]     | 97%    |   31.7ms | mark what did I miss...
[MUSIC/CHIL] | YouTube  | [Normal]     | 95%    |   44.9ms | Now I wanna real beautiful girl like urs...
[MUSIC/CHIL] | YouTube  | [Normal]     | 93%    |   31.6ms | :person-blue-wheelchair-race:...
[GAMING/GAM] | YouTube  | [Normal]     | 94%    |   28.1ms | frozen window at cabin...
[GAMING/GAM] | YouTube  | [Normal]     | 98%    |   39.0ms | Is the little red oil can on the pier su...
[GAMING/GAM] | YouTube  | [Normal]     | 94%    |   40.9ms | there's a cloth missing from right next ...
[GAMING/GAM] | YouTube  | [Normal]     | 97%    |   27.6ms | I love this game...
[GAMING/GAM] | YouTube  | [Normal]     | 96%    |   25.9ms | lol...
[GAMING/GAM] | YouTube  | [Normal]     | 96%    |   27.0ms | lol...
[GAMING/GAM] | YouTube  | [Normal]     | 94%    |   58.2ms | It was my first time going to the movies...
[ENTERTAINM] | YouTube  | [Normal]     | 96%    |   29.2ms | LAST 100k!!!!!...
[GAMING/GAM] | YouTube  | [Normal]     | 97%    |   29.0ms | Extra bottle in the pier MARK PLEASE...
[SELF-HELP/] | YouTube  | [Normal]     | 71%    |   55.7ms | what's the healthy alternative to using ...
[GAMING/GAM] | YouTube  | [Normal]     | 96%    |   35.6ms | STAIRWELL RAILING MOVED...
[GAMING/GAM] | YouTube  | [Normal]     | 96%    |   30.7ms | fuse box has always been open...
[ENTERTAINM] | YouTube  | [Normal]     | 95%    |   23.0ms | wow...
[ENTERTAINM] | YouTube  | [Normal]     | 94%    |   25.0ms | Hi...
[SPORTS/FOO] | YouTube  | [Normal]     | 96%    |   26.1ms | hadir...
[GAMING/GAM] | YouTube  | [Normal]     | 97%    |   48.0ms | SRRY IM LATE I COULVE JOINED EARLIER BUT...
[GAMING/GAM] | YouTube  | [Normal]     | 95%    |   33.0ms | I think there’s extra ropes hanging inte...
[GAMING/GAM] | YouTube  | [Normal]     | 96%    |   26.5ms | THERE WAS...
[GAMING/GAM] | YouTube  | [Normal]     | 96%    |   25.4ms | stairwell pillar...
[GAMING/GAM] | YouTube  | [Normal]     | 96%    |   25.9ms | LIGHT IN THE YARD...
[ENTERTAINM] | YouTube  | [Normal]     | 98%    |  169.7ms | :face-blue-smiling::face-blue-smiling::f...
[ENTERTAINM] | YouTube  | [Normal]     | 96%    |   25.0ms | New member...
[GAMING/GAM] | YouTube  | [Normal]     | 97%    |   45.5ms | Railing behind ropes on the stairwell ca...
[GAMING/GAM] | YouTube  | [Normal]     | 94%    |   34.0ms | My goldfish brain could not...
[ENTERTAINM] | YouTube  | [Normal]     | 95%    |   32.2ms | I am carryminati...
[GAMING/GAM] | YouTube  | [Normal]     | 92%    |   28.9ms | WHAT WAS THAT...
[GAMING/GAM] | YouTube  | [Normal]     | 92%    |   35.5ms | Iron lung in Egypt??...
[ENTERTAINM] | YouTube  | [Normal]     | 95%    |   29.6ms | HIIII...
[GAMING/GAM] | YouTube  | [Normal]     | 97%    |   36.8ms | Did the bucket at the top left on the li...
[ENTERTAINM] | YouTube  | [Normal]     | 96%    |   37.0ms | yes.............
[ENTERTAINM] | YouTube  | [Normal]     | 96%    |   30.0ms | New member...
[GAMING/GAM] | YouTube  | [Normal]     | 97%    |   36.6ms | the pillar is spinning :loudly_crying_fa...
[ENTERTAINM] | YouTube  | [Normal]     | 96%    |   40.2ms | :red_heart:...
[GAMING/GAM] | YouTube  | [Normal]     | 91%    |   29.7ms | ooooh...
[ENTERTAINM] | YouTube  | [Normal]     | 89%    |   26.0ms | do you know Indonesia...
[ENTERTAINM] | YouTube  | [Normal]     | 95%    |   25.6ms | Bangladesh Please...
[MUSIC/CHIL] | YouTube  | [Normal]     | 97%    |   36.7ms | andrej bro hru:grinning_face_with_sweat:...
[GAMING/GAM] | YouTube  | [Normal]     | 49%    |   34.2ms | like a creature from Courage the Cowardl...
[ENTERTAINM] | YouTube  | [Normal]     | 95%    |   23.3ms | hello...
[MUSIC/CHIL] | YouTube  | [Normal]     | 98%    |   44.8ms | Tera chehra jb nazar aaye:face-turquoise...
[PSYCHOLOGY] | YouTube  | [Normal]     | 49%    |   44.3ms | i can thank my covert  communal  maligna...
[ENTERTAINM] | YouTube  | [Normal]     | 96%    |   77.3ms | :yt::yt::yt::yt::yt::yt::yt::yt::yt::yt:...
[ENTERTAINM] | YouTube  | [Normal]     | 97%    |   43.6ms | love from Pakistan...
[GAMING/GAM] | YouTube  | [Normal]     | 97%    |   54.6ms | the stairwell railing switched sides mar...
[GAMING/GAM] | YouTube  | [Normal]     | 98%    |   53.6ms | I miss Bob. Play a game with Bob!...
[SELF-HELP/] | YouTube  | [Normal]     | 90%    |   31.0ms | Jesus...
[GAMING/SUR] | YouTube  | [Normal]     | 55%    |   40.9ms | fix the base and go raid theirs take you...
[ENTERTAINM] | YouTube  | [Normal]     | 96%    |   37.2ms | mister best please give me gaming pc...
[GAMING/GAM] | YouTube  | [Normal]     | 95%    |   25.5ms | it moved...
[GAMING/GAM] | YouTube  | [Normal]     | 97%    |   25.0ms | 3 ropes interior...
[GAMING/GAM] | YouTube  | [Normal]     | 96%    |   35.0ms | stairwell railing moved...
[ENTERTAINM] | YouTube  | [Normal]     | 97%    |   38.2ms | PUERTO RICO EN LA CASAAAAAAAAAAAAAAAAA...
[ENTERTAINM] | YouTube  | [Normal]     | 91%    |   25.6ms | Pakistan...
[GAMING/SUR] | YouTube  | [Normal]     | 92%    |   26.5ms | RIP Roe Jogan...
[ENTERTAINM] | YouTube  | [Normal]     | 98%    |   89.8ms | :hand-pink-waving::hand-pink-waving::han...
[ENTERTAINM] | YouTube  | [Normal]     | 93%    |   31.3ms | Дай 5 тыс пж...
[GAMING/GAM] | YouTube  | [Normal]     | 80%    |   27.3ms | TOP LEFT INTRUDER...
[GAMING/GAM] | YouTube  | [Normal]     | 96%    |   28.1ms | SPINNING PILLAR IN STAIRWELL...
[GAMING/GAM] | YouTube  | [Normal]     | 94%    |   30.8ms | MARK THAT WASNT THE STAIRWELL...
[PSYCHOLOGY] | YouTube  | [Normal]     | 94%    |   37.5ms | @MuslimaxonAxrorxojayeva yep! it will im...
[ENTERTAINM] | YouTube  | [OFFENSIVE]  | 79%    |   33.4ms | Letssssss goooo Canessss...
[SELF-HELP/] | YouTube  | [Normal]     | 68%    |   43.3ms | @HealthyGamerGG how to deal with miss in...
[ENTERTAINM] | YouTube  | [Normal]     | 97%    |   74.8ms | :finger-red-number-one::finger-red-numbe...
[GAMING/GAM] | YouTube  | [Normal]     | 97%    |   28.6ms | THE MIDDLE POLE...
[ENTERTAINM] | YouTube  | [Normal]     | 95%    |   28.0ms | bro come to bangladesh...
[GAMING/GAM] | YouTube  | [Normal]     | 93%    |   28.0ms | ON THE RIGHT...
[GAMING/SUR] | YouTube  | [Normal]     | 94%    |   30.1ms | What’s peanuts McDonald’s order...
[MUSIC/CHIL] | YouTube  | [Normal]     | 98%    |   43.7ms | :face-blue-wide-eyes::face-blue-wide-eye...
[GAMING/GAM] | YouTube  | [Normal]     | 97%    |   34.0ms | Dear penthouse forum  Mark finally read ...
[ENTERTAINM] | YouTube  | [Normal]     | 95%    |   35.0ms | UUUUUUUSSSSSSSAAAAAAAAA...
[SELF-HELP/] | YouTube  | [Normal]     | 96%    |   27.6ms | science!...
[GAMING/GAM] | YouTube  | [Normal]     | 91%    |   26.0ms | top left...
[GAMING/SUR] | YouTube  | [Normal]     | 94%    |   31.9ms | DILLON DANIS BANNED FROM UFC...
[ENTERTAINM] | YouTube  | [Normal]     | 94%    |   25.6ms | HELLOOOOʻ...
[GAMING/GAM] | YouTube  | [Normal]     | 95%    |   60.0ms | Congrats on Iron Lung's success Mark!! A...
[GAMING/GAM] | YouTube  | [Normal]     | 98%    |   31.9ms | text on the box in interior has changed...
[GAMING/GAM] | YouTube  | [Normal]     | 93%    |   28.6ms | Carpetttttttt...
[GAMING/GAM] | YouTube  | [Normal]     | 97%    |   28.6ms | Fuse box open interior...
[GAMING/GAM] | YouTube  | [Normal]     | 95%    |   30.2ms | BROKEN RAILING MOVED HIGHER...
[GAMING/GAM] | YouTube  | [Normal]     | 86%    |   32.5ms | I saw the picture above the bed glitch...
[ENTERTAINM] | YouTube  | [Normal]     | 93%    |   26.2ms | Hello mr beast...
[GAMING/GAM] | YouTube  | [Normal]     | 97%    |   33.9ms | artic TURN...
[GAMING/GAM] | YouTube  | [Normal]     | 96%    |   31.8ms | WASSUP MARK...
[MUSIC/CHIL] | YouTube  | [Normal]     | 95%    |   36.6ms | prasa i was not but some people make me ...
[ENTERTAINM] | YouTube  | [Normal]     | 97%    |   29.2ms | congratulations on 500 million subscribe...
[SELF-HELP/] | YouTube  | [Normal]     | 97%    |   42.0ms | I loved the sunshine room...
[ENTERTAINM] | YouTube  | [Normal]     | 93%    |  132.1ms | :elbowcough::elbowcough::elbowcough::elb...
[NEWS/LIVE ] | YouTube  | [Normal]     | 97%    |  160.1ms | JOEY NEEDS 12 ACCOUNTS TO BEAT MAGA!!:sq...
[GAMING/GAM] | YouTube  | [Normal]     | 86%    |   36.0ms | THE spiral staircase is ominous...
[MUSIC/CHIL] | YouTube  | [Normal]     | 96%    |   42.7ms | para la residencia después...
[PSYCHOLOGY] | YouTube  | [Normal]     | 93%    |   46.5ms | when are we supposed to remind dr k abou...
[ENTERTAINM] | YouTube  | [Normal]     | 95%    |   47.0ms | HELLO GUYS...
[ENTERTAINM] | YouTube  | [Normal]     | 93%    |   47.5ms | Can someone send me some money to build ...
[ENTERTAINM] | YouTube  | [Normal]     | 93%    |   31.8ms | Malawi...
[GAMING/GAM] | YouTube  | [Normal]     | 94%    |   28.5ms | T U R N...
[MUSIC/CHIL] | YouTube  | [Normal]     | 97%    |   42.6ms | asa ho gya hai:face-green-smiling:...
[GAMING/GAM] | YouTube  | [Normal]     | 97%    |   33.6ms | The railing moved in stairwell!...
[GAMING/GAM] | YouTube  | [Normal]     | 97%    |   30.1ms | fireplace?...
[ENTERTAINM] | YouTube  | [Normal]     | 94%    |   43.7ms | hi...
[GAMING/GAM] | YouTube  | [Normal]     | 46%    |   41.5ms | DING DONG DING DONG...
[ENTERTAINM] | YouTube  | [Normal]     | 94%    |   37.2ms | 500 đi để trả lại mess...
[GAMING/GAM] | YouTube  | [Normal]     | 96%    |   34.5ms | for whom does the bell now toll...
[GAMING/GAM] | YouTube  | [Normal]     | 96%    |   25.9ms | MAP INTERIOR...
[GAMING/GAM] | YouTube  | [Normal]     | 95%    |   30.6ms | a... what...
[ENTERTAINM] | YouTube  | [Normal]     | 91%    |   27.0ms | mr beast...
[SELF-HELP/] | YouTube  | [Normal]     | 91%    |   45.8ms | @blångoesaurr just put some ribbon on yo...
[GAMING/GAM] | YouTube  | [Normal]     | 95%    |   33.1ms | WATER BENEATH DOOR INTERIOR...
[ENTERTAINM] | YouTube  | [Normal]     | 96%    |   24.0ms | New member...
[GAMING/SUR] | YouTube  | [Normal]     | 97%    |   49.0ms | 1 aelective output 2 remaining output...
[ENTERTAINM] | YouTube  | [Normal]     | 94%    |   27.4ms | CONGRATS...
[PSYCHOLOGY] | YouTube  | [Normal]     | 94%    |   30.9ms | WOAH WOAH WOAH...
[ENTERTAINM] | YouTube  | [Normal]     | 96%    |   40.1ms | Hey  i wonder  which video was the first...
[GAMING/GAM] | YouTube  | [Normal]     | 91%    |   35.3ms | MARK THE GAS CAN MOVED IN THE YARD IM TE...
[GAMING/GAM] | YouTube  | [Normal]     | 95%    |   29.0ms | Looked perfect for Kayaking  not an anom...
[GAMING/GAM] | YouTube  | [Normal]     | 90%    |   30.0ms | the broken rail in the stairwell moved...
[GAMING/GAM] | YouTube  | [Normal]     | 95%    |   30.0ms | Lav mic recommendations anyone??...
[GAMING/GAM] | YouTube  | [Normal]     | 97%    |   45.7ms | red railing on the left moved up in stai...
[PSYCHOLOGY] | YouTube  | [Normal]     | 89%    |   46.3ms | shes so cool...
[GAMING/GAM] | YouTube  | [Normal]     | 96%    |   38.3ms | Stairwell. left side railing that's brok...
[ENTERTAINM] | YouTube  | [Normal]     | 94%    |   25.4ms | cod...
[GAMING/GAM] | YouTube  | [Normal]     | 96%    |   24.6ms | RAIL MOVED MARK...
[ENTERTAINM] | YouTube  | [Normal]     | 95%    |   28.1ms | hope...
[PSYCHOLOGY] | YouTube  | [Normal]     | 97%    |   32.1ms | wild adventures...
[GAMING/GAM] | YouTube  | [Normal]     | 95%    |   28.8ms | oh  hi Mark...
[GAMING/GAM] | YouTube  | [Normal]     | 95%    |   30.6ms | Look Mark you caught one!...
[ENTERTAINM] | YouTube  | [Normal]     | 94%    |   26.6ms | gdgh...
[ENTERTAINM] | YouTube  | [Normal]     | 94%    |   30.5ms | Mr beast can I get a shoutout please...
[GAMING/SUR] | YouTube  | [Normal]     | 96%    |   31.5ms | PEANUT IS BASE BIXTCHIN...
[ENTERTAINM] | YouTube  | [Normal]     | 89%    |   58.3ms | heeeeeeeeeeeeeeeeeeeeellllllllllllllllll...
[ENTERTAINM] | YouTube  | [Normal]     | 95%    |   29.0ms | Congrats bro...
[ENTERTAINM] | YouTube  | [Normal]     | 96%    |   39.9ms | what we will have in 500 milon...
[GAMING/GAM] | YouTube  | [Normal]     | 96%    |   32.0ms | Missing object in front of map INTERIOR...
[GAMING/GAM] | YouTube  | [Normal]     | 94%    |   33.0ms | Didn't love that!...
[NEWS/LIVE ] | YouTube  | [Normal]     | 87%    |   42.3ms | lol how much time u al think u have in h...
[SELF-HELP/] | YouTube  | [Normal]     | 55%    |   30.6ms | Because only Dr. Eggman has that IQ...
[GAMING/GAM] | YouTube  | [Normal]     | 92%    |   43.5ms | Going to see Iron Lug tomorrow! So excit...
[GAMING/SUR] | YouTube  | [Normal]     | 97%    |   43.6ms | Welyn has 18k hrs who knows atp...
[GAMING/GAM] | YouTube  | [Normal]     | 97%    |   48.1ms | MOVEMENT RAILING NEAR PAINT CANS !!!...
[ENTERTAINM] | YouTube  | [Normal]     | 91%    |   42.3ms | free fire...
[GAMING/GAM] | YouTube  | [Normal]     | 95%    |   48.6ms | MISSING OBJECT ON THE RIGHT DESK IN INTE...
[GAMING/GAM] | YouTube  | [Normal]     | 94%    |   39.0ms | i saw someone at the top left of the scr...
[GAMING/GAM] | YouTube  | [Normal]     | 95%    |   50.3ms | IT USED TO BE ON THE BOTTOM...
[ENTERTAINM] | YouTube  | [Normal]     | 70%    |   49.0ms | Mr Beast say Kurdistan Iraq...
[GAMING/GAM] | YouTube  | [Normal]     | 92%    |   34.0ms | GAURD rail movedddd...
[ENTERTAINM] | YouTube  | [Normal]     | 98%    |   52.9ms | :palm_tree::palm_tree::sheaf_of_rice::sh...
[ENTERTAINM] | YouTube  | [Normal]     | 94%    |   52.7ms | WHAAAAAAAAAAT...
[GAMING/GAM] | YouTube  | [Normal]     | 77%    |   48.7ms | So have we already talked about how Iron...
[GAMING/GAM] | YouTube  | [Normal]     | 96%    |   29.1ms | Earthquake!...
[ENTERTAINM] | YouTube  | [Normal]     | 96%    |   31.5ms | hiiiiiiiiijans...
[SELF-HELP/] | YouTube  | [Normal]     | 92%    |   32.3ms | yt chat is superior...
[GAMING/GAM] | YouTube  | [Normal]     | 95%    |   32.9ms | smoke in yard by house mark!!!...
[ENTERTAINM] | YouTube  | [Normal]     | 94%    |   26.6ms | hi...
[GAMING/GAM] | YouTube  | [Normal]     | 96%    |   29.0ms | extra object light house top...
[ENTERTAINM] | YouTube  | [Normal]     | 94%    |   35.4ms | hhhii...
[ENTERTAINM] | YouTube  | [Normal]     | 93%    |   33.8ms | Im 10 pls notice mine Im from pakistan...
[GAMING/GAM] | YouTube  | [Normal]     | 87%    |   28.4ms | WOOOOOOO...
[SPORTS/FOO] | YouTube  | [Normal]     | 90%    |   32.1ms | ㅋㅋㅋㅋ...
[ENTERTAINM] | YouTube  | [Normal]     | 97%    |   45.6ms | Egor privet a Veronika dyra:red_heart:...
[ENTERTAINM] | YouTube  | [Normal]     | 96%    |   43.0ms | привет слава Україні...
[ENTERTAINM] | YouTube  | [Normal]     | 95%    |   36.2ms | acomerlaaaa!!!!!...
[ENTERTAINM] | YouTube  | [Normal]     | 92%    |   30.0ms | GIVE ME PC...
[ENTERTAINM] | YouTube  | [HATE]       | 46%    |  184.5ms | :face-fuchsia-wide-eyes::face-fuchsia-wi...
[ENTERTAINM] | YouTube  | [Normal]     | 93%    |   29.1ms | omg...
[ENTERTAINM] | YouTube  | [Normal]     | 94%    |   69.1ms | @MrBeast ur the best youtuber i really l...
[ENTERTAINM] | YouTube  | [Normal]     | 95%    |   31.0ms | Husnain...
[MUSIC/CHIL] | YouTube  | [Normal]     | 96%    |   32.3ms | :slightly_smiling_face:...
[ENTERTAINM] | YouTube  | [Normal]     | 90%    |   29.7ms | yooooo @MrBeast...
[GAMING/GAM] | YouTube  | [Normal]     | 95%    |   31.6ms | yooo...
[GAMING/GAM] | YouTube  | [Normal]     | 95%    |   25.3ms | Xd...
[GAMING/GAM] | YouTube  | [Normal]     | 98%    |   32.3ms | :medal-yellow-first-red:...
[ENTERTAINM] | YouTube  | [Normal]     | 92%    |   32.0ms | Now nobody can message me...
[GAMING/GAM] | YouTube  | [Normal]     | 91%    |   33.1ms | yeahhhhhhh...
[ENTERTAINM] | YouTube  | [Normal]     | 96%    |   33.1ms | betaaaa...
[ENTERTAINM] | YouTube  | [Normal]     | 97%    |  104.9ms | :triangular_flag::triangular_flag::trian...
[GAMING/GAM] | YouTube  | [Normal]     | 95%    |   33.0ms | airpain!...
[SELF-HELP/] | YouTube  | [Normal]     | 97%    |   34.6ms | The Big Short has been in my algorithm l...
[SELF-HELP/] | YouTube  | [Normal]     | 96%    |   25.1ms | good movie...
[GAMING/SUR] | YouTube  | [Normal]     | 86%    |   45.0ms | peanut asks the rust pro what he should ...
[GAMING/GAM] | YouTube  | [Normal]     | 94%    |   25.8ms | YAY LETS GO...
[GAMING/GAM] | YouTube  | [Normal]     | 93%    |   27.1ms | iron lung was so good...
[GAMING/GAM] | YouTube  | [Normal]     | 94%    |   33.5ms | okay thanks for catching me up on it...
[PSYCHOLOGY] | YouTube  | [Normal]     | 91%    |   32.8ms | @ArlichVomalites nice...
[GAMING/GAM] | YouTube  | [Normal]     | 95%    |   33.8ms | I haven't watched it because of snow :(...
[ENTERTAINM] | YouTube  | [Normal]     | 95%    |   31.0ms | u have 500 mil button?...
[GAMING/SUR] | YouTube  | [Normal]     | 87%    |   27.4ms | no...
[GAMING/GAM] | YouTube  | [Normal]     | 68%    |   43.4ms | anyone ever tell you  you look like the ...
[ENTERTAINM] | YouTube  | [Normal]     | 92%    |   25.4ms | congrulation...
[ENTERTAINM] | YouTube  | [Normal]     | 93%    |   31.8ms | hello mrbeast!...
[GAMING/GAM] | YouTube  | [Normal]     | 96%    |   52.5ms | I just came back from watching Iron Lung...
[SPORTS/FOO] | YouTube  | [Normal]     | 97%    |   92.5ms | BLUE LOCK! BLUE LOCK! BLUE LOCK! BLUE LO...
[GAMING/GAM] | YouTube  | [Normal]     | 96%    |   61.5ms | NIRAMI ANIMATED FANART OF IRON LUNG  I J...
[MUSIC/CHIL] | YouTube  | [Normal]     | 98%    |   82.7ms | Kejti :comet::small_blue_diamond: I'm no...
[GAMING/SUR] | YouTube  | [Normal]     | 93%    |   34.3ms | omg please fix please...
[GAMING/GAM] | YouTube  | [Normal]     | 97%    |   66.9ms | DVD mark ???...
[GAMING/GAM] | YouTube  | [Normal]     | 97%    |   54.3ms | I've seen some real cool fan art...
[MUSIC/CHIL] | YouTube  | [HATE]       | 63%    |   52.5ms | Raggy and??...
[GAMING/GAM] | YouTube  | [Normal]     | 94%    |   38.4ms | ARE THERE GOING TO BE DVDS...
[GAMING/SUR] | YouTube  | [Normal]     | 93%    |   30.0ms | right click...
[GAMING/GAM] | YouTube  | [Normal]     | 78%    |   32.7ms | can you get it to Mexico...
[ENTERTAINM] | YouTube  | [Normal]     | 95%    |   32.0ms | iii iii iii ISI not...
[GAMING/GAM] | YouTube  | [Normal]     | 95%    |   43.6ms | I love you mark!!!!!!!!!!!!!!!!...
[GAMING/GAM] | YouTube  | [Normal]     | 94%    |   54.9ms | I was going to see it with my girlfriend...
[GAMING/GAM] | YouTube  | [Normal]     | 97%    |   28.5ms | Watched it today… amazing experience...
[GAMING/GAM] | YouTube  | [Normal]     | 95%    |   33.0ms | Can I get it in the Mariana Trench?...
[SELF-HELP/] | YouTube  | [Normal]     | 97%    |   34.0ms | ignorance is bliss?...
[ENTERTAINM] | YouTube  | [Normal]     | 94%    |   25.1ms | hi...
[ENTERTAINM] | YouTube  | [Normal]     | 98%    |  167.6ms | :hand-pink-waving::hand-pink-waving::han...
[GAMING/GAM] | YouTube  | [Normal]     | 95%    |   30.0ms | olympics too! lol...
[GAMING/GAM] | YouTube  | [Normal]     | 95%    |   54.9ms | I can't wait to stream it :red_heart: I'...
[GAMING/GAM] | YouTube  | [Normal]     | 96%    |   33.6ms | game shmame...
[GAMING/GAM] | YouTube  | [Normal]     | 90%    |   28.7ms | mark do you like bad bunny?...
[GAMING/GAM] | YouTube  | [Normal]     | 88%    |   24.7ms | Ouch...
[GAMING/SUR] | YouTube  | [Normal]     | 47%    |   28.9ms | a leeever...
[ENTERTAINM] | YouTube  | [Normal]     | 94%    |   29.2ms | 50000 PEOPLE LEFT...
[GAMING/SUR] | YouTube  | [Normal]     | 95%    |   35.1ms | GOD BLESS WELYNS PATIENCE...
[GAMING/GAM] | YouTube  | [Normal]     | 96%    |   27.0ms | Airplane time...
[ENTERTAINM] | YouTube  | [Normal]     | 97%    |   29.0ms | :waving_hand:...
[GAMING/GAM] | YouTube  | [Normal]     | 65%    |   37.6ms | You cant legally talk about the bowl of ...
[GAMING/GAM] | YouTube  | [Normal]     | 97%    |   33.0ms | did you see the second cup?...
[PSYCHOLOGY] | YouTube  | [Normal]     | 85%    |   51.5ms | Actually what I realized is I really tru...
[ENTERTAINM] | YouTube  | [Normal]     | 97%    |   35.7ms | yoyoyoyo Mr. beastie...
[GAMING/GAM] | YouTube  | [Normal]     | 87%    |   29.4ms | gamma too low...
[ENTERTAINM] | YouTube  | [Normal]     | 95%    |   48.2ms | let's go...
[GAMING/GAM] | YouTube  | [Normal]     | 94%    |   25.7ms | Mark yell at me...
[ENTERTAINM] | YouTube  | [Normal]     | 77%    |   29.2ms | You are the Best YouTuber...
[GAMING/GAM] | YouTube  | [Normal]     | 94%    |   24.0ms | bottom right...
[GAMING/SUR] | YouTube  | [Normal]     | 95%    |   24.0ms | hello all...
[ENTERTAINM] | YouTube  | [Normal]     | 91%    |   32.0ms | congretchulation Mr beans...
[ENTERTAINM] | YouTube  | [Normal]     | 95%    |   30.0ms | :loudly_crying_face:...
[GAMING/SUR] | YouTube  | [Normal]     | 97%    |   39.6ms | Escape from Peanut Compound:face-blue-sm...
[GAMING/GAM] | YouTube  | [Normal]     | 94%    |   32.1ms | when does Iron Lung come to streaming?...
[ENTERTAINM] | YouTube  | [Normal]     | 97%    |   28.1ms | been here since 50 mil...
[ENTERTAINM] | YouTube  | [Normal]     | 97%    |   36.9ms | from Bangladesh mr best love you :heart_...
[ENTERTAINM] | YouTube  | [Normal]     | 95%    |   28.6ms | im your big fan sir...
[ENTERTAINM] | YouTube  | [Normal]     | 88%    |   27.1ms | do you watch soccer...
[GAMING/GAM] | YouTube  | [Normal]     | 89%    |   34.7ms | why is there a camrea in the bathroom?!...
[GAMING/SUR] | YouTube  | [Normal]     | 88%    |   34.0ms | NO NO NO NO WHY DID YOU REDEEM IT...
[ENTERTAINM] | YouTube  | [Normal]     | 96%    |   32.3ms | mr beast can you sponsor to build my hou...
[ENTERTAINM] | YouTube  | [Normal]     | 93%    |   27.5ms | when 1B subs...
[ENTERTAINM] | YouTube  | [Normal]     | 98%    |   36.7ms | :hand-pink-waving:...
[GAMING/GAM] | YouTube  | [Normal]     | 94%    |   42.2ms | OMG HES OUTSIDE THE WINDOW AT THE GATE. ...
[GAMING/GAM] | YouTube  | [Normal]     | 97%    |   38.8ms | image change!...
[PSYCHOLOGY] | YouTube  | [Normal]     | 97%    |   71.6ms | I know I have stuff I love in the world ...
[GAMING/GAM] | YouTube  | [Normal]     | 92%    |   38.1ms | carbage missing in wc...
[GAMING/GAM] | YouTube  | [Normal]     | 96%    |   34.9ms | were there always shoes under the seat?...
[GAMING/GAM] | YouTube  | [Normal]     | 90%    |   40.7ms | BANNED BY THE SOCIAL SECURITY NUMBER LMA...
[ENTERTAINM] | YouTube  | [Normal]     | 95%    |   25.5ms | hello...
[GAMING/SUR] | YouTube  | [Normal]     | 96%    |   32.8ms | You would absolutely love Ark Ascended P...
[ENTERTAINM] | YouTube  | [Normal]     | 96%    |   34.7ms | hi ive been subscribed since 300k...
[GAMING/GAM] | YouTube  | [Normal]     | 96%    |   31.2ms | poster on right in business class is ext...
[ENTERTAINM] | YouTube  | [Normal]     | 97%    |  106.6ms | please jimmy give me 10 milion dollar :f...
[GAMING/GAM] | YouTube  | [Normal]     | 93%    |   25.9ms | poop in toilet...
[GAMING/GAM] | YouTube  | [Normal]     | 87%    |   30.7ms | SOMEONE SHAT IN THE TOILET...
[NEWS/LIVE ] | YouTube  | [Normal]     | 90%    |   53.7ms | BLACK FATIGUE EVEN HIS PARENTS...
[ENTERTAINM] | YouTube  | [Normal]     | 93%    |   27.3ms | :buffering:...
[GAMING/GAM] | YouTube  | [Normal]     | 97%    |   34.1ms | Heart has been moved.... By you...
[GAMING/GAM] | YouTube  | [Normal]     | 93%    |   27.0ms | It was...
[ENTERTAINM] | YouTube  | [Normal]     | 95%    |   25.1ms | 67...
[ENTERTAINM] | YouTube  | [Normal]     | 94%    |   25.0ms | hi...
[ENTERTAINM] | YouTube  | [Normal]     | 96%    |   29.0ms | 10000$ please...
[GAMING/GAM] | YouTube  | [Normal]     | 96%    |   30.1ms | Longer catwalk!!...
[ENTERTAINM] | YouTube  | [Normal]     | 78%    |   28.0ms | you are the best...
[GAMING/GAM] | YouTube  | [Normal]     | 96%    |   31.6ms | B class pic on wall??...
[GAMING/GAM] | YouTube  | [Normal]     | 90%    |   31.0ms | i picked the wrong corner i guess...
[GAMING/SUR] | YouTube  | [Normal]     | 95%    |   26.7ms | check lobby boxes...
[ENTERTAINM] | YouTube  | [Normal]     | 97%    |   45.1ms | Can you sing us your favorite song :smil...
[ENTERTAINM] | YouTube  | [Normal]     | 97%    |   32.9ms | I LOVE NOLANS MOM...
[MUSIC/CHIL] | YouTube  | [Normal]     | 95%    |   31.0ms | sis kya kr rhi...
[GAMING/GAM] | YouTube  | [Normal]     | 89%    |   27.3ms | Resident evil 4 Remake...
[GAMING/GAM] | YouTube  | [Normal]     | 77%    |   31.1ms | DEAD SPACE MOVIE...
[GAMING/GAM] | YouTube  | [Normal]     | 91%    |   25.2ms | hey boss...
[GAMING/GAM] | YouTube  | [Normal]     | 93%    |   29.0ms | OH...
[PSYCHOLOGY] | YouTube  | [Normal]     | 97%    |   52.5ms | bro if we had livestreams like this with...
[GAMING/GAM] | YouTube  | [Normal]     | 96%    |   27.0ms | Secret item...
[GAMING/SUR] | YouTube  | [Normal]     | 96%    |   29.3ms | cameras up top 2nd box...
[MUSIC/CHIL] | YouTube  | [Normal]     | 98%    |   44.6ms | :face-blue-wide-eyes::face-blue-wide-eye...
[GAMING/GAM] | YouTube  | [Normal]     | 98%    |   34.0ms | The lights on the panal changed...
[GAMING/GAM] | YouTube  | [Normal]     | 87%    |   29.0ms | Ban Ban!...
[GAMING/GAM] | YouTube  | [Normal]     | 96%    |   28.3ms | door opened in business...
[GAMING/GAM] | YouTube  | [Normal]     | 96%    |   28.6ms | The lights in business...
[GAMING/SUR] | YouTube  | [Normal]     | 92%    |   38.1ms | I CAN'T FIND THE MINECRAFT MOD CALLED RU...
[PSYCHOLOGY] | YouTube  | [Normal]     | 93%    |   42.9ms | sometimes I feel like the small triggers...
[GAMING/GAM] | YouTube  | [Normal]     | 95%    |   35.1ms | There are extra donuts no?...
[GAMING/GAM] | YouTube  | [Normal]     | 89%    |   29.7ms | Camera malfunction in bathroom...
[GAMING/GAM] | YouTube  | [Normal]     | 98%    |   27.7ms | Flowers in vase...
[GAMING/GAM] | YouTube  | [Normal]     | 96%    |   30.0ms | what about the green lights in business ...
[SPORTS/FOO] | YouTube  | [Normal]     | 95%    |   45.3ms | 언제인지 모르고 평가전같음...
[ENTERTAINM] | YouTube  | [Normal]     | 97%    |   47.5ms | 30000 beast to come :partying_face::part...
[ENTERTAINM] | YouTube  | [Normal]     | 81%    |   36.0ms | IM QUIT...
[ENTERTAINM] | YouTube  | [Normal]     | 94%    |   54.7ms | Can you give us a hint on what ur doing ...
[GAMING/GAM] | YouTube  | [Normal]     | 88%    |   37.0ms | INTRUDER TOP LEFT...
[GAMING/GAM] | YouTube  | [Normal]     | 91%    |   30.8ms | oh no oH NO...
[ENTERTAINM] | YouTube  | [Normal]     | 94%    |   29.3ms | gvd...
[ENTERTAINM] | YouTube  | [Normal]     | 96%    |   33.4ms | New member...
[GAMING/GAM] | YouTube  | [OFFENSIVE]  | 95%    |   91.4ms | holy crap I made it to my first stream! ...
[MUSIC/CHIL] | YouTube  | [Normal]     | 98%    |   79.9ms | Prasa :cat_with_tears_of_joy::rolling_on...
[GAMING/GAM] | YouTube  | [Normal]     | 96%    |   29.6ms | whoa!!!...
[GAMING/GAM] | YouTube  | [Normal]     | 96%    |   27.2ms | Purse on seat...
[ENTERTAINM] | YouTube  | [Normal]     | 98%    |  162.5ms | :hand-green-crystal-ball::hand-green-cry...
[GAMING/GAM] | YouTube  | [Normal]     | 92%    |   44.0ms | the lights on the walkway at the gate wh...
[GAMING/GAM] | YouTube  | [Normal]     | 92%    |   45.0ms | I was gonna call the poster out in busin...
[NEWS/LIVE ] | YouTube  | [Normal]     | 43%    |   28.8ms | Its poor people robbing you...
[GAMING/SUR] | YouTube  | [Normal]     | 89%    |   28.0ms | Lesgi...
[GAMING/SUR] | YouTube  | [Normal]     | 95%    |   26.6ms | 1st...
[GAMING/SUR] | YouTube  | [Normal]     | 96%    |   31.5ms | 20 seconds is toe tickling ngl...
[GAMING/SUR] | YouTube  | [Normal]     | 69%    |   29.6ms | Like ya do...
[PSYCHOLOGY] | YouTube  | [HATE]       | 52%    |   30.6ms | streamers are never late...
[GAMING/SUR] | YouTube  | [Normal]     | 84%    |   34.5ms | Can u guys hear anything??????...
[GAMING/SUR] | YouTube  | [Normal]     | 94%    |   36.2ms | New into...
[GAMING/SUR] | YouTube  | [Normal]     | 97%    |   75.1ms | StreamElements bot running :robot: - Lea...
[GAMING/SUR] | YouTube  | [Normal]     | 94%    |   30.6ms | LOLOLOLOL...
[GAMING/SUR] | YouTube  | [Normal]     | 91%    |   33.0ms | LETS FKN GFOOOOOOOOO...
[GAMING/SUR] | YouTube  | [Normal]     | 90%    |   30.1ms | Sick intro Johnny cash...
[NEWS/LIVE ] | YouTube  | [Normal]     | 97%    |   27.1ms | a code of conduct...
[GAMING/SUR] | YouTube  | [Normal]     | 80%    |   37.7ms | NO SLEEP TILL BUNGLYN!!!!!!!!!!...
[GAMING/SUR] | YouTube  | [Normal]     | 86%    |   35.0ms | from a "6" pack of tacos? weak...
[GAMING/SUR] | YouTube  | [Normal]     | 86%    |   29.0ms | Yaehhhhhhh...
[NEWS/LIVE ] | YouTube  | [Normal]     | 98%    |   31.6ms | Even animals and birds have their own ho...
[MUSIC/CHIL] | YouTube  | [Normal]     | 97%    |   50.0ms | kya to phir kyu abhi purani batei soch r...
[GAMING/SUR] | YouTube  | [Normal]     | 90%    |   25.6ms | they did...
[GAMING/SUR] | YouTube  | [Normal]     | 94%    |   48.0ms | Yeah gingy did 20 hours on 30 minutes sl...
[SELF-HELP/] | YouTube  | [Normal]     | 97%    |   31.6ms | it's pretty quiet until stream starts...
[MUSIC/CHIL] | YouTube  | [Normal]     | 96%    |   29.0ms | Shivani hy...
[GAMING/SUR] | YouTube  | [Normal]     | 92%    |   31.7ms | gingy dropped 20 hours today...
[GAMING/SUR] | YouTube  | [Normal]     | 72%    |   49.1ms | Gingy is insane idk if I could stay up 2...
[MUSIC/CHIL] | YouTube  | [Normal]     | 97%    |   42.0ms | Ayeee :smiling_face_with_sunglasses:...
[MUSIC/CHIL] | YouTube  | [Normal]     | 97%    |   47.0ms | Bhaskar nenu mik telusaa sir :grinning_f...
[GAMING/SUR] | YouTube  | [Normal]     | 97%    |   35.0ms | H20 :red_heart:...
[GAMING/SUR] | YouTube  | [Normal]     | 95%    |   27.0ms | delirious...
[GAMING/SUR] | YouTube  | [Normal]     | 96%    |   30.5ms | Vanoss crew og member...
[NEWS/LIVE ] | YouTube  | [Normal]     | 96%    |   46.5ms | and you said IQ:face-green-smiling::body...
[NEWS/LIVE ] | YouTube  | [Normal]     | 96%    |   54.7ms | :oncoming_fist::beer_mug::left_facing_fi...
[GAMING/SUR] | YouTube  | [Normal]     | 87%    |   34.7ms | Is this called addiction on games?hahaha...
[NEWS/LIVE ] | YouTube  | [Normal]     | 94%    |   55.9ms | nobody wants to be commie:cat-orange-whi...
[GAMING/SUR] | YouTube  | [Normal]     | 47%    |   34.0ms | them furnaces gonna be empty...
[GAMING/SUR] | YouTube  | [Normal]     | 67%    |   32.9ms | Wheel is at Bandit Campt...
[GAMING/SUR] | YouTube  | [Normal]     | 94%    |   68.5ms | Yesssss POKERRRR NIGHTTTT :_PeanutJork::...
[MUSIC/CHIL] | YouTube  | [Normal]     | 97%    |   64.5ms | Suz is my fpf better now?:face_with_tear...
[NEWS/LIVE ] | YouTube  | [Normal]     | 96%    |   33.5ms | THE TANK IS CLEAN?...
[MUSIC/CHIL] | YouTube  | [Normal]     | 97%    |   51.5ms | murr who is he in dp :cat_with_tears_of_...
[MUSIC/CHIL] | YouTube  | [Normal]     | 91%    |   37.0ms | before now :zany_face:...
[GAMING/SUR] | YouTube  | [Normal]     | 54%    |   41.9ms | cracky has a bobcat...
[GAMING/SUR] | YouTube  | [Normal]     | 94%    |   39.7ms | On the ground...
[GAMING/SUR] | YouTube  | [HATE]       | 39%    |   79.1ms | you gonna be shittin and poopin and poop...
[GAMING/SUR] | YouTube  | [Normal]     | 94%    |   41.9ms | wheel is on ground floor in one of the c...
[GAMING/SUR] | YouTube  | [Normal]     | 96%    |   35.1ms | It’s ground level...
[GAMING/SUR] | YouTube  | [Normal]     | 78%    |   40.2ms | no way...
[MUSIC/CHIL] | YouTube  | [Normal]     | 97%    |   46.0ms | fir hero ki entry hogi fir hero bachayeg...
[MUSIC/CHIL] | YouTube  | [Normal]     | 88%    |   27.1ms | Stranger net slow...
[GAMING/SUR] | YouTube  | [Normal]     | 94%    |   26.0ms | PRG...
[PSYCHOLOGY] | YouTube  | [Normal]     | 96%    |   41.3ms | I loved your deep dive into psychoanalis...
[GAMING/SUR] | YouTube  | [Normal]     | 94%    |   25.6ms | PEANUT NUTS!...
[PSYCHOLOGY] | YouTube  | [Normal]     | 82%    |   38.0ms | What even is mental health...
[GAMING/SUR] | YouTube  | [Normal]     | 95%    |   25.0ms | 3  5  10...
[PSYCHOLOGY] | YouTube  | [Normal]     | 95%    |   32.0ms | When is the mobile app coming Dr K?...
[GAMING/SUR] | YouTube  | [Normal]     | 96%    |   33.0ms | WERE WINNING BIG THIS TIME...
[GAMING/SUR] | YouTube  | [Normal]     | 96%    |   28.1ms | Invite HJune...
[MUSIC/CHIL] | YouTube  | [Normal]     | 98%    |   52.5ms | I see now.. :face_with_tears_of_joy: tha...
[GAMING/SUR] | YouTube  | [Normal]     | 96%    |   29.0ms | another day in vegas...
[GAMING/SUR] | YouTube  | [Normal]     | 90%    |   68.7ms | :_LetsRide::_LetsRide::_LetsRide::_LetsR...
[MUSIC/CHIL] | YouTube  | [Normal]     | 98%    |   62.4ms | marriage :face_with_tears_of_joy:...
[GAMING/SUR] | YouTube  | [OFFENSIVE]  | 97%    |   66.0ms | Damn . i bet he hasnt even slept yet .. ...
[GAMING/SUR] | YouTube  | [Normal]     | 91%    |   27.3ms | w...
[PSYCHOLOGY] | YouTube  | [Normal]     | 96%    |   39.0ms | Ye  true love is hilarious. You can love...
[PSYCHOLOGY] | YouTube  | [Normal]     | 90%    |   60.8ms | Anima and animus  when they are represse...
[GAMING/SUR] | YouTube  | [Normal]     | 94%    |   33.0ms | Would you ever consider playing Tarkov a...
[GAMING/SUR] | YouTube  | [Normal]     | 95%    |   26.0ms | wow...
[GAMING/SUR] | YouTube  | [Normal]     | 65%    |   27.1ms | Lets goo...
[GAMING/SUR] | YouTube  | [Normal]     | 96%    |   26.1ms | lol...
[GAMING/SUR] | YouTube  | [Normal]     | 96%    |   33.0ms | I've seen that look at the casino...
[GAMING/SUR] | YouTube  | [Normal]     | 95%    |   28.0ms | Well that's gambling...
[GAMING/SUR] | YouTube  | [Normal]     | 91%    |   26.1ms | W...
[GAMING/SUR] | YouTube  | [Normal]     | 94%    |   28.5ms | RIP...
[GAMING/SUR] | YouTube  | [Normal]     | 94%    |   24.6ms | stand...
[PSYCHOLOGY] | YouTube  | [Normal]     | 94%    |   32.0ms | !relationship \@Saurora6...
[GAMING/SUR] | YouTube  | [Normal]     | 93%    |   31.7ms | Yes...
[SELF-HELP/] | YouTube  | [Normal]     | 84%    |   29.0ms | All hatred begins with Self-hatred!...
[GAMING/SUR] | YouTube  | [Normal]     | 92%    |   28.0ms | That’s like 00...
[NEWS/LIVE ] | YouTube  | [Normal]     | 92%    |   38.4ms | it's meant to be a party for beleiverss ...
[SELF-HELP/] | YouTube  | [Normal]     | 94%    |   32.0ms | LIKE THE STREAM BOIIIS!!...
[GAMING/SUR] | YouTube  | [Normal]     | 94%    |   27.3ms | 1 INCOMING...
[MUSIC/CHIL] | YouTube  | [Normal]     | 96%    |   36.5ms | shivu aaj spneme kl?...
[ENTERTAINM] | YouTube  | [Normal]     | 93%    |   26.3ms | Bro how...
[ENTERTAINM] | YouTube  | [Normal]     | 94%    |   23.0ms | jimmy...
[ENTERTAINM] | YouTube  | [Normal]     | 92%    |   25.1ms | h...
[MUSIC/CHIL] | YouTube  | [Normal]     | 97%    |   44.0ms | @kavya-c9c1j kis se kre baate kon h apna...
[ENTERTAINM] | YouTube  | [Normal]     | 88%    |   34.3ms | YOOOOOOOOOOOOOOO...
[MUSIC/CHIL] | YouTube  | [Normal]     | 96%    |   49.1ms | Vani vhi kab h :thinking_face:...
[ENTERTAINM] | YouTube  | [Normal]     | 95%    |   40.7ms | Emm......
[GAMING/SUR] | YouTube  | [Normal]     | 80%    |   33.6ms | Scrap the base and gamble that...
[GAMING/GAM] | YouTube  | [Normal]     | 96%    |   27.1ms | IRON LUNG 2 CONFIRMED?...
[GAMING/GAM] | YouTube  | [Normal]     | 96%    |   28.0ms | HIIIIIII...
[GAMING/GAM] | YouTube  | [Normal]     | 94%    |   47.4ms | guys its my birthday on the 12th and im ...
[ENTERTAINM] | YouTube  | [Normal]     | 95%    |   39.4ms | Hiii...
[GAMING/GAM] | YouTube  | [Normal]     | 93%    |   26.2ms | PEAKKKK...
[GAMING/SUR] | YouTube  | [Normal]     | 93%    |   30.2ms | he was lying y'all...
[GAMING/GAM] | YouTube  | [Normal]     | 88%    |   33.1ms | HEYYY GUYS...
[ENTERTAINM] | YouTube  | [Normal]     | 96%    |   32.9ms | мистэр бист...
[ENTERTAINM] | YouTube  | [Normal]     | 95%    |   26.6ms | ผมให้เงินเลย 100 000 บาท...
[GAMING/GAM] | YouTube  | [Normal]     | 95%    |   28.4ms | obversation...
[ENTERTAINM] | YouTube  | [Normal]     | 96%    |   27.0ms | lol...
[ENTERTAINM] | YouTube  | [Normal]     | 95%    |   24.0ms | hiii...
[GAMING/GAM] | YouTube  | [Normal]     | 97%    |   36.7ms | hiiiii marrkkkk...
[ENTERTAINM] | YouTube  | [Normal]     | 97%    |   44.6ms | :red_heart::red_heart::red_heart::red_he...
[GAMING/GAM] | YouTube  | [Normal]     | 95%    |   30.5ms | hello!!!!...
[GAMING/GAM] | YouTube  | [Normal]     | 87%    |   34.2ms | WOOOOOOO...
[ENTERTAINM] | YouTube  | [Normal]     | 98%    |   44.5ms | :hand-pink-waving::hand-pink-waving::han...
[ENTERTAINM] | YouTube  | [Normal]     | 90%    |   25.7ms | the beast king...
[ENTERTAINM] | YouTube  | [Normal]     | 95%    |   28.9ms | mister...
[LIFESTYLE/] | YouTube  | [Normal]     | 97%    |   50.0ms | ahh sounds good :beaming_face_with_smili...
[ENTERTAINM] | YouTube  | [Normal]     | 98%    |   41.2ms | :rocket-red-countdown-liftoff:...
[GAMING/GAM] | YouTube  | [Normal]     | 96%    |   33.1ms | What perfect timing is this XD...
[MUSIC/CHIL] | YouTube  | [Normal]     | 97%    |   45.0ms | ai văzut vreo fantomă?:face_with_rolling...
[PSYCHOLOGY] | YouTube  | [Normal]     | 93%    |   24.9ms | loosely...
[GAMING/GAM] | YouTube  | [Normal]     | 95%    |   32.0ms | hii markkkkk...
[GAMING/GAM] | YouTube  | [Normal]     | 94%    |   55.2ms | HI MARK!!!!!!! Congrats on your movie!!!...
[GAMING/GAM] | YouTube  | [Normal]     | 92%    |   27.0ms | its me...
[ENTERTAINM] | YouTube  | [Normal]     | 98%    |   57.6ms | :face-blue-wide-eyes::face-blue-wide-eye...
[GAMING/GAM] | YouTube  | [Normal]     | 97%    |   34.6ms | Welcome to Member!...
[ENTERTAINM] | YouTube  | [Normal]     | 95%    |   26.0ms | Mer...
[ENTERTAINM] | YouTube  | [Normal]     | 97%    |   61.8ms | congratulations :clapping_hands::party_p...
[GAMING/GAM] | YouTube  | [Normal]     | 95%    |   34.0ms | could you look into the game Casualties ...
[GAMING/GAM] | YouTube  | [Normal]     | 95%    |   40.2ms | hello mr plier...
[GAMING/GAM] | YouTube  | [Normal]     | 90%    |   33.7ms | WOOOOAAAHH...
[GAMING/GAM] | YouTube  | [Normal]     | 85%    |   26.3ms | YOU DO BE BETTER...
[PSYCHOLOGY] | YouTube  | [Normal]     | 94%    |   34.6ms | Thomas the tank engine characters are ar...
[ENTERTAINM] | YouTube  | [Normal]     | 95%    |   25.1ms | 67...
[ENTERTAINM] | YouTube  | [Normal]     | 95%    |   29.2ms | firdt streammmmm...
[ENTERTAINM] | YouTube  | [Normal]     | 96%    |   29.5ms | مرحبا...
[GAMING/SUR] | YouTube  | [HATE]       | 45%    |   35.6ms | stop them they are going to come back he...
[ENTERTAINM] | YouTube  | [Normal]     | 95%    |   34.6ms | hi is heim em casa e...
[GAMING/GAM] | YouTube  | [Normal]     | 97%    |   33.0ms | Markiplier Markiplier...
[ENTERTAINM] | YouTube  | [Normal]     | 97%    |   44.3ms | :red_heart::red_heart::red_heart::red_he...
[GAMING/GAM] | YouTube  | [Normal]     | 91%    |   26.4ms | HALOOOOO...
[GAMING/GAM] | YouTube  | [Normal]     | 94%    |   37.5ms | Hi...
[ENTERTAINM] | YouTube  | [Normal]     | 97%    |   31.0ms | can i have a job?...
[GAMING/GAM] | YouTube  | [Normal]     | 94%    |   51.5ms | so happy for you and the team!...
[MUSIC/CHIL] | YouTube  | [Normal]     | 97%    |   41.6ms | kavya me to daily aata hu tum notice n k...
[ENTERTAINM] | YouTube  | [Normal]     | 95%    |   38.3ms | 500 MILLIONS SUB!!!!!...
[GAMING/SUR] | YouTube  | [Normal]     | 98%    |   59.3ms | I worked for 17 hours last night  headin...
[GAMING/GAM] | YouTube  | [Normal]     | 93%    |   32.5ms | HI HI...
[ENTERTAINM] | YouTube  | [Normal]     | 96%    |   38.3ms | 500 000 000...
[MUSIC/CHIL] | YouTube  | [Normal]     | 94%    |   45.0ms | :hot_face:...
[MUSIC/CHIL] | YouTube  | [Normal]     | 98%    |   54.1ms | :musical_note::musical_notes:...
[ENTERTAINM] | YouTube  | [Normal]     | 94%    |   23.3ms | HI...
[ENTERTAINM] | YouTube  | [Normal]     | 98%    |   73.5ms | :heart_on_fire::heart_on_fire::heart_on_...
[MUSIC/CHIL] | YouTube  | [Normal]     | 98%    |   53.3ms | :smiling_face_with_halo::beaming_face_wi...
[ENTERTAINM] | YouTube  | [Normal]     | 94%    |   30.4ms | Rest...
[ENTERTAINM] | YouTube  | [Normal]     | 94%    |   24.8ms | hi...
[GAMING/GAM] | YouTube  | [Normal]     | 95%    |   33.9ms | Airplanneeeee...
[ENTERTAINM] | YouTube  | [Normal]     | 97%    |  123.6ms | :smiling_face_with_smiling_eyes::smiling...
[GAMING/GAM] | YouTube  | [Normal]     | 97%    |   43.2ms | I lost my membership bc I had no job. Bu...
[MUSIC/CHIL] | YouTube  | [Normal]     | 96%    |   27.6ms | paddati tc...
[ENTERTAINM] | YouTube  | [Normal]     | 92%    |   28.6ms | xichao...
[GAMING/GAM] | YouTube  | [Normal]     | 81%    |   32.1ms | let's goo...
[GAMING/GAM] | YouTube  | [Normal]     | 87%    |   57.7ms | How did send help win “money-wise” if it...
[PSYCHOLOGY] | YouTube  | [Normal]     | 76%    |   26.5ms | green pill...
[GAMING/GAM] | YouTube  | [Normal]     | 94%    |   26.1ms | fashion...
[GAMING/GAM] | YouTube  | [Normal]     | 97%    |   30.0ms | airplane come on!!!...
[ENTERTAINM] | YouTube  | [Normal]     | 96%    |   30.4ms | hiiiiiii...
[ENTERTAINM] | YouTube  | [Normal]     | 95%    |   22.8ms | HALO...
[GAMING/GAM] | YouTube  | [Normal]     | 93%    |   29.0ms | light houseeeeeeeeee...
[GAMING/GAM] | YouTube  | [Normal]     | 97%    |   29.0ms | airplane is gonna make a comeback....
[GAMING/GAM] | YouTube  | [Normal]     | 95%    |   26.0ms | Yes!...
[ENTERTAINM] | YouTube  | [Normal]     | 95%    |   41.7ms | please give me redeem codes :loudly_cryi...
[GAMING/GAM] | YouTube  | [Normal]     | 94%    |   38.5ms | I vote fore prusa:rolling_on_the_floor_l...
[ENTERTAINM] | YouTube  | [Normal]     | 94%    |   24.8ms | hi...
[ENTERTAINM] | YouTube  | [Normal]     | 94%    |   29.4ms | hi...
[GAMING/SUR] | YouTube  | [Normal]     | 82%    |   36.6ms | what you doing man...
[ENTERTAINM] | YouTube  | [Normal]     | 95%    |   28.7ms | 1q...
[GAMING/GAM] | YouTube  | [Normal]     | 96%    |   34.0ms | MARK THERES AN ANOMOLY ON THE WINDOW...
[GAMING/GAM] | YouTube  | [Normal]     | 96%    |   35.3ms | Could the film go to South Africa???...
[ENTERTAINM] | YouTube  | [Normal]     | 94%    |   27.0ms | 1...
[GAMING/SUR] | YouTube  | [Normal]     | 94%    |   25.2ms | yess...
[GAMING/GAM] | YouTube  | [Normal]     | 95%    |   41.2ms | Just saw Iron Lung 10/10...
[GAMING/GAM] | YouTube  | [Normal]     | 96%    |   25.2ms | PHILIPPINES???...
[GAMING/SUR] | YouTube  | [Normal]     | 94%    |   25.0ms | Double...
[GAMING/SUR] | YouTube  | [Normal]     | 90%    |   25.0ms | chill...
[ENTERTAINM] | YouTube  | [Normal]     | 95%    |   25.0ms | sup jimmy...
[GAMING/GAM] | YouTube  | [Normal]     | 93%    |   46.6ms | The Fashion Venue is also a good level  ...
[PSYCHOLOGY] | YouTube  | [Normal]     | 82%    |   32.2ms | unga bunga...
[MUSIC/CHIL] | YouTube  | [Normal]     | 98%    |   35.3ms | :musical_notes::musical_note:...
[MUSIC/CHIL] | YouTube  | [Normal]     | 63%    |   31.3ms | thik ho tm?...
[GAMING/GAM] | YouTube  | [Normal]     | 96%    |   61.5ms | IRON LUNG PHILIPPINES!!!! :face-red-hear...
[GAMING/GAM] | YouTube  | [Normal]     | 97%    |   48.6ms | MARKIPLIER  LET THE MOVIE BE IN ENGLAND ...
[ENTERTAINM] | YouTube  | [Normal]     | 96%    |   35.0ms | BRO PLEASE PLEASE GIVE MINECRAFT...
[ENTERTAINM] | YouTube  | [Normal]     | 96%    |   44.1ms | Pls let me compete in a Mr beast challen...
[ENTERTAINM] | YouTube  | [Normal]     | 95%    |   30.6ms | hello soy...
[GAMING/GAM] | YouTube  | [Normal]     | 95%    |   34.3ms | Hi markkk...
[GAMING/SUR] | YouTube  | [Normal]     | 84%    |   32.3ms | rigged...
[ENTERTAINM] | YouTube  | [Normal]     | 98%    |   39.0ms | :hand-pink-waving:...
[GAMING/GAM] | YouTube  | [Normal]     | 97%    |   39.1ms | ETA on online release?...
[GAMING/SUR] | YouTube  | [Normal]     | 95%    |   41.6ms | HIT...
[ENTERTAINM] | YouTube  | [Normal]     | 84%    |   46.0ms | You got 500 subs...
[ENTERTAINM] | YouTube  | [Normal]     | 96%    |   29.4ms | New member...
[ENTERTAINM] | YouTube  | [Normal]     | 94%    |   29.6ms | free palastina...
[ENTERTAINM] | YouTube  | [Normal]     | 95%    |   27.0ms | Hiiii...
[ENTERTAINM] | YouTube  | [Normal]     | 96%    |   25.2ms | Pls shoutout...
[GAMING/SUR] | YouTube  | [Normal]     | 70%    |   24.0ms | BRO ADDICTED...
[ENTERTAINM] | YouTube  | [Normal]     | 96%    |   48.8ms | :yt::yt::yt::yt::yt::yt::yt:...
[MUSIC/CHIL] | YouTube  | [Normal]     | 96%    |   30.6ms | :ice:...
[ENTERTAINM] | YouTube  | [Normal]     | 92%    |   26.0ms | Yooooo...
[GAMING/SUR] | YouTube  | [Normal]     | 95%    |   39.0ms | All in...
[ENTERTAINM] | YouTube  | [Normal]     | 94%    |   30.1ms | 𝘼𝙣𝙮𝙤𝙣𝙚 𝙛𝙧𝙤𝙢 𝙄𝙣𝙙𝙞𝙖???...
[GAMING/GAM] | YouTube  | [Normal]     | 96%    |   49.7ms | Just watched Iron Lung with a friend. We...
[ENTERTAINM] | YouTube  | [Normal]     | 97%    |   32.6ms | Hello Mr. Beast...
[GAMING/SUR] | YouTube  | [Normal]     | 73%    |   38.0ms | Glad they got the base back after GINGY ...
[GAMING/SUR] | YouTube  | [Normal]     | 92%    |   35.7ms | Bunguloser...
[ENTERTAINM] | YouTube  | [Normal]     | 98%    |   51.2ms | :hand-purple-blue-peace::hand-purple-blu...
[ENTERTAINM] | YouTube  | [Normal]     | 97%    |   42.3ms | :face-green-smiling::face-green-smiling:...
[GAMING/GAM] | YouTube  | [Normal]     | 96%    |   27.0ms | hi mark...
[SPORTS/FOO] | YouTube  | [Normal]     | 97%    |   41.0ms | :hand-pink-waving:WINNING GOD GO:face-re...
[GAMING/GAM] | YouTube  | [Normal]     | 94%    |   38.5ms | The chat’s moving so fast nobody knows I...
[GAMING/GAM] | YouTube  | [Normal]     | 96%    |   45.2ms | I literally JUST came from watching the ...
[GAMING/GAM] | YouTube  | [Normal]     | 85%    |   37.8ms | had a hard time hearing the whispers fro...
[ENTERTAINM] | YouTube  | [Normal]     | 80%    |   26.0ms | how wild...
[ENTERTAINM] | YouTube  | [Normal]     | 95%    |   33.0ms | my mom found my channel...
[GAMING/GAM] | YouTube  | [Normal]     | 87%    |   27.0ms | Do better how bout that...
[GAMING/GAM] | YouTube  | [Normal]     | 89%    |   46.1ms | The movie has random parts where you can...
[ENTERTAINM] | YouTube  | [Normal]     | 94%    |   24.4ms | please...
[GAMING/GAM] | YouTube  | [Normal]     | 91%    |   32.1ms | they mixed it right the second time I sa...
[ENTERTAINM] | YouTube  | [Normal]     | 95%    |   25.6ms | very courteous...
[GAMING/GAM] | YouTube  | [Normal]     | 97%    |   31.6ms | Hi Markiplier!...
[ENTERTAINM] | YouTube  | [Normal]     | 96%    |   28.6ms | my mom found my YouTube channel...
[GAMING/GAM] | YouTube  | [Normal]     | 97%    |   39.5ms | Your movie was amazing I love it a lot...
[SELF-HELP/] | YouTube  | [Normal]     | 97%    |   31.1ms | hello Alok.:waving_hand:...
[ENTERTAINM] | YouTube  | [Normal]     | 97%    |   34.0ms | i am from Bangladesh...
[GAMING/GAM] | YouTube  | [HATE]       | 68%    |   31.5ms | twas goated...
[ENTERTAINM] | YouTube  | [Normal]     | 95%    |   35.0ms | 500 MİLLİON SUBSCİRİBERRRRR...
[ENTERTAINM] | YouTube  | [Normal]     | 86%    |   28.6ms | Yo...
[ENTERTAINM] | YouTube  | [Normal]     | 91%    |  141.1ms | :money_bag: :money_bag: :money_bag::mone...
[GAMING/SUR] | YouTube  | [Normal]     | 95%    |   30.7ms | WEEEEELP...
[MUSIC/CHIL] | YouTube  | [Normal]     | 95%    |   32.0ms | mujhe toh nhi yad...
[SELF-HELP/] | YouTube  | [Normal]     | 95%    |   35.2ms | whoa doc  careful...
[GAMING/GAM] | YouTube  | [Normal]     | 96%    |   58.7ms | finally seeing iron lung tomorrow! i eve...
[ENTERTAINM] | YouTube  | [Normal]     | 92%    |   30.6ms | Türkler burdamı...
[GAMING/GAM] | YouTube  | [Normal]     | 96%    |   26.0ms | HI MARK...
[GAMING/GAM] | YouTube  | [Normal]     | 98%    |   34.3ms | I saw the movie on the 3rd! It was amazi...
[ENTERTAINM] | YouTube  | [Normal]     | 92%    |   45.0ms | no Manisha :loudly_crying_face::loudly_c...
[MUSIC/CHIL] | YouTube  | [Normal]     | 95%    |   30.0ms | kya chlra h thekedaar...
[GAMING/GAM] | YouTube  | [Normal]     | 94%    |   43.7ms | lighthouse seems like it would be most i...
[GAMING/GAM] | YouTube  | [Normal]     | 95%    |  126.1ms | Hiiii Mark!!! How’s Amy enjoying the new...
[ENTERTAINM] | YouTube  | [Normal]     | 96%    |   48.3ms | big fan please...
[GAMING/GAM] | YouTube  | [Normal]     | 87%    |   62.0ms | Mark I can't see it:[ I'm sick!...
[ENTERTAINM] | YouTube  | [Normal]     | 97%    |   64.5ms | کوردی لێیە؟:red_heart::sun::green_heart:...
[ENTERTAINM] | YouTube  | [Normal]     | 96%    |   36.6ms | lol...
[GAMING/GAM] | YouTube  | [Normal]     | 96%    |   51.0ms | im back mark my power went out...
[GAMING/SUR] | YouTube  | [Normal]     | 95%    |   25.0ms | H20...
[ENTERTAINM] | YouTube  | [Normal]     | 96%    |   41.7ms | Славяне пишите...
[ENTERTAINM] | YouTube  | [Normal]     | 98%    |   42.5ms | Jimmy big fan :heart_suit: $100 please :...
[ENTERTAINM] | YouTube  | [Normal]     | 96%    |   33.7ms | السلام عليكم...
[ENTERTAINM] | YouTube  | [Normal]     | 96%    |   56.9ms | Can you give me your @BeastReacts channe...
[ENTERTAINM] | YouTube  | [Normal]     | 95%    |   26.0ms | hi Jimmy...
[ENTERTAINM] | YouTube  | [Normal]     | 95%    |   25.1ms | hello...
[ENTERTAINM] | YouTube  | [Normal]     | 86%    |   30.2ms | This is beyond insane what this man has ...
[GAMING/GAM] | YouTube  | [Normal]     | 95%    |   48.3ms | MARK IM SEEING IRON LUNG TONIGHT!!! 9:35...
[GAMING/GAM] | YouTube  | [Normal]     | 91%    |   28.2ms | YEAHHHH...
[PSYCHOLOGY] | YouTube  | [Normal]     | 91%    |   27.9ms | Charlie is animus...
[GAMING/GAM] | YouTube  | [Normal]     | 96%    |   49.6ms | oooo and the vibes are vibing for sure...
[ENTERTAINM] | YouTube  | [Normal]     | 96%    |  121.1ms | :washhands::washhands::washhands::washha...
[GAMING/GAM] | YouTube  | [Normal]     | 94%    |   39.9ms | I just lay down to get some sleep  not a...
[PSYCHOLOGY] | YouTube  | [Normal]     | 96%    |   31.1ms | I feel called out...
[GAMING/SUR] | YouTube  | [Normal]     | 69%    |   29.0ms | H2O HELL YEAH...
[ENTERTAINM] | YouTube  | [Normal]     | 95%    |   23.0ms | Bangladesh...
[ENTERTAINM] | YouTube  | [HATE]       | 51%    |   31.3ms | HI JIMMY YOUR SO GOATED...
[GAMING/GAM] | YouTube  | [Normal]     | 96%    |   33.4ms | :_markiEEE:...
[PSYCHOLOGY] | YouTube  | [Normal]     | 97%    |   29.6ms | Gonna use emotional-focused coping....
[ENTERTAINM] | YouTube  | [Normal]     | 96%    |   26.3ms | Congratulations sir...
[GAMING/GAM] | YouTube  | [Normal]     | 90%    |   37.1ms | you could make a movie about this type o...
[MUSIC/CHIL] | YouTube  | [Normal]     | 96%    |   40.7ms | :baseball-white-cap-out:...
[GAMING/SUR] | YouTube  | [Normal]     | 96%    |   29.0ms | h2o got motion...
[ENTERTAINM] | YouTube  | [Normal]     | 94%    |   26.4ms | hi...
[ENTERTAINM] | YouTube  | [Normal]     | 94%    |   28.0ms | hi...
[PSYCHOLOGY] | YouTube  | [Normal]     | 95%    |   25.6ms | kekw...
[PSYCHOLOGY] | YouTube  | [Normal]     | 92%    |   37.9ms | ive concludes this is the only way some ...
[GAMING/GAM] | YouTube  | [Normal]     | 88%    |   30.2ms | do you want our help...
[GAMING/SUR] | YouTube  | [Normal]     | 97%    |   28.0ms | Go Back To Base & REFLECT....
[GAMING/GAM] | YouTube  | [Normal]     | 81%    |   33.2ms | AUSSIE HERE! MOOORNING MARK!...
[GAMING/GAM] | YouTube  | [Normal]     | 97%    |   34.1ms | What is this game??...
[ENTERTAINM] | YouTube  | [Normal]     | 97%    |   31.6ms | سلام...
[PSYCHOLOGY] | YouTube  | [Normal]     | 97%    |   33.1ms | suiiiii...
[ENTERTAINM] | YouTube  | [Normal]     | 92%    |   40.1ms | give me some money...
[GAMING/GAM] | YouTube  | [Normal]     | 98%    |   35.0ms | welcome to the game 3 came out.......
[GAMING/GAM] | YouTube  | [Normal]     | 96%    |   43.0ms | I loved how you included Sean in your mo...
[GAMING/GAM] | YouTube  | [Normal]     | 96%    |   44.8ms | Watch out for The Willem Dafoe - creatur...
[GAMING/GAM] | YouTube  | [Normal]     | 95%    |   31.5ms | obversation...
[GAMING/GAM] | YouTube  | [Normal]     | 89%    |   40.4ms | TITLE WEEWOOO...
[GAMING/GAM] | YouTube  | [Normal]     | 97%    |   37.3ms | Observation...
[GAMING/GAM] | YouTube  | [Normal]     | 95%    |   38.1ms | Obversation Duty...
[ENTERTAINM] | YouTube  | [Normal]     | 76%    |   72.1ms | me i was watching you wenn you were mrbe...
[GAMING/GAM] | YouTube  | [Normal]     | 95%    |   51.5ms | MinorSpellingMistake :pensive:...
[GAMING/GAM] | YouTube  | [Normal]     | 97%    |   93.0ms | Just got back from watching iron lung a ...
[GAMING/SUR] | YouTube  | [Normal]     | 92%    |   43.1ms | never come back here lmao...
[GAMING/SUR] | YouTube  | [Normal]     | 89%    |   52.4ms | You can’t have worse luck lol...
[GAMING/GAM] | YouTube  | [Normal]     | 88%    |   45.6ms | 1AM in Poland  working night shift  but ...
[ENTERTAINM] | YouTube  | [Normal]     | 92%    |   26.2ms | hai...
[GAMING/GAM] | YouTube  | [Normal]     | 92%    |   31.2ms | We got a misspelling anomaly in the titl...
[NEWS/LIVE ] | YouTube  | [Normal]     | 97%    |   41.7ms | lol Ben that's that one movie with the g...
[GAMING/SUR] | YouTube  | [Normal]     | 96%    |   30.0ms | with 4 cards...
[GAMING/SUR] | YouTube  | [Normal]     | 97%    |   32.6ms | I hope we've learned a lesson...
[PSYCHOLOGY] | YouTube  | [Normal]     | 92%    |   37.7ms | investment banking sounds unhinged lol...
[SELF-HELP/] | YouTube  | [Normal]     | 85%    |   30.8ms | Crabs in a bucket syndrome...
[GAMING/SUR] | YouTube  | [Normal]     | 49%    |   30.1ms | EVIL ROBOT LAUGH...
[ENTERTAINM] | YouTube  | [Normal]     | 97%    |   31.9ms | i already watched your all video...
[NEWS/LIVE ] | YouTube  | [Normal]     | 87%    |   38.6ms | Bangers in Texas form up with Treasury S...
[GAMING/GAM] | YouTube  | [Normal]     | 97%    |   52.9ms | "hello everybody my name is welcome":vic...
[ENTERTAINM] | YouTube  | [Normal]     | 95%    |   24.0ms | hello bro...
[PSYCHOLOGY] | YouTube  | [Normal]     | 93%    |   48.3ms | I often project and fantasize on women I...
[MUSIC/CHIL] | YouTube  | [Normal]     | 97%    |   34.3ms | @vsaanu:rat:...
[ENTERTAINM] | YouTube  | [Normal]     | 94%    |   29.0ms | 1...
[GAMING/GAM] | YouTube  | [Normal]     | 96%    |   38.3ms | @markiplier will you play umigari?...
[ENTERTAINM] | YouTube  | [Normal]     | 95%    |   25.2ms | hello...
[ENTERTAINM] | YouTube  | [Normal]     | 93%    |   26.6ms | smart...
[ENTERTAINM] | YouTube  | [Normal]     | 96%    |   92.3ms | 500m :grinning_face_with_big_eyes::grinn...
[GAMING/SUR] | YouTube  | [Normal]     | 92%    |   31.1ms | Bro is great at losing scrap...
[GAMING/SUR] | YouTube  | [HATE]       | 65%    |   28.5ms | you are a bad gambler...
[GAMING/GAM] | YouTube  | [Normal]     | 97%    |   48.9ms | :_markiBRAIN:obversation...
[GAMING/GAM] | YouTube  | [Normal]     | 93%    |   39.2ms | He's on obversation doodie...
[GAMING/SUR] | YouTube  | [Normal]     | 93%    |   44.3ms | congrats BP - teaching everyone gambling...
[SELF-HELP/] | YouTube  | [Normal]     | 92%    |   48.0ms | @VeneraEchos I know but I try to avoid t...
[GAMING/GAM] | YouTube  | [Normal]     | 97%    |   28.1ms | hiiiii...
[GAMING/GAM] | YouTube  | [Normal]     | 96%    |   72.2ms | Y'all  if you watch 'The distractible po...
[GAMING/GAM] | YouTube  | [Normal]     | 95%    |   32.0ms | :eye::mouth::eye:...
[GAMING/SUR] | YouTube  | [Normal]     | 90%    |   28.0ms | HAHAHAHA...
[GAMING/GAM] | YouTube  | [Normal]     | 96%    |   26.0ms | DVD RELEASE DATE...
[GAMING/GAM] | YouTube  | [Normal]     | 95%    |   29.1ms | obversation...
[ENTERTAINM] | YouTube  | [Normal]     | 94%    |   24.7ms | hi...
[GAMING/GAM] | YouTube  | [Normal]     | 93%    |   23.0ms | yes...
[ENTERTAINM] | YouTube  | [Normal]     | 94%    |   29.4ms | hi...
[ENTERTAINM] | YouTube  | [Normal]     | 84%    |   42.0ms | it is kinda crazy...
[ENTERTAINM] | YouTube  | [Normal]     | 91%    |   30.6ms | Love u beast...
[GAMING/SUR] | YouTube  | [Normal]     | 97%    |   32.6ms | better hit some barrels lol...
[GAMING/GAM] | YouTube  | [Normal]     | 91%    |   28.2ms | MARK FIX YOUR POSTURE...
[PSYCHOLOGY] | YouTube  | [Normal]     | 95%    |   29.6ms | ono andrew tate mentioned...
[GAMING/GAM] | YouTube  | [Normal]     | 95%    |   35.5ms | Hello father...
[GAMING/GAM] | YouTube  | [Normal]     | 89%    |   38.8ms | do the life guard scan! don't forget you...
[ENTERTAINM] | YouTube  | [Normal]     | 94%    |   33.0ms | HAHAHAHAHAHHA...
[GAMING/GAM] | YouTube  | [Normal]     | 79%    |   25.0ms | MOUSE TRAP...
[GAMING/GAM] | YouTube  | [Normal]     | 95%    |   28.1ms | hiii...
[SPORTS/FOO] | YouTube  | [Normal]     | 97%    |   40.0ms | may be Japan 3-1 :face_with_tears_of_joy...
[ENTERTAINM] | YouTube  | [Normal]     | 98%    |  121.0ms | :hand-purple-blue-peace::hand-purple-blu...
[ENTERTAINM] | YouTube  | [Normal]     | 97%    |   32.0ms | Please invite me to a video...
[GAMING/GAM] | YouTube  | [Normal]     | 97%    |   54.9ms | MARK THERES A GUY LIVESTREAMING IN THE T...
[ENTERTAINM] | YouTube  | [Normal]     | 90%    |   56.2ms | absolutely no one knows it i bet...
[GAMING/GAM] | YouTube  | [Normal]     | 95%    |   58.4ms | hi mark I wanted to tell you that your m...
[GAMING/GAM] | YouTube  | [Normal]     | 97%    |   95.2ms | hi mark! longtime fan here and i have no...
[ENTERTAINM] | YouTube  | [Normal]     | 89%    |   39.3ms | YOOOO...
[ENTERTAINM] | YouTube  | [Normal]     | 93%    |   38.3ms | OH YEAH...
[ENTERTAINM] | YouTube  | [Normal]     | 94%    |   33.3ms | 5...
[ENTERTAINM] | YouTube  | [Normal]     | 94%    |   28.7ms | 5...
[ENTERTAINM] | YouTube  | [Normal]     | 96%    |   38.7ms | brazill...
[GAMING/GAM] | YouTube  | [Normal]     | 96%    |   41.9ms | Was that small table always there?...
[PSYCHOLOGY] | YouTube  | [Normal]     | 92%    |   50.8ms | @andreicionescu pethatic excuse to desol...
[GAMING/GAM] | YouTube  | [HATE]       | 48%    |   50.8ms | Freddy Fazbear behind you...
[GAMING/GAM] | YouTube  | [Normal]     | 92%    |   44.2ms | the stairs...
[GAMING/GAM] | YouTube  | [Normal]     | 92%    |   30.1ms | I there is an anomaly...
[MUSIC/CHIL] | YouTube  | [Normal]     | 95%    |   38.0ms | pighal jaane ka khauf hai tumhe......
[GAMING/GAM] | YouTube  | [Normal]     | 97%    |   28.3ms | The movie was amazing...
[ENTERTAINM] | YouTube  | [Normal]     | 97%    |   40.0ms | From india  North East :beating_heart: c...
[GAMING/SUR] | YouTube  | [Normal]     | 98%    |   48.0ms | Peanut would you ever do this exact same...
[GAMING/GAM] | YouTube  | [Normal]     | 93%    |   39.3ms | Are you going to make a second movie?...
[GAMING/GAM] | YouTube  | [Normal]     | 95%    |   31.1ms | stair moving basemnt...
[PSYCHOLOGY] | YouTube  | [Normal]     | 81%    |   52.3ms | @andreicionescu What? There are many har...
[ENTERTAINM] | YouTube  | [Normal]     | 95%    |   31.8ms | hii...
[MUSIC/CHIL] | YouTube  | [Normal]     | 97%    |   49.8ms | morni or ki haal soniye:person-turqouise...
[NEWS/LIVE ] | YouTube  | [Normal]     | 77%    |   39.0ms | the tarp is no laughing matter either it...
[GAMING/GAM] | YouTube  | [Normal]     | 94%    |   27.0ms | OUR EYES...
[GAMING/GAM] | YouTube  | [Normal]     | 92%    |   24.6ms | WOAH...
[GAMING/GAM] | YouTube  | [Normal]     | 95%    |   60.9ms | I told you :rolling_on_the_floor_laughin...
[GAMING/GAM] | YouTube  | [Normal]     | 95%    |   37.6ms | HELLO...
[GAMING/GAM] | YouTube  | [Normal]     | 51%    |   32.1ms | i tihnk the bed is fook...
[GAMING/GAM] | YouTube  | [Normal]     | 97%    |   26.1ms | Welcome New Member!...
[GAMING/SUR] | YouTube  | [Normal]     | 74%    |   33.8ms | someone really needs to organize those d...
[ENTERTAINM] | YouTube  | [Normal]     | 96%    |   37.8ms | hello Mr beast I'm from Nepal and I subs...
[GAMING/SUR] | YouTube  | [Normal]     | 47%    |   32.1ms | @jgs4819 gooner jfc...
[GAMING/GAM] | YouTube  | [Normal]     | 95%    |   26.1ms | mark the bed...
[ENTERTAINM] | YouTube  | [Normal]     | 96%    |   29.0ms | hiiiiiii...
[GAMING/SUR] | YouTube  | [Normal]     | 84%    |   26.6ms | CLOSE THE DOORS...
[MUSIC/CHIL] | YouTube  | [Normal]     | 96%    |   69.8ms | Lasusi your gf is hot :rolling_on_the_fl...
[ENTERTAINM] | YouTube  | [Normal]     | 97%    |   24.5ms | love from india...
[ENTERTAINM] | YouTube  | [Normal]     | 96%    |   36.6ms | Show the video of you gifting your mom $...
[ENTERTAINM] | YouTube  | [Normal]     | 95%    |   69.1ms | :police_car_light::police_car_light::pol...
[GAMING/GAM] | YouTube  | [Normal]     | 92%    |   31.0ms | BED...
[ENTERTAINM] | YouTube  | [Normal]     | 95%    |   25.9ms | Mr best...
[ENTERTAINM] | YouTube  | [Normal]     | 98%    |   31.0ms | 1 iphon plis.....
[ENTERTAINM] | YouTube  | [Normal]     | 86%    |   24.0ms | Yo...
[GAMING/GAM] | YouTube  | [Normal]     | 81%    |   36.1ms | woah are you the guy from Iron Lung :D...
[ENTERTAINM] | YouTube  | [Normal]     | 98%    |   53.5ms | waiting for new video on Saturday waitin...
[GAMING/GAM] | YouTube  | [Normal]     | 53%    |   32.9ms | well damn...
[ENTERTAINM] | YouTube  | [Normal]     | 94%    |   39.3ms | bruh...
[GAMING/GAM] | YouTube  | [Normal]     | 98%    |   37.4ms | INTERIOR LANTERN :fish-orange-wide-eyes:...
[GAMING/GAM] | YouTube  | [Normal]     | 97%    |   27.0ms | MARK THE LANTERN...
[PSYCHOLOGY] | YouTube  | [Normal]     | 96%    |   29.6ms | Self actualization...
[GAMING/SUR] | YouTube  | [Normal]     | 64%    |   27.8ms | you can only have 12...
[GAMING/GAM] | YouTube  | [Normal]     | 92%    |   44.3ms | Hey mark could you get Iron to some sort...
[GAMING/GAM] | YouTube  | [Normal]     | 98%    |   38.9ms | mark ffs stay on a camera for more than ...
[GAMING/GAM] | YouTube  | [Normal]     | 96%    |   31.7ms | mark the rode is side ways lmao...
[ENTERTAINM] | YouTube  | [Normal]     | 94%    |   25.0ms | 1...
[GAMING/GAM] | YouTube  | [Normal]     | 87%    |   25.0ms | NO...
[ENTERTAINM] | YouTube  | [Normal]     | 98%    |  227.3ms | :hand-pink-waving::hand-pink-waving::han...
[GAMING/SUR] | YouTube  | [Normal]     | 94%    |   29.3ms | LOL CANT SEE SHII...
[ENTERTAINM] | YouTube  | [Normal]     | 94%    |   22.6ms | 1...
[GAMING/GAM] | YouTube  | [Normal]     | 92%    |   37.3ms | GONNA SEE IRON LUNG TMR!!...
[GAMING/SUR] | YouTube  | [Normal]     | 86%    |   32.2ms | Don’t be nuts  wait for Welyn...
[GAMING/GAM] | YouTube  | [Normal]     | 96%    |   31.6ms | :_markiBRAIN:...
[GAMING/GAM] | YouTube  | [Normal]     | 96%    |   26.2ms | STAIRWELL RIGHT RAILING MOVED...
[GAMING/GAM] | YouTube  | [Normal]     | 97%    |   26.6ms | The lantern moved in interior...
[GAMING/GAM] | YouTube  | [Normal]     | 97%    |   32.5ms | bottom right moving of lighthouse?...
[GAMING/SUR] | YouTube  | [Normal]     | 96%    |   29.0ms | Higher. Build up first...
[GAMING/SUR] | YouTube  | [Normal]     | 91%    |   26.7ms | Wait oh god...
[GAMING/SUR] | YouTube  | [Normal]     | 96%    |   39.1ms | Needs to be higher P...
[ENTERTAINM] | YouTube  | [Normal]     | 95%    |   32.3ms | I am a student and I need money...
[GAMING/GAM] | YouTube  | [Normal]     | 98%    |   34.6ms | red lights red lights red lights...
[GAMING/GAM] | YouTube  | [Normal]     | 98%    |   36.3ms | Was the red light at the top of the ligh...
[ENTERTAINM] | YouTube  | [Normal]     | 97%    |   36.8ms | please help :loudly_crying_face::folded_...
[ENTERTAINM] | YouTube  | [Normal]     | 96%    |   30.6ms | Speak in Bengali....
[GAMING/GAM] | YouTube  | [Normal]     | 92%    |   24.1ms | Oh no...
[ENTERTAINM] | YouTube  | [Normal]     | 94%    |   32.0ms | hi...
[GAMING/GAM] | YouTube  | [Normal]     | 93%    |   24.5ms | F...
[ENTERTAINM] | YouTube  | [Normal]     | 98%    |   29.9ms | Ronaldo and Messi...
[ENTERTAINM] | YouTube  | [Normal]     | 95%    |   33.6ms | :red_heart:U mr beast...
[GAMING/GAM] | YouTube  | [Normal]     | 93%    |   29.6ms | yes...
[GAMING/GAM] | YouTube  | [Normal]     | 96%    |   30.0ms | There was a spinning pillar in the stair...
[GAMING/GAM] | YouTube  | [Normal]     | 96%    |   25.1ms | lol...
[GAMING/GAM] | YouTube  | [Normal]     | 94%    |   30.7ms | Try Again...
[ENTERTAINM] | YouTube  | [Normal]     | 89%    |   24.0ms | BACON BACON BACON...
[GAMING/GAM] | YouTube  | [Normal]     | 89%    |   25.7ms | NOOOOOB...
[GAMING/GAM] | YouTube  | [Normal]     | 96%    |   32.0ms | :_markiLOL:...
[ENTERTAINM] | YouTube  | [Normal]     | 93%    |   26.1ms | congretchulation...
[PSYCHOLOGY] | YouTube  | [Normal]     | 96%    |   34.7ms | Anime? JJK? Jung Jung Kaisen?...
[GAMING/GAM] | YouTube  | [Normal]     | 86%    |   58.9ms | who just called the #1 director in Ameri...
[ENTERTAINM] | YouTube  | [Normal]     | 84%    |   49.0ms | please Mr beast im home less my mom is k...
[ENTERTAINM] | YouTube  | [Normal]     | 62%    |   37.0ms | let's goooo chatt...
[GAMING/SUR] | YouTube  | [Normal]     | 96%    |   32.3ms | lol peanut loves the glaze...
[ENTERTAINM] | YouTube  | [Normal]     | 96%    |   41.1ms | This stream is better than world cup liv...
[ENTERTAINM] | YouTube  | [Normal]     | 95%    |   47.7ms | let's go 500M guys. let's go 500M guys. ...
[GAMING/GAM] | YouTube  | [Normal]     | 87%    |   26.0ms | your mom...
[MUSIC/CHIL] | YouTube  | [Normal]     | 97%    |   58.3ms | :beaming_face_with_smiling_eyes::rolling...
[ENTERTAINM] | YouTube  | [Normal]     | 89%    |   32.6ms | You are close to 500 million  MrBeast....
[ENTERTAINM] | YouTube  | [Normal]     | 97%    |   50.9ms | :flexed_biceps::flexed_biceps::flexed_bi...
[ENTERTAINM] | YouTube  | [Normal]     | 95%    |   28.8ms | thanks Mr beast...
[GAMING/GAM] | YouTube  | [Normal]     | 83%    |   37.5ms | Remember there are THREE mousetraps in t...
[ENTERTAINM] | YouTube  | [Normal]     | 98%    |   46.0ms | :hand-pink-waving::hand-pink-waving::han...
[ENTERTAINM] | YouTube  | [Normal]     | 97%    |   33.6ms | congrats for 500M...
[ENTERTAINM] | YouTube  | [Normal]     | 94%    |   38.3ms | Congrats already Jimmy  from Madagascarr...
[ENTERTAINM] | YouTube  | [Normal]     | 97%    |   60.4ms | а Мистер Бист умеет по русски разговарив...
[GAMING/SUR] | YouTube  | [Normal]     | 97%    |   27.3ms | Over 1000 scrap...
[GAMING/GAM] | YouTube  | [Normal]     | 94%    |   51.1ms | peakiplier...
[GAMING/SUR] | YouTube  | [Normal]     | 97%    |   30.6ms | You're doing amazing work peanut...
[ENTERTAINM] | YouTube  | [Normal]     | 94%    |   26.0ms | 78...
[ENTERTAINM] | YouTube  | [Normal]     | 94%    |   25.0ms | hi...
[GAMING/GAM] | YouTube  | [Normal]     | 96%    |   31.7ms | railing in the stairway moved behind the...
[ENTERTAINM] | YouTube  | [Normal]     | 97%    |   68.8ms | :person-turquoise-crowd-surf::yt::yt::yt...
[ENTERTAINM] | YouTube  | [Normal]     | 93%    |   30.8ms | ii dont see that...
[GAMING/GAM] | YouTube  | [Normal]     | 93%    |   33.2ms | Might be the least practical game to rea...
[ENTERTAINM] | YouTube  | [Normal]     | 95%    |   28.6ms | xin cahaof...
[GAMING/GAM] | YouTube  | [Normal]     | 70%    |   33.0ms | u should play more among us they've chan...
[MUSIC/CHIL] | YouTube  | [Normal]     | 94%    |   26.3ms | bolo bhi...
[ENTERTAINM] | YouTube  | [Normal]     | 95%    |   36.2ms | ай красава...
[GAMING/GAM] | YouTube  | [Normal]     | 96%    |   42.7ms | This guy looks like the actor in iron lu...
[GAMING/GAM] | YouTube  | [Normal]     | 49%    |   28.7ms | YIPPEEEE...
[MUSIC/CHIL] | YouTube  | [Normal]     | 97%    |   41.2ms | deep koi news wala nhi hu b khud dekho...
[GAMING/GAM] | YouTube  | [Normal]     | 97%    |   50.6ms | Hello Mr. Mark Fischbach. Just watched y...
[GAMING/SUR] | YouTube  | [Normal]     | 96%    |   29.5ms | its napalm so a sec...
[SELF-HELP/] | YouTube  | [Normal]     | 95%    |   25.6ms | hmmmm...
[ENTERTAINM] | YouTube  | [Normal]     | 96%    |   37.0ms | Hello Jimmy...
[GAMING/GAM] | YouTube  | [Normal]     | 93%    |   31.7ms | Yay! Nice job...
[GAMING/GAM] | YouTube  | [Normal]     | 95%    |   52.5ms | THANK THE LORD FOR SILENT HILL F...
[GAMING/SUR] | YouTube  | [Normal]     | 84%    |   42.4ms | MY MAN @TheBurntPeanut Wakes up gets rai...
[NEWS/LIVE ] | YouTube  | [Normal]     | 83%    |   39.7ms | BLACK BOY KARMELO IS IN CHAINS!! AS IT S...
[GAMING/SUR] | YouTube  | [Normal]     | 72%    |   37.0ms | how dose one join this sever! there goes...
[GAMING/GAM] | YouTube  | [Normal]     | 95%    |   34.8ms | STAIRWELL@@@@@...
[MUSIC/CHIL] | YouTube  | [Normal]     | 87%    |   53.8ms | agarbatti to tum jalarhi ho...
[ENTERTAINM] | YouTube  | [Normal]     | 95%    |   26.8ms | i know...
[GAMING/SUR] | YouTube  | [Normal]     | 95%    |  102.9ms | :rolling_on_the_floor_laughing::rolling_...
[GAMING/GAM] | YouTube  | [Normal]     | 49%    |   32.0ms | Look up iron butt from SpongeBob...
[GAMING/GAM] | YouTube  | [Normal]     | 92%    |   25.2ms | MISSING ]...
[GAMING/GAM] | YouTube  | [Normal]     | 93%    |   23.7ms | BEDROOM...
[GAMING/SUR] | YouTube  | [Normal]     | 98%    |   31.0ms | PERFECT SONG FOR THE DOORS...
[MUSIC/CHIL] | YouTube  | [Normal]     | 95%    |   29.0ms | !....
[GAMING/SUR] | YouTube  | [HATE]       | 45%    |   31.6ms | Who’s attacking them?...
[GAMING/GAM] | YouTube  | [Normal]     | 96%    |   29.8ms | What’s your thoughts on John?...
[ENTERTAINM] | YouTube  | [Normal]     | 93%    |   25.0ms | yes yes yes...
[ENTERTAINM] | YouTube  | [Normal]     | 96%    |   27.1ms | hello Jimmy...
[ENTERTAINM] | YouTube  | [Normal]     | 94%    |   23.8ms | Minecraft...
[GAMING/GAM] | YouTube  | [Normal]     | 95%    |   27.6ms | MOUSETRAP IN BASEMENT...
[GAMING/GAM] | YouTube  | [Normal]     | 83%    |   27.1ms | sabotage...
[GAMING/GAM] | YouTube  | [Normal]     | 94%    |   28.0ms | Yess...
[MUSIC/CHIL] | YouTube  | [Normal]     | 95%    |   29.7ms | 11 baje...
[GAMING/GAM] | YouTube  | [Normal]     | 94%    |   34.7ms | BASEMENT...
[ENTERTAINM] | YouTube  | [Normal]     | 96%    |   35.0ms | Some of us are in our 40s...
[GAMING/GAM] | YouTube  | [Normal]     | 94%    |   41.6ms | self sabatoge...
[SPORTS/FOO] | YouTube  | [Normal]     | 96%    |   33.0ms | :flexed_biceps:...
[ENTERTAINM] | YouTube  | [Normal]     | 87%    |   29.4ms | yesss...
[GAMING/GAM] | YouTube  | [Normal]     | 67%    |   35.4ms | there is a body in the bed...
[ENTERTAINM] | YouTube  | [Normal]     | 98%    |   44.9ms | :face-pink-tears:...
[ENTERTAINM] | YouTube  | [Normal]     | 65%    |   29.4ms | crazy...
[MUSIC/CHIL] | YouTube  | [Normal]     | 96%    |   30.3ms | sry endhuku...
[GAMING/GAM] | YouTube  | [Normal]     | 96%    |   39.2ms | i got the phone and TV setup...
[ENTERTAINM] | YouTube  | [Normal]     | 94%    |   36.1ms | Please...
[GAMING/GAM] | YouTube  | [Normal]     | 94%    |   40.8ms | HEY MARKIPLIER YOUR NUMBER ONE...
[GAMING/GAM] | YouTube  | [Normal]     | 94%    |   38.4ms | what's up markiplier how are you ?...
[GAMING/GAM] | YouTube  | [Normal]     | 94%    |   23.8ms | STAIRS...
[GAMING/GAM] | YouTube  | [Normal]     | 96%    |   33.0ms | the lantern shadow in intwerior...
[GAMING/GAM] | YouTube  | [Normal]     | 95%    |   27.9ms | STAIRWAY...
[GAMING/GAM] | YouTube  | [Normal]     | 93%    |   25.3ms | nah...
[GAMING/GAM] | YouTube  | [Normal]     | 98%    |   28.6ms | the jacket changed colours...
[GAMING/GAM] | YouTube  | [Normal]     | 96%    |   26.1ms | it looks cool bud...
[GAMING/GAM] | YouTube  | [Normal]     | 72%    |   29.0ms | it looks dumb...
[GAMING/GAM] | YouTube  | [Normal]     | 96%    |   24.0ms | so cool...
[ENTERTAINM] | YouTube  | [Normal]     | 93%    |   28.0ms | haaa...
[GAMING/GAM] | YouTube  | [Normal]     | 96%    |   24.3ms | Water?...
[ENTERTAINM] | YouTube  | [Normal]     | 97%    |   51.5ms | I am from India please give me money :mo...
[ENTERTAINM] | YouTube  | [Normal]     | 96%    |   33.6ms | please give my dream phone iphone 17 Pro...
[GAMING/GAM] | YouTube  | [Normal]     | 94%    |   26.0ms | D O N G...
[GAMING/GAM] | YouTube  | [Normal]     | 96%    |   62.6ms | oh yeah there’s an intruder at the dock ...
[GAMING/SUR] | YouTube  | [Normal]     | 97%    |   35.3ms | Peanut pulled aggro and ran into the hea...
[GAMING/GAM] | YouTube  | [Normal]     | 81%    |   27.0ms | MARK IS AN ANOMALY...
[GAMING/GAM] | YouTube  | [Normal]     | 94%    |   33.1ms | Missing RAILING in stairwell!...
[GAMING/GAM] | YouTube  | [Normal]     | 95%    |   37.5ms | I’m just here for the vibes...
[GAMING/GAM] | YouTube  | [Normal]     | 81%    |   32.0ms | i think hes obversating the duty...
[ENTERTAINM] | YouTube  | [HATE]       | 68%    |   49.4ms | Greetings from Argentina (The country of...
[GAMING/GAM] | YouTube  | [Normal]     | 96%    |   41.0ms | MARK THE BASEMENT...
[PSYCHOLOGY] | YouTube  | [Normal]     | 95%    |   24.7ms | 67...
[GAMING/GAM] | YouTube  | [Normal]     | 96%    |   29.0ms | extra bottle by the shed thing...
[GAMING/GAM] | YouTube  | [Normal]     | 89%    |   26.8ms | noice...
[NEWS/LIVE ] | YouTube  | [Normal]     | 64%    |   41.9ms | vulnerable bloke from Ulster ... is in a...
[GAMING/SUR] | YouTube  | [Normal]     | 95%    |   27.6ms | Repair armour...
[ENTERTAINM] | YouTube  | [Normal]     | 97%    |   64.6ms | :rolling_on_the_floor_laughing::rolling_...
[GAMING/GAM] | YouTube  | [Normal]     | 95%    |   35.1ms | Hi markkk...
[GAMING/SUR] | YouTube  | [Normal]     | 91%    |   29.0ms | GET TO THE CHOPPA...
[GAMING/SUR] | YouTube  | [Normal]     | 95%    |   30.0ms | M249...
[GAMING/GAM] | YouTube  | [Normal]     | 97%    |   36.0ms | Watched Iron Lung last weekend! It was A...
[MUSIC/CHIL] | YouTube  | [Normal]     | 96%    |   34.5ms | :man_in_steamy_room:...
[ENTERTAINM] | YouTube  | [Normal]     | 90%    |   47.0ms | you can hit 500m just keep on going  I'm...
[MUSIC/CHIL] | YouTube  | [Normal]     | 97%    |   53.2ms | Kejti Bezti Ketli :face_with_hand_over_m...
[ENTERTAINM] | YouTube  | [Normal]     | 50%    |   33.9ms | People voting no are just trolling...
[MUSIC/CHIL] | YouTube  | [Normal]     | 97%    |   35.8ms | @kavya-c9c1j face reveal...
[GAMING/GAM] | YouTube  | [Normal]     | 93%    |   29.0ms | less mousetrap...
[GAMING/GAM] | YouTube  | [Normal]     | 97%    |   30.0ms | Loved the film!!!!!...
[GAMING/GAM] | YouTube  | [Normal]     | 95%    |   35.8ms | not an abyss in the yard! not again!!!...
[GAMING/GAM] | YouTube  | [Normal]     | 96%    |   35.6ms | what's hanging in the light room?...
[GAMING/GAM] | YouTube  | [Normal]     | 87%    |   25.5ms | END OF THE HARBOUR...
[MUSIC/CHIL] | YouTube  | [Normal]     | 96%    |   53.6ms | Kezti haram :banana::face_with_hand_over...
[ENTERTAINM] | YouTube  | [Normal]     | 97%    |   32.0ms | :face-orange-raised-eyebrow:...
[GAMING/GAM] | YouTube  | [Normal]     | 94%    |   31.6ms | mjhmhm...
[ENTERTAINM] | YouTube  | [Normal]     | 96%    |   28.5ms | I know everyone there...
[ENTERTAINM] | YouTube  | [Normal]     | 94%    |   28.0ms | india india...
[ENTERTAINM] | YouTube  | [Normal]     | 86%    |   36.0ms | do you think these kids know smosh...
[PSYCHOLOGY] | YouTube  | [Normal]     | 96%    |   24.0ms | agreed...
[GAMING/GAM] | YouTube  | [Normal]     | 97%    |   40.3ms | Box next to purple towel!!...
[MUSIC/CHIL] | YouTube  | [Normal]     | 93%    |   28.7ms | haaa...
[GAMING/SUR] | YouTube  | [Normal]     | 95%    |   36.3ms | get better internet lmao...
[ENTERTAINM] | YouTube  | [Normal]     | 96%    |   55.5ms | New member...
[GAMING/SUR] | YouTube  | [OFFENSIVE]  | 80%    |   45.8ms | NO LAGGG HERE...
[ENTERTAINM] | YouTube  | [Normal]     | 95%    |   28.1ms | hello...
[ENTERTAINM] | YouTube  | [Normal]     | 93%    |   34.9ms | india...
[ENTERTAINM] | YouTube  | [Normal]     | 91%    |   31.2ms | everybody knows him...
[GAMING/GAM] | YouTube  | [Normal]     | 97%    |   37.7ms | I don't think I have ever been in a live...
[GAMING/GAM] | YouTube  | [Normal]     | 94%    |   52.6ms | mark has ADHD demand avoidance lolol...
[GAMING/GAM] | YouTube  | [Normal]     | 97%    |   71.9ms | MARK IN THE LANTERN ROOM  WASN'T THE HAN...
[GAMING/GAM] | YouTube  | [Normal]     | 96%    |   28.0ms | DELIVERY GUY ON BASEMENT...
[GAMING/GAM] | YouTube  | [Normal]     | 92%    |   26.2ms | CABIN WALLS CRACKING...
[SELF-HELP/] | YouTube  | [Normal]     | 71%    |   47.9ms | Thats what my manager said to me  if we ...
[PSYCHOLOGY] | YouTube  | [Normal]     | 97%    |   36.0ms | member lecture is next tuesday i think?...
[GAMING/SUR] | YouTube  | [Normal]     | 87%    |   26.9ms | lets go...
[GAMING/SUR] | YouTube  | [OFFENSIVE]  | 68%    |   44.1ms | :collision::collision:LETSSSS RIDEEEEE1:...
[GAMING/SUR] | YouTube  | [Normal]     | 86%    |   33.0ms | this is a bomb song...
[GAMING/SUR] | YouTube  | [OFFENSIVE]  | 78%    |   45.2ms | :_LetsGo::_LetsGo::_LetsGo::_LetsGo:...
[MUSIC/CHIL] | YouTube  | [Normal]     | 95%    |   66.1ms | nu  ea e o "sfântă"  dar are tupeul jego...
[GAMING/SUR] | YouTube  | [Normal]     | 88%    |   32.1ms | LOCK IN!...
[GAMING/SUR] | YouTube  | [Normal]     | 96%    |   63.0ms | EEEEEEEEEEE EEEEEEEEEEE EEEEEEEEEEE EEEE...
[GAMING/SUR] | YouTube  | [Normal]     | 94%    |   24.3ms | New into...
[GAMING/SUR] | YouTube  | [Normal]     | 89%    |   43.2ms | :_LetsRide::_LetsRide::_LetsRide:...
[GAMING/SUR] | YouTube  | [Normal]     | 94%    |   27.6ms | W song...
[GAMING/SUR] | YouTube  | [OFFENSIVE]  | 94%    |   37.2ms | Holy shit Peanut is pregnant!?!?!?!?!?!...
[GAMING/SUR] | YouTube  | [Normal]     | 90%    |   29.0ms | slurzy Saturday!!!...
[GAMING/SUR] | YouTube  | [Normal]     | 82%    |   29.0ms | His voice is so cracked...
[NEWS/LIVE ] | YouTube  | [Normal]     | 92%    |   32.1ms | Will Smith slapped a guy and suffered no...
[MUSIC/CHIL] | YouTube  | [Normal]     | 98%    |   37.6ms | good evening :cityscape_at_dusk:...
[GAMING/SUR] | YouTube  | [OFFENSIVE]  | 76%    |   33.8ms | LETTTTTSSSS GOOOOOOO...
[GAMING/SUR] | YouTube  | [Normal]     | 96%    |   28.7ms | morning!!!!!...
[NEWS/LIVE ] | YouTube  | [Normal]     | 95%    |   30.7ms | I care for my fellow Americans  here...
[GAMING/SUR] | YouTube  | [Normal]     | 87%    |   43.9ms | get the poop bucket...
[GAMING/SUR] | YouTube  | [OFFENSIVE]  | 54%    |   29.6ms | happy birthday nutter...
[GAMING/SUR] | YouTube  | [Normal]     | 94%    |   28.0ms | W meth boy...
[GAMING/SUR] | YouTube  | [Normal]     | 96%    |   37.1ms | peanut thank you for making me laugh alr...
[GAMING/SUR] | YouTube  | [Normal]     | 97%    |   35.5ms | reminds me of when H1Z1 was at its peak....
[GAMING/SUR] | YouTube  | [OFFENSIVE]  | 60%    |   31.0ms | :_LetsGo:...
[SELF-HELP/] | YouTube  | [Normal]     | 89%    |   27.1ms | wroooom...
[GAMING/SUR] | YouTube  | [Normal]     | 90%    |   25.3ms | yessssss...
[GAMING/SUR] | YouTube  | [Normal]     | 91%    |   34.2ms | DOOR...
[GAMING/SUR] | YouTube  | [Normal]     | 95%    |   26.2ms | h2o...
[GAMING/SUR] | YouTube  | [OFFENSIVE]  | 82%    |   37.0ms | He’s a fucking LEGEND!!!!!...
[NEWS/LIVE ] | YouTube  | [Normal]     | 60%    |   37.8ms | Technically YOU  don't own your home the...
[GAMING/SUR] | YouTube  | [Normal]     | 96%    |   30.6ms | Welcome to Bungulator Board Member!...
[GAMING/SUR] | YouTube  | [Normal]     | 87%    |   35.0ms | he is a very hilarious youtuber...
[GAMING/SUR] | YouTube  | [Normal]     | 97%    |   57.6ms | :crown::crown: LONG LIVE THE KING PEANUT...
[GAMING/SUR] | YouTube  | [Normal]     | 95%    |   24.6ms | Doors open...
[GAMING/SUR] | YouTube  | [Normal]     | 91%    |   27.4ms | look at timer...
[GAMING/SUR] | YouTube  | [Normal]     | 92%    |   23.5ms | Gate...
[SELF-HELP/] | YouTube  | [Normal]     | 92%    |   34.2ms | have you seen the astral beings laffey...
[PSYCHOLOGY] | YouTube  | [Normal]     | 96%    |   35.9ms | i got lost listening to him...
[GAMING/SUR] | YouTube  | [Normal]     | 97%    |   73.5ms | was in the middle of a ranked match when...
[MUSIC/CHIL] | YouTube  | [Normal]     | 95%    |   38.6ms | How is your weekend so far @Cata...
[GAMING/SUR] | YouTube  | [Normal]     | 89%    |   38.1ms | woooooooooooah...
[GAMING/SUR] | YouTube  | [Normal]     | 96%    |   36.5ms | lmao...
[GAMING/SUR] | YouTube  | [Normal]     | 94%    |   26.2ms | On the ground...
[GAMING/SUR] | YouTube  | [Normal]     | 95%    |   33.1ms | what is a die-a-ria?...
[GAMING/SUR] | YouTube  | [Normal]     | 93%    |   35.8ms | Southside...
[GAMING/SUR] | YouTube  | [Normal]     | 78%    |   24.6ms | no way...
[GAMING/SUR] | YouTube  | [Normal]     | 96%    |   31.1ms | ITS H20!!!...
[GAMING/SUR] | YouTube  | [Normal]     | 96%    |   32.0ms | H2O and P...
[GAMING/SUR] | YouTube  | [Normal]     | 95%    |   26.6ms | Lmaooo...
[NEWS/LIVE ] | YouTube  | [Normal]     | 94%    |   48.5ms | we're not going back :back_arrow: we're ...
[GAMING/SUR] | YouTube  | [Normal]     | 95%    |   36.0ms | oooo my god h2o...
[NEWS/LIVE ] | YouTube  | [Normal]     | 84%    |   36.7ms | well it's time to stop succeding...
[GAMING/SUR] | YouTube  | [Normal]     | 96%    |   28.6ms | blue...
[GAMING/SUR] | YouTube  | [Normal]     | 94%    |   24.1ms | 10...
[GAMING/ESP] | YouTube  | [Normal]     | 95%    |   28.6ms | :skull:...
[PSYCHOLOGY] | YouTube  | [Normal]     | 78%    |   26.5ms | !sexy...
[GAMING/SUR] | YouTube  | [Normal]     | 96%    |   27.7ms | lmqo...
[PSYCHOLOGY] | YouTube  | [Normal]     | 93%    |   36.6ms | A video on maladaptive daydreaming might...
[PSYCHOLOGY] | YouTube  | [Normal]     | 96%    |   29.0ms | is doc reading the chat...
[GAMING/SUR] | YouTube  | [Normal]     | 97%    |   30.0ms | 1/3 have more spaces...
[GAMING/SUR] | YouTube  | [Normal]     | 45%    |   30.0ms | the wheel is not a good investment...
[GAMING/SUR] | YouTube  | [Normal]     | 96%    |   30.2ms | o7 for the scrap...
[GAMING/SUR] | YouTube  | [Normal]     | 49%    |   30.0ms | Standing at 14 is dumb af...
[GAMING/SUR] | YouTube  | [Normal]     | 82%    |   41.6ms | LMFAAAAAOOOOOOOOOOOOOOOOOOOOOOOOOOOO...
[PSYCHOLOGY] | YouTube  | [Normal]     | 96%    |   32.8ms | guide helped in pick up on cue to keep p...
[GAMING/SUR] | YouTube  | [Normal]     | 95%    |   45.0ms | :rolling_on_the_floor_laughing::rolling_...
[GAMING/SUR] | YouTube  | [Normal]     | 95%    |   24.0ms | hit...
[PSYCHOLOGY] | YouTube  | [Normal]     | 91%    |   32.0ms | it was hard to choose...
[GAMING/SUR] | YouTube  | [Normal]     | 95%    |   25.0ms | good push...
[PSYCHOLOGY] | YouTube  | [Normal]     | 98%    |   42.0ms | there are more surveys? i need to check ...
[GAMING/SUR] | YouTube  | [Normal]     | 97%    |   38.6ms | Brooooo peanut on rust again?! Back to b...
[GAMING/SUR] | YouTube  | [Normal]     | 96%    |   25.0ms | LMAO...
[GAMING/SUR] | YouTube  | [Normal]     | 96%    |   29.1ms | lmao...
[GAMING/SUR] | YouTube  | [Normal]     | 95%    |   31.4ms | Fun’s over lol...
[GAMING/SUR] | YouTube  | [Normal]     | 95%    |   28.6ms | LOLLLL...
[GAMING/SUR] | YouTube  | [Normal]     | 97%    |   36.0ms | someone please clip that from both Peanu...
[PSYCHOLOGY] | YouTube  | [Normal]     | 75%    |   35.2ms | How helpful is this for those who have p...
[GAMING/SUR] | YouTube  | [Normal]     | 97%    |   26.5ms | HARD WORK WORK...
[GAMING/SUR] | YouTube  | [Normal]     | 95%    |   24.0ms | its 1...
[GAMING/SUR] | YouTube  | [Normal]     | 97%    |   57.3ms | :crown::crown: LONG LIVE THE KING PEANUT...
[SPORTS/FOO] | YouTube  | [Normal]     | 82%    |   31.7ms | workd cup matchesdoes this channel broad...
[GAMING/SUR] | YouTube  | [Normal]     | 44%    |   32.2ms | you don’t fold in black jack idiot...
[GAMING/SUR] | YouTube  | [Normal]     | 96%    |   52.6ms | haa:rolling_on_the_floor_laughing::rolli...
[GAMING/SUR] | YouTube  | [Normal]     | 90%    |   28.0ms | Hahahaha...
[GAMING/SUR] | YouTube  | [Normal]     | 53%    |   32.3ms | stop gambling and go build the base wtf...
[MUSIC/CHIL] | YouTube  | [OFFENSIVE]  | 59%    |   36.2ms | ap kaise ho @kavya-c9c1j...
[GAMING/SUR] | YouTube  | [Normal]     | 87%    |   25.0ms | yer working backwards...
[GAMING/SUR] | YouTube  | [Normal]     | 79%    |   34.8ms | gambling away the family fortune...
[MUSIC/CHIL] | YouTube  | [Normal]     | 95%    |   52.0ms | :fountain::backhand_index_pointing_left:...
[MUSIC/CHIL] | YouTube  | [Normal]     | 97%    |   42.1ms | Pyar Kiya tho darna Kya :musical_notes:...
[ENTERTAINM] | YouTube  | [Normal]     | 94%    |   35.1ms | Oh a ad...
[ENTERTAINM] | YouTube  | [Normal]     | 95%    |   39.7ms | ураааа...
[ENTERTAINM] | YouTube  | [Normal]     | 95%    |   37.7ms | wow...
[ENTERTAINM] | YouTube  | [Normal]     | 91%    |   38.8ms | Yooooooooooo...
[ENTERTAINM] | YouTube  | [Normal]     | 82%    |   44.3ms | Yas...
[ENTERTAINM] | YouTube  | [Normal]     | 87%    |   32.1ms | yooow...
[PSYCHOLOGY] | YouTube  | [Normal]     | 91%    |   42.3ms | but what do you mean by explain?...
[GAMING/GAM] | YouTube  | [Normal]     | 95%    |   38.4ms | YAYYYYY JUST IN TIME FOR DINNER...
[ENTERTAINM] | YouTube  | [Normal]     | 93%    |   29.2ms | lolololo...
[ENTERTAINM] | YouTube  | [Normal]     | 95%    |   31.7ms | HELLOOOOO...
[GAMING/SUR] | YouTube  | [Normal]     | 87%    |   33.6ms | no music...
[GAMING/SUR] | YouTube  | [OFFENSIVE]  | 52%    |   27.8ms | oh shit...
[ENTERTAINM] | YouTube  | [Normal]     | 87%    |   27.2ms | UNFOL gues...
[MUSIC/CHIL] | YouTube  | [Normal]     | 97%    |   35.0ms | seren sare:smiling_face_with_tear:...
[ENTERTAINM] | YouTube  | [Normal]     | 97%    |   34.1ms | :smiling_face_with_heart_eyes:...
[ENTERTAINM] | YouTube  | [Normal]     | 97%    |   29.0ms | Love from New Zealand...
[GAMING/GAM] | YouTube  | [Normal]     | 97%    |   25.7ms | GREETINGS...
[SELF-HELP/] | YouTube  | [Normal]     | 44%    |   32.0ms | is the hate coming from outside or insid...
[MUSIC/CHIL] | YouTube  | [Normal]     | 95%    |   33.3ms | Good:cigarette::face_exhaling:...
[SELF-HELP/] | YouTube  | [Normal]     | 57%    |   29.0ms | Hate is ego...
[ENTERTAINM] | YouTube  | [Normal]     | 90%    |   27.6ms | yoooooo...
[ENTERTAINM] | YouTube  | [Normal]     | 65%    |   40.2ms | mr beast if ur channel was stocks i woul...
[PSYCHOLOGY] | YouTube  | [Normal]     | 94%    |   32.6ms | jung takover 21st century...
[GAMING/GAM] | YouTube  | [Normal]     | 96%    |   27.1ms | Hi Mark...
[ENTERTAINM] | YouTube  | [Normal]     | 97%    |   26.6ms | Faaaaa...
[MUSIC/CHIL] | YouTube  | [Normal]     | 95%    |   41.0ms | Vsannu ninnu kottina aa kukkani kottina ...
[PSYCHOLOGY] | YouTube  | [Normal]     | 94%    |   28.1ms | no not really...
[GAMING/GAM] | YouTube  | [Normal]     | 97%    |   48.9ms | Good afternoon Love your content  been w...
[GAMING/GAM] | YouTube  | [Normal]     | 96%    |   55.8ms | :_markiYAY::_markiLOVE::_markiYAY::_mark...
[PSYCHOLOGY] | YouTube  | [Normal]     | 96%    |   28.0ms | nope only from the atlus game...
[ENTERTAINM] | YouTube  | [Normal]     | 92%    |   24.9ms | yeah...
[GAMING/GAM] | YouTube  | [OFFENSIVE]  | 78%    |   25.1ms | Hell yeah!!...
[ENTERTAINM] | YouTube  | [Normal]     | 96%    |   32.2ms | I want help br beast I am an Indian...
[MUSIC/CHIL] | YouTube  | [Normal]     | 95%    |   37.2ms | shish Singh me badhiya hu tum batao...
[GAMING/GAM] | YouTube  | [Normal]     | 97%    |   31.0ms | we love you mark!...
[ENTERTAINM] | YouTube  | [Normal]     | 95%    |   24.5ms | so good...
[ENTERTAINM] | YouTube  | [Normal]     | 93%    |   42.3ms | Deam...
[ENTERTAINM] | YouTube  | [Normal]     | 95%    |   33.8ms | give me only one ipad please sir...
[SELF-HELP/] | YouTube  | [Normal]     | 92%    |   27.0ms | yo smash?...
[GAMING/GAM] | YouTube  | [Normal]     | 97%    |   32.7ms | best horror movie i've seen in a while...
[GAMING/GAM] | YouTube  | [Normal]     | 97%    |   32.0ms | I loved the movie <3...
[GAMING/GAM] | YouTube  | [Normal]     | 97%    |   36.5ms | Loved the movie! Great job! :clapping_ha...
[NEWS/LIVE ] | YouTube  | [Normal]     | 96%    |   32.0ms | ...by the wolves :lion:...
[GAMING/GAM] | YouTube  | [Normal]     | 96%    |   31.8ms | :_markiHEART:...
[GAMING/GAM] | YouTube  | [Normal]     | 89%    |   33.3ms | YAY IRON LUNG!!!!!...
[GAMING/GAM] | YouTube  | [Normal]     | 96%    |   27.0ms | YEAAA...
[ENTERTAINM] | YouTube  | [Normal]     | 97%    |   38.3ms | can i have a job?...
[MUSIC/CHIL] | YouTube  | [Normal]     | 97%    |   52.4ms | kavya me to daily aata hu tum notice n k...
[GAMING/GAM] | YouTube  | [Normal]     | 93%    |   26.8ms | LIGHT HOUSE!!...
[ENTERTAINM] | YouTube  | [Normal]     | 94%    |   30.5ms | hi...
[ENTERTAINM] | YouTube  | [Normal]     | 94%    |   30.6ms | Hi...
[PSYCHOLOGY] | YouTube  | [Normal]     | 96%    |   27.0ms | samskaras...
[ENTERTAINM] | YouTube  | [Normal]     | 94%    |   26.4ms | Rest...
[GAMING/GAM] | YouTube  | [Normal]     | 95%    |   55.0ms | Have you ever played Outer Wilds? seems ...
[GAMING/GAM] | YouTube  | [Normal]     | 95%    |   43.3ms | im currently driving (red light) home fr...
[ENTERTAINM] | YouTube  | [Normal]     | 78%    |   39.1ms | GG! you should get new special button...
[ENTERTAINM] | YouTube  | [Normal]     | 92%    |   32.7ms | from videos to milliones!...
[GAMING/GAM] | YouTube  | [Normal]     | 95%    |   27.0ms | Airplane...
[PSYCHOLOGY] | YouTube  | [Normal]     | 93%    |   28.8ms | TRUTH!!!...
[ENTERTAINM] | YouTube  | [Normal]     | 97%    |   49.0ms | :red_heart::red_heart::red_heart::red_he...
[GAMING/SUR] | YouTube  | [Normal]     | 97%    |   28.2ms | That billboard was :fire:...
[GAMING/GAM] | YouTube  | [Normal]     | 72%    |   28.0ms | AIRPLANE IS TOO EASY...
[GAMING/GAM] | YouTube  | [Normal]     | 96%    |   28.5ms | lighthouse sounds like a cool one...
[GAMING/GAM] | YouTube  | [Normal]     | 98%    |   44.2ms | AIRPLANE:face-blue-smiling::face-blue-sm...
[ENTERTAINM] | YouTube  | [OFFENSIVE]  | 67%    |   30.6ms | Congratssssss mr beasttt...
[GAMING/GAM] | YouTube  | [Normal]     | 94%    |   27.9ms | fashion...
[GAMING/GAM] | YouTube  | [Normal]     | 94%    |   36.5ms | Saw Iron Lung Yesterday and was absolute...
[ENTERTAINM] | YouTube  | [Normal]     | 94%    |   42.8ms | 한국인이다...
[GAMING/GAM] | YouTube  | [Normal]     | 97%    |   37.6ms | Markiplier fell down the stairs and star...
[ENTERTAINM] | YouTube  | [Normal]     | 94%    |   23.2ms | hi...
[ENTERTAINM] | YouTube  | [Normal]     | 97%    |   27.1ms | I FROM INDONESIA...
[MUSIC/CHIL] | YouTube  | [Normal]     | 93%    |   35.0ms | @GTALife--872...
[ENTERTAINM] | YouTube  | [Normal]     | 92%    |   25.4ms | Mr beats...
[GAMING/GAM] | YouTube  | [Normal]     | 91%    |   24.1ms | PORTUGAL...
[ENTERTAINM] | YouTube  | [Normal]     | 90%    |   25.7ms | Yoooooo...
[GAMING/GAM] | YouTube  | [Normal]     | 93%    |   33.7ms | Mark  I walked away from Iron Lung psych...
[GAMING/SUR] | YouTube  | [Normal]     | 93%    |   31.0ms | Expect to lose next so bet small...
[GAMING/SUR] | YouTube  | [Normal]     | 95%    |   30.8ms | why didnt dealer draw on 18...
[GAMING/GAM] | YouTube  | [Normal]     | 96%    |   28.2ms | This is my first Iive!...
[ENTERTAINM] | YouTube  | [Normal]     | 96%    |   31.0ms | please reply me frome Bangladesh...
[GAMING/SUR] | YouTube  | [Normal]     | 97%    |   25.6ms | stand on 12 ?...
[GAMING/SUR] | YouTube  | [Normal]     | 96%    |   31.0ms | It’s high cards now...
[GAMING/SUR] | YouTube  | [Normal]     | 90%    |   25.7ms | no problem...
[ENTERTAINM] | YouTube  | [Normal]     | 94%    |   25.2ms | 1...
[ENTERTAINM] | YouTube  | [Normal]     | 89%    |   47.2ms | YOOOOOOOOOOOO...
[ENTERTAINM] | YouTube  | [Normal]     | 94%    |   28.0ms | 2...
[ENTERTAINM] | YouTube  | [Normal]     | 94%    |   27.2ms | 1...
[GAMING/GAM] | YouTube  | [Normal]     | 86%    |   32.4ms | Airplane is really boring guys...
[GAMING/SUR] | YouTube  | [Normal]     | 89%    |   30.8ms | noooooo...
[GAMING/SUR] | YouTube  | [Normal]     | 91%    |   40.8ms | Split...
[GAMING/SUR] | YouTube  | [Normal]     | 87%    |   26.1ms | No...
[GAMING/SUR] | YouTube  | [Normal]     | 90%    |   28.8ms | stick...
[MUSIC/CHIL] | YouTube  | [Normal]     | 87%    |   25.6ms | deepzz hey...
[GAMING/GAM] | YouTube  | [Normal]     | 97%    |   26.0ms | Welcome to Member!...
[GAMING/GAM] | YouTube  | [Normal]     | 97%    |   35.0ms | airplane!!!!!!!!...
[MUSIC/CHIL] | YouTube  | [Normal]     | 96%    |   38.1ms | fred no I haven't seen her in  I think  ...
[GAMING/GAM] | YouTube  | [Normal]     | 93%    |   30.3ms | JUST SAW IRON LUNG WEDNESDAY IT WAS AMAZ...
[GAMING/GAM] | YouTube  | [Normal]     | 88%    |   47.7ms | I have a friend in Mexico who wants to s...
[GAMING/SUR] | YouTube  | [Normal]     | 97%    |   58.4ms | After this win be done lol...
[GAMING/GAM] | YouTube  | [Normal]     | 94%    |   29.7ms | hi...
[GAMING/GAM] | YouTube  | [Normal]     | 92%    |   39.2ms | I JUST SAW IRON LUNG AGAIN YAY YAY YAY...
[GAMING/GAM] | YouTube  | [Normal]     | 97%    |   48.2ms | I heard it fine :beaming_face_with_smili...
[GAMING/GAM] | YouTube  | [Normal]     | 95%    |   27.0ms | interesting...
[GAMING/SUR] | YouTube  | [Normal]     | 93%    |   25.6ms | Max bet...
[ENTERTAINM] | YouTube  | [OFFENSIVE]  | 50%    |   38.5ms | 500m Let's gooooo!!!...
[GAMING/GAM] | YouTube  | [Normal]     | 96%    |   38.9ms | First...
[GAMING/GAM] | YouTube  | [Normal]     | 97%    |   35.3ms | Woooooooo:hand-pink-waving:...
[GAMING/GAM] | YouTube  | [Normal]     | 96%    |   70.4ms | Hey Mark… I really really needed one of ...
[GAMING/SUR] | YouTube  | [Normal]     | 95%    |   38.1ms | :washhands::washhands::washhands:...
[GAMING/SUR] | YouTube  | [Normal]     | 97%    |   36.0ms | 1/3 of total every bet.. always split 10...
[SPORTS/FOO] | YouTube  | [Normal]     | 94%    |   28.8ms | Japan will win...
[GAMING/GAM] | YouTube  | [Normal]     | 98%    |   29.0ms | i had atmos!...
[ENTERTAINM] | YouTube  | [Normal]     | 96%    |   27.0ms | Going to Area 51...
[GAMING/SUR] | YouTube  | [Normal]     | 95%    |   24.6ms | hit...
[GAMING/SUR] | YouTube  | [Normal]     | 96%    |   33.6ms | HYUGE :kissing_face:...
[GAMING/GAM] | YouTube  | [Normal]     | 97%    |   31.0ms | hi mark :red_heart:...
[GAMING/GAM] | YouTube  | [Normal]     | 97%    |   40.6ms | Audio was fine in the theatre I went to ...
[GAMING/GAM] | YouTube  | [Normal]     | 95%    |   33.5ms | Mr.Lung had a YouTube Channel?...
[GAMING/SUR] | YouTube  | [Normal]     | 97%    |   43.0ms | PEANUT PLAY YOUR INTRO! Astro :fire::fir...
[GAMING/GAM] | YouTube  | [Normal]     | 97%    |   47.3ms | Saw the movie  was the only one in the t...
[GAMING/GAM] | YouTube  | [Normal]     | 95%    |   35.7ms | Mark isn't reading out messages. :(...
[ENTERTAINM] | YouTube  | [Normal]     | 96%    |  116.8ms | :yt::yt::yt::yt::yt::yt::yt::yt::yt::yt:...
[GAMING/GAM] | YouTube  | [Normal]     | 96%    |   39.6ms | the theater i went to had the 7...
[GAMING/GAM] | YouTube  | [Normal]     | 93%    |   71.1ms | Hey Mark just saw iron lung and i want t...
[MUSIC/CHIL] | YouTube  | [Normal]     | 96%    |   39.0ms | lol...
[ENTERTAINM] | YouTube  | [Normal]     | 96%    |   33.2ms | привет друн...
[SELF-HELP/] | YouTube  | [Normal]     | 72%    |   57.0ms | He's right. Consider being insulted in a...
[NEWS/LIVE ] | YouTube  | [Normal]     | 83%    |   31.9ms | no thats called tyranny...
[GAMING/SUR] | YouTube  | [Normal]     | 97%    |   38.1ms | :face-green-smiling::face-green-smiling:...
[ENTERTAINM] | YouTube  | [Normal]     | 96%    |   39.9ms | I'm from India hello I'm new in YouTube...
[GAMING/GAM] | YouTube  | [Normal]     | 97%    |   31.6ms | Did you set a timer for the poll?...
[PSYCHOLOGY] | YouTube  | [Normal]     | 96%    |   30.4ms | balance in all things...
[GAMING/GAM] | YouTube  | [Normal]     | 94%    |   28.0ms | AIRPLANE AIRPLANE...
[GAMING/GAM] | YouTube  | [Normal]     | 91%    |   34.4ms | IS IRON LING STILL IN THEATERS ??!?...
[ENTERTAINM] | YouTube  | [Normal]     | 94%    |   32.0ms | Hi...
[GAMING/GAM] | YouTube  | [Normal]     | 94%    |   30.0ms | hi dude...
[GAMING/GAM] | YouTube  | [Normal]     | 91%    |   40.8ms | If I was able to watch Iron Lung for the...
[ENTERTAINM] | YouTube  | [Normal]     | 97%    |   41.6ms | harás un vídeo celebrando tus 500millone...
[GAMING/SUR] | YouTube  | [Normal]     | 97%    |   28.0ms | Lend peanut 500 scrap...
[ENTERTAINM] | YouTube  | [Normal]     | 97%    |   28.2ms | i am from brasil...
[GAMING/GAM] | YouTube  | [Normal]     | 92%    |   30.7ms | Lighthouse for iron lung...
[ENTERTAINM] | YouTube  | [Normal]     | 98%    |   58.2ms | :stopwatch-blue-hand-timer::yt::yt::yt::...
[GAMING/GAM] | YouTube  | [Normal]     | 94%    |   33.8ms | partyfoulval take it back...
[GAMING/GAM] | YouTube  | [Normal]     | 94%    |   31.2ms | Airplaneeeeee...
[GAMING/SUR] | YouTube  | [Normal]     | 78%    |   50.9ms | Get Ninirust to finish your base. she is...
[GAMING/SUR] | YouTube  | [Normal]     | 96%    |   50.6ms | sooo much...
[ENTERTAINM] | YouTube  | [Normal]     | 94%    |   26.6ms | hi...
[GAMING/SUR] | YouTube  | [Normal]     | 56%    |   25.7ms | let him coook...
[GAMING/SUR] | YouTube  | [Normal]     | 84%    |   25.2ms | rigged...
[ENTERTAINM] | YouTube  | [Normal]     | 94%    |   31.8ms | congretchulation bro...
[GAMING/SUR] | YouTube  | [Normal]     | 67%    |   30.7ms | Gingy going to be pissed...
[GAMING/GAM] | YouTube  | [Normal]     | 96%    |   30.5ms | mark its observation not obversation...
[ENTERTAINM] | YouTube  | [Normal]     | 87%    |   24.1ms | raid...
[GAMING/GAM] | YouTube  | [Normal]     | 59%    |   34.8ms | At least they put you in Guam...
[GAMING/GAM] | YouTube  | [Normal]     | 76%    |   38.1ms | #NO.1 let's gooooooooooooooc...
[ENTERTAINM] | YouTube  | [Normal]     | 97%    |  169.4ms | invite me in live stream :folded_hands::...
[ENTERTAINM] | YouTube  | [Normal]     | 97%    |   34.6ms | I am from Brazil...
[ENTERTAINM] | YouTube  | [Normal]     | 97%    |   36.7ms | hello :waving_hand::hugging_face:...
[GAMING/GAM] | YouTube  | [Normal]     | 96%    |   32.5ms | The movie was so cool...
[ENTERTAINM] | YouTube  | [Normal]     | 92%    |   39.0ms | but you hit 13Million views...
[ENTERTAINM] | YouTube  | [Normal]     | 97%    |   52.2ms | I watch you 5 years please see that plea...
[GAMING/GAM] | YouTube  | [Normal]     | 87%    |   33.1ms | LOCK IN...
[GAMING/GAM] | YouTube  | [Normal]     | 96%    |   32.0ms | :_markiJIM:...
[ENTERTAINM] | YouTube  | [Normal]     | 93%    |   32.9ms | ༼ つ ◕_◕ ༽つ...
[GAMING/GAM] | YouTube  | [Normal]     | 94%    |   31.5ms | YAAAAYYYYY...
[GAMING/GAM] | YouTube  | [Normal]     | 98%    |   30.2ms | Airplane. :airplane: second tower...
[GAMING/GAM] | YouTube  | [Normal]     | 93%    |   28.8ms | Distractable herm merch...
[GAMING/GAM] | YouTube  | [Normal]     | 94%    |   25.0ms | The OCEAN...
[GAMING/GAM] | YouTube  | [Normal]     | 95%    |   40.5ms | I love your moive!...
[GAMING/GAM] | YouTube  | [Normal]     | 91%    |   24.3ms | the fog...
[GAMING/GAM] | YouTube  | [Normal]     | 95%    |   41.1ms | everyone at my local theater on Iron Lun...
[SELF-HELP/] | YouTube  | [HATE]       | 41%    |   30.0ms | because they're not trying in life...
[GAMING/SUR] | YouTube  | [Normal]     | 94%    |   38.5ms | Lost...
[SELF-HELP/] | YouTube  | [Normal]     | 62%    |   35.4ms | They tried once and it hurt them so now ...
[NEWS/LIVE ] | YouTube  | [Normal]     | 97%    |   34.6ms | Administration full of criminals demandi...
[GAMING/GAM] | YouTube  | [Normal]     | 92%    |  133.6ms | :virtualhug::virtualhug::virtualhug::vir...
[ENTERTAINM] | YouTube  | [Normal]     | 95%    |   28.1ms | hii...
[GAMING/SUR] | YouTube  | [Normal]     | 94%    |   33.8ms | No way h20 is playing lmao...
[ENTERTAINM] | YouTube  | [Normal]     | 93%    |   38.7ms | アメリカは何時ですか...
[MUSIC/CHIL] | YouTube  | [Normal]     | 97%    |   82.2ms | with my soul you play   with my heart yo...
[GAMING/GAM] | YouTube  | [Normal]     | 95%    |   32.0ms | I watched Iron lung it's really good...
[GAMING/GAM] | YouTube  | [Normal]     | 79%    |   45.8ms | I can't see it because it's rated r and ...
[SELF-HELP/] | YouTube  | [Normal]     | 37%    |   32.5ms | It makes them feel like they are not doi...
[ENTERTAINM] | YouTube  | [Normal]     | 94%    |   33.5ms | hi...
[GAMING/SUR] | YouTube  | [Normal]     | 95%    |   36.0ms | Happy Happy Happy...
[GAMING/SUR] | YouTube  | [Normal]     | 98%    |   32.1ms | BLUE BLUE...
[ENTERTAINM] | YouTube  | [Normal]     | 94%    |   24.3ms | hi...
[GAMING/GAM] | YouTube  | [Normal]     | 93%    |   25.9ms | meow...
[ENTERTAINM] | YouTube  | [Normal]     | 95%    |   33.0ms | give me ps5 from india...
[ENTERTAINM] | YouTube  | [Normal]     | 93%    |   28.0ms | W stream...
[PSYCHOLOGY] | YouTube  | [Normal]     | 93%    |   25.5ms | YEP...
[ENTERTAINM] | YouTube  | [Normal]     | 96%    |   29.1ms | give me 10000 dollars...
[ENTERTAINM] | YouTube  | [Normal]     | 97%    |   42.7ms | where's cookie...
[GAMING/SUR] | YouTube  | [Normal]     | 96%    |   52.5ms | LMAO...
[GAMING/SUR] | YouTube  | [OFFENSIVE]  | 55%    |   32.3ms | HOLY HELL HE SUCKS...
[GAMING/GAM] | YouTube  | [Normal]     | 91%    |   41.2ms | lol the title says Obversation Duty that...
[GAMING/GAM] | YouTube  | [Normal]     | 96%    |   33.6ms | save the cheese...
[GAMING/SUR] | YouTube  | [Normal]     | 84%    |   43.5ms | dont worry the come up is coming back ri...
[ENTERTAINM] | YouTube  | [Normal]     | 96%    |   25.5ms | اا...
[GAMING/GAM] | YouTube  | [Normal]     | 98%    |   34.6ms | Mark my words... Markiplier...
[GAMING/SUR] | YouTube  | [Normal]     | 98%    |   29.6ms | first purple box 1k in it...
[GAMING/GAM] | YouTube  | [Normal]     | 90%    |   27.5ms | 草...
[GAMING/GAM] | YouTube  | [Normal]     | 91%    |   28.1ms | GO BACK SOMETHING MOVED...
[GAMING/SUR] | YouTube  | [Normal]     | 96%    |   25.0ms | lol...
[ENTERTAINM] | YouTube  | [Normal]     | 97%    |   25.4ms | Welcome New Member!...
[MUSIC/CHIL] | YouTube  | [Normal]     | 97%    |   39.8ms | :woman_getting_massage::musical_notes:...
[ENTERTAINM] | YouTube  | [Normal]     | 92%    |   31.3ms | meeeeeeeeeeeeee...
[GAMING/SUR] | YouTube  | [Normal]     | 97%    |  111.8ms | :face_with_tears_of_joy::face_with_tears...
[GAMING/SUR] | YouTube  | [Normal]     | 86%    |   29.0ms | ITS SO RIGGED...
[GAMING/SUR] | YouTube  | [Normal]     | 97%    |   57.7ms | :face_with_tears_of_joy::face_with_tears...
[GAMING/GAM] | YouTube  | [Normal]     | 96%    |   30.0ms | BEST GAME TO FILM ADAPTATION TO DATE...
[GAMING/GAM] | YouTube  | [Normal]     | 54%    |   32.4ms | OBVERSALLY THE TITLE IS FUCKED UP...
[GAMING/GAM] | YouTube  | [Normal]     | 94%    |   26.1ms | TYPO...
[GAMING/GAM] | YouTube  | [Normal]     | 96%    |   32.0ms | I love obversing...
[GAMING/GAM] | YouTube  | [Normal]     | 92%    |   35.1ms | We got a misspelling anomaly in the titl...
[GAMING/GAM] | YouTube  | [Normal]     | 97%    |   34.0ms | Report: Typo anomaly in the title....
[ENTERTAINM] | YouTube  | [Normal]     | 97%    |   53.5ms | :face-purple-crying::face-purple-crying:...
[GAMING/GAM] | YouTube  | [Normal]     | 96%    |   29.7ms | im on onversation duty...
[ENTERTAINM] | YouTube  | [Normal]     | 91%    |   27.0ms | me...
[ENTERTAINM] | YouTube  | [Normal]     | 94%    |   35.0ms | Mr Beast Let you have not 500 million su...
[ENTERTAINM] | YouTube  | [Normal]     | 97%    |  133.9ms | Mr beast I'm your biggest fan :beating_h...
[GAMING/GAM] | YouTube  | [Normal]     | 90%    |   29.6ms | HAHAHAAHHAHAHA...
[GAMING/GAM] | YouTube  | [Normal]     | 95%    |   31.0ms | obversation...
[MUSIC/CHIL] | YouTube  | [Normal]     | 97%    |   35.5ms | cricket ground kaa pothunvaaa tv lo kdhu...
[GAMING/GAM] | YouTube  | [Normal]     | 96%    |   26.8ms | lol...
[MUSIC/CHIL] | YouTube  | [Normal]     | 96%    |   34.7ms | m dusro ka bhala hee sochti hu...
[ENTERTAINM] | YouTube  | [Normal]     | 95%    |   26.0ms | yay...
[GAMING/SUR] | YouTube  | [Normal]     | 95%    |   26.5ms | so good...
[GAMING/GAM] | YouTube  | [Normal]     | 95%    |   33.2ms | Please try Max Payne 3 multiplayer...
[GAMING/GAM] | YouTube  | [Normal]     | 92%    |   31.6ms | I like to Obversate as well...
[GAMING/SUR] | YouTube  | [Normal]     | 97%    |   25.0ms | gold gold gold...
[GAMING/SUR] | YouTube  | [Normal]     | 94%    |   25.2ms | 3...
[ENTERTAINM] | YouTube  | [Normal]     | 97%    |   56.1ms | what if you hit 500 millions  will you g...
[GAMING/GAM] | YouTube  | [Normal]     | 97%    |   52.5ms | Omg I just noticed the typo :face_with_t...
[ENTERTAINM] | YouTube  | [Normal]     | 92%    |   28.8ms | shout out Mr beast please...
[GAMING/GAM] | YouTube  | [Normal]     | 88%    |   46.5ms | love a good misspellling Always make the...
[MUSIC/CHIL] | YouTube  | [Normal]     | 95%    |   31.0ms | :sleeping_face:...
[GAMING/GAM] | YouTube  | [Normal]     | 83%    |   44.1ms | i can’t wait to watch iron lung in theat...
[GAMING/GAM] | YouTube  | [Normal]     | 95%    |   42.4ms | I'm obversing this live rn...
[SELF-HELP/] | YouTube  | [Normal]     | 63%    |   35.6ms | i disagree influencers are not human...
[GAMING/GAM] | YouTube  | [Normal]     | 96%    |   36.9ms | Time for me to sleep...
[GAMING/GAM] | YouTube  | [Normal]     | 98%    |   41.3ms | extra mouse traps in basement?...
[GAMING/SUR] | YouTube  | [Normal]     | 95%    |   31.6ms | Scrappers lives matter...
[ENTERTAINM] | YouTube  | [Normal]     | 96%    |   37.0ms | :sign_of_the_horns::victory_hand:...
[ENTERTAINM] | YouTube  | [Normal]     | 96%    |   40.2ms | Indiaaaaaaaaaaaaaaaaaaaa...
[GAMING/GAM] | YouTube  | [Normal]     | 96%    |   32.2ms | When is the next sprunki video mark...
[GAMING/GAM] | YouTube  | [Normal]     | 97%    |   30.0ms | Next movie idea? observation duty mm...
[GAMING/GAM] | YouTube  | [Normal]     | 91%    |   61.1ms | this is the first time i made it to a st...
[GAMING/GAM] | YouTube  | [Normal]     | 97%    |   30.7ms | observation duty movie by markiplier whe...
[GAMING/SUR] | YouTube  | [Normal]     | 96%    |   31.7ms | Still 1000 scarp in base...
[GAMING/GAM] | YouTube  | [Normal]     | 93%    |   27.6ms | YES...
[GAMING/SUR] | YouTube  | [Normal]     | 95%    |   38.0ms | hutch is just strolling around with 4k m...
[GAMING/GAM] | YouTube  | [Normal]     | 96%    |   26.7ms | light on beach...
[PSYCHOLOGY] | YouTube  | [Normal]     | 97%    |   34.6ms | narcissist?...
[ENTERTAINM] | YouTube  | [Normal]     | 94%    |   22.4ms | 5...
[ENTERTAINM] | YouTube  | [Normal]     | 94%    |   42.0ms | 5...
[ENTERTAINM] | YouTube  | [Normal]     | 94%    |   30.0ms | 5...
[ENTERTAINM] | YouTube  | [Normal]     | 95%    |   22.9ms | 129...
[GAMING/GAM] | YouTube  | [Normal]     | 96%    |   27.0ms | STAIRS???...
[GAMING/GAM] | YouTube  | [Normal]     | 92%    |   33.7ms | MARK THE STAIRS ARE UNDULATING...
[GAMING/GAM] | YouTube  | [Normal]     | 95%    |   28.0ms | BASEMENT STAIRS MOVING...
[MUSIC/CHIL] | YouTube  | [Normal]     | 98%    |   56.9ms | :helicopter::roll_of_paper::roll_of_pape...
[GAMING/GAM] | YouTube  | [Normal]     | 86%    |   26.1ms | the bed!...
[ENTERTAINM] | YouTube  | [Normal]     | 89%    |   42.8ms | :ok_hand::ok_hand::ok_hand:...
[GAMING/GAM] | YouTube  | [Normal]     | 94%    |   36.1ms | No way the number one director missed th...
[ENTERTAINM] | YouTube  | [Normal]     | 98%    |   34.3ms | :rock: :scroll: :scissors:...
[NEWS/LIVE ] | YouTube  | [Normal]     | 94%    |   34.0ms | Don’t cry for me Argentina :musical_note...
[GAMING/GAM] | YouTube  | [Normal]     | 95%    |   23.5ms | wow...
[ENTERTAINM] | YouTube  | [Normal]     | 96%    |   44.9ms | today will go down in history is being t...
[GAMING/GAM] | YouTube  | [Normal]     | 56%    |   35.2ms | MARK IM ABOUT TO GO SEE IORN LUNG YOU BE...
[ENTERTAINM] | YouTube  | [Normal]     | 94%    |   25.7ms | hi...
[GAMING/GAM] | YouTube  | [Normal]     | 97%    |   25.0ms | LANTERN MOVEMENT INTERIOR...
[GAMING/GAM] | YouTube  | [Normal]     | 93%    |   37.0ms | hey Mark are you gonna play White Knuckl...
[GAMING/GAM] | YouTube  | [Normal]     | 95%    |   66.4ms | HI MARKKKK CONGRATS ON YOUR MOVIE!!!!!!!...
[ENTERTAINM] | YouTube  | [Normal]     | 94%    |   29.6ms | hi...
[GAMING/GAM] | YouTube  | [Normal]     | 95%    |   32.3ms | Absolute Cinema...
[GAMING/GAM] | YouTube  | [Normal]     | 97%    |   48.9ms | OIL LAMP MOVED OIL LAMP MOVED OIL LAMP M...
[ENTERTAINM] | YouTube  | [Normal]     | 90%    |   25.2ms | 𝚑𝚘𝚕𝚊...
[GAMING/GAM] | YouTube  | [Normal]     | 96%    |   53.1ms | My 9 month old is captivated by your voi...
[GAMING/GAM] | YouTube  | [Normal]     | 91%    |   37.9ms | if we all scream about the same issue we...
[ENTERTAINM] | YouTube  | [Normal]     | 93%    |   23.2ms | yes...
[GAMING/GAM] | YouTube  | [OFFENSIVE]  | 56%    |   40.0ms | BBBEEEEEDDDDDDDDDDDDDDDDD...
[GAMING/GAM] | YouTube  | [Normal]     | 96%    |   25.1ms | Bench....
[ENTERTAINM] | YouTube  | [Normal]     | 91%    |   25.6ms | PAKISTAN...
[GAMING/GAM] | YouTube  | [Normal]     | 97%    |   35.4ms | Marker plier look at the bed...
[GAMING/GAM] | YouTube  | [Normal]     | 94%    |   28.8ms | MARKKK...
[ENTERTAINM] | YouTube  | [Normal]     | 93%    |   33.7ms | Mr Beast Can you give 100$ pls...
[MUSIC/CHIL] | YouTube  | [Normal]     | 98%    |   31.2ms | bye:washhands:...
[GAMING/GAM] | YouTube  | [Normal]     | 87%    |   26.7ms | THE BED MISTER...
[GAMING/GAM] | YouTube  | [Normal]     | 94%    |   31.0ms | Hi...
[GAMING/SUR] | YouTube  | [Normal]     | 96%    |   40.3ms | MTNBAY 11% VOODOO RANGER G FORCE IS BETT...
[GAMING/GAM] | YouTube  | [Normal]     | 97%    |   35.0ms | FUSE BOX!!!!...
[ENTERTAINM] | YouTube  | [Normal]     | 94%    |   22.9ms | hi...
[GAMING/GAM] | YouTube  | [Normal]     | 87%    |   31.6ms | There's something strange  in your neigh...
[NEWS/LIVE ] | YouTube  | [Normal]     | 86%    |   40.6ms | Argentina por favor jogue o melhor futeb...
[PSYCHOLOGY] | YouTube  | [Normal]     | 92%    |   44.5ms | what should i do if my therapist tells m...
[GAMING/SUR] | YouTube  | [Normal]     | 94%    |   27.6ms | 12...
[MUSIC/CHIL] | YouTube  | [Normal]     | 96%    |   52.6ms | :eyes-purple-crying:yehh I'd tumari shot...
[ENTERTAINM] | YouTube  | [Normal]     | 90%    |   73.7ms | :stayhome::stayhome::stayhome::stayhome:...
[GAMING/GAM] | YouTube  | [Normal]     | 86%    |   27.2ms | heck yeah...
[GAMING/GAM] | YouTube  | [Normal]     | 90%    |   35.2ms | LIGHT HOUSE...
[GAMING/GAM] | YouTube  | [Normal]     | 94%    |   31.5ms | The stairwell fence moved...
[ENTERTAINM] | YouTube  | [Normal]     | 94%    |   25.3ms | 1...
[ENTERTAINM] | YouTube  | [Normal]     | 94%    |   31.0ms | 1...
[GAMING/GAM] | YouTube  | [Normal]     | 96%    |   25.0ms | Cheese!...
[MUSIC/CHIL] | YouTube  | [Normal]     | 96%    |   23.0ms | rey...
[GAMING/GAM] | YouTube  | [Normal]     | 95%    |   25.4ms | yay...
[GAMING/SUR] | YouTube  | [Normal]     | 93%    |   25.0ms | go higher...
[GAMING/SUR] | YouTube  | [Normal]     | 87%    |   25.2ms | No...
[ENTERTAINM] | YouTube  | [Normal]     | 94%    |   26.1ms | 6...
[GAMING/GAM] | YouTube  | [Normal]     | 96%    |   43.0ms | CONGRATS ON THE MOVIE BRO!!!!!! :clapper...
[ENTERTAINM] | YouTube  | [Normal]     | 95%    |   26.6ms | 1111111...
[ENTERTAINM] | YouTube  | [Normal]     | 94%    |   26.0ms | 1...
[ENTERTAINM] | YouTube  | [Normal]     | 94%    |   29.6ms | 1...
[ENTERTAINM] | YouTube  | [Normal]     | 93%    |   24.7ms | omg...
[GAMING/GAM] | YouTube  | [Normal]     | 93%    |   26.5ms | extra railing...
[GAMING/SUR] | YouTube  | [Normal]     | 85%    |   29.2ms | nooooo...
[PSYCHOLOGY] | YouTube  | [Normal]     | 96%    |   31.5ms | What about the future?...
[GAMING/SUR] | YouTube  | [Normal]     | 93%    |   34.0ms | it doesnt matter...
[GAMING/GAM] | YouTube  | [Normal]     | 86%    |   27.1ms | KERFUKLED...
[GAMING/GAM] | YouTube  | [Normal]     | 95%    |   36.2ms | I’m working and my extra duty is observi...
[GAMING/GAM] | YouTube  | [Normal]     | 97%    |   30.1ms | Interior lantern...
[GAMING/SUR] | YouTube  | [Normal]     | 91%    |   26.4ms | Wait oh god...
[ENTERTAINM] | YouTube  | [Normal]     | 95%    |   42.3ms | please shout-out mr beast bro...
[ENTERTAINM] | YouTube  | [Normal]     | 94%    |   47.8ms | यह तो पागलपन है mrbeast...
[ENTERTAINM] | YouTube  | [Normal]     | 86%    |   31.3ms | call Pewdiepie...
[ENTERTAINM] | YouTube  | [Normal]     | 97%    |   33.4ms | i love Mr Best...
[ENTERTAINM] | YouTube  | [Normal]     | 97%    |   42.2ms | I am a sponsor...
[ENTERTAINM] | YouTube  | [Normal]     | 96%    |   32.2ms | love u from Bangladesh...
[GAMING/GAM] | YouTube  | [Normal]     | 96%    |   43.3ms | so far it seems like there aren't any ai...
[GAMING/GAM] | YouTube  | [Normal]     | 97%    |   35.8ms | IRON LUNG WAS AMAZING!!!!!...
[GAMING/SUR] | YouTube  | [Normal]     | 73%    |   33.0ms | doesn't matter wh8ch way...
[GAMING/GAM] | YouTube  | [Normal]     | 93%    |   25.6ms | F...
[GAMING/SUR] | YouTube  | [Normal]     | 85%    |   24.0ms | lies...
[GAMING/GAM] | YouTube  | [Normal]     | 96%    |   34.0ms | so mark when are we getting the observat...
[GAMING/GAM] | YouTube  | [Normal]     | 88%    |   25.4ms | ocean madness...
[ENTERTAINM] | YouTube  | [Normal]     | 94%    |   31.4ms | 1...
[GAMING/GAM] | YouTube  | [Normal]     | 96%    |   32.6ms | conversation duty...
[ENTERTAINM] | YouTube  | [Normal]     | 96%    |   46.5ms | 500 mln!!!...
[GAMING/GAM] | YouTube  | [Normal]     | 95%    |   39.6ms | as a librarian I stand behind you lol...
[GAMING/GAM] | YouTube  | [Normal]     | 97%    |   77.8ms | just watched Iron Lung. awesome work Mar...
[ENTERTAINM] | YouTube  | [Normal]     | 96%    |   41.6ms | This stream is better than world cup liv...
[GAMING/GAM] | YouTube  | [Normal]     | 94%    |   33.1ms | it's like some kind of observ...
[GAMING/GAM] | YouTube  | [Normal]     | 88%    |   42.0ms | I love observation duty but does anyone ...
[ENTERTAINM] | YouTube  | [Normal]     | 93%    |   27.0ms | omg...
[GAMING/GAM] | YouTube  | [Normal]     | 96%    |   30.7ms | bro missed the anomaly in the title...
[GAMING/GAM] | YouTube  | [Normal]     | 95%    |   35.2ms | obserdution duty...
[PSYCHOLOGY] | YouTube  | [Normal]     | 95%    |   28.0ms | Soooo interesting...
[MUSIC/CHIL] | YouTube  | [Normal]     | 90%    |   34.6ms | GTA really so You too...
[GAMING/GAM] | YouTube  | [Normal]     | 97%    |   37.2ms | My goldfish memory can’t handle this gam...
[GAMING/GAM] | YouTube  | [Normal]     | 91%    |   46.1ms | it's okay Mark  I would be trash at this...
[GAMING/GAM] | YouTube  | [Normal]     | 98%    |   48.0ms | Mark check for a flash on the camera in ...
[GAMING/GAM] | YouTube  | [Normal]     | 94%    |   29.4ms | I believe in you...
[GAMING/GAM] | YouTube  | [Normal]     | 88%    |   36.6ms | camera malfunction means you lost camera...
[ENTERTAINM] | YouTube  | [Normal]     | 94%    |   29.5ms | hi...
[GAMING/GAM] | YouTube  | [Normal]     | 95%    |   36.7ms | The railing changed in the stairwell las...
[ENTERTAINM] | YouTube  | [Normal]     | 94%    |   27.0ms | hi...
[GAMING/GAM] | YouTube  | [Normal]     | 90%    |   29.3ms | who up obversation they duty...
[ENTERTAINM] | YouTube  | [Normal]     | 96%    |   33.0ms | I gonna use these videos to study Englis...
[PSYCHOLOGY] | YouTube  | [Normal]     | 96%    |   30.7ms | 100% would've been a nun...
[GAMING/SUR] | YouTube  | [OFFENSIVE]  | 52%    |   26.1ms | oh shit...
[GAMING/GAM] | YouTube  | [Normal]     | 94%    |   30.2ms | yapee...
[GAMING/GAM] | YouTube  | [Normal]     | 97%    |   40.1ms | Hi mark  loved Iron Lung. Watched it wit...
[ENTERTAINM] | YouTube  | [Normal]     | 96%    |   27.9ms | Hello Jimmy...
[ENTERTAINM] | YouTube  | [Normal]     | 89%    |   28.0ms | Helooooooooo...
[ENTERTAINM] | YouTube  | [Normal]     | 94%    |   25.8ms | 1...
[ENTERTAINM] | YouTube  | [Normal]     | 94%    |   24.5ms | WA...
[GAMING/GAM] | YouTube  | [Normal]     | 94%    |   36.9ms | hey mark are you going to play thr fatal...
[GAMING/GAM] | YouTube  | [Normal]     | 89%    |   31.6ms | You’re the best YouTuber ever mark...
[GAMING/GAM] | YouTube  | [Normal]     | 77%    |   36.1ms | yessssssssssssssssss...
[PSYCHOLOGY] | YouTube  | [Normal]     | 76%    |   51.4ms | So  my animus is out of control because ...
[ENTERTAINM] | YouTube  | [Normal]     | 96%    |   51.1ms | Love from North Carolina...
[GAMING/GAM] | YouTube  | [Normal]     | 94%    |   43.0ms | maybe the anomaly was the friends we mad...
[GAMING/SUR] | YouTube  | [Normal]     | 93%    |   54.7ms | OMG!!!!!...
[GAMING/GAM] | YouTube  | [Normal]     | 92%    |   36.0ms | yeah...
[GAMING/SUR] | YouTube  | [Normal]     | 94%    |   31.1ms | LOLOLOL...
[ENTERTAINM] | YouTube  | [Normal]     | 94%    |   35.2ms | Mr Beast Hello from Russia...
[GAMING/GAM] | YouTube  | [Normal]     | 91%    |   34.1ms | Yes your fine...
[SELF-HELP/] | YouTube  | [Normal]     | 69%    |   63.1ms | How do you navigate the hate before it l...
[GAMING/SUR] | YouTube  | [OFFENSIVE]  | 95%    |  105.8ms | this is the worst heli take ive ever see...
[GAMING/SUR] | YouTube  | [Normal]     | 95%    |   40.1ms | let me just run down 9 floors to reload....
[GAMING/GAM] | YouTube  | [Normal]     | 98%    |   39.7ms | This lvl is in demo  we can play along f...
[ENTERTAINM] | YouTube  | [Normal]     | 83%    |   29.0ms | no dont...
[GAMING/GAM] | YouTube  | [Normal]     | 97%    |   31.7ms | extra mous3 trap?...
[ENTERTAINM] | YouTube  | [Normal]     | 90%    |   25.3ms | හලෝ...
[ENTERTAINM] | YouTube  | [Normal]     | 96%    |   35.7ms | I KNOW THE SONG...
[GAMING/SUR] | YouTube  | [Normal]     | 97%    |   28.5ms | 5 bullets out of 30...
[GAMING/GAM] | YouTube  | [Normal]     | 93%    |   29.7ms | Oooo...
[ENTERTAINM] | YouTube  | [Normal]     | 87%    |   22.9ms | A...
[ENTERTAINM] | YouTube  | [Normal]     | 96%    |   29.0ms | Some of us are in our 40s...
[GAMING/SUR] | YouTube  | [Normal]     | 90%    |   43.0ms | welyn having way too much fun...
[ENTERTAINM] | YouTube  | [Normal]     | 89%    |   34.7ms | nahhh i just aint playin minecraft...
[ENTERTAINM] | YouTube  | [Normal]     | 86%    |   25.1ms | yo...
[GAMING/GAM] | YouTube  | [Normal]     | 67%    |   32.0ms | there is a body in the bed...
[ENTERTAINM] | YouTube  | [Normal]     | 93%    |   34.6ms | idk why I'm cry...
[GAMING/SUR] | YouTube  | [Normal]     | 96%    |   27.0ms | thank you...
[GAMING/GAM] | YouTube  | [Normal]     | 40%    |   33.2ms | They’re trying to “send help”...
[GAMING/SUR] | YouTube  | [Normal]     | 94%    |   31.0ms | Shoulda hit it with rocks...
[ENTERTAINM] | YouTube  | [Normal]     | 97%    |   31.0ms | can you gift me a free pc?...
[ENTERTAINM] | YouTube  | [Normal]     | 97%    |   33.3ms | Close to 1 billion subscribers...
[ENTERTAINM] | YouTube  | [Normal]     | 98%    |  198.9ms | :hand-pink-waving::hand-pink-waving::han...
[GAMING/GAM] | YouTube  | [Normal]     | 96%    |   59.6ms | @markiplier Congrats on the film man!!! ...
[GAMING/GAM] | YouTube  | [Normal]     | 78%    |   37.0ms | you are an apex predator  on the prowl f...
[GAMING/GAM] | YouTube  | [Normal]     | 97%    |   68.9ms | Make sure to give IRON LUNG A 10 ON IMDB...
[ENTERTAINM] | YouTube  | [OFFENSIVE]  | 49%    |   32.8ms | 500 millions it's crazyy...
[ENTERTAINM] | YouTube  | [Normal]     | 96%    |   33.9ms | bro I I need I phone 17 pro maxxx...
[MUSIC/CHIL] | YouTube  | [Normal]     | 98%    |   64.2ms | Ask about ur tom and Jerry fight :face_w...
[GAMING/SUR] | YouTube  | [Normal]     | 47%    |   32.0ms | PUT ON SOME CLOTHES YOU FREAK LOL...
[MUSIC/CHIL] | YouTube  | [Normal]     | 98%    |   33.6ms | :musical_score::hot_beverage:...
[GAMING/SUR] | YouTube  | [Normal]     | 96%    |   40.1ms | shut the doors this time p:face_with_tea...
[SPORTS/FOO] | YouTube  | [Normal]     | 95%    |   32.1ms | 독일 왜그랴?...
[GAMING/GAM] | YouTube  | [Normal]     | 97%    |   26.5ms | i love this show...
[GAMING/SUR] | YouTube  | [Normal]     | 96%    |   31.8ms | What’s this walnut doing tonight?...
[GAMING/GAM] | YouTube  | [Normal]     | 97%    |   43.1ms | was there always boards or something on ...
[GAMING/GAM] | YouTube  | [Normal]     | 92%    |   46.2ms | I think there is extra mouse traps in th...
[GAMING/GAM] | YouTube  | [Normal]     | 95%    |  103.5ms | :_markiLOVE::_markiLOVE::_markiLOVE::_ma...
[GAMING/SUR] | YouTube  | [Normal]     | 86%    |   36.4ms | Go to the boat...
[ENTERTAINM] | YouTube  | [Normal]     | 97%    |   35.7ms | try tecnoblade...
[GAMING/GAM] | YouTube  | [Normal]     | 96%    |   34.0ms | hi from France !!...
[ENTERTAINM] | YouTube  | [Normal]     | 97%    |   85.1ms | я Армения живу в Абхазии:heart_suit::hea...
[ENTERTAINM] | YouTube  | [Normal]     | 90%    |   36.5ms | YOU DONT KNOW I SHOW SPEED...
[MUSIC/CHIL] | YouTube  | [Normal]     | 95%    |   37.8ms | :zzz:...
[ENTERTAINM] | YouTube  | [Normal]     | 40%    |   34.1ms | suiiiiiiiiii speeed...
[ENTERTAINM] | YouTube  | [Normal]     | 97%    |   30.1ms | awhat are we doing for 500k?...
[GAMING/GAM] | YouTube  | [Normal]     | 95%    |   26.0ms | :(...
[GAMING/GAM] | YouTube  | [Normal]     | 97%    |   27.1ms | 3 ROPES IN INTERIOR...
[MUSIC/CHIL] | YouTube  | [Normal]     | 95%    |   99.2ms | :rolling_on_the_floor_laughing::rolling_...
[GAMING/GAM] | YouTube  | [Normal]     | 97%    |   29.0ms | SECOND MOUSETRAP IN BASEMENT...
[ENTERTAINM] | YouTube  | [Normal]     | 92%    |   32.0ms | yooooo...
[SELF-HELP/] | YouTube  | [Normal]     | 86%    |   27.7ms | freudian slip...
[GAMING/GAM] | YouTube  | [Normal]     | 90%    |   30.0ms | The shadow in the carpet looks weird...
[GAMING/GAM] | YouTube  | [Normal]     | 77%    |   33.2ms | spookyy...
[GAMING/GAM] | YouTube  | [Normal]     | 90%    |   35.7ms | I swear those pipes besides the stairs l...
[GAMING/GAM] | YouTube  | [Normal]     | 97%    |   38.6ms | abosvertion duudi anomomaly 3...
[ENTERTAINM] | YouTube  | [Normal]     | 97%    |  153.7ms | Translate my message. Здравствуйте я из ...
[ENTERTAINM] | YouTube  | [Normal]     | 97%    |   50.8ms | :slightly_smiling_face::slightly_smiling...
[GAMING/SUR] | YouTube  | [OFFENSIVE]  | 80%    |   30.0ms | NO LAGGG HERE...
[ENTERTAINM] | YouTube  | [Normal]     | 97%    |   28.0ms | i was there...
[GAMING/GAM] | YouTube  | [Normal]     | 77%    |   34.4ms | no iron lung for Ukrainian?(((...
[GAMING/GAM] | YouTube  | [Normal]     | 97%    |   31.6ms | lantern in interior...
[MUSIC/CHIL] | YouTube  | [Normal]     | 98%    |   36.7ms | ...:face-turquoise-music-note:...
[GAMING/GAM] | YouTube  | [Normal]     | 97%    |   31.1ms | LANTERN movement bottom stair!...
[GAMING/GAM] | YouTube  | [OFFENSIVE]  | 87%    |   40.5ms | How the fuck does he keep up with chat?...
[ENTERTAINM] | YouTube  | [Normal]     | 97%    |   72.1ms | :grinning_face_with_smiling_eyes::grinni...
[ENTERTAINM] | YouTube  | [Normal]     | 95%    |   25.0ms | call speed...
[GAMING/GAM] | YouTube  | [Normal]     | 96%    |   29.6ms | Check the lighthouse light?...
[GAMING/SUR] | YouTube  | [Normal]     | 96%    |   28.1ms | wide open...
[GAMING/GAM] | YouTube  | [Normal]     | 85%    |   28.0ms | the eyes...
[ENTERTAINM] | YouTube  | [Normal]     | 97%    |   98.7ms | @MrBeast #MrBeast I’m Masud from Banglad...
[GAMING/SUR] | YouTube  | [Normal]     | 75%    |   50.1ms | GATE IS AN AIRLOCK STOP SAYING ITS OPEN ...
[MUSIC/CHIL] | YouTube  | [Normal]     | 95%    |   36.0ms | ab mujhe neend aari...
[GAMING/SUR] | YouTube  | [Normal]     | 94%    |   29.0ms | lock your external tcs peanut!...
[GAMING/GAM] | YouTube  | [Normal]     | 79%    |   39.2ms | there is a crazy man on the top left:chi...
[GAMING/GAM] | YouTube  | [Normal]     | 96%    |   31.0ms | MAKE SURE TO DOUBLE CHECK CAMERAS MARK...
[ENTERTAINM] | YouTube  | [Normal]     | 94%    |   35.0ms | jimmy ask them who knows Ronaldo...
[GAMING/SUR] | YouTube  | [Normal]     | 91%    |   61.9ms | why tf does bro live in whiterun...
[GAMING/SUR] | YouTube  | [Normal]     | 94%    |   37.0ms | CLOSE FIRST GATE...
[GAMING/SUR] | YouTube  | [Normal]     | 96%    |   48.4ms | Is AK spray good?...
[GAMING/GAM] | YouTube  | [Normal]     | 94%    |   46.0ms | intruder top left on all cams...
[ENTERTAINM] | YouTube  | [Normal]     | 97%    |   48.8ms | I'm big fan jimmy...
[ENTERTAINM] | YouTube  | [Normal]     | 94%    |   37.6ms | hola...
[SELF-HELP/] | YouTube  | [Normal]     | 95%    |   55.6ms | de-clare literally means to clarify thor...
[GAMING/GAM] | YouTube  | [Normal]     | 96%    |   45.5ms | fence in stairwell PLEASE:face-purple-cr...
[MUSIC/CHIL] | YouTube  | [Normal]     | 96%    |   45.6ms | Jiyaara dhak dhak karne laga :face_with_...
[GAMING/SUR] | YouTube  | [Normal]     | 87%    |   37.3ms | oh damn is that welyn...
[ENTERTAINM] | YouTube  | [Normal]     | 97%    |   26.0ms | Welcome New Member!...
[ENTERTAINM] | YouTube  | [Normal]     | 93%    |   71.0ms | amen you see this jimmy i really wanna b...
[ENTERTAINM] | YouTube  | [Normal]     | 94%    |   35.0ms | WW Aura Farm...
[GAMING/GAM] | YouTube  | [Normal]     | 97%    |   34.0ms | Extra fuel cans outside?...
[MUSIC/CHIL] | YouTube  | [Normal]     | 95%    |   36.1ms | :moai::knot:...
[GAMING/SUR] | YouTube  | [Normal]     | 83%    |   39.4ms | DOOR IS AN AIRLOCK...
[ENTERTAINM] | YouTube  | [Normal]     | 97%    |   50.9ms | :clock-turquoise-looking-up::clock-turqu...
[GAMING/GAM] | YouTube  | [Normal]     | 94%    |   40.7ms | feel like the furnace in the keeper's ho...
[GAMING/GAM] | YouTube  | [Normal]     | 92%    |   32.5ms | can't believe this guy made iron lung...
[GAMING/GAM] | YouTube  | [Normal]     | 97%    |   30.7ms | WOOD PILE IN CABIN??...
[GAMING/GAM] | YouTube  | [Normal]     | 82%    |   29.6ms | check the boat...
[ENTERTAINM] | YouTube  | [Normal]     | 96%    |   40.6ms | Hiiiii bro 500MMMM...
[ENTERTAINM] | YouTube  | [Normal]     | 94%    |  127.1ms | :buffering::buffering::buffering::buffer...
[MUSIC/CHIL] | YouTube  | [Normal]     | 50%    |   64.0ms | kejti sis he is disgusting:face_with_sym...
[PSYCHOLOGY] | YouTube  | [Normal]     | 90%    |   33.7ms | also extremely sexualised...
[GAMING/SUR] | YouTube  | [Normal]     | 89%    |   27.5ms | rust...
[GAMING/GAM] | YouTube  | [Normal]     | 92%    |   47.4ms | Love you  Mark. Can't wait to see Iron L...
[NEWS/LIVE ] | YouTube  | [Normal]     | 92%    |   32.6ms | Yeah I keep forgetting...
[GAMING/GAM] | YouTube  | [Normal]     | 97%    |   25.5ms | THE FUSE BOX...
[ENTERTAINM] | YouTube  | [Normal]     | 77%    |   38.5ms | broooooooooo9ooooooooooooo...
[GAMING/GAM] | YouTube  | [Normal]     | 97%    |   56.0ms | LANTERN SHADOW INTERIOR PLEASE :loudly_c...
[GAMING/GAM] | YouTube  | [Normal]     | 95%    |   95.6ms | There's no way you will see this. but yo...
[ENTERTAINM] | YouTube  | [Normal]     | 93%    |   23.0ms | India...
[ENTERTAINM] | YouTube  | [Normal]     | 92%    |   26.0ms | Zimbabwe...
[MUSIC/CHIL] | YouTube  | [Normal]     | 97%    |   74.8ms | Some doctors here are guys with girls ac...
[GAMING/GAM] | YouTube  | [Normal]     | 90%    |   26.3ms | Lightly anomalous...
[GAMING/GAM] | YouTube  | [Normal]     | 96%    |   29.4ms | THE LIGHT MARKKKK...
[ENTERTAINM] | YouTube  | [Normal]     | 95%    |   26.1ms | unsub?...
[GAMING/GAM] | YouTube  | [Normal]     | 94%    |   36.0ms | light malfunction in the yard for sure...
[GAMING/SUR] | YouTube  | [Normal]     | 97%    |   27.3ms | for its content...
[GAMING/GAM] | YouTube  | [Normal]     | 92%    |   27.7ms | Light anomaly in the yard...
[GAMING/SUR] | YouTube  | [Normal]     | 91%    |   30.0ms | STAY HOME!...
[GAMING/GAM] | YouTube  | [Normal]     | 96%    |   24.8ms | light anomaly?...
[GAMING/SUR] | YouTube  | [Normal]     | 95%    |   26.1ms | Turrets...
[GAMING/GAM] | YouTube  | [Normal]     | 97%    |   31.2ms | Welcome to the new members...
[GAMING/SUR] | YouTube  | [Normal]     | 91%    |   25.7ms | STAY HOME!...
[PSYCHOLOGY] | YouTube  | [Normal]     | 92%    |   38.5ms | nah bruh not a bot...
[ENTERTAINM] | YouTube  | [Normal]     | 94%    |   24.6ms | 1...
[GAMING/GAM] | YouTube  | [Normal]     | 96%    |   31.0ms | isn't one mouse trap missing?...
[GAMING/SUR] | YouTube  | [Normal]     | 96%    |   24.0ms | defense 1st...
[SELF-HELP/] | YouTube  | [Normal]     | 91%    |   39.0ms | jordan isnt the greatest example of ment...
[GAMING/GAM] | YouTube  | [Normal]     | 79%    |   33.3ms | the pole on the dock is bigger...
[GAMING/GAM] | YouTube  | [Normal]     | 88%    |   32.0ms | @markiplier the wobble s a distraction...
[GAMING/SUR] | YouTube  | [Normal]     | 97%    |   26.0ms | Oil...
[GAMING/GAM] | YouTube  | [Normal]     | 96%    |   27.3ms | barrels in the basement moved...
[ENTERTAINM] | YouTube  | [Normal]     | 94%    |   28.0ms | 1...
[GAMING/GAM] | YouTube  | [Normal]     | 97%    |   29.8ms | The yard!!!...
[ENTERTAINM] | YouTube  | [Normal]     | 94%    |   26.1ms | 1...
[GAMING/GAM] | YouTube  | [Normal]     | 69%    |   32.7ms | It’s the wibble wobble...
[GAMING/GAM] | YouTube  | [Normal]     | 95%    |   52.9ms | THE BUCKET WASNT FULL BEFORE. AT THE TOP...
[GAMING/GAM] | YouTube  | [Normal]     | 97%    |   48.8ms | was the object on a rope swinging before...
[ENTERTAINM] | YouTube  | [Normal]     | 88%    |   38.2ms | I don't want to lose my history!...
[GAMING/GAM] | YouTube  | [Normal]     | 93%    |   32.0ms | OMG...
[GAMING/GAM] | YouTube  | [Normal]     | 85%    |   32.9ms | DID U SEE THE NASA PEEPO...
[ENTERTAINM] | YouTube  | [Normal]     | 94%    |   29.6ms | 1...
[GAMING/GAM] | YouTube  | [Normal]     | 95%    |   41.6ms | wth was that!!!...
[ENTERTAINM] | YouTube  | [Normal]     | 97%    |   33.5ms | :face-purple-crying:...
[GAMING/SUR] | YouTube  | [Normal]     | 78%    |   36.6ms | They defo raided an external tc...
[ENTERTAINM] | YouTube  | [Normal]     | 94%    |   28.7ms | hi...
[GAMING/GAM] | YouTube  | [Normal]     | 96%    |   36.7ms | stairwell pillar movement...
[ENTERTAINM] | YouTube  | [Normal]     | 96%    |   39.0ms | love you jimmy...
[GAMING/GAM] | YouTube  | [Normal]     | 96%    |   31.9ms | hi markkkk...
[GAMING/GAM] | YouTube  | [Normal]     | 95%    |   37.6ms | Mark you are the best YouTuber on the pl...
[GAMING/GAM] | YouTube  | [Normal]     | 88%    |   24.7ms | THEY MOVED...
[ENTERTAINM] | YouTube  | [Normal]     | 96%    |   25.2ms | New member...
[GAMING/GAM] | YouTube  | [Normal]     | 95%    |   33.1ms | Watching group hysteria happen in real t...
[ENTERTAINM] | YouTube  | [Normal]     | 88%    |   30.8ms | @mrbeast...
[GAMING/GAM] | YouTube  | [Normal]     | 96%    |   24.2ms | tiny box tim...
[GAMING/GAM] | YouTube  | [Normal]     | 79%    |   37.6ms | im not paying attention tbh...
[GAMING/GAM] | YouTube  | [Normal]     | 97%    |   34.4ms | 'CMON MARK BARRELS...
[ENTERTAINM] | YouTube  | [Normal]     | 96%    |  104.9ms | :skull_and_crossbones::skull_and_crossbo...
[MUSIC/CHIL] | YouTube  | [Normal]     | 97%    |   28.1ms | hello:hot_beverage:...
[GAMING/GAM] | YouTube  | [Normal]     | 86%    |   28.1ms | ROPES TOO LONG HANGING...
[GAMING/GAM] | YouTube  | [Normal]     | 94%    |   28.2ms | ADDICTIONAL ITEMS MARK...
[ENTERTAINM] | YouTube  | [Normal]     | 96%    |   31.0ms | hiiiiii...
[SELF-HELP/] | YouTube  | [Normal]     | 81%    |   31.2ms | yah they're valid...
[GAMING/SUR] | YouTube  | [Normal]     | 94%    |   37.1ms | building on quicksand. Repair your base...
[MUSIC/CHIL] | YouTube  | [Normal]     | 87%    |   32.2ms | shish tc...
[ENTERTAINM] | YouTube  | [Normal]     | 97%    |   26.8ms | We love you...
[GAMING/SUR] | YouTube  | [OFFENSIVE]  | 92%    |   64.0ms | BRO IF I HEAR PEANUT SAY DANIS IS A UFC ...
[GAMING/GAM] | YouTube  | [Normal]     | 96%    |   26.0ms | STAIRWELL PILLAR...
[GAMING/SUR] | YouTube  | [Normal]     | 73%    |   30.0ms | TAKE THE GUN OFF HOTBAR...
[NEWS/LIVE ] | YouTube  | [Normal]     | 93%    |   27.0ms | :buffering:...
[GAMING/GAM] | YouTube  | [Normal]     | 95%    |   30.1ms | YES THE BARRELS ROTATED I KNEW IT...
[MUSIC/CHIL] | YouTube  | [Normal]     | 94%    |   41.0ms | @Dude-23zx btw  whts ur name?...
[MUSIC/CHIL] | YouTube  | [Normal]     | 98%    |   34.4ms | ..:face-turquoise-music-note:...
[ENTERTAINM] | YouTube  | [Normal]     | 94%    |   25.6ms | W jimmy...
[GAMING/GAM] | YouTube  | [Normal]     | 96%    |   25.9ms | Stairwell railing moved...
[GAMING/GAM] | YouTube  | [Normal]     | 95%    |   39.6ms | WINDOW IN CABIN...
[MUSIC/CHIL] | YouTube  | [Normal]     | 96%    |   69.5ms | campur gandul mentah men AKEH banyu susu...
[ENTERTAINM] | YouTube  | [Normal]     | 96%    |   74.7ms | :loudly_crying_face::face_with_rolling_e...
[GAMING/GAM] | YouTube  | [Normal]     | 97%    |   37.1ms | The railing moved on the stairs!!!...
[MUSIC/CHIL] | YouTube  | [Normal]     | 97%    |   43.8ms | nu jocul ăla mă ține să nu merg mai depa...
[ENTERTAINM] | YouTube  | [Normal]     | 94%    |   33.0ms | Omegle...
[SELF-HELP/] | YouTube  | [OFFENSIVE]  | 81%    |   35.0ms | damn  didn't know he'd be live...
[GAMING/GAM] | YouTube  | [Normal]     | 97%    |   39.6ms | movement at the fog????...
[GAMING/GAM] | YouTube  | [Normal]     | 94%    |   34.3ms | STAIRWELL!! THE BROKEN FENCE MOVED!!...
[ENTERTAINM] | YouTube  | [Normal]     | 96%    |   52.6ms | help meere :folded_hands::folded_hands::...
[GAMING/GAM] | YouTube  | [Normal]     | 97%    |   52.8ms | Hi nice to see you...:kiss::kiss::kiss:...
[GAMING/GAM] | YouTube  | [Normal]     | 91%    |   32.3ms | THE LEFT MORE IT MOVED UP...
[ENTERTAINM] | YouTube  | [Normal]     | 98%    |   39.7ms | :hand-pink-waving::hand-pink-waving:...
[SPORTS/FOO] | YouTube  | [Normal]     | 93%    |   27.7ms | ig dulu...
[GAMING/SUR] | YouTube  | [Normal]     | 68%    |   26.0ms | dont do it...
[GAMING/GAM] | YouTube  | [Normal]     | 95%    |   30.0ms | friend!!!!...
[GAMING/GAM] | YouTube  | [Normal]     | 92%    |   24.5ms | oh no...
[GAMING/GAM] | YouTube  | [OFFENSIVE]  | 50%    |   28.1ms | WHAT THE HELL...
[GAMING/GAM] | YouTube  | [Normal]     | 96%    |   32.0ms | aaaaaaaaaaaaaa...
[GAMING/SUR] | YouTube  | [OFFENSIVE]  | 83%    |   68.1ms | peanut is the guy who has his doctor tel...
[GAMING/GAM] | YouTube  | [Normal]     | 97%    |   39.0ms | I eat that for snacks...
[ENTERTAINM] | YouTube  | [Normal]     | 95%    |   30.3ms | kel...
[GAMING/GAM] | YouTube  | [Normal]     | 96%    |   29.6ms | fireflies in the stairwell...
[ENTERTAINM] | YouTube  | [Normal]     | 94%    |   30.4ms | Hay...
[GAMING/GAM] | YouTube  | [Normal]     | 96%    |   46.6ms | forgot for a second that I was watching ...
[GAMING/SUR] | YouTube  | [Normal]     | 96%    |   52.2ms | DIDN'T BRO JUST SAY HE ATE JAC IN THE BO...
[GAMING/GAM] | YouTube  | [Normal]     | 94%    |   52.5ms | YES ITS SO GOOD...
[GAMING/GAM] | YouTube  | [Normal]     | 81%    |   47.1ms | THE SWINGING THING ON THE LIGHTHOUSE...
[GAMING/GAM] | YouTube  | [Normal]     | 95%    |   38.2ms | LIGHT...
[GAMING/GAM] | YouTube  | [Normal]     | 95%    |   44.8ms | Yooo...
[GAMING/GAM] | YouTube  | [Normal]     | 95%    |   37.1ms | fuse box is nowopen...
[SELF-HELP/] | YouTube  | [Normal]     | 81%    |   74.4ms | dr k whats the difference between hate m...
[GAMING/GAM] | YouTube  | [Normal]     | 79%    |   36.2ms | DUNGEON CRAWLER CARL MENTIONED  POG...
[GAMING/SUR] | YouTube  | [Normal]     | 91%    |   28.0ms | RIP hulk hogan...
[ENTERTAINM] | YouTube  | [Normal]     | 98%    |  224.1ms | :hand-pink-waving::hand-pink-waving::han...
[GAMING/GAM] | YouTube  | [Normal]     | 78%    |   34.7ms | that do be strange...
[GAMING/GAM] | YouTube  | [Normal]     | 92%    |   27.6ms | Barrel knocked over...
[GAMING/GAM] | YouTube  | [Normal]     | 93%    |   30.0ms | cross at the end of the pier...
[GAMING/GAM] | YouTube  | [Normal]     | 97%    |   40.1ms | hello mark iplier i liked the movie :):)...
[GAMING/GAM] | YouTube  | [Normal]     | 89%    |   42.2ms | the bags look funny in basement...
[GAMING/GAM] | YouTube  | [Normal]     | 92%    |   28.0ms | YUMMY...
[GAMING/GAM] | YouTube  | [Normal]     | 97%    |   30.7ms | extra object in lantern !!!...
[ENTERTAINM] | YouTube  | [Normal]     | 92%    |   24.0ms | Virginia...
[ENTERTAINM] | YouTube  | [Normal]     | 94%    |   26.3ms | hi...
[GAMING/GAM] | YouTube  | [Normal]     | 91%    |   30.0ms | On the left...
[GAMING/GAM] | YouTube  | [Normal]     | 94%    |   24.7ms | Hi...
[GAMING/SUR] | YouTube  | [Normal]     | 79%    |   31.0ms | Turn gun bob off...
[GAMING/SUR] | YouTube  | [Normal]     | 93%    |   28.2ms | tehe...
[ENTERTAINM] | YouTube  | [Normal]     | 96%    |   30.6ms | Hi Mr beast :thumbs_up:...
[GAMING/GAM] | YouTube  | [Normal]     | 94%    |   29.5ms | broken stairwell railing moved...
[GAMING/SUR] | YouTube  | [Normal]     | 91%    |   31.0ms | me im a funny guy pick me...
[GAMING/GAM] | YouTube  | [Normal]     | 97%    |   51.6ms | Markiplier i love your videos!...
[ENTERTAINM] | YouTube  | [Normal]     | 95%    |   38.7ms | Imagine if speed joins the stream...
[ENTERTAINM] | YouTube  | [Normal]     | 96%    |   26.7ms | nepal flag...
[ENTERTAINM] | YouTube  | [Normal]     | 90%    |   31.4ms | How the 500 million button looks like?...
[GAMING/GAM] | YouTube  | [Normal]     | 83%    |   30.0ms | theres a dead body in interior...
[ENTERTAINM] | YouTube  | [Normal]     | 94%    |   28.1ms | Нормас...
[GAMING/GAM] | YouTube  | [Normal]     | 95%    |   27.1ms | Flood!...
[ENTERTAINM] | YouTube  | [Normal]     | 94%    |   36.0ms | yo beast can you throw me 100 buck am sa...
[ENTERTAINM] | YouTube  | [Normal]     | 91%    |   26.0ms | hey...
[GAMING/GAM] | YouTube  | [Normal]     | 95%    |   53.1ms | I love watching streamers play this game...
[SELF-HELP/] | YouTube  | [Normal]     | 98%    |   39.4ms | I scored 9 / 10 on ACE. I'm special....
[GAMING/GAM] | YouTube  | [Normal]     | 92%    |   27.0ms | BROKEN RAIL MOVED...
[ENTERTAINM] | YouTube  | [Normal]     | 94%    |   33.9ms | Hi beast...
[GAMING/GAM] | YouTube  | [Normal]     | 94%    |   30.7ms | I tried telling yall…...
[GAMING/SUR] | YouTube  | [Normal]     | 96%    |   28.5ms | Jethro Toe......
[SPORTS/FOO] | YouTube  | [Normal]     | 94%    |   35.5ms | 와 해딩으로...
[GAMING/SUR] | YouTube  | [Normal]     | 87%    |   35.8ms | @Justin-rockz telll me a joke...
[ENTERTAINM] | YouTube  | [Normal]     | 94%    |   23.3ms | jimmy...
[ENTERTAINM] | YouTube  | [Normal]     | 94%    |  110.1ms | Nooo:loudly_crying_face::loudly_crying_f...
[ENTERTAINM] | YouTube  | [Normal]     | 94%    |   36.5ms | nice...
[GAMING/GAM] | YouTube  | [Normal]     | 94%    |   44.5ms | really mark...
[GAMING/GAM] | YouTube  | [Normal]     | 94%    |   44.8ms | WHAT HAPPENED MR BIG BRAIN PERFECT EYES ...
[GAMING/GAM] | YouTube  | [Normal]     | 88%    |   52.3ms | Mark  sometimes we worry about you...
[SELF-HELP/] | YouTube  | [Normal]     | 87%    |   37.3ms | Quite the opposite...
[GAMING/GAM] | YouTube  | [Normal]     | 83%    |   46.0ms | mark watch out there's a intruder top le...
[PSYCHOLOGY] | YouTube  | [OFFENSIVE]  | 54%    |   74.3ms | you lost all that Shakti and now you're ...
[GAMING/GAM] | YouTube  | [Normal]     | 97%    |   45.0ms | Hi from Michigan :heart_hands:...
[ENTERTAINM] | YouTube  | [Normal]     | 95%    |   32.7ms | Bangladesh...
[ENTERTAINM] | YouTube  | [Normal]     | 97%    |   52.7ms | :red_square::white_large_square::green_s...
[ENTERTAINM] | YouTube  | [Normal]     | 91%    |   25.5ms | Free fire...
[GAMING/GAM] | YouTube  | [Normal]     | 94%    |   41.3ms | Can we talk about iron lung or did i mis...
[GAMING/GAM] | YouTube  | [Normal]     | 93%    |   32.1ms | every time I look away something happens...
[ENTERTAINM] | YouTube  | [Normal]     | 96%    |   26.1ms | Love you...
[GAMING/GAM] | YouTube  | [OFFENSIVE]  | 86%    |   34.5ms | THE BROKEN RAIL MOVEDDDD!!!!!!!...
[ENTERTAINM] | YouTube  | [Normal]     | 97%    |   36.0ms | :smiling_face_with_hearts:...
[GAMING/SUR] | YouTube  | [Normal]     | 90%    |   30.0ms | Neechi slang lol...
[ENTERTAINM] | YouTube  | [Normal]     | 95%    |   30.2ms | I am subscribed you...
[GAMING/GAM] | YouTube  | [Normal]     | 76%    |   31.0ms | whys he talking in our ears...
[MUSIC/CHIL] | YouTube  | [Normal]     | 95%    |   35.9ms | mai yhii huu...
[GAMING/GAM] | YouTube  | [Normal]     | 93%    |   30.9ms | I like my HyperX...
[ENTERTAINM] | YouTube  | [Normal]     | 84%    |   87.1ms | :man_facepalming::man_facepalming::man_f...
[ENTERTAINM] | YouTube  | [Normal]     | 96%    |   45.0ms | plz gift me some money for buying laptop...
[GAMING/GAM] | YouTube  | [Normal]     | 96%    |   31.6ms | The ropes on the barrels...
[ENTERTAINM] | YouTube  | [Normal]     | 96%    |  167.5ms | :hand-pink-waving::face-blue-smiling::fa...
[GAMING/SUR] | YouTube  | [Normal]     | 97%    |   49.0ms | 720p ahh game :grinning_squinting_face: ...
[GAMING/GAM] | YouTube  | [Normal]     | 71%    |   31.7ms | silly...
[GAMING/SUR] | YouTube  | [Normal]     | 90%    |   26.1ms | its literally all backwards...
[PSYCHOLOGY] | YouTube  | [Normal]     | 96%    |   32.1ms | :_DrKCopium:...
[GAMING/GAM] | YouTube  | [Normal]     | 91%    |   30.0ms | STUFF IS MISSING ON THE DESK...
[GAMING/GAM] | YouTube  | [Normal]     | 95%    |   39.7ms | Missing object in front of the map...
[GAMING/SUR] | YouTube  | [Normal]     | 96%    |   35.6ms | do deepsea :3...
[GAMING/GAM] | YouTube  | [Normal]     | 95%    |   28.1ms | THE GALLON CHANGE POSITION...
[PSYCHOLOGY] | YouTube  | [Normal]     | 95%    |   28.5ms | Hhhaaahaaa...
[ENTERTAINM] | YouTube  | [Normal]     | 97%    |   32.0ms | Hello Mr. Beast  I'm Artem...
[GAMING/GAM] | YouTube  | [Normal]     | 96%    |   39.4ms | Railing next to the hole on the stairwel...
[ENTERTAINM] | YouTube  | [Normal]     | 96%    |   38.0ms | 5000000000000000m...
[GAMING/GAM] | YouTube  | [Normal]     | 95%    |   26.5ms | :O...
[GAMING/GAM] | YouTube  | [Normal]     | 93%    |   25.9ms | Sus...
[GAMING/GAM] | YouTube  | [Normal]     | 90%    |   24.1ms | jesus...
[ENTERTAINM] | YouTube  | [Normal]     | 98%    |   32.2ms | hello! :hand-pink-waving:...
[GAMING/GAM] | YouTube  | [Normal]     | 96%    |   35.7ms | STAIRWELL: left side railing moved  INTE...
[PSYCHOLOGY] | YouTube  | [Normal]     | 83%    |   33.9ms | brother fantasy is all we inferior genet...
[ENTERTAINM] | YouTube  | [Normal]     | 95%    |   29.0ms | COME TO PHILIPPINES...
[SELF-HELP/] | YouTube  | [Normal]     | 95%    |   32.0ms | no i m def not gifted lol...
[ENTERTAINM] | YouTube  | [Normal]     | 98%    |  184.0ms | :face-red-droopy-eyes:hiiii:text-green-g...
[GAMING/SUR] | YouTube  | [Normal]     | 95%    |   34.0ms | No Fost  but I am...
[GAMING/GAM] | YouTube  | [Normal]     | 97%    |   41.0ms | Painting above the bed?...
[GAMING/SUR] | YouTube  | [Normal]     | 94%    |   43.1ms | @FostuRKid I was going to drink whiskey ...
[GAMING/GAM] | YouTube  | [Normal]     | 72%    |   39.0ms | That might have been the guy they send t...
[GAMING/GAM] | YouTube  | [Normal]     | 94%    |   39.6ms | serves me right for having my volume up ...
[ENTERTAINM] | YouTube  | [Normal]     | 94%    |   29.0ms | hi me...
[GAMING/GAM] | YouTube  | [Normal]     | 92%    |   30.0ms | Something weird about light in lantern r...
[GAMING/GAM] | YouTube  | [Normal]     | 97%    |   31.9ms | rotating pillar in STAIRWELL...
[GAMING/GAM] | YouTube  | [Normal]     | 96%    |   31.0ms | INTERIOR MISSING OBJECT NEAR MAP...
[GAMING/GAM] | YouTube  | [Normal]     | 97%    |   36.8ms | missing item under the map!!...
[GAMING/GAM] | YouTube  | [Normal]     | 94%    |   38.8ms | MISSING TYPEWRITER IN INTERIOR NEAR MAP...
[GAMING/GAM] | YouTube  | [Normal]     | 93%    |   39.0ms | desk missing object  interior...
[GAMING/GAM] | YouTube  | [Normal]     | 96%    |   37.6ms | Cross??...
[GAMING/GAM] | YouTube  | [Normal]     | 96%    |   41.8ms | Fog over the light house in the yard...
[MUSIC/CHIL] | YouTube  | [Normal]     | 98%    |   51.1ms | :face-blue-wide-eyes::face-blue-wide-eye...
[SELF-HELP/] | YouTube  | [Normal]     | 97%    |   35.1ms | Nurture v nature!!...
[GAMING/GAM] | YouTube  | [Normal]     | 91%    |   53.1ms | RADIO FACING WRONG WAY IN THE INTERIOR...
[GAMING/GAM] | YouTube  | [Normal]     | 94%    |   38.2ms | MISSING TYPEWRITER ON THE RIGHT INTERIOR...
[ENTERTAINM] | YouTube  | [Normal]     | 97%    |   33.3ms | :face-green-smiling:...
[ENTERTAINM] | YouTube  | [Normal]     | 93%    |   32.1ms | هههههههههه...
[ENTERTAINM] | YouTube  | [Normal]     | 94%    |   42.0ms | IM SO HAPPY YOUR ON THIS PLANET!!!! :glo...
[PSYCHOLOGY] | YouTube  | [HATE]       | 44%    |   27.0ms | goon gripped...
[GAMING/GAM] | YouTube  | [Normal]     | 96%    |   34.0ms | give me a kiss mark...
[GAMING/GAM] | YouTube  | [Normal]     | 96%    |   31.2ms | THE RAILING ON THE LEFT ON STAIRCASE DID...
[GAMING/GAM] | YouTube  | [Normal]     | 94%    |   34.7ms | yay!! we are smart!!!...
[GAMING/GAM] | YouTube  | [Normal]     | 73%    |   25.0ms | dead body...
[GAMING/GAM] | YouTube  | [Normal]     | 94%    |   29.1ms | THE BAGS IN THE BASEMENT...
[ENTERTAINM] | YouTube  | [Normal]     | 92%    |   28.0ms | heyyyyy...
[GAMING/GAM] | YouTube  | [Normal]     | 92%    |   36.3ms | :brain::brain::brain::brain:...
[GAMING/GAM] | YouTube  | [Normal]     | 96%    |   34.2ms | oneth...
[GAMING/SUR] | YouTube  | [Normal]     | 85%    |   37.6ms | Anyone experienced a deadly auntie befor...
[GAMING/SUR] | YouTube  | [Normal]     | 89%    |   27.0ms | JUST LISTEN TO HIM...
[ENTERTAINM] | YouTube  | [Normal]     | 93%    |   60.1ms | :call_me_hand::call_me_hand::call_me_han...
[SELF-HELP/] | YouTube  | [Normal]     | 71%    |   33.9ms | it sucks to be too smart...
[MUSIC/CHIL] | YouTube  | [Normal]     | 95%    |   28.5ms | :goodvibes:...
[GAMING/GAM] | YouTube  | [Normal]     | 97%    |   32.6ms | Lol aot...
[GAMING/GAM] | YouTube  | [Normal]     | 94%    |   40.6ms | we're the walls always cracked in the be...
[GAMING/GAM] | YouTube  | [Normal]     | 71%    |   33.7ms | no way they gotta captcha...
[GAMING/GAM] | YouTube  | [Normal]     | 92%    |   29.5ms | LOL THE CAPTCHA IS SO FUNNY...
[ENTERTAINM] | YouTube  | [Normal]     | 94%    |   24.0ms | jimmy...
[ENTERTAINM] | YouTube  | [Normal]     | 94%    |   26.4ms | hi...
[GAMING/GAM] | YouTube  | [Normal]     | 92%    |   28.5ms | the rail !...
[ENTERTAINM] | YouTube  | [Normal]     | 96%    |   34.0ms | brazil Argentina or portugal?...
[GAMING/GAM] | YouTube  | [Normal]     | 95%    |   59.0ms | STAIRWELL: left side railing moved  you ...
[GAMING/GAM] | YouTube  | [Normal]     | 97%    |   30.0ms | aot mentioned!!...
[GAMING/GAM] | YouTube  | [Normal]     | 95%    |   31.3ms | I ARRIVED LATE BUT HI MARK...
[ENTERTAINM] | YouTube  | [Normal]     | 98%    |   50.5ms | :hand-pink-waving::hand-pink-waving::han...
[GAMING/GAM] | YouTube  | [Normal]     | 87%    |   28.3ms | WOOOOOOO...
[ENTERTAINM] | YouTube  | [Normal]     | 82%    |   34.6ms | you best bloger...
[GAMING/GAM] | YouTube  | [Normal]     | 87%    |   25.6ms | WOOOOOO...
[ENTERTAINM] | YouTube  | [Normal]     | 98%    |  180.4ms | :cherry_blossom::cherry_blossom::cherry_...
[MUSIC/CHIL] | YouTube  | [Normal]     | 97%    |   36.1ms | ....:face-turquoise-music-note:...
[MUSIC/CHIL] | YouTube  | [Normal]     | 96%    |   35.6ms | :slightly_smiling_face:...
[GAMING/GAM] | YouTube  | [Normal]     | 91%    |   37.1ms | W...
[ENTERTAINM] | YouTube  | [Normal]     | 98%    |   32.0ms | :hand-pink-waving:...
[GAMING/GAM] | YouTube  | [Normal]     | 93%    |   30.2ms | gg...
[ENTERTAINM] | YouTube  | [Normal]     | 95%    |   37.4ms | hi hi hihi hi hi hi hi...
[ENTERTAINM] | YouTube  | [Normal]     | 96%    |   68.9ms | :rolling_on_the_floor_laughing::rolling_...
[GAMING/GAM] | YouTube  | [Normal]     | 98%    |   47.6ms | :face-blue-smiling::face-blue-smiling::f...
[GAMING/GAM] | YouTube  | [Normal]     | 96%    |   29.6ms | Lots of Tiktoks!...
[GAMING/GAM] | YouTube  | [Normal]     | 94%    |   48.9ms | I'm at a pep band game but I'm watching ...
[GAMING/GAM] | YouTube  | [Normal]     | 95%    |   70.7ms | CHECK STAIRS!!!!!! :folded_hands::folded...
[PSYCHOLOGY] | YouTube  | [Normal]     | 88%    |   47.3ms | @andreicionescu giggity giggity...
[GAMING/GAM] | YouTube  | [Normal]     | 90%    |   39.1ms | yesssss...
[PSYCHOLOGY] | YouTube  | [Normal]     | 78%    |   42.2ms | equalfuckupmaxxing...
[GAMING/GAM] | YouTube  | [Normal]     | 97%    |   43.6ms | i am SO ready for the home release...
[ENTERTAINM] | YouTube  | [Normal]     | 52%    |   32.2ms | you are the goted...
[PSYCHOLOGY] | YouTube  | [Normal]     | 93%    |   34.8ms | @yashnair4854 rip...
[GAMING/GAM] | YouTube  | [Normal]     | 94%    |   45.0ms | Just saw Iron Long with my gf in Germany...
[PSYCHOLOGY] | YouTube  | [Normal]     | 95%    |   41.6ms | Exactly !...
[GAMING/GAM] | YouTube  | [Normal]     | 96%    |   34.1ms | Would love to see a BTS documentary...
[GAMING/GAM] | YouTube  | [Normal]     | 93%    |   29.6ms | YAYYY...
[ENTERTAINM] | YouTube  | [Normal]     | 90%    |   25.0ms | ㅋㅋㅋㅋㅋ...
[GAMING/GAM] | YouTube  | [Normal]     | 97%    |   29.3ms | will it b available in Canada?...
[GAMING/GAM] | YouTube  | [Normal]     | 98%    |   56.9ms | :trophy-yellow-smiling::trophy-yellow-sm...
[ENTERTAINM] | YouTube  | [Normal]     | 94%    |   38.6ms | @আল্লাহ -আমার-রব...
[SELF-HELP/] | YouTube  | [Normal]     | 97%    |   29.1ms | like Dr. Strange lol...
[GAMING/GAM] | YouTube  | [Normal]     | 98%    |   37.0ms | The Superb Owl at last....
[GAMING/GAM] | YouTube  | [Normal]     | 94%    |   32.7ms | how you doing mark?...
[GAMING/GAM] | YouTube  | [Normal]     | 95%    |   25.9ms | Rules smules...
[ENTERTAINM] | YouTube  | [Normal]     | 96%    |   42.1ms | çuando llegue a 500 seguidores regalame ...
[ENTERTAINM] | YouTube  | [Normal]     | 93%    |   28.0ms | HELLO MRBEAST...
[GAMING/GAM] | YouTube  | [Normal]     | 96%    |   28.6ms | The soup bowl...
[PSYCHOLOGY] | YouTube  | [Normal]     | 95%    |   29.7ms | my brain probably has anime?...
[ENTERTAINM] | YouTube  | [Normal]     | 96%    |   42.4ms | :learning::learning::learning::learning:...
[ENTERTAINM] | YouTube  | [Normal]     | 93%    |   36.3ms | ааааааааааа...
[GAMING/GAM] | YouTube  | [Normal]     | 92%    |   32.3ms | It’s nudie magazine day!...
[ENTERTAINM] | YouTube  | [Normal]     | 96%    |   24.7ms | New member...
[GAMING/GAM] | YouTube  | [Normal]     | 96%    |   31.2ms | hello mark...
[GAMING/GAM] | YouTube  | [Normal]     | 92%    |   30.2ms | ye...
[GAMING/SUR] | YouTube  | [Normal]     | 95%    |   29.3ms | Fort Knox...
[GAMING/SUR] | YouTube  | [Normal]     | 66%    |   40.6ms | at least the only person hes got to worr...
[ENTERTAINM] | YouTube  | [Normal]     | 98%    |  180.9ms | :face-blue-smiling::face-blue-smiling::f...
[GAMING/SUR] | YouTube  | [Normal]     | 90%    |   32.8ms | Gingy FOUND A TURRET AND PUT IT SOMEWHER...
[MUSIC/CHIL] | YouTube  | [Normal]     | 94%    |   38.1ms | :cigarette::thinking_face:...
[GAMING/GAM] | YouTube  | [Normal]     | 91%    |   27.0ms | Corner...
[PSYCHOLOGY] | YouTube  | [Normal]     | 98%    |   34.5ms | on mets le patate...
[ENTERTAINM] | YouTube  | [Normal]     | 91%    |   26.1ms | w...
[ENTERTAINM] | YouTube  | [Normal]     | 94%    |   25.0ms | hi...
[GAMING/GAM] | YouTube  | [Normal]     | 97%    |   29.7ms | dont forget the flights hours at gate...
[ENTERTAINM] | YouTube  | [Normal]     | 94%    |  138.5ms | :thanksdoc::thanksdoc::thanksdoc::thanks...
[SELF-HELP/] | YouTube  | [Normal]     | 96%    |   57.8ms | slap on some adhd  double it  pass it on...
[GAMING/GAM] | YouTube  | [Normal]     | 96%    |   41.7ms | oop...
[MUSIC/CHIL] | YouTube  | [Normal]     | 96%    |   67.6ms | nu mai am rezistenta că când eram sănăto...
[GAMING/GAM] | YouTube  | [Normal]     | 94%    |   43.6ms | eyes in the windows...
[ENTERTAINM] | YouTube  | [Normal]     | 94%    |  155.7ms | :elbowcough::elbowcough::elbowcough::elb...
[GAMING/GAM] | YouTube  | [Normal]     | 98%    |   35.4ms | extra red cup next to banana in cockpit...
[GAMING/GAM] | YouTube  | [Normal]     | 93%    |   28.1ms | RAHHH...
[ENTERTAINM] | YouTube  | [Normal]     | 95%    |   28.0ms | :thinking_face:...
[GAMING/GAM] | YouTube  | [Normal]     | 91%    |   61.2ms | i just got back from walking my roommate...
[MUSIC/CHIL] | YouTube  | [Normal]     | 97%    |   39.0ms | SKOLIM & CLEO - Lubimy (Official Video) ...
[GAMING/GAM] | YouTube  | [Normal]     | 88%    |   31.3ms | Who said that? Everyone  GET EM!...
[GAMING/GAM] | YouTube  | [Normal]     | 96%    |   27.6ms | case in hall...
[ENTERTAINM] | YouTube  | [Normal]     | 95%    |   36.1ms | Mr beast you are such an amazing creator...
[GAMING/GAM] | YouTube  | [Normal]     | 91%    |   36.0ms | im hungryyy can we get McDonald's?...
[ENTERTAINM] | YouTube  | [Normal]     | 95%    |   28.0ms | hiii...
[GAMING/GAM] | YouTube  | [Normal]     | 86%    |   37.1ms | too much luggage in the open cabin stora...
[GAMING/GAM] | YouTube  | [Normal]     | 96%    |   45.2ms | NOOOOOO I was focused on the bag in chai...
[GAMING/SUR] | YouTube  | [Normal]     | 94%    |   32.0ms | try checking all the same boxes over and...
[GAMING/GAM] | YouTube  | [Normal]     | 87%    |   24.0ms | banned...
[GAMING/GAM] | YouTube  | [Normal]     | 97%    |   35.0ms | Extra luggage compartment open in busine...
[GAMING/SUR] | YouTube  | [Normal]     | 97%    |   28.7ms | cargo for cameras...
[GAMING/GAM] | YouTube  | [Normal]     | 89%    |   28.0ms | BUISNESS PILLOW...
[ENTERTAINM] | YouTube  | [Normal]     | 95%    |   53.1ms | ааааааааа аараиаиапап...
[ENTERTAINM] | YouTube  | [Normal]     | 70%    |   38.3ms | let's goooooo… 500 millliiii...
[GAMING/SUR] | YouTube  | [Normal]     | 86%    |   31.6ms | OUT BY FROUNT DOOR...
[GAMING/GAM] | YouTube  | [Normal]     | 87%    |   29.0ms | My tummy hurt bro...
[ENTERTAINM] | YouTube  | [Normal]     | 94%    |   26.0ms | Hi...
[GAMING/GAM] | YouTube  | [Normal]     | 95%    |   24.0ms | interesting...
[GAMING/GAM] | YouTube  | [Normal]     | 82%    |   35.2ms | if he ever sees someone mention the bana...
[GAMING/GAM] | YouTube  | [Normal]     | 95%    |   41.0ms | Your movie was absolutely amazing  btw a...
[ENTERTAINM] | YouTube  | [Normal]     | 95%    |   30.6ms | Hello...
[GAMING/GAM] | YouTube  | [Normal]     | 98%    |   30.6ms | Flight board at the gate...
[MUSIC/CHIL] | YouTube  | [Normal]     | 98%    |   54.3ms | sirina:face-red-heart-shape::face-red-he...
[GAMING/SUR] | YouTube  | [Normal]     | 94%    |   30.6ms | 1box has it...
[GAMING/SUR] | YouTube  | [Normal]     | 92%    |   25.6ms | Outside...
[ENTERTAINM] | YouTube  | [Normal]     | 95%    |   26.2ms | said hi...
[GAMING/GAM] | YouTube  | [HATE]       | 60%    |   54.2ms | Mark i beg you help a man with buying a ...
[MUSIC/CHIL] | YouTube  | [Normal]     | 74%    |   43.2ms | KEJTI because smart people will think ab...
[PSYCHOLOGY] | YouTube  | [Normal]     | 93%    |   37.9ms | That does seem VERY Puer to me yeah...
[GAMING/GAM] | YouTube  | [Normal]     | 97%    |   43.6ms | There’s an extra storage space open abov...
[SPORTS/FOO] | YouTube  | [Normal]     | 96%    |   44.0ms | 이거 어디 경기야? 혹시 캐나다?...
[GAMING/GAM] | YouTube  | [Normal]     | 95%    |   34.0ms | was there a suitcase always in top of ec...
[ENTERTAINM] | YouTube  | [Normal]     | 95%    |   39.9ms | yooo mr beasttttttt...
[GAMING/GAM] | YouTube  | [Normal]     | 91%    |   36.8ms | Bag left side Business...
[GAMING/GAM] | YouTube  | [Normal]     | 96%    |   33.8ms | hi chat  hi Mark...
[MUSIC/CHIL] | YouTube  | [OFFENSIVE]  | 77%    |   71.0ms | No time for u idiot bla bla bla :zany_fa...
[GAMING/GAM] | YouTube  | [Normal]     | 79%    |   29.5ms | heavenly toilet...
[GAMING/GAM] | YouTube  | [Normal]     | 93%    |   37.1ms | THE BROWN SUITCASE IN THE CAT WALK...
[GAMING/TOU] | Twitch   | [Normal]     | 94%    |   23.0ms | gas...
[GAMING/TOU] | Twitch   | [Normal]     | 96%    |   51.1ms | HO CAMBIATO IL MIO CODICE IN  *nezakfn* ...
[GAMING/TOU] | Twitch   | [Normal]     | 96%    |   30.2ms | cosi balla...
[VALORANT/G] | Twitch   | [Normal]     | 90%    |   24.8ms | 康神...
[VALORANT/G] | Twitch   | [Normal]     | 94%    |   33.5ms | @jeanguo conter strik...
[VALORANT/G] | Twitch   | [Normal]     | 92%    |   30.1ms | @caffeinediff LOL...
[RELATIONSH] | Twitch   | [Normal]     | 77%    |   34.2ms | was soooo goooood TwitchConHYPE...
[RELATIONSH] | Twitch   | [Normal]     | 96%    |   36.1ms | Wake has more improv experience (derogat...
[VALORANT/G] | Twitch   | [Normal]     | 96%    |   36.0ms | so I’m gonna see edg live tmrw?...
[VALORANT/G] | Twitch   | [Normal]     | 91%    |   45.7ms | @caffeinediff HAH maybe ask for help nex...
[VALORANT/G] | Twitch   | [Normal]     | 90%    |   27.7ms | not looking too strong...
[RELATIONSH] | Twitch   | [Normal]     | 95%    |   27.8ms | LOLL...
[VALORANT/G] | Twitch   | [Normal]     | 95%    |   30.6ms | @LifenUpT +1...
[VALORANT/G] | Twitch   | [Normal]     | 96%    |   36.1ms | @mavhawk64 Glaze in his chat then?...
[VALORANT/G] | Twitch   | [Normal]     | 90%    |   37.2ms | @caffeinediff the regions they play in m...
[RELATIONSH] | Twitch   | [Normal]     | 93%    |   43.2ms | nmpBuddy...
[RELATIONSH] | Twitch   | [Normal]     | 93%    |   28.0ms | Jammies...
[RELATIONSH] | Twitch   | [Normal]     | 93%    |   27.4ms | Jammies...
[VALORANT/G] | Twitch   | [Normal]     | 95%    |   31.7ms | GG KK...
[RELATIONSH] | Twitch   | [Normal]     | 98%    |  102.7ms | TriHard FBCatch HolidayPresent ANY GIFTA...
[RELATIONSH] | Twitch   | [Normal]     | 94%    |   27.1ms | MOVE...
[RELATIONSH] | Twitch   | [Normal]     | 93%    |   27.3ms | Jammies ͏...
[VALORANT/G] | Twitch   | [Normal]     | 95%    |   32.1ms | kk do something  i need this pls...
[RELATIONSH] | Twitch   | [Normal]     | 96%    |  130.5ms | H-HE SO F-I-I-I-NE 😩 😩 😍 💕 💕 💕 H-HE SO F...
[RELATIONSH] | Twitch   | [Normal]     | 87%    |   24.6ms | no...
[RELATIONSH] | Twitch   | [Normal]     | 87%    |   23.1ms | no...
[RELATIONSH] | Twitch   | [Normal]     | 94%    |   39.5ms | I am rich and have money but can someone...
[RELATIONSH] | Twitch   | [Normal]     | 96%    |   27.6ms | that’s the spirit...
[RELATIONSH] | Twitch   | [Normal]     | 95%    |   30.0ms | Only once per life...
[RELATIONSH] | Twitch   | [Normal]     | 97%    |   28.0ms | 1 in 6?...
[RELATIONSH] | Twitch   | [Normal]     | 96%    |   27.0ms | LUL...
[RELATIONSH] | Twitch   | [Normal]     | 71%    |   28.0ms | nick will say anal...
[RELATIONSH] | Twitch   | [Normal]     | 40%    |   28.7ms | PEGGERS...
[RELATIONSH] | Twitch   | [Normal]     | 93%    |   34.3ms | rofl...
[ENTERTAINM] | Twitch   | [Normal]     | 92%    |   25.0ms | HUH  ͏...
[RELATIONSH] | Twitch   | [Normal]     | 94%    |   27.7ms | o7...
[RELATIONSH] | Twitch   | [Normal]     | 94%    |   24.6ms | o7...
[RELATIONSH] | Twitch   | [Normal]     | 93%    |   41.0ms | o7 Arther is helping Julia complete a su...
[RELATIONSH] | Twitch   | [Normal]     | 95%    |   26.0ms | Saved...
[RELATIONSH] | Twitch   | [Normal]     | 94%    |   29.5ms | omgBruh...
[RELATIONSH] | Twitch   | [Normal]     | 95%    |   35.1ms | Saved...
[ENTERTAINM] | Twitch   | [Normal]     | 82%    |   29.3ms | HAH...
[RELATIONSH] | Twitch   | [Normal]     | 96%    |   36.6ms | Good save...
[RELATIONSH] | Twitch   | [Normal]     | 94%    |   30.6ms | ooo mg...
[RELATIONSH] | Twitch   | [Normal]     | 67%    |   33.7ms | Is he implying he wants kids?...
[RELATIONSH] | Twitch   | [Normal]     | 86%    |   37.9ms | @MISTERARTHER are you high?...
[RELATIONSH] | Twitch   | [Normal]     | 94%    |   26.0ms | o7...
[RELATIONSH] | Twitch   | [Normal]     | 97%    |   35.0ms | arthur single arc coming soon...
[ENTERTAINM] | Twitch   | [Normal]     | 95%    |   28.6ms | is that bulbasaur...
[RELATIONSH] | Twitch   | [OFFENSIVE]  | 52%    |   27.2ms | oh shit...
[RELATIONSH] | Twitch   | [Normal]     | 94%    |   27.3ms | Aww...
[ENTERTAINM] | Twitch   | [Normal]     | 70%    |   27.1ms | too long...
[RELATIONSH] | Twitch   | [Normal]     | 93%    |   29.0ms | o7 just act confused again...
[ENTERTAINM] | Twitch   | [Normal]     | 88%    |   38.9ms | child? your own body?  self-fertilizatio...
[LEGO/UPDAT] | Twitch   | [Normal]     | 72%    |   26.6ms | portugal coasts are nice...
[ENTERTAINM] | Twitch   | [Normal]     | 96%    |   34.7ms | qoqsikOO...
[RELATIONSH] | Twitch   | [Normal]     | 95%    |   26.1ms | what?...
[RELATIONSH] | Twitch   | [Normal]     | 96%    |   48.0ms | W Dr. Dean...
[RELATIONSH] | Twitch   | [Normal]     | 93%    |   28.1ms | hes cooked...
[RELATIONSH] | Twitch   | [Normal]     | 96%    |   26.0ms | FF arthur...
[RELATIONSH] | Twitch   | [Normal]     | 93%    |   30.0ms | It's a habit problem...
[RELATIONSH] | Twitch   | [Normal]     | 85%    |   35.9ms | This is fucking brilliant LMFAOOOO...
[RELATIONSH] | Twitch   | [Normal]     | 96%    |   33.0ms | I pray to god this is scripted...
[RELATIONSH] | Twitch   | [Normal]     | 92%    |   30.3ms | BRO ARTHER...
[RELATIONSH] | Twitch   | [Normal]     | 94%    |   27.3ms | hesRight...
[RELATIONSH] | Twitch   | [Normal]     | 92%    |   31.0ms | OOOOOOOOO...
[RELATIONSH] | Twitch   | [Normal]     | 93%    |   38.4ms | mhm...
[RELATIONSH] | Twitch   | [Normal]     | 94%    |   62.1ms | this conversation will be clipped bad lo...
[RELATIONSH] | Twitch   | [OFFENSIVE]  | 60%    |   41.2ms | Bullshit...
[RELATIONSH] | Twitch   | [Normal]     | 94%    |   43.8ms | om...
[RELATIONSH] | Twitch   | [Normal]     | 94%    |   24.0ms | om...
[ENTERTAINM] | Twitch   | [Normal]     | 88%    |   28.0ms | scam...
[GAMING/CO‑] | Twitch   | [Normal]     | 95%    |   28.2ms | Hi mama Lily...
[GAMING/CO‑] | Twitch   | [Normal]     | 89%    |   37.0ms | Lol the peeps are clipping like crazy lo...
[GAMING/CO‑] | Twitch   | [Normal]     | 89%    |   46.6ms | Do you have a gimp mask for him tho?...
