node,pid,run_id,seq,topic,partition,offset,kafka_ts_ms,kafka_ts_type,t_recv_ms,infer_ms,es_ms,t_done_ms,label,confidence
vm1,312704,20261002-150936_clu_vm14-vm24-rasp14-rasp24-rasp34_allfive_r1,21,perf_20261002-150936_clu_vm14-vm24-rasp14-rasp24-rasp34_allfive_r1,0,0,1790953785263,0,1790953800109.666,160.949,159.905,1790953800430.715,Normal,0.9126
vm1,312704,20261002-150936_clu_vm14-vm24-rasp14-rasp24-rasp34_allfive_r1,48,perf_20261002-150936_clu_vm14-vm24-rasp14-rasp24-rasp34_allfive_r1,0,1,1790953785270,0,1790953800431.187,172.122,3.986,1790953800607.503,Normal,0.9513
vm1,312704,20261002-150936_clu_vm14-vm24-rasp14-rasp24-rasp34_allfive_r1,62,perf_20261002-150936_clu_vm14-vm24-rasp14-rasp24-rasp34_allfive_r1,0,2,1790953785273,0,1790953800607.788,122.815,7.296,1790953800738.119,Normal,0.9533
vm1,312704,20261002-150936_clu_vm14-vm24-rasp14-rasp24-rasp34_allfive_r1,134,perf_20261002-150936_clu_vm14-vm24-rasp14-rasp24-rasp34_allfive_r1,0,3,1790953785300,0,1790953800738.409,139.596,12.931,1790953800891.168,Normal,0.9298
vm1,312704,20261002-150936_clu_vm14-vm24-rasp14-rasp24-rasp34_allfive_r1,154,perf_20261002-150936_clu_vm14-vm24-rasp14-rasp24-rasp34_allfive_r1,0,4,1790953785318,0,1790953800891.447,123.396,3.931,1790953801018.963,Normal,0.9163
vm1,312704,20261002-150936_clu_vm14-vm24-rasp14-rasp24-rasp34_allfive_r1,186,perf_20261002-150936_clu_vm14-vm24-rasp14-rasp24-rasp34_allfive_r1,0,5,1790953785344,0,1790953801019.215,130.955,4.612,1790953801154.974,Normal,0.7583
vm1,312704,20261002-150936_clu_vm14-vm24-rasp14-rasp24-rasp34_allfive_r1,214,perf_20261002-150936_clu_vm14-vm24-rasp14-rasp24-rasp34_allfive_r1,0,6,1790953785355,0,1790953801155.222,129.55,3.718,1790953801288.671,Normal,0.9527
vm1,312704,20261002-150936_clu_vm14-vm24-rasp14-rasp24-rasp34_allfive_r1,215,perf_20261002-150936_clu_vm14-vm24-rasp14-rasp24-rasp34_allfive_r1,0,7,1790953785355,0,1790953801288.904,114.866,3.994,1790953801407.958,Normal,0.8958
vm1,312704,20261002-150936_clu_vm14-vm24-rasp14-rasp24-rasp34_allfive_r1,262,perf_20261002-150936_clu_vm14-vm24-rasp14-rasp24-rasp34_allfive_r1,0,8,1790953785376,0,1790953801408.206,116.667,4.373,1790953801529.419,Normal,0.9674
vm1,312704,20261002-150936_clu_vm14-vm24-rasp14-rasp24-rasp34_allfive_r1,272,perf_20261002-150936_clu_vm14-vm24-rasp14-rasp24-rasp34_allfive_r1,0,9,1790953785378,0,1790953801529.666,128.539,4.885,1790953801663.271,Normal,0.9494
vm1,312704,20261002-150936_clu_vm14-vm24-rasp14-rasp24-rasp34_allfive_r1,286,perf_20261002-150936_clu_vm14-vm24-rasp14-rasp24-rasp34_allfive_r1,0,10,1790953785387,0,1790953801663.502,276.419,4.818,1790953801944.928,Normal,0.9702
vm1,312704,20261002-150936_clu_vm14-vm24-rasp14-rasp24-rasp34_allfive_r1,293,perf_20261002-150936_clu_vm14-vm24-rasp14-rasp24-rasp34_allfive_r1,0,11,1790953785388,0,1790953801945.159,122.326,5.544,1790953802073.216,Normal,0.9719
vm1,312704,20261002-150936_clu_vm14-vm24-rasp14-rasp24-rasp34_allfive_r1,353,perf_20261002-150936_clu_vm14-vm24-rasp14-rasp24-rasp34_allfive_r1,0,12,1790953785411,0,1790953802073.456,118.994,3.615,1790953802196.244,Normal,0.9509
vm1,312704,20261002-150936_clu_vm14-vm24-rasp14-rasp24-rasp34_allfive_r1,367,perf_20261002-150936_clu_vm14-vm24-rasp14-rasp24-rasp34_allfive_r1,0,13,1790953785414,0,1790953802196.48,128.845,3.672,1790953802329.177,Normal,0.9277
vm1,312704,20261002-150936_clu_vm14-vm24-rasp14-rasp24-rasp34_allfive_r1,372,perf_20261002-150936_clu_vm14-vm24-rasp14-rasp24-rasp34_allfive_r1,0,14,1790953785415,0,1790953802329.422,125.284,3.932,1790953802458.817,Normal,0.9565
vm1,312704,20261002-150936_clu_vm14-vm24-rasp14-rasp24-rasp34_allfive_r1,405,perf_20261002-150936_clu_vm14-vm24-rasp14-rasp24-rasp34_allfive_r1,0,15,1790953785428,0,1790953802459.062,149.77,4.164,1790953802613.181,Normal,0.9375
vm1,312704,20261002-150936_clu_vm14-vm24-rasp14-rasp24-rasp34_allfive_r1,412,perf_20261002-150936_clu_vm14-vm24-rasp14-rasp24-rasp34_allfive_r1,0,16,1790953785442,0,1790953802613.412,119.435,4.375,1790953802737.41,Normal,0.952
vm1,312704,20261002-150936_clu_vm14-vm24-rasp14-rasp24-rasp34_allfive_r1,455,perf_20261002-150936_clu_vm14-vm24-rasp14-rasp24-rasp34_allfive_r1,0,17,1790953785477,0,1790953802737.642,115.098,4.427,1790953802857.375,Normal,0.951
vm1,312704,20261002-150936_clu_vm14-vm24-rasp14-rasp24-rasp34_allfive_r1,491,perf_20261002-150936_clu_vm14-vm24-rasp14-rasp24-rasp34_allfive_r1,0,18,1790953785505,0,1790953802857.638,122.94,3.502,1790953802984.243,Normal,0.479
vm1,312704,20261002-150936_clu_vm14-vm24-rasp14-rasp24-rasp34_allfive_r1,500,perf_20261002-150936_clu_vm14-vm24-rasp14-rasp24-rasp34_allfive_r1,0,19,1790953785507,0,1790953802984.481,139.043,4.554,1790953803128.266,Normal,0.9509
vm1,312704,20261002-150936_clu_vm14-vm24-rasp14-rasp24-rasp34_allfive_r1,525,perf_20261002-150936_clu_vm14-vm24-rasp14-rasp24-rasp34_allfive_r1,0,20,1790953785515,0,1790953803128.572,114.483,3.769,1790953803246.998,Normal,0.966
vm1,312704,20261002-150936_clu_vm14-vm24-rasp14-rasp24-rasp34_allfive_r1,534,perf_20261002-150936_clu_vm14-vm24-rasp14-rasp24-rasp34_allfive_r1,0,21,1790953785518,0,1790953803247.238,156.195,16.223,1790953803419.834,Normal,0.9592
vm1,312704,20261002-150936_clu_vm14-vm24-rasp14-rasp24-rasp34_allfive_r1,553,perf_20261002-150936_clu_vm14-vm24-rasp14-rasp24-rasp34_allfive_r1,0,22,1790953785522,0,1790953803420.083,121.909,4.565,1790953803546.74,HATE,0.4958
vm1,312704,20261002-150936_clu_vm14-vm24-rasp14-rasp24-rasp34_allfive_r1,558,perf_20261002-150936_clu_vm14-vm24-rasp14-rasp24-rasp34_allfive_r1,0,23,1790953785523,0,1790953803547.044,134.241,4.255,1790953803685.722,Normal,0.6794
vm1,312704,20261002-150936_clu_vm14-vm24-rasp14-rasp24-rasp34_allfive_r1,563,perf_20261002-150936_clu_vm14-vm24-rasp14-rasp24-rasp34_allfive_r1,0,24,1790953785524,0,1790953803685.993,101.029,11.415,1790953803798.612,Normal,0.7933
vm1,312704,20261002-150936_clu_vm14-vm24-rasp14-rasp24-rasp34_allfive_r1,570,perf_20261002-150936_clu_vm14-vm24-rasp14-rasp24-rasp34_allfive_r1,0,25,1790953785526,0,1790953803798.94,147.069,4.784,1790953803951.002,Normal,0.9584
vm1,312704,20261002-150936_clu_vm14-vm24-rasp14-rasp24-rasp34_allfive_r1,574,perf_20261002-150936_clu_vm14-vm24-rasp14-rasp24-rasp34_allfive_r1,0,26,1790953785527,0,1790953803951.306,239.734,4.762,1790953804196.029,Normal,0.9433
vm1,312704,20261002-150936_clu_vm14-vm24-rasp14-rasp24-rasp34_allfive_r1,584,perf_20261002-150936_clu_vm14-vm24-rasp14-rasp24-rasp34_allfive_r1,0,27,1790953785528,0,1790953804196.419,210.745,14.704,1790953804422.113,Normal,0.9309
vm1,312704,20261002-150936_clu_vm14-vm24-rasp14-rasp24-rasp34_allfive_r1,593,perf_20261002-150936_clu_vm14-vm24-rasp14-rasp24-rasp34_allfive_r1,0,28,1790953785529,0,1790953804422.493,158.583,4.805,1790953804586.165,Normal,0.9603
vm1,312704,20261002-150936_clu_vm14-vm24-rasp14-rasp24-rasp34_allfive_r1,607,perf_20261002-150936_clu_vm14-vm24-rasp14-rasp24-rasp34_allfive_r1,0,29,1790953785530,0,1790953804586.508,136.655,3.879,1790953804727.288,Normal,0.91
vm1,312704,20261002-150936_clu_vm14-vm24-rasp14-rasp24-rasp34_allfive_r1,615,perf_20261002-150936_clu_vm14-vm24-rasp14-rasp24-rasp34_allfive_r1,0,30,1790953785531,0,1790953804727.603,153.797,4.908,1790953804886.564,Normal,0.968
vm1,312704,20261002-150936_clu_vm14-vm24-rasp14-rasp24-rasp34_allfive_r1,633,perf_20261002-150936_clu_vm14-vm24-rasp14-rasp24-rasp34_allfive_r1,0,31,1790953785532,0,1790953804886.981,153.074,4.775,1790953805045.046,Normal,0.9468
vm1,312704,20261002-150936_clu_vm14-vm24-rasp14-rasp24-rasp34_allfive_r1,665,perf_20261002-150936_clu_vm14-vm24-rasp14-rasp24-rasp34_allfive_r1,0,32,1790953785536,0,1790953805045.38,179.342,4.312,1790953805229.274,Normal,0.9482
vm1,312704,20261002-150936_clu_vm14-vm24-rasp14-rasp24-rasp34_allfive_r1,668,perf_20261002-150936_clu_vm14-vm24-rasp14-rasp24-rasp34_allfive_r1,0,33,1790953785537,0,1790953805229.582,141.728,4.603,1790953805376.111,Normal,0.9348
vm1,312704,20261002-150936_clu_vm14-vm24-rasp14-rasp24-rasp34_allfive_r1,689,perf_20261002-150936_clu_vm14-vm24-rasp14-rasp24-rasp34_allfive_r1,0,34,1790953785538,0,1790953805376.408,127.857,4.646,1790953805509.131,Normal,0.9648
vm1,312704,20261002-150936_clu_vm14-vm24-rasp14-rasp24-rasp34_allfive_r1,718,perf_20261002-150936_clu_vm14-vm24-rasp14-rasp24-rasp34_allfive_r1,0,35,1790953785549,0,1790953805509.413,125.525,4.735,1790953805639.846,Normal,0.9615
vm1,312704,20261002-150936_clu_vm14-vm24-rasp14-rasp24-rasp34_allfive_r1,759,perf_20261002-150936_clu_vm14-vm24-rasp14-rasp24-rasp34_allfive_r1,0,36,1790953785558,0,1790953805640.173,195.511,4.164,1790953805840.034,Normal,0.9634
vm1,312704,20261002-150936_clu_vm14-vm24-rasp14-rasp24-rasp34_allfive_r1,761,perf_20261002-150936_clu_vm14-vm24-rasp14-rasp24-rasp34_allfive_r1,0,37,1790953785559,0,1790953805840.346,142.782,5.249,1790953805988.569,Normal,0.9607
vm1,312704,20261002-150936_clu_vm14-vm24-rasp14-rasp24-rasp34_allfive_r1,780,perf_20261002-150936_clu_vm14-vm24-rasp14-rasp24-rasp34_allfive_r1,0,38,1790953785560,0,1790953805988.943,119.623,4.247,1790953806113.013,Normal,0.943
vm1,312704,20261002-150936_clu_vm14-vm24-rasp14-rasp24-rasp34_allfive_r1,784,perf_20261002-150936_clu_vm14-vm24-rasp14-rasp24-rasp34_allfive_r1,0,39,1790953785566,0,1790953806113.325,172.851,6.183,1790953806292.611,Normal,0.9723
vm1,312704,20261002-150936_clu_vm14-vm24-rasp14-rasp24-rasp34_allfive_r1,785,perf_20261002-150936_clu_vm14-vm24-rasp14-rasp24-rasp34_allfive_r1,0,40,1790953785566,0,1790953806292.926,98.058,4.351,1790953806395.533,Normal,0.9153
vm1,312704,20261002-150936_clu_vm14-vm24-rasp14-rasp24-rasp34_allfive_r1,795,perf_20261002-150936_clu_vm14-vm24-rasp14-rasp24-rasp34_allfive_r1,0,41,1790953785567,0,1790953806395.815,126.51,4.267,1790953806526.781,Normal,0.9597
vm1,312704,20261002-150936_clu_vm14-vm24-rasp14-rasp24-rasp34_allfive_r1,818,perf_20261002-150936_clu_vm14-vm24-rasp14-rasp24-rasp34_allfive_r1,0,42,1790953785579,0,1790953806527.062,126.587,3.867,1790953806657.703,Normal,0.9659
vm1,312704,20261002-150936_clu_vm14-vm24-rasp14-rasp24-rasp34_allfive_r1,931,perf_20261002-150936_clu_vm14-vm24-rasp14-rasp24-rasp34_allfive_r1,0,43,1790953785649,0,1790953806658.1,157.793,4.653,1790953806820.747,Normal,0.9641
vm1,312704,20261002-150936_clu_vm14-vm24-rasp14-rasp24-rasp34_allfive_r1,957,perf_20261002-150936_clu_vm14-vm24-rasp14-rasp24-rasp34_allfive_r1,0,44,1790953785677,0,1790953806821.089,121.341,11.653,1790953806954.284,Normal,0.9526
vm1,312704,20261002-150936_clu_vm14-vm24-rasp14-rasp24-rasp34_allfive_r1,974,perf_20261002-150936_clu_vm14-vm24-rasp14-rasp24-rasp34_allfive_r1,0,45,1790953785683,0,1790953806954.599,179.544,5.708,1790953807140.412,Normal,0.9451
vm1,312704,20261002-150936_clu_vm14-vm24-rasp14-rasp24-rasp34_allfive_r1,975,perf_20261002-150936_clu_vm14-vm24-rasp14-rasp24-rasp34_allfive_r1,0,46,1790953785683,0,1790953807140.75,149.343,4.641,1790953807294.973,Normal,0.959
vm1,312704,20261002-150936_clu_vm14-vm24-rasp14-rasp24-rasp34_allfive_r1,1038,perf_20261002-150936_clu_vm14-vm24-rasp14-rasp24-rasp34_allfive_r1,0,47,1790953785697,0,1790953807295.302,117.649,4.834,1790953807417.995,Normal,0.56
vm1,312704,20261002-150936_clu_vm14-vm24-rasp14-rasp24-rasp34_allfive_r1,1045,perf_20261002-150936_clu_vm14-vm24-rasp14-rasp24-rasp34_allfive_r1,0,48,1790953785698,0,1790953807418.335,291.346,4.987,1790953807715.086,Normal,0.9742
vm1,312704,20261002-150936_clu_vm14-vm24-rasp14-rasp24-rasp34_allfive_r1,1054,perf_20261002-150936_clu_vm14-vm24-rasp14-rasp24-rasp34_allfive_r1,0,49,1790953785700,0,1790953807715.432,179.509,7.711,1790953807902.781,Normal,0.9375
vm1,312704,20261002-150936_clu_vm14-vm24-rasp14-rasp24-rasp34_allfive_r1,1055,perf_20261002-150936_clu_vm14-vm24-rasp14-rasp24-rasp34_allfive_r1,0,50,1790953785700,0,1790953807903.097,223.394,13.009,1790953808139.675,Normal,0.9676
vm1,312704,20261002-150936_clu_vm14-vm24-rasp14-rasp24-rasp34_allfive_r1,1062,perf_20261002-150936_clu_vm14-vm24-rasp14-rasp24-rasp34_allfive_r1,0,51,1790953785702,0,1790953808139.969,257.695,4.651,1790953808402.658,Normal,0.9595
vm1,312704,20261002-150936_clu_vm14-vm24-rasp14-rasp24-rasp34_allfive_r1,1076,perf_20261002-150936_clu_vm14-vm24-rasp14-rasp24-rasp34_allfive_r1,0,52,1790953785704,0,1790953808402.96,120.835,5.08,1790953808529.032,Normal,0.96
vm1,312704,20261002-150936_clu_vm14-vm24-rasp14-rasp24-rasp34_allfive_r1,1118,perf_20261002-150936_clu_vm14-vm24-rasp14-rasp24-rasp34_allfive_r1,0,53,1790953785713,0,1790953808529.239,137.361,4.732,1790953808671.513,Normal,0.9728
vm1,312704,20261002-150936_clu_vm14-vm24-rasp14-rasp24-rasp34_allfive_r1,1130,perf_20261002-150936_clu_vm14-vm24-rasp14-rasp24-rasp34_allfive_r1,0,54,1790953785716,0,1790953808671.851,120.761,9.74,1790953808802.572,Normal,0.9108
vm1,312704,20261002-150936_clu_vm14-vm24-rasp14-rasp24-rasp34_allfive_r1,1149,perf_20261002-150936_clu_vm14-vm24-rasp14-rasp24-rasp34_allfive_r1,0,55,1790953785719,0,1790953808802.916,185.077,3.566,1790953808991.756,Normal,0.9445
vm1,312704,20261002-150936_clu_vm14-vm24-rasp14-rasp24-rasp34_allfive_r1,1181,perf_20261002-150936_clu_vm14-vm24-rasp14-rasp24-rasp34_allfive_r1,0,56,1790953785726,0,1790953808992.023,305.074,14.496,1790953809311.775,Normal,0.922
vm1,312704,20261002-150936_clu_vm14-vm24-rasp14-rasp24-rasp34_allfive_r1,1200,perf_20261002-150936_clu_vm14-vm24-rasp14-rasp24-rasp34_allfive_r1,0,57,1790953785729,0,1790953809312.136,168.804,4.898,1790953809486.023,Normal,0.9424
vm1,312704,20261002-150936_clu_vm14-vm24-rasp14-rasp24-rasp34_allfive_r1,1207,perf_20261002-150936_clu_vm14-vm24-rasp14-rasp24-rasp34_allfive_r1,0,58,1790953785729,0,1790953809486.354,355.652,3.936,1790953809846.126,Normal,0.9709
vm1,312704,20261002-150936_clu_vm14-vm24-rasp14-rasp24-rasp34_allfive_r1,1209,perf_20261002-150936_clu_vm14-vm24-rasp14-rasp24-rasp34_allfive_r1,0,59,1790953785729,0,1790953809846.425,272.32,6.28,1790953810125.436,Normal,0.9593
vm1,312704,20261002-150936_clu_vm14-vm24-rasp14-rasp24-rasp34_allfive_r1,1234,perf_20261002-150936_clu_vm14-vm24-rasp14-rasp24-rasp34_allfive_r1,0,60,1790953785737,0,1790953810125.761,122.265,10.432,1790953810258.651,Normal,0.9755
vm1,312704,20261002-150936_clu_vm14-vm24-rasp14-rasp24-rasp34_allfive_r1,1236,perf_20261002-150936_clu_vm14-vm24-rasp14-rasp24-rasp34_allfive_r1,0,61,1790953785737,0,1790953810258.981,184.818,15.49,1790953810459.46,Normal,0.8886
vm1,312704,20261002-150936_clu_vm14-vm24-rasp14-rasp24-rasp34_allfive_r1,1238,perf_20261002-150936_clu_vm14-vm24-rasp14-rasp24-rasp34_allfive_r1,0,62,1790953785737,0,1790953810459.8,197.379,11.408,1790953810668.77,Normal,0.9062
vm1,312704,20261002-150936_clu_vm14-vm24-rasp14-rasp24-rasp34_allfive_r1,1267,perf_20261002-150936_clu_vm14-vm24-rasp14-rasp24-rasp34_allfive_r1,0,63,1790953785740,0,1790953810669.136,199.695,4.222,1790953810873.253,Normal,0.9423
vm1,312704,20261002-150936_clu_vm14-vm24-rasp14-rasp24-rasp34_allfive_r1,1274,perf_20261002-150936_clu_vm14-vm24-rasp14-rasp24-rasp34_allfive_r1,0,64,1790953785741,0,1790953810873.544,162.467,4.478,1790953811040.695,Normal,0.9527
vm1,312704,20261002-150936_clu_vm14-vm24-rasp14-rasp24-rasp34_allfive_r1,1293,perf_20261002-150936_clu_vm14-vm24-rasp14-rasp24-rasp34_allfive_r1,0,65,1790953785747,0,1790953811041.048,149.32,3.461,1790953811194.005,Normal,0.9473
vm1,312704,20261002-150936_clu_vm14-vm24-rasp14-rasp24-rasp34_allfive_r1,1334,perf_20261002-150936_clu_vm14-vm24-rasp14-rasp24-rasp34_allfive_r1,0,66,1790953785751,0,1790953811194.302,141.621,4.329,1790953811340.427,Normal,0.851
vm1,312704,20261002-150936_clu_vm14-vm24-rasp14-rasp24-rasp34_allfive_r1,1381,perf_20261002-150936_clu_vm14-vm24-rasp14-rasp24-rasp34_allfive_r1,0,67,1790953785790,0,1790953811340.731,183.182,4.323,1790953811528.4,Normal,0.9173
vm1,312704,20261002-150936_clu_vm14-vm24-rasp14-rasp24-rasp34_allfive_r1,1394,perf_20261002-150936_clu_vm14-vm24-rasp14-rasp24-rasp34_allfive_r1,0,68,1790953785793,0,1790953811528.688,135.522,10.232,1790953811674.629,Normal,0.9657
vm1,312704,20261002-150936_clu_vm14-vm24-rasp14-rasp24-rasp34_allfive_r1,1463,perf_20261002-150936_clu_vm14-vm24-rasp14-rasp24-rasp34_allfive_r1,0,69,1790953785852,0,1790953811675.025,177.356,4.709,1790953811857.325,Normal,0.5605
vm1,312704,20261002-150936_clu_vm14-vm24-rasp14-rasp24-rasp34_allfive_r1,1502,perf_20261002-150936_clu_vm14-vm24-rasp14-rasp24-rasp34_allfive_r1,0,70,1790953785875,0,1790953811857.76,152.319,5.44,1790953812015.766,Normal,0.9648
vm1,312704,20261002-150936_clu_vm14-vm24-rasp14-rasp24-rasp34_allfive_r1,1507,perf_20261002-150936_clu_vm14-vm24-rasp14-rasp24-rasp34_allfive_r1,0,71,1790953785882,0,1790953812016.274,156.73,5.878,1790953812179.13,Normal,0.9577
vm1,312704,20261002-150936_clu_vm14-vm24-rasp14-rasp24-rasp34_allfive_r1,1514,perf_20261002-150936_clu_vm14-vm24-rasp14-rasp24-rasp34_allfive_r1,0,72,1790953785891,0,1790953812179.42,163.931,4.487,1790953812348.049,Normal,0.9004
vm1,312704,20261002-150936_clu_vm14-vm24-rasp14-rasp24-rasp34_allfive_r1,1524,perf_20261002-150936_clu_vm14-vm24-rasp14-rasp24-rasp34_allfive_r1,0,73,1790953785893,0,1790953812348.364,138.421,4.008,1790953812490.927,Normal,0.9489
vm1,312704,20261002-150936_clu_vm14-vm24-rasp14-rasp24-rasp34_allfive_r1,1598,perf_20261002-150936_clu_vm14-vm24-rasp14-rasp24-rasp34_allfive_r1,0,74,1790953785937,0,1790953812491.18,121.102,4.463,1790953812616.9,Normal,0.9531
vm1,312704,20261002-150936_clu_vm14-vm24-rasp14-rasp24-rasp34_allfive_r1,1599,perf_20261002-150936_clu_vm14-vm24-rasp14-rasp24-rasp34_allfive_r1,0,75,1790953785937,0,1790953812617.162,143.227,4.66,1790953812765.254,Normal,0.9668
vm1,312704,20261002-150936_clu_vm14-vm24-rasp14-rasp24-rasp34_allfive_r1,1608,perf_20261002-150936_clu_vm14-vm24-rasp14-rasp24-rasp34_allfive_r1,0,76,1790953785940,0,1790953812765.543,159.843,5.43,1790953812931.007,Normal,0.9553
vm1,312704,20261002-150936_clu_vm14-vm24-rasp14-rasp24-rasp34_allfive_r1,1611,perf_20261002-150936_clu_vm14-vm24-rasp14-rasp24-rasp34_allfive_r1,0,77,1790953785940,0,1790953812931.353,156.679,4.18,1790953813092.421,Normal,0.965
vm1,312704,20261002-150936_clu_vm14-vm24-rasp14-rasp24-rasp34_allfive_r1,1646,perf_20261002-150936_clu_vm14-vm24-rasp14-rasp24-rasp34_allfive_r1,0,78,1790953785947,0,1790953813092.744,188.407,3.793,1790953813285.103,Normal,0.9309
vm1,312704,20261002-150936_clu_vm14-vm24-rasp14-rasp24-rasp34_allfive_r1,1657,perf_20261002-150936_clu_vm14-vm24-rasp14-rasp24-rasp34_allfive_r1,0,79,1790953785949,0,1790953813285.381,140.092,4.628,1790953813430.316,Normal,0.9287
vm1,312704,20261002-150936_clu_vm14-vm24-rasp14-rasp24-rasp34_allfive_r1,1691,perf_20261002-150936_clu_vm14-vm24-rasp14-rasp24-rasp34_allfive_r1,0,80,1790953785954,0,1790953813430.635,102.067,4.341,1790953813537.237,Normal,0.8363
vm1,312704,20261002-150936_clu_vm14-vm24-rasp14-rasp24-rasp34_allfive_r1,1698,perf_20261002-150936_clu_vm14-vm24-rasp14-rasp24-rasp34_allfive_r1,0,81,1790953785954,0,1790953813537.529,90.448,4.621,1790953813632.785,Normal,0.8288
vm1,312704,20261002-150936_clu_vm14-vm24-rasp14-rasp24-rasp34_allfive_r1,1705,perf_20261002-150936_clu_vm14-vm24-rasp14-rasp24-rasp34_allfive_r1,0,82,1790953785955,0,1790953813633.614,94.434,4.321,1790953813732.574,Normal,0.9649
vm1,312704,20261002-150936_clu_vm14-vm24-rasp14-rasp24-rasp34_allfive_r1,1723,perf_20261002-150936_clu_vm14-vm24-rasp14-rasp24-rasp34_allfive_r1,0,83,1790953785956,0,1790953813732.837,120.949,4.565,1790953813858.6,Normal,0.8675
vm1,312704,20261002-150936_clu_vm14-vm24-rasp14-rasp24-rasp34_allfive_r1,1745,perf_20261002-150936_clu_vm14-vm24-rasp14-rasp24-rasp34_allfive_r1,0,84,1790953785965,0,1790953813858.916,97.814,5.718,1790953813962.634,Normal,0.9262
vm1,312704,20261002-150936_clu_vm14-vm24-rasp14-rasp24-rasp34_allfive_r1,1748,perf_20261002-150936_clu_vm14-vm24-rasp14-rasp24-rasp34_allfive_r1,0,85,1790953785965,0,1790953813962.969,143.876,4.769,1790953814111.906,Normal,0.9037
vm1,312704,20261002-150936_clu_vm14-vm24-rasp14-rasp24-rasp34_allfive_r1,1761,perf_20261002-150936_clu_vm14-vm24-rasp14-rasp24-rasp34_allfive_r1,0,86,1790953785968,0,1790953814112.176,117.875,4.425,1790953814234.665,Normal,0.9406
vm1,312704,20261002-150936_clu_vm14-vm24-rasp14-rasp24-rasp34_allfive_r1,1849,perf_20261002-150936_clu_vm14-vm24-rasp14-rasp24-rasp34_allfive_r1,0,87,1790953785988,0,1790953814234.907,112.303,4.291,1790953814351.701,Normal,0.963
vm1,312704,20261002-150936_clu_vm14-vm24-rasp14-rasp24-rasp34_allfive_r1,1870,perf_20261002-150936_clu_vm14-vm24-rasp14-rasp24-rasp34_allfive_r1,0,88,1790953785990,0,1790953814351.953,106.149,4.141,1790953814462.428,Normal,0.9672
vm1,312704,20261002-150936_clu_vm14-vm24-rasp14-rasp24-rasp34_allfive_r1,1876,perf_20261002-150936_clu_vm14-vm24-rasp14-rasp24-rasp34_allfive_r1,0,89,1790953785991,0,1790953814462.691,90.889,4.45,1790953814558.205,Normal,0.9566
vm1,312704,20261002-150936_clu_vm14-vm24-rasp14-rasp24-rasp34_allfive_r1,1889,perf_20261002-150936_clu_vm14-vm24-rasp14-rasp24-rasp34_allfive_r1,0,90,1790953785992,0,1790953814558.451,103.144,4.927,1790953814666.704,Normal,0.855
vm1,312704,20261002-150936_clu_vm14-vm24-rasp14-rasp24-rasp34_allfive_r1,1902,perf_20261002-150936_clu_vm14-vm24-rasp14-rasp24-rasp34_allfive_r1,0,91,1790953785993,0,1790953814667.015,98.917,4.316,1790953814770.429,Normal,0.9138
vm1,312704,20261002-150936_clu_vm14-vm24-rasp14-rasp24-rasp34_allfive_r1,1942,perf_20261002-150936_clu_vm14-vm24-rasp14-rasp24-rasp34_allfive_r1,0,92,1790953786000,0,1790953814770.681,101.152,4.588,1790953814876.611,Normal,0.9469
vm1,312704,20261002-150936_clu_vm14-vm24-rasp14-rasp24-rasp34_allfive_r1,1948,perf_20261002-150936_clu_vm14-vm24-rasp14-rasp24-rasp34_allfive_r1,0,93,1790953786001,0,1790953814876.864,118.318,4.705,1790953815000.067,Normal,0.968
vm1,312704,20261002-150936_clu_vm14-vm24-rasp14-rasp24-rasp34_allfive_r1,1956,perf_20261002-150936_clu_vm14-vm24-rasp14-rasp24-rasp34_allfive_r1,0,94,1790953786001,0,1790953815000.34,100.57,4.291,1790953815105.386,Normal,0.9618
vm1,312704,20261002-150936_clu_vm14-vm24-rasp14-rasp24-rasp34_allfive_r1,1987,perf_20261002-150936_clu_vm14-vm24-rasp14-rasp24-rasp34_allfive_r1,0,95,1790953786009,0,1790953815105.634,102.232,10.843,1790953815218.906,Normal,0.9509
vm1,312704,20261002-150936_clu_vm14-vm24-rasp14-rasp24-rasp34_allfive_r1,2041,perf_20261002-150936_clu_vm14-vm24-rasp14-rasp24-rasp34_allfive_r1,0,96,1790953786035,0,1790953815219.264,288.75,4.085,1790953815512.296,Normal,0.9821
vm1,312704,20261002-150936_clu_vm14-vm24-rasp14-rasp24-rasp34_allfive_r1,2071,perf_20261002-150936_clu_vm14-vm24-rasp14-rasp24-rasp34_allfive_r1,0,97,1790953786059,0,1790953815512.649,188.425,11.33,1790953815712.647,Normal,0.9769
vm1,312704,20261002-150936_clu_vm14-vm24-rasp14-rasp24-rasp34_allfive_r1,2075,perf_20261002-150936_clu_vm14-vm24-rasp14-rasp24-rasp34_allfive_r1,0,98,1790953786060,0,1790953815713.156,139.658,5.431,1790953815858.477,Normal,0.9608
vm1,312704,20261002-150936_clu_vm14-vm24-rasp14-rasp24-rasp34_allfive_r1,2109,perf_20261002-150936_clu_vm14-vm24-rasp14-rasp24-rasp34_allfive_r1,0,99,1790953786085,0,1790953815858.832,189.442,4.719,1790953816053.231,Normal,0.9629
vm1,312704,20261002-150936_clu_vm14-vm24-rasp14-rasp24-rasp34_allfive_r1,2110,perf_20261002-150936_clu_vm14-vm24-rasp14-rasp24-rasp34_allfive_r1,0,100,1790953786085,0,1790953816053.576,177.258,4.509,1790953816235.552,Normal,0.8793
vm1,312704,20261002-150936_clu_vm14-vm24-rasp14-rasp24-rasp34_allfive_r1,2128,perf_20261002-150936_clu_vm14-vm24-rasp14-rasp24-rasp34_allfive_r1,0,101,1790953786098,0,1790953816235.904,280.702,5.329,1790953816522.16,Normal,0.9731
vm1,312704,20261002-150936_clu_vm14-vm24-rasp14-rasp24-rasp34_allfive_r1,2129,perf_20261002-150936_clu_vm14-vm24-rasp14-rasp24-rasp34_allfive_r1,0,102,1790953786098,0,1790953816522.482,226.846,5.452,1790953816754.997,Normal,0.9724
vm1,312704,20261002-150936_clu_vm14-vm24-rasp14-rasp24-rasp34_allfive_r1,2131,perf_20261002-150936_clu_vm14-vm24-rasp14-rasp24-rasp34_allfive_r1,0,103,1790953786099,0,1790953816755.347,149.018,5.042,1790953816909.625,Normal,0.9405
vm1,312704,20261002-150936_clu_vm14-vm24-rasp14-rasp24-rasp34_allfive_r1,2134,perf_20261002-150936_clu_vm14-vm24-rasp14-rasp24-rasp34_allfive_r1,0,104,1790953786099,0,1790953816910.094,151.968,5.52,1790953817067.768,Normal,0.958
vm1,312704,20261002-150936_clu_vm14-vm24-rasp14-rasp24-rasp34_allfive_r1,2147,perf_20261002-150936_clu_vm14-vm24-rasp14-rasp24-rasp34_allfive_r1,0,105,1790953786102,0,1790953817068.086,162.045,34.487,1790953817264.847,OFFENSIVE,0.8169
vm1,312704,20261002-150936_clu_vm14-vm24-rasp14-rasp24-rasp34_allfive_r1,2180,perf_20261002-150936_clu_vm14-vm24-rasp14-rasp24-rasp34_allfive_r1,0,106,1790953786130,0,1790953817265.157,156.333,4.347,1790953817426.031,Normal,0.9375
vm1,312704,20261002-150936_clu_vm14-vm24-rasp14-rasp24-rasp34_allfive_r1,2189,perf_20261002-150936_clu_vm14-vm24-rasp14-rasp24-rasp34_allfive_r1,0,107,1790953786141,0,1790953817426.389,175.206,4.42,1790953817606.236,Normal,0.9292
vm1,312704,20261002-150936_clu_vm14-vm24-rasp14-rasp24-rasp34_allfive_r1,2214,perf_20261002-150936_clu_vm14-vm24-rasp14-rasp24-rasp34_allfive_r1,0,108,1790953786159,0,1790953817606.539,260.617,4.54,1790953817871.894,Normal,0.8985
vm1,312704,20261002-150936_clu_vm14-vm24-rasp14-rasp24-rasp34_allfive_r1,2233,perf_20261002-150936_clu_vm14-vm24-rasp14-rasp24-rasp34_allfive_r1,0,109,1790953786168,0,1790953817872.226,144.457,5.367,1790953818022.246,Normal,0.9303
vm1,312704,20261002-150936_clu_vm14-vm24-rasp14-rasp24-rasp34_allfive_r1,2244,perf_20261002-150936_clu_vm14-vm24-rasp14-rasp24-rasp34_allfive_r1,0,110,1790953786170,0,1790953818022.662,189.48,4.848,1790953818217.208,Normal,0.8827
vm1,312704,20261002-150936_clu_vm14-vm24-rasp14-rasp24-rasp34_allfive_r1,2264,perf_20261002-150936_clu_vm14-vm24-rasp14-rasp24-rasp34_allfive_r1,0,111,1790953786175,0,1790953818217.543,171.024,5.064,1790953818393.847,Normal,0.9652
vm1,312704,20261002-150936_clu_vm14-vm24-rasp14-rasp24-rasp34_allfive_r1,2266,perf_20261002-150936_clu_vm14-vm24-rasp14-rasp24-rasp34_allfive_r1,0,112,1790953786175,0,1790953818394.236,134.472,3.961,1790953818532.834,Normal,0.9598
vm1,312704,20261002-150936_clu_vm14-vm24-rasp14-rasp24-rasp34_allfive_r1,2288,perf_20261002-150936_clu_vm14-vm24-rasp14-rasp24-rasp34_allfive_r1,0,113,1790953786180,0,1790953818533.105,126.534,4.277,1790953818664.12,Normal,0.9556
vm1,312704,20261002-150936_clu_vm14-vm24-rasp14-rasp24-rasp34_allfive_r1,2350,perf_20261002-150936_clu_vm14-vm24-rasp14-rasp24-rasp34_allfive_r1,0,114,1790953786190,0,1790953818664.448,209.721,5.851,1790953818880.221,Normal,0.9255
vm1,312704,20261002-150936_clu_vm14-vm24-rasp14-rasp24-rasp34_allfive_r1,2399,perf_20261002-150936_clu_vm14-vm24-rasp14-rasp24-rasp34_allfive_r1,0,115,1790953786194,0,1790953818880.931,138.671,3.657,1790953819023.479,Normal,0.9605
vm1,312704,20261002-150936_clu_vm14-vm24-rasp14-rasp24-rasp34_allfive_r1,2416,perf_20261002-150936_clu_vm14-vm24-rasp14-rasp24-rasp34_allfive_r1,0,116,1790953786196,0,1790953819023.783,146.378,4.444,1790953819174.793,Normal,0.9541
vm1,312704,20261002-150936_clu_vm14-vm24-rasp14-rasp24-rasp34_allfive_r1,2425,perf_20261002-150936_clu_vm14-vm24-rasp14-rasp24-rasp34_allfive_r1,0,117,1790953786197,0,1790953819175.144,142.925,4.033,1790953819322.304,Normal,0.9299
vm1,312704,20261002-150936_clu_vm14-vm24-rasp14-rasp24-rasp34_allfive_r1,2429,perf_20261002-150936_clu_vm14-vm24-rasp14-rasp24-rasp34_allfive_r1,0,118,1790953786197,0,1790953819322.58,152.882,3.973,1790953819479.609,Normal,0.9094
vm1,312704,20261002-150936_clu_vm14-vm24-rasp14-rasp24-rasp34_allfive_r1,2433,perf_20261002-150936_clu_vm14-vm24-rasp14-rasp24-rasp34_allfive_r1,0,119,1790953786197,0,1790953819479.889,176.783,4.822,1790953819661.715,Normal,0.9423
vm1,312704,20261002-150936_clu_vm14-vm24-rasp14-rasp24-rasp34_allfive_r1,2457,perf_20261002-150936_clu_vm14-vm24-rasp14-rasp24-rasp34_allfive_r1,0,120,1790953786205,0,1790953819662.145,173.201,4.492,1790953819840.043,Normal,0.6708
vm1,312704,20261002-150936_clu_vm14-vm24-rasp14-rasp24-rasp34_allfive_r1,2472,perf_20261002-150936_clu_vm14-vm24-rasp14-rasp24-rasp34_allfive_r1,0,121,1790953786206,0,1790953819840.464,168.597,3.503,1790953820013.316,Normal,0.9722
vm1,312704,20261002-150936_clu_vm14-vm24-rasp14-rasp24-rasp34_allfive_r1,2536,perf_20261002-150936_clu_vm14-vm24-rasp14-rasp24-rasp34_allfive_r1,0,122,1790953786212,0,1790953820013.605,118.509,5.091,1790953820137.416,Normal,0.7829
vm1,312704,20261002-150936_clu_vm14-vm24-rasp14-rasp24-rasp34_allfive_r1,2549,perf_20261002-150936_clu_vm14-vm24-rasp14-rasp24-rasp34_allfive_r1,0,123,1790953786213,0,1790953820137.752,115.139,3.943,1790953820257.022,Normal,0.9571
vm1,312704,20261002-150936_clu_vm14-vm24-rasp14-rasp24-rasp34_allfive_r1,2565,perf_20261002-150936_clu_vm14-vm24-rasp14-rasp24-rasp34_allfive_r1,0,124,1790953786214,0,1790953820257.252,110.761,4.393,1790953820372.596,Normal,0.9375
vm1,312704,20261002-150936_clu_vm14-vm24-rasp14-rasp24-rasp34_allfive_r1,2568,perf_20261002-150936_clu_vm14-vm24-rasp14-rasp24-rasp34_allfive_r1,0,125,1790953786215,0,1790953820372.861,91.408,6.152,1790953820470.612,Normal,0.917
vm1,312704,20261002-150936_clu_vm14-vm24-rasp14-rasp24-rasp34_allfive_r1,2586,perf_20261002-150936_clu_vm14-vm24-rasp14-rasp24-rasp34_allfive_r1,0,126,1790953786217,0,1790953820470.912,149.966,4.146,1790953820625.237,Normal,0.9524
vm1,312704,20261002-150936_clu_vm14-vm24-rasp14-rasp24-rasp34_allfive_r1,2615,perf_20261002-150936_clu_vm14-vm24-rasp14-rasp24-rasp34_allfive_r1,0,127,1790953786219,0,1790953820625.497,112.262,4.723,1790953820742.731,Normal,0.9639
vm1,312704,20261002-150936_clu_vm14-vm24-rasp14-rasp24-rasp34_allfive_r1,2651,perf_20261002-150936_clu_vm14-vm24-rasp14-rasp24-rasp34_allfive_r1,0,128,1790953786227,0,1790953820742.973,413.225,4.852,1790953821161.282,Normal,0.9785
vm1,312704,20261002-150936_clu_vm14-vm24-rasp14-rasp24-rasp34_allfive_r1,2682,perf_20261002-150936_clu_vm14-vm24-rasp14-rasp24-rasp34_allfive_r1,0,129,1790953786234,0,1790953821161.646,130.774,4.756,1790953821297.358,Normal,0.9551
vm1,312704,20261002-150936_clu_vm14-vm24-rasp14-rasp24-rasp34_allfive_r1,2710,perf_20261002-150936_clu_vm14-vm24-rasp14-rasp24-rasp34_allfive_r1,0,130,1790953786237,0,1790953821297.643,126.487,4.611,1790953821428.92,Normal,0.8873
vm1,312704,20261002-150936_clu_vm14-vm24-rasp14-rasp24-rasp34_allfive_r1,2742,perf_20261002-150936_clu_vm14-vm24-rasp14-rasp24-rasp34_allfive_r1,0,131,1790953786242,0,1790953821429.248,126.671,4.406,1790953821560.513,Normal,0.9679
vm1,312704,20261002-150936_clu_vm14-vm24-rasp14-rasp24-rasp34_allfive_r1,2766,perf_20261002-150936_clu_vm14-vm24-rasp14-rasp24-rasp34_allfive_r1,0,132,1790953786244,0,1790953821560.768,120.021,3.734,1790953821684.752,Normal,0.9633
vm1,312704,20261002-150936_clu_vm14-vm24-rasp14-rasp24-rasp34_allfive_r1,2773,perf_20261002-150936_clu_vm14-vm24-rasp14-rasp24-rasp34_allfive_r1,0,133,1790953786245,0,1790953821685.007,140.63,11.268,1790953821837.092,Normal,0.9658
vm1,312704,20261002-150936_clu_vm14-vm24-rasp14-rasp24-rasp34_allfive_r1,2779,perf_20261002-150936_clu_vm14-vm24-rasp14-rasp24-rasp34_allfive_r1,0,134,1790953786245,0,1790953821837.448,176.833,17.935,1790953822032.406,Normal,0.9561
vm1,312704,20261002-150936_clu_vm14-vm24-rasp14-rasp24-rasp34_allfive_r1,2783,perf_20261002-150936_clu_vm14-vm24-rasp14-rasp24-rasp34_allfive_r1,0,135,1790953786246,0,1790953822032.724,156.843,4.601,1790953822194.355,Normal,0.915
vm1,312704,20261002-150936_clu_vm14-vm24-rasp14-rasp24-rasp34_allfive_r1,2805,perf_20261002-150936_clu_vm14-vm24-rasp14-rasp24-rasp34_allfive_r1,0,136,1790953786248,0,1790953822194.624,138.101,4.48,1790953822337.39,Normal,0.9353
vm1,312704,20261002-150936_clu_vm14-vm24-rasp14-rasp24-rasp34_allfive_r1,2837,perf_20261002-150936_clu_vm14-vm24-rasp14-rasp24-rasp34_allfive_r1,0,137,1790953786251,0,1790953822337.652,128.511,3.777,1790953822470.118,Normal,0.9745
vm1,312704,20261002-150936_clu_vm14-vm24-rasp14-rasp24-rasp34_allfive_r1,2850,perf_20261002-150936_clu_vm14-vm24-rasp14-rasp24-rasp34_allfive_r1,0,138,1790953786254,0,1790953822470.361,100.04,17.497,1790953822588.079,Normal,0.9403
vm1,312704,20261002-150936_clu_vm14-vm24-rasp14-rasp24-rasp34_allfive_r1,2883,perf_20261002-150936_clu_vm14-vm24-rasp14-rasp24-rasp34_allfive_r1,0,139,1790953786257,0,1790953822588.389,121.706,4.035,1790953822714.312,Normal,0.9286
vm1,312704,20261002-150936_clu_vm14-vm24-rasp14-rasp24-rasp34_allfive_r1,2892,perf_20261002-150936_clu_vm14-vm24-rasp14-rasp24-rasp34_allfive_r1,0,140,1790953786258,0,1790953822714.572,140.077,16.278,1790953822871.102,Normal,0.9335
vm1,312704,20261002-150936_clu_vm14-vm24-rasp14-rasp24-rasp34_allfive_r1,2914,perf_20261002-150936_clu_vm14-vm24-rasp14-rasp24-rasp34_allfive_r1,0,141,1790953786265,0,1790953822871.422,211.71,4.439,1790953823087.742,Normal,0.9283
vm1,312704,20261002-150936_clu_vm14-vm24-rasp14-rasp24-rasp34_allfive_r1,2920,perf_20261002-150936_clu_vm14-vm24-rasp14-rasp24-rasp34_allfive_r1,0,142,1790953786266,0,1790953823088.065,184.121,21.413,1790953823293.784,Normal,0.9264
vm1,312704,20261002-150936_clu_vm14-vm24-rasp14-rasp24-rasp34_allfive_r1,2922,perf_20261002-150936_clu_vm14-vm24-rasp14-rasp24-rasp34_allfive_r1,0,143,1790953786266,0,1790953823294.164,133.43,10.746,1790953823438.533,Normal,0.9387
vm1,312704,20261002-150936_clu_vm14-vm24-rasp14-rasp24-rasp34_allfive_r1,3055,perf_20261002-150936_clu_vm14-vm24-rasp14-rasp24-rasp34_allfive_r1,0,144,1790953786282,0,1790953823438.848,235.408,7.963,1790953823682.398,Normal,0.9662
vm1,312704,20261002-150936_clu_vm14-vm24-rasp14-rasp24-rasp34_allfive_r1,3096,perf_20261002-150936_clu_vm14-vm24-rasp14-rasp24-rasp34_allfive_r1,0,145,1790953786290,0,1790953823682.66,338.422,9.285,1790953824030.539,Normal,0.8882
vm1,312704,20261002-150936_clu_vm14-vm24-rasp14-rasp24-rasp34_allfive_r1,3098,perf_20261002-150936_clu_vm14-vm24-rasp14-rasp24-rasp34_allfive_r1,0,146,1790953786291,0,1790953824030.873,165.073,14.517,1790953824210.644,Normal,0.948
vm1,312704,20261002-150936_clu_vm14-vm24-rasp14-rasp24-rasp34_allfive_r1,3120,perf_20261002-150936_clu_vm14-vm24-rasp14-rasp24-rasp34_allfive_r1,0,147,1790953786293,0,1790953824210.996,129.355,4.568,1790953824345.112,Normal,0.8732
vm1,312704,20261002-150936_clu_vm14-vm24-rasp14-rasp24-rasp34_allfive_r1,3135,perf_20261002-150936_clu_vm14-vm24-rasp14-rasp24-rasp34_allfive_r1,0,148,1790953786299,0,1790953824345.344,149.953,12.023,1790953824507.512,Normal,0.9199
vm1,312704,20261002-150936_clu_vm14-vm24-rasp14-rasp24-rasp34_allfive_r1,3173,perf_20261002-150936_clu_vm14-vm24-rasp14-rasp24-rasp34_allfive_r1,0,149,1790953786302,0,1790953824507.765,150.066,9.42,1790953824667.525,Normal,0.9381
vm1,312704,20261002-150936_clu_vm14-vm24-rasp14-rasp24-rasp34_allfive_r1,3198,perf_20261002-150936_clu_vm14-vm24-rasp14-rasp24-rasp34_allfive_r1,0,150,1790953786306,0,1790953824667.791,120.328,4.048,1790953824792.351,Normal,0.9649
vm1,312704,20261002-150936_clu_vm14-vm24-rasp14-rasp24-rasp34_allfive_r1,3237,perf_20261002-150936_clu_vm14-vm24-rasp14-rasp24-rasp34_allfive_r1,0,151,1790953786310,0,1790953824792.604,100.654,25.935,1790953824919.392,Normal,0.9437
vm1,312704,20261002-150936_clu_vm14-vm24-rasp14-rasp24-rasp34_allfive_r1,3257,perf_20261002-150936_clu_vm14-vm24-rasp14-rasp24-rasp34_allfive_r1,0,152,1790953786314,0,1790953824919.723,96.506,4.682,1790953825021.089,Normal,0.9548
vm1,312704,20261002-150936_clu_vm14-vm24-rasp14-rasp24-rasp34_allfive_r1,3271,perf_20261002-150936_clu_vm14-vm24-rasp14-rasp24-rasp34_allfive_r1,0,153,1790953786315,0,1790953825021.306,99.017,3.752,1790953825124.246,Normal,0.9642
vm1,312704,20261002-150936_clu_vm14-vm24-rasp14-rasp24-rasp34_allfive_r1,3297,perf_20261002-150936_clu_vm14-vm24-rasp14-rasp24-rasp34_allfive_r1,0,154,1790953786318,0,1790953825124.485,94.066,4.138,1790953825222.871,Normal,0.9499
vm1,312704,20261002-150936_clu_vm14-vm24-rasp14-rasp24-rasp34_allfive_r1,3313,perf_20261002-150936_clu_vm14-vm24-rasp14-rasp24-rasp34_allfive_r1,0,155,1790953786322,0,1790953825223.121,166.701,4.435,1790953825394.516,Normal,0.861
vm1,312704,20261002-150936_clu_vm14-vm24-rasp14-rasp24-rasp34_allfive_r1,3329,perf_20261002-150936_clu_vm14-vm24-rasp14-rasp24-rasp34_allfive_r1,0,156,1790953786324,0,1790953825394.808,122.182,4.784,1790953825521.98,Normal,0.8661
vm1,312704,20261002-150936_clu_vm14-vm24-rasp14-rasp24-rasp34_allfive_r1,3332,perf_20261002-150936_clu_vm14-vm24-rasp14-rasp24-rasp34_allfive_r1,0,157,1790953786324,0,1790953825522.232,147.215,4.394,1790953825674.029,Normal,0.6784
vm1,312704,20261002-150936_clu_vm14-vm24-rasp14-rasp24-rasp34_allfive_r1,3337,perf_20261002-150936_clu_vm14-vm24-rasp14-rasp24-rasp34_allfive_r1,0,158,1790953786324,0,1790953825674.303,117.081,4.174,1790953825795.76,Normal,0.929
vm1,312704,20261002-150936_clu_vm14-vm24-rasp14-rasp24-rasp34_allfive_r1,3398,perf_20261002-150936_clu_vm14-vm24-rasp14-rasp24-rasp34_allfive_r1,0,159,1790953786356,0,1790953825796.022,124.877,5.576,1790953825926.647,Normal,0.9517
vm1,312704,20261002-150936_clu_vm14-vm24-rasp14-rasp24-rasp34_allfive_r1,3401,perf_20261002-150936_clu_vm14-vm24-rasp14-rasp24-rasp34_allfive_r1,0,160,1790953786356,0,1790953825926.905,150.795,3.944,1790953826081.946,Normal,0.9375
vm1,312704,20261002-150936_clu_vm14-vm24-rasp14-rasp24-rasp34_allfive_r1,3406,perf_20261002-150936_clu_vm14-vm24-rasp14-rasp24-rasp34_allfive_r1,0,161,1790953786357,0,1790953826082.192,407.201,4.526,1790953826494.16,Normal,0.98
vm1,312704,20261002-150936_clu_vm14-vm24-rasp14-rasp24-rasp34_allfive_r1,3416,perf_20261002-150936_clu_vm14-vm24-rasp14-rasp24-rasp34_allfive_r1,0,162,1790953786359,0,1790953826494.499,120.739,4.804,1790953826620.253,Normal,0.9555
vm1,312704,20261002-150936_clu_vm14-vm24-rasp14-rasp24-rasp34_allfive_r1,3421,perf_20261002-150936_clu_vm14-vm24-rasp14-rasp24-rasp34_allfive_r1,0,163,1790953786378,0,1790953826620.527,94.222,4.591,1790953826719.519,Normal,0.8808
vm1,312704,20261002-150936_clu_vm14-vm24-rasp14-rasp24-rasp34_allfive_r1,3432,perf_20261002-150936_clu_vm14-vm24-rasp14-rasp24-rasp34_allfive_r1,0,164,1790953786381,0,1790953826719.763,137.307,4.713,1790953826861.987,Normal,0.9549
vm1,312704,20261002-150936_clu_vm14-vm24-rasp14-rasp24-rasp34_allfive_r1,3433,perf_20261002-150936_clu_vm14-vm24-rasp14-rasp24-rasp34_allfive_r1,0,165,1790953786381,0,1790953826862.337,122.943,4.977,1790953826990.457,Normal,0.9591
vm1,312704,20261002-150936_clu_vm14-vm24-rasp14-rasp24-rasp34_allfive_r1,3454,perf_20261002-150936_clu_vm14-vm24-rasp14-rasp24-rasp34_allfive_r1,0,166,1790953786403,0,1790953826990.767,155.276,4.904,1790953827151.142,Normal,0.8695
vm1,312704,20261002-150936_clu_vm14-vm24-rasp14-rasp24-rasp34_allfive_r1,3462,perf_20261002-150936_clu_vm14-vm24-rasp14-rasp24-rasp34_allfive_r1,0,167,1790953786404,0,1790953827151.476,176.13,10.498,1790953827338.293,Normal,0.9486
vm1,312704,20261002-150936_clu_vm14-vm24-rasp14-rasp24-rasp34_allfive_r1,3480,perf_20261002-150936_clu_vm14-vm24-rasp14-rasp24-rasp34_allfive_r1,0,168,1790953786413,0,1790953827338.598,112.396,3.864,1790953827455.042,Normal,0.948
vm1,312704,20261002-150936_clu_vm14-vm24-rasp14-rasp24-rasp34_allfive_r1,3485,perf_20261002-150936_clu_vm14-vm24-rasp14-rasp24-rasp34_allfive_r1,0,169,1790953786422,0,1790953827455.384,133.102,4.378,1790953827593.014,Normal,0.9127
vm1,312704,20261002-150936_clu_vm14-vm24-rasp14-rasp24-rasp34_allfive_r1,3541,perf_20261002-150936_clu_vm14-vm24-rasp14-rasp24-rasp34_allfive_r1,0,170,1790953786456,0,1790953827593.321,143.754,3.808,1790953827742.377,Normal,0.9667
vm1,312704,20261002-150936_clu_vm14-vm24-rasp14-rasp24-rasp34_allfive_r1,3550,perf_20261002-150936_clu_vm14-vm24-rasp14-rasp24-rasp34_allfive_r1,0,171,1790953786461,0,1790953827742.7,143.809,5.054,1790953827891.805,Normal,0.9636
vm1,312704,20261002-150936_clu_vm14-vm24-rasp14-rasp24-rasp34_allfive_r1,3613,perf_20261002-150936_clu_vm14-vm24-rasp14-rasp24-rasp34_allfive_r1,0,172,1790953786490,0,1790953827892.162,148.293,5.976,1790953828046.641,Normal,0.9375
vm1,312704,20261002-150936_clu_vm14-vm24-rasp14-rasp24-rasp34_allfive_r1,3660,perf_20261002-150936_clu_vm14-vm24-rasp14-rasp24-rasp34_allfive_r1,0,173,1790953786513,0,1790953828046.958,109.404,4.496,1790953828161.482,Normal,0.7697
vm1,312704,20261002-150936_clu_vm14-vm24-rasp14-rasp24-rasp34_allfive_r1,3661,perf_20261002-150936_clu_vm14-vm24-rasp14-rasp24-rasp34_allfive_r1,0,174,1790953786513,0,1790953828161.745,94.123,4.308,1790953828260.377,Normal,0.9124
vm1,312704,20261002-150936_clu_vm14-vm24-rasp14-rasp24-rasp34_allfive_r1,3718,perf_20261002-150936_clu_vm14-vm24-rasp14-rasp24-rasp34_allfive_r1,0,175,1790953786551,0,1790953828260.643,108.798,4.598,1790953828374.238,Normal,0.8902
vm1,312704,20261002-150936_clu_vm14-vm24-rasp14-rasp24-rasp34_allfive_r1,3789,perf_20261002-150936_clu_vm14-vm24-rasp14-rasp24-rasp34_allfive_r1,0,176,1790953786596,0,1790953828374.479,91.747,4.836,1790953828471.25,Normal,0.8929
vm1,312704,20261002-150936_clu_vm14-vm24-rasp14-rasp24-rasp34_allfive_r1,3823,perf_20261002-150936_clu_vm14-vm24-rasp14-rasp24-rasp34_allfive_r1,0,177,1790953786608,0,1790953828471.52,172.923,4.773,1790953828649.405,Normal,0.9735
vm1,312704,20261002-150936_clu_vm14-vm24-rasp14-rasp24-rasp34_allfive_r1,3903,perf_20261002-150936_clu_vm14-vm24-rasp14-rasp24-rasp34_allfive_r1,0,178,1790953786625,0,1790953828650.12,126.851,4.787,1790953828781.961,Normal,0.8735
vm1,312704,20261002-150936_clu_vm14-vm24-rasp14-rasp24-rasp34_allfive_r1,3918,perf_20261002-150936_clu_vm14-vm24-rasp14-rasp24-rasp34_allfive_r1,0,179,1790953786628,0,1790953828782.256,134.136,4.888,1790953828921.486,Normal,0.6714
vm1,312704,20261002-150936_clu_vm14-vm24-rasp14-rasp24-rasp34_allfive_r1,3924,perf_20261002-150936_clu_vm14-vm24-rasp14-rasp24-rasp34_allfive_r1,0,180,1790953786628,0,1790953828921.856,231.892,4.297,1790953829158.367,Normal,0.9735
vm1,312704,20261002-150936_clu_vm14-vm24-rasp14-rasp24-rasp34_allfive_r1,3931,perf_20261002-150936_clu_vm14-vm24-rasp14-rasp24-rasp34_allfive_r1,0,181,1790953786629,0,1790953829158.703,147.452,4.584,1790953829310.937,Normal,0.9593
vm1,312704,20261002-150936_clu_vm14-vm24-rasp14-rasp24-rasp34_allfive_r1,3933,perf_20261002-150936_clu_vm14-vm24-rasp14-rasp24-rasp34_allfive_r1,0,182,1790953786629,0,1790953829311.241,173.13,4.798,1790953829489.364,Normal,0.9724
vm1,312704,20261002-150936_clu_vm14-vm24-rasp14-rasp24-rasp34_allfive_r1,3947,perf_20261002-150936_clu_vm14-vm24-rasp14-rasp24-rasp34_allfive_r1,0,183,1790953786630,0,1790953829489.72,174.259,4.892,1790953829669.062,Normal,0.9359
vm1,312704,20261002-150936_clu_vm14-vm24-rasp14-rasp24-rasp34_allfive_r1,3964,perf_20261002-150936_clu_vm14-vm24-rasp14-rasp24-rasp34_allfive_r1,0,184,1790953786632,0,1790953829669.405,145.145,4.158,1790953829818.891,Normal,0.9415
vm1,312704,20261002-150936_clu_vm14-vm24-rasp14-rasp24-rasp34_allfive_r1,3970,perf_20261002-150936_clu_vm14-vm24-rasp14-rasp24-rasp34_allfive_r1,0,185,1790953786632,0,1790953829819.208,139.647,4.528,1790953829963.604,Normal,0.9418
vm1,312704,20261002-150936_clu_vm14-vm24-rasp14-rasp24-rasp34_allfive_r1,3989,perf_20261002-150936_clu_vm14-vm24-rasp14-rasp24-rasp34_allfive_r1,0,186,1790953786634,0,1790953829963.92,130.754,4.712,1790953830099.602,Normal,0.9629
vm1,312704,20261002-150936_clu_vm14-vm24-rasp14-rasp24-rasp34_allfive_r1,4005,perf_20261002-150936_clu_vm14-vm24-rasp14-rasp24-rasp34_allfive_r1,0,187,1790953786636,0,1790953830099.9,152.078,4.403,1790953830256.596,Normal,0.9751
vm1,312704,20261002-150936_clu_vm14-vm24-rasp14-rasp24-rasp34_allfive_r1,4047,perf_20261002-150936_clu_vm14-vm24-rasp14-rasp24-rasp34_allfive_r1,0,188,1790953786644,0,1790953830256.906,123.416,5.72,1790953830386.174,Normal,0.9608
vm1,312704,20261002-150936_clu_vm14-vm24-rasp14-rasp24-rasp34_allfive_r1,4068,perf_20261002-150936_clu_vm14-vm24-rasp14-rasp24-rasp34_allfive_r1,0,189,1790953786646,0,1790953830386.475,151.691,4.725,1790953830543.084,Normal,0.931
vm1,312704,20261002-150936_clu_vm14-vm24-rasp14-rasp24-rasp34_allfive_r1,4099,perf_20261002-150936_clu_vm14-vm24-rasp14-rasp24-rasp34_allfive_r1,0,190,1790953786652,0,1790953830543.401,120.834,4.43,1790953830668.839,Normal,0.9384
vm1,312704,20261002-150936_clu_vm14-vm24-rasp14-rasp24-rasp34_allfive_r1,4115,perf_20261002-150936_clu_vm14-vm24-rasp14-rasp24-rasp34_allfive_r1,0,191,1790953786656,0,1790953830669.32,178.263,3.599,1790953830851.408,Normal,0.9608
vm1,312704,20261002-150936_clu_vm14-vm24-rasp14-rasp24-rasp34_allfive_r1,4121,perf_20261002-150936_clu_vm14-vm24-rasp14-rasp24-rasp34_allfive_r1,0,192,1790953786657,0,1790953830851.721,176.502,4.517,1790953831032.958,Normal,0.9224
vm1,312704,20261002-150936_clu_vm14-vm24-rasp14-rasp24-rasp34_allfive_r1,4154,perf_20261002-150936_clu_vm14-vm24-rasp14-rasp24-rasp34_allfive_r1,0,193,1790953786664,0,1790953831033.212,136.602,4.963,1790953831175.04,Normal,0.7979
vm1,312704,20261002-150936_clu_vm14-vm24-rasp14-rasp24-rasp34_allfive_r1,4166,perf_20261002-150936_clu_vm14-vm24-rasp14-rasp24-rasp34_allfive_r1,0,194,1790953786667,0,1790953831175.298,143.691,4.539,1790953831323.737,Normal,0.9451
vm1,312704,20261002-150936_clu_vm14-vm24-rasp14-rasp24-rasp34_allfive_r1,4181,perf_20261002-150936_clu_vm14-vm24-rasp14-rasp24-rasp34_allfive_r1,0,195,1790953786668,0,1790953831324.046,105.424,5.139,1790953831434.815,Normal,0.9297
vm1,312704,20261002-150936_clu_vm14-vm24-rasp14-rasp24-rasp34_allfive_r1,4188,perf_20261002-150936_clu_vm14-vm24-rasp14-rasp24-rasp34_allfive_r1,0,196,1790953786669,0,1790953831435.085,114.334,4.359,1790953831553.983,Normal,0.9632
vm1,312704,20261002-150936_clu_vm14-vm24-rasp14-rasp24-rasp34_allfive_r1,4198,perf_20261002-150936_clu_vm14-vm24-rasp14-rasp24-rasp34_allfive_r1,0,197,1790953786670,0,1790953831554.249,93.689,13.66,1790953831661.792,Normal,0.9451
vm1,312704,20261002-150936_clu_vm14-vm24-rasp14-rasp24-rasp34_allfive_r1,4211,perf_20261002-150936_clu_vm14-vm24-rasp14-rasp24-rasp34_allfive_r1,0,198,1790953786671,0,1790953831662.105,98.516,3.703,1790953831764.517,Normal,0.8658
vm1,312704,20261002-150936_clu_vm14-vm24-rasp14-rasp24-rasp34_allfive_r1,4242,perf_20261002-150936_clu_vm14-vm24-rasp14-rasp24-rasp34_allfive_r1,0,199,1790953786674,0,1790953831764.759,171.093,4.37,1790953831940.417,Normal,0.9379
vm1,312704,20261002-150936_clu_vm14-vm24-rasp14-rasp24-rasp34_allfive_r1,4264,perf_20261002-150936_clu_vm14-vm24-rasp14-rasp24-rasp34_allfive_r1,0,200,1790953786676,0,1790953831940.654,119.717,4.537,1790953832065.107,Normal,0.9485
vm1,312704,20261002-150936_clu_vm14-vm24-rasp14-rasp24-rasp34_allfive_r1,4290,perf_20261002-150936_clu_vm14-vm24-rasp14-rasp24-rasp34_allfive_r1,0,201,1790953786679,0,1790953832065.334,116.947,8.245,1790953832190.727,Normal,0.9457
vm1,312704,20261002-150936_clu_vm14-vm24-rasp14-rasp24-rasp34_allfive_r1,4295,perf_20261002-150936_clu_vm14-vm24-rasp14-rasp24-rasp34_allfive_r1,0,202,1790953786679,0,1790953832191.048,118.339,5.222,1790953832314.795,Normal,0.9469
vm1,312704,20261002-150936_clu_vm14-vm24-rasp14-rasp24-rasp34_allfive_r1,4307,perf_20261002-150936_clu_vm14-vm24-rasp14-rasp24-rasp34_allfive_r1,0,203,1790953786680,0,1790953832315.111,106.637,4.423,1790953832426.437,Normal,0.9463
vm1,312704,20261002-150936_clu_vm14-vm24-rasp14-rasp24-rasp34_allfive_r1,4314,perf_20261002-150936_clu_vm14-vm24-rasp14-rasp24-rasp34_allfive_r1,0,204,1790953786681,0,1790953832426.698,132.223,4.646,1790953832563.76,Normal,0.9375
vm1,312704,20261002-150936_clu_vm14-vm24-rasp14-rasp24-rasp34_allfive_r1,4343,perf_20261002-150936_clu_vm14-vm24-rasp14-rasp24-rasp34_allfive_r1,0,205,1790953786685,0,1790953832564.329,113.397,5.316,1790953832683.306,Normal,0.9601
vm1,312704,20261002-150936_clu_vm14-vm24-rasp14-rasp24-rasp34_allfive_r1,4393,perf_20261002-150936_clu_vm14-vm24-rasp14-rasp24-rasp34_allfive_r1,0,206,1790953786690,0,1790953832683.696,111.225,4.369,1790953832799.489,Normal,0.9559
vm1,312704,20261002-150936_clu_vm14-vm24-rasp14-rasp24-rasp34_allfive_r1,4420,perf_20261002-150936_clu_vm14-vm24-rasp14-rasp24-rasp34_allfive_r1,0,207,1790953786692,0,1790953832799.818,149.505,4.703,1790953832954.24,Normal,0.9449
vm1,312704,20261002-150936_clu_vm14-vm24-rasp14-rasp24-rasp34_allfive_r1,4426,perf_20261002-150936_clu_vm14-vm24-rasp14-rasp24-rasp34_allfive_r1,0,208,1790953786693,0,1790953832954.586,141.062,5.229,1790953833101.045,Normal,0.9665
vm1,312704,20261002-150936_clu_vm14-vm24-rasp14-rasp24-rasp34_allfive_r1,4429,perf_20261002-150936_clu_vm14-vm24-rasp14-rasp24-rasp34_allfive_r1,0,209,1790953786693,0,1790953833101.385,127.871,4.207,1790953833233.651,Normal,0.9577
vm1,312704,20261002-150936_clu_vm14-vm24-rasp14-rasp24-rasp34_allfive_r1,4487,perf_20261002-150936_clu_vm14-vm24-rasp14-rasp24-rasp34_allfive_r1,0,210,1790953786702,0,1790953833234.0,141.958,4.052,1790953833380.202,Normal,0.9423
vm1,312704,20261002-150936_clu_vm14-vm24-rasp14-rasp24-rasp34_allfive_r1,4498,perf_20261002-150936_clu_vm14-vm24-rasp14-rasp24-rasp34_allfive_r1,0,211,1790953786703,0,1790953833380.456,128.02,7.091,1790953833515.768,Normal,0.9531
vm1,312704,20261002-150936_clu_vm14-vm24-rasp14-rasp24-rasp34_allfive_r1,4512,perf_20261002-150936_clu_vm14-vm24-rasp14-rasp24-rasp34_allfive_r1,0,212,1790953786709,0,1790953833515.996,106.645,4.189,1790953833627.039,Normal,0.816
vm1,312704,20261002-150936_clu_vm14-vm24-rasp14-rasp24-rasp34_allfive_r1,4518,perf_20261002-150936_clu_vm14-vm24-rasp14-rasp24-rasp34_allfive_r1,0,213,1790953786710,0,1790953833627.314,167.956,4.071,1790953833799.566,Normal,0.9635
vm1,312704,20261002-150936_clu_vm14-vm24-rasp14-rasp24-rasp34_allfive_r1,4529,perf_20261002-150936_clu_vm14-vm24-rasp14-rasp24-rasp34_allfive_r1,0,214,1790953786710,0,1790953833799.827,133.145,4.423,1790953833937.595,Normal,0.9498
vm1,312704,20261002-150936_clu_vm14-vm24-rasp14-rasp24-rasp34_allfive_r1,4544,perf_20261002-150936_clu_vm14-vm24-rasp14-rasp24-rasp34_allfive_r1,0,215,1790953786712,0,1790953833937.853,138.477,3.989,1790953834080.496,Normal,0.835
vm1,312704,20261002-150936_clu_vm14-vm24-rasp14-rasp24-rasp34_allfive_r1,4547,perf_20261002-150936_clu_vm14-vm24-rasp14-rasp24-rasp34_allfive_r1,0,216,1790953786712,0,1790953834080.769,119.972,4.12,1790953834205.049,Normal,0.9375
vm1,312704,20261002-150936_clu_vm14-vm24-rasp14-rasp24-rasp34_allfive_r1,4560,perf_20261002-150936_clu_vm14-vm24-rasp14-rasp24-rasp34_allfive_r1,0,217,1790953786713,0,1790953834205.285,121.224,5.017,1790953834331.713,Normal,0.9605
vm1,312704,20261002-150936_clu_vm14-vm24-rasp14-rasp24-rasp34_allfive_r1,4601,perf_20261002-150936_clu_vm14-vm24-rasp14-rasp24-rasp34_allfive_r1,0,218,1790953786721,0,1790953834331.984,149.296,5.157,1790953834486.631,Normal,0.9738
vm1,312704,20261002-150936_clu_vm14-vm24-rasp14-rasp24-rasp34_allfive_r1,4605,perf_20261002-150936_clu_vm14-vm24-rasp14-rasp24-rasp34_allfive_r1,0,219,1790953786722,0,1790953834487.204,128.487,4.751,1790953834620.631,Normal,0.9623
vm1,312704,20261002-150936_clu_vm14-vm24-rasp14-rasp24-rasp34_allfive_r1,4612,perf_20261002-150936_clu_vm14-vm24-rasp14-rasp24-rasp34_allfive_r1,0,220,1790953786722,0,1790953834620.944,161.322,7.212,1790953834789.625,Normal,0.8547
vm1,312704,20261002-150936_clu_vm14-vm24-rasp14-rasp24-rasp34_allfive_r1,4616,perf_20261002-150936_clu_vm14-vm24-rasp14-rasp24-rasp34_allfive_r1,0,221,1790953786723,0,1790953834789.862,138.795,7.601,1790953834936.454,Normal,0.9535
vm1,312704,20261002-150936_clu_vm14-vm24-rasp14-rasp24-rasp34_allfive_r1,4640,perf_20261002-150936_clu_vm14-vm24-rasp14-rasp24-rasp34_allfive_r1,0,222,1790953786728,0,1790953834936.728,107.386,6.474,1790953835050.766,Normal,0.9553
vm1,312704,20261002-150936_clu_vm14-vm24-rasp14-rasp24-rasp34_allfive_r1,4670,perf_20261002-150936_clu_vm14-vm24-rasp14-rasp24-rasp34_allfive_r1,0,223,1790953786731,0,1790953835051.102,127.04,8.342,1790953835186.686,Normal,0.9495
vm1,312704,20261002-150936_clu_vm14-vm24-rasp14-rasp24-rasp34_allfive_r1,4679,perf_20261002-150936_clu_vm14-vm24-rasp14-rasp24-rasp34_allfive_r1,0,224,1790953786732,0,1790953835187.027,368.899,10.334,1790953835566.457,Normal,0.9143
vm1,312704,20261002-150936_clu_vm14-vm24-rasp14-rasp24-rasp34_allfive_r1,4682,perf_20261002-150936_clu_vm14-vm24-rasp14-rasp24-rasp34_allfive_r1,0,225,1790953786733,0,1790953835566.749,195.827,4.645,1790953835767.604,Normal,0.9474
vm1,312704,20261002-150936_clu_vm14-vm24-rasp14-rasp24-rasp34_allfive_r1,4724,perf_20261002-150936_clu_vm14-vm24-rasp14-rasp24-rasp34_allfive_r1,0,226,1790953786737,0,1790953835767.958,306.369,3.992,1790953836078.521,Normal,0.9526
vm1,312704,20261002-150936_clu_vm14-vm24-rasp14-rasp24-rasp34_allfive_r1,4750,perf_20261002-150936_clu_vm14-vm24-rasp14-rasp24-rasp34_allfive_r1,0,227,1790953786744,0,1790953836078.821,132.278,7.77,1790953836219.064,Normal,0.9519
vm1,312704,20261002-150936_clu_vm14-vm24-rasp14-rasp24-rasp34_allfive_r1,4764,perf_20261002-150936_clu_vm14-vm24-rasp14-rasp24-rasp34_allfive_r1,0,228,1790953786746,0,1790953836219.443,212.646,14.98,1790953836447.3,Normal,0.9475
vm1,312704,20261002-150936_clu_vm14-vm24-rasp14-rasp24-rasp34_allfive_r1,4820,perf_20261002-150936_clu_vm14-vm24-rasp14-rasp24-rasp34_allfive_r1,0,229,1790953786751,0,1790953836447.659,165.396,13.171,1790953836626.561,HATE,0.5109
vm1,312704,20261002-150936_clu_vm14-vm24-rasp14-rasp24-rasp34_allfive_r1,4823,perf_20261002-150936_clu_vm14-vm24-rasp14-rasp24-rasp34_allfive_r1,0,230,1790953786751,0,1790953836626.891,148.805,15.26,1790953836791.142,Normal,0.9647
vm1,312704,20261002-150936_clu_vm14-vm24-rasp14-rasp24-rasp34_allfive_r1,4844,perf_20261002-150936_clu_vm14-vm24-rasp14-rasp24-rasp34_allfive_r1,0,231,1790953786753,0,1790953836791.496,149.805,10.701,1790953836952.197,Normal,0.9597
vm1,312704,20261002-150936_clu_vm14-vm24-rasp14-rasp24-rasp34_allfive_r1,4852,perf_20261002-150936_clu_vm14-vm24-rasp14-rasp24-rasp34_allfive_r1,0,232,1790953786754,0,1790953836952.596,147.709,9.853,1790953837110.372,Normal,0.9375
vm1,312704,20261002-150936_clu_vm14-vm24-rasp14-rasp24-rasp34_allfive_r1,4879,perf_20261002-150936_clu_vm14-vm24-rasp14-rasp24-rasp34_allfive_r1,0,233,1790953786756,0,1790953837110.627,165.132,7.577,1790953837283.541,Normal,0.9731
vm1,312704,20261002-150936_clu_vm14-vm24-rasp14-rasp24-rasp34_allfive_r1,4910,perf_20261002-150936_clu_vm14-vm24-rasp14-rasp24-rasp34_allfive_r1,0,234,1790953786759,0,1790953837283.96,162.458,30.462,1790953837477.068,Normal,0.9785
vm1,312704,20261002-150936_clu_vm14-vm24-rasp14-rasp24-rasp34_allfive_r1,4926,perf_20261002-150936_clu_vm14-vm24-rasp14-rasp24-rasp34_allfive_r1,0,235,1790953786761,0,1790953837477.403,136.921,5.498,1790953837620.004,Normal,0.9698
vm1,312704,20261002-150936_clu_vm14-vm24-rasp14-rasp24-rasp34_allfive_r1,4928,perf_20261002-150936_clu_vm14-vm24-rasp14-rasp24-rasp34_allfive_r1,0,236,1790953786761,0,1790953837620.33,170.211,3.585,1790953837794.312,Normal,0.7603
vm1,312704,20261002-150936_clu_vm14-vm24-rasp14-rasp24-rasp34_allfive_r1,4933,perf_20261002-150936_clu_vm14-vm24-rasp14-rasp24-rasp34_allfive_r1,0,237,1790953786761,0,1790953837794.662,288.346,4.257,1790953838087.453,Normal,0.9729
vm1,312704,20261002-150936_clu_vm14-vm24-rasp14-rasp24-rasp34_allfive_r1,4945,perf_20261002-150936_clu_vm14-vm24-rasp14-rasp24-rasp34_allfive_r1,0,238,1790953786763,0,1790953838087.777,186.335,5.648,1790953838279.956,Normal,0.8753
vm1,312704,20261002-150936_clu_vm14-vm24-rasp14-rasp24-rasp34_allfive_r1,5001,perf_20261002-150936_clu_vm14-vm24-rasp14-rasp24-rasp34_allfive_r1,0,239,1790953786768,0,1790953838280.243,166.706,4.942,1790953838452.086,Normal,0.9653
vm1,312704,20261002-150936_clu_vm14-vm24-rasp14-rasp24-rasp34_allfive_r1,5012,perf_20261002-150936_clu_vm14-vm24-rasp14-rasp24-rasp34_allfive_r1,0,240,1790953786769,0,1790953838452.465,194.076,5.983,1790953838652.965,Normal,0.9265
vm1,312704,20261002-150936_clu_vm14-vm24-rasp14-rasp24-rasp34_allfive_r1,5025,perf_20261002-150936_clu_vm14-vm24-rasp14-rasp24-rasp34_allfive_r1,0,241,1790953786770,0,1790953838653.525,288.741,4.473,1790953838946.93,Normal,0.965
vm1,312704,20261002-150936_clu_vm14-vm24-rasp14-rasp24-rasp34_allfive_r1,5043,perf_20261002-150936_clu_vm14-vm24-rasp14-rasp24-rasp34_allfive_r1,0,242,1790953786772,0,1790953838947.18,146.493,3.868,1790953839097.722,Normal,0.9334
vm1,312704,20261002-150936_clu_vm14-vm24-rasp14-rasp24-rasp34_allfive_r1,5063,perf_20261002-150936_clu_vm14-vm24-rasp14-rasp24-rasp34_allfive_r1,0,243,1790953786773,0,1790953839097.997,120.458,4.593,1790953839223.22,Normal,0.931
vm1,312704,20261002-150936_clu_vm14-vm24-rasp14-rasp24-rasp34_allfive_r1,5073,perf_20261002-150936_clu_vm14-vm24-rasp14-rasp24-rasp34_allfive_r1,0,244,1790953786774,0,1790953839223.469,122.85,4.602,1790953839351.105,Normal,0.9673
vm1,312704,20261002-150936_clu_vm14-vm24-rasp14-rasp24-rasp34_allfive_r1,5098,perf_20261002-150936_clu_vm14-vm24-rasp14-rasp24-rasp34_allfive_r1,0,245,1790953786778,0,1790953839351.347,121.781,3.819,1790953839477.12,Normal,0.9371
vm1,312704,20261002-150936_clu_vm14-vm24-rasp14-rasp24-rasp34_allfive_r1,5099,perf_20261002-150936_clu_vm14-vm24-rasp14-rasp24-rasp34_allfive_r1,0,246,1790953786778,0,1790953839477.366,112.91,5.69,1790953839596.153,Normal,0.7884
vm1,312704,20261002-150936_clu_vm14-vm24-rasp14-rasp24-rasp34_allfive_r1,5124,perf_20261002-150936_clu_vm14-vm24-rasp14-rasp24-rasp34_allfive_r1,0,247,1790953786781,0,1790953839596.397,113.85,7.666,1790953839718.08,Normal,0.9019
vm1,312704,20261002-150936_clu_vm14-vm24-rasp14-rasp24-rasp34_allfive_r1,5132,perf_20261002-150936_clu_vm14-vm24-rasp14-rasp24-rasp34_allfive_r1,0,248,1790953786781,0,1790953839718.413,101.37,9.017,1790953839829.011,Normal,0.8853
vm1,312704,20261002-150936_clu_vm14-vm24-rasp14-rasp24-rasp34_allfive_r1,5173,perf_20261002-150936_clu_vm14-vm24-rasp14-rasp24-rasp34_allfive_r1,0,249,1790953786785,0,1790953839829.294,141.608,4.081,1790953839975.177,Normal,0.9728
vm1,312704,20261002-150936_clu_vm14-vm24-rasp14-rasp24-rasp34_allfive_r1,5176,perf_20261002-150936_clu_vm14-vm24-rasp14-rasp24-rasp34_allfive_r1,0,250,1790953786785,0,1790953839975.428,112.731,4.655,1790953840093.004,Normal,0.9312
vm1,312704,20261002-150936_clu_vm14-vm24-rasp14-rasp24-rasp34_allfive_r1,5236,perf_20261002-150936_clu_vm14-vm24-rasp14-rasp24-rasp34_allfive_r1,0,251,1790953786791,0,1790953840093.251,110.587,4.514,1790953840208.53,Normal,0.7365
vm1,312704,20261002-150936_clu_vm14-vm24-rasp14-rasp24-rasp34_allfive_r1,5267,perf_20261002-150936_clu_vm14-vm24-rasp14-rasp24-rasp34_allfive_r1,0,252,1790953786794,0,1790953840208.783,92.58,4.732,1790953840306.307,Normal,0.9473
vm1,312704,20261002-150936_clu_vm14-vm24-rasp14-rasp24-rasp34_allfive_r1,5275,perf_20261002-150936_clu_vm14-vm24-rasp14-rasp24-rasp34_allfive_r1,0,253,1790953786795,0,1790953840306.561,109.469,4.616,1790953840420.822,Normal,0.8366
vm1,312704,20261002-150936_clu_vm14-vm24-rasp14-rasp24-rasp34_allfive_r1,5284,perf_20261002-150936_clu_vm14-vm24-rasp14-rasp24-rasp34_allfive_r1,0,254,1790953786795,0,1790953840421.07,122.303,3.534,1790953840547.087,Normal,0.9644
vm1,312704,20261002-150936_clu_vm14-vm24-rasp14-rasp24-rasp34_allfive_r1,5305,perf_20261002-150936_clu_vm14-vm24-rasp14-rasp24-rasp34_allfive_r1,0,255,1790953786797,0,1790953840547.326,116.556,4.565,1790953840668.637,Normal,0.9173
vm1,312704,20261002-150936_clu_vm14-vm24-rasp14-rasp24-rasp34_allfive_r1,5306,perf_20261002-150936_clu_vm14-vm24-rasp14-rasp24-rasp34_allfive_r1,0,256,1790953786797,0,1790953840668.882,85.429,4.435,1790953840758.937,Normal,0.9521
vm1,312704,20261002-150936_clu_vm14-vm24-rasp14-rasp24-rasp34_allfive_r1,5312,perf_20261002-150936_clu_vm14-vm24-rasp14-rasp24-rasp34_allfive_r1,0,257,1790953786800,0,1790953840759.196,126.008,4.734,1790953840890.127,Normal,0.9779
vm1,312704,20261002-150936_clu_vm14-vm24-rasp14-rasp24-rasp34_allfive_r1,5350,perf_20261002-150936_clu_vm14-vm24-rasp14-rasp24-rasp34_allfive_r1,0,258,1790953786804,0,1790953840890.361,126.037,3.4,1790953841019.971,Normal,0.9811
vm1,312704,20261002-150936_clu_vm14-vm24-rasp14-rasp24-rasp34_allfive_r1,5372,perf_20261002-150936_clu_vm14-vm24-rasp14-rasp24-rasp34_allfive_r1,0,259,1790953786807,0,1790953841020.21,113.45,3.761,1790953841137.607,Normal,0.9423
vm1,312704,20261002-150936_clu_vm14-vm24-rasp14-rasp24-rasp34_allfive_r1,5403,perf_20261002-150936_clu_vm14-vm24-rasp14-rasp24-rasp34_allfive_r1,0,260,1790953786810,0,1790953841137.852,102.413,4.403,1790953841244.864,Normal,0.9423
vm1,312704,20261002-150936_clu_vm14-vm24-rasp14-rasp24-rasp34_allfive_r1,5411,perf_20261002-150936_clu_vm14-vm24-rasp14-rasp24-rasp34_allfive_r1,0,261,1790953786811,0,1790953841245.1,111.175,4.561,1790953841361.02,Normal,0.9204
vm1,312704,20261002-150936_clu_vm14-vm24-rasp14-rasp24-rasp34_allfive_r1,5432,perf_20261002-150936_clu_vm14-vm24-rasp14-rasp24-rasp34_allfive_r1,0,262,1790953786813,0,1790953841361.262,103.461,4.79,1790953841469.709,Normal,0.9693
vm1,312704,20261002-150936_clu_vm14-vm24-rasp14-rasp24-rasp34_allfive_r1,5437,perf_20261002-150936_clu_vm14-vm24-rasp14-rasp24-rasp34_allfive_r1,0,263,1790953786813,0,1790953841470.002,104.985,3.893,1790953841579.061,Normal,0.9141
vm1,312704,20261002-150936_clu_vm14-vm24-rasp14-rasp24-rasp34_allfive_r1,5470,perf_20261002-150936_clu_vm14-vm24-rasp14-rasp24-rasp34_allfive_r1,0,264,1790953786816,0,1790953841579.297,111.011,4.319,1790953841694.809,Normal,0.9375
vm1,312704,20261002-150936_clu_vm14-vm24-rasp14-rasp24-rasp34_allfive_r1,5494,perf_20261002-150936_clu_vm14-vm24-rasp14-rasp24-rasp34_allfive_r1,0,265,1790953786819,0,1790953841695.053,99.431,4.15,1790953841798.836,Normal,0.8929
vm1,312704,20261002-150936_clu_vm14-vm24-rasp14-rasp24-rasp34_allfive_r1,5536,perf_20261002-150936_clu_vm14-vm24-rasp14-rasp24-rasp34_allfive_r1,0,266,1790953786823,0,1790953841799.126,130.709,3.92,1790953841934.001,Normal,0.9639
vm1,312704,20261002-150936_clu_vm14-vm24-rasp14-rasp24-rasp34_allfive_r1,5554,perf_20261002-150936_clu_vm14-vm24-rasp14-rasp24-rasp34_allfive_r1,0,267,1790953786825,0,1790953841934.247,100.923,4.504,1790953842039.861,Normal,0.8696
vm1,312704,20261002-150936_clu_vm14-vm24-rasp14-rasp24-rasp34_allfive_r1,5571,perf_20261002-150936_clu_vm14-vm24-rasp14-rasp24-rasp34_allfive_r1,0,268,1790953786826,0,1790953842040.187,106.813,4.192,1790953842151.403,Normal,0.9706
vm1,312704,20261002-150936_clu_vm14-vm24-rasp14-rasp24-rasp34_allfive_r1,5576,perf_20261002-150936_clu_vm14-vm24-rasp14-rasp24-rasp34_allfive_r1,0,269,1790953786827,0,1790953842151.647,176.393,4.48,1790953842332.754,Normal,0.9731
vm1,312704,20261002-150936_clu_vm14-vm24-rasp14-rasp24-rasp34_allfive_r1,5578,perf_20261002-150936_clu_vm14-vm24-rasp14-rasp24-rasp34_allfive_r1,0,270,1790953786827,0,1790953842333.0,89.119,3.975,1790953842426.29,Normal,0.9443
vm1,312704,20261002-150936_clu_vm14-vm24-rasp14-rasp24-rasp34_allfive_r1,5592,perf_20261002-150936_clu_vm14-vm24-rasp14-rasp24-rasp34_allfive_r1,0,271,1790953786831,0,1790953842426.548,108.258,4.222,1790953842539.21,Normal,0.9277
vm1,312704,20261002-150936_clu_vm14-vm24-rasp14-rasp24-rasp34_allfive_r1,5616,perf_20261002-150936_clu_vm14-vm24-rasp14-rasp24-rasp34_allfive_r1,0,272,1790953786833,0,1790953842539.477,148.997,5.934,1790953842694.625,Normal,0.9698
vm1,312704,20261002-150936_clu_vm14-vm24-rasp14-rasp24-rasp34_allfive_r1,5618,perf_20261002-150936_clu_vm14-vm24-rasp14-rasp24-rasp34_allfive_r1,0,273,1790953786833,0,1790953842694.916,124.581,4.02,1790953842823.718,Normal,0.9527
vm1,312704,20261002-150936_clu_vm14-vm24-rasp14-rasp24-rasp34_allfive_r1,5656,perf_20261002-150936_clu_vm14-vm24-rasp14-rasp24-rasp34_allfive_r1,0,274,1790953786837,0,1790953842823.974,133.364,3.771,1790953842961.397,Normal,0.8687
vm1,312704,20261002-150936_clu_vm14-vm24-rasp14-rasp24-rasp34_allfive_r1,5669,perf_20261002-150936_clu_vm14-vm24-rasp14-rasp24-rasp34_allfive_r1,0,275,1790953786838,0,1790953842961.645,111.273,4.517,1790953843077.659,Normal,0.9766
vm1,312704,20261002-150936_clu_vm14-vm24-rasp14-rasp24-rasp34_allfive_r1,5677,perf_20261002-150936_clu_vm14-vm24-rasp14-rasp24-rasp34_allfive_r1,0,276,1790953786839,0,1790953843077.938,131.715,13.432,1790953843223.27,HATE,0.4489
vm1,312704,20261002-150936_clu_vm14-vm24-rasp14-rasp24-rasp34_allfive_r1,5686,perf_20261002-150936_clu_vm14-vm24-rasp14-rasp24-rasp34_allfive_r1,0,277,1790953786840,0,1790953843223.591,132.926,3.939,1790953843360.63,Normal,0.9422
vm1,312704,20261002-150936_clu_vm14-vm24-rasp14-rasp24-rasp34_allfive_r1,5690,perf_20261002-150936_clu_vm14-vm24-rasp14-rasp24-rasp34_allfive_r1,0,278,1790953786840,0,1790953843360.895,168.772,4.305,1790953843534.552,Normal,0.8321
vm1,312704,20261002-150936_clu_vm14-vm24-rasp14-rasp24-rasp34_allfive_r1,5707,perf_20261002-150936_clu_vm14-vm24-rasp14-rasp24-rasp34_allfive_r1,0,279,1790953786844,0,1790953843534.872,154.969,5.088,1790953843695.355,Normal,0.9371
vm1,312704,20261002-150936_clu_vm14-vm24-rasp14-rasp24-rasp34_allfive_r1,5724,perf_20261002-150936_clu_vm14-vm24-rasp14-rasp24-rasp34_allfive_r1,0,280,1790953786847,0,1790953843695.789,142.133,4.605,1790953843842.724,Normal,0.9751
vm1,312704,20261002-150936_clu_vm14-vm24-rasp14-rasp24-rasp34_allfive_r1,5748,perf_20261002-150936_clu_vm14-vm24-rasp14-rasp24-rasp34_allfive_r1,0,281,1790953786850,0,1790953843843.04,177.032,4.418,1790953844024.751,Normal,0.9311
vm1,312704,20261002-150936_clu_vm14-vm24-rasp14-rasp24-rasp34_allfive_r1,5756,perf_20261002-150936_clu_vm14-vm24-rasp14-rasp24-rasp34_allfive_r1,0,282,1790953786850,0,1790953844025.065,120.036,5.507,1790953844150.795,Normal,0.7179
vm1,312704,20261002-150936_clu_vm14-vm24-rasp14-rasp24-rasp34_allfive_r1,5780,perf_20261002-150936_clu_vm14-vm24-rasp14-rasp24-rasp34_allfive_r1,0,283,1790953786853,0,1790953844151.1,248.663,5.491,1790953844405.447,Normal,0.9595
vm1,312704,20261002-150936_clu_vm14-vm24-rasp14-rasp24-rasp34_allfive_r1,5782,perf_20261002-150936_clu_vm14-vm24-rasp14-rasp24-rasp34_allfive_r1,0,284,1790953786853,0,1790953844405.819,120.457,5.046,1790953844531.526,Normal,0.8102
vm1,312704,20261002-150936_clu_vm14-vm24-rasp14-rasp24-rasp34_allfive_r1,5785,perf_20261002-150936_clu_vm14-vm24-rasp14-rasp24-rasp34_allfive_r1,0,285,1790953786853,0,1790953844531.796,143.459,4.809,1790953844680.257,Normal,0.9543
vm1,312704,20261002-150936_clu_vm14-vm24-rasp14-rasp24-rasp34_allfive_r1,5806,perf_20261002-150936_clu_vm14-vm24-rasp14-rasp24-rasp34_allfive_r1,0,286,1790953786855,0,1790953844680.608,130.716,4.511,1790953844816.05,Normal,0.9614
vm1,312704,20261002-150936_clu_vm14-vm24-rasp14-rasp24-rasp34_allfive_r1,5825,perf_20261002-150936_clu_vm14-vm24-rasp14-rasp24-rasp34_allfive_r1,0,287,1790953786856,0,1790953844816.408,126.49,4.622,1790953844947.715,Normal,0.8879
vm1,312704,20261002-150936_clu_vm14-vm24-rasp14-rasp24-rasp34_allfive_r1,5827,perf_20261002-150936_clu_vm14-vm24-rasp14-rasp24-rasp34_allfive_r1,0,288,1790953786857,0,1790953844948.072,203.317,4.876,1790953845156.494,Normal,0.645
vm1,312704,20261002-150936_clu_vm14-vm24-rasp14-rasp24-rasp34_allfive_r1,5836,perf_20261002-150936_clu_vm14-vm24-rasp14-rasp24-rasp34_allfive_r1,0,289,1790953786857,0,1790953845156.83,180.301,5.222,1790953845342.556,Normal,0.9457
vm1,312704,20261002-150936_clu_vm14-vm24-rasp14-rasp24-rasp34_allfive_r1,5909,perf_20261002-150936_clu_vm14-vm24-rasp14-rasp24-rasp34_allfive_r1,0,290,1790953786879,0,1790953845343.033,170.225,4.547,1790953845518.008,Normal,0.9607
vm1,312704,20261002-150936_clu_vm14-vm24-rasp14-rasp24-rasp34_allfive_r1,5941,perf_20261002-150936_clu_vm14-vm24-rasp14-rasp24-rasp34_allfive_r1,0,291,1790953786937,0,1790953845518.309,190.86,3.92,1790953845713.313,Normal,0.9364
vm1,312704,20261002-150936_clu_vm14-vm24-rasp14-rasp24-rasp34_allfive_r1,5942,perf_20261002-150936_clu_vm14-vm24-rasp14-rasp24-rasp34_allfive_r1,0,292,1790953786937,0,1790953845713.698,197.191,6.04,1790953845917.099,Normal,0.9721
vm1,312704,20261002-150936_clu_vm14-vm24-rasp14-rasp24-rasp34_allfive_r1,5959,perf_20261002-150936_clu_vm14-vm24-rasp14-rasp24-rasp34_allfive_r1,0,293,1790953786939,0,1790953845917.326,165.257,3.854,1790953846086.615,Normal,0.7072
vm1,312704,20261002-150936_clu_vm14-vm24-rasp14-rasp24-rasp34_allfive_r1,5979,perf_20261002-150936_clu_vm14-vm24-rasp14-rasp24-rasp34_allfive_r1,0,294,1790953786946,0,1790953846086.853,154.462,5.098,1790953846246.594,OFFENSIVE,0.6827
vm1,312704,20261002-150936_clu_vm14-vm24-rasp14-rasp24-rasp34_allfive_r1,6031,perf_20261002-150936_clu_vm14-vm24-rasp14-rasp24-rasp34_allfive_r1,0,295,1790953786982,0,1790953846246.816,115.891,4.036,1790953846366.918,Normal,0.9511
vm1,312704,20261002-150936_clu_vm14-vm24-rasp14-rasp24-rasp34_allfive_r1,6035,perf_20261002-150936_clu_vm14-vm24-rasp14-rasp24-rasp34_allfive_r1,0,296,1790953786983,0,1790953846367.146,102.444,3.572,1790953846473.331,Normal,0.873
vm1,312704,20261002-150936_clu_vm14-vm24-rasp14-rasp24-rasp34_allfive_r1,6056,perf_20261002-150936_clu_vm14-vm24-rasp14-rasp24-rasp34_allfive_r1,0,297,1790953786997,0,1790953846473.554,113.873,4.245,1790953846591.86,Normal,0.9684
vm1,312704,20261002-150936_clu_vm14-vm24-rasp14-rasp24-rasp34_allfive_r1,6079,perf_20261002-150936_clu_vm14-vm24-rasp14-rasp24-rasp34_allfive_r1,0,298,1790953787021,0,1790953846592.088,118.933,4.145,1790953846715.357,Normal,0.5999
vm1,312704,20261002-150936_clu_vm14-vm24-rasp14-rasp24-rasp34_allfive_r1,6084,perf_20261002-150936_clu_vm14-vm24-rasp14-rasp24-rasp34_allfive_r1,0,299,1790953787032,0,1790953846715.586,164.209,3.744,1790953846883.717,Normal,0.9736
vm1,312704,20261002-150936_clu_vm14-vm24-rasp14-rasp24-rasp34_allfive_r1,6116,perf_20261002-150936_clu_vm14-vm24-rasp14-rasp24-rasp34_allfive_r1,0,300,1790953787044,0,1790953846883.955,105.833,4.42,1790953846994.463,Normal,0.8895
vm1,312704,20261002-150936_clu_vm14-vm24-rasp14-rasp24-rasp34_allfive_r1,6152,perf_20261002-150936_clu_vm14-vm24-rasp14-rasp24-rasp34_allfive_r1,0,301,1790953787072,0,1790953846994.844,107.516,4.232,1790953847106.783,Normal,0.9568
vm1,312704,20261002-150936_clu_vm14-vm24-rasp14-rasp24-rasp34_allfive_r1,6159,perf_20261002-150936_clu_vm14-vm24-rasp14-rasp24-rasp34_allfive_r1,0,302,1790953787088,0,1790953847107.051,116.823,4.102,1790953847228.136,Normal,0.9483
vm1,312704,20261002-150936_clu_vm14-vm24-rasp14-rasp24-rasp34_allfive_r1,6169,perf_20261002-150936_clu_vm14-vm24-rasp14-rasp24-rasp34_allfive_r1,0,303,1790953787090,0,1790953847228.398,118.295,4.334,1790953847351.226,Normal,0.9606
vm1,312704,20261002-150936_clu_vm14-vm24-rasp14-rasp24-rasp34_allfive_r1,6179,perf_20261002-150936_clu_vm14-vm24-rasp14-rasp24-rasp34_allfive_r1,0,304,1790953787092,0,1790953847351.482,110.588,4.122,1790953847466.374,Normal,0.7818
vm1,312704,20261002-150936_clu_vm14-vm24-rasp14-rasp24-rasp34_allfive_r1,6182,perf_20261002-150936_clu_vm14-vm24-rasp14-rasp24-rasp34_allfive_r1,0,305,1790953787092,0,1790953847466.616,130.347,14.052,1790953847611.188,Normal,0.9318
vm1,312704,20261002-150936_clu_vm14-vm24-rasp14-rasp24-rasp34_allfive_r1,6199,perf_20261002-150936_clu_vm14-vm24-rasp14-rasp24-rasp34_allfive_r1,0,306,1790953787127,0,1790953847611.466,107.622,4.329,1790953847723.605,Normal,0.4532
vm1,312704,20261002-150936_clu_vm14-vm24-rasp14-rasp24-rasp34_allfive_r1,6205,perf_20261002-150936_clu_vm14-vm24-rasp14-rasp24-rasp34_allfive_r1,0,307,1790953787128,0,1790953847723.878,106.399,4.944,1790953847835.413,Normal,0.9646
vm1,312704,20261002-150936_clu_vm14-vm24-rasp14-rasp24-rasp34_allfive_r1,6228,perf_20261002-150936_clu_vm14-vm24-rasp14-rasp24-rasp34_allfive_r1,0,308,1790953787159,0,1790953847835.791,108.099,4.096,1790953847948.188,Normal,0.9065
vm1,312704,20261002-150936_clu_vm14-vm24-rasp14-rasp24-rasp34_allfive_r1,6242,perf_20261002-150936_clu_vm14-vm24-rasp14-rasp24-rasp34_allfive_r1,0,309,1790953787179,0,1790953847948.516,99.056,4.56,1790953848052.349,Normal,0.9627
vm1,312704,20261002-150936_clu_vm14-vm24-rasp14-rasp24-rasp34_allfive_r1,6272,perf_20261002-150936_clu_vm14-vm24-rasp14-rasp24-rasp34_allfive_r1,0,310,1790953787193,0,1790953848052.613,106.977,4.409,1790953848164.19,Normal,0.9528
vm1,312704,20261002-150936_clu_vm14-vm24-rasp14-rasp24-rasp34_allfive_r1,6273,perf_20261002-150936_clu_vm14-vm24-rasp14-rasp24-rasp34_allfive_r1,0,311,1790953787193,0,1790953848164.448,188.621,13.623,1790953848366.852,Normal,0.9736
vm1,312704,20261002-150936_clu_vm14-vm24-rasp14-rasp24-rasp34_allfive_r1,6292,perf_20261002-150936_clu_vm14-vm24-rasp14-rasp24-rasp34_allfive_r1,0,312,1790953787203,0,1790953848367.175,124.166,4.043,1790953848495.558,Normal,0.9008
vm1,312704,20261002-150936_clu_vm14-vm24-rasp14-rasp24-rasp34_allfive_r1,6295,perf_20261002-150936_clu_vm14-vm24-rasp14-rasp24-rasp34_allfive_r1,0,313,1790953787203,0,1790953848495.849,123.692,9.272,1790953848628.989,OFFENSIVE,0.5901
vm1,312704,20261002-150936_clu_vm14-vm24-rasp14-rasp24-rasp34_allfive_r1,6312,perf_20261002-150936_clu_vm14-vm24-rasp14-rasp24-rasp34_allfive_r1,0,314,1790953787206,0,1790953848629.251,116.834,17.952,1790953848764.204,Normal,0.9361
vm1,312704,20261002-150936_clu_vm14-vm24-rasp14-rasp24-rasp34_allfive_r1,6317,perf_20261002-150936_clu_vm14-vm24-rasp14-rasp24-rasp34_allfive_r1,0,315,1790953787207,0,1790953848764.486,155.877,9.45,1790953848929.977,Normal,0.9053
vm1,312704,20261002-150936_clu_vm14-vm24-rasp14-rasp24-rasp34_allfive_r1,6344,perf_20261002-150936_clu_vm14-vm24-rasp14-rasp24-rasp34_allfive_r1,0,316,1790953787213,0,1790953848930.331,132.976,8.645,1790953849072.13,OFFENSIVE,0.5247
vm1,312704,20261002-150936_clu_vm14-vm24-rasp14-rasp24-rasp34_allfive_r1,6357,perf_20261002-150936_clu_vm14-vm24-rasp14-rasp24-rasp34_allfive_r1,0,317,1790953787215,0,1790953849072.473,170.468,5.504,1790953849248.64,Normal,0.9679
vm1,312704,20261002-150936_clu_vm14-vm24-rasp14-rasp24-rasp34_allfive_r1,6378,perf_20261002-150936_clu_vm14-vm24-rasp14-rasp24-rasp34_allfive_r1,0,318,1790953787219,0,1790953849248.928,101.135,18.746,1790953849368.988,Normal,0.8954
vm1,312704,20261002-150936_clu_vm14-vm24-rasp14-rasp24-rasp34_allfive_r1,6386,perf_20261002-150936_clu_vm14-vm24-rasp14-rasp24-rasp34_allfive_r1,0,319,1790953787221,0,1790953849369.299,123.592,13.475,1790953849506.566,Normal,0.65
vm1,312704,20261002-150936_clu_vm14-vm24-rasp14-rasp24-rasp34_allfive_r1,6418,perf_20261002-150936_clu_vm14-vm24-rasp14-rasp24-rasp34_allfive_r1,0,320,1790953787226,0,1790953849506.873,194.646,14.475,1790953849716.187,Normal,0.9399
vm1,312704,20261002-150936_clu_vm14-vm24-rasp14-rasp24-rasp34_allfive_r1,6441,perf_20261002-150936_clu_vm14-vm24-rasp14-rasp24-rasp34_allfive_r1,0,321,1790953787230,0,1790953849716.516,187.682,10.674,1790953849915.043,Normal,0.9558
vm1,312704,20261002-150936_clu_vm14-vm24-rasp14-rasp24-rasp34_allfive_r1,6479,perf_20261002-150936_clu_vm14-vm24-rasp14-rasp24-rasp34_allfive_r1,0,322,1790953787234,0,1790953849915.353,152.539,13.184,1790953850081.261,Normal,0.9314
vm1,312704,20261002-150936_clu_vm14-vm24-rasp14-rasp24-rasp34_allfive_r1,6538,perf_20261002-150936_clu_vm14-vm24-rasp14-rasp24-rasp34_allfive_r1,0,323,1790953787239,0,1790953850081.483,220.375,12.445,1790953850314.573,Normal,0.926
vm1,312704,20261002-150936_clu_vm14-vm24-rasp14-rasp24-rasp34_allfive_r1,6557,perf_20261002-150936_clu_vm14-vm24-rasp14-rasp24-rasp34_allfive_r1,0,324,1790953787241,0,1790953850314.888,121.751,6.282,1790953850443.115,Normal,0.9359
vm1,312704,20261002-150936_clu_vm14-vm24-rasp14-rasp24-rasp34_allfive_r1,6565,perf_20261002-150936_clu_vm14-vm24-rasp14-rasp24-rasp34_allfive_r1,0,325,1790953787242,0,1790953850443.384,153.205,4.265,1790953850601.054,Normal,0.7818
vm1,312704,20261002-150936_clu_vm14-vm24-rasp14-rasp24-rasp34_allfive_r1,6578,perf_20261002-150936_clu_vm14-vm24-rasp14-rasp24-rasp34_allfive_r1,0,326,1790953787243,0,1790953850601.338,211.815,13.16,1790953850826.493,Normal,0.9742
vm1,312704,20261002-150936_clu_vm14-vm24-rasp14-rasp24-rasp34_allfive_r1,6620,perf_20261002-150936_clu_vm14-vm24-rasp14-rasp24-rasp34_allfive_r1,0,327,1790953787246,0,1790953850826.796,146.254,6.131,1790953850979.352,Normal,0.9375
vm1,312704,20261002-150936_clu_vm14-vm24-rasp14-rasp24-rasp34_allfive_r1,6622,perf_20261002-150936_clu_vm14-vm24-rasp14-rasp24-rasp34_allfive_r1,0,328,1790953787247,0,1790953850979.673,131.455,6.77,1790953851118.099,Normal,0.9651
vm1,312704,20261002-150936_clu_vm14-vm24-rasp14-rasp24-rasp34_allfive_r1,6635,perf_20261002-150936_clu_vm14-vm24-rasp14-rasp24-rasp34_allfive_r1,0,329,1790953787248,0,1790953851118.46,149.367,4.225,1790953851272.247,Normal,0.9127
vm1,312704,20261002-150936_clu_vm14-vm24-rasp14-rasp24-rasp34_allfive_r1,6641,perf_20261002-150936_clu_vm14-vm24-rasp14-rasp24-rasp34_allfive_r1,0,330,1790953787248,0,1790953851272.505,116.244,4.322,1790953851393.26,Normal,0.9264
vm1,312704,20261002-150936_clu_vm14-vm24-rasp14-rasp24-rasp34_allfive_r1,6645,perf_20261002-150936_clu_vm14-vm24-rasp14-rasp24-rasp34_allfive_r1,0,331,1790953787249,0,1790953851393.508,108.853,4.64,1790953851507.171,Normal,0.9648
vm1,312704,20261002-150936_clu_vm14-vm24-rasp14-rasp24-rasp34_allfive_r1,6647,perf_20261002-150936_clu_vm14-vm24-rasp14-rasp24-rasp34_allfive_r1,0,332,1790953787249,0,1790953851507.425,103.79,4.331,1790953851615.725,Normal,0.9566
vm1,312704,20261002-150936_clu_vm14-vm24-rasp14-rasp24-rasp34_allfive_r1,6651,perf_20261002-150936_clu_vm14-vm24-rasp14-rasp24-rasp34_allfive_r1,0,333,1790953787249,0,1790953851615.97,104.209,3.86,1790953851724.22,Normal,0.9594
vm1,312704,20261002-150936_clu_vm14-vm24-rasp14-rasp24-rasp34_allfive_r1,6674,perf_20261002-150936_clu_vm14-vm24-rasp14-rasp24-rasp34_allfive_r1,0,334,1790953787251,0,1790953851724.472,116.117,4.074,1790953851844.843,Normal,0.8661
vm1,312704,20261002-150936_clu_vm14-vm24-rasp14-rasp24-rasp34_allfive_r1,6690,perf_20261002-150936_clu_vm14-vm24-rasp14-rasp24-rasp34_allfive_r1,0,335,1790953787253,0,1790953851845.081,113.261,4.57,1790953851963.102,Normal,0.9668
vm1,312704,20261002-150936_clu_vm14-vm24-rasp14-rasp24-rasp34_allfive_r1,6718,perf_20261002-150936_clu_vm14-vm24-rasp14-rasp24-rasp34_allfive_r1,0,336,1790953787255,0,1790953851963.38,119.134,4.745,1790953852087.469,Normal,0.9174
vm1,312704,20261002-150936_clu_vm14-vm24-rasp14-rasp24-rasp34_allfive_r1,6773,perf_20261002-150936_clu_vm14-vm24-rasp14-rasp24-rasp34_allfive_r1,0,337,1790953787260,0,1790953852087.74,107.478,4.446,1790953852199.853,Normal,0.976
vm1,312704,20261002-150936_clu_vm14-vm24-rasp14-rasp24-rasp34_allfive_r1,6804,perf_20261002-150936_clu_vm14-vm24-rasp14-rasp24-rasp34_allfive_r1,0,338,1790953787263,0,1790953852200.11,143.15,4.346,1790953852347.795,Normal,0.9696
vm1,312704,20261002-150936_clu_vm14-vm24-rasp14-rasp24-rasp34_allfive_r1,6806,perf_20261002-150936_clu_vm14-vm24-rasp14-rasp24-rasp34_allfive_r1,0,339,1790953787263,0,1790953852348.043,112.05,4.351,1790953852464.634,Normal,0.9542
vm1,312704,20261002-150936_clu_vm14-vm24-rasp14-rasp24-rasp34_allfive_r1,6840,perf_20261002-150936_clu_vm14-vm24-rasp14-rasp24-rasp34_allfive_r1,0,340,1790953787266,0,1790953852464.885,102.633,4.245,1790953852571.969,Normal,0.9608
vm1,312704,20261002-150936_clu_vm14-vm24-rasp14-rasp24-rasp34_allfive_r1,6855,perf_20261002-150936_clu_vm14-vm24-rasp14-rasp24-rasp34_allfive_r1,0,341,1790953787267,0,1790953852572.198,163.203,4.086,1790953852739.667,Normal,0.7151
vm1,312704,20261002-150936_clu_vm14-vm24-rasp14-rasp24-rasp34_allfive_r1,6861,perf_20261002-150936_clu_vm14-vm24-rasp14-rasp24-rasp34_allfive_r1,0,342,1790953787268,0,1790953852739.91,114.097,4.329,1790953852858.505,Normal,0.9715
vm1,312704,20261002-150936_clu_vm14-vm24-rasp14-rasp24-rasp34_allfive_r1,6875,perf_20261002-150936_clu_vm14-vm24-rasp14-rasp24-rasp34_allfive_r1,0,343,1790953787269,0,1790953852858.751,111.753,4.563,1790953852975.243,Normal,0.9726
vm1,312704,20261002-150936_clu_vm14-vm24-rasp14-rasp24-rasp34_allfive_r1,6877,perf_20261002-150936_clu_vm14-vm24-rasp14-rasp24-rasp34_allfive_r1,0,344,1790953787269,0,1790953852975.491,93.532,4.316,1790953853073.534,Normal,0.9634
vm1,312704,20261002-150936_clu_vm14-vm24-rasp14-rasp24-rasp34_allfive_r1,6881,perf_20261002-150936_clu_vm14-vm24-rasp14-rasp24-rasp34_allfive_r1,0,345,1790953787269,0,1790953853073.804,100.997,3.83,1790953853179.092,Normal,0.9439
vm1,312704,20261002-150936_clu_vm14-vm24-rasp14-rasp24-rasp34_allfive_r1,6882,perf_20261002-150936_clu_vm14-vm24-rasp14-rasp24-rasp34_allfive_r1,0,346,1790953787269,0,1790953853179.345,118.214,4.169,1790953853301.919,Normal,0.9117
vm1,312704,20261002-150936_clu_vm14-vm24-rasp14-rasp24-rasp34_allfive_r1,6894,perf_20261002-150936_clu_vm14-vm24-rasp14-rasp24-rasp34_allfive_r1,0,347,1790953787271,0,1790953853302.168,125.497,5.422,1790953853433.287,Normal,0.906
vm1,312704,20261002-150936_clu_vm14-vm24-rasp14-rasp24-rasp34_allfive_r1,6900,perf_20261002-150936_clu_vm14-vm24-rasp14-rasp24-rasp34_allfive_r1,0,348,1790953787271,0,1790953853433.542,111.349,4.277,1790953853549.321,Normal,0.9667
vm1,312704,20261002-150936_clu_vm14-vm24-rasp14-rasp24-rasp34_allfive_r1,6917,perf_20261002-150936_clu_vm14-vm24-rasp14-rasp24-rasp34_allfive_r1,0,349,1790953787273,0,1790953853549.593,106.572,4.449,1790953853660.811,Normal,0.9403
vm1,312704,20261002-150936_clu_vm14-vm24-rasp14-rasp24-rasp34_allfive_r1,6949,perf_20261002-150936_clu_vm14-vm24-rasp14-rasp24-rasp34_allfive_r1,0,350,1790953787275,0,1790953853661.068,99.131,4.792,1790953853765.184,Normal,0.6673
vm1,312704,20261002-150936_clu_vm14-vm24-rasp14-rasp24-rasp34_allfive_r1,6951,perf_20261002-150936_clu_vm14-vm24-rasp14-rasp24-rasp34_allfive_r1,0,351,1790953787276,0,1790953853765.585,109.11,4.162,1790953853879.065,Normal,0.9587
vm1,312704,20261002-150936_clu_vm14-vm24-rasp14-rasp24-rasp34_allfive_r1,6957,perf_20261002-150936_clu_vm14-vm24-rasp14-rasp24-rasp34_allfive_r1,0,352,1790953787276,0,1790953853879.362,102.782,4.478,1790953853986.802,Normal,0.5899
vm1,312704,20261002-150936_clu_vm14-vm24-rasp14-rasp24-rasp34_allfive_r1,6982,perf_20261002-150936_clu_vm14-vm24-rasp14-rasp24-rasp34_allfive_r1,0,353,1790953787278,0,1790953853987.063,87.669,3.816,1790953854078.711,Normal,0.8717
vm1,312704,20261002-150936_clu_vm14-vm24-rasp14-rasp24-rasp34_allfive_r1,6986,perf_20261002-150936_clu_vm14-vm24-rasp14-rasp24-rasp34_allfive_r1,0,354,1790953787279,0,1790953854078.954,103.006,4.113,1790953854186.264,Normal,0.9553
vm1,312704,20261002-150936_clu_vm14-vm24-rasp14-rasp24-rasp34_allfive_r1,7011,perf_20261002-150936_clu_vm14-vm24-rasp14-rasp24-rasp34_allfive_r1,0,355,1790953787281,0,1790953854186.539,92.596,4.152,1790953854283.479,Normal,0.9548
vm1,312704,20261002-150936_clu_vm14-vm24-rasp14-rasp24-rasp34_allfive_r1,7022,perf_20261002-150936_clu_vm14-vm24-rasp14-rasp24-rasp34_allfive_r1,0,356,1790953787282,0,1790953854283.766,119.157,4.817,1790953854407.943,Normal,0.9711
vm1,312704,20261002-150936_clu_vm14-vm24-rasp14-rasp24-rasp34_allfive_r1,7063,perf_20261002-150936_clu_vm14-vm24-rasp14-rasp24-rasp34_allfive_r1,0,357,1790953787286,0,1790953854408.185,114.355,4.091,1790953854526.82,Normal,0.9375
vm1,312704,20261002-150936_clu_vm14-vm24-rasp14-rasp24-rasp34_allfive_r1,7149,perf_20261002-150936_clu_vm14-vm24-rasp14-rasp24-rasp34_allfive_r1,0,358,1790953787293,0,1790953854527.076,101.135,4.159,1790953854632.566,Normal,0.9761
vm1,312704,20261002-150936_clu_vm14-vm24-rasp14-rasp24-rasp34_allfive_r1,7152,perf_20261002-150936_clu_vm14-vm24-rasp14-rasp24-rasp34_allfive_r1,0,359,1790953787294,0,1790953854632.82,103.545,4.338,1790953854740.896,Normal,0.8992
vm1,312704,20261002-150936_clu_vm14-vm24-rasp14-rasp24-rasp34_allfive_r1,7158,perf_20261002-150936_clu_vm14-vm24-rasp14-rasp24-rasp34_allfive_r1,0,360,1790953787294,0,1790953854741.142,94.159,4.142,1790953854839.634,Normal,0.909
vm1,312704,20261002-150936_clu_vm14-vm24-rasp14-rasp24-rasp34_allfive_r1,7172,perf_20261002-150936_clu_vm14-vm24-rasp14-rasp24-rasp34_allfive_r1,0,361,1790953787295,0,1790953854839.88,100.745,4.096,1790953854944.902,Normal,0.9695
vm1,312704,20261002-150936_clu_vm14-vm24-rasp14-rasp24-rasp34_allfive_r1,7181,perf_20261002-150936_clu_vm14-vm24-rasp14-rasp24-rasp34_allfive_r1,0,362,1790953787296,0,1790953854945.15,335.729,3.542,1790953855284.656,Normal,0.9736
vm1,312704,20261002-150936_clu_vm14-vm24-rasp14-rasp24-rasp34_allfive_r1,7185,perf_20261002-150936_clu_vm14-vm24-rasp14-rasp24-rasp34_allfive_r1,0,363,1790953787296,0,1790953855284.917,168.411,4.021,1790953855457.54,Normal,0.9748
vm1,312704,20261002-150936_clu_vm14-vm24-rasp14-rasp24-rasp34_allfive_r1,7232,perf_20261002-150936_clu_vm14-vm24-rasp14-rasp24-rasp34_allfive_r1,0,364,1790953787300,0,1790953855457.787,93.67,4.012,1790953855555.662,Normal,0.9536
vm1,312704,20261002-150936_clu_vm14-vm24-rasp14-rasp24-rasp34_allfive_r1,7293,perf_20261002-150936_clu_vm14-vm24-rasp14-rasp24-rasp34_allfive_r1,0,365,1790953787306,0,1790953855555.903,128.446,4.196,1790953855688.731,Normal,0.8292
vm1,312704,20261002-150936_clu_vm14-vm24-rasp14-rasp24-rasp34_allfive_r1,7322,perf_20261002-150936_clu_vm14-vm24-rasp14-rasp24-rasp34_allfive_r1,0,366,1790953787308,0,1790953855688.979,112.772,4.481,1790953855806.513,Normal,0.9605
vm1,312704,20261002-150936_clu_vm14-vm24-rasp14-rasp24-rasp34_allfive_r1,7327,perf_20261002-150936_clu_vm14-vm24-rasp14-rasp24-rasp34_allfive_r1,0,367,1790953787309,0,1790953855807.271,126.062,4.172,1790953855937.709,Normal,0.9594
vm1,312704,20261002-150936_clu_vm14-vm24-rasp14-rasp24-rasp34_allfive_r1,7495,perf_20261002-150936_clu_vm14-vm24-rasp14-rasp24-rasp34_allfive_r1,0,368,1790953787324,0,1790953855937.994,155.152,4.423,1790953856097.75,Normal,0.9523
vm1,312704,20261002-150936_clu_vm14-vm24-rasp14-rasp24-rasp34_allfive_r1,7516,perf_20261002-150936_clu_vm14-vm24-rasp14-rasp24-rasp34_allfive_r1,0,369,1790953787326,0,1790953856098.036,112.701,4.306,1790953856215.263,Normal,0.9647
vm1,312704,20261002-150936_clu_vm14-vm24-rasp14-rasp24-rasp34_allfive_r1,7525,perf_20261002-150936_clu_vm14-vm24-rasp14-rasp24-rasp34_allfive_r1,0,370,1790953787326,0,1790953856215.506,114.124,3.935,1790953856333.733,Normal,0.931
vm1,312704,20261002-150936_clu_vm14-vm24-rasp14-rasp24-rasp34_allfive_r1,7608,perf_20261002-150936_clu_vm14-vm24-rasp14-rasp24-rasp34_allfive_r1,0,371,1790953787334,0,1790953856334.023,95.491,4.165,1790953856433.857,Normal,0.9025
vm1,312704,20261002-150936_clu_vm14-vm24-rasp14-rasp24-rasp34_allfive_r1,7613,perf_20261002-150936_clu_vm14-vm24-rasp14-rasp24-rasp34_allfive_r1,0,372,1790953787334,0,1790953856434.155,103.662,4.132,1790953856542.302,Normal,0.9423
vm1,312704,20261002-150936_clu_vm14-vm24-rasp14-rasp24-rasp34_allfive_r1,7644,perf_20261002-150936_clu_vm14-vm24-rasp14-rasp24-rasp34_allfive_r1,0,373,1790953787337,0,1790953856542.551,119.947,5.038,1790953856667.748,Normal,0.8661
vm1,312704,20261002-150936_clu_vm14-vm24-rasp14-rasp24-rasp34_allfive_r1,7683,perf_20261002-150936_clu_vm14-vm24-rasp14-rasp24-rasp34_allfive_r1,0,374,1790953787340,0,1790953856668.025,87.876,4.045,1790953856760.139,Normal,0.8625
vm1,312704,20261002-150936_clu_vm14-vm24-rasp14-rasp24-rasp34_allfive_r1,7690,perf_20261002-150936_clu_vm14-vm24-rasp14-rasp24-rasp34_allfive_r1,0,375,1790953787341,0,1790953856760.384,94.769,4.213,1790953856859.553,Normal,0.9141
vm1,312704,20261002-150936_clu_vm14-vm24-rasp14-rasp24-rasp34_allfive_r1,7698,perf_20261002-150936_clu_vm14-vm24-rasp14-rasp24-rasp34_allfive_r1,0,376,1790953787342,0,1790953856859.797,91.866,4.27,1790953856956.115,Normal,0.9713
vm1,312704,20261002-150936_clu_vm14-vm24-rasp14-rasp24-rasp34_allfive_r1,7699,perf_20261002-150936_clu_vm14-vm24-rasp14-rasp24-rasp34_allfive_r1,0,377,1790953787342,0,1790953856956.366,99.808,4.226,1790953857060.594,Normal,0.9712
vm1,312704,20261002-150936_clu_vm14-vm24-rasp14-rasp24-rasp34_allfive_r1,7726,perf_20261002-150936_clu_vm14-vm24-rasp14-rasp24-rasp34_allfive_r1,0,378,1790953787344,0,1790953857060.9,115.89,4.673,1790953857181.67,Normal,0.7255
vm1,312704,20261002-150936_clu_vm14-vm24-rasp14-rasp24-rasp34_allfive_r1,7730,perf_20261002-150936_clu_vm14-vm24-rasp14-rasp24-rasp34_allfive_r1,0,379,1790953787345,0,1790953857181.961,107.552,3.69,1790953857293.384,Normal,0.9262
vm1,312704,20261002-150936_clu_vm14-vm24-rasp14-rasp24-rasp34_allfive_r1,7760,perf_20261002-150936_clu_vm14-vm24-rasp14-rasp24-rasp34_allfive_r1,0,380,1790953787347,0,1790953857293.63,111.049,4.435,1790953857409.332,Normal,0.9423
vm1,312704,20261002-150936_clu_vm14-vm24-rasp14-rasp24-rasp34_allfive_r1,7763,perf_20261002-150936_clu_vm14-vm24-rasp14-rasp24-rasp34_allfive_r1,0,381,1790953787347,0,1790953857409.579,87.755,4.412,1790953857501.926,Normal,0.9574
vm1,312704,20261002-150936_clu_vm14-vm24-rasp14-rasp24-rasp34_allfive_r1,7769,perf_20261002-150936_clu_vm14-vm24-rasp14-rasp24-rasp34_allfive_r1,0,382,1790953787348,0,1790953857502.181,93.285,3.733,1790953857599.341,Normal,0.9631
vm1,312704,20261002-150936_clu_vm14-vm24-rasp14-rasp24-rasp34_allfive_r1,7774,perf_20261002-150936_clu_vm14-vm24-rasp14-rasp24-rasp34_allfive_r1,0,383,1790953787348,0,1790953857599.667,202.791,3.594,1790953857806.228,Normal,0.9748
vm1,312704,20261002-150936_clu_vm14-vm24-rasp14-rasp24-rasp34_allfive_r1,7783,perf_20261002-150936_clu_vm14-vm24-rasp14-rasp24-rasp34_allfive_r1,0,384,1790953787349,0,1790953857806.46,105.392,4.102,1790953857916.12,Normal,0.9386
vm1,312704,20261002-150936_clu_vm14-vm24-rasp14-rasp24-rasp34_allfive_r1,7799,perf_20261002-150936_clu_vm14-vm24-rasp14-rasp24-rasp34_allfive_r1,0,385,1790953787351,0,1790953857916.35,82.387,4.069,1790953858002.979,Normal,0.9492
vm1,312704,20261002-150936_clu_vm14-vm24-rasp14-rasp24-rasp34_allfive_r1,7808,perf_20261002-150936_clu_vm14-vm24-rasp14-rasp24-rasp34_allfive_r1,0,386,1790953787351,0,1790953858003.206,113.818,3.754,1790953858120.95,Normal,0.9652
vm1,312704,20261002-150936_clu_vm14-vm24-rasp14-rasp24-rasp34_allfive_r1,7872,perf_20261002-150936_clu_vm14-vm24-rasp14-rasp24-rasp34_allfive_r1,0,387,1790953787357,0,1790953858121.18,103.825,4.385,1790953858229.561,Normal,0.9423
vm1,312704,20261002-150936_clu_vm14-vm24-rasp14-rasp24-rasp34_allfive_r1,7904,perf_20261002-150936_clu_vm14-vm24-rasp14-rasp24-rasp34_allfive_r1,0,388,1790953787360,0,1790953858229.782,85.039,4.258,1790953858319.243,Normal,0.9446
vm1,312704,20261002-150936_clu_vm14-vm24-rasp14-rasp24-rasp34_allfive_r1,7927,perf_20261002-150936_clu_vm14-vm24-rasp14-rasp24-rasp34_allfive_r1,0,389,1790953787362,0,1790953858319.468,119.607,3.631,1790953858443.084,Normal,0.9751
vm1,312704,20261002-150936_clu_vm14-vm24-rasp14-rasp24-rasp34_allfive_r1,7944,perf_20261002-150936_clu_vm14-vm24-rasp14-rasp24-rasp34_allfive_r1,0,390,1790953787364,0,1790953858443.321,105.818,3.946,1790953858553.263,Normal,0.8992
vm1,312704,20261002-150936_clu_vm14-vm24-rasp14-rasp24-rasp34_allfive_r1,7971,perf_20261002-150936_clu_vm14-vm24-rasp14-rasp24-rasp34_allfive_r1,0,391,1790953787366,0,1790953858553.486,95.867,3.994,1790953858653.521,Normal,0.8636
vm1,312704,20261002-150936_clu_vm14-vm24-rasp14-rasp24-rasp34_allfive_r1,8025,perf_20261002-150936_clu_vm14-vm24-rasp14-rasp24-rasp34_allfive_r1,0,392,1790953787371,0,1790953858653.744,112.643,3.677,1790953858770.233,Normal,0.7759
vm1,312704,20261002-150936_clu_vm14-vm24-rasp14-rasp24-rasp34_allfive_r1,8040,perf_20261002-150936_clu_vm14-vm24-rasp14-rasp24-rasp34_allfive_r1,0,393,1790953787372,0,1790953858770.46,216.413,4.238,1790953858991.287,Normal,0.9651
vm1,312704,20261002-150936_clu_vm14-vm24-rasp14-rasp24-rasp34_allfive_r1,8092,perf_20261002-150936_clu_vm14-vm24-rasp14-rasp24-rasp34_allfive_r1,0,394,1790953787377,0,1790953858991.516,86.431,3.953,1790953859082.073,Normal,0.9663
vm1,312704,20261002-150936_clu_vm14-vm24-rasp14-rasp24-rasp34_allfive_r1,8109,perf_20261002-150936_clu_vm14-vm24-rasp14-rasp24-rasp34_allfive_r1,0,395,1790953787378,0,1790953859082.3,97.381,6.706,1790953859186.558,Normal,0.4041
vm1,312704,20261002-150936_clu_vm14-vm24-rasp14-rasp24-rasp34_allfive_r1,8117,perf_20261002-150936_clu_vm14-vm24-rasp14-rasp24-rasp34_allfive_r1,0,396,1790953787379,0,1790953859186.856,102.951,3.608,1790953859293.604,Normal,0.9699
vm1,312704,20261002-150936_clu_vm14-vm24-rasp14-rasp24-rasp34_allfive_r1,8122,perf_20261002-150936_clu_vm14-vm24-rasp14-rasp24-rasp34_allfive_r1,0,397,1790953787379,0,1790953859293.838,250.94,3.728,1790953859548.69,Normal,0.9537
vm1,312704,20261002-150936_clu_vm14-vm24-rasp14-rasp24-rasp34_allfive_r1,8125,perf_20261002-150936_clu_vm14-vm24-rasp14-rasp24-rasp34_allfive_r1,0,398,1790953787379,0,1790953859548.94,105.813,3.622,1790953859658.558,Normal,0.9162
vm1,312704,20261002-150936_clu_vm14-vm24-rasp14-rasp24-rasp34_allfive_r1,8129,perf_20261002-150936_clu_vm14-vm24-rasp14-rasp24-rasp34_allfive_r1,0,399,1790953787380,0,1790953859658.792,103.33,3.845,1790953859766.156,Normal,0.8646
vm1,312704,20261002-150936_clu_vm14-vm24-rasp14-rasp24-rasp34_allfive_r1,8147,perf_20261002-150936_clu_vm14-vm24-rasp14-rasp24-rasp34_allfive_r1,0,400,1790953787381,0,1790953859766.391,119.241,4.272,1790953859890.087,Normal,0.9045
vm1,312704,20261002-150936_clu_vm14-vm24-rasp14-rasp24-rasp34_allfive_r1,8174,perf_20261002-150936_clu_vm14-vm24-rasp14-rasp24-rasp34_allfive_r1,0,401,1790953787384,0,1790953859890.434,119.663,5.531,1790953860015.81,Normal,0.9732
vm1,312704,20261002-150936_clu_vm14-vm24-rasp14-rasp24-rasp34_allfive_r1,8179,perf_20261002-150936_clu_vm14-vm24-rasp14-rasp24-rasp34_allfive_r1,0,402,1790953787385,0,1790953860016.02,106.56,4.483,1790953860127.247,Normal,0.9738
vm1,312704,20261002-150936_clu_vm14-vm24-rasp14-rasp24-rasp34_allfive_r1,8209,perf_20261002-150936_clu_vm14-vm24-rasp14-rasp24-rasp34_allfive_r1,0,403,1790953787387,0,1790953860127.469,123.887,8.324,1790953860259.919,Normal,0.9533
vm1,312704,20261002-150936_clu_vm14-vm24-rasp14-rasp24-rasp34_allfive_r1,8215,perf_20261002-150936_clu_vm14-vm24-rasp14-rasp24-rasp34_allfive_r1,0,404,1790953787388,0,1790953860260.17,184.988,4.247,1790953860449.593,Normal,0.7873
vm1,312704,20261002-150936_clu_vm14-vm24-rasp14-rasp24-rasp34_allfive_r1,8224,perf_20261002-150936_clu_vm14-vm24-rasp14-rasp24-rasp34_allfive_r1,0,405,1790953787389,0,1790953860449.839,121.227,4.406,1790953860575.617,Normal,0.9442
vm1,312704,20261002-150936_clu_vm14-vm24-rasp14-rasp24-rasp34_allfive_r1,8252,perf_20261002-150936_clu_vm14-vm24-rasp14-rasp24-rasp34_allfive_r1,0,406,1790953787391,0,1790953860575.862,113.757,4.383,1790953860694.198,Normal,0.9695
vm1,312704,20261002-150936_clu_vm14-vm24-rasp14-rasp24-rasp34_allfive_r1,8271,perf_20261002-150936_clu_vm14-vm24-rasp14-rasp24-rasp34_allfive_r1,0,407,1790953787393,0,1790953860694.446,114.591,4.374,1790953860813.583,Normal,0.9214
vm1,312704,20261002-150936_clu_vm14-vm24-rasp14-rasp24-rasp34_allfive_r1,8275,perf_20261002-150936_clu_vm14-vm24-rasp14-rasp24-rasp34_allfive_r1,0,408,1790953787393,0,1790953860813.866,92.783,3.627,1790953860910.456,Normal,0.8167
vm1,312704,20261002-150936_clu_vm14-vm24-rasp14-rasp24-rasp34_allfive_r1,8287,perf_20261002-150936_clu_vm14-vm24-rasp14-rasp24-rasp34_allfive_r1,0,409,1790953787394,0,1790953860910.717,100.7,4.024,1790953861015.63,Normal,0.9575
vm1,312704,20261002-150936_clu_vm14-vm24-rasp14-rasp24-rasp34_allfive_r1,8339,perf_20261002-150936_clu_vm14-vm24-rasp14-rasp24-rasp34_allfive_r1,0,410,1790953787399,0,1790953861015.871,104.942,4.266,1790953861125.287,Normal,0.9255
vm1,312704,20261002-150936_clu_vm14-vm24-rasp14-rasp24-rasp34_allfive_r1,8342,perf_20261002-150936_clu_vm14-vm24-rasp14-rasp24-rasp34_allfive_r1,0,411,1790953787399,0,1790953861125.541,102.496,4.074,1790953861232.305,Normal,0.9165
vm1,312704,20261002-150936_clu_vm14-vm24-rasp14-rasp24-rasp34_allfive_r1,8348,perf_20261002-150936_clu_vm14-vm24-rasp14-rasp24-rasp34_allfive_r1,0,412,1790953787399,0,1790953861232.549,89.515,4.031,1790953861326.276,Normal,0.9021
vm1,312704,20261002-150936_clu_vm14-vm24-rasp14-rasp24-rasp34_allfive_r1,8352,perf_20261002-150936_clu_vm14-vm24-rasp14-rasp24-rasp34_allfive_r1,0,413,1790953787400,0,1790953861326.564,94.476,4.296,1790953861425.538,Normal,0.9478
vm1,312704,20261002-150936_clu_vm14-vm24-rasp14-rasp24-rasp34_allfive_r1,8403,perf_20261002-150936_clu_vm14-vm24-rasp14-rasp24-rasp34_allfive_r1,0,414,1790953787404,0,1790953861425.798,108.964,4.555,1790953861539.503,Normal,0.9693
vm1,312704,20261002-150936_clu_vm14-vm24-rasp14-rasp24-rasp34_allfive_r1,8429,perf_20261002-150936_clu_vm14-vm24-rasp14-rasp24-rasp34_allfive_r1,0,415,1790953787406,0,1790953861539.749,133.117,3.921,1790953861676.96,Normal,0.8765
vm1,312704,20261002-150936_clu_vm14-vm24-rasp14-rasp24-rasp34_allfive_r1,8444,perf_20261002-150936_clu_vm14-vm24-rasp14-rasp24-rasp34_allfive_r1,0,416,1790953787408,0,1790953861677.194,116.133,4.25,1790953861797.767,Normal,0.9423
vm1,312704,20261002-150936_clu_vm14-vm24-rasp14-rasp24-rasp34_allfive_r1,8459,perf_20261002-150936_clu_vm14-vm24-rasp14-rasp24-rasp34_allfive_r1,0,417,1790953787409,0,1790953861798.052,118.524,4.31,1790953861921.079,Normal,0.6856
vm1,312704,20261002-150936_clu_vm14-vm24-rasp14-rasp24-rasp34_allfive_r1,8465,perf_20261002-150936_clu_vm14-vm24-rasp14-rasp24-rasp34_allfive_r1,0,418,1790953787410,0,1790953861922.203,93.502,4.574,1790953862020.505,Normal,0.9309
vm1,312704,20261002-150936_clu_vm14-vm24-rasp14-rasp24-rasp34_allfive_r1,8524,perf_20261002-150936_clu_vm14-vm24-rasp14-rasp24-rasp34_allfive_r1,0,419,1790953787415,0,1790953862020.826,169.347,12.223,1790953862202.574,Normal,0.9502
vm1,312704,20261002-150936_clu_vm14-vm24-rasp14-rasp24-rasp34_allfive_r1,8539,perf_20261002-150936_clu_vm14-vm24-rasp14-rasp24-rasp34_allfive_r1,0,420,1790953787416,0,1790953862202.869,158.4,10.694,1790953862372.163,Normal,0.9556
vm1,312704,20261002-150936_clu_vm14-vm24-rasp14-rasp24-rasp34_allfive_r1,8559,perf_20261002-150936_clu_vm14-vm24-rasp14-rasp24-rasp34_allfive_r1,0,421,1790953787418,0,1790953862372.455,182.652,5.176,1790953862560.45,Normal,0.9739
vm1,312704,20261002-150936_clu_vm14-vm24-rasp14-rasp24-rasp34_allfive_r1,8565,perf_20261002-150936_clu_vm14-vm24-rasp14-rasp24-rasp34_allfive_r1,0,422,1790953787419,0,1790953862560.7,163.429,4.461,1790953862728.781,Normal,0.9732
vm1,312704,20261002-150936_clu_vm14-vm24-rasp14-rasp24-rasp34_allfive_r1,8590,perf_20261002-150936_clu_vm14-vm24-rasp14-rasp24-rasp34_allfive_r1,0,423,1790953787421,0,1790953862729.036,114.079,7.832,1790953862851.125,Normal,0.9661
vm1,312704,20261002-150936_clu_vm14-vm24-rasp14-rasp24-rasp34_allfive_r1,8594,perf_20261002-150936_clu_vm14-vm24-rasp14-rasp24-rasp34_allfive_r1,0,424,1790953787421,0,1790953862851.432,91.03,3.788,1790953862946.427,Normal,0.9573
vm1,312704,20261002-150936_clu_vm14-vm24-rasp14-rasp24-rasp34_allfive_r1,8599,perf_20261002-150936_clu_vm14-vm24-rasp14-rasp24-rasp34_allfive_r1,0,425,1790953787422,0,1790953862946.679,126.92,16.374,1790953863090.142,Normal,0.9344
vm1,312704,20261002-150936_clu_vm14-vm24-rasp14-rasp24-rasp34_allfive_r1,8611,perf_20261002-150936_clu_vm14-vm24-rasp14-rasp24-rasp34_allfive_r1,0,426,1790953787423,0,1790953863090.424,178.723,15.149,1790953863284.473,Normal,0.977
vm1,312704,20261002-150936_clu_vm14-vm24-rasp14-rasp24-rasp34_allfive_r1,8618,perf_20261002-150936_clu_vm14-vm24-rasp14-rasp24-rasp34_allfive_r1,0,427,1790953787423,0,1790953863284.762,294.112,3.926,1790953863582.983,Normal,0.9571
vm1,312704,20261002-150936_clu_vm14-vm24-rasp14-rasp24-rasp34_allfive_r1,8627,perf_20261002-150936_clu_vm14-vm24-rasp14-rasp24-rasp34_allfive_r1,0,428,1790953787424,0,1790953863583.233,104.557,16.04,1790953863704.015,OFFENSIVE,0.8114
vm1,312704,20261002-150936_clu_vm14-vm24-rasp14-rasp24-rasp34_allfive_r1,8633,perf_20261002-150936_clu_vm14-vm24-rasp14-rasp24-rasp34_allfive_r1,0,429,1790953787425,0,1790953863704.616,124.4,13.41,1790953863842.625,Normal,0.936
vm1,312704,20261002-150936_clu_vm14-vm24-rasp14-rasp24-rasp34_allfive_r1,8639,perf_20261002-150936_clu_vm14-vm24-rasp14-rasp24-rasp34_allfive_r1,0,430,1790953787425,0,1790953863842.949,149.663,7.577,1790953864000.387,Normal,0.9631
vm1,312704,20261002-150936_clu_vm14-vm24-rasp14-rasp24-rasp34_allfive_r1,8734,perf_20261002-150936_clu_vm14-vm24-rasp14-rasp24-rasp34_allfive_r1,0,431,1790953787433,0,1790953864000.733,96.337,3.515,1790953864100.765,Normal,0.8941
vm1,312704,20261002-150936_clu_vm14-vm24-rasp14-rasp24-rasp34_allfive_r1,8754,perf_20261002-150936_clu_vm14-vm24-rasp14-rasp24-rasp34_allfive_r1,0,432,1790953787435,0,1790953864101.009,149.611,4.085,1790953864254.904,Normal,0.9247
vm1,312704,20261002-150936_clu_vm14-vm24-rasp14-rasp24-rasp34_allfive_r1,8755,perf_20261002-150936_clu_vm14-vm24-rasp14-rasp24-rasp34_allfive_r1,0,433,1790953787435,0,1790953864255.158,101.445,3.866,1790953864360.664,Normal,0.9375
vm1,312704,20261002-150936_clu_vm14-vm24-rasp14-rasp24-rasp34_allfive_r1,8770,perf_20261002-150936_clu_vm14-vm24-rasp14-rasp24-rasp34_allfive_r1,0,434,1790953787437,0,1790953864360.909,95.736,4.852,1790953864461.682,Normal,0.9256
vm1,312704,20261002-150936_clu_vm14-vm24-rasp14-rasp24-rasp34_allfive_r1,8810,perf_20261002-150936_clu_vm14-vm24-rasp14-rasp24-rasp34_allfive_r1,0,435,1790953787440,0,1790953864461.989,113.047,4.316,1790953864579.526,Normal,0.8285
vm1,312704,20261002-150936_clu_vm14-vm24-rasp14-rasp24-rasp34_allfive_r1,8821,perf_20261002-150936_clu_vm14-vm24-rasp14-rasp24-rasp34_allfive_r1,0,436,1790953787441,0,1790953864579.775,187.287,6.732,1790953864773.99,Normal,0.9541
vm1,312704,20261002-150936_clu_vm14-vm24-rasp14-rasp24-rasp34_allfive_r1,8836,perf_20261002-150936_clu_vm14-vm24-rasp14-rasp24-rasp34_allfive_r1,0,437,1790953787443,0,1790953864774.269,83.402,3.726,1790953864861.588,Normal,0.9376
vm1,312704,20261002-150936_clu_vm14-vm24-rasp14-rasp24-rasp34_allfive_r1,8849,perf_20261002-150936_clu_vm14-vm24-rasp14-rasp24-rasp34_allfive_r1,0,438,1790953787444,0,1790953864861.821,109.565,3.94,1790953864975.501,Normal,0.9436
vm1,312704,20261002-150936_clu_vm14-vm24-rasp14-rasp24-rasp34_allfive_r1,8868,perf_20261002-150936_clu_vm14-vm24-rasp14-rasp24-rasp34_allfive_r1,0,439,1790953787445,0,1790953864975.74,147.12,4.032,1790953865127.064,Normal,0.9418
vm1,312704,20261002-150936_clu_vm14-vm24-rasp14-rasp24-rasp34_allfive_r1,8876,perf_20261002-150936_clu_vm14-vm24-rasp14-rasp24-rasp34_allfive_r1,0,440,1790953787446,0,1790953865127.294,83.247,4.023,1790953865214.744,Normal,0.9405
vm1,312704,20261002-150936_clu_vm14-vm24-rasp14-rasp24-rasp34_allfive_r1,8883,perf_20261002-150936_clu_vm14-vm24-rasp14-rasp24-rasp34_allfive_r1,0,441,1790953787447,0,1790953865214.992,77.219,4.043,1790953865296.423,Normal,0.9433
vm1,312704,20261002-150936_clu_vm14-vm24-rasp14-rasp24-rasp34_allfive_r1,8894,perf_20261002-150936_clu_vm14-vm24-rasp14-rasp24-rasp34_allfive_r1,0,442,1790953787448,0,1790953865296.771,82.821,4.09,1790953865383.858,Normal,0.8712
vm1,312704,20261002-150936_clu_vm14-vm24-rasp14-rasp24-rasp34_allfive_r1,8911,perf_20261002-150936_clu_vm14-vm24-rasp14-rasp24-rasp34_allfive_r1,0,443,1790953787449,0,1790953865384.115,101.882,4.11,1790953865490.276,Normal,0.9384
vm1,312704,20261002-150936_clu_vm14-vm24-rasp14-rasp24-rasp34_allfive_r1,8922,perf_20261002-150936_clu_vm14-vm24-rasp14-rasp24-rasp34_allfive_r1,0,444,1790953787450,0,1790953865490.617,104.157,5.866,1790953865600.807,OFFENSIVE,0.8641
vm1,312704,20261002-150936_clu_vm14-vm24-rasp14-rasp24-rasp34_allfive_r1,8939,perf_20261002-150936_clu_vm14-vm24-rasp14-rasp24-rasp34_allfive_r1,0,445,1790953787452,0,1790953865601.037,100.47,3.902,1790953865705.581,Normal,0.9526
vm1,312704,20261002-150936_clu_vm14-vm24-rasp14-rasp24-rasp34_allfive_r1,8942,perf_20261002-150936_clu_vm14-vm24-rasp14-rasp24-rasp34_allfive_r1,0,446,1790953787452,0,1790953865705.961,101.979,3.573,1790953865811.681,Normal,0.7603
vm1,312704,20261002-150936_clu_vm14-vm24-rasp14-rasp24-rasp34_allfive_r1,8995,perf_20261002-150936_clu_vm14-vm24-rasp14-rasp24-rasp34_allfive_r1,0,447,1790953787457,0,1790953865812.013,99.411,3.953,1790953865915.55,Normal,0.9478
vm1,312704,20261002-150936_clu_vm14-vm24-rasp14-rasp24-rasp34_allfive_r1,9002,perf_20261002-150936_clu_vm14-vm24-rasp14-rasp24-rasp34_allfive_r1,0,448,1790953787457,0,1790953865915.786,111.469,3.835,1790953866031.267,Normal,0.9596
vm1,312704,20261002-150936_clu_vm14-vm24-rasp14-rasp24-rasp34_allfive_r1,9018,perf_20261002-150936_clu_vm14-vm24-rasp14-rasp24-rasp34_allfive_r1,0,449,1790953787459,0,1790953866031.575,103.013,4.071,1790953866138.828,Normal,0.9619
vm1,312704,20261002-150936_clu_vm14-vm24-rasp14-rasp24-rasp34_allfive_r1,9032,perf_20261002-150936_clu_vm14-vm24-rasp14-rasp24-rasp34_allfive_r1,0,450,1790953787460,0,1790953866139.06,98.204,4.242,1790953866241.68,Normal,0.9023
vm1,312704,20261002-150936_clu_vm14-vm24-rasp14-rasp24-rasp34_allfive_r1,9040,perf_20261002-150936_clu_vm14-vm24-rasp14-rasp24-rasp34_allfive_r1,0,451,1790953787461,0,1790953866241.926,82.358,4.097,1790953866328.549,Normal,0.9516
vm1,312704,20261002-150936_clu_vm14-vm24-rasp14-rasp24-rasp34_allfive_r1,9043,perf_20261002-150936_clu_vm14-vm24-rasp14-rasp24-rasp34_allfive_r1,0,452,1790953787461,0,1790953866328.775,370.341,4.144,1790953866703.472,Normal,0.979
vm1,312704,20261002-150936_clu_vm14-vm24-rasp14-rasp24-rasp34_allfive_r1,9059,perf_20261002-150936_clu_vm14-vm24-rasp14-rasp24-rasp34_allfive_r1,0,453,1790953787462,0,1790953866703.694,147.409,6.743,1790953866858.017,Normal,0.9437
vm1,312704,20261002-150936_clu_vm14-vm24-rasp14-rasp24-rasp34_allfive_r1,9077,perf_20261002-150936_clu_vm14-vm24-rasp14-rasp24-rasp34_allfive_r1,0,454,1790953787464,0,1790953866858.426,86.354,4.08,1790953866949.034,Normal,0.9561
vm1,312704,20261002-150936_clu_vm14-vm24-rasp14-rasp24-rasp34_allfive_r1,9080,perf_20261002-150936_clu_vm14-vm24-rasp14-rasp24-rasp34_allfive_r1,0,455,1790953787464,0,1790953866949.257,90.29,3.649,1790953867043.365,Normal,0.9662
vm1,312704,20261002-150936_clu_vm14-vm24-rasp14-rasp24-rasp34_allfive_r1,9083,perf_20261002-150936_clu_vm14-vm24-rasp14-rasp24-rasp34_allfive_r1,0,456,1790953787464,0,1790953867043.6,77.594,3.798,1790953867125.162,Normal,0.9279
vm1,312704,20261002-150936_clu_vm14-vm24-rasp14-rasp24-rasp34_allfive_r1,9095,perf_20261002-150936_clu_vm14-vm24-rasp14-rasp24-rasp34_allfive_r1,0,457,1790953787466,0,1790953867125.389,109.21,3.426,1790953867238.196,Normal,0.977
vm1,312704,20261002-150936_clu_vm14-vm24-rasp14-rasp24-rasp34_allfive_r1,9165,perf_20261002-150936_clu_vm14-vm24-rasp14-rasp24-rasp34_allfive_r1,0,458,1790953787472,0,1790953867238.425,90.954,3.7,1790953867333.254,Normal,0.9209
vm1,312704,20261002-150936_clu_vm14-vm24-rasp14-rasp24-rasp34_allfive_r1,9187,perf_20261002-150936_clu_vm14-vm24-rasp14-rasp24-rasp34_allfive_r1,0,459,1790953787474,0,1790953867333.475,84.564,4.251,1790953867422.467,Normal,0.9662
vm1,312704,20261002-150936_clu_vm14-vm24-rasp14-rasp24-rasp34_allfive_r1,9246,perf_20261002-150936_clu_vm14-vm24-rasp14-rasp24-rasp34_allfive_r1,0,460,1790953787479,0,1790953867422.694,79.72,3.958,1790953867506.54,Normal,0.9302
vm1,312704,20261002-150936_clu_vm14-vm24-rasp14-rasp24-rasp34_allfive_r1,9283,perf_20261002-150936_clu_vm14-vm24-rasp14-rasp24-rasp34_allfive_r1,0,461,1790953787482,0,1790953867506.782,117.852,3.826,1790953867628.635,Normal,0.9415
vm1,312704,20261002-150936_clu_vm14-vm24-rasp14-rasp24-rasp34_allfive_r1,9295,perf_20261002-150936_clu_vm14-vm24-rasp14-rasp24-rasp34_allfive_r1,0,462,1790953787483,0,1790953867628.867,85.907,3.594,1790953867718.542,Normal,0.901
vm1,312704,20261002-150936_clu_vm14-vm24-rasp14-rasp24-rasp34_allfive_r1,9343,perf_20261002-150936_clu_vm14-vm24-rasp14-rasp24-rasp34_allfive_r1,0,463,1790953787488,0,1790953867718.77,150.253,4.387,1790953867873.579,Normal,0.9811
vm1,312704,20261002-150936_clu_vm14-vm24-rasp14-rasp24-rasp34_allfive_r1,9426,perf_20261002-150936_clu_vm14-vm24-rasp14-rasp24-rasp34_allfive_r1,0,464,1790953787495,0,1790953867873.842,108.29,4.297,1790953867986.644,Normal,0.9048
vm1,312704,20261002-150936_clu_vm14-vm24-rasp14-rasp24-rasp34_allfive_r1,9448,perf_20261002-150936_clu_vm14-vm24-rasp14-rasp24-rasp34_allfive_r1,0,465,1790953787497,0,1790953867986.948,104.292,4.343,1790953868095.904,Normal,0.9119
vm1,312704,20261002-150936_clu_vm14-vm24-rasp14-rasp24-rasp34_allfive_r1,9470,perf_20261002-150936_clu_vm14-vm24-rasp14-rasp24-rasp34_allfive_r1,0,466,1790953787499,0,1790953868096.174,314.907,5.463,1790953868416.735,Normal,0.9419
vm1,312704,20261002-150936_clu_vm14-vm24-rasp14-rasp24-rasp34_allfive_r1,9563,perf_20261002-150936_clu_vm14-vm24-rasp14-rasp24-rasp34_allfive_r1,0,467,1790953787508,0,1790953868417.002,105.377,4.034,1790953868526.589,Normal,0.9439
vm1,312704,20261002-150936_clu_vm14-vm24-rasp14-rasp24-rasp34_allfive_r1,9618,perf_20261002-150936_clu_vm14-vm24-rasp14-rasp24-rasp34_allfive_r1,0,468,1790953787512,0,1790953868526.822,107.584,4.152,1790953868638.741,Normal,0.8159
vm1,312704,20261002-150936_clu_vm14-vm24-rasp14-rasp24-rasp34_allfive_r1,9623,perf_20261002-150936_clu_vm14-vm24-rasp14-rasp24-rasp34_allfive_r1,0,469,1790953787513,0,1790953868639.06,88.385,4.205,1790953868731.862,Normal,0.9475
vm1,312704,20261002-150936_clu_vm14-vm24-rasp14-rasp24-rasp34_allfive_r1,9625,perf_20261002-150936_clu_vm14-vm24-rasp14-rasp24-rasp34_allfive_r1,0,470,1790953787513,0,1790953868732.092,91.672,6.641,1790953868830.589,Normal,0.9764
vm1,312704,20261002-150936_clu_vm14-vm24-rasp14-rasp24-rasp34_allfive_r1,9676,perf_20261002-150936_clu_vm14-vm24-rasp14-rasp24-rasp34_allfive_r1,0,471,1790953787518,0,1790953868830.953,105.57,4.578,1790953868941.29,Normal,0.9519
vm1,312704,20261002-150936_clu_vm14-vm24-rasp14-rasp24-rasp34_allfive_r1,9724,perf_20261002-150936_clu_vm14-vm24-rasp14-rasp24-rasp34_allfive_r1,0,472,1790953787522,0,1790953868941.556,96.692,4.131,1790953869042.581,Normal,0.9284
vm1,312704,20261002-150936_clu_vm14-vm24-rasp14-rasp24-rasp34_allfive_r1,9740,perf_20261002-150936_clu_vm14-vm24-rasp14-rasp24-rasp34_allfive_r1,0,473,1790953787523,0,1790953869042.842,87.821,3.791,1790953869134.623,Normal,0.9602
vm1,312704,20261002-150936_clu_vm14-vm24-rasp14-rasp24-rasp34_allfive_r1,9748,perf_20261002-150936_clu_vm14-vm24-rasp14-rasp24-rasp34_allfive_r1,0,474,1790953787524,0,1790953869134.864,85.26,3.76,1790953869224.27,Normal,0.901
vm1,312704,20261002-150936_clu_vm14-vm24-rasp14-rasp24-rasp34_allfive_r1,9781,perf_20261002-150936_clu_vm14-vm24-rasp14-rasp24-rasp34_allfive_r1,0,475,1790953787527,0,1790953869224.523,107.024,4.08,1790953869335.818,Normal,0.9476
vm1,312704,20261002-150936_clu_vm14-vm24-rasp14-rasp24-rasp34_allfive_r1,9804,perf_20261002-150936_clu_vm14-vm24-rasp14-rasp24-rasp34_allfive_r1,0,476,1790953787529,0,1790953869336.076,245.833,3.874,1790953869585.984,Normal,0.9753
vm1,312704,20261002-150936_clu_vm14-vm24-rasp14-rasp24-rasp34_allfive_r1,9823,perf_20261002-150936_clu_vm14-vm24-rasp14-rasp24-rasp34_allfive_r1,0,477,1790953787531,0,1790953869586.258,310.24,4.228,1790953869900.926,Normal,0.961
vm1,312704,20261002-150936_clu_vm14-vm24-rasp14-rasp24-rasp34_allfive_r1,9840,perf_20261002-150936_clu_vm14-vm24-rasp14-rasp24-rasp34_allfive_r1,0,478,1790953787532,0,1790953869901.229,92.176,3.848,1790953869997.446,Normal,0.9656
vm1,312704,20261002-150936_clu_vm14-vm24-rasp14-rasp24-rasp34_allfive_r1,9865,perf_20261002-150936_clu_vm14-vm24-rasp14-rasp24-rasp34_allfive_r1,0,479,1790953787534,0,1790953869997.747,123.972,4.258,1790953870126.253,Normal,0.9325
vm1,312704,20261002-150936_clu_vm14-vm24-rasp14-rasp24-rasp34_allfive_r1,9904,perf_20261002-150936_clu_vm14-vm24-rasp14-rasp24-rasp34_allfive_r1,0,480,1790953787538,0,1790953870126.524,101.804,4.469,1790953870232.99,Normal,0.9714
vm1,312704,20261002-150936_clu_vm14-vm24-rasp14-rasp24-rasp34_allfive_r1,9906,perf_20261002-150936_clu_vm14-vm24-rasp14-rasp24-rasp34_allfive_r1,0,481,1790953787538,0,1790953870233.241,97.772,4.362,1790953870335.554,Normal,0.9511
vm1,312704,20261002-150936_clu_vm14-vm24-rasp14-rasp24-rasp34_allfive_r1,9919,perf_20261002-150936_clu_vm14-vm24-rasp14-rasp24-rasp34_allfive_r1,0,482,1790953787539,0,1790953870335.837,92.818,5.562,1790953870434.409,Normal,0.7008
vm1,312704,20261002-150936_clu_vm14-vm24-rasp14-rasp24-rasp34_allfive_r1,9944,perf_20261002-150936_clu_vm14-vm24-rasp14-rasp24-rasp34_allfive_r1,0,483,1790953787542,0,1790953870434.68,94.306,4.349,1790953870533.514,Normal,0.9478
vm1,312704,20261002-150936_clu_vm14-vm24-rasp14-rasp24-rasp34_allfive_r1,9961,perf_20261002-150936_clu_vm14-vm24-rasp14-rasp24-rasp34_allfive_r1,0,484,1790953787543,0,1790953870533.789,83.077,4.343,1790953870621.392,Normal,0.962
vm1,312704,20261002-150936_clu_vm14-vm24-rasp14-rasp24-rasp34_allfive_r1,9970,perf_20261002-150936_clu_vm14-vm24-rasp14-rasp24-rasp34_allfive_r1,0,485,1790953787544,0,1790953870621.64,125.583,4.353,1790953870751.78,Normal,0.8472
vm1,312704,20261002-150936_clu_vm14-vm24-rasp14-rasp24-rasp34_allfive_r1,9977,perf_20261002-150936_clu_vm14-vm24-rasp14-rasp24-rasp34_allfive_r1,0,486,1790953787545,0,1790953870752.036,88.443,4.21,1790953870844.89,Normal,0.9394
vm1,312704,20261002-150936_clu_vm14-vm24-rasp14-rasp24-rasp34_allfive_r1,16,perf_20261002-150936_clu_vm14-vm24-rasp14-rasp24-rasp34_allfive_r1,1,0,1790953785262,0,1790953870845.13,106.314,4.133,1790953870955.761,Normal,0.9747
vm1,312704,20261002-150936_clu_vm14-vm24-rasp14-rasp24-rasp34_allfive_r1,46,perf_20261002-150936_clu_vm14-vm24-rasp14-rasp24-rasp34_allfive_r1,1,1,1790953785270,0,1790953870955.999,122.888,4.057,1790953871083.131,Normal,0.8951
vm1,312704,20261002-150936_clu_vm14-vm24-rasp14-rasp24-rasp34_allfive_r1,78,perf_20261002-150936_clu_vm14-vm24-rasp14-rasp24-rasp34_allfive_r1,1,2,1790953785277,0,1790953871083.378,89.009,4.39,1790953871176.963,Normal,0.9429
vm1,312704,20261002-150936_clu_vm14-vm24-rasp14-rasp24-rasp34_allfive_r1,107,perf_20261002-150936_clu_vm14-vm24-rasp14-rasp24-rasp34_allfive_r1,1,3,1790953785283,0,1790953871177.213,89.929,3.742,1790953871271.06,Normal,0.9703
vm1,312704,20261002-150936_clu_vm14-vm24-rasp14-rasp24-rasp34_allfive_r1,114,perf_20261002-150936_clu_vm14-vm24-rasp14-rasp24-rasp34_allfive_r1,1,4,1790953785289,0,1790953871271.286,70.467,3.654,1790953871345.668,Normal,0.9496
vm1,312704,20261002-150936_clu_vm14-vm24-rasp14-rasp24-rasp34_allfive_r1,127,perf_20261002-150936_clu_vm14-vm24-rasp14-rasp24-rasp34_allfive_r1,1,5,1790953785299,0,1790953871345.949,82.658,4.212,1790953871433.006,Normal,0.9559
vm1,312704,20261002-150936_clu_vm14-vm24-rasp14-rasp24-rasp34_allfive_r1,141,perf_20261002-150936_clu_vm14-vm24-rasp14-rasp24-rasp34_allfive_r1,1,6,1790953785315,0,1790953871433.232,66.55,3.734,1790953871503.699,Normal,0.8146
vm1,312704,20261002-150936_clu_vm14-vm24-rasp14-rasp24-rasp34_allfive_r1,153,perf_20261002-150936_clu_vm14-vm24-rasp14-rasp24-rasp34_allfive_r1,1,7,1790953785317,0,1790953871503.931,80.058,3.67,1790953871587.839,Normal,0.8867
vm1,312704,20261002-150936_clu_vm14-vm24-rasp14-rasp24-rasp34_allfive_r1,174,perf_20261002-150936_clu_vm14-vm24-rasp14-rasp24-rasp34_allfive_r1,1,8,1790953785327,0,1790953871588.066,72.267,3.44,1790953871663.957,Normal,0.9135
vm1,312704,20261002-150936_clu_vm14-vm24-rasp14-rasp24-rasp34_allfive_r1,180,perf_20261002-150936_clu_vm14-vm24-rasp14-rasp24-rasp34_allfive_r1,1,9,1790953785336,0,1790953871664.195,74.549,3.777,1790953871742.696,Normal,0.6954
vm1,312704,20261002-150936_clu_vm14-vm24-rasp14-rasp24-rasp34_allfive_r1,191,perf_20261002-150936_clu_vm14-vm24-rasp14-rasp24-rasp34_allfive_r1,1,10,1790953785345,0,1790953871742.921,65.382,4.216,1790953871812.701,Normal,0.9336
vm1,312704,20261002-150936_clu_vm14-vm24-rasp14-rasp24-rasp34_allfive_r1,210,perf_20261002-150936_clu_vm14-vm24-rasp14-rasp24-rasp34_allfive_r1,1,11,1790953785354,0,1790953871812.935,93.452,4.751,1790953871911.31,Normal,0.958
vm1,312704,20261002-150936_clu_vm14-vm24-rasp14-rasp24-rasp34_allfive_r1,255,perf_20261002-150936_clu_vm14-vm24-rasp14-rasp24-rasp34_allfive_r1,1,12,1790953785369,0,1790953871911.548,87.585,4.898,1790953872004.213,Normal,0.7941
